id,type,inn,half,scoreA,scoreB,ball,strk,out,b1,b2,b3,b1Idx,b2Idx,b3Idx,pCnt,pSec,pName,pHand,pType,pPow,spdK,zoneX,zoneY,startX,startY,targetX,targetY,zDist,pitchAngle,pOver,pSide,pUnder,call,manual,sH,sV,gyro,plx,plz,bIdx,order1Name,order2Name,order3Name,order4Name,order5Name,order6Name,order7Name,order8Name,order9Name,bPos,bZone,bName,bHCm,batLen,batCen,batType,bFps,bOS,bVR,bSwing,hSec,rotS,rotL,shS,lgS,prepS,gripPen,batSpd,ev,ldeg,sdeg,launchPosX,launchPosY,launchPosZ,hPos,buntGrip,handDist,angVeloX,angVeloY,angVeloZ,ltSec,lx,lz,cSec,cPos,cx,cy,cz,1BSafe,tag,cpSec,bTo1Sec,bTo2Sec,bTo3Sec,bToHSec,r1To2Sec,r1To3Sec,r1ToHSec,r2To3Sec,r2ToHSec,r3ToHSec,r1LeaveSec,r2LeaveSec,r3LeaveSec,out1Sec,out1BatterIndex,out1PrevBase,out1Code,out1Ass,out2Sec,out2BatterIndex,out2PrevBase,out2Code,out2Ass,out3Sec,out3BatterIndex,out3PrevBase,out3Code,out3Ass,ball1Sec,ball1Pos,ball2Sec,ball2Pos,ball3Sec,ball3Pos,ballHSec,ballHPos,PitchPPosX,PitchPPosZ,PitchCPosX,PitchCPosZ,Pitch1BPosX,Pitch1BPosZ,Pitch2BPosX,Pitch2BPosZ,Pitch3BPosX,Pitch3BPosZ,PitchSSPosX,PitchSSPosZ,PitchLFPosX,PitchLFPosZ,PitchCFPosX,PitchCFPosZ,PitchRFPosX,PitchRFPosZ,PPosX,PPosY,PThrSpd,CName,CPosX,CPosY,CThrSpd,1BName,1BPosX,1BPosY,1BThrSpd,2BName,2BPosX,2BPosY,2BThrSpd,3BName,3BPosX,3BPosY,3BThrSpd,SSName,SSPosX,SSPosY,SSThrSpd,LFName,LFPosX,LFPosY,LFThrSpd,CFName,CFPosX,CFPosY,CFThrSpd,RFName,RFPosX,RFPosY,RFThrSpd,PGetSec,PGetX,PGetZ,CGetSec,CGetX,CGetZ,1BGetSec,1BGetX,1BGetZ,2BGetSec,2BGetX,2BGetZ,3BGetSec,3BGetX,3BGetZ,SSGetSec,SSGetX,SSGetZ,LFGetSec,LFGetX,LFGetZ,CFGetSec,CFGetX,CFGetZ,RFGetSec,RFGetX,RFGetZ,PThrSec,PThrX,PThrZ,CThrSec,CThrX,CThrZ,1BThrSec,1BThrX,1BThrZ,2BThrSec,2BThrX,2BThrZ,3BThrSec,3BThrX,3BThrZ,SSThrSec,SSThrX,SSThrZ,LFThrSec,LFThrX,LFThrZ,CFThrSec,CFThrX,CFThrZ,RFThrSec,RFThrX,RFThrZ,errPosDelta,result,swPreDeg,swTargetDeg,swApproachDeg,swCorr,swSource,swProximity,swVRawDeg,swVAdjustedDeg,swVMotionDeg,swVClosestDeg,swVYShrink,swGeometryDeg,balk,cPlr,sb2Sec,sb3Sec,sbhSec,ass,remarks
1,,1,1,0,0,0,0,0,0,0,0,255,255,255,0,1041.253,"shuwaYNZ",R,3,84,109,0.8,-0.461,1.251,1.613,1.182,1.332,-36.586,49.335,22,78,0,2,"",-465.924,0,2.736,0,0,0,"mochi_2929","Pring__","-Alta-","ame_3","alcohol500","紅さかな","Pugeuk","magimari","Rite_",0,L,"mochi_2929",190,96.482,0.468,5,75,W,Y,1,1042.422,116,48,59,50,60,,135,112,101.525,51.805,0.233,0.915,-21.224,0.85,0,0.923,273.221,-382.753,-372.627,,,,,,,,,0,0,,,,,,,,,,,,,,,,,,,,,,,,,,,,,,,,,,,,,,0.615,-37.479,0.041,-17.408,-20.668,-46.01,-13.771,-64.681,22.735,-46.849,16.262,-61.91,49.454,-103.94,0.558,-114.6,-45.176,-97.089,0.348,-37.338,,"_Chun",0.027,-17.419,,"檸檬の残骸",-20.915,-46.296,,"わかなで",-14.426,-66.913,,"MODECO",22.628,-46.899,,"まととまと",16.309,-61.865,,"「론구」",49.466,-103.942,,"Mr․D VRC",0.565,-114.59,,"ゆっち一",-45.173,-97.08,,,,,,,,,,,,,,,,,,,,,,,,,,,,,,,,,,,,,,,,,,,,,,,,,,,,,,,,"",3,70.657,49.953,10.317,0.624,0,1,78.475,78.475,-5.28,78.475,0,140.155,0,"",,,,0,""
2,,1,1,0,0,0,1,0,0,0,0,255,255,255,1,1065.072,"shuwaYNZ",R,3,74,101,-2.93,0.187,0.843,1.773,-0.346,1.747,-36.586,46.627,69,31,0,2,"",-459.091,0,-1.181,0,0,0,"=","=","=","=","=","=","=","=","=",0,L,"mochi_2929",190,96.482,0.468,3,74,W,Y,1,1066.274,255,73,112,116,45,,145,91,50.889,-22.407,-0.424,1.174,-21.345,-0.77,0,0.805,27.838,162.878,-366.236,,,,1071.825,5,22.767,3.554,-77.532,0,0,,1071.227,,,,,,,,,,,,,1071.778,0,,454,0,,,,,,,,,,,,,,,,,,,0.332,-37.213,-0.028,-17.39,-19.765,-44.473,-12.691,-65.298,22.216,-46.374,16.916,-62.73,49.85,-103.797,1.286,-113.863,-48.197,-96.285,0.542,-36.924,,"_Chun",-0.106,-17.435,,"檸檬の残骸",-20.099,-45.125,,"わかなで",-13.591,-68.44,,"MODECO",22.173,-46.312,,"まととまと",16.867,-62.76,88,"「론구」",49.859,-103.789,,"Mr․D VRC",1.288,-113.862,,"ゆっち一",-48.201,-96.133,,1076.091,4.225,-46.764,,,,,,,,,,,,,1071.789,23.331,-77.939,,,,,,,,,,,,,,,,,,,,,,,,,1074.511,19.972,-72.005,,,,,,,,,,"",1,,,,,,,,,,,,,0,"まととまと",,,,96,""
3,,1,1,0,0,0,0,1,0,0,0,255,255,255,2,1094.55,"shuwaYNZ",R,3,80,105,0.877,-0.184,1.296,1.646,1.283,1.511,-36.586,56.233,27,73,0,0,"",-477.273,0,5.187,0,0,1,"=","=","=","=","=","=","=","=","=",1,L,"Pring__",190,93.476,0.448,,74,W,Y,0,,,,,,,,,,,,,,,,,,,,,,,,,,,,,0,0,,,,,,,,,,,,,,,,,,,,,,,,,,,,,,,,,,,,,,0.582,-37.259,-0.001,-17.47,-19.632,-44.932,-13.163,-65.257,21.509,-45.431,16.958,-62.116,49.416,-103.718,0.489,-114.288,-44.27,-99.654,,,,"",,,,"",,,,"",,,,"",,,,"",,,,"",,,,"",,,,"",,,,1098.575,0.096,-37.097,,,,,,,,,,,,,,,,,,,,,,,,,,,,,,,,,,,,,,,,,,,,,,,,,,,,"",0,,,,,,,,,,,,,0,"",,,,0,""
4,,1,1,0,0,0,1,1,0,0,0,255,255,255,3,1167.305,"shuwaYNZ",R,8,71,107,1.561,-0.774,1.016,1.51,0.359,1.137,-36.586,22.444,0,100,0,4,"",146.682,0,30.306,0,0,1,"=","=","=","=","=","=","=","=","=",1,L,"Pring__",190,93.476,0.448,,74,W,Y,1,,,,,,,,,,,,,,,,,,,,,,,,,,,,,0,0,,,,,,,,,,,,,,,,,,,,,,,,,,,,,,,,,,,,,,0.568,-37.117,0.066,-17.195,-20.408,-45.548,-9.995,-65.841,21.754,-46.091,17.082,-61.496,49.425,-104.065,0.964,-115.817,-45.159,-97.471,,,,"",,,,"",,,,"",,,,"",,,,"",,,,"",,,,"",,,,"",,,,1171.234,0.541,-37.315,,,,,,,,,,,,,,,,,,,,,,,,,,,,,,,,,,,,,,,,,,,,,,,,,,,,"",0,,,,,,,,,,,,,0,"",,,,0,""
5,,1,1,0,0,0,2,1,0,0,0,255,255,255,4,1186.785,"shuwaYNZ",R,26,89,140,-1.136,1.155,0.777,1.916,-0.573,2.192,-36.586,24.118,79,21,0,2,"",40.352,-158.725,25.252,0,0,1,"=","=","=","=","=","=","=","=","=",1,L,"Pring__",190,93.476,0.448,5,74,W,Y,1,1187.867,213,138,83,96,60,,145,106,95.657,-50.468,-0.241,1.437,-19.866,-0.17,0,0.374,535.218,-1.892,238.272,1195.271,-14.317,-2.542,,,,,,0,0,,,,,,,,,,,,,,,,,,,,,,,,,,,,,,,,,,,,,,0.453,-37.282,-0.18,-17.253,-19.997,-45.116,-12.879,-65.299,21.845,-46.173,17.056,-61.531,49.495,-104.273,0.813,-116.423,-43.521,-104.363,0.41,-36.835,,"_Chun",-0.174,-17.336,,"檸檬の残骸",-20.24,-45.341,,"わかなで",-13.879,-67.344,,"MODECO",21.671,-45.958,,"まととまと",17.411,-62.676,,"「론구」",49.495,-104.257,,"Mr․D VRC",0.797,-116.411,,"ゆっち一",-43.673,-104.428,,,,,,,,,,,,,,,,,,,,,,,,,,,,,,,,,,,,,,,,,,,,,,,,,,,,,,,,"",3,-47.167,-45.436,-4.179,0,1,0.771,86.813,84.343,-4.408,54.606,0.075,-80.677,0,"",,,,0,""
6,,1,1,0,0,0,2,1,0,0,0,255,255,255,5,1214.105,"shuwaYNZ",R,0,78,115,1.012,-0.289,1.076,1.656,0.408,1.428,-36.586,40.257,40,60,0,0,"",0,0,6.284,0,0,1,"=","=","=","=","=","=","=","=","=",1,L,"Pring__",190,93.476,0.448,,74,W,Y,1,,,,,,,,,,,,,,,,,,,,,,,,,,,,,0,0,,,,,,,,,,,,,,,1216.863,1,,578,0,,,,,,,,,,,,,,,,,,,0.533,-37.211,0.288,-17.215,-19.821,-43.671,-13.666,-65.256,21.387,-46.341,16.666,-62.486,48.841,-104.043,1.098,-115.013,-45.865,-98.597,,,,"",,,,"",,,,"",,,,"",,,,"",,,,"",,,,"",,,,"",,,,,,,,,,,,,,,,,,,,,,,,,,,,,,,,,,,,,,,,,,,,,,,,,,,,,,,,,,"",0,,,,,,,,,,,,,0,"",,,,0,""
7,,1,1,0,0,0,0,2,0,0,0,255,255,255,6,1237.293,"shuwaYNZ",R,3,70,98,0.183,0.05,1.234,1.723,0.865,1.664,-36.586,51.051,77,23,0,0,"",-445.455,0,-2.242,0,0,2,"=","=","=","=","=","=","=","=","=",2,L,"-Alta-",189.8,86,0.499,,70,W,Y,0,,,,,,,,,,,,,,,,,,,,,,,,,,,,,0,0,,,,,,,,,,,,,,,,,,,,,,,,,,,,,,,,,,,,,,0.565,-37.204,0.16,-17.429,-20.721,-44.589,-13.324,-65.251,21.921,-45.7,17.058,-62.058,48.82,-104.051,1.719,-114.362,-41.92,-101.685,,,,"",,,,"",,,,"",,,,"",,,,"",,,,"",,,,"",,,,"",,,,,,,,,,,,,,,,,,,,,,,,,,,,,,,,,,,,,,,,,,,,,,,,,,,,,,,,,,"",0,,,,,,,,,,,,,0,"",,,,0,""
8,,1,1,0,0,0,1,2,0,0,0,255,255,255,7,1255.614,"shuwaYNZ",R,3,75,114,-2.313,-0.88,0.85,1.568,-0.234,1.063,-36.586,19.994,51,49,0,1,"",-450.588,0,-5.093,0,0,2,"=","=","=","=","=","=","=","=","=",2,L,"-Alta-",189.8,86,0.499,,70,W,Y,0,,,,,,,,,,,,,,,,,,,,,,,,,,,,,0,0,,,,,,,,,,,,,,,,,,,,,,,,,,,,,,,,,,,,,,0.471,-37.203,-0.093,-17.182,-20.058,-45.388,-13.143,-65.284,22.389,-45.85,16.381,-62.859,48.845,-104.042,1.682,-114.521,-46.66,-97.459,,,,"",,,,"",,,,"",,,,"",,,,"",,,,"",,,,"",,,,"",,,,,,,,,,,,,,,,,,,,,,,,,,,,,,,,,,,,,,,,,,,,,,,,,,,,,,,,,,"",0,,,,,,,,,,,,,0,"",,,,0,""
9,,1,1,0,0,1,1,2,0,0,0,255,255,255,8,1274.391,"shuwaYNZ",R,27,87,140,-1.309,0.154,0.776,1.735,-0.579,1.606,-36.586,12.284,37,63,0,0,"",-12.034,-111.679,17.319,0,0,2,"=","=","=","=","=","=","=","=","=",2,L,"-Alta-",189.8,86,0.499,,70,W,Y,1,,,,,,,,,,,,,,,,,,,,,,,,,,,,,0,0,,,,,,,,,,,,,,,,,,,,,,,,,,,,,,,,,,,,,,0.439,-37.351,-0.147,-17.197,-20.194,-45.472,-13.207,-64.913,22.441,-45.995,16.547,-62.768,48.83,-104.051,1.677,-114.425,-43.399,-96.016,,,,"",,,,"",,,,"",,,,"",,,,"",,,,"",,,,"",,,,"",,,,,,,,,,,,,,,,,,,,,,,,,,,,,,,,,,,,,,,,,,,,,,,,,,,,,,,,,,"",0,,,,,,,,,,,,,0,"",,,,0,""
10,,1,1,0,0,1,2,2,0,0,0,255,255,255,9,1293.798,"shuwaYNZ",R,0,58,100,1.775,-0.238,1.1,1.671,0.739,1.478,-36.586,57.69,82,18,0,2,"",0,0,23.275,0,0,2,"=","=","=","=","=","=","=","=","=",2,L,"-Alta-",189.8,86,0.499,5,70,W,Y,1,1294.851,174,74,132,110,48,,145,109,25.94,7.359,0.316,0.904,-20.17,0.92,0,0.488,137.035,-65.122,52.58,1299.662,-10.672,-112.651,1299.854,7,-10.302,2.567,-109.083,0,0,,1300.749,,,,,,,,,,,,,1299.781,2,,456,0,,,,,,,,,,,,,,,,,,,0.558,-37.24,0.292,-17.278,-20.229,-45.548,-10.931,-66.107,22.304,-45.925,16.372,-62.924,48.825,-104.053,1.707,-114.473,-43.372,-96.023,0.859,-37.022,,"_Chun",0.293,-17.283,,"檸檬の残骸",-20.342,-45.948,,"わかなで",-10.59,-68.5,,"MODECO",22.119,-45.675,,"まととまと",16.414,-62.833,,"「론구」",48.826,-104.035,,"Mr․D VRC",1.716,-114.462,95,"ゆっち一",-43.373,-96.015,,,,,,,,,,,,,,,,,,,,,,,1299.794,-10.472,-109.748,,,,,,,,,,,,,,,,,,,,,,,,,1301.149,-9.438,-104.041,,,,"",1,10.096,10.096,8.823,0,2,0.057,82.658,35.892,-2.108,87.349,0.069,-36.548,0,"Mr․D VRC",,,,128,""
11,SIDE,1,1,0,0,0,0,2,0,0,0,255,255,255,,1302.73,,,,,,,,,,,,,,,,,,,,,,,,3,"=","=","=","=","=","=","=","=","=",,,,,,,,,,,,,,,,,,,,,,,,,,,,,,,,,,,,,,,0,0,,,,,,,,,,,,,,,,,,,,,,,,,,,,,,,,,,,,,,,,,,,,,,,,,,,,,,,,,,,,,,,,,,,,,,,,,,,,,,,,,,,,,,,,,,,,,,,,,,,,,,,,,,,,,,,,,,,,,,,,,,,,,,,,,,,,,,,,,,,,,,,,,"",0,,,,,,,,,,,,,0,"",,,,0,""
12,,1,0,0,0,0,0,0,0,0,0,255,255,255,0,1443.975,"mochi_2929",R,14,76,114,1.389,-0.885,0.211,1.656,0.171,1.466,-36.434,22.274,100,0,0,0,"",363.359,343.468,-36.349,0.442,-17.042,0,"わかなで","ゆっち一","_Chun","MODECO","「론구」","shuwaYNZ","まととまと","Mr․D VRC","檸檬の残骸",3,L,"わかなで",160,93.807,0.2,,66,W,Y,0,,,,,,,,,,,,,,,,,,,,,,,,,,,,,0,0,,,,,,,,,,,,,,,,,,,,,,,,,,,,,,,,,,,,,,-0.125,-37.235,0.115,-17.58,-20.198,-45.689,-11.76,-61.852,18.642,-44.623,12.086,-57.511,54.53,-101.723,-0.652,-114.82,-41.509,-94.213,,,,"",,,,"",,,,"",,,,"",,,,"",,,,"",,,,"",,,,"",,,,,,,,,,,,,,,,,,,,,,,,,,,,,,,,,,,,,,,,,,,,,,,,,,,,,,,,,,"",0,,,,,,,,,,,,,0,"",,,,0,""
13,,1,0,0,0,0,1,0,0,0,0,255,255,255,1,1464.541,"mochi_2929",R,26,85,138,0.399,0.501,0.179,1.695,-0.097,1.652,-36.434,24.366,100,0,0,0,"",195.813,-200,-4.313,0,0,0,"=","=","=","=","=","=","=","=","=",3,L,"わかなで",160,93.807,0.2,,66,W,Y,1,,,,,,,,,,,,,,,,,,,,,,,,,,,,,0,0,,,,,,,,,,,,,,,,,,,,,,,,,,,,,,,,,,,,,,-0.117,-37.241,0.171,-17.448,-21.016,-46.567,-11.68,-61.153,18.024,-44.222,12.203,-57.568,52.544,-99.265,-0.557,-115.055,-41.807,-94.526,,,,"",,,,"",,,,"",,,,"",,,,"",,,,"",,,,"",,,,"",,,,,,,,,,,,,,,,,,,,,,,,,,,,,,,,,,,,,,,,,,,,,,,,,,,,,,,,,,"",0,,,,,,,,,,,,,0,"",,,,0,""
14,,1,0,0,0,0,2,0,0,0,0,255,255,255,2,1481.332,"mochi_2929",R,10,82,123,0.316,-1.218,0.232,1.645,0.147,1.459,-36.434,24.388,100,0,0,4,"",-10.049,400,-27.148,0,0,0,"=","=","=","=","=","=","=","=","=",3,L,"わかなで",160,93.807,0.2,,66,W,Y,1,,,,,,,,,,,,,,,,,,,,,,,,,,,,,0,0,,,,,,,,,,,,,,,1484.025,0,,578,0,,,,,,,,,,,,,,,,,1483.817,1,-0.1,-37.25,0.217,-17.486,-21.021,-45.676,-11.877,-59.888,17.721,-43.898,12.161,-57.78,53.002,-99.112,-0.549,-115.114,-43.149,-93.534,,,,"",,,,"",,,,"",,,,"",,,,"",,,,"",,,,"",,,,"",,,,,,,,,,,,,,,,,,,,,,,,,,,,,,,,,,,,,,,,,,,,,,,,,,,,,,,,,,"",0,,,,,,,,,,,,,0,"",,,,0,""
15,,1,0,0,0,0,0,1,0,0,0,255,255,255,3,1504.985,"mochi_2929",R,26,84,136,1.605,0.038,0.317,1.633,0.545,1.443,-36.434,30.58,100,0,0,1,"",121.627,-200,-6.133,0,0,1,"=","=","=","=","=","=","=","=","=",8,L,"ゆっち一",181.4,84,0.401,,65,W,Y,0,,,,,,,,,,,,,,,,,,,,,,,,,,,,,0,0,,,,,,,,,,,,,,,,,,,,,,,,,,,,,,,,,,,,,,-0.1,-37.206,0.064,-17.483,-21.937,-48.267,-12.248,-63.538,18.041,-44.147,13.023,-61.761,53.834,-101.205,-1.41,-120.354,-49.049,-97.718,,,,"",,,,"",,,,"",,,,"",,,,"",,,,"",,,,"",,,,"",,,,,,,,,,,,,,,,,,,,,,,,,,,,,,,,,,,,,,,,,,,,,,,,,,,,,,,,,,"",0,,,,,,,,,,,,,0,"",,,,0,""
16,,1,0,0,0,1,0,1,0,0,0,255,255,255,4,1518.672,"mochi_2929",R,26,92,140,-1.194,-1.523,0.052,1.36,-0.69,0.517,-36.434,7.321,55,45,0,1,"",126.151,-200,-19.911,-0.245,-15.576,1,"=","=","=","=","=","=","=","=","=",8,L,"ゆっち一",181.4,84,0.401,,65,W,Y,0,,,,,,,,,,,,,,,,,,,,,,,,,,,,,0,0,,,,,,,,,,,,,,,,,,,,,,,,,,,,,,,,,,,,,,-0.077,-37.173,0.051,-17.492,-21.184,-47.583,-12.265,-63.87,17.591,-43.568,13.463,-63.596,53.848,-101.242,-0.75,-120.221,-46.465,-97.068,,,,"",,,,"",,,,"",,,,"",,,,"",,,,"",,,,"",,,,"",,,,,,,,,,,,,,,,,,,,,,,,,,,,,,,,,,,,,,,,,,,,,,,,,,,,,,,,,,"",0,,,,,,,,,,,,,0,"",,,,0,""
17,,1,0,0,0,2,0,1,0,0,0,255,255,255,5,1534.605,"mochi_2929",R,13,77,115,0.414,-1.014,0.38,1.618,0.836,1.393,-36.434,28.909,100,0,0,2,"",-390.434,312.348,-4.081,0,0,1,"=","=","=","=","=","=","=","=","=",8,L,"ゆっち一",181.4,84,0.401,5,65,W,Y,1,1535.659,217,111,85,99,35,,145,109,22.507,-59.828,0.034,0.522,-19.662,0.9,0,0.344,279.048,-277.199,252.336,,,,,,,,,0,0,,,,,,,,,,,,,,,,,,,,,,,,,,,,,,,,,,,,,,-0.003,-37.292,0.063,-17.493,-21.497,-47.162,-13.175,-63.73,17.478,-43.703,13.482,-63.713,53.924,-101.27,-0.773,-120.23,-48.892,-97.106,0.435,-37.367,,"Pring__",0.056,-17.524,,"-Alta-",-21.225,-47.217,,"Rite_",-13.118,-63.669,,"magimari",17.357,-43.548,,"Pugeuk",13.48,-63.526,,"ame_3",53.918,-101.267,,"紅さかな",-0.718,-120.238,,"alcohol500",-48.552,-96.883,,,,,,,,,,,,,,,,,,,,,,,,,,,,,,,,,,,,,,,,,,,,,,,,,,,,,,,,"",3,-58.265,-54.635,-14.026,0.399,1,0.717,36.413,22.507,48.771,58.989,0.027,-89.076,0,"",,,,0,""
18,,1,0,0,0,2,1,1,0,0,0,255,255,255,6,1552.835,"mochi_2929",R,2,75,113,-2.705,1.174,0.049,1.848,-0.488,1.971,-36.434,37.673,100,0,0,1,"",-390.434,-312.348,-32.51,-2.883,-5.357,1,"=","=","=","=","=","=","=","=","=",8,L,"ゆっち一",181.4,84,0.401,,65,W,Y,0,,,,,,,,,,,,,,,,,,,,,,,,,,,,,0,0,,,,,,,,,,,,,,,,,,,,,,,,,,,,,,,,,,,,,,-0.266,-37.149,-0.106,-17.479,-21.007,-46.905,-12.243,-63.06,18.557,-43.859,14.246,-62.87,54.257,-99.985,-0.626,-120.208,-47.347,-97.516,,,,"",,,,"",,,,"",,,,"",,,,"",,,,"",,,,"",,,,"",,,,,,,,,,,,,,,,,,,,,,,,,,,,,,,,,,,,,,,,,,,,,,,,,,,,,,,,,,"",0,,,,,,,,,,,,,0,"",,,,0,""
19,,1,0,0,0,3,1,1,0,0,0,255,255,255,7,1598.708,"mochi_2929",R,26,80,130,-1.036,-0.749,0.06,1.492,-0.652,0.962,-36.434,8.25,62,38,0,2,"",136.625,-200,13.923,0,0,1,"=","=","=","=","=","=","=","=","=",8,L,"ゆっち一",181.4,84,0.401,5,64,W,Y,1,1599.843,255,149,93,97,63,,145,129,29.022,-48.404,-0.194,0.686,-20.031,0.73,0,0.317,336.191,-425.161,-197.026,1605.075,94.316,-84.214,,,,,,0,0,,,,,,,,,,,,,,,,,,,,,,,,,,,,,,,,,,,,,,-0.12,-37.187,-0.003,-17.464,-22.079,-47.724,-12.902,-63.319,18.338,-44.247,14.651,-63.034,54.229,-100.23,-1.119,-120.999,-47.167,-95.726,0.186,-37.551,,"Pring__",-0.11,-17.579,,"-Alta-",-21.865,-47.53,,"Rite_",-12.76,-63.127,,"magimari",17.892,-44.063,,"Pugeuk",14.616,-62.87,,"ame_3",54.256,-100.264,,"紅さかな",-1.224,-120.959,,"alcohol500",-46.994,-95.985,,,,,,,,,,,,,,,,,,,,,,,,,,,,,,,,,,,,,,,,,,,,,,,,,,,,,,,,"",3,-48.064,-46.707,-3.456,0,0,1,55.724,55.724,54.142,55.724,0,-72.391,0,"",,,,0,""
20,,1,0,0,0,3,2,1,0,0,0,255,255,255,8,1615.358,"mochi_2929",R,13,74,113,-1.507,-0.819,0.189,1.666,-0.053,1.553,-36.434,23.221,100,0,0,2,"",-359.777,347.218,-49.641,0,0,1,"=","=","=","=","=","=","=","=","=",8,L,"ゆっち一",181.4,84,0.401,5,64,W,Y,1,1616.511,225,145,125,74,42,,145,104,-50.797,-46.296,-0.3,0.651,-20.182,-0.12,0,0.223,-427.874,-94.288,-31.403,1616.441,0.049,-20.515,,,,,,0,0,,,,,,,,,,,,,,,,,,,,,,,,,,,,,,,,,,,,,,-0.122,-37.332,-0.019,-17.479,-22.274,-46.762,-13.657,-64.385,19.504,-44.129,17.226,-61.21,55.816,-99.67,1.022,-121.481,-49.815,-95.516,0.378,-37.648,,"Pring__",0.091,-17.591,,"-Alta-",-22.274,-46.754,,"Rite_",-13.466,-64.56,,"magimari",19.147,-44.159,,"Pugeuk",17.107,-61.061,,"ame_3",55.804,-99.678,,"紅さかな",1.256,-121.227,,"alcohol500",-48.794,-96.106,,,,,,,,,,,,,,,,,,,,,,,,,,,,,,,,,,,,,,,,,,,,,,,,,,,,,,,,"",3,-41.682,-41.682,-3.358,0,0,1,-50.797,-50.797,-82.52,-50.797,0,-55.504,0,"",,,,0,""
21,,1,0,0,0,3,2,1,0,0,0,255,255,255,9,1633.919,"mochi_2929",R,2,107,126,-1.008,-0.966,0.231,1.419,0.146,0.717,-36.434,23.945,43,57,0,2,"",-390.434,-312.348,-8.283,0,0,1,"=","=","=","=","=","=","=","=","=",8,L,"ゆっち一",181.4,84,0.401,0,64,W,Y,1,1635.031,255,151,66,100,69,,141,95,59.118,-45.299,-0.196,0.626,-20.247,-0.55,0,0.365,115.883,273.064,-8.567,1640.746,43.899,-69.361,1641.479,6,45.417,1.014,-71.35,1,0,,1640.864,,,,,,,,,,,,,,,,,,,,,,,,,,,,,,,,,,,,-0.146,-37.125,0.025,-17.61,-21.881,-48.318,-11.909,-63.537,18.759,-44.445,16.151,-61.247,52.4,-95.702,0.499,-121.61,-49.711,-95.856,0.441,-37.532,,"Pring__",0.065,-17.753,,"-Alta-",-21.638,-48.069,,"Rite_",-11.827,-63.22,80,"magimari",18.024,-44.466,,"Pugeuk",16.15,-61.187,103,"ame_3",52.33,-95.833,116,"紅さかな",0.461,-121.613,,"alcohol500",-47.479,-96.001,,1649.7,0.548,-42.548,,,,,,,1645.382,0.919,-59.354,,,,1642.726,38.586,-67.49,1641.568,46.027,-71.602,,,,,,,,,,,,,,,,1648.769,-1.926,-56.262,,,,1643.871,32.036,-66.646,1642.419,40.528,-68.263,,,,,,,"",2,,,,,,,,,,,,,0,"ame_3",,,,329,""
22,,1,0,0,0,0,0,1,1,0,0,18,255,255,10,1668.076,"mochi_2929",R,26,90,140,-2.329,-1.26,-0.02,1.388,-1.024,0.657,-36.434,8.024,52,48,0,1,"",20.51,-192.482,-72.255,0,0,2,"=","=","=","=","=","=","=","=","=",1,L,"_Chun",190,80,0.455,,63,W,Y,0,,,,,,,,,,,,,,,,,,,,,,,,,,,,,0,0,,,,,,,,,,,,1681.408,,,,,,,,,,,,,,,,,,,,,,,,,,-0.255,-37.146,0.048,-17.673,-20.384,-40.755,-10.671,-64.865,18.973,-45.011,11.265,-58.248,52.751,-102.141,-0.181,-119.511,-45.532,-96.401,,,,"",,,,"",,,,"",,,,"",,,,"",,,,"",,,,"",,,,"",,,,1672.952,-0.119,-37.566,,,,,,,,,,,,,,,,,,,,,,,,,,,,,,,,,,,,,,,,,,,,,,,,,,,,"",0,,,,,,,,,,,,,0,"",,,,0,""
23,,1,0,0,0,1,0,1,1,0,0,18,255,255,11,1684.829,"mochi_2929",R,32,85,138,-1.064,-0.424,0.035,1.546,-0.768,1.171,-36.434,11.521,59,41,0,2,"",223.65,-200,1.212,0,0,2,"=","=","=","=","=","=","=","=","=",1,L,"_Chun",190,80,0.455,0,63,W,Y,1,1685.755,229,155,90,87,69,,145,104,101.424,76.172,-0.196,0.83,-19.969,-0.41,0,0.517,-18.633,-75.27,3.634,,,,,,,,,0,0,,,,,,,,,,,,1699.997,,,,,,,,,,,,,,,,,,,,,,,,,,-0.136,-37.273,-0.014,-17.574,-20.101,-41.031,-8.363,-65.222,18.628,-44.628,11.772,-59.587,52.701,-102.163,-0.967,-119.441,-45.815,-94.273,0.1,-37.357,,"Pring__",-0.073,-17.645,,"-Alta-",-19.991,-45.021,,"Rite_",-9.954,-64.503,,"magimari",18.501,-44.484,,"Pugeuk",11.784,-59.536,,"ame_3",52.677,-102.224,,"紅さかな",-1.001,-119.452,,"alcohol500",-46.449,-93.461,,,,,,,,,,,,,,,,,,,,,,,,,,,,,,,,,,,,,,,,,,,,,,,,,,,,,,,,"",3,,,,,,,,,,,,,0,"",,,,0,""
24,,1,0,0,0,1,1,1,1,0,0,18,255,255,12,1702.222,"mochi_2929",R,10,77,117,-3.023,-2.435,-0.082,1.358,-1.313,0.561,-36.434,5.006,51,49,0,1,"",0,400,-30.203,-0.566,-20.199,2,"=","=","=","=","=","=","=","=","=",1,L,"_Chun",190,80,0.455,,88,W,Y,0,,,,,,,,,,,,,,,,,,,,,,,,,,,,,0,0,,,,,,,,,,,,1715.744,,,,,,,,,,,,,,,,,,,,,,,,,,-0.192,-37.11,-0.015,-17.627,-19.738,-40.912,-9.979,-64.545,18.548,-44.332,13.759,-59.368,53.656,-100.267,-1.24,-119.698,-46.69,-94.177,,,,"",,,,"",,,,"",,,,"",,,,"",,,,"",,,,"",,,,"",,,,,,,,,,,,,,,,,,,,,,,,,,,,,,,,,,,,,,,,,,,,,,,,,,,,,,,,,,"",0,,,,,,,,,,,,,0,"",,,,0,""
25,,1,0,0,0,2,1,1,1,0,0,18,255,255,13,1716.602,"mochi_2929",R,13,80,118,-3.073,-1.061,0.037,1.584,-0.756,1.293,-36.434,16.751,100,0,0,2,"",-380.362,324.538,-54.398,0,0,2,"=","=","=","=","=","=","=","=","=",1,L,"_Chun",190,80,0.455,5,88,W,Y,1,1717.628,219,156,104,99,86,,145,131,-30,12.969,-0.517,0.697,-21.014,0.55,0,0.692,-338.95,445.275,216.142,1717.583,-0.765,-22.085,1719.287,3,-9.222,3.079,-58.3,0,0,,1723.388,,,,1722.079,,,,,,,,,1722.139,1,1,166,256,1723.904,2,,147,64,,,,,,,,,,,,,,-0.216,-37.023,-0.038,-17.414,-19.99,-41.152,-10.801,-64.301,18.362,-44.099,12.442,-57.268,52.823,-100.92,-0.857,-119.615,-48.485,-91.922,-0.024,-37.074,,"Pring__",-0.105,-17.492,,"-Alta-",-19.762,-44.332,,"Rite_",-10.342,-63.858,61,"magimari",18.221,-43.943,,"Pugeuk",12.382,-57.222,103,"ame_3",52.971,-100.663,,"紅さかな",-1.138,-119.594,,"alcohol500",-48.53,-92.003,,,,,,,,1723.28,-18.251,-41.797,1719.355,-9.619,-59.642,,,,1721.48,-0.558,-58.92,,,,,,,,,,,,,,,,,,,1720.974,-4.5,-56.896,,,,1722.18,-2.974,-57.086,,,,,,,,,,"",2,17.535,17.535,3.981,0,2,0.095,-67.821,-58.16,-8.911,-71.246,0.039,87.458,0,"Rite_",1722.079,,,324,""
26,SIDE,1,0,0,0,0,0,2,0,0,0,255,255,255,,1726.448,,,,,,,,,,,,,,,,,,,,,,,,3,"=","=","=","=","=","=","=","=","=",,,,,,,,,,,,,,,,,,,,,,,,,,,,,,,,,,,,,,,0,0,,,,,,,,,,,,,,,,,,,,,,,,,,,,,,,,,,,,,,,,,,,,,,,,,,,,,,,,,,,,,,,,,,,,,,,,,,,,,,,,,,,,,,,,,,,,,,,,,,,,,,,,,,,,,,,,,,,,,,,,,,,,,,,,,,,,,,,,,,,,,,,,,"",0,,,,,,,,,,,,,0,"",,,,0,""
27,,2,1,0,0,0,0,0,0,0,0,255,255,255,10,1777.916,"shuwaYNZ",R,3,67,96,0.686,0.845,1.273,1.9,1.084,2.122,-36.586,58.74,76,24,0,0,"",-436.364,0,-12.468,0,0,3,"mochi_2929","Pring__","-Alta-","ame_3","alcohol500","紅さかな","Pugeuk","magimari","Rite_",6,L,"ame_3",177.5,88.183,0.277,,62,W,Y,1,,,,,,,,,,,,,,,,,,,,,,,,,,,,,0,0,,,,,,,,,,,,,,,,,,,,,,,,,,,,,,,,,,,,,,0.565,-37.218,0.027,-17.292,-21.828,-48.319,-14.041,-64.544,21.191,-45.506,17.022,-62.48,44.432,-98.717,1.595,-113.685,-37.582,-99.703,,,,"",,,,"",,,,"",,,,"",,,,"",,,,"",,,,"",,,,"",,,,,,,,,,,,,,,,,,,,,,,,,,,,,,,,,,,,,,,,,,,,,,,,,,,,,,,,,,"",0,,,,,,,,,,,,,0,"",,,,0,""
28,,2,1,0,0,0,1,0,0,0,0,255,255,255,11,1797.772,"shuwaYNZ",R,7,68,102,0.893,-1.432,0.865,1.374,-0.109,0.785,-36.586,13.385,41,59,0,2,"",227.325,0,24.555,0,0,3,"=","=","=","=","=","=","=","=","=",6,L,"ame_3",177.5,88.183,0.277,3,62,W,Y,1,1798.977,255,248,129,140,109,,145,82,21.069,-9.222,0.212,0.689,-22.604,-1,0,0.406,103.624,192.789,82.252,1802.566,7.813,-83.536,1803.987,7,8.821,0.13,-94.8,1,0,,1804.674,,,,,,,,,,,,,,,,,,,,,,,,,,,,,,,,,,,,0.604,-37.145,0.18,-17.089,-22.13,-48.982,-13.513,-65.009,21.172,-45.47,17.19,-61.83,44.427,-98.734,1.562,-114.046,-39.066,-98.696,0.571,-37.016,,"_Chun",0.172,-17.125,,"檸檬の残骸",-22.105,-48.782,,"わかなで",-15.081,-67.971,72,"MODECO",21.174,-45.449,,"まととまと",17.092,-61.894,,"「론구」",44.43,-98.732,,"Mr․D VRC",1.58,-113.923,116,"ゆっち一",-41.269,-98.325,,1810.859,0.483,-41.858,,,,,,,1806.419,-1.023,-58.336,,,,,,,,,,1804.109,8.554,-95.616,,,,,,,,,,,,,1809.844,-2.561,-55.575,,,,,,,,,,1805.09,6.927,-89.002,,,,"",2,,,,,,,,,,,,,0,"Mr․D VRC",,,,161,""
29,,2,1,0,0,0,0,0,1,0,0,6,255,255,12,1828.875,"shuwaYNZ",R,28,77,128,-1.609,-0.02,0.736,1.704,-0.763,1.492,-36.586,15.966,35,65,0,1,"",26.774,-86.925,14.34,0,0,4,"=","=","=","=","=","=","=","=","=",8,L,"alcohol500",174.3,85.415,0.3,,62,W,Y,0,,,,,,,,,,,,,,,,,,,,,,,,,,,,,0,0,,,,,,,,,,,,1846.853,,,,,,,,,,,,,,,,,,,,,,,,,,0.414,-37.399,-0.122,-17.174,-19.49,-40.619,-9.346,-65.661,20.416,-45.076,17.416,-61.527,42.743,-97.931,2.374,-112.06,-43.196,-90.283,,,,"",,,,"",,,,"",,,,"",,,,"",,,,"",,,,"",,,,"",,,,1832.799,0.34,-37.81,,,,,,,,,,,,,,,,,,,,,,,,,,,,,,,,,,,,,,,,,,,,,,,,,,,,"",0,,,,,,,,,,,,,0,"",,,,0,""
30,,2,1,0,0,1,0,0,1,0,0,6,255,255,13,1847.793,"shuwaYNZ",R,3,57,89,-19.376,9.591,0.897,2.038,-10.505,5.357,-36.586,90.446,89,11,0,1,"",-384.888,-153.966,45.44,-10.316,-8.717,4,"=","=","=","=","=","=","=","=","=",8,L,"alcohol500",174.3,85.415,0.3,,62,W,Y,0,,,,,,,,,,,,,,,,,,,,,,,,,,,,,0,0,,,,,,1854.24,,,,,,,,,,,,,,,,,,,,,,,,,,,,,,,,0.445,-37.027,-0.059,-17.228,-19.508,-40.589,-8.959,-65.321,20.612,-45.46,15.186,-57.958,42.752,-97.934,2.299,-111.747,-41.183,-90.131,,,,"",,,,"",,,,"",,,,"",,,,"",,,,"",,,,"",,,,"",,,,1866.515,-0.356,-38.118,,,,,,,,,,,,,,,,,,,,,,,,,,,,,,,,,,,,,,,,,,,,,,,,,,,,"",0,,,,,,,,,,,,,0,"",1854.24,,,0,""
31,,2,1,0,0,2,0,0,0,1,0,255,6,255,14,1883.204,"shuwaYNZ",R,34,72,124,-0.294,-0.221,0.922,1.694,-0.294,1.411,-36.586,33.97,80,20,0,2,"",86.571,-49.87,2.098,0,0,4,"=","=","=","=","=","=","=","=","=",8,L,"alcohol500",174.3,85.415,0.3,3,62,W,Y,1,1884.264,181,131,125,109,40,,145,124,25.912,8.325,-0.075,0.834,-20.044,0.71,0,0.252,438.699,52.508,24.084,1889.512,-18.371,-133.127,1892.125,7,-20.753,0.055,-124.651,1,0,,1889.434,1894.039,1903.402,,,,,1892.231,1897.066,,,1883.328,,,,,,,,,,,,,,,,,,,,,,,,,0.421,-37.261,-0.108,-17.237,-20.042,-43.535,-8.664,-66.263,20.086,-44.599,14.982,-58.132,43.455,-98.065,1.996,-110.571,-34.345,-91.387,0.133,-37.25,,"_Chun",-0.126,-17.236,120,"檸檬の残骸",-20.057,-43.538,,"わかなで",-5.919,-67.02,,"MODECO",20.071,-44.582,66,"まととまと",15.235,-57.838,,"「론구」",43.454,-98.06,,"Mr․D VRC",2.052,-110.342,116,"ゆっち一",-34.411,-91.433,,1912.158,0.014,-38.41,1901.744,12.909,-11.423,,,,,,,1903.481,19.253,-39.403,,,,,,,1892.426,-20.609,-124.558,,,,,,,1902.355,14.104,-13.518,,,,,,,1910.944,16.417,-40.327,,,,,,,1893.717,-18.3,-115.809,,,,"",2,,,,,,,,,,,,,0,"Mr․D VRC",1894.039,1892.231,1897.066,172,""
32,,2,1,1,0,0,0,0,0,0,1,255,255,8,15,1931.658,"shuwaYNZ",R,13,70,98,-2.146,-1.605,0.784,1.528,-0.361,1.126,-36.586,19.576,34,66,0,1,"BE+",-347.842,312.348,-27.83,-0.647,-18.394,5,"=","=","=","=","=","=","=","=","=",7,R,"紅さかな",172.7,88,0.452,,61,W,Y,0,,,,,,,,,,,,,,,,,,,,,,,,,,,,,0,0,,,,,,,,,,,,,,,,,,,,,,,,,,,,,,,,,,,,,,0.377,-37.13,-0.317,-17.111,-20.794,-46.192,-14.307,-64.359,18.067,-45.202,10.752,-63.34,35.754,-93.388,0.022,-116.867,-45.902,-90.735,,,,"",,,,"",,,,"",,,,"",,,,"",,,,"",,,,"",,,,"",,,,1935.905,0.375,-37.686,,,,,,,,,,,,,,,,,,,,,,,,,,,,,,,,,,,,,,,,,,,,,,,,,,,,"7:+1",0,,,,,,,,,,,,,0,"",,1934.786,,0,""
33,,2,1,1,0,1,0,0,0,0,1,255,255,8,16,1948.523,"shuwaYNZ",R,26,81,132,-2.031,0.099,0.708,1.697,-0.893,1.464,-36.586,9.868,45,55,0,4,"",-10.255,-187.872,17.008,0,0,5,"=","=","=","=","=","=","=","=","=",7,R,"紅さかな",172.7,88,0.452,,61,W,Y,1,,,,,,,,,,,,,,,,,,,,,,,,,,,,,0,0,,,,,,,,,,,,,,1948.888,,,,,,,,,,,,,,,,,,,,,,,,0.434,-37.214,-0.018,-17.229,-20.811,-46.151,-14.685,-64.465,18.051,-45.391,10.593,-63.251,35.775,-93.381,-0.272,-116.778,-44.297,-91.246,,,,"",,,,"",,,,"",,,,"",,,,"",,,,"",,,,"",,,,"",,,,1952.646,0.433,-37.388,,,,,,,,,,,,,,,,,,,,,,,,,,,,,,,,,,,,,,,,,,,,,,,,,,,,"",0,,,,,,,,,,,,,0,"",,1951.613,,0,""
34,,2,1,1,0,1,1,0,0,0,1,255,255,8,17,1964.133,"shuwaYNZ",R,27,87,140,0.453,1.408,0.928,1.921,0.132,2.263,-36.586,33.239,80,17,3,4,"",26.553,-142.879,10.653,0,0,5,"=","=","=","=","=","=","=","=","=",7,R,"紅さかな",172.7,88,0.452,,61,W,Y,1,,,,,,,,,,,,,,,,,,,,,,,,,,,,,0,0,,,,,,,,,,,,,,1964.283,,,,,,,,,,,,,,,,,,,,,,,,0.472,-37.218,0.011,-17.296,-20.919,-46.606,-14.838,-64.456,18.663,-45.222,10.161,-63.025,35.75,-93.378,-0.394,-115.839,-46.066,-90.802,,,,"",,,,"",,,,"",,,,"",,,,"",,,,"",,,,"",,,,"",,,,1968.212,0.48,-37.449,,,,,,,,,,,,,,,,,,,,,,,,,,,,,,,,,,,,,,,,,,,,,,,,,,,,"",0,,,,,,,,,,,,,0,"",,1967.21,,0,""
35,,2,1,1,0,1,2,0,0,0,1,255,255,8,18,1982.307,"shuwaYNZ",R,13,71,99,-1.53,-1.474,0.929,1.61,0.089,1.322,-36.586,25.11,53,47,0,1,"",-351.391,312.348,-27.997,-0.585,-18.228,5,"=","=","=","=","=","=","=","=","=",7,R,"紅さかな",172.7,88,0.452,,103,W,Y,0,,,,,,,,,,,,,,,,,,,,,,,,,,,,,0,0,,,,,,,,,,,,,,1982.643,,,,,,,,,,,,,,,,,,,,,,,,0.494,-37.099,-0.134,-17.481,-21.182,-46.487,-15.218,-64.247,18.548,-45.743,11.113,-63.881,35.764,-93.384,-0.049,-115.87,-45.786,-90.722,,,,"",,,,"",,,,"",,,,"",,,,"",,,,"",,,,"",,,,"",,,,1986.686,0.317,-37.399,,,,,,,,,,,,,,,,,,,,,,,,,,,,,,,,,,,,,,,,,,,,,,,,,,,,"",0,,,,,,,,,,,,,0,"",,1985.215,,0,""
36,,2,1,1,0,2,2,0,0,0,1,255,255,8,19,1997.109,"shuwaYNZ",R,13,70,98,-2.121,-2.2,0.85,1.448,-0.154,0.937,-36.586,17.159,54,46,0,2,"",-345.307,315.871,-31.458,0,0,5,"=","=","=","=","=","=","=","=","=",7,R,"紅さかな",172.7,88,0.452,5,103,W,Y,1,1998.537,132,73,72,96,82,,138,80,-15,-26.011,-0.419,0.199,-20.23,1,0,0.258,-24.745,-65.742,-21.373,1998.275,-0.19,-20.699,2000.175,4,12.472,0.055,-46.453,0,0,,2004.046,,,,,,,,,,,,2023.565,2004.595,5,,147,12,,,,,,,,,,,,,,,,,,,0.451,-37.027,-0.121,-17.397,-21.033,-46.695,-14.413,-64.516,18.633,-46.001,13.059,-62.663,35.774,-93.387,-0.102,-115.781,-46.665,-91.791,0.586,-37.06,,"_Chun",-0.215,-17.382,120,"檸檬の残骸",-21.354,-47.323,80,"わかなで",-16.908,-67.176,,"MODECO",18.398,-45.781,100,"まととまと",13.047,-62.439,,"「론구」",35.772,-93.382,,"Mr․D VRC",-0.092,-115.594,,"ゆっち一",-46.68,-91.797,,2010.92,-0.446,-38.396,2002.44,0.075,-20.809,2003.958,-19.081,-39.45,,,,2000.429,13.172,-46.957,,,,,,,,,,,,,,,,2002.978,-2.265,-23.311,2009.957,-15.324,-37.828,,,,2001.262,10.661,-42.703,,,,,,,,,,,,,"",2,-18.427,-18.427,4.466,0,0,1,-15.399,-15.399,-11.325,-15.399,0,-163.268,0,"MODECO",,2003.253,,300,""
37,,2,1,1,0,0,0,1,0,0,1,255,255,8,20,2029.425,"shuwaYNZ",R,3,78,104,-2.275,-0.1,0.833,1.712,-0.208,1.562,-36.586,27.58,78,22,0,4,"",-472.727,0,-6.669,0,0,6,"=","=","=","=","=","=","=","=","=",5,R,"Pugeuk",169.6,83.928,0.317,,60,W,Y,1,,,,,,,,,,,,,,,,,,,,,,,,,,,,,0,16,,,,,,,,,,,,,,,2037.525,4,3,306,8,,,,,,,,,,,,,,,,,,,0.376,-37.188,-0.419,-17.505,-22.193,-48.554,-16.061,-63.331,18.112,-45.044,12.259,-64.069,36.411,-91.585,0.516,-112.555,-46.522,-92.991,,,,"",,,,"",,,,"",,,,"",,,,"",,,,"",,,,"",,,,"",,,,2048.501,-0.246,-38.718,,,,,,,,,,,,,,,,,,,,,,,,,,,,,,,,,,,,,,,,,,,,,,,,,,,,"",0,,,,,,,,,,,,,0,"",,,,0,""
38,,2,1,1,0,0,1,2,0,0,0,255,255,255,21,2064.965,"shuwaYNZ",R,13,71,111,-3.021,-0.712,0.767,1.751,-0.62,1.657,-36.586,24.304,77,23,0,1,"",-390.434,312.348,-14.204,-1.109,-16.244,6,"=","=","=","=","=","=","=","=","=",5,R,"Pugeuk",169.6,83.928,0.317,,74,W,Y,0,,,,,,,,,,,,,,,,,,,,,,,,,,,,,0,0,,,,,,,,,,,,,,,,,,,,,,,,,,,,,,,,,,,,,,0.349,-37.25,-0.28,-17.222,-20.667,-46.054,-14.243,-64.274,18.158,-45.231,14.441,-63.474,36.111,-91.636,0.403,-111.314,-45.078,-92.593,,,,"",,,,"",,,,"",,,,"",,,,"",,,,"",,,,"",,,,"",,,,2068.755,0.41,-37.645,,,,,,,,,,,,,,,,,,,,,,,,,,,,,,,,,,,,,,,,,,,,,,,,,,,,"",0,,,,,,,,,,,,,0,"",,,,0,""
39,,2,1,1,0,1,1,2,0,0,0,255,255,255,22,2083.337,"shuwaYNZ",R,27,82,134,-0.085,0.363,0.872,1.753,-0.13,1.664,-36.586,19.823,36,64,0,0,"",45.616,-130.739,6.955,0,0,6,"=","=","=","=","=","=","=","=","=",5,R,"Pugeuk",169.6,83.928,0.317,,74,W,Y,1,,,,,,,,,,,,,,,,,,,,,,,,,,,,,0,0,,,,,,,,,,,,,,,,,,,,,,,,,,,,,,,,,,,,,,0.485,-37.195,-0.004,-17.308,-20.92,-46.094,-15.016,-64.053,18.931,-45.657,13.649,-64.022,36.105,-91.631,0.247,-111.563,-46.483,-92.458,,,,"",,,,"",,,,"",,,,"",,,,"",,,,"",,,,"",,,,"",,,,2087.05,0.665,-37.029,,,,,,,,,,,,,,,,,,,,,,,,,,,,,,,,,,,,,,,,,,,,,,,,,,,,"",0,,,,,,,,,,,,,0,"",,,,0,""
40,,2,1,1,0,1,2,2,0,0,0,255,255,255,23,2100.068,"shuwaYNZ",R,0,70,122,0.809,0.687,1.07,1.825,0.47,1.832,-36.586,44.668,80,20,0,2,"",13.022,-37.427,7.155,0,0,6,"=","=","=","=","=","=","=","=","=",5,R,"Pugeuk",169.6,83.928,0.317,5,74,W,Y,1,2101.182,96,66,95,38,20,,132,75,6.442,-20.785,0.273,1.028,-20.406,-1,0,0.517,-416.383,-382.926,-36.881,2102.071,8.879,-41.23,2102.879,4,11.483,0.105,-48.094,0,64,,2106.265,,,,,,,,,,,,,2105.922,6,,147,8,,,,,,,,,,,2106.196,2,,,,,,,0.544,-37.22,-0.008,-17.349,-20.349,-45.61,-15.207,-64.286,18.681,-45.56,12.299,-59.736,36.085,-91.62,0.242,-111.781,-46.51,-92.476,0.588,-36.963,,"_Chun",0.023,-17.29,,"檸檬の残骸",-21.025,-47.022,,"わかなで",-16.75,-66.503,,"MODECO",18.612,-45.517,94,"まととまと",12.347,-59.713,,"「론구」",36.094,-91.626,,"Mr․D VRC",0.254,-111.714,,"ゆっち一",-46.516,-92.473,,,,,,,,2105.301,-18.743,-40.058,,,,2103.187,12.228,-48.428,,,,,,,,,,,,,,,,,,,,,,,,,2103.881,8.719,-47.845,,,,,,,,,,,,,"",2,-17.838,-17.838,-5.262,0,0,1,6.442,6.442,4.186,6.442,0,-18.598,0,"MODECO",,,,264,""
41,SIDE,2,1,1,0,0,0,2,0,0,0,255,255,255,,2107.634,,,,,,,,,,,,,,,,,,,,,,,,7,"=","=","=","=","=","=","=","=","=",,,,,,,,,,,,,,,,,,,,,,,,,,,,,,,,,,,,,,,0,0,,,,,,,,,,,,,,,,,,,,,,,,,,,,,,,,,,,,,,,,,,,,,,,,,,,,,,,,,,,,,,,,,,,,,,,,,,,,,,,,,,,,,,,,,,,,,,,,,,,,,,,,,,,,,,,,,,,,,,,,,,,,,,,,,,,,,,,,,,,,,,,,,"",0,,,,,,,,,,,,,0,"",,,,0,""
42,,2,0,1,0,0,0,0,0,0,0,255,255,255,14,2157.768,"mochi_2929",R,3,75,113,-2.758,-0.052,0.034,1.673,-0.774,1.581,-36.434,15.257,45,55,0,1,"",-500,0,-59.288,-1.379,-15.478,3,"わかなで","ゆっち一","_Chun","MODECO","「론구」","shuwaYNZ","まととまと","Mr․D VRC","檸檬の残骸",4,R,"MODECO",190,87.169,0.506,,59,W,Y,0,,,,,,,,,,,,,,,,,,,,,,,,,,,,,0,0,,,,,,,,,,,,,,,,,,,,,,,,,,,,,,,,,,,,,,-0.196,-37.099,0.122,-17.475,-20.511,-45.733,-14.027,-62.444,16.604,-45.317,8.912,-61.79,41.987,-96.931,-0.342,-119.487,-46.888,-94.563,,,,"",,,,"",,,,"",,,,"",,,,"",,,,"",,,,"",,,,"",,,,,,,,,,,,,,,,,,,,,,,,,,,,,,,,,,,,,,,,,,,,,,,,,,,,,,,,,,"",0,,,,,,,,,,,,,0,"",,,,0,""
43,,2,0,1,0,1,0,0,0,0,0,255,255,255,15,2175.316,"mochi_2929",R,2,69,109,0.319,2.029,0.235,1.985,0.841,2.554,-36.434,48.015,100,0,0,1,"",-386.885,-312.348,-22.132,0,0,3,"=","=","=","=","=","=","=","=","=",4,R,"MODECO",190,87.169,0.506,,59,W,Y,0,,,,,,,,,,,,,,,,,,,,,,,,,,,,,0,0,,,,,,,,,,,,,,,,,,,,,,,,,,,,,,,,,,,,,,-0.108,-37.283,0.039,-17.262,-21.302,-46.791,-14.301,-63.64,16.55,-45.143,8.603,-62.684,41.97,-97.04,-0.475,-119.644,-48.228,-94.794,,,,"",,,,"",,,,"",,,,"",,,,"",,,,"",,,,"",,,,"",,,,,,,,,,,,,,,,,,,,,,,,,,,,,,,,,,,,,,,,,,,,,,,,,,,,,,,,,,"",0,,,,,,,,,,,,,0,"",,,,0,""
44,,2,0,1,0,2,0,0,0,0,0,255,255,255,16,2193.233,"mochi_2929",R,14,69,109,2.416,-0.033,0.224,1.884,0.377,2.046,-36.434,37.142,100,0,0,4,"",358.173,345.467,-28.951,0.891,-17.875,3,"=","=","=","=","=","=","=","=","=",4,R,"MODECO",190,87.169,0.506,,59,W,Y,1,,,,,,,,,,,,,,,,,,,,,,,,,,,,,0,0,,,,,,,,,,,,,,,,,,,,,,,,,,,,,,,,,,,,,,-0.104,-37.271,0.052,-17.17,-20.816,-45.184,-14.301,-63.64,16.579,-45.14,9.397,-62.899,41.993,-97.041,-0.951,-119.846,-49.14,-95.191,,,,"",,,,"",,,,"",,,,"",,,,"",,,,"",,,,"",,,,"",,,,,,,,,,,,,,,,,,,,,,,,,,,,,,,,,,,,,,,,,,,,,,,,,,,,,,,,,,"",0,,,,,,,,,,,,,0,"",,,,0,""
45,,2,0,1,0,2,1,0,0,0,0,255,255,255,17,2211.865,"mochi_2929",R,26,83,134,2.109,0.259,0.338,1.676,0.641,1.592,-36.434,33.419,100,0,0,4,"",190.636,-200,-4.451,0,0,3,"=","=","=","=","=","=","=","=","=",4,R,"MODECO",190,87.169,0.506,,59,W,Y,1,,,,,,,,,,,,,,,,,,,,,,,,,,,,,0,0,,,,,,,,,,,,,,,,,,,,,,,,,,,,,,,,,,,,,,-0.078,-37.199,0.214,-16.97,-20.577,-46.543,-14.491,-64.223,16.516,-45.263,8.846,-61.99,42.299,-97.384,-0.711,-119.976,-48.602,-96.059,,,,"",,,,"",,,,"",,,,"",,,,"",,,,"",,,,"",,,,"",,,,,,,,,,,,,,,,,,,,,,,,,,,,,,,,,,,,,,,,,,,,,,,,,,,,,,,,,,"",0,,,,,,,,,,,,,0,"",,,,0,""
46,,2,0,1,0,2,2,0,0,0,0,255,255,255,18,2228.873,"mochi_2929",R,13,72,100,-0.559,-0.33,0.294,1.731,0.476,1.872,-36.434,36.61,100,0,0,0,"",-354.94,312.348,-18.723,0,0,3,"=","=","=","=","=","=","=","=","=",4,R,"MODECO",190,87.169,0.506,,59,W,Y,1,,,,,,,,,,,,,,,,,,,,,,,,,,,,,0,8,,,,,,,,,,,,,,,2231.733,3,,578,0,,,,,,,,,,,,,,,,,,,-0.21,-37.24,-0.386,-16.99,-19.748,-46.021,-14.434,-60.313,16.445,-45.151,9.634,-62.766,43.789,-98.634,-0.546,-120.009,-47.571,-96.412,,,,"",,,,"",,,,"",,,,"",,,,"",,,,"",,,,"",,,,"",,,,,,,,,,,,,,,,,,,,,,,,,,,,,,,,,,,,,,,,,,,,,,,,,,,,,,,,,,"",0,,,,,,,,,,,,,0,"",,,,0,""
47,,2,0,1,0,0,1,1,0,0,0,255,255,255,19,2270.739,"mochi_2929",R,32,91,140,-2.771,-1.275,-0.117,1.407,-1.472,0.669,-36.434,3.059,44,56,0,4,"",233.632,-200,18.938,-0.54,-14.544,4,"=","=","=","=","=","=","=","=","=",6,R,"「론구」",179.9,80,0.4,,63,W,Y,1,,,,,,,,,,,,,,,,,,,,,,,,,,,,,0,0,,,,,,,,,,,,,,,,,,,,,,,,,,,,,,,,,,,,,,-0.187,-37.233,-0.072,-17.388,-21.414,-47.376,-13.977,-61.633,16.831,-44.559,9.676,-62.212,43.956,-100.169,-1.232,-119.965,-48.694,-95.366,,,,"",,,,"",,,,"",,,,"",,,,"",,,,"",,,,"",,,,"",,,,,,,,,,,,,,,,,,,,,,,,,,,,,,,,,,,,,,,,,,,,,,,,,,,,,,,,,,"",0,,,,,,,,,,,,,0,"",,,,0,""
48,,2,0,1,0,0,2,1,0,0,0,255,255,255,20,2600.917,"mochi_2929",R,32,86,140,-0.739,-0.528,0.1,1.595,-0.424,1.358,-36.434,24.232,100,0,0,0,"",214.389,200,-89.964,-0.027,-14.169,4,"=","=","=","=","=","=","=","=","=",6,R,"「론구」",179.9,80,0.4,,57,W,Y,0,,,,,,,,,,,,,,,,,,,,,,,,,,,,,0,0,,,,,,,,,,,,,,,2607.118,4,,706,0,,,,,,,,,,,,,,,,,2606.292,1,-0.154,-37.223,0.115,-17.3,-20.996,-47.534,-13.768,-63.441,17.006,-43.743,10.993,-63.883,43.789,-96.637,0.552,-118.737,-44.297,-95.6,,,,"",,,,"",,,,"",,,,"",,,,"",,,,"",,,,"",,,,"",,,,,,,,,,,,,,,,,,,,,,,,,,,,,,,,,,,,,,,,,,,,,,,,,,,,,,,,,,"",0,,,,,,,,,,,,,0,"",,,,0,""
49,,2,0,1,0,0,0,2,0,0,0,255,255,255,21,2628.513,"mochi_2929",R,26,69,121,1.755,1.077,0.347,1.857,0.552,2.082,-36.434,47.418,100,0,0,1,"",127.669,-200,-6.513,0,0,5,"=","=","=","=","=","=","=","=","=",0,R,"shuwaYNZ",190.3,83,0.373,,56,W,Y,0,,,,,,,,,,,,,,,,,,,,,,,,,,,,,0,0,,,,,,,,,,,,,,,,,,,,,,,,,,,,,,,,,,,,,,-0.186,-37.084,0.002,-17.221,-20.953,-46.713,-14.37,-63.128,16.701,-44.027,11.418,-63.567,44.888,-102.275,0.508,-119.436,-45.282,-95.533,,,,"",,,,"",,,,"",,,,"",,,,"",,,,"",,,,"",,,,"",,,,,,,,,,,,,,,,,,,,,,,,,,,,,,,,,,,,,,,,,,,,,,,,,,,,,,,,,,"",0,,,,,,,,,,,,,0,"",,,,0,""
50,,2,0,1,0,1,0,2,0,0,0,255,255,255,22,2644.498,"mochi_2929",R,13,76,114,-2.657,-0.815,0.096,1.642,-0.485,1.481,-36.434,20.871,100,0,0,1,"",-390.434,312.348,-10.07,0,0,5,"=","=","=","=","=","=","=","=","=",0,R,"shuwaYNZ",190.3,83,0.373,,56,W,Y,0,,,,,,,,,,,,,,,,,,,,,,,,,,,,,0,0,,,,,,,,,,,,,,,,,,,,,,,,,,,,,,,,,,,,,,-0.189,-37.133,-0.067,-17.244,-20.271,-46.152,-14.401,-63.332,16.444,-44.675,10.356,-64.871,44.848,-102.289,0.136,-119.517,-47.333,-94.965,,,,"",,,,"",,,,"",,,,"",,,,"",,,,"",,,,"",,,,"",,,,,,,,,,,,,,,,,,,,,,,,,,,,,,,,,,,,,,,,,,,,,,,,,,,,,,,,,,"",0,,,,,,,,,,,,,0,"",,,,0,""
51,,2,0,1,0,2,0,2,0,0,0,255,255,255,23,2662.556,"mochi_2929",R,32,97,140,0.041,0.987,0.09,1.786,-0.272,2.058,-36.434,45.354,71,25,4,4,"",216.411,-200,1.898,0,0,5,"=","=","=","=","=","=","=","=","=",0,R,"shuwaYNZ",190.3,83,0.373,,56,W,Y,1,,,,,,,,,,,,,,,,,,,,,,,,,,,,,0,0,,,,,,,,,,,,,,,,,,,,,,,,,,,,,,,,,,,,,,-0.174,-37.078,0.017,-17.416,-20.97,-47.029,-14.427,-62.968,16.423,-44.64,10.312,-64.921,44.49,-101.83,1.296,-120.265,-46.607,-93.4,,,,"",,,,"",,,,"",,,,"",,,,"",,,,"",,,,"",,,,"",,,,,,,,,,,,,,,,,,,,,,,,,,,,,,,,,,,,,,,,,,,,,,,,,,,,,,,,,,"",0,,,,,,,,,,,,,0,"",,,,0,""
52,,2,0,1,0,2,1,2,0,0,0,255,255,255,24,2679.2,"mochi_2929",R,10,66,109,0.533,-0.902,0.248,1.668,0.225,1.566,-36.434,28.286,96,4,0,2,"",0,400,-12.058,0,0,5,"=","=","=","=","=","=","=","=","=",0,R,"shuwaYNZ",190.3,83,0.373,5,56,W,Y,1,2680.511,138,137,105,81,60,,142,131,25.2,39.818,0.093,0.589,-19.853,0.52,0,0.193,156.927,255.985,-39.238,2685.404,-80.616,-105.298,,,,,,0,0,,2686.455,2691.145,2696.966,2702.476,,,,,,,,,,,,,,,,,,,,,,,,,,,,,,,,,-0.185,-37.005,0.087,-17.446,-20.704,-45.74,-14.77,-62.774,16.466,-44.672,11.003,-64.709,44.478,-101.748,0.433,-120.362,-47.876,-93.557,-0.004,-37.443,,"Pring__",0.103,-17.475,,"-Alta-",-20.298,-46.439,,"Rite_",-14.689,-62.675,,"magimari",16.358,-44.539,,"Pugeuk",10.963,-64.733,,"ame_3",44.469,-101.765,,"紅さかな",0.443,-120.332,,"alcohol500",-47.622,-93.412,,,,,,,,,,,,,,,,,,,,,,,,,,,,,,,,,,,,,,,,,,,,,,,,,,,,,,,,"",4,40.356,40.356,3.74,0,0,1,27.593,27.593,23.375,27.593,0,52.583,0,"",2691.145,2696.966,,0,""
53,,2,0,1,1,0,0,2,0,0,0,255,255,255,25,2730.016,"mochi_2929",R,13,91,126,-5.28,-2.06,-0.183,1.412,-1.783,0.683,-36.434,4.668,54,46,0,1,"",-390.434,312.348,10.981,-1.744,-17.921,6,"=","=","=","=","=","=","=","=","=",5,R,"まととまと",179.5,89.79,0.449,,56,W,Y,0,,,,,,,,,,,,,,,,,,,,,,,,,,,,,0,0,,,,,,,,,,,,,,,,,,,,,,,,,,,,,,,,,,,,,,-0.247,-37.102,-0.093,-17.38,-21.25,-47.088,-15.501,-63.39,16.764,-44.431,9.81,-64.001,43.146,-103.774,-0.368,-119.73,-53.477,-97.524,,,,"",,,,"",,,,"",,,,"",,,,"",,,,"",,,,"",,,,"",,,,,,,,,,,,,,,,,,,,,,,,,,,,,,,,,,,,,,,,,,,,,,,,,,,,,,,,,,"",0,,,,,,,,,,,,,0,"",,,,0,""
54,,2,0,1,1,1,0,2,0,0,0,255,255,255,26,2748.698,"mochi_2929",R,13,54,99,-2.807,-2.205,0.067,1.497,-0.62,0.975,-36.434,10.373,52,48,0,4,"",-273.298,397.225,34.014,-0.582,-19.68,6,"=","=","=","=","=","=","=","=","=",5,R,"まととまと",179.5,89.79,0.449,,56,W,Y,1,,,,,,,,,,,,,,,,,,,,,,,,,,,,,0,0,,,,,,,,,,,,,,,,,,,,,,,,,,,,,,,,,,,,,,-0.191,-37.044,-0.03,-17.538,-20.717,-46.524,-15.707,-63.071,16.79,-44.458,9.12,-62.151,45.059,-103.792,0.199,-119.619,-52.639,-97.158,,,,"",,,,"",,,,"",,,,"",,,,"",,,,"",,,,"",,,,"",,,,,,,,,,,,,,,,,,,,,,,,,,,,,,,,,,,,,,,,,,,,,,,,,,,,,,,,,,"",0,,,,,,,,,,,,,0,"",,,,0,""
55,,2,0,1,1,1,1,2,0,0,0,255,255,255,27,2768.354,"mochi_2929",R,10,68,111,-0.407,-2.666,0.162,1.514,-0.177,1.032,-36.434,15.075,61,39,0,2,"B+",0,400,13.983,-0.253,-20.761,6,"=","=","=","=","=","=","=","=","=",5,R,"まととまと",179.5,89.79,0.449,5,56,W,Y,1,2769.59,255,141,89,108,37,,145,86,-30,-57.88,-0.059,0.462,-21.372,1,0.143,0.16,-33.713,440.681,-151.35,2769.337,0.523,-21.739,,,,,,0,0,,,,,,,,,,,,,,,,,,,,,,,,,,,,,,,,,,,,,,-0.161,-37.115,0.068,-17.54,-21.047,-45.939,-15.115,-62.811,16.768,-44.465,11.299,-64.077,44.93,-103.729,0.047,-119.297,-51.697,-92.959,0.419,-37.501,,"Pring__",0.054,-17.66,,"-Alta-",-20.716,-46.132,,"Rite_",-15,-62.666,,"magimari",16.714,-44.35,,"Pugeuk",11.292,-63.941,,"ame_3",44.887,-103.741,,"紅さかな",0.082,-119.335,,"alcohol500",-51.585,-92.974,,,,,,,,,,,,,,,,,,,,,,,,,,,,,,,,,,,,,,,,,,,,,,,,,,,,,,,,"",3,-64.583,-50.518,-12.456,0.536,1,0.505,-82.049,-76.052,-14.547,-84.104,0.067,-144.691,0,"",,,,0,""
56,,2,0,1,1,2,2,2,0,0,0,255,255,255,29,2823.746,"mochi_2929",R,26,82,133,-0.114,0.273,0.136,1.688,-0.334,1.576,-36.434,26.393,100,0,0,2,"",197.523,-200,8.161,0,0,6,"=","=","=","=","=","=","=","=","=",5,R,"まととまと",179.5,89.79,0.449,5,56,W,Y,1,2824.84,151,77,223,113,60,,145,130,-30,45.818,-0.017,1.017,-19.779,0.57,0.048,0.201,94.641,-30.864,-184.338,2824.596,-1.203,-20.931,,,,,,0,0,,,,,,,,,,,,,,,,,,,,,,,,,,,,,,,,,,,,,,-0.162,-37.155,-0.009,-17.248,-20.595,-46.74,-14.918,-62.166,17.07,-44.705,10.193,-64.851,46.356,-101.072,-0.418,-117.875,-52.494,-94.411,0.437,-37.463,,"Pring__",-0.014,-17.254,,"-Alta-",-20.508,-46.564,,"Rite_",-14.859,-62.136,,"magimari",16.78,-44.686,,"Pugeuk",10.122,-64.717,,"ame_3",46.312,-101.071,,"紅さかな",-0.134,-117.824,,"alcohol500",-52.659,-92.431,,,,,,,,,,,,,,,,,,,,,,,,,,,,,,,,,,,,,,,,,,,,,,,,,,,,,,,,"",3,45.778,45.778,20.045,0,1,0.511,-77.867,-69.063,-30.405,-82.297,0.059,55.361,0,"",,,,0,""
57,,2,0,1,1,2,2,2,0,0,0,255,255,255,30,2844.549,"mochi_2929",R,10,82,122,-2.333,-2.666,0.016,1.29,-0.856,0.265,-36.434,18.488,46,54,0,1,"",-106.363,400,-3.062,-0.398,-21.465,6,"=","=","=","=","=","=","=","=","=",5,R,"まととまと",179.5,89.79,0.449,,56,W,Y,0,,,,,,,,,,,,,,,,,,,,,,,,,,,,,0,0,,,,,,,,,,,,,,,,,,,,,,,,,,,,,,,,,,,,,,-0.24,-37.127,-0.041,-17.346,-21.234,-48.056,-14.807,-62.685,17.327,-44.241,9.607,-65.408,45.528,-101.897,-1.829,-118.607,-52.05,-92.857,,,,"",,,,"",,,,"",,,,"",,,,"",,,,"",,,,"",,,,"",,,,,,,,,,,,,,,,,,,,,,,,,,,,,,,,,,,,,,,,,,,,,,,,,,,,,,,,,,"",0,,,,,,,,,,,,,0,"",,,,0,""
58,,2,0,1,1,3,2,2,0,0,0,255,255,255,31,2862.554,"mochi_2929",R,32,81,132,0.986,-0.562,0.216,1.643,0.074,1.473,-36.434,27.162,100,0,0,2,"",250,200,-29.197,0,0,6,"=","=","=","=","=","=","=","=","=",5,R,"まととまと",179.5,89.79,0.449,5,56,W,Y,1,2863.697,158,68,173,116,54,,145,99,-64.941,46.694,0.062,0.451,-20.073,-0.31,0.048,0.234,-3.596,68.51,-149.939,2863.425,-0.072,-20.2,2866.521,2,-19.082,2.889,-38.095,0,0,,,,,,,,,,,,,,,,,,,,,,,,,,,,,,,,,,,,,,-0.147,-37.171,-0.024,-17.376,-20.123,-46.066,-15.078,-63.106,17.225,-44.285,9.493,-65.491,45.738,-101.891,-1.718,-119.185,-51.242,-92.91,0.143,-37.272,,"Pring__",-0.039,-17.458,,"-Alta-",-20.718,-47.014,89,"Rite_",-15.121,-62.629,,"magimari",16.795,-44.196,,"Pugeuk",9.483,-65.383,,"ame_3",45.665,-101.873,,"紅さかな",-1.689,-119.172,,"alcohol500",-51.412,-92.729,,2870.737,-2.89,-39.414,,,,2866.82,-19.342,-38.311,,,,,,,,,,,,,,,,,,,,,,,,,2870.039,-13.401,-41.902,,,,,,,,,,,,,,,,,,,"",3,45.694,45.694,14.768,0,0,1,-64.941,-64.941,-68.908,-64.941,0,48.078,0,"-Alta-",,,,5,""
59,,2,0,1,1,3,2,2,0,0,0,255,255,255,32,2886.378,"mochi_2929",R,29,78,128,-0.458,0.751,0.198,1.776,0.094,1.85,-36.434,30.511,100,0,0,2,"",-208.704,-200,-38.718,0,0,6,"=","=","=","=","=","=","=","=","=",5,R,"まととまと",179.5,89.79,0.449,5,55,W,Y,1,2887.545,189,82,197,132,65,,145,86,-30,2.534,-0.331,1.277,-20.472,1,0.048,0.09,377.959,441.596,-148.795,2887.35,-0.429,-22.525,2888.604,0,0.275,1.494,-36.177,0,0,,,,,,,,,,,,,,,2891.744,6,,147,1,,,,,,,,,,,,,,,,,,,-0.105,-37.302,0.072,-17.256,-20.4,-46.054,-14.542,-62.971,17.296,-44.702,8.891,-64.779,44.846,-99.105,-0.103,-119.332,-52.462,-92.041,0.044,-37.411,90,"Pring__",0.071,-17.255,,"-Alta-",-20.414,-46.042,,"Rite_",-14.376,-62.752,,"magimari",17.076,-44.667,,"Pugeuk",8.782,-64.645,,"ame_3",44.774,-99.318,,"紅さかな",-0.064,-119.317,,"alcohol500",-52.134,-91.922,,2888.878,0.344,-36.894,,,,2891.156,-18.011,-39.751,,,,,,,,,,,,,,,,,,,2890.143,-1.048,-38.042,,,,,,,,,,,,,,,,,,,,,,,,,"",2,4.716,4.717,5.596,0,1,0.622,-52.735,-36.476,-24.775,-83.217,0.059,-6.846,0,"mochi_2929",,,,5,""
60,SIDE,2,0,1,1,0,0,2,0,0,0,255,255,255,,2893.478,,,,,,,,,,,,,,,,,,,,,,,,7,"=","=","=","=","=","=","=","=","=",,,,,,,,,,,,,,,,,,,,,,,,,,,,,,,,,,,,,,,0,0,,,,,,,,,,,,,,,,,,,,,,,,,,,,,,,,,,,,,,,,,,,,,,,,,,,,,,,,,,,,,,,,,,,,,,,,,,,,,,,,,,,,,,,,,,,,,,,,,,,,,,,,,,,,,,,,,,,,,,,,,,,,,,,,,,,,,,,,,,,,,,,,,"",0,,,,,,,,,,,,,0,"",,,,0,""
61,,3,1,1,1,0,0,0,0,0,0,255,255,255,24,2939.203,"shuwaYNZ",R,3,75,102,-1.433,-0.467,0.944,1.603,0.137,1.337,-36.586,30.154,48,52,0,2,"B+",-450.667,0,-16.961,0,0,7,"mochi_2929","Pring__","-Alta-","ame_3","alcohol500","紅さかな","Pugeuk","magimari","Rite_",4,R,"magimari",190,84.511,0.353,3,55,W,Y,1,2940.445,255,185,99,99,61,,145,87,102.212,-76.186,-0.175,0.92,-21.25,1,0,0.8,90.988,111.496,403.615,,,,,,,,,0,0,,,,,,,,,,,,,,,,,,,,,,,,,,,,,,,,,,,,,,0.445,-37.333,-0.025,-17.298,-21.467,-47.512,-15.196,-64.947,18.698,-45.388,12.65,-63.9,36.489,-90.954,0.541,-118.375,-50.213,-91.929,0.588,-37.057,,"_Chun",-0.096,-17.329,,"檸檬の残骸",-21.697,-47.99,,"わかなで",-16.059,-66.131,,"MODECO",18.672,-45.378,,"まととまと",12.647,-63.868,,"「론구」",36.464,-90.972,,"Mr․D VRC",0.566,-118.227,,"ゆっち一",-50.229,-91.935,,,,,,,,,,,,,,,,,,,,,,,,,,,,,,,,,,,,,,,,,,,,,,,,,,,,,,,,"",3,,,,,,,,,,,,,0,"",,,,0,""
62,,3,1,1,1,1,1,0,0,0,0,255,255,255,26,2985.39,"shuwaYNZ",R,3,76,103,-3.203,-0.617,0.739,1.643,-0.501,1.423,-36.586,19.168,43,57,0,4,"B+",-452.503,128.311,-11.751,0,0,7,"=","=","=","=","=","=","=","=","=",4,R,"magimari",190,84.511,0.353,,55,W,Y,1,,,,,,,,,,,,,,,,,,,,,,,,,,,,,0,0,,,,,,,,,,,,,,,,,,,,,,,,,,,,,,,,,,,,,,0.413,-37.136,-0.354,-17.128,-21.457,-47.221,-15.857,-63.43,18.475,-45.833,13.691,-63.77,35.932,-93.865,-0.574,-116.834,-51.284,-90.668,,,,"",,,,"",,,,"",,,,"",,,,"",,,,"",,,,"",,,,"",,,,,,,,,,,,,,,,,,,,,,,,,,,,,,,,,,,,,,,,,,,,,,,,,,,,,,,,,,"",0,,,,,,,,,,,,,0,"",,,,0,""
63,,3,1,1,1,2,2,0,0,0,0,255,255,255,28,3071.731,"shuwaYNZ",R,5,43,85,-0.815,-0.105,0.944,1.71,-0.016,1.574,-36.586,41.64,84,16,0,2,"",-146.375,0,0.981,0,0,7,"=","=","=","=","=","=","=","=","=",4,R,"magimari",190,84.511,0.353,5,55,W,Y,1,3073.064,254,221,98,135,81,,145,89,-13.509,-78,-0.054,1.11,-21.59,-1,0,0.813,143.978,-465.446,-65.846,3072.896,3.958,-22.42,,,,,,0,0,,,,,,,,,,,,,,,,,,,,,,,,,,,,,,,,,,,,,,0.418,-37.222,-0.499,-17.282,-21.956,-48.23,-16.312,-63.15,18.272,-45.81,13.776,-63.967,35.93,-93.871,-0.111,-117.433,-49.605,-92.135,0.909,-37.149,,"_Chun",-0.487,-17.266,,"檸檬の残骸",-22.265,-48.604,,"わかなで",-18.938,-65.674,,"MODECO",18.194,-45.753,,"まととまと",13.802,-63.898,,"「론구」",35.913,-93.86,,"Mr․D VRC",-0.121,-117.436,,"ゆっち一",-49.598,-92.126,,,,,,,,,,,,,,,,,,,,,,,,,,,,,,,,,,,,,,,,,,,,,,,,,,,,,,,,"",3,-97.423,-78,-55.672,1,2,0.169,-20.723,-13.509,-83.579,-20.611,0.026,-1.54,0,"",,,,0,""
64,,3,1,1,1,2,2,0,0,0,0,255,255,255,29,3092.789,"shuwaYNZ",R,27,76,127,0.89,-0.339,0.953,1.636,0.246,1.284,-36.586,21.888,36,64,0,0,"",72.935,-111.89,1.729,0,0,7,"=","=","=","=","=","=","=","=","=",4,R,"magimari",190,84.511,0.353,,55,W,Y,0,,,,,,,,,,,,,,,,,,,,,,,,,,,,,0,0,,,,,,,,,,,,,,,3095.558,7,,578,0,,,,,,,,,,,,,,,,,,,0.509,-37.23,0.026,-17.364,-22.602,-49.105,-15.395,-64.012,18.461,-45.728,13.878,-63.709,36.311,-94.53,-0.468,-117.958,-49.171,-92.323,,,,"",,,,"",,,,"",,,,"",,,,"",,,,"",,,,"",,,,"",,,,,,,,,,,,,,,,,,,,,,,,,,,,,,,,,,,,,,,,,,,,,,,,,,,,,,,,,,"",0,,,,,,,,,,,,,0,"",,,,0,""
65,,3,1,1,1,0,0,1,0,0,0,255,255,255,30,3116.466,"shuwaYNZ",R,27,89,140,-1.441,-1.418,0.738,1.486,-0.751,0.698,-36.586,10.218,39,61,0,1,"",84.514,-106.022,5.115,0,0,8,"=","=","=","=","=","=","=","=","=",3,R,"Rite_",170,80,0.455,,50,W,Y,0,,,,,,,,,,,,,,,,,,,,,,,,,,,,,0,0,,,,,,,,,,,,,,,,,,,,,,,,,,,,,,,,,,,,,,0.429,-37.251,-0.175,-17.472,-20.78,-46.988,-16.009,-63.201,18.601,-46.205,11.948,-61.646,36.314,-94.522,-0.658,-117.966,-47.653,-90.072,,,,"",,,,"",,,,"",,,,"",,,,"",,,,"",,,,"",,,,"",,,,,,,,,,,,,,,,,,,,,,,,,,,,,,,,,,,,,,,,,,,,,,,,,,,,,,,,,,"",0,,,,,,,,,,,,,0,"",,,,0,""
66,,3,1,1,1,1,0,1,0,0,0,255,255,255,31,3134.641,"shuwaYNZ",R,13,66,95,-2.861,-1.03,0.76,1.693,-0.433,1.516,-36.586,23.815,44,56,0,1,"",-367.742,262.086,-21.005,0,0,8,"=","=","=","=","=","=","=","=","=",3,R,"Rite_",170,80,0.455,,50,W,Y,0,,,,,,,,,,,,,,,,,,,,,,,,,,,,,0,0,,,,,,,,,,,,,,,,,,,,,,,,,,,,,,,,,,,,,,0.295,-37.265,-0.342,-17.503,-22,-47.546,-17.068,-62.997,18.511,-46.13,11.914,-61.93,36.33,-94.52,-0.694,-118.227,-46.582,-90.397,,,,"",,,,"",,,,"",,,,"",,,,"",,,,"",,,,"",,,,"",,,,,,,,,,,,,,,,,,,,,,,,,,,,,,,,,,,,,,,,,,,,,,,,,,,,,,,,,,"",0,,,,,,,,,,,,,0,"",,,,0,""
67,,3,1,1,1,2,0,1,0,0,0,255,255,255,32,3151.491,"shuwaYNZ",R,13,68,109,1.27,-1.151,1.17,1.688,1.255,1.429,-36.586,32.779,83,17,0,1,"",-386.885,312.348,-27.307,0,0,8,"=","=","=","=","=","=","=","=","=",3,R,"Rite_",170,80,0.455,,50,W,Y,0,,,,,,,,,,,,,,,,,,,,,,,,,,,,,0,0,,,,,,,,,,,,,,,,,,,,,,,,,,,,,,,,,,,,,,0.636,-37.138,0.06,-17.498,-21.488,-47.518,-16.861,-62.891,18.518,-45.661,11.945,-61.856,36.319,-94.525,-0.683,-117.951,-47.161,-90.339,,,,"",,,,"",,,,"",,,,"",,,,"",,,,"",,,,"",,,,"",,,,,,,,,,,,,,,,,,,,,,,,,,,,,,,,,,,,,,,,,,,,,,,,,,,,,,,,,,"",0,,,,,,,,,,,,,0,"",,,,0,""
68,,3,1,1,1,3,0,1,0,0,0,255,255,255,33,3169.952,"shuwaYNZ",R,30,90,140,-1.098,-0.788,0.825,1.606,-0.351,1.133,-36.586,11.377,35,65,0,0,"",-118.814,-20.825,35.607,0,0,8,"=","=","=","=","=","=","=","=","=",3,R,"Rite_",170,80,0.455,,50,W,Y,0,,,,,,,,,,,,,,,,,,,,,,,,,,,,,0,0,,,,,,,,,,,,,,,,,,,,,,,,,,,,,,,,,,,,,,0.53,-37.212,-0.07,-17.525,-21.486,-47.569,-15.832,-63.752,18.579,-45.709,13.144,-64.967,36.327,-94.519,-0.721,-118.006,-47.06,-90.508,,,,"",,,,"",,,,"",,,,"",,,,"",,,,"",,,,"",,,,"",,,,,,,,,,,,,,,,,,,,,,,,,,,,,,,,,,,,,,,,,,,,,,,,,,,,,,,,,,"",0,,,,,,,,,,,,,0,"",,,,0,""
69,,3,1,1,1,3,1,1,0,0,0,255,255,255,34,3188.651,"shuwaYNZ",R,27,93,140,-1.153,-0.078,0.767,1.694,-0.617,1.45,-36.586,14.333,82,18,0,0,"",66.263,-104.862,10.381,0,0,8,"=","=","=","=","=","=","=","=","=",3,R,"Rite_",170,80,0.455,,50,W,Y,0,,,,,,,,,,,,,,,,,,,,,,,,,,,,,0,0,,,,,,,,,,,,,,,,,,,,,,,,,,,,,,,,,,,,,,0.489,-37.164,-0.093,-17.614,-21.509,-47.708,-15.378,-63.757,18.813,-45.923,12.165,-64.454,36.336,-94.529,-0.69,-117.909,-47.067,-90.496,,,,"",,,,"",,,,"",,,,"",,,,"",,,,"",,,,"",,,,"",,,,,,,,,,,,,,,,,,,,,,,,,,,,,,,,,,,,,,,,,,,,,,,,,,,,,,,,,,"",0,,,,,,,,,,,,,0,"",,,,0,""
70,,3,1,1,1,3,2,1,0,0,0,255,255,255,35,3206.658,"shuwaYNZ",R,3,77,103,0.53,-0.514,1.267,1.617,1.139,1.333,-36.586,37.834,76,24,0,2,"",-468.182,0,-12.233,0,0,8,"=","=","=","=","=","=","=","=","=",3,R,"Rite_",170,80,0.455,3,50,W,Y,1,3207.806,255,118,33,61,81,,120,66,-22.822,62.63,0.228,0.868,-21.572,1,0,0.571,-39.112,17.017,141.678,3207.646,-3.025,-23.255,,,,,,0,0,,,,,,,,,,,,,,,,,,,,,,,,,,,,,,,,,,,,,,0.661,-37.188,0.091,-17.533,-20.422,-46.656,-16.031,-63.464,18.913,-46.231,12.704,-62.89,36.335,-94.525,-0.692,-115.464,-48.714,-91.18,1.048,-36.735,,"_Chun",0.093,-17.524,,"檸檬の残骸",-21.006,-47.536,,"わかなで",-17.062,-65.935,,"MODECO",18.747,-46.022,,"まととまと",12.057,-58.664,,"「론구」",36.336,-94.528,,"Mr․D VRC",-0.445,-114.905,,"ゆっち一",-48.705,-91.173,,,,,,,,,,,,,,,,,,,,,,,,,,,,,,,,,,,,,,,,,,,,,,,,,,,,,,,,"",3,,,,,,,,,,,,,0,"",,,,0,""
71,,3,1,1,1,3,2,1,0,0,0,255,255,255,36,3228.993,"shuwaYNZ",R,6,67,98,0.582,-0.377,0.699,1.648,-0.623,1.407,-36.586,10.678,44,56,0,2,"",374.845,0,32.508,0,0,8,"=","=","=","=","=","=","=","=","=",3,R,"Rite_",170,80,0.455,3,50,W,Y,1,3230.196,153,69,70,24,0,,134,93,-30,34.169,0.133,0.699,-19.521,0.04,0,0.197,-185.303,144.536,-123.458,3229.858,-0.596,-20.593,3232.875,3,-19.332,0.056,-59.179,0,0,,3235.551,,,,,,,,,,,,,3235.569,8,,147,1,,,,,,,,,,,,,,,,,,,0.495,-37.159,-0.016,-17.53,-23.385,-49.198,-16.364,-63.196,18.503,-46.003,13.569,-62.663,36.751,-94.66,-0.372,-113.845,-46.638,-88.71,0.678,-36.976,,"_Chun",0.014,-17.548,,"檸檬の残骸",-23.34,-49.734,47,"わかなで",-18.026,-66.496,91,"MODECO",18.488,-45.963,,"まととまと",13.621,-62.523,,"「론구」",36.749,-94.657,,"Mr․D VRC",-0.358,-113.733,,"ゆっち一",-46.665,-88.737,,3238.173,-14.056,-38.658,,,,3234.928,-19.689,-40.017,3233.211,-19.813,-60.435,,,,,,,,,,,,,,,,,,,,,,3237.654,-17.411,-39.338,3234.021,-19.648,-55.78,,,,,,,,,,,,,,,,"",2,,,,,,,,,,,,,0,"わかなで",,,,289,""
72,,3,1,1,1,0,0,2,0,0,0,255,255,255,37,3257.912,"shuwaYNZ",R,6,78,106,2.128,-0.353,0.944,1.631,0.135,1.397,-36.586,25.956,87,13,0,4,"",384.176,0,25.625,0,0,0,"=","=","=","=","=","=","=","=","=",0,L,"mochi_2929",190,96.482,0.468,,54,W,Y,1,,,,,,,,,,,,,,,,,,,,,,,,,,,,,0,0,,,,,,,,,,,,,,,,,,,,,,,,,,,,,,,,,,,,,,0.47,-37.206,0.191,-17.336,-21.65,-47.258,-13.683,-65.037,21.667,-45.496,16.567,-62.229,48.871,-104.086,1.472,-115.305,-46.603,-94.014,,,,"",,,,"",,,,"",,,,"",,,,"",,,,"",,,,"",,,,"",,,,3261.983,0.422,-37.83,,,,,,,,,,,,,,,,,,,,,,,,,,,,,,,,,,,,,,,,,,,,,,,,,,,,"",0,,,,,,,,,,,,,0,"",,,,0,""
73,,3,1,1,1,0,1,2,0,0,0,255,255,255,38,3276.981,"shuwaYNZ",R,13,68,97,0.868,-1.692,1.271,1.489,1.149,1.089,-36.586,37.574,46,54,0,2,"",-344.292,312.348,-35.753,0,0,0,"=","=","=","=","=","=","=","=","=",0,L,"mochi_2929",190,96.482,0.468,3,54,W,Y,1,3278.284,252,180,116,68,68,,145,87,-33.987,-33.85,0.263,0.518,-21.265,-1,0,0.986,159.349,447.245,157.401,3277.946,0.716,-21.944,3279.742,4,16.19,0.35,-45.166,0,0,,3283.138,,,,,,,,,,,,,3283.021,0,,147,8,,,,,,,,,,,,,,,,,,,0.598,-37.316,0.114,-17.414,-20.266,-45.778,-14.339,-64.48,22.095,-45.881,16.942,-61.884,48.883,-104.358,1.259,-115.472,-43.958,-97.246,0.941,-36.924,,"_Chun",0.088,-17.436,,"檸檬の残骸",-20.266,-45.776,,"わかなで",-15.736,-68.201,,"MODECO",21.924,-45.655,98,"まととまと",17.115,-63.321,,"「론구」",48.884,-104.353,,"Mr․D VRC",1.268,-115.456,,"ゆっち一",-44.329,-97.931,,,,,,,,3282.419,-18.763,-39.815,,,,3280.182,16.718,-45.938,,,,,,,,,,,,,,,,,,,,,,,,,3280.907,12.289,-45.471,,,,,,,,,,,,,"",2,,,,,,,,,,,,,0,"MODECO",,,,264,""
74,SIDE,3,1,1,1,0,0,2,0,0,0,255,255,255,,3284.604,,,,,,,,,,,,,,,,,,,,,,,,1,"=","=","=","=","=","=","=","=","=",,,,,,,,,,,,,,,,,,,,,,,,,,,,,,,,,,,,,,,0,0,,,,,,,,,,,,,,,,,,,,,,,,,,,,,,,,,,,,,,,,,,,,,,,,,,,,,,,,,,,,,,,,,,,,,,,,,,,,,,,,,,,,,,,,,,,,,,,,,,,,,,,,,,,,,,,,,,,,,,,,,,,,,,,,,,,,,,,,,,,,,,,,,"",0,,,,,,,,,,,,,0,"",,,,0,""
75,,3,0,1,1,0,0,0,0,0,0,255,255,255,33,3337.37,"mochi_2929",R,13,78,116,-1.702,-1.511,0.16,1.525,-0.184,1.061,-36.434,21.798,53,47,0,1,"",-390.434,312.348,-3.558,-0.492,-17.677,7,"わかなで","ゆっち一","_Chun","MODECO","「론구」","shuwaYNZ","まととまと","Mr․D VRC","檸檬の残骸",7,R,"Mr․D VRC",177,95.452,0.553,,54,W,Y,0,,,,,,,,,,,,,,,,,,,,,,,,,,,,,0,0,,,,,,,,,,,,,,,,,,,,,,,,,,,,,,,,,,,,,,-0.175,-37.141,-0.14,-17.489,-20.57,-47.205,-14.536,-62.977,18.221,-45.107,9.825,-62.029,46.827,-99.829,-0.781,-119.033,-48.788,-92.873,,,,"",,,,"",,,,"",,,,"",,,,"",,,,"",,,,"",,,,"",,,,,,,,,,,,,,,,,,,,,,,,,,,,,,,,,,,,,,,,,,,,,,,,,,,,,,,,,,"",0,,,,,,,,,,,,,0,"",,,,0,""
76,,3,0,1,1,1,0,0,0,0,0,255,255,255,34,3352.778,"mochi_2929",R,26,89,140,-3.336,-1.573,-0.091,1.364,-1.356,0.502,-36.434,6.48,56,44,0,1,"",-92.307,-200,-66.331,0,0,7,"=","=","=","=","=","=","=","=","=",7,R,"Mr․D VRC",177,95.452,0.553,,54,W,Y,0,,,,,,,,,,,,,,,,,,,,,,,,,,,,,0,0,,,,,,,,,,,,,,,,,,,,,,,,,,,,,,,,,,,,,,-0.191,-37.129,-0.051,-17.58,-20.378,-46.377,-14.556,-62.978,17.789,-45.275,10.604,-63.286,46.816,-99.815,-0.715,-119.044,-48.773,-92.739,,,,"",,,,"",,,,"",,,,"",,,,"",,,,"",,,,"",,,,"",,,,,,,,,,,,,,,,,,,,,,,,,,,,,,,,,,,,,,,,,,,,,,,,,,,,,,,,,,"",0,,,,,,,,,,,,,0,"",,,,0,""
77,,3,0,1,1,2,0,0,0,0,0,255,255,255,35,3367.912,"mochi_2929",R,26,91,140,-2.709,-1.192,-0.054,1.428,-1.182,0.724,-36.434,8.187,54,46,0,1,"",1.895,-200,-43.273,0,0,7,"=","=","=","=","=","=","=","=","=",7,R,"Mr․D VRC",177,95.452,0.553,,54,W,Y,0,,,,,,,,,,,,,,,,,,,,,,,,,,,,,0,0,,,,,,,,,,,,,,,,,,,,,,,,,,,,,,,,,,,,,,-0.168,-37.232,-0.055,-17.558,-20.437,-46.468,-14.89,-62.777,17.713,-45.186,10.815,-63.147,46.735,-99.665,-0.931,-118.986,-48.896,-93.399,,,,"",,,,"",,,,"",,,,"",,,,"",,,,"",,,,"",,,,"",,,,,,,,,,,,,,,,,,,,,,,,,,,,,,,,,,,,,,,,,,,,,,,,,,,,,,,,,,"",0,,,,,,,,,,,,,0,"",,,,0,""
78,,3,0,1,1,3,0,0,0,0,0,255,255,255,36,3382.416,"mochi_2929",R,32,91,140,-1.126,-0.649,0.024,1.519,-0.818,1.041,-36.434,13.344,53,47,0,0,"",247.589,-200,21.157,0,0,7,"=","=","=","=","=","=","=","=","=",7,R,"Mr․D VRC",177,95.452,0.553,,54,W,Y,0,,,,,,,,,,,,,,,,,,,,,,,,,,,,,0,0,,,,,,,,,,,,,,,,,,,,,,,,,,,,,,,,,,,,,,-0.161,-37.113,0.008,-17.543,-20.388,-46.397,-14.777,-62.172,17.682,-45.06,10.802,-63.878,46.808,-99.67,-1.036,-119.011,-49.469,-94.196,,,,"",,,,"",,,,"",,,,"",,,,"",,,,"",,,,"",,,,"",,,,,,,,,,,,,,,,,,,,,,,,,,,,,,,,,,,,,,,,,,,,,,,,,,,,,,,,,,"",0,,,,,,,,,,,,,0,"",,,,0,""
79,,3,0,1,1,3,1,0,0,0,0,255,255,255,37,3395.982,"mochi_2929",R,10,76,116,7.898,7.18,0.33,1.795,0.605,1.999,-36.434,44.536,100,0,0,2,"",0,400,-3.343,0,0,7,"=","=","=","=","=","=","=","=","=",7,R,"Mr․D VRC",177,95.452,0.553,0,54,W,Y,1,3397.135,157,43,57,73,36,,137,85,-14.567,-31.656,0.223,0.814,-20.134,-0.85,0,0.289,-28.488,-399.031,-81.803,3396.896,1.915,-22.853,3398.504,4,14.859,0.056,-41.888,0,0,,,,,,,,,,,,,,,3401.936,7,,147,128,,,,,,,,,,,,,,,,,,,-0.167,-37.112,0.014,-17.53,-20.185,-45.704,-15.057,-62.043,17.644,-45.062,10.694,-62.983,46.789,-99.899,-0.609,-119.098,-50.847,-93.896,0.292,-37.368,,"Pring__",0.015,-17.534,,"-Alta-",-20.147,-45.645,,"Rite_",-14.811,-61.552,,"magimari",17.632,-45.043,99,"Pugeuk",10.638,-62.827,,"ame_3",46.77,-99.898,,"紅さかな",-0.913,-119.139,,"alcohol500",-50.856,-93.872,,,,,,,,3401.312,-18.279,-39.764,,,,3398.882,15.632,-42.809,,,,,,,,,,,,,,,,,,,,,,,,,3399.872,10.948,-42.041,,,,,,,,,,,,,"",2,,,,,,,,,,,,,0,"magimari",,,,132,""
80,,3,0,1,1,0,0,1,0,0,0,255,255,255,38,3504.69,"mochi_2929",R,3,83,121,-2.008,-2.529,0.127,1.08,-0.341,-0.34,-36.434,40.355,47,5,47,1,"",-500,0,28.719,-0.96,-19.187,8,"=","=","=","=","=","=","=","=","=",2,L,"檸檬の残骸",190,89.586,0.409,,53,W,Y,0,,,,,,,,,,,,,,,,,,,,,,,,,,,,,0,0,,,,,,,,,,,,,,,,,,,,,,,,,,,,,,,,,,,,,,-0.207,-37.151,0.054,-17.251,-20.202,-46.187,-11.301,-63.939,17.839,-44.149,13.022,-62.13,50.704,-97.197,-1.006,-119.117,-45.402,-96.751,,,,"",,,,"",,,,"",,,,"",,,,"",,,,"",,,,"",,,,"",,,,3510.021,0.024,-37.381,,,,,,,,,,,,,,,,,,,,,,,,,,,,,,,,,,,,,,,,,,,,,,,,,,,,"",0,,,,,,,,,,,,,0,"",,,,0,""
81,,3,0,1,1,1,0,1,0,0,0,255,255,255,39,3522.688,"mochi_2929",R,10,67,111,1.283,-0.049,0.246,1.881,0.551,2.094,-36.434,41.473,100,0,0,2,"",0,400,-34.93,0,0,8,"=","=","=","=","=","=","=","=","=",2,L,"檸檬の残骸",190,89.586,0.409,5,53,W,Y,1,3523.91,246,80,85,73,32,,145,102,-15.197,-8.617,0.286,1.006,-20.589,0.98,0,0.689,-319.646,-398.339,-165.29,3523.579,0.796,-23.874,3525.462,5,8.26,0.06,-57.165,0,0,,3529.14,,,,,,,,,,,,,3528.568,8,,147,64,,,,,,,,,,,,,,,,,,,-0.094,-37.173,0.005,-17.267,-20.627,-46.874,-11.702,-64.817,17.556,-44.367,12.367,-62.744,50.519,-97.395,0.577,-117.871,-44.8,-95.452,0.384,-37.518,,"Pring__",0.015,-17.248,,"-Alta-",-20.369,-46.724,84,"Rite_",-11.727,-64.53,,"magimari",17.439,-44.187,,"Pugeuk",12.361,-62.605,103,"ame_3",50.506,-97.376,,"紅さかな",0.565,-117.892,,"alcohol500",-44.812,-95.366,,3532.114,-0.495,-39.31,,,,3527.963,-18.269,-41.327,,,,,,,3525.9,8.467,-57.895,,,,,,,,,,,,,,,,3531.067,-17.745,-40.703,,,,,,,3526.709,4.641,-54.989,,,,,,,,,,"",2,-8.583,-8.583,-0.109,0,0,1,-18.536,-18.536,-35.94,-18.536,0,-10.053,0,"Pugeuk",,,,69,""
82,,3,0,1,1,0,0,2,0,0,0,255,255,255,40,3549.065,"mochi_2929",R,10,79,118,-0.846,-1.169,0.076,1.645,-0.459,1.424,-36.434,17.119,100,0,0,0,"",65.751,400,-77.897,0,0,0,"=","=","=","=","=","=","=","=","=",3,L,"わかなで",160,93.807,0.2,,53,W,Y,0,,,,,,,,,,,,,,,,,,,,,,,,,,,,,0,0,,,,,,,,,,,,,,,,,,,,,,,,,,,,,,,,,,,,,,-0.132,-37.356,0.059,-17.265,-20.625,-46.828,-12.557,-63.21,17.32,-43.962,14.057,-61.84,51.4,-91.063,-1.03,-117.366,-46.962,-93.106,,,,"",,,,"",,,,"",,,,"",,,,"",,,,"",,,,"",,,,"",,,,3555.118,0.001,-37.578,,,,,,,,,,,,,,,,,,,,,,,,,,,,,,,,,,,,,,,,,,,,,,,,,,,,"",0,,,,,,,,,,,,,0,"",,,,0,""
83,,3,0,1,1,0,1,2,0,0,0,255,255,255,41,3568.104,"mochi_2929",R,2,74,113,-0.949,1.273,0.175,1.82,0.269,1.884,-36.434,39.915,100,0,0,2,"",-390.434,-312.348,-37.623,0,0,0,"=","=","=","=","=","=","=","=","=",3,L,"わかなで",160,93.807,0.2,3,53,W,Y,1,3569.347,173,215,118,115,55,,145,76,39.882,39.252,-0.181,1.2,-20.362,-1,0,0.42,182.028,369.088,-328.494,3573.767,-41.781,-64.629,3575.012,8,-46.665,0.809,-69.023,1,0,,3573.571,3577.971,,,,,,,,,,,,,,,,,,,,,,,,,,,,,,,,,,,-0.169,-37.379,0.077,-17.458,-20.81,-45.064,-13.086,-62.145,17.003,-43.526,12.983,-62.074,51.55,-92.369,-0.996,-117.369,-48.55,-90.47,0.161,-37.641,,"Pring__",0.102,-17.132,,"-Alta-",-20.452,-45.031,,"Rite_",-12.419,-64.422,,"magimari",16.33,-42.279,,"Pugeuk",12.989,-61.896,72,"ame_3",51.537,-92.367,,"紅さかな",-0.993,-117.35,,"alcohol500",-48.243,-90.716,112,3585.472,0.657,-44.005,,,,,,,,,,,,,3578.633,-0.633,-58.936,,,,,,,3575.443,-47.412,-69.109,,,,,,,,,,,,,,,,3584.474,-0.735,-58.213,,,,,,,3577.036,-36.552,-67.041,"",2,,,,,,,,,,,,,0,"alcohol500",3577.971,,,81,""
84,,3,0,1,1,0,0,2,0,1,0,255,13,255,42,3601.402,"mochi_2929",R,26,81,132,0.793,-0.014,0.212,1.622,0.058,1.406,-36.434,30.574,100,0,0,0,"",196.454,-200,-16.033,0,0,1,"=","=","=","=","=","=","=","=","=",8,L,"ゆっち一",181.4,84,0.401,,53,W,Y,1,,,,,,,,,,,,,,,,,,,,,,,,,,,,,0,0,,,,,,,,,,,,,3604.031,,,,,,,,,,,,,,,,,,,,,,,,,-0.135,-37.283,0.038,-17.229,-20.047,-44.65,-12.045,-63.908,18.138,-44.784,10.163,-61.455,52.804,-98.543,0.743,-119.537,-51.75,-93.772,,,,"",,,,"",,,,"",,,,"",,,,"",,,,"",,,,"",,,,"",,,,3606.139,-0.033,-37.402,,,,,,,,,,,,,,,,,,,,,,,,,,,,,,,,,,,,,,,,,,,,,,,,,,,,"",0,,,,,,,,,,,,,0,"",3603.947,,,0,""
85,,3,0,1,1,0,1,2,0,1,0,255,13,255,43,3618.256,"mochi_2929",R,26,67,120,3.867,1.298,0.452,1.83,1.458,2.172,-36.434,56.466,100,0,0,1,"",132.314,-200,-3.968,0,0,1,"=","=","=","=","=","=","=","=","=",8,L,"ゆっち一",181.4,84,0.401,,53,W,Y,0,,,,,,,,,,,,,,,,,,,,,,,,,,,,,0,0,,,,,,,,,,,,,3618.795,,,,,,,,,,,,,,,,,,,,,,,,,-0.155,-37.152,0.034,-17.204,-20.69,-45.83,-8.121,-64.637,17.982,-44.375,12.019,-61.156,53.627,-99.335,1.638,-120.112,-48.324,-94.301,,,,"",,,,"",,,,"",,,,"",,,,"",,,,"",,,,"",,,,"",,,,3622.604,-0.129,-37.65,,,,,,,,,,,,,,,,,,,,,,,,,,,,,,,,,,,,,,,,,,,,,,,,,,,,"",0,,,,,,,,,,,,,0,"",3620.746,,,0,""
86,,3,0,1,1,1,1,2,0,1,0,255,13,255,44,3636.617,"mochi_2929",R,13,76,114,-0.052,-1.105,0.3,1.625,0.645,1.344,-36.434,34.119,100,0,0,2,"",-390.434,312.348,-25.651,0,0,1,"=","=","=","=","=","=","=","=","=",8,L,"ゆっち一",181.4,84,0.401,5,53,W,Y,1,3637.809,220,102,66,127,36,,140,112,26.056,-26.76,-0.045,0.513,-19.88,0.11,0,0.156,427.534,-318.979,256.371,,,,3642.712,6,49.081,2.869,-103.382,0,0,,3643.32,,,,,,,3642.676,,,,,,3643.225,1,,455,0,,,,,,,,,,,,,,,,,,,-0.064,-37.23,-0.013,-17.24,-19.548,-44.919,-5.359,-65.639,17.991,-44.012,11.874,-62.508,53.426,-99.529,0.672,-116.258,-48.846,-92.803,0.338,-37.603,,"Pring__",-0.008,-17.448,,"-Alta-",-19.55,-44.884,,"Rite_",-7.662,-64.984,,"magimari",17.365,-43.736,,"Pugeuk",11.857,-62.424,,"ame_3",53.403,-99.556,88,"紅さかな",-0.208,-116.472,,"alcohol500",-48.766,-92.802,,,,,,,,,,,,,,,,,,,,3643.239,49.704,-104.21,,,,,,,,,,,,,,,,,,,,,,,,,3644.925,48.974,-103.262,,,,,,,"",1,-23.473,-23.473,-7.376,0,2,0.153,86.948,37.087,-0.913,89.467,0.061,-61.175,0,"ame_3",,3642.676,,8,""
87,SIDE,3,0,1,1,0,0,2,0,1,0,255,13,255,,3646.156,,,,,,,,,,,,,,,,,,,,,,,,2,"=","=","=","=","=","=","=","=","=",,,,,,,,,,,,,,,,,,,,,,,,,,,,,,,,,,,,,,,0,0,,,,,,,,,,,,,,,,,,,,,,,,,,,,,,,,,,,,,,,,,,,,,,,,,,,,,,,,,,,,,,,,,,,,,,,,,,,,,,,,,,,,,,,,,,,,,,,,,,,,,,,,,,,,,,,,,,,,,,,,,,,,,,,,,,,,,,,,,,,,,,,,,"",0,,,,,,,,,,,,,0,"",,,,0,""
88,,4,1,1,1,0,0,0,0,0,0,255,255,255,39,3756.717,"shuwaYNZ",R,6,77,106,2.61,-0.337,1.019,1.636,0.368,1.408,-36.586,30.264,89,11,0,4,"",379.099,0,21.702,0,0,1,"mochi_2929","Pring__","-Alta-","ame_3","alcohol500","紅さかな","Pugeuk","magimari","Rite_",1,L,"Pring__",190,93.476,0.448,,72,W,Y,1,,,,,,,,,,,,,,,,,,,,,,,,,,,,,0,0,,,,,,,,,,,,,,,,,,,,,,,,,,,,,,,,,,,,,,0.495,-37.186,0.16,-17.301,-20.785,-46.779,-11.517,-65.768,21.919,-46.339,17.348,-61.823,48.346,-105.999,2.591,-117.803,-42.027,-93.909,,,,"",,,,"",,,,"",,,,"",,,,"",,,,"",,,,"",,,,"",,,,,,,,,,,,,,,,,,,,,,,,,,,,,,,,,,,,,,,,,,,,,,,,,,,,,,,,,,"",0,,,,,,,,,,,,,0,"",,,,0,""
89,,4,1,1,1,0,1,0,0,0,0,255,255,255,40,3777.492,"shuwaYNZ",R,6,88,114,1.606,-0.656,0.906,1.54,0.02,1.201,-36.586,21.273,35,65,0,2,"",384.417,0,49.343,0,0,1,"=","=","=","=","=","=","=","=","=",1,L,"Pring__",190,93.476,0.448,3,72,W,Y,1,3778.647,210,191,82,97,82,,145,87,102.615,79.469,0.305,0.739,-20.061,1,0,0.698,463.208,-144.681,-242.745,,,,,,,,,0,0,,,,,,,,,,,,,,,,,,,,,,,,,,,,,,,,,,,,,,0.465,-37.167,0.085,-17.333,-21.098,-47.349,-12.116,-65.653,22.067,-46.478,17.155,-61.937,48.364,-105.969,2.752,-118.178,-43.409,-100.805,0.33,-37.065,,"_Chun",0.097,-17.339,,"檸檬の残骸",-21.469,-47.688,,"わかなで",-10.065,-68.866,,"MODECO",21.921,-46.242,,"まととまと",17.233,-61.906,,"「론구」",48.362,-105.972,,"Mr․D VRC",2.933,-118.608,,"ゆっち一",-43.399,-100.794,,,,,,,,,,,,,,,,,,,,,,,,,,,,,,,,,,,,,,,,,,,,,,,,,,,,,,,,"",3,,,,,,,,,,,,,0,"",,,,0,""
90,,4,1,1,1,0,2,0,0,0,0,255,255,255,41,3800.025,"shuwaYNZ",R,27,82,134,1.087,-0.909,1.022,1.528,0.567,0.935,-36.586,22.883,35,65,0,2,"",-89.44,-112.295,26.232,0,0,1,"=","=","=","=","=","=","=","=","=",1,L,"Pring__",190,93.476,0.448,3,72,W,Y,1,3801.062,251,180,79,124,86,,145,87,18.643,-30.764,0.23,0.71,-20.76,1,0,0.814,-39.079,-194.454,-155.014,,,,3803.454,5,26.453,1.85,-61.875,0,0,,,,,,,,,,,,,,,3804,1,,454,0,,,,,,,,,,,,,,,,,,,0.573,-37.189,0.401,-17.195,-20.769,-46.236,-11.767,-65.737,23.012,-46.928,16.383,-61.826,48.335,-106.008,2.608,-119.097,-42.964,-98.679,0.668,-37.018,,"_Chun",0.341,-17.281,,"檸檬の残骸",-21.182,-46.702,,"わかなで",-12.233,-68.253,,"MODECO",22.94,-46.777,,"まととまと",17.495,-64.041,85,"「론구」",48.338,-105.992,,"Mr․D VRC",2.626,-119.012,,"ゆっち一",-42.446,-99.426,,3808.789,1.676,-41.883,,,,,,,,,,,,,3804.014,26.668,-63.09,,,,,,,,,,,,,,,,,,,,,,,,,3807.017,25.483,-62.029,,,,,,,,,,"",1,,,,,,,,,,,,,0,"まととまと",,,,96,""
91,,4,1,1,1,0,0,1,0,0,0,255,255,255,42,3829.311,"shuwaYNZ",R,31,81,132,-0.828,-0.58,0.833,1.611,-0.311,1.204,-36.586,17.321,35,65,0,0,"",-52.567,-39.886,23.87,0,0,2,"=","=","=","=","=","=","=","=","=",2,L,"-Alta-",189.8,86,0.499,,53,W,Y,1,,,,,,,,,,,,,,,,,,,,,,,,,,,,,0,0,,,,,,,,,,,,,,,,,,,,,,,,,,,,,,,,,,,,,,0.421,-37.266,-0.138,-17.447,-21.814,-47.362,-11.911,-65.742,22.339,-45.827,17.435,-61.636,48.416,-104.739,4.069,-116.776,-43.921,-102.04,,,,"",,,,"",,,,"",,,,"",,,,"",,,,"",,,,"",,,,"",,,,3833.056,0.574,-37.66,,,,,,,,,,,,,,,,,,,,,,,,,,,,,,,,,,,,,,,,,,,,,,,,,,,,"",0,,,,,,,,,,,,,0,"",,,,0,""
92,,4,1,1,1,0,1,1,0,0,0,255,255,255,43,3847.482,"shuwaYNZ",R,3,70,98,1.314,0.093,1.304,1.694,1.494,1.692,-36.586,71.844,69,31,0,0,"",-445.455,0,2.623,0,0,2,"=","=","=","=","=","=","=","=","=",2,L,"-Alta-",189.8,86,0.499,,53,W,Y,0,,,,,,,,,,,,,,,,,,,,,,,,,,,,,0,0,,,,,,,,,,,,,,,,,,,,,,,,,,,,,,,,,,,,,,0.624,-37.105,0.213,-17.37,-20.932,-47.311,-11.927,-65.675,22.268,-45.747,17.51,-61.798,48.44,-104.724,4.661,-117.34,-44.246,-102.003,,,,"",,,,"",,,,"",,,,"",,,,"",,,,"",,,,"",,,,"",,,,3851.217,0.454,-37.381,,,,,,,,,,,,,,,,,,,,,,,,,,,,,,,,,,,,,,,,,,,,,,,,,,,,"",0,,,,,,,,,,,,,0,"",,,,0,""
93,,4,1,1,1,0,2,1,0,0,0,255,255,255,44,3867.401,"shuwaYNZ",R,0,71,110,1.306,-0.379,1.071,1.671,0.536,1.377,-36.586,53.954,69,31,0,0,"",0,0,12.123,0,0,2,"=","=","=","=","=","=","=","=","=",2,L,"-Alta-",189.8,86,0.499,,53,W,Y,1,,,,,,,,,,,,,,,,,,,,,,,,,,,,,0,0,,,,,,,,,,,,,,,3870.006,2,,578,0,,,,,,,,,,,,,,,,,,,0.541,-37.349,0.302,-17.62,-21.496,-47.877,-12.631,-65.32,22.377,-45.849,16.827,-61.986,48.457,-104.724,4.709,-117.322,-43.579,-102.084,,,,"",,,,"",,,,"",,,,"",,,,"",,,,"",,,,"",,,,"",,,,3871.686,0.204,-37.656,,,,,,,,,,,,,,,,,,,,,,,,,,,,,,,,,,,,,,,,,,,,,,,,,,,,"",0,,,,,,,,,,,,,0,"",,,,0,""
94,,4,1,1,1,0,0,2,0,0,0,255,255,255,45,3893.244,"shuwaYNZ",R,28,81,132,-0.725,-0.775,0.812,1.586,-0.411,1.084,-36.586,13.874,37,63,0,2,"",47.201,-59.445,9.877,0,0,3,"=","=","=","=","=","=","=","=","=",6,L,"ame_3",177.5,88.183,0.277,5,53,W,Y,1,3894.392,234,119,137,109,53,,145,88,16.269,-32.516,0.003,0.586,-20.266,-0.84,0,0.449,79.342,-484.323,270.641,3897.212,37.712,-70.179,3898.663,6,46.722,0.062,-80.311,1,0,,3900.031,,,,,,,,,,,,,,,,,,,,,,,,,,,,,,,,,,,,0.439,-37.228,-0.121,-17.335,-20.541,-46.42,-11.969,-65.585,20.687,-45.581,16.427,-62.583,42.964,-98.009,3.977,-115.926,-43.863,-100.078,0.826,-36.952,,"_Chun",-0.131,-17.342,,"檸檬の残骸",-21.116,-46.917,,"わかなで",-11.893,-67.828,75,"MODECO",20.613,-45.34,,"まととまと",16.061,-62.511,,"「론구」",42.967,-98.01,103,"Mr․D VRC",4.147,-116.68,,"ゆっち一",-43.932,-100.214,,3905.736,-0.123,-42.794,,,,,,,3902.281,-0.474,-58.502,,,,,,,3899.234,46.937,-81.001,,,,,,,,,,,,,,,,3904.735,-0.625,-57.087,,,,,,,3900.135,43.069,-77.529,,,,,,,"",2,-29.332,-29.332,-5.926,0,2,0.367,26.443,16.269,-5.357,25.877,0.01,-175.23,0,"「론구」",,,,49,""
95,,4,1,1,1,0,0,2,1,0,0,6,255,255,46,3923.92,"shuwaYNZ",R,3,70,110,-1.688,-1.163,0.936,1.549,0.166,0.945,-36.586,24.718,36,64,0,2,"BE+",-500,0,-21.869,0,0,4,"=","=","=","=","=","=","=","=","=",8,L,"alcohol500",174.3,85.415,0.3,0,42,W,Y,1,3924.952,183,93,85,132,61,,145,114,30.646,-13.931,-0.289,0.583,-20.617,0.13,0,0.165,425.5,-222.288,-201.733,3929.746,30.426,-116.593,3932.788,6,31.809,0.056,-123.025,1,0,,3930.191,3934.565,3941.197,,3930.131,3934.958,3942.543,,,,3923.92,,,,,,,,,,,,,,,,,,,,,,3944.916,4,,,0.464,-37.247,-0.01,-17.581,-19.529,-40.709,-9.382,-66.567,21.167,-45.655,16.573,-60.894,40.603,-95.967,5.034,-114.663,-38.878,-89.501,0.197,-37.106,,"_Chun",-0.118,-17.592,,"檸檬の残骸",-20.615,-44.451,,"わかなで",-9.263,-67.677,,"MODECO",21.284,-45.415,60,"まととまと",16.47,-60.707,,"「론구」",40.603,-95.962,96,"Mr․D VRC",4.928,-114.691,,"ゆっち一",-38.317,-88.848,,3952.139,-0.711,-42.037,,,,,,,,,,3942.593,19.782,-40.031,,,,3933.374,31.718,-122.516,,,,,,,,,,,,,,,,,,,3950.685,17.68,-40.342,,,,3940.09,25.682,-88.884,,,,,,,"6:+1",2,,,,,,,,,,,,,0,"「론구」",3930.131,3934.958,3942.543,56,""
96,,4,1,2,1,0,0,2,0,0,1,255,255,8,47,3974.458,"shuwaYNZ",R,3,76,103,1.674,1.294,1.26,1.817,1.635,2.36,-36.586,73.228,60,40,0,1,"",-467.619,0,14.977,0,0,5,"=","=","=","=","=","=","=","=","=",7,R,"紅さかな",172.7,88,0.452,,52,W,Y,0,,,,,,,,,,,,,,,,,,,,,,,,,,,,,0,0,,,,,,,,,,,,,,3974.846,,,,,,,,,,,,,,,,,,,,,,,,0.515,-37.318,0.087,-17.513,-22.029,-48.356,-14.837,-64.175,18.915,-45.282,11.965,-64.1,37.343,-92.485,0.068,-116.223,-45.791,-91.881,,,,"",,,,"",,,,"",,,,"",,,,"",,,,"",,,,"",,,,"",,,,3978.589,0.317,-37.606,,,,,,,,,,,,,,,,,,,,,,,,,,,,,,,,,,,,,,,,,,,,,,,,,,,,"",0,,,,,,,,,,,,,0,"",,3977.382,,0,""
97,,4,1,2,1,1,0,2,0,0,1,255,255,8,48,3992.982,"shuwaYNZ",R,27,91,140,0.417,-0.577,0.902,1.608,0.01,1.148,-36.586,15.003,38,62,0,2,"",105.196,-127.799,10.916,0,0,5,"=","=","=","=","=","=","=","=","=",7,R,"紅さかな",172.7,88,0.452,5,52,W,Y,1,3994.123,207,66,84,27,37,,138,87,-2.927,50.962,0.052,0.703,-19.851,-0.61,0,0.254,190.355,164.608,-288.499,3993.725,-6.367,-25.021,,,,,,0,0,,,,,,,,,,,,,,3993.551,,,,,,,,,,,,,,,,,,,,,,,,0.533,-37.278,0.05,-17.522,-22.382,-49.44,-15.142,-63.99,18.782,-45.225,11.271,-61.961,37.34,-92.488,0.279,-116.107,-46.071,-91.567,0.86,-36.953,,"_Chun",0.002,-17.54,,"檸檬の残骸",-22.688,-50.02,,"わかなで",-16.518,-66.35,,"MODECO",18.456,-45.381,,"まととまと",11.117,-61.972,,"「론구」",37.342,-92.488,,"Mr․D VRC",0.069,-115.908,,"ゆっち一",-46.041,-91.588,,,,,,,,,,,,,,,,,,,,,,,,,,,,,,,,,,,,,,,,,,,,,,,,,,,,,,,,"",3,53.518,44.471,12.162,0,2,0.026,-4.376,-2.927,-10.864,-4.645,0.003,109.287,0,"",,4001.052,,0,""
98,,4,1,2,1,1,1,2,0,0,1,255,255,8,49,4019.583,"shuwaYNZ",R,3,75,102,-3.498,-1.051,0.719,1.602,-0.561,1.302,-36.586,13.969,46,54,0,2,"",-442.367,149.704,-26.052,0,0,5,"=","=","=","=","=","=","=","=","=",7,R,"紅さかな",172.7,88,0.452,3,98,W,Y,1,4020.904,135,133,96,133,58,,141,79,-14.953,32.23,-0.652,0.597,-20.765,1,0,0.263,292.592,520.353,-60.191,4020.225,-1.882,-22.701,4022.225,2,-17.753,0.057,-46.78,0,0,,,,,,,,,,,4025.79,,,4019.753,4025.268,5,,147,0,,,,,,,,,,,4024.619,2,,,,,,,0.374,-37.155,-0.163,-17.53,-20.654,-47.875,-16.04,-63.336,19.074,-46.13,13.053,-63.072,35.665,-93.693,-0.963,-115.49,-45.208,-90.301,0.451,-37.069,,"_Chun",-0.32,-17.499,,"檸檬の残骸",-21.7,-48.394,85,"わかなで",-17.598,-65.836,,"MODECO",18.452,-45.683,,"まととまと",13.033,-63.033,,"「론구」",35.667,-93.695,,"Mr․D VRC",-0.924,-115.046,,"ゆっち一",-45.213,-90.299,,,,,,,,4022.916,-18.378,-47.811,,,,,,,,,,,,,,,,,,,,,,,,,4026.094,-17.786,-39.337,,,,,,,,,,,,,,,,,,,"",2,,,,,,,,,,,,,0,"檸檬の残骸",,,4025.79,256,""
99,SIDE,4,1,2,1,0,0,2,0,0,1,255,255,8,,4026.853,,,,,,,,,,,,,,,,,,,,,,,,6,"=","=","=","=","=","=","=","=","=",,,,,,,,,,,,,,,,,,,,,,,,,,,,,,,,,,,,,,,0,0,,,,,,,,,,,,,,,,,,,,,,,,,,,,,,,,,,,,,,,,,,,,,,,,,,,,,,,,,,,,,,,,,,,,,,,,,,,,,,,,,,,,,,,,,,,,,,,,,,,,,,,,,,,,,,,,,,,,,,,,,,,,,,,,,,,,,,,,,,,,,,,,,"",0,,,,,,,,,,,,,0,"",,,,0,""
100,,4,0,2,1,0,0,0,0,0,0,255,255,255,45,4078.933,"mochi_2929",R,32,82,133,-0.346,0.491,0.099,1.721,-0.471,1.736,-36.434,27.845,100,0,0,2,"",224,-200,2.079,0,0,2,"わかなで","ゆっち一","_Chun","MODECO","「론구」","shuwaYNZ","まととまと","Mr․D VRC","檸檬の残骸",1,L,"_Chun",190,80,0.455,5,52,W,Y,1,4079.926,199,93,126,93,35,,145,101,25.326,-19.028,-0.06,1.175,-19.815,0.99,0,0.47,228.817,-237.391,223.506,4084.046,31.973,-101.103,4086.983,7,38.303,0.059,-118.468,1,0,,4086.091,4090.736,,,,,,,,,,,,,,,,,,,,,,,,,,,,,4092.785,3,,,,,-0.155,-37.264,0.085,-17.593,-22.505,-49.43,-10.023,-65.752,17.614,-44.826,13.186,-63.802,49.572,-97.579,-0.029,-121.34,-42.846,-93.628,0.011,-37.224,,"Pring__",0.054,-17.573,,"-Alta-",-22.542,-49.503,,"Rite_",-9.936,-65.595,73,"magimari",17.522,-44.74,,"Pugeuk",13.157,-63.658,,"ame_3",49.549,-97.575,,"紅さかな",-0.019,-121.346,110,"alcohol500",-43.131,-93.406,,4095.714,-0.454,-39.831,,,,,,,4091.236,2.374,-61.525,,,,,,,,,,4087.809,38.181,-119.616,,,,,,,,,,,,,4094.509,-0.453,-57.663,,,,,,,,,,4088.576,35.551,-114.644,,,,"",2,-19.338,-19.338,-4.291,0,2,0.079,39.949,28.977,20.187,40.37,0.028,-108.339,0,"紅さかな",4090.736,,,289,""
101,,4,0,2,1,0,0,0,0,1,0,255,11,255,46,4115.817,"mochi_2929",R,10,68,111,-0.019,-0.071,0.092,1.868,-0.144,2.08,-36.434,39.665,100,0,0,0,"",73.019,400,-30.828,0,0,3,"=","=","=","=","=","=","=","=","=",4,R,"MODECO",190,87.169,0.506,,52,W,Y,0,,,,,,,,,,,,,,,,,,,,,,,,,,,,,0,0,,,,,,,,,,,,,4129.849,,,,,,,,,,,,,,,,,,,,,,,,,-0.196,-37.232,0.162,-17.159,-20.76,-47.147,-14.257,-63.033,17.957,-44.755,4.351,-63.476,44.283,-98.792,0.432,-120.282,-51.194,-93.699,,,,"",,,,"",,,,"",,,,"",,,,"",,,,"",,,,"",,,,"",,,,4120.398,-0.406,-37.445,,,,,,,,,,,,,,,,,,,,,,,,,,,,,,,,,,,,,,,,,,,,,,,,,,,,"",0,,,,,,,,,,,,,0,"",4118.681,,,0,""
102,,4,0,2,1,0,1,0,0,1,0,255,11,255,47,4133.421,"mochi_2929",R,13,62,107,-3.4,-0.673,-0.043,1.688,-1.13,1.629,-36.434,16.497,100,0,0,4,"",-186.325,327.373,-10.077,0,0,3,"=","=","=","=","=","=","=","=","=",4,R,"MODECO",190,87.169,0.506,,52,W,Y,1,,,,,,,,,,,,,,,,,,,,,,,,,,,,,0,0,,,,,,,,,,,,,4146.769,,,,,,,,,,,,,,,,,,,,,,,,,-0.212,-37.069,0.072,-17.326,-20.08,-45.45,-14.126,-62.789,17.893,-44.306,6.204,-63.314,44.045,-98.983,0.724,-117.89,-50.961,-96.048,,,,"",,,,"",,,,"",,,,"",,,,"",,,,"",,,,"",,,,"",,,,4138.152,-0.012,-37.481,,,,,,,,,,,,,,,,,,,,,,,,,,,,,,,,,,,,,,,,,,,,,,,,,,,,"",0,,,,,,,,,,,,,0,"",4136.348,,,0,""
103,,4,0,2,1,0,2,0,0,1,0,255,11,255,48,4151.964,"mochi_2929",R,32,75,126,-0.14,0.261,0.109,1.672,-0.422,1.579,-36.434,28.227,100,0,0,2,"",236.498,-200,-4.037,0,0,3,"=","=","=","=","=","=","=","=","=",4,R,"MODECO",190,87.169,0.506,5,52,W,Y,1,4153.114,127,77,67,52,22,,137,112,28.509,65.536,-0.014,1.06,-19.434,0.1,0,0.309,388.52,-85.922,-449.077,4157.867,-91.417,-62.129,,,,,,0,0,,,,,,,,,,,,,4170.267,,,,,,,,,,,,,,,,,,,,,,,,,-0.282,-37.063,0.085,-17.289,-20.938,-46.183,-14.17,-62.831,17.705,-44.529,5.484,-62.897,44.382,-99.332,0.263,-118.45,-49.325,-94.895,-0.012,-37.565,,"Pring__",0.061,-17.423,,"-Alta-",-20.456,-46.144,,"Rite_",-14.192,-62.951,,"magimari",17.414,-44.433,,"Pugeuk",6.786,-63.312,,"ame_3",44.374,-99.325,,"紅さかな",0.131,-118.491,,"alcohol500",-49.259,-96.552,,,,,,,,,,,,,,,,,,,,,,,,,,,,,,,,,,,,,,,,,,,,,,,,,,,,,,,,"",3,70.081,61.274,22.53,0.578,1,0.562,66.685,52.501,17.775,82.326,0.067,99.988,0,"",4159.159,,,0,""
104,,4,0,2,1,0,2,0,0,1,0,255,11,255,49,4173.077,"mochi_2929",R,32,77,127,0.964,1.089,0.217,1.864,0.109,2.098,-36.434,49.484,100,0,0,4,"",202.91,-200,-7.334,0,0,3,"=","=","=","=","=","=","=","=","=",4,R,"MODECO",190,87.169,0.506,,52,W,Y,1,,,,,,,,,,,,,,,,,,,,,,,,,,,,,0,8,,,,,,,,,,,,,4190.876,,4175.821,3,,578,0,,,,,,,,,,,,,,,,,4175.594,1,-0.25,-37.216,0.063,-17.295,-20.696,-47.246,-15.385,-63.538,17.89,-44.071,8.992,-62.186,42.782,-99.694,-0.191,-118.511,-52.486,-94.5,,,,"",,,,"",,,,"",,,,"",,,,"",,,,"",,,,"",,,,"",,,,,,,,,,,,,,,,,,,,,,,,,,,,,,,,,,,,,,,,,,,,,,,,,,,,,,,,,,"",0,,,,,,,,,,,,,0,"",4176.41,,,0,""
105,,4,0,2,1,0,0,1,0,1,0,255,11,255,50,4193.248,"mochi_2929",R,0,0,0,0,0,0,0,0,0,0,0,0,0,0,0,"",0,0,0,0,0,4,"=","=","=","=","=","=","=","=","=",6,R,"「론구」",179.9,80,0.4,,52,W,Y,0,,,,,,,,,,,,,,,,,,,,,,,,,,,,,0,0,,,,,,,,,,,,,4226.204,,,,,,,,,,,,,,,,,,,,,,,,,-0.233,-37.205,0.061,-17.436,-21.36,-45.553,-15.398,-62.193,17.174,-43.81,7.99,-62.649,43.376,-100.507,-0.097,-118.46,-52.379,-92.36,,,,"",,,,"",,,,"",,,,"",,,,"",,,,"",,,,"",,,,"",,,,,,,,,,,,,,,,,,,,,,,,,,,,,,,,,,,,,,,,,,,,,,,,,,,,,,,,,,"",0,,,,,,,,,,,,,0,"",4197.314,,,0,""
106,,4,0,2,1,1,0,1,0,1,0,255,11,255,51,4232.001,"mochi_2929",R,10,76,117,-2.482,-2.055,-0.032,1.469,-1.079,0.879,-36.434,7.33,57,43,0,1,"",0,400,-37.655,-0.491,-19.241,4,"=","=","=","=","=","=","=","=","=",6,R,"「론구」",179.9,80,0.4,,52,W,Y,0,,,,,,,,,,,,,,,,,,,,,,,,,,,,,0,0,,,,,,,,,,,,,4244.627,,,,,,,,,,,,,,,,,,,,,,,,,-0.203,-37.08,0.057,-17.381,-21.236,-47.222,-14.824,-62.348,17.206,-43.802,5.883,-62.948,44.207,-102.823,0.177,-118.364,-52.027,-92.59,,,,"",,,,"",,,,"",,,,"",,,,"",,,,"",,,,"",,,,"",,,,,,,,,,,,,,,,,,,,,,,,,,,,,,,,,,,,,,,,,,,,,,,,,,,,,,,,,,"",0,,,,,,,,,,,,,0,"",4234.462,,,0,""
107,,4,0,2,1,2,0,1,0,1,0,255,11,255,52,4251.856,"mochi_2929",R,2,48,94,-0.239,2.913,0.225,2.217,0.679,2.945,-36.434,87.216,100,0,0,1,"",-333.644,-312.348,-37.35,0,0,4,"=","=","=","=","=","=","=","=","=",6,R,"「론구」",179.9,80,0.4,,52,W,Y,0,,,,,,,,,,,,,,,,,,,,,,,,,,,,,0,0,,,,,,,,,,,,,4266.852,,,,,,,,,,,,,,,,,,,,,,,,,-0.208,-37.084,0.044,-17.44,-21.341,-47.064,-15.157,-62.649,17.544,-44.372,7.154,-62.418,44.221,-102.851,-0.159,-118.408,-50.5,-92.569,,,,"",,,,"",,,,"",,,,"",,,,"",,,,"",,,,"",,,,"",,,,,,,,,,,,,,,,,,,,,,,,,,,,,,,,,,,,,,,,,,,,,,,,,,,,,,,,,,"",0,,,,,,,,,,,,,0,"",4255.125,,,0,""
108,,4,0,2,1,3,0,1,0,1,0,255,11,255,53,4266.972,"mochi_2929",R,26,89,140,0.287,0.132,0.179,1.651,-0.096,1.503,-36.434,27.502,100,0,0,2,"",162.278,-200,9.302,0,0,4,"=","=","=","=","=","=","=","=","=",6,R,"「론구」",179.9,80,0.4,5,52,W,Y,1,4268.09,255,44,69,0,0,,104,67,17.314,55.442,0.043,0.968,-19.746,-0.5,0,0.356,231.589,397.505,-232.791,4270.263,-36.156,-41.64,,,,,,0,0,,,,,,,,,,,,,4284.28,,,,,,,,,,,,,,,,,,,,,,,,,-0.157,-37.073,0.017,-17.428,-21.119,-47.057,-14.673,-62.039,18.011,-44.299,8.832,-61.58,44.198,-102.731,-0.168,-118.422,-56.125,-92.953,-0.168,-37.098,,"Pring__",-0.02,-17.53,,"-Alta-",-21.116,-47.043,,"Rite_",-14.72,-61.922,,"magimari",17.455,-44.534,,"Pugeuk",9.172,-61.465,,"ame_3",44.198,-102.759,,"紅さかな",-0.169,-118.431,,"alcohol500",-56.005,-93.012,,,,,,,,,,,,,,,,,,,,,,,,,,,,,,,,,,,,,,,,,,,,,,,,,,,,,,,,"",3,73.568,53.83,21.83,0.631,0,1,17.314,17.314,14.933,17.314,0,-101.157,0,"",4272.148,,,0,""
109,,4,0,2,1,3,1,1,0,1,0,255,11,255,54,4287.514,"mochi_2929",R,32,82,133,-9.885,-2.661,-0.45,0.947,-4.424,-2.369,-36.434,44.997,44,14,42,1,"",233.913,200,-11.451,-1.06,-29.449,4,"=","=","=","=","=","=","=","=","=",6,R,"「론구」",179.9,80,0.4,,52,W,Y,0,,,,,,,,,,,,,,,,,,,,,,,,,,,,,0,0,,4296.901,,,,,,,,,,,,,,,,,,,,,,,,,,,,,,,,,,,,-0.245,-36.987,0.054,-17.478,-20.564,-46.775,-17.316,-60.838,17.417,-43.833,9.516,-61.579,43.885,-100.216,0.119,-120.329,-51.831,-92.607,,,,"",,,,"",,,,"",,,,"",,,,"",,,,"",,,,"",,,,"",,,,,,,,,,,,,,,,,,,,,,,,,,,,,,,,,,,,,,,,,,,,,,,,,,,,,,,,,,"",5,,,,,,,,,,,,,0,"",4290.96,,,0,""
110,,4,0,2,1,0,0,1,1,1,0,16,11,255,55,4311.789,"mochi_2929",R,13,79,116,-0.997,-0.527,0.247,1.693,0.216,1.648,-36.434,34.352,100,0,0,0,"",-390.434,312.348,2.546,0,0,5,"=","=","=","=","=","=","=","=","=",0,R,"shuwaYNZ",190.3,83,0.373,,52,W,Y,0,,,,,,,,,,,,,,,,,,,,,,,,,,,,,0,0,,,,,,,,,,,,4312.609,4312.14,,,,,,,,,,,,,,,,,,,,,,,,,-0.073,-37.183,-0.036,-17.358,-20.848,-46.511,-16.336,-61.459,17.476,-44.585,10.406,-60.36,45.104,-101.101,0.432,-119.749,-53.365,-96.176,,,,"",,,,"",,,,"",,,,"",,,,"",,,,"",,,,"",,,,"",,,,,,,,,,,,,,,,,,,,,,,,,,,,,,,,,,,,,,,,,,,,,,,,,,,,,,,,,,"",0,,,,,,,,,,,,,0,"",4314.296,,,0,""
111,,4,0,2,1,0,1,1,1,1,0,16,11,255,56,4329.305,"mochi_2929",R,13,80,117,-4.414,-0.957,-0.072,1.61,-1.266,1.377,-36.434,12.36,100,0,0,1,"",-390.434,312.348,11.647,-1.105,-18.667,5,"=","=","=","=","=","=","=","=","=",0,R,"shuwaYNZ",190.3,83,0.373,,52,W,Y,0,,,,,,,,,,,,,,,,,,,,,,,,,,,,,0,0,,,,,,,,,,,,4329.642,4341.841,,,,,,,,,,,,,,,,,,,,,,,,,-0.137,-37.1,-0.01,-17.266,-20.258,-45.773,-15.139,-62.512,17.275,-44.112,9.286,-59.517,45.332,-101.309,-1.327,-119.802,-53.26,-93.912,,,,"",,,,"",,,,"",,,,"",,,,"",,,,"",,,,"",,,,"",,,,,,,,,,,,,,,,,,,,,,,,,,,,,,,,,,,,,,,,,,,,,,,,,,,,,,,,,,"",0,,,,,,,,,,,,,0,"",4332.868,,,0,""
112,,4,0,2,1,1,1,1,1,1,0,16,11,255,57,4348.551,"mochi_2929",R,13,85,124,-1.908,-0.543,0.15,1.679,-0.23,1.601,-36.434,23.588,100,0,0,4,"",-390.434,312.348,10.061,0,0,5,"=","=","=","=","=","=","=","=","=",0,R,"shuwaYNZ",190.3,83,0.373,,52,W,Y,1,,,,,,,,,,,,,,,,,,,,,,,,,,,,,0,0,,,,,,,,,,,,4348.632,4361.62,,,,,,,,,,,,,,,,,,,,,,,,,-0.133,-37.124,-0.059,-17.339,-21.152,-45.567,-14.647,-61.788,17.765,-44.203,7.928,-60.349,45.367,-101.421,-1.623,-119.782,-50.797,-93.278,,,,"",,,,"",,,,"",,,,"",,,,"",,,,"",,,,"",,,,"",,,,,,,,,,,,,,,,,,,,,,,,,,,,,,,,,,,,,,,,,,,,,,,,,,,,,,,,,,"",0,,,,,,,,,,,,,0,"",4351.286,,,0,""
113,,4,0,2,1,1,2,1,1,1,0,16,11,255,58,4363.524,"mochi_2929",R,26,95,140,-0.581,-0.325,0.104,1.566,-0.447,1.235,-36.434,15.998,55,45,0,0,"",148.633,-200,-28.736,0,0,5,"=","=","=","=","=","=","=","=","=",0,R,"shuwaYNZ",190.3,83,0.373,,52,W,Y,0,,,,,,,,,,,,,,,,,,,,,,,,,,,,,0,0,,,,,,,,,,,,4386.168,4381.124,,4366.203,5,,578,0,,,,,,,,,,,,,,,,,,,-0.147,-37.162,-0.035,-17.297,-20.064,-43.958,-14.66,-61.66,17.089,-43.89,9.07,-59.742,45.36,-101.388,-1.541,-120.109,-50.637,-93.503,,,,"",,,,"",,,,"",,,,"",,,,"",,,,"",,,,"",,,,"",,,,,,,,,,,,,,,,,,,,,,,,,,,,,,,,,,,,,,,,,,,,,,,,,,,,,,,,,,"",0,,,,,,,,,,,,,0,"",4366.491,,,0,""
114,,4,0,2,1,0,0,2,1,1,0,16,11,255,59,4386.522,"mochi_2929",R,26,87,140,-0.999,-0.288,0.041,1.527,-0.649,1.258,-36.434,18.189,53,47,0,0,"",163.946,-200,-25.661,0,0,6,"=","=","=","=","=","=","=","=","=",5,R,"まととまと",179.5,89.79,0.449,,52,W,Y,0,,,,,,,,,,,,,,,,,,,,,,,,,,,,,0,0,,,,,,,,,,,,,4402.202,,,,,,,,,,,,,,,,,,,,,,,,,-0.147,-37.236,-0.017,-17.117,-21.432,-47.181,-14.704,-62.693,17.297,-43.759,8.139,-61.076,48.823,-101.753,1.196,-120.176,-50.447,-89.842,,,,"",,,,"",,,,"",,,,"",,,,"",,,,"",,,,"",,,,"",,,,,,,,,,,,,,,,,,,,,,,,,,,,,,,,,,,,,,,,,,,,,,,,,,,,,,,,,,"",0,,,,,,,,,,,,,0,"",4389.193,,,0,""
115,,4,0,2,1,0,1,2,1,1,0,16,11,255,60,4403.211,"mochi_2929",R,32,84,136,-0.045,0.37,0.123,1.691,-0.359,1.639,-36.434,29.74,100,0,0,2,"",243.361,-200,-4.629,0,0,6,"=","=","=","=","=","=","=","=","=",5,R,"まととまと",179.5,89.79,0.449,0,52,W,Y,1,4404.384,155,23,107,53,22,,145,88,25.263,58.513,-0.108,1.027,-18.979,1,0,0.154,-323.827,77.493,-473.468,4407.133,-40.924,-46.778,,,,,,0,0,,,,,,,,,,,,4403.411,4425.699,,,,,,,,,,,,,,,,,,,,,,,,,-0.184,-37.086,0.048,-17.128,-21.074,-47.533,-14.835,-61.792,17.792,-43.943,8.881,-61.747,47.808,-100.465,-0.292,-119.94,-51.396,-91.156,-0.302,-37.538,,"Pring__",0.001,-17.151,,"-Alta-",-21.103,-47.314,,"Rite_",-14.793,-61.812,,"magimari",17.427,-44.087,,"Pugeuk",8.997,-61.43,,"ame_3",47.772,-100.402,,"紅さかな",-0.279,-119.955,,"alcohol500",-51.537,-91.018,,,,,,,,,,,,,,,,,,,,,,,,,,,,,,,,,,,,,,,,,,,,,,,,,,,,,,,,"",3,,,,,,,,,,,,,0,"",4410.158,,,0,""
116,,4,0,2,1,0,2,2,1,1,0,16,11,255,61,4426.619,"mochi_2929",R,13,72,111,-1.717,-1.201,0.189,1.597,-0.053,1.317,-36.434,30.603,100,0,0,4,"",-390.434,312.348,-4.889,0,0,6,"=","=","=","=","=","=","=","=","=",5,R,"まととまと",179.5,89.79,0.449,,52,W,Y,1,,,,,,,,,,,,,,,,,,,,,,,,,,,,,0,64,,,,,,,,,,,,4426.899,,,4429.429,6,,578,0,,,,,,,,,,,,,,,,,4429.255,1,-0.146,-37.209,0.054,-17.072,-21.315,-47.326,-15.543,-62.015,17.988,-43.979,9.857,-62.285,45.724,-100.105,-4.579,-118.512,-52.692,-91.292,,,,"",,,,"",,,,"",,,,"",,,,"",,,,"",,,,"",,,,"",,,,,,,,,,,,,,,,,,,,,,,,,,,,,,,,,,,,,,,,,,,,,,,,,,,,,,,,,,"",0,,,,,,,,,,,,,0,"",,,,0,""
117,SIDE,4,0,2,1,0,0,2,1,1,0,16,11,255,,4431.966,,,,,,,,,,,,,,,,,,,,,,,,7,"=","=","=","=","=","=","=","=","=",,,,,,,,,,,,,,,,,,,,,,,,,,,,,,,,,,,,,,,0,0,,,,,,,,,,,,,,,,,,,,,,,,,,,,,,,,,,,,,,,,,,,,,,,,,,,,,,,,,,,,,,,,,,,,,,,,,,,,,,,,,,,,,,,,,,,,,,,,,,,,,,,,,,,,,,,,,,,,,,,,,,,,,,,,,,,,,,,,,,,,,,,,,"",0,,,,,,,,,,,,,0,"",,,,0,""
118,,5,1,2,1,0,0,0,0,0,0,255,255,255,50,4500.176,"shuwaYNZ",R,34,84,137,0.704,0.061,0.929,1.702,-0.213,1.342,-36.586,36.793,78,22,0,2,"",71.994,-53.824,2.342,0,0,6,"mochi_2929","Pring__","-Alta-","ame_3","alcohol500","紅さかな","Pugeuk","magimari","Rite_",5,R,"Pugeuk",169.6,83.928,0.317,0,52,W,Y,1,4501.221,178,107,64,36,13,,136,80,26.711,27.772,-0.268,0.615,-20.07,1,0,0.578,-310.241,445.802,-43.91,4503.879,-30.641,-67.971,4505.112,8,-34.341,0.348,-75.401,1,0,,4506.428,,,,,,,,,,,,,,,,,,,,,,,,,,,,,,,,,,,,0.439,-37.351,-0.135,-17.471,-21.463,-47.286,-15.99,-63.275,18.47,-46.122,10.568,-60.57,35.009,-92.359,-0.45,-116.25,-47.633,-90.293,0.51,-36.98,,"_Chun",-0.139,-17.48,,"檸檬の残骸",-21.321,-46.821,,"わかなで",-16.936,-64.867,,"MODECO",18.307,-45.974,,"まととまと",10.563,-60.519,,"「론구」",35.015,-92.358,,"Mr․D VRC",-0.438,-116.09,,"ゆっち一",-48.317,-90.564,85,4511.599,0.321,-38.535,,,,,,,,,,,,,,,,,,,,,,4505.995,-34.649,-75.966,,,,,,,,,,,,,,,,,,,,,,,,,4509.382,-30.529,-61.031,"",2,,,,,,,,,,,,,0,"ゆっち一",,,,34,""
119,,5,1,2,1,0,0,0,1,0,0,5,255,255,51,4528.993,"shuwaYNZ",R,3,77,103,-2.998,0.143,0.861,1.727,-0.383,1.718,-36.586,35.128,27,73,0,4,"",-468.182,0,-3.116,0,0,7,"=","=","=","=","=","=","=","=","=",4,R,"magimari",190,84.511,0.353,,51,W,Y,1,,,,,,,,,,,,,,,,,,,,,,,,,,,,,0,0,,,,,,,,,,,,4543.265,,,,,,,,,,,,,,,,,,,,,,,,,,0.359,-37.339,-0.225,-17.185,-19.646,-40.585,-15.405,-63.876,18.638,-45.253,10.793,-64.53,35.634,-93.697,-1.344,-117.624,-46.535,-89.361,,,,"",,,,"",,,,"",,,,"",,,,"",,,,"",,,,"",,,,"",,,,4534.314,0.293,-37.646,,,,,,,,,,,,,,,,,,,,,,,,,,,,,,,,,,,,,,,,,,,,,,,,,,,,"",0,,,,,,,,,,,,,0,"",,,,0,""
120,,5,1,2,1,0,1,0,1,0,0,5,255,255,52,4545.024,"shuwaYNZ",R,26,85,138,-0.847,-0.237,0.8,1.645,-0.466,1.313,-36.586,11.126,47,53,0,0,"",51.555,-164.773,6.952,0,0,7,"=","=","=","=","=","=","=","=","=",4,R,"magimari",190,84.511,0.353,,51,W,Y,0,,,,,,,,,,,,,,,,,,,,,,,,,,,,,0,64,,,,,,,,,,,,4551.409,,,4548.552,6,1,275,4,,,,,,,,,,,,,,,,,,,0.491,-37.327,-0.011,-17.151,-19.476,-40.582,-15.281,-63.832,18.557,-45.906,9.868,-63.558,35.62,-93.724,-0.117,-117.614,-45.887,-90.211,,,,"",,,,"",,,,"",,,,"",,,,"",,,,"",,,,"",,,,"",,,,4551.37,-1.987,-38.891,,,,,,,,,,,,,,,,,,,,,,,,,,,,,,,,,,,,,,,,,,,,,,,,,,,,"",0,,,,,,,,,,,,,0,"",,,,0,""
121,,5,1,2,1,0,2,1,0,0,0,255,255,255,53,4567.929,"shuwaYNZ",R,14,93,115,0.672,-0.6,0.787,1.753,-0.351,1.661,-36.586,26.822,75,25,0,2,"",355.426,351.671,-0.04,0,0,7,"=","=","=","=","=","=","=","=","=",4,R,"magimari",190,84.511,0.353,5,51,W,Y,1,4569.107,255,100,99,95,50,,145,99,58.732,-37.517,0.125,0.8,-20.493,-0.5,0,0.479,512.358,202.372,235.326,4574.962,32.527,-65.225,4575.142,5,31.759,3.52,-64.004,0,0,,4575.703,,,,,,,,,,,,,4575.982,7,,454,0,,,,,,,,,,,,,,,,,,,0.43,-37.298,-0.546,-17.218,-21.248,-46.992,-16.866,-62.872,18.317,-45.739,14.242,-63.905,35.653,-93.684,-1.623,-116.175,-45.738,-88.444,0.669,-36.75,,"_Chun",-0.541,-17.199,,"檸檬の残骸",-22.394,-48.824,,"わかなで",-19.299,-65.502,,"MODECO",18.285,-45.688,,"まととまと",14.242,-63.814,87,"「론구」",35.639,-93.684,,"Mr․D VRC",-1.921,-116.203,,"ゆっち一",-46.227,-88.594,,4581.723,2.673,-39.541,,,,,,,,,,,,,4575.996,32.025,-64.522,,,,,,,,,,,,,,,,,,,,,,,,,4579.742,29.462,-62.157,,,,,,,,,,"",1,-36.495,-36.495,-4.866,0,0,1,58.732,58.732,64.484,58.732,0,-43.811,0,"まととまと",,,,96,""
122,,5,1,2,1,0,0,2,0,0,0,255,255,255,54,4608.852,"shuwaYNZ",R,27,83,135,-2.135,-1.654,0.677,1.445,-1.037,0.551,-36.586,8.307,44,56,0,1,"",59.428,-116.257,4.816,0,0,8,"=","=","=","=","=","=","=","=","=",3,R,"Rite_",170,80,0.455,,48,W,Y,0,,,,,,,,,,,,,,,,,,,,,,,,,,,,,0,0,,,,,,,,,,,,,,,,,,,,,,,,,,,,,,,,,,,,,,0.43,-37.181,-0.199,-17.407,-22.585,-48.356,-15.389,-63.631,18.468,-46.129,12.66,-61.531,36.956,-92.533,0.639,-116.552,-44.963,-88.446,,,,"",,,,"",,,,"",,,,"",,,,"",,,,"",,,,"",,,,"",,,,4612.27,0.519,-37.344,,,,,,,,,,,,,,,,,,,,,,,,,,,,,,,,,,,,,,,,,,,,,,,,,,,,"",0,,,,,,,,,,,,,0,"",,,,0,""
123,,5,1,2,1,1,0,2,0,0,0,255,255,255,55,4626.812,"shuwaYNZ",R,27,89,140,-1.374,-0.663,0.736,1.599,-0.761,1.106,-36.586,11.852,47,53,0,2,"",102.309,-122.322,8.022,0,0,8,"=","=","=","=","=","=","=","=","=",3,R,"Rite_",170,80,0.455,3,48,W,Y,1,4627.851,187,146,69,75,36,,143,122,-29.691,24.522,-0.282,0.672,-19.918,0.72,0,0.344,-52.299,-366.75,113.455,4626.971,-0.768,-20.988,4628.958,3,-18.043,1.709,-59.17,0,0,,4632.938,,,,,,,,,,,,,4632.699,8,,147,1,,,,,,,,,,,,,,,,,,,0.433,-37.237,-0.173,-17.4,-22.559,-48.242,-15.662,-61.914,18.188,-45.929,12.43,-61.849,36.986,-92.514,-0.979,-115.64,-45.254,-88.251,0.652,-36.971,,"_Chun",-0.208,-17.438,,"檸檬の残骸",-22.671,-48.386,88,"わかなで",-16.855,-63.647,93,"MODECO",17.999,-45.656,,"まととまと",12.597,-61.611,,"「론구」",36.971,-92.509,,"Mr․D VRC",-0.953,-115.639,,"ゆっち一",-45.128,-88.341,,,,,,,,4632.068,-18.995,-40.258,4629.834,-18.69,-60.572,,,,,,,,,,,,,,,,,,,,,,4634.332,-16.419,-40.11,4631.242,-18.569,-54.294,,,,,,,,,,,,,,,,"",2,,,,,,,,,,,,,0,"わかなで",,,,257,""
124,SIDE,5,1,2,1,0,0,2,0,0,0,255,255,255,,4635.237,,,,,,,,,,,,,,,,,,,,,,,,0,"=","=","=","=","=","=","=","=","=",,,,,,,,,,,,,,,,,,,,,,,,,,,,,,,,,,,,,,,0,0,,,,,,,,,,,,,,,,,,,,,,,,,,,,,,,,,,,,,,,,,,,,,,,,,,,,,,,,,,,,,,,,,,,,,,,,,,,,,,,,,,,,,,,,,,,,,,,,,,,,,,,,,,,,,,,,,,,,,,,,,,,,,,,,,,,,,,,,,,,,,,,,,"",0,,,,,,,,,,,,,0,"",,,,0,""
125,,5,0,2,1,0,0,0,0,0,0,255,255,255,62,4684.558,"mochi_2929",R,13,75,113,-2.866,0.045,0.075,1.806,-0.58,2.037,-36.434,25.354,100,0,0,1,"",-390.434,312.348,46.272,0,0,7,"わかなで","ゆっち一","_Chun","MODECO","「론구」","shuwaYNZ","まととまと","Mr․D VRC","檸檬の残骸",7,R,"Mr․D VRC",177,95.452,0.553,,51,W,Y,0,,,,,,,,,,,,,,,,,,,,,,,,,,,,,0,0,,,,,,,,,,,,,,,,,,,,,,,,,,,,,,,,,,,,,,-0.148,-37.28,-0.055,-17.613,-23.142,-48.745,-16.593,-61.736,17.159,-44.66,9.622,-62.464,44.847,-102.463,-0.927,-117.484,-49.608,-92.566,,,,"",,,,"",,,,"",,,,"",,,,"",,,,"",,,,"",,,,"",,,,,,,,,,,,,,,,,,,,,,,,,,,,,,,,,,,,,,,,,,,,,,,,,,,,,,,,,,"",0,,,,,,,,,,,,,0,"",,,,0,""
126,,5,0,2,1,1,0,0,0,0,0,255,255,255,63,4701.405,"mochi_2929",R,26,80,130,0.29,0.982,0.182,1.788,-0.083,1.976,-36.434,35.573,100,0,0,0,"",139.866,-200,1.099,0,0,7,"=","=","=","=","=","=","=","=","=",7,R,"Mr․D VRC",177,95.452,0.553,,51,W,Y,1,,,,,,,,,,,,,,,,,,,,,,,,,,,,,0,0,,,,,,,,,,,,,,,,,,,,,,,,,,,,,,,,,,,,,,-0.218,-37.049,-0.114,-17.588,-21.725,-46.518,-16.631,-60.982,16.957,-44.06,10.332,-61.812,44.89,-102.441,-1.562,-117.585,-52.487,-90.984,,,,"",,,,"",,,,"",,,,"",,,,"",,,,"",,,,"",,,,"",,,,,,,,,,,,,,,,,,,,,,,,,,,,,,,,,,,,,,,,,,,,,,,,,,,,,,,,,,"",0,,,,,,,,,,,,,0,"",,,,0,""
127,,5,0,2,1,1,1,0,0,0,0,255,255,255,64,4721.97,"mochi_2929",R,26,80,130,-0.72,0.032,0.074,1.624,-0.586,1.406,-36.434,19.132,100,0,0,2,"",193.924,-200,9.577,0,0,7,"=","=","=","=","=","=","=","=","=",7,R,"Mr․D VRC",177,95.452,0.553,5,51,W,Y,1,4723.064,133,96,122,100,51,,141,120,-11.151,-29.862,-0.145,1.018,-20.984,0.79,0,0.303,324.479,178.024,320.458,4722.275,2.202,-25.084,4723.358,4,12.499,0.374,-43.134,0,0,,,,,,,,,,,,,,,4727.299,7,,147,128,,,,,,,,,,,,,,,,,,,-0.216,-37.169,-0.006,-17.66,-22.353,-47.232,-16.037,-61.997,17.084,-44.025,10.298,-61.964,44.842,-102.504,-1.555,-117.566,-51.378,-91.755,0.205,-37.331,,"Pring__",-0.097,-17.734,,"-Alta-",-22.362,-47.227,67,"Rite_",-15.975,-61.902,,"magimari",16.677,-44.075,99,"Pugeuk",10.276,-61.803,,"ame_3",44.848,-102.501,,"紅さかな",-1.559,-117.593,,"alcohol500",-51.559,-91.741,,4732.418,-2.656,-39.489,,,,4726.63,-18.198,-39.762,,,,4724.298,13.653,-44.5,,,,,,,,,,,,,,,,,,,4731.588,-12.257,-40.656,,,,4725.29,8.754,-44.036,,,,,,,,,,,,,"",2,-29.691,-29.691,-5.369,0,1,0.937,-19.265,-11.151,-24.421,-73.48,0.023,-40.999,0,"magimari",,,,133,""
128,,5,0,2,1,0,0,1,0,0,0,255,255,255,65,4748.107,"mochi_2929",R,14,78,117,0.417,-1.481,0.168,1.54,-0.149,1.15,-36.434,32.023,45,55,0,1,"",195.083,400,-16.003,0.114,-17.836,8,"=","=","=","=","=","=","=","=","=",2,L,"檸檬の残骸",190,89.586,0.409,,51,W,Y,0,,,,,,,,,,,,,,,,,,,,,,,,,,,,,0,0,,,,,,,,,,,,,,,,,,,,,,,,,,,,,,,,,,,,,,-0.177,-37.341,0.045,-17.411,-22.262,-47.285,-12.857,-64.828,17.331,-43.637,13,-62.881,51.809,-99.644,1.507,-116.397,-45.091,-96.699,,,,"",,,,"",,,,"",,,,"",,,,"",,,,"",,,,"",,,,"",,,,4752.378,0.108,-37.564,,,,,,,,,,,,,,,,,,,,,,,,,,,,,,,,,,,,,,,,,,,,,,,,,,,,"",0,,,,,,,,,,,,,0,"",,,,0,""
129,,5,0,2,1,1,0,1,0,0,0,255,255,255,66,4761.919,"mochi_2929",R,13,70,110,-5.955,-1.413,-0.184,1.571,-1.785,1.252,-36.434,6.681,53,47,0,4,"",-390.434,312.348,30.367,-1.174,-21.205,8,"=","=","=","=","=","=","=","=","=",2,L,"檸檬の残骸",190,89.586,0.409,,51,W,Y,1,,,,,,,,,,,,,,,,,,,,,,,,,,,,,0,0,,,,,,,,,,,,,,,,,,,,,,,,,,,,,,,,,,,,,,-0.197,-37.142,0.067,-17.378,-22.641,-48.133,-11.922,-64.497,17.051,-43.783,12.538,-63.303,51.337,-100.183,1.835,-116.579,-44.024,-95.836,,,,"",,,,"",,,,"",,,,"",,,,"",,,,"",,,,"",,,,"",,,,4792.768,0.025,-37.934,,,,,,,,,,,,,,,,,,,,,,,,,,,,,,,,,,,,,,,,,,,,,,,,,,,,"",0,,,,,,,,,,,,,0,"",,,,0,""
130,,5,0,2,1,0,0,1,1,0,0,12,255,255,67,4797.317,"mochi_2929",R,26,79,129,-1.54,-0.648,0.004,1.533,-0.913,1.029,-36.434,20.662,59,41,0,1,"",163.741,-200,1.001,0,0,0,"=","=","=","=","=","=","=","=","=",3,L,"わかなで",160,93.807,0.2,,51,W,Y,0,,,,,,,,,,,,,,,,,,,,,,,,,,,,,0,0,,,,,,,,,,,,4809.41,,,,,,,,,,,,,,,,,,,,,,,,,,-0.249,-37.099,-0.055,-17.318,-20.906,-43.746,-8.001,-63.058,16.462,-43.553,11.38,-57.549,51.066,-100.246,0.043,-111.337,-44.898,-87.751,,,,"",,,,"",,,,"",,,,"",,,,"",,,,"",,,,"",,,,"",,,,4802.073,-0.026,-37.276,,,,,,,,,,,,,,,,,,,,,,,,,,,,,,,,,,,,,,,,,,,,,,,,,,,,"",0,,,,,,,,,,,,,0,"",,,,0,""
131,,5,0,2,1,1,0,1,1,0,0,12,255,255,68,4814.973,"mochi_2929",R,32,81,132,-1.996,-0.583,-0.06,1.543,-1.209,1.069,-36.434,13.899,63,37,0,1,"",237.791,-200,5.817,0,0,0,"=","=","=","=","=","=","=","=","=",3,L,"わかなで",160,93.807,0.2,,51,W,Y,0,,,,,,,,,,,,,,,,,,,,,,,,,,,,,0,0,,,,,,,,,,,,4815.906,,,,,,,,,,,,,,,,,,,,,,,,,,-0.159,-38.206,-0.084,-17.24,-19.415,-39.942,-8.929,-61.409,16.335,-42.62,10.943,-58.503,49.756,-99.98,1.394,-111.935,-45.522,-88.663,,,,"",,,,"",,,,"",,,,"",,,,"",,,,"",,,,"",,,,"",,,,4822.901,-0.58,-37.959,,,,,,,,,,,,,,,,,,,,,,,,,,,,,,,,,,,,,,,,,,,,,,,,,,,,"",0,,,,,,,,,,,,,0,"",,,,0,""
132,,5,0,2,1,2,0,1,1,0,0,12,255,255,69,4833.907,"mochi_2929",R,10,80,120,-0.782,-1.317,0.129,1.666,-0.245,1.43,-36.434,26.656,100,0,0,1,"",-61.195,400,-31.083,-0.212,-17.825,0,"=","=","=","=","=","=","=","=","=",3,L,"わかなで",160,93.807,0.2,,51,W,Y,0,,,,,,,,,,,,,,,,,,,,,,,,,,,,,0,0,,,,,,,,,,,,4842.913,,,,,,,,,,,,,,,,,,,,,,,,,,-0.199,-37.257,-0.069,-17.188,-19.873,-40.747,-8.551,-59.896,16.752,-43.237,11.125,-59.13,49.584,-100.038,-1.683,-114.309,-46.395,-91.488,,,,"",,,,"",,,,"",,,,"",,,,"",,,,"",,,,"",,,,"",,,,4839.228,0.177,-37.369,,,,,,,,,,,,,,,,,,,,,,,,,,,,,,,,,,,,,,,,,,,,,,,,,,,,"",0,,,,,,,,,,,,,0,"",,,,0,""
133,,5,0,2,1,3,0,1,1,0,0,12,255,255,70,4851.068,"mochi_2929",R,26,86,140,-0.787,-0.611,0.084,1.543,-0.538,1.069,-36.434,17.667,59,41,0,0,"",144.664,-200,5.116,0,0,0,"=","=","=","=","=","=","=","=","=",3,L,"わかなで",160,93.807,0.2,,51,W,Y,0,,,,,,,,,,,,,,,,,,,,,,,,,,,,,0,0,,,,,,,,,,,,4857.768,,,,,,,,,,,,,,,,,,,,,,,,,,-0.194,-37.251,-0.015,-17.172,-20.668,-41.615,-8.56,-61.099,16.501,-43.075,10.851,-58.865,49.718,-99.951,-1.82,-114.246,-46.828,-90.82,,,,"",,,,"",,,,"",,,,"",,,,"",,,,"",,,,"",,,,"",,,,4855.704,-0.009,-37.388,,,,,,,,,,,,,,,,,,,,,,,,,,,,,,,,,,,,,,,,,,,,,,,,,,,,"",0,,,,,,,,,,,,,0,"",,,,0,""
134,,5,0,2,1,3,1,1,1,0,0,12,255,255,71,4867.578,"mochi_2929",R,13,52,97,-4.981,-1.443,-0.068,1.724,-1.247,1.765,-36.434,23.318,100,0,0,3,"",-344.292,312.348,-40.843,-1.525,-20.718,0,"=","=","=","=","=","=","=","=","=",3,L,"わかなで",160,93.807,0.2,,51,W,Y,0,,,,,,,,,,,,,,,,,,,,,,,,,,,,,0,0,,4924.987,,,,4921.878,,,,,,4870.903,,,,,,,,,,,,,,,,,,,,,,,,,,-0.23,-37.07,-0.027,-17.223,-20.217,-40.98,-8.617,-61.399,16.772,-43.147,9.391,-58.842,49.405,-100.264,-1.867,-114.385,-47.742,-90.888,,,,"",,,,"",,,,"",,,,"",,,,"",,,,"",,,,"",,,,"",,,,,,,,,,,,,,,,,,,,,,,,,,,,,,,,,,,,,,,,,,,,,,,,,,,,,,,,,,"",6,,,,,,,,,,,,,0,"",4921.878,,,0,""
135,,5,0,2,1,0,0,1,1,1,0,13,12,255,72,4931.511,"mochi_2929",R,26,71,123,1.37,0.432,0.279,1.72,0.287,1.654,-36.434,51.099,100,0,0,2,"",192.857,-200,-7.405,0,0,1,"=","=","=","=","=","=","=","=","=",8,L,"ゆっち一",181.4,84,0.401,5,51,W,Y,1,4932.597,217,143,63,94,36,,139,105,26.217,-37.803,0.262,1.089,-19.863,0.9,0,0.358,563.322,-57.912,198.279,,,,4936.842,6,56,3.126,-88.759,0,0,,,,,,,,,,,,4933.396,4939.34,,4937.843,1,,455,0,,,,,,,,,,,,,,,,,,,-0.183,-37.355,0.009,-17.574,-19.635,-40.198,-9.805,-64.673,17.977,-44.146,10.916,-59.183,50.585,-100.598,3.202,-118.192,-47.35,-91.314,0.196,-37.541,,"Pring__",0.018,-17.644,,"-Alta-",-19.075,-43.709,,"Rite_",-9.738,-64.732,,"magimari",17.796,-44.132,85,"Pugeuk",11.001,-58.894,,"ame_3",50.577,-100.587,87,"紅さかな",3.138,-118.194,,"alcohol500",-47.989,-89.771,,4946.759,0.56,-37.874,,,,,,,,,,4942.256,21.658,-43.976,,,,4937.859,56.759,-89.502,,,,,,,,,,,,,,,,,,,4945.602,19.537,-43.058,,,,4939.018,56.135,-88.227,,,,,,,"",1,-38.491,-38.491,-16.748,0,2,0.2,84.224,38.346,0.346,89.625,0.074,-49.307,0,"ame_3",4937.62,,,137,""
136,,5,0,2,1,0,0,2,1,1,0,13,12,255,73,4963.564,"mochi_2929",R,3,56,100,-2.273,-0.185,0.159,1.652,-0.193,1.514,-36.434,32.214,100,0,0,1,"",-454.546,0,76.064,-1.721,-13.204,2,"=","=","=","=","=","=","=","=","=",1,L,"_Chun",190,80,0.455,,51,W,Y,0,,,,,,,,,,,,,,,,,,,,,,,,,,,,,0,256,,,,,,,,,,,,4964.233,4966.369,,4973.031,8,2,292,130,,,,,,,,,,,,,,,,,,,-0.248,-37.013,0.04,-17.222,-19.793,-41.653,-6.873,-63.813,17.507,-44.297,12.551,-60.278,50.391,-98.466,1.441,-120.313,-47.16,-91.453,,,,"",,,,"",,,,"",,,,"",,,,"",,,,"",,,,"",,,,"",,,,,,,,,,,,,,,,,,,,,,,,,,,,,,,,,,,,,,,,,,,,,,,,,,,,,,,,,,"",0,,,,,,,,,,,,,0,"",4965.707,,,0,""
137,SIDE,5,0,2,1,1,0,2,1,0,0,13,255,255,,4976.542,,,,,,,,,,,,,,,,,,,,,,,,2,"=","=","=","=","=","=","=","=","=",,,,,,,,,,,,,,,,,,,,,,,,,,,,,,,,,,,,,,,0,0,,,,,,,,,,,,,,,,,,,,,,,,,,,,,,,,,,,,,,,,,,,,,,,,,,,,,,,,,,,,,,,,,,,,,,,,,,,,,,,,,,,,,,,,,,,,,,,,,,,,,,,,,,,,,,,,,,,,,,,,,,,,,,,,,,,,,,,,,,,,,,,,,"",0,,,,,,,,,,,,,0,"",,,,0,""
138,,6,1,2,1,0,0,0,0,0,0,255,255,255,0,5201.047,"TaeGeuk_",R,0,85,138,1.228,-0.459,0.563,0.906,0.518,1.349,-36.83,23.837,6,15,79,0,"",0,0,37.437,0,0,0,"mochi_2929","Pring__","-Alta-","ame_3","alcohol500","紅さかな","Pugeuk","magimari","Rite_",0,L,"mochi_2929",190,96.482,0.468,,50,W,Y,1,,,,,,,,,,,,,,,,,,,,,,,,,,,,,0,0,,,,,,,,,,,,,,,,,,,,,,,,,,,,,,,,,,,,,,0.432,-37.796,-0.05,-17.158,-20.305,-47.493,-12.692,-65.38,22.345,-45.652,15.377,-60.924,47.838,-105.64,3.422,-116.398,-44.216,-95.584,,,,"",,,,"",,,,"",,,,"",,,,"",,,,"",,,,"",,,,"",,,,,,,,,,,,,,,,,,,,,,,,,,,,,,,,,,,,,,,,,,,,,,,,,,,,,,,,,,"",0,,,,,,,,,,,,,0,"",,,,0,""
139,,6,1,2,1,0,1,0,0,0,0,255,255,255,1,5220.994,"TaeGeuk_",R,0,75,126,0.415,-0.362,0.586,0.959,0.163,1.404,-36.83,25.198,7,11,81,2,"",0,0,34.659,0,0,0,"=","=","=","=","=","=","=","=","=",0,L,"mochi_2929",190,96.482,0.468,3,50,W,Y,1,5222.166,216,57,72,56,9,,140,100,-20.785,-7.776,0.049,0.849,-19.552,-0.18,0,0.741,334.356,162.661,14.652,5221.179,0.328,-21.61,5226.267,7,11.279,0.056,-96.569,1,0,,5227.084,,,,,,,,,,,,,,,,,,,,,,,,,,,,,,,,,,,,0.404,-37.754,0.087,-17.375,-20.906,-47.032,-11.299,-66.001,21.894,-45.369,15.441,-60.946,47.843,-105.617,4.768,-117.021,-43.775,-97.48,0.434,-37.43,,"_Chun",0.058,-17.351,,"檸檬の残骸",-21.055,-47.177,,"わかなで",-12.315,-68.543,,"MODECO",21.814,-45.142,71,"まととまと",15.3,-60.909,,"「론구」",47.815,-105.621,,"Mr․D VRC",4.772,-117.509,99,"ゆっち一",-42.652,-98.366,,5237.132,0.967,-37.476,,,,,,,,,,5230.822,18.275,-40.76,,,,,,,5227.323,11.357,-97.614,,,,,,,,,,,,,,,,5236.045,16.803,-40.155,,,,,,,5228.369,9.923,-90.368,,,,"",2,,,,,,,,,,,,,0,"Mr․D VRC",,,,136,""
140,,6,1,2,1,0,0,0,1,0,0,0,255,255,2,5256.299,"TaeGeuk_",R,4,67,102,-0.764,-0.621,0.481,0.822,0.09,1.269,-36.83,30.629,6,11,83,0,"",-207.706,0,3.38,0,0,1,"=","=","=","=","=","=","=","=","=",1,L,"Pring__",190,93.476,0.448,,50,W,Y,1,,,,,,,,,,,,,,,,,,,,,,,,,,,,,0,0,,,,,,,,,,,,5274.172,,,,,,,,,,,,,,,,,,,,,,,,,,0.321,-37.735,-0.104,-17.303,-19.631,-41.526,-9.768,-66.159,20.328,-44.333,15.083,-62.021,48.071,-105.658,7.457,-116.601,-43.122,-97.719,,,,"",,,,"",,,,"",,,,"",,,,"",,,,"",,,,"",,,,"",,,,5260.232,0.526,-37.639,,,,,,,,,,,,,,,,,,,,,,,,,,,,,,,,,,,,,,,,,,,,,,,,,,,,"",0,,,,,,,,,,,,,0,"",,,,0,""
141,,6,1,2,1,0,1,0,1,0,0,0,255,255,3,5274.634,"TaeGeuk_",R,32,81,132,1.899,-0.361,0.554,0.914,0.477,1.375,-36.83,28.968,6,9,85,1,"",221.8,-35.34,14.099,0,0,1,"=","=","=","=","=","=","=","=","=",1,L,"Pring__",190,93.476,0.448,,50,W,Y,0,,,,,,,,,,,,,,,,,,,,,,,,,,,,,0,0,,,,,,,,,,,,5286.988,,,,,,,,,,,,,,,,,,,,,,,,,,0.342,-37.55,0.329,-17.175,-19.493,-41.025,-9.455,-66.819,20.533,-44.718,15.164,-61.945,48.069,-105.657,7.773,-116.678,-42.751,-98.196,,,,"",,,,"",,,,"",,,,"",,,,"",,,,"",,,,"",,,,"",,,,5278.484,0.326,-36.731,,,,,,,,,,,,,,,,,,,,,,,,,,,,,,,,,,,,,,,,,,,,,,,,,,,,"",0,,,,,,,,,,,,,0,"",,,,0,""
142,,6,1,2,1,1,1,0,1,0,0,0,255,255,4,5290.693,"TaeGeuk_",R,32,84,137,1.76,0.477,0.55,1.078,0.455,1.906,-36.83,29.774,7,39,54,4,"",205.948,-30.415,16.734,0,0,1,"=","=","=","=","=","=","=","=","=",1,L,"Pring__",190,93.476,0.448,,50,W,Y,1,,,,,,,,,,,,,,,,,,,,,,,,,,,,,0,0,,,,,,,,,,,,5307.122,,,,,,,,,,,,,,,,,,,,,,,,,,0.266,-37.676,0.275,-17.04,-19.6,-40.325,-10.069,-66.529,20.703,-45.116,15.201,-61.979,48.096,-105.631,7.793,-116.483,-42.721,-98.22,,,,"",,,,"",,,,"",,,,"",,,,"",,,,"",,,,"",,,,"",,,,5294.325,0.37,-37.136,,,,,,,,,,,,,,,,,,,,,,,,,,,,,,,,,,,,,,,,,,,,,,,,,,,,"",0,,,,,,,,,,,,,0,"",,,,0,""
143,,6,1,2,1,1,2,0,1,0,0,0,255,255,5,5310.547,"TaeGeuk_",R,3,71,114,-1.048,-0.543,0.563,0.938,0.248,1.301,-36.83,43.336,0,21,79,2,"",-393.78,0,27.293,0,0,1,"=","=","=","=","=","=","=","=","=",1,L,"Pring__",190,93.476,0.448,5,50,W,Y,1,5311.644,232,177,128,92,70,,145,125,18.07,35.939,-0.148,0.838,-20.946,0.74,0,0.591,89.64,-54.889,-67.971,5315.521,-66.437,-114.553,,,,,,0,0,,5317.673,5322.262,5327.558,5332.666,5313.027,5320.339,5325.443,,,,,,,,,,,,,,,,,,,,,,,,,,,,,,0.289,-37.712,0.042,-17.145,-19.754,-41.327,-4.815,-65.393,21.344,-45.037,15.433,-63.067,48.077,-105.656,7.754,-116.66,-42.715,-98.217,0.093,-37.258,,"_Chun",0.012,-17.192,,"檸檬の残骸",-19.835,-41.394,,"わかなで",-1.114,-61.014,,"MODECO",21.173,-44.791,,"まととまと",15.492,-62.96,,"「론구」",48.095,-105.64,,"Mr․D VRC",7.776,-116.497,,"ゆっち一",-42.706,-98.212,,,,,,,,,,,,,,,,,,,,,,,,,,,,,,,,,,,,,,,,,,,,,,,,,,,,,,,,"",4,40.485,40.485,10.355,0,1,0.45,30.047,18.07,46.421,30.058,0.035,83.237,0,"",5313.027,5320.339,5325.443,0,""
144,,6,1,4,1,0,0,0,0,0,0,255,255,255,6,5358.672,"TaeGeuk_",R,0,78,128,-2.676,0.573,0.2,1.104,-1.172,1.991,-36.83,14.554,3,46,51,4,"",0,0,0,0,0,2,"=","=","=","=","=","=","=","=","=",2,L,"-Alta-",189.8,86,0.499,,50,W,Y,1,,,,,,,,,,,,,,,,,,,,,,,,,,,,,0,0,,,,,,,,,,,,,,,,,,,,,,,,,,,,,,,,,,,,,,0.157,-37.529,-0.09,-17.107,-20.364,-45.419,-12.153,-65.904,20.806,-45.384,15.158,-63.282,47.847,-105.515,5.314,-120.535,-43.419,-97.647,,,,"",,,,"",,,,"",,,,"",,,,"",,,,"",,,,"",,,,"",,,,,,,,,,,,,,,,,,,,,,,,,,,,,,,,,,,,,,,,,,,,,,,,,,,,,,,,,,"",0,,,,,,,,,,,,,0,"",,,,0,""
145,,6,1,4,1,0,1,0,0,0,0,255,255,255,7,5373.658,"TaeGeuk_",R,32,80,130,0.118,0.121,0.386,1.006,-0.308,1.673,-36.83,27.834,9,8,83,0,"",226.895,-38.159,11.381,0,0,2,"=","=","=","=","=","=","=","=","=",2,L,"-Alta-",189.8,86,0.499,,50,W,Y,1,,,,,,,,,,,,,,,,,,,,,,,,,,,,,0,0,,,,,,,,,,,,,,,,,,,,,,,,,,,,,,,,,,,,,,0.194,-37.614,-0.089,-16.912,-20.016,-44.79,-12.423,-65.728,21.167,-45.306,15.305,-63.291,47.851,-105.51,5.813,-120.702,-43.945,-97.634,,,,"",,,,"",,,,"",,,,"",,,,"",,,,"",,,,"",,,,"",,,,,,,,,,,,,,,,,,,,,,,,,,,,,,,,,,,,,,,,,,,,,,,,,,,,,,,,,,"",0,,,,,,,,,,,,,0,"",,,,0,""
146,,6,1,4,1,0,2,0,0,0,0,255,255,255,8,5389.159,"TaeGeuk_",R,32,86,139,1.012,-0.134,0.476,0.967,0.114,1.548,-36.83,30.55,4,9,87,0,"",221.697,-4.533,15.303,0,0,2,"=","=","=","=","=","=","=","=","=",2,L,"-Alta-",189.8,86,0.499,,50,W,Y,1,,,,,,,,,,,,,,,,,,,,,,,,,,,,,0,0,,,,,,,,,,,,,,,5391.751,2,,578,0,,,,,,,,,,,,,,,,,,,0.279,-37.534,0.424,-17.213,-20.738,-45.418,-11.818,-65.816,21.189,-45.308,15.081,-63.419,47.855,-105.524,5.794,-120.706,-43.944,-97.632,,,,"",,,,"",,,,"",,,,"",,,,"",,,,"",,,,"",,,,"",,,,,,,,,,,,,,,,,,,,,,,,,,,,,,,,,,,,,,,,,,,,,,,,,,,,,,,,,,"",0,,,,,,,,,,,,,0,"",,,,0,""
147,,6,1,4,1,0,0,1,0,0,0,255,255,255,9,5411.626,"TaeGeuk_",R,32,88,140,-0.347,0.055,0.355,1.021,-0.449,1.726,-36.83,29.041,2,11,87,0,"",203.372,59.313,18.799,0,0,3,"=","=","=","=","=","=","=","=","=",6,L,"ame_3",177.5,88.183,0.277,,50,W,Y,1,,,,,,,,,,,,,,,,,,,,,,,,,,,,,0,0,,,,,,,,,,,,,,,,,,,,,,,,,,,,,,,,,,,,,,0.209,-37.599,-0.183,-17.065,-19.864,-45.279,-11.971,-65.807,21.267,-45.369,15.782,-62.592,45.618,-100.935,3.834,-117.366,-43.622,-96.602,,,,"",,,,"",,,,"",,,,"",,,,"",,,,"",,,,"",,,,"",,,,,,,,,,,,,,,,,,,,,,,,,,,,,,,,,,,,,,,,,,,,,,,,,,,,,,,,,,"",0,,,,,,,,,,,,,0,"",,,,0,""
148,,6,1,4,1,0,1,1,0,0,0,255,255,255,10,5427.436,"TaeGeuk_",R,3,78,116,-4.28,0.369,0.312,1.001,-0.648,1.657,-36.83,20.782,5,11,84,4,"",-471.059,0.969,5.621,0.015,-20.863,3,"=","=","=","=","=","=","=","=","=",6,L,"ame_3",177.5,88.183,0.277,,50,W,Y,1,,,,,,,,,,,,,,,,,,,,,,,,,,,,,0,0,,,,,,,,,,,,,,,,,,,,,,,,,,,,,,,,,,,,,,0.241,-37.706,-0.072,-17.126,-20.264,-45.095,-13.388,-65.1,21.45,-45.507,15.774,-62.694,44.802,-100.707,3.832,-117.376,-43.172,-96.668,,,,"",,,,"",,,,"",,,,"",,,,"",,,,"",,,,"",,,,"",,,,,,,,,,,,,,,,,,,,,,,,,,,,,,,,,,,,,,,,,,,,,,,,,,,,,,,,,,"",0,,,,,,,,,,,,,0,"",,,,0,""
149,,6,1,4,1,0,2,1,0,0,0,255,255,255,11,5450.413,"TaeGeuk_",R,33,79,129,-1.762,1.294,0.296,1.217,-0.97,2.406,-36.83,1.674,3,44,53,4,"",128.392,19.392,33.64,0,0,3,"=","=","=","=","=","=","=","=","=",6,L,"ame_3",177.5,88.183,0.277,,50,W,Y,1,,,,,,,,,,,,,,,,,,,,,,,,,,,,,0,0,,,,,,,,,,,,,,,5453.153,3,,578,0,,,,,,,,,,,,,,,,,,,0.329,-37.687,-0.152,-17.075,-19.788,-45.046,-12.96,-65.459,21.465,-45.571,16.122,-62.378,44.79,-100.715,3.911,-117.174,-40.884,-96.143,,,,"",,,,"",,,,"",,,,"",,,,"",,,,"",,,,"",,,,"",,,,,,,,,,,,,,,,,,,,,,,,,,,,,,,,,,,,,,,,,,,,,,,,,,,,,,,,,,"",0,,,,,,,,,,,,,0,"",,,,0,""
150,,6,1,4,1,0,0,2,0,0,0,255,255,255,12,5474.28,"TaeGeuk_",R,3,78,116,0.608,-1.032,0.705,0.794,1.135,1.043,-36.83,45.266,6,10,84,0,"",-497.224,0,0.038,0,0,4,"=","=","=","=","=","=","=","=","=",8,L,"alcohol500",174.3,85.415,0.3,,50,W,Y,0,,,,,,,,,,,,,,,,,,,,,,,,,,,,,0,0,,,,,,,,,,,,,,,,,,,,,,,,,,,,,,,,,,,,,,0.381,-37.615,0.11,-17.218,-19.404,-44.688,-11.979,-65.87,21.395,-45.394,14.91,-58.638,41.368,-99.191,0.396,-118.835,-45.627,-97.738,,,,"",,,,"",,,,"",,,,"",,,,"",,,,"",,,,"",,,,"",,,,,,,,,,,,,,,,,,,,,,,,,,,,,,,,,,,,,,,,,,,,,,,,,,,,,,,,,,"",0,,,,,,,,,,,,,0,"",,,,0,""
151,,6,1,4,1,0,1,2,0,0,0,255,255,255,13,5488.778,"TaeGeuk_",R,32,94,140,-0.809,0.936,0.371,1.152,-0.619,2.189,-36.83,21.482,7,38,55,2,"",186.919,21.095,24.842,0,0,4,"=","=","=","=","=","=","=","=","=",8,L,"alcohol500",174.3,85.415,0.3,5,50,W,Y,1,5489.691,113,17,129,45,8,,137,129,-10.67,-72.519,-0.167,1.208,-19.255,0.65,0,0.222,380.624,-95.321,453.915,5488.712,5.498,-21.035,,,,,,0,0,,,,,,,,,,,,,,,,,,,,,,,,,,,,,,,,,,,,,,0.219,-37.681,-0.134,-17.147,-20.087,-45.208,-11.682,-65.898,20.939,-45.46,14.887,-58.679,41.398,-99.171,1.203,-118.841,-45.258,-96.512,0.37,-37.376,,"_Chun",-0.096,-17.095,,"檸檬の残骸",-20.093,-45.206,,"わかなで",-12.199,-67.604,,"MODECO",20.715,-45.184,,"まととまと",14.898,-58.643,,"「론구」",41.419,-99.148,,"Mr․D VRC",1.222,-118.636,,"ゆっち一",-45.237,-96.52,,,,,,,,,,,,,,,,,,,,,,,,,,,,,,,,,,,,,,,,,,,,,,,,,,,,,,,,"",3,-90.164,-71.636,-29.337,1,0,1,-10.67,-10.67,-25.274,-10.67,0,-106.458,0,"",,,,0,""
152,,6,1,4,1,0,2,2,0,0,0,255,255,255,14,5506.521,"TaeGeuk_",R,32,86,139,1.506,1.089,0.591,1.176,0.405,2.277,-36.83,25.155,5,48,48,4,"",166.523,20.06,21.227,0,0,4,"=","=","=","=","=","=","=","=","=",8,L,"alcohol500",174.3,85.415,0.3,,41,W,Y,1,,,,,,,,,,,,,,,,,,,,,,,,,,,,,0,0,,,,,,,,,,,,,,,5509.025,4,,578,0,,,,,,,,,,,,,,,,,,,0.297,-37.667,0.444,-17.071,-20.034,-45.201,-11.646,-65.973,20.982,-45.889,16.298,-62.411,43.103,-100.712,1.376,-119.715,-44.559,-97.009,,,,"",,,,"",,,,"",,,,"",,,,"",,,,"",,,,"",,,,"",,,,,,,,,,,,,,,,,,,,,,,,,,,,,,,,,,,,,,,,,,,,,,,,,,,,,,,,,,"",0,,,,,,,,,,,,,0,"",,,,0,""
153,SIDE,6,1,4,1,0,0,2,0,0,0,255,255,255,,5511.41,,,,,,,,,,,,,,,,,,,,,,,,5,"=","=","=","=","=","=","=","=","=",,,,,,,,,,,,,,,,,,,,,,,,,,,,,,,,,,,,,,,0,0,,,,,,,,,,,,,,,,,,,,,,,,,,,,,,,,,,,,,,,,,,,,,,,,,,,,,,,,,,,,,,,,,,,,,,,,,,,,,,,,,,,,,,,,,,,,,,,,,,,,,,,,,,,,,,,,,,,,,,,,,,,,,,,,,,,,,,,,,,,,,,,,,"",0,,,,,,,,,,,,,0,"",,,,0,""
154,,6,0,4,1,0,0,0,0,0,0,255,255,255,76,5555.742,"mochi_2929",R,13,73,112,2.604,-0.589,0.436,1.653,1.813,1.635,-36.434,49.569,100,0,0,1,"",-390.434,312.348,-24.907,0,0,2,"わかなで","ゆっち一","_Chun","MODECO","「론구」","shuwaYNZ","まととまと","Mr․D VRC","檸檬の残骸",1,L,"_Chun",190,80,0.455,,50,W,Y,0,,,,,,,,,,,,,,,,,,,,,,,,,,,,,0,0,,,,,,,,,,,,,,,,,,,,,,,,,,,,,,,,,,,,,,-0.01,-37.347,0.041,-17.228,-21.201,-48.066,-10.621,-63.138,18.095,-44.284,13.874,-63.392,50.568,-101.28,-0.042,-118.363,-47.651,-93.896,,,,"",,,,"",,,,"",,,,"",,,,"",,,,"",,,,"",,,,"",,,,,,,,,,,,,,,,,,,,,,,,,,,,,,,,,,,,,,,,,,,,,,,,,,,,,,,,,,"",0,,,,,,,,,,,,,0,"",,,,0,""
155,,6,0,4,1,1,0,0,0,0,0,255,255,255,77,5573.038,"mochi_2929",R,26,78,128,1.263,-0.01,0.268,1.622,0.318,1.415,-36.434,33.153,100,0,0,2,"",150.722,-200,-4.268,0,0,2,"=","=","=","=","=","=","=","=","=",1,L,"_Chun",190,80,0.455,5,50,W,Y,1,5574.011,204,196,92,101,58,,145,114,25.885,-26.415,0.237,0.994,-20.053,0.09,0,0.655,505.588,-320.736,38.85,,,,5578.25,6,51.057,2.643,-105.214,0,0,,5580.011,,,,,,,,,,,,,5579.408,2,,455,0,,,,,,,,,,,,,,,,,,,-0.073,-37.31,0.037,-17.078,-19.749,-44.24,-7.932,-64.054,18.037,-44.214,14.198,-63.151,50.517,-101.341,0.535,-118.579,-46.927,-94.242,0.227,-37.206,,"Pring__",0.044,-17.101,,"-Alta-",-20.148,-44.823,,"Rite_",-7.904,-63.826,,"magimari",17.955,-44.102,,"Pugeuk",14.081,-63.074,75,"ame_3",50.502,-101.167,116,"紅さかな",0.464,-118.589,,"alcohol500",-45.85,-92.112,,5589.905,2.177,-42.355,,,,,,,,,,,,,5582.895,15.863,-67.825,5579.422,51.7,-106.191,,,,,,,,,,,,,,,,,,,,,,5588.583,13.097,-59.46,5580.973,47.292,-101.814,,,,,,,"",1,-26.938,-26.938,-10.147,0,2,0.013,89.606,35.376,-2.624,88.412,0.063,-83.914,0,"ame_3",,,,73,""
156,,6,0,4,1,0,0,1,0,0,0,255,255,255,78,5608.421,"mochi_2929",R,2,73,112,-1.467,0.709,0.163,1.787,0.05,1.73,-36.434,35.294,100,0,0,0,"",-390.434,-312.348,-26.975,0,0,3,"=","=","=","=","=","=","=","=","=",4,R,"MODECO",190,87.169,0.506,,50,W,Y,1,,,,,,,,,,,,,,,,,,,,,,,,,,,,,0,0,,,,,,,,,,,,,,,,,,,,,,,,,,,,,,,,,,,,,,-0.149,-37.341,0.089,-16.96,-21.613,-47.162,-13.265,-61.933,17.366,-44.93,10.509,-64.864,48.557,-102.86,-0.929,-119.251,-50.225,-93.851,,,,"",,,,"",,,,"",,,,"",,,,"",,,,"",,,,"",,,,"",,,,5614.196,-0.112,-37.457,,,,,,,,,,,,,,,,,,,,,,,,,,,,,,,,,,,,,,,,,,,,,,,,,,,,"",0,,,,,,,,,,,,,0,"",,,,0,""
157,,6,0,4,1,0,1,1,0,0,0,255,255,255,79,5626.896,"mochi_2929",R,10,79,118,-0.296,-0.94,0.196,1.596,-0.134,1.449,-36.434,23.065,58,42,0,2,"",0,400,-53.661,0,0,3,"=","=","=","=","=","=","=","=","=",4,R,"MODECO",190,87.169,0.506,5,50,W,Y,1,5628.045,147,109,115,100,43,,145,115,9.847,-4.296,-0.052,0.685,-20.601,0.1,0,0.518,170.297,135.104,17.856,5629.629,4.013,-92.387,5630.796,7,4.585,0.067,-107.512,1,0,,5634.213,,,,,,,,,,,,,,,,,,,,,,,,,,,,,,5635.124,3,,,,,-0.124,-37.26,-0.04,-17.096,-21.147,-47.306,-13.244,-61.982,17.421,-44.937,10.594,-64.965,43.859,-97.324,-0.907,-119.264,-50.168,-95.873,0.327,-37.571,,"Pring__",-0.008,-17.056,,"-Alta-",-20.997,-47.781,,"Rite_",-13.079,-61.346,70,"magimari",17.292,-44.783,,"Pugeuk",10.555,-64.834,,"ame_3",43.839,-97.292,,"紅さかな",-0.915,-119.259,96,"alcohol500",-49.899,-95.688,,5639.676,1.062,-38.416,,,,,,,5634.828,0.053,-60.336,,,,5634.824,0.255,-60.3,,,,5632.002,4.512,-108.336,,,,,,,,,,,,,5638.293,-0.096,-57.935,,,,,,,,,,5632.827,3.622,-101.983,,,,"",2,-3.395,-3.395,-9.629,0,0,1,9.847,9.847,11.345,9.847,0,-0.675,0,"紅さかな",,,,353,""
158,,6,0,4,1,0,0,1,1,0,0,14,255,255,80,5657.855,"mochi_2929",R,3,76,114,-2.457,-0.322,0.154,1.627,-0.215,1.419,-36.434,24.268,100,0,0,1,"",-500,0,42.147,0,0,4,"=","=","=","=","=","=","=","=","=",6,R,"「론구」",179.9,80,0.4,,50,W,Y,0,,,,,,,,,,,,,,,,,,,,,,,,,,,,,0,0,,,,,,,,,,,,5672.218,,,,,,,,,,,,,,,,,,,,,,,,,,-0.153,-37.239,-0.011,-17.054,-19.849,-43.301,-12.782,-63.317,17.016,-44.451,8.401,-60.317,43.093,-98.691,-1.481,-117.304,-51.797,-94.247,,,,"",,,,"",,,,"",,,,"",,,,"",,,,"",,,,"",,,,"",,,,5661.654,0.776,-37.703,,,,,,,,,,,,,,,,,,,,,,,,,,,,,,,,,,,,,,,,,,,,,,,,,,,,"",0,,,,,,,,,,,,,0,"",,,,0,""
159,,6,0,4,1,1,0,1,1,0,0,14,255,255,81,5673.184,"mochi_2929",R,3,78,115,-1.542,-1.418,0.217,1.521,0.08,1.059,-36.434,22.904,53,47,0,2,"BH-",-443.218,231.426,-10.878,0,0,4,"=","=","=","=","=","=","=","=","=",6,R,"「론구」",179.9,80,0.4,5,50,W,Y,1,5674.369,255,168,141,112,21,,145,86,28.952,-38.742,-0.264,0.521,-20.751,1,0,0.488,156.98,287.344,422.951,5678.05,40.465,-79.873,5678.342,6,39.853,1.092,-78.897,1,0,,5680.822,,,,5682.277,,,,,,5768.836,,,,,,,,,,,,,,,,,,,,5682.817,3,,,,,-0.108,-37.23,0.019,-17.186,-20.483,-44.264,-13.698,-62.154,16.758,-44.303,7.859,-60.992,42.606,-99.224,-2.145,-117.347,-47.048,-93.239,-0.088,-37.521,,"Pring__",-0.065,-17.427,,"-Alta-",-19.985,-44.073,,"Rite_",-13.544,-62.026,65,"magimari",16.686,-44.176,,"Pugeuk",7.307,-61.018,,"ame_3",42.598,-99.241,108,"紅さかな",-2.146,-117.342,,"alcohol500",-47.344,-93.32,,5687.818,0.055,-40.411,,,,,,,5682.471,1.557,-59.768,,,,,,,5679.595,40.669,-80.162,,,,,,,,,,,,,,,,5686.486,0.33,-58.017,,,,,,,5680.704,36.41,-76.815,,,,,,,"",2,-35,-35,-3.747,0,1,0.448,67.618,53.755,-8.594,60.136,0.043,-157.831,0,"ame_3",5682.277,,,265,""
160,,6,0,4,1,0,0,2,1,0,0,14,255,255,82,5769.673,"mochi_2929",R,13,80,117,-2.935,-0.666,0.065,1.666,-0.628,1.558,-36.434,25.791,100,0,0,2,"",-390.434,312.348,38.748,-1.197,-19.241,5,"=","=","=","=","=","=","=","=","=",9,R,"shuwaYNZ",190.3,83,0.373,3,29,W,Y,1,5770.913,255,154,22,73,50,,86,67,-30,57.456,-0.705,0.618,-20.805,1,0,0.346,-282.733,224.976,432.391,5769.625,-2.147,-21.722,,,,,,0,0,,,,,,5775.838,,,,,,5797.46,,,,,,,,,,,,,,,,,,,,,,,,,,-0.215,-37.198,-0.226,-17.165,-20.861,-46.659,-14.458,-62.799,17.229,-44.732,9.887,-62.19,46.538,-97.729,-1.723,-120.03,-49.21,-94.252,-0.102,-37.421,,"Pring__",-0.377,-17.326,,"-Alta-",-20.705,-45.475,,"Rite_",-14.332,-62.754,,"magimari",17.109,-44.605,,"Pugeuk",10.115,-62.994,,"ame_3",46.551,-97.741,,"紅さかな",-1.717,-120.004,,"alcohol500",-49.306,-93.102,,,,,,,,,,,,,,,,,,,,,,,,,,,,,,,,,,,,,,,,,,,,,,,,,,,,,,,,"",3,,,,,,,,,,,,,0,"",5775.838,,,0,""
161,,6,0,4,1,0,1,2,1,0,0,14,255,255,83,5798.484,"mochi_2929",R,2,68,109,-4.071,-0.692,-0.029,1.448,-1.066,0.852,-36.434,7.147,62,38,0,1,"",-386.885,-312.348,-11.387,0,0,5,"=","=","=","=","=","=","=","=","=",9,R,"shuwaYNZ",190.3,83,0.373,,29,W,Y,0,,,,,,,,,,,,,,,,,,,,,,,,,,,,,0,8,,,,,,5803.29,,,,,,,,,5802.902,3,1,278,2,,,,,,,,,,,,,,,,,,,-0.216,-37.118,-0.044,-17.197,-20.582,-44.604,-14.07,-62.002,17.061,-43.965,9.685,-60.986,46.309,-99.586,-2.262,-120.018,-49.78,-91.358,,,,"",,,,"",,,,"",,,,"",,,,"",,,,"",,,,"",,,,"",,,,,,,,,,,,,,,,,,,,,,,,,,,,,,,,,,,,,,,,,,,,,,,,,,,,,,,,,,"",0,,,,,,,,,,,,,0,"",5803.29,,,0,""
162,SIDE,6,0,4,1,1,1,2,0,0,0,255,255,255,,5806.182,,,,,,,,,,,,,,,,,,,,,,,,5,"=","=","=","=","=","=","=","=","=",,,,,,,,,,,,,,,,,,,,,,,,,,,,,,,,,,,,,,,0,0,,,,,,,,,,,,,,,,,,,,,,,,,,,,,,,,,,,,,,,,,,,,,,,,,,,,,,,,,,,,,,,,,,,,,,,,,,,,,,,,,,,,,,,,,,,,,,,,,,,,,,,,,,,,,,,,,,,,,,,,,,,,,,,,,,,,,,,,,,,,,,,,,"",0,,,,,,,,,,,,,0,"",,,,0,""
163,,7,1,4,1,0,0,0,0,0,0,255,255,255,15,5851.987,"TaeGeuk_",R,32,88,140,1.553,0.524,0.56,1.073,0.037,1.915,-36.83,22.744,4,46,51,2,"",168.681,94.883,23.655,0,0,5,"mochi_2929","Pring__","-Alta-","ame_3","alcohol500","紅さかな","Pugeuk","magimari","Rite_",7,R,"紅さかな",172.7,88,0.452,0,94,W,Y,1,5853.115,165,98,81,62,30,,144,130,-11.065,17.912,-0.047,0.969,-20.094,0.31,0,0.282,-136.156,518.535,-111.873,5851.917,-1.506,-24.527,5853.542,3,-14.697,0.064,-64.551,0,0,,,,,,,,,,,,,,,5857.691,5,,147,1,,,,,,,,,,,,,,,,,,,0.337,-37.864,-0.018,-17.21,-21.408,-47.91,-15.701,-63.692,18.6,-46.694,12.026,-63.695,35.951,-93.654,-0.25,-116.295,-43,-91.02,0.237,-37.651,,"_Chun",-0.013,-17.203,,"檸檬の残骸",-21.278,-47.998,85,"わかなで",-16.874,-65.612,93,"MODECO",18.57,-46.649,,"まととまと",11.768,-63.262,,"「론구」",35.967,-93.651,,"Mr․D VRC",-0.012,-115.981,,"ゆっち一",-43.007,-91.029,,5860.212,-1.146,-39.085,,,,5857.092,-19.289,-40.03,5854.852,-15.34,-66.052,,,,,,,,,,,,,,,,,,,,,,5859.215,-17.568,-39.743,5855.974,-16.132,-60,,,,,,,,,,,,,,,,"",2,,,,,,,,,,,,,0,"わかなで",,,,257,""
164,,7,1,4,1,0,0,1,0,0,0,255,255,255,16,5875.717,"TaeGeuk_",R,3,79,109,-1.189,-0.213,0.507,0.889,0.04,1.527,-36.83,35.395,4,11,84,0,"",-293.308,0,5.81,0,0,6,"=","=","=","=","=","=","=","=","=",5,R,"Pugeuk",169.6,83.928,0.317,,49,W,Y,0,,,,,,,,,,,,,,,,,,,,,,,,,,,,,0,0,,,,,,,,,,,,,,,,,,,,,,,,,,,,,,,,,,,,,,0.281,-37.549,-0.243,-17.255,-21.204,-46.895,-15.792,-63.754,18.249,-46.344,9.362,-60.285,37.002,-95.158,-1.322,-115.304,-43.665,-89.225,,,,"",,,,"",,,,"",,,,"",,,,"",,,,"",,,,"",,,,"",,,,5879.41,-0.105,-37.303,,,,,,,,,,,,,,,,,,,,,,,,,,,,,,,,,,,,,,,,,,,,,,,,,,,,"",0,,,,,,,,,,,,,0,"",,,,0,""
165,,7,1,4,1,0,1,1,0,0,0,255,255,255,17,5890.675,"TaeGeuk_",R,3,92,128,-2.292,0.961,0.469,1.14,-0.385,2.163,-36.83,23.093,7,37,56,2,"",-399.072,0,13.717,0,0,6,"=","=","=","=","=","=","=","=","=",5,R,"Pugeuk",169.6,83.928,0.317,5,49,W,Y,1,5891.73,217,94,133,33,7,,145,102,105.126,-10.905,-0.482,1.185,-19.755,0.92,0,0.656,349.805,39.226,6.779,,,,,,,,,0,0,,,,,,,,,,,,,,,,,,,,,,,,,,,,,,,,,,,,,,0.247,-37.626,-0.408,-17.339,-22.693,-49.334,-15.031,-64.205,18.297,-46.395,9.874,-62.206,37.013,-95.144,-0.705,-114.463,-43.696,-89.253,-0.025,-37.032,,"_Chun",-0.373,-17.301,,"檸檬の残骸",-23.606,-50.466,,"わかなで",-16.713,-65.579,,"MODECO",18.114,-46.134,,"まととまと",9.67,-62.206,,"「론구」",37.013,-95.144,,"Mr․D VRC",-0.674,-114.276,,"ゆっち一",-43.715,-89.271,,,,,,,,,,,,,,,,,,,,,,,,,,,,,,,,,,,,,,,,,,,,,,,,,,,,,,,,"",3,-5.93,-5.93,11.295,0,0,1,74.874,74.874,-1.684,74.874,0,-147.123,0,"",,,,0,""
166,,7,1,4,1,0,2,1,0,0,0,255,255,255,18,5912.601,"TaeGeuk_",R,3,91,114,-2.977,-0.214,0.412,1.066,-0.434,1.512,-36.83,25.251,3,43,54,2,"",-480.411,0,12.718,0,0,6,"=","=","=","=","=","=","=","=","=",5,R,"Pugeuk",169.6,83.928,0.317,5,49,W,Y,1,5913.686,194,49,112,51,28,,145,97,25.787,47.147,-0.575,0.834,-20.201,0.96,0,0.45,496.313,293.637,-165.681,5917.392,-66.245,-72.738,,,,,,0,0,,,,,,,,,,,,,,,,,,,,,,,,,,,,,,,,,,,,,,0.237,-37.728,-0.439,-17.354,-23.88,-49.481,-15.319,-64.15,18.711,-46.278,11.086,-62.212,36.416,-94.257,-1.435,-114.275,-43.375,-88.466,0.469,-37.154,,"_Chun",-0.322,-17.451,,"檸檬の残骸",-24.592,-51.272,,"わかなで",-16.917,-65.745,,"MODECO",18.517,-46.073,,"まととまと",10.963,-62.55,,"「론구」",36.422,-94.255,,"Mr․D VRC",-1.418,-114.122,,"ゆっち一",-43.387,-88.464,,,,,,,,,,,,,,,,,,,,,,,,,,,,,,,,,,,,,,,,,,,,,,,,,,,,,,,,"",3,52.607,52.607,21.963,0,2,0.178,83.807,33.87,-4.13,88.079,0.065,69.304,0,"",,,,0,""
167,,7,1,4,1,0,2,1,0,0,0,255,255,255,19,5939.063,"TaeGeuk_",R,5,72,109,0.652,-1.587,0.713,0.796,0.395,0.753,-36.83,56.678,0,10,90,2,"",-66.855,0,34.335,0,0,6,"=","=","=","=","=","=","=","=","=",5,R,"Pugeuk",169.6,83.928,0.317,5,74,W,Y,1,5940.193,168,92,133,99,42,,145,92,-67.118,22.953,0.133,0.447,-20.7,-0.47,0,0.506,-441.675,-337.922,-34.754,5938.896,0.046,-20.904,5943.108,0,-9.621,0.198,-27.648,0,0,,5945.367,,,,,,,,,,,,,,,,,,,,,,,,,,,,,,,,,,,,0.333,-37.726,-0.093,-17.29,-22.508,-48.821,-17.063,-62.832,19.034,-46.304,11.831,-61.42,36.499,-94.871,-0.914,-112.593,-43.5,-93.508,0.649,-37.313,109,"_Chun",-0.079,-17.278,,"檸檬の残骸",-22.647,-49.007,85,"わかなで",-18.217,-64.673,,"MODECO",18.764,-46.076,,"まととまと",11.793,-61.494,,"「론구」",36.497,-94.866,,"Mr․D VRC",-0.913,-112.591,,"ゆっち一",-43.508,-93.509,,5944.386,-9.807,-28.249,,,,5945.761,-19.586,-38.888,,,,,,,,,,,,,,,,,,,5945.1,-12.046,-30.234,,,,5949.245,-17.886,-39.986,,,,,,,,,,,,,,,,,,,"",3,25.457,25.457,4.076,0,1,0.481,-76.651,-67.118,-7.729,-86.124,0.058,175.71,0,"TaeGeuk_",,,,256,""
168,,7,1,4,1,0,2,1,0,0,0,255,255,255,20,5966.922,"TaeGeuk_",R,32,83,134,-1.372,1.397,0.357,1.201,-0.906,2.382,-36.83,20.759,1,46,53,1,"",202.795,-25.165,21.987,0,0,6,"=","=","=","=","=","=","=","=","=",5,R,"Pugeuk",169.6,83.928,0.317,,74,W,Y,0,,,,,,,,,,,,,,,,,,,,,,,,,,,,,0,0,,,,,,,,,,,,,,,,,,,,,,,,,,,,,,,,,,,,,,0.162,-37.653,-0.06,-17.369,-21.656,-46.891,-16.657,-63.087,18.762,-46.535,12.609,-61.512,36.01,-94.302,-0.698,-107.549,-43.031,-89.003,,,,"",,,,"",,,,"",,,,"",,,,"",,,,"",,,,"",,,,"",,,,5970.525,-0.37,-37.98,,,,,,,,,,,,,,,,,,,,,,,,,,,,,,,,,,,,,,,,,,,,,,,,,,,,"",0,,,,,,,,,,,,,0,"",,,,0,""
169,,7,1,4,1,1,2,1,0,0,0,255,255,255,21,5982.45,"TaeGeuk_",R,32,87,140,0.958,0.296,0.563,0.997,0.054,1.643,-36.83,27.05,7,3,90,0,"",250,-154.055,21.429,0,0,6,"=","=","=","=","=","=","=","=","=",5,R,"Pugeuk",169.6,83.928,0.317,,74,W,Y,1,,,,,,,,,,,,,,,,,,,,,,,,,,,,,0,0,,,,,,,,,,,,,,,5985.126,6,,578,0,,,,,,,,,,,,,,,,,,,0.381,-37.667,-0.03,-17.493,-21.398,-47.618,-16.501,-63.02,18.747,-46.219,12.282,-62.736,36.021,-94.296,-1.043,-110.639,-43.017,-88.98,,,,"",,,,"",,,,"",,,,"",,,,"",,,,"",,,,"",,,,"",,,,5986.947,-0.124,-36.61,,,,,,,,,,,,,,,,,,,,,,,,,,,,,,,,,,,,,,,,,,,,,,,,,,,,"",0,,,,,,,,,,,,,0,"",,,,0,""
170,,7,1,4,1,0,0,2,0,0,0,255,255,255,22,6006.721,"TaeGeuk_",R,5,93,138,1.814,-1.295,0.549,0.686,0.85,0.828,-36.83,49.986,5,6,89,1,"",-53.418,0,0.929,0,0,7,"=","=","=","=","=","=","=","=","=",4,R,"magimari",190,84.511,0.353,,49,W,Y,0,,,,,,,,,,,,,,,,,,,,,,,,,,,,,0,0,,,,,,,,,,,,,,,,,,,,,,,,,,,,,,,,,,,,,,0.325,-37.582,0.054,-17.471,-22.187,-48.15,-16.043,-63.602,18.408,-46.466,13.808,-64.81,36.012,-94.301,-0.651,-116.952,-43.827,-90.209,,,,"",,,,"",,,,"",,,,"",,,,"",,,,"",,,,"",,,,"",,,,6011.373,-0.083,-37.428,,,,,,,,,,,,,,,,,,,,,,,,,,,,,,,,,,,,,,,,,,,,,,,,,,,,"",0,,,,,,,,,,,,,0,"",,,,0,""
171,,7,1,4,1,1,0,2,0,0,0,255,255,255,23,6022.641,"TaeGeuk_",R,32,80,131,0.04,1.067,0.403,1.204,-0.226,2.315,-36.83,10.766,0,46,54,1,"",154.066,12.861,25.524,0,0,7,"=","=","=","=","=","=","=","=","=",4,R,"magimari",190,84.511,0.353,,49,W,Y,0,,,,,,,,,,,,,,,,,,,,,,,,,,,,,0,0,,,,,,,,,,,,,,,,,,,,,,,,,,,,,,,,,,,,,,0.341,-37.69,-0.053,-17.336,-21.837,-47.881,-16.044,-63.48,18.467,-46.35,14.422,-63.954,36.014,-94.299,-0.653,-116.96,-43.852,-89.948,,,,"",,,,"",,,,"",,,,"",,,,"",,,,"",,,,"",,,,"",,,,6026.287,-0.153,-37.529,,,,,,,,,,,,,,,,,,,,,,,,,,,,,,,,,,,,,,,,,,,,,,,,,,,,"",0,,,,,,,,,,,,,0,"",,,,0,""
172,,7,1,4,1,2,0,2,0,0,0,255,255,255,24,6038.387,"TaeGeuk_",R,32,88,140,-0.3,0.537,0.35,1.071,-0.475,1.884,-36.83,23.529,4,52,44,2,"",250,-100.909,32.442,0,0,7,"=","=","=","=","=","=","=","=","=",4,R,"magimari",190,84.511,0.353,5,49,W,Y,1,6039.528,176,86,87,57,48,,145,131,23.14,66.844,-0.118,1.186,-19.598,0.6,0,0.37,325.865,-87.319,-428.642,,,,,,,,,0,0,,,,,,,,,,,,,,,,,,,,,,,,,,,,,,,,,,,,,,0.198,-37.544,0.006,-17.489,-21.86,-47.919,-15.301,-63.895,18.845,-46.259,14.167,-63.888,36.023,-94.3,-0.667,-116.956,-43.906,-90.253,0.335,-36.923,,"_Chun",0.041,-17.415,,"檸檬の残骸",-22.09,-48.197,,"わかなで",-16.525,-65.247,,"MODECO",18.605,-45.968,,"まととまと",14.285,-64.593,,"「론구」",36.02,-94.302,,"Mr․D VRC",-0.636,-116.733,,"ゆっち一",-43.903,-90.254,,,,,,,,,,,,,,,,,,,,,,,,,,,,,,,,,,,,,,,,,,,,,,,,,,,,,,,,"",3,79.427,62.03,20.718,0.72,0,1,23.14,23.14,49.812,23.14,0,106.316,0,"",,,,0,""
173,,7,1,4,1,2,1,2,0,0,0,255,255,255,25,6058.669,"TaeGeuk_",R,3,81,118,-1.521,0.29,0.493,1.051,0.193,1.819,-36.83,22.905,5,6,89,2,"",-500,0,17.465,0,0,7,"=","=","=","=","=","=","=","=","=",4,R,"magimari",190,84.511,0.353,5,49,W,Y,1,6059.855,102,139,62,72,77,,133,82,-12.067,-56.667,-0.241,1.146,-20.901,1,0,0.685,358.936,244.57,12.214,6058.738,3.641,-23.478,,,,,,0,0,,,,,,,,,,,,,,,,,,,,,,,,,,,,,,,,,,,,,,0.344,-37.515,-0.112,-17.443,-21.769,-46.987,-17.756,-62.23,18.631,-45.93,13.761,-63.763,36.363,-94.448,-0.933,-117.856,-48.513,-90.145,0.138,-37.441,,"_Chun",-0.101,-17.386,,"檸檬の残骸",-22.415,-48.197,,"わかなで",-19.314,-64.762,,"MODECO",18.325,-45.74,,"まととまと",13.869,-64.88,,"「론구」",36.359,-94.444,,"Mr․D VRC",-0.906,-117.613,,"ゆっち一",-48.61,-90.018,,,,,,,,,,,,,,,,,,,,,,,,,,,,,,,,,,,,,,,,,,,,,,,,,,,,,,,,"",3,-51.927,-49.836,-6.032,0,0,1,-12.067,-12.067,-39.217,-12.067,0,-70.215,0,"",,,,0,""
174,,7,1,4,1,2,2,2,0,0,0,255,255,255,26,6077.15,"TaeGeuk_",R,13,86,109,-3.859,-0.922,0.166,0.957,-0.886,1.466,-36.83,21.024,7,4,89,2,"",-405.316,287.559,28.716,0,0,7,"=","=","=","=","=","=","=","=","=",4,R,"magimari",190,84.511,0.353,3,49,W,Y,1,6078.34,255,86,80,83,72,,145,87,26.074,48.85,-0.62,0.755,-21.361,1,0,0.642,-60.942,371.314,356.719,6079.925,-42.864,-53.939,,,,,,0,0,,,,,,,,,,,,,,,,,,,,,,,,,,,,,,,,,,,,,,0.219,-37.641,-0.235,-17.268,-22.639,-48.898,-16.169,-63.42,18.786,-46.347,12.735,-64.269,36.388,-94.283,-0.479,-115.306,-46.696,-89.092,-0.03,-37.607,,"_Chun",-0.351,-17.338,,"檸檬の残骸",-22.537,-48.746,,"わかなで",-17.669,-65.577,,"MODECO",18.551,-46.084,,"まととまと",12.914,-65.917,,"「론구」",36.393,-94.289,,"Mr․D VRC",-0.439,-115.11,,"ゆっち一",-46.69,-89.09,,,,,,,,,,,,,,,,,,,,,,,,,,,,,,,,,,,,,,,,,,,,,,,,,,,,,,,,"",3,,,,,,,,,,,,,0,"",,,,0,""
175,,7,1,4,1,2,2,2,0,0,0,255,255,255,27,6099.71,"TaeGeuk_",R,32,89,140,-1.097,2.19,0.298,1.454,-0.713,3.125,-36.83,18.716,15,41,44,1,"",180.464,135.872,47.611,0,0,7,"=","=","=","=","=","=","=","=","=",4,R,"magimari",190,84.511,0.353,,49,W,Y,0,,,,,,,,,,,,,,,,,,,,,,,,,,,,,0,0,,,,,,,,,,,,,,,,,,,,,,,,,,,,,,,,,,,,,,0.335,-37.507,-0.002,-17.457,-23.497,-49.148,-16.651,-62.789,18.512,-45.753,13.596,-64.063,35.218,-93.397,-0.3,-114.713,-46.032,-89.457,,,,"",,,,"",,,,"",,,,"",,,,"",,,,"",,,,"",,,,"",,,,,,,,,,,,,,,,,,,,,,,,,,,,,,,,,,,,,,,,,,,,,,,,,,,,,,,,,,"",0,,,,,,,,,,,,,0,"",,,,0,""
176,,7,1,4,1,3,2,2,0,0,0,255,255,255,28,6115.206,"TaeGeuk_",R,32,83,134,-0.467,0.532,0.336,1.097,-0.537,1.966,-36.83,14.156,2,11,87,0,"",220.867,-1.177,22.699,0,0,7,"=","=","=","=","=","=","=","=","=",4,R,"magimari",190,84.511,0.353,,49,W,Y,1,,,,,,,,,,,,,,,,,,,,,,,,,,,,,0,0,,,,,,,,,,,,,,,6117.932,7,,578,0,,,,,,,,,,,,,,,,,,,0.287,-37.592,-0.032,-17.286,-24.106,-50.646,-16.714,-62.947,18.518,-46.103,12.248,-61.75,35.23,-93.391,-1.518,-115.824,-45.326,-92.365,,,,"",,,,"",,,,"",,,,"",,,,"",,,,"",,,,"",,,,"",,,,,,,,,,,,,,,,,,,,,,,,,,,,,,,,,,,,,,,,,,,,,,,,,,,,,,,,,,"",0,,,,,,,,,,,,,0,"",,,,0,""
177,SIDE,7,1,4,1,0,0,2,0,0,0,255,255,255,,6120.276,,,,,,,,,,,,,,,,,,,,,,,,8,"=","=","=","=","=","=","=","=","=",,,,,,,,,,,,,,,,,,,,,,,,,,,,,,,,,,,,,,,0,0,,,,,,,,,,,,,,,,,,,,,,,,,,,,,,,,,,,,,,,,,,,,,,,,,,,,,,,,,,,,,,,,,,,,,,,,,,,,,,,,,,,,,,,,,,,,,,,,,,,,,,,,,,,,,,,,,,,,,,,,,,,,,,,,,,,,,,,,,,,,,,,,,"",0,,,,,,,,,,,,,0,"",,,,0,""
178,,7,0,4,1,0,0,0,0,0,0,255,255,255,84,6167.849,"mochi_2929",R,32,89,140,-0.209,-1.171,0.108,1.403,-0.426,0.705,-36.434,10.602,47,53,0,1,"",250,-200,18.307,0,0,5,"わかなで","ゆっち一","_Chun","MODECO","「론구」","shuwaYNZ","まととまと","Mr․D VRC","檸檬の残骸",9,R,"shuwaYNZ",190.3,83,0.373,,29,W,Y,0,,,,,,,,,,,,,,,,,,,,,,,,,,,,,0,0,,,,,,,,,,,,,,,,,,,,,,,,,,,,,,,,,,,,,,-0.058,-37.263,-0.01,-17.301,-20.613,-46.956,-14.253,-62.773,16.912,-44.035,9.709,-62.839,44.848,-100.704,-1.929,-117.818,-52.084,-93.309,,,,"",,,,"",,,,"",,,,"",,,,"",,,,"",,,,"",,,,"",,,,,,,,,,,,,,,,,,,,,,,,,,,,,,,,,,,,,,,,,,,,,,,,,,,,,,,,,,"",0,,,,,,,,,,,,,0,"",,,,0,""
179,,7,0,4,1,1,0,0,0,0,0,255,255,255,85,6185.191,"mochi_2929",R,32,82,134,1.345,0.835,0.258,1.788,0.272,1.953,-36.434,40.726,100,0,0,2,"",218.26,-200,5.298,0,0,5,"=","=","=","=","=","=","=","=","=",9,R,"shuwaYNZ",190.3,83,0.373,0,29,W,Y,1,6186.362,201,165,25,53,19,,95,72,25.463,-51.281,0.281,1.242,-18.521,1,0,0.187,82.938,445.274,-4.781,6187.8,32.102,-47.812,,,,,,0,0,,,,,,,,,,,,,,,,,,,,,,,,,,,,,,,,,,,,,,-0.166,-37.192,0.062,-17.153,-20.413,-46.864,-14.754,-62.304,16.627,-43.85,10.577,-64.32,45.414,-101.738,-0.976,-117.83,-52.408,-92.198,0.235,-37.386,,"Pring__",0.072,-17.186,,"-Alta-",-20.412,-46.858,,"Rite_",-14.648,-62.144,,"magimari",16.47,-43.723,,"Pugeuk",10.604,-64.17,,"ame_3",45.401,-101.711,,"紅さかな",-0.935,-117.813,,"alcohol500",-51.579,-92.252,,,,,,,,,,,,,,,,,,,,,,,,,,,,,,,,,,,,,,,,,,,,,,,,,,,,,,,,"",3,,,,,,,,,,,,,0,"",,,,0,""
180,,7,0,4,1,1,1,0,0,0,0,255,255,255,86,6208.244,"mochi_2929",R,13,87,126,-5.598,-1.496,-0.199,1.498,-1.857,1.015,-36.434,6.835,38,62,0,1,"",-378.135,327.13,-15.799,0,0,5,"=","=","=","=","=","=","=","=","=",9,R,"shuwaYNZ",190.3,83,0.373,,29,W,Y,0,,,,,,,,,,,,,,,,,,,,,,,,,,,,,0,0,,,,,,,,,,,,,,,,,,,,,,,,,,,,,,,,,,,,,,-0.217,-37.063,-0.167,-17.094,-21.867,-47.554,-13.061,-62.439,16.753,-44.356,11.44,-63.725,46.905,-100.185,-1.543,-117.872,-52.412,-92.62,,,,"",,,,"",,,,"",,,,"",,,,"",,,,"",,,,"",,,,"",,,,,,,,,,,,,,,,,,,,,,,,,,,,,,,,,,,,,,,,,,,,,,,,,,,,,,,,,,"",0,,,,,,,,,,,,,0,"",,,,0,""
181,,7,0,4,1,2,1,0,0,0,0,255,255,255,87,6225.313,"mochi_2929",R,13,78,116,-0.86,-1.038,0.259,1.595,0.276,1.328,-36.434,23.087,61,39,0,4,"",-390.434,312.348,-16.518,-0.44,-16.48,5,"=","=","=","=","=","=","=","=","=",9,R,"shuwaYNZ",190.3,83,0.373,,29,W,Y,1,,,,,,,,,,,,,,,,,,,,,,,,,,,,,0,32,,,,,,,,,,,,,,,,,,,,,,,,,,,,,,,,,,,,,,-0.064,-37.206,-0.331,-17.005,-20.501,-46.099,-13.162,-62.485,16.571,-44.339,10.494,-64.218,46.874,-100.207,-1.062,-118.153,-52.626,-91.976,,,,"",,,,"",,,,"",,,,"",,,,"",,,,"",,,,"",,,,"",,,,,,,,,,,,,,,,,,,,,,,,,,,,,,,,,,,,,,,,,,,,,,,,,,,,,,,,,,"",0,,,,,,,,,,,,,0,"",,,,0,""
182,,7,0,4,1,2,2,0,0,0,0,255,255,255,88,6245.471,"mochi_2929",R,26,88,140,1.964,0.52,0.335,1.729,0.627,1.764,-36.434,34.308,100,0,0,2,"",165.222,-200,-0.595,0,0,5,"=","=","=","=","=","=","=","=","=",9,R,"shuwaYNZ",190.3,83,0.373,5,29,W,Y,1,6246.61,142,201,90,62,18,,141,117,25.163,43.458,0.227,1.001,-19.48,0.15,0,0.289,-314.786,278.744,136.145,6249.617,-69.31,-84.825,,,,,,0,0,,,,,6253.156,,,,,,,,,,,,,,,,,,,,,,,,,,,,,,,,,-0.117,-37.13,-0.009,-17.181,-20.767,-44.836,-13.832,-60.832,16.446,-44.194,10.718,-64.771,46.874,-100.11,-0.108,-117.077,-52.093,-92.03,0.014,-37.386,,"Pring__",0.032,-17.211,,"-Alta-",-20.636,-44.809,,"Rite_",-13.65,-60.878,,"magimari",16.293,-44.181,,"Pugeuk",10.763,-64.629,,"ame_3",46.211,-100.628,,"紅さかな",-0.149,-117.086,,"alcohol500",-51.855,-93.558,,,,,,,,,,,,,,,,,,,,,,,,,,,,,,,,,,,,,,,,,,,,,,,,,,,,,,,,"",3,42.813,42.813,12.96,0,2,0.167,40.009,27.122,-3.869,40.607,0.045,125.581,0,"",,,,0,""
183,,7,0,4,1,2,2,0,0,0,0,255,255,255,89,6267.572,"mochi_2929",R,3,56,101,4.585,0.8,0.424,1.857,2.94,2.284,-36.434,76.659,100,0,0,3,"",-441.865,40.559,-3.501,1.2,-21.242,5,"=","=","=","=","=","=","=","=","=",9,R,"shuwaYNZ",190.3,83,0.373,,29,W,Y,0,,,,,,,,,,,,,,,,,,,,,,,,,,,,,0,0,,,,,,,,,,,,,,,,,,,,,,,,,,,,,,,,,,,,,,-0.125,-37.255,-0.17,-17.138,-21.007,-46.758,-16.196,-60.823,16.302,-44.123,9.859,-64.879,44.469,-100.105,-0.85,-117.98,-53.385,-92.056,,,,"",,,,"",,,,"",,,,"",,,,"",,,,"",,,,"",,,,"",,,,,,,,,,,,,,,,,,,,,,,,,,,,,,,,,,,,,,,,,,,,,,,,,,,,,,,,,,"",6,,,,,,,,,,,,,0,"",,,,0,""
184,,7,0,4,1,0,0,0,1,0,0,19,255,255,90,6322.232,"mochi_2929",R,13,74,113,-1.694,-1.117,0.187,1.608,-0.06,1.354,-36.434,31.204,100,0,0,1,"",-390.434,312.348,-18.174,0,0,6,"=","=","=","=","=","=","=","=","=",5,R,"まととまと",179.5,89.79,0.449,,49,W,Y,0,,,,,,,,,,,,,,,,,,,,,,,,,,,,,0,0,,,,,,,,,,,,6335.113,,,,,,,,,,,,,,,,,,,,,,,,,,-0.155,-37.178,-0.046,-17.13,-20.502,-45.715,-14.338,-61.239,15.687,-43.75,8.774,-61.245,43.749,-100.54,-0.978,-118.775,-55.655,-91.99,,,,"",,,,"",,,,"",,,,"",,,,"",,,,"",,,,"",,,,"",,,,,,,,,,,,,,,,,,,,,,,,,,,,,,,,,,,,,,,,,,,,,,,,,,,,,,,,,,"",0,,,,,,,,,,,,,0,"",,,,0,""
185,,7,0,4,1,1,0,0,1,0,0,19,255,255,91,6338.125,"mochi_2929",R,13,70,110,-0.991,-0.329,0.215,1.743,0.269,1.838,-36.434,40.894,100,0,0,2,"",-390.434,312.348,-17.94,0,0,6,"=","=","=","=","=","=","=","=","=",5,R,"まととまと",179.5,89.79,0.449,3,49,W,Y,1,6339.318,255,132,179,122,94,,145,127,16.761,8.263,-0.162,0.898,-20.799,0.38,0.19,0.127,69.456,-71.543,197.237,,,,6342.379,7,-14.167,3.274,-123.156,0,0,,,,,,,,,,,,6367.677,,,6343.751,6,,456,0,,,,,,,,,,,,,,,,,,,-0.198,-37.064,-0.077,-17.062,-20.409,-44.198,-14.487,-61.832,15.668,-43.855,7.278,-61.636,43.628,-100.597,-1.281,-118.814,-51.998,-92.212,0.253,-37.26,,"Pring__",-0.138,-17.221,,"-Alta-",-20.432,-43.357,,"Rite_",-14.388,-61.766,,"magimari",15.37,-43.85,,"Pugeuk",7.322,-61.43,73,"ame_3",43.625,-100.531,,"紅さかな",-1.307,-118.789,92,"alcohol500",-52.924,-91.055,,6353.113,1.231,-41.162,,,,,,,,,,,,,6347.881,-2.003,-65.792,,,,6343.761,-14.316,-123.7,,,,,,,,,,,,,,,,,,,6351.759,-2.654,-61.536,,,,6345.147,-15.901,-116.257,,,,"",1,,,,,,,,,,,,,0,"紅さかな",,,,97,""
186,,7,0,4,1,0,0,1,1,0,0,19,255,255,92,6369.267,"mochi_2929",R,10,82,123,-1.174,-0.055,0.053,1.784,-0.513,1.941,-36.434,28.081,100,0,0,2,"",0,400,-74.972,0,0,7,"=","=","=","=","=","=","=","=","=",7,R,"Mr․D VRC",177,95.452,0.553,0,49,W,Y,1,6370.484,76,53,86,80,46,,120,73,-0.159,63.074,-0.232,0.807,-19.578,1,0,0.206,-40.709,358.513,47.236,6369.721,-10.212,-24.471,,,,,,0,0,,,,,,,,,,,,6378.391,,,,,,,,,,,,,,,,,,,,,,,,,,-0.19,-37.25,0.023,-17.328,-20.783,-45.829,-14.712,-63.256,16.554,-44.282,9.357,-61.873,44.135,-97.075,-0.573,-119.866,-48.392,-91.033,0.084,-37.558,,"Pring__",0.016,-17.37,,"-Alta-",-20.323,-45.966,,"Rite_",-14.344,-63.186,,"magimari",16.39,-44.147,,"Pugeuk",9.323,-61.662,,"ame_3",44.122,-97.07,,"紅さかな",-0.597,-119.83,,"alcohol500",-48.451,-90.838,,,,,,,,,,,,,,,,,,,,,,,,,,,,,,,,,,,,,,,,,,,,,,,,,,,,,,,,"",3,,,,,,,,,,,,,0,"",,,,0,""
187,,7,0,4,1,0,1,1,1,0,0,19,255,255,93,6391.152,"mochi_2929",R,13,81,118,-3.254,-1.323,0.028,1.567,-0.802,1.206,-36.434,22.556,54,46,0,2,"",-388.445,314.818,-48.02,0,0,7,"=","=","=","=","=","=","=","=","=",7,R,"Mr․D VRC",177,95.452,0.553,3,35,W,Y,1,6392.339,115,126,128,108,65,,137,78,-30,65.13,-0.519,0.645,-21.39,1,0,0.253,-102.137,440.415,-136.783,6391.046,-2.616,-22.352,,,,,,0,0,,,,,,,,,,,,6410.797,,,,,,,,,,,,,,,,,,,,,,,,,,-0.273,-37.115,-0.127,-17.319,-20.428,-45.518,-14.945,-62.898,16.58,-44.011,9.117,-61.278,41.579,-96.649,-0.032,-121.223,-51.659,-90.642,-0.312,-37.601,,"Pring__",-0.256,-17.565,,"-Alta-",-20.816,-45.607,,"Rite_",-14.912,-62.795,,"magimari",16.003,-43.728,,"Pugeuk",9.154,-61.227,,"ame_3",41.593,-96.652,,"紅さかな",-0.021,-121.218,,"alcohol500",-51.892,-90.931,,,,,,,,,,,,,,,,,,,,,,,,,,,,,,,,,,,,,,,,,,,,,,,,,,,,,,,,"",3,,,,,,,,,,,,,0,"",,,,0,""
188,,7,0,4,1,0,2,1,1,0,0,19,255,255,94,6411.69,"mochi_2929",R,32,81,131,0.225,0.02,0.143,1.627,-0.267,1.416,-36.434,20.935,100,0,0,2,"",250,-200,16.323,0,0,7,"=","=","=","=","=","=","=","=","=",7,R,"Mr․D VRC",177,95.452,0.553,5,35,W,Y,1,6412.873,130,78,98,93,52,,139,127,-2.599,-19.918,0.038,0.987,-20.912,0.28,0,0.379,425.365,212.903,288.417,6411.9,5.151,-35.256,6415.125,6,25.84,0.055,-100.381,1,0,,6418.688,,,,6417.808,,,,,,,,,,,,,,,,,,,,,,,,,,6419.569,3,,,,,-0.132,-37.185,0.062,-17.412,-21.112,-46.69,-15.384,-62.306,16.212,-43.888,9.545,-61.325,41.798,-97.251,-3.59,-123.411,-52.344,-92.471,0.22,-37.575,,"Pring__",0.052,-17.436,,"-Alta-",-20.97,-46.873,,"Rite_",-15.258,-62.14,85,"magimari",15.888,-43.759,,"Pugeuk",9.073,-61.308,,"ame_3",41.883,-97.435,116,"紅さかな",-3.517,-123.263,,"alcohol500",-52.386,-92.167,,6423.424,0.194,-42.279,,,,,,,6419.109,0.585,-59.851,,,,,,,6416.475,26.624,-101.516,,,,,,,,,,,,,,,,6422.46,0.748,-58.79,,,,,,,6417.248,24.708,-96.7,,,,,,,"",2,-20.278,-20.278,-4.719,0,0,1,-2.599,-2.599,-7.057,-2.599,0,-22.152,0,"ame_3",6417.808,,,265,""
189,,7,0,4,1,0,0,1,1,1,0,17,19,255,95,6482.009,"mochi_2929",R,13,71,111,-0.037,-0.947,0.316,1.598,0.538,1.339,-36.434,35.704,52,48,0,0,"",-390.434,312.348,-23.514,0,0,8,"=","=","=","=","=","=","=","=","별이__",2,R,"별이__",190,80,0.3,,49,A,Y,0,,,,,,,,,,,,,,,,,,,,,,,,,,,,,0,0,,,,,,,,,,,,6482.25,6498.203,,,,,,,,,,,,,,,,,,,,,,,,,-0.061,-37.097,0.011,-17.284,-20.723,-46.301,-13.079,-62.714,17.389,-44.014,10.861,-60.253,45.258,-102.42,-0.878,-119.34,-48.5,-91.443,,,,"",,,,"",,,,"",,,,"",,,,"",,,,"",,,,"",,,,"",,,,6487.036,-0.046,-37.413,,,,,,,,,,,,,,,,,,,,,,,,,,,,,,,,,,,,,,,,,,,,,,,,,,,,"",0,,,,,,,,,,,,,0,"",6484.838,,,0,""
190,,7,0,4,1,0,1,1,1,1,0,17,19,255,96,6501.325,"mochi_2929",R,32,80,130,1.135,0.081,0.233,1.64,0.151,1.475,-36.434,33.101,100,0,0,0,"",230.587,-200,-7.617,0,0,8,"=","=","=","=","=","=","=","=","=",2,R,"별이__",190,80,0.3,,49,A,Y,0,,,,,,,,,,,,,,,,,,,,,,,,,,,,,0,0,,,,,,,,,,,,6516.014,6516.899,,,,,,,,,,,,,,,,,,,,,,,,,-0.172,-37.127,0.004,-17.217,-21.051,-45.536,-13.467,-61.389,16.872,-44.028,8.866,-61.841,45.192,-102.364,-1.146,-120.836,-50.502,-91.322,,,,"",,,,"",,,,"",,,,"",,,,"",,,,"",,,,"",,,,"",,,,6505.914,0.069,-37.606,,,,,,,,,,,,,,,,,,,,,,,,,,,,,,,,,,,,,,,,,,,,,,,,,,,,"",0,,,,,,,,,,,,,0,"",6504.302,,,0,""
191,,7,0,4,1,0,2,1,1,1,0,17,19,255,97,6516.997,"mochi_2929",R,13,71,110,0.811,0.243,0.304,1.807,0.976,2.242,-36.434,55.096,100,0,0,2,"",-342.475,364.295,-28.992,0,0,8,"=","=","=","=","=","=","=","=","=",2,R,"별이__",190,80,0.3,3,49,A,Y,1,6518.346,217,157,80,92,74,,145,87,25.431,15.94,-0.209,1.756,-22.173,-1,0,0.348,-323.8,288.35,266.375,6520.833,-21.633,-82.362,6523.042,8,-29.607,0.058,-100.326,1,0,,6524.157,,,,6525.047,,,6525.02,,,,,,,,,,,,,,,,,,,,,,,,,,,,,-0.211,-37.22,0.043,-17.176,-19.671,-44.893,-13.311,-61.886,16.918,-43.927,10.535,-61.855,45.225,-102.374,-0.27,-121.27,-51.364,-92.104,-0.029,-37.646,,"Pring__",0.143,-17.389,,"-Alta-",-19.675,-44.882,,"Rite_",-13.194,-61.757,,"magimari",16.75,-43.781,,"Pugeuk",10.326,-61.54,,"ame_3",45.247,-102.373,,"紅さかな",-0.271,-121.264,,"alcohol500",-51.181,-92.364,88,,,,,,,,,,,,,,,,6527.485,-2.357,-62.428,,,,,,,6524.405,-30.324,-101.391,,,,,,,,,,,,,,,,,,,,,,,,,6525.058,-28.014,-97.916,"",2,,,,,,,,,,,,,0,"alcohol500",6525.047,6525.02,,80,""
192,,7,0,4,1,0,0,1,1,1,1,12,17,19,98,6625.993,"mochi_2929",R,13,72,111,-0.019,-1.057,0.336,1.67,0.631,1.557,-36.434,41.524,100,0,0,0,"",-362.943,343.908,-18.29,0,0,0,"=","=","=","=","=","=","=","=","=",3,L,"わかなで",160,93.807,0.2,,49,W,Y,0,,,,,,,,,,,,,,,,,,,,,,,,,,,,,0,0,,,,,,,,,,,,6629.022,6642.841,6644.529,,,,,,,,,,,,,,,,,,,,,,,,-0.174,-37.07,0.076,-17.423,-19.868,-44.835,-9.952,-60.546,17.396,-43.369,12.39,-58.692,46.461,-94.52,-0.928,-118.546,-42.898,-92.114,,,,"",,,,"",,,,"",,,,"",,,,"",,,,"",,,,"",,,,"",,,,6631.241,-0.056,-37.477,,,,,,,,,,,,,,,,,,,,,,,,,,,,,,,,,,,,,,,,,,,,,,,,,,,,"",0,,,,,,,,,,,,,0,"",6628.971,6628.651,,0,""
193,,7,0,4,1,0,1,1,1,1,1,12,17,19,99,6644.713,"mochi_2929",R,26,82,133,-0.631,-0.438,0.104,1.564,-0.447,1.148,-36.434,24.577,56,44,0,0,"",119.313,-200,-9.604,0,0,0,"=","=","=","=","=","=","=","=","=",3,L,"わかなで",160,93.807,0.2,,49,W,Y,0,,,,,,,,,,,,,,,,,,,,,,,,,,,,,0,0,,,,,,,,,,,,6648.157,6666.49,6666.346,,,,,,,,,,,,,,,,,,,,,,,,-0.158,-37.199,0.082,-17.331,-19.757,-44.979,-9.073,-61.302,17.661,-43.336,12.491,-58.676,48.206,-95.372,0.616,-117.454,-45.139,-92.403,,,,"",,,,"",,,,"",,,,"",,,,"",,,,"",,,,"",,,,"",,,,6649.257,-0.274,-37.543,,,,,,,,,,,,,,,,,,,,,,,,,,,,,,,,,,,,,,,,,,,,,,,,,,,,"",0,,,,,,,,,,,,,0,"",6647.508,6647.043,,0,""
194,,7,0,4,1,0,2,1,1,1,1,12,17,19,100,6666.764,"mochi_2929",R,2,76,114,-0.041,0.592,0.316,1.698,0.507,1.505,-36.434,37.375,100,0,0,2,"",-374.471,-331.318,-87.114,0,0,0,"=","=","=","=","=","=","=","=","=",3,L,"わかなで",160,93.807,0.2,0,49,W,Y,1,6667.903,241,80,95,84,52,,145,81,18.332,10.749,-0.006,1.021,-20.447,-1,0,0.441,205.273,-368.198,-161.631,6670.038,-7.127,-78.757,6672.234,7,-7.886,0.055,-97.534,1,256,,6672.148,,,,6674.27,,,6675.43,,6674.464,,,,6676.306,8,2,294,32,,,,,,,,,,,,,,,,,,,-0.106,-37.116,0.397,-17.406,-19.938,-45.546,-8.442,-60.96,17.58,-43.632,12.556,-58.42,48.052,-95.69,0.401,-117.908,-47.686,-92.332,0.072,-37.27,,"Pring__",0.366,-17.457,,"-Alta-",-19.93,-45.545,,"Rite_",-9.391,-60.72,,"magimari",17.405,-43.738,,"Pugeuk",12.598,-58.512,63,"ame_3",48.033,-95.645,,"紅さかな",0.395,-117.908,111,"alcohol500",-46.882,-92.131,,6687.503,0.521,-41.823,,,,,,,,,,,,,6675.879,-0.196,-60.581,,,,6673.669,-7.942,-98.277,,,,,,,,,,,,,,,,,,,6686.387,8.717,-53.607,,,,6674.43,-6.931,-92.809,,,,"",2,,,,,,,,,,,,,0,"紅さかな",6674.27,6675.43,6674.464,97,""
195,,7,0,4,2,0,0,2,1,0,1,13,255,17,101,6712.482,"mochi_2929",R,26,72,124,2.526,0.659,0.392,1.745,0.852,1.793,-36.434,54.578,100,0,0,1,"",153.023,-200,-8.258,0,0,1,"=","=","=","=","=","=","=","=","=",8,L,"ゆっち一",181.4,84,0.401,,49,W,Y,0,,,,,,,,,,,,,,,,,,,,,,,,,,,,,0,0,,,,,,,,,,,,6720.774,,6728.382,,,,,,,,,,,,,,,,,,,,,,,,-0.221,-37.077,0.054,-17.195,-19.563,-41.257,-8.236,-64.988,18.22,-43.333,14.004,-61.358,45.237,-96.555,1.681,-119.438,-45.645,-92.199,,,,"",,,,"",,,,"",,,,"",,,,"",,,,"",,,,"",,,,"",,,,6717.391,-0.286,-37.542,,,,,,,,,,,,,,,,,,,,,,,,,,,,,,,,,,,,,,,,,,,,,,,,,,,,"",0,,,,,,,,,,,,,0,"",,6714.886,,0,""
196,,7,0,4,2,1,0,2,1,0,1,13,255,17,102,6728.589,"mochi_2929",R,26,84,136,-1.798,-1.313,0.033,1.395,-0.778,0.636,-36.434,10.754,58,42,0,1,"",-5.448,-200,-41.236,0,0,1,"=","=","=","=","=","=","=","=","=",8,L,"ゆっち一",181.4,84,0.401,,49,W,Y,0,,,,,,,,,,,,,,,,,,,,,,,,,,,,,0,0,,,,,,6731.204,,,,,,,,6732.638,,,,,,,,,,,,,,,,,,,,,,,,-0.13,-37.232,0.028,-17.196,-20.338,-41.875,-10.247,-64.331,17.818,-43.842,13.436,-61.414,50.12,-100.381,1.918,-120.487,-47.132,-92.168,,,,"",,,,"",,,,"",,,,"",,,,"",,,,"",,,,"",,,,"",,,,6736.451,0.409,-38.075,,,,,,,,,,,,,,,,,,,,,,,,,,,,,,,,,,,,,,,,,,,,,,,,,,,,"",0,,,,,,,,,,,,,0,"",6731.204,6732.414,,0,""
197,,7,0,4,2,2,0,2,0,1,1,255,13,17,103,6751.368,"mochi_2929",R,6,92,132,-2.296,-2.593,-0.082,1.185,-1.313,-0.076,-36.434,21.242,51,49,0,1,"",282.8,0,-84.044,-0.43,-20.858,1,"=","=","=","=","=","=","=","=","=",8,L,"ゆっち一",181.4,84,0.401,,49,W,Y,0,,,,,,,,,,,,,,,,,,,,,,,,,,,,,0,0,,,,,,,,,,,,,,6751.676,,,,,,,,,,,,,,,,,,,,,,,,-0.222,-37.001,-0.055,-17.221,-20.066,-44.67,-8.788,-64.876,17.646,-44.005,13.881,-61.471,48.861,-98.558,1.953,-120.197,-45.875,-94.916,,,,"",,,,"",,,,"",,,,"",,,,"",,,,"",,,,"",,,,"",,,,6755.834,-0.192,-37.202,,,,,,,,,,,,,,,,,,,,,,,,,,,,,,,,,,,,,,,,,,,,,,,,,,,,"",0,,,,,,,,,,,,,0,"",,6753.617,,0,""
198,,7,0,4,2,3,0,2,0,1,1,255,13,17,104,6783.08,"mochi_2929",R,15,81,122,-2.271,0.201,-0.013,1.596,-0.99,1.316,-36.434,12.598,54,46,0,1,"",0,-400,-108.204,0,0,1,"=","=","=","=","=","=","=","=","=",8,L,"ゆっち一",181.4,84,0.401,,49,W,Y,0,,,,,,,,,,,,,,,,,,,,,,,,,,,,,0,0,,6791.057,,,,,,,,,,,,6783.428,,,,,,,,,,,,,,,,,,,,,,,,-0.191,-37.163,-0.069,-17.223,-20.691,-46.21,-8.514,-65.436,18.141,-44.342,13.374,-61.138,50.446,-102.033,3.192,-121.173,-46.442,-93.707,,,,"",,,,"",,,,"",,,,"",,,,"",,,,"",,,,"",,,,"",,,,6787.477,-0.176,-37.264,,,,,,,,,,,,,,,,,,,,,,,,,,,,,,,,,,,,,,,,,,,,,,,,,,,,"",5,,,,,,,,,,,,,0,"",,6785.625,,0,""
199,,7,0,4,2,0,0,2,1,1,1,18,13,17,0,6994.653,"magimari",R,10,85,127,-1.763,-2.128,0.204,1.826,-0.772,0.691,-36.736,11.898,92,8,0,1,"",0,400,42.419,-0.353,-19.621,2,"=","=","=","=","=","=","=","=","=",1,L,"_Chun",190,80,0.455,,48,W,Y,0,,,,,,,,,,,,,,,,,,,,,,,,,,,,,0,0,,,,,,,,,,,,,,6994.972,,,,,,,,,,,,,,,,,,,,,,,,0.05,-37.589,-0.02,-17.268,-20.96,-46.94,-7.502,-65.422,19.11,-46.286,13.527,-62.446,48.692,-96.679,3.349,-119.274,-44.782,-95.633,,,,"",,,,"",,,,"",,,,"",,,,"",,,,"",,,,"",,,,"",,,,,,,,,,,,,,,,,,,,,,,,,,,,,,,,,,,,,,,,,,,,,,,,,,,,,,,,,,"",0,,,,,,,,,,,,,0,"",,6996.845,,0,""
200,,7,0,4,2,1,0,2,1,1,1,18,13,17,1,7013.507,"magimari",R,26,89,140,-1.82,-1.371,0.181,1.712,-0.793,0.56,-36.736,10.933,49,51,0,1,"",-4.765,-200,25.141,0,0,2,"=","=","=","=","=","=","=","=","=",1,L,"_Chun",190,80,0.455,,48,W,Y,0,,,,,,,,,,,,,,,,,,,,,,,,,,,,,0,0,,,,,,,,,,,,7014.638,,,,,,,,,,,,,,,,,,,,,,,,,,-0.016,-37.473,-0.003,-17.287,-20.273,-45.995,-8.363,-65.175,19.283,-45.632,14.033,-62.694,48.656,-96.679,2.049,-120.235,-46.295,-94.666,,,,"",,,,"",,,,"",,,,"",,,,"",,,,"",,,,"",,,,"",,,,,,,,,,,,,,,,,,,,,,,,,,,,,,,,,,,,,,,,,,,,,,,,,,,,,,,,,,"",0,,,,,,,,,,,,,0,"",,,,0,""
201,,7,0,4,2,2,0,2,1,1,1,18,13,17,2,7054.612,"magimari",R,14,82,121,1.584,-1.547,0.347,1.847,0.103,1.011,-36.736,20.594,85,12,3,1,"",360.443,346.527,44.617,0.404,-18.38,2,"=","=","=","=","=","=","=","=","=",1,L,"_Chun",190,80,0.455,,87,W,Y,0,,,,,,,,,,,,,,,,,,,,,,,,,,,,,0,0,,,,,,,,,,,,7054.971,,,,,,,,,,,,,,,,,,,,,,,,,,0.084,-37.483,0.042,-17.147,-20.618,-45.735,-6.942,-65.138,19.501,-40.686,13.779,-61.303,48.148,-97.16,2.782,-120.253,-45.289,-94.578,,,,"",,,,"",,,,"",,,,"",,,,"",,,,"",,,,"",,,,"",,,,,,,,,,,,,,,,,,,,,,,,,,,,,,,,,,,,,,,,,,,,,,,,,,,,,,,,,,"",0,,,,,,,,,,,,,0,"",,,,0,""
202,,7,0,4,2,3,0,2,1,1,1,18,13,17,3,7070.005,"magimari",R,26,81,132,-0.389,0.7,0.328,2.149,-0.142,1.842,-36.736,37.695,87,7,6,0,"",-25.57,-200,13.671,0,0,2,"=","=","=","=","=","=","=","=","=",1,L,"_Chun",190,80,0.455,,87,W,Y,0,,,,,,,,,,,,,,,,,,,,,,,,,,,,,0,0,,,,,,,,,,,,,,,,,,,,,,,,,,,,,,,,,,,,,,0.027,-37.511,-0.028,-17.354,-20.983,-44.513,-11.245,-64.309,20.008,-46.615,13.504,-61.73,49.001,-96.678,2.574,-120.283,-45.415,-93.307,,,,"",,,,"",,,,"",,,,"",,,,"",,,,"",,,,"",,,,"",,,,,,,,,,,,,,,,,,,,,,,,,,,,,,,,,,,,,,,,,,,,,,,,,,,,,,,,,,"",0,,,,,,,,,,,,,0,"",,,,0,""
203,,7,0,4,2,3,1,2,1,1,1,18,13,17,4,7085.392,"magimari",R,14,79,116,0.135,-0.962,0.26,2.028,-0.503,1.471,-36.736,24.795,83,17,0,4,"",315.338,388.023,37.333,-0.289,-18.991,2,"=","=","=","=","=","=","=","=","=",1,L,"_Chun",190,80,0.455,,87,W,Y,1,,,,,,,,,,,,,,,,,,,,,,,,,,,,,0,0,,,,,,,,,,,,,,,,,,,,,,,,,,,,,,,,,,,,7091.301,1,0.004,-37.569,-0.052,-17.208,-21.185,-46.039,-11.748,-64.238,20.119,-44.981,13.005,-62.636,49.988,-96.906,1.282,-120.784,-45.172,-93.711,,,,"",,,,"",,,,"",,,,"",,,,"",,,,"",,,,"",,,,"",,,,,,,,,,,,,,,,,,,,,,,,,,,,,,,,,,,,,,,,,,,,,,,,,,,,,,,,,,"",0,,,,,,,,,,,,,0,"",7105.008,,,0,""
204,,7,0,4,2,3,2,2,1,1,1,18,13,17,5,7120.797,"magimari",R,14,82,121,-0.091,-1.009,0.223,2.005,-0.458,1.421,-36.736,26.791,85,13,2,4,"",248.95,400,32.51,0,0,2,"=","=","=","=","=","=","=","=","=",1,L,"_Chun",190,80,0.455,,87,W,Y,1,,,,,,,,,,,,,,,,,,,,,,,,,,,,,0,4,,,,,,,,,,,,7123.304,7121.009,7121.063,7123.385,2,,578,0,,,,,,,,,,,,,,,,,7123.196,1,0.054,-37.485,0.093,-17.413,-20.823,-46.357,-10.834,-64.501,19.862,-41.668,13.291,-63.282,51.322,-98.727,2.518,-120.583,-45.664,-95.489,,,,"",,,,"",,,,"",,,,"",,,,"",,,,"",,,,"",,,,"",,,,,,,,,,,,,,,,,,,,,,,,,,,,,,,,,,,,,,,,,,,,,,,,,,,,,,,,,,"",0,,,,,,,,,,,,,0,"",,,,0,""
205,SIDE,7,0,4,2,0,0,2,1,1,1,18,13,17,,7126.205,,,,,,,,,,,,,,,,,,,,,,,,3,"=","=","=","=","=","=","=","=","=",,,,,,,,,,,,,,,,,,,,,,,,,,,,,,,,,,,,,,,0,0,,,,,,,,,,,,,,,,,,,,,,,,,,,,,,,,,,,,,,,,,,,,,,,,,,,,,,,,,,,,,,,,,,,,,,,,,,,,,,,,,,,,,,,,,,,,,,,,,,,,,,,,,,,,,,,,,,,,,,,,,,,,,,,,,,,,,,,,,,,,,,,,,"",0,,,,,,,,,,,,,0,"",,,,0,""
206,,8,1,4,2,0,0,0,0,0,0,255,255,255,29,7176.522,"TaeGeuk_",R,32,86,140,-0.943,0.188,0.286,1.027,-0.773,1.752,-36.83,25.887,8,9,83,0,"",250,16.872,18.987,0,0,8,"mochi_2929","Pring__","-Alta-","ame_3","alcohol500","紅さかな","Pugeuk","magimari","Rite_",3,R,"Rite_",170,80,0.455,,45,W,Y,0,,,,,,,,,,,,,,,,,,,,,,,,,,,,,0,0,,,,,,,,,,,,,,,,,,,,,,,,,,,,,,,,,,,,,,0.232,-37.732,0.021,-17.438,-21.453,-46.317,-16.437,-63.224,18.354,-45.633,11.568,-60.205,36.717,-92.201,-0.515,-116.027,-44.523,-90.947,,,,"",,,,"",,,,"",,,,"",,,,"",,,,"",,,,"",,,,"",,,,,,,,,,,,,,,,,,,,,,,,,,,,,,,,,,,,,,,,,,,,,,,,,,,,,,,,,,"",0,,,,,,,,,,,,,0,"",,,,0,""
207,,8,1,4,2,0,1,0,0,0,0,255,255,255,30,7210.134,"TaeGeuk_",R,3,81,119,-3.882,-0.13,0.263,0.973,-0.877,1.556,-36.83,31.035,7,13,80,2,"",-476.684,0,2.066,0,0,8,"=","=","=","=","=","=","=","=","=",3,R,"Rite_",170,80,0.455,3,45,W,Y,1,7211.38,255,101,157,60,62,,145,80,-3.964,43.308,-0.733,0.867,-20.28,-1,0,0.343,22.215,-343.184,-149.808,7210.296,-6.92,-26.966,7211.896,2,-17.884,0.059,-40.142,0,0,,,,,,,,,,,,,,,7214.873,8,,147,0,,,,,,,,,,,7214.178,2,,,,,,,0.156,-37.576,-0.321,-17.322,-21.413,-46.349,-15.67,-63.73,18.101,-45.191,12.496,-61.257,35.879,-93.642,-0.232,-115.989,-44.425,-88.378,0.211,-36.834,,"_Chun",-0.355,-17.313,,"별이__",-21.338,-46.267,88,"わかなで",-17.418,-66.021,,"MODECO",18.064,-45.166,,"まととまと",12.275,-61.163,,"「론구」",35.878,-93.65,,"Mr․D VRC",-0.212,-115.777,,"ゆっち一",-44.433,-88.371,,7217.863,-0.996,-37.361,,,,7213.361,-20.199,-42.624,,,,,,,,,,,,,,,,,,,,,,,,,7216.636,-17.861,-39.465,,,,,,,,,,,,,,,,,,,"",2,,,,,,,,,,,,,0,"별이__",,,,256,""
208,,8,1,4,2,0,0,1,0,0,0,255,255,255,31,7237.17,"TaeGeuk_",R,3,76,114,-4.908,0.162,0.188,1.028,-1.229,1.744,-36.83,18.842,5,9,86,4,"",-500,0,24.079,0,0,0,"=","=","=","=","=","=","=","=","=",4,R,"mochi_2929",190,96.482,0.468,,48,W,Y,1,,,,,,,,,,,,,,,,,,,,,,,,,,,,,0,0,,,,,,,,,,,,,,,,,,,,,,,,,,,,,,,,,,,,,,0.168,-37.771,-0.226,-17.264,-20.596,-44.742,-15.964,-63.448,18.15,-46.125,10.997,-62.119,41.288,-99.169,-1.859,-117.615,-47.919,-91.983,,,,"",,,,"",,,,"",,,,"",,,,"",,,,"",,,,"",,,,"",,,,7240.932,-0.178,-38.009,,,,,,,,,,,,,,,,,,,,,,,,,,,,,,,,,,,,,,,,,,,,,,,,,,,,"",0,,,,,,,,,,,,,0,"",,,,0,""
209,,8,1,4,2,0,1,1,0,0,0,255,255,255,32,7285.474,"TaeGeuk_",R,0,0,0,0,0,0,0,0,0,0,0,0,0,0,0,"",0,0,0,0,0,0,"=","=","=","=","=","=","=","=","=",4,R,"mochi_2929",190,96.482,0.468,,48,W,Y,0,,,,,,,,,,,,,,,,,,,,,,,,,,,,,0,0,,,,,,,,,,,,,,,,,,,,,,,,,,,,,,,,,,,,,,-0.031,-37.64,-0.142,-17.401,-21.355,-45.395,-16.606,-63.189,18.685,-46.394,11.436,-62.775,41.292,-99.176,-1.875,-117.906,-47.883,-91.984,,,,"",,,,"",,,,"",,,,"",,,,"",,,,"",,,,"",,,,"",,,,7286.269,0.17,-36.83,,,,,,,,,,,,,,,,,,,,,,,,,,,,,,,,,,,,,,,,,,,,,,,,,,,,"",0,,,,,,,,,,,,,0,"",,,,0,""
210,,8,1,4,2,1,1,1,0,0,0,255,255,255,33,7567.434,"TaeGeuk_",R,3,83,124,-0.24,-0.585,0.575,0.855,0.523,1.267,-36.83,55.06,8,9,83,2,"",-395.945,0,-3.13,0,0,0,"=","=","=","=","=","=","=","=","=",4,R,"mochi_2929",190,96.482,0.468,3,48,W,Y,1,7568.644,223,64,123,80,38,,145,107,27.487,21.281,-0.087,0.776,-19.834,-0.01,0,0.177,234.598,-118.739,50.25,,,,7572.104,8,-31.001,2.351,-103.516,0,0,,7574.253,,,,,,,,,,,,,7573.654,0,,457,0,,,,,,,,,,,,,,,,,,,0.239,-37.67,-0.262,-17.383,-20.729,-45.915,-15.746,-63.66,18.708,-45.895,12.838,-62.744,40.751,-98.31,-1.467,-114.061,-47.051,-94.283,0.466,-37.05,,"_Chun",-0.278,-17.37,,"별이__",-20.56,-46.169,,"わかなで",-17.842,-66.188,,"MODECO",18.631,-45.865,,"まととまと",12.602,-62.7,,"「론구」",40.735,-98.326,,"Mr․D VRC",-1.149,-114.56,,"ゆっち一",-47.052,-94.288,88,7579.488,-3.57,-45.113,,,,,,,,,,,,,,,,,,,,,,7573.66,-31.356,-103.836,,,,,,,,,,,,,,,,,,,,,,,,,7576.398,-26.901,-94.744,"",1,,,,,,,,,,,,,0,"ゆっち一",,,,2,""
211,,8,1,4,2,0,0,2,0,0,0,255,255,255,34,7600.372,"TaeGeuk_",R,33,90,140,-0.319,0.083,0.378,1.037,-0.345,1.773,-36.83,29.439,8,9,83,2,"",139.375,87.657,10.306,0,0,1,"=","=","=","=","=","=","=","=","=",1,L,"Pring__",190,93.476,0.448,3,48,W,Y,1,7601.367,215,147,88,105,70,,145,118,91.398,88.006,-0.07,1.03,-19.733,0.18,0,0.526,542.401,-240.563,89.053,,,,,,,,,0,0,,,,,,,,,,,,,,,,,,,,,,,,,,,,,,,,,,,,,,0.223,-37.576,-0.09,-17.342,-21.082,-47.214,-12.285,-65.497,21.024,-45.192,15.6,-62.548,47.721,-105.775,4.56,-116.76,-44.935,-99.143,0.43,-36.756,,"_Chun",-0.111,-17.319,,"별이__",-21.097,-47.211,,"わかなで",-12.173,-67.069,,"MODECO",20.951,-45.085,,"まととまと",15.548,-62.431,,"「론구」",47.737,-105.774,,"Mr․D VRC",4.592,-116.58,,"ゆっち一",-44.931,-99.146,,,,,,,,,,,,,,,,,,,,,,,,,,,,,,,,,,,,,,,,,,,,,,,,,,,,,,,,"",3,,,,,,,,,,,,,0,"",,,,0,""
212,,8,1,4,2,0,1,2,0,0,0,255,255,255,35,7619.488,"TaeGeuk_",R,32,90,140,-0.559,1.486,0.412,1.307,-0.587,2.647,-36.83,12.276,6,37,57,1,"",248.724,88.007,33.521,0,0,1,"=","=","=","=","=","=","=","=","=",1,L,"Pring__",190,93.476,0.448,,48,W,Y,0,,,,,,,,,,,,,,,,,,,,,,,,,,,,,0,0,,,,,,,,,,,,,,,,,,,,,,,,,,,,,,,,,,,,,,0.324,-37.635,0.35,-17.191,-20.776,-46.585,-12.788,-65.131,20.52,-44.958,16.553,-62.784,47.991,-105.962,4.656,-116.137,-46.133,-97.753,,,,"",,,,"",,,,"",,,,"",,,,"",,,,"",,,,"",,,,"",,,,,,,,,,,,,,,,,,,,,,,,,,,,,,,,,,,,,,,,,,,,,,,,,,,,,,,,,,"",0,,,,,,,,,,,,,0,"",,,,0,""
213,,8,1,4,2,1,1,2,0,0,0,255,255,255,36,7637.359,"TaeGeuk_",R,3,84,122,-0.337,-0.303,0.694,0.896,0.667,1.444,-36.83,33.422,10,0,90,2,"",-500,0,9.012,0,0,1,"=","=","=","=","=","=","=","=","=",1,L,"Pring__",190,93.476,0.448,5,48,W,Y,1,7638.431,231,188,69,112,74,,144,120,26.528,44.567,-0.042,0.914,-20.674,0.17,0,0.703,187.157,-236.597,-245.991,7642.342,-67.977,-98.417,7645.271,8,-58.238,0.056,-93.049,1,0,,7644.503,7649.33,,,,,,,,,,,,,,,,,,,,,,,,,,,,,7655.585,5,,,,,0.509,-37.775,0.148,-17.324,-20.814,-46.655,-12.769,-65.189,21.016,-45.455,16.535,-62.817,47.968,-105.979,4.653,-116.147,-46.106,-97.731,0.7,-37.128,,"_Chun",0.149,-17.279,,"별이__",-20.804,-46.629,,"わかなで",-13.54,-66.958,,"MODECO",20.842,-45.151,,"まととまと",16.545,-62.792,80,"「론구」",47.973,-105.965,,"Mr․D VRC",4.685,-115.925,,"ゆっち一",-46.109,-97.735,104,7662.01,-0.062,-39.107,,,,,,,,,,,,,7650.628,0.146,-58.476,,,,,,,7646.845,-58.391,-92.772,,,,,,,,,,,,,,,,7660.827,-0.06,-57.874,,,,,,,7647.729,-53.296,-89.997,"",2,49.222,49.222,13.856,0,1,0.82,52.903,36.604,-0.867,83.549,0.058,66.116,0,"ゆっち一",7649.33,,,66,""
214,,8,1,4,2,0,0,2,0,1,0,255,1,255,37,7673.469,"TaeGeuk_",R,32,95,140,-1.316,0.379,0.341,1.094,-0.919,1.96,-36.83,15.012,7,38,55,0,"",250,93.021,30.661,0,0,2,"=","=","=","=","=","=","=","=","=",2,L,"-Alta-",189.8,86,0.499,,48,W,Y,1,,,,,,,,,,,,,,,,,,,,,,,,,,,,,0,0,,,,,,,,,,,,,7686.843,,,,,,,,,,,,,,,,,,,,,,,,,0.245,-37.656,-0.084,-17.207,-21.132,-46.143,-3.003,-67.071,21.197,-45.473,16.281,-62.559,44.691,-100.239,7.316,-118.523,-46.187,-100.956,,,,"",,,,"",,,,"",,,,"",,,,"",,,,"",,,,"",,,,"",,,,7677.053,-0.134,-37.907,,,,,,,,,,,,,,,,,,,,,,,,,,,,,,,,,,,,,,,,,,,,,,,,,,,,"",0,,,,,,,,,,,,,0,"",7675.684,,,0,""
215,,8,1,4,2,0,1,2,0,1,0,255,1,255,38,7687.029,"TaeGeuk_",R,3,73,112,-1.464,-0.08,0.531,0.891,0.238,1.438,-36.83,40.993,15,9,75,0,"",-478.326,-145.618,4.305,0,0,2,"=","=","=","=","=","=","=","=","=",2,L,"-Alta-",189.8,86,0.499,,48,W,Y,1,,,,,,,,,,,,,,,,,,,,,,,,,,,,,0,0,,,,,,,,,,,,,7700.265,,,,,,,,,,,,,,,,,,,,,,,,,0.282,-37.694,-0.069,-17.354,-20.98,-46.372,-9.648,-66.061,21.239,-45.967,16.312,-62.48,44.676,-100.245,7.287,-118.274,-45.131,-99.006,,,,"",,,,"",,,,"",,,,"",,,,"",,,,"",,,,"",,,,"",,,,7690.558,0.163,-37.695,,,,,,,,,,,,,,,,,,,,,,,,,,,,,,,,,,,,,,,,,,,,,,,,,,,,"",0,,,,,,,,,,,,,0,"",7689.315,,,0,""
216,,8,1,4,2,0,2,2,0,1,0,255,1,255,39,7700.429,"TaeGeuk_",R,32,83,135,-0.944,-0.238,0.369,0.954,-0.789,1.506,-36.83,31.295,4,10,86,0,"",250,19.982,7.858,0,0,2,"=","=","=","=","=","=","=","=","=",2,L,"-Alta-",189.8,86,0.499,,48,W,Y,0,,,,,,,,,,,,,,,,,,,,,,,,,,,,,0,0,,,,,,,,,,,,,7705.14,,7702.922,2,,578,0,,,,,,,,,,,,,,,,,,,0.199,-37.467,-0.131,-17.358,-20.798,-46.143,-10.147,-65.969,20.99,-45.635,16.31,-62.538,44.678,-100.236,7.277,-118.234,-45.188,-99.015,,,,"",,,,"",,,,"",,,,"",,,,"",,,,"",,,,"",,,,"",,,,7705.392,0.014,-37.595,,,,,,,,,,,,,,,,,,,,,,,,,,,,,,,,,,,,,,,,,,,,,,,,,,,,"",0,,,,,,,,,,,,,0,"",7703.066,,,0,""
217,SIDE,8,1,4,2,0,0,2,0,1,0,255,1,255,,7707.147,,,,,,,,,,,,,,,,,,,,,,,,3,"=","=","=","=","=","=","=","=","=",,,,,,,,,,,,,,,,,,,,,,,,,,,,,,,,,,,,,,,0,0,,,,,,,,,,,,,,,,,,,,,,,,,,,,,,,,,,,,,,,,,,,,,,,,,,,,,,,,,,,,,,,,,,,,,,,,,,,,,,,,,,,,,,,,,,,,,,,,,,,,,,,,,,,,,,,,,,,,,,,,,,,,,,,,,,,,,,,,,,,,,,,,,"",0,,,,,,,,,,,,,0,"",,,,0,""
218,,8,0,4,2,0,0,0,0,0,0,255,255,255,6,7754.743,"magimari",R,14,82,121,0.788,-0.92,0.29,1.95,-0.288,1.33,-36.736,18.556,85,13,2,2,"",366.084,266.019,29.218,0,0,3,"わかなで","ゆっち一","_Chun","MODECO","「론구」","shuwaYNZ","まととまと","Mr․D VRC","별이__",4,R,"MODECO",190,87.169,0.506,5,48,W,Y,1,7755.878,154,130,122,91,44,,145,119,-10.531,-19.888,0.136,0.715,-20.75,0.06,0,0.397,-430.545,-164.015,-120.812,7754.292,1.275,-23.884,7755.958,5,13.79,0.055,-58.55,0,0,,7761.882,,,,,,,,,,,,,7761.572,3,,147,64,,,,,,,,,,,7760.952,2,,,,,,,0.072,-37.388,0.08,-17.53,-22.448,-48.34,-13.538,-63.076,20.423,-50.881,11.752,-64.451,46.839,-99.944,-0.357,-121.626,-51.6,-95.031,0.156,-37.48,,"Pring__",0.059,-17.566,,"-Alta-",-22.451,-48.335,92,"Rite_",-13.486,-62.844,,"mochi_2929",20.202,-51.099,,"Pugeuk",11.727,-63.909,103,"ame_3",46.868,-99.929,,"紅さかな",-0.235,-121.575,,"alcohol500",-52.293,-94.409,,7770.607,-0.594,-38.402,,,,7760.096,-20.105,-42.117,,,,,,,7757.618,13.655,-59.23,,,,,,,,,,,,,,,,7769.886,-10.869,-42.684,,,,,,,7758.608,8.701,-56.671,,,,,,,,,,"",2,-21.151,-21.151,-4.9,0,1,0.642,-18.273,-10.531,-44.794,-26.296,0.022,-34.748,0,"Pugeuk",,,,196,""
219,,8,0,4,2,0,0,1,0,0,0,255,255,255,7,7787.398,"magimari",R,26,88,140,0.421,0.523,0.361,2.101,0.216,1.711,-36.736,31.218,83,12,5,0,"",-31.472,-200,12.439,0,0,4,"=","=","=","=","=","=","=","=","=",6,R,"「론구」",179.9,80,0.4,,48,W,Y,0,,,,,,,,,,,,,,,,,,,,,,,,,,,,,0,0,,,,,,,,,,,,,,,,,,,,,,,,,,,,,,,,,,,,,,0.024,-37.488,0.043,-17.396,-21.292,-47.773,-14.092,-62.681,20.523,-48.793,12.864,-63.712,44.689,-102.733,0.831,-119.58,-49.453,-93.4,,,,"",,,,"",,,,"",,,,"",,,,"",,,,"",,,,"",,,,"",,,,7791.603,0.215,-36.916,,,,,,,,,,,,,,,,,,,,,,,,,,,,,,,,,,,,,,,,,,,,,,,,,,,,"",0,,,,,,,,,,,,,0,"",,,,0,""
220,,8,0,4,2,0,1,1,0,0,0,255,255,255,8,7801.343,"magimari",R,10,87,128,0.228,-1.415,0.367,1.917,0.069,1.201,-36.736,24.297,87,11,2,2,"",12.773,400,21.669,0,0,4,"=","=","=","=","=","=","=","=","=",6,R,"「론구」",179.9,80,0.4,5,48,W,Y,1,7802.513,137,118,162,0,0,,139,129,-30,57.203,0.031,0.393,-19.848,0.7,0,0.443,-180.973,-147.176,293.932,7800.867,-0.455,-20.161,,,,,,0,0,,,,,,,,,,,,,,,,,,,,,,,,,,,,,,,,,,,,,,0.084,-37.453,0.044,-17.457,-20.84,-47.112,-14.264,-62.878,20.249,-49.793,13.182,-63.543,46.19,-101.38,1.222,-119.789,-49.129,-92.512,-0.023,-37.887,,"Pring__",0.074,-17.612,,"-Alta-",-20.411,-47.072,,"Rite_",-14.153,-62.804,,"mochi_2929",20.237,-49.779,,"Pugeuk",13.209,-63.53,,"ame_3",46.185,-101.36,,"紅さかな",1.2,-119.752,,"alcohol500",-49.087,-92.577,,,,,,,,,,,,,,,,,,,,,,,,,,,,,,,,,,,,,,,,,,,,,,,,,,,,,,,,"",3,88.685,53.571,9.571,0.86,1,1,-48.788,-32.734,-83.504,-58.696,0.051,118.933,0,"",,,,0,""
221,,8,0,4,2,0,2,1,0,0,0,255,255,255,9,7821.749,"magimari",R,26,89,140,-1.077,-0.236,0.265,1.999,-0.463,1.26,-36.736,19.132,84,11,4,0,"",-10.894,-200,19.626,0,0,4,"=","=","=","=","=","=","=","=","=",6,R,"「론구」",179.9,80,0.4,,61,W,Y,0,,,,,,,,,,,,,,,,,,,,,,,,,,,,,0,0,,,,,,,,,,,,,,,7824.434,4,,578,0,,,,,,,,,,,,,,,,,,,0.007,-37.574,0.025,-17.312,-21.975,-47.574,-14.454,-62.37,20.232,-49.155,12.143,-63.76,46.171,-99.046,0.438,-119.769,-49.266,-90.59,,,,"",,,,"",,,,"",,,,"",,,,"",,,,"",,,,"",,,,"",,,,,,,,,,,,,,,,,,,,,,,,,,,,,,,,,,,,,,,,,,,,,,,,,,,,,,,,,,"",0,,,,,,,,,,,,,0,"",,,,0,""
222,,8,0,4,2,0,0,2,0,0,0,255,255,255,10,7844.903,"magimari",R,5,76,125,-1.151,-0.498,0.354,2.049,-0.384,1.272,-36.736,25.38,91,9,0,2,"",-79.633,0,-11.277,0,0,5,"=","=","=","=","=","=","=","=","=",9,R,"shuwaYNZ",190.3,83,0.373,5,48,W,Y,1,7846.094,218,177,142,102,71,,145,89,2.358,-49.378,-0.202,0.863,-20.742,1,0,0.311,205.16,-254.764,-502.442,7845.258,14.013,-32.611,,,,,,0,0,,,,,,,,,,,,,,,,,,,,,,,,,,,,,,,,,,,,,,0.068,-37.584,-0.017,-17.324,-21.648,-47.124,-14.794,-61.833,20.817,-49.468,12.502,-64.207,43.463,-100.821,-1.44,-120.155,-49.759,-91.202,-0.029,-37.853,,"Pring__",-0.175,-17.536,,"-Alta-",-21.617,-47.159,,"Rite_",-14.804,-61.979,,"mochi_2929",20.588,-49.357,,"Pugeuk",12.517,-64.179,,"ame_3",43.42,-100.782,,"紅さかな",-1.553,-120.197,,"alcohol500",-49.128,-91.107,,,,,,,,,,,,,,,,,,,,,,,,,,,,,,,,,,,,,,,,,,,,,,,,,,,,,,,,"",3,-47.186,-46.244,-2.804,0,0,1,2.358,2.358,-2.219,2.358,0,-70.113,0,"",,,,0,""
223,,8,0,4,2,0,1,2,0,0,0,255,255,255,11,7866.481,"magimari",R,26,87,140,-0.338,0.226,0.313,2.038,-0.082,1.557,-36.736,24.503,84,14,2,2,"",-55.6,-200,22.664,0,0,5,"=","=","=","=","=","=","=","=","=",9,R,"shuwaYNZ",190.3,83,0.373,3,29,W,Y,1,7867.61,180,183,107,72,24,,145,130,-30,46.005,-0.237,0.992,-19.783,0.68,0,0.318,350.449,459.949,-160.101,7866.008,-1.904,-21.385,,,,,,0,0,,,,,,,,,,,,,,,,,,,,,,,,,,,,,,,,,,,,,,0.064,-37.514,-0.002,-17.305,-22.446,-48.234,-14.632,-62.191,20.488,-48.278,11.03,-65.2,41.941,-100.967,1.989,-121.027,-53.723,-94.398,0.055,-37.502,,"Pring__",0,-17.301,,"-Alta-",-22.049,-47.716,,"Rite_",-14.535,-62.023,,"mochi_2929",19.778,-48.71,,"Pugeuk",10.933,-65.188,,"ame_3",41.921,-100.954,,"紅さかな",1.34,-120.973,,"alcohol500",-53.591,-94.178,,,,,,,,,,,,,,,,,,,,,,,,,,,,,,,,,,,,,,,,,,,,,,,,,,,,,,,,"",3,,,,,,,,,,,,,0,"",,,,0,""
224,,8,0,4,2,0,2,2,0,0,0,255,255,255,12,7887.188,"magimari",R,26,87,140,-0.304,1.193,0.337,2.208,-0.095,2.163,-36.736,40.002,78,18,5,1,"",-35.282,-200,9.284,0,0,5,"=","=","=","=","=","=","=","=","=",9,R,"shuwaYNZ",190.3,83,0.373,,29,W,Y,0,,,,,,,,,,,,,,,,,,,,,,,,,,,,,0,0,,,,,,,,,,,,,,,,,,,,,,,,,,,,,,,,,,,,,,0.033,-37.541,-0.038,-17.302,-21.641,-47.512,-14.755,-61.001,20.543,-49.353,10.266,-63.951,44.148,-101.768,0.142,-121.829,-51.022,-93.749,,,,"",,,,"",,,,"",,,,"",,,,"",,,,"",,,,"",,,,"",,,,,,,,,,,,,,,,,,,,,,,,,,,,,,,,,,,,,,,,,,,,,,,,,,,,,,,,,,"",0,,,,,,,,,,,,,0,"",,,,0,""
225,,8,0,4,2,1,2,2,0,0,0,255,255,255,13,7905.143,"magimari",R,10,92,128,-2.227,-1.731,0.143,1.827,-0.973,0.932,-36.736,11.08,32,68,0,1,"",0,400,29.643,-0.468,-18.777,5,"=","=","=","=","=","=","=","=","=",9,R,"shuwaYNZ",190.3,83,0.373,,29,W,Y,0,,,,,,,,,,,,,,,,,,,,,,,,,,,,,0,0,,,,,,,,,,,,,,,,,,,,,,,,,,,,,,,,,,,,,,0.071,-37.525,-0.082,-17.42,-21.199,-46.57,-14.861,-60.387,21.007,-49.546,10.293,-63.966,44.073,-101.729,-0.755,-122.347,-51.791,-93.545,,,,"",,,,"",,,,"",,,,"",,,,"",,,,"",,,,"",,,,"",,,,,,,,,,,,,,,,,,,,,,,,,,,,,,,,,,,,,,,,,,,,,,,,,,,,,,,,,,"",0,,,,,,,,,,,,,0,"",,,,0,""
226,,8,0,4,2,2,2,2,0,0,0,255,255,255,14,7923.035,"magimari",R,26,93,140,-0.396,0.773,0.289,2.131,-0.149,1.9,-36.736,35.956,81,17,2,2,"",-23.783,-200,14.803,0,0,5,"=","=","=","=","=","=","=","=","=",9,R,"shuwaYNZ",190.3,83,0.373,5,29,W,Y,1,7924.173,160,119,116,63,43,,145,115,18.352,59.706,-0.105,1.22,-19.114,0.84,0,0.203,232.701,404.908,-194.224,,,,,,,,,0,0,,,,,,,,,,,,,,,,,,,,,,,,,,,,,,,,,,,,,,-0.015,-37.475,-0.008,-17.276,-21.105,-46.594,-14.584,-62.416,20.672,-48.641,10.37,-63.936,44.093,-101.813,-0.854,-120.703,-52.886,-92.747,-0.011,-37.55,,"Pring__",-0.032,-17.398,,"-Alta-",-21.09,-46.575,,"Rite_",-14.567,-62.37,,"mochi_2929",20.293,-48.831,,"Pugeuk",10.334,-63.768,,"ame_3",44.066,-101.72,,"紅さかな",-0.756,-120.582,,"alcohol500",-51.358,-94.252,,,,,,,,,,,,,,,,,,,,,,,,,,,,,,,,,,,,,,,,,,,,,,,,,,,,,,,,"",3,68.827,54.968,15.947,0.559,2,0.585,28.45,18.352,38.267,46.897,0.019,115.744,0,"",,,,0,""
227,,8,0,4,2,2,2,2,0,0,0,255,255,255,15,7943.03,"magimari",R,26,89,140,-1.069,0.084,0.299,2.013,-0.377,1.469,-36.736,22.236,84,12,4,0,"",-74.721,-200,31.696,0,0,5,"=","=","=","=","=","=","=","=","=",9,R,"shuwaYNZ",190.3,83,0.373,,48,W,Y,0,,,,,,,,,,,,,,,,,,,,,,,,,,,,,0,0,,,,,,,,,,,,,,,7945.733,5,,578,0,,,,,,,,,,,,,,,,,,,0.053,-37.613,-0.039,-17.196,-21.014,-46.505,-15.048,-62.597,20.366,-49.338,10.699,-64.398,42.733,-100.986,-1.379,-120.913,-50.628,-94.071,,,,"",,,,"",,,,"",,,,"",,,,"",,,,"",,,,"",,,,"",,,,,,,,,,,,,,,,,,,,,,,,,,,,,,,,,,,,,,,,,,,,,,,,,,,,,,,,,,"",0,,,,,,,,,,,,,0,"",,,,0,""
228,SIDE,8,0,4,2,0,0,2,0,0,0,255,255,255,,7948.12,,,,,,,,,,,,,,,,,,,,,,,,6,"=","=","=","=","=","=","=","=","=",,,,,,,,,,,,,,,,,,,,,,,,,,,,,,,,,,,,,,,0,0,,,,,,,,,,,,,,,,,,,,,,,,,,,,,,,,,,,,,,,,,,,,,,,,,,,,,,,,,,,,,,,,,,,,,,,,,,,,,,,,,,,,,,,,,,,,,,,,,,,,,,,,,,,,,,,,,,,,,,,,,,,,,,,,,,,,,,,,,,,,,,,,,"",0,,,,,,,,,,,,,0,"",,,,0,""
229,,9,1,4,2,0,0,0,0,0,0,255,255,255,40,7994.293,"TaeGeuk_",R,32,76,127,1.037,-0.259,0.548,0.922,0.046,1.383,-36.83,34.087,5,4,91,2,"",250,-89.625,27.978,0,0,3,"mochi_2929","Pring__","-Alta-","ame_3","alcohol500","紅さかな","Pugeuk","magimari","Rite_",6,L,"ame_3",177.5,88.183,0.277,5,48,W,Y,1,7995.452,255,48,192,102,15,,145,103,33.919,-56.565,0.195,0.853,-20.002,-0.07,0,0.465,154.805,-346.29,464.886,7999.354,76.355,-63.009,,,,,,0,0,,,,,,,,,,,,,,,,,,,,,,,,,,,,,,,,,,,,,,0.353,-37.575,-0.001,-17.49,-20.707,-47.201,-13.276,-64.461,20.506,-44.584,16.785,-61.384,44.553,-99.851,0.862,-116.877,-41.599,-94.723,0.536,-36.839,,"_Chun",0.012,-17.463,,"별이__",-20.706,-47.23,,"わかなで",-12.562,-67.275,,"MODECO",20.473,-44.46,,"まととまと",16.815,-61.395,,"「론구」",44.555,-99.853,,"Mr․D VRC",0.924,-118.189,,"ゆっち一",-41.953,-94.482,,,,,,,,,,,,,,,,,,,,,,,,,,,,,,,,,,,,,,,,,,,,,,,,,,,,,,,,"",3,-103.215,-56.706,-24.16,1,2,0.046,45.244,33.919,-3.219,44.332,0.035,-144.482,0,"",,,,0,""
230,,9,1,4,2,0,1,0,0,0,0,255,255,255,41,8016.09,"TaeGeuk_",R,32,90,140,-1.329,0.441,0.339,1.085,-0.926,1.948,-36.83,22.592,5,8,87,2,"",250,58.829,28.639,0,0,3,"=","=","=","=","=","=","=","=","=",6,L,"ame_3",177.5,88.183,0.277,3,48,W,Y,1,8017.239,255,86,176,77,44,,145,86,52.092,-47.387,-0.249,1.092,-20.145,-0.82,0,0.417,99.909,396.218,7.041,8020.642,42.595,-67.254,8022.234,6,48.249,0.514,-74.876,1,0,,8023.271,,,,,,,,,,,,,,,,,,,,,,,,,,,,,,,,,,,,0.234,-37.621,-0.139,-17.351,-20.737,-46.536,-12.253,-65.541,20.643,-45.174,15.951,-62.871,44.846,-100.114,0.239,-116.02,-39.363,-91.615,0.091,-37.041,,"_Chun",-0.142,-17.316,,"별이__",-20.736,-46.535,,"わかなで",-11.249,-68.041,75,"MODECO",20.612,-45.075,,"まととまと",15.887,-62.71,,"「론구」",44.846,-100.111,108,"Mr․D VRC",0.367,-115.802,,"ゆっち一",-39.353,-91.615,,8030.278,-0.361,-39.234,,,,,,,8026.846,-0.519,-58.721,,,,,,,8023.939,48.549,-75.387,,,,,,,,,,,,,,,,8029.076,-1.304,-56.866,,,,,,,8024.811,44.016,-73.287,,,,,,,"",2,,,,,,,,,,,,,0,"「론구」",,,,17,""
231,,9,1,4,2,0,0,0,1,0,0,6,255,255,42,8045.322,"TaeGeuk_",R,33,83,135,1.114,-0.747,0.546,0.835,0.288,1.218,-36.83,56.747,13,17,71,0,"",123.293,14.006,-4.017,0,0,4,"=","=","=","=","=","=","=","=","=",8,L,"alcohol500",174.3,85.415,0.3,,41,W,Y,0,,,,,,,,,,,,,,,,,,,,,,,,,,,,,0,0,,,,,,,,,,,,8045.47,,,,,,,,,,,,,,,,,,,,,,,,,,0.146,-37.569,-0.133,-17.463,-19.856,-41.661,-11.293,-65.899,20.09,-44.726,14.646,-59.11,42.43,-95.001,3.345,-114.186,-40.523,-91.336,,,,"",,,,"",,,,"",,,,"",,,,"",,,,"",,,,"",,,,"",,,,8049.235,-0.034,-37.582,,,,,,,,,,,,,,,,,,,,,,,,,,,,,,,,,,,,,,,,,,,,,,,,,,,,"",0,,,,,,,,,,,,,0,"",,,,0,""
232,,9,1,4,2,0,1,0,1,0,0,6,255,255,43,8060.254,"TaeGeuk_",R,32,86,139,-0.35,0.201,0.427,1.036,-0.518,1.782,-36.83,26.113,8,5,88,2,"",250,33.822,16.825,0,0,4,"=","=","=","=","=","=","=","=","=",8,L,"alcohol500",174.3,85.415,0.3,5,41,W,Y,1,8061.201,130,91,137,100,57,,140,129,26.956,-59.87,-0.067,0.996,-20.259,0.61,0,0.228,515.682,190.184,214.657,8065.229,102.723,-83.57,,,,,,0,0,,,,,,,,,,,,8077.907,,,,,,,,,,,,,,,,,,,,,,,,,,0.244,-37.547,-0.121,-17.4,-19.732,-40.991,-11.02,-66.232,20.34,-44.923,13.762,-58.656,42.429,-94.997,3.279,-113.62,-41.362,-93.256,0.454,-36.74,,"_Chun",-0.065,-17.404,,"별이__",-19.258,-43.035,,"わかなで",-11.673,-68.237,,"MODECO",20.224,-44.722,,"まととまと",13.83,-58.745,,"「론구」",42.427,-94.993,,"Mr․D VRC",3.281,-113.365,,"ゆっち一",-41.17,-93.485,,,,,,,,,,,,,,,,,,,,,,,,,,,,,,,,,,,,,,,,,,,,,,,,,,,,,,,,"",3,-82.404,-52.109,-12.472,0.765,0,1,44.713,44.713,76.825,44.713,0,-175.077,0,"",,,,0,""
233,,9,1,4,2,0,2,0,1,0,0,6,255,255,44,8082.937,"TaeGeuk_",R,10,67,99,0.336,-2.039,0.602,1.039,0.129,1.137,-36.83,45.015,11,39,50,2,"BH-",0,391.046,23.015,0,0,4,"=","=","=","=","=","=","=","=","=",8,L,"alcohol500",174.3,85.415,0.3,3,41,W,Y,1,8083.994,178,85,80,68,76,,145,81,-15.101,-0.32,0.063,0.254,-20.564,1,0,0.363,38.314,120.664,-236.449,8082.271,0.067,-21.282,8083.359,0,0.13,0.263,-35.084,1,0,,8089.063,8392.584,,,8089.068,,,,,,,,,8088.592,3,1,164,0,,,,,,,,,,,,,8087.914,3,,,,,0.224,-37.596,-0.192,-17.609,-19.723,-41.047,-11.277,-65.984,20.881,-44.838,14.858,-58.813,45.485,-96.589,4.974,-112.275,-40.828,-93.298,0.404,-36.805,109,"_Chun",-0.158,-17.595,,"별이__",-20.012,-42.676,73,"わかなで",-10.378,-67.998,95,"MODECO",20.709,-44.564,,"まととまと",14.787,-58.794,,"「론구」",45.486,-96.588,,"Mr․D VRC",4.982,-112.268,,"ゆっち一",-40.822,-93.326,,8085.062,0.12,-35.343,,,,8089.749,-18.876,-40.256,8086.964,-0.25,-64.642,,,,,,,,,,,,,,,,8085.838,-1.139,-39.106,,,,8093.007,-18.146,-39.737,8088.386,-2.354,-56.366,,,,,,,,,,,,,,,,"",2,,,,,,,,,,,,,1,"TaeGeuk_",8089.068,,,257,""
234,,9,1,4,2,0,0,1,0,1,0,255,8,255,45,8393.402,"TaeGeuk_",R,32,84,136,-1.504,0.085,0.317,0.998,-1.028,1.647,-36.83,26.621,7,8,85,2,"",250,-30.989,11.732,0,0,5,"=","=","=","=","=","=","=","=","=",7,R,"紅さかな",172.7,88,0.452,5,94,W,Y,1,8394.515,136,126,67,95,62,,138,128,30.712,16.586,-0.278,0.956,-20.448,0.6,0,0.485,463.447,287.422,-88.972,8398.742,-42.374,-132.236,,,,,,0,0,,8400.043,8404.574,8409.414,8414.451,,,,8400.301,8405.296,,,,,,,,,,,,,,,,,,,,,,,,,,,,0.2,-37.66,0.001,-17.475,-20.878,-45.96,-15.992,-63.54,18.28,-45.352,1.439,-60.74,36.302,-94.068,-0.801,-113.568,-44.969,-90.95,0.315,-36.748,,"_Chun",0.052,-17.457,,"별이__",-20.889,-45.943,,"わかなで",-17.107,-65.656,,"MODECO",18.047,-45.073,,"まととまと",1.518,-60.736,,"「론구」",36.299,-94.065,,"Mr․D VRC",-0.797,-113.495,,"ゆっち一",-44.97,-90.946,,,,,,,,,,,,,,,,,,,,,,,,,,,,,,,,,,,,,,,,,,,,,,,,,,,,,,,,"",4,17.814,17.814,8.124,0,2,0.118,89.334,58.964,20.964,88.709,0.064,24.168,0,"",8404.574,8400.301,8405.296,0,""
235,,9,1,6,2,0,0,1,0,0,0,255,255,255,46,8435.097,"TaeGeuk_",R,32,90,140,-0.178,1.405,0.445,1.216,-0.432,2.439,-36.83,19.912,4,52,44,4,"",243.767,23.791,16.381,0,0,6,"=","=","=","=","=","=","=","=","=",5,R,"Pugeuk",169.6,83.928,0.317,,47,W,Y,1,,,,,,,,,,,,,,,,,,,,,,,,,,,,,0,0,,,,,,,,,,,,,,,,,,,,,,,,,,,,,,,,,,,,,,0.291,-37.527,0.022,-17.529,-20.425,-44.814,-15.241,-64.055,18.406,-46.051,10.58,-60.511,35.968,-93.898,1.137,-120.974,-44.951,-90.069,,,,"",,,,"",,,,"",,,,"",,,,"",,,,"",,,,"",,,,"",,,,,,,,,,,,,,,,,,,,,,,,,,,,,,,,,,,,,,,,,,,,,,,,,,,,,,,,,,"",0,,,,,,,,,,,,,0,"",,,,0,""
236,,9,1,6,2,0,1,1,0,0,0,255,255,255,47,8447.147,"TaeGeuk_",R,3,89,126,-3.596,0.115,0.371,1.01,-0.776,1.69,-36.83,26.05,12,5,84,4,"",-500,0,14.375,0,0,6,"=","=","=","=","=","=","=","=","=",5,R,"Pugeuk",169.6,83.928,0.317,,47,W,Y,1,,,,,,,,,,,,,,,,,,,,,,,,,,,,,0,0,,,,,,,,,,,,,,,,,,,,,,,,,,,,,,,,,,,,,,0.282,-37.752,-0.401,-17.519,-20.344,-44.947,-15.228,-64.149,18.912,-46.336,10.331,-60.781,35.962,-93.889,-0.468,-116.047,-46.224,-91.438,,,,"",,,,"",,,,"",,,,"",,,,"",,,,"",,,,"",,,,"",,,,,,,,,,,,,,,,,,,,,,,,,,,,,,,,,,,,,,,,,,,,,,,,,,,,,,,,,,"",0,,,,,,,,,,,,,0,"",,,,0,""
237,,9,1,6,2,0,2,1,0,0,0,255,255,255,48,8458.587,"TaeGeuk_",R,32,87,140,-0.846,1.35,0.404,1.201,-0.626,2.383,-36.83,14.627,3,48,49,2,"",180.023,-0.272,25.399,0,0,6,"=","=","=","=","=","=","=","=","=",5,R,"Pugeuk",169.6,83.928,0.317,5,47,W,Y,1,8459.653,80,59,83,30,9,,117,111,12.494,57.455,-0.168,1.309,-19.76,0.63,0,0.426,217.634,68.673,-554.905,8462.037,-80.099,-69.611,,,,,,0,0,,,,,,,,,,,,,,,,,,,,,,,,,,,,,,,,,,,,,,0.294,-37.731,-0.001,-17.591,-20.32,-44.917,-15.397,-63.931,19.06,-46.548,11.344,-60.85,35.971,-93.898,-0.59,-113.802,-46.22,-91.543,0.198,-37.148,,"_Chun",0.021,-17.568,,"별이__",-20.294,-44.9,,"わかなで",-16.822,-66.09,,"MODECO",18.849,-46.212,,"まととまと",11.151,-60.942,,"「론구」",35.967,-93.89,,"Mr․D VRC",-0.586,-113.717,,"ゆっち一",-46.12,-91.673,,,,,,,,,,,,,,,,,,,,,,,,,,,,,,,,,,,,,,,,,,,,,,,,,,,,,,,,"",3,107.512,58.575,14.772,1,1,0.984,21.516,12.494,28.528,45.808,0.01,140.014,0,"",,,,0,""
238,,9,1,6,2,0,2,1,0,0,0,255,255,255,49,8474.678,"TaeGeuk_",R,0,78,115,-0.717,-1.275,0.363,0.875,-0.543,0.869,-36.83,31.658,0,18,82,2,"",0,0,25.933,0,0,6,"=","=","=","=","=","=","=","=","=",5,R,"Pugeuk",169.6,83.928,0.317,5,74,W,Y,1,8475.789,111,114,123,103,50,,137,124,8.339,32.202,-0.222,0.505,-20.55,0.66,0,0.54,135.863,475.236,-273.217,,,,8476.834,8,-43.027,1.184,-79.852,0,0,,8480.878,,,,,,,,,,,,,8478.67,6,,457,0,,,,,,,,,,,,,,,,,,,0.315,-37.702,-0.004,-17.636,-20.839,-44.868,-17.715,-61.978,18.809,-46.032,10.051,-62.992,33.658,-91.349,-2.614,-116.94,-46.475,-91.015,0.101,-37.389,,"_Chun",-0.004,-17.618,,"별이__",-20.778,-44.81,,"わかなで",-19.473,-63.982,,"MODECO",18.608,-45.724,,"まととまと",12.372,-61.497,,"「론구」",33.733,-91.399,,"Mr․D VRC",-2.08,-118.015,,"ゆっち一",-46.454,-90.998,111,8482.115,-3.552,-40.798,,,,,,,,,,,,,,,,,,,,,,8478.676,-43.332,-80.465,,,,,,,,,,,,,,,,,,,,,,,,,8480.095,-37.427,-73.241,"",1,34.258,34.258,-5.659,0,0,1,8.339,8.339,9.434,8.339,0,56.325,0,"ゆっち一",,,,2,""
239,,9,1,6,2,0,0,2,0,0,0,255,255,255,50,8496.51,"TaeGeuk_",R,3,81,118,-2.181,1.069,0.488,1.04,-0.08,2.313,-36.83,27.517,6,7,87,2,"",-500,-0.154,33.922,0,0,7,"=","=","=","=","=","=","=","=","=",0,R,"magimari",190,84.511,0.353,3,47,W,Y,1,8497.651,255,198,135,104,49,,145,130,25.603,28.746,-0.364,1.433,-20.772,0.43,0,0.645,151.008,-289.289,418.556,8500.537,-48.039,-119.45,8502.033,8,-43.693,0.059,-112.87,1,0,,8504.038,,,,,,,,,,,,,,,,,,,,,,,,,,,,,,,,,,,,0.311,-38.045,-0.243,-17.246,-20.831,-44.894,-16.959,-62.558,18.57,-45.764,11.608,-62.297,37.395,-93.847,-1.403,-118.827,-47.798,-87.875,0.012,-37.542,,"_Chun",-0.241,-17.206,,"별이__",-20.654,-45.215,,"わかなで",-18.204,-64.253,,"MODECO",18.699,-45.928,,"まととまと",10.304,-63.189,72,"「론구」",37.335,-94.051,,"Mr․D VRC",-1.514,-118.796,,"ゆっち一",-47.754,-87.911,121,8511.357,0.141,-39.716,,,,,,,,,,,,,8507.188,0.418,-59.536,,,,,,,8503.89,-43.83,-111.925,,,,,,,,,,,,,,,,8510.269,-1.714,-54.538,,,,,,,8504.726,-40.299,-107.111,"",2,,,,,,,,,,,,,0,"ゆっち一",,,,66,""
240,,9,1,6,2,0,0,2,1,0,0,0,255,255,51,8522.858,"TaeGeuk_",R,32,87,140,-1.647,0.103,0.308,1.018,-1.072,1.72,-36.83,22.075,8,5,87,1,"",246.714,31.235,9.239,0,0,8,"=","=","=","=","=","=","=","=","=",3,R,"Rite_",170,80,0.455,,45,W,Y,0,,,,,,,,,,,,,,,,,,,,,,,,,,,,,0,0,,,,,,,,,,,,8523.395,,,,,,,,,,,,,,,,,,,,,,,,,,0.263,-37.639,-0.014,-17.218,-20.336,-43.311,-16.111,-63.335,18.284,-45.447,11.221,-63.359,36.144,-94.035,-1.392,-114.281,-43.876,-91.956,,,,"",,,,"",,,,"",,,,"",,,,"",,,,"",,,,"",,,,"",,,,8527.191,-0.387,-37.622,,,,,,,,,,,,,,,,,,,,,,,,,,,,,,,,,,,,,,,,,,,,,,,,,,,,"",0,,,,,,,,,,,,,0,"",,,,0,""
241,,9,1,6,2,1,0,2,1,0,0,0,255,255,52,8535.671,"TaeGeuk_",R,32,87,140,-0.936,0.587,0.379,1.079,-0.742,1.94,-36.83,21.465,6,4,90,0,"",238.689,-18.374,27.26,0,0,8,"=","=","=","=","=","=","=","=","=",3,R,"Rite_",170,80,0.455,,45,W,Y,1,,,,,,,,,,,,,,,,,,,,,,,,,,,,,0,0,,,,,,,,,,,,8546.291,,,,,,,,,,,,,,,,,,,,,,,,,,0.242,-37.555,0.047,-17.473,-19.761,-41.658,-15.94,-63.472,18.46,-46.114,7.517,-63.556,36.151,-94.023,-1.439,-114.252,-44.035,-92.168,,,,"",,,,"",,,,"",,,,"",,,,"",,,,"",,,,"",,,,"",,,,8539.556,-0.255,-37.316,,,,,,,,,,,,,,,,,,,,,,,,,,,,,,,,,,,,,,,,,,,,,,,,,,,,"",0,,,,,,,,,,,,,0,"",,,,0,""
242,,9,1,6,2,1,1,2,1,0,0,0,255,255,53,8546.812,"TaeGeuk_",R,32,86,139,1.744,0.265,0.627,1.031,0.411,1.766,-36.83,34.94,7,9,84,2,"",233.759,-11.435,8.958,0,0,8,"=","=","=","=","=","=","=","=","=",3,R,"Rite_",170,80,0.455,3,45,W,Y,1,8547.883,99,168,90,74,34,,134,74,61.356,-47.666,0.33,0.99,-19.925,-1,0,0.235,113.261,-59.458,-1.059,8551.025,35.114,-50.182,8551.238,4,34.202,2.089,-49.395,0,0,,8554.7,,,,8554.108,,,,,,,,,8553.173,8,,453,0,,,,,,,,,,,,,,,,,,,0.319,-37.632,0.011,-17.311,-20.194,-43.055,-16.374,-63.334,18.916,-46.31,8.22,-63.536,36.159,-94.02,-1.435,-114.237,-43.889,-91.331,0.63,-36.832,,"_Chun",0.046,-17.371,,"별이__",-20.273,-43.168,,"わかなで",-17.225,-63.951,,"MODECO",18.697,-46.088,,"まととまと",8.916,-63.645,,"「론구」",36.15,-94.011,,"Mr․D VRC",-1.421,-114.048,,"ゆっち一",-43.915,-92.087,,,,,,,,,,,,,,8553.182,34.456,-49.177,,,,,,,,,,,,,,,,,,,,,,,,,,,,,,,,,,,,,,,,"",1,,,,,,,,,,,,,0,"MODECO",8554.108,,,8,""
243,SIDE,9,1,6,2,0,0,2,1,0,0,0,255,255,,8555.712,,,,,,,,,,,,,,,,,,,,,,,,0,"=","=","=","=","=","=","=","=","=",,,,,,,,,,,,,,,,,,,,,,,,,,,,,,,,,,,,,,,0,0,,,,,,,,,,,,,,,,,,,,,,,,,,,,,,,,,,,,,,,,,,,,,,,,,,,,,,,,,,,,,,,,,,,,,,,,,,,,,,,,,,,,,,,,,,,,,,,,,,,,,,,,,,,,,,,,,,,,,,,,,,,,,,,,,,,,,,,,,,,,,,,,,"",0,,,,,,,,,,,,,0,"",,,,0,""
244,,9,0,6,2,0,0,0,0,0,0,255,255,255,0,8719.559,"-Alta-",L,33,85,138,3.714,0.768,-0.136,1.119,1.712,2.061,-36.637,24.465,0,25,75,3,"TW+",-128.126,-31.978,-16.562,0.305,-21.072,6,"わかなで","ゆっち一","_Chun","MODECO","「론구」","shuwaYNZ","まととまと","Mr․D VRC","별이__",5,R,"まととまと",179.5,89.79,0.449,,47,W,Y,0,,,,,,,,,,,,,,,,,,,,,,,,,,,,,0,0,,,,,,,,,,,,,,,,,,,,,,,,,,,,,,,,,,,,,,-0.105,-37.314,0.022,-17.327,-20.512,-46.766,-14.793,-63.269,16.856,-43.396,11.403,-63.888,43.597,-97.387,0.15,-118.471,-49.175,-93.319,,,,"",,,,"",,,,"",,,,"",,,,"",,,,"",,,,"",,,,"",,,,,,,,,,,,,,,,,,,,,,,,,,,,,,,,,,,,,,,,,,,,,,,,,,,,,,,,,,"",6,,,,,,,,,,,,,0,"",,,,0,""
245,,9,0,6,2,0,0,0,1,0,0,15,255,255,1,8745.449,"-Alta-",L,3,68,111,0.02,-1.018,-0.66,0.826,-0.727,1.049,-36.637,36.922,0,0,100,0,"",407.38,0,-2.184,0,0,7,"=","=","=","=","=","=","=","=","=",7,R,"Mr․D VRC",177,95.452,0.553,,47,W,Y,0,,,,,,,,,,,,,,,,,,,,,,,,,,,,,0,0,,,,,,,,,,,,8757.34,,,,,,,,,,,,,,,,,,,,,,,,,,-0.498,-37.346,-0.049,-17.192,-20.056,-41.187,-14.43,-62.316,16.709,-43.446,9.366,-60.746,44.309,-98.594,1.19,-119.992,-50.542,-91.228,,,,"",,,,"",,,,"",,,,"",,,,"",,,,"",,,,"",,,,"",,,,,,,,,,,,,,,,,,,,,,,,,,,,,,,,,,,,,,,,,,,,,,,,,,,,,,,,,,"",0,,,,,,,,,,,,,0,"",,,,0,""
246,,9,0,6,2,0,1,0,1,0,0,15,255,255,2,8765.161,"-Alta-",L,32,94,140,3.273,0.753,-0.132,1.111,1.729,2.041,-36.637,23.515,0,22,78,1,"",-218.416,-32.491,-14.593,0,0,7,"=","=","=","=","=","=","=","=","=",7,R,"Mr․D VRC",177,95.452,0.553,,47,W,Y,0,,,,,,,,,,,,,,,,,,,,,,,,,,,,,0,0,,,,,,,,,,,,8783.47,,,,,,,,,,,,,,,,,,,,,,,,,,-0.296,-37.426,0.004,-17.164,-19.747,-40.278,-14.42,-62.413,16.571,-43.631,9.894,-59.753,45.365,-98.164,2.715,-115.459,-49.411,-86.953,,,,"",,,,"",,,,"",,,,"",,,,"",,,,"",,,,"",,,,"",,,,,,,,,,,,,,,,,,,,,,,,,,,,,,,,,,,,,,,,,,,,,,,,,,,,,,,,,,"",0,,,,,,,,,,,,,0,"",,,,0,""
247,,9,0,6,2,1,1,0,1,0,0,15,255,255,3,8785.188,"-Alta-",L,33,78,128,2.881,0.522,-0.192,1.066,1.45,1.883,-36.637,32.015,0,8,92,1,"",-123.464,-49.124,-10.555,0,0,7,"=","=","=","=","=","=","=","=","=",7,R,"Mr․D VRC",177,95.452,0.553,,47,W,Y,0,,,,,,,,,,,,,,,,,,,,,,,,,,,,,0,0,,,,,,8788.41,,,,,,,,,,,,,,,,,,,,,,,,,,,,,,,,-0.086,-37.48,0.027,-17.131,-19.627,-42.793,-14.443,-62.411,16.704,-43.622,8.993,-59.405,43.264,-98.903,-0.059,-117.207,-49.043,-87.186,,,,"",,,,"",,,,"",,,,"",,,,"",,,,"",,,,"",,,,"",,,,,,,,,,,,,,,,,,,,,,,,,,,,,,,,,,,,,,,,,,,,,,,,,,,,,,,,,,"",0,,,,,,,,,,,,,0,"",8788.41,,,0,""
248,,9,0,6,2,2,1,0,0,1,0,255,15,255,4,8828.522,"-Alta-",L,3,67,108,1.617,-0.087,-0.612,1.051,-0.213,1.593,-36.637,52.002,0,9,91,2,"",490.909,0,-2.018,0,0,7,"=","=","=","=","=","=","=","=","=",7,R,"Mr․D VRC",177,95.452,0.553,3,35,W,Y,1,8829.767,53,45,89,67,49,,82,64,25.646,34.858,0.153,1.002,-19.982,-0.26,0,0.254,233.152,199.321,-490.621,,,,8831.047,2,-22.319,3.466,-50.942,0,0,,,,,,,,,,,,,8857.821,,8832.982,7,,451,0,,,,,,,,,,,,,,,,,,,-0.144,-37.506,-0.049,-17.193,-19.659,-46.035,-12.146,-60.63,16.808,-43.941,7.546,-62.612,48.147,-104.704,1.143,-115.9,-47.359,-90.202,-0.182,-37.021,,"Pring__",0,-17.377,,"mochi_2929",-19.573,-45.933,,"Rite_",-12.013,-60.452,87,"magimari",16.655,-43.859,,"Pugeuk",9.734,-61.366,80,"ame_3",48.194,-104.727,,"紅さかな",1.063,-115.597,,"alcohol500",-47.181,-89.607,,8841.257,1.128,-38.134,,,,8832.993,-22.982,-51.481,8833.103,-23.634,-53.024,,,,8836.034,-0.855,-59.162,,,,,,,,,,,,,,,,,,,8834.716,-23.268,-53.167,,,,8839.979,3.106,-59.106,,,,,,,,,,"",1,,,,,,,,,,,,,0,"mochi_2929",8834.251,,,325,""
249,,9,0,6,2,0,0,1,0,1,0,255,15,255,5,8858.64,"-Alta-",L,32,86,139,-1.41,-0.294,-0.559,1.047,-0.255,1.476,-36.637,32.743,0,13,87,0,"",-250,30.147,-22.965,0,0,8,"=","=","=","=","=","=","=","=","=",2,R,"별이__",190,80,0.3,,47,A,Y,0,,,,,,,,,,,,,,,,,,,,,,,,,,,,,0,0,,,,,,,,,,,,,8881.813,,,,,,,,,,,,,,,,,,,8864.165,5,,,,,-0.319,-37.387,0.03,-17.17,-19.476,-45.767,-15.43,-62.421,16.711,-43.957,9.721,-61.619,41.467,-98.613,1.18,-118.031,-47.529,-90.537,,,,"",,,,"",,,,"",,,,"",,,,"",,,,"",,,,"",,,,"",,,,8868.197,0.462,-38.209,,,,,,,,,,,,,,,,,,,,,,,,,,,,,,,,,,,,,,,,,,,,,,,,,,,,"",0,,,,,,,,,,,,,0,"",8861.755,,,0,""
250,,9,0,6,2,0,1,1,0,1,0,255,15,255,6,8882.608,"-Alta-",L,32,80,130,1.076,0.419,-0.321,1.155,0.853,1.824,-36.637,29.483,0,19,81,0,"",-250,-71.792,-18.46,0,0,8,"=","=","=","=","=","=","=","=","=",2,R,"별이__",190,80,0.3,,47,A,Y,0,,,,,,,,,,,,,,,,,,,,,,,,,,,,,0,0,,,,,,,,,,,,,8904.412,,,,,,,,,,,,,,,,,,,,,,,,,-0.164,-37.196,0.03,-17.21,-19.513,-45.997,-14.68,-61.445,16.891,-44.162,7.939,-62.346,41.472,-98.679,-0.447,-117.908,-47.964,-92.862,,,,"",,,,"",,,,"",,,,"",,,,"",,,,"",,,,"",,,,"",,,,8891.741,0.503,-38.473,,,,,,,,,,,,,,,,,,,,,,,,,,,,,,,,,,,,,,,,,,,,,,,,,,,,"",0,,,,,,,,,,,,,0,"",8886.272,,,0,""
251,,9,0,6,2,0,2,1,0,1,0,255,15,255,7,8905.439,"-Alta-",L,32,79,129,-0.344,0.853,-0.454,1.223,0.232,2.045,-36.637,33.769,0,67,33,2,"",-250,-126.461,-35.569,0,0,8,"=","=","=","=","=","=","=","=","=",2,R,"별이__",190,80,0.3,5,47,A,Y,0,8906.689,255,180,173,36,35,,145,89,-22.895,-27.806,-0.157,1.455,-20.148,1,0,0.136,-188.085,-30.411,407.654,8904.959,1.343,-22.976,8906.363,4,12.02,0.618,-42.997,0,0,,,,,,,,,8909.71,,,,,,8911.703,8,,147,128,,,,,,,,,,,,,,,,,,,-0.126,-37.373,0.03,-17.215,-19.54,-45.515,-14.216,-61.369,17.509,-44.308,8.259,-61.423,41.643,-99.335,-0.028,-117.807,-48.523,-90.514,-0.098,-36.837,,"Pring__",0.082,-17.514,,"mochi_2929",-19.547,-45.457,57,"Rite_",-14.101,-61.215,,"magimari",17.025,-44.165,87,"Pugeuk",7.699,-61.441,,"ame_3",41.719,-99.309,,"紅さかな",-0.008,-117.82,,"alcohol500",-48.636,-89.95,,8917.095,-0.006,-37.595,,,,8911.108,-18.787,-39.498,,,,8908.293,12.662,-43.985,,,,,,,,,,,,,,,,,,,8915.68,-16.807,-39.458,,,,8909.505,8.873,-46.143,,,,,,,,,,,,,"",2,-28.242,-28.242,-0.257,0,1,0.732,-42.271,-27.111,-18.691,-76.342,0.049,-55.568,0,"magimari",,8909.71,,133,""
252,,9,0,6,2,0,0,2,0,0,1,255,255,15,8,8939.077,"-Alta-",L,3,77,117,-1.038,-0.996,-0.722,0.907,-1.146,1.101,-36.637,63.614,0,11,89,0,"",413.279,0,-3.166,0,0,0,"=","=","=","=","=","=","=","=","=",3,L,"わかなで",160,93.807,0.2,,47,W,Y,0,,,,,,,,,,,,,,,,,,,,,,,,,,,,,0,0,,,,,,,,,,,,,,8955.547,,,,,,,,,,,,,,,,,,,,,,,,-0.195,-37.613,0.163,-17.274,-19.28,-46.822,-10.523,-62.977,17.266,-43.647,12.346,-58.93,49.631,-96.643,0.928,-114.088,-45.263,-93.077,,,,"",,,,"",,,,"",,,,"",,,,"",,,,"",,,,"",,,,"",,,,8944.376,0.074,-37.043,,,,,,,,,,,,,,,,,,,,,,,,,,,,,,,,,,,,,,,,,,,,,,,,,,,,"",0,,,,,,,,,,,,,0,"",,8941.786,,0,""
253,,9,0,6,2,0,1,2,0,0,1,255,255,15,9,8958.073,"-Alta-",L,32,84,136,-0.087,-1.438,-0.434,0.927,0.323,0.978,-36.637,41.931,0,7,93,1,"",-250,102.152,-24.624,0,0,0,"=","=","=","=","=","=","=","=","=",3,L,"わかなで",160,93.807,0.2,,47,W,Y,0,,,,,,,,,,,,,,,,,,,,,,,,,,,,,0,0,,,,,,,,,,,,,,8973.22,,,,,,,,,,,,,,,,,,,,,,,,-0.131,-37.606,0.264,-17.117,-19.358,-46.298,-10.967,-62.791,18.03,-42.827,13.564,-58.861,49.588,-96.461,0.15,-114.43,-43.347,-92.417,,,,"",,,,"",,,,"",,,,"",,,,"",,,,"",,,,"",,,,"",,,,8962.645,0.09,-37.314,,,,,,,,,,,,,,,,,,,,,,,,,,,,,,,,,,,,,,,,,,,,,,,,,,,,"",0,,,,,,,,,,,,,0,"",,8960.378,,0,""
254,,9,0,6,2,1,1,2,0,0,1,255,255,15,10,8975.093,"-Alta-",L,3,79,117,1.791,-0.336,-0.511,1.048,-0.031,1.447,-36.637,46.124,0,9,91,2,"",481.254,0,-9.482,0,0,0,"=","=","=","=","=","=","=","=","=",3,L,"わかなで",160,93.807,0.2,3,47,W,Y,1,8976.222,198,111,56,64,46,,137,105,25.996,-37.804,0.412,0.789,-20.252,0.78,0,0.419,451.324,-292.571,-87.665,8979.346,65.299,-91.745,8979.43,6,62.679,2.511,-89.123,0,0,,8980.983,,,,,,,,,8980.858,,,,8981.442,0,,455,0,,,,,,,,,,,,,,,,,,,-0.118,-37.413,0.002,-17.418,-19.358,-46.358,-10.873,-63.275,19.465,-42.039,13.834,-59.07,49.649,-96.689,-0.088,-114.554,-45.553,-92.207,0.317,-36.512,,"Pring__",0.228,-17.364,,"mochi_2929",-19.32,-46.302,,"Rite_",-10.812,-62.816,,"magimari",17.389,-43.864,,"Pugeuk",13.845,-58.944,,"ame_3",49.64,-96.621,116,"紅さかな",-0.052,-114.501,,"alcohol500",-45.033,-92.049,,,,,,,,,,,8985.113,5.441,-61.301,,,,,,,8981.456,63.339,-90.123,,,,,,,,,,,,,,,,,,,,,,,,,8982.851,55.689,-84.548,,,,,,,"",1,,,,,,,,,,,,,0,"ame_3",,,8980.858,264,""
255,END,10,1,6,2,0,0,0,0,0,0,255,255,255,,9047.301,,,,,,,,,,,,,,,,,,,,,,,,,,,,,,,,,,,,,,,,,,,,,,,,,,,,,,,,,,,,,,,,,,,,,,,,,,,,,,,,,,,,,,,,,,,,,,,,,,,,,,,,,,,,,,,,,,,,,,,,,,,,,,,,,,,,,,,,,,,,,,,,,,,,,,,,,,,,,,,,,,,,,,,,,,,,,,,,,,,,,,,,,,,,,,,,,,,,,,,,,,,,,,,,,,,,,,,,,,,,,,,,,,,,,,,,,,,,,,,"{""schemaVersion"":16,""gameTimeZeroUtc"":""2026-09-11T12:40:29.091Z"",""exportedAtUtc"":""2026-09-11T15:11:16.392Z"",""teamNameA"":""AT"",""teamNameB"":""KB""}"
