id,type,inn,half,scoreA,scoreB,ball,strk,out,b1,b2,b3,b1Idx,b2Idx,b3Idx,pCnt,pSec,pName,pHand,pType,pPow,spdK,zoneX,zoneY,startX,startY,targetX,targetY,zDist,pitchAngle,pOver,pSide,pUnder,call,manual,sH,sV,gyro,plx,plz,bIdx,order1Name,order2Name,order3Name,order4Name,order5Name,order6Name,order7Name,order8Name,order9Name,bPos,bZone,bName,bHCm,batLen,batCen,batType,bFps,bOS,bVR,bSwing,hSec,rotS,rotL,shS,lgS,prepS,gripPen,batSpd,ev,ldeg,sdeg,launchPosX,launchPosY,launchPosZ,hPos,buntGrip,handDist,angVeloX,angVeloY,angVeloZ,ltSec,lx,lz,cSec,cPos,cx,cy,cz,1BSafe,tag,cpSec,bTo1Sec,bTo2Sec,bTo3Sec,bToHSec,r1To2Sec,r1To3Sec,r1ToHSec,r2To3Sec,r2ToHSec,r3ToHSec,r1LeaveSec,r2LeaveSec,r3LeaveSec,out1Sec,out1BatterIndex,out1PrevBase,out1Code,out1Ass,out2Sec,out2BatterIndex,out2PrevBase,out2Code,out2Ass,out3Sec,out3BatterIndex,out3PrevBase,out3Code,out3Ass,ball1Sec,ball1Pos,ball2Sec,ball2Pos,ball3Sec,ball3Pos,ballHSec,ballHPos,PitchPPosX,PitchPPosZ,PitchCPosX,PitchCPosZ,Pitch1BPosX,Pitch1BPosZ,Pitch2BPosX,Pitch2BPosZ,Pitch3BPosX,Pitch3BPosZ,PitchSSPosX,PitchSSPosZ,PitchLFPosX,PitchLFPosZ,PitchCFPosX,PitchCFPosZ,PitchRFPosX,PitchRFPosZ,PPosX,PPosY,PThrSpd,CName,CPosX,CPosY,CThrSpd,1BName,1BPosX,1BPosY,1BThrSpd,2BName,2BPosX,2BPosY,2BThrSpd,3BName,3BPosX,3BPosY,3BThrSpd,SSName,SSPosX,SSPosY,SSThrSpd,LFName,LFPosX,LFPosY,LFThrSpd,CFName,CFPosX,CFPosY,CFThrSpd,RFName,RFPosX,RFPosY,RFThrSpd,PGetSec,PGetX,PGetZ,CGetSec,CGetX,CGetZ,1BGetSec,1BGetX,1BGetZ,2BGetSec,2BGetX,2BGetZ,3BGetSec,3BGetX,3BGetZ,SSGetSec,SSGetX,SSGetZ,LFGetSec,LFGetX,LFGetZ,CFGetSec,CFGetX,CFGetZ,RFGetSec,RFGetX,RFGetZ,PThrSec,PThrX,PThrZ,CThrSec,CThrX,CThrZ,1BThrSec,1BThrX,1BThrZ,2BThrSec,2BThrX,2BThrZ,3BThrSec,3BThrX,3BThrZ,SSThrSec,SSThrX,SSThrZ,LFThrSec,LFThrX,LFThrZ,CFThrSec,CFThrX,CFThrZ,RFThrSec,RFThrX,RFThrZ,errPosDelta,result,swPreDeg,swTargetDeg,swApproachDeg,swCorr,swSource,swProximity,swVRawDeg,swVAdjustedDeg,swVMotionDeg,swVClosestDeg,swVYShrink,swGeometryDeg,balk,cPlr,sb2Sec,sb3Sec,sbhSec,ass,remarks
1,,1,1,0,0,0,0,0,0,0,0,255,255,255,0,1312.345,"Penguin_iDOL",R,14,82,119,1.991,-1.17,0.219,1.934,0.278,1.383,-36.493,39.176,82,18,0,2,"",353.553,353.554,9.012,0,0,0,"sano jpn","ʚEveɞ","カズティー","P0TA0","인생최패망자","白霜らいふ","ibqrqki","IbikiKai_JP","Ѕeyeon",8,R,"sano jpn",169.8,92.118,0.561,5,78,W,Y,1,1313.468,114,86,184,113,47,,137,107,6.973,6.627,0.371,0.548,-20.38,0.13,0.19,0.291,-31.614,-305.929,63.197,1313.325,-3.365,-65.096,1315.499,7,-6.242,0.059,-96.923,1,0,,1318.308,,,,,,,,,,,,,,,,,,,,,,,,,,,,,,1321.28,5,,,,,0.072,-37.9,0.037,-17.349,-20.097,-47.398,-13.424,-63.481,18.459,-51.152,11.501,-65.413,45.408,-96.856,-0.83,-112.824,-48.153,-96.282,0.225,-36.825,,"mungjungh",0.07,-17.378,,"CAT tourniquet",-20.102,-47.413,,"HANA_ARASHI",-13.44,-63.443,,"Kr_Luna",18.407,-51.275,,"Yaksok~",12.341,-65.26,86,"가앤슬_",45.573,-97.202,,"k@ster",-0.833,-112.816,105,"SUGUN",-49.161,-95.427,,1322.777,-0.904,-39.312,,,,,,,,,,,,,1319.766,-0.491,-60.079,,,,1317.318,-6.38,-97.924,,,,,,,,,,,,,,,,,,,1321.657,-0.351,-57.911,,,,1318.254,-6.521,-92.396,,,,"",2,4.567,4.567,-10.895,0,1,0.834,12.275,6.973,8.801,58.156,0.015,25.457,0,"k@ster",,,,400,""
2,,1,1,0,0,0,0,0,1,0,0,8,255,255,1,1339.967,"Penguin_iDOL",R,26,87,140,-1.482,-0.053,0.11,1.688,-0.42,1.403,-36.493,29.426,90,10,0,4,"",-198.238,-200,12.568,0,0,1,"=","=","=","=","=","=","=","=","=",2,L,"ʚEveɞ",190,84.82,0.479,,153,W,Y,1,,,,,,,,,,,,,,,,,,,,,,,,,,,,,0,0,,,,,,,,,,,,1358.646,,,,,,,,,,,,,,,,,,,,,,,,,,-0.032,-37.767,0.039,-17.301,-19.746,-44.103,-11.862,-61.98,17.844,-47.167,10.739,-61.263,49.86,-110.631,1.728,-119.571,-39.868,-96.285,,,,"",,,,"",,,,"",,,,"",,,,"",,,,"",,,,"",,,,"",,,,1344.033,-0.053,-36.968,,,,,,,,,,,,,,,,,,,,,,,,,,,,,,,,,,,,,,,,,,,,,,,,,,,,"",0,,,,,,,,,,,,,0,"",,,,0,""
3,,1,1,0,0,0,1,0,1,0,0,8,255,255,2,1359.088,"Penguin_iDOL",R,13,72,99,-3.143,-2.034,-0.003,1.576,-0.63,0.814,-36.493,12.532,70,30,0,2,"",-351.391,312.348,-2.805,0,0,1,"=","=","=","=","=","=","=","=","=",2,L,"ʚEveɞ",190,84.82,0.479,5,153,W,Y,1,1360.086,241,105,92,101,97,,145,89,28.545,-17.152,-0.491,0.501,-22.127,1,0,0.479,-215.794,-197.708,-109.784,1362.707,24.082,-90.11,1364.492,6,28.59,0.246,-101.036,1,0,,1365.443,,,,1366.308,,,,,,,,,,,,,,,,,,,,,,,,,,,,,,,,0.051,-37.923,-0.042,-17.106,-20.201,-45.075,-12.743,-61.294,17.904,-47.218,7.735,-62.968,49.908,-110.697,1.7,-119.561,-44.126,-92.144,-0.239,-36.907,,"mungjungh",-0.326,-17.299,,"CAT tourniquet",-19.876,-46.808,,"HANA_ARASHI",-12.332,-61.439,79,"Kr_Luna",18.661,-47.261,,"Yaksok~",8.271,-62.852,,"가앤슬_",49.912,-110.703,113,"k@ster",1.701,-119.562,,"SUGUN",-43.95,-92.195,,1373.564,0.386,-37.715,,,,,,,1369.062,0.274,-60.323,,,,,,,1366.184,28.778,-101.606,,,,,,,,,,,,,,,,1372.217,-2.768,-58.503,,,,,,,1367.118,24.253,-97.104,,,,,,,"",2,-13.659,-13.659,15.108,0,0,1,52.302,52.302,31.598,52.302,0,-131.823,0,"가앤슬_",1366.308,,,84,""
4,,1,1,0,0,0,0,0,1,1,0,2,8,255,3,1394.165,"Penguin_iDOL",R,14,82,119,1.475,0.056,0.218,2.072,0.138,1.996,-36.493,47.92,80,20,0,1,"",353.456,353.65,12.417,0.511,-14.649,2,"=","=","=","=","=","=","=","=","=",7,R,"カズティー",175.4,84.645,0.33,,48,W,Y,0,,,,,,,,,,,,,,,,,,,,,,,,,,,,,0,0,,,,,,,,,,,,1408.391,1413.581,,,,,,,,,,,,,,,,,,,,,,,,,0,-37.675,0.011,-17.009,-19.668,-45.689,-11.117,-61.221,19.75,-44.665,11.3,-59.567,43.962,-99.528,0.405,-109.101,-44.34,-92.572,,,,"",,,,"",,,,"",,,,"",,,,"",,,,"",,,,"",,,,"",,,,1398.797,0.215,-36.732,,,,,,,,,,,,,,,,,,,,,,,,,,,,,,,,,,,,,,,,,,,,,,,,,,,,"",0,,,,,,,,,,,,,0,"",1396.288,,,0,""
5,,1,1,0,0,1,0,0,1,1,0,2,8,255,4,1415.046,"Penguin_iDOL",R,29,92,140,-2.21,-1.427,0.047,1.659,-0.71,0.58,-36.493,25.183,83,17,0,1,"",-201.318,-200,36.232,0,0,2,"=","=","=","=","=","=","=","=","=",7,R,"カズティー",175.4,84.645,0.33,,48,W,Y,0,,,,,,,,,,,,,,,,,,,,,,,,,,,,,0,0,,,,,,,,,,,,1431.96,1417.574,,,,,,,,,,,,,,,,,,,,,,,,,-0.042,-37.728,-0.045,-16.98,-19.476,-46.215,-12.612,-61.19,19.829,-47.287,7.134,-62.273,42.151,-98.19,-0.123,-109.143,-46.819,-94.884,,,,"",,,,"",,,,"",,,,"",,,,"",,,,"",,,,"",,,,"",,,,1419.188,0.058,-37.068,,,,,,,,,,,,,,,,,,,,,,,,,,,,,,,,,,,,,,,,,,,,,,,,,,,,"",0,,,,,,,,,,,,,0,"",1417.435,,,0,""
6,,1,1,0,0,2,0,0,1,1,0,2,8,255,5,1432.997,"Penguin_iDOL",R,10,87,128,0.953,-0.151,0.28,1.847,0.374,1.942,-36.493,29.837,70,30,0,2,"BA+",22.698,400,39.4,0,0,2,"=","=","=","=","=","=","=","=","=",7,R,"カズティー",175.4,84.645,0.33,5,48,W,Y,1,1433.986,255,130,103,131,47,,145,103,-85.866,42.444,0.175,0.849,-20.135,-0.04,0,0.654,-560.926,-148.132,153.032,1431.853,0.137,-20.176,1435.45,1,-3.266,3.146,-23.773,0,0,,1440.434,,,,1439.612,,,1438.604,,,,,,1439.855,2,,147,8,,,,,,,,,,,,,1441.736,5,,,,,0.102,-37.756,0.062,-16.984,-19.743,-46.118,-13.95,-60.358,18.885,-45.594,10.267,-60.228,42.161,-98.123,-0.132,-109.142,-47.41,-93.149,0.067,-37.033,,"mungjungh",0.077,-17.103,130,"CAT tourniquet",-19.538,-45.821,96,"HANA_ARASHI",-12.966,-59.845,,"Kr_Luna",18.864,-45.584,,"Yaksok~",10.379,-60.032,85,"가앤슬_",43.521,-97.257,,"k@ster",-0.131,-109.121,,"SUGUN",-46.369,-92.768,,1445.065,0.509,-39.336,1437.553,-3.24,-23.698,1439.227,-18.627,-39.469,,,,,,,1441.431,-0.476,-58.125,,,,,,,,,,,,,1438.469,-5.687,-27.617,1440.176,-17.895,-40.835,,,,,,,1443.983,2.818,-56.541,,,,,,,,,,"",2,42.697,42.697,16,0,2,0.227,-87.406,-85.866,-9.49,-83.016,0.073,70.076,0,"mungjungh",1439.612,1438.604,,312,""
7,,1,1,0,0,0,0,1,0,1,1,255,2,8,6,1465.728,"Penguin_iDOL",R,26,88,140,0.437,0.186,0.238,1.734,0.177,1.551,-36.493,23.639,71,29,0,2,"BA+|BA-",7.7,-200,37.898,0,0,3,"=","=","=","=","=","=","=","=","=",0,R,"P0TA0",190,96.215,0.525,5,149,W,Y,1,1466.578,120,70,190,72,41,,138,117,-30,40.344,0.071,1.03,-19.395,0.89,0,0.283,46.287,5.562,-52.973,1464.471,-1.009,-20.668,1465.95,2,-18.855,2.568,-41.673,0,0,,,,,,,,,1475.829,,1474.446,,1465.852,1466.105,1469.425,3,,147,0,,,,,,,,,,,1468.814,2,,,,,1474.541,1,0.111,-37.803,0.074,-17.159,-18.962,-45.085,-13.543,-62.036,19.312,-43.581,9.418,-62.046,41.237,-94.131,-0.735,-111.723,-48.009,-94.082,0.038,-36.98,,"mungjungh",0.079,-17.27,120,"CAT tourniquet",-18.927,-45.035,100,"HANA_ARASHI",-13.537,-62.011,,"Kr_Luna",19.15,-44.068,119,"Yaksok~",9.163,-62.116,,"가앤슬_",41.226,-94.111,,"k@ster",-0.74,-111.717,,"SUGUN",-48.025,-94.066,,1482.496,0.024,-37.653,1470.586,0.041,-20.205,1468.083,-19.071,-42.383,,,,1472.768,16.551,-36.529,,,,,,,,,,,,,,,,1471.948,3.672,-22.788,1469.36,-16.843,-37.518,,,,1473.321,14.062,-34.085,,,,,,,,,,,,,"",2,40.875,40.602,1.722,0,2,0.573,-47.769,-31.902,-51.456,-54.949,0.046,98.765,0,"CAT tourniquet",,1475.829,1474.446,58,""
8,,1,1,1,0,0,0,2,0,0,1,255,255,2,7,1502.04,"Penguin_iDOL",R,26,83,135,2.132,1.242,0.41,1.956,0.92,2.206,-36.493,45.023,71,29,0,1,"",-3.274,-198.647,20.678,0,0,4,"=","=","=","=","=","=","=","=","=",4,R,"인생최패망자",190,86,0.35,,148,W,Y,0,,,,,,,,,,,,,,,,,,,,,,,,,,,,,0,0,,,,,,,,,,,,,,1502.141,,,,,,,,,,,,,,,,,,,,,,,,0.031,-37.582,0.035,-17.106,-19.859,-46.21,-13.67,-62.383,19.874,-43.336,12.352,-65.519,39.236,-90.463,-0.051,-110.932,-42.512,-95.292,,,,"",,,,"",,,,"",,,,"",,,,"",,,,"",,,,"",,,,"",,,,1505.973,0.079,-37.303,,,,,,,,,,,,,,,,,,,,,,,,,,,,,,,,,,,,,,,,,,,,,,,,,,,,"",0,,,,,,,,,,,,,0,"",,1504.847,,0,""
9,,1,1,1,0,1,0,2,0,0,1,255,255,2,8,1516.649,"Penguin_iDOL",R,10,76,117,1.573,0.066,0.36,2.063,0.672,2.11,-36.493,53.394,71,29,0,1,"",1.555,400,4.697,0,0,4,"=","=","=","=","=","=","=","=","=",4,R,"인생최패망자",190,86,0.35,,148,W,Y,0,,,,,,,,,,,,,,,,,,,,,,,,,,,,,0,0,,,,,,,,,,,,,,,,,,,,,,,,,,,,,,,,,,,,,,0.115,-37.947,-0.019,-17.131,-20.045,-46.179,-13.91,-61.431,19.507,-43.84,13.71,-63.961,41.148,-93.74,-0.048,-110.942,-42.45,-95.471,,,,"",,,,"",,,,"",,,,"",,,,"",,,,"",,,,"",,,,"",,,,1559.604,0.205,-38.269,,,,,,,,,,,,,,,,,,,,,,,,,,,,,,,,,,,,,,,,,,,,,,,,,,,,"",0,,,,,,,,,,,,,1,"",,1519.285,,0,""
10,,1,1,2,0,1,0,2,0,0,0,255,255,255,8,1563.653,"Penguin_iDOL",R,13,70,110,-0.826,-0.33,0.329,1.968,0.32,1.822,-36.493,46.178,97,3,0,2,"",-377.132,328.286,9.194,0,0,4,"=","=","=","=","=","=","=","=","=",4,R,"인생최패망자",190,86,0.35,0,147,W,Y,1,1564.764,255,118,125,124,73,,145,133,25.589,-0.289,-0.128,0.948,-20.816,0.67,0,0.417,165.825,219.981,139.472,1567.985,-6.338,-141.219,,,,,,0,0,,1570.454,1574.954,1580.057,1585.037,,,,,,,,,,,,,,,,,,,,,,,,,,,,,,,,,0.031,-37.847,-0.019,-17.184,-20.083,-46.337,-13.28,-61.336,18.009,-51.316,10.548,-65.676,42.218,-93.714,0.057,-110.84,-42.582,-95.249,-0.021,-36.773,,"mungjungh",-0.121,-17.253,,"CAT tourniquet",-20.018,-46.404,,"HANA_ARASHI",-13.434,-61.052,,"Kr_Luna",17.954,-51.274,,"Yaksok~",10.824,-66.619,,"가앤슬_",42.271,-94.035,,"k@ster",-0.03,-110.856,,"SUGUN",-42.492,-95.218,,,,,,,,,,,,,,,,,,,,,,,,,,,,,,,,,,,,,,,,,,,,,,,,,,,,,,,,"",4,,,,,,,,,,,,,0,"",1574.954,1580.057,,0,""
11,,1,1,3,0,0,0,2,0,0,0,255,255,255,9,1614.011,"Penguin_iDOL",R,26,93,140,1.673,0.661,0.318,1.826,0.787,1.81,-36.493,33.959,80,20,0,1,"",-75.762,-200,34.361,0,0,5,"=","=","=","=","=","=","=","=","=",1,R,"白霜らいふ",179.6,80,0.653,,146,W,Y,0,,,,,,,,,,,,,,,,,,,,,,,,,,,,,0,0,,,,,,,,,,,,,,,,,,,,,,,,,,,,,,,,,,,,,,0.138,-37.886,0.038,-17.229,-20.252,-46.69,-13.24,-62.383,17.959,-48.296,10.768,-66.146,40.827,-95.717,-0.283,-114.743,-47.001,-92.598,,,,"",,,,"",,,,"",,,,"",,,,"",,,,"",,,,"",,,,"",,,,,,,,,,,,,,,,,,,,,,,,,,,,,,,,,,,,,,,,,,,,,,,,,,,,,,,,,,"",0,,,,,,,,,,,,,0,"",,,,0,""
12,,1,1,3,0,1,0,2,0,0,0,255,255,255,10,1630.378,"Penguin_iDOL",R,14,86,110,-1.124,-0.88,-0.221,1.803,-1.206,1.515,-36.493,20.381,93,7,0,2,"",390.434,312.348,39.193,0,0,5,"=","=","=","=","=","=","=","=","=",1,R,"白霜らいふ",179.6,80,0.653,5,146,W,Y,1,1631.531,194,122,132,79,63,,145,130,25.197,-1.676,-0.194,0.633,-20.249,0.65,0,0.526,175.217,252.355,56.294,1634.776,-3.396,-132.961,1635.263,7,-3.323,0.306,-131.855,1,0,,1637.354,1641.805,,,,,,,,,,,,,,,,,,,,,,,,,,,,,,,,,,,-0.014,-37.866,-0.06,-17.114,-19.479,-47.843,-13.359,-60.53,17.297,-50.023,12.356,-64.7,40.833,-95.722,-0.287,-114.729,-46.904,-92.7,-0.121,-36.797,,"mungjungh",-0.108,-17.176,,"CAT tourniquet",-19.489,-47.821,,"HANA_ARASHI",-13.259,-60.649,72,"Kr_Luna",17.315,-51.193,,"Yaksok~",13,-66.608,,"가앤슬_",40.801,-95.718,,"k@ster",-0.291,-114.734,94,"SUGUN",-46.926,-92.507,,1646.999,0.111,-38.673,,,,,,,1642.35,0.317,-59.818,,,,,,,,,,1637.389,-3.179,-131.472,,,,,,,,,,,,,1645.653,-3.18,-58.002,,,,,,,,,,1638.698,-6.077,-126.873,,,,"",2,-4.22,-4.22,1.323,0,0,1,27.55,27.55,34.418,27.55,0,-5.378,0,"k@ster",1641.805,,,208,""
13,,1,1,3,0,0,0,2,0,1,0,255,1,255,11,1664.405,"Penguin_iDOL",R,26,86,139,-1.531,0.623,0.055,1.779,-0.483,1.733,-36.493,29.391,87,13,0,2,"",-185.847,-200,28.123,0,0,6,"=","=","=","=","=","=","=","=","=",5,L,"ibqrqki",164.9,86.895,0.45,3,144,W,Y,1,1665.477,195,48,115,40,18,,145,81,43.109,45.148,-0.279,1.073,-20.559,-0.86,0,0.105,-90.995,72.874,95.638,1667.978,-45.89,-64.395,,,,,,0,0,,1670.279,,,,,,,1670.354,,,,1678.584,,,,,,,,,,,,,,,,,,,,,,,,,-0.027,-37.721,-0.013,-17.038,-21.498,-47.687,-13.06,-59.486,19.01,-40.784,14.873,-63.752,39.398,-97.065,-0.188,-109.122,-45.792,-92.05,-0.344,-37.309,,"mungjungh",-0.216,-17.193,,"CAT tourniquet",-19.339,-45.938,,"HANA_ARASHI",-13.411,-59.345,,"Kr_Luna",18.588,-45.482,,"Yaksok~",15.107,-63.617,,"가앤슬_",39.426,-97.056,,"k@ster",0.124,-108.786,,"SUGUN",-45.8,-92.067,,,,,,,,,,,,,,,,,,,,,,,,,,,,,,,,,,,,,,,,,,,,,,,,,,,,,,,,"",3,,,,,,,,,,,,,0,"",1677.237,1670.354,,0,""
14,,1,1,3,0,0,1,2,0,1,0,255,1,255,12,1714.394,"Penguin_iDOL",R,26,93,140,-1.857,-1.517,0.065,1.672,-0.626,0.561,-36.493,23.598,88,12,0,2,"",-150.663,-200,41.634,0,0,6,"=","=","=","=","=","=","=","=","=",5,L,"ibqrqki",164.9,86.895,0.45,3,37,W,Y,1,1715.435,255,70,87,57,20,,145,122,-30,10.224,-0.336,0.468,-20.631,0.27,0,0.23,-366.243,-138.249,308.681,1713.408,-0.464,-21.339,1722.367,7,-20.899,0.055,-129.676,1,0,,1720.487,1727.186,,,,,,1720.643,1725.402,,,,,,,,,,,,,,,,,,,,,,,,,,,,-0.003,-37.688,-0.073,-17.195,-20.527,-46.593,-12.022,-64.268,19.156,-45.915,13.209,-61.836,41.683,-95.768,-0.52,-107.607,-46.147,-91.469,-0.231,-36.953,,"mungjungh",-0.181,-17.353,,"CAT tourniquet",-20.546,-46.555,,"HANA_ARASHI",-13.941,-62.995,,"Kr_Luna",19.63,-47.31,,"Yaksok~",13.745,-61.625,99,"가앤슬_",41.671,-95.778,,"k@ster",-0.518,-107.606,100,"SUGUN",-46.105,-91.444,,1732.601,-1.877,-38.87,,,,,,,,,,,,,1728.32,-3.213,-71.969,,,,1724.459,-20.667,-129.439,,,,,,,,,,,,,,,,,,,1731.649,0.535,-55.786,,,,1725.756,-19.655,-122.61,,,,"",2,,,,,,,,,,,,,0,"k@ster",1727.186,1720.643,1725.402,400,""
15,,1,1,4,0,0,0,2,0,1,0,255,5,255,13,1750.881,"Penguin_iDOL",R,29,87,140,-0.038,-0.315,0.128,1.589,-0.337,1.003,-36.493,29.208,48,52,0,2,"",-210.824,-200,16.069,0,0,7,"=","=","=","=","=","=","=","=","=",6,L,"IbikiKai_JP",166.4,85.479,0.4,0,142,W,Y,1,1751.871,255,73,34,79,42,,120,70,-32.759,42.171,-0.261,0.648,-19.978,-1,0,0.316,-225.573,550.913,-39.035,1749.77,-1.078,-20.874,1751.95,2,-18.839,0.055,-40.839,0,0,,,,,,,,,1756.277,,,,,,1755.363,7,,147,0,,,,,,,,,,,1754.713,2,,,,,,,0.063,-37.964,-0.007,-17.387,-20.479,-47.187,-12.624,-62.026,19.373,-48.409,14.263,-63.901,35.668,-97.612,-0.555,-112.353,-45.992,-94.379,-0.481,-37.082,,"mungjungh",-0.11,-17.551,,"CAT tourniquet",-20.439,-47.075,,"HANA_ARASHI",-13.145,-61.883,,"Kr_Luna",19.21,-48.371,,"Yaksok~",14.602,-65.529,,"가앤슬_",35.664,-97.62,,"k@ster",-0.558,-112.363,,"SUGUN",-46.005,-94.342,,,,,,,,1754.123,-19.621,-41.437,,,,,,,,,,,,,,,,,,,,,,,,,,,,,,,,,,,,,,,,,,,,,,"",2,,,,,,,,,,,,,0,"CAT tourniquet",,1756.277,,32,""
16,SIDE,1,1,4,0,0,0,2,0,0,1,255,255,5,,1757.869,,,,,,,,,,,,,,,,,,,,,,,,8,"=","=","=","=","=","=","=","=","=",,,,,,,,,,,,,,,,,,,,,,,,,,,,,,,,,,,,,,,0,0,,,,,,,,,,,,,,,,,,,,,,,,,,,,,,,,,,,,,,,,,,,,,,,,,,,,,,,,,,,,,,,,,,,,,,,,,,,,,,,,,,,,,,,,,,,,,,,,,,,,,,,,,,,,,,,,,,,,,,,,,,,,,,,,,,,,,,,,,,,,,,,,,"",0,,,,,,,,,,,,,0,"",,,,0,""
17,,1,0,4,0,0,0,0,0,0,0,255,255,255,0,1900.683,"P0TA0",R,13,73,112,2.075,0.397,0.588,1.692,1.226,2.051,-36.636,55.878,95,5,0,1,"",-390.434,312.348,-64.114,0,0,0,"SUGUN","Kr_Luna","가앤슬_","mungjungh","Penguin_iDOL","CAT tourniquet","HANA_ARASHI","k@ster","Yaksok~",8,R,"SUGUN",179.9,82.092,0.496,,140,W,Y,0,,,,,,,,,,,,,,,,,,,,,,,,,,,,,0,0,,,,,,,,,,,,,,,,,,,,,,,,,,,,,,,,,,,,,,0.098,-37.729,0,-18.006,-21.167,-47.394,-16.388,-62.678,16.493,-46.285,8.956,-65.994,39.398,-89.933,0.168,-107.465,-42.065,-87.527,,,,"",,,,"",,,,"",,,,"",,,,"",,,,"",,,,"",,,,"",,,,,,,,,,,,,,,,,,,,,,,,,,,,,,,,,,,,,,,,,,,,,,,,,,,,,,,,,,"",0,,,,,,,,,,,,,0,"",,,,0,""
18,,1,0,4,0,1,0,0,0,0,0,255,255,255,1,1914.403,"P0TA0",R,10,65,108,0.128,-1.677,0.404,1.462,0.215,1.12,-36.636,31.944,100,0,0,1,"",-102.111,400,-65.659,-0.855,-19.622,0,"=","=","=","=","=","=","=","=","=",8,R,"SUGUN",179.9,82.092,0.496,,140,W,Y,0,,,,,,,,,,,,,,,,,,,,,,,,,,,,,0,0,,,,,,,,,,,,,,,,,,,,,,,,,,,,,,,,,,,,,,0.024,-37.684,-0.013,-18.125,-21.119,-47.418,-16.635,-62.87,16.133,-47.057,8.861,-65.949,39.391,-90.247,0.179,-107.548,-42.215,-87.68,,,,"",,,,"",,,,"",,,,"",,,,"",,,,"",,,,"",,,,"",,,,,,,,,,,,,,,,,,,,,,,,,,,,,,,,,,,,,,,,,,,,,,,,,,,,,,,,,,"",0,,,,,,,,,,,,,0,"",,,,0,""
19,,1,0,4,0,2,0,0,0,0,0,255,255,255,2,1929.968,"P0TA0",R,26,69,121,-0.011,-0.405,0.361,1.487,-0.201,1.153,-36.636,30.863,96,4,0,0,"",117.712,-200,-45.755,0,0,0,"=","=","=","=","=","=","=","=","=",8,R,"SUGUN",179.9,82.092,0.496,,140,W,Y,0,,,,,,,,,,,,,,,,,,,,,,,,,,,,,0,0,,,,,,,,,,,,,,,,,,,,,,,,,,,,,,,,,,,,,,0.074,-37.874,0.056,-18.354,-21.451,-47.463,-16.509,-62.928,16.269,-47.242,9.761,-65.472,39.368,-90.345,0.165,-107.506,-42.367,-87.666,,,,"",,,,"",,,,"",,,,"",,,,"",,,,"",,,,"",,,,"",,,,,,,,,,,,,,,,,,,,,,,,,,,,,,,,,,,,,,,,,,,,,,,,,,,,,,,,,,"",0,,,,,,,,,,,,,0,"",,,,0,""
20,,1,0,4,0,2,1,0,0,0,0,255,255,255,3,1943.766,"P0TA0",R,3,62,92,0.614,0.734,0.763,1.68,1.286,2.075,-36.636,52.721,88,12,0,0,"",-418.182,0,-36.328,0,0,0,"=","=","=","=","=","=","=","=","=",8,R,"SUGUN",179.9,82.092,0.496,,140,W,Y,0,,,,,,,,,,,,,,,,,,,,,,,,,,,,,0,0,,,,,,,,,,,,,,,,,,,,,,,,,,,,,,,,,,,,,,0.211,-37.828,0.025,-18.205,-21.684,-47.577,-16.753,-62.871,16.257,-47.236,9.544,-65.48,38.871,-91.164,0.168,-107.518,-42.317,-87.685,,,,"",,,,"",,,,"",,,,"",,,,"",,,,"",,,,"",,,,"",,,,,,,,,,,,,,,,,,,,,,,,,,,,,,,,,,,,,,,,,,,,,,,,,,,,,,,,,,"",0,,,,,,,,,,,,,0,"",,,,0,""
21,,1,0,4,0,2,2,0,0,0,0,255,255,255,4,1956.237,"P0TA0",R,27,82,133,2.884,1.503,0.448,1.78,1.077,2.365,-36.636,56.073,86,13,0,1,"",114.247,-138.046,0.392,1.063,-18.685,0,"=","=","=","=","=","=","=","=","=",8,R,"SUGUN",179.9,82.092,0.496,,140,W,Y,0,,,,,,,,,,,,,,,,,,,,,,,,,,,,,0,0,,,,,,,,,,,,,,,,,,,,,,,,,,,,,,,,,,,,,,-0.029,-37.721,0.024,-18.193,-21.885,-47.814,-16.626,-62.694,16.152,-47.316,9.524,-65.451,38.796,-91.168,0.174,-107.553,-41.721,-87.879,,,,"",,,,"",,,,"",,,,"",,,,"",,,,"",,,,"",,,,"",,,,,,,,,,,,,,,,,,,,,,,,,,,,,,,,,,,,,,,,,,,,,,,,,,,,,,,,,,"",0,,,,,,,,,,,,,0,"",,,,0,""
22,,1,0,4,0,3,2,0,0,0,0,255,255,255,5,1972.17,"P0TA0",R,33,90,140,1.502,0.271,0.391,1.612,0.48,1.663,-36.636,37.603,88,12,0,1,"",119.175,-114.023,3.08,0,0,0,"=","=","=","=","=","=","=","=","=",8,R,"SUGUN",179.9,82.092,0.496,,140,W,Y,0,,,,,,,,,,,,,,,,,,,,,,,,,,,,,0,0,,1981.414,,,,,,,,,,,,,,,,,,,,,,,,,,,,,,,,,,,,-0.044,-37.744,0.009,-18.273,-21.668,-47.39,-16.646,-62.869,16.064,-47.073,9.256,-65.647,38.807,-91.116,0.168,-107.548,-41.707,-87.852,,,,"",,,,"",,,,"",,,,"",,,,"",,,,"",,,,"",,,,"",,,,,,,,,,,,,,,,,,,,,,,,,,,,,,,,,,,,,,,,,,,,,,,,,,,,,,,,,,"",5,,,,,,,,,,,,,0,"",,,,0,""
23,,1,0,4,0,0,0,0,1,0,0,18,255,255,6,1994.714,"P0TA0",R,13,68,109,0.242,-2.529,0.442,1.183,0.648,0.467,-36.636,21.686,61,39,0,1,"",-293.826,400,-39.333,0.073,-20.925,1,"=","=","=","=","=","=","=","=","=",4,L,"Kr_Luna",190,95.218,0.504,,138,W,Y,0,,,,,,,,,,,,,,,,,,,,,,,,,,,,,0,0,,,,,,,,,,,,2009.161,,,,,,,,,,,,,,,,,,,,,,,,,,0.104,-37.642,0.056,-17.994,-19.919,-41.357,-3.168,-65.221,19.482,-46.435,13.464,-64.259,50.633,-89.406,0.459,-113.239,-28.683,-74.597,,,,"",,,,"",,,,"",,,,"",,,,"",,,,"",,,,"",,,,"",,,,,,,,,,,,,,,,,,,,,,,,,,,,,,,,,,,,,,,,,,,,,,,,,,,,,,,,,,"",0,,,,,,,,,,,,,0,"",,,,0,""
24,,1,0,4,0,1,0,0,1,0,0,18,255,255,7,2009.277,"P0TA0",R,13,68,108,-0.26,-1.038,0.461,1.485,0.474,1.43,-36.636,29.79,100,0,0,2,"BH-",-337.298,363.287,-57.619,0,0,1,"=","=","=","=","=","=","=","=","=",4,L,"Kr_Luna",190,95.218,0.504,3,138,W,Y,1,2010.166,133,68,99,82,48,,140,130,-30,-29.12,-0.028,0.588,-20.419,0.59,0,0.122,-450.648,-338.176,146.983,2007.895,0.481,-21.331,2009.242,4,14.114,2.519,-45.663,1,0,,2015.5,,,,,,,,,,,,,2013.918,0,1,164,16,,,,,,,,,,,,,,,,,,,0.071,-37.915,0.006,-17.958,-20.034,-40.961,-2.409,-64.936,19.61,-46.646,13.755,-64.099,50.691,-89.498,0.464,-113.238,-30.17,-77.005,-0.076,-37.533,,"白霜らいふ",0.038,-17.975,,"ʚEveɞ",-17.245,-45.288,88,"Ѕeyeon",-4.472,-64.781,104,"인생최패망자",19.479,-46.383,91,"ibqrqki",13.543,-63.929,,"IbikiKai_JP",50.703,-89.486,,"カズティー",0.466,-113.236,,"sano jpn",-30.175,-77.002,,2022.385,-0.918,-36.16,,,,2015.526,-17.675,-40.813,2013.294,0.209,-58.63,2011.503,14.892,-46.717,,,,,,,,,,,,,,,,,,,2021.588,-13.116,-39.235,2014.478,-2.21,-56.503,2012.33,11.64,-48.859,,,,,,,,,,,,,"",2,,,,,,,,,,,,,0,"인생최패망자",,,,282,""
25,,1,0,4,0,0,0,1,1,0,0,14,255,255,8,2060.52,"P0TA0",R,13,55,100,-3.198,-2.108,0.056,1.303,-1.144,0.809,-36.636,9.818,34,66,0,1,"",-173.202,400,-44.045,-0.661,-19.396,2,"=","=","=","=","=","=","=","=","=",6,R,"가앤슬_",179.9,90.016,0.2,,136,W,Y,0,,,,,,,,,,,,,,,,,,,,,,,,,,,,,0,0,,,,,,,,,,,,2076.561,,,,,,,,,,,,,,,,,,,,,,,,,,0.003,-37.497,0.043,-18.117,-19.681,-41.026,-14.16,-63.064,16.884,-46.866,8.052,-65.636,39.984,-89.67,0.332,-106.95,-39.822,-86.799,,,,"",,,,"",,,,"",,,,"",,,,"",,,,"",,,,"",,,,"",,,,2065.635,-0.031,-37.708,,,,,,,,,,,,,,,,,,,,,,,,,,,,,,,,,,,,,,,,,,,,,,,,,,,,"",0,,,,,,,,,,,,,0,"",,,,0,""
26,,1,0,4,0,1,0,1,1,0,0,14,255,255,9,2078.25,"P0TA0",R,3,65,107,-3.493,-1.258,0.149,1.398,-0.711,1.134,-36.636,14.999,53,47,0,4,"",-408.312,172.882,-35.554,-1.079,-17.054,2,"=","=","=","=","=","=","=","=","=",6,R,"가앤슬_",179.9,90.016,0.2,,136,W,Y,1,,,,,,,,,,,,,,,,,,,,,,,,,,,,,0,0,,,,,,,,,,,,2102.646,,,,,,,,,,,,,,,,,,,,,,,,,,-0.035,-37.639,0.027,-18.064,-19.729,-41.123,-14.254,-63.356,17.058,-47.068,8.546,-65.703,40.068,-89.72,0.338,-106.975,-39.662,-86.987,,,,"",,,,"",,,,"",,,,"",,,,"",,,,"",,,,"",,,,"",,,,2085.852,-0.876,-38.271,,,,,,,,,,,,,,,,,,,,,,,,,,,,,,,,,,,,,,,,,,,,,,,,,,,,"",0,,,,,,,,,,,,,0,"",,,,0,""
27,,1,0,4,0,1,1,1,1,0,0,14,255,255,10,2102.898,"P0TA0",R,26,88,140,1.623,-1.395,0.404,1.341,0.537,0.627,-36.636,30.188,60,40,0,1,"",115.937,-166.538,-2.592,0,0,2,"=","=","=","=","=","=","=","=","=",6,R,"가앤슬_",179.9,90.016,0.2,,135,W,Y,0,,,,,,,,,,,,,,,,,,,,,,,,,,,,,0,0,,,,,,,,,,,,2119.951,,,,,,,,,,,,,,,,,,,,,,,,,,0.005,-37.857,-0.008,-18.119,-19.843,-41.391,-14.159,-63.351,16.57,-46.789,8.946,-65.762,39.88,-90.003,0.342,-106.946,-40.561,-87.194,,,,"",,,,"",,,,"",,,,"",,,,"",,,,"",,,,"",,,,"",,,,2107.427,0.069,-37.282,,,,,,,,,,,,,,,,,,,,,,,,,,,,,,,,,,,,,,,,,,,,,,,,,,,,"",0,,,,,,,,,,,,,0,"",,,,0,""
28,,1,0,4,0,2,1,1,1,0,0,14,255,255,11,2121.81,"P0TA0",R,13,65,95,-2.341,-0.744,0.185,1.548,-0.365,1.649,-36.636,14.928,52,48,0,4,"",-337.193,312.348,-71.766,0,0,2,"=","=","=","=","=","=","=","=","=",6,R,"가앤슬_",179.9,90.016,0.2,,135,W,Y,1,,,,,,,,,,,,,,,,,,,,,,,,,,,,,0,0,,,,,,,,,,,,2141.256,,,,,,,,,,,,,,,,,,,,,,,,,,0.006,-37.694,0.035,-18.211,-19.859,-40.822,-13.913,-63.303,16.714,-46.986,8.198,-66.156,39.802,-91.139,0.349,-106.924,-40.528,-87.209,,,,"",,,,"",,,,"",,,,"",,,,"",,,,"",,,,"",,,,"",,,,2126.759,-0.288,-37.626,,,,,,,,,,,,,,,,,,,,,,,,,,,,,,,,,,,,,,,,,,,,,,,,,,,,"",0,,,,,,,,,,,,,0,"",,,,0,""
29,,1,0,4,0,2,2,1,1,0,0,14,255,255,12,2143.763,"P0TA0",R,26,92,140,0.48,-0.971,0.31,1.388,0.017,0.849,-36.636,31.956,50,50,0,2,"BH-",134.039,-200,-3.309,0,0,2,"=","=","=","=","=","=","=","=","=",6,R,"가앤슬_",179.9,90.016,0.2,0,135,W,Y,1,2144.878,71,38,111,67,28,,120,122,-30,32.206,0.085,0.57,-19.451,0.68,0,0.336,363.613,146.218,-424.344,2142.645,-0.456,-20.309,2144.95,3,-20.602,0.42,-59.475,1,0,,2150.661,,,,2149.029,,,,,,,,,2149.676,1,1,166,256,,,,,,,,,,,,,,,,,,,-0.091,-37.667,0.001,-18.207,-20.318,-41.676,-14.01,-62.953,16.606,-46.682,8.184,-66.37,39.828,-91.126,0.34,-106.991,-39.917,-86.034,-0.472,-37.444,,"白霜らいふ",-0.009,-18.295,,"ʚEveɞ",-17.813,-46.118,90,"Ѕeyeon",-14.147,-63.441,104,"인생최패망자",16.576,-46.674,,"ibqrqki",7.846,-65.962,67,"IbikiKai_JP",39.79,-91.103,,"カズティー",0.342,-106.946,,"sano jpn",-39.923,-86.034,,2157.601,-0.83,-38.029,,,,2151.784,-18.301,-39.683,2147.207,-20.986,-60.057,,,,2149.01,-0.202,-59.728,,,,,,,,,,,,,,,,2156.739,-14.3,-40.114,2148.136,-17.162,-60.384,,,,2150.097,-2.292,-56.519,,,,,,,,,,"",2,,,,,,,,,,,,,0,"Ѕeyeon",2149.029,,,330,""
30,,1,0,4,0,0,0,2,1,0,0,16,255,255,13,2176.803,"P0TA0",R,3,72,111,1.088,0.044,0.485,1.511,0.934,1.658,-36.636,41.174,94,6,0,0,"",-499.895,10.225,-59.574,0,0,3,"=","=","=","=","=","=","=","=","=",1,R,"mungjungh",190,89.696,0.403,,134,W,Y,1,,,,,,,,,,,,,,,,,,,,,,,,,,,,,0,0,,,,,,,,,,,,2191.791,,,,,,,,,,,,,,,,,,,,,,,,,,0.032,-37.669,0.048,-18.184,-19.759,-41.298,-13.92,-62.665,18.058,-47.82,8.75,-66.291,39.116,-88.204,0.242,-104.746,-42.436,-88.683,,,,"",,,,"",,,,"",,,,"",,,,"",,,,"",,,,"",,,,"",,,,2181.208,-0.215,-37.548,,,,,,,,,,,,,,,,,,,,,,,,,,,,,,,,,,,,,,,,,,,,,,,,,,,,"",0,,,,,,,,,,,,,0,"",,,,0,""
31,,1,0,4,0,0,1,2,1,0,0,16,255,255,14,2194.808,"P0TA0",R,26,85,137,-3.827,-0.577,-0.049,1.461,-1.764,1.073,-36.636,17.319,93,7,0,1,"",69.714,-200,2.321,0,0,3,"=","=","=","=","=","=","=","=","=",1,R,"mungjungh",190,89.696,0.403,,134,W,Y,0,,,,,,,,,,,,,,,,,,,,,,,,,,,,,0,0,,,,,,,,,,,,2212.841,,,,,,,,,,,,,,,,,,,,,,,,,,-0.14,-37.744,0.048,-18.242,-19.849,-41.942,-16.264,-62.85,18.207,-47.833,7.871,-65.744,34.419,-90.81,0.236,-104.73,-40.368,-95.617,,,,"",,,,"",,,,"",,,,"",,,,"",,,,"",,,,"",,,,"",,,,2199.838,-0.195,-37.425,,,,,,,,,,,,,,,,,,,,,,,,,,,,,,,,,,,,,,,,,,,,,,,,,,,,"",0,,,,,,,,,,,,,0,"",,,,0,""
32,,1,0,4,0,1,1,2,1,0,0,16,255,255,15,2214.193,"P0TA0",R,13,63,93,-2.406,-0.051,0.248,1.717,-0.343,2.08,-36.636,36.931,96,4,0,4,"",-330.095,312.348,-62.06,0,0,3,"=","=","=","=","=","=","=","=","=",1,R,"mungjungh",190,89.696,0.403,,134,W,Y,1,,,,,,,,,,,,,,,,,,,,,,,,,,,,,0,0,,,,,,,,,,,,2218.451,,,,,,,,,,,,,,,,,,,,,,,,,,-0.104,-37.672,0.018,-18.16,-19.688,-41.446,-16.544,-62.972,17.996,-47.98,8.674,-65.547,34.357,-90.777,0.228,-104.701,-43.944,-92.02,,,,"",,,,"",,,,"",,,,"",,,,"",,,,"",,,,"",,,,"",,,,2219.114,-0.267,-37.657,,,,,,,,,,,,,,,,,,,,,,,,,,,,,,,,,,,,,,,,,,,,,,,,,,,,"",0,,,,,,,,,,,,,0,"",,,,0,""
33,,1,0,4,0,1,2,2,1,0,0,16,255,255,16,2258.065,"P0TA0",R,13,64,106,-2.981,-0.81,0.266,1.526,-0.549,1.562,-36.636,31.439,93,7,0,2,"",-376.237,312.348,-41.292,0,0,3,"=","=","=","=","=","=","=","=","=",1,R,"mungjungh",190,89.696,0.403,3,133,W,Y,1,2259.24,197,46,135,89,37,,145,112,-12.256,43.29,-0.588,0.663,-20.101,0.92,0,0.39,38.748,421.669,93.397,2257.068,-3.08,-22.727,2261.603,1,-7.439,0.056,-28.633,1,8,,2264.971,,,,2264.057,2269.204,,,,,2258.094,,,,,,,,,,,,,,,,,,,,,,,,,,0.043,-37.675,0.022,-18.097,-19.665,-41.414,-16.621,-62.965,18.242,-47.866,8.223,-65.676,34.39,-90.803,0.227,-104.739,-51.238,-91.453,-0.232,-37.315,,"白霜らいふ",-0.041,-18.123,111,"ʚEveɞ",-17.143,-46.363,108,"Ѕeyeon",-17.742,-65.044,,"인생최패망자",18.013,-47.799,85,"ibqrqki",8.137,-65.39,,"IbikiKai_JP",34.383,-90.792,,"カズティー",0.218,-104.675,,"sano jpn",-49.748,-92.132,,2275.831,-3.698,-36.505,2263.842,-7,-28.011,2265.154,-18.442,-38.639,,,,2269.7,18.34,-39.925,,,,,,,,,,,,,,,,2264.489,-9.445,-30.121,2268.237,-13.795,-39.623,,,,2274.619,16.87,-40.274,,,,,,,,,,,,,"",2,,,,,,,,,,,,,0,"白霜らいふ",2264.057,2269.204,,58,""
34,,1,0,4,0,0,0,2,1,0,1,11,255,16,17,2297.133,"P0TA0",R,26,90,140,0.121,-1.212,0.304,1.25,0.006,0.683,-36.636,22.392,57,43,0,2,"",27.143,-200,-5.8,0,0,4,"=","=","=","=","=","=","=","=","=",0,R,"Penguin_iDOL",190,85,0.3,5,132,W,Y,1,2298.177,255,159,166,89,76,,145,131,21.246,-13.485,0.022,0.557,-20.403,0.66,0,0.505,342.393,427.555,128.264,,,,2304.52,7,17.874,2.56,-123.543,1,0,,2304.242,2308.862,,,2304.511,2309.478,,,,2303.632,2299.251,,,,,,,,,,,,,,,,,,,,,,,,,,-0.001,-37.713,-0.009,-18.121,-19.662,-41.379,-16.345,-62.714,18.053,-41.275,8.522,-65.065,37.121,-89.949,-0.417,-106.683,-41.48,-86.033,-0.002,-37.361,,"白霜らいふ",-0.032,-18.196,,"ʚEveɞ",-17.462,-45.77,,"Ѕeyeon",-16.992,-64.676,,"인생최패망자",15.674,-44.529,,"ibqrqki",8.667,-64.547,71,"IbikiKai_JP",37.196,-89.894,,"カズティー",-0.414,-106.678,,"sano jpn",-41.342,-86.092,,2320.118,0.315,-38.479,,,,,,,,,,,,,2309.894,12.029,-84.504,,,,2306.814,17.821,-123.166,,,,,,,,,,,,,,,,,,,2318.682,7.818,-57.753,,,,,,,,,,"",2,-12.579,-12.579,-4.59,0,1,0.728,34.637,21.246,6.921,75.658,0.039,-15.602,0,"カズティー",2304.511,2309.478,2303.632,76,""
35,,1,0,4,1,0,0,2,0,1,1,255,10,11,18,2415.479,"P0TA0",R,13,67,108,-0.324,0.373,0.432,1.657,0.3,2.12,-36.636,40.107,86,14,0,0,"",-383.336,312.348,-48.423,0,0,5,"=","=","=","=","=","=","=","=","=",2,L,"CAT tourniquet",190,80,0.547,,131,W,Y,1,,,,,,,,,,,,,,,,,,,,,,,,,,,,,0,0,,,,,,,,,,,,,,,,,,,,,,,,,,,,,,,,,,,,,,0.018,-37.669,0.014,-18.121,-20.934,-47.366,-11.17,-64.414,17.96,-44.469,12.662,-64.334,42.311,-88.761,0.549,-113.209,-39.63,-86.025,,,,"",,,,"",,,,"",,,,"",,,,"",,,,"",,,,"",,,,"",,,,2421.098,-0.427,-37.52,,,,,,,,,,,,,,,,,,,,,,,,,,,,,,,,,,,,,,,,,,,,,,,,,,,,"",0,,,,,,,,,,,,,0,"",2418.392,,,0,""
36,,1,0,4,1,0,1,2,0,1,1,255,10,11,19,2435.045,"P0TA0",R,13,69,109,-2.355,-1.668,0.27,1.375,-0.357,1.045,-36.636,25.579,70,30,0,1,"",-355.851,347.903,-43.141,0,0,5,"=","=","=","=","=","=","=","=","=",2,L,"CAT tourniquet",190,80,0.547,,52,W,Y,0,,,,,,,,,,,,,,,,,,,,,,,,,,,,,0,0,,,,,,,,,,,,,2435.773,,,,,,,,,,,,,,,,,,,,,,,,,-0.051,-37.772,0.036,-18.123,-20.976,-47.125,-11.911,-64.961,18.081,-44.604,12.627,-63.869,42.488,-88.776,0.234,-113.185,-39.643,-86.05,,,,"",,,,"",,,,"",,,,"",,,,"",,,,"",,,,"",,,,"",,,,2440.457,-0.314,-37.403,,,,,,,,,,,,,,,,,,,,,,,,,,,,,,,,,,,,,,,,,,,,,,,,,,,,"",0,,,,,,,,,,,,,0,"",2437.568,,,0,""
37,,1,0,4,1,1,1,2,0,1,1,255,10,11,20,2451.902,"P0TA0",R,26,89,140,0.136,1.271,0.269,1.795,-0.158,2.242,-36.636,39.501,92,8,0,4,"",153.187,-192.46,4.516,0,0,5,"=","=","=","=","=","=","=","=","=",2,L,"CAT tourniquet",190,80,0.547,,52,W,Y,1,,,,,,,,,,,,,,,,,,,,,,,,,,,,,0,0,,,,,,,,,,,,,,,,,,,,,,,,,,,,,,,,,,,,,,-0.158,-37.741,-0.033,-18.127,-21.048,-47.094,-12.346,-65.339,18.205,-44.69,12.343,-64.177,42.582,-88.722,0.246,-113.177,-39.628,-86.085,,,,"",,,,"",,,,"",,,,"",,,,"",,,,"",,,,"",,,,"",,,,2457.167,-0.256,-37.58,,,,,,,,,,,,,,,,,,,,,,,,,,,,,,,,,,,,,,,,,,,,,,,,,,,,"",0,,,,,,,,,,,,,0,"",2455.292,,,0,""
38,,1,0,4,1,1,2,2,0,1,1,255,10,11,21,2471.879,"P0TA0",R,32,87,140,-0.289,0.827,0.227,1.698,-0.371,1.984,-36.636,39.298,89,11,0,0,"",174.182,-169.447,7.153,0,0,5,"=","=","=","=","=","=","=","=","=",2,L,"CAT tourniquet",190,80,0.547,,52,W,Y,1,,,,,,,,,,,,,,,,,,,,,,,,,,,,,0,32,,,,,,,,,,,,,2472.054,2474.539,2474.595,5,,578,0,,,,,,,,,,,,,,,,,,,-0.051,-37.895,0.033,-18.08,-21.101,-47.169,-12.508,-65.172,18.177,-44.733,12.29,-64.896,40.418,-86.581,-0.602,-113.747,-39.671,-86.05,,,,"",,,,"",,,,"",,,,"",,,,"",,,,"",,,,"",,,,"",,,,,,,,,,,,,,,,,,,,,,,,,,,,,,,,,,,,,,,,,,,,,,,,,,,,,,,,,,"",0,,,,,,,,,,,,,0,"",,,,0,""
39,SIDE,1,0,4,1,0,0,2,0,1,1,255,10,11,,2476.961,,,,,,,,,,,,,,,,,,,,,,,,6,"=","=","=","=","=","=","=","=","=",,,,,,,,,,,,,,,,,,,,,,,,,,,,,,,,,,,,,,,0,0,,,,,,,,,,,,,,,,,,,,,,,,,,,,,,,,,,,,,,,,,,,,,,,,,,,,,,,,,,,,,,,,,,,,,,,,,,,,,,,,,,,,,,,,,,,,,,,,,,,,,,,,,,,,,,,,,,,,,,,,,,,,,,,,,,,,,,,,,,,,,,,,,"",0,,,,,,,,,,,,,0,"",,,,0,""
40,,2,1,4,1,0,0,0,0,0,0,255,255,255,14,2529.416,"Penguin_iDOL",R,26,91,140,0.687,0.72,0.232,1.821,0.378,1.812,-36.493,34.185,76,24,0,0,"",-88.468,-200,29.234,0,0,8,"sano jpn","ʚEveɞ","カズティー","P0TA0","인생최패망자","白霜らいふ","ibqrqki","IbikiKai_JP","Ѕeyeon",3,R,"Ѕeyeon",171.2,80,0.4,,128,W,Y,0,,,,,,,,,,,,,,,,,,,,,,,,,,,,,0,0,,,,,,,,,,,,,,,,,,,,,,,,,,,,,,,,,,,,,,0.062,-37.909,0.027,-17.163,-19.63,-48.604,-11.088,-61.688,17.727,-51.984,5.151,-67.316,36.232,-93.614,-0.706,-113.604,-47.202,-92.334,,,,"",,,,"",,,,"",,,,"",,,,"",,,,"",,,,"",,,,"",,,,,,,,,,,,,,,,,,,,,,,,,,,,,,,,,,,,,,,,,,,,,,,,,,,,,,,,,,"",0,,,,,,,,,,,,,0,"",,,,0,""
41,,2,1,4,1,0,1,0,0,0,0,255,255,255,15,2598.061,"Penguin_iDOL",R,13,88,111,-2.762,-1.648,0.095,1.761,-0.566,1.167,-36.493,24.503,97,3,0,1,"",-353.872,353.234,7.943,-0.669,-18.34,8,"=","=","=","=","=","=","=","=","=",3,R,"Ѕeyeon",171.2,80,0.4,,128,W,Y,0,,,,,,,,,,,,,,,,,,,,,,,,,,,,,0,0,,,,,,,,,,,,,,,,,,,,,,,,,,,,,,,,,,,,,,0.015,-37.949,-0.113,-16.846,-19.747,-46.945,-11.721,-62.396,16.426,-56.61,4.1,-67.966,39.914,-98.434,-0.713,-113.551,-46.548,-93.056,,,,"",,,,"",,,,"",,,,"",,,,"",,,,"",,,,"",,,,"",,,,,,,,,,,,,,,,,,,,,,,,,,,,,,,,,,,,,,,,,,,,,,,,,,,,,,,,,,"",0,,,,,,,,,,,,,0,"",,,,0,""
42,,2,1,4,1,1,1,0,0,0,0,255,255,255,16,2614.254,"Penguin_iDOL",R,10,86,128,1.775,-0.341,0.35,1.871,0.763,1.851,-36.493,35.422,69,31,0,2,"",0,400,34.202,0,0,8,"=","=","=","=","=","=","=","=","=",3,R,"Ѕeyeon",171.2,80,0.4,0,128,W,Y,1,2615.293,158,86,90,63,35,,145,121,-15.616,31.858,0.328,0.776,-20.159,0.17,0,0.506,-43.346,169.527,-27.78,2613.054,-1.208,-22.624,2614.631,2,-16.977,0.145,-49.178,0,0,,2620.743,,,,,,,,,,,,,2619.886,8,,147,0,,,,,,,,,,,2619.205,2,,,,,,,0.034,-37.77,0.05,-16.823,-20.046,-48.322,-11.06,-62.144,16.317,-45.702,11.243,-65.908,40.654,-98.712,-0.696,-113.553,-47.433,-94.896,-0.137,-36.998,,"mungjungh",0.08,-16.87,,"CAT tourniquet",-20.035,-48.292,,"HANA_ARASHI",-9.193,-61.553,,"Kr_Luna",16.218,-45.561,,"Yaksok~",11.997,-66.702,,"가앤슬_",40.657,-98.7,,"k@ster",-0.676,-113.526,,"SUGUN",-48.049,-94.792,,2624.024,-0.323,-36.801,,,,2616.838,-17.614,-50.006,,,,,,,,,,,,,,,,,,,,,,,,,,,,,,,,,,,,,,,,,,,,,,"",2,,,,,,,,,,,,,0,"CAT tourniquet",,,,48,""
43,,2,1,4,1,0,0,1,0,0,0,255,255,255,17,2644.178,"Penguin_iDOL",R,10,88,113,-0.392,-2.356,0.144,1.629,-0.174,0.842,-36.493,18.374,53,47,0,1,"",0,400,32.348,-0.082,-19.692,0,"=","=","=","=","=","=","=","=","=",8,R,"sano jpn",169.8,92.118,0.561,,127,W,Y,0,,,,,,,,,,,,,,,,,,,,,,,,,,,,,0,0,,,,,,,,,,,,,,,,,,,,,,,,,,,,,,,,,,,,,,0.065,-37.874,0.054,-16.826,-20.359,-49.018,-11.583,-61.248,15.456,-53.683,3.177,-67.765,39.966,-101.14,-0.116,-111.308,-48.55,-95.654,,,,"",,,,"",,,,"",,,,"",,,,"",,,,"",,,,"",,,,"",,,,2648.242,-0.056,-37.216,,,,,,,,,,,,,,,,,,,,,,,,,,,,,,,,,,,,,,,,,,,,,,,,,,,,"",0,,,,,,,,,,,,,0,"",,,,0,""
44,,2,1,4,1,1,0,1,0,0,0,255,255,255,18,2662.457,"Penguin_iDOL",R,14,79,116,1.717,-0.468,0.184,2.032,0.119,1.778,-36.493,44.692,82,18,0,2,"",365.957,340.699,10.108,0,0,0,"=","=","=","=","=","=","=","=","=",8,R,"sano jpn",169.8,92.118,0.561,5,127,W,Y,1,2663.612,80,73,137,90,54,,129,84,-9.95,0.432,0.327,0.735,-20.196,-0.38,0.19,0.367,78.8,119.677,-25.486,2661.464,0.296,-23.754,2662.478,0,0.381,0.263,-36.536,0,1,,2668.475,,,,,,,,,,,,,2668.516,0,,147,16,,,,,,,,,,,,,,,,,,,-0.013,-37.765,0.089,-16.826,-19.939,-48.92,-12.117,-63.812,15.85,-49.014,10.189,-65.819,39.827,-102.024,-0.466,-111.512,-48.534,-95.835,-0.221,-36.766,94,"mungjungh",0.082,-16.864,,"CAT tourniquet",-19.928,-48.89,96,"HANA_ARASHI",-12.391,-63.569,,"Kr_Luna",15.957,-48.806,,"Yaksok~",10.634,-67.858,,"가앤슬_",40.292,-102.341,,"k@ster",-0.448,-111.473,,"SUGUN",-48.54,-95.573,,2664.726,0.269,-37.372,,,,2667.899,-18.532,-39.631,,,,,,,,,,,,,,,,,,,2666.917,-0.799,-38.211,,,,2670.633,-17.389,-39.543,,,,,,,,,,,,,,,,,,,"",2,-1.556,-1.556,-9.727,0,1,0.979,-17.316,-9.95,-45.652,-25.544,0.022,10.107,0,"Penguin_iDOL",,,,48,""
45,,2,1,4,1,0,0,2,0,0,0,255,255,255,19,2689.246,"Penguin_iDOL",R,14,83,107,3.58,-0.904,0.435,1.925,0.886,1.506,-36.493,35.406,81,19,0,2,"",349.148,348.087,2.959,0,0,1,"=","=","=","=","=","=","=","=","=",2,L,"ʚEveɞ",190,84.82,0.479,3,126,W,Y,1,2690.277,243,134,114,94,21,,145,87,12.714,-54.58,0.624,0.805,-21.293,1,0,0.307,155.219,-383.864,-154.372,2689.624,28.946,-39.816,,,,,,0,0,,,,,,,,,,,,,,,,,,,,,,,,,,,,,,,,,,,,,,0.203,-37.957,0.023,-17.141,-19.583,-49.169,-12.907,-63.187,18.201,-46.009,14.161,-64.362,40.238,-93.948,0.135,-117.185,-44.367,-96.6,0.007,-36.911,,"mungjungh",0.09,-17.193,,"CAT tourniquet",-19.608,-49.186,,"HANA_ARASHI",-12.677,-63.044,,"Kr_Luna",18.251,-45.979,,"Yaksok~",15.255,-65.421,,"가앤슬_",40.242,-93.955,,"k@ster",0.152,-117.115,,"SUGUN",-44.364,-96.584,,,,,,,,,,,,,,,,,,,,,,,,,,,,,,,,,,,,,,,,,,,,,,,,,,,,,,,,"",3,,,,,,,,,,,,,0,"",,,,0,""
46,,2,1,4,1,0,1,2,0,0,0,255,255,255,20,2710,"Penguin_iDOL",R,26,82,134,-0.125,2.645,0.265,2.096,0.003,3.087,-36.493,63.651,70,30,0,1,"",-46.247,-200,16.306,0,0,1,"=","=","=","=","=","=","=","=","=",2,L,"ʚEveɞ",190,84.82,0.479,,126,W,Y,0,,,,,,,,,,,,,,,,,,,,,,,,,,,,,0,0,,,,,,,,,,,,,,,,,,,,,,,,,,,,,,,,,,,,,,-0.022,-37.926,-0.047,-17.078,-20.671,-49.765,-13.111,-63.787,21.913,-47.817,15.5,-63.748,39.709,-94.675,0.07,-116.685,-43.27,-95.377,,,,"",,,,"",,,,"",,,,"",,,,"",,,,"",,,,"",,,,"",,,,,,,,,,,,,,,,,,,,,,,,,,,,,,,,,,,,,,,,,,,,,,,,,,,,,,,,,,"",0,,,,,,,,,,,,,0,"",,,,0,""
47,,2,1,4,1,1,1,2,0,0,0,255,255,255,21,2727.251,"Penguin_iDOL",R,14,92,114,2.894,-1.521,0.39,1.686,0.589,1.051,-36.493,26.741,85,15,0,4,"",379.408,325.652,11.111,0,0,1,"=","=","=","=","=","=","=","=","=",2,L,"ʚEveɞ",190,84.82,0.479,,126,W,Y,1,,,,,,,,,,,,,,,,,,,,,,,,,,,,,0,0,,,,,,,,,,,,,,,,,,,,,,,,,,,,,,,,,,,,,,0.168,-38.104,0.052,-16.964,-20.076,-48.258,-14.108,-63.113,19.899,-44.481,15.023,-63.93,39.623,-94.78,0.133,-120.92,-43.094,-95.403,,,,"",,,,"",,,,"",,,,"",,,,"",,,,"",,,,"",,,,"",,,,,,,,,,,,,,,,,,,,,,,,,,,,,,,,,,,,,,,,,,,,,,,,,,,,,,,,,,"",0,,,,,,,,,,,,,0,"",,,,0,""
48,,2,1,4,1,1,2,2,0,0,0,255,255,255,22,2747.346,"Penguin_iDOL",R,14,82,107,3.346,-1.312,0.448,1.775,0.77,1.243,-36.493,34.546,87,13,0,1,"",356.225,340.424,6.66,0,0,1,"=","=","=","=","=","=","=","=","=",2,L,"ʚEveɞ",190,84.82,0.479,,126,W,Y,0,,,,,,,,,,,,,,,,,,,,,,,,,,,,,0,0,,,,,,,,,,,,,,,,,,,,,,,,,,,,,,,,,,,,,,0.057,-37.809,0.083,-16.919,-20.07,-48.292,-11.971,-63.118,18.991,-44.916,14.864,-63.933,39.657,-94.761,0.058,-119.268,-43.28,-95.389,,,,"",,,,"",,,,"",,,,"",,,,"",,,,"",,,,"",,,,"",,,,,,,,,,,,,,,,,,,,,,,,,,,,,,,,,,,,,,,,,,,,,,,,,,,,,,,,,,"",0,,,,,,,,,,,,,0,"",,,,0,""
49,,2,1,4,1,2,2,2,0,0,0,255,255,255,23,2765.625,"Penguin_iDOL",R,14,90,126,3.353,-0.843,0.341,1.899,0.852,1.399,-36.493,37.561,79,21,0,1,"",390.434,312.348,15.349,0,0,1,"=","=","=","=","=","=","=","=","=",2,L,"ʚEveɞ",190,84.82,0.479,,126,W,Y,0,,,,,,,,,,,,,,,,,,,,,,,,,,,,,0,0,,,,,,,,,,,,,,,,,,,,,,,,,,,,,,,,,,,,,,0.108,-37.92,0.046,-16.896,-20.731,-48.369,-12.733,-63.501,18.97,-44.883,15.206,-63.753,39.679,-94.66,-0.303,-114.431,-43.994,-95.426,,,,"",,,,"",,,,"",,,,"",,,,"",,,,"",,,,"",,,,"",,,,,,,,,,,,,,,,,,,,,,,,,,,,,,,,,,,,,,,,,,,,,,,,,,,,,,,,,,"",0,,,,,,,,,,,,,0,"",,,,0,""
50,,2,1,4,1,3,2,2,0,0,0,255,255,255,24,2879.231,"Penguin_iDOL",R,26,96,140,-0.761,0.758,0.164,1.844,-0.167,1.91,-36.493,28.74,83,17,0,2,"",-137.343,-200,41.376,0,0,1,"=","=","=","=","=","=","=","=","=",2,L,"ʚEveɞ",190,84.82,0.479,5,124,W,Y,1,2880.102,122,40,93,28,4,,137,92,-48.716,-67.089,-0.148,1.299,-20.222,-0.64,0,0.138,108.854,-180.238,561.841,2877.915,0.853,-20.644,,,,,,0,0,,,,,,,,,,,,,,,,,,,,,,,,,,,,,,,,,,,,,,0.198,-38.01,0.009,-17.122,-20.491,-47.996,-11.518,-63.517,19.364,-47.678,14.584,-64.57,41.916,-100.024,0.076,-113.385,-43.124,-94.269,0.094,-36.881,,"mungjungh",-0.157,-17.227,,"CAT tourniquet",-20.428,-47.9,,"HANA_ARASHI",-11.515,-63.51,,"Kr_Luna",19.305,-47.647,,"Yaksok~",15.344,-66.082,,"가앤슬_",41.926,-100.031,,"k@ster",0.08,-113.376,,"SUGUN",-42.989,-94.232,,,,,,,,,,,,,,,,,,,,,,,,,,,,,,,,,,,,,,,,,,,,,,,,,,,,,,,,"",3,-85.967,-60.778,-17.732,0.819,0,1,-48.716,-48.716,-15.096,-48.716,0,-88.434,0,"",,,,0,""
51,,2,1,4,1,3,2,2,0,0,0,255,255,255,25,2899.456,"Penguin_iDOL",R,13,77,115,-1.25,-0.443,0.273,1.964,0.03,1.748,-36.493,34.618,93,7,0,2,"",-337.508,350.869,10.225,0,0,1,"=","=","=","=","=","=","=","=","=",2,L,"ʚEveɞ",190,84.82,0.479,5,123,W,Y,1,2900.411,237,113,100,47,18,,145,89,18.326,19.842,-0.18,0.813,-21.197,-1,0,0.34,-351.184,310.806,39.581,,,,2900.749,3,-17.23,3.858,-63.132,0,0,,2905.729,,,,,,,,,,,,,2903.067,1,,452,0,,,,,,,,,,,,,,,,,,,0.116,-38.017,-0.02,-17.117,-20.262,-47.577,-12.766,-62.286,19.234,-48.684,4.574,-67.956,42.741,-99.6,0.032,-114.343,-42.142,-95.405,-0.128,-37.045,,"mungjungh",-0.157,-17.275,,"CAT tourniquet",-20.263,-47.494,,"HANA_ARASHI",-12.666,-62.194,89,"Kr_Luna",18.943,-47.526,,"Yaksok~",5.251,-69.749,,"가앤슬_",42.749,-99.603,,"k@ster",0.031,-114.343,,"SUGUN",-42.148,-95.328,,,,,,,,,,,2903.08,-17.742,-63.83,,,,,,,,,,,,,,,,,,,,,,,,,2906.316,-14.28,-56.349,,,,,,,,,,,,,,,,"",1,22.925,22.925,-10.906,0,0,1,18.326,18.326,27.096,18.326,0,40.449,0,"HANA_ARASHI",,,,64,""
52,SIDE,2,1,4,1,0,0,2,0,0,0,255,255,255,,2906.97,,,,,,,,,,,,,,,,,,,,,,,,2,"=","=","=","=","=","=","=","=","=",,,,,,,,,,,,,,,,,,,,,,,,,,,,,,,,,,,,,,,0,0,,,,,,,,,,,,,,,,,,,,,,,,,,,,,,,,,,,,,,,,,,,,,,,,,,,,,,,,,,,,,,,,,,,,,,,,,,,,,,,,,,,,,,,,,,,,,,,,,,,,,,,,,,,,,,,,,,,,,,,,,,,,,,,,,,,,,,,,,,,,,,,,,"",0,,,,,,,,,,,,,0,"",,,,0,""
53,,2,0,4,1,0,0,0,0,0,0,255,255,255,22,2957.001,"P0TA0",R,13,60,91,-1.225,-0.248,0.368,1.682,-0.088,1.871,-36.636,39.463,93,7,0,0,"",-309.977,331.061,-51.831,0,0,6,"SUGUN","Kr_Luna","가앤슬_","mungjungh","Penguin_iDOL","CAT tourniquet","HANA_ARASHI","k@ster","Yaksok~",3,R,"HANA_ARASHI",171.7,86,0.25,,123,W,Y,0,,,,,,,,,,,,,,,,,,,,,,,,,,,,,0,0,,,,,,,,,,,,,,,,,,,,,,,,,,,,,,,,,,,,,,0.01,-37.69,0.009,-18.243,-20.6,-46.246,-16.865,-62.542,15.299,-45.237,9.463,-64.685,39.373,-90.486,-0.045,-111.018,-41.062,-89.841,,,,"",,,,"",,,,"",,,,"",,,,"",,,,"",,,,"",,,,"",,,,,,,,,,,,,,,,,,,,,,,,,,,,,,,,,,,,,,,,,,,,,,,,,,,,,,,,,,"",0,,,,,,,,,,,,,0,"",,,,0,""
54,,2,0,4,1,0,1,0,0,0,0,255,255,255,23,2972.044,"P0TA0",R,26,87,140,-1.146,-0.508,0.179,1.494,-0.68,1.123,-36.636,28.154,95,5,0,0,"",127.86,-200,-0.924,0,0,6,"=","=","=","=","=","=","=","=","=",3,R,"HANA_ARASHI",171.7,86,0.25,,123,W,Y,0,,,,,,,,,,,,,,,,,,,,,,,,,,,,,0,0,,,,,,,,,,,,,,,,,,,,,,,,,,,,,,,,,,,,,,-0.042,-37.641,0.016,-18.198,-20.694,-46.434,-16.99,-62.662,15.569,-45.526,8.906,-64.639,38.898,-91.099,-0.048,-110.964,-41.369,-89.708,,,,"",,,,"",,,,"",,,,"",,,,"",,,,"",,,,"",,,,"",,,,,,,,,,,,,,,,,,,,,,,,,,,,,,,,,,,,,,,,,,,,,,,,,,,,,,,,,,"",0,,,,,,,,,,,,,0,"",,,,0,""
55,,2,0,4,1,0,2,0,0,0,0,255,255,255,24,2984.918,"P0TA0",R,13,66,107,-2.522,-0.371,0.289,1.692,-0.406,1.937,-36.636,38.483,94,6,0,1,"",-352.669,344.314,-38.783,0,0,6,"=","=","=","=","=","=","=","=","=",3,R,"HANA_ARASHI",171.7,86,0.25,,123,W,Y,0,,,,,,,,,,,,,,,,,,,,,,,,,,,,,0,0,,,,,,,,,,,,,,,,,,,,,,,,,,,,,,,,,,,,,,-0.04,-37.712,0.013,-18.231,-20.867,-46.688,-16.725,-62.715,15.582,-45.511,8.62,-64.649,38.068,-90.309,-0.044,-111.008,-41.612,-89.388,,,,"",,,,"",,,,"",,,,"",,,,"",,,,"",,,,"",,,,"",,,,,,,,,,,,,,,,,,,,,,,,,,,,,,,,,,,,,,,,,,,,,,,,,,,,,,,,,,"",0,,,,,,,,,,,,,0,"",,,,0,""
56,,2,0,4,1,1,2,0,0,0,0,255,255,255,25,2996.543,"P0TA0",R,26,86,140,-1.078,-1.596,0.206,1.323,-0.616,0.508,-36.636,23.387,53,47,0,1,"",102.304,-200,-3.337,0,0,6,"=","=","=","=","=","=","=","=","=",3,R,"HANA_ARASHI",171.7,86,0.25,,123,W,Y,0,,,,,,,,,,,,,,,,,,,,,,,,,,,,,0,0,,,,,,,,,,,,,,,,,,,,,,,,,,,,,,,,,,,,,,-0.065,-37.711,0.002,-18.27,-20.738,-46.878,-16.803,-62.825,15.585,-45.547,8.76,-64.119,37.733,-90.603,-0.036,-111.065,-41.57,-89.318,,,,"",,,,"",,,,"",,,,"",,,,"",,,,"",,,,"",,,,"",,,,,,,,,,,,,,,,,,,,,,,,,,,,,,,,,,,,,,,,,,,,,,,,,,,,,,,,,,"",0,,,,,,,,,,,,,0,"",,,,0,""
57,,2,0,4,1,2,2,0,0,0,0,255,255,255,26,3008.018,"P0TA0",R,26,69,108,-1.084,-0.669,0.204,1.418,-0.799,0.993,-36.636,33.119,95,5,0,2,"",176.108,-200,-53.945,0,0,6,"=","=","=","=","=","=","=","=","=",3,R,"HANA_ARASHI",171.7,86,0.25,5,123,W,Y,1,3009.163,157,89,146,98,49,,145,108,25.787,20.069,-0.201,0.736,-20.709,0.87,0,0.582,438.826,407.28,-39.433,3011.901,-41.39,-107.188,3015.978,8,-49.847,0.059,-116.905,1,0,,3014.505,3019.399,,,,,,,,,,,,,,,,,,,,,,,,,,,,,3024.619,5,,,,,-0.01,-37.571,-0.077,-18.295,-21.062,-46.63,-17.32,-62.47,15.578,-45.55,8.663,-64.05,37.644,-90.609,-0.125,-111.159,-41.759,-89.24,0.047,-37.372,,"白霜らいふ",-0.132,-18.412,,"ʚEveɞ",-20.903,-47.058,,"Ѕeyeon",-16.287,-62.811,,"인생최패망자",15.275,-45.195,,"ibqrqki",8.486,-63.762,85,"IbikiKai_JP",37.695,-90.589,,"カズティー",-0.115,-111.113,,"sano jpn",-41.747,-89.233,91,3029.009,-0.073,-38.232,,,,,,,,,,,,,3023.122,-3.993,-63.415,,,,,,,3018.432,-49.333,-115.919,,,,,,,,,,,,,,,,3027.891,-2.17,-55.915,,,,,,,3019.42,-46.665,-113.226,"",2,20.286,20.286,6.622,0,2,0.072,86.251,34.311,-3.689,84.826,0.055,147.446,0,"sano jpn",3019.399,,,73,""
58,,2,0,4,1,0,0,0,0,1,0,255,13,255,27,3045.281,"P0TA0",R,13,67,108,-0.89,0.019,0.303,1.614,0.005,1.887,-36.636,29.208,93,7,0,2,"",-383.336,312.348,-57.075,0,0,7,"=","=","=","=","=","=","=","=","=",7,R,"k@ster",168,80,0.2,0,121,W,Y,1,3046.251,228,175,55,83,42,,137,98,94.083,-74.595,-0.126,1.022,-21,-0.01,0,0.282,291.733,-257.125,98.761,3050.645,-31.245,-10.726,,,,,,0,0,,,,,,,,,,,,,3072.854,,,,,,,,,,,,,,,,,,,,,,,,,0.045,-37.752,0.127,-18.422,-20.757,-46,-15.263,-63.587,16.039,-43.934,4.014,-63.595,36.576,-89.789,0.437,-106.179,-44.816,-90.189,-0.449,-37.482,,"白霜らいふ",0.105,-18.414,,"ʚEveɞ",-20.551,-46.778,,"Ѕeyeon",-16.05,-65.241,,"인생최패망자",16.01,-43.915,,"ibqrqki",7.5,-63.472,,"IbikiKai_JP",36.557,-89.789,,"カズティー",0.44,-106.188,,"sano jpn",-44.942,-90.048,,,,,,,,,,,,,,,,,,,,,,,,,,,,,,,,,,,,,,,,,,,,,,,,,,,,,,,,"",3,,,,,,,,,,,,,0,"",3050.183,,,0,""
59,,2,0,4,1,0,1,0,0,1,0,255,13,255,28,3073.215,"P0TA0",R,13,68,109,-2.776,-1.634,0.173,1.4,-0.6,1.105,-36.636,10.76,57,43,0,1,"",-386.885,312.348,-75.83,-0.754,-18.426,7,"=","=","=","=","=","=","=","=","=",7,R,"k@ster",168,80,0.2,,87,W,Y,0,,,,,,,,,,,,,,,,,,,,,,,,,,,,,0,0,,,,,,,,,,,,,3088.577,,,,,,,,,,,,,,,,,,,,,,,,,0.022,-37.642,0.035,-17.965,-20.551,-45.198,-16.101,-62.491,16.33,-45.325,7.273,-64.355,37.707,-89.743,0.391,-106.18,-42.822,-90.007,,,,"",,,,"",,,,"",,,,"",,,,"",,,,"",,,,"",,,,"",,,,,,,,,,,,,,,,,,,,,,,,,,,,,,,,,,,,,,,,,,,,,,,,,,,,,,,,,,"",0,,,,,,,,,,,,,0,"",3076.27,,,0,""
60,,2,0,4,1,1,1,0,0,1,0,255,13,255,29,3088.87,"P0TA0",R,32,65,118,1.389,0.931,0.352,1.614,0.231,1.889,-36.636,25.297,56,44,0,0,"",250,-199.27,-63.744,0.417,-19.348,7,"=","=","=","=","=","=","=","=","=",7,R,"k@ster",168,80,0.2,,87,W,Y,1,,,,,,,,,,,,,,,,,,,,,,,,,,,,,0,0,,,,,,,,,,,,,,,,,,,,,,,,,,,,,,,,,,,,,,-0.013,-37.702,0.072,-18.332,-20.533,-45.963,-16.48,-63.09,16.337,-45.607,6.011,-65.475,37.874,-89.689,0.364,-106.162,-43.156,-88.906,,,,"",,,,"",,,,"",,,,"",,,,"",,,,"",,,,"",,,,"",,,,,,,,,,,,,,,,,,,,,,,,,,,,,,,,,,,,,,,,,,,,,,,,,,,,,,,,,,"",0,,,,,,,,,,,,,0,"",3092.111,,,0,""
61,,2,0,4,1,1,2,0,0,1,0,255,13,255,30,3108.081,"P0TA0",R,27,85,138,1.116,0.774,0.379,1.709,0.357,1.883,-36.636,44.53,89,11,0,0,"",84.716,-144.415,-8.026,0,0,7,"=","=","=","=","=","=","=","=","=",7,R,"k@ster",168,80,0.2,,87,W,Y,1,,,,,,,,,,,,,,,,,,,,,,,,,,,,,0,0,,,,,,,,,,,,,3108.394,,3110.604,7,,578,0,,,,,,,,,,,,,,,,,,,-0.103,-37.566,0.014,-18.231,-20.793,-46.102,-15.517,-63.185,16.993,-45.898,7.047,-64.993,37.73,-89.736,0.374,-106.151,-43.037,-88.643,,,,"",,,,"",,,,"",,,,"",,,,"",,,,"",,,,"",,,,"",,,,,,,,,,,,,,,,,,,,,,,,,,,,,,,,,,,,,,,,,,,,,,,,,,,,,,,,,,"",0,,,,,,,,,,,,,0,"",3110.791,,,0,""
62,,2,0,4,1,0,1,1,0,1,0,255,13,255,31,3146.845,"P0TA0",R,13,67,96,0.39,-0.443,0.454,1.499,0.503,1.628,-36.636,39.423,92,8,0,2,"",-340.743,312.348,-83.214,0,0,8,"=","=","=","=","=","=","=","=","=",5,R,"Yaksok~",172.8,93.559,0.332,5,120,W,Y,1,3147.904,162,99,186,97,73,,145,116,26.164,-66.768,0.117,0.881,-21.092,0.78,0,0.223,-52.284,508.605,248.988,3150.533,88.225,-72.806,,,,,,0,0,,,,,,,,,,,,,3147.098,,,,,,,,,,,,,,,,,,,,,,,,,0.063,-37.78,0.032,-18.192,-20.768,-45.896,-16.457,-62.494,16.661,-45.486,7.361,-65.803,37.691,-89.774,0.382,-106.119,-43.069,-88.615,-0.352,-37.723,,"白霜らいふ",0.013,-18.281,,"ʚEveɞ",-20.574,-46.319,,"Ѕeyeon",-17.106,-64.473,,"인생최패망자",16.627,-45.481,,"ibqrqki",8.019,-64.534,,"IbikiKai_JP",37.678,-89.744,,"カズティー",0.378,-106.122,,"sano jpn",-43.049,-88.601,,,,,,,,,,,,,,,,,,,,,,,,,,,,,,,,,,,,,,,,,,,,,,,,,,,,,,,,"",3,-71.294,-57.808,-13.808,0.597,1,1,50.258,34.098,-18.077,72.947,0.056,-94.251,0,"",3153.415,,,0,""
63,,2,0,4,1,0,2,1,0,1,0,255,13,255,32,3171.277,"P0TA0",R,13,67,108,-3.125,-0.421,0.259,1.648,-0.634,1.853,-36.636,33.161,90,10,0,1,"",-378.544,318.352,-27.098,0,0,8,"=","=","=","=","=","=","=","=","=",5,R,"Yaksok~",172.8,93.559,0.332,,120,W,Y,0,,,,,,,,,,,,,,,,,,,,,,,,,,,,,0,0,,,,,,,,,,,,,3186.937,,,,,,,,,,,,,,,,,,,,,,,,,-0.009,-37.709,-0.018,-18.236,-21.571,-46.971,-15.712,-63.048,17.024,-45.211,10.011,-65.477,44.841,-85.31,0.875,-106.148,-44.523,-87.736,,,,"",,,,"",,,,"",,,,"",,,,"",,,,"",,,,"",,,,"",,,,,,,,,,,,,,,,,,,,,,,,,,,,,,,,,,,,,,,,,,,,,,,,,,,,,,,,,,"",0,,,,,,,,,,,,,0,"",3174.243,,,0,""
64,,2,0,4,1,1,2,1,0,1,0,255,13,255,33,3186.994,"P0TA0",R,33,79,129,1.774,1.425,0.348,1.722,0.546,2.29,-36.636,52.127,89,11,0,2,"",143.045,-120.478,7.89,0,0,8,"=","=","=","=","=","=","=","=","=",5,R,"Yaksok~",172.8,93.559,0.332,5,54,W,Y,1,3187.914,109,115,87,45,15,,136,78,-4.582,-7.617,0.355,1.495,-20.185,-1,0,0.126,190.576,-166.759,-70.664,3186.02,1.893,-31.272,3188.006,5,7.056,0.055,-56.274,0,256,,3193.448,,,,,,,3191.796,,,,,,3193.118,8,,147,64,,,,,,,,,,,,,,,,,,,-0.053,-37.777,-0.027,-18.262,-21.456,-46.841,-16.151,-63.149,16.685,-45.338,10.98,-65.637,44.888,-85.276,0.879,-106.161,-44.558,-87.645,-0.024,-37.501,,"白霜らいふ",-0.008,-18.261,,"ʚEveɞ",-21.166,-47.287,86,"Ѕeyeon",-16.62,-64.697,,"인생최패망자",16.669,-45.322,,"ibqrqki",10.588,-64.933,99,"IbikiKai_JP",44.891,-85.255,,"カズティー",0.869,-106.153,,"sano jpn",-44.495,-87.665,,3197.947,-1.228,-38.462,,,,3192.387,-17.949,-40.672,,,,,,,3190.402,7.293,-58.172,,,,,,,,,,,,,,,,3197.077,-13.605,-39.165,,,,,,,3191.09,4.182,-55.982,,,,,,,,,,"",2,-8.113,-8.113,5.422,0,0,1,-4.582,-4.582,-10.102,-4.582,0,-12.003,0,"ibqrqki",,3191.796,,74,""
65,,2,0,4,1,0,0,2,0,0,1,255,255,13,34,3215.267,"P0TA0",R,26,85,138,0.774,-0.917,0.371,1.429,0.212,0.917,-36.636,33.811,95,5,0,0,"",82.197,-156.473,-6.631,0,0,0,"=","=","=","=","=","=","=","=","=",8,R,"SUGUN",179.9,82.092,0.496,,119,W,Y,0,,,,,,,,,,,,,,,,,,,,,,,,,,,,,0,0,,,,,,,,,,,,,,3216.463,,,,,,,,,,,,,,,,,,,,,,,,-0.027,-37.714,0.054,-17.924,-21.84,-47.492,-16.328,-63.039,16.867,-45.91,8.943,-65.756,39.189,-89.159,1.168,-101.644,-41.516,-86.086,,,,"",,,,"",,,,"",,,,"",,,,"",,,,"",,,,"",,,,"",,,,3219.759,-0.358,-37.294,,,,,,,,,,,,,,,,,,,,,,,,,,,,,,,,,,,,,,,,,,,,,,,,,,,,"",0,,,,,,,,,,,,,0,"",,3217.648,,0,""
66,,2,0,4,1,0,1,2,0,0,1,255,255,13,35,3228.72,"P0TA0",R,3,69,111,-1.271,-0.332,0.412,1.62,0.171,1.579,-36.636,48.347,91,9,0,2,"",-398.167,117.365,-25.186,0,0,0,"=","=","=","=","=","=","=","=","=",8,R,"SUGUN",179.9,82.092,0.496,5,119,W,Y,1,3229.717,196,152,109,92,8,,145,86,29.897,-39.59,-0.29,0.761,-20.755,1,0,0.487,-128.188,455.61,-262.284,,,,3231.971,6,36.917,2.414,-75.541,0,0,,,,,,,,,,,3234.408,,,,3234.364,0,,455,0,,,,,,,,,,,,,,,,,,,0.072,-37.639,0.058,-18.124,-21.823,-47.51,-16.173,-62.77,16.872,-46.112,9.523,-65.638,38.589,-87.937,0.656,-101.475,-41.701,-86.04,-0.158,-37.296,,"白霜らいふ",0.033,-18.183,,"ʚEveɞ",-21.682,-47.607,,"Ѕeyeon",-16.726,-64.512,,"인생최패망자",16.852,-46.086,,"ibqrqki",9.075,-65.167,,"IbikiKai_JP",38.51,-87.958,85,"カズティー",0.633,-101.48,,"sano jpn",-41.683,-85.994,,,,,,,,,,,,,,,,,,,,3234.375,37.602,-76.36,,,,,,,,,,,,,,,,,,,,,,,,,3236.362,28.146,-67.803,,,,,,,"",1,-35.244,-35.244,-4.915,0,0,1,56.947,56.947,63.912,56.947,0,-41.468,0,"IbikiKai_JP",,,3234.408,128,""
67,SIDE,2,0,4,1,0,0,2,0,0,1,255,255,13,,3237.821,,,,,,,,,,,,,,,,,,,,,,,,1,"=","=","=","=","=","=","=","=","=",,,,,,,,,,,,,,,,,,,,,,,,,,,,,,,,,,,,,,,0,0,,,,,,,,,,,,,,,,,,,,,,,,,,,,,,,,,,,,,,,,,,,,,,,,,,,,,,,,,,,,,,,,,,,,,,,,,,,,,,,,,,,,,,,,,,,,,,,,,,,,,,,,,,,,,,,,,,,,,,,,,,,,,,,,,,,,,,,,,,,,,,,,,"",0,,,,,,,,,,,,,0,"",,,,0,""
68,,3,1,4,1,0,0,0,0,0,0,255,255,255,26,3282.516,"Penguin_iDOL",R,13,80,105,-2.426,-1.805,0.084,1.708,-0.359,1.052,-36.493,21.174,100,0,0,4,"",-360.03,328.238,2.712,-0.576,-18.697,2,"sano jpn","ʚEveɞ","カズティー","P0TA0","인생최패망자","白霜らいふ","ibqrqki","IbikiKai_JP","Ѕeyeon",7,R,"カズティー",175.4,84.645,0.33,,119,W,Y,1,,,,,,,,,,,,,,,,,,,,,,,,,,,,,0,0,,,,,,,,,,,,,,,,,,,,,,,,,,,,,,,,,,,,,,-0.022,-37.823,0.002,-17.228,-20.355,-47.581,-12.055,-63.933,17.884,-50.925,11.376,-65.705,39.302,-93.252,0.101,-111.852,-45.376,-93.361,,,,"",,,,"",,,,"",,,,"",,,,"",,,,"",,,,"",,,,"",,,,,,,,,,,,,,,,,,,,,,,,,,,,,,,,,,,,,,,,,,,,,,,,,,,,,,,,,,"",0,,,,,,,,,,,,,0,"",,,,0,""
69,,3,1,4,1,0,1,0,0,0,0,255,255,255,27,3302.063,"Penguin_iDOL",R,26,95,140,-2.77,-1.645,-0.038,1.623,-1.109,0.453,-36.493,16.39,88,12,0,1,"",-79.314,-200,43.183,0,0,2,"=","=","=","=","=","=","=","=","=",7,R,"カズティー",175.4,84.645,0.33,,119,W,Y,0,,,,,,,,,,,,,,,,,,,,,,,,,,,,,0,0,,,,,,,,,,,,,,,,,,,,,,,,,,,,,,,,,,,,,,-0.024,-37.873,-0.087,-17.118,-20.659,-47.304,-13.003,-61.615,18.289,-49.643,3.532,-67.183,39.549,-93.737,0.199,-111.958,-45.425,-93.171,,,,"",,,,"",,,,"",,,,"",,,,"",,,,"",,,,"",,,,"",,,,,,,,,,,,,,,,,,,,,,,,,,,,,,,,,,,,,,,,,,,,,,,,,,,,,,,,,,"",0,,,,,,,,,,,,,0,"",,,,0,""
70,,3,1,4,1,1,1,0,0,0,0,255,255,255,28,3319.8,"Penguin_iDOL",R,10,91,128,1.533,-0.175,0.341,1.845,0.658,1.933,-36.493,31.492,70,30,0,2,"",0,400,34.617,0.145,-19.674,2,"=","=","=","=","=","=","=","=","=",7,R,"カズティー",175.4,84.645,0.33,5,119,W,Y,1,3320.784,255,151,128,116,21,,145,89,-41.859,51.816,0.28,0.869,-20.475,-0.75,0,0.681,-444.489,-206.211,107.283,3318.415,-0.425,-21.029,3321.006,2,-27.856,0.161,-42.605,0,0,,,,,,,,,,,,,,,,,,,,,,,,,,,,,,,,,,,,,,0.158,-38.018,0.094,-17.381,-19.876,-47.54,-8.1,-64.282,18.027,-48.586,10.528,-66.073,39.196,-93.68,-0.006,-112.092,-46.079,-93.3,-0.379,-36.945,,"mungjungh",0.107,-17.426,,"CAT tourniquet",-19.757,-47.466,90,"HANA_ARASHI",-8.831,-64.044,,"Kr_Luna",18.041,-47.211,,"Yaksok~",12.59,-65.442,,"가앤슬_",39.192,-93.673,,"k@ster",-0.002,-112.089,,"SUGUN",-45.99,-93.274,,3327.494,-0.534,-37.768,,,,3323.453,-27.075,-42.619,,,,,,,,,,,,,,,,,,,,,,,,,3326.15,-23.839,-39.971,,,,,,,,,,,,,,,,,,,"",3,55.381,47.903,6.176,0.449,0,1,-41.859,-41.859,-76.555,-41.859,0,88.215,0,"CAT tourniquet",,,,48,""
71,,3,1,4,1,1,2,0,0,0,0,255,255,255,29,3340.904,"Penguin_iDOL",R,10,88,113,-0.418,-1.424,0.095,1.818,-0.325,1.31,-36.493,32.383,82,18,0,2,"",79.671,400,15.89,0,0,2,"=","=","=","=","=","=","=","=","=",7,R,"カズティー",175.4,84.645,0.33,3,43,W,Y,1,3341.884,237,216,126,112,91,,145,82,-12.008,8.985,-0.115,0.449,-21.433,1,0,1.072,-82.727,-135.525,457.766,3339.506,-0.382,-23.137,3341.964,3,-8.491,0.055,-56.923,0,4,,3347.43,,,,,,,,,,,,,3347.016,2,,147,64,,,,,,,,,,,,,,,,,,,0.069,-38.038,0.145,-17.212,-19.112,-47.228,-9.857,-64.244,18.033,-47.119,14.12,-64.763,37.332,-99.22,-0.163,-115.381,-45.959,-92.875,-0.183,-36.786,,"mungjungh",0.102,-17.4,,"CAT tourniquet",-19.048,-47.152,88,"HANA_ARASHI",-10.094,-64.225,88,"Kr_Luna",17.914,-47.082,,"Yaksok~",14.822,-66.378,,"가앤슬_",37.325,-99.252,,"k@ster",-0.157,-115.393,,"SUGUN",-45.883,-92.894,,3350.546,-1.873,-36.649,,,,3346.356,-19.02,-41.077,3344.4,-9.018,-58.102,,,,,,,,,,,,,,,,,,,,,,3349.505,-17.704,-39.677,3345.476,-10.925,-54.388,,,,,,,,,,,,,,,,"",2,,,,,,,,,,,,,0,"HANA_ARASHI",,,,112,""
72,,3,1,4,1,0,0,1,0,0,0,255,255,255,30,3372.843,"Penguin_iDOL",R,26,83,135,4.712,0.837,0.564,1.933,1.931,1.987,-36.493,69.406,71,29,0,3,"",26.575,-160.07,8.182,0.586,-20.421,3,"=","=","=","=","=","=","=","=","=",0,R,"P0TA0",190,96.215,0.525,,118,W,Y,0,,,,,,,,,,,,,,,,,,,,,,,,,,,,,0,0,,3394.823,,,,,,,,,,,,,,,,,,,,,,,,,,,,,,,,,,,,0.097,-38.017,0.249,-17.158,-20.023,-47.787,-11.583,-63.323,16.954,-49.433,4.826,-67.313,35.25,-97.326,-0.072,-116.933,-44.679,-94.028,,,,"",,,,"",,,,"",,,,"",,,,"",,,,"",,,,"",,,,"",,,,3399.459,0.177,-38.263,,,,,,,,,,,,,,,,,,,,,,,,,,,,,,,,,,,,,,,,,,,,,,,,,,,,"",6,,,,,,,,,,,,,0,"",,,,0,""
73,,3,1,4,1,0,0,1,1,0,0,0,255,255,34,3401.975,"Penguin_iDOL",R,4,75,107,-1.519,-1.007,0.112,1.729,-0.273,1.145,-36.493,25.987,100,0,0,1,"",-207.361,121.793,5.291,0,0,4,"=","=","=","=","=","=","=","=","=",4,R,"인생최패망자",190,86,0.35,,117,W,Y,0,,,,,,,,,,,,,,,,,,,,,,,,,,,,,0,0,,,,,,,,,,,,3402.009,,,,,,,,,,,,,,,,,,,,,,,,,,0.003,-37.805,0.006,-16.954,-18.186,-42.63,-9.973,-62.042,16.992,-49.477,6.669,-63.699,41.896,-96.947,0.349,-118.048,-38.381,-88.335,,,,"",,,,"",,,,"",,,,"",,,,"",,,,"",,,,"",,,,"",,,,3406.039,-0.164,-37.698,,,,,,,,,,,,,,,,,,,,,,,,,,,,,,,,,,,,,,,,,,,,,,,,,,,,"",0,,,,,,,,,,,,,0,"",,,,0,""
74,,3,1,4,1,1,0,1,1,0,0,0,255,255,35,3424.694,"Penguin_iDOL",R,26,89,140,1.572,-1.193,0.358,1.665,0.735,0.68,-36.493,27.625,82,18,0,2,"",-47.614,-200,32.125,0,0,4,"=","=","=","=","=","=","=","=","=",4,R,"인생최패망자",190,86,0.35,3,117,W,Y,1,3425.731,255,50,131,106,46,,145,94,-89.643,-89.358,0.288,0.536,-20.09,-0.63,0,0.304,-311.241,-465.604,71.44,3423.353,0.571,-20.093,3427.388,4,18.822,0.228,-33.55,0,0,,,,,,3430.676,,,,,,3448.053,,,,,,,,,,,,,,,,,,,,,,,,,,0.107,-37.798,0.066,-17.166,-17.757,-43.856,-10.716,-62.635,18.176,-47.431,8.903,-62.017,41.736,-97.11,0.362,-118.043,-39.983,-91.103,0.08,-36.956,,"mungjungh",0.225,-17.217,,"CAT tourniquet",-17.63,-45.62,,"HANA_ARASHI",-10.371,-62.756,,"Kr_Luna",18.275,-47.883,61,"Yaksok~",9.742,-61.098,,"가앤슬_",41.736,-97.095,,"k@ster",0.36,-118.02,,"SUGUN",-39.945,-91.025,,3437.5,0.858,-37.723,,,,,,,,,,3429.803,19.388,-34.02,,,,,,,,,,,,,,,,,,,,,,,,,3436.205,16.051,-34.494,,,,,,,,,,,,,"",3,,,,,,,,,,,,,0,"Kr_Luna",3430.676,,,18,""
75,,3,1,4,1,1,1,1,1,0,0,0,255,255,36,3453.324,"Penguin_iDOL",R,10,88,114,0.606,-1.502,0.283,1.736,0.256,1.159,-36.493,26.83,74,26,0,1,"",0,400,30.465,0.09,-18.389,4,"=","=","=","=","=","=","=","=","=",4,R,"인생최패망자",190,86,0.35,,117,W,Y,0,,,,,,,,,,,,,,,,,,,,,,,,,,,,,0,0,,,,,,,,,,,,3465.697,,,,,,,,,,,,,,,,,,,,,,,,,,0.071,-37.78,0.136,-16.993,-19.197,-45.686,-9.124,-62.934,19.569,-47.746,12.29,-62.895,42.473,-91.143,0.257,-116.941,-41.54,-92.074,,,,"",,,,"",,,,"",,,,"",,,,"",,,,"",,,,"",,,,"",,,,3457.54,0.064,-37.693,,,,,,,,,,,,,,,,,,,,,,,,,,,,,,,,,,,,,,,,,,,,,,,,,,,,"",0,,,,,,,,,,,,,0,"",,,,0,""
76,,3,1,4,1,2,1,1,1,0,0,0,255,255,37,3470.209,"Penguin_iDOL",R,13,67,96,-2.432,-1.822,0.095,1.651,-0.324,0.976,-36.493,23.438,70,30,0,4,"",-336.739,317.997,-1.161,-0.57,-18.838,4,"=","=","=","=","=","=","=","=","=",4,R,"인생최패망자",190,86,0.35,,117,W,Y,1,,,,,,,,,,,,,,,,,,,,,,,,,,,,,0,0,,,,,,,,,,,,3470.366,,,,,,,,,,,,,,,,,,,,,,,,,,-0.029,-37.845,0.114,-16.843,-19.014,-45.146,-9.834,-62.633,18.952,-48.287,10.537,-63.455,42.496,-91.16,0.211,-116.991,-42.286,-92.501,,,,"",,,,"",,,,"",,,,"",,,,"",,,,"",,,,"",,,,"",,,,3474.681,0.263,-36.972,,,,,,,,,,,,,,,,,,,,,,,,,,,,,,,,,,,,,,,,,,,,,,,,,,,,"",0,,,,,,,,,,,,,0,"",,,,0,""
77,,3,1,4,1,2,2,1,1,0,0,0,255,255,38,3502.395,"Penguin_iDOL",R,26,87,140,0.826,1.486,0.291,1.985,0.422,2.366,-36.493,43.814,80,20,0,2,"",-55.219,-200,26.572,0,0,4,"=","=","=","=","=","=","=","=","=",4,R,"인생최패망자",190,86,0.35,3,117,W,Y,1,3503.467,249,48,122,79,37,,145,104,38.361,41.6,0.041,1.631,-19.983,-0.15,0,0.327,545.841,146.552,-201.446,3506.471,-62.824,-84.909,3506.707,8,-61.001,2.31,-83.089,0,0,,3508.995,,,,,,,,,,3502.54,,,3509.039,4,,457,0,,,,,,,,,,,,,,,,,,,0.12,-37.924,0.074,-17.075,-18.769,-44.153,-7.735,-63.054,18.878,-49.173,11.332,-61.344,44.028,-93.073,0.162,-116.96,-43.059,-91.593,-0.022,-36.609,,"mungjungh",0.051,-17.176,,"CAT tourniquet",-18.727,-44.112,87,"HANA_ARASHI",-8.013,-65.514,,"Kr_Luna",18.739,-49.108,,"Yaksok~",11.33,-61.298,,"가앤슬_",44.029,-93.05,,"k@ster",0.179,-116.945,,"SUGUN",-42.145,-92.097,119,3519.265,-0.422,-38,,,,3512.904,-20.58,-40.824,,,,,,,,,,,,,,,,3509.05,-61.561,-83.596,,,,,,,3518.153,-17.941,-39.893,,,,,,,,,,,,,,,,3510.987,-52.422,-76.206,"",1,,,,,,,,,,,,,0,"SUGUN",,,,49,""
78,,3,1,4,1,0,0,2,1,0,0,0,255,255,39,3539.418,"Penguin_iDOL",R,14,88,126,0.585,-0.287,0.131,2.004,-0.32,1.785,-36.493,36.136,78,22,0,0,"",376.378,329.15,21.741,0,0,5,"=","=","=","=","=","=","=","=","=",1,R,"白霜らいふ",179.6,80,0.653,,116,W,Y,0,,,,,,,,,,,,,,,,,,,,,,,,,,,,,0,0,,,,,,,,,,,,3556.994,,,,,,,,,,,,,,,,,,,,,,,,,,0.158,-37.964,0.049,-17.243,-19.502,-42.276,-9.66,-64.796,18.29,-47.32,11.107,-59.288,43.844,-95.419,-0.279,-111.726,-46.265,-93.917,,,,"",,,,"",,,,"",,,,"",,,,"",,,,"",,,,"",,,,"",,,,3544.493,0.379,-36.961,,,,,,,,,,,,,,,,,,,,,,,,,,,,,,,,,,,,,,,,,,,,,,,,,,,,"",0,,,,,,,,,,,,,0,"",,,,0,""
79,,3,1,4,1,0,1,2,1,0,0,0,255,255,40,3558.192,"Penguin_iDOL",R,10,74,103,1.212,-1.488,0.389,1.834,0.517,1.319,-36.493,44.393,60,40,0,4,"",0,400,18.09,0,0,5,"=","=","=","=","=","=","=","=","=",1,R,"白霜らいふ",179.6,80,0.653,,116,W,Y,1,,,,,,,,,,,,,,,,,,,,,,,,,,,,,0,0,,,,,,,,,,,,3570.618,,,,,,,,,,,,,,,,,,,,,,,,,,0.095,-37.878,0.079,-17.321,-19.051,-44.322,-10.025,-63.704,18.364,-47.337,11.11,-61.272,44.094,-96.199,0.057,-111.737,-47.169,-93.667,,,,"",,,,"",,,,"",,,,"",,,,"",,,,"",,,,"",,,,"",,,,3562.843,0.419,-37.299,,,,,,,,,,,,,,,,,,,,,,,,,,,,,,,,,,,,,,,,,,,,,,,,,,,,"",0,,,,,,,,,,,,,0,"",,,,0,""
80,,3,1,4,1,0,2,2,1,0,0,0,255,255,41,3578.02,"Penguin_iDOL",R,26,84,136,0.768,1.22,0.286,1.906,0.399,2.135,-36.493,38.773,71,29,0,2,"",-56.86,-200,41.081,0,0,5,"=","=","=","=","=","=","=","=","=",1,R,"白霜らいふ",179.6,80,0.653,5,116,W,Y,0,3579.092,160,46,71,40,19,,137,130,29.715,77.091,0.135,1.357,-20.002,0.44,0,0.336,285.496,49.945,-497.195,3582.825,-119.771,-44.843,,,,,,0,0,,,,,,,,,,,,3594.462,,,,,,,,,,,,,,,,,,,,,,,,,,0.118,-37.89,0.05,-17.202,-19.04,-43.184,-11.26,-61.965,18.334,-47.416,9.297,-62.427,44.368,-96.106,-0.527,-112.076,-47.435,-93.415,-0.367,-37.094,,"mungjungh",0.04,-17.328,,"CAT tourniquet",-18.741,-45.592,,"HANA_ARASHI",-11.846,-62.323,,"Kr_Luna",18.142,-49.027,,"Yaksok~",9.105,-62.47,,"가앤슬_",44.442,-96.063,,"k@ster",-0.527,-112.076,,"SUGUN",-47.389,-93.385,,,,,,,,,,,,,,,,,,,,,,,,,,,,,,,,,,,,,,,,,,,,,,,,,,,,,,,,"",3,101.946,77.95,37.771,1,1,0.69,70.555,57.989,20.913,84.731,0.056,131.199,0,"",,,,0,""
81,,3,1,4,1,0,2,2,1,0,0,0,255,255,42,3603.243,"Penguin_iDOL",R,13,69,97,-2.767,-1.429,0.11,1.788,-0.494,1.305,-36.493,27.849,100,0,0,2,"",-330.754,330.626,0.492,0,0,5,"=","=","=","=","=","=","=","=","=",1,R,"白霜らいふ",179.6,80,0.653,5,116,W,Y,1,3604.514,147,104,100,113,66,,145,86,29.019,-32.297,-0.493,0.522,-20.702,1,0,0.405,66.895,511.324,283.73,3607.054,29.775,-85.842,3607.45,6,29.312,1.338,-84.508,0,0,,3610.36,,,,3609.036,,,,,,3603.316,,,3609.681,5,,455,0,,,,,,,,,,,,,,,,,,,0.078,-37.988,0.013,-17.224,-20.01,-41.859,-11.925,-62.724,16.672,-52.712,10.05,-66.319,44.282,-96.215,0.249,-114.653,-46.977,-93.812,-0.102,-37.054,,"mungjungh",-0.292,-17.342,,"CAT tourniquet",-18.838,-45.552,,"HANA_ARASHI",-12.068,-63.108,,"Kr_Luna",16.217,-52.78,,"Yaksok~",10.513,-68.135,,"가앤슬_",44.281,-96.212,,"k@ster",0.248,-114.651,,"SUGUN",-46.963,-93.629,,,,,,,,,,,,,,,,,,,,3609.692,29.634,-84.96,,,,,,,,,,,,,,,,,,,,,,,,,,,,,,,,,,"",1,-28.596,-28.596,3.989,0,0,1,54.004,54.004,50.869,54.004,0,-40.405,0,"가앤슬_",3609.036,,,4,""
82,SIDE,3,1,4,1,0,0,2,1,0,0,0,255,255,,3614.032,,,,,,,,,,,,,,,,,,,,,,,,6,"=","=","=","=","=","=","=","=","=",,,,,,,,,,,,,,,,,,,,,,,,,,,,,,,,,,,,,,,0,0,,,,,,,,,,,,,,,,,,,,,,,,,,,,,,,,,,,,,,,,,,,,,,,,,,,,,,,,,,,,,,,,,,,,,,,,,,,,,,,,,,,,,,,,,,,,,,,,,,,,,,,,,,,,,,,,,,,,,,,,,,,,,,,,,,,,,,,,,,,,,,,,,"",0,,,,,,,,,,,,,0,"",,,,0,""
83,,3,0,4,1,0,0,0,0,0,0,255,255,255,36,3662.933,"P0TA0",R,13,63,105,-1.3,-1.499,0.353,1.598,-0.144,1.393,-36.636,39.104,100,0,0,2,"",-344.921,345.585,-31.813,0,0,1,"SUGUN","Kr_Luna","가앤슬_","mungjungh","Penguin_iDOL","CAT tourniquet","HANA_ARASHI","k@ster","Yaksok~",4,L,"Kr_Luna",190,95.218,0.504,0,115,W,Y,1,3663.887,151,71,97,66,44,,145,133,31.278,-44.658,-0.281,0.455,-20.408,0.49,0,0.072,-322.821,-478.373,67.606,3666.075,87.012,-92.579,,,,,,0,0,,,,,,,,,,,,,,,,,,,,,,,,,,,,,,,,,,,,,,0.004,-37.766,0.03,-18.314,-20.485,-47.412,-12.392,-65.157,19.45,-46.783,13.102,-64.323,46.765,-92.88,0.031,-113.282,-39.024,-90.582,-0.324,-37.557,,"白霜らいふ",0.024,-18.328,,"ʚEveɞ",-20.258,-47.809,,"Ѕeyeon",-12.804,-67.066,,"인생최패망자",19.433,-46.736,,"ibqrqki",12.839,-64.113,,"IbikiKai_JP",46.755,-92.875,,"カズティー",0.029,-113.277,,"sano jpn",-37.104,-88.466,,,,,,,,,,,,,,,,,,,,,,,,,,,,,,,,,,,,,,,,,,,,,,,,,,,,,,,,"",3,,,,,,,,,,,,,0,"",,,,0,""
84,,3,0,4,1,0,1,0,0,0,0,255,255,255,37,3681.875,"P0TA0",R,13,75,115,-0.147,-0.767,0.386,1.651,0.217,1.623,-36.636,41.925,99,1,0,2,"",-166.24,400,-16.981,0,0,1,"=","=","=","=","=","=","=","=","=",4,L,"Kr_Luna",190,95.218,0.504,3,85,W,Y,1,3682.799,183,91,121,71,26,,145,130,13.351,-41.47,0.003,0.7,-20.198,0.54,0,0.187,229.018,-470.178,18.012,3683.596,65.998,-83.672,,,,,,0,0,,,,,,,,,,,,,,,,,,,,,,,,,,,,,,,,,,,,,,-0.048,-37.93,0.079,-18.305,-20.639,-46.173,-12.911,-65.231,19.336,-46.04,14.126,-63.824,45.079,-88.678,0.032,-113.27,-40.53,-92.125,-0.304,-37.34,,"白霜らいふ",0.083,-18.323,,"ʚEveɞ",-20.684,-46.306,,"Ѕeyeon",-13.139,-66.371,,"인생최패망자",19.31,-46.071,,"ibqrqki",13.968,-63.799,,"IbikiKai_JP",45.069,-88.669,,"カズティー",0.033,-113.267,,"sano jpn",-40.521,-92.137,,,,,,,,,,,,,,,,,,,,,,,,,,,,,,,,,,,,,,,,,,,,,,,,,,,,,,,,"",3,,,,,,,,,,,,,0,"",,,,0,""
85,,3,0,4,1,0,2,0,0,0,0,255,255,255,38,3758.357,"P0TA0",R,26,86,139,-1.779,0.057,0.119,1.496,-0.855,1.478,-36.636,18.641,48,52,0,1,"",54.908,-200,-2.56,0,0,1,"=","=","=","=","=","=","=","=","=",4,L,"Kr_Luna",190,95.218,0.504,,85,W,Y,0,,,,,,,,,,,,,,,,,,,,,,,,,,,,,0,0,,,,,,,,,,,,,,,,,,,,,,,,,,,,,,,,,,,,,,-0.106,-37.563,0.078,-18.268,-21.247,-46.437,-12.795,-64.929,19.479,-46.844,13.28,-63.836,48.989,-91.374,0.057,-113.236,-42.336,-90.479,,,,"",,,,"",,,,"",,,,"",,,,"",,,,"",,,,"",,,,"",,,,,,,,,,,,,,,,,,,,,,,,,,,,,,,,,,,,,,,,,,,,,,,,,,,,,,,,,,"",0,,,,,,,,,,,,,0,"",,,,0,""
86,,3,0,4,1,1,2,0,0,0,0,255,255,255,39,3777.111,"P0TA0",R,26,85,138,2.614,-0.105,0.422,1.562,0.928,1.408,-36.636,51.84,95,5,0,1,"",142.555,-156.844,-4.169,0,0,1,"=","=","=","=","=","=","=","=","=",4,L,"Kr_Luna",190,95.218,0.504,,85,W,Y,0,,,,,,,,,,,,,,,,,,,,,,,,,,,,,0,0,,,,,,,,,,,,,,,,,,,,,,,,,,,,,,,,,,,,,,-0.033,-37.808,0.038,-18.143,-21.277,-46.378,-12.941,-65.157,18.96,-46.356,13.292,-64.179,49.107,-91.423,0.06,-113.244,-37.714,-85.075,,,,"",,,,"",,,,"",,,,"",,,,"",,,,"",,,,"",,,,"",,,,,,,,,,,,,,,,,,,,,,,,,,,,,,,,,,,,,,,,,,,,,,,,,,,,,,,,,,"",0,,,,,,,,,,,,,0,"",,,,0,""
87,,3,0,4,1,2,2,0,0,0,0,255,255,255,40,3792.125,"P0TA0",R,12,81,131,-1.026,-1.122,0.273,1.312,-0.455,0.966,-36.636,24.834,100,0,0,1,"",0,54.891,-12.723,0,0,1,"=","=","=","=","=","=","=","=","=",4,L,"Kr_Luna",190,95.218,0.504,,85,W,Y,0,,,,,,,,,,,,,,,,,,,,,,,,,,,,,0,0,,,,,,,,,,,,,,,,,,,,,,,,,,,,,,,,,,,,,,-0.021,-37.672,0.035,-18.231,-21.123,-46.821,-12.937,-64.979,19.238,-46.682,13.343,-64.28,48.918,-91.469,0.087,-113.249,-40.859,-90.869,,,,"",,,,"",,,,"",,,,"",,,,"",,,,"",,,,"",,,,"",,,,,,,,,,,,,,,,,,,,,,,,,,,,,,,,,,,,,,,,,,,,,,,,,,,,,,,,,,"",0,,,,,,,,,,,,,0,"",,,,0,""
88,,3,0,4,1,3,2,0,0,0,0,255,255,255,41,3809.113,"P0TA0",R,27,87,140,0.854,-0.03,0.355,1.595,0.207,1.489,-36.636,42.347,93,7,0,0,"",112.96,-119.572,-0.797,0,0,1,"=","=","=","=","=","=","=","=","=",4,L,"Kr_Luna",190,95.218,0.504,,85,W,Y,1,,,,,,,,,,,,,,,,,,,,,,,,,,,,,0,0,,,,,,,,,,,,,,,3811.478,1,,578,0,,,,,,,,,,,,,,,,,,,0,-37.72,0.078,-18.299,-21.454,-47.155,-12.846,-64.858,19.255,-46.716,13.294,-64.227,50.16,-91.452,0.084,-113.226,-45.801,-93.303,,,,"",,,,"",,,,"",,,,"",,,,"",,,,"",,,,"",,,,"",,,,,,,,,,,,,,,,,,,,,,,,,,,,,,,,,,,,,,,,,,,,,,,,,,,,,,,,,,"",0,,,,,,,,,,,,,0,"",,,,0,""
89,,3,0,4,1,0,0,1,0,0,0,255,255,255,42,3832.63,"P0TA0",R,34,85,137,0.029,0.055,0.259,1.586,-0.127,1.56,-36.636,44.123,92,8,0,0,"",93.942,-83.941,3.449,0,0,2,"=","=","=","=","=","=","=","=","=",6,R,"가앤슬_",179.9,90.016,0.2,,113,W,Y,0,,,,,,,,,,,,,,,,,,,,,,,,,,,,,0,0,,,,,,,,,,,,,,,,,,,,,,,,,,,,,,,,,,,,,,-0.045,-37.797,0.048,-18.146,-21.382,-47.188,-16.99,-62.783,18.866,-49.063,9.216,-66.288,40.044,-88.915,-0.021,-109.334,-44.406,-91.647,,,,"",,,,"",,,,"",,,,"",,,,"",,,,"",,,,"",,,,"",,,,,,,,,,,,,,,,,,,,,,,,,,,,,,,,,,,,,,,,,,,,,,,,,,,,,,,,,,"",0,,,,,,,,,,,,,0,"",,,,0,""
90,,3,0,4,1,0,1,1,0,0,0,255,255,255,43,3919.85,"P0TA0",R,13,74,113,-2.955,-0.733,0.169,1.528,-0.619,1.58,-36.636,26.483,96,4,0,4,"",-390.434,312.348,-51.302,0,0,2,"=","=","=","=","=","=","=","=","=",6,R,"가앤슬_",179.9,90.016,0.2,,113,W,Y,1,,,,,,,,,,,,,,,,,,,,,,,,,,,,,0,0,,,,,,,,,,,,,,,,,,,,,,,,,,,,,,,,,,,,,,-0.026,-37.641,0.033,-18.228,-21.354,-47.937,-16.804,-62.658,18.429,-48.505,8.11,-64.27,41.303,-90.446,0.146,-109.351,-42.948,-88.894,,,,"",,,,"",,,,"",,,,"",,,,"",,,,"",,,,"",,,,"",,,,,,,,,,,,,,,,,,,,,,,,,,,,,,,,,,,,,,,,,,,,,,,,,,,,,,,,,,"",0,,,,,,,,,,,,,0,"",,,,0,""
91,,3,0,4,1,0,2,1,0,0,0,255,255,255,44,3938.552,"P0TA0",R,13,75,113,-3.679,-1.727,0.097,1.372,-0.956,1.046,-36.636,10.51,54,46,0,4,"",-363.423,343.401,-44.602,0,0,2,"=","=","=","=","=","=","=","=","=",6,R,"가앤슬_",179.9,90.016,0.2,,113,W,Y,1,,,,,,,,,,,,,,,,,,,,,,,,,,,,,0,4,,,,,,,,,,,,,,,3941.375,2,,578,0,,,,,,,,,,,,,,,,,3941.056,1,-0.053,-37.405,-0.002,-18.222,-21.134,-47.809,-16.768,-62.722,18.398,-48.451,9.067,-65.686,40.726,-91.353,0.143,-109.347,-42.422,-88.403,,,,"",,,,"",,,,"",,,,"",,,,"",,,,"",,,,"",,,,"",,,,,,,,,,,,,,,,,,,,,,,,,,,,,,,,,,,,,,,,,,,,,,,,,,,,,,,,,,"",0,,,,,,,,,,,,,0,"",,,,0,""
92,,3,0,4,1,0,0,2,0,0,0,255,255,255,45,3958.576,"P0TA0",R,32,89,140,1.128,0.583,0.345,1.654,0.256,1.855,-36.636,41.884,89,11,0,2,"",165.28,-141.046,0.325,0,0,3,"=","=","=","=","=","=","=","=","=",1,R,"mungjungh",190,89.696,0.403,5,112,W,Y,1,3959.635,193,55,75,28,16,,137,95,34.769,37.634,0.211,1.212,-19.759,-0.47,0,0.331,474.848,283.065,-196.206,,,,3962.547,8,-49.657,2.639,-75.924,0,0,,3965.821,,,,,,,,,,,,,3965.08,3,,457,0,,,,,,,,,,,,,,,,,,,-0.106,-37.578,-0.019,-18.284,-21.277,-47.766,-16.771,-62.694,18.512,-49.127,10.384,-65.16,37.635,-95.63,0.32,-113.448,-43.867,-89.122,-0.46,-37.542,,"白霜らいふ",-0.007,-18.268,,"ʚEveɞ",-21.334,-47.883,,"Ѕeyeon",-17.261,-64.312,,"인생최패망자",17.992,-48.456,,"ibqrqki",9.985,-65.012,,"IbikiKai_JP",37.641,-95.626,,"カズティー",0.127,-113.922,,"sano jpn",-43.776,-89.068,79,,,,,,,,,,,,,,,,,,,,,,,,,3965.086,-50.166,-76.417,,,,,,,,,,,,,,,,,,,,,,,,,3967.402,-49.083,-76.006,"",1,37.56,37.56,13.301,0,2,0.393,76.873,34.769,-3.231,80.063,0.066,45.536,0,"sano jpn",,,,1,""
93,SIDE,3,0,4,1,0,0,2,0,0,0,255,255,255,,3968.216,,,,,,,,,,,,,,,,,,,,,,,,4,"=","=","=","=","=","=","=","=","=",,,,,,,,,,,,,,,,,,,,,,,,,,,,,,,,,,,,,,,0,0,,,,,,,,,,,,,,,,,,,,,,,,,,,,,,,,,,,,,,,,,,,,,,,,,,,,,,,,,,,,,,,,,,,,,,,,,,,,,,,,,,,,,,,,,,,,,,,,,,,,,,,,,,,,,,,,,,,,,,,,,,,,,,,,,,,,,,,,,,,,,,,,,"",0,,,,,,,,,,,,,0,"",,,,0,""
94,,4,1,4,1,0,0,0,0,0,0,255,255,255,43,4017.227,"Penguin_iDOL",R,14,90,126,1.798,-1.528,0.246,1.831,0.212,1.151,-36.493,27.314,83,17,0,4,"",373.659,332.233,31.418,0.565,-17.516,6,"sano jpn","ʚEveɞ","カズティー","P0TA0","인생최패망자","白霜らいふ","ibqrqki","IbikiKai_JP","Ѕeyeon",5,L,"ibqrqki",164.9,86.895,0.45,,112,W,Y,1,,,,,,,,,,,,,,,,,,,,,,,,,,,,,0,0,,,,,,,,,,,,,,,,,,,,,,,,,,,,,,,,,,,,,,0.073,-37.907,-0.004,-17.226,-20.056,-47.186,-11.214,-62.8,18.018,-46.433,14.506,-63.073,48.124,-99.683,-0.176,-107.796,-43.58,-91.89,,,,"",,,,"",,,,"",,,,"",,,,"",,,,"",,,,"",,,,"",,,,,,,,,,,,,,,,,,,,,,,,,,,,,,,,,,,,,,,,,,,,,,,,,,,,,,,,,,"",0,,,,,,,,,,,,,0,"",,,,0,""
95,,4,1,4,1,0,1,0,0,0,0,255,255,255,44,4038.967,"Penguin_iDOL",R,14,86,109,2.723,-2.311,0.326,1.653,0.529,0.873,-36.493,28.613,61,39,0,2,"",350.128,353.767,14.81,0,0,6,"=","=","=","=","=","=","=","=","=",5,L,"ibqrqki",164.9,86.895,0.45,3,112,W,Y,1,4040.113,179,116,102,83,42,,145,78,-29.775,-41.856,0.479,0.317,-21.017,1,0,0.219,-65.998,178.755,317.979,4037.7,0.882,-21.467,4039.561,4,18.274,0.085,-41.203,0,64,,4044.835,,,,,,,,,,,,,4044.544,6,,147,2,,,,,,,,,,,,,,,,,,,0.084,-37.94,0.048,-16.963,-20.063,-47.234,-11.471,-63.413,18.229,-46.6,13.709,-63.07,47.908,-99.805,-0.174,-110.14,-43.099,-91.333,-0.36,-37.014,,"mungjungh",0.118,-16.996,,"CAT tourniquet",-20.023,-47.189,90,"HANA_ARASHI",-11.455,-63.394,,"Kr_Luna",18.358,-46.732,119,"Yaksok~",13.976,-62.882,,"가앤슬_",47.91,-99.818,,"k@ster",-0.165,-110.126,,"SUGUN",-43.196,-91.301,,4048.371,-0.49,-37.87,,,,4043.929,-17.618,-39.632,,,,4041.99,18.904,-42.072,,,,,,,,,,,,,,,,,,,4047.283,-17.404,-39.682,,,,4042.569,15.499,-41.682,,,,,,,,,,,,,"",2,,,,,,,,,,,,,0,"Kr_Luna",,,,50,""
96,,4,1,4,1,0,0,1,0,0,0,255,255,255,45,4065.794,"Penguin_iDOL",R,29,92,140,-0.509,-0.34,0.181,1.7,0.079,1.211,-36.493,32.295,83,17,0,0,"",-228.612,-200,15.499,0,0,7,"=","=","=","=","=","=","=","=","=",6,L,"IbikiKai_JP",166.4,85.479,0.4,,36,W,Y,0,,,,,,,,,,,,,,,,,,,,,,,,,,,,,0,0,,,,,,,,,,,,,,,,,,,,,,,,,,,,,,,,,,,,,,0.091,-38.125,-0.011,-17.13,-19.752,-47.627,-11.608,-63.667,18.911,-47.916,15.914,-63.277,38.543,-94.672,0.188,-109.581,-44.774,-92.888,,,,"",,,,"",,,,"",,,,"",,,,"",,,,"",,,,"",,,,"",,,,4069.681,0.156,-37.174,,,,,,,,,,,,,,,,,,,,,,,,,,,,,,,,,,,,,,,,,,,,,,,,,,,,"",0,,,,,,,,,,,,,0,"",,,,0,""
97,,4,1,4,1,0,1,1,0,0,0,255,255,255,46,4083.664,"Penguin_iDOL",R,13,83,107,-3.021,-2.528,0.047,1.381,-0.475,0.214,-36.493,14.558,58,42,0,4,"",-361.641,334.334,31.035,-0.415,-21.535,7,"=","=","=","=","=","=","=","=","=",6,L,"IbikiKai_JP",166.4,85.479,0.4,,36,W,Y,1,,,,,,,,,,,,,,,,,,,,,,,,,,,,,0,0,,,,,,,,,,,,,,,,,,,,,,,,,,,,,,,,,,,,4087.629,1,0.117,-37.949,0.002,-17.167,-19.718,-47.646,-12.166,-60.673,18.594,-48.195,4.495,-67.565,38.579,-94.692,0.253,-109.64,-44.687,-92.986,,,,"",,,,"",,,,"",,,,"",,,,"",,,,"",,,,"",,,,"",,,,4105.061,0.172,-38.273,,,,,,,,,,,,,,,,,,,,,,,,,,,,,,,,,,,,,,,,,,,,,,,,,,,,"",0,,,,,,,,,,,,,0,"",,,,0,""
98,,4,1,4,1,0,2,1,0,0,0,255,255,255,47,4107.737,"Penguin_iDOL",R,14,85,109,3.238,-1.193,0.406,1.933,0.806,1.505,-36.493,44.15,87,13,0,1,"",320.608,381.203,5.327,0.725,-17.809,7,"=","=","=","=","=","=","=","=","=",6,L,"IbikiKai_JP",166.4,85.479,0.4,,36,W,Y,0,,,,,,,,,,,,,,,,,,,,,,,,,,,,,0,0,,,,,,,,,,,,,,,,,,,,,,,,,,,,,,,,,,,,,,0.098,-38.012,0.401,-17.001,-19.263,-48.291,-8.815,-63.451,18.952,-48.054,15.34,-63.619,38.601,-94.634,0.094,-109.493,-44.437,-93.352,,,,"",,,,"",,,,"",,,,"",,,,"",,,,"",,,,"",,,,"",,,,4111.959,0.162,-37.097,,,,,,,,,,,,,,,,,,,,,,,,,,,,,,,,,,,,,,,,,,,,,,,,,,,,"",0,,,,,,,,,,,,,0,"",,,,0,""
99,,4,1,4,1,1,2,1,0,0,0,255,255,255,48,4127.687,"Penguin_iDOL",R,14,90,126,3.649,-1.369,0.392,1.896,1.16,1.317,-36.493,44.093,86,14,0,2,"",272.028,400,-1.025,0,0,7,"=","=","=","=","=","=","=","=","=",6,L,"IbikiKai_JP",166.4,85.479,0.4,3,36,W,Y,1,4128.81,255,109,50,71,67,,136,74,-10.025,-33.119,0.683,0.463,-20.225,-1,0,0.595,117.624,366.116,-81.599,4126.443,2.06,-22.353,4128.471,4,16.438,0.059,-42.023,0,128,,4133.622,,,,,,,,,,,,,4133.335,7,,147,2,,,,,,,,,,,,,,,,,,,0.094,-37.939,0.059,-17.022,-19.727,-48.496,-11.825,-60.847,18.908,-48.029,15.529,-63.676,38.615,-94.636,0.114,-109.487,-44.321,-93.534,0.462,-36.879,,"mungjungh",0.178,-17.09,,"CAT tourniquet",-19.728,-48.478,98,"HANA_ARASHI",-11.768,-60.795,,"Kr_Luna",19.004,-47.858,119,"Yaksok~",15.859,-65.524,,"가앤슬_",38.595,-94.625,,"k@ster",0.105,-109.499,,"SUGUN",-44.21,-93.451,,4136.564,-0.603,-37.704,,,,4132.701,-17.944,-39.782,,,,4130.821,17.051,-42.995,,,,,,,,,,,,,,,,,,,4135.53,-17.55,-39.679,,,,4131.383,13.887,-42.529,,,,,,,,,,,,,"",2,,,,,,,,,,,,,0,"Kr_Luna",,,,50,""
100,,4,1,4,1,0,0,2,0,0,0,255,255,255,49,4156.985,"Penguin_iDOL",R,13,68,96,-0.011,-0.409,0.457,2.018,0.66,1.984,-36.493,49.204,94,6,0,2,"",-309.854,352.06,10.148,0,0,8,"=","=","=","=","=","=","=","=","=",3,R,"Ѕeyeon",171.2,80,0.4,5,111,W,Y,1,4158.045,224,95,107,78,40,,145,124,25.343,-32.778,0.039,0.907,-21.119,0.71,0,0.666,406.817,307.246,316.386,4163.38,61.522,-135.007,,,,,,0,0,,4163.408,4167.743,4172.665,4177.74,,,,,,,,,,,,,,,,,,,,,,,,,,,,,,,,,0.128,-37.917,-0.038,-17.255,-20.908,-47.031,-11.853,-62.016,19.627,-47.073,13.335,-64.878,36.953,-89.993,0.358,-110.553,-44.11,-91.413,-0.442,-37.097,,"mungjungh",-0.108,-17.276,,"CAT tourniquet",-20.713,-47.276,,"HANA_ARASHI",-12.154,-61.868,,"Kr_Luna",19.509,-47.18,,"Yaksok~",13.984,-66.316,,"가앤슬_",36.96,-90.011,,"k@ster",-0.643,-113.141,,"SUGUN",-44.069,-91.216,,,,,,,,,,,,,,,,,,,,,,,,,,,,,,,,,,,,,,,,,,,,,,,,,,,,,,,,"",4,-29.613,-29.613,-10.187,0,2,0.296,85.628,29.345,-8.655,86.139,0.058,-64.805,0,"",4167.743,4172.665,,0,""
101,,4,1,5,1,0,0,2,0,0,0,255,255,255,50,4198.789,"Penguin_iDOL",R,26,94,140,0.69,0.889,0.267,1.834,0.312,1.902,-36.493,28.842,82,18,0,0,"",-15.979,-200,36.828,0,0,0,"=","=","=","=","=","=","=","=","=",8,R,"sano jpn",169.8,92.118,0.561,,110,W,Y,0,,,,,,,,,,,,,,,,,,,,,,,,,,,,,0,0,,,,,,,,,,,,,,,,,,,,,,,,,,,,,,,,,,,,,,0.139,-38.08,0.173,-17.086,-19.78,-48.119,-12.595,-64.641,16.414,-52.784,6.421,-67.21,35.453,-95.413,0.206,-111.966,-43.789,-93.264,,,,"",,,,"",,,,"",,,,"",,,,"",,,,"",,,,"",,,,"",,,,,,,,,,,,,,,,,,,,,,,,,,,,,,,,,,,,,,,,,,,,,,,,,,,,,,,,,,"",0,,,,,,,,,,,,,0,"",,,,0,""
102,,4,1,5,1,0,1,2,0,0,0,255,255,255,51,4213.42,"Penguin_iDOL",R,3,77,105,-2.717,-1.465,0.049,1.702,-0.468,1.019,-36.493,19.527,100,0,0,1,"",-369.375,151.931,5.125,-0.712,-17.754,0,"=","=","=","=","=","=","=","=","=",8,R,"sano jpn",169.8,92.118,0.561,,110,W,Y,0,,,,,,,,,,,,,,,,,,,,,,,,,,,,,0,0,,,,,,,,,,,,,,,,,,,,,,,,,,,,,,,,,,,,,,-0.002,-37.876,-0.005,-16.99,-19.817,-48.201,-12.209,-63.878,16.169,-52.464,3.595,-67.643,35.19,-95.53,0.272,-114.089,-48.699,-95.433,,,,"",,,,"",,,,"",,,,"",,,,"",,,,"",,,,"",,,,"",,,,,,,,,,,,,,,,,,,,,,,,,,,,,,,,,,,,,,,,,,,,,,,,,,,,,,,,,,"",0,,,,,,,,,,,,,0,"",,,,0,""
103,,4,1,5,1,1,1,2,0,0,0,255,255,255,52,4231.994,"Penguin_iDOL",R,10,94,118,0.692,-1.82,0.294,1.734,0.293,1.095,-36.493,24.945,79,21,0,4,"",0,400,32.855,0.111,-18.782,0,"=","=","=","=","=","=","=","=","=",8,R,"sano jpn",169.8,92.118,0.561,,110,W,Y,1,,,,,,,,,,,,,,,,,,,,,,,,,,,,,0,0,,,,,,,,,,,,,,,,,,,,,,,,,,,,,,,,,,,,,,0.097,-37.976,0.052,-17.218,-19.712,-48.298,-12.722,-63.051,16.169,-52.501,11.021,-65.927,35.179,-95.524,0.284,-114.083,-48.712,-95.574,,,,"",,,,"",,,,"",,,,"",,,,"",,,,"",,,,"",,,,"",,,,,,,,,,,,,,,,,,,,,,,,,,,,,,,,,,,,,,,,,,,,,,,,,,,,,,,,,,"",0,,,,,,,,,,,,,0,"",,,,0,""
104,,4,1,5,1,1,2,2,0,0,0,255,255,255,53,4249.653,"Penguin_iDOL",R,14,83,121,0.793,-1.784,0.147,1.789,-0.247,1.015,-36.493,30.29,88,12,0,2,"",364.883,341.848,8.272,0.305,-19.503,0,"=","=","=","=","=","=","=","=","=",8,R,"sano jpn",169.8,92.118,0.561,3,110,W,Y,1,4250.745,83,75,129,113,65,,130,120,-30,-32.172,0.197,0.26,-20.045,0.3,0,0.207,-121.393,-484.722,134.745,4248.27,0.418,-20.395,4249.895,4,17.752,1.955,-47.799,0,1,,4255.324,,,,,,,,,,,,,4255.294,0,,147,2,,,,,,,,,,,,,,,,,,,0.11,-38.116,0.086,-17.176,-19.815,-48.255,-13.211,-64.224,16.181,-52.507,10.016,-66.466,35.414,-95.406,0.331,-114.075,-48.948,-95.368,-0.535,-36.888,,"mungjungh",0.081,-17.271,,"CAT tourniquet",-19.745,-48.144,91,"HANA_ARASHI",-11.085,-64.744,,"Kr_Luna",16.186,-52.517,96,"Yaksok~",10.526,-68.181,,"가앤슬_",35.397,-95.402,,"k@ster",0.243,-114.106,,"SUGUN",-48.691,-95.448,,,,,,,,4254.675,-18.193,-40.145,,,,4252.334,18.378,-48.6,,,,,,,,,,,,,,,,,,,4256.895,-18.086,-39,,,,4253,14.755,-47.669,,,,,,,,,,,,,"",2,,,,,,,,,,,,,0,"Kr_Luna",,,,34,""
105,SIDE,4,1,5,1,0,0,2,0,0,0,255,255,255,,4257.491,,,,,,,,,,,,,,,,,,,,,,,,1,"=","=","=","=","=","=","=","=","=",,,,,,,,,,,,,,,,,,,,,,,,,,,,,,,,,,,,,,,0,0,,,,,,,,,,,,,,,,,,,,,,,,,,,,,,,,,,,,,,,,,,,,,,,,,,,,,,,,,,,,,,,,,,,,,,,,,,,,,,,,,,,,,,,,,,,,,,,,,,,,,,,,,,,,,,,,,,,,,,,,,,,,,,,,,,,,,,,,,,,,,,,,,"",0,,,,,,,,,,,,,0,"",,,,0,""
106,,4,0,5,1,0,0,0,0,0,0,255,255,255,46,4302.11,"P0TA0",R,3,64,94,0.274,0.467,0.65,1.764,1.119,2.118,-36.636,61.39,94,6,0,0,"",-416.93,109.35,-37.547,0,0,4,"SUGUN","Kr_Luna","가앤슬_","mungjungh","Penguin_iDOL","CAT tourniquet","HANA_ARASHI","k@ster","Yaksok~",0,R,"Penguin_iDOL",190,85,0.3,,110,W,Y,0,,,,,,,,,,,,,,,,,,,,,,,,,,,,,0,0,,,,,,,,,,,,,,,,,,,,,,,,,,,,,,,,,,,,,,0.02,-37.663,0.024,-18.076,-20.286,-45.74,-16.213,-62.433,18.242,-48.053,10.786,-66.139,38.238,-92.495,0.111,-110.451,-42.012,-89.573,,,,"",,,,"",,,,"",,,,"",,,,"",,,,"",,,,"",,,,"",,,,,,,,,,,,,,,,,,,,,,,,,,,,,,,,,,,,,,,,,,,,,,,,,,,,,,,,,,"",0,,,,,,,,,,,,,0,"",,,,0,""
107,,4,0,5,1,0,1,0,0,0,0,255,255,255,47,4318.323,"P0TA0",R,26,88,140,-2.578,0.704,0.031,1.62,-1.264,1.881,-36.636,22.409,92,8,0,1,"",102.309,-200,4.369,0,0,4,"=","=","=","=","=","=","=","=","=",0,R,"Penguin_iDOL",190,85,0.3,,110,W,Y,0,,,,,,,,,,,,,,,,,,,,,,,,,,,,,0,0,,,,,,,,,,,,,,,,,,,,,,,,,,,,,,,,,,,,,,-0.104,-37.777,0.045,-18.073,-21.471,-47.504,-16.486,-62.71,18.171,-48.117,10.117,-66.039,38.375,-92.489,0.124,-113.354,-42.59,-89.99,,,,"",,,,"",,,,"",,,,"",,,,"",,,,"",,,,"",,,,"",,,,,,,,,,,,,,,,,,,,,,,,,,,,,,,,,,,,,,,,,,,,,,,,,,,,,,,,,,"",0,,,,,,,,,,,,,0,"",,,,0,""
108,,4,0,5,1,1,1,0,0,0,0,255,255,255,48,4332.688,"P0TA0",R,13,67,96,-1.804,-0.322,0.3,1.687,-0.007,1.949,-36.636,33.346,95,5,0,4,"",-338.588,315.409,-45.403,0,0,4,"=","=","=","=","=","=","=","=","=",0,R,"Penguin_iDOL",190,85,0.3,,110,W,Y,1,,,,,,,,,,,,,,,,,,,,,,,,,,,,,0,0,,,,,,,,,,,,,,,,,,,,,,,,,,,,,,,,,,,,,,-0.035,-37.643,0.078,-18.102,-21.835,-47.701,-16.493,-62.649,18.172,-48.13,9.713,-66.351,38.378,-92.481,-0.39,-113.295,-42.612,-90.026,,,,"",,,,"",,,,"",,,,"",,,,"",,,,"",,,,"",,,,"",,,,,,,,,,,,,,,,,,,,,,,,,,,,,,,,,,,,,,,,,,,,,,,,,,,,,,,,,,"",0,,,,,,,,,,,,,0,"",,,,0,""
109,,4,0,5,1,1,2,0,0,0,0,255,255,255,49,4350.488,"P0TA0",R,13,59,90,-2.615,-0.401,0.18,1.707,-0.379,1.993,-36.636,27.765,94,6,0,4,"",-300.809,338.865,-31.088,0,0,4,"=","=","=","=","=","=","=","=","=",0,R,"Penguin_iDOL",190,85,0.3,,110,W,Y,1,,,,,,,,,,,,,,,,,,,,,,,,,,,,,0,16,,,,,,,,,,,,,,,4353.345,4,,578,0,,,,,,,,,,,,,,,,,,,-0.057,-37.695,0.018,-18.069,-22.244,-48.35,-16.646,-62.83,18.16,-48.13,9.648,-66.003,38.498,-92.404,-0.131,-113.313,-42.65,-89.947,,,,"",,,,"",,,,"",,,,"",,,,"",,,,"",,,,"",,,,"",,,,,,,,,,,,,,,,,,,,,,,,,,,,,,,,,,,,,,,,,,,,,,,,,,,,,,,,,,"",0,,,,,,,,,,,,,0,"",,,,0,""
110,,4,0,5,1,0,0,1,0,0,0,255,255,255,50,4368.68,"P0TA0",R,26,88,140,-0.866,-1.021,0.228,1.406,-0.36,0.951,-36.636,27.553,65,35,0,2,"",105.757,-200,-1.505,0,0,5,"=","=","=","=","=","=","=","=","=",2,L,"CAT tourniquet",190,80,0.547,0,109,W,Y,1,4369.708,255,97,182,76,70,,145,121,28.991,-31.202,-0.091,0.712,-20.238,0.16,0,0.23,304.565,-407.506,-258.539,4372.234,64.557,-103.813,4373.714,6,61.686,0.103,-100.602,1,0,,4376.194,4380.876,,,,,,,,,,,,,,,,,,,,,,,,,,,,,,,,,,,-0.084,-37.562,0.032,-17.964,-21.891,-48.201,-13.028,-64.96,16.985,-43.687,13.308,-64.169,39.902,-91.013,-0.353,-113.35,-41.847,-90.5,-0.379,-37.328,,"白霜らいふ",0.025,-18.079,,"ʚEveɞ",-21.426,-48.47,,"Ѕeyeon",-13.322,-66.273,77,"인생최패망자",16.721,-43.311,,"ibqrqki",13.121,-64.038,99,"IbikiKai_JP",40.082,-90.963,103,"カズティー",-0.352,-113.345,,"sano jpn",-41.447,-90.345,,4386.295,-0.26,-38.214,,,,,,,4381.362,-0.291,-59.06,,,,4379.223,21.882,-73.229,4376.159,61.075,-100.302,,,,,,,,,,,,,,,,4385.126,-0.996,-57.425,,,,4380.202,18.716,-70.09,4377.217,56.559,-96.382,,,,,,,"",2,,,,,,,,,,,,,0,"IbikiKai_JP",4380.876,,,456,""
111,,4,0,5,1,0,0,1,0,1,0,255,12,255,51,4404.541,"P0TA0",R,26,86,139,-0.15,-1.049,0.271,1.407,-0.205,0.858,-36.636,31.954,97,3,0,0,"",95.331,-156.197,-3.06,0,0,6,"=","=","=","=","=","=","=","=","=",3,R,"HANA_ARASHI",171.7,86,0.25,,109,W,Y,0,,,,,,,,,,,,,,,,,,,,,,,,,,,,,0,0,,,,,,,,,,,,,4405.071,,,,,,,,,,,,,,,,,,,,,,,,,-0.152,-37.553,-0.001,-18.122,-21.255,-48.083,-14.719,-63.517,16.543,-45.618,8.132,-66.104,41.088,-89.16,0.545,-112.001,-40.162,-86.066,,,,"",,,,"",,,,"",,,,"",,,,"",,,,"",,,,"",,,,"",,,,4408.172,-0.074,-37.417,,,,,,,,,,,,,,,,,,,,,,,,,,,,,,,,,,,,,,,,,,,,,,,,,,,,"",0,,,,,,,,,,,,,0,"",4406.956,,,0,""
112,,4,0,5,1,0,1,1,0,1,0,255,12,255,52,4417.324,"P0TA0",R,10,74,115,-1.312,-0.836,0.178,1.557,-0.576,1.678,-36.636,27.444,100,0,0,0,"",0,400,-8.524,0,0,6,"=","=","=","=","=","=","=","=","=",3,R,"HANA_ARASHI",171.7,86,0.25,,109,W,Y,0,,,,,,,,,,,,,,,,,,,,,,,,,,,,,0,0,,,,,,,,,,,,,4425.003,,,,,,,,,,,,,,,,,,,,,,,,,-0.089,-37.633,-0.023,-18.136,-21.691,-48.147,-14.518,-63.893,16.884,-45.405,8.181,-65.038,40.437,-88.679,0.323,-111.781,-40.113,-86.219,,,,"",,,,"",,,,"",,,,"",,,,"",,,,"",,,,"",,,,"",,,,4421.129,-0.306,-37.426,,,,,,,,,,,,,,,,,,,,,,,,,,,,,,,,,,,,,,,,,,,,,,,,,,,,"",0,,,,,,,,,,,,,0,"",4420.257,,,0,""
113,,4,0,5,1,0,2,1,0,1,0,255,12,255,53,4431.373,"P0TA0",R,27,82,133,0.574,-0.061,0.3,1.601,0.1,1.442,-36.636,46.469,94,6,0,0,"",96.729,-120.623,-1.842,0,0,6,"=","=","=","=","=","=","=","=","=",3,R,"HANA_ARASHI",171.7,86,0.25,,109,W,Y,1,,,,,,,,,,,,,,,,,,,,,,,,,,,,,0,0,,,,,,,,,,,,,4451.396,,4434.038,6,,578,0,,,,,,,,,,,,,,,,,,,-0.091,-37.689,0.011,-18.135,-21.62,-47.699,-14.661,-63.905,16.768,-45.341,8.665,-65.614,39.245,-87.557,0.813,-112.313,-42.199,-88.211,,,120,"",,,,"",,,,"",,,,"",,,,"",,,,"",,,,"",,,,"",,,,4435.27,-0.085,-37.332,,,,,,,,,,,,,,,,,,,,,,,,,4454.053,0.349,-41.999,,,,,,,,,,,,,,,,,,,,,,,,,"",0,,,,,,,,,,,,,0,"",4434.862,,,0,""
114,,4,0,5,1,0,0,2,0,1,0,255,12,255,54,4476.365,"P0TA0",R,13,69,98,-1.647,-1.189,0.323,1.501,0.063,1.534,-36.636,17.684,57,43,0,4,"",-347.842,312.348,-42.66,-0.603,-17.83,7,"=","=","=","=","=","=","=","=","=",7,R,"k@ster",168,80,0.2,,87,W,Y,1,,,,,,,,,,,,,,,,,,,,,,,,,,,,,0,0,,,,,,,,,,,,,4488.9,,,,,,,,,,,,,,,,,,,,,,,,,0.114,-37.715,0.003,-18.188,-21.033,-46.677,-15.825,-63.087,17.08,-45.192,4.191,-64.111,38.759,-87.558,0.851,-104.705,-44.571,-89.825,,,,"",,,,"",,,,"",,,,"",,,,"",,,,"",,,,"",,,,"",,,,4480.155,-0.062,-37.393,,,,,,,,,,,,,,,,,,,,,,,,,,,,,,,,,,,,,,,,,,,,,,,,,,,,"",0,,,,,,,,,,,,,0,"",4479.377,,,0,""
115,,4,0,5,1,0,1,2,0,1,0,255,12,255,55,4491.371,"P0TA0",R,13,58,89,-1.292,-1.875,0.441,1.503,0.107,1.253,-36.636,40.189,100,0,0,4,"",-289.203,349.621,-56.454,-0.389,-19.073,7,"=","=","=","=","=","=","=","=","=",7,R,"k@ster",168,80,0.2,,87,W,Y,1,,,,,,,,,,,,,,,,,,,,,,,,,,,,,0,0,,,,,,,,,,,,,4506.249,,,,,,,,,,,,,,,,,,,,,,,,,0.122,-37.72,0.003,-18.188,-21.17,-46.655,-16.289,-62.686,16.025,-44.762,5.043,-65.448,38.805,-87.612,0.329,-104.368,-44.59,-89.831,,,,"",,,,"",,,,"",,,,"",,,,"",,,,"",,,,"",,,,"",,,,4495.227,-0.034,-37.565,,,,,,,,,,,,,,,,,,,,,,,,,,,,,,,,,,,,,,,,,,,,,,,,,,,,"",0,,,,,,,,,,,,,0,"",4494.949,,,0,""
116,,4,0,5,1,0,2,2,0,1,0,255,12,255,56,4506.385,"P0TA0",R,27,89,140,-0.146,-1.281,0.259,1.382,-0.211,0.768,-36.636,24.395,50,50,0,1,"",102.182,-125.362,-1.055,0,0,7,"=","=","=","=","=","=","=","=","=",7,R,"k@ster",168,80,0.2,,87,W,Y,0,,,,,,,,,,,,,,,,,,,,,,,,,,,,,0,0,,,,,,,,,,,,,,,,,,,,,,,,,,,,,,,,,,,,,,-0.04,-38.003,0.078,-18.233,-20.961,-46.715,-16.282,-62.944,15.908,-45.096,4.48,-64.615,38.796,-87.615,0.024,-104.203,-44.666,-89.754,,,,"",,,,"",,,,"",,,,"",,,,"",,,,"",,,,"",,,,"",,,,4510.709,-0.293,-37.334,,,,,,,,,,,,,,,,,,,,,,,,,,,,,,,,,,,,,,,,,,,,,,,,,,,,"",0,,,,,,,,,,,,,0,"",4510.127,,,0,""
117,,4,0,5,1,1,2,2,0,1,0,255,12,255,57,4520.159,"P0TA0",R,27,83,134,0.671,1.188,0.318,1.739,0.131,2.128,-36.636,43.02,90,10,0,4,"",105.33,-125.804,-0.04,0,0,7,"=","=","=","=","=","=","=","=","=",7,R,"k@ster",168,80,0.2,,87,W,Y,1,,,,,,,,,,,,,,,,,,,,,,,,,,,,,0,0,,,,,,,,,,,,,4520.197,,4522.601,7,,578,0,,,,,,,,,,,,,,,,,,,-0.097,-37.749,-0.026,-18.293,-21.264,-47.276,-16.152,-62.932,17.534,-45.088,6.019,-65.552,38.827,-87.604,-0.422,-104.515,-44.582,-89.854,,,,"",,,,"",,,,"",,,,"",,,,"",,,,"",,,,"",,,,"",,,,,,,,,,,,,,,,,,,,,,,,,,,,,,,,,,,,,,,,,,,,,,,,,,,,,,,,,,"",0,,,,,,,,,,,,,0,"",4523.122,,,0,""
118,SIDE,4,0,5,1,0,0,2,0,1,0,255,12,255,,4525.521,,,,,,,,,,,,,,,,,,,,,,,,8,"=","=","=","=","=","=","=","=","=",,,,,,,,,,,,,,,,,,,,,,,,,,,,,,,,,,,,,,,0,0,,,,,,,,,,,,,,,,,,,,,,,,,,,,,,,,,,,,,,,,,,,,,,,,,,,,,,,,,,,,,,,,,,,,,,,,,,,,,,,,,,,,,,,,,,,,,,,,,,,,,,,,,,,,,,,,,,,,,,,,,,,,,,,,,,,,,,,,,,,,,,,,,"",0,,,,,,,,,,,,,0,"",,,,0,""
119,,5,1,5,1,0,0,0,0,0,0,255,255,255,54,4572.739,"Penguin_iDOL",R,29,87,140,-3.271,0.482,-0.001,1.779,-0.933,1.697,-36.493,33.356,86,14,0,2,"",-250,-200,14.411,0,0,1,"sano jpn","ʚEveɞ","カズティー","P0TA0","인생최패망자","白霜らいふ","ibqrqki","IbikiKai_JP","Ѕeyeon",2,L,"ʚEveɞ",190,84.82,0.449,5,73,W,Y,1,4573.719,149,30,98,43,12,,145,89,-67.342,-65.904,-0.503,1.166,-20.427,-1,0,0.217,193.012,-116.811,461.778,4571.276,-0.081,-20.615,,,,,,0,0,,,,,,,,,,,,,,,,,,,,,,,,,,,,,,,,,,,,,,-0.036,-37.841,-0.061,-17.285,-19.697,-45.189,-10.942,-62.802,19.3,-47.533,14.554,-64.521,38.265,-93.776,0.219,-115.393,-46.198,-92.003,-0.85,-37.102,,"mungjungh",-0.078,-17.297,,"CAT tourniquet",-19.097,-45.587,,"HANA_ARASHI",-10.89,-62.756,,"Kr_Luna",19.278,-47.83,,"Yaksok~",15.323,-66.248,,"가앤슬_",38.701,-93.77,,"k@ster",0.229,-115.388,,"SUGUN",-46.204,-92.209,,,,,,,,,,,,,,,,,,,,,,,,,,,,,,,,,,,,,,,,,,,,,,,,,,,,,,,,"",3,-168.925,-63.202,-19.67,1,1,0.961,-67.342,-67.342,-7.538,-45.694,0,155.308,0,"",,,,0,""
120,,5,1,5,1,0,1,0,0,0,0,255,255,255,55,4609.419,"Penguin_iDOL",R,29,89,140,-2.16,-1.332,0.066,1.638,-0.624,0.594,-36.493,19.652,85,15,0,2,"",-250,-200,33.865,0,0,1,"=","=","=","=","=","=","=","=","=",2,L,"ʚEveɞ",190,84.82,0.449,0,107,W,Y,1,4610.434,192,78,84,48,13,,143,127,-30,16.08,-0.399,0.514,-20.442,0.2,0,0.183,-81.503,155.552,-176.169,4608.012,-0.627,-21.23,4609.936,3,-12.348,2.419,-61.704,0,0,,4615.527,,,,,,,,,,,,,4614.979,1,,147,64,,,,,,,,,,,,,,,,,,,0.078,-38.008,-0.038,-17.213,-19.337,-47.652,-11.307,-63.944,19.531,-48.804,14.252,-64.556,41.07,-93.522,0.152,-115.652,-45.635,-93.613,-0.254,-37.162,,"mungjungh",-0.144,-17.29,,"CAT tourniquet",-19.312,-47.605,96,"HANA_ARASHI",-10.406,-64.301,104,"Kr_Luna",19.527,-48.761,,"Yaksok~",15.618,-66.102,,"가앤슬_",41.067,-93.515,,"k@ster",0.134,-115.607,,"SUGUN",-45.806,-93.385,,4618.837,-0.456,-38.07,,,,4614.312,-19.045,-40.821,4612.465,-12.643,-62.85,,,,,,,,,,,,,,,,,,,,,,4617.827,-17.565,-40.001,4613.428,-14.064,-58.11,,,,,,,,,,,,,,,,"",2,,,,,,,,,,,,,0,"HANA_ARASHI",,,,112,""
121,,5,1,5,1,0,0,1,0,0,0,255,255,255,56,4636.899,"Penguin_iDOL",R,10,84,125,1.364,-1.263,0.354,1.893,0.584,1.318,-36.493,42.167,76,24,0,1,"",-0.328,400,22.163,0.234,-17.566,2,"=","=","=","=","=","=","=","=","=",7,R,"カズティー",175.4,84.645,0.33,,107,W,Y,0,,,,,,,,,,,,,,,,,,,,,,,,,,,,,0,0,,,,,,,,,,,,,,,,,,,,,,,,,,,,,,,,,,,,,,0.045,-37.718,0.023,-17.08,-20.674,-46.701,-12.502,-64.029,18.122,-47.034,14.198,-64.132,39.781,-93.789,0.184,-113.978,-47.699,-93.319,,,,"",,,,"",,,,"",,,,"",,,,"",,,,"",,,,"",,,,"",,,,4640.745,0.286,-37.127,,,,,,,,,,,,,,,,,,,,,,,,,,,,,,,,,,,,,,,,,,,,,,,,,,,,"",0,,,,,,,,,,,,,0,"",,,,0,""
122,,5,1,5,1,1,0,1,0,0,0,255,255,255,57,4656.194,"Penguin_iDOL",R,26,86,140,-0.014,-0.723,0.24,1.578,0.184,0.996,-36.493,28.812,51,49,0,0,"",-147.747,-200,6.532,0,0,2,"=","=","=","=","=","=","=","=","=",7,R,"カズティー",175.4,84.645,0.33,,107,W,Y,0,,,,,,,,,,,,,,,,,,,,,,,,,,,,,0,0,,,,,,,,,,,,,,,,,,,,,,,,,,,,,,,,,,,,,,0.042,-38.002,-0.071,-17.057,-20.028,-47.35,-12.996,-63.639,16.946,-53.813,3.938,-67.752,39.772,-93.805,0.183,-114.01,-47.666,-93.136,,,,"",,,,"",,,,"",,,,"",,,,"",,,,"",,,,"",,,,"",,,,4660.017,0.17,-37.564,,,,,,,,,,,,,,,,,,,,,,,,,,,,,,,,,,,,,,,,,,,,,,,,,,,,"",0,,,,,,,,,,,,,0,"",,,,0,""
123,,5,1,5,1,1,1,1,0,0,0,255,255,255,58,4674.892,"Penguin_iDOL",R,13,81,106,-2.564,-2.02,0.038,1.68,-0.503,0.986,-36.493,16.717,100,0,0,4,"",-320.458,373.377,6.527,-0.56,-19.132,2,"=","=","=","=","=","=","=","=","=",7,R,"カズティー",175.4,84.645,0.33,,107,W,Y,1,,,,,,,,,,,,,,,,,,,,,,,,,,,,,0,0,,,,,,,,,,,,,,,,,,,,,,,,,,,,,,,,,,,,,,0.016,-37.83,-0.032,-16.97,-20.112,-47.311,-12.61,-63.719,18.513,-49.705,3.764,-68.19,39.781,-93.84,0.218,-114.022,-47.521,-93.279,,,,"",,,,"",,,,"",,,,"",,,,"",,,,"",,,,"",,,,"",,,,4679.184,-0.029,-37.571,,,,,,,,,,,,,,,,,,,,,,,,,,,,,,,,,,,,,,,,,,,,,,,,,,,,"",0,,,,,,,,,,,,,0,"",,,,0,""
124,,5,1,5,1,1,2,1,0,0,0,255,255,255,59,4693.37,"Penguin_iDOL",R,13,72,100,-3.084,-2.196,-0.013,1.64,-0.66,0.892,-36.493,15.811,70,30,0,1,"",-329.145,344.837,8.377,-0.637,-19.493,2,"=","=","=","=","=","=","=","=","=",7,R,"カズティー",175.4,84.645,0.33,,107,W,Y,0,,,,,,,,,,,,,,,,,,,,,,,,,,,,,0,0,,,,,,,,,,,,,,,,,,,,,,,,,,,,,,,,,,,,,,0.041,-37.936,-0.046,-16.866,-19.627,-47.596,-12.646,-63.903,17.053,-53.944,4.574,-67.576,42.289,-94.471,0.109,-113.984,-48.343,-93.534,,,,"",,,,"",,,,"",,,,"",,,,"",,,,"",,,,"",,,,"",,,,4697.279,-0.065,-37.481,,,,,,,,,,,,,,,,,,,,,,,,,,,,,,,,,,,,,,,,,,,,,,,,,,,,"",0,,,,,,,,,,,,,0,"",,,,0,""
125,,5,1,5,1,2,2,1,0,0,0,255,255,255,60,4710.496,"Penguin_iDOL",R,26,97,140,0.643,-1.458,0.222,1.66,0.319,0.561,-36.493,18.207,82,18,0,1,"",-36.957,-200,40.474,0,0,2,"=","=","=","=","=","=","=","=","=",7,R,"カズティー",175.4,84.645,0.33,,107,W,Y,0,,,,,,,,,,,,,,,,,,,,,,,,,,,,,0,0,,,,,,,,,,,,,,,,,,,,,,,,,,,,,,,,,,,,,,0.14,-38.074,0.196,-16.814,-19.797,-47.361,-11.87,-63.935,16.575,-45.527,8.227,-65.584,42.309,-92.539,0.08,-113.975,-46.563,-95.449,,,,"",,,,"",,,,"",,,,"",,,,"",,,,"",,,,"",,,,"",,,,4714.826,0.063,-37.047,,,,,,,,,,,,,,,,,,,,,,,,,,,,,,,,,,,,,,,,,,,,,,,,,,,,"",0,,,,,,,,,,,,,0,"",,,,0,""
126,,5,1,5,1,3,2,1,0,0,0,255,255,255,61,4727.929,"Penguin_iDOL",R,26,91,140,-0.782,0.21,0.132,1.736,-0.102,1.535,-36.493,34.874,91,9,0,0,"",-181.611,-200,2.481,0,0,2,"=","=","=","=","=","=","=","=","=",7,R,"カズティー",175.4,84.645,0.33,,107,W,Y,1,,,,,,,,,,,,,,,,,,,,,,,,,,,,,0,0,,,,,,,,,,,,,,,4730.554,2,,578,0,,,,,,,,,,,,,,,,,,,0.016,-38.035,0.027,-16.743,-19.74,-47.232,-13.778,-62.89,16.56,-45.429,7.235,-67.222,42.214,-98.266,0.114,-113.98,-46.173,-93.381,,,,"",,,,"",,,,"",,,,"",,,,"",,,,"",,,,"",,,,"",,,,4732.229,-0.036,-37.375,,,,,,,,,,,,,,,,,,,,,,,,,,,,,,,,,,,,,,,,,,,,,,,,,,,,"",0,,,,,,,,,,,,,0,"",,,,0,""
127,,5,1,5,1,0,0,2,0,0,0,255,255,255,62,4753.945,"Penguin_iDOL",R,13,70,110,-2.798,-1.135,0.084,1.666,-0.541,1.331,-36.493,23.318,100,0,0,1,"",-372.451,333.587,1.522,-0.792,-17.072,3,"=","=","=","=","=","=","=","=","=",0,R,"P0TA0",190,96.215,0.525,,106,W,Y,0,,,,,,,,,,,,,,,,,,,,,,,,,,,,,0,0,,,,,,,,,,,,,,,,,,,,,,,,,,,,,,,,,,,,,,-0.013,-37.95,-0.214,-16.72,-19.262,-47.334,-13.671,-60.919,15.756,-46.229,6.38,-67.121,39.503,-95.946,0.1,-113.936,-46.697,-91.826,,,,"",,,,"",,,,"",,,,"",,,,"",,,,"",,,,"",,,,"",,,,4757.545,-0.001,-37.631,,,,,,,,,,,,,,,,,,,,,,,,,,,,,,,,,,,,,,,,,,,,,,,,,,,,"",0,,,,,,,,,,,,,0,"",,,,0,""
128,,5,1,5,1,1,0,2,0,0,0,255,255,255,63,4768.836,"Penguin_iDOL",R,26,92,140,-0.391,0.256,0.186,1.747,-0.067,1.595,-36.493,23.365,78,22,0,0,"",-88.147,-200,40.49,0,0,3,"=","=","=","=","=","=","=","=","=",0,R,"P0TA0",190,96.215,0.525,,106,W,Y,0,,,,,,,,,,,,,,,,,,,,,,,,,,,,,0,0,,,,,,,,,,,,,,,,,,,,,,,,,,,,,,,,,,,,,,0.139,-37.926,0.004,-16.598,-19.414,-47.519,-12.788,-63.263,14.551,-49.689,8.042,-67.03,39.806,-95.532,-0.033,-119.089,-46.887,-91.836,,,,"",,,,"",,,,"",,,,"",,,,"",,,,"",,,,"",,,,"",,,,4772.723,0.107,-37.471,,,,,,,,,,,,,,,,,,,,,,,,,,,,,,,,,,,,,,,,,,,,,,,,,,,,"",0,,,,,,,,,,,,,0,"",,,,0,""
129,,5,1,5,1,1,1,2,0,0,0,255,255,255,64,4788.486,"Penguin_iDOL",R,10,83,110,1.074,-0.936,0.331,1.935,0.372,1.53,-36.493,37.992,85,15,0,2,"",47.162,400,3.82,0,0,3,"=","=","=","=","=","=","=","=","=",0,R,"P0TA0",190,96.215,0.525,5,106,W,Y,0,4789.456,232,92,141,88,66,,145,100,-9.068,-36.421,0.199,0.66,-20.429,1,0,0.199,155.008,-144.417,63.814,4787.005,2.315,-23.29,4788.52,4,18.178,0.055,-44.439,0,0,,4795.483,,,,,,,,,,,,,4794.759,3,,147,2,,,,,,,,,,,,,,,,,,,0.118,-37.921,0.024,-16.89,-19.255,-47.536,-11.607,-63.424,15.033,-49.852,10.641,-65.842,40.026,-95.457,-0.061,-119.092,-46.71,-92.106,-0.262,-37.08,,"mungjungh",0.077,-16.938,,"CAT tourniquet",-19.291,-47.432,89,"HANA_ARASHI",-11.174,-63.518,,"Kr_Luna",15.002,-49.655,97,"Yaksok~",11.293,-67.848,,"가앤슬_",40.009,-95.458,,"k@ster",-0.068,-119.074,,"SUGUN",-46.827,-91.892,,,,,,,,4794.083,-17.575,-40.309,,,,4790.977,17.682,-45.337,,,,,,,,,,,,,,,,,,,4796.535,-18.053,-39.243,,,,4792.687,10.217,-45.232,,,,,,,,,,,,,"",2,-36.141,-36.141,-9.779,0,2,0.312,-14.966,-9.068,-10.067,-15.234,0.016,-80.958,0,"Kr_Luna",,,,34,""
130,SIDE,5,1,5,1,0,0,2,0,0,0,255,255,255,,4796.991,,,,,,,,,,,,,,,,,,,,,,,,4,"=","=","=","=","=","=","=","=","=",,,,,,,,,,,,,,,,,,,,,,,,,,,,,,,,,,,,,,,0,0,,,,,,,,,,,,,,,,,,,,,,,,,,,,,,,,,,,,,,,,,,,,,,,,,,,,,,,,,,,,,,,,,,,,,,,,,,,,,,,,,,,,,,,,,,,,,,,,,,,,,,,,,,,,,,,,,,,,,,,,,,,,,,,,,,,,,,,,,,,,,,,,,"",0,,,,,,,,,,,,,0,"",,,,0,""
131,,5,0,5,1,0,0,0,0,0,0,255,255,255,58,4845.363,"P0TA0",R,3,70,110,-1.221,0.451,0.419,1.56,0.408,1.877,-36.636,40.585,84,16,0,2,"",-500,0,-34.608,0,0,8,"SUGUN","Kr_Luna","가앤슬_","mungjungh","Penguin_iDOL","CAT tourniquet","HANA_ARASHI","k@ster","Yaksok~",5,R,"Yaksok~",172.8,93.559,0.332,5,106,W,Y,1,4846.398,106,44,136,89,50,,137,90,24.828,-2.907,-0.249,1.12,-20.592,0.99,0,0.223,170.837,254.61,180.686,,,,4848.658,7,-0.978,2.326,-94.945,0,0,,4852.162,,,,,,,,,,,,,4851.276,8,,456,0,,,,,,,,,,,,,,,,,,,0.043,-37.743,-0.008,-18.268,-21.733,-48.27,-17.187,-62.537,17.622,-46.239,10.745,-63.938,37.806,-90.497,0.138,-110.479,-42.82,-87.746,-0.435,-37.672,,"白霜らいふ",-0.017,-18.281,,"ʚEveɞ",-21.774,-48.597,,"Ѕeyeon",-17.799,-64.22,,"인생최패망자",17.603,-46.195,,"ibqrqki",10.626,-63.47,,"IbikiKai_JP",37.805,-90.503,,"カズティー",0.149,-110.482,91,"sano jpn",-42.818,-87.754,,4855.333,0.478,-38.17,,,,,,,,,,,,,,,,,,,4851.282,-1.085,-95.902,,,,,,,,,,,,,,,,,,,,,,,,,4852.777,-0.925,-86.388,,,,"",1,3.01,3.01,1.677,0,0,1,24.828,24.828,38.273,24.828,0,2.87,0,"カズティー",,,,12,""
132,,5,0,5,1,0,0,1,0,0,0,255,255,255,59,4869.842,"P0TA0",R,32,60,114,-0.508,-0.331,0.175,1.416,-0.593,1.197,-36.636,16.587,64,36,0,2,"",250,-200,-72.19,0,0,0,"=","=","=","=","=","=","=","=","=",8,R,"SUGUN",179.9,82.092,0.496,5,106,W,Y,1,4870.846,255,62,125,90,32,,145,94,25.118,16.193,-0.091,0.847,-20.335,-0.58,0,0.332,351.703,232.697,27.35,,,,4873.311,8,-26.138,2.499,-95.111,0,0,,4876.196,,,,,,,,,,,,,4875.917,0,,457,0,,,,,,,,,,,,,,,,,,,0.041,-37.574,0.028,-18.138,-21.501,-46.914,-16.984,-62.464,18.66,-47.876,10.441,-65.803,39.703,-88.715,0.261,-99.657,-41.984,-87.798,0.363,-37.523,,"白霜らいふ",-0.074,-18.276,,"ʚEveɞ",-21.605,-47.171,,"Ѕeyeon",-17.577,-64.303,,"인생최패망자",18.452,-47.659,,"ibqrqki",10.117,-65.499,,"IbikiKai_JP",39.669,-88.703,,"カズティー",0.262,-99.657,,"sano jpn",-42.102,-87.696,85,4887.489,0.023,-38.679,,,,,,,,,,,,,,,,,,,,,,4875.922,-26.595,-95.65,,,,,,,,,,,,,,,,,,,,,,,,,4885.516,-12.115,-72.417,"",1,15.32,15.32,14.359,0,1,0.91,39.246,25.118,-3.671,86.192,0.042,4.88,0,"sano jpn",,,,9,""
133,,5,0,5,1,0,0,2,0,0,0,255,255,255,60,4900.433,"P0TA0",R,33,81,132,4.06,0.657,0.48,1.663,1.541,1.905,-36.636,60.987,92,8,0,1,"",145.038,-129.177,0.286,0,0,1,"=","=","=","=","=","=","=","=","=",4,L,"Kr_Luna",190,95.218,0.504,,105,W,Y,0,,,,,,,,,,,,,,,,,,,,,,,,,,,,,0,0,,,,,,,,,,,,,,,,,,,,,,,,,,,,,,,,,,,,,,0.01,-37.536,0.064,-18.039,-21.186,-47.299,-12.423,-65.2,19.936,-46.573,13.537,-63.836,44.193,-95.157,0.189,-107.766,-41.161,-92.608,,,,"",,,,"",,,,"",,,,"",,,,"",,,,"",,,,"",,,,"",,,,4903.908,-0.208,-37.407,,,,,,,,,,,,,,,,,,,,,,,,,,,,,,,,,,,,,,,,,,,,,,,,,,,,"",0,,,,,,,,,,,,,0,"",,,,0,""
134,,5,0,5,1,1,0,2,0,0,0,255,255,255,61,4912.193,"P0TA0",R,10,82,124,-0.099,-0.98,0.328,1.591,-0.053,1.404,-36.636,40.491,97,3,0,2,"",0,372.036,-8.995,0,0,1,"=","=","=","=","=","=","=","=","=",4,L,"Kr_Luna",190,95.218,0.504,3,105,W,Y,1,4913.069,146,125,146,78,31,,145,104,26.217,-51.813,0.026,0.667,-20.483,0.94,0,0.136,11.292,-417.615,-247.834,4913.797,60.21,-60.513,,,,,,0,0,,,,,,,,,,,,,,,,,,,,,,,,,,,,,,,,,,,,,,-0.059,-37.456,0.032,-18.016,-21.29,-47.339,-12.875,-64.946,19.831,-47.212,13.095,-64.091,43.537,-95.619,-0.162,-108.886,-44.208,-95.781,-0.064,-37.45,,"白霜らいふ",0.034,-18.052,,"ʚEveɞ",-21.186,-47.362,,"Ѕeyeon",-13.039,-65.822,,"인생최패망자",19.831,-46.998,,"ibqrqki",13.089,-64.097,,"IbikiKai_JP",43.63,-95.623,,"カズティー",-0.16,-108.886,,"sano jpn",-43.901,-95.338,,,,,,,,,,,,,,,,,,,,,,,,,,,,,,,,,,,,,,,,,,,,,,,,,,,,,,,,"",3,,,,,,,,,,,,,0,"",,,,0,""
135,,5,0,5,1,1,1,2,0,0,0,255,255,255,62,4931.276,"P0TA0",R,26,85,137,1.974,0.37,0.384,1.609,0.646,1.669,-36.636,50.519,95,5,0,4,"",144.197,-199.723,-0.562,0,0,1,"=","=","=","=","=","=","=","=","=",4,L,"Kr_Luna",190,95.218,0.504,,105,W,Y,1,,,,,,,,,,,,,,,,,,,,,,,,,,,,,0,0,,,,,,,,,,,,,,,,,,,,,,,,,,,,,,,,,,,,,,-0.062,-37.782,0.074,-18.053,-21.194,-46.743,-12.879,-65.03,19.687,-46.988,13.106,-64.195,43.434,-93.62,0.349,-108.688,-35.909,-85.878,,,,"",,,,"",,,,"",,,,"",,,,"",,,,"",,,,"",,,,"",,,,,,,,,,,,,,,,,,,,,,,,,,,,,,,,,,,,,,,,,,,,,,,,,,,,,,,,,,"",0,,,,,,,,,,,,,0,"",,,,0,""
136,,5,0,5,1,1,2,2,0,0,0,255,255,255,63,4945.943,"P0TA0",R,26,86,140,1.784,-0.356,0.412,1.517,0.606,1.216,-36.636,43.475,94,6,0,1,"",116.004,-200,-17.116,0,0,1,"=","=","=","=","=","=","=","=","=",4,L,"Kr_Luna",190,95.218,0.504,,84,W,Y,0,,,,,,,,,,,,,,,,,,,,,,,,,,,,,0,0,,,,,,,,,,,,,,,,,,,,,,,,,,,,,,,,,,,,,,0.057,-37.481,0.082,-18.083,-21.348,-47.03,-13.045,-65.159,19.973,-47.369,12.746,-64.305,43.484,-93.546,-0.035,-108.631,-35.836,-85.98,,,,"",,,,"",,,,"",,,,"",,,,"",,,,"",,,,"",,,,"",,,,,,,,,,,,,,,,,,,,,,,,,,,,,,,,,,,,,,,,,,,,,,,,,,,,,,,,,,"",0,,,,,,,,,,,,,0,"",,,,0,""
137,,5,0,5,1,2,2,2,0,0,0,255,255,255,64,4960.989,"P0TA0",R,27,84,136,2.932,0.654,0.411,1.657,1.111,1.915,-36.636,56.912,93,7,0,1,"",108.556,-120.265,-1.046,0,0,1,"=","=","=","=","=","=","=","=","=",4,L,"Kr_Luna",190,95.218,0.504,,84,W,Y,0,,,,,,,,,,,,,,,,,,,,,,,,,,,,,0,0,,,,,,,,,,,,,,,,,,,,,,,,,,,,,,,,,,,,,,-0.041,-37.716,0.108,-18.059,-21.592,-47.005,-13.037,-64.922,19.756,-47.027,12.666,-64.449,43.49,-93.621,-0.039,-108.633,-35.891,-85.889,,,,"",,,,"",,,,"",,,,"",,,,"",,,,"",,,,"",,,,"",,,,,,,,,,,,,,,,,,,,,,,,,,,,,,,,,,,,,,,,,,,,,,,,,,,,,,,,,,"",0,,,,,,,,,,,,,0,"",,,,0,""
138,,5,0,5,1,3,2,2,0,0,0,255,255,255,65,4976.25,"P0TA0",R,27,76,127,2.764,1.18,0.36,1.692,1.044,2.253,-36.636,61.044,94,6,0,1,"",97.082,-103.096,3.414,0,0,1,"=","=","=","=","=","=","=","=","=",4,L,"Kr_Luna",190,95.218,0.504,,84,W,Y,0,,,,,,,,,,,,,,,,,,,,,,,,,,,,,0,0,,4984.116,,,,,,,,,,,,,,,,,,,,,,,,,,,,,,,,,,,,-0.008,-37.663,0.051,-18.132,-21.335,-47.191,-12.753,-64.909,19.683,-47.356,12.641,-64.329,44.321,-93.426,-0.046,-108.626,-34.71,-85.787,,,,"",,,,"",,,,"",,,,"",,,,"",,,,"",,,,"",,,,"",,,,,,,,,,,,,,,,,,,,,,,,,,,,,,,,,,,,,,,,,,,,,,,,,,,,,,,,,,"",5,,,,,,,,,,,,,0,"",,,,0,""
139,,5,0,5,1,0,0,2,1,0,0,14,255,255,66,4997.992,"P0TA0",R,27,85,138,-0.582,-0.926,0.227,1.456,-0.384,0.936,-36.636,31.159,94,6,0,0,"",88.719,-128.286,1.379,0,0,2,"=","=","=","=","=","=","=","=","=",6,R,"가앤슬_",179.9,90.016,0.2,,105,W,Y,0,,,,,,,,,,,,,,,,,,,,,,,,,,,,,0,0,,,,,,,,,,,,4998.248,,,,,,,,,,,,,,,,,,,,,,,,,,-0.061,-37.655,0.057,-18.058,-19.788,-41.416,-14.927,-63.542,17.085,-47.391,9.164,-65.962,43.093,-94.514,-0.018,-108.577,-41.596,-89.464,,,,"",,,,"",,,,"",,,,"",,,,"",,,,"",,,,"",,,,"",,,,,,,,,,,,,,,,,,,,,,,,,,,,,,,,,,,,,,,,,,,,,,,,,,,,,,,,,,"",0,,,,,,,,,,,,,0,"",,,,0,""
140,,5,0,5,1,0,1,2,1,0,0,14,255,255,67,5015.104,"P0TA0",R,13,67,108,-1.949,0.063,0.235,1.64,-0.138,2.093,-36.636,31.778,90,10,0,1,"",-383.336,312.348,-50.04,0,0,2,"=","=","=","=","=","=","=","=","=",6,R,"가앤슬_",179.9,90.016,0.2,,105,W,Y,0,,,,,,,,,,,,,,,,,,,,,,,,,,,,,0,0,,,,,,,,,,,,5034.097,,,,,,,,,,,,,,,,,,,,,,,,,,-0.005,-37.572,0.046,-18.043,-20.133,-40.872,-15.036,-63.824,17.853,-46.945,9.213,-66.06,42.992,-94.366,-0.02,-108.614,-41.403,-88.992,,,,"",,,,"",,,,"",,,,"",,,,"",,,,"",,,,"",,,,"",,,,,,,,,,,,,,,,,,,,,,,,,,,,,,,,,,,,,,,,,,,,,,,,,,,,,,,,,,"",0,,,,,,,,,,,,,1,"",,,,0,""
141,,5,0,5,1,1,1,2,0,1,0,255,14,255,68,5065.613,"P0TA0",R,26,78,128,-1.678,-1.62,0.135,1.197,-0.781,0.447,-36.636,18.33,61,39,0,1,"",29.599,-200,-5.587,0,0,2,"=","=","=","=","=","=","=","=","=",6,R,"가앤슬_",179.9,90.016,0.2,,104,W,Y,0,,,,,,,,,,,,,,,,,,,,,,,,,,,,,0,0,,,,,,,,,,,,,5080.359,,,,,,,,,,,,,,,,,,,,,,,,,-0.038,-37.615,0.027,-18.027,-21.438,-46.523,-14.59,-63.937,16.365,-46.058,9.325,-65.558,41.196,-92.585,-0.024,-108.495,-44.766,-91.187,,,,"",,,,"",,,,"",,,,"",,,,"",,,,"",,,,"",,,,"",,,,,,,,,,,,,,,,,,,,,,,,,,,,,,,,,,,,,,,,,,,,,,,,,,,,,,,,,,"",0,,,,,,,,,,,,,0,"",5068.052,,,0,""
142,,5,0,5,1,2,1,2,0,1,0,255,14,255,69,5082.535,"P0TA0",R,32,64,118,-2.673,-0.789,0.218,1.532,-1.469,0.981,-36.636,47.743,95,5,0,1,"",189.166,-141.254,-53.9,0,0,2,"=","=","=","=","=","=","=","=","=",6,R,"가앤슬_",179.9,90.016,0.2,,104,W,Y,0,,,,,,,,,,,,,,,,,,,,,,,,,,,,,0,0,,,,,,,,,,,,,5099.66,,,,,,,,,,,,,,,,,,,,,,,,,-0.021,-37.634,0.038,-18.12,-21.605,-47.201,-14.547,-64.354,16.45,-46.205,9.219,-66.076,41.186,-92.596,0.18,-108.596,-42.155,-96.92,,,,"",,,,"",,,,"",,,,"",,,,"",,,,"",,,,"",,,,"",,,,,,,,,,,,,,,,,,,,,,,,,,,,,,,,,,,,,,,,,,,,,,,,,,,,,,,,,,"",0,,,,,,,,,,,,,0,"",5085.402,,,0,""
143,,5,0,5,1,3,1,2,0,1,0,255,14,255,70,5100.173,"P0TA0",R,3,63,93,-1.175,-0.349,0.441,1.454,0.431,1.435,-36.636,34.461,51,49,0,2,"",-416.768,0,-53.315,0,0,2,"=","=","=","=","=","=","=","=","=",6,R,"가앤슬_",179.9,90.016,0.2,5,104,W,Y,1,5101.446,147,50,112,100,44,,145,96,29.451,-10.585,-0.198,0.864,-20.601,1,0,0.651,538.139,190.595,77.279,,,,5104.145,7,11.41,2.663,-98.708,0,0,,5107.431,,,,,,,5105.772,,,,,,5106.72,2,,456,0,,,,,,,,,,,,,,,,,,,0.028,-37.668,0.071,-18.051,-21.239,-46.734,-14.472,-64.18,16.459,-46.201,9.314,-66.043,41.199,-92.609,0.174,-108.609,-45.111,-94.259,-0.351,-37.742,,"白霜らいふ",0.002,-18.239,,"ʚEveɞ",-21.05,-47.563,,"Ѕeyeon",-15.089,-66.599,,"인생최패망자",16.278,-45.966,,"ibqrqki",9.232,-65.783,,"IbikiKai_JP",41.141,-92.582,,"カズティー",0.18,-108.614,,"sano jpn",-45.107,-94.283,,,,,,,,,,,,,,,,,,,,,,,5106.726,11.459,-99.754,,,,,,,,,,,,,,,,,,,,,,,,,,,,,,,"",1,-4.066,-4.065,-4.569,0,2,0.05,63.039,52.733,54.794,64.082,0.065,29.223,0,"カズティー",,5105.772,,4,""
144,SIDE,5,0,5,1,0,0,2,0,1,0,255,14,255,,5109.602,,,,,,,,,,,,,,,,,,,,,,,,3,"=","=","=","=","=","=","=","=","=",,,,,,,,,,,,,,,,,,,,,,,,,,,,,,,,,,,,,,,0,0,,,,,,,,,,,,,,,,,,,,,,,,,,,,,,,,,,,,,,,,,,,,,,,,,,,,,,,,,,,,,,,,,,,,,,,,,,,,,,,,,,,,,,,,,,,,,,,,,,,,,,,,,,,,,,,,,,,,,,,,,,,,,,,,,,,,,,,,,,,,,,,,,"",0,,,,,,,,,,,,,0,"",,,,0,""
145,,6,1,5,1,0,0,0,0,0,0,255,255,255,65,5159.607,"Penguin_iDOL",R,26,90,140,2.399,-0.376,0.381,1.858,1.017,1.19,-36.493,36.912,78,22,0,1,"",12.258,-200,20.043,0,0,4,"sano jpn","ʚEveɞ","カズティー","P0TA0","인생최패망자","白霜らいふ","ibqrqki","IbikiKai_JP","Ѕeyeon",4,R,"인생최패망자",190,86,0.35,,104,W,Y,0,,,,,,,,,,,,,,,,,,,,,,,,,,,,,0,0,,,,,,,,,,,,,,,,,,,,,,,,,,,,,,,,,,,,,,0.103,-38.168,0.197,-17.25,-19.686,-47.394,-12.054,-64.325,18.465,-47.4,12.799,-65.175,38.369,-94.907,-0.344,-118.153,-45.134,-93.207,,,,"",,,,"",,,,"",,,,"",,,,"",,,,"",,,,"",,,,"",,,,,,,,,,,,,,,,,,,,,,,,,,,,,,,,,,,,,,,,,,,,,,,,,,,,,,,,,,"",0,,,,,,,,,,,,,0,"",,,,0,""
146,,6,1,5,1,1,0,0,0,0,0,255,255,255,66,5178.926,"Penguin_iDOL",R,13,88,126,-3.386,-2.276,-0.001,1.626,-0.937,0.555,-36.493,8.369,67,33,0,1,"",-349.669,357.396,14.791,-0.675,-19.704,4,"=","=","=","=","=","=","=","=","=",4,R,"인생최패망자",190,86,0.35,,104,W,Y,0,,,,,,,,,,,,,,,,,,,,,,,,,,,,,0,0,,,,,,,,,,,,,,,,,,,,,,,,,,,,,,,,,,,,,,0.025,-37.922,0.044,-17.21,-19.538,-47.399,-10.284,-65.976,18.497,-47.557,9.264,-66.461,38.345,-94.923,-0.366,-118.146,-45.311,-93.113,,,,"",,,,"",,,,"",,,,"",,,,"",,,,"",,,,"",,,,"",,,,,,,,,,,,,,,,,,,,,,,,,,,,,,,,,,,,,,,,,,,,,,,,,,,,,,,,,,"",0,,,,,,,,,,,,,0,"",,,,0,""
147,,6,1,5,1,2,0,0,0,0,0,255,255,255,67,5197.952,"Penguin_iDOL",R,26,99,140,-0.286,0.046,0.184,1.707,-0.075,1.465,-36.493,18.888,77,23,0,0,"",-46.1,-200,46.311,0,0,4,"=","=","=","=","=","=","=","=","=",4,R,"인생최패망자",190,86,0.35,,104,W,Y,0,,,,,,,,,,,,,,,,,,,,,,,,,,,,,0,0,,,,,,,,,,,,,,,,,,,,,,,,,,,,,,,,,,,,,,0.049,-37.864,0.081,-17.193,-19.535,-47.725,-9.549,-65.978,17.91,-47.055,12.562,-65.095,38.599,-94.735,-0.274,-118.144,-44.623,-93.984,,,,"",,,,"",,,,"",,,,"",,,,"",,,,"",,,,"",,,,"",,,,,,,,,,,,,,,,,,,,,,,,,,,,,,,,,,,,,,,,,,,,,,,,,,,,,,,,,,"",0,,,,,,,,,,,,,0,"",,,,0,""
148,,6,1,5,1,2,1,0,0,0,0,255,255,255,68,5239.393,"Penguin_iDOL",R,10,88,128,1.202,-1.517,0.31,1.832,0.514,1.05,-36.493,35.065,75,25,0,1,"",0,400,35.262,0.211,-18.341,4,"=","=","=","=","=","=","=","=","=",4,R,"인생최패망자",190,86,0.35,,104,W,Y,0,,,,,,,,,,,,,,,,,,,,,,,,,,,,,0,0,,,,,,,,,,,,,,,,,,,,,,,,,,,,,,,,,,,,,,0.054,-37.867,0.01,-17.104,-19.519,-48.027,-7.07,-66.191,17.102,-49.001,13.852,-64.888,38.534,-94.769,-0.419,-118.112,-41.846,-98.952,,,,"",,,,"",,,,"",,,,"",,,,"",,,,"",,,,"",,,,"",,,,,,,,,,,,,,,,,,,,,,,,,,,,,,,,,,,,,,,,,,,,,,,,,,,,,,,,,,"",0,,,,,,,,,,,,,0,"",,,,0,""
149,,6,1,5,1,3,1,0,0,0,0,255,255,255,69,5257.072,"Penguin_iDOL",R,29,89,140,0.846,0.139,0.293,1.72,0.668,1.523,-36.493,33.744,88,12,0,0,"",-230.846,-200,7.552,0,0,4,"=","=","=","=","=","=","=","=","=",4,R,"인생최패망자",190,86,0.35,,104,W,Y,0,,,,,,,,,,,,,,,,,,,,,,,,,,,,,0,0,,,,,,,,,,,,,,,,,,,,,,,,,,,,,,,,,,,,,,0.047,-38.01,0.018,-17.107,-19.493,-48.003,-11.19,-64.965,17.794,-47.715,12.449,-65.393,38.293,-94.896,-0.368,-118.106,-47.987,-91.961,,,,"",,,,"",,,,"",,,,"",,,,"",,,,"",,,,"",,,,"",,,,,,,,,,,,,,,,,,,,,,,,,,,,,,,,,,,,,,,,,,,,,,,,,,,,,,,,,,"",0,,,,,,,,,,,,,0,"",,,,0,""
150,,6,1,5,1,3,2,0,0,0,0,255,255,255,70,5275.234,"Penguin_iDOL",R,14,73,112,1.978,0.689,0.265,2.165,0.238,2.486,-36.493,57.194,70,30,0,2,"",345.818,361.123,2.939,0,0,4,"=","=","=","=","=","=","=","=","=",4,R,"인생최패망자",190,86,0.35,3,104,W,Y,1,5276.468,255,76,146,82,30,,145,87,-81.792,-53.803,0.384,1.22,-19.941,-1,0,0.303,-61.093,-563.341,161.476,5273.957,0.642,-20.127,,,,,,0,0,,,,,5281.572,,,,,,,,,,,,,,,,,,,,,,,,,,,,,,,,,-0.048,-37.837,0.022,-17.113,-19.338,-48.468,-11.015,-63.394,17.824,-47.681,12.912,-65.136,38.291,-94.914,-0.395,-118.115,-47.273,-93.188,0.207,-36.752,,"mungjungh",0.023,-17.135,,"CAT tourniquet",-19.32,-48.448,,"HANA_ARASHI",-7.495,-65.133,,"Kr_Luna",17.626,-48.853,,"Yaksok~",13.83,-66.899,,"가앤슬_",38.262,-94.91,,"k@ster",-0.332,-118.081,,"SUGUN",-47.325,-93.026,,,,,,,,,,,,,,,,,,,,,,,,,,,,,,,,,,,,,,,,,,,,,,,,,,,,,,,,"",3,,,,,,,,,,,,,0,"",,,,0,""
151,,6,1,5,1,3,2,0,0,0,0,255,255,255,71,5298.294,"Penguin_iDOL",R,26,96,140,-0.624,-0.592,0.186,1.781,-0.065,1.057,-36.493,34.146,89,11,0,2,"",-158.99,-200,5.302,0,0,4,"=","=","=","=","=","=","=","=","=",4,R,"인생최패망자",190,86,0.35,0,103,W,Y,1,5299.29,255,88,149,102,70,,145,119,23.257,3.039,-0.112,0.804,-20.538,0.14,0,0.332,91.741,249.16,102.21,5301.499,-12.002,-124.452,5301.686,7,-11.484,1.982,-121.316,0,0,,,,,,,,,,,,,,,5304.25,4,,456,0,,,,,,,,,,,,,,,,,,,0.1,-38.02,-0.003,-17.111,-19.98,-48.988,-11.057,-65.335,16.855,-48.315,12.351,-65.474,37.114,-94.273,0.402,-116.811,-47.253,-93.562,-0.048,-36.823,,"mungjungh",-0.048,-17.153,,"CAT tourniquet",-19.895,-48.897,,"HANA_ARASHI",-11.024,-65.471,100,"Kr_Luna",17.036,-48.656,,"Yaksok~",13.065,-67.142,,"가앤슬_",37.112,-94.272,,"k@ster",0.405,-116.816,88,"SUGUN",-47.221,-93.505,,5311.985,0.159,-38.276,,,,,,,5309.204,-0.924,-60.729,,,,,,,,,,5304.26,-11.463,-122.035,,,,,,,,,,,,,5310.916,-0.969,-58.968,,,,,,,,,,5306.375,-10.334,-111.184,,,,"",1,,,,,,,,,,,,,0,"k@ster",,,,208,""
152,,6,1,5,1,0,0,1,0,0,0,255,255,255,72,5331.516,"Penguin_iDOL",R,29,90,140,0.485,0.214,0.271,1.709,0.503,1.547,-36.493,24.03,86,14,0,2,"",-237.022,-200,35.35,0,0,5,"=","=","=","=","=","=","=","=","=",1,R,"白霜らいふ",179.6,80,0.653,5,103,W,Y,1,5332.6,238,230,133,110,57,,145,115,26.14,-27.669,-0.054,0.926,-20.449,0.14,0,0.555,13.105,539.655,10.021,5334.79,33.868,-112.32,5337.783,6,35.202,0.059,-124.613,1,0,,5338.694,5343.127,,,,,,,,,,,,,,,,,,,,,,,,,,,,,,,,,,,0.137,-37.885,0.042,-17.2,-19.428,-47.398,-11.024,-63.561,16.847,-48.941,10.552,-66.086,38.65,-92.567,-0.758,-114.706,-47.163,-92.289,-0.39,-37.015,,"mungjungh",0.049,-17.276,,"CAT tourniquet",-19.014,-46.898,,"HANA_ARASHI",-12.017,-62.863,104,"Kr_Luna",17.11,-48.937,54,"Yaksok~",10.016,-66.426,,"가앤슬_",38.949,-92.487,89,"k@ster",-0.749,-114.686,,"SUGUN",-47.057,-92.331,,5352.369,0.903,-38.093,,,,,,,5345.44,-4.929,-62.188,5347.414,19.208,-40.118,,,,5340.253,34.973,-124.264,,,,,,,,,,,,,,,,5346.117,-1.307,-59.301,5350.848,17.925,-39.015,,,,5341.242,29.647,-120.597,,,,,,,"",2,-25.89,-25.89,-11.09,0,2,0.024,82.73,37.885,-0.115,84.744,0.052,-39.82,0,"가앤슬_",5343.127,,,86,""
153,,6,1,5,1,0,0,1,0,1,0,255,1,255,73,5371.808,"Penguin_iDOL",R,14,81,118,3.417,-0.345,0.339,1.848,0.878,1.868,-36.493,37.011,80,20,0,1,"",359.898,347.093,13.097,0,0,6,"=","=","=","=","=","=","=","=","=",5,L,"ibqrqki",164.9,86.895,0.45,,103,W,Y,0,,,,,,,,,,,,,,,,,,,,,,,,,,,,,0,0,,,,,,,,,,,,,5387.772,,,,,,,,,,,,,,,,,,,,,,,,,0.158,-37.93,-0.014,-17.328,-20,-46.955,-9.344,-63.325,17.056,-44.492,13.614,-64.117,36.958,-93.039,-0.247,-110.504,-48.88,-93.491,,,,"",,,,"",,,,"",,,,"",,,,"",,,,"",,,,"",,,,"",,,,5376.05,0.043,-36.948,,,,,,,,,,,,,,,,,,,,,,,,,,,,,,,,,,,,,,,,,,,,,,,,,,,,"",0,,,,,,,,,,,,,0,"",5375.338,,,0,""
154,,6,1,5,1,1,0,1,0,1,0,255,1,255,74,5388.101,"Penguin_iDOL",R,26,90,140,-0.322,0.831,0.139,1.823,-0.029,1.847,-36.493,33.953,80,20,0,0,"",-86.263,-200,18.695,0,0,6,"=","=","=","=","=","=","=","=","=",5,L,"ibqrqki",164.9,86.895,0.45,,103,W,Y,0,,,,,,,,,,,,,,,,,,,,,,,,,,,,,0,0,,,,,,,,,,,,,5402.396,,,,,,,,,,,,,,,,,,,,,,,,,0.08,-37.951,-0.166,-17.301,-19.905,-48.515,-9.488,-62.489,18.219,-43.902,12.067,-62.985,36.826,-93.226,-0.214,-110.376,-48.409,-94.961,,,,"",,,,"",,,,"",,,,"",,,,"",,,,"",,,,"",,,,"",,,,5392.296,0.187,-36.935,,,,,,,,,,,,,,,,,,,,,,,,,,,,,,,,,,,,,,,,,,,,,,,,,,,,"",0,,,,,,,,,,,,,0,"",5391.077,,,0,""
155,,6,1,5,1,1,1,1,0,1,0,255,1,255,75,5407.789,"Penguin_iDOL",R,14,79,104,3.12,-1.659,0.36,1.816,0.676,1.249,-36.493,36.824,80,20,0,1,"",342.405,344.733,10.429,0,0,6,"=","=","=","=","=","=","=","=","=",5,L,"ibqrqki",164.9,86.895,0.45,,103,W,Y,0,,,,,,,,,,,,,,,,,,,,,,,,,,,,,0,0,,,,,,,,,,,,,5426.133,,,,,,,,,,,,,,,,,,,,,,,,,0.074,-37.827,-0.049,-17.285,-19.907,-48.525,-10.858,-64.228,18.321,-43.975,15.384,-62.302,38.128,-92.728,-0.22,-110.378,-48.392,-94.858,,,,"",,,,"",,,,"",,,,"",,,,"",,,,"",,,,"",,,,"",,,,5412.48,0.149,-37.385,,,,,,,,,,,,,,,,,,,,,,,,,,,,,,,,,,,,,,,,,,,,,,,,,,,,"",0,,,,,,,,,,,,,0,"",5410.24,,,0,""
156,,6,1,5,1,2,1,1,0,1,0,255,1,255,76,5427.816,"Penguin_iDOL",R,14,83,108,1.672,-1.77,0.181,1.753,0.007,1.109,-36.493,30.267,87,13,0,4,"",383.336,312.348,20.408,0.781,-18.762,6,"=","=","=","=","=","=","=","=","=",5,L,"ibqrqki",164.9,86.895,0.45,,103,W,Y,1,,,,,,,,,,,,,,,,,,,,,,,,,,,,,0,0,,,,,,,,,,,,,5468.255,,,,,,,,,,,,,,,,,,,,,,,,,-0.018,-37.689,-0.103,-17.019,-19.738,-48.83,-10.738,-63.372,18.006,-45.319,11.389,-62.171,37.528,-93.444,-0.296,-110.386,-48.303,-94.852,,,,"",,,,"",,,,"",,,,"",,,,"",,,,"",,,,"",,,,"",,,,5437.606,0.025,-37.127,,,,,,,,,,,,,,,,,,,,,,,,,,,,,,,,,,,,,,,,,,,,,,,,,,,,"",0,,,,,,,,,,,,,0,"",5432.576,,,0,""
157,,6,1,5,1,2,2,1,0,1,0,255,1,255,77,5472.188,"Penguin_iDOL",R,14,79,117,2.711,-0.57,0.35,2,0.757,1.816,-36.493,50.505,79,21,0,2,"",245.344,400,6.093,0,0,6,"=","=","=","=","=","=","=","=","=",5,L,"ibqrqki",164.9,86.895,0.45,3,35,W,Y,1,5473.332,166,60,63,51,21,,137,74,-30,-65.505,0.512,0.673,-20.123,1,0,0.128,-432.854,-104.484,-237.615,5470.859,2.691,-21.112,,,,,,0,0,,,,,,,,,,,,,5495.61,,,,,,,,,,,,,,,,,,,,,,,,,0.125,-37.928,0.117,-16.807,-19.382,-47.464,-6.33,-63.281,19.099,-45.59,15.048,-62.049,37.698,-93.292,-0.22,-110.362,-49.562,-95.091,-0.534,-37.395,,"mungjungh",0.183,-16.856,,"CAT tourniquet",-19.381,-47.447,,"HANA_ARASHI",-7.486,-62.683,,"Kr_Luna",17.53,-44.013,,"Yaksok~",16.083,-63.397,,"가앤슬_",37.692,-93.3,,"k@ster",-0.219,-110.363,,"SUGUN",-49.51,-95.234,,,,,,,,,,,,,,,,,,,,,,,,,,,,,,,,,,,,,,,,,,,,,,,,,,,,,,,,"",3,,,,,,,,,,,,,0,"",5476.749,,,0,""
158,,6,1,5,1,2,2,1,0,1,0,255,1,255,78,5495.904,"Penguin_iDOL",R,26,92,140,0.117,0.069,0.192,1.72,0.203,1.432,-36.493,34.996,80,20,0,0,"",-118.437,-200,20.074,0,0,6,"=","=","=","=","=","=","=","=","=",5,L,"ibqrqki",164.9,86.895,0.45,,35,W,Y,0,,,,,,,,,,,,,,,,,,,,,,,,,,,,,0,0,,,,,,,,,,,,,5518.437,,5498.581,6,,578,0,,,,,,,,,,,,,,,,,,,0.01,-37.83,-0.014,-16.98,-19.617,-47.865,-9.793,-63.387,19.79,-46.093,14.479,-61.586,39.502,-93.17,0.107,-112.483,-49.224,-95.761,,,,"",,,,"",,,,"",,,,"",,,,"",,,,"",,,,"",,,,"",,,,,,,,,,,,,,,,,,,,,,,,,,,,,,,,,,,,,,,,,,,,,,,,,,,,,,,,,,"",0,,,,,,,,,,,,,0,"",5499.485,,,0,""
159,,6,1,5,1,0,0,2,0,1,0,255,1,255,79,5521.566,"Penguin_iDOL",R,26,92,140,-0.327,-0.295,0.2,1.656,-0.001,1.249,-36.493,23.311,83,17,0,0,"",-110.374,-188.824,17.582,0,0,7,"=","=","=","=","=","=","=","=","=",6,L,"IbikiKai_JP",166.4,85.479,0.4,,36,W,Y,0,,,,,,,,,,,,,,,,,,,,,,,,,,,,,0,0,,,,,,,,,,,,,,,,,,,,,,,,,,,,,,,,,,,,,,0.032,-37.773,-0.001,-17.279,-19.684,-47.984,-9.924,-63.356,20.253,-46.475,14.743,-64.244,39.265,-93.253,-0.079,-112.953,-49.218,-95.753,,,,"",,,,"",,,,"",,,,"",,,,"",,,,"",,,,"",,,,"",,,,,,,,,,,,,,,,,,,,,,,,,,,,,,,,,,,,,,,,,,,,,,,,,,,,,,,,,,"",0,,,,,,,,,,,,,0,"",5524.118,,,0,""
160,,6,1,5,1,0,1,2,0,1,0,255,1,255,80,5546.952,"Penguin_iDOL",R,14,81,106,2.523,-1.204,0.305,1.924,0.445,1.489,-36.493,41.533,83,17,0,1,"",336.298,358.06,5.232,0,0,7,"=","=","=","=","=","=","=","=","=",6,L,"IbikiKai_JP",166.4,85.479,0.4,,36,W,Y,0,,,,,,,,,,,,,,,,,,,,,,,,,,,,,0,0,,,,,,,,,,,,,5546.967,,,,,,,,,,,,,,,,,,,,,,,,,0.036,-37.77,0.655,-16.992,-19.685,-47.62,-9.974,-63.579,19.629,-44.447,15.753,-63.551,39.225,-93.275,-0.077,-112.982,-42.208,-97.111,,,,"",,,,"",,,,"",,,,"",,,,"",,,,"",,,,"",,,,"",,,,,,,,,,,,,,,,,,,,,,,,,,,,,,,,,,,,,,,,,,,,,,,,,,,,,,,,,,"",0,,,,,,,,,,,,,0,"",5550.327,,,0,""
161,,6,1,5,1,1,1,2,0,1,0,255,1,255,81,5564.931,"Penguin_iDOL",R,26,81,132,-1.428,-0.856,0.085,1.767,-0.36,0.906,-36.493,31.272,86,14,0,0,"",-184.264,-200,20.417,0,0,7,"=","=","=","=","=","=","=","=","=",6,L,"IbikiKai_JP",166.4,85.479,0.4,,36,W,Y,1,,,,,,,,,,,,,,,,,,,,,,,,,,,,,0,0,,,,,,,,,,,,,5580.642,,,,,,,,,,,,,,,,,,,,,,,,,0.065,-38.007,0.012,-17.061,-19.678,-47.77,-10.18,-64.056,20.02,-43.966,15.183,-63.936,39.442,-93.124,0.608,-113.003,-42.428,-96.878,,,,"",,,,"",,,,"",,,,"",,,,"",,,,"",,,,"",,,,"",,,,,,,,,,,,,,,,,,,,,,,,,,,,,,,,,,,,,,,,,,,,,,,,,,,,,,,,,,"",0,,,,,,,,,,,,,0,"",5567.894,,,0,""
162,,6,1,5,1,1,2,2,0,1,0,255,1,255,82,5581.844,"Penguin_iDOL",R,10,81,109,0.141,-1.933,0.24,1.807,0.055,1.147,-36.493,34.692,71,29,0,2,"",0,400,32.376,0,0,7,"=","=","=","=","=","=","=","=","=",6,L,"IbikiKai_JP",166.4,85.479,0.4,3,36,W,Y,1,5582.961,255,115,44,70,60,,133,82,-7.912,-31.971,0.039,0.497,-21.372,-0.43,0,0.774,63.876,146.367,-23.676,5580.478,1.731,-24.092,5582.04,4,13.988,0.056,-42.283,0,0,,5587.84,,,,,,,5587.969,,,,,,5587.48,7,,147,2,,,,,,,,,,,,,,,,,,,0.064,-37.867,0.023,-17.079,-19.657,-47.727,-8.848,-64.399,19.446,-46.472,11.555,-65.674,39.46,-93.115,0.539,-112.977,-45.473,-94.102,-0.252,-36.756,,"mungjungh",-0.005,-17.148,,"CAT tourniquet",-19.651,-47.714,89,"HANA_ARASHI",-6.439,-64.21,,"Kr_Luna",16.87,-47.988,88,"Yaksok~",12.556,-67.784,,"가앤슬_",39.315,-93.231,,"k@ster",0.475,-112.955,,"SUGUN",-45.445,-94.085,,,,,,,,5586.882,-17.946,-40.517,,,,5584.591,14.887,-43.499,,,,,,,,,,,,,,,,,,,5590.091,-18.167,-38.885,,,,5585.294,11.38,-43.29,,,,,,,,,,,,,"",2,,,,,,,,,,,,,0,"Kr_Luna",,5587.969,,34,""
163,SIDE,6,1,5,1,0,0,2,0,0,1,255,255,1,,5590.363,,,,,,,,,,,,,,,,,,,,,,,,8,"=","=","=","=","=","=","=","=","=",,,,,,,,,,,,,,,,,,,,,,,,,,,,,,,,,,,,,,,0,0,,,,,,,,,,,,,,,,,,,,,,,,,,,,,,,,,,,,,,,,,,,,,,,,,,,,,,,,,,,,,,,,,,,,,,,,,,,,,,,,,,,,,,,,,,,,,,,,,,,,,,,,,,,,,,,,,,,,,,,,,,,,,,,,,,,,,,,,,,,,,,,,,"",0,,,,,,,,,,,,,0,"",,,,0,""
164,,6,0,5,1,0,0,0,0,0,0,255,255,255,71,5633.537,"P0TA0",R,13,62,92,-2.393,-0.191,0.199,1.714,-0.322,2.008,-36.636,24.529,92,8,0,1,"",-326.545,312.348,-59.511,0,0,3,"SUGUN","Kr_Luna","가앤슬_","mungjungh","Penguin_iDOL","CAT tourniquet","HANA_ARASHI","k@ster","Yaksok~",1,R,"mungjungh",190,89.696,0.403,,102,W,Y,0,,,,,,,,,,,,,,,,,,,,,,,,,,,,,0,0,,,,,,,,,,,,,,,,,,,,,,,,,,,,,,,,,,,,,,-0.075,-37.588,0.014,-18.164,-21.786,-48.231,-16.843,-62.04,18.291,-46.469,11.317,-65.285,35.694,-93.128,-0.181,-112.422,-42.353,-91.611,,,,"",,,,"",,,,"",,,,"",,,,"",,,,"",,,,"",,,,"",,,,,,,,,,,,,,,,,,,,,,,,,,,,,,,,,,,,,,,,,,,,,,,,,,,,,,,,,,"",0,,,,,,,,,,,,,0,"",,,,0,""
165,,6,0,5,1,1,0,0,0,0,0,255,255,255,72,5647.057,"P0TA0",R,26,53,109,-1.412,1.029,0.113,1.672,-0.883,2.049,-36.636,18.47,96,4,0,2,"",149.156,-200,-55.242,0,0,3,"=","=","=","=","=","=","=","=","=",1,R,"mungjungh",190,89.696,0.403,5,102,W,Y,1,5648.211,138,26,133,73,29,,143,121,29.134,51.177,-0.26,1.386,-19.91,0.77,0,0.278,198.493,25.287,-98.212,5650.984,-84.737,-86.531,,,,,,0,0,,,,,,,,,,,,,,,,,,,,,,,,,,,,,,,,,,,,,,-0.095,-37.464,0.021,-18.113,-21.759,-47.514,-17.015,-62.537,18.134,-47.325,10.879,-65.407,35.639,-93.086,-0.256,-112.421,-44.616,-93.904,0.127,-37.281,,"白霜らいふ",-0.074,-18.172,,"ʚEveɞ",-21.857,-47.949,,"Ѕeyeon",-17.693,-64.324,,"인생최패망자",17.868,-46.991,,"ibqrqki",10.737,-65.302,,"IbikiKai_JP",35.638,-93.089,,"カズティー",-0.255,-112.415,,"sano jpn",-44.61,-93.919,,,,,,,,,,,,,,,,,,,,,,,,,,,,,,,,,,,,,,,,,,,,,,,,,,,,,,,,"",3,51.206,51.206,20.114,0,0,1,52.851,52.851,71.54,52.851,0,54.317,0,"",,,,0,""
166,,6,0,5,1,1,1,0,0,0,0,255,255,255,73,5667.264,"P0TA0",R,27,84,136,-1.202,-1.388,0.19,1.3,-0.602,0.627,-36.636,22.559,57,43,0,1,"",51.162,-129.365,-4.113,0,0,3,"=","=","=","=","=","=","=","=","=",1,R,"mungjungh",190,89.696,0.403,,102,W,Y,0,,,,,,,,,,,,,,,,,,,,,,,,,,,,,0,0,,,,,,,,,,,,,,,,,,,,,,,,,,,,,,,,,,,,,,-0.075,-37.713,-0.009,-18.103,-21.631,-47.254,-17.285,-62.568,17.944,-47.175,11.41,-65.186,37.038,-93.873,-0.133,-111.335,-42.199,-93.692,,,,"",,,,"",,,,"",,,,"",,,,"",,,,"",,,,"",,,,"",,,,,,,,,,,,,,,,,,,,,,,,,,,,,,,,,,,,,,,,,,,,,,,,,,,,,,,,,,"",0,,,,,,,,,,,,,0,"",,,,0,""
167,,6,0,5,1,2,1,0,0,0,0,255,255,255,74,5682.183,"P0TA0",R,27,80,131,-1.334,-0.769,0.189,1.421,-0.664,1.01,-36.636,27.762,57,43,0,0,"",51.684,-127.881,-6.784,0,0,3,"=","=","=","=","=","=","=","=","=",1,R,"mungjungh",190,89.696,0.403,,102,W,Y,0,,,,,,,,,,,,,,,,,,,,,,,,,,,,,0,0,,,,,,,,,,,,,,,,,,,,,,,,,,,,,,,,,,,,,,-0.089,-37.756,0.01,-18.101,-21.802,-47.095,-17.255,-62.466,18.11,-47.404,11.503,-65.31,37.095,-93.873,-0.039,-111.351,-42.692,-93.514,,,,"",,,,"",,,,"",,,,"",,,,"",,,,"",,,,"",,,,"",,,,,,,,,,,,,,,,,,,,,,,,,,,,,,,,,,,,,,,,,,,,,,,,,,,,,,,,,,"",0,,,,,,,,,,,,,0,"",,,,0,""
168,,6,0,5,1,2,2,0,0,0,0,255,255,255,75,5695.091,"P0TA0",R,13,60,91,-1.934,-0.538,0.254,1.654,-0.151,1.879,-36.636,26.221,95,5,0,2,"",-296.89,348.147,-53.74,0,0,3,"=","=","=","=","=","=","=","=","=",1,R,"mungjungh",190,89.696,0.403,3,102,W,Y,1,5696.349,168,92,69,63,27,,139,83,-30,57.223,-0.41,0.716,-19.911,1,0,0.454,133.533,130.576,68.541,5693.853,-2.129,-21.016,,,,,,0,0,,,,,,,,,,,,,,,,,,,,,,,,,,,,,,,,,,,,,,-0.086,-37.562,-0.004,-18.109,-21.459,-46.918,-17.269,-62.596,18.129,-47.417,10.318,-65.56,36.99,-93.898,-0.036,-111.347,-44.01,-93.366,-0.465,-37.574,,"白霜らいふ",-0.07,-18.187,,"ʚEveɞ",-21.637,-47.756,,"Ѕeyeon",-17.908,-64.179,,"인생최패망자",17.949,-47.204,,"ibqrqki",9.769,-64.985,,"IbikiKai_JP",36.963,-93.896,,"カズティー",-0.03,-111.332,,"sano jpn",-44.078,-93.322,,,,,,,,,,,,,,,,,,,,,,,,,,,,,,,,,,,,,,,,,,,,,,,,,,,,,,,,"",3,,,,,,,,,,,,,0,"",,,,0,""
169,,6,0,5,1,2,2,0,0,0,0,255,255,255,76,5714.347,"P0TA0",R,13,63,93,-2.979,-0.653,0.139,1.612,-0.66,1.761,-36.636,40.785,99,1,0,4,"",-299.639,352.693,-63.227,0,0,3,"=","=","=","=","=","=","=","=","=",1,R,"mungjungh",190,89.696,0.403,,102,W,Y,1,,,,,,,,,,,,,,,,,,,,,,,,,,,,,0,8,,,,,,,,,,,,,,,5717.146,3,,578,0,,,,,,,,,,,,,,,,,,,-0.096,-37.755,0.017,-18.059,-21.69,-47.566,-17.151,-62.452,17.437,-46.671,9.979,-66.039,36.248,-92.83,-0.034,-111.351,-45.209,-92.838,,,,"",,,,"",,,,"",,,,"",,,,"",,,,"",,,,"",,,,"",,,,,,,,,,,,,,,,,,,,,,,,,,,,,,,,,,,,,,,,,,,,,,,,,,,,,,,,,,"",0,,,,,,,,,,,,,0,"",,,,0,""
170,,6,0,5,1,0,0,1,0,0,0,255,255,255,0,5839.898,"인생최패망자",R,32,92,140,4.55,-0.731,0.929,1.399,0.602,1.809,-36.74,66.282,5,95,0,2,"",179.526,-41.03,1.764,0,0,4,"=","=","=","=","=","=","=","=","=",0,R,"Penguin_iDOL",190,85,0.3,0,101,W,Y,1,5841.025,178,53,62,64,36,,138,89,34.329,31.333,0.36,1.133,-19.826,-0.91,0,0.235,275.809,-244.691,-361.346,,,,5843.401,8,-33.105,2.314,-82.798,0,0,,5847.032,,,,,,,,,,,,,5846.035,4,,457,0,,,,,,,,,,,,,,,,,,,0.173,-37.192,0.024,-18.116,-21.753,-48.014,-16.858,-62.618,19.575,-46.213,10.123,-65.471,38.79,-95.137,0.223,-111.18,-47.613,-95.971,0.567,-36.854,,"白霜らいふ",0.034,-18.156,,"ʚEveɞ",-21.761,-47.986,,"Ѕeyeon",-17.42,-64.313,,"P0TA0",19.205,-46.48,,"ibqrqki",9.948,-65.266,,"IbikiKai_JP",38.768,-95.127,,"カズティー",0.223,-111.165,,"sano jpn",-47.597,-95.971,69,5854.662,-0.414,-39.656,,,,,,,,,,,,,,,,,,,,,,5846.042,-33.417,-83.184,,,,,,,,,,,,,,,,,,,,,,,,,5852.161,-22.391,-67.953,"",1,,,,,,,,,,,,,0,"sano jpn",,,,17,""
171,,6,0,5,1,0,0,2,0,0,0,255,255,255,1,5867.797,"인생최패망자",R,33,97,140,-2.02,0.848,0.666,1.49,-1.087,2.102,-36.74,31.562,3,97,0,4,"",133.359,-57.029,15.706,0,0,5,"=","=","=","=","=","=","=","=","=",2,L,"CAT tourniquet",190,80,0.547,,100,W,Y,1,,,,,,,,,,,,,,,,,,,,,,,,,,,,,0,0,,,,,,,,,,,,,,,,,,,,,,,,,,,,,,,,,,,,,,0.191,-37.859,0.01,-18.355,-21.615,-48.371,-13.046,-64.928,20.517,-46.513,12.656,-65.233,41.678,-91.21,0.733,-106.264,-39.692,-95.017,,,,"",,,,"",,,,"",,,,"",,,,"",,,,"",,,,"",,,,"",,,,5871.533,0.033,-37.318,,,,,,,,,,,,,,,,,,,,,,,,,,,,,,,,,,,,,,,,,,,,,,,,,,,,"",0,,,,,,,,,,,,,0,"",,,,0,""
172,,6,0,5,1,0,1,2,0,0,0,255,255,255,2,5882.573,"인생최패망자",R,13,81,106,0.629,-1.9,1.137,1.067,0.951,0.914,-36.74,80.339,7,53,40,1,"",-358.049,334.579,-7.19,-0.059,-18.731,5,"=","=","=","=","=","=","=","=","=",2,L,"CAT tourniquet",190,80,0.547,,100,W,Y,0,,,,,,,,,,,,,,,,,,,,,,,,,,,,,0,0,,,,,,,,,,,,,,,,,,,,,,,,,,,,,,,,,,,,,,0.388,-37.425,0.037,-18.35,-21.762,-48.544,-13.069,-65.054,20.516,-46.549,12.505,-64.708,41.672,-91.184,0.037,-106.709,-40.377,-94.347,,,,"",,,,"",,,,"",,,,"",,,,"",,,,"",,,,"",,,,"",,,,5886.164,0.386,-37.418,,,,,,,,,,,,,,,,,,,,,,,,,,,,,,,,,,,,,,,,,,,,,,,,,,,,"",0,,,,,,,,,,,,,0,"",,,,0,""
173,,6,0,5,1,1,1,2,0,0,0,255,255,255,3,5896.701,"인생최패망자",R,3,88,113,-1.007,0.532,0.988,1.493,0.274,1.961,-36.74,57.007,3,97,0,2,"",-406.423,0,12.558,0,0,5,"=","=","=","=","=","=","=","=","=",2,L,"CAT tourniquet",190,80,0.547,0,100,W,Y,1,5897.818,134,82,85,153,80,,139,133,26.187,25.192,-0.152,1.242,-20.747,0.57,0,0.216,-30.135,16.401,30.851,5902.568,-57.671,-141.48,,,,,,0,0,,5904.22,5909.133,5914.53,5920.752,,,,,,,,,,,,,,,,,,,,,,,,,,,,,,,,,0.299,-37.426,0.051,-18.339,-22.027,-48.67,-13.131,-65.153,20.471,-46.606,12.572,-64.648,41.687,-91.243,0.034,-106.698,-40.57,-94.197,0.257,-36.867,,"白霜らいふ",0.051,-18.348,,"ʚEveɞ",-21.844,-48.585,,"Ѕeyeon",-13.558,-66.717,,"P0TA0",20.515,-46.681,,"ibqrqki",12.293,-64.404,,"IbikiKai_JP",41.673,-91.211,,"カズティー",0.035,-106.695,,"sano jpn",-40.575,-94.195,,,,,,,,,,,,,,,,,,,,,,,,,,,,,,,,,,,,,,,,,,,,,,,,,,,,,,,,"",4,,,,,,,,,,,,,0,"",5909.133,5914.53,,0,""
174,,6,0,5,2,0,0,2,0,0,0,255,255,255,4,5940.679,"인생최패망자",R,32,91,140,1.538,0.305,0.886,1.378,0.402,1.752,-36.74,58.073,6,94,0,2,"BH-|BA-",173.287,-36.239,4.996,0,0,6,"=","=","=","=","=","=","=","=","=",3,R,"HANA_ARASHI",171.7,86,0.25,5,100,W,Y,1,5941.735,144,100,77,42,17,,137,97,27.21,36.016,0.261,0.972,-19.472,0.93,0,0.477,105.297,142.032,-415.772,,,,5944.096,8,-47.306,2.442,-82.873,0,0,,5947.167,,,,,,,,,,,,,5946.68,6,,457,0,,,,,,,,,,,,,,,,,,,0.207,-37.659,-0.008,-18.39,-21.584,-46.385,-16.347,-62.743,20.429,-46.861,9.449,-64.77,40.996,-92.736,0.225,-109.742,-45.329,-93.941,0.422,-36.842,,"白霜らいふ",-0.003,-18.406,,"ʚEveɞ",-21.87,-46.832,,"Ѕeyeon",-17.053,-64.905,,"P0TA0",20.047,-46.931,,"ibqrqki",9.489,-64.765,,"IbikiKai_JP",39.331,-93.464,,"カズティー",0.224,-109.737,,"sano jpn",-45.319,-93.985,,,,,,,,,,,,,,,,,,,,,,,,,,5946.686,-47.673,-83.305,,,,,,,,,,,,,,,,,,,,,,,,,,,,"",1,37.502,37.502,11.21,0,2,0.131,85.889,45.57,7.57,88.094,0.039,157.207,0,"sano jpn",,,,1,""
175,SIDE,6,0,5,2,0,0,2,0,0,0,255,255,255,,5949.226,,,,,,,,,,,,,,,,,,,,,,,,7,"=","=","=","=","=","=","=","=","=",,,,,,,,,,,,,,,,,,,,,,,,,,,,,,,,,,,,,,,0,0,,,,,,,,,,,,,,,,,,,,,,,,,,,,,,,,,,,,,,,,,,,,,,,,,,,,,,,,,,,,,,,,,,,,,,,,,,,,,,,,,,,,,,,,,,,,,,,,,,,,,,,,,,,,,,,,,,,,,,,,,,,,,,,,,,,,,,,,,,,,,,,,,"",0,,,,,,,,,,,,,0,"",,,,0,""
176,,7,1,5,2,0,0,0,0,0,0,255,255,255,83,6027.123,"Penguin_iDOL",R,26,90,140,0.845,1.518,0.274,1.938,0.401,2.263,-36.493,43.397,78,22,0,4,"",-31.703,-200,23.043,0,0,8,"sano jpn","ʚEveɞ","カズティー","P0TA0","인생최패망자","白霜らいふ","ibqrqki","IbikiKai_JP","Ѕeyeon",3,R,"Ѕeyeon",171.2,80,0.4,,100,W,Y,1,,,,,,,,,,,,,,,,,,,,,,,,,,,,,0,0,,,,,,,,,,,,,,,,,,,,,,,,,,,,,,,,,,,,,,0.137,-38.094,0.016,-17.118,-19.906,-47.714,-13.23,-64.496,18.036,-46.928,8.681,-66.333,39.714,-96.631,-0.29,-113.929,-45.988,-90.373,,,,"",,,,"",,,,"",,,,"",,,,"",,,,"",,,,"",,,,"",,,,,,,,,,,,,,,,,,,,,,,,,,,,,,,,,,,,,,,,,,,,,,,,,,,,,,,,,,"",0,,,,,,,,,,,,,0,"",,,,0,""
177,,7,1,5,2,0,1,0,0,0,0,255,255,255,84,6042.522,"Penguin_iDOL",R,10,86,128,2.56,1.926,0.3,1.746,0.597,1.462,-36.493,28.613,71,29,0,2,"",0,400,27.336,0,0,8,"=","=","=","=","=","=","=","=","=",3,R,"Ѕeyeon",171.2,80,0.4,0,100,W,Y,1,6043.456,232,153,129,96,3,,145,98,-30,-52.547,0.194,0.282,-20.055,0.98,0,0.472,-550.941,54.2,15.637,6040.853,0.697,-20.44,,,,,,0,0,,,,,6048.142,,,,,,,,,,,,,,,,,,,,,,,,,,,,,,,,,0.121,-38.201,0.01,-17.114,-19.527,-47.332,-12.329,-64.634,18.14,-48.607,13.667,-64.834,39.931,-96.544,-0.272,-113.962,-46.013,-91.598,-0.236,-37.043,,"mungjungh",0.06,-17.154,,"CAT tourniquet",-19.487,-47.327,,"crani",-12.11,-64.668,,"Kr_Luna",18.12,-48.64,,"Yaksok~",14.054,-65.711,,"가앤슬_",39.919,-96.547,,"k@ster",-0.201,-113.967,,"SUGUN",-45.954,-91.568,,,,,,,,,,,,,,,,,,,,,,,,,,,,,,,,,,,,,,,,,,,,,,,,,,,,,,,,"",3,,,,,,,,,,,,,0,"",,,,0,""
178,,7,1,5,2,0,2,0,0,0,0,255,255,255,85,6064.623,"Penguin_iDOL",R,26,90,140,0.597,-0.396,0.252,1.656,0.41,1.182,-36.493,21.137,80,20,0,0,"",-125.025,-200,35.817,0,0,8,"=","=","=","=","=","=","=","=","=",3,R,"Ѕeyeon",171.2,80,0.4,,100,W,Y,0,,,,,,,,,,,,,,,,,,,,,,,,,,,,,0,0,,,,,,,,,,,,,,,6067.172,8,,578,0,,,,,,,,,,,,,,,,,,,0.086,-37.859,0.114,-17.168,-19.568,-47.642,-13.371,-64.692,18.465,-47.446,7.211,-66.906,40.821,-96.415,0.318,-114.71,-44.955,-92.206,,,,"",,,,"",,,,"",,,,"",,,,"",,,,"",,,,"",,,,"",,,,,,,,,,,,,,,,,,,,,,,,,,,,,,,,,,,,,,,,,,,,,,,,,,,,,,,,,,"",0,,,,,,,,,,,,,0,"",,,,0,""
179,,7,1,5,2,0,0,1,0,0,0,255,255,255,86,6090.333,"Penguin_iDOL",R,10,79,119,0.571,0.601,0.274,2.111,0.241,2.437,-36.493,57.105,79,21,0,0,"",0,400,2.018,0,0,0,"=","=","=","=","=","=","=","=","=",8,R,"sano jpn",169.8,92.118,0.561,,67,W,Y,0,,,,,,,,,,,,,,,,,,,,,,,,,,,,,0,0,,,,,,,,,,,,,,,,,,,,,,,,,,,,,,,,,,,,,,0.078,-37.958,0.116,-17.173,-19.611,-47.701,-13.936,-63.382,17.456,-52.254,3.98,-68.062,37.91,-100.861,-0.414,-114.933,-49.587,-95.301,,,,"",,,,"",,,,"",,,,"",,,,"",,,,"",,,,"",,,,"",,,,,,,,,,,,,,,,,,,,,,,,,,,,,,,,,,,,,,,,,,,,,,,,,,,,,,,,,,"",0,,,,,,,,,,,,,0,"",,,,0,""
180,,7,1,5,2,0,1,1,0,0,0,255,255,255,87,6109.883,"Penguin_iDOL",R,0,75,126,4.031,1.022,0.562,1.914,1.702,2.223,-36.493,69.009,62,38,0,3,"",0,0,5.082,0.495,-21.222,0,"=","=","=","=","=","=","=","=","=",8,R,"sano jpn",169.8,92.118,0.561,,67,W,Y,0,,,,,,,,,,,,,,,,,,,,,,,,,,,,,0,0,,,,,,,,,,,,,,,,,,,,,,,,,,,,,,,,,,,,,,0.013,-37.833,0.07,-17.204,-19.567,-47.729,-13.834,-63.582,18.603,-50.366,9.384,-66.293,38.068,-100.878,-0.398,-114.901,-49.494,-95.515,,,,"",,,,"",,,,"",,,,"",,,,"",,,,"",,,,"",,,,"",,,,,,,,,,,,,,,,,,,,,,,,,,,,,,,,,,,,,,,,,,,,,,,,,,,,,,,,,,"",6,,,,,,,,,,,,,0,"",,,,0,""
181,,7,1,5,2,0,0,1,1,0,0,8,255,255,90,6141.661,"Penguin_iDOL",R,26,77,127,-0.937,-0.237,0.136,1.614,-0.13,1.268,-36.493,30.476,94,6,0,0,"",-186.982,-200,15.961,0,0,1,"=","=","=","=","=","=","=","=","=",2,L,"ʚEveɞ",190,80,0.402,,99,W,Y,1,,,,,,,,,,,,,,,,,,,,,,,,,,,,,0,0,,,,,,,,,,,,6159.431,,,,,,,,,,,,,,,,,,,,,,,,,,0.091,-37.955,0.02,-17.136,-19.178,-44.544,-4.808,-65.654,19.136,-49.377,11.724,-62.109,41.203,-94.283,-0.135,-120.508,-44.118,-105.681,,,,"",,,,"",,,,"",,,,"",,,,"",,,,"",,,,"",,,,"",,,,,,,,,,,,,,,,,,,,,,,,,,,,,,,,,,,,,,,,,,,,,,,,,,,,,,,,,,"",0,,,,,,,,,,,,,0,"",,,,0,""
182,,7,1,5,2,0,1,1,1,0,0,8,255,255,91,6160.966,"Penguin_iDOL",R,14,83,121,2.95,-0.559,0.299,1.797,0.713,1.653,-36.493,32.634,80,20,0,1,"",349.224,357.831,13.671,0,0,1,"=","=","=","=","=","=","=","=","=",2,L,"ʚEveɞ",190,80,0.402,,99,W,Y,0,,,,,,,,,,,,,,,,,,,,,,,,,,,,,0,0,,,,,,,,,,,,6172.003,,,,,,,,,,,,,,,,,,,,,,,,,,0.141,-37.933,0.15,-16.97,-19.524,-44.583,-4.992,-65.277,18.2,-49.389,13.217,-64.436,41.424,-94.108,0.461,-120.605,-44.134,-105.714,,,,"",,,,"",,,,"",,,,"",,,,"",,,,"",,,,"",,,,"",,,,,,,,,,,,,,,,,,,,,,,,,,,,,,,,,,,,,,,,,,,,,,,,,,,,,,,,,,"",0,,,,,,,,,,,,,0,"",,,,0,""
183,,7,1,5,2,1,1,1,1,0,0,8,255,255,92,6178.463,"Penguin_iDOL",R,29,85,138,-2.538,0.603,0.033,1.814,-0.778,1.811,-36.493,29.587,87,13,0,2,"BE+",-242.074,-200,20.657,0,0,1,"=","=","=","=","=","=","=","=","=",2,L,"ʚEveɞ",190,80,0.402,5,99,W,Y,1,6179.379,175,85,77,45,18,,138,85,-42.748,14.433,-0.369,1.334,-20.716,-1,0,0.222,461.815,-6.299,300.851,6176.859,-0.704,-22.029,6179.29,2,-13.116,0.917,-41.824,1,0,,6184.571,6192.214,,,6184.327,,,,,,,,,6184.48,0,1,164,32,,,,,,,,,,,,,6193.572,5,,,,,-0.07,-37.745,-0.054,-16.951,-19.358,-41.383,-4.808,-65.361,19.805,-48.568,14.453,-64.151,41.251,-94.306,0.424,-120.615,-44.039,-105.68,-0.404,-37.017,,"mungjungh",-0.129,-17,,"CAT tourniquet",-18.708,-43.016,87,"crani",-4.805,-65.365,85,"Kr_Luna",19.759,-48.676,,"Yaksok~",15.622,-65.805,85,"가앤슬_",41.253,-94.321,,"k@ster",0.429,-120.616,,"SUGUN",-44.028,-105.639,,6196.505,0.352,-38.538,,,,6181.803,-13.281,-42.467,6183.84,-0.802,-58.86,,,,6192.604,2.202,-60.708,,,,,,,,,,,,,,,,6182.699,-12.679,-44.022,6184.775,-1.281,-58.253,,,,6195.485,2.178,-55.014,,,,,,,,,,"2:+1",2,16.981,16.981,-9.074,0,0,1,-42.748,-42.748,-44.557,-42.748,0,28.316,0,"CAT tourniquet",6184.327,,,368,""
184,,7,1,5,2,0,0,2,0,1,0,255,2,255,93,6217.656,"Penguin_iDOL",R,14,81,118,2.402,-0.718,0.251,2,0.37,1.661,-36.493,40.025,82,18,0,2,"",361.371,345.559,5.552,0,0,2,"=","=","=","=","=","=","=","=","=",7,R,"カズティー",175.4,84.645,0.33,5,99,W,Y,1,6218.736,166,234,130,76,85,0.169,145,129,8.086,28.572,0.514,0.679,-20.834,0.51,0,0.888,-200.606,-296.539,19.286,6218.124,-27.18,-76.48,6219.471,8,-35.546,0.059,-96.447,1,0,,6224.379,,,,,,,6224.68,,,,,,,,,,,,,,,,,,,,,,,,,,,,,0.126,-37.786,0.072,-17.016,-19.418,-47.567,-13.755,-64.409,20.437,-47.54,12.67,-64.743,35.905,-89.255,-0.154,-111.192,-49.598,-95.698,0.076,-37.09,,"mungjungh",0.091,-17.145,,"CAT tourniquet",-19.419,-47.548,,"crani",-13.754,-64.386,,"Kr_Luna",19.504,-47.868,,"Yaksok~",13.657,-66.638,86,"가앤슬_",35.937,-89.21,,"k@ster",-0.159,-111.184,,"SUGUN",-49.641,-95.683,119,6230.103,0.328,-38.763,,,,,,,,,,,,,6224.678,-1.719,-60.648,,,,,,,6222.031,-36.827,-95.873,,,,,,,,,,,,,,,,6229.045,0.242,-56.169,,,,,,,6222.827,-33.473,-92.047,"",2,26.547,26.547,-9.844,0,0,1,8.086,8.086,7.692,8.086,0,44.943,0,"SUGUN",,6224.68,,273,""
185,,7,1,5,2,0,0,2,1,0,1,7,255,2,94,6249.795,"Penguin_iDOL",R,26,89,140,0.247,-0.912,0.216,1.702,0.281,0.855,-36.493,26.978,80,20,0,0,"",-137.689,-200,24.09,0,0,3,"=","=","=","=","=","=","=","=","=",4,R,"P0TA0",190,96.215,0.525,,99,W,Y,1,,,,,,,,,,,,,,,,,,,,,,,,,,,,,0,0,,,,,,,,,,,,6263.881,,,,,,,,,,,,,,,,,,,,,,,,,,0.064,-37.862,0.131,-17.101,-19.311,-47.612,-13.557,-63.979,19.726,-42.506,9.222,-66.438,34.658,-94.312,-0.426,-119.73,-47.724,-96.448,,,,"",,,,"",,,,"",,,,"",,,,"",,,,"",,,,"",,,,"",,,,6254.072,0.033,-37.088,,,,,,,,,,,,,,,,,,,,,,,,,,,,,,,,,,,,,,,,,,,,,,,,,,,,"",0,,,,,,,,,,,,,0,"",,6252.273,,0,""
186,,7,1,5,2,0,1,2,1,0,1,7,255,2,95,6267.003,"Penguin_iDOL",R,13,68,97,-2.642,-1.647,0.052,1.715,-0.458,1.113,-36.493,24.995,100,0,0,1,"",-321.262,342.452,11.342,-0.621,-18.628,3,"=","=","=","=","=","=","=","=","=",4,R,"P0TA0",190,96.215,0.525,,99,W,Y,0,,,,,,,,,,,,,,,,,,,,,,,,,,,,,0,0,,,,,,,,,,,,6279.891,,6267.124,,,,,,,,,,,,,,,,,,,,,,,,-0.007,-37.811,-0.165,-16.967,-19.404,-47.383,-13.654,-64.255,19.496,-43.398,11.37,-65.579,35.546,-94.691,-0.186,-119.633,-48.058,-96.314,,,,"",,,,"",,,,"",,,,"",,,,"",,,,"",,,,"",,,,"",,,,6271.13,0.038,-37.177,,,,,,,,,,,,,,,,,,,,,,,,,,,,,,,,,,,,,,,,,,,,,,,,,,,,"",0,,,,,,,,,,,,,0,"",,6269.349,,0,""
187,,7,1,5,2,1,1,2,1,0,1,7,255,2,96,6283.016,"Penguin_iDOL",R,13,75,113,-2.314,-1.224,0.127,1.837,-0.341,1.238,-36.493,33.439,100,0,0,2,"",-380.662,324.186,9.068,0,0,3,"=","=","=","=","=","=","=","=","=",4,R,"P0TA0",190,96.215,0.525,3,99,W,Y,1,6284,244,182,108,142,52,,145,87,104.282,-82.886,-0.379,0.664,-21.204,1,0,0.241,-4.357,-56.755,278.991,6285.408,-65.971,-13.917,,,,,,0,0,,,,,,,,,,,,6296.933,,6283.098,,,,,,,,,,,,,,,,,,,,,,,,0.016,-37.739,-0.044,-16.992,-19.218,-48.192,-13.521,-64.251,19.187,-44.875,11.653,-65.585,36.155,-95.363,-0.202,-119.597,-48.014,-96.446,-0.406,-36.708,,"mungjungh",-0.272,-17.065,,"CAT tourniquet",-19.219,-48.167,,"crani",-13.465,-64.239,,"Kr_Luna",17.188,-48.655,,"Yaksok~",12.732,-67.355,,"가앤슬_",36.069,-95.433,,"k@ster",-0.096,-119.57,,"SUGUN",-47.972,-96.347,,,,,,,,,,,,,,,,,,,,,,,,,,,,,,,,,,,,,,,,,,,,,,,,,,,,,,,,"",3,,,,,,,,,,,,,0,"",,6286.527,,0,""
188,,7,1,5,2,1,2,2,1,0,1,7,255,2,97,6306.173,"Penguin_iDOL",R,10,79,107,-0.441,-1.601,0.174,1.756,-0.137,1.111,-36.493,39.021,76,24,0,2,"",0,400,16.042,0,0,3,"=","=","=","=","=","=","=","=","=",4,R,"P0TA0",190,96.215,0.525,5,99,W,Y,1,6307.198,255,115,138,129,59,,145,89,-30,-59.224,-0.058,0.511,-21.106,1,0,0.459,155.246,-154.889,-94.547,6304.63,0.611,-21.505,,,,,,0,0,,,,,,,,,,,,6324.404,,6325.312,,,,,,,,,,,,,,,,,,,,,,,,-0.081,-37.776,-0.149,-16.793,-19.336,-47.352,-14.154,-63.627,18.896,-44.942,8.332,-66.831,34.643,-97.075,0.343,-120.288,-49.611,-94.18,-0.539,-37.22,,"mungjungh",-0.216,-16.892,,"CAT tourniquet",-19.325,-47.355,,"crani",-14.088,-63.585,,"Kr_Luna",16.743,-48.615,,"Yaksok~",6.525,-67.153,,"가앤슬_",34.332,-97.61,,"k@ster",0.369,-120.235,,"SUGUN",-49.374,-94.349,,,,,,,,,,,,,,,,,,,,,,,,,,,,,,,,,,,,,,,,,,,,,,,,,,,,,,,,"",3,-150.865,-58.398,-16.432,1,1,0.831,-67.102,-62.657,-16.979,-67.073,0.02,159.131,0,"",,6310.055,,0,""
189,,7,1,5,2,1,2,2,1,0,1,7,255,2,98,6327.497,"Penguin_iDOL",R,26,88,140,-0.172,1.593,0.206,2.005,0.03,2.432,-36.493,42.294,77,23,0,1,"",-86.491,-200,31.076,0,0,3,"=","=","=","=","=","=","=","=","=",4,R,"P0TA0",190,96.215,0.525,,99,W,Y,0,,,,,,,,,,,,,,,,,,,,,,,,,,,,,0,0,,,,,,,,,,,,6346.421,,6328.172,,,,,,,,,,,,,,,,,,,,,,,,0.106,-38.064,0.008,-16.832,-20.072,-47.879,-13.564,-64.102,19.639,-42.567,10.475,-66.337,38.82,-95.665,0.385,-119.371,-47.497,-92.679,,,,"",,,,"",,,,"",,,,"",,,,"",,,,"",,,,"",,,,"",,,,,,,,,,,,,,,,,,,,,,,,,,,,,,,,,,,,,,,,,,,,,,,,,,,,,,,,,,"",0,,,,,,,,,,,,,0,"",,6327.556,,0,""
190,,7,1,5,2,2,2,2,1,0,1,7,255,2,99,6349.08,"Penguin_iDOL",R,3,73,105,-2.784,-1.311,-0.017,1.612,-0.673,0.89,-36.493,16.489,55,45,0,1,"",-278.648,68.694,6.315,-0.745,-16.946,3,"=","=","=","=","=","=","=","=","=",4,R,"P0TA0",190,96.215,0.525,,99,W,Y,0,,,,,,,,,,,,,,,,,,,,,,,,,,,,,0,0,,,,,,,,,,,,6357.412,,6368.12,,,,,,,,,,,,,,,,,,,,,,,,-0.033,-37.791,-0.059,-16.468,-19.522,-47.555,-13.665,-64.035,19.548,-42.529,11.722,-65.377,38.653,-95.86,0.332,-119.369,-47.523,-92.621,,,,"",,,,"",,,,"",,,,"",,,,"",,,,"",,,,"",,,,"",,,,,,,,,,,,,,,,,,,,,,,,,,,,,,,,,,,,,,,,,,,,,,,,,,,,,,,,,,"",0,,,,,,,,,,,,,0,"",,6351.499,,0,""
191,,7,1,5,2,3,2,2,1,0,1,7,255,2,100,6368.598,"Penguin_iDOL",R,14,80,105,-1.163,-0.802,-0.195,1.714,-1.224,1.543,-36.493,18.759,95,5,0,0,"",372.687,312.348,21.645,-1.284,-17.246,3,"=","=","=","=","=","=","=","=","=",4,R,"P0TA0",190,96.215,0.525,,99,W,Y,0,,,,,,,,,,,,,,,,,,,,,,,,,,,,,0,0,,,,,,6373.187,,,,,6377.122,,,6371.407,6375.15,3,,147,8,,,,,,,,,,,,,,,,,,,-0.172,-37.613,-0.003,-16.835,-19.812,-47.338,-14.082,-63.768,19.445,-43.884,11.48,-65.788,38.893,-95.733,0.307,-119.346,-47.406,-92.828,,,,"",,,,"",,,,"",,,,"",,,,"",,,,"",,,,"",,,,"",,,,,,,,,,,,,,,,,,,,,,,,,,,,,,,,,,,,,,,,,,,,,,,,,,,,,,,,,,"",0,,,,,,,,,,,,,0,"",6373.187,6371.258,6377.122,0,""
192,SIDE,7,1,5,2,0,0,2,0,1,1,255,7,2,,6377.605,,,,,,,,,,,,,,,,,,,,,,,,4,"=","=","=","=","=","=","=","=","=",,,,,,,,,,,,,,,,,,,,,,,,,,,,,,,,,,,,,,,0,0,,,,,,,,,,,,,,,,,,,,,,,,,,,,,,,,,,,,,,,,,,,,,,,,,,,,,,,,,,,,,,,,,,,,,,,,,,,,,,,,,,,,,,,,,,,,,,,,,,,,,,,,,,,,,,,,,,,,,,,,,,,,,,,,,,,,,,,,,,,,,,,,,"",0,,,,,,,,,,,,,0,"",,,,0,""
193,,7,0,5,2,0,0,0,0,0,0,255,255,255,5,6417.957,"인생최패망자",R,32,96,140,0.183,1.106,0.755,1.483,-0.208,2.138,-36.74,40.805,2,98,0,0,"",189.765,-92.999,11.463,0,0,7,"SUGUN","Kr_Luna","가앤슬_","mungjungh","Penguin_iDOL","CAT tourniquet","crani","k@ster","Yaksok~",7,R,"k@ster",168,80,0.2,,98,W,Y,0,,,,,,,,,,,,,,,,,,,,,,,,,,,,,0,0,,,,,,,,,,,,,,,,,,,,,,,,,,,,,,,,,,,,,,0.2,-37.568,0.019,-18.202,-21.747,-46.961,-16.851,-62.807,19.447,-44.882,9.057,-64.332,37.542,-91.799,0.206,-109.582,-45.341,-90.964,,,,"",,,,"",,,,"",,,,"",,,,"",,,,"",,,,"",,,,"",,,,,,,,,,,,,,,,,,,,,,,,,,,,,,,,,,,,,,,,,,,,,,,,,,,,,,,,,,"",0,,,,,,,,,,,,,0,"",,,,0,""
194,,7,0,5,2,0,1,0,0,0,0,255,255,255,6,6430.448,"인생최패망자",R,3,96,118,-4.645,0.25,0.498,1.392,-1.247,1.752,-36.74,28.456,2,98,0,4,"",-457.676,0,12.598,0,0,7,"=","=","=","=","=","=","=","=","=",7,R,"k@ster",168,80,0.2,,98,W,Y,1,,,,,,,,,,,,,,,,,,,,,,,,,,,,,0,0,,,,,,,,,,,,,,,,,,,,,,,,,,,,,,,,,,,,,,0.186,-37.517,0.005,-18.264,-21.601,-47.041,-16.596,-62.831,19.058,-45.425,9.182,-64.677,37.516,-91.811,0.195,-109.573,-45.522,-90.856,,,,"",,,,"",,,,"",,,,"",,,,"",,,,"",,,,"",,,,"",,,,,,,,,,,,,,,,,,,,,,,,,,,,,,,,,,,,,,,,,,,,,,,,,,,,,,,,,,"",0,,,,,,,,,,,,,0,"",,,,0,""
195,,7,0,5,2,0,2,0,0,0,0,255,255,255,7,6443.411,"인생최패망자",R,32,92,140,0.752,-1.146,0.89,1.058,-0.046,0.945,-36.74,66.301,11,21,69,1,"",250,-37.861,-1.056,0,0,7,"=","=","=","=","=","=","=","=","=",7,R,"k@ster",168,80,0.2,,98,W,Y,0,,,,,,,,,,,,,,,,,,,,,,,,,,,,,0,0,,,,,,,,,,,,,,,,,,,,,,,,,,,,,,,,,,,,,,0.268,-37.556,0.009,-18.222,-21.693,-47.251,-16.967,-62.688,19.417,-45.424,9.166,-64.699,37.676,-91.833,0.203,-109.616,-45.593,-90.795,,,,"",,,,"",,,,"",,,,"",,,,"",,,,"",,,,"",,,,"",,,,,,,,,,,,,,,,,,,,,,,,,,,,,,,,,,,,,,,,,,,,,,,,,,,,,,,,,,"",0,,,,,,,,,,,,,0,"",,,,0,""
196,,7,0,5,2,1,2,0,0,0,0,255,255,255,8,6457.348,"인생최패망자",R,3,91,115,-3.014,0.343,0.719,1.316,-0.561,1.812,-36.74,61.614,9,91,0,4,"",-432.655,0,8.476,0,0,7,"=","=","=","=","=","=","=","=","=",7,R,"k@ster",168,80,0.2,,87,W,Y,1,,,,,,,,,,,,,,,,,,,,,,,,,,,,,0,0,,,,,,,,,,,,,,,6459.981,7,,578,0,,,,,,,,,,,,,,,,,,,0.114,-37.497,-0.007,-18.229,-21.702,-47.331,-16.766,-62.539,19.52,-45.993,9.298,-64.895,37.593,-91.792,0.214,-109.945,-45.638,-90.809,,,,"",,,,"",,,,"",,,,"",,,,"",,,,"",,,,"",,,,"",,,,,,,,,,,,,,,,,,,,,,,,,,,,,,,,,,,,,,,,,,,,,,,,,,,,,,,,,,"",0,,,,,,,,,,,,,0,"",,,,0,""
197,,7,0,5,2,0,0,1,0,0,0,255,255,255,9,6473.197,"인생최패망자",R,32,92,140,1.858,0.735,0.909,1.438,0.506,1.961,-36.74,60.953,5,95,0,2,"",197.694,-74.69,6.701,0,0,8,"=","=","=","=","=","=","=","=","=",5,R,"Yaksok~",172.8,93.559,0.332,5,98,W,Y,0,6474.099,76,75,72,24,2,,102,66,46.019,-31.579,0.271,1.101,-19.753,-0.67,0,0.157,236.552,-132.345,-443.166,6476.13,25.82,-54.678,6476.27,4,24.819,2.605,-53.259,0,0,,6480.051,,,,,,,,,,,,,6478.858,8,,453,0,,,,,,,,,,,,,,,,,,,0.18,-37.838,0.034,-18.199,-21.674,-46.606,-16.861,-62.489,20.236,-45.78,9.683,-65.266,37.535,-91.819,0.229,-109.967,-45.434,-90.835,0.565,-36.944,,"白霜らいふ",0.059,-18.235,,"ʚEveɞ",-21.343,-47.475,,"Ѕeyeon",-17.224,-63.669,,"P0TA0",20.089,-45.748,101,"ibqrqki",9.511,-65.076,,"IbikiKai_JP",37.529,-91.81,,"カズティー",0.226,-109.901,,"sano jpn",-45.431,-90.829,,6482.056,0.752,-38.126,,,,,,,,,,6478.87,25.144,-53.697,,,,,,,,,,,,,,,,,,,,,,,,,6480.901,20.502,-50.744,,,,,,,,,,,,,"",1,-30.367,-30.367,6.775,0,0,1,46.019,46.019,67.718,46.019,0,-55.486,0,"P0TA0",,,,24,""
198,,7,0,5,2,0,0,2,0,0,0,255,255,255,10,6494.802,"인생최패망자",R,3,90,113,-4.93,0.365,0.504,1.434,-1.228,1.842,-36.74,32.657,3,97,0,4,"",-500,0,28.238,0,0,0,"=","=","=","=","=","=","=","=","=",8,R,"SUGUN",179.9,82.092,0.496,,98,W,Y,1,,,,,,,,,,,,,,,,,,,,,,,,,,,,,0,0,,,,,,,,,,,,,,,,,,,,,,,,,,,,,,,,,,,,,,0.128,-37.403,0.021,-18.275,-22.043,-46.897,-16.011,-62.747,19.854,-45.919,10.547,-66.567,40.448,-90.408,0.344,-106.953,-45.938,-89.532,,,,"",,,,"",,,,"",,,,"",,,,"",,,,"",,,,"",,,,"",,,,6498.7,-0.295,-37.446,,,,,,,,,,,,,,,,,,,,,,,,,,,,,,,,,,,,,,,,,,,,,,,,,,,,"",0,,,,,,,,,,,,,0,"",,,,0,""
199,,7,0,5,2,0,1,2,0,0,0,255,255,255,11,6508.833,"인생최패망자",R,3,91,115,-3.759,-0.269,0.607,1.367,-0.907,1.462,-36.74,43.89,3,97,0,2,"",-418.638,0,13.892,0,0,0,"=","=","=","=","=","=","=","=","=",8,R,"SUGUN",179.9,82.092,0.496,5,55,W,Y,1,6509.893,207,111,113,104,21,,145,86,18.932,-54.289,-0.684,0.881,-20.531,1,0,0.396,172.142,553.487,-133.579,6510.79,44.968,-60.783,,,,,,0,0,,,,,6517.215,,,,,,,,,,,,,,,,,,,,,,,,,,,,,,,,,0.092,-37.289,-0.012,-18.268,-22.276,-46.966,-16.634,-62.834,19.826,-45.967,9.78,-65.493,40.313,-90.446,0.346,-106.898,-47.813,-93.643,0.032,-36.853,,"白霜らいふ",-0.091,-18.318,,"ʚEveɞ",-21.751,-47.297,,"Ѕeyeon",-17.245,-64.715,,"P0TA0",19.729,-46.064,,"ibqrqki",9.828,-65.256,,"IbikiKai_JP",40.413,-90.375,,"カズティー",0.327,-106.843,,"sano jpn",-46.621,-93.662,,,,,,,,,,,,,,,,,,,,,,,,,,,,,,,,,,,,,,,,,,,,,,,,,,,,,,,,"",3,-47.849,-43.721,-1.628,0,0,1,18.932,18.932,46.336,18.932,0,-80.517,0,"",,,,0,""
200,,7,0,5,2,0,2,2,0,0,0,255,255,255,12,6527.24,"인생최패망자",R,13,88,111,-2.374,-1.981,0.799,1.111,-0.315,0.877,-36.74,60.313,9,38,53,2,"",-396.192,305.012,-2.684,0,0,0,"=","=","=","=","=","=","=","=","=",8,R,"SUGUN",179.9,82.092,0.496,5,55,W,Y,1,6528.261,255,143,95,117,69,,145,86,-30,-68.135,-0.342,0.392,-21.318,1,0,0.354,-61.016,155.096,-187.583,6525.707,0.296,-21.575,,,,,,0,0,,,,,6532.721,,,,,,,,,,,,,,,,,,,,,,,,,,,,,,,,,0.256,-37.578,-0.049,-18.418,-22.092,-46.947,-16.657,-62.698,20.028,-46.019,11.257,-64.793,42.656,-89.2,-0.252,-105.459,-48.282,-91.746,0.124,-36.973,,"白霜らいふ",-0.082,-18.486,,"ʚEveɞ",-22.195,-47.524,,"Ѕeyeon",-17.43,-64.869,,"P0TA0",19.93,-46.091,,"ibqrqki",10.69,-64.682,,"IbikiKai_JP",42.256,-87.688,,"カズティー",-0.286,-105.425,,"sano jpn",-47.629,-91.766,,,,,,,,,,,,,,,,,,,,,,,,,,,,,,,,,,,,,,,,,,,,,,,,,,,,,,,,"",3,-89.062,-58.091,-18.454,0.866,0,1,-75.669,-75.669,-58.549,-75.669,0,154.673,0,"",,,,0,""
201,,7,0,5,2,0,2,2,0,0,0,255,255,255,13,6544.314,"인생최패망자",R,3,82,107,-3.049,-1.319,0.752,1.101,-0.458,0.855,-36.74,73.679,6,52,43,2,"",-454.33,0,0.91,0,0,0,"=","=","=","=","=","=","=","=","=",8,R,"SUGUN",179.9,82.092,0.496,5,55,W,Y,1,6545.397,255,127,117,134,74,,145,86,-30.584,-34.518,-0.499,0.558,-20.963,-1,0,0.375,75.926,-272.354,3.788,6542.895,0.018,-21.714,6544.832,4,13.978,0.384,-40.867,0,0,,,,,,,,,,,,,,,6549.975,0,,147,8,,,,,,,,,,,,,,,,,,,0.129,-37.489,-0.024,-18.4,-22.193,-46.38,-17.179,-62.552,19.187,-44.656,11.051,-65.225,41.19,-86.94,0.28,-105.381,-44.974,-99.924,0.201,-36.93,,"白霜らいふ",-0.074,-18.48,,"ʚEveɞ",-22.082,-47.099,,"Ѕeyeon",-17.861,-64.352,,"P0TA0",19.182,-44.665,120,"ibqrqki",10.759,-65.014,,"IbikiKai_JP",41.207,-86.96,,"カズティー",0.282,-105.386,,"sano jpn",-44.659,-100.212,,,,,,,,6549.313,-18.097,-39.897,,,,6547.395,14.552,-41.59,,,,,,,,,,,,,,,,,,,,,,,,,6548.18,10.328,-42.327,,,,,,,,,,,,,"",2,-27.738,-27.738,-20.418,0,2,0.241,-43.525,-30.584,-5.303,-45.97,0.013,76.424,0,"P0TA0",,,,10,""
202,SIDE,7,0,5,2,0,0,2,0,0,0,255,255,255,,6552.574,,,,,,,,,,,,,,,,,,,,,,,,1,"=","=","=","=","=","=","=","=","=",,,,,,,,,,,,,,,,,,,,,,,,,,,,,,,,,,,,,,,0,0,,,,,,,,,,,,,,,,,,,,,,,,,,,,,,,,,,,,,,,,,,,,,,,,,,,,,,,,,,,,,,,,,,,,,,,,,,,,,,,,,,,,,,,,,,,,,,,,,,,,,,,,,,,,,,,,,,,,,,,,,,,,,,,,,,,,,,,,,,,,,,,,,"",0,,,,,,,,,,,,,0,"",,,,0,""
203,,8,1,5,2,0,0,0,0,0,0,255,255,255,0,6768.139,"SUGUN",R,27,85,137,1.203,0.297,0.279,1.855,0.369,1.669,-36.945,34.132,72,18,11,0,"",100.511,-127.776,9.379,0,0,4,"sano jpn","ʚEveɞ","カズティー","P0TA0","인생최패망자","白霜らいふ","ibqrqki","IbikiKai_JP","Ѕeyeon",0,R,"인생최패망자",190,86,0.35,,87,W,Y,0,,,,,,,,,,,,,,,,,,,,,,,,,,,,,0,0,,,,,,,,,,,,,,,,,,,,,,,,,,,,,,,,,,,,,,0.056,-38.101,0.025,-17.183,-19.964,-47.531,-13.591,-64.212,18.148,-48.677,12.509,-65.414,43.048,-95.71,-0.253,-118.769,-45.323,-95.73,,,,"",,,,"",,,,"",,,,"",,,,"",,,,"",,,,"",,,,"",,,,,,,,,,,,,,,,,,,,,,,,,,,,,,,,,,,,,,,,,,,,,,,,,,,,,,,,,,"",0,,,,,,,,,,,,,0,"",,,,0,""
204,,8,1,5,2,0,1,0,0,0,0,255,255,255,1,6779.561,"SUGUN",R,2,70,98,-2.26,1.428,0.244,1.921,-0.166,2.128,-36.945,51.355,77,11,12,1,"",-347.842,-312.348,31.075,0,0,4,"=","=","=","=","=","=","=","=","=",0,R,"인생최패망자",190,86,0.35,,87,W,Y,0,,,,,,,,,,,,,,,,,,,,,,,,,,,,,0,0,,,,,,,,,,,,,,,,,,,,,,,,,,,,,,,,,,,,,,-0.095,-37.937,-0.066,-17.138,-19.836,-47.434,-13.657,-64.427,18.2,-49.162,12.093,-65.488,43.049,-95.744,-0.237,-118.782,-45.381,-95.856,,,,"",,,,"",,,,"",,,,"",,,,"",,,,"",,,,"",,,,"",,,,,,,,,,,,,,,,,,,,,,,,,,,,,,,,,,,,,,,,,,,,,,,,,,,,,,,,,,"",0,,,,,,,,,,,,,0,"",,,,0,""
205,,8,1,5,2,1,1,0,0,0,0,255,255,255,2,6792.504,"SUGUN",R,2,67,96,-1.941,0.089,0.173,1.671,-0.084,1.268,-36.945,24.366,0,86,14,4,"",-332.498,-323.804,2.541,0,0,4,"=","=","=","=","=","=","=","=","=",0,R,"인생최패망자",190,86,0.35,,87,W,Y,1,,,,,,,,,,,,,,,,,,,,,,,,,,,,,0,0,,,,,,,,,,,,,,,,,,,,,,,,,,,,,,,,,,,,,,-0.097,-37.973,-0.055,-17.169,-19.854,-47.41,-13.635,-64.411,18.153,-49.726,11.956,-65.631,43.247,-97.684,-0.299,-118.766,-45.443,-95.762,,,,"",,,,"",,,,"",,,,"",,,,"",,,,"",,,,"",,,,"",,,,,,,,,,,,,,,,,,,,,,,,,,,,,,,,,,,,,,,,,,,,,,,,,,,,,,,,,,"",0,,,,,,,,,,,,,0,"",,,,0,""
206,,8,1,5,2,1,2,0,0,0,0,255,255,255,3,6808.825,"SUGUN",R,2,64,94,-1.875,0.685,0.282,1.773,-0.036,1.651,-36.945,44.371,19,71,10,2,"",-333.644,-312.348,-7.632,0,0,4,"=","=","=","=","=","=","=","=","=",0,R,"인생최패망자",190,86,0.35,0,87,W,Y,1,6810.198,225,74,76,76,53,,145,108,21.827,0.916,-0.574,1.484,-20.756,0.95,0,0.337,350.87,428.043,43.763,,,,6812.693,7,-10.446,2.355,-112.835,0,0,,6815.866,,,,,,,,,,,,,6815.267,4,,456,0,,,,,,,,,,,,,,,,,,,-0.077,-37.936,-0.059,-17.15,-19.505,-47.798,-13.657,-64.174,18.078,-51.103,10.779,-66.005,43.834,-96.919,-0.259,-118.772,-45.31,-95.896,-0.62,-37.907,,"mungjungh",-0.27,-17.229,,"CAT tourniquet",-19.476,-47.799,,"crani",-13.603,-64.074,,"Kr_Luna",17.735,-51.163,,"Yaksok~",11.574,-68.204,99,"가앤슬_",43.416,-97.585,,"k@ster",-0.133,-118.556,58,"Penguin_iDOL",-45.404,-95.805,,6823.152,-0.03,-38.946,,,,,,,6820.935,-1.823,-68.322,,,,6820.865,-1.47,-69.713,,,,6815.279,-10.566,-113.502,,,,,,,,,,,,,,,,,,,6821.959,-2.631,-63.552,,,,6816.925,-10.925,-108.435,,,,"",1,,,,,,,,,,,,,0,"k@ster",,,,449,""
207,,8,1,5,2,0,0,1,0,0,0,255,255,255,4,6835.472,"SUGUN",R,2,61,91,-2.35,0.952,0.19,1.784,-0.222,1.745,-36.945,44.153,25,63,12,2,"",-322.996,-312.348,8.584,0,0,5,"=","=","=","=","=","=","=","=","=",1,R,"白霜らいふ",179.6,80,0.653,5,97,W,Y,1,6836.903,201,101,88,81,54,,145,122,105.089,-21.029,-0.42,1.305,-20.638,0.76,0,0.394,21.402,0.953,-102.33,,,,,,,,,0,0,,,,,,,,,,,,,,,,,,,,,,,,,,,,,,,,,,,,,,-0.176,-37.898,-0.011,-17.077,-19.667,-47.69,-13.77,-63.88,18.831,-47.018,11.077,-65.528,38.947,-93.551,-0.169,-113.853,-44.112,-96.822,-0.347,-37.861,,"mungjungh",-0.201,-17.138,,"CAT tourniquet",-19.825,-47.745,,"crani",-13.709,-63.696,,"Kr_Luna",18.83,-47.001,,"Yaksok~",11.825,-67.457,,"가앤슬_",38.947,-93.71,,"k@ster",-0.12,-113.838,,"Penguin_iDOL",-44.252,-96.517,,,,,,,,,,,,,,,,,,,,,,,,,,,,,,,,,,,,,,,,,,,,,,,,,,,,,,,,"",3,-16.906,-16.906,2.449,0,0,1,74.912,74.912,60.346,74.912,0,-20.548,0,"",,,,0,""
208,,8,1,5,2,0,1,1,0,0,0,255,255,255,5,6851.615,"SUGUN",R,32,79,129,-1.037,0.106,0.107,1.837,-0.756,1.526,-36.945,30.141,70,19,11,2,"",191.94,-123.254,10.826,0,0,5,"=","=","=","=","=","=","=","=","=",1,R,"白霜らいふ",179.6,80,0.653,5,97,W,Y,1,6852.866,207,168,130,77,27,,145,102,-30,46.063,-0.234,0.895,-19.799,0.95,0,0.533,-187.569,347.257,202.678,6850.325,-1.266,-20.79,,,,,,0,0,,,,,,,,,,,,,,,,,,,,,,,,,,,,,,,,,,,,,,-0.134,-37.894,-0.081,-17.06,-19.789,-47.233,-13.427,-64.246,18.914,-47.768,12.302,-65.575,39.097,-94.197,-0.005,-116.574,-46.18,-96.577,-0.564,-38.001,,"mungjungh",-0.088,-17.17,,"CAT tourniquet",-19.821,-47.548,,"crani",-13.387,-64.257,,"Kr_Luna",18.889,-47.698,,"Yaksok~",13.378,-66.821,,"가앤슬_",38.852,-94.299,,"k@ster",-0.036,-116.58,,"Penguin_iDOL",-46.408,-96.317,,,,,,,,,,,,,,,,,,,,,,,,,,,,,,,,,,,,,,,,,,,,,,,,,,,,,,,,"",3,46.416,46.416,7.916,0,0,1,-36.715,-36.715,-69.647,-36.715,0,56.526,0,"",,,,0,""
209,,8,1,5,2,0,2,1,0,0,0,255,255,255,6,6867.914,"SUGUN",R,32,80,131,2.263,0.114,0.359,1.821,0.737,1.555,-36.945,38.802,71,14,15,2,"",154.501,-104.39,12.331,0,0,5,"=","=","=","=","=","=","=","=","=",1,R,"白霜らいふ",179.6,80,0.653,3,37,W,Y,1,6869.195,255,193,124,90,22,,145,83,-7.203,-36.263,0.427,0.965,-19.906,-1,0,0.482,344.874,-366.281,236.907,6866.915,4.726,-25.681,6868.457,4,17.461,0.056,-42.052,0,0,,,,,,,,,,,,,,,6873.916,5,,147,2,,,,,,,,,,,,,,,,,,,-0.01,-37.839,-0.076,-17.102,-20.129,-47.241,-13.659,-64.551,18.029,-47.988,12.661,-65.387,38.594,-94.988,-0.364,-116.122,-48.66,-96.116,-0.374,-37.402,,"mungjungh",-0.033,-17.208,,"CAT tourniquet",-20.13,-47.214,85,"crani",-13.581,-64.365,,"Kr_Luna",18.102,-47.891,99,"Yaksok~",13.597,-67.148,,"가앤슬_",38.601,-94.988,,"k@ster",-0.355,-116.123,,"Penguin_iDOL",-48.454,-96.296,,6876.743,-0.36,-38.611,,,,6873.286,-18.617,-39.589,,,,6870.922,17.995,-43.147,,,,,,,,,,,,,,,,,,,6875.751,-17.409,-40.05,,,,6871.617,14.865,-42.593,,,,,,,,,,,,,"",2,,,,,,,,,,,,,0,"Kr_Luna",,,,35,""
210,,8,1,5,2,0,0,2,0,0,0,255,255,255,7,6894.576,"SUGUN",R,0,74,112,-1.226,2.099,0.233,2.066,-0.541,2.738,-36.945,64.047,72,12,16,1,"",0,0,21.472,0,0,6,"=","=","=","=","=","=","=","=","=",5,L,"ibqrqki",164.9,86.895,0.45,,35,W,Y,0,,,,,,,,,,,,,,,,,,,,,,,,,,,,,0,0,,,,,,,,,,,,,,,,,,,,,,,,,,,,,,,,,,,,,,-0.028,-37.967,0.004,-16.985,-20.259,-47.137,-5.828,-66.097,17.168,-43.642,14.8,-64.059,39.961,-95.375,0.321,-111.756,-48.878,-94.638,,,,"",,,,"",,,,"",,,,"",,,,"",,,,"",,,,"",,,,"",,,,6898.732,-0.131,-37.251,,,,,,,,,,,,,,,,,,,,,,,,,,,,,,,,,,,,,,,,,,,,,,,,,,,,"",0,,,,,,,,,,,,,0,"",,,,0,""
211,,8,1,5,2,1,0,2,0,0,0,255,255,255,8,6907.059,"SUGUN",R,0,69,108,-2.696,1.311,0.029,1.961,-1.176,2.315,-36.945,54.511,76,7,16,2,"",0,0,26.519,0,0,6,"=","=","=","=","=","=","=","=","=",5,L,"ibqrqki",164.9,86.895,0.45,0,35,W,Y,0,6908.337,12,6,10,12,14,,4,39,-0.203,-6.235,-0.528,1.18,-19.502,-1,0,0.08,-527.981,173.356,-58.637,6906.395,0.174,-26.436,6907.478,0,0.797,0.057,-32.385,0,0,,6913.811,,,,,,,,,,,,,6912.739,6,,147,1,,,,,,,,,,,,,,,,,,,-0.011,-37.93,-0.018,-16.983,-20.309,-47.193,-5.413,-66.231,16.972,-43.696,15.496,-63.501,39.926,-95.389,0.305,-111.754,-48.833,-94.719,-0.41,-37.459,90,"mungjungh",-0.035,-16.997,,"CAT tourniquet",-20.36,-47.039,92,"crani",-5.386,-66.172,,"Kr_Luna",17.465,-43.53,,"Yaksok~",16.283,-65.143,,"가앤슬_",39.926,-95.401,,"k@ster",0.303,-111.749,,"Penguin_iDOL",-48.793,-94.905,,6909.971,0.693,-33.26,,,,6912.087,-18.774,-39.449,,,,,,,,,,,,,,,,,,,6911.133,-4.051,-34.707,,,,6914.241,-17.812,-39.447,,,,,,,,,,,,,,,,,,,"",2,,,,,,,,,,,,,0,"SUGUN",,,,33,""
212,SIDE,8,1,5,2,0,0,2,0,0,0,255,255,255,,6915.114,,,,,,,,,,,,,,,,,,,,,,,,7,"=","=","=","=","=","=","=","=","=",,,,,,,,,,,,,,,,,,,,,,,,,,,,,,,,,,,,,,,0,0,,,,,,,,,,,,,,,,,,,,,,,,,,,,,,,,,,,,,,,,,,,,,,,,,,,,,,,,,,,,,,,,,,,,,,,,,,,,,,,,,,,,,,,,,,,,,,,,,,,,,,,,,,,,,,,,,,,,,,,,,,,,,,,,,,,,,,,,,,,,,,,,,"",0,,,,,,,,,,,,,0,"",,,,0,""
213,,8,0,5,2,0,0,0,0,0,0,255,255,255,14,6956.955,"인생최패망자",R,32,95,140,-0.58,0.596,0.79,1.429,-0.509,1.904,-36.74,46.028,5,95,0,2,"",166.281,-104.577,4.19,0,0,1,"SUGUN","Kr_Luna","가앤슬_","mungjungh","Penguin_iDOL","CAT tourniquet","crani","k@ster","Yaksok~",4,L,"Kr_Luna",190,95.218,0.504,3,96,W,Y,1,6957.794,175,67,86,45,22,,142,116,25.938,-37.647,-0.145,1.218,-19.552,0.79,0,0.075,297.791,-109.236,248.455,6960.255,66.116,-101.728,6961.339,6,63.053,0.248,-100.692,1,2,,6963.487,6967.791,,,,,,,,,,,,6968.753,1,1,276,128,,,,,,,,,,,,,,,,,,,0.229,-37.599,0.015,-18.051,-21.048,-47.573,-12.639,-64.779,19.55,-45.217,13.677,-63.755,42.806,-91.171,0.015,-116.734,-42.161,-91.127,0.631,-36.925,,"白霜らいふ",0.003,-18.067,,"ʚEveɞ",-21.117,-47.712,,"Ѕeyeon",-13.317,-66.551,85,"P0TA0",19.812,-45.407,,"ibqrqki",13.199,-63.655,,"IbikiKai_JP",42.857,-91.128,103,"カズティー",0.016,-116.752,,"sano jpn",-38.687,-89.588,,6972.696,-0.053,-38.323,,,,,,,6968.637,-0.5,-58.38,,,,,,,6963.923,62.588,-100.444,,,,,,,,,,,,,,,,6971.625,-1.417,-57.27,,,,,,,6965.027,59.341,-97.737,,,,,,,"",2,,,,,,,,,,,,,0,"IbikiKai_JP",6967.791,,,400,""
214,,8,0,5,2,0,0,1,0,0,0,255,255,255,15,7026.112,"인생최패망자",R,3,87,111,-3.369,0.395,0.663,1.357,-0.734,1.882,-36.74,54.594,4,96,0,1,"",-465.735,0,12.588,0,0,2,"=","=","si_ho","=","=","=","=","=","=",6,R,"si_ho",190,87.779,0.355,,96,W,Y,0,,,,,,,,,,,,,,,,,,,,,,,,,,,,,0,0,,,,,,,,,,,,,,,,,,,,,,,,,,,,,,,,,,,,,,0.135,-37.799,0.002,-17.758,-21.34,-47.334,-17.017,-62.264,19.518,-45.919,8.956,-65.768,39.739,-91.703,0.033,-106.805,-45.382,-91.384,,,,"",,,,"",,,,"",,,,"",,,,"",,,,"",,,,"",,,,"",,,,7030.023,-0.14,-37.154,,,,,,,,,,,,,,,,,,,,,,,,,,,,,,,,,,,,,,,,,,,,,,,,,,,,"",0,,,,,,,,,,,,,0,"",,,,0,""
215,,8,0,5,2,1,0,1,0,0,0,255,255,255,16,7038.988,"인생최패망자",R,32,96,140,0.434,0.818,0.872,1.385,-0.129,2.088,-36.74,47.367,4,96,0,2,"",211.121,-55.402,11.089,0,0,2,"=","=","=","=","=","=","=","=","=",6,R,"si_ho",190,87.779,0.355,3,96,W,Y,1,7040.144,229,96,60,0,0,,94,67,96.186,-81.208,0.065,1.319,-19.959,-1,0,0.719,516.151,-260.239,-160.824,,,,,,,,,0,0,,,,,,,,,,,,,,,,,,,,,,,,,,,,,,,,,,,,,,0.288,-37.592,0.064,-17.952,-21.527,-46.325,-16.967,-62.446,20.129,-46.234,9.551,-66.317,39.754,-91.597,0.398,-109.27,-45.202,-90.518,0.297,-36.882,,"白霜らいふ",0.027,-17.964,,"ʚEveɞ",-21.129,-46.4,,"Ѕeyeon",-18.066,-64.68,,"P0TA0",20.137,-46.241,,"ibqrqki",9.484,-65.982,,"IbikiKai_JP",39.757,-91.576,,"カズティー",0.399,-109.274,,"sano jpn",-45.192,-90.498,,,,,,,,,,,,,,,,,,,,,,,,,,,,,,,,,,,,,,,,,,,,,,,,,,,,,,,,"",3,,,,,,,,,,,,,0,"",,,,0,""
216,,8,0,5,2,1,1,1,0,0,0,255,255,255,17,7053.272,"인생최패망자",R,13,83,108,-2.739,-1.38,0.748,1.238,-0.47,1.194,-36.74,57.572,4,96,0,1,"",-383.336,312.348,14.222,0,0,2,"=","=","=","=","=","=","=","=","=",6,R,"si_ho",190,87.779,0.355,,96,W,Y,0,,,,,,,,,,,,,,,,,,,,,,,,,,,,,0,0,,,,,,,,,,,,,,,,,,,,,,,,,,,,,,,,,,,,,,0.191,-37.617,0.059,-17.958,-21.953,-47.055,-17.23,-62.306,20.382,-46.061,9.604,-66.433,39.178,-92.795,-0.786,-109.201,-44.73,-91.638,,,,"",,,,"",,,,"",,,,"",,,,"",,,,"",,,,"",,,,"",,,,,,,,,,,,,,,,,,,,,,,,,,,,,,,,,,,,,,,,,,,,,,,,,,,,,,,,,,"",0,,,,,,,,,,,,,0,"",,,,0,""
217,,8,0,5,2,2,1,1,0,0,0,255,255,255,18,7067.76,"인생최패망자",R,32,95,140,0.257,1.065,0.754,1.42,-0.212,2.201,-36.74,47.77,8,92,0,4,"",218.319,-102.939,17.231,0,0,2,"=","=","=","=","=","=","=","=","=",6,R,"si_ho",190,87.779,0.355,,96,W,Y,1,,,,,,,,,,,,,,,,,,,,,,,,,,,,,0,0,,,,,,,,,,,,,,,,,,,,,,,,,,,,,,,,,,,,,,0.198,-37.629,0.03,-18.141,-21.249,-47.98,-17.293,-62.488,20.432,-46.552,9.586,-66.424,37.816,-90.363,-0.783,-109.215,-47,-91.611,,,,"",,,,"",,,,"",,,,"",,,,"",,,,"",,,,"",,,,"",,,,,,,,,,,,,,,,,,,,,,,,,,,,,,,,,,,,,,,,,,,,,,,,,,,,,,,,,,"",0,,,,,,,,,,,,,0,"",,,,0,""
218,,8,0,5,2,2,2,1,0,0,0,255,255,255,19,7081.215,"인생최패망자",R,32,93,140,-0.252,-0.759,0.797,1.076,-0.48,1.086,-36.74,57.209,10,15,74,0,"",250,-73.175,-0.046,0,0,2,"=","=","=","=","=","=","=","=","=",6,R,"si_ho",190,87.779,0.355,,96,W,Y,0,,,,,,,,,,,,,,,,,,,,,,,,,,,,,0,0,,,,,,,,,,,,,,,7083.941,2,,578,0,,,,,,,,,,,,,,,,,,,0.246,-37.505,0.037,-18.069,-21.373,-47.565,-17.312,-62.511,20.546,-46.535,9.558,-66.06,37.895,-90.404,0.045,-109.171,-46.871,-91.515,,,,"",,,,"",,,,"",,,,"",,,,"",,,,"",,,,"",,,,"",,,,,,,,,,,,,,,,,,,,,,,,,,,,,,,,,,,,,,,,,,,,,,,,,,,,,,,,,,"",0,,,,,,,,,,,,,0,"",,,,0,""
219,,8,0,5,2,0,0,2,0,0,0,255,255,255,20,7099.019,"인생최패망자",R,32,89,140,2.171,0.504,0.925,1.417,0.58,1.866,-36.74,64.366,8,92,0,2,"",242.349,-81.828,8.272,0,0,3,"=","=","=","=","=","=","=","=","=",1,R,"mungjungh",190,89.696,0.403,5,96,W,Y,1,7100.333,253,15,91,24,15,,138,90,33.599,62.333,0.39,1.184,-19.639,-0.78,0,0.323,229.026,387.674,89.443,,,,,,,,,0,0,,,,,,,,,,,,,,,,,,,,,,,,,,,,,,,,,,,,,,0.216,-37.692,0.037,-18.113,-21.181,-46.712,-17.147,-62.504,20.133,-46.329,11.388,-65.642,37.404,-91.355,-0.434,-111.111,-46.551,-91.23,0.345,-37.002,,"白霜らいふ",0.029,-18.095,,"ʚEveɞ",-21.14,-46.701,,"Ѕeyeon",-17.924,-64.628,,"P0TA0",19.886,-46.491,,"ibqrqki",10.922,-65.162,,"IbikiKai_JP",37.503,-91.208,,"カズティー",-0.437,-111.108,,"sano jpn",-45.972,-91.622,,,,,,,,,,,,,,,,,,,,,,,,,,,,,,,,,,,,,,,,,,,,,,,,,,,,,,,,"",3,84.037,57.793,19.225,0.79,1,0.547,84.545,33.599,-4.401,81.419,0.037,137.262,0,"",,,,0,""
220,,8,0,5,2,0,1,2,0,0,0,255,255,255,21,7115.535,"인생최패망자",R,32,96,140,0.081,0.959,0.742,1.517,-0.268,2.192,-36.74,37.546,0,100,0,0,"",201.849,-49.891,15.729,0,0,3,"=","=","=","=","=","=","=","=","=",1,R,"mungjungh",190,89.696,0.403,,96,W,Y,1,,,,,,,,,,,,,,,,,,,,,,,,,,,,,0,0,,,,,,,,,,,,,,,,,,,,,,,,,,,,,,,,,,,,,,0.216,-37.573,0.014,-18.064,-21.395,-46.947,-17.357,-62.102,20.069,-46.052,10.554,-65.708,37.043,-93.346,-0.432,-111.135,-45.68,-93.709,,,,"",,,,"",,,,"",,,,"",,,,"",,,,"",,,,"",,,,"",,,,,,,,,,,,,,,,,,,,,,,,,,,,,,,,,,,,,,,,,,,,,,,,,,,,,,,,,,"",0,,,,,,,,,,,,,0,"",,,,0,""
221,,8,0,5,2,0,2,2,0,0,0,255,255,255,22,7130.672,"인생최패망자",R,32,96,140,-1.066,-0.477,0.621,1.133,-0.831,1.272,-36.74,40.69,6,13,80,2,"",250,-63.464,14.025,0,0,3,"=","=","=","=","=","=","=","=","=",1,R,"mungjungh",190,89.696,0.403,5,96,W,Y,1,7131.739,100,65,87,63,18,,134,102,26.111,51.111,-0.226,0.8,-19.527,0.91,0,0.407,352.2,233.415,-384.238,7134.304,-72.725,-72.219,,,,,,0,0,,,,,,,,,,,,,,,,,,,,,,,,,,,,,,,,,,,,,,0.247,-37.596,0.034,-18.154,-21.486,-46.334,-17.156,-62.482,20.394,-46.138,10.479,-65.434,37.221,-92.933,-0.431,-111.138,-45.836,-93.807,0.209,-36.966,,"白霜らいふ",-0.053,-18.22,,"ʚEveɞ",-21.485,-46.967,,"Ѕeyeon",-18.013,-64.274,,"P0TA0",20.02,-46.48,,"ibqrqki",10.432,-65.219,,"IbikiKai_JP",37.216,-92.941,,"カズティー",-0.432,-111.14,,"sano jpn",-45.807,-93.743,,,,,,,,,,,,,,,,,,,,,,,,,,,,,,,,,,,,,,,,,,,,,,,,,,,,,,,,"",3,55.741,49.588,10.983,0.432,2,0.55,51.146,35.024,24.254,65.575,0.037,98.782,0,"",,,,0,""
222,,8,0,5,2,0,2,2,0,0,0,255,255,255,23,7148.745,"인생최패망자",R,32,95,140,0.675,1.505,0.788,1.513,-0.055,2.503,-36.74,44.863,2,98,0,4,"",234.479,-74.747,16.594,0,0,3,"=","=","=","=","=","=","=","=","=",1,R,"mungjungh",190,89.696,0.403,,96,W,Y,1,,,,,,,,,,,,,,,,,,,,,,,,,,,,,0,8,,,,,,,,,,,,,,,7151.349,3,,578,0,,,,,,,,,,,,,,,,,,,0.183,-37.753,0.015,-18.198,-21.484,-47.208,-16.731,-62.341,20.35,-46.563,10.1,-65.623,36.027,-93.463,-0.433,-111.081,-46.541,-95.114,,,,"",,,,"",,,,"",,,,"",,,,"",,,,"",,,,"",,,,"",,,,,,,,,,,,,,,,,,,,,,,,,,,,,,,,,,,,,,,,,,,,,,,,,,,,,,,,,,"",0,,,,,,,,,,,,,0,"",,,,0,""
223,SIDE,8,0,5,2,0,0,2,0,0,0,255,255,255,,7154.489,,,,,,,,,,,,,,,,,,,,,,,,4,"=","=","=","=","=","=","=","=","=",,,,,,,,,,,,,,,,,,,,,,,,,,,,,,,,,,,,,,,0,0,,,,,,,,,,,,,,,,,,,,,,,,,,,,,,,,,,,,,,,,,,,,,,,,,,,,,,,,,,,,,,,,,,,,,,,,,,,,,,,,,,,,,,,,,,,,,,,,,,,,,,,,,,,,,,,,,,,,,,,,,,,,,,,,,,,,,,,,,,,,,,,,,"",0,,,,,,,,,,,,,0,"",,,,0,""
224,,9,1,5,2,0,0,0,0,0,0,255,255,255,9,7206.548,"SUGUN",R,2,61,92,-0.254,1.561,0.495,1.861,0.682,2.004,-36.945,49.771,75,21,4,1,"",-326.545,-312.348,-1.915,0,0,7,"sano jpn","ʚEveɞ","カズティー","P0TA0","인생최패망자","白霜らいふ","ibqrqki","IbikiKai_JP","Ѕeyeon",6,L,"IbikiKai_JP",166.4,85.479,0.4,,96,W,Y,0,,,,,,,,,,,,,,,,,,,,,,,,,,,,,0,0,,,,,,,,,,,,,,,,,,,,,,,,,,,,,,,,,,,,,,0.081,-37.875,0.007,-17.135,-20.356,-46.688,-4.888,-66.533,18.863,-47.221,14.503,-64.1,41.611,-96.313,0.31,-112.621,-40.608,-89.625,,,,"",,,,"",,,,"",,,,"",,,,"",,,,"",,,,"",,,,"",,,,,,,,,,,,,,,,,,,,,,,,,,,,,,,,,,,,,,,,,,,,,,,,,,,,,,,,,,"",0,,,,,,,,,,,,,0,"",,,,0,""
225,,9,1,5,2,1,0,0,0,0,0,255,255,255,10,7218.826,"SUGUN",R,2,61,92,1.275,1.594,0.623,1.86,1.339,2.006,-36.945,62.264,81,17,2,1,"",-319.445,-322.674,26.993,0,0,7,"=","=","=","=","=","=","=","=","=",6,L,"IbikiKai_JP",166.4,85.479,0.4,,96,W,Y,0,,,,,,,,,,,,,,,,,,,,,,,,,,,,,0,0,,,,,,,,,,,,,,,,,,,,,,,,,,,,,,,,,,,,,,0.103,-37.824,-0.001,-17.127,-20.88,-47.273,-4.898,-66.297,18.727,-47.358,11.061,-65.843,39.027,-90.755,0.218,-112.6,-40.396,-89.391,,,,"",,,,"",,,,"",,,,"",,,,"",,,,"",,,,"",,,,"",,,,,,,,,,,,,,,,,,,,,,,,,,,,,,,,,,,,,,,,,,,,,,,,,,,,,,,,,,"",0,,,,,,,,,,,,,0,"",,,,0,""
226,,9,1,5,2,2,0,0,0,0,0,255,255,255,11,7237.535,"SUGUN",R,34,80,130,-0.374,0.559,0.143,1.896,-0.267,1.822,-36.945,38.233,72,19,9,2,"",63.937,-62.655,12.278,0,0,7,"=","=","=","=","=","=","=","=","=",6,L,"IbikiKai_JP",166.4,85.479,0.4,3,96,W,Y,1,7238.771,255,79,63,56,33,,138,75,-46.894,-50.941,-0.074,1.011,-19.845,-1,0,0.508,464.893,340.064,168.023,7236.117,1.012,-20.731,,,,,,0,0,,,,,,,,,,,,,,,,,,,,,,,,,,,,,,,,,,,,,,-0.063,-37.815,-0.018,-17.142,-20.59,-46.754,-4.655,-66.683,18.948,-48.015,14.388,-64.292,39.033,-90.77,0.252,-112.587,-40.445,-89.368,-0.598,-37.373,,"mungjungh",-0.077,-17.15,,"CAT tourniquet",-20.56,-46.756,,"crani",-4.623,-66.471,,"Kr_Luna",19.013,-48.022,,"Yaksok~",15.171,-65.924,,"si_ho",39.034,-90.759,,"k@ster",0.311,-112.593,,"Penguin_iDOL",-40.371,-89.49,,,,,,,,,,,,,,,,,,,,,,,,,,,,,,,,,,,,,,,,,,,,,,,,,,,,,,,,"",3,,,,,,,,,,,,,0,"",,,,0,""
227,,9,1,5,2,2,1,0,0,0,0,255,255,255,12,7254.924,"SUGUN",R,34,64,117,0.551,2.22,0.267,1.994,0.09,2.733,-36.945,64.094,54,23,23,1,"",79.254,-65.628,29.661,0,0,7,"=","=","=","=","=","=","=","=","=",6,L,"IbikiKai_JP",166.4,85.479,0.4,,36,W,Y,0,,,,,,,,,,,,,,,,,,,,,,,,,,,,,0,0,,,,,,,,,,,,,,,,,,,,,,,,,,,,,,,,,,,,,,-0.056,-37.934,0.041,-17.091,-20.242,-47.108,-2.637,-65.75,18.087,-45.305,14.009,-64.687,41.15,-92.078,0.411,-114.477,-40.329,-89.436,,,,"",,,,"",,,,"",,,,"",,,,"",,,,"",,,,"",,,,"",,,,,,,,,,,,,,,,,,,,,,,,,,,,,,,,,,,,,,,,,,,,,,,,,,,,,,,,,,"",0,,,,,,,,,,,,,0,"",,,,0,""
228,,9,1,5,2,3,1,0,0,0,0,255,255,255,13,7270.248,"SUGUN",R,34,81,132,-1.26,0.369,0.05,1.86,-0.7,1.692,-36.945,25.463,69,22,9,0,"",97.679,-88.34,9.336,0,0,7,"=","=","=","=","=","=","=","=","=",6,L,"IbikiKai_JP",166.4,85.479,0.4,,36,W,Y,0,,,,,,,,,,,,,,,,,,,,,,,,,,,,,0,0,,,,,,,,,,,,,,,,,,,,,,,,,,,,,,,,,,,,,,-0.082,-37.949,0.027,-17.093,-20.117,-46.462,-3.332,-65.256,18.624,-46.306,14.256,-64.667,41.124,-92.089,0.404,-114.466,-40.346,-89.59,,,,"",,,,"",,,,"",,,,"",,,,"",,,,"",,,,"",,,,"",,,,,,,,,,,,,,,,,,,,,,,,,,,,,,,,,,,,,,,,,,,,,,,,,,,,,,,,,,"",0,,,,,,,,,,,,,0,"",,,,0,""
229,,9,1,5,2,3,2,0,0,0,0,255,255,255,14,7285.647,"SUGUN",R,34,84,137,-0.53,0.41,0.122,1.876,-0.364,1.749,-36.945,24.6,74,11,15,0,"",88.704,-60.148,9.978,0,0,7,"=","=","=","=","=","=","=","=","=",6,L,"IbikiKai_JP",166.4,85.479,0.4,,36,W,Y,0,,,,,,,,,,,,,,,,,,,,,,,,,,,,,0,0,,,,,,,,,,,,,,,7288.406,7,,578,0,,,,,,,,,,,,,,,,,,,-0.045,-37.828,0.036,-17.101,-20.24,-46.444,-3.552,-65.343,19.112,-46.944,14.049,-64.681,40.861,-92.236,0.396,-114.492,-40.494,-89.389,,,,"",,,,"",,,,"",,,,"",,,,"",,,,"",,,,"",,,,"",,,,,,,,,,,,,,,,,,,,,,,,,,,,,,,,,,,,,,,,,,,,,,,,,,,,,,,,,,"",0,,,,,,,,,,,,,0,"",,,,0,""
230,,9,1,5,2,0,0,1,0,0,0,255,255,255,15,7301.631,"SUGUN",R,3,63,93,-2.611,0.181,0.227,1.755,-0.148,1.529,-36.945,42.437,41,48,11,4,"",-407.051,-134.9,4.706,0,0,8,"=","=","=","=","=","=","=","=","=",3,R,"Ѕeyeon",171.2,80,0.4,,95,W,Y,1,,,,,,,,,,,,,,,,,,,,,,,,,,,,,0,0,,,,,,,,,,,,,,,,,,,,,,,,,,,,,,,,,,,,,,-0.074,-37.986,0.037,-17.099,-20.205,-46.178,-13.838,-64.395,17.69,-50.124,9.341,-66.947,40.851,-92.2,0.418,-114.472,-40.338,-89.268,,,,"",,,,"",,,,"",,,,"",,,,"",,,,"",,,,"",,,,"",,,,,,,,,,,,,,,,,,,,,,,,,,,,,,,,,,,,,,,,,,,,,,,,,,,,,,,,,,"",0,,,,,,,,,,,,,0,"",,,,0,""
231,,9,1,5,2,0,1,1,0,0,0,255,255,255,16,7318.06,"SUGUN",R,2,63,93,-1.824,1.052,0.261,1.827,-0.014,1.758,-36.945,49.187,56,35,10,2,"",-330.095,-312.348,13.67,0,0,8,"=","=","=","=","=","=","=","=","=",3,R,"Ѕeyeon",171.2,80,0.4,5,95,W,Y,1,7319.243,210,80,113,65,41,,145,116,-9.12,-0.973,-0.305,1.282,-20.881,0.83,0,0.584,-425.84,131.215,38.407,7316.749,-0.204,-27.533,7320.29,7,-0.728,0.055,-98.92,1,0,,7324.676,,,,,,,,,,,,,,,,,,,,,,,,,,,,7350.529,2,,,,,,,-0.09,-37.876,0.047,-17.272,-20.261,-46.504,-13.432,-64.389,17.629,-50.207,10.815,-66.248,37.55,-96.471,0.049,-115.601,-40.631,-89.313,-0.603,-37.476,111,"mungjungh",-0.124,-17.255,,"CAT tourniquet",-20.274,-46.492,85,"crani",-13.392,-64.414,75,"Kr_Luna",17.491,-50.2,,"Yaksok~",11.809,-67.787,,"si_ho",37.524,-96.454,,"k@ster",-0.083,-115.596,90,"Penguin_iDOL",-40.419,-89.52,,7334.73,0.216,-38.983,,,,7350.262,-19.225,-39.585,7325.738,0.253,-59.578,,,,,,,,,,7322.993,-0.847,-100.012,,,,7349.35,-1.868,-38.243,,,,7353.069,-18.39,-39.66,7333.432,-3.367,-59.089,,,,,,,,,,7323.922,-0.638,-94.445,,,,"",2,2.879,2.879,-0.857,0,2,0.235,-14.503,-9.12,-26.65,-14.221,0.019,18.211,0,"k@ster",,,,225,""
232,,9,1,5,2,0,0,1,1,0,0,3,255,255,17,7371.526,"SUGUN",R,3,65,99,-3.205,-0.152,0.197,1.852,-0.747,1.579,-36.945,60.299,82,18,0,1,"",-275.24,26.052,27.048,-1.223,-14.677,0,"=","=","=","=","=","=","=","=","=",8,R,"sano jpn",169.8,92.118,0.561,,95,W,Y,0,,,,,,,,,,,,,,,,,,,,,,,,,,,,,0,256,,,,,,7379.146,,,,,,7371.894,,,7379.293,8,1,278,8,,,,,,,,,,,,,,,,,,,-0.083,-37.923,0.115,-16.999,-19.149,-43.884,-13.323,-64.292,18.004,-48.598,2.802,-67.574,34.988,-96.329,-0.643,-113.919,-44.884,-92.401,,,,"",,,,"",,,,"",,,,"",,,,"",,,,"",,,,"",,,,"",,,,7381.431,-0.461,-38.562,,,,,,,,,,,,,,,,,,,,,,,,,,,,,,,,,,,,,,,,,,,,,,,,,,,,"",0,,,,,,,,,,,,,0,"",7379.146,,,0,""
233,,9,1,5,2,1,0,2,0,0,0,255,255,255,18,7708.166,"SUGUN",R,33,84,136,1.145,0.138,0.332,1.82,0.323,1.579,-36.945,48.138,59,27,13,2,"",112.801,-85.097,19.408,0,0,0,"=","=","=","=","=","=","=","=","=",8,R,"sano jpn",169.8,92.118,0.561,3,68,W,Y,1,7709.256,165,50,183,84,23,,145,118,-9.168,38.233,0.109,0.91,-20.11,0.2,0.238,0.454,18.071,453.522,-38.279,7706.63,-3.688,-24.868,7707.839,2,-18.286,0.064,-43.23,0,0,,,,,,,,,,,,,,,7712.615,0,,147,0,,,,,,,,,,,7711.961,2,,,,,,,-0.046,-37.952,0.023,-17.087,-19.94,-44.796,-13.51,-64.414,17.653,-49.362,4.018,-67.784,36.712,-95.605,-0.965,-115.683,-49.152,-92.391,-0.373,-37.418,,"mungjungh",0.034,-17.136,,"CAT tourniquet",-19.534,-44.967,87,"crani",-13.498,-64.364,,"Kr_Luna",17.15,-49.745,,"Yaksok~",4.229,-69.526,,"si_ho",36.73,-95.625,,"k@ster",-0.728,-116.173,,"Penguin_iDOL",-48.983,-92.553,,,,,,,,7710.604,-18.547,-44.008,,,,,,,,,,,,,,,,,,,,,,,,,7713.87,-18.296,-38.828,,,,,,,,,,,,,,,,,,,"",2,,,,,,,,,,,,,0,"CAT tourniquet",,,,32,""
234,SIDE,9,1,5,2,0,0,2,0,0,0,255,255,255,,7715.063,,,,,,,,,,,,,,,,,,,,,,,,1,"=","=","=","=","=","=","=","=","=",,,,,,,,,,,,,,,,,,,,,,,,,,,,,,,,,,,,,,,0,0,,,,,,,,,,,,,,,,,,,,,,,,,,,,,,,,,,,,,,,,,,,,,,,,,,,,,,,,,,,,,,,,,,,,,,,,,,,,,,,,,,,,,,,,,,,,,,,,,,,,,,,,,,,,,,,,,,,,,,,,,,,,,,,,,,,,,,,,,,,,,,,,,"",0,,,,,,,,,,,,,0,"",,,,0,""
235,,9,0,5,2,0,0,0,0,0,0,255,255,255,24,7764.418,"인생최패망자",R,3,90,113,-4.235,0.362,0.587,1.511,-0.971,2,-36.74,45.307,2,98,0,4,"",-486.689,114.602,24.488,0,0,4,"SUGUN","Kr_Luna","si_ho","mungjungh","Penguin_iDOL","CAT tourniquet","crani","k@ster","Yaksok~",8,R,"Penguin_iDOL",190,85,0.3,,94,W,Y,1,,,,,,,,,,,,,,,,,,,,,,,,,,,,,0,0,,,,,,,,,,,,,,,,,,,,,,,,,,,,,,,,,,,,,,0.112,-37.597,0.054,-18.268,-21.599,-48.313,-17.167,-62.4,20.046,-46.224,9.673,-65.406,41.427,-95.904,0.125,-111.955,-46.291,-92.45,,,,"",,,,"",,,,"",,,,"",,,,"",,,,"",,,,"",,,,"",,,,,,,,,,,,,,,,,,,,,,,,,,,,,,,,,,,,,,,,,,,,,,,,,,,,,,,,,,"",0,,,,,,,,,,,,,0,"",,,,0,""
236,,9,0,5,2,0,1,0,0,0,0,255,255,255,25,7780.667,"인생최패망자",R,32,93,140,-0.422,-0.876,0.781,1.05,-0.553,1.002,-36.74,66.766,8,22,70,0,"",250,-85.922,-4.89,0,0,4,"=","=","=","=","=","=","=","=","=",8,R,"Penguin_iDOL",190,85,0.3,,94,W,Y,0,,,,,,,,,,,,,,,,,,,,,,,,,,,,,0,0,,,,,,,,,,,,,,,,,,,,,,,,,,,,,,,,,,,,,,0.189,-37.678,-0.03,-18.303,-21.454,-47.524,-17.145,-62.535,20.254,-46.433,9.617,-66.164,41.245,-95.957,0.126,-111.938,-45.05,-89.996,,,,"",,,,"",,,,"",,,,"",,,,"",,,,"",,,,"",,,,"",,,,,,,,,,,,,,,,,,,,,,,,,,,,,,,,,,,,,,,,,,,,,,,,,,,,,,,,,,"",0,,,,,,,,,,,,,0,"",,,,0,""
237,,9,0,5,2,0,2,0,0,0,0,255,255,255,26,7802.059,"인생최패망자",R,3,88,111,-3.661,-0.671,0.681,1.051,-0.679,1.221,-36.74,68.114,10,33,57,1,"",-500,0,-6.562,0,0,4,"=","=","=","=","=","=","=","=","=",8,R,"Penguin_iDOL",190,85,0.3,,94,W,Y,0,,,,,,,,,,,,,,,,,,,,,,,,,,,,,0,0,,,,,,,,,,,,,,,,,,,,,,,,,,,,,,,,,,,,,,0.122,-37.493,0.03,-18.037,-21.611,-47.704,-17.196,-62.537,20.197,-46.757,9.508,-65.893,41.055,-96.178,-0.383,-113.012,-45.477,-89.922,,,,"",,,,"",,,,"",,,,"",,,,"",,,,"",,,,"",,,,"",,,,,,,,,,,,,,,,,,,,,,,,,,,,,,,,,,,,,,,,,,,,,,,,,,,,,,,,,,"",0,,,,,,,,,,,,,0,"",,,,0,""
238,,9,0,5,2,1,2,0,0,0,0,255,255,255,27,7816.001,"인생최패망자",R,3,87,111,-4.085,-0.543,0.622,1.087,-0.862,1.3,-36.74,58.719,7,28,65,4,"",-500,0,0.173,0,0,4,"=","=","=","=","=","=","=","=","=",8,R,"Penguin_iDOL",190,85,0.3,,94,W,Y,1,,,,,,,,,,,,,,,,,,,,,,,,,,,,,0,16,,,,,,,,,,,,,,,7818.85,4,,578,0,,,,,,,,,,,,,,,,,,,0.146,-37.578,0.093,-17.985,-21.385,-47.329,-17.227,-62.487,20.77,-45.881,9.471,-65.973,41.008,-96.302,-0.393,-112.917,-43.27,-91.162,,,,"",,,,"",,,,"",,,,"",,,,"",,,,"",,,,"",,,,"",,,,,,,,,,,,,,,,,,,,,,,,,,,,,,,,,,,,,,,,,,,,,,,,,,,,,,,,,,"",0,,,,,,,,,,,,,0,"",,,,0,""
239,,9,0,5,2,0,0,1,0,0,0,255,255,255,28,7857.358,"인생최패망자",R,32,94,140,0.46,0.462,0.872,1.318,-0.132,1.871,-36.74,58.028,6,94,0,0,"",220.213,-50.838,3.404,0,0,5,"=","=","=","=","=","=","=","=","=",2,L,"CAT tourniquet",190,80,0.547,,51,W,Y,0,,,,,,,,,,,,,,,,,,,,,,,,,,,,,0,0,,,,,,,,,,,,,,,,,,,,,,,,,,,,,,,,,,,,,,0.221,-37.627,-0.03,-18.145,-21.277,-46.869,-12.907,-65.018,19.757,-45.899,12.71,-65.194,47.631,-92.1,-0.177,-110.016,-38.862,-95.086,,,,"",,,,"",,,,"",,,,"",,,,"",,,,"",,,,"",,,,"",,,,,,,,,,,,,,,,,,,,,,,,,,,,,,,,,,,,,,,,,,,,,,,,,,,,,,,,,,"",0,,,,,,,,,,,,,0,"",,,,0,""
240,,9,0,5,2,0,1,1,0,0,0,255,255,255,29,7869.842,"인생최패망자",R,32,95,140,0.202,0.55,0.855,1.331,-0.209,1.911,-36.74,52.918,5,95,0,0,"",194.898,-67.993,0.815,0,0,5,"=","=","=","=","=","=","=","=","=",2,L,"CAT tourniquet",190,80,0.547,,51,W,Y,1,,,,,,,,,,,,,,,,,,,,,,,,,,,,,0,0,,,,,,,,,,,,,,,,,,,,,,,,,,,,,,,,,,,,,,0.22,-37.462,0.012,-18.177,-21.423,-47.113,-13.023,-65.151,19.642,-45.841,12.712,-65.108,47.019,-92.609,-0.186,-110.071,-38.539,-94.921,,,,"",,,,"",,,,"",,,,"",,,,"",,,,"",,,,"",,,,"",,,,,,,,,,,,,,,,,,,,,,,,,,,,,,,,,,,,,,,,,,,,,,,,,,,,,,,,,,"",0,,,,,,,,,,,,,0,"",,,,0,""
241,,9,0,5,2,0,2,1,0,0,0,255,255,255,30,7884.726,"인생최패망자",R,32,94,140,1.172,1.253,0.946,1.469,0.214,2.358,-36.74,61.424,5,95,0,1,"",192.391,-59.787,7.648,0,0,5,"=","=","=","=","=","=","=","=","=",2,L,"CAT tourniquet",190,80,0.547,,51,W,Y,0,,,,,,,,,,,,,,,,,,,,,,,,,,,,,0,0,,,,,,,,,,,,,,,,,,,,,,,,,,,,,,,,,,,,,,0.183,-37.546,0.088,-18.193,-21.577,-47.388,-13.038,-65.146,19.816,-46.003,12.829,-65.095,47.001,-92.613,-0.176,-110.027,-38.546,-94.976,,,,"",,,,"",,,,"",,,,"",,,,"",,,,"",,,,"",,,,"",,,,,,,,,,,,,,,,,,,,,,,,,,,,,,,,,,,,,,,,,,,,,,,,,,,,,,,,,,"",0,,,,,,,,,,,,,0,"",,,,0,""
242,,9,0,5,2,1,2,1,0,0,0,255,255,255,31,7898.375,"인생최패망자",R,32,94,140,0.235,1.391,0.854,1.492,-0.212,2.434,-36.74,52.374,5,95,0,1,"",207.339,-72.015,10.583,0,0,5,"=","=","=","=","=","=","=","=","=",2,L,"CAT tourniquet",190,80,0.547,,51,W,Y,0,,,,,,,,,,,,,,,,,,,,,,,,,,,,,0,0,,,,,,,,,,,,,,,,,,,,,,,,,,,,,,,,,,,,,,0.206,-37.476,0.081,-18.232,-21.408,-47.837,-13.003,-64.973,19.717,-45.899,12.83,-65.107,46.962,-92.581,0.193,-109.983,-38.577,-94.843,,,,"",,,,"",,,,"",,,,"",,,,"",,,,"",,,,"",,,,"",,,,,,,,,,,,,,,,,,,,,,,,,,,,,,,,,,,,,,,,,,,,,,,,,,,,,,,,,,"",0,,,,,,,,,,,,,0,"",,,,0,""
243,,9,0,5,2,2,2,1,0,0,0,255,255,255,32,7911.571,"인생최패망자",R,32,92,140,1.134,1.275,0.926,1.461,0.119,2.332,-36.74,66.623,6,94,0,4,"",250,-104.891,6.033,0,0,5,"=","=","=","=","=","=","=","=","=",2,L,"CAT tourniquet",190,80,0.547,,51,W,Y,1,,,,,,,,,,,,,,,,,,,,,,,,,,,,,0,0,,,,,,,,,,,,,,,7914.261,5,,578,0,,,,,,,,,,,,,,,,,,,0.196,-37.604,-0.018,-18.251,-21.286,-47.508,-12.904,-64.993,19.842,-46.004,12.833,-65.073,46.976,-92.628,-0.232,-110.031,-38.635,-94.874,,,,"",,,,"",,,,"",,,,"",,,,"",,,,"",,,,"",,,,"",,,,,,,,,,,,,,,,,,,,,,,,,,,,,,,,,,,,,,,,,,,,,,,,,,,,,,,,,,"",0,,,,,,,,,,,,,0,"",,,,0,""
244,,9,0,5,2,0,0,2,0,0,0,255,255,255,33,7931.495,"인생최패망자",R,32,94,140,0.717,1.12,0.797,1.389,-0.015,2.167,-36.74,49.612,2,80,17,0,"",250,-60.835,15.612,0,0,6,"=","=","=","=","=","=","=","=","=",3,R,"crani",165.8,80,0.496,,94,W,Y,0,,,,,,,,,,,,,,,,,,,,,,,,,,,,,0,0,,,,,,,,,,,,,,,,,,,,,,,,,,,,,,,,,,,,,,0.209,-37.611,0.038,-18.218,-21.373,-47.873,-16.573,-62.795,19.926,-45.873,9.326,-63.568,34.656,-89.417,-0.16,-105.683,-41.585,-89.822,,,,"",,,,"",,,,"",,,,"",,,,"",,,,"",,,,"",,,,"",,,,,,,,,,,,,,,,,,,,,,,,,,,,,,,,,,,,,,,,,,,,,,,,,,,,,,,,,,"",0,,,,,,,,,,,,,0,"",,,,0,""
245,,9,0,5,2,0,1,2,0,0,0,255,255,255,34,7944.324,"인생최패망자",R,32,90,140,2.19,0.518,0.925,1.304,0.58,1.85,-36.74,66.79,7,93,0,2,"",250,-48.459,5.156,0,0,6,"=","=","=","=","=","=","=","=","=",3,R,"crani",165.8,80,0.496,5,94,W,Y,1,7945.51,130,49,82,58,28,,138,77,64.773,-12.916,0.257,0.805,-19.7,-1,0,0.469,126.825,-156.91,194.066,7948.38,7.624,-52.713,7948.478,5,7.362,2.807,-51.791,0,0,,7950.883,,,,,,,,,,,,,7951.29,6,,454,0,,,,,,,,,,,,,,,,,,,0.214,-37.489,0.07,-18.165,-21.499,-47.519,-16.583,-62.582,19.677,-45.918,9.359,-63.61,35.243,-89.346,-0.201,-105.745,-41.978,-89.643,0.299,-37.033,,"白霜らいふ",0.055,-18.2,,"ʚEveɞ",-21.647,-48.113,,"Ѕeyeon",-17.298,-64.935,,"P0TA0",19.654,-45.815,,"ibqrqki",9.232,-63.244,99,"IbikiKai_JP",35.22,-89.33,,"カズティー",-0.2,-105.741,,"sano jpn",-42.001,-89.856,,,,,7954.766,-0.624,-21.896,,,,,,,,,,7951.311,7.391,-52.168,,,,,,,,,,,,,,,,,,,,,,,,,7953.307,5.252,-49.368,,,,,,,,,,"",1,-11.919,-11.919,16.187,0,0,1,64.773,64.773,25.757,64.773,0,-32.042,0,"ibqrqki",,,,96,""
246,END,10,1,5,2,0,0,0,0,0,0,255,255,255,,8034.718,,,,,,,,,,,,,,,,,,,,,,,,,,,,,,,,,,,,,,,,,,,,,,,,,,,,,,,,,,,,,,,,,,,,,,,,,,,,,,,,,,,,,,,,,,,,,,,,,,,,,,,,,,,,,,,,,,,,,,,,,,,,,,,,,,,,,,,,,,,,,,,,,,,,,,,,,,,,,,,,,,,,,,,,,,,,,,,,,,,,,,,,,,,,,,,,,,,,,,,,,,,,,,,,,,,,,,,,,,,,,,,,,,,,,,,,,,,,,,,"{""schemaVersion"":16,""gameTimeZeroUtc"":""2026-08-16T11:44:01.784Z"",""exportedAtUtc"":""2026-08-16T13:57:56.502Z"",""teamNameA"":""RB"",""teamNameB"":""MSS""}"
