id,type,inn,half,scoreA,scoreB,ball,strk,out,b1,b2,b3,b1Idx,b2Idx,b3Idx,pCnt,pSec,pName,pHand,pType,pPow,spdK,zoneX,zoneY,startX,startY,targetX,targetY,zDist,pitchAngle,pOver,pSide,pUnder,call,manual,sH,sV,gyro,plx,plz,bIdx,order1Name,order2Name,order3Name,order4Name,order5Name,order6Name,order7Name,order8Name,order9Name,bPos,bZone,bName,bHCm,batLen,batCen,batType,bFps,bOS,bVR,bSwing,hSec,rotS,rotL,shS,lgS,prepS,gripPen,batSpd,ev,ldeg,sdeg,launchPosX,launchPosY,launchPosZ,hPos,buntGrip,handDist,angVeloX,angVeloY,angVeloZ,ltSec,lx,lz,cSec,cPos,cx,cy,cz,1BSafe,tag,cpSec,bTo1Sec,bTo2Sec,bTo3Sec,bToHSec,r1To2Sec,r1To3Sec,r1ToHSec,r2To3Sec,r2ToHSec,r3ToHSec,r1LeaveSec,r2LeaveSec,r3LeaveSec,out1Sec,out1BatterIndex,out1PrevBase,out1Code,out1Ass,out2Sec,out2BatterIndex,out2PrevBase,out2Code,out2Ass,out3Sec,out3BatterIndex,out3PrevBase,out3Code,out3Ass,ball1Sec,ball1Pos,ball2Sec,ball2Pos,ball3Sec,ball3Pos,ballHSec,ballHPos,PitchPPosX,PitchPPosZ,PitchCPosX,PitchCPosZ,Pitch1BPosX,Pitch1BPosZ,Pitch2BPosX,Pitch2BPosZ,Pitch3BPosX,Pitch3BPosZ,PitchSSPosX,PitchSSPosZ,PitchLFPosX,PitchLFPosZ,PitchCFPosX,PitchCFPosZ,PitchRFPosX,PitchRFPosZ,PPosX,PPosY,PThrSpd,CName,CPosX,CPosY,CThrSpd,1BName,1BPosX,1BPosY,1BThrSpd,2BName,2BPosX,2BPosY,2BThrSpd,3BName,3BPosX,3BPosY,3BThrSpd,SSName,SSPosX,SSPosY,SSThrSpd,LFName,LFPosX,LFPosY,LFThrSpd,CFName,CFPosX,CFPosY,CFThrSpd,RFName,RFPosX,RFPosY,RFThrSpd,PGetSec,PGetX,PGetZ,CGetSec,CGetX,CGetZ,1BGetSec,1BGetX,1BGetZ,2BGetSec,2BGetX,2BGetZ,3BGetSec,3BGetX,3BGetZ,SSGetSec,SSGetX,SSGetZ,LFGetSec,LFGetX,LFGetZ,CFGetSec,CFGetX,CFGetZ,RFGetSec,RFGetX,RFGetZ,PThrSec,PThrX,PThrZ,CThrSec,CThrX,CThrZ,1BThrSec,1BThrX,1BThrZ,2BThrSec,2BThrX,2BThrZ,3BThrSec,3BThrX,3BThrZ,SSThrSec,SSThrX,SSThrZ,LFThrSec,LFThrX,LFThrZ,CFThrSec,CFThrX,CFThrZ,RFThrSec,RFThrX,RFThrZ,errPosDelta,result,swPreDeg,swTargetDeg,swApproachDeg,swCorr,swSource,swProximity,swVRawDeg,swVAdjustedDeg,swVMotionDeg,swVClosestDeg,swVYShrink,swGeometryDeg,balk,cPlr,sb2Sec,sb3Sec,sbhSec,ass,remarks
1,,1,1,0,0,0,0,0,0,0,0,255,255,255,0,1102.633,"Espressο",R,10,98,122,1.601,0.22,0.659,2.102,0.678,2.126,-36.608,57.643,90,10,0,2,"",0,400,-0.999,0,0,0,"Yaksok~","Kr_Luna","Penguin_iDOL","CAT tourniquet","HANA_ARASHI","가앤슬_","CVPileMaki","crani","k@ster",6,R,"Yaksok~",181.9,89.735,0.332,5,158,W,Y,1,1103.57,149,124,104,78,36,,145,103,30.525,-31.939,0.303,1.093,-20.745,-0.18,0,0.325,433.483,129.826,313.997,1109.038,45,-97.429,1109.197,6,43.584,2.614,-94.86,0,0,,1109.176,,,,,,,,,,,,,1109.031,0,,455,0,,,,,,,,,,,,,,,,,,,0.001,-37.392,0.071,-17.522,-22.29,-50.691,-13.299,-61.188,20.617,-48.678,11.828,-62.528,43.747,-92.079,-0.425,-112.706,-42.08,-86.006,-0.069,-37.123,,"kneesohime",0.098,-17.554,,"にゃんこ65K",-22.26,-50.554,,"vovopo 보보포",-13.294,-61.19,,"?fredo?",18.5,-47.405,89,"CoalCat",11.825,-62.48,,"Roscosmos",43.732,-92.097,113,"Gonyong",-0.392,-112.632,,"Metalu",-42.024,-86.029,,,,,,,,,,,,,,1113.002,20.862,-47.119,,,,1109.038,43.851,-95.206,,,,,,,,,,,,,,,,,,,1114.633,19.29,-45.832,,,,1111.346,37.114,-82.14,,,,,,,"",1,-30.65,-30.65,-7.023,0,1,0.549,75.61,30.525,-7.475,82.325,0.072,-54.205,0,"Roscosmos",,,,258,""
2,,1,1,0,0,0,0,1,0,0,0,255,255,255,1,1212.21,"Espressο",R,26,113,140,-1.585,-0.364,0.231,1.839,-0.681,1.197,-36.608,21.86,85,15,0,1,"",-14.18,-200,6.222,0,0,1,"=","=","=","=","=","=","=","=","=",2,L,"Kr_Luna",190,95.163,0.504,,92,W,Y,0,,,,,,,,,,,,,,,,,,,,,,,,,,,,,0,0,,,,,,,,,,,,,,,,,,,,,,,,,,,,,,,,,,,,,,-0.099,-37.525,-0.022,-17.327,-21.979,-52.062,-10.209,-60.587,21.516,-48.303,13.65,-61.867,46.282,-91.324,1.021,-112.902,-42.343,-86.888,,,,"",,,,"",,,,"",,,,"",,,,"",,,,"",,,,"",,,,"",,,,,,,,,,,,,,,,,,,,,,,,,,,,,,,,,,,,,,,,,,,,,,,,,,,,,,,,,,"",0,,,,,,,,,,,,,0,"",,,,0,""
3,,1,1,0,0,1,0,1,0,0,0,255,255,255,2,1229.378,"Espressο",R,26,109,140,-1.229,0.747,0.245,1.966,-0.639,1.903,-36.608,31.785,84,16,0,2,"",70.576,-191.648,10.212,0,0,1,"=","=","=","=","=","=","=","=","=",2,L,"Kr_Luna",190,95.163,0.504,5,92,W,Y,1,1230.13,148,116,110,58,22,,145,130,25.862,-66.193,-0.238,1.279,-19.986,0.29,0,0.146,354.891,-206.236,291.311,,,,,,,,,0,0,,,,,,,,,,,,,,,,,,,,,,,,,,,,,,,,,,,,,,-0.149,-37.45,-0.005,-17.308,-22.053,-52.154,-10.174,-60.525,21.326,-48.155,13.659,-61.9,47.168,-91.155,1.408,-112.328,-39.983,-87.629,-0.202,-37.033,,"kneesohime",-0.018,-17.326,,"にゃんこ65K",-22.049,-52.141,,"vovopo 보보포",-10.129,-60.481,,"?fredo?",20.59,-47.276,,"CoalCat",13.729,-61.866,,"Roscosmos",47.218,-91.16,,"Gonyong",1.405,-112.305,,"Metalu",-39.965,-87.644,,,,,,,,,,,,,,,,,,,,,,,,,,,,,,,,,,,,,,,,,,,,,,,,,,,,,,,,"",3,-67.111,-62.719,-19.878,0.533,1,0.903,47.438,31.478,26.529,87.356,0.039,-84.993,0,"",,,,0,""
4,,1,1,0,0,1,1,1,0,0,0,255,255,255,3,1248.998,"Espressο",R,10,96,120,-0.145,-0.883,0.502,1.912,0.406,1.802,-36.608,44.118,94,6,0,2,"",0,400,-4.493,0,0,1,"=","=","=","=","=","=","=","=","=",2,L,"Kr_Luna",190,95.163,0.504,0,92,W,Y,1,1249.843,141,95,116,72,45,,144,128,26.843,-29.824,0.173,0.829,-20.169,0.74,0,0.162,91.809,-55.958,25.755,1255.067,53.944,-114.73,1256.088,6,49.183,0.376,-113.373,1,0,,1255.474,1259.853,,,,,,,,,,,,,,,,,,,,,,,,,,,,,1261.665,3,,,,,-0.016,-37.48,0.032,-17.374,-22.028,-52.044,-10.199,-60.864,22.301,-48.757,15.27,-61.743,47.126,-92.234,1.501,-112.611,-40.983,-87.115,-0.026,-37.414,,"kneesohime",0.065,-17.469,,"にゃんこ65K",-22.008,-52.026,,"vovopo 보보포",-10.208,-60.867,83,"?fredo?",21.16,-48.133,,"CoalCat",15.324,-61.669,,"Roscosmos",47.158,-92.23,112,"Gonyong",1.506,-112.605,,"Metalu",-40.888,-87.063,,1265.934,-0.031,-38.428,,,,,,,1260.999,0.391,-59.956,,,,,,,1255.944,48.751,-112.568,,,,,,,,,,,,,,,,1264.735,-3.383,-57.568,,,,,,,1258.468,44.172,-99.138,,,,,,,"",2,,,,,,,,,,,,,1,"Roscosmos",1259.853,,,400,""
5,,1,1,0,0,0,0,1,0,0,1,255,255,2,4,1401.882,"Espressο",R,26,104,140,2.053,1.04,0.578,2.046,0.703,2.076,-36.608,46.791,91,9,0,2,"",146.967,-200,2.885,0,0,2,"=","=","=","=","=","=","=","=","=",4,R,"Penguin_iDOL",190,85,0.3,5,146,W,Y,0,1402.943,171,29,112,41,25,,145,130,-30,76.247,0.375,1.341,-19.14,0.69,0,0.201,-48.906,-40.398,-188.022,1403.163,-1.736,-19.657,,,,,,0,0,,,,,,,,,,,,,,1402.364,,,,,,,,,,,,,,,,,,,,,,,,0.076,-37.447,0.049,-17.333,-20.77,-47.479,-12.525,-61.178,19.665,-41.098,10.06,-60.708,44.825,-87.056,0.381,-106.892,-44.699,-90.134,0.132,-37.34,,"kneesohime",0.079,-17.369,,"にゃんこ65K",-20.785,-47.462,,"vovopo 보보포",-12.681,-61.169,,"?fredo?",15.805,-43.782,,"CoalCat",10.02,-60.623,,"Roscosmos",44.843,-87.025,,"Gonyong",0.39,-106.881,,"Metalu",-44.701,-90.14,,,,,,,,,,,,,,,,,,,,,,,,,,,,,,,,,,,,,,,,,,,,,,,,,,,,,,,,"",3,159.241,76.477,35.461,1,1,0.751,-66.292,-51.996,-66.371,-72.379,0.054,162.795,0,"",,1406.074,,0,""
6,,1,1,0,0,0,1,1,0,0,1,255,255,2,5,1420.863,"Espressο",R,13,84,108,-1.775,-0.755,0.43,1.818,-0.23,1.674,-36.608,33.741,100,0,0,4,"",-292.118,400,1.942,-0.654,-16.549,2,"=","=","=","=","=","=","=","=","=",4,R,"Penguin_iDOL",190,85,0.3,,145,W,Y,1,,,,,,,,,,,,,,,,,,,,,,,,,,,,,0,0,,,,,,,,,,,,,,,,,,,,,,,,,,,,,,,,,,,,,,-0.031,-37.391,-0.072,-17.459,-20.523,-47.481,-12.866,-61.064,19.795,-40.866,11.021,-62.274,45.121,-90.574,0.454,-112.825,-45.914,-88.981,,,,"",,,,"",,,,"",,,,"",,,,"",,,,"",,,,"",,,,"",,,,,,,,,,,,,,,,,,,,,,,,,,,,,,,,,,,,,,,,,,,,,,,,,,,,,,,,,,"",0,,,,,,,,,,,,,0,"",,1423.711,,0,""
7,,1,1,0,0,0,2,1,0,0,1,255,255,2,6,1442.594,"Espressο",R,27,106,140,-0.774,-1.994,0.274,1.388,-0.547,0.226,-36.608,14.884,51,49,0,1,"",147.772,-149.764,6.418,-0.172,-18.418,2,"=","=","=","=","=","=","=","=","=",4,R,"Penguin_iDOL",190,85,0.3,,145,W,Y,0,,,,,,,,,,,,,,,,,,,,,,,,,,,,,0,0,,,,,,,,,,,,,,1442.596,,,,,,,,,,,,,,,,,,,,,,,,0.033,-37.232,0.005,-17.236,-20.24,-47.313,-12.864,-61.071,19.643,-40.761,11.923,-61.657,45.258,-91.341,0.453,-112.806,-45.926,-88.92,,,,"",,,,"",,,,"",,,,"",,,,"",,,,"",,,,"",,,,"",,,,,,,,,,,,,,,,,,,,,,,,,,,,,,,,,,,,,,,,,,,,,,,,,,,,,,,,,,"",0,,,,,,,,,,,,,0,"",,1444.83,,0,""
8,,1,1,0,0,1,2,1,0,0,1,255,255,2,7,1460.663,"Espressο",R,13,92,114,-3.479,-1.074,0.212,1.875,-0.898,1.371,-36.608,33.6,88,12,0,4,"",-351.504,355.591,5.27,-0.953,-17.109,2,"=","=","=","=","=","=","=","=","=",4,R,"Penguin_iDOL",190,85,0.3,,145,W,Y,1,,,,,,,,,,,,,,,,,,,,,,,,,,,,,0,4,,,,,,,,,,,,,,1460.901,1467.29,2,,706,16,,,,,,,,,,,,,,,,,,,-0.136,-37.426,-0.011,-17.456,-20.379,-47.237,-12.867,-61.079,19.651,-43.221,10.493,-62.171,45.004,-92.273,0.487,-112.808,-45.976,-88.833,,,,"",,,,"",,,,"",,,,"",,,,"",,,,"",,,,"",,,,"",,,,,,,,,,,,,,,,,,,,,,,,,,,,,,,,,,,,,,,,,,,,,,,,,,,,,,,,,,"",0,,,,,,,,,,,,,0,"",,1463.596,,0,""
9,,1,1,0,0,0,0,2,0,0,1,255,255,2,8,1484.131,"Espressο",R,26,111,140,-0.99,-0.192,0.293,1.887,-0.489,1.303,-36.608,28.705,89,11,0,2,"",41.092,-200,2.659,0,0,3,"=","=","=","=","=","=","=","=","=",9,L,"CAT tourniquet",190,85,0.547,5,143,W,Y,1,1485.191,173,131,139,68,76,,145,101,-71.707,6.831,-0.192,0.922,-20.109,-0.42,0,0.367,-533.154,259.064,92.911,1485.317,-0.226,-20.391,1488.655,0,-2.746,2.729,-41.219,0,0,,1491.183,,,,,,,,,1489.875,,,,1490.491,3,,147,16,,,,,,,,,,,,,,,,,,,-0.153,-37.312,-0.02,-16.996,-21.422,-50.179,-11.189,-59.934,20.816,-45.362,13.83,-62.5,45.605,-91.547,5.1,-114.042,-40.595,-87.065,0.108,-37.143,119,"kneesohime",-0.05,-17.056,,"にゃんこ65K",-21.414,-50.154,,"vovopo 보보포",-11.199,-59.932,,"?fredo?",20.295,-44.904,,"CoalCat",13.829,-62.45,,"Roscosmos",45.489,-91.325,,"Gonyong",6.026,-114.158,,"Metalu",-40.571,-87.046,,1488.604,-2.847,-41.89,,,,1489.944,-18.529,-39.757,,,,,,,,,,,,,,,,,,,1489.19,-3.809,-42.106,,,,,,,,,,,,,,,,,,,,,,,,,"",2,8.411,8.411,1.168,0,2,0.214,-78.21,-71.707,-5.999,-86.222,0.065,167.568,0,"Espressο",,,1489.875,24,""
10,SIDE,1,1,0,0,0,0,2,0,0,0,255,255,255,,1492.348,,,,,,,,,,,,,,,,,,,,,,,,4,"=","=","=","=","=","=","=","=","=",,,,,,,,,,,,,,,,,,,,,,,,,,,,,,,,,,,,,,,0,0,,,,,,,,,,,,,,,,,,,,,,,,,,,,,,,,,,,,,,,,,,,,,,,,,,,,,,,,,,,,,,,,,,,,,,,,,,,,,,,,,,,,,,,,,,,,,,,,,,,,,,,,,,,,,,,,,,,,,,,,,,,,,,,,,,,,,,,,,,,,,,,,,"",0,,,,,,,,,,,,,0,"",,,,0,""
11,,1,0,0,0,0,0,0,0,0,0,255,255,255,0,1661.402,"si_ho",R,3,73,101,-1.768,-0.975,0.199,1.549,-0.008,1.404,-36.372,15.101,50,50,0,1,"",-382.164,207.612,-20.054,0,0,0,"Gonyong","?fredo?","kneesohime","にゃんこ65K","Espressο","CoalCat","Metalu","vovopo 보보포","Roscosmos",7,R,"Gonyong",170,80,0.298,,58,W,Y,0,,,,,,,,,,,,,,,,,,,,,,,,,,,,,0,0,,,,,,,,,,,,,,,,,,,,,,,,,,,,,,,,,,,,,,-0.109,-37.121,-0.073,-17.743,-19.258,-50.103,-13.466,-64.781,20.955,-49.68,2.186,-68.077,38.914,-89.807,0.343,-108.716,-37.559,-101.685,,,,"",,,,"",,,,"",,,,"",,,,"",,,,"",,,,"",,,,"",,,,,,,,,,,,,,,,,,,,,,,,,,,,,,,,,,,,,,,,,,,,,,,,,,,,,,,,,,"",0,,,,,,,,,,,,,0,"",,,,0,""
12,,1,0,0,0,1,0,0,0,0,0,255,255,255,1,1674.953,"si_ho",R,27,85,138,1.539,-0.06,0.332,1.596,0.607,1.451,-36.372,18.335,57,43,0,4,"",39.814,-119.371,-0.588,0,0,0,"=","=","=","=","=","=","=","=","=",7,R,"Gonyong",170,80,0.298,,58,W,Y,1,,,,,,,,,,,,,,,,,,,,,,,,,,,,,0,0,,,,,,,,,,,,,,,,,,,,,,,,,,,,,,,,,,,,,,-0.005,-37.071,-0.016,-17.804,-19.736,-49.374,-12.551,-65.32,20.579,-50.252,11.875,-65.367,38.921,-89.827,0.308,-109.155,-34.11,-96.306,,,,"",,,,"",,,,"",,,,"",,,,"",,,,"",,,,"",,,,"",,,,,,,,,,,,,,,,,,,,,,,,,,,,,,,,,,,,,,,,,,,,,,,,,,,,,,,,,,"",0,,,,,,,,,,,,,0,"",,,,0,""
13,,1,0,0,0,1,1,0,0,0,0,255,255,255,2,1694.949,"si_ho",R,10,80,108,-1.255,-1.771,0.239,1.689,-0.553,1.19,-36.372,19.476,57,43,0,1,"",0,400,2.154,-0.286,-18.614,0,"=","=","=","=","=","=","=","=","=",7,R,"Gonyong",170,80,0.298,,58,W,Y,0,,,,,,,,,,,,,,,,,,,,,,,,,,,,,0,0,,,,,,,,,,,,,,,,,,,,,,,,,,,,,,,,,,,,,,-0.107,-37.374,-0.028,-17.769,-20.109,-49.019,-13.558,-64.871,20.772,-49.662,2.461,-67.804,39.493,-91.116,-0.08,-106.03,-37.104,-95.717,,,,"",,,,"",,,,"",,,,"",,,,"",,,,"",,,,"",,,,"",,,,,,,,,,,,,,,,,,,,,,,,,,,,,,,,,,,,,,,,,,,,,,,,,,,,,,,,,,"",0,,,,,,,,,,,,,0,"",,,,0,""
14,,1,0,0,0,2,1,0,0,0,0,255,255,255,3,1710.865,"si_ho",R,27,89,140,1.992,0.667,0.442,1.751,0.798,1.87,-36.372,27.705,90,10,0,2,"",42.383,-106.854,-1.964,0,0,0,"=","=","=","=","=","=","=","=","=",7,R,"Gonyong",170,80,0.298,5,58,W,Y,1,1712.02,123,111,139,62,20,,138,81,51.687,-14.493,0.367,1.083,-19.872,-0.89,0,0.333,262.326,85.719,-275.375,1717.451,14.063,-68.751,1717.73,5,13.771,2.399,-67.418,0,0,,1719.088,,,,,,,,,,,,,1717.55,0,,454,0,,,,,,,,,,,,,,,,,,,0.022,-37.113,0.026,-17.758,-20.115,-49.093,-13.455,-64.773,21.078,-49.616,10.535,-66.116,39.491,-91.105,-0.284,-106.017,-37.035,-93.559,0.098,-36.843,,"가앤슬_",0.155,-17.916,,"Kr_Luna",-19.949,-49.127,,"crani",-13.438,-64.664,,"Penguin_iDOL",21.03,-49.594,,"CVPileMaki",10.501,-66.111,103,"Yaksok~",39.5,-91.118,,"k@ster",-0.254,-106.041,,"HANA_ARASHI",-37.174,-93.848,,1720.894,0.894,-38.797,,,,,,,,,,,,,1717.561,13.986,-67.85,,,,,,,,,,,,,,,,,,,,,,,,,1719.416,13.568,-65.873,,,,,,,,,,"",1,-14.382,-14.382,-9.694,0,1,0.47,61.952,51.687,-3.613,57.469,0.04,141.816,0,"CVPileMaki",,,,64,""
15,,1,0,0,0,0,0,1,0,0,0,255,255,255,4,1747.92,"si_ho",R,10,80,108,1.658,-1.209,0.499,1.546,0.707,1.302,-36.372,23.685,62,38,0,1,"",0,400,-3.524,0,0,1,"=","=","=","=","=","=","=","=","=",4,R,"?fredo?",190,83.536,0.353,,135,W,Y,0,,,,,,,,,,,,,,,,,,,,,,,,,,,,,0,0,,,,,,,,,,,,,,,,,,,,,,,,,,,,,,,,,,,,,,0.061,-37.191,0.06,-17.798,-21.338,-48.102,-13.851,-64.486,21.151,-51.147,15.416,-63.249,39.394,-91.559,0.231,-106.018,-41.131,-94.35,,,,"",,,,"",,,,"",,,,"",,,,"",,,,"",,,,"",,,,"",,,,1766.747,0.279,-37.281,,,,,,,,,,,,,,,,,,,,,,,,,,,,,,,,,,,,,,,,,,,,,,,,,,,,"",0,,,,,,,,,,,,,0,"",,,,0,""
16,,1,0,0,0,1,0,1,0,0,0,255,255,255,5,1787.027,"si_ho",R,27,90,140,2.081,0.657,0.441,1.786,0.804,1.927,-36.372,30.759,86,14,0,2,"",67.238,-110.183,-0.627,0,0,1,"=","=","=","=","=","=","=","=","=",4,R,"?fredo?",190,83.536,0.353,3,135,W,Y,1,1788.121,128,90,99,54,18,,138,83,-20.733,-6.409,0.459,1.024,-19.858,-1,0,0.307,221.432,47.222,168.647,1788.384,0.741,-22.37,1789.501,0,0.708,0.715,-34.597,0,0,,,,,,,,,,,,,,,1792.84,1,,147,0,,,,,,,,,,,,,,,,,,,0.05,-37.161,0.095,-17.779,-20.469,-48.212,-11.097,-64.989,22.075,-50.685,10.768,-65.76,40.495,-91.323,0.33,-110.99,-39.279,-95.301,0.064,-36.821,86,"가앤슬_",0.355,-17.97,,"Kr_Luna",-20.513,-48.18,60,"crani",-11.052,-64.921,,"Penguin_iDOL",22.036,-50.693,,"CVPileMaki",10.769,-65.71,,"Yaksok~",40.485,-91.304,,"k@ster",0.265,-111.033,,"HANA_ARASHI",-39.101,-95.544,,1789.37,0.573,-35.998,,,,1792.208,-18.843,-39.627,,,,,,,,,,,,,,,,,,,1791.3,-4.174,-38.438,,,,1795.245,-18.036,-39.956,,,,,,,,,,,,,,,,,,,"",2,,,,,,,,,,,,,0,"si_ho",,,,2,""
17,,1,0,0,0,0,0,2,0,0,0,255,255,255,6,1812.046,"si_ho",R,13,91,113,-2.133,-0.513,0.254,1.691,-0.36,1.615,-36.372,22.245,61,39,0,1,"",-390.434,312.348,-19.118,0,0,2,"=","=","=","=","=","=","=","=","=",1,R,"kneesohime",190,85.362,0.501,,133,W,Y,0,,,,,,,,,,,,,,,,,,,,,,,,,,,,,0,0,,,,,,,,,,,,,,,,,,,,,,,,,,,,,,,,,,,,,,-0.096,-37.207,-0.073,-17.879,-19.222,-47.221,-13.757,-63.873,21.423,-50.272,2.427,-67.676,40.979,-90.465,-0.059,-115.767,-39.677,-94.788,,,,"",,,,"",,,,"",,,,"",,,,"",,,,"",,,,"",,,,"",,,,1815.887,0.033,-37.4,,,,,,,,,,,,,,,,,,,,,,,,,,,,,,,,,,,,,,,,,,,,,,,,,,,,"",0,,,,,,,,,,,,,0,"",,,,0,""
18,,1,0,0,0,1,0,2,0,0,0,255,255,255,7,1829.3,"si_ho",R,26,97,140,-1.324,-0.45,0.225,1.694,-0.709,1.189,-36.372,19.847,45,55,0,2,"",94.2,-157.114,0.455,0,0,2,"=","=","=","=","=","=","=","=","=",1,R,"kneesohime",190,85.362,0.501,3,133,W,Y,1,1830.436,255,115,132,78,45,,145,103,61.304,46.963,-0.253,0.824,-20.083,-0.19,0,0.232,591.525,97.42,24.65,1836.922,-56.128,-63.724,,,,,,0,0,,,,,,,,,,,,,,,,,,,,,,,,,,,,,,,,,,,,,,-0.128,-37.105,-0.073,-17.953,-19.248,-47.303,-13.67,-64.433,17.734,-58.475,2.753,-67.824,39.331,-89.739,0.11,-112.773,-42.32,-96.692,0.049,-36.868,,"가앤슬_",-0.152,-18.101,,"Kr_Luna",-19.208,-47.187,,"crani",-13.651,-64.423,,"Penguin_iDOL",17.67,-58.471,,"CVPileMaki",2.789,-67.767,,"Yaksok~",39.329,-89.743,,"k@ster",0.062,-112.758,,"HANA_ARASHI",-41.65,-96.904,,,,,,,,,,,,,,,,,,,,,,,,,,,,,,,,,,,,,,,,,,,,,,,,,,,,,,,,"",3,,,,,,,,,,,,,0,"",,,,0,""
19,,1,0,0,0,1,1,2,0,0,0,255,255,255,8,1855.571,"si_ho",R,13,67,96,-1.451,-0.878,0.243,1.621,0.135,1.584,-36.372,17.491,60,40,0,2,"",-340.743,312.348,-42.763,0,0,2,"=","=","=","=","=","=","=","=","=",1,R,"kneesohime",190,85.362,0.501,5,86,W,Y,1,1856.914,255,169,142,116,53,,145,131,-30,-17.804,-0.208,0.798,-21.113,0.67,0,0.391,77.781,247.388,376.956,1856.951,0.183,-22.33,1864.78,7,29.706,0.057,-128.944,1,0,,1863.041,1869.244,,,,,,,,,,,,,,,,,,,,,,,,,,,,,,,,,,,-0.106,-36.969,-0.036,-17.906,-19.577,-47.379,-13.664,-64.695,20.23,-53.224,3.024,-67.213,39.781,-87.665,0.253,-112.129,-42.205,-97.357,0.097,-36.886,,"가앤슬_",-0.132,-18.047,,"Kr_Luna",-19.576,-47.385,,"crani",-13.613,-64.608,74,"Penguin_iDOL",20.224,-53.211,,"CVPileMaki",2.858,-67.08,,"Yaksok~",39.822,-87.744,,"k@ster",-3.4,-111.986,94,"HANA_ARASHI",-42.415,-97.073,,1875.997,0.303,-38.831,,,,,,,1869.69,0.224,-59.521,,,,,,,,,,1864.76,29.296,-128.558,,,,,,,,,,,,,1874.722,-1.825,-57.841,,,,,,,,,,1865.962,26.888,-122.989,,,,"",2,-13.016,-13.016,-15.872,0,2,0.312,-54.232,-39.935,-9.241,-54.749,0.056,121.6,0,"k@ster",1869.244,,,384,""
20,,1,0,0,0,0,0,2,0,1,0,255,11,255,9,1891.291,"si_ho",R,10,84,110,0.967,-0.828,0.396,1.682,0.41,1.525,-36.372,26.311,93,7,0,0,"",0,400,0.843,0,0,3,"=","=","=","=","=","=","=","=","=",2,R,"にゃんこ65K",190,91.275,0.596,,131,W,Y,0,,,,,,,,,,,,,,,,,,,,,,,,,,,,,0,0,,,,,,,,,,,,,1891.661,,,,,,,,,,,,,,,,,,,,,,,,,-0.028,-37.156,0.055,-17.991,-18.861,-47.304,-14.135,-64.032,22.408,-49.593,15.042,-63.01,37.58,-89.975,-0.707,-109.693,-39.549,-94.893,,,,"",,,,"",,,,"",,,,"",,,,"",,,,"",,,,"",,,,"",,,,1896.187,0.404,-37.212,,,,,,,,,,,,,,,,,,,,,,,,,,,,,,,,,,,,,,,,,,,,,,,,,,,,"",0,,,,,,,,,,,,,0,"",1893.916,,,0,""
21,,1,0,0,0,0,1,2,0,1,0,255,11,255,10,1907.734,"si_ho",R,26,86,139,2.186,0.624,0.413,1.715,0.989,1.854,-36.372,23.732,90,10,0,1,"",-37.194,-174.382,4.617,0,0,3,"=","=","=","=","=","=","=","=","=",2,R,"にゃんこ65K",190,91.275,0.596,,131,W,Y,0,,,,,,,,,,,,,,,,,,,,,,,,,,,,,0,0,,,,,,,,,,,,,1922.229,,,,,,,,,,,,,,,,,,,,,,,,,0.012,-37.074,0.054,-17.846,-19.082,-47.066,-11.749,-63.432,21.883,-49.979,8.811,-66.191,37.926,-90.048,-0.698,-109.673,-38.31,-92.733,,,,"",,,,"",,,,"",,,,"",,,,"",,,,"",,,,"",,,,"",,,,1912.216,-0.166,-37.105,,,,,,,,,,,,,,,,,,,,,,,,,,,,,,,,,,,,,,,,,,,,,,,,,,,,"",0,,,,,,,,,,,,,0,"",1910.462,,,0,""
22,,1,0,0,0,1,1,2,0,1,0,255,11,255,11,1924.039,"si_ho",R,13,82,107,-2.423,-1.001,0.259,1.645,-0.35,1.369,-36.372,22.592,61,39,0,1,"",-382.189,287.303,-13.089,0,0,3,"=","=","=","=","=","=","=","=","=",2,R,"にゃんこ65K",190,91.275,0.596,,131,W,Y,0,,,,,,,,,,,,,,,,,,,,,,,,,,,,,0,0,,,,,,,,,,,,,1938.909,,,,,,,,,,,,,,,,,,,,,,,,,-0.115,-37.149,-0.317,-17.869,-18.886,-47.206,-13.213,-64.722,22.652,-47.976,4.42,-67.601,38.891,-90.47,-0.716,-109.685,-37.518,-90.778,,,,"",,,,"",,,,"",,,,"",,,,"",,,,"",,,,"",,,,"",,,,1928.073,-0.068,-37.017,,,,,,,,,,,,,,,,,,,,,,,,,,,,,,,,,,,,,,,,,,,,,,,,,,,,"",0,,,,,,,,,,,,,0,"",1927.175,,,0,""
23,,1,0,0,0,2,1,2,0,1,0,255,11,255,12,1941.12,"si_ho",R,26,84,137,1.437,1.743,0.378,1.966,0.516,2.569,-36.372,41.293,86,14,0,1,"",72.592,-152.721,2.886,0,0,3,"=","=","=","=","=","=","=","=","=",2,R,"にゃんこ65K",190,91.275,0.596,,131,W,Y,0,,,,,,,,,,,,,,,,,,,,,,,,,,,,,0,0,,,,,,,,,,,,,1941.391,,,,,,,,,,,,,,,,,,,,,,,,,-0.061,-37.176,0.042,-17.967,-19.106,-47.271,-13.453,-64.74,22.383,-49.988,9.698,-65.705,37.59,-89.277,-0.689,-109.665,-37.993,-92.143,,,,"",,,,"",,,,"",,,,"",,,,"",,,,"",,,,"",,,,"",,,,1945.18,-0.108,-37.13,,,,,,,,,,,,,,,,,,,,,,,,,,,,,,,,,,,,,,,,,,,,,,,,,,,,"",0,,,,,,,,,,,,,0,"",1944.191,,,0,""
24,,1,0,0,0,3,1,2,0,1,0,255,11,255,13,1958.038,"si_ho",R,28,94,140,-0.94,-0.212,0.286,1.757,-0.45,1.426,-36.372,26.98,88,12,0,0,"",23.616,-51.518,1.119,0,0,3,"=","=","=","=","=","=","=","=","=",2,R,"にゃんこ65K",190,91.275,0.596,,131,W,Y,0,,,,,,,,,,,,,,,,,,,,,,,,,,,,,0,0,,,,,,,,,,,,,1958.239,,,,,,,,,,,,,,,,,,,,,,,1960.834,1,-0.064,-37.125,-0.06,-17.968,-19.396,-48.237,-13.372,-64.673,22.687,-47.871,3.923,-67.23,37.378,-89.348,-0.816,-109.501,-37.389,-91.338,,,,"",,,,"",,,,"",,,,"",,,,"",,,,"",,,,"",,,,"",,,,1961.757,0.162,-37.389,,,,,,,,,,,,,,,,,,,,,,,,,,,,,,,,,,,,,,,,,,,,,,,,,,,,"",0,,,,,,,,,,,,,0,"",1960.953,,,0,""
25,,1,0,0,0,3,2,2,0,1,0,255,11,255,14,1974.669,"si_ho",R,13,84,108,-1.6,-0.468,0.315,1.698,-0.011,1.741,-36.372,29.995,90,10,0,2,"",-377.404,319.753,-13.523,0,0,3,"=","=","=","=","=","=","=","=","=",2,R,"にゃんこ65K",190,91.275,0.596,5,131,W,Y,1,1975.842,137,126,129,80,57,,143,126,31.093,-2.314,-0.331,0.781,-19.955,0.25,0,0.19,413.733,427.524,77.771,1981.996,-8.088,-134.288,1982.738,7,-8.528,0.528,-132.059,1,0,,1982.332,,,,,,,1979.882,1984.98,,,,,,,,,,,,,,,,,,,,,,1988.639,5,,,,,-0.082,-37.276,-0.036,-18.133,-19.962,-46.905,-13.435,-64.771,21.513,-49.615,5.135,-67.375,37.099,-89.896,-0.616,-109.612,-38.233,-92.048,0.079,-36.628,,"가앤슬_",-0.145,-18.319,,"Kr_Luna",-19.83,-46.788,,"crani",-13.366,-64.664,,"Penguin_iDOL",21.546,-49.33,,"CVPileMaki",4.783,-67.386,84,"Yaksok~",37.1,-89.901,,"k@ster",-0.614,-109.608,92,"HANA_ARASHI",-38.774,-92.423,,1991.567,0.636,-38.677,,,,,,,,,,,,,1987.515,0.797,-60.174,,,,1982.7,-8.571,-131.573,,,,,,,,,,,,,,,,,,,1990.332,0.275,-57.726,,,,1983.842,-6.087,-126.962,,,,"",2,1.803,1.803,1.173,0,1,0.466,70.388,57.624,-3.056,85.032,0.052,1.171,0,"k@ster",,1979.882,1984.98,320,""
26,,1,0,0,1,0,0,2,1,0,0,12,255,255,15,2019.973,"si_ho",R,27,89,140,1.319,1.399,0.401,1.906,0.446,2.368,-36.372,41.44,86,14,0,4,"",89.042,-138.95,-0.345,0,0,4,"=","=","=","=","=","=","=","=","=",0,R,"Espressο",190,95.125,0.297,,57,W,Y,1,,,,,,,,,,,,,,,,,,,,,,,,,,,,,0,0,,,,,,,,,,,,2020.298,,,,,,,,,,,,,,,,,,,,,,,,,,-0.04,-37.174,0.003,-17.811,-20.215,-42.757,-13.329,-64.826,21.466,-50.291,11.251,-65.661,35.796,-89.283,0.08,-107.864,-37.097,-97.008,,,,"",,,,"",,,,"",,,,"",,,,"",,,,"",,,,"",,,,"",,,,2024.59,0.134,-37.204,,,,,,,,,,,,,,,,,,,,,,,,,,,,,,,,,,,,,,,,,,,,,,,,,,,,"",0,,,,,,,,,,,,,0,"",,,,0,""
27,,1,0,0,1,0,1,2,1,0,0,12,255,255,16,2042.217,"si_ho",R,13,89,112,-1.762,-0.601,0.364,1.783,-0.127,1.65,-36.372,30.97,90,10,0,4,"",-369.974,336.332,-5.535,0,0,4,"=","=","=","=","=","=","=","=","=",0,R,"Espressο",190,95.125,0.297,,57,W,Y,1,,,,,,,,,,,,,,,,,,,,,,,,,,,,,0,0,,,,,,,,,,,,2042.466,,,,,,,,,,,,,,,,,,,,,,,,,,0.027,-37.32,-0.314,-18.177,-20.084,-42.999,-13.175,-64.355,21.407,-50.352,6.742,-66.352,37.635,-88.546,0.053,-107.907,-38.298,-94.011,,,,"",,,,"",,,,"",,,,"",,,,"",,,,"",,,,"",,,,"",,,,2047.811,0.168,-37.054,,,,,,,,,,,,,,,,,,,,,,,,,,,,,,,,,,,,,,,,,,,,,,,,,,,,"",0,,,,,,,,,,,,,0,"",,,,0,""
28,,1,0,0,1,0,2,2,1,0,0,12,255,255,17,2058.581,"si_ho",R,13,83,108,-1.751,-0.638,0.381,1.744,-0.023,1.58,-36.372,34.465,91,9,0,4,"",-407.092,279.431,-10.023,0,0,4,"=","=","=","=","=","=","=","=","=",0,R,"Espressο",190,95.125,0.297,,57,W,Y,1,,,,,,,,,,,,,,,,,,,,,,,,,,,,,0,16,,,,,,,,,,,,2058.909,,,2061.235,4,,578,0,,,,,,,,,,,,,,,,,2061.289,1,-0.045,-37.177,-0.096,-17.913,-19.965,-42.118,-13.164,-64.518,21.491,-50.273,7.98,-66.265,37.6,-92.368,0.053,-107.849,-36.51,-95.358,,,,"",,,,"",,,,"",,,,"",,,,"",,,,"",,,,"",,,,"",,,,,,,,,,,,,,,,,,,,,,,,,,,,,,,,,,,,,,,,,,,,,,,,,,,,,,,,,,"",0,,,,,,,,,,,,,0,"",,,,0,""
29,SIDE,1,0,0,1,0,0,2,1,0,0,12,255,255,,2064.267,,,,,,,,,,,,,,,,,,,,,,,,5,"=","=","=","=","=","=","=","=","=",,,,,,,,,,,,,,,,,,,,,,,,,,,,,,,,,,,,,,,0,0,,,,,,,,,,,,,,,,,,,,,,,,,,,,,,,,,,,,,,,,,,,,,,,,,,,,,,,,,,,,,,,,,,,,,,,,,,,,,,,,,,,,,,,,,,,,,,,,,,,,,,,,,,,,,,,,,,,,,,,,,,,,,,,,,,,,,,,,,,,,,,,,,"",0,,,,,,,,,,,,,0,"",,,,0,""
30,,2,1,0,1,0,0,0,0,0,0,255,255,255,9,2116.348,"Espressο",R,13,94,117,0.631,0.235,0.55,2.121,0.49,2.164,-36.608,57.613,81,19,0,0,"",-157.109,400,2.046,0,0,4,"Yaksok~","Kr_Luna","Penguin_iDOL","CAT tourniquet","HANA_ARASHI","가앤슬_","CVPileMaki","crani","k@ster",8,R,"HANA_ARASHI",180.8,88,0.25,,126,W,Y,0,,,,,,,,,,,,,,,,,,,,,,,,,,,,,0,0,,,,,,,,,,,,,,,,,,,,,,,,,,,,,,,,,,,,,,-0.016,-37.519,-0.019,-17.34,-22.27,-49.994,-12.765,-60.976,20.228,-51.156,11.613,-62.685,32.76,-92.07,-2.46,-121.053,-46.132,-92.183,,,,"",,,,"",,,,"",,,,"",,,,"",,,,"",,,,"",,,,"",,,,,,,,,,,,,,,,,,,,,,,,,,,,,,,,,,,,,,,,,,,,,,,,,,,,,,,,,,"",0,,,,,,,,,,,,,0,"",,,,0,""
31,,2,1,0,1,0,1,0,0,0,0,255,255,255,10,2136.072,"Espressο",R,10,88,113,-1.589,-1.268,0.291,1.9,-0.699,1.37,-36.608,30.676,100,0,0,2,"",0,400,3.528,0,0,4,"=","=","=","=","=","=","=","=","=",8,R,"HANA_ARASHI",180.8,88,0.25,0,126,W,Y,1,2137.241,182,106,121,78,37,,145,88,-30,28.507,-0.28,0.592,-20.802,1,0,0.592,-311.294,255.829,-77.047,2137.226,-0.778,-21.715,2139.159,2,-15.783,0.167,-49.369,0,0,,,,,,,,,,,,,,,2142.137,4,,147,0,,,,,,,,,,,2141.519,2,,,,,,,-0.053,-37.549,0.003,-17.457,-22.229,-49.641,-13.149,-60.962,20.196,-52.709,10.896,-63.168,33.413,-92.513,-2.434,-121.049,-46.218,-92.115,-0.146,-37.193,,"kneesohime",-0.482,-17.632,,"にゃんこ65K",-22.198,-49.575,87,"vovopo 보보포",-13.132,-60.94,,"?fredo?",18.961,-50.161,,"CoalCat",10.916,-63.114,,"Roscosmos",33.405,-92.519,,"Gonyong",-2.427,-121.031,,"Metalu",-46.194,-92.1,,2143.734,-4.767,-39.087,,,,2139.222,-16.186,-49.628,,,,,,,,,,,,,,,,,,,,,,,,,2142.909,-17.914,-41.499,,,,,,,,,,,,,,,,,,,"",2,,,,,,,,,,,,,0,"にゃんこ65K",,,,24,""
32,,2,1,0,1,0,0,1,0,0,0,255,255,255,11,2163.627,"Espressο",R,10,91,116,-1.551,-0.649,0.301,1.981,-0.684,1.608,-36.608,37.493,89,11,0,2,"",0,400,5.156,0,0,5,"=","=","=","=","=","=","=","=","=",1,R,"가앤슬_",190,90.016,0.2,5,125,W,Y,1,2164.799,70,70,121,109,66,,120,91,30.564,35.645,-0.282,0.791,-20.557,0.91,0,0.56,406.676,188.023,-194.828,2169.817,-46.985,-80.091,2170.267,8,-45.339,2.344,-78.124,0,0,,2170.77,,,,,,,,,,,,,2170.062,5,,457,0,,,,,,,,,,,,,,,,,,,-0.085,-37.53,0.01,-17.391,-21.725,-49.098,-13.202,-61.053,19.535,-48.662,10.026,-63.527,42.878,-92.864,1.79,-114.756,-44.957,-87.48,0.035,-37.335,,"kneesohime",-0.841,-17.769,,"にゃんこ65K",-21.68,-49.157,,"vovopo 보보포",-13.009,-61.091,88,"?fredo?",18.06,-46.884,,"CoalCat",10.035,-63.464,,"Roscosmos",39.547,-95.078,,"Gonyong",1.546,-114.439,,"Metalu",-44.878,-87.577,85,2176.749,-5.143,-42.772,,,,,,,2174.472,-12.311,-57.977,,,,,,,,,,,,,2170.068,-45.755,-78.47,,,,,,,,,,2175.77,-11.287,-56.597,,,,,,,,,,,,,2172.285,-44.67,-78.45,"",1,37.728,37.728,-1.22,0,0,1,55.858,55.858,43.622,55.858,0,55.364,0,"Metalu",,,,208,""
33,,2,1,0,1,0,0,2,0,0,0,255,255,255,12,2197.966,"Espressο",R,26,104,140,1.122,-0.528,0.48,1.822,0.399,1.105,-36.608,32.771,93,7,0,2,"",63.408,-189.938,4.267,0,0,6,"=","=","=","=","=","=","=","=","=",5,R,"CVPileMaki",170,94,0.397,3,124,W,Y,1,2198.984,124,110,143,96,34,,138,116,111.198,-33.651,0.195,0.668,-19.454,0.25,0,0.245,479.155,172.794,-317.1,,,,,,,,,0,0,,,,,,,,,,,,,,,,,,,,,,,,,,,,,,,,,,,,,,0.064,-37.561,0.061,-17.186,-21.104,-48.367,-14.005,-61.679,22.667,-50.29,13.395,-62.057,40.227,-87.408,-0.571,-114.744,-47.253,-91.854,0.108,-37.393,,"kneesohime",0.075,-17.246,,"にゃんこ65K",-20.798,-48.402,,"vovopo 보보포",-13.994,-61.683,,"?fredo?",21.598,-50.042,,"CoalCat",13.295,-62.06,,"Roscosmos",40.83,-88.515,,"Gonyong",-0.553,-114.609,,"Metalu",-47.232,-91.871,,,,,,,,,,,,,,,,,,,,,,,,,,,,,,,,,,,,,,,,,,,,,,,,,,,,,,,,"",3,,,,,,,,,,,,,0,"",,,,0,""
34,,2,1,0,1,0,1,2,0,0,0,255,255,255,13,2218.458,"Espressο",R,10,96,119,-1.531,-1.375,0.296,1.982,-0.674,1.332,-36.608,35.443,82,18,0,2,"",0,400,11.644,0,0,6,"=","=","=","=","=","=","=","=","=",5,R,"CVPileMaki",170,94,0.397,3,123,W,Y,1,2219.595,125,155,128,156,82,,138,77,-15.819,45.149,-0.272,0.544,-20.747,1,0,0.309,-165.741,178.163,548.442,2219.734,-1.865,-22.328,2221.513,2,-20.616,0.058,-40.419,0,0,,,,,,,,,,,,,,,,,,,,,,,,,,,,,,2222.35,2,,,,,,,-0.144,-37.513,-0.043,-17.274,-20.973,-48.311,-13.239,-60.896,21.079,-49.444,11.162,-63.691,40.813,-88.987,-1.191,-115.851,-46.2,-93.259,0.051,-37.249,,"kneesohime",-0.122,-17.434,,"にゃんこ65K",-20.931,-48.26,85,"vovopo 보보포",-13.665,-61.4,,"?fredo?",20.207,-48.805,,"CoalCat",11.183,-63.685,,"Roscosmos",40.8,-88.994,,"Gonyong",-3.069,-115.57,,"Metalu",-46.154,-93.203,,2225.404,-2.382,-38.507,,,,2221.535,-21.441,-41.46,,,,,,,,,,,,,,,,,,,,,,,,,2224.421,-18.27,-40.189,,,,,,,,,,,,,,,,,,,"",3,,,,,,,,,,,,,0,"にゃんこ65K",,,,24,""
35,,2,1,0,1,0,2,2,0,0,0,255,255,255,14,2242.535,"Espressο",R,26,106,140,0.421,2.104,0.443,2.212,0.118,2.607,-36.608,50.534,81,19,0,1,"",38.059,-162.373,-0.923,0,0,6,"=","=","=","=","=","=","=","=","=",5,R,"CVPileMaki",170,94,0.397,,123,W,Y,0,,,,,,,,,,,,,,,,,,,,,,,,,,,,,0,0,,,,,,,,,,,,,,,,,,,,,,,,,,,,,,,,,,,,,,-0.04,-37.452,0.049,-17.257,-22.439,-49.628,-12.945,-61.173,21.915,-50.737,12.9,-63.482,41.578,-90.571,-2.391,-114.172,-47.541,-93.417,,,,"",,,,"",,,,"",,,,"",,,,"",,,,"",,,,"",,,,"",,,,2246.558,0.2,-37.286,,,,,,,,,,,,,,,,,,,,,,,,,,,,,,,,,,,,,,,,,,,,,,,,,,,,"",0,,,,,,,,,,,,,0,"",,,,0,""
36,,2,1,0,1,1,2,2,0,0,0,255,255,255,15,2263.047,"Espressο",R,10,99,123,-6.175,-1.447,0.37,1.927,-0.386,1.477,-36.608,38.173,95,5,0,2,"",-115.96,400,-1.981,0,0,6,"=","=","=","=","=","=","=","=","=",5,R,"CVPileMaki",170,94,0.397,3,123,W,Y,1,2264.127,233,117,115,134,70,,145,80,1.573,53.907,-0.208,0.679,-21.086,1,0,0.312,-114.309,456.248,310.486,2264.734,-9.925,-27.914,,,,,,0,0,,,,,,,,,,,,,,,,,,,,,,,,,,,,,,,,,,,,,,-0.093,-37.493,0.07,-17.459,-21.491,-48.569,-12.952,-61.16,21.076,-50.416,11.515,-62.962,40.134,-92.879,-2.371,-114.037,-47.511,-93.159,0.076,-37.237,,"kneesohime",-0.351,-17.695,,"にゃんこ65K",-21.321,-48.65,,"vovopo 보보포",-12.934,-61.149,,"?fredo?",19.919,-51.039,,"CoalCat",11.517,-62.882,,"Roscosmos",40.121,-92.877,,"Gonyong",-2.379,-114.028,,"Metalu",-47.418,-93.184,,,,,,,,,,,,,,,,,,,,,,,,,,,,,,,,,,,,,,,,,,,,,,,,,,,,,,,,"",3,,,,,,,,,,,,,0,"",,,,0,""
37,,2,1,0,1,1,2,2,0,0,0,255,255,255,16,2286.548,"Espressο",R,13,94,116,-3.042,-0.747,0.278,1.995,-0.701,1.633,-36.608,38.17,92,8,0,4,"",-364.264,342.508,-4.754,0,0,6,"=","=","=","=","=","=","=","=","=",5,R,"CVPileMaki",170,94,0.397,,122,W,Y,1,,,,,,,,,,,,,,,,,,,,,,,,,,,,,0,64,,,,,,,,,,,,,,,2289.396,6,,578,0,,,,,,,,,,,,,,,,,2288.982,1,-0.139,-37.532,-0.003,-17.284,-21.318,-48.16,-13.12,-60.834,22.147,-51.386,11.167,-62.373,40.751,-90.768,-2.876,-114.321,-49.044,-92.49,,,,"",,,,"",,,,"",,,,"",,,,"",,,,"",,,,"",,,,"",,,,,,,,,,,,,,,,,,,,,,,,,,,,,,,,,,,,,,,,,,,,,,,,,,,,,,,,,,"",0,,,,,,,,,,,,,0,"",,,,0,""
38,SIDE,2,1,0,1,0,0,2,0,0,0,255,255,255,,2292.3,,,,,,,,,,,,,,,,,,,,,,,,7,"=","=","=","=","=","=","=","=","=",,,,,,,,,,,,,,,,,,,,,,,,,,,,,,,,,,,,,,,0,0,,,,,,,,,,,,,,,,,,,,,,,,,,,,,,,,,,,,,,,,,,,,,,,,,,,,,,,,,,,,,,,,,,,,,,,,,,,,,,,,,,,,,,,,,,,,,,,,,,,,,,,,,,,,,,,,,,,,,,,,,,,,,,,,,,,,,,,,,,,,,,,,,"",0,,,,,,,,,,,,,0,"",,,,0,""
39,,2,0,0,1,0,0,0,0,0,0,255,255,255,18,2335.97,"si_ho",R,6,77,103,-0.924,0.141,-0.031,1.768,-1.026,1.697,-36.372,14.867,100,0,0,0,"",468.182,0,39.192,0,0,5,"Gonyong","?fredo?","kneesohime","にゃんこ65K","Espressο","CoalCat","Metalu","vovopo 보보포","Roscosmos",5,R,"CoalCat",174.7,82.838,0.435,,121,W,Y,0,,,,,,,,,,,,,,,,,,,,,,,,,,,,,0,0,,,,,,,,,,,,,,,,,,,,,,,,,,,,,,,,,,,,,,-0.213,-37.156,-0.128,-17.872,-18.45,-45.633,-9.694,-65.677,23.425,-51.195,11.814,-63.437,38.474,-90.336,-0.317,-107.605,-38.783,-96.304,,,,"",,,,"",,,,"",,,,"",,,,"",,,,"",,,,"",,,,"",,,,,,,,,,,,,,,,,,,,,,,,,,,,,,,,,,,,,,,,,,,,,,,,,,,,,,,,,,"",0,,,,,,,,,,,,,0,"",,,,0,""
40,,2,0,0,1,0,1,0,0,0,0,255,255,255,19,2351.28,"si_ho",R,27,89,140,6.427,-0.096,0.529,1.895,1.267,2.27,-36.372,45.903,85,15,0,2,"",58.816,-119.582,-11.112,0,0,5,"=","=","=","=","=","=","=","=","=",5,R,"CoalCat",174.7,82.838,0.435,0,121,W,Y,1,2352.345,59,33,44,27,13,,58,63,25.307,26.276,0.581,1.348,-19.889,-1,0,0.297,-82.976,-538.124,-208.677,,,,2355.409,2,-12.486,2.58,-53.898,0,0,,,,,,,,,,,,,,,2355.415,5,,451,0,,,,,,,,,,,,,,,,,,,0.034,-37.23,0.04,-17.875,-19.027,-46.502,-10.471,-64.991,22.95,-52.192,11.496,-65.556,37.583,-87.907,-0.46,-102.243,-33.814,-87.641,0.153,-36.844,,"가앤슬_",0.203,-17.808,,"Kr_Luna",-18.887,-46.66,,"crani",-10.453,-65.022,74,"Penguin_iDOL",23.072,-52.06,,"CVPileMaki",11.465,-65.469,,"Yaksok~",37.635,-88,,"k@ster",-0.446,-102.438,,"HANA_ARASHI",-33.758,-87.856,,2360.835,-0.267,-38.513,,,,2355.426,-12.606,-54.509,2355.648,-13.366,-56.372,,,,,,,,,,,,,,,,,,,,,,,,,2359.567,-11.013,-53.148,,,,,,,,,,,,,,,,"",1,,,,,,,,,,,,,0,"Kr_Luna",,,,130,""
41,,2,0,0,1,0,0,1,0,0,0,255,255,255,20,2378.384,"si_ho",R,28,85,138,-0.627,0.363,0.205,1.736,-0.334,1.741,-36.372,25.608,92,8,0,0,"",47.123,-72.844,-0.098,0,0,6,"=","=","=","=","=","=","=","=","=",8,L,"Metalu",175,82.992,0.447,,120,W,Y,0,,,,,,,,,,,,,,,,,,,,,,,,,,,,,0,0,,,,,,,,,,,,,,,,,,,,,,,,,,,,,,,,,,,,,,-0.194,-37.077,-0.053,-18.006,-17.833,-47.068,-6.439,-66.667,23.48,-52.098,15.419,-63.412,41.678,-89.562,0.21,-106.404,-37.529,-91.681,,,,"",,,,"",,,,"",,,,"",,,,"",,,,"",,,,"",,,,"",,,,2383.388,0.354,-37.1,,,,,,,,,,,,,,,,,,,,,,,,,,,,,,,,,,,,,,,,,,,,,,,,,,,,"",0,,,,,,,,,,,,,0,"",,,,0,""
42,,2,0,0,1,0,1,1,0,0,0,255,255,255,21,2398.407,"si_ho",R,13,72,100,-3.372,-1.451,0.019,1.634,-0.873,1.383,-36.372,11.881,61,39,0,1,"",-291.577,383.575,3.461,-0.973,-18.47,6,"=","=","=","=","=","=","=","=","=",8,L,"Metalu",175,82.992,0.447,,120,W,Y,0,,,,,,,,,,,,,,,,,,,,,,,,,,,,,0,0,,,,,,,,,,,,,,,,,,,,,,,,,,,,,,,,,,,,,,-0.231,-37.142,-0.072,-18.036,-17.839,-46.975,-7.291,-66.011,23.536,-52.097,14.592,-63.705,42.296,-91.355,0.182,-106.269,-36.502,-93.217,,,,"",,,,"",,,,"",,,,"",,,,"",,,,"",,,,"",,,,"",,,,2404.636,0.302,-37.036,,,,,,,,,,,,,,,,,,,,,,,,,,,,,,,,,,,,,,,,,,,,,,,,,,,,"",0,,,,,,,,,,,,,0,"",,,,0,""
43,,2,0,0,1,1,1,1,0,0,0,255,255,255,22,2416.85,"si_ho",R,0,79,116,-1.845,0.322,0.123,1.832,-0.808,1.783,-36.372,29.13,97,3,0,2,"",0,0.05,6.855,0,0,6,"=","=","=","=","=","=","=","=","=",8,L,"Metalu",175,82.992,0.447,5,120,W,Y,1,2418.049,150,130,118,112,64,,145,129,-1.398,3.102,-0.311,1.13,-21.447,0.28,0,0.187,-175.028,69.792,3.022,2418.496,-1.212,-37.487,2419.759,3,-3.107,1.612,-61.96,0,0,,,,,,,,,,,,,,,2422.734,6,,147,128,,,,,,,,,,,,,,,,,,,-0.268,-37.135,-0.031,-17.944,-18.608,-45.673,-5.71,-66.825,23.432,-52.219,14.674,-63.6,42.306,-91.385,0.164,-106.355,-37.154,-91.917,0.097,-37.238,,"가앤슬_",-0.083,-18.068,,"Kr_Luna",-18.089,-45.863,65,"crani",-5.643,-66.728,98,"Penguin_iDOL",23.473,-52.035,,"CVPileMaki",14.541,-63.658,,"Yaksok~",42.294,-91.366,,"k@ster",0.169,-106.311,,"HANA_ARASHI",-36.777,-91.193,,2425.915,-1.574,-39.209,,,,2422.107,-18.43,-41.07,2419.78,-3.136,-63.237,,,,,,,,,,,,,,,,,,,,,,2424.648,-17.773,-40.026,2421.053,-5.714,-56.756,,,,,,,,,,,,,,,,"",2,4.77,4.77,10.243,0,0,1,-1.398,-1.398,-5.694,-1.398,0,1.909,0,"crani",,,,130,""
44,,2,0,0,1,0,0,2,0,0,0,255,255,255,23,2444.374,"si_ho",R,10,77,105,-0.824,-0.891,0.085,1.658,-0.361,1.678,-36.372,12.021,57,43,0,0,"",0,399.921,0.448,0,0,7,"=","=","=","=","=","=","=","=","=",3,L,"vovopo 보보포",160,80.084,0.55,,119,W,Y,1,,,,,,,,,,,,,,,,,,,,,,,,,,,,,0,0,,,,,,,,,,,,,,,,,,,,,,,,,,,,,,,,,,,,,,-0.171,-37.105,-0.077,-18.028,-16.989,-43.716,-6.115,-62.582,20.934,-46.127,12.985,-61.437,41.62,-88.178,-0.085,-102.912,-33.637,-89.555,,,,"",,,,"",,,,"",,,,"",,,,"",,,,"",,,,"",,,,"",,,,2448.521,0.231,-37.39,,,,,,,,,,,,,,,,,,,,,,,,,,,,,,,,,,,,,,,,,,,,,,,,,,,,"",0,,,,,,,,,,,,,0,"",,,,0,""
45,,2,0,0,1,0,1,2,0,0,0,255,255,255,24,2460.454,"si_ho",R,26,86,139,0.101,-0.841,0.201,1.466,-0.002,0.95,-36.372,19.888,52,48,0,0,"",30.198,-200,4.304,0,0,7,"=","=","=","=","=","=","=","=","=",3,L,"vovopo 보보포",160,80.084,0.55,,119,W,Y,0,,,,,,,,,,,,,,,,,,,,,,,,,,,,,0,0,,,,,,,,,,,,,,,,,,,,,,,,,,,,,,,,,,,,,,-0.16,-37.154,0.199,-17.934,-17.161,-47.063,-5.615,-62.651,21.538,-47.998,14.92,-60.679,41.609,-88.155,0.088,-102.912,-32.174,-89.076,,,,"",,,,"",,,,"",,,,"",,,,"",,,,"",,,,"",,,,"",,,,2464.831,0.409,-37.358,,,,,,,,,,,,,,,,,,,,,,,,,,,,,,,,,,,,,,,,,,,,,,,,,,,,"",0,,,,,,,,,,,,,0,"",,,,0,""
46,,2,0,0,1,0,2,2,0,0,0,255,255,255,25,2479.701,"si_ho",R,6,84,111,1.833,-0.528,0.229,1.588,0.091,1.323,-36.372,17.34,64,36,0,4,"",392.311,0,25.863,0,0,7,"=","=","=","=","=","=","=","=","=",3,L,"vovopo 보보포",160,80.084,0.55,,119,W,Y,1,,,,,,,,,,,,,,,,,,,,,,,,,,,,,0,0,,,,,,,,,,,,,,,2482.521,7,,578,0,,,,,,,,,,,,,,,,,,,-0.134,-37.053,-0.038,-17.932,-17.262,-47.163,-5.481,-65.299,21.579,-48.111,15.612,-60.6,41.596,-88.152,0.117,-102.966,-32.116,-88.982,,,,"",,,,"",,,,"",,,,"",,,,"",,,,"",,,,"",,,,"",,,,,,,,,,,,,,,,,,,,,,,,,,,,,,,,,,,,,,,,,,,,,,,,,,,,,,,,,,"",0,,,,,,,,,,,,,0,"",,,,0,""
47,SIDE,2,0,0,1,0,0,2,0,0,0,255,255,255,,2484.927,,,,,,,,,,,,,,,,,,,,,,,,8,"=","=","=","=","=","=","=","=","=",,,,,,,,,,,,,,,,,,,,,,,,,,,,,,,,,,,,,,,0,0,,,,,,,,,,,,,,,,,,,,,,,,,,,,,,,,,,,,,,,,,,,,,,,,,,,,,,,,,,,,,,,,,,,,,,,,,,,,,,,,,,,,,,,,,,,,,,,,,,,,,,,,,,,,,,,,,,,,,,,,,,,,,,,,,,,,,,,,,,,,,,,,,"",0,,,,,,,,,,,,,0,"",,,,0,""
48,,3,1,0,1,0,0,0,0,0,0,255,255,255,17,2529.688,"Espressο",R,26,95,129,1.799,1.812,0.578,2.085,0.64,2.359,-36.608,50.906,82,18,0,1,"",96.857,-200,-9.111,0,0,7,"Yaksok~","Kr_Luna","Penguin_iDOL","CAT tourniquet","HANA_ARASHI","가앤슬_","CVPileMaki","crani","k@ster",3,R,"crani",165.8,80,0.496,,118,W,Y,0,,,,,,,,,,,,,,,,,,,,,,,,,,,,,0,0,,,,,,,,,,,,,,,,,,,,,,,,,,,,,,,,,,,,,,0.046,-37.47,0.05,-17.093,-21.71,-49.264,-12.965,-60.812,21.254,-47.804,11.371,-62.45,40.081,-90.457,-3.131,-106.613,-41.194,-86.772,,,,"",,,,"",,,,"",,,,"",,,,"",,,,"",,,,"",,,,"",,,,,,,,,,,,,,,,,,,,,,,,,,,,,,,,,,,,,,,,,,,,,,,,,,,,,,,,,,"",0,,,,,,,,,,,,,0,"",,,,0,""
49,,3,1,0,1,1,0,0,0,0,0,255,255,255,18,2546.322,"Espressο",R,10,80,107,1.401,5.124,0.478,2.42,0.755,5.028,-36.608,80.095,83,17,0,1,"",-83.326,400,11.679,0,0,7,"=","=","=","=","=","=","=","=","=",3,R,"crani",165.8,80,0.496,,118,W,Y,0,,,,,,,,,,,,,,,,,,,,,,,,,,,,,0,0,,,,,,,,,,,,,,,,,,,,,,,,,,,,,,,,,,,,,,0.047,-37.427,0.065,-17.085,-21.687,-49.229,-12.298,-60.964,20.479,-47.711,11.807,-62.476,41.276,-90.52,-3.128,-102.31,-41.067,-89.084,,,,"",,,,"",,,,"",,,,"",,,,"",,,,"",,,,"",,,,"",,,,,,,,,,,,,,,,,,,,,,,,,,,,,,,,,,,,,,,,,,,,,,,,,,,,,,,,,,"",0,,,,,,,,,,,,,0,"",,,,0,""
50,,3,1,0,1,2,0,0,0,0,0,255,255,255,19,2563.711,"Espressο",R,26,96,130,-0.674,1.007,0.298,2.064,-0.327,1.916,-36.608,37.558,84,16,0,2,"",15.55,-200,12.903,0,0,7,"=","=","=","=","=","=","=","=","=",3,R,"crani",165.8,80,0.496,5,118,W,Y,1,2564.927,177,70,101,73,33,,145,112,-6.066,31.611,-0.136,1.149,-19.981,0.89,0,0.767,585.948,-106.003,-73.68,2565.105,-4.897,-27.756,2566.359,2,-17.891,0.058,-47.276,0,0,,2570.099,,,,,,,,,,,,,2569.005,7,,147,0,,,,,,,,,,,2568.361,2,,,,,,,-0.087,-37.495,-0.061,-17.058,-21.57,-49.517,-12.293,-60.963,18.768,-47.608,10.169,-63.26,39.182,-88.784,-3.287,-102.422,-41.203,-89.07,0.127,-37.312,,"kneesohime",-0.171,-17.229,,"にゃんこ65K",-21.581,-49.511,85,"vovopo 보보포",-12.291,-60.956,,"?fredo?",18.799,-47.68,,"CoalCat",10.878,-62.665,,"Roscosmos",38.416,-89.138,,"Gonyong",-3.284,-102.376,,"Metalu",-41.182,-89.028,,2570.99,-0.621,-38.41,,,,2566.493,-18.412,-48.219,,,,,,,,,,,,,,,,,,,,,,,,,2569.94,-17.893,-39.578,,,,,,,,,,,,,,,,,,,"",2,33.04,33.04,6.755,0,1,0.531,-10.698,-6.066,-18.461,-12.219,0.01,-176.098,0,"にゃんこ65K",,,,24,""
51,,3,1,0,1,0,0,1,0,0,0,255,255,255,20,2587.713,"Espressο",R,10,96,120,0.078,0.102,0.468,2.117,0.02,2.085,-36.608,50.158,93,7,0,0,"",0,400,0.766,0,0,8,"=","=","=","=","=","=","=","=","=",7,R,"k@ster",168,90.086,0.25,,117,W,Y,0,,,,,,,,,,,,,,,,,,,,,,,,,,,,,0,0,,,,,,,,,,,,,,,,,,,,,,,,,,,,,,,,,,,,,,-0.052,-37.368,-0.015,-17.322,-21.866,-49.53,-13.106,-61.094,21.1,-48.65,11.877,-61.141,36.887,-87.523,-0.333,-98.637,-41.588,-85.289,,,,"",,,,"",,,,"",,,,"",,,,"",,,,"",,,,"",,,,"",,,,2591.539,0.277,-37.063,,,,,,,,,,,,,,,,,,,,,,,,,,,,,,,,,,,,,,,,,,,,,,,,,,,,"",0,,,,,,,,,,,,,0,"",,,,0,""
52,,3,1,0,1,0,1,1,0,0,0,255,255,255,21,2606.029,"Espressο",R,26,107,140,1.273,-0.041,0.601,1.931,0.465,1.364,-36.608,38.836,82,18,0,0,"",52.183,-200,4.293,0,0,8,"=","=","=","=","=","=","=","=","=",7,R,"k@ster",168,90.086,0.25,,117,W,Y,0,,,,,,,,,,,,,,,,,,,,,,,,,,,,,0,0,,,,,,,,,,,,,,,,,,,,,,,,,,,,,,,,,,,,,,0.059,-37.43,0.029,-17.41,-21.483,-49.04,-13.066,-61.05,19.758,-48.337,11.807,-62.927,37.534,-87.436,0.624,-98.004,-42.472,-87.544,,,,"",,,,"",,,,"",,,,"",,,,"",,,,"",,,,"",,,,"",,,,2610.41,0.139,-37.393,,,,,,,,,,,,,,,,,,,,,,,,,,,,,,,,,,,,,,,,,,,,,,,,,,,,"",0,,,,,,,,,,,,,0,"",,,,0,""
53,,3,1,0,1,0,2,1,0,0,0,255,255,255,22,2622.723,"Espressο",R,10,88,114,-0.062,0,0.378,2.085,-0.035,2.15,-36.608,59.795,93,7,0,2,"",-1.157,400,-4.418,0,0,8,"=","=","=","=","=","=","=","=","=",7,R,"k@ster",168,90.086,0.25,5,117,W,Y,1,2623.698,143,65,52,56,43,,135,86,0.107,-11.229,0.004,0.995,-21.074,-0.48,0,0.239,170.57,67.243,-11.371,2624.313,3.105,-36.915,2625.884,5,7.857,0.055,-58.108,0,0,,2628.8,,,,,,,,,,,,,2628.575,8,,147,32,,,,,,,,,,,,,,,,,,,-0.251,-37.422,-0.025,-17.392,-21.377,-48.458,-13.012,-60.753,20.341,-49.235,13.181,-63.612,38.29,-87.828,0.578,-97.977,-42.647,-87.391,-0.01,-37.094,,"kneesohime",-0.288,-17.769,,"にゃんこ65K",-21.222,-48.531,89,"vovopo 보보포",-12.978,-60.688,,"?fredo?",17.875,-48.659,,"CoalCat",13.165,-63.516,107,"Roscosmos",38.311,-87.816,,"Gonyong",0.579,-97.806,,"Metalu",-42.516,-87.408,,2631.093,1.918,-33.284,,,,2627.948,-18.019,-40.691,,,,,,,2625.989,8.061,-59.218,,,,,,,,,,,,,,,,2629.961,-17.604,-39.556,,,,,,,2626.64,5.359,-56.895,,,,,,,,,,"",2,-9.843,-9.843,-5.927,0,2,0.095,0.163,0.107,-6.082,0.155,0,10.45,0,"CoalCat",,,,56,""
54,,3,1,0,1,0,0,2,0,0,0,255,255,255,23,2676.363,"Espressο",R,26,103,139,-1.316,-0.866,0.228,1.713,-0.692,0.893,-36.608,23.728,70,30,0,0,"",80.452,-200,16.687,0,0,0,"=","=","=","=","=","=","=","=","=",6,R,"Yaksok~",181.9,87.735,0.332,,115,W,Y,0,,,,,,,,,,,,,,,,,,,,,,,,,,,,,0,0,,,,,,,,,,,,,,,,,,,,,,,,,,,,,,,,,,,,,,-0.198,-37.408,0.023,-17.41,-22.202,-48.783,-13.116,-60.778,21.9,-52.503,10.382,-62.578,40.277,-92.161,1.37,-107.394,-43.797,-88.603,,,,"",,,,"",,,,"",,,,"",,,,"",,,,"",,,,"",,,,"",,,,2680.624,0.262,-37.006,,,,,,,,,,,,,,,,,,,,,,,,,,,,,,,,,,,,,,,,,,,,,,,,,,,,"",0,,,,,,,,,,,,,0,"",,,,0,""
55,,3,1,0,1,0,1,2,0,0,0,255,255,255,24,2693.916,"Espressο",R,0,107,138,-1.697,-1.031,0.215,1.766,-0.732,1.013,-36.608,18.863,61,39,0,1,"",-10.153,40.101,3.628,0,0,0,"=","=","=","=","=","=","=","=","=",6,R,"Yaksok~",181.9,87.735,0.332,,115,W,Y,0,,,,,,,,,,,,,,,,,,,,,,,,,,,,,0,0,,,,,,,,,,,,,,,,,,,,,,,,,,,,,,,,,,,,,,-0.12,-37.489,0.031,-17.172,-21.886,-48.479,-13.136,-60.782,19.044,-50.592,10.382,-62.613,40.324,-92.489,1.237,-107.192,-43.901,-88.546,,,,"",,,,"",,,,"",,,,"",,,,"",,,,"",,,,"",,,,"",,,,2697.888,0.232,-37.353,,,,,,,,,,,,,,,,,,,,,,,,,,,,,,,,,,,,,,,,,,,,,,,,,,,,"",0,,,,,,,,,,,,,0,"",,,,0,""
56,,3,1,0,1,1,1,2,0,0,0,255,255,255,25,2710.288,"Espressο",R,10,97,121,-1.444,-0.666,0.308,2.023,-0.637,1.666,-36.608,40.54,90,10,0,2,"",0,400,-0.538,0,0,0,"=","=","=","=","=","=","=","=","=",6,R,"Yaksok~",181.9,87.735,0.332,3,115,W,Y,1,2711.27,163,183,130,76,45,,145,84,-7.094,37.905,-0.455,0.701,-20.974,1,0,0.331,-240.621,548.43,36.423,2711.355,-3.617,-24.96,2712.896,2,-17.525,0.058,-44.066,0,0,,,,,,,,,,,,,,,2714.838,0,,147,0,,,,,,,,,,,2714.28,2,,,,,,,-0.124,-37.506,0.038,-17.135,-21.507,-49.395,-13.131,-60.782,21.367,-50.286,10.894,-63.481,40.363,-92.535,1.299,-107.155,-43.79,-88.613,-0.053,-37.356,,"kneesohime",-0.213,-17.27,,"にゃんこ65K",-21.569,-49.204,87,"vovopo 보보포",-13.141,-60.774,,"?fredo?",19.303,-49.121,,"CoalCat",10.842,-63.326,,"Roscosmos",40.344,-92.526,,"Gonyong",1.306,-107.141,,"Metalu",-43.801,-88.593,,2716.76,-0.029,-38.434,,,,2713.035,-18.136,-44.998,,,,,,,,,,,,,,,,,,,,,,,,,2715.737,-17.642,-39.602,,,,,,,,,,,,,,,,,,,"",2,,,,,,,,,,,,,0,"にゃんこ65K",,,,24,""
57,SIDE,3,1,0,1,0,0,2,0,0,0,255,255,255,,2717.978,,,,,,,,,,,,,,,,,,,,,,,,1,"=","=","=","=","=","=","=","=","=",,,,,,,,,,,,,,,,,,,,,,,,,,,,,,,,,,,,,,,0,0,,,,,,,,,,,,,,,,,,,,,,,,,,,,,,,,,,,,,,,,,,,,,,,,,,,,,,,,,,,,,,,,,,,,,,,,,,,,,,,,,,,,,,,,,,,,,,,,,,,,,,,,,,,,,,,,,,,,,,,,,,,,,,,,,,,,,,,,,,,,,,,,,"",0,,,,,,,,,,,,,0,"",,,,0,""
58,,3,0,0,1,0,0,0,0,0,0,255,255,255,26,2761.367,"si_ho",R,27,85,137,0.865,1.054,0.323,1.82,0.343,2.073,-36.372,33.296,90,10,0,0,"",20.474,-144.18,-1.996,0,0,8,"Gonyong","?fredo?","kneesohime","にゃんこ65K","Espressο","CoalCat","Metalu","vovopo 보보포","Roscosmos",6,R,"Roscosmos",174.8,96.351,0.374,,114,W,Y,0,,,,,,,,,,,,,,,,,,,,,,,,,,,,,0,0,,,,,,,,,,,,,,,,,,,,,,,,,,,,,,,,,,,,,,-0.116,-37.241,0.003,-17.71,-21.033,-47.135,-13.219,-64.754,22.107,-50.948,11.448,-65.252,38.896,-87.249,0.292,-109.759,-41.044,-98.55,,,,"",,,,"",,,,"",,,,"",,,,"",,,,"",,,,"",,,,"",,,,,,,,,,,,,,,,,,,,,,,,,,,,,,,,,,,,,,,,,,,,,,,,,,,,,,,,,,"",0,,,,,,,,,,,,,0,"",,,,0,""
59,,3,0,0,1,0,1,0,0,0,0,255,255,255,27,2780.397,"si_ho",R,10,84,111,0.721,-1,0.298,1.615,0.305,1.575,-36.372,19.654,55,45,0,2,"",0,400,16.799,0,0,8,"=","=","=","=","=","=","=","=","=",6,R,"Roscosmos",174.8,96.351,0.374,5,114,W,Y,1,2781.33,42,84,138,87,102,,86,66,30.445,-31.568,0.131,0.589,-20.24,-0.73,0,0.281,123.109,357.876,138.887,2785.409,23.022,-64.661,2785.605,5,22.137,2.004,-62.628,0,0,,,,,,,,,,,,,,,2785.685,8,,454,0,,,,,,,,,,,,,,,,,,,-0.078,-37.074,0.053,-17.718,-20.042,-48.327,-13.053,-64.691,22.08,-51.111,15.151,-63.444,39.858,-87.131,0.28,-109.76,-40.331,-96.128,0.006,-36.805,,"가앤슬_",0.104,-17.915,,"Kr_Luna",-19.389,-48.758,,"crani",-8.629,-65.101,,"Penguin_iDOL",22.257,-50.801,,"CVPileMaki",14.769,-63.453,103,"Yaksok~",39.849,-87.125,,"k@ster",0.278,-109.763,,"HANA_ARASHI",-40.176,-95.947,,2788.683,0.273,-38.824,,,,,,,,,,,,,2785.697,22.316,-63.075,,,,,,,,,,,,,,,,,,,,,,,,,2787.368,17.56,-59.465,,,,,,,,,,"",1,-30.973,-30.973,-8.827,0,2,0.076,86.081,30.445,-7.555,84.933,0.024,-89.048,0,"CVPileMaki",,,,64,""
60,,3,0,0,1,0,0,1,0,0,0,255,255,255,28,2808.865,"si_ho",R,27,86,140,1.212,0.741,0.309,1.708,0.508,1.876,-36.372,23.785,87,13,0,2,"",7.512,-147.515,1.251,0,0,0,"=","=","=","=","=","=","=","=","=",7,R,"Gonyong",170,80,0.298,5,113,W,Y,0,2809.889,92,130,154,42,22,,134,95,26.229,-14.758,0.219,1.083,-19.438,0.92,0.048,0.389,161.978,123.758,-487.64,2814.521,20.489,-97.97,2815.492,7,21.675,0.889,-103.906,1,0,,2815.611,,,,,,,,,,,,,,,,,,,,,,,,,,,,,,,,,,,,-0.052,-37.179,0.039,-17.745,-20.313,-47.52,-11.578,-65.13,21.43,-50.315,11.725,-65.553,41.489,-86.972,0.077,-107.137,-37.78,-95.968,0.083,-36.809,,"가앤슬_",0.101,-17.803,,"Kr_Luna",-20.469,-47.454,,"crani",-11.519,-65.046,76,"Penguin_iDOL",21.49,-50.143,,"CVPileMaki",11.635,-65.513,,"Yaksok~",41.734,-87.05,,"k@ster",0.082,-107.125,105,"HANA_ARASHI",-37.213,-95.91,,2825.122,0.223,-38.81,,,,,,,2819.511,0.195,-60.065,,,,,,,,,,2815.662,21.705,-104.66,,,,,,,,,,,,,2823.851,-2.116,-58.21,,,,,,,,,,2817.864,15.25,-92.615,,,,"",2,-14.479,-14.479,-7.8,0,2,0.17,87.115,37.936,-0.064,86.297,0.064,143.805,0,"k@ster",,,,384,""
61,,3,0,0,1,0,0,1,1,0,0,17,255,255,29,2858.693,"si_ho",R,10,86,112,1.355,-0.779,0.423,1.724,0.578,1.613,-36.372,33.381,88,12,0,2,"",0,395.887,0.098,0,0,1,"=","=","=","=","=","=","=","=","=",4,R,"?fredo?",190,83.536,0.353,3,113,W,Y,1,2859.807,255,165,94,120,74,,145,112,8.772,11.808,0.263,0.876,-21.597,0.85,0,0.576,10.648,-41.197,-18.839,2862.021,-11.596,-79.864,2863.721,7,-16.121,0.058,-103.803,1,0,,2865.896,,,,2866.332,,,,,,,,,,,,,,,,,,,,,,,,,,,,,,,,0.009,-37.195,0.067,-17.571,-19.936,-42.836,-10.463,-65.297,19.863,-49.302,12.937,-63.979,38.862,-88.204,-0.023,-107.737,-39.283,-95.571,0.036,-36.735,,"가앤슬_",0.164,-17.859,,"Kr_Luna",-18.524,-45.177,,"crani",-7.04,-64.352,,"Penguin_iDOL",19.819,-49.289,,"CVPileMaki",13.099,-63.937,78,"Yaksok~",38.864,-88.201,,"k@ster",-0.026,-107.646,99,"HANA_ARASHI",-39.288,-95.565,,2873.171,0.582,-38.821,,,,,,,,,,,,,2866.811,-0.307,-60.402,,,,2863.869,-15.877,-104.731,,,,,,,,,,,,,,,,,,,2871.917,-0.035,-57.499,,,,2864.844,-15.471,-99.271,,,,"",2,,,,,,,,,,,,,0,"k@ster",2866.332,,,320,""
62,,3,0,0,1,0,0,1,1,1,0,14,17,255,30,2889.663,"si_ho",R,27,87,140,1.917,0.666,0.416,1.781,0.758,1.905,-36.372,29.987,86,14,0,1,"",48.982,-142.935,1.298,0,0,2,"=","=","=","=","=","=","=","=","=",1,R,"kneesohime",190,85.362,0.501,,112,W,Y,0,,,,,,,,,,,,,,,,,,,,,,,,,,,,,0,0,,,,,,,,,,,,,2897.323,,,,,,,,,,,,,,,,,,,,,,,2892.766,1,0.032,-37.181,0.127,-17.749,-20.003,-43.697,-12.264,-64.53,21.739,-49.677,9.216,-65.371,38.501,-85.599,-0.214,-114.141,-37.017,-94.189,,,,"",,,,"",,,,"",,,,"",,,,"",,,,"",,,,"",,,,"",,,,2893.755,0.076,-37.211,,,,,,,,,,,,,,,,,,,,,,,,,,,,,,,,,,,,,,,,,,,,,,,,,,,,"",0,,,,,,,,,,,,,0,"",2892.265,,,0,""
63,,3,0,0,1,1,0,1,1,1,0,14,17,255,31,2906.769,"si_ho",R,14,95,116,-1.119,-0.726,-0.072,1.743,-1.099,1.495,-36.372,15.377,85,15,0,0,"",390.434,312.348,52.655,0,0,2,"=","=","=","=","=","=","=","=","=",1,R,"kneesohime",190,85.362,0.501,,112,W,Y,0,,,,,,,,,,,,,,,,,,,,,,,,,,,,,0,0,,,,,,,,,,,,,2921.297,,,,,,,,,,,,,,,,,,,,,,,,,-0.227,-37.27,-0.119,-17.634,-19.884,-43.237,-11.321,-64.963,21.601,-49.41,8.102,-65.597,39.262,-87.425,-0.203,-114.127,-36.529,-93.221,,,,"",,,,"",,,,"",,,,"",,,,"",,,,"",,,,"",,,,"",,,,2910.502,0.043,-37.209,,,,,,,,,,,,,,,,,,,,,,,,,,,,,,,,,,,,,,,,,,,,,,,,,,,,"",0,,,,,,,,,,,,,0,"",2909.782,,,0,""
64,,3,0,0,1,1,1,1,1,1,0,14,17,255,32,2921.908,"si_ho",R,27,92,140,-1.559,-0.349,0.155,1.638,-0.675,1.293,-36.372,15.838,52,48,0,4,"",-7.049,-113.443,-0.374,0,0,2,"=","=","=","=","=","=","=","=","=",1,R,"kneesohime",190,85.362,0.501,,112,W,Y,1,,,,,,,,,,,,,,,,,,,,,,,,,,,,,0,0,,,,,,,,,,,,,2936.89,,,,,,,,,,,,,,,,,,,,,,,,,-0.144,-37.136,-0.048,-17.631,-20.212,-44.342,-11.409,-64.963,22.833,-51.242,4.313,-64.004,39.271,-87.432,-0.206,-114.145,-37.346,-93.977,,,,"",,,,"",,,,"",,,,"",,,,"",,,,"",,,,"",,,,"",,,,2926.001,0.041,-36.908,,,,,,,,,,,,,,,,,,,,,,,,,,,,,,,,,,,,,,,,,,,,,,,,,,,,"",0,,,,,,,,,,,,,0,"",2924.595,,,0,""
65,,3,0,0,1,1,2,1,1,1,0,14,17,255,33,2937.712,"si_ho",R,27,76,127,0.911,1.808,0.318,1.962,0.246,2.611,-36.372,40.907,90,10,0,4,"",94.723,-137.798,-2.492,0,0,2,"=","=","=","=","=","=","=","=","=",1,R,"kneesohime",190,85.362,0.501,,112,W,Y,1,,,,,,,,,,,,,,,,,,,,,,,,,,,,,0,4,,,,,,,,,,,,,2955.713,,2940.351,2,,578,0,,,,,,,,,,,,,,,,,2940.755,1,-0.134,-37.102,0.002,-17.768,-20.237,-43.741,-11.32,-64.9,23.594,-50.482,7.066,-65.992,39.269,-87.445,-0.219,-114.06,-37.123,-93.188,,,,"",,,,"",,,,"",,,,"",,,,"",,,,"",,,,"",,,,"",,,,2943.419,-0.151,-36.981,,,,,,,,,,,,,,,,,,,,,,,,,,,,,,,,,,,,,,,,,,,,,,,,,,,,"",0,,,,,,,,,,,,,0,"",2940.786,,,0,""
66,,3,0,0,1,0,0,2,1,1,0,14,17,255,34,2973.791,"si_ho",R,27,85,138,1.068,1.036,0.355,1.848,0.4,2.154,-36.372,31.078,91,9,0,1,"",40.601,-120.418,-2.768,0,0,3,"=","=","=","=","=","=","=","=","=",2,R,"にゃんこ65K",190,91.275,0.596,,91,W,Y,0,,,,,,,,,,,,,,,,,,,,,,,,,,,,,0,0,,,,,,,,,,,,,2973.928,,,,,,,,,,,,,,,,,,,,,,,,,-0.007,-37.142,-0.012,-17.951,-19.926,-45.454,-11.542,-64.372,21.276,-45.442,7.932,-65.758,39.486,-87.741,0.025,-112.771,-36.765,-92.551,,,,"",,,,"",,,,"",,,,"",,,,"",,,,"",,,,"",,,,"",,,,2978.162,0.184,-37.114,,,,,,,,,,,,,,,,,,,,,,,,,,,,,,,,,,,,,,,,,,,,,,,,,,,,"",0,,,,,,,,,,,,,0,"",2976.641,,,0,""
67,,3,0,0,1,1,0,2,1,1,0,14,17,255,35,2988.958,"si_ho",R,27,85,138,0.293,1.119,0.285,1.888,0.103,2.206,-36.372,26.278,90,10,0,1,"B>S",11.679,-118.647,3.518,0,0,3,"=","=","=","=","=","=","=","=","=",2,R,"にゃんこ65K",190,91.275,0.596,,91,W,Y,0,,,,,,,,,,,,,,,,,,,,,,,,,,,,,0,0,,,,,,,,,,,,,3003.626,,,,,,,,,,,,,,,,,,,,,,,2992.196,1,-0.018,-37.063,0.053,-17.807,-20.426,-44.864,-11.552,-64.426,21.985,-48.049,7.424,-66.146,39.155,-87.571,-0.053,-112.904,-35.661,-94.945,,,,"",,,,"",,,,"",,,,"",,,,"",,,,"",,,,"",,,,"",,,,2993.216,0.034,-37.038,,,,,,,,,,,,,,,,,,,,,,,,,,,,,,,,,,,,,,,,,,,,,,,,,,,,"",0,,,,,,,,,,,,,0,"",2991.962,,,0,""
68,,3,0,0,1,1,1,2,1,1,0,14,17,255,36,3005.513,"si_ho",R,13,71,99,-2.832,-1.708,0.149,1.467,-0.468,1.044,-36.372,13.235,50,50,0,1,"",-351.391,312.348,-34.037,-0.705,-18.74,3,"=","=","=","=","=","=","=","=","=",2,R,"にゃんこ65K",190,91.275,0.596,,91,W,Y,0,,,,,,,,,,,,,,,,,,,,,,,,,,,,,0,0,,,,,,,,,,,,,3022.587,,,,,,,,,,,,,,,,,,,,,,,,,-0.161,-36.945,-0.02,-17.888,-20.214,-43.719,-11.581,-64.394,21.352,-50.401,2.846,-66.847,39.328,-88.335,-0.13,-112.939,-37.526,-91.784,,,,"",,,,"",,,,"",,,,"",,,,"",,,,"",,,,"",,,,"",,,,3009.473,0.278,-37.405,,,,,,,,,,,,,,,,,,,,,,,,,,,,,,,,,,,,,,,,,,,,,,,,,,,,"",0,,,,,,,,,,,,,0,"",3009.17,,,0,""
69,,3,0,0,1,2,1,2,1,1,0,14,17,255,37,3022.868,"si_ho",R,10,82,109,2.788,-0.585,0.601,1.895,1.196,1.754,-36.372,57.921,87,13,0,1,"",0,400,-17.943,0,0,3,"=","=","=","=","=","=","=","=","=",2,R,"にゃんこ65K",190,91.275,0.596,,91,W,Y,0,,,,,,,,,,,,,,,,,,,,,,,,,,,,,0,0,,,,,,,,,,,,3024.563,,,,,,,,,,,,,,,,,,,,,,,,,,-0.058,-37.003,0.099,-17.847,-19.487,-44.486,-5.526,-65.867,21.691,-49.888,14.988,-62.501,38.716,-87.996,-0.114,-112.929,-35.532,-93.505,,,,"",,,,"",,,,"",,,,"",,,,"",,,,"",,,,"",,,,"",,,,3026.715,0.244,-37.398,,,,,,,,,,,,,,,,,,,,,,,,,,,,,,,,,,,,,,,,,,,,,,,,,,,,"",0,,,,,,,,,,,,,0,"",3026.211,,,0,""
70,,3,0,0,1,3,1,2,1,1,0,14,17,255,38,3040.73,"si_ho",R,27,82,133,1.497,0.874,0.339,1.772,0.628,2.053,-36.372,31.529,90,10,0,2,"",10.102,-116.053,-4.474,0,0,3,"=","=","=","=","=","=","=","=","=",2,R,"にゃんこ65K",190,91.275,0.596,5,91,W,Y,0,3041.829,58,108,51,56,40,,78,80,38.288,59.882,0.273,1.291,-19.207,0.57,0,0.165,265.056,211.592,-432.3,3046.705,-53.33,-47.144,,,,,,0,0,,,,,,,,,,,,3042.494,3040.911,,,,,,,,,,,,,,,,,,,,,,,,,-0.089,-37.074,0.095,-17.753,-19.28,-46.146,-8.521,-65.84,21.438,-49.202,11.942,-64.978,39.609,-87.901,-0.142,-112.895,-35.286,-90.494,0.089,-36.8,,"가앤슬_",0.189,-17.857,,"Kr_Luna",-19.133,-46.174,,"crani",-7.635,-65.314,,"Penguin_iDOL",21.408,-49.204,,"CVPileMaki",11.766,-64.937,,"Yaksok~",39.604,-87.886,,"k@ster",-0.15,-112.892,,"HANA_ARASHI",-35.487,-90.576,,,,,,,,,,,,,,,,,,,,,,,,,,,,,,,,,,,,,,,,,,,,,,,,,,,,,,,,"",3,68.963,53.122,14.595,0.561,1,0.544,74.725,64.076,-2.652,85.415,0.046,118.013,0,"",3047.323,,,0,""
71,,3,0,0,1,3,2,2,1,1,0,14,17,255,39,3065.034,"si_ho",R,13,81,106,-1.853,-0.784,0.249,1.72,-0.158,1.588,-36.372,20.903,88,12,0,2,"",-347.48,346.371,-15.101,0,0,3,"=","=","=","=","=","=","=","=","=",2,R,"にゃんこ65K",190,91.275,0.596,3,91,W,Y,1,3066.286,198,127,125,97,35,,145,122,102.618,-75.58,-0.365,0.678,-20.121,0.22,0,0.266,256.349,333.787,400.116,3072.042,-88.562,13.164,,,,,,0,0,,,,,,,,,,,,3066.19,3084.927,,,,,,,,,,,,,,,,,,,,,,,,,-0.094,-37.073,-0.215,-17.652,-19.981,-44.253,-12.258,-65.264,22.401,-49.837,4.015,-67.107,40.037,-88.047,-0.302,-112.948,-39.808,-97.765,0.112,-36.644,,"가앤슬_",-0.23,-17.932,,"Kr_Luna",-19.99,-44.131,,"crani",-12.155,-65.082,,"Penguin_iDOL",22.147,-50.907,,"CVPileMaki",3.278,-66.982,,"Yaksok~",40.039,-88.045,,"k@ster",-0.344,-112.938,,"HANA_ARASHI",-40.895,-95.829,,,,,,,,,,,,,,,,,,,,,,,,,,,,,,,,,,,,,,,,,,,,,,,,,,,,,,,,"",3,,,,,,,,,,,,,0,"",3072.062,,,0,""
72,,3,0,0,1,3,2,2,1,1,0,14,17,255,40,3085.392,"si_ho",R,10,86,112,1.353,-1.076,0.416,1.744,0.577,1.429,-36.372,31.988,90,10,0,2,"",0,400,3.272,0,0,3,"=","=","=","=","=","=","=","=","=",2,R,"にゃんこ65K",190,91.275,0.596,5,91,W,Y,1,3086.607,171,97,160,104,45,,145,110,25.106,-39.512,0.248,0.581,-20.229,0.03,0,0.24,103.933,473.409,224.828,,,,3091.313,6,50.217,3.727,-95.938,0,0,,3093.033,,,,3090.913,,,3089.895,,,3085.394,,,3091.56,3,,455,0,,,,,,,,,,,,,,,,,,,-0.098,-37.029,0.127,-17.759,-19.962,-43.741,-11.59,-65.187,21.818,-48.607,15.361,-63.218,40.667,-89.792,-0.564,-112.741,-32.857,-96.235,0.04,-36.92,,"가앤슬_",0.174,-18.011,,"Kr_Luna",-19.003,-47.493,,"crani",-5.923,-65.317,,"Penguin_iDOL",21.732,-48.657,,"CVPileMaki",14.624,-63.441,,"Yaksok~",40.664,-89.788,93,"k@ster",-0.551,-112.655,,"HANA_ARASHI",-32.422,-95.22,,,,,,,,,,,,,,,,,,,,3091.566,50.559,-96.346,,,,,,,,,,,,,,,,,,,,,,,,,3092.522,47.601,-98.316,,,,,,,"",1,-38.915,-38.915,-2.237,0,1,0.608,40.962,26.02,-10.296,85.63,0.029,-86.345,0,"Yaksok~",3090.913,3089.895,,1,""
73,SIDE,3,0,0,1,0,0,2,1,1,0,14,17,255,,3094.72,,,,,,,,,,,,,,,,,,,,,,,,4,"=","=","=","=","=","=","=","=","=",,,,,,,,,,,,,,,,,,,,,,,,,,,,,,,,,,,,,,,0,0,,,,,,,,,,,,,,,,,,,,,,,,,,,,,,,,,,,,,,,,,,,,,,,,,,,,,,,,,,,,,,,,,,,,,,,,,,,,,,,,,,,,,,,,,,,,,,,,,,,,,,,,,,3094.941,10.949,-67.909,,,,,,,,,,,,,,,,,,,,,,,,,,,,,,,,,,,,,"",0,,,,,,,,,,,,,0,"",,,,64,""
74,,4,1,0,1,0,0,0,0,0,0,255,255,255,26,3141.404,"Espressο",R,10,99,123,-1.988,-0.52,0.138,1.903,-0.869,1.718,-36.608,26.882,92,8,0,1,"",0,400,4.77,0,0,1,"Yaksok~","Kr_Luna","Penguin_iDOL","CAT tourniquet","HANA_ARASHI","가앤슬_","CVPileMaki","crani","k@ster",2,L,"Kr_Luna",190,95.163,0.504,,109,W,Y,0,,,,,,,,,,,,,,,,,,,,,,,,,,,,,0,0,,,,,,,,,,,,,,,,,,,,,,,,,,,,,,,,,,,,,,-0.221,-37.539,-0.055,-17.027,-21.472,-49.769,-11.654,-62.04,21.973,-49.184,12.69,-63.026,48.139,-93.889,2.659,-110.982,-41.639,-90.243,,,,"",,,,"",,,,"",,,,"",,,,"",,,,"",,,,"",,,,"",,,,,,,,,,,,,,,,,,,,,,,,,,,,,,,,,,,,,,,,,,,,,,,,,,,,,,,,,,"",0,,,,,,,,,,,,,0,"",,,,0,""
75,,4,1,0,1,1,0,0,0,0,0,255,255,255,27,3157.88,"Espressο",R,14,71,99,2.782,-0.464,0.457,1.983,0.521,1.857,-36.608,46.533,100,0,0,4,"",317.987,353.788,-15.754,0,0,1,"=","=","=","=","=","=","=","=","=",2,L,"Kr_Luna",190,95.163,0.504,,109,W,Y,1,,,,,,,,,,,,,,,,,,,,,,,,,,,,,0,0,,,,,,,,,,,,,,,,,,,,,,,,,,,,,,,,,,,,,,-0.06,-37.518,0.082,-17.032,-21.122,-50.832,-11.31,-61.903,21.515,-49.392,13.212,-62.608,46.24,-91.998,2.746,-111.602,-41.751,-90.172,,,,"",,,,"",,,,"",,,,"",,,,"",,,,"",,,,"",,,,"",,,,,,,,,,,,,,,,,,,,,,,,,,,,,,,,,,,,,,,,,,,,,,,,,,,,,,,,,,"",0,,,,,,,,,,,,,0,"",,,,0,""
76,,4,1,0,1,1,1,0,0,0,0,255,255,255,28,3173.14,"Espressο",R,26,99,134,-1.675,0.422,0.263,2.043,-0.785,1.677,-36.608,36.718,90,10,0,2,"",32.143,-200,8.995,0,0,1,"=","=","=","=","=","=","=","=","=",2,L,"Kr_Luna",190,95.163,0.504,5,82,W,Y,1,3173.977,115,124,121,63,28,,137,105,26.216,11.802,-0.327,1.142,-19.892,0.01,0,0.061,-135.848,123.691,-164.309,3178.271,-19.866,-104.804,3182.092,7,-25.47,0.061,-131.226,1,0,,3179.782,3184.417,,,,,,,,,,,,,,,,,,,,,,,,,,,,,,,,,,,-0.177,-37.446,0.026,-17.003,-21.087,-50.888,-11.306,-61.898,22.438,-49.86,13.093,-62.773,46.208,-92.104,2.905,-115.877,-41.874,-90.086,0.07,-37.3,,"kneesohime",-0.031,-17.067,,"にゃんこ65K",-21.026,-50.769,,"vovopo 보보포",-11.311,-61.9,,"?fredo?",22.416,-49.85,,"CoalCat",13.117,-62.758,69,"Roscosmos",46.193,-92.09,,"Gonyong",2.947,-115.894,107,"Metalu",-41.684,-90.124,,3190.18,2.588,-43.087,,,,,,,,,,,,,3186.706,-0.217,-59.433,,,,3182.294,-24.513,-130.08,,,,,,,,,,,,,,,,,,,3189.073,3.091,-57.466,,,,3183.269,-25.75,-127.257,,,,"",2,13.703,13.703,9.798,0,2,0.077,83.89,33.691,-4.309,84.169,0.059,-97.018,0,"Gonyong",3184.417,,,49,""
77,,4,1,0,1,0,0,0,0,1,0,255,2,255,29,3210.793,"Espressο",R,13,84,110,-1.551,-0.949,0.414,1.959,-0.275,1.531,-36.608,39.282,100,0,0,4,"",-222.299,400,-0.092,-0.521,-17.084,2,"=","=","=","=","=","=","=","=","=",4,R,"Penguin_iDOL",190,85,0.3,,108,W,Y,1,,,,,,,,,,,,,,,,,,,,,,,,,,,,,0,0,,,,,,,,,,,,,3224.329,,,,,,,,,,,,,,,,,,,,,,,,,-0.023,-37.451,-0.027,-17.183,-20.357,-47.483,-12.917,-62.437,19.886,-49.444,6.048,-61.172,40.044,-90.713,-4.128,-119.966,-47.956,-93.565,,,,"",,,,"",,,,"",,,,"",,,,"",,,,"",,,,"",,,,"",,,,3215.289,0.415,-37.143,,,,,,,,,,,,,,,,,,,,,,,,,,,,,,,,,,,,,,,,,,,,,,,,,,,,"",0,,,,,,,,,,,,,0,"",3213.335,,,0,""
78,,4,1,0,1,0,1,0,0,1,0,255,2,255,30,3247.085,"Espressο",R,10,93,118,-1.202,-0.816,0.344,1.976,-0.332,1.494,-36.608,39.339,87,13,0,2,"",-119.183,346.21,6.385,0,0,2,"=","=","=","=","=","=","=","=","=",4,R,"Penguin_iDOL",190,85,0.3,0,108,W,Y,1,3248.17,209,166,80,100,52,,145,123,-25.63,-15.039,-0.26,0.59,-19.612,0.83,0,0.346,-128.684,56.325,9.217,3247.892,0.036,-20.713,3249.734,5,9.941,1.642,-57.611,0,0,,3254.099,,,,,,,3252.593,,,,,,3252.784,2,,147,32,,,,,,,,,,,,,,,,,,,-0.091,-37.452,0.029,-17.101,-20.81,-48.25,-12.702,-61.849,20.729,-49.26,4.904,-61.616,37.492,-93.71,-4.289,-120.391,-43.453,-98.015,0.087,-37.345,,"kneesohime",-0.508,-17.322,,"にゃんこ65K",-20.758,-48.172,81,"vovopo 보보포",-12.696,-61.846,,"?fredo?",18.932,-48.895,,"CoalCat",7.967,-62.039,107,"Roscosmos",37.497,-93.718,,"Gonyong",-4.291,-120.378,,"Metalu",-43.443,-97.994,,3256.775,-1.529,-32.67,,,,3252.164,-18.706,-40.183,,,,,,,3249.952,10.159,-59.06,,,,,,,,,,,,,,,,3255.652,-18.266,-39.871,,,,,,,3250.797,5.667,-56.059,,,,,,,,,,"",2,,,,,,,,,,,,,0,"CoalCat",,3252.593,,56,""
79,,4,1,0,1,0,0,1,0,0,1,255,255,2,31,3277.951,"Espressο",R,26,99,133,-1.114,-0.497,0.267,1.799,-0.57,1.112,-36.608,29.091,91,9,0,0,"",52.177,-189.569,7.161,-0.395,-12.093,3,"=","=","=","=","=","=","=","=","=",9,L,"CAT tourniquet",190,85,0.547,,107,W,Y,0,,,,,,,,,,,,,,,,,,,,,,,,,,,,,0,0,,,,,,,,,,,,,,3278.133,,,,,,,,,,,,,,,,,,,,,,,,-0.136,-37.467,-0.049,-16.952,-19.213,-46.663,-11.375,-60.584,20.041,-43.289,15.488,-62.036,42.227,-94.345,7.885,-112.01,-39.293,-96.057,,,,"",,,,"",,,,"",,,,"",,,,"",,,,"",,,,"",,,,"",,,,3282.094,0.236,-36.999,,,,,,,,,,,,,,,,,,,,,,,,,,,,,,,,,,,,,,,,,,,,,,,,,,,,"",0,,,,,,,,,,,,,0,"",,3280.385,,0,""
80,,4,1,0,1,0,1,1,0,0,1,255,255,2,32,3294.262,"Espressο",R,26,103,139,-0.642,1.141,0.339,2.075,-0.348,2.139,-36.608,42.283,78,22,0,4,"",41.616,-200,3.572,0,0,3,"=","=","=","=","=","=","=","=","=",9,L,"CAT tourniquet",190,85,0.547,,107,W,Y,1,,,,,,,,,,,,,,,,,,,,,,,,,,,,,0,0,,,,,,,,,,,,,,3295.509,,,,,,,,,,,,,,,,,,,,,,,,-0.083,-37.416,-0.007,-17.058,-19.308,-46.767,-11.388,-60.622,20.216,-42.442,13.432,-60.004,41.183,-93.805,7.258,-111.182,-40.294,-96.099,,,,"",,,,"",,,,"",,,,"",,,,"",,,,"",,,,"",,,,"",,,,3298.994,0.286,-37.411,,,,,,,,,,,,,,,,,,,,,,,,,,,,,,,,,,,,,,,,,,,,,,,,,,,,"",0,,,,,,,,,,,,,0,"",,3296.383,,0,""
81,,4,1,0,1,0,2,1,0,0,1,255,255,2,33,3344.768,"Espressο",R,26,103,139,4.04,0.297,0.862,1.839,1.586,1.63,-36.608,52.392,96,4,0,1,"",107.887,-182.159,-3.627,0,0,3,"=","=","=","=","=","=","=","=","=",9,L,"CAT tourniquet",190,85,0.547,,107,W,Y,0,,,,,,,,,,,,,,,,,,,,,,,,,,,,,0,0,,,,,,,,,,,,,,3344.824,,,,,,,,,,,,,,,,,,,,,,,,0.164,-37.281,0.046,-16.988,-19.356,-47.97,-7.89,-58.091,19.78,-40.978,11.342,-54.214,40.595,-89.498,6.882,-109.647,-40.537,-95.743,,,,"",,,,"",,,,"",,,,"",,,,"",,,,"",,,,"",,,,"",,,,3349.755,0.217,-37.471,,,,,,,,,,,,,,,,,,,,,,,,,,,,,,,,,,,,,,,,,,,,,,,,,,,,"",0,,,,,,,,,,,,,0,"",,3347.318,,0,""
82,,4,1,0,1,1,2,1,0,0,1,255,255,2,34,3364.561,"Espressο",R,27,90,125,0.085,0.959,0.256,2.001,-0.605,1.979,-36.608,27.152,77,23,0,2,"",27.94,-131.151,3.181,0,0,3,"=","=","=","=","=","=","=","=","=",9,L,"CAT tourniquet",190,85,0.547,0,107,W,Y,1,3365.65,172,203,49,82,57,,135,86,-8.694,33.968,-0.242,1.315,-20.188,-1,0,0.345,-209.188,390.616,129.19,3365.705,-4.587,-26.512,3366.955,2,-15.611,0.056,-42.321,0,0,,,,,,,,,,,,,,3364.854,3368.333,3,,147,0,,,,,,,,,,,3368.196,2,,,,,,,-0.084,-37.384,-0.036,-16.958,-19.237,-46.918,-7.461,-57.507,19.29,-40.863,10.868,-55.242,40.657,-89.436,6.898,-109.18,-40.576,-95.704,0.188,-37.281,,"kneesohime",-0.09,-17.033,,"にゃんこ65K",-19.242,-46.872,84,"vovopo 보보포",-7.426,-57.398,,"?fredo?",17.231,-43.267,,"CoalCat",10.893,-55.176,,"Roscosmos",40.649,-89.433,,"Gonyong",7.014,-108.104,,"Metalu",-40.526,-95.676,,3376.749,-0.396,-43.393,,,,3367.286,-16.345,-43.361,,,,,,,,,,,,,,,,,,,,,,,,,3375.751,-15.633,-39.745,,,,,,,,,,,,,,,,,,,"",2,,,,,,,,,,,,,0,"にゃんこ65K",,3371.222,,24,""
83,,4,1,0,1,0,0,2,0,0,1,255,255,2,35,3395.825,"Espressο",R,26,109,140,1.833,-0.618,0.435,1.797,0.262,1.079,-36.608,30.227,83,17,0,2,"",71.204,-200,7.461,0,0,4,"=","=","=","=","=","=","=","=","=",8,R,"HANA_ARASHI",180.8,88,0.25,0,106,W,Y,1,3396.872,96,57,74,53,40,,131,118,20.484,44.364,0.153,0.743,-19.983,0.76,0,0.574,209.658,323.593,-390.752,3401.342,-76.055,-89.084,,,,,,0,0,,,,,,,,,,,,,,3396.208,,,,,,,,,,,,,,,,,,,,,,,,-0.045,-37.281,0.124,-16.977,-20.648,-48.015,-13.058,-61.569,20.235,-43.94,10.92,-61.958,39.523,-87.745,1.268,-105.842,-43.253,-88.484,0.109,-37.346,,"kneesohime",0.058,-17.05,,"にゃんこ65K",-20.538,-47.914,,"vovopo 보보포",-13.298,-61.73,,"?fredo?",18.31,-46.014,,"CoalCat",11.682,-61.247,,"Roscosmos",39.512,-87.751,,"Gonyong",1.33,-105.843,,"Metalu",-42.805,-88.458,,,,,,,,,,,,,,,,,,,,,,,,,,,,,,,,,,,,,,,,,,,,,,,,,,,,,,,,"",3,,,,,,,,,,,,,0,"",,3403.039,,0,""
84,,4,1,0,1,0,1,2,0,0,1,255,255,2,36,3419.025,"Espressο",R,13,98,121,1.11,-1.801,0.644,1.785,0.739,0.998,-36.608,41.542,85,15,0,2,"",-167.276,400,12.046,0,0,4,"=","=","=","=","=","=","=","=","=",8,R,"HANA_ARASHI",180.8,88,0.25,0,105,W,Y,1,3420.139,107,111,87,131,70,,136,95,4.527,14.962,0.233,0.457,-21.14,0.99,0,0.57,-134.193,72.44,24.798,3420.809,-6.135,-44.526,3421.692,3,-8.83,0.057,-54.509,0,0,,3425.991,,,,,,,,,3424.457,,,3419.296,3424.378,4,,147,128,,,,,,,,,,,,,,,,,,,0.123,-37.434,0.062,-17.29,-21.471,-48.175,-12.664,-61.245,18.869,-43.558,10.449,-62.174,42.311,-92.354,-8.101,-115.185,-46.744,-91.753,0.164,-37.428,,"kneesohime",0.061,-17.48,,"にゃんこ65K",-21.45,-48.143,,"vovopo 보보포",-12.635,-61.137,93,"?fredo?",15.752,-46.552,,"CoalCat",10.579,-61.979,,"Roscosmos",41.314,-92.468,,"Gonyong",-8.102,-115.168,,"Metalu",-46.906,-92.053,,,,,,,,3423.718,-18.768,-40.368,3421.936,-9.434,-56.544,,,,,,,,,,,,,,,,,,,,,,,,,3422.835,-11.501,-52.863,,,,,,,,,,,,,,,,"",2,,,,,,,,,,,,,0,"vovopo 보보포",,,3424.457,136,""
85,SIDE,4,1,0,1,0,0,2,0,0,0,255,255,255,,3426.617,,,,,,,,,,,,,,,,,,,,,,,,5,"=","=","=","=","=","=","=","=","=",,,,,,,,,,,,,,,,,,,,,,,,,,,,,,,,,,,,,,,0,0,,,,,,,,,,,,,,,,,,,,,,,,,,,,,,,,,,,,,,,,,,,,,,,,,,,,,,,,,,,,,,,,,,,,,,,,,,,,,,,,,,,,,,,,,,,,,,,,,,,,,,,,,,,,,,,,,,,,,,,,,,,,,,,,,,,,,,,,,,,,,,,,,"",0,,,,,,,,,,,,,0,"",,,,0,""
86,,4,0,0,1,0,0,0,0,0,0,255,255,255,41,3478.519,"si_ho",R,3,65,97,1.319,1.227,0.605,2.052,1.163,2.6,-36.372,50.967,94,6,0,2,"",-286.307,137.364,-7.79,0,0,4,"Gonyong","?fredo?","kneesohime","にゃんこ65K","Espressο","CoalCat","Metalu","vovopo 보보포","Roscosmos",0,R,"Espressο",190,95.125,0.297,0,105,W,Y,1,3479.651,129,85,62,68,41,,137,98,62.837,39.52,0.224,1.451,-20.067,-0.46,0,0.269,-421.166,-112.919,154.97,3485.005,-36.732,-69.955,3489.063,8,-45.566,0.056,-83.158,1,0,,3485.802,,,,,,,,,,,,,,,,,,,,,,,,,,,,,,,,,,,,-0.024,-37.214,-0.023,-17.729,-21.038,-48.428,-7.041,-66.487,21.7,-49.741,14.697,-63.365,38.7,-92.428,0.297,-112.193,-40.171,-96.45,0.113,-36.949,,"가앤슬_",0.127,-17.802,,"Kr_Luna",-20.216,-49.049,,"crani",-6.995,-66.3,,"Penguin_iDOL",21.616,-49.776,,"CVPileMaki",13.608,-63.705,86,"Yaksok~",38.536,-92.518,,"k@ster",0.304,-112.206,,"HANA_ARASHI",-39.701,-95.848,120,3495.856,0.587,-38.817,,,,,,,,,,,,,3492.322,-0.923,-59.104,,,,,,,3489.397,-45.425,-83.35,,,,,,,,,,,,,,,,3494.643,-0.213,-57.968,,,,,,,3490.622,-38.847,-81.418,"",2,,,,,,,,,,,,,0,"HANA_ARASHI",,,,80,""
87,,4,0,0,1,0,0,0,1,0,0,10,255,255,42,3510.382,"si_ho",R,13,73,100,0.846,0.234,0.548,1.86,1.096,2.226,-36.372,36.279,86,14,0,0,"",-362.913,301.058,-21.913,0,0,5,"=","=","=","=","=","=","=","=","=",5,R,"CoalCat",174.7,82.838,0.435,,104,W,Y,0,,,,,,,,,,,,,,,,,,,,,,,,,,,,,0,0,,,,,,,,,,,,,,,,,,,,,,,,,,,,,,,,,,,,,,0.036,-37.244,0.097,-17.498,-20.022,-42.068,-13.38,-64.95,20.927,-46.463,3.874,-65.76,37.23,-86.858,0.1,-110.285,-42.772,-96.856,,,,"",,,,"",,,,"",,,,"",,,,"",,,,"",,,,"",,,,"",,,,3514.692,0.137,-37.403,,,,,,,,,,,,,,,,,,,,,,,,,,,,,,,,,,,,,,,,,,,,,,,,,,,,"",0,,,,,,,,,,,,,0,"",,,,0,""
88,,4,0,0,1,0,1,0,1,0,0,10,255,255,43,3523.878,"si_ho",R,27,77,128,1.999,0.515,0.389,1.679,0.879,1.764,-36.372,20.336,59,41,0,2,"",-13.853,-130.997,2.172,0,0,5,"=","=","=","=","=","=","=","=","=",5,R,"CoalCat",174.7,82.838,0.435,5,104,W,Y,1,3525.02,250,145,96,70,57,,145,84,5.101,-28.088,0.371,1.146,-21.101,-1,0,0.514,470.856,-328.082,175.092,3526.33,17.676,-51.38,3526.492,4,15.76,0.644,-48.207,0,0,,,,,,,,,,,,3524.241,,,3526.941,5,,453,0,3529.047,4,1,659,4,,,,,,,,,,,,,,-0.002,-37.053,0.193,-17.686,-19.765,-42.054,-13.499,-64.762,21.322,-49.711,6.097,-65.759,37.085,-89.24,0.111,-110.309,-42.203,-94.776,0.216,-36.627,,"가앤슬_",0.284,-17.9,,"Kr_Luna",-18.427,-45.365,68,"crani",-13.372,-64.647,,"Penguin_iDOL",21.559,-49.515,100,"CVPileMaki",6.454,-64.96,,"Yaksok~",37.087,-89.244,,"k@ster",0.13,-110.27,,"HANA_ARASHI",-42.07,-94.747,,3533.636,-0.544,-38.152,,,,3529.062,-18,-39.648,,,,3526.954,16.462,-49.187,,,,,,,,,,,,,,,,,,,3532.324,-18.263,-39.709,,,,3527.552,13.306,-48.148,,,,,,,,,,,,,"",1,-27.97,-27.97,-10.951,0,2,0.047,7.934,5.101,-3.783,10.99,0.009,153.687,0,"Penguin_iDOL",,,,6,""
89,,4,0,0,1,0,0,2,0,0,0,255,255,255,44,3553.014,"si_ho",R,6,77,105,-0.445,-0.361,-0.012,1.645,-0.969,1.407,-36.372,10.027,64,36,0,2,"",400.944,0,25.034,0,0,6,"=","=","=","=","=","=","=","=","=",8,L,"Metalu",175,82.992,0.447,3,104,W,Y,1,3554.268,151,133,93,115,76,,145,81,27.551,-38.976,-0.052,1.065,-21.702,1,0,0.2,208.58,-520.603,-213.229,3557.697,43.283,-64.231,3559.238,6,52.555,0.121,-71.689,1,0,,3559.275,,,,,,,,,,,,,,,,,,,,,,,,,,,,,,,,,,,,-0.246,-37.139,-0.093,-17.738,-19.113,-47.489,-6.143,-66.236,21.347,-49.486,14.013,-62.238,40.708,-88.034,0.401,-108.014,-41.766,-94.453,-0.03,-36.962,,"가앤슬_",-0.089,-18.021,,"Kr_Luna",-18.677,-48.273,,"crani",-6.118,-66.214,74,"Penguin_iDOL",21.274,-49.329,,"CVPileMaki",14.057,-62.21,,"Yaksok~",40.671,-88.389,121,"k@ster",0.404,-107.997,,"HANA_ARASHI",-40.788,-93.182,,3567.936,0.203,-38.9,,,,,,,3562.175,0.598,-59.826,,,,,,,3559.656,52.472,-72.373,,,,,,,,,,,,,,,,3566.613,-1.606,-57.887,,,,,,,3560.319,48.192,-72.982,,,,,,,"",2,,,,,,,,,,,,,0,"Yaksok~",,,,129,""
90,,4,0,0,1,0,0,2,1,0,0,18,255,255,45,3580.119,"si_ho",R,26,85,137,0.901,-0.659,0.298,1.492,0.417,1.043,-36.372,17.877,57,43,0,0,"",-25.103,-200,12.104,0,0,7,"=","=","=","=","=","=","=","=","=",3,L,"vovopo 보보포",160,80.084,0.55,,104,W,Y,1,,,,,,,,,,,,,,,,,,,,,,,,,,,,,0,0,,,,,,,,,,,,3580.424,,,,,,,,,,,,,,,,,,,,,,,,,,-0.065,-37.063,0.004,-17.726,-20.014,-43.399,-5.43,-66.799,22.684,-49.507,16.607,-60.376,39.351,-87.592,-0.147,-107.761,-39.238,-89.663,,,,"",,,,"",,,,"",,,,"",,,,"",,,,"",,,,"",,,,"",,,,3584.384,0.276,-37.245,,,,,,,,,,,,,,,,,,,,,,,,,,,,,,,,,,,,,,,,,,,,,,,,,,,,"",0,,,,,,,,,,,,,0,"",,,,0,""
91,,4,0,0,1,0,1,2,1,0,0,18,255,255,46,3597.871,"si_ho",R,10,85,111,-0.479,-1.283,0.14,1.603,-0.212,1.53,-36.372,10.958,53,47,0,1,"",0,400,31.386,0,0,7,"=","=","=","=","=","=","=","=","=",3,L,"vovopo 보보포",160,80.084,0.55,,104,W,Y,0,,,,,,,,,,,,,,,,,,,,,,,,,,,,,0,0,,,,,,,,,,,,3598.077,,,,,,,,,,,,,,,,,,,,,,,,,,-0.132,-37.024,-0.065,-18.065,-20.301,-42.845,-6.997,-63.432,21.477,-48.916,9.988,-63.908,40.103,-87.428,0.046,-102.438,-38.112,-96.236,,,,"",,,,"",,,,"",,,,"",,,,"",,,,"",,,,"",,,,"",,,,3602.575,0.432,-37.164,,,,,,,,,,,,,,,,,,,,,,,,,,,,,,,,,,,,,,,,,,,,,,,,,,,,"",0,,,,,,,,,,,,,0,"",,,,0,""
92,,4,0,0,1,1,1,2,1,0,0,18,255,255,47,3613.534,"si_ho",R,27,80,131,1.613,-0.391,0.354,1.544,0.676,1.244,-36.372,20.772,55,45,0,4,"",10.768,-131.999,1.487,0,0,7,"=","=","=","=","=","=","=","=","=",3,L,"vovopo 보보포",160,80.084,0.55,,104,W,Y,1,,,,,,,,,,,,,,,,,,,,,,,,,,,,,0,0,,,,,,,,,,,,3627.715,,,,,,,,,,,,,,,,,,,,,,,,3616.795,1,0.036,-37.173,0.225,-17.764,-19.824,-41.554,-6.224,-65.267,21.513,-48.702,14.5,-63.271,40.164,-89.698,0.067,-102.447,-37.96,-87.685,,,,"",,,,"",,,,"",,,,"",,,,"",,,,"",,,,"",,,,"",,,,3617.761,0.237,-37.155,,,,,,,,,,,,,,,,,,,,,,,,,,,,,,,,,,,,,,,,,,,,,,,,,,,,"",0,,,,,,,,,,,,,0,"",,,,0,""
93,,4,0,0,1,1,2,2,1,0,0,18,255,255,48,3631.373,"si_ho",R,27,88,140,-1.333,1.113,0.144,1.657,-0.474,2.066,-36.372,12.42,53,47,0,2,"",-84.586,-119.869,15.977,0,0,7,"=","=","=","=","=","=","=","=","=",3,L,"vovopo 보보포",160,80.084,0.55,0,104,W,Y,1,3632.425,177,199,2,9,12,,26,50,26.071,-42.896,-0.273,1.115,-19.562,0.05,0,0.275,241.808,35.346,474.833,3634.759,19.166,-40.782,3634.938,4,18.094,0.889,-39.608,0,0,,,,,,,,,,,,,,,3635.337,7,,453,0,,,,,,,,,,,,,,,,,,,-0.117,-37.037,-0.104,-17.919,-19.356,-41.639,-6.561,-63.739,21.491,-49.886,14.607,-62.873,40.048,-89.981,0.002,-102.438,-38.139,-87.871,-0.049,-36.94,,"가앤슬_",-0.118,-18.161,,"Kr_Luna",-18.391,-44.232,,"crani",-6.529,-63.564,,"Penguin_iDOL",21.478,-49.848,,"CVPileMaki",14.555,-62.435,,"Yaksok~",40.048,-89.983,,"k@ster",0.017,-102.435,,"HANA_ARASHI",-39.148,-90.523,,,,,,,,,,,,,,3635.347,18.777,-40.612,,,,,,,,,,,,,,,,,,,,,,,,,,,,,,,,,,,,,,,,"",1,,,,,,,,,,,,,0,"Penguin_iDOL",,,,4,""
94,SIDE,4,0,0,1,0,0,2,1,0,0,18,255,255,,3638.45,,,,,,,,,,,,,,,,,,,,,,,,8,"=","=","=","=","=","=","=","=","=",,,,,,,,,,,,,,,,,,,,,,,,,,,,,,,,,,,,,,,0,0,,,,,,,,,,,,,,,,,,,,,,,,,,,,,,,,,,,,,,,,,,,,,,,,,,,,,,,,,,,,,,,,,,,,,,,,,,,,,,,,,,,,,,,,,,,,,,,,,,,,,,,,,,,,,,,,,,,,,,,,,,,,,,,,,,,,,,,,,,,,,,,,,"",0,,,,,,,,,,,,,0,"",,,,0,""
95,,5,1,0,1,0,0,0,0,0,0,255,255,255,37,3685.653,"Espressο",R,26,111,140,1.876,0.964,0.586,2.025,0.729,2.033,-36.608,40.091,84,16,0,1,"",51.709,-197.194,5.353,0,0,5,"Yaksok~","Kr_Luna","Penguin_iDOL","CAT tourniquet","HANA_ARASHI","가앤슬_","CVPileMaki","crani","k@ster",1,R,"가앤슬_",190,90.016,0.2,,103,W,Y,0,,,,,,,,,,,,,,,,,,,,,,,,,,,,,0,0,,,,,,,,,,,,,,,,,,,,,,,,,,,,,,,,,,,,,,0.109,-37.555,0.085,-17.21,-22.067,-50.298,-12.063,-61.033,20.882,-50.249,11.538,-62.184,41.733,-91.246,-0.621,-113.705,-41.182,-91.884,,,,"",,,,"",,,,"",,,,"",,,,"",,,,"",,,,"",,,,"",,,,,,,,,,,,,,,,,,,,,,,,,,,,,,,,,,,,,,,,,,,,,,,,,,,,,,,,,,"",0,,,,,,,,,,,,,0,"",,,,0,""
96,,5,1,0,1,1,0,0,0,0,0,255,255,255,38,3703.969,"Espressο",R,10,90,115,1.919,0.014,0.595,2.137,0.826,2.096,-36.608,58.452,88,12,0,1,"",-4.424,400,-1.824,0,0,5,"=","=","=","=","=","=","=","=","=",1,R,"가앤슬_",190,90.016,0.2,,103,W,Y,0,,,,,,,,,,,,,,,,,,,,,,,,,,,,,0,0,,,,,,,,,,,,,,,,,,,,,,,,,,,,,,,,,,,,,,0.048,-37.509,0.109,-17.204,-22.191,-50.406,-12.849,-61.288,22.128,-48.803,11.667,-62.183,40.885,-92.068,-0.595,-113.694,-41.176,-91.912,,,,"",,,,"",,,,"",,,,"",,,,"",,,,"",,,,"",,,,"",,,,,,,,,,,,,,,,,,,,,,,,,,,,,,,,,,,,,,,,,,,,,,,,,,,,,,,,,,"",0,,,,,,,,,,,,,0,"",,,,0,""
97,,5,1,0,1,2,0,0,0,0,0,255,255,255,39,3722.33,"Espressο",R,26,102,138,-0.937,0.29,0.345,1.947,-0.427,1.603,-36.608,39.574,86,14,0,0,"",5.289,-200,-4.322,0,0,5,"=","=","=","=","=","=","=","=","=",1,R,"가앤슬_",190,90.016,0.2,,103,W,Y,0,,,,,,,,,,,,,,,,,,,,,,,,,,,,,0,0,,,,,,,,,,,,,,,,,,,,,,,,,,,,,,,,,,,,,,-0.055,-37.584,0.043,-17.228,-22.308,-50.339,-12.874,-61.299,20.818,-49.948,11.451,-62.397,40.729,-92.445,-0.55,-113.632,-41.463,-91.937,,,,"",,,,"",,,,"",,,,"",,,,"",,,,"",,,,"",,,,"",,,,,,,,,,,,,,,,,,,,,,,,,,,,,,,,,,,,,,,,,,,,,,,,,,,,,,,,,,"",0,,,,,,,,,,,,,0,"",,,,0,""
98,,5,1,0,1,2,1,0,0,0,0,255,255,255,40,3739.529,"Espressο",R,26,106,140,-1.629,0.477,0.24,2.024,-0.816,1.721,-36.608,40.834,91,9,0,4,"",72.402,-200,4.117,0,0,5,"=","=","=","=","=","=","=","=","=",1,R,"가앤슬_",190,90.016,0.2,,103,W,Y,1,,,,,,,,,,,,,,,,,,,,,,,,,,,,,0,0,,,,,,,,,,,,,,,,,,,,,,,,,,,,,,,,,,,,,,-0.163,-37.509,-0.018,-17.131,-22.142,-50.242,-12.878,-61.3,21.098,-49.727,11.452,-62.358,40.599,-92.331,-0.575,-113.635,-41.739,-91.953,,,,"",,,,"",,,,"",,,,"",,,,"",,,,"",,,,"",,,,"",,,,,,,,,,,,,,,,,,,,,,,,,,,,,,,,,,,,,,,,,,,,,,,,,,,,,,,,,,"",0,,,,,,,,,,,,,0,"",,,,0,""
99,,5,1,0,1,2,2,0,0,0,0,255,255,255,41,3758.908,"Espressο",R,13,99,122,-2.032,-0.633,0.294,1.974,-0.602,1.65,-36.608,36.963,88,12,0,2,"",-179.46,400,0.777,0,0,5,"=","=","=","=","=","=","=","=","=",1,R,"가앤슬_",190,90.016,0.2,0,103,W,Y,1,3759.999,152,53,117,85,64,,145,132,-30,-16.582,-0.35,0.844,-20.9,0.7,0,0.408,-540.648,-119.541,-98.541,3759.68,0.052,-22.248,3761.276,5,10.397,2.986,-56.845,0,0,,,,,,,,,,,,,,,3764.774,5,,147,32,,,,,,,,,,,,,,,,,,,-0.14,-37.471,0.012,-17.124,-22.177,-49.975,-12.866,-61.294,19.811,-51.172,11.492,-62.413,40.603,-92.321,-0.596,-113.643,-41.814,-91.911,0.198,-37.3,,"kneesohime",-0.592,-17.449,,"にゃんこ65K",-22.128,-49.877,86,"vovopo 보보포",-12.854,-61.295,,"?fredo?",19.572,-51.007,,"CoalCat",11.49,-62.392,107,"Roscosmos",40.622,-92.314,,"Gonyong",-0.598,-113.637,,"Metalu",-41.655,-91.915,,3767.163,-4.455,-38.943,,,,3764.18,-18.782,-40.212,,,,,,,3761.728,10.77,-57.898,,,,,,,,,,,,,,,,3766.302,-17.988,-41.394,,,,,,,3762.798,7.43,-54.348,,,,,,,,,,"",2,,,,,,,,,,,,,0,"CoalCat",,,,56,""
100,,5,1,0,1,0,0,1,0,0,0,255,255,255,42,3788.111,"Espressο",R,26,106,140,1.471,0.894,0.526,1.95,0.543,1.896,-36.608,38.468,92,8,0,0,"",59.879,-200,2.267,0,0,6,"=","=","=","=","=","=","=","=","=",5,R,"CVPileMaki",170,94,0.397,,102,W,Y,1,,,,,,,,,,,,,,,,,,,,,,,,,,,,,0,0,,,,,,,,,,,,,,,,,,,,,,,,,,,,,,,,,,,,,,0.053,-37.43,0.019,-17.036,-22.173,-49.598,-14.682,-64.266,20.298,-49.834,11.107,-63.433,38.81,-89.456,0.05,-112.751,-45.844,-91.693,,,,"",,,,"",,,,"",,,,"",,,,"",,,,"",,,,"",,,,"",,,,3792.43,0.098,-37.704,,,,,,,,,,,,,,,,,,,,,,,,,,,,,,,,,,,,,,,,,,,,,,,,,,,,"",0,,,,,,,,,,,,,0,"",,,,0,""
101,,5,1,0,1,0,1,1,0,0,0,255,255,255,43,3805.873,"Espressο",R,26,106,140,0.548,1.404,0.429,2.069,0.243,2.182,-36.608,38.479,81,19,0,2,"",-12.651,-198.394,-2.036,0,0,6,"=","=","=","=","=","=","=","=","=",5,R,"CVPileMaki",170,94,0.397,3,102,W,Y,1,3806.896,137,84,115,70,49,,142,126,-4.729,37.883,0.08,1.277,-19.406,0.65,0,0.226,280.189,-227.714,-113.131,3806.951,-8.649,-30.762,3807.842,2,-18.852,0.063,-44.173,0,0,,,,,,,,,,,,,,,3810.237,6,,147,0,,,,,,,,,,,3809.666,2,,,,,,,0.003,-37.479,0.023,-17.075,-21.673,-48.625,-14.664,-64.263,20.219,-49.308,11.464,-63.772,38.784,-89.422,-0.504,-112.836,-45.9,-91.619,0.255,-37.346,,"kneesohime",0.005,-17.124,,"にゃんこ65K",-21.593,-48.621,88,"vovopo 보보포",-14.671,-64.262,,"?fredo?",20.444,-49.58,,"CoalCat",11.478,-63.659,,"Roscosmos",38.813,-89.444,,"Gonyong",-0.52,-112.743,,"Metalu",-45.858,-91.582,,3812.13,-0.789,-38.503,,,,3808.278,-19.804,-45.563,,,,,,,,,,,,,,,,,,,,,,,,,3811.102,-17.966,-39.447,,,,,,,,,,,,,,,,,,,"",2,,,,,,,,,,,,,0,"にゃんこ65K",,,,24,""
102,,5,1,0,1,0,0,2,0,0,0,255,255,255,44,3828.57,"Espressο",R,26,108,140,1.55,1.689,0.574,2.089,0.625,2.311,-36.608,51.013,81,19,0,1,"",23.52,-200,1.319,0,0,7,"=","=","=","=","=","=","=","=","=",3,R,"crani",165.8,80,0.496,,101,W,Y,0,,,,,,,,,,,,,,,,,,,,,,,,,,,,,0,0,,,,,,,,,,,,,,,,,,,,,,,,,,,,,,,,,,,,,,0.02,-37.468,0.029,-17.075,-21.772,-48.98,-12.965,-60.96,20.763,-48.553,11.163,-63.21,39.806,-89.462,1.026,-102.56,-42.065,-86.432,,,,"",,,,"",,,,"",,,,"",,,,"",,,,"",,,,"",,,,"",,,,3832.764,0.264,-37.409,,,,,,,,,,,,,,,,,,,,,,,,,,,,,,,,,,,,,,,,,,,,,,,,,,,,"",0,,,,,,,,,,,,,0,"",,,,0,""
103,,5,1,0,1,1,0,2,0,0,0,255,255,255,45,3848.797,"Espressο",R,10,100,124,-2.302,-1.186,0.027,1.765,-1.003,1.444,-36.608,11.991,42,58,0,1,"",0,400,12.328,0,0,7,"=","=","=","=","=","=","=","=","=",3,R,"crani",165.8,80,0.496,,101,W,Y,0,,,,,,,,,,,,,,,,,,,,,,,,,,,,,0,0,,,,,,,,,,,,,,,,,,,,,,,,,,,,,,,,,,,,,,-0.115,-37.523,0.013,-17.094,-21.865,-48.793,-12.003,-61.419,21.403,-50.532,10.926,-63.018,39.67,-88.98,-1.293,-102.343,-42.182,-86.35,,,,"",,,,"",,,,"",,,,"",,,,"",,,,"",,,,"",,,,"",,,,3854.1,0.202,-37.666,,,,,,,,,,,,,,,,,,,,,,,,,,,,,,,,,,,,,,,,,,,,,,,,,,,,"",0,,,,,,,,,,,,,0,"",,,,0,""
104,,5,1,0,1,2,0,2,0,0,0,255,255,255,46,3866.65,"Espressο",R,26,107,140,0.506,0.111,0.4,1.85,0.153,1.449,-36.608,25.116,87,13,0,0,"",40.542,-200,2.923,0,0,7,"=","=","=","=","=","=","=","=","=",3,R,"crani",165.8,80,0.496,,101,W,Y,1,,,,,,,,,,,,,,,,,,,,,,,,,,,,,0,0,,,,,,,,,,,,,,,,,,,,,,,,,,,,,,,,,,,,,,0.05,-37.466,0.059,-17.289,-21.398,-48.724,-12.001,-61.41,23.336,-50.031,12,-63.845,40.242,-89.836,-1.314,-102.332,-42.226,-86.308,,,,"",,,,"",,,,"",,,,"",,,,"",,,,"",,,,"",,,,"",,,,3870.972,0.329,-37.209,,,,,,,,,,,,,,,,,,,,,,,,,,,,,,,,,,,,,,,,,,,,,,,,,,,,"",0,,,,,,,,,,,,,0,"",,,,0,""
105,,5,1,0,1,2,1,2,0,0,0,255,255,255,47,3885.476,"Espressο",R,13,94,116,-1.826,0.265,0.303,2.062,-0.289,2.208,-36.608,40.209,88,12,0,2,"",-353.351,353.755,-6.843,0,0,7,"=","=","=","=","=","=","=","=","=",3,R,"crani",165.8,80,0.496,0,101,W,Y,1,3886.638,230,96,110,81,59,,145,83,-7.084,57.404,-0.383,0.952,-20.374,1,0,0.464,-32.607,534.518,-25.985,3886.601,-7.639,-24.869,,,,,,0,0,,,,,,,,,,,,,,,,,,,,,,,,,,,,,,,,,,,,,,-0.068,-37.624,0.02,-17.312,-21.414,-48.694,-12.016,-61.39,21.725,-49.702,11.4,-63.208,40.071,-89.88,-1.281,-102.385,-42.208,-86.374,0.114,-37.215,,"kneesohime",-0.39,-17.523,,"にゃんこ65K",-21.403,-48.654,,"vovopo 보보포",-12.018,-61.386,,"?fredo?",19.043,-48.87,,"CoalCat",11.398,-63.122,,"Roscosmos",40.017,-89.81,,"Gonyong",-1.293,-102.359,,"Metalu",-42.112,-86.34,,,,,,,,,,,,,,,,,,,,,,,,,,,,,,,,,,,,,,,,,,,,,,,,,,,,,,,,"",3,,,,,,,,,,,,,0,"",,,,0,""
106,,5,1,0,1,2,2,2,0,0,0,255,255,255,48,3903.102,"Espressο",R,26,112,140,0.383,0.485,0.385,1.851,0.106,1.656,-36.608,25.865,88,12,0,2,"",35.687,-200,-0.496,0,0,7,"=","=","=","=","=","=","=","=","=",3,R,"crani",165.8,80,0.496,5,34,W,Y,1,3904.208,98,68,109,57,34,,135,76,-55.388,57.588,0.057,0.973,-19.601,-1,0,0.39,81.662,-78.837,-183.17,3903.788,-0.474,-19.938,,,,,,0,0,,,,,,,,,,,,,,,,,,,,,,,,,,,,,,,,,,,,,,0.025,-37.462,0.023,-17.204,-21.482,-48.446,-12.778,-62.205,21.552,-50.796,12.152,-63.68,38.803,-92.218,-1.984,-102.579,-42.124,-86.551,0.234,-37.34,,"kneesohime",-0.025,-17.29,,"にゃんこ65K",-21.495,-48.406,,"vovopo 보보포",-12.15,-61.631,,"?fredo?",20.489,-49.839,,"CoalCat",12.176,-63.526,,"Roscosmos",38.793,-92.209,,"Gonyong",-1.964,-102.526,,"Metalu",-42.089,-86.449,,,,,,,,,,,,,,,,,,,,,,,,,,,,,,,,,,,,,,,,,,,,,,,,,,,,,,,,"",3,87.707,53.491,10.628,0.845,1,0.905,-59.176,-55.388,-7.042,-72.611,0.006,120.825,0,"",,,,0,""
107,,5,1,0,1,2,2,2,0,0,0,255,255,255,49,3924.296,"Espressο",R,26,98,133,1.265,1.07,0.477,1.974,0.391,1.961,-36.608,39.316,82,18,0,2,"",100.419,-200,5.277,0,0,7,"=","=","=","=","=","=","=","=","=",3,R,"crani",165.8,80,0.496,5,34,W,Y,1,3925.384,104,84,109,57,45,,136,94,-50.949,0.668,0.42,1.279,-20.127,-0.01,0,0.739,353.722,-213.104,238.792,3925,0.411,-21.115,3926.546,0,0.288,3.767,-37.77,0,0,,3930.581,,,,,,,,,,,,,3929.618,7,,147,16,,,,,,,,,,,,,,,,,,,0.055,-37.553,0.059,-17.154,-21.123,-47.8,-12.897,-61.03,22.123,-52.704,12.145,-63.529,39.135,-89.605,-3.956,-100.75,-42.803,-88.469,0.427,-37.474,119,"kneesohime",0.06,-17.178,,"にゃんこ65K",-21.146,-47.775,,"vovopo 보보포",-12.894,-61.021,,"?fredo?",19.961,-49.815,,"CoalCat",12.167,-63.433,,"Roscosmos",38.915,-89.853,,"Gonyong",-2.654,-99.191,,"Metalu",-42.917,-88.314,,3927.032,0.172,-38.744,,,,3929.012,-18.725,-39.6,,,,,,,,,,,,,,,,,,,3928.237,-1.027,-40.96,,,,,,,,,,,,,,,,,,,,,,,,,"",2,1.193,1.193,-13.738,0,1,0.489,-65.497,-50.949,-49.086,-69.503,0.068,76.739,0,"Espressο",,,,24,""
108,SIDE,5,1,0,1,2,2,2,0,0,0,255,255,255,,3932.534,,,,,,,,,,,,,,,,,,,,,,,,7,"=","=","=","=","=","=","=","=","=",,,,,,,,,,,,,,,,,,,,,,,,,,,,,,,,,,,,,,,0,0,,,,,,,,,,,,,,,,,,,,,,,,,,,,,,,,,,,,,,,,,,,,,,,,,,,,,,,,,,,,,,,,,,,,,,,,,,,,,,,,,,,,,,,,,,,,,,,,,,,,,,,,,,,,,,,,,,,,,,,,,,,,,,,,,,,,,,,,,,,,,,,,,"",0,,,,,,,,,,,,,0,"",,,,0,""
109,,5,0,0,1,0,0,0,0,0,0,255,255,255,49,3982.709,"si_ho",R,10,83,110,0.811,-1.126,0.341,1.66,0.343,1.509,-36.372,24.916,56,44,0,2,"",0,400,5.727,0,0,8,"Gonyong","?fredo?","kneesohime","にゃんこ65K","Espressο","CoalCat","Metalu","vovopo 보보포","Roscosmos",6,R,"Roscosmos",174.8,96.351,0.374,5,100,W,Y,1,3983.648,111,62,159,80,56,,137,93,-30,-22.927,0.156,0.649,-20.947,0.97,0,0.22,-382.929,-172.66,-393.451,3983.188,0.543,-21.86,3984.951,4,16.074,1.219,-48.627,0,0,,,,,,,,,,,,,,,3987.999,8,,147,4,,,,,,,,,,,,,,,,,,,-0.077,-37.072,0.131,-17.72,-17.244,-49.22,-12.054,-65.375,22.308,-50.472,14.926,-62.587,37.086,-89.64,-0.028,-108.452,-42.546,-92.994,0.03,-36.685,,"가앤슬_",0.15,-17.838,,"Kr_Luna",-17.326,-47.774,81,"crani",-10.699,-65.249,,"Penguin_iDOL",22.287,-50.465,119,"CVPileMaki",14.664,-62.686,,"Yaksok~",37.092,-89.647,,"k@ster",-0.031,-108.448,,"HANA_ARASHI",-41.839,-96.92,,3990.688,-0.521,-38.286,,,,3987.356,-17.561,-40.606,,,,3985.459,16.39,-49.081,,,,,,,,,,,,,,,,,,,3989.554,-17.785,-39.998,,,,3986.168,11.98,-48.133,,,,,,,,,,,,,"",2,-22.238,-22.238,-1.653,0,2,0.274,-58.213,-44.773,-19.466,-64.118,0.047,-86.936,0,"Penguin_iDOL",,,,6,""
110,,5,0,0,1,0,0,1,0,0,0,255,255,255,50,4011.289,"si_ho",R,6,88,112,-0.183,0.025,0.031,1.802,-0.869,1.612,-36.372,18.84,95,5,0,0,"",451.154,0,42.209,0,0,0,"=","=","=","=","=","=","=","=","=",7,R,"Gonyong",170,80,0.298,,100,W,Y,0,,,,,,,,,,,,,,,,,,,,,,,,,,,,,0,0,,,,,,,,,,,,,,,,,,,,,,,,,,,,,,,,,,,,,,-0.154,-37.21,0.027,-17.688,-20.315,-47.447,-13.385,-64.151,21.248,-50.062,13.15,-64.697,40.486,-90.495,-0.252,-108.242,-40.652,-94.085,,,,"",,,,"",,,,"",,,,"",,,,"",,,,"",,,,"",,,,"",,,,4015.153,-0.074,-36.962,,,,,,,,,,,,,,,,,,,,,,,,,,,,,,,,,,,,,,,,,,,,,,,,,,,,"",0,,,,,,,,,,,,,0,"",,,,0,""
111,,5,0,0,1,0,1,1,0,0,0,255,255,255,51,4049.589,"si_ho",R,13,71,99,-2.535,-0.505,0.25,1.814,-0.413,1.874,-36.372,22.519,94,6,0,1,"",-336.963,331.395,-9.013,-0.832,-16.501,0,"=","=","=","=","=","=","=","=","=",7,R,"Gonyong",170,80,0.298,,53,W,Y,0,,,,,,,,,,,,,,,,,,,,,,,,,,,,,0,0,,,,,,,,,,,,,,,,,,,,,,,,,,,,,,,,,,,,,,-0.047,-37.355,0.032,-17.725,-20.412,-47.485,-13.412,-64.286,21.533,-50.739,2.939,-67.367,39.801,-91.492,-0.227,-108.192,-39.41,-92.572,,,,"",,,,"",,,,"",,,,"",,,,"",,,,"",,,,"",,,,"",,,,4053.649,0.179,-37.371,,,,,,,,,,,,,,,,,,,,,,,,,,,,,,,,,,,,,,,,,,,,,,,,,,,,"",0,,,,,,,,,,,,,0,"",,,,0,""
112,,5,0,0,1,1,1,1,0,0,0,255,255,255,52,4067.004,"si_ho",R,27,81,132,1.814,0.635,0.374,1.695,0.781,1.819,-36.372,23.985,58,42,0,2,"",-1.674,-134.054,-1.702,0,0,0,"=","=","=","=","=","=","=","=","=",7,R,"Gonyong",170,80,0.298,5,53,W,Y,0,4068.032,139,100,113,53,24,,142,81,61.46,59.067,0.334,1.075,-19.896,-1,0,0.36,429.949,51.386,-310.87,4073.451,-33.426,-37.712,4073.609,2,-32.475,2.872,-37.174,0,0,,,,,,,,,,,,,,,4073.98,0,,451,0,,,,,,,,,,,,,,,,,,,-0.046,-37.02,0.114,-17.686,-19.934,-46.123,-13.329,-64.205,21.892,-50.763,11.062,-65.438,39.838,-91.489,-0.255,-108.233,-39.12,-91.308,0.053,-36.866,,"가앤슬_",0.247,-17.989,,"Kr_Luna",-19.21,-47.312,85,"crani",-13.329,-64.183,,"Penguin_iDOL",21.544,-50.983,,"CVPileMaki",11.042,-65.369,,"Yaksok~",39.831,-91.483,,"k@ster",-0.18,-108.196,,"HANA_ARASHI",-39.138,-91.314,,4077.295,-0.62,-38.049,,,,4073.991,-32.757,-37.32,,,,,,,,,,,,,,,,,,,,,,,,,4075.463,-32.426,-37.329,,,,,,,,,,,,,,,,,,,"",1,92.887,59.21,21.205,1,1,0.5,66.368,61.46,-6.387,62.255,0.021,-170.791,0,"Kr_Luna",,,,2,""
113,,5,0,0,1,0,0,2,0,0,0,255,255,255,53,4112.164,"si_ho",R,13,73,100,-2.18,-0.463,0.135,1.773,-0.191,1.809,-36.372,20.161,95,5,0,1,"",-354.94,312.348,-32.186,0,0,1,"=","=","=","=","=","=","=","=","=",4,R,"?fredo?",190,83.536,0.353,,99,W,Y,0,,,,,,,,,,,,,,,,,,,,,,,,,,,,,0,0,,,,,,,,,,,,,,,,,,,,,,,,,,,,,,,,,,,,,,-0.158,-37.191,0.006,-17.701,-19.06,-47.542,-13.545,-64.935,21.92,-48.944,2.11,-67.24,38.792,-90.776,-0.174,-113.023,-37.546,-90.674,,,,"",,,,"",,,,"",,,,"",,,,"",,,,"",,,,"",,,,"",,,,4117.004,0.133,-37.215,,,,,,,,,,,,,,,,,,,,,,,,,,,,,,,,,,,,,,,,,,,,,,,,,,,,"",0,,,,,,,,,,,,,0,"",,,,0,""
114,,5,0,0,1,1,0,2,0,0,0,255,255,255,54,4130.084,"si_ho",R,10,87,113,0.98,-0.704,0.383,1.721,0.416,1.658,-36.372,26.597,93,7,0,0,"",0,400,2.009,0,0,1,"=","=","=","=","=","=","=","=","=",4,R,"?fredo?",190,83.536,0.353,,99,W,Y,0,,,,,,,,,,,,,,,,,,,,,,,,,,,,,0,0,,,,,,,,,,,,,,,,,,,,,,,,,,,,,,,,,,,,4133.07,1,-0.043,-37.032,0.064,-17.855,-19.476,-47.908,-6.822,-66.278,22.36,-53.519,13.935,-63.892,38.795,-90.768,-0.217,-113.047,-37.912,-91.838,,,,"",,,,"",,,,"",,,,"",,,,"",,,,"",,,,"",,,,"",,,,4134.033,-0.041,-37.338,,,,,,,,,,,,,,,,,,,,,,,,,,,,,,,,,,,,,,,,,,,,,,,,,,,,"",0,,,,,,,,,,,,,0,"",,,,0,""
115,,5,0,0,1,1,1,2,0,0,0,255,255,255,55,4145.856,"si_ho",R,27,89,140,-1.463,-0.616,0.154,1.59,-0.678,1.137,-36.372,11.84,55,45,0,2,"",26.427,-100.393,3.264,0,0,1,"=","=","=","=","=","=","=","=","=",4,R,"?fredo?",190,83.536,0.353,3,99,W,Y,1,4146.912,255,140,91,98,34,,145,100,95.212,-85.529,-0.264,0.804,-20.687,0.98,0,0.354,204.249,467.654,213.594,,,,,,,,,0,0,,,,,,,,,,,,,,,,,,,,,,,,,,,,,,,,,,,,,,-0.117,-37.163,-0.067,-17.786,-20.026,-47.426,-11.725,-64.814,22.865,-53.16,7.393,-66.099,39.714,-92.131,-0.204,-113.016,-37.587,-92.778,0.005,-36.983,,"가앤슬_",-0.194,-18.046,,"Kr_Luna",-19.81,-47.329,,"crani",-11.674,-64.58,,"Penguin_iDOL",21.242,-54.676,,"CVPileMaki",6.889,-66.186,,"Yaksok~",39.686,-92.1,,"k@ster",-0.179,-112.945,,"HANA_ARASHI",-37.871,-93.111,,,,,,,,,,,,,,,,,,,,,,,,,,,,,,,,,,,,,,,,,,,,,,,,,,,,,,,,"",3,,,,,,,,,,,,,0,"",,,,0,""
116,,5,0,0,1,1,2,2,0,0,0,255,255,255,56,4164.716,"si_ho",R,13,75,101,-2.741,-1.192,0.149,1.611,-0.469,1.353,-36.372,12.201,46,54,0,4,"",-350.436,323.007,-27.418,-0.795,-17.603,1,"=","=","=","=","=","=","=","=","=",4,R,"?fredo?",190,83.536,0.353,,99,W,Y,1,,,,,,,,,,,,,,,,,,,,,,,,,,,,,0,2,,,,,,,,,,,,,,,,,,,,,,,,,,,,,,,,,,,,4167.603,1,-0.142,-37.076,-0.05,-17.622,-20.386,-47.738,-12.74,-64.485,22.192,-53.688,3.548,-67.28,41.047,-90.659,-0.049,-113.775,-37.665,-91.831,,,,"",,,,"",,,,"",,,,"",,,,"",,,,"",,,,"",,,,"",,,,,,,,,,,,,,,,,,,,,,,,,,,,,,,,,,,,,,,,,,,,,,,,,,,,,,,,,,"",0,,,,,,,,,,,,,0,"",,,,0,""
117,SIDE,5,0,0,1,0,0,2,0,0,0,255,255,255,,4171.807,,,,,,,,,,,,,,,,,,,,,,,,2,"=","=","=","=","=","=","=","=","=",,,,,,,,,,,,,,,,,,,,,,,,,,,,,,,,,,,,,,,0,0,,,,,,,,,,,,,,,,,,,,,,,,,,,,,,,,,,,,,,,,,,,,,,,,,,,,,,,,,,,,,,,,,,,,,,,,,,,,,,,,,,,,,,,,,,,,,,,,,,,,,,,,,,,,,,,,,,,,,,,,,,,,,,,,,,,,,,,,,,,,,,,,,"",0,,,,,,,,,,,,,0,"",,,,0,""
118,,6,1,0,1,0,0,0,0,0,0,255,255,255,50,4214.495,"Espressο",R,26,95,129,-0.508,0.586,0.371,2.003,-0.331,1.692,-36.608,46.153,90,10,0,2,"",64.644,-200,-1.896,0,0,8,"Yaksok~","Kr_Luna","Penguin_iDOL","CAT tourniquet","HANA_ARASHI","가앤슬_","CVPileMaki","crani","k@ster",7,R,"k@ster",168,90.086,0.25,0,98,W,Y,1,4215.432,136,118,60,72,25,,137,117,98.338,-37.013,-0.102,1.052,-20.112,0.23,0,0.165,346.346,156.268,2.991,,,,,,,,,0,0,,,,,,,,,,,,,,,,,,,,,,,,,,,,,,,,,,,,,,-0.135,-37.435,0.021,-17.058,-22.007,-48.935,-13.132,-60.937,21.328,-50.434,11.55,-63.673,39.053,-84.658,1.001,-101.022,-38.697,-85.742,-0.11,-37.229,,"kneesohime",-0.009,-17.217,,"にゃんこ65K",-22.005,-48.915,,"vovopo 보보포",-12.982,-61.014,,"?fredo?",20.65,-50.321,,"CoalCat",11.54,-63.608,,"Roscosmos",39.049,-84.652,,"Gonyong",1.017,-101.071,,"Metalu",-38.508,-85.82,,,,,,,,,,,,,,,,,,,,,,,,,,,,,,,,,,,,,,,,,,,,,,,,,,,,,,,,"",3,,,,,,,,,,,,,0,"",,,,0,""
119,,6,1,0,1,0,1,0,0,0,0,255,255,255,51,4236.949,"Espressο",R,26,99,134,-0.947,0.768,0.342,2.062,-0.456,1.801,-36.608,43.494,86,14,0,2,"BA+",22.634,-200,3.486,0,0,8,"=","=","=","=","=","=","=","=","=",7,R,"k@ster",168,90.086,0.25,5,84,W,Y,1,4237.869,157,83,56,58,22,,137,94,34.841,24.697,-0.178,1.125,-20.343,-0.04,0,0.181,578.309,131.407,-91.052,4242.792,-35.27,-89.459,4243.163,8,-34.082,2.566,-87.204,0,0,,4244.079,,,,,,,,,,,,,4243.403,8,,457,0,,,,,,,,,,,,,,,,,,,-0.168,-37.46,-0.031,-17.127,-21.623,-48.714,-12.893,-60.756,20.525,-48.791,11.165,-63.312,40.249,-89.083,1.02,-101.36,-38.983,-85.356,0.084,-37.475,,"kneesohime",-0.152,-17.152,,"にゃんこ65K",-21.422,-48.478,,"vovopo 보보포",-12.96,-60.672,78,"?fredo?",19.93,-49.525,,"CoalCat",11.228,-63.299,,"Roscosmos",40.253,-89.085,,"Gonyong",1.002,-101.281,,"Metalu",-38.901,-85.252,101,4250.378,-1.8,-44.384,,,,,,,4246.416,-9.67,-60.242,,,,,,,,,,,,,4243.41,-34.479,-87.741,,,,,,,,,,4249.234,-8.518,-58.618,,,,,,,,,,,,,4244.951,-30.509,-82.878,"",1,26.448,26.448,10.158,0,2,0.266,79.925,34.841,-3.159,84.981,0.072,33.861,0,"Metalu",,,,208,""
120,,6,1,0,1,0,0,1,0,0,0,255,255,255,52,4282.071,"Espressο",R,10,95,119,-1.358,-0.558,0.314,2.021,-0.557,1.744,-36.608,39.339,93,7,0,2,"",-25.599,400,7.234,0,0,0,"=","=","=","=","=","=","=","=","=",6,R,"Yaksok~",181.9,87.735,0.332,5,97,W,Y,1,4283.006,129,154,97,73,41,,138,83,-5.073,8.292,-0.431,0.675,-20.205,1,0,0.347,219.071,526.088,-121.11,4282.717,-1.275,-25.669,4284.875,3,-4.855,0.057,-56.549,0,0,,,,,,,,,,,,,,,4287.91,0,,147,128,,,,,,,,,,,,,,,,,,,0.018,-37.639,0.005,-17.266,-21.665,-48.7,-12.809,-60.422,18.919,-49.668,11.341,-63.309,40.09,-90.72,-0.48,-109.979,-42.954,-91.51,0.032,-37.283,,"kneesohime",-0.292,-17.435,,"にゃんこ65K",-21.681,-48.685,85,"vovopo 보보포",-12.785,-60.488,95,"?fredo?",19.02,-48.475,,"CoalCat",11.298,-63.254,,"Roscosmos",40.089,-90.717,,"Gonyong",-0.463,-109.902,,"Metalu",-42.958,-91.512,,4290.167,-4.884,-38.931,,,,4287.309,-18.59,-40.284,4285.279,-5.56,-57.615,,,,,,,,,,,,,,,,,,,,,,4289.32,-18.113,-40.84,4286.299,-7.577,-52.891,,,,,,,,,,,,,,,,"",2,10.409,10.409,5.268,0,0,1,-5.073,-5.073,-16.849,-5.073,0,9.902,0,"vovopo 보보포",,,,152,""
121,,6,1,0,1,0,0,2,0,0,0,255,255,255,53,4309.539,"Espressο",R,26,104,140,-1.931,0.743,0.159,1.961,-0.906,1.894,-36.608,25.479,82,18,0,1,"",43.841,-200,13.233,0,0,1,"=","=","=","=","=","=","=","=","=",2,L,"Kr_Luna",190,95.163,0.504,,97,W,Y,0,,,,,,,,,,,,,,,,,,,,,,,,,,,,,0,0,,,,,,,,,,,,,,,,,,,,,,,,,,,,,,,,,,,,,,-0.21,-37.414,-0.021,-16.916,-21.303,-50.053,-10.593,-60.649,21.904,-50.644,12.324,-62.344,47.802,-96.082,6.189,-112.291,-42.273,-93.976,,,,"",,,,"",,,,"",,,,"",,,,"",,,,"",,,,"",,,,"",,,,4314.084,0.1,-37.273,,,,,,,,,,,,,,,,,,,,,,,,,,,,,,,,,,,,,,,,,,,,,,,,,,,,"",0,,,,,,,,,,,,,0,"",,,,0,""
122,,6,1,0,1,1,0,2,0,0,0,255,255,255,54,4323.684,"Espressο",R,26,107,140,-1.695,0.436,0.202,1.877,-0.772,1.713,-36.608,27.567,88,12,0,1,"",19.541,-189.117,2.966,0,0,1,"=","=","=","=","=","=","=","=","=",2,L,"Kr_Luna",190,95.163,0.504,,97,W,Y,0,,,,,,,,,,,,,,,,,,,,,,,,,,,,,0,0,,,,,,,,,,,,,,,,,,,,,,,,,,,,,,,,,,,,,,-0.185,-37.387,0.022,-16.979,-21.016,-50.287,-10.615,-60.506,21.368,-50.188,11.894,-62.778,47.855,-96.081,6.951,-112.104,-42.329,-93.884,,,,"",,,,"",,,,"",,,,"",,,,"",,,,"",,,,"",,,,"",,,,4327.985,0.376,-37.078,,,,,,,,,,,,,,,,,,,,,,,,,,,,,,,,,,,,,,,,,,,,,,,,,,,,"",0,,,,,,,,,,,,,0,"",,,,0,""
123,,6,1,0,1,2,0,2,0,0,0,255,255,255,55,4337.282,"Espressο",R,10,102,126,-1.629,-0.853,0.22,1.778,-0.716,1.499,-36.608,23.499,70,30,0,1,"",0,400,3.69,-0.439,-16.17,1,"=","=","=","=","=","=","=","=","=",2,L,"Kr_Luna",190,95.163,0.504,,97,W,Y,0,,,,,,,,,,,,,,,,,,,,,,,,,,,,,0,0,,,,,,,,,,,,,,,,,,,,,,,,,,,,,,,,,,,,,,-0.151,-37.474,0.033,-16.911,-21.014,-49.91,-10.611,-60.512,21.824,-50.532,11.808,-62.789,47.844,-96.016,7.983,-113.306,-42.34,-93.907,,,,"",,,,"",,,,"",,,,"",,,,"",,,,"",,,,"",,,,"",,,,4341.728,0.334,-37.368,,,,,,,,,,,,,,,,,,,,,,,,,,,,,,,,,,,,,,,,,,,,,,,,,,,,"",0,,,,,,,,,,,,,0,"",,,,0,""
124,,6,1,0,1,3,0,2,0,0,0,255,255,255,56,4371.938,"Espressο",R,14,74,103,1.715,-0.289,0.512,2.084,0.376,1.998,-36.608,51.55,100,0,0,2,"",176.412,400,-17.803,0,0,1,"=","=","=","=","=","=","=","=","=",2,L,"Kr_Luna",190,95.163,0.504,5,81,W,Y,1,4372.89,98,164,146,82,33,,136,124,20.283,-50.967,0.319,0.856,-20.093,0.7,0,0.104,5.645,-3.174,2.928,4377.188,86.45,-89.821,,,,,,0,0,,,,,,,,,,,,,,,,,,,,,,,,,,,,,,,,,,,,,,-0.034,-37.54,0.005,-16.918,-21.162,-49.716,-11.418,-60.332,21.32,-49.5,11.954,-62.964,48.758,-95.86,7.979,-113.356,-43.281,-93.503,-0.002,-37.325,,"kneesohime",0.202,-17.382,,"にゃんこ65K",-21.137,-49.673,,"vovopo 보보포",-11.406,-60.281,,"?fredo?",20.722,-48.207,,"CoalCat",11.949,-62.763,,"Roscosmos",48.762,-95.864,,"Gonyong",7.952,-113.349,,"Metalu",-43.237,-93.449,,,,,,,,,,,,,,,,,,,,,,,,,,,,,,,,,,,,,,,,,,,,,,,,,,,,,,,,"",3,-51.213,-51.213,-27.155,0,2,0.354,32.208,20.283,41.059,31.874,0.032,-55.466,0,"",,,,0,""
125,,6,1,0,1,3,1,2,0,0,0,255,255,255,57,4392.545,"Espressο",R,26,98,132,-1.025,-0.301,0.267,1.851,-0.57,1.224,-36.608,26.049,93,7,0,0,"",78.018,-200,16.519,0,0,1,"=","=","=","=","=","=","=","=","=",2,L,"Kr_Luna",190,95.163,0.504,,81,W,Y,0,,,,,,,,,,,,,,,,,,,,,,,,,,,,,0,0,,,,,,,,,,,,,,,,,,,,,,,,,,,,,,,,,,,,,,-0.106,-37.508,0.003,-16.984,-21.042,-49.713,-10.266,-60.587,21.189,-48.975,12.14,-63.186,49.215,-96.458,7.755,-113.615,-43.7,-92.884,,,,"",,,,"",,,,"",,,,"",,,,"",,,,"",,,,"",,,,"",,,,,,,,,,,,,,,,,,,,,,,,,,,,,,,,,,,,,,,,,,,,,,,,,,,,,,,,,,"",0,,,,,,,,,,,,,0,"",,,,0,""
126,,6,1,0,1,3,2,2,0,0,0,255,255,255,58,4412.839,"Espressο",R,10,88,113,0.96,3.064,0.277,2.447,0.41,4.028,-36.608,77.355,85,15,0,1,"",0,400,-2.804,0,0,1,"=","=","=","=","=","=","=","=","=",2,L,"Kr_Luna",190,95.163,0.504,,81,W,Y,0,,,,,,,,,,,,,,,,,,,,,,,,,,,,,0,0,,4421.935,,,,,,,,,,,,,,,,,,,,,,,,,,,,,,,,,,,,-0.14,-37.521,0.024,-16.972,-21.116,-49.727,-10.251,-60.641,21.432,-49.997,12.116,-63.241,48.076,-96.416,7.751,-113.525,-42.023,-93.783,,,,"",,,,"",,,,"",,,,"",,,,"",,,,"",,,,"",,,,"",,,,,,,,,,,,,,,,,,,,,,,,,,,,,,,,,,,,,,,,,,,,,,,,,,,,,,,,,,"",5,,,,,,,,,,,,,0,"",,,,0,""
127,,6,1,0,1,0,1,2,1,0,0,2,255,255,59,4507.847,"Espressο",R,26,112,140,1.325,-0.343,0.504,1.85,0.474,1.221,-36.608,33.715,92,8,0,0,"",63.974,-184.322,5.255,0,0,2,"=","=","=","=","=","=","=","=","=",4,R,"Penguin_iDOL",190,85,0.3,,96,W,Y,1,,,,,,,,,,,,,,,,,,,,,,,,,,,,,0,0,,,,,,,,,,,,4507.85,,,,,,,,,,,,,,,,,,,,,,,,,,0.081,-37.474,0.04,-17.052,-21.143,-46.521,-12.862,-60.904,20.927,-50.014,11.048,-63.145,42.229,-94.632,-1.073,-115.964,-44.904,-91.606,,,,"",,,,"",,,,"",,,,"",,,,"",,,,"",,,,"",,,,"",,,,,,,,,,,,,,,,,,,,,,,,,,,,,,,,,,,,,,,,,,,,,,,,,,,,,,,,,,"",0,,,,,,,,,,,,,0,"",,,,0,""
128,,6,1,0,1,0,2,2,1,0,0,2,255,255,60,4528.342,"Espressο",R,10,95,119,-2.917,-0.767,0.111,1.965,-1.273,1.582,-36.608,31.483,91,9,0,1,"",0,400,8.284,-0.702,-16.407,2,"=","=","=","=","=","=","=","=","=",4,R,"Penguin_iDOL",190,85,0.3,,96,W,Y,0,,,,,,,,,,,,,,,,,,,,,,,,,,,,,0,0,,,,,,,,,,,,4528.353,,,,,,,,,,,,,,,,,,,,,,,,,,-0.098,-37.525,-0.009,-17.124,-21.737,-46.587,-12.917,-60.82,21.095,-50.554,10.951,-63.128,41.877,-94.262,-1.219,-115.985,-44.945,-91.564,,,,"",,,,"",,,,"",,,,"",,,,"",,,,"",,,,"",,,,"",,,,,,,,,,,,,,,,,,,,,,,,,,,,,,,,,,,,,,,,,,,,,,,,,,,,,,,,,,"",0,,,,,,,,,,,,,0,"",,,,0,""
129,,6,1,0,1,1,2,2,1,0,0,2,255,255,61,4568.105,"Espressο",R,13,92,116,-2.262,-1.498,0.229,1.815,-0.688,1.147,-36.608,28.603,95,5,0,4,"",-175.279,400,3.621,-0.553,-18.112,2,"=","=","=","=","=","=","=","=","=",4,R,"Penguin_iDOL",190,85,0.3,,96,W,Y,1,,,,,,,,,,,,,,,,,,,,,,,,,,,,,0,4,,,,,,,,,,,,,,,4575.457,2,,706,0,,,,,,,,,,,,,,,,,,,-0.083,-37.47,0.011,-17.014,-21.318,-47.137,-12.89,-60.626,22.616,-50.731,10.798,-62.968,41.336,-92.644,0.23,-116.711,-45.51,-92.502,,,,"",,,,"",,,,"",,,,"",,,,"",,,,"",,,,"",,,,"",,,,,,,,,,,,,,,,,,,,,,,,,,,,,,,,,,,,,,,,,,,,,,,,,,,,,,,,,,"",0,,,,,,,,,,,,,0,"",,,,0,""
130,SIDE,6,1,0,1,0,0,2,1,0,0,2,255,255,,4576.283,,,,,,,,,,,,,,,,,,,,,,,,3,"=","=","=","=","=","=","=","=","=",,,,,,,,,,,,,,,,,,,,,,,,,,,,,,,,,,,,,,,0,0,,,,,,,,,,,,,,,,,,,,,,,,,,,,,,,,,,,,,,,,,,,,,,,,,,,,,,,,,,,,,,,,,,,,,,,,,,,,,,,,,,,,,,,,,,,,,,,,,,,,,,,,,,,,,,,,,,,,,,,,,,,,,,,,,,,,,,,,,,,,,,,,,"",0,,,,,,,,,,,,,0,"",,,,0,""
131,,6,0,0,1,0,0,0,0,0,0,255,255,255,57,4623.117,"si_ho",R,27,82,133,1.791,0.665,0.406,1.776,0.668,1.921,-36.372,30.935,91,9,0,2,"",70.871,-114.381,-3.991,0,0,2,"Gonyong","?fredo?","kneesohime","にゃんこ65K","Espressο","CoalCat","Metalu","vovopo 보보포","Roscosmos",1,R,"kneesohime",190,85.362,0.501,5,95,W,Y,1,4624.182,255,117,134,79,36,,145,89,31.626,6.302,0.304,1.256,-20.059,-1,0,0.273,515.278,205.477,-48.158,4628.684,-10.879,-92.528,4629.438,7,-11.596,0.819,-96.2,1,0,,4630.242,,,,,,,,,,,,,,,,,,,,,,,,,,,,,,,,,,,,-0.031,-37.194,0.202,-17.81,-17.212,-48.217,-12.203,-65.363,22.058,-49.281,11.268,-65.662,33.838,-90.845,0.041,-117.582,-35.378,-94.199,0.036,-36.868,,"가앤슬_",0.254,-18.045,,"Kr_Luna",-18.055,-47.586,,"crani",-12.099,-65.246,,"Penguin_iDOL",22.061,-49.282,,"CVPileMaki",10.797,-65.711,76,"Yaksok~",33.837,-90.846,,"k@ster",0.029,-117.569,105,"HANA_ARASHI",-35.742,-94.548,,4635.956,0.771,-38.968,,,,,,,,,,,,,4632.334,-0.47,-59.858,,,,4630.003,-11.719,-96.81,,,,,,,,,,,,,,,,,,,4634.675,-0.014,-57.827,,,,4630.873,-10.894,-89.988,,,,"",2,6.286,6.286,-4.166,0,1,0.534,39.668,31.626,-3.203,35.612,0.02,32.125,0,"k@ster",,,,320,""
132,,6,0,0,1,0,0,0,1,0,0,11,255,255,58,4652.422,"si_ho",R,28,55,111,2.356,0.505,0.427,1.72,1.054,1.87,-36.372,27.651,94,6,0,1,"",-23.236,-61.744,0.859,0,0,3,"=","=","=","=","=","=","=","=","=",2,R,"にゃんこ65K",190,91.275,0.596,,90,W,Y,0,,,,,,,,,,,,,,,,,,,,,,,,,,,,,0,0,,,,,,,,,,,,4667.126,,,,,,,,,,,,,,,,,,,,,,,,,,-0.031,-37.002,0.087,-17.722,-19.633,-42.737,-13.084,-65.14,21.583,-49.415,7.676,-64.231,32.518,-88.211,-0.215,-109.606,-35.566,-91.9,,,,"",,,,"",,,,"",,,,"",,,,"",,,,"",,,,"",,,,"",,,,4656.232,0.324,-37.666,,,,,,,,,,,,,,,,,,,,,,,,,,,,,,,,,,,,,,,,,,,,,,,,,,,,"",0,,,,,,,,,,,,,0,"",,,,0,""
133,,6,0,0,1,1,0,0,1,0,0,11,255,255,59,4669.166,"si_ho",R,27,88,140,2.467,0.95,0.413,1.794,0.992,2.11,-36.372,30.274,83,17,0,1,"",53.293,-112.181,-3.751,0,0,3,"=","=","=","=","=","=","=","=","=",2,R,"にゃんこ65K",190,91.275,0.596,,90,W,Y,0,,,,,,,,,,,,,,,,,,,,,,,,,,,,,0,0,,,,,,,,,,,,4686.671,,,,,,,,,,,,,,,,,,,,,,,,4672.985,1,0.046,-37.132,0.142,-17.85,-19.501,-42.329,-13.226,-65.168,21.423,-50.15,7.182,-64.807,34.694,-87.698,-0.196,-109.386,-35.34,-90.853,,,,"",,,,"",,,,"",,,,"",,,,"",,,,"",,,,"",,,,"",,,,4674.034,-0.077,-37.287,,,,,,,,,,,,,,,,,,,,,,,,,,,,,,,,,,,,,,,,,,,,,,,,,,,,"",0,,,,,,,,,,,,,0,"",,,,0,""
134,,6,0,0,1,2,0,0,1,0,0,11,255,255,60,4688.666,"si_ho",R,14,86,110,1.128,-0.603,0.129,1.653,-0.221,1.653,-36.372,14.028,100,0,0,2,"BE+",384.957,319.075,35.421,0,0,3,"=","=","=","=","=","=","=","=","=",2,R,"にゃんこ65K",190,91.275,0.596,5,90,W,Y,1,4689.868,227,95,136,65,39,,145,92,20.547,-30.548,0.248,0.719,-19.983,-0.86,0,0.342,-377.297,-412.295,-165.664,4692.476,35.477,-70.826,4699.742,6,58.89,0.056,-101.637,1,0,,4696.181,4700.736,,,4695.412,4700.521,,,,,4688.85,,,,,,,,,,,,,,,,,,,,,,4707.713,4,,,-0.151,-36.96,0.008,-17.899,-19.232,-42.639,-13.036,-65.172,21.668,-50.055,12.114,-64.513,35.221,-88.519,-0.237,-109.329,-35.388,-90.348,0.088,-37.097,,"가앤슬_",0.183,-17.905,,"Kr_Luna",-17.703,-46.509,,"crani",-7.105,-64.671,,"Penguin_iDOL",21.482,-50.179,85,"CVPileMaki",11.871,-64.452,,"Yaksok~",35.21,-88.507,103,"k@ster",-0.167,-109.312,,"HANA_ARASHI",-36.059,-94.02,,4709.391,0.865,-38.288,,,,,,,,,,4704.103,21.305,-43.488,,,,4700.346,58.644,-100.998,,,,,,,,,,,,,,,,,,,4708.334,17.979,-40.063,,,,4701.045,56.82,-97.614,,,,,,,"6:+1",2,-33.77,-33.77,-2.641,0,0,1,20.547,20.547,37.62,20.547,0,-41.467,0,"Yaksok~",4695.412,4700.521,,5,""
135,,6,0,0,1,0,0,0,0,1,1,255,12,11,61,4808.038,"si_ho",R,26,85,137,1.623,0.455,0.346,1.686,0.681,1.759,-36.372,21.201,52,48,0,2,"",11.45,-158.853,3.868,0,0,4,"=","=","=","=","=","=","=","=","=",0,R,"Espressο",190,95.125,0.297,0,94,W,Y,1,4809.005,169,60,101,70,41,,145,92,-7.522,5.492,0.299,1.156,-19.695,-1,0,0.108,95.567,357.273,-56.405,4808.726,-0.43,-26.754,4810.809,3,-3.992,0.055,-62.206,0,0,,4815.054,,,,,,,4815.541,,4814.109,,4808.219,4808.234,4814.854,4,,147,128,,,,,,,,,,,,,,,,,,,-0.007,-37.088,0.085,-17.757,-19.856,-47.036,-11.421,-65.224,21.69,-49.041,12.287,-60.188,40.518,-90.736,-0.506,-110.975,-38.04,-93.011,0.101,-36.829,,"가앤슬_",0.184,-17.838,,"Kr_Luna",-19.796,-47.048,118,"crani",-11.666,-65.188,97,"Penguin_iDOL",21.468,-48.267,61,"CVPileMaki",12.298,-60.178,,"Yaksok~",40.502,-90.732,,"k@ster",-0.092,-110.837,,"HANA_ARASHI",-36.534,-93.97,,4826.237,0.887,-37.897,,,,4814.215,-18.815,-41.043,4811.423,-4.49,-63.193,4816.798,18.556,-40.319,,,,,,,,,,,,,,,,,,,4815.296,-16.913,-40.389,4813.219,-7.177,-55.802,4824.869,17.54,-39.688,,,,,,,,,,,,,"",2,,,,,,,,,,,,,0,"crani",,4808.132,4814.109,134,""
136,,6,0,0,2,0,0,1,0,0,1,255,255,12,62,4845.952,"si_ho",R,14,88,111,-0.408,-0.717,0.019,1.729,-0.846,1.636,-36.372,17.196,96,4,0,2,"",377.988,327.3,45.164,0,0,5,"=","=","=","=","=","=","=","=","=",5,R,"CoalCat",174.7,82.838,0.435,5,93,W,Y,1,4847.013,221,140,126,101,70,,145,97,-0.544,-17.184,-0.128,0.885,-21.66,0.98,0,0.478,-177.676,-61.081,-106.782,4846.972,3.937,-34.704,4848.396,5,11.213,0.055,-55.857,0,32,,4852.183,,,,,,,,,,,,4847.789,4852.55,5,,147,64,,,,,,,,,,,,,,,,,,,-0.191,-37.231,-0.025,-17.878,-19.654,-47.882,-10.451,-65.227,18.369,-46.338,11.884,-63.111,35.645,-87.103,-0.211,-104.29,-36.394,-91.072,0.007,-36.95,,"가앤슬_",-0.039,-18.024,130,"Kr_Luna",-19.558,-47.914,105,"crani",-10.438,-65.203,,"Penguin_iDOL",18.337,-46.312,,"CVPileMaki",12.699,-62.503,103,"Yaksok~",35.642,-87.094,,"k@ster",-0.21,-104.287,,"HANA_ARASHI",-36.394,-91.071,,4857.822,0.086,-37.478,4853.743,-0.239,-20.583,4851.852,-17.885,-40.392,,,,,,,4848.957,11.355,-56.444,,,,,,,,,,,,,4856.989,0.392,-22.355,4852.545,-16.402,-36.705,,,,,,,4850.551,7.802,-49.415,,,,,,,,,,"",2,-18.259,-18.259,-3.328,0,2,0.202,-0.868,-0.544,-5.797,-0.559,0.001,-64.6,0,"CVPileMaki",,4850.813,,98,""
137,,6,0,0,2,0,0,2,0,0,1,255,255,12,63,4874.672,"si_ho",R,27,86,139,-1.862,0.583,0.272,1.854,-0.383,1.912,-36.372,28.23,91,9,0,2,"",33.407,-121.828,2.252,0,0,6,"=","=","=","=","=","=","=","=","=",8,L,"Metalu",175,82.992,0.447,5,93,W,Y,1,4875.823,129,52,134,53,16,,139,81,92.467,7.88,-0.014,1.22,-20.572,-1,0,0.222,331.913,-173.713,468.677,4881.405,-4.577,-13.32,4881.705,1,-4.543,3.574,-13.455,0,0,,4881.416,,,,,,,,,4882.046,,,4876.467,4882.147,6,,450,0,,,,,,,,,,,,,,,,,,,-0.1,-37.005,-0.059,-17.953,-18.562,-46.783,-5.697,-66.697,20.732,-48.364,15.523,-62.539,38.155,-84.45,0.548,-106.03,-38.529,-99.868,0.021,-36.695,,"가앤슬_",-0.087,-18.126,,"Kr_Luna",-17.486,-45.755,,"crani",-5.654,-66.683,,"Penguin_iDOL",20.696,-48.4,,"CVPileMaki",15.678,-62.401,,"Yaksok~",38.151,-84.448,,"k@ster",0.546,-106.037,,"HANA_ARASHI",-37.616,-98.83,,,,,4882.157,-4.576,-13.37,,,,,,,,,,,,,,,,,,,,,,,,,,,,,,,,,,,,,,,,,,,,,,,,,"",1,9.254,9.254,-5.946,0,0,1,87.533,87.533,-2.176,87.533,0,13.604,0,"가앤슬_",,,4882.046,32,""
138,SIDE,6,0,0,2,0,0,2,0,0,1,255,255,12,,4885.187,,,,,,,,,,,,,,,,,,,,,,,,7,"=","=","=","=","=","=","=","=","=",,,,,,,,,,,,,,,,,,,,,,,,,,,,,,,,,,,,,,,0,0,,,,,,,,,,,,,,,,,,,,,,,,,,,,,,,,,,,,,,,,,,,,,,,,,,,,,,,,,,,,,,,,,,,,,,,,,,,,,,,,,,,,,,,,,,,,,,,,,,,,,,,,,,,,,,,,,,,,,,,,,,,,,,,,,,,,,,,,,,,,,,,,,"",0,,,,,,,,,,,,,0,"",,,,0,""
139,,7,1,0,2,0,0,0,0,0,0,255,255,255,62,4934.101,"Espressο",R,26,105,140,-0.771,0.736,0.317,1.959,-0.415,1.889,-36.608,32.309,96,4,0,0,"",50.725,-200,9.231,0,0,3,"Yaksok~","Kr_Luna","Penguin_iDOL","CAT tourniquet","HANA_ARASHI","가앤슬_","CVPileMaki","crani","k@ster",9,L,"CAT tourniquet",190,85,0.547,,93,W,Y,0,,,,,,,,,,,,,,,,,,,,,,,,,,,,,0,0,,,,,,,,,,,,,,,,,,,,,,,,,,,,,,,,,,,,,,-0.039,-37.551,-0.017,-17.047,-20.907,-50.892,-10.097,-61.87,21.379,-49.818,12.947,-61.809,41.339,-88.818,4.677,-109.35,-39.867,-91.634,,,,"",,,,"",,,,"",,,,"",,,,"",,,,"",,,,"",,,,"",,,,,,,,,,,,,,,,,,,,,,,,,,,,,,,,,,,,,,,,,,,,,,,,,,,,,,,,,,"",0,,,,,,,,,,,,,0,"",,,,0,""
140,,7,1,0,2,0,1,0,0,0,0,255,255,255,63,5037.275,"Espressο",R,10,92,117,-2.012,-1.715,0.224,1.774,-0.882,1.004,-36.608,25.604,91,9,0,1,"",0,400,-5.44,-0.436,-18.692,3,"=","=","=","=","=","=","=","=","=",9,L,"CAT tourniquet",190,85,0.547,,93,W,Y,0,,,,,,,,,,,,,,,,,,,,,,,,,,,,,0,0,,,,,,,,,,,,,,,,,,,,,,,,,,,,,,,,,,,,,,-0.161,-37.453,-0.014,-17.091,-21.162,-50.952,-9.496,-60.758,22.024,-49.353,13.685,-62.074,42.645,-90.667,6.011,-113.611,-42.341,-90.45,,,,"",,,,"",,,,"",,,,"",,,,"",,,,"",,,,"",,,,"",,,,,,,,,,,,,,,,,,,,,,,,,,,,,,,,,,,,,,,,,,,,,,,,,,,,,,,,,,"",0,,,,,,,,,,,,,0,"",,,,0,""
141,,7,1,0,2,1,1,0,0,0,0,255,255,255,64,5056.066,"Espressο",R,26,105,140,-1.32,-0.015,0.268,1.938,-0.567,1.413,-36.608,25.832,85,15,0,0,"",-12.204,-200,1.485,0,0,3,"=","=","=","=","=","=","=","=","=",9,L,"CAT tourniquet",190,85,0.547,,93,W,Y,0,,,,,,,,,,,,,,,,,,,,,,,,,,,,,0,0,,,,,,,,,,,,,,,,,,,,,,,,,,,,,,,,,,,,,,-0.096,-37.384,-0.016,-17.07,-21.152,-50.94,-9.873,-60.456,21.635,-49.282,13.776,-62.719,42.368,-91.243,6.112,-110.024,-42.45,-90.329,,,,"",,,,"",,,,"",,,,"",,,,"",,,,"",,,,"",,,,"",,,,,,,,,,,,,,,,,,,,,,,,,,,,,,,,,,,,,,,,,,,,,,,,,,,,,,,,,,"",0,,,,,,,,,,,,,0,"",,,,0,""
142,,7,1,0,2,1,2,0,0,0,0,255,255,255,65,5088.897,"Espressο",R,26,103,139,-1.095,1.907,0.336,2.267,-0.459,2.617,-36.608,52.221,80,20,0,1,"",-20.918,-200,2.915,0,0,3,"=","=","=","=","=","=","=","=","=",9,L,"CAT tourniquet",190,85,0.547,,93,W,Y,0,,,,,,,,,,,,,,,,,,,,,,,,,,,,,0,0,,,,,,,,,,,,,,,,,,,,,,,,,,,,,,,,,,,,,,-0.055,-37.504,-0.011,-17.074,-21.074,-50.657,-9.887,-60.457,22.203,-49.764,13.861,-63.392,41.723,-90.532,6.196,-109.855,-42.407,-90.458,,,,"",,,,"",,,,"",,,,"",,,,"",,,,"",,,,"",,,,"",,,,,,,,,,,,,,,,,,,,,,,,,,,,,,,,,,,,,,,,,,,,,,,,,,,,,,,,,,"",0,,,,,,,,,,,,,0,"",,,,0,""
143,,7,1,0,2,2,2,0,0,0,0,255,255,255,66,5108.651,"Espressο",R,26,99,134,-1.015,0.408,0.342,2.053,-0.502,1.667,-36.608,39.742,87,13,0,0,"",33.627,-200,8.122,0,0,3,"=","=","=","=","=","=","=","=","=",9,L,"CAT tourniquet",190,85,0.547,,93,W,Y,1,,,,,,,,,,,,,,,,,,,,,,,,,,,,,0,0,,,,,,,,,,,,,,,5111.368,3,,578,0,,,,,,,,,,,,,,,,,,,-0.12,-37.5,-0.015,-17.076,-20.673,-50.878,-9.896,-60.467,21.011,-49.273,13.845,-63.391,41.549,-91.533,6.202,-109.917,-42.443,-90.37,,,,"",,,,"",,,,"",,,,"",,,,"",,,,"",,,,"",,,,"",,,,,,,,,,,,,,,,,,,,,,,,,,,,,,,,,,,,,,,,,,,,,,,,,,,,,,,,,,"",0,,,,,,,,,,,,,0,"",,,,0,""
144,,7,1,0,2,0,0,1,0,0,0,255,255,255,67,5131.339,"Espressο",R,10,102,127,-1.735,-1.573,0.206,1.807,-0.761,1.104,-36.608,23.71,92,8,0,1,"",0,400,7.456,-0.398,-18.079,4,"=","=","=","=","=","=","=","=","=",8,R,"HANA_ARASHI",180.8,88,0.25,,92,W,Y,0,,,,,,,,,,,,,,,,,,,,,,,,,,,,,0,0,,,,,,,,,,,,,,,,,,,,,,,,,,,,,,,,,,,,,,-0.051,-37.552,0.008,-17.306,-21.675,-49.749,-12.972,-60.895,21.339,-50.03,11.107,-62.934,38.941,-94.445,-1.585,-113.368,-45.386,-93.891,,,,"",,,,"",,,,"",,,,"",,,,"",,,,"",,,,"",,,,"",,,,,,,,,,,,,,,,,,,,,,,,,,,,,,,,,,,,,,,,,,,,,,,,,,,,,,,,,,"",0,,,,,,,,,,,,,0,"",,,,0,""
145,,7,1,0,2,1,0,1,0,0,0,255,255,255,68,5151.281,"Espressο",R,26,97,131,2.373,1.779,0.673,2.176,0.98,2.457,-36.608,58.046,96,4,0,2,"",22.439,-200,-3.426,0,0,4,"=","=","=","=","=","=","=","=","=",8,R,"HANA_ARASHI",180.8,88,0.25,3,92,W,Y,1,5152.414,229,136,105,30,18,,145,83,-20.5,46.443,0.409,1.563,-20.064,-1,0,0.657,528.694,74.122,-121.281,5151.888,-3.522,-23.802,,,,,,0,0,,,,,,,,,,,,,,,,,,,,,,,,,,,,,,,,,,,,,,0.067,-37.349,0.104,-17.001,-21.739,-49.776,-12.974,-60.911,22.321,-52.261,11.704,-62.697,37.192,-91.858,-2.902,-112.503,-45.366,-93.658,0.278,-37.161,,"kneesohime",0.122,-17.047,,"にゃんこ65K",-21.724,-49.73,,"vovopo 보보포",-12.97,-60.886,,"?fredo?",21.483,-51.421,,"CoalCat",11.745,-62.634,,"Roscosmos",37.175,-91.84,,"Gonyong",-2.907,-112.482,,"Metalu",-45.338,-93.424,,,,,,,,,,,,,,,,,,,,,,,,,,,,,,,,,,,,,,,,,,,,,,,,,,,,,,,,"",3,,,,,,,,,,,,,0,"",,,,0,""
146,,7,1,0,2,1,1,1,0,0,0,255,255,255,69,5172.407,"Espressο",R,10,100,124,1.545,-1.141,0.612,1.928,0.655,1.372,-36.608,42.242,95,5,0,2,"BH-|BE+",0,400,-5.915,0,0,4,"=","=","=","=","=","=","=","=","=",8,R,"HANA_ARASHI",180.8,88,0.25,3,91,W,Y,1,5173.506,209,141,127,69,22,,145,83,-15.604,15.543,0.219,0.411,-20.923,1,0,0.733,-417.215,428.298,-49.927,5172.768,-0.116,-22.121,5175.001,3,-6.733,0.058,-55.435,1,0,,5179.141,,,,,,,,,,,,,,,,,,,,,,,,,,,,5179.827,3,,,,,,,0.072,-37.428,0.047,-17.014,-21.68,-48.796,-12.961,-60.98,22.748,-52.923,11.036,-63.599,36.936,-93.355,-3.929,-110.965,-48.071,-95.524,0.157,-37.257,,"kneesohime",0.1,-17.263,,"にゃんこ65K",-21.406,-48.855,,"vovopo 보보포",-12.956,-60.99,87,"?fredo?",21.183,-50.631,,"CoalCat",11.045,-63.409,,"Roscosmos",36.933,-93.347,,"Gonyong",-3.983,-110.814,,"Metalu",-48.014,-95.472,,5184.903,-4.009,-40.222,,,,,,,5175.646,-7.114,-56.9,,,,,,,,,,,,,,,,,,,,,,,,,5184.181,-12.769,-44.303,,,,,,,,,,,,,,,,"3:+1",2,,,,,,,,,,,,,0,"vovopo 보보포",,,,144,""
147,,7,1,0,2,0,0,1,1,0,0,8,255,255,70,5212.108,"Espressο",R,26,106,140,0.985,-0.039,0.462,1.736,0.343,1.407,-36.608,26.542,42,58,0,0,"",52.877,-199.817,2.183,0,0,5,"=","=","=","=","=","=","=","=","=",1,R,"가앤슬_",190,90.016,0.2,,91,W,Y,0,,,,,,,,,,,,,,,,,,,,,,,,,,,,,0,0,,,,,,,,,,,,5212.116,,,,,,,,,,,,,,,,,,,,,,,,,,0.032,-37.386,0.093,-17.285,-20.259,-45.633,-10.636,-57.692,22.124,-51.714,8.276,-60.502,39.784,-90.073,-5.637,-110.617,-46.736,-90.975,,,,"",,,,"",,,,"",,,,"",,,,"",,,,"",,,,"",,,,"",,,,5217.3,0.401,-37.259,,,,,,,,,,,,,,,,,,,,,,,,,,,,,,,,,,,,,,,,,,,,,,,,,,,,"",0,,,,,,,,,,,,,0,"",,,,0,""
148,,7,1,0,2,0,1,1,1,0,0,8,255,255,71,5230.107,"Espressο",R,26,106,140,2.04,0.8,0.605,1.992,0.789,1.96,-36.608,40.861,91,9,0,4,"",59.751,-162.593,0.329,0,0,5,"=","=","=","=","=","=","=","=","=",1,R,"가앤슬_",190,90.016,0.2,,91,W,Y,1,,,,,,,,,,,,,,,,,,,,,,,,,,,,,0,0,,,,,,,,,,,,5230.668,,,,,,,,,,,,,,,,,,,,,,,,,,0.137,-37.498,0.118,-17.313,-20.06,-44.774,-11.238,-58.53,21.133,-51.467,8.947,-60.543,40.162,-90.578,-5.948,-110.402,-46.5,-90.52,,,,"",,,,"",,,,"",,,,"",,,,"",,,,"",,,,"",,,,"",,,,5239.772,-0.377,-38.477,,,,,,,,,,,,,,,,,,,,,,,,,,,,,,,,,,,,,,,,,,,,,,,,,,,,"",0,,,,,,,,,,,,,0,"",,,,0,""
149,,7,1,0,2,0,2,1,1,0,0,8,255,255,72,5274.612,"Espressο",R,10,96,119,-1.364,-0.811,0.257,2.004,-0.601,1.554,-36.608,39.817,86,14,0,2,"",0,400,9.609,0,0,5,"=","=","=","=","=","=","=","=","=",1,R,"가앤슬_",190,90.016,0.2,5,91,W,Y,1,5275.692,199,94,88,150,64,,145,115,18.453,1.287,-0.238,0.778,-20.893,0.86,0,0.527,104.357,410.523,202.736,,,,5279.659,7,-11.219,2.508,-115.052,0,0,,,,,,,,,,,,5274.839,,,5280.337,5,,456,0,,,,,,,,,,,,,,,,,,,-0.065,-37.521,-0.007,-17.217,-20.164,-45.225,-9.765,-58.294,21.908,-51.006,7.921,-60.92,39.672,-90.193,-4.712,-110.749,-46.24,-89.133,0.114,-37.251,,"kneesohime",-0.264,-17.649,,"にゃんこ65K",-20.071,-45.479,85,"vovopo 보보포",-9.759,-58.288,,"?fredo?",19.744,-49.891,,"CoalCat",8.234,-60.839,,"Roscosmos",39.671,-90.195,,"Gonyong",-4.725,-110.728,107,"Metalu",-46.129,-89.274,,5288.013,-6.199,-39.348,,,,5284.593,-19.571,-41.789,,,,,,,,,,,,,5280.35,-11.25,-115.924,,,,,,,,,,5287.184,-18.466,-41.347,,,,,,,,,,,,,5281.22,-13.427,-113.375,,,,"",1,3.095,3.095,-0.013,0,1,0.926,30.67,18.453,0.509,86.377,0.036,5.096,0,"Gonyong",,,,25,""
150,,7,1,0,2,0,0,2,1,0,0,8,255,255,73,5309.103,"Espressο",R,26,100,135,1.248,-0.494,0.48,1.831,0.4,1.126,-36.608,37.979,93,7,0,2,"",90.533,-178.261,1.254,0,0,6,"=","=","=","=","=","=","=","=","=",5,R,"CVPileMaki",170,94,0.397,3,91,W,Y,1,5310.179,241,48,154,131,70,,145,80,11.898,-7.313,0.223,0.684,-19.543,-1,0,0.265,277.135,-223.705,-4.563,,,,5311.967,5,5.93,1.723,-56.961,0,0,,,,,,,,,,,,5309.748,,,5312.62,6,,454,0,,,,,,,,,,,,,,,,,,,-0.002,-37.417,0.064,-17.114,-20.794,-46.872,-13.266,-60.6,21.177,-50.804,11.492,-63.899,40.921,-90.653,-2.918,-114.482,-45.925,-88.697,0.178,-37.172,,"kneesohime",0.059,-17.234,,"にゃんこ65K",-20.55,-47.127,,"vovopo 보보포",-13.258,-60.608,,"?fredo?",19.719,-49.706,,"CoalCat",11.702,-63.65,,"Roscosmos",40.314,-90.659,,"Gonyong",-2.915,-114.452,,"Metalu",-45.948,-88.661,,,,,,,,,,,,,,,,,5312.634,5.95,-58.298,,,,,,,,,,,,,,,,,,,,,,,,,,,,,,,,,,,,,"",1,,,,,,,,,,,,,0,"CoalCat",,,,32,""
151,SIDE,7,1,0,2,0,0,2,1,0,0,8,255,255,,5315.27,,,,,,,,,,,,,,,,,,,,,,,,7,"=","=","=","=","=","=","=","=","=",,,,,,,,,,,,,,,,,,,,,,,,,,,,,,,,,,,,,,,0,0,,,,,,,,,,,,,,,,,,,,,,,,,,,,,,,,,,,,,,,,,,,,,,,,,,,,,,,,,,,,,,,,,,,,,,,,,,,,,,,,,,,,,,,,,,,,,,,,,,,,,,,,,,,,,,,,,,,,,,,,,,,,,,,,,,,,,,,,,,,,,,,,,"",0,,,,,,,,,,,,,0,"",,,,0,""
152,,7,0,0,2,0,0,0,0,0,0,255,255,255,0,5528.259,"펜케이크",L,0,47,104,-3.221,0.964,-0.589,1.953,-1.404,2.111,-36.387,93.696,90,10,0,1,"",9.63,0,5.87,0,0,7,"Gonyong","?fredo?","kneesohime","にゃんこ65K","Espressο","CoalCat","Metalu","vovopo 보보포","Roscosmos",3,L,"vovopo 보보포",160,80.084,0.55,,89,W,Y,0,,,,,,,,,,,,,,,,,,,,,,,,,,,,,0,0,,,,,,,,,,,,,,,,,,,,,,,,,,,,,,,,,,,,,,-0.095,-37.113,0.065,-17.601,-19.467,-49.359,-7.509,-65.083,23.079,-50.011,15.777,-59.321,40.221,-87.52,0.353,-106.815,-46.011,-95.6,,,,"",,,,"",,,,"",,,,"",,,,"",,,,"",,,,"",,,,"",,,,,,,,,,,,,,,,,,,,,,,,,,,,,,,,,,,,,,,,,,,,,,,,,,,,,,,,,,"",0,,,,,,,,,,,,,0,"",,,,0,""
153,,7,0,0,2,1,0,0,0,0,0,255,255,255,1,5547.632,"펜케이크",L,30,80,131,0.691,-0.458,-0.389,1.676,0.115,1.214,-36.387,21.459,100,0,0,0,"",137.783,-120.401,-9.6,0,0,7,"=","=","=","=","=","=","=","=","=",3,L,"vovopo 보보포",160,80.084,0.55,,89,W,Y,0,,,,,,,,,,,,,,,,,,,,,,,,,,,,,0,0,,,,,,,,,,,,,,,,,,,,,,,,,,,,,,,,,,,,,,0.034,-37.215,0.071,-17.625,-20.084,-48.484,-7.518,-65.042,23.163,-50.19,15.873,-60.395,41.341,-89.807,0.226,-106.77,-44.427,-93.23,,,,"",,,,"",,,,"",,,,"",,,,"",,,,"",,,,"",,,,"",,,,,,,,,,,,,,,,,,,,,,,,,,,,,,,,,,,,,,,,,,,,,,,,,,,,,,,,,,"",0,,,,,,,,,,,,,0,"",,,,0,""
154,,7,0,0,2,1,1,0,0,0,0,255,255,255,2,5564.918,"펜케이크",L,13,73,112,2.203,-1.144,-0.343,1.771,0.33,1.505,-36.387,21.652,97,3,0,4,"",359.923,347.067,26.75,0.682,-17.685,7,"=","=","=","=","=","=","=","=","=",3,L,"vovopo 보보포",160,80.084,0.55,,89,W,Y,1,,,,,,,,,,,,,,,,,,,,,,,,,,,,,0,0,,,,,,,,,,,,,,,,,,,,,,,,,,,,,,,,,,,,,,-0.1,-37.076,0.218,-17.683,-20.22,-48.193,-6.59,-65.78,23.058,-50.222,15.175,-60.819,40.796,-89.095,0.319,-106.755,-44.043,-93.473,,,,"",,,,"",,,,"",,,,"",,,,"",,,,"",,,,"",,,,"",,,,,,,,,,,,,,,,,,,,,,,,,,,,,,,,,,,,,,,,,,,,,,,,,,,,,,,,,,"",0,,,,,,,,,,,,,0,"",,,,0,""
155,,7,0,0,2,1,2,0,0,0,0,255,255,255,3,5587.179,"펜케이크",L,0,96,140,-0.881,2.826,-0.519,2.184,-0.382,3.031,-36.387,63.969,88,12,0,1,"",10.879,-41.469,0.768,0,0,7,"=","=","=","=","=","=","=","=","=",3,L,"vovopo 보보포",160,80.084,0.55,,89,W,Y,0,,,,,,,,,,,,,,,,,,,,,,,,,,,,,0,0,,,,,,,,,,,,,,,,,,,,,,,,,,,,,,,,,,,,,,-0.073,-37.021,-0.106,-17.732,-20.378,-48.033,-6.569,-65.744,22.926,-50.386,15.449,-62.3,41.075,-88.754,0.28,-106.706,-44.589,-93.489,,,,"",,,,"",,,,"",,,,"",,,,"",,,,"",,,,"",,,,"",,,,,,,,,,,,,,,,,,,,,,,,,,,,,,,,,,,,,,,,,,,,,,,,,,,,,,,,,,"",0,,,,,,,,,,,,,0,"",,,,0,""
156,,7,0,0,2,2,2,0,0,0,0,255,255,255,4,5604.579,"펜케이크",L,26,64,118,2.186,-1.132,-0.248,1.587,0.772,0.753,-36.387,8.416,63,37,0,4,"",115.038,-200,19.404,0.665,-15.634,7,"=","=","=","=","=","=","=","=","=",3,L,"vovopo 보보포",160,80.084,0.55,,89,W,Y,1,,,,,,,,,,,,,,,,,,,,,,,,,,,,,0,0,,,,,,,,,,,,,,,5608.88,7,,706,0,,,,,,,,,,,,,,,,,,,-0.172,-36.951,-0.189,-17.391,-20.567,-47.95,-6.6,-65.763,23.156,-50.288,16.574,-61.397,41.087,-88.742,0.382,-106.729,-44.279,-93.681,,,,"",,,,"",,,,"",,,,"",,,,"",,,,"",,,,"",,,,"",,,,,,,,,,,,,,,,,,,,,,,,,,,,,,,,,,,,,,,,,,,,,,,,,,,,,,,,,,"",0,,,,,,,,,,,,,0,"",,,,0,""
157,,7,0,0,2,0,0,1,0,0,0,255,255,255,5,5628.966,"펜케이크",L,6,60,107,-2.704,-0.43,-0.541,1.737,-0.592,1.36,-36.387,31.779,100,0,0,1,"",-305.794,0,-8.197,0,0,8,"=","=","=","=","=","=","=","=","=",6,R,"Roscosmos",174.8,96.351,0.374,,89,W,Y,0,,,,,,,,,,,,,,,,,,,,,,,,,,,,,0,0,,,,,,,,,,,,,,,,,,,,,,,,,,,,,,,,,,,,,,-0.136,-36.912,-0.134,-17.765,-19.618,-47.679,-11.174,-65.187,22.863,-50.476,3.877,-67.248,40.846,-90.361,0.278,-106.748,-44.327,-93.75,,,,"",,,,"",,,,"",,,,"",,,,"",,,,"",,,,"",,,,"",,,,,,,,,,,,,,,,,,,,,,,,,,,,,,,,,,,,,,,,,,,,,,,,,,,,,,,,,,"",0,,,,,,,,,,,,,0,"",,,,0,""
158,,7,0,0,2,1,0,1,0,0,0,255,255,255,6,5643.503,"펜케이크",L,27,84,136,-0.641,2.55,-0.464,2.191,-0.246,2.938,-36.387,67.999,90,10,0,1,"",-13.726,-131.078,-1.808,0,0,8,"=","=","=","=","=","=","=","=","=",6,R,"Roscosmos",174.8,96.351,0.374,,89,W,Y,0,,,,,,,,,,,,,,,,,,,,,,,,,,,,,0,0,,,,,,,,,,,,,,,,,,,,,,,,,,,,,,,,,,,,,,0.038,-37.244,-0.031,-17.709,-19.456,-48.041,-11.451,-65.092,23.133,-50.253,10.215,-65.949,40.838,-90.349,0.245,-106.804,-44.571,-93.582,,,,"",,,,"",,,,"",,,,"",,,,"",,,,"",,,,"",,,,"",,,,,,,,,,,,,,,,,,,,,,,,,,,,,,,,,,,,,,,,,,,,,,,,,,,,,,,,,,"",0,,,,,,,,,,,,,0,"",,,,0,""
159,,7,0,0,2,2,0,1,0,0,0,255,255,255,7,5662.67,"펜케이크",L,30,79,129,1.466,-1.117,-0.316,1.584,0.457,0.82,-36.387,8.611,64,36,0,2,"",132.131,-129.56,-22.429,0,0,8,"=","=","=","=","=","=","=","=","=",6,R,"Roscosmos",174.8,96.351,0.374,5,89,W,Y,0,5663.483,41,50,63,98,13,,46,49,-26.617,-26.908,0.311,0.504,-19.597,-0.84,0,0.172,-46.132,410.277,-349.946,5662.659,0.7,-20.37,5666.021,4,13.234,0.054,-43.309,0,256,,5669.01,,,,,,,,,,,,,5669.268,8,,147,4,,,,,,,,,,,,,,,,,,,-0.03,-37.215,0.044,-17.617,-19.401,-48.124,-11.409,-64.978,22.862,-50.385,10.738,-65.653,40.733,-90.216,0.301,-106.796,-44.472,-93.561,-0.5,-36.955,,"HANA_ARASHI",0.106,-17.634,,"Kr_Luna",-19.409,-48.098,87,"crani",-11.394,-64.965,,"Penguin_iDOL",22.867,-50.351,120,"CVPileMaki",10.672,-65.54,,"Yaksok~",40.73,-90.203,,"k@ster",0.387,-106.754,,"SUGUN",-44.361,-93.642,,5671.552,-0.542,-39.385,,,,5668.615,-17.271,-40.082,,,,5666.921,13.493,-43.77,,,,,,,,,,,,,,,,,,,5670.5,-17.552,-39.964,,,,5667.52,10.354,-43.571,,,,,,,,,,,,,"",2,-29.705,-29.705,-18.658,0,1,0.674,-41.439,-26.617,-46.652,-42.233,0.048,41.548,0,"Penguin_iDOL",,,,6,""
160,,7,0,0,2,0,0,2,0,0,0,255,255,255,8,5689.169,"펜케이크",L,10,57,103,-0.683,-2.805,-0.475,1.573,-0.284,0.757,-36.387,18.256,60,40,0,1,"",0,400,-23.649,-0.12,-20.166,0,"=","=","=","=","=","=","=","=","=",7,R,"Gonyong",170,80,0.298,,52,W,Y,0,,,,,,,,,,,,,,,,,,,,,,,,,,,,,0,0,,,,,,,,,,,,,,,,,,,,,,,,,,,,,,,,,,,,,,-0.164,-36.892,-0.18,-17.649,-18.846,-46.45,-13.397,-64.642,20.84,-48.236,2.009,-67.822,37.409,-91.379,-0.029,-107.529,-46.859,-92.595,,,,"",,,,"",,,,"",,,,"",,,,"",,,,"",,,,"",,,,"",,,,5693.546,-0.047,-37.503,,,,,,,,,,,,,,,,,,,,,,,,,,,,,,,,,,,,,,,,,,,,,,,,,,,,"",0,,,,,,,,,,,,,0,"",,,,0,""
161,,7,0,0,2,1,0,2,0,0,0,255,255,255,9,5720.948,"펜케이크",L,6,62,105,-4.027,-0.446,-0.609,1.739,-0.907,1.357,-36.387,37.854,100,0,0,1,"B>S",-434.812,0,-8.62,0,0,0,"=","=","=","=","=","=","=","=","=",7,R,"Gonyong",170,80,0.298,,52,W,Y,0,,,,,,,,,,,,,,,,,,,,,,,,,,,,,0,0,,,,,,,,,,,,,,,,,,,,,,,,,,,,,,,,,,,,,,-0.103,-37.125,-0.054,-17.713,-18.722,-46.597,-12.913,-64.333,21.064,-49.282,2.209,-67.318,37.431,-91.394,0.387,-109.801,-46.715,-92.574,,,,"",,,,"",,,,"",,,,"",,,,"",,,,"",,,,"",,,,"",,,,5728.686,-0.177,-37.306,,,,,,,,,,,,,,,,,,,,,,,,,,,,,,,,,,,,,,,,,,,,,,,,,,,,"",0,,,,,,,,,,,,,0,"",,,,0,""
162,,7,0,0,2,1,1,2,0,0,0,255,255,255,10,5744.121,"펜케이크",L,29,86,139,0.889,-0.931,-0.375,1.628,0.18,0.956,-36.387,14.728,97,3,0,2,"",164.518,-119.882,-16.248,0,0,0,"=","=","=","=","=","=","=","=","=",7,R,"Gonyong",170,80,0.298,0,52,W,Y,1,5745.133,187,79,96,34,11,,145,122,11.865,44.677,0.214,0.537,-19.349,0.74,0,0.267,-130.442,-231.017,462.864,,,,5745.68,2,-21.492,2.271,-41.917,0,0,,,,,,,,,,,,,,,5746.468,0,,451,0,,,,,,,,,,,5747.908,2,,,,,,,-0.118,-37.02,-0.091,-17.674,-19.114,-46.537,-12.921,-64.27,20.988,-49.166,9.752,-66.263,38.263,-92.004,0.085,-109.358,-46.37,-92.726,-0.453,-37.312,,"HANA_ARASHI",0.072,-17.708,,"Kr_Luna",-18.795,-46.833,81,"crani",-12.894,-64.236,,"Penguin_iDOL",21.092,-49.296,,"CVPileMaki",10.101,-65.945,,"Yaksok~",39.054,-90.944,,"k@ster",0.085,-109.358,,"SUGUN",-46.36,-92.752,,,,,,,,5746.479,-21.772,-42.651,,,,,,,,,,,,,,,,,,,,,,,,,5749.339,-17.786,-40.299,,,,,,,,,,,,,,,,,,,"",1,,,,,,,,,,,,,0,"Kr_Luna",,,,2,""
163,SIDE,7,0,0,2,0,0,2,0,0,0,255,255,255,,5749.579,,,,,,,,,,,,,,,,,,,,,,,,1,"=","=","=","=","=","=","=","=","=",,,,,,,,,,,,,,,,,,,,,,,,,,,,,,,,,,,,,,,0,0,,,,,,,,,,,,,,,,,,,,,,,,,,,,,,,,,,,,,,,,,,,,,,,,,,,,,,,,,,,,,,,,,,,,,,,,,,,,,,,,,,,,,,,,,,,,,,,,,,,,,,,,,,,,,,,,,,,,,,,,,,,,,,,,,,,,,,,,,,,,,,,,,"",0,,,,,,,,,,,,,0,"",,,,0,""
164,,8,1,0,2,0,0,0,0,0,0,255,255,255,74,5796.387,"Espressο",R,26,95,129,1.295,1.124,0.519,2.069,0.523,1.979,-36.608,40.055,90,10,0,0,"",16.926,-200,-2.089,0,0,7,"Yaksok~","Kr_Luna","Penguin_iDOL","CAT tourniquet","HANA_ARASHI","SUGUN","CVPileMaki","crani","k@ster",3,R,"crani",165.8,80,0.496,,88,W,Y,0,,,,,,,,,,,,,,,,,,,,,,,,,,,,,0,0,,,,,,,,,,,,,,,,,,,,,,,,,,,,,,,,,,,,,,0.097,-37.513,0.041,-17.147,-21.71,-49.25,-11.454,-61.114,21.71,-50.478,12.163,-62.435,39.903,-89.24,0.487,-107.771,-42.285,-90.023,,,,"",,,,"",,,,"",,,,"",,,,"",,,,"",,,,"",,,,"",,,,,,,,,,,,,,,,,,,,,,,,,,,,,,,,,,,,,,,,,,,,,,,,,,,,,,,,,,"",0,,,,,,,,,,,,,0,"",,,,0,""
165,,8,1,0,2,0,1,0,0,0,0,255,255,255,75,5814.505,"Espressο",R,13,94,115,-3.687,-1.143,0.175,1.931,-1.013,1.479,-36.608,27.062,100,0,0,2,"",-340.227,366.395,10.845,0,0,7,"=","=","=","=","=","=","=","=","=",3,R,"crani",165.8,80,0.496,3,88,W,Y,1,5815.732,255,135,131,36,43,,145,37,-32.826,30.774,-0.693,0.539,-20.303,-1,0,0.705,130.386,-171.774,7.093,5814.926,-1.102,-20.992,5818.547,0,-10.32,0.06,-32.2,0,0,,5821.17,,,,,,,,,,,,,5821.458,7,,147,16,,,,,,,,,,,,,,,,,,,-0.042,-37.543,-0.011,-17.312,-21.49,-49,-11.481,-61.136,21.495,-52.553,11.605,-62.414,39.257,-88.887,-2.4,-103.243,-40.926,-87.92,-0.028,-37.133,87,"kneesohime",-0.619,-17.876,,"にゃんこ65K",-21.517,-48.956,85,"vovopo 보보포",-11.475,-61.12,,"?fredo?",20.164,-50.561,,"CoalCat",11.616,-62.402,,"Roscosmos",39.248,-88.882,,"Gonyong",-2.467,-103.011,,"Metalu",-40.848,-87.854,,5819.462,-9.995,-33.105,,,,5820.745,-19.189,-39.114,,,,,,,,,,,,,,,,,,,5820.079,-11.531,-33.476,,,,5824.555,-17.547,-40.356,,,,,,,,,,,,,,,,,,,"",2,,,,,,,,,,,,,0,"Espressο",,,,24,""
166,,8,1,0,2,0,0,1,0,0,0,255,255,255,76,5845.342,"Espressο",R,26,100,136,-1.456,-1.438,0.233,1.627,-0.677,0.622,-36.608,18.494,57,43,0,1,"",24.712,-166.271,4.575,0,0,8,"=","=","=","=","=","=","=","=","=",7,R,"k@ster",168,90.086,0.25,,88,W,Y,0,,,,,,,,,,,,,,,,,,,,,,,,,,,,,0,0,,,,,,,,,,,,,,,,,,,,,,,,,,,,,,,,,,,,,,-0.113,-37.396,-0.037,-17.277,-22.229,-48.962,-12.673,-61.581,20.015,-51.3,10.589,-62.466,35.454,-85.968,0.891,-100.571,-41.746,-88.43,,,,"",,,,"",,,,"",,,,"",,,,"",,,,"",,,,"",,,,"",,,,5849.775,0.099,-36.969,,,,,,,,,,,,,,,,,,,,,,,,,,,,,,,,,,,,,,,,,,,,,,,,,,,,"",0,,,,,,,,,,,,,0,"",,,,0,""
167,,8,1,0,2,1,0,1,0,0,0,255,255,255,77,5860.697,"Espressο",R,26,93,127,-0.549,0.06,0.361,1.944,-0.277,1.396,-36.608,34.234,100,0,0,2,"",17.155,-200,3.518,0,0,8,"=","=","=","=","=","=","=","=","=",7,R,"k@ster",168,90.086,0.25,0,88,W,Y,1,5861.655,201,107,77,67,25,,145,130,27.768,-13.261,-0.083,0.981,-21.124,0.38,0,0.259,111.396,21.417,56.698,5866.288,23.548,-129.404,5868.08,7,20.111,0.058,-123.662,1,0,,5866.999,5871.369,,,,,,,,,,,,,,,,,,,,,,,,,,,,,5873.52,3,,,,,-0.053,-37.394,-0.008,-17.287,-22.299,-49.101,-12.246,-61.322,21.545,-54.225,10.621,-62.473,35.093,-86.38,-0.594,-98.969,-41.995,-89.339,0.134,-37.365,,"kneesohime",-0.108,-17.402,,"にゃんこ65K",-22.261,-49.002,,"vovopo 보보포",-12.266,-61.313,78,"?fredo?",21.856,-52.384,,"CoalCat",10.609,-62.453,,"Roscosmos",35.079,-86.351,,"Gonyong",-0.575,-98.888,107,"Metalu",-41.807,-89.394,,5878.173,-6.962,-40.058,,,,,,,5872.689,0.03,-59.082,,,,,,,,,,5868.987,19.319,-122.491,,,,,,,,,,,,,5877.083,-4.509,-55.494,,,,,,,,,,5869.915,17.581,-119.011,,,,"",2,,,,,,,,,,,,,0,"Gonyong",5871.369,,,145,""
168,,8,1,0,2,0,0,1,0,1,0,255,7,255,78,5965.396,"Espressο",R,26,99,133,-0.628,0.412,0.373,2.002,-0.358,1.647,-36.608,41.137,92,8,0,0,"",49.831,-200,-10.014,0,0,0,"=","=","=","=","=","=","=","=","=",6,R,"Yaksok~",181.9,89.735,0.332,,87,W,Y,0,,,,,,,,,,,,,,,,,,,,,,,,,,,,,0,0,,,,,,,,,,,,,5965.575,,,,,,,,,,,,,,,,,,,,,,,,,0.049,-37.583,-0.005,-16.985,-21.132,-48.271,-11.42,-59.462,20.863,-50.072,5.246,-63.163,35.887,-92.056,-0.284,-112.55,-40.832,-86.952,,,,"",,,,"",,,,"",,,,"",,,,"",,,,"",,,,"",,,,"",,,,5970.843,0.092,-37.429,,,,,,,,,,,,,,,,,,,,,,,,,,,,,,,,,,,,,,,,,,,,,,,,,,,,"",0,,,,,,,,,,,,,0,"",5967.685,,,0,""
169,,8,1,0,2,0,1,1,0,1,0,255,7,255,79,5982.466,"Espressο",R,13,106,127,-3.576,-2.167,0.041,1.646,-1.271,0.744,-36.608,8.957,61,39,0,1,"",-185.613,400,-0.557,-0.723,-19.377,0,"=","=","=","=","=","=","=","=","=",6,R,"Yaksok~",181.9,89.735,0.332,,87,W,Y,0,,,,,,,,,,,,,,,,,,,,,,,,,,,,,0,0,,,,,,,,,,,,,5982.82,,,,,,,,,,,,,,,,,,,,,,,,,-0.163,-37.339,-0.012,-17.036,-20.931,-47.607,-12.344,-59.708,20.401,-50.78,4.762,-62.879,36.858,-94.658,-0.233,-112.339,-40.701,-86.938,,,,"",,,,"",,,,"",,,,"",,,,"",,,,"",,,,"",,,,"",,,,5987.24,0.169,-37.362,,,,,,,,,,,,,,,,,,,,,,,,,,,,,,,,,,,,,,,,,,,,,,,,,,,,"",0,,,,,,,,,,,,,0,"",5984.704,,,0,""
170,,8,1,0,2,1,1,1,0,1,0,255,7,255,80,6030.359,"Espressο",R,10,97,121,-0.762,-0.696,0.401,2.002,-0.268,1.649,-36.608,41.512,89,11,0,2,"",-45.422,400,10.743,-0.187,-20.183,0,"=","=","=","=","=","=","=","=","=",6,R,"Yaksok~",181.9,89.735,0.332,5,87,W,Y,1,6031.312,99,154,133,99,41,,136,93,22.191,3.549,-0.141,0.644,-20.613,0.98,0,0.249,-460.06,-19.344,-58.406,6033.709,-3.787,-85.788,6034.801,7,-3.859,0.7,-94.48,1,256,,6037.207,6043.194,,,,,,6036.458,6041.059,,,6031.152,,6041.356,8,3,306,3,,,,,,,,,,,,,6047.162,7,,,6041.773,1,-0.029,-37.464,0.017,-17.09,-20.897,-47.455,-11.746,-58.543,22.041,-51.449,4.316,-61.687,35.881,-93.687,-0.234,-112.34,-41.741,-86.869,0.066,-37.109,,"kneesohime",-0.164,-17.152,130,"にゃんこ65K",-20.717,-47.514,,"vovopo 보보포",-11.738,-58.532,,"?fredo?",22.312,-51.588,92,"CoalCat",7.778,-63.165,,"Roscosmos",36.522,-94.121,,"Gonyong",-0.233,-112.343,107,"Metalu",-41.737,-86.884,,6052.345,-4.471,-38.679,6041.033,1.577,-21.842,,,,,,,6039.039,18.196,-40.134,6044.364,-0.342,-58.509,,,,6035.671,-3.985,-95.327,,,,,,,6043.068,0.503,-23.259,,,,,,,6039.725,17.377,-37.943,,,,,,,6036.686,-2.811,-87.596,,,,"",2,5.658,5.658,-8.55,0,0,1,22.191,22.191,34.433,22.191,0,9.886,0,"Gonyong",6043.194,6036.458,6041.059,55,""
171,,8,1,0,2,0,0,2,0,1,0,255,6,255,81,6205.389,"Espressο",R,27,103,139,-2.156,-0.413,0.122,1.656,-1.021,1.235,-36.608,13.666,56,44,0,1,"",56.079,-128.006,1.223,0,0,1,"=","=","=","=","=","=","=","=","=",2,L,"Kr_Luna",190,95.163,0.504,,79,W,Y,0,,,,,,,,,,,,,,,,,,,,,,,,,,,,,0,0,,,,,,,,,,,,,6222.294,,,,,,,,,,,,,,,,,,,,,,,,,-0.161,-37.384,-0.021,-16.948,-20.497,-49.405,-10.302,-60.444,21.19,-45.575,7.03,-62.224,46.564,-98.459,10.094,-113.615,-39.044,-94.607,,,,"",,,,"",,,,"",,,,"",,,,"",,,,"",,,,"",,,,"",,,,6210.099,0.067,-36.915,,,,,,,,,,,,,,,,,,,,,,,,,,,,,,,,,,,,,,,,,,,,,,,,,,,,"",0,,,,,,,,,,,,,0,"",6207.894,,,0,""
172,,8,1,0,2,1,0,2,0,1,0,255,6,255,82,6224.011,"Espressο",R,10,105,128,-1.531,0.425,0.283,2.259,-0.675,2.28,-36.608,55.8,79,21,0,2,"",0,400,2.376,0,0,1,"=","=","=","=","=","=","=","=","=",2,L,"Kr_Luna",190,95.163,0.504,0,79,W,Y,1,6224.828,150,105,68,53,17,,137,87,93.982,86.13,-0.274,1.12,-19.292,1,0,0.046,-217.546,-366.454,232.721,,,,,,,,,0,0,,,,,,,,,,,,,6240.312,,,,,,,,,,,,,,,,,,,,,,,,,-0.132,-37.375,0.031,-16.95,-20.19,-48.629,-7.958,-60.319,22.525,-50.178,13.751,-62.318,46.911,-98.916,10.863,-115.52,-33.192,-96.636,0.059,-37.175,,"kneesohime",-0.059,-17.156,,"にゃんこ65K",-20.002,-48.56,,"vovopo 보보포",-10.256,-60.055,,"?fredo?",22.625,-47.43,,"CoalCat",13.749,-62.143,,"Roscosmos",47.149,-99.047,,"Gonyong",12.928,-116.611,,"Metalu",-33.168,-96.623,,,,,,,,,,,,,,,,,,,,,,,,,,,,,,,,,,,,,,,,,,,,,,,,,,,,,,,,"",3,,,,,,,,,,,,,0,"",6228.667,,,0,""
173,,8,1,0,2,1,1,2,0,1,0,255,6,255,83,6242.442,"Espressο",R,10,103,128,-1.903,0.297,0.225,2.253,-0.835,2.2,-36.608,57.086,77,23,0,1,"",0,400,5.806,-0.587,-13.878,1,"=","=","=","=","=","=","=","=","=",2,L,"Kr_Luna",190,95.163,0.504,,79,W,Y,0,,,,,,,,,,,,,,,,,,,,,,,,,,,,,0,0,,,,,,,,,,,,,6254.942,,,,,,,,,,,,,,,,,,,,,,,,,-0.129,-37.459,0.044,-17.119,-20.386,-48.983,-4.604,-61.084,21.439,-48.643,14.383,-61.848,46.252,-97.613,11.466,-116.636,-36.614,-102.199,,,,"",,,,"",,,,"",,,,"",,,,"",,,,"",,,,"",,,,"",,,,,,,,,,,,,,,,,,,,,,,,,,,,,,,,,,,,,,,,,,,,,,,,,,,,,,,,,,"",0,,,,,,,,,,,,,0,"",6245.26,,,0,""
174,,8,1,0,2,2,1,2,0,1,0,255,6,255,84,6278.443,"Espressο",R,14,87,110,-1.21,-0.703,0.054,2.05,-1.182,1.62,-36.608,40.555,100,0,0,0,"",353.374,353.733,-10.369,-0.121,-16.503,1,"=","=","=","=","=","=","=","=","=",2,L,"Kr_Luna",190,95.163,0.504,,80,W,Y,0,,,,,,,,,,,,,,,,,,,,,,,,,,,,,0,0,,,,,,,,,,,,,6294.139,,,,,,,,,,,,,,,,,,,,,,,,,-0.185,-37.537,0.015,-17.118,-20.869,-49.837,-3.387,-61.527,23.857,-49.098,13.762,-61.567,46.078,-98.118,10.549,-116.8,-32.146,-98.141,,,,"",,,,"",,,,"",,,,"",,,,"",,,,"",,,,"",,,,"",,,,,,,,,,,,,,,,,,,,,,,,,,,,,,,,,,,,,,,,,,,,,,,,,,,,,,,,,,"",0,,,,,,,,,,,,,0,"",6281.333,,,0,""
175,,8,1,0,2,2,2,2,0,1,0,255,6,255,85,6297.23,"Espressο",R,10,97,121,-0.6,0.463,0.321,2.193,-0.27,2.339,-36.608,63.606,79,21,0,0,"",0,400,-8.988,0,0,1,"=","=","=","=","=","=","=","=","=",2,L,"Kr_Luna",190,95.163,0.504,,80,W,Y,1,,,,,,,,,,,,,,,,,,,,,,,,,,,,,0,2,,,,,,,,,,,,,,,6299.726,1,,578,0,,,,,,,,,,,,,,,,,,,-0.171,-37.474,0.003,-17.13,-20.564,-49.191,-3.346,-61.689,23.366,-49.589,12.926,-61.853,45.6,-97.104,10.616,-116.882,-32.483,-100.853,,,,"",,,,"",,,,"",,,,"",,,,"",,,,"",,,,"",,,,"",,,,,,,,,,,,,,,,,,,,,,,,,,,,,,,,,,,,,,,,,,,,,,,,,,,,,,,,,,"",0,,,,,,,,,,,,,0,"",,,,0,""
176,SIDE,8,1,0,2,0,0,2,0,1,0,255,6,255,,6302.388,,,,,,,,,,,,,,,,,,,,,,,,2,"=","=","=","=","=","=","=","=","=",,,,,,,,,,,,,,,,,,,,,,,,,,,,,,,,,,,,,,,0,0,,,,,,,,,,,,,,,,,,,,,,,,,,,,,,,,,,,,,,,,,,,,,,,,,,,,,,,,,,,,,,,,,,,,,,,,,,,,,,,,,,,,,,,,,,,,,,,,,,,,,,,,,,,,,,,,,,,,,,,,,,,,,,,,,,,,,,,,,,,,,,,,,"",0,,,,,,,,,,,,,0,"",,,,0,""
177,,8,0,0,2,0,0,0,0,0,0,255,255,255,11,6353.923,"펜케이크",L,6,54,100,-3.664,-0.564,-0.567,1.702,-0.714,1.27,-36.387,32.015,100,0,0,4,"",-424.176,0,-10.076,0,0,1,"Gonyong","?fredo?","kneesohime","にゃんこ65K","Espressο","CoalCat","Metalu","vovopo 보보포","Roscosmos",4,R,"?fredo?",190,83.536,0.353,,48,W,Y,1,,,,,,,,,,,,,,,,,,,,,,,,,,,,,0,0,,,,,,,,,,,,,,,,,,,,,,,,,,,,,,,,,,,,,,-0.1,-36.913,-0.106,-17.559,-18.418,-46.859,-12.544,-64.835,20.367,-50.034,2.441,-67.497,35.038,-85.817,0.099,-109.42,-45.899,-92.956,,,,"",,,,"",,,,"",,,,"",,,,"",,,,"",,,,"",,,,"",,,,,,,,,,,,,,,,,,,,,,,,,,,,,,,,,,,,,,,,,,,,,,,,,,,,,,,,,,"",0,,,,,,,,,,,,,0,"",,,,0,""
178,,8,0,0,2,0,1,0,0,0,0,255,255,255,12,6373.48,"펜케이크",L,6,63,105,-3.9,-1.65,-0.59,1.558,-0.817,0.802,-36.387,34.283,66,34,0,4,"",-451.669,161.565,-3.616,-0.861,-18.103,1,"=","=","=","=","=","=","=","=","=",4,R,"?fredo?",190,83.536,0.353,,48,W,Y,1,,,,,,,,,,,,,,,,,,,,,,,,,,,,,0,0,,,,,,,,,,,,,,,,,,,,,,,,,,,,,,,,,,,,,,-0.076,-36.978,-0.19,-17.55,-19.937,-45.834,-12.528,-64.905,20.407,-50.116,2.426,-67.326,34.973,-85.745,0.131,-109.43,-45.842,-93.043,,,,"",,,,"",,,,"",,,,"",,,,"",,,,"",,,,"",,,,"",,,,,,,,,,,,,,,,,,,,,,,,,,,,,,,,,,,,,,,,,,,,,,,,,,,,,,,,,,"",0,,,,,,,,,,,,,0,"",,,,0,""
179,,8,0,0,2,0,2,0,0,0,0,255,255,255,13,6391.369,"펜케이크",L,6,65,108,-2.81,-0.517,-0.495,1.709,-0.379,1.291,-36.387,29.486,100,0,0,1,"",-450.846,0,-7.784,0,0,1,"=","=","=","=","=","=","=","=","=",4,R,"?fredo?",190,83.536,0.353,,48,W,Y,0,,,,,,,,,,,,,,,,,,,,,,,,,,,,,0,0,,,,,,,,,,,,,,,,,,,,,,,,,,,,,,,,,,,,,,-0.036,-37.271,-0.156,-17.519,-19.562,-46.313,-12.555,-64.934,20.451,-50.061,2.843,-67.328,34.984,-85.771,0.089,-109.424,-45.932,-92.871,,,,"",,,,"",,,,"",,,,"",,,,"",,,,"",,,,"",,,,"",,,,,,,,,,,,,,,,,,,,,,,,,,,,,,,,,,,,,,,,,,,,,,,,,,,,,,,,,,"",0,,,,,,,,,,,,,0,"",,,,0,""
180,,8,0,0,2,1,2,0,0,0,0,255,255,255,14,6407.438,"펜케이크",L,27,79,129,-3.658,2.83,-0.659,2.242,-1.523,3.269,-36.387,80.847,86,14,0,1,"",-34.285,-116.819,1.432,0,0,1,"=","=","=","=","=","=","=","=","=",4,R,"?fredo?",190,83.536,0.353,,48,W,Y,0,,,,,,,,,,,,,,,,,,,,,,,,,,,,,0,0,,,,,,,,,,,,,,,,,,,,,,,,,,,,,,,,,,,,,,-0.155,-37.126,-0.09,-17.427,-19.796,-46.011,-12.6,-65.053,20.538,-50.059,2.807,-67.459,34.676,-85.823,0.082,-109.464,-45.833,-92.991,,,,"",,,,"",,,,"",,,,"",,,,"",,,,"",,,,"",,,,"",,,,,,,,,,,,,,,,,,,,,,,,,,,,,,,,,,,,,,,,,,,,,,,,,,,,,,,,,,"",0,,,,,,,,,,,,,0,"",,,,0,""
181,,8,0,0,2,2,2,0,0,0,0,255,255,255,15,6427.804,"펜케이크",L,31,71,123,-0.671,-0.58,-0.529,1.681,-0.538,1.201,-36.387,22.71,97,3,0,2,"",99.571,-91.383,-18.773,0,0,1,"=","=","=","=","=","=","=","=","=",4,R,"?fredo?",190,83.536,0.353,3,48,W,Y,1,6428.976,191,152,84,106,51,,145,87,15.079,15.664,-0.261,0.889,-20.284,-1,0,0.285,276.916,464.076,-165.028,6431.289,-20.562,-76.525,6433.134,8,-26.19,0.055,-90.28,1,0,,6435.038,,,,,,,,,,,,,,,,,,,,,,,,,,,,,,,,,,,,-0.17,-36.753,-0.136,-17.465,-19.57,-46.277,-12.536,-64.912,20.467,-49.217,2.581,-67.714,36.958,-89.913,0.069,-109.405,-45.891,-92.901,-0.33,-37.233,,"HANA_ARASHI",-0.187,-17.526,,"Kr_Luna",-19.608,-46.255,63,"crani",-12.484,-64.929,,"Penguin_iDOL",20.445,-49.214,,"CVPileMaki",2.667,-67.61,,"Yaksok~",36.954,-89.902,,"k@ster",0.077,-109.431,,"SUGUN",-45.849,-92.749,106,6442.806,-0.715,-38.487,,,,6436.755,-19.455,-40.19,,,,,,,,,,,,,,,,6434.033,-26.899,-90.672,,,,,,,6441.449,-17.415,-41.38,,,,,,,,,,,,,,,,6434.708,-25.463,-85.986,"",2,,,,,,,,,,,,,0,"SUGUN",,,,34,""
182,,8,0,0,2,0,0,0,1,0,0,14,255,255,16,6461.179,"펜케이크",L,29,76,127,0.987,-0.481,-0.382,1.68,0.15,1.197,-36.387,24.859,97,3,0,0,"",195.912,-108.401,-4.769,0,0,2,"=","=","=","=","=","=","=","=","=",1,R,"kneesohime",190,85.362,0.501,,85,W,Y,0,,,,,,,,,,,,,,,,,,,,,,,,,,,,,0,0,,,,,,,,,,,,,,,,,,,,,,,,,,,,,,,,,,,,,,0.015,-36.81,0.039,-17.644,-19.8,-43.387,-12.65,-65,19.009,-53.201,8.051,-64.174,34.993,-91.505,0.276,-110.905,-49.726,-95.305,,,,"",,,,"",,,,"",,,,"",,,,"",,,,"",,,,"",,,,"",,,,6466.739,0.011,-37.503,,,,,,,,,,,,,,,,,,,,,,,,,,,,,,,,,,,,,,,,,,,,,,,,,,,,"",0,,,,,,,,,,,,,0,"",,,,0,""
183,,8,0,0,2,0,1,0,1,0,0,14,255,255,17,6481.468,"펜케이크",L,13,69,109,2.755,-1.123,-0.297,1.727,0.546,1.35,-36.387,16.771,96,4,0,2,"",361.908,341.48,21.374,0,0,2,"=","=","=","=","=","=","=","=","=",1,R,"kneesohime",190,85.362,0.501,5,85,W,Y,1,6482.68,255,122,179,90,64,,145,102,-15.724,-46.302,0.518,0.609,-20.78,-0.36,0,0.306,-415.939,-349.153,-204.066,6481.672,1.895,-22.09,,,,,,0,0,,,,,,,,,,,,6483.167,,,,,,,,,,,,,,,,,,,,,,,,,,-0.113,-36.939,0.001,-17.6,-19.834,-43.668,-11.225,-65.46,17.85,-49.953,11.977,-64.721,34.99,-91.506,0.319,-110.932,-48.873,-94.54,-0.37,-37.533,,"HANA_ARASHI",0.134,-17.635,,"Kr_Luna",-19.063,-46.779,,"crani",-5.303,-66.648,,"Penguin_iDOL",17.796,-49.998,,"CVPileMaki",13.116,-64.045,,"Yaksok~",34.991,-91.505,,"k@ster",0.323,-110.897,,"SUGUN",-48.847,-94.511,,,,,,,,,,,,,,,,,,,,,,,,,,,,,,,,,,,,,,,,,,,,,,,,,,,,,,,,"",3,-50.952,-50.952,-13.385,0,0,1,-15.724,-15.724,-31.957,-15.724,0,-58.944,0,"",,,,0,""
184,,8,0,0,2,0,2,0,1,0,0,14,255,255,18,6503.412,"펜케이크",L,6,55,101,-1.495,-0.391,-0.4,1.752,0.063,1.432,-36.387,25.074,100,0,0,2,"",-377.785,0,-21.472,0,0,2,"=","=","=","=","=","=","=","=","=",1,R,"kneesohime",190,85.362,0.501,5,88,W,Y,1,6504.653,141,168,141,99,67,,145,111,17.135,-28.484,-0.302,0.927,-20.585,0.9,0,0.317,476.766,362.864,32.002,6508.534,41.996,-113.466,6510.784,6,41.705,0.057,-116.57,1,0,,6510.673,6515.15,,,6510.719,6515.669,,,,,6503.577,,,,,,,,,,,,,,,,,,,,,,,,,,-0.171,-36.774,-0.149,-17.575,-20.302,-43.64,-13.491,-64.212,19.573,-57.482,2.832,-66.707,35.277,-92.058,0.286,-111.259,-49.358,-94.363,-0.284,-37.556,,"HANA_ARASHI",-0.2,-17.604,,"Kr_Luna",-18.346,-47.164,,"crani",-13.45,-64.156,,"Penguin_iDOL",19.562,-57.478,85,"CVPileMaki",2.779,-66.558,,"Yaksok~",35.272,-92.042,106,"k@ster",0.306,-111.122,,"SUGUN",-49.376,-94.373,,6522.299,1.789,-39.02,,,,,,,,,,6516.035,19.955,-41.299,,,,6511.851,41.702,-116.147,,,,,,,,,,,,,,,,,,,6521.324,17.755,-40.516,,,,6512.574,38.765,-111.712,,,,,,,"",2,-26.777,-26.777,-11.331,0,0,1,17.135,17.135,27.357,17.135,0,-27.39,0,"Yaksok~",6510.719,6515.669,,5,""
185,,8,0,0,2,0,0,0,0,1,1,255,11,14,19,6538.854,"펜케이크",L,26,96,140,1.19,0.635,-0.31,1.876,0.482,1.833,-36.387,30.805,91,9,0,0,"",34.974,-200,-10.103,0,0,3,"=","=","=","=","=","=","=","=","=",2,R,"にゃんこ65K",190,91.275,0.596,,85,W,Y,0,,,,,,,,,,,,,,,,,,,,,,,,,,,,,0,0,,,,,,,,,,,,,,6552.054,,,,,,,,,,,,,,,,,,,,,,,,0.04,-37.059,0.001,-17.4,-18.603,-45.596,-9.845,-65.289,20.1,-47.331,10.708,-59.523,36.716,-91.755,0.033,-113.222,-46.194,-94.291,,,,"",,,,"",,,,"",,,,"",,,,"",,,,"",,,,"",,,,"",,,,6543.207,0.018,-37.271,,,,,,,,,,,,,,,,,,,,,,,,,,,,,,,,,,,,,,,,,,,,,,,,,,,,"",0,,,,,,,,,,,,,0,"",,,,0,""
186,,8,0,0,2,0,1,0,0,1,1,255,11,14,20,6554.873,"펜케이크",L,6,49,97,-2.912,0,-0.509,1.812,-0.444,1.625,-36.387,35.609,100,0,0,1,"",-381.408,0,-13.557,0,0,3,"=","=","=","=","=","=","=","=","=",2,R,"にゃんこ65K",190,91.275,0.596,,85,W,Y,0,,,,,,,,,,,,,,,,,,,,,,,,,,,,,0,0,,,,,,,,,,,,,6555.488,,,,,,,,,,,,,,,,,,,,,,,,,0.023,-37.332,-0.146,-17.461,-19.223,-46.27,-7.616,-65.191,20.259,-47.011,11.584,-63.297,36.714,-91.765,-0.182,-113.011,-45.756,-93.96,,,,"",,,,"",,,,"",,,,"",,,,"",,,,"",,,,"",,,,"",,,,6559.586,0.164,-37.315,,,,,,,,,,,,,,,,,,,,,,,,,,,,,,,,,,,,,,,,,,,,,,,,,,,,"",0,,,,,,,,,,,,,0,"",6557.102,6557.093,,0,""
187,,8,0,0,2,1,1,0,0,1,1,255,11,14,21,6571.633,"펜케이크",L,10,85,127,-0.842,-0.747,-0.49,1.788,-0.352,1.548,-36.387,32.277,96,4,0,2,"",0,400,9.881,0,0,3,"=","=","=","=","=","=","=","=","=",2,R,"にゃんこ65K",190,91.275,0.596,5,85,W,Y,1,6572.799,179,87,125,84,44,,145,131,18.447,-5.813,-0.144,0.662,-19.862,0.4,0,0.303,172.852,314.649,80.022,6576.797,3.425,-131.619,6580.092,7,2.65,0.056,-119.732,1,0,,6579.103,6583.924,,,,,,6582.049,,6583.472,,,6573.73,,,,,,,,,,,,,,,,,,,,,,6593.202,1,-0.1,-36.95,-0.133,-17.522,-19.129,-46.861,-10.888,-64.197,20.127,-47.319,4.732,-64.061,37.057,-92.088,-0.183,-112.941,-46.652,-93.254,-0.236,-37.454,,"HANA_ARASHI",-0.11,-17.527,,"Kr_Luna",-18.779,-47.053,,"crani",-11.089,-64.092,,"Penguin_iDOL",20.081,-47.29,101,"CVPileMaki",4.784,-64.024,,"Yaksok~",37.131,-92.188,,"k@ster",-0.291,-112.996,92,"SUGUN",-46.571,-93.435,,,,,6588.032,-0.149,-19.918,,,,,,,6585.845,17.378,-48.575,,,,,,,6581.182,2.65,-120.148,,,,,,,,,,,,,,,,6586.651,15.15,-45.063,,,,,,,6581.99,2.919,-115.004,,,,"",2,-7.015,-7.015,2.831,0,1,1,30.631,18.447,-7.258,79.554,0.034,-13.64,0,"k@ster",6583.924,6575.069,6583.472,276,""
188,,8,0,0,3,0,0,0,0,1,1,255,12,11,22,6634.063,"펜케이크",L,27,92,140,0.737,-0.529,-0.361,1.668,0.246,1.159,-36.387,24.502,95,5,0,2,"",65.671,-133.871,-13.176,0,0,4,"=","=","=","=","=","=","=","=","=",0,R,"Espressο",190,95.125,0.297,5,84,W,Y,1,6635.024,179,95,123,107,50,,145,106,3.871,54.913,0.173,0.741,-19.403,-0.17,0,0.309,210.889,366.284,-207.631,6635.376,-31.617,-40.372,,,,,,0,0,,,,,,,,,,,,,6654.395,6654.172,,,,,,,,,,,,,,,,,,,,,,,,0.048,-36.887,0.019,-17.731,-16.693,-46.796,-13.008,-64.988,20.642,-50.001,12.651,-64.185,38.915,-91.95,-0.717,-112.152,-44.505,-95.017,-0.392,-37.392,,"HANA_ARASHI",0.163,-17.746,,"Kr_Luna",-16.652,-46.858,,"crani",-12.981,-64.945,,"Penguin_iDOL",20.644,-49.993,,"CVPileMaki",12.664,-64.139,,"Yaksok~",38.913,-91.944,,"k@ster",-0.721,-112.162,,"SUGUN",-44.705,-94.774,,,,,,,,,,,,,,,,,,,,,,,,,,,,,,,,,,,,,,,,,,,,,,,,,,,,,,,,"",3,56.534,48.526,6.675,0.456,0,1,3.871,3.871,-0.317,3.871,0,87.646,0,"",6638.611,6640.958,,0,""
189,,8,0,0,3,0,1,0,0,1,1,255,12,11,23,6654.424,"펜케이크",L,6,58,103,-2.684,-0.276,-0.481,1.757,-0.311,1.446,-36.387,29.259,100,0,0,4,"",-430.384,0,-13.316,0,0,4,"=","=","=","=","=","=","=","=","=",0,R,"Espressο",190,95.125,0.297,,55,W,Y,1,,,,,,,,,,,,,,,,,,,,,,,,,,,,,0,0,,,,,,,,,,,,,,6668.992,,,,,,,,,,,,,,,,,,,,,,,,-0.13,-36.757,-0.126,-17.842,-19.462,-45.714,-13.555,-64.187,20.347,-49.144,3.694,-66.81,38.269,-91.13,-0.548,-112.992,-47.235,-92.687,,,,"",,,,"",,,,"",,,,"",,,,"",,,,"",,,,"",,,,"",,,,,,,,,,,,,,,,,,,,,,,,,,,,,,,,,,,,,,,,,,,,,,,,,,,,,,,,,,"",0,,,,,,,,,,,,,0,"",6656.787,6657.336,,0,""
190,,8,0,0,3,0,2,0,0,1,1,255,12,11,24,6675.015,"펜케이크",L,6,69,111,-2.887,-0.23,-0.526,1.763,-0.52,1.466,-36.387,31.24,100,0,0,4,"",-406.544,0,-15.337,0,0,4,"=","=","=","=","=","=","=","=","=",0,R,"Espressο",190,95.125,0.297,,55,W,Y,1,,,,,,,,,,,,,,,,,,,,,,,,,,,,,0,0,,,,,,,,,,,,,6675.089,6699.003,6677.615,4,,578,0,,,,,,,,,,,,,,,,,,,-0.093,-36.897,-0.195,-17.723,-19.862,-45.181,-13.992,-64.661,20.594,-48.561,4.84,-67.58,37.585,-90.203,-0.588,-113.018,-46.017,-93.498,,,,"",,,,"",,,,"",,,,"",,,,"",,,,"",,,,"",,,,"",,,,,,,,,,,,,,,,,,,,,,,,,,,,,,,,,,,,,,,,,,,,,,,,,,,,,,,,,,"",0,,,,,,,,,,,,,0,"",6677.565,6678.095,,0,""
191,,8,0,0,3,0,0,1,0,1,1,255,12,11,25,6699.395,"펜케이크",L,26,88,140,-2.195,-1.193,-0.636,1.567,-1.032,0.761,-36.387,13.984,62,38,0,2,"",73.623,-159.975,-23.028,0,0,5,"=","=","=","=","=","=","=","=","=",5,R,"CoalCat",174.7,82.838,0.435,5,84,W,Y,1,6700.434,240,112,100,62,40,,145,84,98.345,-47.863,-0.411,0.577,-20.708,1,0,0.369,358.461,304.095,228.465,6705.542,-12.355,-6.895,6705.759,1,-12.151,2.809,-7.146,0,0,,,,,,,,,,,,,6736.157,6713.557,6706.762,5,,450,0,,,,,,,,,,,,,,,,,,,-0.191,-37.024,-0.268,-17.918,-18.995,-45.65,-13.242,-64.708,21.219,-48.869,4.88,-64.923,38.446,-90.73,-0.206,-110.469,-45.26,-91.208,-0.284,-37.593,,"HANA_ARASHI",-0.335,-17.971,100,"Kr_Luna",-18.984,-45.616,,"crani",-13.148,-64.637,,"Penguin_iDOL",21.11,-48.829,,"CVPileMaki",4.213,-65.081,,"Yaksok~",38.445,-90.733,,"k@ster",-0.209,-110.415,,"SUGUN",-45.081,-91.157,,6719.214,-0.004,-37.249,6706.774,-11.79,-7.288,,,,,,,,,,,,,,,,,,,,,,,,,6718.213,-0.21,-18.909,,,,,,,,,,,,,,,,,,,,,,"",1,-55.73,-42.755,-3.114,0.522,1,0.637,85.288,81.655,-6.957,53.373,0.056,-120.157,0,"HANA_ARASHI",6702.942,6711.562,,16,""
192,,8,0,0,3,0,0,2,0,1,1,255,12,11,26,6736.212,"펜케이크",L,10,67,110,1.735,-1.153,-0.285,1.778,0.601,1.504,-36.387,22.504,100,0,0,1,"",87.456,400,31.441,0,0,6,"=","=","=","=","=","=","=","=","=",8,L,"Metalu",175,82.992,0.447,,84,W,Y,0,,,,,,,,,,,,,,,,,,,,,,,,,,,,,0,0,,,,,,,,,,,,,6753.611,6737.05,,,,,,,,,,,,,,,,,,,,,,,,0.016,-37.13,-0.002,-17.647,-18.362,-46.871,-7.228,-66.652,21.409,-50.153,15.028,-62.711,40.231,-88.744,-0.101,-110.931,-44.498,-90.869,,,,"",,,,"",,,,"",,,,"",,,,"",,,,"",,,,"",,,,"",,,,6741.23,-0.004,-37.592,,,,,,,,,,,,,,,,,,,,,,,,,,,,,,,,,,,,,,,,,,,,,,,,,,,,"",0,,,,,,,,,,,,,0,"",6738.874,6739.01,,0,""
193,,8,0,0,3,1,0,2,0,1,1,255,12,11,27,6754.231,"펜케이크",L,26,99,140,-0.378,-0.001,-0.465,1.764,-0.237,1.455,-36.387,23.568,95,5,0,2,"",66.154,-151.687,-16.06,0,0,6,"=","=","=","=","=","=","=","=","=",8,L,"Metalu",175,82.992,0.447,5,84,W,Y,1,6755.309,88,19,116,24,7,,128,113,-3.769,-59.903,-0.061,0.918,-20.128,0.82,0,0.163,210.214,-25.692,456.409,6754.692,9.086,-25.422,,,,,,0,0,,,,,,,,,,,,,6759.987,6776.812,,,,,,,,,,,,,,,,,,,,,,,,-0.071,-37.072,-0.24,-17.32,-19.68,-44.915,-5.67,-65.518,21.641,-48.525,13.951,-63.175,41.074,-89.314,-0.091,-110.992,-44.388,-91.106,-0.305,-37.447,,"HANA_ARASHI",-0.155,-17.423,,"Kr_Luna",-17.896,-46.778,,"crani",-5.642,-65.454,,"Penguin_iDOL",21.645,-48.509,,"CVPileMaki",13.44,-63.245,,"Yaksok~",40.816,-89.849,,"k@ster",-0.126,-110.988,,"SUGUN",-44.423,-90.895,,,,,,,,,,,,,,,,,,,,,,,,,,,,,,,,,,,,,,,,,,,,,,,,,,,,,,,,"",3,-71.961,-51.731,-13.624,0.618,1,0.783,-5.853,-3.769,-4.169,3.331,0.002,-132.494,0,"",6759.843,6759.663,,0,""
194,,8,0,0,3,1,1,2,0,1,1,255,12,11,28,6777.487,"펜케이크",L,26,95,140,1.217,-0.008,-0.337,1.751,0.359,1.408,-36.387,22.442,99,1,0,0,"",140.017,-200,-22.682,0,0,6,"=","=","=","=","=","=","=","=","=",8,L,"Metalu",175,82.992,0.447,,84,W,Y,0,,,,,,,,,,,,,,,,,,,,,,,,,,,,,0,0,,,,,,,,,,,,,,6797.322,,,,,,,,,,,,,,,,,,,,,,,,0.038,-37.055,0.177,-17.433,-18.71,-46.496,-5.761,-66.104,22.196,-49.767,14.532,-63.672,41.886,-89.474,0.343,-109.78,-45.727,-91.159,,,,"",,,,"",,,,"",,,,"",,,,"",,,,"",,,,"",,,,"",,,,,,,,,,,,,,,,,,,,,,,,,,,,,,,,,,,,,,,,,,,,,,,,,,,,,,,,,,"",0,,,,,,,,,,,,,0,"",6779.853,6780.378,,0,""
195,,8,0,0,3,1,2,2,0,1,1,255,12,11,29,6798.081,"펜케이크",L,13,76,114,3.148,-1.65,-0.259,1.655,0.719,1.072,-36.387,10.562,64,36,0,4,"",382.512,322.001,18.261,0,0,6,"=","=","=","=","=","=","=","=","=",8,L,"Metalu",175,82.992,0.447,,84,W,Y,1,,,,,,,,,,,,,,,,,,,,,,,,,,,,,0,0,,,,,,,,,,,,,6798.295,,6800.974,6,,578,0,,,,,,,,,,,6803.137,2,,,,,,,0.049,-37.373,0.195,-17.67,-19.312,-45.708,-6.135,-66.134,22.181,-49.26,15.681,-62.626,41.881,-89.435,0.396,-109.801,-45.655,-91.225,,,,"",,,,"",,,,"",,,,"",,,,"",,,,"",,,,"",,,,"",,,,,,,,,,,,,,,,,,,,,,,,,,,,,,,,,,,,,,,,,,,,,,,,,,,,,,,,,,"",0,,,,,,,,,,,,,0,"",6802.263,,,0,""
196,SIDE,8,0,0,3,0,0,2,0,1,1,255,12,11,,6805.202,,,,,,,,,,,,,,,,,,,,,,,,7,"=","=","=","=","=","=","=","=","=",,,,,,,,,,,,,,,,,,,,,,,,,,,,,,,,,,,,,,,0,0,,,,,,,,,,,,,,,,,,,,,,,,,,,,,,,,,,,,,,,,,,,,,,,,,,,,,,,,,,,,,,,,,,,,,,,,,,,,,,,,,,,,,,,,,,,,,,,,,,,,,,,,,,,,,,,,,,,,,,,,,,,,,,,,,,,,,,,,,,,,,,,,,"",0,,,,,,,,,,,,,0,"",,,,0,""
197,,9,1,0,3,0,0,0,0,0,0,255,255,255,86,6878.496,"Espressο",R,13,98,121,-2.567,-1.297,0.245,1.815,-0.797,1.242,-36.608,25.079,84,16,0,4,"",-199.54,400,-0.289,-0.663,-17.527,2,"Yaksok~","Kr_Luna","Penguin_iDOL","CAT tourniquet","HANA_ARASHI","SUGUN","CVPileMaki","crani","k@ster",4,R,"Penguin_iDOL",190,85,0.3,,84,W,Y,1,,,,,,,,,,,,,,,,,,,,,,,,,,,,,0,0,,,,,,,,,,,,,,,,,,,,,,,,,,,,,,,,,,,,,,-0.024,-37.588,-0.007,-17.149,-21.222,-49.661,-12.566,-61.723,21.434,-50.215,10.069,-63.536,35.766,-93.404,-7.898,-117.332,-46.49,-92.313,,,,"",,,,"",,,,"",,,,"",,,,"",,,,"",,,,"",,,,"",,,,,,,,,,,,,,,,,,,,,,,,,,,,,,,,,,,,,,,,,,,,,,,,,,,,,,,,,,"",0,,,,,,,,,,,,,0,"",,,,0,""
198,,9,1,0,3,0,1,0,0,0,0,255,255,255,87,6895.79,"Espressο",R,26,107,140,1.799,-0.268,0.525,1.865,0.54,1.255,-36.608,35.656,91,9,0,4,"",167.389,-200,1.937,0,0,2,"=","=","=","=","=","=","=","=","=",4,R,"Penguin_iDOL",190,85,0.3,,84,W,Y,1,,,,,,,,,,,,,,,,,,,,,,,,,,,,,0,0,,,,,,,,,,,,,,,,,,,,,,,,,,,,,,,,,,,,,,0.076,-37.404,0.007,-16.972,-21.203,-49.624,-12.625,-61.71,21.58,-49.996,10.825,-63.095,35.756,-93.413,-6.341,-117.336,-46.549,-92.273,,,,"",,,,"",,,,"",,,,"",,,,"",,,,"",,,,"",,,,"",,,,,,,,,,,,,,,,,,,,,,,,,,,,,,,,,,,,,,,,,,,,,,,,,,,,,,,,,,"",0,,,,,,,,,,,,,0,"",,,,0,""
199,,9,1,0,3,0,2,0,0,0,0,255,255,255,88,6913.684,"Espressο",R,10,100,124,-1.406,-0.31,0.272,2.024,-0.62,1.838,-36.608,48.125,83,17,0,0,"",0,400,2.035,-0.435,-15.154,2,"=","=","=","=","=","=","=","=","=",4,R,"Penguin_iDOL",190,85,0.3,,84,W,Y,1,,,,,,,,,,,,,,,,,,,,,,,,,,,,,0,0,,,,,,,,,,,,,,,6921.832,2,,147,4,,,,,,,,,,,,,,,,,,,-0.189,-37.547,0.002,-17.143,-20.792,-49.271,-12.554,-61.737,21.279,-49.486,10.39,-63.109,35.662,-93.478,-6.353,-117.156,-46.492,-92.254,,,,"",,,,"",,,,"",,,,"",,,,"",,,,"",,,,"",,,,"",,,,,,,,,,,,,,,,,,,,,,,,,,,,,,,,,,,,,,,,,,,,,,,,,,,,,,,,,,"",0,,,,,,,,,,,,,0,"",,,,0,""
200,,9,1,0,3,0,0,1,0,0,0,255,255,255,89,6959.865,"Espressο",R,26,100,135,5.82,0.959,0.216,1.972,-0.418,1.485,-36.608,31.099,80,20,0,2,"",2.003,-200,19.116,0,0,3,"=","=","=","=","=","=","=","=","=",9,L,"CAT tourniquet",190,85,0.547,0,83,W,Y,1,6960.906,211,79,85,91,55,,145,122,-6.534,11.255,-0.182,1.035,-20.051,0.09,0,0.307,-91.11,51.212,12.628,6960.034,-1.665,-27.468,6961.459,3,-7.311,0.055,-55.687,0,0,,,,,,,,,,,,,,,6965.393,3,,147,128,,,,,,,,,,,,,,,,,,,-0.136,-37.485,-0.015,-16.934,-20.645,-51.774,-11.231,-59.914,24.682,-50.797,13.355,-61.831,42.87,-91.383,7.207,-112.42,-34.099,-94.559,0.171,-37.233,,"kneesohime",-0.1,-16.98,,"にゃんこ65K",-20.657,-51.762,87,"vovopo 보보포",-11.242,-59.904,85,"?fredo?",21.434,-48.117,,"CoalCat",13.392,-61.817,,"Roscosmos",42.966,-91.366,,"Gonyong",7.238,-112.339,,"Metalu",-34.106,-94.616,,6967.532,-4.466,-39.549,,,,6964.753,-19.24,-40.395,6962.494,-7.903,-57.483,,,,,,,,,,,,,,,,,,,,,,6966.665,-18.494,-41.66,6963.816,-11.579,-51.973,,,,,,,,,,,,,,,,"",2,,,,,,,,,,,,,0,"vovopo 보보포",,,,152,""
201,,9,1,0,3,0,0,2,0,0,0,255,255,255,90,6986.949,"Espressο",R,26,100,135,-1.04,0.416,0.345,1.982,-0.45,1.647,-36.608,42.914,82,18,0,2,"B+",-10.234,-200,4.343,0,0,4,"=","=","=","=","=","=","=","=","=",1,R,"HANA_ARASHI",179.8,88,0.25,3,83,W,Y,1,6988.027,150,67,82,43,25,,138,80,5.101,60.661,-0.408,1.084,-20.085,1,0,0.519,445.016,291.513,-277.454,6988.109,-21.151,-31.258,,,,,,0,0,,,,,,,,,,,,,,,,,,,,,,,,,,,,,,,,,,,,,,-0.063,-37.565,0.022,-17.014,-22.005,-50.305,-12.992,-60.992,21.647,-50.148,11.368,-62.515,38.197,-96.208,-5.411,-115.175,-43.043,-90.192,0.201,-37.05,,"kneesohime",-0.023,-17.084,,"にゃんこ65K",-21.944,-50.272,,"vovopo 보보포",-12.984,-60.983,,"?fredo?",18.977,-48.536,,"CoalCat",11.353,-62.48,,"Roscosmos",37.514,-96.823,,"Gonyong",-5.51,-115.362,,"Metalu",-43.013,-90.13,,,,,,,,,,,,,,,,,,,,,,,,,,,,,,,,,,,,,,,,,,,,,,,,,,,,,,,,"",3,,,,,,,,,,,,,0,"",,,,0,""
202,,9,1,0,3,1,1,2,0,0,0,255,255,255,92,7030.582,"Espressο",R,10,102,127,1.516,0.042,0.62,2.017,0.642,2.069,-36.608,44.121,92,8,0,2,"",0,400,-2.169,0,0,4,"=","=","=","=","=","=","=","=","=",1,R,"HANA_ARASHI",179.8,88,0.25,0,83,W,Y,1,7031.675,172,43,114,59,44,,145,120,-30,-19.647,0.241,0.916,-20.778,0.09,0,0.678,-507.147,96.792,17.132,7030.58,0.765,-22.245,7032.576,5,14.053,1.936,-59.486,0,0,,7037.184,,,,,,,,,,,,,7037.661,4,,147,32,,,,,,,,,,,,,,,,,,,0.132,-37.52,0.003,-17.007,-22.728,-51.741,-13.173,-60.783,19.417,-49.427,10.883,-63.227,38.817,-97.086,-3.437,-114.734,-43.938,-88.969,0.065,-37.063,,"kneesohime",0.025,-17.083,,"にゃんこ65K",-22.387,-50.941,,"vovopo 보보포",-12.645,-61.168,,"?fredo?",19.099,-48.957,,"CoalCat",10.896,-63.195,87,"Roscosmos",37.833,-97.248,,"Gonyong",-3.465,-114.719,,"Metalu",-43.745,-88.948,,,,,,,,7037.119,-19.148,-41.074,,,,,,,7033.639,14.484,-60.571,,,,,,,,,,,,,,,,,,,,,,,,,7035.357,6.174,-59.663,,,,,,,,,,"",2,,,,,,,,,,,,,0,"CoalCat",,,,40,""
203,END,9,0,0,3,0,0,0,0,0,0,255,255,255,,7142.96,,,,,,,,,,,,,,,,,,,,,,,,,,,,,,,,,,,,,,,,,,,,,,,,,,,,,,,,,,,,,,,,,,,,,,,,,,,,,,,,,,,,,,,,,,,,,,,,,,,,,,,,,,,,,,,,,,,,,,,,,,,,,,,,,,,,,,,,,,,,,,,,,,,,,,,,,,,,,,,,,,,,,,,,,,,,,,,,,,,,,,,,,,,,,,,,,,,,,,,,,,,,,,,,,,,,,,,,,,,,,,,,,,,,,,,,,,,,,,,"{""schemaVersion"":16,""gameTimeZeroUtc"":""2026-08-21T12:17:30.404Z"",""exportedAtUtc"":""2026-08-21T14:16:33.364Z"",""teamNameA"":""MSS"",""teamNameB"":""SK""}"
