id,type,inn,half,scoreA,scoreB,ball,strk,out,b1,b2,b3,b1Idx,b2Idx,b3Idx,pCnt,pSec,pName,pHand,pType,pPow,spdK,zoneX,zoneY,startX,startY,targetX,targetY,zDist,pitchAngle,pOver,pSide,pUnder,call,manual,sH,sV,gyro,plx,plz,bIdx,order1Name,order2Name,order3Name,order4Name,order5Name,order6Name,order7Name,order8Name,order9Name,bPos,bZone,bName,bHCm,batLen,batCen,batType,bFps,bOS,bVR,bSwing,hSec,rotS,rotL,shS,lgS,prepS,gripPen,batSpd,ev,ldeg,sdeg,launchPosX,launchPosY,launchPosZ,hPos,buntGrip,handDist,angVeloX,angVeloY,angVeloZ,ltSec,lx,lz,cSec,cPos,cx,cy,cz,1BSafe,tag,cpSec,bTo1Sec,bTo2Sec,bTo3Sec,bToHSec,r1To2Sec,r1To3Sec,r1ToHSec,r2To3Sec,r2ToHSec,r3ToHSec,r1LeaveSec,r2LeaveSec,r3LeaveSec,out1Sec,out1BatterIndex,out1PrevBase,out1Code,out1Ass,out2Sec,out2BatterIndex,out2PrevBase,out2Code,out2Ass,out3Sec,out3BatterIndex,out3PrevBase,out3Code,out3Ass,ball1Sec,ball1Pos,ball2Sec,ball2Pos,ball3Sec,ball3Pos,ballHSec,ballHPos,PitchPPosX,PitchPPosZ,PitchCPosX,PitchCPosZ,Pitch1BPosX,Pitch1BPosZ,Pitch2BPosX,Pitch2BPosZ,Pitch3BPosX,Pitch3BPosZ,PitchSSPosX,PitchSSPosZ,PitchLFPosX,PitchLFPosZ,PitchCFPosX,PitchCFPosZ,PitchRFPosX,PitchRFPosZ,PPosX,PPosY,PThrSpd,CName,CPosX,CPosY,CThrSpd,1BName,1BPosX,1BPosY,1BThrSpd,2BName,2BPosX,2BPosY,2BThrSpd,3BName,3BPosX,3BPosY,3BThrSpd,SSName,SSPosX,SSPosY,SSThrSpd,LFName,LFPosX,LFPosY,LFThrSpd,CFName,CFPosX,CFPosY,CFThrSpd,RFName,RFPosX,RFPosY,RFThrSpd,PGetSec,PGetX,PGetZ,CGetSec,CGetX,CGetZ,1BGetSec,1BGetX,1BGetZ,2BGetSec,2BGetX,2BGetZ,3BGetSec,3BGetX,3BGetZ,SSGetSec,SSGetX,SSGetZ,LFGetSec,LFGetX,LFGetZ,CFGetSec,CFGetX,CFGetZ,RFGetSec,RFGetX,RFGetZ,PThrSec,PThrX,PThrZ,CThrSec,CThrX,CThrZ,1BThrSec,1BThrX,1BThrZ,2BThrSec,2BThrX,2BThrZ,3BThrSec,3BThrX,3BThrZ,SSThrSec,SSThrX,SSThrZ,LFThrSec,LFThrX,LFThrZ,CFThrSec,CFThrX,CFThrZ,RFThrSec,RFThrX,RFThrZ,errPosDelta,result,swPreDeg,swTargetDeg,swApproachDeg,swCorr,swSource,swProximity,swVRawDeg,swVAdjustedDeg,swVMotionDeg,swVClosestDeg,swVYShrink,swGeometryDeg,balk,cPlr,sb2Sec,sb3Sec,sbhSec,ass,remarks
1,,1,1,0,0,0,0,0,0,0,0,255,255,255,0,944.55,"DoYaGee",R,32,78,128,0.638,-0.256,0.211,1.056,0.051,1.512,-36.487,25.896,6,17,78,0,"",173.418,48.297,20.926,0,0,0,"Muna_328","Megu3568","Sabo_10","Fresh825","하루（Haru）","schmoneymikey","_AKASATA_","うよすま","Dοpi",4,R,"Muna_328",189.7,89.724,0.5,,38,W,Y,0,,,,,,,,,,,,,,,,,,,,,,,,,,,,,0,0,,,,,,,,,,,,,,,,,,,,,,,,,,,,,,,,,,,,,,-0.001,-37.848,-0.003,-17.782,-23.048,-47.776,-16.712,-62.607,21.096,-48.791,13.307,-64.922,46.599,-95.441,-0.412,-112.305,-45.828,-96.074,,,,"",,,,"",,,,"",,,,"",,,,"",,,,"",,,,"",,,,"",,,,,,,,,,,,,,,,,,,,,,,,,,,,,,,,,,,,,,,,,,,,,,,,,,,,,,,,,,"",0,,,,,,,,,,,,,0,"",,,,0,""
2,,1,1,0,0,0,1,0,0,0,0,255,255,255,1,964.106,"DoYaGee",R,13,89,126,-3.531,-1.019,-0.004,0.997,-0.95,1.321,-36.487,28.12,7,16,76,1,"",-390.434,312.348,34.116,0,0,0,"=","=","=","=","=","=","=","=","=",4,R,"Muna_328",189.7,89.724,0.5,,38,W,Y,0,,,,,,,,,,,,,,,,,,,,,,,,,,,,,0,0,,,,,,,,,,,,,,,,,,,,,,,,,,,,,,,,,,,,,,0.016,-37.824,-0.041,-17.782,-22.344,-48.322,-16.805,-62.681,20.973,-48.37,12.614,-65.17,46.604,-95.458,-0.281,-111.994,-45.874,-95.823,,,,"",,,,"",,,,"",,,,"",,,,"",,,,"",,,,"",,,,"",,,,,,,,,,,,,,,,,,,,,,,,,,,,,,,,,,,,,,,,,,,,,,,,,,,,,,,,,,"",0,,,,,,,,,,,,,0,"",,,,0,""
3,,1,1,0,0,1,1,0,0,0,0,255,255,255,2,984.026,"DoYaGee",R,32,77,127,1.657,-0.576,0.229,1.038,0.136,1.452,-36.487,23.424,7,12,81,2,"",156.146,-5.823,29.005,0,0,0,"=","=","=","=","=","=","=","=","=",4,R,"Muna_328",189.7,89.724,0.5,0,38,W,Y,1,984.886,232,129,100,0,0,,134,101,39.916,39.008,0.162,0.906,-20.195,-0.19,0,0.753,72.993,226.796,114.281,958.933,-55.34,-80.418,959.316,8,-53.439,2.437,-78.536,0,0,,991.191,,,,,,,,,,,,,989.954,0,,457,0,,,,,,,,,,,,,,,,,,,0.1,-37.639,0.001,-17.732,-22.317,-48.5,-16.812,-62.676,20.719,-48.726,12.576,-65.435,46.801,-95.393,-0.519,-111.94,-45.817,-95.825,-0.275,-36.519,,"encounter v",0.012,-17.775,,"쟈가리코",-22.261,-48.363,,"muyang_",-16.836,-62.624,,"わだ、、",20.56,-48.169,,"shimenawa",12.243,-65.389,,"yumi2012",46.581,-95.382,,"ByeolBam",-2.385,-112.031,,"ddil_ddil69",-45.744,-95.762,102,995.509,-0.361,-38.593,,,,,,,,,,,,,,,,,,,,,,989.966,-54.054,-78.864,,,,,,,,,,,,,,,,,,,,,,,,,993.158,-39.551,-66.447,"",1,,,,,,,,,,,,,0,"ddil_ddil69",,,,64,""
4,,1,1,0,0,0,0,1,0,0,0,255,255,255,3,1014.065,"DoYaGee",R,32,85,137,-1.395,0.778,0.036,1.2,-0.764,1.977,-36.487,10.248,6,73,21,0,"",225.391,-165.153,52.966,0,0,1,"=","=","=","=","=","=","=","=","=",9,R,"Megu3568",190,88.251,0.405,,37,W,Y,0,,,,,,,,,,,,,,,,,,,,,,,,,,,,,0,0,,,,,,,,,,,,,,,,,,,,,,,,,,,,,,,,,,,,,,-0.003,-37.666,-0.015,-17.809,-23.853,-50.206,-17.265,-63.194,21.482,-48.955,12.818,-64.894,46.339,-94.361,-0.455,-115.995,-50.997,-99.503,,,,"",,,,"",,,,"",,,,"",,,,"",,,,"",,,,"",,,,"",,,,1019.056,-0.3,-36.897,,,,,,,,,,,,,,,,,,,,,,,,,,,,,,,,,,,,,,,,,,,,,,,,,,,,"",0,,,,,,,,,,,,,0,"",,,,0,""
5,,1,1,0,0,0,1,1,0,0,0,255,255,255,4,1032.841,"DoYaGee",R,3,81,119,-3.589,0.272,0.021,1.146,-0.832,1.802,-36.487,20.137,9,14,77,1,"",-444.351,0,15.399,0,0,1,"=","=","=","=","=","=","=","=","=",9,R,"Megu3568",190,88.251,0.405,,37,W,Y,0,,,,,,,,,,,,,,,,,,,,,,,,,,,,,0,0,,,,,,,,,,,,,,,,,,,,,,,,,,,,,,,,,,,,,,-0.057,-37.728,-0.418,-17.782,-22.825,-48.204,-16.806,-62.486,21.702,-48.476,12.724,-65.39,46.342,-94.538,-3.746,-120.272,-50.815,-99.447,,,,"",,,,"",,,,"",,,,"",,,,"",,,,"",,,,"",,,,"",,,,1036.586,-0.19,-36.819,,,,,,,,,,,,,,,,,,,,,,,,,,,,,,,,,,,,,,,,,,,,,,,,,,,,"",0,,,,,,,,,,,,,0,"",,,,0,""
6,,1,1,0,0,1,1,1,0,0,0,255,255,255,5,1053.273,"DoYaGee",R,3,87,112,-6.264,0.734,-0.009,1.199,-0.649,1.867,-36.487,17.165,9,12,79,2,"",-448.811,-3.764,10.068,0,0,1,"=","=","=","=","=","=","=","=","=",9,R,"Megu3568",190,88.251,0.405,3,36,W,Y,1,1054.425,213,157,105,116,58,,145,87,11.477,43.87,-0.819,1.212,-20.387,1,0,0.53,-215.042,537.602,102.46,1024.083,-26.457,-44.261,1024.183,2,-23.287,0.934,-41.587,0,0,,,,,,,,,,,,,,,1056.224,1,,451,0,,,,,,,,,,,,,,,,,,,-0.085,-37.879,-0.015,-17.826,-22.661,-47.989,-16.817,-62.602,20.642,-48.516,12.76,-65.323,46.356,-94.469,-0.058,-116.634,-50.94,-99.622,-0.387,-36.987,,"encounter v",-0.108,-17.829,,"쟈가리코",-22.536,-47.899,85,"muyang_",-17.194,-64.528,,"わだ、、",20.184,-48.123,,"shimenawa",12.845,-65.111,,"yumi2012",46.327,-94.317,,"ByeolBam",-0.787,-116.664,,"ddil_ddil69",-50.923,-99.543,,1059.188,-0.762,-37.885,,,,1056.231,-23.81,-42.099,,,,,,,,,,,,,,,,,,,,,,,,,1058.042,-20.268,-39.686,,,,,,,,,,,,,,,,,,,"",1,,,,,,,,,,,,,0,"쟈가리코",,,,2,""
7,,1,1,0,0,0,0,2,0,0,0,255,255,255,6,1096.744,"DoYaGee",R,0,58,112,4.911,-2.046,0.484,0.895,2.146,0.384,-36.487,86.431,8,18,74,1,"",-13.891,0,-2.832,0.965,-18.181,2,"=","=","=","=","=","=","=","=","=",8,L,"Sabo_10",185.3,88,0.452,,36,W,Y,0,,,,,,,,,,,,,,,,,,,,,,,,,,,,,0,0,,,,,,,,,,,,,,,,,,,,,,,,,,,,,,,,,,,,,,0.111,-37.731,-0.088,-17.858,-21.047,-47.075,-16.564,-62.736,21.898,-48.439,14.604,-64.569,49.151,-96.282,2.247,-116.835,-46.81,-95.101,,,,"",,,,"",,,,"",,,,"",,,,"",,,,"",,,,"",,,,"",,,,1100.979,-0.001,-36.98,,,,,,,,,,,,,,,,,,,,,,,,,,,,,,,,,,,,,,,,,,,,,,,,,,,,"",0,,,,,,,,,,,,,0,"",,,,0,""
8,,1,1,0,0,1,0,2,0,0,0,255,255,255,7,1114.409,"DoYaGee",R,3,80,119,-2.846,0.501,0.091,1.185,-0.509,1.936,-36.487,11.09,6,52,42,1,"",-449.406,0,38.874,0,0,2,"=","=","=","=","=","=","=","=","=",8,L,"Sabo_10",185.3,88,0.452,,36,W,Y,0,,,,,,,,,,,,,,,,,,,,,,,,,,,,,0,0,,,,,,,,,,,,,,,,,,,,,,,,,,,,,,,,,,,,,,0.109,-37.786,-0.07,-17.847,-21.669,-47.057,-16.731,-62.374,21.79,-48.67,13.888,-64.649,49.173,-96.371,1.485,-116.572,-47.349,-95.702,,,,"",,,,"",,,,"",,,,"",,,,"",,,,"",,,,"",,,,"",,,,1118.993,-0.059,-36.824,,,,,,,,,,,,,,,,,,,,,,,,,,,,,,,,,,,,,,,,,,,,,,,,,,,,"",0,,,,,,,,,,,,,0,"",,,,0,""
9,,1,1,0,0,2,0,2,0,0,0,255,255,255,8,1134.294,"DoYaGee",R,6,42,94,1.142,-0.411,0.177,1.026,-0.107,1.407,-36.487,30.533,0,12,88,0,"",267.91,0,8.76,0,0,2,"=","=","=","=","=","=","=","=","=",8,L,"Sabo_10",185.3,88,0.452,,36,W,Y,1,,,,,,,,,,,,,,,,,,,,,,,,,,,,,0,0,,,,,,,,,,,,,,,,,,,,,,,,,,,,,,,,,,,,,,0.087,-37.33,0.007,-17.82,-21.571,-46.8,-16.962,-62.685,21.568,-48.69,13.351,-64.969,49.178,-96.413,3.157,-117.277,-47.353,-95.716,,,,"",,,,"",,,,"",,,,"",,,,"",,,,"",,,,"",,,,"",,,,1138.937,-0.135,-36.886,,,,,,,,,,,,,,,,,,,,,,,,,,,,,,,,,,,,,,,,,,,,,,,,,,,,"",0,,,,,,,,,,,,,0,"",,,,0,""
10,,1,1,0,0,2,1,2,0,0,0,255,255,255,9,1154.648,"DoYaGee",R,32,78,128,1.092,-0.515,0.342,1.021,0.198,1.391,-36.487,40.728,7,13,79,0,"",178.449,72.757,14.391,0,0,2,"=","=","=","=","=","=","=","=","=",8,L,"Sabo_10",185.3,88,0.452,,36,W,Y,0,,,,,,,,,,,,,,,,,,,,,,,,,,,,,0,0,,,,,,,,,,,,,,,,,,,,,,,,,,,,,,,,,,,,,,0.078,-37.656,-0.041,-17.817,-21.269,-46.887,-16.772,-62.59,21.45,-48.144,13.161,-65.083,49.166,-96.379,0.216,-119.338,-47.273,-95.522,,,,"",,,,"",,,,"",,,,"",,,,"",,,,"",,,,"",,,,"",,,,1159.089,-0.154,-36.943,,,,,,,,,,,,,,,,,,,,,,,,,,,,,,,,,,,,,,,,,,,,,,,,,,,,"",0,,,,,,,,,,,,,0,"",,,,0,""
11,,1,1,0,0,2,2,2,0,0,0,255,255,255,10,1172.876,"DoYaGee",R,3,72,114,-4.701,0.439,0.043,1.18,-1.195,1.918,-36.487,7.522,0,48,52,3,"",-406.796,0,47.029,0.561,-20.518,2,"=","=","=","=","=","=","=","=","=",8,L,"Sabo_10",185.3,88,0.452,,36,W,Y,0,,,,,,,,,,,,,,,,,,,,,,,,,,,,,0,0,,1186.636,,,,,,,,,,,,,,,,,,,,,,,,,,,,,,,,,,,,0.146,-37.865,-0.043,-17.85,-20.973,-46.741,-16.73,-62.506,21.716,-48.607,12.544,-64.888,49.154,-96.459,-2.981,-120.277,-47.208,-95.484,,,,"",,,,"",,,,"",,,,"",,,,"",,,,"",,,,"",,,,"",,,,,,,,,,,,,,,,,,,,,,,,,,,,,,,,,,,,,,,,,,,,,,,,,,,,,,,,,,"",6,,,,,,,,,,,,,0,"",,,,0,""
12,,1,1,0,0,0,0,2,1,0,0,8,255,255,12,1207.608,"DoYaGee",R,32,87,140,-0.798,-0.105,0.183,1.096,-0.543,1.642,-36.487,21.745,6,9,85,0,"",164.89,94.313,20.393,0,0,3,"=","=","=","=","=","=","=","=","=",2,L,"Fresh825",190,80,0.2,,35,W,Y,0,,,,,,,,,,,,,,,,,,,,,,,,,,,,,0,0,,,,,,,,,,,,1217.432,,,,,,,,,,,,,,,,,,,,,,,,,,0.121,-37.904,-0.029,-17.803,-19.909,-40.679,-12.838,-59.742,20.939,-47.691,9.185,-63.699,49.516,-96.555,0.662,-116.354,-47.085,-95.207,,,,"",,,,"",,,,"",,,,"",,,,"",,,,"",,,,"",,,,"",,,,1211.901,-0.303,-37.008,,,,,,,,,,,,,,,,,,,,,,,,,,,,,,,,,,,,,,,,,,,,,,,,,,,,"",0,,,,,,,,,,,,,0,"",,,,0,""
13,,1,1,0,0,0,1,2,1,0,0,8,255,255,13,1229.168,"DoYaGee",R,3,75,116,0.157,-0.41,0.41,0.972,0.744,1.382,-36.487,43.848,6,12,82,2,"TW+",-404.436,0,8.461,0,0,3,"=","=","=","=","=","=","=","=","=",2,L,"Fresh825",190,80,0.2,0,35,W,Y,1,1230.313,204,148,123,104,89,,145,133,26.657,7.281,0.045,0.878,-20.721,0.54,0,0.193,389.722,-123.347,-173.353,1201.1,-11.63,-143.771,,,,,,0,0,,1235.843,1240.42,1245.554,1250.807,1235.469,1240.487,1245.571,,,,,,,,,,,,,,,,,,,,,,,,,,,,,,0.129,-37.776,-0.035,-17.786,-19.994,-40.98,-12.634,-58.976,20.345,-47.641,12.803,-64.665,49.462,-96.621,0.229,-116.225,-46.182,-94.984,-0.244,-36.882,,"encounter v",-0.005,-17.982,,"쟈가리코",-20.155,-45.666,,"muyang_",-14.721,-60.854,,"わだ、、",19.732,-47.14,,"shimenawa",12.487,-65.124,,"yumi2012",49.462,-96.612,,"ByeolBam",0.225,-116.228,,"ddil_ddil69",-46.072,-94.903,,,,,,,,,,,,,,,,,,,,,,,,,,,,,,,,,,,,,,,,,,,,,,,,,,,,,,,,"",4,,,,,,,,,,,,,0,"",1235.469,1240.487,1245.571,0,""
14,,1,1,2,0,0,0,2,0,0,0,255,255,255,14,1273.242,"DoYaGee",R,34,85,137,-3.222,-0.235,-0.022,1.038,-1.497,1.436,-36.487,16.192,3,27,70,1,"",78.826,-58.761,14.082,0,0,4,"=","=","=","=","=","=","=","=","=",6,L,"하루（Haru）",174.9,85.172,0.403,,34,W,Y,0,,,,,,,,,,,,,,,,,,,,,,,,,,,,,0,0,,,,,,,,,,,,,,,,,,,,,,,,,,,,,,,,,,,,,,0.029,-37.867,-0.075,-17.847,-22.498,-48.885,-16.775,-62.632,19.912,-45.753,13.29,-64.351,48.408,-94.894,0.621,-116.282,-44.94,-95.754,,,,"",,,,"",,,,"",,,,"",,,,"",,,,"",,,,"",,,,"",,,,,,,,,,,,,,,,,,,,,,,,,,,,,,,,,,,,,,,,,,,,,,,,,,,,,,,,,,"",0,,,,,,,,,,,,,0,"",,,,0,""
15,,1,1,2,0,1,0,2,0,0,0,255,255,255,15,1291.965,"DoYaGee",R,33,76,127,-0.876,0.06,0.076,1.086,-0.575,1.606,-36.487,17.951,0,7,93,2,"",127.827,-50.634,26.178,0,0,4,"=","=","=","=","=","=","=","=","=",6,L,"하루（Haru）",174.9,85.172,0.403,5,34,W,Y,1,1293.138,229,155,159,70,41,,145,105,26.406,-16.458,-0.162,0.953,-20.271,0.03,0,0.257,476.401,-307.26,-196.554,1260.866,32.663,-105.253,1260.933,6,31.264,2.676,-102.078,0,0,,1298.701,,,,,,,,,,,,,1298.309,4,,455,0,,,,,,,,,,,,,,,,,,,0.039,-37.827,-0.061,-17.877,-22.211,-48.552,-16.355,-62.273,19.59,-45.893,12.994,-64.453,43.387,-95.098,0.518,-114.69,-44.883,-95.769,0.252,-36.905,,"encounter v",-0.1,-17.939,,"쟈가리코",-21.871,-48.278,,"muyang_",-16.353,-62.23,,"わだ、、",19.587,-45.391,,"shimenawa",12.516,-64.609,,"yumi2012",43.347,-95.012,,"ByeolBam",0.522,-114.676,,"ddil_ddil69",-44.939,-95.702,,,,,,,,,,,,,,,,,,,,1298.319,31.537,-102.482,,,,,,,,,,,,,,,,,,,,,,,,,,,,,,,,,,"",1,-16.229,-16.229,-3.911,0,2,0.391,85.604,40.019,2.019,81.468,0.062,-33.04,0,"yumi2012",,,,128,""
16,SIDE,1,1,2,0,0,0,2,0,0,0,255,255,255,,1300.613,,,,,,,,,,,,,,,,,,,,,,,,5,"=","=","=","=","=","=","=","=","=",,,,,,,,,,,,,,,,,,,,,,,,,,,,,,,,,,,,,,,0,0,,,,,,,,,,,,,,,,,,,,,,,,,,,,,,,,,,,,,,,,,,,,,,,,,,,,,,,,,,,,,,,,,,,,,,,,,,,,,,,,,,,,,,,,,,,,,,,,,,,,,,,,,,,,,,,,,,,,,,,,,,,,,,,,,,,,,,,,,,,,,,,,,"",0,,,,,,,,,,,,,0,"",,,,0,""
17,,1,0,2,0,0,0,0,0,0,0,255,255,255,0,1428.927,"しろくま。",R,26,85,138,1.042,0.878,0.266,1.433,0.305,1.945,-36.454,5.466,48,52,0,2,"",104.017,-193.167,0,0,0,0,"ByeolBam","쟈가리코","shimenawa","encounter v","_송글_","わだ、、","ddil_ddil69","yumi2012","muyang_",7,R,"ByeolBam",175.3,88,0.5,5,33,W,Y,1,1429.837,211,67,100,79,28,,145,84,-24.31,34.119,0.193,1.222,-20.239,-1,0,0.315,404.571,139.951,-357.93,1391.65,-1.23,-22.334,1393.366,2,-15.815,0.156,-43.836,0,0,,,,,,,,,,,,,,,1433.676,0,,147,0,,,,,,,,,,,1433.088,2,,,,,,,0.164,-38.34,0.244,-17.226,-21.615,-46.176,-14.987,-63.582,24.519,-52.927,8.772,-64.008,46.717,-103.769,-3.719,-120.475,-42.495,-98.719,-0.408,-37.04,,"_AKASATA_",0.233,-17.26,,"Fresh825",-21.436,-45.937,85,"Dοpi",-15.055,-63.147,,"Muna_328",24.222,-52.386,,"schmoneymikey",8.783,-64.042,,"하루（Haru）",46.728,-103.781,,"うよすま",-3.741,-119.476,,"Sabo_10",-42.451,-98.532,,1436.14,-2.807,-38.208,,,,1431.677,-17.004,-45.259,,,,,,,,,,,,,,,,,,,,,,,,,1435.174,-17.408,-39.965,,,,,,,,,,,,,,,,,,,"",2,34.001,34.001,23.606,0,0,1,-24.31,-24.31,-33.152,-24.31,0,28.941,0,"Fresh825",,,,8,""
18,,1,0,2,0,0,0,1,0,0,0,255,255,255,1,1457.286,"しろくま。",R,26,92,140,-0.75,0.428,0.117,1.371,-0.387,1.721,-36.454,3.98,52,48,0,0,"",49.481,-200,0,0,0,1,"=","=","=","=","=","=","=","=","=",2,L,"쟈가리코",190,82,0.501,,33,W,Y,0,,,,,,,,,,,,,,,,,,,,,,,,,,,,,0,0,,,,,,,,,,,,,,,,,,,,,,,,,,,,,,,,,,,,,,0.028,-38.391,-0.228,-17.229,-20.18,-48.148,-11.479,-65.275,25.642,-50.285,14.376,-63.663,46.105,-106.284,6.927,-124.129,-38.714,-113.419,,,,"",,,,"",,,,"",,,,"",,,,"",,,,"",,,,"",,,,"",,,,1461.968,-0.485,-37.966,,,,,,,,,,,,,,,,,,,,,,,,,,,,,,,,,,,,,,,,,,,,,,,,,,,,"",0,,,,,,,,,,,,,0,"",,,,0,""
19,,1,0,2,0,0,1,1,0,0,0,255,255,255,2,1470.235,"しろくま。",R,26,88,140,-0.874,1.381,0.093,1.555,-0.498,2.318,-36.454,14.935,87,13,0,1,"",86.142,-200,0,0,0,1,"=","=","=","=","=","=","=","=","=",2,L,"쟈가리코",190,82,0.501,,33,W,Y,0,,,,,,,,,,,,,,,,,,,,,,,,,,,,,0,0,,,,,,,,,,,,,,,,,,,,,,,,,,,,,,,,,,,,,,-0.046,-38.384,-0.271,-17.183,-20.202,-48.129,-12.128,-65.352,25.656,-50.397,14.388,-63.702,46.431,-106.511,3.295,-119.01,-37.782,-112.562,,,,"",,,,"",,,,"",,,,"",,,,"",,,,"",,,,"",,,,"",,,,1474.693,-0.03,-38.08,,,,,,,,,,,,,,,,,,,,,,,,,,,,,,,,,,,,,,,,,,,,,,,,,,,,"",0,,,,,,,,,,,,,0,"",,,,0,""
20,,1,0,2,0,1,1,1,0,0,0,255,255,255,3,1481.442,"しろくま。",R,10,83,124,-5.071,0.766,0.141,1.407,-0.273,1.838,-36.454,15.775,52,48,0,2,"",-46.99,400,0,0,0,1,"=","=","=","=","=","=","=","=","=",2,L,"쟈가리코",190,82,0.501,0,33,W,Y,1,1482.523,213,31,116,22,11,,145,106,-9.004,-24.294,-0.155,0.847,-19.963,-0.31,0,0.423,212.693,-58.482,116.52,1443.933,1.932,-24.58,1446,,18.759,0.057,-62.305,0,0,,1487.881,,,,,,,,,,,,,1487.636,1,,147,32,,,,,,,,,,,,,,,,,,,-0.018,-38.269,-0.22,-17.242,-20.179,-48.133,-12.22,-65.477,25.575,-50.444,14.419,-63.701,46.458,-106.494,4.42,-122.369,-37.308,-113.319,0.017,-37.055,,"_AKASATA_",-0.216,-17.345,,"Fresh825",-20.012,-47.958,77,"Dοpi",-12.165,-65.475,,"Muna_328",25.606,-50.204,,"schmoneymikey",14.385,-63.643,106,"하루（Haru）",46.461,-106.5,,"うよすま",4.325,-122.216,,"Sabo_10",-37.49,-113.167,,1490.938,-0.691,-39.885,,,,1487.042,-18.453,-40.293,,,,,,,1484.544,17.182,-58.695,,,,,,,,,,,,,,,,1489.786,-17.99,-40.164,,,,,,,1485.457,12.297,-56.172,,,,,,,,,,"",2,,,,,,,,,,,,,0,"집으로_",,,,40,""
21,,1,0,2,0,0,0,2,0,0,0,255,255,255,4,1504.378,"しろくま。",R,13,82,120,-0.107,-0.322,0.296,1.389,0.445,1.791,-36.454,17.076,48,52,0,2,"",-360.414,346.557,0,0,0,2,"=","=","=","=","=","=","=","=","=",5,L,"shimenawa",175.4,94.576,0.295,0,32,W,Y,1,1505.484,106,80,73,62,0,,135,109,6.538,-0.328,-0.043,0.79,-19.919,0.09,0,0.323,223.01,-124.62,-12.998,1468.433,0.925,-72.6,1470.283,7,2.054,0.056,-98.79,1,0,,1510.862,,,,,,,,,,,,,,,,,,,,,,,,,,,,,,,,,,,,-0.033,-38.236,-0.179,-17.174,-19.765,-47.926,-11.901,-65.375,25.06,-51.184,14.75,-63.007,46.598,-98.417,3.377,-115.678,-33.883,-99.084,0.148,-36.91,118,"_AKASATA_",-0.199,-17.195,,"Fresh825",-19.601,-47.722,80,"Dοpi",-11.967,-65.854,,"Muna_328",25.291,-50.934,,"schmoneymikey",15.538,-62.393,73,"하루（Haru）",46.318,-98.603,,"うよすま",3.395,-115.536,115,"Sabo_10",-34.154,-98.35,,1516.441,0.008,-43.476,,,,1535.096,-19.21,-40.179,,,,,,,1511.656,-0.063,-58.939,,,,1509.356,1.972,-100.107,,,,1534.394,-2.164,-38.887,,,,1537.821,-18.322,-40.296,,,,,,,1515.561,-4.919,-52.594,,,,1510.092,1.743,-95.324,,,,"",2,,,,,,,,,,,,,0,"うよすま",,,,168,""
22,,1,0,2,0,0,0,2,1,0,0,15,255,255,5,1546.514,"しろくま。",R,26,85,138,-1.016,-0.041,0.071,1.279,-0.602,1.424,-36.454,9.615,50,50,0,0,"",134.465,-200,0,0,0,3,"=","=","=","=","=","=","=","=","=",1,L,"encounter v",190,86.067,0.42,,37,W,Y,0,,,,,,,,,,,,,,,,,,,,,,,,,,,,,0,0,,,,,,,,,,,,1709.475,,,,,,,,,,,,,,,,,,,,,,,,,,0.029,-38.193,-0.311,-17.221,-19.961,-40.392,-8.625,-63.725,25.175,-49.915,14.193,-62.357,45.537,-99.401,4.093,-118.602,-39.631,-95.721,,,,"",,,,"",,,,"",,,,"",,,,"",,,,"",,,,"",,,,"",,,,1551.049,-0.008,-38.072,,,,,,,,,,,,,,,,,,,,,,,,,,,,,,,,,,,,,,,,,,,,,,,,,,,,"",0,,,,,,,,,,,,,0,"",,,,0,""
23,,1,0,2,0,0,1,2,1,0,0,15,255,255,6,1711.276,"しろくま。",R,3,68,109,-1.251,0.374,0.309,1.421,0.284,1.893,-36.454,30.089,46,54,0,0,"",-456.743,19.653,0,0,0,3,"=","=","=","=","=","=","=","=","=",1,L,"encounter v",190,86.067,0.42,,31,W,Y,0,,,,,,,,,,,,,,,,,,,,,,,,,,,,,0,0,,,,,,,,,,,,1723.828,,,,,,,,,,,,,,,,,,,,,,,,,,-0.028,-38,-0.216,-17.084,-20.21,-42.334,-9.024,-65.136,25.205,-50.662,14.807,-63.519,47.489,-101.588,4.497,-117.27,-38.6,-97.767,,,,"",,,,"",,,,"",,,,"",,,,"",,,,"",,,,"",,,,"",,,,1716.095,-0.154,-38.3,,,,,,,,,,,,,,,,,,,,,,,,,,,,,,,,,,,,,,,,,,,,,,,,,,,,"",0,,,,,,,,,,,,,0,"",,,,0,""
24,,1,0,2,0,0,2,2,1,0,0,15,255,255,7,1726.092,"しろくま。",R,10,57,103,-0.177,-1.365,0.182,1.307,-0.082,1.336,-36.454,7.021,23,77,0,2,"",0,400,0,0,0,3,"=","=","=","=","=","=","=","=","=",1,L,"encounter v",190,86.067,0.42,3,31,W,Y,1,1727.142,95,223,53,114,98,,127,76,-30,-40.487,-0.025,0.575,-21.005,1,0,0.56,-426.563,-211.445,194.661,1685.3,0.727,-21.882,1687.417,4,20.59,0.056,-45.772,0,8,,1732.475,,,,1732.322,,,,,,,,,1732.969,3,,147,1,,,,,,,,,,,,,,,,,,,0.035,-38.162,0.494,-17.129,-19.887,-40.102,-7.872,-64.18,25.33,-50.666,14.955,-62.597,46.66,-101.305,4.848,-118.562,-38.344,-102.18,0.291,-36.705,,"_AKASATA_",0.428,-17.248,,"Fresh825",-18.626,-43.404,,"Dοpi",-8.436,-67.552,,"Muna_328",25.27,-50.507,86,"schmoneymikey",14.951,-62.58,,"하루（Haru）",46.654,-101.302,,"うよすま",5.07,-118.708,,"Sabo_10",-38.321,-102.16,,,,,,,,1732.108,-18.552,-39.45,,,,1729.456,20.95,-46.011,,,,,,,,,,,,,,,,,,,,,,,,,1730.08,18.096,-44.946,,,,,,,,,,,,,"",2,,,,,,,,,,,,,0,"Muna_328",1732.322,1735.558,,9,""
25,SIDE,1,0,2,0,0,0,2,0,1,0,255,15,255,,1736.829,,,,,,,,,,,,,,,,,,,,,,,,4,"=","=","=","=","=","=","=","=","=",,,,,,,,,,,,,,,,,,,,,,,,,,,,,,,,,,,,,,,0,0,,,,,,,,,,,,,,,,,,,,,,,,,,,,,,,,,,,,,,,,,,,,,,,,,,,,,,,,,,,,,,,,,,,,,,,,,,,,,,,,,,,,,,,,,,,,,,,,,,,,,,,,,,,,,,,,,,,,,,,,,,,,,,,,,,,,,,,,,,,,,,,,,"",0,,,,,,,,,,,,,0,"",,,,0,""
26,,2,1,2,0,0,0,0,0,0,0,255,255,255,16,1788.361,"DoYaGee",R,32,77,128,0.563,-0.188,0.191,1.066,-0.044,1.534,-36.487,35.611,7,15,78,2,"",244.06,21.551,25.87,0,0,5,"Muna_328","Megu3568","Sabo_10","Fresh825","하루（Haru）","schmoneymikey","_AKASATA_","うよすま","Dοpi",5,L,"schmoneymikey",175.1,80,0.35,3,30,W,Y,1,1789.528,222,127,129,58,0,,145,127,25.951,-22.797,0.104,0.883,-20.487,0.55,0,0.307,412.97,-374.41,-34.129,1750.966,57.998,-123.493,,,,,,0,0,,1794.774,1799.067,1804.108,1808.88,,,,,,,,,,,,,,,,,,,,,,,,,,,,,,,,,-0.072,-37.865,-0.061,-17.841,-22.691,-50.157,-16.667,-62.341,19.932,-46.332,13.839,-64.74,43.316,-94.883,0.66,-114.091,-44.252,-94.199,-0.268,-36.812,,"encounter v",-0.025,-17.957,,"쟈가리코",-22.558,-50.271,,"muyang_",-16.674,-62.313,,"わだ、、",20.042,-46.085,,"shimenawa",14.018,-63.978,,"yumi2012",43.231,-94.973,,"ByeolBam",0.685,-114.091,,"ddil_ddil69",-44.222,-94.176,,,,,,,,,,,,,,,,,,,,,,,,,,,,,,,,,,,,,,,,,,,,,,,,,,,,,,,,"",4,,,,,,,,,,,,,0,"",1799.067,1804.108,,0,""
27,,2,1,3,0,0,0,0,0,0,0,255,255,255,17,1829.048,"DoYaGee",R,32,63,117,2.181,-0.372,0.315,1.008,0.713,1.476,-36.487,51.667,6,16,78,1,"",158.672,73.245,8.337,0,0,6,"=","=","=","=","=","=","=","=","=",1,R,"_AKASATA_",190,85.821,0.397,,30,W,Y,0,,,,,,,,,,,,,,,,,,,,,,,,,,,,,0,0,,,,,,,,,,,,,,,,,,,,,,,,,,,,,,,,,,,,,,0.143,-37.89,-0.007,-17.756,-22.744,-49.382,-16.635,-62.344,20.641,-46.784,11.964,-65.801,43.548,-95.004,0.289,-118.02,-45.161,-95.242,,,,"",,,,"",,,,"",,,,"",,,,"",,,,"",,,,"",,,,"",,,,,,,,,,,,,,,,,,,,,,,,,,,,,,,,,,,,,,,,,,,,,,,,,,,,,,,,,,"",0,,,,,,,,,,,,,0,"",,,,0,""
28,,2,1,3,0,1,0,0,0,0,0,255,255,255,18,1855.023,"DoYaGee",R,32,82,134,0.381,-0.21,0.187,1.069,-0.059,1.553,-36.487,18.004,8,12,80,0,"",159.99,56.335,28.536,0,0,6,"=","=","=","=","=","=","=","=","=",1,R,"_AKASATA_",190,85.821,0.397,,30,W,Y,0,,,,,,,,,,,,,,,,,,,,,,,,,,,,,0,0,,,,,,,,,,,,,,,,,,,,,,,,,,,,,,,,,,,,,,0.107,-37.65,-0.013,-17.594,-22.79,-49.331,-16.705,-62.625,20.367,-46.793,12.408,-64.698,40.206,-92.896,0.204,-117.062,-45.473,-95.601,,,,"",,,,"",,,,"",,,,"",,,,"",,,,"",,,,"",,,,"",,,,,,,,,,,,,,,,,,,,,,,,,,,,,,,,,,,,,,,,,,,,,,,,,,,,,,,,,,"",0,,,,,,,,,,,,,0,"",,,,0,""
29,,2,1,3,0,1,1,0,0,0,0,255,255,255,19,1873.751,"DoYaGee",R,32,76,127,1.57,-0.034,0.292,1.104,0.429,1.667,-36.487,25.412,2,15,83,2,"",163.839,57.982,22.515,0,0,6,"=","=","=","=","=","=","=","=","=",1,R,"_AKASATA_",190,85.821,0.397,5,30,W,Y,1,1874.562,165,115,62,28,19,,133,82,23.645,-43.002,0.411,0.885,-20.077,-1,0,0.242,-184.615,-558.609,46.598,1830.083,47.195,-60.359,,,,,,0,0,,,,,,,,,,,,,,,,,,,,,,,,,,,,,,,,,,,,,,0.084,-37.795,-0.023,-17.674,-22.749,-49.406,-16.826,-62.647,20.1,-46.777,12.775,-65.103,40.182,-92.906,0.062,-117.065,-45.422,-95.527,-0.093,-36.865,,"encounter v",-0.016,-17.69,,"쟈가리코",-22.781,-49.427,,"muyang_",-16.834,-62.635,,"わだ、、",20.231,-46.625,,"shimenawa",12.798,-65.063,,"yumi2012",40.14,-92.807,,"ByeolBam",0.061,-117.062,,"ddil_ddil69",-45.439,-95.545,,,,,,,,,,,,,,,,,,,,,,,,,,,,,,,,,,,,,,,,,,,,,,,,,,,,,,,,"",3,-43.649,-40.227,1.2,0,0,1,23.645,23.645,46.205,23.645,0,-83.416,0,"",,,,0,""
30,,2,1,3,0,1,2,0,0,0,0,255,255,255,20,1900.157,"DoYaGee",R,32,90,140,-0.639,-0.023,0.077,1.094,-0.573,1.635,-36.487,19.055,7,57,37,0,"",230.092,19.274,33.607,0,0,6,"=","=","=","=","=","=","=","=","=",1,R,"_AKASATA_",190,85.821,0.397,,30,W,Y,0,,,,,,,,,,,,,,,,,,,,,,,,,,,,,0,0,,,,,,,,,,,,,,,1902.583,6,,578,0,,,,,,,,,,,,,,,,,,,0.025,-37.682,-0.024,-17.669,-22.544,-48.743,-16.95,-62.688,21.702,-47.84,13.161,-64.926,42.397,-93.73,0.445,-113.873,-45.439,-94.138,,,,"",,,,"",,,,"",,,,"",,,,"",,,,"",,,,"",,,,"",,,,,,,,,,,,,,,,,,,,,,,,,,,,,,,,,,,,,,,,,,,,,,,,,,,,,,,,,,"",0,,,,,,,,,,,,,0,"",,,,0,""
31,,2,1,3,0,0,0,1,0,0,0,255,255,255,21,1925.858,"DoYaGee",R,32,90,140,-0.378,-0.653,0.104,1.007,-0.448,1.327,-36.487,24.534,7,12,82,0,"",246.032,89.965,20.651,0,0,7,"=","=","=","=","=","=","=","=","=",7,R,"うよすま",175.4,84.797,0.5,,30,W,Y,0,,,,,,,,,,,,,,,,,,,,,,,,,,,,,0,0,,,,,,,,,,,,,,,,,,,,,,,,,,,,,,,,,,,,,,-0.004,-37.729,-0.074,-17.7,-22.592,-48.324,-17.017,-62.318,20.58,-47.561,12.117,-65.406,42.424,-93.657,0.484,-113.888,-46.173,-94.186,,,,"",,,,"",,,,"",,,,"",,,,"",,,,"",,,,"",,,,"",,,,,,,,,,,,,,,,,,,,,,,,,,,,,,,,,,,,,,,,,,,,,,,,,,,,,,,,,,"",0,,,,,,,,,,,,,0,"",,,,0,""
32,,2,1,3,0,0,1,1,0,0,0,255,255,255,23,1943.377,"DoYaGee",R,3,90,114,-3.666,0.332,-0.057,1.173,-0.797,1.825,-36.487,10.311,5,54,41,1,"",-458.522,0,19.972,0,0,7,"=","=","=","=","=","=","=","=","=",7,R,"うよすま",175.4,84.797,0.5,,30,W,Y,0,,,,,,,,,,,,,,,,,,,,,,,,,,,,,0,0,,,,,,,,,,,,,,,,,,,,,,,,,,,,,,,,,,,,,,0.048,-37.704,-0.076,-17.675,-22.013,-48.271,-17.116,-62.554,20.516,-46.762,11.678,-65.632,42.41,-93.665,0.297,-113.413,-46.27,-94.327,,,,"",,,,"",,,,"",,,,"",,,,"",,,,"",,,,"",,,,"",,,,,,,,,,,,,,,,,,,,,,,,,,,,,,,,,,,,,,,,,,,,,,,,,,,,,,,,,,"",0,,,,,,,,,,,,,0,"",,,,0,""
33,,2,1,3,0,1,1,1,0,0,0,255,255,255,23,1961.597,"DoYaGee",R,32,83,135,-2.952,0.442,-0.123,1.181,-1.505,1.939,-36.487,7.277,6,54,40,1,"",164.497,57.12,33.319,0,0,7,"=","=","=","=","=","=","=","=","=",7,R,"うよすま",175.4,84.797,0.5,,30,W,Y,0,,,,,,,,,,,,,,,,,,,,,,,,,,,,,0,0,,,,,,,,,,,,,,,,,,,,,,,,,,,,,,,,,,,,,,0.051,-37.746,-0.066,-17.659,-21.743,-48.255,-17.05,-62.204,20.611,-47.53,13.357,-65,42.188,-93.787,0.303,-113.403,-45.806,-95.11,,,,"",,,,"",,,,"",,,,"",,,,"",,,,"",,,,"",,,,"",,,,,,,,,,,,,,,,,,,,,,,,,,,,,,,,,,,,,,,,,,,,,,,,,,,,,,,,,,"",0,,,,,,,,,,,,,0,"",,,,0,""
34,,2,1,3,0,2,1,1,0,0,0,255,255,255,24,1979.692,"DoYaGee",R,34,87,140,2.697,-0.903,0.422,0.959,1.031,1.159,-36.487,43.596,10,14,76,4,"",98.428,53.747,7.114,0,0,7,"=","=","=","=","=","=","=","=","=",7,R,"うよすま",175.4,84.797,0.5,,30,W,Y,1,,,,,,,,,,,,,,,,,,,,,,,,,,,,,0,0,,,,,,,,,,,,,,,,,,,,,,,,,,,,,,,,,,,,,,0.063,-37.634,-0.022,-17.658,-21.526,-48.28,-16.928,-62.436,19.914,-47.117,12.15,-65.444,42.407,-93.655,0.616,-114.306,-45.797,-95.092,,,,"",,,,"",,,,"",,,,"",,,,"",,,,"",,,,"",,,,"",,,,,,,,,,,,,,,,,,,,,,,,,,,,,,,,,,,,,,,,,,,,,,,,,,,,,,,,,,"",0,,,,,,,,,,,,,0,"",,,,0,""
35,,2,1,3,0,2,2,1,0,0,0,255,255,255,25,1999.197,"DoYaGee",R,33,83,134,-0.073,-0.061,0.16,1.112,-0.187,1.696,-36.487,14.545,5,4,91,2,"BH-|BE+",105.931,99.919,14.348,0,0,7,"=","=","=","=","=","=","=","=","=",7,R,"うよすま",175.4,84.797,0.5,5,30,W,Y,1,2000.321,151,109,130,9,0,,139,98,-82.395,20.342,-0.017,0.853,-19.04,-0.09,0,0.281,-384.432,117.684,65.317,1949.55,-0.053,-19.138,1952.583,1,-2.967,3.4,-26.923,1,0,,2005.859,,,,,,,,,,,,,,,,,,,,,,,,,,,,2010.086,2,,,,,,,0.137,-37.665,-0.015,-17.673,-21.264,-48.331,-16.681,-62.549,19.388,-46.11,12.417,-65.016,42.391,-93.634,2.209,-113.621,-45.791,-95.076,-0.007,-36.773,120,"encounter v",-0.071,-17.725,130,"쟈가리코",-21.258,-48.145,63,"muyang_",-18.466,-64.626,,"わだ、、",18.791,-46.291,,"shimenawa",12.853,-64.558,,"yumi2012",42.403,-93.644,,"ByeolBam",2.152,-113.81,,"ddil_ddil69",-45.708,-94.914,,2003.61,-3.054,-27.524,2003.585,-2.775,-26.569,2005.996,-18.083,-38.77,,,,,,,,,,,,,,,,,,,2004.36,-4.738,-29.162,2005.312,-8.501,-31.427,2011.756,-17.432,-39.447,,,,,,,,,,,,,,,,,,,"1:+1",2,11.543,11.543,1.51,0,2,0.066,-84.786,-82.395,-25.642,-84.421,0.06,113.981,1,"encounter v",,,,10,""
36,,2,1,3,0,0,0,1,1,0,0,7,255,255,26,2070.256,"DoYaGee",R,33,73,124,-1.233,0.871,0.054,1.231,-0.677,2.115,-36.487,5.817,3,58,40,0,"",119.598,-8.863,29.137,0,0,8,"=","=","=","=","=","=","=","=","=",3,R,"Dοpi",175,90,0.35,,29,W,Y,0,,,,,,,,,,,,,,,,,,,,,,,,,,,,,0,0,,,,,,2073.516,,,,,,,,,,,,,,,,,,,,,,,,,,,,,,,,0.137,-37.63,-0.043,-17.818,-19.682,-40.207,-12.592,-58.015,18.745,-45.736,7.598,-63.831,40.38,-92.383,-0.411,-108.577,-47.365,-94.6,,,,"",,,,"",,,,"",,,,"",,,,"",,,,"",,,,"",,,,"",,,,2077.876,-0.603,-39.086,,,,,,,,,,,,,,,,,,,,,,,,,,,,,,,,,,,,,,,,,,,,,,,,,,,,"",0,,,,,,,,,,,,,0,"",2073.516,,,0,""
37,,2,1,3,0,0,1,1,0,1,0,255,7,255,27,2094.609,"DoYaGee",R,33,82,134,0.347,0.322,0.193,1.147,-0.034,1.82,-36.487,14.002,5,21,74,0,"",128.377,8.899,23.197,0,0,8,"=","=","=","=","=","=","=","=","=",3,R,"Dοpi",175,90,0.35,,29,W,Y,0,,,,,,,,,,,,,,,,,,,,,,,,,,,,,0,0,,,,,,,,,,,,,2094.783,,,,,,,,,,,,,,,,,,,,,,,,,0.146,-37.83,-0.017,-17.717,-22.351,-47.929,-13.425,-61.797,19.466,-45.724,3.875,-62.348,40.639,-94.698,-0.065,-111.277,-47.046,-94.945,,,,"",,,,"",,,,"",,,,"",,,,"",,,,"",,,,"",,,,"",,,,2098.497,0.012,-36.927,,,,,,,,,,,,,,,,,,,,,,,,,,,,,,,,,,,,,,,,,,,,,,,,,,,,"",0,,,,,,,,,,,,,0,"",2097.245,,,0,""
38,,2,1,3,0,0,2,1,0,1,0,255,7,255,28,2113.898,"DoYaGee",R,3,69,111,-2.715,-1.293,0.114,0.883,-0.401,0.891,-36.487,47.25,7,17,76,1,"",-436.701,0,-1.103,0,0,8,"=","=","=","=","=","=","=","=","=",3,R,"Dοpi",175,90,0.35,,29,W,Y,0,,,,,,,,,,,,,,,,,,,,,,,,,,,,,0,0,,,,,,,,,,,,,2114.075,,,,,,,,,,,,,,,,,,,,,,,,,0.064,-37.6,-0.05,-17.73,-20.122,-45.057,-13.773,-61.184,19.592,-46.096,3.144,-61.884,40.846,-94.422,-1.956,-112.219,-47.037,-94.952,,,,"",,,,"",,,,"",,,,"",,,,"",,,,"",,,,"",,,,"",,,,2118.122,-0.258,-36.968,,,,,,,,,,,,,,,,,,,,,,,,,,,,,,,,,,,,,,,,,,,,,,,,,,,,"",0,,,,,,,,,,,,,0,"",2116.482,,,0,""
39,,2,1,3,0,1,2,1,0,1,0,255,7,255,29,2157.717,"DoYaGee",R,3,64,97,-2.922,0.361,-0.013,1.188,-0.659,1.86,-36.487,16.52,0,9,91,1,"",-285.12,0,18.972,0,0,8,"=","=","=","=","=","=","=","=","=",3,R,"Dοpi",175,90,0.35,,29,W,Y,0,,,,,,,,,,,,,,,,,,,,,,,,,,,,,0,0,,,,,,,,,,,,,2163.701,,,,,,,,,,,,,,,,,,,,,,,,,0.124,-37.588,-0.021,-17.814,-19.692,-45.342,-14.207,-61.194,19.547,-45.384,5.959,-63.933,41.915,-93.684,0.183,-111.553,-46.945,-95.013,,,,"",,,,"",,,,"",,,,"",,,,"",,,,"",,,,"",,,,"",,,,2161.652,-0.441,-36.998,,,,,,,,,,,,,,,,,,,,,,,,,,,,,,,,,,,,,,,,,,,,,,,,,,,,"",0,,,,,,,,,,,,,0,"",2159.962,,,0,""
40,,2,1,3,0,2,2,1,0,1,0,255,7,255,30,2177.624,"DoYaGee",R,32,76,127,-0.267,0.233,0.122,1.144,-0.365,1.81,-36.487,11.781,3,6,91,2,"",164.781,47.895,28.929,0,0,8,"=","=","=","=","=","=","=","=","=",3,R,"Dοpi",175,90,0.35,5,29,W,Y,1,2178.565,118,85,55,39,15,,130,129,-30,77.51,-0.041,0.969,-19.414,0.61,0,0.192,-64.677,28.383,196.649,2121.667,-1.554,-19.749,,,,,,0,0,,,,,,,,,2180.616,,,,2198.851,,,,,,,,,,,,,,,,,,,,,,,,,0.19,-37.626,-0.031,-17.752,-20.024,-45.602,-14.987,-61.001,20.365,-44.226,3.177,-62.232,41.934,-93.617,0.223,-111.518,-46.685,-94.775,0.063,-37.011,,"encounter v",-0.053,-17.909,,"쟈가리코",-19.906,-45.448,,"muyang_",-14.999,-60.991,,"わだ、、",18.791,-44.122,,"shimenawa",8.045,-64.151,,"yumi2012",41.942,-93.591,,"ByeolBam",0.221,-111.514,,"ddil_ddil69",-46.662,-94.747,,,,,,,,,,,,,,,,,,,,,,,,,,,,,,,,,,,,,,,,,,,,,,,,,,,,,,,,"",3,99.732,77.379,41.547,1,2,0.319,-84.005,-80.057,-76.043,-83.912,0.06,143.193,0,"",2186.912,2180.616,,0,""
41,,2,1,3,0,2,2,1,0,1,0,255,7,255,31,2198.943,"DoYaGee",R,32,81,132,0.445,-0.082,0.184,1.094,-0.073,1.633,-36.487,21.78,5,10,85,2,"",182.674,52.755,19.586,0,0,8,"=","=","=","=","=","=","=","=","=",3,R,"Dοpi",175,90,0.35,5,28,W,Y,1,2199.853,125,55,70,80,38,,137,80,-12.719,-16.32,0.084,0.908,-20.328,-1,0,0.206,530.128,-279.132,-32.401,2142.417,1.096,-23.751,2144.6,5,12.016,0.056,-58.295,0,0,,2205.142,,,,,,,,,,,2203.831,,2205.653,8,,147,4,,,,,,,,,,,,,2209.149,3,,,,,0.112,-37.587,-0.048,-17.745,-20.574,-45.398,-15.405,-61.753,19.41,-45.473,3.061,-62.268,42.287,-94.191,-0.623,-112.128,-45.94,-93.896,-0.186,-37.181,,"encounter v",-0.057,-17.755,,"쟈가리코",-19.912,-45.055,120,"muyang_",-15.286,-61.573,79,"わだ、、",19.241,-45.168,,"shimenawa",7.703,-64.785,87,"yumi2012",42.229,-94.237,,"ByeolBam",-0.846,-112.086,,"ddil_ddil69",-45.918,-93.86,,2213.366,0.131,-40.426,,,,2204.766,-17.665,-40.262,2206.644,-0.79,-58.511,,,,2202.466,12.084,-59.019,,,,,,,,,,,,,,,,2205.646,-16.836,-42.056,2212.227,-0.381,-57.29,,,,2203.008,10.063,-56.978,,,,,,,,,,"",2,-16.483,-16.483,-0.024,0,0,1,-12.719,-12.719,-26.459,-12.719,0,-19.342,0,"shimenawa",2203.615,,,262,""
42,,2,1,3,0,0,0,2,0,1,0,255,7,255,32,2253.47,"DoYaGee",R,33,75,126,2.234,-0.644,0.365,0.996,0.766,1.318,-36.487,33.878,8,11,82,2,"",128.133,85.523,8.573,0,0,0,"=","=","=","=","=","=","=","=","=",4,R,"Muna_328",189.7,89.724,0.5,3,28,W,Y,1,2254.345,132,121,0,0,0,,15,41,-13.865,10.691,0.395,0.701,-19.853,-0.89,0,0.594,-2.056,-32.061,43.444,2194.45,-0.026,-22.094,2196.05,0,-2.792,0.054,-32.69,0,0,,,,,,,,,2256.129,,,,,,2258.75,0,,147,0,,,,,,,,,,,,,,,,,,,0.16,-37.632,-0.045,-17.774,-22.155,-48.889,-16.224,-62.629,20.322,-46.315,5.151,-63.914,42.959,-94.255,-0.165,-112.927,-46.952,-96.518,-0.263,-36.587,120,"encounter v",-0.045,-17.831,,"쟈가리코",-22.108,-48.757,,"muyang_",-17.062,-63.722,,"わだ、、",19.337,-45.648,,"shimenawa",9.164,-66.142,,"yumi2012",42.957,-94.251,,"ByeolBam",0.047,-112.123,,"ddil_ddil69",-46.957,-96.45,,2256.27,-2.492,-33.369,,,,2258.168,-18.665,-39.553,,,,,,,,,,,,,,,,,,,2257.402,-6.132,-34.056,,,,,,,,,,,,,,,,,,,,,,,,,"",2,,,,,,,,,,,,,0,"DoYaGee",,2256.129,,2,""
43,SIDE,2,1,3,0,0,0,2,0,0,1,255,255,7,,2260.876,,,,,,,,,,,,,,,,,,,,,,,,1,"=","=","=","=","=","=","=","=","=",,,,,,,,,,,,,,,,,,,,,,,,,,,,,,,,,,,,,,,0,0,,,,,,,,,,,,,,,,,,,,,,,,,,,,,,,,,,,,,,,,,,,,,,,,,,,,,,,,,,,,,,,,,,,,,,,,,,,,,,,,,,,,,,,,,,,,,,,,,,,,,,,,,,,,,,,,,,,,,,,,,,,,,,,,,,,,,,,,,,,,,,,,,"",0,,,,,,,,,,,,,0,"",,,,0,""
44,,2,0,3,0,0,0,0,0,0,0,255,255,255,8,2304.093,"しろくま。",R,26,75,126,2.016,2.775,0.389,1.767,0.669,3.024,-36.454,30.957,83,17,0,1,"",151.07,-188.523,0,0,0,4,"ByeolBam","쟈가리코","shimenawa","encounter v","_송글_","わだ、、","ddil_ddil69","yumi2012","muyang_",9,R,"_송글_",175.4,90.478,0.316,,28,W,Y,0,,,,,,,,,,,,,,,,,,,,,,,,,,,,,0,0,,,,,,,,,,,,,,,,,,,,,,,,,,,,,,,,,,,,,,0.02,-38.407,0.241,-17.378,-21.368,-46.982,-15.146,-63.424,24.342,-52.405,8.777,-65.763,44.469,-105.037,-7.118,-117.978,-46.47,-103.745,,,,"",,,,"",,,,"",,,,"",,,,"",,,,"",,,,"",,,,"",,,,,,,,,,,,,,,,,,,,,,,,,,,,,,,,,,,,,,,,,,,,,,,,,,,,,,,,,,"",0,,,,,,,,,,,,,0,"",,,,0,""
45,,2,0,3,0,1,0,0,0,0,0,255,255,255,9,2317.621,"しろくま。",R,26,93,140,0.617,-0.433,0.231,1.216,0.143,1.184,-36.454,10.984,53,47,0,2,"",89.368,-200,0,0,0,4,"=","=","=","=","=","=","=","=","=",9,R,"_송글_",175.4,90.478,0.316,5,28,W,Y,1,2318.536,105,31,86,33,0,,134,129,-30,49.898,0.113,0.752,-19.362,0.57,0,0.33,103.5,94.764,-226.703,2256.783,-0.804,-20.134,,,,,,0,0,,,,,,,,,,,,,,,,,,,,,,,,,,,,,,,,,,,,,,0.086,-38.227,0.156,-17.245,-21.742,-46.465,-15.014,-64.066,24.511,-51.873,9,-66.587,44.15,-107.197,-4.917,-116.259,-44.708,-104.7,-0.013,-37.079,,"_AKASATA_",0.128,-17.4,,"Fresh825",-21.624,-46.366,,"Dοpi",-14.975,-65.606,,"Muna_328",24.518,-51.775,,"schmoneymikey",8.964,-66.557,,"하루（Haru）",44.185,-107.203,,"うよすま",-4.487,-116.567,,"Sabo_10",-44.566,-104.746,,,,,,,,,,,,,,,,,,,,,,,,,,,,,,,,,,,,,,,,,,,,,,,,,,,,,,,,"",3,50.006,40.122,0.486,0,0,1,-57.572,-57.572,-72.999,-57.572,0,116.504,0,"",,,,0,""
46,,2,0,3,0,1,1,0,0,0,0,255,255,255,10,2335.964,"しろくま。",R,13,61,105,-0.373,0.02,0.24,1.513,0.187,2.228,-36.454,21.491,93,7,0,2,"",-184.614,400,0,0,0,4,"=","=","=","=","=","=","=","=","=",9,R,"_송글_",175.4,90.478,0.316,5,53,W,Y,1,2337.019,158,48,104,55,33,,145,129,26.337,-2.228,-0.067,0.957,-20.507,0.39,0,0.386,413.151,288.496,86.409,2280.217,-3.641,-140.782,,,,,,0,0,,2342.205,2346.54,2351.667,2356.847,,,,,,,,,,,,,,,,,,,,,,,,,,,,,,,,,0.042,-38.235,-0.493,-17.233,-22.243,-47.179,-15.349,-63.899,24.83,-51.454,8.845,-65.968,38.557,-108.291,-8.651,-116.366,-48.75,-102.966,-0.502,-37.233,,"_AKASATA_",-0.489,-17.231,,"Fresh825",-22.152,-46.926,,"Dοpi",-15.741,-64.999,,"Muna_328",24.207,-51.832,,"schmoneymikey",7.918,-65.432,,"하루（Haru）",37.048,-109.014,,"うよすま",-7.561,-115.936,,"Sabo_10",-48.682,-102.68,,,,,,,,,,,,,,,,,,,,,,,,,,,,,,,,,,,,,,,,,,,,,,,,,,,,,,,,"",4,-0.282,-0.282,3.42,0,1,0.717,53.027,36.728,3.736,85.116,0.055,-6.762,0,"",2346.54,2351.667,,0,""
47,,2,0,3,1,0,0,0,0,0,0,255,255,255,11,2376.199,"しろくま。",R,26,88,140,-0.724,0.344,0.116,1.355,-0.39,1.67,-36.454,12.056,49,51,0,2,"",61.761,-200,0,0,0,5,"=","=","=","=","=","=","=","=","=",4,L,"わだ、、",190,85,0.53,5,52,W,Y,1,2377.237,255,148,146,134,53,,145,89,43.922,-1.788,-0.126,1.154,-20.28,-0.98,0,0.449,497.057,-198.129,-236.65,2319.6,6.418,-85.232,2319.767,5,6.281,1.703,-84.072,0,0,,2382.995,,,,,,,,,,,,,2383.061,5,,454,0,,,,,,,,,,,,,,,,,,,-0.05,-38.297,-0.335,-17.234,-17.848,-46.303,-10.604,-65.745,24.636,-49.986,14.853,-62.41,46.098,-104.473,9.051,-125.098,-33.169,-100.585,-0.446,-37.153,,"_AKASATA_",-0.233,-17.434,,"Fresh825",-17.544,-46.104,,"Dοpi",-10.75,-66.444,,"Muna_328",24.646,-49.957,,"schmoneymikey",14.519,-62.232,85,"하루（Haru）",45.688,-103.939,,"うよすま",9.418,-125.363,,"Sabo_10",-33.006,-100.969,,2388.808,-0.186,-56.552,,,,,,,,,,,,,2383.076,6.437,-83.881,,,,,,,,,,,,,,,,,,,,,,,,,2387.45,7.425,-76.883,,,,,,,,,,"",1,-1.068,-1.068,2.834,0,2,0.263,59.645,43.922,-1.746,58.634,0.062,-27.358,0,"schmoneymikey",,,,32,""
48,,2,0,3,1,0,0,1,0,0,0,255,255,255,12,2410.004,"しろくま。",R,32,78,128,4.012,0.402,0.562,1.425,1.524,1.796,-36.454,28.426,46,54,0,1,"",161.93,-48.653,0,0,0,6,"=","=","=","=","=","=","=","=","=",8,R,"ddil_ddil69",176.4,89.899,0.554,,27,W,Y,0,,,,,,,,,,,,,,,,,,,,,,,,,,,,,0,0,,,,,,,,,,,,,,,,,,,,,,,,,,,,,,,,,,,,,,0.132,-38.289,0.37,-17.204,-22.138,-46.447,-13.471,-64.305,24.576,-52.578,8.332,-65.586,42.365,-110.459,-3.601,-117.228,-43.463,-102.476,,,,"",,,,"",,,,"",,,,"",,,,"",,,,"",,,,"",,,,"",,,,2416.283,-0.403,-38.423,,,,,,,,,,,,,,,,,,,,,,,,,,,,,,,,,,,,,,,,,,,,,,,,,,,,"",0,,,,,,,,,,,,,0,"",,,,0,""
49,,2,0,3,1,1,0,1,0,0,0,255,255,255,13,2427.754,"しろくま。",R,26,82,133,0.814,0.95,0.271,1.442,0.331,1.975,-36.454,5.62,62,38,0,0,"",10.445,-200,0,0,0,6,"=","=","=","=","=","=","=","=","=",8,R,"ddil_ddil69",176.4,89.899,0.554,,27,W,Y,0,,,,,,,,,,,,,,,,,,,,,,,,,,,,,0,0,,,,,,,,,,,,,,,,,,,,,,,,,,,,,,,,,,,,,,0.069,-38.137,0.171,-17.208,-22.14,-46.438,-13.649,-64.04,24.586,-52.642,8.381,-65.472,42.977,-106.058,-2.16,-116.269,-43.717,-102.593,,,,"",,,,"",,,,"",,,,"",,,,"",,,,"",,,,"",,,,"",,,,2432.33,-0.343,-38.04,,,,,,,,,,,,,,,,,,,,,,,,,,,,,,,,,,,,,,,,,,,,,,,,,,,,"",0,,,,,,,,,,,,,0,"",,,,0,""
50,,2,0,3,1,1,1,1,0,0,0,255,255,255,14,2445.082,"しろくま。",R,5,60,113,-2.126,0.176,0.099,1.427,-0.77,1.722,-36.454,14.414,52,48,0,1,"",-91.177,0,0,0,0,6,"=","=","=","=","=","=","=","=","=",8,R,"ddil_ddil69",176.4,89.899,0.554,,38,W,Y,0,,,,,,,,,,,,,,,,,,,,,,,,,,,,,0,0,,,,,,,,,,,,,,,,,,,,,,,,,,,,,,,,,,,,,,-0.033,-38.155,-0.019,-17.259,-22.134,-46.44,-14.022,-64.094,24.63,-52.709,8.101,-65.896,44.28,-106.049,-4.229,-116.939,-43.99,-102.568,,,,"",,,,"",,,,"",,,,"",,,,"",,,,"",,,,"",,,,"",,,,2450.468,-0.335,-37.97,,,,,,,,,,,,,,,,,,,,,,,,,,,,,,,,,,,,,,,,,,,,,,,,,,,,"",0,,,,,,,,,,,,,0,"",,,,0,""
51,,2,0,3,1,2,1,1,0,0,0,255,255,255,15,2476.918,"しろくま。",R,26,80,130,1.747,-1.385,0.242,1.27,0.732,0.603,-36.454,10.077,49,51,0,1,"",14.675,-200,0,0,0,6,"=","=","=","=","=","=","=","=","=",8,R,"ddil_ddil69",176.4,89.899,0.554,,38,W,Y,0,,,,,,,,,,,,,,,,,,,,,,,,,,,,,0,0,,,,,,,,,,,,,,,,,,,,,,,,,,,,,,,,,,,,,,0.21,-38.138,0.214,-17.194,-22.41,-47.154,-14.272,-64.08,24.908,-51.49,8.023,-65.049,43.36,-106.623,-4.438,-113.772,-44.111,-101.198,,,,"",,,,"",,,,"",,,,"",,,,"",,,,"",,,,"",,,,"",,,,2482.414,-0.681,-38.19,,,,,,,,,,,,,,,,,,,,,,,,,,,,,,,,,,,,,,,,,,,,,,,,,,,,"",0,,,,,,,,,,,,,0,"",,,,0,""
52,,2,0,3,1,3,1,1,0,0,0,255,255,255,16,2494.875,"しろくま。",R,10,74,115,0.402,-1.567,0.236,1.226,0.168,1.224,-36.454,6.727,49,51,0,1,"",0,400,0,0.047,-17.683,6,"=","=","=","=","=","=","=","=","=",8,R,"ddil_ddil69",176.4,89.899,0.554,,38,W,Y,0,,,,,,,,,,,,,,,,,,,,,,,,,,,,,0,0,,2503.715,,,,,,,,,,,,,,,,,,,,,,,,,,,,,,,,,,,,0.105,-38.132,0.013,-17.241,-22.889,-47.495,-14.271,-64.482,24.906,-51.559,8.003,-64.996,42.191,-107.224,-4.202,-114.671,-43.475,-102.48,,,,"",,,,"",,,,"",,,,"",,,,"",,,,"",,,,"",,,,"",,,,2500.433,-0.231,-38.26,,,,,,,,,,,,,,,,,,,,,,,,,,,,,,,,,,,,,,,,,,,,,,,,,,,,"",5,,,,,,,,,,,,,0,"",,,,0,""
53,,2,0,3,1,0,0,1,1,0,0,18,255,255,17,2515.771,"しろくま。",R,3,64,108,0.879,0.966,0.422,1.499,1.031,2.182,-36.454,20.596,84,16,0,2,"",-418.904,0,0,0,0,7,"=","=","=","=","=","=","=","=","=",6,R,"yumi2012",174.1,90.292,0.504,3,27,W,Y,0,2516.986,125,36,58,42,24,,134,75,26.705,65.612,0.098,1.169,-19.227,1,0,0.446,330.986,171.433,-468.882,2453.8,-40.669,-37.271,,,,,,0,0,,,,,,,,,,,,2518.182,,,,,,,,,,,,,,,,,,,,,,,,,,0.122,-38.113,0.195,-17.309,-18.575,-39.794,-15.594,-59.772,22.379,-49.287,7.503,-64.765,44.597,-104.351,-2.482,-113.756,-42.764,-97.916,0.401,-36.731,,"_AKASATA_",0.194,-17.333,,"Fresh825",-18.226,-39.906,,"Dοpi",-14.992,-59.084,,"Muna_328",22.361,-49.067,,"schmoneymikey",7.467,-64.763,,"하루（Haru）",44.735,-104.961,,"うよすま",-2.633,-113.33,,"Sabo_10",-42.764,-97.805,,,,,,,,,,,,,,,,,,,,,,,,,,,,,,,,,,,,,,,,,,,,,,,,,,,,,,,,"",3,,,,,,,,,,,,,0,"",,,,0,""
54,,2,0,3,1,0,1,1,1,0,0,18,255,255,18,2534.467,"しろくま。",R,26,86,139,0.973,-0.845,0.252,1.149,0.24,0.945,-36.454,15.482,37,63,0,0,"",130.834,-200,0,0.302,-10.531,7,"=","=","=","=","=","=","=","=","=",6,R,"yumi2012",174.1,90.292,0.504,,27,W,Y,0,,,,,,,,,,,,,,,,,,,,,,,,,,,,,0,0,,,,,,,,,,,,,,,,,,,,,,,,,,,,,,,,,,,,,,0.069,-38.003,0.073,-17.317,-18.952,-39.839,-15.171,-59.669,22.613,-48.958,8.058,-65.385,41.729,-103.811,-3.298,-115.748,-39.871,-97.966,,,,"",,,,"",,,,"",,,,"",,,,"",,,,"",,,,"",,,,"",,,,,,,,,,,,,,,,,,,,,,,,,,,,,,,,,,,,,,,,,,,,,,,,,,,,,,,,,,"",0,,,,,,,,,,,,,0,"",,,,0,""
55,,2,0,3,1,0,2,1,1,0,0,18,255,255,19,2554.98,"しろくま。",R,13,71,111,-0.061,-0.068,0.33,1.466,0.606,2.063,-36.454,10.446,62,38,0,0,"",-357.881,349.173,0,0,0,7,"=","=","=","=","=","=","=","=","=",6,R,"yumi2012",174.1,90.292,0.504,,27,W,Y,1,,,,,,,,,,,,,,,,,,,,,,,,,,,,,0,0,,,,,,,,,,,,,,,2557.868,7,,578,0,,,,,,,,,,,,,,,,,,,0.185,-38.022,0.057,-17.123,-18.956,-39.81,-15.406,-59.861,23.377,-50.3,7.696,-65.532,41.45,-105.77,-3.75,-110.88,-40.454,-98.407,,,,"",,,,"",,,,"",,,,"",,,,"",,,,"",,,,"",,,,"",,,,,,,,,,,,,,,,,,,,,,,,,,,,,,,,,,,,,,,,,,,,,,,,,,,,,,,,,,"",0,,,,,,,,,,,,,0,"",,,,0,""
56,,2,0,3,1,0,0,2,1,0,0,18,255,255,20,2586.386,"しろくま。",R,13,79,116,-1.363,-0.789,0.182,1.323,-0.085,1.558,-36.454,8.013,49,51,0,2,"",-356.153,350.934,0,0,0,8,"=","=","=","=","=","=","=","=","=",3,R,"muyang_",172.4,80,0.498,3,27,W,Y,1,2587.501,234,49,66,61,20,,139,116,30.815,43.543,-0.288,0.607,-19.797,0.74,0,0.257,286.132,408.022,15.893,2525.4,-77.446,-86.099,,,,,,0,0,,,,,,,,,,,,2588.947,,,,,,,,,,,,,,,,,,,,,,,,,,0.024,-38.03,-0.698,-16.942,-18.984,-39.592,-15.294,-62.956,22.008,-49.117,7.734,-65.818,42.659,-103.832,-3.477,-109.494,-43.087,-97.69,-0.513,-37.333,,"_AKASATA_",-0.723,-16.957,,"Fresh825",-18.98,-39.578,,"Dοpi",-15.289,-62.953,,"Muna_328",21.999,-49.113,,"schmoneymikey",7.739,-65.828,,"하루（Haru）",42.656,-103.839,,"うよすま",-3.474,-109.472,,"Sabo_10",-43.084,-97.656,,,,,,,,,,,,,,,,,,,,,,,,,,,,,,,,,,,,,,,,,,,,,,,,,,,,,,,,"",3,,,,,,,,,,,,,1,"",,,,0,""
57,,2,0,3,1,0,1,2,1,0,0,18,255,255,21,3106.035,"しろくま。",R,26,86,139,1.185,0.99,0.282,1.444,0.381,1.99,-36.454,7.579,66,34,0,2,"",94.495,-200,0,0,0,8,"=","=","=","=","=","=","=","=","=",3,R,"muyang_",172.4,80,0.498,5,25,W,Y,1,3107.025,58,44,61,38,19,,68,66,-41.36,47.161,0.216,1.227,-19.865,-0.45,0,0.134,404.769,278.047,-315.704,3036.1,-0.747,-20.756,3038.5,2,-19.028,0.074,-37.595,0,0,,,,,,,,,,,,3107.762,,,,,,,,,,,,,,,,,,,,,,,,,,-0.047,-38.244,0.176,-17.133,-18.759,-39.853,-14.183,-63.481,22.737,-49.594,8.215,-65.387,46.628,-104.078,-2.787,-116.784,-38.545,-91.191,0.101,-37.23,,"_AKASATA_",0.185,-17.305,,"Fresh825",-18.714,-39.853,80,"Dοpi",-14.191,-63.472,,"Muna_328",22.747,-49.54,,"schmoneymikey",8.061,-65.161,,"하루（Haru）",47.221,-103.489,,"うよすま",-2.946,-116.644,,"Sabo_10",-38.689,-90.648,,3113.39,0.12,-39.236,,,,3109.591,-19.582,-38.089,,,,,,,,,,,,,,,,,,,,,,,,,3112.175,-18.139,-38.21,,,,,,,,,,,,,,,,,,,"",3,168.89,47.143,5.165,1,1,0.832,-41.36,-41.36,-2.323,-35.455,0,-169.92,0,"Fresh825",,,,8,""
58,,2,0,3,1,0,2,2,1,0,0,18,255,255,22,3130.992,"しろくま。",R,3,74,102,-3.98,0.233,-0.012,1.433,-0.897,1.766,-36.454,12.612,46,54,0,4,"",-417.359,0,0,0,0,8,"=","=","=","=","=","=","=","=","=",3,R,"muyang_",172.4,80,0.498,,25,W,Y,1,,,,,,,,,,,,,,,,,,,,,,,,,,,,,0,0,,,,,,,,,,,,3131.304,,,3133.8,8,,578,0,,,,,,,,,,,,,,,,,,,-0.048,-38.114,-0.591,-17.255,-19.019,-39.754,-15.237,-63.659,21.95,-48.199,8.543,-65.491,43.782,-100.47,-4.625,-113.087,-37.996,-95.68,,,,"",,,,"",,,,"",,,,"",,,,"",,,,"",,,,"",,,,"",,,,,,,,,,,,,,,,,,,,,,,,,,,,,,,,,,,,,,,,,,,,,,,,,,,,,,,,,,"",0,,,,,,,,,,,,,0,"",,,,0,""
59,SIDE,2,0,3,1,0,0,2,1,0,0,18,255,255,,3136.111,,,,,,,,,,,,,,,,,,,,,,,,0,"=","=","=","=","=","=","=","=","=",,,,,,,,,,,,,,,,,,,,,,,,,,,,,,,,,,,,,,,0,0,,,,,,,,,,,,,,,,,,,,,,,,,,,,,,,,,,,,,,,,,,,,,,,,,,,,,,,,,,,,,,,,,,,,,,,,,,,,,,,,,,,,,,,,,,,,,,,,,,,,,,,,,,,,,,,,,,,,,,,,,,,,,,,,,,,,,,,,,,,,,,,,,"",0,,,,,,,,,,,,,0,"",,,,0,""
60,,3,1,3,1,0,0,0,0,0,0,255,255,255,33,3189.843,"DoYaGee",R,3,75,116,-1.689,-0.299,0.196,1.037,-0.018,1.449,-36.487,24.403,5,9,85,2,"",-425.563,0,14.857,0,0,1,"Muna_328","Megu3568","Sabo_10","Fresh825","하루（Haru）","schmoneymikey","_AKASATA_","うよすま","Dοpi",9,R,"Megu3568",190,88.251,0.405,3,25,W,Y,1,3191.013,255,180,118,130,55,,145,112,25.728,24.042,-0.297,0.918,-20.662,0.87,0,0.533,332.049,-23.142,249.041,3122.983,-40.858,-109.452,3123.167,8,-39.284,2.628,-105.847,0,0,,3196.919,,,,,,,,,,,,,3195.948,1,,457,0,,,,,,,,,,,,,,,,,,,0.206,-37.921,-0.038,-17.882,-24.304,-51.243,-16.832,-62.494,21.052,-48.326,13.091,-65.129,44.99,-96.503,-0.139,-112.422,-50.574,-99.441,0.097,-37.059,,"encounter v",-0.25,-17.935,,"쟈가리코",-23.166,-49.608,,"muyang_",-16.789,-62.381,,"わだ、、",20.096,-48.157,,"shimenawa",13.614,-64.778,,"yumi2012",45.005,-96.455,,"ByeolBam",-0.137,-112.424,,"ddil_ddil69",-50.541,-99.295,109,3202.388,-0.495,-38.796,,,,,,,,,,,,,,,,,,,,,,3195.967,-39.647,-106.398,,,,,,,,,,,,,,,,,,,,,,,,,3199.944,-25.931,-85.674,"",1,,,,,,,,,,,,,0,"ddil_ddil69",,,,64,""
61,,3,1,3,1,0,0,1,0,0,0,255,255,255,34,3221.61,"DoYaGee",R,3,75,115,-3.45,0.325,0.029,1.154,-0.794,1.834,-36.487,11.119,0,10,90,1,"",-410.327,0,27.064,0,0,2,"=","=","=","=","=","=","=","=","=",8,L,"Sabo_10",185.3,88,0.452,,25,W,Y,0,,,,,,,,,,,,,,,,,,,,,,,,,,,,,0,0,,,,,,,,,,,,,,,,,,,,,,,,,,,,,,,,,,,,,,0.235,-37.552,-0.042,-17.818,-22.256,-50.352,-16.768,-62.717,21.143,-48.086,15.442,-63.848,44.386,-96.819,-0.363,-114.084,-48.035,-95.928,,,,"",,,,"",,,,"",,,,"",,,,"",,,,"",,,,"",,,,"",,,,3226.416,0.02,-36.779,,,,,,,,,,,,,,,,,,,,,,,,,,,,,,,,,,,,,,,,,,,,,,,,,,,,"",0,,,,,,,,,,,,,0,"",,,,0,""
62,,3,1,3,1,1,0,1,0,0,0,255,255,255,35,3241.037,"DoYaGee",R,32,72,124,1.932,-0.431,0.325,1.017,0.581,1.379,-36.487,26.45,5,8,87,1,"",160.412,14.211,12.949,0,0,2,"=","=","=","=","=","=","=","=","=",8,L,"Sabo_10",185.3,88,0.452,,25,W,Y,0,,,,,,,,,,,,,,,,,,,,,,,,,,,,,0,0,,,,,,,,,,,,,,,,,,,,,,,,,,,,,,,,,,,,,,0.233,-37.414,0.005,-17.818,-21.427,-46.725,-16.784,-62.188,20.729,-47.674,15.025,-63.981,44.408,-96.822,-0.122,-114.037,-48.044,-95.939,,,,"",,,,"",,,,"",,,,"",,,,"",,,,"",,,,"",,,,"",,,,3245.962,-0.036,-36.706,,,,,,,,,,,,,,,,,,,,,,,,,,,,,,,,,,,,,,,,,,,,,,,,,,,,"",0,,,,,,,,,,,,,0,"",,,,0,""
63,,3,1,3,1,2,0,1,0,0,0,255,255,255,36,3258.944,"DoYaGee",R,3,60,105,-1.026,-0.837,0.271,0.945,0.329,1.138,-36.487,36.625,0,7,93,0,"",-400.472,0,24.046,0,0,2,"=","=","=","=","=","=","=","=","=",8,L,"Sabo_10",185.3,88,0.452,,25,W,Y,0,,,,,,,,,,,,,,,,,,,,,,,,,,,,,0,0,,,,,,,,,,,,,,,,,,,,,,,,,,,,,,,,,,,,,,0.177,-37.613,-0.041,-17.831,-22.026,-46.978,-16.558,-62.501,20.296,-47.531,14.635,-64.246,47.525,-99.929,2.214,-114.243,-46.756,-95.803,,,,"",,,,"",,,,"",,,,"",,,,"",,,,"",,,,"",,,,"",,,,3262.797,-0.149,-36.923,,,,,,,,,,,,,,,,,,,,,,,,,,,,,,,,,,,,,,,,,,,,,,,,,,,,"",0,,,,,,,,,,,,,0,"",,,,0,""
64,,3,1,3,1,2,1,1,0,0,0,255,255,255,37,3277.207,"DoYaGee",R,33,64,118,1.196,-0.11,0.272,1.098,0.336,1.648,-36.487,20.178,5,9,86,2,"",106.396,70.696,12.824,0,0,2,"=","=","=","=","=","=","=","=","=",8,L,"Sabo_10",185.3,88,0.452,5,25,W,Y,1,3278.143,206,74,141,91,42,,145,130,34.2,-36.254,0.223,0.941,-20.147,0.3,0,0.435,526.81,-237.53,76.913,3209.667,78.407,-111.242,,,,,,0,0,,3283.976,3288.391,3293.387,3298.458,,,,,,,,,,,,,,,,,,,,,,,,,,,,,,,,,0.193,-37.703,-0.02,-17.787,-21.878,-47.749,-16.537,-62.561,20.312,-47.393,14.291,-64.228,48.153,-100.959,1.849,-114.575,-46.872,-95.975,-0.022,-36.812,,"encounter v",-0.026,-17.808,,"쟈가리코",-21.516,-47.563,,"muyang_",-16.641,-62.39,,"わだ、、",20.084,-47.479,,"shimenawa",14.561,-63.944,,"yumi2012",48.154,-100.961,,"ByeolBam",1.848,-114.568,,"ddil_ddil69",-46.846,-95.937,,,,,,,,,,,,,,,,,,,,,,,,,,,,,,,,,,,,,,,,,,,,,,,,,,,,,,,,"",4,-36.552,-36.552,-12.442,0,2,0.39,73.941,63.591,0.115,74.705,0.067,-66.185,0,"",3288.391,3293.387,,0,""
65,,3,1,4,1,0,0,1,0,0,0,255,255,255,0,3488.697,"わだ、、",R,26,84,136,0.291,1.386,0.215,1.79,0.07,2.307,-36.389,33.804,100,0,0,1,"",36.975,-200,1.384,0,0,3,"=","=","=","=","=","=","=","=","=",2,L,"Fresh825",190,80,0.2,,24,W,Y,0,,,,,,,,,,,,,,,,,,,,,,,,,,,,,0,0,,,,,,,,,,,,,,,,,,,,,,,,,,,,,,,,,,,,,,0.051,-37.884,-0.043,-17.741,-21.704,-47.298,-16.313,-62.718,21.38,-45.305,14.785,-64.363,48.666,-100.629,0.144,-112.361,-47.125,-96.08,,,,"",,,,"",,,,"",,,,"",,,,"",,,,"",,,,"",,,,"",,,,,,,,,,,,,,,,,,,,,,,,,,,,,,,,,,,,,,,,,,,,,,,,,,,,,,,,,,"",0,,,,,,,,,,,,,0,"",,,,0,""
66,,3,1,4,1,1,0,1,0,0,0,255,255,255,1,3502.886,"わだ、、",R,13,78,104,-2.146,-0.433,0.119,1.819,-0.252,1.802,-36.389,21.745,100,0,0,1,"",-353.491,331.98,-7.051,0,0,3,"=","=","=","=","=","=","=","=","=",2,L,"Fresh825",190,80,0.2,,24,W,Y,0,,,,,,,,,,,,,,,,,,,,,,,,,,,,,0,0,,,,,,,,,,,,,,,,,,,,,,,,,,,,,,,,,,,,,,0.096,-37.81,-0.059,-17.678,-20.654,-45.841,-16.523,-62.717,21.069,-46.129,13.892,-64.349,48.638,-100.763,0.09,-112.195,-47.455,-95.933,,,,"",,,,"",,,,"",,,,"",,,,"",,,,"",,,,"",,,,"",,,,,,,,,,,,,,,,,,,,,,,,,,,,,,,,,,,,,,,,,,,,,,,,,,,,,,,,,,"",0,,,,,,,,,,,,,0,"",,,,0,""
67,,3,1,4,1,2,0,1,0,0,0,255,255,255,2,3518.898,"わだ、、",R,26,85,138,-0.673,0.629,0.139,1.655,-0.283,1.836,-36.389,21.881,100,0,0,0,"",-10.932,-200,8.187,0,0,3,"=","=","=","=","=","=","=","=","=",2,L,"Fresh825",190,80,0.2,,24,W,Y,0,,,,,,,,,,,,,,,,,,,,,,,,,,,,,0,0,,,,,,,,,,,,,,,,,,,,,,,,,,,,,,,,,,,,,,0.023,-37.751,-0.041,-17.733,-20.266,-45.822,-16.587,-62.571,22.489,-46.86,14.757,-64.742,48.629,-100.737,0.191,-112.237,-47.476,-95.891,,,,"",,,,"",,,,"",,,,"",,,,"",,,,"",,,,"",,,,"",,,,,,,,,,,,,,,,,,,,,,,,,,,,,,,,,,,,,,,,,,,,,,,,,,,,,,,,,,"",0,,,,,,,,,,,,,0,"",,,,0,""
68,,3,1,4,1,2,1,1,0,0,0,255,255,255,3,3536.267,"わだ、、",R,0,90,125,0.791,-0.365,0.308,1.472,0.335,1.38,-36.389,19.496,70,30,0,2,"",0,0,7.941,0,0,3,"=","=","=","=","=","=","=","=","=",2,L,"Fresh825",190,80,0.2,5,24,W,Y,1,3537.308,180,132,131,132,120,,145,131,25.765,-1.296,0.143,0.862,-20.145,0.64,0,0.186,497.576,-229.289,-244.632,3464.75,10.773,-142.628,,,,,,0,0,,3542.805,3547.392,3552.587,3557.786,,,,,,,,,,,,,,,,,,,,,,,,,,,,,,,,,0.115,-37.862,0.004,-17.751,-20.413,-46.33,-16.765,-62.644,21.828,-46.89,13.486,-65.175,48.897,-101.695,0.16,-112.306,-47.651,-95.726,-0.005,-36.483,,"encounter v",0.026,-17.813,,"쟈가리코",-20.134,-46.27,,"muyang_",-16.814,-62.565,,"DoYaGee",21.545,-46.9,,"shimenawa",13.302,-64.975,,"yumi2012",48.893,-101.715,,"ByeolBam",0.163,-112.304,,"ddil_ddil69",-47.574,-95.579,,,,,,,,,,,,,,,,,,,,,,,,,,,,,,,,,,,,,,,,,,,,,,,,,,,,,,,,"",4,-0.715,-0.715,0.942,0,2,0.221,79.327,34.127,-3.873,78.825,0.065,-9.634,0,"",3547.392,3552.587,,0,""
69,,3,1,5,1,0,0,1,0,0,0,255,255,255,4,3578.919,"わだ、、",R,26,94,140,-1.868,-0.82,0.033,1.398,-0.777,0.951,-36.389,5.384,49,51,0,1,"",-28.925,-200,17.236,0,0,4,"=","=","=","=","=","=","=","=","=",6,L,"하루（Haru）",174.9,85.172,0.403,,24,W,Y,0,,,,,,,,,,,,,,,,,,,,,,,,,,,,,0,0,,,,,,,,,,,,,,,,,,,,,,,,,,,,,,,,,,,,,,0.128,-38.019,-0.025,-17.783,-21.728,-47.996,-16.908,-62.636,22.26,-45.622,13.867,-64.52,46.1,-98.689,-0.004,-115.386,-45.73,-96.272,,,,"",,,,"",,,,"",,,,"",,,,"",,,,"",,,,"",,,,"",,,,,,,,,,,,,,,,,,,,,,,,,,,,,,,,,,,,,,,,,,,,,,,,,,,,,,,,,,"",0,,,,,,,,,,,,,0,"",,,,0,""
70,,3,1,5,1,1,0,1,0,0,0,255,255,255,5,3593.274,"わだ、、",R,26,88,140,-1.656,-0.384,0.048,1.47,-0.705,1.201,-36.389,9.3,70,30,0,1,"",-13.839,-200,10.247,0,0,4,"=","=","=","=","=","=","=","=","=",6,L,"하루（Haru）",174.9,85.172,0.403,,24,W,Y,0,,,,,,,,,,,,,,,,,,,,,,,,,,,,,0,0,,,,,,,,,,,,,,,,,,,,,,,,,,,,,,,,,,,,,,0.078,-37.818,-0.021,-17.792,-21.4,-47.769,-16.764,-62.651,22.335,-46.089,14.093,-64.657,46.109,-98.664,0.359,-115.813,-45.62,-96.325,,,,"",,,,"",,,,"",,,,"",,,,"",,,,"",,,,"",,,,"",,,,,,,,,,,,,,,,,,,,,,,,,,,,,,,,,,,,,,,,,,,,,,,,,,,,,,,,,,"",0,,,,,,,,,,,,,0,"",,,,0,""
71,,3,1,5,1,2,0,1,0,0,0,255,255,255,6,3609.117,"わだ、、",R,26,90,140,-1.479,0.008,0.059,1.486,-0.654,1.43,-36.389,14.109,70,30,0,1,"",5.687,-200,3.098,0,0,4,"=","=","=","=","=","=","=","=","=",6,L,"하루（Haru）",174.9,85.172,0.403,,24,W,Y,0,,,,,,,,,,,,,,,,,,,,,,,,,,,,,0,0,,,,,,,,,,,,,,,,,,,,,,,,,,,,,,,,,,,,,,0.002,-37.872,-0.032,-17.778,-21.747,-47.608,-15.94,-63.279,22.225,-46.257,13.385,-64.809,45.992,-98.738,0.349,-115.803,-45.721,-96.169,,,,"",,,,"",,,,"",,,,"",,,,"",,,,"",,,,"",,,,"",,,,,,,,,,,,,,,,,,,,,,,,,,,,,,,,,,,,,,,,,,,,,,,,,,,,,,,,,,"",0,,,,,,,,,,,,,0,"",,,,0,""
72,,3,1,5,1,3,0,1,0,0,0,255,255,255,7,3629.238,"わだ、、",R,13,67,96,-1.374,0.385,0.312,2.036,0.103,2.382,-36.389,52.385,100,0,0,0,"",-329.3,328.067,-11.13,0,0,4,"=","=","=","=","=","=","=","=","=",6,L,"하루（Haru）",174.9,85.172,0.403,,24,W,Y,0,,,,,,,,,,,,,,,,,,,,,,,,,,,,,0,0,,,,,,,,,,,,,,,,,,,,,,,,,,,,,,,,,,,,,,0.128,-37.954,0.003,-17.76,-21.459,-47.785,-16.264,-63.063,22.311,-47.505,13.176,-64.798,45.994,-98.735,0.243,-115.662,-45.72,-96.157,,,,"",,,,"",,,,"",,,,"",,,,"",,,,"",,,,"",,,,"",,,,,,,,,,,,,,,,,,,,,,,,,,,,,,,,,,,,,,,,,,,,,,,,,,,,,,,,,,"",0,,,,,,,,,,,,,0,"",,,,0,""
73,,3,1,5,1,3,1,1,0,0,0,255,255,255,8,3643.263,"わだ、、",R,3,73,103,-0.385,0.873,0.371,1.784,0.529,2.202,-36.389,44.618,100,0,0,0,"",-360.837,51.432,-16.224,0,0,4,"=","=","=","=","=","=","=","=","=",6,L,"하루（Haru）",174.9,85.172,0.403,,24,W,Y,0,,,,,,,,,,,,,,,,,,,,,,,,,,,,,0,0,,,,,,,,,,,,,,,,,,,,,,,,,,,,,,,,,,,,,,0.137,-38.037,-0.012,-17.765,-21.852,-48.015,-16.437,-62.827,21.835,-47.428,13.546,-64.968,45.996,-98.736,0.328,-115.72,-45.722,-96.181,,,,"",,,,"",,,,"",,,,"",,,,"",,,,"",,,,"",,,,"",,,,,,,,,,,,,,,,,,,,,,,,,,,,,,,,,,,,,,,,,,,,,,,,,,,,,,,,,,"",0,,,,,,,,,,,,,0,"",,,,0,""
74,,3,1,5,1,3,2,1,0,0,0,255,255,255,9,3659.899,"わだ、、",R,26,90,140,1.617,1.112,0.334,1.667,0.625,2.066,-36.389,38.119,100,0,0,2,"",52.517,-200,-6.057,0,0,4,"=","=","=","=","=","=","=","=","=",6,L,"하루（Haru）",174.9,85.172,0.403,5,24,W,Y,1,3661.017,255,143,72,52,43,,139,129,27.089,-20.49,0.299,1.301,-20.499,0.37,0,0.241,422.452,-385.651,150.585,3584.067,52.547,-129.389,,,,,,0,0,,3666.277,3670.628,3675.517,3680.676,,,,,,,,,,,,,,,,,,,,,,,,,,,,,,,,,0.084,-37.996,-0.01,-17.76,-20.863,-46.857,-16.687,-62.851,23.059,-46.78,13.906,-64.853,46.515,-98.476,0.335,-115.723,-45.71,-96.166,-0.37,-36.663,,"encounter v",-0.002,-17.795,,"쟈가리코",-20.689,-46.87,,"muyang_",-16.701,-62.828,,"DoYaGee",22.719,-47.264,,"shimenawa",14.168,-64.439,,"yumi2012",46.541,-98.501,,"ByeolBam",0.331,-115.732,,"ddil_ddil69",-45.658,-95.979,,,,,,,,,,,,,,,,,,,,,,,,,,,,,,,,,,,,,,,,,,,,,,,,,,,,,,,,"",4,-20.504,-20.504,-1.048,0,0,1,45.671,45.671,43.536,45.671,0,-23.672,0,"",3670.628,3675.517,,0,""
75,,3,1,6,1,0,0,1,0,0,0,255,255,255,10,3710.802,"わだ、、",R,13,61,92,-1.215,0.569,0.275,2.086,0.188,2.497,-36.389,67.893,100,0,0,0,"",-322.377,318.478,-15.833,-0.68,-15.068,5,"=","=","=","=","=","=","=","=","=",5,L,"schmoneymikey",175.1,80,0.35,,24,W,Y,0,,,,,,,,,,,,,,,,,,,,,,,,,,,,,0,0,,,,,,,,,,,,,,,,,,,,,,,,,,,,,,,,,,,,,,0.132,-38.005,-0.073,-17.888,-22.154,-48.301,-16.557,-62.745,22.851,-47.957,14.383,-63.486,45.225,-96.607,0.302,-114.261,-46.473,-97.199,,,,"",,,,"",,,,"",,,,"",,,,"",,,,"",,,,"",,,,"",,,,,,,,,,,,,,,,,,,,,,,,,,,,,,,,,,,,,,,,,,,,,,,,,,,,,,,,,,"",0,,,,,,,,,,,,,0,"",,,,0,""
76,,3,1,6,1,0,1,1,0,0,0,255,255,255,11,3771.572,"わだ、、",R,26,84,137,-0.082,1.213,0.186,1.684,-0.067,2.123,-36.389,26.893,100,0,0,4,"",18.893,-200,0.994,0,0,5,"=","=","=","=","=","=","=","=","=",5,L,"schmoneymikey",175.1,80,0.35,,23,W,Y,1,,,,,,,,,,,,,,,,,,,,,,,,,,,,,0,0,,,,,,,,,,,,,,,,,,,,,,,,,,,,,,,,,,,,,,0.039,-37.818,-0.033,-17.904,-21.935,-48.737,-16.656,-62.834,23.521,-48.241,13.665,-64.733,44.763,-94.929,0.185,-114.162,-46.579,-97.151,,,,"",,,,"",,,,"",,,,"",,,,"",,,,"",,,,"",,,,"",,,,,,,,,,,,,,,,,,,,,,,,,,,,,,,,,,,,,,,,,,,,,,,,,,,,,,,,,,"",0,,,,,,,,,,,,,0,"",,,,0,""
77,,3,1,6,1,0,2,1,0,0,0,255,255,255,12,3787.781,"わだ、、",R,10,93,117,-1.366,-2.447,0.008,1.342,-0.595,0.699,-36.389,8.899,54,46,0,1,"",0,400,14.233,-0.261,-19.934,5,"=","=","=","=","=","=","=","=","=",5,L,"schmoneymikey",175.1,80,0.35,,23,W,Y,0,,,,,,,,,,,,,,,,,,,,,,,,,,,,,0,0,,,,,,,,,,,,,,,,,,,,,,,,,,,,,,,,,,,,,,0.016,-37.966,-0.058,-17.923,-21.578,-48.546,-16.805,-62.542,23.706,-49.027,13.643,-64.761,44.607,-94.898,0.27,-114.229,-46.606,-97.137,,,,"",,,,"",,,,"",,,,"",,,,"",,,,"",,,,"",,,,"",,,,,,,,,,,,,,,,,,,,,,,,,,,,,,,,,,,,,,,,,,,,,,,,,,,,,,,,,,"",0,,,,,,,,,,,,,0,"",,,,0,""
78,,3,1,6,1,1,2,1,0,0,0,255,255,255,13,3802.173,"わだ、、",R,26,93,140,-1.071,-1.202,0.102,1.486,-0.455,0.725,-36.389,12.017,52,48,0,2,"",-11.541,-200,11.22,0,0,5,"=","=","=","=","=","=","=","=","=",5,L,"schmoneymikey",175.1,80,0.35,3,23,W,Y,0,3803.297,142,92,108,60,0,,143,108,25.211,-42.594,-0.21,0.504,-19.819,0.85,0,0.281,189.623,-190.213,221.044,3722.067,68.091,-88.768,3723.517,6,70.539,0.082,-92.434,1,0,,3808.787,3813.134,,,,,,,,,,,,,,,,,,,,,,,,,,,,,,,,,,,0.064,-37.95,-0.049,-17.911,-21.526,-48.786,-16.7,-62.588,22.636,-47.451,13.726,-64.543,44.791,-94.788,0.276,-114.229,-46.6,-97.122,0.003,-36.548,,"encounter v",-0.123,-17.987,,"쟈가리코",-21.229,-48.851,,"muyang_",-16.588,-62.337,,"DoYaGee",22.393,-47.714,,"shimenawa",13.118,-64.603,65,"yumi2012",44.789,-94.781,112,"ByeolBam",0.272,-114.236,,"ddil_ddil69",-46.558,-97.184,,3821.022,0.352,-40.467,,,,,,,,,,,,,3814.263,12.891,-66.793,3810.143,69.83,-92.207,,,,,,,,,,,,,,,,,,,,,,3819.483,8.968,-60.262,3812.073,58.142,-89.859,,,,,,,"",2,,,,,,,,,,,,,0,"yumi2012",3813.134,,,132,""
79,,3,1,6,1,0,0,1,0,1,0,255,5,255,14,3837.6,"わだ、、",R,26,88,140,0.89,0.44,0.285,1.571,0.396,1.722,-36.389,21.173,100,0,0,0,"",-12.959,-200,2.232,0,0,6,"=","=","=","=","=","=","=","=","=",1,R,"_AKASATA_",190,85.821,0.397,,23,W,Y,0,,,,,,,,,,,,,,,,,,,,,,,,,,,,,0,0,,,,,,,,,,,,,3853.249,,,,,,,,,,,,,,,,,,,,,,,,,0.114,-37.765,-0.053,-17.716,-22.18,-47.578,-14.702,-61.416,21.365,-45.398,5.391,-64.717,45.773,-97.615,-0.171,-114.66,-47.393,-96.62,,,,"",,,,"",,,,"",,,,"",,,,"",,,,"",,,,"",,,,"",,,,3841.59,-0.093,-37.479,,,,,,,,,,,,,,,,,,,,,,,,,,,,,,,,,,,,,,,,,,,,,,,,,,,,"",0,,,,,,,,,,,,,0,"",3840.223,,,0,""
80,,3,1,6,1,0,1,1,0,1,0,255,5,255,15,3856.368,"わだ、、",R,26,84,137,0.994,0.577,0.305,1.596,0.49,1.804,-36.389,25.243,100,0,0,2,"",-48.994,-200,2.03,0,0,6,"=","=","=","=","=","=","=","=","=",1,R,"_AKASATA_",190,85.821,0.397,3,23,W,Y,1,3857.121,174,86,97,48,30,,145,87,0.476,12.423,-0.076,1.27,-20.166,-1,0,0.244,378.17,114.926,-197.604,3770.067,-4.724,-40.689,3771.433,3,-8.463,0.057,-60.838,0,0,,3863.205,,,,,,,3861.508,,,,,,3862.541,6,,147,256,,,,,,,,,,,,,,,,,,,0.104,-37.74,-0.016,-17.673,-22.437,-48.314,-16.611,-62.453,21.012,-45.107,3.972,-63.263,45.704,-97.649,-0.002,-114.735,-47.393,-96.585,-0.172,-36.87,,"encounter v",-0.02,-17.688,,"쟈가리코",-22.285,-48.181,75,"muyang_",-16.483,-62.305,105,"DoYaGee",20.786,-45.702,,"shimenawa",8.595,-64.125,,"yumi2012",45.71,-97.653,,"ByeolBam",-0.009,-115.11,,"ddil_ddil69",-47.382,-96.565,,3866.44,-3.074,-39.493,,,,3861.931,-18.878,-41.04,3859.651,-9.231,-62.303,,,,,,,,,,,,,,,,,,,,,,3865.498,-17.484,-40.437,3860.947,-10.092,-56.914,,,,,,,,,,,,,,,,"",2,,,,,,,,,,,,,0,"muyang_",,3861.508,,258,""
81,,3,1,6,1,0,0,2,0,0,1,255,255,5,16,3887.714,"わだ、、",R,26,84,136,0.878,0.411,0.281,1.551,0.377,1.658,-36.389,18.992,100,0,0,2,"",-2.64,-200,2.785,0,0,7,"=","=","=","=","=","=","=","=","=",7,R,"うよすま",175.4,80,0.5,5,23,W,Y,1,3888.753,255,149,162,135,8,,145,98,10.864,-51.185,0.163,1.082,-20.556,0.97,0,0.365,102.551,163.925,544.75,3802.667,51.891,-64.478,,,,,,0,0,,,,,,,,,,,,,,3911.357,,,,,,,,,,,,,,,,,,,,,,,,0.08,-37.693,-0.012,-17.826,-23.029,-49.408,-16.648,-62.383,20.646,-42.66,11.799,-65.159,42.136,-92.717,0.071,-111.105,-49.226,-98.448,0.198,-36.502,,"encounter v",-0.009,-17.927,,"쟈가리코",-22.307,-48.29,,"muyang_",-17.302,-63.612,,"DoYaGee",20.592,-45.802,,"shimenawa",12.342,-64.914,,"yumi2012",42.14,-92.723,,"ByeolBam",0.082,-111.117,,"ddil_ddil69",-49.233,-98.395,,,,,,,,,,,,,,,,,,,,,,,,,,,,,,,,,,,,,,,,,,,,,,,,,,,,,,,,"",3,-50.75,-50.75,-10.861,0,0,1,10.864,10.864,22.44,10.864,0,-59.4,0,"",,3892.901,,0,""
82,,3,1,6,1,0,1,2,0,0,1,255,255,5,17,3911.876,"わだ、、",R,10,88,114,1.471,-0.554,0.403,1.813,0.629,1.801,-36.389,37.477,100,0,0,2,"",0,400,1.348,0,0,7,"=","=","=","=","=","=","=","=","=",7,R,"うよすま",175.4,80,0.5,0,44,W,Y,1,3912.964,193,127,44,46,0,,133,112,7.091,27.308,0.266,0.658,-19.699,0.15,0,0.34,261.159,215.129,-130.25,,,,3824.866,3,-19.611,1.666,-56.618,0,0,,,,,,,,,,,,,,,3914.828,7,,452,0,,,,,,,,,,,,,,,,,,,0.167,-37.86,-0.025,-17.817,-22.337,-47.569,-16.388,-62.572,20.567,-41.993,13.119,-64.75,40.95,-90.991,-0.102,-111.751,-48.902,-97.457,0.266,-36.615,,"encounter v",-0.011,-17.821,,"쟈가리코",-22.277,-47.572,,"muyang_",-16.318,-62.428,,"DoYaGee",19.668,-46.457,,"shimenawa",13.05,-64.808,,"yumi2012",40.949,-90.987,,"ByeolBam",-0.007,-111.808,,"ddil_ddil69",-48.765,-97.21,,,,,,,,,,,3914.843,-20.011,-57.92,,,,,,,,,,,,,,,,,,,,,,,,,,,,,,,,,,,,,,,,,,,"",1,,,,,,,,,,,,,0,"muyang_",,,,256,""
83,SIDE,3,1,6,1,0,0,2,0,0,1,255,255,5,,3917.629,,,,,,,,,,,,,,,,,,,,,,,,8,"=","=","=","=","=","=","=","=","=",,,,,,,,,,,,,,,,,,,,,,,,,,,,,,,,,,,,,,,0,0,,,,,,,,,,,,,,,,,,,,,,,,,,,,,,,,,,,,,,,,,,,,,,,,,,,,,,,,,,,,,,,,,,,,,,,,,,,,,,,,,,,,,,,,,,,,,,,,,,,,,,,,,,,,,,,,,,,,,,,,,,,,,,,,,,,,,,,,,,,,,,,,,"",0,,,,,,,,,,,,,0,"",,,,0,""
84,,3,0,6,1,0,0,0,0,0,0,255,255,255,23,3963.629,"しろくま。",R,26,76,127,1.646,2.37,0.354,1.715,0.48,2.802,-36.454,25.522,87,13,0,1,"",150.27,-176.821,0,0,0,0,"ByeolBam","쟈가리코","shimenawa","encounter v","_송글_","DoYaGee","ddil_ddil69","yumi2012","muyang_",7,R,"ByeolBam",175.3,88,0.5,,23,W,Y,0,,,,,,,,,,,,,,,,,,,,,,,,,,,,,0,0,,,,,,,,,,,,,,,,,,,,,,,,,,,,,,,,,,,,,,0.063,-38.268,-0.004,-17.382,-21.989,-46.394,-16.212,-63.004,24.41,-51.317,8.422,-66.035,46.541,-103.8,-4.43,-116.467,-42.631,-97.021,,,,"",,,,"",,,,"",,,,"",,,,"",,,,"",,,,"",,,,"",,,,,,,,,,,,,,,,,,,,,,,,,,,,,,,,,,,,,,,,,,,,,,,,,,,,,,,,,,"",0,,,,,,,,,,,,,0,"",,,,0,""
85,,3,0,6,1,1,0,0,0,0,0,255,255,255,24,3976.956,"しろくま。",R,13,74,113,-0.712,1.36,0.321,1.708,0.298,2.878,-36.454,27.538,89,11,0,1,"",-352.552,354.552,0,0,0,0,"=","=","=","=","=","=","=","=","=",7,R,"ByeolBam",175.3,88,0.5,,23,W,Y,0,,,,,,,,,,,,,,,,,,,,,,,,,,,,,0,0,,,,,,,,,,,,,,,,,,,,,,,,,,,,,,,,,,,,,,-0.002,-38.276,0.053,-17.363,-22.61,-47.225,-16.461,-62.84,24.3,-51.005,8.202,-65.502,48.847,-106.081,-3.582,-116.748,-42.934,-98.038,,,,"",,,,"",,,,"",,,,"",,,,"",,,,"",,,,"",,,,"",,,,,,,,,,,,,,,,,,,,,,,,,,,,,,,,,,,,,,,,,,,,,,,,,,,,,,,,,,"",0,,,,,,,,,,,,,0,"",,,,0,""
86,,3,0,6,1,2,0,0,0,0,0,255,255,255,25,3993.149,"しろくま。",R,13,77,114,1.143,0.041,0.449,1.464,1.16,2.054,-36.454,15.772,41,59,0,0,"",-390.434,312.348,0,0,0,0,"=","=","=","=","=","=","=","=","=",7,R,"ByeolBam",175.3,88,0.5,,23,W,Y,0,,,,,,,,,,,,,,,,,,,,,,,,,,,,,0,0,,,,,,,,,,,,,,,,,,,,,,,,,,,,,,,,,,,,,,0.113,-38.27,-0.019,-17.191,-22.552,-47.101,-16.41,-62.475,24.456,-50.838,8.598,-66.255,49.713,-106.981,-2.544,-115.902,-42.504,-96.569,,,,"",,,,"",,,,"",,,,"",,,,"",,,,"",,,,"",,,,"",,,,,,,,,,,,,,,,,,,,,,,,,,,,,,,,,,,,,,,,,,,,,,,,,,,,,,,,,,"",0,,,,,,,,,,,,,0,"",,,,0,""
87,,3,0,6,1,2,1,0,0,0,0,255,255,255,26,4014.237,"しろくま。",R,26,89,140,1.022,0.499,0.248,1.369,0.223,1.723,-36.454,2.426,65,35,0,0,"",161.485,-200,0,0,0,0,"=","=","=","=","=","=","=","=","=",7,R,"ByeolBam",175.3,88,0.5,,23,W,Y,0,,,,,,,,,,,,,,,,,,,,,,,,,,,,,0,0,,,,,,,,,,,,,,,,,,,,,,,,,,,,,,,,,,,,,,0.167,-38.367,0.063,-17.236,-22.265,-47.516,-16.122,-62.72,24.289,-50.794,7.961,-66.394,45.982,-107.107,-2.995,-117.666,-43.518,-96.812,,,,"",,,,"",,,,"",,,,"",,,,"",,,,"",,,,"",,,,"",,,,,,,,,,,,,,,,,,,,,,,,,,,,,,,,,,,,,,,,,,,,,,,,,,,,,,,,,,"",0,,,,,,,,,,,,,0,"",,,,0,""
88,,3,0,6,1,2,2,0,0,0,0,255,255,255,27,4031.256,"しろくま。",R,10,61,94,0.074,-1.053,0.208,1.374,0.026,1.71,-36.454,7.255,41,59,0,2,"",0,400,0,0,0,0,"=","=","=","=","=","=","=","=","=",7,R,"ByeolBam",175.3,88,0.5,0,70,W,Y,1,4032.371,156,157,69,52,33,,137,131,5.63,21.259,0.018,0.659,-20.827,0.35,0,0.359,337.686,461.31,-97.01,,,,3939.667,3,-17.629,2.183,-61.803,0,0,,,,,,,,,,,,,,,4034.211,0,,452,0,,,,,,,,,,,,,,,,,,,0.049,-38.212,0.162,-17.188,-22.306,-47.447,-16.577,-62.606,24.256,-50.895,9.5,-65.234,42.254,-98.19,-0.562,-116.055,-44.656,-98.025,0.249,-36.672,,"_AKASATA_",0.185,-17.223,,"Fresh825",-22.305,-47.115,,"Dοpi",-16.796,-63.411,85,"Muna_328",24.279,-50.737,,"schmoneymikey",9.096,-65.05,,"하루（Haru）",41.392,-99.31,,"うよすま",-2.17,-115.957,,"Sabo_10",-44.856,-97.939,,4038.379,-0.238,-40.771,,,,,,,4034.231,-18.409,-63.556,,,,,,,,,,,,,,,,,,,,,,,,,4036.985,-15.541,-58.781,,,,,,,,,,,,,,,,"",1,,,,,,,,,,,,,0,"Dοpi",,,,256,""
89,,3,0,6,1,0,0,1,0,0,0,255,255,255,28,4056.408,"しろくま。",R,26,78,128,1.415,1.963,0.318,1.715,0.446,2.661,-36.454,36.746,83,17,0,1,"",107.859,-200,0,0,0,1,"=","=","=","=","=","=","=","=","=",2,L,"쟈가리코",190,82,0.501,,23,W,Y,0,,,,,,,,,,,,,,,,,,,,,,,,,,,,,0,0,,,,,,,,,,,,,,,,,,,,,,,,,,,,,,,,,,,,,,-0.059,-38.206,-0.184,-17.146,-20.242,-48.678,-12.367,-64.99,24.908,-49.867,13.443,-63.371,44.049,-106.684,7.945,-124.563,-38.609,-107.919,,,,"",,,,"",,,,"",,,,"",,,,"",,,,"",,,,"",,,,"",,,,4061.301,-0.084,-37.97,,,,,,,,,,,,,,,,,,,,,,,,,,,,,,,,,,,,,,,,,,,,,,,,,,,,"",0,,,,,,,,,,,,,0,"",,,,0,""
90,,3,0,6,1,1,0,1,0,0,0,255,255,255,29,4070.624,"しろくま。",R,26,96,140,-1.033,-0.614,0.05,1.169,-0.697,1.069,-36.454,17.655,46,54,0,0,"",184.638,-200,0,0,0,1,"=","=","=","=","=","=","=","=","=",2,L,"쟈가리코",190,82,0.501,,23,W,Y,0,,,,,,,,,,,,,,,,,,,,,,,,,,,,,0,0,,,,,,,,,,,,,,,,,,,,,,,,,,,,,,,,,,,,,,0.093,-38.196,-0.157,-17.024,-20.431,-48.793,-12.873,-64.822,24.79,-49.633,13.108,-63.746,44.033,-106.887,5.358,-124.84,-36.943,-109.15,,,,"",,,,"",,,,"",,,,"",,,,"",,,,"",,,,"",,,,"",,,,4076.149,-0.138,-38.417,,,,,,,,,,,,,,,,,,,,,,,,,,,,,,,,,,,,,,,,,,,,,,,,,,,,"",0,,,,,,,,,,,,,0,"",,,,0,""
91,,3,0,6,1,1,1,1,0,0,0,255,255,255,30,4085.709,"しろくま。",R,10,61,106,-2.638,-1.146,-0.051,1.429,-1.21,1.446,-36.454,9.443,40,60,0,1,"",33.258,400,0,0,0,1,"=","=","=","=","=","=","=","=","=",2,L,"쟈가리코",190,82,0.501,,23,W,Y,0,,,,,,,,,,,,,,,,,,,,,,,,,,,,,0,0,,,,,,,,,,,,,,,,,,,,,,,,,,,,,,,,,,,,,,-0.149,-38.317,-0.205,-17.094,-20.592,-48.722,-13.181,-64.207,24.625,-49.606,13.026,-63.821,44.038,-106.901,5.139,-124.479,-37.119,-109.908,,,,"",,,,"",,,,"",,,,"",,,,"",,,,"",,,,"",,,,"",,,,4091.261,-0.131,-38.47,,,,,,,,,,,,,,,,,,,,,,,,,,,,,,,,,,,,,,,,,,,,,,,,,,,,"",0,,,,,,,,,,,,,0,"",,,,0,""
92,,3,0,6,1,2,1,1,0,0,0,255,255,255,31,4101.86,"しろくま。",R,13,78,115,-1.088,0.218,0.236,1.504,0.166,2.154,-36.454,14.581,40,60,0,2,"",-377.916,327.383,0,0,0,1,"=","=","=","=","=","=","=","=","=",2,L,"쟈가리코",190,82,0.501,0,23,W,Y,1,4102.961,255,115,81,99,30,,145,92,-15.937,-9.034,-0.185,1.129,-20.705,1,0,0.577,-325.937,-277.77,79.594,4007.567,0.388,-24.233,4009.817,5,5.854,0.059,-60.097,0,0,,4108.213,,,,,,,,,,,,,4108.264,1,,147,32,,,,,,,,,,,,,,,,,,,0.025,-38.368,-0.07,-17.17,-20.631,-48.689,-12.772,-64.428,24.832,-49.505,13.239,-63.721,44.08,-106.788,3.558,-123.935,-36.794,-109.392,0.229,-36.856,,"_AKASATA_",-0.054,-17.192,,"Fresh825",-20.384,-48.533,69,"Dοpi",-12.755,-65.532,,"Muna_328",24.65,-49.464,,"schmoneymikey",13.236,-63.711,89,"하루（Haru）",44.085,-106.798,,"うよすま",3.498,-123.874,,"Sabo_10",-37.183,-109.284,,4112.196,-0.83,-39.986,,,,4107.56,-18.085,-40.365,,,,,,,4105.202,6.29,-60.591,,,,,,,,,,,,,,,,4110.974,-17.68,-40.131,,,,,,,4106.01,3.178,-57.439,,,,,,,,,,"",2,,,,,,,,,,,,,0,"schmoneymikey",,,,40,""
93,,3,0,6,1,0,0,2,0,0,0,255,255,255,32,4129.083,"しろくま。",R,26,84,136,-0.52,0.239,0.151,1.325,-0.226,1.568,-36.454,7.46,45,55,0,0,"",-4.318,-200,0,0,0,2,"=","=","=","=","=","=","=","=","=",5,L,"shimenawa",175.4,94.576,0.295,,104,W,Y,0,,,,,,,,,,,,,,,,,,,,,,,,,,,,,0,0,,,,,,,,,,,,,,,,,,,,,,,,,,,,,,,,,,,,,,-0.021,-38.373,-0.109,-17.062,-20.351,-47.957,-10.954,-65.519,24.73,-49.826,13.468,-63.881,45.216,-102.567,4.312,-118.765,-33.799,-98.002,,,,"",,,,"",,,,"",,,,"",,,,"",,,,"",,,,"",,,,"",,,,4133.949,-0.309,-38.197,,,,,,,,,,,,,,,,,,,,,,,,,,,,,,,,,,,,,,,,,,,,,,,,,,,,"",0,,,,,,,,,,,,,0,"",,,,0,""
94,,3,0,6,1,0,1,2,0,0,0,255,255,255,33,4143.631,"しろくま。",R,26,84,136,-1.576,-0.592,0.044,1.188,-0.723,1.087,-36.454,7.616,49,51,0,2,"",25.372,-200,0,0,0,2,"=","=","=","=","=","=","=","=","=",5,L,"shimenawa",175.4,94.576,0.295,0,104,W,Y,1,4144.687,131,72,82,47,0,,138,99,-30.42,11.093,-0.363,0.557,-19.683,-0.11,0,0.346,-361.231,131.516,71.164,4048.55,-0.529,-20.526,4050.933,3,-8.705,0.202,-62.052,0,0,,4149.935,,,,,,,,,,,,,4149.887,2,,147,256,,,,,,,,,,,,,,,,,,,-0.043,-38.43,-0.154,-17.07,-20.375,-47.914,-11.224,-65.356,24.929,-49.857,13.324,-64.095,50.415,-97.001,5.232,-116.417,-34.423,-99.38,0.059,-36.922,,"_AKASATA_",-0.161,-17.11,,"Fresh825",-20.219,-47.765,,"Dοpi",-11.522,-66.135,90,"Muna_328",25.006,-49.788,,"schmoneymikey",13.324,-64.104,,"하루（Haru）",50.429,-96.988,,"うよすま",5.176,-116.371,,"Sabo_10",-35.051,-98.669,,,,,,,,4149.199,-18.631,-40.554,4147.197,-9.041,-62.976,,,,,,,,,,,,,,,,,,,,,,,,,4148.052,-9.73,-58.543,,,,,,,,,,,,,,,,"",2,,,,,,,,,,,,,0,"Dοpi",,,,264,""
95,SIDE,3,0,6,1,0,0,2,0,0,0,255,255,255,,4152.239,,,,,,,,,,,,,,,,,,,,,,,,3,"=","=","=","=","=","=","=","=","=",,,,,,,,,,,,,,,,,,,,,,,,,,,,,,,,,,,,,,,0,0,,,,,,,,,,,,,,,,,,,,,,,,,,,,,,,,,,,,,,,,,,,,,,,,,,,,,,,,,,,,,,,,,,,,,,,,,,,,,,,,,,,,,,,,,,,,,,,,,,,,,,,,,,,,,,,,,,,,,,,,,,,,,,,,,,,,,,,,,,,,,,,,,"",0,,,,,,,,,,,,,0,"",,,,0,""
96,,4,1,6,1,0,0,0,0,0,0,255,255,255,18,4199.75,"わだ、、",R,26,93,140,0.287,-0.021,0.232,1.481,0.147,1.411,-36.389,14.538,70,30,0,0,"",-22.293,-200,5.455,0,0,8,"Muna_328","Megu3568","Sabo_10","Fresh825","하루（Haru）","schmoneymikey","_AKASATA_","うよすま","Dοpi",3,R,"Dοpi",175,90,0.35,,23,W,Y,0,,,,,,,,,,,,,,,,,,,,,,,,,,,,,0,0,,,,,,,,,,,,,,,,,,,,,,,,,,,,,,,,,,,,,,0.073,-37.633,0.007,-17.771,-22.735,-48.415,-16.848,-62.474,22.577,-47.687,12.13,-64.784,43.387,-93.728,-0.191,-111.471,-48.121,-96.404,,,,"",,,,"",,,,"",,,,"",,,,"",,,,"",,,,"",,,,"",,,,,,,,,,,,,,,,,,,,,,,,,,,,,,,,,,,,,,,,,,,,,,,,,,,,,,,,,,"",0,,,,,,,,,,,,,0,"",,,,0,""
97,,4,1,6,1,0,1,0,0,0,0,255,255,255,19,4215.587,"わだ、、",R,26,90,140,0.264,-0.356,0.209,1.426,0.042,1.217,-36.389,10.737,70,30,0,0,"",50.471,-200,2.719,0,0,8,"=","=","=","=","=","=","=","=","=",3,R,"Dοpi",175,90,0.35,,23,W,Y,0,,,,,,,,,,,,,,,,,,,,,,,,,,,,,0,0,,,,,,,,,,,,,,,,,,,,,,,,,,,,,,,,,,,,,,0.13,-37.862,-0.002,-17.746,-21.786,-47.525,-16.66,-62.517,22.988,-47.974,12.851,-65.15,43.319,-93.765,-0.363,-111.439,-47.826,-96.267,,,,"",,,,"",,,,"",,,,"",,,,"",,,,"",,,,"",,,,"",,,,,,,,,,,,,,,,,,,,,,,,,,,,,,,,,,,,,,,,,,,,,,,,,,,,,,,,,,"",0,,,,,,,,,,,,,0,"",,,,0,""
98,,4,1,6,1,0,2,0,0,0,0,255,255,255,20,4229.222,"わだ、、",R,26,94,140,0.576,0.285,0.239,1.531,0.183,1.587,-36.389,19.068,52,48,0,0,"",45.995,-200,-4.24,0,0,8,"=","=","=","=","=","=","=","=","=",3,R,"Dοpi",175,90,0.35,,23,W,Y,0,,,,,,,,,,,,,,,,,,,,,,,,,,,,,0,0,,,,,,,,,,,,,,,4231.686,8,,578,0,,,,,,,,,,,,,,,,,,,0.07,-37.851,-0.004,-17.784,-22.033,-47.259,-16.914,-62.52,22.691,-48.275,11.783,-65.49,43.332,-93.763,-0.367,-111.436,-47.775,-96.319,,,,"",,,,"",,,,"",,,,"",,,,"",,,,"",,,,"",,,,"",,,,,,,,,,,,,,,,,,,,,,,,,,,,,,,,,,,,,,,,,,,,,,,,,,,,,,,,,,"",0,,,,,,,,,,,,,0,"",,,,0,""
99,,4,1,6,1,0,0,1,0,0,0,255,255,255,21,4251.491,"わだ、、",R,27,80,131,3.785,1.499,0.542,1.788,1.589,2.425,-36.389,54.885,100,0,0,1,"",30.707,-138.589,-5.905,0,0,0,"=","=","=","=","=","=","=","=","=",4,R,"Muna_328",189.7,89.724,0.5,,22,W,Y,0,,,,,,,,,,,,,,,,,,,,,,,,,,,,,0,0,,,,,,,,,,,,,,,,,,,,,,,,,,,,,,,,,,,,,,0.132,-37.763,0.035,-17.694,-21.987,-47.771,-16.87,-62.557,23.055,-49.67,12.053,-65.291,43.334,-93.758,-0.342,-111.488,-49.547,-100.005,,,,"",,,,"",,,,"",,,,"",,,,"",,,,"",,,,"",,,,"",,,,,,,,,,,,,,,,,,,,,,,,,,,,,,,,,,,,,,,,,,,,,,,,,,,,,,,,,,"",0,,,,,,,,,,,,,0,"",,,,0,""
100,,4,1,6,1,1,0,1,0,0,0,255,255,255,22,4276.029,"わだ、、",R,26,88,140,3.095,1.09,0.482,1.697,1.313,2.129,-36.389,38.554,100,0,0,2,"",15.831,-200,-3.401,0,0,0,"=","=","=","=","=","=","=","=","=",4,R,"Muna_328",189.7,89.724,0.5,5,22,W,Y,1,4277.074,132,70,106,41,20,,138,88,52.19,25.856,0.573,1.429,-20.283,-0.88,0,0.575,207.376,-180.008,-531.171,4182.65,-18.748,-72.288,4182.65,3,-18.182,2.921,-70.812,0,0,,4283.081,,,,,,,,,,,,,4283.089,0,,452,0,,,,,,,,,,,,,,,,,,,0.13,-37.819,0.059,-17.722,-21.842,-47.823,-16.973,-62.66,21.634,-47.6,12.776,-65.135,43.335,-93.756,-0.113,-111.214,-50.169,-99.146,-0.39,-36.847,,"encounter v",0.065,-17.729,,"쟈가리코",-21.332,-47.328,,"muyang_",-16.885,-62.468,105,"DoYaGee",21.933,-47.421,,"shimenawa",12.764,-65.116,,"yumi2012",43.327,-93.747,,"ByeolBam",-0.117,-111.237,,"ddil_ddil69",-50.161,-99.089,,4286.212,-2.73,-42.458,,,,,,,4283.109,-18.402,-71.45,,,,,,,,,,,,,,,,,,,,,,,,,4285.012,-12.876,-64.186,,,,,,,,,,,,,,,,"",1,141.668,25.483,-18.361,1,1,0.987,65.167,52.19,41.889,69.421,0.057,136.598,0,"muyang_",,,,256,""
101,,4,1,6,1,0,0,2,0,0,0,255,255,255,23,4311.607,"わだ、、",R,26,95,140,-0.197,-1.195,0.173,1.265,-0.127,0.732,-36.389,13.36,50,50,0,1,"",26.6,-159.797,2.554,0,0,1,"=","=","=","=","=","=","=","=","=",9,R,"Megu3568",190,88.251,0.405,,22,W,Y,0,,,,,,,,,,,,,,,,,,,,,,,,,,,,,0,0,,,,,,,,,,,,,,,,,,,,,,,,,,,,,,,,,,,,,,0.021,-37.528,-0.011,-17.794,-21.817,-48.237,-16.818,-62.563,23.078,-49.488,12.342,-65.073,43.497,-94.612,0.058,-111.388,-51.25,-99.744,,,,"",,,,"",,,,"",,,,"",,,,"",,,,"",,,,"",,,,"",,,,4316.793,-0.031,-37.523,,,,,,,,,,,,,,,,,,,,,,,,,,,,,,,,,,,,,,,,,,,,,,,,,,,,"",0,,,,,,,,,,,,,0,"",,,,0,""
102,,4,1,6,1,1,0,2,0,0,0,255,255,255,24,4330.507,"わだ、、",R,28,96,140,-1.88,-2.322,0.012,1.069,-0.876,0.096,-36.389,23.064,56,44,0,1,"",42.83,-94.867,4.602,-0.362,-19.696,1,"=","=","=","=","=","=","=","=","=",9,R,"Megu3568",190,88.251,0.405,,22,W,Y,0,,,,,,,,,,,,,,,,,,,,,,,,,,,,,0,0,,,,,,,,,,,,,,,,,,,,,,,,,,,,,,,,,,,,,,0.133,-37.877,-0.004,-17.834,-21.947,-48.561,-16.722,-62.506,22.531,-48.155,12.783,-65.424,43.546,-94.63,0.445,-111.133,-51.381,-99.612,,,,"",,,,"",,,,"",,,,"",,,,"",,,,"",,,,"",,,,"",,,,4334.886,-0.322,-37.075,,,,,,,,,,,,,,,,,,,,,,,,,,,,,,,,,,,,,,,,,,,,,,,,,,,,"",0,,,,,,,,,,,,,0,"",,,,0,""
103,,4,1,6,1,2,0,2,0,0,0,255,255,255,25,4350.391,"わだ、、",R,10,92,117,0.397,-1.279,0.29,1.451,0.279,1.44,-36.389,13.849,56,44,0,2,"",0,400,6.737,0,0,1,"=","=","=","=","=","=","=","=","=",9,R,"Megu3568",190,88.251,0.405,5,22,W,Y,1,4351.567,255,189,114,130,52,,145,131,14.56,-11.593,0.088,0.595,-20.774,0.64,0,0.645,204.728,-31.151,481.892,4254.333,21.333,-132.028,4255.267,7,16.559,0.062,-127.327,1,0,,4357.258,4361.751,,,,,,,,,,,,,,,,,,,,,,,,,,,,,,,,,,,0.151,-37.899,0.007,-17.782,-21.924,-48.511,-16.918,-62.514,22.855,-48.338,12.442,-65.18,43.416,-94.704,-0.087,-111.719,-51.443,-99.574,0.138,-36.826,,"encounter v",-0.023,-17.901,,"쟈가리코",-21.904,-48.392,,"muyang_",-18.198,-64.561,,"DoYaGee",22.935,-48.525,,"shimenawa",13.274,-64.908,,"yumi2012",43.417,-94.699,,"ByeolBam",-0.093,-111.713,100,"ddil_ddil69",-51.373,-99.541,,4384.156,-1.597,-38.099,,,,,,,4362.13,0.332,-59.501,,,,,,,,,,4357.429,16.264,-126.829,,,,,,,,,,,,,,,,,,,,,,,,,4359.283,13.029,-115.02,,,,"",2,-10.989,-10.989,-8.807,0,1,0.872,14.56,14.56,42.226,29.257,0.019,-7.135,0,"ByeolBam",4361.751,,,257,""
104,,4,1,6,1,0,0,2,0,1,0,255,9,255,26,4399.977,"わだ、、",R,12,75,124,1.721,0.669,0.355,2.011,0.739,2.076,-36.389,61.844,100,0,0,1,"",0,69.345,-2.809,0,0,2,"=","=","=","=","=","=","=","=","=",8,L,"Sabo_10",185.3,88,0.452,,22,W,Y,0,,,,,,,,,,,,,,,,,,,,,,,,,,,,,0,0,,,,,,,,,,,,,4419.617,,,,,,,,,,,,,,,,,,,,,,,,,0.119,-37.993,-0.021,-17.752,-22.792,-50.178,-14.25,-60.674,21.95,-46.208,12.21,-65.463,47.954,-100.058,0.289,-111.088,-46.683,-97.074,,,,"",,,,"",,,,"",,,,"",,,,"",,,,"",,,,"",,,,"",,,,4404.844,0.051,-37.358,,,,,,,,,,,,,,,,,,,,,,,,,,,,,,,,,,,,,,,,,,,,,,,,,,,,"",0,,,,,,,,,,,,,0,"",4403.065,,,0,""
105,,4,1,6,1,1,0,2,0,1,0,255,9,255,27,4419.776,"わだ、、",R,14,89,114,-0.476,-1.598,0.035,1.513,-0.51,1.13,-36.389,12.614,48,52,0,4,"",175.611,400,16.224,-0.063,-18.024,2,"=","=","=","=","=","=","=","=","=",8,L,"Sabo_10",185.3,88,0.452,,22,W,Y,1,,,,,,,,,,,,,,,,,,,,,,,,,,,,,0,0,,,,,,,,,,,,,4433.912,,,,,,,,,,,,,,,,,,,,,,,,,0.056,-37.857,-0.022,-17.757,-22.809,-49.827,-11.489,-60.358,21.416,-44.513,9.821,-66.161,49.216,-102.326,0.311,-111.344,-46.646,-97.102,,,,"",,,,"",,,,"",,,,"",,,,"",,,,"",,,,"",,,,"",,,,4424.235,0.384,-37.647,,,,,,,,,,,,,,,,,,,,,,,,,,,,,,,,,,,,,,,,,,,,,,,,,,,,"",0,,,,,,,,,,,,,0,"",4422.821,,,0,""
106,,4,1,6,1,1,1,2,0,1,0,255,9,255,28,4437.652,"わだ、、",R,10,91,115,-1.317,-1.83,0.015,1.447,-0.574,0.983,-36.389,10.018,53,47,0,2,"",0,400,10.354,0,0,2,"=","=","=","=","=","=","=","=","=",8,L,"Sabo_10",185.3,88,0.452,0,22,W,Y,1,4438.595,233,160,80,114,79,,145,90,-79.138,64.986,-0.238,0.381,-20.785,-0.99,0,0.688,423.45,265.385,132.638,4334.367,-0.371,-20.847,,,,,,0,0,,,,,,,,,4443.156,,,,4467.603,,,,,,,,,,,,,,,,,,,,,,,,,-0.014,-37.731,-0.045,-17.771,-22.84,-49.728,-5.966,-63.01,20.664,-42.53,11.681,-65.411,49.238,-102.225,0.308,-111.346,-46.683,-97.079,-0.082,-36.615,,"encounter v",-0.106,-17.838,,"쟈가리코",-22.885,-49.641,,"muyang_",-8.592,-62.167,,"DoYaGee",21.194,-43.863,,"shimenawa",12.639,-65.078,,"yumi2012",49.223,-102.284,,"ByeolBam",0.306,-111.345,,"ddil_ddil69",-46.67,-97.028,,,,,,,,,,,,,,,,,,,,,,,,,,,,,,,,,,,,,,,,,,,,,,,,,,,,,,,,"",3,,,,,,,,,,,,,0,"",4469.955,4443.156,,0,""
107,,4,1,6,1,1,2,2,0,1,0,255,9,255,29,4470.681,"わだ、、",R,26,84,137,-1.347,-1.161,0.073,1.471,-0.588,0.727,-36.389,11.65,70,30,0,2,"",-0.801,-191.978,5.593,0,0,2,"=","=","=","=","=","=","=","=","=",8,L,"Sabo_10",185.3,88,0.452,5,22,W,Y,1,4471.581,159,101,121,91,31,,145,108,0.616,-59.409,-0.255,0.552,-20.134,-0.01,0,0.429,75.241,-439.605,159.053,4367.333,14.905,-28.756,,,,,,0,0,,,,,,,,,,,,,4487.919,,,,,,,,,,,,,,,,,,,,,,,,,0.036,-37.698,-0.048,-17.767,-22.45,-48.214,-10.892,-61.88,21.597,-44.993,11.542,-65.496,48.502,-99.963,0.506,-111.869,-46.275,-96.493,0.086,-36.796,,"encounter v",-0.105,-17.809,,"쟈가리코",-22.363,-48.25,,"muyang_",-13.814,-60.806,,"DoYaGee",21.627,-45.72,,"shimenawa",12.561,-64.729,,"yumi2012",48.48,-100.022,,"ByeolBam",0.506,-111.876,,"ddil_ddil69",-46.093,-96.408,,,,,,,,,,,,,,,,,,,,,,,,,,,,,,,,,,,,,,,,,,,,,,,,,,,,,,,,"",3,-69.44,-50.744,-10.513,0.598,1,0.686,1.095,0.616,-6.866,78.526,0.001,-118.311,0,"",4477.933,,,0,""
108,,4,1,6,1,1,2,2,0,1,0,255,9,255,30,4491.612,"わだ、、",R,26,91,140,1.991,-0.994,0.377,1.501,0.824,0.826,-36.389,20.109,59,41,0,4,"",23.971,-200,-1.586,0,0,2,"=","=","=","=","=","=","=","=","=",8,L,"Sabo_10",185.3,88,0.452,,22,W,Y,1,,,,,,,,,,,,,,,,,,,,,,,,,,,,,0,0,,,,,,,,,,,,,,,4494.07,2,,578,0,,,,,,,,,,,4495.796,2,,,,,,,0.223,-37.955,-0.027,-17.742,-23.151,-48.08,-4.672,-65.561,22.116,-44.973,13.528,-64.895,48.347,-100.492,0.086,-111.247,-46.816,-97.071,,,,"",,,,"",,,,"",,,,"",,,,"",,,,"",,,,"",,,,"",,,,,,,,,,,,,,,,,,,,,,,,,,,,,,,,,,,,,,,,,,,,,,,,,,,,,,,,,,"",0,,,,,,,,,,,,,0,"",,,,0,""
109,SIDE,4,1,6,1,0,0,2,0,1,0,255,9,255,,4497.094,,,,,,,,,,,,,,,,,,,,,,,,3,"=","=","=","=","=","=","=","=","=",,,,,,,,,,,,,,,,,,,,,,,,,,,,,,,,,,,,,,,0,0,,,,,,,,,,,,,,,,,,,,,,,,,,,,,,,,,,,,,,,,,,,,,,,,,,,,,,,,,,,,,,,,,,,,,,,,,,,,,,,,,,,,,,,,,,,,,,,,,,,,,,,,,,,,,,,,,,,,,,,,,,,,,,,,,,,,,,,,,,,,,,,,,"",0,,,,,,,,,,,,,0,"",,,,0,""
110,,4,0,6,1,0,0,0,0,0,0,255,255,255,34,4609.466,"しろくま。",R,10,66,110,-0.941,-1.273,0.111,1.248,-0.413,1.325,-36.454,4.946,36,64,0,1,"",0,387.534,0,-0.233,-17.122,3,"ByeolBam","쟈가리코","shimenawa","encounter v","_송글_","DoYaGee","ddil_ddil69","yumi2012","muyang_",1,L,"encounter v",190,86.067,0.42,,22,W,Y,0,,,,,,,,,,,,,,,,,,,,,,,,,,,,,0,0,,,,,,,,,,,,,,,,,,,,,,,,,,,,,,,,,,,,,,0.025,-38.194,0.316,-17.129,-20.361,-45.339,-13.187,-63.872,25.514,-50.85,13.927,-64.078,46.772,-104.26,4.946,-117.733,-40.65,-98.121,,,,"",,,,"",,,,"",,,,"",,,,"",,,,"",,,,"",,,,"",,,,,,,,,,,,,,,,,,,,,,,,,,,,,,,,,,,,,,,,,,,,,,,,,,,,,,,,,,"",0,,,,,,,,,,,,,0,"",,,,0,""
111,,4,0,6,1,1,0,0,0,0,0,255,255,255,35,4624.658,"しろくま。",R,10,87,128,-0.363,-0.779,0.165,1.316,-0.163,1.546,-36.454,10.451,47,53,0,0,"",0,400,0,0,0,3,"=","=","=","=","=","=","=","=","=",1,L,"encounter v",190,86.067,0.42,,37,W,Y,0,,,,,,,,,,,,,,,,,,,,,,,,,,,,,0,0,,,,,,,,,,,,,,,,,,,,,,,,,,,,,,,,,,,,,,-0.095,-38.272,-0.137,-17.228,-20.393,-45.302,-13.656,-63.981,25.48,-51.06,14.137,-63.582,46.929,-101.674,3.733,-118.294,-41.725,-96.47,,,,"",,,,"",,,,"",,,,"",,,,"",,,,"",,,,"",,,,"",,,,,,,,,,,,,,,,,,,,,,,,,,,,,,,,,,,,,,,,,,,,,,,,,,,,,,,,,,"",0,,,,,,,,,,,,,0,"",,,,0,""
112,,4,0,6,1,1,1,0,0,0,0,255,255,255,36,4638.898,"しろくま。",R,26,101,140,-0.908,-1.834,0.093,0.932,-0.495,0.3,-36.454,32.983,48,22,30,1,"",72.672,-200,0,0,0,3,"=","=","=","=","=","=","=","=","=",1,L,"encounter v",190,86.067,0.42,,37,W,Y,0,,,,,,,,,,,,,,,,,,,,,,,,,,,,,0,0,,,,,,,,,,,,,,,,,,,,,,,,,,,,,,,,,,,,,,0.005,-38.359,-0.243,-17.202,-20.399,-45.283,-13.579,-63.984,25.546,-50.841,13.704,-63.655,47.59,-101.583,3.993,-117.392,-40.209,-96.217,,,,"",,,,"",,,,"",,,,"",,,,"",,,,"",,,,"",,,,"",,,,,,,,,,,,,,,,,,,,,,,,,,,,,,,,,,,,,,,,,,,,,,,,,,,,,,,,,,"",0,,,,,,,,,,,,,0,"",,,,0,""
113,,4,0,6,1,2,1,0,0,0,0,255,255,255,37,4652.288,"しろくま。",R,26,92,140,-1.039,-1.056,0.097,1.084,-0.481,0.792,-36.454,21.564,37,63,0,1,"",19.199,-200,0,0,0,3,"=","=","=","=","=","=","=","=","=",1,L,"encounter v",190,86.067,0.42,,37,W,Y,0,,,,,,,,,,,,,,,,,,,,,,,,,,,,,0,0,,,,,,,,,,,,,,,,,,,,,,,,,,,,,,,,,,,,,,-0.018,-38.389,-0.084,-17.3,-21.339,-46.496,-12.72,-64.633,25.501,-50.948,13.804,-64.231,47.591,-101.575,2.982,-114.301,-40.067,-97.558,,,,"",,,,"",,,,"",,,,"",,,,"",,,,"",,,,"",,,,"",,,,,,,,,,,,,,,,,,,,,,,,,,,,,,,,,,,,,,,,,,,,,,,,,,,,,,,,,,"",0,,,,,,,,,,,,,0,"",,,,0,""
114,,4,0,6,1,3,1,0,0,0,0,255,255,255,38,4666.544,"しろくま。",R,10,75,116,0.763,-0.234,0.281,1.441,0.378,1.949,-36.454,13.795,53,47,0,2,"",-32.283,400,0,0,0,3,"=","=","=","=","=","=","=","=","=",1,L,"encounter v",190,86.067,0.42,5,37,W,Y,1,4667.579,154,130,108,88,53,,145,129,25.658,-49.411,0.132,0.845,-19.646,0.71,0,0.463,266.298,-503.94,39.145,4565.3,97.425,-83.33,,,,,,0,0,,,,,,,,,,,,,,,,,,,,,,,,,,,,,,,,,,,,,,-0.002,-38.301,-0.049,-17.416,-20.615,-46.575,-13.287,-64.945,25.482,-50.955,13.858,-64.081,47.571,-101.574,4.2,-118.403,-39.958,-99.442,-0.002,-37.21,,"_AKASATA_",-0.048,-17.567,,"Fresh825",-20.768,-46.171,,"Dοpi",-13.496,-65.589,,"Muna_328",25.533,-50.824,,"schmoneymikey",13.855,-64.073,,"하루（Haru）",47.576,-101.572,,"うよすま",4.055,-118.378,,"Sabo_10",-40.218,-99.055,,,,,,,,,,,,,,,,,,,,,,,,,,,,,,,,,,,,,,,,,,,,,,,,,,,,,,,,"",3,-48.752,-47.946,-4.487,0,0,1,32.933,32.933,30.97,32.933,0,-71.636,0,"",,,,0,""
115,,4,0,6,1,3,2,0,0,0,0,255,255,255,39,4689.854,"しろくま。",R,32,92,140,0.802,-0.981,0.202,1.098,0.011,0.84,-36.454,21.67,40,60,0,4,"",250,-200,0,0,0,3,"=","=","=","=","=","=","=","=","=",1,L,"encounter v",190,86.067,0.42,,37,W,Y,1,,,,,,,,,,,,,,,,,,,,,,,,,,,,,0,0,,,,,,,,,,,,,,,4692.34,3,,578,0,,,,,,,,,,,,,,,,,,,0.057,-38.126,-0.022,-17.487,-20.276,-45.757,-11.204,-65.617,24.937,-50.139,13.587,-63.704,47.458,-105.294,4.456,-119.79,-41.824,-98.546,,,,"",,,,"",,,,"",,,,"",,,,"",,,,"",,,,"",,,,"",,,,,,,,,,,,,,,,,,,,,,,,,,,,,,,,,,,,,,,,,,,,,,,,,,,,,,,,,,"",0,,,,,,,,,,,,,0,"",,,,0,""
116,,4,0,6,1,0,0,1,0,0,0,255,255,255,40,4708.955,"しろくま。",R,3,77,117,1.703,0.719,0.499,1.458,1.393,2.033,-36.454,16.896,48,52,0,2,"",-397.86,0,0,0,0,4,"=","=","=","=","=","=","=","=","=",9,R,"_송글_",175.4,90.478,0.316,5,22,W,Y,0,4709.955,51,41,28,61,32,,45,47,35.144,-7.039,0.29,1.147,-19.897,-0.77,0,0.366,282.565,159.405,-279.676,4605.65,3.558,-49.488,4606.133,5,3.569,0.22,-49.643,1,0,,4715.384,,,,,,,,,,,,,,,,,,,,,,,,,,,,,,,,,,,,0.139,-38.141,0.117,-17.204,-22.215,-46.722,-15.271,-63.518,24.079,-51.38,8.172,-65.916,46.868,-105.415,-5.717,-123.356,-43.381,-103.078,0.421,-36.773,,"_AKASATA_",0.093,-17.188,,"Fresh825",-22.286,-46.625,69,"Dοpi",-15.355,-63.771,,"Muna_328",24.056,-51.373,,"schmoneymikey",8.095,-65.746,97,"하루（Haru）",45.752,-107.115,,"うよすま",-5.649,-123.532,,"Sabo_10",-43.905,-103.452,,4721.583,-1.137,-39.798,,,,4715.824,-18.365,-40.534,,,,,,,4713.871,3.668,-51.167,,,,,,,,,,,,,,,,4720.359,-17.629,-40.032,,,,,,,4714.647,0.555,-49.388,,,,,,,,,,"",2,-4.812,-4.819,-4.819,0,2,0.152,85.03,35.144,-2.856,84.363,0.067,96.408,0,"schmoneymikey",,,,40,""
117,,4,0,6,1,0,0,1,1,0,0,19,255,255,41,4767.572,"しろくま。",R,32,90,140,0.154,-0.927,0.144,1.109,-0.26,0.875,-36.454,20.853,49,51,0,2,"",242.614,-200,0,0,0,5,"=","=","=","=","=","=","=","=","=",4,R,"DoYaGee",190,80,0.451,5,22,W,Y,1,4768.49,155,97,161,101,60,,145,131,25.958,15.565,0.027,0.679,-20.698,0.5,0,0.189,211.143,560.471,35.931,4665.05,-47.379,-129.227,,,,,,0,0,,4774.135,4778.66,4783.977,4789.193,4773.062,4777.957,4782.925,,,,,,,,,,,,,,,,,,,,,,,,,,,,,,0.127,-38.146,0.138,-17.124,-18.95,-39.809,-14.489,-62.017,23.501,-51.114,8.032,-65.738,45.502,-104.912,-4.01,-118.887,-41.165,-94.469,0.186,-36.683,,"_AKASATA_",0.144,-17.213,,"Fresh825",-18.794,-39.929,,"Dοpi",-14.271,-61.304,,"Muna_328",23.499,-51.092,,"schmoneymikey",8.03,-65.714,,"하루（Haru）",45.488,-104.902,,"うよすま",-4.173,-118.851,,"Sabo_10",-41.236,-93.846,,,,,,,,,,,,,,,,,,,,,,,,,,,,,,,,,,,,,,,,,,,,,,,,,,,,,,,,"",4,15.401,15.401,-0.669,0,2,0.241,89.234,36.112,-1.888,88.316,0.026,123.332,0,"",4773.062,4777.957,4782.925,0,""
118,,4,0,6,3,0,0,1,0,0,0,255,255,255,42,4920.548,"しろくま。",R,26,93,140,0.545,-0.736,0.222,1.164,0.103,1.007,-36.454,13.598,53,47,0,0,"",95.803,-200,0,0,0,6,"=","=","=","=","=","=","=","=","=",8,R,"ddil_ddil69",176.4,89.899,0.554,,21,W,Y,0,,,,,,,,,,,,,,,,,,,,,,,,,,,,,0,0,,,,,,,,,,,,,,,,,,,,,,,,,,,,,,,,,,,,,,0.066,-38.248,0.173,-17.111,-22.544,-47.278,-15.067,-63.354,23.826,-50.853,8.024,-65.152,44.847,-107.003,-3.689,-116.416,-42.109,-93.754,,,,"",,,,"",,,,"",,,,"",,,,"",,,,"",,,,"",,,,"",,,,,,,,,,,,,,,,,,,,,,,,,,,,,,,,,,,,,,,,,,,,,,,,,,,,,,,,,,"",0,,,,,,,,,,,,,0,"",,,,0,""
119,,4,0,6,3,0,1,1,0,0,0,255,255,255,43,4935.903,"しろくま。",R,13,82,121,0.765,-0.79,0.342,1.344,0.66,1.634,-36.454,6.215,48,52,0,0,"",-210.343,400,0,0,0,6,"=","=","=","=","=","=","=","=","=",8,R,"ddil_ddil69",176.4,89.899,0.554,,21,W,Y,0,,,,,,,,,,,,,,,,,,,,,,,,,,,,,0,0,,,,,,,,,,,,,,,,,,,,,,,,,,,,,,,,,,,,,,0.133,-38.149,0.041,-17.098,-22.558,-47.22,-15.186,-63.589,24.062,-50.944,7.879,-64.976,45.185,-106.535,-4.169,-114.917,-43.987,-96.339,,,,"",,,,"",,,,"",,,,"",,,,"",,,,"",,,,"",,,,"",,,,,,,,,,,,,,,,,,,,,,,,,,,,,,,,,,,,,,,,,,,,,,,,,,,,,,,,,,"",0,,,,,,,,,,,,,0,"",,,,0,""
120,,4,0,6,3,0,2,1,0,0,0,255,255,255,44,4952.461,"しろくま。",R,13,72,111,-2.741,-0.534,0.082,1.387,-0.55,1.785,-36.454,7.408,58,42,0,4,"",-359.708,347.29,0,0,0,6,"=","=","=","=","=","=","=","=","=",8,R,"ddil_ddil69",176.4,89.899,0.554,,21,W,Y,1,,,,,,,,,,,,,,,,,,,,,,,,,,,,,0,0,,,,,4958.466,,,,,,,,,,4955.278,6,,578,0,,,,,,,,,,,,,,,,,,,0.104,-38.211,-0.581,-17.117,-22.601,-47.135,-15.517,-63.09,23.867,-50.924,7.851,-64.943,46.268,-105.677,-7.711,-116.327,-42.552,-98.276,,,,"",,,,"",,,,"",,,,"",,,,"",,,,"",,,,"",,,,"",,,,,,,,,,,,,,,,,,,,,,,,,,,,,,,,,,,,,,,,,,,,,,,,,,,,,,,,,,"",0,,,,,,,,,,,,,0,"",,,,0,""
121,,4,0,6,3,0,0,2,0,0,0,255,255,255,45,4971.432,"しろくま。",R,6,68,109,0.97,-0.167,0.095,1.315,-0.489,1.531,-36.454,4.569,47,53,0,2,"",495.455,0,0,0,0,7,"=","=","=","=","=","=","=","=","=",6,R,"yumi2012",174.1,90.292,0.504,3,21,W,Y,1,4972.597,191,76,84,68,34,,145,97,17.87,28.938,0.078,0.894,-19.806,-0.21,0,0.521,287.182,509.81,71.353,4865.6,-40.955,-79.442,4865.85,8,-40.715,0.322,-79.149,0,0,,,,,,,,,,,,,,,4976.59,7,,457,0,,,,,,,,,,,,,,,,,,,0.004,-38.325,0.182,-16.919,-22.27,-46.578,-15.176,-62.279,23.883,-50.993,8.584,-66.206,43.1,-105.629,-3.886,-114.999,-41.411,-95.015,0.192,-36.492,,"_AKASATA_",0.106,-17.145,,"Fresh825",-22.109,-46.397,,"Dοpi",-15.082,-62.151,,"Muna_328",23.178,-49.801,,"schmoneymikey",8.467,-65.996,,"하루（Haru）",43.163,-105.408,,"うよすま",-4.059,-115.777,,"Sabo_10",-42.101,-96.646,111,,,,,,,,,,,,,,,,,,,,,,,,,4976.601,-41.497,-80.694,,,,,,,,,,,,,,,,,,,,,,,,,4977.397,-40.124,-79.169,"",1,,,,,,,,,,,,,0,"Sabo_10",,,,4,""
122,SIDE,4,0,6,3,0,0,2,0,0,0,255,255,255,,4979.332,,,,,,,,,,,,,,,,,,,,,,,,8,"=","=","=","=","=","=","=","=","=",,,,,,,,,,,,,,,,,,,,,,,,,,,,,,,,,,,,,,,0,0,,,,,,,,,,,,,,,,,,,,,,,,,,,,,,,,,,,,,,,,,,,,,,,,,,,,,,,,,,,,,,,,,,,,,,,,,,,,,,,,,,,,,,,,,,,,,,,,,,,,,,,,,,,,,,,,,,,,,,,,,,,,,,,,,,,,,,,,,,,,,,,,,"",0,,,,,,,,,,,,,0,"",,,,0,""
123,,5,1,6,3,0,0,0,0,0,0,255,255,255,31,5030.51,"わだ、、",R,26,90,140,-0.976,0.474,0.106,1.578,-0.439,1.744,-36.389,19.475,58,42,0,0,"",7.682,-200,1.298,0,0,3,"Muna_328","Megu3568","Sabo_10","Fresh825","하루（Haru）","schmoneymikey","_AKASATA_","うよすま","Dοpi",2,L,"Fresh825",190,80,0.2,,21,W,Y,0,,,,,,,,,,,,,,,,,,,,,,,,,,,,,0,0,,,,,,,,,,,,,,,,,,,,,,,,,,,,,,,,,,,,,,-0.045,-37.732,-0.042,-17.753,-23.253,-51.429,-16.884,-62.689,21.966,-46.262,14.832,-64.133,50.128,-103.011,0.092,-115.847,-46.977,-94.862,,,,"",,,,"",,,,"",,,,"",,,,"",,,,"",,,,"",,,,"",,,,,,,,,,,,,,,,,,,,,,,,,,,,,,,,,,,,,,,,,,,,,,,,,,,,,,,,,,"",0,,,,,,,,,,,,,0,"",,,,0,""
124,,5,1,6,3,0,1,0,0,0,0,255,255,255,32,5048.262,"わだ、、",R,13,84,108,-1.388,-1.547,0.218,1.491,0.056,1.095,-36.389,16.33,51,49,0,2,"",-360.106,339.819,-21.855,0,0,3,"=","=","=","=","=","=","=","=","=",2,L,"Fresh825",190,80,0.2,5,21,W,Y,1,5049.425,112,126,110,116,106,,137,117,-30,34.233,-0.242,0.465,-20.671,0.87,0,0.129,-450.641,319.037,221.065,4937.783,-0.636,-21.249,4939.233,2,-18.392,2.494,-47.223,0,0,,5054.67,,,,,,,,,,,,,5053.544,3,,147,0,,,,,,,,,,,5052.942,2,,,,,,,0.072,-37.795,-0.015,-17.763,-22.821,-51.306,-16.895,-62.408,22.143,-46.454,14.408,-64.258,50.22,-102.979,-0.499,-117.548,-46.966,-94.921,0.197,-36.618,,"encounter v",-0.087,-17.924,,"쟈가리코",-22.81,-51.297,74,"muyang_",-16.792,-62.209,,"DoYaGee",21.976,-46.718,,"shimenawa",14.905,-63.939,,"yumi2012",50.26,-102.804,,"ByeolBam",-0.406,-117.578,,"ddil_ddil69",-46.938,-94.878,,5055.654,-0.997,-38.289,,,,5051.127,-18.915,-47.686,,,,,,,,,,,,,,,,,,,,,,,,,5054.599,-18.056,-39.679,,,,,,,,,,,,,,,,,,,"",2,37.69,37.69,16.286,0,2,0.371,-79.893,-73.068,-12.574,-80.622,0.058,49.828,0,"쟈가리코",,,,2,""
125,,5,1,6,3,0,0,1,0,0,0,255,255,255,33,5073.187,"わだ、、",R,26,89,140,-0.107,0.391,0.184,1.549,-0.076,1.651,-36.389,19.094,53,47,0,2,"",17.508,-200,2.908,0,0,4,"=","=","=","=","=","=","=","=","=",6,L,"하루（Haru）",174.9,85.172,0.403,5,21,W,Y,1,5074.277,255,148,121,52,33,,145,129,29.394,-39.287,-0.024,1.048,-20.086,0.61,0,0.152,413.093,-237.28,33.066,4967.816,81.306,-106.684,,,,,,0,0,,5079.716,5084.109,5089.04,5093.851,,,,,,,,,,,,,,,,,,,,,,,,,,,,,,,,,0.091,-37.905,-0.024,-17.759,-22.543,-49.061,-16.709,-62.878,22.415,-46.693,13.953,-64.019,46.602,-98.474,-0.297,-115.697,-48.888,-95.615,0,-36.39,,"encounter v",-0.066,-17.832,,"쟈가리코",-22.261,-49.452,,"muyang_",-16.638,-62.705,,"DoYaGee",22.448,-46.827,,"shimenawa",13.597,-64.122,,"yumi2012",46.607,-98.47,,"ByeolBam",-0.219,-115.682,,"ddil_ddil69",-48.873,-95.632,,,,,,,,,,,,,,,,,,,,,,,,,,,,,,,,,,,,,,,,,,,,,,,,,,,,,,,,"",4,-38.603,-38.603,-18.128,0,1,0.576,69.925,57.01,1.802,83.022,0.061,-40.909,0,"",5084.109,5089.04,5095.023,0,""
126,,5,1,7,3,0,0,1,0,0,0,255,255,255,34,5151.977,"わだ、、",R,13,61,92,-1.388,0.914,0.241,1.994,0.127,2.694,-36.389,44.253,100,0,0,2,"",-326.545,312.348,-19.335,0,0,5,"=","=","=","=","=","=","=","=","=",5,L,"schmoneymikey",175.1,80,0.35,3,21,W,Y,1,5153.323,222,207,69,95,37,,143,81,52.281,39.166,-0.3,1.316,-20.573,-1,0,0.361,339.5,330.612,50.059,5043.55,-40.111,-60.46,5045.617,8,-47.025,0.059,-63.462,1,0,,5158.604,5163.133,,,,,,,,,,,,,,,,,,,,,,,,,,,,,,,,,,,0.064,-37.831,-0.041,-17.735,-21.934,-48.325,-16.86,-62.665,22.612,-46.224,14.593,-63.774,46.087,-97.68,0.121,-113.585,-47.647,-95.731,0.185,-36.668,,"encounter v",-0.117,-17.8,,"쟈가리코",-21.046,-47.544,,"muyang_",-17.808,-64.5,,"DoYaGee",22.073,-46.87,,"shimenawa",14.525,-63.798,63,"yumi2012",46.111,-97.505,,"ByeolBam",0.263,-113.586,,"ddil_ddil69",-47.545,-95.634,115,5170.535,-1.519,-41.985,,,,,,,,,,,,,5163.832,-0.708,-58.866,,,,,,,5161.052,-47.502,-64.109,,,,,,,,,,,,,,,,5169.287,0.668,-58.71,,,,,,,5162.085,-40.263,-62.966,"",2,,,,,,,,,,,,,0,"ddil_ddil69",5163.133,,,68,""
127,,5,1,7,3,0,0,1,0,1,0,255,5,255,35,5193.06,"わだ、、",R,26,94,140,-0.165,-0.713,0.175,1.348,-0.115,1.001,-36.389,11.739,53,47,0,0,"",28.144,-200,5.457,0,0,6,"=","=","=","=","=","=","=","=","=",1,R,"_AKASATA_",190,85.821,0.397,,21,W,Y,0,,,,,,,,,,,,,,,,,,,,,,,,,,,,,0,0,,,,,,,,,,,,,5198.707,,,,,,,,,,,,,,,,,,,,,,,,,0.145,-37.914,-0.014,-17.612,-22.004,-46.39,-14.85,-61.327,21.967,-45.681,5.692,-64.211,42.23,-93.066,-0.505,-109.809,-47.206,-95.792,,,,"",,,,"",,,,"",,,,"",,,,"",,,,"",,,,"",,,,"",,,,5197.17,-0.105,-37.254,,,,,,,,,,,,,,,,,,,,,,,,,,,,,,,,,,,,,,,,,,,,,,,,,,,,"",0,,,,,,,,,,,,,0,"",5195.523,,,0,""
128,,5,1,7,3,0,1,1,0,1,0,255,5,255,36,5212.731,"わだ、、",R,13,86,110,-2.426,-1.835,0.086,1.395,-0.354,0.888,-36.389,7.175,46,54,0,4,"",-383.005,321.414,-30.173,-0.615,-18.612,6,"=","=","=","=","=","=","=","=","=",1,R,"_AKASATA_",190,85.821,0.397,,21,W,Y,1,,,,,,,,,,,,,,,,,,,,,,,,,,,,,0,0,,,,,,,,,,,,,5226.125,,,,,,,,,,,,,,,,,,,,,,,,,0.055,-37.741,-0.046,-17.638,-23.548,-47.409,-14.627,-60.556,21.394,-45.391,3.715,-63.956,42.127,-93.117,0.03,-109.824,-47.219,-95.829,,,,"",,,,"",,,,"",,,,"",,,,"",,,,"",,,,"",,,,"",,,,5216.95,-0.245,-37.608,,,,,,,,,,,,,,,,,,,,,,,,,,,,,,,,,,,,,,,,,,,,,,,,,,,,"",0,,,,,,,,,,,,,0,"",5215.561,,,0,""
129,,5,1,7,3,0,2,1,0,1,0,255,5,255,37,5232.748,"わだ、、",R,0,46,90,2.588,0.571,0.558,1.922,1.11,2.026,-36.389,60.237,100,0,0,4,"",0,22.989,-0.965,0,0,6,"=","=","=","=","=","=","=","=","=",1,R,"_AKASATA_",190,85.821,0.397,,21,W,Y,1,,,,,,,,,,,,,,,,,,,,,,,,,,,,,0,0,,,,,,,,,,,,,5257.236,,5235.444,6,,578,0,,,,,,,,,,,,,,,,,,,0.151,-37.607,-0.021,-17.679,-23.061,-48.25,-14.086,-59.941,21.074,-45.781,5.112,-64.286,42.218,-93.142,-0.101,-109.751,-46.554,-96.144,,,,"",,,,"",,,,"",,,,"",,,,"",,,,"",,,,"",,,,"",,,,5239.779,-0.288,-37.294,,,,,,,,,,,,,,,,,,,,,,,,,,,,,,,,,,,,,,,,,,,,,,,,,,,,"",0,,,,,,,,,,,,,0,"",5235.784,,,0,""
130,,5,1,7,3,0,0,2,0,1,0,255,5,255,38,5257.831,"わだ、、",R,10,87,113,0.875,-1.338,0.302,1.624,0.316,1.36,-36.389,20.252,100,0,0,2,"",32.475,400,12.092,0,0,7,"=","=","=","=","=","=","=","=","=",7,R,"うよすま",175.4,80,0.5,3,21,W,Y,1,5258.903,255,205,124,129,45,,145,82,-23.377,45.152,0.166,0.599,-21.102,-1,0,0.541,42.386,-49.702,-14.442,5139.45,-1.029,-22.292,5143.5,2,-15.317,0.059,-34.885,0,128,,5264.545,,,,,,,5263.343,,,,,,5264.699,7,,275,0,,,,,,,,,,,,,,,,,,,0.13,-37.645,-0.012,-17.785,-24.003,-48.84,-15.374,-61.186,20.826,-45.231,5.041,-63.31,43.448,-94.788,-0.087,-109.777,-47.065,-97.057,0.246,-36.723,,"encounter v",-0.009,-17.832,,"쟈가리코",-23.294,-49.465,,"muyang_",-15.358,-61.133,,"DoYaGee",20.813,-45.943,,"shimenawa",11.457,-63.607,,"yumi2012",43.418,-94.667,,"ByeolBam",-0.087,-109.783,,"ddil_ddil69",-47.189,-96.856,,,,,,,,5263.187,-15.757,-35.147,,,,,,,,,,,,,,,,,,,,,,,,,,,,,,,,,,,,,,,,,,,,,,"",2,,,,,,,,,,,,,0,"쟈가리코",,5263.343,,2,""
131,SIDE,5,1,7,3,0,0,2,0,0,1,255,255,5,,5266.924,,,,,,,,,,,,,,,,,,,,,,,,8,"=","=","=","=","=","=","=","=","=",,,,,,,,,,,,,,,,,,,,,,,,,,,,,,,,,,,,,,,0,0,,,,,,,,,,,,,,,,,,,,,,,,,,,,,,,,,,,,,,,,,,,,,,,,,,,,,,,,,,,,,,,,,,,,,,,,,,,,,,,,,,,,,,,,,,,,,,,,,,,,,,,,,,,,,,,,,,,,,,,,,,,,,,,,,,,,,,,,,,,,,,,,,"",0,,,,,,,,,,,,,0,"",,,,0,""
132,,5,0,7,3,0,0,0,0,0,0,255,255,255,46,5318.222,"しろくま。",R,26,95,140,0.218,-0.329,0.18,1.234,-0.093,1.242,-36.454,7.45,53,47,0,2,"",137.258,-200,0,0,0,8,"ByeolBam","쟈가리코","shimenawa","encounter v","_송글_","DoYaGee","ddil_ddil69","yumi2012","muyang_",3,R,"muyang_",172.4,80,0.498,5,21,W,Y,1,5319.228,203,176,104,98,31,,145,128,13.898,-33.204,-0.081,0.867,-20.254,0.35,0,0.211,96.591,347.264,354.096,5202.316,53.72,-117.722,5203.533,6,49.859,0.059,-111.01,1,0,,5324.616,5329.005,,,,,,,,,,,,,,,,,,,,,,,,,,,,,5331.985,3,,,,,0.107,-38.028,0.028,-17.181,-22.747,-46.91,-16.188,-62.858,23.984,-51.079,7.789,-65.581,41.387,-103.345,-4.711,-114.637,-40.68,-93.591,-0.458,-37.269,,"_AKASATA_",-0.001,-17.234,,"Fresh825",-22.593,-46.694,,"Dοpi",-16.656,-63.952,81,"Muna_328",23.984,-51.071,,"schmoneymikey",7.609,-65.449,,"하루（Haru）",41.384,-103.35,109,"うよすま",-4.75,-114.564,,"Sabo_10",-40.681,-93.583,,5335.082,1.793,-44.251,,,,,,,5329.33,-2.259,-57.738,,,,,,,5325.125,50.131,-110.276,,,,,,,,,,,,,,,,5334.157,-0.179,-57.611,,,,,,,5326.236,44.764,-106.026,,,,,,,"",2,-33.154,-33.154,3.013,0,0,1,13.898,13.898,25.608,13.898,0,-48.326,0,"하루（Haru）",5329.005,,,272,""
133,,5,0,7,3,0,0,0,0,1,0,255,13,255,47,5351.563,"しろくま。",R,13,77,114,1.293,-0.053,0.461,1.45,1.216,2.007,-36.454,15.087,37,63,0,0,"",-385.238,318.734,0,-2.564,-17.877,0,"=","=","=","=","=","=","=","=","=",7,R,"ByeolBam",175.3,88,0.5,,21,W,Y,1,,,,,,,,,,,,,,,,,,,,,,,,,,,,,0,0,,,,,,,,,,,,,5352.428,,,,,,,,,,,,,,,,,,,5373.693,5,,,,,0.185,-38.079,0.252,-17.025,-23.02,-47.228,-13.549,-63.834,19.98,-47.597,4.232,-65.159,47.109,-101.473,-3.507,-117.06,-44.057,-96.395,,,118,"",,,,"",,,,"",,,,"",,,,"",,,,"",,,,"",,,,"",,,,5358.363,-0.678,-40.081,,,,,,,,,,,,,,,,,,,,,,,,,5371.964,0.285,-40.539,,,,,,,,,,,,,,,,,,,,,,,,,"",0,,,,,,,,,,,,,0,"",5354.078,,,0,""
134,,5,0,7,3,0,1,0,0,1,0,255,13,255,48,5389.358,"しろくま。",R,13,84,122,-2.774,-2.083,0.07,1.105,-0.604,0.794,-36.454,17.13,39,61,0,1,"",-382.092,322.499,0,-0.63,-18.784,0,"=","=","=","=","=","=","=","=","=",7,R,"ByeolBam",175.3,88,0.5,,21,W,Y,0,,,,,,,,,,,,,,,,,,,,,,,,,,,,,0,0,,,,,,,,,,,,,5390.555,,,,,,,,,,,,,,,,,,,,,,,,,0.097,-37.94,-0.176,-17.012,-22.246,-45.962,-15.673,-63.103,19.623,-46.76,2.348,-65.175,41.088,-99.378,-4.924,-116.61,-44.456,-102.318,,,,"",,,,"",,,,"",,,,"",,,,"",,,,"",,,,"",,,,"",,,,5394.69,-0.592,-38.059,,,,,,,,,,,,,,,,,,,,,,,,,,,,,,,,,,,,,,,,,,,,,,,,,,,,"",0,,,,,,,,,,,,,0,"",5392.07,,,0,""
135,,5,0,7,3,1,1,0,0,1,0,255,13,255,49,5407.833,"しろくま。",R,26,83,135,2.067,0.374,0.348,1.346,0.688,1.643,-36.454,3.882,51,49,0,2,"",144.619,-200,0,0,0,0,"=","=","=","=","=","=","=","=","=",7,R,"ByeolBam",175.3,88,0.5,5,21,W,Y,1,5408.871,199,127,127,67,32,,145,88,-40.521,24.631,0.388,1.046,-19.955,-0.8,0,0.356,492.527,139.418,-271.05,5285.95,-0.092,-21.001,5288.8,3,-15.627,0.244,-55.018,0,0,,5414.325,,,,,,,,,,,5408.063,,5414.03,0,,147,256,,,,,,,,,,,,,,,,,,,0.223,-38.037,0.189,-17.022,-21.725,-45.418,-15.338,-63.11,19.303,-46.533,2.019,-64.278,42.435,-101.55,-5.378,-116.353,-44.138,-102.219,-0.1,-36.827,,"_AKASATA_",0.131,-17.112,,"Fresh825",-21.508,-45.312,79,"Dοpi",-15.844,-64.132,91,"Muna_328",19.315,-46.433,,"schmoneymikey",5.768,-63.229,,"하루（Haru）",41.977,-101.803,,"うよすま",-5.546,-116.342,,"Sabo_10",-44.114,-102.113,,5418.582,-0.778,-39.665,,,,5413.426,-19.213,-40.559,5411.821,-16.315,-56.281,,,,,,,,,,,,,,,,,,,,,,5417.454,-18.223,-40.011,5412.679,-16.634,-51.928,,,,,,,,,,,,,,,,"",2,23.92,23.92,11.208,0,0,1,-40.521,-40.521,-7.193,-40.521,0,22.585,0,"Dοpi",5411.895,,,264,""
136,,5,0,7,3,0,0,1,0,1,0,255,13,255,50,5438.617,"しろくま。",R,10,84,125,-1.111,-0.909,0.107,1.296,-0.431,1.478,-36.454,6.788,52,48,0,2,"",-36.213,400,0,0,0,1,"=","=","=","=","=","=","=","=","=",2,L,"쟈가리코",190,82,0.501,0,21,W,Y,1,5439.708,255,92,74,89,28,,145,124,26.625,-1.052,-0.2,0.701,-20.691,0.78,0,0.559,283.08,-151.413,-130.793,,,,5321.533,7,5.961,2.704,-129.305,0,0,,5445.291,,,,,,,,,,,5470.316,,5445.179,1,,456,0,,,,,,,,,,,,,,,,,,,0.014,-37.864,-0.267,-17.072,-19.883,-47.17,-10.965,-64.297,23.961,-48.363,12.583,-61.54,45.614,-106.679,9.299,-123.33,-38.627,-106.63,-0.13,-37.082,,"_AKASATA_",-0.253,-17.107,,"Fresh825",-19.683,-47.055,,"Dοpi",-10.979,-64.304,89,"Muna_328",23.825,-48.373,,"schmoneymikey",12.58,-61.531,,"하루（Haru）",45.604,-106.674,,"うよすま",9.475,-123.292,115,"Sabo_10",-38.751,-107.375,,5453.457,-2.105,-45.172,,,,,,,5448.608,-5.564,-69.815,,,,,,,,,,5445.192,6.043,-130.318,,,,,,,,,,,,,5452.406,-5.923,-62.346,,,,,,,,,,5446.293,6.323,-123.513,,,,"",1,,,,,,,,,,,,,0,"うよすま",5447.842,,,384,""
137,,5,0,7,3,0,0,2,0,1,0,255,13,255,51,5470.661,"しろくま。",R,26,92,140,-0.714,-0.445,0.097,1.214,-0.48,1.179,-36.454,10.011,29,71,0,0,"",124.155,-200,0,0,0,2,"=","=","=","=","=","=","=","=","=",5,L,"shimenawa",175.4,94.576,0.295,,106,W,Y,0,,,,,,,,,,,,,,,,,,,,,,,,,,,,,0,0,,,,,,,,,,,,,5481.306,,,,,,,,,,,,,,,,,,,,,,,,,0.013,-37.805,-0.24,-16.871,-20.441,-47.615,-10.304,-65.396,23.243,-48.121,14.807,-62.135,49.063,-101.365,5.722,-116.957,-41.076,-103.76,,,,"",,,,"",,,,"",,,,"",,,,"",,,,"",,,,"",,,,"",,,,5475.465,-0.433,-37.584,,,,,,,,,,,,,,,,,,,,,,,,,,,,,,,,,,,,,,,,,,,,,,,,,,,,"",0,,,,,,,,,,,,,0,"",5473.097,,,0,""
138,,5,0,7,3,0,1,2,0,1,0,255,13,255,52,5485.506,"しろくま。",R,32,82,133,1.069,1.269,0.236,1.493,0.166,2.158,-36.454,15.418,43,57,0,2,"",205.676,-200,0,0,0,2,"=","=","=","=","=","=","=","=","=",5,L,"shimenawa",175.4,94.576,0.295,3,106,W,Y,1,5486.643,129,82,76,41,0,,137,121,105.024,50.903,0.21,1.348,-19.797,0.69,0,0.32,475.95,-281.881,39.16,,,,,,,,,0,0,,,,,,,,,,,,,5503.804,,,,,,,,,,,,,,,,,,,,,,,,,-0.035,-37.772,-0.149,-16.985,-20.4,-47.638,-7.176,-65.959,22.706,-47.902,14.805,-62.097,48.117,-98.416,4.705,-118.395,-40.533,-103.492,-0.28,-36.706,,"_AKASATA_",-0.07,-17.122,,"Fresh825",-20.286,-47.432,,"Dοpi",-8.54,-65.889,,"Muna_328",22.653,-47.709,,"schmoneymikey",14.8,-62.09,,"하루（Haru）",48.128,-98.422,,"うよすま",6.182,-118.604,,"Sabo_10",-40.643,-103.239,,,,,,,,,,,,,,,,,,,,,,,,,,,,,,,,,,,,,,,,,,,,,,,,,,,,,,,,"",3,,,,,,,,,,,,,0,"",5489.15,,,0,""
139,,5,0,7,3,0,2,2,0,1,0,255,13,255,53,5504.208,"しろくま。",R,13,73,100,-2.815,-1.025,0.085,1.411,-0.357,1.797,-36.454,12.114,48,52,0,4,"",-334.952,338.004,0,0.47,-20.58,2,"=","=","=","=","=","=","=","=","=",5,L,"shimenawa",175.4,94.576,0.295,,106,W,Y,1,,,,,,,,,,,,,,,,,,,,,,,,,,,,,0,0,,,,,,,,,,,,,,,5507.073,2,,578,0,,,,,,,,,,,,,,,,,,,-0.068,-37.997,-0.162,-17.115,-20.367,-47.636,-8.991,-65.64,23.244,-48.246,13.717,-62.424,50.025,-100.273,6.088,-118.644,-43.396,-101.702,,,,"",,,,"",,,,"",,,,"",,,,"",,,,"",,,,"",,,,"",,,,,,,,,,,,,,,,,,,,,,,,,,,,,,,,,,,,,,,,,,,,,,,,,,,,,,,,,,"",0,,,,,,,,,,,,,0,"",5507.003,,,0,""
140,,6,1,7,3,0,0,0,0,0,0,255,255,255,39,5568.676,"わだ、、",R,26,91,140,0.998,-0.298,0.285,1.435,0.395,1.251,-36.389,16.232,54,46,0,0,"",23.504,-200,-1.951,0,0,8,"Muna_328","Megu3568","Sabo_10","Fresh825","하루（Haru）","schmoneymikey","_AKASATA_","うよすま","Dοpi",3,R,"Dοpi",175,90,0.35,,21,W,Y,0,,,,,,,,,,,,,,,,,,,,,,,,,,,,,0,0,,,,,,,,,,,,,,,,,,,,,,,,,,,,,,,,,,,,,,0.055,-37.516,-0.011,-17.702,-23.865,-48.755,-16.709,-62.552,22.059,-46.735,11.991,-64.993,43.154,-94.608,-0.425,-110.931,-48.983,-96.213,,,,"",,,,"",,,,"",,,,"",,,,"",,,,"",,,,"",,,,"",,,,,,,,,,,,,,,,,,,,,,,,,,,,,,,,,,,,,,,,,,,,,,,,,,,,,,,,,,"",0,,,,,,,,,,,,,0,"",,,,0,""
141,,6,1,7,3,0,1,0,0,0,0,255,255,255,40,5582.384,"わだ、、",R,10,90,115,0.507,-2.595,0.269,1.318,0.213,0.642,-36.389,11.972,50,50,0,1,"",0,400,14.197,0.09,-20.086,8,"=","=","=","=","=","=","=","=","=",3,R,"Dοpi",175,90,0.35,,21,W,Y,0,,,,,,,,,,,,,,,,,,,,,,,,,,,,,0,0,,,,,,,,,,,,,,,,,,,,,,,,,,,,,,,,,,,,,,0.15,-37.834,-0.041,-17.629,-22.665,-49.201,-16.624,-62.517,22.631,-47.736,11.304,-65.044,43.008,-94.577,-0.103,-111.275,-48.962,-96.249,,,,"",,,,"",,,,"",,,,"",,,,"",,,,"",,,,"",,,,"",,,,,,,,,,,,,,,,,,,,,,,,,,,,,,,,,,,,,,,,,,,,,,,,,,,,,,,,,,"",0,,,,,,,,,,,,,0,"",,,,0,""
142,,6,1,7,3,1,1,0,0,0,0,255,255,255,41,5601.771,"わだ、、",R,13,73,101,1.073,0.297,0.627,1.834,1.168,2.304,-36.389,44.484,100,0,0,0,"",-348.828,325.065,-25.6,0,0,8,"=","=","=","=","=","=","=","=","=",3,R,"Dοpi",175,90,0.35,,21,W,Y,0,,,,,,,,,,,,,,,,,,,,,,,,,,,,,0,0,,,,,,,,,,,,,,,,,,,,,,,,,,,,,,,,,,,,,,0.203,-37.89,-0.03,-17.613,-22.27,-49.253,-16.734,-62.577,23.227,-48.54,11.419,-65.289,43.038,-94.736,-0.12,-111.302,-48.938,-96.206,,,,"",,,,"",,,,"",,,,"",,,,"",,,,"",,,,"",,,,"",,,,,,,,,,,,,,,,,,,,,,,,,,,,,,,,,,,,,,,,,,,,,,,,,,,,,,,,,,"",0,,,,,,,,,,,,,0,"",,,,0,""
143,,6,1,7,3,1,2,0,0,0,0,255,255,255,42,5618.208,"わだ、、",R,10,95,119,1.15,-1.351,0.36,1.603,0.482,1.308,-36.389,23.377,100,0,0,2,"",5.197,400,3.185,0,0,8,"=","=","=","=","=","=","=","=","=",3,R,"Dοpi",175,90,0.35,3,21,W,Y,1,5619.11,152,80,110,80,102,,145,113,-30,-31.075,0.217,0.564,-20.926,0.08,0,0.46,-360.802,208.965,-321.505,5492.55,0.738,-21.793,5494.117,4,16.715,1.68,-48.439,0,0,,5624.337,,,,,,,,,,,,,5624.253,8,,147,32,,,,,,,,,,,,,,,,,,,0.11,-37.808,-0.03,-17.649,-22.087,-49.349,-16.663,-62.406,22.854,-48.633,11.356,-65.996,43.297,-94.599,0.095,-111.468,-48.994,-96.241,0.294,-36.496,,"encounter v",-0.022,-17.665,,"쟈가리코",-21.902,-49.222,74,"muyang_",-16.559,-62.277,,"DoYaGee",22.903,-48.872,93,"shimenawa",12.024,-65.72,,"yumi2012",43.284,-94.593,,"ByeolBam",0.094,-111.474,,"ddil_ddil69",-48.963,-96.226,,5627.714,-0.661,-38.62,,,,5623.61,-18.523,-39.832,,,,5620.803,17.243,-49.218,,,,,,,,,,,,,,,,,,,5626.578,-17.547,-39.494,,,,5621.966,11.212,-48.173,,,,,,,,,,,,,"",2,,,,,,,,,,,,,0,"DoYaGee",,,,34,""
144,,6,1,7,3,0,0,1,0,0,0,255,255,255,43,5644.056,"わだ、、",R,26,93,140,0.232,-1.79,0.215,1.226,0.024,0.323,-36.389,13.65,53,47,0,1,"",53.118,-200,3.899,0.022,-17.075,0,"=","=","=","=","=","=","=","=","=",4,R,"Muna_328",189.7,89.724,0.5,,20,W,Y,0,,,,,,,,,,,,,,,,,,,,,,,,,,,,,0,0,,,,,,,,,,,,,,,,,,,,,,,,,,,,,,,,,,,,,,0.113,-37.631,-0.014,-17.736,-22.945,-50.22,-16.586,-62.593,22.734,-49.39,12.749,-65.191,43.526,-95.108,0.2,-110.701,-51.108,-98.555,,,,"",,,,"",,,,"",,,,"",,,,"",,,,"",,,,"",,,,"",,,,5647.811,-0.14,-37.487,,,,,,,,,,,,,,,,,,,,,,,,,,,,,,,,,,,,,,,,,,,,,,,,,,,,"",0,,,,,,,,,,,,,0,"",,,,0,""
145,,6,1,7,3,1,0,1,0,0,0,255,255,255,44,5659.665,"わだ、、",R,26,87,140,1.093,-1.279,0.294,1.332,0.438,0.665,-36.389,14.11,55,45,0,2,"",21.679,-175.301,0.034,0,0,0,"=","=","=","=","=","=","=","=","=",4,R,"Muna_328",189.7,89.724,0.5,0,20,W,Y,1,5660.679,233,210,81,0,0,,120,126,-15.412,2.689,0.203,0.542,-20.554,0.38,0,0.854,105.595,-205.668,-28.626,5532.917,0.125,-22.234,5533.633,0,-0.344,0.886,-35.818,0,0,,5666.822,,,,,,,,,,,,,5665.621,0,,147,0,,,,,,,,,,,,,,,,,,,0.169,-37.865,0.027,-17.722,-22.476,-49.325,-16.482,-62.541,22.71,-49.088,12.532,-65.031,43.459,-95.109,-0.01,-110.634,-51.114,-98.574,0.227,-36.68,87,"encounter v",0.046,-17.831,,"쟈가리코",-22.375,-49.189,79,"muyang_",-16.4,-62.382,,"DoYaGee",22.514,-49.36,,"shimenawa",12.022,-65.085,,"yumi2012",43.42,-95.066,,"ByeolBam",0.019,-110.627,,"ddil_ddil69",-51.105,-98.536,,5661.571,-0.301,-36.77,,,,5665.029,-19.201,-39.476,,,,,,,,,,,,,,,,,,,5664.03,-2.975,-37.589,,,,5666.862,-18.174,-39.828,,,,,,,,,,,,,,,,,,,"",2,,,,,,,,,,,,,0,"わだ、、",,,,2,""
146,,6,1,7,3,0,0,2,0,0,0,255,255,255,45,5689.192,"わだ、、",R,10,85,111,1.201,-0.886,0.365,1.706,0.512,1.558,-36.389,29.516,100,0,0,2,"",0,400,4.954,0,0,1,"=","=","=","=","=","=","=","=","=",9,R,"Megu3568",190,88.251,0.405,3,20,W,Y,1,5690.382,255,222,161,133,61,,145,87,-5.576,5.819,0.209,0.716,-21.258,1,0,0.508,-301.802,414.635,-154.409,5561.85,-0.36,-26.477,5562.633,0,-1.076,0.181,-36.074,0,0,,,,,,,,,,,,,,,5694.819,1,,147,0,,,,,,,,,,,,,,,,,,,0.106,-37.764,-0.005,-17.728,-21.842,-47.082,-16.661,-62.711,22.489,-49.339,12.216,-65.541,42.581,-94.086,0.212,-110.967,-49.771,-99.007,0.333,-36.59,86,"encounter v",0.019,-17.808,,"쟈가리코",-21.835,-47.067,85,"muyang_",-16.674,-62.492,,"DoYaGee",22.551,-49.516,,"shimenawa",13.142,-65.233,,"yumi2012",42.591,-94.087,,"ByeolBam",0.213,-110.973,,"ddil_ddil69",-49.762,-98.978,,5691.355,-0.441,-37.277,,,,5694.169,-19.103,-39.64,,,,,,,,,,,,,,,,,,,5693.262,-4.343,-39.421,,,,5696.115,-18.084,-39.566,,,,,,,,,,,,,,,,,,,"",2,,,,,,,,,,,,,0,"わだ、、",,,,2,""
147,SIDE,6,1,7,3,0,0,2,0,0,0,255,255,255,,5697.068,,,,,,,,,,,,,,,,,,,,,,,,2,"=","=","=","=","=","=","=","=","=",,,,,,,,,,,,,,,,,,,,,,,,,,,,,,,,,,,,,,,0,0,,,,,,,,,,,,,,,,,,,,,,,,,,,,,,,,,,,,,,,,,,,,,,,,,,,,,,,,,,,,,,,,,,,,,,,,,,,,,,,,,,,,,,,,,,,,,,,,,,,,,,,,,,,,,,,,,,,,,,,,,,,,,,,,,,,,,,,,,,,,,,,,,"",0,,,,,,,,,,,,,0,"",,,,0,""
148,,6,0,7,3,0,0,0,0,0,0,255,255,255,54,5743.142,"しろくま。",R,13,84,123,-0.228,0.978,0.3,1.643,0.463,2.604,-36.454,22.302,92,8,0,2,"",-363.741,343.063,0,0,0,3,"ByeolBam","쟈가리코","shimenawa","encounter v","_송글_","DoYaGee","ddil_ddil69","yumi2012","muyang_",1,L,"encounter v",190,86.067,0.42,0,20,W,Y,1,5744.185,106,63,33,42,22,,87,72,24.521,-46.131,-0.108,1.293,-19.175,0.03,0,0.221,93.797,6.956,305.4,,,,5617.45,4,29.213,2.797,-47.557,0,0,,,,,,,,,,,,,,,5747.145,3,,453,0,,,,,,,,,,,,,,,,,,,0.009,-37.963,-0.173,-17.255,-22.785,-47.732,-11.23,-65.512,25.313,-50.623,13.742,-63.786,44.359,-98.908,5.636,-121.178,-39.148,-94.237,0.213,-36.728,,"_AKASATA_",-0.113,-17.327,,"Fresh825",-22.549,-48.441,,"Dοpi",-11.43,-66.776,,"Muna_328",25.331,-50.575,88,"schmoneymikey",13.712,-63.705,,"하루（Haru）",45.512,-99.562,,"うよすま",5.194,-121.106,,"Sabo_10",-39.148,-94.103,,5750.641,0.721,-38.374,,,,,,,,,,5747.156,29.705,-48.158,,,,,,,,,,,,,,,,,,,,,,,,,5749.076,27.933,-48.072,,,,,,,,,,,,,"",1,,,,,,,,,,,,,0,"Muna_328",,,,1,""
149,,6,0,7,3,0,0,1,0,0,0,255,255,255,55,5766.774,"しろくま。",R,13,77,115,1.123,1.011,0.503,1.65,1.083,2.658,-36.454,20.747,87,13,0,0,"",-355.534,351.561,0,0,0,4,"=","=","=","=","=","=","=","=","=",9,R,"_송글_",175.4,90.478,0.316,,20,W,Y,0,,,,,,,,,,,,,,,,,,,,,,,,,,,,,0,0,,,,,,,,,,,,,,,,,,,,,,,,,,,,,,,,,,,,,,0.162,-38.126,0.205,-17.186,-23.436,-47.715,-15.154,-63.04,24.176,-52.148,7.855,-66.046,37.703,-101.018,-8.267,-123.984,-45.262,-102.37,,,,"",,,,"",,,,"",,,,"",,,,"",,,,"",,,,"",,,,"",,,,5770.967,-0.131,-38.012,,,,,,,,,,,,,,,,,,,,,,,,,,,,,,,,,,,,,,,,,,,,,,,,,,,,"",0,,,,,,,,,,,,,0,"",,,,0,""
150,,6,0,7,3,0,1,1,0,0,0,255,255,255,56,5782.366,"しろくま。",R,32,88,140,2.246,0.531,0.351,1.375,0.7,1.741,-36.454,15.081,41,59,0,2,"",200.898,-200,0,0,0,4,"=","=","=","=","=","=","=","=","=",9,R,"_송글_",175.4,90.478,0.316,0,20,W,Y,1,5783.303,90,29,26,44,37,,53,58,18.236,4.436,0.429,1.088,-19.679,-1,0,0.272,412.015,-335.482,-142.594,,,,5654.9,0,-0.55,4.149,-39.386,0,0,,,,,,,,,,,,,,,5785.088,4,,449,0,,,,,,,,,,,,,,,,,,,0.083,-37.888,0.089,-16.916,-23.567,-47.764,-14.507,-63.724,24.298,-52.024,7.763,-65.793,40.286,-108.263,-8.232,-124.234,-45.372,-103.125,-0.392,-37.328,,"_AKASATA_",0.127,-17.078,,"Fresh825",-23.098,-48.295,,"Dοpi",-14.854,-64.347,,"Muna_328",24.302,-52.024,,"schmoneymikey",7.754,-65.756,,"하루（Haru）",40.267,-108.276,,"うよすま",-8.052,-124.237,,"Sabo_10",-45.511,-102.875,,5785.098,-0.739,-39.756,,,,,,,,,,,,,,,,,,,,,,,,,,,,,,,,,,,,,,,,,,,,,,,,,,,,"",1,,,,,,,,,,,,,0,"しろくま。",,,,0,""
151,,6,0,7,3,0,0,2,0,0,0,255,255,255,57,5808.653,"しろくま。",R,26,90,140,0.286,-0.711,0.183,1.151,-0.079,1.009,-36.454,16.38,44,56,0,0,"",148.429,-200,0,0,0,5,"=","=","=","=","=","=","=","=","=",4,R,"DoYaGee",190,80,0.451,,20,W,Y,0,,,,,,,,,,,,,,,,,,,,,,,,,,,,,0,0,,,,,,,,,,,,,,,,,,,,,,,,,,,,,,,,,,,,,,0.132,-37.759,0.211,-17.164,-23.257,-47.25,-14.312,-63.77,23.92,-51.211,8.369,-65.685,38.244,-104.958,-6.813,-117.71,-42.919,-100.942,,,,"",,,,"",,,,"",,,,"",,,,"",,,,"",,,,"",,,,"",,,,5813.676,-0.665,-38.074,,,,,,,,,,,,,,,,,,,,,,,,,,,,,,,,,,,,,,,,,,,,,,,,,,,,"",0,,,,,,,,,,,,,0,"",,,,0,""
152,,6,0,7,3,0,1,2,0,0,0,255,255,255,58,5826.545,"しろくま。",R,13,86,125,0.263,-0.151,0.308,1.442,0.501,1.952,-36.454,4.265,61,39,0,2,"",-257.12,400,0,0,0,5,"=","=","=","=","=","=","=","=","=",4,R,"DoYaGee",190,80,0.451,0,20,W,Y,1,5827.554,177,75,95,105,52,,145,133,3.499,12.299,0.063,1,-20.837,0.43,0,0.171,-306.701,-363.496,46.29,5698.083,-6.771,-56.508,5700.55,7,-15.079,0.06,-107.488,1,0,,5833.302,,,,,,,,,,,,,,,,,,,,,,,,,,,,,,,,,,,,0.106,-38.044,0.117,-17.366,-23.748,-48.394,-13.936,-63.892,23.954,-51.373,8.356,-65.272,39.464,-107.043,-6.073,-117.66,-44.527,-99.94,0.416,-36.824,,"_AKASATA_",0.136,-17.469,,"Fresh825",-23.634,-48.243,,"Dοpi",-14.42,-65.154,,"Muna_328",23.959,-51.135,,"schmoneymikey",8.351,-65.253,85,"하루（Haru）",39.979,-107.16,,"うよすま",-7.444,-119.449,115,"Sabo_10",-44.597,-99.625,,5839.567,-0.008,-42.364,,,,,,,,,,,,,5833.617,-3.691,-62.201,,,,5831.201,-15.539,-109.434,,,,,,,,,,,,,,,,,,,5838.63,-4.257,-55.1,,,,5831.807,-14.225,-104.774,,,,"",2,,,,,,,,,,,,,0,"うよすま",,,,160,""
153,,6,0,7,3,0,0,2,1,0,0,14,255,255,59,5856.151,"しろくま。",R,14,60,103,2.372,-1.318,0.276,1.271,0.352,1.381,-36.454,14.687,31,69,0,2,"",340.327,343.365,0,0,0,6,"=","=","=","=","=","=","=","=","=",8,R,"ddil_ddil69",176.4,89.899,0.554,0,20,W,Y,1,5857.391,253,119,89,81,38,,145,87,-74.909,-56.487,0.471,0.4,-20.879,-1,0,0.543,-203.321,-39.766,-281.322,5726.317,0.61,-20.971,5729.9,4,24.822,0.13,-36.995,0,0,,,,,,,,,,,,5856.237,,,,,,,,,,,,,,,,,,,,,,,,,,0.074,-37.904,0.067,-16.971,-19.093,-39.815,-15.073,-63.178,24.427,-50.14,7.505,-65.349,40.254,-101.754,-9.418,-117.167,-42.59,-95.623,-0.292,-36.548,,"_AKASATA_",0.112,-17.081,,"Fresh825",-18.977,-39.887,,"Dοpi",-15.508,-64.617,,"Muna_328",24.384,-50.135,91,"schmoneymikey",7.502,-65.317,,"하루（Haru）",40.254,-101.742,,"うよすま",-9.102,-117.156,,"Sabo_10",-42.591,-95.526,,5865.462,1.544,-38.444,,,,,,,,,,5861.444,25.404,-37.146,,,,,,,,,,,,,,,,,,,,,,,,,5864.27,23.52,-37.52,,,,,,,,,,,,,"",3,,,,,,,,,,,,,0,"Muna_328",,,,1,""
154,,6,0,7,3,0,1,2,1,0,0,14,255,255,60,5881.616,"しろくま。",R,13,82,119,-2.048,-1.245,0.138,1.249,-0.289,1.303,-36.454,14.139,52,48,0,4,"",-371.247,334.926,0,0,0,6,"=","=","=","=","=","=","=","=","=",8,R,"ddil_ddil69",176.4,89.899,0.554,,38,W,Y,1,,,,,,,,,,,,,,,,,,,,,,,,,,,,,0,0,,,,,,,,,,,,5881.717,,,,,,,,,,,,,,,,,,,,,,,,,,-0.007,-37.884,-0.19,-17.062,-19.088,-39.857,-15.654,-62.836,24.716,-51.293,7.915,-64.932,42.225,-104.765,-7.622,-117.403,-43.291,-97.359,,,,"",,,,"",,,,"",,,,"",,,,"",,,,"",,,,"",,,,"",,,,5887,-0.315,-38.255,,,,,,,,,,,,,,,,,,,,,,,,,,,,,,,,,,,,,,,,,,,,,,,,,,,,"",0,,,,,,,,,,,,,0,"",,,,0,""
155,,6,0,7,3,0,2,2,1,0,0,14,255,255,61,5900.071,"しろくま。",R,26,77,127,1.807,0.918,0.334,1.434,0.623,1.947,-36.454,11.524,63,37,0,4,"BA-",102.145,-200,0,0,0,6,"=","=","=","=","=","=","=","=","=",8,R,"ddil_ddil69",176.4,89.899,0.554,,38,W,Y,1,,,,,,,,,,,,,,,,,,,,,,,,,,,,,0,0,,,,,,,,,,,,,,,5902.877,6,,578,0,,,,,,,,,,,,,,,,,,,0.088,-38.156,0.196,-17.294,-19.141,-39.808,-15.033,-63.493,25.055,-51.385,7.714,-65.435,42.217,-104.778,-3.834,-119.559,-42.742,-99.615,,,,"",,,,"",,,,"",,,,"",,,,"",,,,"",,,,"",,,,"",,,,,,,,,,,,,,,,,,,,,,,,,,,,,,,,,,,,,,,,,,,,,,,,,,,,,,,,,,"",0,,,,,,,,,,,,,0,"",,,,0,""
156,SIDE,6,0,7,3,0,0,2,1,0,0,14,255,255,,5905.353,,,,,,,,,,,,,,,,,,,,,,,,7,"=","=","=","=","=","=","=","=","=",,,,,,,,,,,,,,,,,,,,,,,,,,,,,,,,,,,,,,,0,0,,,,,,,,,,,,,,,,,,,,,,,,,,,,,,,,,,,,,,,,,,,,,,,,,,,,,,,,,,,,,,,,,,,,,,,,,,,,,,,,,,,,,,,,,,,,,,,,,,,,,,,,,,,,,,,,,,,,,,,,,,,,,,,,,,,,,,,,,,,,,,,,,"",0,,,,,,,,,,,,,0,"",,,,0,""
157,,7,1,7,3,0,0,0,0,0,0,255,255,255,46,5964.525,"わだ、、",R,13,74,101,-1.263,0.349,0.26,1.844,0.186,2.306,-36.389,30.566,100,0,0,0,"",-358.49,312.348,-26.616,0,0,2,"Muna_328","Megu3568","Sabo_10","Fresh825","하루（Haru）","schmoneymikey","_AKASATA_","うよすま","Dοpi",8,L,"Sabo_10",185.3,88,0.452,,20,W,Y,1,,,,,,,,,,,,,,,,,,,,,,,,,,,,,0,0,,,,,,,,,,,,,,,,,,,,,,,,,,,,,,,,,,,,,,0.094,-37.895,-0.099,-17.778,-22.205,-48.067,-16.404,-62.544,23.483,-47.244,15.793,-63.192,41.344,-90.267,4.167,-114.877,-47.574,-96.265,,,,"",,,,"",,,,"",,,,"",,,,"",,,,"",,,,"",,,,"",,,,,,,,,,,,,,,,,,,,,,,,,,,,,,,,,,,,,,,,,,,,,,,,,,,,,,,,,,"",0,,,,,,,,,,,,,0,"",,,,0,""
158,,7,1,7,3,0,1,0,0,0,0,255,255,255,47,6041.16,"わだ、、",R,10,90,115,-0.669,-0.991,0.105,1.676,-0.294,1.491,-36.389,26.049,100,0,0,4,"",0,400,8.278,0,0,2,"=","=","=","=","=","=","=","=","=",8,L,"Sabo_10",185.3,88,0.452,,20,W,Y,1,,,,,,,,,,,,,,,,,,,,,,,,,,,,,0,0,,,,,,,,,,,,,,,,,,,,,,,,,,,,,,,,,,,,,,-0.087,-37.562,-0.042,-17.82,-21.595,-48.566,-16.926,-62.653,23.063,-48.025,13.242,-64.69,43.046,-92.66,3.715,-115.839,-47.854,-95.448,,,,"",,,,"",,,,"",,,,"",,,,"",,,,"",,,,"",,,,"",,,,,,,,,,,,,,,,,,,,,,,,,,,,,,,,,,,,,,,,,,,,,,,,,,,,,,,,,,"",0,,,,,,,,,,,,,0,"",,,,0,""
159,,7,1,7,3,0,2,0,0,0,0,255,255,255,48,6062.136,"わだ、、",R,13,82,107,1.143,-1.971,0.579,1.403,1.177,0.887,-36.389,26.848,47,53,0,2,"",-360.347,335.808,-35.773,0,0,2,"=","=","=","=","=","=","=","=","=",8,L,"Sabo_10",185.3,88,0.452,5,20,W,Y,1,6063.113,224,124,117,116,84,,145,101,24.441,48.2,0.268,0.406,-21.23,0.98,0,0.561,83.802,-200.845,-112.342,5932.717,-63.313,-83.37,5935.65,8,-72.123,0.058,-93.799,1,0,,6068.398,6072.831,,,,,,,,,,,,,,,,,,,,,,,,,,,,,,,,,,,0.184,-37.822,0.032,-17.782,-20.903,-47.217,-16.311,-62.605,23.292,-48.145,12.835,-65.349,42.145,-91.739,2.461,-115.927,-47.852,-95.463,0.091,-36.724,,"encounter v",0.056,-17.848,,"쟈가리코",-20.711,-47.543,,"muyang_",-15.994,-62.301,64,"DoYaGee",23.627,-48.67,,"shimenawa",13.779,-64.831,,"Po_cari",42.103,-91.77,,"ByeolBam",2.459,-115.931,,"ddil_ddil69",-47.813,-95.48,115,6081.59,-3.604,-39.763,,,,,,,6074.881,-16.059,-67.986,,,,,,,,,,,,,6070.983,-71.85,-94.155,,,,,,,,,,6080.152,-9.871,-57.384,,,,,,,,,,,,,6072.584,-63.92,-91.259,"",2,51.749,51.749,9.222,0,0,1,24.441,24.441,44.22,24.441,0,67.033,0,"ddil_ddil69",6072.831,,,320,""
160,,7,1,7,3,0,0,0,0,1,0,255,8,255,49,6107.59,"わだ、、",R,26,85,138,-0.349,0.373,0.167,1.558,-0.155,1.678,-36.389,11.541,54,46,0,0,"",-2.148,-200,6.606,0,0,3,"=","=","=","=","=","=","=","=","=",2,L,"Fresh825",190,80,0.2,,20,W,Y,0,,,,,,,,,,,,,,,,,,,,,,,,,,,,,0,0,,,,,,,,,,,,,6126.278,,,,,,,,,,,,,,,,,,,,,,,,,0.141,-37.776,-0.033,-17.728,-21.996,-47.714,-12.089,-59.889,21.415,-45.728,7.833,-66.215,47.657,-89.662,0.413,-113.204,-46.179,-96.24,,,,"",,,,"",,,,"",,,,"",,,,"",,,,"",,,,"",,,,"",,,,6113.267,0.025,-37.436,,,,,,,,,,,,,,,,,,,,,,,,,,,,,,,,,,,,,,,,,,,,,,,,,,,,"",0,,,,,,,,,,,,,0,"",6110.212,,,0,""
161,,7,1,7,3,0,1,0,0,1,0,255,8,255,50,6130.222,"わだ、、",R,26,88,140,2.232,-0.706,0.397,1.35,0.915,1.005,-36.389,14.5,60,40,0,4,"",34.09,-200,3.628,0,0,3,"=","=","=","=","=","=","=","=","=",2,L,"Fresh825",190,80,0.2,,20,W,Y,1,,,,,,,,,,,,,,,,,,,,,,,,,,,,,0,0,,,,,,,,,,,,,6145.436,,,,,,,,,,,,,,,,,,,,,,,,,0.181,-37.643,0.004,-17.723,-21.811,-47.919,-12.669,-60.485,20.897,-45.219,12.064,-64.938,49.545,-90.996,0.69,-115.756,-46.361,-96.135,,,,"",,,,"",,,,"",,,,"",,,,"",,,,"",,,,"",,,,"",,,,6134.693,0.257,-37.592,,,,,,,,,,,,,,,,,,,,,,,,,,,,,,,,,,,,,,,,,,,,,,,,,,,,"",0,,,,,,,,,,,,,0,"",6132.672,,,0,""
162,,7,1,7,3,0,2,0,0,1,0,255,8,255,51,6149.966,"わだ、、",R,26,86,140,-0.24,1.477,0.164,1.772,-0.168,2.371,-36.389,22.488,100,0,0,4,"",43.814,-200,2.971,0,0,3,"=","=","=","=","=","=","=","=","=",2,L,"Fresh825",190,80,0.2,,20,W,Y,1,,,,,,,,,,,,,,,,,,,,,,,,,,,,,0,0,,,,,,,,,,,,,6158.801,,6152.634,3,,578,0,,,,,,,,,,,,,,,,,,,0.117,-37.852,-0.055,-17.654,-22.55,-48.668,-9.135,-62.137,21.318,-45.036,11.55,-66.048,54.508,-97.474,-0.029,-118.326,-46.36,-96.145,,,,"",,,,"",,,,"",,,,"",,,,"",,,,"",,,,"",,,,"",,,,6155.555,0.226,-37.223,,,,,,,,,,,,,,,,,,,,,,,,,,,,,,,,,,,,,,,,,,,,,,,,,,,,"",0,,,,,,,,,,,,,0,"",6152.727,,,0,""
163,,7,1,7,3,0,0,1,0,1,0,255,8,255,52,6172.141,"わだ、、",R,26,84,137,-1.994,-0.397,0.009,1.419,-0.889,1.192,-36.389,1.959,70,30,0,1,"",14.052,-200,9.343,0,0,4,"=","=","=","=","=","=","=","=","=",6,L,"하루（Haru）",174.9,85.172,0.403,,20,W,Y,0,,,,,,,,,,,,,,,,,,,,,,,,,,,,,0,0,,,,,,,,,,,,,6187.106,,,,,,,,,,,,,,,,,,,,,,,,,0.086,-37.734,-0.058,-17.728,-21.806,-47.55,-8.712,-63.101,21.364,-44.048,12.362,-65.944,53.064,-95.554,2.915,-118.356,-46.57,-96.223,,,,"",,,,"",,,,"",,,,"",,,,"",,,,"",,,,"",,,,"",,,,6175.996,0.244,-37.542,,,,,,,,,,,,,,,,,,,,,,,,,,,,,,,,,,,,,,,,,,,,,,,,,,,,"",0,,,,,,,,,,,,,0,"",6175.08,,,0,""
164,,7,1,7,3,1,0,1,0,1,0,255,8,255,53,6189.931,"わだ、、",R,26,81,132,-0.779,1.244,0.127,1.685,-0.338,2.129,-36.389,19.414,100,0,0,1,"",-4.176,-200,6.062,0,0,4,"=","=","=","=","=","=","=","=","=",6,L,"하루（Haru）",174.9,85.172,0.403,,20,W,Y,0,,,,,,,,,,,,,,,,,,,,,,,,,,,,,0,0,,,,,,,,,,,,,6206.517,,,,,,,,,,,,,,,,,,,,,,,,,0.128,-37.772,-0.049,-17.75,-21.904,-47.52,-9.888,-61.84,21.579,-45.169,11.929,-65.659,53.404,-95.94,3.013,-118.494,-46.97,-96.192,,,,"",,,,"",,,,"",,,,"",,,,"",,,,"",,,,"",,,,"",,,,6195.213,0.37,-36.671,,,,,,,,,,,,,,,,,,,,,,,,,,,,,,,,,,,,,,,,,,,,,,,,,,,,"",0,,,,,,,,,,,,,0,"",6192.764,,,0,""
165,,7,1,7,3,2,0,1,0,1,0,255,8,255,54,6209.44,"わだ、、",R,10,84,110,-1.42,-1.652,0.001,1.56,-0.618,1.208,-36.389,4.68,56,44,0,1,"",0,400,21.38,0,0,4,"=","=","=","=","=","=","=","=","=",6,L,"하루（Haru）",174.9,85.172,0.403,,20,W,Y,0,,,,,,,,,,,,,,,,,,,,,,,,,,,,,0,0,,,,,,,,,,,,,6217.111,,,,,,,,,,,,,,,,,,,,,,,,,0.124,-37.773,-0.043,-17.797,-22.488,-47.49,-10.115,-61.175,20.827,-43.94,11.676,-65.859,53.421,-95.925,3.06,-118.129,-46.936,-96.133,,,,"",,,,"",,,,"",,,,"",,,,"",,,,"",,,,"",,,,"",,,,6214.717,-0.027,-37.287,,,,,,,,,,,,,,,,,,,,,,,,,,,,,,,,,,,,,,,,,,,,,,,,,,,,"",0,,,,,,,,,,,,,0,"",6211.957,,,0,""
166,,7,1,7,3,3,0,1,0,1,0,255,8,255,55,6231.373,"わだ、、",R,27,83,135,-1.232,-0.446,0.084,1.49,-0.537,1.215,-36.389,7.398,56,44,0,0,"",-1.734,-138.573,2.899,0,0,4,"=","=","=","=","=","=","=","=","=",6,L,"하루（Haru）",174.9,85.172,0.403,,20,W,Y,0,,,,,,,,,,,,,,,,,,,,,,,,,,,,,0,0,,,,,,,,,,,,,6246.945,,,,,,,,,,,,,,,,,,,,,,,,,0.076,-37.763,-0.045,-17.778,-22.761,-47.03,-10.844,-60.382,21.189,-45.237,11.82,-65.774,53.103,-95.628,8.252,-118.755,-47.082,-96.108,,,,"",,,,"",,,,"",,,,"",,,,"",,,,"",,,,"",,,,"",,,,6235.993,-0.148,-37.414,,,,,,,,,,,,,,,,,,,,,,,,,,,,,,,,,,,,,,,,,,,,,,,,,,,,"",0,,,,,,,,,,,,,0,"",6234.153,,,0,""
167,,7,1,7,3,3,1,1,0,1,0,255,8,255,56,6273.151,"わだ、、",R,13,51,84,-0.097,1.351,0.273,2.13,0.659,3.033,-36.389,74.219,100,0,0,1,"",-286.855,329.988,-8.826,0,0,4,"=","=","=","=","=","=","=","=","=",6,L,"하루（Haru）",174.9,85.172,0.403,,20,W,Y,0,,,,,,,,,,,,,,,,,,,,,,,,,,,,,0,0,,6281.715,,,,,,,,,,,6373.786,,,,,,,,,,,,,,,,,,,,,,,,,0.151,-37.871,-0.053,-17.831,-22.585,-47.187,-10.757,-60.48,21.313,-45.102,12.459,-65.19,50.127,-97.431,3.783,-117.234,-47.163,-96.072,,,,"",,,,"",,,,"",,,,"",,,,"",,,,"",,,,"",,,,"",,,,6279.517,0.268,-37.112,,,,,,,,,,,,,,,,,,,,,,,,,,,,,,,,,,,,,,,,,,,,,,,,,,,,"",5,,,,,,,,,,,,,0,"",6276.084,,,0,""
168,,7,1,7,3,0,0,1,1,1,0,6,8,255,57,6376.779,"わだ、、",R,26,85,138,-1.056,-0.059,0.099,1.475,-0.468,1.391,-36.389,9.274,53,47,0,0,"",3.397,-200,11.504,0,0,5,"=","=","=","=","=","=","=","=","=",5,L,"schmoneymikey",175.1,80,0.35,,20,W,Y,0,,,,,,,,,,,,,,,,,,,,,,,,,,,,,0,0,,,,,,,,,,,,6376.854,6391.131,,,,,,,,,,,,,,,,,,,,,,,,,0.07,-37.634,-0.079,-17.76,-19.961,-42.765,-11.665,-58.938,21.354,-46.091,12.856,-65.058,46.606,-94.152,2.245,-112.861,-47.37,-95.868,,,,"",,,,"",,,,"",,,,"",,,,"",,,,"",,,,"",,,,"",,,,6380.917,0.302,-37.5,,,,,,,,,,,,,,,,,,,,,,,,,,,,,,,,,,,,,,,,,,,,,,,,,,,,"",0,,,,,,,,,,,,,0,"",6379.677,,,0,""
169,,7,1,7,3,0,1,1,1,1,0,6,8,255,58,6394.312,"わだ、、",R,10,91,116,-1.242,-1.807,0.025,1.502,-0.541,1.073,-36.389,7.33,52,48,0,2,"BH-",0,400,19.475,0,0,5,"=","=","=","=","=","=","=","=","=",5,L,"schmoneymikey",175.1,80,0.35,3,20,W,Y,1,6395.422,255,199,133,155,0,,145,82,-15.174,-14.696,-0.191,0.42,-21.519,1,0,0.31,-191.073,-193.598,196.681,6254.867,0.158,-22.844,6255.8,0,2.575,0.241,-35.994,1,0,,6400.371,,,,6399.52,,,6400.273,,,,,,6399.528,2,2,181,0,,,,,,,,,,,,,,,6398.903,4,,,0.158,-37.978,-0.066,-17.752,-19.824,-41.794,-10.427,-60.457,20.813,-44.87,7.553,-66.02,46.692,-94.182,2.944,-113.382,-47.379,-95.813,0.196,-36.602,120,"encounter v",-0.132,-17.885,,"쟈가리코",-19.957,-45.637,61,"muyang_",-11.539,-59.703,,"DoYaGee",20.962,-46.089,115,"shimenawa",12.654,-64.786,,"Po_cari",46.646,-94.185,,"ByeolBam",2.945,-113.386,,"ddil_ddil69",-47.372,-95.786,,6396.662,2.653,-36.721,,,,6401.285,-18.04,-39.292,,,,6398.434,17.695,-40.07,,,,,,,,,,,,,6397.912,8.972,-38.472,,,,6406.292,-17,-39.647,,,,6399.753,16.331,-39.824,,,,,,,,,,,,,"",2,,,,,,,,,,,,,0,"わだ、、",6399.52,6400.273,,34,""
170,,7,1,7,3,0,0,2,1,1,0,5,6,255,59,6428.985,"わだ、、",R,10,81,108,1.064,-0.467,0.339,1.836,0.432,1.84,-36.389,34.524,100,0,0,2,"",11.494,400,-0.218,0,0,6,"=","=","=","=","=","=","=","=","=",1,R,"_AKASATA_",190,85.821,0.397,5,20,W,Y,1,6429.85,175,156,91,69,30,,145,37,-43.461,-57.049,0.203,0.946,-21.202,1,0,0.371,-328.269,258.175,-413.74,6287.35,0.969,-21.701,6290.6,4,18.381,0.059,-34.977,0,0,,,,,,6434.079,,,6433.731,,,6446.626,6452.629,,,,,,,,,,,,,,,,,,,,,,,,,0.236,-37.898,-0.032,-17.711,-22.388,-47.603,-15.818,-62.623,21.37,-45.599,11.821,-65.304,43.699,-89.505,-0.72,-113.32,-47.66,-95.538,-0.136,-36.567,,"encounter v",-0.023,-17.692,,"쟈가리코",-22.037,-48.016,,"muyang_",-15.704,-62.502,,"DoYaGee",21.407,-46.876,85,"shimenawa",11.702,-65.25,,"Po_cari",43.698,-89.528,,"ByeolBam",-0.719,-113.316,,"ddil_ddil69",-47.646,-95.51,,6443.866,-1.079,-38.754,,,,,,,,,,6433.258,18.708,-35.228,,,,,,,,,,,,,,,,,,,,,,,,,6442.699,18.166,-41.646,,,,,,,,,,,,,"",3,-68.025,-49.033,-8.489,0.602,0,1,-43.461,-43.461,-59.039,-43.461,0,-100.696,0,"DoYaGee",6434.079,6433.731,,32,""
171,,7,1,7,3,0,1,2,1,1,0,5,6,255,60,6459.158,"わだ、、",R,10,87,113,1.007,-1.724,0.338,1.458,0.428,1.023,-36.389,17.053,61,39,0,2,"",0,400,7.155,0,0,6,"=","=","=","=","=","=","=","=","=",1,R,"_AKASATA_",190,85.821,0.397,5,20,W,Y,1,6460.005,255,98,57,34,28,,135,131,-30,-53.893,0.195,0.298,-20.222,0.45,0,0.125,60.407,-121.834,418.277,6316.483,0.759,-20.633,,,,,,0,0,,,,,,,,,,,,6477.026,6478.044,,,,,,,,,,,,,,,,,,,,,,,,,0.179,-37.706,-0.033,-17.785,-20.317,-42.241,-14.901,-61.532,20.025,-43.794,7.933,-66.473,43.179,-86.625,0.28,-115.584,-47.733,-95.712,-0.134,-36.565,,"encounter v",-0.031,-17.811,,"쟈가리코",-20.836,-46.125,,"muyang_",-14.926,-61.508,,"DoYaGee",19.55,-44.85,,"shimenawa",12.745,-65.876,,"Po_cari",43.066,-86.669,,"ByeolBam",0.272,-115.589,,"ddil_ddil69",-47.72,-95.689,,,,,,,,,,,,,,,,,,,,,,,,,,,,,,,,,,,,,,,,,,,,,,,,,,,,,,,,"",3,-53.346,-53.346,-11.469,0,0,1,-49.356,-49.356,-63.635,-49.356,0,-66.349,0,"",6467.647,,,0,""
172,,7,1,7,3,0,2,2,1,1,0,5,6,255,61,6479.994,"わだ、、",R,26,79,129,2.074,1.992,0.396,1.866,0.911,2.677,-36.389,39.736,100,0,0,2,"",-13.305,-200,-8.076,0,0,6,"=","=","=","=","=","=","=","=","=",1,R,"_AKASATA_",190,85.821,0.397,5,20,W,Y,1,6480.781,143,84,70,52,30,,137,93,97.057,-19.686,0.403,1.808,-19.844,-0.6,0,0.106,383.705,-205.595,-261.596,6343.217,-1.398,-2.311,,,,,,0,0,,,,,,,,,6484.505,,,6507.074,6510.072,,,,,,,,,,,,,,,,,,,,,,,,,0.188,-37.738,-0.042,-17.723,-21.014,-47.512,-15.073,-62.14,21.068,-44.448,10.265,-65.839,44.133,-87.762,0.559,-115.966,-47.515,-96.059,0.417,-36.613,,"encounter v",-0.048,-17.712,,"쟈가리코",-21.59,-48.222,,"muyang_",-14.309,-61.893,,"DoYaGee",20.647,-44.928,,"shimenawa",12.851,-67.483,,"Po_cari",44.158,-87.74,,"ByeolBam",0.562,-115.964,,"ddil_ddil69",-47.556,-96.04,,,,,,,,,,,,,,,,,,,,,,,,,,,,,,,,,,,,,,,,,,,,,,,,,,,,,,,,"",3,-19.591,-19.591,12.55,0,0,1,82.943,82.943,-1.633,82.943,0,-132.293,0,"",6495.146,6484.505,,0,""
173,,7,1,7,3,0,2,2,1,1,0,5,6,255,62,6510.152,"わだ、、",R,13,69,97,-1.717,-0.529,0.204,1.844,-0.049,1.79,-36.389,40.107,100,0,0,2,"",-330.939,330.388,-11.209,0,0,6,"=","=","=","=","=","=","=","=","=",1,R,"_AKASATA_",190,85.821,0.397,3,20,W,Y,1,6511.016,255,121,59,57,34,,137,31,11.82,33.145,-0.29,0.944,-21.26,0.63,0,0.448,22.713,-46.256,-48.732,6367.083,-4.947,-28.435,6368.35,0,-7.571,0.055,-33.061,0,0,,6516.931,,,,6515.353,,,6515.148,,,,,,6515.478,6,,147,0,,,,,,,,,,,,,,,,,,,0.112,-37.887,-0.099,-17.755,-20.485,-43.093,-13.879,-61.502,21.35,-45.518,11.853,-65.437,42.397,-86.046,-0.754,-112.533,-48.273,-96.017,0.06,-36.566,112,"encounter v",-0.122,-17.871,,"쟈가리코",-21.119,-46.74,77,"muyang_",-13.788,-61.313,,"DoYaGee",21.003,-45.837,,"shimenawa",12.502,-65.028,,"Po_cari",42.341,-85.905,,"ByeolBam",-2.459,-114.027,,"ddil_ddil69",-48.221,-95.975,,6513.423,-7.259,-34.216,,,,6514.843,-18.767,-39.201,,,,,,,,,,,,,,,,,,,6514.257,-10.88,-35.746,,,,6517.064,-18.135,-38.611,,,,,,,,,,,,,,,,,,,"",2,,,,,,,,,,,,,0,"わだ、、",6515.353,6515.148,,2,""
174,SIDE,7,1,7,3,0,0,2,0,1,1,255,5,6,,6517.602,,,,,,,,,,,,,,,,,,,,,,,,7,"=","=","=","=","=","=","=","=","=",,,,,,,,,,,,,,,,,,,,,,,,,,,,,,,,,,,,,,,0,0,,,,,,,,,,,,,,,,,,,,,,,,,,,,,,,,,,,,,,,,,,,,,,,,,,,,,,,,,,,,,,,,,,,,,,,,,,,,,,,,,,,,,,,,,,,,,,,,,,,,,,,,,,,,,,,,,,,,,,,,,,,,,,,,,,,,,,,,,,,,,,,,,"",0,,,,,,,,,,,,,0,"",,,,0,""
175,,7,0,7,3,0,0,0,0,0,0,255,255,255,62,6564.775,"しろくま。",R,13,78,116,0.425,0.237,0.347,1.489,0.685,2.142,-36.454,13.047,55,45,0,2,"",-353.106,354.001,0,0,0,7,"ByeolBam","쟈가리코","shimenawa","encounter v","_송글_","DoYaGee","ddil_ddil69","Po_cari","muyang_",6,R,"Po_cari",175.2,85,0.45,5,20,W,Y,1,6565.908,212,91,84,63,33,,145,103,-17.896,21.549,0.058,0.973,-19.962,-0.01,0,0.282,-264.422,46.068,17.537,6419.517,-0.943,-22.493,6421.517,3,-12.482,0.083,-55.71,0,0,,,,,,,,,,,,,,,6570.388,7,,147,256,,,,,,,,,,,,,,,,,,,0.174,-38.165,0.051,-16.903,-22.586,-47.209,-16.363,-62.523,24.361,-51.223,7.897,-65.701,43.092,-101.389,-3.645,-113.718,-40.354,-94.511,0.185,-37.185,,"_AKASATA_",0.136,-17.026,,"Fresh825",-22.345,-46.974,74,"Dοpi",-16.72,-63.527,96,"Muna_328",24.394,-51.053,,"schmoneymikey",7.694,-65.673,,"하루（Haru）",43.098,-101.398,,"うよすま",-3.671,-113.697,,"Sabo_10",-40.349,-94.97,,6573.69,-1.174,-40.767,,,,6569.775,-19.102,-40.655,6568.019,-13.297,-58.085,,,,,,,,,,,,,,,,,,,,,,6572.504,-18.349,-40.082,6569.005,-14.077,-53.396,,,,,,,,,,,,,,,,"",2,23.728,23.728,11.175,0,0,1,-17.896,-17.896,-35.052,-17.896,0,23.81,0,"Dοpi",,,,264,""
176,,7,0,7,3,0,0,1,0,0,0,255,255,255,63,6587.889,"しろくま。",R,26,90,140,2.343,1.703,0.378,1.558,0.826,2.396,-36.454,15.644,48,52,0,1,"",137.728,-200,0,0,0,8,"=","=","=","=","=","=","=","=","=",3,R,"muyang_",172.4,80,0.498,,20,W,Y,0,,,,,,,,,,,,,,,,,,,,,,,,,,,,,0,0,,,,,,,,,,,,,,,,,,,,,,,,,,,,,,,,,,,,,,0.051,-38.336,0.114,-17.064,-22.384,-47.376,-15.852,-62.638,24.865,-51.131,7.445,-65.575,46.505,-107.7,-3.763,-111.924,-39.65,-94.152,,,,"",,,,"",,,,"",,,,"",,,,"",,,,"",,,,"",,,,"",,,,6592.523,-0.216,-37.914,,,,,,,,,,,,,,,,,,,,,,,,,,,,,,,,,,,,,,,,,,,,,,,,,,,,"",0,,,,,,,,,,,,,0,"",,,,0,""
177,,7,0,7,3,1,0,1,0,0,0,255,255,255,64,6602.844,"しろくま。",R,3,79,118,2.308,1.074,0.364,1.369,0.764,1.724,-36.454,6.565,62,38,0,2,"",-415.63,132.418,0,0,0,8,"=","=","=","=","=","=","=","=","=",3,R,"muyang_",172.4,80,0.498,0,20,W,Y,1,6603.839,125,161,63,53,18,,137,96,-24.091,33.272,0.012,0.859,-19.984,0.95,0,0.253,-161.83,279.696,-67.195,6454.617,-1.137,-21.726,6456.4,2,-15.669,0.123,-48.409,0,0,,6608.968,,,,,,,,,,,,,6608.541,8,,147,0,,,,,,,,,,,6607.852,2,,,,,,,0.119,-38.282,0.006,-17.18,-22.349,-47.388,-16.101,-63.244,24.453,-51.384,7.398,-65.466,46.65,-106.565,-3.938,-111.845,-39.378,-98.115,0.447,-36.76,,"_AKASATA_",-0.006,-17.186,,"Fresh825",-21.967,-47.389,66,"Dοpi",-16.198,-63.583,,"Muna_328",24.516,-51.088,,"schmoneymikey",7.373,-65.448,,"하루（Haru）",46.932,-106.542,,"うよすま",-3.928,-111.792,,"Sabo_10",-40.856,-98.119,,6612.066,-13.459,-37.99,,,,6605.805,-16.903,-48.805,,,,,,,,,,,,,,,,,,,,,,,,,6611.535,-18.055,-39.757,,,,,,,,,,,,,,,,,,,"",2,,,,,,,,,,,,,0,"Fresh825",,,,8,""
178,,7,0,7,3,0,0,2,0,0,0,255,255,255,65,6629.361,"しろくま。",R,6,70,110,2.352,-0.162,0.224,1.315,0.112,1.533,-36.454,12.645,51,49,0,1,"",500,0,0,0,0,0,"=","=","=","=","=","=","=","=","=",7,R,"ByeolBam",175.3,88,0.5,,20,W,Y,0,,,,,,,,,,,,,,,,,,,,,,,,,,,,,0,0,,,,,,,,,,,,,,,,,,,,,,,,,,,,,,,,,,,,,,-0.035,-38.254,0.098,-17.172,-21.9,-46.727,-15.248,-62.961,24.785,-51.447,7.148,-62.146,44.422,-105.926,-4.532,-122.319,-40.269,-100.866,,,,"",,,,"",,,,"",,,,"",,,,"",,,,"",,,,"",,,,"",,,,6633.828,0.031,-38.01,,,,,,,,,,,,,,,,,,,,,,,,,,,,,,,,,,,,,,,,,,,,,,,,,,,,"",0,,,,,,,,,,,,,0,"",,,,0,""
179,,7,0,7,3,1,0,2,0,0,0,255,255,255,66,6641.415,"しろくま。",R,13,84,123,1.358,-0.327,0.45,1.397,1.162,1.818,-36.454,13.101,46,54,0,2,"",-371.868,334.237,0,0,0,0,"=","=","=","=","=","=","=","=","=",7,R,"ByeolBam",175.3,88,0.5,5,20,W,Y,1,6642.348,200,107,150,93,30,,145,85,14.377,21.567,0.256,0.848,-20.556,-0.95,0,0.333,96.577,281.784,-52.45,,,,6495.233,3,-18.199,2.405,-62.662,0,0,,,,,,,,,,,,,,,6645.187,0,,452,0,,,,,,,,,,,,,,,,,,,0.095,-38.164,0.092,-17.012,-21.862,-46.969,-15.255,-63.512,24.773,-51.504,6.962,-63.299,44.618,-105.151,-3.934,-117.719,-40.53,-101.83,0.385,-36.794,,"_AKASATA_",0.04,-17.112,,"Fresh825",-21.554,-46.789,,"Dοpi",-15.708,-64.252,86,"Muna_328",24.803,-51.34,,"schmoneymikey",6.954,-63.317,,"하루（Haru）",44.767,-105.374,,"うよすま",-3.901,-117.642,,"Sabo_10",-40.547,-101.84,,,,,,,,,,,6645.208,-18.588,-63.668,,,,,,,,,,,,,,,,,,,,,,,,,6646.986,-17.373,-62.789,,,,,,,,,,,,,,,,"",1,23.664,23.664,-2.657,0,1,0.633,22.307,14.377,-5.274,78.998,0.012,61.671,0,"Dοpi",,,,256,""
180,SIDE,7,0,7,3,0,0,2,0,0,0,255,255,255,,6647.732,,,,,,,,,,,,,,,,,,,,,,,,1,"=","=","=","=","=","=","=","=","=",,,,,,,,,,,,,,,,,,,,,,,,,,,,,,,,,,,,,,,0,0,,,,,,,,,,,,,,,,,,,,,,,,,,,,,,,,,,,,,,,,,,,,,,,,,,,,,,,,,,,,,,,,,,,,,,,,,,,,,,,,,,,,,,,,,,,,,,,,,,,,,,,,,,,,,,,,,,,,,,,,,,,,,,,,,,,,,,,,,,,,,,,,,"",0,,,,,,,,,,,,,0,"",,,,0,""
181,,8,1,7,3,0,0,0,0,0,0,255,255,255,63,6697.931,"わだ、、",R,26,82,133,0.946,-0.774,0.282,1.551,0.384,0.958,-36.389,16.607,100,0,0,2,"",14.048,-200,8.308,0,0,7,"Muna_328","Megu3568","Sabo_10","Fresh825","하루（Haru）","schmoneymikey","_AKASATA_","うよすま","Dοpi",7,R,"うよすま",175.4,80,0.5,5,19,W,Y,1,6698.983,255,151,143,104,27,,145,103,100.371,-51.171,0.175,0.687,-20.387,0.93,0,0.473,-16.888,-23.836,134.098,6554.8,-19.786,-6.487,,,,,,0,0,,6705.08,,,,,,,,,,,,,,,,,,,,,,,,,,,,,,,,,,,,0.094,-37.518,-0.018,-17.741,-21.124,-45.742,-16.688,-62.6,22.386,-48.036,12.802,-65.378,37.529,-86.862,-0.012,-112.463,-49.72,-98.202,0.46,-36.645,,"encounter v",-0.022,-17.791,,"쟈가리코",-21.032,-45.602,,"muyang_",-16.647,-62.519,,"DoYaGee",21.946,-48.149,,"shimenawa",13.132,-64.867,,"Po_cari",37.507,-86.864,,"ByeolBam",-0.011,-112.472,,"ddil_ddil69",-49.651,-98.126,,,,,,,,,,,,,,,,,,,,,,,,,,,,,,,,,,,,,,,,,,,,,,,,,,,,,,,,"",3,-50.829,-50.476,-6.537,0,0,1,79.629,79.629,-6.55,79.629,0,-69.568,0,"",,,,0,""
182,,8,1,7,3,0,1,0,0,0,0,255,255,255,64,6723.822,"わだ、、",R,10,95,119,-0.413,-2.724,0.141,1.329,-0.184,0.67,-36.389,7.427,56,44,0,1,"",0,400,13.78,-0.084,-19.854,7,"=","=","=","=","=","=","=","=","=",7,R,"うよすま",175.4,80,0.5,,42,W,Y,0,,,,,,,,,,,,,,,,,,,,,,,,,,,,,0,0,,,,,,,,,,,,,,,,,,,,,,,,,,,,,,,,,,,,,,0.094,-37.568,-0.032,-17.766,-21.067,-44.935,-16.692,-62.695,21.891,-47.597,13.859,-64.495,37.136,-87.011,0.079,-112.375,-49.822,-97.945,,,,"",,,,"",,,,"",,,,"",,,,"",,,,"",,,,"",,,,"",,,,,,,,,,,,,,,,,,,,,,,,,,,,,,,,,,,,,,,,,,,,,,,,,,,,,,,,,,"",0,,,,,,,,,,,,,0,"",,,,0,""
183,,8,1,7,3,1,1,0,0,0,0,255,255,255,65,6740.222,"わだ、、",R,26,90,140,-0.091,-0.318,0.191,1.463,-0.043,1.25,-36.389,10.442,70,30,0,2,"",-2.116,-190.383,3.826,0,0,7,"=","=","=","=","=","=","=","=","=",7,R,"うよすま",175.4,80,0.5,5,42,W,Y,1,6741.249,255,102,171,82,0,,145,100,26.179,24.647,-0.03,0.778,-19.419,0.95,0,0.333,484.495,287.781,203.251,6594.5,-42.27,-94.963,6594.767,8,-40.793,2.2,-92.553,0,0,,6747.114,,,,,,,,,,,,,6746.346,7,,457,0,,,,,,,,,,,,,,,,,,,0.126,-37.684,-0.039,-17.763,-20.977,-46.124,-16.599,-62.693,22.314,-47.957,13.774,-64.792,38.091,-87.136,0.033,-112.183,-50.155,-99.441,-0.23,-36.416,,"encounter v",-0.068,-17.818,,"쟈가리코",-20.791,-46.403,,"muyang_",-16.495,-62.56,,"DoYaGee",22.463,-48.051,,"shimenawa",13.661,-64.699,,"Po_cari",38.161,-87.157,,"ByeolBam",0.05,-112.187,,"ddil_ddil69",-50.114,-99.37,115,6751.052,-2.093,-40.443,,,,,,,,,,,,,,,,,,,,,,6746.365,-41.214,-93.232,,,,,,,,,,,,,,,,,,,,,,,,,6748.831,-34.535,-79.483,"",1,25.4,25.4,5.765,0,2,0.164,85.391,37.774,-0.226,89.034,0.065,84.941,0,"ddil_ddil69",,,,64,""
184,,8,1,7,3,0,0,1,0,0,0,255,255,255,66,6766.517,"わだ、、",R,26,88,140,1.249,0.741,0.327,1.671,0.593,1.981,-36.389,22.089,100,0,0,2,"",0.49,-200,-0.197,0,0,8,"=","=","=","=","=","=","=","=","=",3,R,"Dοpi",175,90,0.35,5,19,W,Y,1,6767.324,48,129,123,83,60,,96,67,17.865,17.178,0.272,1.302,-20.454,-1,0,0.282,577.744,-156.015,-39.781,,,,6618.4,3,-11.255,1.875,-60.362,0,0,,,,,,,,,,,,,,,6770.647,8,,452,0,,,,,,,,,,,,,,,,,,,0.206,-37.94,-0.029,-17.784,-21.791,-47.155,-16.872,-62.524,22.046,-48.351,13.409,-64.048,38.529,-87.53,0.134,-114.526,-47.449,-96.815,-0.035,-36.818,,"encounter v",-0.033,-17.772,,"쟈가리코",-21.438,-47.135,,"muyang_",-16.844,-62.484,85,"DoYaGee",22.255,-48.631,,"shimenawa",12.668,-64.307,,"Po_cari",38.554,-87.544,,"ByeolBam",0.118,-114.552,,"ddil_ddil69",-47.338,-96.6,,6774.497,-1.352,-41.525,,,,,,,6770.66,-11.558,-61.382,,,,,,,,,,,,,,,,,,,,,,,,,6773.347,-9.469,-57.867,,,,,,,,,,,,,,,,"",1,17.432,17.432,-10.283,0,0,1,17.865,17.865,34.197,17.865,0,31.015,0,"muyang_",,,,256,""
185,,8,1,7,3,0,0,2,0,0,0,255,255,255,67,6794.569,"わだ、、",R,13,73,100,1.779,-0.31,0.678,1.855,1.483,1.881,-36.389,47.517,100,0,0,1,"",-354.94,312.348,-21.312,-0.051,-15.531,0,"=","=","=","=","=","=","=","=","=",4,R,"Muna_328",189.7,89.724,0.5,,19,W,Y,0,,,,,,,,,,,,,,,,,,,,,,,,,,,,,0,0,,,,,,,,,,,,,,,,,,,,,,,,,,,,,,,,,,,,,,0.237,-37.873,-0.168,-17.763,-22.197,-47.042,-16.645,-62.706,22.091,-47.373,11.783,-65.679,39.086,-86.575,0.399,-114.873,-49.111,-98.95,,,,"",,,,"",,,,"",,,,"",,,,"",,,,"",,,,"",,,,"",,,,6799.262,0.125,-37.904,,,,,,,,,,,,,,,,,,,,,,,,,,,,,,,,,,,,,,,,,,,,,,,,,,,,"",0,,,,,,,,,,,,,0,"",,,,0,""
186,,8,1,7,3,1,0,2,0,0,0,255,255,255,68,6812.487,"わだ、、",R,26,93,140,1.326,-0.31,0.317,1.427,0.544,1.254,-36.389,15.398,53,47,0,2,"",17.722,-200,3.14,0,0,0,"=","=","=","=","=","=","=","=","=",4,R,"Muna_328",189.7,89.724,0.5,5,19,W,Y,1,6813.567,255,147,139,20,0,,145,111,25.964,-42.874,0.195,0.92,-20.895,0.04,0,0.904,199.081,359.176,360.85,6665.783,60.496,-97.94,6667.75,6,59,0.06,-102.481,1,0,,6819.395,6823.891,,,,,,,,,,,,,,,,,,,,,,,,,,,,,,,,,,,0.156,-37.756,0.003,-17.772,-22.203,-47.234,-16.325,-62.571,21.82,-48.479,12.784,-64.913,39.138,-86.608,0.261,-114.822,-49.126,-98.964,0.428,-36.628,,"encounter v",0.059,-17.901,,"쟈가리코",-21.686,-47.43,,"muyang_",-16.246,-62.388,86,"DoYaGee",21.719,-48.566,,"shimenawa",12.612,-64.858,,"Po_cari",39.042,-86.556,93,"ByeolBam",0.191,-114.84,,"ddil_ddil69",-49.11,-98.945,,6831.229,-1.881,-39.682,,,,,,,6825.913,1.007,-59.785,,,,,,,6821.022,58.83,-102.005,,,,,,,,,,,,,,,,6830.166,-0.878,-55.802,,,,,,,6822.362,51.785,-100.642,,,,,,,"",2,-42.672,-42.672,-16.02,0,2,0.148,81.896,34.121,-3.879,78.954,0.06,-76.028,0,"Po_cari",6823.891,,,384,""
187,,8,1,7,3,0,0,2,0,1,0,255,4,255,69,6852.237,"わだ、、",R,10,86,112,0.062,-2.529,0.207,1.179,0.021,0.42,-36.389,14.985,47,53,0,1,"",0,400,12.586,0.017,-20.897,1,"=","=","=","=","=","=","=","=","=",9,R,"Megu3568",190,88.251,0.405,,19,W,Y,0,,,,,,,,,,,,,,,,,,,,,,,,,,,,,0,0,,,,,,,,,,,,,6870.888,,,,,,,,,,,,,,,,,,,,,,,,,0.163,-37.593,-0.031,-17.72,-21.86,-48.138,-15.871,-62.639,20.812,-46.344,5.588,-64.093,48.683,-96.177,-0.346,-111.314,-50.477,-100.549,,,,"",,,,"",,,,"",,,,"",,,,"",,,,"",,,,"",,,,"",,,,6856.726,0.006,-37.573,,,,,,,,,,,,,,,,,,,,,,,,,,,,,,,,,,,,,,,,,,,,,,,,,,,,"",0,,,,,,,,,,,,,0,"",6854.934,,,0,""
188,,8,1,7,3,1,0,2,0,1,0,255,4,255,70,6871.168,"わだ、、",R,10,94,118,0.485,-1.94,0.267,1.376,0.209,0.847,-36.389,10.548,49,51,0,2,"",0,400,14.777,0,0,1,"=","=","=","=","=","=","=","=","=",9,R,"Megu3568",190,88.251,0.405,3,19,W,Y,1,6872.307,255,213,141,122,45,,145,130,-30,-21.368,0.094,0.268,-20.424,0.52,0,0.539,-487.019,150.176,-263.204,6718.1,0.236,-20.787,6721.983,6,32.617,0.055,-103.004,1,0,,6878.102,,,,,,,6877.214,,,,,,,,,,,,,,,,,,,,,,,,,,,,,0.188,-37.727,-0.024,-17.731,-21.829,-48.218,-15.731,-62.249,21.107,-46.618,5.554,-65.26,48.749,-96.177,0.065,-111.321,-50.378,-100.4,0.296,-36.605,,"encounter v",-0.034,-17.792,,"쟈가리코",-21.699,-47.997,,"muyang_",-16.106,-63.221,,"DoYaGee",20.909,-47.3,,"shimenawa",9.8,-66.385,72,"Po_cari",48.77,-96.174,107,"ByeolBam",0.062,-111.32,,"ddil_ddil69",-50.373,-100.359,,6885.132,-0.648,-39.007,,,,,,,,,,,,,6879.878,21.769,-50.106,6876.36,33.282,-103.714,,,,,,,,,,,,,,,,,,,,,,6883.826,16.519,-49.269,6877.714,31.061,-96.338,,,,,,,"",2,,,,,,,,,,,,,0,"Po_cari",,6877.214,,132,""
189,,8,1,7,3,0,0,2,1,0,1,9,255,4,71,6926.324,"わだ、、",R,13,69,97,-2.842,-0.963,0.057,1.721,-0.569,1.578,-36.389,20.997,100,0,0,2,"",-314.308,350.651,-7.997,0,0,2,"=","=","=","=","=","=","=","=","=",8,L,"Sabo_10",185.3,88,0.452,0,19,W,Y,1,6927.307,255,122,105,131,82,,145,93,6.302,29.059,-0.47,0.772,-21.251,-0.87,0,0.612,-395.037,-286.339,231.677,6769.25,-12.344,-43.66,6772.417,8,-33.846,0.055,-84.73,1,0,,6932.714,,,,6932.447,,,,,6932.128,6926.601,,,,,,,,,,,,,,,,,,,,,,,,,,0.07,-37.654,-0.098,-17.779,-19.819,-40.73,-14.484,-62.003,20.257,-42.57,7.544,-64.703,47.965,-99.104,4.562,-114.561,-46.162,-97.4,0.076,-36.556,,"encounter v",-0.188,-17.812,,"쟈가리코",-20.049,-43.956,,"muyang_",-13.551,-61.196,,"DoYaGee",20.646,-45.174,,"shimenawa",11.435,-63.846,61,"Po_cari",48.053,-99.142,,"ByeolBam",3.242,-115.59,,"ddil_ddil69",-46.161,-97.393,115,6938.372,-1.021,-39.259,,,,,,,,,,,,,6933.952,-1.314,-59.911,,,,,,,6931.547,-34.249,-85.265,,,,,,,,,,,,,,,,6936.931,-1.119,-57.82,,,,,,,6932.341,-30.07,-80.632,"",2,,,,,,,,,,,,,0,"ddil_ddil69",6932.447,,6932.128,68,""
190,,8,1,8,3,0,0,2,1,1,0,8,9,255,72,6965.271,"わだ、、",R,26,87,140,-1.197,0.748,0.088,1.643,-0.521,1.915,-36.389,13.867,70,30,0,0,"",-3.047,-200,7.684,0,0,3,"=","=","=","=","=","=","=","=","=",2,L,"Fresh825",190,80,0.2,,19,W,Y,0,,,,,,,,,,,,,,,,,,,,,,,,,,,,,0,0,,,,,,,,,,,,,,,,,,,,,,,,,,,,,,,,,,,,,,0.158,-37.874,-0.02,-17.79,-20.166,-43.582,-14.746,-61.992,21.481,-45.881,12.263,-65.445,50.315,-99.898,1.696,-111.102,-47.626,-96.618,,,,"",,,,"",,,,"",,,,"",,,,"",,,,"",,,,"",,,,"",,,,6970.213,-0.063,-37.356,,,,,,,,,,,,,,,,,,,,,,,,,,,,,,,,,,,,,,,,,,,,,,,,,,,,"",0,,,,,,,,,,,,,0,"",6968.609,,,0,""
191,,8,1,8,3,0,1,2,1,1,0,8,9,255,73,6981.675,"わだ、、",R,10,90,115,-1.915,-2.198,-0.068,1.316,-0.832,0.716,-36.389,6.163,54,46,0,4,"",0,400,16.142,-0.37,-19.576,3,"=","=","=","=","=","=","=","=","=",2,L,"Fresh825",190,80,0.2,,19,W,Y,1,,,,,,,,,,,,,,,,,,,,,,,,,,,,,0,0,,,,,,,,,,,,6981.941,6981.826,,,,,,,,,,,,,,,,,,,,,,,,,0.089,-37.784,-0.038,-17.815,-19.998,-41.118,-14.881,-62.24,21.07,-44.095,10.097,-65.916,50.116,-100.046,2.366,-111.087,-47.682,-96.697,,,,"",,,,"",,,,"",,,,"",,,,"",,,,"",,,,"",,,,"",,,,6987.217,-0.088,-37.347,,,,,,,,,,,,,,,,,,,,,,,,,,,,,,,,,,,,,,,,,,,,,,,,,,,,"",0,,,,,,,,,,,,,0,"",6984.986,,,0,""
192,,8,1,8,3,0,2,2,1,1,0,8,9,255,74,7001.472,"わだ、、",R,26,89,140,-1.205,-0.107,0.091,1.466,-0.508,1.38,-36.389,1.937,70,30,0,0,"",-15.018,-200,10.696,0,0,3,"=","=","=","=","=","=","=","=","=",2,L,"Fresh825",190,80,0.2,,19,W,Y,1,,,,,,,,,,,,,,,,,,,,,,,,,,,,,0,8,,,,,,,,,,,,,,,7004.163,3,,578,0,,,,,,,,,,,,,,,,,,,0.174,-37.884,-0.04,-17.753,-19.718,-43.057,-14.514,-62.248,20.69,-44.313,13.225,-65.488,50.135,-100.017,-1.268,-114.208,-47.518,-96.41,,,,"",,,,"",,,,"",,,,"",,,,"",,,,"",,,,"",,,,"",,,,,,,,,,,,,,,,,,,,,,,,,,,,,,,,,,,,,,,,,,,,,,,,,,,,,,,,,,"",0,,,,,,,,,,,,,0,"",,,,0,""
193,SIDE,8,1,8,3,0,0,2,1,1,0,8,9,255,,7007.148,,,,,,,,,,,,,,,,,,,,,,,,4,"=","=","=","=","=","=","=","=","=",,,,,,,,,,,,,,,,,,,,,,,,,,,,,,,,,,,,,,,0,0,,,,,,,,,,,,,,,,,,,,,,,,,,,,,,,,,,,,,,,,,,,,,,,,,,,,,,,,,,,,,,,,,,,,,,,,,,,,,,,,,,,,,,,,,,,,,,,,,,,,,,,,,,,,,,,,,,,,,,,,,,,,,,,,,,,,,,,,,,,,,,,,,"",0,,,,,,,,,,,,,0,"",,,,0,""
194,,8,0,8,3,0,0,0,0,0,0,255,255,255,67,7053.795,"しろくま。",R,26,84,136,4.786,1.036,0.596,1.486,1.841,2.096,-36.454,23.957,93,7,0,1,"",163.694,-200,0,0,0,1,"ByeolBam","쟈가리코","shimenawa","encounter v","_송글_","DoYaGee","ddil_ddil69","Po_cari","muyang_",2,L,"쟈가리코",190,82,0.501,,72,W,Y,0,,,,,,,,,,,,,,,,,,,,,,,,,,,,,0,0,,,,,,,,,,,,,,,,,,,,,,,,,,,,,,,,,,,,,,0.139,-38.131,1.017,-16.86,-21.573,-47.18,-12.305,-64.735,25.28,-49.893,13.001,-64.302,43.994,-102.684,6.963,-123.354,-43.458,-98.236,,,,"",,,,"",,,,"",,,,"",,,,"",,,,"",,,,"",,,,"",,,,,,,,,,,,,,,,,,,,,,,,,,,,,,,,,,,,,,,,,,,,,,,,,,,,,,,,,,"",0,,,,,,,,,,,,,0,"",,,,0,""
195,,8,0,8,3,1,0,0,0,0,0,255,255,255,68,7068.718,"しろくま。",R,14,68,108,-1.403,-0.188,-0.084,1.432,-1.321,1.921,-36.454,4.388,54,46,0,2,"",383.336,312.348,0,0,0,1,"=","=","=","=","=","=","=","=","=",2,L,"쟈가리코",190,82,0.501,3,72,W,Y,1,7069.869,255,100,77,90,27,,145,105,5.593,-37.295,-0.27,0.994,-20.877,0.93,0,0.678,47.007,-43.563,-140.925,6909.05,20.898,-48.45,6909.333,4,21.198,0.163,-48.834,0,0,,,,,,,,,,,,,,,7074.385,1,,147,1,,,,,,,,,,,,,,,,,,,-0.108,-38.075,-0.149,-17.301,-21.844,-47.324,-12.248,-65.338,25.299,-49.846,13.163,-64,45.228,-102.499,3.902,-121.923,-43.979,-103.007,-0.098,-36.605,,"_AKASATA_",-0.148,-17.328,,"Fresh825",-21.676,-47.202,74,"Dοpi",-12.877,-64.623,,"Muna_328",25.3,-49.713,117,"schmoneymikey",13.151,-63.971,,"하루（Haru）",43.762,-103.85,,"うよすま",3.996,-121.914,,"Sabo_10",-44.063,-103.03,,7077.434,-1.541,-39.002,,,,7073.69,-18.939,-39.288,,,,7071.518,21.547,-49.367,,,,,,,,,,,,,,,,,,,7076.32,-17.58,-39.838,,,,7072.157,18.585,-47.708,,,,,,,,,,,,,"",2,,,,,,,,,,,,,0,"Muna_328",,,,9,""
196,,8,0,8,3,0,0,1,0,0,0,255,255,255,69,7091.6,"しろくま。",R,26,86,139,-1.061,-0.142,0.079,1.264,-0.564,1.352,-36.454,12.463,50,50,0,2,"",73.795,-200,0,0,0,2,"=","=","=","=","=","=","=","=","=",5,L,"shimenawa",175.4,94.576,0.295,3,106,W,Y,1,7092.642,107,93,122,67,19,,137,85,37.41,-25.921,-0.179,0.906,-19.887,-0.58,0,0.243,240.305,-209.476,-86.031,6934.9,32.338,-78.123,6935.567,6,34.189,0.851,-81.205,1,0,,7097.814,,,,,,,,,,,,,,,,,,,,,,,,,,,,,,7102.148,3,,,,,-0.07,-38.157,-0.207,-16.984,-19.961,-46.486,-11.24,-65.777,25.212,-51.04,13.42,-64.377,43.092,-102.414,4.638,-116.783,-43.972,-95.962,-0.008,-36.833,,"_AKASATA_",-0.205,-17.037,,"Fresh825",-19.748,-46.273,,"Dοpi",-11.117,-65.401,85,"Muna_328",25.227,-50.769,,"schmoneymikey",13.322,-64.138,,"하루（Haru）",43.125,-102.391,101,"うよすま",4.68,-116.691,,"Sabo_10",-43.648,-95.778,,7107.21,-1.161,-42.015,,,,,,,7100.869,0.91,-58.937,,,,,,,7098.253,34.548,-81.647,,,,,,,,,,,,,,,,7106.255,-0.052,-56.945,,,,,,,7099.236,29.329,-77.1,,,,,,,"",2,,,,,,,,,,,,,0,"하루（Haru）",,,,272,""
197,,8,0,8,3,0,0,1,1,0,0,15,255,255,70,7123.926,"しろくま。",R,13,65,107,-0.601,0.39,0.289,1.553,0.416,2.313,-36.454,25.807,91,9,0,0,"",-364.908,330.561,0,0,0,3,"=","=","=","=","=","=","=","=","=",1,L,"encounter v",190,86.067,0.42,,19,W,Y,0,,,,,,,,,,,,,,,,,,,,,,,,,,,,,0,0,,,,,,,,,,,,7136.6,,,,,,,,,,,,,,,,,,,,,,,,,,-0.012,-38.067,-0.254,-17.047,-18.819,-39.718,-8.238,-64.427,24.685,-50.315,13.287,-63.004,46.785,-101.757,4.27,-118.348,-36.847,-87.803,,,118,"",,,,"",,,,"",,,,"",,,,"",,,,"",,,,"",,,,"",,,,7128.835,-0.157,-38.041,,,,,,,,,,,,,,,,,,,,,,,,,7138.077,-2.122,-38.658,,,,,,,,,,,,,,,,,,,,,,,,,"",0,,,,,,,,,,,,,0,"",,,,0,""
198,,8,0,8,3,0,1,1,1,0,0,15,255,255,71,7148.972,"しろくま。",R,3,65,95,-3.317,-0.807,0.05,1.335,-0.464,1.623,-36.454,12.902,33,67,0,3,"",-388.602,218.027,0,-0.339,-21.235,3,"=","=","=","=","=","=","=","=","=",1,L,"encounter v",190,86.067,0.42,,19,W,Y,0,,,,,,,,,,,,,,,,,,,,,,,,,,,,,0,0,,7180.985,,,,7163.563,,,,,,,,,,,,,,,,,,,,,,,,,,,,,,,,-0.084,-38.147,-0.177,-17.033,-18.968,-39.636,-8.756,-64.492,24.837,-50.425,13.512,-62.914,46.801,-101.832,3.034,-117.008,-40.555,-94.327,,,,"",,,,"",,,,"",,,,"",,,,"",,,,"",,,,"",,,,"",,,,,,,,,,,,,,,,,,,,,,,,,,,,,,,,,,,,,,,,,,,,,,,,,,,,,,,,,,"",6,,,,,,,,,,,,,0,"",7163.563,,,0,""
199,,8,0,8,3,0,0,1,1,1,0,11,15,255,75,7208.721,"しろくま。",R,10,68,111,0.058,-2.371,0.204,1.106,0.019,0.799,-36.454,20.283,30,70,0,1,"",0.233,400,0,0.002,-19.739,4,"=","=","=","=","=","=","=","=","=",9,R,"_송글_",175.4,90.478,0.316,,49,W,Y,0,,,,,,,,,,,,,,,,,,,,,,,,,,,,,0,0,,,,,,,,,,,,7208.942,7213.836,,,,,,,,,,,,,,,,,,,,,,,,,0.055,-38.04,0.111,-17.355,-19.848,-41.452,-14.269,-61.782,21.314,-47.995,1.878,-64.47,44.815,-103.12,-7.013,-121.629,-43.212,-95.692,,,,"",,,,"",,,,"",,,,"",,,,"",,,,"",,,,"",,,,"",,,,7213.22,-0.459,-37.199,,,,,,,,,,,,,,,,,,,,,,,,,,,,,,,,,,,,,,,,,,,,,,,,,,,,"",0,,,,,,,,,,,,,0,"",7211.188,,,0,""
200,,8,0,8,3,1,0,1,1,1,0,11,15,255,76,7223.658,"しろくま。",R,26,87,140,0.839,-1.179,0.229,1.093,0.135,0.753,-36.454,18.927,44,56,0,1,"",168.064,-200,0,0.27,-12.583,4,"=","=","=","=","=","=","=","=","=",9,R,"_송글_",175.4,90.478,0.316,,49,W,Y,0,,,,,,,,,,,,,,,,,,,,,,,,,,,,,0,0,,,,,,,,,,,,7223.694,7264.711,,,,,,,,,,,,,,,,,,,,,,,,,0.146,-37.874,0.117,-17.017,-20.387,-42.636,-14.663,-62.526,21.057,-48.57,1.885,-64.294,44.986,-101.195,-6.567,-120.428,-41.047,-98.658,,,,"",,,,"",,,,"",,,,"",,,,"",,,,"",,,,"",,,,"",,,,7228.646,-0.797,-37.586,,,,,,,,,,,,,,,,,,,,,,,,,,,,,,,,,,,,,,,,,,,,,,,,,,,,"",0,,,,,,,,,,,,,0,"",7226.092,,,0,""
201,,8,0,8,3,2,0,1,1,1,0,11,15,255,77,7267.697,"しろくま。",R,10,73,115,0.367,-1.534,0.271,1.235,0.33,1.252,-36.454,8.575,49,51,0,2,"",-103.972,400,0,0,0,4,"=","=","=","=","=","=","=","=","=",9,R,"_송글_",175.4,90.478,0.316,5,49,W,Y,1,7268.682,129,60,138,64,46,,139,124,11.888,10.638,0.067,0.439,-20.39,0.7,0,0.352,312.762,428.687,-62.353,7106.25,-25.847,-116.264,7107.8,7,-28.8,0.057,-126.291,1,0,,7273.877,7278.247,,,7274.058,7279.088,,7273.079,7277.846,,,,,,,,,,,,,,,,,,,,,,,,,,,,0.109,-38.104,0.181,-17.013,-20.134,-42.896,-15.31,-63.632,20.342,-47.696,1.441,-64.46,42.526,-103.925,-5.415,-122.38,-40.665,-95.065,0.294,-36.77,,"_AKASATA_",0.185,-17.068,,"Fresh825",-20.131,-42.889,77,"Dοpi",-15.186,-63.479,,"Muna_328",20.364,-47.643,,"schmoneymikey",4.611,-63.81,,"하루（Haru）",42.527,-103.937,,"うよすま",-5.557,-122.437,115,"Sabo_10",-41.146,-94.95,,7284.79,-0.54,-42.003,,,,7279.136,-18.935,-39.03,,,,,,,,,,,,,7274.532,-27.679,-126.091,,,,,,,,,,7283.64,-17.504,-38.46,,,,,,,,,,,,,7275.674,-26.956,-119.423,,,,"",2,11.763,11.763,-1.329,0,1,0.836,20.49,11.888,-0.802,79.831,0.022,22.989,0,"うよすま",7274.058,7273.079,7277.846,136,""
202,,8,0,8,4,0,0,1,0,1,1,255,19,11,78,7358.993,"しろくま。",R,6,64,106,1.444,-0.015,0.137,1.341,-0.293,1.627,-36.454,3.607,49,51,0,2,"",481.818,0,0,0,0,5,"=","=","=","=","=","=","=","=","=",4,R,"DoYaGee",190,80,0.451,5,19,W,Y,1,7360.065,82,63,86,97,110,,125,115,17.453,-31.374,0.221,1.073,-21.372,0.73,0,0.262,-297.356,-410.745,-132.9,7194.6,49.06,-89.087,7197.2,6,59.471,0.055,-104.793,1,0,,7365.628,,,,,,,7366.925,7371.741,7367.308,,7360.657,7359.262,,,,,,,,,,,,,,,,,,,,,,,,0.007,-37.917,0.19,-17.162,-22.85,-47.667,-14.533,-63.406,20.933,-42.195,2.958,-65.282,41.587,-100.997,-5.62,-121.035,-40.98,-102.845,-0.317,-36.586,,"_AKASATA_",0.122,-17.249,,"Fresh825",-22.665,-47.492,,"Dοpi",-14.555,-63.382,,"Muna_328",19.523,-46.182,,"schmoneymikey",2.956,-65.24,,"하루（Haru）",40.609,-101.535,77,"うよすま",-5.625,-121.01,,"Sabo_10",-39.233,-100.847,,7374.511,-3.932,-51.619,,,,,,,,,,,,,,,,7366.325,58.846,-104.434,,,,,,,,,,,,,,,,,,,,,,,,,7370.321,41.139,-89.188,,,,,,,"",2,-33.409,-33.409,-11.758,0,1,0.983,29.224,17.453,1.679,85.551,0.035,-39.506,0,"하루（Haru）",,7366.925,7367.308,16,""
203,,8,0,8,6,0,0,1,1,0,0,14,255,255,79,7403.487,"しろくま。",R,13,79,116,-0.854,-0.683,0.254,1.347,0.253,1.643,-36.454,16.091,54,46,0,2,"TW+",-374.254,331.562,0,0,0,6,"=","=","=","=","=","=","=","=","=",8,R,"ddil_ddil69",176.4,89.899,0.554,3,19,W,Y,1,7404.715,148,168,147,99,17,,145,82,103.932,-68.9,-0.11,0.811,-21.324,1,0,0.76,-41.611,448.494,366.127,,,,,,,,,0,0,,,,,,,,,,,,7403.523,,,,,,,,,,,,,,,,,,,,,,,,,,0.019,-37.944,-1.011,-16.833,-18.599,-39.674,-14.563,-63.202,22.72,-50.131,4.941,-64.938,48.223,-103.632,-5.487,-114.924,-38.912,-98.317,0.112,-36.735,,"_AKASATA_",-0.945,-16.952,,"Fresh825",-18.588,-39.67,,"Dοpi",-14.552,-63.167,,"Muna_328",22.733,-50.108,,"schmoneymikey",4.94,-64.905,,"하루（Haru）",48.537,-102.982,,"うよすま",-5.494,-114.919,,"Sabo_10",-38.858,-98.157,,,,,,,,,,,,,,,,,,,,,,,,,,,,,,,,,,,,,,,,,,,,,,,,,,,,,,,,"",3,,,,,,,,,,,,,0,"",,,,0,""
204,,8,0,8,6,0,1,1,1,0,0,14,255,255,80,7423.376,"しろくま。",R,3,72,114,-0.641,0.118,0.281,1.36,0.377,1.691,-36.454,19.174,52,48,0,2,"",-384.343,0,0,0,0,6,"=","=","=","=","=","=","=","=","=",8,R,"ddil_ddil69",176.4,89.899,0.554,5,37,W,Y,1,7424.659,216,103,171,77,38,,145,129,26.077,-27.477,-0.101,1.006,-20.742,0.46,0,0.651,206.273,26.068,400.825,7259.583,53.328,-127.989,,,,,,0,0,,7430.161,7434.637,7441.557,7447.168,7432.332,7437.656,7442.928,,,,7423.879,,,,,,,,,,,,,,,,,,,,,,,,,,0.044,-38.05,-0.303,-17.113,-18.744,-39.919,-14.753,-62.351,22.998,-51.139,7.315,-64.689,47.112,-99.909,-4.828,-115.258,-42.578,-99.4,-0.606,-36.918,,"_AKASATA_",-0.253,-17.128,,"Fresh825",-18.492,-40.024,,"Dοpi",-14.73,-62.29,,"Muna_328",22.919,-51.079,,"schmoneymikey",7.314,-64.686,,"하루（Haru）",46.825,-99.833,,"うよすま",-4.734,-113.583,,"Sabo_10",-42.583,-99.328,,,,,,,,,,,,,,,,,,,,,,,,,,,,,,,,,,,,,,,,,,,,,,,,,,,,,,,,"",4,-24.38,-24.38,2.223,0,1,0.594,51.248,34.983,-3.776,22.86,0.055,-66.454,0,"",7432.332,7437.656,7442.928,0,""
205,,8,0,8,8,0,0,1,0,0,0,255,255,255,0,7614.267,"Megu3568",R,12,75,110,2.367,0.514,0.587,1.885,1.013,2.097,-36.386,42.203,100,0,0,1,"",0,142.047,4.874,0,0,7,"=","=","=","=","=","=","=","=","=",6,R,"Po_cari",175.2,85,0.45,,19,W,Y,0,,,,,,,,,,,,,,,,,,,,,,,,,,,,,0,0,,,,,,,,,,,,,,,,,,,,,,,,,,,,,,,,,,,,,,0.224,-37.838,0.216,-17.089,-21.825,-47.566,-13.702,-63.878,24.484,-51.968,8.139,-65.393,48.995,-105.066,-4.071,-114.167,-42.941,-98.64,,,,"",,,,"",,,,"",,,,"",,,,"",,,,"",,,,"",,,,"",,,,,,,,,,,,,,,,,,,,,,,,,,,,,,,,,,,,,,,,,,,,,,,,,,,,,,,,,,"",0,,,,,,,,,,,,,0,"",,,,0,""
206,,8,0,8,8,1,0,1,0,0,0,255,255,255,1,7630.534,"Megu3568",R,34,83,135,1.542,-0.694,0.406,1.524,0.549,1.234,-36.386,24.286,0,100,0,1,"",80.125,32.662,3.951,0,0,7,"=","=","=","=","=","=","=","=","=",6,R,"Po_cari",175.2,85,0.45,,19,W,Y,0,,,,,,,,,,,,,,,,,,,,,,,,,,,,,0,0,,,,,,,,,,,,,,,,,,,,,,,,,,,,,,,,,,,,,,0.292,-37.892,0.103,-17.109,-21.962,-47.228,-13.812,-64.052,24.493,-51.911,7.928,-64.83,48.98,-105.066,-4.385,-115.534,-42.161,-98.693,,,,"",,,,"",,,,"",,,,"",,,,"",,,,"",,,,"",,,,"",,,,,,,,,,,,,,,,,,,,,,,,,,,,,,,,,,,,,,,,,,,,,,,,,,,,,,,,,,"",0,,,,,,,,,,,,,0,"",,,,0,""
207,,8,0,8,8,2,0,1,0,0,0,255,255,255,2,7648.415,"Megu3568",R,3,80,107,-0.201,-0.37,0.459,1.712,0.601,1.654,-36.386,25.036,51,49,0,2,"",-376.339,178.501,8.053,0,0,7,"=","=","=","=","=","=","=","=","=",6,R,"Po_cari",175.2,85,0.45,3,19,W,Y,1,7649.611,255,131,148,72,45,,145,82,-32.038,-12.511,0.009,0.756,-20.795,-1,0,0.595,-275.697,130.096,-516.785,7477.017,0.251,-21.894,7478.133,0,3.301,1.432,-35.895,0,0,,7654.895,,,,,,,,,,,,,7654.147,7,,147,2,,,,,,,,,,,,,,,,,,,0.21,-37.743,0.087,-17.113,-21.972,-47.232,-14.629,-63.461,24.573,-51.898,8.111,-65.628,46.444,-105.265,-4.358,-115.179,-41.905,-97.902,0.301,-37.349,120,"_AKASATA_",0.104,-17.175,,"Fresh825",-21.98,-47.213,85,"Dοpi",-14.822,-63.179,,"Muna_328",24.586,-51.706,,"schmoneymikey",8.002,-65.406,,"하루（Haru）",46.447,-105.273,,"うよすま",-4.356,-115.134,,"Sabo_10",-41.883,-97.813,,7650.835,2.959,-36.312,,,,7653.542,-18.742,-39.934,,,,,,,,,,,,,,,,,,,7652.872,-3.418,-36.114,,,,7655.702,-17.741,-40.405,,,,,,,,,,,,,,,,,,,"",2,,,,,,,,,,,,,0,"Megu3568",,,,10,""
208,,8,0,8,8,0,0,2,0,0,0,255,255,255,3,7682.47,"Megu3568",R,10,68,99,2.183,-0.074,0.57,1.907,0.954,2.213,-36.386,49.259,100,0,0,1,"",-9.85,400,7.157,0,0,8,"=","=","=","=","=","=","=","=","=",3,R,"muyang_",172.4,80,0.498,,19,W,Y,0,,,,,,,,,,,,,,,,,,,,,,,,,,,,,0,0,,,,,,,,,,,,,,,,,,,,,,,,,,,,,,,,,,,,,,0.246,-37.765,0.025,-17.099,-22.23,-47.377,-14.531,-63.772,24.595,-51.216,7.174,-65.495,43.706,-102.016,-3.87,-111.272,-39.435,-100.591,,,,"",,,,"",,,,"",,,,"",,,,"",,,,"",,,,"",,,,"",,,,7687.434,0.046,-37.27,,,,,,,,,,,,,,,,,,,,,,,,,,,,,,,,,,,,,,,,,,,,,,,,,,,,"",0,,,,,,,,,,,,,0,"",,,,0,""
209,,8,0,8,8,1,0,2,0,0,0,255,255,255,4,7702.701,"Megu3568",R,4,69,116,1.79,1.071,0.529,1.85,1.114,2.297,-36.386,39.289,100,0,0,2,"",-208.845,66.636,8.647,0,0,8,"=","=","=","=","=","=","=","=","=",3,R,"muyang_",172.4,80,0.498,0,19,W,Y,0,7703.722,246,59,20,23,9,,62,67,-11.763,38.81,0.3,1.182,-19.436,-0.34,0,0.118,-188.802,332.223,177.18,7531.1,-3.168,-23.686,7532.934,2,-18.516,0.055,-41.993,0,0,,,,,,,,,,,,,,,7707.448,8,,147,0,,,,,,,,,,,7706.788,2,,,,,,,0.214,-37.745,-0.162,-17.113,-22.154,-47.432,-15.193,-63.101,24.645,-51.373,7.266,-65.156,43.707,-100.259,-4.65,-110.988,-39.741,-101.797,0.159,-37.243,,"_AKASATA_",-0.189,-17.146,,"Fresh825",-21.966,-47.22,,"Dοpi",-15.224,-63.091,,"Muna_328",24.626,-51.215,,"schmoneymikey",7.263,-65.143,,"하루（Haru）",43.69,-100.324,,"うよすま",-4.681,-111,,"Sabo_10",-39.835,-101.474,,,,,,,,7706.022,-19.281,-43.156,,,,,,,,,,,,,,,,,,,,,,,,,,,,,,,,,,,,,,,,,,,,,,"",2,,,,,,,,,,,,,0,"Fresh825",,,,8,""
210,SIDE,8,0,8,8,0,0,2,0,0,0,255,255,255,,7709.372,,,,,,,,,,,,,,,,,,,,,,,,0,"=","=","=","=","=","=","=","=","=",,,,,,,,,,,,,,,,,,,,,,,,,,,,,,,,,,,,,,,0,0,,,,,,,,,,,,,,,,,,,,,,,,,,,,,,,,,,,,,,,,,,,,,,,,,,,,,,,,,,,,,,,,,,,,,,,,,,,,,,,,,,,,,,,,,,,,,,,,,,,,,,,,,,,,,,,,,,,,,,,,,,,,,,,,,,,,,,,,,,,,,,,,,"",0,,,,,,,,,,,,,0,"",,,,0,""
211,,9,1,8,8,0,0,0,0,0,0,255,255,255,75,7883.968,"わだ、、",R,10,92,117,0.924,-1.912,0.327,1.474,0.393,1.007,-36.389,19.497,54,46,0,1,"",0,400,12.164,0.155,-18.78,4,"Muna_328","Megu3568","Sabo_10","Fresh825","하루（Haru）","schmoneymikey","_AKASATA_","うよすま","Dοpi",6,L,"하루（Haru）",174.9,85.172,0.403,,19,W,Y,0,,,,,,,,,,,,,,,,,,,,,,,,,,,,,0,0,,,,,,,,,,,,,,,,,,,,,,,,,,,,,,,,,,,,,,0.088,-37.728,-0.005,-17.744,-21.29,-48.083,-16.308,-62.967,22.18,-46.959,13.758,-64.698,46.413,-96.62,2.112,-118.832,-49.128,-97.171,,,,"",,,,"",,,,"",,,,"",,,,"",,,,"",,,,"",,,,"",,,,,,,,,,,,,,,,,,,,,,,,,,,,,,,,,,,,,,,,,,,,,,,,,,,,,,,,,,"",0,,,,,,,,,,,,,0,"",,,,0,""
212,,9,1,8,8,1,0,0,0,0,0,255,255,255,76,7903.098,"わだ、、",R,26,83,135,-1.394,0.83,0.07,1.619,-0.605,1.896,-36.389,18.367,70,30,0,0,"",-3.51,-200,3.239,0,0,4,"=","=","=","=","=","=","=","=","=",6,L,"하루（Haru）",174.9,85.172,0.403,,19,W,Y,0,,,,,,,,,,,,,,,,,,,,,,,,,,,,,0,0,,,,,,,,,,,,,,,,,,,,,,,,,,,,,,,,,,,,,,-0.02,-37.864,-0.057,-17.738,-21.353,-48.524,-16.288,-62.914,22.405,-47.061,13.76,-64.663,46.443,-96.591,1.67,-118.472,-48.676,-97.074,,,,"",,,,"",,,,"",,,,"",,,,"",,,,"",,,,"",,,,"",,,,,,,,,,,,,,,,,,,,,,,,,,,,,,,,,,,,,,,,,,,,,,,,,,,,,,,,,,"",0,,,,,,,,,,,,,0,"",,,,0,""
213,,9,1,8,8,1,1,0,0,0,0,255,255,255,77,7922.727,"わだ、、",R,10,85,112,-0.818,-1.013,0.081,1.709,-0.37,1.558,-36.389,28.068,100,0,0,0,"",6.875,400,12.244,-0.198,-17.034,4,"=","=","=","=","=","=","=","=","=",6,L,"하루（Haru）",174.9,85.172,0.403,,19,W,Y,0,,,,,,,,,,,,,,,,,,,,,,,,,,,,,0,0,,,,,,,,,,,,,,,,,,,,,,,,,,,,,,,,,,,,,,-0.082,-37.779,-0.059,-17.692,-20.995,-49.04,-16.665,-62.394,22.291,-47.664,12.311,-64.95,46.525,-96.628,-2.375,-119.449,-48.412,-97.03,,,,"",,,,"",,,,"",,,,"",,,,"",,,,"",,,,"",,,,"",,,,,,,,,,,,,,,,,,,,,,,,,,,,,,,,,,,,,,,,,,,,,,,,,,,,,,,,,,"",0,,,,,,,,,,,,,0,"",,,,0,""
214,,9,1,8,8,1,2,0,0,0,0,255,255,255,78,7942.684,"わだ、、",R,26,79,129,0.677,2.923,0.276,2.087,0.225,3.085,-36.389,57.426,100,0,0,1,"",41.678,-200,-1.892,0,0,4,"=","=","=","=","=","=","=","=","=",6,L,"하루（Haru）",174.9,85.172,0.403,,19,W,Y,0,,,,,,,,,,,,,,,,,,,,,,,,,,,,,0,0,,,,,,,,,,,,,,,,,,,,,,,,,,,,,,,,,,,,,,0.04,-38.033,-0.039,-17.562,-20.989,-47.999,-16.385,-62.13,21.833,-48.139,14.693,-64.462,46.463,-96.693,0.353,-118.395,-47.849,-96.569,,,,"",,,,"",,,,"",,,,"",,,,"",,,,"",,,,"",,,,"",,,,,,,,,,,,,,,,,,,,,,,,,,,,,,,,,,,,,,,,,,,,,,,,,,,,,,,,,,"",0,,,,,,,,,,,,,0,"",,,,0,""
215,,9,1,8,8,2,2,0,0,0,0,255,255,255,79,7961.801,"わだ、、",R,10,93,118,-1.421,-2.733,0.001,1.308,-0.618,0.617,-36.389,10.796,70,30,0,1,"",0,400,16.526,-0.349,-18.655,4,"=","=","=","=","=","=","=","=","=",6,L,"하루（Haru）",174.9,85.172,0.403,,19,W,Y,0,,,,,,,,,,,,,,,,,,,,,,,,,,,,,0,0,,,,,,,,,,,,,,,,,,,,,,,,,,,,,,,,,,,,,,-0.063,-37.773,-0.056,-17.645,-21.699,-48.655,-16.298,-62.799,22.242,-47.306,13.604,-64.829,46.476,-96.647,2.635,-117.406,-47.686,-96.69,,,,"",,,,"",,,,"",,,,"",,,,"",,,,"",,,,"",,,,"",,,,,,,,,,,,,,,,,,,,,,,,,,,,,,,,,,,,,,,,,,,,,,,,,,,,,,,,,,"",0,,,,,,,,,,,,,0,"",,,,0,""
216,,9,1,8,8,3,2,0,0,0,0,255,255,255,80,7983.094,"わだ、、",R,13,79,105,-0.856,-0.732,0.307,1.748,0.333,1.649,-36.389,32.878,100,0,0,2,"",-372.687,312.348,-20.307,0,0,4,"=","=","=","=","=","=","=","=","=",6,L,"하루（Haru）",174.9,85.172,0.403,3,19,W,Y,1,7984.299,212,207,38,86,58,,125,71,3.738,35.693,-0.154,0.866,-21.724,1,0,0.28,-60.149,-8.607,-141.399,7809.667,-9.935,-35.349,7810.6,2,-15.814,0.057,-44.493,0,0,,7989.367,,,,,,,,,,,,,7988.184,4,,147,0,,,,,,,,,,,7987.64,2,,,,,,,0.07,-37.876,-0.059,-17.663,-21.241,-47.461,-16.339,-62.846,22.37,-47.189,13.998,-64.511,46.782,-96.824,-0.243,-119.671,-47.599,-96.599,-0.037,-36.608,,"encounter v",-0.061,-17.667,,"쟈가리코",-21.126,-47.388,80,"muyang_",-16.341,-62.803,,"DoYaGee",22.422,-47.289,,"shimenawa",14.275,-64.379,,"Po_cari",46.794,-96.812,,"ByeolBam",0.31,-121.009,,"ddil_ddil69",-47.605,-96.572,,7990.434,-2.151,-38.123,,,,7986.311,-16.317,-44.811,,,,,,,,,,,,,,,,,,,,,,,,,7989.459,-17.955,-39.451,,,,,,,,,,,,,,,,,,,"",2,,,,,,,,,,,,,0,"쟈가리코",,,,2,""
217,,9,1,8,8,0,0,1,0,0,0,255,255,255,81,8014.205,"わだ、、",R,26,96,140,-1.636,-0.172,0.052,1.458,-0.69,1.329,-36.389,8.144,70,30,0,2,"",-18.669,-200,10.463,0,0,5,"=","=","=","=","=","=","=","=","=",5,L,"schmoneymikey",175.1,80,0.35,3,19,W,Y,1,8015.272,189,123,43,0,0,,66,71,-12.954,-37.008,-0.194,0.818,-19.794,0.29,0,0.295,-38.195,-455.721,386.337,7839.434,2.077,-22.766,7841.284,4,15.54,0.057,-43.273,0,0,,8020.112,,,,,,,,,,,,,8020.273,5,,147,32,,,,,,,,,,,,,,,,,,,0.004,-37.815,-0.124,-17.796,-20.712,-46.915,-16.884,-62.73,22.23,-46.37,14.212,-64.499,44.973,-92.109,1.833,-114.149,-47.515,-96.212,-0.204,-36.692,,"encounter v",-0.202,-17.848,,"쟈가리코",-20.366,-46.968,78,"muyang_",-17.674,-64.041,,"DoYaGee",22.243,-46.599,120,"shimenawa",14.032,-64.479,,"Po_cari",44.92,-92.189,,"ByeolBam",1.828,-114.153,,"ddil_ddil69",-47.466,-96.125,,8023.809,-3.841,-38.265,,,,8019.7,-18.156,-40.53,,,,8017.56,16.088,-43.892,,,,,,,,,,,,,,,,,,,8022.959,-17.122,-39.439,,,,8018.436,11.213,-43.433,,,,,,,,,,,,,"",2,,,,,,,,,,,,,0,"DoYaGee",,,,34,""
218,,9,1,8,8,0,0,2,0,0,0,255,255,255,82,8045.735,"わだ、、",R,10,89,114,1.114,-1.2,0.353,1.605,0.475,1.341,-36.389,21.59,100,0,0,4,"",0,400,8.03,0,0,6,"=","=","=","=","=","=","=","=","=",1,R,"_AKASATA_",190,85.821,0.397,,19,W,Y,1,,,,,,,,,,,,,,,,,,,,,,,,,,,,,0,0,,,,,,,,,,,,,,,,,,,,,,,,,,,,,,,,,,,,,,0.181,-38.102,0.005,-17.739,-22.206,-47.698,-16.353,-62.229,21.221,-48.39,12.405,-65.443,45.88,-94.753,-0.079,-112.941,-46.687,-96.727,,,,"",,,,"",,,,"",,,,"",,,,"",,,,"",,,,"",,,,"",,,,8050.177,-0.199,-37.64,,,,,,,,,,,,,,,,,,,,,,,,,,,,,,,,,,,,,,,,,,,,,,,,,,,,"",0,,,,,,,,,,,,,0,"",,,,0,""
219,,9,1,8,8,0,1,2,0,0,0,255,255,255,83,8065.177,"わだ、、",R,10,91,116,0.763,-1.849,0.304,1.413,0.324,0.926,-36.389,14.079,70,30,0,2,"",0,400,13.829,0,0,6,"=","=","=","=","=","=","=","=","=",1,R,"_AKASATA_",190,85.821,0.397,0,19,W,Y,1,8065.964,238,124,69,51,26,,138,88,-65.262,-58.125,0.198,0.231,-20.273,-1,0,0.272,47.006,-437.772,-240.033,7889.017,0.35,-20.367,,,,,,0,0,,,,,,,,,,,,,,,,,,,,,,,,,,,,,,,,,,,,,,0.151,-37.771,-0.028,-17.678,-22.079,-47.793,-16.747,-62.428,21.554,-48.54,13.636,-64.912,45.905,-94.804,-0.243,-112.75,-46.787,-96.944,-0.126,-36.922,,"encounter v",-0.035,-17.699,,"쟈가리코",-21.787,-47.842,,"muyang_",-16.696,-62.395,,"DoYaGee",21.356,-48.692,,"shimenawa",12.71,-65.178,,"Po_cari",45.845,-94.802,,"ByeolBam",-0.518,-113.033,,"ddil_ddil69",-46.771,-96.918,,,,,,,,,,,,,,,,,,,,,,,,,,,,,,,,,,,,,,,,,,,,,,,,,,,,,,,,"",3,,,,,,,,,,,,,0,"",,,,0,""
220,,9,1,8,8,0,2,2,0,0,0,255,255,255,84,8084.018,"わだ、、",R,26,93,140,1.059,-0.054,0.291,1.476,0.424,1.413,-36.389,15.871,52,48,0,2,"",21.689,-200,-1.203,0,0,6,"=","=","=","=","=","=","=","=","=",1,R,"_AKASATA_",190,85.821,0.397,5,19,W,Y,1,8084.756,159,80,71,38,25,,137,89,34.799,23.476,0.193,0.961,-19.655,-0.76,0,0.166,-258.012,3.754,183.43,7911.2,-27.307,-82.127,7912.267,8,-30.074,1.111,-87.775,1,0,,8090.905,,,,,,,,,,,,,,,,,,,,,,,,,,,,,,,,,,,,0.104,-37.683,-0.021,-17.602,-21.894,-48.725,-16.457,-62.677,21.811,-47.106,12.901,-65.253,46.003,-93.183,-1.268,-113.366,-47.187,-96.387,0.254,-36.503,,"encounter v",-0.018,-17.631,,"쟈가리코",-21.742,-48.564,71,"muyang_",-16.448,-62.631,,"DoYaGee",21.7,-47.378,,"shimenawa",13.547,-64.892,,"Po_cari",45.993,-93.165,,"ByeolBam",-1.254,-113.474,,"ddil_ddil69",-47.511,-96.174,104,8098.322,-3.531,-38.459,,,,8093.451,-19.559,-40.608,,,,,,,,,,,,,,,,8090.382,-30.473,-88.456,,,,,,,8097.326,-17.838,-40.037,,,,,,,,,,,,,,,,8091.407,-28.692,-81.737,"",2,23.749,23.749,9.238,0,0,1,34.799,34.799,25.264,34.799,0,21.77,0,"ddil_ddil69",,,,66,""
221,,9,1,8,8,0,0,2,1,0,0,1,255,255,85,8137.714,"わだ、、",R,10,89,114,-2.787,-1.241,0.267,1.481,0.209,1.024,-36.389,14.725,70,30,0,2,"",0,400,8.524,0,0,7,"=","=","=","=","=","=","=","=","=",7,R,"うよすま",175.4,83,0.5,3,42,W,Y,1,8138.83,255,177,135,129,39,,145,127,25.324,37.823,0.096,0.38,-20.842,0.39,0,0.727,-63.894,152.798,23.134,7963.684,-72.225,-107.42,,,,,,0,0,,8144.726,8149.132,8154.085,8158.873,8145.198,8150.211,8155.351,,,,,,,,,,,,,,,,,,,,,,,,,,,,,,0.117,-37.773,-0.025,-17.697,-21.489,-46.078,-16.876,-62.532,22.226,-46.388,11.771,-65.72,45.424,-94.64,-0.462,-110.783,-46.175,-97.229,-0.046,-36.651,,"encounter v",-0.039,-17.79,,"쟈가리코",-20.97,-47.147,,"muyang_",-16.841,-62.411,,"DoYaGee",21.822,-47.186,,"shimenawa",12.615,-65.52,,"Po_cari",45.465,-94.644,,"ByeolBam",-0.462,-110.782,,"ddil_ddil69",-46.192,-97.238,,,,,,,,,,,,,,,,,,,,,,,,,,,,,,,,,,,,,,,,,,,,,,,,,,,,,,,,"",4,,,,,,,,,,,,,0,"",8145.198,8150.211,8155.351,0,""
222,,9,1,10,8,0,0,2,0,0,0,255,255,255,86,8181.769,"わだ、、",R,26,87,140,0.508,0.574,0.246,1.579,0.216,1.754,-36.389,21.991,100,0,0,2,"",-1.776,-200,-3.775,0,0,8,"=","=","=","=","=","=","=","=","=",3,R,"Dοpi",175,90,0.35,5,18,W,Y,1,8182.621,185,76,35,34,37,,120,74,7.184,50.471,0.068,1.11,-20.059,-0.72,0,0.463,554.294,-24.715,144.356,7998.684,-23.141,-39.247,7998.95,2,-24.2,0.189,-40.01,0,0,,,,,,,,,,,,,,,,,,,,,,,,,,,,,,,,,,,,,,0.142,-38.063,-0.019,-17.792,-21.626,-46.622,-16.485,-62.217,21.674,-46.954,12.311,-65.572,45.224,-95.687,-0.526,-113.73,-46.683,-96.973,-0.031,-36.704,,"encounter v",-0.011,-17.806,,"쟈가리코",-21.49,-46.815,84,"muyang_",-17.657,-64.708,,"DoYaGee",21.286,-47.334,,"shimenawa",13.144,-65.142,,"Po_cari",45.134,-95.752,,"ByeolBam",-0.526,-113.747,,"ddil_ddil69",-46.695,-96.965,,8188.291,-1.279,-37.608,,,,8184.76,-24.469,-41.217,,,,,,,,,,,,,,,,,,,,,,,,,8187.057,-23.073,-41.654,,,,,,,,,,,,,,,,,,,"",3,51.024,50.015,6.015,0,0,1,7.184,7.184,12.45,7.184,0,68.42,0,"쟈가리코",,,,2,""
223,,9,1,10,8,0,1,2,0,0,0,255,255,255,87,8201.396,"わだ、、",R,26,89,140,0.785,0.689,0.267,1.597,0.31,1.821,-36.389,23.15,100,0,0,0,"",18.028,-200,-2.009,0,0,8,"=","=","=","=","=","=","=","=","=",3,R,"Dοpi",175,90,0.35,,18,W,Y,1,,,,,,,,,,,,,,,,,,,,,,,,,,,,,0,0,,,,,,,,,,,,,,,,,,,,,,,,,,,,,,,,,,,,,,0.083,-37.756,-0.01,-17.755,-20.589,-45.085,-16.26,-62.144,21.589,-46.204,13.562,-64.876,44.29,-94.568,0.234,-111.885,-45.921,-96.544,,,,"",,,,"",,,,"",,,,"",,,,"",,,,"",,,,"",,,,"",,,,8205.262,0.017,-37.446,,,,,,,,,,,,,,,,,,,,,,,,,,,,,,,,,,,,,,,,,,,,,,,,,,,,"",0,,,,,,,,,,,,,0,"",,,,0,""
224,,9,1,10,8,0,2,2,0,0,0,255,255,255,88,8216.972,"わだ、、",R,13,78,104,-1.782,-1.136,0.157,1.677,-0.132,1.484,-36.389,26.944,100,0,0,2,"",-334.267,353.555,-11.344,0,0,8,"=","=","=","=","=","=","=","=","=",3,R,"Dοpi",175,90,0.35,3,18,W,Y,1,8217.919,128,155,59,80,49,,137,77,3.986,57.84,-0.363,0.695,-21.313,1,0,0.519,-231.669,380.318,58.252,8032.717,-12.596,-28.696,,,,,,0,0,,,,,,,,,,,,,,,,,,,,,,,,,,,,,,,,,,,,,,0.004,-37.883,-0.032,-17.658,-20.447,-45.194,-16.59,-62.431,21.948,-46.845,12.664,-65.39,44.254,-94.837,0.223,-111.867,-45.999,-96.698,0.185,-36.521,,"encounter v",-0.103,-17.692,,"쟈가리코",-20.655,-45.077,,"muyang_",-16.594,-62.294,,"DoYaGee",21.903,-47.083,,"shimenawa",12.51,-65.416,,"Po_cari",44.086,-94.949,,"ByeolBam",0.219,-111.873,,"ddil_ddil69",-45.93,-96.535,,,,,,,,,,,,,,,,,,,,,,,,,,,,,,,,,,,,,,,,,,,,,,,,,,,,,,,,"",3,,,,,,,,,,,,,0,"",,,,0,""
225,,9,1,10,8,0,2,2,0,0,0,255,255,255,89,8235.131,"わだ、、",R,26,90,140,0.629,0.952,0.25,1.641,0.232,1.972,-36.389,22.497,100,0,0,0,"",25.75,-200,3.503,0,0,8,"=","=","=","=","=","=","=","=","=",3,R,"Dοpi",175,90,0.35,,18,W,Y,1,,,,,,,,,,,,,,,,,,,,,,,,,,,,,0,0,,,,,,,,,,,,,,,8237.556,8,,578,0,,,,,,,,,,,,,,,,,,,0.086,-37.851,-0.032,-17.68,-21.227,-44.705,-16.833,-62.345,21.083,-46.354,13.337,-64.9,42.883,-91.18,-0.442,-110.522,-48.399,-95.812,,,,"",,,,"",,,,"",,,,"",,,,"",,,,"",,,,"",,,,"",,,,,,,,,,,,,,,,,,,,,,,,,,,,,,,,,,,,,,,,,,,,,,,,,,,,,,,,,,"",0,,,,,,,,,,,,,0,"",,,,0,""
226,SIDE,9,1,10,8,0,0,2,0,0,0,255,255,255,,8239.903,,,,,,,,,,,,,,,,,,,,,,,,0,"=","=","=","=","=","=","=","=","=",,,,,,,,,,,,,,,,,,,,,,,,,,,,,,,,,,,,,,,0,0,,,,,,,,,,,,,,,,,,,,,,,,,,,,,,,,,,,,,,,,,,,,,,,,,,,,,,,,,,,,,,,,,,,,,,,,,,,,,,,,,,,,,,,,,,,,,,,,,,,,,,,,,,,,,,,,,,,,,,,,,,,,,,,,,,,,,,,,,,,,,,,,,"",0,,,,,,,,,,,,,0,"",,,,0,""
227,,9,0,10,8,0,0,0,0,0,0,255,255,255,5,8300.459,"Megu3568",R,13,80,105,-0.975,-0.592,0.331,1.748,0.225,1.773,-36.386,33.411,100,0,0,0,"",-345.774,344.648,11.154,0,0,0,"ByeolBam","쟈가리코","shimenawa","encounter v","_송글_","DoYaGee","ddil_ddil69","Po_cari","muyang_",7,R,"ByeolBam",175.3,88,0.5,,71,W,Y,0,,,,,,,,,,,,,,,,,,,,,,,,,,,,,0,0,,,,,,,,,,,,,,,,,,,,,,,,,,,,,,,,,,,,,,0.122,-37.802,-0.964,-16.827,-22.114,-48.255,-14.58,-63.345,23.99,-52.078,8.385,-65.471,40.751,-108.804,-5.422,-119.371,-44.446,-101.975,,,,"",,,,"",,,,"",,,,"",,,,"",,,,"",,,,"",,,,"",,,,,,,,,,,,,,,,,,,,,,,,,,,,,,,,,,,,,,,,,,,,,,,,,,,,,,,,,,"",0,,,,,,,,,,,,,0,"",,,,0,""
228,,9,0,10,8,0,1,0,0,0,0,255,255,255,6,8320.018,"Megu3568",R,0,88,123,-0.085,0.511,0.163,1.761,-0.116,1.913,-36.386,17.495,45,55,0,2,"",47.072,20.875,8.612,0,0,0,"=","=","=","=","=","=","=","=","=",7,R,"ByeolBam",175.3,88,0.5,5,71,W,Y,1,8320.959,97,224,123,57,47,,135,129,28.607,62.018,-0.019,1.074,-19.984,0.56,0,0.288,218.577,230.842,-288.392,,,,,,,,,0,0,,,,,,,,,,,,,,,,,,,,,,,,,,,,,,,,,,,,,,0.206,-37.801,0.194,-17.109,-22.972,-47.968,-14.824,-63.91,24.187,-51.941,8.396,-65.496,42.554,-106.61,-4.681,-117.119,-43.601,-101.03,-0.078,-37.142,,"_AKASATA_",0.144,-17.171,,"Fresh825",-22.81,-47.764,,"Dοpi",-15.928,-64.873,,"Muna_328",24.205,-51.871,,"schmoneymikey",8.39,-65.479,,"하루（Haru）",42.364,-106.895,,"うよすま",-4.685,-117.036,,"Sabo_10",-43.941,-102.304,,,,,,,,,,,,,,,,,,,,,,,,,,,,,,,,,,,,,,,,,,,,,,,,,,,,,,,,"",3,69.947,56.979,17.223,0.576,1,0.646,66.398,52.156,-1.254,82.263,0.038,116.523,0,"",,,,0,""
229,,9,0,10,8,0,2,0,0,0,0,255,255,255,7,8345.163,"Megu3568",R,13,80,106,0.05,-0.958,0.343,1.643,0.444,1.638,-36.386,22.539,70,30,0,2,"",-228.811,400,7.595,0,0,0,"=","=","=","=","=","=","=","=","=",7,R,"ByeolBam",175.3,88,0.5,0,71,W,Y,1,8346.131,207,79,90,110,49,,145,131,25.151,32.355,0.018,0.661,-20.641,0.51,0,0.296,251.673,291.051,-50.645,8163.433,-70.259,-116.633,,,,,,0,0,,8351.54,8355.913,8360.856,8365.617,,,,,,,,,,,,,,,,,,,,,,,,,,,,,,,,,0.242,-37.967,0.113,-17.134,-22.925,-48.187,-15.257,-63.417,24.606,-52.124,8.061,-65.371,37.886,-108.064,-7.502,-121.07,-45.947,-100.277,-0.217,-37.149,,"_AKASATA_",0.13,-17.167,,"Fresh825",-22.762,-47.864,,"Dοpi",-15.714,-64.266,,"Muna_328",24.583,-52.086,,"schmoneymikey",7.984,-65.096,,"하루（Haru）",37.908,-108.042,,"うよすま",-7.494,-121.06,,"Sabo_10",-45.931,-100.228,,,,,,,,,,,,,,,,,,,,,,,,,,,,,,,,,,,,,,,,,,,,,,,,,,,,,,,,"",4,,,,,,,,,,,,,0,"",8355.913,8360.856,8365.617,0,""
230,,9,0,10,9,0,0,0,0,0,0,255,255,255,8,8406.732,"Megu3568",R,6,67,97,-2.321,0.541,-0.039,1.783,-1.757,2.334,-36.386,20.65,100,0,0,1,"",352.85,243.909,4.094,0,0,1,"=","=","=","=","=","=","=","=","=",2,L,"쟈가리코",190,82,0.501,,72,W,Y,0,,,,,,,,,,,,,,,,,,,,,,,,,,,,,0,0,,,,,,,,,,,,,,,,,,,,,,,,,,,,,,,,,,,,,,0.137,-37.711,-0.276,-17,-21.064,-47.218,-11.063,-65.239,25.297,-50.334,13.886,-64.036,42.625,-106.453,6.642,-122.526,-41.003,-104.334,,,,"",,,,"",,,,"",,,,"",,,,"",,,,"",,,,"",,,,"",,,,,,,,,,,,,,,,,,,,,,,,,,,,,,,,,,,,,,,,,,,,,,,,,,,,,,,,,,"",0,,,,,,,,,,,,,0,"",,,,0,""
231,,9,0,10,9,1,0,0,0,0,0,255,255,255,9,8443.937,"Megu3568",R,26,78,116,-1.006,0.465,0.089,1.672,-0.345,1.702,-36.386,11.286,93,7,0,0,"",-57.522,-200,11.894,0,0,1,"=","=","=","=","=","=","=","=","=",2,L,"쟈가리코",190,82,0.501,,72,W,Y,0,,,,,,,,,,,,,,,,,,,,,,,,,,,,,0,0,,,,,,,,,,,,,,,,,,,,,,,,,,,,,,,,,,,,,,0.236,-37.808,-0.15,-16.929,-21.044,-47.205,-11.214,-65.176,25.103,-50.925,13.592,-63.369,42.538,-107.391,8.132,-123.483,-40.126,-104.065,,,,"",,,,"",,,,"",,,,"",,,,"",,,,"",,,,"",,,,"",,,,,,,,,,,,,,,,,,,,,,,,,,,,,,,,,,,,,,,,,,,,,,,,,,,,,,,,,,"",0,,,,,,,,,,,,,0,"",,,,0,""
232,,9,0,10,9,1,1,0,0,0,0,255,255,255,10,8466.73,"Megu3568",R,13,72,101,0.396,-0.035,0.498,1.841,0.696,2.018,-36.386,43.335,100,0,0,2,"",-267.632,293.161,8.511,0,0,1,"=","=","=","=","=","=","=","=","=",2,L,"쟈가리코",190,82,0.501,3,72,W,Y,1,8468.01,229,111,103,78,50,,145,108,25.481,-14.985,0.071,1.003,-20.396,0.04,0,0.581,259.459,-179.928,-184.372,8283.899,28.61,-109.513,8283.933,6,27.434,2.511,-106.146,0,0,,8473.68,,,,,,,,,,,,,8472.924,1,,455,0,,,,,,,,,,,,,,,,,,,0.173,-37.694,-0.379,-16.987,-21.067,-47.192,-11.121,-64.956,25.102,-50.916,13.131,-64.265,44.165,-104.468,6.887,-123.364,-40.158,-107.864,0.273,-37.302,,"_AKASATA_",-0.33,-17.057,,"Fresh825",-20.955,-46.951,,"Dοpi",-11.305,-65.324,,"Muna_328",25.091,-50.893,,"schmoneymikey",14.263,-66.63,,"하루（Haru）",43.457,-105.043,90,"うよすま",7.192,-123.319,,"Sabo_10",-39.776,-108.182,,,,,,,,,,,,,,,,,,,,8472.938,27.496,-106.87,,,,,,,,,,,,,,,,,,,,,,,,,8474.431,22.628,-99.259,,,,,,,"",1,,,,,,,,,,,,,0,"하루（Haru）",,,,16,""
233,,9,0,10,9,0,0,1,0,0,0,255,255,255,11,8509.679,"Megu3568",R,33,74,125,5.223,-1.104,0.672,1.43,2.032,0.999,-36.386,51.095,0,100,0,1,"",146.461,32.923,8.187,0,0,2,"=","=","=","=","=","=","=","=","=",5,L,"shimenawa",175.4,94.576,0.295,,106,W,Y,0,,,,,,,,,,,,,,,,,,,,,,,,,,,,,0,0,,,,,,,,,,,,,,,,,,,,,,,,,,,,,,,,,,,,,,0.293,-37.67,1.24,-16.988,-21.526,-47.831,-10.939,-64.837,25.123,-49.175,14.095,-64.035,42.094,-104.477,7.003,-120.447,-36.431,-103.341,,,,"",,,,"",,,,"",,,,"",,,,"",,,,"",,,,"",,,,"",,,,,,,,,,,,,,,,,,,,,,,,,,,,,,,,,,,,,,,,,,,,,,,,,,,,,,,,,,"",0,,,,,,,,,,,,,0,"",,,,0,""
234,,9,0,10,9,1,0,1,0,0,0,255,255,255,12,8526.965,"Megu3568",R,13,80,108,-1.189,-0.258,0.313,1.761,0.036,1.8,-36.386,24.97,100,0,0,2,"",-305.382,240.574,13.67,0,0,2,"=","=","=","=","=","=","=","=","=",5,L,"shimenawa",175.4,94.576,0.295,3,106,W,Y,0,8528.15,49,68,15,35,42,,24,34,-53.674,-12.348,-0.286,0.695,-19.36,0.27,0,0.314,25.195,25.557,-220.253,8338.566,-0.186,-19.818,8341.05,0,2.581,0.059,-29.092,0,0,,8533.277,,,,,,,,,,,,,8533.178,2,,147,2,,,,,,,,,,,,,,,,,,,0.217,-37.745,-0.285,-17.182,-21.613,-47.876,-10.593,-65.456,25.112,-49.195,14.215,-64.156,42.014,-104.487,6.156,-121.808,-36.29,-102.148,0.149,-37.226,120,"_AKASATA_",-0.255,-17.187,,"Fresh825",-21.589,-47.516,85,"Dοpi",-10.611,-65.452,,"Muna_328",25.127,-49.161,,"schmoneymikey",15.108,-66.367,,"하루（Haru）",42.018,-104.477,,"うよすま",5.843,-121.932,,"Sabo_10",-36.223,-102.066,,8530.766,2.851,-29.79,,,,8532.598,-18.731,-39.604,,,,,,,,,,,,,,,,,,,8531.787,-1.987,-31.683,,,,8536.544,-17.402,-40.063,,,,,,,,,,,,,,,,,,,"",2,,,,,,,,,,,,,0,"Megu3568",,,,10,""
235,,9,0,10,9,0,0,2,0,0,0,255,255,255,13,8583.879,"Megu3568",R,34,80,130,0.189,0.232,0.196,1.688,-0.017,1.776,-36.386,17.531,0,100,0,0,"",64.319,24.544,7.015,0,0,3,"=","=","=","=","=","=","=","=","=",1,L,"encounter v",190,86.067,0.42,,38,W,Y,0,,,,,,,,,,,,,,,,,,,,,,,,,,,,,0,0,,,,,,,,,,,,,,,,,,,,,,,,,,,,,,,,,,,,,,0.163,-37.964,-0.241,-17.351,-20.902,-48.042,-10.285,-65.795,25.327,-50.172,13.369,-64.425,44.656,-104.033,4.713,-121.422,-39.891,-102.365,,,,"",,,,"",,,,"",,,,"",,,,"",,,,"",,,,"",,,,"",,,,8587.757,-0.391,-37.226,,,,,,,,,,,,,,,,,,,,,,,,,,,,,,,,,,,,,,,,,,,,,,,,,,,,"",0,,,,,,,,,,,,,0,"",,,,0,""
236,,9,0,10,9,0,1,2,0,0,0,255,255,255,14,8601.04,"Megu3568",R,34,86,140,0.581,0.369,0.227,1.72,0.124,1.88,-36.386,18.05,0,100,0,0,"",92.627,44.157,8.821,0,0,3,"=","=","=","=","=","=","=","=","=",1,L,"encounter v",190,86.067,0.42,,38,W,Y,0,,,,,,,,,,,,,,,,,,,,,,,,,,,,,0,0,,,,,,,,,,,,,,,,,,,,,,,,,,,,,,,,,,,,,,0.166,-37.921,-0.155,-17.054,-20.545,-48.307,-10.102,-66.042,25.383,-50.268,13.374,-64.417,45.988,-103.06,3.9,-121.456,-37.297,-100.337,,,,"",,,,"",,,,"",,,,"",,,,"",,,,"",,,,"",,,,"",,,,8604.902,0.019,-37.144,,,,,,,,,,,,,,,,,,,,,,,,,,,,,,,,,,,,,,,,,,,,,,,,,,,,"",0,,,,,,,,,,,,,0,"",,,,0,""
237,,9,0,10,9,0,2,2,0,0,0,255,255,255,15,8619.538,"Megu3568",R,10,80,107,-4.08,-0.649,0.25,1.582,-0.016,1.358,-36.386,21.587,55,45,0,2,"",-144.176,397.749,12.535,0,0,3,"=","=","=","=","=","=","=","=","=",1,L,"encounter v",190,86.067,0.42,0,38,W,Y,1,8620.473,191,101,61,67,60,,138,132,-8.041,-33.033,-0.139,0.459,-19.864,0.34,0,0.411,-230.53,191.331,-222.918,8427.35,1.511,-22.409,8430.75,6,46.914,0.057,-88.974,1,0,,8626.041,8634.129,,,,,,,,,,,,,,,,,,,,,,,,,,,,,,,,,,,0.136,-37.885,-0.128,-17.219,-20.67,-48.334,-9.976,-65.965,25.373,-50.185,13.442,-64.308,46.043,-103.045,4.918,-121.4,-37.926,-102.541,0.04,-37.238,,"_AKASATA_",-0.102,-17.218,,"Fresh825",-20.808,-47.846,,"Dοpi",-9.997,-65.987,,"Muna_328",25.379,-50.164,,"schmoneymikey",14.566,-63.715,,"하루（Haru）",46.046,-103.05,,"うよすま",4.965,-121.372,,"Sabo_10",-37.92,-102.517,114,8670.899,0.618,-37.899,,,,,,,8636.085,0.197,-58.662,,,,,,,8624.096,47.924,-90.254,,,,8633.203,-51.252,-72.686,,,,,,,,,,,,,,,,,,,,,,,,,8633.955,-48.877,-71.201,"",2,,,,,,,,,,,,,0,"하루（Haru）",8634.129,,,278,""
238,,9,0,10,9,0,0,2,0,1,0,255,11,255,16,8674.223,"Megu3568",R,3,83,113,1.393,0.539,0.621,1.732,1.049,1.92,-36.386,35.884,2,98,0,0,"",-266.926,0,18.023,0,0,4,"=","=","=","=","=","=","=","=","=",9,R,"_송글_",175.4,90.478,0.316,,18,W,Y,1,,,,,,,,,,,,,,,,,,,,,,,,,,,,,0,0,,,,,,,,,,,,,8674.743,,,,,,,,,,,,,,,,,,,,,,,,,0.32,-37.758,0.171,-17.025,-22.766,-48.607,-14.021,-64.026,21.389,-48.02,6.451,-64.556,40.522,-106.828,-7.681,-122.523,-42.535,-99.557,,,,"",,,,"",,,,"",,,,"",,,,"",,,,"",,,,"",,,,"",,,,8678.401,0.019,-37.073,,,,,,,,,,,,,,,,,,,,,,,,,,,,,,,,,,,,,,,,,,,,,,,,,,,,"",0,,,,,,,,,,,,,0,"",8676.211,,,0,""
239,,9,0,10,9,0,1,2,0,1,0,255,11,255,17,8694.84,"Megu3568",R,5,80,114,-0.555,0.093,0.179,1.653,-0.066,1.66,-36.386,13.549,100,0,0,2,"",-106.018,0,10.908,0,0,4,"=","=","=","=","=","=","=","=","=",9,R,"_송글_",175.4,90.478,0.316,5,49,W,Y,1,8695.867,149,85,115,81,44,,145,129,27.241,-4.682,-0.103,0.973,-20.443,0.51,0,0.42,361.232,324.198,222.985,8506.399,-0.473,-140.101,,,,,,1,0,,8701.11,8705.365,8710.812,8715.881,,,,8700.775,8707.6,,,8695.07,,,,,,,,,,,,,,,,,,,,,,,,,0.277,-37.754,-1.023,-16.975,-23.175,-48.732,-14.26,-63.957,20.912,-48.375,7.715,-64.574,42.033,-103.851,-6.569,-121.631,-42.304,-100.463,-0.28,-37.358,,"_AKASATA_",-1.061,-17.014,,"Fresh825",-23.023,-48.551,,"Dοpi",-14.4,-63.602,,"Muna_328",20.873,-48.218,,"schmoneymikey",7.713,-64.542,,"하루（Haru）",42.037,-103.849,,"うよすま",-6.662,-121.548,,"Sabo_10",-46.09,-102.32,,,,,,,,,,,,,,,,,,,,,,,,,,,,,,,,,,,,,,,,,,,,,,,,,,,,,,,,"",4,-3.21,-3.21,-2.535,0,1,0.711,58.798,42.896,-3.277,78.489,0.058,-1.571,0,"",8705.365,8700.775,8707.6,0,""
240,END,10,1,10,11,0,0,0,0,0,0,255,255,255,,8726.27,,,,,,,,,,,,,,,,,,,,,,,,,,,,,,,,,,,,,,,,,,,,,,,,,,,,,,,,,,,,,,,,,,,,,,,,,,,,,,,,,,,,,,,,,,,,,,,,,,,,,,,,,,,,,,,,,,,,,,,,,,,,,,,,,,,,,,,,,,,,,,,,,,,,,,,,,,,,,,,,,,,,,,,,,,,,,,,,,,,,,,,,,,,,,,,,,,,,,,,,,,,,,,,,,,,,,,,,,,,,,,,,,,,,,,,,,,,,,,,"{""schemaVersion"":16,""gameTimeZeroUtc"":""2026-08-23T11:54:46.388Z"",""exportedAtUtc"":""2026-08-23T14:20:12.658Z"",""teamNameA"":""HS"",""teamNameB"":""KW""}"
