id,type,inn,half,scoreA,scoreB,ball,strk,out,b1,b2,b3,b1Idx,b2Idx,b3Idx,pCnt,pSec,pName,pHand,pType,pPow,spdK,zoneX,zoneY,startX,startY,targetX,targetY,zDist,pitchAngle,pOver,pSide,pUnder,call,manual,sH,sV,gyro,plx,plz,bIdx,order1Name,order2Name,order3Name,order4Name,order5Name,order6Name,order7Name,order8Name,order9Name,bPos,bZone,bName,bHCm,batLen,batCen,batType,bFps,bOS,bVR,bSwing,hSec,rotS,rotL,shS,lgS,prepS,gripPen,batSpd,ev,ldeg,sdeg,launchPosX,launchPosY,launchPosZ,hPos,buntGrip,handDist,angVeloX,angVeloY,angVeloZ,ltSec,lx,lz,cSec,cPos,cx,cy,cz,1BSafe,tag,cpSec,bTo1Sec,bTo2Sec,bTo3Sec,bToHSec,r1To2Sec,r1To3Sec,r1ToHSec,r2To3Sec,r2ToHSec,r3ToHSec,r1LeaveSec,r2LeaveSec,r3LeaveSec,out1Sec,out1BatterIndex,out1PrevBase,out1Code,out1Ass,out2Sec,out2BatterIndex,out2PrevBase,out2Code,out2Ass,out3Sec,out3BatterIndex,out3PrevBase,out3Code,out3Ass,ball1Sec,ball1Pos,ball2Sec,ball2Pos,ball3Sec,ball3Pos,ballHSec,ballHPos,PitchPPosX,PitchPPosZ,PitchCPosX,PitchCPosZ,Pitch1BPosX,Pitch1BPosZ,Pitch2BPosX,Pitch2BPosZ,Pitch3BPosX,Pitch3BPosZ,PitchSSPosX,PitchSSPosZ,PitchLFPosX,PitchLFPosZ,PitchCFPosX,PitchCFPosZ,PitchRFPosX,PitchRFPosZ,PPosX,PPosY,PThrSpd,CName,CPosX,CPosY,CThrSpd,1BName,1BPosX,1BPosY,1BThrSpd,2BName,2BPosX,2BPosY,2BThrSpd,3BName,3BPosX,3BPosY,3BThrSpd,SSName,SSPosX,SSPosY,SSThrSpd,LFName,LFPosX,LFPosY,LFThrSpd,CFName,CFPosX,CFPosY,CFThrSpd,RFName,RFPosX,RFPosY,RFThrSpd,PGetSec,PGetX,PGetZ,CGetSec,CGetX,CGetZ,1BGetSec,1BGetX,1BGetZ,2BGetSec,2BGetX,2BGetZ,3BGetSec,3BGetX,3BGetZ,SSGetSec,SSGetX,SSGetZ,LFGetSec,LFGetX,LFGetZ,CFGetSec,CFGetX,CFGetZ,RFGetSec,RFGetX,RFGetZ,PThrSec,PThrX,PThrZ,CThrSec,CThrX,CThrZ,1BThrSec,1BThrX,1BThrZ,2BThrSec,2BThrX,2BThrZ,3BThrSec,3BThrX,3BThrZ,SSThrSec,SSThrX,SSThrZ,LFThrSec,LFThrX,LFThrZ,CFThrSec,CFThrX,CFThrZ,RFThrSec,RFThrX,RFThrZ,errPosDelta,result,swPreDeg,swTargetDeg,swApproachDeg,swCorr,swSource,swProximity,swVRawDeg,swVAdjustedDeg,swVMotionDeg,swVClosestDeg,swVYShrink,swGeometryDeg,balk,cPlr,sb2Sec,sb3Sec,sbhSec,ass,remarks
1,,1,1,0,0,0,0,0,0,0,0,255,255,255,0,1038.96,"Slaris",R,27,97,140,-1.74,-2.506,-0.164,1.436,-0.747,-0.061,-36.485,7.308,48,50,2,1,"",-5.02,-124.887,17.664,-0.324,-20.211,0,"sano jpn","ʚEveɞ","NABIMan","인생최패망자","あおいぬ","カズティー","P0TA0","白霜らいふ","ibqrqki",1,R,"sano jpn",189.9,87.118,0.631,,82,W,Y,0,,,,,,,,,,,,,,,,,,,,,,,,,,,,,0,0,,,,,,,,,,,,,,,,,,,,,,,,,,,,,,,,,,,,,,-0.153,-37.169,-0.134,-17.61,-16.882,-42.405,-13.023,-65.101,21.705,-50.023,10.715,-65.534,49.66,-106.98,-3.458,-115.802,-51.791,-100.686,,,,"",,,,"",,,,"",,,,"",,,,"",,,,"",,,,"",,,,"",,,,,,,,,,,,,,,,,,,,,,,,,,,,,,,,,,,,,,,,,,,,,,,,,,,,,,,,,,"",0,,,,,,,,,,,,,0,"",,,,0,""
2,,1,1,0,0,1,0,0,0,0,0,255,255,255,1,1059.78,"Slaris",R,3,58,102,-1.692,0.147,0.236,1.793,0.166,1.716,-36.485,49.013,61,39,0,2,"",-452.711,0,-6.635,0,0,0,"=","=","=","=","=","=","=","=","=",1,R,"sano jpn",189.9,87.118,0.631,0,82,W,Y,1,1061.008,160,90,140,113,54,,145,92,27.747,54.941,-0.31,1.08,-20.465,1,0.286,0.48,196.96,284.913,73.31,1064.401,-55.635,-54.835,,,,,,0,0,,,,,,,,,,,,,,,,,,,,,,,,,,,,,,,,,,,,,,-0.064,-37.278,-0.084,-17.588,-17.262,-42.85,-12.947,-65.022,21.986,-49.802,10.243,-65.551,50.051,-104.896,-2.771,-114.762,-51.858,-100.816,0.062,-36.17,,"-라후이-",-0.173,-17.58,,"Floră",-17.087,-42.791,,"낑깡__",-13.504,-65.922,,"Ainy4／あいにゃ",21.748,-49.941,,"즉석카레",10.091,-65.504,,"メリニット",47.034,-106.591,,"아침땅_",-3.842,-114.449,,"Kenomo",-51.753,-100.678,,,,,,,,,,,,,,,,,,,,,,,,,,,,,,,,,,,,,,,,,,,,,,,,,,,,,,,,"",3,,,,,,,,,,,,,0,"",,,,0,""
3,,1,1,0,0,1,1,0,0,0,0,255,255,255,2,1079.836,"Slaris",R,33,88,140,-0.631,-0.822,0.143,1.719,-0.413,1.037,-36.485,27.169,77,21,2,0,"",100.016,-54.26,16.285,0,0,0,"=","=","=","=","=","=","=","=","=",1,R,"sano jpn",189.9,87.118,0.631,,81,W,Y,0,,,,,,,,,,,,,,,,,,,,,,,,,,,,,0,0,,,,,,,,,,,,,,,,,,,,,,,,,,,,,,,,,,,,,,-0.082,-37.441,-0.099,-17.639,-16.684,-42.188,-13.076,-65.208,21.934,-49.929,10.041,-65.738,54.225,-101.658,-1.207,-113.114,-50.104,-99.309,,,,"",,,,"",,,,"",,,,"",,,,"",,,,"",,,,"",,,,"",,,,,,,,,,,,,,,,,,,,,,,,,,,,,,,,,,,,,,,,,,,,,,,,,,,,,,,,,,"",0,,,,,,,,,,,,,0,"",,,,0,""
4,,1,1,0,0,1,2,0,0,0,0,255,255,255,3,1097.417,"Slaris",R,13,67,108,-0.735,-2.529,0.176,1.742,0.341,1.511,-36.485,38.71,84,16,0,2,"",-368.45,330.41,-2.338,0,0,0,"=","=","=","=","=","=","=","=","=",1,R,"sano jpn",189.9,87.118,0.631,0,81,W,Y,1,1098.591,162,73,142,104,35,,145,133,-10.79,-5.287,-0.156,0.632,-20.229,0.3,0.19,0.35,-383.898,-200.689,-131.206,1098.642,0.115,-23.121,1100.309,5,4.167,0.069,-64.05,0,0,,1103.874,,,,,,,,,,,,,1103.278,0,,147,128,,,,,,,,,,,,,,,,,,,-0.03,-37.23,-0.143,-17.692,-16.849,-42.316,-13.023,-65.078,22.044,-49.908,10.706,-65.637,52.277,-102.824,-0.777,-113.288,-49.857,-99.321,-0.174,-37.019,,"-라후이-",-0.212,-17.684,,"Floră",-16.901,-42.398,82,"낑깡__",-13.258,-65.579,,"Ainy4／あいにゃ",21.75,-49.924,,"즉석카레",10.696,-65.57,102,"メリニット",48.915,-107.123,,"아침땅_",-1.337,-113.251,,"Kenomo",-50.11,-99.134,,1106.22,-0.559,-37.939,,,,1102.661,-18.087,-40.838,,,,,,,1100.285,5.213,-65.043,,,,,,,,,,,,,,,,1105.168,-17.614,-39.223,,,,,,,1101.29,1.169,-61.063,,,,,,,,,,"",2,,,,,,,,,,,,,0,"즉석카레",,,,138,""
5,,1,1,0,0,0,0,1,0,0,0,255,255,255,4,1131.446,"Slaris",R,34,86,140,1.286,-1.136,0.33,1.704,0.49,0.842,-36.485,35.054,74,24,2,1,"",51.881,-51.358,12.005,0.23,-15.171,1,"=","=","=","=","=","=","=","=","=",2,L,"ʚEveɞ",190,85.255,0.454,,84,W,Y,0,,,,,,,,,,,,,,,,,,,,,,,,,,,,,0,0,,,,,,,,,,,,,,,,,,,,,,,,,,,,,,,,,,,,,,0.003,-37.35,0.241,-17.878,-15.11,-43.166,-10.518,-66.021,22.198,-49.577,13.017,-64.362,52.816,-105.924,2.831,-116.71,-47.836,-103.765,,,,"",,,,"",,,,"",,,,"",,,,"",,,,"",,,,"",,,,"",,,,1135.119,-0.278,-37.72,,,,,,,,,,,,,,,,,,,,,,,,,,,,,,,,,,,,,,,,,,,,,,,,,,,,"",0,,,,,,,,,,,,,0,"",,,,0,""
6,,1,1,0,0,1,0,1,0,0,0,255,255,255,5,1144.954,"Slaris",R,33,92,140,1.637,-0.184,0.269,1.708,0.551,1.43,-36.485,33.409,76,19,5,1,"",115.569,-68.964,15.191,0,0,1,"=","=","=","=","=","=","=","=","=",2,L,"ʚEveɞ",190,85.255,0.454,,84,W,Y,0,,,,,,,,,,,,,,,,,,,,,,,,,,,,,0,0,,,,,,,,,,,,,,,,,,,,,,,,,,,,,,,,,,,,,,-0.069,-37.341,0.295,-17.962,-15.202,-43.468,-10.337,-66.237,22.379,-49.468,12.505,-64.631,53.554,-105.523,0.96,-116.79,-47.876,-103.829,,,,"",,,,"",,,,"",,,,"",,,,"",,,,"",,,,"",,,,"",,,,1148.752,0.405,-37.963,,,,,,,,,,,,,,,,,,,,,,,,,,,,,,,,,,,,,,,,,,,,,,,,,,,,"",0,,,,,,,,,,,,,0,"",,,,0,""
7,,1,1,0,0,2,0,1,0,0,0,255,255,255,6,1158.79,"Slaris",R,3,69,110,-1.298,-1.616,0.366,1.711,0.247,0.833,-36.485,37.678,86,14,0,2,"",-451.009,183.979,-10.091,0,0,1,"=","=","=","=","=","=","=","=","=",2,L,"ʚEveɞ",190,85.255,0.454,3,84,W,Y,1,1159.757,180,239,114,115,54,,145,87,-30,-60.209,-0.159,0.552,-21.522,1,0,0.667,-188.292,-248.073,121.835,1159.842,1.3,-22.354,,,,,,0,0,,,,,,,,,,,,,,,,,,,,,,,,,,,,,,,,,,,,,,0.036,-37.438,0.295,-18.01,-15.235,-43.6,-10.593,-66.241,22.377,-49.368,13.387,-64.192,53.846,-104.457,-0.261,-116.308,-47.859,-103.812,-0.233,-37,,"-라후이-",0.13,-17.99,,"Floră",-15.353,-43.772,,"낑깡__",-10.244,-66.909,,"Ainy4／あいにゃ",22.053,-49.494,,"즉석카레",13.37,-64.05,,"メリニット",53.849,-104.458,,"아침땅_",0.663,-116.351,,"Kenomo",-47.854,-103.804,,,,,,,,,,,,,,,,,,,,,,,,,,,,,,,,,,,,,,,,,,,,,,,,,,,,,,,,"",3,,,,,,,,,,,,,0,"",,,,0,""
8,,1,1,0,0,2,1,1,0,0,0,255,255,255,7,1175.648,"Slaris",R,28,93,140,-0.449,-1.888,0.166,1.601,-0.263,0.349,-36.485,16.49,46,52,2,1,"",46.303,-74.264,12.026,0,0,1,"=","=","=","=","=","=","=","=","=",2,L,"ʚEveɞ",190,85.255,0.454,,83,W,Y,0,,,,,,,,,,,,,,,,,,,,,,,,,,,,,0,0,,,,,,,,,,,,,,,,,,,,,,,,,,,,,,,,,,,,,,-0.047,-37.403,0.226,-17.968,-15.001,-43.315,-10.563,-66.197,22.417,-49.747,12.693,-64.84,52.324,-105.3,-0.309,-115.967,-47.882,-103.857,,,,"",,,,"",,,,"",,,,"",,,,"",,,,"",,,,"",,,,"",,,,,,,,,,,,,,,,,,,,,,,,,,,,,,,,,,,,,,,,,,,,,,,,,,,,,,,,,,"",0,,,,,,,,,,,,,0,"",,,,0,""
9,,1,1,0,0,3,1,1,0,0,0,255,255,255,8,1193.72,"Slaris",R,3,67,109,-1.497,0.002,0.347,1.754,0.209,1.618,-36.485,36.985,63,37,0,2,"",-472.599,0,-9.716,0,0,1,"=","=","=","=","=","=","=","=","=",2,L,"ʚEveɞ",190,85.255,0.454,5,83,W,Y,1,1194.766,255,210,153,57,28,,145,115,25.4,42.357,-0.214,1.09,-21.231,0.11,0,0.435,178.2,-238,-210.787,,,,1199.959,8,-62.664,2.489,-97.124,0,0,,1200.021,,,,,,,,,,,,,1199.918,1,,457,0,,,,,,,,,,,,,,,,,,,0.06,-37.466,0.256,-17.939,-15.056,-43.467,-10.525,-66.083,22.647,-49.519,13.596,-64.432,49.677,-110.199,-0.248,-116.047,-47.875,-103.833,0.113,-36.8,,"-라후이-",0.179,-17.933,,"Floră",-15.21,-43.618,,"낑깡__",-10.337,-66.608,97,"Ainy4／あいにゃ",22.344,-49.639,,"즉석카레",13.6,-64.336,,"メリニット",49.682,-109.8,,"아침땅_",0.05,-116.157,,"Kenomo",-47.863,-103.821,90,1207.401,-3.591,-46.902,,,,,,,1203.966,-20.314,-72.148,,,,,,,,,,,,,1199.926,-63.074,-97.399,,,,,,,,,,1206.312,-15.041,-64.426,,,,,,,,,,,,,1201.407,-61.611,-97.016,"",1,46.33,42.222,2.93,0,1,0.608,45.803,30.034,79.741,49.883,0.053,104.655,0,"Kenomo",,,,98,""
10,,1,1,0,0,0,0,2,0,0,0,255,255,255,9,1228.472,"Slaris",R,34,87,140,-1.577,0.489,0.047,1.855,-0.794,1.881,-36.485,27.764,73,24,3,1,"",90.939,-33.455,17.155,0,0,2,"=","=","=","=","=","=","=","=","=",8,L,"NABIMan",190,85.499,0.48,,81,W,Y,0,,,,,,,,,,,,,,,,,,,,,,,,,,,,,0,0,,,,,,,,,,,,,,,,,,,,,,,,,,,,,,,,,,,,,,-0.131,-37.362,-0.275,-17.908,-14.792,-43.816,-10.455,-66.179,21.973,-49.227,13.389,-64.057,53.12,-106.005,-0.468,-115.038,-48.288,-105.272,,,,"",,,,"",,,,"",,,,"",,,,"",,,,"",,,,"",,,,"",,,,1232.415,0.333,-37.569,,,,,,,,,,,,,,,,,,,,,,,,,,,,,,,,,,,,,,,,,,,,,,,,,,,,"",0,,,,,,,,,,,,,0,"",,,,0,""
11,,1,1,0,0,1,0,2,0,0,0,255,255,255,10,1245.703,"Slaris",R,28,89,140,-1.501,-2.152,-0.008,1.502,-0.687,0.178,-36.485,7.026,42,58,0,1,"",24.898,-88.737,10.573,0,0,2,"=","=","=","=","=","=","=","=","=",8,L,"NABIMan",190,85.499,0.48,,81,W,Y,0,,,,,,,,,,,,,,,,,,,,,,,,,,,,,0,0,,,,,,,,,,,,,,,,,,,,,,,,,,,,,,,,,,,,,,-0.061,-37.473,-0.16,-18.06,-14.973,-43.84,-10.446,-66.295,22.053,-49.007,13.399,-64.019,53.021,-107.325,-0.067,-114.804,-48.345,-105.288,,,,"",,,,"",,,,"",,,,"",,,,"",,,,"",,,,"",,,,"",,,,1250.336,-0.601,-37.767,,,,,,,,,,,,,,,,,,,,,,,,,,,,,,,,,,,,,,,,,,,,,,,,,,,,"",0,,,,,,,,,,,,,0,"",,,,0,""
12,,1,1,0,0,2,0,2,0,0,0,255,255,255,11,1263.457,"Slaris",R,3,69,110,-0.577,-0.488,0.353,1.711,0.574,1.554,-36.485,33.279,84,16,0,2,"",-458.365,190.186,-4.446,0,0,2,"=","=","=","=","=","=","=","=","=",8,L,"NABIMan",190,85.499,0.48,3,81,W,Y,1,1264.519,212,200,123,117,125,,145,87,-86.281,-82.477,-0.071,0.895,-20.989,-1,0,0.344,157.264,108.23,284.658,1264.613,0.341,-21.044,,,,,,0,0,,,,,,,,,,,,,,,,,,,,,,,,,,,,,,,,,,,,,,0.019,-37.311,-0.071,-18.051,-14.694,-43.821,-10.331,-66.276,22.015,-49.132,13.508,-64.001,48.749,-111.653,0.002,-114.79,-48.315,-105.322,-0.105,-36.599,,"-라후이-",-0.126,-18.069,,"Floră",-14.773,-43.826,,"낑깡__",-10.053,-66.55,,"Ainy4／あいにゃ",21.788,-49.163,,"즉석카레",13.504,-63.875,,"メリニット",47.882,-111.409,,"아침땅_",-0.035,-114.737,,"Kenomo",-48.662,-105.038,,,,,,,,,,,,,,,,,,,,,,,,,,,,,,,,,,,,,,,,,,,,,,,,,,,,,,,,"",3,,,,,,,,,,,,,0,"",,,,0,""
13,,1,1,0,0,2,1,2,0,0,0,255,255,255,12,1281.799,"Slaris",R,10,81,121,1.65,-0.364,0.271,1.793,0.646,1.821,-36.485,44.967,73,25,2,2,"",40.134,400,25.884,0,0,2,"=","=","=","=","=","=","=","=","=",8,L,"NABIMan",190,85.499,0.48,3,79,W,Y,1,1282.784,202,151,109,142,91,,145,120,25.038,-25.026,0.303,0.921,-20.758,0.77,0,0.303,-21.129,-9.101,-44.858,1287.497,44.286,-114.134,1287.747,6,42.985,1.925,-111.378,0,0,,,,,,,,,,,,,,,1287.686,2,,455,0,,,,,,,,,,,,,,,,,,,-0.074,-37.519,0.191,-17.868,-14.675,-43.775,-10.578,-66.165,21.568,-48.886,12.772,-64.422,50.996,-107.789,-0.233,-115.282,-47.668,-105.404,-0.104,-36.629,,"-라후이-",0.197,-17.845,,"Floră",-14.677,-43.755,,"낑깡__",-10.594,-66.358,,"Ainy4／あいにゃ",21.405,-48.903,,"즉석카레",12.901,-64.269,,"メリニット",50.992,-107.784,93,"아침땅_",-0.306,-115.041,,"Kenomo",-47.628,-105.532,,,,,,,,,,,,,,,,,,,,1287.697,43.39,-112.3,,,,,,,,,,,,,,,,,,,,,,,,,1289.615,38.326,-102.644,,,,,,,"",1,,,,,,,,,,,,,0,"メリニット",,,,16,""
14,SIDE,1,1,0,0,0,0,2,0,0,0,255,255,255,,1289.745,,,,,,,,,,,,,,,,,,,,,,,,3,"=","=","=","=","=","=","=","=","=",,,,,,,,,,,,,,,,,,,,,,,,,,,,,,,,,,,,,,,0,0,,,,,,,,,,,,,,,,,,,,,,,,,,,,,,,,,,,,,,,,,,,,,,,,,,,,,,,,,,,,,,,,,,,,,,,,,,,,,,,,,,,,,,,,,,,,,,,,,,,,,,,,,,,,,,,,,,,,,,,,,,,,,,,,,,,,,,,,,,,,,,,,,"",0,,,,,,,,,,,,,0,"",,,,0,""
15,,1,0,0,0,0,0,0,0,0,0,255,255,255,0,1411.478,"P0TA0",R,13,62,92,-1.082,-0.497,0.331,1.615,0.088,1.795,-36.636,28.141,95,5,0,2,"",-299.226,349.285,-24.755,0,0,0,"-라후이-","Slaris","Ainy4／あいにゃ","Floră","メリニット","Kenomo","낑깡__","즉석카레","아침땅_",1,R,"-라후이-",190,87,0.504,5,87,W,Y,1,1412.511,83,98,63,38,29,,120,108,26.351,33.376,-0.207,0.817,-20.335,0.79,0,0.153,73.202,57.819,-12.761,,,,1417.447,8,-49.381,3.077,-92.962,0,0,,1418.487,,,,,,,,,,,,,1417.34,0,,457,0,,,,,,,,,,,,,,,,,,,0.019,-37.338,-0.002,-17.811,-22.426,-48.411,-12.89,-63.447,23.239,-52.724,10.435,-65.112,40.649,-94.684,0.133,-114.65,-47.066,-97.045,-0.162,-37.312,,"sano jpn",-0.123,-17.842,,"ʚEveɞ",-22.472,-48.272,,"白霜らいふ",-12.892,-63.423,85,"인생최패망자",23.233,-52.703,,"ibqrqki",10.06,-64.887,,"あおいぬ",40.647,-94.688,,"カズティー",0.133,-114.653,,"NABIMan",-47.243,-97.083,78,1426.248,0.281,-38.335,,,,,,,1422.206,-22.761,-72.514,,,,,,,,,,,,,1417.352,-50.184,-94.082,,,,,,,,,,1424.529,-17.483,-64.168,,,,,,,,,,,,,1420.075,-48.743,-93.361,"",1,37.054,37.054,10.711,0,1,0.815,55.204,38.956,6.05,73.915,0.049,50.945,0,"NABIMan",,,,196,""
16,,1,0,0,0,0,0,1,0,0,0,255,255,255,1,1439.892,"P0TA0",R,3,62,104,0.872,0.172,0.574,1.683,0.998,2.004,-36.636,51.874,97,3,0,0,"",-410.904,247.212,-29.561,0,0,1,"=","=","=","=","=","=","=","=","=",0,R,"Slaris",190,85.704,0.452,,65,W,Y,0,,,,,,,,,,,,,,,,,,,,,,,,,,,,,0,0,,,,,,,,,,,,,,,,,,,,,,,,,,,,,,,,,,,,,,0.087,-37.35,-0.008,-17.785,-22.079,-47.124,-13.127,-64.143,22.301,-52.686,10.537,-65.607,44.571,-96.592,-0.805,-111.224,-52.223,-97.202,,,,"",,,,"",,,,"",,,,"",,,,"",,,,"",,,,"",,,,"",,,,1444.043,-0.256,-37.259,,,,,,,,,,,,,,,,,,,,,,,,,,,,,,,,,,,,,,,,,,,,,,,,,,,,"",0,,,,,,,,,,,,,0,"",,,,0,""
17,,1,0,0,0,0,1,1,0,0,0,255,255,255,2,1452.814,"P0TA0",R,10,73,114,0.343,-2.487,0.332,1.179,0.138,0.451,-36.636,21.567,60,40,0,1,"",0,400,-40.721,0.068,-20.77,1,"=","=","=","=","=","=","=","=","=",0,R,"Slaris",190,85.704,0.452,,65,W,Y,0,,,,,,,,,,,,,,,,,,,,,,,,,,,,,0,0,,,,,,,,,,,,,,,,,,,,,,,,,,,,,,,,,,,,,,-0.004,-37.299,0.022,-17.795,-22.473,-48.065,-13.106,-64.136,22.386,-52.787,10.71,-65.427,42.724,-96.387,-0.806,-111.219,-51.007,-98.547,,,,"",,,,"",,,,"",,,,"",,,,"",,,,"",,,,"",,,,"",,,,1456.406,-0.51,-37.624,,,,,,,,,,,,,,,,,,,,,,,,,,,,,,,,,,,,,,,,,,,,,,,,,,,,"",0,,,,,,,,,,,,,0,"",,,,0,""
18,,1,0,0,0,1,1,1,0,0,0,255,255,255,3,1469.966,"P0TA0",R,26,89,140,0.48,0.058,0.324,1.505,0.101,1.507,-36.636,30.174,48,52,0,2,"",59.467,-200,-17.307,0,0,1,"=","=","=","=","=","=","=","=","=",0,R,"Slaris",190,85.704,0.452,5,65,W,Y,1,1470.862,172,115,144,121,38,,145,89,33.671,-24.779,0.081,1.073,-20.593,-1,0,0.242,495.867,262.177,-99.488,,,,1476.051,6,26.909,2.721,-84.445,0,0,,1476.544,,,,,,,,,,,,,1476.053,1,,455,0,,,,,,,,,,,,,,,,,,,-0.066,-37.366,0.004,-17.778,-22.41,-48.122,-13.001,-64.14,22.382,-52.783,10.754,-65.371,42.49,-96.464,-0.808,-111.231,-50.396,-98.138,-0.282,-37.085,,"sano jpn",-0.025,-17.79,,"ʚEveɞ",-22.382,-47.996,,"白霜らいふ",-13.009,-64.137,,"인생최패망자",22.188,-52.542,,"ibqrqki",10.461,-65.252,,"あおいぬ",42.361,-96.327,115,"カズティー",-0.807,-111.213,,"NABIMan",-50.036,-98.505,,1479.509,0.466,-37.932,,,,,,,,,,,,,,,,1476.064,27.166,-85.033,,,,,,,,,,,,,,,,,,,,,,,,,1477.714,23.131,-75.13,,,,,,,"",1,-24.122,-24.122,-0.396,0,0,1,33.671,33.671,38.551,33.671,0,-28.65,0,"あおいぬ",,,,80,""
19,,1,0,0,0,0,0,2,0,0,0,255,255,255,4,1499.157,"P0TA0",R,39,57,98,-0.923,-0.497,0.112,1.288,-0.59,1.087,-36.636,13.001,30,70,0,0,"",141.606,-200,-54.013,0,0,2,"=","=","=","=","=","=","=","=","=",4,L,"Ainy4／あいにゃ",190,85,0.512,,74,W,Y,0,,,,,,,,,,,,,,,,,,,,,,,,,,,,,0,0,,,,,,,,,,,,,,,,,,,,,,,,,,,,,,,,,,,,,,-0.03,-37.384,-0.093,-17.816,-22.106,-46.97,-11.959,-63.871,24.36,-51.254,13.893,-63.693,51.507,-103.874,-0.002,-111.531,-47.907,-97.27,,,,"",,,,"",,,,"",,,,"",,,,"",,,,"",,,,"",,,,"",,,,1503.498,-0.378,-37.423,,,,,,,,,,,,,,,,,,,,,,,,,,,,,,,,,,,,,,,,,,,,,,,,,,,,"",0,,,,,,,,,,,,,0,"",,,,0,""
20,,1,0,0,0,0,1,2,0,0,0,255,255,255,5,1514.138,"P0TA0",R,45,51,94,3.903,-0.609,0.705,1.365,1.248,1.255,-36.636,36.699,13,87,0,4,"",213.636,-5.02,-67.476,0,0,2,"=","=","=","=","=","=","=","=","=",4,L,"Ainy4／あいにゃ",190,85,0.512,,74,W,Y,1,,,,,,,,,,,,,,,,,,,,,,,,,,,,,0,0,,,,,,,,,,,,,,,,,,,,,,,,,,,,,,,,,,,,,,0.15,-37.3,-0.005,-17.815,-21.957,-47.118,-12.516,-64.282,24.094,-51.577,13.774,-63.791,51.536,-103.966,-0.007,-111.512,-44.781,-99.341,,,,"",,,,"",,,,"",,,,"",,,,"",,,,"",,,,"",,,,"",,,,1518.447,-0.229,-37.463,,,,,,,,,,,,,,,,,,,,,,,,,,,,,,,,,,,,,,,,,,,,,,,,,,,,"",0,,,,,,,,,,,,,0,"",,,,0,""
21,,1,0,0,0,0,2,2,0,0,0,255,255,255,6,1532.175,"P0TA0",R,10,54,88,-0.233,-2.258,0.267,1.215,-0.108,0.93,-36.636,14.597,44,56,0,4,"",0,400,-51.148,-0.053,-19.908,2,"=","=","=","=","=","=","=","=","=",4,L,"Ainy4／あいにゃ",190,85,0.512,,74,W,Y,1,,,,,,,,,,,,,,,,,,,,,,,,,,,,,0,4,,,,,,,,,,,,,,,1535.599,2,,274,0,,,,,,,,,,,,,,,,,1534.972,1,-0.09,-37.234,-0.044,-17.912,-22.001,-47.081,-12.501,-64.294,24.159,-51.272,13.521,-63.759,51.562,-103.938,-0.013,-111.551,-43.967,-100.283,,,,"",,,,"",,,,"",,,,"",,,,"",,,,"",,,,"",,,,"",,,,,,,,,,,,,,,,,,,,,,,,,,,,,,,,,,,,,,,,,,,,,,,,,,,,,,,,,,"",0,,,,,,,,,,,,,0,"",,,,0,""
22,SIDE,1,0,0,0,0,0,2,0,0,0,255,255,255,,1538.929,,,,,,,,,,,,,,,,,,,,,,,,3,"=","=","=","=","=","=","=","=","=",,,,,,,,,,,,,,,,,,,,,,,,,,,,,,,,,,,,,,,0,0,,,,,,,,,,,,,,,,,,,,,,,,,,,,,,,,,,,,,,,,,,,,,,,,,,,,,,,,,,,,,,,,,,,,,,,,,,,,,,,,,,,,,,,,,,,,,,,,,,,,,,,,,,,,,,,,,,,,,,,,,,,,,,,,,,,,,,,,,,,,,,,,,"",0,,,,,,,,,,,,,0,"",,,,0,""
23,,2,1,0,0,0,0,0,0,0,0,255,255,255,13,1590.122,"Slaris",R,13,61,104,-3.093,-0.319,0.108,1.768,-0.733,1.829,-36.485,52.943,84,16,0,1,"B>S",-369.138,312.348,7.679,0,0,3,"sano jpn","ʚEveɞ","NABIMan","인생최패망자","あおいぬ","カズティー","P0TA0","白霜らいふ","ibqrqki",4,R,"인생최패망자",175.4,90,0.35,,73,W,Y,0,,,,,,,,,,,,,,,,,,,,,,,,,,,,,0,0,,,,,,,,,,,,,,,,,,,,,,,,,,,,,,,,,,,,,,-0.022,-37.526,-0.133,-17.861,-16.439,-41.967,-13.039,-65.005,21.816,-49.698,12.682,-64.37,51.256,-107.483,-1.059,-113.678,-52.225,-102.344,,,,"",,,,"",,,,"",,,,"",,,,"",,,,"",,,,"",,,,"",,,,,,,,,,,,,,,,,,,,,,,,,,,,,,,,,,,,,,,,,,,,,,,,,,,,,,,,,,"",0,,,,,,,,,,,,,0,"",,,,0,""
24,,2,1,0,0,0,1,0,0,0,0,255,255,255,14,1627.763,"Slaris",R,33,86,139,-0.696,-0.637,0.028,1.626,-0.441,1.167,-36.485,17.416,69,27,4,2,"",101.332,-66.71,11.984,0,0,3,"=","=","=","=","=","=","=","=","=",4,R,"인생최패망자",175.4,90,0.35,0,72,W,Y,1,1628.765,185,93,111,116,63,,145,87,113.533,52.512,-0.128,0.741,-20.496,-1,0,0.393,394.854,-278.878,-37.412,,,,,,,,,0,0,,,,,,,,,,,,,,,,,,,,,,,,,,,,,,,,,,,,,,-0.138,-37.388,-0.105,-17.888,-16.465,-41.938,-13.068,-65.089,21.846,-49.672,12.482,-63.937,50.69,-108.855,-0.452,-113.978,-51.992,-101.999,0.039,-36.445,,"-라후이-",-0.192,-17.84,,"Floră",-16.515,-42.04,,"낑깡__",-13.09,-65.128,,"Ainy4／あいにゃ",21.719,-49.56,,"즉석카레",12.517,-63.998,,"メリニット",50.7,-108.866,,"아침땅_",-0.891,-113.442,,"Kenomo",-51.773,-101.421,,,,,,,,,,,,,,,,,,,,,,,,,,,,,,,,,,,,,,,,,,,,,,,,,,,,,,,,"",3,,,,,,,,,,,,,0,"",,,,0,""
25,,2,1,0,0,0,2,0,0,0,0,255,255,255,15,1649.541,"Slaris",R,13,69,109,2.679,-1.341,0.083,1.657,0.028,1.385,-36.485,39.183,77,23,0,2,"",-386.885,312.348,-12.047,0,0,3,"=","=","=","=","=","=","=","=","=",4,R,"인생최패망자",175.4,90,0.35,0,84,W,Y,1,1650.719,161,99,97,95,64,,145,116,9.312,12.669,-0.302,0.543,-20.242,0.14,0,0.475,107.027,84.745,-10.778,,,,1652.847,3,-11.709,2.643,-69.141,0,0,,,,,,,,,,,,,,,1652.856,3,,452,0,,,,,,,,,,,,,,,,,,,-0.067,-37.233,-0.039,-17.778,-16.501,-41.964,-13.031,-65.029,22.234,-49.412,13.062,-64.228,55.018,-101.946,-0.395,-113.377,-51.323,-102.073,-0.075,-36.273,,"-라후이-",-0.246,-17.836,,"Floră",-16.561,-42.031,94,"낑깡__",-13.34,-66.022,96,"Ainy4／あいにゃ",22.025,-49.458,,"즉석카레",13.055,-64.098,,"メリニット",54.471,-102.616,,"아침땅_",-0.67,-113.312,,"Kenomo",-52.301,-101.379,,1657.143,-0.416,-37.797,,,,1655.398,-19.277,-40.12,1652.866,-12.149,-69.896,,,,,,,,,,,,,,,,,,,,,,1656.178,-17.873,-38.749,1653.97,-13.458,-66.829,,,,,,,,,,,,,,,,"",1,,,,,,,,,,,,,0,"낑깡__",,,,74,""
26,,2,1,0,0,0,0,1,0,0,0,255,255,255,16,1673.771,"Slaris",R,13,71,111,-1.44,-0.746,-0.009,1.692,-0.027,1.483,-36.485,30.336,69,31,0,0,"",-390.434,312.348,-16.273,0,0,4,"=","=","=","=","=","=","=","=","=",6,R,"あおいぬ",190,89.739,0.43,,71,W,Y,1,,,,,,,,,,,,,,,,,,,,,,,,,,,,,0,0,,,,,,,,,,,,,,,,,,,,,,,,,,,,,,,,,,,,,,-0.18,-37.22,-0.321,-17.915,-16.632,-42.144,-13.084,-65.095,21.904,-49.349,9.915,-65.884,49.065,-109.576,-4.436,-113.559,-51.058,-99.983,,,,"",,,,"",,,,"",,,,"",,,,"",,,,"",,,,"",,,,"",,,,1677.827,-0.838,-37.87,,,,,,,,,,,,,,,,,,,,,,,,,,,,,,,,,,,,,,,,,,,,,,,,,,,,"",0,,,,,,,,,,,,,0,"",,,,0,""
27,,2,1,0,0,0,1,1,0,0,0,255,255,255,17,1689.916,"Slaris",R,13,71,111,-3.24,-2.348,0.034,1.592,-0.7,0.539,-36.485,20.816,86,14,0,1,"",-390.434,312.348,-26.369,-0.626,-20.115,4,"=","=","=","=","=","=","=","=","=",6,R,"あおいぬ",190,89.739,0.43,,71,W,Y,0,,,,,,,,,,,,,,,,,,,,,,,,,,,,,0,0,,,,,,,,,,,,,,,,,,,,,,,,,,,,,,,,,,,,,,-0.191,-37.179,-0.203,-17.804,-16.597,-42.105,-13,-65.121,21.926,-49.338,9.867,-65.86,49.206,-109.229,-3.165,-114.492,-51.133,-100.082,,,,"",,,,"",,,,"",,,,"",,,,"",,,,"",,,,"",,,,"",,,,1693.663,0.341,-37.64,,,,,,,,,,,,,,,,,,,,,,,,,,,,,,,,,,,,,,,,,,,,,,,,,,,,"",0,,,,,,,,,,,,,0,"",,,,0,""
28,,2,1,0,0,1,1,1,0,0,0,255,255,255,18,1705.435,"Slaris",R,13,65,106,-3.702,-0.521,0.072,1.752,-0.826,1.643,-36.485,46.105,75,25,0,1,"",-411.379,260.296,-1.31,0,0,4,"=","=","=","=","=","=","=","=","=",6,R,"あおいぬ",190,89.739,0.43,,71,W,Y,0,,,,,,,,,,,,,,,,,,,,,,,,,,,,,0,0,,,,,,,,,,,,,,,,,,,,,,,,,,,,,,,,,,,,,,-0.112,-37.324,-0.199,-17.872,-16.692,-42.163,-13.039,-65.09,21.933,-49.421,9.918,-65.901,49.616,-109.087,-2.637,-114.681,-51.009,-100.111,,,,"",,,,"",,,,"",,,,"",,,,"",,,,"",,,,"",,,,"",,,,1709.536,0.134,-37.508,,,,,,,,,,,,,,,,,,,,,,,,,,,,,,,,,,,,,,,,,,,,,,,,,,,,"",0,,,,,,,,,,,,,0,"",,,,0,""
29,,2,1,0,0,2,1,1,0,0,0,255,255,255,19,1720.278,"Slaris",R,27,94,140,-2.717,-1.897,-0.149,1.464,-1.239,0.273,-36.485,8.384,43,57,0,1,"",44.073,-148.368,19.196,-0.551,-17.792,4,"=","=","=","=","=","=","=","=","=",6,R,"あおいぬ",190,89.739,0.43,,71,W,Y,0,,,,,,,,,,,,,,,,,,,,,,,,,,,,,0,0,,,,,,,,,,,,,,,,,,,,,,,,,,,,,,,,,,,,,,-0.109,-37.351,-0.246,-17.71,-16.705,-42.268,-13.028,-65.255,21.845,-49.442,9.84,-65.911,51.445,-107.542,-3.811,-114.876,-51.112,-100.164,,,,"",,,,"",,,,"",,,,"",,,,"",,,,"",,,,"",,,,"",,,,1724.009,0.225,-37.22,,,,,,,,,,,,,,,,,,,,,,,,,,,,,,,,,,,,,,,,,,,,,,,,,,,,"",0,,,,,,,,,,,,,0,"",,,,0,""
30,,2,1,0,0,3,1,1,0,0,0,255,255,255,20,1736.816,"Slaris",R,13,66,107,-2.005,-2.065,0.459,1.746,-0.117,0.685,-36.485,42.19,86,14,0,1,"",-405.351,276.312,-8.143,-0.468,-19.394,4,"=","=","=","=","=","=","=","=","=",6,R,"あおいぬ",190,89.739,0.43,,71,W,Y,0,,,,,,,,,,,,,,,,,,,,,,,,,,,,,0,0,,1746.607,,,,,,,,,,,,,,,,,,,,,,,,,,,,,,,,,,,,0.006,-37.273,-0.086,-17.711,-16.772,-42.304,-12.984,-65.075,21.957,-49.319,9.244,-66.321,51.613,-107.742,-0.479,-115.033,-51.034,-100.052,,,,"",,,,"",,,,"",,,,"",,,,"",,,,"",,,,"",,,,"",,,,1744.642,-0.009,-37.429,,,,,,,,,,,,,,,,,,,,,,,,,,,,,,,,,,,,,,,,,,,,,,,,,,,,"",5,,,,,,,,,,,,,0,"",,,,0,""
31,,2,1,0,0,0,0,1,1,0,0,6,255,255,21,1760.478,"Slaris",R,34,96,140,-0.444,-0.293,0.007,1.697,-0.28,1.385,-36.485,14.921,72,24,4,0,"",74.718,-45.536,13.139,0,0,5,"=","=","=","=","=","=","=","=","=",7,R,"カズティー",175.4,84.645,0.33,,70,W,Y,0,,,,,,,,,,,,,,,,,,,,,,,,,,,,,0,0,,,,,,,,,,,,1778.728,,,,,,,,,,,,,,,,,,,,,,,,,,-0.083,-37.359,-0.229,-17.457,-19.801,-41.439,-11.705,-59.79,20.456,-48.727,8.024,-62.46,46.296,-98.609,-0.438,-111.185,-51.114,-100.149,,,,"",,,,"",,,,"",,,,"",,,,"",,,,"",,,,"",,,,"",,,,1764.436,0.262,-37.536,,,,,,,,,,,,,,,,,,,,,,,,,,,,,,,,,,,,,,,,,,,,,,,,,,,,"",0,,,,,,,,,,,,,0,"",,,,0,""
32,,2,1,0,0,0,1,1,1,0,0,6,255,255,22,1781.167,"Slaris",R,33,90,140,-1.591,-0.19,0.026,1.742,-0.83,1.444,-36.485,22.049,73,18,8,2,"",101.389,-44.303,18.702,0,0,5,"=","=","=","=","=","=","=","=","=",7,R,"カズティー",175.4,84.645,0.33,3,70,W,Y,1,1782.184,255,136,125,56,0,,145,127,-30,45.587,-0.304,0.818,-19.63,0.48,0,0.673,-59.637,399.764,-220.959,1782.205,-1.64,-20.932,1786.284,8,-63.846,0.06,-84.049,0,0,,,,,,,,,,,,1807.391,,,,,,,,,,,,,,,,,,,,,,,,,,-0.118,-37.337,-0.197,-17.476,-16.664,-42.165,-11.369,-60.139,20.763,-48.553,8.585,-62.535,46.27,-98.409,-0.078,-111.082,-50.564,-96.608,-0.02,-36.499,,"-라후이-",-0.242,-17.492,,"Floră",-16.725,-42.264,,"낑깡__",-11.364,-60.035,,"Ainy4／あいにゃ",20.454,-48.655,,"즉석카레",8.598,-62.349,,"メリニット",46.272,-98.41,,"아침땅_",-0.334,-111.536,,"Kenomo",-50.509,-96.535,93,,,,,,,,,,,,,,,,,,,,,,,,,1786.389,-64.631,-84.996,,,,,,,,,,,,,,,,,,,,,,,,,1787.342,-59.409,-81.57,"",3,,,,,,,,,,,,,0,"Kenomo",,,,32,""
33,,2,1,0,0,0,2,1,1,0,0,6,255,255,23,1811.126,"Slaris",R,13,64,106,-4.472,-0.211,0.028,1.803,-1.227,1.948,-36.485,47.1,81,19,0,2,"",-376.237,312.348,0.1,0,0,5,"=","=","=","=","=","=","=","=","=",7,R,"カズティー",175.4,84.645,0.33,3,47,W,Y,1,1812.27,255,154,41,55,30,0.567,130,74,15.21,49.286,-0.871,0.808,-19.945,1,0,0.858,232.428,241.19,145.111,1814.122,-26.075,-40.434,,,,,,0,0,,,,,,,,,,,,1832.331,,,,,,,,,,,,,,,,,,,,,,,,,,-0.143,-37.365,-0.202,-17.649,-18.204,-43.496,-11.674,-59.989,21.697,-49.198,8.23,-62.363,44.254,-98.802,-0.722,-111.945,-50.913,-97.336,-0.01,-36.164,,"-라후이-",-0.451,-17.629,,"Floră",-16.57,-42.158,,"낑깡__",-12.146,-60.062,,"Ainy4／あいにゃ",21.586,-49.206,,"즉석카레",8.251,-62.196,,"メリニット",43.869,-99.885,,"아침땅_",-0.718,-111.933,,"Kenomo",-50.921,-97.346,,,,,,,,,,,,,,,,,,,,,,,,,,,,,,,,,,,,,,,,,,,,,,,,,,,,,,,,"",3,,,,,,,,,,,,,0,"",,,,0,""
34,,2,1,0,0,0,2,1,1,0,0,6,255,255,24,1835.317,"Slaris",R,13,80,117,-2.049,-2.173,0.148,1.485,-0.266,0.768,-36.485,15.184,57,43,0,2,"",-374.777,330.971,-10.688,0,0,5,"=","=","=","=","=","=","=","=","=",7,R,"カズティー",175.4,84.645,0.33,3,47,W,Y,1,1836.334,255,173,111,110,103,,145,82,-15.006,57.694,-0.351,0.298,-20.874,1,0,0.944,-69.888,147.418,132.55,1836.384,-1.617,-21.673,,,,,,0,0,,,,,,,,,,,,1857.782,,,,,,,,,,,,,,,,,,,,,,,,,,0.01,-37.401,0.005,-17.749,-18.75,-42.485,-11.814,-60.015,21.386,-48.869,8.518,-62.987,41.65,-98.947,-0.72,-109.375,-49.536,-97.957,0.007,-36.189,,"-라후이-",-0.118,-17.814,,"Floră",-16.738,-42.079,,"낑깡__",-11.764,-59.84,,"Ainy4／あいにゃ",21.207,-48.938,,"즉석카레",8.79,-62.779,,"メリニット",41.654,-98.938,,"아침땅_",-0.672,-109.46,,"Kenomo",-49.468,-97.898,,,,,,,,,,,,,,,,,,,,,,,,,,,,,,,,,,,,,,,,,,,,,,,,,,,,,,,,"",3,,,,,,,,,,,,,0,"",,,,0,""
35,,2,1,0,0,0,2,1,1,0,0,6,255,255,25,1858.225,"Slaris",R,28,87,140,-0.968,1.406,0.106,2.009,-0.502,2.327,-36.485,42.713,67,26,7,1,"",57.387,-86.748,13.953,0,0,5,"=","=","=","=","=","=","=","=","=",7,R,"カズティー",175.4,84.645,0.33,,47,W,Y,0,,,,,,,,,,,,,,,,,,,,,,,,,,,,,0,0,,,,,,,,,,,,1885.097,,,,,,,,,,,,,,,,,,,,,,,,,,-0.215,-37.211,0.004,-17.621,-16.914,-42.429,-12.243,-59.966,21.111,-49.162,8.376,-64.391,44.025,-98.687,-0.466,-110.394,-49.729,-98.706,,,,"",,,,"",,,,"",,,,"",,,,"",,,,"",,,,"",,,,"",,,,,,,,,,,,,,,,,,,,,,,,,,,,,,,,,,,,,,,,,,,,,,,,,,,,,,,,,,"",0,,,,,,,,,,,,,0,"",,,,0,""
36,,2,1,0,0,1,2,1,1,0,0,6,255,255,26,1886.767,"Slaris",R,3,70,110,-4.617,-0.152,0.067,1.749,-1.116,1.521,-36.485,32.633,76,24,0,4,"",-491.662,0,-2.42,0,0,5,"=","=","=","=","=","=","=","=","=",7,R,"カズティー",175.4,84.645,0.33,,47,W,Y,1,,,,,,,,,,,,,,,,,,,,,,,,,,,,,0,0,,,,,,,,,,,,1913.384,,,1889.408,5,,578,0,,,,,,,,,,,,,,,,,,,-0.047,-37.369,-0.014,-17.827,-19.645,-40.714,-12.593,-59.875,21.253,-49.078,7.334,-62.432,40.306,-98.955,-0.366,-110.409,-49.862,-98.702,,,,"",,,,"",,,,"",,,,"",,,,"",,,,"",,,,"",,,,"",,,,,,,,,,,,,,,,,,,,,,,,,,,,,,,,,,,,,,,,,,,,,,,,,,,,,,,,,,"",0,,,,,,,,,,,,,0,"",,,,0,""
37,,2,1,0,0,0,0,2,1,0,0,6,255,255,27,1913.687,"Slaris",R,33,91,140,1.808,0.4,0.34,1.81,0.631,1.789,-36.485,41.881,74,19,6,1,"",110.266,-76.596,18.368,0,0,6,"=","=","=","=","=","=","=","=","=",0,R,"P0TA0",190,96.017,0.445,,68,W,Y,0,,,,,,,,,,,,,,,,,,,,,,,,,,,,,0,0,,,,,,,,,,,,1928.515,,,,,,,,,,,,,,,,,,,,,,,,,,-0.005,-37.327,0.352,-17.822,-18.414,-42.599,-13.322,-64.886,22.047,-50.339,10.754,-64.874,43.438,-114.143,-0.595,-113.599,-50.905,-99.662,,,,"",,,,"",,,,"",,,,"",,,,"",,,,"",,,,"",,,,"",,,,,,,,,,,,,,,,,,,,,,,,,,,,,,,,,,,,,,,,,,,,,,,,,,,,,,,,,,"",0,,,,,,,,,,,,,0,"",,,,0,""
38,,2,1,0,0,1,0,2,1,0,0,6,255,255,28,1928.733,"Slaris",R,34,92,140,-0.831,-0.231,0.067,1.711,-0.489,1.41,-36.485,22.055,78,21,2,0,"",93.311,-57.055,15.732,0,0,6,"=","=","=","=","=","=","=","=","=",0,R,"P0TA0",190,96.017,0.445,,68,W,Y,1,,,,,,,,,,,,,,,,,,,,,,,,,,,,,0,0,,,,,,,,,,,,1969.921,,,,,,,,,,,,,,,,,,,,,,,,,,-0.076,-37.486,-0.132,-17.784,-19.345,-41.105,-13.127,-64.971,22.208,-50.105,10.79,-65.696,43.439,-114.142,-0.458,-113.638,-51.108,-100.415,,,,"",,,,"",,,,"",,,,"",,,,"",,,,"",,,,"",,,,"",,,,,,,,,,,,,,,,,,,,,,,,,,,,,,,,,,,,,,,,,,,,,,,,,,,,,,,,,,"",0,,,,,,,,,,,,,0,"",,,,0,""
39,,2,1,0,0,1,1,2,1,0,0,6,255,255,29,1970.352,"Slaris",R,13,71,111,-3.086,-0.359,0.05,1.8,-0.641,1.784,-36.485,38.339,79,21,0,1,"",-390.434,312.348,-5.816,0,0,6,"=","=","=","=","=","=","=","=","=",0,R,"P0TA0",190,96.017,0.445,,68,W,Y,0,,,,,,,,,,,,,,,,,,,,,,,,,,,,,0,0,,,,,,,,,,,,1987.239,,,,,,,,,,,,,,,,,,,,,,,,,,-0.097,-37.36,-0.152,-17.764,-19.484,-41.401,-13.094,-65.014,22.131,-49.557,10.607,-65.115,42.97,-114.821,-0.885,-114.382,-51.265,-100.199,,,,"",,,,"",,,,"",,,,"",,,,"",,,,"",,,,"",,,,"",,,,,,,,,,,,,,,,,,,,,,,,,,,,,,,,,,,,,,,,,,,,,,,,,,,,,,,,,,"",0,,,,,,,,,,,,,0,"",,,,0,""
40,,2,1,0,0,2,1,2,1,0,0,6,255,255,30,1987.93,"Slaris",R,34,84,136,0.997,-0.125,0.299,1.796,0.293,1.441,-36.485,42.025,69,28,3,2,"",95.613,-90.909,17.9,0,0,6,"=","=","=","=","=","=","=","=","=",0,R,"P0TA0",190,96.017,0.445,5,68,W,Y,1,1988.782,170,172,159,87,30,,145,95,35.105,1.495,0.185,0.945,-20.063,-0.69,0,0.285,444.339,271.494,285.409,1994.034,-8.07,-97.265,1994.292,7,-7.709,2.656,-94.733,0,0,,1995.216,,,,1992.835,,,,,,,,,1994.271,6,,456,0,,,,,,,,,,,,,,,,,,,-0.029,-37.439,0.195,-17.702,-18.201,-43.181,-13.283,-64.922,22.379,-49.548,11.433,-65.036,43.132,-114.953,-0.75,-114.419,-51.311,-100.238,-0.08,-36.384,,"-라후이-",0.178,-17.685,,"Floră",-16.61,-42.036,,"낑깡__",-13.274,-64.978,,"Ainy4／あいにゃ",22.058,-49.665,,"즉석카레",11.437,-64.919,,"メリニット",43.133,-114.954,,"아침땅_",-0.953,-114.433,103,"Kenomo",-50.629,-99.816,,,,,,,,,,,,,,,,,1996.505,0.171,-60.293,,,,1994.286,-7.914,-95.721,,,,,,,,,,,,,,,,,,,,,,,,,1994.944,-5.938,-93.14,,,,"",1,1.575,1.575,-1.434,0,2,0.264,85.302,35.105,-2.895,86.242,0.062,17.063,0,"아침땅_",1992.835,,,384,""
41,SIDE,2,1,0,0,0,0,2,1,0,0,6,255,255,,1996.725,,,,,,,,,,,,,,,,,,,,,,,,7,"=","=","=","=","=","=","=","=","=",,,,,,,,,,,,,,,,,,,,,,,,,,,,,,,,,,,,,,,0,0,,,,,,,,,,,,,,,,,,,,,,,,,,,,,,,,,,,,,,,,,,,,,,,,,,,,,,,,,,,,,,,,,,,,,,,,,,,,,,,,,,,,,,,,,,,,,,,,,,,,,,,,,,,,,,,,,,,,,,,,,,,,,,,,,,,,,,,,,,,,,,,,,"",0,,,,,,,,,,,,,0,"",,,,0,""
42,,2,0,0,0,0,0,0,0,0,0,255,255,255,7,2047.019,"P0TA0",R,13,64,105,-3.167,-0.662,0.121,1.522,-0.842,1.563,-36.636,4.357,45,55,0,1,"",-358.689,329.845,-30.817,0,0,3,"-라후이-","Slaris","Ainy4／あいにゃ","Floră","メリニット","Kenomo","낑깡__","즉석카레","아침땅_",2,R,"Floră",190,85,0.404,,89,W,Y,0,,,,,,,,,,,,,,,,,,,,,,,,,,,,,0,0,,,,,,,,,,,,,,,,,,,,,,,,,,,,,,,,,,,,,,-0.107,-37.246,-0.002,-17.561,-21.773,-47.254,-14.721,-63.077,22.046,-52.168,10.822,-65.629,37.104,-94.983,0.329,-111.456,-45.989,-93.429,,,,"",,,,"",,,,"",,,,"",,,,"",,,,"",,,,"",,,,"",,,,,,,,,,,,,,,,,,,,,,,,,,,,,,,,,,,,,,,,,,,,,,,,,,,,,,,,,,"",0,,,,,,,,,,,,,0,"",,,,0,""
43,,2,0,0,0,1,0,0,0,0,0,255,255,255,8,2060.376,"P0TA0",R,26,81,132,0.423,0.617,0.298,1.692,-0.102,1.811,-36.636,37.219,92,8,0,0,"",188.895,-200,-15.143,0,0,3,"=","=","=","=","=","=","=","=","=",2,R,"Floră",190,85,0.404,,89,W,Y,1,,,,,,,,,,,,,,,,,,,,,,,,,,,,,0,0,,,,,,,,,,,,,,,,,,,,,,,,,,,,,,,,,,,,,,-0.228,-37.188,0.007,-17.736,-22.002,-47.49,-14.724,-63.075,22.168,-52.502,10.539,-65.443,36.902,-94.948,0.327,-111.441,-43.67,-95.373,,,,"",,,,"",,,,"",,,,"",,,,"",,,,"",,,,"",,,,"",,,,,,,,,,,,,,,,,,,,,,,,,,,,,,,,,,,,,,,,,,,,,,,,,,,,,,,,,,"",0,,,,,,,,,,,,,0,"",,,,0,""
44,,2,0,0,0,1,1,0,0,0,0,255,255,255,9,2075.363,"P0TA0",R,13,61,104,-2.901,-0.425,0.247,1.663,-0.548,1.818,-36.636,32.334,93,7,0,1,"",-359.756,324.363,-20.532,0,0,3,"=","=","=","=","=","=","=","=","=",2,R,"Floră",190,85,0.404,,89,W,Y,0,,,,,,,,,,,,,,,,,,,,,,,,,,,,,0,0,,,,,,,,,,,,,,,,,,,,,,,,,,,,,,,,,,,,,,-0.099,-37.409,-0.011,-17.71,-22.112,-47.486,-14.749,-63.152,22.153,-52.501,10.529,-65.353,36.972,-94.93,0.352,-111.449,-44.073,-95.508,,,,"",,,,"",,,,"",,,,"",,,,"",,,,"",,,,"",,,,"",,,,,,,,,,,,,,,,,,,,,,,,,,,,,,,,,,,,,,,,,,,,,,,,,,,,,,,,,,"",0,,,,,,,,,,,,,0,"",,,,0,""
45,,2,0,0,0,2,1,0,0,0,0,255,255,255,10,2090.166,"P0TA0",R,26,59,101,-0.234,0.26,0.197,1.541,-0.328,1.634,-36.636,9.874,38,62,0,2,"",180.707,-200,-34.464,0,0,3,"=","=","=","=","=","=","=","=","=",2,R,"Floră",190,85,0.404,5,89,W,Y,1,2091.375,146,102,104,106,87,,145,89,46.712,-57.413,0.034,1.169,-20.458,-1,0,0.349,340.328,-258.925,154.996,2096.867,55.293,-49.688,,,,,,0,0,,,,,,,,,,,,,,,,,,,,,,,,,,,,,,,,,,,,,,-0.074,-37.321,-0.01,-17.705,-22.082,-47.532,-15.292,-63.177,22.165,-52.519,10.472,-65.276,36.951,-94.905,0.354,-111.465,-44.167,-95.377,0.511,-37.309,,"sano jpn",-0.017,-17.72,,"ʚEveɞ",-22.028,-47.381,,"白霜らいふ",-15.29,-63.138,,"인생최패망자",21.926,-52.241,,"ibqrqki",10.653,-64.82,,"あおいぬ",36.962,-94.909,,"カズティー",0.358,-111.456,,"NABIMan",-44.485,-95.768,,,,,,,,,,,,,,,,,,,,,,,,,,,,,,,,,,,,,,,,,,,,,,,,,,,,,,,,"",3,-62.093,-53.939,-11.782,0.458,0,1,46.712,46.712,84.634,46.712,0,-90.127,0,"",,,,0,""
46,,2,0,0,0,2,2,0,0,0,0,255,255,255,11,2110.407,"P0TA0",R,39,48,92,-1.378,-0.78,0.06,1.201,-0.753,0.9,-36.636,14.452,34,66,0,0,"",63.38,-200,-49.346,0,0,3,"=","=","=","=","=","=","=","=","=",2,R,"Floră",190,85,0.404,,90,W,Y,0,,,,,,,,,,,,,,,,,,,,,,,,,,,,,0,0,,,,,,,,,,,,,,,2113.604,3,,578,0,,,,,,,,,,,,,,,,,,,-0.154,-37.244,0.003,-17.739,-21.629,-46.75,-13.598,-63.123,22.611,-51.907,10.347,-65.287,37.509,-94.107,0.411,-111.531,-43.716,-95.85,,,,"",,,,"",,,,"",,,,"",,,,"",,,,"",,,,"",,,,"",,,,,,,,,,,,,,,,,,,,,,,,,,,,,,,,,,,,,,,,,,,,,,,,,,,,,,,,,,"",0,,,,,,,,,,,,,0,"",,,,0,""
47,,2,0,0,0,0,0,1,0,0,0,255,255,255,12,2133.197,"P0TA0",R,13,65,106,1.222,0.25,0.514,1.666,0.982,2.059,-36.636,39.572,93,7,0,0,"",-376.237,312.348,-47.639,0,0,4,"=","=","=","=","=","=","=","=","=",6,R,"メリニット",175.3,89.637,0.502,,65,W,Y,0,,,,,,,,,,,,,,,,,,,,,,,,,,,,,0,0,,,,,,,,,,,,,,,,,,,,,,,,,,,,,,,,,,,,,,0.031,-37.311,-0.028,-17.739,-21.427,-46.777,-13.537,-63.613,17.118,-45.677,10.689,-65.106,41.797,-91.263,0.445,-109.254,-44.397,-95.497,,,,"",,,,"",,,,"",,,,"",,,,"",,,,"",,,,"",,,,"",,,,,,,,,,,,,,,,,,,,,,,,,,,,,,,,,,,,,,,,,,,,,,,,,,,,,,,,,,"",0,,,,,,,,,,,,,0,"",,,,0,""
48,,2,0,0,0,0,1,1,0,0,0,255,255,255,13,2146.455,"P0TA0",R,13,56,100,-2.652,-1.659,0.205,1.442,-0.452,1.274,-36.636,12.629,48,52,0,1,"",-318.835,356.366,-38.952,-0.68,-18.631,4,"=","=","=","=","=","=","=","=","=",6,R,"メリニット",175.3,89.637,0.502,,65,W,Y,0,,,,,,,,,,,,,,,,,,,,,,,,,,,,,0,0,,,,,,,,,,,,,,,,,,,,,,,,,,,,,,,,,,,,,,-0.127,-37.32,-0.028,-17.725,-21.429,-46.729,-13.471,-63.665,17.102,-45.657,10.379,-65.134,41.168,-88.957,0.429,-109.02,-44.813,-96.431,,,,"",,,,"",,,,"",,,,"",,,,"",,,,"",,,,"",,,,"",,,,,,,,,,,,,,,,,,,,,,,,,,,,,,,,,,,,,,,,,,,,,,,,,,,,,,,,,,"",0,,,,,,,,,,,,,0,"",,,,0,""
49,,2,0,0,0,1,1,1,0,0,0,255,255,255,14,2159.167,"P0TA0",R,26,84,136,0.56,0.227,0.163,1.338,-0.649,0.911,-36.636,17.723,47,53,0,2,"",98.657,-200,-3.724,0,0,4,"=","=","=","=","=","=","=","=","=",6,R,"メリニット",175.3,89.637,0.502,0,65,W,Y,1,2160.179,122,65,107,105,64,,138,118,-30,27.146,-0.221,0.633,-20.011,0.85,0,0.203,8.303,0.193,-4.93,2160.146,-0.728,-21.002,2162.222,3,-19.782,1.302,-58.161,0,0,,,,,,,,,,,,,,,2164.912,4,,147,128,,,,,,,,,,,,,,,,,,,-0.147,-37.429,0.012,-17.743,-21.502,-47.442,-13.626,-63.593,16.983,-45.526,10.408,-65.189,40.859,-88.819,0.439,-109.032,-44.784,-96.35,-0.191,-37.117,,"sano jpn",-0.039,-17.77,,"ʚEveɞ",-21.493,-47.316,86,"白霜らいふ",-13.607,-63.596,98,"인생최패망자",16.863,-45.377,,"ibqrqki",10.308,-64.916,,"あおいぬ",40.83,-88.789,,"カズティー",0.435,-109.025,,"NABIMan",-44.816,-96.373,,2169.193,-0.507,-38.084,,,,2164.22,-19.187,-40.129,2162.305,-20.136,-59.149,,,,,,,,,,,,,,,,,,,,,,2168.257,-14.979,-39.945,2163.491,-20.177,-53.837,,,,,,,,,,,,,,,,"",2,,,,,,,,,,,,,0,"白霜らいふ",,,,194,""
50,,2,0,0,0,0,0,2,0,0,0,255,255,255,15,2185.868,"P0TA0",R,26,85,137,0.338,-0.855,0.301,1.414,-0.051,0.912,-36.636,28.455,51,49,0,2,"",155.22,-200,-4.81,0,0,5,"=","=","=","=","=","=","=","=","=",8,R,"Kenomo",180.1,80,0.449,5,65,W,Y,1,2186.889,150,57,93,61,0,,145,130,4.339,10.445,0.013,0.671,-20.023,0.56,0,0.249,368.5,434.691,-118.567,2188.751,-14.125,-80.877,2193.563,7,-24.916,0.056,-127.936,1,0,,2192.549,2197.049,,,,,,,,,,,,,,,,,,,,,,,,,,,,,,,,,,,-0.056,-37.413,-0.044,-17.772,-21.578,-46.979,-13.004,-64.599,20.515,-50.507,10.473,-65.43,42.236,-92.299,-0.322,-113.07,-44.359,-94.402,-0.217,-37.214,,"sano jpn",-0.054,-17.797,,"ʚEveɞ",-21.579,-46.915,,"白霜らいふ",-13.027,-64.59,,"인생최패망자",20.245,-50.205,,"ibqrqki",10.446,-65.311,72,"あおいぬ",42.174,-92.243,,"カズティー",-0.317,-113.078,96,"NABIMan",-44.295,-94.434,,2203.08,-0.298,-38.408,,,,,,,,,,,,,2198.098,0.123,-60.198,,,,2193.647,-24.355,-127.402,,,,,,,,,,,,,,,,,,,2201.861,-2.029,-55.776,,,,2194.801,-21.682,-119.986,,,,"",2,10.804,10.804,-2.729,0,0,1,4.339,4.339,4.095,4.339,0,13.63,0,"カズティー",2197.049,,,352,""
51,,2,0,0,0,0,0,2,0,1,0,255,18,255,16,2219.131,"P0TA0",R,13,59,102,-0.781,-0.192,0.33,1.611,0.129,1.875,-36.636,24.782,56,44,0,2,"",-346.032,332.78,-44.332,0,0,6,"=","=","=","=","=","=","=","=","=",3,R,"낑깡__",171.5,80,0.402,5,65,W,Y,1,2220.099,195,167,134,161,129,,145,83,105.266,-62.176,-0.099,0.957,-21.211,1,0.381,0.265,-203.457,407.415,-23.388,2226.105,-20.663,-10.259,,,,,,0,0,,,,,,,,,,,,,2241.525,,,,,,,,,,,,,,,,,,,,,,,,,-0.009,-37.332,-0.027,-17.866,-21.897,-47.337,-14.165,-63.299,16.588,-44.193,9.695,-64.439,35.467,-88.761,0.484,-106.273,-44.639,-96.27,-0.588,-37.433,,"sano jpn",-0.152,-18.071,,"ʚEveɞ",-21.699,-47.505,,"白霜らいふ",-14.18,-63.252,,"인생최패망자",16.527,-44.146,,"ibqrqki",9.585,-64.578,,"あおいぬ",35.473,-88.764,,"カズティー",0.83,-106.302,,"NABIMan",-45.506,-96.326,,,,,,,,,,,,,,,,,,,,,,,,,,,,,,,,,,,,,,,,,,,,,,,,,,,,,,,,"",3,-68.689,-51.339,-11.702,0.58,0,1,74.734,74.734,-14.279,74.734,0,-124.164,0,"",2227.248,,,0,""
52,,2,0,0,0,0,1,2,0,1,0,255,18,255,17,2244.885,"P0TA0",R,13,61,92,-2.699,-2.058,0.166,1.337,-0.423,1.145,-36.636,13.163,34,66,0,4,"",-303.514,343.955,-40.347,0,0,6,"=","=","=","=","=","=","=","=","=",3,R,"낑깡__",171.5,80,0.402,,84,W,Y,1,,,,,,,,,,,,,,,,,,,,,,,,,,,,,0,0,,,,,,,,,,,,,2260.414,,,,,,,,,,,,,,,,,,,,,,,,,-0.036,-37.344,-0.05,-18.054,-21.966,-47.256,-13.952,-63.002,17.512,-45.677,9.91,-65.006,36.913,-89.686,0.24,-107.069,-45.186,-93.537,,,,"",,,,"",,,,"",,,,"",,,,"",,,,"",,,,"",,,,"",,,,,,,,,,,,,,,,,,,,,,,,,,,,,,,,,,,,,,,,,,,,,,,,,,,,,,,,,,"",0,,,,,,,,,,,,,0,"",2247.292,,,0,""
53,,2,0,0,0,0,2,2,0,1,0,255,18,255,18,2261.729,"P0TA0",R,32,86,139,0.94,-0.627,0.333,1.394,0.143,1.093,-36.636,26.508,53,47,0,0,"",186.339,-164.656,1.042,0,0,6,"=","=","=","=","=","=","=","=","=",3,R,"낑깡__",171.5,80,0.402,,84,W,Y,1,,,,,,,,,,,,,,,,,,,,,,,,,,,,,0,64,,,,,,,,,,,,,2266.161,,2264.116,6,,578,0,,,,,,,,,,,,,,,,,,,-0.223,-37.286,-0.086,-17.949,-21.947,-47.226,-14.13,-63.271,17.546,-46.198,9.104,-65.78,35.487,-89.952,-0.322,-107.084,-43.662,-94.929,,,,"",,,,"",,,,"",,,,"",,,,"",,,,"",,,,"",,,,"",,,,,,,,,,,,,,,,,,,,,,,,,,,,,,,,,,,,,,,,,,,,,,,,,,,,,,,,,,"",0,,,,,,,,,,,,,0,"",2266.148,,,0,""
54,SIDE,2,0,0,0,0,0,2,0,1,0,255,18,255,,2266.553,,,,,,,,,,,,,,,,,,,,,,,,7,"=","=","=","=","=","=","=","=","=",,,,,,,,,,,,,,,,,,,,,,,,,,,,,,,,,,,,,,,0,0,,,,,,,,,,,,,,,,,,,,,,,,,,,,,,,,,,,,,,,,,,,,,,,,,,,,,,,,,,,,,,,,,,,,,,,,,,,,,,,,,,,,,,,,,,,,,,,,,,,,,,,,,,,,,,,,,,,,,,,,,,,,,,,,,,,,,,,,,,,,,,,,,"",0,,,,,,,,,,,,,0,"",,,,0,""
55,,3,1,0,0,0,0,0,0,0,0,255,255,255,31,2308.941,"Slaris",R,26,93,140,0.977,-0.558,0.117,1.618,0.459,1.15,-36.485,11.066,47,50,4,2,"",-83.432,-175.252,21.62,0,0,7,"sano jpn","ʚEveɞ","NABIMan","인생최패망자","あおいぬ","カズティー","P0TA0","白霜らいふ","ibqrqki",3,R,"白霜らいふ",175.1,80,0.653,5,64,W,Y,1,2310.008,255,237,144,98,69,,145,103,23.276,-57.376,0.154,0.798,-20.647,-0.04,0,0.564,167.337,429.638,383.94,2314.893,72.048,-76.991,,,,,,0,0,,,,,,,,,,,,,,,,,,,,,,,,,,,,,,,,,,,,,,-0.056,-37.326,0.256,-17.804,-16.583,-42.023,-13.282,-65.107,23.74,-51.981,10.729,-65.289,45.772,-92.406,-0.561,-113.281,-50.166,-99.884,-0.086,-36.273,,"-라후이-",0.182,-17.83,,"Floră",-16.734,-42.238,,"낑깡__",-13.37,-65.318,,"Ainy4／あいにゃ",23.403,-52.073,,"즉석카레",10.789,-64.748,,"メリニット",43.869,-92.793,,"아침땅_",-0.746,-112.471,,"Kenomo",-50.166,-99.871,,,,,,,,,,,,,,,,,,,,,,,,,,,,,,,,,,,,,,,,,,,,,,,,,,,,,,,,"",3,-99.5,-57.36,-13.8,1,1,0.963,37.297,23.276,-1.986,74.873,0.042,-132.361,0,"",,,,0,""
56,,3,1,0,0,0,1,0,0,0,0,255,255,255,32,2328.862,"Slaris",R,13,66,107,-1.75,-0.802,0.247,1.791,-0.051,1.596,-36.485,31.274,74,26,0,1,"",-379.786,312.348,-12.163,0,0,7,"=","=","=","=","=","=","=","=","=",3,R,"白霜らいふ",175.1,80,0.653,,64,W,Y,0,,,,,,,,,,,,,,,,,,,,,,,,,,,,,0,0,,,,,,,,,,,,,,,,,,,,,,,,,,,,,,,,,,,,,,-0.078,-37.251,-0.134,-17.882,-16.573,-41.988,-13.119,-65.186,22.396,-50.585,12.577,-64.592,42.944,-96.979,-0.513,-112.409,-48.509,-96.995,,,,"",,,,"",,,,"",,,,"",,,,"",,,,"",,,,"",,,,"",,,,,,,,,,,,,,,,,,,,,,,,,,,,,,,,,,,,,,,,,,,,,,,,,,,,,,,,,,"",0,,,,,,,,,,,,,0,"",,,,0,""
57,,3,1,0,0,1,1,0,0,0,0,255,255,255,33,2344.333,"Slaris",R,34,85,138,1.687,0.644,0.372,1.843,0.594,1.884,-36.485,40.68,74,16,11,1,"",95.829,-87.294,14.82,0,0,7,"=","=","=","=","=","=","=","=","=",3,R,"白霜らいふ",175.1,80,0.653,,64,W,Y,0,,,,,,,,,,,,,,,,,,,,,,,,,,,,,0,0,,,,,,,,,,,,,,,,,,,,,,,,,,,,,,,,,,,,,,-0.072,-37.287,0.156,-17.909,-16.681,-42.091,-13.082,-65.201,22.436,-50.493,12.778,-64.45,44.447,-96.084,-0.466,-112.617,-48.614,-97.113,,,,"",,,,"",,,,"",,,,"",,,,"",,,,"",,,,"",,,,"",,,,,,,,,,,,,,,,,,,,,,,,,,,,,,,,,,,,,,,,,,,,,,,,,,,,,,,,,,"",0,,,,,,,,,,,,,0,"",,,,0,""
58,,3,1,0,0,2,1,0,0,0,0,255,255,255,34,2360.102,"Slaris",R,26,86,140,19.246,-1.054,0.056,1.624,0.241,1.495,-36.485,10.911,47,48,5,2,"",-90.664,-200,15.387,0,0,7,"=","=","=","=","=","=","=","=","=",3,R,"白霜らいふ",175.1,80,0.653,5,64,W,Y,1,2361.212,255,138,126,121,58,,145,129,34.387,-58.819,-0.023,1.165,-20.903,0.57,0,0.621,129.724,282.715,513.073,,,,,,,,,0,0,,,,,2365.25,,,,,,,,,,,,,,,,,,,,,,,,,,,,,,,,,-0.157,-37.142,0.176,-17.776,-16.652,-42.146,-13.071,-65.277,22.416,-50.488,12.818,-64.359,45.215,-97.001,-0.72,-112.766,-48.539,-97.172,0.1,-36.565,,"-라후이-",0.1,-17.776,,"Floră",-16.74,-42.231,,"낑깡__",-13.047,-65.081,,"Ainy4／あいにゃ",22.254,-50.418,,"즉석카레",12.787,-64.205,,"メリニット",45.201,-97.029,,"아침땅_",-0.761,-112.539,,"Kenomo",-48.423,-97.028,,,,,,,,,,,,,,,,,,,,,,,,,,,,,,,,,,,,,,,,,,,,,,,,,,,,,,,,"",3,-60.572,-55.888,-18.825,0.434,2,0.422,74.589,64.209,-6.141,79.469,0.048,-105.356,0,"",,,,0,""
59,,3,1,0,0,2,2,0,0,0,0,255,255,255,35,2380.686,"Slaris",R,13,64,106,-0.933,-1.301,0.215,1.655,0.241,1.301,-36.485,29.097,85,15,0,2,"",-376.237,312.348,-15.64,0,0,7,"=","=","=","=","=","=","=","=","=",3,R,"白霜らいふ",175.1,80,0.653,3,63,W,Y,1,2381.903,195,195,106,89,52,,145,82,-0.292,35.759,-0.269,0.572,-21.125,1,0,0.656,-42.963,577.773,69.405,2382.213,-6.31,-29.197,2383.326,2,-14.315,0.058,-39.081,0,0,,,,,,,,,,,,,,,2385.457,7,,147,0,,,,,,,,,,,2384.842,2,,,,,,,-0.059,-37.335,-0.161,-17.894,-16.515,-42.041,-13.097,-65.132,22.033,-49.947,12.959,-64.465,54.801,-102.676,-0.689,-111.905,-48.658,-97.363,-0.051,-36.103,,"-라후이-",-0.318,-17.919,,"Floră",-16.629,-42.205,83,"낑깡__",-13.233,-65.268,,"Ainy4／あいにゃ",21.891,-49.93,,"즉석카레",12.975,-64.317,,"メリニット",54.805,-102.679,,"아침땅_",-0.942,-111.833,,"Kenomo",-48.597,-97.213,,2388.505,-0.709,-37.93,,,,2383.411,-14.843,-39.547,,,,,,,,,,,,,,,,,,,,,,,,,2387.4,-18.092,-39.307,,,,,,,,,,,,,,,,,,,"",2,,,,,,,,,,,,,0,"Floră",,,,10,""
60,,3,1,0,0,0,0,1,0,0,0,255,255,255,36,2403.749,"Slaris",R,26,91,140,1.126,-0.688,0.188,1.612,0.496,1.031,-36.485,12.719,33,65,2,0,"",-10.263,-190.18,21.493,0,0,8,"=","=","=","=","=","=","=","=","=",5,L,"ibqrqki",164.9,86.895,0.45,,63,W,Y,1,,,,,,,,,,,,,,,,,,,,,,,,,,,,,0,0,,,,,,,,,,,,,,,,,,,,,,,,,,,,,,,,,,,,,,-0.057,-37.119,0.229,-17.955,-15.048,-43.183,-12.058,-65.582,22.077,-49.829,13.469,-63.884,48.085,-85.586,-0.191,-105.884,-45.041,-98.869,,,,"",,,,"",,,,"",,,,"",,,,"",,,,"",,,,"",,,,"",,,,2407.711,0.323,-37.376,,,,,,,,,,,,,,,,,,,,,,,,,,,,,,,,,,,,,,,,,,,,,,,,,,,,"",0,,,,,,,,,,,,,0,"",,,,0,""
61,,3,1,0,0,0,1,1,0,0,0,255,255,255,37,2419.904,"Slaris",R,27,88,140,1.393,-0.812,0.124,1.618,0.631,1.01,-36.485,11.893,33,66,1,0,"",-21.657,-141.556,28.903,0,0,8,"=","=","=","=","=","=","=","=","=",5,L,"ibqrqki",164.9,86.895,0.45,,63,W,Y,0,,,,,,,,,,,,,,,,,,,,,,,,,,,,,0,0,,,,,,,,,,,,,,,,,,,,,,,,,,,,,,,,,,,,,,0.054,-37.487,0.343,-17.965,-15.064,-43.336,-12.342,-65.531,22.256,-49.556,11.556,-62.825,47.613,-85.607,-0.912,-107.271,-44.262,-99.263,,,,"",,,,"",,,,"",,,,"",,,,"",,,,"",,,,"",,,,"",,,,2423.73,-0.171,-37.433,,,,,,,,,,,,,,,,,,,,,,,,,,,,,,,,,,,,,,,,,,,,,,,,,,,,"",0,,,,,,,,,,,,,0,"",,,,0,""
62,,3,1,0,0,0,2,1,0,0,0,255,255,255,38,2436.097,"Slaris",R,10,87,128,-1.396,-2.755,0.267,1.753,0.495,1.556,-36.485,44.485,74,22,4,2,"",0,399.988,34.549,0,0,8,"=","=","=","=","=","=","=","=","=",5,L,"ibqrqki",164.9,86.895,0.45,0,63,W,Y,1,2437.224,204,50,66,34,21,,137,106,24.898,-15.349,0.212,0.569,-20.078,0.86,0,0.113,250.993,-212.045,-27.264,2442.009,29.181,-108.584,2446.067,6,34.83,0.056,-124.425,1,0,,2442.36,2446.674,2451.625,,,,,,,,,,,,,,,,,,,,,,,,,,,,,,2451.958,4,,,-0.063,-37.466,0.205,-17.918,-15.357,-43.506,-12.1,-65.316,22.244,-49.638,12.188,-62.948,48.264,-85.957,-0.617,-107.732,-44.374,-99.182,0.028,-35.967,,"-라후이-",0.176,-17.945,,"Floră",-15.521,-43.645,,"낑깡__",-12.138,-65.424,,"Ainy4／あいにゃ",21.959,-49.709,76,"즉석카레",12.181,-62.817,103,"メリニット",48.267,-85.956,,"아침땅_",-0.659,-107.725,99,"Kenomo",-44.244,-99.089,,2457.562,3.146,-40.402,,,,,,,,,,2451.754,19.154,-41.739,2449.338,8.826,-77.438,2446.121,35.282,-123.156,2446.204,34.137,-124.168,,,,,,,,,,,,,,,,2456.567,17.556,-41.033,2450.055,10.082,-76.749,,,,2446.889,32.489,-121.707,,,,"",2,,,,,,,,,,,,,0,"メリニット",2446.674,2451.625,,406,""
63,,3,1,0,0,0,0,1,0,0,1,255,255,5,39,2478.98,"Slaris",R,13,72,111,-1.745,-0.201,0.115,1.766,-0.06,1.884,-36.485,23.341,84,16,0,2,"",-390.434,312.348,-5.545,0,0,0,"=","=","=","=","=","=","=","=","=",1,R,"sano jpn",189.9,87.118,0.631,0,63,W,Y,1,2480.163,153,53,144,101,38,,145,133,30.934,43.9,-0.349,0.894,-20.017,0.44,0.048,0.391,306.7,391.457,-218.903,2485.422,-93.882,-101.019,,,,,,0,0,,,,,,,,,,,,,,2487.935,,,,,,,,,,,,,,,,,,,,,,,,-0.094,-37.233,-0.154,-17.787,-16.518,-41.929,-9.748,-57.747,18.583,-40.644,9.548,-65.799,44.253,-100.885,-0.546,-114.113,-48.834,-99.266,0.055,-36.317,,"-라후이-",-0.262,-17.801,,"Floră",-16.64,-41.986,,"낑깡__",-9.801,-57.398,,"Ainy4／あいにゃ",17.386,-45.158,,"즉석카레",9.6,-65.659,,"メリニット",44.097,-101.201,,"아침땅_",-1.4,-113.409,,"Kenomo",-48.809,-99.245,,,,,,,,,,,,,,,,,,,,,,,,,,,,,,,,,,,,,,,,,,,,,,,,,,,,,,,,"",3,,,,,,,,,,,,,0,"",,2481.492,,0,""
64,,3,1,0,0,0,1,1,0,0,1,255,255,5,40,2503.72,"Slaris",R,28,85,138,2.08,0.057,0.268,1.743,0.795,1.566,-36.485,21.477,73,22,5,2,"",75.952,-85.693,19.099,0,0,0,"=","=","=","=","=","=","=","=","=",1,R,"sano jpn",189.9,87.118,0.631,0,74,W,Y,1,2504.76,180,81,118,77,27,,145,92,9.547,-27.677,0.407,0.979,-20.065,-1,0.143,0.441,-127.604,-378.496,48.517,,,,2506.109,4,14.063,1.953,-44.363,0,0,,,,,,,,,,,,,,2518.121,2506.279,0,,453,0,,,,,,,,,,,,,,,2507.822,4,,,0.071,-37.369,0.211,-17.907,-16.548,-42.197,-9.9,-58.721,18.54,-40.139,11.134,-65.236,45.811,-101.38,-0.988,-114.985,-48.567,-101.596,0.245,-36.144,,"-라후이-",0.167,-17.885,,"Floră",-16.625,-42.25,,"낑깡__",-9.933,-58.643,,"Ainy4／あいにゃ",18.356,-43.91,85,"즉석카레",9.985,-65.521,,"メリニット",46.111,-101.734,,"아침땅_",-0.992,-114.957,,"Kenomo",-48.562,-101.571,,2511.441,0.704,-37.946,,,,,,,,,,2506.289,14.542,-45.115,,,,,,,,,,,,,,,,,,,,,,,,,2510.437,16.758,-40.605,,,,,,,,,,,,,"",1,,,,,,,,,,,,,0,"Ainy4／あいにゃ",,2506.121,,6,""
65,,3,1,0,0,0,0,2,0,0,1,255,255,5,41,2528.23,"Slaris",R,6,82,121,1.159,0.044,0.26,1.826,0.505,1.915,-36.485,42.828,75,21,5,2,"",433.555,213.534,26.696,0,0,1,"=","=","=","=","=","=","=","=","=",2,L,"ʚEveɞ",190,85.255,0.454,3,62,W,Y,1,2529.227,240,196,127,61,19,,145,87,14.191,-59.389,0.499,1.09,-20.666,1,0,0.566,136.163,-524.755,-252.222,2530.688,29.74,-35.984,,,,,,0,0,,,,,,,,,,,,,,2540.604,,,,,,,,,,,,,,,,,,,,,,,,-0.043,-37.324,0.26,-17.969,-15.374,-43.095,-9.235,-66.548,18.962,-41.239,14.404,-63.776,52.103,-103.958,-0.442,-115.453,-47.671,-102.815,0.052,-36.054,,"-라후이-",0.219,-17.979,,"Floră",-15.491,-43.151,,"낑깡__",-9.166,-66.425,,"Ainy4／あいにゃ",19.146,-44.822,,"즉석카레",14.455,-63.697,,"メリニット",51.504,-101.492,,"아침땅_",0.404,-115.496,,"Kenomo",-47.614,-102.548,,,,,,,,,,,,,,,,,,,,,,,,,,,,,,,,,,,,,,,,,,,,,,,,,,,,,,,,"",3,,,,,,,,,,,,,0,"",,2534.643,,0,""
66,,3,1,0,0,0,1,2,0,0,1,255,255,5,42,2551.457,"Slaris",R,28,79,129,1.933,-0.835,0.444,1.742,0.775,1.026,-36.485,35.079,70,29,1,1,"",36.027,-50.039,8.916,0,0,1,"=","=","=","=","=","=","=","=","=",2,L,"ʚEveɞ",190,85.255,0.454,,62,W,Y,0,,,,,,,,,,,,,,,,,,,,,,,,,,,,,0,0,,,,,,,,,,,,,,2562.203,,,,,,,,,,,,,,,,,,,,,,,,0.051,-37.276,0.377,-17.899,-15.474,-43.678,-10.079,-66.269,18.853,-41.338,14.602,-63.853,50.784,-97.592,0.736,-116.151,-47.567,-102.66,,,,"",,,,"",,,,"",,,,"",,,,"",,,,"",,,,"",,,,"",,,,,,,,,,,,,,,,,,,,,,,,,,,,,,,,,,,,,,,,,,,,,,,,,,,,,,,,,,"",0,,,,,,,,,,,,,0,"",,2553.384,,0,""
67,,3,1,0,0,1,1,2,0,0,1,255,255,5,43,2570.903,"Slaris",R,13,61,104,-1.299,-0.444,0.325,1.776,0.168,1.758,-36.485,64.35,78,22,0,2,"",-378.055,300.178,3.585,0,0,1,"=","=","=","=","=","=","=","=","=",2,L,"ʚEveɞ",190,85.255,0.454,0,62,W,Y,1,2571.836,255,175,91,63,33,,145,133,6.586,20.872,-0.187,0.951,-21.199,0.37,0,0.46,-267.36,-22.932,107.504,2573.305,-18.462,-69.453,2575.488,8,-33.768,0.056,-109.96,1,0,,2577.354,,,,,,,,,2576.789,,,,,,,,,,,,,,,,,,,,,2579.568,5,,,,,0.036,-37.27,0.174,-18.09,-15.301,-43.345,-10.181,-66.358,18.815,-40.089,14.46,-63.826,49.803,-97.512,-0.442,-116.263,-46.533,-101.844,0.117,-36.074,,"-라후이-",0.092,-18.079,,"Floră",-15.376,-43.437,,"낑깡__",-10.097,-66.283,,"Ainy4／あいにゃ",19.497,-44.046,,"즉석카레",14.468,-63.747,63,"メリニット",49.799,-97.505,,"아침땅_",-0.423,-116.267,,"Kenomo",-47.138,-101.106,119,2584.311,-0.136,-39.105,,,,,,,,,,,,,2579.186,-0.372,-60.791,,,,,,,2575.641,-34.628,-109.512,,,,,,,,,,,,,,,,2582.839,-0.177,-57.913,,,,,,,2576.935,-30.199,-108.402,"",2,,,,,,,,,,,,,0,"Kenomo",,,2576.789,162,""
68,,3,1,1,0,0,0,2,1,0,0,2,255,255,44,2602.576,"Slaris",R,28,87,140,1.922,-0.617,0.22,1.596,0.739,1.155,-36.485,17.541,38,60,2,1,"",68.894,-75.227,17.177,0,0,2,"=","=","=","=","=","=","=","=","=",8,L,"NABIMan",190,85.499,0.48,,62,W,Y,0,,,,,,,,,,,,,,,,,,,,,,,,,,,,,0,0,,,,,,,,,,,,2603.99,,,,,,,,,,,,,,,,,,,,,,,,,,0.023,-37.485,0.118,-17.86,-19.053,-42.149,-12.421,-65.194,22.019,-49.802,12.786,-64.32,50.778,-107.622,-0.271,-115.379,-51.029,-102.356,,,,"",,,,"",,,,"",,,,"",,,,"",,,,"",,,,"",,,,"",,,,2606.698,-0.37,-37.094,,,,,,,,,,,,,,,,,,,,,,,,,,,,,,,,,,,,,,,,,,,,,,,,,,,,"",0,,,,,,,,,,,,,0,"",,,,0,""
69,,3,1,1,0,1,0,2,1,0,0,2,255,255,45,2621.311,"Slaris",R,28,90,140,0.741,-0.756,0.165,1.631,0.269,1.06,-36.485,18.283,76,20,4,0,"",36.114,-81.125,15.301,0,0,2,"=","=","=","=","=","=","=","=","=",8,L,"NABIMan",190,85.499,0.48,,62,W,Y,0,,,,,,,,,,,,,,,,,,,,,,,,,,,,,0,0,,,,,,,,,,,,2633.754,,,,,,,,,,,,,,,,,,2644.785,2,,,,,,,-0.012,-37.326,0.257,-17.726,-16.614,-42.067,-11.531,-65.351,22.075,-49.797,12.728,-64.554,50.687,-107.68,1.475,-115.662,-50.965,-102.49,,,120,"",,,,"",,,,"",,,,"",,,,"",,,,"",,,,"",,,,"",,,,2625.013,0.34,-37.165,,,,,,,,,,,,,,,,,,,,,,,,,2640.519,-2.101,-40.151,,,,,,,,,,,,,,,,,,,,,,,,,"",0,,,,,,,,,,,,,0,"",,,,0,""
70,,3,1,1,0,1,1,2,1,0,0,2,255,255,46,2662.462,"Slaris",R,28,92,140,1.517,-0.549,0.184,1.527,0.688,1.187,-36.485,8.041,38,62,0,4,"",-24.636,-91.493,15.468,0,0,2,"=","=","=","=","=","=","=","=","=",8,L,"NABIMan",190,85.499,0.48,,62,W,Y,1,,,,,,,,,,,,,,,,,,,,,,,,,,,,,0,2,,,,,,,,,,,,2677.934,,,2687.51,1,1,276,3,,,,,,,,,,,,,2685.223,3,,,,,-0.008,-37.311,0.298,-17.718,-16.641,-42.185,-12.369,-65.374,21.923,-49.124,13.858,-64.211,50.135,-107.38,-0.182,-115.553,-48.145,-104.052,,,120,"",,,,"",,,,"",,,,"",,,,"",,,,"",,,,"",,,,"",,,,2666.896,0.081,-37.609,,,,,,,,,,,,,,,,,,,,,,,,,2683.886,0.459,-43.871,,,,,,,,,,,,,,,,,,,,,,,,,"",0,,,,,,,,,,,,,0,"",,,,0,""
71,,3,0,1,0,0,0,0,0,0,0,255,255,255,19,2833.2,"P0TA0",R,26,78,128,0.96,0.277,0.369,1.602,0.268,1.544,-36.636,32.792,50,50,0,0,"",105.339,-196.378,-11.945,0,0,7,"-라후이-","Slaris","Ainy4／あいにゃ","Floră","メリニット","Kenomo","낑깡__","즉석카레","아침땅_",5,R,"즉석카레",169.7,89.927,0.496,,61,W,Y,0,,,,,,,,,,,,,,,,,,,,,,,,,,,,,0,0,,,,,,,,,,,,,,,,,,,,,,,,,,,,,,,,,,,,,,-0.198,-37.211,0.005,-17.831,-21.475,-48.578,-12.716,-63.784,17.048,-46.109,9.502,-65.061,37.559,-90.889,-0.393,-106.844,-44.642,-94.524,,,,"",,,,"",,,,"",,,,"",,,,"",,,,"",,,,"",,,,"",,,,,,,,,,,,,,,,,,,,,,,,,,,,,,,,,,,,,,,,,,,,,,,,,,,,,,,,,,"",0,,,,,,,,,,,,,0,"",,,,0,""
72,,3,0,1,0,0,1,0,0,0,0,255,255,255,20,2845.496,"P0TA0",R,27,72,124,2.434,0.656,0.494,1.657,0.818,1.803,-36.636,39.396,90,10,0,2,"",143.12,-146.258,-3.678,0,0,7,"=","=","=","=","=","=","=","=","=",5,R,"즉석카레",169.7,89.927,0.496,3,61,W,Y,1,2846.499,255,215,127,109,62,,145,80,30.509,-23.653,0.539,1.543,-21.28,1,0,0.219,-404.236,19.672,295.276,,,,2850.463,5,21.776,4.04,-73.171,0,0,,2851.98,,,,,,,,,,,,,2850.574,7,,454,0,,,,,,,,,,,,,,,,,,,-0.13,-37.306,0.01,-17.861,-22.143,-48.388,-13.093,-63.796,17.059,-46.109,9.522,-64.689,37.662,-90.835,-0.394,-106.837,-44.08,-95.447,-0.19,-37.072,,"sano jpn",0.023,-17.864,,"ʚEveɞ",-22.061,-48.347,,"白霜らいふ",-13.101,-63.785,,"인생최패망자",16.803,-45.765,79,"ibqrqki",9.414,-64.361,78,"あおいぬ",37.621,-90.699,,"カズティー",-0.394,-106.842,,"NABIMan",-44.116,-95.487,,2860.125,0.565,-37.476,,,,,,,,,,2857.85,18.207,-40.564,2850.597,21.999,-73.589,,,,,,,,,,,,,,,,,,,,,,2859.053,17.209,-39.55,2855.741,22.78,-74.737,,,,,,,,,,"",1,,,,,,,,,,,,,0,"ibqrqki",,,,328,""
73,,3,0,1,0,0,0,1,0,0,0,255,255,255,21,2911.157,"P0TA0",R,3,64,106,-1.297,0.29,0.329,1.674,0.122,2.103,-36.636,30.077,85,15,0,2,"",-419.217,246.462,-20.627,0,0,8,"=","=","=","=","=","=","=","=","=",7,R,"아침땅_",170.2,86.571,0.5,3,60,W,Y,1,2912.261,120,98,106,101,50,,138,76,25.247,59.425,-0.205,1.057,-20.964,1,0.238,0.547,-97.953,444.99,178.089,2914.163,-34.339,-38.535,,,,,,0,0,,,,,,,,,,,,,,,,,,,,,,,,,,,,,,,,,,,,,,-0.049,-37.405,-0.005,-18.077,-21.652,-47.174,-13.192,-63.438,18.015,-47.285,10.178,-65.329,38.746,-93.992,-0.012,-107.38,-42.812,-97.922,-0.373,-37.323,,"sano jpn",-0.04,-18.089,,"ʚEveɞ",-21.791,-47.73,,"白霜らいふ",-13.195,-63.456,,"인생최패망자",17.943,-47.184,,"ibqrqki",9.754,-65.039,,"あおいぬ",38.443,-93.325,,"カズティー",-0.012,-107.372,,"NABIMan",-43.482,-97.663,,,,,,,,,,,,,,,,,,,,,,,,,,,,,,,,,,,,,,,,,,,,,,,,,,,,,,,,"",3,,,,,,,,,,,,,0,"",,,,0,""
74,,3,0,1,0,0,1,1,0,0,0,255,255,255,22,2928.49,"P0TA0",R,3,51,87,0.794,0.285,0.643,1.613,1.105,1.798,-36.636,69.08,82,18,0,0,"",-316.105,0,-3.258,0,0,8,"=","=","=","=","=","=","=","=","=",7,R,"아침땅_",170.2,86.571,0.5,,37,W,Y,0,,,,,,,,,,,,,,,,,,,,,,,,,,,,,0,0,,,,,,,,,,,,,,,,,,,,,,,,,,,,,,,,,,,,,,0.132,-37.287,-0.017,-18.099,-21.276,-46.969,-14.042,-63.56,16.755,-45.607,11.033,-64.58,36.697,-91.9,-0.903,-106.86,-43.461,-96.611,,,,"",,,,"",,,,"",,,,"",,,,"",,,,"",,,,"",,,,"",,,,,,,,,,,,,,,,,,,,,,,,,,,,,,,,,,,,,,,,,,,,,,,,,,,,,,,,,,"",0,,,,,,,,,,,,,0,"",,,,0,""
75,,3,0,1,0,0,2,1,0,0,0,255,255,255,23,2942.542,"P0TA0",R,13,55,88,-3.595,-0.764,0.056,1.626,-0.765,1.837,-36.636,9.883,61,39,0,4,"",-312.348,312.348,-28.471,-1,-17.438,8,"=","=","=","=","=","=","=","=","=",7,R,"아침땅_",170.2,86.571,0.5,,37,W,Y,1,,,,,,,,,,,,,,,,,,,,,,,,,,,,,0,0,,,,,,,,,,,,,,,2946.847,8,,706,0,,,,,,,,,,,,,,,,,2945.052,1,-0.09,-37.355,0.006,-18.101,-22.035,-47.896,-14.128,-63.57,16.732,-45.622,10.786,-64.831,35.315,-91.866,0.065,-107.397,-44.653,-98.109,,,,"",,,,"",,,,"",,,,"",,,,"",,,,"",,,,"",,,,"",,,,,,,,,,,,,,,,,,,,,,,,,,,,,,,,,,,,,,,,,,,,,,,,,,,,,,,,,,"",0,,,,,,,,,,,,,0,"",,,,0,""
76,,3,0,1,0,0,0,2,0,0,0,255,255,255,24,2987.178,"P0TA0",R,26,86,140,-3.05,-0.599,0.014,1.369,-1.343,1.068,-36.636,8.606,41,59,0,1,"",10.012,-200,1.301,0,0,0,"=","=","=","=","=","=","=","=","=",1,R,"-라후이-",190,87,0.504,,84,W,Y,0,,,,,,,,,,,,,,,,,,,,,,,,,,,,,0,0,,,,,,,,,,,,,,,,,,,,,,,,,,,,,,,,,,,,,,-0.137,-37.433,-0.053,-18.14,-22.096,-47.612,-12.905,-63.841,20.817,-50.702,9.581,-65.801,39.801,-98.023,0.116,-112.778,-44.763,-98.415,,,,"",,,,"",,,,"",,,,"",,,,"",,,,"",,,,"",,,,"",,,,,,,,,,,,,,,,,,,,,,,,,,,,,,,,,,,,,,,,,,,,,,,,,,,,,,,,,,"",0,,,,,,,,,,,,,0,"",,,,0,""
77,,3,0,1,0,1,0,2,0,0,0,255,255,255,25,3001.108,"P0TA0",R,39,55,97,1.18,0.552,0.339,1.588,0.114,1.737,-36.636,18.095,47,53,0,0,"",191.698,-200,-61.993,0,0,0,"=","=","=","=","=","=","=","=","=",1,R,"-라후이-",190,87,0.504,,84,W,Y,1,,,,,,,,,,,,,,,,,,,,,,,,,,,,,0,0,,,,,,,,,,,,,,,,,,,,,,,,,,,,,,,,,,,,,,-0.067,-37.198,-0.068,-18.126,-22.281,-47.83,-13.074,-63.923,20.805,-51.035,9.468,-65.703,39.708,-98.304,0.112,-112.768,-46.986,-99.699,,,,"",,,,"",,,,"",,,,"",,,,"",,,,"",,,,"",,,,"",,,,,,,,,,,,,,,,,,,,,,,,,,,,,,,,,,,,,,,,,,,,,,,,,,,,,,,,,,"",0,,,,,,,,,,,,,0,"",,,,0,""
78,,3,0,1,0,1,1,2,0,0,0,255,255,255,26,3016.214,"P0TA0",R,10,48,84,-1.356,-1.991,0.111,1.323,-0.592,1.163,-36.636,11.464,38,62,0,1,"",0,400,-41.885,-0.27,-19.588,0,"=","=","=","=","=","=","=","=","=",1,R,"-라후이-",190,87,0.504,,84,W,Y,0,,,,,,,,,,,,,,,,,,,,,,,,,,,,,0,0,,,,,,,,,,,,,,,,,,,,,,,,,,,,,,,,,,,,,,-0.138,-37.179,-0.051,-17.971,-22.284,-47.795,-13.428,-63.748,20.816,-51.073,9.722,-65.443,39.771,-98.236,0.119,-112.776,-43.006,-91.854,,,,"",,,,"",,,,"",,,,"",,,,"",,,,"",,,,"",,,,"",,,,,,,,,,,,,,,,,,,,,,,,,,,,,,,,,,,,,,,,,,,,,,,,,,,,,,,,,,"",0,,,,,,,,,,,,,0,"",,,,0,""
79,,3,0,1,0,2,1,2,0,0,0,255,255,255,27,3030.311,"P0TA0",R,26,70,122,-1.084,-1.13,0.164,1.257,-0.644,0.705,-36.636,18.716,41,59,0,1,"",102.237,-200,0.84,0,0,0,"=","=","=","=","=","=","=","=","=",1,R,"-라후이-",190,87,0.504,,84,W,Y,0,,,,,,,,,,,,,,,,,,,,,,,,,,,,,0,0,,,,,,,,,,,,,,,,,,,,,,,,,,,,,,,,,,,,,,-0.103,-37.263,-0.051,-17.984,-22.344,-47.826,-13.51,-63.755,20.828,-51.048,9.975,-65.738,39.819,-98.224,0.115,-112.786,-45.569,-95.044,,,,"",,,,"",,,,"",,,,"",,,,"",,,,"",,,,"",,,,"",,,,,,,,,,,,,,,,,,,,,,,,,,,,,,,,,,,,,,,,,,,,,,,,,,,,,,,,,,"",0,,,,,,,,,,,,,0,"",,,,0,""
80,,3,0,1,0,3,1,2,0,0,0,255,255,255,28,3043.653,"P0TA0",R,13,58,90,0.241,-0.321,0.628,1.755,0.831,2.035,-36.636,43.056,95,5,0,2,"",-298.971,341.286,-45.864,0,0,0,"=","=","=","=","=","=","=","=","=",1,R,"-라후이-",190,87,0.504,5,84,W,Y,1,3044.71,144,116,134,71,41,,145,123,0.705,-2.28,0.047,0.903,-20.458,0.79,0,0.226,-92.526,-63.249,16.022,3045.184,1.024,-43.272,3046.271,5,1.741,0.056,-62.97,0,0,,,,,,,,,,,,,,,3049.674,0,,147,256,,,,,,,,,,,,,,,,,,,0.067,-37.301,-0.051,-18.012,-22.305,-47.785,-13.378,-64.069,20.816,-51.029,9.877,-65.45,39.873,-98.235,0.087,-112.783,-45.646,-95.368,-0.377,-37.293,,"sano jpn",-0.044,-17.999,,"ʚEveɞ",-22.306,-47.685,,"白霜らいふ",-13.401,-64.052,,"인생최패망자",20.684,-50.878,,"ibqrqki",9.593,-65.047,95,"あおいぬ",39.845,-98.006,,"カズティー",0.094,-112.774,,"NABIMan",-46.013,-96.422,,,,,,,,3049.097,-18.994,-41.021,,,,,,,3046.508,3.122,-64.965,,,,,,,,,,,,,,,,,,,,,,,,,3047.599,0.14,-63.232,,,,,,,,,,"",2,2.834,2.834,-0.053,0,2,0,1.047,0.705,-3.558,1.031,0.001,30.163,0,"ibqrqki",,,,258,""
81,SIDE,3,0,1,0,0,0,2,0,0,0,255,255,255,,3051.827,,,,,,,,,,,,,,,,,,,,,,,,1,"=","=","=","=","=","=","=","=","=",,,,,,,,,,,,,,,,,,,,,,,,,,,,,,,,,,,,,,,0,0,,,,,,,,,,,,,,,,,,,,,,,,,,,,,,,,,,,,,,,,,,,,,,,,,,,,,,,,,,,,,,,,,,,,,,,,,,,,,,,,,,,,,,,,,,,,,,,,,,,,,,,,,,,,,,,,,,,,,,,,,,,,,,,,,,,,,,,,,,,,,,,,,"",0,,,,,,,,,,,,,0,"",,,,0,""
82,,4,1,1,0,0,0,0,0,0,0,255,255,255,47,3103.104,"Slaris",R,13,68,108,-1.662,-1.803,0.337,1.738,-0.017,0.892,-36.485,31.484,80,20,0,1,"",-383.336,312.348,-1.831,-0.44,-18.799,2,"sano jpn","ʚEveɞ","NABIMan","인생최패망자","あおいぬ","カズティー","P0TA0","白霜らいふ","ibqrqki",8,L,"NABIMan",190,85.499,0.48,,59,W,Y,0,,,,,,,,,,,,,,,,,,,,,,,,,,,,,0,0,,,,,,,,,,,,,,,,,,,,,,,,,,,,,,,,,,,,,,-0.053,-37.101,0.228,-17.849,-15.365,-43.244,-12.976,-65.142,22.283,-49.659,13.206,-64.3,46.216,-110.184,0.935,-116.188,-52.406,-102.407,,,,"",,,,"",,,,"",,,,"",,,,"",,,,"",,,,"",,,,"",,,,,,,,,,,,,,,,,,,,,,,,,,,,,,,,,,,,,,,,,,,,,,,,,,,,,,,,,,"",0,,,,,,,,,,,,,0,"",,,,0,""
83,,4,1,1,0,1,0,0,0,0,0,255,255,255,48,3119.951,"Slaris",R,27,86,139,1.541,-0.223,0.333,1.747,0.594,1.369,-36.485,37.376,75,20,6,2,"",49.786,-109.428,17.001,0,0,2,"=","=","=","=","=","=","=","=","=",8,L,"NABIMan",190,85.499,0.48,3,59,W,Y,1,3120.95,118,142,115,129,40,,137,130,0.461,-28.011,0.286,0.928,-20.383,0.4,0,0.192,512.79,-156.165,187.982,3121.697,16.269,-49.841,3122.105,4,17.048,0.094,-51.179,0,0,,,,,,,,,,,,,,,,,,,,,,,,,,,,,,,,,,,,,,-0.008,-37.587,0.253,-17.859,-15.308,-43.232,-13.085,-65.248,22.217,-49.833,13.26,-64.313,46.941,-109.142,0.437,-116.041,-49.428,-105.67,0.013,-36.512,,"-라후이-",0.247,-17.849,,"Floră",-15.501,-43.436,,"낑깡__",-13.06,-65.181,,"Ainy4／あいにゃ",22.167,-49.602,,"즉석카레",13.249,-64.288,,"メリニット",46.806,-109.116,,"아침땅_",0.805,-116.052,,"Kenomo",-49.382,-105.689,,,,,,,,,,,,,,3122.354,17.79,-51.899,,,,,,,,,,,,,,,,,,,,,,,,,,,,,,,,,,,,,,,,"",0,,,,,,,,,,,,,0,"Ainy4／あいにゃ",,,,4,""
84,,4,1,1,0,0,0,1,0,0,0,255,255,255,49,3259.186,"Slaris",R,13,53,98,0.234,-0.717,0.345,1.81,0.83,1.71,-36.485,61.751,75,25,0,0,"",-347.842,312.348,-10.875,0,0,3,"=","=","=","=","=","=","=","=","=",4,R,"인생최패망자",175.4,90,0.4,,59,W,Y,0,,,,,,,,,,,,,,,,,,,,,,,,,,,,,0,0,,,,,,,,,,,,,,,,,,,,,,,,,,,,,,,,,,,,,,-0.026,-37.173,-0.062,-17.953,-16.354,-41.818,-13.106,-65.042,21.354,-48.88,11.136,-64.675,46.341,-99.019,-0.483,-112.979,-49.534,-99.468,,,,"",,,,"",,,,"",,,,"",,,,"",,,,"",,,,"",,,,"",,,,3263.197,0.076,-37.125,,,,,,,,,,,,,,,,,,,,,,,,,,,,,,,,,,,,,,,,,,,,,,,,,,,,"",0,,,,,,,,,,,,,0,"",,,,0,""
85,,4,1,1,0,0,1,1,0,0,0,255,255,255,50,3275.031,"Slaris",R,34,94,140,-0.843,-1.016,-0.033,1.667,-0.479,0.93,-36.485,17.904,82,15,3,0,"",84.348,-81.097,18.364,-0.15,-14.602,3,"=","=","=","=","=","=","=","=","=",4,R,"인생최패망자",175.4,90,0.4,,59,W,Y,0,,,,,,,,,,,,,,,,,,,,,,,,,,,,,0,0,,,,,,,,,,,,,,,,,,,,,,,,,,,,,,,,,,,,,,-0.119,-37.48,-0.129,-17.946,-16.458,-42.002,-13.241,-65.061,21.405,-48.886,12.361,-64.516,46.995,-98.532,-0.43,-113.303,-51.304,-101.288,,,,"",,,,"",,,,"",,,,"",,,,"",,,,"",,,,"",,,,"",,,,3278.716,0.029,-37.14,,,,,,,,,,,,,,,,,,,,,,,,,,,,,,,,,,,,,,,,,,,,,,,,,,,,"",0,,,,,,,,,,,,,0,"",,,,0,""
86,,4,1,1,0,0,2,1,0,0,0,255,255,255,51,3291.675,"Slaris",R,13,60,103,-7.336,-2.725,0.12,1.697,-2.524,-0.369,-36.485,31.758,90,10,0,1,"",-365.589,312.348,-12.21,-1.091,-22.822,3,"=","=","=","=","=","=","=","=","=",4,R,"인생최패망자",175.4,90,0.4,,59,W,Y,0,,,,,,,,,,,,,,,,,,,,,,,,,,,,,0,0,,,,,,,,,,,,,,,,,,,,,,,,,,,,,,3299.626,2,,,,,,,-0.258,-37.085,-0.112,-17.91,-16.446,-41.988,-13.214,-64.97,21.288,-48.822,12.372,-64.481,46.943,-98.786,-0.608,-113.5,-51.251,-101.243,,,,"",,,,"",,,,"",,,,"",,,,"",,,,"",,,,"",,,,"",,,,3302.453,-0.848,-37.889,,,,,,,,,,,,,,,,,,,,,,,,,,,,,,,,,,,,,,,,,,,,,,,,,,,,"",0,,,,,,,,,,,,,0,"",,,,0,""
87,,4,1,1,0,1,2,1,0,0,0,255,255,255,52,3316.564,"Slaris",R,28,85,138,-0.757,-1.66,-0.041,1.659,-0.679,0.628,-36.485,20.437,83,14,3,2,"",7.1,-96.445,24.836,0,0,3,"=","=","=","=","=","=","=","=","=",4,R,"인생최패망자",175.4,90,0.4,0,59,W,Y,1,3317.605,131,79,72,86,51,,138,109,18.176,28.717,-0.286,0.443,-20.325,0.06,0,0.318,171.089,145.934,-61.869,,,,3321.393,8,-42.014,1.986,-92.091,0,0,,,,,,,,,,,,,,,3321.664,3,,457,0,,,,,,,,,,,,,,,,,,,-0.17,-37.331,-0.195,-17.718,-16.459,-41.949,-13.295,-65.101,21.475,-48.822,12.938,-64.656,47.297,-99.546,-0.3,-113.928,-51.183,-101.216,-0.297,-36.783,,"-라후이-",-0.283,-17.714,,"Floră",-16.657,-42.188,,"낑깡__",-13.322,-65.124,93,"Ainy4／あいにゃ",21.243,-48.792,,"즉석카레",12.925,-64.529,,"メリニット",47.307,-99.551,,"아침땅_",-0.281,-113.939,,"Kenomo",-51.174,-101.089,99,3327.687,-0.224,-38.911,,,,,,,3324.856,-10.851,-70.719,,,,,,,,,,,,,3321.673,-42.331,-92.567,,,,,,,,,,3326.198,-8.787,-66.268,,,,,,,,,,,,,3323.554,-34.056,-84.127,"",1,,,,,,,,,,,,,0,"Kenomo",,,,98,""
88,,4,1,1,0,0,0,2,0,0,0,255,255,255,53,3341.832,"Slaris",R,26,87,140,0.529,-0.071,0.071,1.51,0.413,1.419,-36.485,5.142,42,58,0,0,"",-138.225,-176.518,18.993,0,0,4,"=","=","=","=","=","=","=","=","=",6,R,"あおいぬ",190,89.739,0.43,,58,W,Y,0,,,,,,,,,,,,,,,,,,,,,,,,,,,,,0,0,,,,,,,,,,,,,,,,,,,,,,,,,,,,,,,,,,,,,,-0.069,-37.159,0.322,-17.97,-16.539,-42.047,-13.187,-65.261,21.584,-49.474,9.251,-66.024,45.53,-101.259,-0.673,-115.062,-51.716,-101.136,,,,"",,,,"",,,,"",,,,"",,,,"",,,,"",,,,"",,,,"",,,,3345.308,0.189,-37.548,,,,,,,,,,,,,,,,,,,,,,,,,,,,,,,,,,,,,,,,,,,,,,,,,,,,"",0,,,,,,,,,,,,,0,"",,,,0,""
89,,4,1,1,0,0,1,2,0,0,0,255,255,255,54,3356.525,"Slaris",R,13,74,113,-5.744,-2.529,-0.033,1.536,-1.961,-0.469,-36.485,10.367,53,47,0,1,"",-353.539,353.568,-2.388,-0.825,-23.516,4,"=","=","=","=","=","=","=","=","=",6,R,"あおいぬ",190,89.739,0.43,,58,W,Y,0,,,,,,,,,,,,,,,,,,,,,,,,,,,,,0,0,,,,,,,,,,,,,,,,,,,,,,,,,,,,,,,,,,,,,,-0.157,-37.142,-0.093,-17.865,-16.583,-42.088,-13.091,-65.268,21.726,-49.477,9.284,-66.009,40.876,-109.966,-0.39,-116.113,-50.375,-100.698,,,,"",,,,"",,,,"",,,,"",,,,"",,,,"",,,,"",,,,"",,,,3360.69,0.344,-37.129,,,,,,,,,,,,,,,,,,,,,,,,,,,,,,,,,,,,,,,,,,,,,,,,,,,,"",0,,,,,,,,,,,,,0,"",,,,0,""
90,,4,1,1,0,1,1,2,0,0,0,255,255,255,55,3370.291,"Slaris",R,13,72,111,-1.72,-0.459,0.169,1.764,-0.051,1.721,-36.485,33.711,81,19,0,4,"",-390.434,312.348,-14.904,-0.738,-15.291,4,"=","=","=","=","=","=","=","=","=",6,R,"あおいぬ",190,89.739,0.43,,58,W,Y,1,,,,,,,,,,,,,,,,,,,,,,,,,,,,,0,0,,,,,,,,,,,,,,,,,,,,,,,,,,,,,,,,,,,,,,-0.098,-37.413,-0.14,-17.676,-16.688,-42.115,-13.157,-65.251,21.654,-49.527,9.303,-66.029,41.516,-109.845,-2.429,-116.101,-50.315,-100.405,,,,"",,,,"",,,,"",,,,"",,,,"",,,,"",,,,"",,,,"",,,,3374.244,-0.189,-37.116,,,,,,,,,,,,,,,,,,,,,,,,,,,,,,,,,,,,,,,,,,,,,,,,,,,,"",0,,,,,,,,,,,,,0,"",,,,0,""
91,,4,1,1,0,1,2,2,0,0,0,255,255,255,56,3408.719,"Slaris",R,0,85,121,-0.766,-0.534,-0.003,1.562,-0.407,1.228,-36.485,9.99,38,62,0,0,"",45.418,-42.753,12.841,0,0,4,"=","=","=","=","=","=","=","=","=",6,R,"あおいぬ",190,89.739,0.43,,58,W,Y,0,,,,,,,,,,,,,,,,,,,,,,,,,,,,,0,0,,,,,,,,,,,,,,,3411.488,4,,578,0,,,,,,,,,,,,,,,,,,,-0.15,-37.317,-0.236,-17.751,-16.652,-42.117,-13.135,-64.972,21.749,-49.425,10.832,-65.405,43.04,-111.632,-3.915,-115.451,-48.276,-101.816,,,,"",,,,"",,,,"",,,,"",,,,"",,,,"",,,,"",,,,"",,,,3412.703,-0.212,-37.581,,,,,,,,,,,,,,,,,,,,,,,,,,,,,,,,,,,,,,,,,,,,,,,,,,,,"",0,,,,,,,,,,,,,0,"",,,,0,""
92,SIDE,4,1,1,0,0,0,2,0,0,0,255,255,255,,3413.655,,,,,,,,,,,,,,,,,,,,,,,,5,"=","=","=","=","=","=","=","=","=",,,,,,,,,,,,,,,,,,,,,,,,,,,,,,,,,,,,,,,0,0,,,,,,,,,,,,,,,,,,,,,,,,,,,,,,,,,,,,,,,,,,,,,,,,,,,,,,,,,,,,,,,,,,,,,,,,,,,,,,,,,,,,,,,,,,,,,,,,,,,,,,,,,,,,,,,,,,,,,,,,,,,,,,,,,,,,,,,,,,,,,,,,,"",0,,,,,,,,,,,,,0,"",,,,0,""
93,,4,0,1,0,0,0,0,0,0,0,255,255,255,29,3459.729,"P0TA0",R,3,55,101,0.722,0.678,0.58,1.744,1.16,2.056,-36.636,48.609,92,8,0,2,"",-403.591,0,-26.657,0,0,1,"-라후이-","Slaris","Ainy4／あいにゃ","Floră","メリニット","Kenomo","낑깡__","즉석카레","아침땅_",0,R,"Slaris",190,85.704,0.452,5,58,W,Y,1,3460.783,205,94,174,96,25,,145,105,16.204,16.807,0.154,1.3,-20.686,0.95,0,0.355,134.915,132.232,9.471,3464.43,-25.928,-99.881,3469.005,7,-35.309,0.055,-126.163,1,0,,3466.436,3470.815,,,,,,,,,,,,,,,,,,,,,,,,,,,,,3476.75,5,,,,,-0.011,-37.359,-0.013,-17.979,-21.491,-47.856,-11.923,-63.995,22.86,-53.482,9.761,-65.987,45.924,-103.528,-0.465,-112.753,-44.49,-96.939,-0.439,-37.62,,"sano jpn",-0.001,-17.992,,"ʚEveɞ",-21.836,-48.124,,"白霜らいふ",-12.03,-63.913,,"인생최패망자",22.871,-53.486,,"ibqrqki",9.705,-65.89,85,"あおいぬ",45.023,-103.804,,"カズティー",-0.429,-112.769,105,"NABIMan",-44.79,-97.952,,3479.674,-0.137,-38.42,,,,,,,,,,,,,3473.603,-0.268,-59.523,,,,3469.263,-34.955,-126.15,,,,,,,,,,,,,,,,,,,3478.527,0.848,-57.529,,,,3470.472,-30.755,-119.125,,,,"",2,20.948,20.948,3.09,0,1,0.672,27.302,16.204,42.035,31.45,0.032,37.825,0,"カズティー",3470.815,,,352,""
94,,4,0,1,0,0,0,0,0,1,0,255,10,255,30,3495.439,"P0TA0",R,32,66,119,-0.993,0.372,0.12,1.547,-0.85,1.645,-36.636,9.648,36,64,0,2,"",250,-200,-40.158,0,0,2,"=","=","=","=","=","=","=","=","=",4,L,"Ainy4／あいにゃ",190,85,0.512,5,58,W,Y,1,3496.525,157,86,100,49,28,,145,131,26.676,-21.515,-0.183,1.161,-20.401,0.66,0,0.57,537.049,-198.449,93.002,3502.092,51.008,-133.235,,,,,,0,0,,3502.075,3506.524,3511.936,3517.005,,,,3501.917,3507.206,,,,,,,,,,,,,,,,,,,,,,,,,,,,-0.052,-37.418,-0.055,-18.314,-22.151,-48.003,-11.631,-62.111,17.94,-44.204,12.734,-64.197,50.939,-103.593,0.948,-112.28,-46.815,-97.456,0.239,-37.373,,"sano jpn",-0.181,-18.344,,"ʚEveɞ",-22.123,-48.154,,"白霜らいふ",-11.652,-62.109,,"인생최패망자",17.772,-44.075,,"ibqrqki",12.641,-64.029,,"あおいぬ",50.943,-103.594,,"カズティー",0.951,-112.261,,"NABIMan",-44.806,-97.7,,,,,,,,,,,,,,,,,,,,,,,,,,,,,,,,,,,,,,,,,,,,,,,,,,,,,,,,"",4,-22.058,-22.058,-7.836,0,2,0.407,83.916,42.562,4.562,84.491,0.07,-36.199,0,"",3506.524,3501.917,3507.206,0,""
95,,4,0,1,2,0,0,0,0,0,0,255,255,255,31,3538.004,"P0TA0",R,13,58,102,-3.645,-0.706,0.177,1.621,-0.911,1.705,-36.636,21.556,52,48,0,4,"",-327.396,354.032,-22.796,0,0,3,"=","=","=","=","=","=","=","=","=",2,R,"Floră",190,85,0.404,,58,W,Y,1,,,,,,,,,,,,,,,,,,,,,,,,,,,,,0,0,,,,,,,,,,,,,,,,,,,,,,,,,,,,,,,,,,,,,,-0.178,-37.327,-0.051,-17.919,-21.83,-47.653,-11.342,-62.855,21.259,-49.571,9.732,-65.047,37.503,-93.903,-1.24,-109.331,-45.506,-97.505,,,,"",,,,"",,,,"",,,,"",,,,"",,,,"",,,,"",,,,"",,,,,,,,,,,,,,,,,,,,,,,,,,,,,,,,,,,,,,,,,,,,,,,,,,,,,,,,,,"",0,,,,,,,,,,,,,0,"",,,,0,""
96,,4,0,1,2,0,1,0,0,0,0,255,255,255,32,3553.614,"P0TA0",R,26,76,127,-4.43,-0.967,-0.063,1.418,-2.004,0.81,-36.636,7.213,44,56,0,1,"",48.521,-200,2.487,0,0,3,"=","=","=","=","=","=","=","=","=",2,R,"Floră",190,85,0.404,,58,W,Y,0,,,,,,,,,,,,,,,,,,,,,,,,,,,,,0,0,,,,,,,,,,,,,,,,,,,,,,,,,,,,,,,,,,,,,,-0.243,-37.54,-0.027,-17.98,-22.092,-47.933,-11.317,-64.036,21.262,-49.576,9.583,-65.198,36.887,-92.134,-1.244,-109.356,-45.62,-98.544,,,,"",,,,"",,,,"",,,,"",,,,"",,,,"",,,,"",,,,"",,,,,,,,,,,,,,,,,,,,,,,,,,,,,,,,,,,,,,,,,,,,,,,,,,,,,,,,,,"",0,,,,,,,,,,,,,0,"",,,,0,""
97,,4,0,1,2,1,1,0,0,0,0,255,255,255,33,3567.631,"P0TA0",R,10,54,101,-0.088,-1.91,0.28,1.345,-0.105,0.99,-36.636,21.215,44,56,0,2,"",-20.185,400,-56.413,0,0,3,"=","=","=","=","=","=","=","=","=",2,R,"Floră",190,85,0.404,5,58,W,Y,1,3568.971,194,92,172,120,97,,145,114,9.625,-35.131,-0.082,0.254,-20.282,0.86,0,0.263,171.68,574.446,23.197,3571.334,34.784,-79.829,3571.751,6,36.125,0.223,-82.64,1,0,,3575.067,,,,,,,,,,,,,,,,,,,,,,,,,,,,,,,,,,3578.835,1,-0.113,-37.355,-0.026,-17.852,-22.09,-48.081,-11.795,-63.524,21.29,-49.616,9.893,-65.24,36.982,-92.078,-1.246,-109.349,-46.103,-98.605,-0.425,-37.263,,"sano jpn",-0.063,-17.921,106,"ʚEveɞ",-22.041,-48.027,,"白霜らいふ",-11.801,-63.521,,"인생최패망자",21.273,-49.599,,"ibqrqki",9.586,-64.863,,"あおいぬ",36.872,-91.833,94,"カズティー",-1.268,-109.239,,"NABIMan",-46.095,-98.637,,3583.104,-2.347,-37.17,3576.308,1.196,-23.718,,,,,,,,,,,,,3572.168,36.523,-83.69,,,,,,,,,,3582.162,0.004,-18.391,,,,,,,,,,,,,3572.916,32.94,-79.407,,,,,,,"",2,-33.73,-33.73,-15.818,0,0,1,9.625,9.625,9.622,9.625,0,-34.621,0,"あおいぬ",,,,81,""
98,,4,0,1,2,0,0,0,1,0,0,12,255,255,34,3596.252,"P0TA0",R,32,85,138,1.246,0.858,0.337,1.71,0.247,1.91,-36.636,41.143,90,10,0,0,"",205.61,-200,-15.902,0,0,4,"=","=","=","=","=","=","=","=","=",6,R,"メリニット",175.3,89.637,0.502,,58,W,Y,0,,,,,,,,,,,,,,,,,,,,,,,,,,,,,0,0,,,,,,,,,,,,3614.356,,,,,,,,,,,,,,,,,,,,,,,,,,-0.081,-37.462,-0.052,-18.145,-19.649,-40.365,-10.277,-61.419,16.69,-44.886,8.187,-64.849,40.171,-94.301,-0.055,-109.564,-45.366,-97.351,,,,"",,,,"",,,,"",,,,"",,,,"",,,,"",,,,"",,,,"",,,,3602.644,-0.451,-37.334,,,,,,,,,,,,,,,,,,,,,,,,,,,,,,,,,,,,,,,,,,,,,,,,,,,,"",0,,,,,,,,,,,,,0,"",,,,0,""
99,,4,0,1,2,0,1,0,1,0,0,12,255,255,35,3615.149,"P0TA0",R,13,55,100,-3.621,-0.6,0.104,1.569,-0.925,1.721,-36.636,20.362,52,48,0,4,"",-354.94,312.348,-68.764,0,0,4,"=","=","=","=","=","=","=","=","=",6,R,"メリニット",175.3,89.637,0.502,,58,W,Y,1,,,,,,,,,,,,,,,,,,,,,,,,,,,,,0,0,,,,,,,,,,,,3615.97,,,,,,,,,,,,,,,,,,3638.924,2,,,,,,,-0.199,-37.348,-0.046,-17.956,-19.697,-40.591,-10.308,-61.406,16.872,-44.907,8.717,-64.03,39.743,-92.127,-0.161,-108.589,-40.821,-95.31,,,120,"",,,,"",,,,"",,,,"",,,,"",,,,"",,,,"",,,,"",,,,3620.356,-0.397,-38.16,,,,,,,,,,,,,,,,,,,,,,,,,3632.917,-1.949,-38.002,,,,,,,,,,,,,,,,,,,,,,,,,"",0,,,,,,,,,,,,,0,"",,,,0,""
100,,4,0,1,2,0,2,0,1,0,0,12,255,255,36,3654.725,"P0TA0",R,13,66,107,-2.647,-1.337,0.206,1.458,-0.449,1.329,-36.636,12.313,47,53,0,4,"",-367.639,327.348,-17.542,-0.745,-17.492,4,"=","=","=","=","=","=","=","=","=",6,R,"メリニット",175.3,89.637,0.502,,50,W,Y,1,,,,,,,,,,,,,,,,,,,,,,,,,,,,,0,0,,,,,,,,,,,,3654.743,,,3657.49,4,,578,0,,,,,,,,,,,,,,,,,3657.114,1,-0.073,-37.26,0.013,-17.663,-19.527,-40.873,-10.931,-61.82,16.957,-44.383,8.09,-64.143,38.736,-90.333,0.048,-109.321,-45.763,-97.998,,,120,"",,,,"",,,,"",,,,"",,,,"",,,,"",,,,"",,,,"",,,,3660.08,-0.28,-37.496,,,,,,,,,,,,,,,,,,,,,,,,,3672.517,-1.699,-37.906,,,,,,,,,,,,,,,,,,,,,,,,,"",0,,,,,,,,,,,,,0,"",,,,0,""
101,,4,0,1,2,0,0,1,1,0,0,12,255,255,37,3689.031,"P0TA0",R,10,56,102,0.203,-2.231,0.375,1.43,0.078,0.939,-36.636,33.108,50,50,0,2,"",0,400,-37.899,0,0,5,"=","=","=","=","=","=","=","=","=",8,R,"Kenomo",180.1,80,0.449,5,57,W,Y,1,3690.221,200,61,101,85,36,,145,86,2.595,8.227,0.03,0.134,-20.074,1,0.19,0.257,136.675,195.791,-545.871,3690.509,-2.097,-34.112,3692.326,3,-7.908,2.643,-56.615,0,40,,3695.67,,,,3695.822,,,,,,3689.425,,,3693.852,3,1,276,0,3695.827,5,,147,128,,,,,,,,,,,,,,-0.055,-37.4,-0.084,-17.987,-19.678,-40.382,-12.125,-63.212,16.761,-43.942,8.71,-65.084,36.168,-91.145,0.22,-109.477,-44.761,-96.971,0.147,-37.311,,"sano jpn",-0.15,-18.304,,"ʚEveɞ",-16.559,-44.858,,"白霜らいふ",-12.138,-63.208,107,"인생최패망자",16.46,-44.047,,"ibqrqki",8.096,-64.544,,"あおいぬ",36.156,-91.006,,"カズティー",0.224,-109.468,,"NABIMan",-46.61,-96.964,,,,,,,,3695.215,-18.422,-40.428,3692.619,-8.213,-57.451,,,,,,,,,,,,,,,,,,,,,,,,,3694.656,-11.131,-47.81,,,,,,,,,,,,,,,,"",2,9.43,9.43,-0.753,0,0,1,2.595,2.595,-3.845,2.595,0,11.365,0,"白霜らいふ",3695.822,,,130,""
102,SIDE,4,0,1,2,0,0,2,0,0,0,255,255,255,,3697.648,,,,,,,,,,,,,,,,,,,,,,,,6,"=","=","=","=","=","=","=","=","=",,,,,,,,,,,,,,,,,,,,,,,,,,,,,,,,,,,,,,,0,0,,,,,,,,,,,,,,,,,,,,,,,,,,,,,,,,,,,,,,,,,,,,,,,,,,,,,,,,,,,,,,,,,,,,,,,,,,,,,,,,,,,,,,,,,,,,,,,,,,,,,,,,,,,,,,,,,,,,,,,,,,,,,,,,,,,,,,,,,,,,,,,,,"",0,,,,,,,,,,,,,0,"",,,,0,""
103,,5,1,1,2,0,0,0,0,0,0,255,255,255,57,3740.488,"Slaris",R,0,92,140,-1.849,-0.109,-0.116,1.693,-0.822,1.493,-36.485,15.231,76,20,5,4,"",14.619,-44.94,14.656,0,0,5,"sano jpn","ʚEveɞ","NABIMan","인생최패망자","あおいぬ","カズティー","P0TA0","白霜らいふ","ibqrqki",7,R,"カズティー",175.4,84.645,0.33,,45,W,Y,1,,,,,,,,,,,,,,,,,,,,,,,,,,,,,0,0,,,,,,,,,,,,,,,,,,,,,,,,,,,,,,,,,,,,,,-0.135,-37.351,-0.237,-17.931,-16.58,-42.091,-13.206,-65.165,22.536,-50.646,10.358,-65.58,39.799,-93.843,-0.386,-111.751,-52.944,-100.841,,,,"",,,,"",,,,"",,,,"",,,,"",,,,"",,,,"",,,,"",,,,,,,,,,,,,,,,,,,,,,,,,,,,,,,,,,,,,,,,,,,,,,,,,,,,,,,,,,"",0,,,,,,,,,,,,,0,"",,,,0,""
104,,5,1,1,2,0,1,0,0,0,0,255,255,255,58,3757.941,"Slaris",R,34,91,140,-0.366,-0.399,0.084,1.712,-0.256,1.335,-36.485,18.32,72,24,4,2,"",70.13,-31.674,13.368,0,0,5,"=","=","=","=","=","=","=","=","=",7,R,"カズティー",175.4,84.645,0.33,3,45,W,Y,1,3758.971,255,214,100,70,26,0.286,145,82,-11.668,16.247,-0.075,0.66,-18.58,-1,0,0.807,-42.741,-416.59,-15.991,3758.743,-0.859,-21.311,3761.289,3,-11.008,0.058,-58.768,0,0,,3764.684,,,,,,,,,,,,,3763.89,5,,147,64,,,,,,,,,,,,,,,,,,,-0.033,-37.464,-0.216,-17.906,-16.463,-41.999,-13.158,-65.049,22.457,-50.637,10.45,-65.415,39.848,-94.008,-0.302,-113.805,-52.9,-100.83,0.053,-36.513,,"-라후이-",-0.311,-17.904,,"Floră",-16.612,-42.167,85,"낑깡__",-13.174,-64.993,95,"Ainy4／あいにゃ",22.298,-50.585,,"즉석카레",10.456,-65.301,,"メリニット",39.85,-94.006,,"아침땅_",-0.521,-113.864,,"Kenomo",-52.859,-100.824,,3766.853,-0.151,-38.491,,,,3763.327,-18.18,-40.547,3761.671,-11.413,-59.713,,,,,,,,,,,,,,,,,,,,,,3765.762,-18.077,-39.226,3762.382,-12.182,-56.068,,,,,,,,,,,,,,,,"",2,,,,,,,,,,,,,0,"낑깡__",,,,74,""
105,,5,1,1,2,0,0,1,0,0,0,255,255,255,59,3785.647,"Slaris",R,13,72,111,-1.69,-0.723,0.12,1.677,-0.036,1.558,-36.485,24.847,83,17,0,4,"",-390.434,312.348,-4.472,0,0,6,"=","=","=","=","=","=","=","=","=",0,R,"P0TA0",190,96.017,0.445,,44,W,Y,1,,,,,,,,,,,,,,,,,,,,,,,,,,,,,0,0,,,,,,,,,,,,,,,,,,,,,,,,,,,,,,,,,,,,,,-0.186,-37.007,-0.19,-17.896,-16.411,-41.898,-13.07,-65.118,21.765,-49.22,11.88,-64.897,42.173,-104.25,-0.549,-114.091,-52.77,-101.528,,,,"",,,,"",,,,"",,,,"",,,,"",,,,"",,,,"",,,,"",,,,3789.558,-0.142,-37.407,,,,,,,,,,,,,,,,,,,,,,,,,,,,,,,,,,,,,,,,,,,,,,,,,,,,"",0,,,,,,,,,,,,,0,"",,,,0,""
106,,5,1,1,2,0,1,1,0,0,0,255,255,255,60,3802.761,"Slaris",R,13,66,107,-1.907,-0.734,0.14,1.655,-0.093,1.59,-36.485,32.309,78,22,0,2,"",-379.786,312.348,-32.814,0,0,6,"=","=","=","=","=","=","=","=","=",0,R,"P0TA0",190,96.017,0.445,5,44,W,Y,1,3803.816,112,21,79,61,49,,136,123,-16.691,21.066,-0.398,0.664,-19.917,0.76,0,0.138,-431.861,-104.212,64.075,3803.451,-1.107,-21.762,3805.459,3,-17.512,0.123,-65.018,0,0,,3809.509,,,,,,,,,,,,,3808.323,6,,147,64,,,,,,,,,,,,,,,,,,,-0.09,-37.14,-0.217,-17.932,-16.539,-42.026,-13.135,-65.035,21.813,-49.071,11.889,-64.878,42.627,-104.168,-0.583,-114.199,-52.714,-101.57,0.076,-36.19,,"-라후이-",-0.316,-17.907,,"Floră",-16.598,-42.103,85,"낑깡__",-13.146,-64.999,94,"Ainy4／あいにゃ",21.528,-49.162,,"즉석카레",11.881,-64.743,,"メリニット",42.63,-104.172,,"아침땅_",-0.609,-114.194,,"Kenomo",-52.709,-101.544,,3810.63,-0.771,-38.456,,,,3807.73,-19.188,-41.364,3805.847,-18.089,-66.087,,,,,,,,,,,,,,,,,,,,,,3809.602,-17.595,-39.226,3806.564,-18.489,-63.397,,,,,,,,,,,,,,,,"",2,25.386,25.386,13.618,0,2,0.361,-34.965,-22.246,-61.531,-34.531,0.043,26.045,0,"낑깡__",,,,74,""
107,,5,1,1,2,0,0,2,0,0,0,255,255,255,61,3829.212,"Slaris",R,13,66,107,-2.803,-0.321,0.112,1.789,-0.497,1.883,-36.485,45.17,77,23,0,1,"",-379.786,312.348,-25.351,-0.991,-15.88,7,"=","=","=","=","=","=","=","=","=",3,R,"白霜らいふ",175.1,80,0.653,,57,W,Y,0,,,,,,,,,,,,,,,,,,,,,,,,,,,,,0,0,,,,,,,,,,,,,,,,,,,,,,,,,,,,,,,,,,,,,,-0.093,-37.244,-0.176,-17.794,-16.55,-41.948,-13.324,-65.028,21.893,-49.959,9.846,-65.318,43.459,-94.704,-0.416,-112.4,-51.803,-100.679,,,,"",,,,"",,,,"",,,,"",,,,"",,,,"",,,,"",,,,"",,,,3833.133,0.121,-37.019,,,,,,,,,,,,,,,,,,,,,,,,,,,,,,,,,,,,,,,,,,,,,,,,,,,,"",0,,,,,,,,,,,,,0,"",,,,0,""
108,,5,1,1,2,1,0,2,0,0,0,255,255,255,62,3842.91,"Slaris",R,34,72,124,-0.336,-0.776,0.208,1.771,-0.272,1.081,-36.485,41.835,61,33,5,0,"",76.332,-51.683,10.837,0,0,7,"=","=","=","=","=","=","=","=","=",3,R,"白霜らいふ",175.1,80,0.653,,57,W,Y,0,,,,,,,,,,,,,,,,,,,,,,,,,,,,,0,0,,,,,,,,,,,,,,,,,,,,,,,,,,,,,,,,,,,,,,-0.149,-37.363,-0.229,-17.926,-16.484,-41.89,-13.334,-65.047,22.103,-49.848,9.898,-65.362,43.552,-95.267,-0.517,-113.334,-51.795,-101.133,,,,"",,,,"",,,,"",,,,"",,,,"",,,,"",,,,"",,,,"",,,,3846.697,0.176,-37.334,,,,,,,,,,,,,,,,,,,,,,,,,,,,,,,,,,,,,,,,,,,,,,,,,,,,"",0,,,,,,,,,,,,,0,"",,,,0,""
109,,5,1,1,2,1,1,2,0,0,0,255,255,255,63,3857.717,"Slaris",R,34,90,140,-0.026,-0.433,0.058,1.68,-0.146,1.293,-36.485,18.176,79,19,2,2,"",99.566,-57.1,16.559,0,0,7,"=","=","=","=","=","=","=","=","=",3,R,"白霜らいふ",175.1,80,0.653,3,57,W,Y,1,3858.804,224,215,118,98,65,,145,87,26.468,-1.292,-0.004,0.79,-20.295,-0.72,0,0.606,273.847,-8.729,254.891,3863.497,1.026,-96.341,3863.692,7,0.965,2.05,-93.954,0,0,,3864.476,,,,,,,,,,,,,3864.021,7,,456,0,,,,,,,,,,,,,,,,,,,-0.113,-37.236,-0.212,-17.749,-16.668,-42.11,-13.315,-65.011,22.109,-49.811,9.785,-65.533,43.544,-95.254,-0.542,-113.179,-49.946,-106.588,-0.043,-36.315,,"-라후이-",-0.206,-17.746,,"Floră",-16.644,-42.105,,"낑깡__",-13.327,-64.739,,"Ainy4／あいにゃ",21.911,-49.924,,"즉석카레",9.803,-65.421,,"メリニット",43.544,-95.247,,"아침땅_",-0.484,-113.202,93,"Kenomo",-49.927,-106.562,,,,,,,,,,,,,,,,,3866.557,0.161,-58.447,,,,3864.034,0.97,-95.063,,,,,,,,,,,,,,,,,,,,,,,,,3864.865,1.924,-91.719,,,,"",1,,,,,,,,,,,,,0,"아침땅_",,,,384,""
110,SIDE,5,1,1,2,0,0,2,0,0,0,255,255,255,,3866.919,,,,,,,,,,,,,,,,,,,,,,,,8,"=","=","=","=","=","=","=","=","=",,,,,,,,,,,,,,,,,,,,,,,,,,,,,,,,,,,,,,,0,0,,,,,,,,,,,,,,,,,,,,,,,,,,,,,,,,,,,,,,,,,,,,,,,,,,,,,,,,,,,,,,,,,,,,,,,,,,,,,,,,,,,,,,,,,,,,,,,,,,,,,,,,,,3867,0.348,-57.691,,,,,,,,,,,,,,,,,,,,,,,,,,,,,,,,,,,,,"",0,,,,,,,,,,,,,0,"",,,,128,""
111,,5,0,1,2,0,0,0,0,0,0,255,255,255,38,3909.862,"P0TA0",R,26,78,128,0.426,-0.819,0.325,1.348,0.107,0.931,-36.636,27.197,54,46,0,0,"",44.927,-200,-18.378,0,0,6,"-라후이-","Slaris","Ainy4／あいにゃ","Floră","メリニット","Kenomo","낑깡__","즉석카레","아침땅_",3,R,"낑깡__",171.5,80,0.402,,57,W,Y,1,,,,,,,,,,,,,,,,,,,,,,,,,,,,,0,0,,,,,,,,,,,,,,,,,,,,,,,,,,,,,,,,,,,,,,-0.176,-37.32,-0.082,-17.939,-21.799,-47.415,-12.535,-63.856,17.395,-45.971,10.283,-65.472,36.749,-90.676,0.137,-110.495,-43.687,-92.498,,,,"",,,,"",,,,"",,,,"",,,,"",,,,"",,,,"",,,,"",,,,,,,,,,,,,,,,,,,,,,,,,,,,,,,,,,,,,,,,,,,,,,,,,,,,,,,,,,"",0,,,,,,,,,,,,,0,"",,,,0,""
112,,5,0,1,2,0,1,0,0,0,0,255,255,255,39,3922.358,"P0TA0",R,13,61,104,-1.769,-1.861,0.359,1.453,-0.075,1.142,-36.636,28.758,39,61,0,4,"",-336.772,350.886,-36.514,0,0,6,"=","=","=","=","=","=","=","=","=",3,R,"낑깡__",171.5,80,0.402,,57,W,Y,1,,,,,,,,,,,,,,,,,,,,,,,,,,,,,0,0,,,,,,,,,,,,,,,,,,,,,,,,,,,,,,,,,,,,,,-0.089,-37.311,-0.021,-17.919,-22.11,-48.079,-12.677,-63.847,17.147,-45.947,9.734,-65.389,36.737,-90.658,0.142,-110.449,-43.047,-92.629,,,,"",,,,"",,,,"",,,,"",,,,"",,,,"",,,,"",,,,"",,,,,,,,,,,,,,,,,,,,,,,,,,,,,,,,,,,,,,,,,,,,,,,,,,,,,,,,,,"",0,,,,,,,,,,,,,0,"",,,,0,""
113,,5,0,1,2,0,2,0,0,0,0,255,255,255,40,3938.613,"P0TA0",R,13,62,93,-2.891,-0.413,0.154,1.702,-0.459,2.018,-36.636,19.895,54,46,0,1,"",-324.314,320.708,-35.82,0,0,6,"=","=","=","=","=","=","=","=","=",3,R,"낑깡__",171.5,80,0.402,,80,W,Y,0,,,,,,,,,,,,,,,,,,,,,,,,,,,,,0,0,,,,,,,,,,,,,,,,,,,,,,,,,,,,,,,,,,,,,,-0.138,-37.419,0.002,-17.936,-22.013,-47.883,-12.946,-63.774,17.143,-45.948,9.619,-64.724,36.9,-91.578,0.142,-110.453,-44.098,-94.623,,,,"",,,,"",,,,"",,,,"",,,,"",,,,"",,,,"",,,,"",,,,,,,,,,,,,,,,,,,,,,,,,,,,,,,,,,,,,,,,,,,,,,,,,,,,,,,,,,"",0,,,,,,,,,,,,,0,"",,,,0,""
114,,5,0,1,2,1,2,0,0,0,0,255,255,255,41,3952.217,"P0TA0",R,39,48,92,-1.126,-0.585,0.071,1.286,-0.718,1.023,-36.636,19.048,8,92,0,2,"",112.315,-200,-71.487,0,0,6,"=","=","=","=","=","=","=","=","=",3,R,"낑깡__",171.5,80,0.402,5,80,W,Y,1,3953.279,100,116,109,120,109,,136,97,28.956,28.774,-0.207,0.72,-20.203,0.02,0.19,0.149,473.13,285.774,-233.411,3958.063,-44.596,-90.393,3958.218,8,-42.462,3.109,-87.389,0,0,,3958.465,,,,,,,,,,,,,3958.578,6,,457,0,,,,,,,,,,,,,,,,,,,-0.199,-37.222,-0.028,-17.897,-21.905,-47.83,-12.971,-63.72,17.14,-45.975,9.473,-64.671,36.978,-90.771,0.14,-110.456,-43.571,-94.91,0.262,-37.215,,"sano jpn",-0.138,-18.006,,"ʚEveɞ",-21.961,-47.701,,"白霜らいふ",-12.903,-63.711,88,"인생최패망자",17.132,-45.948,,"ibqrqki",9.396,-64.397,,"あおいぬ",36.712,-90.871,,"カズティー",0.138,-110.457,,"NABIMan",-43.846,-94.82,90,3964.892,-0.216,-38.393,,,,,,,3961.616,-21.095,-71.585,,,,,,,,,,,,,3958.59,-43.339,-88.591,,,,,,,,,,3963.102,-18.58,-65.251,,,,,,,,,,,,,3960.144,-41.873,-88.191,"",1,28.575,28.575,10.712,0,2,0.305,85.138,54.559,16.559,84.575,0.063,52.074,0,"NABIMan",,,,196,""
115,,5,0,1,2,0,0,1,0,0,0,255,255,255,42,3980.63,"P0TA0",R,3,59,103,0.103,0.808,0.549,1.736,0.965,2.073,-36.636,56.112,85,15,0,0,"",-446.313,0,-29.706,0,0,7,"=","=","=","=","=","=","=","=","=",5,R,"즉석카레",169.7,89.927,0.496,,57,W,Y,0,,,,,,,,,,,,,,,,,,,,,,,,,,,,,0,0,,,,,,,,,,,,,,,,,,,,,,,,,,,,,,,,,,,,,,-0.035,-37.345,-0.033,-17.979,-21.482,-46.888,-13.13,-63.776,16.356,-45.174,9.53,-63.434,37.361,-90.999,-0.214,-111.522,-43.993,-91.432,,,,"",,,,"",,,,"",,,,"",,,,"",,,,"",,,,"",,,,"",,,,3984.55,-0.321,-37.567,,,,,,,,,,,,,,,,,,,,,,,,,,,,,,,,,,,,,,,,,,,,,,,,,,,,"",0,,,,,,,,,,,,,0,"",,,,0,""
116,,5,0,1,2,0,1,1,0,0,0,255,255,255,43,3993.632,"P0TA0",R,26,71,123,0.005,0.846,0.313,1.604,0.049,1.851,-36.636,23.327,48,52,0,0,"",-35.252,-200,-21.265,0,0,7,"=","=","=","=","=","=","=","=","=",5,R,"즉석카레",169.7,89.927,0.496,,57,W,Y,0,,,,,,,,,,,,,,,,,,,,,,,,,,,,,0,0,,,,,,,,,,,,,,,,,,,,,,,,,,,,,,,,,,,,,,-0.175,-37.33,-0.024,-18.004,-21.55,-47.431,-13.164,-63.832,16.384,-45.258,9.201,-63.477,36.674,-90.956,-0.217,-111.499,-43.343,-92.818,,,,"",,,,"",,,,"",,,,"",,,,"",,,,"",,,,"",,,,"",,,,3997.098,-0.318,-37.494,,,,,,,,,,,,,,,,,,,,,,,,,,,,,,,,,,,,,,,,,,,,,,,,,,,,"",0,,,,,,,,,,,,,0,"",,,,0,""
117,,5,0,1,2,0,2,1,0,0,0,255,255,255,44,4009.683,"P0TA0",R,45,52,95,2.54,1.081,0.358,1.632,0.171,1.851,-36.636,18.049,35,65,0,2,"",210.443,-200,-55.063,0,0,7,"=","=","=","=","=","=","=","=","",5,R,"즉석카레",169.7,89.927,0.496,5,57,W,Y,1,4010.777,55,162,14,57,50,,32,35,2.072,28.548,0.229,1.173,-20.341,0.21,0,0.209,36.622,-331.967,59.815,4011.134,-3.293,-27.109,4013.155,0,-8.78,0.058,-35.464,1,0,,4015.98,4020.723,,,,,,,,,,,,,,,,,,,,,,,,,,,,,,,,,,,0.004,-37.337,0.017,-18.014,-21.716,-47.785,-13.548,-63.852,16.377,-45.26,9.338,-63.491,36.704,-90.953,-0.162,-111.539,-44.038,-93.955,0.381,-37.206,,"sano jpn",0.011,-18.016,,"ʚEveɞ",-21.522,-47.784,,"白霜らいふ",-13.55,-63.833,,"인생최패망자",16.184,-45.027,,"ibqrqki",9.253,-63.172,,"あおいぬ",36.727,-90.78,,"カズティー",-0.156,-111.532,,"NABIMan",-44.157,-93.896,,4013.603,-8.943,-36.324,,,,,,,4024.072,-25.732,-60.455,,,,,,,,,,,,,4018.846,-41.582,-66.783,,,,,,,,,,,,,,,,,,,,,,,,,,,,"",2,-70.557,-49.411,-17.411,0.63,0,1,2.072,2.072,-4.877,2.072,0,62.78,0,"P0TA0",4020.723,,,196,""
118,,5,0,1,2,0,0,2,0,1,0,255,15,255,45,4524.732,"P0TA0",R,13,59,90,-2.762,-0.367,0.237,1.733,-0.423,1.919,-36.636,27.882,85,15,0,1,"",-326.122,301.865,-21.888,0,0,0,"=","=","=","=","=","=","=","=","아침땅_",1,R,"-라후이-",190,87,0.504,,83,W,Y,0,,,,,,,,,,,,,,,,,,,,,,,,,,,,,0,0,,,,,,,,,,,,,4530.837,,,,,,,,,,,,,,,,,,,,,,,,,-0.178,-37.243,-0.034,-17.85,-21.642,-47.425,-11.813,-63.472,18.815,-47.647,9.012,-65.828,41.542,-102.429,-0.906,-109.183,-47.659,-98.687,,,,"",,,,"",,,,"",,,,"",,,,"",,,,"",,,,"",,,,"",,,,,,,,,,,,,,,,,,,,,,,,,,,,,,,,,,,,,,,,,,,,,,,,,,,,,,,,,,"",0,,,,,,,,,,,,,0,"",4527.058,,,0,""
119,,5,0,1,2,1,0,2,0,1,0,255,15,255,46,4540.014,"P0TA0",R,3,55,101,1.261,0.193,0.582,1.663,1.379,1.751,-36.636,59.604,84,16,0,0,"",-408.123,0,-16.003,0,0,0,"=","=","=","=","=","=","=","=","=",1,R,"-라후이-",190,87,0.504,,83,W,Y,0,,,,,,,,,,,,,,,,,,,,,,,,,,,,,0,0,,,,,,,,,,,,,4549.341,,,,,,,,,,,,,,,,,,,,,,,,,0.085,-37.69,-0.028,-17.878,-21.838,-47.811,-13.12,-63.441,17.589,-45.367,5.581,-66.52,41.557,-102.213,-0.903,-109.185,-48.107,-99.243,,,,"",,,,"",,,,"",,,,"",,,,"",,,,"",,,,"",,,,"",,,,,,,,,,,,,,,,,,,,,,,,,,,,,,,,,,,,,,,,,,,,,,,,,,,,,,,,,,"",0,,,,,,,,,,,,,0,"",4542.28,,,0,""
120,,5,0,1,2,1,1,2,0,1,0,255,15,255,47,4555.469,"P0TA0",R,10,57,103,-1.572,-1.295,0.204,1.471,-0.458,1.399,-36.636,15.261,29,71,0,1,"",-112.196,400,-25.616,0,0,0,"=","=","=","=","=","=","=","=","=",1,R,"-라후이-",190,87,0.504,,83,W,Y,0,,,,,,,,,,,,,,,,,,,,,,,,,,,,,0,0,,,,,,,,,,,,,4555.508,,,,,,,,,,,,,,,,,,,,,,,,,-0.127,-37.225,-0.04,-17.904,-21.505,-47.494,-13.341,-63.355,17.592,-45.395,9.935,-65.317,41.543,-102.426,-0.903,-109.166,-45.016,-92.053,,,,"",,,,"",,,,"",,,,"",,,,"",,,,"",,,,"",,,,"",,,,,,,,,,,,,,,,,,,,,,,,,,,,,,,,,,,,,,,,,,,,,,,,,,,,,,,,,,"",0,,,,,,,,,,,,,0,"",4558.036,,,0,""
121,,5,0,1,2,2,1,2,0,1,0,255,15,255,48,4570.675,"P0TA0",R,3,61,93,0.396,0.617,0.679,1.692,1.03,2.026,-36.636,53.118,29,71,0,2,"",-371.525,0,-24.561,0,0,0,"=","=","=","=","=","=","=","=","=",1,R,"-라후이-",190,87,0.504,5,83,W,Y,1,4571.747,134,181,64,70,42,,137,131,32.253,-69.87,0.06,1.243,-20.284,0.53,0,0.303,290.105,254.9,76.324,4577.167,109.609,-66.309,,,,,,0,0,,,,,,,,,,,,,4580.663,,,,,,,,,,,,,,,,,,,,,,,,,0.028,-37.283,-0.031,-17.883,-21.71,-47.675,-13.49,-63.29,17.696,-45.268,10.219,-65.488,41.486,-102.256,-0.91,-109.178,-43.959,-92.87,-0.512,-37.487,,"sano jpn",-0.032,-17.94,,"ʚEveɞ",-21.771,-47.753,,"白霜らいふ",-13.477,-63.274,,"인생최패망자",17.26,-45.297,,"ibqrqki",10.065,-64.906,,"あおいぬ",41.478,-102.251,,"カズティー",-0.916,-109.142,,"NABIMan",-44.36,-92.973,,,,,,,,,,,,,,,,,,,,,,,,,,,,,,,,,,,,,,,,,,,,,,,,,,,,,,,,"",3,-78.445,-59.159,-19.523,0.705,0,1,62.216,62.216,-14.14,62.216,0,-138.493,0,"",4576.139,,,0,""
122,,5,0,1,2,2,2,2,0,1,0,255,15,255,49,4591.987,"P0TA0",R,40,49,92,-1.284,-0.534,0.065,1.269,-0.678,1.121,-36.636,15.899,0,100,0,0,"",47.287,-147.849,-30.067,0,0,0,"=","=","=","=","=","=","=","=","=",1,R,"-라후이-",190,87,0.504,,83,W,Y,1,,,,,,,,,,,,,,,,,,,,,,,,,,,,,0,1,,,,,,,,,,,,,,,4594.631,0,,578,0,,,,,,,,,,,,,,,,,4595.097,1,-0.151,-37.276,-0.023,-17.893,-21.444,-47.208,-12.589,-63.34,17.872,-44.887,9.971,-65.926,41.709,-102.004,-0.967,-112.597,-46.698,-95.978,,,,"",,,,"",,,,"",,,,"",,,,"",,,,"",,,,"",,,,"",,,,,,,,,,,,,,,,,,,,,,,,,,,,,,,,,,,,,,,,,,,,,,,,,,,,,,,,,,"",0,,,,,,,,,,,,,0,"",4595.469,,,0,""
123,SIDE,5,0,1,2,0,0,2,0,1,0,255,15,255,,4596.778,,,,,,,,,,,,,,,,,,,,,,,,1,"=","=","=","=","=","=","=","=","=",,,,,,,,,,,,,,,,,,,,,,,,,,,,,,,,,,,,,,,0,0,,,,,,,,,,,,,4596.858,,,,,,,,,,,,,,,,,,,,,,,,,,,,,,,,,,,,,,,,,,,,,,,,,,,,,,,,,,,,,,,,,,,,,,,,,,,,,,,,,,,,,,,,,,,,,,,,,,,,,,,,,,,,,,,,,,,,,,,,,,,,,,,,,,,,"",0,,,,,,,,,,,,,0,"",,,,0,""
124,,6,1,1,2,0,0,0,0,0,0,255,255,255,64,4643.63,"Slaris",R,26,87,140,1.664,-1.22,0.06,1.304,0.815,0.785,-36.485,10.97,28,72,0,2,"",-77.334,-157.668,48.768,0,0,8,"sano jpn","ʚEveɞ","NABIMan","인생최패망자","あおいぬ","カズティー","P0TA0","白霜らいふ","ibqrqki",5,L,"ibqrqki",164.9,86.895,0.45,5,55,W,Y,1,4644.718,139,129,115,65,31,,143,122,25.174,8.223,0.308,0.527,-20.311,0.69,0,0.064,258.759,-302.935,-96.342,4649.414,-7.805,-130.023,4650.693,7,-7.917,0.451,-131.109,1,0,,4649.781,4654.185,,,,,,,,,,,,,,,,,,,,,,,,,,,,,,,,,,,-0.063,-37.149,0.313,-17.896,-15.595,-42.815,-12.967,-65.108,22.113,-50.039,12.193,-64.71,45.961,-95.143,-0.5,-109.798,-44.587,-103.082,-0.284,-37.087,,"-라후이-",0.163,-17.934,,"Floră",-15.691,-42.941,,"낑깡__",-11.952,-65.465,90,"Ainy4／あいにゃ",21.993,-49.981,,"즉석카레",12.285,-64.565,,"メリニット",46.114,-94.846,,"아침땅_",-0.54,-109.817,86,"Kenomo",-44.409,-103.012,,4659.747,-1.399,-44.936,,,,,,,4655.008,-1.406,-76.066,,,,,,,,,,4651.368,-8.044,-129.84,,,,,,,,,,,,,4658.822,-3.8,-60.546,,,,,,,,,,4652.061,-7.119,-126.653,,,,"",2,7.658,7.658,-6.474,0,1,0.827,42.339,27.133,0.205,84.246,0.045,24.544,0,"아침땅_",4654.185,,,322,""
125,,6,1,1,2,0,0,0,0,1,0,255,5,255,65,4678.836,"Slaris",R,28,84,137,1.343,-0.297,0.323,1.77,0.499,1.339,-36.485,33.022,61,32,6,0,"",55.674,-85.345,17.494,0,0,0,"=","=","=","=","=","=","=","=","=",1,R,"sano jpn",189.9,87.118,0.631,,55,W,Y,0,,,,,,,,,,,,,,,,,,,,,,,,,,,,,0,0,,,,,,,,,,,,,4683.709,,,,,,,,,,,,,,,,,,,,,,,,,-0.014,-37.388,0.336,-17.781,-16.49,-41.945,-11.323,-60.156,21.441,-48.488,5.691,-64.279,45.007,-108.169,-1.078,-114.988,-51.434,-101.499,,,,"",,,,"",,,,"",,,,"",,,,"",,,,"",,,,"",,,,"",,,,4682.671,-0.327,-37.14,,,,,,,,,,,,,,,,,,,,,,,,,,,,,,,,,,,,,,,,,,,,,,,,,,,,"",0,,,,,,,,,,,,,0,"",4681.654,,,0,""
126,,6,1,1,2,0,1,0,0,1,0,255,5,255,66,4695.358,"Slaris",R,34,77,128,3.439,-0.418,0.378,1.78,0.608,1.576,-36.485,37.44,66,32,2,2,"",96.185,-53.331,15.347,0,0,0,"=","=","=","=","=","=","=","=","=",1,R,"sano jpn",189.9,87.118,0.631,0,55,W,Y,1,4696.478,169,69,129,102,43,,145,130,25.1,31.521,0.325,1.014,-20.125,0.24,0.305,0.522,197.532,254.585,-21.661,4700.909,-66.741,-116.269,,,,,,0,0,,4701.908,4706.579,4711.684,4716.828,,,,4706.942,4712.142,,,4698.491,,,,,,,,,,,,,,,,,,,,,,,,,0.041,-37.423,0.314,-17.902,-16.586,-42.08,-11.324,-59.885,21.017,-48.408,6.507,-63.438,46.173,-107.211,-0.79,-114.988,-51.446,-101.577,-0.085,-36.202,,"-라후이-",0.294,-17.93,,"Floră",-16.833,-42.289,,"낑깡__",-11.352,-59.713,,"Ainy4／あいにゃ",21.092,-48.141,,"즉석카레",7.956,-63.827,,"メリニット",45.871,-106.899,,"아침땅_",-0.917,-114.763,,"Kenomo",-51.442,-101.435,,,,,,,,,,,,,,,,,,,,,,,,,,,,,,,,,,,,,,,,,,,,,,,,,,,,,,,,"",4,,,,,,,,,,,,,0,"",4698.34,4706.942,4712.142,0,""
127,,6,1,3,2,1,0,0,0,0,0,255,255,255,68,4756.303,"Slaris",R,27,91,140,-1.224,-0.299,-0.099,1.622,-0.501,1.308,-36.485,9.719,38,57,5,2,"",-21.686,-131.309,20.054,0,0,1,"=","=","=","=","=","=","=","=","=",2,L,"ʚEveɞ",190,85.255,0.454,5,55,W,Y,1,4757.479,231,209,133,35,0,,145,105,34.411,-20.295,-0.229,0.888,-20.145,-0.21,0,0.294,239.008,-523.782,168.9,4762.33,40.093,-98.92,4762.509,6,38.77,2.344,-96.959,0,0,,4762.852,,,,,,,,,,,,,4763.068,1,,455,0,,,,,,,,,,,,,,,,,,,-0.189,-37.296,-0.309,-17.658,-15.174,-43.173,-12.929,-65.177,21.842,-49.185,12.62,-64.469,48.577,-98.424,-0.211,-115.769,-49.929,-108.26,-0.11,-36.442,,"-라후이-",-0.433,-17.819,,"Floră",-15.283,-43.235,,"낑깡__",-13.139,-65.605,,"Ainy4／あいにゃ",21.586,-49.266,109,"즉석카레",12.655,-64.396,,"メリニット",48.578,-98.423,85,"아침땅_",-0.286,-115.652,,"Kenomo",-49.909,-108.227,,4770.348,0.487,-38.374,,,,,,,,,,4768.152,22.322,-53.3,,,,4763.079,39.107,-97.479,,,,,,,,,,,,,,,,,,,4769.398,16.747,-49.077,,,,4765.94,34.585,-91.52,,,,,,,"",1,-19.766,-19.766,-3.573,0,2,0.117,83.719,34.411,-3.589,86.994,0.032,-106.911,0,"メリニット",,,,22,""
128,,6,1,3,2,0,0,1,0,0,0,255,255,255,69,4787.462,"Slaris",R,34,92,140,-2.139,0.456,0.03,1.856,-0.988,1.85,-36.485,32.45,71,24,5,2,"",58.333,-35.808,10.979,0,0,2,"=","=","=","=","=","=","=","=","=",8,L,"NABIMan",190,85.499,0.48,3,55,W,Y,1,4788.415,90,61,113,20,40,,129,77,-10.966,-25.954,-0.384,1.142,-19.816,-1,0,0.401,-9.152,127.858,-170.897,4788.172,1.926,-24.596,4790.172,4,15.316,0.058,-47.73,0,0,,,,,,,,,,,,,,,4793.309,2,,147,4,,,,,,,,,,,,,,,,,,,-0.168,-37.589,-0.394,-17.993,-15.529,-42.864,-12.437,-65.52,21.756,-50.182,11.724,-64.948,43.943,-104.93,-0.057,-114.222,-53.326,-108.146,-0.26,-36.563,,"-라후이-",-0.384,-17.969,,"Floră",-15.598,-42.997,84,"낑깡__",-12.398,-65.448,,"Ainy4／あいにゃ",21.694,-50.112,120,"즉석카레",11.744,-64.82,,"メリニット",43.944,-104.93,,"아침땅_",-0.146,-114.283,,"Kenomo",-53.276,-108.053,,4796.727,-0.596,-39.108,,,,4792.763,-17.568,-39.771,,,,4790.79,15.575,-48.268,,,,,,,,,,,,,,,,,,,4795.672,-18.264,-39.244,,,,4791.5,11.195,-47.536,,,,,,,,,,,,,"",2,,,,,,,,,,,,,0,"Ainy4／あいにゃ",,,,14,""
129,,6,1,3,2,0,0,2,0,0,0,255,255,255,70,4811.265,"Slaris",R,13,70,110,-3.561,-0.91,0.112,1.737,-0.841,1.515,-36.485,32.242,73,27,0,4,"B+",-390.434,312.348,-13.775,-1.028,-16.579,3,"=","=","=","=","=","=","=","=","=",4,R,"인생최패망자",175.4,90,0.4,,55,W,Y,1,,,,,,,,,,,,,,,,,,,,,,,,,,,,,0,0,,,,,,,,,,,,,,,,,,,,,,,,,,,,,,,,,,,,,,-0.071,-37.387,-0.148,-17.775,-16.642,-42.062,-13.089,-65.185,21.891,-50.144,11.371,-65.146,43.957,-99.416,-0.281,-111.699,-53.342,-104.486,,,120,"",,,,"",,,,"",,,,"",,,,"",,,,"",,,,"",,,,"",,,,4815.156,-0.433,-37.398,,,,,,,,,,,,,,,,,,,,,,,,,4826.936,-0.449,-35.363,,,,,,,,,,,,,,,,,,,,,,,,,"",0,,,,,,,,,,,,,0,"",,,,0,""
130,,6,1,3,2,1,1,2,0,0,0,255,255,255,71,4844.377,"Slaris",R,34,84,137,-0.458,-0.514,0.123,1.691,-0.337,1.242,-36.485,27.898,66,32,2,2,"",97.308,-58.854,17.234,0,0,3,"=","=","=","=","=","=","=","=","=",4,R,"인생최패망자",175.4,90,0.4,0,55,W,Y,1,4845.461,159,140,106,126,68,,145,99,34.53,9.223,-0.084,0.789,-20.598,-0.39,0,0.421,235.997,115.201,40.595,4850.068,-15.351,-99.891,4850.101,,-15.06,1.356,-98.517,0,0,,4850.675,,,,,,,,,,,,,4850.793,3,,456,0,,,,,,,,,,,,,,,,,,,-0.153,-37.192,-0.205,-17.673,-16.646,-42.186,-13.203,-65.109,21.885,-49.986,10.556,-64.275,43.833,-99.483,-0.312,-112.619,-53.356,-104.439,-0.023,-36.464,,"-라후이-",-0.248,-17.666,,"Floră",-16.705,-42.293,,"낑깡__",-13.364,-65.195,,"Ainy4／あいにゃ",21.749,-50.028,,"즉석카레",10.595,-64.238,,"メリニット",43.708,-99.166,,"아침땅_",-0.38,-112.296,87,"Kenomo",-53.334,-104.411,,,,,,,,,,,,,,,,,,,,,,,4850.805,-14.978,-97.905,,,,,,,,,,,,,,,,,,,,,,,,,4851.826,-13.674,-93.61,,,,"",1,,,,,,,,,,,,,0,"gwant",,,,256,""
131,SIDE,6,1,3,2,0,0,2,0,0,0,255,255,255,,4853.529,,,,,,,,,,,,,,,,,,,,,,,,4,"=","=","=","=","=","=","=","=","=",,,,,,,,,,,,,,,,,,,,,,,,,,,,,,,,,,,,,,,0,0,,,,,,,,,,,,,,,,,,,,,,,,,,,,,,,,,,,,,,,,,,,,,,,,,,,,,,,,,,,,,,,,,,,,,,,,,,,,,,,,,,,,,,,,,,,,,,,,,,,,,,,,,,,,,,,,,,,,,,,,,,,,,,,,,,,,,,,,,,,,,,,,,"",0,,,,,,,,,,,,,0,"",,,,0,""
132,,6,0,3,2,0,0,0,0,0,0,255,255,255,0,5018.853,"sano jpn",R,32,82,133,-0.054,0.102,0.27,1.373,-0.316,1.565,-36.161,14.904,43,57,0,2,"",206.95,-137.69,-18.339,0,0,1,"-라후이-","Slaris","Ainy4／あいにゃ","Floră","メリニット","Kenomo","낑깡__","즉석카레","아침땅_",0,R,"Slaris",190,85.704,0.452,5,54,W,Y,1,5019.679,142,97,139,106,69,,145,92,-16.357,-26.039,-0.065,1.13,-20.732,-0.84,0,0.171,448.598,285.847,-94.138,5019.13,1.476,-23.914,5020.659,4,12.545,0.107,-42.519,0,0,,5025.544,,,,,,,,,,,,,5023.84,1,,147,8,,,,,,,,,,,5025.235,2,,,,,,,0.005,-37.395,0.121,-16.974,-22.078,-48.057,-12.443,-64.147,17.47,-45.888,9.82,-65.474,44.118,-103.632,0.075,-111.291,-44.06,-98.359,0.159,-36.527,,"P0TA0",0.046,-17.026,,"ʚEveɞ",-22.035,-47.961,95,"白霜らいふ",-12.448,-64.139,,"인생최패망자",17.296,-45.786,107,"ibqrqki",9.756,-65.297,,"あおいぬ",43.634,-103.423,,"カズティー",0.067,-111.291,,"NABIMan",-44.04,-98.354,,5026.909,-0.605,-37.798,,,,5023.218,-19.052,-39.483,,,,5021.234,12.899,-43.333,,,,,,,,,,,,,,,,,,,5026.121,-13.999,-39.423,,,,5021.965,8.622,-42.045,,,,,,,,,,,,,"",2,-25.639,-25.639,11.07,0,0,1,-16.357,-16.357,-34.767,-16.357,0,-82.05,0,"인생최패망자",,,,11,""
133,,6,0,3,2,0,0,1,0,0,0,255,255,255,1,5043.739,"sano jpn",R,29,74,112,-3.421,0.147,0.06,1.519,-0.454,1.56,-36.161,7.133,54,46,0,2,"",-187.097,-94.755,0.791,0,0,2,"=","=","=","=","=","=","=","=","=",4,L,"Ainy4／あいにゃ",190,85,0.512,0,54,W,Y,1,5044.895,114,85,80,50,6,,136,90,-0.264,-28.408,-0.332,1.028,-20.238,-0.84,0,0.394,325.718,101.941,208.978,5044.993,8.064,-35.915,5045.909,4,13.012,0.058,-45.765,0,0,,5050.358,,,,,,,,,,,,,5049.335,2,,147,8,,,,,,,,,,,,,,,,,,,-0.056,-37.212,0.089,-16.963,-21.606,-47.577,-12.083,-64.746,20.795,-47.535,13.101,-64.359,47.432,-105.67,-0.033,-112.597,-43.287,-99.161,0.049,-36.795,,"P0TA0",0.022,-16.982,,"ʚEveɞ",-21.438,-47.444,87,"白霜らいふ",-12.092,-64.737,,"인생최패망자",20.796,-47.432,107,"ibqrqki",12.845,-64.111,,"あおいぬ",47.425,-105.682,,"カズティー",-0.036,-112.592,,"NABIMan",-43.119,-99.192,,5052.397,-0.449,-38.047,,,,5048.726,-18.939,-39.658,,,,5046.564,14.446,-46.058,,,,,,,,,,,,,,,,,,,5051.541,-14.712,-39.018,,,,5047.451,8.932,-44.57,,,,,,,,,,,,,"",2,,,,,,,,,,,,,0,"인생최패망자",,,,11,""
134,,6,0,3,2,0,0,2,0,0,0,255,255,255,2,5068.723,"sano jpn",R,34,76,127,0.922,0.931,0.442,1.568,0.27,2.144,-36.161,23.386,39,61,0,0,"",83.215,-60.564,-3.387,0,0,3,"=","=","=","=","=","=","=","=","=",2,R,"Floră",190,85,0.404,,54,W,Y,1,,,,,,,,,,,,,,,,,,,,,,,,,,,,,0,0,,,,,,,,,,,,,,,,,,,,,,,,,,,,,,,,,,,,,,0.057,-37.414,0.15,-16.938,-21.438,-46.803,-13.004,-63.983,18.767,-47.003,10.149,-65.479,38.631,-96.276,0.048,-108.91,-46.769,-98.972,,,,"",,,,"",,,,"",,,,"",,,,"",,,,"",,,,"",,,,"",,,,5073.008,-0.033,-37.658,,,,,,,,,,,,,,,,,,,,,,,,,,,,,,,,,,,,,,,,,,,,,,,,,,,,"",0,,,,,,,,,,,,,0,"",,,,0,""
135,,6,0,3,2,0,1,2,0,0,0,255,255,255,3,5083.344,"sano jpn",R,32,82,118,1.631,0.878,0.381,1.499,0.365,2.066,-36.161,14.563,30,70,0,2,"",209.803,-109.76,-20.402,0,0,3,"=","=","=","=","=","=","=","=","=",2,R,"Floră",190,85,0.404,5,54,W,Y,1,5084.798,156,127,134,86,48,,145,101,-0.886,-19.82,0.258,1.303,-19.787,-0.4,0,0.456,185.119,177.85,-457.451,5084.818,6.283,-36.992,5086.305,5,14.305,0.059,-57.73,0,8,,5090.711,,,,,,,,,,,,,5089.972,3,,147,256,,,,,,,,,,,,,,,,,,,0.139,-37.464,0.127,-16.947,-21.724,-47.093,-13.152,-63.968,19.085,-47.082,10.305,-65.421,38.421,-96.137,0.052,-108.92,-46.512,-100.487,0.199,-37.01,,"P0TA0",0.087,-16.995,,"ʚEveɞ",-21.593,-47.356,,"白霜らいふ",-13.162,-63.948,,"인생최패망자",18.578,-46.888,,"ibqrqki",10.195,-65.135,99,"あおいぬ",38.243,-96.179,,"カズティー",0.051,-108.924,,"NABIMan",-46.432,-101.084,,,,,,,,5089.398,-18.237,-40.372,,,,,,,5086.886,14.453,-59.558,,,,,,,,,,,,,,,,,,,,,,,,,5087.803,10.715,-56.896,,,,,,,,,,"",2,-20.54,-20.54,1.618,0,0,1,-0.886,-0.886,-3.102,-0.886,0,-24.998,0,"ibqrqki",,,,258,""
136,SIDE,6,0,3,2,0,0,2,0,0,0,255,255,255,,5091.626,,,,,,,,,,,,,,,,,,,,,,,,4,"=","=","=","=","=","=","=","=","=",,,,,,,,,,,,,,,,,,,,,,,,,,,,,,,,,,,,,,,0,0,,,,,,,,,,,,,,,,,,,,,,,,,,,,,,,,,,,,,,,,,,,,,,,,,,,,,,,,,,,,,,,,,,,,,,,,,,,,,,,,,,,,,,,,,,,,,,,,,,,,,,,,,,,,,,,,,,,,,,,,,,,,,,,,,,,,,,,,,,,,,,,,,"",0,,,,,,,,,,,,,0,"",,,,0,""
137,,7,1,3,2,0,0,0,0,0,0,255,255,255,73,5133.776,"Slaris",R,13,67,108,-2.952,-0.691,0.141,1.733,-0.573,1.594,-36.485,34.345,80,20,0,1,"",-383.336,312.348,-12.807,0,0,4,"sano jpn","ʚEveɞ","NABIMan","인생최패망자","あおいぬ","カズティー","P0TA0","白霜らいふ","ibqrqki",6,R,"あおいぬ",190,89.739,0.43,,49,W,Y,0,,,,,,,,,,,,,,,,,,,,,,,,,,,,,0,0,,,,,,,,,,,,,,,,,,,,,,,,,,,,,,,,,,,,,,-0.061,-37.203,-0.216,-17.854,-16.529,-42.037,-13.06,-65.008,22.554,-50.647,7.435,-66.446,39.621,-112.908,-0.534,-116.085,-52.057,-100.074,,,,"",,,,"",,,,"",,,,"",,,,"",,,,"",,,,"",,,,"",,,,,,,,,,,,,,,,,,,,,,,,,,,,,,,,,,,,,,,,,,,,,,,,,,,,,,,,,,"",0,,,,,,,,,,,,,0,"",,,,0,""
138,,7,1,3,2,1,0,0,0,0,0,255,255,255,0,5299.16,"Ainy4／あいにゃ",R,13,88,111,-2.914,-2.179,0.074,1.333,-0.545,0.745,-36.92,17.086,51,49,0,1,"",-360.898,346.053,-43.72,-0.614,-19.661,4,"=","=","=","=","=","=","=","=","=",6,R,"あおいぬ",190,89.739,0.43,,49,W,Y,0,,,,,,,,,,,,,,,,,,,,,,,,,,,,,0,0,,,,,,,,,,,,,,,,,,,,,,,,,,,,,,,,,,,,,,-0.198,-37.796,-0.204,-17.826,-16.625,-42.17,-12.893,-65.125,21.084,-50.26,9.238,-65.731,39.037,-106.729,-2.013,-116.453,-53.917,-101.681,,,,"",,,,"",,,,"",,,,"",,,,"",,,,"",,,,"",,,,"",,,,,,,,,,,,,,,,,,,,,,,,,,,,,,,,,,,,,,,,,,,,,,,,,,,,,,,,,,"",0,,,,,,,,,,,,,0,"",,,,0,""
139,,7,1,3,2,2,0,0,0,0,0,255,255,255,1,5315.293,"Ainy4／あいにゃ",R,27,81,132,0.276,0.162,0.255,1.732,0.022,1.585,-36.92,26.279,90,10,0,2,"",59.078,-126.79,-1.817,0,0,4,"=","=","=","=","=","=","=","=","=",6,R,"あおいぬ",190,89.739,0.43,3,49,W,Y,1,5316.39,178,68,90,105,32,,145,111,28.83,20.969,0.051,1.079,-20.384,0.07,0,0.463,272.603,195.383,89.542,5320.68,-38.942,-108.515,5320.826,8,-37.826,1.988,-106.19,0,0,,5322.333,,,,,,,,,,,,,5321.528,4,,457,0,,,,,,,,,,,,,,,,,,,-0.181,-37.828,-0.171,-17.877,-16.652,-42.188,-13.023,-64.844,21.768,-51.065,9.422,-65.619,42.143,-107.308,-3.342,-116.05,-52.693,-101.436,0.031,-37.67,,"-라후이-",-0.205,-17.854,,"Floră",-16.686,-42.279,,"낑깡__",-13.078,-64.921,93,"Slaris",21.313,-51.275,,"즉석카레",9.466,-65.533,,"メリニット",42.109,-105.204,,"아침땅_",-4.494,-116.032,,"Kenomo",-52.666,-101.362,119,5326.958,-0.568,-39.484,,,,,,,5323.87,-12,-75.79,,,,,,,,,,,,,5321.537,-38.009,-106.624,,,,,,,,,,5325.296,-10.437,-71.232,,,,,,,,,,,,,5322.51,-34.198,-101.37,"",1,,,,,,,,,,,,,0,"Kenomo",,,,100,""
140,,7,1,3,2,0,0,1,0,0,0,255,255,255,2,5344.136,"Ainy4／あいにゃ",R,0,82,133,-0.679,-2.303,0.185,1.358,-0.301,0.265,-36.92,16.808,41,59,0,1,"",0,0,-15.262,-0.149,-19.158,5,"=","=","=","=","=","=","=","=","=",7,R,"カズティー",175.4,84.645,0.33,,54,W,Y,0,,,,,,,,,,,,,,,,,,,,,,,,,,,,,0,0,,,,,,,,,,,,,,,,,,,,,,,,,,,,,,,,,,,,,,-0.123,-37.665,-0.288,-17.811,-16.592,-42.149,-12.986,-64.984,20.041,-48.059,9.402,-65.55,41.263,-96.452,0.056,-111.724,-53.903,-101.686,,,,"",,,,"",,,,"",,,,"",,,,"",,,,"",,,,"",,,,"",,,,5348.001,0.132,-37.787,,,,,,,,,,,,,,,,,,,,,,,,,,,,,,,,,,,,,,,,,,,,,,,,,,,,"",0,,,,,,,,,,,,,0,"",,,,0,""
141,,7,1,3,2,1,0,1,0,0,0,255,255,255,3,5360.028,"Ainy4／あいにゃ",R,27,93,140,0.854,-1.186,0.318,1.514,0.317,0.815,-36.92,14.765,59,38,3,2,"",31.77,-100.819,-2.31,0,0,5,"=","=","=","=","=","=","=","=","=",7,R,"カズティー",175.4,84.645,0.33,3,54,W,Y,1,5360.972,207,157,42,78,27,0.312,131,117,-30,-2.651,0.15,0.466,-19.317,0.74,0,0.626,-140.74,-139.214,259.06,5360.293,0.183,-20.021,5362.659,5,2.367,1.188,-65.581,0,0,,5366.755,,,,,,,,,,,,,5366.32,5,,147,128,,,,,,,,,,,,,,,,,,,-0.009,-37.707,0.286,-17.899,-16.642,-42.141,-12.907,-65.215,21.043,-48.854,9.619,-65.56,41.047,-96.643,-0.384,-113.259,-53.995,-101.723,0.116,-37.32,,"-라후이-",0.229,-17.901,,"Floră",-16.703,-42.253,78,"낑깡__",-12.882,-65.089,,"Slaris",20.643,-48.829,,"즉석카레",9.911,-65.394,89,"メリニット",41.052,-96.644,,"아침땅_",-0.481,-113.131,,"Kenomo",-51.425,-103.24,,5369.483,-0.993,-38.082,,,,5365.698,-18.294,-41.156,,,,,,,5363.286,2.625,-66.317,,,,,,,,,,,,,,,,5368.4,-18.062,-38.854,,,,,,,5364.112,1.172,-62.474,,,,,,,,,,"",2,,,,,,,,,,,,,0,"즉석카레",,,,140,""
142,,7,1,3,2,0,0,2,0,0,0,255,255,255,4,5387.686,"Ainy4／あいにゃ",R,3,84,111,-2.073,-0.521,0.166,1.585,-0.259,1.29,-36.92,18.386,52,48,0,1,"",-392.43,0,-11.862,0,0,6,"=","=","=","=","=","=","=","=","=",1,R,"P0TA0",190,96.017,0.445,,54,W,Y,0,,,,,,,,,,,,,,,,,,,,,,,,,,,,,0,0,,,,,,,,,,,,,,,,,,,,,,,,,,,,,,,,,,,,,,-0.127,-37.848,-0.253,-17.917,-16.67,-42.049,-13.143,-65.092,20.21,-50.229,10.528,-65.467,43.773,-107.065,-0.392,-114.852,-53.599,-102.659,,,,"",,,,"",,,,"",,,,"",,,,"",,,,"",,,,"",,,,"",,,,5391.341,-0.227,-37.593,,,,,,,,,,,,,,,,,,,,,,,,,,,,,,,,,,,,,,,,,,,,,,,,,,,,"",0,,,,,,,,,,,,,0,"",,,,0,""
143,,7,1,3,2,1,0,2,0,0,0,255,255,255,5,5403.975,"Ainy4／あいにゃ",R,28,90,140,1.084,-0.6,0.344,1.602,0.437,1.162,-36.92,18.746,50,50,0,2,"",17.129,-74.733,-0.605,0,0,6,"=","=","=","=","=","=","=","=","=",1,R,"P0TA0",190,96.017,0.445,5,54,W,Y,1,5404.867,153,90,79,69,29,,145,122,27.92,57.197,0.192,0.705,-19.272,0.77,0,0.219,382.034,315.065,-227.502,,,,,,,,,0,0,,,,,,,,,,,,,,,,,,,,,,,,,,,,,,,,,,,,,,-0.033,-37.755,0.217,-18.012,-16.614,-42.05,-13.024,-65.074,20.36,-49.934,11.799,-64.533,44.127,-106.776,-0.528,-112.943,-53.485,-102.658,0.016,-37.145,,"-라후이-",0.192,-18.01,,"Floră",-16.669,-42.151,,"낑깡__",-13.089,-65.21,,"Slaris",20.073,-50.001,,"즉석카레",11.521,-64.763,,"メリニット",44.125,-106.771,,"아침땅_",-0.603,-112.773,,"Kenomo",-50.013,-102.709,,,,,,,,,,,,,,,,,,,,,,,,,,,,,,,,,,,,,,,,,,,,,,,,,,,,,,,,"",3,63.381,51.934,15.988,0.502,2,0.329,89.731,43.121,5.121,79.052,0.058,106.514,0,"",,,,0,""
144,,7,1,3,2,1,1,2,0,0,0,255,255,255,6,5423.087,"Ainy4／あいにゃ",R,29,87,140,-1.662,-0.187,0.168,1.647,-0.383,1.31,-36.92,23.38,51,49,0,1,"",-250,-200,23.875,0,0,6,"=","=","=","=","=","=","=","=","=",1,R,"P0TA0",190,96.017,0.445,,54,W,Y,0,,,,,,,,,,,,,,,,,,,,,,,,,,,,,0,0,,,,,,,,,,,,,,,,,,,,,,,,,,,,,,,,,,,,,,-0.213,-37.848,-0.202,-18.014,-16.617,-42.07,-13.339,-65.028,20.647,-48.945,11.319,-65.043,42.519,-107.903,-0.385,-111.568,-50.875,-101.349,,,,"",,,,"",,,,"",,,,"",,,,"",,,,"",,,,"",,,,"",,,,,,,,,,,,,,,,,,,,,,,,,,,,,,,,,,,,,,,,,,,,,,,,,,,,,,,,,,"",0,,,,,,,,,,,,,0,"",,,,0,""
145,,7,1,3,2,2,1,2,0,0,0,255,255,255,7,5440.814,"Ainy4／あいにゃ",R,4,86,117,-1.127,-0.412,0.194,1.648,-0.174,1.427,-36.92,21.868,52,48,0,0,"",-181.775,61.545,-16.096,0,0,6,"=","=","=","=","=","=","=","=","=",1,R,"P0TA0",190,96.017,0.445,,54,W,Y,1,,,,,,,,,,,,,,,,,,,,,,,,,,,,,0,0,,,,,,,,,,,,,,,,,,,,,,,,,,,,,,,,,,,,,,-0.219,-37.762,-0.037,-18.109,-16.656,-42.106,-13.15,-64.984,20.497,-49.024,11.131,-64.634,42.714,-107.841,-0.491,-111.792,-50.844,-101.333,,,,"",,,,"",,,,"",,,,"",,,,"",,,,"",,,,"",,,,"",,,,,,,,,,,,,,,,,,,,,,,,,,,,,,,,,,,,,,,,,,,,,,,,,,,,,,,,,,"",0,,,,,,,,,,,,,0,"",,,,0,""
146,,7,1,3,2,2,2,2,0,0,0,255,255,255,8,5457.694,"Ainy4／あいにゃ",R,10,85,113,-0.805,-1.107,0.136,1.615,-0.354,1.355,-36.92,11.362,51,49,0,2,"",0,335.483,14.541,0,0,6,"=","=","=","=","=","=","=","=","=",1,R,"P0TA0",190,96.017,0.445,0,54,W,Y,0,5458.742,153,95,79,45,25,,138,106,25.122,37.584,-0.167,0.451,-19.36,0.92,0,0.09,368.576,271.625,-160.285,,,,5463.343,8,-63.233,2.115,-91.834,0,0,,5464.58,,,,,,,,,,,,,5464.04,6,,457,0,,,,,,,,,,,,,,,,,,,-0.18,-37.9,-0.074,-18.115,-16.661,-42.149,-13.08,-65.072,20.75,-48.826,11.127,-64.626,40.822,-106.206,-0.395,-112.217,-50.879,-101.374,0.163,-37.415,,"-라후이-",-0.145,-18.122,,"Floră",-16.762,-42.321,,"낑깡__",-13.255,-65.463,,"Slaris",20.318,-48.944,,"즉석카레",11.145,-64.524,,"メリニット",40.819,-106.201,,"아침땅_",-0.323,-112.247,,"Kenomo",-50.867,-101.283,85,,,,,,,,,,,,,,,,,,,,,,,,,5464.049,-63.748,-92.279,,,,,,,,,,,,,,,,,,,,,,,,,5465.361,-62.534,-91.962,"",1,,,,,,,,,,,,,0,"Kenomo",,,,32,""
147,SIDE,7,1,3,2,0,0,2,0,0,0,255,255,255,,5466.231,,,,,,,,,,,,,,,,,,,,,,,,7,"=","=","=","=","=","=","=","=","=",,,,,,,,,,,,,,,,,,,,,,,,,,,,,,,,,,,,,,,0,0,,,,,,,,,,,,,,,,,,,,,,,,,,,,,,,,,,,,,,,,,,,,,,,,,,,,,,,,,,,,,,,,,,,,,,,,,,,,,,,,,,,,,,,,,,,,,,,,,,,,,,,,,,,,,,,,,,,,,,,,,,,,,,,,,,,,,,,,,,,,,,,,,"",0,,,,,,,,,,,,,0,"",,,,0,""
148,,7,0,3,2,0,0,0,0,0,0,255,255,255,4,5508.257,"sano jpn",R,34,78,116,0.452,0.648,0.452,1.509,0.063,1.96,-36.161,35.061,0,100,0,2,"",75.417,-27.772,-4.582,0,0,4,"-라후이-","Slaris","Ainy4／あいにゃ","Floră","メリニット","Kenomo","낑깡__","즉석카레","아침땅_",6,R,"メリニット",175.3,89.637,0.502,5,54,W,Y,1,5509.328,146,151,144,118,76,,145,129,33.912,-12.82,0.082,1.171,-20.529,0.38,0,0.104,582.175,65.979,129.304,5515.213,24.874,-137.957,,,,,,0,0,,5514.636,5519.071,5524.629,5530.045,,,,,,,,,,,,,,,,,,,,,,,,,,,,,,,,,-0.046,-37.432,0.089,-16.964,-21.538,-47.757,-12.273,-64.711,16.405,-45.381,10.335,-64.898,40.781,-91.085,0.126,-110.485,-44.874,-91.81,-0.048,-36.803,,"P0TA0",0.024,-17.014,,"ʚEveɞ",-21.356,-48.023,,"白霜らいふ",-12.451,-64.654,,"인생최패망자",16.657,-45.28,,"ibqrqki",10.1,-64.671,,"あおいぬ",40.775,-90.874,,"カズティー",0.131,-110.476,,"NABIMan",-44.195,-91.634,,,,,,,,,,,,,,,,,,,,,,,,,,,,,,,,,,,,,,,,,,,,,,,,,,,,,,,,"",4,-11.797,-11.797,-7.818,0,1,0.731,73.915,62.834,-3.282,67.15,0.072,-9.172,0,"",5519.071,5524.629,,0,""
149,,7,0,3,3,0,0,0,0,0,0,255,255,255,5,5549.116,"sano jpn",R,27,83,135,1.497,-0.276,0.378,1.287,0.576,1.361,-36.161,24.917,40,60,0,1,"",49.001,-102.269,-3.522,2.47,-19.8,5,"=","=","=","=","=","=","=","=","=",8,R,"Kenomo",180.1,80,0.449,,54,W,Y,0,,,,,,,,,,,,,,,,,,,,,,,,,,,,,0,0,,,,,,,,,,,,,,,,,,,,,,,,,,,,,,,,,,,,,,0.011,-37.271,0.056,-16.898,-21.198,-46.695,-11.565,-63.304,18.599,-46.839,9.163,-65.651,36.9,-96.585,-0.966,-114.332,-43.143,-94.883,,,,"",,,,"",,,,"",,,,"",,,,"",,,,"",,,,"",,,,"",,,,,,,,,,,,,,,,,,,,,,,,,,,,,,,,,,,,,,,,,,,,,,,,,,,,,,,,,,"",0,,,,,,,,,,,,,0,"",,,,0,""
150,,7,0,3,3,1,0,0,0,0,0,255,255,255,6,5575.667,"sano jpn",R,3,74,102,1.034,-0.429,0.664,1.359,1.243,1.381,-36.161,44.895,0,100,0,2,"",-420.994,0,-14.514,0,0,5,"=","=","=","=","=","=","=","=","=",8,R,"Kenomo",180.1,80,0.449,5,53,W,Y,1,5576.821,117,126,61,85,35,,136,130,26.876,-32.307,0.197,0.828,-20.519,0.58,0,0.246,476.941,303.692,200.745,5581.918,58.846,-128.197,,,,,,0,0,,5582.661,5587.117,5592.116,5597.038,,,,,,,,,,,,,,,,,,,,,,,,,,,,,,,,,0.07,-37.426,0.077,-16.963,-21.46,-46.957,-12.571,-63.748,18.652,-46.856,9.541,-65.215,38.074,-95.514,-0.968,-114.343,-44.97,-97.152,0.142,-36.73,,"P0TA0",0.082,-17.001,,"ʚEveɞ",-21.333,-47.381,,"白霜らいふ",-12.573,-63.749,,"인생최패망자",18.227,-46.895,,"ibqrqki",9.476,-64.92,,"あおいぬ",37.651,-95.294,,"カズティー",-0.969,-114.342,,"NABIMan",-45.823,-97.336,,,,,,,,,,,,,,,,,,,,,,,,,,,,,,,,,,,,,,,,,,,,,,,,,,,,,,,,"",4,-28.463,-28.463,-14.707,0,1,0.591,59.916,44.119,-2.121,88.555,0.061,-32.779,0,"",5587.117,5592.116,,0,""
151,,7,0,3,4,0,0,0,0,0,0,255,255,255,0,5748.004,"인생최패망자",R,32,86,140,2.291,0.707,0.948,1.433,0.748,1.948,-36.89,68.333,8,92,0,4,"",157.152,-66.513,4.391,0,0,6,"=","=","=","=","=","=","=","=","=",3,R,"낑깡__",171.5,80,0.402,,78,W,Y,1,,,,,,,,,,,,,,,,,,,,,,,,,,,,,0,0,,,,,,,,,,,,,,,,,,,,,,,,,,,,,,,,,,,,,,0.236,-37.288,-0.04,-17.86,-22.137,-47.915,-12.416,-64.515,19.566,-45.766,9.754,-64.722,42.456,-99.116,0.936,-113.149,-42.837,-96.518,,,,"",,,,"",,,,"",,,,"",,,,"",,,,"",,,,"",,,,"",,,,,,,,,,,,,,,,,,,,,,,,,,,,,,,,,,,,,,,,,,,,,,,,,,,,,,,,,,"",0,,,,,,,,,,,,,0,"",,,,0,""
152,,7,0,3,4,0,1,0,0,0,0,255,255,255,1,5763.69,"인생최패망자",R,3,78,106,-0.327,0.641,0.8,1.5,0.62,1.991,-36.89,81.005,4,96,0,2,"",-389.641,0,10.524,0,0,6,"=","=","=","=","=","=","=","=","=",3,R,"낑깡__",171.5,80,0.402,0,78,W,Y,1,5764.709,174,156,138,129,71,,145,107,11.918,-2.714,-0.031,1.143,-20.76,0.9,0,0.317,23.043,4.73,2.092,5766.91,3.19,-89.65,5767.701,7,3.551,0.4,-97.445,1,0,,5770.144,,,,,,,,,,,,,,,,,,,,,,,,,,,,,,,,,,,,0.089,-37.388,-0.042,-17.878,-22.076,-47.934,-12.689,-64.332,20.178,-46.092,9.767,-64.766,41.625,-97.398,0.939,-113.161,-42.207,-96.288,0.036,-37.043,,"sano jpn",-0.091,-17.878,,"ʚEveɞ",-22.055,-47.797,,"白霜らいふ",-12.699,-64.317,76,"P0TA0",19.862,-46.391,,"ibqrqki",9.729,-64.597,,"あおいぬ",40.892,-97.133,,"カズティー",0.938,-113.148,113,"NABIMan",-42.98,-96.599,,5774.504,-0.006,-38.958,,,,,,,5770.667,0.203,-61.304,,,,,,,,,,5768.414,3.629,-99.081,,,,,,,,,,,,,5773.483,-3.689,-53.889,,,,,,,,,,5769.276,2.796,-92.708,,,,"",2,,,,,,,,,,,,,0,"カズティー",,,,168,""
153,,7,0,3,4,0,0,0,1,0,0,13,255,255,2,5789.851,"인생최패망자",R,32,86,140,-0.179,-0.877,0.739,1.093,-0.457,1.081,-36.89,61.167,11,47,42,0,"",250,-46.094,5.97,0,0,7,"=","=","=","=","=","=","=","=","=",5,R,"즉석카레",169.7,89.927,0.496,,53,W,Y,0,,,,,,,,,,,,,,,,,,,,,,,,,,,,,0,0,,,,,,,,,,,,5802.704,,,,,,,,,,,,,,,,,,,,,,,,,,0.162,-37.282,-0.023,-17.86,-19.685,-40.703,-11.25,-61.977,19.677,-46.005,8.379,-63.913,37.522,-93.138,1.494,-104.589,-43.145,-98.384,,,,"",,,,"",,,,"",,,,"",,,,"",,,,"",,,,"",,,,"",,,,5794.282,-0.247,-37.333,,,,,,,,,,,,,,,,,,,,,,,,,,,,,,,,,,,,,,,,,,,,,,,,,,,,"",0,,,,,,,,,,,,,0,"",,,,0,""
154,,7,0,3,4,0,1,0,1,0,0,13,255,255,3,5803.228,"인생최패망자",R,3,78,106,-2.621,0.433,0.729,1.344,-0.335,1.877,-36.89,72.017,9,91,0,2,"",-409.476,0,8.981,0,0,7,"=","=","=","=","=","=","=","=","=",5,R,"즉석카레",169.7,89.927,0.496,3,53,W,Y,1,5804.292,255,205,57,71,42,,137,76,26.712,56.74,-0.375,1.105,-21.437,1,0,0.056,0.197,195.943,240.097,5805.901,-35.714,-43.141,,,,,,0,0,,,,,,,,,,,,5821.32,,,,,,,,,,,,,,,,,,,,,,,,,,0.088,-37.411,-0.002,-17.784,-19.609,-40.555,-11.43,-62.209,19.514,-45.727,8.719,-63.846,37.576,-93.12,0.658,-105.312,-43.703,-98.138,-0.092,-36.983,,"sano jpn",-0.097,-17.846,,"ʚEveɞ",-17.941,-44.991,,"白霜らいふ",-11.976,-61.95,,"P0TA0",19.099,-45.768,,"ibqrqki",8.49,-63.024,,"あおいぬ",37.57,-93.025,,"カズティー",0.662,-105.301,,"NABIMan",-43.568,-99.172,,,,,,,,,,,,,,,,,,,,,,,,,,,,,,,,,,,,,,,,,,,,,,,,,,,,,,,,"",3,,,,,,,,,,,,,0,"",,,,0,""
155,,7,0,3,4,0,2,0,1,0,0,13,255,255,4,5822.106,"인생최패망자",R,32,86,139,1.847,0.727,0.858,1.437,0.564,1.963,-36.89,59.922,3,97,0,4,"",151.174,-54.928,4.4,0,0,7,"=","=","=","=","=","=","=","=","=",5,R,"즉석카레",169.7,89.927,0.496,,53,W,Y,1,,,,,,,,,,,,,,,,,,,,,,,,,,,,,0,64,,,,,,,,,,,,,,,5824.684,7,,578,0,5826.275,6,1,278,1,,,,,,,,5825.605,5,,,,,0.187,-37.325,0.006,-17.748,-19.629,-40.676,-12.4,-61.51,19.54,-45.718,8.092,-63.918,38.484,-94.146,0.595,-105.143,-45.083,-97.61,,,,"",,,,"",,,,"",,,,"",,,,"",,,,"",,,,"",,,,"",,,,,,,,,,,,,,,,,,,,,,,,,,,,,,,,,,,,,,,,,,,,,,,,,,,,,,,,,,"",0,,,,,,,,,,,,,0,"",,,,0,""
156,,7,0,3,4,0,0,2,0,0,0,255,255,255,5,5846.648,"인생최패망자",R,32,88,140,3.045,0.598,0.839,1.421,0.474,1.903,-36.89,62.452,3,97,0,4,"",179.827,-40.641,12.061,0.046,-19.994,8,"=","=","=","=","=","=","=","=","=",7,R,"아침땅_",170.2,86.571,0.5,,53,W,Y,1,,,,,,,,,,,,,,,,,,,,,,,,,,,,,0,0,,,,,,,,,,,,,,,,,,,,,,,,,,,,,,,,,,,,,,0.196,-37.478,-0.037,-17.764,-21.404,-46.368,-11.925,-63.677,19.418,-45.728,9.52,-65.446,38.637,-92.735,0.519,-107.443,-42.908,-97.015,,,,"",,,,"",,,,"",,,,"",,,,"",,,,"",,,,"",,,,"",,,,,,,,,,,,,,,,,,,,,,,,,,,,,,,,,,,,,,,,,,,,,,,,,,,,,,,,,,"",0,,,,,,,,,,,,,0,"",,,,0,""
157,,7,0,3,4,0,1,2,0,0,0,255,255,255,6,5863.651,"인생최패망자",R,32,80,131,2.5,0.736,0.883,1.449,0.68,2.006,-36.89,62.924,9,91,0,4,"",250,-15.727,11.951,0,0,8,"=","=","=","=","=","=","=","=","=",7,R,"아침땅_",170.2,86.571,0.5,,35,W,Y,1,,,,,,,,,,,,,,,,,,,,,,,,,,,,,0,0,,,,,,,,,,,,,,,,,,,,,,,,,,,,,,,,,,,,,,0.222,-37.301,-0.062,-17.893,-21.554,-46.897,-12.157,-63.832,19.64,-45.257,9.524,-65.417,37.269,-93.494,0.517,-107.423,-42.454,-96.409,,,,"",,,,"",,,,"",,,,"",,,,"",,,,"",,,,"",,,,"",,,,,,,,,,,,,,,,,,,,,,,,,,,,,,,,,,,,,,,,,,,,,,,,,,,,,,,,,,"",0,,,,,,,,,,,,,0,"",,,,0,""
158,,7,0,3,4,0,2,2,0,0,0,255,255,255,7,5879.7,"인생최패망자",R,3,77,103,-1.59,0.469,0.761,1.423,0.266,1.898,-36.89,75.131,2,98,0,1,"",-468.182,0,15.937,0,0,8,"=","=","=","=","=","=","=","=","=",7,R,"아침땅_",170.2,86.571,0.5,,35,W,Y,0,,,,,,,,,,,,,,,,,,,,,,,,,,,,,0,0,,,,,,,,,,,,,,,,,,,,,,,,,,,,,,,,,,,,,,0.093,-37.42,-0.122,-17.915,-21.534,-46.932,-12.782,-63.622,19.609,-45.211,9.453,-65.35,36.685,-92.21,0.492,-107.483,-43.521,-96.933,,,,"",,,,"",,,,"",,,,"",,,,"",,,,"",,,,"",,,,"",,,,,,,,,,,,,,,,,,,,,,,,,,,,,,,,,,,,,,,,,,,,,,,,,,,,,,,,,,"",0,,,,,,,,,,,,,0,"",,,,0,""
159,,7,0,3,4,1,2,2,0,0,0,255,255,255,8,5896.765,"인생최패망자",R,32,90,140,0.574,-1.008,0.81,1.077,-0.127,1.026,-36.89,69.835,10,16,75,0,"",250,-25.757,-4.078,0,0,8,"=","=","=","=","=","=","=","=","=",7,R,"아침땅_",170.2,86.571,0.5,,35,W,Y,0,,,,,,,,,,,,,,,,,,,,,,,,,,,,,0,0,,,,,,,,,,,,,,,5899.458,8,,578,0,,,,,,,,,,,,,,,,,,,0.229,-37.427,-0.085,-17.932,-21.52,-47.149,-13.087,-64.176,19.641,-45.754,9.233,-64.961,36.514,-92.043,0.401,-107.501,-39.749,-90.909,,,,"",,,,"",,,,"",,,,"",,,,"",,,,"",,,,"",,,,"",,,,,,,,,,,,,,,,,,,,,,,,,,,,,,,,,,,,,,,,,,,,,,,,,,,,,,,,,,"",0,,,,,,,,,,,,,0,"",,,,0,""
160,SIDE,7,0,3,4,0,0,2,0,0,0,255,255,255,,5902.456,,,,,,,,,,,,,,,,,,,,,,,,0,"=","=","=","=","=","=","=","=","=",,,,,,,,,,,,,,,,,,,,,,,,,,,,,,,,,,,,,,,0,0,,,,,,,,,,,,,,,,,,,,,,,,,,,,,,,,,,,,,,,,,,,,,,,,,,,,,,,,,,,,,,,,,,,,,,,,,,,,,,,,,,,,,,,,,,,,,,,,,,,,,,,,,,,,,,,,,,,,,,,,,,,,,,,,,,,,,,,,,,,,,,,,,"",0,,,,,,,,,,,,,0,"",,,,0,""
161,,8,1,3,4,0,0,0,0,0,0,255,255,255,9,5952.274,"Ainy4／あいにゃ",R,3,84,113,0.818,-0.76,0.543,1.546,0.909,1.169,-36.92,42.495,40,60,0,0,"",-300.619,0,-6.949,0,0,7,"sano jpn","ʚEveɞ","NABIMan","인생최패망자","あおいぬ","カズティー","P0TA0","白霜らいふ","ibqrqki",3,R,"白霜らいふ",175.1,80,0.653,,53,W,Y,0,,,,,,,,,,,,,,,,,,,,,,,,,,,,,0,0,,,,,,,,,,,,,,,,,,,,,,,,,,,,,,,,,,,,,,-0.087,-37.654,-0.119,-18.264,-16.712,-42.285,-13.161,-65.043,20.949,-50.249,8.824,-65.928,44.487,-97.674,-0.382,-112.161,-51.366,-101.923,,,,"",,,,"",,,,"",,,,"",,,,"",,,,"",,,,"",,,,"",,,,,,,,,,,,,,,,,,,,,,,,,,,,,,,,,,,,,,,,,,,,,,,,,,,,,,,,,,"",0,,,,,,,,,,,,,0,"",,,,0,""
162,,8,1,3,4,0,1,0,0,0,0,255,255,255,10,5970.56,"Ainy4／あいにゃ",R,34,83,135,1.385,-0.862,0.347,1.572,0.452,1.017,-36.92,25.928,49,51,0,2,"",95.233,-80.789,-15.385,0,0,7,"=","=","=","=","=","=","=","=","=",3,R,"白霜らいふ",175.1,80,0.653,3,53,W,Y,1,5971.786,164,156,103,82,56,,145,82,-78.712,-66.915,0.257,0.614,-19.85,-1,0,0.457,291.851,-427.479,239.838,5971.022,0.518,-19.96,,,,,,0,0,,,,,,,,,,,,,,,,,,,,,,,,,,,,,,,,,,,,,,-0.098,-37.735,0.261,-18.169,-16.591,-42.076,-13.048,-65.124,21.161,-50.16,9.029,-65.91,45.994,-97.391,-0.424,-112.542,-51.364,-101.944,0.164,-37.715,,"-라후이-",0.203,-18.179,,"Floră",-16.696,-42.178,,"낑깡__",-13.383,-65.961,,"Slaris",20.954,-50.008,,"즉석카레",9.076,-65.825,,"メリニット",45.988,-97.388,,"아침땅_",-0.513,-112.494,,"Kenomo",-51.372,-101.935,,,,,,,,,,,,,,,,,,,,,,,,,,,,,,,,,,,,,,,,,,,,,,,,,,,,,,,,"",3,,,,,,,,,,,,,0,"",,,,0,""
163,,8,1,3,4,0,2,0,0,0,0,255,255,255,11,5989.089,"Ainy4／あいにゃ",R,3,83,108,-2.059,0.13,0.245,1.782,-0.016,1.72,-36.92,28.43,85,15,0,4,"",-451.395,23.051,-17.425,0,0,7,"=","=","=","=","=","=","=","=","=",3,R,"白霜らいふ",175.1,80,0.653,,38,W,Y,1,,,,,,,,,,,,,,,,,,,,,,,,,,,,,0,0,,,,,,,,,,,,,,,5991.961,7,,578,0,,,,,,,,,,,,,,,,,,,-0.159,-37.855,-0.192,-18.025,-16.626,-42.059,-13.023,-65.048,21.539,-49.38,10.24,-65.368,43.006,-97.71,0.015,-113.534,-51.262,-100.41,,,,"",,,,"",,,,"",,,,"",,,,"",,,,"",,,,"",,,,"",,,,,,,,,,,,,,,,,,,,,,,,,,,,,,,,,,,,,,,,,,,,,,,,,,,,,,,,,,"",0,,,,,,,,,,,,,0,"",,,,0,""
164,,8,1,3,4,0,0,1,0,0,0,255,255,255,12,6011.357,"Ainy4／あいにゃ",R,14,86,109,1.418,-2.258,0.191,1.451,-0.183,0.902,-36.92,14.807,52,48,0,4,"",386.885,312.348,44.837,0.336,-19.408,8,"=","=","=","=","=","=","=","=","=",5,L,"ibqrqki",164.9,86.895,0.45,,53,W,Y,1,,,,,,,,,,,,,,,,,,,,,,,,,,,,,0,0,,,,,,,,,,,,,,,,,,,,,,,,,,,,,,,,,,,,6016.09,1,-0.08,-37.859,0.227,-18.15,-15.4,-43.297,-12.998,-65.191,20.605,-47.268,12.523,-64.289,44.147,-95.712,0.053,-113.168,-50.016,-102.629,,,,"",,,,"",,,,"",,,,"",,,,"",,,,"",,,,"",,,,"",,,,,,,,,,,,,,,,,,,,,,,,,,,,,,,,,,,,,,,,,,,,,,,,,,,,,,,,,,"",0,,,,,,,,,,,,,0,"",,,,0,""
165,,8,1,3,4,0,1,1,0,0,0,255,255,255,13,6034.284,"Ainy4／あいにゃ",R,14,79,105,1.994,0.029,0.282,1.947,0.099,2.135,-36.92,37.919,90,10,0,2,"",372.687,312.348,5.177,0,0,8,"=","=","=","=","=","=","=","=","=",5,L,"ibqrqki",164.9,86.895,0.45,3,53,W,Y,1,6035.577,175,182,76,85,42,,145,78,-30,-58.364,0.342,0.987,-21.104,1,0,0.092,-144.325,-209.617,102.76,6034.91,2.833,-22.629,,,,,,0,0,,,,,,,,,,,,,,,,,,,,,,,,,,,,,,,,,,,,,,-0.067,-37.842,0.182,-17.781,-15.436,-43.354,-12.91,-65.212,20.73,-47.152,13.025,-64.153,44.157,-95.712,-0.131,-111.728,-49.53,-102.875,-0.187,-37.885,,"-라후이-",0.174,-17.782,,"Floră",-15.509,-43.415,,"낑깡__",-12.898,-65.186,,"Slaris",20.568,-47.069,,"즉석카레",13.076,-64.044,,"メリニット",44.153,-95.71,,"아침땅_",-0.252,-111.552,,"Kenomo",-49.511,-102.809,,,,,,,,,,,,,,,,,,,,,,,,,,,,,,,,,,,,,,,,,,,,,,,,,,,,,,,,"",3,,,,,,,,,,,,,0,"",,,,0,""
166,,8,1,3,4,0,2,1,0,0,0,255,255,255,14,6079.261,"Ainy4／あいにゃ",R,27,92,140,-1.741,0.453,0.086,1.763,-0.761,1.688,-36.92,9.491,61,39,0,2,"",-0.2,-145.843,4.551,0,0,8,"=","=","=","=","=","=","=","=","=",5,L,"ibqrqki",164.9,86.895,0.45,5,53,W,Y,1,6080.353,138,36,61,16,3,,114,64,-80.143,13.942,-0.341,0.964,-19.659,-1,0,0.06,538.045,171.058,129.595,6079.597,-0.378,-19.813,6082.943,1,-2.082,0.095,-26.952,1,0,,6085.438,,,,,,,,,,,,,,,,,,,,,,,,,,,,6112.178,2,,,,,,,-0.16,-37.821,-0.16,-17.666,-15.288,-43.229,-12.781,-65.112,20.5,-46.943,12.379,-64.899,44.294,-93.869,-0.054,-112.272,-49.391,-100.997,0.05,-37.628,98,"-라후이-",-0.2,-17.676,120,"Floră",-15.435,-43.389,69,"낑깡__",-12.83,-65.118,,"Slaris",20.418,-46.601,,"즉석카레",12.376,-64.828,,"メリニット",44.293,-93.866,,"아침땅_",-0.247,-111.668,,"Kenomo",-49.794,-96.667,,6083.841,-2.197,-27.304,6083.692,-1.798,-26.42,6086.089,-17.982,-38.765,,,,,,,,,,,,,,,,,,,6085.322,-6.703,-33.104,6084.351,-4.486,-28.459,6091.697,-17.826,-39.292,,,,,,,,,,,,,,,,,,,"",2,-4.54,-4.54,-9.011,0,0,1,-80.143,-80.143,-23.414,-80.143,0,81.107,0,"-라후이-",,,,13,""
167,,8,1,3,4,0,0,1,1,0,0,5,255,255,15,6125.541,"Ainy4／あいにゃ",R,13,82,108,-1.683,-1.461,0.137,1.576,-0.351,1.271,-36.92,19.965,51,49,0,2,"",-190.884,399.586,-18.011,0,0,0,"=","=","=","=","=","=","=","=","=",1,R,"sano jpn",189.9,87.118,0.631,3,53,W,Y,1,6126.73,87,98,165,160,108,,132,97,15.865,40.81,-0.395,0.526,-20.763,0.92,0.286,0.231,-17.309,63.361,79.929,,,,6127.484,2,-18.873,3.679,-41.934,0,0,,,,,,,,,,,,6138.616,,,6128.234,0,,451,0,,,,,,,,,,,6129.369,2,,,,,,,-0.186,-37.778,-0.196,-17.791,-19.516,-40.38,-11.637,-59.381,21.088,-50.074,6.538,-63.348,40.061,-107.269,0.225,-115.742,-51.988,-102.99,0.041,-37.39,,"-라후이-",-0.253,-17.819,,"Floră",-17.066,-42.305,76,"낑깡__",-11.729,-59.175,,"Slaris",20.826,-50.031,,"즉석카레",6.932,-63.139,,"メリニット",40.67,-107.107,,"아침땅_",0.155,-115.716,,"Kenomo",-52.006,-102.832,,6133.908,-1.306,-38.802,,,,6128.242,-19.257,-42.547,,,,,,,,,,,,,,,,,,,,,,,,,6132.837,-18.179,-39.339,,,,,,,,,,,,,,,,,,,"",1,,,,,,,,,,,,,0,"Floră",,,,12,""
168,,8,1,3,4,0,0,2,1,0,0,5,255,255,16,6150.196,"Ainy4／あいにゃ",R,14,82,119,2.714,-0.471,0.353,1.767,0.479,1.697,-36.92,34.182,94,6,0,1,"",390.434,312.348,7.128,0,0,1,"=","=","=","=","=","=","=","=","=",2,L,"ʚEveɞ",190,85.255,0.454,,53,W,Y,0,,,,,,,,,,,,,,,,,,,,,,,,,,,,,0,0,,,,,,,,,,,,6150.429,,,,,,,,,,,,,,,,,,,,,,,,,,-0.113,-37.866,0.464,-17.733,-19.643,-40.467,-8.944,-65.917,22.497,-49.645,11.842,-64.882,46.075,-93.816,-0.361,-114.856,-49.256,-107.146,,,,"",,,,"",,,,"",,,,"",,,,"",,,,"",,,,"",,,,"",,,,6154.388,-0.26,-38.122,,,,,,,,,,,,,,,,,,,,,,,,,,,,,,,,,,,,,,,,,,,,,,,,,,,,"",0,,,,,,,,,,,,,0,"",,,,0,""
169,,8,1,3,4,1,0,2,1,0,0,5,255,255,17,6166.672,"Ainy4／あいにゃ",R,14,76,114,1.697,-0.169,0.253,1.831,0.015,1.905,-36.92,30.895,92,8,0,2,"",390.434,312.348,8.362,0,0,1,"=","=","=","=","=","=","=","=","=",2,L,"ʚEveɞ",190,85.255,0.454,3,53,W,Y,1,6167.685,255,246,150,70,31,,145,92,2.782,-41.761,0.315,0.952,-20.392,-0.72,0,0.456,124.005,-482.285,-311.761,6167.818,14.314,-35.245,6168.834,4,23.543,0.056,-43.851,0,2,,6172.86,,,,6172.206,,,,,,,,,6172.775,1,,147,2,,,,,,,,,,,,,,,,,,,-0.142,-37.8,0.26,-17.886,-19.604,-40.448,-10.869,-65.143,23.1,-49.7,11.944,-64.806,46.097,-93.835,-0.288,-114.978,-49.774,-106.81,-0.01,-37.301,,"-라후이-",0.239,-17.894,,"Floră",-17.398,-42.591,86,"낑깡__",-12.089,-64.884,,"Slaris",23.126,-49.449,108,"즉석카레",12.016,-64.638,,"メリニット",46.097,-93.835,,"아침땅_",-0.294,-114.724,,"Kenomo",-48.927,-107.235,,,,,,,,6172.19,-17.4,-40.098,,,,6169.585,24.569,-45.104,,,,,,,,,,,,,,,,,,,6174.413,-16.238,-39.011,,,,6170.512,19.757,-44.334,,,,,,,,,,,,,"",2,,,,,,,,,,,,,0,"Slaris",6172.206,,,10,""
170,SIDE,8,1,3,4,0,0,2,0,1,0,255,5,255,,6174.507,,,,,,,,,,,,,,,,,,,,,,,,2,"=","=","=","=","=","=","=","=","=",,,,,,,,,,,,,,,,,,,,,,,,,,,,,,,,,,,,,,,0,0,,,,,,,,,,,,,6174.518,,,,,,,,,,,,,,,,,,,,,,,,,,,,,,,,,,,,,,,,,,,,,,,,,,,,,,,,,,,,,,,,,,,,,,,,,,,,,,,,,,,,,,,,,,,,,,,,,,,,,,,,,,,,,,,,,,,,,,,,,,,,,,,,,,,,"",0,,,,,,,,,,,,,0,"",,,,0,""
171,,8,0,3,4,0,0,0,0,0,0,255,255,255,9,6219.22,"인생최패망자",R,3,83,108,-3.592,0.387,0.612,1.457,-0.697,1.877,-36.89,54.267,2,98,0,1,"",-442.799,0,18.169,0,0,0,"-라후이-","Slaris","Ainy4／あいにゃ","Floră","メリニット","Kenomo","낑깡__","즉석카레","아침땅_",1,R,"-라후이-",190,87,0.504,,53,W,Y,0,,,,,,,,,,,,,,,,,,,,,,,,,,,,,0,0,,,,,,,,,,,,,,,,,,,,,,,,,,,,,,,,,,,,,,0.047,-37.495,-0.042,-17.518,-21.678,-47.866,-12.993,-64.274,19.13,-45.111,9.862,-65.859,42.136,-104.29,0.074,-111.047,-44.547,-97.924,,,,"",,,,"",,,,"",,,,"",,,,"",,,,"",,,,"",,,,"",,,,,,,,,,,,,,,,,,,,,,,,,,,,,,,,,,,,,,,,,,,,,,,,,,,,,,,,,,"",0,,,,,,,,,,,,,0,"",,,,0,""
172,,8,0,3,4,1,0,0,0,0,0,255,255,255,10,6233.134,"인생최패망자",R,32,87,140,1.219,0.415,0.77,1.408,0.155,1.83,-36.89,53.801,2,98,0,2,"",250,-57.465,10.494,0,0,0,"=","=","=","=","=","=","=","=","=",1,R,"-라후이-",190,87,0.504,5,53,W,Y,1,6233.96,149,82,94,51,29,,145,99,45.435,45.725,0.211,1.141,-19.458,-0.5,0,0.186,97.782,134.867,-538.563,6239.139,-52.906,-71.175,,,,,,0,0,,6240.137,,,,,,,,,,,,,,,,,,,,,,,,,,,,,,,,,,,,0.17,-37.518,-0.056,-17.663,-21.954,-47.874,-13.004,-64.27,18.903,-45.36,9.742,-65.381,39.747,-100.765,0.376,-113.172,-45.185,-97.572,0.337,-37.082,,"sano jpn",-0.062,-17.666,,"ʚEveɞ",-21.93,-47.781,,"白霜らいふ",-13.003,-64.261,,"P0TA0",19.122,-45.06,,"ibqrqki",9.503,-65.269,,"あおいぬ",39.749,-100.748,,"カズティー",0.377,-113.147,,"NABIMan",-45.461,-97.732,,,,,,,,,,,,,,,,,,,,,,,,,,,,,,,,,,,,,,,,,,,,,,,,,,,,,,,,"",3,46.667,46.667,13.911,0,2,0.1,79.82,45.435,7.435,79.632,0.029,161.245,0,"",,,,0,""
173,,8,0,3,4,1,1,0,0,0,0,255,255,255,11,6259.587,"인생최패망자",R,3,81,107,0.139,-0.756,0.853,1.271,0.931,1.17,-36.89,89.41,9,91,0,2,"",-450.038,5.993,-0.375,0,0,0,"=","=","=","=","=","=","=","=","=",1,R,"-라후이-",190,87,0.504,5,82,W,Y,1,6260.602,131,55,158,42,48,,140,131,-1.886,30.343,-0.025,0.709,-19.993,0.38,0,0.165,384.88,328.921,-293.877,6260.16,-7.249,-32.118,6263.014,8,-39.38,0.055,-87.802,1,0,,6266.274,,,,,,,,,,,,,,,,,,,,,,,,,,,,,,,,,,,,0.155,-37.423,-0.091,-17.979,-21.523,-46.852,-15.037,-62.936,19.323,-45.339,9.33,-65.233,43.55,-103.962,-0.478,-111.111,-50.535,-94.264,0.073,-37.06,,"sano jpn",-0.093,-17.987,,"ʚEveɞ",-21.457,-46.66,85,"白霜らいふ",-15.037,-62.923,,"P0TA0",18.759,-45.203,,"ibqrqki",9.296,-65.083,,"あおいぬ",43.629,-103.77,,"カズティー",-0.472,-111.097,,"NABIMan",-49.424,-95.26,110,6274.484,-0.751,-38.155,,,,6267.636,-19.874,-40.288,,,,,,,,,,,,,,,,6263.839,-39.956,-88.835,,,,,,,6273.594,-13.343,-39.233,,,,,,,,,,,,,,,,6265.849,-33.759,-77.968,"",2,35.72,35.72,-2.742,0,0,1,-1.886,-1.886,-6.029,-1.886,0,53.036,0,"NABIMan",,,,14,""
174,,8,0,3,4,0,0,0,1,0,0,11,255,255,12,6288.333,"인생최패망자",R,32,87,140,1.145,0.626,0.788,1.451,0.236,1.978,-36.89,55.695,8,92,0,2,"",163.685,-39.688,7.811,0,0,1,"=","=","=","=","=","=","=","=","=",4,R,"Slaris",190,85.704,0.452,5,53,W,Y,1,6289.264,147,86,164,108,32,,145,93,6.798,33.493,0.213,1.26,-20.456,-0.83,0,0.292,5.347,36.684,118.468,,,,6289.955,2,-15.456,1.52,-43.967,0,1,,,,,,,,,,,,6293.219,,,6290.728,1,,451,0,6291.308,0,1,275,0,,,,,,6291.637,2,,,,,,,0.147,-37.299,-0.058,-17.84,-20.767,-45.978,-10.842,-61.308,18.726,-45.46,7.134,-64.2,43.275,-100.441,-1.504,-112.702,-46.163,-99.399,0.356,-37.128,,"sano jpn",-0.066,-17.864,,"ʚEveɞ",-19.419,-46.588,87,"白霜らいふ",-10.862,-61.327,,"P0TA0",18.934,-45.224,,"ibqrqki",6.278,-63.656,,"あおいぬ",42.679,-100.571,,"カズティー",-1.119,-112.929,,"NABIMan",-47.968,-99.083,,6297.743,-0.515,-37.953,,,,6290.734,-15.947,-44.42,,,,,,,,,,,,,,,,,,,,,,,,,6296.788,-14.739,-41.55,,,,,,,,,,,,,,,,,,,"",1,55.848,27.248,-16.446,0.729,1,0.975,11.642,6.798,-44.881,-47.825,0.01,90.374,0,"ʚEveɞ",,,,10,""
175,,8,0,3,4,0,0,2,0,0,0,255,255,255,13,6315.497,"인생최패망자",R,3,73,101,0.772,-1.253,0.982,1.082,1.231,0.861,-36.89,89.099,8,49,43,1,"",-430.472,0,-2.765,0,0,2,"=","=","=","=","=","=","=","=","=",0,L,"Ainy4／あいにゃ",190,85,0.512,,53,W,Y,0,,,,,,,,,,,,,,,,,,,,,,,,,,,,,0,0,,,,,,,,,,,,,,,,,,,,,,,,,,,,,,,,,,,,,,0.305,-37.576,-0.1,-17.947,-21.007,-46.595,-14.467,-63.068,19.269,-45.494,13.144,-64.247,47.066,-108.52,-1.926,-114.675,-37.844,-92.788,,,,"",,,,"",,,,"",,,,"",,,,"",,,,"",,,,"",,,,"",,,,6319.464,-0.025,-37.461,,,,,,,,,,,,,,,,,,,,,,,,,,,,,,,,,,,,,,,,,,,,,,,,,,,,"",0,,,,,,,,,,,,,0,"",,,,0,""
176,,8,0,3,4,1,0,2,0,0,0,255,255,255,14,6332.415,"인생최패망자",R,32,91,140,-0.877,-1.222,0.691,1.069,-0.215,1.063,-36.89,44.298,3,19,78,2,"",234.139,-19.133,8.531,0,0,2,"=","=","=","=","=","=","=","=","=",0,L,"Ainy4／あいにゃ",190,85,0.512,0,53,W,Y,1,6333.471,227,26,55,70,4,,137,132,23.489,-29.387,0.053,0.679,-20.236,0.65,0,0.337,382.271,-158.138,182.668,6337.88,64.064,-125.345,,,,,,0,0,,6339.185,6343.689,6348.795,6353.859,,,,,,,,,,,,,,,,,,,,,,,,,,,,,,,,,0.294,-37.223,-0.124,-17.941,-21.152,-46.685,-14.304,-63.548,19.27,-45.46,13.286,-63.942,47.217,-108.842,-0.249,-114.794,-38.694,-94.759,0.28,-37.119,,"sano jpn",-0.159,-17.99,,"ʚEveɞ",-21,-46.593,,"白霜らいふ",-14.305,-63.536,,"P0TA0",19.248,-45.476,,"ibqrqki",13.214,-63.641,,"あおいぬ",47.282,-108.578,,"カズティー",-0.241,-114.791,,"NABIMan",-39.043,-95.67,,,,,,,,,,,,,,,,,,,,,,,,,,,,,,,,,,,,,,,,,,,,,,,,,,,,,,,,"",4,,,,,,,,,,,,,0,"",6343.689,6348.795,,0,""
177,,8,0,3,5,0,0,2,0,0,0,255,255,255,15,6371.96,"인생최패망자",R,32,89,140,1.564,0.625,0.918,1.351,0.375,1.978,-36.89,62.315,10,90,0,2,"",190.384,-43.991,4.74,0,0,3,"=","=","=","=","=","=","=","=","=",2,R,"Floră",190,85,0.404,5,53,W,Y,1,6373.064,95,138,121,67,30,,135,86,31.913,-18.172,0.261,1.226,-19.79,-0.84,0,0.59,203.77,30.136,-170.108,6376.947,22.227,-85.485,6377.239,6,22.161,0.378,-85.274,1,0,,6379.402,,,,,,,,,,,,,,,,,,,,,,,,,,,,,,,,,,,,0.248,-37.331,0.005,-17.898,-21.604,-46.976,-12.11,-64.208,19.295,-45.566,10.056,-65.547,37.912,-96.063,-0.846,-114.802,-43.512,-95.874,0.398,-37.085,,"sano jpn",-0.017,-17.92,,"ʚEveɞ",-21.78,-46.732,,"白霜らいふ",-12.116,-64.205,,"P0TA0",19.29,-45.586,,"ibqrqki",9.561,-65.208,,"あおいぬ",37.541,-96.079,115,"カズティー",-0.835,-114.796,,"NABIMan",-44.603,-97.702,,,,,,,,,,,6380.66,0.355,-59.204,,,,,,,6378.132,22.636,-85.837,,,,,,,,,,,,,,,,,,,,,,,,,6379.459,19.006,-79.76,,,,,,,"",2,-16.747,-16.747,3.201,0,0,1,31.913,31.913,40.915,31.913,0,-21.044,0,"あおいぬ",,,,144,""
178,,9,1,3,5,0,0,0,0,0,0,255,255,255,18,6562.295,"Ainy4／あいにゃ",R,14,88,111,2.356,-0.869,0.35,1.699,0.309,1.535,-36.92,24.46,63,37,0,1,"",364.261,342.511,20.04,0,0,2,"sano jpn","ʚEveɞ","NABIMan","인생최패망자","あおいぬ","カズティー","P0TA0","白霜らいふ","ibqrqki",8,L,"NABIMan",190,85.499,0.48,,52,W,Y,0,,,,,,,,,,,,,,,,,,,,,,,,,,,,,0,0,,,,,,,,,,,,,,,,,,,,,,,,,,,,,,,,,,,,,,-0.048,-37.869,0.234,-17.769,-15.153,-43.161,-12.564,-65.22,22.838,-48.707,12.947,-64.113,48.845,-105.593,-0.35,-114.393,-52.068,-102.314,,,,"",,,,"",,,,"",,,,"",,,,"",,,,"",,,,"",,,,"",,,,,,,,,,,,,,,,,,,,,,,,,,,,,,,,,,,,,,,,,,,,,,,,,,,,,,,,,,"",0,,,,,,,,,,,,,0,"",,,,0,""
179,,9,1,3,5,1,0,0,0,0,0,255,255,255,19,6580.163,"Ainy4／あいにゃ",R,29,82,133,-1.189,-0.995,0.217,1.488,-0.154,0.794,-36.92,21.913,51,49,0,1,"",-250,-200,24.43,0,0,2,"=","=","=","=","=","=","=","=","=",8,L,"NABIMan",190,85.499,0.48,,52,W,Y,0,,,,,,,,,,,,,,,,,,,,,,,,,,,,,0,0,,,,,,,,,,,,,,,,,,,,,,,,,,,,,,,,,,,,,,-0.158,-37.951,-0.348,-17.79,-15.18,-43.204,-12.74,-65.204,22.41,-48.819,12.915,-64.218,47.707,-108.948,0.244,-114.576,-54.434,-102.009,,,,"",,,,"",,,,"",,,,"",,,,"",,,,"",,,,"",,,,"",,,,,,,,,,,,,,,,,,,,,,,,,,,,,,,,,,,,,,,,,,,,,,,,,,,,,,,,,,"",0,,,,,,,,,,,,,0,"",,,,0,""
180,,9,1,3,5,2,0,0,0,0,0,255,255,255,20,6597.345,"Ainy4／あいにゃ",R,26,91,140,-1.355,-0.583,0.216,1.587,-0.16,1.115,-36.92,19.137,51,49,0,2,"",-140.236,-190.468,11.388,0,0,2,"=","=","=","=","=","=","=","=","=",8,L,"NABIMan",190,85.499,0.48,3,52,W,Y,1,6598.377,205,70,91,99,40,,145,100,19.043,-37.29,-0.042,0.84,-20.212,-0.34,0,0.293,260.732,-300.321,159.387,6601.376,50.717,-79.921,6603.247,6,64.133,0.055,-93.809,1,0,,6604.195,,,,,,,,,,,,,,,,,,,,,,,,,,,,,,6608.834,3,,,,,-0.174,-37.786,-0.234,-17.701,-15.085,-43.372,-12.928,-65.06,22.576,-48.828,12.919,-64.227,47.455,-110.447,0.476,-114.603,-54.447,-102.281,0.101,-37.533,,"-라후이-",-0.207,-17.743,,"Floră",-15.002,-43.3,,"낑깡__",-13.041,-65.388,92,"Slaris",22.352,-48.693,,"즉석카레",12.923,-64.132,,"メリニット",47.389,-110.315,106,"아침땅_",0.288,-114.586,,"Kenomo",-54.389,-102.21,,6611.616,0.064,-39.042,,,,,,,6608.181,2.966,-61.367,,,,,,,6604.183,64.214,-94.451,,,,,,,,,,,,,,,,6610.707,-1.413,-56.315,,,,,,,6605.329,55.995,-93.8,,,,,,,"",2,,,,,,,,,,,,,0,"メリニット",,,,84,""
181,,9,1,3,5,0,0,0,1,0,0,8,255,255,21,6628.947,"Ainy4／あいにゃ",R,13,85,124,-1.871,-2.5,0.206,1.451,-0.206,0.593,-36.92,21.665,48,52,0,1,"",-362.181,344.71,-26.786,-0.375,-20.031,3,"=","=","=","=","=","=","=","=","=",0,R,"인생최패망자",175.4,90,0.4,,52,W,Y,0,,,,,,,,,,,,,,,,,,,,,,,,,,,,,0,4,,,,,,6633.009,,,,,,,,,6633.231,2,1,278,1,,,,,,,,,,,,,6632.758,5,,,,,-0.159,-37.816,-0.273,-17.716,-19.821,-40.978,-12.025,-60.166,20.95,-49.218,10.134,-63.487,44.393,-98.631,-0.156,-113.976,-49.748,-100.257,,,,"",,,,"",,,,"",,,,"",,,,"",,,,"",,,,"",,,,"",,,,6637.426,-0.201,-39.018,,,,,,,,,,,,,,,,,,,,,,,,,,,,,,,,,,,,,,,,,,,,,,,,,,,,"",0,,,,,,,,,,,,,0,"",6633.009,,,0,""
182,,9,1,3,5,1,0,1,0,0,0,255,255,255,22,6653.565,"Ainy4／あいにゃ",R,3,81,118,0.099,-0.045,0.429,1.75,0.893,1.572,-36.92,43.469,89,11,0,0,"",-491.677,0,-7.691,0,0,3,"=","=","=","=","=","=","=","=","=",0,R,"인생최패망자",175.4,90,0.4,,79,W,Y,0,,,,,,,,,,,,,,,,,,,,,,,,,,,,,0,0,,,,,,,,,,,,,,,,,,,,,,,,,,,,,,,,,,,,,,-0.174,-37.676,-0.165,-17.756,-16.529,-41.927,-13.018,-65.086,21.695,-48.952,12.121,-64.863,44.335,-100.518,0.038,-113.652,-50.968,-101.498,,,,"",,,,"",,,,"",,,,"",,,,"",,,,"",,,,"",,,,"",,,,6657.261,-0.251,-38.085,,,,,,,,,,,,,,,,,,,,,,,,,,,,,,,,,,,,,,,,,,,,,,,,,,,,"",0,,,,,,,,,,,,,0,"",,,,0,""
183,,9,1,3,5,1,1,1,0,0,0,255,255,255,23,6672.74,"Ainy4／あいにゃ",R,29,83,135,-1.031,-0.536,0.231,1.596,-0.086,1.102,-36.92,23.83,54,46,0,0,"",-250,-185.816,16.853,0,0,3,"=","=","=","=","=","=","=","=","=",0,R,"인생최패망자",175.4,90,0.4,,79,W,Y,0,,,,,,,,,,,,,,,,,,,,,,,,,,,,,0,0,,,,,,,,,,,,,,,,,,,,,,,,,,,,,,,,,,,,,,-0.136,-38.019,-0.228,-17.679,-16.704,-42.163,-13.117,-65.084,21.716,-48.925,12.055,-64.862,44.344,-97.258,-0.896,-113.78,-51.222,-101.888,,,,"",,,,"",,,,"",,,,"",,,,"",,,,"",,,,"",,,,"",,,,6676.483,-0.252,-37.818,,,,,,,,,,,,,,,,,,,,,,,,,,,,,,,,,,,,,,,,,,,,,,,,,,,,"",0,,,,,,,,,,,,,0,"",,,,0,""
184,,9,1,3,5,1,2,1,0,0,0,255,255,255,24,6689.212,"Ainy4／あいにゃ",R,3,87,110,-2.465,-1.482,0.172,1.526,-0.243,1.122,-36.92,13.403,44,56,0,2,"",-433.093,249.861,-21.5,0,0,3,"=","=","=","=","=","=","=","=","=",0,R,"인생최패망자",175.4,90,0.4,0,79,W,Y,1,6690.424,142,67,78,81,95,,141,112,104.89,-65.482,-0.505,0.381,-19.845,0.86,0,0.451,486.749,291.602,-195.048,,,,,,,,,0,0,,,,,,,,,,,,,,,,,,,,,,,,,,,,,,,,,,,,,,-0.104,-37.91,-0.069,-17.697,-16.759,-42.297,-13.114,-65.193,21.843,-48.9,12.162,-64.86,45.051,-97.215,0.094,-114.108,-51.151,-101.805,0.109,-37.261,,"-라후이-",-0.292,-17.806,,"Floră",-16.906,-42.484,,"낑깡__",-13.452,-65.939,,"Slaris",21.42,-49.079,,"즉석카레",12.181,-64.756,,"メリニット",45.055,-97.218,,"아침땅_",-0.331,-113.8,,"Kenomo",-51.194,-101.776,,,,,,,,,,,,,,,,,,,,,,,,,,,,,,,,,,,,,,,,,,,,,,,,,,,,,,,,"",3,,,,,,,,,,,,,0,"",,,,0,""
185,,9,1,3,5,1,2,1,0,0,0,255,255,255,25,6709.505,"Ainy4／あいにゃ",R,29,92,140,-1.057,-1.362,0.222,1.458,-0.13,0.619,-36.92,18.709,50,50,0,2,"",-239.291,-200,10.126,0,0,3,"=","=","=","=","=","=","=","=","=",0,R,"인생최패망자",175.4,90,0.4,5,79,W,Y,1,6710.621,156,62,143,95,37,,145,129,-30,35.834,-0.224,0.448,-19.766,0.64,0,0.366,-436.145,-70.558,181.443,6709.722,-0.628,-20.326,6711.03,2,-13.14,2.973,-40.031,0,0,,,,,,,,,,,,,,,6714.408,3,,147,0,,,,,,,,,,,6713.8,2,,,,,,,-0.125,-37.957,-0.221,-17.583,-16.599,-42.038,-13.394,-64.87,22.355,-50.628,12.35,-65.122,47.187,-98.499,-0.381,-113.436,-50.866,-102.832,0.097,-37.569,,"-라후이-",-0.187,-17.597,,"Floră",-16.658,-42.083,77,"낑깡__",-13.447,-65.147,,"Slaris",22.005,-50.565,,"즉석카레",12.357,-64.997,,"メリニット",47.186,-98.491,,"아침땅_",-2.359,-113.517,,"Kenomo",-50.867,-102.749,,6716.563,-1.27,-38.913,,,,6711.918,-13.834,-40.757,,,,,,,,,,,,,,,,,,,,,,,,,6715.537,-17.865,-38.81,,,,,,,,,,,,,,,,,,,"",2,38.192,38.192,6.907,0,1,0.611,-69.001,-55.691,-8.372,-85.89,0.07,69.73,0,"Floră",,,,12,""
186,,9,1,3,5,0,0,2,0,0,0,255,255,255,26,6732.877,"Ainy4／あいにゃ",R,13,85,109,-2.823,-0.992,0.104,1.636,-0.452,1.401,-36.92,14.682,59,41,0,2,"",-399.926,295.146,-17.088,0,0,4,"=","=","=","=","=","=","=","=","=",6,R,"あおいぬ",190,89.739,0.43,3,52,W,Y,1,6734.076,201,82,69,111,75,,144,86,-30,61.456,-0.469,0.735,-21.163,1,0,0.556,-263.54,426.875,-80.574,6733.218,-2.55,-22.285,,,,,,0,0,,,,,,,,,,,,,,,,,,,,,,,,,,,,,,,,,,,,,,-0.143,-37.937,-0.234,-17.814,-16.481,-41.933,-13.134,-65.166,21.2,-50.459,8.207,-66.479,45.336,-108.47,-0.376,-115.804,-51.586,-100.604,-0.08,-37.268,,"-라후이-",-0.33,-17.823,,"Floră",-16.683,-42.151,,"낑깡__",-13.634,-65.6,,"Slaris",20.683,-50.612,,"즉석카레",8.251,-66.383,,"メリニット",45.346,-108.479,,"아침땅_",-4.515,-115.542,,"Kenomo",-51.599,-100.562,,,,,,,,,,,,,,,,,,,,,,,,,,,,,,,,,,,,,,,,,,,,,,,,,,,,,,,,"",3,,,,,,,,,,,,,0,"",,,,0,""
187,,9,1,3,5,0,1,2,0,0,0,255,255,255,27,6750.696,"Ainy4／あいにゃ",R,10,84,110,-0.639,-1.559,0.159,1.535,-0.282,1.181,-36.92,11.617,63,37,0,1,"",0,400,6.013,-0.156,-18.203,4,"=","=","=","=","=","=","=","=","=",6,R,"あおいぬ",190,89.739,0.43,,52,W,Y,0,,,,,,,,,,,,,,,,,,,,,,,,,,,,,0,0,,,,,,,,,,,,,,,,,,,,,,,,,,,,,,,,,,,,,,-0.162,-37.882,-0.249,-17.801,-16.77,-42.288,-13.154,-65.104,21.79,-50.228,8.879,-65.6,44.75,-105.091,-0.702,-116.993,-50.009,-100.291,,,,"",,,,"",,,,"",,,,"",,,,"",,,,"",,,,"",,,,"",,,,,,,,,,,,,,,,,,,,,,,,,,,,,,,,,,,,,,,,,,,,,,,,,,,,,,,,,,"",0,,,,,,,,,,,,,0,"",,,,0,""
188,,9,1,3,5,1,1,2,0,0,0,255,255,255,28,6789.096,"Ainy4／あいにゃ",R,22,87,118,-1.683,-1.291,0.098,1.434,-0.47,0.964,-36.92,7.407,48,52,0,1,"",-151.145,132.066,-9.839,0,0,4,"=","=","=","=","=","=","=","=","=",6,R,"あおいぬ",190,89.739,0.43,,48,W,Y,0,,,,,,,,,,,,,,,,,,,,,,,,,,,,,0,0,,,,,,,,,,,,,,,,,,,,,,,,,,,,,,,,,,,,,,-0.168,-37.8,-0.22,-17.737,-16.52,-42.053,-13.142,-64.959,21.535,-49.433,8.685,-65.958,45.749,-106.377,-3.078,-116.328,-50.224,-100.891,,,,"",,,,"",,,,"",,,,"",,,,"",,,,"",,,,"",,,,"",,,,,,,,,,,,,,,,,,,,,,,,,,,,,,,,,,,,,,,,,,,,,,,,,,,,,,,,,,"",0,,,,,,,,,,,,,0,"",,,,0,""
189,,9,1,3,5,2,1,2,0,0,0,255,255,255,29,6808.495,"Ainy4／あいにゃ",R,28,97,140,-1.604,-1.513,0.094,1.428,-0.726,0.599,-36.92,9.483,50,50,0,1,"",17.124,-67.229,-0.463,0,0,4,"=","=","=","=","=","=","=","=","=",6,R,"あおいぬ",190,89.739,0.43,,48,W,Y,0,,,,,,,,,,,,,,,,,,,,,,,,,,,,,0,0,,,,,,,,,,,,,,,,,,,,,,,,,,,,,,,,,,,,,,-0.186,-37.846,-0.14,-17.778,-16.554,-42.101,-13.151,-65.095,21.551,-48.79,8.702,-65.963,45.156,-106.249,-1.299,-116.082,-50.694,-100.453,,,,"",,,,"",,,,"",,,,"",,,,"",,,,"",,,,"",,,,"",,,,,,,,,,,,,,,,,,,,,,,,,,,,,,,,,,,,,,,,,,,,,,,,,,,,,,,,,,"",0,,,,,,,,,,,,,0,"",,,,0,""
190,,9,1,3,5,3,1,2,0,0,0,255,255,255,30,6827.37,"Ainy4／あいにゃ",R,29,89,140,1.19,-1.31,0.434,1.431,0.855,0.608,-36.92,27.678,51,49,0,1,"",-247.861,-200,14.04,-0.004,-14.636,4,"=","=","=","=","=","=","=","=","=",6,R,"あおいぬ",190,89.739,0.43,,48,W,Y,0,,,,,,,,,,,,,,,,,,,,,,,,,,,,,0,0,,6837.805,,,,,,,,,,,,,,,,,,,,,,,,,,,,,,,,,,,,-0.058,-37.839,-0.013,-17.459,-16.6,-42.078,-13.071,-64.943,21.284,-49.555,8.813,-65.872,43.393,-110.032,-3.743,-115.009,-50.721,-100.474,,,,"",,,,"",,,,"",,,,"",,,,"",,,,"",,,,"",,,,"",,,,,,,,,,,,,,,,,,,,,,,,,,,,,,,,,,,,,,,,,,,,,,,,,,,,,,,,,,"",5,,,,,,,,,,,,,0,"",,,,0,""
191,,9,1,3,5,0,0,2,1,0,0,6,255,255,31,6852.3,"Ainy4／あいにゃ",R,26,66,106,2.293,0.613,0.433,1.953,1.379,1.708,-36.92,56.572,92,8,0,1,"",-194.197,-198.272,-22.473,0,0,5,"=","=","=","=","=","=","=","=","=",7,R,"カズティー",175.4,84.645,0.33,,52,W,Y,0,,,,,,,,,,,,,,,,,,,,,,,,,,,,,0,0,,,,,,,,,,,,6852.562,,,,,,,,,,,,,,,,,,,,,,,,6854.333,1,-0.148,-37.788,0.338,-17.55,-19.526,-40.681,-13.403,-64.997,21.416,-49.533,9.489,-65.983,44.452,-109.914,-0.122,-112.779,-51.192,-100.38,,,,"",,,,"",,,,"",,,,"",,,,"",,,,"",,,,"",,,,"",,,,,,,,,,,,,,,,,,,,,,,,,,,,,,,,,,,,,,,,,,,,,,,,,,,,,,,,,,"",0,,,,,,,,,,,,,0,"",,,,0,""
192,,9,1,3,5,1,0,2,1,0,0,6,255,255,32,7222.558,"Ainy4／あいにゃ",R,14,71,99,1.438,-0.077,0.217,1.965,-0.103,2.149,-36.92,38.98,89,11,0,0,"",327.107,343.37,-5.226,0,0,5,"=","=","=","=","=","=","=","=","=",7,R,"カズティー",175.4,84.645,0.33,,44,W,Y,0,,,,,,,,,,,,,,,,,,,,,,,,,,,,,0,0,,,,,,,,,,,,7222.756,,,,,,,,,,,,,,,,,,,,,,,,,,-0.168,-37.938,0.229,-17.702,-18.916,-41.233,-13.183,-65.066,21.462,-49.807,10.19,-65.295,45.328,-101.23,-0.316,-112.83,-51.208,-99.287,,,,"",,,,"",,,,"",,,,"",,,,"",,,,"",,,,"",,,,"",,,,,,,,,,,,,,,,,,,,,,,,,,,,,,,,,,,,,,,,,,,,,,,,,,,,,,,,,,"",0,,,,,,,,,,,,,0,"",,,,0,""
193,,9,1,3,5,1,1,2,1,0,0,6,255,255,33,7243.388,"Ainy4／あいにゃ",R,14,71,99,1.634,-0.509,0.241,1.855,-0.029,1.892,-36.92,35.559,95,5,0,2,"",331.599,338.008,3.024,0,0,5,"=","=","=","=","=","=","=","=","=",7,R,"カズティー",175.4,84.645,0.33,3,44,W,Y,1,7244.509,255,147,17,16,15,0.75,61,61,-23.691,-21.947,0.39,0.652,-20.29,-1,0,0.709,-128.701,-506.346,207.437,7243.789,0.918,-21.587,7245.364,0,4.83,0.055,-36.526,0,32,,7250.188,,,,7248.886,,,,,,7243.538,,,7248.43,5,,147,4,,,,,,,,,,,,,,,,,,,-0.122,-37.881,0.471,-17.962,-19.654,-40.575,-13.273,-65.19,21.213,-48.341,11.317,-65.024,44.623,-100.937,-0.451,-112.075,-51.176,-99.29,0.028,-37.785,120,"-라후이-",0.393,-17.957,,"Floră",-17.442,-42.487,,"낑깡__",-13.73,-66.075,,"Slaris",21.173,-47.966,,"즉석카레",10.311,-65.488,,"メリニット",44.62,-100.933,,"아침땅_",-0.501,-111.693,,"Kenomo",-51.17,-99.285,,7246.214,4.844,-36.872,,,,7247.814,-17.837,-39.096,,,,,,,,,,,,,,,,,,,7246.961,0.973,-37.5,,,,,,,,,,,,,,,,,,,,,,,,,"",2,,,,,,,,,,,,,0,"Ainy4／あいにゃ",7248.886,,,12,""
194,END,9,1,3,5,1,1,2,0,1,0,255,6,255,,7313.798,,,,,,,,,,,,,,,,,,,,,,,,,,,,,,,,,,,,,,,,,,,,,,,,,,,,,,,,,,,,,,,,,,,,,,,,,,,,,,,,,,,,,,,,,,,,,,,,,,,,,,,,,,,,,,,,,,,,,,,,,,,,,,,,,,,,,,,,,,,,,,,,,,,,,,,,,,,,,,,,,,,,,,,,,,,,,,,,,,,,,,,,,,,,,,,,,,,,,,,,,,,,,,,,,,,,,,,,,,,,,,,,,,,,,,,,,,,,,,,"{""schemaVersion"":16,""gameTimeZeroUtc"":""2026-09-05T12:19:32.637Z"",""exportedAtUtc"":""2026-09-05T14:21:26.435Z"",""teamNameA"":""RB"",""teamNameB"":""SS""}"
