id,type,inn,half,scoreA,scoreB,ball,strk,out,b1,b2,b3,b1Idx,b2Idx,b3Idx,pCnt,pSec,pName,pHand,pType,pPow,spdK,zoneX,zoneY,startX,startY,targetX,targetY,zDist,pitchAngle,pOver,pSide,pUnder,call,manual,sH,sV,gyro,plx,plz,bIdx,order1Name,order2Name,order3Name,order4Name,order5Name,order6Name,order7Name,order8Name,order9Name,bPos,bZone,bName,bHCm,batLen,batCen,batType,bFps,bOS,bVR,bSwing,hSec,rotS,rotL,shS,lgS,prepS,gripPen,batSpd,ev,ldeg,sdeg,launchPosX,launchPosY,launchPosZ,hPos,buntGrip,handDist,angVeloX,angVeloY,angVeloZ,ltSec,lx,lz,cSec,cPos,cx,cy,cz,1BSafe,tag,cpSec,bTo1Sec,bTo2Sec,bTo3Sec,bToHSec,r1To2Sec,r1To3Sec,r1ToHSec,r2To3Sec,r2ToHSec,r3ToHSec,r1LeaveSec,r2LeaveSec,r3LeaveSec,out1Sec,out1BatterIndex,out1PrevBase,out1Code,out1Ass,out2Sec,out2BatterIndex,out2PrevBase,out2Code,out2Ass,out3Sec,out3BatterIndex,out3PrevBase,out3Code,out3Ass,ball1Sec,ball1Pos,ball2Sec,ball2Pos,ball3Sec,ball3Pos,ballHSec,ballHPos,PitchPPosX,PitchPPosZ,PitchCPosX,PitchCPosZ,Pitch1BPosX,Pitch1BPosZ,Pitch2BPosX,Pitch2BPosZ,Pitch3BPosX,Pitch3BPosZ,PitchSSPosX,PitchSSPosZ,PitchLFPosX,PitchLFPosZ,PitchCFPosX,PitchCFPosZ,PitchRFPosX,PitchRFPosZ,PPosX,PPosY,PThrSpd,CName,CPosX,CPosY,CThrSpd,1BName,1BPosX,1BPosY,1BThrSpd,2BName,2BPosX,2BPosY,2BThrSpd,3BName,3BPosX,3BPosY,3BThrSpd,SSName,SSPosX,SSPosY,SSThrSpd,LFName,LFPosX,LFPosY,LFThrSpd,CFName,CFPosX,CFPosY,CFThrSpd,RFName,RFPosX,RFPosY,RFThrSpd,PGetSec,PGetX,PGetZ,CGetSec,CGetX,CGetZ,1BGetSec,1BGetX,1BGetZ,2BGetSec,2BGetX,2BGetZ,3BGetSec,3BGetX,3BGetZ,SSGetSec,SSGetX,SSGetZ,LFGetSec,LFGetX,LFGetZ,CFGetSec,CFGetX,CFGetZ,RFGetSec,RFGetX,RFGetZ,PThrSec,PThrX,PThrZ,CThrSec,CThrX,CThrZ,1BThrSec,1BThrX,1BThrZ,2BThrSec,2BThrX,2BThrZ,3BThrSec,3BThrX,3BThrZ,SSThrSec,SSThrX,SSThrZ,LFThrSec,LFThrX,LFThrZ,CFThrSec,CFThrX,CFThrZ,RFThrSec,RFThrX,RFThrZ,errPosDelta,result,swPreDeg,swTargetDeg,swApproachDeg,swCorr,swSource,swProximity,swVRawDeg,swVAdjustedDeg,swVMotionDeg,swVClosestDeg,swVYShrink,swGeometryDeg,balk,cPlr,sb2Sec,sb3Sec,sbhSec,ass,remarks
1,,1,1,0,0,0,0,0,0,0,0,255,255,255,0,822.004,"Sabo_10",L,27,87,140,3.439,-0.33,-0.419,1.404,1.516,1.311,-36.636,25.259,0,100,0,1,"",-2.892,-114.933,-10.903,0,0,0,"coder_","눈꽃","甲斐野柊太","소솨소솨","레이나2","Azuner","きりん SR","柴山犬吉","Amellaid",5,R,"coder_",164.3,80,0.2,,104,W,Y,0,,,,,,,,,,,,,,,,,,,,,,,,,,,,,0,0,,,,,,,,,,,,,,,,,,,,,,,,,,,,,,,,,,,,,,-0.205,-37.435,0.229,-18.096,-21.445,-46.172,-12.209,-61.836,20.917,-48.53,8.11,-65.718,39.782,-89.648,-7.247,-105.651,-49.618,-98.398,,,,"",,,,"",,,,"",,,,"",,,,"",,,,"",,,,"",,,,"",,,,,,,,,,,,,,,,,,,,,,,,,,,,,,,,,,,,,,,,,,,,,,,,,,,,,,,,,,"",0,,,,,,,,,,,,,0,"",,,,0,""
2,,1,1,0,0,1,0,0,0,0,0,255,255,255,1,839.059,"Sabo_10",L,32,82,134,-0.488,0.665,-0.731,1.535,0.065,1.801,-36.636,52.479,0,100,0,0,"",-176.644,-154.367,-20.338,0,0,0,"=","=","=","=","=","=","=","=","=",5,R,"coder_",164.3,80,0.2,,104,W,Y,1,,,,,,,,,,,,,,,,,,,,,,,,,,,,,0,0,,,,,,,,,,,,,,,,,,,,,,,,,,,,,,,,,,,,,,-0.241,-37.536,0.126,-17.985,-21.379,-46.238,-12.596,-61.774,21.113,-48.688,8.894,-66.467,38.991,-90.642,-6.702,-110.032,-49.675,-98.445,,,,"",,,,"",,,,"",,,,"",,,,"",,,,"",,,,"",,,,"",,,,,,,,,,,,,,,,,,,,,,,,,,,,,,,,,,,,,,,,,,,,,,,,,,,,,,,,,,"",0,,,,,,,,,,,,,0,"",,,,0,""
3,,1,1,0,0,1,1,0,0,0,0,255,255,255,2,858.426,"Sabo_10",L,32,79,129,-1.244,1.169,-0.809,1.568,-0.277,2.139,-36.636,61.755,0,100,0,2,"",-158.265,-89.061,-10.391,0,0,0,"=","=","=","=","=","=","=","=","=",5,R,"coder_",164.3,80,0.2,5,102,W,Y,1,859.515,163,115,176,113,33,,145,101,27.324,50.152,-0.229,1.213,-20.366,0.91,0,0.363,255.914,190.389,-351.515,864.702,-69.036,-73.496,,,,,,0,0,,,,,863.709,,,,,,,,,,,,,,,,,,,,,,,,,,,,,,,,,-0.25,-37.607,0.175,-18.092,-20.651,-45.448,-11.369,-58.938,20.954,-48.612,7.641,-64.518,39.843,-90.173,-6.358,-108.679,-49.169,-99.224,-0.241,-37.018,,"Megu3568",0.1,-18.16,,"Fresh825",-20.649,-45.436,,"かめかめん",-11.374,-58.911,,"しろくま。",21.027,-48.439,,"schmoneymikey",7.642,-64.509,,"Muna_328",39.833,-90.083,,"うよすま",-6.378,-108.745,,"하루（Haru）",-49.173,-99.233,,,,,,,,,,,,,,,,,,,,,,,,,,,,,,,,,,,,,,,,,,,,,,,,,,,,,,,,"",3,48.6,48.6,17.325,0,2,0.112,87.325,46.61,8.61,87.68,0.062,105.007,0,"",,,,0,""
4,,1,1,0,0,1,2,0,0,0,0,255,255,255,3,882.17,"Sabo_10",L,26,82,133,3.875,-0.229,-0.53,1.436,0.998,1.429,-36.636,34.295,0,100,0,4,"",-30.271,-187.71,-10.628,-0.284,-20.729,0,"=","=","=","=","=","=","=","=","=",5,R,"coder_",164.3,80,0.2,,101,W,Y,1,,,,,,,,,,,,,,,,,,,,,,,,,,,,,0,1,,,,,,,,,,,,,,,884.894,0,,578,0,,,,,,,,,,,,,,,,,884.356,1,-0.213,-37.502,0.254,-18.079,-22.046,-46.252,-12.044,-60.631,20.668,-47.904,7.398,-63.897,32.488,-92.413,-7.317,-109.67,-48.903,-95.96,,,,"",,,,"",,,,"",,,,"",,,,"",,,,"",,,,"",,,,"",,,,,,,,,,,,,,,,,,,,,,,,,,,,,,,,,,,,,,,,,,,,,,,,,,,,,,,,,,"",0,,,,,,,,,,,,,0,"",,,,0,""
5,,1,1,0,0,0,0,1,0,0,0,255,255,255,4,934.37,"Sabo_10",L,5,81,127,0.965,-0.462,-0.693,1.561,0.242,1.366,-36.636,47.913,0,100,0,0,"",148.898,52.789,-14.221,0,0,1,"=","=","=","=","=","=","=","=","=",1,L,"눈꽃",190,85,0.502,,100,W,Y,0,,,,,,,,,,,,,,,,,,,,,,,,,,,,,0,0,,,,,,,,,,,,,,,,,,,,,,,,,,,,,,,,,,,,,,-0.224,-37.683,0.161,-17.814,-19.842,-45.976,-10.911,-61.761,25.093,-49.673,13.903,-63.674,49.849,-90.184,5.182,-119.322,-46.614,-98.925,,,,"",,,,"",,,,"",,,,"",,,,"",,,,"",,,,"",,,,"",,,,,,,,,,,,,,,,,,,,,,,,,,,,,,,,,,,,,,,,,,,,,,,,,,,,,,,,,,"",0,,,,,,,,,,,,,0,"",,,,0,""
6,,1,1,0,0,0,1,1,0,0,0,255,255,255,5,957.045,"Sabo_10",L,3,81,111,0.778,-0.416,-0.812,1.515,-0.207,1.361,-36.636,62.042,0,100,0,0,"",310.52,0,-7.276,0,0,1,"=","=","=","=","=","=","=","=","=",1,L,"눈꽃",190,85,0.502,,100,W,Y,0,,,,,,,,,,,,,,,,,,,,,,,,,,,,,0,0,,,,,,,,,,,,,,,,,,,,,,,,,,,,,,,,,,,,,,-0.272,-37.8,0.296,-17.894,-20.201,-45.514,-12.256,-61.83,25.116,-49.742,13.79,-63.772,47.506,-92.498,-2.044,-115.395,-48.029,-97.182,,,,"",,,,"",,,,"",,,,"",,,,"",,,,"",,,,"",,,,"",,,,,,,,,,,,,,,,,,,,,,,,,,,,,,,,,,,,,,,,,,,,,,,,,,,,,,,,,,"",0,,,,,,,,,,,,,0,"",,,,0,""
7,,1,1,0,0,0,2,1,0,0,0,255,255,255,6,983.145,"Sabo_10",L,3,82,108,1.604,-0.737,-0.779,1.425,-0.104,1.166,-36.636,55.058,0,100,0,4,"",432.578,0,-11.292,0,0,1,"=","=","=","=","=","=","=","=","=",1,L,"눈꽃",190,85,0.502,,100,W,Y,1,,,,,,,,,,,,,,,,,,,,,,,,,,,,,0,2,,,,,,,,,,,,,,,985.898,1,,578,0,,,,,,,,,,,,,,,,,985.369,1,-0.273,-37.761,0.061,-17.712,-19.998,-45.414,-11.896,-61.861,25.09,-49.733,14.484,-63.596,47.527,-92.485,3.765,-113.953,-47.433,-96.367,,,,"",,,,"",,,,"",,,,"",,,,"",,,,"",,,,"",,,,"",,,,,,,,,,,,,,,,,,,,,,,,,,,,,,,,,,,,,,,,,,,,,,,,,,,,,,,,,,"",0,,,,,,,,,,,,,0,"",,,,0,""
8,,1,1,0,0,0,0,2,0,0,0,255,255,255,7,1007.929,"Sabo_10",L,27,83,135,-0.05,0.316,-0.711,1.554,0.159,1.681,-36.636,54.322,0,100,0,2,"",-128.06,-143.792,-16.053,0,0,2,"=","=","=","=","=","=","=","=","=",2,R,"甲斐野柊太",190,80,0.2,5,97,W,Y,1,1009.009,179,85,155,134,38,,145,111,27.498,60.474,0.023,1.092,-19.479,0.9,0,0.159,356.873,203.973,-401.035,,,,,,,,,0,0,,,,,1012.543,,,,,,,,,,,,,,,,,,,,,,,,,,,,,,,,,-0.191,-37.565,0.196,-18.025,-21.315,-45.555,-12.729,-61.087,20.805,-48.077,8.575,-65.932,39.868,-101.033,-10.175,-112.827,-51.761,-95.005,-0.188,-37.184,,"Megu3568",0.155,-18.02,,"Fresh825",-21.25,-45.401,,"かめかめん",-12.727,-61.07,,"しろくま。",20.83,-47.846,,"schmoneymikey",8.325,-65.706,,"Muna_328",39.865,-101.034,,"うよすま",-9.855,-112.741,,"하루（Haru）",-51.628,-95.308,,,,,,,,,,,,,,,,,,,,,,,,,,,,,,,,,,,,,,,,,,,,,,,,,,,,,,,,"",3,62.17,53.789,17.358,0.461,2,0.369,60.923,48.361,38.82,69.166,0.045,114.588,0,"",,,,0,""
9,,1,1,0,0,0,1,2,0,0,0,255,255,255,8,1031.141,"Sabo_10",L,33,88,140,-0.032,0.345,-0.701,1.576,0.207,1.751,-36.636,48.51,0,100,0,0,"",-146.083,-89.11,-12.164,0,0,2,"=","=","=","=","=","=","=","=","=",2,R,"甲斐野柊太",190,80,0.2,,96,W,Y,1,,,,,,,,,,,,,,,,,,,,,,,,,,,,,0,0,,,,,,,,,,,,,,,,,,,,,,,,,,,,,,,,,,,,,,-0.223,-37.532,0.181,-17.829,-22.234,-46.625,-13.032,-62.788,21.736,-48.539,8.576,-66.263,39.169,-99.841,-10.719,-115.088,-51.724,-96.022,,,,"",,,,"",,,,"",,,,"",,,,"",,,,"",,,,"",,,,"",,,,,,,,,,,,,,,,,,,,,,,,,,,,,,,,,,,,,,,,,,,,,,,,,,,,,,,,,,"",0,,,,,,,,,,,,,0,"",,,,0,""
10,,1,1,0,0,0,2,2,0,0,0,255,255,255,9,1052.794,"Sabo_10",L,32,71,110,-11.236,0.68,-1.053,1.427,-4.764,1.759,-36.636,104.411,0,99,1,1,"",-161.62,23.583,-11.354,-3.184,-9.942,2,"=","=","=","=","=","=","=","=","=",2,R,"甲斐野柊太",190,80,0.2,,96,W,Y,0,,,,,,,,,,,,,,,,,,,,,,,,,,,,,0,0,,,,,,,,,,,,,,,,,,,,,,,,,,,,,,,,,,,,,,-0.381,-37.601,-0.32,-17.992,-21.734,-46.338,-13.597,-62.439,21.159,-48.85,8.543,-65.739,39.207,-99.809,-9.323,-112.197,-51.579,-96.447,,,,"",,,,"",,,,"",,,,"",,,,"",,,,"",,,,"",,,,"",,,,,,,,,,,,,,,,,,,,,,,,,,,,,,,,,,,,,,,,,,,,,,,,,,,,,,,,,,"",0,,,,,,,,,,,,,0,"",,,,0,""
11,,1,1,0,0,1,2,2,0,0,0,255,255,255,10,1078.856,"Sabo_10",L,28,83,134,3.26,0.07,-0.434,1.522,1.446,1.582,-36.636,30.809,0,100,0,2,"",-8.636,-81.902,-9.187,0,0,2,"=","=","=","=","=","=","=","=","=",2,R,"甲斐野柊太",190,80,0.2,5,96,W,Y,1,1079.929,157,93,126,110,36,,145,89,102.641,-40.619,0.646,1.007,-19.745,-0.99,0,0.284,357.646,279.224,-187.54,1086.49,-10.539,2.305,,,,,,0,0,,,,,1085.311,,,,,,,,,,,,,,,,,,,,,,,,,,,,,,,,,-0.209,-37.565,0.204,-17.885,-21.101,-45.998,-12.693,-61.925,20.362,-48.026,8.97,-66.624,39.202,-99.84,-8.715,-109.147,-50.541,-94.304,-0.368,-37.031,,"Megu3568",0.193,-18.135,,"Fresh825",-20.957,-45.86,,"かめかめん",-12.664,-61.847,,"しろくま。",20.09,-48.06,,"schmoneymikey",8.969,-66.652,,"Muna_328",39.204,-99.84,,"うよすま",-8.693,-109.066,,"하루（Haru）",-50.537,-94.311,,,,,,,,,,,,,,,,,,,,,,,,,,,,,,,,,,,,,,,,,,,,,,,,,,,,,,,,"",3,-156.555,-44.255,-3.246,1,1,0.751,77.359,77.359,-3.714,61.575,0,173.444,0,"",,,,0,""
12,,1,1,0,0,1,2,2,0,0,0,255,255,255,11,1127.993,"Sabo_10",L,32,70,109,-5.463,0.347,-0.943,1.541,-2.011,1.858,-36.636,94.134,0,100,0,1,"",-181.737,10.933,-9,0,0,2,"=","=","=","=","=","=","=","=","=",2,R,"甲斐野柊太",190,80,0.2,,94,W,Y,0,,,,,,,,,,,,,,,,,,,,,,,,,,,,,0,0,,,,,,,,,,,,,,,,,,,,,,,,,,,,,,,,,,,,,,-0.3,-37.545,-0.227,-17.891,-20.933,-46.132,-12.798,-61.364,21.631,-49.717,8.926,-65.967,38.612,-99.627,-7.408,-110.477,-52.09,-95.875,,,,"",,,,"",,,,"",,,,"",,,,"",,,,"",,,,"",,,,"",,,,,,,,,,,,,,,,,,,,,,,,,,,,,,,,,,,,,,,,,,,,,,,,,,,,,,,,,,"",0,,,,,,,,,,,,,0,"",,,,0,""
13,,1,1,0,0,2,2,2,0,0,0,255,255,255,12,1147.728,"Sabo_10",L,32,79,129,0.201,0.579,-0.672,1.594,0.34,1.853,-36.636,52.983,0,100,0,2,"",-153.868,-126.657,-14.767,0,0,2,"=","=","=","=","=","=","=","=","=",2,R,"甲斐野柊太",190,80,0.2,5,94,W,Y,1,1148.837,95,83,142,74,34,,135,117,25.354,63.691,0.061,1.201,-19.637,0.77,0,0.086,288.406,38.43,-491.652,,,,,,,,,0,0,,,,,,,,,,,,,,,,,,,,,,,,,,,,,,,,,,,,,,-0.202,-37.584,0.134,-17.862,-21.433,-47.079,-12.221,-61.215,21.717,-50.049,8.645,-66.093,38.596,-99.643,-7.592,-111.157,-51.224,-96.699,-0.285,-37.547,,"Megu3568",0.003,-17.989,,"Fresh825",-21.348,-46.947,,"かめかめん",-12.235,-61.205,,"しろくま。",21.671,-49.775,,"schmoneymikey",8.627,-66,,"Muna_328",38.587,-99.63,,"うよすま",-7.577,-111.093,,"하루（Haru）",-51.218,-96.696,,,,,,,,,,,,,,,,,,,,,,,,,,,,,,,,,,,,,,,,,,,,,,,,,,,,,,,,"",3,81.397,55.185,12.75,0.75,1,0.87,45.167,29.483,50.454,64.942,0.032,117.253,0,"",,,,0,""
14,,1,1,0,0,2,2,2,0,0,0,255,255,255,13,1170.961,"Sabo_10",L,0,0,0,0,0,0,0,0,0,0,0,0,0,0,0,"",0,0,0,0,0,2,"=","=","=","=","=","=","=","=","=",2,R,"甲斐野柊太",190,80,0.2,,92,W,Y,0,,,,,,,,,,,,,,,,,,,,,,,,,,,,,0,0,,,,,,,,,,,,,,,,,,,,,,,,,,,,,,,,,,,,,,0.358,-36.834,0.229,-17.877,-21.554,-46.514,-12.198,-62.09,21.86,-50.28,8.992,-66.396,36.645,-99.25,-8.07,-108.685,-51.115,-95.792,,,,"",,,,"",,,,"",,,,"",,,,"",,,,"",,,,"",,,,"",,,,,,,,,,,,,,,,,,,,,,,,,,,,,,,,,,,,,,,,,,,,,,,,,,,,,,,,,,"",0,,,,,,,,,,,,,0,"",,,,0,""
15,,1,1,0,0,3,2,2,0,0,0,255,255,255,15,1196.636,"Sabo_10",L,33,85,137,-1.241,0.746,-0.817,1.564,-0.333,2.023,-36.636,49.247,0,100,0,2,"",-130.45,-67.566,-11.543,0,0,2,"=","=","=","=","=","=","=","=","=",2,R,"甲斐野柊太",190,80,0.2,5,92,W,Y,1,1197.716,125,51,114,101,29,,138,106,13.123,67.361,-0.208,1.267,-19.559,0.9,0,0.085,241.857,81.917,-341.875,1201.698,-77.861,-50.588,,,,,,0,0,,,,,,,,,,,,,,,,,,,,,,,,,,,,,,,,,,,,,,-0.33,-37.712,0.139,-17.791,-21.644,-46.673,-12.617,-61.749,21.664,-50.249,8.979,-66.701,37.452,-100.048,-9.259,-111.049,-51.701,-96.317,-0.041,-37.272,,"Megu3568",-0.146,-18.059,,"Fresh825",-21.534,-46.482,,"かめかめん",-12.619,-61.72,,"しろくま。",21.522,-50.098,,"schmoneymikey",8.709,-66.386,,"Muna_328",37.452,-100.043,,"うよすま",-9.268,-111.054,,"하루（Haru）",-51.709,-96.328,,,,,,,,,,,,,,,,,,,,,,,,,,,,,,,,,,,,,,,,,,,,,,,,,,,,,,,,"",3,77.056,60.379,20.005,0.684,2,0.698,13.123,13.123,24.641,16.294,0.01,108.893,0,"",,,,0,""
16,,1,1,0,0,3,2,2,0,0,0,255,255,255,16,1216.915,"Sabo_10",L,32,85,138,-0.022,0.948,-0.719,1.569,0.301,2.125,-36.636,50.727,0,100,0,2,"",-208.011,-95.821,-16.824,0,0,2,"=","=","=","=","=","=","=","=","=",2,R,"甲斐野柊太",190,80,0.2,0,91,W,Y,1,1218.024,229,29,73,37,11,,137,87,25.022,-49.012,0.041,1.322,-18.805,1,0,0.207,-101.299,283.896,8.156,1221.29,42.293,-59.556,,,,,,0,0,,,,,,,,,,,,,,,,,,,,,,,,,,,,,,,,,,,,,,-0.234,-37.555,0.131,-17.753,-21.702,-46.679,-12.574,-61.7,21.57,-49.614,8.853,-65.827,36.525,-98.25,-8.578,-113.046,-51.717,-94.817,-0.111,-37.476,,"Megu3568",-0.031,-17.935,,"Fresh825",-21.521,-46.532,,"かめかめん",-12.627,-61.66,,"しろくま。",21.427,-49.353,,"schmoneymikey",8.595,-65.704,,"Muna_328",36.527,-98.255,,"うよすま",-8.217,-112.979,,"하루（Haru）",-51.724,-94.832,,,,,,,,,,,,,,,,,,,,,,,,,,,,,,,,,,,,,,,,,,,,,,,,,,,,,,,,"",3,,,,,,,,,,,,,0,"",,,,0,""
17,,1,1,0,0,3,2,2,0,0,0,255,255,255,17,1237.695,"Sabo_10",L,10,80,107,2.437,-0.959,-0.714,1.487,0.095,1.733,-36.636,49.171,0,100,0,2,"",148.624,400,-17.14,0,0,2,"=","=","=","=","=","=","=","=","=",2,R,"甲斐野柊太",190,80,0.2,0,29,W,Y,1,1238.884,166,65,44,79,44,,130,121,20.732,35.208,0.011,0.803,-19.896,0.25,0,0.231,-42.515,154.691,-155.654,,,,1243.631,8,-59.43,2.187,-99.501,0,0,,1244.567,,,,,,,,,,,,,1243.488,2,,457,0,,,,,,,,,,,,,,,,,,,-0.224,-37.484,0.13,-17.88,-22.064,-46.856,-12.244,-61.844,23.552,-51.264,8.95,-66.37,42.902,-97.436,-7.747,-112.192,-50.05,-95.648,-0.375,-37.184,,"Megu3568",0.102,-18.122,,"Fresh825",-22.144,-46.57,,"かめかめん",-12.289,-61.816,,"しろくま。",23.243,-50.957,,"schmoneymikey",8.939,-66.352,,"Muna_328",40.759,-98.482,,"うよすま",-8.115,-111.739,,"하루（Haru）",-50.051,-95.647,93,,,,,,,,,,,,,,,,,,,,,,,,,1243.506,-60.171,-100.368,,,,,,,,,,,,,,,,,,,,,,,,,1245.39,-54.575,-95.467,"",1,,,,,,,,,,,,,0,"하루（Haru）",,,,8,""
18,SIDE,1,1,0,0,0,0,2,0,0,0,255,255,255,,1245.667,,,,,,,,,,,,,,,,,,,,,,,,3,"=","=","=","=","=","=","=","=","=",,,,,,,,,,,,,,,,,,,,,,,,,,,,,,,,,,,,,,,0,0,,,,,,,,,,,,,,,,,,,,,,,,,,,,,,,,,,,,,,,,,,,,,,,,,,,,,,,,,,,,,,,,,,,,,,,,,,,,,,,,,,,,,,,,,,,,,,,,,,,,,,,,,,,,,,,,,,,,,,,,,,,,,,,,,,,,,,,,,,,,,,,,,"",0,,,,,,,,,,,,,0,"",,,,0,""
19,,1,0,0,0,0,0,0,0,0,0,255,255,255,0,1388.422,"소솨소솨",R,27,88,140,0.464,-0.181,0.221,1.572,0.098,1.392,-36.543,8.143,55,45,0,0,"",72.145,-121.574,0,0,0,0,"しろくま。","Megu3568","Sabo_10","하루（Haru）","Muna_328","かめかめん","Fresh825","schmoneymikey","うよすま",4,R,"しろくま。",189.3,96,0.304,,88,W,Y,0,,,,,,,,,,,,,,,,,,,,,,,,,,,,,0,0,,,,,,,,,,,,,,,,,,,,,,,,,,,,,,,,,,,,,,-0.002,-37.287,-0.062,-17.862,-18.296,-43.728,-15.252,-63.374,20.815,-49.462,9.504,-66.716,47.118,-106.554,-3.371,-118.763,-49.678,-96.819,,,,"",,,,"",,,,"",,,,"",,,,"",,,,"",,,,"",,,,"",,,,,,,,,,,,,,,,,,,,,,,,,,,,,,,,,,,,,,,,,,,,,,,,,,,,,,,,,,"",0,,,,,,,,,,,,,0,"",,,,0,""
20,,1,0,0,0,0,1,0,0,0,0,255,255,255,1,1402.871,"소솨소솨",R,33,86,139,0.194,0.846,0.181,1.783,-0.09,2.08,-36.543,11.916,43,57,0,0,"",124.199,-66.278,0,0,0,0,"=","=","=","=","=","=","=","=","=",4,R,"しろくま。",189.3,96,0.304,,88,W,Y,1,,,,,,,,,,,,,,,,,,,,,,,,,,,,,0,0,,,,,,,,,,,,,,,,,,,,,,,,,,,,,,,,,,,,,,-0.052,-37.317,-0.049,-17.846,-18.391,-43.755,-15.729,-63.031,20.955,-49.215,9.316,-66.856,47.447,-106.969,-3.461,-118.925,-49.684,-96.817,,,,"",,,,"",,,,"",,,,"",,,,"",,,,"",,,,"",,,,"",,,,,,,,,,,,,,,,,,,,,,,,,,,,,,,,,,,,,,,,,,,,,,,,,,,,,,,,,,"",0,,,,,,,,,,,,,0,"",,,,0,""
21,,1,0,0,0,0,2,0,0,0,0,255,255,255,2,1422.978,"소솨소솨",R,3,70,111,-3.142,-0.439,0.072,1.558,-0.595,1.345,-36.543,5.579,0,100,0,4,"",-427.566,0,0,0,0,0,"=","=","=","=","=","=","=","=","=",4,R,"しろくま。",189.3,96,0.304,,87,W,Y,1,,,,,,,,,,,,,,,,,,,,,,,,,,,,,0,0,,,,,,,,,,,,,,,1425.657,0,,578,0,,,,,,,,,,,,,,,,,,,-0.047,-37.292,-0.048,-17.896,-18.429,-43.484,-15.707,-63.065,20.393,-50.441,9.266,-66.836,47.748,-106.422,-1.48,-115.195,-49.664,-96.804,,,,"",,,,"",,,,"",,,,"",,,,"",,,,"",,,,"",,,,"",,,,,,,,,,,,,,,,,,,,,,,,,,,,,,,,,,,,,,,,,,,,,,,,,,,,,,,,,,"",0,,,,,,,,,,,,,0,"",,,,0,""
22,,1,0,0,0,0,0,1,0,0,0,255,255,255,3,1446.721,"소솨소솨",R,33,83,135,1.753,1.567,0.329,1.908,0.6,2.482,-36.543,26.11,85,15,0,1,"",125.714,-121.665,0,0,0,1,"=","=","=","=","=","=","=","=","=",1,R,"Megu3568",190,88.251,0.405,,77,W,Y,0,,,,,,,,,,,,,,,,,,,,,,,,,,,,,0,0,,,,,,,,,,,,,,,,,,,,,,,,,,,,,,,,,,,,,,-0.045,-37.423,-0.099,-17.839,-18.031,-43.844,-15.728,-63.124,20.428,-50.513,8.761,-66.969,47.815,-106.665,-4.594,-113.557,-49.77,-96.777,,,,"",,,,"",,,,"",,,,"",,,,"",,,,"",,,,"",,,,"",,,,,,,,,,,,,,,,,,,,,,,,,,,,,,,,,,,,,,,,,,,,,,,,,,,,,,,,,,"",0,,,,,,,,,,,,,0,"",,,,0,""
23,,1,0,0,0,1,0,1,0,0,0,255,255,255,4,1462.394,"소솨소솨",R,27,87,140,0.649,0.406,0.231,1.69,0.142,1.774,-36.543,10.158,52,48,0,2,"",99.323,-105.222,0,0,0,1,"=","=","=","=","=","=","=","=","=",1,R,"Megu3568",190,88.251,0.405,5,77,W,Y,1,1463.513,200,113,204,108,35,,145,102,-23.938,44.937,0.12,1.135,-19.685,0.98,0,0.396,-104.71,46.687,100.223,1463.619,-1.559,-21.366,1465.265,2,-19.858,1.17,-39.682,0,0,,,,,,,,,,,,,,,,,,,,,,,,,,,,,,1466.027,2,,,,,,,-0.004,-37.43,-0.091,-17.857,-18.429,-43.938,-15.724,-63.084,20.556,-50.645,9.472,-66.602,47.919,-106.423,-6.745,-115.961,-49.758,-96.78,-0.245,-37.592,,"눈꽃",-0.099,-17.86,,"甲斐野柊太",-18.219,-43.643,86,"柴山犬吉",-15.629,-63.052,,"きりん SR",20.428,-50.552,,"coder_",9.496,-67.034,,"Azuner",47.489,-105.302,,"Amellaid",-6.756,-115.949,,"레이나2",-49.748,-96.771,,1469.644,-0.892,-38.175,,,,1465.088,-20.723,-40.227,,,,,,,,,,,,,,,,,,,,,,,,,1468.613,-18.133,-39.694,,,,,,,,,,,,,,,,,,,"",3,44.963,43.181,5.339,0,1,0.487,-42.924,-27.622,-45.698,-43.595,0.036,110.321,0,"甲斐野柊太",,,,12,""
24,,1,0,0,0,1,1,1,0,0,0,255,255,255,5,1486.545,"소솨소솨",R,3,73,113,-1.796,0.046,0.205,1.65,0.022,1.646,-36.543,11.371,0,100,0,2,"",-457.166,0,0,0,0,1,"=","=","=","=","=","=","=","=","=",1,R,"Megu3568",190,88.251,0.405,5,78,W,Y,1,1487.855,255,90,129,86,46,,145,131,-15.361,50.955,-0.383,0.999,-19.949,0.64,0,0.416,390.573,311.937,-15.247,1487.881,-3.004,-22.068,,,,,,0,0,,,,,,,,,,,,,,,,,,,,,,,,,,,,,,,,,,,,,,-0.011,-37.444,-0.082,-17.847,-18.228,-42.63,-16.393,-62.905,20.846,-50.468,8.465,-67.078,43.148,-101.702,-5.089,-115.056,-50.196,-95.419,-0.032,-37.224,,"눈꽃",-0.289,-17.857,,"甲斐野柊太",-18.416,-42.263,,"柴山犬吉",-16.415,-62.783,,"きりん SR",20.706,-50.323,,"coder_",7.977,-69.034,,"Azuner",43.14,-101.687,,"Amellaid",-5.093,-115.052,,"레이나2",-50.474,-95.182,,,,,,,,,,,,,,,,,,,,,,,,,,,,,,,,,,,,,,,,,,,,,,,,,,,,,,,,"",3,55.17,55.17,14.796,0,0,1,-19.332,-19.332,-38.591,-19.332,0,66.599,0,"",,,,0,""
25,,1,0,0,0,1,2,1,0,0,0,255,255,255,6,1506.962,"소솨소솨",R,33,85,138,2.082,0.578,0.351,1.729,0.704,1.902,-36.543,31.708,41,59,0,2,"",140.168,-79.504,0,0,0,1,"=","=","=","=","=","=","=","=","=",1,R,"Megu3568",190,88.251,0.405,5,78,W,Y,1,1508.17,198,71,151,102,26,,145,89,106.981,-28.815,0.385,1.202,-19.871,-1,0,0.354,6.636,-4.95,-9.256,,,,,,,,,0,0,,,,,,,,,,,,,,,,,,,,,,,,,,,,,,,,,,,,,,-0.131,-37.255,-0.182,-17.989,-19.046,-43.619,-16.029,-63.163,20.016,-50.235,9.578,-66.243,42.786,-101.496,-3.672,-116.848,-50.029,-95.921,0.424,-37.507,,"눈꽃",-0.188,-18,,"甲斐野柊太",-18.755,-43.223,,"柴山犬吉",-15.966,-63.086,,"きりん SR",19.879,-50.12,,"coder_",9.631,-66.146,,"Azuner",42.783,-101.495,,"Amellaid",-7.61,-117.275,,"레이나2",-50.025,-95.914,,,,,,,,,,,,,,,,,,,,,,,,,,,,,,,,,,,,,,,,,,,,,,,,,,,,,,,,"",3,-29.479,-29.479,8.687,0,0,1,73.02,73.02,15.073,73.02,0,-83.495,0,"",,,,0,""
26,,1,0,0,0,1,2,1,0,0,0,255,255,255,7,1527.361,"소솨소솨",R,33,85,138,-0.428,-0.05,0.127,1.614,-0.342,1.529,-36.543,20.907,33,67,0,2,"",110.101,-56.001,0,0,0,1,"=","=","=","=","=","=","=","=","=",1,R,"Megu3568",190,88.251,0.405,5,78,W,Y,1,1528.538,215,66,129,97,31,,145,100,-16.143,66.817,-0.082,0.966,-19.862,-0.49,0,0.51,92.259,83.327,-130.99,1528.631,-2.883,-21.06,,,,,,0,0,,,,,,,,,,,,,,,,,,,,,,,,,,,,,,,,,,,,,,-0.223,-37.402,-0.058,-17.821,-19.014,-43.879,-16.507,-62.814,20.482,-49.124,9.658,-66.357,42.904,-101.695,-8.292,-116.332,-50.197,-96.02,0.15,-37.471,,"눈꽃",-0.073,-17.81,,"甲斐野柊太",-18.917,-43.855,,"柴山犬吉",-16.492,-62.72,,"きりん SR",20.431,-48.981,,"coder_",9.735,-67.808,,"Azuner",42.867,-101.689,,"Amellaid",-8.208,-116.33,,"레이나2",-50.192,-95.999,,,,,,,,,,,,,,,,,,,,,,,,,,,,,,,,,,,,,,,,,,,,,,,,,,,,,,,,"",3,78.362,62.458,20.371,0.704,0,1,-16.143,-16.143,-36.964,-16.143,0,99.313,0,"",,,,0,""
27,,1,0,0,0,1,2,1,0,0,0,255,255,255,8,1548.849,"소솨소솨",R,3,71,113,-4.707,-0.425,-0.082,1.559,-1.312,1.351,-36.543,6.984,0,100,0,1,"",-415.71,0,0,0,0,1,"=","=","=","=","=","=","=","=","=",1,R,"Megu3568",190,88.251,0.405,,78,W,Y,0,,,,,,,,,,,,,,,,,,,,,,,,,,,,,0,0,,,,,,,,,,,,,,,,,,,,,,,,,,,,,,,,,,,,,,-0.093,-37.337,-0.343,-17.816,-18.787,-43.043,-16.311,-62.886,19.805,-48.392,9.164,-66.925,42.891,-101.651,-5.893,-113.7,-50.252,-96.197,,,,"",,,,"",,,,"",,,,"",,,,"",,,,"",,,,"",,,,"",,,,,,,,,,,,,,,,,,,,,,,,,,,,,,,,,,,,,,,,,,,,,,,,,,,,,,,,,,"",0,,,,,,,,,,,,,0,"",,,,0,""
28,,1,0,0,0,2,2,1,0,0,0,255,255,255,9,1568.231,"소솨소솨",R,33,87,140,4.813,1.357,0.341,1.57,0.655,1.386,-36.543,19.944,48,52,0,2,"",125.39,-113.547,0,0,0,1,"=","=","=","=","=","=","=","=","=",1,R,"Megu3568",190,88.251,0.405,0,78,W,Y,1,1569.377,255,64,130,104,39,,145,92,-6.481,21.842,0.34,0.874,-20.116,-1,0,0.387,-56.431,505.989,-32.818,1569.594,-2.084,-26.002,1571.594,3,-13.598,0.059,-56.128,0,0,,1575.288,,,,,,,,,,,,,1573.762,1,,147,128,,,,,,,,,,,,,,,,,,,-0.022,-37.317,-0.056,-17.815,-18.368,-43.65,-16.307,-63.022,19.241,-49.147,9.399,-66.623,42.891,-101.699,-5.901,-116.277,-50.243,-96.16,0.416,-37.659,,"눈꽃",-0.053,-17.827,,"甲斐野柊太",-18.059,-43.864,,"柴山犬吉",-16.189,-62.916,103,"きりん SR",19.24,-49.148,,"coder_",9.723,-67.702,,"Azuner",42.883,-101.683,,"Amellaid",-3.282,-119.361,,"레이나2",-50.254,-96.112,,1577.025,-5.247,-40.168,,,,1573.064,-18.994,-40.294,1571.527,-13.992,-56.838,,,,,,,,,,,,,,,,,,,,,,,,,1572.331,-14.638,-52.537,,,,,,,,,,,,,,,,"",2,,,,,,,,,,,,,0,"柴山犬吉",,,,140,""
29,,1,0,0,0,0,0,2,0,0,0,255,255,255,10,1596.168,"소솨소솨",R,34,81,132,-1.027,0.833,0.073,1.773,-0.593,2.053,-36.543,12.507,40,60,0,2,"",98.687,-65.364,0,0,0,2,"=","=","=","=","=","=","=","=","=",0,L,"Sabo_10",185.3,90,0.502,0,84,W,Y,1,1597.113,130,119,120,117,38,,140,105,14.137,-8.113,-0.187,1.312,-20.682,-0.09,0,0.428,132.372,-23.079,13.243,1600.565,10.891,-96.447,1601.335,7,11.664,0.492,-101.491,1,0,,1602.739,,,,,,,,,,,,,,,,,,,,,,,,,,,,,,,,,,,,-0.167,-37.364,-0.041,-17.842,-18.577,-43.828,-12.269,-65.146,21.435,-48.478,13.289,-65.037,48.114,-102.479,0.062,-115.543,-40.173,-96.858,0.102,-37.553,,"눈꽃",-0.073,-17.808,,"甲斐野柊太",-18.567,-43.823,,"柴山犬吉",-12.981,-64.171,,"きりん SR",21.298,-48.326,,"coder_",13.469,-65.28,85,"Azuner",48.128,-102.476,,"Amellaid",-0.076,-115.496,95,"레이나2",-40.212,-96.94,,1608.351,0.19,-38.396,,,,,,,,,,,,,1603.606,3.287,-69.69,,,,1601.268,11.736,-102.731,,,,,,,,,,,,,,,,,,,1606.758,4.907,-65.199,,,,1602.146,10.292,-97.126,,,,"",2,,,,,,,,,,,,,0,"Amellaid",,,,265,""
30,,1,0,0,0,0,0,2,1,0,0,10,255,255,11,1622.849,"소솨소솨",R,34,90,140,-0.406,-0.32,0.136,1.562,-0.297,1.337,-36.543,10.579,38,62,0,0,"",99.202,-86.064,0,0,0,3,"=","=","=","=","=","=","=","=","=",8,L,"하루（Haru）",174.7,85,0.354,,84,W,Y,0,,,,,,,,,,,,,,,,,,,,,,,,,,,,,0,0,,,,,,,,,,,,1636.912,,,,,,,,,,,,,,,,,,,,,,,,,,-0.093,-37.225,-0.055,-17.84,-19.638,-40.471,-9.951,-63.07,21.78,-49.04,13.282,-65.187,44.537,-98.29,-0.243,-114.942,-43.519,-99.461,,,,"",,,,"",,,,"",,,,"",,,,"",,,,"",,,,"",,,,"",,,,1626.947,-0.067,-37.405,,,,,,,,,,,,,,,,,,,,,,,,,,,,,,,,,,,,,,,,,,,,,,,,,,,,"",0,,,,,,,,,,,,,0,"",,,,0,""
31,,1,0,0,0,0,1,2,1,0,0,10,255,255,12,1638.878,"소솨소솨",R,33,87,140,0.153,0.584,0.175,1.71,-0.118,1.856,-36.543,13.205,40,60,0,2,"",133.259,-87.486,0,0,0,3,"=","=","=","=","=","=","=","=","=",8,L,"하루（Haru）",174.7,85,0.354,5,84,W,Y,1,1640.03,230,125,87,37,34,,142,99,26.189,-65.912,0.029,1.068,-19.438,0.94,0,0.152,258.384,-206.467,226.429,1644.986,79.477,-50.375,,,,,,0,0,,,,,,,,,,,,1661.107,,,,,,,,,,,,,,,,,,,,,,,,,,-0.087,-37.254,-0.055,-17.822,-19.358,-40.755,-8.959,-63.108,21.671,-49.407,13.878,-64.759,44.22,-97.762,-0.167,-110.53,-43.373,-99.211,-0.019,-37.232,,"눈꽃",-0.086,-17.837,,"甲斐野柊太",-15.922,-42.728,,"柴山犬吉",-8.922,-63.51,,"きりん SR",21.498,-49.235,,"coder_",13.76,-64.814,,"Azuner",44.237,-97.774,,"Amellaid",0.192,-111.414,,"레이나2",-43.261,-99.035,,,,,,,,,,,,,,,,,,,,,,,,,,,,,,,,,,,,,,,,,,,,,,,,,,,,,,,,"",3,-71.224,-62.159,-23.839,0.596,2,0.527,52.999,37.813,54.127,65.387,0.039,-92.409,0,"",,,,0,""
32,,1,0,0,0,0,2,2,1,0,0,10,255,255,13,1662.779,"소솨소솨",R,3,70,112,3.17,0.241,0.647,1.679,2.077,1.748,-36.543,35.696,0,100,0,1,"",-399.962,0,0,0,0,3,"=","=","=","=","=","=","=","=","=",8,L,"하루（Haru）",174.7,85,0.354,,84,W,Y,0,,,,,,,,,,,,,,,,,,,,,,,,,,,,,0,0,,,,,,,,,,,,1675.41,,,,,,,,,,,,,,,,,,,,,,,,,,0.129,-37.346,-0.069,-17.843,-19.275,-40.876,-9.414,-63.594,22.696,-49.916,14.383,-63.859,44.916,-98.488,-1.09,-116.294,-42.169,-99.84,,,,"",,,,"",,,,"",,,,"",,,,"",,,,"",,,,"",,,,"",,,,,,,,,,,,,,,,,,,,,,,,,,,,,,,,,,,,,,,,,,,,,,,,,,,,,,,,,,"",0,,,,,,,,,,,,,0,"",,,,0,""
33,,1,0,0,0,1,2,2,1,0,0,10,255,255,14,1679.827,"소솨소솨",R,3,68,114,0.497,-0.012,0.351,1.637,0.702,1.599,-36.543,16.186,0,100,0,2,"",-284.301,0,0,0,0,3,"=","=","=","=","=","=","=","=","=",8,L,"하루（Haru）",174.7,85,0.354,5,84,W,Y,1,1681.009,162,164,110,69,27,,145,129,16.351,-31.882,0.075,0.901,-20.026,0.36,0,0.197,88.742,-78.183,19,1685.706,56.124,-110.807,1686.315,6,54.509,0.32,-110.255,1,0,,1686.609,1691.074,,,1685.991,1690.86,,,,,,,,,,,,,,,,,,,,,,,,,,,1692.449,4,,,0.087,-37.476,-0.068,-17.848,-18.871,-40.69,-10.462,-64.132,22.557,-49.931,14.679,-64.339,44.91,-98.486,0.095,-116.586,-42.212,-99.845,0.077,-37.716,,"눈꽃",-0.061,-17.84,,"甲斐野柊太",-15.122,-42.483,,"柴山犬吉",-10.237,-64.078,,"きりん SR",22.63,-49.833,,"coder_",14.579,-63.967,,"Azuner",44.909,-98.491,105,"Amellaid",0.095,-116.586,,"레이나2",-42.209,-99.836,,1789.573,0.208,-37.894,,,,,,,,,,1690.549,22.251,-45.554,,,,1686.303,54.85,-110.206,,,,,,,,,,,,,,,,,,,,,,,,,1687.423,49.29,-105.851,,,,,,,"",2,-29.836,-29.836,-19.03,0,1,0.506,27.487,16.351,37.276,29.044,0.029,-21.52,0,"Azuner",1685.991,1690.86,,104,""
34,,1,0,0,0,0,0,2,0,1,1,255,18,10,15,1795.007,"소솨소솨",R,27,82,133,0.188,-0.267,0.206,1.607,0.026,1.493,-36.543,6.921,52,48,0,2,"",61.453,-107.429,0,0,0,4,"=","=","=","=","=","=","=","=","=",6,R,"Muna_328",175,107,0.503,0,81,W,Y,1,1796.118,101,50,137,0,19,,133,98,-22.346,2.095,0.032,0.837,-20.423,0.02,0,0.659,-561.806,62.404,-169.735,1796.24,-0.037,-22.272,1797.148,0,-0.533,1.107,-35.312,0,0,,,,,,,,,1800.507,,,,,,1799.924,4,,147,8,,,,,,,,,,,,,,,,,,,0.011,-37.279,-0.05,-17.786,-18.626,-43.74,-15.767,-63.22,20.626,-43.075,9.737,-66.707,45.412,-97.611,-4.24,-110.906,-48.021,-94.656,-0.233,-37.48,102,"눈꽃",-0.064,-17.799,,"甲斐野柊太",-18.419,-43.722,,"柴山犬吉",-15.665,-63.198,,"きりん SR",18.449,-47.171,,"coder_",9.925,-67.774,,"Azuner",45.492,-98.115,,"Amellaid",-4.224,-110.892,,"레이나2",-48.015,-94.649,,1797.068,-0.651,-35.867,,,,1799.229,-18.794,-39.316,,,,,,,,,,,,,,,,,,,1798.404,-5.334,-36.834,,,,,,,,,,,,,,,,,,,,,,,,,"",2,,,,,,,,,,,,,0,"소솨소솨",,1800.507,,12,""
35,SIDE,1,0,0,0,0,0,2,0,1,1,255,18,10,,1801.614,,,,,,,,,,,,,,,,,,,,,,,,5,"=","=","=","=","=","=","=","=","=",,,,,,,,,,,,,,,,,,,,,,,,,,,,,,,,,,,,,,,0,0,,,,,,,,,,,,,,,,,,,,,,,,,,,,,,,,,,,,,,,,,,,,,,,,,,,,,,,,,,,,,,,,,,,,,,,,,,,,,,,,,,,,,,,,,,,,,,,,,,,,,,,,,,,,,,,,,,,,,,,,,,,,,,,,,,,,,,,,,,,,,,,,,"",0,,,,,,,,,,,,,0,"",,,,0,""
36,,2,1,0,0,0,0,0,0,0,0,255,255,255,18,1851.81,"Sabo_10",L,32,83,135,0.279,0.657,-0.74,1.537,0.438,1.892,-36.636,54.454,0,100,0,0,"",-203.995,-151.638,-16.083,0,0,3,"coder_","눈꽃","甲斐野柊太","소솨소솨","레이나2","Azuner","きりん SR","柴山犬吉","Amellaid",0,R,"소솨소솨",190,80,0.503,,81,W,Y,1,,,,,,,,,,,,,,,,,,,,,,,,,,,,,0,0,,,,,,,,,,,,,,,,,,,,,,,,,,,,,,,,,,,,,,-0.209,-37.702,0.209,-17.739,-22.179,-46.748,-12.361,-61.247,23.926,-52.397,8.045,-66.104,39.13,-98.236,-10.101,-116.883,-52.715,-104.128,,,,"",,,,"",,,,"",,,,"",,,,"",,,,"",,,,"",,,,"",,,,,,,,,,,,,,,,,,,,,,,,,,,,,,,,,,,,,,,,,,,,,,,,,,,,,,,,,,"",0,,,,,,,,,,,,,0,"",,,,0,""
37,,2,1,0,0,0,1,0,0,0,0,255,255,255,19,1871.123,"Sabo_10",L,4,81,127,0.41,0.475,-0.781,1.483,-0.089,1.913,-36.636,57.231,0,100,0,0,"",188.147,0,-3.579,0,0,3,"=","=","=","=","=","=","=","=","=",0,R,"소솨소솨",190,80,0.503,,81,W,Y,0,,,,,,,,,,,,,,,,,,,,,,,,,,,,,0,0,,,,,,,,,,,,,,,,,,,,,,,,,,,,,,,,,,,,,,-0.253,-37.631,0.214,-17.644,-22.553,-47.519,-12.163,-61.212,24.294,-52.63,8.118,-65.888,39.163,-98.226,-9.614,-116.951,-52.644,-104.067,,,,"",,,,"",,,,"",,,,"",,,,"",,,,"",,,,"",,,,"",,,,,,,,,,,,,,,,,,,,,,,,,,,,,,,,,,,,,,,,,,,,,,,,,,,,,,,,,,"",0,,,,,,,,,,,,,0,"",,,,0,""
38,,2,1,0,0,0,2,0,0,0,0,255,255,255,20,1890.503,"Sabo_10",L,27,85,137,2.42,0.732,-0.511,1.548,1.087,1.97,-36.636,32.005,0,100,0,2,"",-11.665,-119.916,-18.508,0,0,3,"=","=","=","=","=","=","=","=","=",0,R,"소솨소솨",190,80,0.503,5,81,W,Y,1,1891.503,215,65,107,39,20,,145,105,62.58,60.241,0.334,1.355,-19.788,-0.25,0,0.458,376.58,-26.917,-445.536,1898.656,-45.078,-44.636,,,,,,0,0,,,,,,,,,,,,,,,,,,,,,,,,,,,,,,,,,,,,,,-0.241,-37.673,0.226,-17.667,-22.998,-47.972,-12.545,-61.674,24.204,-52.75,7.765,-66.361,39.156,-98.222,-9.344,-114.651,-52.764,-104.057,-0.305,-37.244,,"Megu3568",0.256,-17.859,,"Fresh825",-22.691,-47.988,,"かめかめん",-12.502,-61.64,,"しろくま。",24.205,-52.35,,"schmoneymikey",7.757,-66.362,,"Muna_328",39.156,-98.226,,"うよすま",-9.289,-114.139,,"하루（Haru）",-52.762,-104.055,,,,,,,,,,,,,,,,,,,,,,,,,,,,,,,,,,,,,,,,,,,,,,,,,,,,,,,,"",3,94.49,56.899,16.91,1,1,0.666,72.847,62.58,-1.495,87.846,0.062,165.774,0,"",,,,0,""
39,,2,1,0,0,0,2,0,0,0,0,255,255,255,21,1918.89,"Sabo_10",L,26,92,140,2.07,1.219,-0.529,1.627,1.004,2.226,-36.636,31.652,20,80,0,4,"",-64.426,-179.993,-26.266,0,0,3,"=","=","=","=","=","=","=","=","=",0,R,"소솨소솨",190,80,0.503,,79,W,Y,1,,,,,,,,,,,,,,,,,,,,,,,,,,,,,0,8,,,,,,,,,,,,,,,1921.58,3,,578,0,,,,,,,,,,,,,,,,,,,-0.245,-37.52,0.024,-17.842,-23.564,-47.679,-12.434,-61.744,24.027,-51.609,7.956,-66.188,40.052,-100.061,-10.336,-112.696,-48.469,-93.447,,,,"",,,,"",,,,"",,,,"",,,,"",,,,"",,,,"",,,,"",,,,,,,,,,,,,,,,,,,,,,,,,,,,,,,,,,,,,,,,,,,,,,,,,,,,,,,,,,"",0,,,,,,,,,,,,,0,"",,,,0,""
40,,2,1,0,0,0,0,1,0,0,0,255,255,255,22,1942.895,"Sabo_10",L,26,87,140,1.108,0.616,-0.615,1.535,0.603,1.827,-36.636,38.237,0,100,0,2,"",-95.991,-165.208,-26.492,0,0,4,"=","=","=","=","=","=","=","=","=",8,R,"레이나2",179.7,80.118,0.403,3,79,W,Y,1,1943.965,104,48,119,48,19,,136,78,57.054,11.202,0.218,1.213,-20.018,-1,0,0.168,566.764,19.396,-195.964,1949.623,-7.64,-61.526,1949.781,3,-7.339,3.19,-60.068,0,0,,1949.423,,,,,,,,,,,,,1949.778,4,,452,0,,,,,,,,,,,,,,,,,,,-0.256,-37.569,-0.006,-17.874,-20.742,-45.763,-12.989,-61.917,23.28,-50.411,8.788,-66.76,38.455,-96.204,-4.256,-113.367,-49.885,-98.566,-0.277,-37.33,,"Megu3568",0.013,-17.913,,"Fresh825",-20.727,-45.548,,"かめかめん",-13.024,-61.878,85,"しろくま。",23.038,-50.407,,"schmoneymikey",8.746,-66.688,,"Muna_328",38.455,-96.209,,"うよすま",-4.453,-113.241,,"하루（Haru）",-49.884,-98.574,,1952.753,-0.203,-38.748,,,,,,,1949.789,-7.457,-60.634,,,,,,,,,,,,,,,,,,,,,,,,,1951.467,-7.295,-59.308,,,,,,,,,,,,,,,,"",1,,,,,,,,,,,,,0,"かめかめん",,,,36,""
41,,2,1,0,0,0,0,2,0,0,0,255,255,255,23,1972.932,"Sabo_10",L,3,77,105,1.444,0.953,-0.782,1.62,-0.043,2.196,-36.636,56.59,0,100,0,0,"",409.523,0,-13.116,0,0,5,"=","=","=","=","=","=","=","=","=",6,L,"Azuner",179.8,80,0.301,,79,W,Y,1,,,,,,,,,,,,,,,,,,,,,,,,,,,,,0,0,,,,,,,,,,,,,,,,,,,,,,,,,,,,,,,,,,,,,,-0.295,-37.673,0.279,-17.729,-20.365,-46.622,-11.739,-62.625,24.31,-48.336,13.202,-63.719,46.394,-91.044,7.829,-116.165,-45.479,-101.656,,,,"",,,,"",,,,"",,,,"",,,,"",,,,"",,,,"",,,,"",,,,1978.567,0.003,-37.476,,,,,,,,,,,,,,,,,,,,,,,,,,,,,,,,,,,,,,,,,,,,,,,,,,,,"",0,,,,,,,,,,,,,0,"",,,,0,""
42,,2,1,0,0,0,1,2,0,0,0,255,255,255,24,1994.154,"Sabo_10",L,0,0,0,0,0,0,0,0,0,0,0,0,0,0,0,"",0,0,0,0,0,5,"=","=","=","=","=","=","=","=","=",6,L,"Azuner",179.8,80,0.301,,79,W,Y,0,,,,,,,,,,,,,,,,,,,,,,,,,,,,,0,0,,,,,,,,,,,,,,,,,,,,,,,,,,,,,,,,,,,,1996.355,1,0.119,-36.885,-0.085,-17.812,-20.714,-46.62,-11.776,-62.271,24.413,-48.147,13.139,-64.159,49.099,-93.79,5.636,-114.242,-45.635,-101.306,,,,"",,,,"",,,,"",,,,"",,,,"",,,,"",,,,"",,,,"",,,,1994.183,-0.078,-36.636,,,,,,,,,,,,,,,,,,,,,,,,,,,,,,,,,,,,,,,,,,,,,,,,,,,,"",0,,,,,,,,,,,,,0,"",,,,0,""
43,,2,1,0,0,1,1,2,0,0,0,255,255,255,26,2022.975,"Sabo_10",L,33,83,135,-2.268,0.744,-0.813,1.543,-0.779,1.971,-36.636,56.038,0,100,0,4,"",-129.361,-85.446,-8.683,0,0,5,"=","=","=","=","=","=","=","=","=",6,L,"Azuner",179.8,80,0.301,,79,W,Y,1,,,,,,,,,,,,,,,,,,,,,,,,,,,,,0,0,,,,,,,,,,,,,,,,,,,,,,,,,,,,,,,,,,,,,,-0.296,-37.603,-0.008,-17.753,-20.79,-46.717,-11.763,-62.323,24.584,-48.283,13.215,-64.611,49.091,-93.797,6.169,-114.176,-45.144,-101.501,,,,"",,,,"",,,,"",,,,"",,,,"",,,,"",,,,"",,,,"",,,,2028.593,-0.117,-37.463,,,,,,,,,,,,,,,,,,,,,,,,,,,,,,,,,,,,,,,,,,,,,,,,,,,,"",0,,,,,,,,,,,,,0,"",,,,0,""
44,,2,1,0,0,1,2,2,0,0,0,255,255,255,27,2042.006,"Sabo_10",L,27,89,140,0.129,1.261,-0.612,1.626,0.152,2.253,-36.636,43.186,0,100,0,4,"",-55.84,-117.382,-19.856,0,0,5,"=","=","=","=","=","=","=","=","=",6,L,"Azuner",179.8,80,0.301,,79,W,Y,1,,,,,,,,,,,,,,,,,,,,,,,,,,,,,0,32,,,,,,,,,,,,,,,2044.658,5,,578,0,,,,,,,,,,,,,,,,,,,-0.235,-37.586,-0.144,-17.85,-21.096,-46.991,-10.912,-62.436,24.382,-48.198,13.502,-64.723,48.559,-93.93,6.786,-113.84,-45.385,-101.376,,,,"",,,,"",,,,"",,,,"",,,,"",,,,"",,,,"",,,,"",,,,,,,,,,,,,,,,,,,,,,,,,,,,,,,,,,,,,,,,,,,,,,,,,,,,,,,,,,"",0,,,,,,,,,,,,,0,"",,,,0,""
45,SIDE,2,1,0,0,0,0,2,0,0,0,255,255,255,,2046.887,,,,,,,,,,,,,,,,,,,,,,,,6,"=","=","=","=","=","=","=","=","=",,,,,,,,,,,,,,,,,,,,,,,,,,,,,,,,,,,,,,,0,0,,,,,,,,,,,,,,,,,,,,,,,,,,,,,,,,,,,,,,,,,,,,,,,,,,,,,,,,,,,,,,,,,,,,,,,,,,,,,,,,,,,,,,,,,,,,,,,,,,,,,,,,,,,,,,,,,,,,,,,,,,,,,,,,,,,,,,,,,,,,,,,,,"",0,,,,,,,,,,,,,0,"",,,,0,""
46,,2,0,0,0,0,0,0,0,0,0,255,255,255,16,2092.998,"소솨소솨",R,27,79,129,0.283,0.121,0.207,1.618,0.031,1.53,-36.543,7.915,55,45,0,2,"",66.455,-128.762,0,0,0,5,"しろくま。","Megu3568","Sabo_10","하루（Haru）","Muna_328","かめかめん","Fresh825","schmoneymikey","うよすま",3,R,"かめかめん",170.2,94.628,0.472,0,78,W,Y,1,2094.122,136,36,65,37,0,,135,80,-30,-26.336,0.044,0.842,-18.84,1,0,0.156,-313.624,329.176,65.627,2094.135,0.7,-20.17,2096.273,4,13.75,0.085,-47.441,0,0,,2099.237,,,,,,,,,,,,,2099.157,5,,147,64,,,,,,,,,,,,,,,,,,,0.003,-37.373,-0.055,-18.063,-18.94,-44.458,-15.873,-63.269,20.837,-51.279,8.763,-67.159,42.144,-94.666,-3.156,-110.546,-46.735,-95.298,-0.205,-37.561,,"눈꽃",-0.058,-18.058,,"甲斐野柊太",-18.918,-44.352,86,"柴山犬吉",-15.814,-63.243,,"きりん SR",20.797,-51.181,112,"coder_",8.95,-67.06,,"Azuner",42.198,-94.818,,"Amellaid",-3.175,-110.52,,"레이나2",-46.708,-95.275,,2101.487,-0.719,-38.675,,,,2098.46,-18.908,-39.818,,,,2096.371,14.408,-48.061,,,,,,,,,,,,,,,,,,,2100.403,-17.942,-39.593,,,,2097.076,10.118,-47.152,,,,,,,,,,,,,"",2,,,,,,,,,,,,,0,"きりん SR",,,,76,""
47,,2,0,0,0,0,0,1,0,0,0,255,255,255,17,2120.308,"소솨소솨",R,33,86,139,-6.008,-0.538,-0.148,1.576,-2.755,1.233,-36.543,8.38,33,67,0,3,"",104.922,-54.451,0,-1.618,-20.26,6,"=","=","=","=","=","=","=","=","=",2,L,"Fresh825",190,80,0.2,,67,W,Y,0,,,,,,,,,,,,,,,,,,,,,,,,,,,,,0,0,,,,,,,,,,,,,,,,,,,,,,,,,,,,,,,,,,,,,,-0.121,-37.434,-0.066,-18.057,-18.376,-43.898,-12.626,-65.188,20.491,-47.285,13.317,-65.315,48.408,-103.415,2.54,-117.589,-40.824,-100.144,,,,"",,,,"",,,,"",,,,"",,,,"",,,,"",,,,"",,,,"",,,,2136.021,0.238,-38.099,,,,,,,,,,,,,,,,,,,,,,,,,,,,,,,,,,,,,,,,,,,,,,,,,,,,"",6,,,,,,,,,,,,,0,"",,,,0,""
48,,2,0,0,0,0,0,1,1,0,0,12,255,255,21,2149.017,"소솨소솨",R,27,86,139,-2.288,-0.53,-0.038,1.516,-1.106,1.176,-36.543,8.304,44,56,0,2,"BH-",92.871,-130.619,0,0,0,7,"=","=","=","=","=","=","=","=","=",5,L,"schmoneymikey",175.1,80,0.349,3,77,W,Y,1,2150.213,216,103,84,41,0,,141,80,-12.961,-12.996,-0.391,0.698,-20.129,-1,0,0.323,458.287,308.062,45.009,2150.369,0.207,-22.754,2152.894,5,9.588,0.058,-55.846,1,0,,2155.124,,,,2155.276,,,,,,2149.114,,,2154.723,6,1,164,1,,,,,,,,,,,,,,,,,,,-0.151,-37.318,-0.128,-17.853,-18.624,-39.708,-10.336,-59.481,20.69,-47.793,11.797,-65.678,47.501,-100.09,1.49,-108.447,-40.872,-97.724,-0.174,-37.745,,"눈꽃",-0.183,-17.881,,"甲斐野柊太",-15.602,-41.661,81,"柴山犬吉",-10.042,-59.576,100,"きりん SR",20.463,-47.673,,"coder_",11.812,-65.545,81,"Azuner",47.518,-100.151,,"Amellaid",1.498,-108.45,,"레이나2",-40.874,-97.723,,2160.445,-0.725,-39.209,,,,2155.951,-18.496,-40.54,2154.089,0.231,-58.795,,,,2152.859,9.708,-56.48,,,,,,,,,,,,,,,,2159.346,-17.44,-39.612,2154.729,-1.04,-58.071,,,,2153.495,6.363,-56.871,,,,,,,,,,"",2,,,,,,,,,,,,,0,"coder_",2155.276,,,141,""
49,,2,0,0,0,0,0,2,1,0,0,15,255,255,22,2178.793,"소솨소솨",R,27,83,135,0.307,-1.265,0.215,1.39,0.069,0.734,-36.543,17.318,45,55,0,1,"",47.201,-142.876,0,0,0,8,"=","=","=","=","=","=","=","=","=",7,R,"うよすま",175.4,85.329,0.498,,77,W,Y,0,,,,,,,,,,,,,,,,,,,,,,,,,,,,,0,0,,,,,,2182.169,,,,,,,,,,,,,,,,,,,,,,,,,,2183.741,5,,,2180.626,1,0.05,-37.242,-0.014,-17.793,-19.636,-40.436,-15.48,-63.066,19.448,-50.314,7.465,-65.783,44.189,-96.712,-3.52,-108.012,-45.293,-95.324,,,,"",,,,"",,,,"",,,,"",,,,"",,,,"",,,,"",,,,"",,,,2187.308,-0.252,-38.847,,,,,,,,,,,,,,,,,,,,,,,,,,,,,,,,,,,,,,,,,,,,,,,,,,,,"",0,,,,,,,,,,,,,0,"",2182.169,,,0,""
50,,2,0,0,0,1,0,2,0,1,0,255,15,255,23,2204.574,"소솨소솨",R,27,85,138,-0.089,-0.79,0.174,1.471,-0.121,1.019,-36.543,10.965,45,55,0,2,"",56.043,-134.89,0,0,0,8,"=","=","=","=","=","=","=","=","=",7,R,"うよすま",175.4,85.329,0.498,5,77,W,Y,1,2205.618,106,99,95,18,0,,134,120,-30,28.808,-0.023,0.621,-19.529,0.75,0,0.324,-225.765,-11.313,101.939,2205.498,-0.488,-20.374,2207.219,2,-13.85,2.728,-45.285,0,0,,2211.317,,,,,,,2209.299,,,,,,2210.198,8,,147,0,,,,,,,,,,,2209.522,2,,,,,,,0.014,-37.351,-0.066,-17.882,-18.936,-43.715,-16.5,-62.693,20.824,-49.088,8.536,-66.646,43.106,-97.683,-3.347,-110.571,-45.602,-96.069,0.043,-37.514,,"눈꽃",-0.075,-17.9,,"甲斐野柊太",-18.797,-43.4,,"柴山犬吉",-16.46,-62.648,,"きりん SR",20.734,-48.892,,"coder_",8.452,-66.518,,"Azuner",43.029,-97.741,,"Amellaid",-3.343,-110.554,,"레이나2",-45.597,-96.063,,,,,,,,2207.231,-14.774,-46.453,,,,,,,,,,,,,,,,,,,,,,,,,,,,,,,,,,,,,,,,,,,,,,"",2,30.557,30.557,4.267,0,1,0.646,-65.617,-52.533,-29.689,-86.89,0.06,61.024,0,"甲斐野柊太",,2209.299,,4,""
51,SIDE,2,0,0,0,0,0,2,0,0,1,255,255,15,,2212.132,,,,,,,,,,,,,,,,,,,,,,,,0,"=","=","=","=","=","=","=","=","=",,,,,,,,,,,,,,,,,,,,,,,,,,,,,,,,,,,,,,,0,0,,,,,,,,,,,,,,,,,,,,,,,,,,,,,,,,,,,,,,,,,,,,,,,,,,,,,,,,,,,,,,,,,,,,,,,,,,,,,,,,,,,,,,,,,,,,,,,,,,,,,,,,,,,,,,,,,,,,,,,,,,,,,,,,,,,,,,,,,,,,,,,,,"",0,,,,,,,,,,,,,0,"",,,,0,""
52,,3,1,0,0,0,0,0,0,0,0,255,255,255,28,2259.488,"Sabo_10",L,27,84,137,1.072,0.49,-0.614,1.55,0.611,1.789,-36.636,44.243,0,100,0,0,"",-106.591,-145.218,-22.196,0,0,6,"coder_","눈꽃","甲斐野柊太","소솨소솨","레이나2","Azuner","きりん SR","柴山犬吉","Amellaid",4,R,"きりん SR",188.7,85,0.2,,76,W,Y,0,,,,,,,,,,,,,,,,,,,,,,,,,,,,,0,0,,,,,,,,,,,,,,,,,,,,,,,,,,,,,,,,,,,,,,-0.191,-37.656,0.194,-17.713,-21.524,-46.323,-12.781,-62.695,22.848,-51.078,7.417,-66.037,39.567,-101.111,-7.03,-114.489,-53.193,-102.501,,,,"",,,,"",,,,"",,,,"",,,,"",,,,"",,,,"",,,,"",,,,,,,,,,,,,,,,,,,,,,,,,,,,,,,,,,,,,,,,,,,,,,,,,,,,,,,,,,"",0,,,,,,,,,,,,,0,"",,,,0,""
53,,3,1,0,0,0,1,0,0,0,0,255,255,255,29,2277.831,"Sabo_10",L,34,78,129,0.205,0.407,-0.764,1.59,0.254,1.789,-36.636,58.685,0,100,0,2,"",-92.675,-77.154,-8.153,0,0,6,"=","=","=","=","=","=","=","=","=",4,R,"きりん SR",188.7,85,0.2,3,76,W,Y,1,2278.862,255,46,76,54,16,,141,101,42.894,41.081,0.062,1.137,-19.875,-0.15,0,0.198,325.535,-305.803,-152.911,2284.069,-51.224,-86.619,2284.315,8,-49.663,2.831,-84.267,0,0,,2284.56,,,,,,,,,,,,,2284.431,6,,457,0,,,,,,,,,,,,,,,,,,,-0.173,-37.488,0.15,-17.789,-22.936,-47.477,-13.117,-61.814,23.39,-50.689,8.672,-66.541,39.59,-101.115,-6.646,-114.539,-52.927,-102.464,-0.255,-37.032,,"Megu3568",0.14,-17.823,,"Fresh825",-22.724,-47.268,85,"かめかめん",-13.167,-61.775,,"しろくま。",23.277,-50.538,,"schmoneymikey",8.667,-66.548,,"Muna_328",39.585,-101.108,,"うよすま",-6.642,-114.509,,"하루（Haru）",-52.926,-102.467,100,2291.424,-0.498,-38.392,,,,2288.419,-19.951,-40.06,,,,,,,,,,,,,,,,2284.448,-50.116,-84.747,,,,,,,2290.371,-17.429,-39.421,,,,,,,,,,,,,,,,2286.061,-48.463,-80.956,"",1,,,,,,,,,,,,,0,"하루（Haru）",,,,76,""
54,,3,1,0,0,0,0,1,0,0,0,255,255,255,30,2308.677,"Sabo_10",L,26,85,138,-1.17,-0.747,-0.736,1.608,0.043,2.223,-36.636,54.576,0,100,0,2,"",-136.107,-186.037,-24.401,0,0,7,"=","=","=","=","=","=","=","=","=",3,R,"柴山犬吉",169.9,90.243,0.5,5,75,W,Y,1,2309.671,170,111,136,71,33,,145,127,26.634,-24.038,-0.051,1.374,-20.472,0.35,0,0.161,549.461,-68.246,231.16,2315.356,50.472,-129.092,,,,,,0,0,,2314.783,2319.041,2323.909,2328.699,,,,,,,,,,,,,,,,,,,,,,,,,,,,,,,,,-0.252,-37.82,0.225,-17.805,-21.255,-46.086,-12.131,-62.358,22.017,-48.087,6.3,-65.05,43.028,-98.142,-1.503,-109.134,-49.693,-95.488,-0.086,-37.042,,"Megu3568",0.15,-17.841,,"Fresh825",-21.254,-45.912,,"かめかめん",-12.31,-62.283,,"しろくま。",21.981,-48.075,,"schmoneymikey",5.301,-64.585,,"Muna_328",42.959,-98.178,,"うよすま",-1.675,-108.895,,"하루（Haru）",-49.813,-95.886,,,,,,,,,,,,,,,,,,,,,,,,,,,,,,,,,,,,,,,,,,,,,,,,,,,,,,,,"",4,-26.006,-26.006,-7.433,0,1,0.958,55.258,39.04,-2.204,69.524,0.057,-32.372,0,"",2319.041,2323.909,,0,""
55,,3,1,1,0,0,0,1,0,0,0,255,255,255,31,2512.09,"Sabo_10",L,32,85,137,-1.381,1.36,-0.73,1.595,-0.389,2.21,-36.636,52.767,0,100,0,2,"",-155.964,-104.052,-11.523,0,0,8,"=","=","=","=","=","=","=","=","=",7,L,"Amellaid",160,80.447,0.403,5,73,W,Y,1,2512.99,255,96,122,50,6,,145,86,34.269,-49.991,-0.25,1.214,-20.139,-0.6,0,0.426,524.57,6.731,156.946,2519.394,52.302,-61.823,,,,,,0,0,,,,,,,,,,,,,,,,,,,,,,,,,,,,,,,,,,,,,,-0.257,-37.735,-0.011,-17.783,-19.543,-47.408,-11.413,-62.008,20.496,-44.21,12.995,-63.688,45.746,-87.865,3.123,-109.98,-49.091,-94.523,-0.067,-36.868,,"Megu3568",-0.079,-17.818,,"Fresh825",-19.221,-47.012,,"かめかめん",-11.286,-61.982,,"しろくま。",20.493,-44.082,,"schmoneymikey",12.973,-63.659,,"Muna_328",45.729,-87.871,,"うよすま",3.447,-109.165,,"하루（Haru）",-49.098,-94.558,,,,,,,,,,,,,,,,,,,,,,,,,,,,,,,,,,,,,,,,,,,,,,,,,,,,,,,,"",3,-51.287,-43.718,-5.802,0,1,0.493,85.075,34.269,-3.731,80.81,0.068,-139.491,0,"",,,,0,""
56,,3,1,1,0,0,1,1,0,0,0,255,255,255,32,2535.022,"Sabo_10",L,32,73,124,-6.984,1.744,-0.916,1.487,-2.759,2.531,-36.636,88.834,0,100,0,1,"",-160.589,4.12,-9.398,-2.08,-5.707,8,"=","=","=","=","=","=","=","=","=",7,L,"Amellaid",160,80.447,0.403,,47,W,Y,0,,,,,,,,,,,,,,,,,,,,,,,,,,,,,0,0,,,,,,,,,,,,,,,,,,,,,,,,,,,,,,,,,,,,,,-0.246,-37.573,-0.043,-18.056,-19.357,-46.524,-11.407,-62.251,21.103,-44.747,12.996,-64.394,44.561,-87.627,5.037,-109.435,-50.323,-94.295,,,,"",,,,"",,,,"",,,,"",,,,"",,,,"",,,,"",,,,"",,,,,,,,,,,,,,,,,,,,,,,,,,,,,,,,,,,,,,,,,,,,,,,,,,,,,,,,,,"",0,,,,,,,,,,,,,0,"",,,,0,""
57,,3,1,1,0,1,1,1,0,0,0,255,255,255,33,2557.164,"Sabo_10",L,27,85,138,-4.791,-1.102,-0.737,1.586,-0.42,2.177,-36.636,47.607,0,100,0,2,"",-119.569,-137.5,-14.877,0,0,8,"=","=","=","=","=","=","=","=","=",7,L,"Amellaid",160,80.447,0.403,5,47,W,Y,1,2557.978,255,211,169,65,39,,145,93,34.494,3.643,-0.187,1.317,-20.629,-0.24,0,0.397,430.672,-269.318,-319.357,,,,2563.115,7,0.738,2.776,-93.268,0,0,,2562.969,,,,,,,,,,,,,2563.361,8,,456,0,,,,,,,,,,,,,,,,,,,-0.266,-37.773,-0.027,-17.936,-18.96,-46.817,-11.375,-62.297,21.574,-44.975,13.081,-64.542,44.57,-87.623,6.045,-107.088,-44.584,-98.189,-0.351,-36.942,,"Megu3568",-0.074,-17.962,,"Fresh825",-19.209,-46.413,,"かめかめん",-11.412,-62.275,,"しろくま。",21.359,-44.675,,"schmoneymikey",13.036,-64.464,,"Muna_328",44.545,-87.525,,"うよすま",6.08,-107.01,115,"하루（Haru）",-44.621,-98.166,,2566.967,0.966,-38.468,,,,,,,,,,,,,,,,,,,2563.373,0.707,-94.186,,,,,,,,,,,,,,,,,,,,,,,,,2564.824,1.426,-89.815,,,,"",1,2.344,2.344,6.522,0,1,0.903,50.409,34.494,-2.386,82.041,0.056,-6.74,0,"うよすま",,,,260,""
58,,3,1,1,0,0,0,2,0,0,0,255,255,255,34,2588.561,"Sabo_10",L,3,78,106,1.671,-0.441,-0.762,1.534,-0.051,1.38,-36.636,55.448,0,100,0,2,"",409.685,0,-13.965,0,0,0,"=","=","=","=","=","=","=","=","=",5,R,"coder_",164.3,80,0.2,0,73,W,Y,1,2589.654,255,140,79,81,56,,145,129,-30,24.878,0.21,0.846,-21.406,0.52,0,0.424,442.037,-116.206,-22.776,2589.527,-0.42,-22.768,2593.202,8,-34.548,0.055,-96.211,1,0,,2594.261,,,,,,,,,,,,,,,,,,,,,,,,,,,,,,,,,,,,-0.252,-37.729,0.209,-17.872,-20.685,-45.652,-12.161,-61.851,20.21,-48.461,7.852,-65.083,32.666,-97.653,-7.142,-106.691,-50.614,-96.352,0.041,-37.318,,"Megu3568",0.162,-17.901,,"Fresh825",-20.653,-45.417,83,"かめかめん",-12.145,-61.847,,"しろくま。",20.232,-48.141,,"schmoneymikey",7.834,-65.058,,"Muna_328",32.663,-97.643,,"うよすま",-7.139,-106.684,,"하루（Haru）",-50.608,-96.354,103,2601.772,-0.499,-38.553,,,,2596.743,-19.163,-40.547,,,,,,,,,,,,,,,,2593.414,-35.347,-97.362,,,,,,,2600.703,-16.84,-39.449,,,,,,,,,,,,,,,,2594.335,-33.514,-90.85,"",2,,,,,,,,,,,,,0,"하루（Haru）",,,,76,""
59,,3,1,1,0,0,0,2,1,0,0,5,255,255,35,2623.159,"Sabo_10",L,27,86,140,-1.413,0.229,-0.73,1.641,-0.395,1.624,-36.636,44.227,0,100,0,2,"",-148.509,-149.072,-24.684,0,0,1,"=","=","=","=","=","=","=","=","=",1,L,"눈꽃",190,85,0.502,5,73,W,Y,1,2624.155,196,67,93,77,20,,145,102,35.025,-1.17,-0.247,1.061,-19.56,-0.38,0,0.309,33.636,-16.573,45.635,2628.994,1.517,-102.346,2629.227,7,1.451,2.376,-99.914,0,0,,2629.955,,,,,,,,,,,,,2629.426,1,,456,0,,,,,,,,,,,,,,,,,,,-0.308,-37.771,-0.01,-17.607,-19.979,-39.723,-8.434,-63.39,24.192,-49.363,12.401,-62.713,46.509,-90.371,-3.089,-115.181,-48.127,-99.939,0.018,-36.855,,"Megu3568",-0.089,-17.953,,"Fresh825",-18.433,-41.844,,"かめかめん",-9.654,-63.168,,"しろくま。",24.082,-49.02,,"schmoneymikey",12.407,-62.706,,"Muna_328",43.372,-92.288,,"うよすま",-3.087,-115.173,115,"하루（Haru）",-48.362,-99.712,,,,,,,,,,,,,,,,,,,,,,,2629.438,1.482,-100.599,,,,,,,,,,,,,,,,,,,,,,,,,2630.804,1.554,-97.706,,,,"",1,-2.244,-2.244,2.43,0,2,0.046,85.831,35.025,-2.975,87.246,0.07,-109.241,0,"うよすま",,,,256,""
60,SIDE,3,1,1,0,0,0,2,1,0,0,5,255,255,,2631.593,,,,,,,,,,,,,,,,,,,,,,,,2,"=","=","=","=","=","=","=","=","=",,,,,,,,,,,,,,,,,,,,,,,,,,,,,,,,,,,,,,,0,0,,,,,,,,,,,,,,,,,,,,,,,,,,,,,,,,,,,,,,,,,,,,,,,,,,,,,,,,,,,,,,,,,,,,,,,,,,,,,,,,,,,,,,,,,,,,,,,,,,,,,,,,,,,,,,,,,,,,,,,,,,,,,,,,,,,,,,,,,,,,,,,,,"",0,,,,,,,,,,,,,0,"",,,,0,""
61,,3,0,1,0,0,0,0,0,0,0,255,255,255,24,2683.863,"소솨소솨",R,28,80,131,1.075,-0.432,0.284,1.528,0.389,1.249,-36.543,11.898,49,51,0,2,"",48.314,-96.563,0,0,0,0,"しろくま。","Megu3568","Sabo_10","하루（Haru）","Muna_328","かめかめん","Fresh825","schmoneymikey","うよすま",4,R,"しろくま。",189.3,96,0.304,0,72,W,Y,1,2684.803,159,89,116,98,25,,145,91,-30,-52.059,0.111,0.671,-20.239,1,0,0.333,-505.476,248.61,82.707,2684.481,1.44,-21.277,,,,,,0,0,,,,,2689.835,,,,,,,,,,,,,,,,,,,,,,,,,,,,,,,,,0.028,-37.315,-0.045,-17.754,-18.839,-44.432,-15.915,-63.272,21.172,-51.073,8.779,-67.062,44.365,-100.851,-2.723,-117.323,-45.892,-95.117,0.13,-37.581,,"눈꽃",-0.041,-17.767,,"甲斐野柊太",-17.887,-44.223,,"柴山犬吉",-15.75,-63.258,,"きりん SR",21.01,-50.91,,"coder_",8.995,-67.661,,"Azuner",44.334,-100.827,,"Amellaid",-2.716,-117.358,,"레이나2",-46.293,-95.535,,,,,,,,,,,,,,,,,,,,,,,,,,,,,,,,,,,,,,,,,,,,,,,,,,,,,,,,"",3,,,,,,,,,,,,,0,"",,,,0,""
62,,3,0,1,0,0,1,0,0,0,0,255,255,255,25,2702.549,"소솨소솨",R,28,79,129,1.271,0.163,0.299,1.649,0.461,1.642,-36.543,9.938,49,51,0,2,"",55.757,-70.821,0,0,0,0,"=","=","=","=","=","=","=","=","=",4,R,"しろくま。",189.3,96,0.304,3,72,W,Y,1,2703.533,217,77,79,82,16,,145,129,17.848,44.647,0.23,1.073,-20.317,0.55,0,0.394,309.174,-360.458,-242.422,2707.736,-75.256,-108.47,,,,,,0,0,,2709.239,2713.697,2718.691,2723.836,,,,,,,,,,,,,,,,,,,,,,,,,,,,,,,,,0.04,-37.363,-0.093,-17.767,-18.78,-43.888,-15.63,-63.029,19.866,-50.124,9.028,-66.902,44.356,-100.785,-2.468,-114.033,-46.388,-97.556,0.101,-37.561,,"눈꽃",0.041,-17.8,,"甲斐野柊太",-18.574,-43.677,,"柴山犬吉",-15.596,-63.025,,"きりん SR",19.757,-49.977,,"coder_",9.016,-68.058,,"Azuner",44.319,-100.768,,"Amellaid",-2.432,-114.019,,"레이나2",-46.392,-97.555,,,,,,,,,,,,,,,,,,,,,,,,,,,,,,,,,,,,,,,,,,,,,,,,,,,,,,,,"",4,,,,,,,,,,,,,0,"",2713.697,2718.691,,0,""
63,,3,0,1,1,0,0,0,0,0,0,255,255,255,26,2744.232,"소솨소솨",R,28,80,131,1.196,-0.366,0.298,1.547,0.455,1.313,-36.543,9.889,49,51,0,2,"",39.174,-71.518,0,0,0,1,"=","=","=","=","=","=","=","=","=",1,R,"Megu3568",190,88.251,0.405,3,72,W,Y,1,2745.358,245,201,104,128,79,,145,130,28.11,30.223,0.163,0.973,-20.753,0.65,0,0.514,203.836,488.805,197.116,2749.894,-69.664,-111.115,,,,,,0,0,,2751.009,2755.674,2760.936,2766.186,,,,,,,,,,,,,,,,,,,,,,,,,,,,,,,,,0.062,-37.336,-0.054,-17.855,-18.777,-43.97,-16.166,-62.97,19.863,-50.475,7.85,-67.225,44.143,-100.52,-2.414,-117.146,-49.676,-97.968,-0.126,-37.738,,"눈꽃",-0.048,-17.86,,"甲斐野柊太",-18.543,-44.168,,"柴山犬吉",-16.062,-62.946,,"きりん SR",19.687,-50.36,,"coder_",7.773,-68.484,,"Azuner",43.986,-100.699,,"Amellaid",-2.523,-117.125,,"레이나2",-49.671,-97.96,,,,,,,,,,,,,,,,,,,,,,,,,,,,,,,,,,,,,,,,,,,,,,,,,,,,,,,,"",4,,,,,,,,,,,,,0,"",2755.674,2760.936,,0,""
64,,3,0,1,2,0,0,0,0,0,0,255,255,255,27,2785.802,"소솨소솨",R,27,84,137,-2.031,-0.274,-0.014,1.559,-0.993,1.344,-36.543,12.266,49,51,0,2,"",78.057,-107.884,0,0,0,2,"=","=","=","=","=","=","=","=","=",0,L,"Sabo_10",185.3,90,0.502,0,71,W,Y,1,2786.783,178,93,126,101,36,,145,91,11.956,-9.849,-0.375,0.899,-20.469,-0.93,0,0.429,11.718,204.258,45.318,2788.794,6.954,-71.643,2788.94,5,6.489,1.16,-67.648,0,0,,,,,,,,,,,,,,,2789.284,2,,454,0,,,,,,,,,,,,,,,,,,,-0.248,-37.337,-0.071,-17.864,-18.721,-44.078,-12.912,-64.773,21.408,-48.439,12.447,-65.427,48.081,-102.601,3.384,-113.649,-44.652,-101.74,-0.238,-37.389,,"눈꽃",-0.093,-17.862,,"甲斐野柊太",-18.442,-44.501,85,"柴山犬吉",-12.832,-64.691,,"きりん SR",21.289,-48.324,,"coder_",12.862,-66.45,98,"Azuner",47.285,-103.226,,"Amellaid",3.07,-113.662,,"레이나2",-44.744,-100.946,,2793.873,-0.861,-38.544,,,,2791.815,-18.925,-39.904,,,,,,,2789.295,6.799,-68.467,,,,,,,,,,,,,,,,2792.817,-17.831,-39.729,,,,,,,2790.104,4.53,-64.144,,,,,,,,,,"",1,,,,,,,,,,,,,0,"coder_",,,,13,""
65,,3,0,1,2,0,0,1,0,0,0,255,255,255,28,2810.455,"소솨소솨",R,33,85,137,-0.513,0.73,0.12,1.738,-0.372,1.956,-36.543,13.848,46,54,0,0,"",104.994,-67.683,0,0,0,3,"=","=","=","=","=","=","=","=","=",8,L,"하루（Haru）",174.7,85,0.354,,71,W,Y,0,,,,,,,,,,,,,,,,,,,,,,,,,,,,,0,0,,,,,,,,,,,,,,,,,,,,,,,,,,,,,,,,,,,,,,-0.143,-37.344,-0.062,-17.865,-18.976,-44.262,-13.049,-64.688,21.57,-47.796,13.446,-65.155,46.986,-102.092,1.25,-112.336,-42.419,-102.332,,,,"",,,,"",,,,"",,,,"",,,,"",,,,"",,,,"",,,,"",,,,2814.227,0.074,-37.506,,,,,,,,,,,,,,,,,,,,,,,,,,,,,,,,,,,,,,,,,,,,,,,,,,,,"",0,,,,,,,,,,,,,0,"",,,,0,""
66,,3,0,1,2,0,1,1,0,0,0,255,255,255,29,2824.34,"소솨소솨",R,33,79,129,0.861,0.872,0.245,1.761,0.211,2.037,-36.543,21.21,40,60,0,0,"",105.299,-61.565,0,0,0,3,"=","=","=","=","=","=","=","=","=",8,L,"하루（Haru）",174.7,85,0.354,,71,W,Y,1,,,,,,,,,,,,,,,,,,,,,,,,,,,,,0,0,,,,,,,,,,,,,,,,,,,,,,,,,,,,,,,,,,,,,,-0.087,-37.459,-0.08,-17.862,-18.661,-44.305,-12.95,-64.856,21.571,-47.795,13.154,-64.965,46.457,-101.19,1.247,-112.288,-42.456,-102.328,,,,"",,,,"",,,,"",,,,"",,,,"",,,,"",,,,"",,,,"",,,,2828.897,-0.4,-37.388,,,,,,,,,,,,,,,,,,,,,,,,,,,,,,,,,,,,,,,,,,,,,,,,,,,,"",0,,,,,,,,,,,,,0,"",,,,0,""
67,,3,0,1,2,0,2,1,0,0,0,255,255,255,30,2841.75,"소솨소솨",R,34,85,137,-2.117,-0.465,0.126,1.666,-0.344,1.703,-36.543,18.889,46,54,0,2,"",95.373,-52.296,0,0,0,3,"=","=","=","=","=","=","=","=","=",8,L,"하루（Haru）",174.7,85,0.354,0,71,W,Y,1,2842.848,255,157,66,52,39,,138,98,50.081,-46.823,-0.092,0.981,-19.766,-0.17,0,0.112,-198.627,-128.309,-443.443,2847.181,55.893,-68.049,,,,,,0,0,,2848.74,,,,,,,,,,,,,,,,,,,,,,,,,,,,,,,,,,,,-0.162,-37.471,-0.061,-17.862,-18.651,-44.216,-12.981,-64.781,21.572,-47.807,12.478,-65.32,46.413,-101.091,1.228,-112.313,-42.433,-102.329,0.058,-37.578,,"눈꽃",-0.095,-17.87,,"甲斐野柊太",-17.921,-44.119,,"柴山犬吉",-12.855,-64.756,,"きりん SR",21.455,-47.803,,"coder_",10.713,-65.887,,"Azuner",46.41,-101.095,,"Amellaid",1.071,-112.349,,"레이나2",-42.441,-102.324,,,,,,,,,,,,,,,,,,,,,,,,,,,,,,,,,,,,,,,,,,,,,,,,,,,,,,,,"",3,,,,,,,,,,,,,0,"",,,,0,""
68,,3,0,1,2,0,2,1,0,0,0,255,255,255,31,2866.39,"소솨소솨",R,33,82,133,0.103,1.553,0.173,1.881,-0.125,2.458,-36.543,18.431,66,34,0,2,"",114.676,-35.073,0,0,0,3,"=","=","=","=","=","=","=","=","=",8,L,"하루（Haru）",174.7,85,0.354,5,42,W,Y,1,2867.581,196,131,71,49,26,,138,126,25.493,-65.184,0.019,1.393,-19.601,0.67,0,0.081,447.517,-139.816,363.246,,,,,,,,,0,0,,,,,,,,,,,,,,,,,,,,,,,,,,,,,,,,,,,,,,-0.083,-37.382,-0.057,-17.859,-18.409,-43.648,-12.136,-65.407,21.962,-48.788,13.999,-64.725,46.74,-100.748,-0.167,-111.804,-42.324,-99.657,-0.02,-37.712,,"눈꽃",-0.092,-17.844,,"甲斐野柊太",-18.172,-44.005,,"柴山犬吉",-12.023,-65.357,,"きりん SR",21.598,-48.424,,"coder_",15.028,-66.826,,"Azuner",46.283,-101.14,,"Amellaid",-0.173,-111.766,,"레이나2",-42.295,-99.674,,,,,,,,,,,,,,,,,,,,,,,,,,,,,,,,,,,,,,,,,,,,,,,,,,,,,,,,"",3,-65.564,-64.478,-31.266,0.51,2,0.101,82.914,31.113,-6.887,81.978,0.073,-81.214,0,"",,,,0,""
69,,3,0,1,2,0,2,1,0,0,0,255,255,255,32,2886.645,"소솨소솨",R,34,81,131,1.448,-0.546,0.309,1.537,0.509,1.248,-36.543,19.186,36,64,0,2,"",76.663,-37.372,0,0,0,3,"=","=","=","=","=","=","=","=","=",8,L,"하루（Haru）",174.7,85,0.354,5,71,W,Y,1,2887.834,173,206,124,105,59,,145,115,-30,26.502,0.268,0.764,-20.457,0.89,0,0.192,-320.11,-80.526,467.604,2887.511,-0.271,-21.54,2891.227,8,-33.45,0.059,-85.24,1,0,,2893.185,,,,,,,,,,,,,,,,,,,,,,,,,,,,2894.435,2,,,,,,,-0.048,-37.335,-0.07,-17.856,-18.013,-43.804,-12.497,-65.436,21.645,-48.451,14.142,-64.596,46.5,-101.04,5.178,-117.116,-41.002,-99.48,0.086,-37.746,,"눈꽃",-0.071,-17.86,,"甲斐野柊太",-17.711,-44.118,82,"柴山犬吉",-12.394,-65.343,,"きりん SR",21.485,-48.33,,"coder_",14.281,-66.108,,"Azuner",46.395,-101.173,,"Amellaid",5.158,-117.12,,"레이나2",-41.007,-99.488,106,2900.013,-0.927,-38.914,,,,2894.281,-18.592,-40.132,,,,,,,,,,,,,,,,2891.574,-33.577,-85.646,,,,,,,2898.958,-16.965,-40.193,,,,,,,,,,,,,,,,2892.278,-31.576,-80.986,"",2,26.382,26.382,12.801,0,1,0.606,-62.227,-46.866,-4.658,-85.178,0.06,24.896,0,"레이나2",,,,28,""
70,,3,0,1,2,0,0,1,1,0,0,18,255,255,33,2916.228,"소솨소솨",R,3,69,110,-2.817,-0.154,0.126,1.616,-0.346,1.526,-36.543,16.001,0,100,0,4,"",-481.585,0,0,0,0,4,"=","=","=","=","=","=","=","=","=",6,R,"Muna_328",175,107,0.503,,70,W,Y,1,,,,,,,,,,,,,,,,,,,,,,,,,,,,,0,0,,,,,,,,,,,,2934.468,,,,,,,,,,,,,,,,,,,,,,,,,,-0.115,-37.503,-0.044,-17.845,-17.584,-39.945,-13.073,-60.07,22.118,-49.353,7.898,-65.873,43.29,-101.403,-2.423,-110.573,-47.649,-96.846,,,,"",,,,"",,,,"",,,,"",,,,"",,,,"",,,,"",,,,"",,,,2920.25,-0.096,-37.564,,,,,,,,,,,,,,,,,,,,,,,,,,,,,,,,,,,,,,,,,,,,,,,,,,,,"",0,,,,,,,,,,,,,0,"",,,,0,""
71,,3,0,1,2,0,1,1,1,0,0,18,255,255,34,2934.76,"소솨소솨",R,3,68,110,-3.7,-0.012,0.022,1.639,-0.826,1.607,-36.543,5.945,0,100,0,4,"",-427.829,0,0,0,0,4,"=","=","=","=","=","=","=","=","=",6,R,"Muna_328",175,107,0.503,,70,W,Y,1,,,,,,,,,,,,,,,,,,,,,,,,,,,,,0,0,,,,,,,,,,,,2954.467,,,,,,,,,,,,,,,,,,,,,,,,,,-0.136,-37.404,-0.053,-17.867,-17.775,-40.348,-12.843,-60.08,20.549,-51.09,9.062,-67.204,43.519,-101.282,-6.319,-114.474,-47.526,-97.286,,,,"",,,,"",,,,"",,,,"",,,,"",,,,"",,,,"",,,,"",,,,2939.094,-0.285,-37.329,,,,,,,,,,,,,,,,,,,,,,,,,,,,,,,,,,,,,,,,,,,,,,,,,,,,"",0,,,,,,,,,,,,,0,"",,,,0,""
72,,3,0,1,2,0,2,1,1,0,0,18,255,255,35,2954.88,"소솨소솨",R,5,71,121,-3.219,-0.17,-0.066,1.609,-1.238,1.499,-36.543,3.275,0,100,0,1,"",-100.22,0,0,0,0,4,"=","=","=","=","=","=","=","=","=",6,R,"Muna_328",175,107,0.503,,70,W,Y,0,,,,,,,,,,,,,,,,,,,,,,,,,,,,,0,0,,,,,,,,,,,,2961.521,,,,,,,,,,,,,,,,,,,,,,,,,,-0.118,-37.362,-0.061,-17.686,-18.455,-39.821,-12.909,-60.035,20.714,-50.989,8.702,-66.745,43.455,-101.379,-3.792,-114.783,-47.419,-97.164,,,,"",,,,"",,,,"",,,,"",,,,"",,,,"",,,,"",,,,"",,,,2958.592,-0.247,-37.278,,,,,,,,,,,,,,,,,,,,,,,,,,,,,,,,,,,,,,,,,,,,,,,,,,,,"",0,,,,,,,,,,,,,0,"",,,,0,""
73,,3,0,1,2,1,2,1,1,0,0,18,255,255,36,2972.416,"소솨소솨",R,26,80,130,1.11,-0.446,0.285,1.521,0.395,1.191,-36.543,10.164,50,50,0,2,"",54.029,-152.835,0,0,0,4,"=","=","=","=","=","=","=","=","=",6,R,"Muna_328",175,107,0.503,5,70,W,Y,1,2973.594,131,67,132,46,0,,140,86,30.802,-57.822,0.206,0.86,-20.695,-0.75,0,0.655,331.916,252.003,413.79,2978.165,58.336,-61.351,,,,,,0,0,,,,,2980.79,,,,,,,2997.774,,,,,,,,,,,,,,,,,,,,,,,,,,0.087,-37.289,-0.112,-17.684,-18.623,-39.601,-12.948,-60.048,20.824,-51.194,9.342,-66.725,43.36,-101.487,-2.229,-115.296,-47.44,-97.148,-0.169,-37.692,,"눈꽃",-0.107,-17.694,,"甲斐野柊太",-16.386,-42.057,,"柴山犬吉",-12.827,-60.014,,"きりん SR",20.728,-51.07,,"coder_",9.508,-67.671,,"Azuner",43.354,-101.472,,"Amellaid",-2.23,-115.242,,"레이나2",-47.44,-97.145,,,,,,,,,,,,,,,,,,,,,,,,,,,,,,,,,,,,,,,,,,,,,,,,,,,,,,,,"",3,-59.636,-55.116,-16.781,0.42,1,0.528,78.283,30.802,-7.198,75.982,0.058,-88.562,0,"",,,,0,""
74,,3,0,1,2,1,2,1,1,0,0,18,255,255,37,2999.051,"소솨소솨",R,3,74,115,-2.65,0.218,0.101,1.673,-0.459,1.727,-36.543,3.759,0,100,0,2,"",-399.997,0,0,0,0,4,"=","=","=","=","=","=","=","=","=",6,R,"Muna_328",175,107,0.503,5,109,W,Y,1,3000.261,126,51,94,81,33,,138,112,28.016,-29.056,-0.474,1.029,-20.666,0.16,0,0.548,354.628,164.399,221.677,3005.161,44.701,-109.366,3005.29,6,43.427,2.399,-106.661,0,0,,,,,,,,,,,,3027.879,,,3005.772,4,,455,0,,,,,,,,,,,,,,,,,,,-0.022,-37.445,-0.048,-17.863,-18.002,-40.091,-11.878,-59.039,20.45,-48.569,9.593,-66.379,44.332,-101.188,-2.575,-115.622,-46.864,-93.31,-0.054,-37.545,,"눈꽃",-0.689,-17.788,,"甲斐野柊太",-15.978,-41.574,,"柴山犬吉",-11.771,-59.011,80,"きりん SR",20.425,-48.562,,"coder_",9.536,-67.498,,"Azuner",44.297,-101.183,119,"Amellaid",-2.552,-115.637,,"레이나2",-46.952,-93.274,,3013.445,-0.086,-38.51,,,,,,,3009.131,-0.907,-59.465,,,,,,,3005.782,43.693,-107.308,,,,,,,,,,,,,,,,3012.267,-0.77,-58.03,,,,,,,3006.757,38.975,-103.585,,,,,,,"",1,-25.246,-25.246,-2.041,0,0,1,38.942,38.942,64.861,38.942,0,-29.252,0,"Azuner",,,,168,""
75,,3,0,1,2,0,0,2,1,0,0,18,255,255,38,3029.779,"소솨소솨",R,3,73,115,-2.573,0.232,0.101,1.675,-0.459,1.735,-36.543,7.752,0,100,0,2,"",-384.383,0,0,0,0,5,"=","=","=","=","=","=","=","=","=",3,R,"かめかめん",170.2,94.628,0.472,5,70,W,Y,1,3030.951,169,49,124,103,39,,145,82,-4.672,-53.357,-0.453,1.014,-20.772,1,0,0.295,-200.922,377.512,253.891,3030.84,6.125,-25.754,,,,,,0,0,,,,,,3033.317,,,,,,3051.743,,,,,,,,,,,,,,,,,,,,,,,,,,-0.081,-37.314,-0.027,-17.698,-19.416,-40.778,-15.245,-63.307,21.053,-49.627,8.783,-66.951,44.642,-100.458,-3.522,-111.506,-46.263,-92.585,0.134,-37.821,,"눈꽃",-0.401,-18.287,,"甲斐野柊太",-17.223,-43.355,,"柴山犬吉",-15.377,-63.098,,"きりん SR",20.915,-49.488,,"coder_",7.462,-68.575,,"Azuner",44.238,-99.963,,"Amellaid",-3.092,-109.505,,"레이나2",-46.269,-92.594,,,,,,,,,,,,,,,,,,,,,,,,,,,,,,,,,,,,,,,,,,,,,,,,,,,,,,,,"",3,-49.631,-39.72,-0.084,0,0,1,-4.672,-4.672,-20.824,-4.672,0,-117.802,0,"",3033.317,,,0,""
76,,3,0,1,2,0,1,2,1,0,0,18,255,255,39,3052.757,"소솨소솨",R,33,83,134,2.217,2.701,0.366,2.033,0.771,3.03,-36.543,31.363,76,24,0,2,"",129.629,-81.373,0,0,0,5,"=","=","=","=","=","=","=","=","=",3,R,"かめかめん",170.2,94.628,0.472,0,45,W,Y,1,3053.901,65,12,54,17,9,,67,69,16.891,39.381,0.423,1.697,-19.42,0.42,0,0.09,-93.755,173.238,176.952,,,,3055.731,2,-18.647,1.717,-41.735,0,0,,,,,,,,,,,,3056.726,,,3056.085,5,,451,0,3057.123,3,1,659,0,,,,,,3057.123,2,,,,,,,-0.002,-37.404,-0.035,-17.708,-19.716,-40.613,-15.772,-63.159,20.843,-47.58,9.112,-66.864,44.425,-98.646,-3.119,-109.629,-46.723,-94.197,0.325,-37.746,,"눈꽃",-0.035,-17.696,,"甲斐野柊太",-16.671,-43.537,,"柴山犬吉",-15.723,-63.132,,"きりん SR",20.751,-47.438,,"coder_",9.369,-66.801,,"Azuner",44.428,-98.651,,"Amellaid",-3.059,-109.544,,"레이나2",-46.731,-93.932,,,,,,,,3056.119,-19.423,-42.382,,,,,,,,,,,,,,,,,,,,,,,,,,,,,,,,,,,,,,,,,,,,,,"",1,,,,,,,,,,,,,0,"甲斐野柊太",,,,4,""
77,SIDE,3,0,1,2,0,0,2,0,0,0,255,255,255,,3059.797,,,,,,,,,,,,,,,,,,,,,,,,6,"=","=","=","=","=","=","=","=","=",,,,,,,,,,,,,,,,,,,,,,,,,,,,,,,,,,,,,,,0,0,,,,,,,,,,,,,,,,,,,,,,,,,,,,,,,,,,,,,,,,,,,,,,,,,,,,,,,,,,,,,,,,,,,,,,,,,,,,,,,,,,,,,,,,,,,,,,,,,,,,,,,,,,,,,,,,,,,,,,,,,,,,,,,,,,,,,,,,,,,,,,,,,"",0,,,,,,,,,,,,,0,"",,,,0,""
78,,4,1,1,2,0,0,0,0,0,0,255,255,255,36,3106.316,"Sabo_10",L,4,76,123,0.05,0.278,-0.894,1.461,-0.192,1.787,-36.636,68.909,0,100,0,2,"",150.119,0,-5.675,0,0,2,"coder_","눈꽃","甲斐野柊太","소솨소솨","레이나2","Azuner","きりん SR","柴山犬吉","Amellaid",2,R,"甲斐野柊太",190,80,0.2,5,69,W,Y,1,3107.384,110,99,188,99,49,,137,130,25.506,41.139,0.041,1.101,-19.962,0.66,0,0.111,330.621,138.339,-396.808,3112.682,-83.218,-110.264,,,,,,0,0,,3113.237,3118.942,3124.374,3129.443,,,,,,,,,,,,,,,,,,,,,,,,,,,,,,,,,-0.301,-37.732,0.249,-17.688,-22.682,-47.165,-13.568,-61.147,20.966,-48.948,8.15,-65.389,38.303,-100.32,-7.448,-115.489,-49.606,-99.861,-0.059,-37.323,,"Megu3568",0.195,-17.709,,"Fresh825",-22.399,-47.544,,"かめかめん",-13.689,-61.149,,"しろくま。",20.926,-48.725,,"schmoneymikey",8.147,-65.393,,"Muna_328",38.263,-100.338,,"うよすま",-7.446,-115.416,,"하루（Haru）",-49.671,-100.129,,,,,,,,,,,,,,,,,,,,,,,,,,,,,,,,,,,,,,,,,,,,,,,,,,,,,,,,"",4,37.531,37.531,8.573,0,2,0.371,46.28,31.262,38.203,45.414,0.036,93.091,0,"",3118.942,3124.374,,0,""
79,,4,1,2,2,0,0,0,0,0,0,255,255,255,37,3152.401,"Sabo_10",L,27,84,137,0.759,0.334,-0.636,1.523,0.49,1.732,-36.636,38.423,0,100,0,2,"",-99.689,-104,-19.752,0,0,3,"=","=","=","=","=","=","=","=","=",0,R,"소솨소솨",190,80,0.503,3,69,W,Y,1,3153.486,228,41,16,48,19,,51,56,-9.041,37.931,0.175,1.108,-19.57,0.31,0,0.478,36.813,-117.717,-19.998,3153.307,-3.425,-24.219,3155.577,2,-16.26,0.056,-40.625,0,0,,,,,,,,,,,,,,,3157.174,3,,147,0,,,,,,,,,,,3156.979,2,,,,,,,-0.276,-37.964,0.2,-17.637,-22.263,-47.182,-13.256,-61.85,22.497,-50.86,8.36,-65.504,34.579,-97.087,-10.755,-113.327,-50.264,-99.836,-0.442,-37.166,,"Megu3568",0.173,-17.672,,"Fresh825",-22.126,-47.003,85,"かめかめん",-13.205,-62.052,,"しろくま。",22.366,-50.698,,"schmoneymikey",8.363,-65.507,,"Muna_328",34.449,-97.195,,"うよすま",-11.115,-113.153,,"하루（Haru）",-50.26,-99.825,,3160.458,-7.208,-37.264,,,,3156.114,-17.054,-41.689,,,,,,,,,,,,,,,,,,,,,,,,,3159.714,-17.607,-39.658,,,,,,,,,,,,,,,,,,,"",2,,,,,,,,,,,,,0,"Fresh825",,,,68,""
80,,4,1,2,2,0,0,1,0,0,0,255,255,255,38,3182.448,"Sabo_10",L,32,79,129,-2.266,0.399,-0.877,1.486,-0.606,1.813,-36.636,62.797,0,100,0,1,"",-234.439,-32.552,-7.488,0,0,4,"=","=","=","=","=","=","=","=","=",8,R,"레이나2",179.7,80.118,0.403,,69,W,Y,0,,,,,,,,,,,,,,,,,,,,,,,,,,,,,0,0,,,,,,,,,,,,,,,,,,,,,,,,,,,,,,,,,,,,,,-0.291,-37.575,0.187,-17.768,-21.905,-47.026,-13.196,-62.068,22.599,-50.55,7.737,-65.529,35.777,-96.842,-5.909,-110.794,-49.437,-99.762,,,,"",,,,"",,,,"",,,,"",,,,"",,,,"",,,,"",,,,"",,,,3187.983,-0.278,-37.413,,,,,,,,,,,,,,,,,,,,,,,,,,,,,,,,,,,,,,,,,,,,,,,,,,,,"",0,,,,,,,,,,,,,0,"",,,,0,""
81,,4,1,2,2,1,0,1,0,0,0,255,255,255,39,3201.4,"Sabo_10",L,28,88,140,1.529,0.101,-0.574,1.48,0.78,1.59,-36.636,37.589,0,100,0,2,"",-70.306,-88.943,-17.498,0,0,4,"=","=","=","=","=","=","=","=","=",8,R,"레이나2",179.7,80.118,0.403,3,69,W,Y,1,3202.435,116,48,85,52,20,,137,79,43.469,24.368,0.309,0.972,-19.888,-0.98,0,0.174,-306.586,-213.202,1.857,3206.49,-19.943,-72.751,3206.623,3,-19.237,2.62,-70.663,0,0,,3207.835,,,,,,,,,,,,,3207.113,4,,452,0,,,,,,,,,,,,,,,,,,,-0.217,-37.543,0.173,-17.716,-21.884,-46.985,-13.8,-62.17,22.818,-50.754,8.716,-66.112,35.205,-99.689,-6.831,-111.715,-49.536,-99.637,-0.251,-36.984,,"Megu3568",0.142,-17.77,,"Fresh825",-21.665,-46.774,,"かめかめん",-13.806,-62.153,90,"しろくま。",22.893,-50.274,,"schmoneymikey",8.673,-66.018,,"Muna_328",35.212,-99.686,,"うよすま",-6.856,-111.676,,"하루（Haru）",-49.531,-99.629,,3210.238,-0.089,-38.825,,,,,,,3207.123,-19.534,-71.336,,,,,,,,,,,,,,,,,,,,,,,,,3208.449,-17.334,-67.427,,,,,,,,,,,,,,,,"",1,,,,,,,,,,,,,0,"かめかめん",,,,36,""
82,,4,1,2,2,0,0,2,0,0,0,255,255,255,40,3227.329,"Sabo_10",L,27,89,140,-0.015,0.485,-0.625,1.532,0.093,1.768,-36.636,35.185,0,100,0,0,"",-58.356,-143.254,-19.598,0,0,5,"=","=","=","=","=","=","=","=","=",6,L,"Azuner",179.8,80,0.301,,69,W,Y,0,,,,,,,,,,,,,,,,,,,,,,,,,,,,,0,0,,,,,,,,,,,,,,,,,,,,,,,,,,,,,,,,,,,,,,-0.155,-38.394,-0.14,-17.708,-20.914,-46.441,-11.374,-63.099,24.148,-48.298,13.566,-64.502,47.181,-91.892,5.753,-112.559,-44.005,-101.534,,,,"",,,,"",,,,"",,,,"",,,,"",,,,"",,,,"",,,,"",,,,3231.128,-0.144,-37.477,,,,,,,,,,,,,,,,,,,,,,,,,,,,,,,,,,,,,,,,,,,,,,,,,,,,"",0,,,,,,,,,,,,,0,"",,,,0,""
83,,4,1,2,2,0,1,2,0,0,0,255,255,255,41,3243.521,"Sabo_10",L,26,87,140,-0.969,0.735,-0.696,1.566,-0.239,1.884,-36.636,37.75,0,100,0,0,"",-123.531,-178.644,-30.828,0,0,5,"=","=","=","=","=","=","=","=","=",6,L,"Azuner",179.8,80,0.301,,69,W,Y,1,,,,,,,,,,,,,,,,,,,,,,,,,,,,,0,0,,,,,,,,,,,,,,,,,,,,,,,,,,,,,,,,,,,,,,-0.326,-37.712,-0.173,-17.669,-21.159,-46.434,-11.751,-63.221,24.191,-48.414,13.77,-64.208,47.216,-91.891,7.029,-113.708,-43.656,-101.788,,,,"",,,,"",,,,"",,,,"",,,,"",,,,"",,,,"",,,,"",,,,3247.082,-0.132,-37.486,,,,,,,,,,,,,,,,,,,,,,,,,,,,,,,,,,,,,,,,,,,,,,,,,,,,"",0,,,,,,,,,,,,,0,"",,,,0,""
84,,4,1,2,2,0,2,2,0,0,0,255,255,255,42,3260.562,"Sabo_10",L,33,86,139,-1.727,1.213,-0.766,1.665,-0.563,2.223,-36.636,51.07,0,100,0,1,"",-120.752,-115.278,-13.971,0,0,5,"=","=","=","=","=","=","=","=","=",6,L,"Azuner",179.8,80,0.301,,69,W,Y,0,,,,,,,,,,,,,,,,,,,,,,,,,,,,,0,32,,,,,,,,,,,,,,,,,,,,,,,,,,,,,,,,,,,,,,-0.27,-37.578,-0.149,-17.887,-20.942,-46.439,-11.791,-63.182,24.1,-48.399,13.751,-64.477,47.245,-91.898,5.751,-111.763,-44.084,-101.863,,,,"",,,,"",,,,"",,,,"",,,,"",,,,"",,,,"",,,,"",,,,3266.647,-0.13,-37.503,,,,,,,,,,,,,,,,,,,,,,,,,,,,,,,,,,,,,,,,,,,,,,,,,,,,"",0,,,,,,,,,,,,,0,"",,,,0,""
85,,4,1,2,2,1,2,2,0,0,0,255,255,255,43,3278.908,"Sabo_10",L,32,81,132,-1.093,0.972,-0.713,1.611,-0.217,2.053,-36.636,48,0,100,0,0,"",-161.461,-135.653,-20.344,0,0,5,"=","=","=","=","=","=","=","=","=",6,L,"Azuner",179.8,80,0.301,,69,W,Y,1,,,,,,,,,,,,,,,,,,,,,,,,,,,,,0,32,,,,,,,,,,,,,,,3281.561,5,,578,0,,,,,,,,,,,,,,,,,3281.949,1,-0.257,-37.668,-0.144,-18.102,-20.81,-47.366,-11.675,-63.665,24.112,-48.353,13.476,-63.569,47.474,-91.744,6.052,-111.63,-45.016,-101.129,,,,"",,,,"",,,,"",,,,"",,,,"",,,,"",,,,"",,,,"",,,,,,,,,,,,,,,,,,,,,,,,,,,,,,,,,,,,,,,,,,,,,,,,,,,,,,,,,,"",0,,,,,,,,,,,,,0,"",,,,0,""
86,SIDE,4,1,2,2,0,0,2,0,0,0,255,255,255,,3285.234,,,,,,,,,,,,,,,,,,,,,,,,6,"=","=","=","=","=","=","=","=","=",,,,,,,,,,,,,,,,,,,,,,,,,,,,,,,,,,,,,,,0,0,,,,,,,,,,,,,,,,,,,,,,,,,,,,,,,,,,,,,,,,,,,,,,,,,,,,,,,,,,,,,,,,,,,,,,,,,,,,,,,,,,,,,,,,,,,,,,,,,,,,,,,,,,,,,,,,,,,,,,,,,,,,,,,,,,,,,,,,,,,,,,,,,"",0,,,,,,,,,,,,,0,"",,,,0,""
87,,4,0,2,2,0,0,0,0,0,0,255,255,255,40,3327.897,"소솨소솨",R,33,85,138,-0.959,0.813,0.072,1.771,-0.597,2.038,-36.543,14.861,43,57,0,0,"",128.452,-92.709,0,0,0,6,"しろくま。","Megu3568","Sabo_10","하루（Haru）","Muna_328","かめかめん","Fresh825","schmoneymikey","うよすま",2,L,"Fresh825",190,80,0.2,,67,W,Y,0,,,,,,,,,,,,,,,,,,,,,,,,,,,,,0,0,,,,,,,,,,,,,,,,,,,,,,,,,,,,,,,,,,,,,,-0.192,-37.406,-0.065,-17.841,-18.887,-44.582,-13.626,-64.46,20.488,-47.681,13.785,-64.826,47.953,-102.02,0.636,-120.555,-43.132,-101.059,,,,"",,,,"",,,,"",,,,"",,,,"",,,,"",,,,"",,,,"",,,,,,,,,,,,,,,,,,,,,,,,,,,,,,,,,,,,,,,,,,,,,,,,,,,,,,,,,,"",0,,,,,,,,,,,,,0,"",,,,0,""
88,,4,0,2,2,0,1,0,0,0,0,255,255,255,41,3341.95,"소솨소솨",R,34,78,128,-1.196,1.031,0.058,1.821,-0.662,2.2,-36.543,13.608,49,51,0,2,"",92.017,-53.589,0,0,0,6,"=","=","=","=","=","=","=","=","=",2,L,"Fresh825",190,80,0.2,3,67,W,Y,1,3343.083,166,96,82,98,45,,145,95,105.671,34.855,-0.23,1.364,-19.527,-0.58,0,0.203,354.164,246.834,335.443,,,,,,,,,0,0,,,,,,,,,,,,,,,,,,,,,,,,,,,,,,,,,,,,,,-0.143,-37.414,-0.145,-17.814,-18.807,-44.596,-13.611,-64.435,20.539,-47.719,13.713,-64.988,47.841,-102.107,0.516,-120.338,-43.136,-101.061,-0.015,-37.554,,"눈꽃",-0.163,-17.814,,"甲斐野柊太",-18.654,-44.568,,"柴山犬吉",-13.537,-64.348,,"きりん SR",20.37,-47.555,,"coder_",14.328,-66.965,,"Azuner",47.852,-102.103,,"Amellaid",-0.431,-120.103,,"레이나2",-43.14,-101.065,,,,,,,,,,,,,,,,,,,,,,,,,,,,,,,,,,,,,,,,,,,,,,,,,,,,,,,,"",3,,,,,,,,,,,,,0,"",,,,0,""
89,,4,0,2,2,0,2,0,0,0,0,255,255,255,42,3389.672,"소솨소솨",R,33,87,140,-1.012,0.533,0.071,1.718,-0.599,1.865,-36.543,9.137,47,53,0,0,"",115.282,-90.864,0,0,0,6,"=","=","=","=","=","=","=","=","=",2,L,"Fresh825",190,80,0.2,,67,W,Y,1,,,,,,,,,,,,,,,,,,,,,,,,,,,,,0,0,,,,,,,,,,,,,,,3392.318,6,,578,0,,,,,,,,,,,,,,,,,,,-0.085,-37.606,-0.064,-17.853,-18.781,-44.578,-13.457,-64.742,20.708,-47.134,13.804,-64.627,49.574,-103.098,-3.318,-112.792,-44.481,-100.714,,,,"",,,,"",,,,"",,,,"",,,,"",,,,"",,,,"",,,,"",,,,,,,,,,,,,,,,,,,,,,,,,,,,,,,,,,,,,,,,,,,,,,,,,,,,,,,,,,"",0,,,,,,,,,,,,,0,"",,,,0,""
90,,4,0,2,2,0,0,1,0,0,0,255,255,255,43,3411.278,"소솨소솨",R,34,82,133,-1.453,0.364,0.041,1.677,-0.742,1.741,-36.543,10.506,54,46,0,2,"",74.419,-71.592,0,0,0,7,"=","=","=","=","=","=","=","=","=",5,L,"schmoneymikey",175.1,80,0.349,3,68,W,Y,1,3412.422,194,133,163,76,0,,145,82,54.724,21.894,-0.27,1.054,-20.354,-1,0,0.264,555.999,13.944,220.07,,,,3417.74,3,-20.922,2.632,-64.069,0,0,,,,,,,,,,,,,,,3418.297,7,,452,0,,,,,,,,,,,,,,,,,,,-0.158,-37.461,-0.084,-17.93,-18.622,-44.089,-13.498,-64.798,20.592,-48.407,12.91,-65.045,46.589,-100.79,4.196,-111.973,-42.269,-97.226,0.026,-37.453,,"눈꽃",-0.095,-17.925,,"甲斐野柊太",-18.405,-44.084,,"柴山犬吉",-13.424,-64.71,86,"きりん SR",20.471,-48.5,,"coder_",13.278,-66.938,,"Azuner",46.474,-100.849,,"Amellaid",4.157,-112.072,,"레이나2",-42.257,-97.078,,3421.447,0.189,-38.445,,,,,,,3418.308,-21.201,-64.502,,,,,,,,,,,,,,,,,,,,,,,,,3419.668,-20.756,-63.477,,,,,,,,,,,,,,,,"",1,,,,,,,,,,,,,0,"柴山犬吉",,,,136,""
91,,4,0,2,2,0,0,2,0,0,0,255,255,255,44,3437.376,"소솨소솨",R,33,84,136,0.27,0.387,0.183,1.673,-0.077,1.725,-36.543,3.722,45,55,0,0,"",135.305,-105.262,0,0,0,8,"=","=","=","=","=","=","=","=","=",7,R,"うよすま",175.4,85.329,0.498,,68,W,Y,0,,,,,,,,,,,,,,,,,,,,,,,,,,,,,0,0,,,,,,,,,,,,,,,,,,,,,,,,,,,,,,,,,,,,,,0.026,-37.344,-0.078,-17.878,-18.624,-44.033,-16.19,-62.955,19.956,-49.923,8.947,-66.969,42.896,-100.494,-2.739,-110.912,-46.165,-94.473,,,,"",,,,"",,,,"",,,,"",,,,"",,,,"",,,,"",,,,"",,,,3441.312,-0.277,-37.441,,,,,,,,,,,,,,,,,,,,,,,,,,,,,,,,,,,,,,,,,,,,,,,,,,,,"",0,,,,,,,,,,,,,0,"",,,,0,""
92,,4,0,2,2,0,1,2,0,0,0,255,255,255,45,3453.352,"소솨소솨",R,28,87,140,0.866,-0.677,0.255,1.503,0.254,1.129,-36.543,8.66,52,48,0,2,"",85.929,-88.218,0,0,0,8,"=","=","=","=","=","=","=","=","=",7,R,"うよすま",175.4,85.329,0.498,0,68,W,Y,1,3454.357,134,65,115,29,13,,139,131,10.511,36.4,0.16,0.654,-19.476,0.54,0,0.278,395.276,235.599,-379.303,,,,3457.198,8,-53.365,3.388,-87.423,0,0,,3460.094,,,,,,,,,,,,,3457.702,8,,457,0,,,,,,,,,,,,,,,,,,,0.065,-37.442,-0.067,-17.937,-19.082,-43.9,-16.176,-62.985,19.832,-49.963,9.05,-66.852,42.67,-100.568,-3.156,-110.797,-46.146,-94.481,-0.121,-37.64,,"눈꽃",-0.044,-17.922,,"甲斐野柊太",-18.84,-44.022,,"柴山犬吉",-16.122,-62.887,,"きりん SR",19.814,-49.988,,"coder_",9.313,-68.039,,"Azuner",42.764,-100.542,,"Amellaid",-3.244,-110.783,,"레이나2",-46.137,-94.481,106,,,,,,,,,,,,,,,,,,,,,,,,,3457.719,-54.185,-87.924,,,,,,,,,,,,,,,,,,,,,,,,,3459.007,-49.005,-83.729,"",1,,,,,,,,,,,,,0,"레이나2",,,,16,""
93,SIDE,4,0,2,2,0,0,2,0,0,0,255,255,255,,3460.224,,,,,,,,,,,,,,,,,,,,,,,,0,"=","=","=","=","=","=","=","=","=",,,,,,,,,,,,,,,,,,,,,,,,,,,,,,,,,,,,,,,0,0,,,,,,,,,,,,,,,,,,,,,,,,,,,,,,,,,,,,,,,,,,,,,,,,,,,,,,,,,,,,,,,,,,,,,,,,,,,,,,,,,,,,,,,,,,,,,,,,,,,,,,,,,,,,,,,,,,,,,,,,,,,,,,,,,,,,,,,,,,,,,,,,,"",0,,,,,,,,,,,,,0,"",,,,0,""
94,,5,1,2,2,0,0,0,0,0,0,255,255,255,44,3511.134,"Sabo_10",L,26,90,140,0.677,0.694,-0.628,1.573,0.542,1.894,-36.636,39.725,0,100,0,0,"",-170.521,-175.185,-24.994,0,0,6,"coder_","눈꽃","甲斐野柊太","소솨소솨","레이나2","Azuner","きりん SR","柴山犬吉","Amellaid",4,R,"きりん SR",188.7,85,0.2,,67,W,Y,0,,,,,,,,,,,,,,,,,,,,,,,,,,,,,0,0,,,,,,,,,,,,,,,,,,,,,,,,,,,,,,,,,,,,,,-0.231,-37.662,0.188,-17.704,-22.82,-47.118,-12.788,-62.242,23.095,-50.182,8.26,-65.718,33.852,-101.336,-7.346,-114.25,-49.779,-100.212,,,,"",,,,"",,,,"",,,,"",,,,"",,,,"",,,,"",,,,"",,,,,,,,,,,,,,,,,,,,,,,,,,,,,,,,,,,,,,,,,,,,,,,,,,,,,,,,,,"",0,,,,,,,,,,,,,0,"",,,,0,""
95,,5,1,2,2,0,1,0,0,0,0,255,255,255,45,3528.615,"Sabo_10",L,32,77,127,-0.819,0.584,-0.841,1.542,-0.005,1.939,-36.636,67.219,0,100,0,2,"",-211.381,-37.216,-6.51,0,0,6,"=","=","=","=","=","=","=","=","=",4,R,"きりん SR",188.7,85,0.2,5,67,W,Y,1,3529.581,255,93,78,52,15,,142,130,-30,70.973,-0.138,1.205,-19.858,0.69,0,0.344,-402.124,308.651,225.15,3529.027,-1.993,-20.493,,,,,,0,0,,,,,,,,,,,,,,,,,,,,,,,,,,,,,,,,,,,,,,-0.243,-37.743,0.13,-17.642,-22.853,-47.121,-13.108,-62.444,23.102,-50.995,8.557,-66.494,33.883,-101.326,-6.094,-112.617,-50.253,-100.221,-0.279,-37.216,,"Megu3568",0.104,-17.648,,"Fresh825",-22.702,-46.957,,"かめかめん",-13.008,-62.467,,"しろくま。",22.917,-50.829,,"schmoneymikey",8.077,-66.203,,"Muna_328",33.886,-101.32,,"うよすま",-6.198,-112.693,,"하루（Haru）",-50.244,-100.235,,,,,,,,,,,,,,,,,,,,,,,,,,,,,,,,,,,,,,,,,,,,,,,,,,,,,,,,"",3,72.055,67.406,33.733,0.608,2,0.139,-64.817,-54.065,-7.621,-69.393,0.062,102.726,0,"",,,,0,""
96,,5,1,2,2,0,2,0,0,0,0,255,255,255,46,3548.125,"Sabo_10",L,26,87,140,1.817,0.087,-0.558,1.462,0.87,1.532,-36.636,30.446,0,100,0,2,"",-45.831,-157.515,-29.812,0,0,6,"=","=","=","=","=","=","=","=","=",4,R,"きりん SR",188.7,85,0.2,5,67,W,Y,1,3549.077,118,49,81,37,12,,137,84,-41.753,-13.688,0.362,1.021,-19.903,-1,0,0.398,34.73,73.852,-424.44,3548.511,0.613,-20.941,3551.756,5,8.925,0.188,-55.733,0,0,,3554.59,,,,,,,,,,,,,3555.031,6,,147,128,,,,,,,,,,,,,,,,,,,-0.239,-37.489,0.24,-17.624,-22.742,-46.911,-13.796,-62.672,23.63,-51.103,8.279,-65.783,35.124,-102.64,-7.205,-113.628,-51.308,-99.189,-0.353,-36.97,,"Megu3568",0.243,-17.646,,"Fresh825",-22.746,-46.392,85,"かめかめん",-13.8,-62.662,,"しろくま。",22.861,-51.402,,"schmoneymikey",8.278,-65.782,96,"Muna_328",35.16,-102.621,,"うよすま",-7.211,-113.621,,"하루（Haru）",-51.306,-99.177,,3559.587,-0.097,-37.998,,,,3554.38,-18.147,-40.449,,,,,,,3552.029,8.954,-56.497,,,,,,,,,,,,,,,,3558.481,-17.555,-39.899,,,,,,,3552.981,4.202,-53.735,,,,,,,,,,"",2,-126.532,-16.652,24.734,1,1,0.782,-42.281,-41.753,-11.364,-40.043,0.001,-94.33,0,"schmoneymikey",,,,196,""
97,,5,1,2,2,0,0,1,0,0,0,255,255,255,47,3584,"Sabo_10",L,5,76,112,-1.475,0.596,-0.944,1.506,-0.741,1.951,-36.636,72.524,0,100,0,2,"",70.384,0,-4.619,0,0,7,"=","=","=","=","=","=","=","=","=",3,R,"柴山犬吉",169.9,90.243,0.5,5,67,W,Y,1,3585.125,118,163,105,66,37,,137,106,25.507,-25.706,-0.285,1.112,-20.702,0.86,0,0.22,184.334,-37.453,53.021,,,,3589.411,6,38.523,2.451,-99.611,0,0,,3590.271,,,,,,,,,,,,,3590.026,7,,455,0,,,,,,,,,,,,,,,,,,,-0.311,-37.582,0.149,-17.735,-23.234,-47.985,-13.021,-61.647,23.109,-48.909,7.085,-64.956,43.223,-97.063,-3.149,-110.819,-49.242,-98.509,-0.304,-36.922,,"Megu3568",0.088,-17.753,,"Fresh825",-23.009,-47.816,,"かめかめん",-13.039,-61.638,,"しろくま。",22.804,-49.054,,"schmoneymikey",7.059,-64.878,85,"Muna_328",43.22,-97.054,90,"うよすま",-3.158,-110.8,,"하루（Haru）",-49.247,-98.516,,3597.599,0.416,-44.697,,,,,,,,,,,,,3594.368,8.303,-66.962,3590.037,38.793,-100.208,,,,,,,,,,,,,,,,,,,,,,3596.172,8.113,-65.39,3592.029,38.309,-99.275,,,,,,,"",1,-28.384,-28.384,-9.313,0,1,0.8,45.556,29.83,55.758,70.402,0.05,-36.586,0,"Muna_328",,,,148,""
98,,5,1,2,2,0,0,2,0,0,0,255,255,255,48,3625.13,"Sabo_10",L,26,84,136,-0.793,0.94,-0.675,1.574,-0.138,1.941,-36.636,44.009,0,100,0,2,"",-126.69,-170.603,-25.07,0,0,8,"=","=","=","=","=","=","=","=","=",7,L,"Amellaid",160,80.447,0.403,5,67,W,Y,1,3625.971,255,248,122,9,41,,140,93,104.195,55.278,-0.124,1.222,-20.787,-0.07,0,0.568,280.296,-176.268,-456.681,,,,,,,,,0,0,,,,,,,,,,,,,,,,,,,,,,,,,,,,,,,,,,,,,,-0.25,-37.573,-0.039,-17.845,-21.796,-48.749,-11.927,-62.417,21.367,-45.536,13.443,-64.207,42.478,-84.057,4.382,-110.918,-49.458,-95.087,-0.162,-37.186,,"Megu3568",-0.112,-17.908,,"Fresh825",-21.668,-48.635,,"かめかめん",-11.582,-62.702,,"しろくま。",21.376,-45.352,,"schmoneymikey",13.37,-64.058,,"Muna_328",42.433,-84.004,,"うよすま",4.393,-110.897,,"하루（Haru）",-49.461,-95.086,,,,,,,,,,,,,,,,,,,,,,,,,,,,,,,,,,,,,,,,,,,,,,,,,,,,,,,,"",3,53.869,52.57,8.57,0,0,1,75.805,75.805,51.864,75.805,0,70.463,0,"",,,,0,""
99,,5,1,2,2,0,1,2,0,0,0,255,255,255,49,3645.258,"Sabo_10",L,32,77,127,-4.306,1.528,-0.865,1.548,-1.638,2.372,-36.636,78.359,0,100,0,3,"TW+",-157.089,-7.954,-4.166,-1.098,-21.429,8,"=","=","=","=","=","=","=","=","=",7,L,"Amellaid",160,80.447,0.403,,67,W,Y,0,,,,,,,,,,,,,,,,,,,,,,,,,,,,,0,0,,,,,,,,,,,,,,,,,,,,,,,,,,,,,,,,,,,,,,-0.22,-37.696,-0.03,-17.81,-21.676,-48.271,-12.168,-62.519,20.302,-43.602,14.663,-62.901,42.281,-83.591,4.973,-110.632,-47.954,-94.886,,,,"",,,,"",,,,"",,,,"",,,,"",,,,"",,,,"",,,,"",,,,,,,,,,,,,,,,,,,,,,,,,,,,,,,,,,,,,,,,,,,,,,,,,,,,,,,,,,"",6,,,,,,,,,,,,,0,"",,,,0,""
100,,5,1,2,2,0,0,2,1,0,0,7,255,255,52,3684.248,"Sabo_10",L,26,86,139,2.234,0.372,-0.497,1.497,1.152,1.646,-36.636,29.898,0,100,0,1,"",-127.586,-158.165,-42.27,0,0,0,"=","=","=","=","=","=","=","=","=",5,R,"coder_",164.3,80,0.2,,67,W,Y,0,,,,,,,,,,,,,,,,,,,,,,,,,,,,,0,0,,,,,,,,,,,,3685.291,,,,,,,,,,,,,,,,,,,,,,,,,,-0.223,-37.509,0.277,-18.044,-19.948,-40.028,-12.753,-62.376,20.496,-46.415,6.538,-63.601,34.057,-97.549,-6.051,-110.459,-46.237,-92.456,,,,"",,,,"",,,,"",,,,"",,,,"",,,,"",,,,"",,,,"",,,,,,,,,,,,,,,,,,,,,,,,,,,,,,,,,,,,,,,,,,,,,,,,,,,,,,,,,,"",0,,,,,,,,,,,,,0,"",,,,0,""
101,,5,1,2,2,1,0,2,1,0,0,7,255,255,53,3704.737,"Sabo_10",L,27,85,138,0.724,0.453,-0.631,1.511,0.53,1.698,-36.636,40.03,0,100,0,2,"",-144.642,-148.459,-27.592,0,0,0,"=","=","=","=","=","=","=","=","=",5,R,"coder_",164.3,80,0.2,5,67,W,Y,1,3705.75,141,79,140,71,36,,145,99,26.341,47.845,0.147,0.99,-20.025,0.92,0,0.097,233.34,145.926,-531.41,3710.361,-65.709,-77.085,,,,,,0,0,,,,,3711.352,3762.178,,,,,,3724.225,,,,,,,,,,,,,,,,,,3736.05,2,,,,,,,-0.21,-37.471,0.217,-18.051,-20.13,-40.166,-12.636,-62.315,20.38,-46.483,7.681,-64.346,33.098,-98.221,-3.492,-109.484,-45.766,-92.354,-0.228,-37.399,,"Megu3568",0.176,-18.121,,"Fresh825",-19.286,-39.816,,"かめかめん",-12.817,-62.214,,"しろくま。",20.253,-46.464,,"schmoneymikey",7.29,-64.156,,"Muna_328",33.098,-98.209,,"うよすま",-3.491,-109.4,,"하루（Haru）",-45.766,-92.357,,,,,,,,,,,,,,,,,,,,,,,,,,,,,,,,,,,,,,,,,,,,,,,,,,,,,,,,"",3,45.738,44.803,8.769,0,2,0.336,89.515,39.16,1.16,89.002,0.063,137.316,0,"",3762.178,,,0,""
102,,5,1,2,2,2,1,2,0,1,0,255,7,255,54,3915.804,"Sabo_10",L,33,80,130,-0.558,0.299,-0.775,1.528,-0.141,1.763,-36.636,56.315,0,100,0,2,"",-108.172,-27.326,-5.311,0,0,0,"=","=","=","=","=","=","=","=","=",5,R,"coder_",164.3,80,0.2,5,66,W,Y,1,3916.824,220,100,126,150,40,,145,81,-35.054,-29.964,-0.239,1.042,-20.691,-0.99,0,0.457,449.764,328.215,-222.714,3916.302,0.45,-21.896,3918.498,4,14.78,0.152,-46.974,1,0,,3921.101,,,,,,,,,,,3952.709,,,,,,,,,,,,,,,,,,,,,,,,,-0.271,-37.852,0.16,-17.722,-20.749,-45.465,-12.756,-62.472,21.794,-46.859,6.398,-65.195,36.366,-101.634,-6.161,-110.811,-48.423,-96.946,-0.091,-37.026,,"Megu3568",0.059,-17.848,,"Fresh825",-20.562,-45.305,85,"かめかめん",-12.8,-62.446,,"しろくま。",21.77,-46.827,119,"schmoneymikey",5.803,-64.447,,"Muna_328",36.311,-101.685,,"うよすま",-6.35,-110.355,,"하루（Haru）",-48.416,-96.914,,3929.452,-0.309,-38.275,,,,3921.206,-18.102,-40.317,,,,3919.158,15.133,-47.269,,,,,,,,,,,,,,,,,,,3928.398,-17.358,-40.11,,,,3920.002,10.101,-47.337,,,,,,,,,,,,,"",2,-31.841,-31.841,7.121,0,0,1,-35.054,-35.054,-70.683,-35.054,0,-85.301,0,"しろくま。",3920.781,,,69,""
103,,5,1,2,2,0,0,2,1,1,0,5,7,255,55,3953.634,"Sabo_10",L,33,77,128,-2.738,0.581,-0.85,1.544,-0.945,1.956,-36.636,57.955,0,100,0,1,"",-145.455,-22.827,-4.379,0,0,1,"=","=","=","=","=","=","=","=","=",1,L,"눈꽃",190,85,0.502,,65,W,Y,0,,,,,,,,,,,,,,,,,,,,,,,,,,,,,0,0,,,,,,,,,,,,3972.615,3970.953,,,,,,,,,,,,,,,,,,,,,,,,,-0.286,-37.582,-0.038,-17.863,-20.04,-39.612,-3.351,-63.166,24.151,-47.981,12.473,-62.811,42.29,-98.566,4.112,-115.029,-45.603,-95.872,,,,"",,,,"",,,,"",,,,"",,,,"",,,,"",,,,"",,,,"",,,,3960.614,-0.204,-37.344,,,,,,,,,,,,,,,,,,,,,,,,,,,,,,,,,,,,,,,,,,,,,,,,,,,,"",0,,,,,,,,,,,,,0,"",3956.792,,,0,""
104,,5,1,2,2,1,0,2,1,1,0,5,7,255,56,3973.127,"Sabo_10",L,32,84,136,-0.229,0.248,-0.614,1.498,0.154,1.651,-36.636,35.802,0,100,0,0,"",-166.736,-135.109,-21.569,0,0,1,"=","=","=","=","=","=","=","=","=",1,L,"눈꽃",190,85,0.502,,65,W,Y,1,,,,,,,,,,,,,,,,,,,,,,,,,,,,,0,0,,,,,,,,,,,,3996.32,3994.692,,,,,,,,,,,,,,,,,,,,,,,3978.53,1,-0.251,-37.457,-0.066,-17.977,-19.928,-39.714,-4.642,-63.035,23.763,-47.427,12.949,-62.905,42.884,-98.198,4.216,-112.169,-48.608,-96.292,,,,"",,,,"",,,,"",,,,"",,,,"",,,,"",,,,"",,,,"",,,,3981.053,0.08,-37.538,,,,,,,,,,,,,,,,,,,,,,,,,,,,,,,,,,,,,,,,,,,,,,,,,,,,"",0,,,,,,,,,,,,,0,"",3976.095,,,0,""
105,,5,1,2,2,1,1,2,1,1,0,5,7,255,57,3996.833,"Sabo_10",L,32,82,133,-2.14,0.424,-0.792,1.557,-0.674,1.84,-36.636,47.875,0,100,0,2,"",-160.298,-42.548,-7.309,0,0,1,"=","=","=","=","=","=","=","=","=",1,L,"눈꽃",190,85,0.502,5,65,W,Y,1,3997.913,220,107,115,95,55,,145,89,58.905,23.809,-0.392,1.168,-20.154,-0.99,0,0.365,452.711,-158.891,73.77,4003.407,-20.219,-64.498,4003.523,3,-19.819,2.787,-63.383,0,0,,4003.698,,,,4002.252,,,4002.688,,,,,,4004.22,1,,452,0,,,,,,,,,,,,,,,,,,,-0.283,-37.372,-0.09,-17.731,-19.94,-39.91,-8.697,-64.044,22.833,-46.862,12.916,-63.581,42.904,-98.248,3.523,-112.632,-46.712,-95.232,0.001,-37.017,,"Megu3568",-0.312,-18.108,,"Fresh825",-19.672,-40.201,,"かめかめん",-10.158,-63.486,87,"しろくま。",22.795,-46.778,,"schmoneymikey",13.192,-63.216,,"Muna_328",43.114,-98.19,,"うよすま",3.511,-112.785,,"하루（Haru）",-46.715,-95.238,,,,,,,,,,,4004.231,-20.02,-63.743,,,,,,,,,,,,,,,,,,,,,,,,,4006.358,-16.42,-57.625,,,,,,,,,,,,,,,,"",1,22.984,22.984,12.118,0,2,0.022,68.834,58.905,-2.992,70.287,0.068,-63.831,0,"かめかめん",4002.252,4002.688,,32,""
106,SIDE,5,1,2,2,0,0,2,1,1,0,5,7,255,,4006.531,,,,,,,,,,,,,,,,,,,,,,,,2,"=","=","=","=","=","=","=","=","=",,,,,,,,,,,,,,,,,,,,,,,,,,,,,,,,,,,,,,,0,0,,,,,,,,,,,,,,,,,,,,,,,,,,,,,,,,,,,,,,,,,,,,,,,,,,,,,,,,,,,,,,,,,,,,,,,,,,,,,,,,,,,,,,,,,,,,,,,,,,,,,,,,,,,,,,,,,,,,,,,,,,,,,,,,,,,,,,,,,,,,,,,,,"",0,,,,,,,,,,,,,0,"",,,,0,""
107,,5,0,2,2,0,0,0,0,0,0,255,255,255,46,4048.429,"소솨소솨",R,33,78,128,3.398,1.503,0.476,1.906,1.282,2.476,-36.543,33.654,81,19,0,2,"",119.057,-73.125,0,0,0,0,"しろくま。","Megu3568","Sabo_10","하루（Haru）","Muna_328","かめかめん","Fresh825","schmoneymikey","うよすま",4,R,"しろくま。",189.3,96,0.304,5,65,W,Y,1,4049.433,112,38,86,32,14,,136,84,-79.593,4.537,0.63,1.578,-20.221,-1,0,0.262,10.834,18.558,-524.024,4048.707,0.604,-20.498,4051.756,0,-0.355,1.894,-29.519,0,0,,4055.277,,,,,,,,,,,,,4054.829,0,,147,8,,,,,,,,,,,,,,,,,,,-0.004,-37.31,-0.065,-17.698,-19.186,-44.393,-15.989,-62.971,22.696,-49.567,8.065,-67.267,44.888,-101.252,2.416,-113.959,-49.096,-95.788,0.653,-37.491,120,"눈꽃",-0.044,-17.691,,"甲斐野柊太",-18.983,-44.436,81,"柴山犬吉",-15.973,-62.855,,"きりん SR",22.272,-49.409,,"coder_",8.306,-68.185,,"Azuner",44.933,-101.235,,"Amellaid",1.623,-114.549,,"레이나2",-49.067,-95.814,,4052.45,-0.431,-29.999,,,,4054.193,-19.123,-39.237,,,,,,,,,,,,,,,,,,,4053.221,-2.059,-31.429,,,,4057.025,-17.913,-39.813,,,,,,,,,,,,,,,,,,,"",2,3.53,3.53,3.896,0,0,1,-79.593,-79.593,-42.938,-79.593,0,2.043,0,"소솨소솨",,,,12,""
108,,5,0,2,2,0,0,1,0,0,0,255,255,255,47,4074.726,"소솨소솨",R,33,84,137,0.815,0.821,0.243,1.777,0.2,2.056,-36.543,8.783,43,57,0,0,"",106.576,-75.71,0,0,0,1,"=","=","=","=","=","=","=","=","=",1,R,"Megu3568",190,88.251,0.405,,75,W,Y,0,,,,,,,,,,,,,,,,,,,,,,,,,,,,,0,0,,,,,,,,,,,,,,,,,,,,,,,,,,,,,,,,,,,,,,0.053,-37.431,-0.083,-17.82,-18.953,-44.107,-16.065,-62.896,19.916,-51.037,8.454,-66.732,43.849,-99.838,-1.256,-111.885,-49.15,-96.539,,,,"",,,,"",,,,"",,,,"",,,,"",,,,"",,,,"",,,,"",,,,4078.84,-0.47,-37.488,,,,,,,,,,,,,,,,,,,,,,,,,,,,,,,,,,,,,,,,,,,,,,,,,,,,"",0,,,,,,,,,,,,,0,"",,,,0,""
109,,5,0,2,2,0,1,1,0,0,0,255,255,255,48,4092.199,"소솨소솨",R,27,86,139,2.308,-0.068,0.387,1.595,0.869,1.467,-36.543,15.198,53,47,0,2,"",91.845,-116.018,0,0,0,1,"=","=","=","=","=","=","=","=","=",1,R,"Megu3568",190,88.251,0.405,3,75,W,Y,1,4093.304,255,149,151,120,53,,145,87,57.722,40.162,0.427,0.991,-20.358,-1,0,0.344,305.738,347.15,168.185,4097.994,-41.527,-58.742,,,,,,0,0,,4098.893,,,,,,,,,,,,,,,,,,,,,,,,,,,,,,,,,,,,0.065,-37.274,-0.023,-17.956,-18.92,-43.614,-16.056,-62.957,19.945,-51.859,9.181,-66.772,42.771,-100.265,-0.512,-116.819,-49.163,-96.544,-0.095,-37.576,,"눈꽃",-0.024,-17.953,,"甲斐野柊太",-18.784,-43.688,,"柴山犬吉",-15.944,-62.982,,"きりん SR",19.985,-51.789,,"coder_",9.356,-68.536,,"Azuner",42.889,-100.227,,"Amellaid",-3.663,-117.222,,"레이나2",-49.158,-96.533,,,,,,,,,,,,,,,,,,,,,,,,,,,,,,,,,,,,,,,,,,,,,,,,,,,,,,,,"",3,,,,,,,,,,,,,0,"",,,,0,""
110,,5,0,2,2,0,2,1,0,0,0,255,255,255,49,4130.547,"소솨소솨",R,3,70,110,-3.651,0.609,0.055,1.76,-0.674,2.002,-36.543,9.173,17,83,0,2,"",-500,0,0,0,0,1,"=","=","=","=","=","=","=","=","=",1,R,"Megu3568",190,88.251,0.405,3,75,W,Y,1,4131.825,255,161,123,114,62,,145,118,29.449,35.411,-0.688,1.243,-20.291,0.78,0,0.401,499.241,162.654,149.889,4136.103,-66.351,-103.13,4136.24,8,-64.081,2.499,-100.356,0,0,,4137.647,,,,,,,,,,,,,4137.033,1,,457,0,,,,,,,,,,,,,,,,,,,-0.063,-37.387,0.102,-17.919,-18.868,-43.55,-16.345,-63.029,21.284,-50.202,9.544,-66.755,42.862,-100.215,-3.413,-111.538,-51.791,-96.212,0.084,-37.558,,"눈꽃",-1.174,-17.948,,"甲斐野柊太",-18.818,-43.524,,"柴山犬吉",-16.265,-62.967,,"きりん SR",21.287,-49.835,,"coder_",9.764,-68.346,85,"Azuner",42.724,-100.256,,"Amellaid",-3.614,-111.69,,"레이나2",-51.777,-96.193,104,4143.62,-0.117,-38.8,,,,,,,,,,,,,4141.268,-2.909,-61.4,,,,,,,4137.047,-64.538,-100.834,,,,,,,,,,,,,,,,4142.445,-3.225,-58.092,,,,,,,4138.11,-59.133,-97.607,"",1,,,,,,,,,,,,,0,"레이나2",,,,25,""
111,,5,0,2,2,0,0,2,0,0,0,255,255,255,50,4160.896,"소솨소솨",R,3,77,115,-0.183,-0.348,0.357,1.576,0.731,1.399,-36.543,29.546,0,100,0,0,"",-474.545,0,0,0,0,2,"=","=","=","=","=","=","=","=","=",0,L,"Sabo_10",185.3,90,0.502,,65,W,Y,0,,,,,,,,,,,,,,,,,,,,,,,,,,,,,0,0,,,,,,,,,,,,,,,,,,,,,,,,,,,,,,,,,,,,,,-0.034,-37.539,-0.089,-17.957,-19.482,-44.329,-13.425,-64.57,22.643,-49.857,14.137,-64.498,47.312,-106.267,4.442,-117.421,-43.509,-100.829,,,,"",,,,"",,,,"",,,,"",,,,"",,,,"",,,,"",,,,"",,,,4164.507,-0.171,-37.09,,,,,,,,,,,,,,,,,,,,,,,,,,,,,,,,,,,,,,,,,,,,,,,,,,,,"",0,,,,,,,,,,,,,0,"",,,,0,""
112,,5,0,2,2,0,1,2,0,0,0,255,255,255,51,4175.441,"소솨소솨",R,3,68,109,-0.893,-0.267,0.296,1.593,0.446,1.457,-36.543,32.07,29,71,0,2,"",-454.184,0,0,0,0,2,"=","=","=","=","=","=","=","=","=",0,L,"Sabo_10",185.3,90,0.502,0,65,W,Y,1,4176.5,180,86,0,11,7,,17,40,61.022,-29.205,-0.081,1.024,-20.908,-0.26,0,0.739,518.84,-101.538,-170.004,,,,4179.911,0,8.895,2.983,-34.93,0,0,,4182.202,,,,,,,,,,,,,4180.6,2,,449,0,,,,,,,,,,,,,,,,,,,-0.187,-37.384,-0.107,-17.998,-18.818,-44.295,-13.387,-64.552,22.496,-49.813,12.986,-65.186,47.468,-105.869,4.405,-117.488,-45.264,-99.902,-0.054,-37.469,,"눈꽃",-0.118,-17.999,,"甲斐野柊太",-18.709,-44.3,,"柴山犬吉",-13.271,-64.518,,"きりん SR",22.451,-49.765,,"coder_",13.334,-65.849,,"Azuner",47.491,-105.869,,"Amellaid",4.354,-117.429,,"레이나2",-45.356,-99.87,,4180.608,9.02,-35.372,,,,,,,,,,,,,,,,,,,,,,,,,,,,,,,,,,,,,,,,,,,,,,,,,,,,"",1,,,,,,,,,,,,,0,"소솨소솨",,,,8,""
113,,6,1,2,2,0,0,0,0,0,0,255,255,255,58,4251.16,"Sabo_10",L,32,85,138,0.261,0.556,-0.716,1.551,0.354,1.922,-36.636,47.373,0,100,0,0,"",-157.85,-46.698,-9.2,0,0,2,"coder_","눈꽃","甲斐野柊太","소솨소솨","레이나2","Azuner","きりん SR","柴山犬吉","Amellaid",2,R,"甲斐野柊太",190,80,0.2,,64,W,Y,1,,,,,,,,,,,,,,,,,,,,,,,,,,,,,0,0,,,,,,,,,,,,,,,,,,,,,,,,,,,,,,,,,,,,,,-0.257,-37.689,0.159,-17.758,-21.177,-44.781,-12.375,-62.049,22.217,-48.216,8.693,-66.156,36.482,-102.254,-6.704,-111.543,-50.464,-100.365,,,,"",,,,"",,,,"",,,,"",,,,"",,,,"",,,,"",,,,"",,,,,,,,,,,,,,,,,,,,,,,,,,,,,,,,,,,,,,,,,,,,,,,,,,,,,,,,,,"",0,,,,,,,,,,,,,0,"",,,,0,""
114,,6,1,2,2,0,1,0,0,0,0,255,255,255,59,4270.554,"Sabo_10",L,27,85,138,3.538,-0.125,-0.405,1.432,1.58,1.436,-36.636,25.775,0,100,0,2,"",-18.623,-113.402,-12.906,0,0,2,"=","=","=","=","=","=","=","=","=",2,R,"甲斐野柊太",190,80,0.2,5,64,W,Y,1,4271.586,200,129,222,134,51,,145,94,34.672,35.214,0.688,0.943,-19.9,-0.77,0.048,0.215,277.262,531.341,-28.336,4275.978,-50.491,-75.126,4276.782,8,-53.519,0.913,-77.751,1,0,,4277.453,,,,,,,,,,,,,,,,,,,,,,,,,,,,4282.828,2,,,,,,,-0.163,-37.52,0.177,-17.881,-21.216,-44.83,-12.621,-62.212,22.402,-48.194,8.427,-65.747,36.49,-102.262,-7.351,-111.693,-50.475,-100.383,-0.41,-37.417,,"Megu3568",0.248,-18.237,,"Fresh825",-20.956,-44.678,80,"かめかめん",-12.611,-62.203,,"しろくま。",22.327,-47.93,,"schmoneymikey",8.417,-65.711,,"Muna_328",36.489,-102.256,,"うよすま",-7.355,-111.673,,"하루（Haru）",-50.473,-100.38,85,4286.017,-0.59,-38.462,,,,4281.198,-18.838,-40.025,,,,,,,,,,,,,,,,4277.583,-54.009,-78.601,,,,,,,4284.944,-16.538,-40.313,,,,,,,,,,,,,,,,4278.6,-50.59,-74.006,"",2,31.531,31.531,-1.16,0,1,0.525,81.852,34.672,-3.328,70.414,0.026,93.977,0,"하루（Haru）",,,,76,""
115,,6,1,2,2,0,0,0,1,0,0,2,255,255,60,4303.048,"Sabo_10",L,32,81,132,-0.265,0.564,-0.803,1.53,0.201,1.93,-36.636,48.144,0,100,0,2,"",-198.069,-41.088,-6.757,0,0,3,"=","=","=","=","=","=","=","=","=",0,R,"소솨소솨",190,80,0.503,5,64,W,Y,1,4304.047,150,182,72,84,28,,142,113,26.057,-13.475,-0.05,1.234,-20.422,0.89,0,0.853,592.47,40.772,85.537,4308.586,23.204,-120.178,4311.086,6,22.434,0.055,-127.849,1,0,,4310.196,4314.72,,,4309.175,4314.412,,,,,,,,,,,,,,,,,,,,,,,,,,,,,,,-0.328,-37.777,0.219,-17.558,-20.151,-39.87,-13.629,-62.024,22.388,-49.881,7.301,-64.881,41.052,-101.16,-9.603,-112.07,-47.461,-93.96,-0.246,-37.028,,"Megu3568",0.148,-17.635,120,"Fresh825",-19.492,-40.882,,"かめかめん",-13.587,-62.017,,"しろくま。",22.318,-49.785,,"schmoneymikey",6.699,-65.071,105,"Muna_328",41.043,-101.151,,"うよすま",-9.617,-111.948,,"하루（Haru）",-47.468,-93.97,,4325.253,-0.169,-37.29,4320.126,-1.092,-18.925,,,,,,,,,,4316.513,17.357,-73.1,4311.969,22.212,-127.507,,,,,,,,,,4324.402,-0.203,-19.857,,,,,,,,,,4317.645,16.935,-68.066,,,,,,,,,,"",2,-15.491,-15.491,-11.886,0,2,0.435,86.254,37.091,-0.909,88.963,0.075,3.698,0,"Muna_328",4309.175,4314.412,,150,""
116,,6,1,2,2,0,0,0,0,1,1,255,0,2,0,4603.873,"Fresh825",R,32,88,140,-0.119,0.485,0.116,1.629,-0.388,1.76,-36.441,16.322,0,100,0,2,"",250,-151.003,5.435,0,0,4,"=","=","=","=","=","=","=","=","=",8,R,"레이나2",179.7,80.118,0.403,3,63,W,Y,1,4604.936,255,57,95,85,34,,145,127,22.718,22.515,-0.147,1.249,-20.725,0.45,0,0.192,115.723,333.485,420.977,4608.652,-51.252,-117.512,4611.432,8,-48.186,0.058,-107.006,1,0,,4610.112,4614.623,,,,,,4613.813,,4614.793,,4604.212,4609.989,,,,,,,,,,,,,,,,,,,,,,,,-0.106,-37.585,0.194,-17.861,-24.208,-48.097,-12.001,-60.166,20.497,-42.918,7.919,-64.906,42.241,-100.144,-6.963,-111.26,-47.305,-98.748,0.022,-37.218,,"Megu3568",0.08,-17.957,,"Muna_328",-24.201,-48.102,,"かめかめん",-11.998,-60.131,,"しろくま。",17.961,-45.804,,"schmoneymikey",7.884,-64.817,74,"하루（Haru）",42.238,-100.151,,"うよすま",-6.952,-111.201,,"Sabo_10",-47.061,-99.072,116,4624.553,0.403,-38.546,,,,,,,,,,,,,4615.854,1.34,-57.973,,,,,,,4612.405,-48.15,-107.592,,,,,,,,,,,,,,,,4623.482,6.476,-51.043,,,,,,,4613.077,-47.085,-105.193,"",2,,,,,,,,,,,,,0,"Sabo_10",4614.623,4609.62,4614.793,196,""
117,,6,1,3,2,0,0,0,0,1,1,255,8,0,1,4640.895,"Fresh825",R,33,87,140,-0.896,0.72,0.083,1.68,-0.546,1.935,-36.441,14.762,0,100,0,0,"",115.994,-109.047,7.841,0,0,5,"=","=","=","=","=","=","=","=","=",6,L,"Azuner",179.8,80,0.301,,63,W,Y,1,,,,,,,,,,,,,,,,,,,,,,,,,,,,,0,0,,,,,,,,,,,,,4658.487,4641.081,,,,,,,,,,,,,,,,,,,,,,,,-0.168,-37.631,-0.175,-17.606,-20.235,-47.677,-10.369,-61.028,20.738,-43.608,13.42,-60.837,43.058,-97.948,5.851,-111.446,-44.65,-97.404,,,,"",,,,"",,,,"",,,,"",,,,"",,,,"",,,,"",,,,"",,,,4646.092,-0.259,-37.813,,,,,,,,,,,,,,,,,,,,,,,,,,,,,,,,,,,,,,,,,,,,,,,,,,,,"",0,,,,,,,,,,,,,0,"",4643.502,4643.167,,0,""
118,,6,1,3,2,0,1,0,0,1,1,255,8,0,2,4659.722,"Fresh825",R,32,75,126,4.779,2.399,0.415,1.834,1.759,2.918,-36.441,54.658,48,52,0,1,"",205.051,-111.536,-0.849,0,0,5,"=","=","=","=","=","=","=","=","=",6,L,"Azuner",179.8,80,0.301,,63,W,Y,0,,,,,,,,,,,,,,,,,,,,,,,,,,,,,0,0,,,,,,,,,,,,,4678.327,4660.049,,,,,,,,,,,,,,,,,,,,,,,,-0.311,-37.562,-0.189,-17.799,-20.716,-47.039,-10.172,-62.251,21.198,-43.835,13.471,-62.345,43.021,-100.249,5.806,-109.959,-43.334,-95.051,,,,"",,,,"",,,,"",,,,"",,,,"",,,,"",,,,"",,,,"",,,,4667.916,-0.393,-37.333,,,,,,,,,,,,,,,,,,,,,,,,,,,,,,,,,,,,,,,,,,,,,,,,,,,,"",0,,,,,,,,,,,,,0,"",4662.76,4661.878,,0,""
119,,6,1,3,2,1,1,0,0,1,1,255,8,0,3,4678.447,"Fresh825",R,32,78,129,-0.012,0.795,0.147,1.684,-0.245,1.948,-36.441,34.99,12,88,0,0,"",159.676,-130.351,4.102,0,0,5,"=","=","=","=","=","=","=","=","=",6,L,"Azuner",179.8,80,0.301,,63,W,Y,1,,,,,,,,,,,,,,,,,,,,,,,,,,,,,0,0,,,,,,,,,,,,,,4679.169,,,,,,,,,,,,,,,,,,,,,,,,-0.371,-37.419,-0.179,-17.65,-20.78,-47.03,-9.677,-62.232,19.813,-41.258,14.246,-62.674,43.214,-100.216,5.027,-111.82,-43.881,-96.758,,,,"",,,,"",,,,"",,,,"",,,,"",,,,"",,,,"",,,,"",,,,4683.498,-0.399,-37.484,,,,,,,,,,,,,,,,,,,,,,,,,,,,,,,,,,,,,,,,,,,,,,,,,,,,"",0,,,,,,,,,,,,,0,"",4681.255,4680.442,,0,""
120,,6,1,3,2,1,2,0,0,1,1,255,8,0,4,4694.248,"Fresh825",R,32,86,139,-0.538,1.405,0.089,1.789,-0.517,2.308,-36.441,30.166,61,39,0,4,"",208.94,-145.927,12.37,0,0,5,"=","=","=","=","=","=","=","=","=",6,L,"Azuner",179.8,80,0.301,,63,W,Y,1,,,,,,,,,,,,,,,,,,,,,,,,,,,,,0,32,,,,,,,,,,,,,4694.382,4694.625,4696.915,5,,578,0,,,,,,,,,,,,,,,,,4696.4,1,-0.379,-37.481,-0.222,-17.885,-22.09,-47.488,-7.258,-62.069,20.662,-42.386,13.644,-62.923,44.876,-98.471,4.579,-113.102,-44.895,-97.238,,,,"",,,,"",,,,"",,,,"",,,,"",,,,"",,,,"",,,,"",,,,4701.973,-0.483,-37.343,,,,,,,,,,,,,,,,,,,,,,,,,,,,,,,,,,,,,,,,,,,,,,,,,,,,"",0,,,,,,,,,,,,,0,"",4697.169,4696.851,,0,""
121,,6,1,3,2,0,0,1,0,1,1,255,8,0,5,4720.527,"Fresh825",R,33,91,140,-1.757,0.239,-0.006,1.605,-0.957,1.676,-36.441,6.213,0,100,0,4,"",145.245,-98.122,11.351,0,0,6,"=","=","=","=","=","=","=","=","=",4,R,"きりん SR",188.7,85,0.2,,63,W,Y,1,,,,,,,,,,,,,,,,,,,,,,,,,,,,,0,0,,,,,,,,,,,,,4735.984,4720.978,,,,,,,,,,,,,,,,,,,,,,,,-0.171,-37.524,0.192,-17.825,-23.606,-48.002,-12.171,-61.937,20.266,-41.942,7.546,-64.454,39.229,-100.773,-6.55,-111.584,-49.106,-102.984,,,,"",,,,"",,,,"",,,,"",,,,"",,,,"",,,,"",,,,"",,,,4725.858,-0.339,-37.191,,,,,,,,,,,,,,,,,,,,,,,,,,,,,,,,,,,,,,,,,,,,,,,,,,,,"",0,,,,,,,,,,,,,0,"",4723.204,4722.841,,0,""
122,,6,1,3,2,0,1,1,0,1,1,255,8,0,6,4738.097,"Fresh825",R,3,87,112,-4.16,-0.11,-0.151,1.551,-1.09,1.552,-36.441,1.684,0,100,0,2,"",-405.54,0,8.98,0,0,6,"=","=","=","=","=","=","=","=","=",4,R,"きりん SR",188.7,85,0.2,3,63,W,Y,1,4739.074,255,169,81,77,37,,145,36,1.814,7.438,-0.747,1.071,-22.194,1,0,0.394,203.452,-187.828,31.525,4739.011,-1.666,-29.749,4739.865,0,-2.45,0.057,-33.744,1,64,,4744.586,,,,,,,,,,,4854.793,4738.423,,,,,,,,,,,,,,,,4746.423,2,,,,,4742.415,1,-0.229,-37.55,-0.355,-17.62,-23.747,-48.178,-12.949,-61.941,21,-44.468,8.16,-65.298,40.888,-98.611,-5.624,-110.87,-50.237,-102.596,-0.018,-37.498,95,"Megu3568",-0.605,-17.854,120,"Muna_328",-23.737,-48.197,,"かめかめん",-12.976,-61.917,,"しろくま。",20.118,-45.11,,"schmoneymikey",5.193,-65.214,,"하루（Haru）",40.886,-98.61,,"うよすま",-5.628,-110.558,,"Sabo_10",-50.234,-102.585,,4740.737,-2.193,-34.595,4742.138,0.028,-20.483,4743.628,-18.184,-38.714,,,,,,,,,,,,,,,,,,,4741.501,-2.19,-29.701,4742.676,-1.788,-22.251,,,,,,,,,,,,,,,,,,,,,,"",2,,,,,,,,,,,,,0,"Fresh825",4743.713,4741.762,,82,""
123,,6,1,3,2,0,0,1,1,1,1,4,8,0,7,4857.102,"Fresh825",R,32,83,134,-0.098,0.479,0.137,1.624,-0.294,1.749,-36.441,20.923,0,100,0,0,"",177.382,-121.437,4.231,0,0,7,"=","=","=","=","=","=","=","=","=",3,R,"柴山犬吉",169.9,90.243,0.5,,62,W,Y,0,,,,,,,,,,,,,,,,,,,,,,,,,,,,,0,0,,,,,,,,,,,,4857.477,4875.281,4857.297,,,,,,,,,,,,,,,,,,,,,,,,-0.157,-37.673,0.203,-17.922,-23.611,-48.158,-11.271,-60.213,20.323,-43.854,7.862,-63.602,42.164,-102.74,-5.408,-109.239,-51.87,-102.915,,,,"",,,,"",,,,"",,,,"",,,,"",,,,"",,,,"",,,,"",,,,4862.804,-0.23,-37.278,,,,,,,,,,,,,,,,,,,,,,,,,,,,,,,,,,,,,,,,,,,,,,,,,,,,"",0,,,,,,,,,,,,,0,"",4860.06,4859.541,,0,""
124,,6,1,3,2,0,1,1,1,1,1,4,8,0,8,4877.162,"Fresh825",R,3,63,95,-2.532,-0.303,0.228,1.52,-0.3,1.463,-36.441,33.846,0,100,0,4,"",-368.297,0,3.409,0,0,7,"=","=","=","=","=","=","=","=","=",3,R,"柴山犬吉",169.9,90.243,0.5,,62,W,Y,1,,,,,,,,,,,,,,,,,,,,,,,,,,,,,0,128,,,,,,,,,,,,4878.116,4896.611,4877.507,,,,,,,,,,,,,,,,,,,,,,,,-0.257,-37.444,-0.3,-17.975,-23.798,-48.242,-11.726,-60.919,20.489,-43.131,6.904,-63.897,41.75,-103.017,-6.627,-108.804,-51.3,-102.695,,,,"",,,,"",,,,"",,,,"",,,,"",,,,"",,,,"",,,,"",,,,4883.033,-0.348,-37.245,,,,,,,,,,,,,,,,,,,,,,,,,,,,,,,,,,,,,,,,,,,,,,,,,,,,"",0,,,,,,,,,,,,,0,"",4880.026,4879.162,,0,""
125,,6,1,3,2,0,2,1,1,1,1,4,8,0,9,4898.216,"Fresh825",R,3,73,104,-1.283,0.761,0.274,1.78,0.163,2.21,-36.441,38.798,53,47,0,2,"BH-|BE+|TE-",-324.754,0,6.863,0,0,7,"=","=","=","=","=","=","=","=","=",3,R,"柴山犬吉",169.9,90.243,0.5,0,62,W,Y,1,4899.407,173,93,97,43,20,,145,104,27.75,-20.176,-0.202,1.227,-20.331,0.01,0,0.266,450.739,-83.734,136.06,4903.59,32.905,-105.566,4903.761,6,31.411,3.029,-101.881,0,0,,4904.637,,,,,,,,,,4898.755,4935.242,4898.523,4904.591,7,,455,0,,,,,,,,,,,,,,,,,4911.799,1,-0.261,-37.449,-0.459,-17.797,-24.276,-49.059,-12.406,-61.904,20.379,-43.758,8.051,-64.171,42.057,-102.753,-6.092,-106.548,-51.289,-102.576,0.03,-37.632,,"Megu3568",-0.425,-17.869,109,"Muna_328",-24.273,-49.046,,"かめかめん",-12.369,-61.999,,"しろくま。",20.193,-44.124,,"schmoneymikey",7.586,-63.321,,"하루（Haru）",42.053,-102.75,104,"うよすま",-6.095,-106.478,,"Sabo_10",-51.291,-102.581,,4919.807,-0.546,-37.491,4909.624,1.588,-22.622,,,,,,,,,,,,,4904.611,31.691,-102.652,,,,,,,,,,4919.007,-0.171,-20.151,,,,,,,,,,,,,4905.636,29.439,-97.277,,,,,,,"2:+1",1,,,,,,,,,,,,,0,"하루（Haru）",4905.355,4903.328,,74,""
126,,6,1,3,2,0,0,2,1,1,1,4,8,0,10,4937.057,"Fresh825",R,33,78,128,0.186,1.006,0.173,1.697,-0.124,2.036,-36.441,30.583,0,100,0,0,"",135.316,-78.227,8.14,0,0,8,"=","=","=","=","=","=","=","=","=",7,L,"Amellaid",160,80.447,0.403,,44,W,Y,1,,,,,,,,,,,,,,,,,,,,,,,,,,,,,0,0,,,,,,,,,,,,4937.834,4953.205,4937.382,,,,,,,,,,,,,,,,,,,,,,,,-0.296,-37.466,-0.171,-18.07,-21.347,-47.57,-11.282,-61.748,19.864,-42.614,13.25,-62.15,45.14,-96.493,3.377,-106.942,-40.962,-94.33,,,,"",,,,"",,,,"",,,,"",,,,"",,,,"",,,,"",,,,"",,,,4941.927,-0.204,-37.435,,,,,,,,,,,,,,,,,,,,,,,,,,,,,,,,,,,,,,,,,,,,,,,,,,,,"",0,,,,,,,,,,,,,0,"",4939.675,4939.037,,0,""
127,,6,1,3,2,0,1,2,1,1,1,4,8,0,11,4954.241,"Fresh825",R,33,87,140,-3.821,0.03,-0.19,1.568,-1.813,1.538,-36.441,4.763,0,100,0,1,"",115.477,-72.802,10.414,0,0,8,"=","=","=","=","=","=","=","=","=",7,L,"Amellaid",160,80.447,0.403,,44,W,Y,0,,,,,,,,,,,,,,,,,,,,,,,,,,,,,0,0,,,,,,,,,,,,4954.828,4976.297,4954.501,,,,,,,,,,,,,,,,,,,,,,,,-0.372,-37.422,-0.157,-18.041,-21.537,-47.564,-10.532,-61.936,20.641,-42.636,13.127,-63.267,44.121,-97.401,3.642,-107.765,-41.68,-95.085,,,,"",,,,"",,,,"",,,,"",,,,"",,,,"",,,,"",,,,"",,,,4963.096,-0.427,-37.171,,,,,,,,,,,,,,,,,,,,,,,,,,,,,,,,,,,,,,,,,,,,,,,,,,,,"",0,,,,,,,,,,,,,0,"",4956.902,4956.736,,0,""
128,,6,1,3,2,1,1,2,1,1,1,4,8,0,12,4978.606,"Fresh825",R,4,74,107,0.65,-0.464,0.515,1.545,0.657,1.366,-36.441,38.289,0,100,0,2,"",-207.736,0,1.881,0,0,8,"=","=","=","=","=","=","=","=","=",7,L,"Amellaid",160,80.447,0.403,5,44,W,Y,1,4979.529,221,234,124,36,13,,145,125,-30,23.839,0.137,0.772,-20.836,0.65,0,0.421,-403.01,-95.896,377.171,4978.669,-0.357,-21.956,4980.594,3,-16.704,2.519,-59.087,0,0,,4984.357,,,,4984.334,,,4983.993,,4984.39,4979.055,,4978.839,4984.161,8,,147,32,,,,,,,,,,,,,,,,,,,-0.076,-37.546,0.343,-18.042,-21.572,-48.002,-11.67,-62.168,20.95,-43.741,12.962,-62.594,44.106,-97.359,2.887,-107.001,-42.177,-95.583,0.172,-37.671,,"Megu3568",0.29,-18.154,,"Muna_328",-21.556,-47.992,,"かめかめん",-11.618,-62.173,86,"しろくま。",20.298,-43.687,,"schmoneymikey",12.959,-62.586,,"하루（Haru）",44.104,-97.358,,"うよすま",2.9,-106.99,,"Sabo_10",-42.182,-95.59,,,,,,,,4983.453,-19.32,-40.764,4981.487,-16.976,-60.234,,,,,,,,,,,,,,,,,,,,,,,,,4982.555,-20.952,-55.4,,,,,,,,,,,,,,,,"",2,26.054,26.054,10.545,0,2,0.054,-83.204,-79.855,-11.547,-79.544,0.074,74.394,0,"かめかめん",4984.334,4983.993,4984.39,48,""
129,SIDE,6,1,3,2,0,0,2,0,1,1,255,4,8,,4986.752,,,,,,,,,,,,,,,,,,,,,,,,0,"=","=","=","=","=","=","=","=","=",,,,,,,,,,,,,,,,,,,,,,,,,,,,,,,,,,,,,,,0,0,,,,,,,,,,,,,,,,,,,,,,,,,,,,,,,,,,,,,,,,,,,,,,,,,,,,,,,,,,,,,,,,,,,,,,,,,,,,,,,,,,,,,,,,,,,,,,,,,,,,,,,,,,,,,,,,,,,,,,,,,,,,,,,,,,,,,,,,,,,,,,,,,"",0,,,,,,,,,,,,,0,"",,,,0,""
130,,6,0,3,2,0,0,0,0,0,0,255,255,255,52,5032.567,"소솨소솨",R,34,87,140,-0.279,-0.901,0.145,1.473,-0.258,1.022,-36.543,9.387,47,53,0,0,"",97.959,-65.395,0,0,0,3,"しろくま。","Megu3568","Sabo_10","하루（Haru）","Muna_328","かめかめん","Fresh825","schmoneymikey","うよすま",6,L,"하루（Haru）",174.7,85,0.354,,62,W,Y,1,,,,,,,,,,,,,,,,,,,,,,,,,,,,,0,0,,,,,,,,,,,,,,,,,,,,,,,,,,,,,,,,,,,,,,-0.007,-37.28,-0.079,-17.69,-18.767,-45.085,-12.868,-64.912,20.638,-47.488,13.314,-65.097,47.218,-103.305,2.893,-114.417,-37.513,-97.802,,,,"",,,,"",,,,"",,,,"",,,,"",,,,"",,,,"",,,,"",,,,,,,,,,,,,,,,,,,,,,,,,,,,,,,,,,,,,,,,,,,,,,,,,,,,,,,,,,"",0,,,,,,,,,,,,,0,"",,,,0,""
131,,6,0,3,2,0,1,0,0,0,0,255,255,255,53,5050.553,"소솨소솨",R,33,84,136,-2.126,0.004,-0.037,1.614,-1.101,1.518,-36.543,8.369,39,61,0,2,"",125.655,-87.668,0,0,0,3,"=","=","=","=","=","=","=","=","=",6,L,"하루（Haru）",174.7,85,0.354,5,62,W,Y,1,5051.666,200,109,84,42,34,,142,87,-6.969,-63.256,-0.402,0.893,-19.728,-0.73,0,0.134,27.852,-179.051,114.408,5050.944,4.809,-22.335,,,,,,0,0,,,,,,,,,,,,,,,,,,,,,,,,,,,,,,,,,,,,,,-0.199,-37.47,-0.063,-17.681,-18.258,-44.778,-12.866,-64.912,21.237,-48.465,13.127,-65.177,47.157,-103.391,2.179,-114.054,-37.816,-97.677,-0.336,-37.661,,"눈꽃",-0.087,-17.682,,"甲斐野柊太",-18.04,-44.973,,"柴山犬吉",-12.8,-64.918,,"きりん SR",21.113,-48.374,,"coder_",14.297,-66.669,,"Azuner",47.182,-103.345,,"Amellaid",2.244,-114,,"레이나2",-38.206,-97.474,,,,,,,,,,,,,,,,,,,,,,,,,,,,,,,,,,,,,,,,,,,,,,,,,,,,,,,,"",3,-103.426,-62.373,-20.603,1,1,0.814,-11.765,-6.969,3.462,75.907,0.005,-136.163,0,"",,,,0,""
132,,6,0,3,2,0,2,0,0,0,0,255,255,255,54,5068.383,"소솨소솨",R,33,88,140,-2.309,-0.855,-0.053,1.478,-1.179,1.041,-36.543,9.228,38,62,0,4,"",129.171,-73.758,0,0,0,3,"=","=","=","=","=","=","=","=","=",6,L,"하루（Haru）",174.7,85,0.354,,62,W,Y,1,,,,,,,,,,,,,,,,,,,,,,,,,,,,,0,0,,5076.154,,,,,,,,,,,,,5071.122,3,,578,0,,,,,,,,,,,,,,,,,,,-0.079,-37.263,-0.053,-17.671,-18.114,-44.25,-12.795,-65.245,23.414,-49.616,12.478,-65.539,47.193,-103.347,-0.117,-121.569,-36.845,-97.272,,,,"",,,,"",,,,"",,,,"",,,,"",,,,"",,,,"",,,,"",,,,,,,,,,,,,,,,,,,,,,,,,,,,,,,,,,,,,,,,,,,,,,,,,,,,,,,,,,"",0,,,,,,,,,,,,,0,"",,,,0,""
133,,6,0,3,2,0,0,1,0,0,0,255,255,255,55,5092.155,"소솨소솨",R,34,85,137,-5.387,-0.478,-0.087,1.596,-2.474,1.287,-36.543,9.93,21,79,0,1,"",93.002,-37.106,0,0,0,4,"=","=","=","=","=","=","=","=","=",2,R,"Muna_328",175,107,0.503,,62,W,Y,0,,,,,,,,,,,,,,,,,,,,,,,,,,,,,0,0,,,,,,,,,,,,,,,,,,,,,,,,,,,,,,,,,,,,,,-0.052,-37.649,-0.063,-17.689,-17.907,-43.102,-15.148,-63.199,20.202,-49.888,10.164,-66.166,47.216,-103.327,-2.566,-109.986,-44.788,-92.224,,,,"",,,,"",,,,"",,,,"",,,,"",,,,"",,,,"",,,,"",,,,,,,,,,,,,,,,,,,,,,,,,,,,,,,,,,,,,,,,,,,,,,,,,,,,,,,,,,"",0,,,,,,,,,,,,,0,"",,,,0,""
134,,6,0,3,2,1,0,1,0,0,0,255,255,255,56,5108.753,"소솨소솨",R,33,83,135,-0.78,0.169,0.089,1.65,-0.515,1.645,-36.543,8.633,33,67,0,2,"",121.987,-55.228,0,0,0,4,"=","=","=","=","=","=","=","=","=",2,R,"Muna_328",175,107,0.503,5,62,W,Y,1,5109.882,98,68,111,17,8,,132,127,25.789,-16.659,-0.144,1,-20.497,0.38,0,0.661,424.533,123.558,105.401,5116.773,34.163,-148.336,,,,,,0,0,,5115.306,5119.697,5124.634,5132.8,,,,,,,,,,,,,,,,,,,,,,,,,,,,,,,,,-0.122,-37.407,-0.039,-17.834,-17.972,-43.071,-15.132,-63.509,20.251,-49.87,10.058,-66.384,43.232,-99.082,-2.579,-109.999,-45.108,-92.034,0.156,-37.361,,"눈꽃",-0.202,-17.769,,"甲斐野柊太",-17.885,-43.175,,"柴山犬吉",-15.157,-63.415,,"きりん SR",20.138,-49.756,,"coder_",9.382,-68.35,,"Azuner",42.911,-99.143,,"Amellaid",-2.535,-109.933,,"레이나2",-45.166,-92.015,,,,,,,,,,,,,,,,,,,,,,,,,,,,,,,,,,,,,,,,,,,,,,,,,,,,,,,,"",4,-16.255,-16.255,-6.164,0,1,0.872,44.621,29.055,-1.984,88.225,0.052,-19.038,0,"",5119.697,5124.634,,0,""
135,,6,0,3,3,0,0,1,0,0,0,255,255,255,57,5150.823,"소솨소솨",R,0,79,129,3.169,1.407,0.482,1.844,1.311,2.346,-36.543,32.582,87,13,0,2,"",36.6,-36.735,0,0,0,5,"=","=","=","=","=","=","=","=","=",3,R,"かめかめん",170.2,94.628,0.472,0,61,W,Y,0,5151.948,52,22,58,54,22,,58,63,34.828,25.846,0.496,1.242,-19.778,-0.68,0,0.09,19.829,56.728,-72.357,,,,5155.256,3,-19.086,2.241,-59.448,0,0,,5157.4,,,,,,,,,,,,,5156.258,5,,452,0,,,,,,,,,,,,,,,,,,,0.019,-37.475,-0.019,-17.733,-18.581,-43.811,-16.302,-63.02,20.835,-48.616,9.602,-66.724,42.112,-101.024,-2.351,-117.254,-47.147,-93.621,0.593,-37.661,,"눈꽃",-0.042,-17.703,,"甲斐野柊太",-18.4,-43.929,,"柴山犬吉",-16.246,-63,85,"きりん SR",20.738,-48.502,,"coder_",9.933,-69.064,,"Azuner",42.141,-100.967,,"Amellaid",-2.334,-117.119,,"레이나2",-47.155,-93.625,,5159.569,0.081,-38.573,,,,,,,5156.269,-19.418,-59.868,,,,,,,,,,,,,,,,,,,,,,,,,5158.037,-18.469,-59.506,,,,,,,,,,,,,,,,"",1,,,,,,,,,,,,,0,"柴山犬吉",,,,136,""
136,,6,0,3,3,0,0,2,0,0,0,255,255,255,58,5177.287,"소솨소솨",R,34,81,132,-1.123,0.686,0.065,1.749,-0.626,1.968,-36.543,20.304,51,49,0,2,"",92.28,-76.177,0,0,0,6,"=","=","=","=","=","=","=","=","=",0,L,"Fresh825",190,80,0.2,3,68,W,Y,1,5178.407,198,147,118,101,29,,145,106,95.393,82.467,-0.213,1.25,-19.848,-0.05,0,0.165,440.325,-257.708,238.96,,,,,,,,,0,0,,,,,,,,,,,,,,,,,,,,,,,,,,,,,,,,,,,,,,-0.239,-37.377,-0.121,-17.716,-17.949,-44.409,-13.827,-64.566,21.294,-47.6,13.068,-65.189,48.466,-106.02,-2.351,-119.099,-40.197,-102.47,0.177,-37.34,,"눈꽃",-0.152,-17.716,,"甲斐野柊太",-17.485,-44.372,,"柴山犬吉",-13.719,-64.529,,"きりん SR",21.12,-47.459,,"coder_",12.528,-65.202,,"Azuner",48.485,-106,,"Amellaid",-3.761,-117.325,,"레이나2",-41.958,-101.433,,,,,,,,,,,,,,,,,,,,,,,,,,,,,,,,,,,,,,,,,,,,,,,,,,,,,,,,"",3,,,,,,,,,,,,,0,"",,,,0,""
137,,6,0,3,3,0,1,2,0,0,0,255,255,255,59,5194.552,"소솨소솨",R,3,67,110,-0.663,0.223,0.29,1.685,0.421,1.759,-36.543,24.567,45,55,0,2,"",-391.95,0,0,0,0,6,"=","=","=","=","=","=","=","=","=",0,L,"Fresh825",190,80,0.2,3,68,W,Y,1,5195.736,183,57,106,70,64,,145,87,105.427,-66.61,-0.151,1.077,-20.029,-1,0,0.143,468.46,211.945,309.232,,,,,,,,,0,0,,,,,,,,,,,,,,,,,,,,,,,,,,,,,,,,,,,,,,-0.11,-37.435,-0.064,-17.674,-18.2,-43.432,-13.312,-64.713,20.76,-45.964,12.098,-65.445,48.455,-106.101,-2.072,-117.55,-41.4,-102.264,0.096,-37.532,,"눈꽃",-0.075,-17.67,,"甲斐野柊太",-18.126,-43.447,,"柴山犬吉",-13.244,-64.689,,"きりん SR",20.342,-46.307,,"coder_",12.074,-65.344,,"Azuner",48.458,-106.086,,"Amellaid",-1.984,-117.524,,"레이나2",-41.371,-102.285,,,,,,,,,,,,,,,,,,,,,,,,,,,,,,,,,,,,,,,,,,,,,,,,,,,,,,,,"",3,,,,,,,,,,,,,0,"",,,,0,""
138,,6,0,3,3,0,2,2,0,0,0,255,255,255,60,5211.826,"소솨소솨",R,33,81,132,-0.655,0.941,0.101,1.8,-0.458,2.131,-36.543,18.013,43,57,0,0,"",116.791,-72.352,0,0,0,6,"=","=","=","=","=","=","=","=","=",0,L,"Fresh825",190,80,0.2,,68,W,Y,1,,,,,,,,,,,,,,,,,,,,,,,,,,,,,0,0,,,,,,,,,,,,,,,5214.57,6,,578,0,,,,,,,,,,,,,,,,,,,-0.186,-37.432,-0.075,-17.692,-18.077,-43.969,-12.841,-65.075,20.331,-46.488,12.134,-65.676,48.227,-106.31,-1.852,-115.948,-42.365,-102.287,,,,"",,,,"",,,,"",,,,"",,,,"",,,,"",,,,"",,,,"",,,,,,,,,,,,,,,,,,,,,,,,,,,,,,,,,,,,,,,,,,,,,,,,,,,,,,,,,,"",0,,,,,,,,,,,,,0,"",,,,0,""
139,SIDE,6,0,3,3,0,0,2,0,0,0,255,255,255,,5216.432,,,,,,,,,,,,,,,,,,,,,,,,7,"=","=","=","=","=","=","=","=","=",,,,,,,,,,,,,,,,,,,,,,,,,,,,,,,,,,,,,,,0,0,,,,,,,,,,,,,,,,,,,,,,,,,,,,,,,,,,,,,,,,,,,,,,,,,,,,,,,,,,,,,,,,,,,,,,,,,,,,,,,,,,,,,,,,,,,,,,,,,,,,,,,,,,,,,,,,,,,,,,,,,,,,,,,,,,,,,,,,,,,,,,,,,"",0,,,,,,,,,,,,,0,"",,,,0,""
140,,7,1,3,3,0,0,0,0,0,0,255,255,255,13,5264.929,"Fresh825",R,32,77,127,-0.335,0.617,0.095,1.62,-0.487,1.738,-36.441,26.937,2,98,0,0,"",227.115,-177.223,11.902,0,0,0,"coder_","눈꽃","甲斐野柊太","소솨소솨","레이나2","Azuner","きりん SR","柴山犬吉","Amellaid",5,L,"coder_",164.3,80,0.2,,61,W,Y,1,,,,,,,,,,,,,,,,,,,,,,,,,,,,,0,0,,,,,,,,,,,,,,,,,,,,,,,,,,,,,,,,,,,,,,-0.279,-37.671,-0.182,-17.878,-21.083,-47.954,-10.11,-59.333,20.039,-43.252,10.897,-58.223,48.188,-101.043,4.569,-108.534,-41.681,-99.168,,,,"",,,,"",,,,"",,,,"",,,,"",,,,"",,,,"",,,,"",,,,,,,,,,,,,,,,,,,,,,,,,,,,,,,,,,,,,,,,,,,,,,,,,,,,,,,,,,"",0,,,,,,,,,,,,,0,"",,,,0,""
141,,7,1,3,3,0,1,0,0,0,0,255,255,255,14,5284.693,"Fresh825",R,32,91,140,-0.91,1.473,0.056,1.758,-0.669,2.254,-36.441,22.556,60,40,0,2,"",202.794,-145.756,11.175,0,0,0,"=","=","=","=","=","=","=","=","=",5,L,"coder_",164.3,80,0.2,0,61,W,Y,1,5285.703,157,41,177,157,0,,145,96,35.875,-21.364,-0.125,1.397,-20.448,-0.32,0,0.151,489.785,-313.964,146.758,5290.094,33.837,-91.82,5290.277,6,32.627,2.553,-89.622,0,0,,5290.435,,,,,,,,,,,,,5291.293,0,,455,0,,,,,,,,,,,,,,,,,,,-0.325,-37.545,-0.232,-18.058,-21.855,-47.136,-10.61,-60.382,19.002,-41.998,12.52,-58.006,44.926,-101.296,4.131,-108.852,-42.808,-98.954,-0.379,-37.018,,"Megu3568",-0.233,-18.181,,"Muna_328",-21.828,-47.114,,"かめかめん",-10.652,-60.36,,"しろくま。",18.98,-41.95,,"schmoneymikey",12.427,-57.82,,"하루（Haru）",44.93,-101.304,89,"うよすま",4.145,-108.818,,"Sabo_10",-42.803,-98.881,,5295.989,6.32,-34.085,,,,,,,,,,,,,,,,5291.309,33.02,-90.363,,,,,,,,,,,,,,,,,,,,,,,,,5292.892,29.578,-85.26,,,,,,,"",1,,,,,,,,,,,,,0,"하루（Haru）",,,,72,""
142,,7,1,3,3,0,0,1,0,0,0,255,255,255,15,5316.097,"Fresh825",R,32,87,140,-1.753,0.179,-0.009,1.595,-0.972,1.644,-36.441,16.982,0,100,0,4,"",158.373,-94.134,5.23,0,0,1,"=","=","=","=","=","=","=","=","=",1,L,"눈꽃",190,85,0.502,,75,W,Y,1,,,,,,,,,,,,,,,,,,,,,,,,,,,,,0,0,,,,,,,,,,,,,,,,,,,,,,,,,,,,,,,,,,,,,,-0.336,-37.455,-0.238,-17.807,-20.532,-48.465,-11.751,-62.543,24.951,-48.241,13.743,-63.482,46.095,-100.211,4.199,-116.764,-42.258,-101.716,,,,"",,,,"",,,,"",,,,"",,,,"",,,,"",,,,"",,,,"",,,,5321.748,-0.374,-37.339,,,,,,,,,,,,,,,,,,,,,,,,,,,,,,,,,,,,,,,,,,,,,,,,,,,,"",0,,,,,,,,,,,,,0,"",,,,0,""
143,,7,1,3,3,0,1,1,0,0,0,255,255,255,16,5332.767,"Fresh825",R,26,93,140,-2.955,0.626,-0.126,1.654,-1.517,1.836,-36.441,8.331,17,83,0,2,"",178.395,-200,23.682,0,0,1,"=","=","=","=","=","=","=","=","=",1,L,"눈꽃",190,85,0.502,0,75,W,Y,1,5333.86,229,55,108,66,25,,145,106,56.958,-39.818,-0.549,1.251,-20.227,-0.3,0,0.375,461.975,-69.064,326.234,5339.473,48.965,-76.887,5339.744,6,47.871,2.943,-75.659,0,0,,5339.957,,,,,,,,,,,,,5340.735,1,,455,0,,,,,,,,,,,,,,,,,,,-0.327,-37.437,-0.225,-17.916,-22.058,-48.043,-12.547,-62.817,25.002,-48.127,14.052,-63.107,45.534,-100.003,4.548,-114.724,-42.09,-101.132,0.041,-37.571,,"Megu3568",-0.287,-17.994,,"Muna_328",-21.994,-48.024,,"かめかめん",-12.548,-62.79,,"しろくま。",24.949,-48.004,,"schmoneymikey",14.043,-63.069,86,"하루（Haru）",45.533,-99.998,88,"うよすま",4.551,-114.81,,"Sabo_10",-42.087,-101.337,,5347.993,-0.151,-38.711,,,,,,,,,,,,,5344.243,22.786,-62.558,5340.755,48.332,-75.953,,,,,,,,,,,,,,,,,,,,,,5346.557,15.682,-56.683,5343.049,41.558,-71.958,,,,,,,"",1,,,,,,,,,,,,,0,"하루（Haru）",,,,200,""
144,,7,1,3,3,0,0,2,0,0,0,255,255,255,17,5363.447,"Fresh825",R,33,83,135,0.43,0.468,0.198,1.644,-0.009,1.804,-36.441,33.927,0,100,0,2,"",138.468,-111.626,5.818,0,0,2,"=","=","=","=","=","=","=","=","=",2,R,"甲斐野柊太",190,80,0.2,5,61,W,Y,1,5364.568,149,129,154,101,0,,145,131,105.139,60.911,0.083,1.157,-19.666,0.49,0.048,0.084,472.73,200.117,-262.293,,,,,,,,,0,0,,,,,,,,,,,,,,,,,,,,,,,,,,,,,,,,,,,,,,-0.308,-37.395,0.203,-17.877,-24.482,-47.945,-12.781,-63.518,21.622,-48.439,7.737,-65.389,40.54,-101.762,-9.164,-113.108,-52.549,-103.698,-0.011,-37.445,,"Megu3568",0.177,-17.977,,"Muna_328",-24.415,-47.995,,"かめかめん",-13.016,-63.145,,"しろくま。",21.378,-48.482,,"schmoneymikey",7.749,-65.387,,"하루（Haru）",40.536,-101.763,,"うよすま",-9.164,-113.085,,"Sabo_10",-52.286,-104.095,,,,,,,,,,,,,,,,,,,,,,,,,,,,,,,,,,,,,,,,,,,,,,,,,,,,,,,,"",3,64.814,57.005,14.53,0.499,0,1,74.861,74.861,48.546,74.861,0,90.137,0,"",,,,0,""
145,,7,1,3,3,0,1,2,0,0,0,255,255,255,18,5381.233,"Fresh825",R,3,80,106,-0.937,-0.616,0.351,1.429,0.497,1.244,-36.441,35.615,4,96,0,0,"",-481.818,0,1.349,0,0,2,"=","=","=","=","=","=","=","=","=",2,R,"甲斐野柊太",190,80,0.2,,61,W,Y,1,,,,,,,,,,,,,,,,,,,,,,,,,,,,,0,0,,,,,,,,,,,,,,,,,,,,,,,,,,,,,,,,,,,,,,-0.143,-37.646,-0.363,-17.812,-24.424,-47.609,-12.345,-62.493,23.068,-48.738,7.947,-65.357,40.063,-105.289,-8.66,-111.688,-51.773,-102.703,,,,"",,,,"",,,,"",,,,"",,,,"",,,,"",,,,"",,,,"",,,,,,,,,,,,,,,,,,,,,,,,,,,,,,,,,,,,,,,,,,,,,,,,,,,,,,,,,,"",0,,,,,,,,,,,,,0,"",,,,0,""
146,,7,1,3,3,0,2,2,0,0,0,255,255,255,19,5398.325,"Fresh825",R,33,88,140,0.14,1.029,0.17,1.751,-0.14,2.151,-36.441,33.161,51,49,0,2,"",147.458,-122.748,6.767,0,0,2,"=","=","=","=","=","=","=","=","=",2,R,"甲斐野柊太",190,80,0.2,5,24,W,Y,1,5399.405,203,102,144,116,0,,145,114,25.047,62.308,0.029,1.379,-19.715,0.08,0,0.072,139.646,327.113,-62.345,,,,,,,,,0,0,,,,,,,,,,,,,,,,,,,,,,,,,,,,,,,,,,,,,,-0.306,-37.551,0.213,-17.899,-24.453,-47.643,-12.451,-62.906,21.801,-47.525,8.184,-65.838,40.283,-105.889,-6.718,-113.542,-51.67,-102.86,0.091,-37.376,,"Megu3568",0.141,-17.987,,"Muna_328",-24.395,-47.685,,"かめかめん",-12.455,-62.903,,"しろくま。",21.521,-47.53,,"schmoneymikey",8.228,-65.893,,"하루（Haru）",40.281,-105.886,,"うよすま",-6.956,-113.498,,"Sabo_10",-51.955,-102.537,,,,,,,,,,,,,,,,,,,,,,,,,,,,,,,,,,,,,,,,,,,,,,,,,,,,,,,,"",3,71.51,56.349,16.408,0.6,0,1,25.629,25.629,30.459,25.629,0,113.786,0,"",,,,0,""
147,,7,1,3,3,0,2,2,0,0,0,255,255,255,20,5417.716,"Fresh825",R,3,89,112,-2.475,-0.738,0.128,1.37,-0.225,1.163,-36.441,19.96,2,98,0,2,"",-486.641,2.011,1.128,0,0,2,"=","=","=","=","=","=","=","=","=",2,R,"甲斐野柊太",190,80,0.2,5,61,W,Y,1,5418.969,168,103,65,134,130,,139,99,27.421,-8.6,-0.464,0.735,-20.389,0.97,0,0.104,286.869,287.347,441.744,,,,5422.953,7,5.213,2.952,-100.759,0,0,,5425.089,,,,,,,,,,,,,5423.994,2,,456,0,,,,,,,,,,,,,,,,,,,-0.187,-37.472,-0.225,-17.713,-25.104,-48.423,-12.998,-62.881,21.766,-48.334,8.673,-66.232,41.216,-104.61,-9.023,-113.874,-54.145,-100.758,0.029,-37.557,,"Megu3568",-0.408,-17.894,,"Muna_328",-25.081,-48.575,,"かめかめん",-13.007,-62.854,,"しろくま。",21.654,-48.259,,"schmoneymikey",8.671,-66.234,,"하루（Haru）",41.223,-104.656,,"うよすま",-9.023,-113.842,115,"Sabo_10",-54.149,-100.747,,,,,,,,,,,,,,,,,,,,,,,5424.006,5.104,-101.469,,,,,,,,,,,,,,,,,,,,,,,,,5425.52,6.838,-94.248,,,,"",1,-4.228,-4.228,-7.61,0,2,0.26,75.291,47.101,9.101,86.655,0.063,35.543,0,"うよすま",,,,256,""
148,SIDE,7,1,3,3,0,0,2,0,0,0,255,255,255,,5426.251,,,,,,,,,,,,,,,,,,,,,,,,3,"=","=","=","=","=","=","=","=","=",,,,,,,,,,,,,,,,,,,,,,,,,,,,,,,,,,,,,,,0,0,,,,,,,,,,,,,,,,,,,,,,,,,,,,,,,,,,,,,,,,,,,,,,,,,,,,,,,,,,,,,,,,,,,,,,,,,,,,,,,,,,,,,,,,,,,,,,,,,,,,,,,,,,,,,,,,,,,,,,,,,,,,,,,,,,,,,,,,,,,,,,,,,"",0,,,,,,,,,,,,,0,"",,,,0,""
149,,7,0,3,3,0,0,0,0,0,0,255,255,255,0,5677.135,"きりん SR",R,27,81,132,-0.061,3.111,0.227,2.216,-0.185,3.244,-36.783,59.347,74,14,11,1,"",101.108,-145.498,13.202,0,0,7,"しろくま。","Megu3568","Sabo_10","하루（Haru）","Muna_328","かめかめん","Fresh825","schmoneymikey","うよすま",5,L,"schmoneymikey",175.1,80,0.349,,60,W,Y,0,,,,,,,,,,,,,,,,,,,,,,,,,,,,,0,0,,,,,,,,,,,,,,,,,,,,,,,,,,,,,,,,,,,,,,-0.248,-37.442,-0.04,-17.638,-17.568,-42.882,-13.475,-64.801,20.049,-47.97,12.502,-65.274,47.744,-101.327,2.631,-114.119,-44.832,-96.338,,,,"",,,,"",,,,"",,,,"",,,,"",,,,"",,,,"",,,,"",,,,,,,,,,,,,,,,,,,,,,,,,,,,,,,,,,,,,,,,,,,,,,,,,,,,,,,,,,"",0,,,,,,,,,,,,,0,"",,,,0,""
150,,7,0,3,3,1,0,0,0,0,0,255,255,255,1,5695.634,"きりん SR",R,26,96,140,-0.01,0.069,0.183,1.712,-0.079,1.449,-36.783,19.146,43,57,0,2,"",49.809,-200,10.381,0,0,7,"=","=","=","=","=","=","=","=","=",5,L,"schmoneymikey",175.1,80,0.349,3,60,W,Y,1,5696.839,170,139,169,74,0,,145,127,27.752,-36.327,0.051,0.992,-20.156,0.57,0,0.25,292.506,-350.495,389.351,5701.223,76.683,-110.193,,,,,,0,0,,5702.367,5706.779,5711.716,5716.662,,,,,,,,,,,,,,,,,,,,,,,,,,,,,,,,,-0.179,-37.417,-0.03,-17.636,-17.621,-42.968,-13.552,-64.823,20.047,-47.978,12.806,-65.411,46.734,-101.985,1.943,-115.66,-44.845,-96.34,0.016,-37.911,,"SFIDA",-0.035,-17.654,,"甲斐野柊太",-17.577,-42.922,,"柴山犬吉",-13.343,-64.698,,"눈꽃",20.038,-47.972,,"coder_",13.5,-67.332,,"Azuner",46.737,-101.972,,"Amellaid",1.91,-115.586,,"레이나2",-44.835,-96.334,,,,,,,,,,,,,,,,,,,,,,,,,,,,,,,,,,,,,,,,,,,,,,,,,,,,,,,,"",4,,,,,,,,,,,,,0,"",5706.779,5711.716,,0,""
151,,7,0,3,4,0,0,0,0,0,0,255,255,255,2,5762.073,"きりん SR",R,6,75,102,2.009,0.287,0.176,1.825,-0.076,1.783,-36.783,19.522,51,49,0,2,"",463.636,0,58.314,0,0,8,"=","=","=","=","=","=","=","=","=",7,R,"うよすま",175.4,85.329,0.498,3,60,W,Y,1,5763.277,157,105,136,66,16,,145,82,55.37,-55.191,0.425,0.983,-19.901,-1,0,0.307,527.115,-285.991,18.947,5767.161,53.324,-49.513,,,,,,0,0,,,,,5770.19,,,,,,,,,,,,,,,,,,,,,,,,,,,,,,,,,-0.149,-37.54,0.073,-17.423,-18.122,-43.251,-15.567,-63.256,20.213,-48.419,9.379,-66.855,43.979,-101.106,-3.801,-114.129,-47.088,-94.708,0.068,-37.782,,"SFIDA",0.093,-17.413,,"甲斐野柊太",-17.408,-43.059,,"柴山犬吉",-15.493,-63.187,,"눈꽃",20.22,-48.402,,"coder_",9.11,-69.549,,"Azuner",43.987,-101.082,,"Amellaid",-3.618,-113.942,,"레이나2",-47.038,-94.654,,,,,,,,,,,,,,,,,,,,,,,,,,,,,,,,,,,,,,,,,,,,,,,,,,,,,,,,"",3,,,,,,,,,,,,,0,"",,,,0,""
152,,7,0,3,4,0,1,0,0,0,0,255,255,255,3,5785.406,"きりん SR",R,26,85,121,1.568,0.879,0.403,1.873,0.629,1.894,-36.783,31.257,82,13,5,2,"",24.826,-187.766,12.431,0,0,8,"=","=","=","=","=","=","=","=","=",7,R,"うよすま",175.4,85.329,0.498,3,45,W,Y,1,5786.592,183,84,151,47,4,,145,82,43.343,-35.328,0.286,1.17,-19.568,-1,0,0.325,361.954,-262.784,66.399,5790.39,39.469,-67.662,5791.786,6,44.9,0.701,-73.795,1,0,,5792.335,,,,,,,,,,,,,,,,,,,,,,,,,,,,,,,,,,,,-0.025,-37.311,0.075,-17.449,-18.035,-43.688,-16.537,-62.929,21.77,-47.551,11.796,-65.818,43.102,-99.29,-1.67,-116.54,-46.976,-94.076,0.092,-37.838,,"SFIDA",0.103,-17.43,,"甲斐野柊太",-17.757,-43.673,,"柴山犬吉",-16.491,-62.876,69,"눈꽃",21.075,-47.7,,"coder_",12.049,-67.471,,"Azuner",43.089,-99.275,119,"Amellaid",-2.489,-116.492,,"레이나2",-46.977,-94.062,,5800.089,-0.131,-38.631,,,,,,,5795.329,-0.217,-60.025,,,,,,,5793.02,45.384,-74.313,,,,,,,,,,,,,,,,5798.957,-5.146,-54.193,,,,,,,5793.717,39.28,-74.037,,,,,,,"",2,,,,,,,,,,,,,0,"Azuner",,,,160,""
153,,7,0,3,4,0,0,0,1,0,0,17,255,255,4,5820.071,"きりん SR",R,13,88,111,-3.28,-1.58,-0.042,1.514,-0.751,1.099,-36.783,18.219,41,59,0,4,"",-356.509,350.573,9.847,0,0,0,"=","=","=","=","=","=","=","=","=",4,R,"しろくま。",189.3,96,0.304,,60,W,Y,1,,,,,,,,,,,,,,,,,,,,,,,,,,,,,0,0,,,,,,,,,,,,5820.266,,,,,,,,,,,,,,,,,,,,,,,,,,-0.326,-37.273,-0.19,-17.415,-18.612,-40.014,-13.113,-60.264,20.22,-48.481,6.935,-65.128,43.128,-103.167,-1.519,-119.492,-49.709,-97.342,,,,"",,,,"",,,,"",,,,"",,,,"",,,,"",,,,"",,,,"",,,,5825.965,-0.219,-37.764,,,,,,,,,,,,,,,,,,,,,,,,,,,,,,,,,,,,,,,,,,,,,,,,,,,,"",0,,,,,,,,,,,,,0,"",,,,0,""
154,,7,0,3,4,0,1,0,1,0,0,17,255,255,5,5839.208,"きりん SR",R,6,84,110,1.928,0.888,0.269,2.006,-0.019,2.164,-36.783,36.706,76,14,10,2,"R1+",440.259,0,37.151,0,0,0,"=","=","=","=","=","=","=","=","=",4,R,"しろくま。",189.3,96,0.304,5,60,W,Y,1,5840.301,74,73,78,113,22,,120,74,-85.986,60.562,0.343,1.37,-20.634,-1,0,0.38,-10.677,7.782,-209.842,5839.207,0.262,-20.679,5841.269,1,-1.604,3.663,-21.695,1,1,,5846.087,,,,5845.342,,,,,,5840.363,,,5845.131,8,1,166,64,5846.741,0,1,275,1,,,,,,,,,,,,,,-0.145,-37.27,0.014,-17.534,-19.195,-40.476,-13.026,-60.295,19.799,-47.175,5.246,-64.047,43.35,-102.151,-2.12,-116.761,-49.696,-97.347,0.2,-37.548,,"SFIDA",0.026,-17.608,129,"甲斐野柊太",-16.927,-42.009,,"柴山犬吉",-12.961,-60.248,,"눈꽃",19.808,-47.148,,"coder_",7.178,-64.063,98,"Azuner",43.363,-102.046,,"Amellaid",-2.1,-116.749,,"레이나2",-49.689,-97.343,,5883.018,0.045,-38.115,5842.423,-1.75,-21.435,5846.334,-18.627,-39.555,,,,,,,5844.503,-0.407,-58.54,,,,,,,,,,,,,5843.247,-1.912,-24.999,,,,,,,,,,5845.1,-2.047,-56.283,,,,,,,,,,"",2,120.175,57.229,14.56,1,1,0.889,-87.175,-85.986,-45.701,-88.027,0.021,162.57,0,"SFIDA",5845.342,,,69,""
155,,7,0,3,4,0,0,1,1,0,0,255,255,255,6,5885.402,"きりん SR",R,3,78,104,-2.717,-0.184,0.271,1.856,-0.304,1.806,-36.783,45.147,78,13,9,1,"",-429.883,207.997,10.407,0,0,1,"=","=","=","=","=","=","=","=","=",1,R,"Megu3568",190,88.251,0.405,,60,W,Y,0,,,,,,,,,,,,,,,,,,,,,,,,,,,,,0,0,,,,,,,,,,,,,,,,,,,,,,,,,,,,,,,,,,,,,,-0.301,-37.379,-0.089,-17.487,-18.749,-39.752,-12.906,-59.59,20.98,-47.647,6.76,-64.57,42.505,-102.64,-7.317,-118.862,-48.401,-96.13,,,,"",,,,"",,,,"",,,,"",,,,"",,,,"",,,,"",,,,"",,,,5891.713,-0.248,-38.136,,,,,,,,,,,,,,,,,,,,,,,,,,,,,,,,,,,,,,,,,,,,,,,,,,,,"",0,,,,,,,,,,,,,0,"",,,,0,""
156,,7,0,3,4,1,0,1,1,0,0,255,255,255,7,5909.121,"きりん SR",R,10,80,107,-2.992,-0.574,-0.144,1.841,-1.298,1.807,-36.783,21.563,87,13,0,1,"",0,400,16.485,0,0,1,"=","=","=","=","=","=","=","=","=",1,R,"Megu3568",190,88.251,0.405,,60,W,Y,0,,,,,,,,,,,,,,,,,,,,,,,,,,,,,0,0,,,,,,,,,,,,,,,,,,,,,,,,,,,,,,,,,,,,,,-0.434,-37.439,-0.072,-17.352,-18.483,-40.059,-12.845,-59.589,20.146,-46.072,6.062,-64.691,42.171,-102.75,-7.28,-118.773,-48.389,-96.105,,,,"",,,,"",,,,"",,,,"",,,,"",,,,"",,,,"",,,,"",,,,5917.629,-0.584,-38.966,,,,,,,,,,,,,,,,,,,,,,,,,,,,,,,,,,,,,,,,,,,,,,,,,,,,"",0,,,,,,,,,,,,,0,"",,,,0,""
157,,7,0,3,4,2,0,1,1,0,0,255,255,255,8,5932.204,"きりん SR",R,27,88,140,2.2,1.245,0.387,1.958,0.86,2.261,-36.783,46.847,75,15,10,1,"",62.504,-139.801,9.655,0,0,1,"=","=","=","=","=","=","=","=","=",1,R,"Megu3568",190,88.251,0.405,,60,W,Y,0,,,,,,,,,,,,,,,,,,,,,,,,,,,,,0,0,,,,,,,,,,,,,,,,,,,,,,,,,,,,,,,,,,,,,,-0.14,-37.347,0.019,-17.482,-19.322,-40.361,-12.82,-59.601,20.036,-45.926,6.727,-67.153,42.503,-102.903,-7.155,-118.709,-48.089,-96.358,,,,"",,,,"",,,,"",,,,"",,,,"",,,,"",,,,"",,,,"",,,,5936.905,-0.198,-37.827,,,,,,,,,,,,,,,,,,,,,,,,,,,,,,,,,,,,,,,,,,,,,,,,,,,,"",0,,,,,,,,,,,,,0,"",,,,0,""
158,,7,0,3,4,3,0,1,1,0,0,255,255,255,9,5951.314,"きりん SR",R,26,96,140,-1.224,-1.17,0.081,1.475,-0.565,0.697,-36.783,22.972,36,64,0,4,"",21.11,-200,19.289,0,0,1,"=","=","=","=","=","=","=","=","=",1,R,"Megu3568",190,88.251,0.405,,74,W,Y,1,,,,,,,,,,,,,,,,,,,,,,,,,,,,,0,0,,,,,,,,,,,,,,,,,,,,,,,,,,,,,,,,,,,,,,-0.247,-37.398,-0.031,-17.422,-18.747,-40.572,-12.848,-59.668,19.353,-48.975,6.546,-67.572,42.394,-102.904,-6.846,-118.487,-48.08,-96.365,,,,"",,,,"",,,,"",,,,"",,,,"",,,,"",,,,"",,,,"",,,,6034.871,0.03,-38.103,,,,,,,,,,,,,,,,,,,,,,,,,,,,,,,,,,,,,,,,,,,,,,,,,,,,"",0,,,,,,,,,,,,,0,"",,,,0,""
159,,7,0,3,4,0,0,1,1,1,0,11,14,255,10,6038.336,"きりん SR",R,29,79,129,-1.885,-0.117,0.084,1.722,-0.549,1.496,-36.783,14.937,44,52,5,2,"",-185.968,-33.237,47.072,0,0,2,"=","=","=","=","=","=","=","=","=",8,L,"Sabo_10",185.3,90,0.502,5,60,W,Y,1,6039.362,197,116,137,136,69,,145,102,33.133,25.516,-0.327,0.987,-20.877,-0.3,0,0.532,138.428,-363.931,-295.081,6043.311,-29.248,-100.407,6043.511,8,-28.568,2.312,-98.073,0,0,,,,,,,,,,,,6068.681,6063.533,,6044.659,2,,457,0,,,,,,,,,,,,,,,,,,,-0.198,-37.348,-0.102,-17.426,-18.567,-39.791,-1.358,-61.17,19.839,-45.808,12.747,-64.518,48.146,-104.895,2.004,-121.71,-42.913,-101.309,0.072,-37.811,,"SFIDA",-0.119,-17.422,,"甲斐野柊太",-16.085,-41.916,,"柴山犬吉",-6.465,-61.474,,"눈꽃",19.672,-45.375,,"coder_",12.764,-64.443,85,"Azuner",48.183,-104.883,,"Amellaid",1.964,-121.706,,"레이나2",-42.918,-101.304,116,6052.627,0.775,-38.39,,,,,,,,,,,,,6047.228,-0.294,-60.575,,,,,,,6044.673,-28.806,-98.734,,,,,,,,,,,,,,,,6051.331,2.777,-60.769,,,,,,,6045.434,-26.325,-95.888,"",1,28.116,28.116,4.723,0,1,0.783,49.278,33.133,-4.098,78.716,0.049,43.166,0,"레이나2",6045.215,,,17,""
160,,7,0,3,4,0,0,2,1,1,0,11,14,255,11,6069.114,"きりん SR",R,13,83,122,0.233,0.356,0.443,1.909,0.718,2.211,-36.783,39.399,73,18,9,0,"",-377.458,327.911,10.239,0,0,3,"=","=","=","=","=","=","=","=","=",6,L,"하루（Haru）",174.7,85,0.354,,60,W,Y,0,,,,,,,,,,,,,,,,,,,,,,,,,,,,,0,0,,,,,,,,,,,,,6085.831,,,,,,,,,,,,,,,,,,,,,,,,,-0.035,-37.519,-0.019,-17.685,-19.597,-40.834,-7.622,-62.391,19.655,-43.152,14.176,-64.648,46.767,-102.535,1.289,-118.325,-38.769,-97.788,,,,"",,,,"",,,,"",,,,"",,,,"",,,,"",,,,"",,,,"",,,,6074.954,-0.152,-37.789,,,,,,,,,,,,,,,,,,,,,,,,,,,,,,,,,,,,,,,,,,,,,,,,,,,,"",0,,,,,,,,,,,,,0,"",6072.462,,,0,""
161,,7,0,3,4,0,1,2,1,1,0,11,14,255,12,6088.781,"きりん SR",R,30,85,138,-1.447,1.654,0.1,2.004,-0.477,2.479,-36.783,32.172,78,14,9,1,"",-112.881,-69.92,25.285,0,0,3,"=","=","=","=","=","=","=","=","=",6,L,"하루（Haru）",174.7,85,0.354,,60,W,Y,0,,,,,,,,,,,,,,,,,,,,,,,,,,,,,0,0,,,,,,,,,,,,6089.003,6105.194,,,,,,,,,,,,,,,,,,,,,,,,,-0.225,-37.364,-0.022,-17.731,-19.206,-41.18,-2.548,-61.484,19.336,-44.482,13.9,-64.541,46.904,-102.684,0.636,-116.428,-39.741,-97.216,,,,"",,,,"",,,,"",,,,"",,,,"",,,,"",,,,"",,,,"",,,,6094.596,-0.061,-37.592,,,,,,,,,,,,,,,,,,,,,,,,,,,,,,,,,,,,,,,,,,,,,,,,,,,,"",0,,,,,,,,,,,,,0,"",6092.121,,,0,""
162,,7,0,3,4,1,1,2,1,1,0,11,14,255,13,6111.474,"きりん SR",R,6,81,106,-0.797,0.477,-0.207,1.869,-1.27,1.885,-36.783,13.063,89,11,0,0,"",481.818,0,52.015,0,0,3,"=","=","=","=","=","=","=","=","=",6,L,"하루（Haru）",174.7,85,0.354,,60,W,Y,0,,,,,,,,,,,,,,,,,,,,,,,,,,,,,0,0,,,,,,,,,,,,,6129.981,,,,,,,,,,,,,,,,,,,,,,,,,-0.236,-37.429,-0.032,-17.774,-19.572,-40.41,-3.021,-61.393,18.471,-43.932,12.858,-64.959,46.979,-102.703,0.145,-117.153,-40.681,-96.635,,,,"",,,,"",,,,"",,,,"",,,,"",,,,"",,,,"",,,,"",,,,6117.674,-0.282,-37.659,,,,,,,,,,,,,,,,,,,,,,,,,,,,,,,,,,,,,,,,,,,,,,,,,,,,"",0,,,,,,,,,,,,,0,"",6115.24,,,0,""
163,,7,0,3,4,1,2,2,1,1,0,11,14,255,14,6131.611,"きりん SR",R,6,85,128,3.428,0.722,0.402,1.87,0.927,2.007,-36.783,36.172,77,14,10,1,"",362.122,0,25.322,0,0,3,"=","=","=","=","=","=","=","=","=",6,L,"하루（Haru）",174.7,85,0.354,,60,W,Y,0,,,,,,,,,,,,,,,,,,,,,,,,,,,,,0,0,,,,,,,,,,,,6131.715,6146.075,,,,,,,,,,,,,,,,,,,,,,,,,-0.079,-37.352,0.011,-17.687,-19.32,-40.77,-1.312,-59.617,19.518,-44.426,15.731,-63.551,46.988,-102.777,-0.442,-115.124,-40.669,-96.63,,,,"",,,,"",,,,"",,,,"",,,,"",,,,"",,,,"",,,,"",,,,6138.204,-0.295,-37.479,,,,,,,,,,,,,,,,,,,,,,,,,,,,,,,,,,,,,,,,,,,,,,,,,,,,"",0,,,,,,,,,,,,,0,"",6135.374,,,0,""
164,,7,0,3,4,2,2,2,1,1,0,11,14,255,15,6152,"きりん SR",R,10,81,121,1.389,-1.639,0.332,1.629,0.602,1.157,-36.783,20.739,48,52,0,4,"",-4.379,400,16.925,0.245,-18.138,3,"=","=","=","=","=","=","=","=","=",6,L,"하루（Haru）",174.7,85,0.354,,60,W,Y,1,,,,,,,,,,,,,,,,,,,,,,,,,,,,,0,8,,,,,,,,,,,,6154.5,,,6155.408,3,,706,0,,,,,,,,,,,,,,,,,6154.236,1,0.001,-37.299,0.001,-17.697,-19.17,-41.012,-1.265,-60.675,19.94,-45.879,15.342,-63.874,46.782,-102.249,0.513,-111.625,-40.741,-96.634,,,,"",,,,"",,,,"",,,,"",,,,"",,,,"",,,,"",,,,"",,,,,,,,,,,,,,,,,,,,,,,,,,,,,,,,,,,,,,,,,,,,,,,,,,,,,,,,,,"",0,,,,,,,,,,,,,0,"",,,,0,""
165,SIDE,7,0,3,4,0,0,2,1,1,0,11,14,255,,6159.728,,,,,,,,,,,,,,,,,,,,,,,,4,"=","=","=","=","=","=","=","=","=",,,,,,,,,,,,,,,,,,,,,,,,,,,,,,,,,,,,,,,0,0,,,,,,,,,,,,,,,,,,,,,,,,,,,,,,,,,,,,,,,,,,,,,,,,,,,,,,,,,,,,,,,,,,,,,,,,,,,,,,,,,,,,,,,,,,,,,,,,,,,,,,,,,,,,,,,,,,,,,,,,,,,,,,,,,,,,,,,,,,,,,,,,,"",0,,,,,,,,,,,,,0,"",,,,0,""
166,,8,1,3,4,0,0,0,0,0,0,255,255,255,21,6209.786,"Fresh825",R,3,75,107,-1.974,0.579,0.083,1.751,-0.364,1.986,-36.441,19.673,0,100,0,2,"",-268.154,0,7.464,0,0,3,"coder_","눈꽃","甲斐野柊太","소솨소솨","레이나2","Azuner","SFIDA","柴山犬吉","Amellaid",9,R,"소솨소솨",190,80,0.503,3,59,W,Y,1,6211.023,228,226,159,105,31,,145,130,-2.434,37.54,-0.325,1.3,-21.227,0.37,0,0.852,-1.303,-41.681,-63.413,6210.302,-11.793,-36.191,6211.152,2,-21.173,0.071,-49.021,0,0,,,,,,,,,,,,,,,6215.257,3,,147,0,,,,,,,,,,,6214.633,2,,,,,,,-0.189,-37.564,-0.431,-17.607,-24.444,-48.131,-12.936,-61.755,22.96,-50.989,6.933,-65.88,43.993,-104.173,-8.691,-112.769,-50.576,-104.217,-0.018,-37.716,,"Megu3568",-0.438,-17.619,,"Muna_328",-24.44,-48.124,85,"かめかめん",-12.979,-61.708,,"しろくま。",22.82,-50.791,,"schmoneymikey",6.737,-65.698,,"하루（Haru）",43.099,-103.757,,"うよすま",-8.713,-112.732,,"Sabo_10",-50.581,-104.163,,6217.67,-0.586,-38.176,,,,6212.428,-21.727,-49.747,,,,,,,,,,,,,,,,,,,,,,,,,6216.673,-17.957,-39.604,,,,,,,,,,,,,,,,,,,"",2,,,,,,,,,,,,,0,"Muna_328",,,,80,""
167,,8,1,3,4,0,0,1,0,0,0,255,255,255,22,6234.846,"Fresh825",R,32,86,139,1.409,1.202,0.242,1.73,0.338,2.204,-36.441,29.811,0,100,0,2,"",200.073,-129.739,7.261,0,0,4,"=","=","=","=","=","=","=","=","=",8,R,"레이나2",179.7,80.118,0.403,3,59,W,Y,1,6235.981,255,67,98,94,38,,145,83,112.571,-9.799,0.258,1.386,-20.657,-1,0,0.169,501.659,-136.591,192.985,,,,,,,,,0,0,,,,,,,,,,,,,,,,,,,,,,,,,,,,,,,,,,,,,,-0.189,-37.615,0.207,-17.991,-24.028,-47.723,-12.975,-62.263,21.716,-48.797,7.809,-65.292,43.907,-104.091,-7.191,-110.685,-50.563,-102.33,0.115,-37.674,,"Megu3568",0.212,-18.051,,"Muna_328",-23.984,-47.803,,"かめかめん",-12.99,-62.24,,"しろくま。",21.698,-48.759,,"schmoneymikey",7.498,-65.089,,"하루（Haru）",43.585,-104.34,,"うよすま",-7.197,-110.634,,"Sabo_10",-50.585,-102.337,,,,,,,,,,,,,,,,,,,,,,,,,,,,,,,,,,,,,,,,,,,,,,,,,,,,,,,,"",3,,,,,,,,,,,,,0,"",,,,0,""
168,,8,1,3,4,0,1,1,0,0,0,255,255,255,23,6254.265,"Fresh825",R,3,89,114,-2.671,0.922,0.058,1.817,-0.442,2.155,-36.441,16.851,49,51,0,1,"",-418.907,0,15.31,0,0,4,"=","=","=","=","=","=","=","=","=",8,R,"레이나2",179.7,80.118,0.403,,59,W,Y,0,,,,,,,,,,,,,,,,,,,,,,,,,,,,,0,0,,,,,,,,,,,,,,,,,,,,,,,,,,,,,,,,,,,,,,-0.192,-37.578,-0.36,-17.754,-23.838,-47.928,-13.058,-63.124,22.291,-49.601,7.988,-65.94,41.651,-104.835,-7.326,-110.681,-52.21,-98.272,,,,"",,,,"",,,,"",,,,"",,,,"",,,,"",,,,"",,,,"",,,,,,,,,,,,,,,,,,,,,,,,,,,,,,,,,,,,,,,,,,,,,,,,,,,,,,,,,,"",0,,,,,,,,,,,,,0,"",,,,0,""
169,,8,1,3,4,1,1,1,0,0,0,255,255,255,24,6270.298,"Fresh825",R,33,90,140,0.577,0.448,0.221,1.642,0.097,1.806,-36.441,25.095,0,100,0,2,"",110.939,-74.24,3.715,0,0,4,"=","=","=","=","=","=","=","=","=",8,R,"레이나2",179.7,80.118,0.403,3,59,W,Y,1,6271.405,180,58,96,82,31,,145,101,11.61,18.06,-0.006,1.175,-20.554,-0.1,0,0.152,248.272,319.062,196.04,,,,6272.473,3,-16.351,3.605,-64.851,0,0,,6276.666,,,,,,,,,,,,,6273.726,4,,452,0,,,,,,,,,,,,,,,,,,,-0.191,-37.616,0.212,-17.855,-23.89,-47.931,-13.017,-62.773,23.371,-49.651,8.118,-65.756,41.646,-105.244,-6.427,-111.884,-51.752,-97.765,0.082,-37.516,,"Megu3568",0.156,-17.887,,"Muna_328",-23.834,-47.911,,"かめかめん",-13.238,-62.688,88,"しろくま。",23.142,-49.424,,"schmoneymikey",8.124,-65.734,,"하루（Haru）",41.674,-105.006,,"うよすま",-6.424,-111.882,,"Sabo_10",-51.768,-97.761,,6277.141,0.067,-38.594,,,,,,,6273.738,-16.824,-65.922,,,,,,,,,,,,,,,,,,,,,,,,,6275.65,-14.748,-61.861,,,,,,,,,,,,,,,,"",1,,,,,,,,,,,,,0,"かめかめん",,,,96,""
170,,8,1,3,4,0,0,2,0,0,0,255,255,255,25,6292.547,"Fresh825",R,32,85,137,0.621,0.775,0.21,1.691,0.048,1.973,-36.441,27.507,0,100,0,0,"",158.884,-100.74,7.374,0,0,5,"=","=","=","=","=","=","=","=","=",6,L,"Azuner",179.8,80,0.301,,59,W,Y,1,,,,,,,,,,,,,,,,,,,,,,,,,,,,,0,0,,,,,,,,,,,,,,,,,,,,,,,,,,,,,,,,,,,,,,-0.247,-37.458,-0.167,-17.679,-19.001,-47.56,-11.112,-62.997,23.042,-47.134,13.272,-64.17,38.893,-103.157,5.225,-111.787,-37.828,-100.972,,,,"",,,,"",,,,"",,,,"",,,,"",,,,"",,,,"",,,,"",,,,6296.337,-0.219,-37.374,,,,,,,,,,,,,,,,,,,,,,,,,,,,,,,,,,,,,,,,,,,,,,,,,,,,"",0,,,,,,,,,,,,,0,"",,,,0,""
171,,8,1,3,4,0,1,2,0,0,0,255,255,255,26,6306.207,"Fresh825",R,33,84,136,1.126,1.258,0.267,1.777,0.313,2.268,-36.441,34.166,62,38,0,1,"",122.895,-89.893,4.862,0,0,5,"=","=","=","=","=","=","=","=","=",6,L,"Azuner",179.8,80,0.301,,59,W,Y,0,,,,,,,,,,,,,,,,,,,,,,,,,,,,,0,0,,,,,,,,,,,,,,,,,,,,,,,,,,,,,,,,,,,,,,-0.221,-37.63,-0.156,-17.684,-19.182,-47.524,-11.099,-63.681,23.148,-46.997,12.908,-64.115,48.546,-99.291,4.754,-112.531,-37.721,-100.402,,,,"",,,,"",,,,"",,,,"",,,,"",,,,"",,,,"",,,,"",,,,6313.347,-0.325,-37.662,,,,,,,,,,,,,,,,,,,,,,,,,,,,,,,,,,,,,,,,,,,,,,,,,,,,"",0,,,,,,,,,,,,,0,"",,,,0,""
172,,8,1,3,4,1,1,2,0,0,0,255,255,255,27,6322.934,"Fresh825",R,32,94,140,-2.641,-0.383,-0.108,1.486,-1.433,1.272,-36.441,2.467,0,100,0,1,"",214.414,-120.578,7.748,0,0,5,"=","=","=","=","=","=","=","=","=",6,L,"Azuner",179.8,80,0.301,,59,W,Y,0,,,,,,,,,,,,,,,,,,,,,,,,,,,,,0,0,,,,,,,,,,,,,,,,,,,,,,,,,,,,,,,,,,,,,,-0.149,-37.585,-0.297,-17.655,-19.441,-47.403,-11.27,-63.136,23.339,-46.927,13.43,-64.585,50.06,-98.824,5.996,-113.717,-38.777,-100.957,,,,"",,,,"",,,,"",,,,"",,,,"",,,,"",,,,"",,,,"",,,,6326.923,-0.3,-37.4,,,,,,,,,,,,,,,,,,,,,,,,,,,,,,,,,,,,,,,,,,,,,,,,,,,,"",0,,,,,,,,,,,,,0,"",,,,0,""
173,,8,1,3,4,2,1,2,0,0,0,255,255,255,28,6339.524,"Fresh825",R,13,70,98,3.685,1.011,0.739,1.888,2.302,2.73,-36.441,72.573,63,37,0,1,"",-341.122,321.549,2.159,0,0,5,"=","=","=","=","=","=","=","=","=",6,L,"Azuner",179.8,80,0.301,,59,W,Y,0,,,,,,,,,,,,,,,,,,,,,,,,,,,,,0,0,,,,,,,,,,,,,,,,,,,,,,,,,,,,,,,,,,,,,,-0.064,-37.62,0.362,-17.521,-19.735,-47.134,-10.814,-62.862,22.923,-47.137,12.894,-63.829,50.117,-98.883,5.142,-111.603,-38.873,-99.299,,,,"",,,,"",,,,"",,,,"",,,,"",,,,"",,,,"",,,,"",,,,6342.905,-0.155,-37.349,,,,,,,,,,,,,,,,,,,,,,,,,,,,,,,,,,,,,,,,,,,,,,,,,,,,"",0,,,,,,,,,,,,,0,"",,,,0,""
174,,8,1,3,4,3,1,2,0,0,0,255,255,255,29,6352.318,"Fresh825",R,32,81,132,2.927,-0.253,0.417,1.521,1.046,1.376,-36.441,41.572,0,100,0,4,"",151.577,-81.751,-4.686,0,0,5,"=","=","=","=","=","=","=","=","=",6,L,"Azuner",179.8,80,0.301,,59,W,Y,1,,,,,,,,,,,,,,,,,,,,,,,,,,,,,0,0,,,,,,,,,,,,,,,,,,,,,,,,,,,,,,,,,,,,,,-0.218,-37.343,-0.016,-17.547,-19.593,-47.225,-10.834,-62.865,23.106,-46.809,13.96,-64.413,48.008,-99.241,3.724,-112.807,-38.089,-98.318,,,,"",,,,"",,,,"",,,,"",,,,"",,,,"",,,,"",,,,"",,,,6356.219,-0.293,-37.351,,,,,,,,,,,,,,,,,,,,,,,,,,,,,,,,,,,,,,,,,,,,,,,,,,,,"",0,,,,,,,,,,,,,0,"",,,,0,""
175,,8,1,3,4,3,2,2,0,0,0,255,255,255,30,6366.791,"Fresh825",R,33,85,137,1.271,-0.398,0.277,1.497,0.356,1.309,-36.441,32.387,0,100,0,0,"",138.541,-66.62,-2.509,0,0,5,"=","=","=","=","=","=","=","=","=",6,L,"Azuner",179.8,80,0.301,,59,W,Y,0,,,,,,,,,,,,,,,,,,,,,,,,,,,,,0,0,,,,,,,,,,,,,,,6369.461,5,,578,0,,,,,,,,,,,,,,,,,,,-0.213,-37.47,-0.021,-17.607,-19.549,-47.266,-11.296,-63.283,23.045,-46.938,13.228,-64.033,48.03,-99.219,3.987,-113.304,-39.054,-98.137,,,,"",,,,"",,,,"",,,,"",,,,"",,,,"",,,,"",,,,"",,,,,,,,,,,,,,,,,,,,,,,,,,,,,,,,,,,,,,,,,,,,,,,,,,,,,,,,,,"",0,,,,,,,,,,,,,0,"",,,,0,""
176,SIDE,8,1,3,4,0,0,2,0,0,0,255,255,255,,6373.075,,,,,,,,,,,,,,,,,,,,,,,,6,"=","=","=","=","=","=","=","=","=",,,,,,,,,,,,,,,,,,,,,,,,,,,,,,,,,,,,,,,0,0,,,,,,,,,,,,,,,,,,,,,,,,,,,,,,,,,,,,,,,,,,,,,,,,,,,,,,,,,,,,,,,,,,,,,,,,,,,,,,,,,,,,,,,,,,,,,,,,,,,,,,,,,,,,,,,,,,,,,,,,,,,,,,,,,,,,,,,,,,,,,,,,,"",0,,,,,,,,,,,,,0,"",,,,0,""
177,,8,0,3,4,0,0,0,0,0,0,255,255,255,16,6425.096,"きりん SR",R,9,74,101,1.446,0.865,0.179,1.786,-0.073,1.69,-36.783,20.468,43,57,0,0,"",345.712,-328.99,61.965,0,0,4,"しろくま。","Megu3568","Sabo_10","하루（Haru）","Muna_328","かめかめん","Fresh825","schmoneymikey","うよすま",2,R,"Muna_328",175,107,0.503,,59,W,Y,0,,,,,,,,,,,,,,,,,,,,,,,,,,,,,0,0,,,,,,,,,,,,,,,,,,,,,,,,,,,,,,,,,,,,,,-0.167,-37.358,0.045,-17.358,-18.986,-44.12,-16.056,-63.108,20.401,-49.339,10.133,-66.484,43.002,-100.409,-3.493,-113.904,-44.706,-95.929,,,,"",,,,"",,,,"",,,,"",,,,"",,,,"",,,,"",,,,"",,,,,,,,,,,,,,,,,,,,,,,,,,,,,,,,,,,,,,,,,,,,,,,,,,,,,,,,,,"",0,,,,,,,,,,,,,0,"",,,,0,""
178,,8,0,3,4,0,1,0,0,0,0,255,255,255,17,6447.373,"きりん SR",R,13,84,123,-2.347,-1.835,0.106,1.677,-0.447,0.974,-36.783,22.88,45,51,4,4,"",-351.837,355.261,1.958,-0.558,-18.548,4,"=","=","=","=","=","=","=","=","=",2,R,"Muna_328",175,107,0.503,,59,W,Y,1,,,,,,,,,,,,,,,,,,,,,,,,,,,,,0,16,,,,,,,,,,,,,,,,,,,,,,,,,,,,,,,,,,,,,,-0.261,-37.33,0.021,-17.559,-18.854,-42.769,-15.714,-63.352,20.373,-49.118,10.509,-66.224,43.084,-100.795,-3.086,-114.349,-46.072,-94.506,,,,"",,,,"",,,,"",,,,"",,,,"",,,,"",,,,"",,,,"",,,,,,,,,,,,,,,,,,,,,,,,,,,,,,,,,,,,,,,,,,,,,,,,,,,,,,,,,,"",0,,,,,,,,,,,,,0,"",,,,0,""
179,,8,0,3,4,0,2,0,0,0,0,255,255,255,18,6468.452,"きりん SR",R,13,84,122,-2.57,-1.846,0.086,1.479,-0.538,0.981,-36.783,18.848,46,54,0,2,"",-351.416,355.678,6.062,0,0,4,"=","=","=","=","=","=","=","=","=",2,R,"Muna_328",175,107,0.503,3,59,W,Y,1,6469.571,101,76,123,83,31,,136,77,28.252,26.526,-0.424,0.452,-21.281,1,0,0.621,62.464,506.723,315.167,6472.052,-31.167,-68.394,6473.502,8,-38.505,0.153,-74.431,1,0,,6474.853,,,,,,,,,,,,,,,,,,,,,,,,,,,,,,,,,,,,-0.236,-37.351,0.003,-17.598,-18.578,-43.57,-15.608,-63.535,20.372,-49.131,10.65,-66.005,43.098,-100.885,-3.124,-114.313,-46.061,-94.5,0.098,-37.565,,"SFIDA",-0.001,-17.824,,"甲斐野柊太",-18.402,-43.667,84,"柴山犬吉",-15.588,-63.282,,"눈꽃",20.378,-49.135,,"coder_",10.927,-67.528,,"Azuner",43.106,-100.887,,"Amellaid",-3.065,-114.271,,"레이나2",-46.053,-94.439,106,6480.546,-0.249,-38.478,,,,6477.203,-19.517,-39.732,,,,,,,,,,,,,,,,6474.828,-39.411,-75.403,,,,,,,6479.532,-16.661,-39.828,,,,,,,,,,,,,,,,6475.486,-37.788,-72.315,"",2,,,,,,,,,,,,,0,"레이나2",,,,20,""
180,,8,0,3,4,0,0,0,1,0,0,12,255,255,19,6499.316,"きりん SR",R,0,75,113,-3.091,-0.835,-0.23,1.457,-1.34,1.14,-36.783,10.316,39,61,0,1,"",0,0,47.221,0,0,5,"=","=","=","=","=","=","=","=","=",3,R,"かめかめん",170.2,94.628,0.472,,59,W,Y,0,,,,,,,,,,,,,,,,,,,,,,,,,,,,,0,0,,,,,,,,,,,,6516.362,,,,,,,,,,,,,,,,,,,,,,,,,,-0.359,-37.559,-0.082,-17.355,-18.284,-39.628,-13.355,-59.916,19.584,-47.551,7.503,-63.721,42.463,-100.144,-2.344,-112.314,-45.898,-92.576,,,,"",,,,"",,,,"",,,,"",,,,"",,,,"",,,,"",,,,"",,,,6506.209,-0.541,-38.718,,,,,,,,,,,,,,,,,,,,,,,,,,,,,,,,,,,,,,,,,,,,,,,,,,,,"",0,,,,,,,,,,,,,0,"",,,,0,""
181,,8,0,3,4,1,0,0,1,0,0,12,255,255,20,6518.26,"きりん SR",R,6,81,119,0.725,0.013,0.119,1.754,-0.386,1.6,-36.783,15.471,45,55,0,2,"",482.318,0,65.26,0,0,5,"=","=","=","=","=","=","=","=","=",3,R,"かめかめん",170.2,94.628,0.472,5,59,W,Y,1,6519.477,95,153,93,110,69,,134,94,-71.429,-29.305,0.132,0.922,-20.459,-0.04,0,0.229,-28.869,-10.01,-58.908,6518.152,0.274,-20.711,6521.048,0,8.654,3.699,-35.66,1,32,,6524.592,,,,6523.634,,,,,,,,,6525.205,5,1,275,0,,,,,,,,,,,,,,,,,,,-0.165,-37.332,0.02,-17.338,-19.426,-40.507,-12.938,-59.903,19.76,-47.03,7.201,-63.356,42.036,-100.06,-2.255,-112.411,-45.718,-92.516,0.143,-37.745,118,"SFIDA",0.026,-17.409,,"甲斐野柊太",-16.369,-42.172,,"柴山犬吉",-12.894,-59.883,,"눈꽃",18.746,-46.669,,"coder_",8.106,-62.556,,"Azuner",41.943,-100.034,,"Amellaid",-2.157,-112.38,,"레이나2",-45.678,-92.493,,6522.355,8.741,-35.505,,,,6524.649,-18.637,-39.858,,,,,,,,,,,,,,,,,,,6523.478,7.226,-36.521,,,,,,,,,,,,,,,,,,,,,,,,,"",2,-33.158,-33.158,-21.612,0,0,1,-71.429,-71.429,-5.606,-71.429,0,126.769,0,"きりん SR",6523.634,,,4,""
182,,8,0,3,4,0,0,0,1,1,0,13,12,255,21,6586.451,"きりん SR",R,6,67,96,-0.232,-0.271,-0.155,1.649,-1.109,1.397,-36.783,11.689,48,52,0,0,"",434.105,-50.812,52.503,0,0,6,"=","=","=","=","=","=","=","=","=",0,L,"Fresh825",190,80,0.2,,69,W,Y,1,,,,,,,,,,,,,,,,,,,,,,,,,,,,,0,0,,,,,,,,,,,,,6586.609,,,,,,,,,,,,,,,,,,,,,,,,,-0.382,-37.376,-0.038,-17.473,-18.664,-39.772,-6.884,-61.968,19.165,-44.466,12.638,-62.806,48.224,-105.571,0.057,-115.058,-44.476,-100.161,,,,"",,,,"",,,,"",,,,"",,,,"",,,,"",,,,"",,,,"",,,,,,,,,,,,,,,,,,,,,,,,,,,,,,,,,,,,,,,,,,,,,,,,,,,,,,,,,,"",0,,,,,,,,,,,,,0,"",6589.601,,,0,""
183,,8,0,3,4,0,1,0,1,1,0,13,12,255,22,6605.945,"きりん SR",R,29,73,124,-2.092,-0.465,0.071,1.668,-0.61,1.329,-36.783,17.507,44,56,0,2,"",-201.121,19.126,49.168,0,0,6,"=","=","=","=","=","=","=","=","=",0,L,"Fresh825",190,80,0.2,3,69,W,Y,1,6607.045,187,102,101,75,38,,145,87,0.467,14.423,-0.468,0.781,-19.854,-1,0,0.183,-45.596,573.946,-110.322,6606.328,-4.379,-33.653,6607.923,3,-10.38,0.055,-56.162,0,64,,6612.306,,,,6612.673,,,6612.51,,,6606.683,,,6610.992,5,1,166,128,6612.916,6,,147,1,,,,,,,,,,,,,,-0.24,-37.444,-0.043,-17.446,-18.324,-39.719,-3.913,-61.53,18.996,-44.287,11.22,-62.117,47.96,-105.55,-0.208,-114.879,-45.771,-98.499,0.22,-37.538,,"SFIDA",-0.05,-17.438,,"甲斐野柊太",-16.025,-42.092,69,"柴山犬吉",-8.303,-61.671,89,"눈꽃",18.98,-44.251,,"coder_",11.216,-61.582,98,"Azuner",47.951,-105.546,,"Amellaid",-0.145,-114.921,,"레이나2",-45.78,-98.5,,6617.507,-0.772,-39.332,,,,6612.274,-18.795,-40.436,6609.254,-10.75,-57.03,,,,6610.341,-0.498,-59.047,,,,,,,,,,,,,,,,6616.325,-16.836,-39.365,6609.73,-8.678,-56.511,,,,6611.001,-1.989,-57.065,,,,,,,,,,"",2,,,,,,,,,,,,,0,"柴山犬吉",6612.673,6612.51,,133,""
184,,8,0,3,4,0,0,2,0,0,1,255,255,12,23,6636.029,"きりん SR",R,13,79,106,-2.115,-1.203,0.017,1.713,-0.574,1.525,-36.783,16.315,45,50,4,2,"",-174.235,400,13.053,0,0,7,"=","=","=","=","=","=","=","=","=",5,L,"schmoneymikey",175.1,80,0.349,3,59,W,Y,1,6637.258,239,180,51,59,33,,136,127,9.827,31.077,-0.362,0.658,-21.139,0.56,0,0.24,-125.754,22.082,98.027,6638.09,-33.228,-75.31,6638.973,8,-39.01,0.273,-84.598,1,0,,6642.149,,,,,,,,,6642.173,,,,,,,,,,,,,,,,,,,6647.526,2,,,,,,,-0.262,-37.305,-0.023,-17.65,-18.702,-43.422,-12.362,-65.126,18.764,-43.677,13.473,-64.892,45.749,-103.037,1.731,-105.566,-41.207,-94.94,-0.146,-37.685,,"SFIDA",-0.045,-17.678,,"甲斐野柊太",-18.294,-43.293,97,"柴山犬吉",-12.267,-65.098,,"눈꽃",17.309,-44.968,,"coder_",13.299,-64.815,,"Azuner",45.776,-103.087,,"Amellaid",1.731,-105.522,,"레이나2",-41.388,-94.841,106,6649.84,-0.088,-39.285,,,,6642.894,-19.512,-40.53,,,,,,,,,,,,,,,,6640.329,-39.398,-85.166,,,,,,,6648.792,-16.894,-39.42,,,,,,,,,,,,,,,,6640.881,-37.209,-81.089,"",2,,,,,,,,,,,,,0,"레이나2",,,6642.173,20,""
185,,8,0,3,5,0,0,2,1,0,0,15,255,255,24,6667.861,"きりん SR",R,26,94,140,0.673,0.334,0.275,1.753,0.34,1.601,-36.783,20.336,46,50,4,2,"",-40.44,-200,21.834,0,0,8,"=","=","=","=","=","=","=","=","=",7,R,"うよすま",175.4,85.329,0.498,5,59,W,Y,1,6668.907,122,81,123,22,0,,137,93,-30,50.234,0.109,0.972,-19.18,0.97,0,0.378,74.083,183.623,-230.702,6667.561,-1.098,-20.182,,,,,,0,0,,,,,,6671.102,,,,,,,,,,,,,,,,,,,,,,,,,,,,,,,,-0.081,-37.391,0.125,-17.496,-18.22,-39.846,-16.228,-62.979,17.969,-47.496,4.872,-63.566,43.7,-101.47,-3.946,-110.071,-48.149,-93.835,0.268,-37.671,,"SFIDA",0.044,-18.135,,"甲斐野柊太",-16.053,-42.051,,"柴山犬吉",-16.224,-62.851,,"눈꽃",17.227,-47.306,,"coder_",4.543,-63.252,,"Azuner",43.509,-101.476,,"Amellaid",-3.954,-110.049,,"레이나2",-47.663,-93.765,,,,,,,,,,,,,,,,,,,,,,,,,,,,,,,,,,,,,,,,,,,,,,,,,,,,,,,,"",3,50.944,45.22,2.996,0,0,1,-41.993,-41.993,-59.277,-41.993,0,80.76,0,"",6671.102,,,0,""
186,,8,0,3,5,0,1,2,1,0,0,15,255,255,25,6696.556,"きりん SR",R,13,89,112,-2.726,-1.581,0.021,1.579,-0.561,1.21,-36.783,16.824,41,53,6,4,"",-338.505,367.987,8.117,0,0,8,"=","=","=","=","=","=","=","=","=",7,R,"うよすま",175.4,85.329,0.498,,45,W,Y,1,,,,,,,,,,,,,,,,,,,,,,,,,,,,,0,0,,,,,,,,,,,,6696.626,,,,,,,,,,,,,,,,,,,,,,,,,,-0.288,-37.508,-0.007,-17.404,-19.149,-40.612,-16.79,-62.465,18.97,-44.784,6.45,-64.39,42.024,-98.243,-4.547,-105.773,-48.697,-92.547,,,,"",,,,"",,,,"",,,,"",,,,"",,,,"",,,,"",,,,"",,,,,,,,,,,,,,,,,,,,,,,,,,,,,,,,,,,,,,,,,,,,,,,,,,,,,,,,,,"",0,,,,,,,,,,,,,0,"",,,,0,""
187,,8,0,3,5,0,2,2,1,0,0,15,255,255,26,6747.993,"きりん SR",R,29,75,113,-3.744,-0.406,-0.177,1.702,-1.175,1.499,-36.783,11.191,56,44,0,1,"",-246.727,93.138,42.56,0,0,8,"=","=","=","=","=","=","=","=","=",7,R,"うよすま",175.4,85.329,0.498,,45,W,Y,0,,,,,,,,,,,,,,,,,,,,,,,,,,,,,0,0,,,,,,,,,,,,6759.85,,,,,,,,,,,,,,,,,,,,,,,,,,-0.415,-37.484,0.012,-17.369,-19.596,-40.263,-16.702,-62.638,19.379,-44.786,7.195,-65.913,41.992,-98.291,-5.371,-112.3,-48.739,-92.55,,,,"",,,,"",,,,"",,,,"",,,,"",,,,"",,,,"",,,,"",,,,,,,,,,,,,,,,,,,,,,,,,,,,,,,,,,,,,,,,,,,,,,,,,,,,,,,,,,"",0,,,,,,,,,,,,,0,"",,,,0,""
188,,8,0,3,5,1,2,2,1,0,0,15,255,255,27,6766.884,"きりん SR",R,29,84,120,-3.89,0.238,-0.247,1.777,-1.392,1.674,-36.783,8.234,49,51,0,1,"",-193.848,-52.794,56.673,0,0,8,"=","=","=","=","=","=","=","=","=",7,R,"うよすま",175.4,85.329,0.498,,45,W,Y,0,,,,,,,,,,,,,,,,,,,,,,,,,,,,,0,0,,,,,,6769.963,,,,,,,,,,,,,,,,,,,,,,,,,,6770.494,5,,,,,-0.359,-37.554,-0.021,-17.375,-19.709,-40.228,-16.644,-62.655,18.882,-47.745,6.601,-65.916,42.244,-98.201,-5.704,-112.273,-48.731,-92.562,,,,"",,,,"",,,,"",,,,"",,,,"",,,,"",,,,"",,,,"",,,,,,,,,,,,,,,,,,,,,,,,,,,,,,,,,,,,,,,,,,,,,,,,,,,,,,,,,,"",0,,,,,,,,,,,,,0,"",6769.963,,,0,""
189,,8,0,3,5,2,2,2,0,1,0,255,15,255,28,6790.55,"きりん SR",R,6,91,129,-3.618,0.618,-0.246,1.853,-2.086,1.949,-36.783,14.704,84,11,4,1,"",389.783,0,58.901,0,0,8,"=","=","=","=","=","=","=","=","=",7,R,"うよすま",175.4,85.329,0.498,,45,W,Y,0,,,,,,,,,,,,,,,,,,,,,,,,,,,,,0,128,,,,,,,,,6793.717,,,,,,6794.08,7,2,293,64,,,,,,,,,,,,,,,,,,,-0.342,-37.413,0.014,-17.463,-19.365,-44.227,-16.538,-62.668,18.357,-44.735,8.159,-66.484,42.341,-98.316,-4.937,-113.079,-48.731,-92.555,,,,"",,,,"",,,,"",,,,"",,,,"",,,,"",,,,"",,,,"",,,,,,,,,,,,,,,,,,,,,,,,,,,,,,,,,,,,,,,,,,,,,,,,,,,,,,,,,,"",0,,,,,,,,,,,,,0,"",,6793.717,,0,""
190,SIDE,8,0,3,5,3,2,2,0,0,0,255,255,255,,6796.893,,,,,,,,,,,,,,,,,,,,,,,,8,"=","=","=","=","=","=","=","=","=",,,,,,,,,,,,,,,,,,,,,,,,,,,,,,,,,,,,,,,0,0,,,,,,,,,,,,,,,,,,,,,,,,,,,,,,,,,,,,,,,,,,,,,,,,,,,,,,,,,,,,,,,,,,,,,,,,,,,,,,,,,,,,,,,,,,,,,,,,,,,,,,,,,,,,,,,,,,,,,,,,,,,,,,,,,,,,,,,,,,,,,,,,,"",0,,,,,,,,,,,,,0,"",,,,0,""
191,,9,1,3,5,0,0,0,0,0,0,255,255,255,31,6843.971,"Fresh825",R,32,95,140,-6.421,-0.366,-0.202,1.515,-3.009,1.222,-36.441,8.155,0,100,0,1,"",230.747,-189.194,31.117,-1.439,-9.192,6,"coder_","눈꽃","甲斐野柊太","소솨소솨","레이나2","Azuner","SFIDA","柴山犬吉","Amellaid",1,L,"SFIDA",189.1,80,0.2,,59,W,Y,0,,,,,,,,,,,,,,,,,,,,,,,,,,,,,0,0,,,,,,,,,,,,,,,,,,,,,,,,,,,,,,,,,,,,,,-0.095,-37.81,-0.134,-17.905,-20.159,-47.517,-11.145,-62.78,24.007,-47.902,12.693,-62.812,45.751,-99.59,4.122,-113.511,-39.438,-97.113,,,,"",,,,"",,,,"",,,,"",,,,"",,,,"",,,,"",,,,"",,,,,,,,,,,,,,,,,,,,,,,,,,,,,,,,,,,,,,,,,,,,,,,,,,,,,,,,,,"",0,,,,,,,,,,,,,0,"",,,,0,""
192,,9,1,3,5,1,0,0,0,0,0,255,255,255,32,6865.74,"Fresh825",R,33,82,133,2.921,0.798,0.427,1.71,1.057,2.018,-36.441,39.511,0,100,0,1,"",142.32,-100.24,3.923,0,0,6,"=","=","=","=","=","=","=","=","=",1,L,"SFIDA",189.1,80,0.2,,58,W,Y,0,,,,,,,,,,,,,,,,,,,,,,,,,,,,,0,0,,,,,,,,,,,,,,,,,,,,,,,,,,,,,,,,,,,,,,-0.187,-37.46,0.176,-17.715,-20.187,-47.565,-10.681,-62.608,23.99,-47.853,13.171,-63.876,47.978,-99.723,5.113,-110.81,-39.059,-94.37,,,,"",,,,"",,,,"",,,,"",,,,"",,,,"",,,,"",,,,"",,,,,,,,,,,,,,,,,,,,,,,,,,,,,,,,,,,,,,,,,,,,,,,,,,,,,,,,,,"",0,,,,,,,,,,,,,0,"",,,,0,""
193,,9,1,3,5,2,0,0,0,0,0,255,255,255,33,6881.518,"Fresh825",R,33,93,140,-2.03,-0.435,-0.032,1.479,-1.077,1.269,-36.441,3.747,0,100,0,1,"",145.018,-84.771,12.906,0,0,6,"=","=","=","=","=","=","=","=","=",1,L,"SFIDA",189.1,80,0.2,,58,W,Y,0,,,,,,,,,,,,,,,,,,,,,,,,,,,,,0,0,,,,,,,,,,,,,,,,,,,,,,,,,,,,,,,,,,,,,,-0.11,-37.526,-0.007,-17.756,-20.162,-47.637,-11.26,-63.09,24.123,-48.567,12.831,-63.63,47.908,-100.544,5.079,-112.556,-40.782,-95.189,,,,"",,,,"",,,,"",,,,"",,,,"",,,,"",,,,"",,,,"",,,,,,,,,,,,,,,,,,,,,,,,,,,,,,,,,,,,,,,,,,,,,,,,,,,,,,,,,,"",0,,,,,,,,,,,,,0,"",,,,0,""
194,,9,1,3,5,3,0,0,0,0,0,255,255,255,34,6925.278,"Fresh825",R,34,76,127,-0.21,-0.57,0.147,1.448,-0.246,1.166,-36.441,12.035,0,100,0,0,"",99.472,-93.971,7.076,0,0,6,"=","=","=","=","=","=","=","=","=",1,L,"SFIDA",189.1,80,0.2,,58,W,Y,0,,,,,,,,,,,,,,,,,,,,,,,,,,,,,0,0,,,,,,,,,,,,,,,,,,,,,,,,,,,,,,,,,,,,,,-0.101,-37.332,0.02,-18.021,-20.087,-47.432,-11.277,-63.358,24.358,-49.17,13.485,-63.805,47.87,-100.472,5.075,-112.725,-40.249,-98.837,,,,"",,,,"",,,,"",,,,"",,,,"",,,,"",,,,"",,,,"",,,,,,,,,,,,,,,,,,,,,,,,,,,,,,,,,,,,,,,,,,,,,,,,,,,,,,,,,,"",0,,,,,,,,,,,,,0,"",,,,0,""
195,,9,1,3,5,3,1,0,0,0,0,255,255,255,35,6942.699,"Fresh825",R,33,82,133,0.457,0.192,0.206,1.601,0.028,1.664,-36.441,20.852,0,100,0,2,"",115.994,-74.027,7.131,0,0,6,"=","=","=","=","=","=","=","=","=",1,L,"SFIDA",189.1,80,0.2,5,58,W,Y,1,6943.635,195,255,100,100,55,,145,96,51.476,59.145,0.085,1.119,-20.951,-0.65,0,0.833,383.057,-133.491,-265.978,6948.44,-54.56,-54.139,,,,,,0,0,,,,,,,,,,,,,,,,,,,,,,,,,,,,,,,,,,,,,,-0.141,-37.441,0.007,-17.993,-19.764,-47.953,-11.532,-63.484,24.472,-49.506,12.738,-63.646,47.949,-100.569,5.114,-113.516,-40.956,-99.33,-0.335,-36.844,,"Megu3568",0.008,-18.048,,"Muna_328",-19.757,-47.959,,"かめかめん",-11.592,-63.44,,"しろくま。",24.479,-49.031,,"schmoneymikey",12.601,-63.263,,"하루（Haru）",47.945,-100.566,,"うよすま",5.113,-113.514,,"Sabo_10",-40.829,-99.372,,,,,,,,,,,,,,,,,,,,,,,,,,,,,,,,,,,,,,,,,,,,,,,,,,,,,,,,"",3,73.942,51.295,12.518,0.65,1,0.565,64.209,51.476,-6.115,35.171,0.048,162.128,0,"",,,,0,""
196,,9,1,3,5,3,2,0,0,0,0,255,255,255,36,6965.851,"Fresh825",R,33,78,129,0.599,-0.536,0.219,1.465,0.089,1.221,-36.441,20.69,0,100,0,2,"",111.903,-58.308,2.152,0,0,6,"=","=","=","=","=","=","=","=","=",1,L,"SFIDA",189.1,80,0.2,5,58,W,Y,1,6966.797,241,135,122,94,53,,145,122,25.422,18.311,0.11,0.863,-21.172,0.2,0,0.697,282.558,-101.323,-59.188,6970.553,-32.357,-126.179,6972.594,8,-27.632,0.057,-121.597,1,64,,6972.399,6976.937,,,,,,,,,,,,6977.64,6,1,278,4,,,,,,,,,,,,,6977.467,5,,,,,-0.139,-37.422,-0.03,-17.976,-21.402,-48.069,-11.814,-63.869,24.111,-49.795,12.974,-63.092,46.734,-100.661,4.321,-110.676,-44.547,-97.615,0.021,-37.359,,"Megu3568",0,-18.11,,"Muna_328",-21.396,-48.076,,"かめかめん",-11.852,-63.838,,"しろくま。",24.171,-49.462,,"schmoneymikey",12.964,-63.058,85,"하루（Haru）",46.734,-100.659,,"うよすま",4.321,-110.673,,"Sabo_10",-44.555,-97.618,121,6982.428,0.589,-38.156,,,,,,,,,,,,,6977.344,-0.093,-61.034,,,,,,,6974.049,-27.677,-121.066,,,,,,,,,,,,,,,,6981.368,5.269,-53.946,,,,,,,6974.803,-25.864,-119.367,"",2,18.379,18.379,4.378,0,0,1,30.29,30.29,47.754,30.29,0,20.059,0,"Sabo_10",6976.937,,,196,""
197,,9,1,3,5,0,0,1,0,0,0,255,255,255,37,7055.303,"Fresh825",R,32,94,140,-1.751,0.289,-0.033,1.587,-1.086,1.614,-36.441,6.817,2,98,0,1,"",243.417,-158.793,16.908,0,0,7,"=","=","=","=","=","=","=","=","=",3,R,"柴山犬吉",169.9,90.243,0.5,,58,W,Y,0,,,,,,,,,,,,,,,,,,,,,,,,,,,,,0,0,,,,,,,,,,,,,,,,,,,,,,,,,,,,,,,,,,,,,,-0.201,-37.39,0.193,-17.667,-23.044,-48.447,-13.155,-62.686,21.864,-47.485,8.312,-65.107,43.826,-100.048,4.268,-110.769,-47.326,-103.591,,,,"",,,,"",,,,"",,,,"",,,,"",,,,"",,,,"",,,,"",,,,7060.624,-0.543,-37.34,,,,,,,,,,,,,,,,,,,,,,,,,,,,,,,,,,,,,,,,,,,,,,,,,,,,"",0,,,,,,,,,,,,,0,"",,,,0,""
198,,9,1,3,5,1,0,1,0,0,0,255,255,255,38,7073.663,"Fresh825",R,32,89,140,0.57,0.161,0.21,1.58,0.048,1.591,-36.441,27.887,0,100,0,2,"",153.536,-136.171,5.429,0,0,7,"=","=","=","=","=","=","=","=","=",3,R,"柴山犬吉",169.9,90.243,0.5,5,58,W,Y,1,7074.707,181,131,93,69,29,,145,87,-0.483,-31.396,0.111,0.978,-20.398,-0.75,0,0.202,501.074,-33.844,328.298,7074.061,9.182,-35.214,7075.173,4,16.631,0.055,-47.743,0,0,,7079.756,,,,,,,,,,,,,7079.415,7,,147,1,,,,,,,,,,,,,,,,,,,-0.26,-37.509,0.181,-17.694,-23.357,-48.94,-12.965,-62.697,22.157,-47.517,8.833,-66.329,43.9,-100.066,3.888,-111.992,-46.455,-103.299,-0.138,-37.283,,"Megu3568",0.157,-17.761,,"Muna_328",-23.287,-48.849,88,"かめかめん",-12.959,-62.679,,"しろくま。",22.144,-47.483,114,"schmoneymikey",8.83,-66.311,,"하루（Haru）",43.895,-100.059,,"うよすま",3.91,-111.969,,"Sabo_10",-46.437,-103.265,,7082.932,-0.594,-38.196,,,,7078.785,-18.35,-40.054,,,,7076.58,17.317,-48.375,,,,,,,,,,,,,,,,,,,7081.974,-17.98,-39.617,,,,7077.506,12.077,-47.721,,,,,,,,,,,,,"",2,-31.524,-31.524,-5.016,0,0,1,-0.483,-0.483,-4.513,-0.483,0,-35.497,0,"しろくま。",,,,81,""
199,,9,1,3,5,0,0,2,0,0,0,255,255,255,39,7098.236,"Fresh825",R,32,87,140,-1.142,-0.689,0.049,1.458,-0.704,1.117,-36.441,13.268,0,100,0,0,"",154.061,-114.904,9.415,0,0,8,"=","=","=","=","=","=","=","=","=",7,L,"Amellaid",160,80.447,0.403,,58,W,Y,0,,,,,,,,,,,,,,,,,,,,,,,,,,,,,0,0,,,,,,,,,,,,,,,,,,,,,,,,,,,,,,,,,,,,,,-0.233,-37.274,-0.029,-17.852,-19.474,-47.736,-12.027,-62.094,19.257,-43.289,13.14,-63.482,45.181,-98.117,3.595,-108.048,-38.682,-96.43,,,,"",,,,"",,,,"",,,,"",,,,"",,,,"",,,,"",,,,"",,,,7101.262,-0.156,-37.167,,,,,,,,,,,,,,,,,,,,,,,,,,,,,,,,,,,,,,,,,,,,,,,,,,,,"",0,,,,,,,,,,,,,0,"",,,,0,""
200,,9,1,3,5,0,1,2,0,0,0,255,255,255,40,7114.293,"Fresh825",R,32,77,127,0.59,-0.607,0.18,1.445,-0.091,1.066,-36.441,22.905,0,100,0,0,"",228.292,-186.451,10.553,0,0,8,"=","=","=","=","=","=","=","=","=",7,L,"Amellaid",160,80.447,0.403,,58,W,Y,1,,,,,,,,,,,,,,,,,,,,,,,,,,,,,0,0,,,,,,,,,,,,,,,,,,,,,,,,,,,,,,,,,,,,,,-0.218,-37.524,-0.024,-17.807,-19.454,-47.747,-11.529,-61.415,19.274,-43.197,11.106,-57.538,45.174,-98.125,3.415,-107.384,-38.615,-97.229,,,,"",,,,"",,,,"",,,,"",,,,"",,,,"",,,,"",,,,"",,,,7118.211,-0.139,-37.476,,,,,,,,,,,,,,,,,,,,,,,,,,,,,,,,,,,,,,,,,,,,,,,,,,,,"",0,,,,,,,,,,,,,0,"",,,,0,""
201,,9,1,3,5,0,2,2,0,0,0,255,255,255,41,7129.426,"Fresh825",R,32,89,140,0.892,0.694,0.226,1.636,0.119,1.801,-36.441,31.486,0,100,0,2,"",197.926,-160.227,7.355,0,0,8,"=","=","=","=","=","=","=","=","=",7,L,"Amellaid",160,80.447,0.403,5,43,W,Y,1,7130.322,199,234,137,41,28,,145,110,98.749,7.656,0.167,1.041,-20.32,0.18,0,0.394,531.533,-110.305,-245.349,,,,,,,,,0,0,,,,,,,,,,,,,,,,,,,,,,,,,,,,,,,,,,,,,,-0.31,-37.496,-0.052,-17.841,-19.767,-48.292,-11.619,-61.646,19.523,-42.929,11.001,-54.121,45.079,-98.366,4.926,-109.752,-37.402,-96.553,-0.22,-37.001,,"Megu3568",-0.005,-17.965,,"Muna_328",-19.763,-48.287,,"かめかめん",-11.85,-61.529,,"しろくま。",19.522,-42.893,,"schmoneymikey",11.003,-54.119,,"하루（Haru）",45.038,-98.51,,"うよすま",4.951,-109.724,,"Sabo_10",-37.387,-96.475,,,,,,,,,,,,,,,,,,,,,,,,,,,,,,,,,,,,,,,,,,,,,,,,,,,,,,,,"",3,7.188,7.188,1.707,0,0,1,81.251,81.251,23.668,81.251,0,7.784,0,"",,,,0,""
202,,9,1,3,5,0,2,2,0,0,0,255,255,255,42,7156.174,"Fresh825",R,26,88,140,-0.966,-1.963,-0.024,1.599,-1.04,1.658,-36.441,7.925,22,78,0,2,"",167.976,-200,28.827,0,0,8,"=","=","=","=","=","=","=","=","=",7,L,"Amellaid",160,80.447,0.403,3,43,W,Y,1,7157.022,255,95,15,46,29,,53,53,36.158,9.531,-0.352,0.974,-20.081,-1,0,0.409,61.899,320.33,101.916,,,,7159.515,3,-7.904,2.658,-51.928,0,0,,7161.742,,,,,,,,,,,,,7160.865,8,,452,0,,,,,,,,,,,,,,,,,,,-0.27,-37.473,-0.174,-18.225,-20.928,-47.187,-11.892,-62.355,19.519,-42.356,11.759,-53.582,45.425,-97.067,6.343,-111.591,-40.745,-93.444,-0.165,-37.223,,"Megu3568",-0.229,-18.248,,"Muna_328",-20.916,-47.161,,"かめかめん",-12.187,-62.233,,"しろくま。",19.51,-42.272,,"schmoneymikey",11.74,-53.534,,"하루（Haru）",45.416,-97.064,,"うよすま",6.347,-111.583,,"Sabo_10",-40.528,-93.628,,,,,,,,,,,7160.877,-8.185,-52.757,,,,,,,,,,,,,,,,,,,,,,,,,,,,,,,,,,,,,,,,,,,"",1,,,,,,,,,,,,,0,"かめかめん",,,,32,""
203,END,9,0,3,5,0,0,0,0,0,0,255,255,255,,7853.028,,,,,,,,,,,,,,,,,,,,,,,,,,,,,,,,,,,,,,,,,,,,,,,,,,,,,,,,,,,,,,,,,,,,,,,,,,,,,,,,,,,,,,,,,,,,,,,,,,,,,,,,,,,,,,,,,,,,,,,,,,,,,,,,,,,,,,,,,,,,,,,,,,,,,,,,,,,,,,,,,,,,,,,,,,,,,,,,,,,,,,,,,,,,,,,,,,,,,,,,,,,,,,,,,,,,,,,,,,,,,,,,,,,,,,,,,,,,,,,"{""schemaVersion"":16,""gameTimeZeroUtc"":""2026-09-20T12:22:49.386Z"",""exportedAtUtc"":""2026-09-20T14:33:42.414Z"",""teamNameA"":""IQ"",""teamNameB"":""HS""}"
