id,type,inn,half,scoreA,scoreB,ball,strk,out,b1,b2,b3,b1Idx,b2Idx,b3Idx,pCnt,pSec,pName,pHand,pType,pPow,spdK,zoneX,zoneY,startX,startY,targetX,targetY,zDist,pitchAngle,pOver,pSide,pUnder,call,manual,sH,sV,gyro,plx,plz,bIdx,order1Name,order2Name,order3Name,order4Name,order5Name,order6Name,order7Name,order8Name,order9Name,bPos,bZone,bName,bHCm,batLen,batCen,batType,bFps,bOS,bVR,bSwing,hSec,rotS,rotL,shS,lgS,prepS,gripPen,batSpd,ev,ldeg,sdeg,launchPosX,launchPosY,launchPosZ,hPos,buntGrip,handDist,angVeloX,angVeloY,angVeloZ,ltSec,lx,lz,cSec,cPos,cx,cy,cz,1BSafe,tag,cpSec,bTo1Sec,bTo2Sec,bTo3Sec,bToHSec,r1To2Sec,r1To3Sec,r1ToHSec,r2To3Sec,r2ToHSec,r3ToHSec,r1LeaveSec,r2LeaveSec,r3LeaveSec,out1Sec,out1BatterIndex,out1PrevBase,out1Code,out1Ass,out2Sec,out2BatterIndex,out2PrevBase,out2Code,out2Ass,out3Sec,out3BatterIndex,out3PrevBase,out3Code,out3Ass,ball1Sec,ball1Pos,ball2Sec,ball2Pos,ball3Sec,ball3Pos,ballHSec,ballHPos,PitchPPosX,PitchPPosZ,PitchCPosX,PitchCPosZ,Pitch1BPosX,Pitch1BPosZ,Pitch2BPosX,Pitch2BPosZ,Pitch3BPosX,Pitch3BPosZ,PitchSSPosX,PitchSSPosZ,PitchLFPosX,PitchLFPosZ,PitchCFPosX,PitchCFPosZ,PitchRFPosX,PitchRFPosZ,PPosX,PPosY,PThrSpd,CName,CPosX,CPosY,CThrSpd,1BName,1BPosX,1BPosY,1BThrSpd,2BName,2BPosX,2BPosY,2BThrSpd,3BName,3BPosX,3BPosY,3BThrSpd,SSName,SSPosX,SSPosY,SSThrSpd,LFName,LFPosX,LFPosY,LFThrSpd,CFName,CFPosX,CFPosY,CFThrSpd,RFName,RFPosX,RFPosY,RFThrSpd,PGetSec,PGetX,PGetZ,CGetSec,CGetX,CGetZ,1BGetSec,1BGetX,1BGetZ,2BGetSec,2BGetX,2BGetZ,3BGetSec,3BGetX,3BGetZ,SSGetSec,SSGetX,SSGetZ,LFGetSec,LFGetX,LFGetZ,CFGetSec,CFGetX,CFGetZ,RFGetSec,RFGetX,RFGetZ,PThrSec,PThrX,PThrZ,CThrSec,CThrX,CThrZ,1BThrSec,1BThrX,1BThrZ,2BThrSec,2BThrX,2BThrZ,3BThrSec,3BThrX,3BThrZ,SSThrSec,SSThrX,SSThrZ,LFThrSec,LFThrX,LFThrZ,CFThrSec,CFThrX,CFThrZ,RFThrSec,RFThrX,RFThrZ,errPosDelta,result,swPreDeg,swTargetDeg,swApproachDeg,swCorr,swSource,swProximity,swVRawDeg,swVAdjustedDeg,swVMotionDeg,swVClosestDeg,swVYShrink,swGeometryDeg,balk,cPlr,sb2Sec,sb3Sec,sbhSec,ass,remarks
1,,1,1,0,0,0,0,0,0,0,0,255,255,255,0,1130.607,"Kr_Luna",L,10,70,100,0.344,-1.201,-0.637,1.948,-0.115,1.689,-36.788,43.395,92,8,0,1,"",131.189,400,0,0,0,0,"わかなで","ゆっち一","_Chun","MODECO","「론구」","shuwaYNZ","まととまと","Mr․D VRC","별이__",3,L,"わかなで",160,94.208,0.2,,49,W,Y,0,,,,,,,,,,,,,,,,,,,,,,,,,,,,,0,0,,,,,,,,,,,,,,,,,,,,,,,,,,,,,,,,,,,,,,-0.106,-37.618,0.056,-17.278,-19.958,-43.137,-9.272,-64.256,19.32,-46.383,10.635,-56.947,39.501,-83.9,0.113,-102.879,-31.376,-74.965,,,,"",,,,"",,,,"",,,,"",,,,"",,,,"",,,,"",,,,"",,,,,,,,,,,,,,,,,,,,,,,,,,,,,,,,,,,,,,,,,,,,,,,,,,,,,,,,,,"",0,,,,,,,,,,,,,0,"",,,,0,""
2,,1,1,0,0,1,0,0,0,0,0,255,255,255,1,1221.152,"Kr_Luna",L,26,86,139,0.865,-0.385,-0.382,1.717,0.547,1.196,-36.788,37.451,85,14,1,0,"",-112.504,-175.398,0,0,0,0,"=","=","=","=","=","=","=","=","=",3,L,"わかなで",160,94.208,0.2,,48,W,Y,0,,,,,,,,,,,,,,,,,,,,,,,,,,,,,0,0,,,,,,,,,,,,,,,,,,,,,,,,,,,,,,,,,,,,,,0.028,-37.884,0.06,-17.387,-21.123,-44.716,-10.293,-65.828,20.705,-47.495,11.862,-57.407,38.163,-86.345,-0.235,-105.759,-40.579,-87.197,,,,"",,,,"",,,,"",,,,"",,,,"",,,,"",,,,"",,,,"",,,,,,,,,,,,,,,,,,,,,,,,,,,,,,,,,,,,,,,,,,,,,,,,,,,,,,,,,,"",0,,,,,,,,,,,,,0,"",,,,0,""
3,,1,1,0,0,1,1,0,0,0,0,255,255,255,2,1242.385,"Kr_Luna",L,3,73,101,1.427,-0.64,-0.67,1.975,-0.164,1.672,-36.788,54.868,84,16,0,0,"",378.04,228.349,0,0,0,0,"=","=","=","=","=","=","=","=","=",3,L,"わかなで",160,94.208,0.2,,48,W,Y,0,,,,,,,,,,,,,,,,,,,,,,,,,,,,,0,0,,,,,,,,,,,,,,,,,,,,,,,,,,,,,,,,,,,,,,-0.031,-37.734,0.044,-17.204,-21.085,-44.572,-10.377,-65.555,20.729,-47.609,9.473,-58.285,38.119,-85.525,-0.229,-105.762,-40.049,-86.706,,,,"",,,,"",,,,"",,,,"",,,,"",,,,"",,,,"",,,,"",,,,,,,,,,,,,,,,,,,,,,,,,,,,,,,,,,,,,,,,,,,,,,,,,,,,,,,,,,"",0,,,,,,,,,,,,,0,"",,,,0,""
4,,1,1,0,0,1,2,0,0,0,0,255,255,255,3,1262.481,"Kr_Luna",L,3,83,111,1.906,-0.67,-0.506,1.874,0.293,1.501,-36.788,40.59,85,15,0,2,"",294.421,167.65,0,0,0,0,"=","=","=","=","=","=","=","=","=",3,L,"わかなで",160,94.208,0.2,3,48,W,Y,1,1263.629,201,147,107,95,50,,145,76,33.828,-53.637,0.306,0.756,-21.033,1,0,0.501,71.144,-278.825,-217.85,1259.722,41.709,-49.068,,,,,,0,0,,,,,,,,,,,,,,,,,,,,,,,,,,,,,,,,,,,,,,0.019,-37.824,0.035,-17.224,-20.96,-44.55,-9.974,-65.586,21.42,-48.699,10.54,-57.372,40.651,-87.07,0.115,-102,-40.135,-86.816,-0.038,-37.911,,"mungjungh",0.111,-17.242,,"가앤슬_",-20.969,-44.527,,"_Gosomi",-6.933,-66.219,,"Penguin_iDOL",21.2,-47.748,,"Yaksok~",10.531,-57.59,,"HANA_ARASHI",40.295,-86.447,,"k@ster",0.179,-102.027,,"SUGUN",-40.121,-86.617,,,,,,,,,,,,,,,,,,,,,,,,,,,,,,,,,,,,,,,,,,,,,,,,,,,,,,,,"",3,,,,,,,,,,,,,0,"",,,,0,""
5,,1,1,0,0,1,2,0,0,0,0,255,255,255,4,1283.714,"Kr_Luna",L,13,77,114,2.593,-1.544,-0.494,1.843,0.493,1.302,-36.788,45.043,83,17,0,4,"",357.576,349.485,0,0,0,0,"=","=","=","=","=","=","=","=","=",3,L,"わかなで",160,94.208,0.2,,47,W,Y,1,,,,,,,,,,,,,,,,,,,,,,,,,,,,,0,0,,,,,,,,,,,,,,,1286.493,0,,578,0,,,,,,,,,,,,,,,,,,,0.014,-37.805,0.034,-17.253,-21.236,-44.109,-10.475,-65.681,20.943,-48.741,13.16,-59.327,40.939,-85.339,-0.001,-102.201,-40.412,-88.699,,,,"",,,,"",,,,"",,,,"",,,,"",,,,"",,,,"",,,,"",,,,,,,,,,,,,,,,,,,,,,,,,,,,,,,,,,,,,,,,,,,,,,,,,,,,,,,,,,"",0,,,,,,,,,,,,,0,"",,,,0,""
6,,1,1,0,0,0,0,1,0,0,0,255,255,255,5,1310.232,"Kr_Luna",L,13,81,120,1.063,-1.207,-0.546,1.83,0.25,1.3,-36.788,31.814,90,10,0,1,"",155.386,400,0,0.381,-17.34,1,"=","=","=","=","=","=","=","=","=",8,L,"ゆっち一",181.4,84,0.401,,47,W,Y,0,,,,,,,,,,,,,,,,,,,,,,,,,,,,,0,0,,,,,,,,,,,,,,,,,,,,,,,,,,,,,,,,,,,,,,-0.064,-37.858,0.006,-17.198,-20.953,-44.397,-11.116,-65.121,21.001,-48.898,13.542,-64.275,40.324,-84.567,0.078,-108.773,-44.952,-92.665,,,,"",,,,"",,,,"",,,,"",,,,"",,,,"",,,,"",,,,"",,,,,,,,,,,,,,,,,,,,,,,,,,,,,,,,,,,,,,,,,,,,,,,,,,,,,,,,,,"",0,,,,,,,,,,,,,0,"",,,,0,""
7,,1,1,0,0,1,0,1,0,0,0,255,255,255,6,1328.449,"Kr_Luna",L,5,65,103,-0.837,0.628,-0.759,2.116,-0.526,1.99,-36.788,71.332,84,16,0,2,"",89.192,4.995,0,0,0,1,"=","=","=","=","=","=","=","=","=",8,L,"ゆっち一",181.4,84,0.401,5,47,W,Y,1,1329.698,212,116,119,94,58,,145,130,23.116,21.919,-0.168,1.223,-20.716,0.44,0,0.494,63.186,-91.648,-53.651,1327.189,-38.144,-122.765,1328.756,8,-33.458,0.06,-116.275,1,0,,1335.006,1339.642,,,,,,,,,,,,,,,,,,,,,,,,,,,,,1341.844,5,,,,,-0.04,-37.684,0.049,-17.153,-20.878,-45.236,-10.495,-65.686,21.017,-48.978,14.857,-63.963,39.175,-83.15,0.062,-108.777,-44.539,-92.162,0.12,-37.906,,"mungjungh",0.065,-17.21,,"가앤슬_",-20.862,-45.219,,"_Gosomi",-5.772,-65.964,,"Penguin_iDOL",20.977,-48.978,,"Yaksok~",15.81,-65.873,85,"HANA_ARASHI",39.172,-83.149,,"k@ster",0.038,-108.738,,"SUGUN",-44.516,-92.175,119,1344.956,0.236,-38.591,,,,,,,,,,,,,1339.367,-0.024,-60.417,,,,,,,1336.283,-33.801,-115.597,,,,,,,,,,,,,,,,1343.848,0.285,-57.876,,,,,,,1336.875,-31.549,-112.668,"",2,19.368,19.368,12.63,0,0,1,23.116,23.116,32.819,23.116,0,18.766,0,"SUGUN",1339.642,,,259,""
8,,1,1,0,0,0,0,1,0,1,0,255,8,255,7,1366.272,"Kr_Luna",L,32,82,118,-0.211,-0.086,-0.535,1.825,0.202,1.418,-36.788,60.764,86,13,2,0,"",-184.722,-122.667,0,0,0,2,"=","=","=","=","=","=","=","=","=",0,L,"_Chun",190,80,0.455,,47,W,Y,0,,,,,,,,,,,,,,,,,,,,,,,,,,,,,0,0,,,,,,,,,,,,,1370.857,,,,,,,,,,,,,,,,,,,,,,,,,0.123,-37.727,0.059,-17.23,-20.309,-43.241,-5.903,-64.823,22.644,-49.669,13.672,-61.649,46.895,-92.113,-0.185,-109.371,-37.366,-86.746,,,,"",,,,"",,,,"",,,,"",,,,"",,,,"",,,,"",,,,"",,,,1371.729,-0.134,-37.7,,,,,,,,,,,,,,,,,,,,,,,,,,,,,,,,,,,,,,,,,,,,,,,,,,,,"",0,,,,,,,,,,,,,0,"",1368.872,,,0,""
9,,1,1,0,0,0,1,1,0,1,0,255,8,255,8,1388.586,"Kr_Luna",L,13,83,107,2.646,-1.53,-0.452,1.691,0.46,1.128,-36.788,29.218,90,10,0,4,"",357.381,339.141,0,0.713,-18.166,2,"=","=","=","=","=","=","=","=","=",0,L,"_Chun",190,80,0.455,,47,W,Y,1,,,,,,,,,,,,,,,,,,,,,,,,,,,,,0,0,,,,,,,,,,,,,1400.044,,,,,,,,,,,,,,,,,,,,,,,,,0.057,-37.654,0.058,-17.258,-19.097,-45.817,-8.853,-66.638,21.97,-49.409,13.493,-60.462,45.786,-93.879,-0.484,-111.888,-36.474,-85.933,,,,"",,,,"",,,,"",,,,"",,,,"",,,,"",,,,"",,,,"",,,,1392.902,0.062,-37.642,,,,,,,,,,,,,,,,,,,,,,,,,,,,,,,,,,,,,,,,,,,,,,,,,,,,"",0,,,,,,,,,,,,,0,"",1391.675,,,0,""
10,,1,1,0,0,0,2,1,0,1,0,255,8,255,9,1411.158,"Kr_Luna",L,10,68,99,0.647,-1.083,-0.406,1.888,0.292,1.554,-36.788,44.373,92,8,0,2,"",0,400,0,0,0,2,"=","=","=","=","=","=","=","=","=",0,L,"_Chun",190,80,0.455,0,47,W,Y,1,1412.254,225,196,95,94,67,,145,130,26.14,-21.666,0.102,0.702,-20.981,0.26,0,0.659,327.948,-460.915,-200.019,1409.739,56.842,-124.657,,,,,,0,0,,1418.116,1422.982,1428.365,1433.541,,,,1418.283,1423.62,,,1411.192,,,,,,,,,,,,,,,,,,,,,,,,,-0.017,-37.735,0.035,-17.203,-19.807,-46.783,-6.175,-63.688,22.558,-48.343,13.592,-61.113,40.494,-84.243,-0.448,-111.884,-36.877,-85.174,-0.184,-37.847,,"mungjungh",0.055,-17.463,,"가앤슬_",-19.822,-46.04,,"_Gosomi",-7.784,-63.592,,"Penguin_iDOL",22.56,-48.313,,"Yaksok~",13.954,-60.659,,"HANA_ARASHI",40.605,-84.498,,"k@ster",-0.451,-111.886,,"SUGUN",-36.859,-85.023,,,,,,,,,,,,,,,,,,,,,,,,,,,,,,,,,,,,,,,,,,,,,,,,,,,,,,,,"",4,,,,,,,,,,,,,0,"",1422.982,1418.283,1423.62,0,""
11,,1,1,2,0,0,0,1,0,0,0,255,255,255,10,1460.85,"Kr_Luna",L,33,84,136,-1.652,0.091,-0.619,1.812,-0.552,1.568,-36.788,51.951,88,11,1,1,"",-118.236,-98.076,0,0,0,3,"=","=","=","=","=","=","=","=","=",4,R,"MODECO",190,87.169,0.506,,46,W,Y,0,,,,,,,,,,,,,,,,,,,,,,,,,,,,,0,0,,,,,,,,,,,,,,,,,,,,,,,,,,,,,,,,,,,,,,-0.035,-37.821,0.099,-17.239,-20.287,-43.759,-15.166,-63.476,22.458,-51.737,9.847,-66.322,41.143,-90.048,-0.209,-108.669,-48.321,-93.016,,,,"",,,,"",,,,"",,,,"",,,,"",,,,"",,,,"",,,,"",,,,,,,,,,,,,,,,,,,,,,,,,,,,,,,,,,,,,,,,,,,,,,,,,,,,,,,,,,"",0,,,,,,,,,,,,,0,"",,,,0,""
12,,1,1,2,0,1,0,1,0,0,0,255,255,255,11,1477.033,"Kr_Luna",L,27,86,140,0.885,-0.517,-0.387,1.788,0.525,1.182,-36.788,38.158,91,8,1,0,"",-91.524,-103.266,0,0,0,3,"=","=","=","=","=","=","=","=","=",4,R,"MODECO",190,87.169,0.506,,46,W,Y,0,,,,,,,,,,,,,,,,,,,,,,,,,,,,,0,0,,,,,,,,,,,,,,,,,,,,,,,,,,,,,,,,,,,,,,0.069,-37.798,0.113,-17.177,-20.718,-44.352,-14.733,-63.687,22.483,-51.802,7.455,-66.434,39.482,-92.363,-0.172,-108.664,-47.976,-93.6,,,,"",,,,"",,,,"",,,,"",,,,"",,,,"",,,,"",,,,"",,,,,,,,,,,,,,,,,,,,,,,,,,,,,,,,,,,,,,,,,,,,,,,,,,,,,,,,,,"",0,,,,,,,,,,,,,0,"",,,,0,""
13,,1,1,2,0,1,1,1,0,0,0,255,255,255,12,1494.489,"Kr_Luna",L,10,69,112,1.239,-1.454,-0.432,1.863,0.318,1.424,-36.788,45.856,94,6,0,2,"",0,400,0,0,0,3,"=","=","=","=","=","=","=","=","=",4,R,"MODECO",190,87.169,0.506,0,46,W,Y,1,1495.686,103,124,62,86,48,,134,133,25.149,29.058,0.001,0.699,-20.166,0.39,0,0.594,278.962,382.42,-265.742,1492.906,-68.686,-123.106,,,,,,0,0,,1501.482,1506.02,1511.063,1516.085,,,,,,,,,,,,,,,,,,,,,,,,,,,,,,,,,-0.011,-37.833,0.107,-17.22,-20.68,-44.195,-15.599,-63.456,22.608,-51.508,14.931,-63.687,38.454,-91.298,-0.202,-108.66,-47.747,-93.847,-0.084,-37.963,,"mungjungh",0.111,-17.268,,"가앤슬_",-20.595,-44.195,,"_Gosomi",-15.13,-63.68,,"Penguin_iDOL",22.599,-51.51,,"Yaksok~",16.094,-65.067,,"HANA_ARASHI",38.373,-91.353,,"k@ster",-0.265,-108.673,,"SUGUN",-47.611,-93.874,,,,,,,,,,,,,,,,,,,,,,,,,,,,,,,,,,,,,,,,,,,,,,,,,,,,,,,,"",4,,,,,,,,,,,,,0,"",1506.02,1511.063,,0,""
14,,1,1,3,0,0,0,1,0,0,0,255,255,255,13,1598.399,"Kr_Luna",L,27,84,136,0.572,0.875,-0.42,1.939,0.373,2.013,-36.788,50.179,89,9,1,0,"",-87.602,-105.081,0,0,0,4,"=","=","=","=","=","=","=","=","=",6,R,"「론구」",179.9,80,0.4,,45,W,Y,1,,,,,,,,,,,,,,,,,,,,,,,,,,,,,0,0,,,,,,,,,,,,,,,,,,,,,,,,,,,,,,,,,,,,,,0.017,-37.944,0.092,-17.458,-20.594,-43.023,-14.537,-63.377,20.788,-48.78,9.977,-66.272,40.904,-95.513,-0.117,-110.339,-45.11,-92.179,,,,"",,,,"",,,,"",,,,"",,,,"",,,,"",,,,"",,,,"",,,,,,,,,,,,,,,,,,,,,,,,,,,,,,,,,,,,,,,,,,,,,,,,,,,,,,,,,,"",0,,,,,,,,,,,,,0,"",,,,0,""
15,,1,1,3,0,0,1,1,0,0,0,255,255,255,14,1613.623,"Kr_Luna",L,27,85,137,-0.062,-0.058,-0.476,1.874,0.11,1.449,-36.788,45.713,91,9,0,0,"",-85.698,-114.289,0,0,0,4,"=","=","=","=","=","=","=","=","=",6,R,"「론구」",179.9,80,0.4,,45,W,Y,0,,,,,,,,,,,,,,,,,,,,,,,,,,,,,0,0,,,,,,,,,,,,,,,,,,,,,,,,,,,,,,,,,,,,,,-0.034,-37.889,0.093,-17.437,-20.552,-43.094,-14.726,-63.528,20.999,-48.589,8.781,-67.047,38.735,-96.128,-0.135,-110.361,-44.971,-92.204,,,,"",,,,"",,,,"",,,,"",,,,"",,,,"",,,,"",,,,"",,,,,,,,,,,,,,,,,,,,,,,,,,,,,,,,,,,,,,,,,,,,,,,,,,,,,,,,,,"",0,,,,,,,,,,,,,0,"",,,,0,""
16,,1,1,3,0,0,2,1,0,0,0,255,255,255,15,1629.555,"Kr_Luna",L,10,71,113,-0.762,-1.433,-0.568,1.828,-0.316,1.291,-36.788,46.84,97,3,0,2,"",0,400,0,0,0,4,"=","=","=","=","=","=","=","=","=",6,R,"「론구」",179.9,80,0.4,5,45,W,Y,1,1630.763,253,171,122,105,37,,145,130,-16.158,-28.273,-0.143,0.491,-20.524,0.58,0,0.548,82.116,590.963,-41.78,1622.539,0.556,-21.832,1625.439,6,33.948,0.06,-82.795,1,0,,1636.74,,,,,,,,,,,,,,,,,,,,,,,,,,,,1638.665,2,,,,,,,-0.051,-37.697,-0.066,-17.361,-20.359,-43.491,-14.664,-63.579,20.772,-48.797,11.999,-65.512,37.763,-94.315,-0.109,-110.353,-45.211,-92.031,-0.184,-37.244,,"mungjungh",-0.307,-17.262,,"가앤슬_",-20.271,-43.577,74,"_Gosomi",-14.639,-63.095,,"Penguin_iDOL",20.769,-48.784,,"Yaksok~",12.614,-66.971,,"HANA_ARASHI",37.819,-94.418,130,"k@ster",-0.187,-110.335,,"SUGUN",-45.062,-92.097,,1642.022,-0.806,-37.815,,,,1636.854,-19.676,-40.867,,,,,,,,,,1633.68,34.424,-84.22,,,,,,,,,,,,,1640.906,-16.418,-39.412,,,,,,,,,,1634.482,30.348,-80.424,,,,,,,"",2,-29.773,-29.773,-1.504,0,0,1,-21.387,-21.387,-36.032,-21.387,0,-36.413,0,"HANA_ARASHI",,,,50,""
17,,1,1,3,0,0,0,1,1,0,0,6,255,255,16,1661.398,"Kr_Luna",L,27,80,130,0.466,0.233,-0.425,1.925,0.348,1.624,-36.788,53.547,88,10,2,2,"",-99.072,-122.192,0,0,0,5,"=","=","=","=","=","=","=","=","=",1,R,"shuwaYNZ",190.3,83,0.373,0,30,W,Y,1,1662.535,117,178,78,75,25,,137,87,29.538,61.056,-0.135,0.876,-19.244,1,0,0.224,-323.726,425.893,-252.78,1657.156,-51.676,-43.607,,,,,,0,0,,,,,,,,,,,,1677.777,,,,,,,,,,,,,,,,,,,,,,,,,,0.043,-37.825,0.066,-17.179,-20.076,-41.219,-14.515,-61.031,20.734,-51.273,14.309,-64.129,39.532,-91.461,-0.375,-107.717,-47.43,-91.905,-0.104,-37.88,,"mungjungh",0.081,-17.187,,"가앤슬_",-19.956,-41.182,,"_Gosomi",-13.639,-61.271,,"Penguin_iDOL",20.709,-51.284,,"Yaksok~",13.281,-61.974,,"HANA_ARASHI",39.322,-91.21,,"k@ster",-0.378,-107.715,,"SUGUN",-47.626,-91.72,,,,,,,,,,,,,,,,,,,,,,,,,,,,,,,,,,,,,,,,,,,,,,,,,,,,,,,,"",3,,,,,,,,,,,,,0,"",,,,0,""
18,,1,1,3,0,0,1,1,1,0,0,6,255,255,17,1683.137,"Kr_Luna",L,28,80,130,0.5,0.549,-0.422,1.894,0.361,1.85,-36.788,57.784,89,11,0,2,"BH-",-85.42,-96.962,0,0,0,5,"=","=","=","=","=","=","=","=","=",1,R,"shuwaYNZ",190.3,83,0.373,5,30,W,Y,1,1684.341,160,167,111,65,31,,145,111,-30,-11.869,0.114,1.168,-19.548,0.04,0,0.289,-3.95,477.863,124.457,1675.939,0.5,-21.41,1677.806,5,7.745,1.714,-56.704,1,32,,1690.005,,,,1689.509,,,,,,1683.387,,,1688.773,4,1,164,1,1690.7,5,1,275,4,,,,,,,,1688.188,3,,,,,0.059,-37.726,0.068,-17.174,-20.113,-41.45,-15.985,-59.426,20.415,-49.591,7.778,-63.885,39.96,-91.62,-1.078,-108.454,-46.412,-92.899,0.052,-37.779,,"mungjungh",0.095,-17.186,,"가앤슬_",-20.017,-41.366,85,"_Gosomi",-15.641,-59.653,107,"Penguin_iDOL",20.206,-49.434,,"Yaksok~",6.71,-64.297,,"HANA_ARASHI",40.709,-92.39,,"k@ster",-0.996,-108.436,,"SUGUN",-46.43,-92.903,,1695.885,-0.409,-38.243,,,,1690.202,-18.872,-40.523,1687.803,-2.257,-59.333,,,,1686.304,7.781,-57.769,,,,,,,,,,,,,,,,1694.853,-16.822,-39.259,1689.102,-3.793,-56.308,,,,,,,,,,,,,,,,"",2,-13.326,-13.326,8.225,0,0,1,-35.92,-35.92,-49.793,-35.92,0,-18.993,0,"Yaksok~",1689.509,,,39,""
19,,1,1,3,0,0,0,2,1,0,0,1,255,255,18,1744.774,"Kr_Luna",L,10,79,119,1.445,-0.099,-0.363,1.927,0.639,1.975,-36.788,37.285,94,6,0,2,"",0,400,0,0.046,-20.047,6,"=","=","=","=","=","=","=","=","=",5,R,"まととまと",180,89.79,0.446,3,43,W,Y,1,1745.99,198,26,167,88,42,,145,110,-30,19.29,0.133,0.712,-20.634,0.92,0.143,0.129,223.157,351.821,-422.778,1737.139,-0.264,-21.761,1739.089,3,-11.919,1.634,-54.597,0,0,,1751.354,,,,1751.25,,,,,,,,,1750.294,6,,147,4,,,,,,,,,,,,,,,,,,,0.07,-37.792,0.134,-17.332,-20.23,-42.998,-14.243,-63.689,21.892,-51.054,13.266,-64.677,38.802,-91.074,-0.358,-107.251,-46.251,-91.904,0.016,-37.356,,"mungjungh",0.128,-17.33,,"가앤슬_",-19.756,-42.37,,"_Gosomi",-14.415,-62.762,92,"Penguin_iDOL",21.874,-50.95,,"Yaksok~",13.962,-66.122,,"HANA_ARASHI",38.979,-90.811,,"k@ster",-0.358,-107.191,,"SUGUN",-46.217,-91.906,,,,,,,,1749.665,-18.938,-40.613,1747.955,-12.515,-56.756,,,,,,,,,,,,,,,,,,,,,,,,,1748.85,-13.878,-51.816,,,,,,,,,,,,,,,,"",2,,,,,,,,,,,,,0,"_Gosomi",1751.25,,,36,""
20,SIDE,1,1,3,0,0,0,2,1,0,0,1,255,255,,1751.882,,,,,,,,,,,,,,,,,,,,,,,,7,"=","=","=","=","=","=","=","=","=",,,,,,,,,,,,,,,,,,,,,,,,,,,,,,,,,,,,,,,0,0,,,,,,,,,,,,,,,,,,,,,,,,,,,,,,,,,,,,,,,,,,,,,,,,,,,,,,,,,,,,,,,,,,,,,,,,,,,,,,,,,,,,,,,,,,,,,,,,,,,,,,,,,,,,,,,,,,,,,,,,,,,,,,,,,,,,,,,,,,,,,,,,,"",0,,,,,,,,,,,,,0,"",,,,0,""
21,,1,0,3,0,0,0,0,0,0,0,255,255,255,0,1902.714,"_Chun",L,26,90,140,-1.058,-0.381,-0.547,1.971,-0.599,1.213,-36.679,44.857,74,26,0,2,"",14.39,-170.694,-6.32,0,0,0,"Yaksok~","Kr_Luna","_Gosomi","mungjungh","HANA_ARASHI","가앤슬_","Penguin_iDOL","k@ster","SUGUN",5,R,"Yaksok~",172.9,83.735,0.232,0,42,W,Y,1,1903.56,168,119,47,88,24,,133,80,13.617,58.64,-0.253,0.809,-20.354,1,0,0.227,-127.833,419.022,275.287,1895.356,-22.777,-33.029,,,,,,0,0,,,,,,,,,,,,,,,,,,,,,,,,,,,,,,,,,,,,,,-0.087,-37.873,-0.409,-17.743,-20.889,-46.582,-14.647,-64.267,17.453,-47.253,8.363,-64.608,36.298,-93.808,0.138,-113.471,-46.773,-92.555,-0.328,-37.157,,"shuwaYNZ",-0.245,-17.568,,"별이__",-20.783,-46.399,,"わかなで",-15.642,-65.804,,"MODECO",17.388,-47.177,,"まととまと",8.343,-64.54,,"「론구」",36.3,-93.564,,"Mr․D VRC",0.141,-113.474,,"ゆっち一",-46.77,-92.576,,,,,,,,,,,,,,,,,,,,,,,,,,,,,,,,,,,,,,,,,,,,,,,,,,,,,,,,"",3,,,,,,,,,,,,,0,"",,,,0,""
22,,1,0,3,0,0,1,0,0,0,0,255,255,255,1,1925.517,"_Chun",L,14,88,126,-1.083,-1.822,-0.402,1.906,0.09,0.968,-36.679,39.134,85,15,0,1,"",-350.834,356.252,-9.345,-0.234,-18.613,0,"=","=","=","=","=","=","=","=","=",5,R,"Yaksok~",172.9,83.735,0.232,,42,W,Y,0,,,,,,,,,,,,,,,,,,,,,,,,,,,,,0,0,,,,,,,,,,,,,,,,,,,,,,,,,,,,,,,,,,,,,,-0.039,-37.993,-0.353,-18.12,-21.252,-46.138,-16.728,-62.978,17.448,-47.631,7.39,-64.706,36.156,-93.255,0.722,-115.611,-45.546,-92.226,,,,"",,,,"",,,,"",,,,"",,,,"",,,,"",,,,"",,,,"",,,,,,,,,,,,,,,,,,,,,,,,,,,,,,,,,,,,,,,,,,,,,,,,,,,,,,,,,,"",0,,,,,,,,,,,,,0,"",,,,0,""
23,,1,0,3,0,1,1,0,0,0,0,255,255,255,2,1942.284,"_Chun",L,14,87,110,-2.154,-1.363,-0.486,1.919,-0.194,1.268,-36.679,38.094,84,16,0,4,"",-390.434,312.348,-21.345,-0.499,-17.974,0,"=","=","=","=","=","=","=","=","=",5,R,"Yaksok~",172.9,83.735,0.232,,42,W,Y,1,,,,,,,,,,,,,,,,,,,,,,,,,,,,,0,0,,,,,,,,,,,,,,,,,,,,,,,,,,,,,,,,,,,,,,-0.077,-37.91,-0.366,-18.057,-21.19,-46.107,-16.413,-63.165,17.495,-47.655,7.389,-64.674,36.122,-93.281,0.472,-115.274,-45.318,-92.849,,,,"",,,,"",,,,"",,,,"",,,,"",,,,"",,,,"",,,,"",,,,,,,,,,,,,,,,,,,,,,,,,,,,,,,,,,,,,,,,,,,,,,,,,,,,,,,,,,"",0,,,,,,,,,,,,,0,"",,,,0,""
24,,1,0,3,0,1,2,0,0,0,0,255,255,255,3,1962.317,"_Chun",L,26,83,134,-2.264,-0.508,-0.609,1.903,-0.74,1.106,-36.679,34.653,79,21,0,1,"",-156.667,-185.75,1.904,0,0,0,"=","=","=","=","=","=","=","=","=",5,R,"Yaksok~",172.9,83.735,0.232,,42,W,Y,0,,,,,,,,,,,,,,,,,,,,,,,,,,,,,0,0,,,,,,,,,,,,,,,,,,,,,,,,,,,,,,,,,,,,,,-0.171,-37.776,-0.27,-17.978,-21.145,-45.753,-16.612,-63.104,17.631,-47.925,7.475,-64.737,36.151,-93.287,0.496,-115.458,-44.761,-93.629,,,,"",,,,"",,,,"",,,,"",,,,"",,,,"",,,,"",,,,"",,,,,,,,,,,,,,,,,,,,,,,,,,,,,,,,,,,,,,,,,,,,,,,,,,,,,,,,,,"",0,,,,,,,,,,,,,0,"",,,,0,""
25,,1,0,3,0,2,2,0,0,0,0,255,255,255,4,1980.232,"_Chun",L,10,67,98,-0.54,-2.173,-0.521,1.9,-0.221,1.043,-36.679,40.457,87,13,0,4,"",0,400,3.887,-0.076,-19.531,0,"=","=","=","=","=","=","=","=","=",5,R,"Yaksok~",172.9,83.735,0.232,,42,W,Y,1,,,,,,,,,,,,,,,,,,,,,,,,,,,,,0,0,,,,,,,,,,,,,,,1986.053,0,,147,32,,,,,,,,,,,,,,,,,1982.579,1,-0.059,-37.67,-0.359,-18.141,-21.463,-45.942,-16.907,-62.877,17.628,-47.926,7.462,-64.761,36.152,-93.295,0.508,-115.46,-44.76,-93.641,,,,"",,,,"",,,,"",,,,"",,,,"",,,,"",,,,"",,,,"",,,,,,,,,,,,,,,,,,,,,,,,,,,,,,,,,,,,,,,,,,,,,,,,,,,,,,,,,,"",0,,,,,,,,,,,,,0,"",,,,0,""
26,,1,0,3,0,0,0,1,0,0,0,255,255,255,5,2003.664,"_Chun",L,26,83,134,0.877,-0.641,-0.37,1.992,0.256,1.004,-36.679,39.647,82,18,0,0,"",95.333,-200,-13.846,0,0,1,"=","=","=","=","=","=","=","=","=",0,L,"Kr_Luna",190,95.163,0.504,,42,W,Y,0,,,,,,,,,,,,,,,,,,,,,,,,,,,,,0,0,,,,,,,,,,,,,,,,,,,,,,,,,,,,,,,,,,,,,,-0.046,-38.007,0.038,-17.821,-20.555,-45.453,-12.163,-65.497,23.209,-48.177,15.476,-61.985,47.944,-103.646,3.514,-112.715,-38.512,-106.776,,,,"",,,,"",,,,"",,,,"",,,,"",,,,"",,,,"",,,,"",,,,,,,,,,,,,,,,,,,,,,,,,,,,,,,,,,,,,,,,,,,,,,,,,,,,,,,,,,"",0,,,,,,,,,,,,,0,"",,,,0,""
27,,1,0,3,0,0,1,1,0,0,0,255,255,255,6,2022.885,"_Chun",L,6,76,102,0.931,-0.447,-0.002,2.047,1.308,1.568,-36.679,36.788,85,15,0,2,"",-437.815,164.532,8.36,0,0,1,"=","=","=","=","=","=","=","=","=",0,L,"Kr_Luna",190,95.163,0.504,3,89,W,Y,1,2023.867,149,70,68,50,41,,137,129,17.379,-40.991,0.174,0.823,-20.225,0.64,0,0.114,472.621,-266.503,55.162,2018.722,81.02,-103.027,,,,,,0,0,,2029.768,2034.536,2039.662,2047.955,,,,,,,,,,,,,,,,,,,,,,,,,,,,,,,,,0.134,-37.993,0.154,-18.127,-20.678,-45.686,-11.878,-65.779,23.29,-48.3,16.752,-62.801,47.884,-103.829,5.339,-112.829,-37.28,-104.958,-0.159,-36.857,,"shuwaYNZ",0.231,-17.949,,"별이__",-20.667,-45.639,,"わかなで",-11.928,-65.569,,"MODECO",23.169,-48.039,,"まととまと",17.389,-64.206,,"「론구」",47.738,-103.666,,"Mr․D VRC",5.361,-112.989,,"ゆっち一",-37.778,-105.927,,,,,,,,,,,,,,,,,,,,,,,,,,,,,,,,,,,,,,,,,,,,,,,,,,,,,,,,"",4,,,,,,,,,,,,,0,"",2034.536,2039.662,,0,""
28,,1,0,3,1,0,0,1,0,0,0,255,255,255,7,2066.684,"_Chun",L,26,85,138,0.287,0.603,-0.412,2.103,-0.03,1.738,-36.679,48.955,84,16,0,2,"",138.342,-200,-15.687,0,0,2,"=","=","=","=","=","=","=","=","=",3,R,"_Gosomi",175,86.314,0.433,5,48,W,Y,1,2067.713,185,84,182,65,0,,145,129,25.924,25.895,0.06,1.122,-20.256,0.35,0,0.474,545.45,226.024,73.433,2063.206,-59.513,-124.971,,,,,,0,0,,2073.206,2077.614,2082.51,2089.972,,,,,,,,,,,,,,,,,,,,,,,,,,,,,,,,,-0.019,-37.936,-0.113,-18.353,-21.337,-46.008,-15.815,-63.536,18.552,-47.72,14.465,-63.461,36.817,-91.927,0.455,-116.504,-45.653,-90.675,-0.118,-36.906,,"shuwaYNZ",0.041,-18.045,,"별이__",-21.306,-45.962,,"わかなで",-15.983,-63.957,,"MODECO",18.478,-47.608,,"まととまと",14.286,-63.531,,"「론구」",36.77,-91.828,,"Mr․D VRC",0.466,-116.396,,"ゆっち一",-45.646,-90.675,,,,,,,,,,,,,,,,,,,,,,,,,,,,,,,,,,,,,,,,,,,,,,,,,,,,,,,,"",4,23.865,23.865,3.651,0,2,0.324,80.292,35.57,-2.43,82.066,0.068,71.156,0,"",2077.614,2082.51,,0,""
29,,1,0,3,2,0,0,1,0,0,0,255,255,255,8,2112.533,"_Chun",L,14,86,125,-1.452,-0.858,-0.45,1.962,-0.134,1.329,-36.679,41.686,82,18,0,0,"",-386.404,317.32,-25.461,0,0,3,"=","=","=","=","=","=","=","=","=",1,R,"mungjungh",190,88.174,0.403,,41,W,Y,0,,,,,,,,,,,,,,,,,,,,,,,,,,,,,0,0,,,,,,,,,,,,,,,,,,,,,,,,,,,,,,,,,,,,,,-0.013,-37.746,-0.359,-18.06,-21.111,-45.428,-16.577,-63.235,18.752,-46.484,13.291,-63.487,39.474,-97.091,0.442,-116.299,-50.797,-97.672,,,,"",,,,"",,,,"",,,,"",,,,"",,,,"",,,,"",,,,"",,,,,,,,,,,,,,,,,,,,,,,,,,,,,,,,,,,,,,,,,,,,,,,,,,,,,,,,,,"",0,,,,,,,,,,,,,0,"",,,,0,""
30,,1,0,3,2,0,1,1,0,0,0,255,255,255,9,2128.431,"_Chun",L,14,83,107,-2.506,-0.903,-0.507,1.994,-0.348,1.47,-36.679,45.477,88,12,0,1,"",-376.607,316.389,6.148,0,0,3,"=","=","=","=","=","=","=","=","=",1,R,"mungjungh",190,88.174,0.403,,41,W,Y,0,,,,,,,,,,,,,,,,,,,,,,,,,,,,,0,0,,,,,,,,,,,,,,,,,,,,,,,,,,,,,,,,,,,,,,-0.005,-37.803,-0.41,-18.018,-21.046,-45.365,-15.846,-63.734,18.866,-46.629,13.181,-63.691,39.519,-97.12,0.462,-116.347,-49.742,-98.582,,,,"",,,,"",,,,"",,,,"",,,,"",,,,"",,,,"",,,,"",,,,,,,,,,,,,,,,,,,,,,,,,,,,,,,,,,,,,,,,,,,,,,,,,,,,,,,,,,"",0,,,,,,,,,,,,,0,"",,,,0,""
31,,1,0,3,2,1,1,1,0,0,0,255,255,255,10,2145.033,"_Chun",L,10,83,110,1.166,-1.529,-0.284,1.933,0.514,1.17,-36.679,38.822,85,15,0,4,"",0.45,400,0.499,0,0,3,"=","=","=","=","=","=","=","=","=",1,R,"mungjungh",190,88.174,0.403,,41,W,Y,1,,,,,,,,,,,,,,,,,,,,,,,,,,,,,0,0,,,,,,,,,,,,,,,,,,,,,,,,,,,,,,,,,,,,,,0.105,-37.829,-0.025,-17.989,-21.065,-45.419,-16,-63.544,18.957,-46.723,13.241,-63.76,39.53,-97.097,0.479,-116.115,-49.753,-98.573,,,,"",,,,"",,,,"",,,,"",,,,"",,,,"",,,,"",,,,"",,,,,,,,,,,,,,,,,,,,,,,,,,,,,,,,,,,,,,,,,,,,,,,,,,,,,,,,,,"",0,,,,,,,,,,,,,0,"",,,,0,""
32,,1,0,3,2,1,2,1,0,0,0,255,255,255,11,2161.82,"_Chun",L,26,87,140,0.823,1.633,-0.392,2.182,0.243,2.447,-36.679,59.646,71,25,3,2,"",93.193,-200,-12.887,0,0,3,"=","=","=","=","=","=","=","=","=",1,R,"mungjungh",190,88.174,0.403,5,41,W,Y,1,2162.877,150,40,81,38,18,,138,118,26.551,32.351,0.162,1.632,-20.204,0.19,0,0.25,507.044,131.552,-289.806,2158.206,-60.476,-110.093,2158.256,8,-58.71,2.759,-107.447,0,0,,2168.719,,,,,,,,,,,,,2168.549,3,,457,0,,,,,,,,,,,2174.736,2,,,,,,,0.059,-37.871,-0.062,-18.007,-21.026,-45.423,-16.156,-63.573,18.789,-46.599,13.42,-63.619,39.534,-97.098,0.33,-116.398,-49.881,-98.606,-0.371,-36.885,,"shuwaYNZ",0.085,-18.116,,"별이__",-21.034,-45.411,86,"わかなで",-17.278,-65.133,,"MODECO",18.568,-46.338,,"まととまと",13.196,-63.674,,"「론구」",39.534,-97.099,,"Mr․D VRC",0.333,-116.151,,"ゆっち一",-49.793,-99.781,94,2177.106,-0.784,-38.1,,,,2174.098,-20.269,-39.788,,,,,,,,,,,,,,,,2168.555,-59.191,-108.009,,,,,,,2176.006,-17.99,-39.634,,,,,,,,,,,,,,,,2170.3,-55.454,-99.056,"",1,30.123,30.123,8.571,0,2,0.185,85.574,39.803,1.803,84.958,0.073,83.941,0,"ゆっち一",,,,262,""
33,,1,0,3,2,0,0,2,0,0,0,255,255,255,12,2203.868,"_Chun",L,26,84,136,1.938,-1.108,-0.269,1.908,0.717,0.714,-36.679,34.421,87,13,0,2,"",110.106,-200,-14.199,0,0,4,"=","=","=","=","=","=","=","=","=",6,R,"HANA_ARASHI",190,87,0.246,5,40,W,Y,1,2204.876,161,117,154,115,53,,145,131,16.857,12.266,0.341,0.638,-20.827,0.51,0,0.546,146.648,565.325,113.354,2201.289,-46.747,-145.082,,,,,,0,0,,2210.798,2215.549,2220.769,2225.915,,,,,,,,,,,,,,,,,,,,,,,,,,,,,,,,,0.037,-37.844,0.144,-18.304,-21.355,-45.729,-16.408,-63.164,18.347,-46.934,12.753,-64.106,36.057,-93.985,0.198,-115.417,-50.364,-97.543,-0.108,-36.991,,"shuwaYNZ",0.296,-18.127,,"별이__",-21.26,-45.771,,"わかなで",-17.493,-64.511,,"MODECO",18.156,-46.699,,"まととまと",13.121,-63.457,,"「론구」",36.058,-93.981,,"Mr․D VRC",0.22,-115.206,,"ゆっち一",-50.364,-97.549,,,,,,,,,,,,,,,,,,,,,,,,,,,,,,,,,,,,,,,,,,,,,,,,,,,,,,,,"",4,9.794,9.794,-11.08,0,1,0.603,28.304,16.857,-1.422,74.359,0.023,53.501,0,"",2215.549,2220.769,,0,""
34,,1,0,3,3,0,0,2,0,0,0,255,255,255,13,2247.286,"_Chun",L,26,94,140,1.856,-0.048,-0.26,2.004,0.69,1.388,-36.679,39.431,77,23,0,2,"",106.297,-200,-9.961,0,0,5,"=","=","=","=","=","=","=","=","=",2,R,"가앤슬_",190,86.016,0.2,0,40,W,Y,1,2248.332,134,35,109,85,61,,141,107,64.143,2.76,0.366,1.072,-19.742,-0.15,0,0.427,216.319,383.113,-265.447,2245.139,-4.682,-73.399,2245.189,5,-4.435,3.04,-72.431,0,0,,2255.576,,,,,,,,,,,,,2255.681,5,,452,0,,,,,,,,,,,,,,,,,,,0.043,-37.973,0.11,-18.113,-21.432,-45.604,-15.962,-63.644,18.542,-46.699,13.455,-64.09,35.108,-92.788,0.346,-117.426,-50.244,-97.188,0.043,-36.896,,"shuwaYNZ",0.181,-18.07,,"별이__",-21.588,-45.88,,"わかなで",-17.259,-65.397,,"MODECO",18.368,-46.458,,"まととまと",13.486,-64.138,,"「론구」",38.274,-96.231,,"Mr․D VRC",0.373,-117.139,,"ゆっち一",-50.242,-97.186,,,,,,,,,,,2255.694,-4.619,-73.049,,,,2255.663,-4.538,-72.657,,,,,,,,,,,,,,,,,,,,,,,,,,,,,,,,,,,,,"",1,,,,,,,,,,,,,0,"まととまと",,,,65,""
35,SIDE,1,0,3,3,0,0,2,0,0,0,255,255,255,,2257.716,,,,,,,,,,,,,,,,,,,,,,,,6,"=","=","=","=","=","=","=","=","=",,,,,,,,,,,,,,,,,,,,,,,,,,,,,,,,,,,,,,,0,0,,,,,,,,,,,,,,,,,,,,,,,,,,,,,,,,,,,,,,,,,,,,,,,,,,,,,,,,,,,,,,,,,,,,,,,,,,,,,,,,,,,,,,,,,,,,,,,,,,,,,,,,,,,,,,,,,,,,,,,,,,,,,,,,,,,,,,,,,,,,,,,,,"",0,,,,,,,,,,,,,0,"",,,,0,""
36,,2,1,3,3,0,0,0,0,0,0,255,255,255,19,2307.629,"Kr_Luna",L,33,80,131,-1.689,0.091,-0.568,1.925,-0.575,1.529,-36.798,59.431,86,14,0,1,"",-108.958,-108.673,0,0,0,7,"わかなで","ゆっち一","_Chun","MODECO","「론구」","shuwaYNZ","まととまと","Mr․D VRC","별이__",7,R,"Mr․D VRC",177,91.452,0.602,,40,W,Y,0,,,,,,,,,,,,,,,,,,,,,,,,,,,,,0,0,,,,,,,,,,,,,,,,,,,,,,,,,,,,,,,,,,,,,,0.017,-37.741,-0.067,-17.487,-20.707,-42.904,-16.082,-62.657,21.648,-50.108,10.415,-66.028,40.887,-90.223,-0.137,-106.492,-44.848,-93.626,,,,"",,,,"",,,,"",,,,"",,,,"",,,,"",,,,"",,,,"",,,,,,,,,,,,,,,,,,,,,,,,,,,,,,,,,,,,,,,,,,,,,,,,,,,,,,,,,,"",0,,,,,,,,,,,,,0,"",,,,0,""
37,,2,1,3,3,1,0,0,0,0,0,255,255,255,20,2358.067,"Kr_Luna",L,14,76,114,-2.238,-0.436,-0.564,1.882,-0.299,1.809,-36.798,50.849,94,6,0,2,"",-364.718,342.024,0,0,0,7,"=","=","=","=","=","=","=","=","=",7,R,"Mr․D VRC",177,91.452,0.602,3,40,W,Y,1,2359.286,218,124,78,114,42,,145,82,-29.284,57.459,-0.408,0.85,-20.779,1,0,0.45,-132.959,418.528,182.352,2348.706,-2.525,-22.118,,,,,,0,0,,,,,,,,,,,,,,,,,,,,,,,,,,,,,,,,,,,,,,-0.048,-37.863,-0.037,-17.161,-20.963,-43.487,-16.262,-62.689,21.839,-51.191,10.961,-66.029,39.962,-89.735,-0.253,-106.525,-44.741,-93.572,-0.036,-38.125,,"mungjungh",-0.163,-17.354,,"가앤슬_",-20.792,-43.534,,"_Gosomi",-16.142,-62.668,,"Penguin_iDOL",21.84,-51.222,,"Yaksok~",8.865,-67.038,,"HANA_ARASHI",40.096,-89.91,,"k@ster",-0.275,-106.559,,"SUGUN",-44.495,-93.628,,,,,,,,,,,,,,,,,,,,,,,,,,,,,,,,,,,,,,,,,,,,,,,,,,,,,,,,"",3,,,,,,,,,,,,,0,"",,,,0,""
38,,2,1,3,3,1,1,0,0,0,0,255,255,255,21,2379.631,"Kr_Luna",L,10,66,110,-2.249,-2.703,-0.589,1.917,-0.65,1.446,-36.798,70.974,94,6,0,2,"",0,400,0,-0.427,-21.022,7,"=","=","=","=","=","=","=","=","=",7,R,"Mr․D VRC",177,91.452,0.602,3,34,W,Y,1,2380.845,142,142,148,120,68,,145,82,-40.475,13.854,-0.341,0.617,-21.829,-1,0,0.366,-191.455,402.369,-194.815,2370.123,-0.503,-22.479,2372.922,3,-8.395,0.222,-55.541,0,0,,2386.223,,,,,,,,,,,,,2385.976,7,,147,4,,,,,,,,,,,,,,,,,,,-0.011,-37.61,-0.307,-17.131,-21.137,-43.234,-16.308,-62.451,22.748,-51.399,14.381,-64.347,39.412,-89.014,-0.187,-105.802,-45.158,-93.592,-0.074,-37.763,,"mungjungh",-0.371,-17.376,,"가앤슬_",-20.988,-43.228,85,"_Gosomi",-16.22,-62.581,94,"Penguin_iDOL",22.487,-51.47,,"Yaksok~",15.089,-65.889,,"HANA_ARASHI",39.679,-88.758,,"k@ster",-0.178,-105.765,,"SUGUN",-45.039,-93.663,,2389.434,-0.301,-38.358,,,,2385.319,-18.813,-40.51,2383.592,-8.992,-56.515,,,,,,,,,,,,,,,,,,,,,,2388.39,-17.556,-39.311,2384.396,-10.875,-52.566,,,,,,,,,,,,,,,,"",2,,,,,,,,,,,,,0,"_Gosomi",,,,38,""
39,,2,1,3,3,0,0,1,0,0,0,255,255,255,22,2409.254,"Kr_Luna",L,26,88,140,1.151,0.265,-0.364,1.83,0.631,1.632,-36.798,42.54,87,11,1,0,"",-97.038,-152.81,0,0,0,8,"=","=","=","=","=","=","=","=","=",2,R,"별이__",190,80,0.3,,39,A,Y,1,,,,,,,,,,,,,,,,,,,,,,,,,,,,,0,0,,,,,,,,,,,,,,,,,,,,,,,,,,,,,,,,,,,,,,0.089,-37.582,0.027,-17.34,-20.421,-42.765,-13.835,-64.421,23.484,-51.301,7.005,-64.098,37.693,-91.325,-0.096,-108.231,-43.993,-89.486,,,,"",,,,"",,,,"",,,,"",,,,"",,,,"",,,,"",,,,"",,,,2413.366,-0.085,-37.833,,,,,,,,,,,,,,,,,,,,,,,,,,,,,,,,,,,,,,,,,,,,,,,,,,,,"",0,,,,,,,,,,,,,0,"",,,,0,""
40,,2,1,3,3,0,1,1,0,0,0,255,255,255,23,2427.248,"Kr_Luna",L,27,85,138,0.876,1.177,-0.384,1.973,0.539,2.209,-36.798,51.866,90,7,3,2,"",-102.729,-144.957,0,0,0,8,"=","=","=","=","=","=","=","=","=",2,R,"별이__",190,80,0.3,5,39,A,Y,0,2428.521,240,98,181,27,19,,145,96,37.483,-20.331,0.178,1.425,-19.7,-0.65,0,0.024,-172.417,30.833,-30.549,2422.722,25.3,-89.575,2422.806,6,24.565,2.333,-87.495,0,0,,2434.504,,,,,,,,,,,,,2433.597,8,,455,0,,,,,,,,,,,,,,,,,,,0.117,-37.575,0.105,-17.07,-20.409,-43.04,-14.429,-63.756,23.34,-51.523,8.478,-66.476,36.609,-90.883,-0.153,-108.272,-44.049,-89.729,0.045,-37.932,,"mungjungh",0.08,-17.078,,"가앤슬_",-20.634,-43.356,81,"_Gosomi",-14.407,-63.726,,"Penguin_iDOL",23.361,-51.422,,"Yaksok~",7.933,-66.696,,"HANA_ARASHI",36.311,-89.576,,"k@ster",-0.08,-108.24,,"SUGUN",-44.092,-89.536,,2441.746,-0.306,-38.295,,,,2439.516,-9.375,-38.426,,,,,,,,,,2433.611,24.698,-88.261,,,,,,,,,,,,,2441.16,-7.178,-38.537,,,,,,,,,,,,,,,,,,,"",1,-24.059,-24.059,6.841,0,0,1,37.483,37.483,68.576,37.483,0,-82.324,0,"HANA_ARASHI",,,,50,""
41,,2,1,3,3,0,0,2,0,0,0,255,255,255,24,2459.958,"Kr_Luna",L,27,78,128,-0.53,0.974,-0.51,1.919,-0.046,1.955,-36.798,56.517,87,11,1,0,"",-108.484,-121.241,0,0,0,0,"=","=","=","=","=","=","=","=","=",3,L,"わかなで",160,94.208,0.2,,39,W,Y,0,,,,,,,,,,,,,,,,,,,,,,,,,,,,,0,0,,,,,,,,,,,,,,,,,,,,,,,,,,,,,,,,,,,,,,0.063,-37.816,0.038,-17.012,-20.795,-43.497,-8.933,-62.614,21.291,-47.314,10.535,-57.407,38.079,-90.335,0.426,-103.718,-33.243,-80.493,,,,"",,,,"",,,,"",,,,"",,,,"",,,,"",,,,"",,,,"",,,,2464.172,0.209,-37.801,,,,,,,,,,,,,,,,,,,,,,,,,,,,,,,,,,,,,,,,,,,,,,,,,,,,"",0,,,,,,,,,,,,,0,"",,,,0,""
42,,2,1,3,3,0,1,2,0,0,0,255,255,255,25,2476.117,"Kr_Luna",L,11,70,116,0.738,-0.729,-0.561,1.906,0.18,1.547,-36.798,59.157,88,12,0,2,"",89.029,236.653,0,0,0,0,"=","=","=","=","=","=","=","=","=",3,L,"わかなで",160,94.208,0.2,3,39,W,Y,1,2477.304,201,116,111,77,48,,145,122,-30,-23.22,0.141,0.649,-20.331,0.34,0,0.448,-292.367,-81.206,370.545,2466.522,0.579,-21.349,2468.272,5,14.377,2.323,-53.331,0,0,,2481.442,,,,,,,,,,,,,2481.818,0,,147,1,,,,,,,,,,,,,,,,,,,0.081,-37.762,0.594,-17.495,-20.819,-43.861,-9.134,-63.252,20.214,-46.855,10.529,-57.691,37.629,-88.803,0.448,-103.731,-33.264,-80.591,0.009,-37.603,,"mungjungh",0.64,-17.411,,"가앤슬_",-21.038,-44.193,,"_Gosomi",-4.869,-63.249,,"Penguin_iDOL",20.213,-46.839,,"Yaksok~",10.479,-57.747,105,"HANA_ARASHI",37.569,-88.758,,"k@ster",0.461,-103.733,,"SUGUN",-33.264,-80.591,,,,,,,,2481.123,-18.074,-40.318,,,,,,,2479.032,14.46,-54.216,,,,,,,,,,,,,,,,,,,,,,,,,2479.643,10.834,-52.528,,,,,,,,,,"",2,,,,,,,,,,,,,0,"Yaksok~",,,,33,""
43,SIDE,2,1,3,3,0,0,2,0,0,0,255,255,255,,2483.988,,,,,,,,,,,,,,,,,,,,,,,,1,"=","=","=","=","=","=","=","=","=",,,,,,,,,,,,,,,,,,,,,,,,,,,,,,,,,,,,,,,0,0,,,,,,,,,,,,,,,,,,,,,,,,,,,,,,,,,,,,,,,,,,,,,,,,,,,,,,,,,,,,,,,,,,,,,,,,,,,,,,,,,,,,,,,,,,,,,,,,,,,,,,,,,,,,,,,,,,,,,,,,,,,,,,,,,,,,,,,,,,,,,,,,,"",0,,,,,,,,,,,,,0,"",,,,0,""
44,,2,0,3,3,0,0,0,0,0,0,255,255,255,14,2532.555,"_Chun",L,27,81,132,1.437,-0.05,-0.304,2.031,0.543,1.431,-36.679,40.58,84,16,0,0,"",72.558,-136.199,-5.053,0,0,6,"Yaksok~","Kr_Luna","_Gosomi","mungjungh","HANA_ARASHI","가앤슬_","Penguin_iDOL","k@ster","SUGUN",4,R,"Penguin_iDOL",190,85,0.449,,39,W,Y,1,,,,,,,,,,,,,,,,,,,,,,,,,,,,,0,0,,,,,,,,,,,,,,,,,,,,,,,,,,,,,,,,,,,,,,0.024,-37.925,0.098,-18.094,-21.299,-45.604,-15.412,-63.811,18.492,-46.048,11.533,-65.212,40.478,-96.081,0.395,-112.702,-49.404,-97.591,,,,"",,,,"",,,,"",,,,"",,,,"",,,,"",,,,"",,,,"",,,,,,,,,,,,,,,,,,,,,,,,,,,,,,,,,,,,,,,,,,,,,,,,,,,,,,,,,,"",0,,,,,,,,,,,,,0,"",,,,0,""
45,,2,0,3,3,0,1,0,0,0,0,255,255,255,15,2548.468,"_Chun",L,26,84,136,0.586,1.549,-0.389,2.162,0.162,2.387,-36.679,60.788,72,28,0,1,"",74.065,-200,-8.293,0,0,6,"=","=","=","=","=","=","=","=","=",4,R,"Penguin_iDOL",190,85,0.449,,39,W,Y,0,,,,,,,,,,,,,,,,,,,,,,,,,,,,,0,0,,,,,,,,,,,,,,,,,,,,,,,,,,,,,,,,,,,,,,0.068,-37.879,0.01,-18.245,-21.278,-45.504,-15.793,-63.773,18.447,-46.282,11.498,-64.485,40.486,-96.073,0.278,-112.711,-49.56,-97.798,,,,"",,,,"",,,,"",,,,"",,,,"",,,,"",,,,"",,,,"",,,,,,,,,,,,,,,,,,,,,,,,,,,,,,,,,,,,,,,,,,,,,,,,,,,,,,,,,,"",0,,,,,,,,,,,,,0,"",,,,0,""
46,,2,0,3,3,1,1,0,0,0,0,255,255,255,16,2564.867,"_Chun",L,14,84,108,-2.443,-0.674,-0.479,2.081,-0.318,1.599,-36.679,51.176,84,16,0,4,"",-383.336,312.348,-11.758,-0.652,-16.224,6,"=","=","=","=","=","=","=","=","=",4,R,"Penguin_iDOL",190,85,0.449,,39,W,Y,1,,,,,,,,,,,,,,,,,,,,,,,,,,,,,0,0,,,,,,,,,,,,,,,,,,,,,,,,,,,,,,,,,,,,,,0.002,-37.965,-0.329,-17.978,-21.249,-45.502,-16.509,-63.048,18.498,-46.313,12.448,-64.648,40.474,-96.074,0.393,-112.711,-48.874,-97.522,,,,"",,,,"",,,,"",,,,"",,,,"",,,,"",,,,"",,,,"",,,,,,,,,,,,,,,,,,,,,,,,,,,,,,,,,,,,,,,,,,,,,,,,,,,,,,,,,,"",0,,,,,,,,,,,,,0,"",,,,0,""
47,,2,0,3,3,1,2,0,0,0,0,255,255,255,17,2583.192,"_Chun",L,14,86,125,-2.216,-1.916,-0.51,1.873,-0.391,0.779,-36.679,39.666,84,16,0,4,"",-353.224,353.882,-8.054,-0.454,-18.691,6,"=","=","=","=","=","=","=","=","=",4,R,"Penguin_iDOL",190,85,0.449,,70,W,Y,1,,,,,,,,,,,,,,,,,,,,,,,,,,,,,0,64,,,,,,,,,,,,,,,2589.409,6,,706,4,,,,,,,,,,,,,,,,,,,-0.045,-37.884,-0.377,-18.02,-21.199,-45.689,-17.297,-62.684,18.498,-46.347,12.548,-64.69,40.49,-96.077,0.404,-112.595,-48.654,-98.718,,,,"",,,,"",,,,"",,,,"",,,,"",,,,"",,,,"",,,,"",,,,,,,,,,,,,,,,,,,,,,,,,,,,,,,,,,,,,,,,,,,,,,,,,,,,,,,,,,"",0,,,,,,,,,,,,,0,"",,,,0,""
48,,2,0,3,3,0,0,1,0,0,0,255,255,255,18,2604.211,"_Chun",L,26,80,131,1.592,0.604,-0.307,2.08,0.532,1.709,-36.679,47.16,76,24,0,1,"",132.33,-200,-18.149,0,0,7,"=","=","=","=","=","=","=","=","=",7,R,"k@ster",170,93.053,0.67,,38,W,Y,0,,,,,,,,,,,,,,,,,,,,,,,,,,,,,0,0,,,,,,,,,,,,,,,,,,,,,,,,,,,,,,,,,,,,,,0.053,-37.903,0.074,-18.203,-21.238,-45.69,-17.125,-62.786,17.774,-45.359,11.471,-60.089,42.347,-97.832,0.378,-112.975,-45.785,-92.405,,,,"",,,,"",,,,"",,,,"",,,,"",,,,"",,,,"",,,,"",,,,,,,,,,,,,,,,,,,,,,,,,,,,,,,,,,,,,,,,,,,,,,,,,,,,,,,,,,"",0,,,,,,,,,,,,,0,"",,,,0,""
49,,2,0,3,3,1,0,1,0,0,0,255,255,255,19,2621.118,"_Chun",L,27,82,133,1.83,-0.144,-0.287,2.034,0.692,1.363,-36.679,41.025,84,16,0,4,"",78.494,-129.513,-6.184,0,0,7,"=","=","=","=","=","=","=","=","=",7,R,"k@ster",170,93.053,0.67,,38,W,Y,1,,,,,,,,,,,,,,,,,,,,,,,,,,,,,0,0,,,,,,,,,,,,,,,,,,,,,,,,,,,,,,,,,,,,,,0.031,-37.874,0.107,-18.102,-21.082,-45.688,-15.938,-63.038,18.279,-45.846,11.555,-60.092,42.403,-97.813,0.216,-113.242,-45.798,-92.418,,,,"",,,,"",,,,"",,,,"",,,,"",,,,"",,,,"",,,,"",,,,,,,,,,,,,,,,,,,,,,,,,,,,,,,,,,,,,,,,,,,,,,,,,,,,,,,,,,"",0,,,,,,,,,,,,,0,"",,,,0,""
50,,2,0,3,3,1,1,1,0,0,0,255,255,255,20,2638.935,"_Chun",L,14,73,112,1.013,-0.693,-0.172,2.063,1.201,1.6,-36.679,43.298,83,17,0,2,"",-413.58,280.983,6.324,0,0,7,"=","=","=","=","=","=","=","=","=",7,R,"k@ster",170,93.053,0.67,0,38,W,Y,1,2639.889,156,110,48,58,41,,133,107,26.933,-4.84,0.196,0.809,-21.165,0.1,0,0.374,219.464,137.003,133.327,,,,2633.639,7,4.779,2.626,-109.634,0,0,,2645.345,,,,,,,,,,,,,2644.914,7,,456,0,,,,,,,,,,,,,,,,,,,0.092,-38.024,0.024,-18.081,-21.071,-45.694,-16.344,-63.304,18.307,-45.908,11.151,-60.326,42.441,-97.782,0.212,-113.253,-45.82,-92.382,-0.279,-36.977,,"shuwaYNZ",0.201,-17.905,,"별이__",-21.048,-45.675,,"わかなで",-17.595,-64.256,46,"MODECO",18.202,-45.788,,"まととまと",10.989,-60.316,,"「론구」",42.437,-97.779,,"Mr․D VRC",0.23,-113.448,116,"ゆっち一",-45.814,-92.421,,2657.506,1.843,-38.24,,,,,,,2651.533,-3.314,-92.559,,,,,,,,,,2644.93,4.809,-110.378,,,,,,,,,,,,,2653.357,-2.512,-93.82,,,,,,,,,,2655.335,-0.686,-89.898,,,,"",1,,,,,,,,,,,,,0,"Mr․D VRC",,,,133,""
51,,2,0,3,3,0,0,2,0,0,0,255,255,255,21,2677.112,"_Chun",L,26,87,140,-0.956,-1.042,-0.517,1.963,-0.491,0.8,-36.679,43.06,80,20,0,2,"",76.218,-176.497,-8.125,0,0,8,"=","=","=","=","=","=","=","=","=",8,R,"SUGUN",179.9,82.092,0.446,5,38,W,Y,1,2678.092,173,178,84,107,46,,145,86,25.184,-49.603,-0.185,0.646,-20.781,1,0,0.462,352.053,426.242,178.79,2671.789,52.308,-73.7,2673.306,6,59.888,0.122,-82.876,1,0,,2683.495,2687.837,,,,,,,,,,,,,,,,,,,,,,,,,,,,,2692.216,3,,,,,-0.056,-37.74,-0.199,-18.23,-21.272,-46.022,-15.163,-63.973,18.658,-46.217,12.423,-62.559,41.269,-99.3,0.384,-116.402,-47.509,-96.138,-0.269,-36.9,,"shuwaYNZ",-0.161,-18.035,,"별이__",-21.248,-45.989,,"わかなで",-16.822,-65.991,88,"MODECO",18.525,-46.037,,"まととまと",11.892,-62.593,,"「론구」",41.261,-99.29,99,"Mr․D VRC",0.194,-116.205,,"ゆっち一",-47.514,-96.137,,2696.912,0.304,-38.571,,,,,,,2688.684,-0.367,-58.285,,,,,,,2684.747,60.385,-83.894,,,,,,,,,,,,,,,,2695.914,0.282,-55.614,,,,,,,2685.706,56.32,-80.079,,,,,,,"",2,-56.517,-45.436,-5.8,0.497,0,1,27.136,27.136,60.343,27.136,0,-110.733,0,"「론구」",2687.837,,,21,""
52,,2,0,3,3,0,0,2,0,1,0,255,18,255,22,2718.308,"_Chun",L,14,72,111,-2.496,-1.104,-0.478,2.104,-0.417,1.459,-36.679,54.985,79,21,0,4,"",-355.647,351.447,-7.721,-0.574,-17.577,0,"=","=","=","=","=","=","=","=","=",5,R,"Yaksok~",172.9,83.735,0.232,,38,W,Y,1,,,,,,,,,,,,,,,,,,,,,,,,,,,,,0,0,,,,,,,,,,,,,2734.055,,,,,,,,,,,,,,,,,,,,,,,,,-0.002,-37.842,-0.233,-17.744,-20.863,-45.488,-16.558,-62.927,18.378,-44.984,1.334,-60.211,37.725,-91.451,0.483,-114.16,-47.637,-93.149,,,,"",,,,"",,,,"",,,,"",,,,"",,,,"",,,,"",,,,"",,,,2722.59,0.122,-37.831,,,,,,,,,,,,,,,,,,,,,,,,,,,,,,,,,,,,,,,,,,,,,,,,,,,,"",0,,,,,,,,,,,,,0,"",2720.897,,,0,""
53,,2,0,3,3,0,1,2,0,1,0,255,18,255,23,2734.244,"_Chun",L,10,74,115,-1.84,0.157,-0.573,2.157,-0.785,2.221,-36.679,71.017,71,29,0,1,"",0,400,-4.635,0,0,0,"=","=","=","=","=","=","=","=","=",5,R,"Yaksok~",172.9,83.735,0.232,,38,W,Y,0,,,,,,,,,,,,,,,,,,,,,,,,,,,,,0,0,,,,,,,,,,,,,2752.106,,,,,,,,,,,,,,,,,,,,,,,,,-0.041,-37.995,-0.33,-18.101,-21.083,-45.852,-16.45,-63.296,18.258,-45.753,0.771,-60.664,36.276,-92.15,0.652,-114.038,-48.328,-94.577,,,,"",,,,"",,,,"",,,,"",,,,"",,,,"",,,,"",,,,"",,,,2738.362,0.094,-37.7,,,,,,,,,,,,,,,,,,,,,,,,,,,,,,,,,,,,,,,,,,,,,,,,,,,,"",0,,,,,,,,,,,,,0,"",2736.869,,,0,""
54,,2,0,3,3,1,1,2,0,1,0,255,18,255,24,2752.506,"_Chun",L,26,80,131,1.825,1.03,-0.302,2.03,0.626,1.969,-36.679,43.543,80,20,0,2,"",121.593,-200,-23.66,0,0,0,"=","=","=","=","=","=","=","=","=",5,R,"Yaksok~",172.9,83.735,0.232,0,38,W,Y,1,2753.372,119,149,56,36,4,,129,77,36.141,-44.978,0.513,1.243,-19.726,-1,0,0.173,261.097,-278.476,-221.423,2746.123,46.848,-59.438,,,,,,0,0,,,,,,,,,,,,,2781.327,,,,,,,,,,,,,,,,,,,,,,,,,0.076,-37.943,0.162,-18.233,-21.078,-45.926,-15.645,-63.577,18.248,-45.552,1.301,-61.468,36.306,-92.131,0.738,-113.952,-47.536,-92.269,-0.28,-36.966,,"shuwaYNZ",0.169,-18.22,,"별이__",-21.066,-45.944,,"わかなで",-16.834,-65.232,,"MODECO",17.683,-45.843,,"まととまと",3.706,-62.684,,"「론구」",36.306,-92.133,,"Mr․D VRC",0.738,-113.725,,"ゆっち一",-47.532,-92.284,,,,,,,,,,,,,,,,,,,,,,,,,,,,,,,,,,,,,,,,,,,,,,,,,,,,,,,,"",3,,,,,,,,,,,,,0,"",2761.171,,,0,""
55,,2,0,3,3,1,2,2,0,1,0,255,18,255,25,2784.102,"_Chun",L,10,78,118,-0.263,-2.011,-0.487,1.997,-0.101,0.959,-36.679,48.922,85,15,0,2,"",0,400,7.14,0,0,0,"=","=","=","=","=","=","=","=","=",5,R,"Yaksok~",172.9,83.735,0.232,5,38,W,Y,1,2785.025,136,171,114,82,21,,142,93,-30,-15.855,-0.046,0.277,-20.341,0.99,0,0.11,-337.711,-147.923,-193.544,2773.439,0.057,-20.704,2776.056,5,11.874,0.093,-60.714,0,1,,2790.186,,,,,,,2789.208,,,,,,2790.827,0,,147,64,,,,,,,,,,,,,,,,,,,0.004,-37.892,-0.117,-18.029,-21.224,-45.587,-15.829,-63.181,16.978,-46.396,0.66,-60.702,38.368,-92.407,1.006,-112.555,-46.219,-90.22,-0.179,-36.828,,"shuwaYNZ",-0.129,-18.061,,"별이__",-21.221,-45.597,,"わかなで",-16.982,-64.915,,"MODECO",16.843,-46.587,,"まととまと",4.431,-62.208,111,"「론구」",38.372,-92.406,,"Mr․D VRC",0.995,-112.345,,"ゆっち一",-46.23,-90.223,,,,,,,,2789.977,-18.875,-39.963,,,,,,,2787.63,11.695,-61.371,,,,,,,,,,,,,,,,,,,,,,,,,2788.465,7.662,-58.748,,,,,,,,,,"",2,-17.406,-17.406,-5.457,0,2,0.352,-73.814,-64.707,-9.863,-81.954,0.07,-30.157,0,"まととまと",,2789.208,,320,""
56,SIDE,2,0,3,3,0,0,2,0,0,1,255,255,18,,2793.943,,,,,,,,,,,,,,,,,,,,,,,,1,"=","=","=","=","=","=","=","=","=",,,,,,,,,,,,,,,,,,,,,,,,,,,,,,,,,,,,,,,0,0,,,,,,,,,,,,,,,,,,,,,,,,,,,,,,,,,,,,,,,,,,,,,,,,,,,,,,,,,,,,,,,,,,,,,,,,,,,,,,,,,,,,,,,,,,,,,,,,,,,,,,,,,,,,,,,,,,,,,,,,,,,,,,,,,,,,,,,,,,,,,,,,,"",0,,,,,,,,,,,,,0,"",,,,0,""
57,,3,1,3,3,0,0,0,0,0,0,255,255,255,26,2843.115,"Kr_Luna",L,3,67,98,1.483,-0.266,-0.644,1.87,-0.137,1.737,-36.798,47.413,95,5,0,2,"",362.301,168.942,0,0,0,1,"わかなで","ゆっち一","_Chun","MODECO","「론구」","shuwaYNZ","まととまと","Mr․D VRC","별이__",8,L,"ゆっち一",181.4,84,0.401,5,37,W,Y,1,2844.372,255,125,115,94,74,,145,115,25.327,41.508,0.255,0.91,-20.648,0.83,0,0.409,31.699,-28.581,-597.899,2837.456,-66.316,-99.682,2838.606,8,-64.475,0.416,-99.671,1,0,,2849.569,2854.187,,,,,,,,,,,,,,,,,,,,,,,,,,,,,,,,,,,-0.062,-37.838,0.006,-17.526,-19.711,-44.487,-9.452,-65.857,22.852,-52.152,12.762,-65.256,50.887,-100.99,-0.118,-104.911,-42.955,-90.225,0.02,-37.8,,"mungjungh",0.025,-17.568,,"가앤슬_",-19.421,-44.872,85,"_Gosomi",-7.354,-66.177,,"Penguin_iDOL",22.619,-52.275,,"Yaksok~",13.332,-66.573,,"HANA_ARASHI",54.994,-104.058,,"k@ster",-0.161,-104.917,,"SUGUN",-42.925,-90.082,99,2860.13,-0.464,-38.417,,,,2854.675,-23.4,-45.977,,,,,,,,,,,,,,,,2850.77,-63.433,-99.046,,,,,,,2858.863,-20.129,-46.113,,,,,,,,,,,,,,,,2851.441,-60.264,-96.529,"",2,36.308,36.308,17.984,0,2,0.419,87.93,29.154,-8.846,84.831,0.073,44.315,0,"SUGUN",2854.187,,,290,""
58,,3,1,3,3,0,0,0,0,1,0,255,8,255,27,2879.123,"Kr_Luna",L,26,85,138,-1.184,0.616,-0.572,1.894,-0.336,1.852,-36.798,47.792,86,11,3,2,"",-114.025,-151.871,0,0,0,2,"=","=","=","=","=","=","=","=","=",0,L,"_Chun",190,80,0.455,5,87,W,Y,1,2880.063,255,115,150,104,50,,145,96,34.112,27.986,-0.216,1.24,-20.174,-0.64,0,0.665,399.153,-444.728,-53.791,2873.039,-30.981,-93.34,2873.089,8,-30.236,2.525,-90.911,0,0,,2885.843,,,,,,,,,,,2885.951,,2885.454,2,,457,0,,,,,,,,,,,,,2889.371,5,,,,,-0.053,-37.888,-0.002,-17.381,-19.666,-45.437,-12.05,-64.632,21.622,-50.204,11.463,-59.415,44.55,-96.178,-0.371,-110.491,-33.688,-80.905,-0.304,-37.752,,"mungjungh",-0.011,-17.428,,"가앤슬_",-18.644,-47.178,,"_Gosomi",-12.028,-64.606,,"Penguin_iDOL",21.638,-50.192,,"Yaksok~",11.476,-59.37,86,"HANA_ARASHI",43.918,-96.059,,"k@ster",-0.371,-110.49,,"SUGUN",-33.667,-80.85,119,2891.39,0.255,-38.833,,,,,,,,,,,,,2887.755,-0.73,-60.134,,,,,,,2885.467,-30.63,-91.469,,,,,,,,,,,,,,,,2890.306,0.908,-57.843,,,,,,,2886.121,-28.118,-88.687,"",1,27.183,27.183,13.168,0,2,0.029,75.62,34.112,-3.888,76.557,0.049,-46.093,0,"SUGUN",2881.677,,,259,""
59,,3,1,3,3,0,0,1,0,1,0,255,8,255,28,2911.044,"Kr_Luna",L,27,87,140,1.405,0.846,-0.342,1.945,0.735,2.015,-36.798,49.79,89,9,2,0,"",-80.301,-131.104,0,0,0,3,"=","=","=","=","=","=","=","=","=",4,R,"MODECO",190,87.169,0.506,,37,W,Y,1,,,,,,,,,,,,,,,,,,,,,,,,,,,,,0,0,,,,,,,,,,,,,2931.35,,,,,,,,,,,,,,,,,,,,,,,,,0.033,-37.914,0.368,-17.392,-20.622,-44.805,-15.351,-63.155,22.02,-49.067,6.242,-63.446,40.592,-93.092,-0.33,-108.076,-47.367,-94.127,,,,"",,,,"",,,,"",,,,"",,,,"",,,,"",,,,"",,,,"",,,,2915.082,-0.043,-38.038,,,,,,,,,,,,,,,,,,,,,,,,,,,,,,,,,,,,,,,,,,,,,,,,,,,,"",0,,,,,,,,,,,,,0,"",2913.48,,,0,""
60,,3,1,3,3,0,1,1,0,1,0,255,8,255,29,2931.385,"Kr_Luna",L,27,88,140,2.696,0.408,-0.224,1.864,1.283,1.754,-36.798,38.708,87,13,0,2,"",-73.04,-115.838,0,0,0,3,"=","=","=","=","=","=","=","=","=",4,R,"MODECO",190,87.169,0.506,0,37,W,Y,1,2932.477,81,78,45,36,6,,106,72,32.378,33.18,0.535,1.115,-19.496,-0.87,0,0.247,286.833,-313.409,-423.676,,,,2924.573,3,-26.362,2.703,-67.605,0,0,,2938.66,,,,,,,,,,,2935.143,,2937.16,3,,452,0,,,,,,,,,,,,,,,,,,,0.13,-37.86,0.382,-17.408,-20.755,-44.604,-15.448,-63.317,22.312,-49.281,4.212,-63.703,39.009,-90.911,-0.382,-108.054,-45.331,-92.658,-0.125,-38.006,,"mungjungh",0.4,-17.452,,"가앤슬_",-20.765,-44.565,,"_Gosomi",-16.009,-63.057,93,"Penguin_iDOL",22.304,-49.293,,"Yaksok~",4.876,-65.571,,"HANA_ARASHI",38.637,-90.531,,"k@ster",-0.357,-108.071,,"SUGUN",-45.099,-92.831,,2941.168,-0.119,-38.998,,,,,,,2937.173,-26.741,-68.001,,,,,,,,,,,,,,,,,,,,,,,,,2939.811,-16.072,-59.574,,,,,,,,,,,,,,,,"",1,,,,,,,,,,,,,0,"_Gosomi",2934.362,,,6,""
61,,3,1,3,3,0,0,2,0,1,0,255,8,255,30,2961.493,"Kr_Luna",L,14,70,110,-1.542,-0.463,-0.482,1.867,0.082,1.768,-36.798,48.223,97,3,0,1,"",-390.434,312.348,0,0,0,4,"=","=","=","=","=","=","=","=","=",6,R,"「론구」",179.9,80,0.4,,37,W,Y,0,,,,,,,,,,,,,,,,,,,,,,,,,,,,,0,0,,,,,,,,,,,,,2978.278,,,,,,,,,,,,,,,,,,,,,,,,,-0.002,-37.794,-0.669,-17.32,-20.653,-45.187,-15.889,-62.054,21.056,-47.143,6.787,-63.722,39.875,-92.018,-0.293,-107.099,-43.587,-90.654,,,,"",,,,"",,,,"",,,,"",,,,"",,,,"",,,,"",,,,"",,,,2965.741,-0.001,-38.025,,,,,,,,,,,,,,,,,,,,,,,,,,,,,,,,,,,,,,,,,,,,,,,,,,,,"",0,,,,,,,,,,,,,0,"",2964.384,,,0,""
62,,3,1,3,3,1,0,2,0,1,0,255,8,255,31,2983.216,"Kr_Luna",L,14,76,114,-2.556,-1.69,-0.584,1.647,-0.39,1.017,-36.798,43.025,100,0,0,2,"",-390.434,312.348,0,0,0,4,"=","=","=","=","=","=","=","=","=",6,R,"「론구」",179.9,80,0.4,5,37,W,Y,1,2984.443,255,157,141,85,0,,145,86,31.837,-58.208,-0.477,0.367,-20.282,1,0,0.518,121.939,-48.917,124.45,2976.522,58.746,-56.032,,,,,,0,0,,,,,2992.868,,,,,,,,2999.934,,,,,,,,,,,,,,,,,,,,,,,,,0.008,-37.583,-0.286,-17.01,-21.369,-44.892,-15.185,-63.349,21.06,-48.528,4.652,-65.119,40.03,-94.265,-0.314,-107.191,-43.291,-90.611,0.019,-37.946,,"mungjungh",-0.438,-17.342,,"가앤슬_",-21.261,-45.39,,"_Gosomi",-16.092,-62.504,,"Penguin_iDOL",21.005,-49.586,,"Yaksok~",5.799,-65.605,,"HANA_ARASHI",40.627,-92.559,,"k@ster",-0.286,-107.12,,"SUGUN",-43.411,-90.389,,,,,,,,,,,,,,,,,,,,,,,,,,,,,,,,,,,,,,,,,,,,,,,,,,,,,,,,"",3,-75.203,-48.812,-9.176,0.7,0,1,61.127,61.127,-15.231,61.127,0,-159.625,0,"",2992.874,,,0,""
63,,3,1,3,3,1,1,2,0,1,0,255,8,255,32,3012.592,"Kr_Luna",L,14,52,98,-5.115,0.162,-0.566,2.072,-0.912,2.24,-36.798,75.391,93,7,0,2,"",-326.799,339.774,0,0,0,4,"=","=","=","=","=","=","=","=","=",6,R,"「론구」",179.9,80,0.4,5,62,W,Y,1,3013.881,255,166,135,87,95,,145,86,26.052,-27.473,-0.68,1.083,-20.934,1,0,0.538,76.159,48.355,291.385,,,,3006.089,6,30.488,2.513,-83.742,0,0,,3019.629,,,,,,,3018.063,,,,,,3018.79,4,,455,0,,,,,,,,,,,,,,,,,,,-0.028,-37.697,-0.197,-16.996,-21.183,-43.899,-15.818,-62.454,22.082,-50.04,5.398,-63.552,40.081,-91.555,-0.064,-107.041,-43.136,-91.586,-0.1,-38.156,,"mungjungh",-0.303,-17.095,,"가앤슬_",-20.998,-44.412,,"_Gosomi",-16.692,-61.6,,"Penguin_iDOL",22.066,-50.036,,"Yaksok~",7.384,-63.358,,"HANA_ARASHI",40.046,-91.486,,"k@ster",-0.077,-107.038,,"SUGUN",-43.181,-91.408,,,,,,,,,,,,,,,,,,,,3018.803,30.843,-84.453,,,,,,,,,,,,,,,,,,,,,,,,,,,,,,,,,,"",1,-25.217,-25.217,-9.292,0,2,0.085,47.58,35.931,-9.428,53.002,0.04,-171.036,0,"HANA_ARASHI",,3018.063,,16,""
64,SIDE,3,1,3,3,0,0,2,0,1,0,255,8,255,,3020.833,,,,,,,,,,,,,,,,,,,,,,,,5,"=","=","=","=","=","=","=","=","=",,,,,,,,,,,,,,,,,,,,,,,,,,,,,,,,,,,,,,,0,0,,,,,,,,,,,,,,,,,,,,,,,,,,,,,,,,,,,,,,,,,,,,,,,,,,,,,,,,,,,,,,,,,,,,,,,,,,,,,,,,,,,,,,,,,,,,,,,,,,,,,,,,,,,,,,,,,,,,,,,,,,,,,,,,,,,,,,,,,,,,,,,,,"",0,,,,,,,,,,,,,0,"",,,,0,""
65,,3,0,3,3,0,0,0,0,0,0,255,255,255,26,3066.995,"_Chun",L,26,82,133,-0.827,-0.824,-0.521,1.959,-0.445,0.893,-36.679,43.259,82,18,0,2,"",69.298,-194.249,-8.8,0,0,1,"Yaksok~","Kr_Luna","_Gosomi","mungjungh","HANA_ARASHI","가앤슬_","Penguin_iDOL","k@ster","SUGUN",0,L,"Kr_Luna",190,95.163,0.504,3,85,W,Y,1,3067.833,213,121,142,86,39,,145,130,108.432,69.21,-0.151,0.699,-20.348,0.46,0,0.279,6.353,133.907,2.24,,,,,,,,,0,0,,,,,,,,,,,,,,,,,,,,,,,,,,,,,,,,,,,,,,-0.097,-37.797,-0.254,-18.162,-20.569,-46.194,-10.622,-66.005,22.352,-45.915,15.73,-62.972,48.917,-103.485,6.881,-112.573,-36.337,-110.025,0.063,-36.761,,"shuwaYNZ",-0.132,-17.968,,"별이__",-20.422,-46.006,,"わかなで",-10.209,-68.131,,"MODECO",22.305,-45.854,,"まととまと",15.698,-62.858,,"「론구」",48.914,-103.474,,"Mr․D VRC",6.889,-112.565,,"ゆっち一",-40.855,-104.722,,,,,,,,,,,,,,,,,,,,,,,,,,,,,,,,,,,,,,,,,,,,,,,,,,,,,,,,"",3,,,,,,,,,,,,,0,"",,,,0,""
66,,3,0,3,3,0,1,0,0,0,0,255,255,255,27,3086.602,"_Chun",L,29,77,115,3.637,-0.345,-0.008,1.965,1.279,1.222,-36.679,28.226,88,12,0,1,"",173.8,-150.566,-4.502,0,0,1,"=","=","=","=","=","=","=","=","=",0,L,"Kr_Luna",190,95.163,0.504,,85,W,Y,0,,,,,,,,,,,,,,,,,,,,,,,,,,,,,0,0,,,,,,,,,,,,,,,,,,,,,,,,,,,,,,,,,,,,,,0.146,-37.868,0.395,-18,-20.971,-46.286,-11.28,-66.152,22.673,-46.126,15.736,-62.997,48.601,-103.789,8.27,-111.951,-34.301,-112.015,,,,"",,,,"",,,,"",,,,"",,,,"",,,,"",,,,"",,,,"",,,,,,,,,,,,,,,,,,,,,,,,,,,,,,,,,,,,,,,,,,,,,,,,,,,,,,,,,,"",0,,,,,,,,,,,,,0,"",,,,0,""
67,,3,0,3,3,1,1,0,0,0,0,255,255,255,28,3102.944,"_Chun",L,11,70,106,0.932,-0.676,-0.319,2.086,0.415,1.401,-36.679,46.475,87,13,0,2,"",0,161.298,2.753,0,0,1,"=","=","=","=","=","=","=","=","=",0,L,"Kr_Luna",190,95.163,0.504,5,85,W,Y,1,3103.877,134,122,107,119,52,,141,87,111.134,51.508,0.15,0.866,-21.167,1,0,0.117,141.068,-524.359,-33.238,,,,,,,,,0,0,,,,,,,,,,,,,,,,,,,,,,,,,,,,,,,,,,,,,,0.069,-37.658,0.108,-18.09,-20.94,-46.335,-11.546,-65.837,22.583,-46.243,15.51,-62.995,48.606,-103.792,8.264,-112.238,-36.318,-111.556,-0.271,-36.825,,"shuwaYNZ",0.231,-18.008,,"별이__",-20.911,-46.308,,"わかなで",-11.973,-67.084,,"MODECO",22.435,-45.984,,"まととまと",15.698,-62.877,,"「론구」",48.606,-103.789,,"Mr․D VRC",8.292,-111.968,,"ゆっち一",-35.897,-112.196,,,,,,,,,,,,,,,,,,,,,,,,,,,,,,,,,,,,,,,,,,,,,,,,,,,,,,,,"",3,49.773,49.773,5.879,0,0,1,68.867,68.867,48.723,68.867,0,69.031,0,"",,,,0,""
68,,3,0,3,3,1,2,0,0,0,0,255,255,255,29,3125.425,"_Chun",L,13,77,104,3.692,-1.569,-0.234,1.979,0.958,1.144,-36.679,37.18,78,22,0,1,"",324.036,364.055,-7.717,0.862,-18.53,1,"=","=","=","=","=","=","=","=","=",0,L,"Kr_Luna",190,95.163,0.504,,85,W,Y,0,,,,,,,,,,,,,,,,,,,,,,,,,,,,,0,0,,,,,,,,,,,,,,,,,,,,,,,,,,,,,,,,,,,,,,0.092,-37.697,0.384,-17.811,-21.726,-47.038,-10.133,-66.543,22.072,-45.97,15.211,-62.265,49.273,-103.566,9.872,-111.576,-36.694,-111.027,,,,"",,,,"",,,,"",,,,"",,,,"",,,,"",,,,"",,,,"",,,,,,,,,,,,,,,,,,,,,,,,,,,,,,,,,,,,,,,,,,,,,,,,,,,,,,,,,,"",0,,,,,,,,,,,,,0,"",,,,0,""
69,,3,0,3,3,2,2,0,0,0,0,255,255,255,30,3144.865,"_Chun",L,26,90,140,1.869,-0.584,-0.277,1.982,0.642,1.05,-36.679,40.673,82,18,0,1,"",131.836,-200,-11.947,0,0,1,"=","=","=","=","=","=","=","=","=",0,L,"Kr_Luna",190,95.163,0.504,,85,W,Y,0,,,,,,,,,,,,,,,,,,,,,,,,,,,,,0,0,,,,,,,,,,,,,,,,,,,,,,,,,,,,,,,,,,,,,,0.073,-37.944,0.301,-17.941,-21.788,-46.949,-10.888,-66.338,22.417,-46.361,15.319,-62.217,48.908,-104.054,9.877,-111.569,-38.993,-106.785,,,,"",,,,"",,,,"",,,,"",,,,"",,,,"",,,,"",,,,"",,,,,,,,,,,,,,,,,,,,,,,,,,,,,,,,,,,,,,,,,,,,,,,,,,,,,,,,,,"",0,,,,,,,,,,,,,0,"",,,,0,""
70,,3,0,3,3,3,2,0,0,0,0,255,255,255,31,3183.339,"_Chun",L,14,90,126,-0.266,-0.983,-0.338,2.03,0.452,1.308,-36.679,41.03,79,21,0,1,"BA-",-377.998,327.288,-46.494,0,0,1,"=","=","=","=","=","=","=","=","=",0,L,"Kr_Luna",190,95.163,0.504,,85,W,Y,0,,,,,,,,,,,,,,,,,,,,,,,,,,,,,0,0,,,,,,,,,,,,,,,,,,,,,,,,,,,,,,,,,,,,,,-0.021,-37.859,-0.345,-18.117,-21.848,-46.956,-10.31,-66.413,22.668,-46.53,15.302,-62.317,48.898,-104.044,9.916,-111.409,-39.221,-108.027,,,,"",,,,"",,,,"",,,,"",,,,"",,,,"",,,,"",,,,"",,,,,,,,,,,,,,,,,,,,,,,,,,,,,,,,,,,,,,,,,,,,,,,,,,,,,,,,,,"",5,,,,,,,,,,,,,0,"",,,,0,""
71,,3,0,3,3,0,0,1,0,0,0,255,255,255,32,3402.979,"_Chun",L,14,73,100,-0.759,-0.637,-0.268,2.096,0.428,1.741,-36.679,42.855,85,15,0,0,"",-354.94,312.348,-20.835,0,0,2,"=","=","=","=","=","=","=","=","=",3,R,"_Gosomi",175,86.314,0.433,,36,W,Y,1,,,,,,,,,,,,,,,,,,,,,,,,,,,,,0,0,,,,,,,,,,,,,,,,,,,,,,,,,,,,,,,,,,,,,,0.045,-37.951,-0.254,-18.153,-20.897,-45.616,-15.209,-64.099,18.081,-45.345,12.671,-64.828,39.152,-96.896,0.526,-115.606,-46.529,-98.547,,,,"",,,,"",,,,"",,,,"",,,,"",,,,"",,,,"",,,,"",,,,,,,,,,,,,,,,,,,,,,,,,,,,,,,,,,,,,,,,,,,,,,,,,,,,,,,,,,"",0,,,,,,,,,,,,,0,"",,,,0,""
72,,3,0,3,3,0,1,1,0,0,0,255,255,255,33,3420.171,"_Chun",L,14,78,104,-2.043,-1.519,-0.46,1.92,-0.186,1.25,-36.679,42.105,84,16,0,4,"",-344.243,342.679,-8.111,-0.448,-18.419,2,"=","=","=","=","=","=","=","=","=",3,R,"_Gosomi",175,86.314,0.433,,36,W,Y,1,,,,,,,,,,,,,,,,,,,,,,,,,,,,,0,0,,,,,,,,,,,,,,,,,,,,,,,,,,,,,,,,,,,,,,0.022,-37.69,-0.264,-17.974,-20.9,-45.62,-14.977,-64.116,18.517,-46.007,12.115,-64.932,39.156,-96.89,0.523,-115.438,-47.777,-100.318,,,,"",,,,"",,,,"",,,,"",,,,"",,,,"",,,,"",,,,"",,,,,,,,,,,,,,,,,,,,,,,,,,,,,,,,,,,,,,,,,,,,,,,,,,,,,,,,,,"",0,,,,,,,,,,,,,0,"",,,,0,""
73,,3,0,3,3,0,2,1,0,0,0,255,255,255,34,3438.43,"_Chun",L,26,87,140,0.699,1.584,-0.365,2.135,0.225,2.328,-36.679,53.017,79,21,0,4,"",66.455,-182.783,-11.913,0,0,2,"=","=","=","=","=","=","=","=","=",3,R,"_Gosomi",175,86.314,0.433,,47,W,Y,1,,,,,,,,,,,,,,,,,,,,,,,,,,,,,0,0,,,,,,,,,,,,,,,3441.159,2,,578,0,,,,,,,,,,,,,,,,,,,0.039,-37.777,0.107,-18.135,-20.952,-45.788,-15.166,-64.053,18.44,-46.141,12.17,-64.001,39.167,-96.901,0.515,-115.577,-48.408,-99.189,,,,"",,,,"",,,,"",,,,"",,,,"",,,,"",,,,"",,,,"",,,,,,,,,,,,,,,,,,,,,,,,,,,,,,,,,,,,,,,,,,,,,,,,,,,,,,,,,,"",0,,,,,,,,,,,,,0,"",,,,0,""
74,,3,0,3,3,0,0,2,0,0,0,255,255,255,35,3460.349,"_Chun",L,26,82,133,1.698,-0.002,-0.282,2.034,0.678,1.439,-36.679,42.482,83,17,0,1,"",48.699,-162.691,-8.892,0,0,3,"=","=","=","=","=","=","=","=","=",1,R,"mungjungh",190,88.174,0.403,,35,W,Y,0,,,,,,,,,,,,,,,,,,,,,,,,,,,,,0,0,,,,,,,,,,,,,,,,,,,,,,,,,,,,,,,,,,,,,,0.072,-37.708,0.198,-18.023,-21.499,-46.374,-15.067,-64.184,18.682,-46.629,12.267,-63.885,39.148,-96.911,-0.169,-116.802,-48.406,-99.018,,,,"",,,,"",,,,"",,,,"",,,,"",,,,"",,,,"",,,,"",,,,,,,,,,,,,,,,,,,,,,,,,,,,,,,,,,,,,,,,,,,,,,,,,,,,,,,,,,"",0,,,,,,,,,,,,,0,"",,,,0,""
75,,3,0,3,3,1,0,2,0,0,0,255,255,255,36,3478.265,"_Chun",L,14,73,100,-0.58,-0.101,-0.254,2.169,0.507,2.013,-36.679,52.909,82,18,0,2,"",-354.94,312.348,-19.924,0,0,3,"=","=","=","=","=","=","=","=","=",1,R,"mungjungh",190,88.174,0.403,0,35,W,Y,1,3479.373,117,73,68,78,42,,137,130,-22.639,-15.779,-0.1,1.023,-20.688,0.69,0,0.34,274.478,143.769,10.032,3466.173,0.546,-22.982,3467.873,5,10.888,1.494,-59.803,0,0,,,,,,,,,,,,,,,3484.012,3,,147,64,,,,,,,,,,,,,,,,,,,0.13,-37.851,-0.187,-18.186,-21.51,-46.406,-16.236,-63.213,19.059,-46.863,12.084,-64.46,39.155,-96.908,-0.177,-116.847,-48.683,-98.938,0.01,-36.889,,"shuwaYNZ",-0.114,-18.003,,"별이__",-21.477,-46.362,,"わかなで",-17.759,-65.479,,"MODECO",18.924,-46.651,,"まととまと",11.919,-64.574,108,"「론구」",39.156,-96.908,,"Mr․D VRC",-0.153,-116.656,,"ゆっち一",-48.675,-98.929,,,,,,,,3483.392,-18.757,-39.85,,,,,,,3481.065,11.02,-61.104,,,,,,,,,,,,,,,,,,,,,,,,,3481.855,7.848,-57.376,,,,,,,,,,"",2,,,,,,,,,,,,,0,"まととまと",,,,320,""
76,SIDE,3,0,3,3,0,0,2,0,0,0,255,255,255,,3485.665,,,,,,,,,,,,,,,,,,,,,,,,4,"=","=","=","=","=","=","=","=","=",,,,,,,,,,,,,,,,,,,,,,,,,,,,,,,,,,,,,,,0,0,,,,,,,,,,,,,,,,,,,,,,,,,,,,,,,,,,,,,,,,,,,,,,,,,,,,,,,,,,,,,,,,,,,,,,,,,,,,,,,,,,,,,,,,,,,,,,,,,,,,,,,,,,,,,,,,,,,,,,,,,,,,,,,,,,,,,,,,,,,,,,,,,"",0,,,,,,,,,,,,,0,"",,,,0,""
77,,4,1,3,3,0,0,0,0,0,0,255,255,255,33,3540.367,"Kr_Luna",L,27,91,140,2.199,-0.34,-0.267,1.711,1.086,1.257,-36.798,33.651,92,8,0,1,"",-85.443,-148.17,0,0,0,5,"わかなで","ゆっち一","_Chun","MODECO","「론구」","shuwaYNZ","まととまと","Mr․D VRC","별이__",1,R,"shuwaYNZ",190.3,83,0.373,,30,W,Y,0,,,,,,,,,,,,,,,,,,,,,,,,,,,,,0,0,,,,,,,,,,,,,,,,,,,,,,,,,,,,,,,,,,,,,,0.105,-37.638,0.041,-17.371,-20.556,-43.953,-15.375,-62.612,21.131,-50.873,8.54,-67.101,39.266,-94.106,-0.03,-106.454,-46.452,-92.408,,,,"",,,,"",,,,"",,,,"",,,,"",,,,"",,,,"",,,,"",,,,,,,,,,,,,,,,,,,,,,,,,,,,,,,,,,,,,,,,,,,,,,,,,,,,,,,,,,"",0,,,,,,,,,,,,,0,"",,,,0,""
78,,4,1,3,3,1,0,0,0,0,0,255,255,255,34,3566.893,"Kr_Luna",L,27,84,136,1.336,0.794,-0.344,1.935,0.725,1.984,-36.798,50.524,92,8,0,2,"",-91.615,-124.457,0,0,0,5,"=","=","=","=","=","=","=","=","=",1,R,"shuwaYNZ",190.3,83,0.373,5,30,W,Y,1,3568.063,206,135,95,48,25,,145,89,37.61,-30.017,0.265,1.285,-19.811,-1,0,0.266,344.104,171.237,-218.974,3559.722,34.025,-80.056,3559.873,6,32.838,2.955,-77.6,0,0,,3574.41,,,,,,,,,,,,,3573.233,5,,455,0,,,,,,,,,,,,,,,,,,,0.114,-37.518,0.016,-17.283,-20.552,-43.916,-15.286,-62.589,21.871,-51.564,9.543,-66.374,38.017,-92.094,-0.049,-106.641,-46.171,-92.472,-0.035,-37.818,,"mungjungh",0.02,-17.309,,"가앤슬_",-20.495,-43.949,,"_Gosomi",-15.635,-62.182,,"Penguin_iDOL",21.935,-51.45,,"Yaksok~",8.253,-68.012,,"HANA_ARASHI",37.759,-90.825,101,"k@ster",-0.036,-106.649,,"SUGUN",-46.26,-92.204,,3577.22,0.142,-38.238,,,,,,,,,,,,,,,,3573.245,33.215,-78.155,,,,,,,,,,,,,,,,,,,,,,,,,3575.121,29.997,-72.536,,,,,,,"",1,-117.377,-31.815,11.749,1,1,0.964,43.382,37.61,-3.716,77.852,0.012,-135.637,0,"HANA_ARASHI",,,,18,""
79,,4,1,3,3,0,0,1,0,0,0,255,255,255,35,3595.132,"Kr_Luna",L,26,68,121,-0.673,1.59,-0.439,2.056,-0.031,2.358,-36.798,67.26,87,12,1,2,"",-148.128,-166.382,0,0,0,6,"=","=","=","=","=","=","=","=","=",5,R,"まととまと",180,89.79,0.446,5,35,W,Y,1,3596.285,182,90,194,127,55,,145,105,26.48,4.386,-0.124,1.497,-20.22,0.93,0.048,0.113,495.962,17.171,198.418,3588.073,-8.422,-111.809,3588.106,7,-8.179,2.278,-108.896,0,0,,3601.925,,,,,,,,,,,,,3601.651,6,,456,0,,,,,,,,,,,,,,,,,,,0.075,-37.662,-0.013,-17.25,-20.351,-43.607,-15.958,-62.606,23.1,-51.175,9.508,-66.055,41.315,-91.004,0.309,-110.548,-43.261,-92.658,-0.036,-37.775,,"mungjungh",0.034,-17.362,,"가앤슬_",-20.359,-43.507,,"_Gosomi",-15.565,-62.672,,"Penguin_iDOL",23.107,-51.184,,"Yaksok~",8.871,-68.034,,"HANA_ARASHI",38.942,-86.87,,"k@ster",0.326,-110.517,88,"SUGUN",-43.216,-92.642,,3606.604,3.411,-38.561,,,,,,,,,,,,,,,,,,,3601.662,-8.245,-109.508,,,,,,,,,,,,,,,,,,,,,,,,,3602.821,-9.074,-104.196,,,,"",1,3.831,3.831,5.275,0,0,1,37.929,37.929,60.979,37.929,0,2.512,0,"k@ster",,,,130,""
80,,4,1,3,3,0,0,2,0,0,0,255,255,255,36,3625.701,"Kr_Luna",L,27,83,134,-0.443,-0.232,-0.511,1.746,-0.053,1.351,-36.798,42.101,85,15,0,2,"",-84.319,-107.343,0,0,0,7,"=","=","=","=","=","=","=","=","=",7,R,"Mr․D VRC",177,92.452,0.602,5,35,W,Y,1,3626.924,159,122,110,89,50,,145,129,29.854,-6.473,-0.128,0.854,-20.343,0.4,0,0.317,167.252,557.851,144.321,3619.189,-4.195,-133.294,3621.022,7,-6.651,0.057,-125.496,1,0,,3632.4,3636.839,,,,,,,,,,,,,,,,,,,,,,,,,,,,,,,,,,,-0.056,-37.644,-0.1,-17.398,-20.661,-44.125,-16.016,-63.234,22.693,-52.241,8.494,-66.767,38.264,-88.864,-0.135,-106.968,-44.149,-91.754,0.016,-37.325,,"mungjungh",-0.13,-17.522,,"가앤슬_",-20.344,-44.13,,"_Gosomi",-15.397,-63.397,86,"Penguin_iDOL",22.613,-52.268,,"Yaksok~",6.08,-69.375,,"HANA_ARASHI",37.869,-88.246,,"k@ster",-0.145,-106.958,101,"SUGUN",-44.239,-91.876,,3641.655,0.328,-38.668,,,,,,,3638.135,-0.122,-64.76,,,,,,,,,,3634.476,-6.388,-125.429,,,,,,,,,,,,,3640.506,0.099,-59.262,,,,,,,,,,3635.504,-6.278,-119.116,,,,"",2,-7.678,-7.678,1.203,0,0,1,53.325,53.325,64.569,53.325,0,-9.44,0,"k@ster",3636.839,,,134,""
81,,4,1,3,3,0,0,2,0,1,0,255,7,255,37,3660.066,"Kr_Luna",L,26,88,140,1.583,0.114,-0.327,1.794,0.807,1.526,-36.798,32.237,92,7,1,1,"",-76.776,-165.851,0,0,0,8,"=","=","=","=","=","=","=","=","=",2,R,"별이__",190,80,0.3,,35,A,Y,0,,,,,,,,,,,,,,,,,,,,,,,,,,,,,0,0,,,,,,,,,,,,,3660.24,,,,,,,,,,,,,,,,,,,,,,,,,0.065,-37.516,-0.01,-17.36,-20.894,-43.75,-14.443,-61.255,21.791,-49.584,8.599,-66.411,38.401,-91.172,-0.041,-108.04,-44.318,-88.605,,,,"",,,,"",,,,"",,,,"",,,,"",,,,"",,,,"",,,,"",,,,3664.738,-0.124,-37.793,,,,,,,,,,,,,,,,,,,,,,,,,,,,,,,,,,,,,,,,,,,,,,,,,,,,"",0,,,,,,,,,,,,,0,"",3662.822,,,0,""
82,,4,1,3,3,1,0,2,0,1,0,255,7,255,38,3704.321,"Kr_Luna",L,27,83,135,1.475,0.348,-0.341,1.85,0.737,1.707,-36.798,39.627,92,8,0,1,"",-57.693,-121.453,0,0,0,8,"=","=","=","=","=","=","=","=","=",2,R,"별이__",190,80,0.3,,19,A,Y,0,,,,,,,,,,,,,,,,,,,,,,,,,,,,,0,0,,,,,,,,,,,,,3714.337,,,,,,,,,,,,,,,,,,,,,,,,,0.077,-37.435,0.003,-17.279,-21.029,-44.147,-14.378,-63.371,20.82,-47.821,7.469,-66.431,39.762,-92.762,-0.054,-108.187,-44.447,-88.824,,,,"",,,,"",,,,"",,,,"",,,,"",,,,"",,,,"",,,,"",,,,3708.662,-0.018,-37.785,,,,,,,,,,,,,,,,,,,,,,,,,,,,,,,,,,,,,,,,,,,,,,,,,,,,"",0,,,,,,,,,,,,,0,"",3707.25,,,0,""
83,,4,1,3,3,2,0,2,0,1,0,255,7,255,39,3722.204,"Kr_Luna",L,26,84,136,1.174,-0.221,-0.366,1.73,0.624,1.318,-36.798,31.573,89,11,0,0,"",-70.044,-158.388,0,0,0,8,"=","=","=","=","=","=","=","=","=",2,R,"별이__",190,80,0.3,,19,A,Y,0,,,,,,,,,,,,,,,,,,,,,,,,,,,,,0,0,,,,,,,,,,,,,3736.756,,,,,,,,,,,,,,,,,,,,,,,,,0.074,-37.467,-0.013,-17.2,-21.016,-44.312,-14.838,-63.567,20.943,-49.252,4.473,-63.35,38.732,-90.042,-0.019,-108.187,-44.415,-88.903,,,,"",,,,"",,,,"",,,,"",,,,"",,,,"",,,,"",,,,"",,,,3726.389,0.071,-37.573,,,,,,,,,,,,,,,,,,,,,,,,,,,,,,,,,,,,,,,,,,,,,,,,,,,,"",0,,,,,,,,,,,,,0,"",3725.225,,,0,""
84,,4,1,3,3,2,1,2,0,1,0,255,7,255,40,3738.656,"Kr_Luna",L,27,80,130,-0.15,0.788,-0.468,1.927,0.15,1.958,-36.798,55.936,91,7,2,2,"",-131.541,-140.771,0,0,0,8,"=","=","=","=","=","=","=","=","=",2,R,"별이__",190,80,0.3,3,19,A,Y,1,3739.954,255,212,104,111,71,,145,87,11.975,27.381,-0.028,1.307,-20.286,-1,0,0.253,27.263,-311.523,255.344,3728.623,-18.532,-59.666,3728.789,3,-17.037,1.052,-56.144,0,0,,,,,,,,,,,,,3738.701,,3742.319,8,,452,0,,,,,,,,,,,,,,,,,,,-0.013,-37.736,-0.015,-17.204,-21.079,-44.091,-14.192,-62.667,21.71,-49.724,5.76,-67.262,34.729,-90.994,-0.072,-108.17,-44.512,-88.955,-0.1,-37.851,,"mungjungh",-0.016,-17.208,,"가앤슬_",-20.914,-44.172,,"_Gosomi",-13.797,-62.825,,"Penguin_iDOL",21.329,-49.851,,"Yaksok~",6.663,-69.122,,"HANA_ARASHI",33.8,-92.076,,"k@ster",-0.069,-108.139,,"SUGUN",-44.504,-88.912,,,,,,,,,,,3742.334,-17.759,-57.547,,,,,,,,,,,,,,,,,,,,,,,,,,,,,,,,,,,,,,,,,,,"",1,,,,,,,,,,,,,0,"_Gosomi",,,,4,""
85,SIDE,4,1,3,3,0,0,2,0,1,0,255,7,255,,3746.095,,,,,,,,,,,,,,,,,,,,,,,,0,"=","=","=","=","=","=","=","=","=",,,,,,,,,,,,,,,,,,,,,,,,,,,,,,,,,,,,,,,0,0,,,,,,,,,,,,,,,,,,,,,,,,,,,,,,,,,,,,,,,,,,,,,,,,,,,,,,,,,,,,,,,,,,,,,,,,,,,,,,,,,,,,,,,,,,,,,,,,,,,,,,,,,,,,,,,,,,,,,,,,,,,,,,,,,,,,,,,,,,,,,,,,,"",0,,,,,,,,,,,,,0,"",,,,0,""
86,,4,0,3,3,0,0,0,0,0,0,255,255,255,37,3794.988,"_Chun",L,26,80,130,1.16,0.615,-0.344,2.12,0.398,1.822,-36.679,50.019,73,27,0,0,"",78.622,-162.891,-7.033,0,0,4,"Yaksok~","Kr_Luna","_Gosomi","mungjungh","HANA_ARASHI","가앤슬_","Penguin_iDOL","k@ster","SUGUN",6,R,"HANA_ARASHI",190,87,0.246,,35,W,Y,0,,,,,,,,,,,,,,,,,,,,,,,,,,,,,0,0,,,,,,,,,,,,,,,,,,,,,,,,,,,,,,,,,,,,,,0.045,-38.003,0.143,-18.109,-21.372,-45.704,-15.628,-63.58,18.434,-46.163,11.301,-64.359,40.079,-96.658,0.719,-116.611,-50.667,-100.73,,,,"",,,,"",,,,"",,,,"",,,,"",,,,"",,,,"",,,,"",,,,,,,,,,,,,,,,,,,,,,,,,,,,,,,,,,,,,,,,,,,,,,,,,,,,,,,,,,"",0,,,,,,,,,,,,,0,"",,,,0,""
87,,4,0,3,3,0,1,0,0,0,0,255,255,255,38,3810.646,"_Chun",L,26,80,130,1.984,0.686,-0.282,2.125,0.707,1.837,-36.679,48.609,79,21,0,1,"",110.7,-195.313,-11.865,0,0,4,"=","=","=","=","=","=","=","=","=",6,R,"HANA_ARASHI",190,87,0.246,,35,W,Y,0,,,,,,,,,,,,,,,,,,,,,,,,,,,,,0,0,,,,,,,,,,,,,,,,,,,,,,,,,,,,,,,,,,,,,,0.065,-37.97,0.322,-18.188,-21.286,-45.647,-15.4,-63.965,18.527,-46.205,11.849,-65.414,39.457,-97.259,0.669,-116.88,-52.146,-100.064,,,,"",,,,"",,,,"",,,,"",,,,"",,,,"",,,,"",,,,"",,,,,,,,,,,,,,,,,,,,,,,,,,,,,,,,,,,,,,,,,,,,,,,,,,,,,,,,,,"",0,,,,,,,,,,,,,0,"",,,,0,""
88,,4,0,3,3,1,1,0,0,0,0,255,255,255,39,3828.606,"_Chun",L,14,79,104,-1.9,-0.701,-0.424,2.047,-0.059,1.619,-36.679,46.87,82,18,0,4,"",-369.138,312.348,-25.74,0,0,4,"=","=","=","=","=","=","=","=","=",6,R,"HANA_ARASHI",190,87,0.246,,35,W,Y,1,,,,,,,,,,,,,,,,,,,,,,,,,,,,,0,0,,,,,,,,,,,,,,,,,,,,,,,,,,,,,,,,,,,,,,0.005,-37.83,-0.265,-18.164,-21.21,-45.6,-15.73,-63.565,18.83,-46.5,11.97,-65.318,39.474,-97.273,0.722,-116.87,-51.397,-101.14,,,,"",,,,"",,,,"",,,,"",,,,"",,,,"",,,,"",,,,"",,,,,,,,,,,,,,,,,,,,,,,,,,,,,,,,,,,,,,,,,,,,,,,,,,,,,,,,,,"",0,,,,,,,,,,,,,0,"",,,,0,""
89,,4,0,3,3,1,2,0,0,0,0,255,255,255,40,3847.615,"_Chun",L,14,84,122,-1.791,-1.727,-0.453,1.916,-0.165,0.886,-36.679,40.763,80,20,0,4,"",-370.756,335.47,-28.072,-0.398,-18.693,4,"=","=","=","=","=","=","=","=","=",6,R,"HANA_ARASHI",190,87,0.246,,35,W,Y,1,,,,,,,,,,,,,,,,,,,,,,,,,,,,,0,0,,,,,,,,,,,,,,,3853.391,4,,147,32,,,,,,,,,,,,,,,,,3850.365,1,-0.021,-37.789,-0.223,-18.176,-21.286,-45.623,-16.534,-63.15,18.969,-46.282,11.927,-65.274,39.449,-97.274,0.578,-116.836,-52.465,-100.95,,,,"",,,,"",,,,"",,,,"",,,,"",,,,"",,,,"",,,,"",,,,,,,,,,,,,,,,,,,,,,,,,,,,,,,,,,,,,,,,,,,,,,,,,,,,,,,,,,"",0,,,,,,,,,,,,,0,"",,,,0,""
90,,4,0,3,3,0,0,1,0,0,0,255,255,255,41,3876.18,"_Chun",L,14,88,126,-2.439,-0.742,-0.496,2.004,-0.45,1.458,-36.679,48.887,76,24,0,1,"",-390.434,312.348,-36.252,0,0,5,"=","=","=","=","=","=","=","=","=",2,R,"가앤슬_",190,86.016,0.2,,34,W,Y,0,,,,,,,,,,,,,,,,,,,,,,,,,,,,,0,0,,,,,,,,,,,,,,,,,,,,,,,,,,,,,,,,,,,,,,0.012,-37.743,-0.25,-18.205,-21.091,-45.463,-16.656,-63.145,18.116,-46.73,11.799,-65.382,37.477,-95.4,0.223,-117.197,-49.738,-99.995,,,,"",,,,"",,,,"",,,,"",,,,"",,,,"",,,,"",,,,"",,,,,,,,,,,,,,,,,,,,,,,,,,,,,,,,,,,,,,,,,,,,,,,,,,,,,,,,,,"",0,,,,,,,,,,,,,0,"",,,,0,""
91,,4,0,3,3,1,0,1,0,0,0,255,255,255,42,3891.446,"_Chun",L,26,87,140,3.151,-0.486,-0.178,1.89,1.266,1.119,-36.679,29.488,82,18,0,1,"",82.164,-195.941,-14.416,3.378,-20.651,5,"=","=","=","=","=","=","=","=","=",2,R,"가앤슬_",190,86.016,0.2,,34,W,Y,0,,,,,,,,,,,,,,,,,,,,,,,,,,,,,0,0,,,,,,,,,,,,,,,,,,,,,,,,,,,,,,,,,,,,,,0.049,-37.902,0.149,-18.323,-21.059,-45.422,-15.347,-64.063,18.088,-46.752,11.653,-65.366,37.643,-95.173,0.226,-117.419,-49.461,-100.569,,,,"",,,,"",,,,"",,,,"",,,,"",,,,"",,,,"",,,,"",,,,,,,,,,,,,,,,,,,,,,,,,,,,,,,,,,,,,,,,,,,,,,,,,,,,,,,,,,"",0,,,,,,,,,,,,,0,"",,,,0,""
92,,4,0,3,3,2,0,1,0,0,0,255,255,255,43,3927.224,"_Chun",L,26,83,135,1.554,0.168,-0.302,2.04,0.54,1.529,-36.679,43.387,79,21,0,4,"",102.622,-185.93,-6.631,0,0,5,"=","=","=","=","=","=","=","=","=",2,R,"가앤슬_",190,86.016,0.2,,34,W,Y,1,,,,,,,,,,,,,,,,,,,,,,,,,,,,,0,0,,,,,,,,,,,,,,,,,,,,,,,,,,,,,,,,,,,,,,0.031,-37.989,0.081,-18.051,-21.255,-45.65,-15.76,-63.758,19.054,-46.492,11.398,-65.275,37.663,-95.236,0.165,-117.184,-46.204,-103.21,,,,"",,,,"",,,,"",,,,"",,,,"",,,,"",,,,"",,,,"",,,,,,,,,,,,,,,,,,,,,,,,,,,,,,,,,,,,,,,,,,,,,,,,,,,,,,,,,,"",0,,,,,,,,,,,,,0,"",,,,0,""
93,,4,0,3,3,2,1,1,0,0,0,255,255,255,44,3947.278,"_Chun",L,14,80,105,-2.335,-1.18,-0.52,1.875,-0.253,1.298,-36.679,38.689,93,7,0,1,"",-377.532,305.895,1.071,0,0,5,"=","=","=","=","=","=","=","=","=",2,R,"가앤슬_",190,86.016,0.2,,34,W,Y,0,,,,,,,,,,,,,,,,,,,,,,,,,,,,,0,0,,,,,,,,,,,,,,,,,,,,,,,,,,,,,,,,,,,,,,0.024,-37.829,-0.383,-18.076,-21.189,-45.65,-15.925,-63.731,19.268,-46.775,11.642,-65.055,37.684,-95.23,0.154,-117.414,-48.435,-99.304,,,,"",,,,"",,,,"",,,,"",,,,"",,,,"",,,,"",,,,"",,,,,,,,,,,,,,,,,,,,,,,,,,,,,,,,,,,,,,,,,,,,,,,,,,,,,,,,,,"",0,,,,,,,,,,,,,0,"",,,,0,""
94,,4,0,3,3,3,1,1,0,0,0,255,255,255,45,3964.292,"_Chun",L,26,85,138,-0.101,0.551,-0.45,2.119,-0.177,1.778,-36.679,55.902,79,21,0,0,"",105.261,-179.608,-4.349,0,0,5,"=","=","=","=","=","=","=","=","=",2,R,"가앤슬_",190,86.016,0.2,,34,W,Y,0,,,,,,,,,,,,,,,,,,,,,,,,,,,,,0,0,,,,,,,,,,,,,,,,,,,,,,,,,,,,,,,,,,,,,,0.019,-38.048,-0.032,-18.017,-21.207,-45.639,-15.989,-63.551,19.331,-46.876,11.561,-65.094,37.715,-95.232,0.149,-117.344,-49.052,-99.084,,,,"",,,,"",,,,"",,,,"",,,,"",,,,"",,,,"",,,,"",,,,,,,,,,,,,,,,,,,,,,,,,,,,,,,,,,,,,,,,,,,,,,,,,,,,,,,,,,"",0,,,,,,,,,,,,,0,"",,,,0,""
95,,4,0,3,3,3,2,1,0,0,0,255,255,255,46,3985.52,"_Chun",L,14,83,121,-0.613,-0.26,-0.315,2.093,0.383,1.784,-36.679,51.193,85,15,0,0,"",-390.434,312.348,-29.938,-2.001,-21.346,5,"=","=","=","=","=","=","=","=","=",2,R,"가앤슬_",190,86.016,0.2,,34,W,Y,1,,,,,,,,,,,,,,,,,,,,,,,,,,,,,0,32,,,,,,,,,,,,,,,3991.203,5,,274,0,,,,,,,,,,,,,,,,,3991.804,1,0.046,-38.046,-0.315,-17.853,-21.486,-45.861,-16.636,-63.125,19.213,-46.881,11.774,-65.108,39.141,-96.753,0.253,-117.377,-49.254,-98.105,,,,"",,,,"",,,,"",,,,"",,,,"",,,,"",,,,"",,,,"",,,,,,,,,,,,,,,,,,,,,,,,,,,,,,,,,,,,,,,,,,,,,,,,,,,,,,,,,,"",0,,,,,,,,,,,,,0,"",,,,0,""
96,,4,0,3,3,0,0,2,0,0,0,255,255,255,47,4012.859,"_Chun",L,27,87,140,1.734,-0.44,-0.31,1.913,0.651,1.194,-36.679,34.665,83,17,0,2,"",83.748,-140.557,-6.217,0,0,6,"=","=","=","=","=","=","=","=","=",4,R,"Penguin_iDOL",190,85,0.449,0,34,W,Y,1,4013.86,231,54,70,58,18,,140,89,5.534,-59.952,0.409,0.681,-18.494,1,0,0.224,-539.332,-33.465,70.677,4000.906,16.42,-27.716,,,,,,0,0,,,,,4017.74,,,,,,,,,,,,,,,,,,,,,,,,,,,,,,,,,0.059,-37.902,0.093,-18.07,-21.171,-45.663,-17.492,-62.614,18.741,-46.273,10.77,-65.055,39.634,-97.318,0.198,-118.07,-47.743,-94.21,-0.126,-36.914,,"shuwaYNZ",0.214,-17.957,,"별이__",-21.143,-45.664,,"わかなで",-19.041,-64.782,,"MODECO",18.577,-46.144,,"まととまと",10.811,-65,,"「론구」",37.824,-95.551,,"Mr․D VRC",0.236,-117.782,,"ゆっち一",-47.767,-94.201,,,,,,,,,,,,,,,,,,,,,,,,,,,,,,,,,,,,,,,,,,,,,,,,,,,,,,,,"",3,,,,,,,,,,,,,0,"",,,,0,""
97,,4,0,3,3,0,1,2,0,0,0,255,255,255,48,4033.811,"_Chun",L,14,87,126,-1.682,-0.664,-0.422,2.031,-0.137,1.537,-36.679,44.971,82,18,0,1,"",-372.488,333.546,-19.922,0,0,6,"=","=","=","=","=","=","=","=","=",4,R,"Penguin_iDOL",190,85,0.449,,34,W,Y,0,,,,,,,,,,,,,,,,,,,,,,,,,,,,,0,0,,,,,,,,,,,,,,,,,,,,,,,,,,,,,,,,,,,,,,0.009,-37.99,-0.403,-17.759,-21.21,-45.57,-15.135,-64.086,18.145,-46.038,13.633,-63.745,39.716,-97.68,0.141,-116.897,-50.51,-97.748,,,,"",,,,"",,,,"",,,,"",,,,"",,,,"",,,,"",,,,"",,,,,,,,,,,,,,,,,,,,,,,,,,,,,,,,,,,,,,,,,,,,,,,,,,,,,,,,,,"",0,,,,,,,,,,,,,0,"",,,,0,""
98,,4,0,3,3,1,1,2,0,0,0,255,255,255,49,4047.848,"_Chun",L,14,78,104,-1.865,-0.185,-0.459,2.183,-0.074,1.943,-36.679,59.673,76,24,0,4,"",-361.508,322.176,-11.036,0,0,6,"=","=","=","=","=","=","=","=","=",4,R,"Penguin_iDOL",190,85,0.449,,34,W,Y,1,,,,,,,,,,,,,,,,,,,,,,,,,,,,,0,0,,,,,,,,,,,,,,,,,,,,,,,,,,,,,,,,,,,,,,0.008,-37.85,-0.355,-17.805,-21.207,-45.582,-16.055,-63.571,18.614,-46.664,13.481,-63.947,39.01,-96.699,0.193,-117.063,-49.049,-98.738,,,,"",,,,"",,,,"",,,,"",,,,"",,,,"",,,,"",,,,"",,,,,,,,,,,,,,,,,,,,,,,,,,,,,,,,,,,,,,,,,,,,,,,,,,,,,,,,,,"",0,,,,,,,,,,,,,0,"",,,,0,""
99,,4,0,3,3,1,2,2,0,0,0,255,255,255,50,4067.162,"_Chun",L,26,84,137,1.227,0.161,-0.32,2.048,0.441,1.513,-36.679,47.886,80,20,0,0,"",73.962,-199.71,-13.15,0,0,6,"=","=","=","=","=","=","=","=","=",4,R,"Penguin_iDOL",190,85,0.449,,34,W,Y,0,,,,,,,,,,,,,,,,,,,,,,,,,,,,,0,0,,,,,,,,,,,,,,,4069.687,6,,578,0,,,,,,,,,,,,,,,,,,,0.074,-37.904,0.337,-17.789,-20.966,-45.572,-15.427,-63.971,18.579,-46.548,13.221,-63.923,38.113,-95.867,0.181,-116.928,-49.19,-98.723,,,,"",,,,"",,,,"",,,,"",,,,"",,,,"",,,,"",,,,"",,,,,,,,,,,,,,,,,,,,,,,,,,,,,,,,,,,,,,,,,,,,,,,,,,,,,,,,,,"",0,,,,,,,,,,,,,0,"",,,,0,""
100,SIDE,4,0,3,3,0,0,2,0,0,0,255,255,255,,4072.279,,,,,,,,,,,,,,,,,,,,,,,,7,"=","=","=","=","=","=","=","=","=",,,,,,,,,,,,,,,,,,,,,,,,,,,,,,,,,,,,,,,0,0,,,,,,,,,,,,,,,,,,,,,,,,,,,,,,,,,,,,,,,,,,,,,,,,,,,,,,,,,,,,,,,,,,,,,,,,,,,,,,,,,,,,,,,,,,,,,,,,,,,,,,,,,,,,,,,,,,,,,,,,,,,,,,,,,,,,,,,,,,,,,,,,,"",0,,,,,,,,,,,,,0,"",,,,0,""
101,,5,1,3,3,0,0,0,0,0,0,255,255,255,41,4130.449,"Kr_Luna",L,28,81,132,-1.107,1.107,-0.577,1.945,-0.359,2.082,-36.798,55.205,92,8,0,2,"",-70.58,-73.868,0,0,0,0,"わかなで","ゆっち一","_Chun","MODECO","「론구」","shuwaYNZ","まととまと","Mr․D VRC","별이__",3,L,"わかなで",160,94.208,0.2,3,34,W,Y,1,4131.569,191,40,109,87,53,,145,119,90.795,-80.489,-0.191,1.097,-19.617,0.6,0,0.239,477.39,119.32,102.063,4125.772,-15.012,-6.741,,,,,,0,0,,4136.529,,,,,,,,,,,,,,,,,,,,,,,,,,,,,,,,,,,,-0.029,-37.726,0.026,-17.512,-20.671,-44.194,-11.194,-62.95,20.214,-46.695,11.017,-57.76,36.739,-83.839,-0.024,-99.1,-40.384,-85.794,-0.138,-37.797,,"mungjungh",-0.034,-17.51,,"가앤슬_",-20.582,-44.225,,"_Gosomi",-10.995,-62.979,,"Penguin_iDOL",20.261,-46.535,,"Yaksok~",10.678,-56.77,,"HANA_ARASHI",35.56,-83.283,,"k@ster",-0.028,-99.081,,"SUGUN",-40.069,-86.021,,,,,,,,,,,,,,,,,,,,,,,,,,,,,,,,,,,,,,,,,,,,,,,,,,,,,,,,"",3,,,,,,,,,,,,,0,"",,,,0,""
102,,5,1,3,3,0,1,0,0,0,0,255,255,255,42,4159.91,"Kr_Luna",L,27,77,128,-1.296,0.821,-0.586,1.886,-0.4,1.855,-36.798,48.837,89,9,2,2,"",-94.081,-138.237,0,0,0,0,"=","=","=","=","=","=","=","=","=",3,L,"わかなで",160,94.208,0.2,3,34,W,Y,1,4161.075,156,76,108,98,55,,145,124,-0.692,-14.598,-0.102,1.02,-20.165,0.57,0,0.251,-36.304,-518.799,11.534,4147.606,5.075,-38.491,4148.556,,10.31,0.058,-56.256,0,0,,,,,,,,,,,,,,,4165.034,0,,147,1,,,,,,,,,,,,,,,,,,,-0.09,-37.832,-0.041,-17.332,-20.927,-43.318,-12.062,-62.547,22.846,-49.075,10.55,-58.28,38.142,-82.381,-0.272,-99.594,-40.048,-86.031,-0.299,-38.035,,"mungjungh",-0.203,-17.323,,"가앤슬_",-20.765,-43.419,80,"_Gosomi",-12.574,-62.941,,"Penguin_iDOL",22.758,-49.164,,"Yaksok~",10.416,-57.665,105,"HANA_ARASHI",38.932,-83.555,,"k@ster",-0.263,-99.579,,"SUGUN",-39.834,-86.089,,4168.682,1.155,-38.183,,,,4164.367,-18.564,-40.333,,,,,,,4162.532,9.671,-54.204,,,,,,,,,,,,,,,,4167.529,-17.51,-39.323,,,,,,,4163.012,6.713,-52.377,,,,,,,,,,"",2,,,,,,,,,,,,,0,"집으로_",,,,35,""
103,,5,1,3,3,0,0,1,0,0,0,255,255,255,43,4186.887,"Kr_Luna",L,13,79,104,3.561,-1.724,-0.313,1.702,0.89,1.129,-36.798,30.24,100,0,0,1,"",326.338,361.747,0,0.833,-18.636,1,"=","=","=","=","=","=","=","=","=",8,L,"ゆっち一",181.4,84,0.401,,34,W,Y,0,,,,,,,,,,,,,,,,,,,,,,,,,,,,,0,0,,,,,,,,,,,,,,,,,,,,,,,,,,,,,,,,,,,,,,0.143,-37.68,0.556,-16.898,-19.82,-42.039,-7.056,-66.329,22.824,-50.141,14.133,-64.311,40.572,-88.029,0.273,-107.662,-44.831,-91.184,,,,"",,,,"",,,,"",,,,"",,,,"",,,,"",,,,"",,,,"",,,,4194.452,0.057,-38.92,,,,,,,,,,,,,,,,,,,,,,,,,,,,,,,,,,,,,,,,,,,,,,,,,,,,"",0,,,,,,,,,,,,,0,"",,,,0,""
104,,5,1,3,3,1,0,1,0,0,0,255,255,255,44,4207.179,"Kr_Luna",L,0,68,107,0.332,0.136,-0.589,2.005,0.163,1.69,-36.798,48.965,90,10,0,2,"",0,3.398,0,0,0,1,"=","=","=","=","=","=","=","=","=",8,L,"ゆっち一",181.4,84,0.401,5,34,W,Y,1,4208.392,234,102,104,88,45,,145,130,23.382,-12.625,0.062,1.021,-20.419,0.32,0,0.246,269.939,5.61,10.953,4199.639,23.269,-130.326,4201.106,7,18.038,0.056,-124.896,1,0,,4213.987,4218.503,,,,,,,,,,,,,,,,,,,,,,,,,,,,,,,,,,,-0.067,-37.831,0.127,-17.112,-19.768,-44.078,-7.678,-65.864,22.597,-50.279,14.205,-64.443,39.5,-86.955,0.252,-107.642,-44.599,-91.739,-0.108,-37.915,,"mungjungh",0.14,-17.136,,"가앤슬_",-19.737,-44.073,,"_Gosomi",-7.463,-65.824,85,"Penguin_iDOL",22.595,-50.162,,"Yaksok~",10.576,-66.395,,"HANA_ARASHI",39.329,-86.727,,"k@ster",0.106,-107.569,101,"SUGUN",-44.647,-91.53,,4223.077,0.19,-38.658,,,,,,,4219.063,1.353,-67.328,,,,,,,,,,4215.233,17.748,-124.043,,,,,,,,,,,,,4221.901,-1.008,-59.227,,,,,,,,,,4216.473,16.047,-119.851,,,,"",2,-14.9,-14.9,-9.979,0,2,0.405,37.114,23.382,55.344,36.854,0.045,-9.313,0,"k@ster",4218.503,,,134,""
105,,5,1,3,3,0,0,1,0,1,0,255,8,255,45,4242.215,"Kr_Luna",L,26,80,130,-2.579,1.085,-0.626,2.008,-0.877,2.121,-36.798,59.469,84,15,1,4,"",-149.189,-164.412,0,0,0,2,"=","=","=","=","=","=","=","=","=",0,L,"_Chun",190,80,0.455,,34,W,Y,1,,,,,,,,,,,,,,,,,,,,,,,,,,,,,0,0,,,,,,,,,,,,,,,,,,,,,,,,,,,,,,,,,,,,,,-0.102,-37.832,-0.069,-17.006,-20.965,-43.276,-6.125,-64.693,22.409,-48.35,12.505,-60.635,45.851,-96.159,-0.188,-109.336,-35.889,-82.594,,,,"",,,,"",,,,"",,,,"",,,,"",,,,"",,,,"",,,,"",,,,4246.215,-0.022,-37.704,,,,,,,,,,,,,,,,,,,,,,,,,,,,,,,,,,,,,,,,,,,,,,,,,,,,"",0,,,,,,,,,,,,,0,"",4245.04,,,0,""
106,,5,1,3,3,0,1,1,0,1,0,255,8,255,46,4261.177,"Kr_Luna",L,0,78,116,1.921,-1.388,-0.327,1.51,0.847,0.738,-36.798,20.956,57,43,0,1,"",0,0.2,0,0,0,2,"=","=","=","=","=","=","=","=","=",0,L,"_Chun",190,80,0.455,,34,W,Y,0,,,,,,,,,,,,,,,,,,,,,,,,,,,,,0,0,,,,,,,,,,,,,4261.934,,,,,,,,,,,,,,,,,,,,,,,,,0.069,-37.726,0.236,-17.062,-20.805,-43.315,-6.918,-64.052,22.403,-48.79,12.557,-64.855,40.398,-86.752,-0.044,-109.577,-36.061,-82.755,,,,"",,,,"",,,,"",,,,"",,,,"",,,,"",,,,"",,,,"",,,,4269.131,0.27,-38.739,,,,,,,,,,,,,,,,,,,,,,,,,,,,,,,,,,,,,,,,,,,,,,,,,,,,"",0,,,,,,,,,,,,,0,"",4263.237,,,0,""
107,,5,1,3,3,1,1,1,0,1,0,255,8,255,47,4284.29,"Kr_Luna",L,27,83,134,-2.496,0.462,-0.661,1.912,-0.969,1.786,-36.798,52.085,84,16,0,2,"",-66.769,-111.008,0,0,0,2,"=","=","=","=","=","=","=","=","=",0,L,"_Chun",190,80,0.455,5,34,W,Y,1,4285.313,204,69,138,85,51,,145,106,31.924,-52.042,-0.458,1.165,-19.959,-0.17,0,0.523,150.907,-368.533,430.408,4276.506,75.724,-70.827,,,,,,0,0,,,,,,,,,,,,,4309.265,,,,,,,,,,,,,,,,,,,,,,,,,-0.113,-37.895,0.012,-17.006,-20.632,-43.425,-5.805,-64.125,22.866,-48.527,15.705,-63.504,42.848,-93.367,-0.04,-109.565,-35.889,-82.86,-0.365,-37.982,,"mungjungh",-0.049,-17.015,,"가앤슬_",-20.745,-43.365,,"_Gosomi",-5.72,-64.02,,"Penguin_iDOL",22.712,-48.652,,"Yaksok~",16.353,-64.707,,"HANA_ARASHI",43.19,-93.339,,"k@ster",-0.039,-109.598,,"SUGUN",-35.941,-82.786,,,,,,,,,,,,,,,,,,,,,,,,,,,,,,,,,,,,,,,,,,,,,,,,,,,,,,,,"",3,-52.484,-46.065,-8.69,0,1,0.448,89.287,31.924,-6.076,85.146,0.028,-150.649,0,"",4288.705,,,0,""
108,,5,1,3,3,1,2,1,0,1,0,255,8,255,48,4309.833,"Kr_Luna",L,26,85,138,-0.403,1.436,-0.493,2.017,0.03,2.364,-36.798,54.848,82,13,5,2,"",-134.339,-154.592,0,0,0,2,"=","=","=","=","=","=","=","=","=",0,L,"_Chun",190,80,0.455,5,87,W,Y,1,4310.879,184,78,95,56,31,,145,94,63.456,-62.115,-0.065,1.538,-19.804,-0.74,0,0.386,201.365,-62.749,343.051,4303.223,40.317,-40.143,,,,,,0,0,,,,,,,,,,,,,4344.357,,,,,,,,,,,,,,,,,,,,,,,,,-0.045,-37.722,0.019,-17.021,-20.763,-44.994,-7.894,-65.389,23.054,-51.701,15.027,-63.849,40.171,-98.322,0.15,-110.758,-35.79,-82.453,-0.18,-37.94,,"mungjungh",-0.023,-17.03,,"가앤슬_",-20.616,-44.922,,"_Gosomi",-6.432,-65.494,,"Penguin_iDOL",23.026,-51.626,,"Yaksok~",16.285,-65.642,,"HANA_ARASHI",39.757,-97.876,,"k@ster",0.143,-110.757,,"SUGUN",-35.739,-82.309,,,,,,,,,,,,,,,,,,,,,,,,,,,,,,,,,,,,,,,,,,,,,,,,,,,,,,,,"",3,-83.742,-57.536,-16.106,0.785,1,0.786,72.86,63.456,41.245,85.967,0.044,-121.821,0,"",4313.413,,,0,""
109,,5,1,3,3,1,2,1,0,1,0,255,8,255,49,4346.819,"Kr_Luna",L,11,60,109,0.558,-0.698,-0.566,1.88,0.158,1.478,-36.798,48.779,95,5,0,0,"",52.695,227.94,0,0,0,2,"=","=","=","=","=","=","=","=","=",0,L,"_Chun",190,80,0.455,,87,W,Y,1,,,,,,,,,,,,,,,,,,,,,,,,,,,,,0,0,,,,,,,,,,,,,4369.56,,4349.512,2,,578,0,,,,,,,,,,,,,,,,,,,0,-37.597,0.017,-17.063,-20.656,-42.668,-7.518,-63.936,22.528,-49.533,14.37,-64.514,42.004,-86.967,-0.417,-108.187,-37.448,-82.76,,,,"",,,,"",,,,"",,,,"",,,,"",,,,"",,,,"",,,,"",,,,,,,,,,,,,,,,,,,,,,,,,,,,,,,,,,,,,,,,,,,,,,,,,,,,,,,,,,"",0,,,,,,,,,,,,,0,"",4350.383,,,0,""
110,,5,1,3,3,0,0,2,0,1,0,255,8,255,50,4370.648,"Kr_Luna",L,14,70,110,-2.071,-0.141,-0.532,1.91,-0.149,1.935,-36.798,53.679,96,4,0,4,"",-390.434,312.348,0,0,0,3,"=","=","=","=","=","=","=","=","=",4,R,"MODECO",190,87.169,0.506,,33,W,Y,1,,,,,,,,,,,,,,,,,,,,,,,,,,,,,0,0,,,,,,,,,,,,,4382.066,,,,,,,,,,,,,,,,,,,,,,,,,-0.058,-37.826,-0.499,-17.12,-19.717,-44.051,-15.267,-63.007,21.909,-48.978,13.169,-64.774,41.304,-90.024,-0.179,-109.496,-49.211,-94.271,,,,"",,,,"",,,,"",,,,"",,,,"",,,,"",,,,"",,,,"",,,,,,,,,,,,,,,,,,,,,,,,,,,,,,,,,,,,,,,,,,,,,,,,,,,,,,,,,,"",0,,,,,,,,,,,,,0,"",4373.556,,,0,""
111,,5,1,3,3,0,1,2,0,1,0,255,8,255,51,4402.606,"Kr_Luna",L,14,62,104,-2.512,-0.982,-0.517,1.942,-0.512,1.57,-36.798,61.144,98,2,0,1,"",-278.338,400,0,-0.565,-17.3,3,"=","=","=","=","=","=","=","=","=",4,R,"MODECO",190,87.169,0.506,,33,W,Y,0,,,,,,,,,,,,,,,,,,,,,,,,,,,,,0,0,,,,,,,,,,,,,4402.946,,,,,,,,,,,,,,,,,,,,,,,,,-0.052,-37.713,-0.091,-16.684,-20.624,-43.798,-15.137,-63.473,22.011,-48.623,12.585,-65.14,39.881,-89.46,-0.226,-109.496,-49.396,-94.081,,,,"",,,,"",,,,"",,,,"",,,,"",,,,"",,,,"",,,,"",,,,,,,,,,,,,,,,,,,,,,,,,,,,,,,,,,,,,,,,,,,,,,,,,,,,,,,,,,"",0,,,,,,,,,,,,,0,"",4404.707,,,0,""
112,,5,1,3,3,1,1,2,0,1,0,255,8,255,52,4422.836,"Kr_Luna",L,27,81,131,1.743,0.818,-0.312,1.942,0.874,2.009,-36.798,48.799,89,9,2,2,"",-69.411,-107.179,0,0,0,3,"=","=","=","=","=","=","=","=","=",4,R,"MODECO",190,87.169,0.506,0,33,W,Y,0,4423.967,94,85,62,44,27,,126,132,29.053,38.501,0.358,1.263,-19.352,0.56,0,0.317,123.234,-193.322,-479.911,4415.089,-70.537,-119.17,,,,,,0,0,,4429.848,4434.358,4439.387,4424.96,,,,4428.733,4433.73,,,,,,,,,,,,,,,,,,,,,,,,,,,,0.047,-37.875,0.014,-16.922,-20.863,-44.132,-14.377,-63.716,22.576,-48.912,7.475,-67.218,39.581,-94.632,-0.202,-109.494,-49.227,-94.333,-0.254,-37.981,,"mungjungh",0.364,-16.965,,"가앤슬_",-20.73,-44.275,,"_Gosomi",-14.218,-63.686,,"Penguin_iDOL",22.427,-48.973,,"Yaksok~",6.073,-69.389,,"HANA_ARASHI",39.609,-94.669,,"k@ster",-0.22,-109.436,,"SUGUN",-49.295,-94.098,,,,,,,,,,,,,,,,,,,,,,,,,,,,,,,,,,,,,,,,,,,,,,,,,,,,,,,,"",4,,,,,,,,,,,,,0,"",4434.358,4428.733,4433.73,0,""
113,,5,1,5,3,0,0,2,0,0,0,255,255,255,53,4471.002,"Kr_Luna",L,27,82,134,1.376,0.162,-0.335,1.854,0.768,1.565,-36.798,46.713,92,8,0,2,"",-107.336,-127.45,0,0,0,4,"=","=","=","=","=","=","=","=","=",6,R,"「론구」",179.9,80,0.4,3,33,W,Y,1,4472.195,255,72,0,0,29,,21,43,-11.509,43.558,0.038,0.957,-19.898,-0.47,0,0.386,290.039,311.276,-269.191,4458.022,-2.952,-23.001,4463.839,2,-20.812,0.058,-40.257,0,0,,4477.767,,,,,,,,,,,,,,,,,,,,,,,,,,,,4480.065,2,,,,,,,0.082,-37.773,0.098,-17.245,-20.59,-43.65,-14.957,-62.69,22.513,-50.213,7.156,-67.42,40.103,-89.629,-0.055,-106.965,-44.938,-90.41,-0.06,-37.867,,"mungjungh",0.103,-17.333,,"가앤슬_",-20.77,-43.466,83,"_Gosomi",-13.925,-63.852,,"Penguin_iDOL",22.452,-50.193,,"Yaksok~",5.395,-68.987,,"HANA_ARASHI",39.86,-89.564,,"k@ster",-0.075,-106.889,,"SUGUN",-44.726,-90.576,,4481.294,-0.149,-37.823,,,,4478.249,-20.731,-40.602,,,,,,,,,,,,,,,,,,,,,,,,,4480.225,-17.802,-39.92,,,,,,,,,,,,,,,,,,,"",3,,,,,,,,,,,,,0,"가앤슬_",,,,34,""
114,,5,1,5,3,0,1,2,0,0,0,255,255,255,54,4499.425,"Kr_Luna",L,27,89,140,2.43,0.173,-0.24,1.854,1.207,1.565,-36.798,40.4,90,10,0,2,"",-101.249,-141.752,0,0,0,4,"=","=","=","=","=","=","=","=","=",6,R,"「론구」",179.9,80,0.4,3,61,W,Y,1,4500.569,234,63,73,75,23,,145,95,-38.672,45.785,0.308,0.897,-19.811,-0.42,0,0.365,53.324,317.47,-506.329,4486.039,-0.764,-20.849,4487.873,2,-19.951,1.237,-39.366,0,0,,,,,,,,,,,,,,,,,,,,,,,,,,,,,,4502.974,2,,,,,,,0.122,-37.809,0.086,-17.249,-20.637,-42.845,-15.616,-62.962,22.725,-50.128,8.449,-66.854,38.948,-91.32,-0.673,-103.971,-45.748,-91.118,-0.064,-37.932,,"mungjungh",0.122,-17.3,,"가앤슬_",-20.538,-42.854,85,"_Gosomi",-15.212,-63.062,,"Penguin_iDOL",22.705,-50.118,,"Yaksok~",4.929,-67.197,,"HANA_ARASHI",38.793,-90.332,,"k@ster",-0.702,-103.992,,"SUGUN",-45.59,-91.231,,4505.958,-0.455,-38.13,,,,4502.321,-20.368,-40.051,,,,,,,,,,,,,,,,,,,,,,,,,4504.936,-17.569,-39.32,,,,,,,,,,,,,,,,,,,"",3,,,,,,,,,,,,,0,"가앤슬_",,,,34,""
115,,5,1,5,3,0,2,2,0,0,0,255,255,255,55,4520.741,"Kr_Luna",L,10,77,117,-1.714,-2.653,-0.627,1.634,-0.588,0.629,-36.798,39.73,100,0,0,1,"",-80.811,400,0,-0.315,-20.197,4,"=","=","=","=","=","=","=","=","=",6,R,"「론구」",179.9,80,0.4,,61,W,Y,0,,,,,,,,,,,,,,,,,,,,,,,,,,,,,0,0,,,,,,,,,,,,,,,,,,,,,,,,,,,,,,,,,,,,,,-0.045,-37.708,-0.144,-17.123,-20.501,-42.681,-16.838,-62.645,22.871,-50.392,13.492,-64.502,37.286,-89.253,-0.023,-104.733,-45.08,-92.613,,,,"",,,,"",,,,"",,,,"",,,,"",,,,"",,,,"",,,,"",,,,4524.758,0.274,-37.655,,,,,,,,,,,,,,,,,,,,,,,,,,,,,,,,,,,,,,,,,,,,,,,,,,,,"",0,,,,,,,,,,,,,0,"",,,,0,""
116,,5,1,5,3,1,2,2,0,0,0,255,255,255,56,4536.03,"Kr_Luna",L,14,79,116,-1.901,-1.841,-0.526,1.717,-0.122,0.912,-36.798,44.538,100,0,0,2,"",-390.434,312.348,0,0,0,4,"=","=","=","=","=","=","=","=","=",6,R,"「론구」",179.9,80,0.4,3,61,W,Y,1,4537.287,255,160,147,44,13,,145,109,100.364,-74.797,-0.35,0.349,-20.52,0.87,0,0.666,425.806,359.239,128.088,,,,,,,,,0,0,,,,,,,,,,,,,,,,,,,,,,,,,,,,,,,,,,,,,,0.045,-37.709,-0.091,-17.124,-20.281,-42.629,-16.413,-62.866,22.853,-50.443,13.491,-64.58,36.899,-94.492,0.025,-104.757,-44.994,-92.372,-0.303,-37.906,,"mungjungh",-0.211,-17.169,,"가앤슬_",-20.319,-42.742,,"_Gosomi",-17.255,-62.062,,"Penguin_iDOL",22.59,-50.612,,"Yaksok~",14.318,-66.133,,"HANA_ARASHI",36.928,-94.474,,"k@ster",-0.09,-104.782,,"SUGUN",-45.211,-92.298,,,,,,,,,,,,,,,,,,,,,,,,,,,,,,,,,,,,,,,,,,,,,,,,,,,,,,,,"",3,,,,,,,,,,,,,0,"",,,,0,""
117,,5,1,5,3,1,2,2,0,0,0,255,255,255,57,4557.878,"Kr_Luna",L,14,65,106,-1.734,-1.579,-0.498,1.781,0.008,1.132,-36.798,51.495,98,2,0,2,"",-376.237,312.348,0,0,0,4,"=","=","=","=","=","=","=","=","=",6,R,"「론구」",179.9,80,0.4,5,61,W,Y,1,4559.166,255,157,106,119,93,,145,86,26.245,-54.263,-0.324,0.575,-21.41,1,0,0.645,69.52,519.486,288.59,4549.573,53.924,-71.505,,,,,,0,0,,,,,,,,,,,,,,,,,,,,,,,,,,,,,,,,,,,,,,0.021,-37.638,-0.06,-17.254,-20.156,-42.719,-16.303,-62.745,22.268,-51.838,12.639,-65.078,37.183,-92.206,-0.122,-103.533,-46.026,-92.13,0.014,-38.016,,"mungjungh",-0.155,-17.288,,"가앤슬_",-20.037,-42.607,,"_Gosomi",-16.026,-62.763,,"Penguin_iDOL",22.249,-51.824,,"Yaksok~",13.852,-66.229,,"HANA_ARASHI",36.6,-92.108,,"k@ster",0.022,-103.182,,"SUGUN",-46.102,-91.825,,,,,,,,,,,,,,,,,,,,,,,,,,,,,,,,,,,,,,,,,,,,,,,,,,,,,,,,"",3,-60.425,-46.848,-7.212,0.53,0,1,37.623,37.623,68.912,37.623,0,-119.707,0,"",,,,0,""
118,,5,1,5,3,1,2,2,0,0,0,255,255,255,58,4582.259,"Kr_Luna",L,14,71,111,-3.85,-0.756,-0.594,1.95,-0.928,1.585,-36.798,63.203,97,3,0,1,"",-390.434,312.348,0,-0.927,-16.528,4,"=","=","=","=","=","=","=","=","=",6,R,"「론구」",179.9,80,0.4,,61,W,Y,0,,,,,,,,,,,,,,,,,,,,,,,,,,,,,0,0,,,,,,,,,,,,,,,,,,,,,,,,,,,,,,,,,,,,,,-0.043,-37.649,-0.087,-17.102,-21.106,-43.316,-15.7,-63.531,20.855,-49.289,10.681,-66.15,39.008,-93.952,0.169,-104.624,-45.357,-91.405,,,,"",,,,"",,,,"",,,,"",,,,"",,,,"",,,,"",,,,"",,,,,,,,,,,,,,,,,,,,,,,,,,,,,,,,,,,,,,,,,,,,,,,,,,,,,,,,,,"",0,,,,,,,,,,,,,0,"",,,,0,""
119,,5,1,5,3,2,2,2,0,0,0,255,255,255,59,4597.778,"Kr_Luna",L,28,82,133,0.728,0.692,-0.411,1.92,0.415,1.932,-36.798,50.938,89,10,1,0,"",-57.199,-73.783,0,0,0,4,"=","=","=","=","=","=","=","=","=",6,R,"「론구」",179.9,80,0.4,,61,W,Y,1,,,,,,,,,,,,,,,,,,,,,,,,,,,,,0,16,,,,,,,,,,,,,,,4600.445,4,,578,0,,,,,,,,,,,,,,,,,4600.436,1,0.06,-37.917,0.01,-17.139,-20.974,-43.448,-15.728,-63.347,20.938,-49.205,8.956,-66.628,39.657,-96.967,0.145,-104.674,-44.933,-90.664,,,,"",,,,"",,,,"",,,,"",,,,"",,,,"",,,,"",,,,"",,,,,,,,,,,,,,,,,,,,,,,,,,,,,,,,,,,,,,,,,,,,,,,,,,,,,,,,,,"",0,,,,,,,,,,,,,0,"",,,,0,""
120,SIDE,5,1,5,3,0,0,2,0,0,0,255,255,255,,4602.832,,,,,,,,,,,,,,,,,,,,,,,,5,"=","=","=","=","=","=","=","=","=",,,,,,,,,,,,,,,,,,,,,,,,,,,,,,,,,,,,,,,0,0,,,,,,,,,,,,,,,,,,,,,,,,,,,,,,,,,,,,,,,,,,,,,,,,,,,,,,,,,,,,,,,,,,,,,,,,,,,,,,,,,,,,,,,,,,,,,,,,,,,,,,,,,,,,,,,,,,,,,,,,,,,,,,,,,,,,,,,,,,,,,,,,,"",0,,,,,,,,,,,,,0,"",,,,0,""
121,,5,0,5,3,0,0,0,0,0,0,255,255,255,51,4699.779,"_Chun",L,26,79,129,0.908,0.724,-0.363,2.108,0.313,1.82,-36.679,49.416,75,25,0,2,"",61.994,-153.162,-9.115,0,0,7,"Yaksok~","Kr_Luna","_Gosomi","mungjungh","HANA_ARASHI","가앤슬_","Penguin_iDOL","k@ster","SUGUN",7,R,"k@ster",170,93.053,0.67,5,33,W,Y,1,4700.868,108,83,75,30,23,,134,82,60.031,40.132,0.185,1.096,-19.98,-0.69,0,0.16,-246.31,-117.843,515.063,4691.089,-29.502,-54.723,4691.339,2,-28.587,3.355,-53.488,0,0,,4706.207,,,,,,,,,,,,,4706.249,7,,451,0,,,,,,,,,,,,,,,,,,,0.01,-37.989,0.192,-18.222,-20.832,-45.491,-15.418,-63.959,18.138,-46.116,8.503,-60.308,42.05,-97.607,0.493,-114.073,-46.444,-92.329,-0.236,-36.779,,"shuwaYNZ",0.183,-18.247,,"별이__",-20.835,-45.509,87,"わかなで",-17.274,-65.731,,"MODECO",17.36,-45.418,,"まととまと",8.366,-60.27,,"「론구」",42.053,-97.595,,"Mr․D VRC",0.503,-113.868,,"ゆっち一",-46.415,-92.386,,4710.494,-0.281,-37.491,,,,4706.303,-29.064,-53.921,,,,,,,,,,,,,,,,,,,,,,,,,4708.927,-24.418,-49.634,,,,,,,,,,,,,,,,,,,"",1,38.02,38.02,6.057,0,2,0.326,71.002,60.031,23.612,70.738,0.047,124.628,0,"별이__",,,,260,""
122,,5,0,5,3,0,0,1,0,0,0,255,255,255,52,4730.414,"_Chun",L,27,79,129,-0.288,-0.908,-0.472,1.984,-0.181,0.913,-36.679,42.237,84,16,0,2,"",46.465,-126.487,-4.129,0,0,8,"=","=","=","=","=","=","=","=","=",8,R,"SUGUN",179.9,82.092,0.446,5,33,W,Y,1,4731.399,253,180,102,118,56,,145,86,-2.688,78,-0.079,0.75,-21.311,1,0,0.625,55.991,124.569,319.646,4716.556,-7.919,-22.954,,,,,,0,0,,,,,,,,,,,,,,,,,,,,,,,,,,,,,,,,,,,,,,-0.082,-37.89,-0.328,-18.232,-21.065,-45.938,-16.148,-63.305,18.139,-46.244,9.271,-64.938,40.829,-98.477,0.213,-112.494,-47.991,-94.335,-0.079,-36.836,,"shuwaYNZ",-0.182,-18.009,,"별이__",-21.035,-45.917,,"わかなで",-18.482,-65.015,,"MODECO",17.976,-46.007,,"まととまと",9.258,-64.877,,"「론구」",40.825,-98.48,,"Mr․D VRC",0.229,-112.082,,"ゆっち一",-47.736,-94.042,,,,,,,,,,,,,,,,,,,,,,,,,,,,,,,,,,,,,,,,,,,,,,,,,,,,,,,,"",3,171.105,78,-14.168,1,1,0.793,-3.469,-2.688,-29.969,-3.358,0.001,146.763,0,"",,,,0,""
123,,5,0,5,3,0,1,1,0,0,0,255,255,255,53,4753.71,"_Chun",L,14,73,100,-0.657,-0.695,-0.278,2.103,0.447,1.709,-36.679,42.886,80,20,0,0,"",-342.794,328.353,-16.18,0,0,8,"=","=","=","=","=","=","=","=","=",8,R,"SUGUN",179.9,82.092,0.446,,54,W,Y,0,,,,,,,,,,,,,,,,,,,,,,,,,,,,,0,0,,,,,,,,,,,,,,,,,,,,,,,,,,,,,,,,,,,,,,0.023,-37.925,-0.414,-18.43,-21.099,-45.07,-16.078,-63.508,18.549,-46.679,9.198,-58.678,40.455,-98.114,0.25,-110.48,-46.72,-94.611,,,,"",,,,"",,,,"",,,,"",,,,"",,,,"",,,,"",,,,"",,,,,,,,,,,,,,,,,,,,,,,,,,,,,,,,,,,,,,,,,,,,,,,,,,,,,,,,,,"",0,,,,,,,,,,,,,0,"",,,,0,""
124,,5,0,5,3,0,2,1,0,0,0,255,255,255,54,4773.889,"_Chun",L,14,80,117,-2.565,-1.144,-0.493,2.07,-0.493,1.358,-36.679,56.043,75,25,0,4,"",-353.418,353.689,-15.415,-0.583,-17.458,8,"=","=","=","=","=","=","=","=","=",8,R,"SUGUN",179.9,82.092,0.446,,54,W,Y,1,,,,,,,,,,,,,,,,,,,,,,,,,,,,,0,256,,,,,,,,,,,,,,,4778.039,8,,706,0,,,,,,,,,,,,,,,,,,,0.022,-37.973,-0.286,-18.147,-21.257,-45.697,-16.047,-63.487,18.611,-46.522,8.415,-60.709,40.464,-98.1,0.268,-111.078,-47.074,-94.488,,,,"",,,,"",,,,"",,,,"",,,,"",,,,"",,,,"",,,,"",,,,,,,,,,,,,,,,,,,,,,,,,,,,,,,,,,,,,,,,,,,,,,,,,,,,,,,,,,"",0,,,,,,,,,,,,,0,"",,,,0,""
125,,5,0,5,3,0,0,2,0,0,0,255,255,255,55,4796.665,"_Chun",L,26,65,105,-0.58,-0.826,-0.501,1.835,-0.158,0.89,-36.679,38.311,96,4,0,0,"",-39.38,-188.705,6.334,0,0,0,"=","=","=","=","=","=","=","=","=",5,R,"Yaksok~",172.9,83.735,0.232,,32,W,Y,1,,,,,,,,,,,,,,,,,,,,,,,,,,,,,0,0,,,,,,,,,,,,,,,,,,,,,,,,,,,,,,,,,,,,,,-0.002,-37.839,-0.183,-17.914,-22.096,-46.884,-16.7,-63.018,18.538,-46.357,6.253,-66.456,35.985,-93.928,0.2,-111.828,-46.232,-92.785,,,,"",,,,"",,,,"",,,,"",,,,"",,,,"",,,,"",,,,"",,,,,,,,,,,,,,,,,,,,,,,,,,,,,,,,,,,,,,,,,,,,,,,,,,,,,,,,,,"",0,,,,,,,,,,,,,0,"",,,,0,""
126,,5,0,5,3,0,1,2,0,0,0,255,255,255,56,4816.345,"_Chun",L,14,77,103,-1.308,-1.676,-0.364,1.991,0.118,1.197,-36.679,38.6,84,16,0,1,"",-332.814,351.665,-6.428,0,0,0,"=","=","=","=","=","=","=","=","=",5,R,"Yaksok~",172.9,83.735,0.232,,32,W,Y,0,,,,,,,,,,,,,,,,,,,,,,,,,,,,,0,0,,,,,,,,,,,,,,,,,,,,,,,,,,,,,,,,,,,,,,0.001,-37.777,-0.295,-17.865,-22.144,-46.907,-16.8,-62.831,17.597,-47.608,6.996,-66.625,35.983,-93.939,0.218,-111.621,-45.911,-98.242,,,,"",,,,"",,,,"",,,,"",,,,"",,,,"",,,,"",,,,"",,,,,,,,,,,,,,,,,,,,,,,,,,,,,,,,,,,,,,,,,,,,,,,,,,,,,,,,,,"",0,,,,,,,,,,,,,0,"",,,,0,""
127,,5,0,5,3,1,1,2,0,0,0,255,255,255,57,4834.798,"_Chun",L,6,71,101,-1.796,0.527,-0.341,2.085,0.028,1.905,-36.679,43.895,93,7,0,1,"",-383.627,0,4.834,0,0,0,"=","=","=","=","=","=","=","=","=",5,R,"Yaksok~",172.9,83.735,0.232,,32,W,Y,0,,,,,,,,,,,,,,,,,,,,,,,,,,,,,0,0,,,,,,,,,,,,,,,,,,,,,,,,,,,,,,,,,,,,,,0.023,-37.964,-0.328,-18.055,-21.817,-46.248,-16.786,-63.063,17.557,-47.501,7.363,-66.404,35.97,-93.936,0.205,-111.866,-45.873,-98.299,,,,"",,,,"",,,,"",,,,"",,,,"",,,,"",,,,"",,,,"",,,,,,,,,,,,,,,,,,,,,,,,,,,,,,,,,,,,,,,,,,,,,,,,,,,,,,,,,,"",0,,,,,,,,,,,,,0,"",,,,0,""
128,,5,0,5,3,2,1,2,0,0,0,255,255,255,58,4855.76,"_Chun",L,26,88,140,1.493,0.931,-0.303,2.058,0.534,1.926,-36.679,46.652,78,22,0,2,"",92.413,-200,-21.338,0,0,0,"=","=","=","=","=","=","=","=","=",5,R,"Yaksok~",172.9,83.735,0.232,0,32,W,Y,1,4856.664,151,70,70,13,1,,122,78,42.263,19.613,0.302,1.18,-19.821,-0.7,0,0.14,400.869,-111.763,-249.671,,,,4846.323,3,-16.559,2.706,-72.157,0,0,,4862.319,,,,,,,,,,,,,4861.818,0,,452,0,,,,,,,,,,,,,,,,,,,0.064,-37.935,0.147,-18.12,-21.801,-46.312,-16.292,-63.446,17.678,-47.737,7.087,-66.395,35.985,-93.939,0.255,-111.746,-45.26,-97.26,0.088,-36.856,,"shuwaYNZ",0.205,-18.121,,"별이__",-21.798,-46.299,,"わかなで",-17.739,-64.68,94,"MODECO",17.502,-47.475,,"まととまと",7.212,-66.353,,"「론구」",35.982,-93.931,,"Mr․D VRC",0.274,-111.563,,"ゆっち一",-45.093,-97.466,,,,,,,,,,,4861.831,-16.698,-72.722,,,,,,,,,,,,,,,,,,,,,,,,,4863.802,-13.571,-65.718,,,,,,,,,,,,,,,,"",1,,,,,,,,,,,,,0,"わかなで",,,,1,""
129,SIDE,5,0,5,3,0,0,2,0,0,0,255,255,255,,4864.073,,,,,,,,,,,,,,,,,,,,,,,,1,"=","=","=","=","=","=","=","=","=",,,,,,,,,,,,,,,,,,,,,,,,,,,,,,,,,,,,,,,0,0,,,,,,,,,,,,,,,,,,,,,,,,,,,,,,,,,,,,,,,,,,,,,,,,,,,,,,,,,,,,,,,,,,,,,,,,,,,,,,,,,,,,,,,,,,,,,,,,,,,,,,,,,,,,,,,,,,,,,,,,,,,,,,,,,,,,,,,,,,,,,,,,,"",0,,,,,,,,,,,,,0,"",,,,0,""
130,,6,1,5,3,0,0,0,0,0,0,255,255,255,60,4920.583,"Kr_Luna",L,14,71,99,1.762,-0.778,-0.105,1.819,1.535,1.611,-36.798,33.974,100,0,0,1,"",-351.391,312.348,0,0.241,-16.682,5,"わかなで","ゆっち一","_Chun","MODECO","「론구」","shuwaYNZ","まととまと","Mr․D VRC","별이__",1,R,"shuwaYNZ",190.3,83,0.373,,32,W,Y,0,,,,,,,,,,,,,,,,,,,,,,,,,,,,,0,0,,,,,,,,,,,,,,,,,,,,,,,,,,,,,,,,,,,,,,0.205,-37.662,0.163,-17.28,-20.69,-43.642,-15.128,-63.048,22.556,-50.832,14.647,-63.834,38.159,-90.819,-0.007,-108.147,-45.973,-92.028,,,,"",,,,"",,,,"",,,,"",,,,"",,,,"",,,,"",,,,"",,,,,,,,,,,,,,,,,,,,,,,,,,,,,,,,,,,,,,,,,,,,,,,,,,,,,,,,,,"",0,,,,,,,,,,,,,0,"",,,,0,""
131,,6,1,5,3,1,0,0,0,0,0,255,255,255,61,4937.362,"Kr_Luna",L,10,75,103,1.578,-1.37,-0.354,1.79,0.452,1.342,-36.798,26.887,93,7,0,2,"",117.711,400,0,0,0,5,"=","=","=","=","=","=","=","=","=",1,R,"shuwaYNZ",190.3,83,0.373,0,32,W,Y,1,4938.548,128,123,42,85,69,,120,88,-30,-29.644,0.298,0.48,-20.402,0.97,0,0.279,-121.536,-112.378,-67.365,4922.723,0.71,-21.125,4924.922,4,16.465,0.148,-48.774,0,0,,4944.353,,,,,,,,,,,,,4943.335,5,,147,64,,,,,,,,,,,,,,,,,,,-0.001,-37.79,0.084,-17.304,-20.505,-44.199,-14.521,-62.849,22.594,-50.858,14.746,-63.942,35.395,-88.19,-0.012,-108.122,-45.73,-92.104,0.045,-37.776,,"mungjungh",0.119,-17.384,,"가앤슬_",-20.474,-44.155,85,"_Gosomi",-14.37,-62.867,,"Penguin_iDOL",22.413,-50.971,120,"Yaksok~",16.042,-65.472,,"HANA_ARASHI",35.509,-88.54,,"k@ster",-0.005,-108.12,,"SUGUN",-45.849,-91.794,,4946.645,-0.226,-38.126,,,,4942.726,-18.366,-40.292,,,,4940.684,16.964,-49.484,,,,,,,,,,,,,,,,,,,4945.568,-17.58,-39.339,,,,4941.338,13.401,-48.222,,,,,,,,,,,,,"",2,,,,,,,,,,,,,0,"Penguin_iDOL",,,,98,""
132,,6,1,5,3,0,0,1,0,0,0,255,255,255,62,4965.662,"Kr_Luna",L,13,75,102,2.46,-1.279,-0.376,1.723,0.386,1.406,-36.798,29.028,93,7,0,2,"",330.57,350.586,0,0,0,6,"=","=","=","=","=","=","=","=","=",5,R,"まととまと",180,89.79,0.446,0,32,W,Y,1,4966.849,128,137,43,117,101,,121,86,-29.03,-40.684,0.521,0.513,-20.589,-0.31,0,0.108,-205.136,-540.244,-141.607,4950.956,1.219,-21.397,4952.939,4,21.088,0.098,-44.374,0,0,,4971.939,,,,,,,,,,,,,4971.811,6,,147,64,,,,,,,,,,,,,,,,,,,0.013,-37.8,0.125,-17.418,-20.039,-43.254,-14.789,-63.126,22.107,-50.141,14.655,-64.161,37.393,-86.477,-0.117,-111.167,-44.939,-93.418,0.239,-37.861,,"mungjungh",0.155,-17.474,,"가앤슬_",-19.955,-43.212,85,"_Gosomi",-11.642,-64.277,,"Penguin_iDOL",22.16,-50.026,118,"Yaksok~",15.516,-65.762,,"HANA_ARASHI",37.386,-86.471,,"k@ster",-0.115,-111.159,,"SUGUN",-44.75,-93.523,,4975.096,-0.503,-37.958,,,,4971.109,-18.258,-39.714,,,,4968.89,21.504,-44.925,,,,,,,,,,,,,,,,,,,4974.027,-17.568,-39.357,,,,4969.556,18.068,-43.927,,,,,,,,,,,,,"",2,,,,,,,,,,,,,0,"Penguin_iDOL",,,,98,""
133,,6,1,5,3,0,0,2,0,0,0,255,255,255,63,4991.684,"Kr_Luna",L,28,76,126,0.287,0.711,-0.381,1.935,0.237,1.912,-36.798,62.516,83,13,4,0,"",-62.99,-86.999,0,0,0,7,"=","=","=","=","=","=","=","=","=",7,R,"Mr․D VRC",177,92.452,0.602,,32,W,Y,0,,,,,,,,,,,,,,,,,,,,,,,,,,,,,0,0,,,,,,,,,,,,,,,,,,,,,,,,,,,,,,,,,,,,,,0.087,-37.825,0.047,-17.265,-20.392,-42.394,-16.037,-63.211,22.706,-51.48,6.976,-67.011,35.52,-85.298,-0.098,-106.098,-45.332,-92.408,,,,"",,,,"",,,,"",,,,"",,,,"",,,,"",,,,"",,,,"",,,,4995.969,0.021,-37.358,,,,,,,,,,,,,,,,,,,,,,,,,,,,,,,,,,,,,,,,,,,,,,,,,,,,"",0,,,,,,,,,,,,,0,"",,,,0,""
134,,6,1,5,3,0,1,2,0,0,0,255,255,255,64,5008.623,"Kr_Luna",L,26,88,140,2.414,0.667,-0.253,1.849,1.151,1.814,-36.798,37.902,90,9,1,2,"",-65.626,-179.751,0,0,0,7,"=","=","=","=","=","=","=","=","=",7,R,"Mr․D VRC",177,92.452,0.602,5,32,W,Y,1,5009.736,57,61,69,48,33,,75,67,32.181,56.6,0.482,1.113,-19.485,-0.6,0,0.168,164.358,23.577,-504.105,4998.823,-41.674,-48.364,5000.889,2,-39.823,0.059,-48.395,0,0,,,,,,,,,,,,,,,,,,,,,,,,,,,,,,,,,,,,,,0.086,-37.711,0.28,-17.065,-20.24,-42.855,-15.823,-63.07,22.593,-51.452,14.309,-63.808,35.939,-85.917,-0.107,-106.078,-45.58,-92.321,-0.124,-37.851,,"mungjungh",0.3,-17.076,,"가앤슬_",-20.198,-43.214,92,"_Gosomi",-16.039,-62.377,,"Penguin_iDOL",22.771,-51.281,,"Yaksok~",15.431,-65.254,,"HANA_ARASHI",35.845,-85.428,,"k@ster",-0.128,-106.046,,"SUGUN",-45.292,-92.335,,5020.545,-0.244,-37.819,,,,5016.806,-39.937,-48.357,,,,,,,,,,,,,,,,,,,,,,,,,5018.511,-37.704,-47.423,,,,,,,,,,,,,,,,,,,"",3,60.843,48.227,11.623,0.517,2,0.384,83.105,32.181,-5.819,84.414,0.073,178.79,0,"가앤슬_",,,,34,""
135,,6,1,5,3,0,2,2,0,0,0,255,255,255,65,5036.026,"Kr_Luna",L,14,56,88,-3.322,-0.96,-0.586,2.003,-0.653,1.646,-36.798,68,97,3,0,4,"",-312.348,312.348,0,-0.745,-17.723,7,"=","=","=","=","=","=","=","=","=",7,R,"Mr․D VRC",177,92.452,0.602,,34,W,Y,1,,,,,,,,,,,,,,,,,,,,,,,,,,,,,0,0,,,,,,,,,,,,,,,5040.477,7,,706,0,,,,,,,,,,,,,,,,,5039.7,1,0.004,-37.54,-0.613,-17.118,-20.511,-43.198,-16.607,-62.487,22.9,-50.41,13.857,-64.472,37.881,-88,0.24,-106.955,-45.043,-91.46,,,,"",,,,"",,,,"",,,,"",,,,"",,,,"",,,,"",,,,"",,,,,,,,,,,,,,,,,,,,,,,,,,,,,,,,,,,,,,,,,,,,,,,,,,,,,,,,,,"",0,,,,,,,,,,,,,0,"",,,,0,""
136,SIDE,6,1,5,3,0,0,2,0,0,0,255,255,255,,5043.604,,,,,,,,,,,,,,,,,,,,,,,,8,"=","=","=","=","=","=","=","=","=",,,,,,,,,,,,,,,,,,,,,,,,,,,,,,,,,,,,,,,0,0,,,,,,,,,,,,,,,,,,,,,,,,,,,,,,,,,,,,,,,,,,,,,,,,,,,,,,,,,,,,,,,,,,,,,,,,,,,,,,,,,,,,,,,,,,,,,,,,,,,,,,,,,,,,,,,,,,,,,,,,,,,,,,,,,,,,,,,,,,,,,,,,,"",0,,,,,,,,,,,,,0,"",,,,0,""
137,,6,0,5,3,0,0,0,0,0,0,255,255,255,0,5234.475,"TaeGeuk_",R,32,93,140,-2.315,0.263,0.237,1.041,-1.311,1.788,-36.852,23.242,10,57,33,1,"",210.219,-15.15,12.291,0,0,1,"Yaksok~","Kr_Luna","_Gosomi","mungjungh","HANA_ARASHI","가앤슬_","Penguin_iDOL","k@ster","SUGUN",0,L,"Kr_Luna",190,95.163,0.504,,32,W,Y,0,,,,,,,,,,,,,,,,,,,,,,,,,,,,,0,0,,,,,,,,,,,,,,,,,,,,,,,,,,,,,,,,,,,,,,0.088,-37.747,-0.159,-17.255,-21.036,-47.871,-10.626,-66.43,21.461,-46.58,15.979,-63.141,49.078,-104.181,9.59,-112.571,-32.754,-115.766,,,,"",,,,"",,,,"",,,,"",,,,"",,,,"",,,,"",,,,"",,,,,,,,,,,,,,,,,,,,,,,,,,,,,,,,,,,,,,,,,,,,,,,,,,,,,,,,,,"",0,,,,,,,,,,,,,0,"",,,,0,""
138,,6,0,5,3,1,0,0,0,0,0,255,255,255,1,5254.898,"TaeGeuk_",R,32,93,140,-0.103,0.3,0.439,1.044,-0.371,1.795,-36.852,23.705,6,57,37,0,"",222.364,-33.02,14.008,0,0,1,"=","=","=","=","=","=","=","=","=",0,L,"Kr_Luna",190,95.163,0.504,,32,W,Y,1,,,,,,,,,,,,,,,,,,,,,,,,,,,,,0,0,,,,,,,,,,,,,,,,,,,,,,,,,,,,,,,,,,,,,,0.203,-37.928,0.211,-17.443,-21.418,-47.243,-10.707,-66.292,21.846,-46.339,15.701,-63.136,49.104,-104.163,10.016,-112.741,-31.95,-112.846,,,,"",,,,"",,,,"",,,,"",,,,"",,,,"",,,,"",,,,"",,,,,,,,,,,,,,,,,,,,,,,,,,,,,,,,,,,,,,,,,,,,,,,,,,,,,,,,,,"",0,,,,,,,,,,,,,0,"",,,,0,""
139,,6,0,5,3,1,1,0,0,0,0,255,255,255,2,5274.427,"TaeGeuk_",R,32,88,140,-0.477,-0.882,0.4,0.83,-0.549,1.104,-36.852,33.546,14,0,86,2,"",234.573,20.214,7.758,0,0,1,"=","=","=","=","=","=","=","=","=",0,L,"Kr_Luna",190,95.163,0.504,5,81,W,Y,1,5275.224,96,142,139,81,34,,135,131,-4.629,-52.032,-0.024,0.65,-20.063,0.39,0,0.069,199.347,-461.441,293.37,5258.839,5.167,-24.069,,,,,,0,0,,,,,,,,,,,,,,,,,,,,,,,,,,,,,,,,,,,,,,0.163,-38.008,-0.205,-17.531,-21.44,-47.254,-11.767,-65.908,21.9,-46.379,15.86,-63.008,49.101,-104.157,10.013,-112.747,-41.117,-108.411,0.362,-36.684,,"_Chun",-0.252,-17.581,,"檸檬の残骸",-21.562,-47.356,,"わかなで",-11.631,-68.176,,"MODECO",21.737,-46.136,,"まととまと",15.818,-63.298,,"「론구」",49.075,-104.178,,"Mr․D VRC",10.011,-112.462,,"ゆっち一",-37.381,-108.815,,,,,,,,,,,,,,,,,,,,,,,,,,,,,,,,,,,,,,,,,,,,,,,,,,,,,,,,"",3,-51.218,-51.218,-13.513,0,0,1,-4.629,-4.629,-9.757,-4.629,0,-58.491,0,"",,,,0,""
140,,6,0,5,3,1,2,0,0,0,0,255,255,255,3,5296.452,"TaeGeuk_",R,3,87,111,-2.735,-0.492,0.424,0.855,-0.293,1.341,-36.852,32.28,6,8,86,1,"",-481.132,0,11.649,0,0,1,"=","=","=","=","=","=","=","=","=",0,L,"Kr_Luna",190,95.163,0.504,,82,W,Y,0,,,,,,,,,,,,,,,,,,,,,,,,,,,,,0,0,,,,,,,,,,,,,,,,,,,,,,,,,,,,,,,,,,,,,,0.234,-37.761,-0.097,-17.317,-21.385,-48.05,-11.771,-65.805,21.588,-46.015,16.553,-62.803,50.688,-104.076,11.52,-111.444,-40.182,-109.485,,,,"",,,,"",,,,"",,,,"",,,,"",,,,"",,,,"",,,,"",,,,,,,,,,,,,,,,,,,,,,,,,,,,,,,,,,,,,,,,,,,,,,,,,,,,,,,,,,"",0,,,,,,,,,,,,,0,"",,,,0,""
141,,6,0,5,3,2,2,0,0,0,0,255,255,255,4,5315.757,"TaeGeuk_",R,32,87,140,-1.195,0.661,0.34,1.122,-0.831,2.05,-36.852,16.818,6,36,58,2,"",213.374,0.14,18.312,0,0,1,"=","=","=","=","=","=","=","=","=",0,L,"Kr_Luna",190,95.163,0.504,0,82,W,Y,1,5316.592,117,122,70,55,31,,137,87,93.426,80.174,-0.24,1.267,-19.362,1,0,0.05,-167.046,-432.855,96.594,5306.206,30.336,-12.86,,,,,,0,0,,,,,,,,,,,,,,,,,,,,,,,,,,,,,,,,,,,,,,0.206,-37.796,-0.132,-17.259,-21.022,-47.598,-12.224,-65.781,21.879,-46.312,16.404,-62.888,50.717,-104.081,11.528,-111.463,-38.594,-112.175,0.367,-37.315,,"_Chun",-0.133,-17.231,,"檸檬の残骸",-21.164,-47.713,,"わかなで",-13.171,-68.51,,"MODECO",21.777,-46.112,,"まととまと",16.604,-63.873,,"「론구」",50.721,-104.068,,"Mr․D VRC",11.536,-111.213,,"ゆっち一",-38.594,-112.175,,,,,,,,,,,,,,,,,,,,,,,,,,,,,,,,,,,,,,,,,,,,,,,,,,,,,,,,"",3,,,,,,,,,,,,,0,"",,,,0,""
142,,6,0,5,3,3,2,0,0,0,0,255,255,255,5,5344.443,"TaeGeuk_",R,0,0,0,0,0,0,0,0,0,0,0,0,0,0,0,"",0,0,0,0,0,1,"=","=","=","=","=","=","=","=","=",0,L,"Kr_Luna",190,95.163,0.504,,82,W,Y,0,,,,,,,,,,,,,,,,,,,,,,,,,,,,,0,0,,,,,,,,,,,,,,,,,,,,,,,,,,,,,,,,,,,,,,0.128,-37.809,-0.072,-17.19,-22.322,-48.187,-11.315,-66.052,21.306,-46.102,16.702,-62.027,50.666,-103.979,11.142,-112.959,-39.771,-107.738,,,,"",,,,"",,,,"",,,,"",,,,"",,,,"",,,,"",,,,"",,,,,,,,,,,,,,,,,,,,,,,,,,,,,,,,,,,,,,,,,,,,,,,,,,,,,,,,,,"",0,,,,,,,,,,,,,0,"",,,,0,""
143,,6,0,5,3,3,2,0,0,0,0,255,255,255,6,5373.112,"TaeGeuk_",R,3,84,109,-1.992,0.151,0.51,1.103,-0.026,1.74,-36.852,9.717,3,37,59,2,"",-442.175,0,19.541,0,0,1,"=","=","=","=","=","=","=","=","=",0,L,"Kr_Luna",190,95.163,0.504,5,82,W,Y,1,5374.013,110,81,91,86,74,,137,89,21.333,28.33,-0.312,1.156,-20.743,-0.75,0,0.116,268.8,-339.297,-62.721,5361.906,-31.329,-88.532,5362.456,8,-32.476,0.543,-91.579,1,0,,5379.59,,,,,,,,,,,,,,,,,,,,,,,,,,,,,,,,,,,,0.36,-37.854,-0.029,-17.45,-22.188,-47.866,-11.33,-66.007,21.899,-46.4,16.639,-61.994,50.648,-103.985,11.151,-112.768,-42.314,-109.741,0.372,-37.184,,"_Chun",-0.018,-17.461,,"檸檬の残骸",-22.212,-47.885,,"わかなで",-11.811,-68.851,,"MODECO",21.78,-46.137,,"まととまと",16.82,-62.276,,"「론구」",50.656,-103.961,,"Mr․D VRC",11.156,-112.703,,"ゆっち一",-42.291,-109.731,89,5383.049,-4.126,-42.631,,,,,,,,,,,,,,,,,,,,,,5379.11,-32.696,-91.997,,,,,,,,,,,,,,,,,,,,,,,,,5380.526,-29.198,-82.747,"",2,33.404,33.404,14.857,0,0,1,21.333,21.333,44.535,21.333,0,33.175,0,"ゆっち一",,,,2,""
144,,6,0,5,3,0,0,0,1,0,0,10,255,255,7,5402.73,"TaeGeuk_",R,3,89,126,-2.01,0.007,0.483,0.938,-0.163,1.436,-36.852,34.06,4,13,83,4,"",-450.75,-183.477,10.23,0,0,2,"=","=","=","=","=","=","=","=","=",3,R,"_Gosomi",175,86.314,0.433,,31,W,Y,1,,,,,,,,,,,,,,,,,,,,,,,,,,,,,0,0,,,,,,,,,,,,5417.196,,,,,,,,,,,,,,,,,,,,,,,,,,0.208,-37.869,-0.097,-17.371,-19.483,-40.8,-16.195,-63.13,18.519,-46.197,8.984,-64.194,35.823,-93.45,0.626,-119.292,-49.625,-97.796,,,,"",,,,"",,,,"",,,,"",,,,"",,,,"",,,,"",,,,"",,,,5407.002,-0.264,-37.622,,,,,,,,,,,,,,,,,,,,,,,,,,,,,,,,,,,,,,,,,,,,,,,,,,,,"",0,,,,,,,,,,,,,0,"",,,,0,""
145,,6,0,5,3,0,1,0,1,0,0,10,255,255,8,5417.771,"TaeGeuk_",R,5,77,112,-0.264,-0.603,0.545,0.847,0.082,1.295,-36.852,34.817,13,14,73,2,"",-114.865,0,6.588,0,0,2,"=","=","=","=","=","=","=","=","=",3,R,"_Gosomi",175,86.314,0.433,5,31,W,Y,1,5418.923,228,103,113,113,45,,145,109,25.408,-31.553,-0.016,0.778,-21.161,0.89,0,0.347,104.67,248.108,224.793,,,,5407.189,6,42.87,2.843,-100.991,0,0,,,,,,,,,,,,5442.966,,,5423.9,2,,455,0,,,,,,,,,,,,,,,,,,,0.233,-37.845,-0.016,-17.499,-19.545,-41.029,-15.695,-63.74,18.75,-46.511,8.803,-66.435,35.837,-93.444,0.24,-119.732,-48.885,-98.933,0.369,-36.948,,"_Chun",-0.049,-17.462,,"檸檬の残骸",-19.873,-42.438,,"わかなで",-17.674,-67.189,,"MODECO",18.613,-46.307,,"まととまと",8.649,-66.319,85,"「론구」",35.84,-93.45,103,"Mr․D VRC",0.248,-119.722,,"ゆっち一",-49.524,-97.4,,5431.24,-0.284,-38.875,,,,,,,,,,,,,5428.264,1.044,-59.435,5423.911,43.359,-101.666,,,,,,,,,,,,,,,,,,,,,,5430.156,0.842,-57.125,5425.973,37.575,-93.48,,,,,,,"",1,-29.061,-29.061,1.003,0,1,0.92,45.784,30.015,-2.571,83.997,0.053,-48.645,0,"「론구」",,,,80,""
146,,6,0,5,3,0,0,1,1,0,0,10,255,255,9,5443.392,"TaeGeuk_",R,32,91,140,-1,0.554,0.368,1.112,-0.699,2.017,-36.852,20.168,6,37,57,2,"BA-",178.34,34.415,13.208,0,0,3,"=","=","=","=","=","=","=","=","=",1,R,"mungjungh",190,88.174,0.655,5,31,W,Y,1,5444.519,148,60,102,69,21,,145,105,-30,48.361,-0.189,1.228,-20.239,0.95,0,0.13,-279.459,142.517,22.54,5427.856,-1.659,-21.542,5429.389,2,-18.999,2.085,-40.856,0,8,,5450.844,,,,5449.91,,,,,,,,,5448.456,1,1,166,256,5450.689,3,,147,64,,,,,,,,5447.809,5,,,,,0.196,-37.962,-0.03,-17.396,-19.772,-43.517,-16.361,-63.35,18.597,-46.077,7.348,-64.824,37.418,-95.459,0.281,-120.398,-50.146,-95.897,0.054,-37.241,,"_Chun",-0.004,-17.398,,"檸檬の残骸",-19.969,-43.759,120,"わかなで",-18.111,-66.584,,"MODECO",18.475,-45.959,,"まととまと",9.706,-66.085,98,"「론구」",37.441,-95.444,,"Mr․D VRC",0.408,-119.95,,"ゆっち一",-50.135,-95.886,,,,,,,,5446.151,-18.955,-41.282,,,,,,,5447.807,-0.269,-58.979,,,,,,,,,,,,,,,,5446.874,-15.539,-43.466,,,,,,,5449.03,-3.516,-55.587,,,,,,,,,,"",2,49.651,49.651,14.958,0,2,0.313,-64.875,-52.859,-63.703,-67.384,0.061,88.339,0,"檸檬の残骸",5449.91,,,320,""
147,SIDE,6,0,5,3,0,0,2,0,0,0,255,255,255,,5453.392,,,,,,,,,,,,,,,,,,,,,,,,4,"=","=","=","=","=","=","=","=","=",,,,,,,,,,,,,,,,,,,,,,,,,,,,,,,,,,,,,,,0,0,,,,,,,,,,,,,,,,,,,,,,,,,,,,,,,,,,,,,,,,,,,,,,,,,,,,,,,,,,,,,,,,,,,,,,,,,,,,,,,,,,,,,,,,,,,,,,,,,,,,,,,,,,,,,,,,,,,,,,,,,,,,,,,,,,,,,,,,,,,,,,,,,"",0,,,,,,,,,,,,,0,"",,,,0,""
148,,7,1,5,3,0,0,0,0,0,0,255,255,255,0,5618.566,"가앤슬_",L,4,65,99,-0.791,-0.008,-0.893,1.594,-0.721,1.629,-36.394,23.308,0,100,0,2,"",230.661,0,-6.002,0,0,8,"わかなで","ゆっち一","_Chun","MODECO","「론구」","shuwaYNZ","まととまと","Mr․D VRC","檸檬の残骸",2,L,"檸檬の残骸",190,89.586,0.409,5,41,W,Y,1,5619.827,173,62,44,54,33,,130,93,30.705,-51.299,-0.119,0.983,-20.035,0.97,0,0.718,435.854,-252.366,209.48,5607.889,63.57,-64.601,,,,,,0,0,,,,,,,,,,,,,,,,,,,,,,,,,,,,,,,,,,,,,,-0.316,-37.541,0.191,-17.067,-16.047,-48.578,-9.858,-65.554,22.375,-51.867,8.796,-66.426,40.078,-92.916,-1.756,-106.564,-45.89,-92.883,-0.631,-37.484,,"mungjungh",0.146,-17.102,,"Kr_Luna",-15.984,-48.626,,"_Gosomi",-8.694,-65.722,,"Penguin_iDOL",22.389,-51.755,,"Yaksok~",7.523,-68.549,,"HANA_ARASHI",40.173,-92.241,,"k@ster",-1.659,-106.545,,"SUGUN",-45.704,-92.907,,,,,,,,,,,,,,,,,,,,,,,,,,,,,,,,,,,,,,,,,,,,,,,,,,,,,,,,"",3,-55.554,-54.027,-18.609,0.37,2,0.285,89.968,56.702,18.702,84.81,0.065,-120.896,0,"",,,,0,""
149,,7,1,5,3,0,1,0,0,0,0,255,255,255,1,5640.533,"가앤슬_",L,27,93,140,0.622,0.7,-0.418,1.679,0.382,1.954,-36.394,20.79,46,54,0,0,"",-74.142,-114.328,-2.73,0,0,8,"=","=","=","=","=","=","=","=","=",2,L,"檸檬の残骸",190,89.586,0.409,,41,W,Y,1,,,,,,,,,,,,,,,,,,,,,,,,,,,,,0,0,,,,,,,,,,,,,,,,,,,,,,,,,,,,,,,,,,,,,,0.036,-37.39,0.036,-17.182,-16.263,-46.093,-9.644,-66.262,21.751,-49.483,14.835,-64.053,39.553,-93.143,-0.258,-111.528,-43.036,-93.802,,,,"",,,,"",,,,"",,,,"",,,,"",,,,"",,,,"",,,,"",,,,,,,,,,,,,,,,,,,,,,,,,,,,,,,,,,,,,,,,,,,,,,,,,,,,,,,,,,"",0,,,,,,,,,,,,,0,"",,,,0,""
150,,7,1,5,3,0,2,0,0,0,0,255,255,255,2,5659.878,"가앤슬_",L,10,79,107,2.93,-1.569,-0.187,1.363,1.281,1.17,-36.394,6.094,61,39,0,1,"",0,400,-21.179,0.644,-18.201,8,"=","=","=","=","=","=","=","=","=",2,L,"檸檬の残骸",190,89.586,0.409,,41,W,Y,0,,,,,,,,,,,,,,,,,,,,,,,,,,,,,0,0,,,,,,,,,,,,,,,,,,,,,,,,,,,,,,,,,,,,,,0.127,-37.675,0.097,-17.16,-18.069,-45.738,-9.558,-65.973,21.957,-49.074,10.917,-65.68,40.906,-93.2,-0.256,-106.777,-44.02,-93.394,,,,"",,,,"",,,,"",,,,"",,,,"",,,,"",,,,"",,,,"",,,,,,,,,,,,,,,,,,,,,,,,,,,,,,,,,,,,,,,,,,,,,,,,,,,,,,,,,,"",0,,,,,,,,,,,,,0,"",,,,0,""
151,,7,1,5,3,1,2,0,0,0,0,255,255,255,3,5678.054,"가앤슬_",L,10,82,109,-1.448,-2.529,-0.561,1.55,-0.19,1.367,-36.394,10.685,70,30,0,2,"",0,400,-12.621,-0.309,-20.392,8,"=","=","=","=","=","=","=","=","=",2,L,"檸檬の残骸",190,89.586,0.409,3,41,W,Y,1,5679.288,255,92,86,73,37,,145,87,-30,42.727,-0.111,0.662,-21.219,1,0,0.983,-131.291,-134.907,87.264,5662.256,-1.061,-22.249,5663.973,2,-18.619,0.15,-41.325,0,0,,,,,,,,,,,,,,,5682.399,8,,147,0,,,,,,,,,,,5681.779,2,,,,,,,-0.056,-37.575,0.021,-17.275,-18.267,-45.902,-8.157,-65.675,21.947,-49.235,13.843,-64.334,38.575,-92.042,-0.274,-106.77,-43.677,-93.878,-0.335,-37.446,,"mungjungh",-0.048,-17.31,,"Kr_Luna",-17.861,-46.651,86,"_Gosomi",-11.798,-63.854,,"Penguin_iDOL",22.026,-49.03,,"Yaksok~",14.57,-65.933,,"HANA_ARASHI",38.459,-91.888,,"k@ster",-0.266,-106.769,,"SUGUN",-43.628,-93.839,,5684.621,-0.697,-38.347,,,,5680.998,-18.866,-41.933,,,,,,,,,,,,,,,,,,,,,,,,,5683.532,-18.063,-39.613,,,,,,,,,,,,,,,,,,,"",2,,,,,,,,,,,,,0,"Kr_Luna",,,,34,""
152,,7,1,5,3,0,0,1,0,0,0,255,255,255,4,5699.584,"가앤슬_",L,3,81,108,0.659,-0.067,-0.781,1.596,-0.435,1.576,-36.394,21.477,25,75,0,0,"",411.976,0,-8.192,0,0,0,"=","=","=","=","=","=","=","=","=",3,L,"わかなで",160,94.208,0.2,,31,W,Y,1,,,,,,,,,,,,,,,,,,,,,,,,,,,,,0,0,,,,,,,,,,,,,,,,,,,,,,,,,,,,,,,,,,,,,,-0.239,-37.701,0.088,-17.124,-12.812,-40.054,-8.881,-58.74,19.436,-45.989,8.806,-59.014,39.083,-85.302,-0.019,-101.354,-36.462,-82.889,,,,"",,,,"",,,,"",,,,"",,,,"",,,,"",,,,"",,,,"",,,,5704.908,-0.238,-37.287,,,,,,,,,,,,,,,,,,,,,,,,,,,,,,,,,,,,,,,,,,,,,,,,,,,,"",0,,,,,,,,,,,,,0,"",,,,0,""
153,,7,1,5,3,0,1,1,0,0,0,255,255,255,5,5718.59,"가앤슬_",L,27,82,133,-2.241,3.241,-0.674,1.984,-0.81,3.17,-36.394,47.542,83,17,0,1,"",-103.519,-126.313,-10.332,0,0,0,"=","=","=","=","=","=","=","=","=",3,L,"わかなで",160,94.208,0.2,,31,W,Y,0,,,,,,,,,,,,,,,,,,,,,,,,,,,,,0,0,,,,,,,,,,,,,,,,,,,,,,,,,,,,,,,,,,,,,,-0.015,-37.469,-0.003,-17.051,-14.708,-43.325,-7.892,-59.978,19.644,-46.002,9.764,-56.299,39.155,-82.483,-0.137,-98.115,-35.51,-83.726,,,,"",,,,"",,,,"",,,,"",,,,"",,,,"",,,,"",,,,"",,,,5723.039,-0.127,-37.126,,,,,,,,,,,,,,,,,,,,,,,,,,,,,,,,,,,,,,,,,,,,,,,,,,,,"",0,,,,,,,,,,,,,0,"",,,,0,""
154,,7,1,5,3,1,1,1,0,0,0,255,255,255,6,5734.319,"가앤슬_",L,32,80,131,-0.604,1.223,-0.506,1.704,-0.029,2.093,-36.394,20.765,82,18,0,2,"",-151.438,-136.724,-11.92,0,0,0,"=","=","=","=","=","=","=","=","=",3,L,"わかなで",160,94.208,0.2,3,31,W,Y,1,5735.468,240,74,93,65,51,,145,103,95.104,-73.9,-0.111,1.186,-20.363,0.13,0,0.236,406.377,98.66,-375.253,,,,,,,,,0,0,,,,,,,,,,,,,,,,,,,,,,,,,,,,,,,,,,,,,,-0.05,-37.668,-0.001,-17.065,-14.694,-44.089,-8.755,-60.817,20.413,-47.486,10.205,-57.933,39.245,-82.757,-0.126,-98.093,-35.325,-83.709,-0.214,-36.915,,"mungjungh",-0.05,-17.127,,"Kr_Luna",-14.813,-44.897,,"_Gosomi",-8.11,-60.867,,"Penguin_iDOL",20.327,-47.433,,"Yaksok~",11.673,-59.478,,"HANA_ARASHI",39.26,-82.714,,"k@ster",-0.136,-98.104,,"SUGUN",-35.384,-83.568,,,,,,,,,,,,,,,,,,,,,,,,,,,,,,,,,,,,,,,,,,,,,,,,,,,,,,,,"",3,,,,,,,,,,,,,0,"",,,,0,""
155,,7,1,5,3,1,2,1,0,0,0,255,255,255,7,5752.989,"가앤슬_",L,5,72,109,-0.099,0.04,-0.67,1.626,-0.135,1.628,-36.394,17.66,81,19,0,2,"",61.682,0,-7.79,0,0,0,"=","=","=","=","=","=","=","=","=",3,L,"わかなで",160,94.208,0.2,3,31,W,Y,1,5754.23,119,163,40,71,70,,120,110,90.635,86.775,-0.032,0.923,-20.815,0.51,0,0.389,167.445,-294.456,-458.776,5744.406,34.189,-13.954,,,,,,0,0,,,,,,,,,,,,,,,,,,,,,,,,,,,,,,,,,,,,,,-0.225,-37.448,0.052,-17.092,-15.829,-44.433,-9.183,-63.911,21.415,-49.434,10.627,-57.826,38.37,-83.611,-0.082,-98.699,-36.996,-82.979,-0.612,-37.706,,"mungjungh",0.07,-17.122,,"Kr_Luna",-15.433,-44.564,,"_Gosomi",-9.675,-62.918,,"Penguin_iDOL",21.383,-49.434,,"Yaksok~",10.757,-57.72,,"HANA_ARASHI",38.219,-83.158,,"k@ster",-0.078,-98.691,,"SUGUN",-36.917,-82.978,,,,,,,,,,,,,,,,,,,,,,,,,,,,,,,,,,,,,,,,,,,,,,,,,,,,,,,,"",3,,,,,,,,,,,,,0,"",,,,0,""
156,,7,1,5,3,1,2,1,0,0,0,255,255,255,8,5776.861,"가앤슬_",L,3,72,102,1.852,-0.31,-0.632,1.551,0.079,1.457,-36.394,2.617,18,82,0,4,"",374.411,0,-5.477,0,0,0,"=","=","=","=","=","=","=","=","=",3,L,"わかなで",160,94.208,0.2,,31,W,Y,1,,,,,,,,,,,,,,,,,,,,,,,,,,,,,0,0,,,,,,,,,,,,,,,5779.685,0,,578,0,,,,,,,,,,,,,,,,,,,-0.285,-37.485,0.008,-17.188,-15.749,-46.037,-8.991,-63.545,22.173,-49.074,11.649,-58.6,39.502,-85.345,-0.397,-99.442,-36.542,-83.439,,,,"",,,,"",,,,"",,,,"",,,,"",,,,"",,,,"",,,,"",,,,,,,,,,,,,,,,,,,,,,,,,,,,,,,,,,,,,,,,,,,,,,,,,,,,,,,,,,"",0,,,,,,,,,,,,,0,"",,,,0,""
157,,7,1,5,3,0,0,2,0,0,0,255,255,255,9,5797.606,"가앤슬_",L,3,72,100,3.951,-0.808,-0.531,1.443,0.899,1.15,-36.394,12.076,0,100,0,1,"",416.973,0,-15.08,0,0,1,"=","=","=","=","=","=","=","=","=",8,L,"ゆっち一",181.4,84,0.401,,31,W,Y,0,,,,,,,,,,,,,,,,,,,,,,,,,,,,,0,0,,,,,,,,,,,,,,,,,,,,,,,,,,,,,,,,,,,,,,-0.32,-37.537,0.022,-17.193,-15.481,-47.364,-7.483,-65.696,21.87,-49.927,11.523,-65.158,39.099,-86.391,-0.156,-105.058,-36.57,-83.483,,,,"",,,,"",,,,"",,,,"",,,,"",,,,"",,,,"",,,,"",,,,,,,,,,,,,,,,,,,,,,,,,,,,,,,,,,,,,,,,,,,,,,,,,,,,,,,,,,"",0,,,,,,,,,,,,,0,"",,,,0,""
158,,7,1,5,3,1,0,2,0,0,0,255,255,255,10,5815.426,"가앤슬_",L,26,96,140,1.479,-1.302,-0.325,1.303,0.812,0.653,-36.394,9.688,41,59,0,1,"",-118.242,-200,-17.405,0,0,1,"=","=","=","=","=","=","=","=","=",8,L,"ゆっち一",181.4,84,0.401,,31,W,Y,0,,,,,,,,,,,,,,,,,,,,,,,,,,,,,0,0,,,,,,,,,,,,,,,,,,,,,,,,,,,,,,,,,,,,,,-0.075,-37.577,0.02,-17.175,-15.028,-48.342,-7.807,-65.587,21.853,-50.012,14.739,-63.881,39.744,-84.517,-0.119,-105.069,-42.951,-91.436,,,,"",,,,"",,,,"",,,,"",,,,"",,,,"",,,,"",,,,"",,,,,,,,,,,,,,,,,,,,,,,,,,,,,,,,,,,,,,,,,,,,,,,,,,,,,,,,,,"",0,,,,,,,,,,,,,0,"",,,,0,""
159,,7,1,5,3,2,0,2,0,0,0,255,255,255,11,5832.957,"가앤슬_",L,10,77,105,-1.169,-0.329,-0.658,1.88,-0.49,1.98,-36.394,28.058,100,0,0,2,"",0,400,-5.081,0,0,1,"=","=","=","=","=","=","=","=","=",8,L,"ゆっち一",181.4,84,0.401,5,31,W,Y,1,5834.211,245,90,129,77,20,,145,119,2.479,-58.85,-0.205,0.801,-20.035,0.12,0,0.162,-46.071,-2.851,-30.715,5817.789,25.161,-35.361,,,,,,0,0,,,,,,,,,,,,,,,,,,,,,,,,,,,,,,,,,,,,,,-0.059,-37.657,0.016,-17.336,-17.264,-47.353,-8.472,-65.554,22.148,-49.775,10.165,-65.436,41.601,-87.286,-0.167,-104.83,-42.91,-91.624,-0.562,-37.396,,"mungjungh",-0.06,-17.388,,"Kr_Luna",-17.079,-47.349,,"_Gosomi",-11.959,-64.128,,"Penguin_iDOL",21.855,-49.921,,"Yaksok~",10.548,-68.152,,"HANA_ARASHI",41.548,-87.323,,"k@ster",-0.047,-104.953,,"SUGUN",-42.764,-91.652,,,,,,,,,,,,,,,,,,,,,,,,,,,,,,,,,,,,,,,,,,,,,,,,,,,,,,,,"",3,-60.441,-60.441,-19.78,0,0,1,2.479,2.479,-3.227,2.479,0,-69.558,0,"",,,,0,""
160,,7,1,5,3,2,1,2,0,0,0,255,255,255,12,5854.448,"가앤슬_",L,6,76,120,-1.452,-0.297,-0.538,1.506,-0.175,1.503,-36.394,27.666,46,54,0,0,"",-274.983,63.889,-13.781,0,0,1,"=","=","=","=","=","=","=","=","=",8,L,"ゆっち一",181.4,84,0.401,,31,W,Y,1,,,,,,,,,,,,,,,,,,,,,,,,,,,,,0,0,,,,,,,,,,,,,,,,,,,,,,,,,,,,,,,,,,,,,,0.143,-37.521,-0.009,-17.323,-17.175,-46.684,-8.546,-66.284,22.843,-49.637,14.191,-64.392,42.977,-91.95,0.016,-105.983,-41.929,-92.592,,,,"",,,,"",,,,"",,,,"",,,,"",,,,"",,,,"",,,,"",,,,,,,,,,,,,,,,,,,,,,,,,,,,,,,,,,,,,,,,,,,,,,,,,,,,,,,,,,"",0,,,,,,,,,,,,,0,"",,,,0,""
161,,7,1,5,3,2,2,2,0,0,0,255,255,255,13,5872.69,"가앤슬_",L,3,78,105,3.764,-1.1,-0.446,1.406,0.831,0.97,-36.394,7.05,28,72,0,1,"",427.506,0,-17.088,0,0,1,"=","=","=","=","=","=","=","=","=",8,L,"ゆっち一",181.4,84,0.401,,31,W,Y,0,,,,,,,,,,,,,,,,,,,,,,,,,,,,,0,0,,,,,,,,,,,,,,,,,,,,,,,,,,,,,,,,,,,,,,-0.236,-37.46,0.028,-17.341,-17.287,-46.768,-7.809,-66.434,22.928,-49.614,14.979,-64.005,40.974,-92.196,0.099,-105.994,-42.046,-92.589,,,,"",,,,"",,,,"",,,,"",,,,"",,,,"",,,,"",,,,"",,,,,,,,,,,,,,,,,,,,,,,,,,,,,,,,,,,,,,,,,,,,,,,,,,,,,,,,,,"",0,,,,,,,,,,,,,0,"",,,,0,""
162,,7,1,5,3,3,2,2,0,0,0,255,255,255,14,5889.154,"가앤슬_",L,10,80,108,0.276,-1.799,-0.457,1.436,0.133,1.087,-36.394,6.576,58,42,0,2,"",0,400,-20.86,0,0,1,"=","=","=","=","=","=","=","=","=",8,L,"ゆっち一",181.4,84,0.401,5,31,W,Y,1,5890.434,198,116,75,105,50,,145,97,27.133,-40.363,0.075,0.235,-19.688,1,0,0.3,368.633,-333.876,335.614,,,,5878.189,6,55.754,2.935,-76.974,0,0,,5896.176,,,,,,,,,,,,,5895.584,1,,455,0,,,,,,,,,,,,,,,,,,,-0.003,-37.549,0.003,-17.287,-17.612,-46.63,-8.024,-66.462,22.975,-49.531,11.354,-65.461,46.336,-94.118,0.073,-105.993,-41.921,-92.644,-0.156,-37.234,,"mungjungh",-0.011,-17.364,,"Kr_Luna",-17.549,-46.648,,"_Gosomi",-6.682,-66.792,,"Penguin_iDOL",22.943,-49.527,,"Yaksok~",9.488,-67.577,,"HANA_ARASHI",47.249,-93.633,110,"k@ster",0.171,-105.892,,"SUGUN",-41.967,-92.476,,,,,,,,,,,,,,,,,,,,5895.598,55.928,-77.595,,,,,,,,,,,,,,,,,,,,,,,,,5897.356,47.775,-71.557,,,,,,,"",1,-42.195,-42.195,-16.834,0,2,0.053,87.114,45.064,7.064,86.559,0.054,-93.196,0,"HANA_ARASHI",,,,16,""
163,SIDE,7,1,5,3,0,0,2,0,0,0,255,255,255,,5897.812,,,,,,,,,,,,,,,,,,,,,,,,2,"=","=","=","=","=","=","=","=","=",,,,,,,,,,,,,,,,,,,,,,,,,,,,,,,,,,,,,,,0,0,,,,,,,,,,,,,,,,,,,,,,,,,,,,,,,,,,,,,,,,,,,,,,,,,,,,,,,,,,,,,,,,,,,,,,,,,,,,,,,,,,,,,,,,,,,,,,,,,,,,,,,,,,,,,,,,,,,,,,,,,,,,,,,,,,,,,,,,,,,,,,,,,"",0,,,,,,,,,,,,,0,"",,,,0,""
164,,7,0,5,3,0,0,0,0,0,0,255,255,255,10,5949.17,"TaeGeuk_",R,32,92,140,-1.016,0.164,0.363,1.042,-0.721,1.79,-36.852,23.183,6,11,83,2,"",190.552,52.353,21.496,0,0,4,"Yaksok~","Kr_Luna","_Gosomi","mungjungh","HANA_ARASHI","가앤슬_","Penguin_iDOL","k@ster","SUGUN",6,R,"HANA_ARASHI",190,87,0.246,5,31,W,Y,1,5950.292,146,120,157,63,29,,145,128,100.833,58.123,-0.191,1.078,-20.242,0.72,0,0.704,445.1,282.755,-286.245,,,,,,,,,0,0,,,,,,,,,,,,,,,,,,,,,,,,,,,,,,,,,,,,,,0.216,-37.903,-0.029,-17.304,-22.313,-47.721,-15.874,-63.602,18.501,-46.231,7.775,-66.435,40.766,-96.337,0.287,-117.188,-49.07,-101.884,0.3,-36.876,,"_Chun",-0.051,-17.302,,"檸檬の残骸",-22.231,-47.624,,"わかなで",-17.884,-66.235,,"MODECO",18.433,-46.142,,"まととまと",8.803,-66.755,,"「론구」",40.757,-96.341,,"Mr․D VRC",0.305,-117.128,,"ゆっち一",-49.075,-101.888,,,,,,,,,,,,,,,,,,,,,,,,,,,,,,,,,,,,,,,,,,,,,,,,,,,,,,,,"",3,59.383,59.383,25.15,0,2,0.294,83.362,79.167,36.137,84.973,0.065,80.582,0,"",,,,0,""
165,,7,0,5,3,0,1,0,0,0,0,255,255,255,11,5969.078,"TaeGeuk_",R,3,84,123,0.787,-0.697,0.694,0.824,1.121,1.197,-36.852,47.013,10,7,83,0,"",-483.342,0,-1.931,0,0,4,"=","=","=","=","=","=","=","=","=",6,R,"HANA_ARASHI",190,87,0.246,,52,W,Y,0,,,,,,,,,,,,,,,,,,,,,,,,,,,,,0,0,,,,,,,,,,,,,,,,,,,,,,,,,,,,,,,,,,,,,,0.276,-37.917,0.022,-17.329,-21.402,-47.021,-15.039,-63.921,18.935,-47.016,13.764,-64.136,43.644,-98.535,0.492,-116.168,-50.567,-99.766,,,,"",,,,"",,,,"",,,,"",,,,"",,,,"",,,,"",,,,"",,,,,,,,,,,,,,,,,,,,,,,,,,,,,,,,,,,,,,,,,,,,,,,,,,,,,,,,,,"",0,,,,,,,,,,,,,0,"",,,,0,""
166,,7,0,5,3,0,2,0,0,0,0,255,255,255,12,5988.249,"TaeGeuk_",R,3,85,112,-3.519,-0.721,0.266,0.788,-0.782,1.197,-36.852,30.63,10,6,84,1,"",-399.694,0,29.347,0,0,4,"=","=","=","=","=","=","=","=","=",6,R,"HANA_ARASHI",190,87,0.246,,52,W,Y,0,,,,,,,,,,,,,,,,,,,,,,,,,,,,,0,0,,,,,,,,,,,,,,,,,,,,,,,,,,,,,,,,,,,,,,0.295,-37.978,-0.091,-17.363,-21.54,-47.127,-11.637,-65.694,18.922,-46.961,13.501,-64.139,43.63,-98.538,0.593,-116.083,-48.531,-99.228,,,,"",,,,"",,,,"",,,,"",,,,"",,,,"",,,,"",,,,"",,,,,,,,,,,,,,,,,,,,,,,,,,,,,,,,,,,,,,,,,,,,,,,,,,,,,,,,,,"",0,,,,,,,,,,,,,0,"",,,,0,""
167,,7,0,5,3,1,2,0,0,0,0,255,255,255,13,6006.951,"TaeGeuk_",R,3,89,113,-2.957,0.524,0.371,1.146,-0.456,1.969,-36.852,13.804,4,41,55,4,"",-456.416,0,17.07,0,0,4,"=","=","=","=","=","=","=","=","=",6,R,"HANA_ARASHI",190,87,0.246,,52,W,Y,1,,,,,,,,,,,,,,,,,,,,,,,,,,,,,0,0,,,,,,,,,,,,,,,6009.809,4,,578,0,,,,,,,,,,,,,,,,,,,0.254,-37.88,-0.088,-17.445,-21.586,-47.227,-12.709,-64.673,18.936,-46.991,13.584,-64.123,43.661,-98.527,0.608,-115.941,-49.763,-99.138,,,,"",,,,"",,,,"",,,,"",,,,"",,,,"",,,,"",,,,"",,,,,,,,,,,,,,,,,,,,,,,,,,,,,,,,,,,,,,,,,,,,,,,,,,,,,,,,,,"",0,,,,,,,,,,,,,0,"",,,,0,""
168,,7,0,5,3,0,0,1,0,0,0,255,255,255,14,6031.95,"TaeGeuk_",R,32,92,140,-2.228,0.606,0.244,1.121,-1.276,2.046,-36.852,13.028,5,43,53,1,"",207.48,30.68,19.444,0,0,5,"=","=","=","=","=","=","=","=","=",0,R,"가앤슬_",190,86.016,0.2,,31,W,Y,0,,,,,,,,,,,,,,,,,,,,,,,,,,,,,0,0,,,,,,,,,,,,,,,,,,,,,,,,,,,,,,,,,,,,,,0.165,-38.095,-0.053,-17.547,-21.404,-46.661,-13.723,-64.352,18.514,-46.716,13.509,-64.152,39.102,-96.842,0.747,-116.524,-47.061,-99.021,,,,"",,,,"",,,,"",,,,"",,,,"",,,,"",,,,"",,,,"",,,,,,,,,,,,,,,,,,,,,,,,,,,,,,,,,,,,,,,,,,,,,,,,,,,,,,,,,,"",0,,,,,,,,,,,,,0,"",,,,0,""
169,,7,0,5,3,1,0,1,0,0,0,255,255,255,15,6051.35,"TaeGeuk_",R,10,80,108,-0.881,-1.276,0.391,0.951,-0.395,1.398,-36.852,23.441,8,10,83,2,"",0,400,23.01,0,0,5,"=","=","=","=","=","=","=","=","=",0,R,"가앤슬_",190,86.016,0.2,0,31,W,Y,1,6052.572,196,89,117,108,70,,145,133,-30,-26.599,-0.057,0.505,-21.117,0.64,0,0.538,-377.523,-345.194,-228.07,6034.823,0.329,-21.887,6036.156,4,13.935,2.727,-48.952,0,0,,,,,,,,,,,,,,,6057.146,5,,147,8,,,,,,,,,,,,,,,,,,,0.209,-38.135,-0.006,-17.389,-21.592,-47.255,-14.393,-64.697,18.473,-46.746,13.553,-64.068,39.156,-96.819,0.753,-116.529,-47.484,-97.918,0.1,-37.225,,"_Chun",-0.02,-17.39,,"檸檬の残骸",-21.595,-47.253,85,"わかなで",-17.084,-67.992,,"MODECO",18.302,-46.511,101,"まととまと",13.44,-64.132,,"「론구」",39.115,-96.83,,"Mr․D VRC",0.784,-116.263,,"ゆっち一",-47.485,-97.901,,6060.136,-0.97,-37.735,,,,6056.53,-18.733,-39.755,,,,6054.035,14.511,-49.723,,,,,,,,,,,,,,,,,,,6059.113,-17.501,-39.987,,,,6055.132,9.777,-49.752,,,,,,,,,,,,,"",2,,,,,,,,,,,,,0,"MODECO",,,,264,""
170,,7,0,5,3,0,0,2,0,0,0,255,255,255,16,6078.314,"TaeGeuk_",R,3,87,126,-2.09,-0.065,0.487,0.981,-0.146,1.591,-36.852,38.688,7,5,88,4,"",-482.612,0,14.094,0,0,6,"=","=","=","=","=","=","=","=","=",4,R,"Penguin_iDOL",190,85,0.449,,31,W,Y,1,,,,,,,,,,,,,,,,,,,,,,,,,,,,,0,0,,,,,,,,,,,,,,,,,,,,,,,,,,,,,,,,,,,,,,0.169,-38.115,-0.072,-17.318,-21.808,-47.08,-14.918,-63.956,18.752,-46.403,13.777,-64.217,41.399,-96.729,0.847,-116.694,-49.392,-97.341,,,,"",,,,"",,,,"",,,,"",,,,"",,,,"",,,,"",,,,"",,,,6081.941,-0.154,-37.355,,,,,,,,,,,,,,,,,,,,,,,,,,,,,,,,,,,,,,,,,,,,,,,,,,,,"",0,,,,,,,,,,,,,0,"",,,,0,""
171,,7,0,5,3,0,1,2,0,0,0,255,255,255,17,6096.613,"TaeGeuk_",R,3,88,128,-1.285,0.364,0.531,1.059,0.059,1.845,-36.852,19.717,3,37,61,0,"",-408.635,-15.451,24.218,0,0,6,"=","=","=","=","=","=","=","=","=",4,R,"Penguin_iDOL",190,85,0.449,,31,W,Y,1,,,,,,,,,,,,,,,,,,,,,,,,,,,,,0,0,,,,,,,,,,,,,,,,,,,,,,,,,,,,,,,,,,,,,,0.258,-37.97,-0.214,-17.365,-22.233,-48.332,-11.331,-65.045,18.583,-46.489,13.451,-64.231,41.235,-97.021,0.864,-116.662,-49.347,-97.308,,,,"",,,,"",,,,"",,,,"",,,,"",,,,"",,,,"",,,,"",,,,6100.251,-0.226,-37.411,,,,,,,,,,,,,,,,,,,,,,,,,,,,,,,,,,,,,,,,,,,,,,,,,,,,"",0,,,,,,,,,,,,,0,"",,,,0,""
172,,7,0,5,3,0,2,2,0,0,0,255,255,255,18,6114.762,"TaeGeuk_",R,0,82,118,-0.716,-0.263,0.424,1.039,-0.292,1.468,-36.852,21.496,3,49,48,2,"",-18.448,0,29.809,0,0,6,"=","=","=","=","=","=","=","=","=",4,R,"Penguin_iDOL",190,85,0.449,0,31,W,Y,1,6115.889,156,159,112,87,66,,145,105,41.05,33.039,-0.129,0.925,-20.533,-0.37,0,0.366,305.284,115.034,-127.667,6103.54,-49.643,-91.975,6103.689,8,-48.656,1.747,-90.613,0,0,,6123.642,,,,,,,,,,,,,6121.623,6,,457,0,,,,,,,,,,,,,,,,,,,0.229,-38.059,-0.229,-17.348,-22.16,-48.294,-11.773,-63.674,18.609,-46.548,13.528,-64.173,41.082,-96.909,0.88,-116.6,-48.405,-97.857,0.301,-36.706,,"_Chun",-0.198,-17.331,,"檸檬の残骸",-22.628,-48.779,,"わかなで",-14.408,-67.701,,"MODECO",18.408,-46.373,,"まととまと",13.65,-63.986,,"「론구」",41.006,-96.747,,"Mr․D VRC",0.923,-116.41,,"ゆっち一",-48.38,-97.855,93,,,,,,,,,,,,,,,,,,,,,,,,,6121.629,-48.854,-90.962,,,,,,,,,,,,,,,,,,,,,,,,,6123.147,-44.219,-85.354,"",1,,,,,,,,,,,,,0,"ゆっち一",,,,2,""
173,SIDE,7,0,5,3,0,0,2,0,0,0,255,255,255,,6125.632,,,,,,,,,,,,,,,,,,,,,,,,7,"=","=","=","=","=","=","=","=","=",,,,,,,,,,,,,,,,,,,,,,,,,,,,,,,,,,,,,,,0,0,,,,,,,,,,,,,,,,,,,,,,,,,,,,,,,,,,,,,,,,,,,,,,,,,,,,,,,,,,,,,,,,,,,,,,,,,,,,,,,,,,,,,,,,,,,,,,,,,,,,,,,,,,,,,,,,,,,,,,,,,,,,,,,,,,,,,,,,,,,,,,,,,"",0,,,,,,,,,,,,,0,"",,,,0,""
174,,8,1,5,3,0,0,0,0,0,0,255,255,255,15,6167.273,"가앤슬_",L,3,81,107,1.987,-0.578,-0.526,1.47,0.094,1.349,-36.394,1.497,27,73,0,1,"",429.358,64.403,-12.482,0,0,2,"わかなで","ゆっち一","_Chun","MODECO","「론구」","shuwaYNZ","まととまと","Mr․D VRC","檸檬の残骸",1,L,"_Chun",190,80,0.455,,30,W,Y,0,,,,,,,,,,,,,,,,,,,,,,,,,,,,,0,0,,,,,,,,,,,,,,,,,,,,,,,,,,,,,,,,,,,,,,-0.2,-37.55,0.022,-17.15,-19.734,-47.672,-8.886,-66.028,21.263,-48.588,15.09,-63.805,41.52,-93.689,0.164,-106.374,-45.522,-92.482,,,,"",,,,"",,,,"",,,,"",,,,"",,,,"",,,,"",,,,"",,,,,,,,,,,,,,,,,,,,,,,,,,,,,,,,,,,,,,,,,,,,,,,,,,,,,,,,,,"",0,,,,,,,,,,,,,0,"",,,,0,""
175,,8,1,5,3,1,0,0,0,0,0,255,255,255,16,6185.665,"가앤슬_",L,0,71,109,-1.429,-0.251,-0.851,1.567,-0.647,1.464,-36.394,23.892,41,59,0,2,"",27.963,0,-6.164,0,0,2,"=","=","=","=","=","=","=","=","=",1,L,"_Chun",190,80,0.455,5,30,W,Y,1,6186.808,255,118,148,95,64,,145,131,-7.534,-3.005,-0.276,0.95,-20.731,0.57,0,0.548,-100.447,76.642,-8.852,6168.54,0.042,-26.895,6171.339,7,3.612,0.055,-96.384,1,0,,6192.622,,,,,,,,,,,,,,,,,,,,,,,,,,,,,,,,,,,,-0.216,-37.637,0.058,-17.175,-18.195,-49.083,-8.535,-66.673,21.112,-48.767,15.36,-63.935,39.542,-89.481,-0.033,-106.896,-40.309,-91.63,-0.767,-37.469,,"mungjungh",0.063,-17.222,,"Kr_Luna",-18.01,-49.229,64,"_Gosomi",-8.362,-66.589,,"Penguin_iDOL",21.231,-48.57,,"Yaksok~",16.533,-65.247,,"HANA_ARASHI",39.089,-88.744,,"k@ster",-0.135,-106.91,107,"SUGUN",-40.272,-91.575,,,,,,,,6193.094,-18.421,-41.381,,,,,,,,,,,,,6189.823,3.759,-96.93,,,,,,,,,,6195.993,-18.055,-40.062,,,,,,,,,,,,,6190.762,1.974,-91.443,,,,"",2,-5.231,-5.231,0.865,0,1,0.558,-13.221,-7.534,-24,-14.009,0.017,-15.13,0,"k@ster",,,,130,""
176,,8,1,5,3,0,0,0,1,0,0,1,255,255,17,6341.266,"mungjungh",R,32,80,131,1.02,0.166,0.816,1.51,0.074,1.526,-36.792,53.048,4,96,0,0,"",228.262,-200,9.091,0,0,3,"=","=","=","=","=","=","=","=","=",4,R,"MODECO",190,87.169,0.506,,30,W,Y,0,,,,,,,,,,,,,,,,,,,,,,,,,,,,,0,0,,,,,,,,,,,,6341.296,,,,,,,,,,,,,,,,,,,,,,,,,,0.158,-37.507,0.044,-18.124,-18.833,-44.111,-12.464,-60.558,20.917,-51.523,8.887,-63.347,38.699,-92.312,-0.416,-103.279,-44.605,-91.441,,,,"",,,,"",,,,"",,,,"",,,,"",,,,"",,,,"",,,,"",,,,,,,,,,,,,,,,,,,,,,,,,,,,,,,,,,,,,,,,,,,,,,,,,,,,,,,,,,"",0,,,,,,,,,,,,,0,"",,,,0,""
177,,8,1,5,3,0,1,0,1,0,0,1,255,255,18,6358.815,"mungjungh",R,13,79,116,-2.164,-0.205,0.833,1.627,-0.311,1.904,-36.792,45.124,0,100,0,1,"",-369.386,336.978,10.13,0,0,3,"=","=","=","=","=","=","=","=","=",4,R,"MODECO",190,87.169,0.506,,30,W,Y,0,,,,,,,,,,,,,,,,,,,,,,,,,,,,,0,4,,,,,,6378.536,,,,,,6372.86,,,6378.58,2,1,278,40,,,,,,,,,,,,,6378.043,5,,,,,0.203,-37.584,-0.003,-18.136,-19.151,-42.733,-12.835,-60.937,21.156,-51.453,9.264,-60.312,37.493,-93.09,-0.435,-103.289,-40.533,-86.967,,,,"",,,,"",,,,"",,,,"",,,,"",,,,"",,,,"",,,,"",,,,,,,,,,,,,,,,,,,,,,,,,,,,,,,,,,,,,,,,,,,,,,,,,,,,,,,,,,"",0,,,,,,,,,,,,,1,"",6378.536,,,0,""
178,,8,1,5,3,1,1,0,0,1,0,255,1,255,19,6536.781,"mungjungh",R,32,93,140,0.362,0.047,0.754,1.294,-0.213,1.475,-36.792,43.277,9,91,0,0,"",250,-200,18.498,0,0,3,"=","=","=","=","=","=","=","=","=",4,R,"MODECO",190,87.169,0.506,,30,W,Y,0,,,,,,,,,,,,,,,,,,,,,,,,,,,,,0,0,,,,,,,,,,,,,6552.811,,,,,,,,,,,,,,,,,,,,,,,,,0.167,-37.562,-0.062,-18.101,-17.532,-45.939,-15.436,-63.72,22.055,-48.457,5.583,-60.234,40.104,-91.379,-0.233,-102.7,-49.133,-93.919,,,,"",,,,"",,,,"",,,,"",,,,"",,,,"",,,,"",,,,"",,,,,,,,,,,,,,,,,,,,,,,,,,,,,,,,,,,,,,,,,,,,,,,,,,,,,,,,,,"",0,,,,,,,,,,,,,0,"",6539.681,,,0,""
179,,8,1,5,3,1,2,0,0,1,0,255,1,255,20,6555.656,"mungjungh",R,32,59,113,1.821,0.437,0.866,1.556,0.309,1.677,-36.792,56.121,0,100,0,2,"",250,-200,8.097,0,0,3,"=","=","=","=","=","=","=","=","=",4,R,"MODECO",190,87.169,0.506,0,30,W,Y,1,6556.856,106,42,58,35,22,,130,93,27.34,10.569,0.242,1.206,-19.629,-0.46,0,0.305,-58.545,-10.746,-597.04,6542.772,-11.704,-96.986,6543.04,7,-11.496,1.004,-95.835,0,0,,6562.799,,,,,,,,,,,6584.727,,6561.888,3,,456,0,,,,,,,,,,,,,6564.666,5,,,,,0.1,-37.531,-0.025,-18.056,-18.267,-45.339,-14.831,-63.654,21.805,-49.499,8.254,-57.744,38.719,-90.374,-0.622,-105.652,-48.857,-94.071,0.247,-37.646,,"가앤슬_",0.022,-18.072,,"Kr_Luna",-18.173,-45.302,,"_Gosomi",-14.276,-63.496,,"Penguin_iDOL",21.831,-49.523,,"Yaksok~",8.721,-57.904,97,"HANA_ARASHI",38.718,-90.362,,"k@ster",-0.621,-105.662,99,"SUGUN",-48.864,-93.847,,6568.774,-0.037,-38.111,,,,,,,,,,,,,6564.329,-0.023,-60.818,,,,6561.899,-11.564,-96.393,,,,,,,,,,,,,,,,,,,6567.81,0.108,-56.606,,,,6562.836,-9.918,-90.031,,,,"",1,,,,,,,,,,,,,0,"k@ster",6563.606,,,137,""
180,,8,1,5,3,0,0,1,0,1,0,255,1,255,21,6584.78,"mungjungh",R,32,92,140,1.699,0.199,0.879,1.517,0.366,1.542,-36.792,52.897,8,92,0,2,"",250,-200,9.266,0,0,4,"=","=","=","=","=","=","=","=","=",6,R,"「론구」",179.9,80,0.4,5,30,W,Y,1,6585.905,128,134,107,90,11,,139,83,114.487,-5.798,0.305,1.007,-19.862,-1,0,0.443,236.445,194.35,-509.624,,,,,,,,,0,0,,,,,,,,,,,,,6599.221,,,,,,,,,,,,,,,,,,,,,,,,,0.111,-37.692,0.045,-18.051,-18.69,-44.851,-12.974,-61.325,21.852,-48.764,5.277,-60.558,40.773,-89.168,-1.307,-101.099,-43.563,-92.838,0.638,-37.078,,"가앤슬_",0.12,-18.058,,"Kr_Luna",-18.545,-46.065,,"_Gosomi",-13.556,-60.968,,"Penguin_iDOL",21.897,-48.602,,"Yaksok~",4.976,-60.621,,"HANA_ARASHI",40.092,-88.144,,"k@ster",-1.286,-101.069,,"SUGUN",-43.369,-92.783,,,,,,,,,,,,,,,,,,,,,,,,,,,,,,,,,,,,,,,,,,,,,,,,,,,,,,,,"",3,-4.789,-4.789,16.703,0,0,1,65.513,65.513,-2.808,65.513,0,-15.049,0,"",6588.064,,,0,""
181,,8,1,5,3,0,1,1,0,1,0,255,1,255,22,6601.379,"mungjungh",R,32,92,140,1.127,0.101,0.835,1.499,0.161,1.484,-36.792,39.597,4,96,0,2,"",218.988,-200,14.536,0,0,4,"=","=","=","=","=","=","=","=","=",6,R,"「론구」",179.9,80,0.4,5,60,W,Y,1,6602.555,214,133,115,100,75,,145,98,107.309,-40.244,0.201,0.985,-20.097,-0.38,0,0.531,551.626,-80.383,-68.858,6590.373,-21.639,12.579,,,,,,0,0,,,,,,,,,,,,,6619.672,,,,,,,,,,,,,,,,,,,,,,,,,0.149,-37.48,0.026,-18.137,-18.3,-46.289,-14.171,-61.419,22.277,-49.406,5.371,-60.663,39.035,-90.085,0.098,-101.929,-43.057,-92.205,0.563,-37.186,,"가앤슬_",0.104,-18.121,,"Kr_Luna",-17.903,-46.545,,"_Gosomi",-13.729,-61.987,,"Penguin_iDOL",21.992,-49.538,,"Yaksok~",4.322,-60.857,,"HANA_ARASHI",39.236,-90.434,,"k@ster",0.066,-101.921,,"SUGUN",-42.815,-92.248,,,,,,,,,,,,,,,,,,,,,,,,,,,,,,,,,,,,,,,,,,,,,,,,,,,,,,,,"",3,-159.599,-38.899,3.641,1,1,0.878,80.068,72.691,-3.733,45.782,0.063,-167.996,0,"",6607.148,,,0,""
182,,8,1,5,3,0,2,1,0,1,0,255,1,255,23,6627.318,"mungjungh",R,13,80,105,-3.553,-0.859,0.638,1.535,-0.813,1.622,-36.792,35.292,3,97,0,4,"",-360.633,327.51,28.062,0,0,4,"=","=","=","=","=","=","=","=","=",6,R,"「론구」",179.9,80,0.4,,60,W,Y,1,,,,,,,,,,,,,,,,,,,,,,,,,,,,,0,16,,,,,,,,,,,,,6646.92,,6630.177,4,,578,0,,,,,,,,,,,,,,,,,6629.776,1,0.057,-37.736,-0.003,-18.15,-18.149,-46.4,-14.62,-63.803,21.28,-47.749,8.236,-59.688,39.337,-90.573,-0.468,-102.279,-44.13,-92.741,,,,"",,,,"",,,,"",,,,"",,,,"",,,,"",,,,"",,,,"",,,,,,,,,,,,,,,,,,,,,,,,,,,,,,,,,,,,,,,,,,,,,,,,,,,,,,,,,,"",0,,,,,,,,,,,,,0,"",6630.844,,,0,""
183,,8,1,5,3,0,0,2,0,1,0,255,1,255,24,6649.927,"mungjungh",R,26,88,140,1.358,0.665,0.877,1.613,0.36,1.861,-36.792,38.7,5,95,0,0,"",147.431,-191.458,10.037,0,0,5,"=","=","=","=","=","=","=","=","=",9,R,"shuwaYNZ",190.3,83,0.373,,30,W,Y,0,,,,,,,,,,,,,,,,,,,,,,,,,,,,,0,0,,,,,,,,,,,,,6664.752,,,,,,,,,,,,,,,,,,,,,,,,,0.201,-37.517,0.051,-18.207,-18.211,-45.893,-14.89,-62.781,21.566,-49.607,8.224,-66.688,40.424,-91.643,-0.98,-99.194,-43.642,-92.021,,,,"",,,,"",,,,"",,,,"",,,,"",,,,"",,,,"",,,,"",,,,,,,,,,,,,,,,,,,,,,,,,,,,,,,,,,,,,,,,,,,,,,,,,,,,,,,,,,"",0,,,,,,,,,,,,,0,"",6652.768,,,0,""
184,,8,1,5,3,0,1,2,0,1,0,255,1,255,25,6665.453,"mungjungh",R,26,84,136,1.612,0.919,0.892,1.658,0.427,2.006,-36.792,45.003,5,95,0,2,"",171.782,-200,10.104,0,0,5,"=","=","=","=","=","=","=","=","=",9,R,"shuwaYNZ",190.3,83,0.373,5,30,W,Y,1,6666.579,255,124,130,31,21,,145,89,-32.346,21.194,0.206,1.181,-19.82,-0.95,0,0.309,565.317,55.653,-191.323,6647.756,-0.425,-21.448,6650.04,2,-11.031,0.089,-47.286,0,0,,6672.41,,,,,,,6671.453,,,,,,6671.676,5,,147,0,,,,,,,,,,,6671.013,2,,,,,,,0.137,-37.58,0.071,-18.166,-18.695,-46.255,-14.519,-63.474,21.592,-49.584,7.76,-66.651,40.076,-91.446,-0.947,-99.218,-43.748,-91.965,0.683,-37.11,,"가앤슬_",0.098,-18.17,,"Kr_Luna",-18.572,-46.16,88,"_Gosomi",-14.451,-63.914,,"Penguin_iDOL",21.773,-49.42,,"Yaksok~",7.131,-68.43,,"HANA_ARASHI",39.664,-91.803,,"k@ster",-0.936,-99.186,,"SUGUN",-43.657,-91.805,,,,,,,,6668.868,-12.222,-47.672,,,,,,,,,,,,,,,,,,,,,,,,,6673.024,-17.931,-39.385,,,,,,,,,,,,,,,,,,,"",2,38.676,38.676,6.289,0,0,1,-32.346,-32.346,-60.374,-32.346,0,60.177,0,"Kr_Luna",,6671.453,,2,""
185,SIDE,8,1,5,3,0,0,2,0,0,1,255,255,1,,6673.688,,,,,,,,,,,,,,,,,,,,,,,,6,"=","=","=","=","=","=","=","=","=",,,,,,,,,,,,,,,,,,,,,,,,,,,,,,,,,,,,,,,0,0,,,,,,,,,,,,,,,,,,,,,,,,,,,,,,,,,,,,,,,,,,,,,,,,,,,,,,,,,,,,,,,,,,,,,,,,,,,,,,,,,,,,,,,,,,,,,,,,,,,,,,,,,,,,,,,,,,,,,,,,,,,,,,,,,,,,,,,,,,,,,,,,,"",0,,,,,,,,,,,,,0,"",,,,0,""
186,,8,0,5,3,0,0,0,0,0,0,255,255,255,19,6727.149,"TaeGeuk_",R,2,86,109,-2.338,0.887,0.41,1.02,-0.338,1.701,-36.852,17.248,5,5,90,4,"",-354.237,-349.576,16.015,0,0,7,"Yaksok~","Kr_Luna","_Gosomi","mungjungh","HANA_ARASHI","가앤슬_","Penguin_iDOL","k@ster","SUGUN",7,R,"k@ster",170,93.053,0.67,,30,W,Y,1,,,,,,,,,,,,,,,,,,,,,,,,,,,,,0,0,,,,,,,,,,,,,,,,,,,,,,,,,,,,,,,,,,,,,,0.221,-38.082,-0.045,-17.356,-21.794,-47.238,-15.278,-64.002,18.703,-46.116,8.294,-60.73,40.713,-95.073,0.188,-112.533,-44.845,-93.159,,,,"",,,,"",,,,"",,,,"",,,,"",,,,"",,,,"",,,,"",,,,,,,,,,,,,,,,,,,,,,,,,,,,,,,,,,,,,,,,,,,,,,,,,,,,,,,,,,"",0,,,,,,,,,,,,,0,"",,,,0,""
187,,8,0,5,3,0,1,0,0,0,0,255,255,255,20,6744.945,"TaeGeuk_",R,36,86,139,-2.312,2.538,0.272,1.421,-1.145,3.176,-36.852,20.176,38,13,48,1,"",94.894,119.406,30.884,0,0,7,"=","=","=","=","=","=","=","=","=",7,R,"k@ster",170,93.053,0.67,,30,W,Y,0,,,,,,,,,,,,,,,,,,,,,,,,,,,,,0,0,,,,,,,,,,,,,,,,,,,,,,,,,,,,,,,,,,,,,,0.274,-37.988,-0.068,-17.317,-22.608,-48.309,-15.07,-64.091,18.698,-46.286,9.429,-60.625,40.6,-95.36,0.211,-112.228,-45.034,-93.233,,,,"",,,,"",,,,"",,,,"",,,,"",,,,"",,,,"",,,,"",,,,,,,,,,,,,,,,,,,,,,,,,,,,,,,,,,,,,,,,,,,,,,,,,,,,,,,,,,"",0,,,,,,,,,,,,,0,"",,,,0,""
188,,8,0,5,3,1,1,0,0,0,0,255,255,255,21,6762.203,"TaeGeuk_",R,33,87,140,1.78,0.115,0.612,0.869,0.436,1.18,-36.852,36.821,3,10,87,2,"",133.677,65.394,6.99,0,0,7,"=","=","=","=","=","=","=","=","=",7,R,"k@ster",170,93.053,0.67,0,30,W,Y,1,6763.13,139,138,64,42,30,,136,115,-30,1.263,0.245,0.478,-20.034,0.1,0,0.203,-557.987,149.887,161.814,6743.889,0.224,-20.954,6746.089,5,2.648,1.385,-56.939,0,128,,6768.219,,,,,,,,,,,,,6767.833,7,,147,64,,,,,,,,,,,,,,,,,,,0.255,-37.96,-0.093,-17.322,-22.552,-48.231,-15.075,-64.344,18.627,-46.125,9.302,-60.751,40.665,-96.01,0.184,-112.374,-45.028,-93.129,0.62,-37.058,,"_Chun",-0.078,-17.312,,"檸檬の残骸",-22.535,-48.142,88,"わかなで",-16.816,-66.133,,"MODECO",18.45,-45.86,,"まととまと",9.33,-60.703,103,"「론구」",40.664,-96.01,,"Mr․D VRC",0.202,-112.205,,"ゆっち一",-45.141,-93.293,,6770.833,-1.383,-39.162,,,,6767.262,-18.754,-40.003,,,,,,,6765.282,2.834,-58.551,,,,,,,,,,,,,,,,6769.838,-17.716,-40.044,,,,,,,6766.102,-0.699,-55.765,,,,,,,,,,"",2,,,,,,,,,,,,,0,"まととまと",,,,320,""
189,,8,0,5,3,0,0,1,0,0,0,255,255,255,22,6790.566,"TaeGeuk_",R,5,85,119,0.078,-0.238,0.626,0.955,0.141,1.491,-36.852,31.7,10,7,83,0,"",-72.599,0,21.805,0,0,8,"=","=","=","=","=","=","=","=","=",8,R,"SUGUN",179.9,82.092,0.446,,30,W,Y,0,,,,,,,,,,,,,,,,,,,,,,,,,,,,,0,0,,,,,,,,,,,,,,,,,,,,,,,,,,,,,,,,,,,,,,0.343,-37.961,-0.092,-17.265,-21.744,-47.564,-14.744,-64.265,18.5,-45.775,9.436,-61.875,41.112,-99.063,0.434,-109.524,-46.031,-92.341,,,,"",,,,"",,,,"",,,,"",,,,"",,,,"",,,,"",,,,"",,,,6794.015,0.204,-36.825,,,,,,,,,,,,,,,,,,,,,,,,,,,,,,,,,,,,,,,,,,,,,,,,,,,,"",0,,,,,,,,,,,,,0,"",,,,0,""
190,,8,0,5,3,0,1,1,0,0,0,255,255,255,23,6807.42,"TaeGeuk_",R,0,79,116,-0.675,-0.45,0.42,0.876,-0.307,1.371,-36.852,26.42,8,8,84,2,"",0,0,22.353,0,0,8,"=","=","=","=","=","=","=","=","=",8,R,"SUGUN",179.9,82.092,0.446,5,30,W,Y,1,6808.454,246,83,152,60,28,,145,130,-1.589,-8.394,-0.118,0.822,-20.651,0.44,0,0.397,317.166,-91.557,98.169,6789.623,2.243,-36.385,6790.772,5,5.123,0.058,-58.463,0,0,,,,,,,,,,,,,,,6812.583,8,,147,64,,,,,,,,,,,,,,,,,,,0.281,-38.14,-0.095,-17.338,-21.654,-47.152,-14.939,-64.217,18.843,-46.369,9.674,-61.019,41.112,-99.066,0.399,-109.959,-45.909,-92.153,0.334,-36.947,,"_Chun",-0.102,-17.322,,"檸檬の残骸",-21.793,-47.534,78,"わかなで",-16.599,-67.347,,"MODECO",18.65,-46.117,,"まととまと",9.033,-64.518,111,"「론구」",41.111,-99.061,,"Mr․D VRC",0.443,-109.752,,"ゆっち一",-45.904,-92.157,,6815.075,-0.908,-38.515,,,,6811.99,-18.827,-39.529,,,,,,,6810.023,5.45,-61.16,,,,,,,,,,,,,,,,6813.969,-17.873,-39.691,,,,,,,6810.674,2.665,-58.174,,,,,,,,,,"",2,-6.495,-6.495,0.216,0,0,1,-1.589,-1.589,-3.686,-1.589,0,-7.709,0,"まととまと",,,,320,""
191,,8,0,5,3,0,0,2,0,0,0,255,255,255,24,6833.921,"TaeGeuk_",R,3,89,126,-2.808,-0.127,0.415,0.972,-0.48,1.554,-36.852,22.17,2,8,90,1,"",-466.094,0,14.965,0,0,0,"=","=","=","=","=","=","=","=","=",5,R,"Yaksok~",172.9,83.735,0.232,,30,W,Y,0,,,,,,,,,,,,,,,,,,,,,,,,,,,,,0,0,,,,,,,,,,,,,,,,,,,,,,,,,,,,,,,,,,,,,,0.228,-38.017,0.06,-17.363,-21.634,-46.873,-14.609,-64.456,18.752,-46.541,6.783,-65.699,36.01,-93.586,0.308,-112.701,-46.148,-92.881,,,,"",,,,"",,,,"",,,,"",,,,"",,,,"",,,,"",,,,"",,,,6837.23,0.263,-36.944,,,,,,,,,,,,,,,,,,,,,,,,,,,,,,,,,,,,,,,,,,,,,,,,,,,,"",0,,,,,,,,,,,,,0,"",,,,0,""
192,,8,0,5,3,1,0,2,0,0,0,255,255,255,25,6849.071,"TaeGeuk_",R,33,87,140,-1.278,-0.231,0.353,0.977,-0.769,1.573,-36.852,14.509,2,8,89,0,"",149.174,72.518,28.91,0,0,0,"=","=","=","=","=","=","=","=","=",5,R,"Yaksok~",172.9,83.735,0.232,,52,W,Y,1,,,,,,,,,,,,,,,,,,,,,,,,,,,,,0,0,,,,,,,,,,,,,,,,,,,,,,,,,,,,,,,,,,,,,,0.142,-38.069,-0.026,-17.278,-21.875,-47.515,-14.653,-64.415,18.794,-46.494,7.456,-65.27,36.026,-93.591,0.285,-111.426,-46.38,-92.578,,,,"",,,,"",,,,"",,,,"",,,,"",,,,"",,,,"",,,,"",,,,6852.448,-0.247,-37.78,,,,,,,,,,,,,,,,,,,,,,,,,,,,,,,,,,,,,,,,,,,,,,,,,,,,"",0,,,,,,,,,,,,,0,"",,,,0,""
193,,8,0,5,3,1,1,2,0,0,0,255,255,255,26,6864.737,"TaeGeuk_",R,34,93,140,-1.118,1.482,0.388,1.392,-0.608,2.53,-36.852,22.945,33,14,53,1,"",82.582,62.108,36.103,0,0,0,"=","=","=","=","=","=","=","=","=",5,R,"Yaksok~",172.9,83.735,0.232,,30,W,Y,0,,,,,,,,,,,,,,,,,,,,,,,,,,,,,0,0,,,,,,,,,,,,,,,,,,,,,,,,,,,,,,,,,,,,,,0.193,-37.992,-0.03,-17.36,-21.839,-47.527,-15.177,-64.232,18.944,-46.857,7.488,-65.263,36.036,-93.576,0.328,-111.621,-46.172,-93.435,,,,"",,,,"",,,,"",,,,"",,,,"",,,,"",,,,"",,,,"",,,,6868.178,0.196,-37.805,,,,,,,,,,,,,,,,,,,,,,,,,,,,,,,,,,,,,,,,,,,,,,,,,,,,"",0,,,,,,,,,,,,,0,"",,,,0,""
194,,8,0,5,3,2,1,2,0,0,0,255,255,255,27,6881.713,"TaeGeuk_",R,32,90,140,1.244,0.148,0.574,1.019,0.257,1.721,-36.852,24.543,3,9,87,2,"",194.529,6.269,23.404,0,0,0,"=","=","=","=","=","=","=","=","=",5,R,"Yaksok~",172.9,83.735,0.232,5,30,W,Y,1,6882.611,165,156,99,43,7,,145,92,36.061,35.75,0.227,0.957,-19.798,-0.55,0,0.109,529.38,173.372,-192.761,6868.639,-45.783,-77.637,6868.689,8,-44.272,2.556,-75.827,0,0,,6888.289,,,,,,,,,,,,,6888.053,0,,457,0,,,,,,,,,,,,,,,,,,,0.236,-38.116,-0.123,-17.453,-21.927,-47.456,-15.047,-64.211,18.905,-46.677,7.415,-65.183,36.028,-93.569,0.376,-112.121,-46.14,-93.379,0.255,-36.888,,"_Chun",-0.093,-17.402,,"檸檬の残骸",-21.936,-47.458,,"わかなで",-16.24,-65.995,,"MODECO",18.764,-46.456,,"まととまと",7.343,-65.137,,"「론구」",36.024,-93.562,,"Mr․D VRC",0.405,-111.874,,"ゆっち一",-46.107,-93.397,100,,,,,,,,,,,,,,,,,,,,,,,,,6888.059,-44.667,-76.18,,,,,,,,,,,,,,,,,,,,,,,,,6889.814,-40.025,-72.302,"",1,36.172,36.172,11.181,0,2,0.229,82.468,36.061,-1.939,85.685,0.072,64.941,0,"ゆっち一",,,,2,""
195,SIDE,8,0,5,3,0,0,2,0,0,0,255,255,255,,6890.124,,,,,,,,,,,,,,,,,,,,,,,,1,"=","=","=","=","=","=","=","=","=",,,,,,,,,,,,,,,,,,,,,,,,,,,,,,,,,,,,,,,0,0,,,,,,,,,,,,,,,,,,,,,,,,,,,,,,,,,,,,,,,,,,,,,,,,,,,,,,,,,,,,,,,,,,,,,,,,,,,,,,,,,,,,,,,,,,,,,,,,,,,,,,,,,,,,,,,,,,,,,,,,,,,,,,,,,,,,,,,,,,,,,,,,,"",0,,,,,,,,,,,,,0,"",,,,0,""
196,,9,1,5,3,0,0,0,0,0,0,255,255,255,26,6932.841,"mungjungh",R,32,87,140,1.374,0.106,0.848,1.501,0.224,1.488,-36.792,55.288,9,91,0,0,"",250,-200,19.621,0,0,6,"わかなで","ゆっち一","_Chun","MODECO","「론구」","shuwaYNZ","まととまと","Mr․D VRC","檸檬の残骸",5,R,"まととまと",180,89.79,0.446,,30,W,Y,0,,,,,,,,,,,,,,,,,,,,,,,,,,,,,0,0,,,,,,,,,,,,,,,,,,,,,,,,,,,,,,,,,,,,,,0.135,-37.494,0.047,-17.928,-18.644,-46.953,-15.071,-63.145,22.549,-49.873,9.452,-66.007,40.217,-89.259,0.328,-98.648,-45.539,-93.309,,,,"",,,,"",,,,"",,,,"",,,,"",,,,"",,,,"",,,,"",,,,,,,,,,,,,,,,,,,,,,,,,,,,,,,,,,,,,,,,,,,,,,,,,,,,,,,,,,"",0,,,,,,,,,,,,,0,"",,,,0,""
197,,9,1,5,3,0,1,0,0,0,0,255,255,255,27,6946.228,"mungjungh",R,32,93,140,-1.482,-0.552,0.582,1.387,-1.013,1.098,-36.792,24.772,0,100,0,4,"",250,-200,17.57,0,0,6,"=","=","=","=","=","=","=","=","=",5,R,"まととまと",180,89.79,0.446,,30,W,Y,1,,,,,,,,,,,,,,,,,,,,,,,,,,,,,0,0,,,,,,,,,,,,,,,,,,,,,,,,,,,,,,,,,,,,,,0.165,-37.593,0.04,-17.964,-18.721,-47.139,-14.842,-62.421,21.842,-49.787,9.818,-66.314,40.031,-88.791,-0.19,-98.612,-44.859,-92.157,,,,"",,,,"",,,,"",,,,"",,,,"",,,,"",,,,"",,,,"",,,,,,,,,,,,,,,,,,,,,,,,,,,,,,,,,,,,,,,,,,,,,,,,,,,,,,,,,,"",0,,,,,,,,,,,,,0,"",,,,0,""
198,,9,1,5,3,0,2,0,0,0,0,255,255,255,28,6961.674,"mungjungh",R,32,88,140,-0.015,0.402,0.719,1.552,-0.378,1.664,-36.792,34.388,9,91,0,0,"",250,-200,11.422,0,0,6,"=","=","=","=","=","=","=","=","=",5,R,"まととまと",180,89.79,0.446,,30,W,Y,1,,,,,,,,,,,,,,,,,,,,,,,,,,,,,0,0,,,,,,,,,,,,,,,6964.27,6,,578,0,,,,,,,,,,,,,,,,,,,0.157,-37.756,0.041,-17.962,-18.499,-47.163,-14.838,-62.352,21.497,-50.539,10.351,-66.162,39.298,-88.366,-0.183,-98.562,-45.058,-92.024,,,,"",,,,"",,,,"",,,,"",,,,"",,,,"",,,,"",,,,"",,,,,,,,,,,,,,,,,,,,,,,,,,,,,,,,,,,,,,,,,,,,,,,,,,,,,,,,,,"",0,,,,,,,,,,,,,0,"",,,,0,""
199,,9,1,5,3,0,0,1,0,0,0,255,255,255,29,6979.619,"mungjungh",R,26,78,128,2.584,0.491,0.973,1.558,0.803,1.683,-36.792,60.096,3,97,0,1,"",188.644,-200,8.382,0,0,7,"=","=","=","=","=","=","=","=","=",7,R,"Mr․D VRC",177,92.452,0.602,,30,W,Y,0,,,,,,,,,,,,,,,,,,,,,,,,,,,,,0,0,,,,,,,,,,,,,,,,,,,,,,,,,,,,,,,,,,,,,,0.188,-37.715,0.014,-17.935,-18.99,-46.552,-14.564,-61.981,21.596,-50.455,9.142,-66.332,38.763,-88.676,-0.09,-98.587,-44.543,-92.319,,,,"",,,,"",,,,"",,,,"",,,,"",,,,"",,,,"",,,,"",,,,,,,,,,,,,,,,,,,,,,,,,,,,,,,,,,,,,,,,,,,,,,,,,,,,,,,,,,"",0,,,,,,,,,,,,,0,"",,,,0,""
200,,9,1,5,3,1,0,1,0,0,0,255,255,255,30,6997.436,"mungjungh",R,13,81,118,0.025,-0.632,0.942,1.547,0.66,1.646,-36.792,55.523,0,94,6,2,"",-390.434,312.348,20.909,0,0,7,"=","=","=","=","=","=","=","=","=",7,R,"Mr․D VRC",177,92.452,0.602,0,30,W,Y,1,6998.656,131,111,122,91,44,,140,130,-30,-17.348,0.02,0.762,-20.603,0.29,0,0.36,-412.552,-104.141,-71.142,6979.089,0.398,-21.811,6981.073,5,13.355,2.562,-63.167,0,0,,7004.603,,,,,,,,,,,,,7003.399,7,,147,1,,,,,,,,,,,,,,,,,,,0.227,-37.669,-0.013,-17.983,-19.738,-45.974,-14.282,-62.034,21.941,-50.984,9.614,-65.884,36.886,-89.399,-0.173,-98.555,-44.925,-92.229,0.634,-37.106,,"가앤슬_",-0.304,-17.924,,"Kr_Luna",-19.361,-46.319,68,"_Gosomi",-15.093,-61.794,,"Penguin_iDOL",21.871,-51.026,,"Yaksok~",10.063,-67.491,105,"HANA_ARASHI",36.419,-88.646,,"k@ster",-0.221,-98.553,,"SUGUN",-44.651,-92.294,,7006.009,-0.925,-37.513,,,,7002.815,-17.715,-40.975,,,,,,,7000.639,13.755,-64.035,,,,,,,,,,,,,,,,7004.765,-17.922,-40.046,,,,,,,7001.229,12.187,-61.71,,,,,,,,,,"",2,,,,,,,,,,,,,0,"Yaksok~",,,,11,""
201,,9,1,5,3,0,0,2,0,0,0,255,255,255,31,7022.457,"mungjungh",R,32,91,140,2.213,0.226,0.925,1.526,0.581,1.58,-36.792,56.088,3,97,0,1,"",250,-200,11.409,0,0,8,"=","=","=","=","=","=","=","=","=",2,L,"檸檬の残骸",190,80,0.409,,40,W,Y,0,,,,,,,,,,,,,,,,,,,,,,,,,,,,,0,0,,,,,,,,,,,,,,,,,,,,,,,,,,,,,,,,,,,,,,0.159,-37.662,0.023,-18.188,-17.837,-47.758,-7.331,-66.368,22.774,-51.787,14.741,-63.783,39.906,-89.317,0.055,-99.664,-43.461,-92.013,,,,"",,,,"",,,,"",,,,"",,,,"",,,,"",,,,"",,,,"",,,,7027.598,-0.26,-37.459,,,,,,,,,,,,,,,,,,,,,,,,,,,,,,,,,,,,,,,,,,,,,,,,,,,,"",0,,,,,,,,,,,,,0,"",,,,0,""
202,,9,1,5,3,1,0,2,0,0,0,255,255,255,32,7040.966,"mungjungh",R,32,89,140,-0.918,-0.138,0.737,1.456,-0.759,1.351,-36.792,45.678,9,88,3,0,"",240.86,-200,6.765,0,0,8,"=","=","=","=","=","=","=","=","=",2,L,"檸檬の残骸",190,80,0.409,,40,W,Y,1,,,,,,,,,,,,,,,,,,,,,,,,,,,,,0,0,,,,,,,,,,,,,,,,,,,,,,,,,,,,,,,,,,,,,,0.1,-37.599,0.014,-18.193,-17.586,-46.674,-8.216,-66.157,22.572,-51.918,14.581,-64.252,37.738,-86.764,0.088,-99.671,-43.329,-91.921,,,,"",,,,"",,,,"",,,,"",,,,"",,,,"",,,,"",,,,"",,,,7047.763,-0.397,-37.13,,,,,,,,,,,,,,,,,,,,,,,,,,,,,,,,,,,,,,,,,,,,,,,,,,,,"",0,,,,,,,,,,,,,0,"",,,,0,""
203,,9,1,5,3,1,1,2,0,0,0,255,255,255,33,7062.149,"mungjungh",R,13,70,111,1.754,0.094,0.831,1.508,1.211,2.213,-36.792,61.068,0,100,0,1,"",-251.461,400,10.542,0,0,8,"=","=","=","=","=","=","=","=","=",2,L,"檸檬の残骸",190,80,0.409,,30,W,Y,0,,,,,,,,,,,,,,,,,,,,,,,,,,,,,0,0,,,,,,,,,,,,,,,,,,,,,,,,,,,,,,,,,,,,,,0.028,-37.741,0.025,-18.146,-17.899,-46.463,-9.496,-65.373,22.541,-51.996,8.616,-67.124,38.957,-88.107,0.081,-99.658,-43.69,-91.705,,,,"",,,,"",,,,"",,,,"",,,,"",,,,"",,,,"",,,,"",,,,7067.31,-0.188,-37.445,,,,,,,,,,,,,,,,,,,,,,,,,,,,,,,,,,,,,,,,,,,,,,,,,,,,"",0,,,,,,,,,,,,,0,"",,,,0,""
204,,9,1,5,3,2,1,2,0,0,0,255,255,255,34,7081.312,"mungjungh",R,13,90,126,-0.972,-0.186,0.838,1.607,0.175,1.841,-36.792,56.913,7,93,0,2,"",-390.434,312.348,3.982,0,0,8,"=","=","=","=","=","=","=","=","=",2,L,"檸檬の残骸",190,80,0.409,5,30,W,Y,1,7082.46,122,38,74,38,25,,137,100,-30,-68.896,-0.295,0.828,-19.227,0.95,0,0.463,-23.036,-37.146,195.177,7062.889,0.94,-19.703,,,,,,0,0,,,,,,,,,,,,,,,,,,,,,,,,,,,,,,,,,,,,,,0.086,-37.64,0.06,-18.165,-17.268,-45.301,-10.008,-65.256,22.861,-51.823,7.678,-67.138,35.699,-85.82,0.104,-99.647,-43.63,-91.977,0.614,-37.061,,"가앤슬_",0.01,-18.22,,"Kr_Luna",-17.328,-45.295,,"_Gosomi",-9.876,-65.241,,"Penguin_iDOL",22.616,-51.861,,"Yaksok~",7.869,-69.058,,"HANA_ARASHI",35.693,-85.842,,"k@ster",0.032,-99.584,,"SUGUN",-43.583,-91.884,,,,,,,,,,,,,,,,,,,,,,,,,,,,,,,,,,,,,,,,,,,,,,,,,,,,,,,,"",3,-74.286,-57.938,-23.116,0.642,2,0.235,-79.324,-73.326,-36.676,-79.296,0.022,179.065,0,"",,,,0,""
205,,9,1,5,3,2,2,2,0,0,0,255,255,255,35,7103.433,"mungjungh",R,35,69,121,0.264,-0.495,0.771,1.501,-0.133,1.498,-36.792,60.487,0,100,0,2,"",134.496,170.222,-8.952,0,0,8,"=","=","=","=","=","=","=","=","=",2,L,"檸檬の残骸",190,80,0.409,5,40,W,Y,1,7104.58,211,120,67,63,41,,140,131,92.702,-38.54,0.167,0.826,-20.348,0.66,0,0.808,119.819,-396.105,-1.651,7093.823,-5.897,-11.243,7094.189,1,-5.816,3.523,-11.31,0,0,,,,,,,,,,,,,,,7113.588,8,,450,0,,,,,,,,,,,,,,,,,,,-0.006,-37.673,0.016,-18.159,-17.26,-46.051,-10.665,-65.179,22.037,-50.365,16.241,-62.826,39.571,-89.185,0.266,-100.917,-42.979,-91.099,0.491,-37.008,,"가앤슬_",0.029,-18.166,,"Kr_Luna",-17.167,-46.11,,"_Gosomi",-7.294,-66.26,,"Penguin_iDOL",22.051,-50.315,,"Yaksok~",17.046,-64.215,,"HANA_ARASHI",40.25,-88.856,,"k@ster",0.23,-100.846,,"SUGUN",-42.746,-91.218,,,,,7113.599,-5.736,-11.317,,,,,,,,,,,,,,,,,,,,,,,,,,,,,,,,,,,,,,,,,,,,,,,,,"",1,-36.585,-36.585,-5.281,0,0,1,87.298,87.298,20.166,87.298,0,-43.995,0,"가앤슬_",,,,32,""
206,SIDE,9,1,5,3,0,0,2,0,0,0,255,255,255,,7116.212,,,,,,,,,,,,,,,,,,,,,,,,0,"=","=","=","=","=","=","=","=","=",,,,,,,,,,,,,,,,,,,,,,,,,,,,,,,,,,,,,,,0,0,,,,,,,,,,,,,,,,,,,,,,,,,,,,,,,,,,,,,,,,,,,,,,,,,,,,,,,,,,,,,,,,,,,,,,,,,,,,,,,,,,,,,,,,,,,,,,,,,,,,,,,,,,,,,,,,,,,,,,,,,,,,,,,,,,,,,,,,,,,,,,,,,"",0,,,,,,,,,,,,,0,"",,,,0,""
207,,9,0,5,3,0,0,0,0,0,0,255,255,255,28,7167.86,"TaeGeuk_",R,32,91,140,0.065,-0.133,0.503,0.99,-0.226,1.622,-36.852,32.932,5,11,84,2,"",170.336,70.681,13.69,0,0,1,"Yaksok~","Kr_Luna","_Gosomi","mungjungh","HANA_ARASHI","가앤슬_","Penguin_iDOL","k@ster","SUGUN",2,L,"Kr_Luna",190,95.163,0.504,5,30,W,Y,1,7168.715,187,113,183,70,37,,145,89,22.113,-7.62,0.003,0.955,-19.954,1,0,0.14,482.079,-232.363,37.412,,,,7153.923,7,13.27,2.623,-93.46,0,0,,,,,,,,,,,,,,,7173.688,1,,456,0,,,,,,,,,,,,,,,,,,,0.181,-37.857,-0.108,-17.249,-21.527,-47.122,-9.67,-66.627,21.72,-45.79,15.757,-63.072,53.041,-107.64,13.525,-112.253,-32.286,-105.592,0.522,-37.464,,"_Chun",-0.115,-17.246,,"檸檬の残骸",-21.824,-48.526,,"わかなで",-10.49,-69.442,64,"MODECO",21.807,-45.436,,"まととまと",15.748,-63.077,,"「론구」",53.042,-107.638,,"Mr․D VRC",13.61,-112.008,99,"ゆっち一",-32.018,-106.251,,7179.478,-0.553,-39.609,,,,,,,7176.391,0.43,-59.738,,,,,,,,,,7173.704,13.5,-94.481,,,,,,,,,,,,,7178.168,0.384,-57.062,,,,,,,,,,7174.829,12.553,-89.933,,,,"",1,-6.591,-6.59,-6.487,0,2,0.086,31.542,22.113,27.364,31.747,0.028,96.939,0,"Mr․D VRC",,,,129,""
208,,9,0,5,3,0,0,1,0,0,0,255,255,255,29,7198.751,"TaeGeuk_",R,3,88,126,-2.324,0.024,0.501,0.996,-0.236,1.64,-36.852,34.444,6,6,88,4,"",-494.655,0,7.833,0,0,2,"=","=","=","=","=","=","=","=","=",3,R,"_Gosomi",175,86.314,0.433,,30,W,Y,1,,,,,,,,,,,,,,,,,,,,,,,,,,,,,0,0,,,,,,,,,,,,,,,,,,,,,,,,,,,,,,,,,,,,,,0.213,-38.032,-0.007,-17.17,-21.449,-48.379,-14.638,-64.357,18.742,-45.843,12.21,-64.14,37.495,-94.976,0.919,-113.99,-45.765,-94.835,,,,"",,,,"",,,,"",,,,"",,,,"",,,,"",,,,"",,,,"",,,,7202.4,-0.097,-37.526,,,,,,,,,,,,,,,,,,,,,,,,,,,,,,,,,,,,,,,,,,,,,,,,,,,,"",0,,,,,,,,,,,,,0,"",,,,0,""
209,,9,0,5,3,0,1,1,0,0,0,255,255,255,30,7213.682,"TaeGeuk_",R,3,89,126,-1.329,-0.39,0.591,0.928,0.183,1.402,-36.852,28.256,6,12,82,0,"",-487.935,0,10.967,0,0,2,"=","=","=","=","=","=","=","=","=",3,R,"_Gosomi",175,86.314,0.433,,30,W,Y,1,,,,,,,,,,,,,,,,,,,,,,,,,,,,,0,0,,,,,,,,,,,,,,,,,,,,,,,,,,,,,,,,,,,,,,0.353,-37.708,-0.038,-17.265,-21.468,-48.406,-14.757,-64.351,18.795,-46.128,12.142,-64.714,37.476,-94.974,0.943,-113.991,-45.778,-94.816,,,,"",,,,"",,,,"",,,,"",,,,"",,,,"",,,,"",,,,"",,,,7217.565,-0.095,-37.615,,,,,,,,,,,,,,,,,,,,,,,,,,,,,,,,,,,,,,,,,,,,,,,,,,,,"",0,,,,,,,,,,,,,0,"",,,,0,""
210,,9,0,5,3,0,2,1,0,0,0,255,255,255,31,7229.838,"TaeGeuk_",R,33,88,140,-0.355,1.549,0.479,1.262,-0.337,2.574,-36.852,10.083,3,48,49,1,"",125.799,50.321,33.016,0,0,2,"=","=","=","=","=","=","=","=","=",3,R,"_Gosomi",175,86.314,0.433,,30,W,Y,0,,,,,,,,,,,,,,,,,,,,,,,,,,,,,0,0,,,,,,,,,,,,,,,,,,,,,,,,,,,,,,,,,,,,,,0.397,-37.662,-0.092,-17.228,-21.887,-48.334,-13.018,-63.983,18.79,-46.354,12.048,-64.747,37.484,-94.983,0.98,-114.099,-45.851,-94.793,,,,"",,,,"",,,,"",,,,"",,,,"",,,,"",,,,"",,,,"",,,,7233.575,-0.148,-37.74,,,,,,,,,,,,,,,,,,,,,,,,,,,,,,,,,,,,,,,,,,,,,,,,,,,,"",0,,,,,,,,,,,,,0,"",,,,0,""
211,,9,0,5,3,1,2,1,0,0,0,255,255,255,32,7246.89,"TaeGeuk_",R,3,88,126,-1.618,0.014,0.563,0.995,0.053,1.635,-36.852,16.961,3,9,88,4,"",-484.523,0,9.602,0,0,2,"=","=","=","=","=","=","=","=","=",3,R,"_Gosomi",175,86.314,0.433,,30,W,Y,1,,,,,,,,,,,,,,,,,,,,,,,,,,,,,0,0,,,,,,,,,,,,,,,7249.647,2,,578,0,,,,,,,,,,,,,,,,,,,0.39,-37.972,-0.171,-17.253,-21.395,-47.202,-15.713,-65.281,18.831,-46.386,12.158,-64.71,37.316,-94.753,0.795,-114.496,-45.855,-95.035,,,,"",,,,"",,,,"",,,,"",,,,"",,,,"",,,,"",,,,"",,,,7251.102,0.099,-37.531,,,,,,,,,,,,,,,,,,,,,,,,,,,,,,,,,,,,,,,,,,,,,,,,,,,,"",0,,,,,,,,,,,,,0,"",,,,0,""
212,,9,0,5,3,0,0,2,0,0,0,255,255,255,33,7264.807,"TaeGeuk_",R,33,88,140,-1.847,1.516,0.391,1.218,-1.009,2.655,-36.852,18.481,5,37,58,2,"",141.353,70.583,30.021,0,0,3,"=","=","=","=","=","=","=","=","=",0,R,"mungjungh",190,88.174,0.655,5,29,W,Y,1,7265.888,91,64,104,67,31,,133,131,114.807,47.895,-0.351,1.595,-20.115,0.52,0,0.201,0,0,0,,,,,,,,,0,0,,,,,,,,,,,,,,,,,,,,,,,,,,,,,,,,,,,,,,0.165,-37.96,-0.145,-17.2,-22.327,-48.797,-10.469,-65.161,18.253,-45.728,11.24,-65.221,39.452,-97.051,-0.659,-116.189,-48.803,-97.148,0.112,-37.808,,"_Chun",-0.148,-17.115,,"檸檬の残骸",-22.619,-49.174,,"わかなで",-16.029,-65.808,,"MODECO",18.26,-45.78,,"まととまと",11.287,-65.212,,"「론구」",39.308,-96.832,,"Mr․D VRC",-0.429,-115.934,,"ゆっち一",-48.765,-97.113,,,,,,,,,,,,,,,,,,,,,,,,,,,,,,,,,,,,,,,,,,,,,,,,,,,,,,,,"",3,49.832,49.456,5.668,0,0,1,65.193,65.193,73.702,65.193,0,69.991,0,"",,,,0,""
213,,9,0,5,3,0,1,2,0,0,0,255,255,255,34,7281.943,"TaeGeuk_",R,3,79,107,-0.844,-0.535,0.641,0.967,0.369,1.313,-36.852,48.903,0,10,90,0,"",-370.36,0,30.48,0,0,3,"=","=","=","=","=","=","=","=","=",0,R,"mungjungh",190,88.174,0.655,,62,W,Y,1,,,,,,,,,,,,,,,,,,,,,,,,,,,,,0,0,,,,,,,,,,,,,,,,,,,,,,,,,,,,,,,,,,,,,,0.221,-37.876,-0.208,-17.06,-23.158,-49.605,-13.428,-63.745,18.751,-46.442,12.04,-65.271,39.501,-97.088,0.469,-116.097,-49.515,-96.781,,,,"",,,,"",,,,"",,,,"",,,,"",,,,"",,,,"",,,,"",,,,,,,,,,,,,,,,,,,,,,,,,,,,,,,,,,,,,,,,,,,,,,,,,,,,,,,,,,"",0,,,,,,,,,,,,,0,"",,,,0,""
214,,9,0,5,3,0,2,2,0,0,0,255,255,255,35,7297.543,"TaeGeuk_",R,3,83,123,-2.119,-0.124,0.497,0.899,-0.195,1.557,-36.852,44.779,9,5,86,2,"",-447.997,0,6.092,0,0,3,"=","=","=","=","=","=","=","=","=",0,R,"mungjungh",190,88.174,0.655,5,62,W,Y,1,7298.683,239,50,143,82,26,,145,120,-12.89,8.132,-0.391,0.974,-20.442,0.84,0,0.314,-241.751,280.509,-78.269,7278.806,-0.943,-24.229,7280.756,3,-7.139,0.059,-68.051,0,0,,,,,,,,,,,,,,,7303.898,3,,147,1,,,,,,,,,,,,,,,,,,,0.253,-37.756,-0.125,-17.164,-22.521,-48.696,-11.023,-62.961,18.776,-46.381,12.189,-65.138,39.631,-97.258,0.5,-116.183,-49.522,-96.821,-0.197,-37.385,,"_Chun",-0.129,-17.101,,"檸檬の残骸",-22.573,-48.846,,"わかなで",-15.22,-66.117,95,"MODECO",18.564,-46.142,,"まととまと",12.116,-65.064,,"「론구」",39.465,-97.009,,"Mr․D VRC",0.532,-115.966,,"ゆっち一",-49.537,-96.791,,,,,,,,7303.311,-19.448,-40.204,7300.704,-8.433,-68.382,,,,,,,,,,,,,,,,,,,,,,,,,7302.089,-10.239,-62.338,,,,,,,,,,,,,,,,"",2,13.055,13.055,1.335,0,0,1,-12.89,-12.89,-23.011,-12.89,0,14.875,0,"わかなで",,,,257,""
215,SIDE,9,0,5,3,0,0,2,0,0,0,255,255,255,,7368.363,,,,,,,,,,,,,,,,,,,,,,,,4,"=","=","=","","=","=","=","=","=",,,,,,,,,,,,,,,,,,,,,,,,,,,,,,,,,,,,,,,0,0,,,,,,,,,,,,,,,,,,,,,,,,,,,,,,,,,,,,,,,,,,,,,,,,,,,,,,,,,,,,,,,,,,,,,,,,,,,,,,,,,,,,,,,,,,,,,,,,,,,,,,,,,,,,,,,,,,,,,,,,,,,,,,,,,,,,,,,,,,,,,,,,,"",0,,,,,,,,,,,,,0,"",,,,0,""
216,END,10,1,5,3,0,0,0,0,0,0,255,255,255,,7406.947,,,,,,,,,,,,,,,,,,,,,,,,,,,,,,,,,,,,,,,,,,,,,,,,,,,,,,,,,,,,,,,,,,,,,,,,,,,,,,,,,,,,,,,,,,,,,,,,,,,,,,,,,,,,,,,,,,,,,,,,,,,,,,,,,,,,,,,,,,,,,,,,,,,,,,,,,,,,,,,,,,,,,,,,,,,,,,,,,,,,,,,,,,,,,,,,,,,,,,,,,,,,,,,,,,,,,,,,,,,,,,,,,,,,,,,,,,,,,,,"{""schemaVersion"":16,""gameTimeZeroUtc"":""2026-09-13T11:47:49.820Z"",""exportedAtUtc"":""2026-09-13T13:51:16.767Z"",""teamNameA"":""KB"",""teamNameB"":""MSS""}"
