id,type,inn,half,scoreA,scoreB,ball,strk,out,b1,b2,b3,b1Idx,b2Idx,b3Idx,pCnt,pSec,pName,pHand,pType,pPow,spdK,zoneX,zoneY,startX,startY,targetX,targetY,zDist,pitchAngle,pOver,pSide,pUnder,call,manual,sH,sV,gyro,plx,plz,bIdx,order1Name,order2Name,order3Name,order4Name,order5Name,order6Name,order7Name,order8Name,order9Name,bPos,bZone,bName,bHCm,batLen,batCen,batType,bFps,bOS,bVR,bSwing,hSec,rotS,rotL,shS,lgS,prepS,gripPen,batSpd,ev,ldeg,sdeg,launchPosX,launchPosY,launchPosZ,hPos,buntGrip,handDist,angVeloX,angVeloY,angVeloZ,ltSec,lx,lz,cSec,cPos,cx,cy,cz,1BSafe,tag,cpSec,bTo1Sec,bTo2Sec,bTo3Sec,bToHSec,r1To2Sec,r1To3Sec,r1ToHSec,r2To3Sec,r2ToHSec,r3ToHSec,r1LeaveSec,r2LeaveSec,r3LeaveSec,out1Sec,out1BatterIndex,out1PrevBase,out1Code,out1Ass,out2Sec,out2BatterIndex,out2PrevBase,out2Code,out2Ass,out3Sec,out3BatterIndex,out3PrevBase,out3Code,out3Ass,ball1Sec,ball1Pos,ball2Sec,ball2Pos,ball3Sec,ball3Pos,ballHSec,ballHPos,PitchPPosX,PitchPPosZ,PitchCPosX,PitchCPosZ,Pitch1BPosX,Pitch1BPosZ,Pitch2BPosX,Pitch2BPosZ,Pitch3BPosX,Pitch3BPosZ,PitchSSPosX,PitchSSPosZ,PitchLFPosX,PitchLFPosZ,PitchCFPosX,PitchCFPosZ,PitchRFPosX,PitchRFPosZ,PPosX,PPosY,PThrSpd,CName,CPosX,CPosY,CThrSpd,1BName,1BPosX,1BPosY,1BThrSpd,2BName,2BPosX,2BPosY,2BThrSpd,3BName,3BPosX,3BPosY,3BThrSpd,SSName,SSPosX,SSPosY,SSThrSpd,LFName,LFPosX,LFPosY,LFThrSpd,CFName,CFPosX,CFPosY,CFThrSpd,RFName,RFPosX,RFPosY,RFThrSpd,PGetSec,PGetX,PGetZ,CGetSec,CGetX,CGetZ,1BGetSec,1BGetX,1BGetZ,2BGetSec,2BGetX,2BGetZ,3BGetSec,3BGetX,3BGetZ,SSGetSec,SSGetX,SSGetZ,LFGetSec,LFGetX,LFGetZ,CFGetSec,CFGetX,CFGetZ,RFGetSec,RFGetX,RFGetZ,PThrSec,PThrX,PThrZ,CThrSec,CThrX,CThrZ,1BThrSec,1BThrX,1BThrZ,2BThrSec,2BThrX,2BThrZ,3BThrSec,3BThrX,3BThrZ,SSThrSec,SSThrX,SSThrZ,LFThrSec,LFThrX,LFThrZ,CFThrSec,CFThrX,CFThrZ,RFThrSec,RFThrX,RFThrZ,errPosDelta,result,swPreDeg,swTargetDeg,swApproachDeg,swCorr,swSource,swProximity,swVRawDeg,swVAdjustedDeg,swVMotionDeg,swVClosestDeg,swVYShrink,swGeometryDeg,balk,cPlr,sb2Sec,sb3Sec,sbhSec,ass,remarks
1,,1,1,0,0,0,0,0,0,0,0,255,255,255,0,1598.74,"559：広告",R,26,95,140,-1.723,-0.95,0.009,1.548,-0.888,0.881,-36.419,13.379,34,66,0,1,"",119.572,-152.177,11.046,0,0,0,"_Chun","ゆっち一","MODECO","わかなで","「론구」","Mr․D VRC","檸檬の残骸","TaeGeuk_","ke ro",1,L,"_Chun",190,80,0.455,,75,W,Y,0,,,,,,,,,,,,,,,,,,,,,,,,,,,,,0,0,,,,,,,,,,,,,,,,,,,,,,,,,,,,,,,,,,,,,,-0.11,-38.199,-0.094,-17.525,-20.867,-47.218,-12.208,-64.739,21.439,-47.486,12.206,-65.07,51.975,-103.036,17.409,-116.595,-41.209,-92.088,,,,"",,,,"",,,,"",,,,"",,,,"",,,,"",,,,"",,,,"",,,,,,,,,,,,,,,,,,,,,,,,,,,,,,,,,,,,,,,,,,,,,,,,,,,,,,,,,,"",0,,,,,,,,,,,,,0,"",,,,0,""
2,,1,1,0,0,1,0,0,0,0,0,255,255,255,1,1610.215,"559：広告",R,10,77,119,1.491,-0.511,0.352,1.861,0.683,1.677,-36.419,53.394,91,9,0,2,"",-27.064,348.326,-1.31,0,0,0,"=","=","=","=","=","=","=","=","=",1,L,"_Chun",190,80,0.455,0,75,W,Y,1,1611.201,215,179,95,97,62,,145,133,-7.26,-8.538,0.274,0.795,-20.186,0.66,0,0.452,-117.403,178.849,24.762,1610.913,1.065,-25.525,1614.236,7,12.045,0.058,-105.401,1,0,,1616.856,,,,,,,,,,,,,,,,,,,,,,,,,,,,1619.048,2,,,,,,,-0.187,-37.528,-0.09,-17.545,-20.907,-47.241,-12.272,-64.767,21.214,-47.656,11.987,-65.653,52.469,-102.731,16.696,-118.279,-36.924,-92.971,0.124,-36.991,,"SFIDA",-0.048,-17.542,,"레이나2",-20.748,-47.061,83,"柴山犬吉",-12.134,-64.822,,"きりん SR",21.343,-47.347,,"coder_",11.922,-65.473,,"Azuner",52.476,-102.749,,"YukihiroD",16.102,-117.583,105,"소솨소솨",-37.847,-93.623,,1622.862,-0.36,-38.773,,,,1618.63,-18.339,-40.699,,,,,,,,,,,,,1614.684,12.014,-105.857,,,,,,,,,,1621.805,-17.294,-40,,,,,,,,,,,,,1615.541,9.231,-100.536,,,,"",2,,,,,,,,,,,,,0,"YukihiroD",,,,74,""
3,,1,1,0,0,0,0,0,1,0,0,1,255,255,2,1637.438,"559：広告",R,13,74,101,-1.508,-1.143,0.19,1.728,-0.085,1.365,-36.419,50.423,85,15,0,1,"",-336.854,339.715,-6.205,0,0,1,"=","=","=","=","=","=","=","=","=",8,L,"ゆっち一",181.3,84,0.401,,74,W,Y,0,,,,,,,,,,,,,,,,,,,,,,,,,,,,,0,0,,,,,,,,,,,,,,,,,,,,,,,,,,,,,,,,,,,,,,-0.261,-38.168,-0.165,-17.465,-20.234,-41.164,-10.642,-62.885,21.809,-48.443,10.751,-65.948,49.989,-102.651,10.169,-116.284,-34.751,-100.768,,,,"",,,,"",,,,"",,,,"",,,,"",,,,"",,,,"",,,,"",,,,1642.491,-0.111,-37.385,,,,,,,,,,,,,,,,,,,,,,,,,,,,,,,,,,,,,,,,,,,,,,,,,,,,"",0,,,,,,,,,,,,,0,"",,,,0,""
4,,1,1,0,0,1,0,0,1,0,0,1,255,255,3,1651.996,"559：広告",R,10,55,89,0.097,-0.886,0.197,1.844,0.037,1.79,-36.419,45.195,100,0,0,0,"",0,400,-2.909,0,0,1,"=","=","=","=","=","=","=","=","=",8,L,"ゆっち一",181.3,84,0.401,,74,W,Y,0,,,,,,,,,,,,,,,,,,,,,,,,,,,,,0,0,,,,,,,,,,,,1652.403,,,,,,,,,,,,,,,,,,,,,,,,,,-0.06,-37.707,-0.143,-17.489,-20.151,-41.095,-10.445,-62.302,21.738,-48.48,10.428,-65.817,50.589,-103.499,16.666,-115.573,-34.492,-100.053,,,,"",,,,"",,,,"",,,,"",,,,"",,,,"",,,,"",,,,"",,,,1656.759,0.14,-37.485,,,,,,,,,,,,,,,,,,,,,,,,,,,,,,,,,,,,,,,,,,,,,,,,,,,,"",0,,,,,,,,,,,,,0,"",,,,0,""
5,,1,1,0,0,1,1,0,1,0,0,1,255,255,4,1664.718,"559：広告",R,27,85,137,0.071,-0.107,0.154,1.604,-0.215,1.033,-36.419,25.181,38,62,0,2,"O-|R1+|BH-",97.123,-138.984,0.794,0,0,1,"=","=","=","=","=","=","=","=","=",8,L,"ゆっち一",181.3,84,0.401,0,74,W,Y,1,1665.753,190,189,62,108,37,,138,131,-30,10.705,-0.034,0.697,-20.152,0.6,0,0.338,-481.203,126.398,-21.416,1665.392,-0.243,-21.25,1667.028,3,-7.204,3.068,-57.859,1,2,,1670.924,,,,1670.506,,,,,,1665.211,,,1669.79,0,1,164,0,1671.728,1,1,275,256,,,,,,1674.757,2,1669.195,3,,,,,-0.14,-37.606,-0.141,-17.472,-20.15,-40.856,-10.746,-61.31,21.889,-48.411,10.796,-65.379,50.883,-103.13,16.467,-114.819,-34.445,-100.092,0.098,-37.128,,"SFIDA",-0.129,-17.47,,"레이나2",-19.608,-44.991,85,"柴山犬吉",-10.674,-61.435,103,"きりん SR",21.799,-48.489,,"coder_",10.794,-65.135,,"Azuner",50.869,-103.112,,"YukihiroD",16.458,-114.798,,"소솨소솨",-34.451,-100.092,,1677.201,-1.023,-38.405,,,,1670.994,-18.205,-41.137,1667.413,-7.501,-58.455,,,,,,,,,,,,,,,,,,,,,,1676.203,-17.531,-40.142,1669.87,-1.546,-56.233,,,,,,,,,,,,,,,,"",2,,,,,,,,,,,,,0,"柴山犬吉",1670.506,,,266,""
6,,1,1,0,0,0,0,1,1,0,0,8,255,255,5,1697.3,"559：広告",R,13,77,115,-2.806,-1.415,0.088,1.672,-0.69,1.064,-36.419,41.31,44,56,0,1,"",-367.81,338.697,-1.833,0,0,2,"=","=","=","=","=","=","=","=","=",4,R,"MODECO",190,85,0.447,,73,W,Y,0,,,,,,,,,,,,,,,,,,,,,,,,,,,,,0,0,,,,,,,,,,,,1710.987,,,,,,,,,,,,,,,,,,,,,,,,,,-0.299,-37.697,-0.125,-17.268,-20.647,-41.733,-13.662,-60.451,21.269,-52.413,7.966,-66.234,32.462,-102.584,-17.489,-117.405,-50.437,-102.264,,,,"",,,,"",,,,"",,,,"",,,,"",,,,"",,,,"",,,,"",,,,1703.04,-0.239,-37.485,,,,,,,,,,,,,,,,,,,,,,,,,,,,,,,,,,,,,,,,,,,,,,,,,,,,"",0,,,,,,,,,,,,,0,"",,,,0,""
7,,1,1,0,0,1,0,1,1,0,0,8,255,255,6,1712.303,"559：広告",R,26,85,138,1.871,-0.342,0.334,1.733,0.629,1.246,-36.419,37.399,83,17,0,2,"BH-",129.947,-164.122,1.325,0,0,2,"=","=","=","=","=","=","=","=","=",4,R,"MODECO",190,85,0.447,3,73,W,Y,1,1713.398,203,67,1,0,3,,17,45,52.442,9.527,0.34,0.937,-20.145,-1,0,0.967,554.818,201.432,-43.093,1717.421,-4.306,-43.413,1718.884,0,-5.177,0.225,-44.982,1,0,,1720.597,,,,,,,,,,1718.522,,,1721.574,1,1,166,2,,,,,,,,,,,,,,,,,,,-0.139,-37.551,0.02,-17.31,-20.365,-41.163,-13.789,-60.29,21.357,-52.725,8.011,-66.732,32.154,-102.532,-17.199,-117.45,-50.512,-99.72,0.246,-36.997,120,"SFIDA",0.016,-17.29,,"레이나2",-19.845,-44.872,,"柴山犬吉",-13.619,-60.268,,"きりん SR",21.31,-52.507,,"coder_",7.752,-65.931,85,"Azuner",32.158,-102.526,,"YukihiroD",-17.197,-117.459,,"소솨소솨",-50.929,-100.026,,1719.355,-5.309,-45.003,,,,,,,,,,,,,1720.897,-0.522,-58.39,,,,,,,,,,1720.351,-3.583,-49.584,,,,,,,,,,,,,1724.243,0.146,-58.159,,,,,,,,,,"",2,,,,,,,,,,,,,0,"559：広告",,,,3,""
8,,1,1,0,0,0,0,2,1,0,0,4,255,255,7,1742.978,"559：広告",R,10,50,98,1.877,-0.303,0.215,1.833,0.811,1.937,-36.419,57.364,100,0,0,2,"",0,400,-5.011,0,0,3,"=","=","=","=","=","=","=","=","=",0,L,"わかなで",190,80,0.2,5,44,W,Y,1,1744.182,129,255,118,98,113,,139,86,-0.76,57.01,0.338,1.056,-21.519,-1,0,0.681,75.753,220.589,213.315,1744.398,-11.069,-28.786,,,,,,0,0,,,,,,,,,,,,,,,,,,,,,,,,,,,,,,,,,,,,,,-0.107,-37.92,-0.011,-17.449,-20.845,-45.051,-13.376,-64.923,22.62,-49.957,10.665,-65.074,50.375,-102.644,18.007,-114.541,-38.825,-92.3,0.254,-37.55,,"SFIDA",0.069,-17.437,,"레이나2",-20.36,-47.519,,"柴山犬吉",-13.226,-64.822,,"きりん SR",22.522,-49.964,,"coder_",10.997,-64.589,,"Azuner",50.388,-102.64,,"YukihiroD",18.004,-114.529,,"소솨소솨",-38.215,-91.648,,,,,,,,,,,,,,,,,,,,,,,,,,,,,,,,,,,,,,,,,,,,,,,,,,,,,,,,"",3,56.538,56.538,30.077,0,2,0.038,-1.141,-0.76,-14.369,-1.296,0.001,-72.774,0,"",,,,0,""
9,,1,1,0,0,0,1,2,1,0,0,4,255,255,8,1762.852,"559：広告",R,3,68,113,5.297,-0.004,0.776,1.786,2.856,1.606,-36.419,66.494,84,16,0,1,"",-328.389,0,0.739,0,0,3,"=","=","=","=","=","=","=","=","=",0,L,"わかなで",190,80,0.2,,44,W,Y,0,,,,,,,,,,,,,,,,,,,,,,,,,,,,,0,0,,,,,,,,,,,,1763.007,,,,,,,,,,,,,,,,,,,,,,,,,,0.108,-37.594,0.002,-17.479,-21.063,-42.609,-13.488,-64.749,22.099,-48.728,11.487,-65.899,49.182,-103.332,11.617,-115.862,-33.682,-83.164,,,,"",,,,"",,,,"",,,,"",,,,"",,,,"",,,,"",,,,"",,,,,,,,,,,,,,,,,,,,,,,,,,,,,,,,,,,,,,,,,,,,,,,,,,,,,,,,,,"",0,,,,,,,,,,,,,0,"",,,,0,""
10,,1,1,0,0,1,1,2,1,0,0,4,255,255,9,1778.142,"559：広告",R,14,65,94,2.417,-1.144,0.23,1.735,0.318,1.411,-36.419,24.742,100,0,0,2,"",328.398,319.871,-6.312,0,0,3,"=","=","=","=","=","=","=","=","=",0,L,"わかなで",190,80,0.2,5,44,W,Y,1,1779.396,167,255,125,97,76,,145,98,-63.8,28.353,0.41,0.708,-21.203,-0.57,0,0.566,37.361,161.54,-463.237,1778.957,0.258,-21.484,1781.888,2,-11.644,3.519,-43.324,0,0,,1784.557,,,,1783.79,,,,,,,,,1785.024,3,,147,0,,,,,,,,,,,1784.37,2,,,,,,,-0.03,-37.889,0.015,-17.46,-21.275,-44.026,-13.423,-64.776,22.059,-48.765,11.583,-65.717,49.273,-103.28,11.453,-114.747,-33.68,-83.152,0.376,-37.517,,"SFIDA",0.086,-17.5,,"레이나2",-20.113,-47.192,,"柴山犬吉",-13.29,-64.673,,"きりん SR",22.065,-48.705,,"coder_",11.343,-65.514,,"Azuner",49.251,-103.214,,"YukihiroD",11.446,-114.748,,"소솨소솨",-33.68,-83.152,,,,,,,,1782.3,-11.982,-43.99,,,,,,,,,,,,,,,,,,,,,,,,,,,,,,,,,,,,,,,,,,,,,,"",2,25.831,25.831,15.096,0,2,0.02,-71.735,-63.8,-17.806,-71.766,0.066,-91.274,0,"레이나2",1783.79,,,8,""
11,SIDE,1,1,0,0,0,0,2,0,1,0,255,4,255,,1787.468,,,,,,,,,,,,,,,,,,,,,,,,4,"=","=","=","=","=","=","=","=","=",,,,,,,,,,,,,,,,,,,,,,,,,,,,,,,,,,,,,,,0,0,,,,,,,,,,,,,,,,,,,,,,,,,,,,,,,,,,,,,,,,,,,,,,,,,,,,,,,,,,,,,,,,,,,,,,,,,,,,,,,,,,,,,,,,,,,,,,,,,,,,,,,,,,,,,,,,,,,,,,,,,,,,,,,,,,,,,,,,,,,,,,,,,"",0,,,,,,,,,,,,,0,"",,,,0,""
12,,1,0,0,0,0,0,0,0,0,0,255,255,255,0,2027.766,"わかなで",L,27,86,140,0.579,0.287,-0.345,1.802,0.281,1.628,-36.84,24.247,91,9,0,0,"",-14.647,-121.546,9.529,0,0,0,"coder_","559：広告","소솨소솨","레이나2","Azuner","きりん SR","YukihiroD","SFIDA","柴山犬吉",5,R,"coder_",168.1,80,0.283,,58,W,Y,0,,,,,,,,,,,,,,,,,,,,,,,,,,,,,0,0,,,,,,,,,,,,,,,,,,,,,,,,,,,,,,,,,,,,,,0.09,-37.769,0.004,-17.413,-20.909,-46.356,-11.077,-65.031,19.103,-46.405,12.511,-63.884,36.782,-91.986,0.419,-114.91,-43.173,-88.201,,,,"",,,,"",,,,"",,,,"",,,,"",,,,"",,,,"",,,,"",,,,,,,,,,,,,,,,,,,,,,,,,,,,,,,,,,,,,,,,,,,,,,,,,,,,,,,,,,"",0,,,,,,,,,,,,,0,"",,,,0,""
13,,1,0,0,0,0,1,0,0,0,0,255,255,255,1,2042.436,"わかなで",L,29,68,107,-2.63,-0.252,-0.528,1.818,-1.474,1.336,-36.84,39.885,47,53,0,1,"",173.667,-96.417,23.479,0,0,0,"=","=","=","=","=","=","=","=","=",5,R,"coder_",168.1,80,0.283,,58,W,Y,0,,,,,,,,,,,,,,,,,,,,,,,,,,,,,0,0,,,,,,,,,,,,,,,,,,,,,,,,,,,,,,,,,,,,,,0.107,-37.832,-0.092,-17.438,-20.762,-45.777,-10.666,-64.584,19.615,-46.175,13.068,-64.08,36.757,-91.959,0.463,-114.919,-43.109,-88.49,,,,"",,,,"",,,,"",,,,"",,,,"",,,,"",,,,"",,,,"",,,,,,,,,,,,,,,,,,,,,,,,,,,,,,,,,,,,,,,,,,,,,,,,,,,,,,,,,,"",0,,,,,,,,,,,,,0,"",,,,0,""
14,,1,0,0,0,1,1,0,0,0,0,255,255,255,2,2054.911,"わかなで",L,30,71,123,-1.713,-0.347,-0.4,1.815,-0.922,1.264,-36.84,34.847,58,42,0,1,"",114.434,-108.742,20.68,0,0,0,"=","=","=","=","=","=","=","=","=",5,R,"coder_",168.1,80,0.283,,58,W,Y,0,,,,,,,,,,,,,,,,,,,,,,,,,,,,,0,0,,,,,,,,,,,,,,,,,,,,,,,,,,,,,,,,,,,,,,0.193,-37.851,-0.269,-17.36,-19.963,-44.565,-11.753,-64.705,19.777,-46.314,13.322,-63.947,36.715,-91.978,0.504,-114.936,-44.004,-89.168,,,,"",,,,"",,,,"",,,,"",,,,"",,,,"",,,,"",,,,"",,,,,,,,,,,,,,,,,,,,,,,,,,,,,,,,,,,,,,,,,,,,,,,,,,,,,,,,,,"",0,,,,,,,,,,,,,0,"",,,,0,""
15,,1,0,0,0,2,1,0,0,0,0,255,255,255,3,2068.652,"わかなで",L,28,83,135,-0.603,0.615,-0.449,1.868,-0.164,1.838,-36.84,32.316,82,18,0,0,"",-58.128,-88.291,-1.466,0,0,0,"=","=","=","=","=","=","=","=","=",5,R,"coder_",168.1,80,0.283,,58,W,Y,1,,,,,,,,,,,,,,,,,,,,,,,,,,,,,0,0,,,,,,,,,,,,,,,,,,,,,,,,,,,,,,,,,,,,,,0.036,-38.082,0.048,-17.46,-20.292,-44.281,-12.024,-64.885,20.132,-46.303,14.119,-64.629,36.739,-91.983,0.481,-115.008,-42.367,-87.826,,,,"",,,,"",,,,"",,,,"",,,,"",,,,"",,,,"",,,,"",,,,,,,,,,,,,,,,,,,,,,,,,,,,,,,,,,,,,,,,,,,,,,,,,,,,,,,,,,"",0,,,,,,,,,,,,,0,"",,,,0,""
16,,1,0,0,0,2,2,0,0,0,0,255,255,255,4,2091.025,"わかなで",L,6,65,109,-2.666,0.235,-0.371,1.879,-0.387,1.73,-36.84,29.866,100,0,0,2,"",-396.646,0,16.614,0,0,0,"=","=","=","=","=","=","=","=","=",5,R,"coder_",168.1,80,0.283,3,58,W,Y,1,2092.175,216,136,127,139,51,,145,109,30.955,38.345,-0.464,1.085,-21.48,0.81,0,0.619,281.22,408.017,270.096,2096.43,-65.373,-86.767,2098.742,8,-70.322,0.059,-90.82,1,0,,2096.718,2100.93,,,,,,,,,,,,,,,,,,,,,,,,,,,,,,,,,,,0.105,-37.961,0.006,-17.247,-19.766,-44.075,-13.468,-63.905,19.981,-46.231,12.812,-64.111,36.666,-91.987,0.481,-115.132,-43.138,-87.705,-0.441,-37.374,,"_Chun",0.009,-17.178,,"TaeGeuk_",-19.76,-44.07,,"ke ro",-14.469,-65.053,,"MODECO",19.975,-46.243,,"檸檬の残骸",12.707,-63.879,85,"「론구」",36.502,-91.801,,"Mr․D VRC",0.484,-115.094,,"ゆっち一",-43.144,-87.701,120,2108.073,0.024,-39.269,,,,,,,,,,,,,2102.949,-0.827,-59.163,,,,,,,2099.231,-69.784,-90.188,,,,,,,,,,,,,,,,2106.926,2.815,-58.772,,,,,,,2100.166,-63.928,-88.831,"",2,,,,,,,,,,,,,0,"ゆっち一",2100.93,,,74,""
17,,1,0,0,0,0,0,0,0,1,0,255,15,255,5,2610.941,"わかなで",L,28,78,128,-0.978,1.527,-0.449,2.031,-0.341,2.463,-36.84,48.958,87,13,0,1,"",-44.434,-96.788,5.98,0,0,1,"=","=","=","=","=","=","=","=","=",0,R,"559：広告",190,84.866,0.227,,62,W,Y,0,,,,,,,,,,,,,,,,,,,,,,,,,,,,,0,0,,,,,,,,,,,,,2614.014,,,,,,,,,,,,,,,,,,,,,,,,,0.17,-37.705,-0.013,-17.343,-20.329,-47.315,-12.135,-65.434,18.929,-46.71,2.67,-59.737,36.774,-91.428,0.459,-113.561,-43.69,-90.766,,,,"",,,,"",,,,"",,,,"",,,,"",,,,"",,,,"",,,,"",,,,2614.623,-0.056,-37.556,,,,,,,,,,,,,,,,,,,,,,,,,,,,,,,,,,,,,,,,,,,,,,,,,,,,"",0,,,,,,,,,,,,,0,"",2613.626,,,0,""
18,,1,0,0,0,1,0,0,0,1,0,255,15,255,6,2625.215,"わかなで",L,27,93,140,0.628,-1.083,-0.342,1.623,0.396,0.812,-36.84,26.982,51,49,0,2,"",-79.535,-125.067,2.533,0,0,1,"=","=","=","=","=","=","=","=","=",0,R,"559：広告",190,84.866,0.227,0,62,W,Y,1,2626.23,255,139,70,107,43,,144,131,4.462,36.747,0.074,0.581,-20.557,0.71,0,0.315,29.244,368.591,419.825,2626.801,-21.291,-47.724,2627.071,2,-18.69,0.388,-44.547,0,0,,,,,,,,,,,,,2637.626,,2627.505,1,,451,0,,,,,,,,,,,,,,,,,,,0.178,-37.7,-0.042,-17.347,-18.807,-47,-11.92,-64.482,19.128,-45.236,1.365,-60.571,36.795,-91.423,0.435,-113.562,-43.721,-90.754,-0.433,-37.514,,"_Chun",-0.01,-17.337,,"TaeGeuk_",-19.135,-47.94,88,"ke ro",-11.91,-64.432,,"MODECO",18.66,-45.463,,"檸檬の残骸",2.932,-59.913,85,"「론구」",36.764,-91.423,,"Mr․D VRC",0.429,-113.57,,"ゆっち一",-43.708,-90.751,,2634.199,0.272,-39.231,,,,2627.515,-20.327,-46.24,,,,,,,2630.381,-1.232,-58.637,,,,,,,,,,,,,,,,2629.112,-17.116,-41.978,,,,,,,2633.197,-0.951,-56.696,,,,,,,,,,"",1,,,,,,,,,,,,,0,"TaeGeuk_",2629.299,,,200,""
19,,1,0,0,0,0,0,1,0,1,0,255,15,255,7,2652.22,"わかなで",L,6,64,111,-0.694,0.555,-0.27,1.956,0.139,2.043,-36.84,31.42,100,0,0,2,"",-286.046,87.799,25.953,0,0,2,"=","=","=","=","=","=","=","=","=",8,R,"소솨소솨",186.3,80,0.503,3,61,W,Y,1,2653.44,255,77,79,73,26,,145,129,-30,38.809,-0.141,1.143,-19.795,0.57,0,0.504,-221.174,-237.756,214.707,2653.04,-1.625,-21.646,2654.323,2,-17.273,2.116,-41.209,0,0,,,,,,,,,2658.726,,,,,,2655.714,2,,147,0,,,,,,,,,,,2655.403,2,,,2660.878,4,,,0.249,-37.893,-0.078,-17.388,-20.109,-44.767,-13.125,-63.457,19.102,-45.488,1.024,-59.707,37.416,-92.284,0.727,-114.464,-47.714,-94.738,-0.462,-37.658,120,"_Chun",-0.039,-17.426,,"TaeGeuk_",-20.472,-45.003,98,"ke ro",-13.08,-63.348,,"MODECO",18.988,-45.473,65,"檸檬の残骸",2,-59.593,107,"「론구」",37.388,-92.27,,"Mr․D VRC",0.733,-114.478,,"ゆっち一",-48.858,-92.5,,2667.747,0.765,-39.138,,,,2654.747,-18.082,-42.165,,,,2659.273,18.915,-40.599,2657.378,-0.632,-58.809,,,,,,,,,,2681.928,3.485,-40.013,,,,2656.127,-17.115,-40.75,,,,2666.531,17.398,-40.231,2658.18,2.969,-56.701,,,,,,,,,,"",2,,,,,,,,,,,,,0,"TaeGeuk_",,2658.726,,204,""
20,,1,0,0,0,0,0,2,0,0,1,255,255,15,8,2701.66,"わかなで",L,33,82,134,-1.339,0.396,-0.488,1.806,-0.408,1.728,-36.84,46.556,78,22,0,0,"",-123.543,-107.624,0.488,0,0,3,"=","=","=","=","=","=","=","=","=",2,R,"레이나2",180.4,80.118,0.403,,69,W,Y,0,,,,,,,,,,,,,,,,,,,,,,,,,,,,,0,0,,,,,,,,,,,,,,2705.887,,,,,,,,,,,,,,,,,,,,,,,,0.168,-37.751,-0.018,-17.402,-19.762,-43.862,-12.401,-63.121,17.821,-43.421,12.447,-63.208,38.756,-94.353,0.488,-112.778,-48.935,-92.634,,,,"",,,,"",,,,"",,,,"",,,,"",,,,"",,,,"",,,,"",,,,2705.421,-0.49,-37.982,,,,,,,,,,,,,,,,,,,,,,,,,,,,,,,,,,,,,,,,,,,,,,,,,,,,"",0,,,,,,,,,,,,,0,"",,2704.269,,0,""
21,,1,0,0,0,0,1,2,0,0,1,255,255,15,9,2717.97,"わかなで",L,30,77,127,-3.234,-2.121,-0.526,1.589,-1.596,0.25,-36.84,43.275,60,40,0,1,"",128.19,-73.269,11.122,-0.587,-18.797,3,"=","=","=","=","=","=","=","=","=",2,R,"레이나2",180.4,80.118,0.403,,69,W,Y,0,,,,,,,,,,,,,,,,,,,,,,,,,,,,,0,0,,,,,,,,,,,,,,2728.934,,,,,,,,,,,,,,,,,,,,,,,,0.184,-37.755,-0.136,-17.437,-19.522,-44.595,-12.521,-63.651,18.017,-45.457,11.328,-63.602,38.845,-94.018,0.486,-112.808,-48.962,-92.645,,,,"",,,,"",,,,"",,,,"",,,,"",,,,"",,,,"",,,,"",,,,2722.108,0.019,-37.867,,,,,,,,,,,,,,,,,,,,,,,,,,,,,,,,,,,,,,,,,,,,,,,,,,,,"",0,,,,,,,,,,,,,0,"",,2720.534,,0,""
22,,1,0,0,0,1,1,2,0,0,1,255,255,15,10,2732.94,"わかなで",L,28,77,128,0.849,0.703,-0.287,1.903,0.406,1.927,-36.84,37.035,87,13,0,0,"",-17.436,-82.995,7.221,0,0,3,"=","=","=","=","=","=","=","=","=",2,R,"레이나2",180.4,80.118,0.403,,69,W,Y,1,,,,,,,,,,,,,,,,,,,,,,,,,,,,,0,0,,,,,,,,,,,,,,2733.358,,,,,,,,,,,,,,,,,,,,,,,,0.312,-37.981,0.055,-17.339,-19.99,-44.938,-12.582,-63.789,18.265,-43.354,11.418,-63.844,39.165,-94.201,0.47,-112.836,-45.984,-92.643,,,,"",,,,"",,,,"",,,,"",,,,"",,,,"",,,,"",,,,"",,,,2736.601,0.022,-38.066,,,,,,,,,,,,,,,,,,,,,,,,,,,,,,,,,,,,,,,,,,,,,,,,,,,,"",0,,,,,,,,,,,,,0,"",,2735.613,,0,""
23,,1,0,0,0,1,2,2,0,0,1,255,255,15,11,2749.035,"わかなで",L,29,70,122,-0.853,-0.522,-0.385,1.764,-0.712,1.139,-36.84,37.31,70,30,0,2,"",211.821,-130.186,17.209,0,0,3,"=","=","=","=","=","=","=","=","=",2,R,"레이나2",180.4,80.118,0.403,3,69,W,Y,1,2750.196,125,106,87,79,62,,138,128,15.897,0.738,-0.161,0.799,-20.535,0.62,0,0.156,539.356,119.566,81.591,2755.13,-5.221,-143.589,,,,,,0,0,,2756.658,2761.501,2767.508,2772.677,,,,,,2755.476,,,,,,,,,,,,,,,,,,,,,,,,,,,0.256,-37.817,-0.138,-17.399,-19.751,-44.487,-13.374,-63.52,18.267,-45.219,14.061,-64.886,39.35,-93.59,0.479,-112.788,-48.318,-93.116,-0.581,-37.611,,"_Chun",-0.135,-17.418,,"TaeGeuk_",-19.883,-44.723,,"ke ro",-13.833,-63.713,,"MODECO",18.211,-45.209,,"檸檬の残骸",13.959,-64.747,,"「론구」",39.154,-93.389,,"Mr․D VRC",0.494,-112.788,,"ゆっち一",-48.306,-93.095,,,,,,,,,,,,,,,,,,,,,,,,,,,,,,,,,,,,,,,,,,,,,,,,,,,,,,,,"",4,,,,,,,,,,,,,0,"",2761.501,2767.508,2755.476,0,""
24,,1,0,0,2,0,0,2,0,0,0,255,255,255,12,2788.994,"わかなで",L,26,86,140,0.958,-0.77,-0.296,1.68,0.48,0.984,-36.84,30.53,37,63,0,0,"",-43.187,-162.482,9.143,0,0,4,"=","=","=","=","=","=","=","=","=",6,L,"Azuner",181,80,0.296,,60,W,Y,0,,,,,,,,,,,,,,,,,,,,,,,,,,,,,0,0,,,,,,,,,,,,,,,,,,,,,,,,,,,,,,,,,,,,,,0.254,-37.827,0.084,-17.228,-18.917,-42.945,-13.256,-64.623,22.066,-46.738,14.541,-62.766,49.102,-104.203,0.695,-114.778,-48.48,-93.808,,,,"",,,,"",,,,"",,,,"",,,,"",,,,"",,,,"",,,,"",,,,,,,,,,,,,,,,,,,,,,,,,,,,,,,,,,,,,,,,,,,,,,,,,,,,,,,,,,"",0,,,,,,,,,,,,,0,"",,,,0,""
25,,1,0,0,2,0,1,2,0,0,0,255,255,255,13,2800.216,"わかなで",L,10,59,92,-1.018,-0.009,-0.408,2.07,-0.574,2.318,-36.84,56.482,99,1,0,0,"",59.645,397.915,11.279,0,0,4,"=","=","=","=","=","=","=","=","=",6,L,"Azuner",181,80,0.296,,60,W,Y,0,,,,,,,,,,,,,,,,,,,,,,,,,,,,,0,0,,,,,,,,,,,,,,,,,,,,,,,,,,,,,,,,,,,,,,0.336,-37.915,0.175,-17.317,-19.749,-42.798,-13.256,-64.629,22.133,-46.802,14.229,-63.442,49.124,-104.205,0.62,-114.487,-48.28,-93.573,,,,"",,,,"",,,,"",,,,"",,,,"",,,,"",,,,"",,,,"",,,,,,,,,,,,,,,,,,,,,,,,,,,,,,,,,,,,,,,,,,,,,,,,,,,,,,,,,,"",0,,,,,,,,,,,,,0,"",,,,0,""
26,,1,0,0,2,0,2,2,0,0,0,255,255,255,14,2815.425,"わかなで",L,27,88,140,1.105,0.038,-0.299,1.755,0.589,1.506,-36.84,31.898,49,51,0,0,"",-70.224,-123.011,2.052,0,0,4,"=","=","=","=","=","=","=","=","=",6,L,"Azuner",181,80,0.296,,60,W,Y,1,,,,,,,,,,,,,,,,,,,,,,,,,,,,,0,0,,,,,,,,,,,,,,,2818.089,4,,578,0,,,,,,,,,,,,,,,,,,,0.276,-37.896,0.316,-17.226,-19.38,-46.127,-12.457,-64.123,21.992,-46.438,14.389,-63.711,49.117,-104.195,0.672,-114.295,-48.329,-93.578,,,,"",,,,"",,,,"",,,,"",,,,"",,,,"",,,,"",,,,"",,,,,,,,,,,,,,,,,,,,,,,,,,,,,,,,,,,,,,,,,,,,,,,,,,,,,,,,,,"",0,,,,,,,,,,,,,0,"",,,,0,""
27,SIDE,1,0,0,2,0,0,2,0,0,0,255,255,255,,2820.672,,,,,,,,,,,,,,,,,,,,,,,,5,"=","=","=","=","=","=","=","=","=",,,,,,,,,,,,,,,,,,,,,,,,,,,,,,,,,,,,,,,0,0,,,,,,,,,,,,,,,,,,,,,,,,,,,,,,,,,,,,,,,,,,,,,,,,,,,,,,,,,,,,,,,,,,,,,,,,,,,,,,,,,,,,,,,,,,,,,,,,,,,,,,,,,,,,,,,,,,,,,,,,,,,,,,,,,,,,,,,,,,,,,,,,,"",0,,,,,,,,,,,,,0,"",,,,0,""
28,,2,1,0,2,0,0,0,0,0,0,255,255,255,10,2866.515,"559：広告",R,13,92,127,-1.675,-2.312,0.09,1.48,-0.513,0.605,-36.419,10.355,44,56,0,1,"",-170.313,400,17.48,-0.34,-19.585,4,"_Chun","ゆっち一","MODECO","わかなで","「론구」","Mr․D VRC","檸檬の残骸","TaeGeuk_","ke ro",6,R,"「론구」",179.9,80,0.504,,60,W,Y,0,,,,,,,,,,,,,,,,,,,,,,,,,,,,,0,0,,,,,,,,,,,,,,,,,,,,,,,,,,,,,,,,,,,,,,-0.056,-37.451,-0.027,-17.49,-20.936,-46.78,-16.298,-63.086,21.155,-48.076,10.629,-65.804,30.912,-103.889,-17.739,-109.882,-50.011,-93.006,,,,"",,,,"",,,,"",,,,"",,,,"",,,,"",,,,"",,,,"",,,,,,,,,,,,,,,,,,,,,,,,,,,,,,,,,,,,,,,,,,,,,,,,,,,,,,,,,,"",0,,,,,,,,,,,,,0,"",,,,0,""
29,,2,1,0,2,1,0,0,0,0,0,255,255,255,11,2877.922,"559：広告",R,3,70,112,3.451,-0.198,0.548,1.664,2.251,1.491,-36.419,72.483,65,35,0,1,"",-434.265,0,2.421,0,0,4,"=","=","=","=","=","=","=","=","=",6,R,"「론구」",179.9,80,0.504,,60,W,Y,0,,,,,,,,,,,,,,,,,,,,,,,,,,,,,0,0,,,,,,,,,,,,,,,,,,,,,,,,,,,,,,,,,,,,,,-0.167,-37.522,-0.033,-17.552,-21.06,-46.826,-16.265,-63.077,21.34,-48.062,10.51,-66.179,30.659,-104.71,-17.667,-109.904,-49.241,-92.241,,,,"",,,,"",,,,"",,,,"",,,,"",,,,"",,,,"",,,,"",,,,,,,,,,,,,,,,,,,,,,,,,,,,,,,,,,,,,,,,,,,,,,,,,,,,,,,,,,"",0,,,,,,,,,,,,,0,"",,,,0,""
30,,2,1,0,2,2,0,0,0,0,0,255,255,255,12,2890.721,"559：広告",R,0,81,131,2.24,-0.556,0.419,1.673,1.016,1.266,-36.419,41.991,71,29,0,2,"",-36.959,0,1.508,0,0,4,"=","=","=","=","=","=","=","=","=",6,R,"「론구」",179.9,80,0.504,5,60,W,Y,1,2891.833,182,155,155,76,47,,145,90,-87.097,-0.718,0.413,0.745,-20.059,-0.79,0,0.276,-413.296,-203.915,384.194,2891.273,0.414,-20.093,2894.405,1,0.55,2.825,-22.784,0,0,,2897.146,,,,,,,,,,,,,2897.324,4,,147,128,,,,,,,,,,,,,,,,,,,-0.13,-37.242,-0.022,-17.516,-21.036,-46.738,-16.091,-63.282,21.334,-48.256,11.123,-65.667,30.641,-104.683,-17.8,-109.9,-49.053,-94.288,0.168,-36.921,,"SFIDA",0,-17.518,128,"레이나2",-20.869,-46.589,81,"柴山犬吉",-15.862,-63.26,,"きりん SR",21.224,-48.064,,"coder_",11.107,-68.127,,"Azuner",30.557,-104.707,,"YukihiroD",-17.806,-109.896,,"소솨소솨",-49.082,-94.254,,2900.455,-1.968,-39.133,2894.928,0.555,-22.387,2896.729,-18.051,-38.967,,,,,,,,,,,,,,,,,,,,,,2895.716,-0.659,-23.613,2899.458,-17.766,-39.814,,,,,,,,,,,,,,,,,,,"",2,-0.569,-0.57,-0.959,0,1,0.523,-88.157,-87.097,-4.716,-76.221,0.05,176.617,0,"SFIDA",,,,138,""
31,,2,1,0,2,0,0,1,0,0,0,255,255,255,13,2916.137,"559：広告",R,3,80,120,1.031,-0.677,0.457,1.683,0.979,1.198,-36.419,46.18,69,31,0,0,"",-395.181,0,1.495,0,0,5,"=","=","=","=","=","=","=","=","=",7,R,"Mr․D VRC",177.1,95.352,0.432,,35,W,Y,0,,,,,,,,,,,,,,,,,,,,,,,,,,,,,0,0,,,,,,,,,,,,,,,,,,,,,,,,,,,,,,,,,,,,,,-0.069,-37.681,0.002,-17.449,-20.928,-47.063,-16.535,-62.951,19.906,-46.222,9.993,-66.065,31,-102.59,-15.657,-109.744,-48.608,-95.209,,,,"",,,,"",,,,"",,,,"",,,,"",,,,"",,,,"",,,,"",,,,2920.136,-0.406,-37.294,,,,,,,,,,,,,,,,,,,,,,,,,,,,,,,,,,,,,,,,,,,,,,,,,,,,"",0,,,,,,,,,,,,,0,"",,,,0,""
32,,2,1,0,2,0,1,1,0,0,0,255,255,255,14,2928.597,"559：広告",R,23,77,113,-0.939,-0.509,0.094,1.674,-0.33,1.392,-36.419,39.359,91,9,0,0,"",-47.415,65.293,0.261,0,0,5,"=","=","=","=","=","=","=","=","=",7,R,"Mr․D VRC",177.1,95.352,0.432,,35,W,Y,0,,,,,,,,,,,,,,,,,,,,,,,,,,,,,0,0,,,,,,,,,,,,,,,,,,,,,,,,,,,,,,,,,,,,,,-0.338,-37.475,-0.027,-17.469,-20.952,-47.116,-16.466,-62.98,19.823,-46.335,10.363,-65.904,30.369,-101.165,-15.509,-109.748,-50.68,-98.055,,,,"",,,,"",,,,"",,,,"",,,,"",,,,"",,,,"",,,,"",,,,2933.196,-0.299,-37.255,,,,,,,,,,,,,,,,,,,,,,,,,,,,,,,,,,,,,,,,,,,,,,,,,,,,"",0,,,,,,,,,,,,,0,"",,,,0,""
33,,2,1,0,2,0,2,1,0,0,0,255,255,255,15,2940.768,"559：広告",R,0,75,112,-0.817,-0.511,0.095,1.638,-0.326,1.308,-36.419,38.482,59,41,0,0,"",-19.155,0,-1.368,0,0,5,"=","=","=","=","=","=","=","=","=",7,R,"Mr․D VRC",177.1,95.352,0.432,,35,W,Y,0,,,,,,,,,,,,,,,,,,,,,,,,,,,,,0,0,,,,,,,,,,,,,,,2943.554,5,,578,0,,,,,,,,,,,,,,,,,2943.627,1,-0.369,-37.396,-0.006,-17.497,-20.711,-47.086,-16.421,-62.981,19.929,-46.574,9.898,-65.756,30.159,-101.345,-15.57,-109.773,-50.732,-98.063,,,,"",,,,"",,,,"",,,,"",,,,"",,,,"",,,,"",,,,"",,,,2946.7,-0.276,-37.567,,,,,,,,,,,,,,,,,,,,,,,,,,,,,,,,,,,,,,,,,,,,,,,,,,,,"",0,,,,,,,,,,,,,0,"",,,,0,""
34,,2,1,0,2,0,0,2,0,0,0,255,255,255,16,2958.639,"559：広告",R,10,59,93,0.573,-1.106,0.235,1.789,0.243,1.561,-36.419,38.514,100,0,0,2,"",0,400,-0.452,0,0,6,"=","=","=","=","=","=","=","=","=",5,L,"檸檬の残骸",175.1,80,0.409,3,60,W,Y,1,2959.974,229,207,35,60,36,,120,67,16.245,16.06,-0.002,0.785,-21.095,1,0,0.694,-331.571,-342.307,-31.387,2961.523,-7.642,-52.929,2962.084,3,-8.239,0.28,-55.982,0,0,,2964.962,,,,,,,,,,,,,2964.844,6,,147,256,,,,,,,,,,,,,,,,,,,-0.072,-37.899,-0.017,-17.434,-20.905,-46.795,-13.157,-65.018,20.767,-47.689,11.839,-65.266,46.035,-98.28,-15.572,-109.791,-48.641,-99.061,0.268,-37.458,,"SFIDA",0.057,-17.484,,"레이나2",-20.858,-46.602,,"柴山犬吉",-12.985,-64.968,103,"きりん SR",20.621,-47.627,,"coder_",11.858,-65.196,,"Azuner",46.023,-98.256,,"YukihiroD",-15.628,-109.775,,"소솨소솨",-48.615,-98.968,,,,,,,,2964.246,-18.526,-40.937,2962.654,-8.264,-56.575,,,,,,,,,,,,,,,,,,,,,,,,,2963.435,-9.925,-52.725,,,,,,,,,,,,,,,,"",2,,,,,,,,,,,,,0,"柴山犬吉",,,,264,""
35,SIDE,2,1,0,2,0,0,2,0,0,0,255,255,255,,2966.757,,,,,,,,,,,,,,,,,,,,,,,,7,"=","=","=","=","=","=","=","=","=",,,,,,,,,,,,,,,,,,,,,,,,,,,,,,,,,,,,,,,0,0,,,,,,,,,,,,,,,,,,,,,,,,,,,,,,,,,,,,,,,,,,,,,,,,,,,,,,,,,,,,,,,,,,,,,,,,,,,,,,,,,,,,,,,,,,,,,,,,,,,,,,,,,,,,,,,,,,,,,,,,,,,,,,,,,,,,,,,,,,,,,,,,,"",0,,,,,,,,,,,,,0,"",,,,0,""
36,,2,0,0,2,0,0,0,0,0,0,255,255,255,15,3006.757,"わかなで",L,0,84,136,1.062,0.565,-0.309,1.882,0.472,1.955,-36.84,28.816,95,5,0,2,"",0,0,0,0,0,5,"coder_","559：広告","소솨소솨","레이나2","Azuner","きりん SR","YukihiroD","SFIDA","柴山犬吉",4,R,"きりん SR",190,85.486,0.348,3,60,W,Y,1,3007.831,224,68,121,89,39,,145,92,50.013,37.377,0.221,1.183,-19.646,-0.73,0.143,0.264,438.819,-100.135,-305.321,3013.036,-40.246,-74.92,3013.119,8,-39.151,2.633,-73.355,0,0,,3013.757,,,,,,,,,,,,,3013.718,5,,457,0,,,,,,,,,,,,,,,,,,,0.161,-37.825,0.018,-17.382,-19.739,-44.34,-12.491,-65.216,19.558,-46.255,12.503,-64.056,38.064,-93.264,-0.052,-113.994,-49.115,-93.816,-0.413,-37.665,,"_Chun",0.034,-17.371,,"TaeGeuk_",-20.111,-44.85,,"ke ro",-12.455,-65.133,,"MODECO",19.541,-46.283,,"檸檬の残骸",12.444,-63.973,,"「론구」",38.154,-93.217,,"Mr․D VRC",-0.02,-114.029,,"ゆっち一",-49.11,-93.798,120,3017.235,-0.366,-38.69,,,,,,,,,,,,,,,,,,,,,,3013.724,-39.446,-73.646,,,,,,,,,,,,,,,,,,,,,,,,,3015.702,-29.433,-64.336,"",1,,,,,,,,,,,,,0,"ゆっち一",,,,10,""
37,,2,0,0,2,0,0,1,0,0,0,255,255,255,16,3033.268,"わかなで",L,0,82,133,1.039,0.82,-0.328,1.932,0.463,2.061,-36.84,28.447,90,10,0,2,"",0,0,0,0,0,6,"=","=","=","=","=","=","=","=","=",7,R,"YukihiroD",174,80,0.4,0,60,W,Y,1,3034.402,134,58,42,0,0,,42,51,-44.902,44.072,0.214,1.147,-19.751,0.64,0,0.517,-287.487,89.692,292.988,3033.907,-0.801,-20.798,3036.905,2,-18.192,0.055,-38.528,0,0,,,,,,,,,,,,,,,3037.713,6,,147,0,,,,,,,,,,,,,,,,,,,0.126,-37.874,0.033,-17.426,-21.115,-45.834,-14.624,-62.875,19.211,-46.427,13.736,-63.706,38.055,-93.422,0.268,-112.181,-48.018,-92.263,-0.101,-36.829,,"_Chun",0.06,-17.436,,"TaeGeuk_",-21.369,-46.113,87,"ke ro",-14.602,-62.842,,"MODECO",19.023,-46.323,,"檸檬の残骸",13.834,-64.008,,"「론구」",38.051,-93.413,,"Mr․D VRC",0.276,-111.949,,"ゆっち一",-47.511,-92.174,,3041.742,-0.53,-38.853,,,,3037.492,-19.343,-39.569,,,,,,,,,,,,,,,,,,,,,,,,,3040.766,-17.858,-39.879,,,,,,,,,,,,,,,,,,,"",2,,,,,,,,,,,,,0,"TaeGeuk_",,,,136,""
38,,2,0,0,2,0,0,2,0,0,0,255,255,255,17,3054.614,"わかなで",L,0,77,128,-0.207,1.276,-0.442,2.025,-0.077,2.392,-36.84,42.111,86,14,0,1,"",0,0,0,0,0,7,"=","=","=","=","=","=","=","=","=",1,L,"SFIDA",188.7,80,0.2,,59,W,Y,0,,,,,,,,,,,,,,,,,,,,,,,,,,,,,0,0,,,,,,,,,,,,,,,,,,,,,,,,,,,,,,,,,,,,,,0.151,-38.017,-0.052,-17.32,-18.397,-45.492,-12.219,-64.859,21.299,-46.199,14.401,-63.554,41.669,-94.985,0.425,-115.7,-48.8,-92.325,,,,"",,,,"",,,,"",,,,"",,,,"",,,,"",,,,"",,,,"",,,,3058.097,-0.346,-38.123,,,,,,,,,,,,,,,,,,,,,,,,,,,,,,,,,,,,,,,,,,,,,,,,,,,,"",0,,,,,,,,,,,,,0,"",,,,0,""
39,,2,0,0,2,1,0,2,0,0,0,255,255,255,18,3066.771,"わかなで",L,0,90,140,1.566,-0.747,-0.283,1.681,0.691,1.137,-36.84,25.291,51,49,0,2,"",0,0,0,0,0,7,"=","=","=","=","=","=","=","=","=",1,L,"SFIDA",188.7,80,0.2,5,59,W,Y,1,3067.61,220,165,127,59,2,,145,101,-6.911,-4.342,0.272,0.774,-20.928,0.99,0,0.635,483.302,-315.013,14.661,3067.217,0.709,-26.409,3072.217,7,8.796,0.059,-98.56,1,0,,3073.019,,,,,,,,,,,,,,,,,,,,,,,,,,,,,,3075.822,3,,,,,0.255,-37.936,0.065,-17.36,-18.549,-45.884,-12.168,-65.041,22.444,-46.844,15.263,-63.134,41.676,-94.978,0.446,-115.74,-49.664,-91.443,-0.275,-37.504,,"_Chun",0.102,-17.33,,"TaeGeuk_",-18.756,-46.168,,"ke ro",-12.121,-64.939,84,"MODECO",22.447,-46.766,,"檸檬の残骸",15.532,-63.177,,"「론구」",41.471,-94.823,,"Mr․D VRC",0.462,-115.743,90,"ゆっち一",-49.678,-91.458,,3078.597,0.55,-40.832,,,,,,,3075.543,0.315,-59.762,,,,,,,,,,3072.814,8.714,-99.018,,,,,,,,,,,,,3077.619,0.281,-58.125,,,,,,,,,,3073.671,7.502,-93.227,,,,"",2,-6.342,-6.342,1.861,0,1,0.794,-12.159,-6.911,-35.087,-17.078,0.016,-15.552,0,"Mr․D VRC",,,,296,""
40,,2,0,0,2,0,0,2,1,0,0,11,255,255,19,3116.697,"わかなで",L,0,87,140,1.119,0.523,-0.321,1.842,0.497,1.885,-36.84,29.06,32,68,0,0,"",0,0,0,0,0,8,"=","=","=","=","=","=","=","=","=",3,R,"柴山犬吉",169.9,90.243,0.6,,59,W,Y,0,,,,,,,,,,,,,,,,,,,,,,,,,,,,,0,0,,,,,,,,,,,,3131.215,,,,,,,,,,,,,,,,,,,,,,,,,,0.185,-37.869,0.035,-17.349,-19.625,-46.856,-11.656,-63.874,19.417,-46.98,5.921,-62.606,37.992,-94.894,0.733,-112.321,-48.952,-92.357,,,,"",,,,"",,,,"",,,,"",,,,"",,,,"",,,,"",,,,"",,,,3120.209,-0.06,-37.82,,,,,,,,,,,,,,,,,,,,,,,,,,,,,,,,,,,,,,,,,,,,,,,,,,,,"",0,,,,,,,,,,,,,0,"",,,,0,""
41,,2,0,0,2,0,1,2,1,0,0,11,255,255,20,3132.43,"わかなで",L,0,62,103,-2.932,-1.311,-0.595,1.635,-1.259,0.876,-36.84,39.454,57,43,0,1,"",0,0,0,0,0,8,"=","=","=","=","=","=","=","=","=",3,R,"柴山犬吉",169.9,90.243,0.6,,59,W,Y,0,,,,,,,,,,,,,,,,,,,,,,,,,,,,,0,0,,,,,,,,,,,,3144.257,,,,,,,,,,,,,,,,,,,,,,,,,,0.084,-37.838,-0.211,-17.341,-19.149,-43.693,-12.11,-63.667,19.742,-47.19,5.619,-62.214,38.01,-94.889,0.741,-112.315,-48.986,-92.388,,,,"",,,,"",,,,"",,,,"",,,,"",,,,"",,,,"",,,,"",,,,3136.256,-0.131,-37.884,,,,,,,,,,,,,,,,,,,,,,,,,,,,,,,,,,,,,,,,,,,,,,,,,,,,"",0,,,,,,,,,,,,,0,"",,,,0,""
42,,2,0,0,2,1,1,2,1,0,0,11,255,255,21,3146.458,"わかなで",L,7,66,101,-1.488,-0.188,-0.377,1.897,-0.211,1.712,-36.84,31.777,100,0,0,4,"",-200.116,124.307,16.784,0,0,8,"=","=","=","=","=","=","=","=","=",3,R,"柴山犬吉",169.9,90.243,0.6,,59,W,Y,1,,,,,,,,,,,,,,,,,,,,,,,,,,,,,0,0,,,,,,,,,,,,3160.059,,,,,,,,,,,,,,,,,,,,,,,,,,0.159,-37.778,-0.104,-17.302,-19.41,-44.12,-12.421,-64.067,19.762,-47.159,6.052,-63.25,38.024,-94.86,0.679,-112.352,-48.968,-92.395,,,,"",,,,"",,,,"",,,,"",,,,"",,,,"",,,,"",,,,"",,,,3150.393,-0.023,-38.006,,,,,,,,,,,,,,,,,,,,,,,,,,,,,,,,,,,,,,,,,,,,,,,,,,,,"",0,,,,,,,,,,,,,0,"",,,,0,""
43,,2,0,0,2,1,2,2,1,0,0,11,255,255,22,3162.08,"わかなで",L,26,85,137,-2.862,-0.167,-0.283,1.837,0.769,1.772,-36.84,21.6,50,50,0,2,"",-58.021,-167.826,11.896,0,0,8,"=","=","=","=","=","=","=","=","=",3,R,"柴山犬吉",169.9,90.243,0.6,3,59,W,Y,1,3163.148,244,62,121,52,29,,145,80,12.366,-23.58,0.434,1.124,-20.125,-1,0,0.224,390.409,-395.673,175.847,,,,3164.609,4,15.078,3.086,-50.554,0,0,,,,,,,,,,,,,,,3165.262,8,,453,0,,,,,,,,,,,,,,,,,,,0.137,-37.918,0.015,-17.183,-20.201,-45.222,-12.263,-63.525,19.635,-47.245,5.019,-63.265,37.98,-94.826,0.272,-112.574,-51.035,-96.259,0.001,-37.218,,"_Chun",0.029,-17.181,,"TaeGeuk_",-20.22,-45.108,,"ke ro",-12.227,-63.436,,"MODECO",19.536,-47.165,,"檸檬の残骸",5.069,-63.288,,"「론구」",37.85,-94.626,,"Mr․D VRC",0.353,-112.572,,"ゆっち一",-51.84,-96.183,,,,,,,,,,,,,,3165.272,15.65,-50.971,,,,,,,,,,,,,,,,,,,,,,,,,,,,,,,,,,,,,,,,"",1,,,,,,,,,,,,,0,"MODECO",,,,4,""
44,SIDE,2,0,0,2,0,0,2,1,0,0,11,255,255,,3167.957,,,,,,,,,,,,,,,,,,,,,,,,0,"=","=","=","=","=","=","=","=","=",,,,,,,,,,,,,,,,,,,,,,,,,,,,,,,,,,,,,,,0,0,,,,,,,,,,,,,,,,,,,,,,,,,,,,,,,,,,,,,,,,,,,,,,,,,,,,,,,,,,,,,,,,,,,,,,,,,,,,,,,,,,,,,,,,,,,,,,,,,,,,,,,,,,,,,,,,,,,,,,,,,,,,,,,,,,,,,,,,,,,,,,,,,"",0,,,,,,,,,,,,,0,"",,,,0,""
45,,3,1,0,2,0,0,0,0,0,0,255,255,255,17,3218.336,"559：広告",R,3,90,118,-1.577,-0.894,0.098,1.54,-0.316,1.08,-36.419,17.469,0,100,0,1,"",-265.752,0,5.59,0,0,7,"_Chun","ゆっち一","MODECO","わかなで","「론구」","Mr․D VRC","檸檬の残骸","TaeGeuk_","ke ro",2,R,"TaeGeuk_",176.6,82,0.365,,59,W,Y,0,,,,,,,,,,,,,,,,,,,,,,,,,,,,,0,0,,,,,,,,,,,,,,,,,,,,,,,,,,,,,,,,,,,,,,-0.073,-37.755,0.022,-17.488,-20.869,-46.79,-16.291,-63.146,21.683,-47.137,11.169,-65.7,30.935,-102.308,-16.193,-106.132,-49.732,-93.098,,,,"",,,,"",,,,"",,,,"",,,,"",,,,"",,,,"",,,,"",,,,,,,,,,,,,,,,,,,,,,,,,,,,,,,,,,,,,,,,,,,,,,,,,,,,,,,,,,"",0,,,,,,,,,,,,,0,"",,,,0,""
46,,3,1,0,2,1,0,0,0,0,0,255,255,255,18,3231.696,"559：広告",R,10,84,125,-1.247,-1.771,0.114,1.606,-0.401,1.024,-36.419,20.823,42,58,0,2,"",-94.767,400,5.017,0,0,7,"=","=","=","=","=","=","=","=","=",2,R,"TaeGeuk_",176.6,82,0.365,5,59,W,Y,1,3232.582,154,227,116,136,80,,145,85,-11.814,-6.508,-0.247,0.335,-20.216,1,0,0.176,-39.328,573.665,-65.94,3231.984,-0.106,-21.486,3234.576,5,8.883,2.08,-58.544,0,128,,3237.969,,,,,,,,,,,,,3237.84,7,,147,1,,,,,,,,,,,,,,,,,,,-0.203,-37.309,0.018,-17.494,-20.899,-46.907,-16.128,-63.276,21.68,-47.179,11.278,-65.585,31.349,-102.549,-16.242,-106.239,-49.057,-94.472,-0.329,-36.954,,"SFIDA",-0.007,-17.51,,"레이나2",-20.9,-46.732,84,"柴山犬吉",-15.955,-63.284,,"きりん SR",21.67,-47.154,,"coder_",11.358,-66.856,101,"Azuner",31.358,-102.501,,"YukihiroD",-16.238,-106.226,,"소솨소솨",-48.68,-93.407,,3241.422,-0.868,-38.938,,,,3237.261,-18.19,-40.888,,,,,,,3235.12,8.873,-59.521,,,,,,,,,,,,,,,,3240.449,-17.955,-40.008,,,,,,,3235.749,6.415,-56.312,,,,,,,,,,"",2,-4.879,-4.879,4.391,0,2,0.43,-19.522,-11.814,-7.873,-19.457,0.024,-36.806,0,"coder_",,,,11,""
47,,3,1,0,2,0,0,1,0,0,0,255,255,255,19,3264.539,"559：広告",R,3,80,119,0.373,-0.548,0.308,1.79,0.637,1.493,-36.419,56.138,86,14,0,0,"",-347.387,192.533,-5.96,0,0,8,"=","=","=","=","=","=","=","=","=",3,R,"ke ro",169.6,80.196,0.367,,59,W,Y,0,,,,,,,,,,,,,,,,,,,,,,,,,,,,,0,0,,,,,,,,,,,,,,,,,,,,,,,,,,,,,,,,,,,,,,-0.264,-37.519,0.008,-17.461,-20.899,-46.862,-16.009,-62.974,20.099,-47.957,9.976,-64.607,28.75,-96.824,-16.906,-100.939,-48.297,-90.994,,,,"",,,,"",,,,"",,,,"",,,,"",,,,"",,,,"",,,,"",,,,3268.427,-0.419,-37.229,,,,,,,,,,,,,,,,,,,,,,,,,,,,,,,,,,,,,,,,,,,,,,,,,,,,"",0,,,,,,,,,,,,,0,"",,,,0,""
48,,3,1,0,2,0,1,1,0,0,0,255,255,255,20,3276.268,"559：広告",R,3,90,115,-0.826,-1.03,0.305,1.572,0.325,1.134,-36.419,35.603,22,78,0,2,"",-406.68,81.048,0.908,0,0,8,"=","=","=","=","=","=","=","=","=",3,R,"ke ro",169.6,80.196,0.367,5,59,W,Y,1,3277.309,183,111,46,59,48,,134,85,6.612,-15.156,-0.131,0.635,-20.779,1,0,0.563,-268.539,-85.391,-117.397,3277.83,6.936,-46.186,3278.775,5,9.929,0.07,-55.794,0,0,,3282.56,,,,,,,,,,,,,3282.025,8,,147,1,,,,,,,,,,,,,,,,,,,-0.105,-37.748,-0.011,-17.469,-20.811,-46.959,-15.953,-63.015,19.991,-47.729,10.355,-64.944,29.349,-94.567,-17.204,-100.864,-49.03,-91.665,-0.18,-37.101,,"SFIDA",-0.009,-17.483,,"레이나2",-20.625,-46.841,85,"柴山犬吉",-15.754,-63.059,,"きりん SR",19.972,-47.774,,"coder_",10.019,-63.825,101,"Azuner",27.304,-95.121,,"YukihiroD",-17.2,-100.868,,"소솨소솨",-49.051,-91.652,,3285.155,-0.969,-38.787,,,,3281.427,-17.884,-40.54,,,,,,,3279.289,9.908,-56.602,,,,,,,,,,,,,,,,3284.159,-17.31,-39.832,,,,,,,3279.974,6.426,-53.469,,,,,,,,,,"",2,-12.162,-12.162,-3.966,0,1,0,6.612,6.612,7.554,7.005,0.007,-40.299,0,"coder_",,,,11,""
49,,3,1,0,2,0,0,2,0,0,0,255,255,255,21,3299.777,"559：広告",R,3,72,100,0.805,-0.668,0.405,1.758,1.126,1.48,-36.419,74.198,87,13,0,0,"",-384.885,191.751,-11.082,0,0,0,"=","=","=","=","=","=","=","=","=",1,L,"_Chun",190,80,0.455,,59,W,Y,0,,,,,,,,,,,,,,,,,,,,,,,,,,,,,0,0,,,,,,,,,,,,,,,,,,,,,,,,,,,,,,,,,,,,,,-0.168,-37.811,-0.039,-17.508,-20.645,-46.701,-13.214,-64.833,22.022,-49.037,12.139,-65.36,49.398,-102.888,14.948,-119.31,-45.922,-91.844,,,,"",,,,"",,,,"",,,,"",,,,"",,,,"",,,,"",,,,"",,,,3304.188,-0.266,-37.385,,,,,,,,,,,,,,,,,,,,,,,,,,,,,,,,,,,,,,,,,,,,,,,,,,,,"",0,,,,,,,,,,,,,0,"",,,,0,""
50,,3,1,0,2,0,1,2,0,0,0,255,255,255,22,3310.884,"559：広告",R,3,70,100,0.157,-0.711,0.475,1.602,0.789,1.182,-36.419,59.202,0,100,0,0,"",-359.327,0,0.294,0,0,0,"=","=","=","=","=","=","=","=","=",1,L,"_Chun",190,80,0.455,,59,W,Y,0,,,,,,,,,,,,,,,,,,,,,,,,,,,,,0,0,,,,,,,,,,,,,,,,,,,,,,,,,,,,,,,,,,,,,,-0.214,-37.515,-0.042,-17.481,-20.645,-46.712,-13.181,-64.89,21.976,-49.032,11.781,-65.743,49.541,-102.88,14.96,-119.312,-47.73,-91.894,,,,"",,,,"",,,,"",,,,"",,,,"",,,,"",,,,"",,,,"",,,,3315.219,-0.344,-37.284,,,,,,,,,,,,,,,,,,,,,,,,,,,,,,,,,,,,,,,,,,,,,,,,,,,,"",0,,,,,,,,,,,,,0,"",,,,0,""
51,,3,1,0,2,0,2,2,0,0,0,255,255,255,23,3324.036,"559：広告",R,13,68,100,2.316,-0.267,0.458,1.81,1.511,1.759,-36.419,77.866,89,11,0,1,"",-252.092,211.099,-5.727,0,0,0,"=","=","=","=","=","=","=","=","=",1,L,"_Chun",190,80,0.455,,59,W,Y,0,,,,,,,,,,,,,,,,,,,,,,,,,,,,,0,0,,,,,,,,,,,,,,,,,,,,,,,,,,,,,,,,,,,,,,-0.174,-37.561,-0.062,-17.464,-20.648,-46.717,-13.155,-64.896,21.977,-49.062,11.523,-65.552,49.54,-102.879,14.931,-119.25,-44.914,-90.556,,,,"",,,,"",,,,"",,,,"",,,,"",,,,"",,,,"",,,,"",,,,3332.518,0.117,-37.359,,,,,,,,,,,,,,,,,,,,,,,,,,,,,,,,,,,,,,,,,,,,,,,,,,,,"",0,,,,,,,,,,,,,0,"",,,,0,""
52,,3,1,0,2,1,2,2,0,0,0,255,255,255,24,3340.452,"559：広告",R,13,83,109,-0.579,-1.067,0.294,1.644,0.291,1.346,-36.419,37.024,88,12,0,4,"",-301.874,309.766,-1.846,0,0,0,"=","=","=","=","=","=","=","=","=",1,L,"_Chun",190,80,0.455,,59,W,Y,1,,,,,,,,,,,,,,,,,,,,,,,,,,,,,0,1,,,,,,,,,,,,,,,3343.18,0,,578,0,,,,,,,,,,,,,,,,,3342.849,1,-0.188,-37.486,-0.045,-17.508,-20.557,-46.968,-12.954,-64.95,22.013,-49.105,11.641,-65.278,49.657,-102.873,17.844,-117.861,-37.598,-96.613,,,,"",,,,"",,,,"",,,,"",,,,"",,,,"",,,,"",,,,"",,,,,,,,,,,,,,,,,,,,,,,,,,,,,,,,,,,,,,,,,,,,,,,,,,,,,,,,,,"",0,,,,,,,,,,,,,0,"",,,,0,""
53,SIDE,3,1,0,2,0,0,2,0,0,0,255,255,255,,3346.223,,,,,,,,,,,,,,,,,,,,,,,,1,"=","=","=","=","=","=","=","=","=",,,,,,,,,,,,,,,,,,,,,,,,,,,,,,,,,,,,,,,0,0,,,,,,,,,,,,,,,,,,,,,,,,,,,,,,,,,,,,,,,,,,,,,,,,,,,,,,,,,,,,,,,,,,,,,,,,,,,,,,,,,,,,,,,,,,,,,,,,,,,,,,,,,,,,,,,,,,,,,,,,,,,,,,,,,,,,,,,,,,,,,,,,,"",0,,,,,,,,,,,,,0,"",,,,0,""
54,,3,0,0,2,0,0,0,0,0,0,255,255,255,23,3408.13,"わかなで",L,0,80,130,1.699,-0.683,-0.258,1.749,0.748,1.206,-36.84,16.691,50,50,0,1,"",0,0,0,0,0,0,"coder_","559：広告","소솨소솨","레이나2","Azuner","きりん SR","YukihiroD","SFIDA","柴山犬吉",5,R,"coder_",168.1,80,0.283,,54,W,Y,0,,,,,,,,,,,,,,,,,,,,,,,,,,,,,0,0,,,,,,,,,,,,,,,,,,,,,,,,,,,,,,,,,,,,,,0.125,-37.856,0.023,-17.163,-19.612,-44.511,-12.007,-63.643,18.902,-46.339,11.731,-64.246,35.941,-92.15,0.956,-112.75,-47.259,-88.82,,,,"",,,,"",,,,"",,,,"",,,,"",,,,"",,,,"",,,,"",,,,,,,,,,,,,,,,,,,,,,,,,,,,,,,,,,,,,,,,,,,,,,,,,,,,,,,,,,"",0,,,,,,,,,,,,,0,"",,,,0,""
55,,3,0,0,2,1,0,0,0,0,0,255,255,255,24,3422.489,"わかなで",L,10,71,113,-1.453,1.284,-0.482,2.066,-0.712,2.893,-36.84,46.587,100,0,0,1,"",50.782,400,-1.034,0,0,0,"=","=","=","=","=","=","=","=","=",5,R,"coder_",168.1,80,0.283,,54,W,Y,0,,,,,,,,,,,,,,,,,,,,,,,,,,,,,0,0,,,,,,,,,,,,,,,,,,,,,,,,,,,,,,,,,,,,,,0.198,-38.096,0.024,-17.383,-20.075,-45.384,-11.699,-64.482,18.961,-46.285,11.813,-63.853,35.956,-92.159,0.926,-112.773,-45.611,-90.517,,,,"",,,,"",,,,"",,,,"",,,,"",,,,"",,,,"",,,,"",,,,,,,,,,,,,,,,,,,,,,,,,,,,,,,,,,,,,,,,,,,,,,,,,,,,,,,,,,"",0,,,,,,,,,,,,,0,"",,,,0,""
56,,3,0,0,2,2,0,0,0,0,0,255,255,255,25,3436.005,"わかなで",L,26,86,139,1.337,-0.615,-0.287,1.698,0.624,1.07,-36.84,24.157,43,57,0,0,"",-22.77,-176.847,12.397,0,0,0,"=","=","=","=","=","=","=","=","=",5,R,"coder_",168.1,80,0.283,,54,W,Y,0,,,,,,,,,,,,,,,,,,,,,,,,,,,,,0,0,,,,,,,,,,,,,,,,,,,,,,,,,,,,,,,,,,,,,,0.219,-37.961,-0.019,-17.2,-20.031,-44.766,-12.491,-63.98,19.121,-46.443,12.013,-63.999,35.953,-92.155,0.968,-112.541,-46.601,-89.404,,,,"",,,,"",,,,"",,,,"",,,,"",,,,"",,,,"",,,,"",,,,,,,,,,,,,,,,,,,,,,,,,,,,,,,,,,,,,,,,,,,,,,,,,,,,,,,,,,"",0,,,,,,,,,,,,,0,"",,,,0,""
57,,3,0,0,2,2,1,0,0,0,0,255,255,255,26,3448.539,"わかなで",L,29,68,108,0.531,-0.405,-0.313,1.723,-0.069,1.248,-36.84,29.082,44,56,0,0,"",159.49,-101.947,6.358,0,0,0,"=","=","=","=","=","=","=","=","=",5,R,"coder_",168.1,80,0.283,,54,W,Y,0,,,,,,,,,,,,,,,,,,,,,,,,,,,,,0,0,,,,,,,,,,,,,,,,,,,,,,,,,,,,,,,,,,,,,,0.239,-37.893,-0.195,-17.254,-19.921,-44.091,-11.662,-64.815,18.996,-46.184,12.042,-64.445,35.953,-92.155,0.949,-112.673,-46.088,-90.604,,,,"",,,,"",,,,"",,,,"",,,,"",,,,"",,,,"",,,,"",,,,,,,,,,,,,,,,,,,,,,,,,,,,,,,,,,,,,,,,,,,,,,,,,,,,,,,,,,"",0,,,,,,,,,,,,,0,"",,,,0,""
58,,3,0,0,2,2,2,0,0,0,0,255,255,255,27,3462.726,"わかなで",L,27,90,140,2.275,0.614,-0.302,1.859,0.579,1.858,-36.84,26.077,80,20,0,2,"BA-",-77.776,-140.584,2.772,0,0,0,"=","=","=","=","=","=","=","=","=",5,R,"coder_",168.1,80,0.283,3,54,W,Y,1,3463.779,134,53,85,54,29,,138,81,13.475,36.741,0.077,1.122,-20.109,-0.74,0,0.211,186.934,374.602,-429.801,,,,3464.853,2,-16.127,3.434,-40.732,0,0,,,,,,,,,,,,,,,3465.492,0,,451,0,,,,,,,,,,,3466.877,2,,,,,,,0.198,-38.01,0.075,-17.313,-19.387,-43.096,-12.609,-64.778,19.131,-46.139,12.338,-64.975,35.942,-92.141,1.002,-112.607,-46.085,-90.588,-0.274,-37.216,,"_Chun",0.086,-17.298,,"TaeGeuk_",-19.269,-44.436,86,"ke ro",-12.743,-64.929,,"MODECO",19.006,-46.112,,"檸檬の残骸",12.558,-65.587,,"「론구」",35.788,-91.896,,"Mr․D VRC",0.982,-112.514,,"ゆっち一",-46.996,-90.867,,3469.081,-0.237,-38.12,,,,3465.502,-16.563,-41.323,,,,,,,,,,,,,,,,,,,,,,,,,3468.112,-16.087,-39.646,,,,,,,,,,,,,,,,,,,"",1,,,,,,,,,,,,,0,"TaeGeuk_",,,,136,""
59,,3,0,0,2,0,0,1,0,0,0,255,255,255,28,3498.681,"わかなで",L,0,82,134,-0.667,0.637,-0.493,1.9,-0.276,2,-36.84,25.851,82,16,2,0,"",0,0,0,0,0,1,"=","눈꽃","=","=","=","=","=","=","=",9,L,"눈꽃",190,90,0.597,,59,W,Y,0,,,,,,,,,,,,,,,,,,,,,,,,,,,,,0,0,,,,,,,,,,,,,,,,,,,,,,,,,,,,,,,,,,,,,,-0.074,-37.956,-0.091,-17.343,-18.302,-42.769,-12.907,-64.226,21.963,-47.738,13.543,-64.022,48.547,-104.007,0.607,-115.738,-48.23,-95.892,,,,"",,,,"",,,,"",,,,"",,,,"",,,,"",,,,"",,,,"",,,,3502.46,-0.003,-37.64,,,,,,,,,,,,,,,,,,,,,,,,,,,,,,,,,,,,,,,,,,,,,,,,,,,,"",0,,,,,,,,,,,,,0,"",,,,0,""
60,,3,0,0,2,0,1,1,0,0,0,255,255,255,29,3509.57,"わかなで",L,0,86,140,-1.834,1.178,-0.575,1.982,-0.781,2.34,-36.84,42.769,79,19,2,1,"",0,0,0,0,0,1,"=","=","=","=","=","=","=","=","=",9,L,"눈꽃",190,90,0.597,,59,W,Y,0,,,,,,,,,,,,,,,,,,,,,,,,,,,,,0,0,,,,,,,,,,,,,,,,,,,,,,,,,,,,,,,,,,,,,,0.032,-38.017,-0.037,-17.281,-19.48,-47.036,-12.924,-64.252,21.96,-47.729,14.278,-63.734,48.545,-103.974,0.619,-115.72,-49.39,-94.284,,,,"",,,,"",,,,"",,,,"",,,,"",,,,"",,,,"",,,,"",,,,3513.2,-0.142,-37.548,,,,,,,,,,,,,,,,,,,,,,,,,,,,,,,,,,,,,,,,,,,,,,,,,,,,"",0,,,,,,,,,,,,,0,"",,,,0,""
61,,3,0,0,2,1,1,1,0,0,0,255,255,255,30,3520.204,"わかなで",L,0,82,133,-1.906,1.31,-0.599,2.006,-0.812,2.421,-36.84,43.32,76,22,2,1,"",0,0,0,0,0,1,"=","=","=","=","=","=","=","=","=",9,L,"눈꽃",190,90,0.597,,59,W,Y,0,,,,,,,,,,,,,,,,,,,,,,,,,,,,,0,0,,,,,,,,,,,,,,,,,,,,,,,,,,,,,,,,,,,,,,0.029,-37.967,-0.101,-17.144,-19.537,-46.934,-12.912,-64.242,21.946,-47.686,13.711,-64.989,48.521,-104.009,0.635,-115.984,-49.378,-94.299,,,,"",,,,"",,,,"",,,,"",,,,"",,,,"",,,,"",,,,"",,,,3524.019,0.022,-37.562,,,,,,,,,,,,,,,,,,,,,,,,,,,,,,,,,,,,,,,,,,,,,,,,,,,,"",0,,,,,,,,,,,,,0,"",,,,0,""
62,,3,0,0,2,2,1,1,0,0,0,255,255,255,31,3530.756,"わかなで",L,0,79,129,-1.177,0.663,-0.506,1.957,-0.497,2.013,-36.84,38.7,84,16,0,0,"",0,0,0,0,0,1,"=","=","=","=","=","=","=","=","=",9,L,"눈꽃",190,90,0.597,,59,W,Y,1,,,,,,,,,,,,,,,,,,,,,,,,,,,,,0,0,,,,,,,,,,,,,,,,,,,,,,,,,,,,,,,,,,,,,,0.087,-37.945,-0.161,-17.166,-19.758,-46.542,-13.173,-64.513,21.969,-47.744,13.122,-64.53,48.509,-103.998,0.583,-115.892,-49.384,-94.258,,,,"",,,,"",,,,"",,,,"",,,,"",,,,"",,,,"",,,,"",,,,3534.687,-0.072,-37.519,,,,,,,,,,,,,,,,,,,,,,,,,,,,,,,,,,,,,,,,,,,,,,,,,,,,"",0,,,,,,,,,,,,,0,"",,,,0,""
63,,3,0,0,2,2,2,1,0,0,0,255,255,255,32,3541.828,"わかなで",L,0,90,140,0.747,-1.242,-0.362,1.656,0.337,0.821,-36.84,22.014,52,48,0,2,"",0,0,0,0,0,1,"=","=","=","=","=","=","=","=","=",9,L,"눈꽃",190,90,0.597,5,59,W,Y,1,3542.87,255,102,92,93,18,,145,131,-10.65,-5.394,0.142,0.463,-19.973,0.44,0,0.357,-366.876,61.33,131.722,3542.186,0.338,-22.055,3545.767,7,7.03,0.059,-104.035,1,0,,3548.461,,,,,,,,,,,,,,,,,,,,,,,,,,,,,,,,,,,,0.123,-37.861,-0.105,-17.167,-20.446,-45.517,-13.085,-64.289,22.016,-48.077,13.374,-64.19,48.529,-104.018,0.571,-115.908,-49.399,-94.267,-0.158,-37.23,,"_Chun",-0.072,-17.166,,"TaeGeuk_",-20.452,-45.521,,"ke ro",-12.979,-64.063,78,"MODECO",21.93,-47.955,,"檸檬の残骸",13.374,-64.182,,"「론구」",48.374,-103.819,,"Mr․D VRC",0.577,-115.806,116,"ゆっち一",-49.392,-94.258,,3553.325,0.351,-39.136,,,,,,,3548.957,0.492,-60.239,,,,3548.915,0.289,-59.643,,,,3546.405,7.023,-105.508,,,,,,,,,,,,,3552.232,-3.718,-56.829,,,,,,,,,,3547.277,6.406,-99.387,,,,"",2,-7.14,-7.14,4.63,0,0,1,-10.65,-10.65,-21.194,-10.65,0,-10.004,0,"Mr․D VRC",,,,360,""
64,,3,0,0,2,0,0,1,1,0,0,19,255,255,33,3571.159,"わかなで",L,26,63,104,-0.342,0.162,-0.457,1.789,-0.396,1.485,-36.84,31.534,70,30,0,2,"",123.909,-192.736,28.804,0,0,2,"=","=","=","=","=","=","=","=","=",8,R,"소솨소솨",186.3,80,0.503,5,58,W,Y,1,3572.36,71,169,127,83,20,,120,109,25.015,-43.438,-0.069,1.072,-20.573,0.77,0,0.684,584.614,23.379,-132.966,3576.669,66.882,-89.111,3579.767,6,71.023,0.058,-89.679,1,0,,3578.315,3582.778,,,3577.399,3582.674,,,,,,,,,,,,,,,,,,,,,,,,,,,3586.158,4,,,0.119,-37.825,-0.097,-17.27,-18.765,-42.798,-14.357,-63.709,19.304,-46.614,4.165,-62.149,37.929,-95.661,0.266,-109.909,-50.836,-94.446,-0.57,-37.761,,"_Chun",-0.122,-17.287,,"TaeGeuk_",-18.639,-43.031,,"ke ro",-14.352,-63.662,,"MODECO",19.141,-46.469,68,"檸檬の残骸",4.165,-62.115,,"「론구」",37.855,-95.585,103,"Mr․D VRC",0.302,-110.159,,"ゆっち一",-50.829,-94.444,,3590.884,0.865,-38.903,,,,,,,,,,3584.619,19.214,-38.492,,,,3580.481,70.435,-89.56,,,,,,,,,,,,,,,,,,,3589.809,15.992,-41.094,,,,3581.328,67.445,-85.458,,,,,,,"",2,-45.727,-45.727,-19.562,0,2,0.066,35.396,25.202,-6.466,36.637,0.043,-160.257,0,"「론구」",3577.399,3582.674,,28,""
65,,3,0,0,2,0,0,1,0,1,1,255,18,19,34,3605.487,"わかなで",L,27,91,140,0.783,0.245,-0.295,1.78,0.532,1.613,-36.84,32.607,45,50,5,0,"",-129.666,-140.729,1.4,0,0,3,"=","=","=","=","=","=","=","=","=",2,R,"레이나2",180.4,80.118,0.403,,58,W,Y,0,,,,,,,,,,,,,,,,,,,,,,,,,,,,,0,0,,,,,,,,,,,,,3606.253,3622.05,,,,,,,,,,,,,,,,,,,,,,,,0.258,-37.837,0.056,-17.259,-20.201,-45.663,-13.134,-64.313,18.827,-45.11,11.378,-64.768,38.365,-93.089,0.661,-112.422,-50.265,-93.135,,,,"",,,,"",,,,"",,,,"",,,,"",,,,"",,,,"",,,,"",,,,3610.222,0.285,-38.138,,,,,,,,,,,,,,,,,,,,,,,,,,,,,,,,,,,,,,,,,,,,,,,,,,,,"",0,,,,,,,,,,,,,0,"",3608.057,3607.853,,0,""
66,,3,0,0,2,0,1,1,0,1,1,255,18,19,35,3624.541,"わかなで",L,12,77,124,-1.348,-1.012,-0.535,1.646,-0.571,1.164,-36.84,35.767,50,50,0,0,"",0,143.312,17.198,0,0,3,"=","=","=","=","=","=","=","=","=",2,R,"레이나2",180.4,80.118,0.403,,58,W,Y,0,,,,,,,,,,,,,,,,,,,,,,,,,,,,,0,0,,,,,,,,,,,,,3639.983,3638.677,,,,,,,,,,,,,,,,,,,,,,,,0.093,-37.633,-0.008,-17.382,-20.22,-45.926,-12.345,-64.223,18.406,-44.826,12.046,-62.85,38.346,-93.062,0.644,-113.121,-52.134,-92.729,,,,"",,,,"",,,,"",,,,"",,,,"",,,,"",,,,"",,,,"",,,,3628.614,0.049,-37.893,,,,,,,,,,,,,,,,,,,,,,,,,,,,,,,,,,,,,,,,,,,,,,,,,,,,"",0,,,,,,,,,,,,,0,"",3626.929,3626.919,,0,""
67,,3,0,0,2,0,2,1,0,1,1,255,18,19,36,3640.088,"わかなで",L,33,87,140,0.465,1.089,-0.33,1.912,0.39,2.146,-36.84,34.709,75,21,4,2,"TE+",-127.084,-107.933,-2.09,0,0,3,"=","=","=","=","=","=","=","=","=",2,R,"레이나2",180.4,80.118,0.403,3,58,W,Y,1,3641.171,244,43,108,30,14,,145,95,27.976,5.436,0.097,1.304,-19.736,-0.43,0,0.225,208.058,-402.492,-103.601,3645.303,-0.076,-99.104,3645.478,7,-0.294,2.357,-96.249,0,0,,3646.664,,,,,,,3657.648,3662.58,3654.92,,3652.293,3643.568,3646.17,3,,456,0,,,,,,,,,,,,,,,,,,,0.166,-37.944,0.008,-17.312,-18.449,-45.967,-11.114,-63.325,18.63,-45.355,12.524,-65.593,38.355,-93.086,0.642,-113.312,-54.306,-95.378,-0.007,-37.31,,"_Chun",0.032,-17.425,130,"TaeGeuk_",-18.459,-45.972,,"ke ro",-10.907,-63.08,,"MODECO",18.575,-45.358,67,"檸檬の残骸",12.596,-65.924,,"「론구」",38.208,-92.929,103,"Mr․D VRC",0.664,-113.266,116,"ゆっち一",-52.475,-96.754,,3673.526,0.842,-39.026,3650.689,-0.678,-21.325,,,,,,,3666.756,32.182,-50.572,,,,3663.426,69.581,-86.867,3646.187,-0.363,-97.305,,,,,,,3652.008,4.288,-25.344,,,,,,,3672.323,17.871,-41.004,,,,3664.539,66.966,-82.634,3647.793,0.446,-86.916,,,,"",1,,,,,,,,,,,,,0,"Mr․D VRC",3647.296,3643.405,3654.92,61,""
68,,3,0,0,4,0,0,2,0,0,0,255,255,255,37,3685.971,"わかなで",L,10,72,102,0.405,-0.618,-0.345,1.815,0.047,1.871,-36.84,27.093,100,0,0,0,"",66.193,400,3.697,0,0,4,"=","=","=","=","=","=","=","=","=",6,L,"Azuner",181,80,0.296,,71,W,Y,0,,,,,,,,,,,,,,,,,,,,,,,,,,,,,0,0,,,,,,,,,,,,,,,,,,,,,,,,,,,,,,,,,,,,,,0.178,-37.839,-0.029,-17.248,-20.958,-46.087,-10.263,-64.932,20.855,-45.873,15.841,-63.431,50.157,-102.797,0.831,-117.41,-44.266,-90.446,,,,"",,,,"",,,,"",,,,"",,,,"",,,,"",,,,"",,,,"",,,,3689.966,-0.005,-37.635,,,,,,,,,,,,,,,,,,,,,,,,,,,,,,,,,,,,,,,,,,,,,,,,,,,,"",0,,,,,,,,,,,,,0,"",,,,0,""
69,,3,0,0,4,0,1,2,0,0,0,255,255,255,38,3696.371,"わかなで",L,10,81,108,0.763,-0.737,-0.27,1.778,0.339,1.748,-36.84,21.698,70,30,0,2,"",0,400,3.79,0,0,4,"=","=","=","=","=","=","=","=","=",6,L,"Azuner",181,80,0.296,3,71,W,Y,1,3697.579,255,66,61,67,50,,138,80,-30,-25.907,0.122,0.826,-21.195,1,0,0.642,-51.235,-35.196,203.066,3696.867,0.758,-22.503,3698.921,4,13.348,0.12,-48.842,0,0,,,,,,,,,,,,,,,3702.449,4,,147,4,,,,,,,,,,,,,,,,,,,0.226,-37.955,-0.026,-17.448,-19.582,-45.325,-9.9,-64.339,20.79,-45.506,14.675,-63.302,50.207,-102.756,0.566,-115.136,-48.317,-90.605,-0.509,-37.312,,"_Chun",0.067,-17.451,,"TaeGeuk_",-19.641,-45.29,,"ke ro",-9.852,-64.266,,"MODECO",20.808,-45.516,94,"檸檬の残骸",14.558,-63.178,,"「론구」",50.202,-102.741,,"Mr․D VRC",0.532,-114.02,,"ゆっち一",-48.161,-90.736,,,,,,,,3701.885,-18.514,-40.043,,,,3699.708,14.414,-49.963,,,,,,,,,,,,,,,,,,,,,,,,,3700.351,10.664,-49.017,,,,,,,,,,,,,"",2,,,,,,,,,,,,,0,"MODECO",,,,132,""
70,SIDE,3,0,0,4,0,0,2,0,0,0,255,255,255,,3704.387,,,,,,,,,,,,,,,,,,,,,,,,5,"=","=","=","=","=","=","=","=","=",,,,,,,,,,,,,,,,,,,,,,,,,,,,,,,,,,,,,,,0,0,,,,,,,,,,,,,,,,,,,,,,,,,,,,,,,,,,,,,,,,,,,,,,,,,,,,,,,,,,,,,,,,,,,,,,,,,,,,,,,,,,,,,,,,,,,,,,,,,,,,,,,,,,,,,,,,,,,,,,,,,,,,,,,,,,,,,,,,,,,,,,,,,"",0,,,,,,,,,,,,,0,"",,,,0,""
71,,4,1,0,4,0,0,0,0,0,0,255,255,255,25,3751.437,"559：広告",R,13,78,115,0.488,-1.474,0.373,1.744,0.728,1.213,-36.419,52.901,89,11,0,1,"",-308.167,393.742,-4.185,0,0,1,"_Chun","ゆっち一","MODECO","わかなで","「론구」","Mr․D VRC","檸檬の残骸","TaeGeuk_","ke ro",8,L,"ゆっち一",181.3,84,0.401,,58,W,Y,0,,,,,,,,,,,,,,,,,,,,,,,,,,,,,0,0,,,,,,,,,,,,,,,,,,,,,,,,,,,,,,,,,,,,,,-0.23,-37.498,-0.072,-17.368,-20.94,-46.943,-13.492,-64.783,22.151,-48.297,12.046,-65.373,46.509,-104.269,0.476,-119.145,-36.632,-100.595,,,,"",,,,"",,,,"",,,,"",,,,"",,,,"",,,,"",,,,"",,,,,,,,,,,,,,,,,,,,,,,,,,,,,,,,,,,,,,,,,,,,,,,,,,,,,,,,,,"",0,,,,,,,,,,,,,0,"",,,,0,""
72,,4,1,0,4,1,0,0,0,0,0,255,255,255,26,3763.525,"559：広告",R,3,69,110,4.594,0.452,0.591,1.737,2.853,1.883,-36.419,76.416,66,34,0,1,"",-481.405,0,1.72,0,0,1,"=","=","=","=","=","=","=","=","=",8,L,"ゆっち一",181.3,84,0.401,,58,W,Y,0,,,,,,,,,,,,,,,,,,,,,,,,,,,,,0,0,,,,,,,,,,,,,,,,,,,,,,,,,,,,,,,,,,,,,,-0.076,-37.628,-0.056,-17.49,-20.915,-47.092,-13.532,-64.689,22.202,-48.343,11.946,-65.726,46.371,-104.066,0.413,-119.065,-39.033,-97.863,,,,"",,,,"",,,,"",,,,"",,,,"",,,,"",,,,"",,,,"",,,,,,,,,,,,,,,,,,,,,,,,,,,,,,,,,,,,,,,,,,,,,,,,,,,,,,,,,,"",0,,,,,,,,,,,,,0,"",,,,0,""
73,,4,1,0,4,2,0,0,0,0,0,255,255,255,27,3773.961,"559：広告",R,3,68,98,0.621,-0.644,0.481,1.673,1.038,1.354,-36.419,72.884,70,30,0,2,"",-372.554,74.314,-3.434,0,0,1,"=","=","=","=","=","=","=","=","=",8,L,"ゆっち一",181.3,84,0.401,3,58,W,Y,1,3775.181,215,231,59,82,106,,137,100,25.232,-26.821,0.118,0.758,-20.494,0.91,0,0.547,-48.484,207.518,153.677,,,,3779.105,6,33.21,2.595,-95.433,0,0,,3780.818,,,,,,,,,,,,,3779.933,1,,455,0,,,,,,,,,,,,,,,,,,,-0.183,-37.646,-0.05,-17.454,-21.053,-46.796,-13.474,-64.72,22.334,-48.493,12.585,-65.413,46.43,-104.041,0.389,-119.057,-39.119,-97.833,-0.209,-37.104,,"SFIDA",0.012,-17.483,,"레이나2",-20.742,-46.928,,"柴山犬吉",-13.779,-63.681,,"きりん SR",22.195,-48.342,,"coder_",12.383,-65.166,100,"Azuner",46.412,-104.052,120,"YukihiroD",0.251,-119.082,,"소솨소솨",-39.002,-97.896,,3785.775,0.299,-39.909,,,,,,,,,,,,,3782.863,14.37,-68.486,3779.943,33.616,-96.336,,,,,,,,,,,,,,,,,,,,,,3784.282,13.524,-67.213,3781.753,30.789,-92.688,,,,,,,"",1,,,,,,,,,,,,,0,"Azuner",,,,17,""
74,,4,1,0,4,0,0,1,0,0,0,255,255,255,28,3799.624,"559：広告",R,5,82,116,-1.205,-0.373,0.092,1.657,-0.335,1.374,-36.419,43,39,61,0,0,"",-114.668,0,0.673,0,0,2,"=","=","=","=","=","=","=","=","=",4,R,"MODECO",190,85,0.447,,58,W,Y,1,,,,,,,,,,,,,,,,,,,,,,,,,,,,,0,0,,,,,,,,,,,,,,,,,,,,,,,,,,,,,,,,,,,,,,-0.443,-37.291,-0.097,-17.396,-21.06,-46.491,-16.107,-63.166,22.049,-48.572,10.781,-65.929,34.664,-100.714,-13.601,-113.036,-54.072,-101.011,,,,"",,,,"",,,,"",,,,"",,,,"",,,,"",,,,"",,,,"",,,,3807.622,-0.254,-37.273,,,,,,,,,,,,,,,,,,,,,,,,,,,,,,,,,,,,,,,,,,,,,,,,,,,,"",0,,,,,,,,,,,,,0,"",,,,0,""
75,,4,1,0,4,0,1,1,0,0,0,255,255,255,29,3814.739,"559：広告",R,13,86,109,-2.455,-1.116,0.062,1.655,-0.427,1.369,-36.419,41.975,39,61,0,1,"",-352.254,351.61,-6.249,0,0,2,"=","=","=","=","=","=","=","=","=",4,R,"MODECO",190,85,0.447,,58,W,Y,0,,,,,,,,,,,,,,,,,,,,,,,,,,,,,0,0,,,,,,,,,,,,,,,,,,,,,,,,,,,,,,,,,,,,,,-0.425,-37.441,-0.067,-17.33,-20.818,-46.928,-15.977,-63.34,22.109,-48.587,11.723,-65.86,34.167,-100.831,-12.758,-112.476,-47.781,-96.703,,,,"",,,,"",,,,"",,,,"",,,,"",,,,"",,,,"",,,,"",,,,3819.088,-0.32,-37.26,,,,,,,,,,,,,,,,,,,,,,,,,,,,,,,,,,,,,,,,,,,,,,,,,,,,"",0,,,,,,,,,,,,,0,"",,,,0,""
76,,4,1,0,4,1,1,1,0,0,0,255,255,255,30,3827.272,"559：広告",R,3,71,102,1.473,0.107,0.461,1.82,1.314,1.764,-36.419,76.126,82,18,0,2,"",-344.338,53.706,-5.515,0,0,2,"=","=","=","=","=","=","=","=","=",4,R,"MODECO",190,85,0.447,3,58,W,Y,1,3828.501,255,184,143,121,72,,145,87,25.917,63.481,0.302,1.129,-21.117,1,0,0.516,-74.22,269.6,209.569,3829.88,-39.913,-39.417,,,,,,0,0,,,,,,,,,,,,,,,,,,,,,,,,,,,,,,,,,,,,,,-0.25,-37.616,-0.056,-17.32,-20.965,-46.892,-15.639,-63.465,22.147,-48.537,11.086,-65.665,34.253,-100.82,-12.921,-112.459,-48.794,-95.808,0.133,-37.187,,"SFIDA",-0.037,-17.328,,"레이나2",-20.62,-46.921,,"柴山犬吉",-15.523,-63.349,,"きりん SR",22.166,-48.55,,"coder_",11.102,-65.518,,"Azuner",34.229,-100.798,,"YukihiroD",-12.697,-112.475,,"소솨소솨",-49.198,-95.143,,,,,,,,,,,,,,,,,,,,,,,,,,,,,,,,,,,,,,,,,,,,,,,,,,,,,,,,"",3,,,,,,,,,,,,,0,"",,,,0,""
77,,4,1,0,4,1,2,1,0,0,0,255,255,255,31,3845.061,"559：広告",R,13,73,103,0.829,-0.676,0.306,1.842,0.719,1.674,-36.419,69.032,92,8,0,0,"",-186.617,346.51,-8.139,0,0,2,"=","=","=","=","=","=","=","=","=",4,R,"MODECO",190,85,0.447,,58,W,Y,1,,,,,,,,,,,,,,,,,,,,,,,,,,,,,0,4,,,,,,,,,,,,,,,3847.847,2,,578,0,,,,,,,,,,,,,,,,,,,-0.397,-37.271,0.034,-17.406,-21.136,-46.752,-16.147,-63.133,20.88,-47.125,11.042,-65.755,34.358,-100.881,-12.964,-111.669,-47.499,-94.673,,,,"",,,,"",,,,"",,,,"",,,,"",,,,"",,,,"",,,,"",,,,,,,,,,,,,,,,,,,,,,,,,,,,,,,,,,,,,,,,,,,,,,,,,,,,,,,,,,"",0,,,,,,,,,,,,,0,"",,,,0,""
78,,4,1,0,4,0,0,2,0,0,0,255,255,255,32,3864.998,"559：広告",R,13,85,109,-1.695,-1.689,0.166,1.573,-0.097,0.989,-36.419,36.592,38,62,0,4,"",-360.847,342.621,-4.709,-0.445,-18.491,3,"=","=","=","=","=","=","=","=","=",0,L,"わかなで",190,80,0.2,,45,W,Y,1,,,,,,,,,,,,,,,,,,,,,,,,,,,,,0,0,,,,,,,,,,,,,,,,,,,,,,,,,,,,,,,,,,,,,,-0.238,-37.518,-0.076,-17.33,-20.86,-46.816,-13.418,-64.833,22.409,-48.83,12.082,-65.457,46.581,-104.45,-7.567,-118.439,-33.703,-82.311,,,,"",,,,"",,,,"",,,,"",,,,"",,,,"",,,,"",,,,"",,,,,,,,,,,,,,,,,,,,,,,,,,,,,,,,,,,,,,,,,,,,,,,,,,,,,,,,,,"",0,,,,,,,,,,,,,0,"",,,,0,""
79,,4,1,0,4,0,1,2,0,0,0,255,255,255,33,3883.382,"559：広告",R,10,59,92,0.168,-1.019,0.122,1.827,0.07,1.628,-36.419,45.563,100,0,0,4,"",0,400,-3.63,0,0,3,"=","=","=","=","=","=","=","=","=",0,L,"わかなで",190,80,0.2,,45,W,Y,1,,,,,,,,,,,,,,,,,,,,,,,,,,,,,0,0,,,,,,,,,,,,,,,,,,,,,,,,,,,,,,,,,,,,,,-0.239,-37.923,-0.026,-17.369,-20.893,-46.921,-13.294,-64.818,21.317,-49.202,12.018,-65.374,46.245,-104.695,-2.784,-118.02,-34.604,-82.436,,,,"",,,,"",,,,"",,,,"",,,,"",,,,"",,,,"",,,,"",,,,,,,,,,,,,,,,,,,,,,,,,,,,,,,,,,,,,,,,,,,,,,,,,,,,,,,,,,"",0,,,,,,,,,,,,,0,"",,,,0,""
80,,4,1,0,4,0,2,2,0,0,0,255,255,255,34,3898.37,"559：広告",R,13,88,127,0.063,-1.791,0.264,1.554,0.3,0.9,-36.419,36.923,48,52,0,2,"",-186.165,400,-2.82,0,0,3,"=","=","=","=","=","=","=","=","=",0,L,"わかなで",190,80,0.2,3,45,W,Y,1,3899.512,233,199,112,91,83,,145,87,-9.16,50.873,-0.28,0.333,-21.274,1,0,0.541,-180.624,-231.127,282.289,3898.855,-2.127,-22.781,,,,,,0,0,,,,,,,,,,,,,,,,,,,,,,,,,,,,,,,,,,,,,,-0.2,-37.511,-0.01,-17.382,-20.345,-46.379,-13.248,-64.877,21.639,-49.481,11.882,-65.466,46.326,-104.697,-1.988,-115.399,-34.733,-81.113,-0.021,-37.272,,"SFIDA",0.016,-17.422,,"레이나2",-20.137,-46.31,,"柴山犬吉",-13.29,-64.651,,"きりん SR",21.608,-49.57,,"coder_",11.842,-65.16,,"Azuner",46.233,-104.74,,"YukihiroD",-1.99,-115.379,,"소솨소솨",-34.261,-80.63,,,,,,,,,,,,,,,,,,,,,,,,,,,,,,,,,,,,,,,,,,,,,,,,,,,,,,,,"",3,,,,,,,,,,,,,0,"",,,,0,""
81,,4,1,0,4,0,2,2,0,0,0,255,255,255,35,3914.772,"559：広告",R,28,76,127,1.85,0.575,0.34,1.949,0.659,1.998,-36.419,58.242,77,23,0,2,"",47.223,-99.698,-1.035,0,0,3,"=","=","=","=","=","=","=","=","=",0,L,"わかなで",190,80,0.2,5,45,W,Y,1,3915.909,253,230,104,106,67,,145,117,-30,47.868,0.306,1.35,-20.541,0.9,0,0.5,231.641,186.65,-512.783,3915.213,-1.348,-22.033,,,,,,0,0,,,,,,,,,,,,,,,,,,,,,,,,,,,,,,,,,,,,,,-0.207,-37.57,-0.069,-17.372,-20.991,-46.954,-14.52,-64.094,21.327,-48.452,12.141,-65.575,46.565,-104.495,-0.959,-116.07,-36.333,-82.391,-0.151,-36.729,,"SFIDA",0.195,-17.61,,"레이나2",-20.646,-46.879,,"柴山犬吉",-14.479,-63.942,,"きりん SR",21.331,-48.152,,"coder_",12.291,-64.77,,"Azuner",46.57,-104.499,,"YukihiroD",-0.963,-116.06,,"소솨소솨",-35.166,-82.986,,,,,,,,,,,,,,,,,,,,,,,,,,,,,,,,,,,,,,,,,,,,,,,,,,,,,,,,"",3,47.801,47.801,14.16,0,2,0.374,-47.697,-34.473,-5.333,-50.936,0.038,92.715,0,"",,,,0,""
82,,4,1,0,4,0,2,2,0,0,0,255,255,255,36,3947.912,"559：広告",R,13,90,112,-2.251,-2.281,0.026,1.387,-0.423,0.668,-36.419,23.948,34,66,0,2,"",-315.973,387.506,3.698,0,0,3,"=","=","=","=","=","=","=","=","=",0,L,"わかなで",190,80,0.2,5,45,W,Y,1,3949.074,81,255,23,107,115,,65,67,-30,56.41,-0.38,0.252,-21.118,0.99,0,0.738,39.01,131.376,552.193,3948.315,-0.658,-21.303,,,,,,0,0,,,,,,,,,,,,,,,,,,,,,,,,,,,,,,,,,,,,,,-0.289,-37.653,-0.046,-17.573,-21.077,-46.57,-14.788,-63.783,21.731,-48.52,11.631,-65.441,47.729,-105.463,-2.348,-114.986,-37.055,-82.228,-0.225,-37.064,,"SFIDA",-0.049,-17.593,,"레이나2",-20.728,-46.749,,"柴山犬吉",-14.708,-63.71,,"きりん SR",21.736,-48.47,,"coder_",11.54,-65.484,,"Azuner",47.667,-105.567,,"YukihiroD",-2.094,-114.871,,"소솨소솨",-36.585,-82.127,,,,,,,,,,,,,,,,,,,,,,,,,,,,,,,,,,,,,,,,,,,,,,,,,,,,,,,,"",3,69.184,52.1,19.027,0.576,2,0.089,-75.037,-68.019,-14.307,-75.236,0.067,157.689,0,"",,,,0,""
83,,4,1,0,4,0,2,2,0,0,0,255,255,255,37,3964.778,"559：広告",R,10,55,89,0.927,-0.941,0.225,1.823,0.397,1.701,-36.419,47.078,100,0,0,0,"",0,400,-7.739,0,0,3,"=","=","=","=","=","=","=","=","=",0,L,"わかなで",190,80,0.2,,45,W,Y,1,,,,,,,,,,,,,,,,,,,,,,,,,,,,,0,8,,,,,,,,,,,,,,,3967.678,3,,578,0,,,,,,,,,,,,,,,,,,,-0.104,-37.892,-0.051,-17.634,-21.114,-46.854,-15.684,-63.52,21.892,-48.587,11.792,-65.207,47.439,-104.812,-1.65,-113.929,-37.51,-77.28,,,,"",,,,"",,,,"",,,,"",,,,"",,,,"",,,,"",,,,"",,,,,,,,,,,,,,,,,,,,,,,,,,,,,,,,,,,,,,,,,,,,,,,,,,,,,,,,,,"",0,,,,,,,,,,,,,0,"",,,,0,""
84,SIDE,4,1,0,4,0,0,2,0,0,0,255,255,255,,3970.533,,,,,,,,,,,,,,,,,,,,,,,,4,"=","=","=","=","=","=","=","=","=",,,,,,,,,,,,,,,,,,,,,,,,,,,,,,,,,,,,,,,0,0,,,,,,,,,,,,,,,,,,,,,,,,,,,,,,,,,,,,,,,,,,,,,,,,,,,,,,,,,,,,,,,,,,,,,,,,,,,,,,,,,,,,,,,,,,,,,,,,,,,,,,,,,,,,,,,,,,,,,,,,,,,,,,,,,,,,,,,,,,,,,,,,,"",0,,,,,,,,,,,,,0,"",,,,0,""
85,,4,0,0,4,0,0,0,0,0,0,255,255,255,39,4012.082,"わかなで",L,0,87,140,1.691,-1.027,-0.262,1.599,0.745,0.96,-36.84,18.466,45,55,0,1,"",0,0,0,0,0,5,"coder_","눈꽃","소솨소솨","레이나2","Azuner","きりん SR","YukihiroD","SFIDA","柴山犬吉",4,R,"きりん SR",190,85.486,0.348,,58,W,Y,0,,,,,,,,,,,,,,,,,,,,,,,,,,,,,0,0,,,,,,,,,,,,,,,,,,,,,,,,,,,,,,,,,,,,,,0.147,-37.87,0.016,-17.554,-20.422,-44.501,-12.834,-65.09,19.444,-46.158,13.552,-64.517,35.975,-91.496,0.638,-110.971,-48.291,-94.055,,,,"",,,,"",,,,"",,,,"",,,,"",,,,"",,,,"",,,,"",,,,,,,,,,,,,,,,,,,,,,,,,,,,,,,,,,,,,,,,,,,,,,,,,,,,,,,,,,"",0,,,,,,,,,,,,,0,"",,,,0,""
86,,4,0,0,4,1,0,0,0,0,0,255,255,255,40,4026.872,"わかなで",L,14,70,110,-1.729,-1.115,-0.341,1.814,-0.223,1.448,-36.84,32.58,59,41,0,1,"",-271.461,400,24.291,0,0,5,"=","=","=","=","=","=","=","=","=",4,R,"きりん SR",190,85.486,0.348,,58,W,Y,0,,,,,,,,,,,,,,,,,,,,,,,,,,,,,0,0,,,,,,,,,,,,,,,,,,,,,,,,,,,,,,,,,,,,,,0.223,-37.905,-0.011,-17.501,-20.399,-44.527,-13.655,-64.533,19.464,-46.215,12.926,-64.774,35.951,-91.504,0.56,-110.743,-48.532,-93.791,,,,"",,,,"",,,,"",,,,"",,,,"",,,,"",,,,"",,,,"",,,,,,,,,,,,,,,,,,,,,,,,,,,,,,,,,,,,,,,,,,,,,,,,,,,,,,,,,,"",0,,,,,,,,,,,,,0,"",,,,0,""
87,,4,0,0,4,2,0,0,0,0,0,255,255,255,41,4040.084,"わかなで",L,26,54,110,-4.799,0.979,-0.606,1.975,-1.836,2.049,-36.84,93.478,85,15,0,1,"",-124.294,-155.545,15.577,0,0,5,"=","=","=","=","=","=","=","=","=",4,R,"きりん SR",190,85.486,0.348,,58,W,Y,0,,,,,,,,,,,,,,,,,,,,,,,,,,,,,0,0,,,,,,,,,,,,,,,,,,,,,,,,,,,,,,,,,,,,,,0.144,-37.784,-0.012,-17.499,-20.691,-44.836,-13.636,-64.54,19.569,-46.523,12.908,-64.652,35.953,-91.495,0.814,-111.028,-48.299,-94.079,,,,"",,,,"",,,,"",,,,"",,,,"",,,,"",,,,"",,,,"",,,,,,,,,,,,,,,,,,,,,,,,,,,,,,,,,,,,,,,,,,,,,,,,,,,,,,,,,,"",0,,,,,,,,,,,,,0,"",,,,0,""
88,,4,0,0,4,3,0,0,0,0,0,255,255,255,42,4055.204,"わかなで",L,27,82,118,-0.195,0.28,-0.407,1.842,-0.018,1.67,-36.84,35.411,93,7,0,0,"",-31.118,-101.595,5.292,0,0,5,"=","=","=","=","=","=","=","=","=",4,R,"きりん SR",190,85.486,0.348,,58,W,Y,0,,,,,,,,,,,,,,,,,,,,,,,,,,,,,0,0,,,,,,,,,,,,,,,,,,,,,,,,,,,,,,,,,,,,,,0.144,-37.882,0.021,-17.382,-20.275,-44.369,-13.651,-64.558,19.294,-46.333,12.963,-64.73,35.945,-91.507,0.765,-110.799,-48.332,-94.073,,,,"",,,,"",,,,"",,,,"",,,,"",,,,"",,,,"",,,,"",,,,,,,,,,,,,,,,,,,,,,,,,,,,,,,,,,,,,,,,,,,,,,,,,,,,,,,,,,"",0,,,,,,,,,,,,,0,"",,,,0,""
89,,4,0,0,4,3,1,0,0,0,0,255,255,255,43,4068.576,"わかなで",L,28,81,118,-0.572,0.062,-0.455,1.756,-0.079,1.542,-36.84,35.131,39,61,0,2,"",-90.164,-95.619,5.547,0,0,5,"=","=","=","=","=","=","=","=","=",4,R,"きりん SR",190,85.486,0.348,3,58,W,Y,1,4069.709,216,115,171,141,78,,145,108,25.999,-5.423,-0.103,1.029,-20.229,0.9,0.19,0.356,-322.584,-457.675,215.577,4073.361,16.653,-107.962,4073.64,7,15.939,1.702,-105.664,0,0,,4075.47,,,,,,,,,,,,,4074.435,5,,456,0,,,,,,,,,,,,,,,,,,,0.101,-37.858,0.018,-17.357,-19.688,-43.798,-13.785,-64.297,19.253,-45.94,12.977,-64.764,35.941,-91.502,0.524,-111.425,-48.327,-94.056,0.041,-37.066,,"_Chun",0.074,-17.323,,"TaeGeuk_",-19.659,-43.769,,"ke ro",-13.743,-64.207,,"MODECO",19.137,-45.903,,"檸檬の残骸",12.968,-64.756,,"「론구」",35.815,-91.322,,"Mr․D VRC",0.59,-111.367,86,"ゆっち一",-48.33,-94.054,,4080.316,3.273,-44.839,,,,,,,,,,,,,,,,,,,4074.452,15.668,-106.47,,,,,,,,,,,,,,,,,,,,,,,,,4077.336,14.34,-95.987,,,,"",1,,,,,,,,,,,,,0,"Mr․D VRC",,,,40,""
90,,4,0,0,4,0,0,1,0,0,0,255,255,255,44,4094.636,"わかなで",L,11,62,97,-2.389,-0.797,-0.521,1.813,-0.81,1.603,-36.84,40.939,100,0,0,4,"",-89.635,240.539,34.23,0,0,6,"=","=","=","=","=","=","=","=","=",7,R,"YukihiroD",174,80,0.4,,66,W,Y,1,,,,,,,,,,,,,,,,,,,,,,,,,,,,,0,0,,,,,,,,,,,,,,,,,,,,,,,,,,,,,,,,,,,,,,0.189,-37.949,-0.052,-17.332,-18.012,-43.284,-13.387,-64.214,19.685,-46.635,12.039,-63.705,32.7,-88.76,0.264,-113.484,-46.099,-92.615,,,,"",,,,"",,,,"",,,,"",,,,"",,,,"",,,,"",,,,"",,,,4098.844,-0.006,-37.708,,,,,,,,,,,,,,,,,,,,,,,,,,,,,,,,,,,,,,,,,,,,,,,,,,,,"",0,,,,,,,,,,,,,0,"",,,,0,""
91,,4,0,0,4,0,1,1,0,0,0,255,255,255,45,4107.17,"わかなで",L,27,77,128,-0.146,1.789,-0.404,1.995,0.052,2.465,-36.84,34.358,91,9,0,2,"",-65.553,-145.867,9.639,0,0,6,"=","=","=","=","=","=","=","=","=",7,R,"YukihiroD",174,80,0.4,5,66,W,Y,1,4108.343,230,81,63,0,0,,99,79,-9.362,60.697,-0.016,1.472,-19.791,0.91,0,0.525,98.708,285.666,-169.754,4107.815,-6.347,-23.295,,,,,,0,0,,,,,,,,,,,,,,,,,,,,,,,,,,,,,,,,,,,,,,0.144,-38.042,0.051,-17.448,-20.092,-42.918,-13.031,-64.381,19.239,-46.292,11.532,-64.802,32.71,-88.761,0.398,-114.033,-47.955,-92.732,-0.422,-37.074,,"_Chun",0.093,-17.391,,"TaeGeuk_",-19.703,-43.968,,"ke ro",-12.972,-64.278,,"MODECO",19.005,-46.067,,"檸檬の残骸",11.525,-64.799,,"「론구」",32.693,-88.687,,"Mr․D VRC",0.443,-113.898,,"ゆっち一",-47.898,-92.843,,,,,,,,,,,,,,,,,,,,,,,,,,,,,,,,,,,,,,,,,,,,,,,,,,,,,,,,"",3,68.157,55.514,15.437,0.549,0,1,-9.362,-9.362,-20.467,-9.362,0,97.307,0,"",,,,0,""
92,,4,0,0,4,0,2,1,0,0,0,255,255,255,46,4127.429,"わかなで",L,26,90,140,-1.599,-2.317,-0.515,1.421,-0.596,0.033,-36.84,35.813,40,60,0,1,"",-60.141,-200,18.439,-0.283,-18.946,6,"=","=","=","=","=","=","=","=","=",7,R,"YukihiroD",174,80,0.4,,66,W,Y,0,,,,,,,,,,,,,,,,,,,,,,,,,,,,,0,0,,,,,,,,,,,,,,,,,,,,,,,,,,,,,,,,,,,,,,0.109,-37.856,-0.224,-17.412,-20.734,-42.881,-14.15,-63.363,19.376,-46.196,11.061,-65.573,36.847,-92.948,0.775,-114.525,-47.593,-92.717,,,,"",,,,"",,,,"",,,,"",,,,"",,,,"",,,,"",,,,"",,,,,,,,,,,,,,,,,,,,,,,,,,,,,,,,,,,,,,,,,,,,,,,,,,,,,,,,,,"",0,,,,,,,,,,,,,0,"",,,,0,""
93,,4,0,0,4,1,2,1,0,0,0,255,255,255,47,4141.121,"わかなで",L,6,64,96,-3.235,-1.04,-0.464,1.671,-0.527,1.132,-36.84,36.083,51,49,0,4,"",-364.319,58.803,27.89,0,0,6,"=","=","=","=","=","=","=","=","=",7,R,"YukihiroD",174,80,0.4,,66,W,Y,1,,,,,,,,,,,,,,,,,,,,,,,,,,,,,0,0,,,,,,,,,,,,,,,4143.948,6,,578,0,,,,,,,,,,,,,,,,,,,0.239,-37.968,-0.095,-17.295,-19.731,-43.639,-15.756,-63.113,19.446,-46.289,11.337,-65.309,36.859,-92.986,0.469,-114.643,-47.677,-93.341,,,,"",,,,"",,,,"",,,,"",,,,"",,,,"",,,,"",,,,"",,,,,,,,,,,,,,,,,,,,,,,,,,,,,,,,,,,,,,,,,,,,,,,,,,,,,,,,,,"",0,,,,,,,,,,,,,0,"",,,,0,""
94,,4,0,0,4,0,0,2,0,0,0,255,255,255,48,4161.628,"わかなで",L,27,81,131,-1.952,1.31,-0.531,1.99,-0.751,2.316,-36.84,48.031,86,14,0,1,"",-54.362,-105.506,5.611,0,0,7,"=","=","=","=","=","=","=","=","=",1,L,"SFIDA",188.7,80,0.2,,57,W,Y,0,,,,,,,,,,,,,,,,,,,,,,,,,,,,,0,0,,,,,,,,,,,,,,,,,,,,,,,,,,,,,,,,,,,,,,0.12,-37.933,-0.028,-17.361,-19.278,-44.737,-11.294,-65.062,21.087,-46.241,11.993,-65.171,42.189,-96.973,0.609,-114.777,-46.41,-95.545,,,,"",,,,"",,,,"",,,,"",,,,"",,,,"",,,,"",,,,"",,,,,,,,,,,,,,,,,,,,,,,,,,,,,,,,,,,,,,,,,,,,,,,,,,,,,,,,,,"",0,,,,,,,,,,,,,0,"",,,,0,""
95,,4,0,0,4,1,0,2,0,0,0,255,255,255,49,4173.959,"わかなで",L,0,64,104,-0.917,0.407,-0.526,1.928,-0.356,1.825,-36.84,42.673,90,10,0,0,"",-13.502,-37.173,-0.8,0,0,7,"=","=","=","=","=","=","=","=","=",1,L,"SFIDA",188.7,80,0.2,,57,W,Y,0,,,,,,,,,,,,,,,,,,,,,,,,,,,,,0,0,,,,,,,,,,,,,,,,,,,,,,,,,,,,,,,,,,,,,,0.134,-37.892,-0.079,-17.167,-19.235,-44.782,-11.431,-65.001,20.767,-46.278,12.941,-64.63,42.204,-96.945,0.499,-114.859,-46.407,-95.558,,,,"",,,,"",,,,"",,,,"",,,,"",,,,"",,,,"",,,,"",,,,,,,,,,,,,,,,,,,,,,,,,,,,,,,,,,,,,,,,,,,,,,,,,,,,,,,,,,"",0,,,,,,,,,,,,,0,"",,,,0,""
96,,4,0,0,4,1,1,2,0,0,0,255,255,255,50,4185.841,"わかなで",L,13,73,101,1.507,-0.704,-0.357,1.761,-0.005,1.737,-36.84,22.284,57,43,0,4,"",314.231,364.524,-6.069,0,0,7,"=","=","=","=","=","=","=","=","=",1,L,"SFIDA",188.7,80,0.2,,57,W,Y,1,,,,,,,,,,,,,,,,,,,,,,,,,,,,,0,0,,,,,,,,,,,,,,,,,,,,,,,,,,,,,,,,,,,,,,0.169,-38.09,0.08,-17.547,-19.288,-44.235,-11.334,-64.976,20.933,-46.246,12.667,-64.906,42.192,-96.965,0.577,-115.12,-46.398,-95.524,,,,"",,,,"",,,,"",,,,"",,,,"",,,,"",,,,"",,,,"",,,,,,,,,,,,,,,,,,,,,,,,,,,,,,,,,,,,,,,,,,,,,,,,,,,,,,,,,,"",0,,,,,,,,,,,,,0,"",,,,0,""
97,,4,0,0,4,1,2,2,0,0,0,255,255,255,51,4200.265,"わかなで",L,26,74,125,2.78,-0.103,-0.145,1.737,1.295,1.336,-36.84,20.946,58,42,0,1,"",-48.987,-200,12.93,0,0,7,"=","=","=","=","=","=","=","=","=",1,L,"SFIDA",188.7,80,0.2,,57,W,Y,0,,,,,,,,,,,,,,,,,,,,,,,,,,,,,0,0,,,,,,,,,,,,,,,,,,,,,,,,,,,,,,,,,,,,,,0.304,-38.019,0.063,-17.338,-18.859,-43.993,-11.333,-64.977,20.678,-46.365,14.123,-64.413,42.176,-96.956,0.869,-114.983,-46.452,-95.456,,,,"",,,,"",,,,"",,,,"",,,,"",,,,"",,,,"",,,,"",,,,,,,,,,,,,,,,,,,,,,,,,,,,,,,,,,,,,,,,,,,,,,,,,,,,,,,,,,"",0,,,,,,,,,,,,,0,"",,,,0,""
98,,4,0,0,4,2,2,2,0,0,0,255,255,255,52,4213.248,"わかなで",L,27,86,140,0.488,0.131,-0.365,1.782,0.378,1.559,-36.84,28.763,80,18,2,2,"TE+",-109.574,-141.566,4.832,0,0,7,"=","=","=","=","=","=","=","=","=",1,L,"SFIDA",188.7,80,0.2,5,57,W,Y,1,4214.228,212,116,102,83,37,,145,89,63.378,-53.207,0.089,1.067,-20.484,-1,0,0.581,591.506,6.382,85.416,4219.64,35.27,-41.746,,,,,,0,0,,,,,,,,,,,,,,,,,,,,,,,,,,,,,,,,,,,,,,0.162,-37.984,0.039,-17.255,-18.948,-43.938,-10.445,-65.198,21.022,-46.639,14.727,-63.65,42.199,-96.939,0.705,-115.225,-46.434,-95.482,-0.26,-37.028,,"_Chun",0.094,-17.247,,"TaeGeuk_",-19.275,-44.465,,"ke ro",-10.387,-65.122,,"MODECO",20.869,-46.453,,"檸檬の残骸",13.517,-63.968,,"「론구」",42.1,-96.843,,"Mr․D VRC",0.736,-114.959,,"ゆっち一",-49.205,-95.786,,,,,,,,,,,,,,,,,,,,,,,,,,,,,,,,,,,,,,,,,,,,,,,,,,,,,,,,"",3,-54.404,-41.399,-1.762,0,0,1,63.378,63.378,37.202,63.378,0,-123.76,0,"",,,,0,""
99,,4,0,0,4,2,2,2,0,0,0,255,255,255,53,4238.784,"わかなで",L,26,93,140,1.903,-0.89,-0.205,1.58,1.014,0.872,-36.84,25.568,33,67,0,2,"",-127.116,-200,8.507,0,0,7,"=","=","=","=","=","=","=","=","=",1,L,"SFIDA",188.7,80,0.2,5,56,W,Y,1,4239.697,163,130,103,83,44,,145,130,-30,-42.407,0.35,0.685,-20.505,0.56,0,0.387,-348.724,4.914,-217.002,4238.861,1.055,-21.277,4240.292,4,20.621,3.152,-44.174,0,128,,4245.113,,,,,,,,,,,,,4244.315,7,,147,4,,,,,,,,,,,,,,,,,,,0.256,-37.987,0.03,-17.271,-19.07,-43.722,-8.848,-65.476,18.984,-46.018,16.254,-62.114,42.906,-97.846,0.623,-113.724,-49.088,-97.605,-0.075,-36.895,,"_Chun",0.137,-17.293,,"TaeGeuk_",-19.741,-44.645,,"ke ro",-9.169,-65.083,,"MODECO",20.048,-45.593,112,"檸檬の残骸",16.227,-62.056,,"「론구」",42.739,-97.669,,"Mr․D VRC",0.56,-113.761,,"ゆっち一",-49.816,-97.592,,,,,,,,4243.751,-18.542,-39.421,,,,4241.107,20.903,-44.827,,,,,,,,,,,,,,,,,,,,,,,,,4242.19,17.465,-44.496,,,,,,,,,,,,,"",2,-43.974,-43.974,-9.336,0,1,0.691,-60.991,-45.416,-16.711,-89.171,0.063,-71.05,0,"MODECO",,,,132,""
100,SIDE,4,0,0,4,0,0,2,0,0,0,255,255,255,,4246.354,,,,,,,,,,,,,,,,,,,,,,,,8,"=","=","=","=","=","=","=","=","=",,,,,,,,,,,,,,,,,,,,,,,,,,,,,,,,,,,,,,,0,0,,,,,,,,,,,,,,,,,,,,,,,,,,,,,,,,,,,,,,,,,,,,,,,,,,,,,,,,,,,,,,,,,,,,,,,,,,,,,,,,,,,,,,,,,,,,,,,,,,,,,,,,,,,,,,,,,,,,,,,,,,,,,,,,,,,,,,,,,,,,,,,,,"",0,,,,,,,,,,,,,0,"",,,,0,""
101,,5,1,0,4,0,0,0,0,0,0,255,255,255,38,4289.307,"559：広告",R,3,79,108,0.142,-0.659,0.441,1.652,0.631,1.222,-36.419,41.925,24,76,0,0,"",-314.824,0,2.299,0,0,4,"_Chun","ゆっち一","MODECO","わかなで","「론구」","Mr․D VRC","檸檬の残骸","TaeGeuk_","ke ro",6,R,"「론구」",179.9,80,0.504,,56,W,Y,0,,,,,,,,,,,,,,,,,,,,,,,,,,,,,0,0,,,,,,,,,,,,,,,,,,,,,,,,,,,,,,,,,,,,,,-0.097,-37.476,0.026,-17.514,-20.857,-46.882,-16.172,-63.047,21.901,-47.705,11.309,-65.539,35.33,-102.697,-13.521,-108.746,-47.679,-92.952,,,,"",,,,"",,,,"",,,,"",,,,"",,,,"",,,,"",,,,"",,,,,,,,,,,,,,,,,,,,,,,,,,,,,,,,,,,,,,,,,,,,,,,,,,,,,,,,,,"",0,,,,,,,,,,,,,0,"",,,,0,""
102,,5,1,0,4,0,1,0,0,0,0,255,255,255,39,4301.211,"559：広告",R,13,88,126,-1.974,-1.633,0.105,1.618,-0.443,1.075,-36.419,31.685,37,63,0,4,"",-276.568,400,-4.591,0,0,4,"=","=","=","=","=","=","=","=","=",6,R,"「론구」",179.9,80,0.504,,56,W,Y,1,,,,,,,,,,,,,,,,,,,,,,,,,,,,,0,0,,,,,,,,,,,,,,,,,,,,,,,,,,,,,,,,,,,,,,-0.347,-37.325,-0.052,-17.452,-21.004,-46.949,-16.186,-63.109,21.614,-47.521,11.234,-65.83,35.028,-102.591,-13.856,-108.579,-49.799,-94.647,,,,"",,,,"",,,,"",,,,"",,,,"",,,,"",,,,"",,,,"",,,,,,,,,,,,,,,,,,,,,,,,,,,,,,,,,,,,,,,,,,,,,,,,,,,,,,,,,,"",0,,,,,,,,,,,,,0,"",,,,0,""
103,,5,1,0,4,0,2,0,0,0,0,255,255,255,40,4313.194,"559：広告",R,3,82,124,-0.243,-0.856,0.287,1.744,0.399,1.302,-36.419,50.644,83,17,0,2,"",-331.365,191.736,-1.342,0,0,4,"=","=","=","=","=","=","=","=","=",6,R,"「론구」",179.9,80,0.504,5,56,W,Y,1,4314.299,240,130,121,105,85,,145,108,30.352,-30.397,-0.176,0.699,-20.891,0.9,0,0.351,32.868,546.539,230.016,,,,4318.676,6,33.77,2.627,-102.743,0,0,,4319.938,,,,,,,,,,,,,4319.466,4,,455,0,,,,,,,,,,,,,,,,,,,-0.199,-37.765,-0.063,-17.408,-21.297,-46.756,-16.188,-63.137,21.68,-47.385,10.733,-66.011,35.2,-102.553,-13.773,-108.61,-48.313,-92.855,0.019,-37.159,,"SFIDA",-0.061,-17.439,,"레이나2",-20.882,-46.741,,"柴山犬吉",-16.032,-62.995,,"きりん SR",21.479,-47.293,,"coder_",10.946,-65.449,97,"Azuner",35.193,-102.56,120,"YukihiroD",-13.822,-108.597,,"소솨소솨",-48.312,-92.84,,4325.598,0.899,-38.894,,,,,,,,,,,,,4322.798,14.004,-70.156,4319.475,33.958,-103.387,,,,,,,,,,,,,,,,,,,,,,4323.96,13.541,-68.666,4321.489,30.063,-99.237,,,,,,,"",1,-28.043,-28.043,0.978,0,0,1,59.557,59.557,40.509,59.557,0,-35.842,0,"Azuner",,,,17,""
104,,5,1,0,4,0,0,1,0,0,0,255,255,255,41,4338.781,"559：広告",R,13,80,118,-1.189,-1.476,0.208,1.767,-0.005,1.213,-36.419,45.843,86,14,0,4,"",-314.546,388.666,-5.48,-0.366,-17.944,5,"=","=","=","=","=","=","=","=","=",7,R,"Mr․D VRC",177.1,95.352,0.432,,56,W,Y,1,,,,,,,,,,,,,,,,,,,,,,,,,,,,,0,0,,,,,,,,,,,,,,,,,,,,,,,,,,,,,,,,,,,,,,-0.315,-37.598,-0.023,-17.44,-20.919,-46.818,-14.815,-63.515,20.397,-48.032,10.602,-65.656,32.172,-101.209,-14.386,-106.006,-45.437,-95.211,,,,"",,,,"",,,,"",,,,"",,,,"",,,,"",,,,"",,,,"",,,,4343.402,-0.018,-37.392,,,,,,,,,,,,,,,,,,,,,,,,,,,,,,,,,,,,,,,,,,,,,,,,,,,,"",0,,,,,,,,,,,,,0,"",,,,0,""
105,,5,1,0,4,0,1,1,0,0,0,255,255,255,42,4368.667,"559：広告",R,26,89,140,0.677,-0.883,0.211,1.57,0.049,0.901,-36.419,39.807,41,59,0,2,"",180.24,-200,-2.969,0,0,5,"=","=","=","=","=","=","=","=","=",7,R,"Mr․D VRC",177.1,95.352,0.432,0,56,W,Y,1,4369.79,73,48,95,83,47,,120,81,11.746,32.989,0.126,0.652,-20.33,-0.52,0,0.24,299.453,202.732,-209.63,,,,4370.905,2,-16.972,2.079,-45.749,0,0,,,,,,,,,,,,,,,4371.713,5,,451,0,,,,,,,,,,,,,,,,,,,-0.225,-37.469,-0.029,-17.472,-21.125,-46.451,-14.849,-63.753,21.023,-48.696,10.844,-66.086,27.868,-99.123,-14.7,-105.89,-47.289,-90.933,-0.341,-36.777,,"SFIDA",-0.02,-17.511,,"레이나2",-20.762,-46.607,87,"柴山犬吉",-14.891,-63.535,,"きりん SR",20.972,-48.631,,"coder_",10.734,-65.704,,"Azuner",27.776,-99.128,,"YukihiroD",-14.691,-105.88,,"소솨소솨",-46.615,-90.038,,4375.009,-1.609,-38.947,,,,4371.728,-17.508,-46.448,,,,,,,,,,,,,,,,,,,,,,,,,4374.057,-17.474,-43.57,,,,,,,,,,,,,,,,,,,"",1,,,,,,,,,,,,,0,"레이나2",,,,8,""
106,,5,1,0,4,0,0,2,0,0,0,255,255,255,43,4398.213,"559：広告",R,10,67,98,0.476,-1.262,0.171,1.784,0.203,1.531,-36.419,40.089,95,5,0,1,"",0,400,-6.438,0.075,-17.954,6,"=","=","=","=","=","=","=","=","=",5,L,"檸檬の残骸",175.1,80,0.409,,56,W,Y,0,,,,,,,,,,,,,,,,,,,,,,,,,,,,,0,0,,,,,,,,,,,,,,,,,,,,,,,,,,,,,,,,,,,,,,-0.234,-37.927,-0.024,-17.446,-20.722,-46.86,-12.664,-65.079,21.476,-48.023,12.022,-65.134,45.216,-99.674,-2.741,-108.316,-42.526,-91.258,,,,"",,,,"",,,,"",,,,"",,,,"",,,,"",,,,"",,,,"",,,,4402.705,-0.318,-37.269,,,,,,,,,,,,,,,,,,,,,,,,,,,,,,,,,,,,,,,,,,,,,,,,,,,,"",0,,,,,,,,,,,,,0,"",,,,0,""
107,,5,1,0,4,1,0,2,0,0,0,255,255,255,44,4414.455,"559：広告",R,3,79,105,1.093,-0.946,0.625,1.627,1.324,1.211,-36.419,59.837,12,88,0,0,"",-451.787,97.337,-2.345,0,0,6,"=","=","=","=","=","=","=","=","=",5,L,"檸檬の残骸",175.1,80,0.409,,56,W,Y,1,,,,,,,,,,,,,,,,,,,,,,,,,,,,,0,0,,,,,,,,,,,,,,,,,,,,,,,,,,,,,,,,,,,,,,-0.091,-37.637,-0.027,-17.468,-20.788,-46.84,-12.796,-64.982,21.465,-48.062,11.869,-64.775,45.363,-99.497,-1.212,-108.593,-43.037,-89.433,,,,"",,,,"",,,,"",,,,"",,,,"",,,,"",,,,"",,,,"",,,,4418.851,-0.052,-37.595,,,,,,,,,,,,,,,,,,,,,,,,,,,,,,,,,,,,,,,,,,,,,,,,,,,,"",0,,,,,,,,,,,,,0,"",,,,0,""
108,,5,1,0,4,1,1,2,0,0,0,255,255,255,45,4428.745,"559：広告",R,10,55,89,1.314,-1.239,0.229,1.82,0.259,1.627,-36.419,36.587,100,0,0,2,"",130.65,400,-2.447,0,0,6,"=","=","=","=","=","=","=","=","=",5,L,"檸檬の残骸",175.1,80,0.409,3,56,W,Y,1,4430.056,252,229,58,78,50,,137,77,40.114,-45.837,0.246,0.645,-20.972,-1,0,0.755,-8.363,-26.713,-10.101,4433.819,45.15,-64.035,,,,,,0,0,,4434.987,,,,,,,,,,,,,,,,,,,,,,,,,,,,,,,,,,,,-0.085,-37.745,-0.009,-17.531,-20.794,-46.974,-12.811,-64.976,21.574,-48.219,12.216,-65.042,45.339,-99.465,-1.501,-108.63,-42.816,-89.593,0.325,-37.902,,"SFIDA",0.033,-17.525,,"레이나2",-20.41,-46.951,,"柴山犬吉",-12.689,-64.89,,"きりん SR",21.41,-48.107,,"coder_",12.211,-64.923,,"Azuner",45.355,-99.441,,"YukihiroD",-1.418,-108.613,,"소솨소솨",-42.229,-90.042,,,,,,,,,,,,,,,,,,,,,,,,,,,,,,,,,,,,,,,,,,,,,,,,,,,,,,,,"",3,,,,,,,,,,,,,0,"",,,,0,""
109,,5,1,0,4,1,2,2,0,0,0,255,255,255,46,4453.314,"559：広告",R,13,83,107,-4.454,-1.399,0.149,1.749,-0.193,1.371,-36.419,42.328,89,11,0,2,"",-310.562,384.795,-1.172,0,0,6,"=","=","=","=","=","=","=","=","=",5,L,"檸檬の残骸",175.1,80,0.409,0,56,W,Y,1,4454.527,217,99,66,50,42,,138,87,9.698,-23.715,-0.341,0.462,-20.201,-0.79,0,0.503,180.453,-256.032,44.184,4455.663,16.918,-56.757,4458.34,6,30.503,0.06,-81.772,1,0,,4459.416,,,,,,,,,,,,,,,,,,,,,,,,,,,,,,,,,,,,-0.371,-37.445,0.166,-17.459,-20.836,-46.762,-12.751,-64.989,21.823,-48.478,12.522,-65.301,44.689,-96.55,-0.102,-108.091,-40.883,-90.456,0.067,-36.897,,"SFIDA",0.047,-17.48,,"레이나2",-20.719,-46.815,,"柴山犬吉",-12.571,-64.942,85,"きりん SR",21.848,-48.407,,"coder_",12.524,-65.085,,"Azuner",44.685,-96.539,106,"YukihiroD",-0.096,-108.077,,"소솨소솨",-37.144,-87.382,,4465.721,-0.07,-41.29,,,,,,,4462.008,-0.781,-58.486,,,,,,,4459.222,30.963,-82.587,,,,,,,,,,,,,,,,4464.718,-1.319,-58.037,,,,,,,4460.655,23.69,-77.052,,,,,,,"",2,,,,,,,,,,,,,0,"Azuner",,,,272,""
110,,5,1,0,4,0,0,2,1,0,0,5,255,255,47,4483.445,"559：広告",R,13,84,108,-3.048,-1.943,-0.034,1.51,-0.727,1.012,-36.419,24.483,47,53,0,4,"",-322.979,376.544,2.083,-0.662,-18.96,7,"=","=","=","=","=","=","=","=","=",2,R,"TaeGeuk_",176.6,82,0.365,,56,W,Y,1,,,,,,,,,,,,,,,,,,,,,,,,,,,,,0,0,,,,,,,,,,,,4483.739,,,,,,,,,,,,,,,,,,,,,,,,,,-0.345,-37.297,-0.136,-17.236,-20.535,-43.859,-15.537,-63.164,22.549,-51.408,5.397,-65.283,38.487,-99.359,-0.457,-100.468,-45.571,-93,,,,"",,,,"",,,,"",,,,"",,,,"",,,,"",,,,"",,,,"",,,,4487.718,-0.248,-37.079,,,,,,,,,,,,,,,,,,,,,,,,,,,,,,,,,,,,,,,,,,,,,,,,,,,,"",0,,,,,,,,,,,,,0,"",,,,0,""
111,,5,1,0,4,0,1,2,1,0,0,5,255,255,48,4495.9,"559：広告",R,13,69,97,0.393,-0.977,0.408,1.852,0.77,1.666,-36.419,61.349,91,9,0,0,"",-285.746,380.785,-2.648,-0.1,-17.514,7,"=","=","=","=","=","=","=","=","=",2,R,"TaeGeuk_",176.6,82,0.365,,56,W,Y,1,,,,,,,,,,,,,,,,,,,,,,,,,,,,,0,0,,,,,,,,,,,,4496.374,,,,,,,,,,,,,,,,,,,,,,,,,,-0.195,-37.492,-0.091,-17.25,-20.625,-43.479,-15.509,-63.388,22.484,-51.36,5.429,-65.205,37.088,-94.465,-1.037,-101.459,-45.575,-91.389,,,,"",,,,"",,,,"",,,,"",,,,"",,,,"",,,,"",,,,"",,,,4500.99,-0.381,-37.278,,,,,,,,,,,,,,,,,,,,,,,,,,,,,,,,,,,,,,,,,,,,,,,,,,,,"",0,,,,,,,,,,,,,0,"",,,,0,""
112,,5,1,0,4,0,2,2,1,0,0,5,255,255,49,4512.828,"559：広告",R,3,85,114,-2.454,-1.112,0.019,1.488,-0.563,0.96,-36.419,24.584,0,100,0,1,"",-294.497,0,1.055,0,0,7,"=","=","=","=","=","=","=","=","=",2,R,"TaeGeuk_",176.6,82,0.365,,56,W,Y,0,,,,,,,,,,,,,,,,,,,,,,,,,,,,,0,0,,,,,,,,,,,,4524.234,,,,,,,,,,,,,,,,,,,,,,,,,,-0.303,-37.515,-0.138,-17.465,-20.365,-43.657,-15.37,-63.579,22.473,-51.374,4.556,-64.984,31.6,-99.712,-16.824,-103.459,-42.948,-89.108,,,,"",,,,"",,,,"",,,,"",,,,"",,,,"",,,,"",,,,"",,,,4517.723,-0.181,-37.207,,,,,,,,,,,,,,,,,,,,,,,,,,,,,,,,,,,,,,,,,,,,,,,,,,,,"",0,,,,,,,,,,,,,0,"",,,,0,""
113,,5,1,0,4,1,2,2,1,0,0,5,255,255,50,4524.645,"559：広告",R,13,84,108,-1.307,-1.889,0.186,1.63,-0.061,1.071,-36.419,36.307,48,52,0,4,"",-276.62,400,0.821,-0.323,-18.961,7,"=","=","=","=","=","=","=","=","=",2,R,"TaeGeuk_",176.6,82,0.365,,56,W,Y,1,,,,,,,,,,,,,,,,,,,,,,,,,,,,,1,128,,4533.079,4542.12,,,4532.442,4541.174,,,,,4527.003,,,4542.529,7,2,295,393,,,,,,,,,,,,,4542.347,6,,,4526.584,1,-0.296,-37.43,-0.053,-17.502,-20.198,-41.346,-15.77,-63.496,22.514,-51.412,4.553,-65.452,30.558,-101.171,-16.488,-101.605,-45.34,-90.01,,,,"",,,,"",,,,"",,,,"",,,,"",,,,"",,,,"",,,,"",,,,,,,,,,,,,,,,,,,,,,,,,,,,,,,,,,,,,,,,,,,,,,,,,,,,,,,,,,"",0,,,,,,,,,,,,,0,"",4532.442,4541.174,,0,""
114,,5,0,0,4,0,0,0,0,0,0,255,255,255,54,4648.031,"わかなで",L,13,64,94,-1.655,-0.873,-0.704,1.815,-1.387,1.803,-36.84,47.449,100,0,0,2,"BH-",293.296,363.594,4.715,0,0,8,"coder_","눈꽃","소솨소솨","레이나2","Azuner","きりん SR","YukihiroD","SFIDA","柴山犬吉",3,R,"柴山犬吉",169.9,90.243,0.6,3,56,W,Y,1,4649.266,170,167,89,95,59,,145,80,93.851,-87.268,-0.343,0.76,-21.103,1,0,0.178,93.673,100.983,450.593,,,,,,,,,0,0,,,,,,,,,,,,,,,,,,,,,,,,,,,,,,,,,,,,,,0.034,-37.872,-0.14,-17.474,-20.898,-45.362,-13.782,-64.294,18.987,-46.218,12.157,-64.013,38.31,-94.242,0.598,-111.748,-50.753,-90.359,-0.672,-37.868,,"_Chun",-0.119,-17.475,,"TaeGeuk_",-20.665,-45.569,,"ke ro",-13.707,-64.162,,"MODECO",18.951,-46.172,,"檸檬の残骸",12.156,-64.006,,"「론구」",38.323,-94.213,,"Mr․D VRC",0.488,-111.234,,"ゆっち一",-50.693,-90.331,,,,,,,,,,,,,,,,,,,,,,,,,,,,,,,,,,,,,,,,,,,,,,,,,,,,,,,,"",3,,,,,,,,,,,,,0,"",,,,0,""
115,,5,0,0,4,0,1,0,0,0,0,255,255,255,55,4665.064,"わかなで",L,0,79,129,0.485,0.581,-0.401,1.892,0.191,2.008,-36.84,29.766,77,21,3,2,"",0,0,0,0,0,8,"=","=","=","=","=","=","=","=","=",3,R,"柴山犬吉",169.9,90.243,0.6,3,56,W,Y,1,4666.139,204,153,58,72,28,,137,113,-7.367,-1.46,0.104,1.032,-20.55,0.15,0,0.568,-128.202,408.063,-243.966,4665.49,0.227,-27.173,4668.893,7,3.894,0.055,-94.875,1,0,,4671.267,,,,,,,,,,,,,,,,,,,,,,,,,,,,,,,,,,,,0.123,-38.1,-0.039,-17.57,-20.616,-44.016,-15.074,-63.309,19.053,-45.82,11.302,-64.799,38.218,-94.108,-0.224,-109.384,-51.573,-90.712,-0.296,-37.069,,"_Chun",0.03,-17.508,,"TaeGeuk_",-20.608,-44.009,,"ke ro",-15.421,-63.508,,"MODECO",18.865,-45.911,,"檸檬の残骸",11.242,-64.667,,"「론구」",38.207,-94.099,,"Mr․D VRC",-0.2,-109.341,116,"ゆっち一",-51.572,-90.71,,4672.618,-1.514,-40.754,,,,,,,,,,,,,,,,,,,4669.749,3.997,-95.621,,,,,,,,,,,,,,,,,,,,,,,,,4670.54,3.097,-90.308,,,,"",2,,,,,,,,,,,,,0,"Mr․D VRC",,,,40,""
116,,5,0,0,4,0,0,0,1,0,0,13,255,255,56,4695.175,"わかなで",L,32,88,140,-0.654,-0.966,-0.444,1.607,-0.043,0.931,-36.84,29.502,22,78,0,0,"",-163.346,-125.173,0.594,0,0,0,"=","=","=","=","=","=","=","=","=",5,R,"coder_",168.1,80,0.283,,56,W,Y,0,,,,,,,,,,,,,,,,,,,,,,,,,,,,,0,0,,,,,,,,,,,,4709.797,,,,,,,,,,,,,,,,,,,,,,,,,,0.064,-37.985,-0.039,-17.283,-18.731,-44.168,-14.067,-62.687,19.66,-45.891,10.98,-64.484,37.938,-94.073,0.205,-111.418,-49.705,-90.762,,,,"",,,,"",,,,"",,,,"",,,,"",,,,"",,,,"",,,,"",,,,4699.262,0.086,-37.679,,,,,,,,,,,,,,,,,,,,,,,,,,,,,,,,,,,,,,,,,,,,,,,,,,,,"",0,,,,,,,,,,,,,0,"",,,,0,""
117,,5,0,0,4,0,1,0,1,0,0,13,255,255,57,4710.674,"わかなで",L,0,84,136,1.261,0.208,-0.323,1.825,0.559,1.704,-36.84,32.747,77,23,0,2,"",0,0,0,0,0,0,"=","=","=","=","=","=","=","=","=",5,R,"coder_",168.1,80,0.283,3,53,W,Y,1,4711.751,175,81,119,46,37,,145,119,98.463,-80.857,0.215,0.94,-19.925,0.26,0,0.249,494.025,-18.674,-219.228,,,,,,,,,0,0,,,,,,,,,,,,4729.672,,,,,,,,,,,,,,,,,,,,,,,,,,0.205,-37.925,0.066,-17.464,-19.314,-43.699,-13.158,-64.453,19.792,-46.193,8.215,-63.735,37.949,-94.068,0.249,-111.247,-49.614,-90.867,-0.34,-37.667,,"_Chun",0.102,-17.441,,"TaeGeuk_",-19.817,-43.247,,"ke ro",-13.168,-64.454,,"MODECO",19.63,-46.03,,"檸檬の残骸",8.141,-63.703,,"「론구」",37.89,-93.982,,"Mr․D VRC",0.25,-111.233,,"ゆっち一",-49.513,-90.969,,,,,,,,,,,,,,,,,,,,,,,,,,,,,,,,,,,,,,,,,,,,,,,,,,,,,,,,"",3,,,,,,,,,,,,,0,"",,,,0,""
118,,5,0,0,4,0,2,0,1,0,0,13,255,255,58,4731.201,"わかなで",L,0,84,136,1.018,1.141,-0.35,1.75,0.454,2.23,-36.84,22.581,37,63,0,2,"",0,0,0,0,0,0,"=","=","=","=","=","=","=","=","=",5,R,"coder_",168.1,80,0.283,3,53,W,Y,1,4732.297,146,45,110,56,25,,145,123,26.931,25.277,0.202,1.218,-19.998,0.32,0,0.363,269.296,-289.322,-255.43,4736.738,-40.583,-124.277,4738.874,8,-34.835,0.059,-117.281,1,0,,4736.805,4741.21,,,4737.942,4742.719,,,,,,,,,,,,,,,,,,,,,,,,,4743.833,5,,,,,0.066,-37.807,0.035,-17.502,-19.73,-44.379,-14.165,-63.602,20.051,-46.19,10.508,-65.2,37.691,-94.086,0.086,-111.918,-50.487,-90.506,0.009,-37.424,,"_Chun",0.077,-17.491,,"TaeGeuk_",-19.616,-44.43,,"ke ro",-14.132,-63.543,,"MODECO",19.818,-45.898,,"檸檬の残骸",9.776,-65.017,85,"「론구」",37.604,-93.978,,"Mr․D VRC",0.098,-111.731,,"ゆっち一",-50.478,-90.522,120,4748.025,0.041,-39.198,,,,,,,,,,,,,4742.981,-1.716,-61.658,,,,,,,4739.766,-34.987,-116.649,,,,,,,,,,,,,,,,4746.995,-1.329,-56.458,,,,,,,4740.722,-32.081,-110.796,"",2,,,,,,,,,,,,,0,"ゆっち一",4737.942,4742.719,,74,""
119,,5,0,0,4,0,0,0,0,1,1,255,15,13,59,4767.526,"わかなで",L,33,78,128,-1.97,1.5,-0.572,1.977,-0.682,2.484,-36.84,46.201,74,23,3,2,"",-101.533,-59.646,-2.929,0,0,1,"=","=","=","=","=","=","=","=","=",9,L,"눈꽃",190,90,0.597,5,82,W,Y,1,4768.575,255,54,117,54,22,,145,100,60.966,-31.903,-0.362,1.564,-19.874,-0.45,0,0.278,397.072,-36.789,59.903,4774.421,29.997,-64.32,4774.645,5,29.479,2.579,-63.517,0,0,,4776.052,,,,,,,,,,,4776.433,4795.749,4775.499,1,,454,0,,,,,,,,,,,,,,,,,,,0.047,-38.07,-0.049,-17.25,-20.384,-46.774,-12.715,-64.61,20.244,-45.301,12.903,-62.307,51.337,-105.85,0.828,-114.64,-46.866,-97.896,-0.625,-37.41,,"_Chun",-0.044,-17.24,,"TaeGeuk_",-20.4,-46.781,,"ke ro",-12.684,-64.074,,"MODECO",19.869,-45.019,,"檸檬の残骸",12.989,-62.591,85,"「론구」",51.336,-105.849,,"Mr․D VRC",0.74,-114.669,,"ゆっち一",-46.936,-97.801,,4779.977,0.45,-38.776,,,,,,,,,,,,,4775.51,29.685,-63.664,,,,,,,,,,,,,,,,,,,,,,,,,4778.555,19.948,-55.701,,,,,,,,,,"",1,-32.214,-32.214,-9.204,0,1,0.489,72.669,60.966,3.459,87.024,0.071,-50.641,0,"檸檬の残骸",4772.881,4769.754,,72,""
120,,5,0,0,4,0,0,1,0,1,1,255,15,13,60,4796.607,"わかなで",L,6,65,108,0.158,0.893,-0.161,2.039,0.841,2.405,-36.84,30.516,100,0,0,2,"",-389.742,174.364,25.348,0,0,2,"=","=","=","=","=","=","=","=","=",8,R,"소솨소솨",186.3,80,0.503,5,56,W,Y,1,4797.804,239,92,112,48,22,,145,130,25.585,59.253,0.01,1.272,-19.919,0.37,0,0.466,121.375,362.974,-188.209,,,,,,,,,0,0,,,,,,,,,,,,,4809.416,4813.735,,,,,,,,,,,,,,,,,,,,,,,,0.18,-37.916,-0.024,-17.637,-19.091,-46.314,-12.746,-62.647,19.358,-45.339,14.653,-63.593,36.669,-91.624,1.724,-121.39,-48.559,-97.395,-0.087,-37.087,,"_Chun",0.022,-17.682,,"TaeGeuk_",-19.608,-46.449,,"ke ro",-12.809,-62.58,,"MODECO",18.864,-45.284,,"檸檬の残骸",14.655,-61.93,,"「론구」",36.684,-91.615,,"Mr․D VRC",1.55,-121.191,,"ゆっち一",-48.561,-97.394,,,,,,,,,,,,,,,,,,,,,,,,,,,,,,,,,,,,,,,,,,,,,,,,,,,,,,,,"",3,61.336,61.336,26.91,0,0,1,32.158,32.158,38.521,32.158,0,65.205,0,"",4801.188,4801.218,,0,""
121,,5,0,0,4,0,1,1,0,1,1,255,15,13,61,4815.446,"わかなで",L,32,84,136,-2.965,-0.175,-0.616,1.708,-1.045,1.428,-36.84,54.555,32,68,0,1,"",-157.469,-70.212,1.966,0,0,2,"=","=","=","=","=","=","=","=","=",8,R,"소솨소솨",186.3,80,0.503,,56,W,Y,0,,,,,,,,,,,,,,,,,,,,,,,,,,,,,0,0,,,,,,,,,,,,,4822.874,4828.273,,,,,,,,,,,,,,,,,,,,,,,,0.116,-37.728,-0.129,-17.47,-21.433,-47.073,-14.064,-64.171,18.927,-45.484,7.533,-60.534,36.648,-92.465,-0.275,-118.7,-50.42,-95.888,,,,"",,,,"",,,,"",,,,"",,,,"",,,,"",,,,"",,,,"",,,,,,,,,,,,,,,,,,,,,,,,,,,,,,,,,,,,,,,,,,,,,,,,,,,,,,,,,,"",0,,,,,,,,,,,,,0,"",4818.607,4818.009,,0,""
122,,5,0,0,4,1,1,1,0,1,1,255,15,13,62,4830.046,"わかなで",L,3,74,102,1.765,-0.478,-0.387,1.534,-0.039,1.614,-36.84,25.375,53,47,0,2,"",388.768,182.786,1.633,0,0,2,"=","=","=","=","=","=","=","=","=",8,R,"소솨소솨",186.3,80,0.503,3,56,W,Y,1,4831.312,255,56,92,80,46,,145,85,6.932,-28.686,0.311,0.847,-20.621,-1,0,0.507,534.107,-273.358,2.307,,,,4832.148,4,14.48,1.236,-45.319,0,0,,,,,,,,,,,,,4851.288,4853.18,4833.037,2,,453,0,,,,,,,,,,,,,,,,,,,0.133,-37.831,-0.008,-17.208,-20.738,-45.456,-14.004,-64.13,19.038,-44.904,11.167,-62.748,36.669,-92.442,-0.054,-118.666,-50.617,-95.88,-0.521,-37.811,,"_Chun",0.07,-17.314,,"TaeGeuk_",-20.174,-45.688,,"ke ro",-14.607,-62.423,,"MODECO",18.971,-44.893,57,"檸檬の残骸",13.445,-61.676,,"「론구」",36.66,-92.439,,"Mr․D VRC",-0.031,-118.67,,"ゆっち一",-50.632,-95.887,,4839.548,0.721,-38.754,,,,,,,,,,4833.047,14.975,-46.262,,,,,,,,,,,,,,,,,,,,,,,,,4838.527,12.269,-43.305,,,,,,,,,,,,,"",1,,,,,,,,,,,,,0,"MODECO",4833.163,4833.247,,12,""
123,,5,0,0,4,0,0,2,0,1,1,255,15,13,63,4854.849,"わかなで",L,3,60,91,1.179,-0.143,-0.481,1.576,-0.471,1.554,-36.84,34.416,51,49,0,0,"",413.636,0,9.82,0,0,3,"=","=","=","=","=","=","=","=","=",2,R,"레이나2",180.4,80.118,0.403,,56,W,Y,0,,,,,,,,,,,,,,,,,,,,,,,,,,,,,0,0,,,,,,,,,,,,,4864.44,4886.409,,,,,,,,,,,,,,,,,,,,,,,,0.163,-37.908,0.006,-17.442,-18.457,-43.656,-14.779,-63.48,18.51,-45.787,12.93,-63.967,36.79,-92.274,0.766,-117.47,-50.266,-94.923,,,,"",,,,"",,,,"",,,,"",,,,"",,,,"",,,,"",,,,"",,,,4859.601,0.247,-37.935,,,,,,,,,,,,,,,,,,,,,,,,,,,,,,,,,,,,,,,,,,,,,,,,,,,,"",0,,,,,,,,,,,,,0,"",4857.783,4858.112,,0,""
124,,5,0,0,4,0,1,2,0,1,1,255,15,13,64,4888.498,"わかなで",L,10,65,109,0.867,-0.748,-0.352,1.64,0.387,1.741,-36.84,27.395,62,38,0,2,"",0,400,9.039,0,0,3,"=","=","=","=","=","=","=","=","=",2,R,"레이나2",180.4,80.118,0.403,3,67,W,Y,1,4889.688,180,58,117,57,62,,145,128,-14.018,-27.06,0.151,0.754,-20.738,0.35,0,0.14,-280.258,-184.262,-118.831,4888.859,1.529,-23.427,4891.701,6,31.73,0.059,-82.761,1,0,,4895.094,,,,,,,4894.627,,4893.81,,,,,,,,,,,,,,,,,,,,,,,4898.777,4,,,0.159,-37.915,0.044,-17.449,-18.785,-43.62,-14.498,-63.116,19.223,-46.143,12.898,-63.857,36.782,-92.274,0.695,-115.819,-50.326,-95.272,-0.704,-37.694,,"_Chun",0.115,-17.486,,"TaeGeuk_",-18.782,-43.635,,"ke ro",-14.464,-63.034,,"MODECO",18.902,-46.006,73,"檸檬の残骸",13.025,-64.341,,"「론구」",36.799,-92.25,90,"Mr․D VRC",0.698,-115.615,,"ゆっち一",-50.319,-95.273,,4903.085,1.036,-38.907,,,,,,,,,,4895.824,20.173,-43.141,,,,4892.554,31.96,-83.512,,,,,,,,,,,,,,,,,,,4902.107,15.381,-41.178,,,,4893.992,29.673,-75.741,,,,,,,"",2,,,,,,,,,,,,,0,"「론구」",,4894.627,4893.81,28,""
125,,5,0,0,5,0,0,2,1,0,1,12,255,15,65,4919.099,"わかなで",L,3,67,98,2.671,-0.263,-0.313,1.494,0.328,1.478,-36.84,21.174,58,42,0,4,"",380.047,0,2.537,0,0,4,"=","=","=","=","=","=","=","=","=",6,L,"Azuner",181,80,0.296,,71,W,Y,1,,,,,,,,,,,,,,,,,,,,,,,,,,,,,0,0,,,,,,,,,,,,4937.363,,4929.048,,,,,,,,,,,,,,,,,,,,4933.193,4,,,0.172,-37.931,0.019,-17.429,-18.76,-45.816,-7.38,-64.752,20.015,-45.478,14.212,-63.983,44.61,-98.851,1.714,-115.208,-49.143,-97.229,,,120,"",,,,"",,,,"",,,,"",,,,"",,,,"",,,,"",,,,"",,,,4924.416,0.241,-37.526,,,,,,,,,,,,,,,,,,,,,,,,,4931.832,2.719,-39.842,,,,,,,,,,,,,,,,,,,,,,,,,"",0,,,,,,,,,,,,,0,"",,4921.75,,0,""
126,,5,0,0,5,0,1,2,1,0,1,12,255,15,66,4952.029,"わかなで",L,27,88,140,2.341,-1.224,-0.208,1.577,1.11,0.73,-36.84,21.627,51,49,0,1,"",-59.411,-145.839,8.414,0,0,4,"=","=","=","=","=","=","=","=","=",6,L,"Azuner",181,80,0.296,,71,W,Y,0,,,,,,,,,,,,,,,,,,,,,,,,,,,,,0,0,,,,,,,,,,,,4952.838,,4958.744,,,,,,,,,,,,,,,,,,,,,,,,0.241,-37.816,-0.082,-17.39,-19.754,-46.483,-6.113,-65.757,18.61,-45.034,15.118,-63.922,44.221,-99.18,1.711,-115.091,-50.472,-96.671,,,,"",,,,"",,,,"",,,,"",,,,"",,,,"",,,,"",,,,"",,,,4957.726,0.127,-37.627,,,,,,,,,,,,,,,,,,,,,,,,,,,,,,,,,,,,,,,,,,,,,,,,,,,,"",0,,,,,,,,,,,,,0,"",,4954.577,,0,""
127,,5,0,0,5,1,1,2,1,0,1,12,255,15,67,4969.562,"わかなで",L,27,81,131,-0.974,-1.472,-0.489,1.498,-0.294,0.608,-36.84,28.67,45,55,0,2,"",-75.802,-110.883,7.82,0,0,4,"=","=","=","=","=","=","=","=","=",6,L,"Azuner",181,80,0.296,3,71,W,Y,1,4970.667,255,130,57,94,45,,137,128,11.255,-25.345,-0.178,0.454,-20.319,0.53,0,0.462,-81.041,-250.297,-93.155,4972.245,34.255,-86.406,4972.855,6,36.81,0.315,-90.897,1,0,,4976.202,,,,4975.534,,,,,4975.212,,,,,,,,,,,,,,,,,,,,,,,,,,,0.067,-37.902,-0.026,-17.329,-19.267,-45.91,-5.758,-66.416,19.203,-45.206,14.854,-63.488,44.229,-99.17,1.8,-115.259,-50.416,-97.327,-0.408,-37.761,,"_Chun",0.061,-17.396,,"TaeGeuk_",-19.414,-46.14,,"ke ro",-6.938,-65.731,87,"MODECO",19.067,-45.294,,"檸檬の残骸",14.839,-63.456,,"「론구」",44.197,-99.127,109,"Mr․D VRC",1.71,-115.035,,"ゆっち一",-50.41,-97.328,,4980.628,-0.052,-39.163,,,,,,,4976.874,1.034,-59.653,,,,,,,4973.792,37.393,-91.827,,,,,,,,,,,,,,,,4979.666,-0.3,-56.663,,,,,,,4975.032,33.588,-85.854,,,,,,,"",2,,,,,,,,,,,,,0,"「론구」",4975.534,,4975.212,280,""
128,,5,0,0,6,0,0,2,1,1,0,16,12,255,68,4997.858,"わかなで",L,0,88,140,1.787,0.373,-0.264,1.839,0.787,1.836,-36.84,27.704,78,20,2,4,"",0,0,0,0,0,5,"=","=","=","=","=","=","=","=","=",4,R,"きりん SR",190,85.486,0.348,,37,W,Y,1,,,,,,,,,,,,,,,,,,,,,,,,,,,,,0,0,,,,,,,,,,,,5010.876,5011.986,,,,,,,,,,,,,,,,,,,,,,,,,0.195,-37.877,0.016,-17.263,-19.012,-45.398,-10.993,-64.475,19.132,-46.06,14.205,-63.563,36.394,-91.899,1.588,-114.311,-50.704,-95.894,,,,"",,,,"",,,,"",,,,"",,,,"",,,,"",,,,"",,,,"",,,,5002.937,0.288,-37.444,,,,,,,,,,,,,,,,,,,,,,,,,,,,,,,,,,,,,,,,,,,,,,,,,,,,"",0,,,,,,,,,,,,,0,"",5000.284,,,0,""
129,,5,0,0,6,0,1,2,1,1,0,16,12,255,69,5012.902,"わかなで",L,8,60,99,-1.532,-0.179,-0.427,1.828,-0.396,1.509,-36.84,32.7,100,0,0,2,"",-111.995,0,31.203,0,0,5,"=","=","=","=","=","=","=","=","=",4,R,"きりん SR",190,85.486,0.348,3,37,W,Y,1,5013.999,255,92,70,79,44,,145,32,-85.019,80.208,-0.275,1.086,-21.758,-0.84,0,0.359,222.973,-215.965,-2.498,5013.219,-0.77,-21.847,5015.557,1,-5.662,0.058,-18.522,0,0,,,,,,,,,,,,5031.616,5032.82,,,,,,,,,,,,,,,,,,,,,,,,,0.144,-37.877,-0.002,-17.274,-19.526,-44.648,-11,-64.947,19.037,-45.819,13.007,-64.065,36.369,-91.898,1.539,-114.332,-50.753,-95.81,-0.225,-37.517,,"_Chun",-0.009,-17.374,104,"TaeGeuk_",-18.664,-45.693,,"ke ro",-10.914,-64.375,,"MODECO",18.901,-45.831,,"檸檬の残骸",13.018,-64.06,,"「론구」",36.384,-91.88,,"Mr․D VRC",1.545,-114.324,,"ゆっち一",-50.754,-95.807,,5021.325,0.325,-37.976,5016.567,-5.867,-18.074,,,,,,,,,,,,,,,,,,,,,,,,,5020.402,-1.531,-18.274,,,,,,,,,,,,,,,,,,,,,,"",3,,,,,,,,,,,,,0,"_Chun",5019.448,,,9,""
130,,5,0,0,6,0,2,2,1,1,0,16,12,255,70,5033.867,"わかなで",L,28,68,107,-2.32,-0.391,-0.656,1.777,-0.884,1.266,-36.84,49.865,94,6,0,2,"",-54.038,-88.333,5.855,0,0,5,"=","=","=","=","=","=","=","=","=",4,R,"きりん SR",190,85.486,0.348,5,37,W,Y,1,5034.977,253,95,71,81,73,,145,131,-30,-1.502,-0.661,1.055,-21.483,0.67,0,0.204,-303.015,376.514,237.009,5034.065,-0.618,-23.191,5037.565,7,1.152,0.122,-98.591,1,0,,5040.353,,,,5039.549,,,5039.676,,,,,,,,,,,,,,,,,,,,,,,,,,,,,0.06,-37.866,-0.019,-17.314,-18.783,-45.805,-12.404,-64.749,18.709,-45.889,10.388,-65.037,37.154,-92.433,1.349,-115.312,-49.46,-94.06,-0.506,-37.391,,"_Chun",0,-17.327,,"TaeGeuk_",-18.566,-46.797,,"ke ro",-12.368,-64.674,88,"MODECO",18.479,-45.864,,"檸檬の残骸",10.825,-64.765,,"「론구」",37.03,-92.318,,"Mr․D VRC",1.454,-115.098,116,"ゆっち一",-49.455,-94.06,,5045.898,-0.054,-39.183,,,,,,,5040.61,-0.696,-60.532,,,,,,,,,,5038.486,1.305,-100.899,,,,,,,,,,,,,5044.817,-1.807,-59.575,,,,,,,,,,5039.109,0.928,-96.251,,,,"",2,-2.079,-2.079,1.762,0,2,0.444,-63.75,-49.06,-22.727,-66.843,0.065,-13.242,0,"Mr․D VRC",5039.549,5039.676,,296,""
131,,5,0,0,6,0,0,2,1,1,1,14,16,12,71,5062.64,"わかなで",L,33,85,137,-0.708,1.726,-0.439,1.974,-0.132,2.497,-36.84,46.461,73,22,5,1,"",-113.518,-89.524,-1.699,0,0,6,"=","=","=","=","=","=","=","=","=",7,R,"YukihiroD",174,80,0.4,,66,W,Y,0,,,,,,,,,,,,,,,,,,,,,,,,,,,,,0,0,,,,,,,,,,,,5074.815,5072.539,5064.147,,,,,,,,,,,,,,,,,,,,,,,,0.191,-37.838,0.078,-17.305,-17.328,-45.27,-12.261,-63.67,18.623,-45.764,12.937,-65.164,38.141,-93.889,0.704,-109.289,-48.439,-92.747,,,,"",,,,"",,,,"",,,,"",,,,"",,,,"",,,,"",,,,"",,,,5066.772,-0.095,-37.345,,,,,,,,,,,,,,,,,,,,,,,,,,,,,,,,,,,,,,,,,,,,,,,,,,,,"",0,,,,,,,,,,,,,0,"",5065.845,5064.784,,0,""
132,,5,0,0,6,1,0,2,1,1,1,14,16,12,72,5075.385,"わかなで",L,6,53,102,0.43,1.048,-0.172,1.974,0.835,2.214,-36.84,25.067,100,0,0,2,"",-305.709,0,12.608,0,0,6,"=","=","=","=","=","=","=","=","=",7,R,"YukihiroD",174,80,0.4,5,66,W,Y,1,5076.61,181,102,96,31,6,,143,123,6.872,-26.664,0.083,1.294,-20.688,0.72,0,0.675,412.432,398.839,117.884,,,,5078.538,6,29.544,1.27,-87.701,0,0,,,,,,,,,,,5081.464,,,5076.521,5079.54,6,,455,0,,,,,,,,,,,,,,,,,,,0.248,-37.898,-0.005,-17.267,-17.996,-45.142,-11.224,-63.732,18.724,-45.718,12.324,-64.167,38.173,-93.881,0.602,-109.5,-48.592,-92.635,-0.367,-37.03,,"_Chun",0.053,-17.309,,"TaeGeuk_",-19.268,-45.233,,"ke ro",-11.128,-63.124,,"MODECO",18.5,-45.504,,"檸檬の残骸",12.206,-64.711,,"「론구」",38.149,-93.863,,"Mr․D VRC",0.617,-109.311,,"ゆっち一",-48.37,-92.414,,,,,,,,,,,,,,,,,,,,5079.551,29.756,-88.209,,,,,,,,,,,,,,,,,,,,,,,,,,,,,,,,,,"",1,-25.953,-25.953,-5.437,0,0,1,6.872,6.872,8.739,6.872,0,-28.783,0,"「론구」",,,5081.464,16,""
133,SIDE,5,0,0,6,0,0,2,1,1,1,14,16,12,,5081.854,,,,,,,,,,,,,,,,,,,,,,,,7,"=","=","=","=","=","=","=","=","=",,,,,,,,,,,,,,,,,,,,,,,,,,,,,,,,,,,,,,,0,0,,,,,,5081.898,,,,,,,,,,,,,,,,,,,,,,,,,,,,,,,,,,,,,,,,,,,,,,,,,,,,,,,,,,,,,,,,,,,,,,,,,,,,,,,,,,,,,,,,,,,,,,,,,,,,,,,,,,,,,,,,,,,,,,,,,,,,,,,,,,,,,,,,,,,"",0,,,,,,,,,,,,,0,"",5081.898,,,0,""
134,,6,1,0,6,0,0,0,0,0,0,255,255,255,51,5122.979,"559：広告",R,3,66,97,1.928,0.576,0.446,1.857,1.596,1.961,-36.419,79.821,75,25,0,1,"",-360.979,11.855,-6.078,0,0,8,"_Chun","ゆっち一","MODECO","わかなで","「론구」","Mr․D VRC","檸檬の残骸","TaeGeuk_","ke ro",3,R,"ke ro",169.6,80.196,0.367,,56,W,Y,0,,,,,,,,,,,,,,,,,,,,,,,,,,,,,0,0,,,,,,,,,,,,,,,,,,,,,,,,,,,,,,,,,,,,,,-0.285,-37.426,-0.022,-17.35,-21.072,-46.687,-16.129,-63.116,20.024,-48.344,11.509,-61.644,31.956,-94.451,-12.715,-112.627,-43.759,-90.194,,,,"",,,,"",,,,"",,,,"",,,,"",,,,"",,,,"",,,,"",,,,,,,,,,,,,,,,,,,,,,,,,,,,,,,,,,,,,,,,,,,,,,,,,,,,,,,,,,"",0,,,,,,,,,,,,,0,"",,,,0,""
135,,6,1,0,6,1,0,0,0,0,0,255,255,255,52,5134.181,"559：広告",R,0,77,115,0.107,-0.625,0.242,1.691,0.039,1.247,-36.419,43.314,87,13,0,2,"",0,0,0.512,0,0,8,"=","=","=","=","=","=","=","=","=",3,R,"ke ro",169.6,80.196,0.367,5,56,W,Y,1,5135.23,226,103,63,65,40,,139,128,-30,-49.505,0.024,0.75,-20.721,0.56,0,0.636,-326.015,-54.861,-251.976,5134.094,0.929,-21.493,,,,,,0,0,,,,,,,,,,,,,,,,,,,,,,,,,,,,,,,,,,,,,,-0.212,-37.55,-0.007,-17.383,-20.908,-47.033,-16.149,-63.112,20.142,-48.755,11.181,-60.508,30.488,-95.553,-8.944,-104.765,-45.421,-93.541,-0.054,-36.995,,"SFIDA",-0.022,-17.392,,"레이나2",-20.872,-46.836,,"柴山犬吉",-15.968,-63.182,,"きりん SR",19.882,-49.769,,"coder_",10.454,-61.297,,"Azuner",30.481,-95.553,,"YukihiroD",-8.852,-104.762,,"소솨소솨",-45.423,-93.536,,,,,,,,,,,,,,,,,,,,,,,,,,,,,,,,,,,,,,,,,,,,,,,,,,,,,,,,"",3,-48.71,-48.71,-5.508,0,0,1,-31.469,-31.469,-49.79,-31.469,0,-68.49,0,"",,,,0,""
136,,6,1,0,6,1,1,0,0,0,0,255,255,255,53,5152.154,"559：広告",R,0,84,120,-1.893,-0.749,-0.056,1.588,-0.794,1.174,-36.419,22.543,32,68,0,1,"",-17.969,0,-1.373,0,0,8,"=","=","=","=","=","=","=","=","=",3,R,"ke ro",169.6,80.196,0.367,,56,W,Y,0,,,,,,,,,,,,,,,,,,,,,,,,,,,,,0,0,,,,,,,,,,,,,,,,,,,,,,,,,,,,,,,,,,,,,,-0.396,-37.286,-0.106,-17.356,-20.826,-46.788,-15.989,-63.032,18.925,-44.911,10.97,-64.451,32.472,-97.089,-7.811,-102.721,-44.788,-93.756,,,,"",,,,"",,,,"",,,,"",,,,"",,,,"",,,,"",,,,"",,,,,,,,,,,,,,,,,,,,,,,,,,,,,,,,,,,,,,,,,,,,,,,,,,,,,,,,,,"",0,,,,,,,,,,,,,0,"",,,,0,""
137,,6,1,0,6,2,1,0,0,0,0,255,255,255,54,5164.801,"559：広告",R,13,83,107,-1.384,-1.02,0.238,1.832,0.06,1.536,-36.419,44.67,84,16,0,2,"",-356.9,339.676,-4.028,0,0,8,"=","=","=","=","=","=","=","=","=",3,R,"ke ro",169.6,80.196,0.367,3,56,W,Y,1,5165.894,146,170,91,94,64,,145,80,-30,56.696,-0.199,0.738,-21.363,1,0,0.717,-178.884,199.652,59.879,5164.828,-1.931,-22.497,,,,,,0,0,,,,,,,,,,,,,,,,,,,,,,,,,,,,,,,,,,,,,,-0.236,-37.637,-0.028,-17.392,-20.894,-46.822,-15.871,-63.263,19.052,-44.913,10.603,-64.21,33.053,-95.971,-8.022,-102.726,-45.007,-93.635,0.034,-37.053,,"SFIDA",-0.007,-17.39,,"레이나2",-20.792,-46.611,,"柴山犬吉",-15.82,-63.137,,"きりん SR",19.056,-44.893,,"coder_",10.615,-64.156,,"Azuner",33.004,-95.971,,"YukihiroD",-8.664,-102.522,,"소솨소솨",-44.788,-93.735,,,,,,,,,,,,,,,,,,,,,,,,,,,,,,,,,,,,,,,,,,,,,,,,,,,,,,,,"",3,,,,,,,,,,,,,0,"",,,,0,""
138,,6,1,0,6,2,2,0,0,0,0,255,255,255,55,5178.718,"559：広告",R,13,91,114,-2.571,-2.104,0.036,1.479,-0.508,0.908,-36.419,20.472,49,51,0,1,"",-353.999,353.107,11.213,-0.568,-19.027,8,"=","=","=","=","=","=","=","=","=",3,R,"ke ro",169.6,80.196,0.367,,56,W,Y,0,,,,,,,,,,,,,,,,,,,,,,,,,,,,,0,0,,,,,,,,,,,,,,,,,,,,,,,,,,,,,,,,,,,,,,-0.219,-37.741,-0.032,-17.421,-21.082,-46.677,-16.177,-63.163,18.692,-45.768,11.506,-64.762,33.036,-95.935,-9.259,-102.285,-44.836,-92.509,,,,"",,,,"",,,,"",,,,"",,,,"",,,,"",,,,"",,,,"",,,,,,,,,,,,,,,,,,,,,,,,,,,,,,,,,,,,,,,,,,,,,,,,,,,,,,,,,,"",0,,,,,,,,,,,,,0,"",,,,0,""
139,,6,1,0,6,3,2,0,0,0,0,255,255,255,56,5193.613,"559：広告",R,11,96,126,-2.598,-0.931,-0.089,1.626,-0.895,1.265,-36.419,5.939,40,60,0,2,"",-64.386,161.831,3.762,0,0,8,"=","=","=","=","=","=","=","=","=",3,R,"ke ro",169.6,80.196,0.367,5,56,W,Y,1,5194.648,148,161,70,66,53,,139,79,-30,-54.076,-0.458,0.674,-20.878,1,0,0.668,-147.621,541.215,-149.356,5193.532,0.393,-21.498,,,,,,0,0,,,,,,,,,,,,,,,,,,,,,,,,,,,,,,,,,,,,,,-0.234,-37.511,-0.035,-17.488,-21.15,-46.966,-16.284,-63.056,19.325,-46.237,10.223,-64.518,33.03,-96.018,-9.51,-102.283,-44.759,-92.557,-0.311,-36.67,,"SFIDA",-0.061,-17.514,,"레이나2",-20.95,-46.824,,"柴山犬吉",-16.216,-62.956,,"きりん SR",19.336,-46.253,,"coder_",10.258,-64.287,,"Azuner",33.021,-96.003,,"YukihiroD",-9.245,-102.304,,"소솨소솨",-44.764,-92.55,,,,,,,,,,,,,,,,,,,,,,,,,,,,,,,,,,,,,,,,,,,,,,,,,,,,,,,,"",3,-55.774,-48.756,-6.452,0.443,0,1,-32.881,-32.881,-59.687,-32.881,0,-83.527,0,"",,,,0,""
140,,6,1,0,6,3,2,0,0,0,0,255,255,255,57,5210.525,"559：広告",R,0,78,128,0.349,-0.4,0.254,1.793,0.151,1.374,-36.419,38.211,90,10,0,2,"",-4.812,12.123,-3.129,0,0,8,"=","=","=","=","=","=","=","=","=",3,R,"ke ro",169.6,80.196,0.367,0,56,W,Y,1,5211.524,83,109,56,64,13,,120,119,114.608,-53.686,-0.001,0.817,-19.977,0.56,0,0.587,84.188,261.655,-122.359,,,,,,,,,0,0,,,,,,,,,,,,,,,,,,,,,,,,,,,,,,,,,,,,,,-0.284,-37.524,-0.004,-17.472,-21.121,-46.636,-16.438,-62.828,20.551,-46.921,10.991,-64.358,32.313,-96.646,-12.951,-103.599,-44.576,-92.26,-0.229,-36.788,,"SFIDA",0.01,-17.45,,"레이나2",-20.853,-46.526,,"柴山犬吉",-16.269,-62.819,,"きりん SR",20.467,-46.954,,"coder_",10.586,-64.39,,"Azuner",32.292,-96.634,,"YukihiroD",-12.946,-103.591,,"소솨소솨",-44.676,-92.153,,,,,,,,,,,,,,,,,,,,,,,,,,,,,,,,,,,,,,,,,,,,,,,,,,,,,,,,"",3,,,,,,,,,,,,,0,"",,,,0,""
141,,6,1,0,6,3,2,0,0,0,0,255,255,255,58,5226.827,"559：広告",R,10,83,110,-0.512,-1.364,0.127,1.687,-0.226,1.411,-36.419,21.3,47,53,0,4,"",-0.381,400,7.071,0,0,8,"=","=","=","=","=","=","=","=","=",3,R,"ke ro",169.6,80.196,0.367,,56,W,Y,1,,,,,,,,,,,,,,,,,,,,,,,,,,,,,0,256,,,,,,,,,,,,,,,5229.569,8,,578,0,,,,,,,,,,,,,,,,,5229.296,1,-0.236,-37.339,0.007,-17.435,-20.928,-46.658,-16.226,-63.052,20.004,-46.036,10.89,-65.48,32.972,-97.068,-16.603,-102.764,-46.433,-94.231,,,,"",,,,"",,,,"",,,,"",,,,"",,,,"",,,,"",,,,"",,,,,,,,,,,,,,,,,,,,,,,,,,,,,,,,,,,,,,,,,,,,,,,,,,,,,,,,,,"",0,,,,,,,,,,,,,0,"",,,,0,""
142,,6,1,0,6,0,0,1,0,0,0,255,255,255,59,5249.542,"559：広告",R,27,76,127,3.723,1.851,0.436,2.074,1.412,2.637,-36.419,60.211,73,27,0,1,"",131.788,-131.869,-0.857,0,0,0,"=","=","=","=","=","=","=","=","=",1,L,"_Chun",190,80,0.455,,56,W,Y,0,,,,,,,,,,,,,,,,,,,,,,,,,,,,,0,0,,,,,,,,,,,,,,,,,,,,,,,,,,,,,,,,,,,,,,-0.122,-37.678,-0.084,-17.349,-21.18,-47.072,-13.195,-64.954,21.758,-48.667,11.791,-65.3,47.161,-104.518,-1.613,-118.108,-35.027,-99.856,,,,"",,,,"",,,,"",,,,"",,,,"",,,,"",,,,"",,,,"",,,,,,,,,,,,,,,,,,,,,,,,,,,,,,,,,,,,,,,,,,,,,,,,,,,,,,,,,,"",0,,,,,,,,,,,,,0,"",,,,0,""
143,,6,1,0,6,1,0,1,0,0,0,255,255,255,60,5262.156,"559：広告",R,3,67,98,2.607,0.65,0.609,1.941,1.866,2.053,-36.419,76.228,82,18,0,2,"",-355.899,14.125,-4.6,0,0,0,"=","=","=","=","=","=","=","=","=",1,L,"_Chun",190,80,0.455,5,56,W,Y,1,5263.307,223,137,104,96,68,,145,131,27.753,-9.609,0.484,1.273,-20.476,0.31,0,0.491,512.695,-198.27,44.776,5268.115,26.879,-141.263,,,,,,0,0,,5269.137,5273.816,5279.045,5284.147,,,,,,,,,,,,,,,,,,,,,,,,,,,,,,,,,-0.042,-37.485,-0.007,-17.445,-21.21,-47.139,-13.445,-64.757,21.836,-48.64,11.947,-65.739,46.884,-104.169,-1.636,-118.056,-34.536,-91.506,0.028,-36.858,,"SFIDA",0.019,-17.445,,"레이나2",-20.9,-47.036,,"柴山犬吉",-13.309,-64.747,,"きりん SR",21.766,-48.673,,"coder_",11.928,-65.643,,"Azuner",46.854,-104.192,,"YukihiroD",-1.644,-118.053,,"소솨소솨",-34.588,-91.449,,,,,,,,,,,,,,,,,,,,,,,,,,,,,,,,,,,,,,,,,,,,,,,,,,,,,,,,"",4,-7.228,-7.228,-0.851,0,0,1,49.87,49.87,63.791,49.87,0,-8.248,0,"",5273.816,5279.045,5284.147,0,""
144,,6,1,1,6,0,0,1,0,0,0,255,255,255,61,5298.077,"559：広告",R,13,79,105,-1.203,-0.894,0.152,1.87,-0.161,1.643,-36.419,44.737,82,18,0,0,"",-190.846,400,2.101,-0.38,-17.091,1,"=","=","=","=","=","=","=","=","=",8,L,"ゆっち一",181.3,84,0.401,,56,W,Y,0,,,,,,,,,,,,,,,,,,,,,,,,,,,,,0,0,,,,,,,,,,,,,,,,,,,,,,,,,,,,,,,,,,,,,,-0.22,-37.737,-0.03,-17.376,-21.056,-46.873,-13.268,-65.006,21.292,-47.92,12.063,-65.615,46.175,-103.07,-0.075,-112.676,-38.278,-89.523,,,,"",,,,"",,,,"",,,,"",,,,"",,,,"",,,,"",,,,"",,,,,,,,,,,,,,,,,,,,,,,,,,,,,,,,,,,,,,,,,,,,,,,,,,,,,,,,,,"",0,,,,,,,,,,,,,0,"",,,,0,""
145,,6,1,1,6,0,1,1,0,0,0,255,255,255,62,5309.441,"559：広告",R,13,68,97,1.982,-0.116,0.425,1.867,1.587,2.041,-36.419,83.579,85,15,0,1,"",-345.573,310.523,-9.289,0,0,1,"=","=","=","=","=","=","=","=","=",8,L,"ゆっち一",181.3,84,0.401,,56,W,Y,0,,,,,,,,,,,,,,,,,,,,,,,,,,,,,0,0,,,,,,,,,,,,,,,,,,,,,,,,,,,,,,,,,,,,,,-0.219,-37.555,-0.027,-17.409,-21.076,-46.908,-13.409,-64.605,21.379,-47.901,11.716,-65.49,46.211,-103.291,-1.078,-118.517,-36.697,-93.871,,,,"",,,,"",,,,"",,,,"",,,,"",,,,"",,,,"",,,,"",,,,,,,,,,,,,,,,,,,,,,,,,,,,,,,,,,,,,,,,,,,,,,,,,,,,,,,,,,"",0,,,,,,,,,,,,,0,"",,,,0,""
146,,6,1,1,6,1,1,1,0,0,0,255,255,255,63,5320.636,"559：広告",R,13,80,105,-0.775,-1.621,0.313,1.646,0.294,1.154,-36.419,44.294,36,64,0,1,"",-333.222,357.962,-2.125,-0.282,-18.351,1,"=","=","=","=","=","=","=","=","=",8,L,"ゆっち一",181.3,84,0.401,,56,W,Y,0,,,,,,,,,,,,,,,,,,,,,,,,,,,,,0,0,,,,,,,,,,,,,,,,,,,,,,,,,,,,,,,,,,,,,,-0.224,-37.417,-0.022,-17.435,-21.085,-46.787,-13.327,-64.682,21.219,-47.842,11.498,-65.816,46.009,-103.531,-0.391,-117.976,-35.678,-92.388,,,,"",,,,"",,,,"",,,,"",,,,"",,,,"",,,,"",,,,"",,,,,,,,,,,,,,,,,,,,,,,,,,,,,,,,,,,,,,,,,,,,,,,,,,,,,,,,,,"",0,,,,,,,,,,,,,0,"",,,,0,""
147,,6,1,1,6,2,1,1,0,0,0,255,255,255,64,5331.789,"559：広告",R,13,83,124,1.066,-0.515,0.357,1.791,0.73,1.667,-36.419,41.573,89,11,0,0,"",-178.879,337.707,0.333,0,0,1,"=","=","=","=","=","=","=","=","=",8,L,"ゆっち一",181.3,84,0.401,,56,W,Y,0,,,,,,,,,,,,,,,,,,,,,,,,,,,,,0,0,,,,,,,,,,,,,,,,,,,,,,,,,,,,,,,,,,,,,,-0.144,-37.426,-0.074,-17.496,-20.998,-46.911,-13.331,-64.637,21.356,-47.954,11.218,-65.284,46.106,-103.518,-0.204,-118.099,-35.798,-91.323,,,,"",,,,"",,,,"",,,,"",,,,"",,,,"",,,,"",,,,"",,,,,,,,,,,,,,,,,,,,,,,,,,,,,,,,,,,,,,,,,,,,,,,,,,,,,,,,,,"",0,,,,,,,,,,,,,0,"",,,,0,""
148,,6,1,1,6,2,2,1,0,0,0,255,255,255,65,5343.073,"559：広告",R,3,78,118,2.024,-0.242,0.538,1.77,1.524,1.453,-36.419,55.414,72,28,0,1,"",-400.036,0,0.161,0,0,1,"=","=","=","=","=","=","=","=","=",8,L,"ゆっち一",181.3,84,0.401,,56,W,Y,0,,,,,,,,,,,,,,,,,,,,,,,,,,,,,0,0,,,,,,,,,,,,,,,,,,,,,,,,,,,,,,,,,,,,,,-0.085,-37.663,-0.033,-17.457,-20.932,-46.902,-13.167,-64.773,21.192,-47.829,11.534,-65.597,46.049,-103.518,0.247,-115.833,-35.856,-91.304,,,,"",,,,"",,,,"",,,,"",,,,"",,,,"",,,,"",,,,"",,,,,,,,,,,,,,,,,,,,,,,,,,,,,,,,,,,,,,,,,,,,,,,,,,,,,,,,,,"",0,,,,,,,,,,,,,0,"",,,,0,""
149,,6,1,1,6,3,2,1,0,0,0,255,255,255,66,5353.615,"559：広告",R,3,73,101,0.513,-0.438,0.53,1.801,1.162,1.663,-36.419,68.856,64,36,0,2,"",-413.08,146.362,-2.348,0,0,1,"=","=","=","=","=","=","=","=","=",8,L,"ゆっち一",181.3,84,0.401,5,56,W,Y,1,5354.862,235,137,89,95,66,,145,86,14.072,53.555,0.166,0.907,-20.676,1,0,0.443,190.797,-325.61,-466.449,5357.101,-47.228,-59.702,,,,,,0,0,,,,,,,,,,,,,,,,,,,,,,,,,,,,,,,,,,,,,,-0.174,-37.409,-0.037,-17.515,-20.948,-46.85,-13.262,-64.754,21.43,-48.032,11.217,-65.757,46.109,-103.512,0.296,-115.832,-35.602,-91.458,-0.2,-36.874,,"SFIDA",0.006,-17.504,,"레이나2",-20.618,-46.925,,"柴山犬吉",-13.177,-64.586,,"きりん SR",21.439,-48.062,,"coder_",11.389,-65.228,,"Azuner",46.117,-103.428,,"YukihiroD",0.601,-115.838,,"소솨소솨",-35.607,-91.436,,,,,,,,,,,,,,,,,,,,,,,,,,,,,,,,,,,,,,,,,,,,,,,,,,,,,,,,"",3,62.534,51.591,15.616,0.495,2,0.331,22.761,14.072,-11.245,23.298,0.021,145.894,0,"",,,,0,""
150,,6,1,1,6,3,2,1,0,0,0,255,255,255,67,5370.06,"559：広告",R,13,92,114,-2.255,-1.586,0.024,1.572,-0.545,1.167,-36.419,17.948,41,59,0,1,"",-253.672,400,15.667,-0.542,-18.115,1,"=","=","=","=","=","=","=","=","=",8,L,"ゆっち一",181.3,84,0.401,,56,W,Y,0,,,,,,,,,,,,,,,,,,,,,,,,,,,,,0,0,,5378.856,,,,,,,,,,,,,,,,,,,,,,,,,,,,,,,,,,,,-0.254,-37.382,-0.035,-17.562,-21.154,-46.836,-15.318,-63.783,21.472,-47.754,11.748,-65.22,47.223,-102.923,0.086,-113.236,-40.492,-86.692,,,,"",,,,"",,,,"",,,,"",,,,"",,,,"",,,,"",,,,"",,,,,,,,,,,,,,,,,,,,,,,,,,,,,,,,,,,,,,,,,,,,,,,,,,,,,,,,,,"",5,,,,,,,,,,,,,0,"",,,,0,""
151,,6,1,1,6,0,0,1,1,0,0,8,255,255,68,5389.534,"559：広告",R,5,72,107,-0.134,0.003,0.337,1.826,0.189,1.616,-36.419,45.719,85,15,0,2,"",-138.118,0,2.97,0,0,2,"=","=","=","=","=","=","=","=","=",4,R,"MODECO",190,85,0.447,3,56,W,Y,1,5390.791,219,144,153,255,0,,145,87,-4.941,33.616,-0.046,0.965,-19.841,-1,0,0.549,200.967,-187.06,160.409,5389.988,-4.816,-27.095,5391.411,2,-15.783,0.056,-43.633,0,0,,5396.563,,,,5395.724,,,,,,5389.748,,,5394.785,1,1,166,8,5396.757,2,,147,1,,,,,,5398.835,2,,,,,,,-0.095,-37.93,-0.015,-17.501,-20.045,-41.074,-13.36,-59.138,22.453,-49.45,7.165,-64.865,34.768,-103.739,-12.028,-114.325,-46.698,-91.899,-0.085,-37.283,,"SFIDA",-0.054,-17.475,,"레이나2",-19.773,-45.339,95,"柴山犬吉",-13.564,-59.246,,"きりん SR",22.293,-49.202,,"coder_",8.236,-63.204,101,"Azuner",33.642,-102.421,,"YukihiroD",-11.711,-113.666,,"소솨소솨",-45.961,-91.404,,,,,,,,5392.515,-16.315,-44.189,,,,,,,5394.126,-0.128,-58.777,,,,,,,,,,,,,,,,5393.11,-13.661,-45.768,,,,,,,5394.838,-1.807,-56.498,,,,,,,,,,"",2,,,,,,,,,,,,,0,"레이나2",5395.724,,,9,""
152,SIDE,6,1,1,6,0,0,2,0,0,0,255,255,255,,5399.199,,,,,,,,,,,,,,,,,,,,,,,,3,"=","=","=","=","=","=","=","=","=",,,,,,,,,,,,,,,,,,,,,,,,,,,,,,,,,,,,,,,0,0,,,,,,,,,,,,,,,,,,,,,,,,,,,,,,,,,,,,,,,,,,,,,,,,,,,,,,,,,,,,,,,,,,,,,,,,,,,,,,,,,,,,,,,,,,,,,,,,,,,,,,,,,,,,,,,,,,,,,,,,,,,,,,,,,,,,,,,,,,,,,,,,,"",0,,,,,,,,,,,,,0,"",,,,0,""
153,,6,0,1,6,0,0,0,0,0,0,255,255,255,73,5455.43,"わかなで",L,27,77,128,-0.572,1.16,-0.42,1.926,-0.149,2.189,-36.84,39.784,91,9,0,1,"",-55.53,-138.089,14.658,0,0,7,"coder_","눈꽃","소솨소솨","레이나2","Azuner","きりん SR","YukihiroD","SFIDA","柴山犬吉",1,L,"SFIDA",188.7,80,0.2,,56,W,Y,0,,,,,,,,,,,,,,,,,,,,,,,,,,,,,0,0,,,,,,,,,,,,,,,,,,,,,,,,,,,,,,,,,,,,,,0.187,-37.821,-0.048,-17.523,-20.046,-45.737,-11.154,-65.045,20.686,-46.114,13.667,-63.59,41.91,-97.038,0.962,-113.071,-44.593,-93.313,,,,"",,,,"",,,,"",,,,"",,,,"",,,,"",,,,"",,,,"",,,,,,,,,,,,,,,,,,,,,,,,,,,,,,,,,,,,,,,,,,,,,,,,,,,,,,,,,,"",0,,,,,,,,,,,,,0,"",,,,0,""
154,,6,0,1,6,1,0,0,0,0,0,255,255,255,74,5470.498,"わかなで",L,27,87,140,0.373,0.062,-0.351,1.753,0.316,1.515,-36.84,29.727,35,65,0,2,"",-102.051,-142.936,3.378,0,0,7,"=","=","=","=","=","=","=","=","=",1,L,"SFIDA",188.7,80,0.2,5,56,W,Y,1,5471.453,223,122,125,70,50,,145,130,25.979,-7.192,0.064,1.052,-20.669,0.65,0,0.699,532.659,-235.719,74.476,5476.038,22.054,-142.669,,,,,,0,0,,5477.021,5481.575,5486.717,5492.335,,,,,,,,,,,,,,,,,,,,,,,,,,,,,,,,,0.191,-37.9,-0.064,-17.676,-20.142,-46.726,-11.159,-65.04,20.723,-46.022,13.815,-63.768,41.952,-97.018,0.943,-113.329,-44.485,-93.531,0.004,-37.064,,"_Chun",-0.033,-17.681,,"TaeGeuk_",-20.107,-46.76,,"ke ro",-11.11,-64.972,,"MODECO",20.61,-45.913,,"檸檬の残骸",13.794,-63.768,,"「론구」",41.874,-96.894,,"Mr․D VRC",0.932,-113.219,,"ゆっち一",-44.494,-93.529,,,,,,,,,,,,,,,,,,,,,,,,,,,,,,,,,,,,,,,,,,,,,,,,,,,,,,,,"",4,-8.373,-8.373,2.267,0,2,0.284,85.873,36.326,-1.674,89.254,0.069,-48.947,0,"",5481.575,5486.717,,0,""
155,,6,0,1,7,0,0,0,0,0,0,255,255,255,75,5508.43,"わかなで",L,13,71,99,1.564,-1.005,-0.411,1.738,-0.039,1.637,-36.84,25.429,42,58,0,2,"",333.088,336.196,0.843,0,0,8,"=","=","=","=","=","=","=","=","=",3,R,"柴山犬吉",169.9,90.243,0.6,3,56,W,Y,1,5509.635,244,153,91,84,44,,145,80,-4.896,-52.051,0.357,0.704,-21.295,1,0,0.268,-80.343,525.254,-244.879,5508.78,5.821,-25.664,,,,,,0,0,,,,,,,,,,,,,,,,,,,,,,,,,,,,,,,,,,,,,,0.122,-37.987,0.011,-17.417,-18.337,-43.12,-13.204,-65.13,19.64,-46.218,11.986,-63.692,36.364,-91.773,2.211,-120.201,-46.64,-91.804,-0.489,-37.461,,"_Chun",0.076,-17.446,,"TaeGeuk_",-19.117,-43.223,,"ke ro",-12.971,-65.038,,"MODECO",19.385,-45.945,,"檸檬の残骸",11.576,-64.113,,"「론구」",36.366,-91.769,,"Mr․D VRC",2.219,-119.961,,"ゆっち一",-46.592,-91.956,,,,,,,,,,,,,,,,,,,,,,,,,,,,,,,,,,,,,,,,,,,,,,,,,,,,,,,,"",3,,,,,,,,,,,,,0,"",,,,0,""
156,,6,0,1,7,0,1,0,0,0,0,255,255,255,76,5525.556,"わかなで",L,28,61,102,0.355,1.096,-0.339,2.052,0.231,2.121,-36.84,46.399,85,15,0,2,"",-31.359,-73.764,-0.083,0,0,8,"=","=","=","=","=","=","=","=","=",3,R,"柴山犬吉",169.9,90.243,0.6,3,56,W,Y,1,5526.751,255,75,148,63,32,,145,124,31.2,13.556,0.056,1.29,-20.888,0.48,0,0.249,35.139,-73.437,304.41,5530.78,-25.233,-126.227,5532.534,7,-23.06,0.501,-127.848,1,0,,5531.86,5536.299,,,,,,,,,,,,,,,,,,,,,,,,,,,,,,,,,,,0.23,-37.894,0.108,-17.57,-17.667,-44.349,-13.543,-63.819,19.357,-46.108,11.829,-63.835,36.444,-92.453,2.094,-117.681,-48.324,-94.266,0.031,-37.41,,"_Chun",0.114,-17.584,,"TaeGeuk_",-17.876,-44.616,,"ke ro",-12.594,-64.168,,"MODECO",19.297,-46.049,,"檸檬の残骸",11.769,-64.093,70,"「론구」",36.452,-92.434,,"Mr․D VRC",2.124,-117.539,109,"ゆっち一",-48.345,-94.021,,5542.698,0.134,-39.356,,,,,,,,,,,,,5537.642,0.214,-58.925,,,,5533.668,-22.641,-127.509,,,,,,,,,,,,,,,,,,,5541.438,1.003,-57.939,,,,5534.764,-21.69,-119.451,,,,"",2,,,,,,,,,,,,,0,"Mr․D VRC",5536.299,,,104,""
157,,6,0,1,7,1,0,0,0,1,0,255,13,255,77,5750.447,"わかなで",L,0,88,140,0.879,-0.57,-0.352,1.695,0.394,1.275,-36.84,37.026,32,65,3,2,"",0,0,0,0,0,0,"=","=","=","=","=","=","=","=","=",5,R,"coder_",168.1,88.343,0.285,3,52,W,Y,1,5751.517,7,7,4,18,23,,4,31,-46.477,41.389,0.161,0.739,-20.495,-1,1,0.671,83.719,392.999,-85.604,5750.432,-0.385,-21.11,5753.551,0,-7.857,0.056,-29.695,1,0,,5756.008,,,,,,,5755.581,,,,,,,,,,,,,,,,,,,,,,,,,,,,,0.244,-37.852,0.048,-17.391,-19.784,-44.722,-12.587,-64.211,19.4,-45.795,9.856,-64.112,35.968,-92.298,0.038,-113.291,-47.589,-93.133,-0.4,-37.545,92,"_Chun",0.092,-17.468,,"TaeGeuk_",-20.138,-45.071,104,"ke ro",-13.183,-63.981,,"MODECO",19.325,-45.803,,"檸檬の残骸",6.365,-62.591,,"「론구」",35.964,-92.29,,"Mr․D VRC",0.039,-113.288,,"ゆっち一",-47.591,-93.132,,5754.7,-7.687,-30.322,,,,5756.06,-18.463,-38.964,,,,,,,,,,,,,,,,,,,5755.337,-10.426,-32.132,,,,5760.122,-15.827,-40.753,,,,,,,,,,,,,,,,,,,"",2,,,,,,,,,,,,,0,"わかなで",,5755.581,,136,""
158,,6,0,1,7,0,0,0,1,0,1,15,255,13,78,5781.808,"わかなで",L,33,88,140,-1.538,1.111,-0.519,1.927,-0.479,2.206,-36.84,42.426,80,17,4,2,"BH-",-125.548,-106.552,0.673,0,0,1,"=","=","=","=","=","=","=","=","=",9,L,"눈꽃",190,90,0.597,5,56,W,Y,1,5782.805,184,103,101,77,30,,145,99,-5.246,-14.465,-0.283,1.432,-20.199,-0.54,0,0.37,583.588,105.463,-91.119,5782.084,2.693,-31.896,5783.625,5,10.183,0.054,-56.735,1,0,,5788.206,,,,5787.655,,,,,,,,5787.11,5787.535,0,1,166,0,,,,,,,,,,,,,5786.904,5,,,,,0.117,-37.923,-0.048,-17.443,-19.254,-44.575,-11.924,-64.101,19.867,-46.057,11.744,-63.043,51.112,-106.129,0.246,-116.345,-46.105,-101.581,-0.472,-37.16,,"_Chun",-0.03,-17.416,,"TaeGeuk_",-19.246,-44.585,90,"ke ro",-11.878,-64.048,,"MODECO",19.84,-46.035,,"檸檬の残骸",11.498,-63.401,107,"「론구」",50.951,-105.957,,"Mr․D VRC",0.248,-116.361,,"ゆっち一",-46.117,-101.585,,5794.641,-0.693,-38.213,,,,5788.364,-18.795,-39.476,,,,,,,5784.819,10.494,-58.191,,,,,,,,,,,,,,,,5793.884,-13.408,-41.179,,,,,,,5787.199,-1.707,-57.242,,,,,,,,,,"",2,-14.837,-14.837,0.417,0,0,1,-5.246,-5.246,-12.551,-5.246,0,-17.596,0,"檸檬の残骸",5787.655,5786.718,,200,""
159,,6,0,1,7,0,0,1,1,0,1,19,255,13,79,5813.226,"わかなで",L,3,66,112,-0.007,0.82,-0.453,1.965,-0.51,2.258,-36.84,46.844,100,0,0,2,"",279.807,109.95,1.046,0,0,2,"=","=","=","=","=","=","=","=","=",8,R,"소솨소솨",186.3,80,0.503,5,56,W,Y,1,5814.438,135,139,94,104,53,,141,93,62.872,-45.461,0.005,1.291,-20.321,-0.65,0,0.712,414.488,-150.689,-354.998,5819.407,38.737,-47.793,5819.538,4,37.933,2.869,-47.129,0,0,,,,,,,,,,,,5846.824,,5845.989,5820.821,2,,453,0,,,,,,,,,,,,,,,,,,,0.179,-37.841,0.101,-17.52,-19.485,-44.744,-12.756,-62.512,19.284,-46.242,13.208,-63.47,37.335,-92.007,0.081,-110.69,-46.739,-97.686,-0.618,-37.584,,"_Chun",0.117,-17.57,,"TaeGeuk_",-20.328,-44.773,,"ke ro",-12.907,-62.148,,"MODECO",19.147,-46.204,67,"檸檬の残骸",11.929,-64.091,,"「론구」",37.184,-91.787,,"Mr․D VRC",0.036,-110.472,,"ゆっち一",-46.681,-97.465,,5832.773,0.538,-38.966,,,,,,,,,,5820.832,38.255,-47.335,,,,,,,,,,,,,,,,,,,,,,,,,5831.674,16.518,-39.953,,,,,,,,,,,,,"",1,-48.384,-48.384,-9.049,0,0,1,62.872,62.872,71.248,62.872,0,-59.598,0,"MODECO",,5816.511,,12,""
160,,6,0,1,7,0,0,2,1,0,1,19,255,13,80,5847.875,"わかなで",L,29,66,119,0.628,-0.179,-0.285,1.798,-0.075,1.414,-36.84,31.823,70,30,0,2,"",208.293,-67.721,17.906,0,0,3,"=","=","=","=","=","=","=","=","=",2,R,"레이나2",180.4,80.118,0.403,3,66,W,Y,1,5849.079,250,122,77,99,47,,145,83,13.982,16.108,0.109,0.923,-20.598,-1,0,0.153,198.651,70.61,340.389,,,,5850.511,3,-12.414,1.908,-61.921,0,0,,,,,,,,,,,5853.06,,,,5851.711,3,,452,0,,,,,,,,,,,,,,,,,,,0.26,-37.963,-0.034,-17.665,-19.373,-45.147,-13.965,-64.16,19.263,-46.349,8.725,-63.342,39.02,-94.525,0.636,-113.393,-46.87,-95.354,-0.037,-37.127,,"_Chun",0.023,-17.656,,"TaeGeuk_",-19.871,-45.541,,"ke ro",-13.929,-64.074,,"MODECO",19.214,-46.26,,"檸檬の残骸",9.297,-63.404,,"「론구」",39.013,-94.507,,"Mr․D VRC",0.637,-113.369,,"ゆっち一",-46.834,-95.312,,,,,,,,,,,5851.721,-12.72,-62.703,,,,,,,,,,,,,,,,,,,,,,,,,,,,,,,,,,,,,,,,,,,"",1,,,,,,,,,,,,,0,"ke ro",,,5853.06,256,""
161,SIDE,6,0,1,7,0,0,2,1,0,1,19,255,13,,5854.192,,,,,,,,,,,,,,,,,,,,,,,,4,"=","=","=","=","=","=","=","=","=",,,,,,,,,,,,,,,,,,,,,,,,,,,,,,,,,,,,,,,0,0,,,,,,,,,,,,,,,,,,,,,,,,,,,,,,,,,,,,,,,,,,,,,,,,,,,,,,,,,,,,,,,,,,,,,,,,,,,,,,,,,,,,,,,,,,,,,,,,,,,,,,,,,,,,,,,,,,,,,,,,,,,,,,,,,,,,,,,,,,,,,,,,,"",0,,,,,,,,,,,,,0,"",,,,0,""
162,,7,1,1,7,0,0,0,0,0,0,255,255,255,69,5918.747,"559：広告",R,13,80,107,0.215,-0.799,0.338,1.865,0.419,1.634,-36.419,43.839,86,14,0,0,"",-179.142,396.712,-2.796,0,0,3,"_Chun","ゆっち一","MODECO","わかなで","「론구」","Mr․D VRC","檸檬の残骸","TaeGeuk_","ke ro",0,L,"わかなで",190,80,0.2,,45,W,Y,1,,,,,,,,,,,,,,,,,,,,,,,,,,,,,0,0,,,,,,,,,,,,,,,,,,,,,,,,,,,,,,,,,,,,,,-0.19,-37.603,-0.059,-17.644,-20.878,-46.8,-12.728,-65.117,21.798,-48.293,11.951,-65.554,46.993,-102.688,0.077,-108.36,-36.045,-86.85,,,,"",,,,"",,,,"",,,,"",,,,"",,,,"",,,,"",,,,"",,,,,,,,,,,,,,,,,,,,,,,,,,,,,,,,,,,,,,,,,,,,,,,,,,,,,,,,,,"",0,,,,,,,,,,,,,0,"",,,,0,""
163,,7,1,1,7,0,1,0,0,0,0,255,255,255,70,5931.11,"559：広告",R,3,78,107,-0.651,-0.719,0.392,1.619,0.387,1.169,-36.419,44.001,0,100,0,2,"",-364.6,0,-1.631,0,0,3,"=","=","=","=","=","=","=","=","=",0,L,"わかなで",190,80,0.2,3,45,W,Y,1,5932.282,237,241,109,97,87,,145,100,-11.515,53.744,-0.414,0.769,-21.644,0.98,0,0.597,3.35,-484.59,353.781,5931.173,-4.498,-24.683,,,,,,0,0,,,,,,,,,,,,,,,,,,,,,,,,,,,,,,,,,,,,,,-0.177,-37.526,-0.092,-17.586,-20.747,-46.882,-12.898,-64.876,22.713,-49.037,12.31,-65.383,46.972,-102.727,0.087,-114.35,-36.225,-87.809,-0.102,-37.059,,"SFIDA",-0.081,-17.614,,"레이나2",-20.508,-46.915,,"柴山犬吉",-13.014,-64.513,,"きりん SR",22.624,-48.889,,"coder_",12.9,-67.982,,"Azuner",46.944,-102.73,,"YukihiroD",0.156,-116.405,,"소솨소솨",-35.974,-87.946,,,,,,,,,,,,,,,,,,,,,,,,,,,,,,,,,,,,,,,,,,,,,,,,,,,,,,,,"",3,,,,,,,,,,,,,0,"",,,,0,""
164,,7,1,1,7,0,2,0,0,0,0,255,255,255,71,5945.106,"559：広告",R,13,79,107,-0.175,-0.591,0.343,1.872,0.448,1.617,-36.419,47.779,88,12,0,2,"",-284.781,284.446,-0.398,0,0,3,"=","=","=","=","=","=","=","=","=",0,L,"わかなで",190,80,0.2,0,45,W,Y,1,5946.251,141,219,60,101,95,,137,132,27.341,32.97,-0.005,0.872,-20.998,0.65,0,0.444,166.318,-94.345,-275.6,5950.211,-63.225,-124.08,,,,,,0,0,,5951.615,5956.229,5961.429,5966.548,,,,,,,,,,,,,,,,,,,,,,,,,,,,,,,,,-0.191,-37.572,-0.095,-17.479,-20.896,-46.787,-13.299,-64.557,20.872,-50.387,11.91,-65.293,46.783,-102.583,0.409,-117.384,-37.612,-80.817,-0.079,-37.085,,"SFIDA",-0.059,-17.476,,"레이나2",-20.61,-46.924,,"柴山犬吉",-14.08,-63.766,,"きりん SR",21.249,-48.025,,"coder_",12.314,-67.787,,"Azuner",46.653,-102.791,,"YukihiroD",0.418,-117.367,,"소솨소솨",-37.498,-80.659,,,,,,,,,,,,,,,,,,,,,,,,,,,,,,,,,,,,,,,,,,,,,,,,,,,,,,,,"",4,,,,,,,,,,,,,0,"",5956.229,5961.429,,0,""
165,,7,1,2,7,0,0,0,0,0,0,255,255,255,72,5981.831,"559：広告",R,3,69,99,0.588,-0.279,0.404,1.593,1.025,1.463,-36.419,58.416,0,100,0,0,"",-376.242,0,6.72,0,0,4,"=","=","=","=","=","=","=","=","=",6,R,"「론구」",179.9,80,0.504,,63,W,Y,0,,,,,,,,,,,,,,,,,,,,,,,,,,,,,0,0,,,,,,,,,,,,,,,,,,,,,,,,,,,,,,,,,,,,,,-0.255,-37.621,-0.024,-17.394,-20.794,-46.98,-16.572,-62.832,21.159,-48.348,10.597,-66.259,34.672,-102.882,-14.35,-114.624,-44.474,-93.655,,,,"",,,,"",,,,"",,,,"",,,,"",,,,"",,,,"",,,,"",,,,,,,,,,,,,,,,,,,,,,,,,,,,,,,,,,,,,,,,,,,,,,,,,,,,,,,,,,"",0,,,,,,,,,,,,,0,"",,,,0,""
166,,7,1,2,7,0,1,0,0,0,0,255,255,255,73,5994.404,"559：広告",R,13,82,121,0.392,-1.249,0.343,1.75,0.566,1.269,-36.419,48.529,85,15,0,2,"",-253.86,353.679,-4.912,0,0,4,"=","=","=","=","=","=","=","=","=",6,R,"「론구」",179.9,80,0.504,3,63,W,Y,1,5995.579,255,189,158,118,75,,145,83,-7.454,-36.555,0.358,0.539,-21.734,1,0,0.464,-180.122,358.891,-206.463,5994.417,2.607,-24.796,5996.207,4,18.344,0.056,-44.811,0,0,,6001.13,,,,,,,,,,,,,6000.851,4,,147,32,,,,,,,,,,,,,,,,,,,-0.189,-37.5,-0.052,-17.412,-20.95,-46.847,-15.872,-62.959,21.225,-48.527,11.392,-65.73,34.039,-103.447,-14.171,-111.838,-47.299,-93.975,-0.129,-37.09,,"SFIDA",-0.039,-17.427,,"레이나2",-20.621,-46.848,85,"柴山犬吉",-15.769,-62.825,,"きりん SR",21.078,-48.326,91,"coder_",11.23,-68.168,,"Azuner",34.026,-103.428,,"YukihiroD",-13.091,-112.188,,"소솨소솨",-46.642,-92.644,,6003.991,-0.801,-39.394,,,,6000.25,-17.83,-39.703,,,,5997.465,18.964,-45.472,,,,,,,,,,,,,,,,,,,6003.038,-17.471,-39.489,,,,5998.423,15.911,-44.842,,,,,,,,,,,,,"",2,,,,,,,,,,,,,0,"きりん SR",,,,40,""
167,,7,1,2,7,0,0,1,0,0,0,255,255,255,74,6017.519,"559：広告",R,3,68,111,0.66,0.835,0.219,1.872,0.952,2.095,-36.419,79.283,78,22,0,2,"",-376.212,0,-2.703,0,0,5,"=","=","=","=","=","=","=","=","=",7,R,"Mr․D VRC",177.1,95.352,0.432,3,56,W,Y,1,6018.744,179,53,114,104,71,,145,101,25.768,7.127,0.089,1.516,-21.214,0.93,0,0.352,345.666,456.948,178.083,,,,6022.334,7,-18.824,2.944,-101.855,0,0,,6024.146,,,,,,,,,,,,,6023.655,5,,456,0,,,,,,,,,,,,,,,,,,,-0.447,-37.589,-0.085,-17.368,-20.927,-46.778,-15.578,-63.33,21.147,-48.328,10.173,-66.213,32.017,-100.915,-13.796,-115.892,-44.128,-92.996,-0.469,-36.963,,"SFIDA",-0.071,-17.367,,"레이나2",-20.735,-46.807,,"柴山犬吉",-15.534,-63.173,,"きりん SR",21.061,-48.338,,"coder_",10.255,-65.444,,"Azuner",31.958,-100.603,,"YukihiroD",-14.017,-114.574,78,"소솨소솨",-44.252,-92.868,,6030.902,-2.034,-46.574,,,,,,,,,,,,,,,,,,,6023.666,-19.101,-102.588,,,,,,,,,,,,,,,,,,,,,,,,,6028.197,-13.041,-88.872,,,,"",1,,,,,,,,,,,,,0,"YukihiroD",,,,64,""
168,,7,1,2,7,0,0,2,0,0,0,255,255,255,75,6044.14,"559：広告",R,14,71,111,2.246,-1.779,0.224,1.693,0.314,1.035,-36.419,22.332,99,1,0,2,"",368.03,338.458,10.734,0,0,6,"=","=","=","=","=","=","=","=","=",5,L,"檸檬の残骸",175.1,80,0.409,3,56,W,Y,1,6045.33,255,115,70,78,55,,144,81,-26.41,-35.554,0.406,0.399,-20.656,-1,0,0.879,197.04,355.401,80.848,6044.007,0.891,-21.337,6045.953,4,17.085,0.085,-43.843,0,64,,6050.128,,,,,,,,,,,,,6050.606,6,,147,32,,,,,,,,,,,,,,,,,,,-0.02,-37.814,-0.028,-17.475,-21.035,-46.825,-12.677,-64.642,20.848,-48.156,12.148,-63.637,43.313,-97.431,0.029,-111.71,-45.799,-94.339,0.491,-37.496,,"SFIDA",0.013,-17.483,,"레이나2",-20.492,-46.953,,"柴山犬吉",-12.632,-64.505,,"きりん SR",21.067,-47.849,94,"coder_",11.966,-63.884,,"Azuner",43.34,-97.444,,"YukihiroD",-0.261,-110.676,,"소솨소솨",-45.988,-94.197,,,,,,,,6049.926,-17.599,-39.705,,,,6047.186,17.663,-44.48,,,,,,,,,,,,,,,,,,,,,,,,,6048.197,14.843,-44.203,,,,,,,,,,,,,"",2,,,,,,,,,,,,,0,"きりん SR",,,,40,""
169,SIDE,7,1,2,7,0,0,2,0,0,0,255,255,255,,6052.897,,,,,,,,,,,,,,,,,,,,,,,,7,"=","=","=","=","=","=","=","=","=",,,,,,,,,,,,,,,,,,,,,,,,,,,,,,,,,,,,,,,0,0,,,,,,,,,,,,,,,,,,,,,,,,,,,,,,,,,,,,,,,,,,,,,,,,,,,,,,,,,,,,,,,,,,,,,,,,,,,,,,,,,,,,,,,,,,,,,,,,,,,,,,,,,,,,,,,,,,,,,,,,,,,,,,,,,,,,,,,,,,,,,,,,,"",0,,,,,,,,,,,,,0,"",,,,0,""
170,,7,0,2,7,0,0,0,0,0,0,255,255,255,81,6091.367,"わかなで",L,28,79,129,1.226,-0.495,-0.304,1.718,0.625,1.196,-36.84,26.51,46,54,0,0,"",-52.947,-99.761,3.466,0,0,4,"coder_","눈꽃","소솨소솨","레이나2","Azuner","きりん SR","YukihiroD","SFIDA","柴山犬吉",6,L,"Azuner",181,80,0.296,,71,W,Y,0,,,,,,,,,,,,,,,,,,,,,,,,,,,,,0,0,,,,,,,,,,,,,,,,,,,,,,,,,,,,,,,,,,,,,,0.166,-37.959,-0.023,-17.269,-18.585,-45.311,-12.819,-63.693,21.038,-46.672,12.897,-63.686,44.731,-99.596,1.489,-116.132,-47.023,-94.9,,,,"",,,,"",,,,"",,,,"",,,,"",,,,"",,,,"",,,,"",,,,,,,,,,,,,,,,,,,,,,,,,,,,,,,,,,,,,,,,,,,,,,,,,,,,,,,,,,"",0,,,,,,,,,,,,,0,"",,,,0,""
171,,7,0,2,7,0,1,0,0,0,0,255,255,255,82,6103.657,"わかなで",L,14,60,92,0.421,-1.58,-0.106,1.672,0.791,1.304,-36.84,16.963,61,39,0,2,"",-253.454,351.121,13.681,0,0,4,"=","=","=","=","=","=","=","=","=",6,L,"Azuner",181,80,0.296,3,71,W,Y,1,6104.92,176,102,56,31,44,,133,77,-13.895,5.92,0.073,0.432,-20.895,1,0,0.785,-426.664,125.495,185.378,6103.638,-0.075,-22.321,6104.688,0,-2.452,0.185,-36.186,0,0,,,,,,,,,,,,,,,6108.259,4,,147,8,,,,,,,,,,,,,,,,,,,0.296,-37.886,0.106,-17.398,-20.059,-46.083,-12.359,-64.271,22.114,-47.33,13.696,-62.569,44.733,-99.578,1.159,-115.263,-46.42,-95.451,-0.534,-37.764,120,"_Chun",0.147,-17.515,,"TaeGeuk_",-20.474,-46.19,99,"ke ro",-12.072,-63.849,,"MODECO",22.008,-47.25,,"檸檬の残骸",13.8,-62.86,,"「론구」",44.732,-99.573,,"Mr․D VRC",1.176,-115.066,,"ゆっち一",-46.439,-95.452,,6106.014,-2.422,-37.234,,,,6107.699,-18.597,-39.667,,,,,,,,,,,,,,,,,,,6107.036,-7.146,-38.625,,,,6109.671,-17.655,-40.909,,,,,,,,,,,,,,,,,,,"",2,,,,,,,,,,,,,0,"わかなで",,,,136,""
172,,7,0,2,7,0,0,1,0,0,0,255,255,255,83,6128.579,"わかなで",L,26,87,140,3.772,-0.587,-0.275,1.657,0.772,1.098,-36.84,24.042,36,64,0,2,"",-111.755,-160.106,4.02,0,0,5,"=","=","=","=","=","=","=","=","=",4,R,"きりん SR",190,85.486,0.348,5,56,W,Y,1,6129.549,168,108,81,64,24,,145,98,33.24,43.732,0.261,0.79,-20.295,-0.56,0.048,0.226,81.109,510.239,-305.086,6133.374,-61.576,-72.627,,,,,,0,0,,,,,,,,,,,,,,,,,,,,,,,,,,,,,,,,,,,,,,0.182,-37.878,0.047,-17.465,-19.987,-47.22,-12.079,-63.941,20.197,-46.779,12.891,-63.367,35.772,-91.541,0.794,-117.212,-46.728,-95.423,-0.433,-37.271,,"_Chun",0.097,-17.557,,"TaeGeuk_",-21.585,-48.19,,"ke ro",-12.069,-63.83,,"MODECO",20.154,-46.781,,"檸檬の残骸",12.884,-63.372,,"「론구」",35.772,-91.535,,"Mr․D VRC",0.805,-117.123,,"ゆっち一",-46.803,-95.558,,,,,,,,,,,,,,,,,,,,,,,,,,,,,,,,,,,,,,,,,,,,,,,,,,,,,,,,"",3,42.147,42.147,9.795,0,2,0.255,46.252,33.24,-5.329,48.281,0.05,128.393,0,"",,,,0,""
173,,7,0,2,7,0,1,1,0,0,0,255,255,255,84,6149.898,"わかなで",L,0,90,140,1.122,1.184,-0.31,1.817,0.498,2.351,-36.84,36.831,77,19,4,4,"",0,0,0,0,0,5,"=","=","=","=","=","=","=","=","=",4,R,"きりん SR",190,85.486,0.348,,37,W,Y,1,,,,,,,,,,,,,,,,,,,,,,,,,,,,,0,0,,,,,,,,,,,,,,,,,,,,,,,,,,,,,,,,,,,,,,0.25,-37.898,0.101,-17.296,-21.54,-48.423,-13.479,-63.254,19.474,-46.82,10.829,-63.977,36.447,-92.303,0.145,-116.344,-50.904,-95.192,,,,"",,,,"",,,,"",,,,"",,,,"",,,,"",,,,"",,,,"",,,,,,,,,,,,,,,,,,,,,,,,,,,,,,,,,,,,,,,,,,,,,,,,,,,,,,,,,,"",0,,,,,,,,,,,,,0,"",,,,0,""
174,,7,0,2,7,0,2,1,0,0,0,255,255,255,85,6164.505,"わかなで",L,0,65,105,-1.373,0.176,-0.413,1.938,-0.555,1.687,-36.84,38.009,100,0,0,2,"",0,0,33.033,0,0,5,"=","=","=","=","=","=","=","=","=",4,R,"きりん SR",190,85.486,0.348,3,37,W,Y,1,6165.6,255,131,72,93,79,,145,87,30.347,20.813,-0.25,1.152,-21.311,-1,0.095,0.574,-213.301,476.36,295.946,6168.574,-31.878,-82.115,6169.365,8,-34.006,0.747,-85.364,1,0,,6171.247,,,,,,,,,,,,,,,,,,,,,,,,,,,,,,,,,,,,0.154,-37.837,-0.081,-17.439,-21.928,-48.711,-13.411,-63.154,20.091,-47.109,9.4,-64.898,36.452,-92.284,0.307,-116.265,-51.579,-94.612,-0.602,-37.536,,"_Chun",-0.119,-17.476,,"TaeGeuk_",-21.806,-47.224,,"ke ro",-13.373,-63.058,,"MODECO",20.048,-47.105,,"檸檬の残骸",9.378,-64.885,,"「론구」",36.448,-92.278,,"Mr․D VRC",0.306,-116.122,,"ゆっち一",-51.575,-94.628,118,6174.131,-0.545,-38.711,,,,,,,,,,,,,,,,,,,,,,6170.73,-34.266,-85.63,,,,,,,,,,,,,,,,,,,,,,,,,6172.289,-30.107,-75.422,"",2,,,,,,,,,,,,,0,"ゆっち一",,,,10,""
175,,7,0,2,7,0,0,1,1,0,0,14,255,255,86,6232.688,"わかなで",L,27,92,140,1.319,0.437,-0.279,1.78,0.758,1.662,-36.84,28.677,42,51,7,0,"",-142.014,-147.815,1.077,0,0,6,"=","=","=","=","=","=","Amellaid","=","=",7,L,"Amellaid",160,80.447,0.439,,56,W,Y,0,,,,,,,,,,,,,,,,,,,,,,,,,,,,,0,0,,,,,,,,,,,,6246.773,,,,,,,,,,,,,,,,,,,,,,,,,,0.182,-37.923,-0.071,-17.52,-20.243,-46.761,-11.617,-64.589,20.893,-45.905,12.325,-61.419,39.16,-89.921,0.691,-112.331,-50.095,-94.505,,,,"",,,,"",,,,"",,,,"",,,,"",,,,"",,,,"",,,,"",,,,6236.76,0.108,-37.776,,,,,,,,,,,,,,,,,,,,,,,,,,,,,,,,,,,,,,,,,,,,,,,,,,,,"",0,,,,,,,,,,,,,0,"",,,,0,""
176,,7,0,2,7,0,1,1,1,0,0,14,255,255,87,6247.883,"わかなで",L,10,59,92,2.942,-0.85,0.042,1.958,1.278,1.98,-36.84,23.981,100,0,0,2,"",0,400,23.471,0,0,6,"=","=","=","=","=","=","=","=","=",7,L,"Amellaid",160,80.447,0.439,3,56,W,Y,1,6249.014,207,213,94,50,6,,145,76,14.211,-51.056,0.536,0.679,-20.679,1,0,0.379,227.466,-516.319,-204.143,6249.294,25.606,-38.761,,,,,,0,0,,,,,,,,,,,,6266.691,,,,,,,,,,,,,,,,,,,,,,,,,,0.351,-38.089,0.048,-17.226,-20.468,-46.719,-11.488,-64.587,20.78,-46.234,12.202,-61.366,39.021,-89.853,0.632,-112.32,-48.381,-92.193,-0.278,-37.452,,"_Chun",0.132,-17.242,,"TaeGeuk_",-20.828,-47.24,,"ke ro",-11.34,-64.503,,"MODECO",20.605,-46.081,,"檸檬の残骸",11.999,-61.245,,"「론구」",38.866,-89.64,,"Mr․D VRC",0.642,-112.297,,"ゆっち一",-48.383,-92.195,,,,,,,,,,,,,,,,,,,,,,,,,,,,,,,,,,,,,,,,,,,,,,,,,,,,,,,,"",3,,,,,,,,,,,,,0,"",,,,0,""
177,,7,0,2,7,0,2,1,1,0,0,14,255,255,88,6267.895,"わかなで",L,26,89,140,2.049,1.402,-0.214,1.737,1.099,2.17,-36.84,17.981,39,57,4,4,"",-142.539,-156.182,-1.373,0,0,6,"=","=","=","=","=","=","=","=","=",7,L,"Amellaid",160,80.447,0.439,,56,W,Y,1,,,,,,,,,,,,,,,,,,,,,,,,,,,,,0,0,,,,,,,,,,,,6286.217,,,6270.364,6,,578,0,,,,,,,,,,,,,,,,,,,0.119,-37.945,0.207,-17.385,-19.981,-46.397,-11.158,-64.327,20.26,-45.753,12.753,-60.083,40.488,-88.805,0.567,-115.569,-48.18,-92.619,,,,"",,,,"",,,,"",,,,"",,,,"",,,,"",,,,"",,,,"",,,,,,,,,,,,,,,,,,,,,,,,,,,,,,,,,,,,,,,,,,,,,,,,,,,,,,,,,,"",0,,,,,,,,,,,,,0,"",,,,0,""
178,,7,0,2,7,0,0,2,1,0,0,14,255,255,89,6286.427,"わかなで",L,3,65,95,-0.358,1.102,-0.658,1.842,-1.074,2.321,-36.84,55.884,93,7,0,1,"",405.841,0,3.791,0,0,7,"=","=","=","=","=","=","=","=","=",1,L,"SFIDA",188.7,80,0.2,,55,W,Y,0,,,,,,,,,,,,,,,,,,,,,,,,,,,,,0,0,,,,,,,,,,,,6299.771,,,,,,,,,,,,,,,,,,,,,,,,,,0.109,-37.842,-0.024,-17.403,-19.628,-45.052,-11.509,-63.719,22.462,-47.588,13.687,-63.667,43.407,-97.706,0.323,-114.616,-45.826,-92.716,,,,"",,,,"",,,,"",,,,"",,,,"",,,,"",,,,"",,,,"",,,,,,,,,,,,,,,,,,,,,,,,,,,,,,,,,,,,,,,,,,,,,,,,,,,,,,,,,,"",0,,,,,,,,,,,,,0,"",,,,0,""
179,,7,0,2,7,1,0,2,1,0,0,14,255,255,90,6300.861,"わかなで",L,26,90,140,1.174,0.171,-0.294,1.602,0.707,1.576,-36.84,20.295,24,76,0,2,"",-132.692,-159.783,3.739,0,0,7,"=","=","=","=","=","=","=","=","=",1,L,"SFIDA",188.7,80,0.2,5,55,W,Y,1,6301.75,229,128,103,86,21,,145,127,27.109,34.964,0.362,1.153,-20.804,0.25,0,0.562,400.763,-416.556,112.538,6305.861,-58.579,-121.514,,,,,,0,0,,6307.276,6311.976,6317.074,6322.451,6306.938,6312.076,6317.191,,,,,,,,,,,,,,,,,,,,,,,,,,,,,,0.093,-37.918,-0.079,-17.365,-19.246,-44.341,-10.812,-65.23,21.815,-46.891,13.715,-63.716,43.413,-97.69,0.358,-114.637,-46.318,-98.24,-0.366,-37.28,,"_Chun",0.019,-17.379,,"TaeGeuk_",-19.529,-45.667,,"ke ro",-10.764,-65.148,,"MODECO",21.706,-46.792,,"檸檬の残骸",13.857,-63.557,,"「론구」",43.245,-97.483,,"Mr․D VRC",0.373,-114.626,,"ゆっち一",-46.363,-98.23,,,,,,,,,,,,,,,,,,,,,,,,,,,,,,,,,,,,,,,,,,,,,,,,,,,,,,,,"",4,33.602,33.602,-4.41,0,0,1,45.808,45.808,57.278,45.808,0,51.994,0,"",6306.938,6312.076,6317.191,0,""
180,END,8,1,2,9,0,0,0,0,0,0,255,255,255,,6400.938,,,,,,,,,,,,,,,,,,,,,,,,,,,,,,,,,,,,,,,,,,,,,,,,,,,,,,,,,,,,,,,,,,,,,,,,,,,,,,,,,,,,,,,,,,,,,,,,,,,,,,,,,,,,,,,,,,,,,,,,,,,,,,,,,,,,,,,,,,,,,,,,,,,,,,,,,,,,,,,,,,,,,,,,,,,,,,,,,,,,,,,,,,,,,,,,,,,,,,,,,,,,,,,,,,,,,,,,,,,,,,,,,,,,,,,,,,,,,,,"{""schemaVersion"":16,""gameTimeZeroUtc"":""2026-08-16T12:10:08.863Z"",""exportedAtUtc"":""2026-08-16T13:56:49.801Z"",""teamNameA"":""KB"",""teamNameB"":""IQ""}"
