id,type,inn,half,scoreA,scoreB,ball,strk,out,b1,b2,b3,b1Idx,b2Idx,b3Idx,pCnt,pSec,pName,pHand,pType,pPow,spdK,zoneX,zoneY,startX,startY,targetX,targetY,zDist,pitchAngle,pOver,pSide,pUnder,call,manual,sH,sV,gyro,plx,plz,bIdx,order1Name,order2Name,order3Name,order4Name,order5Name,order6Name,order7Name,order8Name,order9Name,bPos,bZone,bName,bHCm,batLen,batCen,batType,bFps,bOS,bVR,bSwing,hSec,rotS,rotL,shS,lgS,prepS,gripPen,batSpd,ev,ldeg,sdeg,launchPosX,launchPosY,launchPosZ,hPos,buntGrip,handDist,angVeloX,angVeloY,angVeloZ,ltSec,lx,lz,cSec,cPos,cx,cy,cz,1BSafe,tag,cpSec,bTo1Sec,bTo2Sec,bTo3Sec,bToHSec,r1To2Sec,r1To3Sec,r1ToHSec,r2To3Sec,r2ToHSec,r3ToHSec,r1LeaveSec,r2LeaveSec,r3LeaveSec,out1Sec,out1BatterIndex,out1PrevBase,out1Code,out1Ass,out2Sec,out2BatterIndex,out2PrevBase,out2Code,out2Ass,out3Sec,out3BatterIndex,out3PrevBase,out3Code,out3Ass,ball1Sec,ball1Pos,ball2Sec,ball2Pos,ball3Sec,ball3Pos,ballHSec,ballHPos,PitchPPosX,PitchPPosZ,PitchCPosX,PitchCPosZ,Pitch1BPosX,Pitch1BPosZ,Pitch2BPosX,Pitch2BPosZ,Pitch3BPosX,Pitch3BPosZ,PitchSSPosX,PitchSSPosZ,PitchLFPosX,PitchLFPosZ,PitchCFPosX,PitchCFPosZ,PitchRFPosX,PitchRFPosZ,PPosX,PPosY,PThrSpd,CName,CPosX,CPosY,CThrSpd,1BName,1BPosX,1BPosY,1BThrSpd,2BName,2BPosX,2BPosY,2BThrSpd,3BName,3BPosX,3BPosY,3BThrSpd,SSName,SSPosX,SSPosY,SSThrSpd,LFName,LFPosX,LFPosY,LFThrSpd,CFName,CFPosX,CFPosY,CFThrSpd,RFName,RFPosX,RFPosY,RFThrSpd,PGetSec,PGetX,PGetZ,CGetSec,CGetX,CGetZ,1BGetSec,1BGetX,1BGetZ,2BGetSec,2BGetX,2BGetZ,3BGetSec,3BGetX,3BGetZ,SSGetSec,SSGetX,SSGetZ,LFGetSec,LFGetX,LFGetZ,CFGetSec,CFGetX,CFGetZ,RFGetSec,RFGetX,RFGetZ,PThrSec,PThrX,PThrZ,CThrSec,CThrX,CThrZ,1BThrSec,1BThrX,1BThrZ,2BThrSec,2BThrX,2BThrZ,3BThrSec,3BThrX,3BThrZ,SSThrSec,SSThrX,SSThrZ,LFThrSec,LFThrX,LFThrZ,CFThrSec,CFThrX,CFThrZ,RFThrSec,RFThrX,RFThrZ,errPosDelta,result,swPreDeg,swTargetDeg,swApproachDeg,swCorr,swSource,swProximity,swVRawDeg,swVAdjustedDeg,swVMotionDeg,swVClosestDeg,swVYShrink,swGeometryDeg,balk,cPlr,sb2Sec,sb3Sec,sbhSec,ass,remarks
1,,1,1,0,0,0,0,0,0,0,0,255,255,255,0,1125.372,"siesta_aves",R,37,84,136,0.691,0.024,0.35,1.023,0.232,1.728,-36.336,16.949,4,57,38,0,"",49.423,96.029,-3.976,0.046,-17.697,0,"アリアル","?fredo?","kneesohime","にゃんこ65K","あくせる","CoalCat","Espressο","vovopo 보보포","Roscosmos",9,R,"アリアル",190,95.151,0.5,,54,W,Y,1,,,,,,,,,,,,,,,,,,,,,,,,,,,,,0,0,,,,,,,,,,,,,,,,,,,,,,,,,,,,,,,,,,,,,,0.251,-37.216,0.144,-16.868,-21.823,-47.446,-12.024,-65.143,18.237,-47.439,12.489,-63.079,44.584,-95.716,-4.474,-118.769,-44.75,-93.893,,,,"",,,,"",,,,"",,,,"",,,,"",,,,"",,,,"",,,,"",,,,,,,,,,,,,,,,,,,,,,,,,,,,,,,,,,,,,,,,,,,,,,,,,,,,,,,,,,"",0,,,,,,,,,,,,,0,"",,,,0,""
2,,1,1,0,0,0,1,0,0,0,0,255,255,255,1,1141.906,"siesta_aves",R,33,93,140,-0.181,-0.677,0.24,0.875,-0.277,1.249,-36.336,16.868,5,95,0,0,"",145.266,39.351,2.285,-0.276,-17.866,0,"=","=","=","=","=","=","=","=","=",9,R,"アリアル",190,95.151,0.5,,54,W,Y,0,,,,,,,,,,,,,,,,,,,,,,,,,,,,,0,0,,,,,,,,,,,,,,,,,,,,,,,,,,,,,,,,,,,,,,0.194,-37.389,-0.179,-16.905,-21.458,-47.321,-12.021,-65.153,18.326,-47.509,12.491,-63.033,44.52,-95.77,-5.424,-118.104,-44.682,-93.931,,,,"",,,,"",,,,"",,,,"",,,,"",,,,"",,,,"",,,,"",,,,,,,,,,,,,,,,,,,,,,,,,,,,,,,,,,,,,,,,,,,,,,,,,,,,,,,,,,"",0,,,,,,,,,,,,,0,"",,,,0,""
3,,1,1,0,0,0,2,0,0,0,0,255,255,255,2,1158.471,"siesta_aves",R,3,86,127,-6.918,-1.286,0.008,0.892,-2.379,0.824,-36.336,19.497,2,88,9,1,"",-425.505,0,11.963,-2.182,-13.652,0,"=","=","=","=","=","=","=","=","=",9,R,"アリアル",190,95.151,0.5,,54,W,Y,0,,,,,,,,,,,,,,,,,,,,,,,,,,,,,0,0,,,,,,,,,,,,,,,,,,,,,,,,,,,,,,,,,,,,,,0.175,-37.106,0.005,-16.928,-21.911,-47.689,-12.008,-65.133,18.09,-47.308,12.489,-63.044,44.017,-96.232,-5.114,-118.119,-44.652,-93.917,,,,"",,,,"",,,,"",,,,"",,,,"",,,,"",,,,"",,,,"",,,,,,,,,,,,,,,,,,,,,,,,,,,,,,,,,,,,,,,,,,,,,,,,,,,,,,,,,,"",0,,,,,,,,,,,,,0,"",,,,0,""
4,,1,1,0,0,1,2,0,0,0,0,255,255,255,3,1177.442,"siesta_aves",R,5,83,134,1.641,-0.691,0.56,0.825,0.768,1.205,-36.336,41.535,4,14,82,2,"",-50.645,0,-2.699,0,0,0,"=","=","=","=","=","=","=","=","=",9,R,"アリアル",190,95.151,0.5,5,54,W,Y,1,1178.395,205,57,112,73,21,,145,108,-64.729,39.093,0.283,0.723,-19.392,-0.07,0,0.301,-63.302,-430.38,406.926,1177.712,0.086,-19.636,1181.195,2,-19.606,2.696,-44.07,0,0,,1184.106,,,,,,,,,,,,,1183.628,0,,147,0,,,,,,,,,,,1182.963,2,,,,,,,0.208,-37.261,-0.174,-17.09,-22.272,-48.345,-10.568,-65.45,18.348,-47.589,12.472,-63.035,41.359,-98.539,-5.409,-118.069,-44.647,-93.915,0.428,-37.362,,"P0TA0",-0.416,-17.107,,"ʚEveɞ",-22.201,-48.344,85,"白霜らいふ",-13.386,-64.67,,"인생최패망자",18.146,-47.358,,"カズティー",12.471,-63.004,,"IbikiKai_JP",41.359,-98.546,,"sano jpn",-5.536,-118.13,,"あおいぬ",-44.648,-93.915,,1185.959,-3.663,-39.611,,,,1181.821,-19.884,-44.192,,,,,,,,,,,,,,,,,,,,,,,,,1185.149,-15.671,-39.37,,,,,,,,,,,,,,,,,,,"",2,170.461,40.244,-0.995,1,1,0.77,-75.137,-64.729,-2.513,-18.75,0.058,176.971,0,"ʚEveɞ",,,,4,""
5,,1,1,0,0,0,0,1,0,0,0,255,255,255,4,1206.504,"siesta_aves",R,37,79,129,-0.781,-0.019,0.202,1.016,-0.452,1.707,-36.336,7.545,5,59,37,2,"",84.499,97.697,-3.551,0,0,1,"=","=","=","=","=","=","=","=","=",4,R,"?fredo?",190,83.536,0.353,3,55,W,Y,1,1207.63,175,83,120,72,35,,145,117,-15.234,28.058,-0.214,0.966,-20.12,0.11,0,0.203,-226.78,310.635,-202.399,1207.146,-1.975,-23.399,1209.112,3,-17.996,0.057,-59.488,0,0,,1213.624,,,,,,,,,,,,,1212.736,1,,147,16,,,,,,,,,,,,,,,,,,,0.185,-37.106,0.095,-17.006,-21.803,-47.895,-12.801,-63.908,19.322,-48.899,12.014,-62.937,34.465,-90.358,-10.712,-112.767,-43.778,-90.356,0.337,-37.678,,"P0TA0",-0.089,-17.098,,"ʚEveɞ",-21.762,-47.975,86,"白霜らいふ",-12.806,-63.916,85,"인생최패망자",19.306,-48.899,,"カズティー",11.898,-63.678,,"IbikiKai_JP",34.412,-90.324,,"sano jpn",-10.721,-113.13,,"あおいぬ",-43.418,-89.694,,1215.55,-0.925,-39.257,,,,1212.114,-19.365,-40.429,1209.736,-18.679,-60.304,,,,,,,,,,,,,,,,,,,,,,1214.63,-15.581,-39.105,1211.035,-18.51,-58.848,,,,,,,,,,,,,,,,"",2,,,,,,,,,,,,,0,"白霜らいふ",,,1215.627,20,""
6,,1,1,0,0,0,0,2,0,0,0,255,255,255,5,1230.666,"siesta_aves",R,3,80,107,-3.825,-0.501,0.156,0.846,-0.998,1.34,-36.336,23.126,0,73,27,1,"",-428.544,0,5.005,0,0,2,"=","=","=","=","=","=","=","=","=",1,R,"kneesohime",190,85.362,0.501,,55,W,Y,0,,,,,,,,,,,,,,,,,,,,,,,,,,,,,0,0,,,,,,,,,,,,,,,,,,,,,,,,,,,,,,,,,,,,,,0.168,-37.337,-0.099,-16.911,-21.95,-47.256,-12.747,-63.908,18.466,-47.215,12.459,-63.439,36.804,-97.95,-6.894,-119.714,-43.936,-94.636,,,,"",,,,"",,,,"",,,,"",,,,"",,,,"",,,,"",,,,"",,,,1235.032,-0.335,-37.479,,,,,,,,,,,,,,,,,,,,,,,,,,,,,,,,,,,,,,,,,,,,,,,,,,,,"",0,,,,,,,,,,,,,0,"",,,,0,""
7,,1,1,0,0,1,0,2,0,0,0,255,255,255,6,1247.664,"siesta_aves",R,34,77,128,-0.74,-0.334,0.207,0.945,-0.43,1.477,-36.336,13.127,0,62,38,0,"",68.987,51.075,0.166,0,0,2,"=","=","=","=","=","=","=","=","=",1,R,"kneesohime",190,85.362,0.501,,55,W,Y,0,,,,,,,,,,,,,,,,,,,,,,,,,,,,,0,0,,,,,,,,,,,,,,,,,,,,,,,,,,,,,,,,,,,,,,0.251,-37.289,0.089,-16.995,-22.349,-47.003,-11.504,-64.242,18.455,-47.222,12.443,-63.498,36.922,-98.016,-4.803,-119.447,-43.977,-94.775,,,,"",,,,"",,,,"",,,,"",,,,"",,,,"",,,,"",,,,"",,,,1252.066,-0.194,-37.743,,,,,,,,,,,,,,,,,,,,,,,,,,,,,,,,,,,,,,,,,,,,,,,,,,,,"",0,,,,,,,,,,,,,0,"",,,,0,""
8,,1,1,0,0,1,1,2,0,0,0,255,255,255,7,1263.63,"siesta_aves",R,36,89,140,1.589,-0.456,0.5,0.883,0.598,1.449,-36.336,25.922,7,53,40,2,"",60.053,103.753,-2.736,0,0,2,"=","=","=","=","=","=","=","=","=",1,R,"kneesohime",190,85.362,0.501,5,55,W,Y,1,1264.74,221,54,84,54,12,,145,115,-30,64.62,0.283,0.804,-19.233,0.92,0,0.227,-119.478,-72.797,436.838,1264.062,-0.871,-19.781,,,,,,0,0,,,,,,,,,,,,,,,,,,,,,,,,,,,,,,,,,,,,,,0.346,-37.388,0.26,-16.979,-22.667,-47.758,-12.518,-64.213,17.99,-47.174,12.433,-63.453,36.954,-98.053,-4.854,-119.505,-45.303,-94.286,0.296,-37.616,,"P0TA0",0.236,-17.003,,"ʚEveɞ",-22.543,-47.887,,"白霜らいふ",-12.519,-64.207,,"인생최패망자",17.986,-47.174,,"カズティー",12.446,-63.405,,"IbikiKai_JP",36.953,-98.05,,"sano jpn",-4.844,-119.495,,"あおいぬ",-44.49,-93.773,,,,,,,,,,,,,,,,,,,,,,,,,,,,,,,,,,,,,,,,,,,,,,,,,,,,,,,,"",3,101.581,65.136,31.943,1,2,0.099,-73.026,-64.975,-70.613,-72.999,0.065,150.535,0,"",,,,0,""
9,,1,1,0,0,1,2,2,0,0,0,255,255,255,8,1282.48,"siesta_aves",R,35,79,116,-0.79,-1.195,0.304,0.688,-0.405,1.074,-36.336,44.458,6,10,83,1,"",30.579,152.776,-6.11,0,0,2,"=","=","=","=","=","=","=","=","=",1,R,"kneesohime",190,85.362,0.501,,55,W,Y,0,,,,,,,,,,,,,,,,,,,,,,,,,,,,,0,0,,,,,,,,,,,,,,,,,,,,,,,,,,,,,,,,,,,,,,0.294,-37.41,-0.088,-16.938,-22.591,-47.798,-12.467,-64.374,18.289,-47.749,11.893,-64.052,37.327,-98.006,-4.063,-120.772,-44.24,-95.514,,,,"",,,,"",,,,"",,,,"",,,,"",,,,"",,,,"",,,,"",,,,,,,,,,,,,,,,,,,,,,,,,,,,,,,,,,,,,,,,,,,,,,,,,,,,,,,,,,"",0,,,,,,,,,,,,,0,"",,,,0,""
10,,1,1,0,0,2,2,2,0,0,0,255,255,255,9,1300.354,"siesta_aves",R,36,84,136,2.092,0.063,0.48,1.04,0.839,1.782,-36.336,13.3,5,58,37,2,"",42.405,113.533,1.091,0,0,2,"=","=","=","=","=","=","=","=","=",1,R,"kneesohime",190,85.362,0.501,5,55,W,Y,1,1301.469,221,118,80,77,40,,145,104,-44.425,69.858,0.385,1.015,-19.613,-0.26,0,0.197,73.268,-96.173,-587.693,1300.762,-0.531,-19.948,,,,,,0,0,,,,,,,,,,,,,,,,,,,,,,,,,,,,,,,,,,,,,,0.36,-37.407,0.097,-16.762,-22.426,-47.591,-12.765,-64.656,18.393,-47.943,11.885,-64.049,38.046,-97.436,-4.497,-121.138,-45.33,-94.862,0.29,-37.187,,"P0TA0",0.166,-16.824,,"ʚEveɞ",-22.361,-48.004,,"白霜らいふ",-12.768,-64.656,,"인생최패망자",18.211,-47.706,,"カズティー",11.866,-64.014,,"IbikiKai_JP",38.046,-97.427,,"sano jpn",-4.764,-121.448,,"あおいぬ",-45.251,-94.786,,,,,,,,,,,,,,,,,,,,,,,,,,,,,,,,,,,,,,,,,,,,,,,,,,,,,,,,"",3,101.547,70.028,30.392,1,0,1,-44.425,-44.425,-81.532,-44.425,0,133.785,0,"",,,,0,""
11,,1,1,0,0,2,2,2,0,0,0,255,255,255,10,1318.383,"siesta_aves",R,3,86,128,-1.423,0.083,0.445,0.982,-0.053,1.687,-36.336,18.108,2,85,13,0,"",-394.442,0,2.258,-0.802,-17.616,2,"=","=","=","=","=","=","=","=","=",1,R,"kneesohime",190,85.362,0.501,,55,W,Y,1,,,,,,,,,,,,,,,,,,,,,,,,,,,,,0,4,,,,,,,,,,,,,,,1322.16,2,,274,0,,,,,,,,,,,,,,,,,1321.662,1,0.363,-37.478,-0.039,-16.997,-22.578,-47.354,-13.343,-64.295,17.773,-47.434,11.871,-64.116,38.302,-98.965,-3.915,-120.669,-45.407,-95.622,,,,"",,,,"",,,,"",,,,"",,,,"",,,,"",,,,"",,,,"",,,,,,,,,,,,,,,,,,,,,,,,,,,,,,,,,,,,,,,,,,,,,,,,,,,,,,,,,,"",0,,,,,,,,,,,,,0,"",,,,0,""
12,SIDE,1,1,0,0,0,0,2,0,0,0,255,255,255,,1324.76,,,,,,,,,,,,,,,,,,,,,,,,3,"=","=","=","=","=","=","=","=","=",,,,,,,,,,,,,,,,,,,,,,,,,,,,,,,,,,,,,,,0,0,,,,,,,,,,,,,,,,,,,,,,,,,,,,,,,,,,,,,,,,,,,,,,,,,,,,,,,,,,,,,,,,,,,,,,,,,,,,,,,,,,,,,,,,,,,,,,,,,,,,,,,,,,,,,,,,,,,,,,,,,,,,,,,,,,,,,,,,,,,,,,,,,"",0,,,,,,,,,,,,,0,"",,,,0,""
13,,1,0,0,0,0,0,0,0,0,0,255,255,255,0,1478.697,"Metalu",R,27,90,140,1.283,0.63,0.329,1.808,0.507,1.83,-36.505,28.091,96,4,0,2,"",35.523,-123.193,-6.66,0,0,0,"sano jpn","NABIMan","ʚEveɞ","P0TA0","白霜らいふ","인생최패망자","カズティー","IbikiKai_JP","あおいぬ",7,R,"sano jpn",170,87.118,0.631,5,71,W,Y,1,1479.841,140,95,112,62,21,,143,100,35.396,45.059,0.235,1.066,-19.831,-0.01,0.095,0.394,261.535,252.151,-158.38,1484.396,-61.192,-74.07,,,,,,0,0,,,,,,,,,,,,,,,,,,,,,,,,,,,,,,,,,,,,,,0.062,-38.002,0.054,-17.259,-20.425,-48.542,-13.295,-62.665,20.934,-50.22,12.289,-61.706,40.764,-97.079,-0.243,-109.267,-48.446,-96.205,-0.114,-36.835,,"kneesohime",0.061,-17.258,,"にゃんこ65K",-18.79,-45.351,,"vovopo 보보포",-13.294,-62.644,,"?fredo?",19.776,-49.813,,"CoalCat",12.297,-61.592,,"あくせる",40.353,-97.459,,"Roscosmos",-0.138,-109.265,,"Espressο",-48.415,-96.242,,,,,,,,,,,,,,,,,,,,,,,,,,,,,,,,,,,,,,,,,,,,,,,,,,,,,,,,"",3,45.288,45.288,11.722,0,1,0.684,51.658,35.396,3.86,80.645,0.039,64.735,0,"",,,,0,""
14,,1,0,0,0,0,1,0,0,0,0,255,255,255,1,1499.825,"Metalu",R,28,84,137,-0.795,-0.242,0.13,1.764,-0.379,1.383,-36.505,21.608,98,2,0,2,"",20.514,-71.985,-3.789,0,0,0,"=","=","=","=","=","=","=","=","=",7,R,"sano jpn",170,87.118,0.631,5,71,W,Y,1,1500.984,136,134,105,85,36,,141,126,10.046,21.777,-0.152,0.814,-20.118,0.67,0.095,0.329,97.893,67.297,-11.615,1503.212,-31.864,-97.292,1507.295,,-40.168,0.057,-118.422,1,0,,1506.236,1510.479,,,,,,,,,,,,,,,,,,,,,,,,,,,,,,,,,,,-0.104,-37.313,-0.017,-17.351,-20.609,-47.152,-13.491,-62.836,19.797,-50.19,10.937,-62.305,43.213,-99.615,-0.148,-108.704,-46.063,-94.48,0.07,-37.013,,"kneesohime",-0.025,-17.372,,"にゃんこ65K",-20.303,-47.325,,"vovopo 보보포",-13.221,-62.588,,"?fredo?",19.342,-49.658,91,"CoalCat",10.941,-62.132,,"あくせる",41.578,-99.135,,"Roscosmos",-0.632,-108.175,,"Espressο",-48.29,-92.162,113,1517.52,0.883,-38.607,,,,,,,,,,1512.585,15.347,-46.483,,,,,,,,,,1507.667,-39.519,-117.434,,,,,,,,,,,,,1516.59,13.839,-43.624,,,,,,,,,,1508.757,-35.667,-113.771,"",2,22.696,22.696,11.716,0,2,0.072,10.159,10.046,14.063,10.046,0.013,15.465,0,"썬써니_",1510.479,,,66,""
15,,1,0,0,0,0,0,0,0,1,0,255,17,255,2,1534.048,"Metalu",R,26,95,140,-0.964,-1.69,0.086,1.495,-0.423,0.39,-36.505,11.686,58,42,0,2,"",0.424,-178.68,11.308,0,0,1,"=","=","=","=","=","=","=","=","=",9,L,"NABIMan",190,83.499,0.48,3,55,W,Y,1,1535.098,255,95,60,119,0,,138,82,-30,-51.585,-0.175,0.394,-20.645,1,0,0.383,-226.986,-85.739,366.198,1534.412,0.551,-21.22,,,,,,0,0,,,,,,,,,,,,,1534.414,,,,,,,,,,,,,,,,,,,,,,,,,-0.001,-37.547,-0.016,-17.376,-21.59,-48.096,-11.219,-60.079,22.618,-47.743,10.985,-60.527,47.431,-103.364,-0.336,-110.727,-42.556,-93.431,-0.192,-36.831,,"kneesohime",-0.065,-17.418,,"にゃんこ65K",-21.56,-48.02,,"vovopo 보보포",-11.206,-60.092,,"?fredo?",21.192,-47.877,,"CoalCat",10.996,-60.425,,"あくせる",47.391,-103.403,,"Roscosmos",-0.334,-110.736,,"Espressο",-42.553,-93.431,,,,,,,,,,,,,,,,,,,,,,,,,,,,,,,,,,,,,,,,,,,,,,,,,,,,,,,,"",3,,,,,,,,,,,,,0,"",1540.3,,,0,""
16,,1,0,0,0,0,1,0,0,1,0,255,17,255,3,1561.141,"Metalu",R,13,85,124,-1.614,-0.4,0.249,1.93,-0.109,1.689,-36.505,28.963,95,5,0,2,"",-386.223,317.54,-23.379,0,0,1,"=","=","=","=","=","=","=","=","=",9,L,"NABIMan",190,83.499,0.48,3,28,W,Y,1,1562.253,255,47,93,115,39,,145,101,-56.167,-58.186,-0.296,0.854,-20.374,-0.28,0,0.572,-262.072,146.335,-334.697,1561.529,0.54,-20.893,,,,,,0,0,,,,,,,,,,,,,1565.447,,,,,,,,,,,,,,,,,,,,,,,,,0.196,-37.762,-0.018,-17.361,-20.738,-47.071,-8.697,-61.04,21.488,-46.085,12.969,-59.018,45.978,-102.137,3.564,-107.281,-36.697,-104.577,-0.106,-36.735,,"kneesohime",-0.035,-17.383,,"にゃんこ65K",-20.71,-47.001,,"vovopo 보보포",-8.733,-60.72,,"?fredo?",20.101,-47.557,,"CoalCat",12.95,-58.984,,"あくせる",45.966,-102.111,,"Roscosmos",3.558,-107.267,,"Espressο",-36.687,-104.569,,,,,,,,,,,,,,,,,,,,,,,,,,,,,,,,,,,,,,,,,,,,,,,,,,,,,,,,"",3,,,,,,,,,,,,,0,"",1565.432,,,0,""
17,,1,0,0,0,0,2,0,0,1,0,255,17,255,4,1583.08,"Metalu",R,0,62,116,-0.005,-0.576,0.24,1.816,-0.01,1.238,-36.505,22.818,100,0,0,0,"",0,0,-24.221,0,0,1,"=","=","=","=","=","=","=","=","=",9,L,"NABIMan",190,83.499,0.48,,28,W,Y,1,,,,,,,,,,,,,,,,,,,,,,,,,,,,,0,2,,,,,,,,,,,,,1597.749,,1585.822,1,,578,0,,,,,,,,,,,,,,,,,1585.545,1,0.039,-37.743,0.013,-17.348,-20.953,-46.762,-9.817,-61.05,21.822,-47.949,12.191,-60.224,48.114,-100.378,3.721,-110.308,-38.664,-102.835,,,,"",,,,"",,,,"",,,,"",,,,"",,,,"",,,,"",,,,"",,,,,,,,,,,,,,,,,,,,,,,,,,,,,,,,,,,,,,,,,,,,,,,,,,,,,,,,,,"",0,,,,,,,,,,,,,0,"",1586.088,,,0,""
18,,1,0,0,0,0,0,1,0,1,0,255,17,255,5,1603.889,"Metalu",R,27,91,140,-2.329,0.159,0.004,1.86,-1.049,1.597,-36.505,19.831,93,7,0,2,"",29.235,-121.299,0.866,0,0,2,"=","=","=","=","=","=","=","=","=",2,L,"ʚEveɞ",190,85.233,0.45,5,76,W,Y,1,1604.903,188,160,111,57,19,,145,90,36.824,-35.866,-0.426,1.095,-20.62,-0.94,0,0.274,259.065,-304.616,299.679,1609.412,44.77,-75.839,1610.129,6,46.021,0.787,-77.28,1,0,,1610.432,1615.064,,,,,,1611.946,,,,,,,,,,,,,,,,,,,,,,,,,,,,,0.022,-37.73,-0.021,-17.185,-20.738,-46.402,-4.778,-62.7,22.986,-48.409,12.924,-58.661,48,-100.532,3.107,-110.294,-41.88,-107.449,-0.486,-36.886,,"kneesohime",-0.128,-17.204,,"にゃんこ65K",-20.73,-46.391,,"vovopo 보보포",-9.18,-60.864,87,"?fredo?",22.61,-48.621,98,"CoalCat",12.731,-58.635,,"あくせる",47.991,-100.512,126,"Roscosmos",3.352,-110.251,,"Espressο",-41.865,-107.464,,1620.001,-0.116,-38.724,,,,,,,1615.501,0.58,-58.961,1613.156,19.051,-40.134,,,,1610.893,46.241,-77.59,,,,,,,,,,,,,,,,1618.914,-4.571,-54.721,1614.189,18.33,-40.543,,,,1611.627,42.341,-73.479,,,,,,,"",2,-34.388,-34.388,-5.998,0,2,0.274,52.27,36.824,-4.671,53.428,0.058,-114.823,0,"あくせる",1615.064,1611.946,,146,""
19,,1,0,0,0,0,0,1,0,1,1,255,12,17,6,1638.643,"Metalu",R,4,69,116,-1.24,1.159,0.205,2.115,-0.252,2.325,-36.505,44.935,94,6,0,2,"",-202.229,0,-9.624,0,0,3,"=","=","=","=","=","=","=","=","=",1,R,"P0TA0",190,96.215,0.525,3,55,W,Y,0,1639.746,255,172,255,127,69,,145,87,15.296,27.609,-0.24,1.443,-20.179,-1,0,0.189,109.831,-321.012,-423.806,,,,1641.729,3,-19.656,3.75,-61.643,0,0,,1645.863,,,,,,,,,,,1639.312,1639.188,1642.394,3,,452,0,,,,,,,,,,,,,,,,,,,0.111,-37.881,-0.013,-17.352,-20.164,-45.665,-12.262,-60.293,19.754,-41.51,8.813,-59.976,44.139,-100.938,-3.581,-106.994,-45.882,-94.12,-0.246,-36.972,,"kneesohime",-0.299,-17.511,,"にゃんこ65K",-20.217,-45.553,,"vovopo 보보포",-12.311,-60.425,85,"?fredo?",19.311,-42.285,,"CoalCat",8.819,-59.952,,"あくせる",44.137,-100.931,,"Roscosmos",-3.479,-107.531,,"Espressο",-45.885,-94.126,,1648.254,-0.446,-38.612,,,,,,,1642.409,-19.75,-62.662,,,,,,,,,,,,,,,,,,,,,,,,,1647.218,-7.713,-51.878,,,,,,,,,,,,,,,,"",1,,,,,,,,,,,,,0,"vovopo 보보포",1644.678,1644.566,,128,""
20,,1,0,0,0,0,0,2,0,1,1,255,12,17,7,1667.084,"Metalu",R,13,78,116,0.61,-0.977,0.421,1.784,0.706,1.317,-36.505,30.489,98,2,0,0,"",-384.439,319.698,-35.405,0,0,4,"=","=","=","=","=","=","=","=","=",3,R,"白霜らいふ",175.1,80,0.653,,55,W,Y,0,,,,,,,,,,,,,,,,,,,,,,,,,,,,,0,0,,,,,,,,,,,,,1667.639,1667.306,,,,,,,,,,,,,,,,,,,,,,,,0.122,-37.674,0.076,-17.046,-19.806,-46.961,-12.741,-60.929,20.013,-42.992,10.235,-61.076,42.95,-92.964,-2.089,-108.398,-39.499,-91.508,,,,"",,,,"",,,,"",,,,"",,,,"",,,,"",,,,"",,,,"",,,,1671.928,-0.303,-37.557,,,,,,,,,,,,,,,,,,,,,,,,,,,,,,,,,,,,,,,,,,,,,,,,,,,,"",0,,,,,,,,,,,,,0,"",1669.503,1669.724,,0,""
21,,1,0,0,0,0,1,2,0,1,1,255,12,17,8,1679.156,"Metalu",R,27,92,140,0.914,0.656,0.276,1.898,0.33,1.857,-36.505,30.727,91,9,0,0,"",44.7,-123.485,-5.056,0,0,4,"=","=","=","=","=","=","=","=","=",3,R,"白霜らいふ",175.1,80,0.653,,55,W,Y,0,,,,,,,,,,,,,,,,,,,,,,,,,,,,,0,0,,,,,,,,,,,,,1679.566,1690.932,,,,,,,,,,,,,,,,,,,,,,,,0.016,-38.126,0.033,-16.83,-19.845,-45.642,-12.893,-61.084,20.471,-43.968,10.923,-60.782,42.721,-93.017,-0.902,-107.571,-38.924,-89.939,,,,"",,,,"",,,,"",,,,"",,,,"",,,,"",,,,"",,,,"",,,,1683.978,-0.213,-37.494,,,,,,,,,,,,,,,,,,,,,,,,,,,,,,,,,,,,,,,,,,,,,,,,,,,,"",0,,,,,,,,,,,,,0,"",1681.998,1681.398,,0,""
22,,1,0,0,0,0,2,2,0,1,1,255,12,17,9,1691.476,"Metalu",R,13,78,115,-2.376,-0.55,0.17,1.93,-0.392,1.721,-36.505,32.971,95,5,0,4,"",-371.757,334.36,-29.932,-0.839,-16.463,4,"=","=","=","=","=","=","=","=","=",3,R,"白霜らいふ",175.1,80,0.653,,55,W,Y,1,,,,,,,,,,,,,,,,,,,,,,,,,,,,,0,16,,,,,,,,,,,,,1692.631,1694.262,,,,,,,,,,,,,,,,,,,,,,1694.021,1,-0.002,-37.635,-0.023,-17.098,-19.961,-45.584,-12.677,-61.374,20.746,-43.834,11.298,-60.756,42.725,-93.518,-1.567,-108.572,-48.235,-89.909,,,,"",,,,"",,,,"",,,,"",,,,"",,,,"",,,,"",,,,"",,,,,,,,,,,,,,,,,,,,,,,,,,,,,,,,,,,,,,,,,,,,,,,,,,,,,,,,,,"",0,,,,,,,,,,,,,0,"",1697.443,1694.175,,0,""
23,SIDE,1,0,0,0,0,0,2,0,1,1,255,12,17,,1699.135,,,,,,,,,,,,,,,,,,,,,,,,5,"=","=","=","=","=","=","=","=","=",,,,,,,,,,,,,,,,,,,,,,,,,,,,,,,,,,,,,,,0,0,,,,,,,,,,,,,,,,,,,,,,,,,,,,,,,,,,,,,,,,,,,,,,,,,,,,,,,,,,,,,,,,,,,,,,,,,,,,,,,,,,,,,,,,,,,,,,,,,,,,,,,,,,,,,,,,,,,,,,,,,,,,,,,,,,,,,,,,,,,,,,,,,"",0,,,,,,,,,,,,,0,"",,,,0,""
24,,2,1,0,0,0,0,0,0,0,0,255,255,255,11,1743.846,"siesta_aves",R,13,81,115,1.934,-0.003,0.47,1.022,0.795,1.725,-36.336,16.22,4,64,31,1,"",27.11,108.544,-1.214,0,0,3,"アリアル","?fredo?","kneesohime","にゃんこ65K","あくせる","CoalCat","Espressο","vovopo 보보포","Roscosmos",2,R,"にゃんこ65K",190,91.275,0.596,,55,W,Y,0,,,,,,,,,,,,,,,,,,,,,,,,,,,,,0,0,,,,,,,,,,,,,,,,,,,,,,,,,,,,,,,,,,,,,,0.26,-37.514,0.1,-16.704,-22.304,-47.741,-12.118,-64.29,18.278,-48.193,12.4,-64.4,41.677,-90.091,-6.661,-118.739,-42.438,-88.725,,,,"",,,,"",,,,"",,,,"",,,,"",,,,"",,,,"",,,,"",,,,,,,,,,,,,,,,,,,,,,,,,,,,,,,,,,,,,,,,,,,,,,,,,,,,,,,,,,"",0,,,,,,,,,,,,,0,"",,,,0,""
25,,2,1,0,0,1,0,0,0,0,0,255,255,255,12,1760.954,"siesta_aves",R,34,82,133,2.171,-1.192,0.592,0.745,0.809,0.963,-36.336,40.107,7,13,80,1,"",84.409,73.822,-2.78,0,0,3,"=","=","=","=","=","=","=","=","=",2,R,"にゃんこ65K",190,91.275,0.596,,55,W,Y,0,,,,,,,,,,,,,,,,,,,,,,,,,,,,,0,0,,,,,,,,,,,,,,,,,,,,,,,,,,,,,,,,,,,,,,0.325,-37.312,0.154,-16.707,-22.078,-47.253,-11.593,-65.184,18.909,-48.677,12.389,-64.333,38.712,-95.398,-7.013,-116.14,-42.172,-88.559,,,,"",,,,"",,,,"",,,,"",,,,"",,,,"",,,,"",,,,"",,,,,,,,,,,,,,,,,,,,,,,,,,,,,,,,,,,,,,,,,,,,,,,,,,,,,,,,,,"",0,,,,,,,,,,,,,0,"",,,,0,""
26,,2,1,0,0,2,0,0,0,0,0,255,255,255,13,1778.943,"siesta_aves",R,15,81,108,0.452,-0.063,0.396,0.709,0.185,1.192,-36.336,23.954,6,54,40,0,"",0,-400,-7.372,0,0,3,"=","=","=","=","=","=","=","=","=",2,R,"にゃんこ65K",190,91.275,0.596,,55,W,Y,0,,,,,,,,,,,,,,,,,,,,,,,,,,,,,0,0,,,,,,,,,,,,,,,,,,,,,,,,,,,,,,,,,,,,,,0.336,-37.991,0.188,-16.977,-22.18,-46.858,-11.561,-65.178,18.948,-48.72,12.893,-64.465,38.953,-95.577,-7.032,-116.315,-45.777,-91.179,,,,"",,,,"",,,,"",,,,"",,,,"",,,,"",,,,"",,,,"",,,,,,,,,,,,,,,,,,,,,,,,,,,,,,,,,,,,,,,,,,,,,,,,,,,,,,,,,,"",0,,,,,,,,,,,,,0,"",,,,0,""
27,,2,1,0,0,2,1,0,0,0,0,255,255,255,14,1796.917,"siesta_aves",R,36,62,103,1.211,-1.221,0.516,0.608,0.43,1.065,-36.336,50.113,3,13,84,1,"",41.771,121.729,-2.916,0,0,3,"=","=","=","=","=","=","=","=","=",2,R,"にゃんこ65K",190,91.275,0.596,,55,W,Y,0,,,,,,,,,,,,,,,,,,,,,,,,,,,,,0,0,,,,,,,,,,,,,,,,,,,,,,,,,,,,,,,,,,,,,,0.385,-37.175,0.15,-16.937,-22.217,-47.181,-11.589,-65.178,18.893,-48.672,12.877,-64.403,39.03,-95.618,-7.281,-117.215,-45.736,-91.109,,,,"",,,,"",,,,"",,,,"",,,,"",,,,"",,,,"",,,,"",,,,,,,,,,,,,,,,,,,,,,,,,,,,,,,,,,,,,,,,,,,,,,,,,,,,,,,,,,"",0,,,,,,,,,,,,,0,"",,,,0,""
28,,2,1,0,0,3,1,0,0,0,0,255,255,255,15,1816.405,"siesta_aves",R,3,80,108,-0.705,0.341,0.425,1.096,0.39,1.862,-36.336,10.564,0,100,0,2,"",-386.98,0,5.961,0,0,3,"=","=","=","=","=","=","=","=","=",2,R,"にゃんこ65K",190,91.275,0.596,5,55,W,Y,1,1817.616,162,96,158,61,29,,145,131,27.082,10.578,-0.184,1.121,-19.701,0.44,0,0.355,488.392,346.564,-36.967,1822.629,-32.77,-138.505,,,,,,0,0,,1823.82,1828.785,1833.864,1839.02,,,,,,,,,,,,,,,,,,,,,,,,,,,,,,,,,0.388,-37.168,0.254,-16.83,-22.307,-47.048,-11.912,-64.993,19.015,-48.583,12.882,-64.391,39.017,-95.617,-7.295,-117.255,-46.153,-91.639,0.277,-37.208,,"P0TA0",0.142,-16.862,,"ʚEveɞ",-22.107,-47.451,,"白霜らいふ",-11.912,-64.996,,"인생최패망자",18.771,-48.179,,"カズティー",12.891,-64.381,,"IbikiKai_JP",39.015,-95.613,,"sano jpn",-7.292,-117.242,,"あおいぬ",-48.611,-94.26,,,,,,,,,,,,,,,,,,,,,,,,,,,,,,,,,,,,,,,,,,,,,,,,,,,,,,,,"",4,14.663,14.663,5.92,0,1,0.446,86.85,41.368,3.368,89.326,0.061,22.693,0,"",1828.785,1833.864,,0,""
29,,2,1,1,0,0,0,0,0,0,0,255,255,255,16,1861.162,"siesta_aves",R,37,79,129,1.968,-0.537,0.527,0.846,0.763,1.383,-36.336,38.508,5,15,80,1,"",63.289,96.355,-1.645,0,0,4,"=","=","=","=","=","=","=","=","=",6,R,"あくせる",190,89.801,0.65,,55,W,Y,0,,,,,,,,,,,,,,,,,,,,,,,,,,,,,0,0,,,,,,,,,,,,,,,,,,,,,,,,,,,,,,,,,,,,,,0.307,-37.37,0.176,-16.876,-21.917,-47.086,-12.01,-64.205,18.768,-48.962,12.438,-64.282,40.484,-93.062,-3.103,-118.681,-44.235,-93.513,,,,"",,,,"",,,,"",,,,"",,,,"",,,,"",,,,"",,,,"",,,,,,,,,,,,,,,,,,,,,,,,,,,,,,,,,,,,,,,,,,,,,,,,,,,,,,,,,,"",0,,,,,,,,,,,,,0,"",,,,0,""
30,,2,1,1,0,1,0,0,0,0,0,255,255,255,17,1879.289,"siesta_aves",R,36,81,131,0.799,-0.518,0.35,0.929,0.233,1.424,-36.336,17.121,6,58,36,2,"",72.801,115.088,-3.84,0,0,4,"=","=","=","=","=","=","=","=","=",6,R,"あくせる",190,89.801,0.65,3,55,W,Y,1,1880.442,255,38,179,91,49,,145,87,-32.072,47.952,0.142,0.79,-19.7,-0.96,0,0.272,290.533,522.194,-41.055,1879.612,-1.136,-20.847,1881.646,2,-24.323,0.109,-41.264,0,0,,,,,,,,,,,,,,,,,,,,,,,,,,,,,,1883.727,2,,,,,,,0.311,-38.222,0.079,-16.988,-22.024,-47.514,-12.001,-64.226,18.729,-49.064,12.4,-64.333,40.505,-93.029,-3.354,-118.726,-45.645,-92.312,0.268,-37.214,,"P0TA0",0.057,-17.066,,"ʚEveɞ",-22.055,-47.479,86,"白霜らいふ",-11.998,-64.235,,"인생최패망자",18.528,-48.693,,"カズティー",12.412,-64.296,,"IbikiKai_JP",40.504,-93.018,,"sano jpn",-3.35,-118.727,,"あおいぬ",-45.602,-92.327,,1885.287,-0.991,-39.107,,,,1882.365,-24.019,-42.364,,,,,,,,,,,,,,,,,,,,,,,,,1884.348,-15.76,-40.135,,,,,,,,,,,,,,,,,,,"",3,,,,,,,,,,,,,0,"ʚEveɞ",,,,4,""
31,,2,1,1,0,1,1,0,0,0,0,255,255,255,18,1898.514,"siesta_aves",R,36,79,129,0.739,0.857,0.357,1.192,0.266,2.277,-36.336,3.483,2,57,41,0,"",31.301,106.617,-6.487,0,0,4,"=","=","=","=","=","=","=","=","=",6,R,"あくせる",190,89.801,0.65,,55,W,Y,0,,,,,,,,,,,,,,,,,,,,,,,,,,,,,0,0,,,,,,,,,,,,,,,,,,,,,,,,,,,,,,,,,,,,,,0.353,-37.232,0.308,-16.895,-21.842,-48.152,-12.457,-64.354,18.33,-47.608,12.282,-64.479,41.809,-91.14,-3.514,-119.503,-45.605,-94.033,,,,"",,,,"",,,,"",,,,"",,,,"",,,,"",,,,"",,,,"",,,,1903.395,-0.374,-37.642,,,,,,,,,,,,,,,,,,,,,,,,,,,,,,,,,,,,,,,,,,,,,,,,,,,,"",0,,,,,,,,,,,,,0,"",,,,0,""
32,,2,1,1,0,1,2,0,0,0,0,255,255,255,19,1916.433,"siesta_aves",R,3,84,126,-3.216,-0.235,0.291,0.904,-0.799,1.488,-36.336,23.77,0,60,40,1,"",-405.878,0,2.592,0,0,4,"=","=","=","=","=","=","=","=","=",6,R,"あくせる",190,89.801,0.65,,55,W,Y,0,,,,,,,,,,,,,,,,,,,,,,,,,,,,,0,0,,,,,,,,,,,,,,,,,,,,,,,,,,,,,,,,,,,,,,0.249,-37.565,-0.159,-16.771,-21.903,-48.012,-12.336,-64.577,18.695,-48.335,12.287,-64.51,41.805,-91.152,-4.726,-119.68,-45.558,-94.089,,,,"",,,,"",,,,"",,,,"",,,,"",,,,"",,,,"",,,,"",,,,1920.885,-0.301,-37.501,,,,,,,,,,,,,,,,,,,,,,,,,,,,,,,,,,,,,,,,,,,,,,,,,,,,"",0,,,,,,,,,,,,,0,"",,,,0,""
33,,2,1,1,0,2,2,0,0,0,0,255,255,255,20,1933.107,"siesta_aves",R,31,73,125,0.519,0.788,0.373,1.168,0.341,2.199,-36.336,11.43,0,64,36,0,"",-83.668,70.689,-19.232,0,0,4,"=","=","=","=","=","=","=","=","=",6,R,"あくせる",190,89.801,0.65,,55,W,Y,1,,,,,,,,,,,,,,,,,,,,,,,,,,,,,0,0,,,,,,,,,,,,,,,1935.835,4,,578,0,,,,,,,,,,,,,,,,,,,0.293,-37.16,0.286,-16.878,-21.775,-47.608,-12.336,-64.569,18.543,-47.9,12.324,-64.512,41.839,-91.149,-4.856,-117.676,-45.616,-94.042,,,,"",,,,"",,,,"",,,,"",,,,"",,,,"",,,,"",,,,"",,,,1938.949,-0.515,-37.964,,,,,,,,,,,,,,,,,,,,,,,,,,,,,,,,,,,,,,,,,,,,,,,,,,,,"",0,,,,,,,,,,,,,0,"",,,,0,""
34,,2,1,1,0,0,0,1,0,0,0,255,255,255,21,1955.872,"siesta_aves",R,5,76,126,-2.097,-0.169,0.233,0.942,-0.857,1.531,-36.336,15.639,0,74,26,1,"",-50.043,0,1.072,0,0,5,"=","=","=","=","=","=","=","=","=",5,R,"CoalCat",175,82.838,0.435,,36,W,Y,0,,,,,,,,,,,,,,,,,,,,,,,,,,,,,0,0,,,,,,,,,,,,,,,,,,,,,,,,,,,,,,,,,,,,,,0.296,-37.356,-0.212,-16.898,-21.843,-47.142,-13.061,-64.192,18.732,-48.305,12.04,-63.486,38.697,-91.818,-6.611,-114.578,-42.552,-90.233,,,,"",,,,"",,,,"",,,,"",,,,"",,,,"",,,,"",,,,"",,,,1961.57,-0.295,-37.854,,,,,,,,,,,,,,,,,,,,,,,,,,,,,,,,,,,,,,,,,,,,,,,,,,,,"",0,,,,,,,,,,,,,0,"",,,,0,""
35,,2,1,1,0,1,0,1,0,0,0,255,255,255,22,1973.556,"siesta_aves",R,36,80,130,0.439,-0.724,0.334,0.91,0.159,1.336,-36.336,15.774,5,51,44,2,"",14.83,114.378,-7.263,0,0,5,"=","=","=","=","=","=","=","=","=",5,R,"CoalCat",175,82.838,0.435,5,36,W,Y,1,1974.717,151,85,121,68,32,,145,95,101.408,15.558,-0.097,0.639,-20.441,-0.42,0,0.314,262.543,363.67,-270.554,1980.562,11.449,3.801,,,,,,0,0,,,,,,,,,,,,,,,,,,,,,,,,,,,,,,,,,,,,,,0.315,-37.255,-0.017,-16.881,-22.008,-47.18,-13.105,-64.227,16.335,-45.034,12.325,-64.269,38.687,-91.988,-6.632,-114.572,-42.356,-88.452,0.233,-37.608,,"P0TA0",-0.068,-17.076,,"ʚEveɞ",-21.881,-47.058,,"白霜らいふ",-13.101,-64.216,,"인생최패망자",16.102,-44.658,,"カズティー",12.34,-64.252,,"IbikiKai_JP",38.761,-91.933,,"sano jpn",-6.63,-114.568,,"あおいぬ",-42.217,-88.382,,,,,,,,,,,,,,,,,,,,,,,,,,,,,,,,,,,,,,,,,,,,,,,,,,,,,,,,"",3,16.416,16.416,10.622,0,0,1,78.592,78.592,12.414,78.592,0,14.82,0,"",,,,0,""
36,,2,1,1,0,1,1,1,0,0,0,255,255,255,23,1998.05,"siesta_aves",R,3,82,123,-4.634,1.537,0.19,1.197,-1.396,2.515,-36.336,5.511,0,83,17,2,"",-404.62,0,7.143,0,0,5,"=","=","=","=","=","=","=","=","=",5,R,"CoalCat",175,82.838,0.435,3,36,W,Y,1,1999.168,232,125,99,107,59,,145,81,26.156,47.688,-0.819,1.444,-20.828,1,0,0.524,271.197,54.381,126.886,2001.762,-43.856,-58.879,,,,,,0,0,,,,,,,,,,,,,,,,,,,,,,,,,,,,,,,,,,,,,,0.219,-37.322,-0.218,-16.912,-22.158,-47.562,-13.337,-63.576,16.876,-45.059,12.272,-64.46,39.134,-89.998,-6.413,-116.979,-43.191,-92.526,0.23,-37.796,,"P0TA0",-0.12,-17.02,,"ʚEveɞ",-22.201,-47.664,,"白霜らいふ",-13.345,-63.558,,"인생최패망자",16.404,-45.419,,"カズティー",12.27,-64.457,,"IbikiKai_JP",39.144,-89.996,,"sano jpn",-6.412,-116.977,,"あおいぬ",-43.312,-89.473,,,,,,,,,,,,,,,,,,,,,,,,,,,,,,,,,,,,,,,,,,,,,,,,,,,,,,,,"",3,,,,,,,,,,,,,0,"",,,,0,""
37,,2,1,1,0,1,2,1,0,0,0,255,255,255,24,2018.935,"siesta_aves",R,0,79,129,-2.274,-0.189,0.191,0.962,-0.972,1.519,-36.336,12.948,2,72,26,1,"",-17.082,0,4.863,0,0,5,"=","=","=","=","=","=","=","=","=",5,R,"CoalCat",175,82.838,0.435,,36,W,Y,0,,,,,,,,,,,,,,,,,,,,,,,,,,,,,0,0,,,,,,,,,,,,,,,,,,,,,,,,,,,,,,,,,,,,,,0.196,-37.167,-0.193,-16.878,-22.404,-46.865,-13.486,-64.769,16.669,-45.935,12.195,-64.008,40.567,-89.937,-5.526,-117.836,-41.545,-87.307,,,,"",,,,"",,,,"",,,,"",,,,"",,,,"",,,,"",,,,"",,,,,,,,,,,,,,,,,,,,,,,,,,,,,,,,,,,,,,,,,,,,,,,,,,,,,,,,,,"",0,,,,,,,,,,,,,0,"",,,,0,""
38,,2,1,1,0,2,2,1,0,0,0,255,255,255,25,2037.245,"siesta_aves",R,36,78,129,2.194,-0.066,0.662,0.934,0.917,1.703,-36.336,26.63,4,54,41,2,"",12.612,100.01,0.003,0,0,5,"=","=","=","=","=","=","=","=","=",5,R,"CoalCat",175,82.838,0.435,3,36,W,Y,1,2038.394,220,80,91,70,35,,145,81,48.388,-40.146,0.412,0.934,-20.866,-1,0,0.327,450.979,-349.482,77.07,2042.762,43.218,-62.668,2043.696,6,46.21,1.016,-65.302,0,0,,2043.795,,,,,,,,,,,,,,,,,,,,,,,,,,,,,,,,,,,,0.443,-37.311,0.342,-16.851,-22.632,-47.96,-12,-65.476,16.446,-45.355,12.229,-64.07,40.326,-90.104,-5.541,-117.792,-41.753,-87.571,0.45,-37.621,,"P0TA0",0.302,-16.947,,"ʚEveɞ",-22.566,-48.222,,"白霜らいふ",-12.026,-65.476,,"인생최패망자",16.455,-45.379,,"カズティー",12.238,-64.01,,"IbikiKai_JP",40.309,-90.104,81,"sano jpn",-5.541,-117.799,,"あおいぬ",-40.472,-86.875,,2049.35,8.214,-39.145,,,,,,,,,,,,,,,,2044.469,46.799,-66.161,,,,,,,,,,,,,,,,,,,,,,,,,2047.247,37.481,-59.127,,,,,,,"",3,,,,,,,,,,,,,0,"IbikiKai_JP",,,,128,""
39,,2,1,1,0,2,2,1,0,0,0,255,255,255,26,2066.174,"siesta_aves",R,37,80,131,2.427,-0.675,0.55,0.838,0.7,1.086,-36.336,35.609,7,54,39,2,"",78.332,86.058,-0.425,0,0,5,"=","=","=","=","=","=","=","=","=",5,R,"CoalCat",175,82.838,0.435,5,36,W,Y,1,2067.304,154,109,71,62,44,,139,81,50.831,-18.058,0.405,0.687,-21.178,-1,0,0.432,459.172,-196.518,72.384,2071.996,18.731,-68.592,2072.162,5,18.103,2.808,-67.108,0,0,,2072.655,,,,,,,,,,,,,2072.979,5,,454,0,,,,,,,,,,,,,,,,,,,0.273,-37.278,0.032,-16.995,-22.773,-47.923,-12.367,-64.251,17.412,-45.534,12.608,-64.026,38.402,-93.011,-3.405,-114.293,-42.206,-85.014,0.682,-37.339,,"P0TA0",-0.018,-17.038,,"ʚEveɞ",-22.789,-47.989,,"白霜らいふ",-12.367,-64.225,,"인생최패망자",17.309,-45.497,,"カズティー",12.604,-64.02,85,"IbikiKai_JP",38.397,-93.02,,"sano jpn",-4.022,-114.275,,"あおいぬ",-42.262,-84.101,,2076.168,2.776,-42.08,,,,,,,,,,,,,2072.985,18.31,-67.686,,,,,,,,,,,,,,,,,,,,,,,,,2074.765,15.483,-62.903,,,,,,,,,,"",1,-17.573,-17.573,-5.351,0,0,1,50.831,50.831,53.555,50.831,0,-18.24,0,"カズティー",,,,64,""
40,,2,1,1,0,0,0,2,0,0,0,255,255,255,27,2095.411,"siesta_aves",R,4,80,111,-2.062,-0.441,0.219,0.88,-0.533,1.39,-36.336,20.452,3,70,27,1,"",-248.483,0,1.653,0,0,6,"=","=","=","=","=","=","=","=","=",8,R,"Espressο",174.7,95.125,0.297,,56,W,Y,0,,,,,,,,,,,,,,,,,,,,,,,,,,,,,0,0,,,,,,,,,,,,,,,,,,,,,,,,,,,,,,,,,,,,,,0.173,-37.357,-0.017,-17.039,-22.876,-48.33,-11.366,-65.309,17.42,-46.023,13.007,-63.693,39.292,-97.3,-6.655,-115.341,-41.976,-86.938,,,,"",,,,"",,,,"",,,,"",,,,"",,,,"",,,,"",,,,"",,,,2102.791,-0.117,-39.399,,,,,,,,,,,,,,,,,,,,,,,,,,,,,,,,,,,,,,,,,,,,,,,,,,,,"",0,,,,,,,,,,,,,0,"",,,,0,""
41,,2,1,1,0,1,0,2,0,0,0,255,255,255,28,2118.047,"siesta_aves",R,15,74,115,-0.7,0.182,0.253,0.795,-0.313,1.312,-36.336,27.639,4,9,86,0,"",0,-400,-7.407,0,0,6,"=","=","=","=","=","=","=","=","=",8,R,"Espressο",174.7,95.125,0.297,,56,W,Y,0,,,,,,,,,,,,,,,,,,,,,,,,,,,,,0,0,,,,,,,,,,,,,,,,,,,,,,,,,,,,,,,,,,,,,,0.258,-37.372,0.074,-17.029,-22.91,-48.316,-12.205,-64.064,17.539,-46.223,13.018,-63.635,39.162,-97.361,-1.916,-116.165,-42.08,-87.028,,,,"",,,,"",,,,"",,,,"",,,,"",,,,"",,,,"",,,,"",,,,2121.915,-0.453,-37.894,,,,,,,,,,,,,,,,,,,,,,,,,,,,,,,,,,,,,,,,,,,,,,,,,,,,"",0,,,,,,,,,,,,,0,"",,,,0,""
42,,2,1,1,0,1,1,2,0,0,0,255,255,255,29,2134.531,"siesta_aves",R,4,80,123,-0.793,-0.537,0.387,0.871,0.024,1.318,-36.336,28.178,0,62,38,0,"",-246.786,0,-0.59,0,0,6,"=","=","=","=","=","=","=","=","=",8,R,"Espressο",174.7,95.125,0.297,,56,W,Y,1,,,,,,,,,,,,,,,,,,,,,,,,,,,,,0,0,,,,,,,,,,,,,,,,,,,,,,,,,,,,,,,,,,,,,,0.231,-37.378,-0.329,-16.998,-22.828,-48.365,-12.911,-64.33,17.568,-46.251,12.826,-63.743,39.285,-97.291,-2.885,-116.563,-42.833,-88.775,,,,"",,,,"",,,,"",,,,"",,,,"",,,,"",,,,"",,,,"",,,,2139.659,-0.565,-37.801,,,,,,,,,,,,,,,,,,,,,,,,,,,,,,,,,,,,,,,,,,,,,,,,,,,,"",0,,,,,,,,,,,,,0,"",,,,0,""
43,,2,1,1,0,1,2,2,0,0,0,255,255,255,30,2153.989,"siesta_aves",R,3,79,121,-4.198,-0.606,0.101,0.882,-1.33,1.28,-36.336,16.43,2,69,28,1,"",-317.354,0,2.866,0,0,6,"=","=","=","=","=","=","=","=","=",8,R,"Espressο",174.7,95.125,0.297,,56,W,Y,0,,,,,,,,,,,,,,,,,,,,,,,,,,,,,0,0,,,,,,,,,,,,,,,,,,,,,,,,,,,,,,,,,,,,,,0.162,-37.311,-0.143,-16.822,-22.971,-48.622,-12.881,-64.316,17.555,-46.237,12.874,-63.687,39.285,-97.31,-3.086,-116.588,-41.569,-88.285,,,,"",,,,"",,,,"",,,,"",,,,"",,,,"",,,,"",,,,"",,,,2158.794,-0.371,-37.559,,,,,,,,,,,,,,,,,,,,,,,,,,,,,,,,,,,,,,,,,,,,,,,,,,,,"",0,,,,,,,,,,,,,0,"",,,,0,""
44,,2,1,1,0,2,2,2,0,0,0,255,255,255,31,2172.698,"siesta_aves",R,36,79,129,1.3,-0.455,0.409,0.952,0.508,1.486,-36.336,10.004,4,63,34,2,"",31.633,108.505,-5.974,0,0,6,"=","=","=","=","=","=","=","=","=",8,R,"Espressο",174.7,95.125,0.297,5,56,W,Y,0,2173.705,105,99,77,36,12,,134,129,-30,36.136,0.23,0.725,-19.136,0.58,0,0.211,-365.85,-205.363,290.574,2172.829,-0.445,-20.062,2174.345,2,-18.744,3.057,-45.209,0,0,,2179.071,,,,,,,,,,,,,2177.407,6,,147,0,,,,,,,,,,,2176.76,2,,,,,,,0.386,-37.208,0.194,-16.979,-22.541,-48.15,-12.887,-64.339,17.528,-46.234,12.9,-63.699,39.257,-97.331,-2.889,-116.55,-41.553,-88.072,0.352,-37.585,,"P0TA0",0.16,-17.106,,"ʚEveɞ",-23.054,-48.121,,"白霜らいふ",-12.871,-64.314,,"인생최패망자",17.379,-46.019,,"カズティー",12.846,-63.684,,"IbikiKai_JP",39.238,-97.298,,"sano jpn",-2.925,-116.551,,"あおいぬ",-42.227,-89.439,,,,,,,,2175.153,-19.632,-46.069,,,,,,,,,,,,,,,,,,,,,,,,,,,,,,,,,,,,,,,,,,,,,,"",2,36.613,36.613,11.158,0,2,0.067,-81.011,-76.568,-25.152,-82.61,0.061,102.085,0,"ʚEveɞ",,,,4,""
45,SIDE,2,1,1,0,0,0,2,0,0,0,255,255,255,,2179.919,,,,,,,,,,,,,,,,,,,,,,,,7,"=","=","=","=","=","=","=","=","=",,,,,,,,,,,,,,,,,,,,,,,,,,,,,,,,,,,,,,,0,0,,,,,,,,,,,,,,,,,,,,,,,,,,,,,,,,,,,,,,,,,,,,,,,,,,,,,,,,,,,,,,,,,,,,,,,,,,,,,,,,,,,,,,,,,,,,,,,,,,,,,,,,,,,,,,,,,,,,,,,,,,,,,,,,,,,,,,,,,,,,,,,,,"",0,,,,,,,,,,,,,0,"",,,,0,""
46,,2,0,1,0,0,0,0,0,0,0,255,255,255,10,2225.956,"Metalu",R,26,95,140,0.835,-1.15,0.291,1.477,0.332,0.737,-36.505,23.585,58,42,0,1,"",19.012,-174.431,-9.57,0,0,5,"sano jpn","NABIMan","ʚEveɞ","P0TA0","白霜らいふ","인생최패망자","カズティー","IbikiKai_JP","あおいぬ",4,R,"인생최패망자",190,90,0.4,,56,W,Y,0,,,,,,,,,,,,,,,,,,,,,,,,,,,,,0,0,,,,,,,,,,,,,,,,,,,,,,,,,,,,,,,,,,,,,,-0.073,-37.103,0.043,-17.047,-21.995,-49.849,-13.327,-62.25,20.508,-48.782,11.902,-63.319,42.122,-102.29,-0.229,-114.081,-43.29,-89.505,,,,"",,,,"",,,,"",,,,"",,,,"",,,,"",,,,"",,,,"",,,,,,,,,,,,,,,,,,,,,,,,,,,,,,,,,,,,,,,,,,,,,,,,,,,,,,,,,,"",0,,,,,,,,,,,,,0,"",,,,0,""
47,,2,0,1,0,1,0,0,0,0,0,255,255,255,11,2243.607,"Metalu",R,3,62,105,0.906,1.172,0.344,2.037,1.248,2.351,-36.505,57.523,91,9,0,1,"",-444.984,0,-11.641,0,0,5,"=","=","=","=","=","=","=","=","=",4,R,"인생최패망자",190,90,0.4,,56,W,Y,0,,,,,,,,,,,,,,,,,,,,,,,,,,,,,0,0,,,,,,,,,,,,,,,,,,,,,,,,,,,,,,,,,,,,,,-0.099,-37.579,0.028,-17.012,-21.931,-49.72,-12.307,-62.784,21.007,-50.387,12.202,-62.655,42.02,-102.192,1.345,-113.858,-43.24,-89.572,,,,"",,,,"",,,,"",,,,"",,,,"",,,,"",,,,"",,,,"",,,,,,,,,,,,,,,,,,,,,,,,,,,,,,,,,,,,,,,,,,,,,,,,,,,,,,,,,,"",0,,,,,,,,,,,,,0,"",,,,0,""
48,,2,0,1,0,2,0,0,0,0,0,255,255,255,12,2261.384,"Metalu",R,3,57,101,-0.869,1.258,0.325,2.153,0.599,2.407,-36.505,53.586,97,3,0,1,"",-459.091,0,-35.534,0,0,5,"=","=","=","=","=","=","=","=","=",4,R,"인생최패망자",190,90,0.4,,56,W,Y,0,,,,,,,,,,,,,,,,,,,,,,,,,,,,,0,0,,,,,,,,,,,,,,,,,,,,,,,,,,,,,,,,,,,,,,-0.025,-37.466,0.026,-17.031,-21.838,-49.521,-12.308,-62.779,20.63,-48.308,12.229,-62.716,42.073,-102.228,0.007,-113.57,-43.13,-89.769,,,,"",,,,"",,,,"",,,,"",,,,"",,,,"",,,,"",,,,"",,,,,,,,,,,,,,,,,,,,,,,,,,,,,,,,,,,,,,,,,,,,,,,,,,,,,,,,,,"",0,,,,,,,,,,,,,0,"",,,,0,""
49,,2,0,1,0,3,0,0,0,0,0,255,255,255,13,2280.805,"Metalu",R,27,91,140,0.647,-0.218,0.277,1.676,0.266,1.382,-36.505,21.027,58,42,0,0,"",5.362,-101.391,-4.054,0,0,5,"=","=","=","=","=","=","=","=","=",4,R,"인생최패망자",190,90,0.4,,56,W,Y,0,,,,,,,,,,,,,,,,,,,,,,,,,,,,,0,0,,,,,,,,,,,,,,,,,,,,,,,,,,,,,,,,,,,,,,-0.012,-37.276,0.032,-16.891,-21.459,-48.947,-12.294,-62.78,19.753,-49.86,12.219,-62.594,42.011,-102.297,-0.053,-112.942,-44.337,-90.439,,,,"",,,,"",,,,"",,,,"",,,,"",,,,"",,,,"",,,,"",,,,,,,,,,,,,,,,,,,,,,,,,,,,,,,,,,,,,,,,,,,,,,,,,,,,,,,,,,"",0,,,,,,,,,,,,,0,"",,,,0,""
50,,2,0,1,0,3,1,0,0,0,0,255,255,255,14,2299.062,"Metalu",R,10,57,103,-1.131,-0.533,0.174,1.819,-0.212,1.845,-36.505,23.429,100,0,0,0,"",-143.706,400,-50.522,0,0,5,"=","=","=","=","=","=","=","=","=",4,R,"인생최패망자",190,90,0.4,,56,W,Y,0,,,,,,,,,,,,,,,,,,,,,,,,,,,,,0,0,,,,,,,,,,,,,,,,,,,,,,,,,,,,,,,,,,,,,,-0.12,-37.346,0.027,-17.04,-22.104,-50.047,-12.304,-62.772,21.134,-50.35,12.12,-62.768,42.124,-102.229,0.006,-112.772,-44.285,-90.53,,,,"",,,,"",,,,"",,,,"",,,,"",,,,"",,,,"",,,,"",,,,,,,,,,,,,,,,,,,,,,,,,,,,,,,,,,,,,,,,,,,,,,,,,,,,,,,,,,"",0,,,,,,,,,,,,,0,"",,,,0,""
51,,2,0,1,0,3,2,0,0,0,0,255,255,255,15,2317.963,"Metalu",R,27,90,140,0.891,0.041,0.297,1.718,0.357,1.519,-36.505,21.62,66,34,0,2,"",16.677,-131.468,-8.56,0,0,5,"=","=","=","=","=","=","=","=","=",4,R,"인생최패망자",190,90,0.4,5,56,W,Y,1,2319.099,156,107,140,95,37,,145,89,34.158,-32.472,0.163,1.024,-20.236,-1,0,0.294,376.02,52.962,-168.459,2323.162,38.787,-79.726,2324.279,6,42.934,1.014,-83.154,1,0,,2324.628,,,,,,,,,,,,,,,,,,,,,,,,,,,,,,,,,,,,-0.023,-37.276,0.018,-17.125,-21.823,-49.532,-12.303,-62.765,21.784,-52.111,12.255,-62.678,42.035,-102.303,0,-112.756,-45.722,-90.437,0.201,-36.892,,"kneesohime",0.026,-17.149,,"にゃんこ65K",-21.555,-49.243,,"vovopo 보보포",-12.297,-62.766,85,"?fredo?",20.264,-50.548,,"CoalCat",12.272,-62.688,,"あくせる",41.966,-102.159,129,"Roscosmos",0.013,-112.76,,"Espressο",-45.688,-90.489,,2331.991,-0.335,-38.642,,,,,,,2327.653,0.801,-59.283,,,,,,,2325.152,43.218,-83.544,,,,,,,,,,,,,,,,2330.938,-1.734,-53.614,,,,,,,2326.115,39.266,-78.663,,,,,,,"",2,-32.054,-32.054,7.286,0,0,1,34.158,34.158,52.649,34.158,0,-84.107,0,"あくせる",,,,144,""
52,,2,0,1,0,0,0,0,1,0,0,14,255,255,16,2381.692,"Metalu",R,28,85,138,0.991,0.569,0.298,1.936,0.379,1.841,-36.505,30.121,91,9,0,2,"",36.301,-83.627,-3,0,0,6,"=","=","=","=","=","=","=","=","=",5,R,"カズティー",175.4,84.645,0.33,5,56,W,Y,1,2382.706,166,159,121,82,0,,145,124,25.813,67.353,0.177,1.038,-19.241,0.73,0,0.564,145.104,148.417,-490.137,,,,,,,,,0,0,,,,,,,,,,,,2393.013,,,,,,,,,,,,,,,,,,,,,,,,,,0.166,-37.761,0.049,-17.067,-19.535,-40.697,-13.102,-60.89,21.552,-49.622,8.911,-60.1,42.456,-97.004,-0.176,-107.599,-42.281,-86.752,0.232,-36.987,,"kneesohime",0.16,-17.277,,"にゃんこ65K",-19.122,-42.782,,"vovopo 보보포",-12.904,-59.684,,"?fredo?",20.866,-49.233,,"CoalCat",8.913,-60.092,,"あくせる",42.455,-96.998,,"Roscosmos",-0.181,-107.633,,"Espressο",-42.291,-86.754,,,,,,,,,,,,,,,,,,,,,,,,,,,,,,,,,,,,,,,,,,,,,,,,,,,,,,,,"",3,109.308,67.656,27.066,1,1,0.716,50.867,34.628,20.772,76.936,0.019,148.989,0,"",,,,0,""
53,,2,0,1,0,0,1,0,1,0,0,14,255,255,17,2401.546,"Metalu",R,28,84,137,0.315,0.924,0.245,1.872,0.117,2.05,-36.505,25.609,91,9,0,2,"",8.651,-85.264,-1.629,0,0,6,"=","=","=","=","=","=","=","=","=",5,R,"カズティー",175.4,84.645,0.33,5,56,W,Y,1,2402.612,215,133,112,107,70,,145,84,15.221,58.127,0.042,1.149,-18.976,1,0,0.945,-56.605,-75.21,-4.877,2404.746,-41.608,-46.833,,,,,,0,0,,,,,,,,,,,,2413.49,,,,,,,,,,,,,,,,,,,,,,,,,,0.073,-37.535,0.127,-17.275,-19.808,-40.977,-13.448,-60.432,22.993,-51.492,8.588,-60.342,40.746,-97.778,-0.008,-109.839,-45.602,-92.152,-0.355,-37.011,,"kneesohime",0.118,-17.348,,"にゃんこ65K",-19.032,-43.631,,"vovopo 보보포",-13.688,-59.834,,"?fredo?",21.444,-50.201,,"CoalCat",8.574,-60.349,,"あくせる",40.518,-98.056,,"Roscosmos",-0.029,-109.185,,"Espressο",-45.571,-92.147,,,,,,,,,,,,,,,,,,,,,,,,,,,,,,,,,,,,,,,,,,,,,,,,,,,,,,,,"",3,82.084,51.572,11.936,0.76,0,1,15.221,15.221,-7.165,15.221,0,-166.013,0,"",,,,0,""
54,,2,0,1,0,0,2,0,1,0,0,14,255,255,18,2420.305,"Metalu",R,3,65,107,-2.253,1.351,0.299,2.063,-0.084,2.39,-36.505,44.537,86,14,0,2,"",-478.336,0,-17.052,0,0,6,"=","=","=","=","=","=","=","=","=",5,R,"カズティー",175.4,84.645,0.33,3,56,W,Y,1,2421.536,255,157,114,97,45,,145,125,22.189,29.021,-0.476,1.325,-19.789,0.7,0,0.943,57.785,-41.212,18.529,2425.396,-53.818,-117.564,2426.312,8,-52.251,0.366,-114.256,1,0,,2427.05,2431.719,,,2426.529,2431.515,,,,,,,,,,,,,,,,,,,,,,,,,2432.89,3,,,,,0.105,-37.665,0.015,-17.001,-19.738,-40.926,-13.34,-60.782,22.132,-50.386,8.008,-61.346,41.406,-95.607,-0.094,-110.025,-43.212,-91.031,-0.195,-36.963,,"kneesohime",-0.124,-17.245,,"にゃんこ65K",-18.968,-41.517,,"vovopo 보보포",-13.544,-60.333,84,"?fredo?",19.433,-49.174,,"CoalCat",8.255,-61.142,,"あくせる",41.308,-95.573,,"Roscosmos",-0.277,-109.975,,"Espressο",-43.217,-91.006,113,2439.56,0.165,-38.539,,,,,,,2430.936,-3.856,-62.651,,,,,,,,,,,,,2427.25,-51.975,-113.475,,,,,,,,,,2438.418,-8.672,-52.928,,,,,,,,,,,,,2428.279,-47.016,-110.502,"",2,,,,,,,,,,,,,0,"Espressο",2426.529,2431.515,,192,""
55,,2,0,1,0,0,0,0,0,1,1,255,15,14,19,2460.998,"Metalu",R,26,92,140,1.914,0.63,0.352,1.892,0.724,1.777,-36.505,33.025,94,6,0,1,"",84.95,-160.296,-7.993,0,0,7,"=","=","=","=","=","=","=","=","=",6,L,"IbikiKai_JP",166.1,85.479,0.4,,38,W,Y,0,,,,,,,,,,,,,,,,,,,,,,,,,,,,,0,0,,,,,,,,,,,,,2470.832,2469.627,,,,,,,,,,,,,,,,,,,,,,,,0.07,-37.549,0.047,-17.163,-19.489,-45.603,-10.672,-58.474,19.393,-40.634,14.427,-58.219,44.035,-91.735,0.637,-104.996,-37.001,-83.687,,,,"",,,,"",,,,"",,,,"",,,,"",,,,"",,,,"",,,,"",,,,2465.485,-0.195,-37.776,,,,,,,,,,,,,,,,,,,,,,,,,,,,,,,,,,,,,,,,,,,,,,,,,,,,"",0,,,,,,,,,,,,,0,"",2463.762,,,0,""
56,,2,0,1,0,1,0,0,0,1,1,255,15,14,20,2476.478,"Metalu",R,27,95,140,-0.555,-0.821,0.146,1.702,-0.29,1.007,-36.505,16.516,52,48,0,2,"",31.909,-133.916,-3.332,0.074,-19.259,7,"=","=","=","=","=","=","=","=","=",6,L,"IbikiKai_JP",166.1,85.479,0.4,5,38,W,Y,1,2477.656,217,74,51,67,35,,136,103,20.242,-30.054,-0.034,0.519,-20.348,0.08,0,0.36,-297.099,-331.935,143.602,2480.629,43.766,-86.493,2480.696,6,41.617,1.82,-83.71,0,0,,2482.725,,,,,,,,,,,2481.745,2482.117,2481.637,7,,455,0,,,,,,,,,,,,,,,,,,,-0.035,-37.519,0.028,-17.368,-20.027,-45.818,-10.585,-58.782,19.658,-40.33,14.166,-57.414,43.718,-90.228,0.309,-103.7,-37.003,-83.697,-0.365,-37.2,,"kneesohime",-0.025,-17.465,116,"にゃんこ65K",-20.017,-45.82,,"vovopo 보보포",-10.774,-58.578,,"?fredo?",18.725,-41.205,,"CoalCat",13.61,-56.54,,"あくせる",43.716,-90.233,114,"Roscosmos",0.469,-102.316,,"Espressο",-36.994,-83.701,,2491.343,-1.046,-38.241,2486.516,1.459,-21.846,,,,,,,,,,,,,2481.647,41.991,-84.275,,,,,,,,,,2490.45,0.5,-20.021,,,,,,,,,,,,,2483.264,35.707,-75.033,,,,,,,"",1,-29.275,-29.275,-2.379,0,1,0.678,32.803,20.242,5.012,78.571,0.028,-55.618,0,"あくせる",2481.582,2481.392,,20,""
57,,2,0,1,0,0,0,1,0,1,1,255,15,14,21,2508.476,"Metalu",R,10,71,113,-0.516,-2.015,0.232,1.582,-0.231,0.776,-36.505,14.859,60,40,0,1,"",0,400,-46.526,-0.121,-19.187,8,"=","=","=","=","=","=","=","=","=",8,R,"あおいぬ",174,89.739,0.43,,52,W,Y,0,,,,,,,,,,,,,,,,,,,,,,,,,,,,,0,0,,,,,,,,,,,,,2517.063,2509.221,,,,,,,,,,,,,,,,,,,,,,,,0.05,-37.446,0,-17.135,-20.005,-45.957,-10.122,-55.319,19.487,-40.443,9.485,-51.05,40.727,-91.764,-0.077,-108.631,-44.367,-90.603,,,,"",,,,"",,,,"",,,,"",,,,"",,,,"",,,,"",,,,"",,,,2512.872,-0.371,-37.76,,,,,,,,,,,,,,,,,,,,,,,,,,,,,,,,,,,,,,,,,,,,,,,,,,,,"",0,,,,,,,,,,,,,0,"",2511.375,2508.853,,0,""
58,,2,0,1,0,1,0,1,0,1,1,255,15,14,22,2523.864,"Metalu",R,27,85,137,2.311,0.95,0.384,1.955,0.868,2.005,-36.505,43.658,95,5,0,2,"",92.751,-137.998,-7.142,0,0,8,"=","=","=","=","=","=","=","=","=",8,R,"あおいぬ",174,89.739,0.43,3,52,W,Y,1,2525.05,163,53,80,56,6,,141,79,35.67,-10.513,0.507,1.455,-19.977,-1,0,0.326,490.363,-234.576,-254.006,2529.079,15.989,-79.489,2530.079,6,17.526,0.946,-84.897,1,0,,2530.659,,,,,,,,,2533.377,,2530.476,2524.259,,,,,,,,,,,,,,,,,,,,,,,,0.097,-37.695,0.077,-17.074,-20.566,-47.373,-9.752,-54.751,19.489,-40.095,9.335,-50.624,39.513,-91.968,-0.043,-103.478,-44.518,-90.803,-0.244,-37.174,,"kneesohime",0.056,-17.137,,"にゃんこ65K",-20.474,-47.225,,"vovopo 보보포",-9.749,-54.609,81,"?fredo?",18.226,-41.697,,"CoalCat",9.329,-50.525,,"あくせる",39.473,-91.924,129,"Roscosmos",-0.047,-103.45,,"Espressο",-44.483,-90.839,,2540.557,-0.32,-38.823,,,,,,,2533.313,0.161,-58.94,,,,,,,2531.009,17.727,-85.308,2531.026,17.408,-85.535,,,,,,,,,,,,,2539.327,-4.813,-55.858,,,,,,,2532.462,13.058,-76.611,,,,,,,"",2,,,,,,,,,,,,,0,"あくせる",2527.261,2525.524,2533.377,400,""
59,,2,0,1,1,0,0,1,1,1,0,18,15,255,23,2572.068,"Metalu",R,27,93,140,1.486,-0.932,0.324,1.69,0.581,0.958,-36.505,24.365,54,46,0,2,"",41.741,-113.659,-7.094,0,0,0,"=","=","=","=","=","=","=","=","=",7,R,"sano jpn",170,87.118,0.631,5,69,W,Y,1,2573.2,115,99,124,79,27,,137,111,-1.475,53.37,0.275,0.568,-19.75,0.06,0.143,0.412,190.968,405.717,-175.918,2572.646,-8.664,-26.268,,,,,,0,0,,,,,,,,,,,,2591.371,2590.398,,,,,,,,,,,,,,,,,,,,,,,,,0.075,-37.594,0.041,-17.532,-19.192,-42.878,-10.66,-56.708,20.452,-48.147,10.851,-60.607,38.83,-94.347,-0.391,-108.17,-45.678,-91.599,-0.38,-37.132,,"kneesohime",0.045,-17.569,,"にゃんこ65K",-19.186,-42.88,,"vovopo 보보포",-10.627,-56.58,,"?fredo?",18.655,-47.983,,"CoalCat",9.703,-60.174,,"あくせる",38.842,-94.324,,"Roscosmos",-0.386,-108.106,,"Espressο",-45.641,-91.645,,,,,,,,,,,,,,,,,,,,,,,,,,,,,,,,,,,,,,,,,,,,,,,,,,,,,,,,"",3,53.402,46.013,2.198,0,1,0.985,-2.625,-1.475,-4.464,84.39,0.003,78.03,0,"",2578.518,,,0,""
60,,2,0,1,1,0,1,1,1,1,0,18,15,255,24,2592.518,"Metalu",R,27,93,140,2.391,0.152,0.409,1.84,0.938,1.554,-36.505,35.464,94,6,0,2,"",67.804,-125.773,-8.601,0,0,0,"=","=","=","=","=","=","=","=","=",7,R,"sano jpn",170,87.118,0.631,5,69,W,Y,1,2593.626,111,122,82,69,19,,136,82,4.639,14.817,0.446,0.914,-19.838,-0.78,0.143,0.382,151.106,208.612,-56.957,2593.962,-6.705,-45.316,2594.579,3,-7.525,0.143,-48.159,0,256,,2598.72,,,,2597.586,,,2597.433,,,,,,2595.905,8,1,276,0,2598.323,0,,147,128,,,,,,,,,,,,,,0.097,-37.582,0.036,-17.414,-19.62,-43.596,-10.64,-55.325,19.191,-49.99,9.241,-60.296,37.632,-93.853,-0.209,-104.28,-45.982,-94.289,0.294,-37.337,,"kneesohime",0.032,-17.415,,"にゃんこ65K",-19.449,-43.26,,"vovopo 보보포",-10.906,-54.812,95,"?fredo?",17.97,-47.556,,"CoalCat",9.615,-60.151,,"あくせる",36.894,-94.406,,"Roscosmos",-0.153,-104.304,,"Espressο",-45.904,-94.325,,,,,,,,2597.75,-19.06,-40.907,2595.349,-7.959,-49.954,,,,,,,,,,,,,,,,,,,,,,,,,2596.838,-9.046,-50.618,,,,,,,,,,,,,,,,"",2,14.469,14.469,0.217,0,1,0.568,4.639,4.639,6.037,6.425,0.005,34.455,0,"vovopo 보보포",2597.586,2597.433,,136,""
61,SIDE,2,0,1,1,0,0,2,0,0,1,255,255,15,,2601.486,,,,,,,,,,,,,,,,,,,,,,,,1,"=","=","=","=","=","=","=","=","=",,,,,,,,,,,,,,,,,,,,,,,,,,,,,,,,,,,,,,,0,0,,,,,,,,,,,,,,,,,,,,,,,,,,,,,,,,,,,,,,,,,,,,,,,,,,,,,,,,,,,,,,,,,,,,,,,,,,,,,,,,,,,,,,,,,,,,,,,,,,,,,,,,,,,,,,,,,,,,,,,,,,,,,,,,,,,,,,,,,,,,,,,,,"",0,,,,,,,,,,,,,0,"",,,,0,""
62,,3,1,1,1,0,0,0,0,0,0,255,255,255,32,2653.084,"siesta_aves",R,37,77,128,0.482,-0.057,0.332,0.999,0.15,1.648,-36.336,14.156,5,67,28,0,"",39.375,54.942,-1.635,0,0,7,"アリアル","?fredo?","kneesohime","にゃんこ65K","あくせる","CoalCat","Espressο","vovopo 보보포","Roscosmos",3,L,"vovopo 보보포",160,80.084,0.55,,56,W,Y,0,,,,,,,,,,,,,,,,,,,,,,,,,,,,,0,0,,,,,,,,,,,,,,,,,,,,,,,,,,,,,,,,,,,,,,0.288,-37.345,0.065,-16.884,-22.874,-48.602,-10.073,-62.912,17.146,-43.458,10.355,-60.301,40.291,-82.034,9.586,-109.866,-38.685,-90.652,,,,"",,,,"",,,,"",,,,"",,,,"",,,,"",,,,"",,,,"",,,,,,,,,,,,,,,,,,,,,,,,,,,,,,,,,,,,,,,,,,,,,,,,,,,,,,,,,,"",0,,,,,,,,,,,,,0,"",,,,0,""
63,,3,1,1,1,0,1,0,0,0,0,255,255,255,33,2667.519,"siesta_aves",R,0,76,127,-1.883,1.995,0.1,1.197,-0.86,2.722,-36.336,11.289,3,76,21,1,"",23.803,37.325,-1.442,0,0,7,"=","=","=","=","=","=","=","=","=",3,L,"vovopo 보보포",160,80.084,0.55,,56,W,Y,0,,,,,,,,,,,,,,,,,,,,,,,,,,,,,0,0,,,,,,,,,,,,,,,,,,,,,,,,,,,,,,,,,,,,,,0.357,-37.239,0.061,-16.889,-22.625,-47.877,-9.936,-63.152,16.965,-43.296,10.359,-60.316,40.138,-82.16,9.583,-109.919,-38.586,-90.521,,,,"",,,,"",,,,"",,,,"",,,,"",,,,"",,,,"",,,,"",,,,,,,,,,,,,,,,,,,,,,,,,,,,,,,,,,,,,,,,,,,,,,,,,,,,,,,,,,"",0,,,,,,,,,,,,,0,"",,,,0,""
64,,3,1,1,1,1,1,0,0,0,0,255,255,255,34,2684.974,"siesta_aves",R,37,75,126,-0.231,-1.484,0.27,0.818,-0.138,0.955,-36.336,22.402,5,54,41,1,"",19.365,94.332,-3.513,0,0,7,"=","=","=","=","=","=","=","=","=",3,L,"vovopo 보보포",160,80.084,0.55,,56,W,Y,0,,,,,,,,,,,,,,,,,,,,,,,,,,,,,0,0,,,,,,,,,,,,,,,,,,,,,,,,,,,,,,,,,,,,,,0.184,-37.848,0.028,-16.921,-21.929,-47.561,-9.914,-63.162,16.99,-43.303,10.778,-60.444,40.236,-82.009,9.657,-109.929,-39.809,-89.353,,,,"",,,,"",,,,"",,,,"",,,,"",,,,"",,,,"",,,,"",,,,,,,,,,,,,,,,,,,,,,,,,,,,,,,,,,,,,,,,,,,,,,,,,,,,,,,,,,"",0,,,,,,,,,,,,,0,"",,,,0,""
65,,3,1,1,1,2,1,0,0,0,0,255,255,255,35,2699.672,"siesta_aves",R,37,72,124,-1.138,0.747,0.177,1.117,-0.568,2.104,-36.336,7.848,6,85,10,0,"",43.158,71.378,10.082,0,0,7,"=","=","=","=","=","=","=","=","=",3,L,"vovopo 보보포",160,80.084,0.55,,56,W,Y,1,,,,,,,,,,,,,,,,,,,,,,,,,,,,,0,0,,,,,,,,,,,,,,,,,,,,,,,,,,,,,,,,,,,,,,0.17,-37.33,0.074,-16.903,-21.943,-47.125,-9.719,-63.264,17.127,-43.374,10.757,-60.425,40.239,-82.092,9.527,-109.974,-40.798,-88.674,,,,"",,,,"",,,,"",,,,"",,,,"",,,,"",,,,"",,,,"",,,,,,,,,,,,,,,,,,,,,,,,,,,,,,,,,,,,,,,,,,,,,,,,,,,,,,,,,,"",0,,,,,,,,,,,,,0,"",,,,0,""
66,,3,1,1,1,2,2,0,0,0,0,255,255,255,36,2716.299,"siesta_aves",R,37,76,127,-0.593,-0.075,0.23,1.007,-0.322,1.68,-36.336,23.291,6,59,35,0,"",37.695,80.097,1.105,0,0,7,"=","=","=","=","=","=","=","=","=",3,L,"vovopo 보보포",160,80.084,0.55,,56,W,Y,0,,,,,,,,,,,,,,,,,,,,,,,,,,,,,0,0,,,,,,,,,,,,,,,2718.994,7,,578,0,,,,,,,,,,,,,,,,,,,0.061,-37.208,0.046,-16.945,-22.183,-47.874,-9.661,-63.467,17.043,-43.572,11.231,-60.862,40.166,-82.269,10.167,-109.772,-41.23,-87.508,,,,"",,,,"",,,,"",,,,"",,,,"",,,,"",,,,"",,,,"",,,,,,,,,,,,,,,,,,,,,,,,,,,,,,,,,,,,,,,,,,,,,,,,,,,,,,,,,,"",0,,,,,,,,,,,,,0,"",,,,0,""
67,,3,1,1,1,0,0,1,0,0,0,255,255,255,37,2741.94,"siesta_aves",R,37,82,133,0.075,-0.869,0.297,0.866,-0.012,1.184,-36.336,22.113,9,51,40,0,"",29.745,60.582,0.314,0,0,8,"=","=","=","=","=","=","=","=","=",7,R,"Roscosmos",175,96.351,0.374,,56,W,Y,1,,,,,,,,,,,,,,,,,,,,,,,,,,,,,0,0,,,,,,,,,,,,,,,,,,,,,,,,,,,,,,,,,,,,,,0.181,-37.248,0.277,-16.734,-22.666,-48.406,-12.498,-64.622,18.379,-47.398,10.242,-64.377,39.755,-88.742,-5.651,-113.052,-44.212,-87.987,,,,"",,,,"",,,,"",,,,"",,,,"",,,,"",,,,"",,,,"",,,,,,,,,,,,,,,,,,,,,,,,,,,,,,,,,,,,,,,,,,,,,,,,,,,,,,,,,,"",0,,,,,,,,,,,,,0,"",,,,0,""
68,,3,1,1,1,0,1,1,0,0,0,255,255,255,38,2758.487,"siesta_aves",R,37,78,129,2.174,-1.829,0.482,0.761,0.85,0.815,-36.336,34.072,4,23,73,3,"",57.403,74.835,-0.347,0.409,-20.689,8,"=","=","=","=","=","=","=","=","=",7,R,"Roscosmos",175,96.351,0.374,,71,W,Y,0,,,,,,,,,,,,,,,,,,,,,,,,,,,,,0,0,,2812.93,,,,,,,,,,,,,,,,,,,,,,,,,,,,,,,,,,,,0.291,-37.327,0.146,-16.997,-22.683,-48.714,-12.883,-64.783,18.495,-47.625,10.261,-64.404,39.686,-88.684,-6.014,-114.299,-44.35,-90.218,,,,"",,,,"",,,,"",,,,"",,,,"",,,,"",,,,"",,,,"",,,,,,,,,,,,,,,,,,,,,,,,,,,,,,,,,,,,,,,,,,,,,,,,,,,,,,,,,,"",6,,,,,,,,,,,,,0,"",,,,0,""
69,,3,1,1,1,0,0,1,1,0,0,7,255,255,41,2820.935,"siesta_aves",R,37,76,127,1.398,0.302,0.42,1.074,0.559,1.892,-36.336,27.646,0,55,45,2,"",24.668,68.362,5.473,0,0,0,"=","=","=","=","=","=","=","=","=",9,R,"アリアル",190,95.151,0.5,5,56,W,Y,1,2821.875,156,54,96,38,15,,144,131,26.182,65.967,0.248,1.088,-19.084,0.4,0,0.234,241.576,301.907,-446.683,2826.729,-115.831,-61.276,,,,,,0,0,,,,,,,,,,,,2845.095,,,,,,,,,,,,,,,,,,,,,,,,,,0.049,-38.342,0.244,-16.946,-19.478,-40.454,-11.606,-60.534,16.546,-44.31,9.952,-63.996,37.73,-90.898,-6.041,-114.343,-43.282,-91.283,0.081,-36.972,,"P0TA0",0.243,-16.946,,"ʚEveɞ",-19.491,-40.434,,"白霜らいふ",-11.617,-60.517,,"인생최패망자",16.51,-44.198,,"カズティー",10.271,-63.864,,"IbikiKai_JP",37.738,-90.866,,"sano jpn",-6.042,-114.339,,"あおいぬ",-44.519,-91.34,,,,,,,,,,,,,,,,,,,,,,,,,,,,,,,,,,,,,,,,,,,,,,,,,,,,,,,,"",3,79.673,61.434,24.42,0.724,2,0.418,80.553,33.661,-4.339,83.453,0.054,152.52,0,"",,,,0,""
70,,3,1,1,1,0,1,1,1,0,0,7,255,255,42,2845.223,"siesta_aves",R,37,81,131,-0.776,-0.97,0.303,0.781,-0.442,1.109,-36.336,46.013,4,11,85,1,"",65.695,79.884,-1.358,0,0,0,"=","=","=","=","=","=","=","=","=",9,R,"アリアル",190,95.151,0.5,,35,W,Y,0,,,,,,,,,,,,,,,,,,,,,,,,,,,,,0,0,,,,,,,,,,,,2866.262,,,,,,,,,,,,,,,,,,2848.869,2,,,,,,,0.085,-37.395,-0.479,-16.838,-19.746,-40.746,-12.121,-62.509,16.458,-44.236,9.809,-63.736,37.206,-90.616,-5.422,-115.951,-48.125,-93.723,,,,"",,,,"",,,,"",,,,"",,,,"",,,,"",,,,"",,,,"",,,,,,,,,,,,,,,,,,,,,,,,,,,,,,,,,,,,,,,,,,,,,,,,,,,,,,,,,,"",0,,,,,,,,,,,,,0,"",,,,0,""
71,,3,1,1,1,1,1,1,1,0,0,7,255,255,43,2866.411,"siesta_aves",R,0,73,124,-1.563,0.13,0.153,1.018,-0.683,1.713,-36.336,9.622,3,75,22,1,"",-2.119,0,6.438,0,0,0,"=","=","=","=","=","=","=","=","=",9,R,"アリアル",190,95.151,0.5,,35,W,Y,0,,,,,,,,,,,,,,,,,,,,,,,,,,,,,0,0,,,,,,,,,,,,2885.177,,,,,,,,,,,,,,,,,,,,,,,,,,0.134,-37.157,-0.146,-17.001,-19.742,-40.811,-11.853,-62.075,16.852,-45.128,10.26,-63.59,37.026,-90.766,-5.424,-115.955,-48.191,-94.534,,,,"",,,,"",,,,"",,,,"",,,,"",,,,"",,,,"",,,,"",,,,,,,,,,,,,,,,,,,,,,,,,,,,,,,,,,,,,,,,,,,,,,,,,,,,,,,,,,"",0,,,,,,,,,,,,,0,"",,,,0,""
72,,3,1,1,1,2,1,1,1,0,0,7,255,255,44,2885.764,"siesta_aves",R,17,78,125,0.001,-0.7,0.298,0.827,-0.009,1.092,-36.336,12.628,2,52,46,2,"",0,-109.618,-6.879,0,0,0,"=","=","=","=","=","=","=","=","=",9,R,"アリアル",190,95.151,0.5,5,35,W,Y,1,2886.744,229,175,188,97,46,,145,131,-30,-58.905,-0.006,0.742,-20.083,0.63,0,0.189,-25.075,22.373,-57.669,2885.829,1.003,-20.692,,,,,,0,0,,,,,,,,,,,,2920.315,,,,,,,,,,,,,,,,,,,,,,,,,,0.354,-37.162,-0.011,-16.917,-19.831,-40.854,-12.709,-61.879,16.09,-44.847,10.358,-62.638,37.369,-90.522,-5.55,-116.055,-48.353,-94.63,0.221,-37.425,,"P0TA0",-0.04,-17.036,,"ʚEveɞ",-18.435,-44.525,,"白霜らいふ",-12.706,-61.868,,"인생최패망자",15.962,-44.267,,"カズティー",10.364,-62.614,,"IbikiKai_JP",37.313,-90.53,,"sano jpn",-5.563,-116.022,,"あおいぬ",-48.378,-94.278,,,,,,,,,,,,,,,,,,,,,,,,,,,,,,,,,,,,,,,,,,,,,,,,,,,,,,,,"",3,-69.29,-50.283,-10.647,0.602,0,1,-44.022,-44.022,-72.788,-44.022,0,-134.479,0,"",,,,0,""
73,,3,1,1,1,2,2,1,1,0,0,7,255,255,45,2920.872,"siesta_aves",R,37,76,127,1.288,0.8,0.485,1.096,0.511,2.24,-36.336,17.786,0,56,44,0,"",23.631,99.391,-3.494,0,0,0,"=","=","=","=","=","=","=","=","=",9,R,"アリアル",190,95.151,0.5,,35,W,Y,1,,,,,,,,,,,,,,,,,,,,,,,,,,,,,0,0,,,,,,,,,,,,2947.845,,,2923.424,0,,578,0,,,,,,,,,,,,,,,,,,,0.266,-37.917,0.224,-16.911,-19.664,-40.812,-12.813,-61.799,15.858,-43.357,11.109,-62.586,38.939,-89.083,-4.814,-115.822,-47.58,-92.225,,,,"",,,,"",,,,"",,,,"",,,,"",,,,"",,,,"",,,,"",,,,,,,,,,,,,,,,,,,,,,,,,,,,,,,,,,,,,,,,,,,,,,,,,,,,,,,,,,"",0,,,,,,,,,,,,,0,"",,,2928.676,0,""
74,,3,1,1,1,0,0,2,1,0,0,7,255,255,46,2948.05,"siesta_aves",R,0,75,124,3.197,0.362,0.716,1.017,1.443,1.861,-36.336,31.395,2,67,31,1,"",-46.888,0,2.541,0,0,1,"=","=","=","=","=","=","=","=","=",4,R,"?fredo?",190,83.536,0.353,,56,W,Y,0,,,,,,,,,,,,,,,,,,,,,,,,,,,,,0,0,,,,,,,,,,,,2968.316,,,,,,,,,,,,,,,,,,,,,,,,,,0.348,-38.026,0.241,-16.949,-20.441,-41.911,-11.709,-64.538,20.861,-50.181,11.282,-63.198,33.565,-85.538,-9.972,-110.062,-44.526,-86.39,,,,"",,,,"",,,,"",,,,"",,,,"",,,,"",,,,"",,,,"",,,,,,,,,,,,,,,,,,,,,,,,,,,,,,,,,,,,,,,,,,,,,,,,,,,,,,,,,,"",0,,,,,,,,,,,,,0,"",,,,0,""
75,,3,1,1,1,1,0,2,1,0,0,7,255,255,47,2968.948,"siesta_aves",R,35,79,129,0.219,0.259,0.357,1.095,0.267,1.963,-36.336,9.976,0,52,48,2,"",-127.133,166.614,-24.532,0,0,1,"=","=","=","=","=","=","=","=","=",4,R,"?fredo?",190,83.536,0.353,3,56,W,Y,1,2970.091,158,63,75,45,20,,138,88,-41.389,39.09,0.017,1.086,-19.678,-0.73,0,0.241,-147.61,101.875,572.567,2969.295,-0.949,-20.868,,,,,,0,0,,,,,,,,,,,,2995.387,,,,,,,,,,,,,,,,,,,,,,,,,,0.346,-37.314,0.204,-16.972,-19.819,-40.995,-12.25,-64.608,21.052,-50.431,11.616,-63.118,33.578,-85.565,-6.715,-113.6,-46.09,-90.558,0.2,-37.526,,"P0TA0",0.147,-17.053,,"ʚEveɞ",-18.582,-45.042,,"白霜らいふ",-12.247,-64.589,,"인생최패망자",20.815,-50.172,,"カズティー",11.629,-63.028,,"IbikiKai_JP",33.579,-85.565,,"sano jpn",-6.714,-113.604,,"あおいぬ",-43.803,-86.827,,,,,,,,,,,,,,,,,,,,,,,,,,,,,,,,,,,,,,,,,,,,,,,,,,,,,,,,"",3,,,,,,,,,,,,,0,"",,,,0,""
76,,3,1,1,1,1,1,2,1,0,0,7,255,255,48,2995.846,"siesta_aves",R,0,65,105,-3.115,-0.187,-0.137,0.946,-1.353,1.537,-36.336,13.171,0,60,40,2,"",0,0,8.707,0,0,1,"=","=","=","=","=","=","=","=","=",4,R,"?fredo?",190,83.536,0.353,3,56,W,Y,1,2997.043,147,244,112,109,94,,145,87,24.171,63.454,-0.559,0.976,-21.046,1,0,0.464,2.694,41.35,346.967,2998.146,-36.582,-38.773,,,,,,0,0,,,,,,,,,,,,,,,,,,,,,,,,,,,,,,,,,,,,,,0.098,-37.19,-0.319,-16.975,-19.754,-41.282,-13,-63.737,20.318,-48.724,10.94,-63.678,32.744,-86.559,-7.355,-113.592,-45.783,-87.786,0.339,-37.433,,"P0TA0",-0.437,-17.019,,"ʚEveɞ",-18.734,-45.818,,"白霜らいふ",-12.979,-63.708,,"인생최패망자",20.198,-49.107,,"カズティー",10.933,-63.68,,"IbikiKai_JP",32.857,-86.427,,"sano jpn",-7.359,-113.577,,"あおいぬ",-43.842,-83.786,,,,,,,,,,,,,,,,,,,,,,,,,,,,,,,,,,,,,,,,,,,,,,,,,,,,,,,,"",3,,,,,,,,,,,,,0,"",,,,0,""
77,,3,1,1,1,1,2,2,1,0,0,7,255,255,49,3013.599,"siesta_aves",R,36,72,123,-2.455,-0.605,0.083,0.918,-1.006,1.39,-36.336,20.801,2,12,86,2,"",-42.64,126.176,-9.509,0,0,1,"=","=","=","=","=","=","=","=","=",4,R,"?fredo?",190,83.536,0.353,3,56,W,Y,1,3014.738,255,91,85,70,20,,145,112,26.072,21.907,-0.475,0.762,-19.879,0.86,0,0.209,318.313,214.252,7.953,3018.896,-41.915,-109.62,3022.162,8,-47.339,0.056,-117.982,1,0,,3020.727,3025.293,,,3019.472,3024.272,3030.299,,,,3013.735,,,,,,,,,,,,,,,,,,,,,,,,,,0.101,-37.259,-0.074,-16.846,-19.822,-41.312,-13.57,-64.471,20.149,-49.375,10.933,-63.653,33.036,-89.747,-6.022,-115.682,-43.827,-89.865,0.375,-37.634,,"P0TA0",-0.168,-16.85,115,"ʚEveɞ",-18.884,-45.049,,"白霜らいふ",-13.778,-64.396,93,"인생최패망자",20.219,-49.087,,"カズティー",10.899,-63.625,,"IbikiKai_JP",33.037,-89.732,,"sano jpn",-6.018,-115.671,,"あおいぬ",-43.642,-86.159,109,3036.585,-0.406,-37.269,3031.667,-0.186,-23.524,,,,3028.484,-10.588,-70.916,,,,,,,,,,,,,3023.166,-47.042,-117.485,,,,3035.873,2.371,-23.844,,,,3029.168,-10.29,-70.647,,,,,,,,,,,,,3026.332,-44.14,-107.813,"",2,,,,,,,,,,,,,0,"あおいぬ",3019.472,3024.272,3030.299,280,""
78,,3,1,2,1,0,0,2,0,1,0,255,4,255,50,3057.562,"siesta_aves",R,36,77,127,0.283,0.395,0.313,1.107,0.062,1.999,-36.336,21.613,2,61,37,0,"",34.939,114.271,2.156,0,0,2,"=","=","=","=","=","=","=","=","=",1,R,"kneesohime",190,85.362,0.501,,56,W,Y,1,,,,,,,,,,,,,,,,,,,,,,,,,,,,,0,0,,,,,,,,,,,,,3078.408,,,,,,,,,,,,,,,,,,,,,,,,,0.021,-38.48,0.313,-16.522,-22.671,-48.159,-13.116,-64.315,17.483,-45.259,10.878,-64.071,39.419,-91.561,-11.013,-121.295,-42.966,-85.894,,,,"",,,,"",,,,"",,,,"",,,,"",,,,"",,,,"",,,,"",,,,3062.644,-0.557,-37.808,,,,,,,,,,,,,,,,,,,,,,,,,,,,,,,,,,,,,,,,,,,,,,,,,,,,"",0,,,,,,,,,,,,,0,"",3059.969,,,0,""
79,,3,1,2,1,0,1,2,0,1,0,255,4,255,51,3079.22,"siesta_aves",R,36,76,127,1.76,0.892,0.456,1.199,0.729,2.299,-36.336,18.609,0,63,37,2,"",15.91,103.919,0.193,0,0,2,"=","=","=","=","=","=","=","=","=",1,R,"kneesohime",190,85.362,0.501,5,56,W,Y,1,3080.41,154,69,55,48,36,,135,97,93.098,71.587,0.317,1.324,-19.226,0.97,0,0.247,125.588,85.096,-528.016,3086.396,13.96,-15.637,3086.529,1,13.807,3.312,-15.677,0,0,,,,,,,,,3086.105,,,,,,3087.407,2,,450,0,,,,,,,,,,,,,,,,,,,0.292,-37.262,0.311,-16.921,-22.324,-47.434,-12.893,-64.37,17.922,-46.752,11.079,-63.927,39.434,-91.534,-11.065,-120.583,-44.361,-88.738,0.27,-37.53,,"P0TA0",0.292,-16.94,,"ʚEveɞ",-22.333,-47.78,,"白霜らいふ",-12.891,-64.345,,"인생최패망자",17.918,-46.748,,"カズティー",11.053,-63.88,,"IbikiKai_JP",39.431,-91.535,,"sano jpn",-11.078,-120.566,,"あおいぬ",-44.266,-88.691,,,,,3087.42,13.96,-15.755,,,,,,,,,,,,,,,,,,,,,,,,,,,,,,,,,,,,,,,,,,,,,,,,,"",1,102.901,71.985,36.454,1,2,0.294,88.105,86.902,44.032,88.039,0.066,167.605,0,"P0TA0",,3086.105,,8,""
80,SIDE,3,1,2,1,0,0,2,0,1,0,255,4,255,,3090.546,,,,,,,,,,,,,,,,,,,,,,,,3,"=","=","=","=","=","=","=","=","=",,,,,,,,,,,,,,,,,,,,,,,,,,,,,,,,,,,,,,,0,0,,,,,,,,,,,,,,,,,,,,,,,,,,,,,,,,,,,,,,,,,,,,,,,,,,,,,,,,,,,,,,,,,,,,,,,,,,,,,,,,,,,,,,,,,,,,,,,,,,,,,,,,,,,,,,,,,,,,,,,,,,,,,,,,,,,,,,,,,,,,,,,,,"",0,,,,,,,,,,,,,0,"",,,,0,""
81,,3,0,2,1,0,0,0,0,0,0,255,255,255,25,3139.547,"Metalu",R,3,63,107,-1.306,0.381,0.273,1.999,0.204,1.966,-36.505,40.189,100,0,0,0,"",-404.945,84.688,-27.477,0,0,1,"sano jpn","NABIMan","ʚEveɞ","P0TA0","白霜らいふ","인생최패망자","カズティー","IbikiKai_JP","あおいぬ",9,L,"NABIMan",190,83.499,0.48,,27,W,Y,0,,,,,,,,,,,,,,,,,,,,,,,,,,,,,0,0,,,,,,,,,,,,,,,,,,,,,,,,,,,,,,,,,,,,,,-0.017,-37.622,0.034,-17.47,-22.548,-51.031,-10.081,-60.668,22.255,-49.211,13.619,-62.286,43.705,-97.623,-0.061,-104.708,-35.245,-92.419,,,,"",,,,"",,,,"",,,,"",,,,"",,,,"",,,,"",,,,"",,,,,,,,,,,,,,,,,,,,,,,,,,,,,,,,,,,,,,,,,,,,,,,,,,,,,,,,,,"",0,,,,,,,,,,,,,0,"",,,,0,""
82,,3,0,2,1,0,1,0,0,0,0,255,255,255,26,3157.701,"Metalu",R,27,90,140,2.473,0.144,0.442,1.735,1.034,1.574,-36.505,25.834,98,2,0,1,"",22.097,-142.239,-9.492,0,0,1,"=","=","=","=","=","=","=","=","=",9,L,"NABIMan",190,83.499,0.48,,27,W,Y,0,,,,,,,,,,,,,,,,,,,,,,,,,,,,,0,0,,,,,,,,,,,,,,,,,,,,,,,,,,,,,,,,,,,,,,-0.007,-38.267,0.039,-17.072,-22.054,-50.601,-10.099,-60.675,23.515,-50.134,14.179,-61.719,43.678,-97.836,-0.047,-104.688,-35.245,-92.379,,,,"",,,,"",,,,"",,,,"",,,,"",,,,"",,,,"",,,,"",,,,,,,,,,,,,,,,,,,,,,,,,,,,,,,,,,,,,,,,,,,,,,,,,,,,,,,,,,"",0,,,,,,,,,,,,,0,"",,,,0,""
83,,3,0,2,1,1,1,0,0,0,0,255,255,255,27,3173.344,"Metalu",R,27,86,139,3.452,1.056,0.473,1.994,1.405,2.162,-36.505,45.348,93,7,0,4,"",62.162,-117.298,-5.754,0,0,1,"=","=","=","=","=","=","=","=","=",9,L,"NABIMan",190,83.499,0.48,,27,W,Y,1,,,,,,,,,,,,,,,,,,,,,,,,,,,,,0,0,,,,,,,,,,,,,,,,,,,,,,,,,,,,,,,,,,,,,,0.084,-37.469,0.037,-16.951,-21.721,-50.618,-10.097,-60.665,23.373,-49.712,14.121,-61.854,43.685,-97.841,0.046,-104.625,-36.849,-94.446,,,,"",,,,"",,,,"",,,,"",,,,"",,,,"",,,,"",,,,"",,,,,,,,,,,,,,,,,,,,,,,,,,,,,,,,,,,,,,,,,,,,,,,,,,,,,,,,,,"",0,,,,,,,,,,,,,0,"",,,,0,""
84,,3,0,2,1,1,2,0,0,0,0,255,255,255,28,3227.564,"Metalu",R,26,93,140,2.148,-0.943,0.415,1.522,0.906,0.885,-36.505,19.906,58,42,0,1,"",12.965,-153.572,-5.254,0,0,1,"=","=","=","=","=","=","=","=","=",9,L,"NABIMan",190,83.499,0.48,,27,W,Y,0,,,,,,,,,,,,,,,,,,,,,,,,,,,,,0,2,,,,,,,,,,,,,,,,,,,,,,,,,,,,,,,,,,,,,,0.037,-38.193,0.042,-16.845,-21.034,-49.886,-8.872,-60.562,23.898,-49.193,14.596,-61.595,43.5,-97.758,0.045,-104.635,-37.121,-95.12,,,,"",,,,"",,,,"",,,,"",,,,"",,,,"",,,,"",,,,"",,,,,,,,,,,,,,,,,,,,,,,,,,,,,,,,,,,,,,,,,,,,,,,,,,,,,,,,,,"",0,,,,,,,,,,,,,0,"",,,,0,""
85,,3,0,2,1,2,2,0,0,0,0,255,255,255,29,3250.478,"Metalu",R,27,89,140,2.973,0.669,0.452,1.923,1.21,1.92,-36.505,35.636,94,6,0,2,"",53.381,-118.51,-5.994,0,0,1,"=","=","=","=","=","=","=","=","=",9,L,"NABIMan",190,83.499,0.48,5,27,W,Y,1,3251.508,255,232,141,88,56,,145,120,-9.027,67.764,0.548,1.287,-20.61,0.84,0,0.377,327.586,485.558,13.378,3250.762,-6.082,-23.27,,,,,,0,0,,,,,,,,,,,,,,,,,,,,,,,,,,,,,,,,,,,,,,0.136,-37.596,0.03,-17,-20.705,-49.225,-8.852,-60.604,23.224,-49.26,14.576,-61.441,43.507,-97.779,0.067,-104.505,-37.471,-97.184,0.28,-37.081,,"kneesohime",0.088,-17.052,,"にゃんこ65K",-20.693,-49.185,,"vovopo 보보포",-8.846,-60.579,,"?fredo?",22.136,-48.84,,"CoalCat",14.632,-61.388,,"あくせる",43.444,-97.675,,"Roscosmos",0.076,-104.487,,"Espressο",-37.436,-97.189,,,,,,,,,,,,,,,,,,,,,,,,,,,,,,,,,,,,,,,,,,,,,,,,,,,,,,,,"",3,86.87,63.36,28.28,0.833,2,0.257,-14.489,-9.027,-9.068,-14.564,0.018,170.119,0,"",,,,0,""
86,,3,0,2,1,2,2,0,0,0,0,255,255,255,30,3269.078,"Metalu",R,10,70,113,0.015,-1.316,0.242,1.79,-0.004,1.282,-36.505,23.395,100,0,0,2,"",0,396.612,-29.967,0,0,1,"=","=","=","=","=","=","=","=","=",9,L,"NABIMan",190,83.499,0.48,5,27,W,Y,1,3270.205,139,156,91,113,116,,142,87,2.846,29.736,0.03,0.554,-20.823,1,0,0.271,-72.674,-589.486,-62.086,3270.012,-8.684,-37.279,3271.479,3,-16.547,0.055,-55.006,0,0,,3275.471,,,,,,,,,,,,,3275.357,1,,147,128,,,,,,,,,,,,,,,,,,,-0.01,-37.6,-0.056,-16.966,-21.066,-48.736,-9.69,-59.749,23.89,-49.892,13.31,-61.541,43.732,-96.231,0.202,-104.067,-37.56,-97.978,0.218,-36.961,,"kneesohime",-0.064,-16.994,,"にゃんこ65K",-21.051,-48.715,86,"vovopo 보보포",-9.668,-59.744,89,"?fredo?",23.171,-49.217,,"CoalCat",13.325,-61.543,,"あくせる",43.722,-96.184,,"Roscosmos",0.205,-104.084,,"Espressο",-38.931,-100.178,,3277.565,-1.155,-39.581,,,,3274.744,-18.919,-40.619,3272.4,-16.055,-55.564,,,,,,,,,,,,,,,,,,,,,,3276.546,-17.891,-40.212,3274.164,-18.579,-47.496,,,,,,,,,,,,,,,,"",2,30.599,30.599,-1.908,0,0,1,2.846,2.846,-2.087,2.846,0,41.457,0,"vovopo 보보포",,,,136,""
87,,3,0,2,1,0,0,1,0,0,0,255,255,255,31,3348.49,"Metalu",R,13,75,114,-1.673,-0.932,0.24,1.818,-0.152,1.487,-36.505,25.082,98,2,0,2,"",-330.979,374.771,-37.89,0,0,2,"=","=","=","=","=","=","=","=","=",2,L,"ʚEveɞ",190,85.233,0.45,5,72,W,Y,1,3349.538,255,177,74,129,72,,145,89,3.132,61.128,-0.256,0.839,-22.175,1,0,0.632,22.059,32.5,257.298,3349.496,-18.348,-32.106,,,,,,0,0,,,,,,,,,,,,,,,,,,,,,,,,,,,,,,,,,,,,,,0.002,-37.651,-0.049,-17.311,-22.436,-51.089,-9.714,-59.887,23.008,-49.493,12.892,-61.801,42.642,-96.079,-0.17,-108.161,-36.496,-91.406,0.028,-36.718,,"kneesohime",-0.058,-17.322,,"にゃんこ65K",-22.341,-51.042,,"vovopo 보보포",-9.703,-59.902,,"?fredo?",21.707,-48.164,,"CoalCat",12.892,-61.796,,"あくせる",42.594,-96.015,,"Roscosmos",-0.161,-110.772,,"Espressο",-36.455,-91.42,,,,,,,,,,,,,,,,,,,,,,,,,,,,,,,,,,,,,,,,,,,,,,,,,,,,,,,,"",3,106.69,64.668,25.032,1,0,1,3.132,3.132,-15.234,3.132,0,-143.789,0,"",,,,0,""
88,,3,0,2,1,0,1,1,0,0,0,255,255,255,32,3372.972,"Metalu",R,10,72,114,0.242,-2.529,0.264,1.506,-0.052,0.708,-36.505,10.618,50,50,0,2,"",0,400,-35.471,0.049,-20.688,2,"=","=","=","=","=","=","=","=","=",2,L,"ʚEveɞ",190,85.233,0.45,5,72,W,Y,1,3374.128,185,198,175,63,29,,145,89,13.96,30.562,-0.004,0.315,-21.293,1,0,0.523,-202.903,-564.649,-1.236,3375.595,-21.287,-65.15,3377.079,8,-27.029,0.059,-80.193,1,0,,3379.332,,,,,,,,,,,,,,,,,,,,,,,,,,,,,,,,,,,,0.082,-37.561,-0.001,-17.105,-22.192,-50.404,-9.975,-59.565,21.73,-49.146,15.011,-61.372,43.003,-94.178,0.191,-110.969,-38.978,-89.972,0.269,-36.776,,"kneesohime",0.003,-17.169,,"にゃんこ65K",-22.048,-50.297,83,"vovopo 보보포",-9.977,-59.587,,"?fredo?",20.262,-47.067,,"CoalCat",15.009,-61.24,,"あくせる",42.904,-94.033,,"Roscosmos",0.188,-110.958,,"Espressο",-38.967,-89.966,103,3384.387,-0.592,-39.156,,,,3380.814,-20.594,-40.578,,,,,,,,,,,,,,,,3378.052,-28.087,-81.309,,,,,,,3383.31,-17.996,-41.066,,,,,,,,,,,,,,,,3379.301,-28.491,-72.398,"",2,31.574,31.574,-5.078,0,0,1,13.96,13.96,10.775,13.96,0,49.044,0,"Espressο",,,,72,""
89,,3,0,2,1,0,0,1,1,0,0,12,255,255,33,3404.581,"Metalu",R,27,82,134,-24.93,5.027,0.361,1.444,0.934,0.034,-36.505,24.664,53,47,0,2,"",-64.539,-143.073,1.298,0,0,3,"=","=","=","=","=","=","=","=","=",1,R,"P0TA0",190,96.215,0.525,3,56,W,Y,1,3405.566,0,0,0,0,0,,0,44,26.288,54.424,0.231,0.259,-20.662,1,0,0.288,-148.423,377.915,435.671,3405.946,-11.993,-28.786,,,,,,0,0,,,,,,,,,,,,3404.926,,,,,,,,,,,,,,,,,,,,,,,,,,0.003,-37.417,0.44,-16.94,-19.507,-43.866,-13.098,-60.958,21.957,-49.597,9.397,-61.082,39.882,-97.404,-0.608,-107.469,-45.909,-91.687,-0.075,-36.98,,"kneesohime",0.438,-16.951,,"にゃんこ65K",-19.536,-43.951,,"vovopo 보보포",-13.102,-60.962,,"?fredo?",20.663,-49.553,,"CoalCat",8.89,-61.06,,"あくせる",39.758,-97.206,,"Roscosmos",-0.49,-107.194,,"Espressο",-45.71,-91.779,,,,,,,,,,,,,,,,,,,,,,,,,,,,,,,,,,,,,,,,,,,,,,,,,,,,,,,,"",3,,,,,,,,,,,,,0,"",,,,0,""
90,,3,0,2,1,0,1,1,1,0,0,12,255,255,34,3427.143,"Metalu",R,3,64,108,-0.893,1.336,0.325,2.14,0.373,2.447,-36.505,52.767,92,8,0,1,"",-413.867,0,-14.757,0,0,3,"=","=","=","=","=","=","=","=","=",1,R,"P0TA0",190,96.215,0.525,,42,W,Y,0,,,,,,,,,,,,,,,,,,,,,,,,,,,,,0,0,,,,,,,,,,,,3427.501,,,,,,,,,,,,,,,,,,,,,,,,,,0.058,-37.637,0.008,-17.132,-20.211,-43.828,-13.876,-60.294,20.86,-50.276,8.389,-62.144,40.011,-97.057,-0.057,-102.901,-47.449,-90.006,,,,"",,,,"",,,,"",,,,"",,,,"",,,,"",,,,"",,,,"",,,,,,,,,,,,,,,,,,,,,,,,,,,,,,,,,,,,,,,,,,,,,,,,,,,,,,,,,,"",0,,,,,,,,,,,,,0,"",,,,0,""
91,,3,0,2,1,1,1,1,1,0,0,12,255,255,35,3442.489,"Metalu",R,10,65,109,-1.28,-1.69,0.178,1.733,-0.54,1.081,-36.505,13.257,60,40,0,2,"",-11.866,400,-27.75,0,0,3,"=","=","=","=","=","=","=","=","=",1,R,"P0TA0",190,96.215,0.525,5,42,W,Y,1,3443.506,194,219,236,187,74,,145,123,-30,-67.911,-0.206,0.568,-21.575,0.79,0,0.262,64.833,57.753,-221.678,3442.479,0.609,-21.906,,,,,,0,0,,,,,,,,,,,,3444.112,,,,,,,,,,,,,,,,,,,,,,,,,,0.135,-38.106,0.003,-16.918,-19.834,-42.651,-13.513,-60.437,21.396,-48.208,7.807,-61.465,39.916,-97.009,0.017,-103.503,-47.387,-90.112,-0.312,-36.908,,"kneesohime",-0.023,-17.094,,"にゃんこ65K",-19.988,-41.9,,"vovopo 보보포",-13.493,-60.318,,"?fredo?",21.654,-49.182,,"CoalCat",4.781,-60.969,,"あくせる",39.666,-96.935,,"Roscosmos",0.109,-103.115,,"Espressο",-46.986,-90.304,,,,,,,,,,,,,,,,,,,,,,,,,,,,,,,,,,,,,,,,,,,,,,,,,,,,,,,,"",3,-97.525,-66.365,-26.729,1,0,1,-61.012,-61.012,-53.399,-61.012,0,124.935,0,"",,,,0,""
92,,3,0,2,1,1,2,1,1,0,0,12,255,255,36,3469.24,"Metalu",R,27,79,129,2.958,2.414,0.397,2.197,1.103,2.99,-36.505,61.508,85,13,2,1,"",117.013,-131.383,-2.361,0,0,3,"=","=","=","=","=","=","=","=","=",1,R,"P0TA0",190,96.215,0.525,,42,W,Y,0,,,,,,,,,,,,,,,,,,,,,,,,,,,,,0,0,,,,,,,,,,,,3469.402,,,,,,,,,,,,,,,,,,,,,,,,,,0.065,-37.525,-0.028,-17.157,-20.066,-41.11,-13.835,-60.989,21.081,-49.903,9.169,-61.087,41.983,-95.21,-0.125,-103.826,-47.119,-88.947,,,,"",,,,"",,,,"",,,,"",,,,"",,,,"",,,,"",,,,"",,,,,,,,,,,,,,,,,,,,,,,,,,,,,,,,,,,,,,,,,,,,,,,,,,,,,,,,,,"",0,,,,,,,,,,,,,0,"",,,,0,""
93,,3,0,2,1,2,2,1,1,0,0,12,255,255,37,3486.994,"Metalu",R,29,67,120,-2.118,-1.421,0.075,1.635,-0.52,0.935,-36.505,9.136,61,39,0,4,"",-250,200,24.26,-0.566,-17.524,3,"=","=","=","=","=","=","=","=","=",1,R,"P0TA0",190,96.215,0.525,,42,W,Y,1,,,,,,,,,,,,,,,,,,,,,,,,,,,,,0,8,,,,,,,,,,,,3499.863,,,3489.649,3,,578,0,,,,,,,,,,,,,,,,,,,0.001,-37.552,-0.014,-17.117,-19.809,-41.486,-13.681,-61.057,22.427,-51.316,9.22,-60.872,41.995,-95.217,-0.123,-104,-47.147,-88.978,,,,"",,,,"",,,,"",,,,"",,,,"",,,,"",,,,"",,,,"",,,,,,,,,,,,,,,,,,,,,,,,,,,,,,,,,,,,,,,,,,,,,,,,,,,,,,,,,,"",0,,,,,,,,,,,,,0,"",,,,0,""
94,,3,0,2,1,0,0,2,1,0,0,12,255,255,38,3507.138,"Metalu",R,27,81,132,2.229,2.554,0.348,2.155,0.865,2.924,-36.505,52.423,90,10,0,1,"",66.254,-146.136,-4,0,0,4,"=","=","=","=","=","=","=","=","=",3,R,"白霜らいふ",175.1,80,0.653,,56,W,Y,0,,,,,,,,,,,,,,,,,,,,,,,,,,,,,0,0,,,,,,,,,,,,3519.62,,,,,,,,,,,,,,,,,,,,,,,,,,0.06,-37.545,0.029,-17.212,-20.302,-43.026,-12.81,-61.113,20.18,-48.046,11.721,-62.246,42.358,-90.355,0.141,-104.149,-43.748,-87.285,,,,"",,,,"",,,,"",,,,"",,,,"",,,,"",,,,"",,,,"",,,,,,,,,,,,,,,,,,,,,,,,,,,,,,,,,,,,,,,,,,,,,,,,,,,,,,,,,,"",0,,,,,,,,,,,,,0,"",,,,0,""
95,,3,0,2,1,1,0,2,1,0,0,12,255,255,39,3542.639,"Metalu",R,13,73,112,-3.757,-2.361,0.105,1.685,-1,0.735,-36.505,17.656,56,44,0,1,"",-349.767,357.299,-32.927,-0.758,-19.795,4,"=","=","=","=","=","=","=","=","=",3,R,"白霜らいふ",175.1,80,0.653,,56,W,Y,0,,,,,,,,,,,,,,,,,,,,,,,,,,,,,0,0,,,,,,,,,,,,3542.82,,,,,,,,,,,,,,,,,,,,,,,,,,-0.033,-37.658,-0.063,-17.193,-19.797,-40.668,-13.017,-61.293,22.994,-50.612,9.464,-61.432,42.164,-95.972,-0.073,-104.152,-40.437,-83.612,,,,"",,,,"",,,,"",,,,"",,,,"",,,,"",,,,"",,,,"",,,,,,,,,,,,,,,,,,,,,,,,,,,,,,,,,,,,,,,,,,,,,,,,,,,,,,,,,,"",0,,,,,,,,,,,,,0,"",,,,0,""
96,,3,0,2,1,2,0,2,1,0,0,12,255,255,40,3573.408,"Metalu",R,28,94,140,0.771,-0.607,0.287,1.618,0.313,1.155,-36.505,18.743,59,41,0,2,"",10.059,-99.052,-4.558,0,0,4,"=","=","=","=","=","=","=","=","=",3,R,"白霜らいふ",175.1,80,0.653,5,56,W,Y,1,3574.549,217,210,103,109,56,,145,129,26.028,-15.882,-0.144,0.493,-20.299,0.44,0,0.472,-108.571,589.646,23.026,3578.345,14.522,-130.315,3580.379,7,14.352,0.057,-126.614,1,0,,3580.528,3585.026,,,3579.352,3584.526,,,,,3574.393,,,,,,,,,,,,,,,,,,,,,,,,,,0.132,-37.707,0.006,-17.104,-19.723,-40.66,-13.232,-60.985,21.226,-50.818,9.398,-61.413,42.072,-95.982,-0.038,-104.171,-42.544,-87.138,-0.216,-36.882,,"kneesohime",0.002,-17.251,,"にゃんこ65K",-18.909,-42.791,,"vovopo 보보포",-13.212,-60.983,80,"?fredo?",19.611,-49.032,,"CoalCat",10.572,-61.029,,"あくせる",41.89,-95.744,,"Roscosmos",-0.038,-104.153,113,"Espressο",-42.62,-87.027,,3591.02,-0.324,-38.786,,,,,,,3585.175,0.245,-60.339,,,,,,,,,,3581.467,14.069,-126.211,,,,,,,,,,,,,3589.97,-4.952,-52.434,,,,,,,,,,3582.634,14.891,-119.4,,,,"",2,-15.398,-15.398,-6.101,0,2,0.416,89.662,36.812,-1.188,83.346,0.041,-21.531,0,"Roscosmos",3579.352,3584.526,,384,""
97,,3,0,2,1,0,0,2,0,1,1,255,13,12,41,3609.218,"Metalu",R,27,91,140,1.403,-0.963,0.354,1.521,0.623,0.881,-36.505,15.679,56,44,0,1,"",-16.582,-143.481,-3.583,0,0,5,"=","=","=","=","=","=","=","=","=",4,R,"인생최패망자",190,90,0.4,,56,W,Y,0,,,,,,,,,,,,,,,,,,,,,,,,,,,,,0,0,,,,,,,,,,,,,,3609.614,,,,,,,,,,,,,,,,,,,,,,,,0.131,-37.544,0.221,-17.079,-21.294,-47.932,-13.001,-60.959,18.982,-41.761,13.696,-61.449,45.111,-99.753,1.087,-110.91,-43.572,-92.928,,,,"",,,,"",,,,"",,,,"",,,,"",,,,"",,,,"",,,,"",,,,3613.706,-0.257,-37.598,,,,,,,,,,,,,,,,,,,,,,,,,,,,,,,,,,,,,,,,,,,,,,,,,,,,"",0,,,,,,,,,,,,,0,"",3611.607,3611.924,,0,""
98,,3,0,2,1,1,0,2,0,1,1,255,13,12,42,3629.118,"Metalu",R,27,91,140,1.485,0.795,0.323,1.939,0.563,1.988,-36.505,35.511,92,8,0,2,"",54.82,-131.669,-4.751,0,0,5,"=","=","=","=","=","=","=","=","=",4,R,"인생최패망자",190,90,0.4,5,56,W,Y,1,3630.231,208,115,178,123,59,,145,101,26.895,-51.957,0.274,1.35,-20.873,-0.41,0,0.282,17.021,83.783,54.714,3633.946,66.196,-74.48,,,,,,0,0,,,,,,,,,,,,,3629.34,3630.358,,,,,,,,,,,,,,,,,,,,,,,,0.097,-37.571,-0.023,-17.312,-21.103,-47.3,-13.621,-61.626,19.946,-40.447,13.126,-61.71,44.77,-100.125,0.995,-108.905,-43.574,-92.82,-0.3,-36.883,,"kneesohime",-0.018,-17.317,,"にゃんこ65K",-21.057,-47.245,,"vovopo 보보포",-13.333,-60.396,,"?fredo?",18.37,-42.084,,"CoalCat",13.126,-61.698,,"あくせる",44.761,-100.141,,"Roscosmos",0.001,-109.003,,"Espressο",-44.219,-92.986,,,,,,,,,,,,,,,,,,,,,,,,,,,,,,,,,,,,,,,,,,,,,,,,,,,,,,,,"",3,-51.941,-51.941,-11.009,0,0,1,26.895,26.895,44.517,26.895,0,-62.332,0,"",3637.617,3629.813,,0,""
99,,3,0,2,1,1,1,2,0,1,1,255,13,12,43,3653.844,"Metalu",R,10,57,91,-1.082,-1.751,0.204,1.739,-0.476,1.197,-36.505,16.374,59,41,0,4,"",0,400,-23.153,-0.236,-19.021,5,"=","=","=","=","=","=","=","=","=",4,R,"인생최패망자",190,90,0.4,,56,W,Y,1,,,,,,,,,,,,,,,,,,,,,,,,,,,,,0,0,,,,,,,,,,,,,3671.55,3669.061,,,,,,,,,,,,,,,,,,,,,,,,0.107,-38.076,-0.016,-17.304,-21.993,-48.791,-13.031,-61.351,19.552,-41.884,11.885,-61.485,43.143,-92.713,0.985,-108.043,-43.799,-94.484,,,,"",,,,"",,,,"",,,,"",,,,"",,,,"",,,,"",,,,"",,,,,,,,,,,,,,,,,,,,,,,,,,,,,,,,,,,,,,,,,,,,,,,,,,,,,,,,,,"",0,,,,,,,,,,,,,0,"",3657.008,3656.499,,0,""
100,,3,0,2,1,1,2,2,0,1,1,255,13,12,44,3672.234,"Metalu",R,13,59,102,-2.863,-0.57,0.194,1.907,-0.564,1.759,-36.505,22.431,100,0,0,2,"",-335.941,344.596,-23.291,0,0,5,"=","=","=","=","=","=","=","=","=",4,R,"인생최패망자",190,90,0.4,5,56,W,Y,1,3673.457,179,145,133,118,74,,145,120,-28.564,-25.281,-0.473,0.909,-21.121,0.85,0,0.368,-494.843,-3.979,-241.682,3672.512,0.219,-22.586,3676.212,6,29.331,0.055,-83.642,1,0,,3679.067,,,,,,,3677.938,,3678.832,,,,,,,,,,,,,,,,,,,,,,,,,3681.495,1,0.088,-37.677,-0.158,-17.19,-21.553,-48.346,-13.698,-62.273,19.653,-40.692,11.593,-61.457,43.312,-92.912,0.403,-108.536,-47.889,-95.09,-0.185,-36.714,,"kneesohime",-0.663,-17.561,120,"にゃんこ65K",-21.606,-48.196,,"vovopo 보보포",-13.468,-61.681,,"?fredo?",17.126,-42.67,,"CoalCat",11.439,-61.272,,"あくせる",43.317,-92.88,108,"Roscosmos",0.145,-108.503,,"Espressο",-46.383,-93.222,,3685.369,-1.185,-38.764,3681.075,0.615,-20.046,,,,,,,,,,,,,3677.359,29.485,-84.34,,,,,,,,,,3684.535,0.319,-21.232,,,,,,,,,,,,,3678.228,27.085,-78.536,,,,,,,"",2,-20.958,-20.958,-1.558,0,1,0.641,-45.199,-29.505,-14.373,-77.472,0.05,-42.901,0,"あくせる",,3677.938,3678.832,20,""
101,,3,0,2,2,0,0,2,1,0,1,14,255,13,45,3713.514,"Metalu",R,27,94,140,0.669,0.088,0.271,1.727,0.239,1.538,-36.505,17.365,51,49,0,0,"",32.697,-118.948,-2.186,0,0,6,"=","=","=","=","=","=","=","=","=",5,R,"カズティー",175.4,84.645,0.33,,56,W,Y,0,,,,,,,,,,,,,,,,,,,,,,,,,,,,,0,0,,,,,,,,,,,,3723.339,,3714.084,,,,,,,,,,,,,,,,,,,,,,,,0.122,-37.412,0.054,-17.023,-19.832,-40.789,-13.113,-61.047,20.026,-47.07,11.96,-61.23,41.587,-96.138,0.137,-107.473,-42.756,-90.134,,,,"",,,,"",,,,"",,,,"",,,,"",,,,"",,,,"",,,,"",,,,3718.559,-0.189,-37.657,,,,,,,,,,,,,,,,,,,,,,,,,,,,,,,,,,,,,,,,,,,,,,,,,,,,"",0,,,,,,,,,,,,,0,"",,3715.732,,0,""
102,,3,0,2,2,0,1,2,1,0,1,14,255,13,46,3731.906,"Metalu",R,3,67,110,-1.847,1.297,0.244,2.089,-0.05,2.37,-36.505,45.17,93,7,0,4,"",-417.513,13.039,-13.333,0,0,6,"=","=","=","=","=","=","=","=","=",5,R,"カズティー",175.4,84.645,0.33,,56,W,Y,1,,,,,,,,,,,,,,,,,,,,,,,,,,,,,0,0,,,,,,,,,,,,3747.101,,3732.417,,,,,,,,,,,,,,,,,,,,,,,,0.014,-37.809,0.059,-17.248,-19.809,-40.497,-12.199,-58.112,20.824,-46.274,10.67,-61.505,41.965,-95.175,-0.014,-106.88,-43.438,-90.194,,,,"",,,,"",,,,"",,,,"",,,,"",,,,"",,,,"",,,,"",,,,3737.619,-0.109,-37.829,,,,,,,,,,,,,,,,,,,,,,,,,,,,,,,,,,,,,,,,,,,,,,,,,,,,"",0,,,,,,,,,,,,,0,"",,3734.616,,0,""
103,,3,0,2,2,0,2,2,1,0,1,14,255,13,47,3751.661,"Metalu",R,27,83,135,2.095,-0.731,0.4,1.709,0.905,1.068,-36.505,17.477,61,39,0,2,"",-3.614,-105.416,-5.44,0,0,6,"=","=","=","=","=","=","=","=","=",5,R,"カズティー",175.4,84.645,0.33,5,56,W,Y,1,3752.727,255,195,118,99,42,0.041,145,84,-68.842,-56.906,0.387,0.674,-20.077,-1,0,0.675,5.228,-104.421,367.282,3751.679,0.587,-20.207,3758.095,4,23.994,0.059,-36.024,0,0,,,,,,,,,,,,3761.585,,3751.832,,,,,,,,,,,,,,,,,,,,,,,,0.187,-37.62,0.173,-17.369,-19.882,-40.561,-11.519,-58.577,20.572,-45.43,11.824,-61.326,41.979,-95.128,-0.044,-107.138,-43.693,-88.839,0.366,-36.914,,"kneesohime",0.186,-17.394,,"にゃんこ65K",-18.594,-43.038,,"vovopo 보보포",-11.492,-58.548,,"?fredo?",17.869,-46.93,97,"CoalCat",11.817,-61.305,,"あくせる",41.982,-95.113,,"Roscosmos",0.033,-107.551,,"Espressο",-43.673,-88.843,,3765.352,-0.571,-39.655,,,,,,,,,,3758.945,23.795,-35.983,,,,,,,,,,,,,,,,,,,,,,,,,3764.199,17.623,-37.499,,,,,,,,,,,,,"",3,-56.846,-56.846,-13.919,0,0,1,-68.842,-68.842,-64.227,-68.842,0,-64.962,0,"?fredo?",,3758.113,,2,""
104,,3,0,2,2,0,2,2,1,0,1,14,255,13,48,3772.803,"Metalu",R,13,67,108,-4.393,-1.867,0.052,1.681,-1.261,1.035,-36.505,5.779,59,41,0,1,"",-346.893,353.79,-21.035,-0.963,-18.812,6,"=","=","=","=","=","=","=","=","=",5,R,"カズティー",175.4,84.645,0.33,,56,W,Y,0,,,,,,,,,,,,,,,,,,,,,,,,,,,,,0,0,,,,,,,,,,,,3785.22,,3776.448,,,,,,,,,,,,,,,,,,,,,,,,0.032,-37.541,-0.018,-17.401,-20.035,-42.587,-11.194,-57.481,18.908,-45.716,11.045,-62.083,41.471,-92.853,-0.181,-106.746,-43.051,-91.415,,,,"",,,,"",,,,"",,,,"",,,,"",,,,"",,,,"",,,,"",,,,3777.616,-0.139,-37.727,,,,,,,,,,,,,,,,,,,,,,,,,,,,,,,,,,,,,,,,,,,,,,,,,,,,"",0,,,,,,,,,,,,,0,"",,3776.053,,0,""
105,,3,0,2,2,1,2,2,1,0,1,14,255,13,49,3788.757,"Metalu",R,28,55,111,3.549,3.821,0.312,2.29,1.408,3.703,-36.505,81.263,85,15,0,1,"",71.661,-99.248,-2.291,0,0,6,"=","=","=","=","=","=","=","=","=",5,R,"カズティー",175.4,84.645,0.33,,56,W,Y,0,,,,,,,,,,,,,,,,,,,,,,,,,,,,,0,0,,,,,,,,,,,,3813.706,,3789.171,,,,,,,,,,,,,,,,,,,,,,,,-0.029,-37.558,0.082,-17.391,-20.035,-43.847,-10.699,-56.591,20.128,-45.176,11.093,-61.718,41.493,-94.626,-0.161,-106.769,-43.033,-91.499,,,,"",,,,"",,,,"",,,,"",,,,"",,,,"",,,,"",,,,"",,,,3794.612,0.05,-38.435,,,,,,,,,,,,,,,,,,,,,,,,,,,,,,,,,,,,,,,,,,,,,,,,,,,,"",0,,,,,,,,,,,,,0,"",,3791.138,,0,""
106,,3,0,2,2,2,2,2,1,0,1,14,255,13,50,3820.795,"Metalu",R,0,53,96,-0.625,0.385,0.191,1.975,-0.278,1.838,-36.505,33.759,94,6,0,2,"",0,0,-11.087,0,0,6,"=","=","=","=","=","=","=","=","=",5,R,"カズティー",175.4,84.645,0.33,5,56,W,Y,1,3821.987,216,139,105,105,73,,145,103,25.773,-5.987,-0.109,1.104,-20.758,0.93,0,0.873,518.653,266.737,140.891,,,,3826.212,7,3.943,2.717,-107.818,0,0,,3827.66,,,,3827.059,,,,,3828.251,,,3822.572,3827.251,6,,456,0,,,,,,,,,,,,,,,,,,,0.085,-38.048,0.064,-17.076,-19.958,-44.545,-10.744,-56.971,20.2,-45.705,11.532,-61.539,41.136,-94.728,-0.014,-107.35,-43.026,-91.472,-0.416,-37.034,,"kneesohime",0.059,-17.072,,"にゃんこ65K",-19.589,-45.503,,"vovopo 보보포",-10.712,-56.863,,"?fredo?",19.992,-47.089,,"CoalCat",11.579,-61.496,,"あくせる",40.954,-94.454,,"Roscosmos",-0.014,-107.35,,"Espressο",-42.966,-91.512,,,,,,,,,,,,,,,,,,,,,,,3827.262,4.049,-108.559,,,,,,,,,,,,,,,,,,,,,,,,,,,,,,,"",1,-4.896,-4.896,-1.669,0,2,0.248,88.44,33.942,-4.058,84.971,0.067,-10.576,0,"Roscosmos",3827.059,3820.871,3828.251,256,""
107,SIDE,3,0,2,2,0,0,2,1,0,1,14,255,13,,3829.447,,,,,,,,,,,,,,,,,,,,,,,,7,"=","=","=","=","=","=","=","=","=",,,,,,,,,,,,,,,,,,,,,,,,,,,,,,,,,,,,,,,0,0,,,,,,,,,,,,,,,,,,,,,,,,,,,,,,,,,,,,,,,,,,,,,,,,,,,,,,,,,,,,,,,,,,,,,,,,,,,,,,,,,,,,,,,,,,,,,,,,,,,,,,,,,,,,,,,,,,,,,,,,,,,,,,,,,,,,,,,,,,,,,,,,,"",0,,,,,,,,,,,,,0,"",,,,0,""
108,,4,1,2,2,0,0,0,0,0,0,255,255,255,52,3880.708,"siesta_aves",R,36,82,134,1.858,-0.209,0.443,0.988,0.667,1.614,-36.336,21.998,6,59,35,2,"",92.89,113.21,-2.777,0,0,3,"アリアル","?fredo?","kneesohime","にゃんこ65K","あくせる","CoalCat","Espressο","vovopo 보보포","Roscosmos",2,R,"にゃんこ65K",190,91.275,0.596,5,56,W,Y,1,3881.831,218,112,174,83,32,,145,111,107.564,-33.995,0.344,0.926,-20.039,0.05,0,0.465,234.683,430.007,240.603,,,,,,,,,0,0,,,,,,,,,,,,,,,,,,,,,,,,,,,,,,,,,,,,,,0.265,-37.15,0.293,-17.019,-22.288,-47.962,-11.138,-65.045,17.867,-47.15,11.439,-63.921,42.641,-96.211,-4.634,-117.147,-47.944,-96.44,0.365,-37.538,,"P0TA0",0.281,-17.089,,"ʚEveɞ",-22.496,-48.037,,"白霜らいふ",-11.128,-65.031,,"인생최패망자",17.661,-46.888,,"カズティー",11.432,-63.889,,"IbikiKai_JP",42.459,-96.266,,"sano jpn",-4.949,-117.335,,"あおいぬ",-47.971,-96.447,,,,,,,,,,,,,,,,,,,,,,,,,,,,,,,,,,,,,,,,,,,,,,,,,,,,,,,,"",3,-33.99,-33.99,2.19,0,0,1,72.436,72.436,20.381,72.436,0,-48.665,0,"",,,,0,""
109,,4,1,2,2,0,1,0,0,0,0,255,255,255,53,3910.5,"siesta_aves",R,37,77,128,2.108,0.442,0.492,1.108,0.894,2.005,-36.336,18.227,4,51,45,1,"",6.122,92.485,-2.07,0,0,3,"=","=","=","=","=","=","=","=","=",2,R,"にゃんこ65K",190,91.275,0.596,,56,W,Y,0,,,,,,,,,,,,,,,,,,,,,,,,,,,,,0,0,,,,,,,,,,,,,,,,,,,,,,,,,,,,,,,,,,,,,,0.355,-37.232,0.257,-17.05,-21.913,-47.3,-11.694,-65.187,17.846,-47.147,11.787,-64.505,43.304,-95.538,-4.68,-118.2,-47.372,-97.645,,,,"",,,,"",,,,"",,,,"",,,,"",,,,"",,,,"",,,,"",,,,,,,,,,,,,,,,,,,,,,,,,,,,,,,,,,,,,,,,,,,,,,,,,,,,,,,,,,"",0,,,,,,,,,,,,,0,"",,,,0,""
110,,4,1,2,2,1,1,0,0,0,0,255,255,255,54,3931.731,"siesta_aves",R,34,84,137,2.272,-0.411,0.482,0.935,0.85,1.443,-36.336,20.461,10,73,17,2,"",92.568,68.072,-1.781,0,0,3,"=","=","=","=","=","=","=","=","=",2,R,"にゃんこ65K",190,91.275,0.596,0,56,W,Y,1,3932.85,190,99,135,83,0,,145,92,54.183,-6.359,0.41,0.79,-19.677,-1,0,0.257,-93.035,150.831,9.698,3937.412,4.344,-77.905,3937.562,5,4.297,2.909,-76.346,0,0,,3939.466,,,,,,,,,,,,,3938.653,3,,454,0,,,,,,,,,,,,,,,,,,,0.29,-37.137,0.228,-17.169,-21.948,-46.823,-10.968,-65.187,17.888,-47.177,11.773,-64.469,43.213,-95.553,-4.518,-118.178,-47.711,-97.552,0.453,-37.449,,"P0TA0",0.222,-17.173,,"ʚEveɞ",-21.923,-46.798,,"白霜らいふ",-10.966,-65.183,,"인생최패망자",17.675,-46.892,,"カズティー",11.747,-64.444,78,"IbikiKai_JP",43.091,-95.598,,"sano jpn",-4.515,-118.18,,"あおいぬ",-47.638,-97.531,,3941.438,1.067,-54.545,,,,,,,,,,,,,3938.66,4.31,-77.026,,,,,,,,,,,,,,,,,,,,,,,,,3940.297,3.872,-71.544,,,,,,,,,,"",1,,,,,,,,,,,,,0,"カズティー",,,,64,""
111,,4,1,2,2,0,0,1,0,0,0,255,255,255,55,3962.093,"siesta_aves",R,16,76,122,1.182,-0.138,0.467,0.841,0.5,1.351,-36.336,28.246,6,12,82,2,"",0,-208.264,-5.833,0,0,4,"=","=","=","=","=","=","=","=","=",6,R,"あくせる",190,89.801,0.65,3,56,W,Y,1,3963.243,255,144,205,124,60,,145,94,90.661,-88.877,0.212,0.962,-20.042,-0.65,0,0.274,536.659,125.787,237.012,,,,,,,,,0,0,,,,,,,,,,,,,,,,,,,,,,,,,,,,,,,,,,,,,,0.337,-37.116,0.364,-16.946,-22.547,-47.225,-11.1,-64.542,17.438,-46.261,11.914,-63.036,42.511,-90.89,-8.357,-118.97,-45.524,-93.612,0.265,-37.708,,"P0TA0",0.338,-17.106,,"ʚEveɞ",-22.233,-47.202,,"白霜らいふ",-11.114,-64.541,,"인생최패망자",17.757,-46.354,,"カズティー",11.904,-63.058,,"IbikiKai_JP",42.451,-91.007,,"sano jpn",-8.363,-118.972,,"あおいぬ",-45.323,-93.889,,,,,,,,,,,,,,,,,,,,,,,,,,,,,,,,,,,,,,,,,,,,,,,,,,,,,,,,"",3,,,,,,,,,,,,,0,"",,,,0,""
112,,4,1,2,2,0,1,1,0,0,0,255,255,255,56,3981.548,"siesta_aves",R,36,73,124,-1.019,0.83,0.231,1.274,-0.501,2.284,-36.336,11.64,2,64,34,2,"",32.564,128.333,-7.688,0,0,4,"=","=","=","=","=","=","=","=","=",6,R,"あくせる",190,89.801,0.65,3,56,W,Y,1,3982.673,255,89,122,68,33,,145,101,112.798,-66.62,-0.209,1.303,-19.574,-0.3,0,0.369,392.407,349.6,-219.367,,,,,,,,,0,0,,,,,,,,,,,,,,,,,,,,,,,,,,,,,,,,,,,,,,0.234,-37.182,-0.108,-16.949,-22.546,-47.362,-11.373,-65.35,18.117,-47.279,12.188,-64.288,40.823,-90.955,-8.616,-118.994,-46.2,-94.17,0.145,-37.795,,"P0TA0",-0.211,-17,,"ʚEveɞ",-22.44,-47.327,,"白霜らいふ",-13.619,-64.585,,"인생최패망자",18.443,-47.705,,"カズティー",12.19,-64.285,,"IbikiKai_JP",40.77,-91.001,,"sano jpn",-8.617,-118.986,,"あおいぬ",-47.002,-90.999,,,,,,,,,,,,,,,,,,,,,,,,,,,,,,,,,,,,,,,,,,,,,,,,,,,,,,,,"",3,,,,,,,,,,,,,0,"",,,,0,""
113,,4,1,2,2,0,2,1,0,0,0,255,255,255,57,3999.703,"siesta_aves",R,3,63,95,-3.255,-0.382,0.349,0.83,-0.678,1.429,-36.336,43.461,0,14,86,1,"",-344.545,0,6.015,0,0,4,"=","=","=","=","=","=","=","=","=",6,R,"あくせる",190,89.801,0.65,,56,W,Y,0,,,,,,,,,,,,,,,,,,,,,,,,,,,,,0,0,,,,,,,,,,,,,,,,,,,,,,,,,,,,,,,,,,,,,,0.085,-37.256,-0.396,-16.92,-22.958,-48.079,-12.261,-64.77,18.805,-47.998,12.144,-64.341,39.458,-90.674,-8.703,-119.086,-45.676,-96.031,,,,"",,,,"",,,,"",,,,"",,,,"",,,,"",,,,"",,,,"",,,,,,,,,,,,,,,,,,,,,,,,,,,,,,,,,,,,,,,,,,,,,,,,,,,,,,,,,,"",0,,,,,,,,,,,,,0,"",,,,0,""
114,,4,1,2,2,1,2,1,0,0,0,255,255,255,58,4019.164,"siesta_aves",R,15,81,108,0.694,2.03,0.445,1.247,0.289,2.493,-36.336,11.761,2,50,49,2,"",0,-400,-4.118,0,0,4,"=","=","=","=","=","=","=","=","=",6,R,"あくせる",190,89.801,0.65,3,56,W,Y,1,4020.392,255,55,104,60,34,,145,130,25.163,38.605,0.105,1.802,-19.264,0.62,0,0.476,-284.153,-402.437,121.764,4023.646,-60.005,-110.93,4025.679,8,-50.541,0.055,-111.184,1,0,,4026.291,,,,,,,,,,,,,,,,,,,,,,,,,,,,,,,,,,,,0.349,-37.275,0.31,-17.062,-22.643,-48.199,-11.625,-65.01,18.887,-47.873,12.189,-64.332,39.497,-90.683,-8.955,-119.147,-45.263,-93.755,0.307,-37.808,,"P0TA0",0.258,-17.1,,"ʚEveɞ",-22.565,-48.2,,"白霜らいふ",-11.613,-64.975,,"인생최패망자",18.538,-47.444,,"カズティー",12.202,-64.31,77,"IbikiKai_JP",39.456,-90.701,,"sano jpn",-8.948,-119.126,,"あおいぬ",-44.468,-94.498,93,4036.286,2.514,-41.693,,,,,,,,,,,,,4031.507,0.827,-59.777,,,,,,,4026.854,-49.893,-110.96,,,,,,,,,,,,,,,,4035.133,0.127,-59.128,,,,,,,4027.828,-45.657,-108.992,"",2,,,,,,,,,,,,,0,"あおいぬ",,,,320,""
115,,4,1,2,2,0,0,1,1,0,0,6,255,255,59,4055.793,"siesta_aves",R,3,84,123,-3.878,-0.003,0.179,1.026,-0.92,1.624,-36.336,17.342,0,57,43,4,"",-500,0,14.823,0,0,5,"=","=","=","=","=","=","=","=","=",5,R,"CoalCat",175,82.838,0.435,,56,W,Y,1,,,,,,,,,,,,,,,,,,,,,,,,,,,,,0,0,,,,,,,,,,,,4060.9,,,,,,,,,,,,,,,,,,,,,,,,,,0.072,-37.069,-0.208,-17.066,-19.845,-41.611,-11.312,-59.652,16.257,-44.363,10.764,-62.695,27.794,-91.616,-9.574,-113.463,-45.544,-93.53,,,,"",,,,"",,,,"",,,,"",,,,"",,,,"",,,,"",,,,"",,,,4060.672,-0.339,-37.546,,,,,,,,,,,,,,,,,,,,,,,,,,,,,,,,,,,,,,,,,,,,,,,,,,,,"",0,,,,,,,,,,,,,0,"",,,,0,""
116,,4,1,2,2,0,1,1,1,0,0,6,255,255,60,4070.707,"siesta_aves",R,3,85,125,-3.929,-0.071,0.19,0.962,-1.061,1.587,-36.336,29.371,5,7,88,4,"",-433.228,0,5.436,0,0,5,"=","=","=","=","=","=","=","=","=",5,R,"CoalCat",175,82.838,0.435,,56,W,Y,1,,,,,,,,,,,,,,,,,,,,,,,,,,,,,0,0,,,,,,,,,,,,4081.625,,,,,,,,,,,,,,,,,,4074.505,2,,,,,,,0.049,-37.251,-0.203,-16.975,-20.201,-41.445,-11.434,-60.639,16.373,-44.573,10.873,-63.617,28.722,-91.431,-6.883,-113.53,-46.321,-94.389,,,,"",,,,"",,,,"",,,,"",,,,"",,,,"",,,,"",,,,"",,,,4077.433,-1.052,-39.025,,,,,,,,,,,,,,,,,,,,,,,,,,,,,,,,,,,,,,,,,,,,,,,,,,,,"",0,,,,,,,,,,,,,0,"",,,,0,""
117,,4,1,2,2,0,2,1,1,0,0,6,255,255,61,4090.429,"siesta_aves",R,37,77,128,0.248,1.716,0.38,1.15,0.098,2.735,-36.336,21.045,0,48,52,2,"",-1.224,99.746,-0.6,0,0,5,"=","=","=","=","=","=","=","=","=",5,R,"CoalCat",175,82.838,0.435,5,56,W,Y,1,4091.561,95,37,60,52,38,,129,119,104.439,63.007,0.039,1.488,-20.109,0.68,0,0.315,69.771,170.91,127.202,,,,,,,,,0,0,,,,,,,,,,,,4113.494,,,,,,,,,,,,,,,,,,,,,,,,,,0.218,-37.3,0.22,-16.91,-20.111,-41.014,-12.438,-61.439,16.597,-44.314,11.098,-63.446,28.694,-91.431,-6.952,-113.462,-44.233,-92.997,0.276,-37.19,,"P0TA0",0.224,-16.928,,"ʚEveɞ",-18.825,-45.715,,"白霜らいふ",-12.439,-61.452,,"인생최패망자",16.384,-44.077,,"カズティー",11.123,-63.409,,"IbikiKai_JP",28.682,-91.417,,"sano jpn",-6.947,-113.46,,"あおいぬ",-41.55,-91.288,,,,,,,,,,,,,,,,,,,,,,,,,,,,,,,,,,,,,,,,,,,,,,,,,,,,,,,,"",3,106.946,63.727,24.23,1,1,0.642,81.694,75.561,6.28,69.749,0.031,-169.336,0,"",,,,0,""
118,,4,1,2,2,0,2,1,1,0,0,6,255,255,62,4114.121,"siesta_aves",R,3,76,105,-3.369,-0.6,0.196,0.853,-0.741,1.307,-36.336,31.388,0,12,88,4,"",-384.589,0,2.213,0,0,5,"=","=","=","=","=","=","=","=","=",5,R,"CoalCat",175,82.838,0.435,,36,W,Y,1,,,,,,,,,,,,,,,,,,,,,,,,,,,,,0,32,,,,,,,,,,,,4141.139,,,4116.933,5,,578,0,,,,,,,,,,,,,,,,,4116.747,1,0.126,-37.352,-0.204,-16.932,-19.48,-41.751,-11.292,-62.573,16.862,-45.028,10.751,-62.646,28.985,-90.535,-6.416,-113.747,-45.25,-92.639,,,,"",,,,"",,,,"",,,,"",,,,"",,,,"",,,,"",,,,"",,,,,,,,,,,,,,,,,,,,,,,,,,,,,,,,,,,,,,,,,,,,,,,,,,,,,,,,,,"",0,,,,,,,,,,,,,0,"",,,,0,""
119,,4,1,2,2,0,0,2,1,0,0,6,255,255,63,4141.493,"siesta_aves",R,15,76,117,-1.652,1.702,0.189,1.035,-0.725,2.2,-36.336,13.834,2,44,54,1,"",0,-391.769,-3.595,0,0,6,"=","=","=","=","=","=","=","=","=",8,R,"Espressο",174.7,95.125,0.297,,56,W,Y,0,,,,,,,,,,,,,,,,,,,,,,,,,,,,,0,0,,,,,,,,,,,,4158.08,,,,,,,,,,,,,,,,,,,,,,,,,,0.129,-38.128,0.059,-16.972,-20.503,-41.564,-13.016,-61.05,16.707,-44.844,11.235,-63.308,37.473,-92.345,0.892,-113.28,-46.657,-91.559,,,,"",,,,"",,,,"",,,,"",,,,"",,,,"",,,,"",,,,"",,,,,,,,,,,,,,,,,,,,,,,,,,,,,,,,,,,,,,,,,,,,,,,,,,,,,,,,,,"",0,,,,,,,,,,,,,0,"",,,,0,""
120,,4,1,2,2,1,0,2,1,0,0,6,255,255,64,4158.575,"siesta_aves",R,3,81,121,-3.928,-0.094,0.254,0.968,-1.129,1.574,-36.336,20.502,5,49,46,1,"",-372.53,0,5.896,0,0,6,"=","=","=","=","=","=","=","=","=",8,R,"Espressο",174.7,95.125,0.297,,56,W,Y,0,,,,,,,,,,,,,,,,,,,,,,,,,,,,,0,0,,,,,,,,,,,,4177.874,,,,,,,,,,,,,,,,,,,,,,,,,,0.225,-37.323,-0.049,-16.869,-20.313,-41.599,-13.521,-61.213,17.529,-46.159,11.87,-63.757,37.388,-92.415,-0.155,-113.401,-46.635,-94.258,,,,"",,,,"",,,,"",,,,"",,,,"",,,,"",,,,"",,,,"",,,,,,,,,,,,,,,,,,,,,,,,,,,,,,,,,,,,,,,,,,,,,,,,,,,,,,,,,,"",0,,,,,,,,,,,,,0,"",,,,0,""
121,,4,1,2,2,2,0,2,1,0,0,6,255,255,65,4178.38,"siesta_aves",R,36,78,128,-0.848,-0.235,0.246,0.991,-0.247,1.623,-36.336,20.189,5,44,51,2,"",-88.539,116.877,-7.23,0,0,6,"=","=","=","=","=","=","=","=","=",8,R,"Espressο",174.7,95.125,0.297,5,56,W,Y,1,4179.338,161,85,118,63,41,,145,129,13.538,56.498,-0.183,0.823,-19.613,0.6,0,0.314,360.669,249.785,-238.951,4182.829,-100.988,-78.899,,,,,,0,0,,,,,,,,,,,,4186.112,,,,,,,,,,,,,,,,,,,,,,,,,,0.214,-37.228,-0.099,-16.905,-19.937,-41.222,-12.195,-62.185,17.557,-46.188,11.686,-63.367,37.426,-92.339,-0.168,-113.385,-44.905,-93.667,0.309,-37.444,,"P0TA0",-0.099,-16.925,,"ʚEveɞ",-19.473,-45.116,,"白霜らいふ",-12.202,-62.175,,"인생최패망자",17.334,-45.93,,"カズティー",11.672,-63.314,,"IbikiKai_JP",37.432,-92.35,,"sano jpn",-0.168,-113.39,,"あおいぬ",-44.903,-93.667,,,,,,,,,,,,,,,,,,,,,,,,,,,,,,,,,,,,,,,,,,,,,,,,,,,,,,,,"",3,58.285,58.285,19.134,0,1,0.89,23.187,13.538,5.847,83.6,0.022,71.035,0,"",,,,0,""
122,,4,1,2,2,2,1,2,1,0,0,6,255,255,66,4218.384,"siesta_aves",R,3,75,107,-2.925,0.106,0.115,0.987,-0.8,1.709,-36.336,25.457,0,55,45,4,"",-257.332,0,4.313,0,0,6,"=","=","=","=","=","=","=","=","=",8,R,"Espressο",174.7,95.125,0.297,,56,W,Y,1,,,,,,,,,,,,,,,,,,,,,,,,,,,,,0,0,,,,,,,,,,,,4238.38,,,,,,,,,,,,,,,,,,,,,,,,,,0.02,-37.202,-0.162,-16.738,-20.052,-41.259,-13.826,-61.808,17.37,-46.152,11.322,-63.701,39.654,-93.975,-2.594,-116.26,-46.771,-94.924,,,,"",,,,"",,,,"",,,,"",,,,"",,,,"",,,,"",,,,"",,,,,,,,,,,,,,,,,,,,,,,,,,,,,,,,,,,,,,,,,,,,,,,,,,,,,,,,,,"",0,,,,,,,,,,,,,0,"",,,,0,""
123,,4,1,2,2,2,2,2,1,0,0,6,255,255,67,4240.339,"siesta_aves",R,3,84,124,-2.377,-0.809,0.305,0.835,-0.385,1.153,-36.336,34.372,7,11,81,2,"",-430.87,-9.747,3.037,0,0,6,"=","=","=","=","=","=","=","=","=",8,R,"Espressο",174.7,95.125,0.297,0,56,W,Y,1,4241.324,100,126,50,74,49,,130,78,27.001,57.266,-0.606,0.713,-19.599,1,0,0.237,188.735,374.414,-26.387,4242.996,-41.886,-43.26,,,,,,0,0,,,,,,,,,,,,4264.094,,,,,,,,,,,,,,,,,,,,,,,,,,0.145,-37.325,-0.083,-16.846,-19.903,-41.126,-13.614,-61.847,17.709,-46.931,11.267,-64.007,39.693,-94.125,-2.669,-116.222,-48.41,-95.068,-0.021,-37.437,,"P0TA0",-0.206,-16.878,,"ʚEveɞ",-20.16,-44.513,,"白霜らいふ",-13.587,-61.805,,"인생최패망자",17.358,-46.515,,"カズティー",9.856,-63.93,,"IbikiKai_JP",39.695,-94.129,,"sano jpn",-3.552,-116.26,,"あおいぬ",-48.356,-92.197,,,,,,,,,,,,,,,,,,,,,,,,,,,,,,,,,,,,,,,,,,,,,,,,,,,,,,,,"",3,,,,,,,,,,,,,0,"",,,,0,""
124,,4,1,2,2,2,2,2,1,0,0,6,255,255,68,4264.83,"siesta_aves",R,0,75,126,1.552,1.063,0.476,1.053,0.662,2.244,-36.336,20.766,2,53,45,2,"",0,0,-0.57,0,0,6,"=","=","=","=","=","=","=","=","=",8,R,"Espressο",174.7,95.125,0.297,5,56,W,Y,1,4265.826,126,78,64,51,35,,137,79,60.303,21.925,0.28,1.27,-19.815,-1,0,0.225,349.179,81.889,-462.195,4270.346,-12.788,-56.4,4270.446,3,-12.309,2.998,-55.29,0,0,,4271.392,,,,4270.824,,,,,,,,,4271.636,6,,452,0,,,,,,,,,,,,,,,,,,,0.335,-37.317,0.366,-16.879,-20.171,-41.538,-13.436,-63.681,18.109,-46.525,11.112,-62.576,38.661,-95.19,-4.085,-117.53,-47.111,-99.553,0.357,-37.149,,"P0TA0",0.245,-16.929,,"ʚEveɞ",-19.219,-45.16,,"白霜らいふ",-13.431,-63.641,,"인생최패망자",17.763,-46.614,,"カズティー",11.082,-62.511,,"IbikiKai_JP",38.451,-95.26,,"sano jpn",-3.89,-116.821,,"あおいぬ",-46.837,-99.324,,,,,,,,,,,4271.652,-12.51,-55.685,,,,,,,,,,,,,,,,,,,,,,,,,,,,,,,,,,,,,,,,,,,"",1,22.607,22.607,13.953,0,0,1,60.303,60.303,30.823,60.303,0,19.963,0,"白霜らいふ",4270.824,,,16,""
125,SIDE,4,1,2,2,0,0,2,1,0,0,6,255,255,,4273.971,,,,,,,,,,,,,,,,,,,,,,,,7,"=","=","=","=","=","=","=","=","=",,,,,,,,,,,,,,,,,,,,,,,,,,,,,,,,,,,,,,,0,0,,,,,,,,,,,,,,,,,,,,,,,,,,,,,,,,,,,,,,,,,,,,,,,,,,,,,,,,,,,,,,,,,,,,,,,,,,,,,,,,,,,,,,,,,,,,,,,,,,,,,,,,,,,,,,,,,,,,,,,,,,,,,,,,,,,,,,,,,,,,,,,,,"",0,,,,,,,,,,,,,0,"",,,,0,""
126,,4,0,2,2,0,0,0,0,0,0,255,255,255,51,4326.477,"Metalu",R,13,72,111,-1.96,-1.276,0.233,1.812,-0.215,1.4,-36.505,22.788,100,0,0,2,"",-359.583,347.419,-46.439,0,0,7,"sano jpn","NABIMan","ʚEveɞ","P0TA0","白霜らいふ","인생최패망자","カズティー","IbikiKai_JP","あおいぬ",6,L,"IbikiKai_JP",166.1,85.479,0.4,3,37,W,Y,1,4327.654,255,140,22,72,63,,87,63,-40.783,-50.019,-0.325,0.592,-20.854,-1,0,0.861,201.863,465.114,166.247,4326.512,0.402,-21.467,4335.479,4,37.473,0.058,-50.583,0,0,,4332.636,,,,,,,,,,,,,,,,,,,,,,,,,,,,,,,,,,,,-0.031,-37.603,0.005,-17.192,-21.374,-48.855,-10.289,-60.354,21.662,-49.19,13.446,-61.862,42.573,-93.799,0.219,-109.706,-43.374,-94.124,-0.099,-36.792,,"kneesohime",-0.023,-17.229,,"にゃんこ65K",-21.367,-48.818,,"vovopo 보보포",-10.269,-60.35,,"?fredo?",20.128,-47.077,100,"CoalCat",13.425,-61.856,,"あくせる",42.535,-93.547,,"Roscosmos",0.223,-109.697,,"Espressο",-43.512,-93.934,,4340.209,-0.458,-40.789,,,,,,,,,,4336.465,37.197,-50.478,,,,,,,,,,,,,,,,,,,,,,,,,4338.561,29.573,-48.812,,,,,,,,,,,,,"",3,,,,,,,,,,,,,0,"?fredo?",,,,2,""
127,,4,0,2,2,0,1,0,0,0,0,255,255,255,52,4356.986,"Metalu",R,27,88,140,-0.139,0.812,0.194,1.834,-0.119,1.93,-36.505,24.177,92,8,0,2,"",38.789,-109.491,-4.162,0,0,7,"=","=","=","=","=","=","=","=","=",6,L,"IbikiKai_JP",166.1,85.479,0.4,5,37,W,Y,1,4358.115,121,82,53,49,30,,133,91,41.13,-34.796,-0.033,1.085,-19.761,-0.1,0,0.29,258.179,-120.911,296.821,,,,4362.462,6,38.799,3.192,-73.613,0,0,,4363.03,,,,,,,,,,,,,4363.629,7,,455,0,,,,,,,,,,,,,,,,,,,-0.022,-37.561,-0.021,-17.223,-20.56,-47.912,-8.696,-59.669,20.418,-47.176,13.749,-61.892,43.49,-91.065,0.196,-106.663,-44.265,-95.156,-0.27,-36.953,,"kneesohime",-0.037,-17.219,,"にゃんこ65K",-20.489,-47.867,,"vovopo 보보포",-9.002,-59.542,,"?fredo?",19.068,-45.973,,"CoalCat",13.488,-61.862,,"あくせる",43.244,-91.237,118,"Roscosmos",0.2,-106.648,,"Espressο",-44.161,-95.236,,4367.97,-0.313,-39.227,,,,,,,,,,,,,,,,4363.639,39.005,-74.047,,,,,,,,,,,,,,,,,,,,,,,,,4366.246,29.963,-68.189,,,,,,,"",1,-34.117,-34.117,-7.504,0,2,0.157,88.963,41.13,3.13,86.027,0.068,-97.072,0,"あくせる",,,,16,""
128,,4,0,2,2,0,0,1,0,0,0,255,255,255,53,4386.134,"Metalu",R,27,94,140,-0.748,-1.334,0.096,1.542,-0.576,0.885,-36.505,18.741,58,42,0,2,"",0.841,-140.863,-4.893,0,0,8,"=","=","=","=","=","=","=","=","=",8,R,"あおいぬ",174,89.739,0.43,0,49,W,Y,1,4387.288,210,89,60,74,29,,138,121,32.894,37.647,-0.25,0.584,-20.092,0.74,0,0.382,380.544,442.461,139.337,4391.329,-72.262,-93.559,4392.596,8,-68.586,0.297,-90.69,1,0,,4392.898,4397.326,,,,,,,,,,,,,,,,,,,,,,,,,,,,,4398.481,5,,,,,-0.204,-37.291,-0.006,-17.263,-21.546,-48.396,-13.211,-60.887,21.388,-47.606,11.374,-63.012,40.205,-92.476,0.032,-105.712,-41.46,-88.051,-0.092,-36.834,,"kneesohime",-0.02,-17.279,,"にゃんこ65K",-21.366,-48.38,,"vovopo 보보포",-13.207,-60.885,,"?fredo?",20.616,-47.894,,"CoalCat",11.364,-63.018,75,"あくせる",39.807,-92.217,,"Roscosmos",0.016,-104.584,,"Espressο",-41.471,-87.992,113,4401.942,0.197,-38.461,,,,,,,,,,,,,4397.913,-1.147,-58.844,,,,,,,4393.816,-67.272,-89.893,,,,,,,,,,,,,,,,4400.62,0.26,-57.898,,,,,,,4394.998,-64.037,-85.187,"",2,,,,,,,,,,,,,0,"Espressο",4397.326,,,96,""
129,,4,0,2,2,0,0,1,0,1,0,255,18,255,54,4420.702,"Metalu",R,13,69,109,0.643,-0.888,0.46,1.912,0.958,1.61,-36.505,36.514,97,3,0,0,"",-363.69,339.546,-34.407,-0.145,-17.389,0,"=","=","=","=","=","=","=","=","=",7,R,"sano jpn",170,87.118,0.631,,56,W,Y,0,,,,,,,,,,,,,,,,,,,,,,,,,,,,,0,0,,,,,,,,,,,,,4433.505,,,,,,,,,,,,,,,,,,,,,,,,,0.108,-37.859,0.041,-17.237,-20.226,-45.97,-10.616,-57.051,20.165,-47.055,4.185,-60.591,38.617,-93.157,0.156,-106.995,-43.485,-93.851,,,,"",,,,"",,,,"",,,,"",,,,"",,,,"",,,,"",,,,"",,,,4425.694,-0.165,-37.541,,,,,,,,,,,,,,,,,,,,,,,,,,,,,,,,,,,,,,,,,,,,,,,,,,,,"",0,,,,,,,,,,,,,0,"",4424.106,,,0,""
130,,4,0,2,2,0,1,1,0,1,0,255,18,255,55,4434.028,"Metalu",R,13,65,107,-3.892,-1.773,0.055,1.666,-0.955,1.095,-36.505,9.638,59,41,0,1,"",-379.786,312.348,-39.629,-0.915,-18.733,0,"=","=","=","=","=","=","=","=","=",7,R,"sano jpn",170,87.118,0.631,,56,W,Y,0,,,,,,,,,,,,,,,,,,,,,,,,,,,,,0,0,,,,,,,,,,,,,,,,,,,,,,,,,,,,,,,,,,,,,,-0.014,-37.56,-0.016,-17.044,-20.271,-45.207,-10.62,-57.055,20.828,-48.179,5.892,-61.2,38.569,-93.096,-0.376,-107.147,-46.332,-93.532,,,,"",,,,"",,,,"",,,,"",,,,"",,,,"",,,,"",,,,"",,,,4438.714,-0.443,-37.69,,,,,,,,,,,,,,,,,,,,,,,,,,,,,,,,,,,,,,,,,,,,,,,,,,,,"",0,,,,,,,,,,,,,0,"",4437.126,,,0,""
131,,4,0,2,2,1,1,1,0,1,0,255,18,255,56,4448.449,"Metalu",R,27,84,137,1.782,0.857,0.344,1.941,0.691,1.962,-36.505,34.947,95,5,0,2,"",54.277,-109.388,-5.868,0,0,0,"=","=","=","=","=","=","=","=","=",7,R,"sano jpn",170,87.118,0.631,0,56,W,Y,1,4449.534,107,117,78,54,33,,135,95,29.148,50.342,0.17,1.194,-19.484,0.95,0.238,0.384,-2.892,466.396,-180.678,4452.512,-63.218,-62.842,,,,,,0,0,,,,,,,,,,,,,4448.642,,,,,,,,,,,,,,,,,,,,,,,,,0.079,-37.713,0.029,-17.328,-20.016,-45.407,-10.616,-57.059,20.908,-48.582,6.443,-61.707,38.529,-93.031,-0.189,-107.291,-46.769,-91.993,0.212,-36.875,,"kneesohime",0.033,-17.304,,"にゃんこ65K",-19.983,-45.345,,"vovopo 보보포",-10.621,-57.043,,"?fredo?",19.398,-48.092,,"CoalCat",10.589,-60.719,,"あくせる",38.498,-92.981,,"Roscosmos",-0.203,-107.319,,"Espressο",-46.777,-92.019,,,,,,,,,,,,,,,,,,,,,,,,,,,,,,,,,,,,,,,,,,,,,,,,,,,,,,,,"",3,,,,,,,,,,,,,0,"",4455.705,,,0,""
132,,4,0,2,2,1,2,1,0,1,0,255,18,255,57,4469.676,"Metalu",R,10,65,109,0.219,-2.807,0.33,1.587,0.086,0.474,-36.505,15.596,58,42,0,1,"",0,400,-37.072,0.048,-20.87,0,"=","=","=","=","=","=","=","=","=",7,R,"sano jpn",170,87.118,0.631,,68,W,Y,0,,,,,,,,,,,,,,,,,,,,,,,,,,,,,0,0,,,,,,,,,,,,,,,,,,,,,,,,,,,,,,,,,,,,,,0.133,-37.662,0.028,-17.291,-19.67,-44.542,-8.95,-56.065,21.167,-47.993,7.268,-61.593,37.595,-93.169,-0.217,-107.851,-43.526,-94.555,,,,"",,,,"",,,,"",,,,"",,,,"",,,,"",,,,"",,,,"",,,,,,,,,,,,,,,,,,,,,,,,,,,,,,,,,,,,,,,,,,,,,,,,,,,,,,,,,,"",0,,,,,,,,,,,,,0,"",4472.561,,,0,""
133,,4,0,2,2,2,2,1,0,1,0,255,18,255,58,4488.411,"Metalu",R,13,61,104,-1.96,0.026,0.228,2.045,-0.171,2.143,-36.505,39.345,97,3,0,2,"",-348.878,337.395,-21.067,0,0,0,"=","=","=","=","=","=","=","=","=",7,R,"sano jpn",170,87.118,0.631,5,68,W,Y,1,4489.626,136,63,121,82,40,,142,109,22.143,16.453,-0.389,0.866,-20.072,0.84,0.19,0.337,354.641,277.975,-38.69,4493.412,-33.595,-111.641,4496.096,8,-37.648,0.054,-121.845,1,0,,4494.281,4498.754,,,,,,4496.109,4500.948,,,4488.497,,,,,,,,,,,,,,,,,,,4502.183,5,,,,,0.062,-38.145,0.038,-17.274,-19.993,-44.916,-8.947,-56.07,21.62,-49.156,5.9,-61.423,37.795,-93.452,0.008,-107.886,-45.749,-95.355,-0.225,-37.084,,"kneesohime",-0.015,-17.283,,"にゃんこ65K",-19.984,-44.998,,"vovopo 보보포",-8.929,-56.093,,"?fredo?",21.187,-48.589,,"CoalCat",6.015,-61.338,81,"あくせる",37.756,-93.351,,"Roscosmos",0,-107.868,,"Espressο",-47.389,-94.359,113,4505.773,0.394,-38.362,,,,,,,,,,,,,4502.081,-0.723,-59.508,,,,,,,4497.287,-37.265,-120.963,,,,,,,,,,,,,,,,4504.644,0.332,-55.298,,,,,,,4499.357,-33.858,-112.516,"",2,20.491,20.491,8.622,0,1,0.868,35.887,22.143,-6.92,86.635,0.038,23.514,0,"Espressο",4498.754,4496.109,4500.948,96,""
134,,4,0,2,3,0,0,1,0,1,0,255,17,255,0,4720.067,"?fredo?",L,27,81,132,1.119,1.301,-0.185,2.054,0.44,2.296,-36.594,23.884,92,8,0,1,"",36.941,-129.014,0,0,0,1,"=","=","=","=","=","=","=","=","=",9,R,"NABIMan",190,83.499,0.48,,27,W,Y,0,,,,,,,,,,,,,,,,,,,,,,,,,,,,,0,0,,,,,,,,,,,,,4720.503,,,,,,,,,,,,,,,,,,,,,,,,,-0.123,-37.61,0.023,-17.642,-21.012,-47.211,-12.626,-60.875,20.127,-45.543,0.67,-59.326,39.933,-97.948,0.163,-107.671,-47.275,-95.142,,,,"",,,,"",,,,"",,,,"",,,,"",,,,"",,,,"",,,,"",,,,,,,,,,,,,,,,,,,,,,,,,,,,,,,,,,,,,,,,,,,,,,,,,,,,,,,,,,"",0,,,,,,,,,,,,,0,"",4720.243,,,0,""
135,,4,0,2,3,1,0,1,0,1,0,255,17,255,1,4734.096,"?fredo?",L,10,81,121,1.331,-0.964,-0.075,1.741,0.581,1.453,-36.594,5.528,48,52,0,1,"",0,399.441,0,0,0,1,"=","=","=","=","=","=","=","=","=",9,R,"NABIMan",190,83.499,0.48,,27,W,Y,0,,,,,,,,,,,,,,,,,,,,,,,,,,,,,0,0,,,,,,,,,,,,,4742.656,,,,,,,,,,,,,,,,,,,,,,,,,-0.061,-37.394,0.034,-17.654,-20.903,-46.969,-12.642,-60.872,20.54,-46.025,4.547,-61.492,39.929,-97.992,-0.078,-108.383,-47.188,-95.324,,,,"",,,,"",,,,"",,,,"",,,,"",,,,"",,,,"",,,,"",,,,,,,,,,,,,,,,,,,,,,,,,,,,,,,,,,,,,,,,,,,,,,,,,,,,,,,,,,"",0,,,,,,,,,,,,,0,"",4736.801,,,0,""
136,,4,0,2,3,2,0,1,0,1,0,255,17,255,2,4750.817,"?fredo?",L,10,87,128,0.32,0.267,-0.154,1.968,0.212,2.19,-36.594,18.927,81,12,7,0,"",-44.868,400,0,0,0,1,"=","=","=","=","=","=","=","=","=",9,R,"NABIMan",190,83.499,0.48,,27,W,Y,0,,,,,,,,,,,,,,,,,,,,,,,,,,,,,0,0,,,,,,,,,,,,,4763.309,,,,,,,,,,,,,,,,,,,,,,,,,-0.147,-37.543,0.052,-17.545,-20.975,-47.288,-12.708,-60.819,20.894,-45.553,3.632,-60.199,39.896,-97.92,-0.073,-108.361,-47.335,-95.112,,,,"",,,,"",,,,"",,,,"",,,,"",,,,"",,,,"",,,,"",,,,,,,,,,,,,,,,,,,,,,,,,,,,,,,,,,,,,,,,,,,,,,,,,,,,,,,,,,"",0,,,,,,,,,,,,,0,"",4753.499,,,0,""
137,,4,0,2,3,2,1,1,0,1,0,255,17,255,3,4765.567,"?fredo?",L,13,72,111,1.433,0.542,-0.354,2.082,-0.007,2.406,-36.594,31.822,78,12,9,2,"",350.324,356.753,0,0,0,1,"=","=","=","=","=","=","=","=","=",9,R,"NABIMan",190,83.499,0.48,5,27,W,Y,1,4766.739,180,134,126,150,104,,145,107,-35.129,-18.917,0.302,1.277,-20.966,-0.15,0,0.24,-257.098,-254.432,-451.838,4765.579,0.856,-22.582,4767.829,5,12.753,1.997,-57.293,0,0,,4772.559,,,,,,,,,,,4800.893,,4772.516,1,,147,32,,,,,,,,,,,,,,,,,,,-0.12,-37.492,0.122,-17.498,-21.027,-46.888,-10.618,-60.352,20.852,-45.903,3.724,-61.014,39.935,-97.932,0.101,-108.395,-47.319,-95.086,-0.054,-37.271,,"kneesohime",0.116,-17.559,,"にゃんこ65K",-20.78,-46.956,85,"vovopo 보보포",-10.735,-59.282,,"アリアル",20.656,-45.811,,"CoalCat",7.468,-61.637,105,"あくせる",39.832,-97.779,,"Roscosmos",0.07,-108.126,,"Espressο",-47.394,-95.055,,4775.669,0.178,-38.527,,,,4771.857,-18.778,-39.421,,,,,,,4768.972,12.952,-58.285,,,,,,,,,,,,,,,,4774.564,-17.992,-39.893,,,,,,,4770.489,5.772,-55.774,,,,,,,,,,"",2,-22.154,-22.154,-4.155,0,0,1,-35.129,-35.129,-59.536,-35.129,0,-24.514,0,"CoalCat",4770.392,,,43,""
138,,4,0,2,3,0,0,2,0,1,0,255,17,255,4,4813.265,"?fredo?",L,10,82,122,-0.442,0.713,-0.343,2.094,-0.182,2.495,-36.594,29.575,82,10,8,2,"",0,400,0,0,0,2,"=","=","=","=","=","=","=","=","=",2,L,"ʚEveɞ",190,85.233,0.45,5,71,W,Y,1,4814.538,255,238,135,66,32,,145,101,96.821,-40.322,-0.091,1.356,-20.995,-0.41,0,0.484,353.866,164.354,-161.561,,,,4820.562,1,-6.395,3.44,-4.216,0,0,,,,,,,,,4819.757,,,,,,4821.881,2,,450,0,,,,,,,,,,,,,,,,,,,-0.175,-37.566,0.018,-17.214,-21.054,-48.99,-5.958,-60.673,20.561,-45.614,13.919,-60.539,43.959,-94.573,0.382,-109.652,-49.333,-97.847,-0.321,-37.078,,"kneesohime",-0.057,-17.244,,"にゃんこ65K",-21.043,-48.971,,"vovopo 보보포",-9.848,-57.343,,"アリアル",20.42,-45.504,,"CoalCat",14.039,-60.128,,"あくせる",43.8,-94.377,,"Roscosmos",0.289,-110.262,,"Espressο",-49.302,-98.407,,,,,4821.891,-6.161,-4.686,,,,,,,,,,,,,,,,,,,,,,,,,,,,,,,,,,,,,,,,,,,,,,,,,"",1,-41.25,-39.407,0.229,0,0,1,83.179,83.179,18.471,83.179,0,-166.785,0,"kneesohime",,4819.757,,4,""
139,SIDE,4,0,2,3,0,0,2,0,1,0,255,17,255,,4825.45,,,,,,,,,,,,,,,,,,,,,,,,3,"=","=","=","=","=","=","=","=","=",,,,,,,,,,,,,,,,,,,,,,,,,,,,,,,,,,,,,,,0,0,,,,,,,,,,,,,,,,,,,,,,,,,,,,,,,,,,,,,,,,,,,,,,,,,,,,,,,,,,,,,,,,,,,,,,,,,,,,,,,,,,,,,,,,,,,,,,,,,,,,,,,,,,,,,,,,,,,,,,,,,,,,,,,,,,,,,,,,,,,,,,,,,"",0,,,,,,,,,,,,,0,"",,,,0,""
140,,5,1,2,3,0,0,0,0,0,0,255,255,255,69,4876.631,"siesta_aves",R,36,77,128,0.509,-0.331,0.418,0.902,0.092,1.573,-36.336,33.589,7,15,78,2,"",79.308,100.253,0.613,0,0,7,"アリアル","?fredo?","kneesohime","にゃんこ65K","あくせる","CoalCat","Espressο","vovopo 보보포","Roscosmos",3,L,"vovopo 보보포",160,80.084,0.55,0,56,W,Y,1,4877.761,222,177,156,56,12,,145,101,32.684,-37.365,0.097,0.779,-20.63,0.91,0,0.465,241.047,-371.103,-343.051,4881.229,58.183,-81.738,4885.212,6,71.666,0.054,-93.387,1,0,,4882.733,4887.155,,,,,,,,,,,,,,,,,,,,,,,,,,,,,,,,,,,0.211,-37.245,0.025,-16.796,-22.176,-47.38,-9.946,-62.433,16.587,-42.986,12.174,-62.772,38.62,-83.165,5.038,-107.175,-40.69,-90.924,0.143,-37.228,,"P0TA0",0.046,-16.9,,"ʚEveɞ",-21.962,-47.396,,"白霜らいふ",-9.94,-62.413,,"인생최패망자",16.555,-42.939,85,"カズティー",12.173,-62.708,,"IbikiKai_JP",38.616,-83.148,94,"sano jpn",5.038,-107.168,,"あおいぬ",-40.684,-90.915,,4894.575,0.476,-38.237,,,,,,,,,,4890.81,24.549,-44.69,,,,4886.426,71.485,-92.907,,,,,,,,,,,,,,,,,,,4893.457,19.047,-42.796,,,,4887.523,67.791,-88.186,,,,,,,"",2,,,,,,,,,,,,,0,"IbikiKai_JP",4887.155,,,160,""
141,,5,1,2,3,0,0,0,0,1,0,255,3,255,70,4915.22,"siesta_aves",R,3,72,101,-1.803,-0.05,0.434,0.957,-0.001,1.628,-36.336,24.861,0,56,44,1,"",-397.863,0,8.525,0,0,8,"=","=","=","=","=","=","=","=","=",7,R,"Roscosmos",175,96.351,0.374,,56,W,Y,0,,,,,,,,,,,,,,,,,,,,,,,,,,,,,0,0,,,,,,,,,4916.822,,,,,,,,,,,,,,,,,,,,,,,,,,,,,0.293,-37.423,0.157,-17.073,-21.845,-46.819,-8.179,-62.778,17.735,-43.361,4.437,-60.575,41.255,-86.852,-4.834,-117.343,-47.26,-95.998,,,,"",,,,"",,,,"",,,,"",,,,"",,,,"",,,,"",,,,"",,,,4922.735,-0.49,-37.66,,,,,,,,,,,,,,,,,,,,,,,,,,,,,,,,,,,,,,,,,,,,,,,,,,,,"",0,,,,,,,,,,,,,0,"",,4916.822,,0,""
142,,5,1,2,3,1,0,0,0,0,1,255,255,3,71,4939.488,"siesta_aves",R,37,77,127,-0.857,-0.233,0.274,0.879,-0.398,1.611,-36.336,29.713,5,8,88,0,"",10.672,99.867,0.09,0,0,8,"=","=","=","=","=","=","=","=","=",7,R,"Roscosmos",175,96.351,0.374,,56,W,Y,0,,,,,,,,,,,,,,,,,,,,,,,,,,,,,0,0,,,,,,,,,,,,,,4957.409,,,,,,,,,,,,,,,,,,,,,,,,0.158,-37.28,0.191,-17.121,-21.974,-47.925,-9.879,-60.502,18.487,-39.787,10.724,-61.027,37.21,-84.793,-6.482,-116.096,-46.412,-96.886,,,,"",,,,"",,,,"",,,,"",,,,"",,,,"",,,,"",,,,"",,,,4944.284,-0.395,-38.117,,,,,,,,,,,,,,,,,,,,,,,,,,,,,,,,,,,,,,,,,,,,,,,,,,,,"",0,,,,,,,,,,,,,0,"",,4941.376,,0,""
143,,5,1,2,3,1,1,0,0,0,1,255,255,3,72,4959.178,"siesta_aves",R,36,82,133,0.262,0.344,0.385,0.984,0.118,1.944,-36.336,23.668,5,49,46,0,"",-11.203,105.406,-0.761,0,0,8,"=","=","=","=","=","=","=","=","=",7,R,"Roscosmos",175,96.351,0.374,,56,W,Y,1,,,,,,,,,,,,,,,,,,,,,,,,,,,,,0,0,,,,,,,,,,,,,,4968.293,,,,,,,,,,,,,,,,,,,,,,,,0.299,-37.389,0.266,-16.93,-21.731,-47.496,-9.34,-60.588,18.241,-39.725,10.714,-61,37.311,-84.757,-6.503,-116.084,-46.222,-96.679,,,,"",,,,"",,,,"",,,,"",,,,"",,,,"",,,,"",,,,"",,,,4970.963,-0.304,-39.625,,,,,,,,,,,,,,,,,,,,,,,,,,,,,,,,,,,,,,,,,,,,,,,,,,,,"",0,,,,,,,,,,,,,0,"",,4961.408,,0,""
144,,5,1,2,3,1,2,0,0,0,1,255,255,3,73,4985.279,"siesta_aves",R,16,81,126,0.887,0.195,0.38,0.959,0.375,1.509,-36.336,18.637,2,51,47,2,"",0,-232.554,-4.71,0,0,8,"=","=","=","=","=","=","=","=","=",7,R,"Roscosmos",175,96.351,0.374,5,70,W,Y,1,4986.17,77,74,127,75,26,,125,73,-18.036,62.746,0.158,0.994,-19.974,-1,0,0.194,513.427,48.497,-287.106,4985.045,-2.303,-21.243,,,,,,0,0,,,,,,,,,,,,,,4985.601,,,,,,,,,,,,,,,,,,,,,,,,0.314,-37.465,0.257,-16.931,-22.218,-47.136,-9.804,-60.441,18.518,-39.855,11.189,-61.191,37.319,-84.841,-5.676,-115.9,-45.701,-96.044,0.498,-36.981,,"P0TA0",0.226,-16.966,,"ʚEveɞ",-22.435,-47.355,,"白霜らいふ",-9.802,-60.394,,"인생최패망자",16.533,-42.343,,"カズティー",11.11,-61.166,,"IbikiKai_JP",37.345,-84.825,,"sano jpn",-5.678,-115.893,,"あおいぬ",-45.602,-95.759,,,,,,,,,,,,,,,,,,,,,,,,,,,,,,,,,,,,,,,,,,,,,,,,,,,,,,,,"",3,67.421,60.18,16.276,0.538,0,1,-18.036,-18.036,-2.372,-18.036,0,79.603,0,"",,4988.722,,0,""
145,,5,1,2,3,1,2,0,0,0,1,255,255,3,74,5007.516,"siesta_aves",R,0,69,108,-4.983,1.66,0.242,1.188,-2.158,2.606,-36.336,10.719,0,80,20,1,"",-11.485,0,13.32,0,0,8,"=","=","=","=","=","=","=","=","=",7,R,"Roscosmos",175,96.351,0.374,,71,W,Y,0,,,,,,,,,,,,,,,,,,,,,,,,,,,,,0,256,,,,,,,,,,,,,,5090.583,,,,,,,,,,,,,,,,,,,,,,,,0.464,-37.405,0.271,-17.074,-21.965,-46.844,-11.503,-59.817,18.363,-40.005,10.731,-61.293,34.479,-88,-7.658,-117.103,-47.258,-94.25,,,,"",,,,"",,,,"",,,,"",,,,"",,,,"",,,,"",,,,"",,,,,,,,,,,,,,,,,,,,,,,,,,,,,,,,,,,,,,,,,,,,,,,,,,,,,,,,,,"",0,,,,,,,,,,,,,0,"",,5009.684,,0,""
146,,5,1,2,3,2,2,0,0,0,1,255,255,3,75,5092.045,"siesta_aves",R,50,59,100,-0.376,0.869,0.26,1.249,-0.124,2.239,-36.336,11.961,0,57,43,2,"TW+",-23.826,56.615,1.829,0,0,8,"=","=","=","=","=","=","=","=","=",7,R,"Roscosmos",175,96.351,0.374,5,71,W,Y,1,5093.027,89,61,87,101,60,,131,88,62.003,-27.327,-0.069,1.224,-20.471,-0.33,0,0.27,410.527,205.541,212.451,5097.946,17.662,-59.406,5098.096,5,17.28,2.743,-58.472,0,0,,5098.956,,,,,,,,,,,,5140.481,5099.357,8,,454,0,,,,,,,,,,,,,,,,,,,0.255,-37.182,0.151,-16.998,-21.897,-48.226,-10.367,-60.023,18.44,-40.018,11.075,-61.196,34.242,-87.667,-7.057,-115.227,-44.838,-92.656,0.254,-37.062,,"P0TA0",0.119,-17.08,,"ʚEveɞ",-21.81,-48.626,,"白霜らいふ",-10.358,-60.004,,"인생최패망자",16.381,-42.707,,"カズティー",11.056,-61.162,85,"IbikiKai_JP",34.241,-87.667,,"sano jpn",-7.102,-115.134,,"あおいぬ",-44.838,-92.649,,5104.287,1.157,-41.894,,,,,,,,,,,,,5099.363,17.352,-58.775,,,,,,,,,,,,,,,,,,,,,,,,,5103.224,13.637,-55.845,,,,,,,,,,"",1,-26.021,-26.021,-9.318,0,2,0.144,71.094,62.003,56.347,70.722,0.068,-52.017,0,"カズティー",,5095.683,,64,""
147,,5,1,2,3,0,0,1,0,0,1,255,255,3,76,5145.086,"siesta_aves",R,5,74,122,-0.153,0.204,0.372,0.955,0.061,1.723,-36.336,23.065,2,51,47,0,"",-104.534,-42.332,-1.133,0,0,0,"Parottey","=","=","=","=","=","=","=","=",4,R,"Parottey",190,100.473,0.462,,56,W,Y,0,,,,,,,,,,,,,,,,,,,,,,,,,,,,,0,0,,,,,,,,,,,,,,5161.903,,,,,,,,,,,,,,,,,,,,,,,,0.208,-37.089,0.161,-16.912,-22.218,-48.335,-10.732,-60.628,18.515,-40.144,12.537,-63.098,37.441,-91.226,-6.761,-115.975,-47.825,-92.42,,,,"",,,,"",,,,"",,,,"",,,,"",,,,"",,,,"",,,,"",,,,5150.331,-0.361,-37.472,,,,,,,,,,,,,,,,,,,,,,,,,,,,,,,,,,,,,,,,,,,,,,,,,,,,"",0,,,,,,,,,,,,,0,"",,5147.547,,0,""
148,,5,1,2,3,0,1,1,0,0,1,255,255,3,77,5163.194,"siesta_aves",R,3,73,102,-2.749,-0.628,0.302,0.982,-0.4,1.26,-36.336,27.435,0,53,47,4,"",-407.313,0,9.545,0,0,0,"=","=","=","=","=","=","=","=","=",4,R,"Parottey",190,100.473,0.462,,56,W,Y,1,,,,,,,,,,,,,,,,,,,,,,,,,,,,,0,0,,,,,,,,,,,,,,5180.385,,,,,,,,,,,,,,,,,,,,,,,,0.211,-37.517,-0.143,-16.95,-21.675,-46.943,-10.825,-60.619,18.675,-40.159,12.387,-63.208,37.444,-91.228,-6.779,-115.962,-47.736,-92.36,,,,"",,,,"",,,,"",,,,"",,,,"",,,,"",,,,"",,,,"",,,,5168.886,-0.554,-37.676,,,,,,,,,,,,,,,,,,,,,,,,,,,,,,,,,,,,,,,,,,,,,,,,,,,,"",0,,,,,,,,,,,,,0,"",,5165.859,,0,""
149,,5,1,2,3,0,2,1,0,0,1,255,255,3,78,5183.401,"siesta_aves",R,2,78,106,-3.064,-0.464,0.167,0.842,-0.797,1.036,-36.336,27.177,1,12,87,1,"",-288.728,-300.129,0.547,0,0,0,"=","=","=","=","=","=","=","=","=",4,R,"Parottey",190,100.473,0.462,,56,W,Y,0,,,,,,,,,,,,,,,,,,,,,,,,,,,,,0,0,,,,,,,,,,,,,,5204.806,,,,,,,,,,,,,,,,,,,,,,,,0.157,-37.427,-0.106,-16.834,-21.592,-46.348,-11.063,-60.443,18.521,-40.126,11.83,-63.401,37.437,-91.247,-9.79,-116.665,-47.775,-92.405,,,,"",,,,"",,,,"",,,,"",,,,"",,,,"",,,,"",,,,"",,,,5189.71,-0.518,-37.586,,,,,,,,,,,,,,,,,,,,,,,,,,,,,,,,,,,,,,,,,,,,,,,,,,,,"",0,,,,,,,,,,,,,0,"",,5186.071,,0,""
150,,5,1,2,3,1,2,1,0,0,1,255,255,3,79,5206.132,"siesta_aves",R,36,81,132,-1.605,-0.605,0.19,1.037,-0.804,1.386,-36.336,21.361,0,51,49,4,"",69.414,137.547,-1.099,0,0,0,"=","=","=","=","=","=","=","=","=",4,R,"Parottey",190,100.473,0.462,,56,W,Y,1,,,,,,,,,,,,,,,,,,,,,,,,,,,,,0,1,,,,,,,,,,,,,,5232.848,5208.928,0,,578,0,,,,,,,,,,,,,,,,,5210.201,1,0.134,-37.388,-0.347,-16.83,-21.632,-46.776,-11.153,-60.698,18.684,-40.272,11.824,-63.373,37.482,-91.265,-6.342,-116.86,-47.759,-92.543,,,,"",,,,"",,,,"",,,,"",,,,"",,,,"",,,,"",,,,"",,,,5212.779,-0.609,-37.822,,,,,,,,,,,,,,,,,,,,,,,,,,,,,,,,,,,,,,,,,,,,,,,,,,,,"",0,,,,,,,,,,,,,0,"",,5208.759,,0,""
151,,5,1,2,3,0,0,2,0,0,1,255,255,3,80,5234.477,"siesta_aves",R,36,77,127,0.903,-2.198,0.453,0.726,0.337,0.384,-36.336,50.372,4,12,84,1,"",28.891,129.117,-4.326,0.143,-18.905,1,"=","=","=","=","=","=","=","=","=",0,R,"?fredo?",190,83.536,0.353,,56,W,Y,0,,,,,,,,,,,,,,,,,,,,,,,,,,,,,0,0,,,,,,,,,,,,,,5249.652,,,,,,,,,,,,,,,,,,,,,,,,0.31,-37.366,0.242,-17.024,-22.558,-47.511,-13.833,-64.231,18.392,-39.811,12.407,-63.933,33.065,-89.281,-8.968,-112.346,-52.112,-95.841,,,,"",,,,"",,,,"",,,,"",,,,"",,,,"",,,,"",,,,"",,,,5239.652,-0.424,-37.583,,,,,,,,,,,,,,,,,,,,,,,,,,,,,,,,,,,,,,,,,,,,,,,,,,,,"",0,,,,,,,,,,,,,0,"",,5236.804,,0,""
152,,5,1,2,3,1,0,2,0,0,1,255,255,3,81,5255.477,"siesta_aves",R,36,80,130,1.912,-0.56,0.512,1.018,0.788,1.39,-36.336,28.845,0,52,48,2,"",20.148,109.783,0.512,0,0,1,"=","=","=","=","=","=","=","=","=",0,R,"?fredo?",190,83.536,0.353,3,56,W,Y,1,5256.656,255,132,119,69,22,,145,87,2.669,-18.291,0.453,0.819,-20.674,-1,0,0.398,301.918,-276.291,278.848,5256.545,8.252,-43.054,5257.696,5,12.557,0.056,-56.389,0,0,,5262.551,,,,,,,,,5261.61,,,,5262.091,1,,147,64,,,,,,,,,,,,,,,,,,,0.317,-37.244,0.3,-16.952,-22.507,-47.175,-14.026,-64.223,18.131,-39.818,12.406,-63.89,32.45,-90.257,-16.036,-118.14,-52.107,-95.975,0.436,-37.354,,"P0TA0",0.294,-17.033,,"ʚEveɞ",-22.548,-47.307,,"白霜らいふ",-14.003,-64.191,,"인생최패망자",16.285,-43.177,,"カズティー",12.399,-63.83,91,"IbikiKai_JP",32.391,-90.203,,"sano jpn",-16.115,-118.322,,"あおいぬ",-51.978,-95.892,,,,,,,,5261.367,-18.171,-40.358,,,,,,,5258.92,13.239,-58.14,,,,,,,,,,,,,,,,,,,,,,,,,5259.776,9.104,-55.712,,,,,,,,,,"",2,,,,,,,,,,,,,0,"カズティー",,,5261.61,68,""
153,SIDE,5,1,2,3,0,0,2,0,0,0,255,255,255,,5264.43,,,,,,,,,,,,,,,,,,,,,,,,2,"=","=","=","=","=","=","=","=","=",,,,,,,,,,,,,,,,,,,,,,,,,,,,,,,,,,,,,,,0,0,,,,,,,,,,,,,,,,,,,,,,,,,,,,,,,,,,,,,,,,,,,,,,,,,,,,,,,,,,,,,,,,,,,,,,,,,,,,,,,,,,,,,,,,,,,,,,,,,,,,,,,,,,,,,,,,,,,,,,,,,,,,,,,,,,,,,,,,,,,,,,,,,"",0,,,,,,,,,,,,,0,"",,,,0,""
154,,5,0,2,3,0,0,0,0,0,0,255,255,255,5,5313.324,"?fredo?",L,3,78,115,2.007,0.123,-0.199,1.812,0.005,1.685,-36.594,17.012,19,81,0,2,"",500,0,0,0,0,3,"sano jpn","NABIMan","ʚEveɞ","P0TA0","白霜らいふ","인생최패망자","カズティー","IbikiKai_JP","あおいぬ",1,R,"P0TA0",190,96.215,0.525,5,41,W,Y,0,5314.39,163,193,231,124,59,,145,117,31.601,-54.994,0.361,1.08,-20.579,0.82,0,0.179,259.573,86.962,533.91,5319.063,85.591,-83.566,,,,,,0,0,,,,,,,,,,,,,,,,,,,,,,,,,,,,,,,,,,,,,,0.037,-37.358,0.08,-17.212,-21.871,-48.703,-13.083,-60.989,19.975,-50.329,11.827,-62.747,37.456,-90.564,-0.154,-108.183,-41.335,-93.58,-0.005,-37.027,,"kneesohime",0.108,-17.235,,"にゃんこ65K",-21.873,-48.699,,"vovopo 보보포",-13.083,-60.985,,"Parottey",19.649,-49.997,,"CoalCat",11.76,-62.764,,"あくせる",37.451,-90.565,,"Roscosmos",-0.099,-108.426,,"Espressο",-41.338,-93.576,,,,,,,,,,,,,,,,,,,,,,,,,,,,,,,,,,,,,,,,,,,,,,,,,,,,,,,,"",3,-67.538,-52.384,-15.585,0.551,2,0.4,68.659,55.867,-4.62,69.084,0.048,-136.871,0,"",,,,0,""
155,,5,0,2,3,0,1,0,0,0,0,255,255,255,6,5339.382,"?fredo?",L,10,95,128,-2.16,-1.105,-0.4,1.704,-0.929,1.333,-36.594,2.227,56,38,6,2,"",0,400,0,0,0,3,"=","=","=","=","=","=","=","=","=",1,R,"P0TA0",190,96.215,0.525,5,41,W,Y,1,5340.446,209,255,219,140,56,,145,89,8.188,-56.431,-0.399,0.539,-19.965,1,0,0.153,191.15,-466.389,-119.796,5340.846,31.426,-38.836,,,,,,0,0,,,,,,,,,,,,,,,,,,,,,,,,,,,,,,,,,,,,,,-0.277,-37.434,0.037,-17.228,-21.471,-48.047,-13.039,-60.754,20.087,-48.938,11.938,-63.231,38.385,-91.444,-0.221,-109.858,-42.031,-93.644,-0.391,-37.302,,"kneesohime",-0.321,-17.338,,"にゃんこ65K",-21.445,-47.994,,"vovopo 보보포",-13.037,-60.742,,"Parottey",20.335,-49.127,,"CoalCat",11.918,-63.151,,"あくせる",38.129,-91.102,,"Roscosmos",-0.217,-109.853,,"Espressο",-42.005,-93.641,,,,,,,,,,,,,,,,,,,,,,,,,,,,,,,,,,,,,,,,,,,,,,,,,,,,,,,,"",3,-111.671,-56.432,-13.039,1,1,0.949,8.74,8.188,-13.279,8.476,0.001,-147.319,0,"",,,,0,""
156,,5,0,2,3,0,2,0,0,0,0,255,255,255,7,5358.085,"?fredo?",L,6,67,97,4.851,-2.381,-0.359,1.836,-0.492,1.727,-36.594,13.482,49,51,0,2,"",-353.777,227.421,0,0,0,3,"=","=","=","=","=","=","=","=","=",1,R,"P0TA0",190,96.215,0.525,5,41,W,Y,1,5359.243,255,73,240,126,55,,145,89,-30,-60.473,-0.519,0.933,-20.89,1,0,0.287,-14.505,10.03,-134.911,5357.996,0.773,-21.622,,,,,,0,0,,,,,,,,,,,,,,,,,,,,,,,,,,,,,,,,,,,,,,-0.146,-37.325,0.019,-17.215,-21.054,-48.3,-13.021,-60.819,21.393,-48.958,12.731,-63.187,40.288,-90.078,-0.015,-108.366,-41.993,-93.606,-0.013,-37.176,,"kneesohime",-0.396,-17.335,,"にゃんこ65K",-21.046,-48.274,,"vovopo 보보포",-13.033,-60.858,,"Parottey",21.461,-49.055,,"CoalCat",12.703,-63.145,,"あくせる",40.177,-90.041,,"Roscosmos",0.065,-108.471,,"Espressο",-42.015,-93.67,,,,,,,,,,,,,,,,,,,,,,,,,,,,,,,,,,,,,,,,,,,,,,,,,,,,,,,,"",3,-57.894,-57.894,-21.687,0,0,1,-73.869,-73.869,-30.496,-73.869,0,130.178,0,"",,,,0,""
157,,5,0,2,3,0,2,0,0,0,0,255,255,255,8,5375.728,"?fredo?",L,28,101,140,1.998,0.049,-0.023,1.78,0.822,1.581,-36.594,7.304,49,51,0,2,"",36.039,-61.522,0,0,0,3,"=","=","=","=","=","=","=","=","=",1,R,"P0TA0",190,96.215,0.525,3,41,W,Y,1,5376.788,255,34,121,60,14,,145,118,-30,35.06,0.413,0.924,-18.812,0.12,0,0.226,-394.694,442.501,-9.82,5375.512,-0.629,-20.288,5377.012,2,-18.169,1.881,-44.998,0,0,,,,,,,,,,,,,,,5380.35,3,,147,0,,,,,,,,,,,5379.758,2,,,,,,,0.091,-37.241,0.37,-16.991,-19.774,-46.778,-13.37,-61.052,19.444,-47.023,14.087,-62.809,40.996,-91.346,0.151,-106.458,-42.014,-93.695,0.1,-36.956,,"kneesohime",0.319,-17.03,,"にゃんこ65K",-20.034,-46.871,85,"vovopo 보보포",-13.371,-61.062,,"Parottey",19.6,-47.089,,"CoalCat",14.151,-62.78,,"あくせる",40.871,-91.137,,"Roscosmos",0.061,-107.569,,"Espressο",-42.027,-93.679,,5382.091,0.088,-39.321,,,,5378.3,-18.699,-45.532,,,,,,,,,,,,,,,,,,,,,,,,,5381.048,-17.935,-39.565,,,,,,,,,,,,,,,,,,,"",2,,,,,,,,,,,,,0,"にゃんこ65K",,,,10,""
158,,5,0,2,3,0,0,1,0,0,0,255,255,255,9,5399.239,"?fredo?",L,26,95,140,1.275,0.376,-0.103,1.795,0.451,1.626,-36.594,9.443,44,56,0,0,"",79.779,-200,0,0,0,4,"=","=","=","=","=","=","=","=","=",3,R,"白霜らいふ",175.1,80,0.653,,56,W,Y,0,,,,,,,,,,,,,,,,,,,,,,,,,,,,,0,0,,,,,,,,,,,,,,,,,,,,,,,,,,,,,,,,,,,,,,-0.08,-37.332,0.087,-16.945,-22.019,-48.702,-11.894,-59.812,18.888,-47.588,12.129,-62.471,39.23,-90.39,-0.002,-107.508,-42.151,-97.249,,,,"",,,,"",,,,"",,,,"",,,,"",,,,"",,,,"",,,,"",,,,5403.552,-0.376,-38.113,,,,,,,,,,,,,,,,,,,,,,,,,,,,,,,,,,,,,,,,,,,,,,,,,,,,"",0,,,,,,,,,,,,,0,"",,,,0,""
159,,5,0,2,3,0,1,1,0,0,0,255,255,255,10,5413.534,"?fredo?",L,11,73,119,0.789,0.106,-0.225,1.997,0.348,1.964,-36.594,32.176,79,21,0,2,"",1.379,249.664,0,0,0,4,"=","=","=","=","=","=","=","=","=",3,R,"白霜らいふ",175.1,80,0.653,0,56,W,Y,1,5414.807,209,57,95,52,44,,145,91,17.045,27.218,0.161,0.895,-19.771,-0.78,0,0.448,373.818,88.308,-193.728,5417.162,-31.935,-80.072,5417.762,8,-32.874,0.305,-81.776,1,0,,5420.242,,,,,,,,,,,,,,,,,,,,,,,,,,,,,,,,,,,,0.001,-37.371,0.155,-16.993,-21.943,-48.646,-12.088,-60.351,19.224,-47.796,12.09,-62.477,39.288,-90.425,-0.052,-108.065,-42.115,-96.058,-0.111,-37.596,,"kneesohime",0.161,-17.009,,"にゃんこ65K",-21.792,-48.949,78,"vovopo 보보포",-12.082,-60.347,,"Parottey",20.159,-47.511,,"CoalCat",12.131,-62.429,,"あくせる",39.169,-90.23,,"Roscosmos",-0.019,-108.087,,"Espressο",-42.217,-95.952,103,5425.573,0.184,-39.263,,,,5421.533,-20.555,-40.697,,,,,,,,,,,,,,,,5419.029,-33.681,-83.445,,,,,,,5424.436,-18.008,-41.886,,,,,,,,,,,,,,,,5419.719,-33.622,-78.239,"",2,,,,,,,,,,,,,0,"Espressο",,,,74,""
160,,5,0,2,3,0,0,1,1,0,0,13,255,255,11,5442.072,"?fredo?",L,28,78,128,-1.219,0.143,-0.329,1.794,-0.602,1.625,-36.594,14.566,56,44,0,0,"",53.082,-67.288,0,0,0,5,"=","=","=","=","=","=","=","=","=",4,R,"인생최패망자",190,90,0.4,,56,W,Y,1,,,,,,,,,,,,,,,,,,,,,,,,,,,,,0,0,,,,,,,,,,,,5442.267,,,,,,,,,,,,,,,,,,,,,,,,,,-0.136,-37.571,-0.16,-17.083,-19.77,-43.186,-12.686,-60.321,19.99,-47.906,9.266,-60.386,40.172,-89.853,1.406,-111.405,-41.299,-94.67,,,,"",,,,"",,,,"",,,,"",,,,"",,,,"",,,,"",,,,"",,,,5448.85,-0.524,-38.717,,,,,,,,,,,,,,,,,,,,,,,,,,,,,,,,,,,,,,,,,,,,,,,,,,,,"",0,,,,,,,,,,,,,0,"",,,,0,""
161,,5,0,2,3,0,1,1,1,0,0,13,255,255,12,5462.181,"?fredo?",L,0,80,130,0.37,0.11,-0.273,1.839,0.165,1.667,-36.594,22.363,72,20,9,2,"",3.414,0,0,0,0,5,"=","=","=","=","=","=","=","=","=",4,R,"인생최패망자",190,90,0.4,5,56,W,Y,1,5463.351,163,175,228,141,71,,145,130,-30,-40.931,0.058,1.1,-20.913,0.71,0,0.289,-450.316,141.056,-370.565,5462.096,1.422,-22.488,5463.579,4,20.184,3.115,-43.987,1,0,,5468.871,,,,5468.339,5474.818,,,,,,,,5467.774,4,1,164,33,,,,,,,,,,,,,5467.358,5,,,,,-0.04,-37.517,0.101,-17.199,-19.651,-43.328,-13.074,-60.834,19.885,-48.11,10.477,-60.517,39.779,-90.149,2.208,-110.921,-38.386,-90.37,-0.03,-37.285,,"kneesohime",0.115,-17.215,,"にゃんこ65K",-19.261,-44.384,85,"vovopo 보보포",-13.066,-60.823,,"Parottey",19.673,-48.337,96,"CoalCat",10.179,-60.392,97,"あくせる",39.644,-89.978,,"Roscosmos",2.21,-110.91,,"Espressο",-38.328,-90.359,,5473.142,0.476,-38.471,,,,5469.123,-18.439,-40.498,5467.089,0.347,-58.725,5465.004,20.572,-44.554,5467.093,1.344,-57.945,,,,,,,,,,,,,,,,5472.056,-17.722,-39.898,,,,5466.057,17.353,-46.541,5468.027,-3.009,-55.611,,,,,,,,,,"",2,-42.153,-42.153,-18.068,0,1,0.462,-72.517,-60.727,-11.95,-80.992,0.071,-54.659,0,"Parottey",5468.339,5474.818,,171,""
162,,5,0,2,3,0,0,2,1,0,0,14,255,255,13,5514.438,"?fredo?",L,27,90,140,1.294,0.163,-0.1,1.776,0.463,1.56,-36.594,8.587,52,48,0,0,"",75.98,-140.069,0,0,0,6,"=","=","=","=","=","=","=","=","=",5,R,"カズティー",175.4,84.645,0.33,,56,W,Y,0,,,,,,,,,,,,,,,,,,,,,,,,,,,,,0,0,,,,,,,,,,,,5525.97,,,,,,,,,,,,,,,,,,,,,,,,,,-0.036,-37.4,0.081,-17.104,-20.781,-45.328,-12.296,-60.339,20.783,-50.043,10.571,-61.579,38.552,-89.275,-0.107,-107.835,-35.24,-87.346,,,,"",,,,"",,,,"",,,,"",,,,"",,,,"",,,,"",,,,"",,,,5521.266,-0.061,-38.517,,,,,,,,,,,,,,,,,,,,,,,,,,,,,,,,,,,,,,,,,,,,,,,,,,,,"",0,,,,,,,,,,,,,0,"",,,,0,""
163,,5,0,2,3,0,1,2,1,0,0,14,255,255,14,5531.891,"?fredo?",L,13,86,126,3.926,-1.176,-0.067,1.718,1.131,1.302,-36.594,7.41,46,49,4,2,"",374.059,331.783,0,0,0,6,"=","=","=","=","=","=","=","=","=",5,R,"カズティー",175.4,84.645,0.33,5,56,W,Y,1,5532.986,173,234,139,124,84,,145,93,-73.871,-27.843,0.766,0.495,-19.949,-0.56,0,0.579,-264.039,-414.565,217.647,5531.712,0.825,-20.06,5536.329,4,11.375,0.06,-40.044,1,0,,5538.679,,,,5537.422,,,,,,,,,,,,,,,,,,,,,,,,,,,,,,,,-0.113,-37.452,0.141,-17.349,-20.464,-43.793,-12.895,-61.125,20.587,-49.216,9.677,-61.398,38.587,-89.586,-0.354,-107.849,-35.205,-87.493,0.04,-37.153,,"kneesohime",0.212,-17.648,,"にゃんこ65K",-19.77,-46.113,,"vovopo 보보포",-12.821,-60.79,,"Parottey",20.029,-48.62,64,"CoalCat",9.682,-61.237,,"あくせる",38.657,-89.603,,"Roscosmos",-0.547,-107.825,,"Espressο",-35.222,-87.43,,5544.867,1.425,-37.966,,,,,,,,,,5537.735,12.124,-40.822,,,,,,,,,,,,,,,,,,,,,,,,,5543.671,17.714,-42.595,,,,,,,,,,,,,"",2,-32.191,-32.191,-13.312,0,2,0.012,-79.001,-73.871,-8.324,-76.495,0.037,161.087,0,"Parottey",5537.422,,,3,""
164,,5,0,2,3,0,0,2,1,1,0,15,14,255,15,5561.542,"?fredo?",L,27,87,140,-2.112,1.135,-0.402,1.92,-0.937,2.089,-36.594,22.626,80,14,6,1,"",21.799,-124.722,0,0,0,7,"=","=","=","=","=","=","=","=","=",6,L,"IbikiKai_JP",166.1,85.479,0.4,,56,W,Y,0,,,,,,,,,,,,,,,,,,,,,,,,,,,,,0,0,,,,,,,,,5563.633,,,5574.427,,,,,,,,,,,,,,,,,,,,,,,,,,-0.176,-37.523,-0.101,-16.904,-20.198,-44.23,-4.578,-58.437,19.098,-44.85,12.244,-59.244,38.656,-86.861,0.371,-104.95,-25.555,-83.369,,,,"",,,,"",,,,"",,,,"",,,,"",,,,"",,,,"",,,,"",,,,5568.053,0.348,-37.384,,,,,,,,,,,,,,,,,,,,,,,,,,,,,,,,,,,,,,,,,,,,,,,,,,,,"",0,,,,,,,,,,,,,0,"",,5563.633,,0,""
165,,5,0,2,3,1,0,2,1,0,1,15,255,14,16,5580.933,"?fredo?",L,26,94,140,-1.684,0.165,-0.386,1.758,-0.866,1.487,-36.594,17.184,46,48,6,2,"",106.507,-198.804,0,0,0,7,"=","=","=","=","=","=","=","=","=",6,L,"IbikiKai_JP",166.1,85.479,0.4,3,56,W,Y,1,5582.083,198,89,58,54,27,,137,74,9.445,-14.324,-0.088,0.987,-20.022,-1,0,0.487,478.213,-238.696,272.647,,,,5582.979,5,8.934,1.115,-52.409,0,0,,5586.97,,,,5586.338,,,,,,,,5582.744,5584.355,7,,454,0,,,,,,,,,,,,,,,,,,,-0.144,-37.562,-0.037,-17.215,-19.716,-45.43,-9.427,-59.287,19.177,-40.449,12.694,-59.854,38.685,-87.176,0.047,-104.652,-27.892,-84.795,-0.382,-37.067,,"kneesohime",-0.098,-17.28,,"にゃんこ65K",-19.559,-46.03,,"vovopo 보보포",-9.411,-59.274,,"Parottey",18.542,-42.841,,"CoalCat",12.725,-59.79,,"あくせる",38.58,-87.023,,"Roscosmos",0.143,-103.009,,"Espressο",-27.895,-84.796,,,,,,,,,,,,,,,,,5584.37,9.073,-53.077,,,,,,,,,,,,,,,,,,,,,,,,,,,,,,,,,,,,,"",1,,,,,,,,,,,,,0,"CoalCat",5586.338,,,32,""
166,SIDE,5,0,2,3,0,0,2,1,0,1,15,255,14,,5588.03,,,,,,,,,,,,,,,,,,,,,,,,8,"=","=","=","=","=","=","=","=","=",,,,,,,,,,,,,,,,,,,,,,,,,,,,,,,,,,,,,,,0,0,,,,,,,,,,,,,,,,,,,,,,,,,,,,,,,,,,,,,,,,,,,,,,,,,,,,,,,,,,,,,,,,,,,,,,,,,,,,,,,,,,,,,,,,,,,,,,,,,,,,,,,,,,,,,,,,,,,,,,,,,,,,,,,,,,,,,,,,,,,,,,,,,"",0,,,,,,,,,,,,,0,"",,,,0,""
167,,6,1,2,3,0,0,0,0,0,0,255,255,255,82,5796.826,"siesta_aves",R,37,83,135,2.835,-0.114,0.551,0.998,1.171,1.648,-36.336,14.617,5,64,31,2,"",34.17,87.405,-0.569,0,0,2,"Parottey","?fredo?","kneesohime","にゃんこ65K","あくせる","CoalCat","Espressο","vovopo 보보포","Roscosmos",1,R,"kneesohime",190,85.362,0.601,0,56,W,Y,1,5797.981,133,146,88,79,43,,139,130,-30,34.947,0.312,0.826,-19.596,0.71,0,0.286,-156.072,517.776,218.71,5796.563,-0.612,-20.911,5798.012,2,-18.818,2.335,-46.762,0,0,,5803.933,,,,,,,,,,,,,5801.701,2,,147,0,,,,,,,,,,,5801.101,2,,,,,,,0.251,-38.269,0.323,-17.096,-21.892,-48.02,-12.601,-63.964,18.406,-47.734,11.801,-63.8,39.246,-89.324,-1.717,-119.837,-46.218,-92.706,0.499,-37.463,,"P0TA0",0.287,-17.077,,"ʚEveɞ",-21.87,-48.163,92,"白霜らいふ",-12.413,-64.111,,"인생최패망자",18.422,-47.749,,"カズティー",11.592,-63.804,,"IbikiKai_JP",39.05,-89.419,,"sano jpn",-1.686,-119.822,,"あおいぬ",-46.219,-92.708,,5803.841,-0.932,-39.078,,,,5799.403,-19.426,-47.342,,,,,,,,,,,,,,,,,,,,,,,,,5802.981,-15.94,-39.665,,,,,,,,,,,,,,,,,,,"",2,,,,,,,,,,,,,0,"ʚEveɞ",,,,4,""
168,,6,1,2,3,0,0,1,0,0,0,255,255,255,83,5824.024,"siesta_aves",R,4,75,108,-0.084,0.815,0.401,1.233,0.314,2.157,-36.336,8.966,0,100,0,0,"",-198.126,0,12.281,0,0,3,"=","=","=","=","=","=","=","=","=",2,R,"にゃんこ65K",190,91.275,0.596,,56,W,Y,0,,,,,,,,,,,,,,,,,,,,,,,,,,,,,0,0,,,,,,,,,,,,,,,,,,,,,,,,,,,,,,,,,,,,,,0.48,-37.417,0.208,-17.105,-21.417,-47.729,-12.418,-64.655,17.723,-47.642,12.185,-64.098,39.579,-93.055,-6.43,-121.47,-45.594,-95.187,,,,"",,,,"",,,,"",,,,"",,,,"",,,,"",,,,"",,,,"",,,,5828.597,-0.365,-37.554,,,,,,,,,,,,,,,,,,,,,,,,,,,,,,,,,,,,,,,,,,,,,,,,,,,,"",0,,,,,,,,,,,,,0,"",,,,0,""
169,,6,1,2,3,0,1,1,0,0,0,255,255,255,84,5841.307,"siesta_aves",R,3,86,112,-7.461,-0.158,-0.068,0.936,-2.546,1.549,-36.336,18.916,3,62,36,1,"",-399.018,0,1.071,0,0,3,"=","=","=","=","=","=","=","=","=",2,R,"にゃんこ65K",190,91.275,0.596,,56,W,Y,0,,,,,,,,,,,,,,,,,,,,,,,,,,,,,0,0,,,,,,,,,,,,,,,,,,,,,,,,,,,,,,,,,,,,,,0.078,-37.068,-0.394,-17.019,-21.237,-47.656,-12.594,-64.228,18.441,-48.045,12.195,-64.094,39.767,-92.963,-6.438,-121.453,-45.798,-94.997,,,,"",,,,"",,,,"",,,,"",,,,"",,,,"",,,,"",,,,"",,,,5846.591,-0.356,-37.487,,,,,,,,,,,,,,,,,,,,,,,,,,,,,,,,,,,,,,,,,,,,,,,,,,,,"",0,,,,,,,,,,,,,0,"",,,,0,""
170,,6,1,2,3,1,1,1,0,0,0,255,255,255,85,5857.63,"siesta_aves",R,3,73,102,-4.496,-0.085,0.171,0.94,-1.137,1.607,-36.336,19.781,0,51,49,1,"",-416.375,0,13.66,0,0,3,"=","=","=","=","=","=","=","=","=",2,R,"にゃんこ65K",190,91.275,0.596,,56,W,Y,0,,,,,,,,,,,,,,,,,,,,,,,,,,,,,0,0,,,,,,,,,,,,,,,,,,,,,,,,,,,,,,,,,,,,,,0.074,-37.267,-0.027,-17.058,-21.198,-47.399,-12.897,-64.171,18.443,-48.047,12.187,-64.094,39.796,-94.364,-6.176,-121.523,-47.16,-95.529,,,,"",,,,"",,,,"",,,,"",,,,"",,,,"",,,,"",,,,"",,,,5863.106,-0.432,-37.564,,,,,,,,,,,,,,,,,,,,,,,,,,,,,,,,,,,,,,,,,,,,,,,,,,,,"",0,,,,,,,,,,,,,0,"",,,,0,""
171,,6,1,2,3,2,1,1,0,0,0,255,255,255,86,5877.993,"siesta_aves",R,36,86,139,-0.928,-0.813,0.201,0.877,-0.457,1.255,-36.336,15.37,4,57,39,2,"",35.106,137.95,-7.553,0,0,3,"=","=","=","=","=","=","=","=","=",2,R,"にゃんこ65K",190,91.275,0.596,5,56,W,Y,1,5879.125,165,78,141,83,10,,145,130,2.366,49.698,-0.194,0.661,-19.379,0.7,0,0.276,117.415,188.923,-61.651,5878.762,-27.665,-42.128,,,,,,0,0,,,,,,,,,,,,,,,,,,,,,,,,,,,,,,,,,,,,,,0.19,-37.225,-0.17,-17.068,-21.333,-47.65,-12.85,-64.207,18.461,-48.088,12.193,-64.127,39.961,-94.82,-6.204,-121.633,-47.887,-96.127,0.112,-37.632,,"P0TA0",-0.19,-17.103,,"ʚEveɞ",-21.382,-47.539,,"白霜らいふ",-12.846,-64.196,,"인생최패망자",18.24,-47.756,,"カズティー",12.168,-64.055,,"IbikiKai_JP",39.768,-94.908,,"sano jpn",-6.204,-121.631,,"あおいぬ",-48.129,-95.86,,,,,,,,,,,,,,,,,,,,,,,,,,,,,,,,,,,,,,,,,,,,,,,,,,,,,,,,"",3,50.9,50.9,11.586,0,0,1,2.366,2.366,1.905,2.366,0,60.933,0,"",,,,0,""
172,,6,1,2,3,2,2,1,0,0,0,255,255,255,87,5898.115,"siesta_aves",R,3,80,106,-3.176,0.826,0.196,1.049,-0.629,1.906,-36.336,18.457,0,57,43,2,"",-403.707,-244.44,4.996,0,0,3,"=","=","=","=","=","=","=","=","=",2,R,"にゃんこ65K",190,91.275,0.596,3,56,W,Y,1,5899.335,160,131,83,90,47,,145,87,32.68,53.924,-0.59,1.336,-20.402,1,0,0.483,232.977,69.344,306.68,5901.512,-52.456,-56.358,,,,,,0,0,,,,,,,,,,,,,,,,,,,,,,,,,,,,,,,,,,,,,,0.072,-38.386,-0.049,-16.92,-21.393,-47.291,-12.378,-64.266,17.786,-47.503,12.163,-64.134,37.821,-94.236,-6.831,-122.685,-48.384,-97.568,0.154,-37.292,,"P0TA0",-0.265,-17.126,,"ʚEveɞ",-21.378,-47.193,,"白霜らいふ",-12.357,-64.301,,"인생최패망자",17.787,-47.503,,"カズティー",12.156,-64.107,,"IbikiKai_JP",37.821,-94.204,,"sano jpn",-6.831,-122.681,,"あおいぬ",-48.384,-97.568,,,,,,,,,,,,,,,,,,,,,,,,,,,,,,,,,,,,,,,,,,,,,,,,,,,,,,,,"",3,,,,,,,,,,,,,0,"",,,,0,""
173,,6,1,2,3,2,2,1,0,0,0,255,255,255,88,5917.786,"siesta_aves",R,36,76,127,1.298,0.69,0.417,1.161,0.544,2.177,-36.336,8.475,2,63,35,2,"",5.75,108.088,-0.988,0,0,3,"=","=","=","=","=","=","=","=","=",2,R,"にゃんこ65K",190,91.275,0.596,5,56,W,Y,1,5918.947,228,117,123,63,21,,145,110,29.244,-24.767,0.218,1.265,-19.945,0.02,0,0.314,235.792,453.76,206.009,5922.712,30.655,-110.698,5922.996,6,30.073,2.126,-108.227,0,0,,5925.472,,,,,,,,,,,,,5924.33,3,,455,0,,,,,,,,,,,,,,,,,,,0.274,-37.152,0.215,-17.011,-21.083,-47.291,-12.417,-64.53,17.659,-47.238,12.209,-64.138,40.593,-96.866,-10.028,-121.065,-48.651,-94.698,0.245,-37.212,,"P0TA0",0.209,-17.046,,"ʚEveɞ",-21.414,-47.887,,"白霜らいふ",-12.47,-64.592,,"인생최패망자",17.522,-47.065,,"カズティー",12.214,-64.097,76,"IbikiKai_JP",40.794,-97.189,87,"sano jpn",-10.623,-121.019,,"あおいぬ",-48.657,-94.725,,5932.261,4.507,-53.305,,,,,,,,,,,,,5929.652,12.278,-70.722,5924.34,30.492,-108.439,,,,,,,,,,,,,,,,,,,,,,5931.277,10.397,-66.92,5928.239,22.242,-93.969,,,,,,,"",1,-24.156,-24.156,-3.452,0,0,1,52.028,52.028,52.672,52.028,0,-27.086,0,"IbikiKai_JP",,,,192,""
174,,6,1,2,3,0,0,2,0,0,0,255,255,255,89,5950.161,"siesta_aves",R,3,80,121,6.094,-0.959,0.455,0.927,0.229,1.496,-36.336,31.855,0,55,45,2,"",-359.807,0,4.31,0,0,4,"=","=","=","=","=","=","=","=","=",6,R,"あくせる",190,89.801,0.65,3,56,W,Y,1,5951.298,255,164,175,144,82,,145,87,25.682,51.23,-0.17,0.962,-20.5,1,0,0.495,-63.544,517.241,261.138,5952.862,-41.624,-49.656,,,,,,0,0,,,,,,,,,,,,,,,,,,,,,,,,,,,,,,,,,,,,,,0.248,-37.456,-0.276,-16.69,-22.378,-47.063,-11.17,-65.087,17.22,-46.42,11.821,-63.737,39.223,-89.464,-6.083,-118.901,-48.814,-94.742,0.19,-37.618,,"P0TA0",-0.2,-16.732,,"ʚEveɞ",-22.279,-47.15,,"白霜らいふ",-13.839,-64.013,,"인생최패망자",17.187,-46.404,,"カズティー",11.815,-63.662,,"IbikiKai_JP",39.585,-89.466,,"sano jpn",-6.068,-118.893,,"あおいぬ",-48.639,-94.289,,,,,,,,,,,,,,,,,,,,,,,,,,,,,,,,,,,,,,,,,,,,,,,,,,,,,,,,"",3,,,,,,,,,,,,,0,"",,,,0,""
175,,6,1,2,3,0,1,2,0,0,0,255,255,255,90,5970.076,"siesta_aves",R,3,73,102,-2.72,-0.773,0.313,0.741,-0.412,1.178,-36.336,42.862,0,13,87,4,"",-395.752,0,3.75,0,0,4,"=","=","=","=","=","=","=","=","=",6,R,"あくせる",190,89.801,0.65,,56,W,Y,1,,,,,,,,,,,,,,,,,,,,,,,,,,,,,0,0,,,,,,,,,,,,,,,,,,,,,,,,,,,,,,,,,,,,,,0.075,-37.749,-0.535,-16.87,-21.756,-48.175,-10.893,-63.405,17.011,-46.218,12.231,-64.329,38.432,-93.358,-3.838,-120.418,-48.26,-95.212,,,,"",,,,"",,,,"",,,,"",,,,"",,,,"",,,,"",,,,"",,,,,,,,,,,,,,,,,,,,,,,,,,,,,,,,,,,,,,,,,,,,,,,,,,,,,,,,,,"",0,,,,,,,,,,,,,0,"",,,,0,""
176,,6,1,2,3,0,2,2,0,0,0,255,255,255,91,5990.48,"siesta_aves",R,3,86,110,-4.758,0.191,0.117,0.846,-1.294,1.516,-36.336,19.314,3,8,89,1,"",-436.602,-243.677,-2.536,0,0,4,"=","=","=","=","=","=","=","=","=",6,R,"あくせる",190,89.801,0.65,,56,W,Y,0,,,,,,,,,,,,,,,,,,,,,,,,,,,,,0,0,,,,,,,,,,,,,,,,,,,,,,,,,,,,,,,,,,,,,,0.215,-37.413,-0.298,-16.868,-22.159,-48.243,-11.334,-63.661,17.048,-46.599,12.26,-64.276,39.072,-93.076,-4.712,-120.538,-48.052,-96.299,,,,"",,,,"",,,,"",,,,"",,,,"",,,,"",,,,"",,,,"",,,,,,,,,,,,,,,,,,,,,,,,,,,,,,,,,,,,,,,,,,,,,,,,,,,,,,,,,,"",0,,,,,,,,,,,,,0,"",,,,0,""
177,,6,1,2,3,1,2,2,0,0,0,255,255,255,92,6010.161,"siesta_aves",R,36,85,138,1.42,0.256,0.526,1.079,0.587,1.91,-36.336,7.607,2,62,36,2,"",11.807,122.311,-2.46,0,0,4,"=","=","=","=","=","=","=","=","=",6,R,"あくせる",190,89.801,0.65,3,56,W,Y,1,6011.265,255,51,134,83,38,,145,130,-30,45.739,0.229,1.068,-19.156,0.51,0,0.291,478.274,-78.085,-173.414,6009.879,-1.554,-20.897,,,,,,0,0,,,,,,,,,,,,,,,,,,,,,,,,,,,,,,,,,,,,,,0.404,-37.436,0.26,-17.013,-22.288,-48.344,-14.792,-63.524,16.955,-46.391,12.225,-64.31,38.778,-92.306,-4.975,-120.336,-47.99,-96.617,0.367,-37.254,,"P0TA0",0.255,-17.059,,"ʚEveɞ",-22.301,-48.32,,"白霜らいふ",-10.646,-65.024,,"인생최패망자",17.226,-46.68,,"カズティー",12.214,-64.288,,"IbikiKai_JP",38.777,-92.304,,"sano jpn",-4.982,-120.331,,"あおいぬ",-47.992,-96.623,,,,,,,,,,,,,,,,,,,,,,,,,,,,,,,,,,,,,,,,,,,,,,,,,,,,,,,,"",3,,,,,,,,,,,,,0,"",,,,0,""
178,,6,1,2,3,1,2,2,0,0,0,255,255,255,93,6033.446,"siesta_aves",R,3,77,120,-1.83,0.181,0.518,0.963,-0.357,1.751,-36.336,14.18,3,69,28,4,"",-284.998,0,1.717,0,0,4,"=","=","=","=","=","=","=","=","=",6,R,"あくせる",190,89.801,0.65,,56,W,Y,1,,,,,,,,,,,,,,,,,,,,,,,,,,,,,0,16,,,,,,,,,,,,,,,6036.185,4,,578,0,,,,,,,,,,,,,,,,,6036.185,1,0.435,-37.31,0.228,-17.005,-21.783,-48.275,-12.846,-64.292,17.407,-46.7,12.234,-64.299,37.481,-94.333,-5.366,-119.6,-48.001,-97.724,,,,"",,,,"",,,,"",,,,"",,,,"",,,,"",,,,"",,,,"",,,,,,,,,,,,,,,,,,,,,,,,,,,,,,,,,,,,,,,,,,,,,,,,,,,,,,,,,,"",0,,,,,,,,,,,,,0,"",,,,0,""
179,SIDE,6,1,2,3,0,0,2,0,0,0,255,255,255,,6038.646,,,,,,,,,,,,,,,,,,,,,,,,5,"=","=","=","=","=","=","=","=","=",,,,,,,,,,,,,,,,,,,,,,,,,,,,,,,,,,,,,,,0,0,,,,,,,,,,,,,,,,,,,,,,,,,,,,,,,,,,,,,,,,,,,,,,,,,,,,,,,,,,,,,,,,,,,,,,,,,,,,,,,,,,,,,,,,,,,,,,,,,,,,,,,,,,,,,,,,,,,,,,,,,,,,,,,,,,,,,,,,,,,,,,,,,"",0,,,,,,,,,,,,,0,"",,,,0,""
180,,6,0,2,3,0,0,0,0,0,0,255,255,255,17,6079.425,"?fredo?",L,14,91,126,-2.305,-0.261,-0.289,1.854,-0.412,1.835,-36.594,13.154,88,12,0,1,"",-374.155,331.675,0,-0.712,-14.896,8,"sano jpn","NABIMan","ʚEveɞ","P0TA0","白霜らいふ","인생최패망자","カズティー","IbikiKai_JP","あおいぬ",8,R,"あおいぬ",174,89.739,0.43,,56,W,Y,0,,,,,,,,,,,,,,,,,,,,,,,,,,,,,0,0,,,,,,,,,,,,,,,,,,,,,,,,,,,,,,,,,,,,,,-0.165,-37.527,-0.007,-17.228,-22.159,-49.671,-13.319,-61.51,20.421,-50.271,12.124,-63.957,40.402,-96.047,-0.514,-108.112,-41.679,-90.62,,,,"",,,,"",,,,"",,,,"",,,,"",,,,"",,,,"",,,,"",,,,,,,,,,,,,,,,,,,,,,,,,,,,,,,,,,,,,,,,,,,,,,,,,,,,,,,,,,"",0,,,,,,,,,,,,,0,"",,,,0,""
181,,6,0,2,3,1,0,0,0,0,0,255,255,255,17,6109.62,"?fredo?",L,6,71,113,-2.297,0.3,-0.26,1.836,-0.278,1.773,-36.594,15.23,54,46,0,1,"",-401.731,0,0,0,0,8,"=","=","=","=","=","=","=","=","=",8,R,"あおいぬ",174,89.739,0.43,,56,W,Y,0,,,,,,,,,,,,,,,,,,,,,,,,,,,,,0,0,,,,,,,,,,,,,,,,,,,,,,,,,,,,,,,,,,,,,,-0.065,-37.342,0.001,-17.195,-22.507,-49.758,-13.036,-61.091,20.436,-49.294,11.829,-64.039,39.43,-96.566,0.051,-109.26,-41.765,-90.732,,,,"",,,,"",,,,"",,,,"",,,,"",,,,"",,,,"",,,,"",,,,,,,,,,,,,,,,,,,,,,,,,,,,,,,,,,,,,,,,,,,,,,,,,,,,,,,,,,"",0,,,,,,,,,,,,,0,"",,,,0,""
182,,6,0,2,3,2,0,0,0,0,0,255,255,255,18,6125.57,"?fredo?",L,0,92,139,1.145,-0.101,-0.095,1.769,0.487,1.536,-36.594,10.698,54,46,0,0,"",11.103,0,0,0,0,8,"=","=","=","=","=","=","=","=","=",8,R,"あおいぬ",174,89.739,0.43,,56,W,Y,0,,,,,,,,,,,,,,,,,,,,,,,,,,,,,0,0,,,,,,,,,,,,,,,,,,,,,,,,,,,,,,,,,,,,,,0.091,-37.063,0.056,-17.061,-22.036,-49.937,-12.279,-61.057,20.467,-48.935,12.573,-63.388,39.45,-96.607,-4.518,-109.919,-41.788,-90.755,,,,"",,,,"",,,,"",,,,"",,,,"",,,,"",,,,"",,,,"",,,,,,,,,,,,,,,,,,,,,,,,,,,,,,,,,,,,,,,,,,,,,,,,,,,,,,,,,,"",0,,,,,,,,,,,,,0,"",,,,0,""
183,,6,0,2,3,2,1,0,0,0,0,255,255,255,19,6142.153,"?fredo?",L,10,95,128,-0.405,-0.65,-0.185,1.682,0.072,1.227,-36.594,5.983,56,44,0,2,"",0,400,0,0,0,8,"=","=","=","=","=","=","=","=","=",8,R,"あおいぬ",174,89.739,0.43,0,56,W,Y,1,6143.387,138,147,65,80,24,,138,122,-30,-19.681,0.033,0.421,-20.055,0.78,0,0.463,-369.195,-255.915,96.731,6141.962,0.256,-20.676,6144.012,5,9.073,2.068,-57.266,0,0,,6149.053,,,,,,,,,,,,,6148.558,8,,147,32,,,,,,,,,,,,,,,,,,,-0.027,-37.307,0.062,-17.038,-22.035,-49.923,-12.26,-61.057,20.441,-49.477,13.057,-63.104,39.427,-96.598,-5.94,-109.958,-42.357,-91.555,-0.127,-36.977,,"kneesohime",0.074,-17.117,,"にゃんこ65K",-22.01,-49.848,80,"vovopo 보보포",-12.246,-61.049,,"Parottey",20.038,-49.36,,"CoalCat",13.039,-63.088,89,"あくせる",39.211,-96.325,,"Roscosmos",-6.589,-109.889,,"Espressο",-42.905,-92.494,,6151.354,-0.042,-39.226,,,,6147.959,-18.888,-40.123,,,,,,,6145.407,9.302,-58.648,,,,,,,,,,,,,,,,6150.279,-18.232,-39.736,,,,,,,6146.393,4.804,-56.169,,,,,,,,,,"",2,,,,,,,,,,,,,0,"CoalCat",,,,42,""
184,,6,0,2,3,0,0,1,0,0,0,255,255,255,20,6166.595,"?fredo?",L,28,93,140,0.914,0.613,-0.128,1.862,0.336,1.867,-36.594,12.572,92,4,4,2,"",48.366,-70.735,0,0,0,0,"=","=","=","=","=","=","=","=","=",7,R,"sano jpn",170,87.118,0.631,0,68,W,Y,1,6167.807,153,91,87,44,17,,140,129,17.404,30.553,0.183,1.056,-19.8,0.41,0.143,0.328,176.061,117.834,-88.842,6171.029,-54.553,-112.328,6171.929,8,-49.81,0.274,-110.767,1,0,,6172.76,6177.112,,,,,,,,,,,,,,,,,,,,,,,,,,,,,,,,,,,-0.04,-37.419,0.081,-17.051,-22.472,-49.328,-12.683,-59.458,20.669,-49.121,12.289,-62.299,40.988,-94.904,3.162,-109.913,-37.46,-97.857,-0.584,-36.908,,"kneesohime",0.089,-17.062,,"にゃんこ65K",-22.404,-49.374,,"vovopo 보보포",-12.467,-60.159,,"Parottey",20.39,-48.336,,"CoalCat",12.325,-62.32,85,"あくせる",40.978,-94.895,,"Roscosmos",2.914,-109.392,,"Espressο",-37.359,-97.951,90,6181.958,0.397,-38.172,,,,,,,,,,,,,6178.526,-0.502,-59.094,,,,,,,6173.555,-50.464,-109.876,,,,,,,,,,,,,,,,6180.812,2.065,-57.066,,,,,,,6174.925,-44.996,-102.87,"",2,,,,,,,,,,,,,0,"Espressο",6177.112,,,98,""
185,,6,0,2,3,0,0,1,0,1,0,255,17,255,21,6201.362,"?fredo?",L,10,85,127,1.894,0.189,-0.098,1.989,0.828,2.145,-36.594,18.894,88,12,0,1,"",0,400,0,0,0,1,"=","=","=","=","=","=","=","=","=",9,R,"NABIMan",190,83.499,0.48,,27,W,Y,0,,,,,,,,,,,,,,,,,,,,,,,,,,,,,0,0,,,,,,,,,,,,,6214.383,,,,,,,,,,,,,,,,,,,,,,,,,-0.006,-37.541,0.119,-17.103,-20.078,-45.875,-11.22,-59.243,19.974,-47.551,6.078,-62.551,37.908,-96.881,-0.232,-110.046,-40.539,-94.572,,,,"",,,,"",,,,"",,,,"",,,,"",,,,"",,,,"",,,,"",,,,6206.153,-0.264,-37.575,,,,,,,,,,,,,,,,,,,,,,,,,,,,,,,,,,,,,,,,,,,,,,,,,,,,"",0,,,,,,,,,,,,,0,"",6204.13,,,0,""
186,,6,0,2,3,1,0,1,0,1,0,255,17,255,22,6214.372,"?fredo?",L,3,73,113,3.337,0.718,-0.17,1.948,0.631,2.076,-36.594,13.678,67,21,13,1,"",464.145,13.658,0,0,0,1,"=","=","=","=","=","=","=","=","=",9,R,"NABIMan",190,83.499,0.48,,27,W,Y,0,,,,,,,,,,,,,,,,,,,,,,,,,,,,,0,0,,,,,,,,,6242.123,,,,,,,,,,,,,,,,,,,,,,,,,,,,,-0.143,-37.57,0.071,-17.073,-20.5,-46.628,-12.164,-58.04,20.221,-45.357,6.138,-62.441,37.71,-96.887,-0.022,-106.349,-40.523,-94.586,,,,"",,,,"",,,,"",,,,"",,,,"",,,,"",,,,"",,,,"",,,,6245.803,-0.336,-38.209,,,,,,,,,,,,,,,,,,,,,,,,,,,,,,,,,,,,,,,,,,,,,,,,,,,,"",0,,,,,,,,,,,,,1,"",,6242.123,,0,""
187,,6,0,2,3,1,0,1,0,0,1,255,255,17,22,6248.108,"?fredo?",L,28,84,136,1.914,0.665,-0.035,1.888,0.769,1.931,-36.594,12.716,88,6,6,2,"",46.837,-98.976,0,0,0,1,"=","=","=","=","=","=","=","=","=",9,R,"NABIMan",190,83.499,0.48,3,27,W,Y,1,6249.174,120,66,100,98,0,,138,82,29.901,6.908,0.362,1.255,-20.15,-1,0,0.244,568.634,104.415,-150.789,6252.712,-9.008,-87.847,6253.079,7,-8.917,0.601,-87.29,1,0,,6255.221,,,,,,,,,6360.226,,,6252.319,,,,,,,,,,,,,,,,,,,,,,,,-0.027,-37.443,0.052,-17.031,-20.489,-46.636,-11.673,-59.01,19.692,-42.749,9.92,-57.27,38.148,-98.501,-0.048,-105.9,-40.928,-96.258,-0.074,-37.051,120,"kneesohime",0.088,-17.161,120,"にゃんこ65K",-20.464,-46.596,,"vovopo 보보포",-11.673,-59.011,,"Parottey",17.913,-45.173,,"CoalCat",9.882,-57.225,74,"あくせる",38.046,-98.305,,"Roscosmos",-0.047,-105.908,113,"Espressο",-41.005,-96.016,,6263.429,3.023,-37.549,6361.01,-0.111,-18.059,,,,,,,,,,6257.211,0.366,-59.814,,,,6254.549,-9.06,-88.322,,,,6360.062,-0.134,-37.35,6366.006,0.099,-18.998,,,,,,,,,,6262.004,3.374,-59.047,,,,6256.239,-4.506,-79.399,,,,"",2,,,,,,,,,,,,,0,"Roscosmos",,6251.5,6360.226,294,""
188,,6,0,2,4,0,0,2,0,0,0,255,255,255,23,6387.943,"?fredo?",L,29,91,140,-1.592,0.459,-0.412,1.823,-0.986,1.719,-36.594,16.5,48,43,9,2,"BH-",224.992,-200,0,0,0,2,"=","=","=","=","=","=","=","=","=",2,L,"ʚEveɞ",190,85.233,0.45,5,71,W,Y,1,6388.971,195,169,83,52,14,,144,89,-22.472,-55.448,-0.298,1.205,-20.591,-1,0,0.284,525.393,-168.551,235.696,6387.612,1.945,-22.134,,,,,,0,0,,,,,,,,,,,,,,,,,,,,,,,,,,,,,,,,,,,,,,-0.019,-38.186,-0.035,-17.265,-21.156,-47.685,-9.565,-58.953,20.445,-46.403,12.804,-61.966,43.181,-93.362,0.467,-107.919,-37.159,-104.115,-0.396,-36.859,,"kneesohime",-0.049,-17.264,,"にゃんこ65K",-20.9,-47.659,,"vovopo 보보포",-9.558,-58.95,,"Parottey",20.509,-46.467,,"CoalCat",12.815,-61.835,,"あくせる",43.081,-93.287,,"Roscosmos",0.459,-107.928,,"Espressο",-37.095,-104.184,,,,,,,,,,,,,,,,,,,,,,,,,,,,,,,,,,,,,,,,,,,,,,,,,,,,,,,,"",3,-56.626,-56.626,-16.022,0,0,1,-22.472,-22.472,-47.124,-22.472,0,-60.416,0,"",,,,0,""
189,,6,0,2,4,0,1,2,0,0,0,255,255,255,24,6416.806,"?fredo?",L,6,63,106,-2.467,0.066,-0.254,1.738,-0.253,1.446,-36.594,4.373,31,67,2,2,"",-420.001,-190.821,0,0,0,2,"=","=","=","=","=","=","=","=","=",2,L,"ʚEveɞ",190,85.233,0.45,5,71,W,Y,1,6418.01,147,183,134,91,40,,145,94,26.911,34.309,-0.418,1.16,-21.648,-0.77,0,0.574,117.997,-218.02,-431.756,6421.446,-41.369,-89.956,6421.629,8,-39.83,2.558,-87.207,0,0,,6423.198,,,,,,,,,,,,,6423.04,2,,457,0,,,,,,,,,,,,,,,,,,,-0.171,-37.363,0.005,-17.337,-21.132,-48.838,-8.531,-59.892,20.239,-45.216,13.447,-61.496,42.625,-91.717,0.185,-107.104,-35.036,-100.127,-0.046,-37.189,,"kneesohime",-0.321,-17.443,,"にゃんこ65K",-21.263,-48.476,,"vovopo 보보포",-8.656,-59.785,,"Parottey",20.701,-46.768,,"CoalCat",13.491,-61.438,,"あくせる",42.451,-91.485,,"Roscosmos",0.182,-107.089,,"Espressο",-35.141,-100.007,113,,,,,,,,,,,,,,,,,,,,,,,,,6423.054,-40.202,-87.755,,,,,,,,,,,,,,,,,,,,,,,,,6424.715,-37.323,-84.555,"",1,36.696,36.696,21.966,0,0,1,26.911,26.911,48.11,26.911,0,34.886,0,"Espressο",,,,64,""
190,SIDE,6,0,2,4,0,0,2,0,0,0,255,255,255,,6425.916,,,,,,,,,,,,,,,,,,,,,,,,3,"=","=","=","=","=","=","=","=","=",,,,,,,,,,,,,,,,,,,,,,,,,,,,,,,,,,,,,,,0,0,,,,,,,,,,,,,,,,,,,,,,,,,,,,,,,,,,,,,,,,,,,,,,,,,,,,,,,,,,,,,,,,,,,,,,,,,,,,,,,,,,,,,,,,,,,,,,,,,,,,,,,,,,,,,,,,,,,,,,,,,,,,,,,,,,,,,,,,,,,,,,,,,"",0,,,,,,,,,,,,,0,"",,,,0,""
191,,7,1,2,4,0,0,0,0,0,0,255,255,255,94,6483.386,"siesta_aves",R,36,69,121,0.133,0.223,0.432,1.065,0.149,1.884,-36.336,26.399,0,49,51,0,"",-66.226,107.612,-2.163,0,0,5,"Parottey","?fredo?","kneesohime","にゃんこ65K","あくせる","CoalCat","Espressο","vovopo 보보포","Roscosmos",5,R,"CoalCat",175,82.838,0.435,,36,W,Y,0,,,,,,,,,,,,,,,,,,,,,,,,,,,,,0,0,,,,,,,,,,,,,,,,,,,,,,,,,,,,,,,,,,,,,,0.26,-37.183,0.146,-16.861,-22.071,-47.33,-12.61,-62.03,16.214,-44.901,11.552,-63.309,40.395,-91.349,-8.034,-113.614,-45.176,-92.034,,,,"",,,,"",,,,"",,,,"",,,,"",,,,"",,,,"",,,,"",,,,,,,,,,,,,,,,,,,,,,,,,,,,,,,,,,,,,,,,,,,,,,,,,,,,,,,,,,"",0,,,,,,,,,,,,,0,"",,,,0,""
192,,7,1,2,4,0,1,0,0,0,0,255,255,255,95,6498.405,"siesta_aves",R,36,70,122,-0.249,1.363,0.43,1.176,-0.226,2.558,-36.336,13.909,0,59,41,2,"",66.152,120.482,1.024,0,0,5,"=","=","=","=","=","=","=","=","=",5,R,"CoalCat",175,82.838,0.435,3,36,W,Y,1,6499.589,255,47,108,89,34,,145,96,6.166,12.33,-0.288,1.485,-21.172,-0.26,0,0.471,-58.124,262.641,9.595,6499.662,-9.439,-58.27,6499.996,3,-9.338,0.247,-57.892,0,0,,,,,,,,,,,,,,,6504.154,5,,147,16,,,,,,,,,,,,,,,,,,,0.384,-37.152,0.124,-17.024,-21.947,-46.538,-13.655,-63.093,16.25,-44.939,11.566,-63.319,40.132,-91.451,-8.118,-113.55,-45.153,-92.197,0.229,-37.533,,"P0TA0",0.109,-17.095,,"ʚEveɞ",-21.855,-46.807,92,"白霜らいふ",-13.653,-63.066,91,"인생최패망자",16.033,-44.66,,"カズティー",11.55,-63.292,,"IbikiKai_JP",40.128,-91.448,,"sano jpn",-8.121,-113.554,,"あおいぬ",-45.134,-92.191,,6506.728,-1.375,-40.267,,,,6503.522,-18.626,-40.602,6501.585,-9.498,-58.74,,,,,,,,,,,,,,,,,,,,,,6505.854,-16.164,-40.256,6502.694,-11.411,-52.672,,,,,,,,,,,,,,,,"",2,,,,,,,,,,,,,0,"白霜らいふ",,,,20,""
193,,7,1,2,4,0,0,1,0,0,0,255,255,255,96,6525.985,"siesta_aves",R,5,67,117,-5.084,1.582,0.094,1.123,-2.029,2.55,-36.336,5.026,0,69,31,1,"",-114.089,0,-0.813,0,0,6,"=","=","=","=","=","=","=","=","=",8,R,"Espressο",174.7,95.125,0.297,,56,W,Y,0,,,,,,,,,,,,,,,,,,,,,,,,,,,,,0,0,,,,,,,,,,,,,,,,,,,,,,,,,,,,,,,,,,,,,,0.11,-38.391,-0.023,-16.917,-21.895,-46.951,-12.078,-64.455,17.099,-47,10.084,-63.637,40.096,-93.424,-8.184,-116.586,-45.683,-91.602,,,,"",,,,"",,,,"",,,,"",,,,"",,,,"",,,,"",,,,"",,,,6531.463,-0.46,-37.392,,,,,,,,,,,,,,,,,,,,,,,,,,,,,,,,,,,,,,,,,,,,,,,,,,,,"",0,,,,,,,,,,,,,0,"",,,,0,""
194,,7,1,2,4,1,0,1,0,0,0,255,255,255,97,6545.498,"siesta_aves",R,36,74,125,1.453,0.222,0.519,1.062,0.558,1.871,-36.336,17.731,2,62,37,2,"",39.064,101.861,-1.754,0,0,6,"=","=","=","=","=","=","=","=","=",8,R,"Espressο",174.7,95.125,0.297,5,56,W,Y,1,6546.526,117,123,109,77,47,,137,86,15.872,46.222,0.26,0.978,-19.731,-0.69,0,0.397,244.528,407.036,-117.406,6548.346,-46.016,-58.29,,,,,,0,0,,,,,,,,,,,,,,,,,,,,,,,,,,,,,,,,,,,,,,0.392,-37.095,0.208,-16.843,-22.096,-47.305,-12.842,-63.812,17.228,-47.185,11.132,-63.797,40.276,-93.422,-8.286,-117.038,-44.175,-90.522,0.364,-37.224,,"P0TA0",0.213,-16.897,,"ʚEveɞ",-22.062,-47.335,,"白霜らいふ",-12.834,-63.809,,"인생최패망자",17.089,-46.935,,"カズティー",11.068,-63.76,,"IbikiKai_JP",40.006,-93.536,,"sano jpn",-8.28,-117.041,,"あおいぬ",-44.214,-90.503,,,,,,,,,,,,,,,,,,,,,,,,,,,,,,,,,,,,,,,,,,,,,,,,,,,,,,,,"",3,46.962,44.726,1.83,0,0,1,15.872,15.872,20.138,15.872,0,73.821,0,"",,,,0,""
195,,7,1,2,4,1,1,1,0,0,0,255,255,255,98,6570.548,"siesta_aves",R,3,78,117,-4.489,0.033,0.211,0.97,-1.197,1.655,-36.336,26.903,4,61,35,4,"",-461.531,0,3.906,0,0,6,"=","=","=","=","=","=","=","=","=",8,R,"Espressο",174.7,95.125,0.297,,56,W,Y,1,,,,,,,,,,,,,,,,,,,,,,,,,,,,,0,0,,,,,,,,,,,,,,,,,,,,,,,,,,,,,,,,,,,,,,0.107,-37.157,0.097,-16.906,-21.925,-47.81,-13.445,-63.453,17.166,-46.839,11.032,-63.846,40.488,-98.046,-6.822,-119.729,-43.94,-88.779,,,,"",,,,"",,,,"",,,,"",,,,"",,,,"",,,,"",,,,"",,,,,,,,,,,,,,,,,,,,,,,,,,,,,,,,,,,,,,,,,,,,,,,,,,,,,,,,,,"",0,,,,,,,,,,,,,0,"",,,,0,""
196,,7,1,2,4,1,2,1,0,0,0,255,255,255,99,6588.376,"siesta_aves",R,34,73,124,-6.115,0.172,0.042,1.058,-2.772,1.771,-36.336,12.531,3,78,18,1,"",68.365,41.595,7.845,0,0,6,"=","=","=","=","=","=","=","=","=",8,R,"Espressο",174.7,95.125,0.297,,56,W,Y,0,,,,,,,,,,,,,,,,,,,,,,,,,,,,,0,0,,,,,,,,,,,,,,,,,,,,,,,,,,,,,,,,,,,,,,0.302,-37.083,0.116,-16.769,-21.505,-47.4,-13.512,-63.346,17.288,-46.506,11.084,-63.819,40.246,-98.139,-6.92,-119.692,-44.221,-90.308,,,,"",,,,"",,,,"",,,,"",,,,"",,,,"",,,,"",,,,"",,,,,,,,,,,,,,,,,,,,,,,,,,,,,,,,,,,,,,,,,,,,,,,,,,,,,,,,,,"",0,,,,,,,,,,,,,0,"",,,,0,""
197,,7,1,2,4,2,2,1,0,0,0,255,255,255,100,6603.418,"siesta_aves",R,34,75,126,1.009,-0.348,0.455,0.909,0.311,1.502,-36.336,35.805,7,59,33,2,"",76.045,64.312,2.305,0,0,6,"=","=","=","=","=","=","=","=","=",8,R,"Espressο",174.7,95.125,0.297,5,56,W,Y,1,6604.438,121,100,83,54,16,,137,81,-29.001,1.159,0.179,0.796,-19.713,-0.91,0,0.228,-23.988,-7.88,10.095,6602.979,0.152,-21.025,6604.146,0,-0.149,1.239,-35.965,0,0,,6610.253,,,,,,,,,,,,,6609.461,6,,147,0,,,,,,,,,,,,,,,,,,,0.203,-37.328,0.087,-16.854,-21.527,-46.544,-13.343,-63.909,17.297,-46.537,11.077,-63.835,40.239,-98.156,-7.197,-119.712,-44.504,-91.187,0.193,-37.292,85,"P0TA0",0.07,-16.944,,"ʚEveɞ",-21.81,-46.863,98,"白霜らいふ",-13.336,-63.881,,"인생최패망자",17.108,-46.265,,"カズティー",11.053,-63.775,,"IbikiKai_JP",40.376,-98.101,,"sano jpn",-7.196,-119.713,,"あおいぬ",-44.449,-89.505,,6605.667,-0.254,-37.204,,,,6608.82,-19.118,-39.537,,,,,,,,,,,,,,,,,,,6607.87,-4.007,-39.012,,,,6611.519,-14.966,-39.237,,,,,,,,,,,,,,,,,,,"",2,1.868,1.869,7.067,0,1,0.759,-43.708,-29.001,-86.401,-49.248,0.048,-17.174,0,"siesta_aves",,,,4,""
198,,7,1,2,4,0,0,2,0,0,0,255,255,255,101,6984.526,"siesta_aves",R,36,75,126,-0.176,0.011,0.3,1.034,0.002,1.785,-36.336,26.213,5,58,37,0,"",-58.983,127.807,-5.091,0,0,7,"Gonyong","=","=","=","=","=","=","=","=",3,L,"vovopo 보보포",160,80.084,0.55,,41,W,Y,0,,,,,,,,,,,,,,,,,,,,,,,,,,,,,0,0,,,,,,,,,,,,,,,,,,,,,,,,,,,,,,,,,,,,,,0.227,-37.41,-0.108,-17.059,-21.927,-47.244,-6.728,-66.362,16.756,-43.189,11.299,-63.117,44.894,-86.751,7.241,-115.85,-44.848,-93.779,,,,"",,,,"",,,,"",,,,"",,,,"",,,,"",,,,"",,,,"",,,,,,,,,,,,,,,,,,,,,,,,,,,,,,,,,,,,,,,,,,,,,,,,,,,,,,,,,,"",0,,,,,,,,,,,,,0,"",,,,0,""
199,,7,1,2,4,0,1,2,0,0,0,255,255,255,102,7004.075,"siesta_aves",R,36,75,126,-0.318,-0.23,0.295,1.008,-0.021,1.684,-36.336,21.305,2,52,46,2,"",-84.577,148.585,-13.491,0,0,7,"=","=","=","=","=","=","=","=","=",3,L,"vovopo 보보포",160,80.084,0.55,5,41,W,Y,1,7005.174,199,244,142,27,15,,145,104,26.062,9.016,-0.051,0.812,-20.694,0.85,0,0.387,344.111,-102.331,-185.458,7008.746,-11.907,-110.751,7008.862,7,-11.585,2.116,-108,0,0,,7010.165,,,,,,,,,,,,,7010.356,7,,456,0,,,,,,,,,,,,,,,,,,,0.193,-37.115,-0.079,-17.124,-22.132,-46.754,-10.09,-64.874,16.911,-43.429,11.362,-63.1,45.343,-85.967,8.251,-112.728,-45.606,-93.703,0.263,-37.592,,"P0TA0",-0.08,-17.128,,"ʚEveɞ",-22.093,-46.771,,"白霜らいふ",-10.096,-64.855,,"인생최패망자",16.602,-43.023,,"カズティー",11.37,-63.038,,"IbikiKai_JP",45.284,-86.03,,"sano jpn",8.414,-112.231,104,"あおいぬ",-44.354,-93.056,,,,,,,,,,,,,,,,,,,,,,,7010.363,-11.361,-108.678,,,,,,,,,,,,,,,,,,,,,,,,,7013.44,-9.52,-89.473,,,,"",1,10.533,10.533,2.632,0,2,0,48.058,36.878,77.302,47.685,0.055,59.594,0,"sano jpn",,,,1,""
200,SIDE,7,1,2,4,0,0,2,0,0,0,255,255,255,,7014.052,,,,,,,,,,,,,,,,,,,,,,,,8,"=","=","=","=","=","=","=","=","=",,,,,,,,,,,,,,,,,,,,,,,,,,,,,,,,,,,,,,,0,0,,,,,,,,,,,,,,,,,,,,,,,,,,,,,,,,,,,,,,,,,,,,,,,,,,,,,,,,,,,,,,,,,,,,,,,,,,,,,,,,,,,,,,,,,,,,,,,,,,,,,,,,,,,,,,,,,,,,,,,,,,,,,,,,,,,,,,,,,,,,,,,,,"",0,,,,,,,,,,,,,0,"",,,,0,""
201,,7,0,2,4,0,0,0,0,0,0,255,255,255,0,7179.269,"あくせる",R,11,82,128,2.412,-0.118,0.494,1.574,1.12,1.735,-36.443,31.597,0,100,0,2,"",-57.036,193.638,4.174,0,0,3,"sano jpn","NABIMan","ʚEveɞ","P0TA0","白霜らいふ","인생최패망자","カズティー","IbikiKai_JP","あおいぬ",1,R,"P0TA0",190,96.215,0.525,5,41,W,Y,1,7180.209,120,136,128,98,33,,138,99,36.793,12.834,0.441,0.926,-19.846,-0.3,0,0.21,489.871,318.723,-132.615,7184.279,-22.996,-97.138,7184.446,8,-22.222,2.431,-95.087,0,0,,7186.483,,,,,,,,,,,,,7186.006,3,,457,0,,,,,,,,,,,,,,,,,,,-0.008,-38.176,0.059,-17.009,-22.368,-50.69,-10.214,-59.881,19.314,-49.754,11.309,-63.147,50.287,-94.192,0.007,-108.493,-39.803,-89.316,0.053,-36.751,,"kneesohime",0.06,-17.023,,"にゃんこ65K",-22.267,-50.74,,"vovopo 보보포",-10.211,-59.886,87,"?fredo?",20.435,-50.37,,"CoalCat",11.347,-63.127,,"Gonyong",50.296,-94.202,,"Roscosmos",0.011,-108.486,,"Espressο",-39.715,-89.479,113,7192.43,0.058,-38.121,,,,,,,7189.633,-10.595,-59.83,,,,,,,,,,,,,7186.02,-22.533,-96.12,,,,,,,,,,7191.238,-7.682,-56.206,,,,,,,,,,,,,7188.167,-23.24,-94.431,"",1,13.239,13.239,-2.34,0,1,0.75,53.077,36.793,-0.633,78.53,0.049,31.145,0,"Espressο",,,,208,""
202,,7,0,2,4,0,0,1,0,0,0,255,255,255,1,7211.367,"あくせる",R,27,83,135,-0.024,0.138,0.226,1.519,-0.129,1.549,-36.443,12.179,0,100,0,0,"",80.796,-143.03,20.593,0,0,4,"=","=","=","=","=","=","=","=","=",3,R,"白霜らいふ",175.1,80,0.653,,55,W,Y,0,,,,,,,,,,,,,,,,,,,,,,,,,,,,,0,0,,,,,,,,,,,,,,,,,,,,,,,,,,,,,,,,,,,,,,-0.04,-38.225,0.059,-17.156,-21.16,-47.608,-10.231,-58.872,18.565,-49.373,11.608,-63.367,42.86,-91.691,-0.202,-107.167,-40.793,-95.514,,,,"",,,,"",,,,"",,,,"",,,,"",,,,"",,,,"",,,,"",,,,7215.103,-0.325,-37.181,,,,,,,,,,,,,,,,,,,,,,,,,,,,,,,,,,,,,,,,,,,,,,,,,,,,"",0,,,,,,,,,,,,,0,"",,,,0,""
203,,7,0,2,4,0,1,1,0,0,0,255,255,255,2,7231.04,"あくせる",R,11,84,130,1.362,-1.086,0.379,1.427,0.582,1.224,-36.443,26.425,0,100,0,1,"",0,223.524,15.302,0.215,-15.857,4,"=","=","=","=","=","=","=","=","=",3,R,"白霜らいふ",175.1,80,0.653,,55,W,Y,0,,,,,,,,,,,,,,,,,,,,,,,,,,,,,0,0,,,,,,,,,,,,,,,,,,,,,,,,,,,,,,,,,,,,,,0.076,-37.334,0.018,-16.913,-21.211,-48.696,-9.983,-58.883,18.392,-49.711,11.834,-63.233,37.624,-90.699,3.174,-106.818,-40.756,-95.484,,,,"",,,,"",,,,"",,,,"",,,,"",,,,"",,,,"",,,,"",,,,7235.334,0.091,-36.811,,,,,,,,,,,,,,,,,,,,,,,,,,,,,,,,,,,,,,,,,,,,,,,,,,,,"",0,,,,,,,,,,,,,0,"",,,,0,""
204,,7,0,2,4,1,1,1,0,0,0,255,255,255,3,7251.289,"あくせる",R,13,74,101,-2.534,-1.504,0.197,1.434,-0.372,1.271,-36.443,27.052,26,74,0,1,"",-352.45,320.397,-26.564,-0.698,-18.113,4,"=","=","=","=","=","=","=","=","=",3,R,"白霜らいふ",175.1,80,0.653,,55,W,Y,0,,,,,,,,,,,,,,,,,,,,,,,,,,,,,0,0,,,,,,,,,,,,,,,,,,,,,,,,,,,,,,,,,,,,,,0.03,-37.576,-0.059,-16.92,-21.42,-48.772,-9.979,-58.914,19.506,-51.057,11.898,-63.223,37.621,-91.627,3.993,-105.522,-40.715,-95.513,,,,"",,,,"",,,,"",,,,"",,,,"",,,,"",,,,"",,,,"",,,,7255.867,0.047,-36.996,,,,,,,,,,,,,,,,,,,,,,,,,,,,,,,,,,,,,,,,,,,,,,,,,,,,"",0,,,,,,,,,,,,,0,"",,,,0,""
205,,7,0,2,4,2,1,1,0,0,0,255,255,255,4,7266.514,"あくせる",R,28,86,139,0.415,0.182,0.267,1.54,0.063,1.623,-36.443,12.967,0,100,0,2,"",82.08,-95.738,12.903,0,0,4,"=","=","=","=","=","=","=","=","=",3,R,"白霜らいふ",175.1,80,0.653,5,55,W,Y,1,7267.608,210,108,108,61,32,,145,91,104.083,35.398,0.073,0.959,-19.718,-0.65,0,0.488,422.562,316.987,-284.535,7272.429,19.806,4.663,,,,,,0,0,,,,,,,,,,,,,,,,,,,,,,,,,,,,,,,,,,,,,,0.057,-37.218,0.047,-16.937,-21.17,-49.055,-10.203,-58.734,20.733,-52.292,11.896,-63.238,37.713,-91.732,-6.343,-105.175,-40.741,-95.574,0.15,-36.377,,"kneesohime",0.036,-16.961,,"にゃんこ65K",-21.136,-49.015,,"vovopo 보보포",-10.191,-58.738,,"?fredo?",18.309,-50.701,,"CoalCat",11.926,-63.211,,"Gonyong",37.673,-91.692,,"Roscosmos",-7.115,-105.055,,"Espressο",-40.828,-95.427,,,,,,,,,,,,,,,,,,,,,,,,,,,,,,,,,,,,,,,,,,,,,,,,,,,,,,,,"",3,35.812,35.812,7.914,0,0,1,75.917,75.917,8.299,75.917,0,38.9,0,"",,,,0,""
206,,7,0,2,4,2,2,1,0,0,0,255,255,255,5,7291.286,"あくせる",R,27,80,131,0.701,0.316,0.299,1.558,0.21,1.686,-36.443,13.421,0,100,0,0,"",59.808,-102.321,12.693,0,0,4,"=","=","=","=","=","=","=","=","=",3,R,"白霜らいふ",175.1,80,0.653,,55,W,Y,0,,,,,,,,,,,,,,,,,,,,,,,,,,,,,0,0,,,,,,,,,,,,,,,7293.971,4,,578,0,,,,,,,,,,,,,,,,,,,0.09,-37.331,-0.051,-17.105,-20.89,-47.874,-8.886,-58.704,19.887,-48.782,12.697,-63.27,39.296,-89.128,-6.381,-106.707,-40.529,-95.141,,,,"",,,,"",,,,"",,,,"",,,,"",,,,"",,,,"",,,,"",,,,,,,,,,,,,,,,,,,,,,,,,,,,,,,,,,,,,,,,,,,,,,,,,,,,,,,,,,"",0,,,,,,,,,,,,,0,"",,,,0,""
207,,7,0,2,4,0,0,2,0,0,0,255,255,255,6,7313.695,"あくせる",R,13,86,125,-2.387,-1.48,0.149,1.362,-0.486,1.048,-36.443,21.649,23,77,0,1,"",-365.159,341.554,10.972,-0.669,-17.288,5,"=","=","=","=","=","=","=","=","=",4,R,"인생최패망자",190,90,0.4,,55,W,Y,0,,,,,,,,,,,,,,,,,,,,,,,,,,,,,0,0,,,,,,,,,,,,,,,,,,,,,,,,,,,,,,,,,,,,,,-0.036,-37.338,-0.003,-17.143,-21.839,-48.698,-9.93,-58.481,20.615,-49.887,11.521,-62.993,37.698,-91.836,0.059,-103.401,-40.561,-94.935,,,,"",,,,"",,,,"",,,,"",,,,"",,,,"",,,,"",,,,"",,,,,,,,,,,,,,,,,,,,,,,,,,,,,,,,,,,,,,,,,,,,,,,,,,,,,,,,,,"",0,,,,,,,,,,,,,0,"",,,,0,""
208,,7,0,2,4,1,0,2,0,0,0,255,255,255,7,7332.868,"あくせる",R,33,88,140,1.375,-0.05,0.35,1.504,0.45,1.507,-36.443,16.173,0,100,0,0,"",103.707,-89.518,8.889,0,0,5,"=","=","=","=","=","=","=","=","=",4,R,"인생최패망자",190,90,0.4,,55,W,Y,1,,,,,,,,,,,,,,,,,,,,,,,,,,,,,0,0,,,,,,,,,,,,,,,,,,,,,,,,,,,,,,,,,,,,,,0.097,-37.16,0.065,-17.305,-21.864,-49.113,-9.633,-58.543,19.699,-49.963,11.407,-63.078,36.955,-87.483,-0.163,-103.375,-44.041,-98.534,,,,"",,,,"",,,,"",,,,"",,,,"",,,,"",,,,"",,,,"",,,,,,,,,,,,,,,,,,,,,,,,,,,,,,,,,,,,,,,,,,,,,,,,,,,,,,,,,,"",0,,,,,,,,,,,,,0,"",,,,0,""
209,,7,0,2,4,1,1,2,0,0,0,255,255,255,8,7351.088,"あくせる",R,10,88,130,0.609,-1.26,0.309,1.399,0.256,1.168,-36.443,20.481,0,100,0,1,"",0,339.002,18.652,0.064,-16.502,5,"=","=","=","=","=","=","=","=","=",4,R,"인생최패망자",190,90,0.4,,55,W,Y,0,,,,,,,,,,,,,,,,,,,,,,,,,,,,,0,0,,,,,,,,,,,,,,,,,,,,,,,,,,,,,,,,,,,,,,0.09,-37.311,0.025,-17.102,-21.901,-49.455,-9.644,-58.541,20.464,-50.035,11.81,-62.825,36.716,-87.089,0.024,-103.332,-44.503,-98.455,,,,"",,,,"",,,,"",,,,"",,,,"",,,,"",,,,"",,,,"",,,,,,,,,,,,,,,,,,,,,,,,,,,,,,,,,,,,,,,,,,,,,,,,,,,,,,,,,,"",0,,,,,,,,,,,,,0,"",,,,0,""
210,,7,0,2,4,2,1,2,0,0,0,255,255,255,9,7369.141,"あくせる",R,10,84,125,1.3,-0.948,0.392,1.485,0.645,1.445,-36.443,21.488,0,100,0,2,"",-59.198,400,13.26,0,0,5,"=","=","=","=","=","=","=","=","=",4,R,"인생최패망자",190,90,0.4,5,55,W,Y,1,7370.221,145,170,136,141,82,,145,97,-83.049,-39.001,0.244,0.691,-20.71,-0.6,0,0.342,-506.064,-121.672,-284.861,7368.729,0.312,-20.794,7372.046,1,1.295,2.754,-20.011,0,0,,,,,7381.507,,,,,,,,,,,,,,,,,,,,,,,,,,,,,,,,,0.105,-37.338,0.032,-17.105,-21.845,-49.402,-9.614,-58.538,20.863,-51.925,11.75,-62.875,36.371,-87.091,0.008,-103.337,-44.467,-98.386,-0.015,-36.402,,"kneesohime",0.035,-17.254,130,"にゃんこ65K",-21.697,-49.321,72,"vovopo 보보포",-9.62,-58.552,,"?fredo?",19.518,-49.798,,"CoalCat",11.77,-62.837,,"Gonyong",36.136,-87.047,,"Roscosmos",0.014,-103.34,,"Espressο",-44.479,-98.379,,7392.979,-2.473,-40.476,7373.595,1.266,-20.278,7375.452,-18.786,-39.316,7389.037,-1.037,-50.881,,,,,,,7383.553,40.943,-52.215,,,,,,,,,,7374.508,-1.342,-23.485,7377.82,-17.545,-40.131,,,,,,,,,,,,,,,,,,,"",3,-38.246,-38.246,-8.068,0,2,0.291,-85.754,-83.049,-7.882,-84.066,0.072,-140.442,0,"kneesohime",,,,157,""
211,,7,0,2,4,2,2,2,0,0,0,255,255,255,10,7428.067,"あくせる",R,33,89,140,2.443,0.779,0.442,1.655,0.877,1.995,-36.443,25.741,0,100,0,4,"",131.184,-126.429,6.044,0,0,5,"=","=","=","=","=","=","=","=","=",4,R,"인생최패망자",190,90,0.4,,56,W,Y,1,,,,,,,,,,,,,,,,,,,,,,,,,,,,,0,0,,,,,,,,,,,,,,,7430.751,5,,578,0,,,,,,,,,,,,,,,,,,,0.036,-37.123,-0.008,-17.032,-21.566,-48.842,-9.783,-59.201,20.368,-50.396,11.302,-62.834,39.994,-84.873,-0.083,-106.309,-42.217,-93.858,,,,"",,,,"",,,,"",,,,"",,,,"",,,,"",,,,"",,,,"",,,,,,,,,,,,,,,,,,,,,,,,,,,,,,,,,,,,,,,,,,,,,,,,,,,,,,,,,,"",0,,,,,,,,,,,,,0,"",,,,0,""
212,SIDE,7,0,2,4,0,0,2,0,0,0,255,255,255,,7433.1,,,,,,,,,,,,,,,,,,,,,,,,6,"=","=","=","=","=","=","=","=","=",,,,,,,,,,,,,,,,,,,,,,,,,,,,,,,,,,,,,,,0,0,,,,,,,,,,,,,,,,,,,,,,,,,,,,,,,,,,,,,,,,,,,,,,,,,,,,,,,,,,,,,,,,,,,,,,,,,,,,,,,,,,,,,,,,,,,,,,,,,,,,,,,,,,,,,,,,,,,,,,,,,,,,,,,,,,,,,,,,,,,,,,,,,"",0,,,,,,,,,,,,,0,"",,,,0,""
213,,8,1,2,4,0,0,0,0,0,0,255,255,255,0,7569.244,"ʚEveɞ",R,26,91,140,0.109,-0.177,0.252,2.175,-0.046,1.304,-36.442,44.367,81,17,2,2,"",36.791,-200,0.557,0,0,8,"Gonyong","?fredo?","kneesohime","にゃんこ65K","あくせる","CoalCat","Espressο","vovopo 보보포","Roscosmos",7,R,"Roscosmos",175,96.351,0.374,5,55,W,Y,1,7570.073,65,66,86,88,56,,113,78,94.287,-67.599,-0.007,0.882,-20.271,-0.24,0,0.273,-28.523,-52.687,45.018,7574.496,-6.408,-18.161,7574.629,1,-6.26,2.899,-18.217,0,0,,,,,,,,,,,,,,,7576.186,8,,450,0,,,,,,,,,,,,,,,,,,,-0.186,-37.192,0.084,-16.953,-24.424,-48.902,-11.551,-63.895,17.298,-47.4,12.316,-63.807,35.163,-93.995,-8.014,-118.148,-45.738,-91.651,0.281,-36.563,,"P0TA0",0.069,-16.991,108,"NABIMan",-24.373,-48.91,,"白霜らいふ",-11.553,-63.877,,"인생최패망자",17.014,-47.249,,"カズティー",12.291,-63.643,,"IbikiKai_JP",35.17,-94.009,,"sano jpn",-8.388,-118.286,,"あおいぬ",-45.732,-91.652,,7579.711,-0.983,-37.595,7576.198,-6.227,-18.121,,,,,,,,,,,,,,,,,,,,,,,,,7578.75,-6.821,-19.144,,,,,,,,,,,,,,,,,,,,,,"",1,-72.624,-63.254,-19.254,0.617,0,1,85.713,85.713,-8.099,85.713,0,-80.641,0,"P0TA0",,,,12,""
214,,8,1,2,4,0,0,1,0,0,0,255,255,255,1,7597.897,"ʚEveɞ",R,26,90,140,-0.404,0.029,0.246,2.077,-0.229,1.403,-36.442,30.295,82,16,1,0,"",39.287,-200,5.672,0,0,0,"=","=","=","=","=","=","=","=","=",6,R,"Gonyong",170.5,85,0.298,,48,W,Y,1,,,,,,,,,,,,,,,,,,,,,,,,,,,,,0,0,,,,,,,,,,,,,,,,,,,,,,,,,,,,,,,,,,,,,,-0.089,-37.379,0.09,-16.913,-23.363,-47.407,-12.328,-63.767,16.941,-45.556,12.091,-64.311,36.553,-94.823,-12.475,-113.245,-46.353,-95.378,,,,"",,,,"",,,,"",,,,"",,,,"",,,,"",,,,"",,,,"",,,,7602.614,-0.124,-37.277,,,,,,,,,,,,,,,,,,,,,,,,,,,,,,,,,,,,,,,,,,,,,,,,,,,,"",0,,,,,,,,,,,,,0,"",,,,0,""
215,,8,1,2,4,0,1,1,0,0,0,255,255,255,2,7613.598,"ʚEveɞ",R,26,87,140,-1.791,0.306,0.113,2.12,-0.849,1.558,-36.442,37.768,87,13,0,2,"",48.494,-200,2.245,0,0,0,"=","=","=","=","=","=","=","=","=",6,R,"Gonyong",170.5,85,0.298,5,55,W,Y,1,7614.844,110,75,78,56,20,,136,122,26.442,65.782,-0.352,0.934,-19.572,0.68,0,0.21,418.781,135.192,-364.612,,,,,,,,,0,0,,,,,,,,,,,,,,,,,,,,,,,,,,,,,,,,,,,,,,-0.261,-37.103,0.09,-16.891,-23.614,-47.928,-12.412,-63.952,16.942,-45.553,12.092,-64.306,36.484,-95.323,-12.56,-113.125,-45.948,-91.537,0.044,-36.463,,"P0TA0",0.022,-16.989,,"NABIMan",-23.417,-48.184,,"白霜らいふ",-12.418,-63.903,,"인생최패망자",16.725,-45.148,,"カズティー",12.092,-64.233,,"IbikiKai_JP",36.487,-95.327,,"sano jpn",-12.561,-113.121,,"あおいぬ",-45.304,-90.814,,,,,,,,,,,,,,,,,,,,,,,,,,,,,,,,,,,,,,,,,,,,,,,,,,,,,,,,"",3,73.774,63.432,23.12,0.634,1,0.693,56.772,40.619,1.788,88.555,0.05,91.659,0,"",,,,0,""
216,,8,1,2,4,0,2,1,0,0,0,255,255,255,3,7631.256,"ʚEveɞ",R,6,56,88,-0.145,1.343,-0.031,2.439,-1.011,2.358,-36.442,37.38,100,0,0,2,"",400,0,17.448,0,0,0,"=","=","=","=","=","=","=","=","=",6,R,"Gonyong",170.5,85,0.298,5,55,W,Y,1,7632.721,105,96,119,38,22,,136,82,50.56,5.303,-0.013,1.291,-20.158,-0.76,0,0.268,-432.925,-69.165,152.631,7636.079,-4.686,-73.229,7636.262,3,-4.589,2.612,-71.592,0,0,,7638.344,,,,,,,,,,,,,7637.775,0,,452,0,,,,,,,,,,,,,,,,,,,-0.071,-37.285,0.079,-16.987,-23.585,-47.997,-13.137,-63.412,16.845,-45.233,12.14,-64.42,36.307,-95.21,-12.278,-115.688,-45.695,-90.652,0.005,-36.678,,"P0TA0",0.089,-16.991,,"NABIMan",-23.211,-48.136,,"白霜らいふ",-13.132,-63.433,89,"인생최패망자",17,-45.808,,"カズティー",12.135,-64.167,,"IbikiKai_JP",36.262,-95.216,,"sano jpn",-12.254,-115.69,,"あおいぬ",-45.493,-90.277,,7640.994,-1.936,-45.142,,,,,,,7637.79,-4.635,-72.238,,,,,,,,,,,,,,,,,,,,,,,,,7639.849,-5.607,-65.153,,,,,,,,,,,,,,,,"",1,2.781,2.781,-14.893,0,1,0.761,64.058,50.56,-4.451,77.711,0.057,33.551,0,"白霜らいふ",,,,20,""
217,,8,1,2,4,0,0,2,0,0,0,255,255,255,4,7659.673,"ʚEveɞ",R,6,67,96,0.33,0.268,-0.031,2.213,-0.877,1.779,-36.442,21.592,97,3,0,2,"",436.364,0,34.779,0,0,1,"=","=","=","=","=","=","=","=","=",4,R,"?fredo?",190,83.536,0.353,3,55,W,Y,1,7660.9,201,228,45,114,86,,134,80,26.063,15.047,-0.019,1.258,-21.562,1,0,0.45,15.806,146.071,541.296,7663.379,-18.696,-79.351,7665.313,8,-25.931,0.059,-90.433,1,0,,7666.988,,,,,,,,,,,,,,,,,,,,,,,,,,,,,,,,,,,,-0.184,-37.268,0.097,-16.862,-22.295,-46.853,-12.834,-64.368,17.032,-46.623,11.885,-64.549,33.431,-87.377,-11.548,-121.985,-46.858,-90.985,0.025,-37.071,120,"P0TA0",0.038,-16.919,,"NABIMan",-22.543,-47.222,90,"白霜らいふ",-12.84,-64.348,,"인생최패망자",18.653,-48.377,,"カズティー",11.884,-64.471,,"IbikiKai_JP",33.433,-87.371,,"sano jpn",-11.902,-121.764,,"あおいぬ",-49.207,-95.403,87,7673.634,1.376,-50.979,,,,7694.016,-18.49,-39.664,,,,,,,,,,,,,,,,7666.909,-26.338,-91.152,7693.131,-1.72,-38.885,,,,7696.031,-17.248,-39.546,,,,,,,,,,,,,,,,7671.956,-20.392,-73.53,"",2,,,,,,,,,,,,,0,"あおいぬ",,,,262,""
218,,8,1,2,4,0,0,2,1,0,0,4,255,255,5,7710.168,"ʚEveɞ",R,26,88,140,-0.309,1.013,0.161,2.236,-0.246,2.095,-36.442,42.552,83,15,2,2,"",27.665,-200,7.777,0,0,2,"=","=","=","=","=","=","=","=","=",1,R,"kneesohime",190,85.362,0.601,5,55,W,Y,1,7711.258,255,177,151,75,50,,145,110,99.083,-32.762,-0.1,1.442,-20.436,0,0,0.201,364.899,178.176,119.651,7717.179,-13.01,4.928,,,,,,0,0,,,,,,,,,,,,7710.339,,,,,,,,,,,,,,,,,,,,,,,,,,-0.22,-37.249,0.121,-16.987,-21.88,-45.883,-11.934,-63.848,17.146,-46.24,11.317,-63.853,37.404,-94.634,-11.241,-118.491,-48.761,-93.061,0.141,-36.35,,"P0TA0",0.104,-17.007,,"NABIMan",-21.963,-45.963,,"白霜らいふ",-11.949,-63.848,,"인생최패망자",16.849,-46.423,,"カズティー",11.341,-63.781,,"IbikiKai_JP",37.386,-94.645,,"sano jpn",-14.045,-122.292,,"あおいぬ",-48.764,-93.061,,,,,,,,,,,,,,,,,,,,,,,,,,,,,,,,,,,,,,,,,,,,,,,,,,,,,,,,"",3,-31.967,-31.967,0.863,0,0,1,80.917,80.917,-4.559,80.917,0,-42.589,0,"",,,,0,""
219,,8,1,2,4,0,1,2,1,0,0,4,255,255,6,7933.906,"ʚEveɞ",R,6,55,99,-0.158,-0.481,0.071,2.04,-1.044,1.308,-36.442,11.182,56,44,0,2,"",450,0,28.269,0,0,2,"=","=","=","=","=","=","=","=","=",1,R,"kneesohime",190,85.362,0.601,0,55,W,Y,0,7935.183,156,155,52,92,73,,136,86,-30,33.246,-0.068,0.689,-19.96,1,0,0.253,-526.611,284.473,41.908,7933.646,-0.774,-21.032,7935.479,2,-16.228,0.121,-44.463,0,0,,,,,,7940.473,,,,,,7934.044,,,7939.332,2,,147,0,,,,,,,,,,,7938.784,2,,,,,,,-0.08,-37.276,0.099,-16.893,-21.794,-46.999,-11.403,-63.867,17.765,-46.266,11.506,-64.758,38.9,-93.924,-15.508,-120.307,-48.476,-91.162,0.143,-36.862,,"P0TA0",0.004,-16.921,,"NABIMan",-21.797,-47.055,,"白霜らいふ",-11.415,-63.876,,"인생최패망자",17.872,-46.773,,"カズティー",11.512,-64.672,,"IbikiKai_JP",38.9,-93.918,,"sano jpn",-15.923,-120.824,,"あおいぬ",-48.871,-91.788,,,,,,,,7937.101,-17.406,-46.361,,,,,,,,,,,,,,,,,,,,,,,,,,,,,,,,,,,,,,,,,,,,,,"",2,,,,,,,,,,,,,0,"NABIMan",7940.473,,,2,""
220,SIDE,8,1,2,4,0,0,2,0,1,0,255,4,255,,7941.804,,,,,,,,,,,,,,,,,,,,,,,,3,"=","=","=","=","=","=","=","=","=",,,,,,,,,,,,,,,,,,,,,,,,,,,,,,,,,,,,,,,0,0,,,,,,,,,,,,,,,,,,,,,,,,,,,,,,,,,,,,,,,,,,,,,,,,,,,,,,,,,,,,,,,,,,,,,,,,,,,,,,,,,,,,,,,,,,,,,,,,,,,,,,,,,,,,,,,,,,,,,,,,,,,,,,,,,,,,,,,,,,,,,,,,,"",0,,,,,,,,,,,,,0,"",,,,0,""
221,,8,0,2,4,0,0,0,0,0,0,255,255,255,11,7990.705,"あくせる",R,27,86,139,1.406,0.389,0.369,1.571,0.537,1.732,-36.443,22.34,0,100,0,0,"",48.089,-108.323,9.536,0,0,6,"sano jpn","NABIMan","ʚEveɞ","P0TA0","白霜らいふ","인생최패망자","カズティー","Ѕeyeon","あおいぬ",5,R,"カズティー",175.4,84.645,0.33,,55,W,Y,0,,,,,,,,,,,,,,,,,,,,,,,,,,,,,0,0,,,,,,,,,,,,,,,,,,,,,,,,,,,,,,,,,,,,,,0.084,-37.543,0.084,-17.263,-21.701,-50.211,-10.929,-59.801,20.585,-49.125,12.156,-64.208,39.761,-90.372,-0.056,-105.181,-40.933,-94.188,,,,"",,,,"",,,,"",,,,"",,,,"",,,,"",,,,"",,,,"",,,,,,,,,,,,,,,,,,,,,,,,,,,,,,,,,,,,,,,,,,,,,,,,,,,,,,,,,,"",0,,,,,,,,,,,,,0,"",,,,0,""
222,,8,0,2,4,0,1,0,0,0,0,255,255,255,12,8011.057,"あくせる",R,13,70,110,-0.397,-1,0.385,1.571,0.523,1.465,-36.443,41.025,34,66,0,2,"",-390.434,312.348,-16.592,0,0,6,"=","=","=","=","=","=","=","=","=",5,R,"カズティー",175.4,84.645,0.33,3,55,W,Y,1,8012.146,248,214,119,84,86,,145,82,-30,65.889,-0.052,0.662,-20.783,1,0.238,1.026,-89.128,312.957,-448.788,8010.612,-2.287,-21.776,,,,,,0,0,,,,,,,,,,,,,,,,,,,,,,,,,,,,,,,,,,,,,,-0.009,-38.159,0.031,-17.253,-21.424,-49.862,-10.613,-59.713,20.194,-49.099,12.482,-63.601,39.273,-90.581,-0.17,-105.434,-40.862,-94.236,-0.01,-36.772,,"kneesohime",0.032,-17.262,,"にゃんこ65K",-21.473,-49.713,,"vovopo 보보포",-10.653,-59.684,,"?fredo?",20.704,-49.133,,"CoalCat",12.479,-63.653,,"Gonyong",39.25,-90.564,,"Roscosmos",-0.17,-105.437,,"Espressο",-40.987,-94.056,,,,,,,,,,,,,,,,,,,,,,,,,,,,,,,,,,,,,,,,,,,,,,,,,,,,,,,,"",3,,,,,,,,,,,,,0,"",,,,0,""
223,,8,0,2,4,0,2,0,0,0,0,255,255,255,13,8034.483,"あくせる",R,27,84,136,2.172,0.867,0.418,1.642,0.763,1.98,-36.443,24.772,0,100,0,2,"",123.776,-135.483,12.619,0,0,6,"=","=","=","=","=","=","=","=","=",5,R,"カズティー",175.4,84.645,0.33,5,55,W,Y,1,8035.488,185,83,113,57,0,,145,84,53.032,30.905,0.394,1.113,-19.729,-1,0,0.586,-42.781,-230.714,552.215,8039.029,-26.836,-65.431,8039.229,3,-26.189,2.734,-63.994,0,0,,8041.259,,,,,,,,,,,,,8040.727,6,,452,0,,,,,,,,,,,,,,,,,,,0.095,-37.358,0.041,-17.221,-21.207,-48.466,-10.417,-59.373,22.511,-52.116,12.936,-63.589,39.278,-90.544,0.138,-105.458,-40.624,-89.366,0.037,-36.361,,"kneesohime",0.04,-17.223,,"にゃんこ65K",-21.253,-48.356,,"vovopo 보보포",-10.438,-59.399,62,"?fredo?",21.082,-51.992,,"CoalCat",12.944,-63.436,,"Gonyong",39.312,-90.548,,"Roscosmos",0.143,-105.458,,"Espressο",-40.562,-89.401,,8109.788,0.316,-38.138,,,,,,,8040.741,-26.308,-64.42,,,,,,,,,,,,,,,,,,,,,,,,,8046.135,-10.767,-48.166,,,,,,,,,,,,,,,,"",1,30.486,30.486,10.636,0,0,1,53.032,53.032,47.227,53.032,0,30.778,0,"vovopo 보보포",,,,144,""
224,,8,0,2,4,0,0,1,0,0,0,255,255,255,14,8113.047,"あくせる",R,33,83,134,2.48,0.124,0.449,1.534,0.909,1.601,-36.443,26.059,0,100,0,2,"",111.958,-74.178,7.622,0,0,7,"=","=","=","=","=","=","=","=","=",6,R,"Ѕeyeon",171.3,80,0.4,5,88,W,Y,1,8113.999,104,147,92,86,37,,136,78,40.602,-47.51,0.48,1,-20.143,-1,0,0.486,519.361,-105.029,-84.038,8117.346,44.501,-56.008,8120.496,6,49.228,0.057,-60.257,0,0,,8119.637,,,,,,,,,,,,,,,,,,,,,,,,,,,,,,,,,,,,0.121,-37.633,0.041,-17.213,-22.327,-49.937,-10.097,-58.26,19.344,-51.252,11.069,-62.103,36.656,-88.609,0.078,-104.009,-40.907,-90.49,-0.141,-36.485,,"kneesohime",0.044,-17.223,,"にゃんこ65K",-22.343,-49.917,,"vovopo 보보포",-10.08,-58.244,,"?fredo?",18.615,-50.446,,"CoalCat",11.22,-62.049,,"Gonyong",36.641,-88.643,108,"Roscosmos",0.079,-104.003,,"Espressο",-39.271,-90.569,,8126.634,0.169,-40.054,,,,,,,,,,,,,,,,8122.082,49.457,-60.646,,,,,,,,,,,,,,,,,,,,,,,,,8124.938,34.848,-57.289,,,,,,,"",3,-47.963,-41.684,-2.048,0,0,1,40.602,40.602,-5.075,40.602,0,-172.416,0,"Gonyong",,,,17,""
225,,8,0,2,4,0,1,1,0,0,0,255,255,255,15,8147.299,"あくせる",R,13,69,98,-1.831,-1.417,0.244,1.464,-0.083,1.358,-36.443,28.591,19,81,0,4,"",-341.594,320.917,-11.91,0,0,7,"=","=","=","=","=","=","=","=","=",6,R,"Ѕeyeon",171.3,80,0.4,,88,W,Y,1,,,,,,,,,,,,,,,,,,,,,,,,,,,,,0,0,,,,,,,,,,,,,,,,,,,,,,,,,,,,,,,,,,,,,,0.012,-37.421,-0.078,-17.217,-21.82,-49.396,-10.633,-57.063,21.18,-48.779,12.348,-63.786,39.975,-82.949,-0.336,-106.857,-41.375,-91.24,,,,"",,,,"",,,,"",,,,"",,,,"",,,,"",,,,"",,,,"",,,,8152.292,0.011,-37.212,,,,,,,,,,,,,,,,,,,,,,,,,,,,,,,,,,,,,,,,,,,,,,,,,,,,"",0,,,,,,,,,,,,,0,"",,,,0,""
226,,8,0,2,4,0,2,1,0,0,0,255,255,255,16,8165.455,"あくせる",R,26,84,136,-0.845,1.517,0.212,1.72,-0.193,2.268,-36.443,25.526,51,49,0,4,"",-132.218,-200,-0.877,0,0,7,"=","=","=","=","=","=","=","=","=",6,R,"Ѕeyeon",171.3,80,0.4,,88,W,Y,1,,,,,,,,,,,,,,,,,,,,,,,,,,,,,0,0,,,,,,,,,,,,,,,8167.948,7,,578,0,,,,,,,,,,,,,,,,,,,-0.035,-38.047,-0.035,-17.159,-21.643,-49.005,-10.647,-56.983,21.043,-50.524,12.488,-63.897,40.086,-82.744,-0.078,-106.389,-41.362,-91.278,,,,"",,,,"",,,,"",,,,"",,,,"",,,,"",,,,"",,,,"",,,,8169.867,0.003,-37.5,,,,,,,,,,,,,,,,,,,,,,,,,,,,,,,,,,,,,,,,,,,,,,,,,,,,"",0,,,,,,,,,,,,,0,"",,,,0,""
227,,8,0,2,4,0,0,2,0,0,0,255,255,255,17,8189.542,"あくせる",R,28,83,135,0.717,-0.859,0.298,1.37,0.206,1.02,-36.443,22.432,0,100,0,2,"",70.306,-96.563,14.146,0,0,8,"=","=","=","=","=","=","=","=","=",8,R,"あおいぬ",174,89.739,0.43,0,55,W,Y,1,8190.584,197,56,73,64,14,,143,131,-22.059,16.4,-0.001,0.524,-19.878,0.58,0,0.443,-312.281,405.109,291.566,8188.979,-0.337,-21.017,8190.462,3,-9.612,1.66,-52.218,0,0,,8196.164,,,,,,,,,,,,,8194.863,8,,147,128,,,,,,,,,,,,,,,,,,,0.102,-37.417,0.061,-17.145,-21.949,-48.77,-11.162,-57.642,20.67,-49.579,12.123,-63.028,39.716,-85.317,-0.166,-105.214,-48.36,-94.75,0.035,-36.766,,"kneesohime",0.046,-17.193,,"にゃんこ65K",-21.655,-49.028,,"vovopo 보보포",-11.17,-57.636,85,"?fredo?",19.901,-48.792,,"CoalCat",12.241,-63.011,,"Gonyong",38.17,-84.879,,"Roscosmos",-0.134,-105.219,,"Espressο",-48.351,-94.822,,,,,,,,8194.27,-18.91,-40.066,8191.954,-9.829,-53.498,,,,,,,,,,,,,,,,,,,,,,,,,8193.411,-12.643,-48.866,,,,,,,,,,,,,,,,"",2,,,,,,,,,,,,,0,"vovopo 보보포",,,,136,""
228,SIDE,8,0,2,4,0,0,2,0,0,0,255,255,255,,8196.705,,,,,,,,,,,,,,,,,,,,,,,,0,"=","=","=","=","=","=","=","=","=",,,,,,,,,,,,,,,,,,,,,,,,,,,,,,,,,,,,,,,0,0,,,,,,,,,,,,,,,,,,,,,,,,,,,,,,,,,,,,,,,,,,,,,,,,,,,,,,,,,,,,,,,,,,,,,,,,,,,,,,,,,,,,,,,,,,,,,,,,,,,,,,,,,,,,,,,,,,,,,,,,,,,,,,,,,,,,,,,,,,,,,,,,,"",0,,,,,,,,,,,,,0,"",,,,0,""
229,,9,1,2,4,0,0,0,0,0,0,255,255,255,7,8247.969,"ʚEveɞ",R,3,60,103,2.325,1.04,0.639,2.252,1.969,2.26,-36.442,58.991,95,5,0,1,"",-468.182,0,-34.667,0,0,3,"Gonyong","?fredo?","kneesohime","にゃんこ65K","あくせる","CoalCat","Espressο","vovopo 보보포","Roscosmos",2,R,"にゃんこ65K",190,91.275,0.596,,55,W,Y,0,,,,,,,,,,,,,,,,,,,,,,,,,,,,,0,0,,,,,,,,,,,,,,,,,,,,,,,,,,,,,,,,,,,,,,-0.012,-37.27,0.23,-16.996,-22.825,-47.782,-12.395,-63.252,19.134,-48.585,12.195,-64.399,37.703,-100.126,-13.548,-127.229,-50.498,-97.603,,,,"",,,,"",,,,"",,,,"",,,,"",,,,"",,,,"",,,,"",,,,,,,,,,,,,,,,,,,,,,,,,,,,,,,,,,,,,,,,,,,,,,,,,,,,,,,,,,"",0,,,,,,,,,,,,,0,"",,,,0,""
230,,9,1,2,4,1,0,0,0,0,0,255,255,255,8,8264.761,"ʚEveɞ",R,6,53,98,0.768,-0.432,0.124,2.106,-0.628,1.417,-36.442,20.663,100,0,0,0,"",443.12,51.121,25.611,0,0,3,"=","=","=","=","=","=","=","=","=",2,R,"にゃんこ65K",190,91.275,0.596,,55,W,Y,0,,,,,,,,,,,,,,,,,,,,,,,,,,,,,0,0,,,,,,,,,,,,,,,,,,,,,,,,,,,,,,,,,,,,,,-0.157,-37.26,0.163,-17.129,-22.764,-47.743,-12.451,-63.25,19.129,-48.711,12.205,-64.423,37.669,-100.021,-13.279,-126.339,-50.497,-97.565,,,,"",,,,"",,,,"",,,,"",,,,"",,,,"",,,,"",,,,"",,,,,,,,,,,,,,,,,,,,,,,,,,,,,,,,,,,,,,,,,,,,,,,,,,,,,,,,,,"",0,,,,,,,,,,,,,0,"",,,,0,""
231,,9,1,2,4,1,1,0,0,0,0,255,255,255,9,8280.03,"ʚEveɞ",R,26,80,131,2.683,1.636,0.425,2.338,1.04,2.432,-36.442,48.552,79,21,0,1,"",80.254,-200,6.391,0,0,3,"=","=","=","=","=","=","=","=","=",2,R,"にゃんこ65K",190,91.275,0.596,,55,W,Y,0,,,,,,,,,,,,,,,,,,,,,,,,,,,,,0,0,,,,,,,,,,,,,,,,,,,,,,,,,,,,,,,,,,,,,,-0.065,-37.203,0.285,-17.096,-22.832,-47.658,-11.939,-64.112,19.156,-48.724,12.239,-64.369,37.674,-100.035,-13.275,-126.324,-50.497,-97.669,,,,"",,,,"",,,,"",,,,"",,,,"",,,,"",,,,"",,,,"",,,,,,,,,,,,,,,,,,,,,,,,,,,,,,,,,,,,,,,,,,,,,,,,,,,,,,,,,,"",0,,,,,,,,,,,,,0,"",,,,0,""
232,,9,1,2,4,2,1,0,0,0,0,255,255,255,10,8299.016,"ʚEveɞ",R,10,60,105,-1.933,-1.59,0.114,1.992,-0.844,1.152,-36.442,14.058,63,37,0,1,"",0,400,-13.353,-0.412,-18.604,3,"=","=","=","=","=","=","=","=","=",2,R,"にゃんこ65K",190,91.275,0.596,,55,W,Y,0,,,,,,,,,,,,,,,,,,,,,,,,,,,,,0,0,,,,,,,,,,,,,,,,,,,,,,,,,,,,,,,,,,,,,,-0.118,-37.208,-0.072,-17.157,-22.85,-47.473,-11.925,-64.086,18.785,-48.682,12.194,-64.344,37.671,-100.031,-13.494,-126.395,-50.605,-97.689,,,,"",,,,"",,,,"",,,,"",,,,"",,,,"",,,,"",,,,"",,,,,,,,,,,,,,,,,,,,,,,,,,,,,,,,,,,,,,,,,,,,,,,,,,,,,,,,,,"",0,,,,,,,,,,,,,0,"",,,,0,""
233,,9,1,2,4,3,1,0,0,0,0,255,255,255,11,8317.929,"ʚEveɞ",R,26,87,140,-0.817,0.26,0.209,2.124,-0.402,1.582,-36.442,24.815,85,15,0,0,"",31.295,-200,34.906,0,0,3,"=","=","=","=","=","=","=","=","=",2,R,"にゃんこ65K",190,91.275,0.596,,55,W,Y,1,,,,,,,,,,,,,,,,,,,,,,,,,,,,,0,0,,,,,,,,,,,,,,,,,,,,,,,,,,,,,,,,,,,,,,-0.136,-37.148,0.309,-17.059,-22.749,-47.418,-12.432,-63.944,18.532,-48.829,12.211,-64.456,37.382,-99.532,-13.954,-126.314,-50.361,-96.629,,,,"",,,,"",,,,"",,,,"",,,,"",,,,"",,,,"",,,,"",,,,,,,,,,,,,,,,,,,,,,,,,,,,,,,,,,,,,,,,,,,,,,,,,,,,,,,,,,"",0,,,,,,,,,,,,,0,"",,,,0,""
234,,9,1,2,4,3,2,0,0,0,0,255,255,255,12,8335.086,"ʚEveɞ",R,26,82,133,0.136,0.89,0.305,2.243,0.046,1.966,-36.442,45.391,82,18,0,2,"",2.71,-200,4.57,0,0,3,"=","=","=","=","=","=","=","=","=",2,R,"にゃんこ65K",190,91.275,0.596,5,55,W,Y,1,8336.189,156,80,86,64,31,,145,95,105.056,21.535,0.014,1.312,-19.802,-0.69,0,0.249,460.307,236.621,-18.256,,,,,,,,,0,0,,,,,,,,,,,,,,,,,,,,,,,,,,,,,,,,,,,,,,-0.175,-37.095,0.243,-17.267,-22.999,-47.846,-12.155,-64.034,18.576,-48.793,12.201,-64.4,37.519,-99.761,-13.31,-126.687,-50.273,-98.359,-0.107,-36.649,,"P0TA0",0.174,-17.3,,"NABIMan",-22.982,-47.84,,"白霜らいふ",-12.187,-63.999,,"인생최패망자",18.565,-48.792,,"カズティー",12.212,-64.308,,"Ѕeyeon",37.519,-99.759,,"sano jpn",-13.306,-126.685,,"あおいぬ",-50.317,-98.302,,,,,,,,,,,,,,,,,,,,,,,,,,,,,,,,,,,,,,,,,,,,,,,,,,,,,,,,"",3,22.526,22.526,11.364,0,2,0.209,80.405,74.944,32.236,79.936,0.066,6.632,0,"",,,,0,""
235,,9,1,2,4,3,2,0,0,0,0,255,255,255,13,8355.105,"ʚEveɞ",R,3,53,98,0.749,0.538,0.584,2.196,1.21,1.951,-36.442,43.679,100,0,0,0,"",-445.455,0,-57.494,0,0,3,"=","=","=","=","=","=","=","=","=",2,R,"にゃんこ65K",190,91.275,0.596,,55,W,Y,0,,,,,,,,,,,,,,,,,,,,,,,,,,,,,0,0,,,,,,,,,,,,,,,8358.023,3,,578,0,,,,,,,,,,,,,,,,,,,-0.039,-37.1,0.228,-16.948,-22.753,-47.978,-12.654,-64.047,18.91,-47.836,12.256,-64.362,37.421,-97.97,-12.214,-127.132,-49.359,-97.03,,,,"",,,,"",,,,"",,,,"",,,,"",,,,"",,,,"",,,,"",,,,,,,,,,,,,,,,,,,,,,,,,,,,,,,,,,,,,,,,,,,,,,,,,,,,,,,,,,"",0,,,,,,,,,,,,,0,"",,,,0,""
236,,9,1,2,4,0,0,1,0,0,0,255,255,255,14,8378.133,"ʚEveɞ",R,14,59,102,-0.702,-1.456,0.066,1.993,-1.066,1.157,-36.442,12.754,62,38,0,1,"",362.039,312.348,37.427,-0.027,-18.552,4,"=","=","=","=","=","=","=","=","=",0,R,"あくせる",190,89.801,0.65,,55,W,Y,0,,,,,,,,,,,,,,,,,,,,,,,,,,,,,0,0,,,,,,,,,,,,,,,,,,,,,,,,,,,,,,,,,,,,,,-0.161,-37.137,0.213,-16.971,-23.543,-47.809,-12.231,-63.705,16.824,-46.247,11.881,-64.666,37.793,-97.812,-13.518,-124.144,-51.276,-96.864,,,,"",,,,"",,,,"",,,,"",,,,"",,,,"",,,,"",,,,"",,,,,,,,,,,,,,,,,,,,,,,,,,,,,,,,,,,,,,,,,,,,,,,,,,,,,,,,,,"",0,,,,,,,,,,,,,0,"",,,,0,""
237,,9,1,2,4,1,0,1,0,0,0,255,255,255,15,8393.428,"ʚEveɞ",R,3,57,101,0.927,0.346,0.549,2.2,1.18,1.826,-36.442,39.46,100,0,0,2,"",-459.091,0,-84.693,0,0,4,"=","=","=","=","=","=","=","=","=",0,R,"あくせる",190,89.801,0.65,3,55,W,Y,1,8394.766,255,172,158,99,65,,145,87,26.66,59.254,0.135,1.114,-20.093,1,0,0.601,163.653,197.999,222.283,8395.946,-41.526,-44.273,,,,,,0,0,,,,,,,,,,,,,,,,,,,,,,,,,,,,,,,,,,,,,,0.031,-37.198,-0.016,-16.767,-23.505,-47.922,-12.193,-63.823,16.402,-45.555,12.284,-64.585,37.838,-98.52,-13.03,-125.692,-51.49,-96.825,0.072,-36.935,,"P0TA0",-0.022,-16.864,,"NABIMan",-23.398,-47.791,,"白霜らいふ",-12.196,-63.752,,"인생최패망자",16.641,-45.958,,"カズティー",12.306,-64.535,,"Ѕeyeon",37.841,-98.513,,"sano jpn",-13.011,-125.712,,"あおいぬ",-51.396,-96.722,,,,,,,,,,,,,,,,,,,,,,,,,,,,,,,,,,,,,,,,,,,,,,,,,,,,,,,,"",3,,,,,,,,,,,,,0,"",,,,0,""
238,,9,1,2,4,1,1,1,0,0,0,255,255,255,16,8410.465,"ʚEveɞ",R,26,87,140,-0.299,-0.691,0.274,1.94,-0.101,0.986,-36.442,21.06,59,41,0,0,"",-29.878,-200,27.258,0,0,4,"=","=","=","=","=","=","=","=","=",0,R,"あくせる",190,89.801,0.65,,55,W,Y,0,,,,,,,,,,,,,,,,,,,,,,,,,,,,,0,0,,,,,,,,,,,,,,,,,,,,,,,,,,,,,,,,,,,,,,-0.039,-37.184,0.285,-16.907,-23.464,-47.568,-13.583,-63.089,16.814,-45.918,12.274,-64.551,37.516,-97.922,-12.62,-126.031,-52.507,-97.811,,,,"",,,,"",,,,"",,,,"",,,,"",,,,"",,,,"",,,,"",,,,,,,,,,,,,,,,,,,,,,,,,,,,,,,,,,,,,,,,,,,,,,,,,,,,,,,,,,"",0,,,,,,,,,,,,,0,"",,,,0,""
239,,9,1,2,4,1,2,1,0,0,0,255,255,255,17,8430.426,"ʚEveɞ",R,13,55,99,-1.398,-1.068,0.308,2.084,0.059,1.453,-36.442,28.528,61,39,0,4,"BO+",-323.941,347.055,0.349,-0.469,-17.712,4,"=","=","=","=","=","=","=","=","=",0,R,"あくせる",190,89.801,0.65,,55,W,Y,1,,,,,,,,,,,,,,,,,,,,,,,,,,,,,0,16,,,,,,,,,,,,,,,,,,,,,,,,,,,,,,,,,,,,,,-0.046,-37.236,-0.023,-16.941,-23.63,-47.843,-12.454,-64.514,16.819,-46.208,12.248,-64.546,36.94,-98.407,-12.913,-122.839,-52.525,-97.737,,,,"",,,,"",,,,"",,,,"",,,,"",,,,"",,,,"",,,,"",,,,,,,,,,,,,,,,,,,,,,,,,,,,,,,,,,,,,,,,,,,,,,,,,,,,,,,,,,"",0,,,,,,,,,,,,,0,"",,,,0,""
240,,9,1,2,4,0,0,2,0,0,0,255,255,255,18,8453.871,"ʚEveɞ",R,13,60,103,-1.33,-0.826,0.333,2.137,0.174,1.622,-36.442,30.435,100,0,0,0,"",-365.589,312.348,-37.36,-0.563,-17.54,5,"=","=","=","=","=","=","=","=","=",5,R,"CoalCat",174.9,82.838,0.435,,55,W,Y,0,,,,,,,,,,,,,,,,,,,,,,,,,,,,,0,0,,,,,,,,,,,,,,,,,,,,,,,,,,,,,,,,,,,,,,-0.062,-37.217,-0.217,-16.761,-23.807,-47.928,-11.885,-62.514,16.03,-45.141,12.26,-64.526,36.605,-98.077,-6.16,-116.552,-47.416,-90.555,,,,"",,,,"",,,,"",,,,"",,,,"",,,,"",,,,"",,,,"",,,,,,,,,,,,,,,,,,,,,,,,,,,,,,,,,,,,,,,,,,,,,,,,,,,,,,,,,,"",0,,,,,,,,,,,,,0,"",,,,0,""
241,,9,1,2,4,0,1,2,0,0,0,255,255,255,19,8471.649,"ʚEveɞ",R,26,74,125,0.725,0.523,0.368,2.151,0.34,1.669,-36.442,35.013,87,13,0,0,"",-23.513,-200,11.346,0,0,5,"=","=","=","=","=","=","=","=","=",5,R,"CoalCat",174.9,82.838,0.435,,55,W,Y,1,,,,,,,,,,,,,,,,,,,,,,,,,,,,,0,0,,,,,,,,,,,,,,,,,,,,,,,,,,,,,,,,,,,,,,-0.059,-37.246,-0.385,-16.918,-23.739,-48.529,-11.858,-62.527,15.647,-44.911,12.248,-64.473,36.357,-98.517,-6.6,-116.91,-47.411,-90.54,,,,"",,,,"",,,,"",,,,"",,,,"",,,,"",,,,"",,,,"",,,,,,,,,,,,,,,,,,,,,,,,,,,,,,,,,,,,,,,,,,,,,,,,,,,,,,,,,,"",0,,,,,,,,,,,,,0,"",,,,0,""
242,,9,1,2,4,0,2,2,0,0,0,255,255,255,20,8490.627,"ʚEveɞ",R,13,49,95,-1.24,0.047,0.337,2.291,0.193,2.161,-36.442,32.783,100,0,0,2,"",-337.193,312.348,-15.234,0,0,5,"=","=","=","=","=","=","=","=","=",5,R,"CoalCat",174.9,82.838,0.435,5,55,W,Y,1,8491.95,255,129,75,50,46,,140,129,7.013,-45.632,-0.14,1.173,-21.744,0.63,0,0.556,154.073,558.043,157.637,8492.879,50.411,-79.645,8496.046,6,58.21,0.075,-98.84,1,0,,8497.387,8501.664,,,,,,,,,,,,,,,,,,,,,,,,,,,,,,,,,,,0.005,-37.114,-0.474,-16.9,-23.777,-48.575,-12.028,-62.795,15.744,-44.972,12.259,-64.534,36.36,-98.522,-9.193,-112.225,-46.363,-91.532,0.054,-36.968,,"P0TA0",-0.463,-16.94,,"NABIMan",-23.854,-48.305,,"白霜らいふ",-12.058,-62.787,70,"인생최패망자",15.731,-45.305,,"カズティー",12.254,-64.539,,"Ѕeyeon",36.365,-98.529,93,"sano jpn",-8.374,-112.498,,"あおいぬ",-46.424,-91.002,,8509.758,-2.189,-45.867,,,,,,,8502.257,-0.402,-59.473,,,,,,,8497.756,57.895,-98.505,,,,,,,,,,,,,,,,8508.923,-1.664,-56.862,,,,,,,8498.817,52.682,-95.421,,,,,,,"",2,-42.026,-42.026,-7.756,0,0,1,7.013,7.013,8.386,7.013,0,-51.238,0,"Ѕeyeon",8501.664,,,148,""
243,,9,1,2,4,0,0,2,0,1,0,255,5,255,21,8530.587,"ʚEveɞ",R,26,79,129,0.673,0.304,0.349,2.204,0.323,1.547,-36.442,45.036,87,13,0,0,"",-27.312,-200,6.327,0,0,6,"=","=","=","=","=","=","=","=","=",8,R,"Espressο",174.7,95.125,0.297,,55,W,Y,0,,,,,,,,,,,,,,,,,,,,,,,,,,,,,0,0,,,,,,,,,,,,,8533.225,,,,,,,,,,,,,,,,,,,,,,,,,-0.165,-37.117,0.175,-16.942,-22.589,-46.72,-11.068,-63.107,16.877,-44.444,12.184,-64.603,40.043,-98.384,-8.289,-117.281,-47.572,-94.267,,,,"",,,,"",,,,"",,,,"",,,,"",,,,"",,,,"",,,,"",,,,8535.094,0.056,-36.741,,,,,,,,,,,,,,,,,,,,,,,,,,,,,,,,,,,,,,,,,,,,,,,,,,,,"",0,,,,,,,,,,,,,0,"",8533.15,,,0,""
244,,9,1,2,4,0,1,2,0,1,0,255,5,255,22,8551.533,"ʚEveɞ",R,13,57,101,-0.688,-0.803,0.386,2.143,0.423,1.643,-36.442,30.019,100,0,0,0,"",-354.918,317.149,-47.557,-0.432,-17.635,6,"=","=","=","=","=","=","=","=","=",8,R,"Espressο",174.7,95.125,0.297,,55,W,Y,1,,,,,,,,,,,,,,,,,,,,,,,,,,,,,0,0,,,,,,,,,,,,,8551.874,,,,,,,,,,,,,,,,,,,,,,,,,-0.01,-37.131,-0.467,-16.871,-22.999,-47.231,-12.571,-63.536,16.496,-44.004,12.672,-64.216,40.097,-97.904,-8.045,-117.311,-49.035,-93.812,,,,"",,,,"",,,,"",,,,"",,,,"",,,,"",,,,"",,,,"",,,,8556.49,0.01,-36.86,,,,,,,,,,,,,,,,,,,,,,,,,,,,,,,,,,,,,,,,,,,,,,,,,,,,"",0,,,,,,,,,,,,,0,"",8554.035,,,0,""
245,,9,1,2,4,0,2,2,0,1,0,255,5,255,23,8569.39,"ʚEveɞ",R,26,81,132,-1.869,0.026,0.138,2.074,-0.732,1.397,-36.442,30.456,89,11,0,2,"",-61.078,-200,12.737,0,0,6,"=","=","=","=","=","=","=","=","=",8,R,"Espressο",174.7,95.125,0.297,5,55,W,Y,1,8570.355,125,97,96,71,38,,138,129,18.734,33.05,-0.365,0.894,-19.865,0.37,0,0.255,364.784,237.849,-124.235,8573.763,-70.796,-116.534,,,,,,0,0,,8576.34,8581.264,8586.299,8591.123,,,,8575.161,8580.13,,,,,,,,,,,,,,,,,,,,,,,,,,,,-0.167,-37.262,-0.118,-17.119,-23.268,-47.624,-12.868,-63.585,17.542,-45.155,12.68,-64.221,39.889,-98.3,-8.757,-117.59,-49.124,-95.105,0.068,-36.545,,"P0TA0",-0.133,-17.126,,"NABIMan",-23.114,-47.807,,"白霜らいふ",-12.895,-63.554,,"인생최패망자",16.646,-45.004,,"カズティー",12.684,-64.179,,"Ѕeyeon",39.888,-98.3,,"sano jpn",-11.027,-118.991,,"あおいぬ",-50.996,-95.294,,,,,,,,,,,,,,,,,,,,,,,,,,,,,,,,,,,,,,,,,,,,,,,,,,,,,,,,"",4,34.983,34.983,11.556,0,1,0.923,31.105,18.734,-3.661,88.605,0.033,42.645,0,"",8581.264,8575.161,8580.13,0,""
246,,9,1,4,4,0,0,2,0,0,0,255,255,255,24,8629.864,"ʚEveɞ",R,26,94,140,-2.892,-1.062,0.104,1.957,-0.89,0.927,-36.442,21.726,87,13,0,3,"",-128.447,-200,30.105,0.207,-19.863,7,"=","=","=","=","=","=","=","=","=",3,L,"vovopo 보보포",160,80.084,0.55,,55,W,Y,0,,,,,,,,,,,,,,,,,,,,,,,,,,,,,0,0,,,,,,,,,,,,,,,,,,,,,,,,,,,,,,,,,,,,,,-0.229,-37.134,0.003,-17.084,-24.271,-48.592,-10.448,-64.492,17.007,-43.371,12.201,-64.19,44.777,-92.243,7.584,-114.842,-47.169,-97.913,,,,"",,,,"",,,,"",,,,"",,,,"",,,,"",,,,"",,,,"",,,,,,,,,,,,,,,,,,,,,,,,,,,,,,,,,,,,,,,,,,,,,,,,,,,,,,,,,,"",6,,,,,,,,,,,,,0,"",,,,0,""
247,,9,1,4,4,0,0,2,1,0,0,3,255,255,28,8688.511,"ʚEveɞ",R,26,93,140,-0.541,-0.236,0.235,2.034,-0.28,1.26,-36.442,30.911,90,10,0,2,"",27.64,-200,9.722,0,0,8,"=","=","=","=","=","=","=","=","=",7,R,"Roscosmos",175,96.351,0.374,0,70,W,Y,1,8689.37,86,74,66,96,43,,121,120,33.517,28.544,-0.102,0.852,-20.303,0.6,0,0.325,258.9,225.424,123.606,8693.013,-56.853,-109.99,8693.079,8,-55.089,2.573,-107.419,0,0,,8694.806,,,,8694.11,,,,,,,,,8694.825,8,,457,0,,,,,,,,,,,,,,,,,,,-0.128,-37.144,0.126,-16.915,-22.363,-48.829,-10.463,-63.073,17.495,-46.119,10.548,-65.065,38.534,-100.209,-9.413,-122.324,-50.634,-97.67,0.067,-36.379,,"P0TA0",0.119,-16.918,,"NABIMan",-22.224,-48.607,,"白霜らいふ",-10.075,-62.642,,"인생최패망자",16.944,-46.223,,"カズティー",10.508,-64.974,,"Ѕeyeon",38.531,-100.202,,"sano jpn",-9.414,-122.314,,"あおいぬ",-50.725,-97.518,112,,,,,,,,,,,,,,,,,,,,,,,,,8694.835,-55.612,-108.142,,,,,,,,,,,,,,,,,,,,,,,,,8696.32,-49.256,-102.203,"",1,,,,,,,,,,,,,0,"あおいぬ",8694.11,,,256,""
248,SIDE,9,1,4,4,0,0,2,0,1,0,255,3,255,,8697.734,,,,,,,,,,,,,,,,,,,,,,,,0,"=","=","=","=","=","=","=","=","=",,,,,,,,,,,,,,,,,,,,,,,,,,,,,,,,,,,,,,,0,0,,,,,,,,,,,,,,,,,,,,,,,,,,,,,,,,,,,,,,,,,,,,,,,,,,,,,,,,,,,,,,,,,,,,,,,,,,,,,,,,,,,,,,,,,,,,,,,,,,,,,,,,,,,,,,,,,,,,,,,,,,,,,,,,,,,,,,,,,,,,,,,,,"",0,,,,,,,,,,,,,0,"",,,,0,""
249,,9,0,4,4,0,0,0,0,0,0,255,255,255,18,8855.658,"あくせる",R,13,63,93,-1.742,-1.215,0.205,1.478,-0.18,1.463,-36.443,26.238,14,86,0,1,"",-308.057,342.397,-10.99,0,0,0,"sano jpn","NABIMan","ʚEveɞ","P0TA0","白霜らいふ","인생최패망자","カズティー","Ѕeyeon","あおいぬ",7,R,"sano jpn",170.2,87.118,0.631,,55,W,Y,0,,,,,,,,,,,,,,,,,,,,,,,,,,,,,0,0,,,,,,,,,,,,,,,,,,,,,,,,,,,,,,,,,,,,,,-0.024,-37.424,-0.021,-17.349,-21.172,-48.739,-12.604,-60.885,18.831,-48.249,11.087,-62.846,38.856,-82.298,-0.021,-108.871,-36.581,-99.819,,,,"",,,,"",,,,"",,,,"",,,,"",,,,"",,,,"",,,,"",,,,,,,,,,,,,,,,,,,,,,,,,,,,,,,,,,,,,,,,,,,,,,,,,,,,,,,,,,"",0,,,,,,,,,,,,,0,"",,,,0,""
250,,9,0,4,4,1,0,0,0,0,0,255,255,255,19,8876.15,"あくせる",R,10,82,123,0.748,-1.543,0.355,1.42,0.473,1.186,-36.443,22.243,0,100,0,2,"",-100.423,369.967,19.924,0,0,0,"=","=","=","=","=","=","=","=","=",7,R,"sano jpn",170.2,87.118,0.631,3,55,W,Y,1,8877.261,62,105,93,108,76,,117,65,-30,50.324,0.138,0.442,-20.436,1,0.429,0.408,-507.753,319.52,-9.728,8875.563,-0.645,-21.082,,,,,,0,0,,,,,,,,,,,,,,,,,,,,,,,,,,,,,,,,,,,,,,0.032,-37.043,0.017,-17.255,-21.054,-48.77,-12.742,-60.662,17.973,-48.596,11.028,-62.823,37.511,-83.389,-0.172,-108.24,-36.398,-99.859,-0.055,-36.66,,"kneesohime",0.023,-17.33,,"にゃんこ65K",-20.973,-48.749,,"vovopo 보보포",-12.738,-60.657,,"?fredo?",17.778,-48.697,,"CoalCat",11.068,-62.758,,"Gonyong",37.055,-83.526,,"Roscosmos",-0.17,-108.244,,"Espressο",-36.418,-99.829,,,,,,,,,,,,,,,,,,,,,,,,,,,,,,,,,,,,,,,,,,,,,,,,,,,,,,,,"",3,,,,,,,,,,,,,0,"",,,,0,""
251,,9,0,4,4,1,1,0,0,0,0,255,255,255,20,8902.615,"あくせる",R,27,83,135,1.414,1.318,0.364,1.7,0.515,2.2,-36.443,22.372,12,88,0,4,"",64.936,-145.428,13.755,0,0,0,"=","=","=","=","=","=","=","=","=",7,R,"sano jpn",170.2,87.118,0.631,,67,W,Y,1,,,,,,,,,,,,,,,,,,,,,,,,,,,,,0,0,,,,,,,,,,,,,,,,,,,,,,,,,,,,,,,,,,,,,,0.022,-37.263,0.045,-17.293,-20.799,-47.766,-13.194,-61.152,18.497,-49.244,10.22,-61.56,36.517,-87.425,-0.07,-104.184,-40.211,-94.784,,,,"",,,,"",,,,"",,,,"",,,,"",,,,"",,,,"",,,,"",,,,,,,,,,,,,,,,,,,,,,,,,,,,,,,,,,,,,,,,,,,,,,,,,,,,,,,,,,"",0,,,,,,,,,,,,,0,"",,,,0,""
252,,9,0,4,4,1,2,0,0,0,0,255,255,255,21,8922.567,"あくせる",R,28,77,127,-0.008,1.05,0.24,1.68,-0.064,2.126,-36.443,10.852,0,100,0,2,"",34.877,-59.696,5.384,0,0,0,"=","=","=","=","=","=","=","=","=",7,R,"sano jpn",170.2,87.118,0.631,5,67,W,Y,1,8923.659,150,35,110,31,16,,145,94,39.411,59.717,-0.009,1.199,-19.793,-0.4,0,0.222,327.721,134.738,-204.485,8927.363,-64.823,-53.951,,,,,,0,0,,,,,,,,,,,,,,,,,,,,,,,,,,,,,,,,,,,,,,0.076,-37.309,0.037,-17.287,-20.841,-47.753,-12.9,-60.887,18.359,-50.538,10.247,-61.583,36.288,-87.389,-0.146,-104.254,-37.789,-98.981,0.098,-36.849,,"kneesohime",0.038,-17.303,,"にゃんこ65K",-20.806,-47.651,,"vovopo 보보포",-12.9,-60.892,,"?fredo?",16.966,-48.236,,"CoalCat",10.241,-61.574,,"Gonyong",36.286,-87.372,,"Roscosmos",-0.12,-104.232,,"Espressο",-37.704,-99.241,,,,,,,,,,,,,,,,,,,,,,,,,,,,,,,,,,,,,,,,,,,,,,,,,,,,,,,,"",3,60.442,60.442,16.534,0,0,1,39.411,39.411,57.262,39.411,0,69.8,0,"",,,,0,""
253,,9,0,4,4,1,2,0,0,0,0,255,255,255,22,8946.06,"あくせる",R,13,72,111,-5.672,-1.289,0.268,1.476,0.069,1.388,-36.443,27.649,0,100,0,2,"",-364.517,342.239,-11.385,0,0,0,"=","=","=","=","=","=","=","=","=",7,R,"sano jpn",170.2,87.118,0.631,0,67,W,Y,1,8947.176,65,102,121,109,78,,120,71,27.044,59.976,-0.461,0.52,-20.38,1,0.19,0.241,56.177,591.268,1.757,8947.696,-34.031,-36.329,,,,,,0,0,,,,,,,,,,,,,,,,,,,,,,,,,,,,,,,,,,,,,,0,-37.503,-0.003,-17.397,-20.26,-47.033,-13.081,-61.06,20.087,-49.037,11.201,-61.985,36.168,-87.599,-0.171,-108.08,-38.306,-101.695,0.159,-37.249,,"kneesohime",-0.005,-17.409,,"にゃんこ65K",-20.523,-48.286,,"vovopo 보보포",-12.926,-60.941,,"?fredo?",20.827,-50.25,,"CoalCat",11.2,-61.949,,"Gonyong",36.058,-87.546,,"Roscosmos",-0.124,-107.885,,"Espressο",-38.298,-101.678,,,,,,,,,,,,,,,,,,,,,,,,,,,,,,,,,,,,,,,,,,,,,,,,,,,,,,,,"",3,,,,,,,,,,,,,0,"",,,,0,""
254,,9,0,4,4,1,2,0,0,0,0,255,255,255,23,8966.379,"あくせる",R,26,86,140,0.936,1.052,0.306,1.658,0.246,2.046,-36.443,14.785,0,100,0,2,"",115.571,-157.492,21.265,0,0,0,"=","=","=","=","=","=","=","=","=",7,R,"sano jpn",170.2,87.118,0.631,5,68,W,Y,1,8967.389,164,65,98,45,18,,145,109,28.241,53.81,0.173,1.199,-19.64,0.12,0.048,0.301,367.436,199.249,-156.825,8970.763,-79.48,-71.703,,,,,,0,0,,,,,,,,,,,,,,,,,,,,,,,,,,,,,,,,,,,,,,0.048,-37.189,0.04,-17.331,-21.008,-47.627,-13.714,-63.264,20.777,-49.677,12.397,-62.405,36.073,-87.765,-0.354,-108.324,-38.024,-101.61,-0.141,-36.422,,"kneesohime",0.039,-17.329,,"にゃんこ65K",-20.836,-47.828,,"vovopo 보보포",-13.715,-63.264,,"?fredo?",19.432,-49.753,,"CoalCat",12.438,-62.393,,"Gonyong",35.971,-87.666,,"Roscosmos",-0.299,-107.846,,"Espressο",-37.91,-101.672,,,,,,,,,,,,,,,,,,,,,,,,,,,,,,,,,,,,,,,,,,,,,,,,,,,,,,,,"",3,53.832,53.832,10.568,0,0,1,51.275,51.275,59.329,51.275,0,67.612,0,"",,,,0,""
255,,9,0,4,4,1,2,0,0,0,0,255,255,255,24,8991.578,"あくせる",R,26,101,140,-1.942,-1.428,0.025,1.263,-1.061,0.62,-36.443,22.292,36,64,0,1,"",160.321,-195.747,18.621,-0.403,-14.946,0,"=","=","=","=","=","=","=","=","=",7,R,"sano jpn",170.2,87.118,0.631,,68,W,Y,0,,,,,,,,,,,,,,,,,,,,,,,,,,,,,0,0,,,,,,,,,,,,,,,,,,,,,,,,,,,,,,,,,,,,,,0.057,-37.978,-0.283,-17.302,-21.422,-48.64,-13.358,-61.01,18.498,-48.946,11.856,-62.382,35.995,-87.832,-0.019,-109.864,-38.411,-101.484,,,,"",,,,"",,,,"",,,,"",,,,"",,,,"",,,,"",,,,"",,,,,,,,,,,,,,,,,,,,,,,,,,,,,,,,,,,,,,,,,,,,,,,,,,,,,,,,,,"",0,,,,,,,,,,,,,0,"",,,,0,""
256,,9,0,4,4,2,2,0,0,0,0,255,255,255,25,9009.288,"あくせる",R,13,80,105,-2.316,-1.524,0.159,1.378,-0.294,1.241,-36.443,22.364,18,82,0,2,"",-372.687,312.348,-17.628,0,0,0,"=","=","=","=","=","=","=","=","=",7,R,"sano jpn",170.2,87.118,0.631,5,68,W,Y,1,9010.475,56,59,112,123,57,,104,79,-9.628,14.501,-0.433,0.44,-20.374,0.94,0.095,0.251,-61.038,241.518,192.79,9008.763,-0.965,-22.418,9010.979,3,-9.332,0.058,-52.601,0,0,,9014.962,,,,,,,,,,,,,9014.963,0,,147,128,,,,,,,,,,,,,,,,,,,-0.035,-37.357,0.022,-17.189,-20.844,-47.754,-13.148,-61.073,19.083,-50.521,11.222,-62.661,35.319,-88.25,-0.108,-109.87,-38.415,-101.518,-0.118,-36.31,,"kneesohime",-0.08,-17.239,,"にゃんこ65K",-20.786,-47.814,85,"vovopo 보보포",-13.131,-61.07,86,"?fredo?",18.261,-49.412,,"CoalCat",11.284,-62.578,,"Gonyong",35.318,-88.224,,"Roscosmos",-0.105,-109.868,,"Espressο",-38.4,-101.515,,9017.833,-1.396,-42.139,,,,9014.347,-18.62,-40.129,9012.652,-9.997,-54.533,,,,,,,,,,,,,,,,,,,,,,9016.815,-18.224,-40.494,9013.436,-10.857,-52.588,,,,,,,,,,,,,,,,"",2,18.507,18.507,5.002,0,0,1,-9.628,-9.628,-23.644,-9.628,0,19.66,0,"vovopo 보보포",,,,152,""
257,,9,0,4,4,0,0,1,0,0,0,255,255,255,26,9039.323,"あくせる",R,33,86,139,-0.58,-0.933,0.168,1.334,-0.396,0.956,-36.443,24.648,0,100,0,0,"",103.113,-86.5,11.608,0,0,1,"=","=","=","=","=","=","=","=","=",2,L,"NABIMan",190,83.499,0.48,,56,W,Y,0,,,,,,,,,,,,,,,,,,,,,,,,,,,,,0,0,,,,,,,,,,,,,,,,,,,,,,,,,,,,,,,,,,,,,,-0.042,-37.434,-0.025,-16.82,-21.095,-49.31,-10.129,-59.046,19.726,-48.708,13.102,-61.438,41.457,-90.945,0.341,-103.18,-36.387,-92.906,,,,"",,,,"",,,,"",,,,"",,,,"",,,,"",,,,"",,,,"",,,,9043.528,-0.157,-36.927,,,,,,,,,,,,,,,,,,,,,,,,,,,,,,,,,,,,,,,,,,,,,,,,,,,,"",0,,,,,,,,,,,,,0,"",,,,0,""
258,,9,0,4,4,0,1,1,0,0,0,255,255,255,27,9057.073,"あくせる",R,13,85,124,-1.193,-1.5,0.298,1.408,0.205,1.195,-36.443,31.079,0,100,0,2,"",-291.246,400,8.331,0,0,1,"=","=","=","=","=","=","=","=","=",2,L,"NABIMan",190,83.499,0.48,3,27,W,Y,1,9058,255,200,65,139,77,,140,84,-75.875,59.105,-0.206,0.481,-20.714,-1,0,0.165,173.912,84.859,567.938,9056.347,-0.383,-20.82,,,,,,0,0,,,,,,,,,,,,,,,,,,,,,,,,,,,,,,,,,,,,,,0.036,-37.592,-0.01,-16.845,-21.196,-48.904,-10.141,-59.056,22.288,-48.067,13.115,-61.45,40.807,-90.461,0.35,-103.194,-36.485,-92.869,-0.3,-36.569,,"kneesohime",0.003,-16.98,,"にゃんこ65K",-21.179,-48.87,,"vovopo 보보포",-10.157,-59.028,,"?fredo?",21.66,-47.306,,"CoalCat",13.124,-61.431,,"Gonyong",40.82,-90.442,,"Roscosmos",0.35,-103.179,,"Espressο",-36.421,-92.904,,,,,,,,,,,,,,,,,,,,,,,,,,,,,,,,,,,,,,,,,,,,,,,,,,,,,,,,"",3,,,,,,,,,,,,,0,"",,,,0,""
259,,9,0,4,4,0,2,1,0,0,0,255,255,255,28,9081.972,"あくせる",R,14,80,118,0.443,-0.105,0.358,1.441,0.484,1.304,-36.443,27.11,0,100,0,2,"",174.552,400,27.739,0,0,1,"=","=","=","=","=","=","=","=","=",2,L,"NABIMan",190,83.499,0.48,3,27,W,Y,1,9082.999,186,77,92,84,0,,145,87,-6.084,-7.034,0.451,0.333,-20.308,-1,0,0.233,-506.393,29.362,-134.96,9081.347,0.742,-22.673,9083.63,5,6.694,0.058,-59.104,0,0,,9088.391,,,,,,,,,,,,,9088.075,1,,147,32,,,,,,,,,,,,,,,,,,,0.027,-37.432,0.033,-16.986,-20.998,-47.715,-9.431,-58.647,21.47,-49.409,14.755,-61.919,44.069,-91.301,0.022,-106.655,-34.872,-92.414,-0.141,-36.538,,"kneesohime",0.256,-17.239,,"にゃんこ65K",-20.672,-48.191,85,"vovopo 보보포",-9.433,-58.648,,"?fredo?",21.169,-48.534,,"CoalCat",14.747,-61.899,105,"Gonyong",44.061,-91.292,,"Roscosmos",0.014,-106.654,,"Espressο",-34.883,-92.392,,9091.815,-0.805,-42.069,,,,9087.524,-18.308,-40.422,,,,,,,9085.353,6.943,-60.198,,,,,,,,,,,,,,,,9090.814,-17.764,-39.823,,,,,,,9086.202,3.973,-57.198,,,,,,,,,,"",2,,,,,,,,,,,,,0,"CoalCat",,,,56,""
260,,9,0,4,4,0,0,2,0,0,0,255,255,255,29,9123.123,"あくせる",R,10,84,125,1.338,-0.403,0.376,1.59,0.571,1.786,-36.443,26.156,53,47,0,0,"",0,400,4.741,0,0,2,"=","=","=","=","=","=","=","=","=",0,L,"ʚEveɞ",190,85.233,0.45,,56,W,Y,1,,,,,,,,,,,,,,,,,,,,,,,,,,,,,0,0,,,,,,,,,,,,,,,,,,,,,,,,,,,,,,,,,,,,,,0.007,-37.331,0.028,-17.039,-22.128,-49.851,-10.368,-59.318,20.225,-50.718,13.926,-62.118,53.883,-98.51,-0.192,-109.082,-35.084,-89.342,,,,"",,,,"",,,,"",,,,"",,,,"",,,,"",,,,"",,,,"",,,,9127.729,0.1,-37.124,,,,,,,,,,,,,,,,,,,,,,,,,,,,,,,,,,,,,,,,,,,,,,,,,,,,"",0,,,,,,,,,,,,,0,"",,,,0,""
261,,9,0,4,4,0,1,2,0,0,0,255,255,255,30,9142.836,"あくせる",R,13,87,126,-2.414,-0.436,0.153,1.555,-0.466,1.673,-36.443,13.927,0,100,0,2,"",-387.449,316.044,-14.594,0,0,2,"=","=","=","=","=","=","=","=","=",0,L,"ʚEveɞ",190,85.233,0.45,5,56,W,Y,1,9143.795,255,173,110,76,32,,145,101,10.318,17.742,-0.399,0.888,-21.365,-0.44,0,0.472,-399.324,113.839,128.338,9143.946,-14.653,-63.995,9144.113,3,-12.73,1.302,-58.447,0,0,,,,,,,,,,,,,,,9145.777,2,,452,0,,,,,,,,,,,,,,,,,,,-0.028,-37.22,-0.031,-16.856,-21.657,-48.963,-10.369,-59.336,20.502,-49.021,13.832,-62.16,52.88,-102.982,-0.028,-109.076,-35.078,-89.289,-0.045,-36.344,,"kneesohime",-0.102,-16.895,,"にゃんこ65K",-21.588,-48.862,,"vovopo 보보포",-10.368,-59.33,,"?fredo?",19.49,-47.972,,"CoalCat",13.926,-62.096,,"Gonyong",52.901,-102.926,,"Roscosmos",-0.043,-109.095,,"Espressο",-35.094,-89.272,,,,,,,,,,,9145.795,-13.422,-59.676,,,,,,,,,,,,,,,,,,,,,,,,,,,,,,,,,,,,,,,,,,,"",1,21.079,21.079,-5.116,0,0,1,10.318,10.318,15.653,10.318,0,28.646,0,"vovopo 보보포",,,,128,""
262,SIDE,9,0,4,4,0,0,2,0,0,0,255,255,255,,9148.69,,,,,,,,,,,,,,,,,,,,,,,,3,"=","=","=","=","=","=","=","=","=",,,,,,,,,,,,,,,,,,,,,,,,,,,,,,,,,,,,,,,0,0,,,,,,,,,,,,,,,,,,,,,,,,,,,,,,,,,,,,,,,,,,,,,,,,,,,,,,,,,,,,,,,,,,,,,,,,,,,,,,,,,,,,,,,,,,,,,,,,,,,,,,,,,,,,,,,,,,,,,,,,,,,,,,,,,,,,,,,,,,,,,,,,,"",0,,,,,,,,,,,,,0,"",,,,0,""
263,,10,1,4,4,0,0,0,1,1,0,7,3,255,30,9229.038,"ʚEveɞ",R,26,86,140,0.146,-0.275,0.32,2.03,0.115,1.232,-36.442,35.408,89,11,0,0,"",-46.57,-200,2.829,0,0,0,"Gonyong","?fredo?","kneesohime","にゃんこ65K","あくせる","CoalCat","Espressο","vovopo 보보포","Roscosmos",6,R,"Gonyong",170.5,85,0.298,,56,W,Y,0,,,,,,,,,,,,,,,,,,,,,,,,,,,,,0,0,,,,,,,,,,,,9231.087,9259.34,,,,,,,,,,,,,,,,,,,,,,,,,0.037,-38.027,0.096,-16.87,-21.987,-46.426,-11.182,-62.981,16.902,-44.662,11.314,-64.479,40.238,-100.47,-9.881,-117.932,-48.985,-93.906,,,,"",,,,"",,,,"",,,,"",,,,"",,,,"",,,,"",,,,"",,,,,,,,,,,,,,,,,,,,,,,,,,,,,,,,,,,,,,,,,,,,,,,,,,,,,,,,,,"",0,,,,,,,,,,,,,0,"",9233.284,,,0,""
264,,10,1,4,4,0,0,0,1,1,0,7,3,255,29,9263.857,"ʚEveɞ",R,26,87,140,0.351,0.219,0.286,2.172,0.219,1.506,-36.442,45.046,83,14,3,0,"",-56.279,-200,5.164,0,0,0,"=","=","=","=","=","=","=","=","=",6,R,"Gonyong",170.5,85,0.298,,55,W,Y,1,,,,,,,,,,,,,,,,,,,,,,,,,,,,,0,0,,,,,,,,,,,,9281.184,9279.201,,,,,,,,,,,,,,,,,,,,,,,,,-0.191,-37.191,0.085,-16.859,-21.989,-46.557,-11.627,-63.143,16.832,-44.697,11.408,-64.128,40.146,-100.481,-9.983,-118.189,-48.957,-93.877,,,,"",,,,"",,,,"",,,,"",,,,"",,,,"",,,,"",,,,"",,,,,,,,,,,,,,,,,,,,,,,,,,,,,,,,,,,,,,,,,,,,,,,,,,,,,,,,,,"",0,,,,,,,,,,,,,0,"",9266.949,,,0,""
265,,10,1,4,4,0,1,0,1,1,0,7,3,255,30,9281.56,"ʚEveɞ",R,10,55,102,2.445,-0.742,0.534,2.165,1.113,1.721,-36.442,38.053,100,0,0,1,"",-36.911,400,-94.735,0.417,-17.862,0,"=","=","=","=","=","=","=","=","=",6,R,"Gonyong",170.5,85,0.298,,55,W,Y,0,,,,,,,,,,,,,,,,,,,,,,,,,,,,,0,0,,,,,,,,,,,,9299.416,9299.083,,,,,,,,,,,,,,,,,,,,,,,,,0.042,-37.105,0.082,-16.881,-22.135,-46.942,-11.362,-63.406,16.721,-45.301,11.503,-64.132,40.495,-101.01,-10.14,-118.19,-49.717,-94.509,,,,"",,,,"",,,,"",,,,"",,,,"",,,,"",,,,"",,,,"",,,,,,,,,,,,,,,,,,,,,,,,,,,,,,,,,,,,,,,,,,,,,,,,,,,,,,,,,,"",0,,,,,,,,,,,,,0,"",9284.732,,,0,""
266,,10,1,4,4,1,1,0,1,1,0,7,3,255,31,9299.571,"ʚEveɞ",R,26,84,137,1.786,0.782,0.375,2.179,0.763,1.821,-36.442,48.777,80,20,0,2,"",2.428,-200,0.445,0,0,0,"=","=","=","=","=","=","=","=","=",6,R,"Gonyong",170.5,85,0.298,5,55,W,Y,1,9300.764,197,137,133,36,10,,145,89,-51.914,53.153,0.329,1.114,-19.933,-0.67,0,0.314,-419.177,256.014,-42.927,9299.046,-0.329,-20.423,,,,,,0,0,,,,,,,,,,,,9325.855,9323.012,,,,,,,,,,,,,,,,,,,,,,,,,-0.151,-37.235,0.101,-16.903,-22.076,-46.809,-11.918,-63.588,17.117,-44.959,11.474,-64.049,40.187,-100.82,-10.202,-118.222,-49.977,-94.32,0.254,-36.613,,"P0TA0",0.089,-16.921,,"NABIMan",-22.056,-46.817,,"白霜らいふ",-11.926,-63.579,,"인생최패망자",17.223,-45.164,,"カズティー",11.466,-64.022,,"Ѕeyeon",40.198,-100.865,,"sano jpn",-10.203,-118.201,,"あおいぬ",-49.986,-94.314,,,,,,,,,,,,,,,,,,,,,,,,,,,,,,,,,,,,,,,,,,,,,,,,,,,,,,,,"",3,53.305,51.351,11.854,0,1,0.625,-65.696,-51.914,-11.592,-87.716,0.057,83.656,0,"",9308.812,,,0,""
267,,10,1,4,4,1,2,0,1,1,0,7,3,255,32,9326.164,"ʚEveɞ",R,26,89,140,0.11,-1.084,0.315,1.904,0.092,0.777,-36.442,23.695,54,46,0,2,"",-40.753,-200,14.811,0,0,0,"=","=","=","=","=","=","=","=","=",6,R,"Gonyong",170.5,85,0.298,0,56,W,Y,1,9327.258,138,123,93,46,20,,139,120,26.402,45.028,0.004,0.503,-19.642,0.23,0,0.291,264.024,367.249,-389.412,9330.729,-84.702,-92.351,,,,,,0,0,,,,,,,,,,,,9351.682,9350.365,,,,,,,,,,,,,,,,,,,,,,,,,-0.057,-37.133,0.016,-16.917,-22.247,-46.764,-10.684,-61.554,17.572,-45.724,11.653,-64.026,39.888,-100.354,-8.611,-119.952,-51.654,-95.453,0.206,-36.508,,"P0TA0",0.033,-16.959,,"NABIMan",-22.254,-46.779,,"白霜らいふ",-10.691,-61.527,,"인생최패망자",17.125,-45.565,,"カズティー",11.647,-63.466,,"Ѕeyeon",39.882,-100.316,,"sano jpn",-8.595,-119.955,,"あおいぬ",-51.674,-95.44,,,,,,,,,,,,,,,,,,,,,,,,,,,,,,,,,,,,,,,,,,,,,,,,,,,,,,,,"",3,,,,,,,,,,,,,0,"",9334.843,,,0,""
268,,10,1,4,4,1,2,0,1,1,0,7,3,255,33,9352.187,"ʚEveɞ",R,13,49,83,0.652,-0.528,0.74,2.199,1.007,1.94,-36.442,57.62,100,0,0,2,"",-294.601,312.348,-14.641,0,0,0,"=","=","=","=","=","=","=","=","=",6,R,"Gonyong",170.5,85,0.298,5,56,W,Y,1,9353.554,165,129,149,91,34,,145,127,25.11,15.179,0.094,0.682,-20.093,0.58,0,0.254,349.711,478.932,91.25,9357.263,-40.244,-121.336,9358.146,8,-39.284,0.575,-117.888,1,0,,9359.199,9363.279,,,9358.909,9363.815,,9359.261,9363.839,,,,,,,,,,,,,,,,,,,,,,9363.698,5,,,,,0.036,-37.161,0.033,-16.958,-22.409,-45.453,-12.678,-63.168,16.978,-44.932,12.501,-64.125,37.598,-102.328,-7.259,-124.971,-51.685,-95.921,0.129,-36.877,,"P0TA0",0.012,-16.975,,"NABIMan",-22.229,-45.559,,"白霜らいふ",-12.658,-63.079,,"인생최패망자",16.881,-44.791,,"カズティー",12.095,-64.193,78,"Ѕeyeon",37.582,-102.303,,"sano jpn",-7.272,-124.951,,"あおいぬ",-51.651,-95.877,112,9370.248,-2.1,-39.7,,,,,,,,,,,,,9363.405,0.607,-60.165,,,,,,,9359.906,-39.167,-117.178,,,,,,,,,,,,,,,,9369.031,6.056,-57.065,,,,,,,9360.552,-35.895,-115.512,"",2,19.357,19.357,11.015,0,2,0.357,85.713,26.442,-11.558,84.28,0.045,23.373,1,"あおいぬ",9358.909,9359.261,9363.839,324,""
269,,10,1,6,4,0,0,0,0,0,1,255,255,6,0,10311.64,"인생최패망자",R,3,88,113,-2.562,-0.056,0.781,1.325,-0.368,1.596,-36.74,67.27,8,92,0,2,"",-415.266,0,4.535,0,0,2,"=","=","=","=","=","=","=","=","=",4,R,"?fredo?",190,83.536,0.353,3,55,W,Y,1,10312.79,207,127,76,110,83,,145,87,5.281,31.745,-0.358,1.06,-21.472,1,0,0.419,270.8,350.683,-332.032,10312.65,-18.435,-48.914,10312.93,2,-16.331,0.588,-45.888,0,0,,,,,10322.21,,,,,,,,,10311.82,10314.61,2,,451,0,,,,,,,,,,,,,,,10320.2,4,,,0.105,-37.35,0.112,-16.912,-21.821,-48.092,-12.004,-62.221,23.23,-50.722,11.647,-64.908,38.556,-100.427,-8.672,-114.67,-47.155,-95.401,-0.011,-36.872,,"P0TA0",0.053,-16.957,,"NABIMan",-22.836,-48.079,108,"白霜らいふ",-12.006,-62.209,,"ʚEveɞ",23.081,-50.646,85,"カズティー",11.637,-64.869,,"Ѕeyeon",38.558,-100.432,,"sano jpn",-8.671,-114.665,,"あおいぬ",-47.173,-95.205,,10323.13,0.125,-38.298,,,,10314.63,-17.545,-47.54,,,,10317.45,18.937,-40.634,,,,,,,,,,,,,,,,,,,10315.91,-15.37,-46.634,,,,10322.16,14.943,-40.106,,,,,,,,,,,,,"",1,,,,,,,,,,,,,0,"NABIMan",,10315.97,10322.21,38,""
270,,10,1,6,4,0,0,1,0,0,1,255,255,6,1,10335.91,"인생최패망자",R,3,86,112,-2.731,-0.603,0.77,1.168,-0.403,1.257,-36.74,69.243,9,91,0,1,"",-431.753,0,1.457,0,0,2,"=","=","=","=","=","=","=","=","=",1,R,"kneesohime",190,85.362,0.501,,55,W,Y,0,,,,,,,,,,,,,,,,,,,,,,,,,,,,,0,0,,,,,,,,,,,,,,10336.17,,,,,,,,,,,,,,,,,,,,,,,,0.164,-37.291,0.088,-16.855,-22.288,-47.878,-12.631,-63.677,22.262,-49.268,12.258,-64.389,38.789,-101.505,-10.098,-113.984,-47.023,-93.548,,,,"",,,,"",,,,"",,,,"",,,,"",,,,"",,,,"",,,,"",,,,10340.53,-0.301,-37.099,,,,,,,,,,,,,,,,,,,,,,,,,,,,,,,,,,,,,,,,,,,,,,,,,,,,"",0,,,,,,,,,,,,,0,"",,10338.63,,0,""
271,,10,1,6,4,1,0,1,0,0,1,255,255,6,2,10348.91,"인생최패망자",R,32,91,140,-0.564,0.879,0.681,1.481,-0.551,2.074,-36.74,37.808,3,97,0,0,"",204.9,-112.736,14.382,0,0,2,"=","=","=","=","=","=","=","=","=",1,R,"kneesohime",190,85.362,0.501,,55,W,Y,0,,,,,,,,,,,,,,,,,,,,,,,,,,,,,0,0,,,,,,,,,,,,,,10349.2,,,,,,,,,,,,,,,,,,,,,,,,0.194,-37.234,0.045,-16.867,-22.904,-48.096,-12.753,-61.684,20.705,-42.375,11.648,-63.188,38.236,-101.245,-10.323,-114.88,-47.294,-92.234,,,,"",,,,"",,,,"",,,,"",,,,"",,,,"",,,,"",,,,"",,,,10354.28,-0.285,-36.974,,,,,,,,,,,,,,,,,,,,,,,,,,,,,,,,,,,,,,,,,,,,,,,,,,,,"",0,,,,,,,,,,,,,0,"",,10351.42,,0,""
272,,10,1,6,4,1,1,1,0,0,1,255,255,6,3,10362.07,"인생최패망자",R,3,84,110,-3.381,0.16,0.663,1.5,-0.735,1.974,-36.74,52.6,3,97,0,4,"",-399.77,184.598,11.218,0,0,2,"=","=","=","=","=","=","=","=","=",1,R,"kneesohime",190,85.362,0.501,,55,W,Y,1,,,,,,,,,,,,,,,,,,,,,,,,,,,,,0,0,,,,,,,,,,,,,,10362.56,,,,,,,,,,,,,,,,,,,,,,,,0.063,-37.221,0.067,-16.915,-23.314,-48.549,-12.783,-61.721,20.697,-45.77,12.03,-63.927,38.225,-101.213,-10.191,-114.765,-46.85,-93.01,,,,"",,,,"",,,,"",,,,"",,,,"",,,,"",,,,"",,,,"",,,,10366.8,-0.231,-37.223,,,,,,,,,,,,,,,,,,,,,,,,,,,,,,,,,,,,,,,,,,,,,,,,,,,,"",0,,,,,,,,,,,,,0,"",,10364.81,,0,""
273,,10,1,6,4,1,2,1,0,0,1,255,255,6,4,10374.22,"인생최패망자",R,32,95,140,-0.984,-0.686,0.728,1.096,-0.799,1.152,-36.74,57.115,7,62,31,0,"",250,-51.405,3.411,0,0,2,"=","=","=","=","=","=","=","=","=",1,R,"kneesohime",190,85.362,0.501,,55,W,Y,0,,,,,,,,,,,,,,,,,,,,,,,,,,,,,0,0,,,,,,,,,,,,,,10374.96,10376.9,2,,578,0,,,,,,,,,,,,,,,,,,,0.175,-37.346,0.026,-16.932,-22.812,-48.161,-12.519,-62.489,20.246,-45.531,11.523,-63.451,37.506,-99.624,-10.22,-114.789,-47.046,-92.348,,,,"",,,,"",,,,"",,,,"",,,,"",,,,"",,,,"",,,,"",,,,10380.01,-0.255,-36.99,,,,,,,,,,,,,,,,,,,,,,,,,,,,,,,,,,,,,,,,,,,,,,,,,,,,"",0,,,,,,,,,,,,,0,"",,10376.76,,0,""
274,,10,1,6,4,0,0,2,0,0,1,255,255,6,5,10393.2,"인생최패망자",R,3,90,114,-2.837,-0.656,0.742,1.152,-0.489,1.221,-36.74,66.672,14,86,0,4,"",-419.452,0,5.863,0,0,3,"=","=","=","=","=","=","=","=","=",2,R,"にゃんこ65K",190,91.275,0.596,,55,W,Y,1,,,,,,,,,,,,,,,,,,,,,,,,,,,,,0,0,,,,,,,,,,,,,,,,,,,,,,,,,,,,,,,,,,,,,,0.133,-37.401,0.039,-16.889,-24.353,-48.399,-12.672,-62.393,21.02,-46.537,11.767,-63.704,38.02,-99.945,-11.346,-115.526,-50.322,-95.915,,,,"",,,,"",,,,"",,,,"",,,,"",,,,"",,,,"",,,,"",,,,10397.94,-0.289,-37.277,,,,,,,,,,,,,,,,,,,,,,,,,,,,,,,,,,,,,,,,,,,,,,,,,,,,"",0,,,,,,,,,,,,,0,"",,,,0,""
275,,10,1,6,4,0,1,2,0,0,1,255,255,6,6,10405.32,"인생최패망자",R,3,93,117,-4.068,0.383,0.552,1.449,-1.081,1.863,-36.74,38.091,6,94,0,1,"",-404.801,0,16.019,0,0,3,"=","=","=","=","=","=","=","=","=",2,R,"にゃんこ65K",190,91.275,0.596,,55,W,Y,0,,,,,,,,,,,,,,,,,,,,,,,,,,,,,0,0,,,,,,,,,,,,,,,,,,,,,,,,,,,,,,,,,,,,,,0.161,-37.541,0.035,-16.867,-24.523,-48.279,-12.723,-62.43,20.299,-45.453,11.803,-63.591,38.176,-100.209,-13.458,-117.132,-50.298,-95.871,,,,"",,,,"",,,,"",,,,"",,,,"",,,,"",,,,"",,,,"",,,,10409.74,-0.191,-37.129,,,,,,,,,,,,,,,,,,,,,,,,,,,,,,,,,,,,,,,,,,,,,,,,,,,,"",0,,,,,,,,,,,,,0,"",,,,0,""
276,,10,1,6,4,1,1,2,0,0,1,255,255,6,7,10417.42,"인생최패망자",R,32,84,136,14.682,1.081,0.944,1.4,0.668,1.809,-36.74,63.078,3,97,0,2,"",168.435,-39.024,3.557,0,0,3,"=","=","=","=","=","=","=","=","=",2,R,"にゃんこ65K",190,91.275,0.596,0,55,W,Y,1,10418.43,180,100,89,73,21,,145,105,0.727,12.481,0.387,1.136,-19.907,-0.36,0,0.43,-106.834,142.022,26.049,10417.43,-4.335,-40.525,10418.6,3,-8.406,0.055,-57.691,0,0,,10425.11,,,,,,,,,10423.14,,,10417.43,10423.41,3,,147,16,,,,,,,,,,,,,,,,,,,0.22,-37.29,0.023,-16.895,-24.178,-48.921,-12.811,-62.434,20.433,-45.764,11.746,-63.611,38.145,-100.191,-13.498,-117.168,-49.541,-96.892,0.234,-36.848,,"P0TA0",-0.001,-16.958,,"NABIMan",-23.81,-48.939,120,"白霜らいふ",-12.787,-62.429,88,"ʚEveɞ",20.353,-45.635,,"カズティー",11.772,-63.564,,"Ѕeyeon",38.153,-100.206,,"sano jpn",-13.502,-117.161,,"あおいぬ",-49.571,-96.691,,,,,,,,10422.72,-18.757,-40.494,10420.33,-8.587,-58.615,,,,,,,,,,,,,,,,,,,,,,10423.42,-17.616,-39.084,10421.87,-11.871,-51.729,,,,,,,,,,,,,,,,"",2,,,,,,,,,,,,,0,"白霜らいふ",,,10423.14,18,""
277,SIDE,10,1,6,4,0,0,2,0,0,0,255,255,255,,10425.35,,,,,,,,,,,,,,,,,,,,,,,,4,"=","=","=","=","=","=","=","=","=",,,,,,,,,,,,,,,,,,,,,,,,,,,,,,,,,,,,,,,0,0,,,,,,,,,,,,,,,,,,,,,,,,,,,,,,,,,,,,,,,,,,,,,,,,,,,,,,,,,,,,,,,,,,,,,,,,,,,,,,,,,,,,,,,,,,,,,,,,,,,,,,,,,,,,,,,,,,,,,,,,,,,,,,,,,,,,,,,,,,,,,,,,,"",0,,,,,,,,,,,,,0,"",10514.89,,,0,""
278,,10,0,6,4,0,0,0,1,1,0,14,12,255,31,10527.35,"あくせる",R,33,82,133,2.16,0.336,0.42,1.581,0.775,1.757,-36.443,25.208,0,100,0,1,"B>S",108.433,-73.187,8.516,0,0,3,"sano jpn","ibqrqki","ʚEveɞ","P0TA0","白霜らいふ","인생최패망자","カズティー","Ѕeyeon","あおいぬ",1,R,"P0TA0",190,96.215,0.525,,41,W,Y,0,,,,,,,,,,,,,,,,,,,,,,,,,,,,,0,0,,,,,,,,,,,,10550.63,10539.44,,,,,,,,,,,,,,,,,,,,,,,,,0.07,-37.171,0.092,-17.337,-20.185,-46.463,-12.037,-58.473,18.845,-51.031,10.79,-62.419,42.349,-95.841,0.138,-109.63,-42.775,-97.337,,,,"",,,,"",,,,"",,,,"",,,,"",,,,"",,,,"",,,,"",,,,,,,,,,,,,,,,,,,,,,,,,,,,,,,,,,,,,,,,,,,,,,,,,,,,,,,,,,"",0,,,,,,,,,,,,,0,"",10530.5,,,0,""
279,,10,0,6,4,0,1,0,1,1,0,14,12,255,32,10551.4,"あくせる",R,34,86,139,1.385,0.134,0.353,1.544,0.462,1.638,-36.443,17.188,0,100,0,0,"",96.997,-68.963,14.445,0,0,3,"=","=","=","=","=","=","=","=","=",1,R,"P0TA0",190,96.215,0.525,,41,W,Y,0,,,,,,,,,,,,,,,,,,,,,,,,,,,,,0,0,,,,,,,,,,,,10572.41,10561.44,,,,,,,,,,,,,,,,,,,,,,,,,0.155,-37.572,0.085,-17.336,-20.413,-45.93,-11.908,-59.654,18.631,-49.352,10.062,-62.191,42.032,-95.909,-0.186,-108.303,-43.053,-96.569,,,,"",,,,"",,,,"",,,,"",,,,"",,,,"",,,,"",,,,"",,,,,,,,,,,,,,,,,,,,,,,,,,,,,,,,,,,,,,,,,,,,,,,,,,,,,,,,,,"",0,,,,,,,,,,,,,0,"",10554.58,,,0,""
280,,10,0,6,4,0,2,0,1,1,0,14,12,255,33,10574.4,"あくせる",R,13,69,97,-2.114,-1.119,0.222,1.451,-0.17,1.388,-36.443,27.866,6,94,0,2,"",-353.357,299.046,-15.216,0,0,3,"=","=","=","=","=","=","=","=","=",1,R,"P0TA0",190,96.215,0.525,5,41,W,Y,1,10575.47,255,159,160,132,82,,145,89,-27.656,-50.917,-0.392,0.592,-20.415,-1,0,0.355,238.874,-462.793,-62.69,10573.68,0.393,-21.051,,,,,,0,0,,,,,,,,,10579.7,,,10600.35,10591.13,,,,,,,,,,,,,,,,,,,,,,,,,0.013,-37.251,0.043,-17.466,-20.061,-45.644,-11.576,-59.118,19.151,-52.021,10.284,-61.925,41.933,-96.241,-0.232,-108.431,-46.046,-94.907,0.021,-37.479,,"kneesohime",-0.306,-17.706,,"にゃんこ65K",-20.006,-45.697,,"vovopo 보보포",-11.933,-58.306,,"?fredo?",18.77,-49.747,,"CoalCat",10.298,-61.921,,"Gonyong",41.9,-96.195,,"Roscosmos",-0.232,-108.425,,"Espressο",-46.487,-94.611,,,,,,,,,,,,,,,,,,,,,,,,,,,,,,,,,,,,,,,,,,,,,,,,,,,,,,,,"",3,-46.631,-46.631,-37.323,0,1,0.74,-33.91,-27.656,-12.285,-31.106,0.009,-2.942,0,"",10584.59,10579.7,,0,""
281,,10,0,6,4,0,2,0,1,1,0,14,12,255,34,10602.65,"あくせる",R,28,79,117,2.292,0.126,0.527,1.527,0.848,1.605,-36.443,26.306,0,100,0,2,"",80.566,-88.754,9.473,0,0,3,"=","=","=","=","=","=","=","=","=",1,R,"P0TA0",190,96.215,0.525,5,41,W,Y,1,10603.63,208,73,137,55,19,,145,101,-70.962,-28.092,0.353,0.898,-19.493,-0.44,0,0.24,255.569,466.943,-193.213,10601.83,0.488,-19.749,10605.36,4,10.481,2.849,-38.83,0,0,,10609.38,,,,10609.35,,,10608.13,,,,,,10609.58,3,,147,2,,,,,,,,,,,,,,,,,,,0.187,-37.335,0.232,-17.256,-20.537,-45.661,-12.529,-59.795,21.12,-48.932,10.617,-61.237,43.947,-89.312,-0.344,-106.852,-43.555,-97.728,0.244,-37.131,,"kneesohime",0.237,-17.293,,"にゃんこ65K",-20.382,-45.778,67,"vovopo 보보포",-12.708,-59.393,,"?fredo?",18.861,-47.498,112,"CoalCat",10.646,-61.277,,"Gonyong",43.858,-89.247,,"Roscosmos",-0.357,-106.934,,"Espressο",-44.579,-97.39,,10617.43,-5.832,-38.668,,,,10608.96,-17.929,-39.966,,,,10606.98,11.062,-39.408,,,,,,,,,,,,,,,,,,,10616.71,-14.186,-37.199,,,,10607.78,7.33,-39.079,,,,,,,,,,,,,"",2,-28.118,-28.118,6.918,0,0,1,-70.962,-70.962,-70.41,-70.962,0,-46.37,0,"?fredo?",10609.35,10608.13,,26,""
282,,10,0,6,4,0,0,1,0,1,1,255,14,12,35,10638.83,"あくせる",R,27,84,136,1.608,0.122,0.375,1.528,0.566,1.58,-36.443,19.936,0,100,0,2,"",89.59,-101.691,20.961,0,0,4,"=","=","=","=","=","=","=","=","=",3,R,"白霜らいふ",175.1,80,0.653,5,55,W,Y,1,10639.87,255,85,113,60,13,,145,84,30.269,28.043,0.299,0.937,-19.677,-0.99,0,0.437,223.465,143.32,-63.634,10642.9,-34.038,-79.489,10643.08,8,-32.717,2.354,-77.313,0,0,,10645.5,,,,,,,,,,,10645.88,10639.29,10644.85,4,,457,0,,,,,,,,,,,,,,,,,10650.6,1,0.108,-37.269,-0.14,-17.111,-19.441,-45.3,-11.233,-60.038,19.272,-41.269,9.864,-61.131,40.072,-85.034,0.718,-107.252,-41.649,-95.152,0.346,-37.345,,"kneesohime",0.055,-17.235,100,"にゃんこ65K",-19.102,-45.307,98,"vovopo 보보포",-11.244,-60.053,,"?fredo?",16.067,-43.897,,"CoalCat",9.874,-61.129,,"Gonyong",40.063,-85.021,,"Roscosmos",0.704,-107.242,,"Espressο",-41.632,-95.137,113,10661.12,-2.818,-37.999,10648.96,0.648,-20.997,10646.97,-19.863,-42.664,,,,,,,,,,,,,,,,10644.87,-33.135,-77.796,,,,10660.12,-0.166,-19.047,10647.63,-18.278,-40.446,,,,,,,,,,,,,,,,10645.62,-31.498,-72.557,"",1,28.035,28.035,6.393,0,2,0.109,44.221,30.269,-3.515,44.656,0.051,68.698,0,"Espressο",10643.9,10639.18,,92,""
283,,10,0,6,4,0,0,2,0,1,1,255,14,12,36,10679.57,"あくせる",R,10,81,121,2.268,-0.6,0.468,1.556,0.999,1.674,-36.443,26.75,0,100,0,4,"",-16.059,400,13.022,0.393,-15.176,5,"=","=","=","=","=","=","=","=","=",0,R,"인생최패망자",190,90,0.4,,55,W,Y,1,,,,,,,,,,,,,,,,,,,,,,,,,,,,,0,0,,,,,,,,,,,,,10698.93,10693.51,,,,,,,,,,,,,,,,,,,,,,,,0.1,-37.313,0.046,-17.369,-21.995,-49.686,-11.345,-59.337,19.205,-46.675,12.715,-63.397,44.125,-91.024,0.067,-109.947,-42.378,-96.09,,,,"",,,,"",,,,"",,,,"",,,,"",,,,"",,,,"",,,,"",,,,10684.09,0.079,-36.955,,,,,,,,,,,,,,,,,,,,,,,,,,,,,,,,,,,,,,,,,,,,,,,,,,,,"",0,,,,,,,,,,,,,0,"",10682.29,10683.91,,0,""
284,,10,0,6,4,0,1,2,0,1,1,255,14,12,37,10702.15,"あくせる",R,26,96,140,-1.799,-0.937,0.041,1.304,-0.989,0.859,-36.443,23.766,0,100,0,1,"",153.27,-200,17.943,0,0,5,"=","=","=","=","=","=","=","=","=",0,R,"인생최패망자",190,90,0.4,,55,W,Y,0,,,,,,,,,,,,,,,,,,,,,,,,,,,,,0,0,,,,,,,,,,,,,10726.6,10705.79,,,,,,,,,,,,,,,,,,,,,,,,-0.08,-37.231,-0.054,-17.403,-21.879,-49.393,-11.351,-59.589,19.23,-44.932,12.705,-63.419,43.704,-93.554,0.019,-112.467,-44.981,-94.699,,,,"",,,,"",,,,"",,,,"",,,,"",,,,"",,,,"",,,,"",,,,10707.46,-0.189,-36.678,,,,,,,,,,,,,,,,,,,,,,,,,,,,,,,,,,,,,,,,,,,,,,,,,,,,"",0,,,,,,,,,,,,,0,"",10704.26,10704.68,,0,""
285,,10,0,6,4,1,1,2,0,1,1,255,14,12,38,10726.87,"あくせる",R,27,83,135,1.701,0.912,0.384,1.678,0.605,2.072,-36.443,24.052,0,100,0,4,"R3-",89.27,-128.328,9.713,0,0,5,"=","=","=","=","=","=","=","=","=",0,R,"인생최패망자",190,90,0.4,,83,W,Y,1,,,,,,,,,,,,,,,,,,,,,,,,,,,,,0,0,,,,,,,,,10845,,,,,,,,,,,,,,,,,,,,,,,,,,,10736.26,1,0.055,-37.249,0.101,-17.275,-21.2,-49.003,-9.964,-60.185,19.162,-48.832,13.099,-62.644,41.942,-92.335,-0.061,-113.153,-43.571,-97.29,,,116,"",,,,"",,,,"",,,,"",,,,"",,,,"",,,,"",,,,"",,,,10731.9,0.075,-37.099,,,,,,,,,,,,,,,,,,,,,,,,,10735.34,-2.897,-33.553,,,,,,,,,,,,,,,,,,,,,,,,,"",0,,,,,,,,,,,,,1,"",10729.44,10736.48,,0,""
286,,10,0,6,6,1,2,2,0,0,0,255,255,255,39,10914.67,"あくせる",R,28,83,134,1.795,0.164,0.344,1.508,0.421,1.521,-36.443,22.194,0,100,0,2,"",77.869,-99.933,13.237,0,0,5,"=","=","=","=","=","=","=","=","=",0,R,"인생최패망자",190,90,0.4,0,83,W,Y,1,10915.72,197,139,113,107,53,,145,92,-35.047,40.524,0.229,1.01,-20.257,-1,0,0.367,9.565,465.181,-337.75,10914.05,-0.908,-21.578,10916,2,-15.629,0.171,-45.626,0,0,,,,,,,,,,,,,,,10920.03,5,,147,0,,,,,,,,,,,10919.43,2,,,,,,,0.036,-37.325,0.015,-17.589,-21.772,-49.667,-11.117,-58.156,20.398,-50.109,12.897,-62.244,42.312,-91.826,0.257,-107.916,-46.733,-94.978,-0.074,-36.402,,"kneesohime",0.073,-17.616,,"にゃんこ65K",-21.761,-49.651,,"vovopo 보보포",-11.404,-57.912,,"?fredo?",18.005,-47.934,,"CoalCat",12.894,-62.246,,"Gonyong",42.302,-91.765,,"Roscosmos",0.254,-107.903,,"Espressο",-43.724,-94.062,,,,,,,,10917.8,-16.315,-46.605,,,,,,,,,,,,,,,,,,,,,,,,,,,,,,,,,,,,,,,,,,,,,,"",2,,,,,,,,,,,,,0,"にゃんこ65K",,,,8,""
287,END,10,0,6,6,1,2,2,0,0,0,255,255,255,,10971.7,,,,,,,,,,,,,,,,,,,,,,,,,,,,,,,,,,,,,,,,,,,,,,,,,,,,,,,,,,,,,,,,,,,,,,,,,,,,,,,,,,,,,,,,,,,,,,,,,,,,,,,,,,,,,,,,,,,,,,,,,,,,,,,,,,,,,,,,,,,,,,,,,,,,,,,,,,,,,,,,,,,,,,,,,,,,,,,,,,,,,,,,,,,,,,,,,,,,,,,,,,,,,,,,,,,,,,,,,,,,,,,,,,,,,,,,,,,,,,,"{""schemaVersion"":16,""gameTimeZeroUtc"":""2026-08-22T12:17:07.272Z"",""exportedAtUtc"":""2026-08-22T15:19:58.976Z"",""teamNameA"":""SK"",""teamNameB"":""RB""}"
