id,type,inn,half,scoreA,scoreB,ball,strk,out,b1,b2,b3,b1Idx,b2Idx,b3Idx,pCnt,pSec,pName,pHand,pType,pPow,spdK,zoneX,zoneY,startX,startY,targetX,targetY,zDist,pitchAngle,pOver,pSide,pUnder,call,manual,sH,sV,gyro,plx,plz,bIdx,order1Name,order2Name,order3Name,order4Name,order5Name,order6Name,order7Name,order8Name,order9Name,bPos,bZone,bName,bHCm,batLen,batCen,batType,bFps,bOS,bVR,bSwing,hSec,rotS,rotL,shS,lgS,prepS,gripPen,batSpd,ev,ldeg,sdeg,launchPosX,launchPosY,launchPosZ,hPos,buntGrip,handDist,angVeloX,angVeloY,angVeloZ,ltSec,lx,lz,cSec,cPos,cx,cy,cz,1BSafe,tag,cpSec,bTo1Sec,bTo2Sec,bTo3Sec,bToHSec,r1To2Sec,r1To3Sec,r1ToHSec,r2To3Sec,r2ToHSec,r3ToHSec,r1LeaveSec,r2LeaveSec,r3LeaveSec,out1Sec,out1BatterIndex,out1PrevBase,out1Code,out1Ass,out2Sec,out2BatterIndex,out2PrevBase,out2Code,out2Ass,out3Sec,out3BatterIndex,out3PrevBase,out3Code,out3Ass,ball1Sec,ball1Pos,ball2Sec,ball2Pos,ball3Sec,ball3Pos,ballHSec,ballHPos,PitchPPosX,PitchPPosZ,PitchCPosX,PitchCPosZ,Pitch1BPosX,Pitch1BPosZ,Pitch2BPosX,Pitch2BPosZ,Pitch3BPosX,Pitch3BPosZ,PitchSSPosX,PitchSSPosZ,PitchLFPosX,PitchLFPosZ,PitchCFPosX,PitchCFPosZ,PitchRFPosX,PitchRFPosZ,PPosX,PPosY,PThrSpd,CName,CPosX,CPosY,CThrSpd,1BName,1BPosX,1BPosY,1BThrSpd,2BName,2BPosX,2BPosY,2BThrSpd,3BName,3BPosX,3BPosY,3BThrSpd,SSName,SSPosX,SSPosY,SSThrSpd,LFName,LFPosX,LFPosY,LFThrSpd,CFName,CFPosX,CFPosY,CFThrSpd,RFName,RFPosX,RFPosY,RFThrSpd,PGetSec,PGetX,PGetZ,CGetSec,CGetX,CGetZ,1BGetSec,1BGetX,1BGetZ,2BGetSec,2BGetX,2BGetZ,3BGetSec,3BGetX,3BGetZ,SSGetSec,SSGetX,SSGetZ,LFGetSec,LFGetX,LFGetZ,CFGetSec,CFGetX,CFGetZ,RFGetSec,RFGetX,RFGetZ,PThrSec,PThrX,PThrZ,CThrSec,CThrX,CThrZ,1BThrSec,1BThrX,1BThrZ,2BThrSec,2BThrX,2BThrZ,3BThrSec,3BThrX,3BThrZ,SSThrSec,SSThrX,SSThrZ,LFThrSec,LFThrX,LFThrZ,CFThrSec,CFThrX,CFThrZ,RFThrSec,RFThrX,RFThrZ,errPosDelta,result,swPreDeg,swTargetDeg,swApproachDeg,swCorr,swSource,swProximity,swVRawDeg,swVAdjustedDeg,swVMotionDeg,swVClosestDeg,swVYShrink,swGeometryDeg,balk,cPlr,sb2Sec,sb3Sec,sbhSec,ass,remarks
1,,1,1,0,0,0,0,0,0,0,0,255,255,255,0,695.167,"Kenomo",R,3,77,106,-1.605,-0.024,0.2,1.576,-0.001,1.612,-36.44,8.183,44,56,0,2,"",-370.717,0,4.14,0,0,0,"しろくま。","Megu3568","Sabo_10","하루（Haru）","kotatu_yowai","Muna_328","濃いめのラー油","schmoneymikey","うよすま",0,R,"しろくま。",188.6,96,0.304,5,42,W,Y,1,696.256,244,93,146,88,33,,145,89,24.692,-12.436,-0.256,1.055,-21.068,1,0,0.456,19.108,559.047,-96.316,691.93,6.56,-93.504,693.63,7,6.98,0.131,-104.746,1,0,,702.224,,,,,,,,,,,,,,,,,,,,,,,,,,,,,,707.889,3,,,,,0.055,-37.801,-0.112,-17.734,-21.597,-48.879,-13.077,-64.95,20.214,-47.41,8.001,-66.667,41.91,-113.661,-1.685,-114.733,-45.666,-89.541,0.208,-37.382,,"-라후이-",-0.19,-17.749,,"Ainy4／あいにゃ",-21.538,-48.694,,"낑깡__",-13.423,-65.627,86,"Slaris",20.213,-47.334,,"즉석카레",7.939,-69.107,,"メリニット",41.905,-113.665,,"아침땅_",-1.971,-114.756,85,"なおｐ--",-45.677,-89.528,,709.287,-0.187,-38.382,,,,,,,705.702,0.152,-59.792,,,,,,,,,,702.464,6.883,-106.097,,,,,,,,,,,,,708.205,-0.298,-57.241,,,,,,,,,,703.198,6.448,-103.205,,,,"",2,-8.949,-8.949,24.417,0,0,1,24.692,24.692,30.634,24.692,0,-59.577,1,"아침땅_",,,,352,""
2,,1,1,0,0,0,0,0,1,0,0,0,255,255,1,746.716,"Kenomo",R,33,86,139,0.343,-0.73,0.265,1.515,-0.005,1.115,-36.44,9.969,28,72,0,2,"",126.107,-41.893,5.022,0,0,1,"=","=","=","=","=","=","=","=","=",1,R,"Megu3568",190,88.251,0.405,3,41,W,Y,1,747.767,255,234,156,122,60,,145,87,26.736,55.299,0.06,0.701,-19.859,1,0,0.541,228.296,466.874,240.796,742.13,-41.248,-45.897,,,,,,0,0,,,,,,,,,,,,763.801,,,,,,,,,,,,,,,,,,,,,,,,,,0.105,-37.787,0.228,-17.893,-19.887,-41.775,-11.578,-60.903,19.892,-48.835,8.395,-63.263,41.758,-114.634,-0.587,-113.419,-50.974,-96.522,0.098,-37.189,,"-라후이-",0.177,-17.895,,"Ainy4／あいにゃ",-19.603,-46.701,,"낑깡__",-11.578,-60.854,,"Slaris",19.68,-48.87,,"즉석카레",8.413,-63.138,,"メリニット",41.758,-114.626,,"아침땅_",-0.61,-113.425,,"なおｐ--",-50.989,-96.527,,,,,,,,,,,,,,,,,,,,,,,,,,,,,,,,,,,,,,,,,,,,,,,,,,,,,,,,"",3,,,,,,,,,,,,,0,"",,,,0,""
3,,1,1,0,0,0,1,0,1,0,0,0,255,255,2,770.96,"Kenomo",R,33,85,137,1.013,-0.499,0.278,1.539,0.296,1.267,-36.44,13.723,31,69,0,2,"",100.051,-33.182,6.652,0,0,1,"=","=","=","=","=","=","=","=","=",1,R,"Megu3568",190,88.251,0.405,5,75,W,Y,1,771.988,255,72,141,104,37,,145,99,39.809,49.554,0.188,0.814,-20.184,-0.54,0,0.412,469.326,246.807,-248.419,768.963,-62.825,-66.389,,,,,,0,0,,,,,,,,,,,,789.895,,,,,,,,,,,,,,,,,,,,,,,,,,0.086,-37.845,0.33,-17.984,-19.916,-41.531,-11.347,-59.568,21.583,-49.506,7.871,-63.485,41.502,-114.378,-0.399,-113.234,-49.606,-92.55,0.133,-37.221,,"-라후이-",0.307,-17.989,,"Ainy4／あいにゃ",-19.706,-46.507,,"낑깡__",-11.413,-59.42,,"Slaris",21.309,-49.478,,"즉석카레",7.898,-63.42,,"メリニット",41.242,-114.165,,"아침땅_",-0.415,-113.237,,"なおｐ--",-49.606,-92.547,,,,,,,,,,,,,,,,,,,,,,,,,,,,,,,,,,,,,,,,,,,,,,,,,,,,,,,,"",3,49.545,49.545,7.153,0,0,1,39.809,39.809,44.658,39.809,0,62.24,0,"",,,,0,""
4,,1,1,0,0,0,2,0,1,0,0,0,255,255,3,795.426,"Kenomo",R,3,72,103,-1.786,-0.496,0.144,1.442,-0.173,1.322,-36.44,4.891,22,78,0,2,"",-308.838,0,2.811,0,0,1,"=","=","=","=","=","=","=","=","=",1,R,"Megu3568",190,88.251,0.405,3,75,W,Y,1,796.651,255,66,194,50,77,,145,87,-4.174,16.927,-0.372,0.773,-19.758,-1,0,0.484,217.372,-279.158,9.781,788.164,-2.537,-27.021,789.864,3,-10.939,0.059,-51.957,0,0,,802.32,,,,801.385,,,,,,,,,800.543,0,1,166,64,802.399,1,,147,128,,,,,,,,,,,,,,0.13,-37.836,-0.355,-17.877,-19.861,-42.091,-11.192,-58.971,21.514,-47.159,7.159,-64.403,42.823,-112.223,-0.241,-112.737,-49.911,-91.51,0.217,-37.112,,"-라후이-",-0.457,-17.903,,"Ainy4／あいにゃ",-19.6,-46.385,87,"낑깡__",-11.487,-58.948,98,"Slaris",19.295,-49.195,,"즉석카레",7.299,-64.303,103,"メリニット",42.825,-112.221,,"아침땅_",-0.27,-112.733,,"なおｐ--",-49.907,-91.506,,806.232,-0.291,-37.608,,,,801.753,-18.269,-40.862,798.678,-11.326,-52.923,,,,799.931,-0.436,-58.656,,,,,,,,,,,,,,,,805.29,-16.455,-42.415,799.382,-7.062,-54.371,,,,800.651,-3.205,-55.96,,,,,,,,,,"",2,,,,,,,,,,,,,0,"낑깡__",801.385,,,228,""
5,,1,1,0,0,0,0,2,0,0,0,255,255,255,4,822.426,"Kenomo",R,33,86,140,3.167,0.664,0.415,1.701,1.215,1.978,-36.44,26.928,67,33,0,1,"",132.066,-42.477,9.381,0,0,2,"=","=","=","=","=","=","=","=","=",8,L,"Sabo_10",185.3,90,0.502,,40,W,Y,0,,,,,,,,,,,,,,,,,,,,,,,,,,,,,0,0,,,,,,,,,,,,,,,,,,,,,,,,,,,,,,,,,,,,,,0.102,-37.874,0.234,-17.817,-21.568,-49.011,-8.806,-64.532,20.981,-46.927,13.619,-64.022,48.706,-103.997,0.022,-115.119,-44.724,-94.72,,,,"",,,,"",,,,"",,,,"",,,,"",,,,"",,,,"",,,,"",,,,825.987,-0.263,-37.41,,,,,,,,,,,,,,,,,,,,,,,,,,,,,,,,,,,,,,,,,,,,,,,,,,,,"",0,,,,,,,,,,,,,0,"",,,,0,""
6,,1,1,0,0,1,0,2,0,0,0,255,255,255,5,840.336,"Kenomo",R,34,87,140,1.062,-0.828,0.261,1.49,0.331,1.076,-36.44,8.338,32,68,0,0,"",93.023,-28.791,4.346,0,0,2,"=","=","=","=","=","=","=","=","=",8,L,"Sabo_10",185.3,90,0.502,,40,W,Y,1,,,,,,,,,,,,,,,,,,,,,,,,,,,,,0,0,,,,,,,,,,,,,,,,,,,,,,,,,,,,,,,,,,,,,,0.111,-37.721,0.199,-17.796,-21.58,-49.017,-11.55,-65.495,21.651,-47.346,13.441,-64.336,49.626,-105.441,1.419,-115.027,-44.717,-94.716,,,,"",,,,"",,,,"",,,,"",,,,"",,,,"",,,,"",,,,"",,,,843.92,0.041,-37.405,,,,,,,,,,,,,,,,,,,,,,,,,,,,,,,,,,,,,,,,,,,,,,,,,,,,"",0,,,,,,,,,,,,,0,"",,,,0,""
7,,1,1,0,0,1,1,2,0,0,0,255,255,255,6,854.859,"Kenomo",R,34,80,131,1.806,-0.434,0.336,1.492,0.633,1.309,-36.44,14.755,41,59,0,2,"",99.333,-36.172,6.791,0,0,2,"=","=","=","=","=","=","=","=","=",8,L,"Sabo_10",185.3,90,0.502,0,40,W,Y,1,855.728,171,104,93,113,70,,145,103,-6.807,-13.222,0.332,0.854,-20.658,0.98,0,0.445,-292.816,-25.923,-35.447,847.03,1.674,-26.358,848.947,5,8.848,0.06,-59.606,0,0,,,,,,,,,,,,,,,860.503,2,,147,128,,,,,,,,,,,,,,,,,,,0.11,-37.852,0.25,-17.848,-21.58,-49.023,-11.973,-65.701,22.061,-48.868,13.45,-64.348,49.066,-104.464,1.416,-115.051,-44.715,-94.72,0.141,-37.036,,"-라후이-",0.234,-17.879,,"Ainy4／あいにゃ",-21.567,-48.823,,"낑깡__",-11.99,-65.652,,"Slaris",21.858,-48.779,,"즉석카레",13.449,-64.211,103,"メリニット",49.056,-104.654,,"아침땅_",2.564,-115.113,,"なおｐ--",-44.719,-94.711,,,,,,,,859.888,-18.389,-40.092,,,,,,,857.749,9.057,-60.716,,,,,,,,,,,,,,,,,,,,,,,,,858.445,5.87,-57.898,,,,,,,,,,"",2,,,,,,,,,,,,,0,"즉석카레",,,,132,""
8,SIDE,1,1,0,0,0,0,2,0,0,0,255,255,255,,862.241,,,,,,,,,,,,,,,,,,,,,,,,3,"=","=","=","=","=","=","=","=","=",,,,,,,,,,,,,,,,,,,,,,,,,,,,,,,,,,,,,,,0,0,,,,,,,,,,,,,,,,,,,,,,,,,,,,,,,,,,,,,,,,,,,,,,,,,,,,,,,,,,,,,,,,,,,,,,,,,,,,,,,,,,,,,,,,,,,,,,,,,,,,,,,,,,,,,,,,,,,,,,,,,,,,,,,,,,,,,,,,,,,,,,,,,"",0,,,,,,,,,,,,,0,"",,,,0,""
9,,1,0,0,0,0,0,0,0,0,0,255,255,255,0,988.558,"しろくま。",R,13,75,113,1.226,0.497,0.538,1.596,1.157,2.356,-36.454,11.924,58,42,0,2,"",-364.541,342.213,2.382,0,0,0,"-라후이-","Slaris","Ainy4／あいにゃ","なおｐ--","メリニット","Kenomo","낑깡__","즉석카레","아침땅_",1,R,"-라후이-",190,87,0.504,5,38,W,Y,1,989.487,184,93,90,57,28,,145,102,34.64,47.68,0.198,1.159,-19.898,-0.38,0,0.187,335.184,292.172,-353.372,985.597,-66.663,-73.164,,,,,,0,0,,,,,,,,,,,,,,,,,,,,,,,,,,,,,,,,,,,,,,0.236,-37.908,0.2,-17.914,-21.275,-47.324,-15.489,-62.696,22.897,-52.275,8.273,-65.043,42.842,-105.45,-2.273,-117.663,-47.943,-99.947,0.524,-36.945,,"Megu3568",0.16,-17.99,,"濃いめのラー油",-21.242,-47.131,,"Muna_328",-15.459,-62.667,,"kotatu_yowai",22.873,-52.227,,"schmoneymikey",8.277,-65.037,,"하루（Haru）",42.832,-105.441,,"うよすま",-2.312,-117.602,,"Sabo_10",-47.937,-99.903,,,,,,,,,,,,,,,,,,,,,,,,,,,,,,,,,,,,,,,,,,,,,,,,,,,,,,,,"",3,50.551,48.654,10.679,0,1,0.498,77.181,34.64,-3.36,85.928,0.05,104.061,0,"",,,,0,""
10,,1,0,0,0,0,1,0,0,0,0,255,255,255,1,1011.2,"しろくま。",R,26,85,138,1.125,0.144,0.259,1.447,0.395,1.536,-36.454,5.918,49,51,0,2,"",69.951,-200,43.411,0,0,0,"=","=","=","=","=","=","=","=","=",1,R,"-라후이-",190,87,0.504,5,88,W,Y,1,1012.092,202,96,98,44,24,,145,114,19.864,-3.154,0.214,1.022,-19.19,0.07,0,0.144,423.782,121.423,-321.242,,,,1007.78,7,4.525,2.493,-119.89,0,0,,,,,,,,,,,,,,,1017.275,0,,456,0,,,,,,,,,,,,,,,,,,,0.099,-37.805,0.185,-17.823,-22.33,-47.42,-14.128,-63.743,22.155,-51.315,7.939,-65.824,41.238,-105.77,-2.089,-115.794,-52.877,-98.464,0.36,-37.286,,"Megu3568",0.117,-17.948,,"濃いめのラー油",-22.258,-47.237,,"Muna_328",-14.547,-63.019,,"kotatu_yowai",22.127,-51.283,,"schmoneymikey",7.932,-65.812,90,"하루（Haru）",41.065,-105.964,,"うよすま",-2.097,-115.767,115,"Sabo_10",-53.736,-97.714,,1024.002,-0.166,-43.97,,,,,,,,,,,,,1020.906,1.056,-67.92,,,,1017.289,4.398,-120.815,,,,,,,,,,,,,,,,,,,1022.788,1.997,-63.17,,,,1018.927,4.749,-115.007,,,,"",1,-3.485,-3.485,20.196,0,0,1,19.864,19.864,0.981,19.864,0,-16.043,0,"うよすま",,,,385,""
11,,1,0,0,0,0,0,1,0,0,0,255,255,255,2,1037.793,"しろくま。",R,3,63,106,-1.753,0.512,0.191,1.443,-0.042,1.957,-36.454,14.427,57,43,0,1,"",-449.532,0,5.628,0,0,1,"=","=","=","=","=","=","=","=","=",4,R,"Slaris",190,85.704,0.452,,38,W,Y,0,,,,,,,,,,,,,,,,,,,,,,,,,,,,,0,0,,,,,,,,,,,,,,,,,,,,,,,,,,,,,,,,,,,,,,0.018,-37.883,-0.581,-17.638,-21.586,-47.065,-16.092,-61.622,21.23,-49.666,8.351,-65.264,40.973,-107.674,-6.058,-114.461,-48.87,-100.062,,,,"",,,,"",,,,"",,,,"",,,,"",,,,"",,,,"",,,,"",,,,1041.204,0.18,-37.765,,,,,,,,,,,,,,,,,,,,,,,,,,,,,,,,,,,,,,,,,,,,,,,,,,,,"",0,,,,,,,,,,,,,0,"",,,,0,""
12,,1,0,0,0,1,0,1,0,0,0,255,255,255,3,1050.333,"しろくま。",R,6,59,103,1.618,0.027,0.168,1.351,-0.148,1.657,-36.454,4.942,45,55,0,2,"",428.464,0,3.14,0,0,1,"=","=","=","=","=","=","=","=","=",4,R,"Slaris",190,85.704,0.452,5,38,W,Y,1,1051.302,231,129,145,123,57,,145,131,-11.207,-52.398,0.306,1.112,-21.11,0.65,0,0.311,-376.516,353.649,-213.125,1041.88,4.241,-24.162,,,,,,0,0,,,,,,,,,,,,,,,,,,,,,,,,,,,,,,,,,,,,,,0.09,-38.129,0.268,-17.601,-21.613,-46.88,-16.128,-61.923,21.659,-50.072,8.72,-65.534,40.154,-107.825,-5.756,-114.215,-47.031,-98.978,0.053,-36.74,,"Megu3568",0.22,-17.717,,"濃いめのラー油",-21.484,-46.859,,"Muna_328",-16.057,-61.836,,"kotatu_yowai",21.538,-49.995,,"schmoneymikey",8.722,-65.502,,"하루（Haru）",40.163,-107.834,,"うよすま",-6.086,-114.225,,"Sabo_10",-47.045,-98.982,,,,,,,,,,,,,,,,,,,,,,,,,,,,,,,,,,,,,,,,,,,,,,,,,,,,,,,,"",3,-54.749,-49.193,-7.13,0,0,1,-11.207,-11.207,-25.814,-11.207,0,-86.282,0,"",,,,0,""
13,,1,0,0,0,1,1,1,0,0,0,255,255,255,4,1065.001,"しろくま。",R,26,89,140,0.551,0.066,0.172,1.363,0.085,1.494,-36.454,9.938,51,49,0,2,"",125.174,-200,47.839,0,0,1,"=","=","=","=","=","=","=","=","=",4,R,"Slaris",190,85.704,0.452,5,38,W,Y,1,1065.832,133,88,160,83,38,,141,100,-77.702,54.29,0.102,1.045,-20.386,-0.36,0,0.161,200.461,495.409,-270.42,1056.247,-0.073,-20.512,1060.747,0,-14.812,0.427,-31.043,0,0,,,,,,,,,,,,,,,,,,,,,,,,,,,,,,,,,,,,,,0.074,-37.943,0.185,-17.822,-22.058,-46.798,-14.885,-63.153,22.148,-50.072,8.91,-66.559,43.372,-106.342,-6.082,-117.002,-48.327,-99.189,-0.421,-37.26,,"Megu3568",0.087,-18,,"濃いめのラー油",-21.886,-46.803,,"Muna_328",-14.711,-62.736,,"kotatu_yowai",21.789,-50.314,,"schmoneymikey",8.912,-66.56,,"하루（Haru）",43.377,-106.351,,"うよすま",-6.067,-116.959,,"Sabo_10",-48.395,-99.21,,1070.354,-14.659,-31.45,,,,1070.466,-15.708,-31.808,,,,,,,,,,,,,,,,,,,,,,,,,,,,,,,,,,,,,,,,,,,,,,"",3,135.752,53.962,12.023,1,1,0.828,-77.702,-77.702,-3.492,-75.417,0,-173.961,0,"しろくま。",,,,65,""
14,,1,0,0,0,1,2,1,0,0,0,255,255,255,5,1102.542,"しろくま。",R,13,80,118,-1.023,-0.952,0.231,1.28,0.144,1.429,-36.454,13.203,43,57,0,2,"",-359.693,347.305,2.352,0,0,1,"=","=","=","=","=","=","=","=","=",4,R,"Slaris",190,85.704,0.452,5,37,W,Y,1,1103.482,255,96,90,81,42,,145,89,104.857,-53.923,-0.139,0.75,-21.367,1,0,0.301,-146.231,174.922,-135.873,1100.364,-19.435,-6.831,,,,,,0,0,,,,,,,,,,,,,,,,,,,,,,,,,,,,,,,,,,,,,,0.007,-37.79,-0.233,-17.653,-21.41,-46.917,-15.374,-61.892,22.62,-52.24,8.687,-66.129,43.135,-109.068,-7.62,-114.201,-48.796,-96.514,-0.05,-37.138,,"Megu3568",-0.293,-17.842,,"濃いめのラー油",-21.072,-47.074,,"Muna_328",-15.354,-61.879,,"kotatu_yowai",22.26,-52.504,,"schmoneymikey",8.711,-66.153,,"하루（Haru）",43.137,-109.073,,"うよすま",-7.564,-114.211,,"Sabo_10",-48.789,-96.504,,,,,,,,,,,,,,,,,,,,,,,,,,,,,,,,,,,,,,,,,,,,,,,,,,,,,,,,"",3,-51.08,-51.08,-12.726,0,0,1,75.143,75.143,60.349,75.143,0,155.713,0,"",,,,0,""
15,,1,0,0,0,1,2,1,0,0,0,255,255,255,6,1124.952,"しろくま。",R,26,96,140,-3.492,-1.964,0.046,1.198,-1.693,0.213,-36.454,24.524,47,53,0,1,"",141.431,-200,46.566,-0.709,-17.761,1,"=","=","=","=","=","=","=","=","=",4,R,"Slaris",190,85.704,0.452,,37,W,Y,0,,,,,,,,,,,,,,,,,,,,,,,,,,,,,0,2,,,,,,,,,,,,,,,,,,,,,,,,,,,,,,,,,,,,,,0.085,-37.848,0.155,-17.934,-20.988,-47.267,-15.908,-61.77,23.197,-51.865,8.038,-65.738,42.073,-110.114,-7.145,-114.276,-49.414,-93.61,,,,"",,,,"",,,,"",,,,"",,,,"",,,,"",,,,"",,,,"",,,,,,,,,,,,,,,,,,,,,,,,,,,,,,,,,,,,,,,,,,,,,,,,,,,,,,,,,,"",0,,,,,,,,,,,,,0,"",,,,0,""
16,,1,0,0,0,2,2,1,0,0,0,255,255,255,7,1140.475,"しろくま。",R,26,89,140,0.302,-0.496,0.225,1.192,0.117,1.144,-36.454,17.53,51,49,0,0,"",6.649,-200,46.707,0,0,1,"=","=","=","=","=","=","=","=","=",4,R,"Slaris",190,85.704,0.452,,37,W,Y,0,,,,,,,,,,,,,,,,,,,,,,,,,,,,,0,0,,,,,,,,,,,,,,,1142.938,1,,578,0,,,,,,,,,,,,,,,,,,,0.081,-38.285,0.168,-17.702,-21.766,-47.533,-16.484,-61.136,23.115,-52.087,8.8,-66.107,42.072,-110.114,-7.232,-114.314,-49.831,-94.931,,,,"",,,,"",,,,"",,,,"",,,,"",,,,"",,,,"",,,,"",,,,,,,,,,,,,,,,,,,,,,,,,,,,,,,,,,,,,,,,,,,,,,,,,,,,,,,,,,"",0,,,,,,,,,,,,,0,"",,,,0,""
17,,1,0,0,0,0,0,2,0,0,0,255,255,255,8,1161.831,"しろくま。",R,6,68,108,0.303,-0.159,0.065,1.313,-0.63,1.535,-36.454,13.577,44,56,0,0,"",490.909,0,21.476,0,0,2,"=","=","=","=","=","=","=","=","=",2,L,"Ainy4／あいにゃ",190,85,0.512,,36,W,Y,0,,,,,,,,,,,,,,,,,,,,,,,,,,,,,0,0,,,,,,,,,,,,,,,,,,,,,,,,,,,,,,,,,,,,,,-0.127,-38.1,-0.248,-17.865,-21.936,-47.59,-12.642,-64.657,23.723,-51.45,13.448,-64.032,48.891,-101.925,8.79,-118.739,-41.917,-99.551,,,,"",,,,"",,,,"",,,,"",,,,"",,,,"",,,,"",,,,"",,,,,,,,,,,,,,,,,,,,,,,,,,,,,,,,,,,,,,,,,,,,,,,,,,,,,,,,,,"",0,,,,,,,,,,,,,0,"",,,,0,""
18,,1,0,0,0,0,1,2,0,0,0,255,255,255,9,1176.213,"しろくま。",R,26,90,140,-0.699,1.321,0.099,1.544,-0.471,2.283,-36.454,6.48,57,43,0,1,"",130.115,-200,37.231,0,0,2,"=","=","=","=","=","=","=","=","=",2,L,"Ainy4／あいにゃ",190,85,0.512,,36,W,Y,0,,,,,,,,,,,,,,,,,,,,,,,,,,,,,0,0,,,,,,,,,,,,,,,,,,,,,,,,,,,,,,,,,,,,,,-0.08,-37.841,-0.281,-17.593,-20.422,-47.278,-11.513,-64.818,23.514,-51.749,13.156,-64.41,48.883,-102.629,8.586,-118.532,-41.521,-99.612,,,,"",,,,"",,,,"",,,,"",,,,"",,,,"",,,,"",,,,"",,,,,,,,,,,,,,,,,,,,,,,,,,,,,,,,,,,,,,,,,,,,,,,,,,,,,,,,,,"",0,,,,,,,,,,,,,0,"",,,,0,""
19,,1,0,0,0,1,1,2,0,0,0,255,255,255,10,1191.037,"しろくま。",R,10,62,107,0.378,-0.508,0.241,1.465,0.157,1.841,-36.454,6.595,49,51,0,2,"",0,400,4.79,0,0,2,"=","=","=","=","=","=","=","=","=",2,L,"Ainy4／あいにゃ",190,85,0.512,5,36,W,Y,1,1192.24,238,66,86,64,22,,145,123,25.442,-20.868,0.07,0.823,-20.404,0.21,0,0.501,494.897,-322.486,105.262,1188.03,46.291,-119.076,1191.047,7,42.329,0.059,-109.603,1,0,,1197.845,1202.271,,,,,,,,,,,,,,,,,,,,,,,,,,,,,,,,,,,0.029,-37.823,0.494,-17.73,-20.617,-47.759,-9.669,-65.284,23.388,-51.634,13.28,-63.58,48.436,-102.965,6.338,-118.655,-41.521,-99.608,0.107,-37.077,,"Megu3568",0.485,-17.755,,"濃いめのラー油",-20.604,-47.589,60,"Muna_328",-9.674,-65.257,,"kotatu_yowai",23.455,-51.562,,"schmoneymikey",13.802,-63.128,,"하루（Haru）",48.432,-102.96,113,"うよすま",6.651,-118.44,115,"Sabo_10",-41.525,-99.588,,1212.72,0.182,-41.833,,,,1205.576,-20.723,-47.727,,,,,,,,,,1201.046,42.721,-109.992,1200.951,41.315,-110.099,,,,,,,,,,1211.695,-10.849,-48.141,,,,,,,,,,1202.159,38.462,-103.334,1201.855,39.214,-105.715,,,,"",2,-20.255,-20.255,2.28,0,1,0.643,46.397,30.53,6.655,81.326,0.046,-50.34,0,"うよすま",1202.271,,,329,""
20,,1,0,0,0,0,0,2,0,1,0,255,12,255,11,1230.39,"しろくま。",R,26,84,136,1.408,0.3,0.303,1.345,0.477,1.639,-36.454,6.017,47,53,0,2,"",147.788,-200,39.262,0,0,3,"=","=","=","=","=","=","=","=","=",8,R,"なおｐ--",190,89.787,0.405,3,36,W,Y,1,1231.482,255,127,136,67,33,,145,87,94.468,-69.785,0.263,1.127,-20.191,-1,0,0.319,490.536,118.732,324.464,1227.697,-23.213,-6.801,,,,,,0,0,,,,,,,,,,,,,1250.155,,,,,,,,,,,,,,,,,,,,,,,,,0.109,-37.6,0.217,-18.097,-19.667,-47.983,-14.886,-63.458,22.326,-51.994,7.452,-65.495,45.84,-106.259,-8.13,-115.085,-51.359,-103.739,0.31,-37.045,,"Megu3568",0.073,-18.286,,"濃いめのラー油",-19.569,-47.837,,"Muna_328",-14.801,-63.383,,"kotatu_yowai",21.957,-52.057,,"schmoneymikey",5.717,-65.235,,"하루（Haru）",45.594,-106.45,,"うよすま",-8.536,-114.988,,"Sabo_10",-51.58,-103.569,,,,,,,,,,,,,,,,,,,,,,,,,,,,,,,,,,,,,,,,,,,,,,,,,,,,,,,,"",3,,,,,,,,,,,,,0,"",1237.11,,,0,""
21,,1,0,0,0,0,1,2,0,1,0,255,12,255,12,1250.872,"しろくま。",R,13,89,126,-4.37,-2.493,-0.082,0.968,-1.311,0.418,-36.454,30.462,37,20,43,1,"",-390.434,312.348,33.262,-0.817,-20.313,3,"=","=","=","=","=","=","=","=","=",8,R,"なおｐ--",190,89.787,0.405,,36,W,Y,0,,,,,,,,,,,,,,,,,,,,,,,,,,,,,0,0,,,,,,,,,,,,,1263.449,,,,,,,,,,,,,,,,,,,,,,,,,-0.081,-37.503,-0.507,-17.829,-20.765,-47.933,-13.996,-63.477,21.55,-50.526,8.403,-65.935,44.397,-104.635,-6.152,-114.732,-52.03,-101.653,,,,"",,,,"",,,,"",,,,"",,,,"",,,,"",,,,"",,,,"",,,,,,,,,,,,,,,,,,,,,,,,,,,,,,,,,,,,,,,,,,,,,,,,,,,,,,,,,,"",0,,,,,,,,,,,,,0,"",1253.239,,,0,""
22,,1,0,0,0,1,1,2,0,1,0,255,12,255,13,1263.901,"しろくま。",R,10,56,103,0.63,-0.324,0.25,1.503,0.267,1.988,-36.454,11.769,49,51,0,2,"",0,400,-0.515,0,0,3,"=","=","=","=","=","=","=","=","=",8,R,"なおｐ--",190,89.787,0.405,3,36,W,Y,1,1265.146,255,91,144,55,17,,145,104,112.421,-61.221,0.115,0.87,-20.218,-0.16,0,0.268,436.375,261.995,212.925,1260.68,-61.206,22.024,,,,,,0,0,,,,,,,,,,,,,1281.751,,,,,,,,,,,,,,,,,,,,,,,,,0.016,-37.717,0.322,-17.575,-20.63,-47.819,-14.065,-63.487,21.552,-50.627,8.314,-66.378,45.439,-104.815,-6.348,-115.086,-50.886,-103.614,0.282,-37.07,,"Megu3568",0.283,-17.686,,"濃いめのラー油",-20.457,-48.014,,"Muna_328",-14.037,-63.453,,"kotatu_yowai",21.174,-50.825,,"schmoneymikey",8.301,-66.342,,"하루（Haru）",45.421,-104.79,,"うよすま",-5.535,-114.508,,"Sabo_10",-50.891,-103.602,,,,,,,,,,,,,,,,,,,,,,,,,,,,,,,,,,,,,,,,,,,,,,,,,,,,,,,,"",3,,,,,,,,,,,,,0,"",1268.715,,,0,""
23,,1,0,0,0,1,2,2,0,1,0,255,12,255,14,1283.435,"しろくま。",R,13,88,126,-2.567,-1.565,0.085,1.141,-0.536,0.979,-36.454,19.165,53,47,0,1,"",-384.448,319.687,20.734,0.856,-21.169,3,"=","=","=","=","=","=","=","=","=",8,R,"なおｐ--",190,89.787,0.405,,35,W,Y,0,,,,,,,,,,,,,,,,,,,,,,,,,,,,,0,0,,,,,,,,,,,,,1306.379,,,,,,,,,,,,,,,,,,,,,,,,,-0.031,-37.739,-0.388,-17.671,-20.782,-48.061,-14.562,-62.964,21.947,-50.873,8.816,-65.998,43.015,-107.951,-6.198,-114.863,-51.951,-102.401,,,,"",,,,"",,,,"",,,,"",,,,"",,,,"",,,,"",,,,"",,,,,,,,,,,,,,,,,,,,,,,,,,,,,,,,,,,,,,,,,,,,,,,,,,,,,,,,,,"",0,,,,,,,,,,,,,0,"",1287.028,,,0,""
24,,1,0,0,0,2,2,2,0,1,0,255,12,255,15,1333.331,"しろくま。",R,26,81,132,1.09,0.707,0.262,1.422,0.289,1.887,-36.454,6.695,48,52,0,2,"",135.555,-200,47.692,0,0,3,"=","=","=","=","=","=","=","=","=",8,R,"なおｐ--",190,89.787,0.405,3,35,W,Y,1,1334.416,246,100,133,52,40,,145,87,104.019,53.384,0.205,1.284,-20.205,-1,0,0.243,555.319,-38.448,-192.641,1329.997,30.617,6.605,,,,,,0,0,,,,,,,,,,,,,1350.886,,,,,,,,,,,,,,,,,,,,,,,,,0.156,-37.797,0.229,-17.987,-20.213,-47.106,-16.451,-62.014,21.615,-51.18,8.147,-65.595,43.104,-108.099,-6.11,-114.879,-50.727,-103.232,0.382,-37.369,,"Megu3568",0.123,-18.226,,"濃いめのラー油",-19.976,-47.013,,"Muna_328",-16.463,-61.963,,"kotatu_yowai",21.318,-51.339,,"schmoneymikey",6.216,-65.109,,"하루（Haru）",43.11,-108.1,,"うよすま",-6.127,-114.796,,"Sabo_10",-50.744,-103.133,,,,,,,,,,,,,,,,,,,,,,,,,,,,,,,,,,,,,,,,,,,,,,,,,,,,,,,,"",3,,,,,,,,,,,,,0,"",1338.712,,,0,""
25,,1,0,0,0,2,2,2,0,1,0,255,12,255,16,1352.135,"しろくま。",R,13,77,103,-2.769,-1.231,0.031,1.205,-0.524,1.341,-36.454,12.04,43,57,0,1,"",-344.483,338.606,16.939,0,0,3,"=","=","=","=","=","=","=","=","=",8,R,"なおｐ--",190,89.787,0.405,,35,W,Y,0,,,,,,,,,,,,,,,,,,,,,,,,,,,,,0,8,,,,,,,,,,,,,1375.114,,,,,,,,,,,,,,,,,,,,,,,1354.634,1,-0.003,-37.776,-0.376,-17.961,-21.019,-47.933,-15.815,-61.924,22.172,-50.587,0.69,-63.947,44.167,-110.667,-8.67,-118.018,-50.826,-103.623,,,,"",,,,"",,,,"",,,,"",,,,"",,,,"",,,,"",,,,"",,,,,,,,,,,,,,,,,,,,,,,,,,,,,,,,,,,,,,,,,,,,,,,,,,,,,,,,,,"",0,,,,,,,,,,,,,0,"",1355.056,,,0,""
26,,1,0,0,0,3,2,2,0,1,0,255,12,255,17,1375.731,"しろくま。",R,26,89,140,0.992,-0.186,0.253,1.253,0.248,1.34,-36.454,10.09,50,50,0,2,"",147.165,-200,46.339,0,0,3,"=","=","=","=","=","=","=","=","=",8,R,"なおｐ--",190,89.787,0.405,3,35,W,Y,1,1376.827,198,84,81,51,28,,143,90,48.606,47.948,0.194,0.918,-19.595,-0.79,0,0.242,359.016,130.05,-437.601,1371.897,-53.981,-65.959,,,,,,0,0,,,,,,,,,1381.037,,,,1402.397,,,,,,,,,,,,,,,,,,,,,,,,,0.047,-37.818,0.082,-17.733,-20.585,-47.74,-15.83,-61.893,22.786,-51.821,6.605,-65.252,40.45,-108.237,-6.339,-115.11,-49.853,-103.23,-0.551,-37.43,,"Megu3568",-0.006,-18.019,,"濃いめのラー油",-20.607,-47.679,,"Muna_328",-15.735,-61.876,,"kotatu_yowai",22.408,-52.252,,"schmoneymikey",6.61,-65.241,,"하루（Haru）",40.508,-108.271,,"うよすま",-6.368,-115.012,,"Sabo_10",-49.851,-103.215,,,,,,,,,,,,,,,,,,,,,,,,,,,,,,,,,,,,,,,,,,,,,,,,,,,,,,,,"",3,,,,,,,,,,,,,0,"",1388.198,1381.037,,0,""
27,,1,0,0,0,3,2,2,0,1,0,255,12,255,18,1402.706,"しろくま。",R,33,68,108,-0.911,-0.499,0.107,1.299,-0.592,1.292,-36.454,10.627,29,71,0,2,"",102.834,-25.203,4.407,0,0,3,"=","=","=","=","=","=","=","=","=",8,R,"なおｐ--",190,89.787,0.405,3,34,W,Y,1,1403.937,158,93,88,49,40,,143,126,-12.23,21.614,-0.173,0.784,-19.782,0.25,0,0.271,103.038,71.515,-59.78,1393.63,-1.464,-23.035,1395.247,3,-15.03,0.091,-57.301,0,0,,,,,,,,,1407.885,,,,,,1407.855,3,,147,32,,,,,,,,,,,,,,,,,,,0.019,-37.823,-0.19,-17.803,-21.174,-47.217,-15.086,-62.435,21.659,-51.331,8.092,-65.778,45.188,-110.157,-6.879,-114.074,-49.901,-102.431,-0.011,-37.406,,"Megu3568",-0.3,-18.104,,"濃いめのラー油",-20.799,-47.461,,"Muna_328",-15.504,-61.973,85,"kotatu_yowai",21.564,-51.292,,"schmoneymikey",8.097,-65.758,,"하루（Haru）",45.184,-110.154,,"うよすま",-6.892,-114.036,,"Sabo_10",-49.904,-102.441,,,,,,,,1407.213,-19.013,-40.232,1405.552,-15.628,-58.598,,,,,,,,,,,,,,,,,,,,,,,,,1406.203,-16.266,-55.78,,,,,,,,,,,,,,,,"",2,,,,,,,,,,,,,0,"Muna_328",,1407.885,,96,""
28,SIDE,1,0,0,0,0,0,2,0,0,1,255,255,12,,1411.207,,,,,,,,,,,,,,,,,,,,,,,,4,"=","=","=","=","=","=","=","=","=",,,,,,,,,,,,,,,,,,,,,,,,,,,,,,,,,,,,,,,0,0,,,,,,,,,,,,,,,,,,,,,,,,,,,,,,,,,,,,,,,,,,,,,,,,,,,,,,,,,,,,,,,,,,,,,,,,,,,,,,,,,,,,,,,,,,,,,,,,,,,,,,,,,,,,,,,,,,,,,,,,,,,,,,,,,,,,,,,,,,,,,,,,,"",0,,,,,,,,,,,,,0,"",,,,0,""
29,,2,1,0,0,0,0,0,0,0,0,255,255,255,7,1460.771,"Kenomo",R,33,72,123,0.876,-0.696,0.451,1.688,0.167,1.112,-36.44,27.496,63,37,0,0,"",149.201,-70.968,10.505,0,0,3,"しろくま。","Megu3568","Sabo_10","하루（Haru）","kotatu_yowai","Muna_328","濃いめのラー油","schmoneymikey","うよすま",6,L,"하루（Haru）",174.8,85,0.354,,34,W,Y,0,,,,,,,,,,,,,,,,,,,,,,,,,,,,,0,0,,,,,,,,,,,,,,,,,,,,,,,,,,,,,,,,,,,,,,0.11,-37.995,0.326,-17.897,-20.364,-47.819,-12.3,-65.476,21.466,-48.881,13.814,-64.23,50.731,-95.886,3.442,-113.547,-39.555,-86.64,,,,"",,,,"",,,,"",,,,"",,,,"",,,,"",,,,"",,,,"",,,,,,,,,,,,,,,,,,,,,,,,,,,,,,,,,,,,,,,,,,,,,,,,,,,,,,,,,,"",0,,,,,,,,,,,,,0,"",,,,0,""
30,,2,1,0,0,0,1,0,0,0,0,255,255,255,8,1478.204,"Kenomo",R,14,53,86,2.092,-1.806,0.3,1.456,0.311,1.326,-36.44,9.66,53,47,0,1,"",243.146,391.509,12.013,0.443,-18.965,3,"=","=","=","=","=","=","=","=","=",6,L,"하루（Haru）",174.8,85,0.354,,34,W,Y,0,,,,,,,,,,,,,,,,,,,,,,,,,,,,,0,0,,,,,,,,,,,,,,,,,,,,,,,,,,,,,,,,,,,,,,0.089,-38.014,0.334,-18.028,-20.36,-47.82,-12.317,-65.4,21.495,-48.924,13.845,-64.322,50.268,-96.311,3.712,-113.633,-39.415,-87.189,,,,"",,,,"",,,,"",,,,"",,,,"",,,,"",,,,"",,,,"",,,,,,,,,,,,,,,,,,,,,,,,,,,,,,,,,,,,,,,,,,,,,,,,,,,,,,,,,,"",0,,,,,,,,,,,,,0,"",,,,0,""
31,,2,1,0,0,1,1,0,0,0,0,255,255,255,9,1494.047,"Kenomo",R,33,83,135,2.755,0.352,0.346,1.633,1.043,1.758,-36.44,16.835,78,22,0,1,"",105.522,-48.891,8.063,0,0,3,"=","=","=","=","=","=","=","=","=",6,L,"하루（Haru）",174.8,85,0.354,,34,W,Y,0,,,,,,,,,,,,,,,,,,,,,,,,,,,,,0,0,,,,,,,,,,,,,,,,,,,,,,,,,,,,,,,,,,,,,,0.142,-38.017,0.321,-18.02,-20.319,-47.641,-12.368,-65.298,21.466,-48.91,13.881,-64.206,49.63,-96.935,4.038,-113.561,-39.413,-87.208,,,,"",,,,"",,,,"",,,,"",,,,"",,,,"",,,,"",,,,"",,,,,,,,,,,,,,,,,,,,,,,,,,,,,,,,,,,,,,,,,,,,,,,,,,,,,,,,,,"",0,,,,,,,,,,,,,0,"",,,,0,""
32,,2,1,0,0,2,1,0,0,0,0,255,255,255,10,1510.159,"Kenomo",R,33,81,131,2.456,0.707,0.381,1.698,0.886,1.973,-36.44,24.546,71,29,0,1,"",118.983,-36.325,9.59,0,0,3,"=","=","=","=","=","=","=","=","=",6,L,"하루（Haru）",174.8,85,0.354,,34,W,Y,0,,,,,,,,,,,,,,,,,,,,,,,,,,,,,0,0,,,,,,,,,,,,,,,,,,,,,,,,,,,,,,,,,,,,,,0.118,-38.048,0.231,-18.01,-20.353,-47.754,-11.993,-65.401,21.269,-49.232,13.882,-64.224,50.946,-100.699,4.58,-113.746,-39.421,-87.227,,,,"",,,,"",,,,"",,,,"",,,,"",,,,"",,,,"",,,,"",,,,,,,,,,,,,,,,,,,,,,,,,,,,,,,,,,,,,,,,,,,,,,,,,,,,,,,,,,"",0,,,,,,,,,,,,,0,"",,,,0,""
33,,2,1,0,0,3,1,0,0,0,0,255,255,255,11,1526.403,"Kenomo",R,0,39,86,-3.381,1.868,0.242,1.849,-1.414,2.717,-36.44,48.846,65,35,0,1,"",-27.28,0,5.145,0,0,3,"=","=","=","=","=","=","=","=","=",6,L,"하루（Haru）",174.8,85,0.354,,34,W,Y,0,,,,,,,,,,,,,,,,,,,,,,,,,,,,,0,0,,1537.572,,,,,,,,,,,,,,,,,,,,,,,,,,,,,,,,,,,,0.09,-38.017,-0.145,-17.983,-20.338,-47.751,-11.801,-65.552,21.324,-49.276,14.005,-64.176,45.171,-101.651,0.239,-115.008,-39.445,-87.242,,,,"",,,,"",,,,"",,,,"",,,,"",,,,"",,,,"",,,,"",,,,,,,,,,,,,,,,,,,,,,,,,,,,,,,,,,,,,,,,,,,,,,,,,,,,,,,,,,"",5,,,,,,,,,,,,,0,"",,,,0,""
34,,2,1,0,0,0,0,0,1,0,0,6,255,255,12,1553.725,"Kenomo",R,33,80,130,-0.324,0.429,0.17,1.68,-0.286,1.84,-36.44,15.636,72,28,0,2,"",111.04,-39.153,11.512,0,0,4,"=","=","=","=","=","=","=","=","=",4,R,"kotatu_yowai",190,90.416,0.599,5,33,W,Y,1,1554.751,174,89,116,67,35,,145,131,25.834,1.087,-0.06,1.181,-20.375,0.38,0,0.147,491,168.557,50.027,1548.813,-7.357,-143.455,,,,,,0,0,,1560.916,1565.763,1570.84,1576.125,1563.084,1568.028,1572.801,,,,,,,,,,,,,,,,,,,,,,,,,,,,,,0.071,-37.835,-0.164,-17.934,-19.807,-41.224,-10.41,-57.771,20.072,-49.367,8.048,-64.275,44.747,-109.54,-1.417,-114.737,-48.796,-90.98,0.237,-37.274,,"-라후이-",-0.281,-18.044,,"Ainy4／あいにゃ",-19.211,-44.309,,"낑깡__",-10.371,-57.508,,"Slaris",19.989,-49.184,,"즉석카레",7.739,-64.047,,"メリニット",44.685,-109.774,,"아침땅_",-1.536,-114.659,,"なおｐ--",-48.801,-90.971,,,,,,,,,,,,,,,,,,,,,,,,,,,,,,,,,,,,,,,,,,,,,,,,,,,,,,,,"",4,1.685,1.685,5.877,0,1,0.74,48.851,32.739,-0.138,89.728,0.055,-7.713,0,"",1563.084,1568.028,1572.801,0,""
35,,2,1,2,0,0,0,0,0,0,0,255,255,255,13,1600.135,"Kenomo",R,33,85,138,-0.792,0.446,0.095,1.644,-0.488,1.824,-36.44,14.445,78,22,0,2,"",119.987,-39.616,9.128,0,0,5,"=","=","=","=","=","=","=","=","=",3,R,"Muna_328",174.8,107,0.503,0,33,W,Y,1,1601.197,95,66,48,0,3,,42,50,31.813,27.511,-0.151,1.049,-19.85,0.29,0,0.721,357.277,189.697,-52.729,,,,1591.897,2,-13.773,2.773,-44.192,0,0,,,,,,,,,,,,,,,1604.359,5,,451,0,,,,,,,,,,,,,,,,,,,-0.041,-37.719,-0.223,-17.789,-20.382,-47.499,-12.336,-65.184,21.856,-48.897,9.816,-65.932,44.144,-100.851,-0.276,-112.792,-42.785,-92.506,0.202,-37.227,,"-라후이-",-0.223,-17.769,,"Ainy4／あいにゃ",-20.321,-47.329,85,"낑깡__",-12.771,-66.004,,"Slaris",21.668,-48.857,,"즉석카레",9.837,-65.855,,"メリニット",44.238,-100.488,,"아침땅_",-2.251,-112.683,,"なおｐ--",-43.547,-92.435,,1606.496,-0.538,-38.632,,,,1604.37,-14.199,-44.744,,,,,,,,,,,,,,,,,,,,,,,,,1605.641,-12.929,-44.558,,,,,,,,,,,,,,,,,,,"",1,,,,,,,,,,,,,0,"Ainy4／あいにゃ",,,,36,""
36,,2,1,2,0,0,0,1,0,0,0,255,255,255,14,1643.851,"Kenomo",R,0,87,140,2.506,0.2,0.421,1.613,1.03,1.712,-36.44,24.641,76,24,0,2,"",42.937,-29.198,2.914,0,0,6,"=","=","=","=","=","=","=","=","=",2,L,"濃いめのラー油",190,87.496,0.8,3,70,W,Y,1,1644.982,150,17,87,22,12,,137,82,-7.385,-60.21,0.467,1.06,-19.794,1,0,0.144,-3.928,-422.226,225.722,1632.764,9.04,-24.563,,,,,,0,0,,,,,,,,,,,,,,,,,,,,,,,,,,,,,,,,,,,,,,0.125,-37.684,0.22,-17.839,-21.265,-48.403,-11.699,-65.513,21.152,-48.388,13.405,-64.13,47.059,-97.714,0.063,-114.968,-43.549,-92.422,0.246,-37.27,,"-라후이-",0.236,-17.847,,"Ainy4／あいにゃ",-21.254,-48.22,,"낑깡__",-11.938,-66.189,,"Slaris",20.964,-48.094,,"즉석카레",13.5,-63.99,,"メリニット",46.701,-98.181,,"아침땅_",0.453,-114.978,,"なおｐ--",-43.557,-92.43,,,,,,,,,,,,,,,,,,,,,,,,,,,,,,,,,,,,,,,,,,,,,,,,,,,,,,,,"",3,,,,,,,,,,,,,0,"",,,,0,""
37,,2,1,2,0,0,1,1,0,0,0,255,255,255,15,1662.834,"Kenomo",R,34,88,140,0.247,-1.008,0.195,1.372,-0.025,0.929,-36.44,5.551,41,59,0,1,"",94.977,-61.34,4.361,0,0,6,"=","=","=","=","=","=","=","=","=",2,L,"濃いめのラー油",190,87.496,0.8,,70,W,Y,0,,,,,,,,,,,,,,,,,,,,,,,,,,,,,0,0,,,,,,,,,,,,,,,,,,,,,,,,,,,,,,,,,,,,,,0.085,-37.863,0.217,-17.8,-20.766,-47.938,-11.739,-65.032,22.391,-48.127,13.818,-64.162,49.535,-96.702,0.233,-114.974,-43.567,-92.563,,,,"",,,,"",,,,"",,,,"",,,,"",,,,"",,,,"",,,,"",,,,,,,,,,,,,,,,,,,,,,,,,,,,,,,,,,,,,,,,,,,,,,,,,,,,,,,,,,"",0,,,,,,,,,,,,,0,"",,,,0,""
38,,2,1,2,0,1,1,1,0,0,0,255,255,255,16,1679.867,"Kenomo",R,33,82,133,-0.292,0.155,0.13,1.602,-0.326,1.675,-36.44,12.093,42,58,0,2,"",136.79,-35.66,11.08,0,0,6,"=","=","=","=","=","=","=","=","=",2,L,"濃いめのラー油",190,87.496,0.8,3,70,W,Y,1,1680.995,234,47,90,58,22,,145,104,6.753,-25.71,-0.009,1.11,-20.864,-0.14,0,0.182,339.435,-479.781,58.988,1670.28,24.896,-66.16,1671.947,6,37.288,0.058,-85.654,1,0,,1686.276,,,,,,,,,,,,,,,,,,,,,,,,,,,,,,,,,,,,0.022,-37.863,-0.244,-17.855,-20.765,-47.902,-12.126,-65.304,22.424,-48.295,14.041,-64.128,49.725,-96.499,1.771,-115.097,-43.64,-92.494,0.241,-37.13,,"-라후이-",-0.256,-17.832,,"Ainy4／あいにゃ",-20.741,-47.777,,"낑깡__",-12.527,-66.203,88,"Slaris",22.163,-48.13,,"즉석카레",14.035,-64.024,,"メリニット",49.726,-96.48,113,"아침땅_",0.725,-114.954,,"なおｐ--",-43.544,-92.55,,1690.261,0.367,-38.035,,,,,,,1686.995,0.706,-59.469,,,,,,,1684.585,37.608,-86.742,,,,,,,,,,,,,,,,1689.208,0.036,-57.299,,,,,,,1685.247,32.942,-83.058,,,,,,,"",2,,,,,,,,,,,,,0,"メリニット",,,,112,""
39,,2,1,2,0,0,0,1,1,0,0,2,255,255,17,1707.089,"Kenomo",R,33,75,126,1.36,-0.313,0.368,1.662,0.526,1.712,-36.44,23.101,35,65,0,2,"",127.482,-57.617,9.914,0,0,7,"=","=","=","=","=","=","=","=","=",5,L,"schmoneymikey",175.1,80,0.349,3,33,W,Y,1,1708.234,255,163,130,118,15,,145,82,91.386,87.001,0.318,1.162,-20.97,1,0,0.197,289.59,-359.3,-370.831,1700.864,38.607,-13.131,,,,,,0,0,,,,,,1709.906,,,,,,1732.963,,,,,,,,,,,,,,,,,,,,,,,,,,0.124,-37.929,0.192,-17.862,-19.845,-40.937,-9.051,-58.886,20.97,-47.583,10.456,-63,46.64,-91.626,0.016,-110.514,-43.59,-92.534,0.171,-37.515,,"-라후이-",0.126,-17.962,,"Ainy4／あいにゃ",-18.683,-44.078,,"낑깡__",-9.945,-58.869,,"Slaris",20.903,-47.293,,"즉석카레",12.18,-62.414,,"メリニット",46.636,-91.621,,"아침땅_",-0.253,-106.677,,"なおｐ--",-43.597,-92.529,,,,,,,,,,,,,,,,,,,,,,,,,,,,,,,,,,,,,,,,,,,,,,,,,,,,,,,,"",3,,,,,,,,,,,,,0,"",1709.906,,,0,""
40,,2,1,2,0,0,1,1,1,0,0,2,255,255,18,1737.633,"Kenomo",R,33,86,139,0.946,-0.612,0.286,1.544,0.268,1.211,-36.44,14.18,29,71,0,0,"",100.764,-39.685,7.03,0,0,7,"=","=","=","=","=","=","=","=","=",5,L,"schmoneymikey",175.1,80,0.349,,33,W,Y,0,,,,,,,,,,,,,,,,,,,,,,,,,,,,,0,0,,,,,,,,,,,,1753.023,,,,,,,,,,,,,,,,,,,,,,,,,,0.067,-37.909,0.275,-17.865,-19.729,-41.743,-9.561,-59.267,21.743,-48.317,11.317,-64.111,49.113,-91.272,1.72,-112.36,-43.605,-92.509,,,,"",,,,"",,,,"",,,,"",,,,"",,,,"",,,,"",,,,"",,,,,,,,,,,,,,,,,,,,,,,,,,,,,,,,,,,,,,,,,,,,,,,,,,,,,,,,,,"",0,,,,,,,,,,,,,0,"",,,,0,""
41,,2,1,2,0,0,2,1,1,0,0,2,255,255,19,1757.011,"Kenomo",R,3,77,120,-1.106,-1.554,0.347,1.453,0.371,0.775,-36.44,16.672,26,74,0,2,"",-301.203,0,7.656,0,0,7,"=","=","=","=","=","=","=","=","=",5,L,"schmoneymikey",175.1,80,0.349,3,33,W,Y,1,1758.15,245,123,116,93,0,,145,90,26.721,-42.592,-0.057,0.457,-20.195,-0.57,0,0.235,268.324,-466.307,88.486,1749.447,54.155,-68.809,,,,,,0,0,,1763.333,,,,1763.739,,,,,,1787.28,,,,,,,,,,,,,,,,,,,,,,,,,,0.134,-37.799,0.272,-17.877,-20.143,-41.673,-9.469,-59.187,21.977,-48.006,9.543,-64.153,46.624,-90.736,0.35,-112.474,-43.584,-92.539,0.085,-37.029,,"-라후이-",0.26,-17.896,,"Ainy4／あいにゃ",-19.756,-46.979,,"낑깡__",-9.447,-59.095,,"Slaris",21.675,-47.976,,"즉석카레",10.014,-63.923,,"メリニット",46.581,-90.754,,"아침땅_",0.343,-112.714,,"なおｐ--",-43.595,-92.534,,,,,,,,,,,,,,,,,,,,,,,,,,,,,,,,,,,,,,,,,,,,,,,,,,,,,,,,"",3,,,,,,,,,,,,,1,"",1763.739,,,0,""
42,,2,1,2,0,0,2,1,0,1,0,255,2,255,20,1822.01,"Kenomo",R,10,62,106,0.937,-2.537,0.205,1.381,0.133,0.736,-36.44,9.552,43,57,0,2,"",141.32,400,21.278,0,0,7,"=","=","=","=","=","=","=","=","=",5,L,"schmoneymikey",175.1,80,0.349,3,32,W,Y,1,1823.208,255,213,56,82,50,,137,77,-30,-54.316,0.161,0.304,-21.63,1,0,0.258,-105.098,-133.867,-40.827,1809.83,0.737,-22.043,,,,,,0,0,,,,,,,,,,,,,1841.87,,,,,,,,,,,,,,,,,,,,,,,,,0.104,-37.833,0.288,-17.756,-19.868,-46.84,-4.245,-62.632,20.918,-46.402,14.718,-63.483,47.552,-84.703,0.594,-108.171,-43.371,-99.008,-0.021,-37.074,,"-라후이-",0.266,-17.782,,"Ainy4／あいにゃ",-20.465,-48.185,,"낑깡__",-6.765,-62.721,,"Slaris",20.634,-46.262,,"즉석카레",14.717,-63.371,,"メリニット",47.556,-84.706,,"아침땅_",1.389,-111.525,,"なおｐ--",-42.156,-96.813,,,,,,,,,,,,,,,,,,,,,,,,,,,,,,,,,,,,,,,,,,,,,,,,,,,,,,,,"",3,,,,,,,,,,,,,0,"",1827.086,,,0,""
43,,2,1,2,0,0,2,1,0,1,0,255,2,255,21,1847.665,"Kenomo",R,14,57,89,2.054,-1.698,0.256,1.431,0.173,1.267,-36.44,4.034,58,42,0,4,"",300.028,335.397,22.227,0,0,7,"=","=","=","=","=","=","=","=","=",5,L,"schmoneymikey",175.1,80,0.349,,32,W,Y,1,,,,,,,,,,,,,,,,,,,,,,,,,,,,,0,128,,,,,,,,,,,,,1865.038,,1850.756,7,,578,0,,,,,,,,,,,,,,,,,1850.262,1,0.14,-37.667,0.199,-17.942,-19.933,-50.503,-2.889,-62.815,20.81,-46.582,13.628,-64.33,46.624,-82.671,0.561,-111.218,-42.167,-96.834,,,,"",,,,"",,,,"",,,,"",,,,"",,,,"",,,,"",,,,"",,,,,,,,,,,,,,,,,,,,,,,,,,,,,,,,,,,,,,,,,,,,,,,,,,,,,,,,,,"",0,,,,,,,,,,,,,0,"",1851.041,,,0,""
44,,2,1,2,0,0,0,2,0,1,0,255,2,255,22,1871.142,"Kenomo",R,13,72,100,-1.841,-1.337,0.129,1.444,-0.219,1.3,-36.44,2.747,49,51,0,1,"",-336.848,335.717,6.087,0,0,8,"=","=","=","=","=","=","=","=","=",7,R,"うよすま",175.4,85.329,0.498,,32,W,Y,0,,,,,,,,,,,,,,,,,,,,,,,,,,,,,0,256,,,,,,,,,1873.72,,,,,,,,,,,,,,,,,,,,,,,,,,,,,0.172,-37.886,-0.245,-17.884,-22.895,-50.153,-12.714,-65.252,19.636,-47.577,1.7,-63.651,41.712,-99.506,-3.312,-110.724,-44.63,-90.687,,,,"",,,,"",,,,"",,,,"",,,,"",,,,"",,,,"",,,,"",,,,,,,,,,,,,,,,,,,,,,,,,,,,,,,,,,,,,,,,,,,,,,,,,,,,,,,,,,"",0,,,,,,,,,,,,,0,"",,1873.72,,0,""
45,,2,1,2,0,1,0,2,0,0,1,255,255,2,23,1895.543,"Kenomo",R,33,86,139,-1.238,-0.219,0.051,1.534,-0.691,1.439,-36.44,7.246,35,65,0,0,"",111.799,-41.996,8.765,0,0,8,"=","=","=","=","=","=","=","=","=",7,R,"うよすま",175.4,85.329,0.498,,32,W,Y,0,,,,,,,,,,,,,,,,,,,,,,,,,,,,,0,0,,,,,,,,,,,,,,1902.744,,,,,,,,,,,,,,,,,,,,,,,,0.048,-37.853,-0.19,-17.804,-22.884,-50.14,-12.658,-65.334,20.202,-48.078,10.239,-65.969,45.416,-98.482,-1.979,-111.168,-44.771,-90.731,,,,"",,,,"",,,,"",,,,"",,,,"",,,,"",,,,"",,,,"",,,,,,,,,,,,,,,,,,,,,,,,,,,,,,,,,,,,,,,,,,,,,,,,,,,,,,,,,,"",0,,,,,,,,,,,,,0,"",,1898.637,,0,""
46,,2,1,2,0,1,1,2,0,0,1,255,255,2,24,1916.164,"Kenomo",R,33,83,135,-0.795,-0.31,0.085,1.517,-0.535,1.377,-36.44,5.404,40,60,0,2,"",133.46,-49.806,10.251,0,0,8,"=","=","=","=","=","=","=","=","=",7,R,"うよすま",175.4,85.329,0.498,0,32,W,Y,1,1917.161,146,114,118,49,0,,145,87,17.167,42.929,-0.293,0.828,-19.506,1,0,0.275,186.045,517.842,-208.805,,,,1904.847,2,-25.762,4,-44.295,0,0,,,,,,,,,,,1922.21,,,,1919.163,8,,451,0,,,,,,,,,,,1923.26,2,,,,,,,0.055,-37.865,-0.244,-17.758,-22.884,-50.151,-12.678,-65.284,20.718,-46.073,10.2,-65.662,45.996,-94.75,-1.856,-110.951,-44.772,-90.716,0.076,-37.147,,"-라후이-",-0.425,-17.832,,"Ainy4／あいにゃ",-22.812,-49.973,,"낑깡__",-12.896,-65.361,,"Slaris",20.463,-45.935,,"즉석카레",10.217,-65.58,,"メリニット",45.985,-94.741,,"아침땅_",-3.857,-110.894,,"なおｐ--",-44.773,-90.716,,,,,,,,1919.173,-26.247,-44.829,,,,,,,,,,,,,,,,,,,,,,,,,,,,,,,,,,,,,,,,,,,,,,"",1,,,,,,,,,,,,,0,"Ainy4／あいにゃ",,,1922.21,4,""
47,SIDE,2,1,2,0,0,0,2,0,0,1,255,255,2,,1924.654,,,,,,,,,,,,,,,,,,,,,,,,0,"=","=","=","=","=","=","=","=","=",,,,,,,,,,,,,,,,,,,,,,,,,,,,,,,,,,,,,,,0,0,,,,,,,,,,,,,,,,,,,,,,,,,,,,,,,,,,,,,,,,,,,,,,,,,,,,,,,,,,,,,,,,,,,,,,,,,,,,,,,,,,,,,,,,,,,,,,,,,,,,,,,,,,,,,,,,,,,,,,,,,,,,,,,,,,,,,,,,,,,,,,,,,"",0,,,,,,,,,,,,,0,"",,,,0,""
48,,2,0,2,0,0,0,0,0,0,0,255,255,255,19,1965.247,"しろくま。",R,6,63,106,0.427,-1.906,0.176,1.267,-0.436,0.52,-36.454,14.986,38,62,0,2,"",435.624,0,31.046,0,0,4,"-라후이-","Slaris","Ainy4／あいにゃ","なおｐ--","メリニット","Kenomo","낑깡__","즉석카레","아침땅_",6,R,"メリニット",175.1,89.637,0.502,3,31,W,Y,1,1966.382,142,159,99,139,114,,145,82,20.633,63.719,0.042,0.435,-21.545,1,0,0.509,-18.296,36.975,77.953,1953.047,-30.095,-36.278,,,,,,0,0,,,,,,,,,,,,,,,,,,,,,,,,,,,,,,,,,,,,,,0.126,-37.902,0.234,-17.759,-21.195,-48.261,-15.246,-62.741,20.158,-48.026,8.732,-66.247,41.685,-106.958,-7.514,-114.958,-46.075,-99.909,0.194,-37.087,,"Megu3568",0.211,-17.871,,"濃いめのラー油",-20.858,-48.043,,"Muna_328",-15.208,-62.715,,"kotatu_yowai",19.876,-48.737,,"schmoneymikey",8.731,-66.257,,"하루（Haru）",41.582,-107.081,,"うよすま",-6.931,-114.587,,"Sabo_10",-46.084,-99.84,,,,,,,,,,,,,,,,,,,,,,,,,,,,,,,,,,,,,,,,,,,,,,,,,,,,,,,,"",3,,,,,,,,,,,,,0,"",,,,0,""
49,,2,0,2,0,0,1,0,0,0,0,255,255,255,20,1983.343,"しろくま。",R,26,78,129,1.204,1.463,0.298,1.595,0.42,2.287,-36.454,9.832,45,55,0,2,"",64.74,-169.093,15.684,0,0,4,"=","=","=","=","=","=","=","=","=",6,R,"メリニット",175.1,89.637,0.502,5,31,W,Y,1,1984.309,140,42,136,88,42,,144,129,26.468,69.32,0.223,1.398,-19.922,0.28,0,0.12,139.037,-303.442,-307.932,,,,,,,,,0,0,,,,,,,,,,,,,,,,,,,,,,,,,,,,,,,,,,,,,,0.104,-38.062,0.222,-17.85,-21.102,-49.004,-15.359,-62.12,20.253,-48.079,8.808,-66.883,39.161,-106.081,-7.131,-112.332,-48.753,-96.484,0.364,-37.016,,"Megu3568",0.122,-17.97,,"濃いめのラー油",-21.173,-48.796,,"Muna_328",-15.258,-62.308,,"kotatu_yowai",19.699,-48.504,,"schmoneymikey",8.64,-66.791,,"하루（Haru）",39.151,-106.068,,"うよすま",-6.823,-112.39,,"Sabo_10",-48.425,-96.618,,,,,,,,,,,,,,,,,,,,,,,,,,,,,,,,,,,,,,,,,,,,,,,,,,,,,,,,"",3,91.447,69.369,29.733,1,0,1,38.192,38.192,75.232,38.192,0,134.155,0,"",,,,0,""
50,,2,0,2,0,0,2,0,0,0,0,255,255,255,21,2000.603,"しろくま。",R,13,86,125,-3.834,-2.688,-0.067,1.025,-1.241,0.514,-36.454,26.774,43,17,40,1,"",-287.25,400,42.682,0,0,4,"=","=","=","=","=","=","=","=","=",6,R,"メリニット",175.1,89.637,0.502,,31,W,Y,0,,,,,,,,,,,,,,,,,,,,,,,,,,,,,0,0,,,,,,,,,,,,,,,,,,,,,,,,,,,,,,,,,,,,,,-0.024,-37.984,-0.39,-17.587,-21.043,-47.155,-14.572,-62.113,20.55,-48.662,8.756,-66.606,38.949,-105.437,-8.146,-112.302,-51.605,-98.231,,,,"",,,,"",,,,"",,,,"",,,,"",,,,"",,,,"",,,,"",,,,,,,,,,,,,,,,,,,,,,,,,,,,,,,,,,,,,,,,,,,,,,,,,,,,,,,,,,"",0,,,,,,,,,,,,,0,"",,,,0,""
51,,2,0,2,0,1,2,0,0,0,0,255,255,255,22,2014.292,"しろくま。",R,13,75,113,-1.344,-0.335,0.266,1.446,0.051,1.879,-36.454,15.657,60,40,0,2,"",-367.139,339.425,6.666,0,0,4,"=","=","=","=","=","=","=","=","=",6,R,"メリニット",175.1,89.637,0.502,5,31,W,Y,1,2015.431,183,149,74,124,103,,145,84,-30,-61.227,-0.19,0.939,-21.472,1,0,0.235,184.85,408.901,259.497,2000.397,1.132,-22.201,,,,,,0,0,,,,,,,,,,,,,,,,,,,,,,,,,,,,,,,,,,,,,,-0.024,-37.732,-0.214,-17.602,-20.974,-47.126,-15.018,-61.783,20.263,-48.978,8.591,-66.238,39.292,-105.084,-5.67,-111.931,-48.739,-98.247,0.27,-36.842,,"Megu3568",-0.245,-17.655,,"濃いめのラー油",-20.767,-47.276,,"Muna_328",-14.927,-61.432,,"kotatu_yowai",19.915,-49.23,,"schmoneymikey",7.737,-65.802,,"하루（Haru）",39.297,-105.102,,"うよすま",-6.397,-111.831,,"Sabo_10",-48.834,-98.274,,,,,,,,,,,,,,,,,,,,,,,,,,,,,,,,,,,,,,,,,,,,,,,,,,,,,,,,"",3,-65.213,-51.882,-12.245,0.527,0,1,-49.624,-49.624,-70.523,-49.624,0,-112.695,0,"",,,,0,""
52,,2,0,2,0,1,2,0,0,0,0,255,255,255,23,2033.768,"しろくま。",R,0,58,113,-0.431,-0.083,0.266,1.458,-0.195,1.569,-36.454,6.059,39,61,0,2,"",-0.922,0,10.872,0,0,4,"=","=","=","=","=","=","=","=","=",6,R,"メリニット",175.1,89.637,0.502,5,50,W,Y,1,2034.873,255,129,129,169,104,,145,129,32.037,-4.721,-0.071,0.944,-20.85,0.34,0,0.278,407.512,107.804,399.381,2025.93,3.949,-140.089,,,,,,0,0,,2040.189,2045.262,2050.798,2056.205,,,,,,,,,,,,,,,,,,,,,,,,,,,,,,,,,0.125,-38.037,0.301,-17.614,-20.997,-47.005,-14.992,-61.419,21.141,-49.532,8.683,-66.074,39.765,-103.344,-5.025,-114.568,-45.737,-99.051,0.35,-36.995,,"Megu3568",0.297,-17.625,,"濃いめのラー油",-20.444,-47.43,,"Muna_328",-14.551,-61.206,,"kotatu_yowai",20.84,-49.883,,"schmoneymikey",8.574,-66.004,,"하루（Haru）",39.64,-103.455,,"うよすま",-5.415,-114.364,,"Sabo_10",-45.511,-98.835,,,,,,,,,,,,,,,,,,,,,,,,,,,,,,,,,,,,,,,,,,,,,,,,,,,,,,,,"",4,-3.483,-3.483,-4.577,0,1,0.621,72.358,60.509,-2.225,77.558,0.071,2.962,0,"",2045.262,2050.798,,0,""
53,,2,0,2,1,0,0,0,0,0,0,255,255,255,24,2080.027,"しろくま。",R,13,76,114,9.119,-2.529,0.514,1.572,1.19,2.243,-36.454,15.243,45,55,0,2,"",-346.486,360.483,2.913,0,0,5,"=","=","=","=","=","=","=","=","=",0,R,"Kenomo",190,80,0.449,0,31,W,Y,1,2081.152,204,30,93,44,6,,145,133,11.115,4.345,0.242,1.1,-20.11,0.42,0,0.276,164.024,47.475,-3.17,,,,2069.68,7,-7.398,2.261,-112.095,0,0,,,,,,,,,,,,,,,2084.765,5,,456,0,,,,,,,,,,,,,,,,,,,0.174,-37.962,0.249,-17.525,-21.366,-48.82,-15.919,-61.471,21.56,-52.862,8.889,-66.244,43.069,-107.339,-7.233,-116.585,-47.343,-97.893,-0.422,-37.308,,"Megu3568",0.231,-17.575,,"濃いめのラー油",-21.343,-48.625,,"Muna_328",-15.848,-61.467,91,"kotatu_yowai",21.321,-53.158,,"schmoneymikey",8.867,-66.195,,"하루（Haru）",42.853,-107.244,,"うよすま",-7.613,-116.23,115,"Sabo_10",-47.358,-97.735,,2090.458,-0.185,-42.961,,,,,,,2088.216,-2.113,-63.952,,,,,,,,,,2084.781,-7.681,-113.87,,,,,,,,,,,,,2089.411,-2.327,-62.013,,,,,,,,,,2086.311,-6.648,-110.408,,,,"",1,,,,,,,,,,,,,0,"うよすま",,,,289,""
54,,2,0,2,1,0,0,1,0,0,0,255,255,255,25,2102.04,"しろくま。",R,26,84,136,1.493,0.953,0.294,1.507,0.558,1.957,-36.454,0.219,48,52,0,1,"",88.882,-200,33.292,0,0,6,"=","=","=","=","=","=","=","=","=",3,R,"낑깡__",171.6,80,0.402,,31,W,Y,0,,,,,,,,,,,,,,,,,,,,,,,,,,,,,0,0,,,,,,,,,,,,,,,,,,,,,,,,,,,,,,,,,,,,,,0.07,-38.266,0.204,-17.911,-20.588,-47.178,-13.798,-60.651,19.932,-48.133,8.406,-66.167,40.126,-107.391,-6.018,-112.344,-44.713,-98.738,,,,"",,,,"",,,,"",,,,"",,,,"",,,,"",,,,"",,,,"",,,,2109.961,-0.475,-37.872,,,,,,,,,,,,,,,,,,,,,,,,,,,,,,,,,,,,,,,,,,,,,,,,,,,,"",0,,,,,,,,,,,,,0,"",,,,0,""
55,,2,0,2,1,1,0,1,0,0,0,255,255,255,26,2119.064,"しろくま。",R,26,81,132,-1.628,-0.747,0.041,1.165,-0.738,0.993,-36.454,18.392,46,54,0,1,"",19.919,-200,40.12,0,0,6,"=","=","=","=","=","=","=","=","=",3,R,"낑깡__",171.6,80,0.402,,31,W,Y,0,,,,,,,,,,,,,,,,,,,,,,,,,,,,,0,0,,,,,,,,,,,,,,,,,,,,,,,,,,,,,,,,,,,,,,-0.014,-38.035,-0.125,-17.939,-20.701,-48.243,-13.637,-61.402,20.307,-49.107,8.568,-66.46,40.015,-107.339,-6.925,-113.898,-46.026,-100.177,,,,"",,,,"",,,,"",,,,"",,,,"",,,,"",,,,"",,,,"",,,,2123.164,-0.324,-38.08,,,,,,,,,,,,,,,,,,,,,,,,,,,,,,,,,,,,,,,,,,,,,,,,,,,,"",0,,,,,,,,,,,,,0,"",,,,0,""
56,,2,0,2,1,2,0,1,0,0,0,255,255,255,27,2130.62,"しろくま。",R,3,71,113,1.298,1.678,0.584,1.625,1.258,2.569,-36.454,27.571,86,14,0,1,"",-405.506,0,6.148,0,0,6,"=","=","=","=","=","=","=","=","=",3,R,"낑깡__",171.6,80,0.402,,31,W,Y,0,,,,,,,,,,,,,,,,,,,,,,,,,,,,,0,0,,,,,,,,,,,,,,,,,,,,,,,,,,,,,,,,,,,,,,0.177,-37.962,0.196,-17.709,-20.845,-47.694,-13.694,-61.411,20.376,-49.419,8.662,-65.893,39.909,-107.613,-4.243,-113.475,-46.162,-99.91,,,,"",,,,"",,,,"",,,,"",,,,"",,,,"",,,,"",,,,"",,,,2134.568,-0.176,-37.767,,,,,,,,,,,,,,,,,,,,,,,,,,,,,,,,,,,,,,,,,,,,,,,,,,,,"",0,,,,,,,,,,,,,0,"",,,,0,""
57,,2,0,2,1,3,0,1,0,0,0,255,255,255,28,2144.586,"しろくま。",R,13,77,116,1.926,-1.175,0.439,1.385,0.895,1.568,-36.454,10.435,43,57,0,2,"",-184.918,400,5.24,0,0,6,"=","=","=","=","=","=","=","=","=",3,R,"낑깡__",171.6,80,0.402,0,31,W,Y,1,2145.748,135,98,132,75,81,,142,120,28.616,43.106,0.244,0.573,-20.135,0.22,0,0.213,298.553,354.187,-244.6,2137.83,-91.243,-102.611,,,,,,0,0,,,,,,,,,,,,,,,,,,,,,,,,,,,,,,,,,,,,,,0.098,-37.925,-0.002,-17.753,-20.951,-47.652,-13.93,-61.676,20.684,-49.549,8.693,-65.656,39.969,-107.776,-5.314,-111.073,-46.948,-99.972,0.474,-36.783,,"Megu3568",0.025,-17.832,,"濃いめのラー油",-20.645,-47.612,,"Muna_328",-14.277,-62.508,,"kotatu_yowai",20.621,-49.597,,"schmoneymikey",8.656,-65.524,,"하루（Haru）",39.963,-107.76,,"うよすま",-5.296,-110.151,,"Sabo_10",-46.953,-99.956,,,,,,,,,,,,,,,,,,,,,,,,,,,,,,,,,,,,,,,,,,,,,,,,,,,,,,,,"",3,,,,,,,,,,,,,0,"",,,,0,""
58,,2,0,2,1,3,1,1,0,0,0,255,255,255,29,2167.563,"しろくま。",R,26,86,139,-0.25,-0.773,0.155,1.164,-0.208,0.99,-36.454,17.939,39,61,0,0,"",73.8,-200,36.183,0,0,6,"=","=","=","=","=","=","=","=","=",3,R,"낑깡__",171.6,80,0.402,,83,W,Y,0,,,,,,,,,,,,,,,,,,,,,,,,,,,,,0,0,,,,,,,,,,,,,,,,,,,,,,,,,,,,,,,,,,,,,,0.051,-37.916,0.025,-17.797,-21.44,-48.03,-14.761,-62.641,19.585,-47.898,8.091,-65.936,37.74,-108.09,-7.004,-110.917,-49.756,-97.529,,,,"",,,,"",,,,"",,,,"",,,,"",,,,"",,,,"",,,,"",,,,,,,,,,,,,,,,,,,,,,,,,,,,,,,,,,,,,,,,,,,,,,,,,,,,,,,,,,"",0,,,,,,,,,,,,,0,"",,,,0,""
59,,2,0,2,1,3,2,1,0,0,0,255,255,255,30,2180.419,"しろくま。",R,41,59,100,1.222,-0.712,0.36,1.241,0.629,1.125,-36.454,17.392,35,65,0,2,"",-52.347,-84.014,16.792,0,0,6,"=","=","=","=","=","=","=","=","=",3,R,"낑깡__",171.6,80,0.402,5,83,W,Y,1,2181.663,116,139,92,152,77,,137,122,22.649,-3.827,0.229,0.721,-20.684,0.29,0.143,0.284,261.31,246.793,10.441,,,,2171.413,7,2.078,4.44,-123.27,0,0,,2187.045,,,,,,,,,,,,,2186.605,6,,456,0,,,,,,,,,,,,,,,,,,,0.068,-37.85,-0.025,-17.786,-21.51,-46.989,-14.923,-62.294,20.221,-48.869,8.455,-66.014,37.807,-108.566,-7.381,-112.367,-47.667,-97.543,0.329,-36.765,,"Megu3568",0.024,-17.993,,"濃いめのラー油",-21.589,-46.862,,"Muna_328",-14.973,-62.04,,"kotatu_yowai",19.926,-49.068,,"schmoneymikey",8.103,-65.745,,"하루（Haru）",37.776,-108.684,,"うよすま",-7.297,-112.285,115,"Sabo_10",-47.673,-97.536,,,,,,,,,,,,,,,,,2190.711,2.075,-70.941,,,,2186.618,2.052,-123.951,,,,,,,,,,,,,,,,,,,,,,,,,2188.886,6.282,-115.104,,,,"",1,-3.085,-3.086,-4.33,0,1,0.866,36.525,22.649,-3.773,87.219,0.039,0.29,0,"うよすま",,,,384,""
60,,2,0,2,1,0,0,2,0,0,0,255,255,255,31,2288.142,"しろくま。",R,26,90,140,0.935,-0.166,0.276,1.261,0.353,1.331,-36.454,11.336,49,51,0,0,"",61.893,-200,45.025,0,0,7,"=","=","=","=","=","=","=","=","=",5,R,"즉석카레",169.7,94.781,0.546,,39,W,Y,1,,,,,,,,,,,,,,,,,,,,,,,,,,,,,0,0,,,,,,,,,,,,,,,,,,,,,,,,,,,,,,,,,,,,,,0.113,-37.699,0.163,-17.711,-21.623,-49.453,-13.716,-62.496,18.767,-48.437,6.433,-63.801,39.646,-107.209,-4.662,-112.222,-44.923,-95.568,,,,"",,,,"",,,,"",,,,"",,,,"",,,,"",,,,"",,,,"",,,,2292.68,-0.21,-38.202,,,,,,,,,,,,,,,,,,,,,,,,,,,,,,,,,,,,,,,,,,,,,,,,,,,,"",0,,,,,,,,,,,,,0,"",,,,0,""
61,,2,0,2,1,0,1,2,0,0,0,255,255,255,32,2300.744,"しろくま。",R,13,79,118,-0.959,-0.653,0.164,1.38,-0.169,1.765,-36.454,8.153,49,51,0,0,"",-153.171,400,2.717,0,0,7,"=","=","=","=","=","=","=","=","=",5,R,"즉석카레",169.7,94.781,0.546,,39,W,Y,1,,,,,,,,,,,,,,,,,,,,,,,,,,,,,0,0,,,,,,,,,,,,,,,,,,,,,,,,,,,,,,,,,,,,,,-0.074,-37.66,-0.285,-17.729,-21.453,-49.477,-14.145,-62.414,19.196,-48.981,7.71,-63.527,41.803,-107.318,-5.348,-111.801,-44.593,-95.58,,,,"",,,,"",,,,"",,,,"",,,,"",,,,"",,,,"",,,,"",,,,2305.263,-0.403,-38.203,,,,,,,,,,,,,,,,,,,,,,,,,,,,,,,,,,,,,,,,,,,,,,,,,,,,"",0,,,,,,,,,,,,,0,"",,,,0,""
62,,2,0,2,1,0,2,2,0,0,0,255,255,255,33,2313.629,"しろくま。",R,3,70,116,-2.282,0.353,0.155,1.419,-0.55,1.813,-36.454,19.086,50,50,0,2,"",-265.058,0,3.531,0,0,7,"=","=","=","=","=","=","=","=","=",5,R,"즉석카레",169.7,94.781,0.546,5,39,W,Y,1,2314.643,119,94,98,83,30,,137,114,-12.482,2.151,-0.417,1.025,-20.516,0.84,0,0.168,152.027,389.548,-32.003,2299.614,-0.591,-24.716,2303.13,7,-3.289,0.059,-94.53,1,0,,2320.231,,,,,,,,,,,,,,,,,,,,,,,,,,,,,,,,,,,,-0.125,-37.609,-0.419,-17.794,-21.679,-48.985,-15.173,-61.608,19.869,-49.747,7.712,-63.632,42.503,-109.481,-6.037,-112.748,-44.128,-97.383,0.268,-36.746,,"Megu3568",-0.382,-17.763,,"濃いめのラー油",-20.823,-48.442,,"Muna_328",-15.031,-61.501,,"kotatu_yowai",19.562,-49.948,,"schmoneymikey",7.712,-63.612,85,"하루（Haru）",42.461,-109.468,,"うよすま",-6.18,-111.899,115,"Sabo_10",-44.252,-97.359,,2325.097,-0.088,-40.869,,,,,,,,,,,,,2320.328,-0.935,-59.116,,,,2318.323,-3.447,-96.183,,,,,,,,,,,,,,,,,,,2324.105,-3.36,-54.588,,,,2318.897,-3.245,-91.672,,,,"",2,5.125,5.125,5.474,0,0,1,-12.482,-12.482,-23.071,-12.482,0,4.054,0,"うよすま",,,,385,""
63,,2,0,2,1,0,0,2,1,0,0,15,255,255,34,2339.909,"しろくま。",R,26,79,129,1.942,0.847,0.345,1.412,0.675,1.881,-36.454,2.887,50,50,0,1,"",126.462,-200,13.968,0,0,8,"=","=","=","=","=","=","=","=","=",7,R,"아침땅_",170.2,86.571,0.5,,31,W,Y,0,,,,,,,,,,,,,,,,,,,,,,,,,,,,,0,128,,,,,,2343.838,,,,,,,,,2343.729,7,1,278,2,,,,,,,,,,,,,,,,,,,0.175,-37.687,0.133,-17.871,-18.731,-39.139,-16.916,-60.114,19.629,-49.18,6.463,-63.375,38.434,-104.888,-5.05,-112.24,-45.006,-93.137,,,,"",,,,"",,,,"",,,,"",,,,"",,,,"",,,,"",,,,"",,,,,,,,,,,,,,,,,,,,,,,,,,,,,,,,,,,,,,,,,,,,,,,,,,,,,,,,,,"",0,,,,,,,,,,,,,0,"",2343.838,,,0,""
64,SIDE,2,0,2,1,1,0,2,0,0,0,255,255,255,,2346.927,,,,,,,,,,,,,,,,,,,,,,,,8,"=","=","=","=","=","=","=","=","=",,,,,,,,,,,,,,,,,,,,,,,,,,,,,,,,,,,,,,,0,0,,,,,,,,,,,,,,,,,,,,,,,,,,,,,,,,,,,,,,,,,,,,,,,,,,,,,,,,,,,,,,,,,,,,,,,,,,,,,,,,,,,,,,,,,,,,,,,,,,,,,,,,,,,,,,,,,,,,,,,,,,,,,,,,,,,,,,,,,,,,,,,,,"",0,,,,,,,,,,,,,0,"",,,,0,""
65,,3,1,2,1,0,0,0,0,0,0,255,255,255,25,2389.657,"Kenomo",R,27,92,140,-3.547,-2.546,-0.044,1.105,-1.655,-0.677,-36.44,25.529,30,29,40,1,"",94.579,-148.814,11.771,-0.549,-23.431,0,"しろくま。","Megu3568","Sabo_10","하루（Haru）","kotatu_yowai","Muna_328","濃いめのラー油","schmoneymikey","うよすま",0,R,"しろくま。",188.6,96,0.304,,31,W,Y,0,,,,,,,,,,,,,,,,,,,,,,,,,,,,,0,0,,,,,,,,,,,,,,,,,,,,,,,,,,,,,,,,,,,,,,0.076,-37.74,-0.307,-17.839,-21.968,-49.705,-12.207,-65.308,20.661,-48.668,9.444,-66.022,39.106,-113.36,-1.92,-112.434,-44.559,-90.47,,,,"",,,,"",,,,"",,,,"",,,,"",,,,"",,,,"",,,,"",,,,,,,,,,,,,,,,,,,,,,,,,,,,,,,,,,,,,,,,,,,,,,,,,,,,,,,,,,"",0,,,,,,,,,,,,,0,"",,,,0,""
66,,3,1,2,1,1,0,0,0,0,0,255,255,255,26,2405.857,"Kenomo",R,34,84,136,-0.143,-1.394,0.158,1.301,-0.194,0.692,-36.44,8.656,32,68,0,4,"",91.532,-59.5,7.211,0,0,0,"=","=","=","=","=","=","=","=","=",0,R,"しろくま。",188.6,96,0.304,,31,W,Y,1,,,,,,,,,,,,,,,,,,,,,,,,,,,,,0,0,,,,,,,,,,,,,,,,,,,,,,,,,,,,,,,,,,,,,,0.086,-37.587,-0.125,-17.838,-21.938,-49.715,-12.313,-65.213,20.727,-48.531,8.395,-66.114,39.906,-110.831,-2.103,-112.179,-46.144,-91.215,,,,"",,,,"",,,,"",,,,"",,,,"",,,,"",,,,"",,,,"",,,,,,,,,,,,,,,,,,,,,,,,,,,,,,,,,,,,,,,,,,,,,,,,,,,,,,,,,,"",0,,,,,,,,,,,,,0,"",,,,0,""
67,,3,1,2,1,1,1,0,0,0,0,255,255,255,27,2420.824,"Kenomo",R,3,82,109,-1.867,-0.747,0.137,1.421,-0.093,1.167,-36.44,3.581,41,59,0,4,"",-395.595,5.099,5.893,0,0,0,"=","=","=","=","=","=","=","=","=",0,R,"しろくま。",188.6,96,0.304,,31,W,Y,1,,,,,,,,,,,,,,,,,,,,,,,,,,,,,0,0,,,,,,,,,,,,,,,,,,,,,,,,,,,,,,,,,,,,,,0.063,-37.701,-0.171,-17.849,-22.222,-49.486,-12.523,-65.463,20.79,-48.508,8.412,-66.116,41.397,-108.847,-2.683,-112.136,-46.117,-91.946,,,,"",,,,"",,,,"",,,,"",,,,"",,,,"",,,,"",,,,"",,,,,,,,,,,,,,,,,,,,,,,,,,,,,,,,,,,,,,,,,,,,,,,,,,,,,,,,,,"",0,,,,,,,,,,,,,0,"",,,,0,""
68,,3,1,2,1,1,2,0,0,0,0,255,255,255,28,2438.091,"Kenomo",R,3,76,104,-1.921,-0.385,0.178,1.475,-0.069,1.392,-36.44,6.187,34,66,0,2,"",-396.192,0,3.006,0,0,0,"=","=","=","=","=","=","=","=","=",0,R,"しろくま。",188.6,96,0.304,5,31,W,Y,1,2439.151,255,78,77,111,44,,145,130,94.628,-14.589,-0.311,0.921,-21.064,0.31,0,0.498,267.566,209.418,232.218,,,,,,,,,0,0,,,,,,,,,,,,,,,,,,,,,,,,,,,,,,,,,,,,,,0.065,-37.891,-0.217,-17.764,-22.195,-49.487,-12.778,-65.117,20.789,-48.392,8.415,-66.118,42.703,-107.759,-1.115,-112.358,-46.145,-91.977,0.227,-37.089,,"-라후이-",-0.247,-17.754,,"Ainy4／あいにゃ",-22.128,-49.329,,"낑깡__",-13.192,-66.398,,"Slaris",20.353,-48.608,,"즉석카레",8.425,-65.982,,"メリニット",42.709,-107.762,,"아침땅_",-0.902,-112.684,,"なおｐ--",-46.141,-91.967,,,,,,,,,,,,,,,,,,,,,,,,,,,,,,,,,,,,,,,,,,,,,,,,,,,,,,,,"",3,-10.802,-10.802,-3.515,0,0,1,85.372,85.372,-3.799,85.372,0,174.945,0,"",,,,0,""
69,,3,1,2,1,1,2,0,0,0,0,255,255,255,29,2462.279,"Kenomo",R,33,80,130,-0.96,-0.918,0.067,1.386,-0.618,0.972,-36.44,3.182,46,54,0,0,"",135.093,-72.209,6.949,0,0,0,"=","=","=","=","=","=","=","=","=",0,R,"しろくま。",188.6,96,0.304,,30,W,Y,0,,,,,,,,,,,,,,,,,,,,,,,,,,,,,0,0,,,,,,,,,,,,,,,2464.781,0,,578,0,,,,,,,,,,,,,,,,,,,0.064,-37.777,-0.236,-17.804,-21.562,-48.456,-12.864,-65.057,20.936,-47.483,7.868,-66.633,45.146,-109.96,-3.041,-112.824,-46.132,-91.964,,,,"",,,,"",,,,"",,,,"",,,,"",,,,"",,,,"",,,,"",,,,,,,,,,,,,,,,,,,,,,,,,,,,,,,,,,,,,,,,,,,,,,,,,,,,,,,,,,"",0,,,,,,,,,,,,,0,"",,,,0,""
70,,3,1,2,1,0,0,1,0,0,0,255,255,255,30,2484.734,"Kenomo",R,33,81,132,1.786,-0.143,0.33,1.542,0.606,1.482,-36.44,15.903,42,58,0,2,"",113.321,-42.835,7.988,0,0,1,"=","=","=","=","=","=","=","=","=",1,R,"Megu3568",190,88.251,0.405,5,30,W,Y,1,2485.813,255,161,156,104,51,,145,129,26.367,4.694,0.331,0.964,-20.385,0.24,0,0.491,369.887,462.987,93.949,2476.047,-20.172,-131.79,2476.78,7,-19.178,0.576,-129.493,1,0,,2491.714,,,,,,,,,,,,,,,,,,,,,,,,,,,,,,2498.263,5,,,,,0.106,-37.705,0.228,-17.862,-21.518,-48.449,-12.66,-65.119,20.884,-47.492,7.869,-66.746,45.997,-110.681,-0.246,-116.137,-49.897,-93.722,0.255,-37.055,,"-라후이-",0.254,-17.865,,"Ainy4／あいにゃ",-21.512,-48.307,,"낑깡__",-12.946,-65.959,,"Slaris",20.384,-47.757,,"즉석카레",7.881,-66.637,64,"メリニット",46.003,-110.682,,"아침땅_",-0.366,-116.294,106,"なおｐ--",-49.865,-93.653,,2501.561,0.443,-37.727,,,,,,,,,,,,,2496.188,-0.297,-60.309,,,,2492.344,-18.581,-129.55,,,,,,,,,,,,,,,,,,,2500.097,0.542,-57.361,,,,2493.086,-17.991,-123.995,,,,"",2,4.313,4.313,1.495,0,2,0.147,88.214,38.287,0.287,84.207,0.047,10.349,0,"아침땅_",,,,416,""
71,,3,1,2,1,0,0,1,1,0,0,1,255,255,31,2521.565,"Kenomo",R,4,75,120,1.054,-1.381,0.413,1.461,0.822,0.861,-36.44,16.947,30,70,0,1,"",-232.091,87.143,9.668,0,0,2,"=","=","=","=","=","=","=","=","=",8,L,"Sabo_10",185.3,90,0.502,,30,W,Y,0,,,,,,,,,,,,,,,,,,,,,,,,,,,,,0,0,,,,,,,,,,,,2543.334,,,,,,,,,,,,,,,,,,,,,,,,,,0.151,-37.772,0.186,-17.94,-19.787,-41.949,-8.791,-60.93,21.664,-48.613,9.398,-64.431,47.227,-97.65,0.584,-115.827,-45.003,-98.107,,,,"",,,,"",,,,"",,,,"",,,,"",,,,"",,,,"",,,,"",,,,2525.772,-0.289,-37.49,,,,,,,,,,,,,,,,,,,,,,,,,,,,,,,,,,,,,,,,,,,,,,,,,,,,"",0,,,,,,,,,,,,,0,"",,,,0,""
72,,3,1,2,1,1,0,1,1,0,0,1,255,255,32,2543.509,"Kenomo",R,33,80,130,2.13,0.299,0.365,1.643,0.76,1.764,-36.44,23.935,74,26,0,1,"",107.587,-26.721,10.446,0,0,2,"=","=","=","=","=","=","=","=","=",8,L,"Sabo_10",185.3,90,0.502,,30,W,Y,0,,,,,,,,,,,,,,,,,,,,,,,,,,,,,0,0,,,,,,,,,,,,2564.165,,,,,,,,,,,,,,,,,,,,,,,,,,0.131,-37.742,0.237,-17.895,-19.603,-40.868,-8.881,-60.546,21.816,-48.433,9.525,-63.779,48.683,-98.51,0.772,-114.567,-45.007,-98.112,,,,"",,,,"",,,,"",,,,"",,,,"",,,,"",,,,"",,,,"",,,,2547.071,-0.147,-37.457,,,,,,,,,,,,,,,,,,,,,,,,,,,,,,,,,,,,,,,,,,,,,,,,,,,,"",0,,,,,,,,,,,,,0,"",,,,0,""
73,,3,1,2,1,2,0,1,1,0,0,1,255,255,33,2564.442,"Kenomo",R,34,88,140,0.944,-1.049,0.264,1.381,0.299,0.942,-36.44,6.983,29,71,0,1,"",78.048,-32.114,5.387,0,0,2,"=","=","=","=","=","=","=","=","=",8,L,"Sabo_10",185.3,90,0.502,,30,W,Y,0,,,,,,,,,,,,,,,,,,,,,,,,,,,,,0,0,,,,,,,,,,,,2584.937,,,,,,,,,,,,,,,,,,,,,,,,,,0.152,-37.721,0.162,-17.875,-19.816,-41.19,-9.381,-61.572,21.793,-48.336,10.498,-63.559,47.416,-97.745,3.499,-114.707,-43.353,-93.147,,,,"",,,,"",,,,"",,,,"",,,,"",,,,"",,,,"",,,,"",,,,2567.994,0.118,-37.247,,,,,,,,,,,,,,,,,,,,,,,,,,,,,,,,,,,,,,,,,,,,,,,,,,,,"",0,,,,,,,,,,,,,0,"",,,,0,""
74,,3,1,2,1,3,0,1,1,0,0,1,255,255,34,2585.32,"Kenomo",R,33,86,139,1.821,-0.102,0.276,1.58,0.631,1.521,-36.44,17.084,73,27,0,1,"",114.413,-28.724,9.028,0,0,2,"=","=","=","=","=","=","=","=","=",8,L,"Sabo_10",185.3,90,0.502,,30,W,Y,0,,,,,,,,,,,,,,,,,,,,,,,,,,,,,0,0,,2594.522,,,,2594.508,,,,,,2588.648,,,,,,,,,,,,,,,,,,,,,,,,,,0.078,-37.692,0.137,-17.856,-19.712,-42.324,-8.616,-62.832,21.822,-48.4,10.323,-63.607,48.439,-98.567,3.448,-115.587,-43.356,-93.155,,,,"",,,,"",,,,"",,,,"",,,,"",,,,"",,,,"",,,,"",,,,2597.327,-0.088,-37.739,,,,,,,,,,,,,,,,,,,,,,,,,,,,,,,,,,,,,,,,,,,,,,,,,,,,"",5,,,,,,,,,,,,,0,"",2594.508,,,0,""
75,,3,1,2,1,0,0,1,1,1,0,8,1,255,35,2613.752,"Kenomo",R,13,79,120,-0.789,-2.707,0.19,1.246,-0.047,0.425,-36.44,13.003,30,70,0,1,"",-186.602,308.205,3.643,-0.146,-20.424,3,"=","=","=","=","=","=","=","=","=",6,L,"하루（Haru）",174.8,85,0.354,,30,W,Y,0,,,,,,,,,,,,,,,,,,,,,,,,,,,,,0,0,,,,,,,,,,,,2626.953,2626.761,,,,,,,,,,,,,,,,,,,,,,,,,0.127,-37.758,0.164,-17.952,-21.058,-47.486,-6.836,-61.355,20.114,-45.999,10.439,-63.578,44.67,-89.519,0.142,-112.423,-43.354,-93.15,,,,"",,,,"",,,,"",,,,"",,,,"",,,,"",,,,"",,,,"",,,,2617.748,-0.301,-37.196,,,,,,,,,,,,,,,,,,,,,,,,,,,,,,,,,,,,,,,,,,,,,,,,,,,,"",0,,,,,,,,,,,,,0,"",2615.839,,,0,""
76,,3,1,2,1,1,0,1,1,1,0,8,1,255,36,2631.822,"Kenomo",R,28,86,140,0.132,-2.733,0.189,1.12,-0.051,-0.018,-36.44,19.851,24,76,0,1,"",76.853,-95.122,7.644,0,0,3,"=","=","=","=","=","=","=","=","=",6,L,"하루（Haru）",174.8,85,0.354,,30,W,Y,0,,,,,,,,,,,,,,,,,,,,,,,,,,,,,0,0,,,,,,,,,,,,2650.549,2632.062,,,,,,,,,,,,,,,,,,,,,,,,,0.128,-37.648,0.193,-17.909,-20.424,-48.204,-6.246,-62.251,20.28,-45.521,10.864,-63.426,46.583,-91.638,2.819,-112.601,-43.354,-93.157,,,,"",,,,"",,,,"",,,,"",,,,"",,,,"",,,,"",,,,"",,,,2635.937,-0.391,-37.313,,,,,,,,,,,,,,,,,,,,,,,,,,,,,,,,,,,,,,,,,,,,,,,,,,,,"",0,,,,,,,,,,,,,0,"",2634.503,,,0,""
77,,3,1,2,1,2,0,1,1,1,0,8,1,255,37,2653.964,"Kenomo",R,6,56,89,-2.469,-0.468,-0.078,1.542,-2.004,1.364,-36.44,12.479,60,40,0,1,"",370.009,0,35.06,0,0,3,"=","=","=","=","=","=","=","=","=",6,L,"하루（Haru）",174.8,85,0.354,,30,W,Y,0,,,,,,,,,,,,,,,,,,,,,,,,,,,,,0,0,,,,,,,,,,,,2656.797,2670.43,,,,,,,,,,,,,,,,,,,,,,,,,0.03,-37.732,-0.267,-17.735,-19.927,-46.889,-7.16,-61.801,20.577,-45.899,10.852,-63.475,45.265,-89.903,-0.149,-113.517,-43.278,-93.224,,,,"",,,,"",,,,"",,,,"",,,,"",,,,"",,,,"",,,,"",,,,2658.959,-0.178,-37.341,,,,,,,,,,,,,,,,,,,,,,,,,,,,,,,,,,,,,,,,,,,,,,,,,,,,"",0,,,,,,,,,,,,,0,"",2656.561,,,0,""
78,,3,1,2,1,3,0,1,1,1,0,8,1,255,38,2670.763,"Kenomo",R,33,81,132,1.211,0.557,0.272,1.658,0.335,1.875,-36.44,22.588,77,23,0,0,"",128.911,-48.307,12.877,0,0,3,"=","=","=","=","=","=","=","=","=",6,L,"하루（Haru）",174.8,85,0.354,,30,W,Y,0,,,,,,,,,,,,,,,,,,,,,,,,,,,,,0,0,,,,,,,,,,,,2688.887,2687.26,,,,,,,,,,,,,,,,,,,,,,,,,0.054,-37.641,-0.114,-17.795,-20.085,-47.57,-4.571,-62.864,20.609,-45.49,10.862,-63.533,41.995,-92.584,0.628,-113.613,-43.282,-93.415,,,,"",,,,"",,,,"",,,,"",,,,"",,,,"",,,,"",,,,"",,,,2674.669,-0.416,-37.228,,,,,,,,,,,,,,,,,,,,,,,,,,,,,,,,,,,,,,,,,,,,,,,,,,,,"",0,,,,,,,,,,,,,0,"",2674.172,,,0,""
79,,3,1,2,1,3,1,1,1,1,0,8,1,255,39,2691.609,"Kenomo",R,3,67,97,-1.078,-0.656,0.299,1.555,0.308,1.558,-36.44,8.914,45,55,0,0,"",-367.849,186.938,7.371,0,0,3,"=","=","=","=","=","=","=","=","=",6,L,"하루（Haru）",174.8,85,0.354,,30,W,Y,0,,,,,,,,,,,,,,,,,,,,,,,,,,,,,0,0,,,,,,,,,,,,2694.223,2708.309,,,,,,,,,,,,,,,,,,,,,,,,,0.139,-37.835,-0.001,-17.795,-20.341,-48.124,-1.076,-61.875,20.15,-45.208,10.873,-63.365,42.131,-89.964,1.569,-113.644,-43.084,-93.331,,,,"",,,,"",,,,"",,,,"",,,,"",,,,"",,,,"",,,,"",,,,2695.711,-0.134,-37.344,,,,,,,,,,,,,,,,,,,,,,,,,,,,,,,,,,,,,,,,,,,,,,,,,,,,"",0,,,,,,,,,,,,,0,"",2694.057,,,0,""
80,,3,1,2,1,3,2,1,1,1,0,8,1,255,40,2712.042,"Kenomo",R,8,46,87,1.358,-0.406,0.283,1.437,0.259,1.283,-36.44,14.026,49,51,0,2,"",121.129,40.368,9.269,0,0,3,"=","=","=","=","=","=","=","=","=",6,L,"하루（Haru）",174.8,85,0.354,0,30,W,Y,1,2713.372,180,223,82,85,31,,145,115,-30,8.654,0.243,0.638,-19.938,0.9,0.048,0.217,345.711,-200.93,438.316,2697.48,0.092,-20.94,2699.397,3,-5.647,1.834,-59.34,0,0,,2718.673,,,,2717.639,,,2718.186,2723.436,,,,,2717.104,2,1,164,0,2718.709,3,,147,64,,,,,,,,2716.474,3,,,,,0.063,-37.739,0.12,-17.826,-20.19,-47.046,-2.193,-61.873,20.344,-45.397,10.962,-63.473,43.162,-87.759,2.119,-113.624,-42.676,-92.801,0.152,-36.748,,"-라후이-",0.159,-17.901,,"Ainy4／あいにゃ",-20.171,-46.915,76,"낑깡__",-7.242,-61.8,104,"Slaris",20.249,-45.359,,"즉석카레",11.067,-63.377,,"メリニット",42.864,-87.254,,"아침땅_",2.632,-113.643,,"なおｐ--",-42.675,-92.789,,2723.504,-0.985,-38.697,,,,2718.063,-18.501,-40.736,2715.364,-5.817,-60.13,,,,,,,,,,,,,,,,,,,,,,2722.849,-9.825,-41.392,2717.042,-3.322,-57.076,,,,,,,,,,,,,,,,"",2,,,,,,,,,,,,,0,"낑깡__",2717.639,2718.186,2723.436,100,""
81,SIDE,3,1,2,1,0,0,2,0,0,1,255,255,1,,2723.669,,,,,,,,,,,,,,,,,,,,,,,,4,"=","=","=","=","=","=","=","=","=",,,,,,,,,,,,,,,,,,,,,,,,,,,,,,,,,,,,,,,0,0,,,,,,,,,,,,,,,,,,,,,,,,,,,,,,,,,,,,,,,,,,,,,,,,,,,,,,,,,,,,,,,,,,,,,,,,,,,,,,,,,,,,,,,,,,,,,,,,,,,,,,,,,,,,,,,,,,,,,,,,,,,,,,,,,,,,,,,,,,,,,,,,,"",0,,,,,,,,,,,,,0,"",,,,0,""
82,,3,0,2,1,0,0,0,0,0,0,255,255,255,35,2768.739,"しろくま。",R,26,86,140,1.85,1.435,0.327,1.509,0.589,2.23,-36.454,9.683,45,55,0,1,"",155.508,-200,15.746,0,0,8,"-라후이-","Slaris","Ainy4／あいにゃ","なおｐ--","メリニット","Kenomo","낑깡__","즉석카레","아침땅_",7,R,"아침땅_",170.2,86.571,0.5,,38,W,Y,0,,,,,,,,,,,,,,,,,,,,,,,,,,,,,0,0,,,,,,,,,,,,,,,,,,,,,,,,,,,,,,,,,,,,,,0.084,-37.891,0.154,-17.86,-21.913,-48.748,-14.573,-63.023,17.784,-47.26,8.617,-65.608,42.046,-107.856,-5.603,-114.567,-44.928,-96.133,,,,"",,,,"",,,,"",,,,"",,,,"",,,,"",,,,"",,,,"",,,,,,,,,,,,,,,,,,,,,,,,,,,,,,,,,,,,,,,,,,,,,,,,,,,,,,,,,,"",0,,,,,,,,,,,,,0,"",,,,0,""
83,,3,0,2,1,1,0,0,0,0,0,255,255,255,36,2782.46,"しろくま。",R,26,83,135,2.755,1.432,0.387,1.541,0.869,2.347,-36.454,16.107,89,11,0,3,"",137.012,-160.99,9.692,-1.096,-20.446,8,"=","=","=","=","=","=","=","=","=",7,R,"아침땅_",170.2,86.571,0.5,,38,W,Y,0,,,,,,,,,,,,,,,,,,,,,,,,,,,,,0,256,,2808.728,,,,,,,,,,,,,2808.844,8,1,275,3,,,,,,,,,,,,,,,,,2785.009,1,0.053,-37.69,0.035,-17.838,-21.96,-48.678,-14.833,-62.902,18.507,-48.059,7.616,-64.235,40.793,-108.353,-5.056,-111.79,-43.923,-97.121,,,,"",,,,"",,,,"",,,,"",,,,"",,,,"",,,,"",,,,"",,,,,,,,,,,,,,,,,,,,,,,,,,,,,,,,,,,,,,,,,,,,,,,,,,,,,,,,,,"",6,,,,,,,,,,,,,0,"",,,,0,""
84,,3,0,2,1,0,0,1,0,0,0,255,255,255,39,2827.163,"しろくま。",R,26,92,140,1.429,0.637,0.307,1.411,0.497,1.853,-36.454,6.468,45,55,0,0,"",90.354,-200,28.88,0,0,0,"=","=","=","=","=","=","=","=","=",1,R,"-라후이-",190,87,0.504,,30,W,Y,0,,,,,,,,,,,,,,,,,,,,,,,,,,,,,0,0,,,,,,,,,,,,,,,,,,,,,,,,,,,,,,,,,,,,,,0.16,-38.12,0.18,-17.723,-22.144,-49.768,-15.492,-62.387,21.089,-50.35,7.916,-65.534,39.747,-107.133,-2.013,-116.195,-49.239,-97.453,,,,"",,,,"",,,,"",,,,"",,,,"",,,,"",,,,"",,,,"",,,,,,,,,,,,,,,,,,,,,,,,,,,,,,,,,,,,,,,,,,,,,,,,,,,,,,,,,,"",0,,,,,,,,,,,,,0,"",,,,0,""
85,,3,0,2,1,0,1,1,0,0,0,255,255,255,40,2838.851,"しろくま。",R,10,83,124,-0.393,-0.638,0.192,1.349,-0.035,1.652,-36.454,2.114,36,64,0,2,"",-91.316,400,18.654,0,0,0,"=","=","=","=","=","=","=","=","=",1,R,"-라후이-",190,87,0.504,3,30,W,Y,1,2839.711,221,142,56,64,30,,137,101,21.357,6.258,-0.069,0.792,-20.576,0.92,0,0.285,55.037,97.482,19.128,,,,2827.48,7,-10.475,2.566,-100.597,0,0,,2845.641,,,,,,,,,,,,,2844.261,0,,456,0,,,,,,,,,,,,,,,,,,,0.06,-37.883,-0.251,-17.807,-21.513,-48.935,-15.699,-62.251,21.209,-50.736,8.147,-65.477,39.755,-107.133,-1.926,-115.875,-49.247,-97.461,0.137,-37.176,,"Megu3568",-0.283,-17.797,,"濃いめのラー油",-21.653,-48.732,,"Muna_328",-15.681,-62.239,94,"kotatu_yowai",20.799,-50.991,,"schmoneymikey",8.139,-65.463,,"하루（Haru）",39.613,-107.199,,"うよすま",-1.822,-115.811,101,"Sabo_10",-49.258,-97.461,,2850.494,0.562,-45.821,,,,,,,2846.597,-6.341,-72.287,,,,,,,,,,2844.274,-10.685,-101.633,,,,,,,,,,,,,2849.161,-5.421,-70.16,,,,,,,,,,2845.522,-8.931,-94.798,,,,"",1,,,,,,,,,,,,,0,"うよすま",,,,289,""
86,,3,0,2,1,0,0,2,0,0,0,255,255,255,41,2865.575,"しろくま。",R,26,90,140,0.997,-0.768,0.281,1.14,0.378,0.974,-36.454,18.792,49,51,0,2,"",41.87,-200,55.537,0,0,1,"=","=","=","=","=","=","=","=","=",4,R,"Slaris",190,85.704,0.452,5,29,W,Y,1,2866.389,196,111,190,62,20,,145,94,15.179,-0.149,0.169,0.599,-20.028,-0.77,0,0.192,-93.835,252.947,-143.796,,,,2852.364,5,-1.064,3.777,-65.709,0,0,,,,,,,,,,,,,,,2868.916,1,,454,0,,,,,,,,,,,,,,,,,,,0.134,-37.968,0.134,-17.909,-21.471,-49.173,-15.617,-61.856,21.045,-51.351,7.271,-65.644,38.298,-108.221,-5.812,-113.397,-50.219,-98.836,-0.23,-37.003,,"Megu3568",0.079,-18.013,,"濃いめのラー油",-21.582,-48.937,,"Muna_328",-15.607,-61.853,,"kotatu_yowai",20.673,-51.585,,"schmoneymikey",7.124,-65.451,,"하루（Haru）",38.303,-108.227,,"うよすま",-5.818,-113.365,,"Sabo_10",-50.2,-98.813,,,,,,,,,,,,,,,,,2868.93,-1.176,-66.573,,,,,,,,,,,,,,,,,,,,,,,,,,,,,,,,,,,,,"",1,-0.047,-0.047,12.818,0,0,1,15.179,15.179,10.961,15.179,0,-6.557,0,"schmoneymikey",,,,128,""
87,SIDE,3,0,2,1,0,0,2,0,0,0,255,255,255,,2871.597,,,,,,,,,,,,,,,,,,,,,,,,2,"=","=","=","=","=","=","=","=","=",,,,,,,,,,,,,,,,,,,,,,,,,,,,,,,,,,,,,,,0,0,,,,,,,,,,,,,,,,,,,,,,,,,,,,,,,,,,,,,,,,,,,,,,,,,,,,,,,,,,,,,,,,,,,,,,,,,,,,,,,,,,,,,,,,,,,,,,,,,,,,,,,,,,,,,,,,,,,,,,,,,,,,,,,,,,,,,,,,,,,,,,,,,"",0,,,,,,,,,,,,,0,"",,,,0,""
88,,4,1,2,1,0,0,0,0,0,0,255,255,255,41,2918.962,"Kenomo",R,3,84,110,-2.198,-0.177,0.13,1.53,-0.217,1.513,-36.44,2.378,36,64,0,4,"",-411.269,0,7.191,0,0,4,"しろくま。","Megu3568","Sabo_10","하루（Haru）","kotatu_yowai","Muna_328","濃いめのラー油","schmoneymikey","うよすま",4,R,"kotatu_yowai",190,90.416,0.599,,29,W,Y,1,,,,,,,,,,,,,,,,,,,,,,,,,,,,,0,0,,,,,,,,,,,,,,,,,,,,,,,,,,,,,,,,,,,,,,0.069,-37.745,-0.226,-17.948,-21.572,-49.17,-12.36,-65.398,20.01,-47.224,10.271,-65.741,42.124,-105.111,-0.918,-116.932,-41.298,-93.307,,,,"",,,,"",,,,"",,,,"",,,,"",,,,"",,,,"",,,,"",,,,,,,,,,,,,,,,,,,,,,,,,,,,,,,,,,,,,,,,,,,,,,,,,,,,,,,,,,"",0,,,,,,,,,,,,,0,"",,,,0,""
89,,4,1,2,1,0,1,0,0,0,0,255,255,255,42,2936.006,"Kenomo",R,3,75,103,-1.982,-0.98,0.148,1.42,-0.161,1.275,-36.44,2.83,42,58,0,1,"",-358.057,184.729,6.151,-0.72,-16.069,4,"=","=","=","=","=","=","=","=","=",4,R,"kotatu_yowai",190,90.416,0.599,,29,W,Y,0,,,,,,,,,,,,,,,,,,,,,,,,,,,,,0,0,,,,,,,,,,,,,,,,,,,,,,,,,,,,,,,,,,,,,,0.087,-37.895,-0.272,-17.882,-21.999,-49.211,-12.139,-65.442,19.831,-47.062,9.031,-66.018,43.865,-103.398,-2.379,-116.498,-43.368,-91.656,,,,"",,,,"",,,,"",,,,"",,,,"",,,,"",,,,"",,,,"",,,,,,,,,,,,,,,,,,,,,,,,,,,,,,,,,,,,,,,,,,,,,,,,,,,,,,,,,,"",0,,,,,,,,,,,,,0,"",,,,0,""
90,,4,1,2,1,1,1,0,0,0,0,255,255,255,43,2953.55,"Kenomo",R,13,77,103,-1.762,-1.116,0.174,1.475,-0.081,1.393,-36.44,4.609,37,63,0,4,"",-349.857,332.261,3.919,0,0,4,"=","=","=","=","=","=","=","=","=",4,R,"kotatu_yowai",190,90.416,0.599,,29,W,Y,1,,,,,,,,,,,,,,,,,,,,,,,,,,,,,0,0,,,,,,,,,,,,,,,,,,,,,,,,,,,,,,,,,,,,,,0.053,-37.824,-0.25,-17.916,-22.001,-49.257,-12.348,-65.288,19.725,-46.968,8.974,-66.117,44.273,-102.678,-1.239,-116.656,-49.246,-99.002,,,,"",,,,"",,,,"",,,,"",,,,"",,,,"",,,,"",,,,"",,,,,,,,,,,,,,,,,,,,,,,,,,,,,,,,,,,,,,,,,,,,,,,,,,,,,,,,,,"",0,,,,,,,,,,,,,0,"",,,,0,""
91,,4,1,2,1,1,2,0,0,0,0,255,255,255,44,2971.28,"Kenomo",R,3,71,100,-2.489,-0.803,0.116,1.447,-0.261,1.333,-36.44,2.927,53,47,0,1,"",-402.374,139.323,7.482,0,0,4,"=","=","=","=","=","=","=","=","=",4,R,"kotatu_yowai",190,90.416,0.599,,29,W,Y,0,,,,,,,,,,,,,,,,,,,,,,,,,,,,,0,0,,,,,,,,,,,,,,,,,,,,,,,,,,,,,,,,,,,,,,0.06,-37.86,-0.255,-17.919,-21.996,-49.264,-12.445,-65.354,19.911,-47.172,8.949,-66.118,45.678,-104.489,-1.634,-116.664,-48.577,-97.177,,,,"",,,,"",,,,"",,,,"",,,,"",,,,"",,,,"",,,,"",,,,,,,,,,,,,,,,,,,,,,,,,,,,,,,,,,,,,,,,,,,,,,,,,,,,,,,,,,"",0,,,,,,,,,,,,,0,"",,,,0,""
92,,4,1,2,1,2,2,0,0,0,0,255,255,255,45,2987.638,"Kenomo",R,3,76,116,-3.374,-1.397,0.034,1.355,-0.771,0.875,-36.44,7.671,40,60,0,1,"",-414.398,113.421,4.758,0,0,4,"=","=","=","=","=","=","=","=","=",4,R,"kotatu_yowai",190,90.416,0.599,,29,W,Y,0,,,,,,,,,,,,,,,,,,,,,,,,,,,,,0,0,,,,,,,,,,,,,,,,,,,,,,,,,,,,,,,,,,,,,,0.047,-37.653,-0.337,-17.919,-22.024,-49.268,-12.433,-65.424,20.006,-47.033,8.827,-66.199,44.527,-106.407,-1.236,-116.731,-48.623,-97.211,,,,"",,,,"",,,,"",,,,"",,,,"",,,,"",,,,"",,,,"",,,,,,,,,,,,,,,,,,,,,,,,,,,,,,,,,,,,,,,,,,,,,,,,,,,,,,,,,,"",0,,,,,,,,,,,,,0,"",,,,0,""
93,,4,1,2,1,3,2,0,0,0,0,255,255,255,46,3004.504,"Kenomo",R,0,45,89,5.417,1.789,0.708,1.767,2.338,2.768,-36.44,76.967,42,58,0,1,"",0,0,4.683,0,0,4,"=","=","=","=","=","=","=","=","=",4,R,"kotatu_yowai",190,90.416,0.599,,29,W,Y,0,,,,,,,,,,,,,,,,,,,,,,,,,,,,,0,16,,3014.991,,,,,,,,,,,,,,,,,,,,,,,,,,,,,,,,,,,,0.052,-37.666,-0.196,-18.007,-22.004,-49.263,-12.457,-65.419,19.922,-47.034,8.822,-66.211,44.796,-107.846,-1.313,-116.397,-48.603,-97.193,,,,"",,,,"",,,,"",,,,"",,,,"",,,,"",,,,"",,,,"",,,,,,,,,,,,,,,,,,,,,,,,,,,,,,,,,,,,,,,,,,,,,,,,,,,,,,,,,,"",5,,,,,,,,,,,,,0,"",,,,0,""
94,,4,1,2,1,0,0,0,1,0,0,4,255,255,47,3044.115,"Kenomo",R,33,82,133,-0.015,-0.181,0.159,1.54,-0.189,1.458,-36.44,11.548,41,59,0,0,"",124.955,-41.466,10.013,0,0,5,"=","=","=","=","=","=","=","=","=",3,R,"Muna_328",174.8,107,0.503,,29,W,Y,0,,,,,,,,,,,,,,,,,,,,,,,,,,,,,0,0,,,,,,,,,,,,3056.289,,,,,,,,,,,,,,,,,,,,,,,,,,0.06,-37.714,-0.117,-17.659,-20.096,-41.485,-10.127,-58.965,19.972,-47.83,8.131,-64.333,44.853,-108.025,-0.593,-112.876,-45.125,-90.136,,,,"",,,,"",,,,"",,,,"",,,,"",,,,"",,,,"",,,,"",,,,,,,,,,,,,,,,,,,,,,,,,,,,,,,,,,,,,,,,,,,,,,,,,,,,,,,,,,"",0,,,,,,,,,,,,,0,"",,,,0,""
95,,4,1,2,1,0,1,0,1,0,0,4,255,255,48,3065.046,"Kenomo",R,33,86,139,-2.128,-0.863,-0.031,1.425,-1.073,1.054,-36.44,6.956,41,59,0,1,"",109.223,-57.693,7.093,0,0,5,"=","=","=","=","=","=","=","=","=",3,R,"Muna_328",174.8,107,0.503,,29,W,Y,0,,,,,,,,,,,,,,,,,,,,,,,,,,,,,0,0,,,,,,,,,,,,3073.138,,,,,,,,,,,,,,,,,,,,,,,,,,0.02,-37.648,-0.152,-17.622,-19.83,-41.532,-10.768,-59.392,20.174,-48.967,8.654,-64.352,45.264,-107.461,-2.025,-112.845,-45.115,-90.119,,,,"",,,,"",,,,"",,,,"",,,,"",,,,"",,,,"",,,,"",,,,,,,,,,,,,,,,,,,,,,,,,,,,,,,,,,,,,,,,,,,,,,,,,,,,,,,,,,"",0,,,,,,,,,,,,,0,"",,,,0,""
96,,4,1,2,1,1,1,0,1,0,0,4,255,255,49,3084.89,"Kenomo",R,34,84,136,-0.937,-0.574,0.084,1.475,-0.54,1.228,-36.44,3.808,36,64,0,2,"",93.118,-47.411,6.508,0,0,5,"=","=","=","=","=","=","=","=","=",3,R,"Muna_328",174.8,107,0.503,5,29,W,Y,1,3085.894,117,77,128,37,21,,137,124,31.519,-45.51,-0.169,0.783,-20.845,0.68,0,0.67,468.928,214.477,244.046,3074.297,78.262,-104.266,,,,,,0,0,,3091.231,3095.488,3100.475,3105.882,3092.319,3097.634,3102.651,,,,,,,,,,,,,,,,,,,,,,,,,,,,,,0.12,-38.033,-0.088,-17.598,-19.993,-41.8,-10.762,-59.451,20.39,-48.155,7.53,-64.851,46.56,-105.883,-2.427,-113.055,-45.145,-90.149,0.024,-37.091,,"-라후이-",-0.168,-17.6,,"Ainy4／あいにゃ",-19.962,-46.724,,"낑깡__",-10.761,-59.132,,"Slaris",20.1,-48.106,,"즉석카레",7.702,-64.687,,"メリニット",46.561,-105.882,,"아침땅_",-2.611,-112.796,,"なおｐ--",-45.12,-90.124,,,,,,,,,,,,,,,,,,,,,,,,,,,,,,,,,,,,,,,,,,,,,,,,,,,,,,,,"",4,-44.885,-44.885,-11.644,0,1,0.581,65.056,50.389,-2.228,89.12,0.067,-74.665,0,"",3092.319,3097.634,3102.651,0,""
97,,4,1,4,1,0,0,0,0,0,0,255,255,255,50,3130.947,"Kenomo",R,6,54,100,0.657,-0.372,0.072,1.517,-0.594,1.399,-36.44,3.665,61,39,0,0,"",428.13,0,17.465,0,0,6,"=","=","=","=","=","=","=","=","=",2,L,"濃いめのラー油",190,87.496,0.8,,29,W,Y,1,,,,,,,,,,,,,,,,,,,,,,,,,,,,,0,0,,,,,,,,,,,,,,,,,,,,,,,,,,,,,,,,,,,,,,-0.001,-37.719,-0.14,-17.687,-21.936,-49.086,-11.96,-65.239,22.069,-47.595,13.552,-64.159,49.009,-102.214,0.198,-114.758,-45.099,-90.106,,,,"",,,,"",,,,"",,,,"",,,,"",,,,"",,,,"",,,,"",,,,,,,,,,,,,,,,,,,,,,,,,,,,,,,,,,,,,,,,,,,,,,,,,,,,,,,,,,"",0,,,,,,,,,,,,,0,"",,,,0,""
98,,4,1,4,1,0,1,0,0,0,0,255,255,255,51,3146.052,"Kenomo",R,13,73,101,-1.797,-1.204,0.157,1.471,-0.132,1.386,-36.44,2.933,48,52,0,2,"",-322.748,355.587,5.328,0,0,6,"=","=","=","=","=","=","=","=","=",2,L,"濃いめのラー油",190,87.496,0.8,0,66,W,Y,1,3147.21,255,12,54,76,27,,137,106,1.241,28.602,-0.289,0.66,-21.141,0,0,0.086,-271.788,-283.903,170.616,3129.614,-7.991,-35.653,3130.68,2,-16.286,0.058,-51.179,0,0,,3152.37,,,,,,,,,,,,,3152.183,6,,147,0,,,,,,,,,,,3151.598,2,,,,,,,0.088,-37.879,-0.214,-17.646,-21.767,-49.694,-12.257,-65.452,21.77,-47.874,13.559,-64.16,46.093,-103.892,0.328,-115.013,-45.102,-90.124,0.091,-37.093,,"-라후이-",-0.291,-17.67,,"Ainy4／あいにゃ",-21.806,-49.547,93,"낑깡__",-12.213,-65.43,,"Slaris",21.735,-47.523,,"즉석카레",13.578,-64.05,,"メリニット",46.104,-103.9,,"아침땅_",0.278,-114.697,,"なおｐ--",-45.103,-90.118,,3154.157,-0.119,-37.567,,,,3148.806,-16.823,-51.66,,,,,,,,,,,,,,,,,,,,,,,,,3153.24,-16.577,-41.234,,,,,,,,,,,,,,,,,,,"",2,,,,,,,,,,,,,0,"Ainy4／あいにゃ",,,,36,""
99,,4,1,4,1,0,0,1,0,0,0,255,255,255,52,3172.663,"Kenomo",R,14,54,99,1.622,-1.553,0.198,1.481,-0.01,1.251,-36.44,3.332,53,47,0,4,"",340.572,326.808,20.413,0.411,-18.177,7,"=","=","=","=","=","=","=","=","=",5,L,"schmoneymikey",175.1,80,0.349,,29,W,Y,1,,,,,,,,,,,,,,,,,,,,,,,,,,,,,0,0,,,,,,,,,,,,,,,,,,,,,,,,,,,,,,,,,,,,,,0.12,-37.941,0.05,-17.771,-21.01,-49.655,-12.402,-65.397,20.276,-46.414,13.298,-64.336,46.95,-93.375,-0.026,-112.499,-45.544,-95.653,,,,"",,,,"",,,,"",,,,"",,,,"",,,,"",,,,"",,,,"",,,,3176.566,0.25,-37.333,,,,,,,,,,,,,,,,,,,,,,,,,,,,,,,,,,,,,,,,,,,,,,,,,,,,"",0,,,,,,,,,,,,,0,"",,,,0,""
100,,4,1,4,1,0,1,1,0,0,0,255,255,255,53,3187.128,"Kenomo",R,13,71,111,-1.139,-1.638,0.195,1.485,0.143,1.142,-36.44,6.456,35,65,0,2,"",-359.586,347.416,8.533,0,0,7,"=","=","=","=","=","=","=","=","=",5,L,"schmoneymikey",175.1,80,0.349,3,29,W,Y,1,3188.322,246,189,137,155,0,,145,110,18.318,15.551,-0.229,0.549,-21.197,0.83,0,0.353,2.495,-377.247,-47.052,3174.197,-16.95,-107.833,3174.813,7,-17.375,0.483,-111.585,1,0,,3193.344,,,,,,,,,,,,,,,,,,,,,,,,,,,,,,,,,,,,0.067,-37.93,-0.176,-17.741,-21.078,-49.521,-11.988,-65.316,20.32,-46.357,13.359,-63.865,46.606,-93.854,-0.104,-112.283,-45.01,-94.94,0.17,-37.153,,"-라후이-",-0.274,-17.763,,"Ainy4／あいにゃ",-21.164,-49.291,,"낑깡__",-11.192,-66.519,,"Slaris",20.298,-46.378,,"즉석카레",13.386,-63.76,66,"メリニット",46.684,-94.085,,"아침땅_",-0.325,-111.9,97,"なおｐ--",-44.962,-94.867,,3200.754,-0.271,-39.069,,,,,,,,,,,,,3196.577,-0.228,-59.731,,,,3193.129,-17.297,-112.67,,,,,,,,,,,,,,,,,,,3199.434,-0.2,-57.547,,,,3193.934,-16.836,-109.72,,,,"",2,,,,,,,,,,,,,0,"아침땅_",,,,416,""
101,,4,1,4,1,0,0,1,1,0,0,5,255,255,54,3218.974,"Kenomo",R,13,79,105,-1.718,-1.055,0.155,1.513,0.012,1.385,-36.44,6.053,36,64,0,4,"",-397.157,255.08,3.215,0,0,8,"=","=","=","=","=","=","=","=","=",7,R,"うよすま",175.4,85.329,0.498,,29,W,Y,1,,,,,,,,,,,,,,,,,,,,,,,,,,,,,0,0,,,,,,3219.836,,,,,,,,,,,,,,,,,,,,,,,,,,,,,,,,0.051,-37.795,-0.137,-17.655,-19.566,-41.098,-3.295,-61.434,20.748,-47.252,1.224,-61.29,42.916,-97.267,-0.149,-111.327,-47.203,-91.091,,,,"",,,,"",,,,"",,,,"",,,,"",,,,"",,,,"",,,,"",,,,3222.957,0.201,-37.195,,,,,,,,,,,,,,,,,,,,,,,,,,,,,,,,,,,,,,,,,,,,,,,,,,,,"",0,,,,,,,,,,,,,0,"",3219.836,,,0,""
102,,4,1,4,1,0,1,1,0,1,0,255,5,255,55,3242.351,"Kenomo",R,3,73,103,-1.369,-0.27,0.216,1.552,0.092,1.468,-36.44,10.496,32,68,0,0,"",-351.811,0,7.306,0,0,8,"=","=","=","=","=","=","=","=","=",7,R,"うよすま",175.4,85.329,0.498,,29,W,Y,0,,,,,,,,,,,,,,,,,,,,,,,,,,,,,0,0,,,,,,,,,3244.321,,,,,,,,,,,,,,,,,,,,,,,,,,,,,0.112,-37.807,-0.19,-17.641,-18.461,-45.328,-9.761,-58.729,19.804,-46.169,2.194,-62.701,43.114,-95.168,-0.415,-113.416,-45.591,-89.524,,,,"",,,,"",,,,"",,,,"",,,,"",,,,"",,,,"",,,,"",,,,3247.889,0.082,-36.879,,,,,,,,,,,,,,,,,,,,,,,,,,,,,,,,,,,,,,,,,,,,,,,,,,,,"",0,,,,,,,,,,,,,0,"",,3244.321,,0,""
103,,4,1,4,1,0,2,1,0,0,1,255,255,5,56,3263.773,"Kenomo",R,13,74,101,-4.041,-2.724,0.024,1.327,-1.183,0.292,-36.44,13.83,41,59,0,1,"",-293.098,384.839,8.965,-0.669,-21.578,8,"=","=","=","=","=","=","=","=","=",7,R,"うよすま",175.4,85.329,0.498,,29,W,Y,0,,,,,,,,,,,,,,,,,,,,,,,,,,,,,0,0,,,,,,,,,,,,,,3278.953,,,,,,,,,,,,,,,,,,,,,,,,0.112,-37.775,-0.085,-17.736,-17.322,-44.036,-9.349,-58.728,20.653,-46.801,8.954,-66.4,42.139,-96.396,-0.768,-112.965,-45.544,-89.529,,,,"",,,,"",,,,"",,,,"",,,,"",,,,"",,,,"",,,,"",,,,3267.642,-0.063,-37.243,,,,,,,,,,,,,,,,,,,,,,,,,,,,,,,,,,,,,,,,,,,,,,,,,,,,"",0,,,,,,,,,,,,,0,"",,3266.544,,0,""
104,,4,1,4,1,1,2,1,0,0,1,255,255,5,57,3283.86,"Kenomo",R,3,74,112,-1.647,-0.654,0.218,1.552,0.084,1.502,-36.44,10.311,41,59,0,2,"",-456.889,199.146,9.535,0,0,8,"=","=","=","=","=","=","=","=","=",7,R,"うよすま",175.4,85.329,0.498,5,29,W,Y,1,3284.952,209,118,170,80,18,,145,84,105.84,-11.501,-0.326,0.699,-20.162,1,0,0.254,366.262,440.338,178.758,3272.23,-4.676,9.054,,,,,,0,0,,,,,,,,,,,,,,3302.908,,,,,,,,,,,,,,,,,,,,,,,,0.106,-37.806,-0.126,-17.683,-17.332,-44.034,-9.335,-58.784,19.591,-45.51,9.181,-66.369,43.012,-94.691,-0.792,-113.303,-45.522,-89.517,0.148,-37.199,,"-라후이-",-0.189,-17.664,,"Ainy4／あいにゃ",-17.285,-43.876,,"낑깡__",-9.418,-58.46,,"Slaris",19.424,-45.492,,"즉석카레",9.188,-66.23,,"メリニット",43.008,-94.676,,"아침땅_",-1.962,-113.277,,"なおｐ--",-45.54,-89.534,,,,,,,,,,,,,,,,,,,,,,,,,,,,,,,,,,,,,,,,,,,,,,,,,,,,,,,,"",3,-7.456,-7.456,-0.905,0,0,1,74.16,74.16,16.828,74.16,0,-8.408,0,"",,3288.431,,0,""
105,,4,1,4,1,1,2,1,0,0,1,255,255,5,58,3306.65,"Kenomo",R,13,85,109,-1.962,-1.533,0.152,1.387,-0.148,1.167,-36.44,4.019,34,66,0,2,"",-387.656,311.373,11.3,0,0,8,"=","=","=","=","=","=","=","=","=",7,R,"うよすま",175.4,85.329,0.498,5,29,W,Y,1,3307.787,164,133,123,93,35,,145,97,-4.723,-3.494,-0.378,0.415,-20.212,0.98,0,0.239,-43.428,340.34,-39.243,3289.13,-0.158,-24.053,3294.38,6,14.449,1.394,-86.652,1,0,,3313.71,,,,,,,,,3312.139,,,,,,,,,,,,,,,,,,,3340.597,2,,,,,,,0.109,-37.718,-0.332,-17.868,-17.096,-44.411,-9.468,-59.182,20.115,-45.91,9.108,-66.57,42.953,-93.624,-1.043,-114.349,-45.818,-89.637,0.122,-36.963,120,"-라후이-",-0.464,-17.935,,"Ainy4／あいにゃ",-17.076,-44.255,85,"낑깡__",-9.333,-58.61,87,"Slaris",19.829,-45.93,,"즉석카레",9.111,-66.455,,"メリニット",42.79,-93.671,88,"아침땅_",-2.046,-114.298,,"なおｐ--",-45.808,-89.634,,3321.922,0.544,-37.361,,,,3340.558,-19.418,-39.611,3315.996,0.715,-59.827,,,,,,,3313.289,14.655,-87.366,,,,,,,3339.77,-1.584,-38.532,,,,3343.706,-17.695,-41.329,3320.866,-0.319,-56.473,,,,,,,3314.73,10.244,-78.95,,,,,,,"",2,0.337,0.337,-3.821,0,2,0.316,-7.235,-4.723,-18.041,-7.57,0.009,22.603,0,"メリニット",,,3312.139,116,""
106,,4,1,5,1,0,0,1,1,0,0,7,255,255,59,3376.169,"Kenomo",R,13,79,116,-2.149,-1.658,0.133,1.39,-0.31,0.983,-36.44,4.972,34,66,0,2,"",-372.011,334.078,5.084,0,0,0,"=","=","=","=","=","=","=","=","=",0,R,"しろくま。",188.6,96,0.304,3,28,W,Y,1,3377.114,216,176,113,124,49,,145,86,-29.187,61.974,-0.345,0.496,-21.284,1,0,0.537,-82.58,242.318,136.067,3357.747,-1.775,-22.043,,,,,,0,0,,,,,,,,,,,,3399.734,,,,,,,,,,,,,,,,,,,,,,,,,,0.106,-37.924,-0.126,-17.807,-19.66,-41.718,-11.257,-58.977,20.895,-47.859,8.085,-64.054,42.245,-110.125,-0.535,-112.74,-44.532,-92.151,0.18,-37.052,,"-라후이-",-0.223,-17.809,,"Ainy4／あいにゃ",-19.614,-46.354,,"낑깡__",-10.984,-59.167,,"Slaris",20.547,-47.984,,"즉석카레",8.348,-63.864,,"メリニット",42.241,-110.127,,"아침땅_",-0.823,-112.768,,"なおｐ--",-44.529,-92.146,,,,,,,,,,,,,,,,,,,,,,,,,,,,,,,,,,,,,,,,,,,,,,,,,,,,,,,,"",3,,,,,,,,,,,,,0,"",,,,0,""
107,,4,1,5,1,0,1,1,1,0,0,7,255,255,60,3402.982,"Kenomo",R,34,86,139,-0.881,-0.639,0.091,1.447,-0.508,1.169,-36.44,1.624,36,64,0,0,"",90.371,-52.554,6.98,0,0,0,"=","=","=","=","=","=","=","=","=",0,R,"しろくま。",188.6,96,0.304,,28,W,Y,0,,,,,,,,,,,,,,,,,,,,,,,,,,,,,0,0,,,,,,3405.658,,,,,,,,,,,,,,,,,,,,,,,,,,3406.328,5,,,,,0.05,-37.72,-0.208,-17.943,-19.715,-41.841,-10.765,-60.131,20.376,-48.03,7.321,-63.995,42.608,-107.177,-2.052,-114.73,-45.825,-88.506,,,,"",,,,"",,,,"",,,,"",,,,"",,,,"",,,,"",,,,"",,,,,,,,,,,,,,,,,,,,,,,,,,,,,,,,,,,,,,,,,,,,,,,,,,,,,,,,,,"",0,,,,,,,,,,,,,0,"",3405.658,,,0,""
108,,4,1,5,1,0,2,1,0,1,0,255,7,255,61,3466.126,"Kenomo",R,3,73,113,-3.484,-2.546,0.237,1.531,-0.068,1.213,-36.44,7.106,35,65,0,2,"",-416.944,164.888,9.62,-0.616,-20.854,0,"=","=","=","=","=","=","=","=","=",0,R,"しろくま。",188.6,96,0.304,3,28,W,Y,1,3467.14,229,90,101,131,33,,145,116,-30,20.2,-0.305,0.689,-21.018,0.88,0,0.47,177.13,314.585,-85.728,3447.114,-0.707,-22.106,3448.763,3,-13.029,1.977,-55.411,0,0,,3472.791,,,,,,,,,,,3504.165,,3471.654,0,,147,64,,,,,,,,,,,,,,,,,,,0.102,-37.873,-0.169,-18.004,-19.526,-46.161,-10.217,-58.614,19.006,-46.466,3.274,-64.83,43.104,-109.251,-1.556,-114.225,-46.369,-89.217,0.246,-37.24,,"-라후이-",-0.307,-17.989,,"Ainy4／あいにゃ",-17.107,-43.192,120,"낑깡__",-10.189,-58.336,95,"Slaris",18.923,-46.301,85,"즉석카레",7.529,-65.253,,"メリニット",43.064,-109.321,,"아침땅_",-1.824,-113.491,,"なおｐ--",-46.358,-89.208,,3483.542,0.802,-37.617,,,,3470.992,-18.832,-40.583,3468.936,-13.257,-56.308,3473.049,18.644,-39.929,,,,,,,,,,,,,,,,,,,3471.676,-15.13,-39.791,3470.193,-13.732,-52.937,3482.614,15.382,-39.779,,,,,,,,,,,,,"",2,,,,,,,,,,,,,0,"낑깡__",3473.098,,,102,""
109,,4,1,5,1,0,0,2,0,1,0,255,7,255,62,3509.025,"Kenomo",R,3,74,103,-1.453,-0.26,0.241,1.548,0.127,1.551,-36.44,11.338,36,64,0,0,"",-388.512,60.438,11.428,0,0,1,"=","=","=","=","=","=","=","=","=",1,R,"Megu3568",190,88.251,0.405,,28,W,Y,1,,,,,,,,,,,,,,,,,,,,,,,,,,,,,0,0,,,,,,,,,,,,,3523.956,,,,,,,,,,,,,,,,,,,,,,,,,0.167,-37.897,-0.204,-17.848,-21.905,-50.095,-12.952,-65.051,20.629,-46.801,6.856,-65.035,39.032,-115.3,-1.243,-115.781,-46.634,-95.368,,,,"",,,,"",,,,"",,,,"",,,,"",,,,"",,,,"",,,,"",,,,3512.753,-0.161,-37.337,,,,,,,,,,,,,,,,,,,,,,,,,,,,,,,,,,,,,,,,,,,,,,,,,,,,"",0,,,,,,,,,,,,,0,"",3511.877,,,0,""
110,,4,1,5,1,0,1,2,0,1,0,255,7,255,63,3524.103,"Kenomo",R,3,70,101,-1.706,-0.721,0.237,1.45,-0.053,1.181,-36.44,5.868,39,61,0,2,"",-343.957,0,2.997,0,0,1,"=","=","=","=","=","=","=","=","=",1,R,"Megu3568",190,88.251,0.405,3,28,W,Y,1,3525.277,255,156,142,127,86,,145,87,26.744,53.67,-0.3,0.767,-20.652,1,0,0.42,215.013,71.958,519.361,3507.013,-42.033,-50.181,,,,,,0,0,,,,,,,,,,,,,3558.867,,,,,,,,,,,,,,,,,,,,,,,,,0.168,-38.065,-0.332,-17.814,-21.719,-50.169,-12.908,-65.349,20.853,-46.101,3.479,-65.481,42.507,-111.479,-0.85,-116.189,-46.533,-95.201,0.303,-37.134,,"-라후이-",-0.345,-17.808,,"Ainy4／あいにゃ",-21.851,-49.883,,"낑깡__",-13.342,-66.184,,"Slaris",20.437,-46.346,,"즉석카레",7.471,-65.544,,"メリニット",42.508,-111.475,,"아침땅_",-1.727,-115.815,,"なおｐ--",-46.528,-95.239,,,,,,,,,,,,,,,,,,,,,,,,,,,,,,,,,,,,,,,,,,,,,,,,,,,,,,,,"",3,,,,,,,,,,,,,0,"",3533.322,,,0,""
111,,4,1,5,1,0,2,2,0,1,0,255,7,255,64,3561.391,"Kenomo",R,3,74,117,-0.819,-0.727,0.205,1.48,0.211,1.157,-36.44,6.236,35,65,0,2,"",-343.439,0,4.037,0,0,1,"=","=","=","=","=","=","=","=","=",1,R,"Megu3568",190,88.251,0.405,3,78,W,Y,1,3562.538,255,71,115,109,39,,145,122,6.167,33.978,-0.217,0.736,-20.324,0.22,0,0.414,392.46,453.838,2.41,,,,3542.647,2,-19.601,2.029,-47.363,0,0,,,,,,,,,,,,,,,3563.919,1,,451,0,,,,,,,,,,,,,,,,,,,0.079,-37.907,-0.227,-17.83,-22.693,-50.382,-12.887,-65.064,19.919,-45.993,1.724,-62.744,39.152,-116.341,-1.313,-116.053,-46.291,-92.098,0.208,-37.214,,"-라후이-",-0.289,-17.835,,"Ainy4／あいにゃ",-22.56,-50.163,,"낑깡__",-13.086,-65.599,,"Slaris",19.757,-45.887,,"즉석카레",7.294,-64.025,,"メリニット",39.049,-116.474,,"아침땅_",-2.152,-116.006,,"なおｐ--",-46.292,-92.093,,,,,,,,3563.93,-20.206,-48.246,,,,,,,,,,,,,,,,,,,,,,,,,,,,,,,,,,,,,,,,,,,,,,"",1,,,,,,,,,,,,,0,"Ainy4／あいにゃ",,,,4,""
112,SIDE,4,1,5,1,0,0,2,0,1,0,255,7,255,,3566.514,,,,,,,,,,,,,,,,,,,,,,,,2,"=","=","=","=","=","=","=","=","=",,,,,,,,,,,,,,,,,,,,,,,,,,,,,,,,,,,,,,,0,0,,,,,,,,,,,,,,,,,,,,,,,,,,,,,,,,,,,,,,,,,,,,,,,,,,,,,,,,,,,,,,,,,,,,,,,,,,,,,,,,,,,,,,,,,,,,,,,,,,,,,,,,,,,,,,,,,,,,,,,,,,,,,,,,,,,,,,,,,,,,,,,,,"",0,,,,,,,,,,,,,0,"",,,,0,""
113,,4,0,5,1,0,0,0,0,0,0,255,255,255,42,3615.962,"しろくま。",R,26,88,140,-0.105,0.538,0.127,1.452,-0.152,1.79,-36.454,3.393,39,61,0,2,"",78.683,-200,25.754,0,0,2,"-라후이-","Slaris","Ainy4／あいにゃ","なおｐ--","メリニット","Kenomo","낑깡__","즉석카레","아침땅_",2,L,"Ainy4／あいにゃ",190,85,0.512,5,28,W,Y,1,3617.03,133,73,88,57,13,,138,131,27.71,-55.806,-0.02,1.213,-20.042,0.49,0,0.517,492.135,-82.736,333.104,,,,,,,,,0,0,,,,,,,,,,,,,,,,,,,,,,,,,,,,,,,,,,,,,,-0.081,-37.933,-0.153,-17.756,-21.457,-49.047,-11.798,-64.529,23.698,-52.02,13.223,-64.264,47.256,-103.347,10.26,-116.67,-35.311,-101.761,-0.495,-37.386,,"Megu3568",-0.159,-17.77,,"濃いめのラー油",-21.562,-48.829,,"Muna_328",-11.387,-64.702,,"kotatu_yowai",23.663,-51.883,,"schmoneymikey",13.231,-64.042,,"하루（Haru）",47.247,-103.333,,"うよすま",10.285,-116.652,,"Sabo_10",-35.295,-101.715,,,,,,,,,,,,,,,,,,,,,,,,,,,,,,,,,,,,,,,,,,,,,,,,,,,,,,,,"",3,-57.802,-52.6,-12.826,0.419,1,0.648,64.471,49.627,6.102,86.563,0.062,-96.43,0,"",,,,0,""
114,,4,0,5,1,0,1,0,0,0,0,255,255,255,43,3637.532,"しろくま。",R,14,67,109,2.218,-0.215,0.301,1.46,0.471,2.011,-36.454,6.454,63,37,0,1,"",264.671,400,14.01,0,0,2,"=","=","=","=","=","=","=","=","=",2,L,"Ainy4／あいにゃ",190,85,0.512,,28,W,Y,0,,,,,,,,,,,,,,,,,,,,,,,,,,,,,0,0,,,,,,,,,,,,,,,,,,,,,,,,,,,,,,,,,,,,,,0.043,-37.958,0.332,-17.737,-21.433,-48.989,-11.786,-64.407,24.041,-51.261,13.296,-64.379,48.268,-100.815,11.032,-118.404,-36.661,-101.807,,,,"",,,,"",,,,"",,,,"",,,,"",,,,"",,,,"",,,,"",,,,,,,,,,,,,,,,,,,,,,,,,,,,,,,,,,,,,,,,,,,,,,,,,,,,,,,,,,"",0,,,,,,,,,,,,,0,"",,,,0,""
115,,4,0,5,1,1,1,0,0,0,0,255,255,255,44,3655.29,"しろくま。",R,26,95,140,-1.167,-1.326,0.079,1.086,-0.497,0.624,-36.454,28.015,50,20,30,1,"",-13.304,-200,66.957,0,0,2,"=","=","=","=","=","=","=","=","=",2,L,"Ainy4／あいにゃ",190,85,0.512,,28,W,Y,0,,,,,,,,,,,,,,,,,,,,,,,,,,,,,0,0,,,,,,,,,,,,,,,,,,,,,,,,,,,,,,,,,,,,,,-0.152,-38.113,-0.191,-18.013,-21.378,-48.987,-12.044,-64.483,23.88,-51.394,13.927,-63.812,48.642,-100.641,11.303,-118.038,-37.112,-101.569,,,,"",,,,"",,,,"",,,,"",,,,"",,,,"",,,,"",,,,"",,,,,,,,,,,,,,,,,,,,,,,,,,,,,,,,,,,,,,,,,,,,,,,,,,,,,,,,,,"",0,,,,,,,,,,,,,0,"",,,,0,""
116,,4,0,5,1,2,1,0,0,0,0,255,255,255,45,3671.431,"しろくま。",R,26,85,138,0.273,1.034,0.181,1.568,-0.1,2.097,-36.454,11.819,43,57,0,2,"",156.723,-200,18.442,0,0,2,"=","=","=","=","=","=","=","=","=",2,L,"Ainy4／あいにゃ",190,85,0.512,5,28,W,Y,1,3672.489,134,38,103,36,14,,139,101,39.917,-44.601,0.052,1.405,-20.066,0.95,0,0.419,433.724,26.116,400.533,3656.063,56.937,-78.257,3656.397,6,56.788,0.591,-78.097,1,0,,3678.321,,,,,,,,,,,,,,,,,,,,,,,,,,,,,,,,,,,,-0.062,-38.007,-0.167,-17.787,-21.491,-48.983,-11.906,-64.387,23.914,-51.274,13.217,-64.241,48.744,-101.082,11.024,-118.4,-37.132,-101.538,0.368,-36.964,,"Megu3568",-0.173,-17.81,,"濃いめのラー油",-21.417,-49,,"Muna_328",-11.883,-64.378,85,"kotatu_yowai",23.833,-51.31,,"schmoneymikey",13.163,-64.106,,"하루（Haru）",48.74,-101.075,95,"うよすま",10.308,-118.087,,"Sabo_10",-37.138,-101.526,,3686.707,0.037,-41.465,,,,,,,3683.062,0.439,-58.857,,,,,,,3678.819,57.246,-78.617,,,,,,,,,,,,,,,,3685.727,0.28,-57.598,,,,,,,3680.347,51.661,-75.122,,,,,,,"",2,-44.646,-44.646,-16.096,0,2,0.057,72.594,64.966,25.41,75.673,0.07,-91.741,0,"하루（Haru）",,,,41,""
117,,4,0,5,1,0,0,0,1,0,0,12,255,255,46,3704.49,"しろくま。",R,26,85,138,1.105,-0.924,0.296,1.109,0.447,0.875,-36.454,20.466,45,55,0,2,"",23.464,-200,65.285,0,0,3,"=","=","=","=","=","=","=","=","=",8,R,"なおｐ--",190,89.787,0.405,3,27,W,Y,1,3705.473,255,147,86,88,57,,145,102,42.539,32.76,0.116,0.77,-20.372,-0.26,0,0.311,275.133,346.158,330.52,3688.147,-51.837,-82.968,3688.197,8,-50.902,1.527,-81.955,0,0,,3711.52,,,,,,,,,,3733.287,,,3710.973,3,,457,0,,,,,,,,,,,,,,,,,,,0.166,-37.791,0.246,-17.709,-18.806,-39.208,-16.66,-61.808,20.274,-49.109,6.557,-63.919,49.427,-104.751,-4.797,-113.788,-50.718,-101.95,0.565,-36.739,,"Megu3568",0.188,-17.909,,"濃いめのラー油",-17.34,-41.424,85,"Muna_328",-16.192,-61.706,,"kotatu_yowai",20.303,-49.316,,"schmoneymikey",6.334,-63.599,,"하루（Haru）",48.574,-105.282,,"うよすま",-4.756,-113.734,,"Sabo_10",-50.622,-101.642,107,3718.886,-2.291,-41.868,,,,3713.898,-19.594,-40.151,,,,,,,,,,,,,,,,3710.983,-51.072,-82.393,,,,,,,3718.008,-16.504,-38.727,,,,,,,,,,,,,,,,3711.601,-50.154,-81.223,"",1,,,,,,,,,,,,,0,"Sabo_10",,,,69,""
118,,4,0,5,1,0,0,1,1,0,0,12,255,255,47,3733.349,"しろくま。",R,26,75,126,2.396,1.524,0.377,1.531,0.823,2.29,-36.454,7.84,54,46,0,1,"",138.522,-200,22.624,0,0,4,"=","=","=","=","=","=","=","=","=",6,R,"メリニット",175.1,89.637,0.502,,27,W,Y,0,,,,,,,,,,,,,,,,,,,,,,,,,,,,,0,0,,,,,,,,,,,,3750.924,,,,,,,,,,,,,,,,,,,,,,,,,,0.066,-38.088,0.276,-17.694,-18.768,-39.222,-16.017,-59.766,19.708,-47.519,6.256,-63.635,40.245,-107.369,-7.107,-116.032,-48.874,-99.186,,,,"",,,,"",,,,"",,,,"",,,,"",,,,"",,,,"",,,,"",,,,3741.515,-0.536,-38.071,,,,,,,,,,,,,,,,,,,,,,,,,,,,,,,,,,,,,,,,,,,,,,,,,,,,"",0,,,,,,,,,,,,,0,"",,,,0,""
119,,4,0,5,1,1,0,1,1,0,0,12,255,255,48,3751.071,"しろくま。",R,13,80,118,-2.751,-0.432,0.08,1.381,-0.557,1.763,-36.454,12.365,38,62,0,1,"",-388.151,315.181,8.773,0,0,4,"=","=","=","=","=","=","=","=","=",6,R,"メリニット",175.1,89.637,0.502,,27,W,Y,0,,,,,,,,,,,,,,,,,,,,,,,,,,,,,0,0,,,,,,,,,,,,3773.988,,,,,,,,,,,,,,,,,,,,,,,,,,-0.023,-38.059,-0.524,-17.677,-18.547,-39.447,-16.244,-60.567,19.292,-47.289,7.041,-63.327,40.475,-108.381,-6.164,-114.526,-48.873,-99.279,,,,"",,,,"",,,,"",,,,"",,,,"",,,,"",,,,"",,,,"",,,,3761.197,-0.464,-38.26,,,,,,,,,,,,,,,,,,,,,,,,,,,,,,,,,,,,,,,,,,,,,,,,,,,,"",0,,,,,,,,,,,,,0,"",,,,0,""
120,,4,0,5,1,2,0,1,1,0,0,12,255,255,49,3774.028,"しろくま。",R,26,83,135,1.787,1.467,0.318,1.526,0.551,2.273,-36.454,5.565,59,41,0,4,"",156.44,-200,19.926,0,0,4,"=","=","=","=","=","=","=","=","=",6,R,"メリニット",175.1,89.637,0.502,,27,W,Y,1,,,,,,,,,,,,,,,,,,,,,,,,,,,,,0,0,,,,,,,,,,,,3807.679,,,,,,,,,,,,,,,,,,3777.286,2,,,,,,,0.144,-38.084,0.236,-17.782,-18.708,-39.334,-15.987,-60.607,19.726,-48.285,7.127,-63.051,40.54,-108.542,-6.26,-115.066,-49.071,-96.861,,,118,"",,,,"",,,,"",,,,"",,,,"",,,,"",,,,"",,,,"",,,,3782.402,-1.076,-38.451,,,,,,,,,,,,,,,,,,,,,,,,,3795.438,-2.214,-38.468,,,,,,,,,,,,,,,,,,,,,,,,,"",0,,,,,,,,,,,,,0,"",,,,0,""
121,,4,0,5,1,2,1,1,1,0,0,12,255,255,50,3807.714,"しろくま。",R,26,84,136,0.751,1.012,0.223,1.452,0.108,2.013,-36.454,1.587,41,59,0,2,"",158.806,-200,30.249,0,0,4,"=","=","=","=","=","=","=","=","=",6,R,"メリニット",175.1,89.637,0.502,5,27,W,Y,1,3808.794,145,37,142,83,51,,145,105,25.97,69.668,0.145,1.252,-19.881,0.91,0,0.247,209.849,-68.663,-351.102,3790.664,-85.691,-52.741,,,,,,0,0,,,,,,,,,,,,,,,,,,,,,,,,,,,,,,,,,,,,,,0.053,-38.037,0.234,-17.812,-18.472,-39.288,-16.704,-60.673,20.251,-48.897,6.555,-63.184,40.509,-108.319,-5.887,-113.24,-47.876,-96.875,-0.292,-36.838,,"Megu3568",0.195,-17.875,,"濃いめのラー油",-17.906,-40.99,,"Muna_328",-16.701,-60.662,,"kotatu_yowai",19.72,-49.067,,"schmoneymikey",6.007,-62.901,,"하루（Haru）",40.51,-108.341,,"うよすま",-5.867,-113.21,,"Sabo_10",-47.618,-96.976,,,,,,,,,,,,,,,,,,,,,,,,,,,,,,,,,,,,,,,,,,,,,,,,,,,,,,,,"",3,100.23,69.284,29.718,1,1,0.63,50.174,34.038,69.914,50.352,0.044,142.083,0,"",,,,0,""
122,,4,0,5,1,2,2,1,1,0,0,12,255,255,51,3826.167,"しろくま。",R,26,83,134,-2.437,0.209,-0.043,1.319,-1.132,1.545,-36.454,9.7,50,50,0,2,"",53.201,-200,38.007,0,0,4,"=","=","=","=","=","=","=","=","=",6,R,"メリニット",175.1,89.637,0.502,5,27,W,Y,1,3827.196,165,83,118,115,55,,145,99,-2.326,44.103,-0.457,0.997,-20.123,0.96,0,0.124,193.679,-80.466,-97.931,3804.397,-9.343,-29.335,3805.28,2,-18.759,0.055,-38.538,0,0,,,,,3831.766,,,,,,,3826.2,,,,,,,,,,,,,,,,,,3829.178,2,,,,,,,0.036,-37.998,-0.497,-17.693,-18.525,-39.304,-16.773,-60.973,20.76,-48.495,5.929,-63.476,39.446,-109.757,-9.593,-118.883,-50.269,-94.007,-0.474,-37.266,,"Megu3568",-0.536,-17.88,,"濃いめのラー油",-17.991,-41.231,90,"Muna_328",-16.515,-60.8,,"kotatu_yowai",19.301,-49.134,,"schmoneymikey",5.413,-62.993,85,"하루（Haru）",38.223,-110.188,,"うよすま",-9.526,-117.485,,"Sabo_10",-50.281,-94.014,,3835.968,-0.532,-42.245,,,,3828.611,-19.388,-39.133,,,,,,,3831.224,-0.783,-58.964,,,,,,,,,,,,,,,,3829.996,-18.011,-43.323,,,,,,,3835.007,-3.599,-54.065,,,,,,,,,,"",3,45.307,45.307,17.66,0,2,0.312,-3.528,-2.326,-11.559,-4.595,0.004,53.852,0,"濃いめのラー油",,,,193,""
123,,4,0,5,1,2,2,1,1,0,0,12,255,255,52,3847.143,"しろくま。",R,26,77,128,2.055,1.55,0.34,1.536,0.65,2.309,-36.454,10.656,59,41,0,4,"",157.743,-200,19.557,0,0,4,"=","=","=","=","=","=","=","=","=",6,R,"メリニット",175.1,89.637,0.502,,27,W,Y,1,,,,,,,,,,,,,,,,,,,,,,,,,,,,,0,16,,,,,,,,,,,,,,,3849.82,4,,578,0,,,,,,,,,,,,,,,,,3849.332,1,0.045,-38.163,0.357,-17.641,-18.638,-39.275,-16.88,-59.218,20.534,-49.399,6.06,-64.573,37.125,-105.433,-6.05,-115.281,-47.901,-92.919,,,,"",,,,"",,,,"",,,,"",,,,"",,,,"",,,,"",,,,"",,,,3854.662,-0.014,-37.129,,,,,,,,,,,,,,,,,,,,,,,,,,,,,,,,,,,,,,,,,,,,,,,,,,,,"",0,,,,,,,,,,,,,0,"",,,,0,""
124,,4,0,5,1,0,0,2,1,0,0,12,255,255,53,3868.716,"しろくま。",R,13,74,113,-2.2,0.024,0.14,1.465,-0.277,2.026,-36.454,11.774,39,61,0,4,"",-390.434,312.348,3.139,0,0,5,"=","=","=","=","=","=","=","=","=",0,R,"Kenomo",190,80,0.449,,27,W,Y,1,,,,,,,,,,,,,,,,,,,,,,,,,,,,,0,0,,,,,,,,,,,,3868.776,,,,,,,,,,,,,,,,,,,,,,,,,,0.029,-38.008,-0.432,-17.684,-18.639,-39.347,-16.67,-60.458,20.601,-49.743,7.969,-65.48,37.168,-109.938,-8.383,-117.23,-50.211,-96.365,,,,"",,,,"",,,,"",,,,"",,,,"",,,,"",,,,"",,,,"",,,,3875.815,-0.236,-38.447,,,,,,,,,,,,,,,,,,,,,,,,,,,,,,,,,,,,,,,,,,,,,,,,,,,,"",0,,,,,,,,,,,,,0,"",,,,0,""
125,,4,0,5,1,0,1,2,1,0,0,12,255,255,54,3886.023,"しろくま。",R,26,81,132,1.339,0.81,0.285,1.441,0.396,1.949,-36.454,5.161,45,55,0,2,"",129.988,-200,37.547,0,0,5,"=","=","=","=","=","=","=","=","=",0,R,"Kenomo",190,80,0.449,5,89,W,Y,1,3887.113,173,42,90,43,1,,143,95,36.11,31.296,0.256,1.312,-19.806,-0.66,0,0.317,578.7,114.747,-109.271,3868.263,-42.325,-84.025,3868.43,8,-41.145,2.315,-82.279,0,0,,,,,,3891.541,,,,,,,,,3892.783,5,,457,0,,,,,,,,,,,,,,,,,,,0.13,-38.065,0.215,-17.94,-18.532,-39.598,-16.236,-60.999,20.911,-49.757,8.068,-65.733,38.746,-108.274,-5.148,-115.012,-45.631,-94.793,0.366,-36.781,,"Megu3568",0.146,-18.19,,"濃いめのラー油",-17.446,-40.302,,"Muna_328",-16.165,-60.991,,"kotatu_yowai",20.408,-50.158,,"schmoneymikey",7.357,-65.018,,"하루（Haru）",38.744,-108.275,,"うよすま",-5.057,-114.98,,"Sabo_10",-45.435,-95.079,91,,,,,,,,,,,,,,,,,,,,,,,,,3892.793,-41.308,-82.663,,,,,,,,,,,,,,,,,,,,,,,,,3895.652,-38.545,-79.593,"",1,30.645,30.645,10.427,0,2,0.255,80.696,36.11,-1.89,86.083,0.073,-169.521,0,"Sabo_10",3891.541,,,4,""
126,SIDE,4,0,5,1,0,0,2,1,0,0,12,255,255,,3895.959,,,,,,,,,,,,,,,,,,,,,,,,6,"=","=","=","=","=","=","=","=","=",,,,,,,,,,,,,,,,,,,,,,,,,,,,,,,,,,,,,,,0,0,,,,,,,,,,,,,,,,,,,,,,,,,,,,,,,,,,,,,,,,,,,,,,,,,,,,,,,,,,,,,,,,,,,,,,,,,,,,,,,,,,,,,,,,,,,,,,,,,,,,,,,,,,,,,,,,,,,,,,,,,,,,,,,,,,,,,,,,,,,,,,,,,"",0,,,,,,,,,,,,,0,"",,,,0,""
127,,5,1,5,1,0,0,0,0,0,0,255,255,255,65,3952.785,"Kenomo",R,8,52,106,2.223,-1.304,0.356,1.349,0.725,0.836,-36.44,18.685,56,44,0,1,"",122.539,5.375,15.488,0,0,2,"しろくま。","Megu3568","Sabo_10","하루（Haru）","kotatu_yowai","Muna_328","濃いめのラー油","schmoneymikey","うよすま",8,L,"Sabo_10",185.3,90,0.502,,27,W,Y,0,,,,,,,,,,,,,,,,,,,,,,,,,,,,,0,0,,,,,,,,,,,,,,,,,,,,,,,,,,,,,,,,,,,,,,0.069,-37.73,0.151,-17.99,-21.704,-50.298,-10.63,-65.943,20.818,-47.882,13.827,-63.83,48.411,-103.607,0.223,-114.33,-43.176,-92.567,,,,"",,,,"",,,,"",,,,"",,,,"",,,,"",,,,"",,,,"",,,,,,,,,,,,,,,,,,,,,,,,,,,,,,,,,,,,,,,,,,,,,,,,,,,,,,,,,,"",0,,,,,,,,,,,,,0,"",,,,0,""
128,,5,1,5,1,1,0,0,0,0,0,255,255,255,66,3988.34,"Kenomo",R,28,84,136,0.129,-1.631,0.19,1.262,-0.049,0.545,-36.44,10.808,33,67,0,1,"",71.614,-77.583,7.754,0,0,2,"=","=","=","=","=","=","=","=","=",8,L,"Sabo_10",185.3,90,0.502,,27,W,Y,0,,,,,,,,,,,,,,,,,,,,,,,,,,,,,0,0,,,,,,,,,,,,,,,,,,,,,,,,,,,,,,,,,,,,,,0.087,-37.823,0.108,-17.948,-21.664,-50.343,-10.568,-65.978,20.927,-47.892,13.735,-63.342,48.165,-100.025,0.977,-115.065,-43.118,-92.355,,,,"",,,,"",,,,"",,,,"",,,,"",,,,"",,,,"",,,,"",,,,,,,,,,,,,,,,,,,,,,,,,,,,,,,,,,,,,,,,,,,,,,,,,,,,,,,,,,"",0,,,,,,,,,,,,,0,"",,,,0,""
129,,5,1,5,1,2,0,0,0,0,0,255,255,255,67,4008.14,"Kenomo",R,26,78,129,-0.585,-2.52,0.139,1.037,-0.282,-0.2,-36.44,27.349,36,27,37,1,"",15.586,-200,21.908,0,0,2,"=","=","=","=","=","=","=","=","=",8,L,"Sabo_10",185.3,90,0.502,,27,W,Y,0,,,,,,,,,,,,,,,,,,,,,,,,,,,,,0,0,,,,,,,,,,,,,,,,,,,,,,,,,,,,,,,,,,,,,,0.093,-37.825,0.153,-17.885,-21.624,-50.3,-11.169,-65.805,20.718,-47.877,13.896,-63.705,48.643,-100.328,0.685,-115.619,-43.16,-92.489,,,,"",,,,"",,,,"",,,,"",,,,"",,,,"",,,,"",,,,"",,,,,,,,,,,,,,,,,,,,,,,,,,,,,,,,,,,,,,,,,,,,,,,,,,,,,,,,,,"",0,,,,,,,,,,,,,0,"",,,,0,""
130,,5,1,5,1,3,0,0,0,0,0,255,255,255,68,4029.795,"Kenomo",R,33,83,134,-0.12,-0.435,0.152,1.487,-0.223,1.293,-36.44,4.268,37,63,0,0,"",117.737,-54.97,8.637,0,0,2,"=","=","=","=","=","=","=","=","=",8,L,"Sabo_10",185.3,90,0.502,,27,W,Y,0,,,,,,,,,,,,,,,,,,,,,,,,,,,,,0,0,,,,,,,,,,,,,,,,,,,,,,,,,,,,,,,,,,,,,,0.063,-37.763,0.166,-18.057,-21.443,-50.427,-11.221,-65.725,21.035,-47.627,14.201,-63.458,51.902,-102.469,1.641,-116.399,-43.851,-91.981,,,,"",,,,"",,,,"",,,,"",,,,"",,,,"",,,,"",,,,"",,,,,,,,,,,,,,,,,,,,,,,,,,,,,,,,,,,,,,,,,,,,,,,,,,,,,,,,,,"",0,,,,,,,,,,,,,0,"",,,,0,""
131,,5,1,5,1,3,1,0,0,0,0,255,255,255,69,4046.284,"Kenomo",R,6,53,87,1.391,0.06,0.14,1.627,-0.186,1.724,-36.44,11.002,100,0,0,0,"",327.903,26.958,18.488,0,0,2,"=","=","=","=","=","=","=","=","=",8,L,"Sabo_10",185.3,90,0.502,,27,W,Y,1,,,,,,,,,,,,,,,,,,,,,,,,,,,,,0,0,,,,,,,,,,,,,,,,,,,,,,,,,,,,,,,,,,,,,,0.066,-37.892,0.161,-17.956,-21.652,-50.282,-11.546,-65.758,20.677,-48.009,14.2,-63.487,51.114,-99.489,-0.101,-116.432,-43.768,-92.181,,,,"",,,,"",,,,"",,,,"",,,,"",,,,"",,,,"",,,,"",,,,,,,,,,,,,,,,,,,,,,,,,,,,,,,,,,,,,,,,,,,,,,,,,,,,,,,,,,"",0,,,,,,,,,,,,,0,"",,,,0,""
132,,5,1,5,1,3,2,0,0,0,0,255,255,255,70,4064.139,"Kenomo",R,14,53,86,1.174,-0.887,0.135,1.608,-0.201,1.682,-36.44,8.796,70,30,0,0,"",291.556,333.062,19.458,0,0,2,"=","=","=","=","=","=","=","=","=",8,L,"Sabo_10",185.3,90,0.502,,27,W,Y,1,,,,,,,,,,,,,,,,,,,,,,,,,,,,,0,0,,,,,,,,,,,,,,,4066.883,2,,578,0,,,,,,,,,,,,,,,,,,,0.091,-37.886,0.199,-17.84,-21.663,-50.29,-11.092,-65.709,22.287,-48.015,14.653,-63.515,50.905,-99.857,0.065,-116.441,-43.78,-92.151,,,,"",,,,"",,,,"",,,,"",,,,"",,,,"",,,,"",,,,"",,,,,,,,,,,,,,,,,,,,,,,,,,,,,,,,,,,,,,,,,,,,,,,,,,,,,,,,,,"",0,,,,,,,,,,,,,0,"",,,,0,""
133,,5,1,5,1,0,0,1,0,0,0,255,255,255,71,4088.984,"Kenomo",R,33,80,130,2.528,-0.219,0.347,1.565,0.921,1.416,-36.44,20.809,77,23,0,1,"",116.43,-58.347,8.531,0,0,3,"=","=","=","=","=","=","=","=","=",6,L,"하루（Haru）",174.8,85,0.354,,27,W,Y,0,,,,,,,,,,,,,,,,,,,,,,,,,,,,,0,0,,,,,,,,,,,,,,,,,,,,,,,,,,,,,,,,,,,,,,0.062,-37.97,0.157,-17.96,-21.655,-49.16,-11.35,-65.634,22.215,-47.946,13.941,-63.742,46.003,-94.551,0.021,-114.336,-43.776,-92.187,,,,"",,,,"",,,,"",,,,"",,,,"",,,,"",,,,"",,,,"",,,,,,,,,,,,,,,,,,,,,,,,,,,,,,,,,,,,,,,,,,,,,,,,,,,,,,,,,,"",0,,,,,,,,,,,,,0,"",,,,0,""
134,,5,1,5,1,1,0,1,0,0,0,255,255,255,72,4104.973,"Kenomo",R,14,58,89,1.833,-1.405,0.19,1.543,0.084,1.496,-36.44,5.762,58,42,0,1,"",286.026,353.591,29.367,0.473,-18.409,3,"=","=","=","=","=","=","=","=","=",6,L,"하루（Haru）",174.8,85,0.354,,27,W,Y,0,,,,,,,,,,,,,,,,,,,,,,,,,,,,,0,0,,,,,,,,,,,,,,,,,,,,,,,,,,,,,,,,,,,,,,0.078,-37.849,0.126,-17.938,-21.645,-49.186,-11.506,-65.673,21.977,-48.348,14.301,-63.717,46.471,-93.595,0.339,-114.999,-43.769,-92.186,,,,"",,,,"",,,,"",,,,"",,,,"",,,,"",,,,"",,,,"",,,,,,,,,,,,,,,,,,,,,,,,,,,,,,,,,,,,,,,,,,,,,,,,,,,,,,,,,,"",0,,,,,,,,,,,,,0,"",,,,0,""
135,,5,1,5,1,2,0,1,0,0,0,255,255,255,73,4124.983,"Kenomo",R,33,85,138,0.231,-0.173,0.186,1.537,-0.063,1.446,-36.44,9.039,37,63,0,0,"",116.815,-62.105,10.155,0,0,3,"=","=","=","=","=","=","=","=","=",6,L,"하루（Haru）",174.8,85,0.354,,27,W,Y,0,,,,,,,,,,,,,,,,,,,,,,,,,,,,,0,0,,,,,,,,,,,,,,,,,,,,,,,,,,,,,,,,,,,,,,0.112,-37.852,-0.004,-17.836,-21.65,-49.148,-11.416,-65.703,21.978,-48.031,14.279,-63.671,46.564,-93.836,0.181,-115.029,-43.774,-92.195,,,,"",,,,"",,,,"",,,,"",,,,"",,,,"",,,,"",,,,"",,,,,,,,,,,,,,,,,,,,,,,,,,,,,,,,,,,,,,,,,,,,,,,,,,,,,,,,,,"",0,,,,,,,,,,,,,0,"",,,,0,""
136,,5,1,5,1,2,1,1,0,0,0,255,255,255,74,4142.583,"Kenomo",R,34,82,133,-0.146,-0.774,0.155,1.44,-0.21,1.105,-36.44,3.222,43,57,0,2,"",99.982,-51.989,6.819,0,0,3,"=","=","=","=","=","=","=","=","=",6,L,"하루（Haru）",174.8,85,0.354,5,27,W,Y,1,4143.682,137,255,90,69,34,,140,106,-30,-63.096,-0.03,0.629,-19.63,0.94,0,0.216,-284.127,149.129,-133.632,4118.014,0.845,-20.074,,,,,,0,0,,,,,,,,,,,,,,,,,,,,,,,,,,,,,,,,,,,,,,0.083,-37.952,-0.155,-17.968,-21.652,-49.171,-11.811,-65.437,21.836,-48.105,14.412,-63.627,49.612,-96.713,1.618,-115.725,-43.776,-92.235,0.197,-37.238,,"-라후이-",-0.14,-17.968,,"Ainy4／あいにゃ",-21.607,-48.997,,"낑깡__",-11.759,-66.124,,"Slaris",21.61,-47.972,,"즉석카레",14.326,-63.581,,"メリニット",49.62,-96.699,,"아침땅_",1.627,-115.723,,"なおｐ--",-43.781,-92.223,,,,,,,,,,,,,,,,,,,,,,,,,,,,,,,,,,,,,,,,,,,,,,,,,,,,,,,,"",3,-64.339,-61.159,-17.159,0.491,0,1,-35.084,-35.084,-79.4,-35.084,0,-75.795,0,"",,,,0,""
137,,5,1,5,1,2,2,1,0,0,0,255,255,255,75,4161.028,"Kenomo",R,14,56,88,0.884,-0.989,0.072,1.599,-0.397,1.662,-36.44,9.029,55,45,0,0,"",312.348,312.348,28.398,0,0,3,"=","=","=","=","=","=","=","=","=",6,L,"하루（Haru）",174.8,85,0.354,,27,W,Y,1,,,,,,,,,,,,,,,,,,,,,,,,,,,,,0,0,,,,,,,,,,,,,,,4164.025,3,,578,0,,,,,,,,,,,,,,,,,,,0.019,-37.849,0.226,-17.991,-21.441,-49.161,-11.409,-65.681,21.969,-47.572,14.285,-63.936,49.537,-95.135,0.799,-115.18,-43.799,-92.217,,,,"",,,,"",,,,"",,,,"",,,,"",,,,"",,,,"",,,,"",,,,,,,,,,,,,,,,,,,,,,,,,,,,,,,,,,,,,,,,,,,,,,,,,,,,,,,,,,"",0,,,,,,,,,,,,,0,"",,,,0,""
138,,5,1,5,1,0,0,2,0,0,0,255,255,255,76,4185.938,"Kenomo",R,13,68,98,-1.958,-1.277,0.123,1.449,-0.239,1.337,-36.44,3.706,49,51,0,4,"",-292.372,338.013,7.476,-0.561,-17.551,4,"=","=","=","=","=","=","=","=","=",4,R,"kotatu_yowai",190,90.416,0.599,,27,W,Y,1,,,,,,,,,,,,,,,,,,,,,,,,,,,,,0,0,,,,,,,,,,,,,,,,,,,,,,,,,,,,,,,,,,,,,,0.033,-37.749,-0.293,-18.1,-21.447,-48.471,-12.45,-65.326,21.881,-47.595,7.336,-66.488,44.001,-113.277,-0.46,-117.3,-44.066,-91.73,,,,"",,,,"",,,,"",,,,"",,,,"",,,,"",,,,"",,,,"",,,,,,,,,,,,,,,,,,,,,,,,,,,,,,,,,,,,,,,,,,,,,,,,,,,,,,,,,,"",0,,,,,,,,,,,,,0,"",,,,0,""
139,,5,1,5,1,0,1,2,0,0,0,255,255,255,77,4204.76,"Kenomo",R,13,71,99,-1.253,-1.131,0.196,1.505,0.148,1.412,-36.44,8.15,46,54,0,4,"",-335.869,332.762,6.127,0,0,4,"=","=","=","=","=","=","=","=","=",4,R,"kotatu_yowai",190,90.416,0.599,,27,W,Y,1,,,,,,,,,,,,,,,,,,,,,,,,,,,,,0,0,,,,,,,,,,,,,,,,,,,,,,,,,,,,,,,,,,,,,,0.043,-37.759,-0.242,-18.032,-21.486,-48.498,-12.168,-65.23,21.707,-47.796,7.653,-66.371,44.262,-111.944,-0.515,-117.252,-44.724,-91.355,,,,"",,,,"",,,,"",,,,"",,,,"",,,,"",,,,"",,,,"",,,,,,,,,,,,,,,,,,,,,,,,,,,,,,,,,,,,,,,,,,,,,,,,,,,,,,,,,,"",0,,,,,,,,,,,,,0,"",,,,0,""
140,,5,1,5,1,0,2,2,0,0,0,255,255,255,78,4223.37,"Kenomo",R,26,65,105,-1.972,-1.594,0.027,1.242,-1.118,0.444,-36.44,17.911,24,76,0,1,"",133.649,-173.107,1.418,0,0,4,"=","=","=","=","=","=","=","=","=",4,R,"kotatu_yowai",190,90.416,0.599,,27,W,Y,0,,,,,,,,,,,,,,,,,,,,,,,,,,,,,0,0,,,,,,,,,,,,,,,,,,,,,,,,,,,,,,,,,,,,,,0.054,-38.034,-0.31,-18.072,-21.495,-48.519,-12.116,-65.52,21.757,-47.778,7.649,-66.368,46.436,-110.02,0.147,-117.393,-44.77,-91.425,,,,"",,,,"",,,,"",,,,"",,,,"",,,,"",,,,"",,,,"",,,,,,,,,,,,,,,,,,,,,,,,,,,,,,,,,,,,,,,,,,,,,,,,,,,,,,,,,,"",0,,,,,,,,,,,,,0,"",,,,0,""
141,,5,1,5,1,1,2,2,0,0,0,255,255,255,79,4240.637,"Kenomo",R,13,69,98,-2.487,-1.547,0.07,1.376,-0.405,1.18,-36.44,5.259,43,57,0,1,"",-322.402,345.026,3.219,-0.628,-18.155,4,"=","=","=","=","=","=","=","=","=",4,R,"kotatu_yowai",190,90.416,0.599,,27,W,Y,0,,,,,,,,,,,,,,,,,,,,,,,,,,,,,0,0,,,,,,,,,,,,,,,,,,,,,,,,,,,,,,,,,,,,,,0.035,-37.852,-0.198,-18.098,-21.502,-48.525,-12.104,-65.373,21.873,-47.786,7.947,-66.411,46.212,-111.954,0.099,-117.573,-44.747,-91.405,,,,"",,,,"",,,,"",,,,"",,,,"",,,,"",,,,"",,,,"",,,,,,,,,,,,,,,,,,,,,,,,,,,,,,,,,,,,,,,,,,,,,,,,,,,,,,,,,,"",0,,,,,,,,,,,,,0,"",,,,0,""
142,,5,1,5,1,2,2,2,0,0,0,255,255,255,80,4255.36,"Kenomo",R,38,58,100,-0.965,-1.059,0.109,1.364,-0.505,0.934,-36.44,3.94,41,59,0,1,"",39.27,-29.991,3.705,0,0,4,"=","=","=","=","=","=","=","=","=",4,R,"kotatu_yowai",190,90.416,0.599,,27,W,Y,0,,,,,,,,,,,,,,,,,,,,,,,,,,,,,0,0,,,,,,,,,,,,,,,,,,,,,,,,,,,,,,,,,,,,4258.095,1,0.02,-37.634,-0.107,-17.994,-21.488,-48.512,-11.9,-65.545,21.951,-47.596,7.957,-66.431,40.576,-115.86,-0.014,-117.32,-44.753,-91.406,,,,"",,,,"",,,,"",,,,"",,,,"",,,,"",,,,"",,,,"",,,,,,,,,,,,,,,,,,,,,,,,,,,,,,,,,,,,,,,,,,,,,,,,,,,,,,,,,,"",0,,,,,,,,,,,,,0,"",,,,0,""
143,,5,1,5,1,3,2,2,0,0,0,255,255,255,81,4279.504,"Kenomo",R,13,70,98,-1.112,-1.276,0.265,1.449,0.201,1.338,-36.44,8.291,47,53,0,2,"",-328.38,337.849,7.097,0,0,4,"=","=","=","=","=","=","=","=","=",4,R,"kotatu_yowai",190,90.416,0.599,5,27,W,Y,1,4280.674,173,65,78,49,27,,139,130,-11.562,18.848,-0.223,0.494,-20.162,0.66,0,0.181,-13.478,-9.483,4.65,4253.53,-0.899,-22.142,4255.38,3,-16.067,0.056,-66.587,0,0,,4286.477,,,,,,,,,,,,,4285.131,4,,147,64,,,,,,,,,,,,,,,,,,,0.087,-37.849,-0.043,-17.765,-21.496,-48.527,-11.785,-65.373,20.554,-48.121,8.428,-66.108,42.717,-113.763,-0.921,-117.289,-44.756,-91.428,0.138,-36.869,,"-라후이-",-0.127,-17.758,,"Ainy4／あいにゃ",-21.433,-48.332,,"낑깡__",-11.953,-65.933,104,"Slaris",20.703,-47.827,,"즉석카레",8.553,-66.034,,"メリニット",42.72,-113.761,,"아침땅_",-1.21,-117.278,,"なおｐ--",-44.764,-91.423,,,,,,,,4284.509,-19.292,-40.739,4282.63,-16.379,-67.528,,,,,,,,,,,,,,,,,,,,,,,,,4283.403,-16.909,-64.771,,,,,,,,,,,,,,,,"",2,22.097,22.097,8.477,0,2,0.239,-18.318,-11.562,-31.763,-18.269,0.023,44.981,0,"낑깡__",,,,68,""
144,SIDE,5,1,5,1,0,0,2,0,0,0,255,255,255,,4287.12,,,,,,,,,,,,,,,,,,,,,,,,5,"=","=","=","=","=","=","=","=","=",,,,,,,,,,,,,,,,,,,,,,,,,,,,,,,,,,,,,,,0,0,,,,,,,,,,,,,,,,,,,,,,,,,,,,,,,,,,,,,,,,,,,,,,,,,,,,,,,,,,,,,,,,,,,,,,,,,,,,,,,,,,,,,,,,,,,,,,,,,,,,,,,,,,,,,,,,,,,,,,,,,,,,,,,,,,,,,,,,,,,,,,,,,"",0,,,,,,,,,,,,,0,"",,,,0,""
145,,5,0,5,1,0,0,0,0,0,0,255,255,255,55,4327.634,"しろくま。",R,10,82,123,0.012,-1.191,0.248,1.283,0.225,1.416,-36.454,9.883,51,49,0,2,"",-146.005,400,29.363,0,0,6,"-라후이-","Slaris","Ainy4／あいにゃ","なおｐ--","メリニット","Kenomo","낑깡__","즉석카레","아침땅_",3,R,"낑깡__",171.6,80,0.402,0,26,W,Y,1,4328.786,223,129,148,94,46,,145,85,-30,52.175,-0.219,0.379,-19.919,1,0.048,0.311,-213.075,481.137,288.282,4300.914,-0.926,-20.465,,,,,,0,0,,,,,,,,,,,,,,,,,,,,,,,,,,,,,,,,,,,,,,0.1,-38.061,0.221,-17.692,-21.386,-48.368,-17.316,-61.811,20.125,-49.515,8.257,-66.561,41.338,-104.797,-7.386,-112.651,-43.413,-93.757,-0.245,-37.048,,"Megu3568",0.125,-17.859,,"濃いめのラー油",-21.24,-48.408,,"Muna_328",-16.357,-60.67,,"kotatu_yowai",19.39,-49.935,,"schmoneymikey",7.104,-65.947,,"하루（Haru）",40.061,-105.501,,"うよすま",-6.647,-112.471,,"Sabo_10",-43.442,-93.742,,,,,,,,,,,,,,,,,,,,,,,,,,,,,,,,,,,,,,,,,,,,,,,,,,,,,,,,"",3,,,,,,,,,,,,,0,"",,,,0,""
146,,5,0,5,1,0,1,0,0,0,0,255,255,255,56,4345.334,"しろくま。",R,26,85,138,0.556,0.287,0.236,1.331,0.169,1.588,-36.454,9.424,52,48,0,0,"",51.575,-200,39.192,0,0,6,"=","=","=","=","=","=","=","=","=",3,R,"낑깡__",171.6,80,0.402,,81,W,Y,1,,,,,,,,,,,,,,,,,,,,,,,,,,,,,0,0,,,,,,,,,,,,,,,,,,,,,,,,,,,,,,,,,,,,,,0.049,-38.271,0.217,-17.817,-21.597,-48.683,-14.514,-61.163,21.829,-50.285,7.252,-63.428,34.408,-109.445,-6.896,-112.863,-48.728,-89.872,,,,"",,,,"",,,,"",,,,"",,,,"",,,,"",,,,"",,,,"",,,,,,,,,,,,,,,,,,,,,,,,,,,,,,,,,,,,,,,,,,,,,,,,,,,,,,,,,,"",0,,,,,,,,,,,,,0,"",,,,0,""
147,,5,0,5,1,0,2,0,0,0,0,255,255,255,57,4358.969,"しろくま。",R,10,75,115,-3.221,-1.683,0.039,1.352,-1.205,1.192,-36.454,5.921,41,59,0,4,"",-115.551,400,12.083,0,0,6,"=","=","=","=","=","=","=","=","=",3,R,"낑깡__",171.6,80,0.402,,81,W,Y,1,,,,,,,,,,,,,,,,,,,,,,,,,,,,,0,0,,,,,,,,,,,,,,,4361.683,6,,578,0,,,,,,,,,,,4364.477,2,,,,,,,0.015,-38.154,-0.423,-17.832,-21.778,-48.455,-14.431,-61.24,21.638,-50.456,7.301,-63.66,34.491,-109.196,-7.507,-113.025,-46.5,-91.627,,,,"",,,,"",,,,"",,,,"",,,,"",,,,"",,,,"",,,,"",,,,,,,,,,,,,,,,,,,,,,,,,,,,,,,,,,,,,,,,,,,,,,,,,,,,,,,,,,"",0,,,,,,,,,,,,,0,"",,,,0,""
148,,5,0,5,1,0,0,1,0,0,0,255,255,255,58,4383.102,"しろくま。",R,26,83,134,1.373,1.013,0.303,1.536,0.463,1.976,-36.454,6.57,57,43,0,2,"",91.053,-200,25.26,0,0,7,"=","=","=","=","=","=","=","=","=",5,R,"즉석카레",169.7,94.781,0.546,5,26,W,Y,1,4383.948,143,117,119,86,46,,145,87,40.511,-17.677,0.253,1.231,-20.685,-0.76,0,0.181,448.395,177.997,203.692,4361.03,17.406,-83.836,4361.914,6,18.534,1.094,-88.564,1,0,,4389.683,,,,,,,,,,,,,,,,,,,,,,,,,,,,,,,,,,,,0.028,-38.297,0.179,-17.703,-21.698,-48.527,-14.723,-60.261,19.199,-47.525,6.17,-61.842,35.553,-109.961,-6.798,-111.309,-43.566,-92.062,-0.159,-37.347,,"Megu3568",0.154,-17.74,,"濃いめのラー油",-21.736,-48.377,,"Muna_328",-14.192,-60.369,90,"kotatu_yowai",18.947,-47.984,,"schmoneymikey",6.02,-61.63,,"하루（Haru）",35.54,-109.944,95,"うよすま",-6.248,-111.042,,"Sabo_10",-43.566,-92.052,,4396.742,0.539,-42.295,,,,,,,4392.817,0.477,-60.168,,,,,,,4390.374,18.806,-89.04,,,,,,,,,,,,,,,,4395.815,0.216,-57.909,,,,,,,4391.427,14.574,-83.205,,,,,,,"",2,-17.746,-17.746,-4.015,0,2,0.356,84.268,40.511,2.511,86.983,0.068,-35.954,0,"하루（Haru）",,,,41,""
149,,5,0,5,1,0,0,1,1,0,0,15,255,255,59,4415.41,"しろくま。",R,32,84,136,0.115,-1.967,0.16,0.975,-0.185,0.301,-36.454,35.641,37,23,40,1,"",200.355,-200,60.333,0,0,8,"=","=","=","=","=","=","=","=","=",7,R,"아침땅_",170.2,86.571,0.5,,26,W,Y,0,,,,,,,,,,,,,,,,,,,,,,,,,,,,,0,0,,,,,,,,,,,,4421.038,,,,,,,,,,,,,,,,,,4432.251,2,,,,,,,0.035,-38.036,0.012,-17.687,-18.771,-39.329,-15.484,-61.046,17.8,-46.65,5.634,-63.522,39.618,-103.277,-5.572,-112.902,-43.177,-89.459,,,118,"",,,,"",,,,"",,,,"",,,,"",,,,"",,,,"",,,,"",,,,4421.345,-0.7,-37.847,,,,,,,,,,,,,,,,,,,,,,,,,4431.213,-2.046,-38.336,,,,,,,,,,,,,,,,,,,,,,,,,"",0,,,,,,,,,,,,,0,"",,,,0,""
150,,5,0,5,1,1,0,1,1,0,0,15,255,255,60,4455.809,"しろくま。",R,26,81,131,0.385,-0.027,0.21,1.278,0.045,1.395,-36.454,12.689,36,64,0,0,"",80.665,-200,19.938,0,0,8,"=","=","=","=","=","=","=","=","=",7,R,"아침땅_",170.2,86.571,0.5,,26,W,Y,0,,,,,,,,,,,,,,,,,,,,,,,,,,,,,0,0,,,,,,,,,,,,4455.898,,,,,,,,,,,,,,,,,,,,,,,,,,-0.041,-38.147,0.025,-17.708,-18.317,-39.266,-16.182,-60.882,18.207,-47.311,6.384,-62.575,38.963,-105.499,-6.16,-112.22,-44.368,-90.993,,,,"",,,,"",,,,"",,,,"",,,,"",,,,"",,,,"",,,,"",,,,4464.268,-2.454,-39.372,,,,,,,,,,,,,,,,,,,,,,,,,,,,,,,,,,,,,,,,,,,,,,,,,,,,"",0,,,,,,,,,,,,,0,"",,,,0,""
151,,5,0,5,1,1,1,1,1,0,0,15,255,255,61,4476.198,"しろくま。",R,26,83,135,1.522,0.429,0.311,1.44,0.452,1.653,-36.454,3.268,51,49,0,2,"",147.308,-200,24.002,0,0,8,"=","=","=","=","=","=","=","=","=",7,R,"아침땅_",170.2,86.571,0.5,5,26,W,Y,1,4477.281,77,106,115,43,18,,120,69,52.242,8.438,0.288,1.022,-19.914,-1,0.078,0.41,326.023,190.975,-364.769,,,,4453.28,3,-5.403,2.78,-57.963,0,0,,,,,,,,,,,,4476.4,,,4482.383,8,,452,0,,,,,,,,,,,,,,,,,,,0.134,-38.122,0.006,-17.761,-18.492,-39.451,-16.596,-61.154,18.91,-47.469,6.653,-62.332,39.01,-105.571,-5.7,-112.569,-45.762,-90.308,-0.148,-37.018,,"Megu3568",0.052,-17.84,,"濃いめのラー油",-18.307,-41.575,79,"Muna_328",-16.127,-60.983,107,"kotatu_yowai",18.228,-47.907,,"schmoneymikey",6.653,-62.288,,"하루（Haru）",39.004,-105.57,,"うよすま",-5.908,-112.456,,"Sabo_10",-45.385,-91.037,,4488.954,-0.747,-41.857,,,,4483.997,-19.22,-40.187,4482.392,-5.509,-58.382,,,,,,,,,,,,,,,,,,,,,,4487.897,-16.443,-39.058,4482.965,-6.413,-57.223,,,,,,,,,,,,,,,,"",1,8.036,8.036,-5.428,0,1,0.564,59.714,52.242,-2.423,57.946,0.027,151.376,0,"Muna_328",,,,97,""
152,,5,0,5,1,0,0,2,1,0,0,15,255,255,62,4501.023,"しろくま。",R,13,72,111,-1.809,-0.461,0.215,1.436,0.069,1.932,-36.454,18.638,44,56,0,2,"",-378.987,326.142,6.224,0,0,0,"=","=","=","=","=","=","=","=","=",1,R,"-라후이-",190,87,0.504,0,26,W,Y,1,4501.989,161,99,71,63,66,,140,89,-30,-12.98,-0.357,0.814,-20.451,1,0,0.206,-533.814,266.016,-23.167,4472.831,-0.062,-21.737,4475.48,5,7.871,0.17,-57.819,1,128,,4507.93,,,,4507.131,,,,,,4501.216,,,4506.737,7,1,166,0,,,,,,,,,,,,,4506.003,5,,,,,0.033,-38.008,-0.448,-17.755,-18.367,-39.525,-17.707,-60.206,21.652,-51.762,7.767,-65.426,38.073,-105.609,-5.083,-113.64,-47.166,-96.666,-0.342,-37.084,,"Megu3568",-0.417,-17.834,,"濃いめのラー油",-18.307,-42.078,,"Muna_328",-17.419,-60.183,,"kotatu_yowai",21.194,-52.195,,"schmoneymikey",7.965,-66.47,,"하루（Haru）",37.581,-106.257,,"うよすま",-3.104,-114.533,,"Sabo_10",-47.126,-96.775,,,,,,,,,,,,,,,,,4504.481,8.225,-58.053,,,,,,,,,,,,,,,,,,,,,,,,,,,,,,,,,,,,,"",2,,,,,,,,,,,,,0,"schmoneymikey",4507.131,,,128,""
153,SIDE,5,0,5,1,0,0,2,1,0,0,11,255,255,,4510.664,,,,,,,,,,,,,,,,,,,,,,,,1,"=","=","=","=","=","=","=","=","=",,,,,,,,,,,,,,,,,,,,,,,,,,,,,,,,,,,,,,,0,0,,,,,,,,,,,,,,,,,,,,,,,,,,,,,,,,,,,,,,,,,,,,,,,,,,,,,,,,,,,,,,,,,,,,,,,,,,,,,,,,,,,,,,,,,,,,,,,,,,,,,,,,,,,,,,,,,,,,,,,,,,,,,,,,,,,,,,,,,,,,,,,,,"",0,,,,,,,,,,,,,0,"",,,,0,""
154,,6,1,5,1,0,0,0,0,0,0,255,255,255,0,4692.77,"Slaris",R,13,68,109,-0.564,-0.586,0.341,1.765,0.459,1.711,-36.485,37.598,70,30,0,2,"",-386.885,312.348,-7.542,0,0,5,"しろくま。","Megu3568","Sabo_10","하루（Haru）","kotatu_yowai","Muna_328","濃いめのラー油","schmoneymikey","うよすま",3,R,"Muna_328",174.8,107,0.503,3,26,W,Y,1,4693.93,117,81,119,60,19,,137,77,28.298,-21.843,-0.04,0.922,-21.178,1,0,0.794,195.624,296.874,432.141,4667.98,19.194,-82.03,4670.13,6,18.372,0.059,-94.303,1,0,,4699.364,,,,,,,,,,,,,,,,,,,,,,,,,,,,,,,,,,,,0.083,-37.825,-0.076,-17.559,-16.472,-41.787,-13.127,-65.202,21.405,-51.222,9.964,-66.006,45.297,-111.176,-0.21,-114.965,-47.513,-94.854,0.002,-36.633,,"-라후이-",-0.092,-17.555,,"Kenomo",-16.474,-41.806,,"낑깡__",-13.344,-65.651,85,"Ainy4／あいにゃ",21.252,-51.16,,"즉석카레",10.01,-65.93,,"メリニット",45.295,-111.168,100,"아침땅_",-0.377,-114.544,,"なおｐ--",-47.531,-94.881,,4707.636,0.025,-39.374,,,,,,,4703.86,0.734,-59.842,,,,,,,4700.953,18.96,-94.718,,,,,,,,,,,,,,,,4706.576,-0.233,-57.105,,,,,,,4702.316,14.868,-88.29,,,,,,,"",2,,,,,,,,,,,,,0,"メリニット",,,,82,""
155,,6,1,5,1,0,0,0,1,0,0,3,255,255,1,4730.873,"Slaris",R,34,87,140,-0.74,0.46,0.205,1.813,-0.453,1.872,-36.485,39.033,71,24,5,0,"",92.364,-23.767,12.805,0,0,6,"=","=","=","=","=","=","=","=","=",2,L,"濃いめのラー油",190,87.496,0.8,,64,W,Y,0,,,,,,,,,,,,,,,,,,,,,,,,,,,,,0,0,,,,,,4733.752,,,,,,,,,,,,,,,,,,,,,,,,,,,,,,,,0.034,-37.828,-0.177,-17.744,-18.63,-39.968,-7.959,-59.96,17.884,-46.312,10.906,-63.376,48.565,-97.465,-0.25,-115.915,-42.697,-91.607,,,,"",,,,"",,,,"",,,,"",,,,"",,,,"",,,,"",,,,"",,,,4738.005,-0.048,-39.084,,,,,,,,,,,,,,,,,,,,,,,,,,,,,,,,,,,,,,,,,,,,,,,,,,,,"",0,,,,,,,,,,,,,0,"",4733.752,,,0,""
156,,6,1,5,1,0,1,0,0,1,0,255,3,255,2,4757.169,"Slaris",R,34,86,140,-1.854,-0.326,-0.011,1.676,-0.883,1.355,-36.485,22.583,80,20,0,2,"BH-",56.313,-53.564,9.799,0,0,6,"=","=","=","=","=","=","=","=","=",2,L,"濃いめのラー油",190,87.496,0.8,0,64,W,Y,1,4758.209,230,13,91,65,5,,145,106,-47.027,13.516,-0.394,0.698,-20.618,-0.29,0,0.207,-394.327,58.013,174.045,4726.797,-0.537,-21.211,4729.13,3,-8.963,3.156,-56.286,1,32,,4763.658,,,,,,,4766.996,,,,,,4767.145,5,2,293,96,,,,,,,,,,,,,,,,,,,-0.082,-37.84,-0.164,-17.71,-16.021,-42.161,-4.993,-63.211,20.843,-48.901,13.106,-64.367,45.999,-95.705,-0.175,-114.916,-42.84,-91.656,-0.147,-36.898,,"-라후이-",-0.209,-17.766,,"Kenomo",-16.033,-42.16,120,"낑깡__",-5.301,-63.291,104,"Ainy4／あいにゃ",20.686,-48.808,120,"즉석카레",13.177,-64.38,,"メリニット",45.995,-95.696,,"아침땅_",-0.175,-114.941,,"なおｐ--",-42.854,-91.606,,4776.056,-1.3,-41.639,,,,4764.892,-18.309,-39.378,4760.634,-9.215,-57.089,4762.827,18.019,-40.404,,,,,,,,,,,,,,,,,,,4765.518,-16.998,-40.013,4761.642,-4.133,-52.962,4763.58,14.073,-41.717,,,,,,,,,,,,,"",2,,,,,,,,,,,,,0,"낑깡__",,4766.996,,102,""
157,,6,1,5,1,0,0,1,1,0,0,2,255,255,3,4795.671,"Slaris",R,34,83,134,-1.615,0.084,0.2,1.849,-0.792,1.625,-36.485,46.629,65,33,2,2,"",57.48,-13.937,9.68,0,0,7,"=","=","=","=","=","=","=","=","=",5,L,"schmoneymikey",175.1,80,0.349,3,26,W,Y,1,4796.824,148,126,152,90,0,,145,85,37.93,-16.513,-0.267,1.041,-19.962,-0.81,0,0.175,257.776,-174.382,507.024,4769.497,19.208,-83.415,4770.247,6,20.59,0.92,-87.046,1,0,,4803.553,,,,4805.95,,,,,,,,,,,,,,,,,,,,,,,,,,,,,,,,-0.028,-37.803,-0.146,-17.805,-18.679,-39.915,-9.178,-60.267,20.747,-48.737,10.605,-64.493,44.753,-88.787,-0.041,-112.978,-39.95,-91.961,-0.044,-36.396,,"-라후이-",-0.143,-17.802,,"Kenomo",-15.633,-42.759,,"낑깡__",-8.279,-60.815,,"Ainy4／あいにゃ",20.628,-48.647,76,"즉석카레",11.222,-64.173,,"メリニット",44.756,-88.789,102,"아침땅_",-0.056,-113.165,,"なおｐ--",-39.94,-91.905,,4821.081,0.845,-38.776,4809.431,15.449,-13.19,,,,,,,4812.142,14.901,-40.874,,,,4802.817,21.153,-87.839,,,,,,,,,,,,,,,,,,,4820.04,16.486,-42.693,,,,4803.597,20.919,-82.528,,,,,,,"",2,,,,,,,,,,,,,0,"メリニット",4805.95,,,23,""
158,,6,1,5,1,0,0,1,1,1,0,5,2,255,4,4838.953,"Slaris",R,33,85,138,0.827,-0.902,0.354,1.686,0.199,1.013,-36.485,46.035,66,29,5,0,"",110.149,-60.696,12.919,0,0,8,"=","=","=","=","=","=","=","=","=",7,R,"うよすま",175.4,85.329,0.498,,26,W,Y,0,,,,,,,,,,,,,,,,,,,,,,,,,,,,,0,256,,,,,,,,,4841.97,,,4842.953,,,,,,,,,,,,,,,,,,,,,,,,,,0.067,-37.786,0.113,-17.738,-18.526,-39.839,-10.982,-58.778,20.923,-50.931,6.214,-63.603,40.29,-91.092,-0.576,-112.583,-40.928,-88.725,,,,"",,,,"",,,,"",,,,"",,,,"",,,,"",,,,"",,,,"",,,,4848.189,0.47,-38.25,,,,,,,,,,,,,,,,,,,,,,,,,,,,,,,,,,,,,,,,,,,,,,,,,,,,"",0,,,,,,,,,,,,,0,"",,4841.97,,0,""
159,,6,1,5,1,0,1,1,1,0,1,5,255,2,5,4866.946,"Slaris",R,34,78,128,0.491,-0.402,0.367,1.766,0.077,1.338,-36.485,53.974,64,36,0,2,"",83.88,-17.767,11.917,0,0,8,"=","=","=","=","=","=","=","=","=",7,R,"うよすま",175.4,85.329,0.498,0,26,W,Y,1,4867.971,255,90,90,55,0,,145,87,97.046,-74.404,-0.116,0.682,-19.741,-1,0,0.336,-14.053,117.088,-514.661,,,,,,,,,0,0,,,,,,,,,,,,4887.43,,4867.593,,,,,,,,,,,,,,,,,,,,,,,,-0.026,-37.859,0.08,-17.728,-18.567,-39.71,-10.901,-59.771,18.402,-40.61,8.091,-63.988,43.374,-90.003,-1.8,-112.737,-40.945,-88.736,-0.332,-36.496,,"-라후이-",0.075,-17.706,,"Kenomo",-15.958,-42.18,,"낑깡__",-10.897,-59.555,,"Ainy4／あいにゃ",18.587,-44.142,,"즉석카레",8.139,-63.874,,"メリニット",42.854,-89.801,,"아침땅_",-1.881,-112.734,,"なおｐ--",-40.523,-87.806,,,,,,,,,,,,,,,,,,,,,,,,,,,,,,,,,,,,,,,,,,,,,,,,,,,,,,,,"",3,,,,,,,,,,,,,0,"",,4869.761,,0,""
160,,6,1,5,1,0,2,1,1,0,1,5,255,2,6,4894.564,"Slaris",R,34,83,135,-0.001,-0.65,0.385,1.77,-0.148,1.188,-36.485,59,67,30,3,2,"",96.419,-26.306,17.411,0,0,8,"=","=","=","=","=","=","=","=","=",7,R,"うよすま",175.4,85.329,0.498,5,26,W,Y,1,4895.587,127,86,123,25,0,,138,90,-30,46.636,-0.024,0.594,-18.959,1,0,0.272,-407.082,-70.397,312.42,4861.181,-0.691,-19.589,,,,,,0,0,,,,,,,,,,,,4915.195,,4919.647,,,,,,,,,,,,,,,,,,,,,,,,0.002,-37.98,0.204,-17.91,-18.691,-39.781,-10.754,-59.329,18.253,-40.174,8.309,-64.336,41.984,-91.671,-0.488,-112.209,-40.366,-83.401,-0.333,-36.336,,"-라후이-",0.166,-17.904,,"Kenomo",-16.424,-42.222,,"낑깡__",-10.764,-59.093,,"Ainy4／あいにゃ",18.219,-44.41,,"즉석카레",8.384,-64.203,,"メリニット",42.116,-92.535,,"아침땅_",-0.49,-112.176,,"なおｐ--",-40.359,-83.39,,,,,,,,,,,,,,,,,,,,,,,,,,,,,,,,,,,,,,,,,,,,,,,,,,,,,,,,"",3,47.622,44.89,11.025,0,2,0.155,-83.823,-80.443,-28.253,-84.155,0.072,106.29,0,"",,4902.834,,0,""
161,,6,1,5,1,0,2,1,1,0,1,5,255,2,7,4922.368,"Slaris",R,3,59,103,-4.569,-0.418,0.041,1.651,-1.116,1.379,-36.485,52.036,70,30,0,1,"",-439.808,0,1.975,0,0,8,"=","=","=","=","=","=","=","=","=",7,R,"うよすま",175.4,85.329,0.498,,25,W,Y,0,,,,,,,,,,,,,,,,,,,,,,,,,,,,,0,0,,,,,,,,,,,,4934.66,,4938.768,,,,,,,,,,,,,,,,,,,,,,,,-0.078,-37.769,-0.334,-18.18,-18.68,-39.766,-11.072,-59.019,18.203,-40.167,7.102,-64.641,41.661,-90.328,-2.654,-114.083,-45.228,-84.822,,,,"",,,,"",,,,"",,,,"",,,,"",,,,"",,,,"",,,,"",,,,,,,,,,,,,,,,,,,,,,,,,,,,,,,,,,,,,,,,,,,,,,,,,,,,,,,,,,"",0,,,,,,,,,,,,,0,"",,4925.136,,0,""
162,,6,1,5,1,1,2,1,1,0,1,5,255,2,8,4941.075,"Slaris",R,27,90,140,0.737,-0.515,0.194,1.709,0.249,1.204,-36.485,33.034,81,17,3,2,"",49.355,-100.518,13.469,0,0,8,"=","=","=","=","=","=","=","=","=",7,R,"うよすま",175.4,85.329,0.498,5,25,W,Y,1,4942.089,255,110,144,76,0,,145,105,30.405,-19.565,0.136,0.759,-20.239,0.02,0,0.388,64.34,-62.205,-496.281,,,,4911.897,6,30.864,2.723,-96.316,0,0,,4948.093,,,,4955.084,,,,,,4950.238,,4947.515,4946.815,8,,455,0,,,,,,,,,,,,,,,4954.119,4,,,0.017,-37.866,0.222,-18.019,-18.697,-39.75,-11.069,-59.018,18.662,-40.275,7.524,-64.344,42.692,-89.983,-0.4,-114.826,-45.493,-84.34,-0.17,-36.327,,"-라후이-",0.18,-18.019,130,"Kenomo",-16.741,-41.822,,"낑깡__",-11.069,-58.753,,"Ainy4／あいにゃ",18.051,-44.977,120,"즉석카레",7.595,-64.248,,"メリニット",42.692,-89.977,109,"아침땅_",-0.423,-114.74,,"なおｐ--",-45.468,-84.311,,4961.023,4,-38.676,4951.349,2.975,-23.765,,,,,,,4949.789,20.579,-43.803,,,,4946.826,31.047,-97.316,,,,,,,,,,4952.41,7.511,-28.184,,,,,,,4950.403,17.407,-40.762,,,,4947.6,29.482,-92.497,,,,,,,"",1,-19.515,-19.515,3.043,0,0,1,59.445,59.445,48.193,59.445,0,-24.523,0,"メリニット",4955.084,4944.952,,23,""
163,,6,1,5,1,0,0,2,0,1,1,255,5,2,9,4977.562,"Slaris",R,34,86,139,0.199,-0.497,0.335,1.838,-0.039,1.255,-36.485,47.708,73,23,3,2,"",85.216,-36.717,13.993,0,0,0,"=","=","=","=","=","=","=","=","=",0,R,"しろくま。",188.6,96,0.304,5,25,W,Y,1,4978.484,226,121,132,99,35,,145,130,-6.763,43.897,0.016,0.842,-20.873,0.33,0,0.436,74.518,521.799,-275.076,4943.047,-4.307,-25.309,4949.447,8,-65.698,0.059,-91.936,1,0,,4984.124,,,,,,,4982.689,4987.404,4983.909,,,,,,,,,,,,,,,,,,,,,,,,,,,0.06,-37.774,0.235,-17.864,-15.81,-42.569,-12.513,-64.305,19.048,-42.063,2.509,-63.227,41.351,-108.077,-1.314,-111.288,-43.109,-89.18,-0.164,-36.157,,"-라후이-",0.178,-17.855,,"Kenomo",-15.833,-42.59,,"낑깡__",-12.538,-64.9,,"Ainy4／あいにゃ",18.044,-45.082,,"즉석카레",7.266,-64.863,67,"メリニット",41.265,-109.992,,"아침땅_",-1.305,-111.24,,"なおｐ--",-43.117,-89.196,130,4993.868,-0.302,-40.756,,,,,,,,,,,,,4989.338,-0.465,-59.816,,,,,,,4985.638,-65.244,-91.74,,,,,,,,,,,,,,,,4992.614,0.1,-57.783,,,,,,,4986.884,-59.147,-89.879,"",2,44.697,44.697,10.907,0,1,0.946,-11.912,-6.763,4.572,72.427,0.011,56.144,0,"なおｐ--",,4982.689,4983.909,138,""
164,,6,1,7,1,0,0,2,1,0,0,0,255,255,10,5015.372,"Slaris",R,3,62,105,-2.735,0.184,0.145,1.742,-0.37,1.739,-36.485,46.897,76,24,0,4,"",-425.257,0,1.752,0,0,1,"=","=","=","=","=","=","=","=","=",1,R,"Megu3568",190,88.251,0.405,,78,W,Y,1,,,,,,,,,,,,,,,,,,,,,,,,,,,,,0,0,,,,,,5018.25,,,,,,,,,,,,,,,,,,,,,,,,,,5021.036,5,,,,,0.035,-37.708,-0.232,-17.784,-18.886,-39.573,-10.772,-64.682,21.995,-51.175,2.769,-62.912,34.503,-112.338,-0.351,-119.493,-48.689,-93.92,,,,"",,,,"",,,,"",,,,"",,,,"",,,,"",,,,"",,,,"",,,,5024.028,-0.172,-39.15,,,,,,,,,,,,,,,,,,,,,,,,,,,,,,,,,,,,,,,,,,,,,,,,,,,,"",0,,,,,,,,,,,,,1,"",5018.25,,,0,""
165,,6,1,7,1,0,1,2,0,1,0,255,0,255,11,5063.743,"Slaris",R,13,59,102,-3.222,-0.598,0.169,1.776,-0.678,1.691,-36.485,51.167,76,24,0,4,"",-362.039,312.348,-12.294,0,0,1,"=","=","=","=","=","=","=","=","=",1,R,"Megu3568",190,88.251,0.405,,78,W,Y,1,,,,,,,,,,,,,,,,,,,,,,,,,,,,,0,0,,,,,,,,,,,,,5086.467,,,,,,,,,,,,,,,,,,,,,,,,,0.059,-37.662,-0.208,-17.789,-16.664,-41.612,-12.766,-64.944,21.304,-49.456,1.724,-64.195,38.363,-110.62,-0.72,-116.351,-46.595,-89.709,,,120,"",,,,"",,,,"",,,,"",,,,"",,,,"",,,,"",,,,"",,,,5067.641,-0.603,-37.5,,,,,,,,,,,,,,,,,,,,,,,,,5093.935,0.541,-45.04,,,,,,,,,,,,,,,,,,,,,,,,,"",0,,,,,,,,,,,,,0,"",5066.759,,,0,""
166,,6,1,7,1,0,2,2,0,1,0,255,0,255,12,5119.621,"Slaris",R,13,71,111,-0.658,-0.886,0.263,1.731,0.409,1.453,-36.485,41.113,85,15,0,2,"",-390.434,312.348,-9.61,0,0,1,"=","=","=","=","=","=","=","=","=",1,R,"Megu3568",190,88.251,0.405,5,78,W,Y,1,5120.846,221,182,127,128,59,,145,116,8.738,-8.296,-0.101,0.73,-20.786,0.84,0,0.426,340.952,156.193,14.482,5085.614,9.056,-94.195,5086.78,7,10.747,0.068,-109.075,1,0,,5126.713,,,,,,,5125.033,,,,,,,,,,,,,,,,,,,,,,,,,,,5132.563,1,0.042,-37.689,-0.197,-17.733,-16.864,-41.558,-13.146,-65.08,20.078,-47.868,1.563,-63.939,38.784,-112.424,-0.311,-115.3,-46.597,-89.731,0.023,-36.28,,"-라후이-",-0.27,-17.961,130,"Kenomo",-16.875,-41.553,,"낑깡__",-13.56,-65.845,,"Ainy4／あいにゃ",20.024,-48.059,,"즉석카레",6.425,-64.371,103,"メリニット",38.499,-112.666,,"아침땅_",-1.326,-115.227,91,"なおｐ--",-46.601,-89.731,,5135.073,-0.59,-37.867,5130.409,0.145,-23.803,,,,5128.103,-0.501,-59.598,,,,5128.111,0.185,-59.283,,,,5124.896,10.562,-110.296,,,,,,,5134.305,0.271,-21.508,,,,,,,,,,5128.937,-0.666,-54.89,,,,5125.528,9.879,-106.761,,,,"",2,-5.322,-5.323,-4.286,0,1,0.442,8.795,8.738,10.159,8.738,0.011,1.302,0,"아침땅_",,5125.033,,451,""
167,,6,1,7,1,0,0,2,1,0,1,1,255,0,13,5179.174,"Slaris",R,28,93,140,1.719,-0.689,0.2,1.562,0.688,1.114,-36.485,19.545,41,57,2,1,"",40.503,-80.617,11.633,0,0,2,"=","=","=","=","=","=","=","=","=",8,L,"Sabo_10",185.3,90,0.502,,25,W,Y,0,,,,,,,,,,,,,,,,,,,,,,,,,,,,,0,0,,,,,,5182.865,,,,,,,,5206.823,,,,,,,,,,,,,,,,,,,,,,5180.985,1,0.01,-37.821,0.236,-18.006,-18.49,-39.884,-10.696,-65.871,18.166,-40.202,13.12,-64.344,46.545,-104.381,1.559,-115.631,-41.495,-92.384,,,,"",,,,"",,,,"",,,,"",,,,"",,,,"",,,,"",,,,"",,,,5188.085,0.62,-38.367,,,,,,,,,,,,,,,,,,,,,,,,,,,,,,,,,,,,,,,,,,,,,,,,,,,,"",0,,,,,,,,,,,,,0,"",5182.865,5182.676,,0,""
168,,6,1,7,1,1,0,2,0,1,1,255,1,0,14,5206.977,"Slaris",R,28,92,140,0.244,-1.073,0.139,1.629,0.042,0.899,-36.485,17.05,41,59,1,2,"",44.886,-50.111,10.35,0,0,2,"=","=","=","=","=","=","=","=","=",8,L,"Sabo_10",185.3,90,0.502,5,25,W,Y,1,5207.905,129,137,74,151,58,,138,130,27.653,-17.848,0.045,0.603,-20.407,0.46,0,0.418,250.283,-375.627,-142.808,5173.081,47.481,-128.615,,,,,,0,0,,5213.828,5218.432,5223.496,5228.582,,,,5212.429,5217.555,5212.636,,,,,,,,,,,,,,,,,,,,,,,,,,,-0.011,-37.908,0.197,-17.725,-16.718,-42.558,-6.401,-65.199,18.913,-41.004,13.603,-64.275,48.434,-104.285,2.186,-115.202,-41.501,-92.284,-0.251,-36.541,,"-라후이-",0.125,-17.859,,"Kenomo",-16.494,-42.318,,"낑깡__",-9.891,-67.551,,"Ainy4／あいにゃ",18.977,-45.246,,"즉석카레",13.641,-64.174,,"メリニット",48.44,-104.284,,"아침땅_",2.792,-115.147,,"なおｐ--",-41.525,-92.265,,,,,,,,,,,,,,,,,,,,,,,,,,,,,,,,,,,,,,,,,,,,,,,,,,,,,,,,"",4,-17.654,-17.654,-13.179,0,1,0.482,83.664,45.669,7.669,72.107,0.043,1.046,0,"",5218.432,5212.429,5212.636,0,""
169,,6,1,10,1,0,0,2,0,0,0,255,255,255,15,5296.662,"Slaris",R,29,84,136,-1.37,1.137,0.076,1.884,-0.252,2.074,-36.485,44.36,78,19,3,1,"",-250,-185.559,14.08,0,0,3,"=","=","=","=","=","=","=","=","=",6,L,"하루（Haru）",174.8,85,0.354,,25,W,Y,0,,,,,,,,,,,,,,,,,,,,,,,,,,,,,0,0,,,,,,,,,,,,,,,,,,,,,,,,,,,,,,,,,,,,,,-0.092,-37.77,-0.109,-17.482,-16.836,-41.901,-11.107,-65.559,21.905,-49.887,13.076,-64.688,50.007,-103.652,0.147,-112.852,-46.6,-97.971,,,,"",,,,"",,,,"",,,,"",,,,"",,,,"",,,,"",,,,"",,,,,,,,,,,,,,,,,,,,,,,,,,,,,,,,,,,,,,,,,,,,,,,,,,,,,,,,,,"",0,,,,,,,,,,,,,0,"",,,,0,""
170,,6,1,10,1,1,0,2,0,0,0,255,255,255,16,5311.226,"Slaris",R,29,88,140,-0.854,-1.454,-0.115,1.654,-0.034,0.565,-36.485,17.339,81,18,1,1,"",-250,-200,4.936,0,0,3,"=","=","=","=","=","=","=","=","=",6,L,"하루（Haru）",174.8,85,0.354,,25,W,Y,0,,,,,,,,,,,,,,,,,,,,,,,,,,,,,0,0,,,,,,,,,,,,,,,,,,,,,,,,,,,,,,,,,,,,,,-0.047,-37.74,-0.019,-17.617,-16.865,-42.023,-11.47,-65.82,21.906,-49.876,12.92,-64.643,49.652,-104.266,0.146,-113.486,-46.629,-97.979,,,,"",,,,"",,,,"",,,,"",,,,"",,,,"",,,,"",,,,"",,,,,,,,,,,,,,,,,,,,,,,,,,,,,,,,,,,,,,,,,,,,,,,,,,,,,,,,,,"",0,,,,,,,,,,,,,0,"",,,,0,""
171,,6,1,10,1,2,0,2,0,0,0,255,255,255,17,5325.434,"Slaris",R,29,81,132,-2.92,-0.544,0.043,1.836,-0.955,1.075,-36.485,36.852,75,25,0,1,"",-221.374,-200,17.451,0,0,3,"=","=","=","=","=","=","=","=","=",6,L,"하루（Haru）",174.8,85,0.354,,25,W,Y,0,,,,,,,,,,,,,,,,,,,,,,,,,,,,,0,0,,,,,,,,,,,,,,,,,,,,,,,,,,,,,,,,,,,,,,-0.154,-37.693,0.066,-17.668,-16.814,-41.95,-11.756,-65.623,21.907,-49.811,13.062,-64.638,45.549,-111.187,-0.152,-113.451,-46.619,-97.962,,,,"",,,,"",,,,"",,,,"",,,,"",,,,"",,,,"",,,,"",,,,,,,,,,,,,,,,,,,,,,,,,,,,,,,,,,,,,,,,,,,,,,,,,,,,,,,,,,"",0,,,,,,,,,,,,,0,"",,,,0,""
172,,6,1,10,1,3,0,2,0,0,0,255,255,255,18,5339.949,"Slaris",R,30,71,123,-0.918,-0.245,0.161,1.871,-0.202,1.333,-36.485,41.437,74,23,3,0,"",-129.725,-101.336,5.652,0,0,3,"=","=","=","=","=","=","=","=","=",6,L,"하루（Haru）",174.8,85,0.354,,25,W,Y,0,,,,,,,,,,,,,,,,,,,,,,,,,,,,,0,0,,,,,,,,,,,,,,,,,,,,,,,,,,,,,,,,,,,,,,-0.088,-37.564,0.236,-17.788,-16.781,-41.968,-11.801,-65.655,21.963,-49.663,12.949,-64.699,46.847,-109.401,-0.301,-113.709,-46.628,-97.947,,,,"",,,,"",,,,"",,,,"",,,,"",,,,"",,,,"",,,,"",,,,,,,,,,,,,,,,,,,,,,,,,,,,,,,,,,,,,,,,,,,,,,,,,,,,,,,,,,"",0,,,,,,,,,,,,,0,"",,,,0,""
173,,6,1,10,1,3,1,2,0,0,0,255,255,255,19,5354.641,"Slaris",R,29,90,140,-1.12,-1.085,0.133,1.772,-0.166,0.793,-36.485,33.293,78,17,5,2,"",-250,-179.887,24.979,0,0,3,"=","=","=","=","=","=","=","=","=",6,L,"하루（Haru）",174.8,85,0.354,5,25,W,Y,1,5355.785,191,161,119,61,37,,145,125,-16.416,-47.083,-0.222,0.559,-20.116,0.74,0,0.242,-84.874,-12.55,12.369,5313.931,1.008,-21.259,,,,,,0,0,,,,,,,,,,,,,,,,,,,,,,,,,,,,,,,,,,,,,,0.025,-37.694,0.112,-17.812,-16.883,-42.017,-11.843,-65.566,21.829,-49.699,13.036,-64.509,46.998,-109.887,-0.215,-113.844,-46.625,-97.946,-0.233,-36.566,,"-라후이-",-0.002,-17.842,,"Kenomo",-16.695,-41.826,,"낑깡__",-12.362,-66.441,,"Ainy4／あいにゃ",21.719,-49.671,,"즉석카레",13.11,-64.388,,"メリニット",47.262,-111.059,,"아침땅_",-0.229,-113.533,,"なおｐ--",-46.605,-97.892,,,,,,,,,,,,,,,,,,,,,,,,,,,,,,,,,,,,,,,,,,,,,,,,,,,,,,,,"",3,-45.03,-45.03,-6.393,0,0,1,-21.83,-21.83,-51.957,-21.83,0,-57.206,0,"",,,,0,""
174,,6,1,10,1,3,2,2,0,0,0,255,255,255,20,5375.907,"Slaris",R,29,87,140,-1.078,-0.657,-0.034,1.389,-0.15,1.043,-36.485,15.803,47,50,3,0,"",-250,-200,33.336,0,0,3,"=","=","=","=","=","=","=","=","=",6,L,"하루（Haru）",174.8,85,0.354,,25,W,Y,0,,,,,,,,,,,,,,,,,,,,,,,,,,,,,0,0,,,,,,,,,,,,,,,5378.627,3,,578,0,,,,,,,,,,,,,,,,,,,-0.095,-37.671,-0.124,-17.97,-16.977,-41.823,-11.39,-65.346,22.653,-50.681,12.893,-65.214,47.183,-94.743,0.107,-113.837,-46.632,-97.917,,,,"",,,,"",,,,"",,,,"",,,,"",,,,"",,,,"",,,,"",,,,,,,,,,,,,,,,,,,,,,,,,,,,,,,,,,,,,,,,,,,,,,,,,,,,,,,,,,"",0,,,,,,,,,,,,,0,"",,,,0,""
175,SIDE,6,1,10,1,0,0,2,0,0,0,255,255,255,,5381.206,,,,,,,,,,,,,,,,,,,,,,,,4,"=","=","=","=","=","=","=","=","=",,,,,,,,,,,,,,,,,,,,,,,,,,,,,,,,,,,,,,,0,0,,,,,,,,,,,,,,,,,,,,,,,,,,,,,,,,,,,,,,,,,,,,,,,,,,,,,,,,,,,,,,,,,,,,,,,,,,,,,,,,,,,,,,,,,,,,,,,,,,,,,,,,,,,,,,,,,,,,,,,,,,,,,,,,,,,,,,,,,,,,,,,,,"",0,,,,,,,,,,,,,0,"",,,,0,""
176,,6,0,10,1,0,0,0,0,0,0,255,255,255,63,5433.735,"しろくま。",R,26,84,137,0.64,0.418,0.236,1.368,0.169,1.712,-36.454,6.773,46,54,0,2,"",79.637,-200,39.796,0,0,1,"-라후이-","Slaris","Ainy4／あいにゃ","なおｐ--","メリニット","Kenomo","낑깡__","즉석카레","아침땅_",0,R,"Slaris",190,85.704,0.452,5,25,W,Y,1,5434.571,154,100,170,98,32,,145,131,27.427,8.051,0.118,1.191,-20.756,0.51,0,0.262,463.356,142.913,-145.662,5397.831,-20.569,-142.233,,,,,,0,0,,5440.34,5444.912,5450.318,5455.297,,,,,,,,,,,,,,,,,,,,,,,,,,,,,,,,,0.087,-38.232,0.18,-17.662,-20.639,-47.921,-16.445,-61.392,21.89,-52.889,7.058,-64.851,41.839,-108.559,-6.59,-115.516,-46.348,-97.301,0.019,-37.15,,"Megu3568",0.145,-17.692,,"濃いめのラー油",-20.875,-47.146,,"Muna_328",-15.968,-61.371,,"kotatu_yowai",21.272,-53.498,,"schmoneymikey",6.912,-64.737,,"하루（Haru）",38.46,-109.936,,"うよすま",-7.043,-114.706,,"Sabo_10",-46.329,-97.315,,,,,,,,,,,,,,,,,,,,,,,,,,,,,,,,,,,,,,,,,,,,,,,,,,,,,,,,"",4,8.143,8.143,-1.332,0,2,0.348,61.938,47.921,55.369,61.42,0.061,35.103,0,"",5444.912,5450.318,,0,""
177,,6,0,10,2,0,0,0,0,0,0,255,255,255,64,5485.461,"しろくま。",R,26,82,133,0.787,1.125,0.218,1.578,0.242,2.146,-36.454,14.797,41,59,0,1,"",66.286,-200,18.385,0,0,2,"=","=","=","=","=","=","=","=","=",4,L,"Ainy4／あいにゃ",190,85,0.512,,25,W,Y,0,,,,,,,,,,,,,,,,,,,,,,,,,,,,,0,0,,,,,,,,,,,,,,,,,,,,,,,,,,,,,,,,,,,,,,-0.024,-38.242,-0.238,-17.794,-20.941,-49.555,-12.607,-64.317,22.492,-49.597,13.852,-63.36,50.453,-98.122,9.28,-118.972,-38.961,-97.692,,,,"",,,,"",,,,"",,,,"",,,,"",,,,"",,,,"",,,,"",,,,,,,,,,,,,,,,,,,,,,,,,,,,,,,,,,,,,,,,,,,,,,,,,,,,,,,,,,"",0,,,,,,,,,,,,,0,"",,,,0,""
178,,6,0,10,2,1,0,0,0,0,0,255,255,255,65,5498.77,"しろくま。",R,26,80,130,-1.333,0.713,0.063,1.422,-0.637,1.887,-36.454,2.87,62,38,0,0,"",37.458,-200,31.473,0,0,2,"=","=","=","=","=","=","=","=","=",4,L,"Ainy4／あいにゃ",190,85,0.512,,25,W,Y,0,,,,,,,,,,,,,,,,,,,,,,,,,,,,,0,0,,,,,,,,,,,,,,,,,,,,,,,,,,,,,,,,,,,,,,-0.076,-38.282,-0.236,-17.775,-20.969,-49.498,-12.148,-64.34,21.928,-50.397,13.681,-63.954,49.781,-101.589,7.74,-117.746,-37.945,-98.775,,,,"",,,,"",,,,"",,,,"",,,,"",,,,"",,,,"",,,,"",,,,,,,,,,,,,,,,,,,,,,,,,,,,,,,,,,,,,,,,,,,,,,,,,,,,,,,,,,"",0,,,,,,,,,,,,,0,"",,,,0,""
179,,6,0,10,2,1,1,0,0,0,0,255,255,255,66,5512.491,"しろくま。",R,14,70,110,2.516,-0.19,0.281,1.429,0.378,1.909,-36.454,2.015,48,52,0,1,"",390.434,312.348,20.638,0,0,2,"=","=","=","=","=","=","=","=","=",4,L,"Ainy4／あいにゃ",190,85,0.512,,25,W,Y,0,,,,,,,,,,,,,,,,,,,,,,,,,,,,,0,0,,,,,,,,,,,,,,,,,,,,,,,,,,,,,,,,,,,,,,0.045,-38.226,0.335,-17.837,-21.295,-49.41,-12.336,-64.274,22.294,-50.15,13.248,-63.537,49.72,-100.028,6.854,-117.586,-39.323,-98.864,,,,"",,,,"",,,,"",,,,"",,,,"",,,,"",,,,"",,,,"",,,,,,,,,,,,,,,,,,,,,,,,,,,,,,,,,,,,,,,,,,,,,,,,,,,,,,,,,,"",0,,,,,,,,,,,,,0,"",,,,0,""
180,,6,0,10,2,2,1,0,0,0,0,255,255,255,67,5524.212,"しろくま。",R,14,68,109,-1.471,0.03,-0.104,1.546,-1.304,2.098,-36.454,7.469,53,47,0,0,"",353.417,350.42,8.502,0,0,2,"=","=","=","=","=","=","=","=","=",4,L,"Ainy4／あいにゃ",190,85,0.512,,25,W,Y,0,,,,,,,,,,,,,,,,,,,,,,,,,,,,,0,0,,,,,,,,,,,,,,,,,,,,,,,,,,,,,,,,,,,,,,-0.168,-38.31,-0.223,-17.735,-21.213,-49.501,-12.546,-64.04,21.992,-50.624,13.393,-64.618,49.594,-100.478,5.808,-116.849,-40.137,-97.705,,,,"",,,,"",,,,"",,,,"",,,,"",,,,"",,,,"",,,,"",,,,,,,,,,,,,,,,,,,,,,,,,,,,,,,,,,,,,,,,,,,,,,,,,,,,,,,,,,"",0,,,,,,,,,,,,,0,"",,,,0,""
181,,6,0,10,2,2,2,0,0,0,0,255,255,255,68,5554.06,"しろくま。",R,26,83,135,-1.264,1.687,0.056,1.612,-0.67,2.505,-36.454,16.802,90,10,0,4,"",84.035,-200,11.31,0,0,2,"=","=","=","=","=","=","=","=","=",4,L,"Ainy4／あいにゃ",190,85,0.512,,25,W,Y,1,,,,,,,,,,,,,,,,,,,,,,,,,,,,,0,4,,,,,,,,,,,,,,,5556.71,2,,578,0,,,,,,,,,,,,,,,,,,,-0.138,-38.126,-0.153,-17.914,-20.938,-49.181,-12.349,-64.101,22.521,-50.884,13.367,-64.2,48.523,-100.753,7.696,-118.304,-41.042,-95.759,,,,"",,,,"",,,,"",,,,"",,,,"",,,,"",,,,"",,,,"",,,,,,,,,,,,,,,,,,,,,,,,,,,,,,,,,,,,,,,,,,,,,,,,,,,,,,,,,,"",0,,,,,,,,,,,,,0,"",,,,0,""
182,,6,0,10,2,0,0,1,0,0,0,255,255,255,69,5755.996,"しろくま。",R,26,88,140,0.971,0.633,0.25,1.48,0.307,1.849,-36.454,7.078,57,43,0,2,"",88.978,-200,44.129,0,0,3,"=","=","=","=","=","=","=","=","=",8,R,"なおｐ--",190,89.787,0.405,3,25,W,Y,1,5757.027,255,104,76,52,39,,141,91,99.542,-64.393,0.18,1.263,-20.464,-0.69,0,0.235,560.384,174.789,99.881,,,,,,,,,0,0,,,,,,,,,,,,,,,,,,,,,,,,,,,,,,,,,,,,,,0.14,-38.028,0.293,-17.87,-21.809,-49.913,-14.971,-62.943,23.177,-53.05,8.047,-65.107,38.114,-111.247,-9.214,-114.318,-48.319,-103.061,0.116,-37.183,,"Megu3568",0.195,-18.039,,"濃いめのラー油",-21.912,-49.703,,"Muna_328",-14.977,-62.914,,"kotatu_yowai",22.61,-53.645,,"schmoneymikey",8.051,-65.098,,"하루（Haru）",38.099,-111.235,,"うよすま",-9.25,-114.265,,"Sabo_10",-48.254,-102.911,,,,,,,,,,,,,,,,,,,,,,,,,,,,,,,,,,,,,,,,,,,,,,,,,,,,,,,,"",3,,,,,,,,,,,,,0,"",,,,0,""
183,,6,0,10,2,0,1,1,0,0,0,255,255,255,70,5773.913,"しろくま。",R,13,84,124,-2.641,-1.579,0.039,1.167,-0.747,1.061,-36.454,13.325,52,48,0,2,"",-262.091,400,25.222,0,0,3,"=","=","=","=","=","=","=","=","=",8,R,"なおｐ--",190,89.787,0.405,3,24,W,Y,1,5774.964,255,137,55,105,85,,137,82,-30,62.334,-0.448,0.499,-21.162,1,0,0.393,-117.556,283.055,-25.833,5731.414,-1.869,-21.904,,,,,,0,0,,,,,,,,,,,,,,,,,,,,,,,,,,,,,,,,,,,,,,0.024,-37.738,-0.347,-17.63,-21.86,-48.99,-15.381,-62.621,23.12,-52.901,8.27,-66.128,35.146,-111.15,-9.276,-114.766,-49.703,-102.83,-0.062,-37.342,,"Megu3568",-0.397,-17.816,,"濃いめのラー油",-21.784,-49.101,,"Muna_328",-15.365,-62.598,,"kotatu_yowai",22.513,-53.391,,"schmoneymikey",8.27,-66.023,,"하루（Haru）",35.145,-111.145,,"うよすま",-9.463,-114.592,,"Sabo_10",-50.045,-102.688,,,,,,,,,,,,,,,,,,,,,,,,,,,,,,,,,,,,,,,,,,,,,,,,,,,,,,,,"",3,,,,,,,,,,,,,0,"",,,,0,""
184,,6,0,10,2,0,2,1,0,0,0,255,255,255,71,5793.489,"しろくま。",R,26,89,140,-1.309,1.892,0.161,1.493,-0.763,2.647,-36.454,12.38,45,55,0,1,"",145.332,-200,27.868,0,0,3,"=","=","=","=","=","=","=","=","=",8,R,"なおｐ--",190,89.787,0.405,,24,W,Y,0,,,,,,,,,,,,,,,,,,,,,,,,,,,,,0,0,,,,,,,,,,,,,,,,,,,,,,,,,,,,,,,,,,,,,,0.09,-38.064,0.25,-17.954,-22.76,-50.808,-15.899,-61.643,22.735,-54.758,8.484,-65.929,31.821,-110.033,-8.572,-112.398,-50.054,-100.778,,,,"",,,,"",,,,"",,,,"",,,,"",,,,"",,,,"",,,,"",,,,,,,,,,,,,,,,,,,,,,,,,,,,,,,,,,,,,,,,,,,,,,,,,,,,,,,,,,"",0,,,,,,,,,,,,,0,"",,,,0,""
185,,6,0,10,2,1,2,1,0,0,0,255,255,255,72,5808.952,"しろくま。",R,13,81,118,-2.374,-0.894,0.101,1.296,-0.46,1.48,-36.454,13.698,46,54,0,4,"",-347.366,359.634,-1.292,0,0,3,"=","=","=","=","=","=","=","=","=",8,R,"なおｐ--",190,89.787,0.405,,24,W,Y,1,,,,,,,,,,,,,,,,,,,,,,,,,,,,,0,8,,,,,,,,,,,,,,,5811.618,3,,578,0,,,,,,,,,,,,,,,,,5811.385,1,-0.108,-37.871,-0.337,-17.674,-22.179,-48.924,-15.873,-61.688,23.156,-54.048,8.696,-66.742,31.983,-110.063,-7.836,-112.806,-48.532,-100.782,,,,"",,,,"",,,,"",,,,"",,,,"",,,,"",,,,"",,,,"",,,,,,,,,,,,,,,,,,,,,,,,,,,,,,,,,,,,,,,,,,,,,,,,,,,,,,,,,,"",0,,,,,,,,,,,,,0,"",,,,0,""
186,,6,0,10,2,0,0,2,0,0,0,255,255,255,73,5829.502,"しろくま。",R,26,82,133,1.255,0.204,0.275,1.406,0.436,1.539,-36.454,3.686,51,49,0,2,"",73.853,-198.591,31.278,0,0,4,"=","=","=","=","=","=","=","=","=",6,R,"メリニット",175.1,89.637,0.502,0,24,W,Y,1,5830.552,255,111,65,112,63,,140,84,62.893,22.776,0.235,0.976,-19.75,-1,0,0.126,201.653,115.422,139.23,5792.547,-19.123,-58.254,5792.547,3,-18.647,2.707,-57.289,0,0,,5836.936,,,,,,,,,,,,,5836.514,4,,452,0,,,,,,,,,,,,,,,,,,,0.065,-37.872,0.213,-17.775,-20.37,-48.95,-14.031,-60.353,22.303,-53.25,7.38,-63.842,33.96,-110.843,-8.271,-114.003,-47.865,-100.453,-0.46,-37.169,,"Megu3568",0.159,-17.856,,"濃いめのラー油",-20.346,-48.89,,"Muna_328",-13.707,-60.121,,"kotatu_yowai",22.076,-53.422,,"schmoneymikey",7.505,-62.955,,"하루（Haru）",34.556,-111.036,,"うよすま",-8.129,-114.143,,"Sabo_10",-47.869,-100.466,,,,,,,,,,,5836.524,-18.892,-57.599,,,,,,,,,,,,,,,,,,,,,,,,,,,,,,,,,,,,,,,,,,,"",1,,,,,,,,,,,,,0,"Muna_328",,,,32,""
187,SIDE,6,0,10,2,0,0,2,0,0,0,255,255,255,,5838.84,,,,,,,,,,,,,,,,,,,,,,,,5,"=","=","=","=","=","=","=","=","=",,,,,,,,,,,,,,,,,,,,,,,,,,,,,,,,,,,,,,,0,0,,,,,,,,,,,,,,,,,,,,,,,,,,,,,,,,,,,,,,,,,,,,,,,,,,,,,,,,,,,,,,,,,,,,,,,,,,,,,,,,,,,,,,,,,,,,,,,,,,,,,,,,,,,,,,,,,,,,,,,,,,,,,,,,,,,,,,,,,,,,,,,,,"",0,,,,,,,,,,,,,0,"",,,,0,""
188,,7,1,10,2,0,0,0,0,0,0,255,255,255,21,5888.619,"Slaris",R,29,86,139,-0.86,0.319,0.116,1.831,-0.044,1.667,-36.485,36.194,77,19,4,2,"",-247.329,-156.939,8.049,0,0,4,"しろくま。","Megu3568","Sabo_10","하루（Haru）","kotatu_yowai","Muna_328","濃いめのラー油","schmoneymikey","うよすま",4,R,"kotatu_yowai",190,90.416,0.599,5,24,W,Y,1,5889.6,179,126,88,62,24,,145,131,26.155,7.667,-0.172,1.118,-20.05,0.52,0,0.233,562.433,203.83,46.067,5850.947,-23.114,-142.085,,,,,,0,0,,5895.842,5900.373,5905.596,5910.781,,,,,,,,,,,,,,,,,,,,,,,,,,,,,,,,,-0.043,-37.689,-0.14,-17.807,-16.964,-42.192,-13.014,-65.142,20.836,-49.768,11.92,-64.543,39.825,-115.333,-0.645,-116.254,-37.364,-86.166,0.013,-36.655,,"-라후이-",-0.167,-17.805,,"Kenomo",-16.829,-42.055,,"낑깡__",-13.045,-65.066,,"Ainy4／あいにゃ",20.644,-49.682,,"즉석카레",11.583,-64.556,,"メリニット",39.92,-115.314,,"아침땅_",-1.036,-116.072,,"なおｐ--",-37.367,-86.173,,,,,,,,,,,,,,,,,,,,,,,,,,,,,,,,,,,,,,,,,,,,,,,,,,,,,,,,"",4,9.276,9.276,5.574,0,2,0.091,83.92,35.356,-2.644,88.067,0.07,-1.865,0,"",5900.373,5905.596,,0,""
189,,7,1,11,2,0,0,0,0,0,0,255,255,255,22,5930.888,"Slaris",R,29,97,140,1.181,0.224,-0.039,1.4,0.832,1.56,-36.485,5.682,49,48,3,0,"",-250,-200,35.918,0,0,5,"=","=","=","=","=","=","=","=","=",3,R,"Muna_328",174.8,107,0.503,,24,W,Y,0,,,,,,,,,,,,,,,,,,,,,,,,,,,,,0,0,,,,,,,,,,,,,,,,,,,,,,,,,,,,,,,,,,,,,,-0.041,-37.357,0.167,-18.131,-16.964,-42.583,-12.867,-65.146,21.606,-49.311,10.194,-65.91,35.882,-114.961,-0.527,-118.197,-42.724,-93.484,,,,"",,,,"",,,,"",,,,"",,,,"",,,,"",,,,"",,,,"",,,,,,,,,,,,,,,,,,,,,,,,,,,,,,,,,,,,,,,,,,,,,,,,,,,,,,,,,,"",0,,,,,,,,,,,,,0,"",,,,0,""
190,,7,1,11,2,0,1,0,0,0,0,255,255,255,23,5945.426,"Slaris",R,29,82,134,0.517,-0.301,0.304,1.853,0.484,1.283,-36.485,47.657,67,24,9,2,"",-189.209,-135.76,11.949,0,0,5,"=","=","=","=","=","=","=","=","=",3,R,"Muna_328",174.8,107,0.503,5,24,W,Y,1,5946.507,133,56,103,18,0,,137,91,38.942,-16.629,0.099,0.853,-20.556,-0.41,0,0.732,470.82,237.23,286.444,,,,5906.914,5,15.472,3.293,-86.72,0,0,,5951.929,,,,,,,,,,,,,5952.03,5,,454,0,,,,,,,,,,,,,,,,,,,0.023,-37.787,0.224,-17.998,-16.936,-42.536,-12.596,-65.221,21.586,-49.322,9.729,-66.087,36.41,-115.625,-0.618,-116.312,-42.733,-93.499,0.016,-36.231,,"-라후이-",0.209,-17.98,,"Kenomo",-16.757,-42.34,,"낑깡__",-12.814,-65.63,,"Ainy4／あいにゃ",21.42,-49.232,,"즉석카레",9.771,-65.966,86,"メリニット",36.415,-115.632,,"아침땅_",-0.715,-115.572,,"なおｐ--",-42.733,-93.492,,5958.629,-0.381,-39.276,,,,,,,,,,,,,5952.037,15.527,-86.688,,,,,,,,,,,,,,,,,,,,,,,,,5956.456,9.893,-76.752,,,,,,,,,,"",1,-15.268,-15.268,0.82,0,2,0.386,84.04,38.942,0.942,84.555,0.065,-56.11,0,"즉석카레",,,,130,""
191,,7,1,11,2,0,0,1,0,0,0,255,255,255,24,5974.64,"Slaris",R,29,79,129,1.07,-0.439,0.183,1.469,0.831,1.15,-36.485,18.375,47,49,4,0,"",-250,-200,20.192,0,0,6,"=","=","=","=","=","=","=","=","=",2,L,"濃いめのラー油",190,87.496,0.8,,24,W,Y,0,,,,,,,,,,,,,,,,,,,,,,,,,,,,,0,0,,,,,,,,,,,,,,,,,,,,,,,,,,,,,,,,,,,,,,-0.004,-37.646,0.134,-18.108,-16.443,-42.745,-11.713,-65.755,21.965,-49.472,13.089,-64.691,47.851,-103.604,-0.298,-114.864,-40.484,-89.341,,,,"",,,,"",,,,"",,,,"",,,,"",,,,"",,,,"",,,,"",,,,5978.297,0.367,-37.469,,,,,,,,,,,,,,,,,,,,,,,,,,,,,,,,,,,,,,,,,,,,,,,,,,,,"",0,,,,,,,,,,,,,0,"",,,,0,""
192,,7,1,11,2,0,1,1,0,0,0,255,255,255,25,5990.216,"Slaris",R,29,93,140,0.915,-0.317,0.113,1.567,0.707,1.24,-36.485,14.524,36,62,2,0,"",-242.196,-200,29.634,0,0,6,"=","=","=","=","=","=","=","=","=",2,L,"濃いめのラー油",190,87.496,0.8,,24,W,Y,0,,,,,,,,,,,,,,,,,,,,,,,,,,,,,0,0,,,,,,,,,,,,,,,,,,,,,,,,,,,,,,,,,,,,,,0.038,-37.592,0.182,-18.104,-16.711,-42.356,-11.848,-65.475,22.007,-49.422,13.077,-64.637,47.188,-101.757,-0.437,-114.334,-40.489,-89.341,,,,"",,,,"",,,,"",,,,"",,,,"",,,,"",,,,"",,,,"",,,,5993.865,0.373,-36.903,,,,,,,,,,,,,,,,,,,,,,,,,,,,,,,,,,,,,,,,,,,,,,,,,,,,"",0,,,,,,,,,,,,,0,"",,,,0,""
193,,7,1,11,2,0,2,1,0,0,0,255,255,255,26,6006.774,"Slaris",R,29,92,140,0.389,-1.478,0.091,1.539,0.462,0.505,-36.485,15.593,87,13,0,1,"",-220.816,-200,16.239,0,0,6,"=","=","=","=","=","=","=","=","=",2,L,"濃いめのラー油",190,87.496,0.8,,24,W,Y,0,,,,,,,,,,,,,,,,,,,,,,,,,,,,,0,0,,,,,,,,,,,,,,,,,,,,,,,,,,,,,,,,,,,,,,-0.006,-37.449,0.166,-18.129,-16.714,-42.076,-11.779,-65.466,22.058,-49.359,13.1,-64.563,46.268,-98.751,-0.457,-114.683,-40.489,-89.343,,,,"",,,,"",,,,"",,,,"",,,,"",,,,"",,,,"",,,,"",,,,6010.45,0.011,-37.113,,,,,,,,,,,,,,,,,,,,,,,,,,,,,,,,,,,,,,,,,,,,,,,,,,,,"",0,,,,,,,,,,,,,0,"",,,,0,""
194,,7,1,11,2,1,2,1,0,0,0,255,255,255,27,6022.362,"Slaris",R,13,67,108,-0.858,-0.307,0.317,1.855,0.333,1.833,-36.485,33.244,69,31,0,2,"",-383.336,312.348,-7.021,0,0,6,"=","=","=","=","=","=","=","=","=",2,L,"濃いめのラー油",190,87.496,0.8,3,24,W,Y,1,6023.547,218,39,79,64,29,,145,130,-19.648,11.094,-0.156,0.901,-21.273,0.3,0,0.277,-485.377,-250.638,182.966,5978.014,-0.605,-23.583,5979.864,3,-9.263,0.374,-68.545,0,0,,6028.969,,,,,,,,,,,,,6028.268,6,,147,64,,,,,,,,,,,,,,,,,,,0.089,-37.742,0.197,-18.105,-16.832,-42.172,-12.079,-65.528,22.022,-49.433,13.11,-64.596,45.783,-98.372,-0.259,-114.59,-40.537,-89.431,-0.302,-36.654,,"-라후이-",0.165,-18.094,,"Kenomo",-16.653,-41.958,85,"낑깡__",-12.362,-66.286,104,"Ainy4／あいにゃ",21.866,-49.331,,"즉석카레",13.155,-64.47,,"メリニット",45.793,-98.376,,"아침땅_",-0.297,-114.228,,"なおｐ--",-40.495,-89.374,,6030.219,-0.727,-38.394,,,,6027.643,-18.936,-40.729,6025.515,-9.65,-69.613,,,,,,,,,,,,,,,,,,,,,,6029.165,-17.819,-39.794,6026.378,-11.547,-67.067,,,,,,,,,,,,,,,,"",2,,,,,,,,,,,,,0,"낑깡__",,,,98,""
195,,7,1,11,2,0,0,2,0,0,0,255,255,255,28,6045.056,"Slaris",R,14,88,126,1.124,-1.278,0.038,1.702,-0.054,1.242,-36.485,23.93,79,21,0,2,"",390.434,312.348,12.106,0,0,7,"=","=","=","=","=","=","=","=","=",5,L,"schmoneymikey",175.1,80,0.349,3,24,W,Y,1,6046.22,255,146,125,105,0,,145,82,29.407,-63.565,0.275,0.55,-20.317,1,0,0.256,414.337,-386.144,-179.858,6003.081,42.008,-38.844,,,,,,0,0,,,,,,,,,,,,,,,,,,,,,,,,,,,,,,,,,,,,,,0.001,-37.847,0.083,-17.881,-16.18,-43.14,-11.733,-65.484,21.973,-49.984,12.762,-64.734,43.228,-90.08,-0.396,-114.979,-39.656,-92.027,0.129,-35.99,,"-라후이-",0.031,-17.874,,"Kenomo",-15.946,-43.141,,"낑깡__",-11.685,-66.728,,"Ainy4／あいにゃ",21.819,-49.877,,"즉석카레",12.88,-64.539,,"メリニット",43.231,-90.081,,"아침땅_",-0.503,-113.464,,"なおｐ--",-39.667,-92.019,,,,,,,,,,,,,,,,,,,,,,,,,,,,,,,,,,,,,,,,,,,,,,,,,,,,,,,,"",3,,,,,,,,,,,,,0,"",,,,0,""
196,,7,1,11,2,0,1,2,0,0,0,255,255,255,29,6062.647,"Slaris",R,29,83,135,-1.825,-0.935,-0.063,1.774,-0.492,0.969,-36.485,29.805,80,17,3,2,"",-215.59,-81.965,20.555,0,0,7,"=","=","=","=","=","=","=","=","=",5,L,"schmoneymikey",175.1,80,0.349,3,24,W,Y,1,6063.794,216,169,72,99,0,,145,82,-25.877,27.426,-0.455,0.517,-20.264,-1,0,0.263,-194.341,531.386,-199.65,6017.914,-0.924,-21.162,6021.281,3,-13.53,0.057,-58.252,1,0,,6068.869,,,,,,,,,,,,,,,,,,,,,,,,,,,,6069.463,2,,,,,,,-0.055,-37.625,-0.056,-17.828,-16.714,-42.182,-11.871,-65.383,22.19,-49.922,12.653,-64.741,43.734,-89.227,0.008,-114.538,-40.319,-92.123,-0.168,-36.274,,"-라후이-",-0.158,-17.793,,"Kenomo",-16.536,-42.156,83,"낑깡__",-12.055,-66.168,95,"Ainy4／あいにゃ",21.955,-49.933,,"즉석카레",12.718,-64.647,,"メリニット",43.833,-89.353,,"아침땅_",-0.081,-114.34,,"なおｐ--",-40.324,-92.123,,6073.364,-0.087,-38.483,,,,6068.704,-17.462,-41.818,6067.216,-13.946,-59.033,,,,,,,,,,,,,,,,,,,,,,6072.255,-18.274,-39.553,6067.949,-14.146,-54.503,,,,,,,,,,,,,,,,"",2,,,,,,,,,,,,,0,"낑깡__",,,,98,""
197,,7,1,11,2,0,0,2,1,0,0,5,255,255,0,6243.036,"Ainy4／あいにゃ",R,3,80,105,-1.919,-0.31,0.3,1.661,0.154,1.438,-36.92,35.954,45,55,0,1,"",-477.273,0,-20.474,0,0,8,"=","=","=","=","=","=","=","=","=",7,R,"うよすま",175.4,85.329,0.498,,24,W,Y,0,,,,,,,,,,,,,,,,,,,,,,,,,,,,,0,0,,,,,,,,,,,,6243.456,,,,,,,,,,,,,,,,,,,,,,,,,,-0.089,-37.997,-0.187,-17.767,-18.785,-39.82,-13.452,-64.807,20.418,-46.69,8.49,-66.342,45.666,-100.492,-0.784,-113.115,-40.634,-89.572,,,,"",,,,"",,,,"",,,,"",,,,"",,,,"",,,,"",,,,"",,,,,,,,,,,,,,,,,,,,,,,,,,,,,,,,,,,,,,,,,,,,,,,,,,,,,,,,,,"",0,,,,,,,,,,,,,0,"",,,,0,""
198,,7,1,11,2,1,0,2,1,0,0,5,255,255,1,6264.059,"Ainy4／あいにゃ",R,27,88,140,-0.372,-0.143,0.194,1.685,-0.262,1.414,-36.92,21.192,44,56,0,0,"",66.53,-104.662,-0.945,0,0,8,"=","=","=","=","=","=","=","=","=",7,R,"うよすま",175.4,85.329,0.498,,24,W,Y,0,,,,,,,,,,,,,,,,,,,,,,,,,,,,,0,0,,,,,,6267.845,,,,,,,,,,,,,,,,,,,,,,,,,,6271.654,5,,,,,-0.054,-38.18,-0.228,-17.827,-18.672,-39.747,-13.111,-65.138,19.896,-46.478,10.042,-65.909,51.01,-101.852,-2.356,-113.37,-40.634,-89.542,,,,"",,,,"",,,,"",,,,"",,,,"",,,,"",,,,"",,,,"",,,,,,,,,,,,,,,,,,,,,,,,,,,,,,,,,,,,,,,,,,,,,,,,,,,,,,,,,,"",0,,,,,,,,,,,,,0,"",6267.845,,,0,""
199,,7,1,11,2,1,1,2,0,1,0,255,5,255,2,6293.371,"Ainy4／あいにゃ",R,3,79,105,-5.993,0.559,0.513,1.677,0.42,1.03,-36.92,46.277,39,61,0,2,"",-477.273,0,-17.541,0,0,8,"=","=","=","=","=","=","=","=","=",7,R,"うよすま",175.4,85.329,0.498,5,24,W,Y,1,6294.485,168,130,106,99,32,,145,84,-29.196,-44.311,-0.245,0.618,-20.403,1,0,0.516,-48.965,516.701,87.963,6245.164,0.447,-21.115,6246.88,4,19.421,0.218,-40.754,0,0,,6300.232,,,,,,,6299.722,,,,,,6299.901,8,,147,2,,,,,,,,,,,,,,,6296.818,4,,,-0.041,-38.314,-0.087,-17.729,-16.971,-42.237,-12.735,-65.214,20.673,-45.79,5.617,-65.076,44.472,-101.223,-0.33,-111.988,-41.005,-90.068,0.107,-37.236,,"-라후이-",-0.167,-17.784,,"Kenomo",-16.99,-42.227,85,"낑깡__",-13.241,-66.415,,"Slaris",20.695,-45.511,91,"즉석카레",6.666,-65.066,,"メリニット",44.476,-101.226,,"아침땅_",-1.359,-111.752,,"なおｐ--",-41.007,-90.07,,,,,,,,6299.071,-17.978,-39.464,,,,6296.363,20.063,-41.227,,,,,,,,,,,,,,,,,,,6301.061,-17.292,-39.686,,,,6297.382,14.674,-40.708,,,,,,,,,,,,,"",2,-39.57,-39.57,-2.131,0,0,1,-29.727,-29.727,-8.314,-29.727,0,-52.89,0,"Slaris",,6299.722,,34,""
200,SIDE,7,1,11,2,0,0,2,0,0,1,255,255,5,,6302.11,,,,,,,,,,,,,,,,,,,,,,,,0,"=","=","=","=","=","=","=","=","=",,,,,,,,,,,,,,,,,,,,,,,,,,,,,,,,,,,,,,,0,0,,,,,,,,,,,,,,,,,,,,,,,,,,,,,,,,,,,,,,,,,,,,,,,,,,,,,,,,,,,,,,,,,,,,,,,,,,,,,,,,,,,,,,,,,,,,,,,,,,,,,,,,,,,,,,,,,,,,,,,,,,,,,,,,,,,,,,,,,,,,,,,,,"",0,,,,,,,,,,,,,0,"",,,,0,""
201,,7,0,11,2,0,0,0,0,0,0,255,255,255,74,6343.67,"しろくま。",R,6,65,106,2.629,-0.074,0.246,1.33,0.215,1.591,-36.454,6.857,46,54,0,4,"",481.683,0,22.578,0,0,5,"-라후이-","Slaris","Ainy4／あいにゃ","なおｐ--","メリニット","Kenomo","낑깡__","즉석카레","아침땅_",2,R,"Kenomo",190,80,0.449,,24,W,Y,1,,,,,,,,,,,,,,,,,,,,,,,,,,,,,0,0,,,,,,,,,,,,,,,,,,,,,,,,,,,,,,,,,,,,,,0.049,-38.115,0.264,-17.809,-21.317,-48.716,-16.35,-61.81,22.586,-53.878,7.91,-65.108,46.73,-107.317,-8.409,-115.369,-43.949,-101.245,,,,"",,,,"",,,,"",,,,"",,,,"",,,,"",,,,"",,,,"",,,,,,,,,,,,,,,,,,,,,,,,,,,,,,,,,,,,,,,,,,,,,,,,,,,,,,,,,,"",0,,,,,,,,,,,,,0,"",,,,0,""
202,,7,0,11,2,0,1,0,0,0,0,255,255,255,75,6369.28,"しろくま。",R,13,75,113,-2.719,-0.392,0.128,1.459,-0.621,1.85,-36.454,16.078,43,57,0,1,"",-322.744,381.885,5.182,0,0,5,"=","=","=","=","=","=","=","=","=",2,R,"Kenomo",190,80,0.449,,89,W,Y,0,,,,,,,,,,,,,,,,,,,,,,,,,,,,,0,0,,,,,,,,,,,,,,,,,,,,,,,,,,,,,,,,,,,,,,-0.049,-38.091,-0.486,-17.735,-22.145,-49.084,-15.554,-62.096,21.492,-53.824,7.352,-64.52,40.464,-111.122,-9.171,-114.598,-47.058,-101.428,,,,"",,,,"",,,,"",,,,"",,,,"",,,,"",,,,"",,,,"",,,,,,,,,,,,,,,,,,,,,,,,,,,,,,,,,,,,,,,,,,,,,,,,,,,,,,,,,,"",0,,,,,,,,,,,,,0,"",,,,0,""
203,,7,0,11,2,1,1,0,0,0,0,255,255,255,76,6381.075,"しろくま。",R,0,56,111,-1.547,0.805,0.094,1.562,-0.677,2.132,-36.454,14.138,53,47,0,1,"",0,0,1.131,0,0,5,"=","=","=","=","=","=","=","=","=",2,R,"Kenomo",190,80,0.449,,89,W,Y,0,,,,,,,,,,,,,,,,,,,,,,,,,,,,,0,0,,,,,,,,,,,,,,,,,,,,,,,,,,,,,,,,,,,,,,-0.001,-38.133,0.319,-17.868,-20.872,-48.687,-15.619,-62.174,21.376,-54.118,8.129,-65.638,40.457,-111.117,-8.231,-113.31,-47.122,-102.045,,,,"",,,,"",,,,"",,,,"",,,,"",,,,"",,,,"",,,,"",,,,,,,,,,,,,,,,,,,,,,,,,,,,,,,,,,,,,,,,,,,,,,,,,,,,,,,,,,"",0,,,,,,,,,,,,,0,"",,,,0,""
204,,7,0,11,2,2,1,0,0,0,0,255,255,255,77,6395.667,"しろくま。",R,26,92,140,1.252,-0.411,0.255,1.269,0.515,1.195,-36.454,12.732,48,52,0,2,"",18.928,-200,46.855,0,0,5,"=","=","=","=","=","=","=","=","=",2,R,"Kenomo",190,80,0.449,5,89,W,Y,1,6396.685,255,0,56,0,0,,78,69,22.066,27.716,0.232,0.83,-19.69,-1,0,0.212,-123.926,65.753,-338.619,,,,6348.747,2,-17.749,3.697,-53.978,0,0,,,,,,,,,,,,,,,6399.657,5,,451,0,,,,,,,,,,,,,,,,,,,0.005,-38.207,0.006,-17.84,-21.025,-48.538,-15.679,-62.228,21.564,-54.006,7.825,-65.519,40.628,-111.261,-7.595,-112.653,-46.75,-102.503,-0.114,-37.041,,"Megu3568",0.005,-17.901,,"濃いめのラー油",-20.874,-48.658,85,"Muna_328",-15.511,-62.116,,"kotatu_yowai",21.328,-53.953,,"schmoneymikey",7.811,-65.464,,"하루（Haru）",40.615,-111.225,,"うよすま",-7.124,-112.596,,"Sabo_10",-46.882,-102.411,,6405.108,-1.081,-41.915,,,,6399.667,-18.051,-54.727,,,,,,,,,,,,,,,,,,,,,,,,,6404.263,-12.488,-45.771,,,,,,,,,,,,,,,,,,,"",1,27.672,27.672,1.78,0,2,0.316,33.897,22.066,-2.913,35.41,0.019,103.166,0,"濃いめのラー油",,,,65,""
205,,7,0,11,2,0,0,1,0,0,0,255,255,255,78,6417.089,"しろくま。",R,26,86,140,-0.968,-0.886,0.066,1.24,-0.515,0.923,-36.454,12.802,46,54,0,0,"",70.044,-200,24.727,0,0,6,"=","=","=","=","=","=","=","=","=",3,R,"낑깡__",171.6,80,0.402,,24,W,Y,1,,,,,,,,,,,,,,,,,,,,,,,,,,,,,0,0,,,,,,,,,,,,,,,,,,,,,,,,,,,,,,,,,,,,,,0.04,-38.157,0.001,-17.968,-21.901,-49.335,-16.371,-61.483,20.554,-52.423,8.583,-66.263,37.703,-110.697,-4.522,-109.489,-45.6,-98.503,,,,"",,,,"",,,,"",,,,"",,,,"",,,,"",,,,"",,,,"",,,,6420.96,-0.164,-38.416,,,,,,,,,,,,,,,,,,,,,,,,,,,,,,,,,,,,,,,,,,,,,,,,,,,,"",0,,,,,,,,,,,,,0,"",,,,0,""
206,,7,0,11,2,0,1,1,0,0,0,255,255,255,79,6428.623,"しろくま。",R,26,85,137,0.975,0.713,0.295,1.398,0.443,1.826,-36.454,5.135,49,51,0,0,"",-20.691,-200,32.053,0,0,6,"=","=","=","=","=","=","=","=","=",3,R,"낑깡__",171.6,80,0.402,,24,W,Y,1,,,,,,,,,,,,,,,,,,,,,,,,,,,,,0,0,,,,,,,,,,,,,,,,,,,,,,,,,,,,,,,,,,,,,,0.083,-38.311,0.004,-17.924,-21.46,-48.233,-14.455,-60.51,19.279,-51.111,8.681,-66.46,37.486,-110.7,-4.81,-110.522,-47.013,-99.271,,,,"",,,,"",,,,"",,,,"",,,,"",,,,"",,,,"",,,,"",,,,6433.409,-0.492,-38.514,,,,,,,,,,,,,,,,,,,,,,,,,,,,,,,,,,,,,,,,,,,,,,,,,,,,"",0,,,,,,,,,,,,,0,"",,,,0,""
207,,7,0,11,2,0,2,1,0,0,0,255,255,255,80,6441.494,"しろくま。",R,26,86,139,1.327,0.952,0.304,1.437,0.486,1.965,-36.454,0.828,58,42,0,0,"",63.164,-200,25.965,0,0,6,"=","=","=","=","=","=","=","=","=",3,R,"낑깡__",171.6,80,0.402,,24,W,Y,1,,,,,,,,,,,,,,,,,,,,,,,,,,,,,0,0,,,,,,,,,,,,,,,6444.237,6,,578,0,,,,,,,,,,,,,,,,,6444.065,1,0.077,-38.24,-0.001,-17.946,-21.238,-48.834,-14.408,-60.552,19.552,-51.241,8.293,-65.935,37.62,-109.868,-5.624,-109.162,-45.719,-98.463,,,,"",,,,"",,,,"",,,,"",,,,"",,,,"",,,,"",,,,"",,,,6448.007,-0.096,-36.867,,,,,,,,,,,,,,,,,,,,,,,,,,,,,,,,,,,,,,,,,,,,,,,,,,,,"",0,,,,,,,,,,,,,0,"",,,,0,""
208,,7,0,11,2,0,0,2,0,0,0,255,255,255,81,6463.892,"しろくま。",R,26,79,129,0.325,0.526,0.214,1.477,0,1.694,-36.454,10.061,44,56,0,2,"",91.158,-200,12.961,0,0,7,"=","=","=","=","=","=","=","=","=",5,R,"즉석카레",169.7,94.781,0.546,0,24,W,Y,1,6464.748,162,201,47,59,28,,133,117,-2.489,11.774,0.06,1.071,-20.397,0.17,0,0.256,-531.588,-44.403,115.219,6413.714,-2.399,-32.265,6417.031,7,-16.225,0.058,-98.87,1,0,,6470.214,,,,,,,,,,,,,,,,,,,,,,,,,,,,,,,,,,,,0.081,-38.205,-0.003,-17.967,-20.797,-48.324,-14.468,-60.508,16.962,-46.618,8.192,-65.795,35.177,-110.461,-3.309,-110.219,-44.916,-98.408,0.268,-36.98,,"Megu3568",-0.003,-17.985,,"濃いめのラー油",-20.77,-48.369,,"Muna_328",-14.452,-60.487,,"kotatu_yowai",16.606,-46.825,,"schmoneymikey",8.212,-65.815,72,"하루（Haru）",35.001,-110.588,,"うよすま",-3.309,-110.213,115,"Sabo_10",-44.848,-98.297,,6475.592,-0.079,-43.835,,,,,,,,,,,,,6470.981,-0.054,-59.915,,,,6468.484,-16.459,-100.364,,,,,,,,,,,,,,,,,,,6474.672,-4.419,-53.156,,,,6469.418,-14.174,-94.267,,,,"",2,,,,,,,,,,,,,0,"うよすま",,,,385,""
209,,7,0,11,2,0,0,2,1,0,0,15,255,255,82,6488.619,"しろくま。",R,26,82,134,0.808,-0.377,0.241,1.225,0.191,1.204,-36.454,13.237,34,66,0,2,"",113.296,-200,33.324,0,0,8,"=","=","=","=","=","=","=","=","=",7,R,"아침땅_",170.2,86.571,0.5,5,24,W,Y,1,6489.622,130,143,144,41,22,,140,83,104.028,35.303,0.152,0.785,-20.128,-0.82,0.095,0.266,334.596,340.061,-235.257,6444.831,15.22,-1.537,,,,,,0,0,,,,,,,,,,,,6488.813,,,,,,,,,,,,,,,,,,,,,,,,,,0.138,-37.809,-0.009,-17.981,-18.674,-39.386,-16.705,-60.536,17.303,-47.728,8.496,-66.131,36.091,-106.359,-5.684,-109.256,-46.218,-93.257,-0.157,-36.817,,"Megu3568",-0.03,-18.283,,"濃いめのラー油",-18.617,-41.796,,"Muna_328",-16.697,-60.554,,"kotatu_yowai",16.416,-48.311,,"schmoneymikey",8.336,-65.959,,"하루（Haru）",36.104,-106.387,,"うよすま",-5.826,-109.243,,"Sabo_10",-46.196,-93.255,,,,,,,,,,,,,,,,,,,,,,,,,,,,,,,,,,,,,,,,,,,,,,,,,,,,,,,,"",3,35.153,35.153,-3.482,0,0,1,75.972,75.972,5.403,75.972,0,55.506,0,"",,,,0,""
210,,7,0,11,2,0,1,2,1,0,0,15,255,255,83,6511.454,"しろくま。",R,26,70,122,1.658,1.364,0.33,1.489,0.603,2.157,-36.454,3.732,59,41,0,1,"",69.146,-200,20.596,0,0,8,"=","=","=","=","=","=","=","=","=",7,R,"아침땅_",170.2,86.571,0.5,,37,W,Y,0,,,,,,,,,,,,,,,,,,,,,,,,,,,,,0,0,,,,,,,,,,,,6511.536,,,,,,,,,,,,,,,,,,6514.771,2,,,,,,,0.157,-38.113,0.02,-17.855,-18.568,-39.362,-15.9,-60.601,17.241,-47.707,7.641,-65.597,42.786,-109.56,-5.817,-112.035,-44.709,-93.26,,,,"",,,,"",,,,"",,,,"",,,,"",,,,"",,,,"",,,,"",,,,,,,,,,,,,,,,,,,,,,,,,,,,,,,,,,,,,,,,,,,,,,,,,,,,,,,,,,"",0,,,,,,,,,,,,,0,"",,,,0,""
211,,7,0,11,2,1,1,2,1,0,0,15,255,255,84,6549.136,"しろくま。",R,26,82,133,1.318,0.407,0.289,1.346,0.412,1.641,-36.454,3.753,52,48,0,0,"",110.315,-200,25.245,0,0,8,"=","=","=","=","=","=","=","=","=",7,R,"아침땅_",170.2,86.571,0.5,,37,W,Y,0,,,,,,,,,,,,,,,,,,,,,,,,,,,,,0,0,,,,,,,,,,,,6549.306,,,,,,,,,,,,,,,,,,,,,,,,,,0.08,-37.681,-0.008,-17.826,-18.177,-39.461,-15.189,-61.519,18.015,-49.212,7.701,-65.534,42.836,-111.684,-5.341,-111.377,-46.189,-96.809,,,,"",,,,"",,,,"",,,,"",,,,"",,,,"",,,,"",,,,"",,,,,,,,,,,,,,,,,,,,,,,,,,,,,,,,,,,,,,,,,,,,,,,,,,,,,,,,,,"",0,,,,,,,,,,,,,0,"",,,,0,""
212,,7,0,11,2,1,2,2,1,0,0,15,255,255,85,6562.657,"しろくま。",R,13,75,114,-2.154,-1.195,0.129,1.287,-0.329,1.427,-36.454,7.913,47,53,0,1,"",-353.559,353.548,9.867,0,0,8,"=","=","=","=","=","=","=","=","=",7,R,"아침땅_",170.2,86.571,0.5,,37,W,Y,0,,,,,,,,,,,,,,,,,,,,,,,,,,,,,0,0,,,,,,,,,,,,6562.947,,,,,,,,,,,,,,,,,,,,,,,,,,0.042,-37.959,-0.419,-17.837,-18.659,-39.502,-15.187,-61.522,17.652,-49.727,6.79,-63.791,40.581,-109.806,-4.671,-111.494,-46.699,-96.979,,,,"",,,,"",,,,"",,,,"",,,,"",,,,"",,,,"",,,,"",,,,,,,,,,,,,,,,,,,,,,,,,,,,,,,,,,,,,,,,,,,,,,,,,,,,,,,,,,"",0,,,,,,,,,,,,,0,"",,,,0,""
213,,7,0,11,2,2,2,2,1,0,0,15,255,255,86,6577.238,"しろくま。",R,26,86,139,3.222,-0.942,0.268,1.194,0.317,1.092,-36.454,16.342,43,57,0,4,"",65.156,-200,42.269,-0.132,-20.656,8,"=","=","=","=","=","=","=","=","=",7,R,"아침땅_",170.2,86.571,0.5,,37,W,Y,1,,,,,,,,,,,,,,,,,,,,,,,,,,,,,0,256,,,,,,,,,,,,6577.445,,,6579.899,8,,578,0,,,,,,,,,,,,,,,,,6579.566,1,0.038,-37.894,0.164,-17.819,-18.314,-39.525,-15.154,-61.468,17.909,-49.271,7.938,-65.29,38.262,-106.437,-5.618,-110.656,-46.576,-96.589,,,,"",,,,"",,,,"",,,,"",,,,"",,,,"",,,,"",,,,"",,,,,,,,,,,,,,,,,,,,,,,,,,,,,,,,,,,,,,,,,,,,,,,,,,,,,,,,,,"",0,,,,,,,,,,,,,0,"",,,,0,""
214,END,8,1,11,2,0,0,0,0,0,0,255,255,255,,6620.021,,,,,,,,,,,,,,,,,,,,,,,,,,,,,,,,,,,,,,,,,,,,,,,,,,,,,,,,,,,,,,,,,,,,,,,,,,,,,,,,,,,,,,,,,,,,,,,,,,,,,,,,,,,,,,,,,,,,,,,,,,,,,,,,,,,,,,,,,,,,,,,,,,,,,,,,,,,,,,,,,,,,,,,,,,,,,,,,,,,,,,,,,,,,,,,,,,,,,,,,,,,,,,,,,,,,,,,,,,,,,,,,,,,,,,,,,,,,,,,"{""schemaVersion"":16,""gameTimeZeroUtc"":""2026-09-19T12:53:42.470Z"",""exportedAtUtc"":""2026-09-19T14:44:02.491Z"",""teamNameA"":""HS"",""teamNameB"":""SS""}"
