id,type,inn,half,scoreA,scoreB,ball,strk,out,b1,b2,b3,b1Idx,b2Idx,b3Idx,pCnt,pSec,pName,pHand,pType,pPow,spdK,zoneX,zoneY,startX,startY,targetX,targetY,zDist,pitchAngle,pOver,pSide,pUnder,call,manual,sH,sV,gyro,plx,plz,bIdx,order1Name,order2Name,order3Name,order4Name,order5Name,order6Name,order7Name,order8Name,order9Name,bPos,bZone,bName,bHCm,batLen,batCen,batType,bFps,bOS,bVR,bSwing,hSec,rotS,rotL,shS,lgS,prepS,gripPen,batSpd,ev,ldeg,sdeg,launchPosX,launchPosY,launchPosZ,hPos,buntGrip,handDist,angVeloX,angVeloY,angVeloZ,ltSec,lx,lz,cSec,cPos,cx,cy,cz,1BSafe,tag,cpSec,bTo1Sec,bTo2Sec,bTo3Sec,bToHSec,r1To2Sec,r1To3Sec,r1ToHSec,r2To3Sec,r2ToHSec,r3ToHSec,r1LeaveSec,r2LeaveSec,r3LeaveSec,out1Sec,out1BatterIndex,out1PrevBase,out1Code,out1Ass,out2Sec,out2BatterIndex,out2PrevBase,out2Code,out2Ass,out3Sec,out3BatterIndex,out3PrevBase,out3Code,out3Ass,ball1Sec,ball1Pos,ball2Sec,ball2Pos,ball3Sec,ball3Pos,ballHSec,ballHPos,PitchPPosX,PitchPPosZ,PitchCPosX,PitchCPosZ,Pitch1BPosX,Pitch1BPosZ,Pitch2BPosX,Pitch2BPosZ,Pitch3BPosX,Pitch3BPosZ,PitchSSPosX,PitchSSPosZ,PitchLFPosX,PitchLFPosZ,PitchCFPosX,PitchCFPosZ,PitchRFPosX,PitchRFPosZ,PPosX,PPosY,PThrSpd,CName,CPosX,CPosY,CThrSpd,1BName,1BPosX,1BPosY,1BThrSpd,2BName,2BPosX,2BPosY,2BThrSpd,3BName,3BPosX,3BPosY,3BThrSpd,SSName,SSPosX,SSPosY,SSThrSpd,LFName,LFPosX,LFPosY,LFThrSpd,CFName,CFPosX,CFPosY,CFThrSpd,RFName,RFPosX,RFPosY,RFThrSpd,PGetSec,PGetX,PGetZ,CGetSec,CGetX,CGetZ,1BGetSec,1BGetX,1BGetZ,2BGetSec,2BGetX,2BGetZ,3BGetSec,3BGetX,3BGetZ,SSGetSec,SSGetX,SSGetZ,LFGetSec,LFGetX,LFGetZ,CFGetSec,CFGetX,CFGetZ,RFGetSec,RFGetX,RFGetZ,PThrSec,PThrX,PThrZ,CThrSec,CThrX,CThrZ,1BThrSec,1BThrX,1BThrZ,2BThrSec,2BThrX,2BThrZ,3BThrSec,3BThrX,3BThrZ,SSThrSec,SSThrX,SSThrZ,LFThrSec,LFThrX,LFThrZ,CFThrSec,CFThrX,CFThrZ,RFThrSec,RFThrX,RFThrZ,errPosDelta,result,swPreDeg,swTargetDeg,swApproachDeg,swCorr,swSource,swProximity,swVRawDeg,swVAdjustedDeg,swVMotionDeg,swVClosestDeg,swVYShrink,swGeometryDeg,balk,cPlr,sb2Sec,sb3Sec,sbhSec,ass,remarks
1,,1,1,0,0,0,0,0,0,0,0,255,255,255,0,1072.588,"Pugeuk",R,29,88,140,-1.212,0.199,0.394,1.738,-0.255,1.611,-36.563,28.101,94,6,0,0,"",-210.616,-109.424,5.933,0,0,0,"ByeolBam","쟈가리코","shimenawa","encounter v","_송글_","わだ、、","DoYaGee","yumi2012","muyang_",7,R,"ByeolBam",175.3,88,0.5,,130,W,Y,1,,,,,,,,,,,,,,,,,,,,,,,,,,,,,0,0,,,,,,,,,,,,,,,,,,,,,,,,,,,,,,,,,,,,,,0.007,-37.329,-0.02,-16.795,-19.69,-44.074,-16.487,-61.609,18.641,-51.617,10.069,-65.346,48.382,-103.071,-0.712,-117.217,-45.556,-99.98,,,,"",,,,"",,,,"",,,,"",,,,"",,,,"",,,,"",,,,"",,,,,,,,,,,,,,,,,,,,,,,,,,,,,,,,,,,,,,,,,,,,,,,,,,,,,,,,,,"",0,,,,,,,,,,,,,0,"",,,,0,""
2,,1,1,0,0,0,1,0,0,0,0,255,255,255,1,1092.623,"Pugeuk",R,6,85,109,0.859,0.49,0.28,1.851,-0.524,1.89,-36.563,23.74,92,8,0,2,"",477.854,0,14.341,0,0,0,"=","=","=","=","=","=","=","=","=",7,R,"ByeolBam",175.3,88,0.5,5,130,W,Y,1,1093.74,206,112,117,90,50,,145,84,93.279,-13.614,0.163,1.108,-20.385,-1,0,0.27,489.568,-47.088,-332.149,1100.229,2.501,-9.598,1100.354,1,2.512,3.263,-9.766,0,0,,,,,,,,,,,,,,,1100.132,0,,450,0,,,,,,,,,,,,,,,,,,,0.093,-37.405,-0.034,-16.851,-19.571,-44.15,-16.301,-60.841,20.095,-50.683,9.69,-65.701,48.406,-103.149,-0.976,-117.144,-45.553,-99.941,0.419,-37.122,,"HalF_HearteD",-0.081,-16.863,130,"magimari",-19.236,-44.072,,"Rite_",-16.232,-60.675,,"bdg06213",20.022,-50.641,,"Pring__",9.624,-65.516,,"ame_3",48.378,-103.163,,"alcohol500",-1.01,-116.994,,"Pizzallaris",-45.556,-99.948,,1103.445,0.339,-37.669,1100.143,2.594,-9.543,,,,,,,,,,,,,,,,,,,,,,,,,1102.384,2.407,-12.806,,,,,,,,,,,,,,,,,,,,,,"",1,-15.593,-15.593,-1.973,0,0,1,86.721,86.721,6.298,86.721,0,-17.555,0,"HalF_HearteD",,,,32,""
3,,1,1,0,0,0,0,1,0,0,0,255,255,255,2,1120.675,"Pugeuk",R,6,86,110,0.841,-0.459,0.319,1.599,-0.403,1.329,-36.563,18.477,58,42,0,0,"",482.641,0,4.509,0,0,1,"=","=","=","=","=","=","=","=","=",2,L,"쟈가리코",190,82,0.45,,128,W,Y,0,,,,,,,,,,,,,,,,,,,,,,,,,,,,,0,0,,,,,,,,,,,,,,,,,,,,,,,,,,,,,,,,,,,,,,0.005,-37.252,0.118,-16.699,-19.828,-43.012,-11.826,-64.427,21.748,-50.555,12.309,-65.032,56.903,-100.081,10.667,-115.063,-45.55,-99.96,,,,"",,,,"",,,,"",,,,"",,,,"",,,,"",,,,"",,,,"",,,,1125.901,-0.511,-37.596,,,,,,,,,,,,,,,,,,,,,,,,,,,,,,,,,,,,,,,,,,,,,,,,,,,,"",0,,,,,,,,,,,,,0,"",,,,0,""
4,,1,1,0,0,0,1,1,0,0,0,255,255,255,3,1142.079,"Pugeuk",R,30,81,131,3.247,-0.841,0.784,1.558,1.556,1.033,-36.563,29.762,60,40,0,1,"",-113.21,-47.179,8.005,0,0,1,"=","=","=","=","=","=","=","=","=",2,L,"쟈가리코",190,82,0.45,,128,W,Y,0,,,,,,,,,,,,,,,,,,,,,,,,,,,,,0,0,,,,,,,,,,,,,,,,,,,,,,,,,,,,,,,,,,,,,,0.266,-37.266,0.126,-16.809,-19.828,-43.04,-11.143,-64.347,21.895,-51.007,11.942,-65.521,56.328,-100.609,7.482,-115.989,-45.564,-99.964,,,,"",,,,"",,,,"",,,,"",,,,"",,,,"",,,,"",,,,"",,,,1146.361,-0.489,-37.896,,,,,,,,,,,,,,,,,,,,,,,,,,,,,,,,,,,,,,,,,,,,,,,,,,,,"",0,,,,,,,,,,,,,0,"",,,,0,""
5,,1,1,0,0,1,1,1,0,0,0,255,255,255,4,1159.979,"Pugeuk",R,6,83,108,1.297,-0.279,0.341,1.652,-0.334,1.443,-36.563,18.451,92,8,0,2,"",471.869,0,13.628,0,0,1,"=","=","=","=","=","=","=","=","=",2,L,"쟈가리코",190,82,0.45,0,128,W,Y,1,1161.188,204,108,91,92,32,,145,92,27.328,-54.922,0.24,0.915,-20.432,1,0,0.592,297.585,-369.989,-33.27,1164.825,56.918,-54.464,,,,,,0,0,,,,,,,,,,,,,,,,,,,,,,,,,,,,,,,,,,,,,,0.05,-37.318,0.176,-16.799,-19.554,-43.253,-10.792,-64.121,22.483,-50.996,12.127,-64.627,56.314,-100.679,8.879,-116.543,-45.528,-99.905,0.462,-37.113,,"HalF_HearteD",0.127,-16.789,,"magimari",-19.461,-43.169,,"Rite_",-10.894,-63.985,,"bdg06213",23.024,-50.61,,"Pring__",12.029,-64.333,,"ame_3",56.284,-100.658,,"alcohol500",9.039,-116.536,,"Pizzallaris",-45.536,-99.898,,,,,,,,,,,,,,,,,,,,,,,,,,,,,,,,,,,,,,,,,,,,,,,,,,,,,,,,"",3,,,,,,,,,,,,,0,"",,,,0,""
6,,1,1,0,0,1,2,1,0,0,0,255,255,255,5,1178.872,"Pugeuk",R,14,72,100,1.131,-0.871,0.383,1.719,-0.203,1.586,-36.563,23.558,92,8,0,2,"",328.127,346.01,4.042,0,0,1,"=","=","=","=","=","=","=","=","=",2,L,"쟈가리코",190,82,0.45,5,128,W,Y,1,1180.141,162,193,92,71,56,,145,131,28.541,9.419,0.21,0.684,-20.398,0.62,0,0.55,463.267,-263.35,-65.079,1186.267,-12.546,-142.459,,,,,,0,0,,1185.834,1190.45,1195.617,1200.92,,,,,,,,,,,,,,,,,,,,,,,,,,,,,,,,,0.183,-37.21,0.332,-16.832,-19.745,-43.905,-10.482,-63.267,24.141,-49.035,12.579,-65.246,58.164,-98.359,8.349,-114.671,-45.542,-99.931,0.508,-37.213,,"HalF_HearteD",0.271,-16.846,,"magimari",-19.743,-43.731,,"Rite_",-10.509,-63.462,,"bdg06213",24.079,-49.019,,"Pring__",12.478,-65.017,,"ame_3",58.088,-98.408,,"alcohol500",8.511,-114.763,,"Pizzallaris",-45.537,-99.918,,,,,,,,,,,,,,,,,,,,,,,,,,,,,,,,,,,,,,,,,,,,,,,,,,,,,,,,"",4,8.389,8.389,-0.498,0,0,1,53.797,53.797,62.342,53.797,0,10.013,0,"",1190.45,1195.617,,0,""
7,,1,1,1,0,0,0,1,0,0,0,255,255,255,6,1224.579,"Pugeuk",R,29,75,126,-2.948,1.056,0.439,1.704,-0.049,1.493,-36.563,28.168,97,3,0,2,"",-163.72,-107.19,7.854,0,0,2,"=","=","=","=","=","=","=","=","=",5,L,"shimenawa",174.8,94.576,0.295,3,124,W,Y,1,1225.683,126,99,87,82,9,,138,114,12.933,3.475,-0.122,0.943,-20.269,0.76,0,0.34,262.232,-505.954,147.249,,,,1229.775,7,1.844,1.928,-103.5,0,0,,,,,,,,,,,,,,,1229.526,2,,456,0,,,,,,,,,,,,,,,,,,,0.053,-37.299,-0.178,-16.751,-20.244,-44.503,-10.402,-65.041,19.635,-48.15,12.716,-64.991,50.577,-98.063,1.549,-117.425,-42.337,-96.634,0.101,-37.233,,"HalF_HearteD",-0.188,-16.842,,"magimari",-19.712,-44.417,,"Rite_",-10.178,-64.852,,"bdg06213",19.698,-48.485,,"Pring__",12.654,-64.857,85,"ame_3",50.53,-98.02,,"alcohol500",1.921,-117.619,99,"Pizzallaris",-42.328,-96.645,,1235.421,-1.413,-42.364,,,,,,,,,,,,,1232.742,-0.161,-57.763,,,,1229.537,1.955,-104.789,,,,,,,,,,,,,,,,,,,1234.552,-0.374,-55.529,,,,1230.81,1.989,-98.395,,,,"",1,,,,,,,,,,,,,0,"alcohol500",,,,257,""
8,,1,1,1,0,0,0,2,0,0,0,255,255,255,7,1252.464,"Pugeuk",R,3,57,89,-1.594,0.095,0.596,1.766,0.06,1.697,-36.563,58.877,77,23,0,1,"",-380.582,0,18.028,0,0,3,"=","=","=","=","=","=","=","=","=",9,L,"encounter v",190,86.067,0.42,,123,W,Y,0,,,,,,,,,,,,,,,,,,,,,,,,,,,,,0,0,,,,,,,,,,,,,,,,,,,,,,,,,,,,,,,,,,,,,,0.062,-37.245,-0.168,-16.847,-19.759,-43.629,-8.997,-63.712,22.394,-49.554,11.949,-64.509,52.404,-97.037,2.206,-116.636,-41.933,-99.55,,,,"",,,,"",,,,"",,,,"",,,,"",,,,"",,,,"",,,,"",,,,1257.336,-0.672,-37.405,,,,,,,,,,,,,,,,,,,,,,,,,,,,,,,,,,,,,,,,,,,,,,,,,,,,"",0,,,,,,,,,,,,,0,"",,,,0,""
9,,1,1,1,0,1,0,2,0,0,0,255,255,255,8,1269.102,"Pugeuk",R,29,82,134,1.567,-0.106,0.65,1.675,0.934,1.411,-36.563,30.263,94,6,0,2,"",-190.194,-141.437,6.285,0,0,3,"=","=","=","=","=","=","=","=","=",9,L,"encounter v",190,86.067,0.42,5,123,W,Y,1,1270.112,174,137,93,19,31,,137,101,29.122,-47.702,0.254,0.915,-19.459,0.94,0,0.267,480.725,-239.98,213.226,1275.508,68.045,-73.823,,,,,,0,0,,,,,,,,,,,,,,,,,,,,,,,,,,,,,,,,,,,,,,0.199,-37.279,0.304,-16.922,-19.695,-43.419,-12.347,-63.904,23.213,-48.923,11.576,-64.844,52.803,-97.354,4.426,-115.222,-41.946,-99.558,0.243,-37.147,,"HalF_HearteD",0.252,-16.909,,"magimari",-19.403,-43.519,,"Rite_",-12.276,-63.824,,"bdg06213",23.344,-49.672,,"Pring__",11.57,-64.825,,"ame_3",52.806,-97.348,,"alcohol500",4.294,-115.306,,"Pizzallaris",-41.944,-99.562,,,,,,,,,,,,,,,,,,,,,,,,,,,,,,,,,,,,,,,,,,,,,,,,,,,,,,,,"",3,-45.777,-45.777,-13.019,0,0,1,55.41,55.41,49.544,55.41,0,-49.383,0,"",,,,0,""
10,,1,1,1,0,1,1,2,0,0,0,255,255,255,9,1294.457,"Pugeuk",R,6,88,111,1.49,-0.781,0.369,1.506,-0.247,1.128,-36.563,16.284,54,46,0,4,"",487.28,0,11.006,0,0,3,"=","=","=","=","=","=","=","=","=",9,L,"encounter v",190,86.067,0.42,,123,W,Y,1,,,,,,,,,,,,,,,,,,,,,,,,,,,,,0,0,,,,,,,,,,,,,,,,,,,,,,,,,,,,,,,,,,,,,,0.059,-37.281,0.217,-16.93,-19.996,-43.542,-12.573,-64.381,23.551,-49.642,14.094,-64.21,49.95,-94.04,3.539,-116.372,-41.933,-99.552,,,,"",,,,"",,,,"",,,,"",,,,"",,,,"",,,,"",,,,"",,,,,,,,,,,,,,,,,,,,,,,,,,,,,,,,,,,,,,,,,,,,,,,,,,,,,,,,,,"",0,,,,,,,,,,,,,0,"",,,,0,""
11,,1,1,1,0,1,2,2,0,0,0,255,255,255,10,1311.265,"Pugeuk",R,29,84,136,1.906,-1.021,0.67,1.3,1.029,0.843,-36.563,21.819,54,46,0,2,"",-156.528,-150.375,11.134,0,0,3,"=","=","=","=","=","=","=","=","=",9,L,"encounter v",190,86.067,0.42,3,123,W,Y,1,1312.201,255,197,83,58,0,,145,130,-30,21.724,0.335,0.595,-19.873,0.62,0,0.86,-293.126,8.396,197.891,1312.454,-0.034,-20.798,1314.3,3,-15.331,2.489,-59.209,0,0,,1317.81,,,,,,,,,,,,,1316.735,3,,147,64,,,,,,,,,,,,,,,,,,,0.277,-37.272,0.247,-16.922,-19.867,-42.511,-12.762,-64.035,23.983,-50.063,12.994,-64.125,50.685,-95.603,2.004,-115.869,-41.941,-99.549,0.566,-37.029,,"HalF_HearteD",0.247,-16.928,,"magimari",-19.443,-42.833,,"Rite_",-12.856,-63.907,87,"bdg06213",23.921,-50.147,,"Pring__",12.921,-63.954,,"ame_3",50.683,-95.613,,"alcohol500",2.687,-115.766,,"Pizzallaris",-41.936,-99.545,,,,,,,,1316.121,-19.064,-40.427,1314.113,-15.538,-60.147,,,,,,,,,,,,,,,,,,,,,,,,,1315.22,-15.746,-55.363,,,,,,,,,,,,,,,,"",2,,,,,,,,,,,,,0,"Rite_",,,,72,""
12,SIDE,1,1,1,0,0,0,2,0,0,0,255,255,255,,1318.206,,,,,,,,,,,,,,,,,,,,,,,,4,"=","=","=","=","=","=","=","=","=",,,,,,,,,,,,,,,,,,,,,,,,,,,,,,,,,,,,,,,0,0,,,,,,,,,,,,,,,,,,,,,,,,,,,,,,,,,,,,,,,,,,,,,,,,,,,,,,,,,,,,,,,,,,,,,,,,,,,,,,,,,,,,,,,,,,,,,,,,,,,,,,,,,,,,,,,,,,,,,,,,,,,,,,,,,,,,,,,,,,,,,,,,,"",0,,,,,,,,,,,,,0,"",,,,0,""
13,,1,0,1,0,0,0,0,0,0,0,255,255,255,0,1479.088,"Riyaj",R,27,89,140,-3.792,-1.63,-0.133,1.752,-1.548,0.629,-36.788,7.122,49,51,0,3,"",47.647,-147.338,5.879,-0.25,-19.748,0,"Pring__","-Alta-","ame_3","magimari","bdg06213","HalF_HearteD","Rite_","Pizzallaris","alcohol500",5,L,"Pring__",174.7,91.089,0.428,,117,W,Y,0,,,,,,,,,,,,,,,,,,,,,,,,,,,,,0,0,,,,,,,,,,,,,,,,,,,,,,,,,,,,,,,,,,,,,,-0.138,-37.41,-0.056,-17.494,-21.606,-48.209,-16.014,-63.055,20.995,-47.698,14.196,-64.11,47.862,-96.937,0.276,-115.916,-45.422,-100.27,,,,"",,,,"",,,,"",,,,"",,,,"",,,,"",,,,"",,,,"",,,,,,,,,,,,,,,,,,,,,,,,,,,,,,,,,,,,,,,,,,,,,,,,,,,,,,,,,,"",6,,,,,,,,,,,,,0,"",,,,0,""
14,,1,0,1,0,0,0,0,1,0,0,15,255,255,4,1504.607,"Riyaj",R,26,90,140,-1.721,0.379,0.026,2.052,-0.807,1.68,-36.788,18.409,90,10,0,2,"",46.256,-170.651,3.446,0,0,1,"=","=","=","=","=","=","=","=","=",9,L,"-Alta-",190,86,0.499,5,116,W,Y,1,1505.523,133,73,103,64,24,,139,131,28.006,-47.73,-0.334,1.098,-19.542,0.42,0,0.292,-165.103,98.496,-515.759,1510.163,75.96,-90.725,,,,,,0,0,,,,,,1510.685,,,,,,1528.561,,,,,,,,,,,,,,,,,,,,,,,,,,-0.131,-37.433,-0.064,-17.227,-19.644,-43.494,-9.44,-58.213,19.718,-46.171,13.431,-63.966,47.855,-96.893,0.341,-115.088,-45.883,-100.92,-0.071,-37.3,,"DoYaGee",-0.105,-17.287,,"쟈가리코",-19.436,-45.902,,"muyang_",-9.632,-57.98,,"わだ、、",19.18,-46.412,,"shimenawa",13.423,-63.85,,"_송글_",47.835,-96.869,,"ByeolBam",0.254,-113.694,,"yumi2012",-45.905,-100.896,,,,,,,,,,,,,,,,,,,,,,,,,,,,,,,,,,,,,,,,,,,,,,,,,,,,,,,,"",3,-62.974,-38.756,1.577,0.671,1,0.694,65.716,51.246,8.015,82.892,0.033,-142.397,0,"",1510.685,,,0,""
15,,1,0,1,0,0,1,0,1,0,0,15,255,255,5,1549.493,"Riyaj",R,10,84,125,0.535,-1.659,0.249,1.842,0.226,1.002,-36.788,19.268,55,45,0,1,"",0,400,5.185,0.08,-18.393,1,"=","=","=","=","=","=","=","=","=",9,L,"-Alta-",190,86,0.499,,116,W,Y,0,,,,,,,,,,,,,,,,,,,,,,,,,,,,,0,0,,,,,,,,,,,,1562.996,,,,,,,,,,,,,,,,,,,,,,,,,,-0.067,-37.416,0.224,-17.325,-19.991,-42.45,-11.373,-58.776,20.01,-47.023,10.648,-63.2,46.483,-96.125,0.066,-118.068,-48.142,-103.032,,,,"",,,,"",,,,"",,,,"",,,,"",,,,"",,,,"",,,,"",,,,,,,,,,,,,,,,,,,,,,,,,,,,,,,,,,,,,,,,,,,,,,,,,,,,,,,,,,"",0,,,,,,,,,,,,,0,"",,,,0,""
16,,1,0,1,0,1,1,0,1,0,0,15,255,255,6,1565.862,"Riyaj",R,27,83,135,-0.807,1.164,0.113,2.21,-0.405,2.194,-36.788,34.67,86,14,0,1,"",34.457,-139.073,0.797,0,0,1,"=","=","=","=","=","=","=","=","=",9,L,"-Alta-",190,86,0.499,,116,W,Y,0,,,,,,,,,,,,,,,,,,,,,,,,,,,,,0,0,,,,,,,,,,,,1585.874,,,,,,,,,,,,,,,,,,,,,,,,,,-0.139,-37.421,-0.089,-17.376,-19.838,-41.374,-10.672,-58.031,19.343,-46.063,13.391,-63.854,47.074,-95.812,-1.378,-116.823,-48.007,-103.241,,,,"",,,,"",,,,"",,,,"",,,,"",,,,"",,,,"",,,,"",,,,,,,,,,,,,,,,,,,,,,,,,,,,,,,,,,,,,,,,,,,,,,,,,,,,,,,,,,"",0,,,,,,,,,,,,,0,"",,,,0,""
17,,1,0,1,0,2,1,0,1,0,0,15,255,255,7,1588.114,"Riyaj",R,26,88,140,-2.043,0.022,-0.002,1.979,-0.939,1.446,-36.788,13.695,90,10,0,4,"",34.825,-183.014,5.309,0,0,1,"=","=","=","=","=","=","=","=","=",9,L,"-Alta-",190,86,0.499,,116,W,Y,1,,,,,,,,,,,,,,,,,,,,,,,,,,,,,0,0,,,,,,,,,,,,1597.674,,,,,,,,,,,,,,,,,,,,,,,,,,-0.104,-37.494,-0.067,-17.384,-19.836,-41.164,-11.3,-57.202,18.977,-46.362,13.674,-64.687,47.238,-95.67,1.536,-117.108,-47.358,-101.326,,,,"",,,,"",,,,"",,,,"",,,,"",,,,"",,,,"",,,,"",,,,,,,,,,,,,,,,,,,,,,,,,,,,,,,,,,,,,,,,,,,,,,,,,,,,,,,,,,"",0,,,,,,,,,,,,,0,"",,,,0,""
18,,1,0,1,0,2,2,0,1,0,0,15,255,255,8,1606.654,"Riyaj",R,10,83,123,-1.04,-1.707,0.102,1.836,-0.455,0.981,-36.788,14.041,56,44,0,1,"",0,400,10.546,-0.225,-18.643,1,"=","=","=","=","=","=","=","=","=",9,L,"-Alta-",190,86,0.499,,116,W,Y,0,,,,,,,,,,,,,,,,,,,,,,,,,,,,,0,0,,,,,,,,,,,,1619.422,,,,,,,,,,,,,,,,,,,,,,,,,,-0.141,-37.39,-0.026,-17.343,-20.262,-42.445,-11.142,-57.17,19.692,-45.975,11.904,-64.649,47.02,-95.336,-0.027,-116.938,-47.349,-101.275,,,,"",,,,"",,,,"",,,,"",,,,"",,,,"",,,,"",,,,"",,,,,,,,,,,,,,,,,,,,,,,,,,,,,,,,,,,,,,,,,,,,,,,,,,,,,,,,,,"",0,,,,,,,,,,,,,0,"",,,,0,""
19,,1,0,1,0,3,2,0,1,0,0,15,255,255,9,1622.695,"Riyaj",R,26,86,139,-0.352,1.332,0.159,2.238,-0.192,2.283,-36.788,36.447,85,12,3,4,"",24.069,-162.069,1.784,0,0,1,"=","=","=","=","=","=","=","=","=",9,L,"-Alta-",190,86,0.499,,116,W,Y,1,,,,,,,,,,,,,,,,,,,,,,,,,,,,,0,0,,,,,,,,,,,,1643.75,,,1625.123,1,,578,0,,,,,,,,,,,,,,,,,,,-0.172,-37.364,-0.139,-17.438,-19.906,-41.231,-10.961,-57.365,19.079,-46.093,13.105,-64.419,46.574,-94.852,0.404,-117.762,-47.654,-101.427,,,,"",,,,"",,,,"",,,,"",,,,"",,,,"",,,,"",,,,"",,,,,,,,,,,,,,,,,,,,,,,,,,,,,,,,,,,,,,,,,,,,,,,,,,,,,,,,,,"",0,,,,,,,,,,,,,0,"",,,,0,""
20,,1,0,1,0,0,0,1,1,0,0,15,255,255,10,1662.64,"Riyaj",R,27,83,134,-1.155,1.021,0.086,2.158,-0.53,2.045,-36.788,29.692,90,10,0,0,"",18.805,-147.092,3.456,0,0,2,"=","=","=","=","=","=","=","=","=",6,L,"ame_3",179.5,88.183,0.277,,38,W,Y,0,,,,,,,,,,,,,,,,,,,,,,,,,,,,,0,0,,,,,,,,,,,,1679.607,,,,,,,,,,,,,,,,,,,,,,,,,,-0.15,-37.47,-0.208,-17.088,-20.383,-42.621,-10.923,-58.687,19.501,-46.555,10.88,-64.383,46.187,-93.986,0.05,-114.099,-45.892,-100.049,,,,"",,,,"",,,,"",,,,"",,,,"",,,,"",,,,"",,,,"",,,,,,,,,,,,,,,,,,,,,,,,,,,,,,,,,,,,,,,,,,,,,,,,,,,,,,,,,,"",0,,,,,,,,,,,,,0,"",,,,0,""
21,,1,0,1,0,0,1,1,1,0,0,15,255,255,11,1682.907,"Riyaj",R,10,69,112,-0.172,0.938,0.183,2.347,-0.08,2.696,-36.788,47.656,86,14,0,0,"",0,400,6.589,0,0,2,"=","=","=","=","=","=","=","=","=",6,L,"ame_3",179.5,88.183,0.277,,38,W,Y,0,,,,,,,,,,,,,,,,,,,,,,,,,,,,,0,0,,,,,,1685.524,,,,,,,,,,,,,,,,,,,,,,,,,,,,,,,,-0.112,-37.557,-0.116,-17.194,-20.251,-41.916,-11.158,-58.593,18.953,-45.817,8.328,-63.245,46.509,-94.28,-1.828,-115.564,-46.068,-99.958,,,,"",,,,"",,,,"",,,,"",,,,"",,,,"",,,,"",,,,"",,,,,,,,,,,,,,,,,,,,,,,,,,,,,,,,,,,,,,,,,,,,,,,,,,,,,,,,,,"",0,,,,,,,,,,,,,0,"",1685.524,,,0,""
22,,1,0,1,0,0,2,1,0,1,0,255,15,255,12,1702.32,"Riyaj",R,10,80,119,0.59,-2.666,0.14,1.847,-0.279,0.981,-36.788,16.379,55,45,0,2,"",0,400,12.393,0.112,-20.637,2,"=","=","=","=","=","=","=","=","=",6,L,"ame_3",179.5,88.183,0.277,3,38,W,Y,1,1703.497,255,136,154,89,52,,145,83,-14.298,-32.135,-0.002,0.303,-21.175,1,0,0.505,-321.059,-454.422,188.029,1703.725,0.588,-22.109,1705.45,4,14.091,0.056,-43.92,0,0,,1708.98,,,,,,,,,,,1725.454,,1708.205,2,,147,32,,,,,,,,,,,,,,,,,,,-0.116,-37.408,-0.03,-17.331,-20.268,-46.684,-11.829,-59.112,19.389,-45.892,13.443,-64.124,46.558,-94.269,0.379,-113.831,-44.42,-97.671,-0.173,-37.292,,"DoYaGee",-0.059,-17.442,,"쟈가리코",-19.841,-46.74,70,"muyang_",-11.897,-59.247,,"わだ、、",18.721,-45.485,108,"shimenawa",12.769,-64.438,,"_송글_",46.164,-94.057,,"ByeolBam",0.383,-113.828,,"yumi2012",-44.397,-97.652,,1713.465,-0.702,-38.482,,,,1707.636,-18.192,-39.472,,,,1705.23,14.768,-45.068,,,,,,,,,,,,,,,,,,,1712.301,-17.62,-39.254,,,,1706.321,9.564,-45.876,,,,,,,,,,,,,"",2,,,,,,,,,,,,,0,"わだ、、",1706.506,,,34,""
23,,1,0,1,0,0,0,2,0,1,0,255,15,255,13,1727.399,"Riyaj",R,26,88,140,0.84,1.307,0.262,2.235,0.289,2.275,-36.788,37.357,87,11,2,2,"",56.417,-155.105,-2.254,0,0,3,"=","=","=","=","=","=","=","=","=",2,R,"magimari",190,84.511,0.403,5,47,W,Y,1,1728.559,146,32,87,44,26,,140,125,-30,69.538,0.152,1.448,-19.346,0.75,0,0.296,-40.701,118.729,81.341,1728.85,-2.078,-20.177,,,,,,0,0,,,,,,,,,,,,,1746.756,,,,,,,,,,,,,,,,,,,,,,,,,-0.053,-37.465,-0.03,-17.278,-23.337,-48.95,-16.774,-61.993,19.656,-46.888,10.372,-65.04,42.488,-93.501,-0.261,-115.473,-47.065,-101.926,0.033,-37.176,,"DoYaGee",-0.027,-17.296,,"쟈가리코",-23.014,-48.634,,"muyang_",-16.537,-62.357,,"わだ、、",18.467,-46.743,,"shimenawa",12.05,-65.059,,"_송글_",43.583,-94.315,,"ByeolBam",-0.184,-115.468,,"yumi2012",-47.035,-101.916,,,,,,,,,,,,,,,,,,,,,,,,,,,,,,,,,,,,,,,,,,,,,,,,,,,,,,,,"",3,93.788,69.745,35.232,1,2,0.209,-61.854,-49.695,-40.107,-60.777,0.035,157.689,0,"",1731.971,,,0,""
24,,1,0,1,0,0,1,2,0,1,0,255,15,255,14,1750.473,"Riyaj",R,26,88,140,-0.542,0.844,0.14,2.145,-0.28,1.982,-36.788,24.315,87,13,0,2,"",28.334,-158.27,5.698,0,0,3,"=","=","=","=","=","=","=","=","=",2,R,"magimari",190,84.511,0.403,5,47,W,Y,1,1751.566,156,54,90,57,32,,145,131,25.137,73.268,-0.157,1.279,-19.61,0.46,0,0.377,-21.136,43.997,-593.72,1757.533,-119.413,-55.307,,,,,,0,0,,,,,,,,,,,,,1771.781,,,,,,,,,,,,,,,,,,,,,,,,,-0.064,-37.458,-0.04,-17.112,-23.041,-48.947,-16.508,-62.277,20.005,-46.423,6.237,-63.504,41.747,-91.86,-0.931,-113.186,-48.937,-104.448,-0.23,-36.935,,"DoYaGee",-0.095,-17.195,,"쟈가리코",-22.805,-48.802,,"muyang_",-16.539,-62.202,,"わだ、、",18.634,-46.465,,"shimenawa",11.61,-65.055,,"_송글_",41.746,-91.858,,"ByeolBam",-0.924,-113.197,,"yumi2012",-48.927,-104.442,,,,,,,,,,,,,,,,,,,,,,,,,,,,,,,,,,,,,,,,,,,,,,,,,,,,,,,,"",3,175.868,74.015,30.228,1,1,0.982,26.787,26.787,-13.225,5.632,0,-157.252,0,"",1754.556,,,0,""
25,,1,0,1,0,0,2,2,0,1,0,255,15,255,15,1773.06,"Riyaj",R,28,77,128,1.888,2.245,0.356,2.429,0.723,2.903,-36.788,60.665,83,14,3,1,"",56.694,-94.857,-4.855,0,0,3,"=","=","=","=","=","=","=","=","=",2,R,"magimari",190,84.511,0.403,,47,W,Y,0,,,,,,,,,,,,,,,,,,,,,,,,,,,,,0,0,,,,,,,,,,,,,1793.897,,,,,,,,,,,,,,,,,,,,,,,,,-0.07,-37.408,-0.006,-17.148,-23.568,-48.728,-16.845,-62.506,20.537,-46.933,8.307,-64.401,40.233,-90.406,-0.128,-114.825,-51.065,-106.061,,,,"",,,,"",,,,"",,,,"",,,,"",,,,"",,,,"",,,,"",,,,,,,,,,,,,,,,,,,,,,,,,,,,,,,,,,,,,,,,,,,,,,,,,,,,,,,,,,"",0,,,,,,,,,,,,,0,"",1775.684,,,0,""
26,,1,0,1,0,1,2,2,0,1,0,255,15,255,16,1795.015,"Riyaj",R,10,72,114,1.487,1.219,0.337,2.417,0.637,2.865,-36.788,54.552,86,14,0,2,"",0,400,3.184,0,0,3,"=","=","=","=","=","=","=","=","=",2,R,"magimari",190,84.511,0.403,5,47,W,Y,1,1796.196,230,79,89,64,51,,145,99,44.196,-39.98,0.275,1.489,-20.474,-0.53,0,0.504,534.879,-90.742,61.167,1802.363,51.078,-75.216,1802.525,6,49.794,2.704,-73.81,0,0,,1803.287,,,,,,,1800.819,,,,,,1802.31,3,,455,0,,,,,,,,,,,,,,,,,,,0.011,-37.499,0.006,-17.169,-23.301,-49.052,-16.934,-62.52,19.533,-46.979,7.191,-64.284,41.676,-90.661,-0.481,-114.368,-51.049,-106.03,-0.033,-36.947,,"DoYaGee",0.008,-17.207,,"쟈가리코",-22.932,-49.311,,"muyang_",-16.965,-62.496,,"わだ、、",19.166,-46.71,,"shimenawa",10.973,-66.377,,"_송글_",41.685,-90.666,91,"ByeolBam",0.12,-114.139,,"yumi2012",-50.988,-106.044,,,,,,,,,,,,,,,,,,,,1802.324,50.202,-74.326,,,,,,,,,,,,,,,,,,,,,,,,,1803.736,42.85,-70.289,,,,,,,"",1,-39.762,-39.762,-4.443,0,0,1,44.196,44.196,74.526,44.196,0,-49.984,0,"_송글_",,1800.819,,16,""
27,SIDE,1,0,1,0,0,0,2,0,1,0,255,15,255,,1804.514,,,,,,,,,,,,,,,,,,,,,,,,4,"=","=","=","=","=","=","=","=","=",,,,,,,,,,,,,,,,,,,,,,,,,,,,,,,,,,,,,,,0,0,,,,,,,,,,,,,,,,,,,,,,,,,,,,,,,,,,,,,,,,,,,,,,,,,,,,,,,,,,,,,,,,,,,,,,,,,,,,,,,,,,,,,,,,,,,,,,,,,,,,,,,,,,,,,,,,,,,,,,,,,,,,,,,,,,,,,,,,,,,,,,,,,"",0,,,,,,,,,,,,,0,"",,,,0,""
28,,2,1,1,0,0,0,0,0,0,0,255,255,255,11,1853.583,"Pugeuk",R,29,80,130,-0.58,-2.01,0.361,1.37,-0.072,0.345,-36.563,23.219,46,54,0,1,"",-150.174,-83.718,14.131,-0.201,-18.09,4,"ByeolBam","쟈가리코","shimenawa","encounter v","_송글_","わだ、、","DoYaGee","yumi2012","muyang_",6,R,"_송글_",174.9,90.478,0.316,,109,W,Y,0,,,,,,,,,,,,,,,,,,,,,,,,,,,,,0,0,,,,,,,,,,,,,,,,,,,,,,,,,,,,,,,,,,,,,,0.028,-37.389,-0.208,-16.635,-19.697,-43.481,-16.424,-61.145,20.261,-51.543,11.364,-63.6,43.006,-91.851,-0.696,-115.092,-42.483,-93.905,,,,"",,,,"",,,,"",,,,"",,,,"",,,,"",,,,"",,,,"",,,,,,,,,,,,,,,,,,,,,,,,,,,,,,,,,,,,,,,,,,,,,,,,,,,,,,,,,,"",0,,,,,,,,,,,,,0,"",,,,0,""
29,,2,1,1,0,1,0,0,0,0,0,255,255,255,12,1875.496,"Pugeuk",R,6,70,99,1.65,0.489,0.391,1.855,-0.181,1.899,-36.563,26.556,88,12,0,2,"",420.449,0,10.203,0,0,4,"=","=","=","=","=","=","=","=","=",6,R,"_송글_",174.9,90.478,0.316,5,109,W,Y,1,1876.441,182,125,148,88,39,,145,88,4.568,-61.631,0.299,1.115,-20.605,-0.8,0,0.574,-249.319,242.306,-103.019,1877.696,22.894,-33.343,,,,,,0,0,,,,,,,,,,,,,,,,,,,,,,,,,,,,,,,,,,,,,,0.245,-37.441,-0.056,-16.703,-19.509,-43.641,-15.781,-62.399,21.45,-48.87,11.248,-63.628,42.975,-91.854,0.131,-114.415,-42.483,-93.925,0.627,-37.059,,"HalF_HearteD",-0.03,-16.729,,"magimari",-19.393,-43.535,,"Rite_",-15.314,-62.705,,"bdg06213",21.518,-49.218,,"Pring__",11.157,-63.478,,"ame_3",42.997,-91.867,,"alcohol500",-0.977,-115.983,,"Pizzallaris",-42.464,-93.906,,,,,,,,,,,,,,,,,,,,,,,,,,,,,,,,,,,,,,,,,,,,,,,,,,,,,,,,"",3,-70.556,-58.683,-16.847,0.586,0,1,4.568,4.568,5.401,4.568,0,-97.942,0,"",,,,0,""
30,,2,1,1,0,1,1,0,0,0,0,255,255,255,13,1898.931,"Pugeuk",R,29,82,133,0.03,0.99,0.425,1.74,0.296,2.053,-36.563,17.982,94,6,0,0,"",-205.653,-122.557,1.621,0,0,4,"=","=","=","=","=","=","=","=","=",6,R,"_송글_",174.9,90.478,0.316,,47,W,Y,1,,,,,,,,,,,,,,,,,,,,,,,,,,,,,0,0,,,,,,,,,,,,,,,,,,,,,,,,,,,,,,,,,,,,,,0.23,-37.365,0.085,-16.801,-19.638,-43.39,-16.596,-61.558,21.252,-53.069,11.435,-65.106,45.64,-90.801,0.576,-114.273,-42.474,-93.922,,,,"",,,,"",,,,"",,,,"",,,,"",,,,"",,,,"",,,,"",,,,,,,,,,,,,,,,,,,,,,,,,,,,,,,,,,,,,,,,,,,,,,,,,,,,,,,,,,"",0,,,,,,,,,,,,,0,"",,,,0,""
31,,2,1,1,0,1,2,0,0,0,0,255,255,255,14,1917.035,"Pugeuk",R,10,63,95,-1.447,-1.175,0.28,1.81,-0.637,1.625,-36.563,39.236,93,7,0,4,"",0,400,11.401,-0.354,-17.899,4,"=","=","=","=","=","=","=","=","=",6,R,"_송글_",174.9,90.478,0.316,,47,W,Y,1,,,,,,,,,,,,,,,,,,,,,,,,,,,,,0,0,,,,,,,,,,,,,,,1921.624,4,,147,32,,,,,,,,,,,,,,,,,,,-0.135,-37.385,-0.34,-16.815,-19.191,-43.573,-16.626,-61.576,22.005,-52.213,12.068,-64.685,45.492,-92.031,0.518,-114.302,-42.465,-93.897,,,,"",,,,"",,,,"",,,,"",,,,"",,,,"",,,,"",,,,"",,,,,,,,,,,,,,,,,,,,,,,,,,,,,,,,,,,,,,,,,,,,,,,,,,,,,,,,,,"",0,,,,,,,,,,,,,0,"",,,,0,""
32,,2,1,1,0,0,0,1,0,0,0,255,255,255,15,1942.393,"Pugeuk",R,29,87,140,-0.455,-0.157,0.45,1.468,0.005,1.387,-36.563,30.746,50,50,0,0,"",-185.48,-150.896,3.446,0,0,5,"=","=","=","=","=","=","=","=","=",4,L,"わだ、、",190,85,0.53,,106,W,Y,0,,,,,,,,,,,,,,,,,,,,,,,,,,,,,0,0,,,,,,,,,,,,,,,,,,,,,,,,,,,,,,,,,,,,,,-0.051,-37.234,-0.127,-16.731,-19.583,-43.306,-13.266,-63.572,23.038,-51.824,12.137,-65.15,52.096,-93.846,4.324,-118.671,-42.461,-93.945,,,,"",,,,"",,,,"",,,,"",,,,"",,,,"",,,,"",,,,"",,,,,,,,,,,,,,,,,,,,,,,,,,,,,,,,,,,,,,,,,,,,,,,,,,,,,,,,,,"",0,,,,,,,,,,,,,0,"",,,,0,""
33,,2,1,1,0,0,1,1,0,0,0,255,255,255,16,1958.329,"Pugeuk",R,10,69,100,-0.678,-0.611,0.358,1.83,-0.281,1.827,-36.563,31.447,89,11,0,2,"",-11.721,400,0,0,0,5,"=","=","=","=","=","=","=","=","=",4,L,"わだ、、",190,85,0.53,5,106,W,Y,1,1959.573,255,69,142,83,41,,145,131,26.146,9.328,-0.125,0.787,-20.432,0.63,0,0.608,401.908,-292.837,-335.733,1965.346,-10.234,-142.384,,,,,,0,0,,1965.223,1969.819,1975.013,1981.163,,,,,,,,,,,,,,,,,,,,,,,,,,,,,,,,,0.225,-37.329,0.418,-16.978,-19.62,-43.123,-13.072,-63.376,23.642,-50.486,12.106,-65.119,52.044,-93.938,2.905,-117.49,-42.479,-93.92,0.415,-37.598,,"HalF_HearteD",0.293,-16.977,,"magimari",-19.4,-43.063,,"Rite_",-13.421,-63.208,,"bdg06213",24.072,-51.084,,"Pring__",14.115,-62.934,,"ame_3",52.052,-93.935,,"alcohol500",2.795,-117.505,,"Pizzallaris",-42.467,-93.926,,,,,,,,,,,,,,,,,,,,,,,,,,,,,,,,,,,,,,,,,,,,,,,,,,,,,,,,"",4,11.114,11.114,3.198,0,2,0.266,78.754,37.945,-0.055,88.101,0.064,28.691,0,"",1969.819,1975.013,,0,""
34,,2,1,2,0,0,0,1,0,0,0,255,255,255,17,2003.998,"Pugeuk",R,26,84,136,-1.384,0.244,0.335,1.531,-0.532,1.591,-36.563,18.62,39,61,0,0,"",-67.577,-200,4.532,0,0,6,"=","=","=","=","=","=","=","=","=",1,R,"DoYaGee",190,80,0.401,,105,W,Y,0,,,,,,,,,,,,,,,,,,,,,,,,,,,,,0,0,,,,,,,,,,,,,,,,,,,,,,,,,,,,,,,,,,,,,,0.03,-37.385,-0.204,-16.764,-19.744,-43.951,-14.291,-62.292,20.812,-50.917,12.666,-64.319,47.111,-94.788,0.616,-116.323,-42.622,-98.446,,,,"",,,,"",,,,"",,,,"",,,,"",,,,"",,,,"",,,,"",,,,,,,,,,,,,,,,,,,,,,,,,,,,,,,,,,,,,,,,,,,,,,,,,,,,,,,,,,"",0,,,,,,,,,,,,,0,"",,,,0,""
35,,2,1,2,0,0,1,1,0,0,0,255,255,255,18,2021.561,"Pugeuk",R,26,63,116,-0.55,0.529,0.378,1.922,-0.038,1.746,-36.563,44.348,92,8,0,2,"",-140.63,-190.595,-2.317,0,0,6,"=","=","=","=","=","=","=","=","=",1,R,"DoYaGee",190,80,0.401,5,105,W,Y,1,2022.677,73,132,85,72,61,,120,120,-1.348,13.832,-0.168,1.278,-20.741,0.3,0,0.169,198.481,421.877,-5.474,2023.408,-5.401,-40.553,2024.471,3,-10.575,0.056,-57.363,0,0,,,,,,,,,,,,,,,2027.242,6,,147,64,,,,,,,,,,,,,,,,,,,0.004,-37.397,-0.206,-16.759,-19.732,-43.947,-14.415,-62.004,22.694,-51.926,10.355,-65.434,47.07,-94.787,-1.135,-116.757,-42.612,-98.462,0.191,-37.562,,"HalF_HearteD",-0.3,-16.89,,"magimari",-19.517,-43.895,86,"Rite_",-14.371,-61.715,76,"bdg06213",22.542,-51.733,,"Pring__",10.26,-65.298,,"ame_3",47.051,-94.7,,"alcohol500",-1.227,-116.586,,"Pizzallaris",-42.618,-98.463,,2030.186,-1.739,-37.968,,,,2026.624,-18.669,-40.813,2024.372,-11.275,-59.624,,,,,,,,,,,,,,,,,,,,,,2029.207,-17.629,-39.448,2025.623,-13.42,-54.994,,,,,,,,,,,,,,,,"",2,16.151,16.151,2.208,0,0,1,-1.348,-1.348,-4.901,-1.348,0,18.211,0,"Rite_",,,,72,""
36,,2,1,2,0,0,0,2,0,0,0,255,255,255,19,2046.433,"Pugeuk",R,6,76,103,1.84,0.204,0.454,1.783,0.015,1.731,-36.563,25.739,94,6,0,2,"",452.456,0,8.433,0,0,7,"=","=","=","=","=","=","=","=","=",8,R,"yumi2012",174.3,90.292,0.504,5,104,W,Y,1,2047.694,144,126,97,121,47,,145,116,-30,-62.385,0.33,1.04,-20.841,0.85,0,0.804,-147.052,39.883,-101.412,2047.875,1.821,-21.62,,,,,,0,0,,,,,,,,,,,,,,,,,,,,,,,,,,,,,,,,,,,,,,0.099,-37.246,0.143,-16.762,-19.66,-43.598,-16.398,-61.956,20.93,-50.91,10.45,-65.557,45.642,-93.921,-1.34,-117.367,-45.916,-99.525,0.606,-37.362,,"HalF_HearteD",0.102,-16.928,,"magimari",-19.437,-43.515,,"Rite_",-16.022,-61.63,,"bdg06213",20.392,-51.074,,"Pring__",10.456,-65.536,,"ame_3",45.639,-93.915,,"alcohol500",-2.273,-117.391,,"Pizzallaris",-46.751,-98.221,,,,,,,,,,,,,,,,,,,,,,,,,,,,,,,,,,,,,,,,,,,,,,,,,,,,,,,,"",3,-69.057,-59.584,-21.069,0.563,1,0.543,-63.432,-48.337,-16.933,-81.434,0.058,-109.008,0,"",,,,0,""
37,,2,1,2,0,0,1,2,0,0,0,255,255,255,20,2063.47,"Pugeuk",R,29,87,140,-0.362,-0.899,0.463,1.563,0.067,0.995,-36.563,31.186,68,32,0,0,"",-177.29,-91.882,10.502,0,0,7,"=","=","=","=","=","=","=","=","=",8,R,"yumi2012",174.3,90.292,0.504,,104,W,Y,1,,,,,,,,,,,,,,,,,,,,,,,,,,,,,0,0,,,,,,,,,,,,,,,,,,,,,,,,,,,,,,,,,,,,,,-0.038,-37.305,-0.271,-16.913,-19.868,-43.144,-16.27,-61.988,22.293,-51.303,10.511,-64.888,46.259,-93.303,-1.07,-116.889,-46.761,-98.228,,,,"",,,,"",,,,"",,,,"",,,,"",,,,"",,,,"",,,,"",,,,,,,,,,,,,,,,,,,,,,,,,,,,,,,,,,,,,,,,,,,,,,,,,,,,,,,,,,"",0,,,,,,,,,,,,,0,"",,,,0,""
38,,2,1,2,0,0,2,2,0,0,0,255,255,255,21,2080.907,"Pugeuk",R,10,82,110,-2.82,-1.6,0.053,1.58,-1.229,1.253,-36.563,9.767,47,53,0,1,"",0,400,10.396,-0.601,-18.195,7,"=","=","=","=","=","=","=","=","=",8,R,"yumi2012",174.3,90.292,0.504,,104,W,Y,0,,,,,,,,,,,,,,,,,,,,,,,,,,,,,0,0,,,,,,,,,,,,,,,,,,,,,,,,,,,,,,,,,,,,,,-0.16,-37.348,-0.488,-17.082,-19.353,-43.504,-16.266,-61.605,22.119,-51.147,10.36,-65.329,46.231,-93.338,-3.842,-115.508,-46.757,-98.221,,,,"",,,,"",,,,"",,,,"",,,,"",,,,"",,,,"",,,,"",,,,,,,,,,,,,,,,,,,,,,,,,,,,,,,,,,,,,,,,,,,,,,,,,,,,,,,,,,"",0,,,,,,,,,,,,,0,"",,,,0,""
39,,2,1,2,0,1,2,2,0,0,0,255,255,255,22,2097.807,"Pugeuk",R,3,63,93,-3.502,0.179,0.394,1.803,-0.579,1.731,-36.563,49.461,83,17,0,4,"",-419.019,0,6.647,0,0,7,"=","=","=","=","=","=","=","=","=",8,R,"yumi2012",174.3,90.292,0.504,,104,W,Y,1,,,,,,,,,,,,,,,,,,,,,,,,,,,,,0,0,,,,,,,,,,,,,,,2100.742,7,,578,0,,,,,,,,,,,,,,,,,,,-0.134,-37.346,-0.451,-17.117,-19.377,-43.553,-16.064,-61.678,22.166,-51.288,10.338,-65.322,46.273,-93.35,-2.168,-115.608,-46.763,-98.22,,,,"",,,,"",,,,"",,,,"",,,,"",,,,"",,,,"",,,,"",,,,,,,,,,,,,,,,,,,,,,,,,,,,,,,,,,,,,,,,,,,,,,,,,,,,,,,,,,"",0,,,,,,,,,,,,,0,"",,,,0,""
40,SIDE,2,1,2,0,0,0,2,0,0,0,255,255,255,,2104.256,,,,,,,,,,,,,,,,,,,,,,,,8,"=","=","=","=","=","=","=","=","=",,,,,,,,,,,,,,,,,,,,,,,,,,,,,,,,,,,,,,,0,0,,,,,,,,,,,,,,,,,,,,,,,,,,,,,,,,,,,,,,,,,,,,,,,,,,,,,,,,,,,,,,,,,,,,,,,,,,,,,,,,,,,,,,,,,,,,,,,,,,,,,,,,,,,,,,,,,,,,,,,,,,,,,,,,,,,,,,,,,,,,,,,,,"",0,,,,,,,,,,,,,0,"",,,,0,""
41,,2,0,2,0,0,0,0,0,0,0,255,255,255,17,2153.062,"Riyaj",R,26,70,122,1.568,2.759,0.32,2.506,0.557,3.152,-36.788,70.863,82,14,4,1,"",81.079,-161.427,-12.38,0,0,4,"Pring__","-Alta-","ame_3","magimari","bdg06213","HalF_HearteD","Rite_","Pizzallaris","alcohol500",4,R,"bdg06213",190,87,0.502,,103,W,Y,0,,,,,,,,,,,,,,,,,,,,,,,,,,,,,0,0,,,,,,,,,,,,,,,,,,,,,,,,,,,,,,,,,,,,,,-0.121,-37.481,-0.011,-17.551,-22.713,-48.846,-16.918,-62.337,21.725,-48.762,12.501,-65.35,43.941,-93.852,0.228,-116.768,-49.642,-103.656,,,,"",,,,"",,,,"",,,,"",,,,"",,,,"",,,,"",,,,"",,,,,,,,,,,,,,,,,,,,,,,,,,,,,,,,,,,,,,,,,,,,,,,,,,,,,,,,,,"",0,,,,,,,,,,,,,0,"",,,,0,""
42,,2,0,2,0,1,0,0,0,0,0,255,255,255,18,2172.309,"Riyaj",R,10,74,116,0.847,-0.916,0.278,1.995,0.361,1.497,-36.788,25.035,55,45,0,0,"",0,383.172,4.976,0,0,4,"=","=","=","=","=","=","=","=","=",4,R,"bdg06213",190,87,0.502,,103,W,Y,1,,,,,,,,,,,,,,,,,,,,,,,,,,,,,0,0,,,,,,,,,,,,,,,,,,,,,,,,,,,,,,,,,,,,,,-0.058,-37.418,0.028,-17.576,-22.744,-48.563,-16.991,-62.479,20.965,-48.642,12.829,-65.213,43.965,-93.813,-0.448,-117.124,-49.883,-103.583,,,,"",,,,"",,,,"",,,,"",,,,"",,,,"",,,,"",,,,"",,,,,,,,,,,,,,,,,,,,,,,,,,,,,,,,,,,,,,,,,,,,,,,,,,,,,,,,,,"",0,,,,,,,,,,,,,0,"",,,,0,""
43,,2,0,2,0,1,1,0,0,0,0,255,255,255,19,2191.915,"Riyaj",R,10,78,118,-1.133,-0.358,0.075,2.139,-0.58,1.963,-36.788,28.351,89,11,0,2,"",0,400,8.974,0,0,4,"=","=","=","=","=","=","=","=","=",4,R,"bdg06213",190,87,0.502,0,103,W,Y,1,2193.057,228,65,99,107,51,,145,133,107.749,-54.988,-0.249,0.925,-20.244,0.34,0,0.505,406.234,173.017,-103.521,,,,,,,,,0,0,,,,,,,,,,,,,,,,,,,,,,,,,,,,,,,,,,,,,,-0.14,-37.471,-0.335,-17.742,-22.489,-47.934,-17.108,-62.348,20.417,-47.963,12.318,-65.334,43.974,-93.793,-2.8,-114.588,-49.655,-103.297,-0.034,-37.231,,"DoYaGee",-0.387,-17.822,,"쟈가리코",-22.246,-47.798,,"muyang_",-16.966,-62.171,,"わだ、、",19.578,-47.726,,"shimenawa",12.465,-65.17,,"_송글_",43.894,-93.888,,"ByeolBam",-0.717,-115.708,,"yumi2012",-49.651,-103.301,,,,,,,,,,,,,,,,,,,,,,,,,,,,,,,,,,,,,,,,,,,,,,,,,,,,,,,,"",3,,,,,,,,,,,,,0,"",,,,0,""
44,,2,0,2,0,1,2,0,0,0,0,255,255,255,20,2214.731,"Riyaj",R,10,79,119,-1.165,-1.908,0.091,1.804,-0.509,0.878,-36.788,15.339,56,44,0,2,"",0,400,4.227,0,0,4,"=","=","=","=","=","=","=","=","=",4,R,"bdg06213",190,87,0.502,3,101,W,Y,1,2215.968,255,98,110,123,85,,145,87,94.212,-87.762,-0.194,0.472,-21.581,1,0,0.548,156.188,-155.407,352.929,2220.125,-66.766,-20.797,,,,,,0,0,,,,,,,,,,,,,,,,,,,,,,,,,,,,,,,,,,,,,,-0.19,-37.339,-0.015,-17.687,-21.843,-47.676,-16.616,-62.508,21.006,-47.68,13.879,-64.926,44.07,-93.541,-0.574,-115.409,-48.264,-102.212,-0.166,-37.139,,"DoYaGee",-0.088,-17.902,,"쟈가리코",-21.37,-47.447,,"muyang_",-16.552,-62.364,,"わだ、、",20.381,-47.883,,"shimenawa",12.856,-65.377,,"_송글_",44.014,-93.59,,"ByeolBam",-0.512,-114.605,,"yumi2012",-48.26,-102.208,,,,,,,,,,,,,,,,,,,,,,,,,,,,,,,,,,,,,,,,,,,,,,,,,,,,,,,,"",3,,,,,,,,,,,,,0,"",,,,0,""
45,,2,0,2,0,1,2,0,0,0,0,255,255,255,21,2231.872,"Riyaj",R,26,88,140,0.747,1.569,0.258,2.285,0.269,2.436,-36.788,39.576,81,17,2,1,"",34.646,-158.013,1.309,0,0,4,"=","=","=","=","=","=","=","=","=",4,R,"bdg06213",190,87,0.502,,101,W,Y,0,,,,,,,,,,,,,,,,,,,,,,,,,,,,,0,0,,,,,,,,,,,,,,,,,,,,,,,,,,,,,,,,,,,,,,-0.064,-37.443,-0.056,-17.315,-22.523,-46.779,-16.324,-62.558,21.142,-48.134,12.85,-65.397,45.736,-93.918,-0.37,-114.812,-48.623,-103.412,,,,"",,,,"",,,,"",,,,"",,,,"",,,,"",,,,"",,,,"",,,,,,,,,,,,,,,,,,,,,,,,,,,,,,,,,,,,,,,,,,,,,,,,,,,,,,,,,,"",0,,,,,,,,,,,,,0,"",,,,0,""
46,,2,0,2,0,2,2,0,0,0,0,255,255,255,22,2251.461,"Riyaj",R,11,72,118,1.222,1.81,0.312,2.461,0.523,3.005,-36.788,56.114,85,15,0,1,"",0,232.74,-0.984,0,0,4,"=","=","=","=","=","=","=","=","=",4,R,"bdg06213",190,87,0.502,,101,W,Y,0,,,,,,,,,,,,,,,,,,,,,,,,,,,,,0,0,,,,,,,,,,,,,,,,,,,,,,,,,,,,,,,,,,,,,,-0.069,-37.489,-0.004,-17.247,-22.132,-47.291,-16.548,-62.483,20.803,-48.034,12.685,-65.322,46.344,-94.389,-0.586,-116.69,-48.725,-103.216,,,,"",,,,"",,,,"",,,,"",,,,"",,,,"",,,,"",,,,"",,,,,,,,,,,,,,,,,,,,,,,,,,,,,,,,,,,,,,,,,,,,,,,,,,,,,,,,,,"",0,,,,,,,,,,,,,0,"",,,,0,""
47,,2,0,2,0,3,2,0,0,0,0,255,255,255,23,2270.887,"Riyaj",R,26,92,140,-1.733,-0.52,0.029,1.873,-0.796,1.103,-36.788,8.183,47,53,0,2,"",28.641,-187.789,2.008,0,0,4,"=","=","=","=","=","=","=","=","=",4,R,"bdg06213",190,87,0.502,3,101,W,Y,1,2272.053,197,111,96,122,58,,145,113,9.261,27.365,-0.319,0.829,-20.501,0.84,0,0.555,488.555,237.558,35.537,,,,2274.304,3,-22.741,3.546,-61.483,0,0,,2277.911,,,,,,,,,,,,,2274.19,4,,452,0,,,,,,,,,,,,,,,,,,,-0.112,-37.448,0.068,-17.399,-21.793,-47.061,-16.841,-62.536,20.868,-47.742,12.363,-65.174,46.157,-94.515,0.688,-114.508,-48.659,-103.487,0.059,-37.208,,"DoYaGee",-0.002,-17.585,,"쟈가리코",-20.885,-47.308,,"muyang_",-16.827,-62.533,91,"わだ、、",20.195,-47.325,,"shimenawa",12.348,-65.137,,"_송글_",46.075,-94.594,,"ByeolBam",-0.673,-115.668,,"yumi2012",-48.648,-103.488,,2278.611,-0.36,-39.764,,,,,,,2274.201,-23.577,-62.973,,,,,,,,,,,,,,,,,,,,,,,,,2277.593,-12.937,-52.656,,,,,,,,,,,,,,,,"",1,,,,,,,,,,,,,0,"muyang_",,,,256,""
48,,2,0,2,0,0,0,1,0,0,0,255,255,255,24,2346.739,"Riyaj",R,26,95,140,0.574,-0.513,0.233,1.871,0.152,1.096,-36.788,19.598,47,53,0,0,"",74.851,-200,-9.096,0,0,5,"=","=","=","=","=","=","=","=","=",1,R,"HalF_HearteD",190,82,0.396,,99,W,Y,0,,,,,,,,,,,,,,,,,,,,,,,,,,,,,0,0,,,,,,,,,,,,,,,,,,,,,,,,,,,,,,,,,,,,,,-0.046,-37.453,0.131,-17.128,-20.985,-46.941,-16.954,-62.293,20.986,-48.175,12.161,-65.575,39.5,-91.625,0.29,-111.763,-48.231,-102.417,,,,"",,,,"",,,,"",,,,"",,,,"",,,,"",,,,"",,,,"",,,,2350.688,0.183,-37.211,,,,,,,,,,,,,,,,,,,,,,,,,,,,,,,,,,,,,,,,,,,,,,,,,,,,"",0,,,,,,,,,,,,,0,"",,,,0,""
49,,2,0,2,0,0,1,1,0,0,0,255,255,255,25,2362.505,"Riyaj",R,14,80,117,1.81,0.236,0.245,2.213,0.209,2.202,-36.788,29.451,90,10,0,2,"",327.78,377.572,7.101,0,0,5,"=","=","=","=","=","=","=","=","=",1,R,"HalF_HearteD",190,82,0.396,5,99,W,Y,1,2363.743,178,138,83,95,49,,145,89,105.049,54.175,0.243,0.903,-20.123,-1,0,0.218,-136.351,91.315,29.303,2370.354,21.776,-6.469,,,,,,0,0,,,,,,,,,,,,,,,,,,,,,,,,,,,,,,,,,,,,,,-0.019,-37.464,0.156,-17.157,-21.387,-47.316,-17.149,-62.619,20.828,-48.039,12.373,-65.378,40.257,-92.492,1.406,-113.022,-48.981,-103.644,0.036,-37.192,,"DoYaGee",0.144,-17.162,,"쟈가리코",-21.296,-47.057,,"muyang_",-17.075,-62.572,,"わだ、、",20.346,-47.941,,"shimenawa",12.639,-65.475,,"_송글_",40.533,-92.583,,"ByeolBam",0.056,-112.71,,"yumi2012",-48.99,-103.694,,,,,,,,,,,,,,,,,,,,,,,,,,,,,,,,,,,,,,,,,,,,,,,,,,,,,,,,"",3,105.137,52.35,8.378,1,1,0.998,74.951,74.951,-12.894,69.077,0,137.772,0,"",,,,0,""
50,,2,0,2,0,0,2,1,0,0,0,255,255,255,26,2388.245,"Riyaj",R,26,95,140,0.206,0.923,0.202,2.149,0.009,1.995,-36.788,27.394,87,10,2,0,"",53.54,-200,7.649,0,0,5,"=","=","=","=","=","=","=","=","=",1,R,"HalF_HearteD",190,82,0.396,,99,W,Y,1,,,,,,,,,,,,,,,,,,,,,,,,,,,,,0,0,,,,,,,,,,,,,,,2390.988,5,,578,0,,,,,,,,,,,,,,,,,,,-0.069,-37.416,0.056,-17.404,-21.569,-47.124,-17.2,-62.471,20.677,-48.166,12.589,-64.987,43.028,-95.227,-0.558,-113.727,-48.125,-101.671,,,,"",,,,"",,,,"",,,,"",,,,"",,,,"",,,,"",,,,"",,,,,,,,,,,,,,,,,,,,,,,,,,,,,,,,,,,,,,,,,,,,,,,,,,,,,,,,,,"",0,,,,,,,,,,,,,0,"",,,,0,""
51,,2,0,2,0,0,0,2,0,0,0,255,255,255,27,2410.38,"Riyaj",R,26,88,140,0.211,0.726,0.209,2.085,0.044,1.804,-36.788,25.807,87,13,0,0,"",34.063,-184.272,2.848,0,0,6,"=","=","=","=","=","=","=","=","=",3,R,"Rite_",169.5,80,0.455,,98,W,Y,0,,,,,,,,,,,,,,,,,,,,,,,,,,,,,0,0,,,,,,,,,,,,,,,,,,,,,,,,,,,,,,,,,,,,,,-0.058,-37.496,0.057,-17.364,-22.253,-48.19,-17.115,-62.512,19.787,-46.817,12.299,-65.554,42.918,-93.24,-0.194,-112.61,-44.368,-95.747,,,,"",,,,"",,,,"",,,,"",,,,"",,,,"",,,,"",,,,"",,,,,,,,,,,,,,,,,,,,,,,,,,,,,,,,,,,,,,,,,,,,,,,,,,,,,,,,,,"",0,,,,,,,,,,,,,0,"",,,,0,""
52,,2,0,2,0,0,1,2,0,0,0,255,255,255,28,2425.348,"Riyaj",R,26,84,137,1.864,2.084,0.361,2.288,0.749,2.543,-36.788,44.004,82,14,5,2,"",36.598,-200,-6.57,0,0,6,"=","=","=","=","=","=","=","=","=",3,R,"Rite_",169.5,80,0.455,3,98,W,Y,0,2426.585,81,23,22,9,3,,19,44,11.614,36.855,0.266,1.489,-19.466,-0.37,0,0.13,-200.649,-358.999,-364.733,2428.067,-8.785,-32.374,2429.688,2,-12.927,0.054,-41.039,0,0,,2432.394,,,,,,,,,,,,,2431.8,6,,147,0,,,,,,,,,,,2431.257,2,,,,,,,-0.018,-37.516,0.051,-17.37,-21.754,-47.687,-16.782,-62.521,18.761,-46.756,11.819,-65.667,41.982,-92.441,0.129,-110.681,-43.608,-94.479,0.058,-37.108,,"DoYaGee",0.048,-17.396,,"쟈가리코",-21.364,-47.901,,"muyang_",-16.799,-62.345,,"わだ、、",18.092,-46.372,,"shimenawa",12.745,-65.163,,"_송글_",42.193,-92.403,,"ByeolBam",-0.021,-110.769,,"yumi2012",-43.623,-94.472,,,,,,,,2429.673,-13.362,-41.441,,,,,,,,,,,,,,,,,,,,,,,,,,,,,,,,,,,,,,,,,,,,,,"",2,,,,,,,,,,,,,0,"쟈가리코",,,,2,""
53,SIDE,2,0,2,0,0,0,2,0,0,0,255,255,255,,2433.657,,,,,,,,,,,,,,,,,,,,,,,,7,"=","=","=","=","=","=","=","=","=",,,,,,,,,,,,,,,,,,,,,,,,,,,,,,,,,,,,,,,0,0,,,,,,,,,,,,,,,,,,,,,,,,,,,,,,,,,,,,,,,,,,,,,,,,,,,,,,,,,,,,,,,,,,,,,,,,,,,,,,,,,,,,,,,,,,,,,,,,,,,,,,,,,,,,,,,,,,,,,,,,,,,,,,,,,,,,,,,,,,,,,,,,,"",0,,,,,,,,,,,,,0,"",,,,0,""
54,,3,1,2,0,0,0,0,0,0,0,255,255,255,23,2481.706,"Pugeuk",R,29,85,137,1.384,0.067,0.622,1.508,0.802,1.502,-36.563,28.091,55,45,0,2,"",-181.977,-144.59,9.97,0,0,8,"ByeolBam","쟈가리코","shimenawa","encounter v","_송글_","わだ、、","DoYaGee","yumi2012","muyang_",3,R,"muyang_",171.6,80,0.498,5,98,W,Y,1,2482.754,151,234,72,114,21,,142,128,-10.59,-44.477,0.246,0.927,-20.161,0.42,0,0.355,-17.491,400.868,381.752,2482.904,3.386,-23.378,2489.404,6,68.942,0.055,-94.674,1,0,,2487.949,2492.258,,,,,,,,,,,,,,,,,,,,,,,,,,,,,,,,,,,0.15,-37.379,0.159,-16.771,-20.139,-44.981,-15.49,-59.851,20.984,-48.807,9.101,-62.792,41.031,-94.226,-2.307,-113.458,-46.879,-95.993,0.319,-37.167,,"HalF_HearteD",0.153,-16.871,,"magimari",-20.075,-44.901,,"Rite_",-15.739,-59.855,73,"bdg06213",20.906,-48.802,,"Pring__",8.976,-62.546,,"ame_3",41.066,-94.018,97,"alcohol500",-2.183,-113.921,,"Pizzallaris",-46.877,-95.98,,2498.716,-0.164,-39.303,,,,,,,2494.824,1.263,-59.722,,,,,,,2489.422,68.34,-94.38,,,,,,,,,,,,,,,,2497.431,0.618,-58.362,,,,,,,2491.501,59.697,-86.893,,,,,,,"",2,-42.665,-35.022,5.814,0,1,0.736,-18.4,-10.59,-29.909,-57.651,0.023,-97.405,0,"ame_3",2492.258,,,68,""
55,,3,1,2,0,0,0,0,0,1,0,255,3,255,24,2516.626,"Pugeuk",R,13,67,96,-2.844,-0.932,0.325,1.768,-0.565,1.68,-36.563,32.233,84,16,0,4,"",-308.506,353.61,10.55,-0.822,-17.349,0,"=","=","=","=","=","=","=","=","=",7,R,"ByeolBam",175.3,88,0.5,,97,W,Y,1,,,,,,,,,,,,,,,,,,,,,,,,,,,,,0,0,,,,,,,,,,,,,2516.873,,,,,,,,,,,,,,,,,,,,,,,,,-0.095,-37.351,-0.37,-16.912,-20.129,-44.747,-14.584,-59.924,20.214,-47.266,10.602,-64.612,47.111,-91.919,-2.365,-114.409,-45.393,-96.057,,,,"",,,,"",,,,"",,,,"",,,,"",,,,"",,,,"",,,,"",,,,2520.995,-0.35,-36.978,,,,,,,,,,,,,,,,,,,,,,,,,,,,,,,,,,,,,,,,,,,,,,,,,,,,"",0,,,,,,,,,,,,,0,"",2518.968,,,0,""
56,,3,1,2,0,0,1,0,0,1,0,255,3,255,25,2535.017,"Pugeuk",R,29,90,140,0.605,-1.717,0.55,1.411,0.47,0.465,-36.563,30.735,57,43,0,1,"",-165.689,-152.444,13.852,-0.046,-16.669,0,"=","=","=","=","=","=","=","=","=",7,R,"ByeolBam",175.3,88,0.5,,74,W,Y,0,,,,,,,,,,,,,,,,,,,,,,,,,,,,,0,0,,,,,,,,,,,,,,,,,,,,,,,,,,,,,,,,,,,,,,0.053,-37.297,-0.287,-16.935,-19.596,-44.377,-15.052,-60.616,19.307,-46.971,7.791,-65.079,47.126,-92.122,-1.875,-114.586,-44.976,-96.524,,,,"",,,,"",,,,"",,,,"",,,,"",,,,"",,,,"",,,,"",,,,2539.297,-0.103,-37.475,,,,,,,,,,,,,,,,,,,,,,,,,,,,,,,,,,,,,,,,,,,,,,,,,,,,"",0,,,,,,,,,,,,,0,"",2537.183,,,0,""
57,,3,1,2,0,1,1,0,0,1,0,255,3,255,26,2553.091,"Pugeuk",R,29,86,139,-3.303,-1.733,0.193,1.426,-1.192,0.515,-36.563,10.97,43,57,0,1,"",-185.177,-87.545,10.03,-0.849,-16.831,0,"=","=","=","=","=","=","=","=","=",7,R,"ByeolBam",175.3,88,0.5,,74,W,Y,0,,,,,,,,,,,,,,,,,,,,,,,,,,,,,0,0,,,,,,,,,,,,,2553.773,,,,,,,,,,,,,,,,,,,,,,,,,0.032,-37.287,-0.281,-16.932,-19.462,-44.395,-15.351,-60.957,20.416,-45.777,5.181,-64.463,47.14,-92.162,-0.819,-116.913,-45.437,-97.527,,,,"",,,,"",,,,"",,,,"",,,,"",,,,"",,,,"",,,,"",,,,2558.212,-0.188,-37.335,,,,,,,,,,,,,,,,,,,,,,,,,,,,,,,,,,,,,,,,,,,,,,,,,,,,"",0,,,,,,,,,,,,,0,"",2555.69,,,0,""
58,,3,1,2,0,2,1,0,0,1,0,255,3,255,27,2573.371,"Pugeuk",R,6,77,104,-0.585,-0.063,0.085,1.726,-1.129,1.599,-36.563,18.91,92,8,0,0,"",440.646,13.811,7.82,0,0,0,"=","=","=","=","=","=","=","=","=",7,R,"ByeolBam",175.3,88,0.5,,74,W,Y,0,,,,,,,,,,,,,,,,,,,,,,,,,,,,,0,0,,,,,,,,,,,,,2573.829,,,,,,,,,,,,,,,,,,,,,,,,,-0.11,-37.422,-0.299,-16.787,-19.607,-44.204,-15.343,-60.931,21.759,-48.256,4.881,-62.86,45.859,-93.163,-0.129,-117.16,-45.655,-97.408,,,,"",,,,"",,,,"",,,,"",,,,"",,,,"",,,,"",,,,"",,,,2578.486,-0.509,-37.446,,,,,,,,,,,,,,,,,,,,,,,,,,,,,,,,,,,,,,,,,,,,,,,,,,,,"",0,,,,,,,,,,,,,0,"",2575.988,,,0,""
59,,3,1,2,0,2,2,0,0,1,0,255,3,255,28,2597.649,"Pugeuk",R,3,74,102,-2.805,-0.324,0.342,1.656,-0.331,1.435,-36.563,21.377,49,51,0,2,"",-442.872,0,15.83,0,0,0,"=","=","=","=","=","=","=","=","=",7,R,"ByeolBam",175.3,88,0.5,5,74,W,Y,1,2598.745,131,86,88,49,56,,138,80,-30,-54.973,-0.439,0.953,-21.502,1,0,0.311,68.633,513.295,286.298,2598.884,0.79,-22.368,,,,,,0,0,,,,,,,,,,,,,2597.907,,,,,,,,,,,,,,,,,,,,,,,,,0.032,-37.271,-0.288,-16.78,-19.172,-43.979,-15.543,-61.205,22.487,-49.146,5.572,-63.316,45.813,-93.184,-1.624,-117.036,-45.691,-97.388,-0.332,-37.388,,"HalF_HearteD",-0.385,-16.85,,"magimari",-19.026,-43.923,,"Rite_",-15.615,-61.15,,"bdg06213",22.555,-49.392,,"Pring__",4.966,-62.975,,"ame_3",45.792,-93.196,,"alcohol500",-1.49,-117.076,,"Pizzallaris",-45.66,-97.384,,,,,,,,,,,,,,,,,,,,,,,,,,,,,,,,,,,,,,,,,,,,,,,,,,,,,,,,"",3,-50.038,-38.327,1.31,0,0,1,-42.362,-42.362,-8.905,-42.362,0,-127.574,0,"",2605.089,,,0,""
60,,3,1,2,0,2,2,0,0,1,0,255,3,255,29,2625.531,"Pugeuk",R,10,76,105,-1.631,-1.369,0.189,1.668,-0.807,1.463,-36.563,17.162,39,61,0,2,"",0,400,4.757,0,0,0,"=","=","=","=","=","=","=","=","=",7,R,"ByeolBam",175.3,88,0.5,0,96,W,Y,1,2626.606,205,119,110,92,42,,145,131,32.002,42.846,-0.345,0.503,-20.308,0.64,0,0.154,322.353,373.865,-172.06,2632.138,-90.494,-101.565,,,,,,0,0,,,,,,,,,,,,,2627.261,,,,,,,,,,,,,,,,,,,,,,,,,-0.072,-37.275,-0.328,-16.892,-19.729,-43.467,-15.953,-59.602,20.657,-47.401,7.945,-63.583,45.653,-91.18,1.171,-116.056,-45.625,-97.38,-0.618,-37.374,,"HalF_HearteD",-0.428,-17.011,,"magimari",-19.573,-43.472,,"Rite_",-15.873,-59.459,,"bdg06213",20.601,-47.278,,"Pring__",8.83,-64.223,,"ame_3",45.658,-91.195,,"alcohol500",0.976,-115.445,,"Pizzallaris",-45.637,-97.39,,,,,,,,,,,,,,,,,,,,,,,,,,,,,,,,,,,,,,,,,,,,,,,,,,,,,,,,"",3,,,,,,,,,,,,,0,"",2632.577,,,0,""
61,,3,1,2,0,2,2,0,0,1,0,255,3,255,30,2652.094,"Pugeuk",R,10,66,98,-1.733,-1.11,0.302,1.808,-0.652,1.631,-36.563,37.558,88,12,0,2,"",-51.409,400,6.368,0,0,0,"=","=","=","=","=","=","=","=","=",7,R,"ByeolBam",175.3,88,0.5,3,95,W,Y,1,2653.233,162,112,47,64,52,,133,75,-30,-18.412,-0.276,0.677,-21.303,1,0,0.248,16.638,289.554,-209.537,2653.329,0.074,-22.36,2656.2,5,11.978,0.055,-55.795,0,0,,2658.531,,,,,,,,,,,2655.65,,2659.009,0,,147,1,,,,,,,,,,,,,,,,,,,-0.177,-37.396,-0.294,-16.88,-19.838,-43.159,-15.264,-59.922,20.772,-47.467,6.016,-62.81,43.394,-93.062,-1.919,-117.58,-46.147,-96.324,-0.614,-37.378,,"HalF_HearteD",-0.609,-17.008,,"magimari",-19.461,-43.178,85,"Rite_",-15.317,-60.035,,"bdg06213",20.567,-47.56,,"Pring__",6.818,-62.713,107,"ame_3",43.358,-93.062,,"alcohol500",-1.893,-117.546,,"Pizzallaris",-46.142,-96.336,,2662.247,-0.509,-38.916,,,,2658.308,-18.028,-39.904,,,,,,,2656.065,11.689,-56.309,,,,,,,,,,,,,,,,2661.197,-17.695,-39.144,,,,,,,2657.003,6.864,-53.237,,,,,,,,,,"",2,,,,,,,,,,,,,0,"Pring__",2656.097,,,9,""
62,,3,1,2,0,0,0,1,0,1,0,255,3,255,31,2686.313,"Pugeuk",R,29,82,134,-0.92,0.503,0.42,1.596,-0.137,1.803,-36.563,26.15,53,47,0,0,"",-194.559,-138.535,3.926,0,0,1,"=","=","=","=","=","=","=","=","=",2,L,"쟈가리코",190,82,0.45,,71,W,Y,0,,,,,,,,,,,,,,,,,,,,,,,,,,,,,0,0,,,,,,,,,,,,,2697.49,,,,,,,,,,,,,,,,,,,,,,,,,-0.011,-37.314,-0.11,-16.862,-19.337,-44.127,-9.71,-64.254,21.226,-46.31,11.587,-63.095,49.766,-91.293,4.288,-115.91,-46.283,-96.376,,,,"",,,,"",,,,"",,,,"",,,,"",,,,"",,,,"",,,,"",,,,2691.455,-0.425,-37.43,,,,,,,,,,,,,,,,,,,,,,,,,,,,,,,,,,,,,,,,,,,,,,,,,,,,"",0,,,,,,,,,,,,,0,"",2687.226,,,0,""
63,,3,1,2,0,0,1,1,0,1,0,255,3,255,32,2707.603,"Pugeuk",R,29,89,140,-0.538,-0.946,0.452,1.517,0.015,0.899,-36.563,23.907,51,49,0,0,"",-195.331,-133.924,6.477,0,0,1,"=","=","=","=","=","=","=","=","=",2,L,"쟈가리코",190,82,0.45,,71,W,Y,0,,,,,,,,,,,,,,,,,,,,,,,,,,,,,0,0,,,,,,,,,,,,,2708.292,,,,,,,,,,,,,,,,,,,,,,,,,0.021,-37.26,-0.151,-16.946,-19.438,-43.918,-2.836,-63.568,21.813,-46.311,12.683,-63.49,49.744,-91.441,2.764,-115.607,-46.278,-96.376,,,,"",,,,"",,,,"",,,,"",,,,"",,,,"",,,,"",,,,"",,,,2712.386,0.438,-37.356,,,,,,,,,,,,,,,,,,,,,,,,,,,,,,,,,,,,,,,,,,,,,,,,,,,,"",0,,,,,,,,,,,,,0,"",2710.331,,,0,""
64,,3,1,2,0,0,2,1,0,1,0,255,3,255,33,2729.656,"Pugeuk",R,6,80,106,-0.188,0.025,0.124,1.74,-1.008,1.633,-36.563,23.687,94,6,0,0,"",478.677,0,5.175,0,0,1,"=","=","=","=","=","=","=","=","=",2,L,"쟈가리코",190,82,0.45,,71,W,Y,1,,,,,,,,,,,,,,,,,,,,,,,,,,,,,0,0,,,,,,,,,,,,,2730.117,,2732.425,1,,578,0,,,,,,,,,,,,,,,,,,,-0.188,-37.354,-0.237,-16.981,-19.443,-43.804,-4.486,-65.161,21.983,-46.732,10.057,-63.664,49.745,-91.492,3.078,-115.84,-46.256,-96.667,,,,"",,,,"",,,,"",,,,"",,,,"",,,,"",,,,"",,,,"",,,,2740.183,-1.181,-33.503,,,,,,,,,,,,,,,,,,,,,,,,,,,,,,,,,,,,,,,,,,,,,,,,,,,,"",0,,,,,,,,,,,,,0,"",2732.123,,,0,""
65,,3,1,2,0,0,0,2,0,1,0,255,3,255,34,2761.121,"Pugeuk",R,29,81,132,2.15,1.539,0.589,1.957,1.207,2.351,-36.563,38.698,92,8,0,1,"",-198.062,-132.962,-3.73,0,0,2,"=","=","=","=","=","=","=","=","=",5,L,"shimenawa",174.8,94.576,0.295,,94,W,Y,0,,,,,,,,,,,,,,,,,,,,,,,,,,,,,0,0,,,,,,,,,,,,,2762.638,,,,,,,,,,,,,,,,,,,,,,,,,0.119,-37.355,0.183,-16.868,-19.863,-43.532,-3.162,-64.333,21.462,-47.733,12.631,-65.151,49.791,-93.919,0.447,-116.151,-46.269,-96.667,,,,"",,,,"",,,,"",,,,"",,,,"",,,,"",,,,"",,,,"",,,,2765.803,-0.607,-37.319,,,,,,,,,,,,,,,,,,,,,,,,,,,,,,,,,,,,,,,,,,,,,,,,,,,,"",0,,,,,,,,,,,,,0,"",2764.444,,,0,""
66,,3,1,2,0,1,0,2,0,1,0,255,3,255,35,2782.465,"Pugeuk",R,14,67,96,1.811,-0.65,0.438,1.769,-0.035,1.699,-36.563,25.844,86,14,0,2,"",367.88,268.911,9.558,0,0,2,"=","=","=","=","=","=","=","=","=",5,L,"shimenawa",174.8,94.576,0.295,3,94,W,Y,0,2783.728,98,78,76,76,41,,133,75,100.616,82.214,0.342,0.704,-20.253,1,0,0.259,-254.46,-349.851,-343.002,2788.367,57.535,-8.747,,,,,,0,0,,,,,,,,,,,,,2782.857,,,,,,,,,,,,,,,,,,,,,,,,,0.199,-37.359,0.191,-16.926,-19.89,-43.46,-2.631,-64.781,23.774,-46.587,13.098,-64.568,49.837,-93.942,1.759,-119.826,-45.899,-97.647,0.016,-37.092,,"HalF_HearteD",0.158,-17.039,,"magimari",-19.756,-43.522,,"Rite_",-8.027,-65.816,,"bdg06213",24.25,-46.948,,"Pring__",13.073,-64.53,,"ame_3",49.835,-93.926,,"alcohol500",1.92,-116.596,,"Pizzallaris",-45.894,-97.646,,,,,,,,,,,,,,,,,,,,,,,,,,,,,,,,,,,,,,,,,,,,,,,,,,,,,,,,"",3,,,,,,,,,,,,,0,"",2787.376,,,0,""
67,,3,1,2,0,1,1,2,0,1,0,255,3,255,36,2802.053,"Pugeuk",R,30,82,133,2.144,-0.561,0.688,1.617,1.112,1.185,-36.563,31.69,96,4,0,2,"",-138.212,-89.479,6.743,0,0,2,"=","=","=","=","=","=","=","=","=",5,L,"shimenawa",174.8,94.576,0.295,0,93,W,Y,0,2803.168,117,74,74,57,0,,137,102,33.355,-23.052,0.38,0.711,-19.839,0.91,0,0.231,477.395,-197.793,-15.088,2808.471,38.573,-97.636,2808.596,6,37.355,2.373,-95.32,0,0,,2808.493,,,,,,,2808.111,,,,2802.278,,2808.598,2,,455,0,,,,,,,,,,,,,,,,,,,0.193,-37.227,0.103,-16.953,-19.51,-43.159,-7.485,-65.13,21.601,-46.003,12.066,-65.036,50.798,-93,3.187,-115.229,-45.396,-97.181,0.367,-36.991,,"HalF_HearteD",0.053,-17.005,,"magimari",-19.152,-43.226,,"Rite_",-7.575,-65.082,,"bdg06213",21.857,-46.893,,"Pring__",12.522,-65.192,,"ame_3",50.776,-92.969,90,"alcohol500",3.352,-115.252,,"Pizzallaris",-45.394,-97.198,,,,,,,,,,,,,,,,,,,,2808.614,37.786,-96.218,,,,,,,,,,,,,,,,,,,,,,,,,2810.424,37.708,-95.629,,,,,,,"",1,,,,,,,,,,,,,0,"ame_3",,2808.111,,4,""
68,SIDE,3,1,2,0,0,0,2,0,1,0,255,3,255,,2810.718,,,,,,,,,,,,,,,,,,,,,,,,3,"=","=","=","=","=","=","=","=","=",,,,,,,,,,,,,,,,,,,,,,,,,,,,,,,,,,,,,,,0,0,,,,,,,,,,,,,,,,,,,,,,,,,,,,,,,,,,,,,,,,,,,,,,,,,,,,,,,,,,,,,,,,,,,,,,,,,,,,,,,,,,,,,,,,,,,,,,,,,,,,,,,,,,,,,,,,,,,,,,,,,,,,,,,,,,,,,,,,,,,,,,,,,"",0,,,,,,,,,,,,,0,"",,,,0,""
69,,3,0,2,0,0,0,0,0,0,0,255,255,255,29,2856.949,"Riyaj",R,26,82,133,1.085,1.597,0.282,2.237,0.382,2.327,-36.788,41.48,81,17,2,4,"",63.25,-184.255,-2.073,0,0,7,"Pring__","-Alta-","ame_3","magimari","bdg06213","HalF_HearteD","Rite_","Pizzallaris","alcohol500",8,R,"Pizzallaris",176.4,80,0.604,,93,W,Y,1,,,,,,,,,,,,,,,,,,,,,,,,,,,,,0,0,,,,,,,,,,,,,,,,,,,,,,,,,,,,,,,,,,,,,,-0.067,-37.477,-0.02,-17.405,-21.832,-48.239,-16.657,-62.411,20.434,-46.704,13.531,-63.318,41.695,-93.073,-0.274,-112.455,-45.34,-98.224,,,,"",,,,"",,,,"",,,,"",,,,"",,,,"",,,,"",,,,"",,,,,,,,,,,,,,,,,,,,,,,,,,,,,,,,,,,,,,,,,,,,,,,,,,,,,,,,,,"",0,,,,,,,,,,,,,0,"",,,,0,""
70,,3,0,2,0,0,1,0,0,0,0,255,255,255,30,2875.705,"Riyaj",R,10,74,103,-0.162,0.047,0.176,2.3,-0.075,2.251,-36.788,42.734,84,16,0,2,"",0,400,11.629,0,0,7,"=","=","=","=","=","=","=","=","=",8,R,"Pizzallaris",176.4,80,0.604,3,93,W,Y,1,2877.055,176,49,147,27,24,,145,127,-18.432,40.476,-0.146,0.857,-20.089,0.42,0.286,0.649,-145.628,402.487,81.692,2877.092,-2.14,-22.412,2878.342,2,-21.324,0.586,-44.618,0,0,,2882.296,,,,,,,,,,,,,2880.373,7,,147,0,,,,,,,,,,,2879.831,2,,,,,,,-0.15,-37.417,-0.281,-17.515,-21.882,-48.41,-17.147,-62.376,19.655,-46.501,13.673,-65.087,41.772,-93.459,-0.212,-112.549,-44.803,-98.641,0.008,-37.28,,"DoYaGee",-0.284,-17.529,,"쟈가리코",-21.743,-48.326,66,"muyang_",-17,-62.272,,"わだ、、",18.937,-46.188,,"shimenawa",13.084,-65.104,,"_송글_",41.824,-93.455,,"ByeolBam",-0.188,-112.591,,"yumi2012",-44.806,-98.634,,2882.644,-0.478,-38.291,,,,2878.483,-21.824,-45.094,,,,,,,,,,,,,,,,,,,,,,,,,2881.427,-18.023,-39.641,,,,,,,,,,,,,,,,,,,"",2,,,,,,,,,,,,,0,"쟈가리코",,,,2,""
71,,3,0,2,0,0,0,1,0,0,0,255,255,255,31,2902.036,"Riyaj",R,10,68,99,-0.417,0.204,0.14,2.307,-0.185,2.283,-36.788,38.379,89,11,0,0,"",0,389.52,10.514,0,0,8,"=","=","=","=","=","=","=","=","=",7,L,"alcohol500",172,85.415,0.3,,92,W,Y,0,,,,,,,,,,,,,,,,,,,,,,,,,,,,,0,0,,,,,,,,,,,,,,,,,,,,,,,,,,,,,,,,,,,,,,-0.127,-37.448,-0.075,-17.384,-20.56,-46.234,-16.265,-62.639,19.572,-46.068,13.46,-64.846,43.605,-93.106,1.094,-111.32,-41.51,-96.602,,,,"",,,,"",,,,"",,,,"",,,,"",,,,"",,,,"",,,,"",,,,2905.806,0.186,-37.32,,,,,,,,,,,,,,,,,,,,,,,,,,,,,,,,,,,,,,,,,,,,,,,,,,,,"",0,,,,,,,,,,,,,0,"",,,,0,""
72,,3,0,2,0,0,1,1,0,0,0,255,255,255,32,2920.23,"Riyaj",R,26,86,140,-2.574,-1.077,0.051,2.068,-0.693,1.741,-36.788,20.288,83,14,3,2,"",108.551,-189.237,10.849,0,0,8,"=","=","=","=","=","=","=","=","=",7,L,"alcohol500",172,85.415,0.3,5,92,W,Y,1,2921.183,149,93,129,107,36,,145,126,25.488,14.573,-0.165,1.324,-20.662,0.7,0,0.241,440.157,-239.751,-102.986,2926.742,-22.298,-132.343,2927.963,7,-18.139,0.107,-128.743,1,0,,2926.193,2930.65,,,,,,,,,,,,,,,,,,,,,,,,,,,,,2933.601,5,,,,,-0.176,-37.33,-0.083,-17.339,-21.291,-46.238,-15.911,-62.992,19.266,-45.809,14.17,-64.411,43.677,-93.136,1.038,-111.06,-41.706,-96.371,-0.106,-37.116,,"DoYaGee",-0.12,-17.422,,"쟈가리코",-20.721,-46.941,,"muyang_",-15.985,-62.917,,"わだ、、",18.925,-45.522,,"shimenawa",14.122,-64.316,51,"_송글_",43.621,-93.168,,"ByeolBam",2.294,-111.066,98,"yumi2012",-41.717,-96.369,,2938.127,0.148,-39.311,,,,,,,,,,,,,2932.28,-0.542,-60.884,,,,2928.031,-17.744,-128.101,,,,,,,,,,,,,,,,,,,2936.587,0.787,-56.184,,,,2928.952,-16.409,-123.586,,,,"",2,15.216,15.216,11.795,0,0,1,31.059,31.059,51.979,31.059,0,13.577,0,"ByeolBam",2930.65,,,5,""
73,,3,0,2,0,0,0,1,0,1,0,255,17,255,33,2957.138,"Riyaj",R,10,80,119,1.64,-0.231,0.351,2.133,0.704,1.971,-36.788,38.756,89,11,0,2,"",0,400,3.665,0,0,0,"=","=","=","=","=","=","=","=","=",5,L,"Pring__",174.7,91.089,0.428,5,92,W,Y,1,2958.289,150,170,43,106,86,,127,83,12.05,17.751,0.304,0.879,-20.535,1,0,0.458,152.175,-1.132,-91.615,,,,2960.304,3,-9.677,3.02,-51.763,0,0,,,,,,,,,,,,,2978.338,,2960.315,0,,452,0,,,,,,,,,,,,,,,,,,,0.026,-37.514,0.192,-17.495,-21.2,-47.333,-11.181,-60.016,19.284,-45.743,11.123,-65.265,46.392,-98.261,0.116,-118.17,-45.558,-98.219,-0.071,-37.243,,"DoYaGee",0.2,-17.596,,"쟈가리코",-20.953,-47.504,,"muyang_",-11.636,-59.075,71,"わだ、、",18.519,-45.573,,"shimenawa",14.491,-64.661,,"_송글_",46.484,-98.239,,"ByeolBam",0.118,-118.165,,"yumi2012",-45.26,-98.854,,2965.802,-0.219,-39.24,,,,,,,2960.328,-10.136,-53.057,,,,,,,,,,,,,,,,,,,,,,,,,2964.806,-5.358,-51.278,,,,,,,,,,,,,,,,"",1,17.92,17.92,1.432,0,2,0.416,20.787,12.05,-7.732,20.101,0.023,48.686,0,"muyang_",2961.162,,,256,""
74,,3,0,2,0,0,0,2,0,1,0,255,17,255,34,2982.376,"Riyaj",R,27,83,135,0.483,1.897,0.221,2.35,0.097,2.646,-36.788,49.127,89,11,0,1,"",73.352,-145.19,-6.113,0,0,1,"=","=","=","=","=","=","=","=","=",9,L,"-Alta-",190,86,0.499,,62,W,Y,0,,,,,,,,,,,,,,,,,,,,,,,,,,,,,0,0,,,,,,,,,,,,,2999.813,,,,,,,,,,,,,,,,,,,,,,,,,-0.161,-37.422,-0.009,-17.065,-21.634,-48.793,-11.982,-61.004,20.898,-46.749,14.124,-63.655,44.93,-94.413,0.275,-116.903,-45.398,-100.936,,,,"",,,,"",,,,"",,,,"",,,,"",,,,"",,,,"",,,,"",,,,2986.604,0.101,-37.561,,,,,,,,,,,,,,,,,,,,,,,,,,,,,,,,,,,,,,,,,,,,,,,,,,,,"",0,,,,,,,,,,,,,0,"",2984.772,,,0,""
75,,3,0,2,0,1,0,2,0,1,0,255,17,255,35,3016.096,"Riyaj",R,10,82,122,0.49,-1.144,0.244,1.945,0.206,1.336,-36.788,23.716,95,5,0,1,"",0,400,11.78,0,0,1,"=","=","=","=","=","=","=","=","=",9,L,"-Alta-",190,86,0.499,,62,W,Y,0,,,,,,,,,,,,,,,,,,,,,,,,,,,,,0,0,,,,,,,,,,,,,3029.984,,,,,,,,,,,,,,,,,,,,,,,,,-0.097,-37.373,0.185,-17.301,-21.721,-50.359,-11.086,-59.511,21.033,-47.426,13.946,-64.548,44.973,-94.688,0.448,-117.468,-46.395,-98.682,,,,"",,,,"",,,,"",,,,"",,,,"",,,,"",,,,"",,,,"",,,,3020.972,0.215,-37.127,,,,,,,,,,,,,,,,,,,,,,,,,,,,,,,,,,,,,,,,,,,,,,,,,,,,"",0,,,,,,,,,,,,,0,"",3019.063,,,0,""
76,,3,0,2,0,2,0,2,0,1,0,255,17,255,36,3038.605,"Riyaj",R,26,86,140,-0.748,0.822,0.113,2.141,-0.405,1.969,-36.788,26.541,90,9,1,0,"",54.248,-156.665,1.509,0,0,1,"=","=","=","=","=","=","=","=","=",9,L,"-Alta-",190,86,0.499,,62,W,Y,1,,,,,,,,,,,,,,,,,,,,,,,,,,,,,0,0,,,,,,,,,,,,,3056.373,,,,,,,,,,,,,,,,,,,,,,,,,-0.068,-37.564,-0.125,-17.285,-22.211,-50.321,-10.154,-59.694,20.613,-46.385,13.055,-65.171,45.19,-94.54,0.333,-117.369,-46.5,-98.516,,,,"",,,,"",,,,"",,,,"",,,,"",,,,"",,,,"",,,,"",,,,3043.241,0.217,-37.182,,,,,,,,,,,,,,,,,,,,,,,,,,,,,,,,,,,,,,,,,,,,,,,,,,,,"",0,,,,,,,,,,,,,0,"",3041.455,,,0,""
77,,3,0,2,0,2,1,2,0,1,0,255,17,255,37,3062.444,"Riyaj",R,10,86,112,-1.539,-0.95,-0.016,1.984,-0.669,1.526,-36.788,13.612,89,11,0,2,"",0,400,13.406,0,0,1,"=","=","=","=","=","=","=","=","=",9,L,"-Alta-",190,86,0.499,5,62,W,Y,1,3063.37,255,60,119,135,60,,145,119,-30,44.093,-0.269,0.806,-21.399,0.86,0,0.577,-362.641,10.863,382.474,3063.313,-1.155,-22.315,3064.842,2,-23.316,2.723,-44.72,0,0,,,,,,,,,3067.971,,,,,,3067.214,1,,147,0,,,,,,,,,,,3066.699,2,,,,,,,-0.099,-37.589,-0.172,-17.126,-22.216,-49.059,-11.117,-59.252,21.005,-47.035,12.479,-65.514,45.337,-94.437,-1.396,-120.191,-45.833,-99.404,-0.354,-37.286,,"DoYaGee",-0.209,-17.181,,"쟈가리코",-22.204,-48.911,73,"muyang_",-11.149,-59.223,,"わだ、、",20.501,-47.165,,"shimenawa",13.172,-65.149,,"_송글_",45.403,-94.563,,"ByeolBam",-1.401,-120.203,,"yumi2012",-45.48,-99.833,,3069.368,-0.835,-37.881,,,,3064.971,-23.554,-45.124,,,,,,,,,,,,,,,,,,,,,,,,,3068.25,-18.041,-39.798,,,,,,,,,,,,,,,,,,,"",2,45.037,45.037,5.863,0,1,0.641,-46.372,-30.523,-15.995,-78.987,0.043,87.014,0,"쟈가리코",,3067.971,,2,""
78,SIDE,3,0,2,0,0,0,2,0,0,1,255,255,17,,3069.616,,,,,,,,,,,,,,,,,,,,,,,,2,"=","=","=","=","=","=","=","=","=",,,,,,,,,,,,,,,,,,,,,,,,,,,,,,,,,,,,,,,0,0,,,,,,,,,,,,,,,,,,,,,,,,,,,,,,,,,,,,,,,,,,,,,,,,,,,,,,,,,,,,,,,,,,,,,,,,,,,,,,,,,,,,,,,,,,,,,,,,,,,,,,,,,,,,,,,,,,,,,,,,,,,,,,,,,,,,,,,,,,,,,,,,,"",0,,,,,,,,,,,,,0,"",,3069.62,,0,""
79,,4,1,2,0,0,0,0,0,0,0,255,255,255,37,3115.755,"Pugeuk",R,6,87,111,1.114,-0.443,0.323,1.604,-0.392,1.338,-36.563,18.51,53,47,0,2,"",477.54,0,8.764,0,0,3,"ByeolBam","쟈가리코","shimenawa","encounter v","_송글_","わだ、、","DoYaGee","yumi2012","muyang_",9,L,"encounter v",190,86.067,0.42,3,90,W,Y,1,3116.799,250,167,159,70,59,,145,126,25.497,-20.473,0.247,0.945,-20.8,0.71,0,0.495,-13.152,-57.179,-178.809,3121.392,40.333,-121.83,3123.892,6,36.012,0.058,-115.046,1,0,,3122.333,3126.677,,,,,,,,,,,,,,,,,,,,,,,,,,,,,,,,,,,-0.004,-37.403,0.032,-16.793,-19.319,-44.536,-11.41,-64.073,21.505,-44.786,12.721,-64.812,49.499,-93.299,2.352,-110.621,-42.419,-92.284,0.428,-37.102,,"HalF_HearteD",0.034,-16.888,,"magimari",-19.266,-44.48,,"Rite_",-11.663,-63.872,76,"bdg06213",21.503,-45.46,,"Pring__",12.686,-64.733,,"ame_3",49.471,-93.295,106,"alcohol500",2.601,-110.543,,"Pizzallaris",-42.401,-92.301,,3131.518,-0.123,-39.101,,,,,,,3127.579,0.366,-60.013,,,,,,,3123.957,36.31,-114.684,,,,,,,,,,,,,,,,3130.228,0.623,-58.793,,,,,,,3124.771,33.889,-110.404,,,,,,,"",2,,,,,,,,,,,,,0,"ame_3",3126.677,,,68,""
80,,4,1,2,0,0,0,0,0,1,0,255,9,255,38,3148.96,"Pugeuk",R,29,87,140,2.166,-0.43,0.608,1.662,1.206,1.24,-36.563,34.372,55,45,0,2,"",-208.021,-116.803,3.7,0,0,4,"=","=","=","=","=","=","=","=","=",6,R,"_송글_",174.9,90.478,0.316,5,90,W,Y,1,3149.894,116,35,103,49,28,,137,80,-41.228,-54.096,0.391,0.776,-20.097,-1,0,0.374,90.757,114.749,-80.525,3149.754,1.049,-20.575,,,,,,0,0,,,,,,,,,,,,,3148.966,,,,,,,,,,,,,,,,,,,,,,,,,0.073,-37.418,-0.147,-16.876,-19.707,-44.102,-13.353,-62.292,18.934,-47.219,3.744,-62.91,47.77,-94.074,1.412,-118.444,-43.207,-92.249,-0.122,-37.387,,"HalF_HearteD",-0.138,-16.865,,"magimari",-19.336,-44.113,,"Rite_",-13.644,-62.228,,"bdg06213",18.987,-47.445,,"Pring__",5.695,-62.698,,"ame_3",47.784,-94.088,,"alcohol500",0.691,-118.311,,"Pizzallaris",-43.205,-92.259,,,,,,,,,,,,,,,,,,,,,,,,,,,,,,,,,,,,,,,,,,,,,,,,,,,,,,,,"",3,-52.767,-45.623,-3.917,0,0,1,-41.228,-41.228,-80.931,-41.228,0,-86.133,0,"",3153.454,,,0,""
81,,4,1,2,0,0,1,0,0,1,0,255,9,255,39,3172.899,"Pugeuk",R,29,93,140,1.425,0.14,0.631,1.522,0.846,1.555,-36.563,22.31,51,49,0,2,"",-180.889,-142.996,11.095,0,0,4,"=","=","=","=","=","=","=","=","=",6,R,"_송글_",174.9,90.478,0.316,5,46,W,Y,1,3173.813,133,95,120,36,19,,139,82,57.521,27.35,0.243,0.954,-19.863,-0.95,0,0.388,431.918,329.174,-135.743,3179.471,-23.655,-57.205,3179.634,3,-22.812,3.206,-56.029,0,0,,3179.228,,,,,,,,,,,3203.008,,3179.729,4,,452,0,,,,,,,,,,,,,,,,,,,0.194,-37.357,0.18,-16.952,-19.4,-44.306,-13.006,-63.389,21.123,-46.174,6.013,-65.175,46.945,-94.114,-0.921,-116.703,-43.216,-92.275,0.311,-37.498,,"HalF_HearteD",0.133,-17.121,,"magimari",-19.168,-44.312,,"Rite_",-13.13,-63.37,85,"bdg06213",19.801,-42.256,,"Pring__",7.524,-64.228,73,"ame_3",46.942,-94.118,,"alcohol500",0.081,-116.581,,"Pizzallaris",-43.208,-92.268,,3185.359,-0.953,-39.571,,,,,,,3179.741,-23.234,-56.392,,,,3181.837,-0.568,-59.39,,,,,,,,,,,,,,,,,,,3180.657,-21.56,-56.744,,,,3184.083,0.204,-57.545,,,,,,,,,,"",1,29.268,29.268,6.296,0,2,0.219,68.811,57.521,-3.389,72.614,0.06,79.519,0,"Rite_",3178.516,,,65,""
82,,4,1,2,0,0,0,1,0,1,0,255,9,255,40,3204.651,"Pugeuk",R,29,85,138,-0.355,0.688,0.472,1.64,0.106,1.944,-36.563,29.983,93,7,0,2,"",-200.473,-115.405,10.662,0,0,5,"=","=","=","=","=","=","=","=","=",4,L,"わだ、、",190,85,0.53,3,89,W,Y,1,3205.726,255,15,118,11,8,,139,101,-89.868,-89.85,-0.109,1.242,-19.523,-0.12,0,0.376,-134.246,68.145,491.655,3205.617,0.92,-19.526,,,,,,0,0,,,,,,,,,,,,,3224.849,,,,,,,,,,,,,,,,,,,3231.815,3,,,,,0.063,-37.372,-0.139,-16.622,-19.503,-44.01,-7.758,-64.186,20.833,-45.358,10.651,-64.701,49.331,-93.485,0.522,-117.591,-43.999,-93.537,-0.042,-37.264,,"HalF_HearteD",-0.11,-16.909,,"magimari",-19.412,-43.922,,"Rite_",-9.198,-63.834,,"bdg06213",20.893,-45.722,,"Pring__",10.602,-64.524,,"ame_3",49.321,-93.45,,"alcohol500",2.777,-118.935,,"Pizzallaris",-43.998,-93.53,,,,,,,,,,,,,,,,,,,,,,,,,,,,,,,,,,,,,,,,,,,,,,,,,,,,,,,,"",3,,,,,,,,,,,,,1,"",3209.118,,,0,""
83,,4,1,2,0,0,1,1,0,0,1,255,255,9,41,3353.636,"Pugeuk",R,29,90,140,-0.272,-0.118,0.493,1.473,0.204,1.405,-36.563,34.234,53,47,0,0,"",-250,-159.461,12.586,0,0,5,"=","=","=","=","=","=","=","=","=",4,L,"わだ、、",190,85,0.53,,88,W,Y,1,,,,,,,,,,,,,,,,,,,,,,,,,,,,,0,0,,,,,,,,,,,,,,3353.922,,,,,,,,,,,,,,,,,,,,,,,,-0.049,-37.258,-0.078,-16.874,-19.287,-45.451,-7.382,-61.893,21.158,-47.629,11.957,-59.73,50.671,-94.434,1.919,-113.409,-44.775,-94.988,,,,"",,,,"",,,,"",,,,"",,,,"",,,,"",,,,"",,,,"",,,,,,,,,,,,,,,,,,,,,,,,,,,,,,,,,,,,,,,,,,,,,,,,,,,,,,,,,,"",0,,,,,,,,,,,,,0,"",,3356.142,,0,""
84,,4,1,2,0,0,2,1,0,0,1,255,255,9,42,3376.234,"Pugeuk",R,14,76,102,2.912,-0.935,0.65,1.712,0.623,1.571,-36.563,25.976,98,2,0,1,"",308.023,373.705,0,0.654,-16.955,5,"=","=","=","=","=","=","=","=","=",4,L,"わだ、、",190,85,0.53,,88,W,Y,0,,,,,,,,,,,,,,,,,,,,,,,,,,,,,0,0,,,,,,,,,,,,,,3398.736,,,,,,,,,,,,,,,,,,,,,,,,0.258,-37.248,0.024,-16.971,-19.346,-45.426,-7.875,-62.424,22.848,-46.833,12.343,-59.729,50.603,-94.443,2.825,-111.26,-44.777,-94.999,,,,"",,,,"",,,,"",,,,"",,,,"",,,,"",,,,"",,,,"",,,,,,,,,,,,,,,,,,,,,,,,,,,,,,,,,,,,,,,,,,,,,,,,,,,,,,,,,,"",0,,,,,,,,,,,,,0,"",,3379.15,,0,""
85,,4,1,2,0,1,2,1,0,0,1,255,255,9,43,3400.349,"Pugeuk",R,6,73,101,4.011,0.062,0.657,1.787,0.646,1.734,-36.563,25.72,93,7,0,2,"",454.005,74.223,0,0,0,5,"=","=","=","=","=","=","=","=","=",4,L,"わだ、、",190,85,0.53,3,88,W,Y,1,3401.589,237,159,81,93,29,,145,87,25.322,-58.315,0.745,1.082,-20.741,1,0,0.827,-105.125,-563.751,-135.993,3404.188,41.517,-42.703,,,,,,0,0,,,,,,,,,,,,,,3422.752,,,,,,,,,,,,,,,,,,,,,,,,0.297,-37.256,0.381,-16.959,-19.337,-45.16,-7.763,-62.296,21.508,-43.901,11.633,-60.647,50.614,-94.552,1.954,-112.018,-44.772,-95,0.66,-37.211,,"HalF_HearteD",0.472,-16.899,,"magimari",-19.231,-44.848,,"Rite_",-7.753,-62.485,,"bdg06213",21.506,-45.591,,"Pring__",12.926,-59.624,,"ame_3",50.595,-94.515,,"alcohol500",1.98,-112.056,,"Pizzallaris",-44.77,-94.996,,,,,,,,,,,,,,,,,,,,,,,,,,,,,,,,,,,,,,,,,,,,,,,,,,,,,,,,"",3,,,,,,,,,,,,,0,"",,3403.652,,0,""
86,,4,1,2,0,1,2,1,0,0,1,255,255,9,44,3423.375,"Pugeuk",R,29,67,120,-1.085,0.884,0.425,1.705,-0.112,2.155,-36.563,30.071,100,0,0,2,"",-227.724,-9.09,16.588,0,0,5,"=","=","=","=","=","=","=","=","=",4,L,"わだ、、",190,85,0.53,5,87,W,Y,1,3424.49,220,122,94,71,40,,145,100,44.664,-2.93,-0.209,1.35,-20.301,-0.45,0,0.475,405.811,-129.395,-109.948,3430.342,6.955,-95.945,3430.571,7,6.724,3.003,-93.852,0,0,,3430.337,,,,,,,,,,,,3431.08,3430.675,5,,456,0,,,,,,,,,,,,,,,,,,,-0.004,-37.244,-0.155,-16.709,-20.048,-45.09,-9.275,-63.112,21.98,-44.31,11.235,-60.995,51.332,-94.964,3.905,-111.674,-44.803,-95.01,0.478,-37.567,,"HalF_HearteD",-0.242,-16.78,130,"magimari",-19.337,-44.723,,"Rite_",-9.59,-63.128,,"bdg06213",21.814,-45.079,,"Pring__",11.229,-60.975,,"ame_3",51.328,-94.965,,"alcohol500",3.86,-111.707,97,"Pizzallaris",-44.773,-95.001,,3440.439,-0.097,-37.155,3435.368,0.347,-20.805,,,,,,,,,,,,,,,,3430.688,6.748,-94.658,,,,,,,3439.639,0.206,-21.722,,,,,,,,,,,,,,,,3431.788,6.746,-89.244,,,,"",1,0.216,0.217,0.457,0,0,1,44.664,44.664,77.578,44.664,0,0.082,0,"alcohol500",,3429.269,,288,""
87,,4,1,2,0,0,0,2,0,0,1,255,255,9,45,3465.756,"Pugeuk",R,26,83,134,-0.086,0.724,0.474,1.827,0.115,1.905,-36.563,19.658,58,42,0,0,"",-117.388,-170.995,1.884,0,0,6,"=","=","=","=","=","=","=","=","=",1,R,"DoYaGee",190,80,0.401,,87,W,Y,1,,,,,,,,,,,,,,,,,,,,,,,,,,,,,0,0,,,,,,,,,,,,,,,,,,,,,,,,,,,,,,,,,,,,,,0.119,-37.365,-0.198,-16.767,-19.943,-44.71,-13.85,-61.792,18.809,-45.749,9.316,-64.54,43.446,-94.632,0.106,-112.998,-43.729,-93.424,,,,"",,,,"",,,,"",,,,"",,,,"",,,,"",,,,"",,,,"",,,,3471.578,0.727,-37.98,,,,,,,,,,,,,,,,,,,,,,,,,,,,,,,,,,,,,,,,,,,,,,,,,,,,"",0,,,,,,,,,,,,,0,"",,3468.104,,0,""
88,,4,1,2,0,0,1,2,0,0,1,255,255,9,46,3490.3,"Pugeuk",R,10,76,117,0.077,-0.643,0.447,1.56,-0.01,1.687,-36.563,23.711,48,52,0,2,"",17.546,400,12.485,0,0,6,"=","=","=","=","=","=","=","=","=",1,R,"DoYaGee",190,80,0.401,0,87,W,Y,1,3491.386,179,103,70,60,53,,140,123,14.308,16.714,0.021,0.807,-20.695,0.76,0,0.205,113.543,179.621,10.174,3495.088,-30.915,-112.332,3498.325,8,-31.961,0.057,-119.912,1,0,,3496.923,3501.572,,,,,,,,3496.503,,,3490.335,,,,,,,,,,,,,,,,,,3504.705,5,,,,,0.022,-37.259,-0.162,-16.852,-19.364,-44.235,-14.353,-62.397,20.599,-47.433,9.829,-65.427,44.988,-94.372,-0.699,-114.954,-43.727,-93.404,-0.214,-37.367,,"HalF_HearteD",-0.197,-16.852,,"magimari",-18.828,-44.153,,"Rite_",-14.267,-62.263,,"bdg06213",19.745,-46.684,,"Pring__",9.791,-65.287,60,"ame_3",44.986,-94.372,,"alcohol500",-0.742,-114.837,,"Pizzallaris",-43.724,-93.404,95,3507.972,1.129,-38.58,,,,,,,,,,,,,3502.51,-2.015,-61.756,,,,,,,3498.421,-31.524,-119.126,,,,,,,,,,,,,,,,3506.459,0.656,-57.051,,,,,,,3499.486,-29.25,-113.779,"",2,,,,,,,,,,,,,0,"Pizzallaris",3501.572,,3496.503,129,""
89,,4,1,3,0,0,0,2,0,1,0,255,1,255,47,3527.163,"Pugeuk",R,26,90,140,0.522,-0.258,0.545,1.442,0.447,1.272,-36.563,19.439,47,53,0,0,"",-175.226,-200,13.979,0,0,7,"=","=","=","=","=","=","=","=","=",8,R,"yumi2012",174.3,90.292,0.504,,86,W,Y,0,,,,,,,,,,,,,,,,,,,,,,,,,,,,,0,0,,,,,,,,,,,,,3546.866,,,,,,,,,,,,,,,,,,,,,,,,,0.189,-37.401,-0.103,-16.864,-19.959,-43.532,-13.251,-62.505,19.82,-45.962,3.759,-62.062,42.509,-90.84,1.951,-118.639,-46.492,-97.382,,,,"",,,,"",,,,"",,,,"",,,,"",,,,"",,,,"",,,,"",,,,3532.07,0.333,-37.293,,,,,,,,,,,,,,,,,,,,,,,,,,,,,,,,,,,,,,,,,,,,,,,,,,,,"",0,,,,,,,,,,,,,0,"",3530.332,,,0,""
90,,4,1,3,0,0,1,2,0,1,0,255,1,255,48,3546.889,"Pugeuk",R,26,83,135,1.137,0.172,0.59,1.509,0.655,1.51,-36.563,17.994,60,40,0,0,"",-125.675,-200,3.771,0,0,7,"=","=","=","=","=","=","=","=","=",8,R,"yumi2012",174.3,90.292,0.504,,86,W,Y,0,,,,,,,,,,,,,,,,,,,,,,,,,,,,,0,0,,,,,,,,,,,,,3570.348,,,,,,,,,,,,,,,,,,,,,,,,,0.225,-37.385,-0.115,-16.909,-19.624,-43.696,-12.425,-62.306,20.899,-45.112,2.169,-60.563,42.497,-90.972,0.719,-115.943,-46.485,-97.374,,,,"",,,,"",,,,"",,,,"",,,,"",,,,"",,,,"",,,,"",,,,3555.923,-0.392,-37.317,,,,,,,,,,,,,,,,,,,,,,,,,,,,,,,,,,,,,,,,,,,,,,,,,,,,"",0,,,,,,,,,,,,,0,"",3549.996,,,0,""
91,,4,1,3,0,0,2,2,0,1,0,255,1,255,49,3570.873,"Pugeuk",R,3,69,99,-3.173,0.506,0.329,1.87,-0.627,1.911,-36.563,39.662,80,20,0,4,"",-361.692,0.167,20.39,0,0,7,"=","=","=","=","=","=","=","=","=",8,R,"yumi2012",174.3,90.292,0.504,,86,W,Y,1,,,,,,,,,,,,,,,,,,,,,,,,,,,,,0,0,,,,,,,,,,,,,,,3573.796,7,,578,0,,,,,,,,,,,,,,,,,3575.645,1,-0.112,-37.348,-0.698,-16.917,-19.133,-43.839,-12.568,-62.229,20.664,-46.18,3.875,-60.913,42.5,-91.007,0.88,-115.864,-46.483,-97.379,,,,"",,,,"",,,,"",,,,"",,,,"",,,,"",,,,"",,,,"",,,,,,,,,,,,,,,,,,,,,,,,,,,,,,,,,,,,,,,,,,,,,,,,,,,,,,,,,,"",0,,,,,,,,,,,,,0,"",,,,0,""
92,SIDE,4,1,3,0,0,0,2,0,1,0,255,1,255,,3575.698,,,,,,,,,,,,,,,,,,,,,,,,8,"=","=","=","=","=","=","=","=","=",,,,,,,,,,,,,,,,,,,,,,,,,,,,,,,,,,,,,,,0,0,,,,,,,,,,,,,,,,,,,,,,,,,,,,,,,,,,,,,,,,,,,,,,,,,,,,,,,,,,,,,,,,,,,,,,,,,,,,,,,,,,,,,,,,,,,,,,,,,,,,,,,,,,,,,,,,,,,,,,,,,,,,,,,,,,,,,,,,,,,,,,,,,"",0,,,,,,,,,,,,,0,"",,,,0,""
93,,4,0,3,0,0,0,0,0,0,0,255,255,255,38,3628.214,"Riyaj",R,10,58,91,0.213,0.014,0.228,2.341,0.087,2.334,-36.788,54.173,90,10,0,0,"",0,400,7.272,0,0,2,"Pring__","-Alta-","ame_3","magimari","bdg06213","HalF_HearteD","Rite_","Pizzallaris","alcohol500",6,L,"ame_3",179.5,88.183,0.277,,35,W,Y,0,,,,,,,,,,,,,,,,,,,,,,,,,,,,,0,0,,,,,,,,,,,,,,,,,,,,,,,,,,,,,,,,,,,,,,-0.194,-37.436,-0.206,-17.414,-22.044,-48.619,-16.604,-62.424,20.776,-47.043,14.529,-64.167,41.032,-92.428,1.246,-115.378,-46.816,-99.657,,,,"",,,,"",,,,"",,,,"",,,,"",,,,"",,,,"",,,,"",,,,,,,,,,,,,,,,,,,,,,,,,,,,,,,,,,,,,,,,,,,,,,,,,,,,,,,,,,"",0,,,,,,,,,,,,,0,"",,,,0,""
94,,4,0,3,0,0,1,0,0,0,0,255,255,255,39,3649.544,"Riyaj",R,10,86,112,-0.927,-1.906,0.069,1.767,-0.405,1.022,-36.788,13.324,51,49,0,2,"",0,400,8.598,0,0,2,"=","=","=","=","=","=","=","=","=",6,L,"ame_3",179.5,88.183,0.277,3,35,W,Y,1,3650.742,255,232,116,125,82,,145,127,-1.225,-1.852,-0.156,0.478,-21.446,0.27,0,0.44,13.764,31.87,132.753,3650.888,0.165,-31.553,3657.288,7,6.18,0.781,-101.186,1,0,,3656.198,,,,,,,,,,,,,,,,,,,,,,,,,,,,,,,,,,,,-0.125,-37.429,-0.041,-17.516,-22.117,-48.578,-16.644,-62.592,20.371,-47.3,13.594,-64.854,41.381,-92.21,2.922,-116.486,-46.672,-99.569,-0.172,-37.162,,"DoYaGee",-0.081,-17.589,,"쟈가리코",-21.924,-48.481,,"muyang_",-16.652,-62.55,,"わだ、、",20.342,-46.694,,"shimenawa",14.312,-64.386,63,"_송글_",41.831,-92.557,,"ByeolBam",3.646,-116.622,97,"yumi2012",-46.685,-99.575,,3666.787,0.031,-39.148,,,,,,,,,,,,,3660.22,0.573,-62.155,,,,3657.391,6.221,-101.816,,,,,,,,,,,,,,,,,,,3665.42,0.894,-57.772,,,,3658.355,5.539,-98.009,,,,"",2,,,,,,,,,,,,,0,"ByeolBam",,,,5,""
95,,4,0,3,0,0,0,0,1,0,0,16,255,255,40,3686.261,"Riyaj",R,10,80,119,0.408,-0.304,0.237,2.113,0.171,1.88,-36.788,29.062,93,7,0,2,"",0,400,5.521,0,0,3,"=","=","=","=","=","=","=","=","=",2,R,"magimari",190,84.511,0.403,5,85,W,Y,1,3687.44,255,86,113,87,39,,145,108,-11.613,28.394,0.048,0.758,-19.805,-0.08,0,0.431,83.13,246.871,-539.543,3687.354,-1.506,-22.663,3689.171,3,-15.695,0.055,-53.406,0,0,,3693.454,,,,3692.634,,,,,,,,,3691.596,2,1,166,256,3693.142,3,,147,4,,,,,,,,,,,,,,-0.028,-37.616,-0.028,-17.075,-19.645,-42.101,-13.063,-58.415,19.338,-45.375,9.704,-64.898,41.111,-89.058,-0.537,-113.632,-48.851,-103.898,-0.058,-37.259,,"DoYaGee",-0.03,-17.115,,"쟈가리코",-20.307,-45.026,70,"muyang_",-13.382,-58.817,93,"わだ、、",18.466,-45.295,,"shimenawa",12.686,-64.398,107,"_송글_",41.128,-89.079,,"ByeolBam",-0.481,-114.005,,"yumi2012",-48.794,-103.899,,3697.62,-0.95,-38.731,,,,3692.554,-18.043,-40.732,3689.349,-16.47,-55.427,,,,3691.013,-0.624,-59.329,,,,,,,,,,,,,,,,3696.49,-17.417,-40.083,3690.271,-10.974,-56.827,,,,3691.484,-1.809,-57.291,,,,,,,,,,"",2,28.961,28.961,-7.288,0,0,1,-11.613,-11.613,-16.199,-11.613,0,51.68,0,"muyang_",3692.634,,,262,""
96,,4,0,3,0,0,0,2,0,0,0,255,255,255,41,3714.271,"Riyaj",R,14,82,120,1.911,-0.858,0.247,1.988,0.22,1.474,-36.788,26.408,55,45,0,2,"",354.863,352.239,11.558,0,0,4,"=","=","=","=","=","=","=","=","=",4,R,"bdg06213",190,87,0.502,5,85,W,Y,1,3715.425,199,95,142,115,103,,145,109,0.978,-5.866,0.527,0.651,-21.018,-0.04,0,0.537,-376.03,-271.204,-204.747,3715.85,2.307,-36.783,3717.117,5,6.088,0.058,-60.695,0,0,,3721.285,,,,,,,,,,,,,3720.225,4,,147,4,,,,,,,,,,,,,,,,,,,-0.093,-37.5,0.087,-17.164,-23.316,-49.266,-17.072,-62.462,21.258,-47.705,12.321,-65.252,43.79,-93.931,-0.592,-112.814,-47.781,-101.376,0.031,-37.239,,"DoYaGee",0.102,-17.202,,"쟈가리코",-23.051,-48.998,,"muyang_",-17.119,-62.347,,"わだ、、",21.175,-47.413,,"shimenawa",12.653,-64.992,98,"_송글_",43.866,-93.938,,"ByeolBam",-0.322,-112.658,,"yumi2012",-47.784,-101.343,,,,,,,,3719.671,-18.819,-40.44,,,,,,,3717.324,6.493,-62.158,,,,,,,,,,,,,,,,,,,,,,,,,3718.305,3.401,-57.835,,,,,,,,,,"",2,-7.531,-7.531,-6.604,0,0,1,0.978,0.978,-3.779,0.978,0,-6.414,0,"shimenawa",,,,6,""
97,SIDE,4,0,3,0,0,0,2,0,0,0,255,255,255,,3721.833,,,,,,,,,,,,,,,,,,,,,,,,5,"=","=","=","=","=","=","=","=","=",,,,,,,,,,,,,,,,,,,,,,,,,,,,,,,,,,,,,,,0,0,,,,,,,,,,,,,,,,,,,,,,,,,,,,,,,,,,,,,,,,,,,,,,,,,,,,,,,,,,,,,,,,,,,,,,,,,,,,,,,,,,,,,,,,,,,,,,,,,,,,,,,,,,,,,,,,,,,,,,,,,,,,,,,,,,,,,,,,,,,,,,,,,"",0,,,,,,,,,,,,,0,"",,,,0,""
98,,5,1,3,0,0,0,0,0,0,0,255,255,255,50,3769.215,"Pugeuk",R,26,91,140,-2.416,-0.511,0.25,1.413,-0.927,1.161,-36.563,13.32,51,49,0,1,"",-98.827,-163.045,9.81,0,0,8,"ByeolBam","쟈가리코","shimenawa","encounter v","_송글_","わだ、、","DoYaGee","yumi2012","muyang_",3,R,"muyang_",171.6,80,0.498,,84,W,Y,0,,,,,,,,,,,,,,,,,,,,,,,,,,,,,0,0,,,,,,,,,,,,,,,,,,,,,,,,,,,,,,,,,,,,,,-0.012,-37.495,-0.215,-16.854,-19.689,-43.334,-14.828,-62.215,21.26,-50.983,10.201,-64.094,41.392,-90.582,-2.29,-114.915,-44.215,-96.813,,,,"",,,,"",,,,"",,,,"",,,,"",,,,"",,,,"",,,,"",,,,,,,,,,,,,,,,,,,,,,,,,,,,,,,,,,,,,,,,,,,,,,,,,,,,,,,,,,"",0,,,,,,,,,,,,,0,"",,,,0,""
99,,5,1,3,0,1,0,0,0,0,0,255,255,255,51,3792.409,"Pugeuk",R,26,81,132,0.722,1.585,0.531,1.732,0.382,2.306,-36.563,21.492,92,8,0,1,"",-57.604,-192.063,12.202,0,0,8,"=","=","=","=","=","=","=","=","=",3,R,"muyang_",171.6,80,0.498,,84,W,Y,0,,,,,,,,,,,,,,,,,,,,,,,,,,,,,0,0,,,,,,,,,,,,,,,,,,,,,,,,,,,,,,,,,,,,,,0.229,-37.508,-0.074,-16.702,-19.645,-43.507,-14.668,-62.155,20.339,-50.097,10.032,-64.019,41.409,-90.724,-1.149,-115.131,-44.297,-96.93,,,,"",,,,"",,,,"",,,,"",,,,"",,,,"",,,,"",,,,"",,,,,,,,,,,,,,,,,,,,,,,,,,,,,,,,,,,,,,,,,,,,,,,,,,,,,,,,,,"",0,,,,,,,,,,,,,0,"",,,,0,""
100,,5,1,3,0,1,1,0,0,0,0,255,255,255,52,3819.489,"Pugeuk",R,26,80,131,1.305,0.164,0.605,1.505,0.726,1.493,-36.563,15.995,60,40,0,2,"",-120.187,-200,10.932,0,0,8,"=","=","=","=","=","=","=","=","=",3,R,"muyang_",171.6,80,0.498,5,84,W,Y,1,3820.554,134,247,124,132,14,,141,99,55.263,11.799,0.229,0.952,-20.049,-0.03,0,0.259,273.014,315.373,113.107,3826.679,-19.054,-79.132,3826.925,3,-18.472,3.37,-77.612,0,0,,3825.859,,,,,,,,,,,,,3827.053,8,,452,0,,,,,,,,,,,,,,,,,,,0.277,-37.4,-0.056,-16.715,-19.698,-43.535,-14.406,-62.135,20.123,-49.463,10.142,-64.776,41.391,-90.682,0.069,-114.514,-44.269,-96.929,0.467,-37.288,,"HalF_HearteD",-0.063,-16.744,,"magimari",-19.637,-43.457,,"Rite_",-14.349,-62.087,102,"bdg06213",19.777,-50.333,,"Pring__",10.147,-64.784,,"ame_3",41.375,-90.688,,"alcohol500",0.677,-114.622,,"Pizzallaris",-44.262,-96.919,,3830.893,-1.328,-39.596,,,,,,,3827.066,-18.829,-78.199,,,,,,,,,,,,,,,,,,,,,,,,,3829.369,-15.172,-69.163,,,,,,,,,,,,,,,,"",1,13.43,13.43,7.807,0,2,0.182,66.064,55.263,9.693,79.018,0.043,-20.807,0,"Rite_",,,,64,""
101,,5,1,3,0,0,0,1,0,0,0,255,255,255,53,3852.405,"Pugeuk",R,26,84,137,-0.985,-1.221,0.388,1.286,-0.282,0.729,-36.563,27.198,42,58,0,1,"",-115.814,-182.693,22.117,0,0,0,"=","=","=","=","=","=","=","=","=",7,R,"ByeolBam",175.3,88,0.5,,84,W,Y,0,,,,,,,,,,,,,,,,,,,,,,,,,,,,,0,0,,,,,,,,,,,,,,,,,,,,,,,,,,,,,,,,,,,,,,-0.005,-37.308,-0.237,-16.96,-19.516,-43.564,-15.16,-62.829,22.483,-45.697,9.503,-65.215,44.546,-93.447,-1.313,-110.772,-42.377,-92.13,,,,"",,,,"",,,,"",,,,"",,,,"",,,,"",,,,"",,,,"",,,,3857.068,0.053,-37.233,,,,,,,,,,,,,,,,,,,,,,,,,,,,,,,,,,,,,,,,,,,,,,,,,,,,"",0,,,,,,,,,,,,,0,"",,,,0,""
102,,5,1,3,0,1,0,1,0,0,0,255,255,255,54,3873.205,"Pugeuk",R,27,89,140,-0.94,-0.961,0.39,1.538,-0.275,0.909,-36.563,20.618,48,52,0,2,"",-108.595,-144.136,3.217,0,0,0,"=","=","=","=","=","=","=","=","=",7,R,"ByeolBam",175.3,88,0.5,5,84,W,Y,1,3874.154,189,201,118,90,45,,145,127,-6.02,-37.803,-0.18,0.618,-20.278,0.25,0,0.273,487.733,338.272,-17.876,3874.146,2.881,-24.252,3875.413,4,19.14,0.058,-44.035,0,0,,,,,,,,,,,,,,,3878.808,0,,147,16,,,,,,,,,,,,,,,,,,,0.036,-37.379,-0.209,-16.92,-19.535,-43.511,-14.485,-61.91,23.006,-48.273,9.375,-65.192,44.562,-93.498,-3.023,-107.362,-45.259,-94.287,0.654,-36.819,,"HalF_HearteD",-0.271,-16.953,,"magimari",-19.129,-43.543,75,"Rite_",-14.202,-61.418,,"bdg06213",22.312,-47.183,113,"Pring__",9.378,-65.201,,"ame_3",44.554,-93.475,,"alcohol500",-2.713,-107.103,,"Pizzallaris",-45.27,-94.298,,3881.542,0.607,-38.605,,,,3878.193,-17.889,-39.38,,,,3875.574,20.216,-45.589,,,,,,,,,,,,,,,,,,,3880.325,-17.639,-39.223,,,,3876.804,13.668,-42.795,,,,,,,,,,,,,"",2,-35.404,-34.451,5.995,0,0,1,-6.02,-6.02,-16.552,-6.02,0,-87.046,0,"bdg06213",,,,24,""
103,,5,1,3,0,0,0,2,0,0,0,255,255,255,55,3903.066,"Pugeuk",R,29,78,128,-0.496,0.087,0.397,1.523,0.007,1.627,-36.563,31.781,53,47,0,2,"",-155.889,-41.514,10.312,0,0,1,"=","=","=","=","=","=","=","=","=",2,L,"쟈가리코",190,82,0.45,0,71,W,Y,1,3904.211,138,73,59,64,13,,137,115,23.88,-39.604,-0.123,1.011,-19.695,0.1,0,0.343,272.045,-30.361,330.782,3909.2,66.934,-100.841,3912.121,6,56.094,0.058,-94.278,1,0,,3909.817,3914.322,,,,,,,,,,,,,,,,,,,,,,,,,,,,,,,,,,,-0.092,-37.339,-0.109,-16.736,-19.636,-44.72,-12.074,-63.153,24.246,-51.018,13.388,-64.483,49.323,-92.682,0.796,-111.258,-44.848,-94.612,0.151,-37.355,,"HalF_HearteD",-0.158,-16.743,,"magimari",-19.507,-44.67,,"Rite_",-12.007,-63.003,85,"bdg06213",24.118,-50.884,,"Pring__",13.366,-64.284,,"ame_3",49.309,-92.702,97,"alcohol500",0.67,-112.185,,"Pizzallaris",-44.8,-94.664,,3920.467,-0.376,-39.711,,,,,,,3916.36,0.646,-60.002,,,,,,,3912.395,56.167,-94.329,,,,,,,,,,,,,,,,3919.329,-1.618,-58.593,,,,,,,3913.288,52.101,-90.474,,,,,,,"",2,,,,,,,,,,,,,0,"ame_3",3914.322,,,68,""
104,,5,1,3,0,0,0,2,0,1,0,255,2,255,56,3942.466,"Pugeuk",R,14,75,102,-0.616,-1.329,0.124,1.615,-1.008,1.337,-36.563,13.303,66,34,0,1,"",362.039,312.348,18.774,-0.035,-17.784,2,"=","=","=","=","=","=","=","=","=",5,L,"shimenawa",174.8,94.576,0.295,,83,W,Y,0,,,,,,,,,,,,,,,,,,,,,,,,,,,,,0,0,,,,,,,,,,,,,3960.854,,,,,,,,,,,,,,,,,,,,,,,,,-0.128,-37.431,-0.118,-16.734,-19.68,-43.549,-5.149,-63.886,22.232,-47.7,13.288,-64.346,47.739,-91.413,2.855,-116.706,-44.792,-94.643,,,,"",,,,"",,,,"",,,,"",,,,"",,,,"",,,,"",,,,"",,,,3947.432,-0.503,-37.255,,,,,,,,,,,,,,,,,,,,,,,,,,,,,,,,,,,,,,,,,,,,,,,,,,,,"",0,,,,,,,,,,,,,0,"",3945.936,,,0,""
105,,5,1,3,0,1,0,2,0,1,0,255,2,255,57,3961.891,"Pugeuk",R,6,77,103,-1.061,-0.322,-0.003,1.655,-1.401,1.431,-36.563,13.287,57,43,0,0,"",468.182,0,14.382,0,0,2,"=","=","=","=","=","=","=","=","=",5,L,"shimenawa",174.8,94.576,0.295,,83,W,Y,0,,,,,,,,,,,,,,,,,,,,,,,,,,,,,0,0,,,,,,,,,,,,,3981.536,,,,,,,,,,,,,,,,,,,,,,,,,-0.208,-37.385,-0.117,-16.736,-19.662,-43.646,-3.467,-63.89,22.499,-48.153,13.273,-64.363,47.498,-91.82,4.328,-116.482,-44.798,-94.648,,,,"",,,,"",,,,"",,,,"",,,,"",,,,"",,,,"",,,,"",,,,3966.347,-0.154,-37.313,,,,,,,,,,,,,,,,,,,,,,,,,,,,,,,,,,,,,,,,,,,,,,,,,,,,"",0,,,,,,,,,,,,,0,"",3965.997,,,0,""
106,,5,1,3,0,1,1,2,0,1,0,255,2,255,58,3982.629,"Pugeuk",R,29,80,130,-0.13,-1.653,0.482,1.44,0.151,0.563,-36.563,30.162,53,47,0,2,"",-150.023,-80.131,8.556,0,0,2,"=","=","=","=","=","=","=","=","=",5,L,"shimenawa",174.8,94.576,0.295,0,83,W,Y,1,3983.708,138,85,103,75,10,,141,125,-30,36.071,-0.114,0.278,-19.882,0.76,0,0.343,-409.147,433.219,70.147,3983.45,-0.392,-20.263,3984.825,2,-17.191,2.102,-43.266,0,0,,,,,,,,,3988.215,,,,,,3987.229,2,,147,0,,,,,,,,,,,3986.637,2,,,,,,,0.017,-37.362,-0.113,-16.725,-19.858,-43.492,-3.757,-64.075,21.898,-47.786,13.279,-64.363,47.749,-91.795,4.664,-113.835,-44.789,-94.645,0.682,-37.067,,"HalF_HearteD",-0.15,-16.76,,"magimari",-19.485,-43.396,,"Rite_",-7.566,-64.129,,"bdg06213",21.285,-47.532,,"Pring__",13.536,-64.118,,"ame_3",47.625,-91.824,,"alcohol500",6.699,-113.642,,"Pizzallaris",-44.796,-94.663,,,,,,,,3985.036,-17.837,-44.266,,,,,,,,,,,,,,,,,,,,,,,,,,,,,,,,,,,,,,,,,,,,,,"",2,,,,,,,,,,,,,0,"magimari",,3988.215,,8,""
107,SIDE,5,1,3,0,0,0,2,0,1,0,255,2,255,,3988.89,,,,,,,,,,,,,,,,,,,,,,,,3,"=","=","=","=","=","=","=","=","=",,,,,,,,,,,,,,,,,,,,,,,,,,,,,,,,,,,,,,,0,0,,,,,,,,,,,,,,,,,,,,,,,,,,,,,,,,,,,,,,,,,,,,,,,,,,,,,,,,,,,,,,,,,,,,,,,,,,,,,,,,,,,,,,,,,,,,,,,,,,,,,,,,,,,,,,,,,,,,,,,,,,,,,,,,,,,,,,,,,,,,,,,,,"",0,,,,,,,,,,,,,0,"",,,,0,""
108,,5,0,3,0,0,0,0,0,0,0,255,255,255,42,4040.437,"Riyaj",R,10,72,114,1.939,0.876,0.379,2.351,0.833,2.651,-36.788,61.915,88,12,0,2,"",0,400,-3.917,0,0,5,"Pring__","-Alta-","ame_3","magimari","bdg06213","HalF_HearteD","Rite_","Pizzallaris","alcohol500",1,R,"HalF_HearteD",190,82,0.396,5,82,W,Y,1,4041.637,189,137,76,103,87,,145,131,25.992,-27.705,0.359,1.414,-20.916,0.32,0,0.342,392.068,358.748,193.424,4047.109,48.366,-133.875,,,,,,0,0,,4047.835,4052.38,4057.523,4063.802,,,,,,,,,,,,,,,,,,,,,,,,,,,,,,,,,-0.07,-37.559,0.159,-17.53,-22.911,-49.027,-16.548,-62.249,20.514,-47.512,12.656,-65.126,43.873,-91.704,-0.241,-113.438,-46.356,-100.774,0.024,-37.056,,"DoYaGee",0.171,-17.534,,"쟈가리코",-22.47,-48.954,,"muyang_",-16.629,-62.199,,"わだ、、",19.796,-47.857,,"shimenawa",13.224,-64.839,,"_송글_",44.127,-91.479,,"ByeolBam",-0.247,-113.453,,"yumi2012",-46.359,-100.776,,,,,,,,,,,,,,,,,,,,,,,,,,,,,,,,,,,,,,,,,,,,,,,,,,,,,,,,"",4,-27.632,-27.632,-20.269,0,2,0.213,79.09,36.457,-1.543,87.772,0.057,8.013,0,"",4052.38,4057.523,,0,""
109,,5,0,3,1,0,0,0,0,0,0,255,255,255,43,4083.831,"Riyaj",R,28,79,129,1.953,1.774,0.367,2.268,0.778,2.468,-36.788,48.861,89,9,3,1,"",39.905,-92.075,-2.854,0,0,6,"=","=","=","=","=","=","=","=","=",3,R,"Rite_",169.5,80,0.455,,82,W,Y,0,,,,,,,,,,,,,,,,,,,,,,,,,,,,,0,0,,,,,,,,,,,,,,,,,,,,,,,,,,,,,,,,,,,,,,-0.042,-37.454,0.045,-17.452,-21.452,-46.838,-16.469,-62.526,19.193,-46.052,12.07,-65.699,43.926,-91.985,-0.618,-110.028,-45.242,-97.196,,,,"",,,,"",,,,"",,,,"",,,,"",,,,"",,,,"",,,,"",,,,,,,,,,,,,,,,,,,,,,,,,,,,,,,,,,,,,,,,,,,,,,,,,,,,,,,,,,"",0,,,,,,,,,,,,,0,"",,,,0,""
110,,5,0,3,1,1,0,0,0,0,0,255,255,255,44,4099.417,"Riyaj",R,26,86,139,0.582,-0.281,0.246,1.925,0.215,1.225,-36.788,23.417,95,5,0,2,"",21.533,-200,-1.948,0,0,6,"=","=","=","=","=","=","=","=","=",3,R,"Rite_",169.5,80,0.455,3,82,W,Y,1,4100.435,216,69,28,53,19,,99,63,-30.111,29.322,-0.008,0.655,-19.79,-0.41,0,0.385,-351.519,213.01,416.777,4100.2,-0.571,-20.79,4102.43,2,-13.827,0.058,-43.147,0,0,,4105.508,,,,,,,,,,,,,4104.704,6,,147,0,,,,,,,,,,,4104.188,2,,,,,,,-0.048,-37.438,0.039,-17.507,-21.201,-47.195,-16.819,-62.251,18.995,-45.472,11.513,-65.853,42.936,-92.639,-0.39,-110.202,-45.218,-97.268,-0.089,-37.183,,"DoYaGee",0.043,-17.547,,"쟈가리코",-21.074,-46.894,84,"muyang_",-16.856,-62.252,,"わだ、、",18.402,-45.336,,"shimenawa",12.425,-65.595,,"_송글_",42.929,-92.641,,"ByeolBam",-0.387,-110.209,,"yumi2012",-45.233,-97.276,,4110.845,-0.581,-38.638,,,,4102.839,-14.216,-43.717,,,,,,,,,,,,,,,,,,,,,,,,,4109.907,-15.787,-39.629,,,,,,,,,,,,,,,,,,,"",2,,,,,,,,,,,,,0,"쟈가리코",,,,2,""
111,,5,0,3,1,0,0,1,0,0,0,255,255,255,45,4132.761,"Riyaj",R,10,73,114,0.259,0.347,0.223,2.239,0.106,2.335,-36.788,47.675,88,12,0,0,"",0,400,6.918,0,0,7,"=","=","=","=","=","=","=","=","=",8,R,"Pizzallaris",176.4,80,0.604,,82,W,Y,0,,,,,,,,,,,,,,,,,,,,,,,,,,,,,0,0,,,,,,,,,,,,,,,,,,,,,,,,,,,,,,,,,,,,,,-0.163,-37.475,-0.145,-17.654,-23.072,-48.821,-17.141,-61.998,19.609,-45.341,12.565,-65.269,42.69,-95.108,-3.344,-116.061,-46.481,-100.175,,,,"",,,,"",,,,"",,,,"",,,,"",,,,"",,,,"",,,,"",,,,4137.147,0.012,-37.327,,,,,,,,,,,,,,,,,,,,,,,,,,,,,,,,,,,,,,,,,,,,,,,,,,,,"",0,,,,,,,,,,,,,0,"",,,,0,""
112,,5,0,3,1,0,1,1,0,0,0,255,255,255,46,4153.084,"Riyaj",R,10,89,128,-3.413,-1.57,-0.118,1.896,-1.477,1.14,-36.788,6.678,49,51,0,1,"",-2.842,400,9.991,0,0,7,"=","=","=","=","=","=","=","=","=",8,R,"Pizzallaris",176.4,80,0.604,,82,W,Y,0,,,,,,,,,,,,,,,,,,,,,,,,,,,,,0,0,,,,,,,,,,,,,,,,,,,,,,,,,,,,,,,,,,,,,,-0.186,-37.381,-0.202,-17.685,-22.077,-47.442,-17.043,-62.608,19.164,-45.038,13.247,-64.9,43.035,-95.007,-0.417,-114.938,-46.016,-99.469,,,,"",,,,"",,,,"",,,,"",,,,"",,,,"",,,,"",,,,"",,,,4157.454,0.196,-37.237,,,,,,,,,,,,,,,,,,,,,,,,,,,,,,,,,,,,,,,,,,,,,,,,,,,,"",0,,,,,,,,,,,,,0,"",,,,0,""
113,,5,0,3,1,1,1,1,0,0,0,255,255,255,47,4170.044,"Riyaj",R,26,95,140,0.228,-0.669,0.195,1.859,-0.023,1.01,-36.788,20.461,49,51,0,0,"",83.367,-195.349,-2.562,0,0,7,"=","=","=","=","=","=","=","=","=",8,R,"Pizzallaris",176.4,80,0.604,,82,W,Y,1,,,,,,,,,,,,,,,,,,,,,,,,,,,,,0,0,,,,,,,,,,,,,,,,,,,,,,,,,,,,,,,,,,,,,,-0.069,-37.41,0.096,-17.596,-22.206,-47.689,-16.924,-62.627,19.427,-45.8,13.33,-64.811,42.938,-95.068,-0.193,-113.246,-45.06,-98.85,,,,"",,,,"",,,,"",,,,"",,,,"",,,,"",,,,"",,,,"",,,,4174.332,0.108,-37.022,,,,,,,,,,,,,,,,,,,,,,,,,,,,,,,,,,,,,,,,,,,,,,,,,,,,"",0,,,,,,,,,,,,,0,"",,,,0,""
114,,5,0,3,1,1,2,1,0,0,0,255,255,255,48,4187.867,"Riyaj",R,28,92,140,-0.239,1.356,0.171,2.225,-0.137,2.287,-36.788,36.229,84,14,2,2,"",19.713,-90.253,0.057,0,0,7,"=","=","=","=","=","=","=","=","=",8,R,"Pizzallaris",176.4,80,0.604,3,82,W,Y,1,4189.045,150,100,64,73,7,,138,93,111.45,-71.703,-0.06,1.293,-19.085,0.96,0.143,0.45,-92.549,-34.444,185.081,,,,,,,,,0,0,,,,,,,,,,,,,,,,,,,,,,,,,,,,,,,,,,,,,,-0.127,-37.43,-0.029,-17.459,-21.893,-47.779,-17.057,-62.395,18.948,-45.908,12.812,-64.521,44.504,-95.848,-0.09,-115.891,-45.14,-98.877,-0.058,-36.996,,"DoYaGee",-0.066,-17.472,,"쟈가리코",-21.573,-47.958,,"muyang_",-17,-62.272,,"わだ、、",18.761,-45.994,,"shimenawa",12.948,-64.456,,"_송글_",44.381,-95.939,,"ByeolBam",-0.175,-116.52,,"yumi2012",-45.13,-98.877,,,,,,,,,,,,,,,,,,,,,,,,,,,,,,,,,,,,,,,,,,,,,,,,,,,,,,,,"",3,,,,,,,,,,,,,0,"",,,,0,""
115,,5,0,3,1,1,2,1,0,0,0,255,255,255,49,4209.26,"Riyaj",R,26,96,140,0.878,-0.646,0.263,1.862,0.294,1.02,-36.788,24.121,48,52,0,2,"",57.923,-200,-8.548,0,0,7,"=","=","=","=","=","=","=","=","=",8,R,"Pizzallaris",176.4,80,0.604,3,81,W,Y,1,4210.424,166,54,90,64,4,,145,125,-30,43.25,-0.042,0.538,-19.457,0.26,0.143,0.406,-15.321,406.72,-64.041,4210.142,-0.821,-20.282,4211.542,2,-21.61,1.765,-42.244,0,0,,4215.832,,,,,,,,,,,,,4213.352,7,,147,0,,,,,,,,,,,4212.749,2,,,,,,,-0.059,-37.388,0.091,-17.605,-21.773,-47.258,-17.279,-62.321,19.114,-46.953,13.733,-64.459,45.391,-95.021,1.457,-116.683,-45.258,-97.571,-0.032,-37.056,,"DoYaGee",0.078,-17.692,,"쟈가리코",-21.158,-47.057,64,"muyang_",-17.295,-62.259,,"わだ、、",18.746,-46.131,,"shimenawa",12.83,-64.75,,"_송글_",45.594,-95.287,,"ByeolBam",1.453,-116.693,,"yumi2012",-45.226,-97.613,,4216.058,-0.075,-37.82,,,,4211.886,-22.011,-42.797,,,,,,,,,,,,,,,,,,,,,,,,,4214.784,-17.834,-39.625,,,,,,,,,,,,,,,,,,,"",2,,,,,,,,,,,,,0,"쟈가리코",,,,2,""
116,,5,0,3,1,0,0,2,0,0,0,255,255,255,50,4252.749,"Riyaj",R,26,95,140,-2.079,-1.831,-0.002,1.675,-0.938,0.337,-36.788,7.524,52,48,0,1,"",23.358,-200,6.175,-0.445,-17.606,8,"=","=","=","=","=","=","=","=","=",7,L,"alcohol500",172,85.415,0.3,,36,W,Y,0,,,,,,,,,,,,,,,,,,,,,,,,,,,,,0,0,,,,,,,,,,,,,,,,,,,,,,,,,,,,,,,,,,,,,,-0.176,-37.437,-0.064,-17.605,-20.992,-46.989,-15.798,-63.2,20.127,-46.567,12.642,-65.119,43.481,-92.162,0.087,-118.664,-45.72,-98.355,,,,"",,,,"",,,,"",,,,"",,,,"",,,,"",,,,"",,,,"",,,,4256.531,0.034,-37.085,,,,,,,,,,,,,,,,,,,,,,,,,,,,,,,,,,,,,,,,,,,,,,,,,,,,"",0,,,,,,,,,,,,,0,"",,,,0,""
117,,5,0,3,1,1,0,2,0,0,0,255,255,255,51,4273.131,"Riyaj",R,10,79,119,0.682,-1.622,0.258,1.914,0.268,1.19,-36.788,20.307,60,40,0,1,"",12.978,400,9.315,0.112,-18.397,8,"=","=","=","=","=","=","=","=","=",7,L,"alcohol500",172,85.415,0.3,,36,W,Y,0,,,,,,,,,,,,,,,,,,,,,,,,,,,,,0,0,,,,,,,,,,,,,,,,,,,,,,,,,,,,,,,,,,,,,,-0.01,-37.503,0.277,-17.551,-20.801,-47.076,-15.691,-63.134,19.431,-46.668,13.402,-64.762,43.628,-92.095,0.535,-115.883,-45.735,-98.328,,,,"",,,,"",,,,"",,,,"",,,,"",,,,"",,,,"",,,,"",,,,4277.081,0.356,-37.079,,,,,,,,,,,,,,,,,,,,,,,,,,,,,,,,,,,,,,,,,,,,,,,,,,,,"",0,,,,,,,,,,,,,0,"",,,,0,""
118,,5,0,3,1,2,0,2,0,0,0,255,255,255,52,4288.737,"Riyaj",R,26,84,136,0.147,1.836,0.201,2.269,0.005,2.461,-36.788,41.207,81,17,2,1,"",36.422,-159.55,1.016,0,0,8,"=","=","=","=","=","=","=","=","=",7,L,"alcohol500",172,85.415,0.3,,36,W,Y,0,,,,,,,,,,,,,,,,,,,,,,,,,,,,,0,0,,,,,,,,,,,,,,,,,,,,,,,,,,,,,,,,,,,,,,-0.093,-37.477,-0.035,-17.51,-20.815,-47.243,-15.879,-63.031,19.321,-46.368,12.676,-64.854,43.468,-92.251,-0.399,-118.25,-45.708,-98.342,,,,"",,,,"",,,,"",,,,"",,,,"",,,,"",,,,"",,,,"",,,,4292.584,0.147,-37.059,,,,,,,,,,,,,,,,,,,,,,,,,,,,,,,,,,,,,,,,,,,,,,,,,,,,"",0,,,,,,,,,,,,,0,"",,,,0,""
119,,5,0,3,1,3,0,2,0,0,0,255,255,255,53,4303.538,"Riyaj",R,10,74,103,-0.809,-0.634,0.086,2.138,-0.354,1.879,-36.788,27.462,86,14,0,0,"",0,400,10.973,-0.198,-17.073,8,"=","=","=","=","=","=","=","=","=",7,L,"alcohol500",172,85.415,0.3,,36,W,Y,0,,,,,,,,,,,,,,,,,,,,,,,,,,,,,0,0,,,,,,,,,,,,,,,,,,,,,,,,,,,,,,,,,,,,,,-0.1,-37.485,-0.226,-17.629,-21.458,-47.274,-15.956,-63.183,18.925,-46.52,12.572,-64.809,43.643,-92.188,-0.111,-117.166,-45.744,-98.372,,,,"",,,,"",,,,"",,,,"",,,,"",,,,"",,,,"",,,,"",,,,4308.811,0.163,-37.293,,,,,,,,,,,,,,,,,,,,,,,,,,,,,,,,,,,,,,,,,,,,,,,,,,,,"",0,,,,,,,,,,,,,0,"",,,,0,""
120,,5,0,3,1,3,1,2,0,0,0,255,255,255,54,4340.071,"Riyaj",R,10,81,108,1.226,-0.466,0.369,2.16,0.523,1.932,-36.788,43.567,88,12,0,0,"",0,400,-0.014,0,0,8,"=","=","=","=","=","=","=","=","=",7,L,"alcohol500",172,85.415,0.3,,36,W,Y,0,,,,,,,,,,,,,,,,,,,,,,,,,,,,,0,0,,,,,,,,,,,,,,,,,,,,,,,,,,,,,,,,,,,,,,-0.03,-37.516,0.169,-17.796,-21.015,-48.199,-16.42,-62.813,19.302,-46.339,12.781,-64.843,46.236,-94.805,0.834,-117.31,-45.817,-98.282,,,,"",,,,"",,,,"",,,,"",,,,"",,,,"",,,,"",,,,"",,,,4344.937,0.184,-37.29,,,,,,,,,,,,,,,,,,,,,,,,,,,,,,,,,,,,,,,,,,,,,,,,,,,,"",0,,,,,,,,,,,,,0,"",,,,0,""
121,,5,0,3,1,3,2,2,0,0,0,255,255,255,55,4356.479,"Riyaj",R,26,86,140,-1.102,0.433,0.076,2.037,-0.578,1.632,-36.788,18.731,89,11,0,2,"",69.072,-200,3.721,0,0,8,"=","=","=","=","=","=","=","=","=",7,L,"alcohol500",172,85.415,0.3,3,36,W,Y,1,4357.449,159,43,121,62,31,,145,101,25.033,21.973,-0.208,1.033,-20.096,0.04,0,0.281,488.952,160.267,249.006,4362.038,-37.742,-101.24,4362.338,8,-36.621,1.894,-98.912,0,0,,4362.477,,,,,,,,,,,,,4362.565,8,,457,0,,,,,,,,,,,,,,,,,,,-0.086,-37.584,-0.033,-17.731,-21.097,-48.447,-16.431,-62.738,19.45,-45.983,13.326,-64.98,46.253,-94.701,0.822,-116.716,-45.789,-98.305,0.103,-37.084,,"DoYaGee",-0.075,-17.823,,"쟈가리코",-21.113,-48.274,,"muyang_",-16.46,-62.788,,"わだ、、",19.396,-46.015,,"shimenawa",13.061,-64.819,,"_송글_",46.223,-94.749,,"ByeolBam",0.82,-116.728,,"yumi2012",-45.826,-98.314,87,,,,,,,,,,,,,,,,,,,,,,,,,4362.576,-36.696,-99.376,,,,,,,,,,,,,,,,,,,,,,,,,4364.634,-33.585,-87.692,"",1,,,,,,,,,,,,,0,"yumi2012",,,,128,""
122,SIDE,5,0,3,1,0,0,2,0,0,0,255,255,255,,4365.23,,,,,,,,,,,,,,,,,,,,,,,,0,"=","=","=","=","=","=","=","=","=",,,,,,,,,,,,,,,,,,,,,,,,,,,,,,,,,,,,,,,0,0,,,,,,,,,,,,,,,,,,,,,,,,,,,,,,,,,,,,,,,,,,,,,,,,,,,,,,,,,,,,,,,,,,,,,,,,,,,,,,,,,,,,,,,,,,,,,,,,,,,,,,,,,,,,,,,,,,,,,,,,,,,,,,,,,,,,,,,,,,,,,,,,,"",0,,,,,,,,,,,,,0,"",,,,0,""
123,,6,1,3,1,0,0,0,0,0,0,255,255,255,59,4415.553,"Pugeuk",R,29,88,140,-0.84,0.572,0.44,1.607,-0.042,1.837,-36.563,28.687,51,49,0,2,"",-250,-158.236,9.313,0,0,3,"ByeolBam","쟈가리코","shimenawa","encounter v","_송글_","わだ、、","DoYaGee","yumi2012","muyang_",9,L,"encounter v",190,86.067,0.42,5,80,W,Y,1,4416.508,123,60,66,39,24,,136,90,-85.851,20.312,-0.224,1.184,-19.202,-0.68,0,0.235,-4.699,-100.981,28.002,4416.213,-0.252,-19.277,4419.104,1,-2.101,4.032,-22.181,0,8,,4423.18,,,,,,,,,,,,,4421.841,3,,147,32,,,,,,,,,,,,,,,,,,,0.006,-37.491,-0.222,-16.875,-19.446,-45.326,-12.09,-61.104,25.17,-48.054,15.748,-62.638,50.589,-94.753,4.066,-114.462,-43.284,-93.372,0.116,-37.283,,"HalF_HearteD",-0.254,-16.936,130,"magimari",-19.172,-44.964,,"Rite_",-12.032,-60.982,,"bdg06213",25.378,-48.299,,"Pring__",15.751,-62.635,,"ame_3",50.626,-94.679,,"alcohol500",4.18,-113.761,,"Pizzallaris",-43.295,-93.392,,4454.969,0.361,-38.324,4419.341,-2.062,-22.091,4421.263,-18.887,-39.22,,,,,,,,,,,,,,,,,,,,,,4420.316,-4.501,-24.9,,,,,,,,,,,,,,,,,,,,,,"",2,110.16,23.274,-19.83,1,1,0.925,-85.851,-85.851,-2.545,-84.834,0,114.371,0,"HalF_HearteD",,,,40,""
124,,6,1,3,1,0,0,1,0,0,0,255,255,255,60,4459.584,"Pugeuk",R,26,84,137,1.692,-0.105,0.626,1.475,0.825,1.39,-36.563,24.556,50,50,0,4,"",-77.138,-164.192,6.901,0,0,4,"=","=","=","=","=","=","=","=","=",6,R,"_송글_",174.9,90.478,0.316,,48,W,Y,1,,,,,,,,,,,,,,,,,,,,,,,,,,,,,0,0,,,,,,,,,,,,,,,,,,,,,,,,,,,,,,,,,,,,,,0.24,-37.48,0.052,-16.925,-19.565,-43.164,-15.099,-59.777,25.095,-50.044,9.784,-65.041,46.492,-96.762,1.694,-110.954,-43.343,-93.944,,,,"",,,,"",,,,"",,,,"",,,,"",,,,"",,,,"",,,,"",,,,4463.851,-0.279,-37.838,,,,,,,,,,,,,,,,,,,,,,,,,,,,,,,,,,,,,,,,,,,,,,,,,,,,"",0,,,,,,,,,,,,,0,"",,,,0,""
125,,6,1,3,1,0,1,1,0,0,0,255,255,255,61,4479.23,"Pugeuk",R,26,86,140,1.322,0.74,0.577,1.605,0.596,1.849,-36.563,20.663,95,5,0,0,"",-28.558,-200,21.645,0,0,4,"=","=","=","=","=","=","=","=","=",6,R,"_송글_",174.9,90.478,0.316,,48,W,Y,1,,,,,,,,,,,,,,,,,,,,,,,,,,,,,0,0,,,,,,,,,,,,,,,,,,,,,,,,,,,,,,,,,,,,,,0.263,-37.273,0.094,-16.878,-19.353,-43.215,-14.284,-60.47,25.408,-49.057,9.812,-65.049,46.519,-96.625,-0.468,-111.94,-43.334,-93.942,,,,"",,,,"",,,,"",,,,"",,,,"",,,,"",,,,"",,,,"",,,,4483.046,-0.215,-37.738,,,,,,,,,,,,,,,,,,,,,,,,,,,,,,,,,,,,,,,,,,,,,,,,,,,,"",0,,,,,,,,,,,,,0,"",,,,0,""
126,,6,1,3,1,0,2,1,0,0,0,255,255,255,62,4500.68,"Pugeuk",R,10,79,107,-2.93,-1.865,0.038,1.523,-1.276,1.122,-36.563,8.042,51,49,0,1,"",0,400,15.29,0,0,4,"=","=","=","=","=","=","=","=","=",6,R,"_송글_",174.9,90.478,0.316,,48,W,Y,0,,,,,,,,,,,,,,,,,,,,,,,,,,,,,0,0,,,,,,,,,,,,,,,,,,,,,,,,,,,,,,,,,,,,,,-0.134,-37.4,-0.108,-16.843,-19.344,-43.315,-14.819,-60.538,24.392,-49.49,9.944,-64.934,46.55,-96.453,0.076,-114.517,-43.346,-93.945,,,,"",,,,"",,,,"",,,,"",,,,"",,,,"",,,,"",,,,"",,,,4504.254,0.452,-37.08,,,,,,,,,,,,,,,,,,,,,,,,,,,,,,,,,,,,,,,,,,,,,,,,,,,,"",0,,,,,,,,,,,,,0,"",,,,0,""
127,,6,1,3,1,1,2,1,0,0,0,255,255,255,63,4519.304,"Pugeuk",R,3,68,98,-2.392,0.087,0.375,1.759,-0.23,1.675,-36.563,33.086,88,12,0,4,"",-382.678,0,20.426,0,0,4,"=","=","=","=","=","=","=","=","=",6,R,"_송글_",174.9,90.478,0.316,,48,W,Y,1,,,,,,,,,,,,,,,,,,,,,,,,,,,,,0,0,,,,,,,,,,,,,,,4521.999,4,,578,0,,,,,,,,,,,,,,,,,,,-0.008,-37.417,-0.351,-16.725,-18.994,-43.59,-14.801,-59.553,23.857,-49.593,11.117,-64.594,46.516,-96.752,-0.139,-114.495,-43.344,-93.948,,,,"",,,,"",,,,"",,,,"",,,,"",,,,"",,,,"",,,,"",,,,4524.711,0.535,-36.291,,,,,,,,,,,,,,,,,,,,,,,,,,,,,,,,,,,,,,,,,,,,,,,,,,,,"",0,,,,,,,,,,,,,0,"",,,,0,""
128,,6,1,3,1,0,0,2,0,0,0,255,255,255,64,4553.383,"Pugeuk",R,29,81,132,-0.925,0.038,0.438,1.507,-0.053,1.513,-36.563,30.989,51,49,0,2,"",-250,-136.193,5.427,0,0,5,"=","=","=","=","=","=","=","=","=",4,L,"わだ、、",190,85,0.53,5,79,W,Y,1,4554.462,99,81,99,70,16,,135,86,63.737,48.209,-0.218,0.991,-19.608,-0.85,0,0.386,54.759,43.179,398.949,,,,4560.055,2,-33.881,3.018,-45.435,0,0,,,,,,,,,,,,,,,4560.365,5,,451,0,,,,,,,,,,,,,,,,,,,-0.047,-37.242,-0.437,-16.97,-19.673,-43.462,-8.824,-63.685,26.524,-48.313,12.672,-64.352,53.173,-96.925,0.798,-117.536,-43.347,-93.952,0.644,-36.699,,"HalF_HearteD",-0.446,-16.995,,"magimari",-19.272,-43.436,,"Rite_",-8.728,-63.6,,"bdg06213",26.411,-48.207,,"Pring__",12.835,-64.065,,"ame_3",53.082,-97.023,,"alcohol500",0.93,-117.636,,"Pizzallaris",-43.352,-93.953,,,,,,,,4560.372,-34.23,-45.595,,,,,,,,,,,,,,,,,,,,,,,,,,,,,,,,,,,,,,,,,,,,,,"",1,55.436,46.767,5.208,0.465,1,0.797,69.915,63.737,15.492,78.651,0.03,89.935,0,"magimari",,,,8,""
129,SIDE,6,1,3,1,0,0,2,0,0,0,255,255,255,,4564.086,,,,,,,,,,,,,,,,,,,,,,,,6,"=","=","=","=","=","=","=","=","=",,,,,,,,,,,,,,,,,,,,,,,,,,,,,,,,,,,,,,,0,0,,,,,,,,,,,,,,,,,,,,,,,,,,,,,,,,,,,,,,,,,,,,,,,,,,,,,,,,,,,,,,,,,,,,,,,,,,,,,,,,,,,,,,,,,,,,,,,,,,,,,,,,,,,,,,,,,,,,,,,,,,,,,,,,,,,,,,,,,,,,,,,,,"",0,,,,,,,,,,,,,0,"",,,,0,""
130,,6,0,3,1,0,0,0,0,0,0,255,255,255,56,4628.071,"Riyaj",R,10,72,101,1.393,0.133,0.392,2.329,0.595,2.325,-36.788,58.628,88,12,0,2,"BA-",0,400,-8.16,0,0,0,"Pring__","-Alta-","ame_3","magimari","bdg06213","HalF_HearteD","Rite_","Pizzallaris","alcohol500",5,L,"Pring__",174.7,91.089,0.428,5,79,W,Y,1,4629.352,180,149,101,99,67,,145,84,109.866,2.727,0.285,0.943,-20.15,1,0,0.524,376.519,-420.548,203.404,,,,,,,,,0,0,,,,,,,,,,,,,,,,,,,,,,,,,,,,,,,,,,,,,,-0.046,-37.481,0.168,-17.492,-22.138,-49.194,-15.686,-61.76,19.804,-47.145,14.857,-64.324,43.406,-94.177,0.24,-114.828,-48.755,-96.997,0.087,-36.937,,"DoYaGee",0.154,-17.491,,"쟈가리코",-22.047,-49.205,,"muyang_",-15.678,-61.77,,"わだ、、",19.92,-46.433,,"shimenawa",14.543,-64.322,,"_송글_",45.607,-95.932,,"ByeolBam",0.068,-115.193,,"ddil_ddil69",-48.715,-96.855,,,,,,,,,,,,,,,,,,,,,,,,,,,,,,,,,,,,,,,,,,,,,,,,,,,,,,,,"",3,3.201,3.201,21.633,0,0,1,70.134,70.134,26.698,70.134,0,-4.15,0,"",,,,0,""
131,,6,0,3,1,0,1,0,0,0,0,255,255,255,57,4661.723,"Riyaj",R,10,75,106,1.012,-2.313,0.337,1.846,0.426,1.19,-36.788,25.801,59,41,0,2,"TW+",0,304.799,4.667,0.19,-20.552,0,"=","=","=","=","=","=","=","=","=",5,L,"Pring__",174.7,91.089,0.428,3,79,W,Y,1,4662.963,193,188,48,103,73,,135,101,-16.339,-1.117,0.186,0.455,-20.53,0.94,0,0.659,-150.668,-577.081,-65.398,4662.579,0.215,-21.862,4663.596,0,0.561,0.68,-36.452,0,0,,4668.554,,,,,,,,,,,,,4667.312,0,,147,0,,,,,,,,,,,,,,,,,,,-0.048,-37.41,0.117,-17.341,-22.101,-48.933,-15.49,-61.629,20.908,-47.169,14.238,-64.441,44.811,-95.203,0.797,-119.506,-47.247,-95.447,-0.062,-37.023,92,"DoYaGee",0.107,-17.47,,"쟈가리코",-21.691,-48.582,71,"muyang_",-15.43,-61.593,,"わだ、、",20.428,-46.728,,"shimenawa",14.407,-64.321,,"_송글_",44.746,-95.259,,"ByeolBam",0.174,-117.868,,"ddil_ddil69",-47.093,-95.488,,4663.963,0.821,-36.932,,,,4666.778,-19.129,-39.497,,,,,,,,,,,,,,,,,,,4665.789,-3.776,-37.98,,,,4669.367,-18.069,-39.766,,,,,,,,,,,,,,,,,,,"",2,,,,,,,,,,,,,0,"Riyaj",,,,2,""
132,,6,0,3,1,0,0,1,0,0,0,255,255,255,58,4689.433,"Riyaj",R,26,92,140,-2.385,-0.442,-0.045,1.885,-1.138,1.142,-36.788,2.35,49,51,0,1,"",72.377,-198.999,6.733,0,0,1,"=","=","=","=","=","=","=","=","=",9,L,"-Alta-",190,86,0.499,,62,W,Y,0,,,,,,,,,,,,,,,,,,,,,,,,,,,,,0,0,,,,,,,,,,,,,,,,,,,,,,,,,,,,,,,,,,,,,,-0.105,-37.457,-0.015,-17.229,-22.772,-50.324,-14.758,-63.612,21.913,-48.145,13.746,-64.419,46.518,-97.017,-0.236,-117.14,-46.858,-95.214,,,,"",,,,"",,,,"",,,,"",,,,"",,,,"",,,,"",,,,"",,,,4693.296,0.134,-37.207,,,,,,,,,,,,,,,,,,,,,,,,,,,,,,,,,,,,,,,,,,,,,,,,,,,,"",0,,,,,,,,,,,,,0,"",,,,0,""
133,,6,0,3,1,1,0,1,0,0,0,255,255,255,59,4707.918,"Riyaj",R,10,71,101,-0.714,0.324,0.099,2.391,-0.313,2.405,-36.788,45.971,89,11,0,0,"",0,400,5.158,0,0,1,"=","=","=","=","=","=","=","=","=",9,L,"-Alta-",190,86,0.499,,62,W,Y,1,,,,,,,,,,,,,,,,,,,,,,,,,,,,,0,0,,,,,,,,,,,,,,,,,,,,,,,,,,,,,,,,,,,,,,-0.119,-37.482,-0.106,-17.132,-21.836,-48.661,-15.122,-63.791,21.27,-47.896,14.27,-64.315,47.954,-98.076,-0.083,-117.378,-46.864,-95.202,,,,"",,,,"",,,,"",,,,"",,,,"",,,,"",,,,"",,,,"",,,,4712.164,0.189,-37.579,,,,,,,,,,,,,,,,,,,,,,,,,,,,,,,,,,,,,,,,,,,,,,,,,,,,"",0,,,,,,,,,,,,,0,"",,,,0,""
134,,6,0,3,1,1,1,1,0,0,0,255,255,255,60,4726.265,"Riyaj",R,26,89,140,-0.537,0.412,0.132,2.05,-0.315,1.675,-36.788,22.863,93,7,0,0,"",55.397,-200,-0.21,0,0,1,"=","=","=","=","=","=","=","=","=",9,L,"-Alta-",190,86,0.499,,62,W,Y,1,,,,,,,,,,,,,,,,,,,,,,,,,,,,,0,0,,,,,,,,,,,,,,,,,,,,,,,,,,,,,,,,,,,,,,-0.11,-37.543,-0.134,-17.41,-21.63,-48.685,-15.13,-63.611,21.533,-47.724,14.359,-64.338,48.029,-98.681,0.049,-116.177,-46.908,-95.171,,,,"",,,,"",,,,"",,,,"",,,,"",,,,"",,,,"",,,,"",,,,4730.478,0.201,-37.431,,,,,,,,,,,,,,,,,,,,,,,,,,,,,,,,,,,,,,,,,,,,,,,,,,,,"",0,,,,,,,,,,,,,0,"",,,,0,""
135,,6,0,3,1,1,2,1,0,0,0,255,255,255,61,4763.133,"Riyaj",R,10,77,106,1.002,-0.414,0.338,2.159,0.427,1.904,-36.788,40.501,91,9,0,0,"",0,400,2.039,0,0,1,"=","=","=","=","=","=","=","=","=",9,L,"-Alta-",190,86,0.499,,62,W,Y,1,,,,,,,,,,,,,,,,,,,,,,,,,,,,,0,0,,,,,,,,,,,,,,,4765.807,1,,578,0,,,,,,,,,,,,,,,,,,,-0.056,-37.442,0.226,-17.531,-21.716,-48.123,-15.595,-63.335,21.179,-47.738,14.262,-64.369,48.095,-98.781,0.222,-118.016,-46.84,-95.203,,,,"",,,,"",,,,"",,,,"",,,,"",,,,"",,,,"",,,,"",,,,4768.806,0.129,-37.212,,,,,,,,,,,,,,,,,,,,,,,,,,,,,,,,,,,,,,,,,,,,,,,,,,,,"",0,,,,,,,,,,,,,0,"",,,,0,""
136,,6,0,3,1,0,0,2,0,0,0,255,255,255,62,4789.477,"Riyaj",R,10,79,107,-0.975,-1.601,0.063,1.851,-0.426,1.213,-36.788,13.21,59,41,0,2,"",0,380.758,9.422,0,0,2,"=","=","=","=","=","=","=","=","=",6,L,"ame_3",179.5,88.183,0.277,3,78,W,Y,1,4790.732,255,180,135,135,71,,145,127,-2.442,17.495,-0.155,0.689,-22.127,0.62,0.095,0.365,60.962,26.907,54.143,4790.625,-3.344,-32.227,4792.075,3,-13.109,0.058,-60.604,0,0,,4796.178,,,,,,,,,,,,,4794.995,2,,147,256,,,,,,,,,,,,,,,,,,,-0.141,-37.443,-0.136,-17.573,-21.689,-49,-17.043,-62.606,20.565,-47.576,14.693,-64.243,48.277,-98.614,0.46,-116.831,-46.734,-95.524,-0.079,-37.196,,"DoYaGee",-0.163,-17.651,,"쟈가리코",-21.618,-48.906,,"muyang_",-17.016,-62.514,104,"わだ、、",20.314,-47.082,,"shimenawa",14.356,-64.156,,"_송글_",48.151,-98.735,,"ByeolBam",-0.762,-118.245,,"ddil_ddil69",-46.571,-95.625,,,,,,,,4794.467,-18.978,-40.077,4792.411,-13.789,-62.326,,,,,,,,,,,,,,,,,,,,,,,,,4793.47,-15.427,-56.202,,,,,,,,,,,,,,,,"",2,,,,,,,,,,,,,0,"muyang_",,,,258,""
137,SIDE,6,0,3,1,0,0,2,0,0,0,255,255,255,,4796.554,,,,,,,,,,,,,,,,,,,,,,,,3,"=","=","=","=","=","=","=","=","=",,,,,,,,,,,,,,,,,,,,,,,,,,,,,,,,,,,,,,,0,0,,,,,,,,,,,,,,,,,,,,,,,,,,,,,,,,,,,,,,,,,,,,,,,,,,,,,,,,,,,,,,,,,,,,,,,,,,,,,,,,,,,,,,,,,,,,,,,,,,,,,,,,,,,,,,,,,,,,,,,,,,,,,,,,,,,,,,,,,,,,,,,,,"",0,,,,,,,,,,,,,0,"",,,,0,""
138,,7,1,3,1,0,0,0,0,0,0,255,255,255,65,4849.663,"Pugeuk",R,3,57,89,-3.342,0.266,0.444,1.799,-0.43,1.806,-36.563,45.374,73,26,1,4,"",-404.546,0,35.961,-2.018,-13.1,6,"ByeolBam","쟈가리코","shimenawa","encounter v","_송글_","わだ、、","DoYaGee","ddil_ddil69","muyang_",1,R,"DoYaGee",190,80,0.401,,78,W,Y,1,,,,,,,,,,,,,,,,,,,,,,,,,,,,,0,0,,,,,,,,,,,,,,,,,,,,,,,,,,,,,,,,,,,,,,-0.053,-37.429,-0.211,-16.86,-19.871,-44.578,-14.719,-62.951,24.753,-51.369,14.06,-63.72,46.537,-93.634,-1.484,-116.595,-42.583,-94.542,,,,"",,,,"",,,,"",,,,"",,,,"",,,,"",,,,"",,,,"",,,,,,,,,,,,,,,,,,,,,,,,,,,,,,,,,,,,,,,,,,,,,,,,,,,,,,,,,,"",0,,,,,,,,,,,,,0,"",,,,0,""
139,,7,1,3,1,0,1,0,0,0,0,255,255,255,66,4875.518,"Pugeuk",R,13,62,104,-2.356,-0.975,0.384,1.686,-0.303,1.448,-36.563,34.411,52,48,0,4,"",-369.138,312.348,18.304,-0.786,-16.881,6,"=","=","=","=","=","=","=","=","=",1,R,"DoYaGee",190,80,0.401,,78,W,Y,1,,,,,,,,,,,,,,,,,,,,,,,,,,,,,0,0,,,,,,,,,,,,,,,,,,,,,,,,,,,,,,,,,,,,,,-0.026,-37.542,-0.462,-16.888,-19.82,-43.518,-14.914,-62.073,23.961,-50.195,11.243,-64.56,46.742,-93.578,-0.686,-117.167,-42.597,-94.563,,,,"",,,,"",,,,"",,,,"",,,,"",,,,"",,,,"",,,,"",,,,,,,,,,,,,,,,,,,,,,,,,,,,,,,,,,,,,,,,,,,,,,,,,,,,,,,,,,"",0,,,,,,,,,,,,,0,"",,,,0,""
140,,7,1,3,1,0,2,0,0,0,0,255,255,255,67,4898.171,"Pugeuk",R,3,72,100,-4.04,0.138,0.268,1.779,-0.859,1.716,-36.563,33.136,90,10,0,4,"",-428.415,0,48.593,0,0,6,"=","=","=","=","=","=","=","=","=",1,R,"DoYaGee",190,80,0.401,,77,W,Y,1,,,,,,,,,,,,,,,,,,,,,,,,,,,,,0,0,,,,,,,,,,,,,,,4900.894,6,,578,0,,,,,,,,,,,,,,,,,,,-0.108,-37.44,-0.408,-16.913,-19.774,-43.447,-15.079,-62.211,25.053,-51.021,11.383,-64.523,45.932,-94.412,0.318,-115.116,-42.584,-94.555,,,,"",,,,"",,,,"",,,,"",,,,"",,,,"",,,,"",,,,"",,,,,,,,,,,,,,,,,,,,,,,,,,,,,,,,,,,,,,,,,,,,,,,,,,,,,,,,,,"",0,,,,,,,,,,,,,0,"",,,,0,""
141,,7,1,3,1,0,0,1,0,0,0,255,255,255,68,4923.92,"Pugeuk",R,26,87,140,0.629,-0.121,0.537,1.464,0.409,1.353,-36.563,18.908,49,51,0,0,"",-129.825,-200,13.843,0,0,7,"=","=","=","=","=","=","=","=","=",8,R,"ddil_ddil69",176.4,89.899,0.554,,77,W,Y,1,,,,,,,,,,,,,,,,,,,,,,,,,,,,,0,0,,,,,,,,,,,,,,,,,,,,,,,,,,,,,,,,,,,,,,0.207,-37.487,-0.052,-16.906,-19.756,-44.145,-14.997,-60.808,24.085,-51.928,9.302,-65.074,47.71,-95.464,-0.986,-119.76,-42.591,-94.561,,,,"",,,,"",,,,"",,,,"",,,,"",,,,"",,,,"",,,,"",,,,,,,,,,,,,,,,,,,,,,,,,,,,,,,,,,,,,,,,,,,,,,,,,,,,,,,,,,"",0,,,,,,,,,,,,,0,"",,,,0,""
142,,7,1,3,1,0,1,1,0,0,0,255,255,255,69,4961.958,"Pugeuk",R,3,71,99,-3.866,0.489,0.265,1.843,-0.799,1.908,-36.563,32.804,81,19,0,4,"",-450,0,60.882,0,0,7,"=","=","=","=","=","=","=","=","=",8,R,"ddil_ddil69",176.4,89.899,0.554,,37,W,Y,1,,,,,,,,,,,,,,,,,,,,,,,,,,,,,0,0,,,,,,,,,,,,,,,,,,,,,,,,,,,,,,,,,,,,,,-0.002,-37.466,-0.325,-16.866,-19.605,-44.118,-14.996,-60.762,23.932,-52.157,9.431,-63.036,47.789,-95.563,-1.249,-118.62,-42.577,-94.529,,,,"",,,,"",,,,"",,,,"",,,,"",,,,"",,,,"",,,,"",,,,,,,,,,,,,,,,,,,,,,,,,,,,,,,,,,,,,,,,,,,,,,,,,,,,,,,,,,"",0,,,,,,,,,,,,,0,"",,,,0,""
143,,7,1,3,1,0,2,1,0,0,0,255,255,255,70,4979.19,"Pugeuk",R,3,67,96,-3.175,0.103,0.452,1.802,-0.432,1.686,-36.563,39.83,84,16,0,4,"",-436.364,0,16.195,0,0,7,"=","=","=","=","=","=","=","=","=",8,R,"ddil_ddil69",176.4,89.899,0.554,,77,W,Y,1,,,,,,,,,,,,,,,,,,,,,,,,,,,,,0,0,,,,,,,,,,,,,,,4982.165,7,,578,0,,,,,,,,,,,,,,,,,,,-0.048,-37.393,-0.316,-16.782,-19.404,-44.129,-15.194,-60.095,23.858,-51.044,9.566,-62.874,47.754,-95.635,-1.212,-118.057,-42.57,-94.537,,,,"",,,,"",,,,"",,,,"",,,,"",,,,"",,,,"",,,,"",,,,,,,,,,,,,,,,,,,,,,,,,,,,,,,,,,,,,,,,,,,,,,,,,,,,,,,,,,"",0,,,,,,,,,,,,,0,"",,,,0,""
144,,7,1,3,1,0,0,2,0,0,0,255,255,255,71,5000.619,"Pugeuk",R,26,76,127,0.589,1.494,0.492,1.724,0.201,2.276,-36.563,25.666,88,12,0,1,"",26.577,-161.827,14.777,0,0,8,"=","=","=","=","=","=","=","=","=",3,R,"muyang_",171.6,80,0.498,,77,W,Y,0,,,,,,,,,,,,,,,,,,,,,,,,,,,,,0,0,,,,,,,,,,,,,,,,,,,,,,,,,,,,,,,,,,,,,,0.205,-37.287,0.211,-16.872,-19.781,-44.294,-14.012,-60.024,26.379,-48.494,8.56,-62.847,46.659,-94.862,0.551,-114.685,-42.585,-94.55,,,,"",,,,"",,,,"",,,,"",,,,"",,,,"",,,,"",,,,"",,,,,,,,,,,,,,,,,,,,,,,,,,,,,,,,,,,,,,,,,,,,,,,,,,,,,,,,,,"",0,,,,,,,,,,,,,0,"",,,,0,""
145,,7,1,3,1,1,0,2,0,0,0,255,255,255,72,5034.698,"Pugeuk",R,27,90,140,0.648,-0.859,0.525,1.367,0.352,0.996,-36.563,20.53,39,61,0,0,"",-63.855,-129.719,9.144,0,0,8,"=","=","=","=","=","=","=","=","=",3,R,"muyang_",171.6,80,0.498,,77,W,Y,0,,,,,,,,,,,,,,,,,,,,,,,,,,,,,0,0,,,,,,,,,,,,,,,,,,,,,,,,,,,,,,,,,,,,,,0.186,-37.346,0.218,-16.845,-19.851,-44.365,-14.197,-60.733,23.902,-48.151,8.543,-62.837,46.704,-94.902,-1.746,-112.544,-42.576,-94.528,,,,"",,,,"",,,,"",,,,"",,,,"",,,,"",,,,"",,,,"",,,,,,,,,,,,,,,,,,,,,,,,,,,,,,,,,,,,,,,,,,,,,,,,,,,,,,,,,,"",0,,,,,,,,,,,,,0,"",,,,0,""
146,,7,1,3,1,1,1,2,0,0,0,255,255,255,73,5053.981,"Pugeuk",R,3,68,97,-3.962,0.531,0.289,1.869,-0.71,1.924,-36.563,47.883,91,9,0,1,"",-440.909,0,36.357,0,0,8,"=","=","=","=","=","=","=","=","=",3,R,"muyang_",171.6,80,0.498,,77,W,Y,0,,,,,,,,,,,,,,,,,,,,,,,,,,,,,0,0,,,,,,,,,,,,,,,,,,,,,,,,,,,,,,,,,,,,,,-0.214,-37.28,-0.562,-16.854,-19.75,-44.371,-14.659,-60.934,25.356,-48.805,8.469,-62.889,46.66,-95.02,-0.874,-111.932,-42.576,-94.543,,,,"",,,,"",,,,"",,,,"",,,,"",,,,"",,,,"",,,,"",,,,,,,,,,,,,,,,,,,,,,,,,,,,,,,,,,,,,,,,,,,,,,,,,,,,,,,,,,"",0,,,,,,,,,,,,,0,"",,,,0,""
147,,7,1,3,1,2,1,2,0,0,0,255,255,255,74,5072.706,"Pugeuk",R,6,81,107,-1.871,-0.045,-0.073,1.721,-1.618,1.584,-36.563,17.778,94,6,0,2,"",422.15,0,8.656,0,0,8,"=","=","=","=","=","=","=","=","=",3,R,"muyang_",171.6,80,0.498,5,77,W,Y,1,5073.838,97,255,69,134,0,,132,85,93.496,-24.04,-0.338,0.88,-20.132,1,0,0.35,278.185,162.851,130.58,5079.709,-4.008,-11.435,5079.963,1,-3.952,3.248,-11.591,0,0,,5080.55,,,,,,,,,,,,,5080.29,8,,450,0,,,,,,,,,,,,,,,,,,,-0.21,-37.297,-0.165,-16.708,-19.696,-43.936,-14.635,-60.51,25.332,-48.859,8.498,-62.855,46.687,-94.917,-0.479,-112.305,-42.575,-94.54,0.26,-37.118,,"HalF_HearteD",-0.337,-16.826,,"magimari",-19.384,-43.925,,"Rite_",-14.564,-60.35,,"bdg06213",24.998,-48.86,,"Pring__",8.511,-62.837,,"ame_3",46.685,-94.983,,"alcohol500",-0.576,-112.287,,"Pizzallaris",-42.581,-94.551,,,,,5080.298,-4.039,-11.476,,,,,,,,,,,,,,,,,,,,,,,,,,,,,,,,,,,,,,,,,,,,,,,,,"",1,-24.828,-24.828,7.047,0,1,0.957,86.829,86.504,7.487,75.14,0.009,-48.339,0,"HalF_HearteD",,,,32,""
148,SIDE,7,1,3,1,0,0,2,0,0,0,255,255,255,,5082.464,,,,,,,,,,,,,,,,,,,,,,,,0,"=","=","=","=","=","=","=","=","=",,,,,,,,,,,,,,,,,,,,,,,,,,,,,,,,,,,,,,,0,0,,,,,,,,,,,,,,,,,,,,,,,,,,,,,,,,,,,,,,,,,,,,,,,,,,,,,,,,,,,,,,,,,,,,,,,,,,,,,,,,,,,,,,,,,,,,,,,,,,,,,,,,,,,,,,,,,,,,,,,,,,,,,,,,,,,,,,,,,,,,,,,,,"",0,,,,,,,,,,,,,0,"",,,,0,""
149,,7,0,3,1,0,0,0,0,0,0,255,255,255,63,5135.591,"Riyaj",R,10,76,105,1.135,-0.402,0.356,2.167,0.484,1.92,-36.788,44.18,92,8,0,2,"",0,400,1.073,0,0,3,"Pring__","-Alta-","ame_3","magimari","bdg06213","HalF_HearteD","Rite_","Pizzallaris","alcohol500",2,R,"magimari",190,84.511,0.403,5,76,W,Y,1,5136.82,246,135,111,86,68,,145,114,25.887,-27.4,0.211,0.882,-20.532,0.08,0,0.682,420.542,246.352,306.24,,,,5141.842,6,40.714,3.261,-110.372,0,0,,,,,,,,,,,,,,,5142.262,3,,455,0,,,,,,,,,,,,,,,,,,,-0.102,-37.502,-0.003,-17.443,-23.407,-50.325,-17.06,-62.623,20.979,-47.211,13.129,-65.199,42.931,-96.288,0.761,-115.287,-46.663,-97.074,-0.093,-37.246,,"DoYaGee",-0.019,-17.454,,"쟈가리코",-22.839,-49.862,,"muyang_",-17.098,-62.493,,"わだ、、",20.006,-47.446,76,"shimenawa",12.293,-65.433,,"_송글_",43.071,-96.146,90,"ByeolBam",0.76,-115.28,,"ddil_ddil69",-47.227,-97.077,,5151.066,0.352,-38.417,,,,,,,,,,5147.135,22.57,-53.477,,,,5142.277,41.07,-111.309,,,,,,,,,,,,,,,,,,,5149.462,21.389,-52.779,,,,5144.133,39.016,-106.342,,,,,,,"",1,-26.886,-26.886,-14.314,0,2,0.125,88.591,35.402,-2.598,89.89,0.065,-28.369,0,"_송글_",,,,48,""
150,,7,0,3,1,0,0,1,0,0,0,255,255,255,64,5170.27,"Riyaj",R,10,82,122,0.995,-1.285,0.291,1.918,0.425,1.248,-36.788,27.121,49,51,0,2,"",0,400,5.239,0,0,4,"=","=","=","=","=","=","=","=","=",4,R,"bdg06213",190,87,0.502,3,76,W,Y,1,5171.521,255,166,153,124,110,,145,87,-24.13,17.661,0.189,0.644,-21.205,-1,0,0.833,159.784,-192.478,19.746,5171.146,-0.221,-22.497,5173.533,3,-11.686,0.056,-57.236,0,0,,,,,,,,,,,,,,,5176.357,4,,147,256,,,,,,,,,,,,,,,,,,,-0.088,-37.385,0.082,-17.266,-23.131,-49.911,-16.898,-62.533,20.855,-47.566,12.831,-64.957,44.432,-96.644,0.088,-117.832,-47.25,-95.978,-0.018,-36.96,,"DoYaGee",0.083,-17.363,,"쟈가리코",-22.561,-49.663,75,"muyang_",-16.811,-62.371,104,"わだ、、",20.275,-47.875,,"shimenawa",11.702,-65.313,,"_송글_",44.528,-96.859,,"ByeolBam",0.066,-117.047,,"ddil_ddil69",-47.264,-96.002,,5179.104,-0.601,-38.967,,,,5175.762,-18.874,-40.2,5173.95,-12.121,-58.729,,,,,,,,,,,,,,,,,,,,,,5177.949,-17.912,-39.596,5174.95,-14.171,-52.713,,,,,,,,,,,,,,,,"",2,,,,,,,,,,,,,0,"muyang_",,,,258,""
151,,7,0,3,1,0,0,2,0,0,0,255,255,255,65,5196.65,"Riyaj",R,26,88,140,-1.398,-0.136,0.049,1.946,-0.701,1.337,-36.788,19.827,94,6,0,2,"",64.817,-193.693,-1.652,0,0,5,"=","=","=","=","=","=","=","=","=",1,R,"HalF_HearteD",190,82,0.396,3,76,W,Y,1,5197.802,250,124,109,117,62,,145,87,26.73,63.119,-0.258,0.97,-20.447,1,0,0.295,382.036,442.913,-133.703,5200.621,-40.826,-40.168,,,,,,0,0,,,,,,,,,,,,,,,,,,,,,,,,,,,,,,,,,,,,,,-0.187,-37.438,-0.203,-17.381,-22.437,-47.96,-16.792,-62.792,21.78,-48.081,13.142,-65.597,43.866,-92.863,-1.445,-113.163,-48.024,-95.835,0.019,-37.173,,"DoYaGee",-0.258,-17.496,,"쟈가리코",-21.798,-48.218,,"muyang_",-16.815,-62.795,,"わだ、、",20.016,-46.971,,"shimenawa",12.61,-65.371,,"_송글_",44.077,-93.133,,"ByeolBam",-1.585,-113.382,,"ddil_ddil69",-48.051,-95.746,,,,,,,,,,,,,,,,,,,,,,,,,,,,,,,,,,,,,,,,,,,,,,,,,,,,,,,,"",3,,,,,,,,,,,,,0,"",,,,0,""
152,,7,0,3,1,0,1,2,0,0,0,255,255,255,66,5217.455,"Riyaj",R,10,79,119,1.566,-0.542,0.344,2.068,0.672,1.732,-36.788,34.624,92,8,0,2,"",0,400,2.995,0,0,5,"=","=","=","=","=","=","=","=","=",1,R,"HalF_HearteD",190,82,0.396,5,76,W,Y,1,5218.574,120,163,104,123,73,,138,115,19.874,35.167,0.29,0.832,-20.553,0.82,0,0.338,247.186,235.389,-188.405,5223.2,-64.877,-104.004,5223.563,8,-61.648,3.014,-100.242,0,0,,5224.633,,,,,,,,,,,,,5223.771,5,,457,0,,,,,,,,,,,,,,,,,,,0.017,-37.52,-0.153,-17.397,-21.878,-48.308,-17.158,-62.556,21.119,-47.418,12.649,-65.271,45.104,-92.195,0.63,-113.047,-48.848,-95.014,0.06,-36.914,,"DoYaGee",-0.131,-17.437,,"쟈가리코",-21.63,-48.111,,"muyang_",-17.098,-62.352,,"わだ、、",19.85,-46.93,,"shimenawa",12.856,-64.842,,"_송글_",45.465,-94.145,,"ByeolBam",1.695,-114.607,,"ddil_ddil69",-48.881,-95.005,,,,,,,,,,,,,,,,,,,,,,,,,,5223.791,-61.795,-100.469,,,,,,,,,,,,,,,,,,,,,,,,,,,,"",1,35.36,35.36,-4.045,0,1,0.769,19.874,19.874,25.85,46.037,0.018,74.136,0,"ddil_ddil69",,,,128,""
153,SIDE,7,0,3,1,0,0,2,0,0,0,255,255,255,,5226.54,,,,,,,,,,,,,,,,,,,,,,,,6,"=","=","=","=","=","=","=","=","=",,,,,,,,,,,,,,,,,,,,,,,,,,,,,,,,,,,,,,,0,0,,,,,,,,,,,,,,,,,,,,,,,,,,,,,,,,,,,,,,,,,,,,,,,,,,,,,,,,,,,,,,,,,,,,,,,,,,,,,,,,,,,,,,,,,,,,,,,,,,,,,,,,,,,,,,,,,,,,,,,,,,,,,,,,,,,,,,,,,,,,,,,,,"",0,,,,,,,,,,,,,0,"",,,,0,""
154,,8,1,3,1,0,0,0,0,0,0,255,255,255,75,5272.659,"Pugeuk",R,26,91,140,-2.48,-1.88,0.244,1.369,-0.951,0.317,-36.563,17.668,45,55,0,1,"",-101.628,-200,3.264,-0.612,-17.476,0,"ByeolBam","쟈가리코","shimenawa","encounter v","_송글_","わだ、、","DoYaGee","ddil_ddil69","muyang_",7,R,"ByeolBam",175.3,88,0.5,,74,W,Y,0,,,,,,,,,,,,,,,,,,,,,,,,,,,,,0,0,,,,,,,,,,,,,,,,,,,,,,,,,,,,,,,,,,,,,,0.01,-37.474,-0.313,-16.853,-19.999,-44.035,-15.272,-60.312,22.486,-50.047,11.91,-64.18,46.608,-94.517,-1.269,-114.925,-43.746,-91.784,,,,"",,,,"",,,,"",,,,"",,,,"",,,,"",,,,"",,,,"",,,,,,,,,,,,,,,,,,,,,,,,,,,,,,,,,,,,,,,,,,,,,,,,,,,,,,,,,,"",0,,,,,,,,,,,,,0,"",,,,0,""
155,,8,1,3,1,1,0,0,0,0,0,255,255,255,76,5288.981,"Pugeuk",R,26,85,138,-0.92,-0.765,0.384,1.555,-0.3,0.968,-36.563,18.611,43,57,0,0,"",-82.246,-200,12.697,0,0,0,"=","=","=","=","=","=","=","=","=",7,R,"ByeolBam",175.3,88,0.5,,74,W,Y,0,,,,,,,,,,,,,,,,,,,,,,,,,,,,,0,0,,,,,,,,,,,,,,,,,,,,,,,,,,,,,,,,,,,,,,0.016,-37.328,-0.324,-16.893,-19.778,-44.272,-15.055,-60.675,23.652,-50.493,10.476,-66.136,46.619,-94.651,-0.185,-114.513,-43.747,-91.774,,,,"",,,,"",,,,"",,,,"",,,,"",,,,"",,,,"",,,,"",,,,,,,,,,,,,,,,,,,,,,,,,,,,,,,,,,,,,,,,,,,,,,,,,,,,,,,,,,"",0,,,,,,,,,,,,,0,"",,,,0,""
156,,8,1,3,1,1,1,0,0,0,0,255,255,255,77,5306.738,"Pugeuk",R,26,80,131,-1.905,-0.134,0.275,1.667,-0.809,1.361,-36.563,17.581,50,50,0,4,"",-20.616,-158.063,11.633,0,0,0,"=","=","=","=","=","=","=","=","=",7,R,"ByeolBam",175.3,88,0.5,,74,W,Y,1,,,,,,,,,,,,,,,,,,,,,,,,,,,,,0,0,,,,,,,,,,,,,,,,,,,,,,,,,,,,,,,,,,,,,,0.05,-37.521,-0.292,-16.899,-19.612,-44.15,-13.975,-61.78,21.668,-53.439,9.155,-66.328,46.668,-94.67,-1.012,-114.517,-43.743,-91.755,,,,"",,,,"",,,,"",,,,"",,,,"",,,,"",,,,"",,,,"",,,,,,,,,,,,,,,,,,,,,,,,,,,,,,,,,,,,,,,,,,,,,,,,,,,,,,,,,,"",0,,,,,,,,,,,,,0,"",,,,0,""
157,,8,1,3,1,1,2,0,0,0,0,255,255,255,78,5324.238,"Pugeuk",R,3,74,101,-3.312,-0.55,0.262,1.752,-0.58,1.657,-36.563,28.529,88,12,0,2,"",-411.981,220.626,25.629,0,0,0,"=","=","=","=","=","=","=","=","=",7,R,"ByeolBam",175.3,88,0.5,3,74,W,Y,1,5325.314,188,127,67,60,27,,139,91,25.762,52.005,-0.574,0.814,-20.8,0.98,0,0.35,93.285,111.743,30.257,5328.125,-50.675,-58.268,,,,,,0,0,,,,,,,,,,,,,,,,,,,,,,,,,,,,,,,,,,,,,,-0.114,-37.363,-0.295,-16.904,-19.404,-44.182,-14.661,-61.771,22.845,-54.326,7.779,-66.152,46.543,-94.635,-0.263,-114.352,-43.752,-91.764,-0.507,-36.878,,"HalF_HearteD",-0.929,-16.837,,"magimari",-18.994,-44.054,,"Rite_",-14.582,-61.638,,"bdg06213",22.75,-54.102,,"Pring__",7.653,-65.999,,"ame_3",46.192,-95.045,,"alcohol500",-0.272,-114.47,,"Pizzallaris",-43.739,-91.757,,,,,,,,,,,,,,,,,,,,,,,,,,,,,,,,,,,,,,,,,,,,,,,,,,,,,,,,"",3,,,,,,,,,,,,,0,"",,,,0,""
158,,8,1,3,1,1,2,0,0,0,0,255,255,255,79,5346.708,"Pugeuk",R,26,89,140,-4.221,-1.305,0.101,1.467,-1.619,0.66,-36.563,12.679,44,56,0,1,"",-165.473,-200,20.403,0,0,0,"=","=","=","=","=","=","=","=","=",7,R,"ByeolBam",175.3,88,0.5,,74,W,Y,0,,,,,,,,,,,,,,,,,,,,,,,,,,,,,0,0,,,,,,,,,,,,,,,,,,,,,,,,,,,,,,,,,,,,,,-0.138,-37.417,-0.604,-16.841,-19.378,-43.658,-15.308,-61.232,23.394,-51.431,8.841,-65.694,44.442,-94.652,-0.356,-116.163,-43.743,-92.309,,,,"",,,,"",,,,"",,,,"",,,,"",,,,"",,,,"",,,,"",,,,,,,,,,,,,,,,,,,,,,,,,,,,,,,,,,,,,,,,,,,,,,,,,,,,,,,,,,"",0,,,,,,,,,,,,,0,"",,,,0,""
159,,8,1,3,1,2,2,0,0,0,0,255,255,255,80,5367.057,"Pugeuk",R,29,84,137,-0.892,-1.105,0.432,1.508,-0.077,0.804,-36.563,26.197,51,49,0,1,"",-234.201,-163.858,8.201,0,0,0,"=","=","=","=","=","=","=","=","=",7,R,"ByeolBam",175.3,88,0.5,,74,W,Y,0,,,,,,,,,,,,,,,,,,,,,,,,,,,,,0,0,,,,,,,,,,,,,,,,,,,,,,,,,,,,,,,,,,,,,,0.025,-37.312,-0.432,-16.95,-19.014,-44.097,-15.351,-61.417,24.46,-52.689,8.83,-65.875,44.415,-94.578,-0.192,-116.3,-43.393,-96.074,,,,"",,,,"",,,,"",,,,"",,,,"",,,,"",,,,"",,,,"",,,,,,,,,,,,,,,,,,,,,,,,,,,,,,,,,,,,,,,,,,,,,,,,,,,,,,,,,,"",0,,,,,,,,,,,,,0,"",,,,0,""
160,,8,1,3,1,3,2,0,0,0,0,255,255,255,81,5392.198,"Pugeuk",R,26,83,135,-0.673,-1.213,0.415,1.48,-0.158,0.708,-36.563,23.331,39,61,0,2,"",-104.979,-196.772,11.236,0,0,0,"=","=","=","=","=","=","=","=","=",7,R,"ByeolBam",175.3,88,0.5,5,74,W,Y,1,5393.124,168,164,119,79,34,,145,129,-2.218,58.219,-0.138,0.522,-20.099,0.51,0,0.258,102.989,180.553,-175.744,5392.917,-7.811,-24.823,,,,,,0,0,,,,,,,,,,,,,,,,,,,,,,,,,,,,,,,,,,,,,,0.023,-37.209,-0.244,-16.997,-19.465,-44.104,-14.991,-61.096,24.008,-53.075,8.022,-65.963,44.924,-95.278,0.596,-116.636,-43.71,-96.701,0.514,-36.621,,"HalF_HearteD",-0.287,-17.035,,"magimari",-19.041,-43.868,,"Rite_",-14.929,-60.984,,"bdg06213",23.996,-52.806,,"Pring__",8.076,-65.929,,"ame_3",44.94,-95.256,,"alcohol500",0.562,-116.571,,"Pizzallaris",-43.7,-96.707,,,,,,,,,,,,,,,,,,,,,,,,,,,,,,,,,,,,,,,,,,,,,,,,,,,,,,,,"",3,79.491,53.253,11.105,0.721,1,0.846,-3.938,-2.218,13.947,73.773,0.003,119.649,0,"",,,,0,""
161,,8,1,3,1,3,2,0,0,0,0,255,255,255,82,5414.274,"Pugeuk",R,27,82,133,-1.059,0.387,0.342,1.756,-0.495,1.676,-36.563,24.531,88,12,0,2,"",15.896,-147.18,0.336,0,0,0,"=","=","=","=","=","=","=","=","=",7,R,"ByeolBam",175.3,88,0.5,5,74,W,Y,1,5415.19,126,129,131,69,22,,139,92,30.245,41.364,-0.22,1.019,-19.696,0.99,0,0.267,143.239,149.333,-356.84,5419.688,-51.794,-75.775,5420.987,8,-58.054,0.793,-82.068,1,0,,5420.75,,,,,,,,,,,,,,,,,,,,,,,,,,,,,,,,,,,,0.063,-37.468,-0.267,-17,-19.643,-44.294,-15.18,-60.647,23.121,-53.708,7.535,-66.83,43.782,-93.977,-0.937,-115.644,-41.958,-97.378,0.51,-36.877,,"HalF_HearteD",-0.313,-17.014,,"magimari",-19.485,-44.205,,"Rite_",-15.095,-60.502,,"bdg06213",23.049,-53.706,,"Pring__",7.451,-66.843,85,"ame_3",43.782,-93.966,,"alcohol500",-1.242,-115.56,,"Pizzallaris",-41.957,-97.384,90,5429.27,0.417,-39.356,,,,,,,,,,,,,5425.328,-2.836,-60.408,,,,,,,5421.519,-58.495,-82.717,,,,,,,,,,,,,,,,5428.06,-1.643,-58.988,,,,,,,5422.548,-51.48,-79.449,"",2,43.212,43.212,11.778,0,2,0.195,67.296,56.604,15.139,67.652,0.032,144.598,0,"Pizzallaris",,,,129,""
162,,8,1,3,1,0,0,0,1,0,0,7,255,255,83,5500.04,"Pugeuk",R,29,85,138,0.532,-0.382,0.472,1.436,0.545,1.232,-36.563,26.906,54,46,0,0,"",-245.315,-163.452,25.264,0,0,1,"=","=","=","=","=","=","=","=","=",2,L,"쟈가리코",190,82,0.45,,71,W,Y,0,,,,,,,,,,,,,,,,,,,,,,,,,,,,,0,0,,,,,,,,,,,,5519.499,,,,,,,,,,,,,,,,,,,,,,,,,,0.049,-37.427,-0.266,-16.894,-20.277,-41.46,-9.279,-62.964,24.45,-49.128,11.657,-63.109,52.953,-94.801,2.083,-115.717,-43.001,-90.203,,,,"",,,,"",,,,"",,,,"",,,,"",,,,"",,,,"",,,,"",,,,5505.085,0.443,-38.131,,,,,,,,,,,,,,,,,,,,,,,,,,,,,,,,,,,,,,,,,,,,,,,,,,,,"",0,,,,,,,,,,,,,0,"",,,,0,""
163,,8,1,3,1,0,1,0,1,0,0,7,255,255,84,5521.621,"Pugeuk",R,29,84,137,0.101,-0.134,0.513,1.467,0.299,1.385,-36.563,32.581,54,46,0,2,"",-195.843,-164.668,15.35,0,0,1,"=","=","=","=","=","=","=","=","=",2,L,"쟈가리코",190,82,0.45,0,71,W,Y,1,5522.701,170,53,61,40,8,,136,106,-49.173,-43.653,-0.021,0.923,-19.544,-0.02,0,0.379,60.815,11.634,60.764,5522.217,0.688,-20.288,5524.175,4,21.983,3.107,-42.613,1,0,,5528.259,,,,5527.303,,,,,,,,,5527.42,0,1,164,16,,,,,,,,,,,,,,,,,,,-0.002,-37.268,-0.33,-16.992,-19.822,-40.947,-9.004,-62.586,25.125,-49.249,11.668,-63.171,53.613,-95.827,0.88,-116.469,-42.986,-90.257,0.094,-37.146,,"HalF_HearteD",-0.338,-17.009,,"magimari",-18.801,-43.03,85,"Rite_",-9.076,-62.446,102,"bdg06213",25.08,-49.324,120,"Pring__",11.622,-63.053,,"ame_3",53.623,-95.853,,"alcohol500",-0.43,-114.532,,"Pizzallaris",-42.985,-90.243,,5532.907,-0.924,-37.945,,,,5528.966,-17.723,-40.387,5526.763,0.896,-58.396,5524.667,22.854,-43.843,,,,,,,,,,,,,,,,,,,5531.891,-17.698,-39.195,5527.846,-2.166,-56.79,5525.72,18.703,-43.772,,,,,,,,,,,,,"",2,,,,,,,,,,,,,0,"bdg06213",5527.303,,,88,""
164,,8,1,3,1,0,0,1,1,0,0,2,255,255,85,5553.993,"Pugeuk",R,14,71,99,-1.994,-1.176,-0.057,1.826,-1.486,1.55,-36.563,24.232,88,12,0,1,"",292.938,379.551,14.204,-0.32,-17.735,2,"=","=","=","=","=","=","=","=","=",5,L,"shimenawa",174.8,94.576,0.295,,74,W,Y,0,,,,,,,,,,,,,,,,,,,,,,,,,,,,,0,0,,,,,,,,,,,,,,,,,,,,,,,,,,,,,,,,,,,,,,-0.127,-37.464,-0.157,-16.898,-19.666,-40.762,-8.548,-62.844,23.445,-48.045,12.073,-61.535,51.727,-93.061,1.25,-112.636,-42.152,-89.771,,,,"",,,,"",,,,"",,,,"",,,,"",,,,"",,,,"",,,,"",,,,5558.705,0.554,-37.668,,,,,,,,,,,,,,,,,,,,,,,,,,,,,,,,,,,,,,,,,,,,,,,,,,,,"",0,,,,,,,,,,,,,0,"",,,,0,""
165,,8,1,3,1,1,0,1,1,0,0,2,255,255,86,5569.724,"Pugeuk",R,6,73,102,-4.303,-0.552,-0.116,1.764,-2.742,1.468,-36.563,19.84,98,2,0,3,"",417.691,0,8.474,-0.96,-20.872,2,"=","=","=","=","=","=","=","=","=",5,L,"shimenawa",174.8,94.576,0.295,,74,W,Y,0,,,,,,,,,,,,,,,,,,,,,,,,,,,,,0,0,,5583.974,,,,,,,,,,5569.734,,,,,,,,,,,,,,,,,,,,,,,,,,-0.115,-37.4,-0.215,-16.959,-19.645,-40.633,-10.179,-63.546,23.921,-47.992,12.065,-61.532,51.197,-94.299,2.603,-113.528,-42.137,-89.814,,,,"",,,,"",,,,"",,,,"",,,,"",,,,"",,,,"",,,,"",,,,5599.08,0.235,-38.302,,,,,,,,,,,,,,,,,,,,,,,,,,,,,,,,,,,,,,,,,,,,,,,,,,,,"",6,,,,,,,,,,,,,0,"",,,,0,""
166,,8,1,3,1,0,0,1,1,1,0,5,2,255,89,5603.018,"Pugeuk",R,29,87,140,-1.08,0.573,0.418,1.602,-0.145,1.823,-36.563,25.581,51,49,0,2,"",-250,-176.087,13.386,0,0,3,"=","=","=","=","=","=","=","=","=",9,L,"encounter v",190,86.067,0.42,5,74,W,Y,1,5603.947,132,86,65,67,0,,138,85,-74.383,-6.946,-0.261,1.192,-19.357,-0.98,0,0.274,1.392,-0.477,-34.025,5603.492,-0.224,-19.67,5606.142,0,1.249,3.286,-31.834,1,0,,5609.61,,,,5608.618,,,5608.482,,,,5603.163,,5608.895,1,2,181,0,,,,,,,,,,,,,,,,,,,0.014,-37.465,-0.23,-16.97,-19.897,-41.445,-7.714,-62.463,20.384,-43.994,13.378,-61.182,54.213,-97.502,3.248,-115.58,-42.145,-89.801,0.286,-37.012,120,"HalF_HearteD",-0.24,-16.996,,"magimari",-18.998,-42.517,85,"Rite_",-7.49,-62.337,,"bdg06213",20.128,-44.283,111,"Pring__",13.744,-61.03,,"ame_3",54.248,-97.53,,"alcohol500",3.897,-115.785,,"Pizzallaris",-42.143,-89.805,,5606.67,1.223,-32.476,,,,5610.441,-18.243,-39.567,,,,5608.233,18.254,-39.199,,,,,,,,,,,,,5607.404,4.481,-32.627,,,,5613.07,-17.889,-39.203,,,,5608.98,14.286,-39.773,,,,,,,,,,,,,"",2,-3.905,-3.905,-22.04,0,1,0.918,-74.966,-74.383,-43.724,-74.728,0.004,32.447,0,"Pugeuk",5608.618,5608.482,,24,""
167,,8,1,3,1,0,0,2,1,1,0,9,5,255,90,5634.93,"Pugeuk",R,26,85,138,1.097,-0.348,0.588,1.426,0.647,1.218,-36.563,18.123,39,61,0,2,"",-136.446,-200,11.119,0,0,4,"=","=","=","=","=","=","=","=","=",6,R,"_송글_",174.9,90.478,0.316,5,74,W,Y,1,5635.947,137,42,117,48,31,,141,91,37.1,4.069,0.192,0.81,-20.134,-0.53,0,0.379,285.27,371.986,-118.733,5640.579,-10.296,-91.013,5641.496,7,-11.343,1.02,-95.402,1,0,,5641.413,,,,5641.206,,,5640.186,5644.912,,5635.055,,,,,,,,,,,,,,,,,,,,,,,,,,0.248,-37.219,0.122,-16.907,-19.784,-41.037,-14.179,-62.87,20.704,-46.645,13.376,-61.816,47.217,-97.43,-1.261,-114.142,-42.067,-89.88,0.549,-36.799,,"HalF_HearteD",0.076,-16.927,130,"magimari",-18.927,-42.833,,"Rite_",-13.971,-62.233,,"bdg06213",20.775,-47.231,,"Pring__",13.369,-61.806,,"ame_3",47.211,-97.442,,"alcohol500",-1.29,-114.343,104,"Pizzallaris",-42.061,-89.876,,5650.687,0.281,-38.134,5646.312,0.162,-20.889,,,,,,,,,,,,,,,,5642.087,-11.521,-96.365,,,,,,,5649.854,-0.177,-21.545,,,,,,,,,,,,,,,,5642.913,-9.869,-91.055,,,,"",2,5.888,5.888,-1.349,0,2,0.076,77.808,37.1,-0.9,84.787,0.043,83.785,0,"alcohol500",5641.206,5640.186,5644.912,288,""
168,,8,1,4,1,0,0,2,1,1,0,6,9,255,91,5671.571,"Pugeuk",R,28,77,128,-2.181,0.825,0.257,1.668,-0.892,2.036,-36.563,17.623,64,36,0,2,"",-44.089,-96.463,1.868,0,0,5,"=","=","=","=","=","=","=","=","=",4,L,"わだ、、",190,85,0.53,0,74,W,Y,1,5672.696,152,47,69,66,26,,139,88,23.6,-3.508,-0.443,1.267,-19.833,-0.99,0,0.218,269.804,343.013,-148.55,5676.896,-0.765,-96.004,5677.038,7,-0.529,2.239,-92.992,0,0,,5678.388,,,,5677.95,,,5677.062,,,5671.973,,,5677.614,5,,456,0,,,,,,,,,,,,,,,,,,,0.016,-37.363,-0.287,-16.848,-19.705,-41.513,-3.895,-63.568,21.323,-46.436,12.658,-63.68,53.187,-96.061,2.15,-113.893,-41.87,-91.229,0.025,-37.164,,"HalF_HearteD",-0.35,-16.892,,"magimari",-18.764,-43.415,,"Rite_",-8.979,-63.115,,"bdg06213",21.321,-46.697,,"Pring__",12.609,-63.605,,"ame_3",53.128,-95.99,,"alcohol500",2.074,-113.342,93,"Pizzallaris",-41.874,-91.229,,,,,,,,,,,,,,,,,5679.744,0.762,-74.41,,,,5677.627,-0.648,-94.107,,,,,,,,,,,,,,,,,,,,,,,,,5678.929,-0.042,-88.22,,,,"",1,,,,,,,,,,,,,0,"alcohol500",5677.95,5677.062,,257,""
169,SIDE,8,1,4,1,0,0,2,1,1,0,6,9,255,,5679.972,,,,,,,,,,,,,,,,,,,,,,,,6,"=","=","=","=","=","=","=","=","=",,,,,,,,,,,,,,,,,,,,,,,,,,,,,,,,,,,,,,,0,0,,,,,,,,,,,,,,,,,,,,,,,,,,,,,,,,,,,,,,,,,,,,,,,,,,,,,,,,,,,,,,,,,,,,,,,,,,,,,,,,,,,,,,,,,,,,,,,,,,,,,,,,,,,,,,,,,,,,,,,,,,,,,,,,,,,,,,,,,,,,,,,,,"",0,,,,,,,,,,,,,0,"",,,,0,""
170,,8,0,4,1,0,0,0,0,0,0,255,255,255,67,5723.973,"Riyaj",R,27,87,140,2.179,-1.699,0.29,2.098,0.417,1.851,-36.788,32.51,85,15,0,2,"",54.115,-122.928,-3.448,0,0,6,"Pring__","-Alta-","ame_3","magimari","bdg06213","HalF_HearteD","Rite_","Pizzallaris","alcohol500",3,R,"Rite_",169.5,80,0.455,3,40,W,Y,1,5725.011,216,86,47,58,19,,135,77,30.349,7.391,0.212,1.089,-20.001,-0.85,0,0.262,76.889,-89.194,-69.409,5729.063,-6.516,-82.395,5730.237,7,-7.117,0.765,-88.886,1,64,,5730.828,5735.136,,,,,,,,,,,,5735.503,6,1,278,1,,,,,,,,,,,,,,,,,,,-0.069,-37.456,0.018,-17.41,-21.636,-48.576,-16.738,-62.396,19.267,-47.018,12.149,-64.911,41.744,-89.986,0.258,-112.785,-45.398,-95.365,0.092,-37.221,,"DoYaGee",0.009,-17.401,,"쟈가리코",-21.565,-48.358,,"muyang_",-16.809,-62.159,,"わだ、、",18.447,-46.353,,"shimenawa",12.294,-64.629,71,"_송글_",42.003,-90.253,,"ByeolBam",-0.303,-113.032,98,"ddil_ddil69",-45.15,-95.266,,5740.405,0.042,-39.196,,,,,,,,,,,,,5734.32,-1.045,-60.091,,,,5730.825,-7.206,-89.308,,,,,,,,,,,,,,,,,,,5739.463,-3.558,-52.372,,,,5733.503,-6.806,-70.944,,,,"",2,,,,,,,,,,,,,0,"ByeolBam",5735.136,,,5,""
171,,8,0,4,1,0,0,1,0,0,0,255,255,255,68,5761.258,"Riyaj",R,27,73,125,1.526,2.684,0.305,2.434,0.489,3.015,-36.788,66.714,82,14,4,1,"",103.974,-117.64,-7.724,0,0,7,"=","=","=","=","=","=","=","=","=",8,R,"Pizzallaris",176.4,80,0.504,,74,W,Y,0,,,,,,,,,,,,,,,,,,,,,,,,,,,,,0,0,,,,,,,,,,,,,,,,,,,,,,,,,,,,,,,,,,,,,,-0.107,-37.412,-0.079,-17.047,-21.963,-47.567,-17.071,-62.41,19.014,-46.212,12.077,-64.564,41.961,-93.815,0.192,-112.951,-45.075,-97.853,,,,"",,,,"",,,,"",,,,"",,,,"",,,,"",,,,"",,,,"",,,,5765.368,-0.141,-37.467,,,,,,,,,,,,,,,,,,,,,,,,,,,,,,,,,,,,,,,,,,,,,,,,,,,,"",0,,,,,,,,,,,,,0,"",,,,0,""
172,,8,0,4,1,1,0,1,0,0,0,255,255,255,69,5777.96,"Riyaj",R,10,87,128,-1.89,-1.874,0.023,1.845,-0.823,0.963,-36.788,14.619,50,50,0,4,"",0,400,9.623,-0.388,-18.734,7,"=","=","=","=","=","=","=","=","=",8,R,"Pizzallaris",176.4,80,0.504,,74,W,Y,1,,,,,,,,,,,,,,,,,,,,,,,,,,,,,0,0,,,,,,,,,,,,,,,,,,,,,,,,,,,,,,,,,,,,,,-0.195,-37.322,-0.106,-17.319,-21.836,-48.151,-17.064,-62.419,17.857,-45.739,12.719,-64.847,43.23,-95.262,-2.553,-115.371,-45.436,-97.195,,,,"",,,,"",,,,"",,,,"",,,,"",,,,"",,,,"",,,,"",,,,5782.148,0.132,-36.915,,,,,,,,,,,,,,,,,,,,,,,,,,,,,,,,,,,,,,,,,,,,,,,,,,,,"",0,,,,,,,,,,,,,0,"",,,,0,""
173,,8,0,4,1,1,1,1,0,0,0,255,255,255,70,5795.617,"Riyaj",R,26,96,140,-1.422,-0.572,0.041,1.874,-0.738,1.062,-36.788,9.695,46,54,0,2,"",84.287,-200,4.918,0,0,7,"=","=","=","=","=","=","=","=","=",8,R,"Pizzallaris",176.4,80,0.504,3,74,W,Y,1,5796.742,138,98,68,33,8,,136,108,16.729,45.48,-0.278,0.649,-19.187,0.82,0.143,0.384,-157.575,-146.495,86.72,5798.617,-43.39,-63.501,5803.709,8,-71.703,0.055,-95.798,1,0,,5802.23,5806.605,,,,,,,,,,,,,,,,,,,,,,,,,,,,,,,,,,,-0.028,-37.621,-0.137,-17.339,-21.575,-48.002,-17.049,-62.571,17.355,-44.786,11.849,-65.138,44.698,-95.879,-0.184,-114.451,-45.08,-97.393,-0.055,-37.196,120,"DoYaGee",-0.19,-17.458,,"쟈가리코",-20.913,-48.416,,"muyang_",-16.898,-62.376,89,"わだ、、",16.637,-44.845,,"shimenawa",11.716,-65.106,,"_송글_",45.228,-95.602,,"ByeolBam",-0.183,-114.449,,"ddil_ddil69",-45.178,-97.306,115,5813.021,0.289,-39.167,,,,,,,5807.695,-17.748,-67.725,,,,,,,,,,,,,5804.165,-71.44,-95.866,5832.551,-0.142,-43.677,,,,,,,5812.009,-7.001,-54.733,,,,,,,,,,,,,5805.407,-64.736,-90.9,"",2,,,,,,,,,,,,,0,"ddil_ddil69",5806.605,,,384,""
174,,8,0,4,1,0,0,1,0,1,0,255,18,255,71,5856.342,"Riyaj",R,10,85,127,0.066,-2.181,0.205,1.813,0.023,0.831,-36.788,19.793,53,47,0,1,"",0,400,11.388,0,-19.411,8,"=","=","=","=","=","=","=","=","=",7,L,"alcohol500",172,85.415,0.3,,73,W,Y,0,,,,,,,,,,,,,,,,,,,,,,,,,,,,,0,0,,,,,,,,,,,,,5865.022,,,,,,,,,,,,,,,,,,,,,,,,,-0.106,-37.54,0.192,-17.382,-22.643,-48.27,-10.749,-61.188,19.542,-46.275,14.829,-64.185,47.025,-98.686,1.664,-117.226,-48.084,-95.989,,,,"",,,,"",,,,"",,,,"",,,,"",,,,"",,,,"",,,,"",,,,5860.706,0.272,-37.224,,,,,,,,,,,,,,,,,,,,,,,,,,,,,,,,,,,,,,,,,,,,,,,,,,,,"",0,,,,,,,,,,,,,0,"",5859.335,,,0,""
175,,8,0,4,1,1,0,1,0,1,0,255,18,255,72,5875.475,"Riyaj",R,26,96,140,-1.298,-1.005,0.06,1.81,-0.651,0.817,-36.788,10.462,51,49,0,0,"",59.623,-200,3.079,0,0,8,"=","=","=","=","=","=","=","=","=",7,L,"alcohol500",172,85.415,0.3,,73,W,Y,0,,,,,,,,,,,,,,,,,,,,,,,,,,,,,0,0,,,,,,,,,,,,,5883.772,,,,,,,,,,,,,,,,,,,,,,,,,-0.088,-37.594,-0.061,-17.367,-21.509,-48.515,-8.755,-62.231,19.256,-45.426,13.949,-64.39,45.756,-97.232,0.071,-114.524,-48.158,-96.031,,,,"",,,,"",,,,"",,,,"",,,,"",,,,"",,,,"",,,,"",,,,5880.218,0.071,-37.175,,,,,,,,,,,,,,,,,,,,,,,,,,,,,,,,,,,,,,,,,,,,,,,,,,,,"",0,,,,,,,,,,,,,0,"",5878.745,,,0,""
176,,8,0,4,1,1,1,1,0,1,0,255,18,255,73,5910.961,"Riyaj",R,10,88,128,1.087,-0.92,0.3,2.011,0.465,1.538,-36.788,29.515,93,7,0,0,"",0,400,3.716,0.179,-16.867,8,"=","=","=","=","=","=","=","=","=",7,L,"alcohol500",172,85.415,0.3,,73,W,Y,0,,,,,,,,,,,,,,,,,,,,,,,,,,,,,0,0,,,,,,,,,5913.847,,,,,,,,,,,,,,,,,,,,,,,,,,,,,-0.062,-37.498,0.057,-17.562,-21.942,-49.694,-10.66,-57.787,19.706,-46.569,12.734,-64.91,43.358,-96.463,-0.035,-115.298,-47.341,-95.693,,,,"",,,,"",,,,"",,,,"",,,,"",,,,"",,,,"",,,,"",,,,5919.363,0.797,-38.031,,,,,,,,,,,,,,,,,,,,,,,,,,,,,,,,,,,,,,,,,,,,,,,,,,,,"",0,,,,,,,,,,,,,0,"",,5913.847,,0,""
177,,8,0,4,1,1,2,1,0,0,1,255,255,18,74,5934.243,"Riyaj",R,26,96,140,-1.458,0.861,0.041,2.105,-0.738,1.874,-36.788,19.691,87,11,2,2,"",73.249,-200,6.363,0,0,8,"=","=","=","=","=","=","=","=","=",7,L,"alcohol500",172,85.415,0.3,5,73,W,Y,1,5935.208,139,82,120,104,23,,143,92,64.37,8.492,-0.271,1.184,-20.32,-0.5,0,0.25,525.063,146.902,210.224,,,,5941.209,3,-10.362,3.395,-58.731,0,0,,5940.304,,,,,,,,,,,,,5941.798,8,,452,0,,,,,,,,,,,,,,,,,,,-0.103,-37.547,-0.032,-17.259,-21.242,-47.444,-13.365,-59.37,18.454,-40.08,14.28,-64.234,45.211,-95.754,0.223,-112.586,-47.065,-95.54,-0.083,-37.046,,"DoYaGee",-0.096,-17.348,,"쟈가리코",-20.495,-46.856,,"muyang_",-13.574,-59.188,74,"わだ、、",17.812,-43.065,,"shimenawa",13.613,-64.311,,"_송글_",45.334,-95.924,,"ByeolBam",0.246,-112.547,,"ddil_ddil69",-46.987,-95.515,,5946.29,-0.043,-38.624,,,,,,,5941.81,-10.645,-59.251,,,,,,,,,,,,,,,,,,,,,,,,,5945.257,-7.747,-51.078,,,,,,,,,,,,,,,,"",1,9.326,9.326,7.768,0,2,0.157,72.862,64.37,-4.265,74.524,0.065,-38.949,0,"muyang_",,,,256,""
178,,8,0,4,1,0,0,2,0,0,1,255,255,18,75,5965.758,"Riyaj",R,10,86,112,0.786,-1.992,0.308,1.771,0.334,1.015,-36.788,20.163,58,42,0,1,"",0,400,11.696,0.132,-19.067,0,"=","=","=","=","=","=","=","=","=",5,L,"Pring__",174.7,91.089,0.428,,73,W,Y,0,,,,,,,,,,,,,,,,,,,,,,,,,,,,,0,0,,,,,,,,,,,,,,5972.909,,,,,,,,,,,,,,,,,,,,,,,,-0.032,-37.44,0.167,-17.521,-21.919,-48.936,-14.539,-62.946,20.297,-46.699,12.983,-64.91,50.618,-100.215,1.402,-116.309,-47.866,-95.759,,,,"",,,,"",,,,"",,,,"",,,,"",,,,"",,,,"",,,,"",,,,5970.3,0.234,-37.148,,,,,,,,,,,,,,,,,,,,,,,,,,,,,,,,,,,,,,,,,,,,,,,,,,,,"",0,,,,,,,,,,,,,0,"",,,,0,""
179,,8,0,4,1,1,0,2,0,0,1,255,255,18,76,5988.952,"Riyaj",R,27,82,133,1.946,1.839,0.367,2.289,0.775,2.518,-36.788,49.091,82,16,2,1,"",41.783,-121.142,-3.937,0,0,0,"=","=","=","=","=","=","=","=","=",5,L,"Pring__",174.7,91.089,0.428,,73,W,Y,0,,,,,,,,,,,,,,,,,,,,,,,,,,,,,0,0,,,,,,,,,,,,,,6001.161,,,,,,,,,,,,,,,,,,,,6030.771,4,,,-0.104,-37.411,0.137,-17.486,-21.594,-48.666,-15.35,-62.544,20.289,-46.368,13.083,-65.167,48.251,-95.746,0.052,-115.45,-47.919,-95.588,,,118,"",,,,"",,,,"",,,,"",,,,"",,,,"",,,,"",,,,"",,,,5993.837,0.088,-37.483,,,,,,,,,,,,,,,,,,,,,,,,,6029.935,2.015,-38.061,,,,,,,,,,,,,,,,,,,,,,,,,"",0,,,,,,,,,,,,,0,"",,5991.622,,0,""
180,,8,0,4,1,2,0,2,0,0,1,255,255,18,77,6052.116,"Riyaj",R,26,88,140,0.189,0.054,0.212,1.978,0.054,1.424,-36.788,23.121,88,12,0,2,"",15.677,-200,1.91,0,0,0,"=","=","=","=","=","=","=","=","=",5,L,"Pring__",174.7,91.089,0.428,3,73,W,Y,1,6053.263,255,138,104,84,59,,145,126,98.683,79.197,0.027,0.887,-19.593,0.67,0,0.512,261.658,-539.213,28.001,,,,,,,,,0,0,,,,,,,,,,,,,,6074.895,,,,,,,,,,,,,,,,,,,,,,,,-0.081,-37.472,0.185,-17.51,-21.752,-48.199,-15.743,-62.982,18.73,-41.042,14.868,-63.8,47.654,-95.301,0.248,-116.915,-47.714,-95.699,-0.219,-37.153,,"DoYaGee",0.158,-17.598,,"쟈가리코",-20.761,-47.933,,"muyang_",-15.687,-62.81,,"わだ、、",17.118,-44.346,,"shimenawa",14.864,-63.791,,"_송글_",47.647,-95.295,,"ByeolBam",0.248,-116.163,,"ddil_ddil69",-47.812,-95.58,,,,,,,,,,,,,,,,,,,,,,,,,,,,,,,,,,,,,,,,,,,,,,,,,,,,,,,,"",3,,,,,,,,,,,,,0,"",,6056.913,,0,""
181,,8,0,4,1,2,1,2,0,0,1,255,255,18,78,6078.385,"Riyaj",R,10,83,124,-1.724,-1.16,0.038,1.973,-0.751,1.406,-36.788,17.3,95,5,0,1,"",0,400,10.551,0,0,0,"=","=","=","=","=","=","=","=","=",5,L,"Pring__",174.7,91.089,0.428,,73,W,Y,0,,,,,,,,,,,,,,,,,,,,,,,,,,,,,0,0,,,,,,,,,,,,,,,,,,,,,,,,,,,,,,,,,,,,,,-0.145,-37.437,-0.164,-17.346,-22.014,-47.662,-15.113,-62.841,18.765,-40.249,14.588,-64.147,48.029,-96.705,0.417,-116.726,-48.36,-95.694,,,,"",,,,"",,,,"",,,,"",,,,"",,,,"",,,,"",,,,"",,,,,,,,,,,,,,,,,,,,,,,,,,,,,,,,,,,,,,,,,,,,,,,,,,,,,,,,,,"",0,,,,,,,,,,,,,0,"",,6081.789,,0,""
182,,8,0,4,1,3,1,2,0,0,1,255,255,18,79,6099.459,"Riyaj",R,10,84,126,-0.652,-0.588,0.138,2.064,-0.288,1.725,-36.788,25.307,95,5,0,2,"",0,400,2.691,0,0,0,"=","=","=","=","=","=","=","=","=",5,L,"Pring__",174.7,91.089,0.428,5,73,W,Y,1,6100.618,199,160,84,106,45,,145,129,28.026,-48.396,-0.13,0.665,-19.858,0.41,0,0.352,368.236,-353.419,280.13,6105.809,96.657,-91.741,,,,,,0,0,,,,,,,,,,,,,,6099.635,,,,,,,,,,,,,,,,,,,,,,,,-0.12,-37.494,-0.029,-17.473,-21.593,-47.725,-15.959,-63.312,18.613,-40.026,14.802,-63.941,49.204,-95.577,0.456,-115.84,-48.366,-95.614,0.1,-37.125,,"DoYaGee",-0.076,-17.577,,"쟈가리코",-20.978,-47.656,,"muyang_",-15.956,-63.268,,"わだ、、",17.315,-43.826,,"shimenawa",14.314,-64.084,,"_송글_",49.184,-95.612,,"ByeolBam",0.453,-115.816,,"ddil_ddil69",-48.358,-95.51,,,,,,,,,,,,,,,,,,,,,,,,,,,,,,,,,,,,,,,,,,,,,,,,,,,,,,,,"",3,-47.486,-42.916,-1.311,0,0,1,46.818,46.818,26.548,46.818,0,-84.391,0,"",,6105.696,,0,""
183,,8,0,4,1,3,2,2,0,0,1,255,255,18,80,6126.203,"Riyaj",R,10,75,104,1.028,0.232,0.341,2.341,0.438,2.352,-36.788,46.297,91,9,0,0,"",0,400,0.814,0,0,0,"=","=","=","=","=","=","=","=","=",5,L,"Pring__",174.7,91.089,0.428,,73,W,Y,0,,,,,,,,,,,,,,,,,,,,,,,,,,,,,0,0,,,,,,,,,,,,,,6131.499,6129.046,0,,578,0,,,,,,,,,,,,,,,,,,,0.01,-37.48,0.06,-17.358,-20.784,-47.061,-15.872,-63.315,18.689,-40.06,15.255,-63.711,43.694,-91.716,2.208,-116.231,-47.807,-95.871,,,,"",,,,"",,,,"",,,,"",,,,"",,,,"",,,,"",,,,"",,,,,,,,,,,,,,,,,,,,,,,,,,,,,,,,,,,,,,,,,,,,,,,,,,,,,,,,,,"",0,,,,,,,,,,,,,0,"",,6129.492,,0,""
184,SIDE,8,0,4,1,0,0,2,0,0,1,255,255,18,,6133.204,,,,,,,,,,,,,,,,,,,,,,,,1,"=","=","=","=","=","=","=","=","=",,,,,,,,,,,,,,,,,,,,,,,,,,,,,,,,,,,,,,,0,0,,,,,,,,,,,,,,,,,,,,,,,,,,,,,,,,,,,,,,,,,,,,,,,,,,,,,,,,,,,,,,,,,,,,,,,,,,,,,,,,,,,,,,,,,,,,,,,,,,,,,,,,,,,,,,,,,,,,,,,,,,,,,,,,,,,,,,,,,,,,,,,,,"",0,,,,,,,,,,,,,0,"",,,,0,""
185,,9,1,4,1,0,0,0,0,0,0,255,255,255,92,6185.044,"Pugeuk",R,26,87,140,-0.433,0.237,0.432,1.534,-0.08,1.603,-36.563,22.133,46,54,0,0,"",-90.464,-187.264,14.978,0,0,6,"ByeolBam","쟈가리코","shimenawa","encounter v","_송글_","わだ、、","DoYaGee","ddil_ddil69","muyang_",1,R,"DoYaGee",190,80,0.401,,72,W,Y,0,,,,,,,,,,,,,,,,,,,,,,,,,,,,,0,0,,,,,,,,,,,,,,,,,,,,,,,,,,,,,,,,,,,,,,0.075,-37.343,-0.101,-16.874,-19.589,-44.026,-14.257,-61.613,22.269,-50.807,13.235,-64.805,41.688,-92.261,-0.82,-115.067,-43.169,-94.869,,,,"",,,,"",,,,"",,,,"",,,,"",,,,"",,,,"",,,,"",,,,,,,,,,,,,,,,,,,,,,,,,,,,,,,,,,,,,,,,,,,,,,,,,,,,,,,,,,"",0,,,,,,,,,,,,,0,"",,,,0,""
186,,9,1,4,1,0,1,0,0,0,0,255,255,255,93,6206.6,"Pugeuk",R,26,86,140,-0.457,-0.676,0.429,1.367,-0.094,1.06,-36.563,27.498,40,60,0,0,"",-87.393,-153.314,14.505,0,0,6,"=","=","=","=","=","=","=","=","=",1,R,"DoYaGee",190,80,0.401,,72,W,Y,1,,,,,,,,,,,,,,,,,,,,,,,,,,,,,0,0,,,,,,,,,,,,,,,,,,,,,,,,,,,,,,,,,,,,,,0.051,-37.342,-0.125,-16.932,-19.477,-44.006,-14.328,-61.413,21.481,-50.055,13.258,-64.747,43.955,-95.413,-0.073,-113.835,-43.114,-94.904,,,,"",,,,"",,,,"",,,,"",,,,"",,,,"",,,,"",,,,"",,,,,,,,,,,,,,,,,,,,,,,,,,,,,,,,,,,,,,,,,,,,,,,,,,,,,,,,,,"",0,,,,,,,,,,,,,0,"",,,,0,""
187,,9,1,4,1,0,2,0,0,0,0,255,255,255,94,6227.002,"Pugeuk",R,26,87,140,-0.36,0.267,0.419,1.537,-0.141,1.611,-36.563,14.942,41,59,0,2,"",-21.695,-200,21.202,0,0,6,"=","=","=","=","=","=","=","=","=",1,R,"DoYaGee",190,80,0.401,5,72,W,Y,1,6227.945,166,106,97,60,36,,145,110,27.921,57.564,-0.084,1.097,-19.881,0.91,0,0.193,237.355,337.44,-414.958,6232.634,-85.813,-65.986,,,,,,0,0,,,,,,,,,,,,,,,,,,,,,,,,,,,,,,,,,,,,,,0.179,-37.524,-0.121,-16.709,-19.426,-44.08,-14.2,-61.363,21.786,-50.606,13.242,-64.712,43.916,-95.497,0.56,-114.043,-43.103,-94.924,0.143,-36.695,,"HalF_HearteD",-0.161,-16.759,,"magimari",-19.266,-43.936,,"Rite_",-14.139,-61.291,,"bdg06213",21.662,-50.431,,"Pring__",13.129,-64.636,,"ame_3",43.915,-95.509,,"alcohol500",0.547,-114.058,,"Pizzallaris",-43.104,-94.924,,,,,,,,,,,,,,,,,,,,,,,,,,,,,,,,,,,,,,,,,,,,,,,,,,,,,,,,"",3,63.306,55.006,20.984,0.476,2,0.169,84.561,50.798,12.798,89.393,0.04,142.4,0,"",,,,0,""
188,,9,1,4,1,0,2,0,0,0,0,255,255,255,95,6252.862,"Pugeuk",R,10,66,97,-1.636,-0.998,0.218,1.741,-0.718,1.634,-36.563,28.99,46,54,0,1,"",0,400,25.779,-0.396,-17.571,6,"=","=","=","=","=","=","=","=","=",1,R,"DoYaGee",190,80,0.401,,72,W,Y,0,,,,,,,,,,,,,,,,,,,,,,,,,,,,,0,0,,,,,,,,,,,,,,,,,,,,,,,,,,,,,,,,,,,,,,-0.201,-37.343,-0.103,-16.614,-19.832,-43.787,-13.779,-60.98,20.418,-50.336,11.873,-64.377,43.508,-96.434,0.367,-115.495,-45.659,-95.091,,,,"",,,,"",,,,"",,,,"",,,,"",,,,"",,,,"",,,,"",,,,,,,,,,,,,,,,,,,,,,,,,,,,,,,,,,,,,,,,,,,,,,,,,,,,,,,,,,"",0,,,,,,,,,,,,,0,"",,,,0,""
189,,9,1,4,1,1,2,0,0,0,0,255,255,255,96,6272.705,"Pugeuk",R,26,78,128,0.886,0.468,0.528,1.577,0.365,1.743,-36.563,16.171,51,49,0,2,"",2.703,-172.708,5.647,0,0,6,"=","=","=","=","=","=","=","=","=",1,R,"DoYaGee",190,80,0.401,5,72,W,Y,1,6273.722,155,141,72,80,38,,142,89,18.104,16.235,0.163,1.197,-20.382,-0.94,0,0.212,141.987,129.551,-68.592,6276.688,-19.838,-83.975,6278.321,8,-24.624,0.072,-98.17,1,0,,6279.41,,,,,,,,,,,,,,,,,,,,,,,,,,,,,,,,,,,,0.206,-37.31,-0.152,-16.7,-19.514,-43.899,-13.968,-60.846,22.088,-51.523,11.877,-64.371,43.498,-96.819,-0.067,-115.413,-45.562,-95.18,0.251,-37.043,,"HalF_HearteD",-0.181,-16.768,,"magimari",-19.4,-43.875,,"Rite_",-13.93,-60.726,,"bdg06213",21.917,-51.595,,"Pring__",11.869,-64.356,82,"ame_3",43.487,-96.658,,"alcohol500",-0.034,-115.44,,"Pizzallaris",-45.573,-95.178,111,6285.909,-0.083,-46.286,,,,,,,,,,,,,6281.939,-0.411,-59.601,,,,,,,6279.066,-25.224,-98.825,,,,,,,,,,,,,,,,6285.131,-0.164,-57.744,,,,,,,6280.254,-21.323,-92.58,"",2,17.519,17.519,-0.429,0,2,0.321,29.642,18.104,-2.508,31.088,0.035,73.757,0,"Pizzallaris",,,,129,""
190,,9,1,4,1,0,0,0,1,0,0,1,255,255,0,6446.99,"-Alta-",L,32,84,136,-0.755,-0.085,-0.515,1.069,-0.09,1.547,-36.636,36.744,0,8,92,0,"",-157.094,-31.667,-15.168,0,0,7,"=","=","=","=","=","=","=","=","=",8,R,"ddil_ddil69",176.4,89.899,0.554,,71,W,Y,0,,,,,,,,,,,,,,,,,,,,,,,,,,,,,0,0,,,,,,,,,,,,6466.284,,,,,,,,,,,,,,,,,,,,,,,,,,-0.185,-37.262,-0.266,-16.903,-19.728,-41.284,-13.796,-61.655,22.069,-49.481,9.022,-64.378,44.861,-95.521,-0.726,-109.933,-42.573,-89.927,,,,"",,,,"",,,,"",,,,"",,,,"",,,,"",,,,"",,,,"",,,,,,,,,,,,,,,,,,,,,,,,,,,,,,,,,,,,,,,,,,,,,,,,,,,,,,,,,,"",0,,,,,,,,,,,,,0,"",,,,0,""
191,,9,1,4,1,0,1,0,1,0,0,1,255,255,1,6466.807,"-Alta-",L,32,84,136,0.891,0.536,-0.345,1.193,0.702,1.977,-36.636,29.41,0,38,62,0,"",-215.366,37.663,-21.382,0,0,7,"=","=","=","=","=","=","=","=","=",8,R,"ddil_ddil69",176.4,89.899,0.554,,71,W,Y,1,,,,,,,,,,,,,,,,,,,,,,,,,,,,,0,0,,,,,,,,,,,,6485.916,,,,,,,,,,,,,,,,,,,,,,,,,,-0.05,-37.376,0.232,-16.985,-19.847,-41.419,-13.833,-61.373,22.295,-49.92,8.977,-64.373,45.097,-95.253,-1.696,-108.85,-42.579,-89.94,,,,"",,,,"",,,,"",,,,"",,,,"",,,,"",,,,"",,,,"",,,,,,,,,,,,,,,,,,,,,,,,,,,,,,,,,,,,,,,,,,,,,,,,,,,,,,,,,,"",0,,,,,,,,,,,,,0,"",,,,0,""
192,,9,1,4,1,0,2,0,1,0,0,1,255,255,2,6486.238,"-Alta-",L,3,84,123,2.784,-0.14,-0.403,1.068,0.434,1.541,-36.636,21.636,0,6,94,4,"",491.458,0,-17.444,2.193,-8.39,7,"=","=","=","=","=","=","=","=","=",8,R,"ddil_ddil69",176.4,89.899,0.554,,71,W,Y,1,,,,,,,,,,,,,,,,,,,,,,,,,,,,,0,0,,6494.108,,,,6493.932,,,,,,,,,6489.101,7,,578,0,,,,,,,,,,,,,6495.059,5,,,,,-0.31,-37.317,-0.217,-16.901,-19.791,-42.436,-13.638,-60.877,21.759,-51.832,6.767,-65.644,44.961,-95.562,-0.523,-108.834,-42.578,-89.932,,,,"",,,,"",,,,"",,,,"",,,,"",,,,"",,,,"",,,,"",,,,,,,,,,,,,,,,,,,,,,,,,,,,,,,,,,,,,,,,,,,,,,,,,,,,,,,,,,"",0,,,,,,,,,,,,,0,"",6493.932,,,0,""
193,,9,1,4,1,0,0,1,0,1,0,255,1,255,3,6530.315,"-Alta-",L,32,81,131,0.09,-0.072,-0.405,1.098,0.422,1.646,-36.636,46.555,0,12,88,0,"",-250,56.743,-12.608,0,0,8,"=","=","=","=","=","=","=","=","=",3,R,"muyang_",171.6,80,0.498,,71,W,Y,0,,,,,,,,,,,,,,,,,,,,,,,,,,,,,0,0,,,,,,,,,,,,,6545.671,,,,,,,,,,,,,,,,,,,,,,,,,0.017,-37.479,0.271,-16.832,-19.281,-43.728,-13.633,-60.342,20.769,-45.656,2.399,-60.6,44.859,-96.607,3.178,-108.972,-42.577,-89.932,,,,"",,,,"",,,,"",,,,"",,,,"",,,,"",,,,"",,,,"",,,,,,,,,,,,,,,,,,,,,,,,,,,,,,,,,,,,,,,,,,,,,,,,,,,,,,,,,,"",0,,,,,,,,,,,,,0,"",6533.275,,,0,""
194,,9,1,4,1,0,1,1,0,1,0,255,1,255,4,6548.879,"-Alta-",L,32,86,139,1.494,1.077,-0.286,1.256,0.975,2.214,-36.636,24.686,0,64,36,1,"",-230.773,-20.199,-21.173,0,0,8,"=","=","=","=","=","=","=","=","=",3,R,"muyang_",171.6,80,0.498,,71,W,Y,0,,,,,,,,,,,,,,,,,,,,,,,,,,,,,0,0,,,,,,,,,,,,,6567.023,,,,,,,,,,,,,,,,,,,,,,,,,-0.018,-37.252,0.227,-16.879,-18.836,-43.585,-13.792,-60.642,21.84,-48.045,2.943,-60.258,44.056,-95.635,1.283,-109.409,-42.566,-89.936,,,,"",,,,"",,,,"",,,,"",,,,"",,,,"",,,,"",,,,"",,,,,,,,,,,,,,,,,,,,,,,,,,,,,,,,,,,,,,,,,,,,,,,,,,,,,,,,,,"",0,,,,,,,,,,,,,0,"",6551.851,,,0,""
195,,9,1,4,1,1,1,1,0,1,0,255,1,255,5,6567.672,"-Alta-",L,3,85,124,3.066,-0.104,-0.374,1.074,0.565,1.562,-36.636,38.665,0,10,90,1,"",491.548,0,-18.039,3.153,-18.167,8,"=","=","=","=","=","=","=","=","=",3,R,"muyang_",171.6,80,0.498,,71,W,Y,0,,,,,,,,,,,,,,,,,,,,,,,,,,,,,0,0,,,,,,,,,,,,,6591.111,,,,,,,,,,,,,,,,,,,,,,,,,0.009,-37.377,0.189,-16.844,-19.05,-43.613,-14.064,-60.266,21.061,-45.031,1.98,-59.975,43.744,-95.941,-1.529,-107.964,-42.546,-89.948,,,,"",,,,"",,,,"",,,,"",,,,"",,,,"",,,,"",,,,"",,,,,,,,,,,,,,,,,,,,,,,,,,,,,,,,,,,,,,,,,,,,,,,,,,,,,,,,,,"",0,,,,,,,,,,,,,0,"",6572.637,,,0,""
196,,9,1,4,1,2,1,1,0,1,0,255,1,255,6,6591.642,"-Alta-",L,32,87,140,2.626,0.216,-0.176,1.138,1.489,1.789,-36.636,22.427,0,54,46,2,"",-250,39.884,-21.322,0,0,8,"=","=","=","=","=","=","=","=","=",3,R,"muyang_",171.6,80,0.498,5,71,W,Y,0,6592.701,67,89,25,31,31,,50,52,54.324,55.037,0.506,0.945,-19.36,-0.72,0,0.202,54.566,250.61,-329.109,,,,6596.805,2,-21.401,2.987,-34.113,0,0,,,,,,,,,,,,,6623.623,,6597.513,8,,451,0,,,,,,,,,,,,,,,,,,,-0.08,-37.258,0.092,-16.514,-19.795,-42.558,-14.448,-61.057,22.137,-45.402,1.587,-60.258,43.454,-95.387,-0.461,-107.91,-42.563,-89.947,0.447,-36.66,,"HalF_HearteD",0.11,-16.693,,"magimari",-19.058,-42.811,77,"Rite_",-14.358,-60.876,,"bdg06213",20.876,-44.22,,"Pring__",7.09,-61.865,,"ame_3",43.439,-95.433,,"alcohol500",-0.45,-107.89,,"Pizzallaris",-42.561,-89.958,,6602.403,-5.114,-35.925,,,,6597.52,-21.757,-34.327,,,,,,,,,,,,,,,,,,,,,,,,,6601.509,-17.19,-36.205,,,,,,,,,,,,,,,,,,,"",1,62.678,46.002,8.397,0.571,1,0.479,66.149,54.324,-3.401,65.863,0.027,172.234,0,"magimari",6596.252,,,10,""
197,,9,1,4,1,0,0,2,0,1,0,255,1,255,7,6623.999,"-Alta-",L,32,87,140,-2.987,-0.574,-0.708,1.021,-0.987,1.377,-36.636,46.888,0,13,87,1,"",-213.963,78.685,-9.399,0,0,0,"=","=","=","=","=","=","=","=","=",7,R,"ByeolBam",175.3,88,0.5,,71,W,Y,0,,,,,,,,,,,,,,,,,,,,,,,,,,,,,0,0,,,,,,,,,,,,,6640.451,,,,,,,,,,,,,,,,,,,,,,,,,-0.3,-37.342,-0.221,-16.748,-19.555,-43.371,-15.595,-62.241,20.787,-47.964,4.105,-62.811,47.375,-100.505,-0.876,-106.151,-42.559,-89.89,,,,"",,,,"",,,,"",,,,"",,,,"",,,,"",,,,"",,,,"",,,,6628.539,-0.377,-37.615,,,,,,,,,,,,,,,,,,,,,,,,,,,,,,,,,,,,,,,,,,,,,,,,,,,,"",0,,,,,,,,,,,,,0,"",6627.095,,,0,""
198,,9,1,4,1,1,0,2,0,1,0,255,1,255,8,6640.592,"-Alta-",L,3,72,113,-1.781,-0.666,-0.778,0.92,-1.561,1.252,-36.636,62.723,0,8,92,1,"",451.255,-0.158,-8.658,0,0,0,"=","=","=","=","=","=","=","=","=",7,R,"ByeolBam",175.3,88,0.5,,71,W,Y,0,,,,,,,,,,,,,,,,,,,,,,,,,,,,,0,0,,,,,,,,,,,,,6658.58,,,,,,,,,,,,,,,,,,,,,,,,,-0.23,-37.601,-0.225,-16.919,-19.708,-43.445,-15.704,-62.382,20.054,-48.739,1.521,-59.423,43.766,-96.379,-0.968,-108.934,-42.741,-89.727,,,,"",,,,"",,,,"",,,,"",,,,"",,,,"",,,,"",,,,"",,,,6645.385,-0.275,-37.017,,,,,,,,,,,,,,,,,,,,,,,,,,,,,,,,,,,,,,,,,,,,,,,,,,,,"",0,,,,,,,,,,,,,0,"",6643.724,,,0,""
199,,9,1,4,1,2,0,2,0,1,0,255,1,255,9,6658.942,"-Alta-",L,3,77,116,-0.563,-0.293,-0.697,0.981,-1.033,1.443,-36.636,60.169,0,11,89,0,"",466.409,-19.286,-6.693,0,0,0,"=","=","=","=","=","=","=","=","=",7,R,"ByeolBam",175.3,88,0.5,,71,W,Y,0,,,,,,,,,,,,,,,,,,,,,,,,,,,,,0,0,,,,,,,,,,,,,6677.74,,,,,,,,,,,,,,,,,,,,,,,,,-0.186,-37.552,-0.16,-16.756,-19.795,-43.614,-15.684,-62.297,23.092,-47.888,6.363,-65.185,43.508,-94.683,0.731,-107.295,-42.778,-89.733,,,,"",,,,"",,,,"",,,,"",,,,"",,,,"",,,,"",,,,"",,,,6663.46,-0.052,-37.704,,,,,,,,,,,,,,,,,,,,,,,,,,,,,,,,,,,,,,,,,,,,,,,,,,,,"",0,,,,,,,,,,,,,0,"",6661.834,,,0,""
200,,9,1,4,1,2,1,2,0,1,0,255,1,255,10,6678.378,"-Alta-",L,32,84,137,1.829,0.61,-0.248,1.181,1.154,1.939,-36.636,26.149,0,67,33,4,"",-250,-41.818,-20.839,0,0,0,"=","=","=","=","=","=","=","=","=",7,R,"ByeolBam",175.3,88,0.5,,71,W,Y,1,,,,,,,,,,,,,,,,,,,,,,,,,,,,,0,0,,,,,,,,,,,,,6700.162,,,,,,,,,,,,,,,,,,,,,,,,,-0.046,-37.504,-0.049,-16.735,-19.628,-43.72,-15.753,-62.316,20.949,-48.971,3.768,-63.279,43.486,-94.937,-0.223,-107.739,-42.785,-89.739,,,,"",,,,"",,,,"",,,,"",,,,"",,,,"",,,,"",,,,"",,,,6685.936,0.444,-38.801,,,,,,,,,,,,,,,,,,,,,,,,,,,,,,,,,,,,,,,,,,,,,,,,,,,,"",0,,,,,,,,,,,,,0,"",6681.46,,,0,""
201,,9,1,4,1,2,2,2,0,1,0,255,1,255,11,6700.828,"-Alta-",L,3,87,126,4.734,-0.12,-0.248,1.073,1.151,1.559,-36.636,23.999,0,6,94,4,"",500,0,-24.498,-0.167,-20.932,0,"=","=","=","=","=","=","=","=","=",7,R,"ByeolBam",175.3,88,0.5,,74,W,Y,1,,,,,,,,,,,,,,,,,,,,,,,,,,,,,0,0,,,,,,,,,,,,,,,6703.476,0,,578,0,,,,,,,,,,,,,,,,,,,-0.077,-37.223,0.196,-16.628,-19.603,-43.541,-14.87,-61.034,20.976,-49.606,2.456,-61.572,43.52,-94.684,-0.281,-109.117,-42.765,-89.763,,,,"",,,,"",,,,"",,,,"",,,,"",,,,"",,,,"",,,,"",,,,,,,,,,,,,,,,,,,,,,,,,,,,,,,,,,,,,,,,,,,,,,,,,,,,,,,,,,"",0,,,,,,,,,,,,,0,"",,,,0,""
202,,9,0,4,1,0,0,0,0,0,0,255,255,255,81,6756.438,"Riyaj",R,26,81,132,-0.26,1.7,0.16,2.3,-0.187,2.484,-36.788,42.152,82,18,0,4,"",45.507,-183.099,-0.413,0,0,1,"Pring__","-Alta-","ame_3","magimari","bdg06213","HalF_HearteD","Rite_","Pizzallaris","alcohol500",0,L,"-Alta-",190,86,0.499,,70,W,Y,1,,,,,,,,,,,,,,,,,,,,,,,,,,,,,0,0,,,,,,,,,,,,,,,,,,,,,,,,,,,,,,,,,,,,,,-0.156,-37.46,-0.075,-17.545,-22.407,-49.938,-16.602,-62.903,20.367,-46.986,14.512,-64.076,45.256,-96.432,0.319,-116.879,-46.258,-95.916,,,,"",,,,"",,,,"",,,,"",,,,"",,,,"",,,,"",,,,"",,,,,,,,,,,,,,,,,,,,,,,,,,,,,,,,,,,,,,,,,,,,,,,,,,,,,,,,,,"",0,,,,,,,,,,,,,0,"",,,,0,""
203,,9,0,4,1,0,1,0,0,0,0,255,255,255,82,6778.044,"Riyaj",R,10,77,118,1.269,-0.565,0.317,2.058,0.543,1.7,-36.788,31.082,93,7,0,2,"",0,380.475,-5.569,0,0,1,"=","=","=","=","=","=","=","=","=",0,L,"-Alta-",190,86,0.499,5,70,W,Y,1,6779.026,207,88,152,88,49,,145,117,-26.51,-34.318,0.234,0.778,-20.249,0.9,0,0.518,-359.078,-47.928,3.223,6778.329,1.039,-21.427,6779.684,4,16.428,2.046,-43.912,0,0,,,,,,,,,,,,,,,6783.435,1,,147,32,,,,,,,,,,,,,,,,,,,-0.068,-37.409,0.086,-17.736,-22.56,-48.475,-16.601,-62.895,20.481,-47.405,13.907,-64.238,45.709,-96.087,0.426,-116.746,-46.737,-97.204,-0.044,-37.091,,"DoYaGee",0.11,-17.804,,"쟈가리코",-22.285,-48.453,75,"muyang_",-16.601,-62.89,,"わだ、、",20.211,-47.14,96,"shimenawa",14.398,-64.007,,"_송글_",45.564,-96.186,,"ByeolBam",1.496,-116.773,,"ddil_ddil69",-46.823,-97.088,,6786.355,-0.84,-38.365,,,,6782.925,-18.802,-39.496,,,,6780.457,17.123,-44.8,,,,,,,,,,,,,,,,,,,6785.269,-17.841,-39.644,,,,6781.255,12.721,-44.335,,,,,,,,,,,,,"",2,-34.029,-34.029,-9.819,0,1,0.853,-44.28,-28.732,-55.8,-71.388,0.052,-44.489,0,"わだ、、",,,,34,""
204,,9,0,4,1,0,0,1,0,0,0,255,255,255,83,6804.978,"Riyaj",R,10,70,113,0.685,1.281,0.262,2.404,0.291,2.888,-36.788,61.025,88,12,0,1,"",0,399.508,-0.2,0,0,2,"=","=","=","=","=","=","=","=","=",6,L,"ame_3",179.5,88.183,0.277,,34,W,Y,0,,,,,,,,,,,,,,,,,,,,,,,,,,,,,0,0,,,,,,,,,,,,,,,,,,,,,,,,,,,,,,,,,,,,,,-0.069,-37.479,-0.102,-17.372,-22.797,-49.627,-16.716,-62.609,20.177,-47.12,14.668,-64.41,43.328,-95.221,-0.996,-114.365,-46.455,-97.573,,,,"",,,,"",,,,"",,,,"",,,,"",,,,"",,,,"",,,,"",,,,6809.562,0.105,-37.302,,,,,,,,,,,,,,,,,,,,,,,,,,,,,,,,,,,,,,,,,,,,,,,,,,,,"",0,,,,,,,,,,,,,0,"",,,,0,""
205,,9,0,4,1,1,0,1,0,0,0,255,255,255,84,6823.951,"Riyaj",R,26,89,140,-0.683,0.312,0.123,2.023,-0.356,1.584,-36.788,21.64,90,10,0,0,"",39.182,-200,4.148,0,0,2,"=","=","=","=","=","=","=","=","=",6,L,"ame_3",179.5,88.183,0.277,,34,W,Y,1,,,,,,,,,,,,,,,,,,,,,,,,,,,,,0,0,,,,,,,,,,,,,,,,,,,,,,,,,,,,,,,,,,,,,,-0.139,-37.37,-0.134,-17.229,-22.116,-49.267,-16.979,-62.67,20.446,-47.013,14.538,-64.213,44.361,-96.077,-0.302,-115.029,-46.485,-97.555,,,,"",,,,"",,,,"",,,,"",,,,"",,,,"",,,,"",,,,"",,,,6828.313,0.237,-36.975,,,,,,,,,,,,,,,,,,,,,,,,,,,,,,,,,,,,,,,,,,,,,,,,,,,,"",0,,,,,,,,,,,,,0,"",,,,0,""
206,,9,0,4,1,1,1,1,0,0,0,255,255,255,85,6870.831,"Riyaj",R,10,82,109,0.892,-0.769,0.322,2.069,0.379,1.712,-36.788,29.809,96,4,0,2,"",0,400,0.534,0,0,2,"=","=","=","=","=","=","=","=","=",6,L,"ame_3",179.5,88.183,0.277,5,34,W,Y,1,6872.06,212,168,175,115,72,,145,86,26.471,-22.722,0.181,0.752,-20.737,1,0,0.414,29.513,-481.354,-236.151,6875.676,34.007,-80.451,6876.196,6,34.75,0.396,-81.506,1,0,,6877.726,,,,,,,,,,,,,,,,,,,,,,,,,,,,,,,,,,,,-0.061,-37.491,0.124,-17.334,-21.77,-48.43,-16.903,-62.585,20.566,-47.065,13.788,-64.673,44.644,-95.951,-0.068,-114.508,-46.267,-97.926,-0.088,-37.28,,"DoYaGee",0.135,-17.374,,"쟈가리코",-21.401,-48.606,,"muyang_",-16.834,-62.351,75,"わだ、、",19.822,-46.48,,"shimenawa",13.659,-64.687,,"_송글_",44.952,-96.304,113,"ByeolBam",-0.069,-114.508,,"ddil_ddil69",-46.472,-97.927,,6884.566,0.033,-39.096,,,,,,,6879.241,1.158,-59.715,,,,,,,6876.948,35.193,-82.618,,,,,,,,,,,,,,,,6883.418,-1.172,-55.173,,,,,,,6877.776,30.179,-77.934,,,,,,,"",2,-22.169,-22.169,-6.856,0,2,0.26,51.709,37.889,34.639,51.343,0.042,-38.643,0,"_송글_",,,,272,""
207,,9,0,4,1,0,0,1,1,0,0,16,255,255,86,6902.831,"Riyaj",R,26,83,135,2.236,0.636,0.4,2.105,0.928,1.852,-36.788,37.786,88,12,0,1,"",22.998,-151.21,-9.286,0,0,3,"=","=","=","=","=","=","=","=","=",2,R,"magimari",190,84.511,0.403,,70,W,Y,0,,,,,,,,,,,,,,,,,,,,,,,,,,,,,0,0,,,,,,,,,,,,6918.555,,,,,,,,,,,,,,,,,,,,,,,,,,-0.012,-37.39,0.076,-17.124,-20.63,-43.096,-14.111,-58.094,18.732,-45.994,8.582,-64.879,44.44,-94.974,0.781,-113.944,-47.232,-96.367,,,,"",,,,"",,,,"",,,,"",,,,"",,,,"",,,,"",,,,"",,,,6907.368,0.216,-37.462,,,,,,,,,,,,,,,,,,,,,,,,,,,,,,,,,,,,,,,,,,,,,,,,,,,,"",0,,,,,,,,,,,,,0,"",,,,0,""
208,,9,0,4,1,1,0,1,1,0,0,16,255,255,87,6922.312,"Riyaj",R,10,73,115,0.844,0.358,0.277,2.249,0.359,2.321,-36.788,38.302,91,9,0,2,"",0,400,6.479,0,0,3,"=","=","=","=","=","=","=","=","=",2,R,"magimari",190,84.511,0.403,5,70,W,Y,1,6923.515,255,142,133,111,65,,145,121,28.594,-61.113,0.156,1.16,-20.448,0.19,0,0.678,338.023,61.079,313.984,6928.275,96.562,-74.404,,,,,,0,0,,,,,,,,,,,,6943.349,,,,,,,,,,,,,,,,,,,,,,,,,,-0.026,-37.457,0.009,-17.087,-19.782,-43.288,-13.724,-57.841,18.721,-45.979,5.809,-64.177,43.984,-94.017,0.269,-115.882,-47.332,-96.339,-0.044,-37.021,,"DoYaGee",0.009,-17.089,,"쟈가리코",-20.631,-47.252,,"muyang_",-13.66,-57.669,,"わだ、、",18.613,-45.483,,"shimenawa",10.926,-65.77,,"_송글_",43.989,-94.015,,"ByeolBam",0.232,-114.455,,"ddil_ddil69",-47.261,-96.381,,,,,,,,,,,,,,,,,,,,,,,,,,,,,,,,,,,,,,,,,,,,,,,,,,,,,,,,"",3,-69.369,-54.084,-15.719,0.568,1,0.53,67.807,54.024,-15.929,46.138,0.063,-148.996,0,"",,,,0,""
209,,9,0,4,1,1,1,1,1,0,0,16,255,255,88,6946.222,"Riyaj",R,10,74,103,-2.129,-0.617,-0.098,2.113,-0.924,1.803,-36.788,25.71,94,6,0,2,"",0,400,6.059,0,0,3,"=","=","=","=","=","=","=","=","=",2,R,"magimari",190,84.511,0.403,3,46,W,Y,1,6947.534,255,204,107,81,74,,145,87,37.471,22.913,-0.399,0.734,-20.127,-1,0,0.744,234.357,-326.448,76.156,6951.634,-23.001,-84.238,6953.051,8,-24.55,1.002,-90.126,1,0,,6954.047,,,,6955.02,,,,,,,,,,,,,,,,,,,,,,,,,,6957.071,5,,,,,-0.281,-37.463,-0.26,-17.226,-20.357,-42.094,-13.903,-58.228,18.816,-45.006,9.034,-65.815,47.32,-95.491,-0.824,-115.064,-47.239,-96.607,-0.152,-37.243,,"DoYaGee",-0.584,-17.342,,"쟈가리코",-20.579,-46.824,,"muyang_",-13.828,-58.034,,"わだ、、",18.31,-44.931,,"shimenawa",10.161,-66.125,62,"_송글_",47.774,-95.291,,"ByeolBam",-1.832,-115.295,,"ddil_ddil69",-47.421,-96.477,115,6960.306,0.055,-38.723,,,,,,,,,,,,,6955.934,-0.027,-59.406,,,,,,,6953.636,-24.949,-90.677,,,,,,,,,,,,,,,,6958.905,0.463,-57.493,,,,,,,6954.37,-21.454,-86.15,"",2,,,,,,,,,,,,,0,"ddil_ddil69",6955.02,,,132,""
210,,9,0,4,1,0,0,1,1,1,0,12,16,255,89,6979.823,"Riyaj",R,27,90,140,-0.792,-0.401,0.12,1.91,-0.37,1.22,-36.788,12.391,50,50,0,0,"",15.139,-138.23,1.484,0,0,4,"=","=","=","=","=","=","=","=","=",4,R,"bdg06213",190,87,0.502,,70,W,Y,0,,,,,,,,,,,,,,,,,,,,,,,,,,,,,0,0,,,,,,,,,,,,6980.161,6980.008,,,,,,,,,,,,,,,,,,,,,,,,,-0.075,-37.482,0.012,-17.407,-21.481,-46.038,-13.778,-58.23,19.323,-45.501,12.284,-65.161,45.77,-96.679,0.03,-111.121,-45.589,-94.499,,,,"",,,,"",,,,"",,,,"",,,,"",,,,"",,,,"",,,,"",,,,6984.864,0.259,-37.654,,,,,,,,,,,,,,,,,,,,,,,,,,,,,,,,,,,,,,,,,,,,,,,,,,,,"",0,,,,,,,,,,,,,0,"",6982.605,,,0,""
211,,9,0,4,1,0,1,1,1,1,0,12,16,255,90,6999.166,"Riyaj",R,27,85,138,0.838,1.307,0.265,2.241,0.301,2.294,-36.788,39.233,85,12,3,1,"",39.899,-130.579,-0.966,0,0,4,"=","=","=","=","=","=","=","=","=",4,R,"bdg06213",190,87,0.502,,70,W,Y,0,,,,,,,,,,,,,,,,,,,,,,,,,,,,,0,0,,,,,,,,,,,,7008.71,7014.144,,,,,,,,,,,,,,,,,,,,,,,,,-0.058,-37.434,0.076,-17.55,-20.761,-46.526,-13.409,-58.898,19.175,-46.059,9.561,-64.987,45.852,-96.097,0.016,-111.692,-45.667,-94.428,,,,"",,,,"",,,,"",,,,"",,,,"",,,,"",,,,"",,,,"",,,,7004.429,0.115,-37.276,,,,,,,,,,,,,,,,,,,,,,,,,,,,,,,,,,,,,,,,,,,,,,,,,,,,"",0,,,,,,,,,,,,,0,"",7001.729,,,0,""
212,,9,0,4,1,1,1,1,1,1,0,12,16,255,91,7015.604,"Riyaj",R,10,81,108,1.639,-1.238,0.426,1.915,0.701,1.377,-36.788,28.412,53,47,0,2,"",0,400,-3.011,0,0,4,"=","=","=","=","=","=","=","=","=",4,R,"bdg06213",190,87,0.502,3,70,W,Y,1,7016.774,255,40,223,102,36,,145,87,20.287,-33.404,0.487,0.941,-22.248,1,0,0.869,-167.642,337.231,-29.622,7018.926,28.238,-70.16,7020.426,6,33.682,0.062,-81.822,1,0,,7022.611,,,,7022.734,,,7022.294,,,,,,,,,,,,,,,,,,,,,,,,,,,,,0.05,-37.446,0.058,-17.447,-20.648,-42.026,-12.989,-58.719,19.152,-45.312,9.438,-65.996,45.878,-96.065,0.048,-111.724,-45.512,-94.338,0.137,-37.167,,"DoYaGee",0.065,-17.561,,"쟈가리코",-20.927,-46.944,,"muyang_",-12.979,-58.649,,"わだ、、",18.916,-44.485,,"shimenawa",10.559,-65.679,,"_송글_",45.817,-96.107,88,"ByeolBam",-0.013,-111.705,,"ddil_ddil69",-45.528,-94.326,,7078.082,0.192,-38.024,7025.886,-0.237,-20.394,,,,,,,,,,,,,7021.238,34.192,-82.682,,,,,,,,,,,,,,,,,,,,,,,,,7021.952,30.504,-78.851,,,,,,,"",2,,,,,,,,,,,,,0,"_송글_",7022.734,7022.294,,80,""
213,,9,0,4,1,0,0,1,1,1,1,14,12,16,92,7084.384,"Riyaj",R,26,89,140,-2.878,-1.088,-0.079,1.766,-1.296,0.754,-36.788,5.842,50,50,0,1,"",32.009,-179.873,4.865,0,0,5,"=","=","=","=","=","=","=","=","=",1,R,"HalF_HearteD",190,82,0.396,,69,W,Y,0,,,,,,,,,,,,,,,,,,,,,,,,,,,,,0,0,,,,,,,,,,,,,7096.02,7084.535,,,,,,,,,,,,,,,,,,,,,,,,-0.168,-37.448,-0.079,-17.307,-20.713,-44.046,-13.333,-57.827,19.398,-45.643,13.248,-65.361,44.653,-95.183,0.1,-110.865,-45.049,-95.252,,,,"",,,,"",,,,"",,,,"",,,,"",,,,"",,,,"",,,,"",,,,7089.322,0.096,-37.157,,,,,,,,,,,,,,,,,,,,,,,,,,,,,,,,,,,,,,,,,,,,,,,,,,,,"",0,,,,,,,,,,,,,0,"",7086.865,7087.001,,0,""
214,,9,0,4,1,1,0,1,1,1,1,14,12,16,93,7098.196,"Riyaj",R,26,83,134,-1.469,0.552,0.057,2.074,-0.664,1.754,-36.788,19.25,91,9,0,2,"",14.911,-200,4.627,0,0,5,"=","=","=","=","=","=","=","=","=",1,R,"HalF_HearteD",190,82,0.396,3,69,W,Y,1,7099.335,255,158,90,104,74,,145,87,27.303,43.779,-0.272,1.231,-20.418,1,0,0.271,262.654,90.489,113.53,7102.363,-47.635,-67.576,7104.292,8,-57.365,0.106,-76.974,1,0,,7106.134,,,,7105.044,,,7106.733,,7106.376,7099.227,,7098.358,,,,,,,,,,,,,,,,,,,,,,7116.184,1,-0.097,-37.518,-0.034,-17.34,-21.147,-43.709,-13.484,-58.392,18.767,-45.049,12.954,-64.165,44.069,-94.536,0.279,-111.227,-45.115,-95.305,0.05,-37.243,,"DoYaGee",-0.114,-17.397,,"쟈가리코",-20.98,-45.915,,"muyang_",-13.449,-58.365,,"わだ、、",18.264,-44.422,,"shimenawa",12.59,-64.119,107,"_송글_",43.736,-94.131,,"ByeolBam",0.279,-111.215,,"ddil_ddil69",-45.089,-95.256,115,,,,7110.251,0.415,-20.804,,,,,,,,,,7108.148,-3.03,-60.141,,,,,,,7104.932,-58.16,-77.575,,,,,,,,,,,,,,,,7108.691,-1.867,-56.959,,,,,,,7105.972,-50.883,-73.596,"",2,,,,,,,,,,,,,0,"ddil_ddil69",7105.044,7106.733,7106.376,196,""
215,,9,0,4,2,0,0,1,1,1,1,11,14,12,0,7449.78,"encounter v",R,30,95,140,-0.963,-0.336,0.536,2.164,-0.298,1.341,-36.676,58.015,69,31,0,0,"",-135.932,-42.934,-100.587,0,0,6,"=","=","=","=","=","=","=","=","=",3,R,"Rite_",169.5,80,0.455,,39,W,Y,0,,,,,,,,,,,,,,,,,,,,,,,,,,,,,0,0,,,,,,,,,,,,,7465.756,7458.317,,,,,,,,,,,,,,,,,,,,,,,,0.103,-37.421,0.026,-17.317,-21.324,-46.991,-13.954,-58.685,17.776,-45.146,10.339,-64.435,40.452,-88.852,0.29,-108.563,-44.129,-92.925,,,,"",,,,"",,,,"",,,,"",,,,"",,,,"",,,,"",,,,"",,,,,,,,,,,,,,,,,,,,,,,,,,,,,,,,,,,,,,,,,,,,,,,,,,,,,,,,,,"",0,,,,,,,,,,,,,0,"",7452.471,7452.543,,0,""
216,,9,0,4,2,0,1,1,1,1,1,11,14,12,1,7467.04,"encounter v",R,10,75,104,-0.89,-2.814,0.471,1.829,-0.399,0.635,-36.676,37.639,100,0,0,4,"",0,400,-8.519,-0.162,-20.509,6,"=","=","=","=","=","=","=","=","=",3,R,"Rite_",169.5,80,0.455,,39,W,Y,1,,,,,,,,,,,,,,,,,,,,,,,,,,,,,0,0,,,,,,,,,,,,7467.246,7483.853,7485.712,,,,,,,,,,,,,,,,,,,,,,,,-0.035,-37.178,0.044,-17.312,-19.994,-45.247,-13.744,-59.266,17.995,-44.42,11.934,-64.245,40.484,-88.815,0.282,-108.421,-44.193,-93.008,,,,"",,,,"",,,,"",,,,"",,,,"",,,,"",,,,"",,,,"",,,,,,,,,,,,,,,,,,,,,,,,,,,,,,,,,,,,,,,,,,,,,,,,,,,,,,,,,,"",0,,,,,,,,,,,,,0,"",7469.721,7469.909,,0,""
217,,9,0,4,2,0,2,1,1,1,1,11,14,12,2,7486.172,"encounter v",R,32,90,140,1.8,1.576,0.696,2.218,0.447,2.265,-36.676,89.292,74,26,0,2,"",250,-200,-42.182,0,0,6,"=","=","=","=","=","=","=","=","=",3,R,"Rite_",169.5,80,0.455,3,39,W,Y,1,7487.218,85,30,27,22,7,,44,46,55.484,27.06,0.339,1.322,-19.491,-0.28,0,0.143,20.473,-70.989,-114.153,,,,7490.875,0,-10.019,2.797,-40.832,0,0,,7492.567,,,,,,,,,,7486.425,7508.096,7516.711,7491.667,6,,449,0,,,,,,,,,,,,,,,,,,,0.093,-37.429,0.024,-17.298,-20.165,-46.191,-13.872,-58.444,18.269,-44.315,9.696,-64.817,40.667,-88.771,0.189,-107.372,-45.302,-93.371,0.499,-37.045,,"DoYaGee",0.033,-17.304,,"쟈가리코",-20.043,-46.014,,"muyang_",-14.106,-58.296,,"わだ、、",17.42,-44.26,,"shimenawa",12.024,-65.192,,"_송글_",40.642,-88.935,,"ByeolBam",0.216,-107.522,,"ddil_ddil69",-45.323,-93.306,,7491.68,-9.846,-41.169,,,,,,,,,,,,,,,,,,,,,,,,,,,,,,,,,,,,,,,,,,,,,,,,,,,,"",1,,,,,,,,,,,,,0,"encounter v",7490.351,7491.211,,8,""
218,,9,0,4,2,0,0,2,1,1,1,11,14,12,3,7518.624,"encounter v",R,5,55,96,0.1,-0.67,0.651,2.061,0.159,1.215,-36.676,73.174,100,0,0,0,"",-60.81,0,0,0,0,7,"=","=","=","=","=","=","=","=","=",8,R,"Pizzallaris",176.4,80,0.504,,68,W,Y,0,,,,,,,,,,,,,,,,,,,,,,,,,,,,,0,0,,,,,,,,,,,,7519.291,7531.183,7530.107,,,,,,,,,,,,,,,,,,,,,,,,0.039,-37.271,0.026,-17.452,-22.725,-47.793,-16.891,-62.587,19.369,-44.859,11.797,-65.632,40.739,-86.646,-0.007,-110.178,-45.599,-93.585,,,,"",,,,"",,,,"",,,,"",,,,"",,,,"",,,,"",,,,"",,,,7524.056,0.367,-37.058,,,,,,,,,,,,,,,,,,,,,,,,,,,,,,,,,,,,,,,,,,,,,,,,,,,,"",0,,,,,,,,,,,,,0,"",7521.811,7522.35,,0,""
219,,9,0,4,2,0,1,2,1,1,1,11,14,12,4,7536.8,"encounter v",R,36,98,140,-0.091,0.027,0.585,2.26,-0.068,1.687,-36.676,72.503,65,35,0,0,"",10.098,124.715,-100.59,0,0,7,"=","=","=","=","=","=","=","=","=",8,R,"Pizzallaris",176.4,80,0.504,,68,W,Y,0,,,,,,,,,,,,,,,,,,,,,,,,,,,,,0,0,,,,,,,,,,,,7537.095,7551.325,7550.901,,,,,,,,,,,,,,,,,,,,,,,,0.085,-37.288,0.024,-17.441,-22.847,-47.552,-16.884,-62.363,19.422,-45.157,12.579,-64.989,41.608,-88.905,0.145,-111.695,-46.534,-94.124,,,,"",,,,"",,,,"",,,,"",,,,"",,,,"",,,,"",,,,"",,,,7541.725,0.427,-36.718,,,,,,,,,,,,,,,,,,,,,,,,,,,,,,,,,,,,,,,,,,,,,,,,,,,,"",0,,,,,,,,,,,,,0,"",7539.967,7539.628,,0,""
220,,9,0,4,2,0,2,2,1,1,1,11,14,12,5,7554.392,"encounter v",R,26,92,140,1.705,1.806,0.608,2.277,0.503,2.447,-36.676,95.435,70,30,0,2,"",165.091,-200,-23.586,0,0,7,"=","=","=","=","=","=","=","=","=",8,R,"Pizzallaris",176.4,80,0.504,3,68,W,Y,1,7555.564,180,42,67,16,0,,130,73,96.425,-81.224,0.312,1.475,-19.413,-1,0,0.389,327.073,29.634,-449.711,7559.972,-41.241,-10.501,,,,,,0,0,,,,,,,,,,,,7554.749,7569.872,7569.329,,,,,,,,,,,,,,,,,,,,,,,,0.048,-37.327,0.002,-17.468,-21.696,-44.486,-17.098,-62.458,19.349,-45.442,12.634,-65.263,42.258,-89.524,0.113,-109.6,-46.464,-94.109,0.249,-37.024,,"DoYaGee",0.015,-17.492,,"쟈가리코",-21.466,-46.269,,"muyang_",-17.029,-62.289,,"わだ、、",18.467,-45.374,,"shimenawa",11.76,-66.127,,"_송글_",42.26,-89.526,,"ByeolBam",-0.614,-109.439,,"ddil_ddil69",-46.476,-94.113,,,,,,,,,,,,,,,,,,,,,,,,,,,,,,,,,,,,,,,,,,,,,,,,,,,,,,,,"",3,,,,,,,,,,,,,0,"",7561.011,7558.303,,0,""
221,,9,0,4,2,0,2,2,1,1,1,11,14,12,6,7578.481,"encounter v",R,7,52,91,1.322,-0.922,0.655,2,0.17,1.072,-36.676,64.444,100,0,0,2,"",163.174,0,0,0,0,7,"=","=","=","=","=","=","=","=","=",8,R,"Pizzallaris",176.4,80,0.504,3,68,W,Y,1,7579.809,204,74,44,54,51,,133,108,15.332,2.078,0.219,0.765,-20.705,0.16,0.143,0.299,-545.046,228.607,103.268,7581.438,-4.234,-82.728,7582.571,7,-5.93,0.453,-96.115,1,0,,7585.177,,,,7584.588,,,7584.842,,7584.883,7578.673,,,,,,,,,,,,,,,,,,,,,,,,,,0.013,-37.17,-0.036,-17.401,-21.925,-46.523,-16.385,-62.339,18.695,-45.079,12.611,-65.587,42.584,-91.018,-0.398,-109.779,-45.081,-95.257,0.332,-36.981,,"DoYaGee",-0.013,-17.518,,"쟈가리코",-21.595,-47.014,,"muyang_",-15.847,-62.617,,"わだ、、",18.344,-45.272,60,"shimenawa",12.352,-65.699,107,"_송글_",42.533,-91.074,,"ByeolBam",-0.484,-110.944,114,"ddil_ddil69",-45.213,-95.182,,7594.845,1.768,-42.65,,,,,,,,,,7588.738,19.346,-40.33,7585.24,-1.832,-66.156,,,,7583.351,-5.981,-97.01,,,,,,,,,,,,,,,,7593.577,17.009,-40.998,7587.744,3.786,-55.421,,,,7584.045,-5.332,-91.358,,,,"",2,,,,,,,,,,,,,0,"ByeolBam",7584.588,7584.842,7584.883,45,""
222,,9,0,4,3,0,0,2,1,1,1,18,11,14,7,7616.359,"encounter v",R,35,95,140,-0.719,0.131,0.486,2.291,-0.528,1.801,-36.676,66.636,71,29,0,2,"",198.986,200,-97.4,0.355,-18.644,8,"=","=","=","=","=","=","=","=","=",7,L,"alcohol500",172,85.415,0.3,5,68,W,Y,1,7617.331,125,49,140,78,23,,138,128,3.593,-40.408,-0.031,0.783,-20.108,0.6,0,0.225,-270.388,-286.556,-125.928,7617.476,22.508,-45.569,7619.817,6,52.629,0.056,-80.731,1,0,,7622.419,,,,7622.378,,,7622.106,,7622.836,,7616.899,,,,,,,,,,,,,,,,,,,,,,,7630.315,1,0.02,-37.396,0.016,-17.263,-21.21,-45.924,-13.666,-60.462,18.769,-45.467,13.971,-64.446,43.537,-92.601,1.65,-110.341,-46.85,-95.067,0.413,-36.992,,"DoYaGee",-0.028,-17.377,121,"쟈가리코",-21.075,-44.461,,"muyang_",-13.666,-60.41,,"わだ、、",18.399,-45.369,96,"shimenawa",13.933,-64.308,,"_송글_",44.067,-93.222,96,"ByeolBam",1.113,-110.926,,"ddil_ddil69",-46.856,-95.041,,7634.378,5.217,-32.026,7626.616,2.019,-21.983,,,,,,,7624.301,19.598,-40.399,,,,7620.689,52.773,-81.764,,,,,,,,,,7633.688,1.349,-19.737,,,,,,,7625.585,14.252,-35.909,,,,7622.112,47.028,-75.928,,,,,,,"",2,-39.422,-39.422,1.407,0,0,1,3.593,3.593,-1.228,3.593,0,-60.224,0,"_송글_",7622.378,7622.106,7622.836,120,""
223,,9,0,4,4,1,0,2,1,1,1,17,18,11,9,7840.082,"encounter v",R,26,85,138,-7.188,-1.255,0.468,2.157,-0.614,1.326,-36.676,57.245,80,20,0,2,"",125.389,-200,0,0,0,0,"=","=","=","=","=","=","=","=","=",5,L,"Pring__",174.7,91.089,0.428,5,68,W,Y,1,7841.167,247,119,109,84,73,,145,84,52.869,1.903,-0.107,0.958,-20.738,-1,0,0.357,478.219,-341.849,30.322,,,,7846.113,5,1.821,2.848,-70.532,0,0,,7846.83,,,,7847.148,,,7846.79,,7846.209,,7841.785,,7847.033,0,,454,0,,,,,,,,,,,,,,,,,,,0.022,-37.297,0.077,-17.401,-22.492,-48.726,-16.192,-62.412,19.669,-46.136,14.047,-64.765,47.053,-94.104,0.554,-112.439,-46.25,-95.511,0.31,-36.96,,"DoYaGee",0.06,-17.452,,"쟈가리코",-22.362,-48.857,,"muyang_",-16.101,-62.255,,"わだ、、",19.16,-45.822,,"shimenawa",13.931,-64.179,88,"_송글_",47.013,-94.138,,"ByeolBam",2.322,-112.346,,"ddil_ddil69",-46.233,-95.48,,,,,,,,,,,,,,,,,7847.043,1.857,-70.939,,,,,,,,,,,,,,,,,,,,,,,,,7848.926,1.123,-68.834,,,,,,,,,,"",1,3.782,3.782,10.468,0,0,1,52.869,52.869,-5.395,52.869,0,-0.289,0,"shimenawa",7847.148,7846.79,7846.209,4,""
224,SIDE,9,0,4,4,0,0,2,1,1,1,17,18,11,,7849.132,,,,,,,,,,,,,,,,,,,,,,,,1,"=","=","=","=","=","=","=","=","=",,,,,,,,,,,,,,,,,,,,,,,,,,,,,,,,,,,,,,,0,0,,,,,,,,,7849.133,,,,,,,,,,,,,,,,,,,,,,,,,,,,,,,,,,,,,,,,,,,,,,,,,,,,,,,,,,,,,,,,,,,,,,,,,,,,,,,,,,,,,,,,,,,,,,,,,,,,,,,,,,,,,,,,,,,,,,,,,,,,,,,,,,,,,,,,"",0,,,,,,,,,,,,,0,"",,7849.133,,0,""
225,,10,1,4,4,0,0,0,1,1,0,7,3,255,12,8075.094,"-Alta-",L,32,75,126,-3.318,-0.301,-0.768,0.927,-1.092,1.493,-36.636,61.38,0,17,83,4,"",-211.166,44.45,-9.116,0,0,1,"ByeolBam","쟈가리코","shimenawa","encounter v","_송글_","わだ、、","DoYaGee","ddil_ddil69","muyang_",2,R,"쟈가리코",190,82,0.45,,71,W,Y,1,,,,,,,,,,,,,,,,,,,,,,,,,,,,,0,0,,,,,,,,,,,,8092.66,8075.271,,,,,,,,,,,,,,,,,,,,,,,,,-0.27,-37.529,-0.231,-16.744,-19.577,-43.78,-13.924,-61.084,20.027,-45.054,7.187,-63.093,45.449,-97.259,1.157,-113.629,-43.942,-93.656,,,,"",,,,"",,,,"",,,,"",,,,"",,,,"",,,,"",,,,"",,,,,,,,,,,,,,,,,,,,,,,,,,,,,,,,,,,,,,,,,,,,,,,,,,,,,,,,,,"",0,,,,,,,,,,,,,0,"",8077.638,,,0,""
226,,10,1,4,4,0,1,0,1,1,0,7,3,255,13,8093.5,"-Alta-",L,32,81,131,-1.276,-0.278,-0.533,0.938,-0.174,1.451,-36.636,36.737,0,7,93,0,"",-250,-8.488,-23.24,0,0,1,"=","=","=","=","=","=","=","=","=",2,R,"쟈가리코",190,82,0.45,,71,W,Y,1,,,,,,,,,,,,,,,,,,,,,,,,,,,,,0,0,,,,,,,,,,,,8112.467,,,,,,,,,,,,,,,,,,,,,,,,,,-0.268,-37.227,-0.384,-16.8,-19.862,-42.42,-12.984,-59.164,20.65,-46.339,4.613,-62.269,45.421,-97.284,0.97,-112.204,-43.951,-93.664,,,,"",,,,"",,,,"",,,,"",,,,"",,,,"",,,,"",,,,"",,,,,,,,,,,,,,,,,,,,,,,,,,,,,,,,,,,,,,,,,,,,,,,,,,,,,,,,,,"",0,,,,,,,,,,,,,0,"",8096.198,,,0,""
227,,10,1,4,4,0,2,0,1,1,0,7,3,255,14,8113.963,"-Alta-",L,32,82,133,0.374,-0.388,-0.383,0.901,0.523,1.332,-36.636,31.574,0,12,88,0,"",-239.734,-65.714,-14.74,0,0,1,"=","=","=","=","=","=","=","=","=",2,R,"쟈가리코",190,82,0.45,,71,W,Y,1,,,,,,,,,,,,,,,,,,,,,,,,,,,,,0,0,,,,,,,,,,,,8133.413,8114.218,,8116.675,1,,578,0,,,,,,,,,,,,,,,,,,,-0.257,-37.273,-0.364,-16.624,-19.747,-41.613,-13.018,-58.662,20.222,-46.763,4.576,-63.395,45.426,-97.319,1.593,-110.589,-43.95,-93.668,,,,"",,,,"",,,,"",,,,"",,,,"",,,,"",,,,"",,,,"",,,,,,,,,,,,,,,,,,,,,,,,,,,,,,,,,,,,,,,,,,,,,,,,,,,,,,,,,,"",0,,,,,,,,,,,,,0,"",8116.647,,,0,""
228,,10,1,4,4,0,0,1,1,1,0,7,3,255,15,8138.602,"-Alta-",L,3,77,117,0.769,-0.486,-0.552,0.867,-0.352,1.356,-36.636,64.048,0,7,93,0,"",408.367,0,-5.831,0,0,2,"=","=","=","=","=","=","=","=","=",5,L,"shimenawa",174.8,94.576,0.295,,67,W,Y,1,,,,,,,,,,,,,,,,,,,,,,,,,,,,,0,0,,,,,,,,,,,,8154.879,8139.433,,,,,,,,,,,,,,,,,,,,,,,,,-0.031,-37.463,0.362,-16.73,-20.034,-40.977,-5.065,-61.888,21.899,-46.651,11.592,-61.402,48.57,-96.579,0.524,-112.454,-43.94,-93.694,,,,"",,,,"",,,,"",,,,"",,,,"",,,,"",,,,"",,,,"",,,,,,,,,,,,,,,,,,,,,,,,,,,,,,,,,,,,,,,,,,,,,,,,,,,,,,,,,,"",0,,,,,,,,,,,,,0,"",8141.424,,,0,""
229,,10,1,4,4,0,1,1,1,1,0,7,3,255,16,8156.786,"-Alta-",L,3,68,111,-0.822,-0.407,-0.552,0.903,-1.104,1.402,-36.636,77.637,0,0,100,2,"",413.536,0,-10.547,0,0,2,"=","=","=","=","=","=","=","=","=",5,L,"shimenawa",174.8,94.576,0.295,0,67,W,Y,1,8157.979,84,120,82,76,10,,125,106,28.075,-25.38,-0.115,0.903,-20.346,0.86,0,0.401,7.739,79.571,-213.114,8161.566,37.438,-101.534,8161.721,6,36.349,1.991,-99.002,0,0,,,,,,,,,,,,8185.05,8185.388,,8162.749,2,,455,0,,,,,,,,,,,,,,,,,,,0.014,-37.317,0.307,-16.734,-19.854,-41.915,-4.815,-62.756,20.862,-45.421,11.622,-61.012,48.39,-96.928,0.795,-112.842,-43.926,-93.703,0.285,-36.493,,"HalF_HearteD",0.232,-16.742,,"magimari",-18.837,-43.067,,"Rite_",-8.206,-62.477,85,"bdg06213",21.105,-46.22,,"Pring__",11.558,-60.902,,"ame_3",48.364,-96.844,118,"alcohol500",0.767,-112.843,,"Pizzallaris",-43.936,-93.688,,8170.072,-1.164,-39.953,,,,,,,8165.867,0.623,-59.877,,,,,,,8162.763,36.787,-99.634,,,,,,,,,,,,,,,,8168.983,-1.166,-58.219,,,,,,,8163.981,32.47,-92.366,,,,,,,"",1,,,,,,,,,,,,,0,"ame_3",8163.724,,,70,""
230,,10,1,4,4,0,0,2,1,1,0,7,3,255,17,8185.732,"-Alta-",L,32,81,132,-2.197,-0.06,-0.613,0.971,-0.543,1.559,-36.636,39.847,0,5,95,2,"",-250,-7.884,-15.274,0,0,3,"=","=","=","=","=","=","=","=","=",0,L,"encounter v",190,86.067,0.42,5,67,W,Y,1,8186.707,208,161,101,73,32,,145,95,-40.011,16.246,-0.395,0.969,-20.111,-0.72,0,0.369,422.084,-161.203,127.721,8185.729,-0.696,-21.15,8188.121,3,-10.119,1.23,-53.787,0,0,,8192.241,,,,8191.462,,,8191.449,,,,,,8191.355,3,,147,64,,,,,,,,,,,,,,,,,,,-0.349,-37.341,-0.232,-16.616,-19.811,-42.639,-6.618,-62.799,22.618,-47.369,15.588,-63.286,49.653,-96.345,2.627,-111.71,-43.031,-93.392,-0.088,-36.482,,"HalF_HearteD",-0.222,-16.751,,"magimari",-19.467,-42.594,,"Rite_",-10.642,-62.339,97,"bdg06213",21.894,-46.946,,"Pring__",15.459,-62.968,,"ame_3",49.617,-96.322,,"alcohol500",2.738,-111.823,,"Pizzallaris",-43.07,-93.373,,,,,,,,8190.774,-18.789,-40.802,8189.136,-10.54,-54.665,,,,,,,,,,,,,,,,,,,,,,,,,8190.072,-12.975,-50.465,,,,,,,,,,,,,,,,"",2,16.223,16.223,-12.448,0,0,1,-40.011,-40.011,-74.469,-40.011,0,29.382,0,"Rite_",8191.462,8191.449,,72,""
231,SIDE,10,1,4,4,0,0,2,0,1,1,255,7,3,,8192.932,,,,,,,,,,,,,,,,,,,,,,,,4,"=","=","=","=","=","=","=","=","=",,,,,,,,,,,,,,,,,,,,,,,,,,,,,,,,,,,,,,,0,0,,,,,,,,,,,,,,,,,,,,,,,,,,,,,,,,,,,,,,,,,,,,,,,,,,,,,,,,,,,,,,,,,,,,,,,,,,,,,,,,,,,,,,,,,,,,,,,,,,,,,,,,,,,,,,,,,,,,,,,,,,,,,,,,,,,,,,,,,,,,,,,,,"",0,,,,,,,,,,,,,0,"",,,,0,""
232,,10,0,4,4,0,0,0,1,1,0,15,17,255,10,8250.412,"encounter v",R,13,89,126,-3.208,-0.826,0.417,2.187,-0.85,1.45,-36.676,59.434,90,10,0,1,"",-356.14,350.948,0,-1.552,-16.757,1,"Pring__","-Alta-","ame_3","magimari","bdg06213","HalF_HearteD","Rite_","Pizzallaris","alcohol500",0,L,"-Alta-",190,86,0.499,,66,W,Y,0,,,,,,,,,,,,,,,,,,,,,,,,,,,,,0,0,,,,,,,,,,,,8254.433,8254.672,,,,,,,,,,,,,,,,,,,,,,,,,-0.04,-37.362,0.032,-17.583,-20.462,-43.204,-11.124,-59.779,20.021,-46.201,8.84,-65.822,45.635,-93.845,0.079,-113.619,-45.619,-97.494,,,,"",,,,"",,,,"",,,,"",,,,"",,,,"",,,,"",,,,"",,,,,,,,,,,,,,,,,,,,,,,,,,,,,,,,,,,,,,,,,,,,,,,,,,,,,,,,,,"",0,,,,,,,,,,,,,0,"",8253.298,,,0,""
233,,10,0,4,4,1,0,0,1,1,0,15,17,255,11,8284.331,"encounter v",R,10,62,95,-0.269,-1.579,0.658,2.015,0.179,1.146,-36.676,66.121,100,0,0,4,"",-138.203,326.207,0,-0.157,-18.696,1,"=","=","=","=","=","=","=","=","=",0,L,"-Alta-",190,86,0.499,,63,W,Y,1,,,,,,,,,,,,,,,,,,,,,,,,,,,,,0,0,,,,,,,,,,,,8287.188,8300.577,,,,,,,,,,,,,,,,,,,,,,,,,0.051,-37.273,-0.018,-17.437,-20.721,-45.895,-9.136,-58.598,20.296,-45.083,15.013,-63.884,41.184,-90.896,0.272,-111.691,-45.622,-97.537,,,,"",,,,"",,,,"",,,,"",,,,"",,,,"",,,,"",,,,"",,,,,,,,,,,,,,,,,,,,,,,,,,,,,,,,,,,,,,,,,,,,,,,,,,,,,,,,,,"",0,,,,,,,,,,,,,0,"",8287.786,,,0,""
234,,10,0,4,4,1,1,0,1,1,0,15,17,255,12,8301.102,"encounter v",R,10,96,120,0.215,-2.529,0.625,1.668,0.077,0.397,-36.676,41.387,54,46,0,4,"",0,400,0,0.05,-20.726,1,"=","=","=","=","=","=","=","=","=",0,L,"-Alta-",190,86,0.499,,63,W,Y,1,,,,,,,,,,,,,,,,,,,,,,,,,,,,,0,0,,,,,,,,,,,,,8314.421,,,,,,,,,,,,,,,,,,,,,,,,,0.09,-37.173,0,-17.438,-20.01,-41.517,-5.329,-59.924,19.978,-45.731,14.236,-64.711,42.659,-91.961,0.353,-111.744,-46.021,-97.453,,,,"",,,,"",,,,"",,,,"",,,,"",,,,"",,,,"",,,,"",,,,,,,,,,,,,,,,,,,,,,,,,,,,,,,,,,,,,,,,,,,,,,,,,,,,,,,,,,"",0,,,,,,,,,,,,,0,"",8303.954,,,0,""
235,,10,0,4,4,1,2,0,1,1,0,15,17,255,13,8315.858,"encounter v",R,30,98,140,-2.039,0.172,0.441,2.044,-0.74,1.635,-36.676,42.733,70,30,0,1,"",-117.922,-76.089,0,0,0,1,"=","=","=","=","=","=","=","=","=",0,L,"-Alta-",190,86,0.499,,63,W,Y,0,,,,,,,,,,,,,,,,,,,,,,,,,,,,,0,0,,,,,,,,,,,,8316.521,8329.04,,,,,,,,,,,,,,,,,,,,,,,,,0.01,-37.251,-0.015,-17.451,-19.858,-41.487,-6.855,-60.226,20.814,-45.197,13.901,-63.999,44.773,-93.547,0.424,-111.652,-45.947,-96.433,,,,"",,,,"",,,,"",,,,"",,,,"",,,,"",,,,"",,,,"",,,,,,,,,,,,,,,,,,,,,,,,,,,,,,,,,,,,,,,,,,,,,,,,,,,,,,,,,,"",0,,,,,,,,,,,,,0,"",8319.597,,,0,""
236,,10,0,4,4,2,2,0,1,1,0,15,17,255,14,8330.232,"encounter v",R,10,83,124,0.687,-1.879,0.66,2.003,0.281,0.854,-36.676,55.09,100,0,0,1,"",0,400,0,0.083,-19.108,1,"=","=","=","=","=","=","=","=","=",0,L,"-Alta-",190,86,0.499,,63,W,Y,0,,,,,,,,,,,,,,,,,,,,,,,,,,,,,0,0,,,,,,,,,,,,,8343.112,,,,,,,,,,,,,,,,,,,,,,,,,0.104,-37.33,0.021,-17.472,-20.284,-42.645,-6.587,-58.476,20.127,-45.681,14.067,-64.508,44.826,-93.589,1.459,-111.886,-46.009,-96.528,,,,"",,,,"",,,,"",,,,"",,,,"",,,,"",,,,"",,,,"",,,,,,,,,,,,,,,,,,,,,,,,,,,,,,,,,,,,,,,,,,,,,,,,,,,,,,,,,,"",0,,,,,,,,,,,,,0,"",8333.359,,,0,""
237,,10,0,4,4,3,2,0,1,1,0,15,17,255,15,8343.121,"encounter v",R,0,96,140,-1.374,-0.953,0.461,2.042,-0.648,0.981,-36.676,45.068,73,27,0,0,"",30.721,-6.891,-58.523,0,0,1,"=","=","=","=","=","=","=","=","=",0,L,"-Alta-",190,86,0.499,,63,W,Y,0,,,,,,,,,,,,,,,,,,,,,,,,,,,,,0,0,,,,,,,,,,,,8343.318,8366.308,,8345.575,1,,578,0,,,,,,,,,,,,,,,,,,,0.065,-37.244,0.006,-17.472,-20.037,-41.972,-2.815,-60.18,20.315,-45.456,15.287,-63.9,45.267,-94.061,0.423,-112.299,-46.007,-96.489,,,,"",,,,"",,,,"",,,,"",,,,"",,,,"",,,,"",,,,"",,,,,,,,,,,,,,,,,,,,,,,,,,,,,,,,,,,,,,,,,,,,,,,,,,,,,,,,,,"",0,,,,,,,,,,,,,0,"",8346.749,,,0,""
238,,10,0,4,4,0,0,1,1,1,0,15,17,255,16,8366.848,"encounter v",R,29,97,140,-2.185,-0.306,0.447,2.17,-0.714,1.38,-36.676,60.538,72,28,0,1,"",-250,-16.884,-94.964,0,0,2,"=","=","=","=","=","=","=","=","=",6,L,"ame_3",179.5,88.183,0.277,,35,W,Y,0,,,,,,,,,,,,,,,,,,,,,,,,,,,,,0,0,,,,,,,,,,,,8380.481,8380.679,,,,,,,,,,,,,,,,,,,,,,,,,-0.011,-37.205,-0.003,-17.484,-20.669,-44.833,-10.16,-58.432,19.518,-45.145,12.211,-65.202,45.328,-94.269,0.482,-112.27,-45.81,-96.254,,,,"",,,,"",,,,"",,,,"",,,,"",,,,"",,,,"",,,,"",,,,,,,,,,,,,,,,,,,,,,,,,,,,,,,,,,,,,,,,,,,,,,,,,,,,,,,,,,"",0,,,,,,,,,,,,,0,"",8370.257,,,0,""
239,,10,0,4,4,1,0,1,1,1,0,15,17,255,17,8381.731,"encounter v",R,26,89,140,-0.366,1.024,0.516,2.366,-0.391,2.05,-36.676,78.499,76,24,0,0,"",157.629,-200,2.048,0,0,2,"=","=","=","=","=","=","=","=","=",6,L,"ame_3",179.5,88.183,0.277,,35,W,Y,0,,,,,,,,,,,,,,,,,,,,,,,,,,,,,0,0,,,,,,,,,,,,8396.445,8396.104,,,,,,,,,,,,,,,,,,,,,,,,,0.1,-37.374,-0.008,-17.463,-20.57,-43.75,-5.079,-59.125,19.494,-45.04,14.209,-63.453,45.756,-95.283,0.365,-112.225,-46.036,-96.461,,,,"",,,,"",,,,"",,,,"",,,,"",,,,"",,,,"",,,,"",,,,,,,,,,,,,,,,,,,,,,,,,,,,,,,,,,,,,,,,,,,,,,,,,,,,,,,,,,"",0,,,,,,,,,,,,,0,"",8384.848,,,0,""
240,,10,0,4,4,1,1,1,1,1,0,15,17,255,18,8398.316,"encounter v",R,10,50,85,-2.136,-1.857,0.395,2.086,-0.635,1.279,-36.676,104.782,100,0,0,2,"",-118.994,400,0,0,0,2,"=","=","=","=","=","=","=","=","=",6,L,"ame_3",179.5,88.183,0.277,5,35,W,Y,1,8399.696,255,177,6,101,70,,45,47,-3.265,-0.699,-0.321,0.596,-21.623,-1,0,0.51,137.619,309.343,-202.126,8398.946,-0.3,-26.254,8400.063,0,0.135,0.057,-33.806,0,0,,8405.544,,,,8404.499,,,8404.596,,,,,,8403.335,8,2,181,8,8405.425,2,,147,32,,,,,,,,,,,,,,0.097,-37.259,-0.006,-17.444,-20.788,-43.314,-8.934,-58.36,19.097,-44.779,14.351,-64.251,46.061,-95.446,0.406,-111.951,-46.329,-96.563,0.256,-36.904,120,"DoYaGee",-0.106,-17.56,,"쟈가리코",-20.524,-46.994,,"muyang_",-9.444,-57.716,,"わだ、、",18.691,-44.506,114,"shimenawa",13.948,-64.394,,"_송글_",46.903,-95.644,,"ByeolBam",0.428,-111.932,,"ddil_ddil69",-46.308,-96.499,,8401.128,-0.158,-34.827,,,,8404.88,-17.593,-39.527,,,,8402.713,18.602,-40.17,,,,,,,,,,,,,8401.952,4.357,-36.279,,,,,,,,,,8403.419,15.072,-40.192,,,,,,,,,,,,,"",2,2.614,2.614,31.849,0,0,1,-3.265,-3.265,-19.843,-3.265,0,-25.617,0,"encounter v",8404.499,8404.596,,42,""
241,END,11,1,4,4,0,0,0,0,0,0,255,255,255,,8463.934,,,,,,,,,,,,,,,,,,,,,,,,,,,,,,,,,,,,,,,,,,,,,,,,,,,,,,,,,,,,,,,,,,,,,,,,,,,,,,,,,,,,,,,,,,,,,,,,,,,,,,,,,,,,,,,,,,,,,,,,,,,,,,,,,,,,,,,,,,,,,,,,,,,,,,,,,,,,,,,,,,,,,,,,,,,,,,,,,,,,,,,,,,,,,,,,,,,,,,,,,,,,,,,,,,,,,,,,,,,,,,,,,,,,,,,,,,,,,,,"{""schemaVersion"":16,""gameTimeZeroUtc"":""2026-09-06T11:51:22.465Z"",""exportedAtUtc"":""2026-09-06T14:12:26.399Z"",""teamNameA"":""KW"",""teamNameB"":""AT""}"
