id,type,inn,half,scoreA,scoreB,ball,strk,out,b1,b2,b3,b1Idx,b2Idx,b3Idx,pCnt,pSec,pName,pHand,pType,pPow,spdK,zoneX,zoneY,startX,startY,targetX,targetY,zDist,pitchAngle,pOver,pSide,pUnder,call,manual,sH,sV,gyro,plx,plz,bIdx,order1Name,order2Name,order3Name,order4Name,order5Name,order6Name,order7Name,order8Name,order9Name,bPos,bZone,bName,bHCm,batLen,batCen,batType,bFps,bOS,bVR,bSwing,hSec,rotS,rotL,shS,lgS,prepS,gripPen,batSpd,ev,ldeg,sdeg,launchPosX,launchPosY,launchPosZ,hPos,buntGrip,handDist,angVeloX,angVeloY,angVeloZ,ltSec,lx,lz,cSec,cPos,cx,cy,cz,1BSafe,tag,cpSec,bTo1Sec,bTo2Sec,bTo3Sec,bToHSec,r1To2Sec,r1To3Sec,r1ToHSec,r2To3Sec,r2ToHSec,r3ToHSec,r1LeaveSec,r2LeaveSec,r3LeaveSec,out1Sec,out1BatterIndex,out1PrevBase,out1Code,out1Ass,out2Sec,out2BatterIndex,out2PrevBase,out2Code,out2Ass,out3Sec,out3BatterIndex,out3PrevBase,out3Code,out3Ass,ball1Sec,ball1Pos,ball2Sec,ball2Pos,ball3Sec,ball3Pos,ballHSec,ballHPos,PitchPPosX,PitchPPosZ,PitchCPosX,PitchCPosZ,Pitch1BPosX,Pitch1BPosZ,Pitch2BPosX,Pitch2BPosZ,Pitch3BPosX,Pitch3BPosZ,PitchSSPosX,PitchSSPosZ,PitchLFPosX,PitchLFPosZ,PitchCFPosX,PitchCFPosZ,PitchRFPosX,PitchRFPosZ,PPosX,PPosY,PThrSpd,CName,CPosX,CPosY,CThrSpd,1BName,1BPosX,1BPosY,1BThrSpd,2BName,2BPosX,2BPosY,2BThrSpd,3BName,3BPosX,3BPosY,3BThrSpd,SSName,SSPosX,SSPosY,SSThrSpd,LFName,LFPosX,LFPosY,LFThrSpd,CFName,CFPosX,CFPosY,CFThrSpd,RFName,RFPosX,RFPosY,RFThrSpd,PGetSec,PGetX,PGetZ,CGetSec,CGetX,CGetZ,1BGetSec,1BGetX,1BGetZ,2BGetSec,2BGetX,2BGetZ,3BGetSec,3BGetX,3BGetZ,SSGetSec,SSGetX,SSGetZ,LFGetSec,LFGetX,LFGetZ,CFGetSec,CFGetX,CFGetZ,RFGetSec,RFGetX,RFGetZ,PThrSec,PThrX,PThrZ,CThrSec,CThrX,CThrZ,1BThrSec,1BThrX,1BThrZ,2BThrSec,2BThrX,2BThrZ,3BThrSec,3BThrX,3BThrZ,SSThrSec,SSThrX,SSThrZ,LFThrSec,LFThrX,LFThrZ,CFThrSec,CFThrX,CFThrZ,RFThrSec,RFThrX,RFThrZ,errPosDelta,result,swPreDeg,swTargetDeg,swApproachDeg,swCorr,swSource,swProximity,swVRawDeg,swVAdjustedDeg,swVMotionDeg,swVClosestDeg,swVYShrink,swGeometryDeg,balk,cPlr,sb2Sec,sb3Sec,sbhSec,ass,remarks
1,,1,1,0,0,0,0,0,0,0,0,255,255,255,0,199.379,"Riyaj",R,4,64,112,-1.407,-0.454,0.145,1.936,-0.258,1.416,-36.788,18.224,43,57,0,0,"",-224.831,68.511,5.947,0,0,0,"CoalCat","muyang_","ke ro","shuwaYNZ","ゆっち一","","","","",5,R,"CoalCat",174.9,82.838,0.435,,41,W,Y,0,,,,,,,,,,,,,,,,,,,,,,,,,,,,,0,0,,,,,,,,,,,,,,,,,,,,,,,,,,,,,,,,,,,,,,,,-0.167,-17.418,-20.141,-48.403,-13.987,-63.259,18,-44.059,13.088,-64.625,40.944,-90.691,0,-109.88,-40.844,-90.591,,,,"",,,,"",,,,"",,,,"",,,,"",,,,"",,,,"",,,,"",,,,,,,,,,,,,,,,,,,,,,,,,,,,,,,,,,,,,,,,,,,,,,,,,,,,,,,,,,"",0,,,,,,,,,,,,,0,"",,,,0,""
2,,1,1,0,0,0,1,0,0,0,0,255,255,255,1,210.401,"Riyaj",R,10,61,106,0.807,-0.247,0.302,2.111,0.476,2.032,-36.788,41.168,91,9,0,2,"",0,398.402,0.339,0,0,0,"=","=","=","=","=","","","","",5,R,"CoalCat",174.9,82.838,0.435,0,41,W,Y,1,211.808,87,79,36,64,53,,98,69,-20.546,-25.023,0.292,0.798,-20.314,-1,0,0.391,-199.564,-230.799,387.71,211.189,1.181,-22.202,214.506,5,16.444,0.058,-56.523,1,0,,217.363,,,,,,,,,,,,,,,,,,,,,,,,,,,,,,,,,,,,,,0.012,-17.522,-20.553,-45.91,-13.862,-63.294,18.017,-44.033,12.761,-65.144,40.907,-90.657,0,-109.85,-40.807,-90.557,0,0,,"mochi_2929",-0.044,-17.567,,"소솨소솨",-20.527,-45.353,82,"_Gosomi",-14.092,-63.538,,"눈꽃",18.013,-44.054,,"아침땅_",13.128,-65.063,103,"AI",40.9,-90.65,,"AI",0,-109.84,,"AI",-40.8,-90.55,,221.601,-0.494,-38.206,,,,217.472,-19.304,-39.955,,,,,,,215.146,16.465,-57.459,,,,,,,,,,,,,,,,220.504,-18.055,-39.28,,,,,,,215.765,13.609,-55.95,,,,,,,,,,"",2,,,,,,,,,,,,,0,"아침땅_",,,,42,""
3,,1,1,0,0,0,0,0,1,0,0,5,255,255,2,235.142,"Riyaj",R,26,86,140,-0.012,0.359,0.175,1.986,-0.115,1.59,-36.788,26.256,90,10,0,2,"",85.709,-200,-6.846,0,0,1,"=","=","=","=","=","","Mr․D VRC","","",3,R,"muyang_",171.4,80,0.498,3,40,W,Y,1,236.172,180,255,107,102,27,,145,80,16.766,29.433,-0.003,1.022,-20.298,-1,0,0.424,-160.668,302.237,379.085,,,,237.373,2,-16.166,2.933,-46.806,0,0,,,,,,,,,,,,235.748,,,238.163,1,,451,0,240.562,0,1,659,0,,,,,,240.562,2,,,,,,,,,0.005,-17.604,-18.977,-43.53,-13.602,-62.282,16.928,-45.12,6.902,-62.649,40.922,-90.67,0,-109.86,-40.815,-90.564,0,0,,"mochi_2929",-0.048,-17.548,,"소솨소솨",-18.876,-43.457,85,"_Gosomi",-13.562,-62.242,,"눈꽃",16.926,-45.091,,"아침땅_",6.865,-62.279,,"AI",40.9,-90.65,,"AI",0,-109.84,,"AI",-40.8,-90.55,,243.747,-0.19,-38.062,,,,238.169,-16.974,-46.894,,,,,,,,,,,,,,,,,,,,,,,,,242.637,-18.154,-39.477,,,,,,,,,,,,,,,,,,,"",1,,,,,,,,,,,,,0,"소솨소솨",,,,10,""
4,,1,1,0,0,0,0,2,0,0,0,255,255,255,3,257.015,"Riyaj",R,26,81,131,0.619,0.334,0.238,1.992,0.175,1.615,-36.788,26.621,89,11,0,0,"",66.582,-200,-8.666,0,0,2,"=","=","=","=","=","","=","","",1,R,"ke ro",190,80.196,0.367,,58,W,Y,1,,,,,,,,,,,,,,,,,,,,,,,,,,,,,0,0,,,,,,,,,,,,,,,,,,,,,,,,,,,,,,,,,,,,,,,,-0.054,-17.545,-19.33,-45.075,-14.491,-63.164,19.932,-45.183,12.355,-64.893,40.915,-90.664,0,-109.86,-40.815,-90.564,,,,"",,,,"",,,,"",,,,"",,,,"",,,,"",,,,"",,,,"",,,,261.126,-0.005,-37.297,,,,,,,,,,,,,,,,,,,,,,,,,,,,,,,,,,,,,,,,,,,,,,,,,,,,"",0,,,,,,,,,,,,,0,"",,,,0,""
5,,1,1,0,0,0,1,2,0,0,0,255,255,255,4,271.105,"Riyaj",R,26,84,137,-0.766,-0.959,0.162,1.95,-0.178,1.482,-36.788,18.512,49,51,0,2,"",108.404,-172.74,-2.392,0,0,2,"=","=","=","=","=","","=","","",1,R,"ke ro",190,80.196,0.367,0,58,W,Y,1,272.098,117,60,74,46,0,,136,87,19.841,-2.867,-0.008,1.024,-20.145,-1,0,0.634,346.547,-114.934,-24.095,275.373,4.982,-89.825,276.106,7,5.313,0.508,-93.473,1,0,,278.193,,,,,,,,,,,,,,,,,,,,,,,,,,,,,,281.187,3,,,,,,,-0.014,-17.637,-19.333,-45.072,-14.591,-62.978,19.858,-45.062,11.744,-65.2,40.915,-90.664,0,-109.85,-40.815,-90.564,0,0,,"mochi_2929",-0.037,-17.637,,"소솨소솨",-19.263,-45.031,,"_Gosomi",-14.409,-62.952,90,"눈꽃",19.811,-45.098,,"아침땅_",11.766,-65.669,,"AI",40.9,-90.65,,"AI",0,-109.84,,"AI",-40.8,-90.55,,283.584,-0.056,-38.273,,,,,,,279.888,0.666,-61.998,,,,,,,,,,,,,,,,,,,,,,,,,282.483,0.361,-56.747,,,,,,,,,,,,,,,,"",2,,,,,,,,,,,,,0,"AI",,,,12,""
6,,1,1,0,0,0,0,2,1,0,0,1,255,255,5,297.604,"Riyaj",R,13,78,115,-0.55,-0.468,0.254,2.024,0.253,1.719,-36.788,36.684,86,14,0,0,"",-323.23,381.474,9.404,-0.372,-15.663,3,"=","=","=","=","=","","=","","",4,R,"shuwaYNZ",190,82.084,0.381,,40,W,Y,0,,,,,,,,,,,,,,,,,,,,,,,,,,,,,0,0,,,,,,,,,,,,306.366,,,,,,,,,,,,,,,,,,,,,,,,,,,,-0.157,-17.891,-19.761,-42.84,-13.592,-63.458,19.625,-44.135,12.234,-65.008,40.922,-90.671,0,-109.86,-40.822,-90.571,,,,"",,,,"",,,,"",,,,"",,,,"",,,,"",,,,"",,,,"",,,,301.974,-0.155,-36.998,,,,,,,,,,,,,,,,,,,,,,,,,,,,,,,,,,,,,,,,,,,,,,,,,,,,"",0,,,,,,,,,,,,,0,"",,,,0,""
7,,1,1,0,0,0,1,2,1,0,0,1,255,255,6,310.006,"Riyaj",R,0,81,132,0.042,0.091,0.203,2.002,0.012,1.648,-36.788,33.767,78,21,1,0,"",0,0,3.658,0,0,3,"=","=","=","=","=","","=","","",4,R,"shuwaYNZ",190,82.084,0.381,,40,W,Y,0,,,,,,,,,,,,,,,,,,,,,,,,,,,,,0,0,,,,,,312.153,,,,,,,,,,,,,,,,,,,,,,,,,,,,,,,,,,-0.113,-17.81,-20.132,-44.77,-4.752,-63.266,19.464,-44.173,9.909,-66.139,40.907,-90.657,0,-109.85,-40.807,-90.557,,,,"",,,,"",,,,"",,,,"",,,,"",,,,"",,,,"",,,,"",,,,312.835,-0.037,-37.488,,,,,,,,,,,,,,,,,,,,,,,,,,,,,,,,,,,,,,,,,,,,,,,,,,,,"",0,,,,,,,,,,,,,0,"",312.153,,,0,""
8,,1,1,0,0,0,2,2,0,1,0,255,1,255,7,327.613,"Riyaj",R,10,66,109,0.819,-1.721,0.275,1.822,0.349,1.067,-36.788,30.06,57,43,0,4,"",0,400,1.644,-0.159,-20.252,3,"=","=","=","=","=","","=","","",4,R,"shuwaYNZ",190,82.084,0.381,,40,W,Y,1,,,,,,,,,,,,,,,,,,,,,,,,,,,,,0,0,,,,,,,,,,,,,328.208,,334.654,3,,147,16,,,,,,,,,,,,,,,,,,,,,-0.106,-18.048,-20.157,-44.776,-15.067,-63.991,18.216,-44.415,12.127,-65.115,40.922,-90.67,0,-109.86,-40.822,-90.57,,,,"",,,,"",,,,"",,,,"",,,,"",,,,"",,,,"",,,,"",,,,,,,,,,,,,,,,,,,,,,,,,,,,,,,,,,,,,,,,,,,,,,,,,,,,,,,,,,"",0,,,,,,,,,,,,,0,"",,,,0,""
9,SIDE,1,1,0,0,0,0,2,0,1,0,255,1,255,,335.32,,,,,,,,,,,,,,,,,,,,,,,,4,"=","=","=","=","=","","=","","",,,,,,,,,,,,,,,,,,,,,,,,,,,,,,,,,,,,,,,0,0,,,,,,,,,,,,,,,,,,,,,,,,,,,,,,,,,,,,,,,,,,,,,,,,,,,,,,,,,,,,,,,,,,,,,,,,,,,,,,,,,,,,,,,,,,,,,,,,,,,,,,,,,,,,,,,,,,,,,,,,,,,,,,,,,,,,,,,,,,,,,,,,,"",0,,,,,,,,,,,,,0,"",,,,0,""
10,,1,0,0,0,0,0,0,0,0,0,255,255,255,0,426.061,"인생최패망자",R,26,97,140,-1.713,0.291,0.298,1.646,-0.938,1.64,-36.69,24.394,2,98,0,2,"",151.959,-174.793,16.786,0,0,0,"눈꽃","소솨소솨","_Gosomi","","mochi_2929","아침땅_","","","",4,L,"눈꽃",190,90,0.597,5,40,W,Y,1,427.37,164,122,67,69,38,,139,115,25.96,13.028,-0.324,1.118,-20.172,0.13,0,0.371,352.656,-95.714,161.286,431.423,-22.21,-119.174,433.756,7,-22.252,0.057,-129.762,1,0,,432.941,437.47,,,,,,,,,,,,,,,,,,,,,,,,,,,,,,,,,,,,,-0.011,-17.575,-21.384,-47.082,-16.973,-62.786,21.259,-47.235,12.534,-61.249,40.929,-90.677,3.012,-118.708,-40.83,-90.577,0,0,,"ke ro",-0.076,-17.562,,"ゆっち一",-21.233,-46.962,,"muyang_",-16.58,-63.07,,"shuwaYNZ",21.188,-47.216,,"CoalCat",12.514,-61.166,69,"AI",40.9,-90.65,,"Mr․D VRC",3.187,-118.475,100,"AI",-40.8,-90.55,,442.906,0.115,-38.76,,,,,,,,,,,,,439.398,0.162,-59.397,,,,434.777,-22.376,-128.436,,,,,,,,,,,,,,,,,,,441.547,2.319,-57.992,,,,436.124,-18.491,-122.399,,,,"",2,14.808,14.808,21.509,0,1,0.634,50.177,33.965,52.257,62.566,0.051,-45.658,0,"Mr․D VRC",437.47,,,97,""
11,,1,0,0,0,0,0,0,0,1,0,255,14,255,1,456.747,"인생최패망자",R,27,99,140,-1.078,0.433,0.368,1.686,-0.616,1.769,-36.69,25.54,5,95,0,2,"",112.469,-128.804,4.285,0,0,1,"=","=","=","","=","=","","","",2,R,"소솨소솨",190,89.933,0.503,5,40,W,Y,1,457.818,221,72,109,43,18,,145,131,30.684,7.007,-0.295,1.19,-20.717,0.5,0,0.489,534.876,268.098,-45.069,463.056,-23.229,-141.693,,,,,,0,0,,464.126,468.868,474.205,479.23,,,,464.711,469.926,,,,,,,,,,,,,,,,,,,,,,,,,,,,,,-0.042,-17.548,-21.6,-48.301,-14.296,-61.537,18.746,-46.577,5.807,-61.105,40.915,-90.664,0.855,-117.456,-40.815,-90.564,0,0,,"ke ro",-0.098,-17.548,,"ゆっち一",-21.817,-48.171,,"muyang_",-14.277,-61.51,,"shuwaYNZ",18.595,-46.494,,"CoalCat",5.69,-61.002,,"AI",40.9,-90.65,,"Mr․D VRC",0.865,-117.823,,"AI",-40.8,-90.55,,,,,,,,,,,,,,,,,,,,,,,,,,,,,,,,,,,,,,,,,,,,,,,,,,,,,,,,"",4,8.693,8.693,7.493,0,0,1,57.532,57.532,52.292,57.532,0,7.434,0,"",468.868,464.711,469.926,0,""
12,,1,0,0,2,0,0,0,0,0,0,255,255,255,2,496.38,"인생최패망자",R,33,89,140,2.721,0.898,0.713,1.752,0.992,2.013,-36.69,63.772,6,94,0,2,"",144.242,-111.626,1.756,0,0,2,"=","=","=","","=","=","","","",3,R,"_Gosomi",175,86.314,0.433,5,40,W,Y,1,497.493,79,28,89,103,67,,124,72,-47.977,-20.506,0.503,1.226,-20.352,-1,0,0.265,385.174,-181.304,-269.025,496.439,0.867,-21.329,499.506,4,11.026,0.067,-48.603,0,0,,503.167,,,,,,,,,,,,,503.48,2,,147,8,,,,,,,,,,,,,,,,,,,,,-0.024,-17.43,-20.185,-46.717,-16.184,-63.281,19.613,-47.734,10.144,-62.69,40.915,-90.664,-0.356,-114.419,-40.808,-90.557,0,0,,"ke ro",0.019,-17.416,,"ゆっち一",-19.843,-47.062,78,"muyang_",-16.879,-65.184,,"shuwaYNZ",19.633,-47.733,95,"CoalCat",9.843,-62.206,,"AI",40.9,-90.65,,"Mr․D VRC",-0.254,-114.18,,"AI",-40.8,-90.55,,506.358,-0.12,-38.144,,,,502.896,-17.944,-39.176,,,,500.627,11.885,-48.211,,,,,,,,,,,,,,,,,,,505.275,-17.323,-39.609,,,,501.476,7.993,-47.967,,,,,,,,,,,,,"",2,-20.145,-20.145,-2.852,0,0,1,-47.977,-47.977,-71.724,-47.977,0,-22.228,0,"shuwaYNZ",,,,56,""
13,,1,0,0,2,0,0,1,0,0,0,255,255,255,3,517.292,"인생최패망자",R,26,91,140,2.171,0.981,0.646,1.772,0.678,2.049,-36.69,63.566,10,90,0,1,"",182.165,-200,11.604,0,0,3,"=","=","=","Riyaj","=","=","","","",0,R,"Riyaj",190,80,0.451,,39,W,Y,0,,,,,,,,,,,,,,,,,,,,,,,,,,,,,0,0,,,,,,,,,,,,,,,,,,,,,,,,,,,,,,,,,,,,,,,,-0.052,-17.365,-20.488,-46.904,-16.205,-62.48,19.965,-48.32,10.277,-63.77,40.908,-90.657,0.499,-118.49,-40.808,-90.557,,,,"",,,,"",,,,"",,,,"",,,,"",,,,"",,,,"",,,,"",,,,520.834,-0.312,-37.261,,,,,,,,,,,,,,,,,,,,,,,,,,,,,,,,,,,,,,,,,,,,,,,,,,,,"",0,,,,,,,,,,,,,0,"",,,,0,""
14,,1,0,0,2,1,0,1,0,0,0,255,255,255,4,532.585,"인생최패망자",R,27,94,140,0.978,0.336,0.556,1.663,0.262,1.696,-36.69,41.182,9,91,0,2,"",106.934,-142.37,4.031,0,0,3,"=","=","=","=","=","=","","","",0,R,"Riyaj",190,80,0.451,5,39,W,Y,1,533.496,113,225,91,101,69,,137,101,42.892,-46.448,0.19,1.177,-20.984,-0.14,0,0.355,267.433,243.197,304.009,538.323,53.924,-78.438,538.506,6,52.55,2.793,-76.809,0,0,,539.5,,,,,,,,,,,,,539.615,3,,456,0,,,,,,,,,,,,,,,,,,,,,-0.043,-17.469,-19.067,-45.579,-15.823,-62.353,19.228,-47.453,10.257,-63.751,40.915,-90.664,0.479,-117.981,-40.815,-90.564,0,0,,"ke ro",-0.034,-17.438,,"ゆっち一",-19.007,-45.54,,"muyang_",-15.812,-62.338,,"shuwaYNZ",19.23,-47.453,,"CoalCat",10.242,-63.647,,"AI",40.9,-90.65,,"Mr․D VRC",0.488,-117.905,,"AI",-40.8,-90.55,,,,,,,,,,,,,,,,,,,,,,,,,,,,,,,,,,,,,,,,,,,,,,,,,,,,,,,,"",1,-45.393,-45.393,-6.314,0,1,0.735,58.843,42.892,10.399,88.52,0.063,-74.513,0,"AI",,,,0,""
15,,1,0,0,2,0,0,2,0,0,0,255,255,255,5,557.725,"인생최패망자",R,13,92,114,-3.02,-1.165,0.367,1.452,-0.722,1.227,-36.69,38.206,10,90,0,2,"",-390.434,312.348,11.041,0,0,4,"=","=","=","=","=","=","","","",1,R,"mochi_2929",190,88.482,0.523,5,40,W,Y,1,558.908,155,165,39,125,69,,120,74,-30,-66.697,-0.483,0.677,-21.343,1,0,0.106,-68.298,144.993,-274.686,557.839,0.485,-21.761,,,,,,0,0,,,,,,,,,,,,,,,,,,,,,,,,,,,,,,,,,,,,,,,,0,-17.409,-21.017,-48.614,-15.419,-62.523,18.944,-46.978,10.109,-62.509,40.907,-90.657,1.236,-114.72,-40.807,-90.557,0,0,,"ke ro",-0.123,-17.401,,"ゆっち一",-20.924,-48.597,,"muyang_",-15.535,-62.356,,"shuwaYNZ",18.954,-46.975,,"CoalCat",10.375,-62.12,,"AI",40.9,-90.65,,"Mr․D VRC",1.245,-114.661,,"AI",-40.8,-90.55,,,,,,,,,,,,,,,,,,,,,,,,,,,,,,,,,,,,,,,,,,,,,,,,,,,,,,,,"",3,-88.071,-57.906,-22.479,0.851,2,0.286,-77.645,-70.173,-19.723,-77.671,0.06,148.482,0,"",,,,0,""
16,,1,0,0,2,0,1,2,0,0,0,255,255,255,6,572.214,"인생최패망자",R,26,93,140,66.834,-0.959,0.468,1.699,-0.149,1.814,-36.69,35.806,5,95,0,2,"",124.438,-177.052,6.779,0,0,4,"=","=","=","=","=","=","","","",1,R,"mochi_2929",190,88.482,0.523,5,46,W,Y,1,573.337,172,98,95,79,40,,145,89,-11.047,-12.673,-0.143,1.287,-20.618,1,0,0.209,112.89,567.096,71.235,572.456,1.048,-26.148,574.539,5,6.309,0.054,-57.208,0,0,,,,,,,,,,,,,,,578.31,4,,147,1,,,,,,,,,,,,,,,,,,,,,-0.035,-17.23,-20.68,-48.295,-16.64,-62.987,19.504,-47.15,10.571,-61.614,40.907,-90.657,-0.336,-118.324,-40.807,-90.557,0,0,,"ke ro",-0.102,-17.248,,"ゆっち一",-20.604,-48.22,,"muyang_",-16.622,-62.914,,"shuwaYNZ",19.496,-47.134,,"CoalCat",10.616,-61.503,103,"AI",40.9,-90.65,,"Mr․D VRC",-0.274,-119.155,,"AI",-40.8,-90.55,,,,,,,,577.694,-18.14,-40.216,,,,,,,575.614,6.477,-57.872,,,,,,,,,,,,,,,,,,,,,,,,,576.407,3.579,-55.258,,,,,,,,,,"",2,-11.473,-11.473,1.204,0,0,1,-11.047,-11.047,-24.794,-11.047,0,-14.011,0,"CoalCat",,,,17,""
17,SIDE,1,0,0,2,0,0,2,0,0,0,255,255,255,,579.237,,,,,,,,,,,,,,,,,,,,,,,,5,"=","=","=","=","=","=","","","",,,,,,,,,,,,,,,,,,,,,,,,,,,,,,,,,,,,,,,0,0,,,,,,,,,,,,,,,,,,,,,,,,,,,,,,,,,,,,,,,,,,,,,,,,,,,,,,,,,,,,,,,,,,,,,,,,,,,,,,,,,,,,,,,,,,,,,,,,,,,,,,,,,,,,,,,,,,,,,,,,,,,,,,,,,,,,,,,,,,,,,,,,,"",0,,,,,,,,,,,,,0,"",,,,0,""
18,,2,1,0,2,0,0,0,0,0,0,255,255,255,8,619.513,"Riyaj",R,13,71,111,0.113,-0.44,0.33,2.036,0.603,1.763,-36.788,37.928,83,17,0,0,"",-348.004,359.017,3.619,-0.08,-18.913,4,"CoalCat","muyang_","ke ro","shuwaYNZ","ゆっち一","Mr․D VRC","","","",2,L,"ゆっち一",181.4,84,0.401,,39,W,Y,0,,,,,,,,,,,,,,,,,,,,,,,,,,,,,0,0,,,,,,,,,,,,,,,,,,,,,,,,,,,,,,,,,,,,,,-0.094,-37.45,-0.085,-17.837,-19.922,-45.303,-9.653,-65.914,20.281,-46.388,15.418,-63.387,40.952,-90.698,0,-109.89,-40.852,-90.598,,,,"",,,,"",,,,"",,,,"",,,,"",,,,"",,,,"",,,,"",,,,,,,,,,,,,,,,,,,,,,,,,,,,,,,,,,,,,,,,,,,,,,,,,,,,,,,,,,"",0,,,,,,,,,,,,,0,"",,,,0,""
19,,2,1,0,2,0,1,0,0,0,0,255,255,255,9,632.233,"Riyaj",R,10,72,114,-1.504,-1.316,0.059,1.911,-0.656,1.339,-36.788,21.653,48,52,0,1,"",0,400,3.829,-0.332,-17.807,4,"=","=","=","=","=","=","","","",2,L,"ゆっち一",181.4,84,0.401,,39,W,Y,0,,,,,,,,,,,,,,,,,,,,,,,,,,,,,0,0,,,,,,,,,,,,,,,,,,,,,,,,,,,,,,,,,,,,,,-0.188,-37.475,-0.093,-17.85,-20.208,-45.785,-9.571,-65.988,20.352,-46.453,15.261,-63.414,40.915,-90.664,0,-109.85,-40.815,-90.564,,,,"",,,,"",,,,"",,,,"",,,,"",,,,"",,,,"",,,,"",,,,,,,,,,,,,,,,,,,,,,,,,,,,,,,,,,,,,,,,,,,,,,,,,,,,,,,,,,"",0,,,,,,,,,,,,,0,"",,,,0,""
20,,2,1,0,2,1,1,0,0,0,0,255,255,255,10,642.984,"Riyaj",R,26,86,139,0.076,0.443,0.181,2.008,-0.09,1.669,-36.788,26.204,90,10,0,2,"",83.921,-200,6.434,0,0,4,"=","=","=","=","=","=","","","",2,L,"ゆっち一",181.4,84,0.401,3,39,W,Y,1,644.039,235,165,25,93,62,,99,95,102.675,69.594,0.073,1.191,-20.227,0.72,0,0.31,344.598,-433.012,-204.285,,,,,,,,,0,0,,,,,,,,,,,,,,,,,,,,,,,,,,,,,,,,,,,,,,-0.186,-37.333,-0.067,-17.882,-19.587,-45.202,-9.64,-65.916,20.339,-46.451,15.167,-63.461,40.907,-90.657,0,-109.85,-40.807,-90.557,-0.056,-37.245,,"mochi_2929",-0.059,-17.851,,"소솨소솨",-19.672,-44.963,,"_Gosomi",-9.679,-65.823,,"눈꽃",20.307,-46.397,,"아침땅_",15.174,-63.432,,"AI",40.9,-90.65,,"AI",0,-109.84,,"AI",-40.8,-90.55,,,,,,,,,,,,,,,,,,,,,,,,,,,,,,,,,,,,,,,,,,,,,,,,,,,,,,,,"",3,,,,,,,,,,,,,0,"",,,,0,""
21,,2,1,0,2,1,2,0,0,0,0,255,255,255,11,655.737,"Riyaj",R,10,66,111,-4.235,0.008,0.119,2.101,-0.376,1.986,-36.788,30.668,86,14,0,2,"",0,341.287,3.216,0,0,4,"=","=","=","=","=","=","","","",2,L,"ゆっち一",181.4,84,0.401,3,39,W,Y,1,656.922,255,94,108,51,55,,145,119,6.23,-24.537,-0.022,0.896,-20.288,0.77,0,0.139,96.286,-520.697,-195.536,657.389,22.906,-63.921,657.689,5,21.086,0.569,-60.828,0,0,,,,,,,,,,,,,,,658.855,4,,454,0,,,,,,,,,,,,,,,,,,,-0.14,-37.391,-0.066,-17.985,-20.07,-46.064,-9.125,-66.124,20.824,-46.756,14.997,-63.53,40.915,-90.664,0,-109.85,-40.815,-90.564,-0.114,-37.203,,"mochi_2929",-0.091,-17.911,,"소솨소솨",-19.439,-45.28,80,"_Gosomi",-9.792,-65.894,,"눈꽃",20.841,-46.758,,"아침땅_",15.246,-63.423,103,"AI",40.9,-90.65,,"AI",0,-109.84,,"AI",-40.8,-90.55,,664.558,-0.591,-38.549,,,,661.898,-19.137,-39.585,,,,,,,658.865,21.394,-61.913,,,,,,,,,,,,,,,,663.417,-18.012,-39.381,,,,,,,659.923,18.372,-60.144,,,,,,,,,,"",1,,,,,,,,,,,,,0,"아침땅_",,,,42,""
22,,2,1,0,2,0,0,1,0,0,0,255,255,255,12,677.158,"Riyaj",R,0,70,121,0.971,0.386,0.289,2.059,0.414,1.845,-36.788,30.063,88,12,0,0,"",0,35.12,2.635,0,0,5,"=","=","=","=","=","=","","","",7,R,"Mr․D VRC",177.1,93.352,0.449,,39,W,Y,0,,,,,,,,,,,,,,,,,,,,,,,,,,,,,0,0,,,,,,,,,,,,,,,,,,,,,,,,,,,,,,,,,,,,,,0.001,-37.327,-0.078,-17.922,-19.475,-45.195,-15.762,-63.591,21.762,-48.655,12.115,-65.014,40.922,-90.671,0,-109.86,-40.822,-90.571,,,,"",,,,"",,,,"",,,,"",,,,"",,,,"",,,,"",,,,"",,,,681.589,-0.077,-37.271,,,,,,,,,,,,,,,,,,,,,,,,,,,,,,,,,,,,,,,,,,,,,,,,,,,,"",0,,,,,,,,,,,,,0,"",,,,0,""
23,,2,1,0,2,0,1,1,0,0,0,255,255,255,13,690.239,"Riyaj",R,10,69,112,1.372,-0.191,0.326,2.114,0.588,2.038,-36.788,39.745,93,7,0,0,"",0,400,-1.037,0.233,-15.804,5,"=","=","=","=","=","=","","","",7,R,"Mr․D VRC",177.1,93.352,0.449,,39,W,Y,1,,,,,,,,,,,,,,,,,,,,,,,,,,,,,0,0,,,,,,,,,,,,,,,,,,,,,,,,,,,,,,,,,,,,,,0.04,-37.573,0.001,-17.926,-20.134,-44.249,-15.698,-63.61,21.369,-47.786,12.153,-65.003,40.915,-90.664,0,-109.86,-40.815,-90.564,,,,"",,,,"",,,,"",,,,"",,,,"",,,,"",,,,"",,,,"",,,,694.333,-0.173,-36.835,,,,,,,,,,,,,,,,,,,,,,,,,,,,,,,,,,,,,,,,,,,,,,,,,,,,"",0,,,,,,,,,,,,,0,"",,,,0,""
24,,2,1,0,2,0,2,1,0,0,0,255,255,255,14,702.814,"Riyaj",R,26,84,136,-0.672,0.912,0.11,2.081,-0.417,1.923,-36.788,22.94,88,12,0,0,"",84.149,-200,3.28,0,0,5,"=","=","=","=","=","=","","","",7,R,"Mr․D VRC",177.1,93.352,0.449,,39,W,Y,0,,,,,,,,,,,,,,,,,,,,,,,,,,,,,0,0,,,,,,,,,,,,,,,705.485,5,,578,0,,,,,,,,,,,,,,,,,,,-0.055,-37.481,0.01,-17.965,-20.158,-44.256,-15.779,-63.597,21.369,-47.793,11.998,-65.056,40.915,-90.664,0,-109.85,-40.815,-90.564,,,,"",,,,"",,,,"",,,,"",,,,"",,,,"",,,,"",,,,"",,,,708.434,-0.131,-36.982,,,,,,,,,,,,,,,,,,,,,,,,,,,,,,,,,,,,,,,,,,,,,,,,,,,,"",0,,,,,,,,,,,,,0,"",,,,0,""
25,,2,1,0,2,0,0,2,0,0,0,255,255,255,15,720.314,"Riyaj",R,10,65,110,1.782,0.157,0.376,2.163,0.818,2.17,-36.788,45.817,86,14,0,2,"",-28.159,350.562,4.983,0,0,6,"=","=","=","=","=","=","인생최패망자","","",0,R,"인생최패망자",190,86,0.35,5,39,W,Y,1,721.528,180,157,155,127,61,,145,101,40.927,-21.279,0.331,1.116,-20.682,-0.44,0,0.313,407.5,308.357,207.181,726.189,23.492,-96.819,726.306,6,23.038,2.465,-94.913,0,0,,727.256,,,,,,,,,,,,,727.586,6,,456,0,,,,,,,,,,,,,,,,,,,0.02,-37.405,-0.116,-17.925,-20.158,-44.21,-11.895,-65.544,21.451,-47.937,11.788,-65.222,40.922,-90.671,0,-109.86,-40.822,-90.571,0.135,-36.93,,"mochi_2929",-0.113,-17.911,,"소솨소솨",-20.062,-44.18,,"_Gosomi",-11.764,-65.534,,"눈꽃",21.086,-48.416,,"아침땅_",11.928,-65.164,,"AI",40.9,-90.65,,"AI",0,-109.84,,"AI",-40.8,-90.55,,,,,,,,,,,,,,,,,,,,,,,,,,,,,,,,,,,,,,,,,,,,,,,,,,,,,,,,"",1,-20.982,-20.982,-9.526,0,1,0.644,57.051,40.927,-3.791,87.794,0.059,-23.006,0,"AI",,,,0,""
26,SIDE,2,1,0,2,0,0,2,0,0,0,255,255,255,,728.961,,,,,,,,,,,,,,,,,,,,,,,,0,"=","=","=","=","=","=","=","","",,,,,,,,,,,,,,,,,,,,,,,,,,,,,,,,,,,,,,,0,0,,,,,,,,,,,,,,,,,,,,,,,,,,,,,,,,,,,,,,,,,,,,,,,,,,,,,,,,,,,,,,,,,,,,,,,,,,,,,,,,,,,,,,,,,,,,,,,,,,,,,,,,,,,,,,,,,,,,,,,,,,,,,,,,,,,,,,,,,,,,,,,,,"",0,,,,,,,,,,,,,0,"",,,,0,""
27,,2,0,0,2,0,0,0,0,0,0,255,255,255,7,766.02,"인생최패망자",R,26,95,140,1.127,0.081,0.628,1.778,0.593,1.935,-36.69,46.163,18,82,0,2,"",154.483,-198.433,7.836,0,0,5,"눈꽃","소솨소솨","_Gosomi","Riyaj","mochi_2929","아침땅_","yumi2012","","",5,R,"아침땅_",170.2,86.571,0.5,5,39,W,Y,1,767.055,220,99,128,41,23,,145,82,-16.901,21.538,0.395,1.31,-20.218,-1,0.143,0.48,564.344,-190.676,-71.826,765.889,-1.038,-23.876,767.706,2,-13.064,0.058,-47.223,0,0,,,,,,,,,,,,,,,771.688,5,,147,0,,,,,,,,,,,771.105,2,,,,,,,0.007,-37.359,-0.012,-17.364,-19.326,-45.992,-16.209,-61.749,19.85,-47.865,9.643,-62.212,40.945,-90.691,-0.358,-113.954,-40.845,-90.591,0.425,-36.892,,"ke ro",0.002,-17.355,,"ゆっち一",-19.255,-45.923,79,"muyang_",-16.111,-61.671,,"shuwaYNZ",19.86,-47.854,,"CoalCat",9.612,-62.083,,"AI",40.9,-90.65,,"Mr․D VRC",-0.299,-113.851,,"AI",-40.8,-90.55,,773.793,-1.167,-38.578,,,,769.07,-13.276,-47.71,,,,,,,,,,,,,,,,,,,,,,,,,772.746,-17.651,-39.824,,,,,,,,,,,,,,,,,,,"",2,22.151,22.151,-1.725,0,1,1,-28.385,-16.901,-25.999,-76.533,0.035,36.243,0,"ゆっち一",,,,80,""
28,,2,0,0,2,0,0,1,0,0,0,255,255,255,8,788.619,"인생최패망자",R,27,94,140,1.905,0.876,0.64,1.738,0.653,1.967,-36.69,52.404,9,91,0,4,"",132.414,-142.759,9.07,0,0,6,"=","=","=","=","=","=","=","","",8,R,"yumi2012",173.9,90.292,0.504,,39,W,Y,1,,,,,,,,,,,,,,,,,,,,,,,,,,,,,0,0,,,,,,,,,,,,,,,,,,,,,,,,,,,,,,,,,,,,,,0.003,-37.268,-0.02,-17.27,-18.418,-45.998,-17.174,-62.546,19.211,-47.495,11.58,-64.615,40.922,-90.671,-0.16,-112.307,-40.822,-90.571,,,,"",,,,"",,,,"",,,,"",,,,"",,,,"",,,,"",,,,"",,,,792.294,-0.23,-37.137,,,,,,,,,,,,,,,,,,,,,,,,,,,,,,,,,,,,,,,,,,,,,,,,,,,,"",0,,,,,,,,,,,,,0,"",,,,0,""
29,,2,0,0,2,0,1,1,0,0,0,255,255,255,9,799.986,"인생최패망자",R,26,95,140,1.381,0.915,0.596,1.738,0.446,1.965,-36.69,52.057,12,88,0,0,"",100.429,-168.489,6.558,0,0,6,"=","=","=","=","=","=","=","","",8,R,"yumi2012",173.9,90.292,0.504,,39,W,Y,0,,,,,,,,,,,,,,,,,,,,,,,,,,,,,0,0,,,,,,,,,,,,,,,,,,,,,,,,,,,,,,,,,,,,,,-0.052,-37.286,-0.045,-17.349,-18.505,-46.019,-16.767,-62.798,19.229,-47.545,11.579,-64.589,40.907,-90.657,-0.146,-111.632,-40.807,-90.557,,,,"",,,,"",,,,"",,,,"",,,,"",,,,"",,,,"",,,,"",,,,803.931,-0.364,-37.426,,,,,,,,,,,,,,,,,,,,,,,,,,,,,,,,,,,,,,,,,,,,,,,,,,,,"",0,,,,,,,,,,,,,0,"",,,,0,""
30,,2,0,0,2,0,2,1,0,0,0,255,255,255,10,811.002,"인생최패망자",R,32,93,140,2.191,1.13,0.647,1.769,0.682,2.074,-36.69,52.319,8,92,0,2,"",184.982,-182.784,2.487,0,0,6,"=","=","=","=","=","=","=","","",8,R,"yumi2012",173.9,90.292,0.504,3,39,W,Y,1,812.132,193,40,58,36,18,,136,111,-30,28.697,0.311,1.063,-19.203,0.86,0,0.543,288.407,169.929,-319.579,810.873,-0.637,-20.93,812.406,2,-14.485,1.807,-46.087,0,0,,,,,,,,,,,,,,,816.21,6,,147,0,,,,,,,,,,,815.635,2,,,,,,,-0.004,-37.362,-0.036,-17.358,-18.496,-46.028,-16.658,-62.679,19.208,-47.551,11.631,-64.637,40.907,-90.657,-0.028,-111.85,-40.807,-90.557,0.114,-36.836,,"ke ro",-0.023,-17.335,,"ゆっち一",-18.383,-45.925,85,"muyang_",-16.623,-62.754,,"shuwaYNZ",19.202,-47.546,,"CoalCat",11.636,-64.483,,"AI",40.9,-90.65,,"Mr․D VRC",-0.031,-111.671,,"AI",-40.8,-90.55,,817.734,-0.48,-37.794,,,,813.732,-15.114,-46.568,,,,,,,,,,,,,,,,,,,,,,,,,816.693,-17.707,-39.615,,,,,,,,,,,,,,,,,,,"",2,,,,,,,,,,,,,0,"ゆっち一",,,,80,""
31,,2,0,0,2,0,0,2,0,0,0,255,255,255,11,832.187,"인생최패망자",R,13,81,107,0.768,-1.377,0.713,1.588,0.66,1.303,-36.69,53.246,7,93,0,1,"",-178.155,400,-3.096,0,-17.901,0,"=","=","=","=","=","=","=","","",4,L,"눈꽃",190,90,0.597,,39,W,Y,0,,,,,,,,,,,,,,,,,,,,,,,,,,,,,0,0,,,,,,,,,,,,,,,,,,,,,,,,,,,,,,,,,,,,,,0.059,-37.289,-0.029,-17.425,-18.803,-46.446,-16.528,-62.887,20.61,-46.966,12.126,-61.943,40.922,-90.67,0.113,-114.409,-40.822,-90.57,,,,"",,,,"",,,,"",,,,"",,,,"",,,,"",,,,"",,,,"",,,,835.822,-0.053,-37.337,,,,,,,,,,,,,,,,,,,,,,,,,,,,,,,,,,,,,,,,,,,,,,,,,,,,"",0,,,,,,,,,,,,,0,"",,,,0,""
32,,2,0,0,2,1,0,2,0,0,0,255,255,255,12,843.84,"인생최패망자",R,13,86,110,0.006,-1.219,0.697,1.605,0.612,1.342,-36.69,60.609,11,89,0,4,"",-335.524,370.707,-19.228,-0.249,-17.383,0,"=","=","=","=","=","=","=","","",4,L,"눈꽃",190,90,0.597,,39,W,Y,1,,,,,,,,,,,,,,,,,,,,,,,,,,,,,0,0,,,,,,,,,,,,,,,,,,,,,,,,,,,,,,,,,,,,,,-0.002,-37.342,-0.024,-17.402,-18.805,-46.438,-16.694,-62.505,20.713,-47.073,12.093,-61.783,40.907,-90.657,0.101,-114.248,-40.807,-90.557,,,,"",,,,"",,,,"",,,,"",,,,"",,,,"",,,,"",,,,"",,,,847.805,-0.055,-37.293,,,,,,,,,,,,,,,,,,,,,,,,,,,,,,,,,,,,,,,,,,,,,,,,,,,,"",0,,,,,,,,,,,,,0,"",,,,0,""
33,,2,0,0,2,1,1,2,0,0,0,255,255,255,13,856.913,"인생최패망자",R,32,99,140,0.545,-0.873,0.486,1.528,-0.065,0.934,-36.69,38.114,6,94,0,2,"",208.795,-144.269,9.476,0,0,0,"=","=","=","=","=","=","=","","",4,L,"눈꽃",190,90,0.597,5,39,W,Y,1,857.993,215,225,102,93,38,,145,101,28.57,16.045,0.099,0.676,-20.268,0.99,0,0.467,493.74,-278.909,-192.852,861.889,-18.839,-105.765,862.189,7,-18.582,1.358,-104.235,0,0,,863.678,,,,,,,,,,,,,863.492,0,,456,0,,,,,,,,,,,,,,,,,,,0.036,-37.314,-0.026,-17.403,-18.812,-46.442,-16.57,-62.497,20.704,-47.079,12.102,-61.779,40.907,-90.657,0.195,-114.372,-40.807,-90.557,0.005,-36.964,,"ke ro",-0.032,-17.392,,"ゆっち一",-18.79,-46.437,,"muyang_",-16.463,-62.372,,"shuwaYNZ",20.716,-47.069,,"CoalCat",12.14,-61.668,,"AI",40.9,-90.65,,"Mr․D VRC",0.206,-114.221,,"AI",-40.8,-90.55,,,,,,,,,,,,,,,,,,,,,,,863.508,-18.261,-105.808,,,,,,,,,,,,,,,,,,,,,,,,,,,,,,,"",1,16.705,16.705,-0.506,0,2,0.381,63.386,49.601,-4.212,71.28,0.055,60.087,0,"Mr․D VRC",,,,32,""
34,SIDE,2,0,0,2,0,0,2,0,0,0,255,255,255,,865.511,,,,,,,,,,,,,,,,,,,,,,,,1,"=","=","=","=","=","=","=","","",,,,,,,,,,,,,,,,,,,,,,,,,,,,,,,,,,,,,,,0,0,,,,,,,,,,,,,,,,,,,,,,,,,,,,,,,,,,,,,,,,,,,,,,,,,,,,,,,,,,,,,,,,,,,,,,,,,,,,,,,,,,,,,,,,,,,,,,,,,,,,,,,,,,,,,,,,,,,,,,,,,,,,,,,,,,,,,,,,,,,,,,,,,"",0,,,,,,,,,,,,,0,"",,,,0,""
35,,3,1,0,2,0,0,0,0,0,0,255,255,255,16,911.869,"Riyaj",R,10,71,113,5.204,2.086,0.347,2.053,0.684,1.83,-36.788,31.07,86,14,0,2,"",-145.147,398.119,4.419,0,0,0,"CoalCat","muyang_","ke ro","shuwaYNZ","ゆっち一","Mr․D VRC","인생최패망자","","",5,R,"CoalCat",174.9,82.838,0.435,5,39,W,Y,1,913.034,156,75,79,48,26,,139,89,20.355,10.308,0.062,0.65,-20.583,-0.55,0,0.462,-127.802,209.457,-29.217,915.106,-13.893,-83.28,918.189,7,-20.204,0.059,-108.846,1,0,,918.347,922.878,,,,,,,,,,,,,,,,,,,,,,,,,,,,,924.027,5,,,,,0.024,-37.437,-0.027,-18.135,-20.713,-44.99,-16.206,-63.896,19.136,-47.405,12.601,-64.831,40.9,-90.65,0,-109.84,-43.814,-89.959,0.074,-37.293,,"mochi_2929",-0.091,-18.202,,"소솨소솨",-20.127,-44.682,,"_Gosomi",-16.133,-63.812,,"눈꽃",19.131,-47.402,,"아침땅_",12.538,-64.843,85,"AI",40.9,-90.65,,"AI",0,-109.84,,"yumi2012",-43.717,-89.769,,926.721,0.516,-39.146,,,,,,,,,,,,,923.589,-0.289,-60.366,,,,,,,,,,,,,,,,,,,,,,,,,925.722,0.598,-55.779,,,,,,,,,,"",2,11.533,11.533,6.163,0,0,1,20.355,20.355,11.301,20.355,0,11.157,0,"AI",922.878,,,40,""
36,,3,1,0,2,0,0,0,0,1,0,255,5,255,17,938.46,"Riyaj",R,26,86,140,0.538,0.581,0.227,2.021,0.126,1.715,-36.788,27.005,86,14,0,2,"",72.785,-200,-8.567,0,0,1,"=","=","=","=","=","=","=","","",3,R,"muyang_",171.4,80,0.498,5,39,W,Y,0,939.463,242,175,108,56,32,,145,83,-30,-15.647,0.056,1.1,-20.015,1,0,0.294,73.15,432.219,327.066,938.006,0.532,-21.727,940.589,5,9.892,0.063,-55.641,0,0,,944.638,,,,,,,,,,,,,945.263,1,,147,32,,,,,,,,,,,,,,,,,,,-0.155,-37.504,-0.088,-17.734,-19.942,-44.494,-15.136,-63.514,18.318,-45.092,11.735,-64.732,40.915,-90.664,0,-109.86,-41.156,-87.176,-0.179,-37.027,,"mochi_2929",-0.074,-17.77,,"소솨소솨",-19.906,-44.574,74,"_Gosomi",-15.111,-63.508,,"눈꽃",18.333,-45.084,,"아침땅_",12.339,-64.567,102,"AI",40.9,-90.65,,"AI",0,-109.84,,"yumi2012",-41.116,-87.167,,949.06,-0.351,-38.687,,,,944.617,-18.802,-40.392,,,,,,,942.1,10.386,-57.008,,,,,,,,,,,,,,,,947.855,-17.606,-39.806,,,,,,,943.294,5.621,-54.539,,,,,,,,,,"",2,-15.427,-15.427,-4.541,0,2,0.04,-76.753,-70.612,-18.452,-71.974,0.073,-28.294,0,"아침땅_",941.481,,,42,""
37,,3,1,0,2,0,0,1,0,1,0,255,5,255,18,961.131,"Riyaj",R,13,62,104,3.032,1.172,0.434,2.181,1.87,2.922,-36.788,55.196,89,11,0,1,"",-275.943,400,-1.726,0.484,-17.757,2,"=","=","=","=","=","=","=","","",1,R,"ke ro",190,80.196,0.367,,56,W,Y,0,,,,,,,,,,,,,,,,,,,,,,,,,,,,,0,0,,,,,,,,,,,,,961.261,,,,,,,,,,,,,,,,,,,,,,,,,-0.078,-37.397,-0.04,-17.734,-19.123,-44.24,-14.719,-63.782,18.779,-45.278,12.637,-64.25,40.915,-90.664,0,-109.86,-43.364,-87.331,,,,"",,,,"",,,,"",,,,"",,,,"",,,,"",,,,"",,,,"",,,,967.81,-0.004,-37.06,,,,,,,,,,,,,,,,,,,,,,,,,,,,,,,,,,,,,,,,,,,,,,,,,,,,"",0,,,,,,,,,,,,,0,"",964.338,,,0,""
38,,3,1,0,2,1,0,1,0,1,0,255,5,255,19,976.288,"Riyaj",R,10,72,102,0.855,-1.093,0.317,1.941,0.363,1.518,-36.788,27.879,53,47,0,4,"",0,400,-4.177,0.13,-17.601,2,"=","=","=","=","=","=","=","","",1,R,"ke ro",190,80.196,0.367,,56,W,Y,1,,,,,,,,,,,,,,,,,,,,,,,,,,,,,0,0,,,,,,,,,,,,,989.214,,,,,,,,,,,,,,,,,,,,,,,,,-0.006,-37.419,-0.121,-17.759,-19.287,-44.172,-14.908,-63.843,19.092,-46.166,12.495,-64.757,40.907,-90.657,0,-109.85,-43.111,-89.373,,,,"",,,,"",,,,"",,,,"",,,,"",,,,"",,,,"",,,,"",,,,981.077,0.015,-37.109,,,,,,,,,,,,,,,,,,,,,,,,,,,,,,,,,,,,,,,,,,,,,,,,,,,,"",0,,,,,,,,,,,,,0,"",979.125,,,0,""
39,,3,1,0,2,1,1,1,0,1,0,255,5,255,20,990.015,"Riyaj",R,26,78,129,-0.773,-0.764,0.121,1.778,-0.369,0.925,-36.788,15.98,52,48,0,0,"",18.714,-200,15.645,0,0,2,"=","=","=","=","=","=","=","","",1,R,"ke ro",190,80.196,0.367,,56,W,Y,0,,,,,,,,,,,,,,,,,,,,,,,,,,,,,0,0,,,,,,,,,,,,,1002.436,,,,,,,,,,,,,,,,,,,,,,,,,-0.14,-37.383,-0.054,-17.421,-19.291,-44.168,-13.91,-64.258,19.053,-46.056,12.219,-65.054,40.907,-90.657,0,-109.85,-43.143,-89.312,,,,"",,,,"",,,,"",,,,"",,,,"",,,,"",,,,"",,,,"",,,,995.695,-0.12,-37.177,,,,,,,,,,,,,,,,,,,,,,,,,,,,,,,,,,,,,,,,,,,,,,,,,,,,"",0,,,,,,,,,,,,,0,"",992.579,,,0,""
40,,3,1,0,2,1,2,1,0,1,0,255,5,255,21,1005.889,"Riyaj",R,27,87,140,-0.226,0.277,0.162,2.002,-0.175,1.651,-36.788,22.231,85,15,0,2,"",51.414,-134.572,-4.908,0,0,2,"=","=","=","=","=","=","=","","",1,R,"ke ro",190,80.196,0.367,0,56,W,Y,1,1006.846,101,45,52,23,0,,102,72,41.562,5.313,-0.048,1.075,-19.749,-1,0,0.481,440.913,-243.319,-256.832,1010.189,-1.264,-70.243,1010.339,3,-1.275,2.501,-68.364,0,0,,,,,,,,,,,,,1016.496,,1011.857,2,,452,0,,,,,,,,,,,,,,,,,,,-0.087,-37.366,0.053,-17.72,-19.304,-44.172,-14.361,-64.104,18.767,-46.062,12.359,-64.865,40.915,-90.664,0,-109.85,-43.161,-89.124,-0.023,-37.012,,"mochi_2929",-0.187,-17.866,,"소솨소솨",-19.244,-44.127,,"_Gosomi",-14.341,-64.051,40,"눈꽃",19.476,-45.053,,"아침땅_",12.071,-64.985,,"AI",40.9,-90.65,,"AI",0,-109.84,,"yumi2012",-43.159,-89.119,,1016.736,1.102,-42.221,,,,,,,1011.871,-1.283,-69.004,,,,,,,,,,,,,,,,,,,,,,,,,1013.917,-0.994,-62.576,,,,,,,,,,,,,,,,"",1,,,,,,,,,,,,,0,"_Gosomi",1011.238,,,12,""
41,,3,1,0,2,0,0,2,0,1,0,255,5,255,22,1032.596,"Riyaj",R,27,88,140,0.451,-0.168,0.227,1.922,0.126,1.389,-36.788,20.383,58,42,0,2,"",45.919,-112.908,-4.154,0,0,3,"=","=","=","=","=","=","=","","",4,R,"shuwaYNZ",190,82.084,0.381,5,39,W,Y,1,1033.743,150,190,99,71,42,,145,131,-15.079,43.044,0.08,0.899,-19.745,0.51,0,0.204,98.23,262.468,-120.767,1032.223,-2.017,-21.982,1033.539,2,-20.897,0.854,-42.066,0,0,,,,,,,,,,,,,,,1036.561,3,,147,0,,,,,,,,,,,1035.932,2,,,,,,,-0.106,-37.258,-0.069,-17.66,-20.619,-46.096,-14.729,-63.603,20.174,-46.684,12.341,-64.927,40.922,-90.671,0,-109.86,-44.169,-92.117,0.012,-36.811,,"mochi_2929",-0.093,-17.875,,"소솨소솨",-20.257,-45.836,,"_Gosomi",-14.692,-63.55,,"눈꽃",20.187,-46.67,,"아침땅_",12.475,-65.904,,"AI",40.9,-90.65,,"AI",0,-109.84,,"yumi2012",-44.145,-92.078,,,,,,,,1035.042,-21.799,-43.149,,,,,,,,,,,,,,,,,,,,,,,,,,,,,,,,,,,,,,,,,,,,,,"",2,43.404,43.404,2.386,0,0,1,-17.605,-17.605,-37.615,-17.605,0,61.126,0,"소솨소솨",,,,2,""
42,SIDE,3,1,0,2,0,0,2,0,1,0,255,5,255,,1037.521,,,,,,,,,,,,,,,,,,,,,,,,4,"=","=","=","=","=","=","=","","",,,,,,,,,,,,,,,,,,,,,,,,,,,,,,,,,,,,,,,0,0,,,,,,,,,,,,,,,,,,,,,,,,,,,,,,,,,,,,,,,,,,,,,,,,,,,,,,,,,,,,,,,,,,,,,,,,,,,,,,,,,,,,,,,,,,,,,,,,,,,,,,,,,,,,,,,,,,,,,,,,,,,,,,,,,,,,,,,,,,,,,,,,,"",0,,,,,,,,,,,,,0,"",,,,0,""
43,,3,0,0,2,0,0,0,0,0,0,255,255,255,14,1068.606,"인생최패망자",R,26,92,140,1.275,0.546,0.577,1.788,0.356,1.776,-36.69,49.219,21,79,0,0,"",131.777,-197.597,-4.213,0,0,1,"눈꽃","소솨소솨","_Gosomi","Riyaj","mochi_2929","아침땅_","yumi2012","","",2,R,"소솨소솨",190,89.933,0.503,,39,W,Y,0,,,,,,,,,,,,,,,,,,,,,,,,,,,,,0,0,,,,,,,,,,,,,,,,,,,,,,,,,,,,,,,,,,,,,,-0.003,-37.296,-0.032,-17.314,-19.957,-48.227,-16.827,-62.858,21.092,-48.076,11.042,-61.846,40.929,-90.677,0.198,-116.495,-40.83,-90.577,,,,"",,,,"",,,,"",,,,"",,,,"",,,,"",,,,"",,,,"",,,,,,,,,,,,,,,,,,,,,,,,,,,,,,,,,,,,,,,,,,,,,,,,,,,,,,,,,,"",0,,,,,,,,,,,,,0,"",,,,0,""
44,,3,0,0,2,0,1,0,0,0,0,255,255,255,15,1081.424,"인생최패망자",R,13,84,108,-2.763,-1.487,0.346,1.499,-0.477,1.112,-36.69,42.257,10,90,0,1,"",-383.336,312.348,13.047,-0.764,-17.825,1,"=","=","=","=","=","=","=","","",2,R,"소솨소솨",190,89.933,0.503,,39,W,Y,0,,,,,,,,,,,,,,,,,,,,,,,,,,,,,0,0,,,,,,,,,,,,,,,,,,,,,,,,,,,,,,,,,,,,,,-0.109,-37.422,-0.025,-17.301,-19.984,-48.265,-16.704,-62.841,20.471,-48.604,11.208,-61.541,40.907,-90.657,0.243,-116.605,-40.807,-90.557,,,,"",,,,"",,,,"",,,,"",,,,"",,,,"",,,,"",,,,"",,,,,,,,,,,,,,,,,,,,,,,,,,,,,,,,,,,,,,,,,,,,,,,,,,,,,,,,,,"",0,,,,,,,,,,,,,0,"",,,,0,""
45,,3,0,0,2,1,1,0,0,0,0,255,255,255,16,1092.43,"인생최패망자",R,10,72,102,1.73,-0.071,0.641,1.975,0.735,2.155,-36.69,71.455,68,32,0,2,"",0,400,-9.871,0,0,1,"=","=","=","=","=","=","=","","",2,R,"소솨소솨",190,89.933,0.503,5,39,W,Y,1,1093.635,182,82,117,73,67,,145,107,-15.963,12.626,0.329,1.061,-20.899,-0.13,0,0.66,-402.779,246.795,30.39,1092.073,-0.411,-24.167,1094.223,3,-9.31,0.061,-64.358,0,0,,,,,,,,,,,,,,,1098.687,1,,147,2,,,,,,,,,,,,,,,,,,,-0.075,-37.242,-0.024,-17.288,-20.016,-48.303,-16.679,-62.78,20.557,-48.512,10.593,-61.53,40.907,-90.657,0.004,-117.453,-40.807,-90.557,-0.13,-37.273,,"ke ro",0.004,-17.255,,"ゆっち一",-19.909,-48.195,85,"muyang_",-16.511,-62.569,104,"shuwaYNZ",20.544,-48.494,,"CoalCat",10.597,-61.367,,"AI",40.907,-90.657,,"Mr․D VRC",0.008,-117.285,,"AI",-40.807,-90.557,,1101.317,-1.187,-39.051,,,,1098.02,-18.801,-40.597,1095.804,-9.956,-65.083,,,,,,,,,,,,,,,,,,,,,,1100.342,-17.316,-40.119,1096.966,-11.611,-59.69,,,,,,,,,,,,,,,,"",2,13.76,13.759,-13.312,0,0,1,-15.963,-15.963,-33.619,-15.963,0,23.63,0,"muyang_",,,,82,""
46,,3,0,0,2,0,0,1,0,0,0,255,255,255,17,1114.469,"인생최패망자",R,26,90,140,1.44,0.473,0.606,1.659,0.492,1.685,-36.69,44.181,32,68,0,0,"",85.562,-200,3.185,0,0,2,"=","=","=","=","=","=","=","","",3,R,"_Gosomi",175,86.314,0.433,,39,W,Y,1,,,,,,,,,,,,,,,,,,,,,,,,,,,,,0,0,,,,,,,,,,,,,,,,,,,,,,,,,,,,,,,,,,,,,,0.015,-37.307,-0.049,-17.343,-19.103,-47.784,-16.352,-62.98,20.073,-47.922,10.269,-62.196,40.915,-90.664,0.024,-113.255,-40.815,-90.564,,,,"",,,,"",,,,"",,,,"",,,,"",,,,"",,,,"",,,,"",,,,1118.015,0.126,-37.239,,,,,,,,,,,,,,,,,,,,,,,,,,,,,,,,,,,,,,,,,,,,,,,,,,,,"",0,,,,,,,,,,,,,0,"",,,,0,""
47,,3,0,0,2,0,1,1,0,0,0,255,255,255,18,1127.623,"인생최패망자",R,26,95,140,0.809,0.649,0.527,1.688,0.127,1.787,-36.69,43.663,32,68,0,2,"",151.789,-200,-2.783,0,0,2,"=","=","=","=","=","=","=","","",3,R,"_Gosomi",175,86.314,0.433,5,39,W,Y,1,1128.682,127,60,165,76,12,,139,88,12.505,18.477,0.15,1.153,-20.489,-0.63,0,0.391,-17.642,-7.527,10.064,,,,1129.639,3,-13.974,1.582,-62.898,0,0,,,,,,,,,,,,,,,1131.265,2,,452,0,,,,,,,,,,,,,,,,,,,-0.059,-37.272,-0.001,-17.383,-19.348,-47.631,-16.683,-62.754,20.057,-47.958,10.316,-62.247,40.907,-90.657,0.047,-113.483,-40.807,-90.557,-0.044,-36.845,,"ke ro",-0.02,-17.374,,"ゆっち一",-19.217,-47.514,,"muyang_",-17.025,-65.902,87,"shuwaYNZ",20.029,-47.93,,"CoalCat",10.338,-62.128,,"AI",40.9,-90.65,,"Mr․D VRC",-0.191,-113.768,,"AI",-40.807,-90.557,,1133.711,0.015,-38.368,,,,,,,1131.274,-14.488,-64.134,,,,,,,,,,,,,,,,,,,,,,,,,1132.349,-11.452,-58.705,,,,,,,,,,,,,,,,"",1,19.428,19.428,5.266,0,2,0.061,18.617,12.505,22.095,18.388,0.02,59.663,0,"muyang_",,,,66,""
48,,3,0,0,2,0,0,2,0,0,0,255,255,255,19,1146.757,"인생최패망자",R,13,87,110,-2.343,-1.456,0.401,1.406,-0.306,1.128,-36.69,47.611,8,92,0,4,"",-387.073,316.503,4.777,-0.727,-17.39,3,"=","=","=","=","=","=","=","","",0,R,"Riyaj",190,80,0.451,,39,W,Y,1,,,,,,,,,,,,,,,,,,,,,,,,,,,,,0,0,,,,,,,,,,,,,,,,,,,,,,,,,,,,,,,,,,,,,,-0.059,-37.408,-0.013,-17.734,-20.593,-47.807,-16.481,-62.96,20.674,-48.151,9.934,-63.365,40.915,-90.664,-0.518,-110.438,-40.815,-90.564,,,,"",,,,"",,,,"",,,,"",,,,"",,,,"",,,,"",,,,"",,,,1150.435,0.1,-37.563,,,,,,,,,,,,,,,,,,,,,,,,,,,,,,,,,,,,,,,,,,,,,,,,,,,,"",0,,,,,,,,,,,,,0,"",,,,0,""
49,,3,0,0,2,0,1,2,0,0,0,255,255,255,20,1158.287,"인생최패망자",R,10,79,107,0.074,-0.348,0.506,1.882,0.018,1.94,-36.69,49.098,74,26,0,0,"",0,400,16.238,-0.131,-15.692,3,"=","=","=","=","=","=","=","","",0,R,"Riyaj",190,80,0.451,,39,W,Y,0,,,,,,,,,,,,,,,,,,,,,,,,,,,,,0,0,,,,,,,,,,,,,,,,,,,,,,,,,,,,,,,,,,,,,,-0.017,-37.367,-0.034,-17.661,-20.071,-47.192,-16.528,-62.914,20.662,-48.168,9.932,-63.384,40.907,-90.657,-0.522,-110.436,-40.807,-90.557,,,,"",,,,"",,,,"",,,,"",,,,"",,,,"",,,,"",,,,"",,,,1161.929,-0.413,-37.153,,,,,,,,,,,,,,,,,,,,,,,,,,,,,,,,,,,,,,,,,,,,,,,,,,,,"",0,,,,,,,,,,,,,0,"",,,,0,""
50,,3,0,0,2,0,2,2,0,0,0,255,255,255,21,1169.891,"인생최패망자",R,26,94,140,1.665,0.989,0.609,1.877,0.506,2.065,-36.69,51.303,54,46,0,1,"",146.761,-182.032,6.47,0,0,3,"=","=","=","=","=","=","=","","",0,R,"Riyaj",190,80,0.451,,39,W,Y,0,,,,,,,,,,,,,,,,,,,,,,,,,,,,,0,0,,,,,,,,,,,,,,,,,,,,,,,,,,,,,,,,,,,,,,-0.022,-37.217,-0.013,-17.65,-20.085,-47.188,-16.625,-62.838,20.77,-48.331,9.945,-63.358,40.907,-90.657,-0.384,-109.766,-40.807,-90.557,,,,"",,,,"",,,,"",,,,"",,,,"",,,,"",,,,"",,,,"",,,,1173.413,0.091,-37.486,,,,,,,,,,,,,,,,,,,,,,,,,,,,,,,,,,,,,,,,,,,,,,,,,,,,"",0,,,,,,,,,,,,,0,"",,,,0,""
51,,3,0,0,2,1,2,2,0,0,0,255,255,255,22,1183.187,"인생최패망자",R,26,92,140,-0.076,0.221,0.44,1.674,-0.281,1.571,-36.69,35.525,15,85,0,0,"",171.388,-200,7.931,0,0,3,"=","=","=","=","=","=","=","","",0,R,"Riyaj",190,80,0.451,,39,W,Y,0,,,,,,,,,,,,,,,,,,,,,,,,,,,,,0,0,,,,,,,,,,,,,,,1185.759,3,,578,0,,,,,,,,,,,,,,,,,,,-0.044,-37.233,-0.015,-17.69,-20.054,-47.19,-16.778,-62.954,20.759,-48.356,9.924,-63.329,40.907,-90.657,-0.319,-109.935,-40.807,-90.557,,,,"",,,,"",,,,"",,,,"",,,,"",,,,"",,,,"",,,,"",,,,1186.904,-0.044,-37.539,,,,,,,,,,,,,,,,,,,,,,,,,,,,,,,,,,,,,,,,,,,,,,,,,,,,"",0,,,,,,,,,,,,,0,"",,,,0,""
52,SIDE,3,0,0,2,0,0,2,0,0,0,255,255,255,,1187.695,,,,,,,,,,,,,,,,,,,,,,,,4,"=","=","=","=","=","=","=","","",,,,,,,,,,,,,,,,,,,,,,,,,,,,,,,,,,,,,,,0,0,,,,,,,,,,,,,,,,,,,,,,,,,,,,,,,,,,,,,,,,,,,,,,,,,,,,,,,,,,,,,,,,,,,,,,,,,,,,,,,,,,,,,,,,,,,,,,,,,,,,,,,,,,,,,,,,,,,,,,,,,,,,,,,,,,,,,,,,,,,,,,,,,"",0,,,,,,,,,,,,,0,"",,,,0,""
53,,4,1,0,2,0,0,0,0,0,0,255,255,255,23,1219.556,"Riyaj",R,13,76,114,-0.664,0.327,0.276,2.179,0.353,2.249,-36.788,52.672,81,19,0,0,"",-360.38,346.592,2.56,0,0,4,"CoalCat","muyang_","ke ro","shuwaYNZ","ゆっち一","Mr․D VRC","인생최패망자","","",2,L,"ゆっち一",181.4,84,0.401,,39,W,Y,0,,,,,,,,,,,,,,,,,,,,,,,,,,,,,0,0,,,,,,,,,,,,,,,,,,,,,,,,,,,,,,,,,,,,,,-0.119,-37.507,-0.137,-17.691,-20.085,-45.96,-10.48,-65.959,20.92,-48.227,15.055,-63.305,40.915,-90.664,0,-109.86,-38.488,-87.597,,,,"",,,,"",,,,"",,,,"",,,,"",,,,"",,,,"",,,,"",,,,,,,,,,,,,,,,,,,,,,,,,,,,,,,,,,,,,,,,,,,,,,,,,,,,,,,,,,"",0,,,,,,,,,,,,,0,"",,,,0,""
54,,4,1,0,2,0,1,0,0,0,0,255,255,255,24,1232.747,"Riyaj",R,26,89,140,0.093,1.433,0.186,2.183,-0.063,2.261,-36.788,38.131,88,9,3,4,"",70.749,-200,-9.119,0,0,4,"=","=","=","=","=","=","=","","",2,L,"ゆっち一",181.4,84,0.401,,39,W,Y,1,,,,,,,,,,,,,,,,,,,,,,,,,,,,,0,0,,,,,,,,,,,,,,,,,,,,,,,,,,,,,,,,,,,,,,-0.148,-37.503,-0.056,-17.576,-20.086,-45.953,-10.368,-66.017,20.908,-48.2,15.065,-63.291,40.907,-90.657,0,-109.85,-38.464,-87.621,,,,"",,,,"",,,,"",,,,"",,,,"",,,,"",,,,"",,,,"",,,,,,,,,,,,,,,,,,,,,,,,,,,,,,,,,,,,,,,,,,,,,,,,,,,,,,,,,,"",0,,,,,,,,,,,,,0,"",,,,0,""
55,,4,1,0,2,0,2,0,0,0,0,255,255,255,25,1244.726,"Riyaj",R,10,76,116,-3.131,-1.543,-0.091,1.867,-1.355,1.19,-36.788,10.51,48,52,0,1,"",-2.444,400,11.913,-0.646,-18.22,4,"=","=","=","=","=","=","=","","",2,L,"ゆっち一",181.4,84,0.401,,39,W,Y,0,,,,,,,,,,,,,,,,,,,,,,,,,,,,,0,0,,,,,,,,,,,,,,,,,,,,,,,,,,,,,,,,,,,,,,-0.221,-37.485,-0.024,-17.575,-20.087,-45.899,-10.164,-66.126,20.927,-48.213,15.079,-63.29,40.907,-90.657,0,-109.85,-38.446,-87.61,,,,"",,,,"",,,,"",,,,"",,,,"",,,,"",,,,"",,,,"",,,,,,,,,,,,,,,,,,,,,,,,,,,,,,,,,,,,,,,,,,,,,,,,,,,,,,,,,,"",0,,,,,,,,,,,,,0,"",,,,0,""
56,,4,1,0,2,1,2,0,0,0,0,255,255,255,26,1257.865,"Riyaj",R,10,64,108,-0.395,0.213,0.162,2.193,-0.176,2.298,-36.788,51.192,87,13,0,2,"",0,400,1.771,0,0,4,"=","=","=","=","=","=","=","","",2,L,"ゆっち一",181.4,84,0.401,3,39,W,Y,1,1259.074,255,139,111,81,40,,145,128,29.727,-16.869,-0.074,1.036,-20.347,0.66,0,0.34,114.273,196.573,-99.555,1262.523,28.502,-130.41,1264.173,7,25.031,0.055,-125.652,1,0,,1264.63,1269.201,,,,,,,,,,,,,,,,,,,,,,,,,,,,,1270.921,3,,,,,-0.2,-37.43,0.027,-17.676,-20.118,-45.944,-10.299,-66.025,20.904,-48.169,15.143,-63.397,40.907,-90.657,0,-109.85,-38.488,-87.447,-0.163,-37.141,,"mochi_2929",-0.029,-17.718,,"소솨소솨",-20.008,-45.819,,"_Gosomi",-10.16,-65.986,85,"눈꽃",20.867,-48.124,,"아침땅_",15.077,-63.249,,"AI",40.9,-90.65,,"AI",0,-109.84,,"yumi2012",-38.462,-87.411,,1274.122,0.092,-38.554,,,,,,,1270.768,0.166,-59.516,,,,,,,,,,,,,,,,,,,,,,,,,1272.96,-0.626,-57.226,,,,,,,,,,,,,,,,"",2,,,,,,,,,,,,,0,"AI",1269.201,,,12,""
57,,4,1,0,2,0,0,0,0,1,0,255,2,255,27,1286.364,"Riyaj",R,10,75,116,0.188,-1.128,0.216,1.949,0.076,1.464,-36.788,29.55,94,6,0,4,"",0,400,-0.692,0,0,5,"=","=","=","=","=","=","=","","",7,R,"Mr․D VRC",177.1,93.352,0.449,,35,W,Y,1,,,,,,,,,,,,,,,,,,,,,,,,,,,,,0,0,,,,,,,,,,,,,1299.294,,,,,,,,,,,,,,,,,,,,,,,,,-0.108,-37.434,-0.01,-17.563,-20.073,-45.684,-16.238,-63.181,18.49,-45.899,12.265,-64.81,40.915,-90.664,0,-109.85,-43.582,-92.472,,,,"",,,,"",,,,"",,,,"",,,,"",,,,"",,,,"",,,,"",,,,1292.152,-0.033,-37.047,,,,,,,,,,,,,,,,,,,,,,,,,,,,,,,,,,,,,,,,,,,,,,,,,,,,"",0,,,,,,,,,,,,,0,"",1290.099,,,0,""
58,,4,1,0,2,0,1,0,0,1,0,255,2,255,28,1304.65,"Riyaj",R,27,86,139,-0.324,-0.853,0.147,1.802,-0.247,0.954,-36.788,12.184,48,52,0,2,"",72.153,-141.675,1.089,0,0,5,"=","=","=","=","=","=","=","","",7,R,"Mr․D VRC",177.1,93.352,0.449,5,35,W,Y,1,1305.737,156,115,109,99,46,,145,111,-30,-34.512,-0.056,0.708,-20.865,0.93,0,0.327,-293.468,-76.26,-277.091,1303.823,0.572,-21.779,1305.223,4,15.32,2.363,-41.819,0,16,,,,,,,,,1308.761,,,,,,1307.6,4,2,293,0,1310.078,5,,147,1,,,,,,,,,,,,,,-0.082,-37.536,0.039,-17.557,-20.172,-45.595,-1.5,-61.729,19.245,-41.917,5.469,-66.278,40.915,-90.664,0,-109.85,-42.529,-91.254,0.08,-37.15,,"mochi_2929",-0.113,-17.788,,"소솨소솨",-20.126,-45.553,85,"_Gosomi",-7.905,-61.225,,"눈꽃",19.089,-42.013,112,"아침땅_",10.953,-64.62,,"AI",40.9,-90.65,,"AI",0,-109.84,,"yumi2012",-42.69,-91.28,,1313.419,-0.999,-37.719,,,,1309.486,-19.114,-40.386,,,,1307.156,15.802,-42.245,,,,,,,,,,,,,,,,,,,1312.313,-17.882,-39.573,,,,1308.167,11.312,-44.922,,,,,,,,,,,,,"",2,-33.963,-33.963,-9.274,0,2,0.323,-46.247,-34.984,-5.885,-54.891,0.049,-68.776,0,"눈꽃",,1308.761,,11,""
59,,4,1,0,2,0,0,2,0,0,0,255,255,255,29,1329.746,"Riyaj",R,0,44,102,2.012,2.139,0.386,2.404,0.865,2.951,-36.788,77.985,100,0,0,1,"",0,0,0,0,0,6,"=","=","=","=","=","=","=","","",0,R,"인생최패망자",190,86,0.35,,38,W,Y,0,,,,,,,,,,,,,,,,,,,,,,,,,,,,,0,0,,,,,,,,,,,,,,,,,,,,,,,,,,,,,,,,,,,,,,-0.082,-37.381,-0.093,-17.546,-19.774,-44.457,-11.499,-65.262,21.058,-46.858,12.56,-64.543,40.915,-90.664,0,-109.86,-45.242,-91.514,,,,"",,,,"",,,,"",,,,"",,,,"",,,,"",,,,"",,,,"",,,,1335.271,-0.182,-37.53,,,,,,,,,,,,,,,,,,,,,,,,,,,,,,,,,,,,,,,,,,,,,,,,,,,,"",0,,,,,,,,,,,,,0,"",,,,0,""
60,,4,1,0,2,1,0,2,0,0,0,255,255,255,30,1343.267,"Riyaj",R,26,88,140,0.674,0.542,0.25,2.036,0.233,1.759,-36.788,26.496,90,10,0,2,"",38.051,-200,5.26,0,0,6,"=","=","=","=","=","=","=","","",0,R,"인생최패망자",190,86,0.35,5,38,W,Y,1,1344.301,215,135,153,131,69,,145,92,36.085,12.806,0.125,1.234,-20.518,-0.87,0,0.378,525.843,130.478,165.586,1347.623,-19.463,-91.175,1349.306,7,-23.585,0.526,-97.744,1,0,,1350.008,1354.293,,,,,,,,,,,,,,,,,,,,,,,,,,,,,1355.168,5,,,,,0,-37.532,0.022,-17.441,-19.845,-44.415,-11.389,-65.243,20.617,-47.763,12.86,-64.674,40.907,-90.657,0,-109.85,-45.278,-91.298,0.034,-37.031,,"mochi_2929",-0.063,-17.61,,"소솨소솨",-19.706,-44.447,,"_Gosomi",-12.344,-64.758,,"눈꽃",20.497,-47.667,,"아침땅_",12.622,-65.588,85,"AI",40.9,-90.65,,"AI",0,-109.84,,"yumi2012",-45.275,-91.351,,1358.04,0.071,-38.726,,,,,,,,,,,,,1354.773,-0.48,-60.395,,,,,,,,,,,,,,,,,,,,,,,,,1356.981,0.524,-55.317,,,,,,,,,,"",2,13.12,13.12,-5.079,0,2,0.42,85.56,36.085,-1.915,83.815,0.062,75.166,0,"AI",1354.293,,,40,""
61,,4,1,0,2,0,0,2,0,1,0,255,0,255,31,1375.364,"Riyaj",R,10,74,115,0.609,-0.912,0.257,1.991,0.267,1.609,-36.788,25.417,50,50,0,2,"",-5.432,400,3.625,0,0,0,"=","=","=","=","=","=","=","","",5,R,"CoalCat",174.9,82.838,0.435,0,38,W,Y,1,1376.521,180,39,63,53,30,,137,94,-18.655,21.756,0.111,0.616,-20.244,-0.37,0,0.348,-42.562,-25.622,26.998,1374.639,-0.53,-21.85,1376.856,3,-14.029,0.054,-55.159,0,1,,1381.825,,,,,,,1380.226,,,,,,1381.356,0,,147,4,,,,,,,,,,,,,,,,,,,-0.071,-37.465,0.009,-17.457,-19.966,-45.283,-15.15,-63.496,18.774,-45.069,12.486,-64.659,40.922,-90.67,0,-109.86,-44.463,-91.273,-0.042,-37.22,,"mochi_2929",-0.052,-17.606,,"소솨소솨",-19.795,-44.861,,"_Gosomi",-15.066,-63.395,102,"눈꽃",18.244,-45.27,,"아침땅_",12.579,-64.605,,"AI",40.9,-90.65,,"AI",0,-109.84,,"yumi2012",-44.39,-91.214,,,,,,,,1380.707,-19.008,-40.13,1378.851,-14.822,-57.117,,,,,,,,,,,,,,,,,,,,,,,,,1379.985,-16.459,-51.616,,,,,,,,,,,,,,,,"",2,,,,,,,,,,,,,0,"_Gosomi",,1380.226,,6,""
62,SIDE,4,1,0,2,0,0,2,0,0,1,255,255,0,,1383.055,,,,,,,,,,,,,,,,,,,,,,,,1,"=","=","=","=","=","=","=","","",,,,,,,,,,,,,,,,,,,,,,,,,,,,,,,,,,,,,,,0,0,,,,,,,,,,,,,,,,,,,,,,,,,,,,,,,,,,,,,,,,,,,,,,,,,,,,,,,,,,,,,,,,,,,,,,,,,,,,,,,,,,,,,,,,,,,,,,,,,,,,,,,,,,,,,,,,,,,,,,,,,,,,,,,,,,,,,,,,,,,,,,,,,"",0,,,,,,,,,,,,,0,"",,,,0,""
63,,4,0,0,2,0,0,0,0,0,0,255,255,255,23,1408.263,"인생최패망자",R,26,92,140,1.557,1.06,0.595,1.832,0.441,2.096,-36.69,48.151,20,80,0,2,"",160.485,-200,2.618,0,0,4,"눈꽃","소솨소솨","_Gosomi","Riyaj","mochi_2929","아침땅_","yumi2012","","",1,R,"mochi_2929",190,91.482,0.463,5,38,W,Y,1,1409.345,112,70,87,43,25,,136,84,28.773,55.183,0.283,1.393,-19.734,-1,0,0.214,490.991,130.933,-319.037,1412.173,-58.759,-57.598,,,,,,0,0,,,,,,,,,,,,,,,,,,,,,,,,,,,,,,,,,,,,,,0.016,-37.264,-0.021,-17.304,-19.604,-47.627,-17.564,-62.516,20.691,-48.02,10.734,-62.062,40.93,-90.677,1.927,-114.582,-40.83,-90.577,0.267,-36.908,,"ke ro",-0.01,-17.307,,"ゆっち一",-19.52,-47.539,,"muyang_",-17.37,-62.542,,"shuwaYNZ",20.684,-48.005,,"CoalCat",10.742,-61.909,,"AI",40.9,-90.65,,"Mr․D VRC",1.99,-114.531,,"AI",-40.8,-90.55,,,,,,,,,,,,,,,,,,,,,,,,,,,,,,,,,,,,,,,,,,,,,,,,,,,,,,,,"",3,55.641,55.641,13.324,0,0,1,28.773,28.773,18.972,28.773,0,63.659,0,"",,,,0,""
64,,4,0,0,2,0,1,0,0,0,0,255,255,255,24,1425.493,"인생최패망자",R,13,84,109,-3.693,-1.692,0.216,1.482,-0.88,0.976,-36.69,33.161,5,95,0,1,"",-386.885,312.348,19.731,-0.889,-18.335,4,"=","=","=","=","=","=","=","","",1,R,"mochi_2929",190,91.482,0.463,,38,W,Y,0,,,,,,,,,,,,,,,,,,,,,,,,,,,,,0,0,,,,,,,,,,,,,,,,,,,,,,,,,,,,,,,,,,,,,,-0.161,-37.239,0.002,-17.281,-21.734,-47.432,-16.829,-62.692,18.863,-47.393,9.719,-63.205,40.915,-90.664,0.082,-116.701,-40.808,-90.557,,,,"",,,,"",,,,"",,,,"",,,,"",,,,"",,,,"",,,,"",,,,,,,,,,,,,,,,,,,,,,,,,,,,,,,,,,,,,,,,,,,,,,,,,,,,,,,,,,"",0,,,,,,,,,,,,,0,"",,,,0,""
65,,4,0,0,2,1,1,0,0,0,0,255,255,255,25,1436.649,"인생최패망자",R,26,98,140,0.769,0.394,0.534,1.802,0.16,1.675,-36.69,39.836,24,76,0,2,"",115.647,-200,9.911,0,0,4,"=","=","=","=","=","=","=","","",1,R,"mochi_2929",190,91.482,0.463,5,38,W,Y,1,1437.742,154,64,75,37,20,,137,104,-30,65.609,0.015,1.148,-19.772,0.01,0,0.227,136.985,454.17,-68.146,1435.639,-1.689,-20.54,,,,,,0,0,,,,,,,,,,,,,,,,,,,,,,,,,,,,,,,,,,,,,,0.032,-37.357,0.012,-17.309,-21.895,-47.603,-16.567,-62.592,19.307,-47.529,9.894,-63.017,40.907,-90.657,0.128,-116.185,-40.807,-90.557,-0.009,-36.932,,"ke ro",0.007,-17.26,,"ゆっち一",-21.793,-47.504,,"muyang_",-16.447,-62.465,,"shuwaYNZ",19.93,-47.105,,"CoalCat",9.945,-62.858,,"AI",40.9,-90.65,,"Mr․D VRC",0.138,-116.027,,"AI",-40.8,-90.55,,,,,,,,,,,,,,,,,,,,,,,,,,,,,,,,,,,,,,,,,,,,,,,,,,,,,,,,"",3,85.21,62.216,22.579,0.807,0,1,-80.391,-80.391,-20.534,-80.391,0,-136.619,0,"",,,,0,""
66,,4,0,0,2,1,2,0,0,0,0,255,255,255,26,1449.945,"인생최패망자",R,13,90,112,-0.169,-1.46,0.7,1.54,0.621,1.103,-36.69,58.16,3,97,0,2,"",-390.434,312.348,11.042,0,0,4,"=","=","=","=","=","=","=","","",1,R,"mochi_2929",190,91.482,0.463,5,38,W,Y,1,1451.067,255,56,98,88,44,,145,89,111.541,-54.368,0.018,0.547,-21.062,1,0,0.142,179.922,-355.887,-406.808,,,,,,,,,0,0,,,,,,,,,,,,,,,,,,,,,,,,,,,,,,,,,,,,,,0.087,-37.512,0.011,-17.286,-21.394,-47.554,-16.602,-62.561,20.035,-47.367,10.316,-62.436,40.907,-90.657,0.239,-117.002,-40.808,-90.557,0.205,-36.956,,"ke ro",0.048,-17.285,,"ゆっち一",-21.299,-47.486,,"muyang_",-16.413,-62.417,,"shuwaYNZ",20.055,-47.36,,"CoalCat",10.466,-62.668,,"AI",40.9,-90.65,,"Mr․D VRC",0.249,-116.765,,"AI",-40.8,-90.55,,,,,,,,,,,,,,,,,,,,,,,,,,,,,,,,,,,,,,,,,,,,,,,,,,,,,,,,"",3,-159.182,-50.458,-10.822,1,0,1,68.459,68.459,19.591,68.459,0,-170.755,0,"",,,,0,""
67,,4,0,0,2,1,2,0,0,0,0,255,255,255,27,1462.912,"인생최패망자",R,14,82,107,1.298,0.815,0.464,2.234,-0.112,2.601,-36.69,59.304,85,15,0,2,"",342.426,355.074,-4.839,0,0,4,"=","=","=","=","=","=","=","","",1,R,"mochi_2929",190,91.482,0.463,5,38,W,Y,1,1464.094,167,56,116,66,39,,145,89,15.924,-37.889,0.289,1.398,-20.605,-1,0,0.236,445.35,83.836,299.655,1465.923,42.969,-77.006,1466.473,6,43.32,0.267,-77.468,1,0,,1469.767,,,,,,,,,,,,,,,,,,,,,,,,,,,,,,,,,,,,0.067,-37.597,-0.022,-17.172,-21.154,-47.092,-16.78,-62.612,19.709,-47.375,9.98,-64.494,40.907,-90.657,-0.156,-116.526,-40.807,-90.557,0.352,-36.967,,"ke ro",-0.057,-17.177,,"ゆっち一",-21.131,-47.088,,"muyang_",-16.664,-62.47,72,"shuwaYNZ",19.537,-47.392,,"CoalCat",10.052,-64.347,,"AI",40.9,-90.65,,"Mr․D VRC",-0.141,-116.535,,"AI",-40.8,-90.55,,1475.819,-0.028,-38.699,,,,,,,1472.147,0.943,-59.634,,,,,,,,,,,,,,,,,,,,,,,,,1474.637,-2.51,-55.14,,,,,,,,,,,,,,,,"",2,-38.62,-38.62,-3.199,0,0,1,15.924,15.924,27.471,15.924,0,-49.468,0,"AI",,,,66,""
68,,4,0,0,2,0,0,0,1,0,0,11,255,255,28,1488.07,"인생최패망자",R,26,98,140,1.539,0.983,0.601,1.778,0.472,1.953,-36.69,53.462,18,82,0,1,"",131.807,-200,6.073,0,0,5,"=","=","=","=","=","=","=","","",5,R,"아침땅_",170.2,86.571,0.5,,38,W,Y,0,,,,,,,,,,,,,,,,,,,,,,,,,,,,,0,0,,,,,,,,,,,,1488.524,,,,,,,,,,,,,,,,,,,,,,,,,,0.025,-37.505,0.003,-17.436,-20.046,-41.819,-11.438,-57.368,18.807,-47.374,7.768,-62.056,40.915,-90.664,0.404,-112.471,-40.815,-90.564,,,,"",,,,"",,,,"",,,,"",,,,"",,,,"",,,,"",,,,"",,,,1492.774,0.041,-37.497,,,,,,,,,,,,,,,,,,,,,,,,,,,,,,,,,,,,,,,,,,,,,,,,,,,,"",0,,,,,,,,,,,,,0,"",,,,0,""
69,,4,0,0,2,1,0,0,1,0,0,11,255,255,29,1501.283,"인생최패망자",R,26,95,140,31.674,-2.802,0.586,1.685,0.399,1.615,-36.69,47.415,31,69,0,2,"",91.306,-200,-7.667,0,0,5,"=","=","=","=","=","=","=","","",5,R,"아침땅_",170.2,86.571,0.5,5,38,W,Y,1,1502.273,194,86,122,47,27,,145,82,-24.697,48.41,0.076,1.17,-20.499,-1,0.048,0.406,488.626,315.995,-94.217,1500.189,-1.699,-22.07,1501.939,2,-21.239,0.135,-39.215,0,0,,,,,,,,,,,,1520.106,,,,,,,,,,,,,,,,,,1504.754,2,,,,,,,0.007,-37.308,0.028,-17.399,-20.115,-43.072,-12.277,-57.37,19.247,-48.307,7.792,-61.736,40.907,-90.657,0.377,-112.233,-40.808,-90.557,0.112,-36.926,,"ke ro",0.019,-17.47,,"ゆっち一",-19.944,-44.3,73,"muyang_",-12.104,-57.371,,"shuwaYNZ",19.585,-47.992,,"CoalCat",7.823,-61.565,,"AI",40.9,-90.65,,"Mr․D VRC",0.375,-112.134,,"AI",-40.8,-90.55,,,,,,,,1504.181,-21.75,-39.685,,,,,,,,,,,,,,,,,,,,,,,,,1508.095,-12.768,-47.192,,,,,,,,,,,,,,,,,,,"",3,66.371,41.466,-0.138,0.68,1,0.8,-39.272,-24.697,-27.538,-75.312,0.047,117.815,0,"ゆっち一",,,,16,""
70,,4,0,0,2,1,1,0,1,0,0,11,255,255,30,1522.13,"인생최패망자",R,10,84,111,0.104,-0.827,0.51,1.826,0.031,1.727,-36.69,51.248,80,20,0,0,"",0,400,-30.738,0,0,5,"=","=","=","=","=","=","=","","",5,R,"아침땅_",170.2,86.571,0.5,,36,W,Y,0,,,,,,,,,,,,,,,,,,,,,,,,,,,,,0,16,,,,,,1525.706,,,,,,,,,1525.98,4,1,278,4,,,,,,,,,,,,,1525.898,5,,,,,-0.062,-37.268,-0.029,-17.172,-19.251,-45.643,-11.298,-57.333,19.355,-46.625,7.096,-62.851,40.915,-90.664,-0.215,-111.447,-40.815,-90.564,,,,"",,,,"",,,,"",,,,"",,,,"",,,,"",,,,"",,,,"",,,,,,,,,,,,,,,,,,,,,,,,,,,,,,,,,,,,,,,,,,,,,,,,,,,,,,,,,,"",0,,,,,,,,,,,,,0,"",1525.706,,,0,""
71,,4,0,0,2,1,2,1,0,0,0,255,255,255,31,1538.165,"인생최패망자",R,26,60,115,3.294,3.027,0.677,1.707,1.392,3.107,-36.69,116.044,19,81,0,1,"",12.863,-178.576,-3.395,0,0,5,"=","=","=","=","=","=","=","","",5,R,"아침땅_",170.2,86.571,0.5,,36,W,Y,0,,,,,,,,,,,,,,,,,,,,,,,,,,,,,0,0,,,,,,,,,,,,,,,,,,,,,,,,,,,,,,,,,,,,,,-0.071,-37.208,-0.029,-17.352,-20.676,-46.946,-16.409,-62.211,19.267,-47.551,6.24,-63.792,40.907,-90.657,0.533,-110.877,-40.807,-90.557,,,,"",,,,"",,,,"",,,,"",,,,"",,,,"",,,,"",,,,"",,,,,,,,,,,,,,,,,,,,,,,,,,,,,,,,,,,,,,,,,,,,,,,,,,,,,,,,,,"",0,,,,,,,,,,,,,0,"",,,,0,""
72,,4,0,0,2,2,2,1,0,0,0,255,255,255,32,1551.051,"인생최패망자",R,26,93,140,0.836,1.903,0.544,1.822,0.203,2.474,-36.69,45.863,77,23,0,2,"",105.361,-200,11.371,0,0,5,"=","=","=","=","=","=","=","","",5,R,"아침땅_",170.2,86.571,0.5,5,36,W,Y,1,1552.01,183,97,96,48,25,,145,82,-36.294,-0.091,0.151,1.486,-20.166,-1,0,0.291,590.472,41.4,-98.126,1549.889,0.152,-22.093,1551.023,0,0.151,1.767,-34.865,0,0,,,,,,,,,,,,,,,1556.516,5,,147,64,,,,,,,,,,,,,,,,,,,0.003,-37.324,-0.049,-17.22,-20.947,-47.316,-13.656,-60.206,19.25,-47.563,8.665,-63.114,40.907,-90.657,0.471,-110.058,-40.807,-90.557,0.247,-36.953,93,"ke ro",-0.048,-17.224,,"ゆっち一",-20.953,-47.45,63,"muyang_",-14.009,-60.033,,"shuwaYNZ",19.251,-47.537,,"CoalCat",8.62,-63.008,,"AI",40.9,-90.65,,"Mr․D VRC",0.477,-109.998,,"AI",-40.8,-90.55,,1553.222,0.087,-35.1,,,,1555.884,-19.34,-39.406,,,,,,,,,,,,,,,,,,,1554.923,-2.141,-35.183,,,,1558.389,-18.069,-39.25,,,,,,,,,,,,,,,,,,,"",2,0.946,0.946,3.428,0,1,0.459,-52.581,-36.294,-44.775,-61.227,0.057,-14.059,0,"인생최패망자",,,,80,""
73,,4,0,0,2,0,0,2,0,0,0,255,255,255,33,1574.343,"인생최패망자",R,26,98,140,1.035,0.437,0.543,1.697,0.199,1.659,-36.69,44.64,30,70,0,2,"",172.38,-200,0.061,0,0,6,"=","=","=","=","=","=","=","","",8,R,"yumi2012",173.9,90.292,0.504,3,38,W,Y,1,1575.469,182,34,31,36,21,,103,107,-30,9.609,0.132,0.759,-19.672,0.41,0,0.377,-558.812,-29.069,216.527,1573.339,-0.071,-20.871,1577.723,7,-12.724,0.059,-93.412,1,0,,1581.234,,,,,,,,,,,,,,,,,,,,,,,,,,,,,,,,,,,,-0.056,-37.149,-0.035,-17.35,-20.655,-47.116,-16.808,-62.87,19.34,-47.733,9.031,-63.393,40.922,-90.67,0.475,-110.944,-40.822,-90.571,0.029,-36.837,,"ke ro",-0.012,-17.342,,"ゆっち一",-20.677,-47.138,,"muyang_",-17.757,-65.611,,"shuwaYNZ",19.343,-47.733,,"CoalCat",9.061,-63.304,57,"AI",40.9,-90.65,,"Mr․D VRC",0.467,-110.821,116,"AI",-40.8,-90.55,,1586.761,-0.984,-38.488,,,,,,,,,,,,,1582.438,-0.51,-59.369,,,,1579.848,-13.333,-95.599,,,,,,,,,,,,,,,,,,,1585.118,0.079,-57.79,,,,1581.16,-10.448,-86.188,,,,"",2,,,,,,,,,,,,,0,"Mr․D VRC",,,,97,""
74,,4,0,0,2,0,0,2,1,0,0,18,255,255,34,1600.839,"인생최패망자",R,14,83,107,-0.501,-0.767,0.231,1.795,-0.833,1.654,-36.69,34.686,53,47,0,0,"",313.764,382.04,0.026,0,0,0,"=","=","=","=","=","=","=","Yes_Man_","",4,L,"눈꽃",190,90,0.597,,38,W,Y,1,,,,,,,,,,,,,,,,,,,,,,,,,,,,,0,0,,,,,,,,,,,,1601.885,,,,,,,,,,,,,,,,,,,,,,,,,,-0.186,-37.304,-0.026,-17.37,-20.177,-47.102,-13.339,-58.723,20.312,-46.907,13.188,-59.913,40.918,-90.666,0.225,-117.375,-40.818,-90.566,,,,"",,,,"",,,,"",,,,"",,,,"",,,,"",,,,"",,,,"",,,,1604.628,-0.005,-37.326,,,,,,,,,,,,,,,,,,,,,,,,,,,,,,,,,,,,,,,,,,,,,,,,,,,,"",0,,,,,,,,,,,,,0,"",,,,0,""
75,,4,0,0,2,0,1,2,1,0,0,18,255,255,35,1614.701,"인생최패망자",R,26,99,140,-0.262,0.523,0.443,1.729,-0.265,1.762,-36.69,40.501,29,71,0,0,"",99.777,-200,6.729,0,0,0,"=","=","=","=","=","=","=","=","",4,L,"눈꽃",190,90,0.597,,38,W,Y,1,,,,,,,,,,,,,,,,,,,,,,,,,,,,,0,0,,,,,,,,,,,,1614.775,,,,,,,,,,,,,,,,,,,,,,,,,,-0.11,-37.147,0.015,-17.39,-21.285,-46.506,-12.687,-58.588,20.254,-46.929,13.208,-59.873,40.907,-90.657,0.102,-117.363,-40.807,-90.557,,,,"",,,,"",,,,"",,,,"",,,,"",,,,"",,,,"",,,,"",,,,1618.76,0.042,-37.274,,,,,,,,,,,,,,,,,,,,,,,,,,,,,,,,,,,,,,,,,,,,,,,,,,,,"",0,,,,,,,,,,,,,0,"",,,,0,""
76,,4,0,0,2,0,2,2,1,0,0,18,255,255,36,1627.428,"인생최패망자",R,10,85,111,0.714,-1.477,0.604,1.594,0.322,1.22,-36.69,51.565,38,62,0,4,"",-14.878,400,-32.011,0.062,-18.233,0,"=","=","=","=","=","=","=","=","",4,L,"눈꽃",190,90,0.597,,38,W,Y,1,,,,,,,,,,,,,,,,,,,,,,,,,,,,,0,1,,,,,,,,,,,,1629.528,,,1631.386,0,,274,0,,,,,,,,,,,,,,,,,,,-0.03,-37.243,0.015,-17.346,-19.935,-39.517,-9.03,-58.403,20.297,-46.889,13.225,-59.921,40.907,-90.657,0.107,-117.236,-40.807,-90.557,,,,"",,,,"",,,,"",,,,"",,,,"",,,,"",,,,"",,,,"",,,,,,,,,,,,,,,,,,,,,,,,,,,,,,,,,,,,,,,,,,,,,,,,,,,,,,,,,,"",0,,,,,,,,,,,,,0,"",,,,0,""
77,SIDE,4,0,0,2,0,0,2,1,0,0,18,255,255,,1634.015,,,,,,,,,,,,,,,,,,,,,,,,1,"=","=","=","=","=","=","=","=","",,,,,,,,,,,,,,,,,,,,,,,,,,,,,,,,,,,,,,,0,0,,,,,,,,,,,,,,,,,,,,,,,,,,,,,,,,,,,,,,,,,,,,,,,,,,,,,,,,,,,,,,,,,,,,,,,,,,,,,,,,,,,,,,,,,,,,,,,,,,,,,,,,,,,,,,,,,,,,,,,,,,,,,,,,,,,,,,,,,,,,,,,,,"",0,,,,,,,,,,,,,0,"",,,,0,""
78,,5,1,0,2,0,0,0,0,0,0,255,255,255,32,1664.822,"Riyaj",R,27,81,131,-0.884,1.237,0.127,2.139,-0.338,2.139,-36.788,29.317,93,7,0,2,"",-33.84,-133.319,-3.265,0,0,1,"CoalCat","muyang_","ke ro","shuwaYNZ","ゆっち一","Mr․D VRC","인생최패망자","","",3,R,"muyang_",171.4,80,0.498,5,38,W,Y,1,1665.903,135,215,74,58,31,,138,128,94.935,-33.787,-0.172,1.274,-20.027,0.58,0,0.175,417.876,140.556,271.645,,,,,,,,,0,0,,,,,,,,,,,,,,,,,,,,,,,,,,,,,,,,,,,,,,-0.164,-37.484,-0.106,-17.466,-21.024,-48.674,-15.161,-63.231,20.083,-47.722,11.866,-65.082,39.766,-94.589,0,-109.86,-41.983,-89.906,-0.059,-37.207,,"mochi_2929",-0.107,-17.502,,"소솨소솨",-20.506,-46.028,,"_Gosomi",-14.361,-63.644,,"눈꽃",20.072,-47.71,,"아침땅_",11.931,-65.037,,"Yes_Man_",39.876,-94.461,,"AI",0,-109.84,,"yumi2012",-41.92,-89.958,,,,,,,,,,,,,,,,,,,,,,,,,,,,,,,,,,,,,,,,,,,,,,,,,,,,,,,,"",3,-32.631,-32.631,-1.917,0,0,1,85.065,85.065,35.313,85.065,0,-40.553,0,"",,,,0,""
79,,5,1,0,2,0,1,0,0,0,0,255,255,255,33,1686.081,"Riyaj",R,27,83,135,-0.668,-0.426,0.135,1.885,-0.304,1.227,-36.788,19.375,55,45,0,2,"",6.215,-112.003,-5.515,0,0,1,"=","=","=","=","=","=","=","","",3,R,"muyang_",171.4,80,0.498,5,38,W,Y,1,1687.023,255,172,145,65,44,,145,111,-3.946,-31.624,-0.129,0.752,-20.047,0.91,0,0.291,187.858,-185.087,60.7,1684.873,4.072,-26.825,1686.123,4,16.916,0.056,-46.237,0,0,,,,,,,,,,,,,,,1691.301,1,,147,1,,,,,,,,,,,,,,,,,,,-0.107,-37.484,-0.078,-17.697,-20.518,-45.52,-15.892,-63.282,20.084,-47.717,12.146,-64.935,38.839,-92.597,0,-109.85,-43.483,-89.541,-0.018,-37.096,,"mochi_2929",-0.132,-17.94,,"소솨소솨",-20.387,-45.595,84,"_Gosomi",-15.881,-63.321,,"눈꽃",20.08,-47.695,110,"아침땅_",12.063,-64.958,,"Yes_Man_",38.824,-92.617,,"AI",0,-109.84,,"yumi2012",-43.444,-89.507,,1693.618,-1.023,-37.796,,,,1690.76,-18.922,-39.822,,,,1688.545,17.617,-47.424,,,,,,,,,,,,,,,,,,,1692.552,-18.05,-39.815,,,,1689.35,12.771,-46.057,,,,,,,,,,,,,"",2,-30.738,-30.738,0.002,0,2,0.967,-6.811,-3.946,-5.782,3.798,0.008,-48.058,0,"눈꽃",,,,11,""
80,,5,1,0,2,0,0,1,0,0,0,255,255,255,34,1705.815,"Riyaj",R,26,83,134,0.176,-0.964,0.215,1.762,0.068,0.871,-36.788,25.057,60,40,0,2,"",-46.253,-200,-3.12,0,0,2,"=","=","=","=","=","=","=","","",1,R,"ke ro",190,80.196,0.367,0,38,W,Y,1,1706.768,132,100,66,62,0,,137,104,101.734,-71.087,-0.001,0.674,-20.217,-0.15,0,0.635,479.017,353.087,-37.334,,,,,,,,,0,0,,,,,,,,,,,,,,,,,,,,,,,,,,,,,,,,,,,,,,-0.173,-37.382,-0.029,-17.634,-19.358,-44.301,-16.117,-63.185,20.649,-48.38,12.297,-64.756,39.53,-91.893,0,-109.85,-45.241,-93.466,0.023,-37.179,,"mochi_2929",-0.121,-17.935,,"소솨소솨",-19.462,-45.012,,"_Gosomi",-15.515,-63.426,,"눈꽃",20.649,-48.372,,"아침땅_",12.323,-65.567,,"Yes_Man_",39.885,-91.615,,"AI",0,-109.84,,"yumi2012",-45.222,-93.421,,,,,,,,,,,,,,,,,,,,,,,,,,,,,,,,,,,,,,,,,,,,,,,,,,,,,,,,"",3,,,,,,,,,,,,,0,"",,,,0,""
81,,5,1,0,2,0,1,1,0,0,0,255,255,255,35,1723.745,"Riyaj",R,10,73,115,0.077,-0.881,0.211,1.971,0.05,1.549,-36.788,34.048,84,16,0,2,"",-12.71,400,2.838,0,0,2,"=","=","=","=","=","=","=","","",1,R,"ke ro",190,80.196,0.367,5,55,W,Y,1,1724.772,155,81,63,67,69,,138,130,-5.082,-30.85,0.018,0.73,-20.74,0.64,0,0.746,-227.291,-27.196,-83.432,1722.473,3.378,-26.36,1723.689,4,15.755,0.059,-48.021,0,0,,,,,,,,,,,,,,,1728.774,2,,147,1,,,,,,,,,,,,,,,,,,,-0.149,-37.413,-0.147,-17.927,-19.509,-44.981,-16.327,-62.464,20.134,-48.324,12.25,-64.953,39.932,-92.778,0,-109.85,-43.475,-91.586,0.053,-36.939,,"mochi_2929",-0.155,-17.996,,"소솨소솨",-19.527,-44.816,79,"_Gosomi",-16.269,-62.39,,"눈꽃",20.121,-48.314,120,"아침땅_",12.32,-65.988,,"Yes_Man_",39.975,-92.714,,"AI",0,-109.84,,"yumi2012",-43.475,-91.582,,1731.098,-0.409,-38.35,,,,1728.222,-18.966,-39.497,,,,1726.061,16.62,-49.25,,,,,,,,,,,,,,,,,,,1729.929,-18.039,-39.624,,,,1726.908,11.549,-47.771,,,,,,,,,,,,,"",2,-30.109,-30.109,-4.846,0,0,1,-5.082,-5.082,-13.54,-5.082,0,-34.527,0,"눈꽃",,,,11,""
82,,5,1,0,2,0,0,2,0,0,0,255,255,255,36,1746.204,"Riyaj",R,26,85,138,0.096,-0.582,0.208,1.817,0.036,1.051,-36.788,18.825,49,51,0,0,"",-0.376,-200,9.12,0.048,-19.554,3,"=","=","=","=","=","=","=","","",4,R,"shuwaYNZ",190,82.084,0.381,,38,W,Y,0,,,,,,,,,,,,,,,,,,,,,,,,,,,,,0,0,,,,,,,,,,,,,,,,,,,,,,,,,,,,,,,,,,,,,,-0.029,-37.559,0.012,-18.187,-19.488,-44.722,-15.833,-63.044,20.232,-48.662,12.658,-64.745,37.494,-91.555,0,-109.86,-42.05,-89.886,,,,"",,,,"",,,,"",,,,"",,,,"",,,,"",,,,"",,,,"",,,,1753.31,-0.138,-37.623,,,,,,,,,,,,,,,,,,,,,,,,,,,,,,,,,,,,,,,,,,,,,,,,,,,,"",0,,,,,,,,,,,,,0,"",,,,0,""
83,,5,1,0,2,0,1,2,0,0,0,255,255,255,37,1764.15,"Riyaj",R,10,74,115,1.125,-0.862,0.285,2.003,0.395,1.654,-36.788,39.012,91,9,0,2,"",0,400,-6.987,0,0,3,"=","=","=","=","=","=","=","","",4,R,"shuwaYNZ",190,82.084,0.381,3,38,W,Y,1,1765.351,182,134,119,77,78,,145,87,-7.709,-5.466,0.175,0.837,-21.028,1,0,0.341,-5.139,-560.003,-8.617,1763.106,0.698,-26.023,1765.573,5,5.21,0.059,-64.813,1,0,,1771.353,,,,,,,,,,,,,,,,,,,,,,,,,,,,,,,,,,,,-0.136,-37.417,-0.103,-17.967,-19.442,-45.313,-15.793,-63.128,21.013,-49.04,12.606,-64.695,38.038,-92.793,0,-109.85,-42.214,-91.92,0.095,-36.942,,"mochi_2929",-0.077,-18.063,,"소솨소솨",-19.429,-45.075,85,"_Gosomi",-15.552,-63.163,,"눈꽃",20.344,-50.164,,"아침땅_",12.643,-66.011,,"Yes_Man_",37.981,-92.824,,"AI",0,-109.84,,"yumi2012",-42.19,-91.939,,1778.095,-0.439,-38.523,,,,1773.153,-18.878,-36.724,,,,,,,1768.021,5.34,-66.192,,,,,,,,,,,,,,,,1776.869,-20.889,-37.202,,,,,,,,,,,,,,,,,,,"",2,,,,,,,,,,,,,0,"아침땅_",,,,42,""
84,,5,1,0,2,0,0,2,1,0,0,4,255,255,38,1790.909,"Riyaj",R,10,76,116,-0.136,-0.747,0.188,2.007,-0.057,1.665,-36.788,28.409,85,15,0,0,"",-3.973,400,7.266,-0.077,-16.625,4,"=","=","=","=","=","=","=","","",2,L,"ゆっち一",181.4,84,0.401,,70,W,Y,0,,,,,,,,,,,,,,,,,,,,,,,,,,,,,0,0,,,,,,,,,,,,1807.112,,,,,,,,,,,,,,,,,,,,,,,,,,-0.113,-37.433,-0.096,-17.662,-19.019,-44.113,-10.842,-65.816,20.128,-45.797,15.218,-63.842,50.239,-98.113,0,-109.85,-39.789,-90.066,,,,"",,,,"",,,,"",,,,"",,,,"",,,,"",,,,"",,,,"",,,,1798.623,-0.835,-38.221,,,,,,,,,,,,,,,,,,,,,,,,,,,,,,,,,,,,,,,,,,,,,,,,,,,,"",0,,,,,,,,,,,,,0,"",,,,0,""
85,,5,1,0,2,0,1,2,1,0,0,4,255,255,39,1808.182,"Riyaj",R,10,78,121,-1.4,-0.675,0.069,1.962,-0.611,1.513,-36.788,27.013,83,17,0,2,"",-0.169,269.28,2.504,0,0,4,"=","=","=","=","=","=","=","","",2,L,"ゆっち一",181.4,84,0.401,3,70,W,Y,1,1809.281,255,143,88,114,66,,145,110,25.608,-42.13,-0.254,0.773,-20.693,0.88,0,0.343,-28.611,-211.202,-108.977,1810.873,62.57,-83.82,1813.256,6,71.728,0.055,-92.079,1,0,,1814.946,,,,1814.659,,,,,,,,,,,,,,,,,,,,,,,,,,,,,,,,-0.183,-37.397,0.018,-17.947,-19.228,-41.874,-11.716,-65.335,20.635,-45.279,14.965,-63.583,50.655,-98.206,0,-109.85,-39.748,-85.24,0.034,-36.778,,"mochi_2929",0.004,-18.07,,"소솨소솨",-19.12,-43.752,85,"_Gosomi",-11.77,-65.327,,"눈꽃",19.703,-45.693,,"아침땅_",15.15,-63.48,95,"Yes_Man_",50.662,-98.162,98,"AI",0,-109.84,,"yumi2012",-39.736,-85.26,,1826.326,-1.274,-38.416,,,,1823.534,-20.156,-39.563,,,,,,,1819.89,15.403,-65.91,1815.909,71.308,-91.665,,,,,,,,,,,,,1825.245,-18.64,-38.701,,,,,,,1821.693,9.685,-60.135,1817.177,66.058,-86.762,,,,,,,"",2,,,,,,,,,,,,,0,"Yes_Man_",1814.659,,,170,""
86,,5,1,0,2,0,0,2,1,1,0,2,4,255,40,1837.498,"Riyaj",R,27,84,137,1.415,0.832,0.311,2.094,0.517,1.967,-36.788,42.091,86,12,2,2,"",63.237,-108.247,-2.475,0,0,5,"=","=","=","=","=","=","=","","",7,R,"Mr․D VRC",177.1,93.352,0.449,5,38,W,Y,1,1838.572,148,91,121,85,41,,145,94,15.138,-37.949,0.192,1.349,-20.532,-0.53,0,0.311,413.089,197.785,212.863,1839.856,43.909,-80.46,1840.089,6,41.95,1.603,-77.577,0,0,,,,,,,,,,,,1839.358,1838.262,,1842.634,5,,455,0,,,,,,,,,,,,,,,,,,,-0.052,-37.595,0.063,-17.637,-19.338,-43.83,-15.262,-63.974,18.931,-45.711,11.047,-65.807,37.683,-92.029,0,-109.85,-39.51,-89.454,0.01,-36.983,,"mochi_2929",0.066,-17.635,,"소솨소솨",-19.407,-44.324,,"_Gosomi",-15.127,-64.06,,"눈꽃",18.602,-46.497,,"아침땅_",11.001,-65.687,,"Yes_Man_",37.74,-92.063,107,"AI",0,-109.84,,"yumi2012",-40.076,-90.338,,,,,,,,,,,,,,,,,,,,1842.642,42.507,-78.207,,,,,,,,,,,,,,,,,,,,,,,,,1843.679,36.342,-73.989,,,,,,,"",1,-37.986,-37.986,-3.08,0,0,1,15.138,15.138,30.21,15.138,0,-48.102,0,"Yes_Man_",,,,128,""
87,SIDE,5,1,0,2,0,0,2,1,1,0,2,4,255,,1844.437,,,,,,,,,,,,,,,,,,,,,,,,6,"=","=","=","=","=","=","=","","",,,,,,,,,,,,,,,,,,,,,,,,,,,,,,,,,,,,,,,0,0,,,,,,,,,,,,,,,,,,,,,,,,,,,,,,,,,,,,,,,,,,,,,,,,,,,,,,,,,,,,,,,,,,,,,,,,,,,,,,,,,,,,,,,,,,,,,,,,,,,,,,,,,,,,,,,,,,,,,,,,,,,,,,,,,,,,,,,,,,,,,,,,,"",0,,,,,,,,,,,,,0,"",,,,0,""
88,,5,0,0,2,0,0,0,0,0,0,255,255,255,37,1869.718,"인생최패망자",R,26,88,140,0.768,0.405,0.54,1.706,0.185,1.688,-36.69,48.114,48,52,0,0,"",96.692,-200,-9.779,0,0,1,"눈꽃","소솨소솨","_Gosomi","Riyaj","mochi_2929","아침땅_","yumi2012","Yes_Man_","",2,R,"소솨소솨",190,89.933,0.503,,38,W,Y,0,,,,,,,,,,,,,,,,,,,,,,,,,,,,,0,0,,,,,,,,,,,,,,,,,,,,,,,,,,,,,,,,,,,,,,-0.023,-37.334,0.01,-17.376,-20.058,-47.223,-16.146,-62.566,21.105,-47.967,9.937,-61.55,40.915,-90.664,0.154,-114.675,-40.815,-90.564,,,,"",,,,"",,,,"",,,,"",,,,"",,,,"",,,,"",,,,"",,,,,,,,,,,,,,,,,,,,,,,,,,,,,,,,,,,,,,,,,,,,,,,,,,,,,,,,,,"",0,,,,,,,,,,,,,0,"",,,,0,""
89,,5,0,0,2,0,1,0,0,0,0,255,255,255,38,1881.312,"인생최패망자",R,10,74,103,0.53,-0.85,0.609,1.714,0.339,1.693,-36.69,75.905,48,52,0,2,"",-58.402,400,-35.093,0,0,1,"=","=","=","=","=","=","=","=","",2,R,"소솨소솨",190,89.933,0.503,5,38,W,Y,1,1882.503,191,93,77,87,54,,145,130,25.801,-22.055,0.125,0.808,-21.106,0.7,0,0.669,543.04,42.19,251.651,1885.706,45.364,-136.331,,,,,,0,0,,1888.613,1893.207,1898.59,1903.624,,,,,,,,,,,,,,,,,,,,,,,,,,,,,,,,,-0.061,-37.419,0.02,-17.345,-19.904,-47.145,-16.576,-62.443,19.697,-47.171,10.192,-61.639,40.907,-90.657,0.103,-114.42,-40.807,-90.557,0.088,-36.963,,"ke ro",0.014,-17.323,,"ゆっち一",-19.797,-47.019,,"muyang_",-16.753,-62.777,,"shuwaYNZ",19.147,-46.987,,"CoalCat",10.191,-61.509,,"AI",40.9,-90.65,,"Mr․D VRC",0.005,-114.408,,"AI",-40.8,-90.55,,,,,,,,,,,,,,,,,,,,,,,,,,,,,,,,,,,,,,,,,,,,,,,,,,,,,,,,"",4,-19.87,-19.87,-10.552,0,2,0.305,87.143,32.641,-5.359,85.302,0.075,-24.159,0,"",1893.207,1898.59,,0,""
90,,5,0,0,3,0,0,0,0,0,0,255,255,255,39,1922.101,"인생최패망자",R,10,79,107,0.848,0.134,0.613,1.96,0.352,2.274,-36.69,58.989,72,28,0,0,"",0,400,-18.478,0.009,-15.191,2,"=","=","=","=","=","=","=","=","",3,R,"_Gosomi",175,86.314,0.433,,38,W,Y,0,,,,,,,,,,,,,,,,,,,,,,,,,,,,,0,0,,,,,,,,,,,,,,,,,,,,,,,,,,,,,,,,,,,,,,0.027,-37.44,0.018,-17.59,-20.181,-46.787,-16.289,-62.581,20.128,-46.584,10.173,-62.727,40.915,-90.664,0.677,-113.39,-40.815,-90.564,,,,"",,,,"",,,,"",,,,"",,,,"",,,,"",,,,"",,,,"",,,,,,,,,,,,,,,,,,,,,,,,,,,,,,,,,,,,,,,,,,,,,,,,,,,,,,,,,,"",0,,,,,,,,,,,,,0,"",,,,0,""
91,,5,0,0,3,0,1,0,0,0,0,255,255,255,40,1940.38,"인생최패망자",R,10,79,107,0.879,-0.523,0.618,1.801,0.365,1.902,-36.69,52.727,46,54,0,2,"",0,400,-21.106,0,0,2,"=","=","=","=","=","=","=","=","",3,R,"_Gosomi",175,86.314,0.433,5,38,W,Y,1,1941.577,144,108,82,96,55,,143,115,-30,-41.949,0.175,0.83,-21.11,0.87,0,0.324,-579.729,48.665,-146.786,1938.806,1.059,-22.091,1940.389,4,20.347,2.503,-43.515,0,0,,1947.293,,,,,,,,,,,,,1946.642,2,,147,8,,,,,,,,,,,,,,,,,,,-0.023,-37.399,-0.003,-17.489,-20.183,-46.84,-15.923,-61.644,19.702,-46.956,10.192,-62.784,40.907,-90.657,1.437,-113.124,-40.807,-90.557,0.092,-36.934,,"ke ro",-0.018,-17.443,,"ゆっち一",-20.169,-46.855,79,"muyang_",-15.945,-61.697,,"shuwaYNZ",19.701,-46.932,108,"CoalCat",10.193,-62.635,,"AI",40.907,-90.657,,"Mr․D VRC",1.14,-113.613,,"AI",-40.807,-90.557,,1949.404,-0.047,-36.092,,,,1946.029,-18.135,-39.219,,,,1943.187,21.075,-44.461,,,,,,,,,,,,,,,,,,,1948.304,-17.138,-39.162,,,,1944.432,17.667,-42.767,,,,,,,,,,,,,"",2,-40.34,-40.34,-26.497,0,0,1,-66.712,-66.712,-10.258,-66.712,0,-38.107,0,"shuwaYNZ",,,,88,""
92,,5,0,0,3,0,0,1,0,0,0,255,255,255,41,1961.956,"인생최패망자",R,26,91,140,1.812,0.539,0.619,1.736,0.555,1.786,-36.69,50.766,22,78,0,4,"",157.606,-181.53,3.108,0,0,3,"=","=","=","=","=","=","=","=","",0,R,"Riyaj",190,80,0.451,,38,W,Y,1,,,,,,,,,,,,,,,,,,,,,,,,,,,,,0,0,,,,,,,,,,,,,,,,,,,,,,,,,,,,,,,,,,,,,,-0.021,-37.24,-0.039,-17.287,-18.808,-46.212,-16.043,-61.845,19.199,-47.918,10.253,-62.481,40.915,-90.664,0.298,-111.647,-40.815,-90.564,,,,"",,,,"",,,,"",,,,"",,,,"",,,,"",,,,"",,,,"",,,,1965.588,0.328,-37.722,,,,,,,,,,,,,,,,,,,,,,,,,,,,,,,,,,,,,,,,,,,,,,,,,,,,"",0,,,,,,,,,,,,,0,"",,,,0,""
93,,5,0,0,3,0,1,1,0,0,0,255,255,255,42,1973.916,"인생최패망자",R,26,94,140,1.335,0.405,0.594,1.706,0.435,1.687,-36.69,45.302,50,50,0,0,"",93.807,-200,-4.173,0,0,3,"=","=","=","=","=","=","=","=","",0,R,"Riyaj",190,80,0.451,,38,W,Y,1,,,,,,,,,,,,,,,,,,,,,,,,,,,,,0,0,,,,,,,,,,,,,,,,,,,,,,,,,,,,,,,,,,,,,,0.04,-37.319,-0.025,-17.305,-18.81,-46.2,-16.313,-62.526,19.178,-47.929,10.2,-62.543,40.907,-90.657,0.686,-113.241,-40.807,-90.557,,,,"",,,,"",,,,"",,,,"",,,,"",,,,"",,,,"",,,,"",,,,1977.617,0.534,-37.741,,,,,,,,,,,,,,,,,,,,,,,,,,,,,,,,,,,,,,,,,,,,,,,,,,,,"",0,,,,,,,,,,,,,0,"",,,,0,""
94,,5,0,0,3,0,2,1,0,0,0,255,255,255,43,1990.501,"인생최패망자",R,26,82,133,2.557,1.089,0.686,1.834,0.864,2.104,-36.69,70.914,76,24,0,4,"",156.08,-200,-8.045,0,0,3,"=","=","=","=","=","=","=","=","",0,R,"Riyaj",190,80,0.451,,38,W,Y,1,,,,,,,,,,,,,,,,,,,,,,,,,,,,,0,0,,,,,,,,,,,,,,,1992.971,3,,578,0,,,,,,,,,,,,,,,,,,,-0.041,-37.31,-0.026,-17.273,-18.732,-45.932,-15.691,-62.674,19.334,-47.81,10.214,-62.545,40.915,-90.664,0.675,-112.692,-40.815,-90.564,,,,"",,,,"",,,,"",,,,"",,,,"",,,,"",,,,"",,,,"",,,,1994.226,0.132,-37.428,,,,,,,,,,,,,,,,,,,,,,,,,,,,,,,,,,,,,,,,,,,,,,,,,,,,"",0,,,,,,,,,,,,,0,"",,,,0,""
95,,5,0,0,3,0,0,2,0,0,0,255,255,255,44,2006.66,"인생최패망자",R,26,93,140,0.825,0.08,0.539,1.643,0.182,1.483,-36.69,40.844,45,55,0,2,"",117.216,-200,2.37,0,0,4,"=","=","=","=","=","=","=","=","",1,R,"mochi_2929",190,91.482,0.463,5,44,W,Y,1,2007.742,146,75,119,61,30,,145,131,-5.305,49.463,-0.019,1.035,-20.139,0.31,0,0.255,207.578,436.992,-51.27,2005.106,-7.064,-26.074,,,,,,0,0,,,,,,,,,,,,,,,,,,,,,,,,,,,,,,,,,,,,,,0.013,-37.409,-0.023,-17.272,-20.108,-46.309,-14.724,-64.044,19.679,-47.964,10.191,-62.533,40.915,-90.664,0.972,-113.077,-40.815,-90.564,0.198,-37.021,,"ke ro",0.001,-17.254,,"ゆっち一",-20.091,-46.303,,"muyang_",-13.999,-60.987,,"shuwaYNZ",19.661,-47.939,,"CoalCat",10.199,-62.392,,"AI",40.9,-90.65,,"Mr․D VRC",0.724,-113.294,,"AI",-40.8,-90.55,,,,,,,,,,,,,,,,,,,,,,,,,,,,,,,,,,,,,,,,,,,,,,,,,,,,,,,,"",3,50.413,50.413,11.601,0,0,1,-5.305,-5.305,-13.108,-5.305,0,60.451,0,"",,,,0,""
96,,5,0,0,3,0,1,2,0,0,0,255,255,255,45,2026.013,"인생최패망자",R,26,93,140,2.165,0.381,0.652,1.701,0.709,1.672,-36.69,55.373,22,78,0,2,"",156.617,-200,-8.764,0,0,4,"=","=","=","=","=","=","=","=","",1,R,"mochi_2929",190,91.482,0.463,5,44,W,Y,1,2027.157,160,74,119,41,27,,145,100,51.662,-36.881,0.397,1.116,-19.484,-0.47,0,0.208,546.911,-68.454,-140.931,2030.573,44.95,-70.053,2030.723,6,43.739,3.49,-68.559,0,0,,,,,,,,,,,,,,,2033.652,4,,456,0,,,,,,,,,,,,,,,,,,,-0.012,-37.261,0.061,-17.029,-19.641,-46.83,-16.844,-62.818,19.536,-47.928,10.752,-63.12,40.915,-90.664,0.361,-115.701,-40.815,-90.564,0.503,-37.04,,"ke ro",0.05,-16.998,,"ゆっち一",-19.551,-46.743,,"muyang_",-16.691,-62.633,,"shuwaYNZ",19.533,-47.892,,"CoalCat",10.808,-62.938,,"AI",40.9,-90.65,,"Mr․D VRC",0.364,-115.578,,"AI",-40.8,-90.55,,,,,,,,,,,,,,,,,,,,,,,,,,,,,,,,,,,,,,,,,,,,,,,,,,,,,,,,"",1,-36.66,-34.234,8.339,0,1,0.881,66.042,51.662,-3.829,78.483,0.031,-72.99,0,"AI",,,,0,""
97,SIDE,5,0,0,3,0,0,2,0,0,0,255,255,255,,2034.815,,,,,,,,,,,,,,,,,,,,,,,,5,"=","=","=","=","=","=","=","=","",,,,,,,,,,,,,,,,,,,,,,,,,,,,,,,,,,,,,,,0,0,,,,,,,,,,,,,,,,,,,,,,,,,,,,,,,,,,,,,,,,,,,,,,,,,,,,,,,,,,,,,,,,,,,,,,,,,,,,,,,,,,,,,,,,,,,,,,,,,,,,,,,,,,,,,,,,,,,,,,,,,,,,,,,,,,,,,,,,,,,,,,,,,"",0,,,,,,,,,,,,,0,"",,,,0,""
98,,6,1,0,3,0,0,0,0,0,0,255,255,255,41,2078.492,"Riyaj",R,26,76,127,2.019,1.328,0.369,2.193,0.787,2.267,-36.788,45.003,89,11,0,4,"",52.06,-160.633,-4.535,0,0,6,"CoalCat","muyang_","ke ro","shuwaYNZ","ゆっち一","Mr․D VRC","인생최패망자","","",0,R,"인생최패망자",190,86,0.35,,38,W,Y,1,,,,,,,,,,,,,,,,,,,,,,,,,,,,,0,64,,,,,,,,,,,,,,,,,,,,,,,,,,,,,,,,,,,,2082.254,1,0.072,-37.718,-0.05,-18.41,-20.072,-44.91,-12.654,-64.631,20.474,-48.68,12.66,-64.809,46.009,-96.604,0,-109.891,-44.071,-92.745,,,,"",,,,"",,,,"",,,,"",,,,"",,,,"",,,,"",,,,"",,,,,,,,,,,,,,,,,,,,,,,,,,,,,,,,,,,,,,,,,,,,,,,,,,,,,,,,,,"",0,,,,,,,,,,,,,0,"",,,,0,""
99,,6,1,0,3,0,1,0,0,0,0,255,255,255,42,2093.952,"Riyaj",R,26,77,128,1.15,0.869,0.292,2.097,0.427,1.955,-36.788,33.528,88,12,0,2,"",41.931,-187.644,-1.09,0,0,6,"=","=","=","=","=","=","=","","",0,R,"인생최패망자",190,86,0.35,5,88,W,Y,1,2095.027,201,145,159,125,61,,145,106,43.825,-18.427,0.213,1.369,-20.675,-0.2,0,0.358,519.578,40.167,192.684,2098.356,25.352,-99.109,2098.522,6,24.836,2.477,-97.467,0,0,,2100.761,,,,,,,,,,,,,2101.517,6,,455,0,,,,,,,,,,,,,,,,,,,0.024,-37.625,-0.201,-18.08,-20.091,-44.388,-12.614,-64.625,20.451,-48.642,12.76,-64.565,46.111,-96.55,0,-109.86,-44.14,-92.429,-0.054,-36.841,,"mochi_2929",-0.192,-18.1,,"소솨소솨",-20.019,-44.329,,"_Gosomi",-12.53,-64.625,,"눈꽃",20.356,-48.664,,"아침땅_",12.904,-65.182,,"Yes_Man_",46.049,-96.608,66,"AI",0,-109.84,,"yumi2012",-44.163,-92.434,,2107.874,2.792,-44.021,,,,,,,,,,,,,,,,2101.526,25.008,-98.065,,,,,,,,,,,,,,,,,,,,,,,,,2103.468,23.322,-91.047,,,,,,,"",1,-18.299,-18.299,-4.293,0,2,0.349,86.056,43.825,5.825,86.5,0.074,-40.359,0,"Yes_Man_",,,,136,""
100,,6,1,0,3,0,0,1,0,0,0,255,255,255,43,2121.533,"Riyaj",R,1,36,86,1.539,0.604,0.376,2.018,0.545,1.687,-36.788,35.983,100,0,0,1,"",-2.466,-1.018,-1.239,0,0,0,"=","=","=","=","=","=","=","","",5,R,"CoalCat",174.9,82.838,0.435,,38,W,Y,0,,,,,,,,,,,,,,,,,,,,,,,,,,,,,0,0,,,,,,,,,,,,,,,,,,,,,,,,,,,,,,,,,,,,,,-0.059,-37.448,0.154,-18.332,-20.412,-45.532,-14.902,-63.945,16.823,-44.796,12.834,-64.532,40.399,-89.186,0,-109.86,-41.479,-90.388,,,,"",,,,"",,,,"",,,,"",,,,"",,,,"",,,,"",,,,"",,,,2126.098,0.029,-37.356,,,,,,,,,,,,,,,,,,,,,,,,,,,,,,,,,,,,,,,,,,,,,,,,,,,,"",0,,,,,,,,,,,,,0,"",,,,0,""
101,,6,1,0,3,1,0,1,0,0,0,255,255,255,44,2135.438,"Riyaj",R,10,66,97,0.545,-1.881,0.227,1.819,0.084,1.221,-36.788,21.564,59,41,0,2,"",64.936,400,21.963,0,0,0,"=","=","=","=","=","=","=","","",5,R,"CoalCat",174.9,82.838,0.435,5,38,W,Y,1,2136.656,149,96,90,79,62,,145,129,-5.213,-26.326,0.101,0.48,-21.219,0.52,0,0.413,-136.697,-59.017,-45.269,2133.706,1.969,-24.988,2136.389,6,30.677,0.058,-83.541,1,0,,2142.087,,,,,,,,,,,,,,,,,,,,,,,,,,,,,,,,,,,,-0.133,-37.363,-0.022,-17.993,-19.744,-45.126,-14.792,-63.817,16.989,-44.378,12.966,-64.492,40.952,-90.312,0,-109.86,-41.464,-90.402,0.03,-37.404,97,"mochi_2929",-0.02,-18.305,,"소솨소솨",-19.498,-44.876,75,"_Gosomi",-14.321,-63.969,,"눈꽃",16.971,-44.359,,"아침땅_",12.841,-64.541,,"Yes_Man_",40.992,-90.293,112,"AI",0,-109.84,,"yumi2012",-41.451,-90.397,,2146.863,-0.55,-38.793,,,,2143.352,-19.273,-40.125,,,,,,,,,,2139.472,31.37,-84.82,,,,,,,2161.114,-1.439,-38.976,,,,2145.644,-18.01,-39.303,,,,,,,,,,2140.834,26.708,-76.725,,,,,,,"",2,-26.158,-26.158,-3.188,0,1,0.978,-9.215,-5.213,-41.74,-28.101,0.011,-37.764,0,"Yes_Man_",,,,138,""
102,,6,1,0,3,0,0,1,1,0,0,5,255,255,45,2173.245,"Riyaj",R,13,68,97,-0.452,-0.675,0.327,2.115,0.393,1.921,-36.788,41.497,83,17,0,2,"",-267.324,397.617,5.784,0,0,1,"=","=","=","=","=","=","=","","",3,R,"muyang_",171.4,80,0.498,3,38,W,Y,1,2174.437,107,121,66,64,32,,135,75,-30,45.26,-0.092,0.683,-20.299,1,0,0.303,-453.157,386.779,-71.073,2171.439,-1.158,-21.348,2173.206,2,-18.063,0.084,-38.11,0,1,,,,,,,,,,,,2174.904,,,2176.66,1,,147,0,2181.939,0,1,275,0,,,,,,,,,,,,,,-0.069,-37.568,-0.073,-17.986,-19.789,-40.808,-13.924,-62.58,18.13,-46.422,6.376,-61.772,41.553,-92.404,0,-109.85,-41.137,-88.378,-0.039,-37.134,,"mochi_2929",-0.061,-18.226,,"소솨소솨",-18.721,-43.545,,"_Gosomi",-14.039,-62.464,,"눈꽃",17.04,-46.335,,"아침땅_",6.985,-61.655,92,"Yes_Man_",41.637,-92.321,,"AI",0,-109.84,,"yumi2012",-41.135,-88.378,,2186.198,-0.018,-39.715,,,,2176.327,-19.107,-39.335,,,,,,,2182.597,-0.551,-58.1,,,,,,,,,,,,,,,,,,,,,,,,,2185.335,0.01,-53.587,,,,,,,,,,"",2,,,,,,,,,,,,,0,"소솨소솨",,,,42,""
103,SIDE,6,1,0,3,0,0,2,0,0,0,255,255,255,,2187.738,,,,,,,,,,,,,,,,,,,,,,,,2,"=","=","=","=","=","=","=","","",,,,,,,,,,,,,,,,,,,,,,,,,,,,,,,,,,,,,,,0,0,,,,,,,,,,,,,,,,,,,,,,,,,,,,,,,,,,,,,,,,,,,,,,,,,,,,,,,,,,,,,,,,,,,,,,,,,,,,,,,,,,,,,,,,,,,,,,,,,,,,,,,,,,,,,,,,,,,,,,,,,,,,,,,,,,,,,,,,,,,,,,,,,"",0,,,,,,,,,,,,,0,"",,,,0,""
104,,6,0,0,3,0,0,0,0,0,0,255,255,255,46,2224.781,"인생최패망자",R,32,99,140,5.175,-1.518,0.83,1.416,0.138,1.887,-36.74,60.748,11,89,0,2,"",220.587,-102.826,2.568,0,0,5,"눈꽃","소솨소솨","_Gosomi","Riyaj","mochi_2929","아침땅_","yumi2012","Yes_Man_","",5,R,"아침땅_",170.2,86.571,0.5,5,37,W,Y,1,2225.77,123,109,126,61,27,,138,91,-43.869,40.265,-0.005,1.293,-20.318,-0.32,0.19,0.443,402.629,331.515,-146.842,2222.489,-0.828,-21.286,2224.873,2,-19.324,1.157,-37.656,0,0,,,,,,,,,,,,,,,,,,,,,,,,,,,,,,2228.343,2,,,,,,,0.155,-37.326,-0.041,-17.275,-20.136,-47.366,-16.915,-62.741,19.262,-47.972,8.57,-62.793,40.922,-90.671,-0.555,-117.613,-40.822,-90.571,0.259,-36.869,,"ke ro",-0.019,-17.251,,"ゆっち一",-20.017,-47.273,68,"muyang_",-16.984,-62.401,,"shuwaYNZ",19.277,-47.973,,"CoalCat",8.648,-62.703,,"AI",40.9,-90.65,,"Mr․D VRC",-0.155,-118.215,,"AI",-40.8,-90.55,,2230.986,-0.884,-38.033,,,,2228.264,-19.795,-38.081,,,,,,,,,,,,,,,,,,,,,,,,,2229.869,-15.845,-41.395,,,,,,,,,,,,,,,,,,,"",3,41.784,41.784,3.535,0,0,1,-43.869,-43.869,-63.748,-43.869,0,54.551,0,"ゆっち一",,,,80,""
105,,6,0,0,3,0,1,0,0,0,0,255,255,255,47,2241.747,"인생최패망자",R,0,59,100,-0.455,-0.313,0.84,1.271,-0.185,1.461,-36.74,61.937,0,100,0,0,"",-18.234,0,-1.702,0,0,5,"=","=","=","=","=","=","=","=","",5,R,"아침땅_",170.2,86.571,0.5,,36,W,Y,0,,,,,,,,,,,,,,,,,,,,,,,,,,,,,0,0,,,,,,,,,,,,,,,,,,,,,,,,,,,,,,,,,,,,,,0.173,-37.035,0.006,-17.197,-19.762,-47.087,-16.606,-62.579,20.009,-47.799,9.363,-63.397,40.907,-90.657,-1.792,-115.934,-40.808,-90.557,,,,"",,,,"",,,,"",,,,"",,,,"",,,,"",,,,"",,,,"",,,,2245.465,0.254,-36.757,,,,,,,,,,,,,,,,,,,,,,,,,,,,,,,,,,,,,,,,,,,,,,,,,,,,"",0,,,,,,,,,,,,,0,"",,,,0,""
106,,6,0,0,3,0,2,0,0,0,0,255,255,255,48,2257.989,"인생최패망자",R,32,91,140,1.808,0.365,0.889,1.375,0.416,1.738,-36.74,71.827,8,92,0,1,"",250,-79.964,3.058,0,0,5,"=","=","=","=","=","=","=","=","",5,R,"아침땅_",170.2,86.571,0.5,,36,W,Y,0,,,,,,,,,,,,,,,,,,,,,,,,,,,,,0,0,,,,,,,,,,,,,,,,,,,,,,,,,,,,,,,,,,,,,,0.133,-37.238,-0.038,-17.178,-19.804,-46.965,-16.591,-62.547,20.001,-47.833,9.418,-63.373,40.915,-90.664,-0.241,-113.316,-40.815,-90.564,,,,"",,,,"",,,,"",,,,"",,,,"",,,,"",,,,"",,,,"",,,,2262.922,-0.687,-37.12,,,,,,,,,,,,,,,,,,,,,,,,,,,,,,,,,,,,,,,,,,,,,,,,,,,,"",0,,,,,,,,,,,,,0,"",,,,0,""
107,,6,0,0,3,1,2,0,0,0,0,255,255,255,49,2271.899,"인생최패망자",R,32,96,140,1.417,0.312,0.769,1.454,-0.142,2.024,-36.74,45.374,5,95,0,2,"",242.051,-95.753,15.903,0,0,5,"=","=","=","=","=","=","=","=","",5,R,"아침땅_",170.2,86.571,0.5,5,36,W,Y,1,2272.94,98,120,103,51,28,,134,87,-27.279,-29.38,-0.043,1.325,-20.314,-0.42,0.19,0.447,159.554,128.1,-99.792,2269.673,1.12,-22.388,2271.772,4,16.313,0.133,-42.927,0,0,,,,,,,,,,,,,,,2277.882,5,,147,8,,,,,,,,,,,,,,,,,,,0.194,-37.193,-0.021,-17.325,-19.347,-46.698,-16.511,-61.623,20.016,-47.79,9.369,-63.454,40.907,-90.657,-0.253,-114.159,-40.807,-90.557,0.3,-36.731,,"ke ro",-0.034,-17.285,,"ゆっち一",-19.248,-46.592,79,"muyang_",-14.835,-60.511,,"shuwaYNZ",20.023,-47.779,96,"CoalCat",9.405,-63.333,,"AI",40.9,-90.65,,"Mr․D VRC",-0.521,-113.758,,"AI",-40.8,-90.55,,2280.783,3.406,-33.241,,,,2277.321,-18.382,-39.776,,,,2275.035,16.782,-43.643,,,,,,,,,,,,,,,,,,,2279.449,-17.653,-39.144,,,,2275.779,12.354,-42.638,,,,,,,,,,,,,"",2,-27.761,-27.761,4.476,0,1,0.616,-42.525,-27.279,-22.257,-65.212,0.05,-84.681,0,"shuwaYNZ",,,,88,""
108,,6,0,0,3,0,0,1,0,0,0,255,255,255,50,2293.308,"인생최패망자",R,32,96,140,1.811,0.599,0.889,1.42,0.416,1.897,-36.74,56.07,7,93,0,2,"",250,-62.749,5.357,0,0,6,"=","=","=","=","=","=","=","=","",8,R,"yumi2012",173.9,90.292,0.504,3,37,W,Y,1,2294.407,176,23,53,27,8,,128,125,-30,9.28,0.317,1.071,-19.167,0.4,0,0.512,-95.189,270.849,-526.859,2291.156,0.027,-20.906,2295.156,7,-13.311,0.056,-101.322,1,0,,2299.907,,,,,,,,,,,,,,,,,,,,,,,,,,,,,,,,,,,,0.222,-37.298,-0.023,-17.179,-19.902,-47.786,-16.636,-62.55,19.581,-48.094,8.189,-63.632,40.915,-90.664,1.947,-112.837,-40.815,-90.564,0.605,-36.961,,"ke ro",-0.01,-17.139,,"ゆっち一",-19.979,-47.869,,"muyang_",-17.048,-63.573,,"shuwaYNZ",18.897,-47.286,,"CoalCat",8.152,-63.502,68,"AI",40.9,-90.65,,"Mr․D VRC",1.942,-112.747,102,"AI",-40.8,-90.55,,2307.081,-3.66,-35.868,,,,,,,,,,,,,2301.536,-0.137,-59.881,,,,2298.505,-13.851,-103.202,,,,,,,,,,,,,,,,,,,2305.527,-0.218,-57.636,,,,2299.752,-10.902,-94.853,,,,"",2,,,,,,,,,,,,,0,"Mr․D VRC",,,,97,""
109,,6,0,0,3,0,0,1,1,0,0,18,255,255,51,2319.999,"인생최패망자",R,32,96,140,-1.025,1.055,0.646,1.477,-0.714,2.098,-36.74,38.686,6,94,0,0,"",203.898,-138.676,15.801,0,0,7,"=","=","=","=","=","=","=","=","",6,R,"Yes_Man_",175,84.826,0.502,,37,W,Y,0,,,,,,,,,,,,,,,,,,,,,,,,,,,,,0,0,,,,,,,,,,,,2322.893,,,,,,,,,,,,,,,,,,,,,,,,,,0.136,-37.212,0.095,-17.43,-20.624,-42.383,-11.573,-57.489,18.608,-47.186,7.113,-61.732,40.915,-90.664,0.557,-110.651,-40.815,-90.564,,,,"",,,,"",,,,"",,,,"",,,,"",,,,"",,,,"",,,,"",,,,2325.296,-0.112,-37.359,,,,,,,,,,,,,,,,,,,,,,,,,,,,,,,,,,,,,,,,,,,,,,,,,,,,"",0,,,,,,,,,,,,,0,"",,,,0,""
110,,6,0,0,3,0,1,1,1,0,0,18,255,255,52,2336.394,"인생최패망자",R,32,91,140,-0.536,-0.503,0.77,1.132,-0.605,1.236,-36.74,63.551,12,88,0,2,"",250,-98.944,-8.912,0,0,7,"=","=","=","=","=","=","=","=","",6,R,"Yes_Man_",175,84.826,0.502,5,37,W,Y,1,2337.479,171,86,101,40,0,,145,116,-16.678,61.199,-0.119,0.753,-19.877,0.1,0,0.49,-10.177,48.784,-11.432,2334.073,-2.115,-20.973,,,,,,0,0,,,,,,,,,,,,2339.528,,,,,,,,,,,,,,,,,,,,,,,,,,0.152,-37.092,0.058,-17.332,-20.119,-46.171,-11.991,-57.452,18.604,-47.191,6.93,-62.743,40.907,-90.657,0.426,-109.956,-40.807,-90.557,0.148,-36.842,,"ke ro",-0.077,-17.38,,"ゆっち一",-18.875,-46.383,,"muyang_",-12.148,-57.228,,"shuwaYNZ",18.612,-47.169,,"CoalCat",6.922,-62.661,,"AI",40.9,-90.65,,"Mr․D VRC",0.426,-109.94,,"AI",-40.8,-90.55,,,,,,,,,,,,,,,,,,,,,,,,,,,,,,,,,,,,,,,,,,,,,,,,,,,,,,,,"",3,64.765,61.927,17.927,0.498,0,1,-22.228,-22.228,-45.176,-22.228,0,75.986,0,"",,,,0,""
111,,6,0,0,3,0,2,1,1,0,0,18,255,255,53,2350.015,"인생최패망자",R,3,96,117,-4.199,-0.682,0.586,1.072,-0.973,1.233,-36.74,53.444,9,20,71,4,"",-500,0,4.189,0,0,7,"=","=","=","=","=","=","=","=","",6,R,"Yes_Man_",175,84.826,0.502,,37,W,Y,1,,,,,,,,,,,,,,,,,,,,,,,,,,,,,0,128,,,,,,,,,,,,2350.347,,,2352.776,7,,578,0,,,,,,,,,,,,,,,,,2352.717,1,0.153,-37.326,0.014,-16.982,-20.996,-43.975,-12.105,-57.255,18.855,-47.175,7.853,-62.35,40.907,-90.657,-0.011,-108.711,-40.807,-90.557,,,,"",,,,"",,,,"",,,,"",,,,"",,,,"",,,,"",,,,"",,,,,,,,,,,,,,,,,,,,,,,,,,,,,,,,,,,,,,,,,,,,,,,,,,,,,,,,,,"",0,,,,,,,,,,,,,0,"",,,,0,""
112,,6,0,0,3,0,0,2,1,0,0,18,255,255,54,2369.836,"인생최패망자",R,32,98,140,-0.587,-0.851,0.765,1.148,-0.627,0.995,-36.74,47.415,12,88,0,0,"",250,-107.804,-0.377,0,0,0,"=","=","=","=","=","=","=","=","",4,L,"눈꽃",190,90,0.597,,37,W,Y,0,,,,,,,,,,,,,,,,,,,,,,,,,,,,,0,0,,,,,,,,,,,,2384.985,,,,,,,,,,,,,,,,,,,,,,,,,,0.285,-37.386,0.014,-16.849,-19.41,-45.957,-7.253,-63.381,20.509,-47.208,13.16,-61.896,40.915,-90.664,0.772,-118.287,-40.815,-90.564,,,,"",,,,"",,,,"",,,,"",,,,"",,,,"",,,,"",,,,"",,,,,,,,,,,,,,,,,,,,,,,,,,,,,,,,,,,,,,,,,,,,,,,,,,,,,,,,,,"",0,,,,,,,,,,,,,0,"",,,,0,""
113,,6,0,0,3,0,1,2,1,0,0,18,255,255,55,2385.169,"인생최패망자",R,3,90,115,-1.217,-1.004,0.958,1.148,0.18,1,-36.74,69.688,14,86,0,4,"",-414.083,0,-2.555,0,0,0,"=","=","=","=","=","=","=","=","",4,L,"눈꽃",190,90,0.597,,37,W,Y,1,,,,,,,,,,,,,,,,,,,,,,,,,,,,,0,0,,,,,,,,,,,,2395.624,,,,,,,,,,,,,,,,,,,,,,,,,,0.287,-37.29,0.008,-17.096,-19.907,-46.595,-11.5,-59.681,20.593,-47.094,13.43,-62.958,40.915,-90.664,0.285,-117.321,-40.815,-90.564,,,,"",,,,"",,,,"",,,,"",,,,"",,,,"",,,,"",,,,"",,,,,,,,,,,,,,,,,,,,,,,,,,,,,,,,,,,,,,,,,,,,,,,,,,,,,,,,,,"",0,,,,,,,,,,,,,0,"",,,,0,""
114,,6,0,0,3,0,2,2,1,0,0,18,255,255,56,2397.531,"인생최패망자",R,32,101,140,-3.506,1.358,0.524,1.476,-1.749,2.383,-36.74,22.947,6,94,0,4,"",218.916,-88.024,18.012,-0.143,-21.223,0,"=","=","=","=","=","=","=","=","",4,L,"눈꽃",190,90,0.597,,37,W,Y,1,,,,,,,,,,,,,,,,,,,,,,,,,,,,,0,0,,,,,,,,,,,,,,,2400.25,0,,578,0,,,,,,,,,,,,,,,,,,,0.204,-37.301,0.002,-17.096,-20.58,-44.746,-11.758,-58.406,20.527,-47.201,13.414,-62.963,40.907,-90.657,0.429,-115.376,-40.807,-90.557,,,,"",,,,"",,,,"",,,,"",,,,"",,,,"",,,,"",,,,"",,,,,,,,,,,,,,,,,,,,,,,,,,,,,,,,,,,,,,,,,,,,,,,,,,,,,,,,,,"",0,,,,,,,,,,,,,0,"",,,,0,""
115,,7,1,0,3,0,0,0,0,0,0,255,255,255,46,2439.302,"Riyaj",R,13,64,95,0.644,-0.035,0.405,2.226,0.712,2.241,-36.788,61.9,80,20,0,2,"",-192.681,400,-9.773,0,0,2,"CoalCat","muyang_","ke ro","shuwaYNZ","ゆっち一","Mr․D VRC","인생최패망자","","",1,R,"ke ro",190,80.196,0.367,0,37,W,Y,1,2440.464,204,98,86,67,43,,145,103,99.597,-81.854,0.13,1.059,-20.722,0.99,0,0.718,372.188,346.368,316.091,,,,,,,,,0,0,,,,,,,,,,,,,,,,,,,,,,,,,,,,,,,,,,,,,,0,-37.702,-0.094,-18.151,-19.659,-45.881,-15.635,-63.247,19.673,-47.113,13.053,-64.476,40.94,-94.254,0,-109.85,-45.046,-92.622,-0.002,-37.118,,"mochi_2929",-0.062,-18.162,,"소솨소솨",-19.766,-45.693,,"_Gosomi",-15.576,-63.257,,"눈꽃",19.626,-47.12,,"아침땅_",13.092,-65.09,,"Yes_Man_",40.987,-94.212,,"AI",0,-109.84,,"yumi2012",-45.047,-92.624,,,,,,,,,,,,,,,,,,,,,,,,,,,,,,,,,,,,,,,,,,,,,,,,,,,,,,,,"",3,,,,,,,,,,,,,0,"",,,,0,""
116,,7,1,0,3,0,1,0,0,0,0,255,255,255,47,2456.396,"Riyaj",R,26,88,140,0.149,0.074,0.184,1.947,-0.076,1.47,-36.788,21.281,86,14,0,2,"",97.596,-195.956,-1.406,0,0,2,"=","=","=","=","=","=","=","","",1,R,"ke ro",190,80.196,0.367,0,37,W,Y,1,2457.377,79,100,58,53,0,,114,73,57.772,18.856,0.026,1,-19.776,-1,0,0.521,522.377,-66.863,-287.492,2459.173,-11.418,-57.005,2459.323,3,-11.044,2.692,-55.807,0,0,,,,,,,,,,,,,,,2462.941,2,,452,0,,,,,,,,,,,,,,,,,,,-0.108,-37.504,-0.057,-18.185,-20.145,-44.992,-15.442,-63.243,20.277,-47.997,13.292,-64.442,40.438,-94.775,0,-109.85,-45.009,-89.558,-0.041,-37.063,,"mochi_2929",-0.066,-18.197,,"소솨소솨",-20.086,-44.945,,"_Gosomi",-15.326,-63.212,86,"눈꽃",19.897,-48.148,,"아침땅_",13.183,-64.875,,"Yes_Man_",40.397,-94.819,,"AI",0,-109.84,,"yumi2012",-45.178,-89.485,,2467.491,-0.27,-38.85,,,,,,,2462.955,-11.247,-56.075,,,,,,,,,,,,,,,,,,,,,,,,,2466.328,-10.399,-55.088,,,,,,,,,,,,,,,,"",1,,,,,,,,,,,,,0,"_Gosomi",,,,12,""
117,,7,1,0,3,0,0,1,0,0,0,255,255,255,48,2484.558,"Riyaj",R,26,85,138,0.45,0.334,0.216,1.994,0.077,1.624,-36.788,22.278,89,11,0,2,"",79.664,-200,-2.03,0,0,3,"=","=","=","=","=","=","=","","",4,R,"shuwaYNZ",190,82.084,0.381,5,37,W,Y,1,2485.604,158,167,94,52,27,,145,108,37.059,20.273,0.082,1.093,-19.677,-0.09,0,0.197,365.518,375.889,-254.552,2487.873,-38.041,-101.995,2488.106,8,-36.833,2.683,-99.898,0,0,,2491.932,,,,,,,,,,,,,2491.643,3,,457,0,,,,,,,,,,,,,,,,,,,0.016,-37.594,-0.055,-18.148,-19.985,-44.079,-15.628,-62.541,20.815,-47.034,12.798,-64.442,38.164,-92.997,0,-109.86,-43.801,-90.912,0.041,-37.032,,"mochi_2929",-0.04,-18.104,,"소솨소솨",-19.272,-44.711,,"_Gosomi",-15.621,-62.519,,"눈꽃",20.816,-47.027,,"아침땅_",13.444,-65.211,,"Yes_Man_",38.15,-92.991,,"AI",0,-109.84,,"yumi2012",-43.774,-90.924,112,2496.67,-2.348,-40.7,,,,,,,,,,,,,,,,,,,,,,2491.656,-36.877,-100.43,,,,,,,,,,,,,,,,,,,,,,,,,2494.262,-30.145,-87.393,"",1,20.524,20.524,2.435,0,2,0.224,78.294,37.059,-0.941,87.338,0.048,77.395,0,"yumi2012",,,,72,""
118,,7,1,0,3,0,0,2,0,0,0,255,255,255,49,2511.853,"Riyaj",R,10,75,116,-1.109,-1.529,0.096,1.869,-0.485,1.198,-36.788,9.065,50,50,0,1,"",0,400,4.779,-0.246,-18.19,4,"=","=","=","=","=","=","=","","",2,L,"ゆっち一",181.4,84,0.401,,71,W,Y,0,,,,,,,,,,,,,,,,,,,,,,,,,,,,,0,0,,,,,,,,,,,,,,,,,,,,,,,,,,,,,,,,,,,,,,-0.02,-37.668,-0.02,-18.025,-20.219,-44.732,-11.059,-65.304,20.494,-46.383,15.093,-63.465,47.166,-96.336,0,-109.85,-42.924,-92.601,,,,"",,,,"",,,,"",,,,"",,,,"",,,,"",,,,"",,,,"",,,,2516.322,-0.04,-37.162,,,,,,,,,,,,,,,,,,,,,,,,,,,,,,,,,,,,,,,,,,,,,,,,,,,,"",0,,,,,,,,,,,,,0,"",,,,0,""
119,,7,1,0,3,1,0,2,0,0,0,255,255,255,50,2527.821,"Riyaj",R,10,79,107,-1.236,-1.124,0.026,1.94,-0.539,1.511,-36.788,14.476,53,47,0,2,"",0,400,10.594,0,0,4,"=","=","=","=","=","=","=","","",2,L,"ゆっち一",181.4,84,0.401,3,71,W,Y,1,2528.995,255,120,70,101,72,,144,83,26.657,-26.796,-0.216,0.669,-20.858,1,0,0.4,-85.034,-341.582,-102.239,2529.206,32.005,-74.587,2530.389,6,36.58,0.603,-80.783,1,0,,2534.446,,,,,,,,,,,,,,,,,,,,,,,,,,,,,,,,,,,,-0.157,-37.594,-0.027,-18.036,-20.191,-44.567,-11.123,-65.123,20.658,-46.499,15.164,-63.326,49.319,-98.324,0,-109.85,-42.792,-92.575,-0.084,-37.173,,"mochi_2929",-0.13,-18.22,,"소솨소솨",-19.586,-44.046,,"_Gosomi",-10.954,-65.135,87,"눈꽃",20.443,-46.503,,"아침땅_",15.444,-63.69,,"Yes_Man_",49.251,-98.351,102,"AI",0,-109.84,,"yumi2012",-42.854,-92.512,,2539.918,-0.034,-38.945,,,,,,,2536.555,0.459,-59.618,,,,,,,2534.037,37.359,-82.012,,,,,,,,,,,,,,,,2538.883,-3.318,-54.683,,,,,,,2534.835,33.178,-77.414,,,,,,,"",2,,,,,,,,,,,,,0,"Yes_Man_",,,,140,""
120,,7,1,0,3,0,0,2,1,0,0,2,255,255,51,2552.595,"Riyaj",R,13,65,95,1.596,1.03,0.384,2.257,1.131,2.908,-36.788,60.416,89,11,0,1,"",-195.025,400,-5.163,0,0,5,"=","=","=","=","=","=","=","","",7,R,"Mr․D VRC",177.1,93.352,0.449,,35,W,Y,0,,,,,,,,,,,,,,,,,,,,,,,,,,,,,0,0,,,,,,2554.431,,,,,,,,,,,,,,,,,,,,,,,,,,,,,,,,-0.026,-37.699,0.011,-18.103,-19.719,-39.854,-11.372,-65.687,19.192,-45.55,8.52,-65.936,42.214,-93.863,0,-109.85,-45.341,-92.768,,,,"",,,,"",,,,"",,,,"",,,,"",,,,"",,,,"",,,,"",,,,2557.907,-0.039,-37.547,,,,,,,,,,,,,,,,,,,,,,,,,,,,,,,,,,,,,,,,,,,,,,,,,,,,"",0,,,,,,,,,,,,,0,"",2554.431,,,0,""
121,,7,1,0,3,1,0,2,0,1,0,255,2,255,52,2566.313,"Riyaj",R,12,74,124,-0.186,-0.616,0.181,1.901,-0.086,1.298,-36.788,18.907,45,55,0,2,"",0,62.085,2.496,0,0,5,"=","=","=","=","=","=","=","","",7,R,"Mr․D VRC",177.1,93.352,0.449,0,35,W,Y,1,2567.401,158,113,122,86,43,,145,126,14.692,-25.437,-0.027,0.808,-20.992,0.75,0,0.339,126.528,26.671,74.767,2567.689,42.384,-111.238,2569.873,6,42.801,0.055,-113.824,1,0,,2572.76,2577.098,,,,,,2576.42,,,,2567.994,,,,,,,,,,,,,,,,,,,,,,,,,-0.021,-37.577,0.017,-18.111,-19.335,-44.784,-13.752,-63.823,18.554,-45.003,13.111,-64.526,38.239,-92.448,0,-109.85,-44.91,-92.703,0.077,-36.981,,"mochi_2929",-0.032,-18.08,,"소솨소솨",-19.576,-45.06,,"_Gosomi",-13.512,-63.865,,"눈꽃",18.11,-45.343,95,"아침땅_",12.98,-64.426,,"Yes_Man_",40.527,-94.14,108,"AI",0,-109.84,,"yumi2012",-44.885,-92.708,,2588.923,-0.331,-37.855,,,,,,,,,,2577.382,23.504,-53.078,,,,2573.691,42.991,-113.064,,,,,,,,,,,,,,,,,,,2587.96,16.061,-39.806,,,,2574.846,39.747,-107.13,,,,,,,"",2,,,,,,,,,,,,,0,"Yes_Man_",2570.832,2576.42,,137,""
122,,7,1,0,3,0,0,2,0,1,1,255,7,2,53,2604.428,"Riyaj",R,13,72,111,0.595,-0.101,0.377,2.128,0.822,2.059,-36.788,36.591,85,15,0,2,"",-306.463,395.071,6.414,0,0,6,"=","=","=","=","=","=","=","","",0,R,"인생최패망자",190,86,0.35,0,37,W,Y,1,2605.556,255,136,149,134,72,,145,101,33.668,-11.27,0.134,1.063,-20.987,-0.52,0,0.314,74.766,341.967,242.9,2606.756,8.601,-104.003,2607.006,7,8.516,1.997,-101.808,0,0,,,,,,,,,2610.657,,2610.801,,2604.642,,2610.808,6,,456,0,,,,,,,,,,,,,,,,,,,0.061,-37.626,-0.088,-18.187,-19.077,-45.051,-11.884,-64.821,18.993,-46.544,13.052,-64.575,42.27,-94.584,0,-109.85,-47.268,-98.522,0.187,-37.375,,"mochi_2929",-0.081,-18.19,,"소솨소솨",-19.158,-44.945,,"_Gosomi",-11.801,-64.761,,"눈꽃",17.963,-46.363,,"아침땅_",13.221,-65.709,,"Yes_Man_",42.215,-94.611,,"AI",0,-109.84,,"yumi2012",-48.096,-99.306,,,,,,,,,,,,,,,,,,,,,,,,,,,,,,,,,,,,,,,,,,,,,,,,,,,,,,,,"",1,,,,,,,,,,,,,0,"AI",,2610.657,2610.801,0,""
123,SIDE,7,1,0,3,0,0,2,0,1,0,255,7,255,,2612.568,,,,,,,,,,,,,,,,,,,,,,,,0,"=","=","=","=","=","=","=","","",,,,,,,,,,,,,,,,,,,,,,,,,,,,,,,,,,,,,,,0,0,,,,,,,,,,,,,,,,,,,,,,,,,,,,,,,,,,,,,,,,,,,,,,,,,,,,,,,,,,,,,,,,,,,,,,,,,,,,,,,,,,,,,,,,,,,,,,,,,,,,,,,,,,,,,,,,,,,,,,,,,,,,,,,,,,,,,,,,,,,,,,,,,"",0,,,,,,,,,,,,,0,"",,,,0,""
124,,7,0,0,3,0,0,0,0,0,0,255,255,255,57,2644.357,"인생최패망자",R,32,99,140,1.007,0.48,0.817,1.411,0.078,1.847,-36.74,51.319,6,94,0,2,"",241.095,-86.55,6.416,0,0,1,"눈꽃","소솨소솨","_Gosomi","Riyaj","mochi_2929","아침땅_","yumi2012","Yes_Man_","",2,R,"소솨소솨",190,89.933,0.503,3,37,W,Y,1,2645.414,182,122,69,11,27,,126,75,15.872,-25.715,0.178,1.191,-20.047,-1,0,0.602,295.636,-281.037,133.721,,,,2643.823,4,15.635,3.739,-49.958,0,0,,,,,,,,,,,,,,,2647.741,1,,453,0,,,,,,,,,,,,,,,,,,,0.237,-37.408,0.022,-17.166,-19.796,-47.163,-16.368,-62.542,19.071,-47.798,9.483,-63.035,40.93,-90.677,0.462,-116.883,-40.83,-90.577,0.193,-36.81,,"ke ro",0.015,-17.117,,"ゆっち一",-19.798,-47.162,,"muyang_",-16.363,-62.512,,"shuwaYNZ",18.971,-47.831,83,"CoalCat",9.532,-62.952,,"AI",40.9,-90.65,,"Mr․D VRC",0.401,-116.755,,"AI",-40.8,-90.55,,2651.204,0.807,-38.115,,,,,,,,,,2647.762,16.322,-51.202,,,,,,,,,,,,,,,,,,,,,,,,,2649.981,15.79,-51.377,,,,,,,,,,,,,"",1,,,,,,,,,,,,,0,"shuwaYNZ",,,,72,""
125,,7,0,0,3,0,0,1,0,0,0,255,255,255,58,2665.01,"인생최패망자",R,32,96,140,-0.25,-0.662,0.797,1.21,-0.48,1.158,-36.74,54.652,8,82,9,0,"",250,-78.926,4.603,0,0,2,"=","=","=","=","=","=","=","=","",3,R,"_Gosomi",175,86.314,0.433,,37,W,Y,0,,,,,,,,,,,,,,,,,,,,,,,,,,,,,0,0,,,,,,,,,,,,,,,,,,,,,,,,,,,,,,,,,,,,,,0.248,-37.411,-0.013,-17.458,-18.734,-46.599,-16.822,-62.594,18.748,-47.811,10.145,-63.581,40.915,-90.664,-0.129,-113.971,-40.815,-90.564,,,,"",,,,"",,,,"",,,,"",,,,"",,,,"",,,,"",,,,"",,,,2668.817,0.164,-37.296,,,,,,,,,,,,,,,,,,,,,,,,,,,,,,,,,,,,,,,,,,,,,,,,,,,,"",0,,,,,,,,,,,,,0,"",,,,0,""
126,,7,0,0,3,0,1,1,0,0,0,255,255,255,59,2678.241,"인생최패망자",R,13,87,110,-0.82,-1.512,0.845,1.201,0.414,1.142,-36.74,76.246,13,87,0,2,"",-421.527,268.914,-15.648,0,0,2,"=","=","=","=","=","=","=","=","",3,R,"_Gosomi",175,86.314,0.433,3,37,W,Y,1,2679.38,168,96,115,144,99,,145,127,-15.196,30.582,-0.065,0.549,-21.339,0.61,0,0.468,-90.732,102.626,214.762,2675.439,-1.11,-23.107,2678.389,8,-36.614,0.059,-81.165,1,0,,2684.812,,,,,,,,,,,,,,,,,,,,,,,,,,,,,,,,,,,,0.17,-37.49,-0.025,-17.473,-18.646,-46.109,-17.093,-62.951,19.031,-47.496,10.156,-63.493,40.907,-90.657,0.045,-113.921,-40.807,-90.557,0.172,-36.843,,"ke ro",-0.073,-17.452,,"ゆっち一",-18.521,-45.999,,"muyang_",-18.535,-66.065,,"shuwaYNZ",18.854,-47.653,,"CoalCat",10.194,-63.355,75,"AI",40.9,-90.65,,"Mr․D VRC",-0.081,-113.78,,"AI",-40.8,-90.55,,2690.606,-3.443,-35.637,,,,,,,,,,,,,2685.816,-0.994,-59.843,,,,,,,,,,,,,,,,,,,,,,,,,2689.152,-0.635,-57.784,,,,,,,,,,"",2,,,,,,,,,,,,,0,"AI",,,,65,""
127,,7,0,0,3,0,0,1,1,0,0,13,255,255,60,2705.056,"인생최패망자",R,32,98,140,0.556,0.443,0.799,1.411,-0.005,1.847,-36.74,53.188,5,95,0,2,"",160.067,-59.928,2.19,0,0,3,"=","=","=","=","=","=","=","=","",0,R,"Riyaj",190,80,0.451,5,41,W,Y,1,2706.016,81,173,90,100,105,,126,84,48.873,-21.872,0.117,1.206,-20.865,-0.64,0,0.429,501.939,232.443,232.439,2707.573,17.957,-73.782,2707.873,5,17.446,2.914,-72.03,0,0,,,,,,,,,,,,2705.363,,,2711.791,3,,454,0,,,,,,,,,,,,,,,,,,,0.165,-37.375,0.078,-17.245,-20.408,-45.703,-12.971,-59.598,19.093,-47.696,8.756,-62.122,40.915,-90.664,-0.004,-110.278,-40.815,-90.564,0.207,-36.903,,"ke ro",0.049,-17.245,,"ゆっち一",-20.411,-45.705,,"muyang_",-12.923,-59.604,,"shuwaYNZ",19.111,-47.694,,"CoalCat",8.857,-61.975,81,"AI",40.9,-90.65,,"Mr․D VRC",-0.003,-110.184,,"AI",-40.8,-90.55,,2716.45,0.407,-38.195,,,,,,,,,,,,,2711.803,17.532,-72.425,,,,,,,,,,,,,,,,,,,,,,,,,2714.267,16.352,-70.564,,,,,,,,,,"",1,-19.826,-19.826,-4.192,0,2,0.321,81.461,48.873,10.873,87.545,0.066,-40.431,0,"CoalCat",,,,65,""
128,,7,0,0,3,0,0,2,1,0,0,13,255,255,61,2733.49,"인생최패망자",R,32,96,140,0.742,0.516,0.802,1.414,0.011,1.859,-36.74,54.319,8,92,0,0,"",207.869,-97.573,-1.06,0,0,4,"=","=","=","=","=","=","=","=","",1,R,"mochi_2929",190,91.482,0.463,,37,W,Y,1,,,,,,,,,,,,,,,,,,,,,,,,,,,,,0,0,,,,,,,,,,,,2733.87,,,,,,,,,,,,,,,,,,,,,,,,,,0.157,-37.394,0.032,-17.153,-20.306,-45.614,-15.833,-62.482,19.771,-48.383,9.13,-64.906,40.915,-90.664,-0.08,-113.457,-40.815,-90.564,,,,"",,,,"",,,,"",,,,"",,,,"",,,,"",,,,"",,,,"",,,,2737.982,-0.53,-37.372,,,,,,,,,,,,,,,,,,,,,,,,,,,,,,,,,,,,,,,,,,,,,,,,,,,,"",0,,,,,,,,,,,,,0,"",,,,0,""
129,,7,0,0,3,0,1,2,1,0,0,13,255,255,62,2745.714,"인생최패망자",R,13,93,115,-2.317,-0.243,0.789,1.451,-0.345,1.869,-36.74,53.919,7,93,0,4,"",-385.364,318.582,7.618,0,0,4,"=","=","=","=","=","=","=","=","",1,R,"mochi_2929",190,91.482,0.463,,37,W,Y,1,,,,,,,,,,,,,,,,,,,,,,,,,,,,,0,0,,,,,,,,,,,,2751.674,,,,,,,,,,,,,,,,,,,,,,,,,,0.138,-37.266,0.008,-17.181,-20.378,-43.79,-14.976,-61.18,19.883,-48.171,8.046,-63.984,40.907,-90.657,-0.604,-113.891,-40.807,-90.557,,,,"",,,,"",,,,"",,,,"",,,,"",,,,"",,,,"",,,,"",,,,2749.52,-0.604,-37.432,,,,,,,,,,,,,,,,,,,,,,,,,,,,,,,,,,,,,,,,,,,,,,,,,,,,"",0,,,,,,,,,,,,,0,"",,,,0,""
130,,7,0,0,3,0,2,2,1,0,0,13,255,255,63,2758.792,"인생최패망자",R,32,96,140,-1.499,-0.741,0.7,1.178,-0.931,1.092,-36.74,49.283,10,90,0,2,"",185.587,-74.966,-1.111,0,0,4,"=","=","=","=","=","=","=","=","",1,R,"mochi_2929",190,91.482,0.463,5,43,W,Y,1,2759.857,203,118,91,85,42,,145,89,-19.69,-38.938,-0.27,0.745,-20.572,1,0,0.196,-329.825,495.566,-75.034,2755.873,0.899,-22.026,2757.506,4,17.736,0.114,-43.264,0,0,,2765.706,,,,2761.565,,,,,,,,,2764.855,4,,147,8,,,,,,,,,,,,,,,,,,,0.192,-37.289,-0.048,-17.335,-20.972,-44.915,-15.113,-61.13,19.802,-48.356,9.412,-64.045,40.907,-90.657,0.228,-116.083,-40.807,-90.557,0.357,-36.804,,"ke ro",-0.206,-17.621,,"ゆっち一",-20.943,-45.866,,"muyang_",-15.13,-61.163,,"shuwaYNZ",19.804,-48.347,104,"CoalCat",7.755,-63.46,,"AI",40.9,-90.65,,"Mr․D VRC",0.233,-116.1,,"AI",-40.8,-90.55,,,,,,,,2764.215,-18.349,-39.075,,,,2761.65,18.869,-44.666,,,,,,,,,,,,,,,,,,,,,,,,,2762.719,12.751,-42.852,,,,,,,,,,,,,"",2,-36.157,-36.157,4.117,0,0,1,-25.181,-25.181,-62.247,-25.181,0,-60.812,0,"shuwaYNZ",2761.565,,,24,""
131,SIDE,7,0,0,3,0,0,2,0,1,0,255,13,255,,2765.843,,,,,,,,,,,,,,,,,,,,,,,,5,"=","=","=","=","=","=","=","=","",,,,,,,,,,,,,,,,,,,,,,,,,,,,,,,,,,,,,,,0,0,,,,,,,,,,,,,,,,,,,,,,,,,,,,,,,,,,,,,,,,,,,,,,,,,,,,,,,,,,,,,,,,,,,,,,,,,,,,,,,,,,,,,,,,,,,,,,,,,,,,,,,,,,,,,,,,,,,,,,,,,,,,,,,,,,,,,,,,,,,,,,,,,"",0,,,,,,,,,,,,,0,"",2765.783,,,0,""
132,,8,1,0,3,0,0,0,0,0,0,255,255,255,54,2851.652,"눈꽃",R,14,68,108,0.158,-1.497,0.052,1.764,-0.662,1.194,-36.64,13.638,61,39,0,2,"",383.336,312.348,0,0,0,0,"CoalCat","muyang_","ke ro","shuwaYNZ","ゆっち一","Mr․D VRC","인생최패망자","","",5,R,"CoalCat",174.9,82.838,0.435,5,36,W,Y,1,2852.718,231,116,126,114,74,,145,84,-22.33,-47.986,-0.068,0.464,-21.591,1,0,0.312,-389.953,425.523,-163.911,2848.456,0.654,-22.243,2855.839,6,48.741,0.059,-60.008,1,0,,2858.285,2862.617,,,,,,,,,,,,,,,,,,,,,,,,,,,,,2863.48,3,,,,,-0.18,-37.807,-0.1,-18.199,-20.053,-45.432,-15.723,-63.571,20.245,-48.108,13.397,-64.063,41.911,-92.901,0,-109.86,-47.147,-95.306,0.227,-37.239,,"mochi_2929",-0.174,-18.364,,"소솨소솨",-20.052,-44.783,,"_Gosomi",-15.616,-63.482,85,"Riyaj",20.089,-48.008,,"아침땅_",13.434,-64.042,,"Yes_Man_",41.975,-92.819,113,"AI",0,-109.84,,"yumi2012",-47.13,-95.317,,2867.596,0.272,-38.219,,,,,,,2862.981,0.376,-59.23,,,,,,,2860.241,48.866,-60.633,,,,,,,,,,,,,,,,2866.462,-1.222,-56.891,,,,,,,2861.212,42.881,-59.173,,,,,,,"",2,-49.381,-49.381,-10.357,0,0,1,-26.815,-26.815,-54.444,-26.815,0,-59.041,0,"Yes_Man_",2862.617,,,133,""
133,,8,1,0,3,0,0,0,0,1,0,255,5,255,55,2880.795,"눈꽃",R,14,71,111,-0.588,-0.867,-0.012,1.863,-0.966,1.549,-36.64,11.047,70,30,0,0,"",390.434,312.348,0,0,0,1,"=","=","=","=","=","=","=","","",0,R,"muyang_",171.4,80,0.498,,37,W,Y,1,,,,,,,,,,,,,,,,,,,,,,,,,,,,,0,0,,,,,,,,,,,,,2881.564,,,,,,,,,,,,,,,,,,,,,,,,,-0.25,-37.766,-0.045,-17.975,-20.104,-44.471,-14.303,-61.484,20.658,-47.181,12.502,-64.646,38.12,-91.232,0,-109.86,-44.447,-95.06,,,,"",,,,"",,,,"",,,,"",,,,"",,,,"",,,,"",,,,"",,,,2885.414,-0.2,-37.691,,,,,,,,,,,,,,,,,,,,,,,,,,,,,,,,,,,,,,,,,,,,,,,,,,,,"",0,,,,,,,,,,,,,0,"",2883.119,,,0,""
134,,8,1,0,3,0,1,0,0,1,0,255,5,255,56,2895.97,"눈꽃",R,27,89,140,-1.168,-0.23,0.05,1.81,-0.671,1.315,-36.64,12.427,50,50,0,2,"",117.755,-149.067,0,0,0,1,"=","=","=","=","=","=","=","","",0,R,"muyang_",171.4,80,0.498,5,37,W,Y,1,2896.963,199,144,136,87,65,,145,83,4.098,54.255,-0.216,0.848,-20.409,1,0,0.254,17.567,-244.188,368.366,2893.623,-16.645,-32.623,,,,,,0,0,,,,,,,,,,,,,2901.998,,,,,,,,,,,,,,,,,,,,,,,,,-0.096,-37.768,-0.013,-17.948,-19.634,-44.055,-14.54,-63.203,20.256,-47.468,11.642,-64.854,38.199,-90.711,0,-109.85,-43.381,-95.449,-0.175,-37.08,,"mochi_2929",-0.247,-18.091,,"소솨소솨",-19.593,-44.01,,"_Gosomi",-14.508,-63.19,,"Riyaj",20.234,-47.257,,"아침땅_",12.007,-64.715,,"Yes_Man_",38.231,-90.646,,"AI",0,-109.84,,"yumi2012",-43.374,-95.449,,,,,,,,,,,,,,,,,,,,,,,,,,,,,,,,,,,,,,,,,,,,,,,,,,,,,,,,"",3,125.461,54.781,13.028,1,1,0.813,7.253,4.098,-7.696,-39.549,0.005,174.649,0,"",2901.191,,,0,""
135,,8,1,0,3,0,2,0,0,1,0,255,5,255,57,2914.366,"눈꽃",R,3,74,113,-2.613,-0.353,0.15,1.781,-0.365,1.649,-36.64,7.682,58,42,0,1,"",-433.244,177.038,0,0,0,1,"=","=","=","=","=","=","=","","",0,R,"muyang_",171.4,80,0.498,,37,W,Y,0,,,,,,,,,,,,,,,,,,,,,,,,,,,,,0,0,,,,,,,,,,,,,2921.278,,,,,,,,,,,,,,,,,,,,,,,,,-0.005,-37.837,0,-17.698,-20.279,-45.177,-16.104,-62.101,21.185,-47.128,12.236,-64.858,43.008,-88.976,0,-109.85,-42.631,-91.616,,,,"",,,,"",,,,"",,,,"",,,,"",,,,"",,,,"",,,,"",,,,,,,,,,,,,,,,,,,,,,,,,,,,,,,,,,,,,,,,,,,,,,,,,,,,,,,,,,"",0,,,,,,,,,,,,,0,"",2918.172,,,0,""
136,,8,1,0,3,1,2,0,0,1,0,255,5,255,58,2928.954,"눈꽃",R,45,59,100,-1.366,-0.852,-0.133,1.439,-1.069,0.875,-36.64,22.266,28,72,0,2,"",227.273,-200,0,0,0,1,"=","=","=","=","=","=","=","","",0,R,"muyang_",171.4,80,0.498,3,37,W,Y,1,2930.044,135,107,75,91,81,,139,77,17.598,28.751,-0.497,0.931,-21.329,1,0,0.31,-54.8,449.151,354.498,,,,2927.806,2,-17.447,2.898,-48.651,0,0,,2935.4,,,,,,,2938.728,,,,,,2932.187,1,,451,0,2937.965,0,2,678,130,,,,,,,,2937.965,5,,,,,-0.239,-37.653,-0.073,-17.834,-20.294,-45.197,-16.067,-63.007,21.141,-47.113,12.599,-64.78,42.955,-89.017,0,-109.85,-42.623,-93.383,0.085,-37.222,,"mochi_2929",-0.591,-17.929,,"소솨소솨",-20.225,-45.154,120,"_Gosomi",-16.189,-62.811,,"Riyaj",21.08,-46.986,,"아침땅_",12.253,-64.815,85,"Yes_Man_",43.102,-88.82,113,"AI",0,-109.84,,"yumi2012",-42.617,-93.425,,,,,,,,2932.194,-18.31,-49.076,,,,,,,2937.397,1.667,-59.975,2935.125,36.666,-74.799,,,,,,,,,,,,,2932.711,-15.514,-51.527,,,,,,,2941.028,-0.797,-56.368,2935.938,32.404,-71.378,,,,,,,"",1,,,,,,,,,,,,,0,"소솨소솨",,2938.728,,162,""
137,,8,1,0,3,0,0,2,0,0,0,255,255,255,59,2972.021,"눈꽃",R,6,66,100,0.34,-0.707,0.008,1.733,-0.394,1.178,-36.64,12.324,49,51,0,0,"",259.417,0,0,0.288,-15.106,2,"=","=","=","=","=","=","=","","",1,R,"ke ro",190,80.196,0.367,,54,W,Y,0,,,,,,,,,,,,,,,,,,,,,,,,,,,,,0,0,,,,,,,,,,,,,,,,,,,,,,,,,,,,,,,,,,,,,,-0.238,-37.7,-0.102,-17.533,-19.945,-44.674,-15.367,-62.924,20.643,-47.32,12.189,-64.801,38.235,-90.142,0,-109.87,-46.597,-97.95,,,,"",,,,"",,,,"",,,,"",,,,"",,,,"",,,,"",,,,"",,,,,,,,,,,,,,,,,,,,,,,,,,,,,,,,,,,,,,,,,,,,,,,,,,,,,,,,,,"",0,,,,,,,,,,,,,0,"",,,,0,""
138,,8,1,0,3,0,1,2,0,0,0,255,255,255,60,2984.662,"눈꽃",R,14,64,94,-0.497,-1.176,-0.095,1.79,-0.965,1.399,-36.64,12.399,49,51,0,1,"",329.785,317.91,0,0.028,-17.786,2,"=","=","=","=","=","=","=","","",1,R,"ke ro",190,80.196,0.367,,54,W,Y,0,,,,,,,,,,,,,,,,,,,,,,,,,,,,,0,0,,,,,,,,,,,,,,,,,,,,,,,,,,,,,,,,,,,,,,-0.269,-37.866,-0.078,-17.608,-20.149,-45.04,-14.052,-64.463,20.547,-47.29,12.945,-64.67,38.275,-90.199,0,-109.85,-46.073,-97.746,,,,"",,,,"",,,,"",,,,"",,,,"",,,,"",,,,"",,,,"",,,,,,,,,,,,,,,,,,,,,,,,,,,,,,,,,,,,,,,,,,,,,,,,,,,,,,,,,,"",0,,,,,,,,,,,,,0,"",,,,0,""
139,,8,1,0,3,1,1,2,0,0,0,255,255,255,61,2997.916,"눈꽃",R,14,63,105,0.565,-1.574,0.017,1.729,-0.528,1.026,-36.64,29.147,61,39,0,1,"",391.404,286.121,0,0.236,-18.966,2,"=","=","=","=","=","=","=","","",1,R,"ke ro",190,80.196,0.367,,54,W,Y,0,,,,,,,,,,,,,,,,,,,,,,,,,,,,,0,0,,,,,,,,,,,,,,,,,,,,,,,,,,,,,,,,,,,,,,-0.35,-37.658,-0.117,-17.552,-19.89,-45.032,-14.207,-64.262,20.788,-47.289,12.844,-64.708,38.353,-90.175,0,-109.85,-45.931,-97.968,,,,"",,,,"",,,,"",,,,"",,,,"",,,,"",,,,"",,,,"",,,,,,,,,,,,,,,,,,,,,,,,,,,,,,,,,,,,,,,,,,,,,,,,,,,,,,,,,,"",0,,,,,,,,,,,,,0,"",,,,0,""
140,,8,1,0,3,2,1,2,0,0,0,255,255,255,62,3011.768,"눈꽃",R,14,66,107,1.529,-1.452,0.162,1.761,0.008,1.189,-36.64,25.131,61,39,0,1,"",338.872,358.659,0,0.392,-18.065,2,"=","=","=","=","=","=","=","","",1,R,"ke ro",190,80.196,0.367,,54,W,Y,0,,,,,,,,,,,,,,,,,,,,,,,,,,,,,0,0,,,,,,,,,,,,,,,,,,,,,,,,,,,,,,,,,,,,,,-0.224,-37.731,-0.114,-17.928,-19.806,-45.098,-14.362,-64.15,20.736,-47.31,12.642,-64.607,38.412,-90.08,0,-109.85,-46.04,-97.864,,,,"",,,,"",,,,"",,,,"",,,,"",,,,"",,,,"",,,,"",,,,,,,,,,,,,,,,,,,,,,,,,,,,,,,,,,,,,,,,,,,,,,,,,,,,,,,,,,"",0,,,,,,,,,,,,,0,"",,,,0,""
141,,8,1,0,3,3,1,2,0,0,0,255,255,255,63,3024.938,"눈꽃",R,45,49,93,-0.365,-0.564,0.03,1.637,-0.641,1.196,-36.64,17.44,28,72,0,0,"",208.797,-63.981,0,0,0,2,"=","=","=","=","=","=","=","","",1,R,"ke ro",190,80.196,0.367,,54,W,Y,0,,,,,,,,,,,,,,,,,,,,,,,,,,,,,0,0,,,,,,,,,,,,,,,,,,,,,,,,,,,,,,,,,,,,,,-0.186,-37.766,0.064,-17.873,-19.74,-44.794,-15.155,-63.405,20.9,-47.219,12.269,-65.066,38.376,-90.106,0,-109.85,-46.045,-97.842,,,,"",,,,"",,,,"",,,,"",,,,"",,,,"",,,,"",,,,"",,,,,,,,,,,,,,,,,,,,,,,,,,,,,,,,,,,,,,,,,,,,,,,,,,,,,,,,,,"",0,,,,,,,,,,,,,0,"",,,,0,""
142,,8,1,0,3,3,2,2,0,0,0,255,255,255,64,3037.511,"눈꽃",R,45,54,96,-0.776,-0.875,-0.104,1.546,-0.796,0.985,-36.64,19.202,23,77,0,0,"",207.561,-78.139,0,0,0,2,"=","=","=","=","=","=","=","","",1,R,"ke ro",190,80.196,0.367,,54,W,Y,0,,,,,,,,,,,,,,,,,,,,,,,,,,,,,0,4,,,,,,,,,,,,,,,3040.312,2,,578,0,,,,,,,,,,,,,,,,,3040,1,-0.245,-37.784,-0.101,-18.026,-19.74,-44.817,-14.66,-63.841,20.877,-47.611,12.094,-65.014,38.489,-90.078,0,-109.85,-46.01,-97.872,,,,"",,,,"",,,,"",,,,"",,,,"",,,,"",,,,"",,,,"",,,,,,,,,,,,,,,,,,,,,,,,,,,,,,,,,,,,,,,,,,,,,,,,,,,,,,,,,,"",0,,,,,,,,,,,,,0,"",,,,0,""
143,SIDE,8,1,0,3,0,0,2,0,0,0,255,255,255,,3041.811,,,,,,,,,,,,,,,,,,,,,,,,3,"=","=","=","=","=","=","=","","",,,,,,,,,,,,,,,,,,,,,,,,,,,,,,,,,,,,,,,0,0,,,,,,,,,,,,,,,,,,,,,,,,,,,,,,,,,,,,,,,,,,,,,,,,,,,,,,,,,,,,,,,,,,,,,,,,,,,,,,,,,,,,,,,,,,,,,,,,,,,,,,,,,,,,,,,,,,,,,,,,,,,,,,,,,,,,,,,,,,,,,,,,,"",0,,,,,,,,,,,,,0,"",,,,0,""
144,,8,0,0,3,0,0,0,0,0,0,255,255,255,64,3094.051,"muyang_",R,32,52,108,0.05,0.631,0.107,1.624,-0.445,1.735,-36.632,60.778,3,97,0,0,"B+",245.455,-188.937,14.55,0,0,5,"눈꽃","소솨소솨","_Gosomi","Riyaj","mochi_2929","아침땅_","yumi2012","Yes_Man_","",5,R,"아침땅_",170.2,86.571,0.5,,37,W,Y,0,,,,,,,,,,,,,,,,,,,,,,,,,,,,,0,0,,,,,,,,,,,,,,,,,,,,,,,,,,,,,,,,,,,,,,-0.274,-37.712,-0.015,-17.262,-18.667,-46.135,-15.073,-58.628,19.511,-47.129,9.097,-63.656,40.922,-90.671,0.966,-118.294,-40.822,-90.571,,,,"",,,,"",,,,"",,,,"",,,,"",,,,"",,,,"",,,,"",,,,,,,,,,,,,,,,,,,,,,,,,,,,,,,,,,,,,,,,,,,,,,,,,,,,,,,,,,"",0,,,,,,,,,,,,,0,"",,,,0,""
145,,8,0,0,3,1,1,0,0,0,0,255,255,255,65,3126.777,"muyang_",R,3,51,86,-1.383,-0.123,0.228,1.576,0.183,1.569,-36.632,55.316,5,95,0,0,"",-318.716,0,-4.693,-0.764,-14.659,5,"=","=","=","=","=","=","=","=","",5,R,"아침땅_",170.2,86.571,0.5,,37,W,Y,1,,,,,,,,,,,,,,,,,,,,,,,,,,,,,0,0,,,,,,,,,,,,,,,,,,,,,,,,,,,,,,,,,,,,,,-0.349,-37.571,-0.021,-17.259,-18.334,-46.056,-15.388,-59.376,19.605,-47.605,9.961,-64.624,40.915,-90.664,1.684,-117.839,-40.815,-90.564,,,,"",,,,"",,,,"",,,,"",,,,"",,,,"",,,,"",,,,"",,,,,,,,,,,,,,,,,,,,,,,,,,,,,,,,,,,,,,,,,,,,,,,,,,,,,,,,,,"",0,,,,,,,,,,,,,0,"",,,,0,""
146,,8,0,0,3,1,2,0,0,0,0,255,255,255,66,3140.146,"muyang_",R,28,71,123,-4.938,-2.582,-0.236,1.156,-2.043,0.043,-36.632,35.992,0,57,43,1,"",-78.925,-94.996,-78.923,-0.948,-19.774,5,"=","=","=","=","=","=","=","=","",5,R,"아침땅_",170.2,86.571,0.5,,37,W,Y,0,,,,,,,,,,,,,,,,,,,,,,,,,,,,,0,0,,,,,,,,,,,,,,,,,,,,,,,,,,,,,,,,,,,,,,-0.373,-37.422,-0.048,-17.259,-18.314,-46.101,-15.357,-59.388,19.715,-47.726,9.991,-64.601,40.907,-90.657,1.038,-117,-40.807,-90.557,,,,"",,,,"",,,,"",,,,"",,,,"",,,,"",,,,"",,,,"",,,,,,,,,,,,,,,,,,,,,,,,,,,,,,,,,,,,,,,,,,,,,,,,,,,,,,,,,,"",0,,,,,,,,,,,,,0,"",,,,0,""
147,,8,0,0,3,2,2,0,0,0,0,255,255,255,67,3154.16,"muyang_",R,45,42,100,-2.151,-0.174,0.074,1.61,-1.377,1.363,-36.632,59.375,0,100,0,1,"",207.692,-119.02,6.915,0,0,5,"=","=","=","=","=","=","=","=","",5,R,"아침땅_",170.2,86.571,0.5,,37,W,Y,0,,,,,,,,,,,,,,,,,,,,,,,,,,,,,0,0,,,,,,,,,,,,,,,,,,,,,,,,,,,,,,,,,,,,,,-0.303,-37.671,-0.008,-17.221,-18.319,-46.085,-15.391,-59.377,19.332,-48.057,9.975,-64.614,40.907,-90.657,0.65,-116.413,-40.807,-90.557,,,,"",,,,"",,,,"",,,,"",,,,"",,,,"",,,,"",,,,"",,,,,,,,,,,,,,,,,,,,,,,,,,,,,,,,,,,,,,,,,,,,,,,,,,,,,,,,,,"",0,,,,,,,,,,,,,0,"",,,,0,""
148,,8,0,0,3,3,2,0,0,0,0,255,255,255,68,3169.208,"muyang_",R,3,47,82,-0.997,-0.07,0.305,1.588,0.511,1.6,-36.632,53.555,0,100,0,0,"",-366.005,0,-11.459,0,0,5,"=","=","=","=","=","=","=","=","",5,R,"아침땅_",170.2,86.571,0.5,,37,W,Y,1,,,,,,,,,,,,,,,,,,,,,,,,,,,,,0,0,,,,,,,,,,,,,,,3172.098,5,,578,0,,,,,,,,,,,,,,,,,,,-0.19,-37.767,-0.025,-17.168,-18.305,-46.078,-15.348,-59.274,19.272,-48.118,9.982,-64.612,40.907,-90.657,0.515,-116.26,-40.807,-90.557,,,,"",,,,"",,,,"",,,,"",,,,"",,,,"",,,,"",,,,"",,,,,,,,,,,,,,,,,,,,,,,,,,,,,,,,,,,,,,,,,,,,,,,,,,,,,,,,,,"",0,,,,,,,,,,,,,0,"",,,,0,""
149,,8,0,0,3,0,0,1,0,0,0,255,255,255,69,3188.294,"muyang_",R,13,51,84,-3.65,-2.747,0.048,1.268,-0.988,-0.17,-36.632,38.916,23,77,0,1,"",-269.719,353.903,-15.753,-0.518,-23.068,6,"=","=","=","=","=","=","=","=","",8,R,"yumi2012",173.9,90.292,0.504,,37,W,Y,0,,,,,,,,,,,,,,,,,,,,,,,,,,,,,0,0,,,,,,,,,,,,,,,,,,,,,,,,,,,,,,,,,,,,,,-0.364,-37.432,-0.009,-17.172,-19.314,-46.762,-13.998,-61.161,19.409,-47.95,9.707,-63.876,40.915,-90.664,0.164,-115.607,-40.815,-90.564,,,,"",,,,"",,,,"",,,,"",,,,"",,,,"",,,,"",,,,"",,,,,,,,,,,,,,,,,,,,,,,,,,,,,,,,,,,,,,,,,,,,,,,,,,,,,,,,,,"",0,,,,,,,,,,,,,0,"",,,,0,""
150,,8,0,0,3,1,0,1,0,0,0,255,255,255,70,3200.327,"muyang_",R,0,16,74,0.069,-0.269,0.146,1.575,0.017,1.496,-36.632,93.737,0,100,0,2,"",0,0,-7.563,0,0,6,"=","=","=","=","=","=","=","=","",8,R,"yumi2012",173.9,90.292,0.504,3,37,W,Y,1,3201.776,255,68,76,51,22,,141,126,99.175,-75.868,0.003,0.855,-20.365,0.6,0,0.569,105.894,27.117,414.617,,,,,,,,,0,0,,,,,,,,,,,,,,,,,,,,,,,,,,,,,,,,,,,,,,-0.31,-37.421,-0.009,-17.056,-19.315,-46.759,-14.264,-61.88,20.069,-47.959,9.95,-64.352,40.907,-90.657,0.137,-115.733,-40.807,-90.557,-0.191,-37.422,,"ke ro",-0.098,-17.013,,"ゆっち一",-19.319,-46.757,,"인생최패망자",-14.257,-61.88,,"shuwaYNZ",19.874,-48.024,,"CoalCat",9.959,-64.15,,"AI",40.9,-90.65,,"Mr․D VRC",0.141,-115.725,,"AI",-40.8,-90.55,,,,,,,,,,,,,,,,,,,,,,,,,,,,,,,,,,,,,,,,,,,,,,,,,,,,,,,,"",3,,,,,,,,,,,,,0,"",,,,0,""
151,,8,0,0,3,1,1,1,0,0,0,255,255,255,71,3218.979,"muyang_",R,3,48,83,-0.14,-0.115,0.326,1.617,0.819,1.573,-36.632,72.747,0,100,0,2,"",-345.362,0,-4.56,0,0,6,"=","=","=","=","=","=","=","=","",8,R,"yumi2012",173.9,90.292,0.504,3,38,W,Y,1,3220.355,255,86,75,91,45,,145,81,-2.029,41.541,-0.084,0.947,-21.075,1,0,0.649,-14.382,25.397,482.947,3216.173,-7.119,-29.014,3217.456,2,-18.76,0.055,-40.928,0,0,,,,,,,,,,,,,,,3223.018,6,,147,0,,,,,,,,,,,3222.771,2,,,,,,,-0.28,-37.563,-0.022,-17.139,-19.408,-47.041,-14.411,-61.664,19.585,-48.451,9.831,-64.541,40.915,-90.664,-0.245,-115.646,-40.815,-90.564,-0.092,-37.551,,"ke ro",-0.078,-17.094,,"ゆっち一",-19.407,-47.045,85,"인생최패망자",-14.417,-61.628,,"shuwaYNZ",19.712,-48.265,,"CoalCat",9.864,-64.364,,"AI",40.9,-90.65,,"Mr․D VRC",-0.231,-115.603,,"AI",-40.8,-90.55,,3225.191,-1.184,-38.51,,,,3222.095,-19.634,-42.056,,,,,,,,,,,,,,,,,,,,,,,,,3224.221,-17.461,-39.79,,,,,,,,,,,,,,,,,,,"",2,,,,,,,,,,,,,0,"ゆっち一",,,,18,""
152,,8,0,0,3,0,0,2,0,0,0,255,255,255,72,3239.146,"muyang_",R,3,56,88,-1.934,-0.199,0.142,1.545,0.121,1.525,-36.632,44.24,0,100,0,2,"",-400,0,-6.868,0,0,7,"=","=","=","=","=","=","=","=","",6,R,"Yes_Man_",175,89.826,0.502,3,37,W,Y,1,3240.443,211,174,119,111,116,,145,81,-14.141,17.482,-0.283,0.981,-21.434,1,0,0.642,22.457,312.611,-45.417,3235.973,-1.376,-24.858,3237.889,3,-10.281,0.057,-53.362,0,0,,3246.162,,,,,,,,,,,,,3245.729,7,,147,64,,,,,,,,,,,,,,,,,,,-0.38,-37.522,-0.006,-17.175,-21.134,-45.754,-15.793,-58.726,20.006,-48.652,9.393,-64.274,40.915,-90.664,0.378,-113.419,-40.815,-90.564,-0.011,-37.663,,"ke ro",-0.081,-17.13,,"ゆっち一",-22.71,-46.005,,"인생최패망자",-15.464,-60.001,88,"shuwaYNZ",19.772,-48.325,,"CoalCat",9.431,-64.184,,"AI",40.9,-90.65,,"Mr․D VRC",0.329,-113.195,,"AI",-40.8,-90.55,,,,,,,,3245.101,-18.388,-40.304,3242.582,-10.872,-54.076,,,,,,,,,,,,,,,,,,,,,,,,,3244.485,-12.478,-47.001,,,,,,,,,,,,,,,,"",2,,,,,,,,,,,,,0,"인생최패망자",,,,80,""
153,SIDE,8,0,0,3,0,0,2,0,0,0,255,255,255,,3247.347,,,,,,,,,,,,,,,,,,,,,,,,0,"=","=","=","=","=","=","=","=","",,,,,,,,,,,,,,,,,,,,,,,,,,,,,,,,,,,,,,,0,0,,,,,,,,,,,,,,,,,,,,,,,,,,,,,,,,,,,,,,,,,,,,,,,,,,,,,,,,,,,,,,,,,,,,,,,,,,,,,,,,,,,,,,,,,,,,,,,,,,,,,,,,,,,,,,,,,,,,,,,,,,,,,,,,,,,,,,,,,,,,,,,,,"",0,,,,,,,,,,,,,0,"",,,,0,""
154,,9,1,0,3,0,0,0,0,0,0,255,255,255,65,3284.868,"눈꽃",R,14,68,96,-0.204,-0.675,-0.033,1.86,-0.824,1.702,-36.64,5.534,59,41,0,0,"",333.689,322.191,0,0,0,3,"CoalCat","muyang_","ke ro","shuwaYNZ","ゆっち一","Mr․D VRC","인생최패망자","","",4,R,"shuwaYNZ",190,82.084,0.381,,37,W,Y,1,,,,,,,,,,,,,,,,,,,,,,,,,,,,,0,0,,,,,,,,,,,,,,,,,,,,,,,,,,,,,,,,,,,,,,-0.181,-37.705,-0.005,-17.9,-20.615,-45.778,-15.074,-63.128,21.052,-47.506,12.598,-64.863,41.6,-92.978,0,-109.87,-47.789,-96.491,,,,"",,,,"",,,,"",,,,"",,,,"",,,,"",,,,"",,,,"",,,,,,,,,,,,,,,,,,,,,,,,,,,,,,,,,,,,,,,,,,,,,,,,,,,,,,,,,,"",0,,,,,,,,,,,,,0,"",,,,0,""
155,,9,1,0,3,0,1,0,0,0,0,255,255,255,66,3299.157,"눈꽃",R,14,68,97,-0.251,-1.015,-0.078,1.773,-0.862,1.47,-36.64,8.007,61,39,0,1,"",344.292,312.348,0,0.11,-17.259,3,"=","=","=","=","=","=","=","","",4,R,"shuwaYNZ",190,82.084,0.381,,37,W,Y,0,,,,,,,,,,,,,,,,,,,,,,,,,,,,,0,0,,,,,,,,,,,,,,,,,,,,,,,,,,,,,,,,,,,,,,-0.183,-37.906,-0.077,-17.957,-20.128,-45.693,-16.138,-62.67,19.344,-46.956,12.527,-64.748,41.625,-92.91,0,-109.86,-47.85,-96.584,,,,"",,,,"",,,,"",,,,"",,,,"",,,,"",,,,"",,,,"",,,,,,,,,,,,,,,,,,,,,,,,,,,,,,,,,,,,,,,,,,,,,,,,,,,,,,,,,,"",0,,,,,,,,,,,,,0,"",,,,0,""
156,,9,1,0,3,1,1,0,0,0,0,255,255,255,67,3312.402,"눈꽃",R,26,99,140,-0.96,-1.044,0.009,1.597,-0.502,0.809,-36.64,18.198,56,44,0,2,"",60.68,-160.317,0,-0.32,-18.8,3,"=","=","=","=","=","=","=","","",4,R,"shuwaYNZ",190,82.084,0.381,3,37,W,Y,1,3313.527,163,199,114,102,47,,145,118,-30,18.462,-0.184,0.602,-20.38,0.83,0,0.319,525.545,-260.703,112.116,3308.772,-0.497,-21.321,3310.689,3,-12.594,1.901,-57.801,0,0,,3319.376,,,,,,,,,,,,,3318.096,3,,147,4,,,,,,,,,,,,,,,,,,,-0.157,-37.726,-0.06,-17.962,-20.096,-45.351,-16.191,-62.678,20.365,-47.194,12.895,-64.528,41.539,-93.095,0,-109.85,-47.961,-96.537,0.163,-37.355,,"mochi_2929",-0.168,-18.098,,"소솨소솨",-19.97,-45.275,85,"_Gosomi",-16.065,-62.631,101,"Riyaj",20.168,-47.165,,"아침땅_",12.822,-65.588,,"Yes_Man_",41.554,-92.937,,"AI",0,-109.84,,"yumi2012",-47.974,-96.518,,3320.411,-0.229,-37.922,,,,3317.443,-19.108,-40.245,3315.458,-12.773,-58.883,,,,,,,,,,,,,,,,,,,,,,3319.328,-18.055,-39.698,3316.74,-14.813,-52.023,,,,,,,,,,,,,,,,"",2,,,,,,,,,,,,,0,"_Gosomi",,,,7,""
157,,9,1,0,3,0,0,1,0,0,0,255,255,255,68,3332.182,"눈꽃",R,13,74,101,0.6,-0.151,0.511,1.832,1.024,1.919,-36.64,20.154,57,43,0,2,"",-376.937,256.44,0,0,0,4,"=","=","=","=","=","=","=","","",2,L,"ゆっち一",181.4,84,0.401,3,37,W,Y,1,3333.42,255,157,76,95,75,,145,93,35.773,-23.805,0.098,0.896,-20.237,-0.53,0,0.458,157.628,417.233,-91.828,3333.573,24.223,-90.985,3336.223,7,29.087,0.056,-109.644,1,0,,3339.395,3343.918,,,,,,,,,,,,,,,,,,,,,,,,,,,,,3346.314,3,,,,,0.15,-37.793,-0.026,-17.851,-19.313,-44.508,-11.073,-65.65,21.92,-48.452,15.191,-63.478,48.48,-97.661,0,-109.86,-47.315,-100.17,-0.074,-37.176,,"mochi_2929",-0.043,-17.777,,"소솨소솨",-18.819,-44.014,,"_Gosomi",-10.792,-65.705,86,"Riyaj",21.903,-48.224,,"아침땅_",15.967,-64.665,,"Yes_Man_",48.262,-97.432,,"AI",0,-109.84,,"yumi2012",-47.288,-100.204,,3348.46,0.038,-38.579,,,,,,,3345.005,2.138,-63.109,,,,,,,,,,,,,,,,,,,,,,,,,3347.475,-0.415,-55.259,,,,,,,,,,,,,,,,"",2,,,,,,,,,,,,,0,"AI",3343.918,,,5,""
158,,9,1,0,3,0,0,1,0,1,0,255,2,255,69,3364.228,"눈꽃",R,26,95,140,0.97,-1.04,-0.013,1.639,-0.733,0.995,-36.64,10.508,50,50,0,2,"",79.356,-172.013,0,0,0,5,"=","=","=","=","=","=","=","","",7,R,"Mr․D VRC",177.1,93.352,0.449,0,35,W,Y,1,3365.288,208,90,66,101,37,,140,103,12.304,22.692,-0.268,0.684,-20.202,-0.06,0,0.247,-158.888,441.318,169.043,,,,3362.423,3,-17.713,2.609,-57.031,0,0,,,,,,,,,,,,,,,3367.301,5,,452,0,,,,,,,,,,,,,,,,,,,-0.142,-37.703,0.141,-17.869,-20.451,-45.377,-15.594,-62.122,20.137,-41.104,2.412,-65.727,41.462,-91.467,0,-109.87,-42.997,-96.66,-0.054,-37.552,,"mochi_2929",-0.024,-18.01,,"소솨소솨",-20.022,-44.924,,"_Gosomi",-15.583,-62.184,107,"Riyaj",19.826,-44.515,,"아침땅_",8.183,-64.567,88,"Yes_Man_",40.125,-90.027,,"AI",0,-109.84,,"yumi2012",-43.008,-96.661,,3372.95,0.506,-38.96,,,,,,,3367.312,-18.167,-58.175,,,,3369.294,-1.084,-58.919,,,,,,,,,,,,,,,,,,,3368.603,-13.345,-56.517,,,,3371.799,-0.031,-57.56,,,,,,,,,,"",1,,,,,,,,,,,,,0,"_Gosomi",3369.102,,,37,""
159,,9,1,0,3,0,0,2,0,1,0,255,2,255,70,3388.669,"눈꽃",R,0,65,118,3.11,1.866,0.508,2.124,1.339,2.771,-36.64,54.77,93,7,0,1,"",0,0,0,0,0,6,"=","=","=","=","=","=","=","","",3,R,"인생최패망자",190,86,0.35,,37,W,Y,0,,,,,,,,,,,,,,,,,,,,,,,,,,,,,0,64,,,,,,,,,,,,,3389.033,,,,,,,,,,,,,,,,,,,,,,,3392.632,1,0.101,-37.654,-0.049,-17.873,-20.179,-45.561,-13.916,-64.223,20.674,-46.58,12.436,-64.721,44.841,-94.21,0,-109.87,-45.573,-94.9,,,,"",,,,"",,,,"",,,,"",,,,"",,,,"",,,,"",,,,"",,,,3396.123,-0.167,-37.607,,,,,,,,,,,,,,,,,,,,,,,,,,,,,,,,,,,,,,,,,,,,,,,,,,,,"",0,,,,,,,,,,,,,0,"",3391.26,,,0,""
160,,9,1,0,3,1,0,2,0,1,0,255,2,255,71,3410.256,"눈꽃",R,27,89,140,-1.12,-0.883,0.14,1.772,-0.633,0.918,-36.64,13.292,59,41,0,2,"",102.614,-144.502,0,0,0,6,"=","=","=","=","=","=","=","","",3,R,"인생최패망자",190,86,0.35,0,37,W,Y,1,3411.287,255,201,150,150,75,,145,106,8.452,-16.042,-0.199,0.73,-20.958,-0.31,0,0.259,120.481,448.571,102.792,,,,3408.623,5,9.918,1.891,-63.178,0,0,,,,,,,,,,,,,3411.978,,3413.363,6,,454,0,,,,,,,,,,,,,,,,,,,-0.075,-37.636,-0.113,-18.107,-19.714,-44.261,-13.919,-63.689,21.131,-46.848,12.855,-64.766,44.995,-94.221,0,-109.87,-44.273,-93.938,0.39,-37.029,,"mochi_2929",-0.145,-18.391,,"소솨소솨",-19.681,-44.219,,"_Gosomi",-13.958,-63.637,,"Riyaj",20.945,-46.928,,"아침땅_",13.301,-65.513,,"Yes_Man_",44.915,-94.309,,"AI",0,-109.84,,"yumi2012",-44.278,-93.935,,,,,,,,,,,,,,,,,3413.376,9.934,-63.724,,,,,,,,,,,,,,,,,,,,,,,,,,,,,,,,,,,,,"",1,,,,,,,,,,,,,0,"아침땅_",,,,32,""
161,SIDE,9,1,0,3,0,0,2,0,1,0,255,2,255,,3416.632,,,,,,,,,,,,,,,,,,,,,,,,0,"=","=","=","=","=","=","=","","",,,,,,,,,,,,,,,,,,,,,,,,,,,,,,,,,,,,,,,0,0,,,,,,,,,,,,,,,,,,,,,,,,,,,,,,,,,,,,,,,,,,,,,,,,,,,,,,,,,,,,,,,,,,,,,,,,,,,,,,,,,,,,,,,,,,,,,,,,,,,,,,,,,,,,,,,,,,,,,,,,,,,,,,,,,,,,,,,,,,,,,,,,,"",0,,,,,,,,,,,,,0,"",,,,0,""
162,,9,0,0,3,0,0,0,0,0,0,255,255,255,73,3452.73,"muyang_",R,32,72,123,-0.88,0.326,0.035,1.602,-0.783,1.658,-36.632,39.478,0,100,0,0,"",250,-156.247,-6.911,0,0,0,"눈꽃","소솨소솨","_Gosomi","Riyaj","mochi_2929","아침땅_","yumi2012","Yes_Man_","",0,L,"눈꽃",190,90,0.597,,37,W,Y,1,,,,,,,,,,,,,,,,,,,,,,,,,,,,,0,0,,,,,,,,,,,,,,,,,,,,,,,,,,,,,,,,,,,,,,-0.407,-37.621,-0.033,-17.159,-21.265,-47.434,-15.476,-63.637,20.846,-47.204,11.624,-63.154,40.944,-90.691,1.213,-119.714,-40.845,-90.591,,,,"",,,,"",,,,"",,,,"",,,,"",,,,"",,,,"",,,,"",,,,,,,,,,,,,,,,,,,,,,,,,,,,,,,,,,,,,,,,,,,,,,,,,,,,,,,,,,"",0,,,,,,,,,,,,,0,"",,,,0,""
163,,9,0,0,3,0,1,0,0,0,0,255,255,255,74,3468.681,"muyang_",R,3,51,85,0.682,-0.212,0.383,1.534,1.258,1.513,-36.632,66.892,0,100,0,2,"",-386.364,0,2.762,0,0,0,"=","=","=","=","=","=","=","=","",0,L,"눈꽃",190,90,0.597,5,37,W,Y,1,3470.077,207,169,77,86,61,,145,130,27.502,50.054,0.147,0.977,-20.77,0.29,0,0.461,340.052,-93.735,-283.714,3470.789,-92.363,-100.955,,,,,,0,0,,,,,,,,,,,,,,,,,,,,,,,,,,,,,,,,,,,,,,-0.294,-37.49,-0.009,-17.134,-21.289,-47.434,-15.455,-63.919,20.581,-47.43,11.618,-63.108,40.915,-90.664,1.036,-119.895,-40.815,-90.564,0.027,-37.758,,"ke ro",-0.008,-17.117,,"ゆっち一",-21.296,-47.431,,"인생최패망자",-15.431,-63.893,,"shuwaYNZ",20.585,-47.369,,"CoalCat",11.609,-63.108,,"AI",40.9,-90.65,,"Mr․D VRC",1.051,-119.758,,"AI",-40.8,-90.55,,,,,,,,,,,,,,,,,,,,,,,,,,,,,,,,,,,,,,,,,,,,,,,,,,,,,,,,"",3,53.374,53.374,14.911,0,1,0.815,60.478,44.807,-6.526,80.504,0.064,77.234,0,"",,,,0,""
164,,9,0,0,3,0,2,0,0,0,0,255,255,255,75,3491.974,"muyang_",R,3,55,88,-1.534,-0.561,0.169,1.533,0.272,1.29,-36.632,56.673,4,96,0,2,"",-388.921,0,2.877,0,0,0,"=","=","=","=","=","=","=","=","",0,L,"눈꽃",190,90,0.597,5,37,W,Y,1,3493.316,142,158,93,98,60,,144,104,30.021,32.401,-0.274,0.821,-20.56,-0.26,0,0.557,236.901,-302.387,-135.531,3493.356,-42.679,-98.189,3493.606,8,-41.496,2.375,-95.657,0,0,,3498.937,,,,,,,,,,,,,3498.648,0,,456,0,,,,,,,,,,,,,,,,,,,-0.449,-37.599,0.004,-17.144,-21.191,-46.523,-15.548,-63.707,20.927,-47.154,13.648,-62.006,40.915,-90.664,0.65,-118.972,-40.815,-90.564,-0.444,-37.821,,"ke ro",-0.03,-17.102,,"ゆっち一",-21.045,-46.425,,"인생최패망자",-15.561,-63.684,,"shuwaYNZ",21.048,-46.951,,"CoalCat",13.516,-61.892,79,"AI",40.9,-90.65,,"Mr․D VRC",0.65,-118.944,,"AI",-40.8,-90.55,,3506.156,-0.188,-38.295,,,,,,,,,,,,,3503.303,0.008,-58.947,,,,,,,,,,,,,,,,,,,,,,,,,3504.932,0.016,-57.551,,,,,,,,,,"",1,36.371,36.371,4.602,0,1,0.859,45.772,30.021,-5.056,77.543,0.048,56.84,0,"AI",,,,3,""
165,,9,0,0,3,0,0,1,0,0,0,255,255,255,76,3518.435,"muyang_",R,0,35,85,-0.551,-0.073,0.067,1.601,-0.242,1.596,-36.632,53.808,0,100,0,2,"",0,0,-2.246,0,0,1,"=","=","=","=","=","=","=","=","",2,R,"소솨소솨",190,89.933,0.503,3,37,W,Y,1,3519.873,195,172,104,69,86,,145,97,59.264,22.117,-0.096,1.05,-20.964,-0.51,0,0.689,200.965,-98.636,294.172,3521.039,-23.77,-74.238,3521.223,8,-23.407,2.446,-73.191,0,0,,,,,,,,,,,,,,,3526.278,1,,456,0,,,,,,,,,,,,,,,,,,,-0.345,-37.511,-0.021,-17.323,-20.589,-46.684,-14.171,-62.05,19.415,-47.075,10.512,-62.887,40.915,-90.664,-0.067,-119.281,-40.815,-90.564,-0.283,-37.295,,"ke ro",-0.068,-17.294,,"ゆっち一",-20.634,-46.716,,"인생최패망자",-14.674,-62.056,98,"shuwaYNZ",19.36,-47.087,,"CoalCat",10.442,-62.761,,"AI",40.9,-90.65,,"Mr․D VRC",0.063,-119.17,,"AI",-40.8,-90.55,,3533.062,-0.954,-38.29,,,,,,,3526.296,-23.682,-73.581,,,,,,,,,,,,,,,,,,,,,,,,,3531.083,-23.34,-72.218,,,,,,,,,,,,,,,,"",1,,,,,,,,,,,,,0,"AI",,,,66,""
166,,9,0,0,3,0,0,2,0,0,0,255,255,255,77,3550.323,"muyang_",R,32,64,118,0.289,0.184,0.164,1.588,-0.183,1.608,-36.632,46.45,0,100,0,2,"",180.567,-92.162,8.784,0,0,2,"=","=","=","=","=","=","=","=","",3,R,"_Gosomi",175,86.314,0.433,5,37,W,Y,1,3551.476,132,120,137,119,130,,140,129,26.304,-49.218,0.051,1.027,-20.825,0.58,0,0.382,188.967,258.418,507.456,3552.106,86.265,-106.046,,,,,,0,0,,,,,3557.737,,,,,,,,,,,,,,,,,,,,,,,,,,,,,,,,,-0.376,-37.554,-0.006,-17.161,-20.742,-48.125,-17.293,-61.609,20.448,-48.369,9.726,-63.278,40.922,-90.67,0.515,-110.217,-40.822,-90.571,-0.082,-37.655,,"ke ro",-0.024,-17.13,,"ゆっち一",-20.699,-48.101,,"인생최패망자",-17.206,-61.694,,"shuwaYNZ",20.445,-48.359,,"CoalCat",9.747,-63.165,,"AI",40.9,-90.65,,"Mr․D VRC",-0.125,-109.701,,"AI",-40.8,-90.55,,,,,,,,,,,,,,,,,,,,,,,,,,,,,,,,,,,,,,,,,,,,,,,,,,,,,,,,"",3,-49.572,-49.572,-14.449,0,2,0.334,53.764,39.15,-5.78,53.352,0.043,-111.451,0,"",,,,0,""
167,,9,0,0,3,0,1,2,0,0,0,255,255,255,78,3575.753,"muyang_",R,33,42,101,1.17,-0.927,0.212,1.477,0.244,1.028,-36.632,88.913,2,98,0,2,"",124.745,-47.387,10.901,0,0,2,"=","=","=","=","=","=","=","=","",3,R,"_Gosomi",175,86.314,0.433,5,47,W,Y,1,3576.985,65,110,80,64,103,,116,100,25.343,-40.238,0.208,0.709,-21.132,0.85,0,0.364,187.107,180.826,59.831,3576.673,53.787,-89.056,3576.839,6,52.19,2.055,-86.859,0,0,,3582.631,,,,,,,,,,,,,3581.957,2,,456,0,,,,,,,,,,,,,,,,,,,-0.396,-37.576,0.007,-17.275,-20.818,-48.286,-15.192,-62.729,21.264,-47.56,10.672,-63.276,40.922,-90.671,1.073,-114.672,-40.822,-90.57,-0.284,-38.024,,"ke ro",-0.01,-17.266,,"ゆっち一",-20.805,-48.285,,"인생최패망자",-15.197,-62.72,,"shuwaYNZ",21.279,-47.432,,"CoalCat",10.703,-63.133,,"AI",40.9,-90.65,,"Mr․D VRC",0.859,-114.49,,"AI",-40.8,-90.55,,,,,,,,,,,,,,,,,,,,,,,,,,,,,,,,,,,,,,,,,,,,,,,,,,,,,,,,"",1,-40.756,-40.756,-19.342,0,2,0.148,40.908,29.085,62.555,40.62,0.046,-36.134,0,"AI",,,,0,""
168,SIDE,9,0,0,3,0,0,2,0,0,0,255,255,255,,3583.198,,,,,,,,,,,,,,,,,,,,,,,,3,"=","=","=","=","=","=","=","=","",,,,,,,,,,,,,,,,,,,,,,,,,,,,,,,,,,,,,,,0,0,,,,,,,,,,,,,,,,,,,,,,,,,,,,,,,,,,,,,,,,,,,,,,,,,,,,,,,,,,,,,,,,,,,,,,,,,,,,,,,,,,,,,,,,,,,,,,,,,,,,,,,,,,,,,,,,,,,,,,,,,,,,,,,,,,,,,,,,,,,,,,,,,"",0,,,,,,,,,,,,,0,"",,,,0,""
169,,10,1,0,3,0,0,0,0,0,0,255,255,255,72,3622.633,"눈꽃",R,27,87,140,0.811,1.218,0.221,1.978,0.275,2.168,-36.64,18.849,92,8,0,2,"",52.511,-136.123,0,0,0,0,"CoalCat","muyang_","ke ro","shuwaYNZ","ゆっち一","Mr․D VRC","인생최패망자","","",5,R,"CoalCat",174.9,82.838,0.435,5,37,W,Y,1,3623.722,86,69,123,60,5,,132,93,33.248,64.274,0.15,1.284,-19.641,0.94,0,0.373,198.346,-93.991,-535.75,3623.673,-67.807,-54.336,,,,,,0,0,,,,,,,,,,,,,,,,,,,,,,,,,,,,,,,,,,,,,,-0.02,-37.782,-0.039,-17.769,-20.202,-46.014,-15.108,-63.775,20.496,-48.405,13.05,-64.623,41.861,-91.691,0,-109.86,-44.936,-92.662,0.101,-37.29,,"mochi_2929",-0.109,-17.975,,"소솨소솨",-20.143,-45.984,,"_Gosomi",-15.029,-63.779,,"Riyaj",20.35,-48.19,,"아침땅_",13.033,-64.632,,"Yes_Man_",41.84,-91.72,,"AI",0,-109.84,,"yumi2012",-44.929,-92.67,,,,,,,,,,,,,,,,,,,,,,,,,,,,,,,,,,,,,,,,,,,,,,,,,,,,,,,,"",3,84.223,59.252,22.129,0.793,2,0.427,73.526,63.053,57.977,73.766,0.069,158.042,0,"",,,,0,""
170,,10,1,0,3,0,1,0,0,0,0,255,255,255,73,3640.677,"눈꽃",R,14,70,110,-0.287,-0.406,0.01,1.878,-0.85,1.811,-36.64,9.777,37,63,0,2,"",390.434,312.348,0,0,0,0,"=","=","=","=","=","=","=","","",5,R,"CoalCat",174.9,82.838,0.435,5,36,W,Y,1,3641.888,182,156,117,104,57,,145,100,28.367,-35.205,-0.078,0.927,-21.326,-0.17,0,0.458,231.604,93.489,92.971,3641.556,47.675,-91.39,3641.706,6,46.149,2.269,-89.052,0,0,,3652.571,,,,,,,,,,,,,3646.958,0,,455,0,,,,,,,,,,,,,,,,,,,-0.166,-37.795,0.013,-17.792,-20.387,-45.779,-15.956,-62.437,19.882,-47.722,13.277,-64.375,44.313,-91.137,0,-109.85,-47.205,-94.483,0.223,-37.454,,"mochi_2929",-0.047,-17.924,,"소솨소솨",-20.228,-45.808,,"_Gosomi",-15.651,-62.488,,"Riyaj",19.817,-47.679,,"아침땅_",13.254,-64.372,,"Yes_Man_",43.777,-91.513,67,"AI",0,-109.84,,"yumi2012",-47.209,-94.455,,3654.514,5.893,-44.474,,,,,,,,,,,,,,,,3646.97,46.606,-89.672,,,,,,,,,,,,,,,,,,,,,,,,,3649.139,44.755,-86.844,,,,,,,"",1,-36.149,-36.149,-4.777,0,0,1,28.367,28.367,48.328,28.367,0,-43.475,0,"Yes_Man_",,,,129,""
171,,10,1,0,3,0,0,1,0,0,0,255,255,255,74,3665.298,"눈꽃",R,13,68,109,0.621,-0.111,0.41,1.863,0.834,2.026,-36.64,15.73,70,30,0,2,"",-307.125,331.554,0,0,0,1,"=","=","=","=","=","=","=","","",0,R,"muyang_",171.4,80,0.498,5,37,W,Y,1,3666.371,226,86,96,50,31,,145,128,-7.689,-13.917,0.109,0.872,-20.344,0.57,0,0.15,-45.876,174.278,-33.844,3661.256,1.439,-25.758,3662.889,5,9.79,0.057,-59.737,0,0,,3678.801,,,,,,,,,,,,,3671.307,1,,147,32,,,,,,,,,,,,,,,,,,,0.06,-37.874,-0.016,-17.726,-22.146,-38.806,-15.159,-63.173,21.117,-48.027,12.749,-64.893,43.913,-90.956,0,-109.841,-43.588,-95.681,0.015,-37.467,,"mochi_2929",0.015,-17.875,,"소솨소솨",-19.501,-41.905,73,"_Gosomi",-15.046,-63.095,,"Riyaj",21.094,-48.009,,"아침땅_",12.808,-64.887,87,"Yes_Man_",43.918,-90.914,,"AI",0,-109.841,,"yumi2012",-45.009,-94.043,,3674.265,-0.5,-38.034,,,,3670.716,-18.986,-39.592,,,,,,,3668.087,10.156,-61.544,,,,,,,,,,,,,,,,3673.098,-17.864,-39.577,,,,,,,3668.88,8.156,-59.334,,,,,,,,,,"",2,-11.56,-11.56,2.656,0,0,1,-7.689,-7.689,-15.992,-7.689,0,-14.405,0,"아침땅_",,,,35,""
172,,10,1,0,3,0,0,2,0,0,0,255,255,255,75,3685.31,"눈꽃",R,14,64,106,-0.499,-0.541,0.033,1.841,-0.924,1.729,-36.64,6.905,61,39,0,0,"",361.8,330.205,0,0,0,2,"=","=","=","=","=","=","=","","",1,R,"ke ro",190,80.196,0.367,,37,W,Y,1,,,,,,,,,,,,,,,,,,,,,,,,,,,,,0,0,,,,,,,,,,,,,,,,,,,,,,,,,,,,,,,,,,,,,,-0.138,-37.868,-0.058,-17.772,-19.649,-43.728,-16.903,-62.061,22.008,-49.133,12.788,-64.513,44.277,-92.551,0,-109.851,-44.883,-87.58,,,,"",,,,"",,,,"",,,,"",,,,"",,,,"",,,,"",,,,"",,,,3689.451,-0.141,-37.728,,,,,,,,,,,,,,,,,,,,,,,,,,,,,,,,,,,,,,,,,,,,,,,,,,,,"",0,,,,,,,,,,,,,0,"",,,,0,""
173,,10,1,0,3,0,1,2,0,0,0,255,255,255,76,3698.456,"눈꽃",R,41,54,97,-2.676,-0.676,-0.156,1.553,-1.309,1.113,-36.64,16.924,38,62,0,1,"",67.431,-76.706,0,0,0,2,"=","=","=","=","=","=","=","","",1,R,"ke ro",190,80.196,0.367,,37,W,Y,0,,,,,,,,,,,,,,,,,,,,,,,,,,,,,0,0,,,,,,,,,,,,,,,,,,,,,,,,,,,,,,,,,,,,,,-0.248,-37.643,-0.053,-17.717,-19.985,-44.645,-14.53,-63.271,21.911,-48.548,12.848,-64.602,44.351,-92.507,0,-109.85,-44.785,-89.601,,,,"",,,,"",,,,"",,,,"",,,,"",,,,"",,,,"",,,,"",,,,3702.488,-0.304,-37.816,,,,,,,,,,,,,,,,,,,,,,,,,,,,,,,,,,,,,,,,,,,,,,,,,,,,"",0,,,,,,,,,,,,,0,"",,,,0,""
174,,10,1,0,3,1,1,2,0,0,0,255,255,255,77,3711.077,"눈꽃",R,39,53,96,1.117,-0.912,0.35,1.489,0.722,0.824,-36.64,28.885,41,59,0,0,"",-111.014,-190.275,0,0,0,2,"=","=","=","=","=","=","=","","",1,R,"ke ro",190,80.196,0.367,,37,W,Y,1,,,,,,,,,,,,,,,,,,,,,,,,,,,,,0,0,,,,,,,,,,,,,,,,,,,,,,,,,,,,,,,,,,,,,,-0.05,-37.583,-0.116,-17.719,-20.219,-44.808,-14.825,-63.134,21.743,-48.738,12.695,-64.614,44.378,-92.562,0,-109.85,-44.942,-89.283,,,,"",,,,"",,,,"",,,,"",,,,"",,,,"",,,,"",,,,"",,,,3715.32,0.044,-37.657,,,,,,,,,,,,,,,,,,,,,,,,,,,,,,,,,,,,,,,,,,,,,,,,,,,,"",0,,,,,,,,,,,,,0,"",,,,0,""
175,,10,1,0,3,1,2,2,0,0,0,255,255,255,78,3725.674,"눈꽃",R,26,95,140,-0.373,0.059,0.14,1.861,-0.31,1.464,-36.64,16.397,35,65,0,2,"",104.453,-200,0,0,0,2,"=","=","=","=","=","=","=","","",1,R,"ke ro",190,80.196,0.367,0,37,W,Y,1,3726.608,96,77,42,32,0,,101,72,40.774,34.999,-0.072,1.004,-19.867,-0.9,0,0.575,411.852,105.002,-249.578,,,,3726.272,3,-31.266,2.749,-62.362,0,0,,3732.501,,,,,,,,,,,,,3731.573,2,,452,0,,,,,,,,,,,,,,,,,,,-0.112,-37.817,-0.093,-17.854,-20.121,-45.413,-14.765,-63.248,21.677,-48.853,12.472,-64.789,44.306,-92.612,0,-109.85,-46.056,-91.595,0.198,-37.313,,"mochi_2929",-0.153,-17.965,,"소솨소솨",-20.142,-45.291,,"_Gosomi",-14.609,-63.258,100,"Riyaj",21.785,-48.618,,"아침땅_",12.546,-65.499,,"Yes_Man_",44.344,-92.598,,"AI",0,-109.84,,"yumi2012",-46.08,-91.55,,,,,,,,,,,3731.588,-31.74,-62.949,,,,,,,,,,,,,,,,,,,,,,,,,3733.119,-27.122,-59.976,,,,,,,,,,,,,,,,"",1,,,,,,,,,,,,,0,"_Gosomi",,,,4,""
176,SIDE,10,1,0,3,0,0,2,0,0,0,255,255,255,,3733.595,,,,,,,,,,,,,,,,,,,,,,,,3,"=","=","=","=","=","=","=","","",,,,,,,,,,,,,,,,,,,,,,,,,,,,,,,,,,,,,,,0,0,,,,,,,,,,,,,,,,,,,,,,,,,,,,,,,,,,,,,,,,,,,,,,,,,,,,,,,,,,,,,,,,,,,,,,,,,,,,,,,,,,,,,,,,,,,,,,,,,,,,,,,,,,,,,,,,,,,,,,,,,,,,,,,,,,,,,,,,,,,,,,,,,"",0,,,,,,,,,,,,,0,"",,,,0,""
177,,10,0,0,3,0,0,0,0,0,0,255,255,255,79,3812.948,"ke ro",R,26,83,135,0.97,0.008,0.257,1.483,0.266,1.438,-36.623,17.623,55,45,0,2,"",105.669,-200,8.689,0,0,3,"눈꽃","소솨소솨","_Gosomi","Riyaj","mochi_2929","아침땅_","yumi2012","Yes_Man_","",4,R,"Riyaj",190,80,0.451,5,40,W,Y,1,3814.078,217,108,72,94,81,,145,113,28.924,19.148,0.179,1.039,-20.763,0.06,0,0.312,177.491,76.636,430.183,3813.573,-35.393,-110.385,3816.089,8,-43.605,0.281,-121.097,1,0,,3824.501,,,3817.823,,,,,,,,,,,,,,,,,,,,,,,,,,,,,,,,,-0.074,-37.512,0.008,-16.929,-19.484,-45.821,-13.257,-59.809,20.032,-47.427,9.378,-63.029,40.907,-90.657,-0.161,-118.592,-40.807,-90.557,0.109,-38.123,,"muyang_",-0.053,-17.006,,"ゆっち一",-19.301,-46.096,,"인생최패망자",-13.807,-60.427,102,"shuwaYNZ",20.024,-47.425,,"CoalCat",9.343,-62.937,,"AI",40.9,-90.65,,"Mr․D VRC",0.104,-118.753,,"AI",-40.8,-90.55,,3830.165,-0.028,-38.877,,,,,,,3825.899,-9.489,-65.787,,,,,,,,,,,,,,,,,,,,,,,,,3828.969,-8.657,-61.536,,,,,,,,,,,,,,,,"",2,19.11,19.11,9.728,0,1,0.496,85.94,55.358,17.358,67.563,0.064,-26.406,0,"AI",,,,68,""
178,,10,0,0,3,0,0,0,1,0,0,14,255,255,80,3842.971,"ke ro",R,26,77,127,1.703,-0.234,0.377,1.625,0.531,1.265,-36.623,32.161,70,30,0,2,"",130.749,-200,5.892,0,0,4,"=","=","=","=","=","=","=","=","",1,R,"mochi_2929",190,91.482,0.463,5,43,W,Y,1,3844.093,206,134,148,98,80,,145,131,18.489,-61.86,0.314,0.94,-20.557,0.62,0,0.174,119.376,-15.726,235.232,,,,,,,,,0,0,,,,,,,,,,,,3844.958,,,,,,,,,,,,,,,,,,,,,,,,,,-0.062,-37.723,-0.046,-16.997,-20.448,-43.548,-14.463,-62.554,20.041,-46.547,7.236,-63.555,40.915,-90.664,0.525,-117.703,-40.815,-90.564,0.025,-38.014,,"muyang_",-0.033,-17.089,,"ゆっち一",-21.146,-45.747,,"인생최패망자",-14.542,-62.537,,"shuwaYNZ",20.054,-46.531,,"CoalCat",7.045,-62.093,,"AI",40.9,-90.65,,"Mr․D VRC",0.313,-117.76,,"AI",-40.8,-90.55,,,,,,,,,,,,,,,,,,,,,,,,,,,,,,,,,,,,,,,,,,,,,,,,,,,,,,,,"",3,-64.101,-60.111,-27.19,0.488,2,0.077,26.861,18.489,-7.916,29.407,0.023,173.246,0,"",,,,0,""
179,,10,0,0,3,0,1,0,1,0,0,14,255,255,81,3864.545,"ke ro",R,10,87,128,-0.462,-2.262,0.193,1.393,-0.207,0.615,-36.623,16.254,52,48,0,2,"",0,400,7.218,-0.098,-19.707,4,"=","=","=","=","=","=","=","=","",1,R,"mochi_2929",190,91.482,0.463,3,43,W,Y,1,3865.667,255,137,131,140,51,,145,87,-1.32,8.963,-0.093,0.099,-20.002,-1,0,0.21,85.299,-352.435,-163.076,3860.289,-0.248,-20.993,3867.323,7,-10.072,0.056,-91.66,1,0,,3871.387,,,,3872.033,,,,,,3865.255,,,,,,,,,,,,,,,,,,,,,,,,,,-0.095,-37.696,-0.034,-17.146,-19.942,-43.512,-14.597,-62.537,20.086,-46.474,8.03,-62.225,40.915,-90.664,1.416,-117.468,-40.815,-90.564,-0.03,-38.139,,"muyang_",-0.074,-17.177,,"ゆっち一",-20.908,-46.541,,"인생최패망자",-14.599,-62.526,,"shuwaYNZ",20.099,-46.474,,"CoalCat",8.012,-62.05,73,"AI",40.9,-90.65,,"Mr․D VRC",1.275,-117.576,85,"AI",-40.8,-90.55,,3881.885,0.061,-38.688,,,,,,,,,,,,,3878.162,0.236,-59.325,,,,3872.733,-10.299,-92.921,,,,,,,,,,,,,,,,,,,3880.67,1.748,-56.426,,,,3876.541,-8.182,-85.658,,,,"",2,,,,,,,,,,,,,0,"Mr․D VRC",3872.033,,,37,""
180,,10,0,0,3,0,0,0,1,1,0,11,14,255,82,3897.539,"ke ro",R,26,83,135,-0.443,-0.214,0.155,1.574,-0.37,1.276,-36.623,15.948,61,39,0,2,"",121.59,-200,14.133,0,0,5,"=","=","=","=","=","=","=","=","",5,R,"아침땅_",170.2,86.571,0.5,5,35,W,Y,1,3898.553,119,107,94,61,26,,137,107,4.858,49.446,-0.084,0.82,-20.006,0.9,0.095,0.468,140.12,264.463,-132.68,3894.606,-32.53,-46.487,,,,,,0,0,,,,,,,,,,,,3897.816,3898.527,,,,,,,,,,,,,,,,,,,,,,,,,-0.129,-37.64,-0.016,-17.532,-20.468,-42.421,-13.833,-61.726,19.165,-48.031,7.796,-61.86,40.922,-90.671,0.439,-112.497,-40.822,-90.571,0.021,-38.167,,"muyang_",-0.04,-17.53,,"ゆっち一",-20.499,-43.761,,"인생최패망자",-13.748,-61.76,,"shuwaYNZ",19.144,-47.982,,"CoalCat",8.529,-61.872,,"AI",40.9,-90.65,,"Mr․D VRC",0.439,-112.476,,"AI",-40.8,-90.55,,,,,,,,,,,,,,,,,,,,,,,,,,,,,,,,,,,,,,,,,,,,,,,,,,,,,,,,"",3,49.92,48.909,10.271,0,2,0.553,4.858,4.858,14.558,16.279,0.004,89.573,0,"",3901.199,,,0,""
181,,10,0,0,3,0,1,0,1,1,0,11,14,255,83,3916.04,"ke ro",R,26,84,137,0.133,0.82,0.216,1.709,-0.192,1.876,-36.623,22.361,97,3,0,0,"",173.835,-185.291,9.411,0,0,5,"=","=","=","=","=","=","=","=","",5,R,"아침땅_",170.2,86.571,0.5,,35,W,Y,0,,,,,,,,,,,,,,,,,,,,,,,,,,,,,0,0,,,,,,,,,,,,3926.782,3916.326,,,,,,,,,,,,,,,,,,,,,,,3918.646,1,-0.102,-37.581,-0.024,-17.531,-21.481,-45.379,-14.916,-62.228,18.096,-47.14,8.874,-62.396,40.907,-90.657,0.032,-110.149,-40.807,-90.557,,,,"",,,,"",,,,"",,,,"",,,,"",,,,"",,,,"",,,,"",,,,,,,,,,,,,,,,,,,,,,,,,,,,,,,,,,,,,,,,,,,,,,,,,,,,,,,,,,"",0,,,,,,,,,,,,,0,"",3918.41,,,0,""
182,,10,0,0,3,0,2,0,1,1,0,11,14,255,84,3930.102,"ke ro",R,26,74,126,2.356,0.535,0.396,1.692,0.859,1.68,-36.623,31.967,100,0,0,2,"",100.008,-200,-6.506,0,0,5,"=","=","=","=","=","=","=","=","",5,R,"아침땅_",170.2,86.571,0.5,5,35,W,Y,1,3931.162,178,130,159,86,31,,145,86,-30.94,-30.324,0.6,1.185,-20.582,-0.81,0.19,0.433,375.8,-329.733,179.212,3925.722,1.542,-22.185,3930.339,6,31.415,0.059,-72.053,1,0,,3936.381,,,,3936.345,,,3937.097,,,3931.231,3930.247,,,,,,,,,,,,,,,,,,,,,,,,,-0.024,-37.629,-0.088,-17.54,-20.393,-44.086,-14.879,-62.28,19.434,-47.09,8.872,-62.404,40.907,-90.657,0.701,-110.221,-40.807,-90.557,0.255,-38.021,,"muyang_",0.078,-17.854,,"ゆっち一",-19.941,-43.917,,"인생최패망자",-14.94,-62.25,95,"shuwaYNZ",19.491,-46.968,,"CoalCat",9.202,-62.136,,"AI",40.9,-90.65,,"Mr․D VRC",0.438,-110.17,,"AI",-40.8,-90.55,,3943.02,0.536,-38.507,,,,,,,3938.844,0.242,-58.817,,,,,,,,,,,,,,,,,,,,,,,,,3942.001,-1.162,-56.476,,,,,,,,,,,,,,,,"",2,-30.788,-30.788,-15.869,0,0,1,-30.94,-30.94,-39.869,-30.94,0,-29.442,0,"AI",3936.345,3937.097,,68,""
183,,10,0,0,3,0,0,0,1,1,1,15,11,14,85,4018.035,"ke ro",R,26,78,128,-0.199,0.863,0.212,1.757,-0.277,1.885,-36.623,24.848,95,5,0,0,"",120.31,-200,9.739,0,0,6,"=","=","=","=","=","=","=","=","",8,R,"yumi2012",173.9,90.292,0.504,,39,W,Y,0,,,,,,,,,,,,,,,,,,,,,,,,,,,,,0,0,,,,,,,,,,,,4027.357,4030.61,,,,,,,,,,,,,,,,,,,,,,,4020.392,1,-0.092,-37.7,0.177,-17.445,-15.879,-42.348,-9.783,-53.048,19.777,-40.991,9.085,-61.618,41.018,-90.759,0.994,-122.673,-40.918,-90.659,,,,"",,,,"",,,,"",,,,"",,,,"",,,,"",,,,"",,,,"",,,,4023.754,-0.204,-37.148,,,,,,,,,,,,,,,,,,,,,,,,,,,,,,,,,,,,,,,,,,,,,,,,,,,,"",0,,,,,,,,,,,,,0,"",4021.002,,,0,""
184,,10,0,0,3,0,1,0,1,1,1,15,11,14,86,4032.491,"ke ro",R,6,68,111,1.253,0.144,0.231,1.674,-0.169,1.692,-36.623,14.97,64,36,0,2,"",380.715,0,28.575,0,0,6,"=","=","=","=","=","=","=","=","",8,R,"yumi2012",173.9,90.292,0.504,3,39,W,Y,1,4033.602,255,92,88,72,27,,145,94,101.737,-69.209,0.239,0.968,-20.278,-0.36,0,0.56,150.428,38.004,245.132,4034.023,-50.165,0.008,,,,,,0,0,,,,,,,,,,,,4045.979,4040.759,4033.154,,,,,,,,,,,,,,,,,,,,,,,,0.054,-37.95,-0.066,-17.127,-15.993,-42.266,-9.795,-53.073,20.41,-41.236,9.366,-61.637,40.907,-90.657,0.9,-119.296,-40.808,-90.557,0.221,-38.077,,"muyang_",-0.066,-17.097,,"ゆっち一",-15.89,-42.254,,"인생최패망자",-9.711,-52.819,,"shuwaYNZ",18.658,-44.514,,"CoalCat",9.68,-61.565,,"AI",40.9,-90.65,,"Mr․D VRC",1.378,-117.712,,"AI",-40.8,-90.55,,,,,,,,,,,,,,,,,,,,,,,,,,,,,,,,,,,,,,,,,,,,,,,,,,,,,,,,"",3,,,,,,,,,,,,,0,"",4036.262,4033.185,,0,""
185,,10,0,0,3,0,2,0,1,1,1,15,11,14,87,4049.589,"ke ro",R,10,81,121,1.233,0.207,0.409,1.865,0.756,2.213,-36.623,40.652,95,5,0,0,"",-140.982,400,0.353,0,0,6,"=","=","=","=","=","=","=","=","",8,R,"yumi2012",173.9,90.292,0.504,,38,W,Y,0,,,,,,,,,,,,,,,,,,,,,,,,,,,,,0,0,,,,,,,,,,,,4066.341,4066.104,,4052.351,6,,578,0,,,,,,,,,,,,,,,,,4052.088,1,0.027,-37.906,-0.31,-17.689,-16.387,-42.441,-10.765,-52.642,20.259,-40.991,9.275,-62.232,40.915,-90.664,0.395,-116.945,-40.815,-90.564,,,,"",,,,"",,,,"",,,,"",,,,"",,,,"",,,,"",,,,"",,,,,,,,,,,,,,,,,,,,,,,,,,,,,,,,,,,,,,,,,,,,,,,,,,,,,,,,,,"",0,,,,,,,,,,,,,0,"",4053.094,,,0,""
186,,10,0,0,3,0,0,1,1,1,1,15,11,14,88,4069.752,"ke ro",R,10,89,128,-1.851,-2.732,0.083,1.24,-0.812,-0.307,-36.623,15.918,52,48,0,1,"",0,400,29.807,-0.27,-23.238,7,"=","=","=","=","=","=","=","=","",0,R,"Yes_Man_",175,89.826,0.502,,37,W,Y,0,,,,,,,,,,,,,,,,,,,,,,,,,,,,,0,0,,,,,,,,,,,,4080.485,4077.216,,,,,,,,,,,,,,,,,,,,,,,4072.118,1,0.012,-37.753,-0.001,-17.517,-16.573,-42.639,-11.996,-56.667,20.074,-41.084,9.41,-62.925,40.922,-90.67,0.215,-118.613,-40.822,-90.57,,,,"",,,,"",,,,"",,,,"",,,,"",,,,"",,,,"",,,,"",,,,,,,,,,,,,,,,,,,,,,,,,,,,,,,,,,,,,,,,,,,,,,,,,,,,,,,,,,"",0,,,,,,,,,,,,,0,"",4072.798,,,0,""
187,,10,0,0,3,1,0,1,1,1,1,15,11,14,89,4082.887,"ke ro",R,10,72,116,0.108,-0.408,0.324,1.704,0.038,1.792,-36.623,16.547,90,10,0,2,"",0,322.136,17.998,0,0,7,"=","=","=","=","=","=","=","=","",0,R,"Yes_Man_",175,89.826,0.502,5,37,W,Y,1,4083.998,130,72,89,74,30,,138,81,36.285,-48.283,-0.002,0.76,-20.144,-0.96,0,0.526,452.243,-23.287,-277.797,4083.189,47.974,-59.449,4085.589,6,53.202,0.059,-64.231,0,0,,,,,,,,,,,,4099.584,4092.76,4084.833,,,,,,,,,,,,,,,,,,,,,,,,0.146,-37.865,0.025,-17.633,-16.228,-41.979,-11.57,-57.17,20.357,-40.593,7.842,-61.125,40.907,-90.657,0.102,-119.205,-40.807,-90.557,0.249,-38.101,,"muyang_",0.002,-17.708,,"ゆっち一",-16.171,-41.81,,"인생최패망자",-11.475,-57.113,,"shuwaYNZ",19.214,-42.803,,"CoalCat",7.846,-61,,"AI",40.9,-90.65,,"Mr․D VRC",0.263,-119.044,,"AI",-40.8,-90.55,,,,,,,,,,,,,,,,,,,,,,,,,,,,,,,,,,,,,,,,,,,,,,,,,,,,,,,,"",3,-47.207,-42.264,-0.954,0,0,1,36.285,36.285,59.829,36.285,0,-86.57,0,"AI",4090.052,4087.389,,0,""
188,,10,0,0,3,1,1,1,1,1,1,15,11,14,90,4105.517,"ke ro",R,26,79,129,3.162,1.735,0.486,1.888,1.181,2.426,-36.623,45.071,95,5,0,2,"",120.153,-170.414,-0.724,0,0,7,"=","=","=","=","=","=","=","=","",0,R,"Yes_Man_",175,89.826,0.502,5,37,W,Y,1,4106.624,105,27,81,44,22,,135,97,16.943,73.064,0.577,1.488,-19.955,0.02,0,0.268,-34.094,-291.826,-504.299,4105.489,-77.527,-48.955,,,,,,0,0,,,,,,,,,,,,4121.479,4109.748,4106.284,,,,,,,,,,,,,,,,,,,,,,,,0.052,-37.786,0.002,-17.931,-16.595,-42.353,-12.419,-58.703,20.111,-40.296,8.231,-61.564,40.908,-90.657,0.739,-117.542,-40.815,-90.564,0.288,-38.076,,"muyang_",0.264,-17.978,,"ゆっち一",-16.489,-42.237,,"인생최패망자",-12.334,-58.489,,"shuwaYNZ",18.217,-43.568,,"CoalCat",8.245,-61.416,,"AI",40.9,-90.65,,"Mr․D VRC",0.551,-117.268,,"AI",-40.8,-90.55,,,,,,,,,,,,,,,,,,,,,,,,,,,,,,,,,,,,,,,,,,,,,,,,,,,,,,,,"",3,118.374,72.203,34.027,1,1,0.515,28.453,16.943,48.351,28.197,0.034,-139.013,0,"",4109.542,4109.341,,0,""
189,,10,0,0,3,1,2,1,1,1,1,15,11,14,91,4125.172,"ke ro",R,10,74,115,-1.994,-0.61,0.167,1.64,-0.619,1.788,-36.623,12.638,70,30,0,2,"",-145.133,400,17.147,0,0,7,"=","=","=","=","=","=","=","=","",0,R,"Yes_Man_",175,89.826,0.502,5,77,W,Y,1,4126.33,124,159,124,89,41,,138,126,-15.039,18.8,-0.374,0.728,-20.32,0.7,0,0.607,-73.213,118.27,-21.643,4120.855,-1.164,-22.634,4122.339,3,-11.818,0.473,-53.769,0,0,,4131.967,,,,,,,4131.589,,,,,4127.089,4129.654,5,1,166,64,4131.706,7,,147,1,,,,,,,,,,,,,,-0.039,-37.693,-0.543,-17.667,-17.227,-42.696,-13.934,-59.535,20.054,-40.176,8.757,-62.085,40.915,-90.664,-1.1,-116.751,-40.815,-90.564,0.293,-38.072,,"muyang_",-0.318,-17.674,,"ゆっち一",-16.729,-42.435,,"인생최패망자",-13.825,-59.264,110,"shuwaYNZ",18.661,-41.868,,"CoalCat",8.806,-61.924,107,"AI",40.9,-90.65,,"Mr․D VRC",-0.994,-116.542,,"AI",-40.8,-90.55,,,,,,,,4131.11,-18.244,-40.388,4127.843,-12.225,-54.588,,,,4129.013,-0.451,-58.818,,,,,,,,,,,,,,,,,,,4128.378,-9.323,-55.473,,,,4130.029,-1.88,-56.772,,,,,,,,,,"",2,21.364,21.364,4.545,0,0,1,-17.07,-17.07,-31.428,-17.07,0,23.598,0,"인생최패망자",,4131.589,,81,""
190,SIDE,10,0,0,3,0,0,2,0,1,1,255,11,14,,4132.499,,,,,,,,,,,,,,,,,,,,,,,,0,"=","=","=","=","=","=","=","=","",,,,,,,,,,,,,,,,,,,,,,,,,,,,,,,,,,,,,,,0,0,,,,,,,,,,,,,,,,,,,,,,,,,,,,,,,,,,,,,,,,,,,,,,,,,,,,,,,,,,,,,,,,,,,,,,,,,,,,,,,,,,,,,,,,,,,4159.227,0.122,-38.343,,,,,,,,,,,,,,,,,,,,,,,,,,,,,,,,,,,,,,,,,,,,,,,,,,,,"",0,,,,,,,,,,,,,0,"",,,,128,""
191,,11,1,0,3,0,0,0,0,0,0,255,255,255,79,4169.298,"Yes_Man_",R,34,48,105,-0.869,-0.582,0.666,1.452,-0.518,1.259,-36.896,56.721,0,100,0,0,"",57.561,-3.499,-1.808,0,0,3,"CoalCat","muyang_","ke ro","shuwaYNZ","ゆっち一","Mr․D VRC","인생최패망자","","",4,R,"shuwaYNZ",190,82.084,0.381,,37,W,Y,0,,,,,,,,,,,,,,,,,,,,,,,,,,,,,0,0,,,,,,,,,,,,,,,,,,,,,,,,,,,,,,,,,,,,,,0.061,-37.58,-0.008,-17.88,-20.019,-45.543,-14.741,-63.68,19.415,-47.232,12.534,-64.845,44.26,-100.533,0,-109.86,-46.598,-93.883,,,,"",,,,"",,,,"",,,,"",,,,"",,,,"",,,,"",,,,"",,,,4172.813,-0.078,-37.192,,,,,,,,,,,,,,,,,,,,,,,,,,,,,,,,,,,,,,,,,,,,,,,,,,,,"",0,,,,,,,,,,,,,0,"",,,,0,""
192,,11,1,0,3,0,1,0,0,0,0,255,255,255,80,4182.682,"Yes_Man_",R,4,66,101,-1.301,0.021,0.783,1.597,-0.165,1.644,-36.896,46.844,0,100,0,2,"",-197.529,0,-3.287,0,0,3,"=","=","=","=","=","=","=","","",4,R,"shuwaYNZ",190,82.084,0.381,5,37,W,Y,1,4184.026,85,124,62,85,37,,120,84,26.568,15.625,-0.363,1.001,-20.091,0.99,0,0.263,101.83,560.122,-119.624,4183.089,-27.486,-85.039,4183.339,8,-26.781,1.218,-83.811,0,0,,4190.18,,,,,,,,,,,,,4189.013,3,,457,0,,,,,,,,,,,,,,,,,,,0.192,-37.496,-0.042,-17.896,-20.522,-45.103,-14.848,-63.808,19.623,-47.127,13.071,-64.501,44.119,-100.439,0,-109.85,-45.296,-94.308,0.359,-37.414,,"mochi_2929",-0.049,-17.937,,"소솨소솨",-19.876,-44.588,,"_Gosomi",-14.812,-63.739,,"Riyaj",19.488,-47.166,,"아침땅_",12.8,-65.916,,"눈꽃",44.12,-100.426,,"AI",0,-109.85,,"yumi2012",-45.331,-94.061,112,4193.426,-0.232,-39.142,,,,,,,,,,,,,,,,,,,,,,4189.022,-27.838,-85.072,,,,,,,,,,,,,,,,,,,,,,,,,4191.737,-21.949,-70.448,"",1,20.218,20.218,4.958,0,1,0.646,56.36,40.171,-4.811,83.731,0.05,31.655,0,"yumi2012",,,,192,""
193,,11,1,0,3,0,0,1,0,0,0,255,255,255,81,4206.18,"Yes_Man_",R,32,85,138,-2.338,0.252,0.463,1.55,-1.264,1.654,-36.896,28.291,0,100,0,1,"",159.037,-110.911,14.422,0,0,4,"=","=","=","=","=","=","=","","",2,L,"ゆっち一",181.4,84,0.401,,71,W,Y,0,,,,,,,,,,,,,,,,,,,,,,,,,,,,,0,0,,,,,,,,,,,,,,,,,,,,,,,,,,,,,,,,,,,,,,0.075,-37.65,-0.134,-18.058,-20.259,-44.797,-10.443,-65.449,21.273,-47.971,15.235,-63.41,48.136,-105.734,0,-109.85,-43.83,-91.046,,,,"",,,,"",,,,"",,,,"",,,,"",,,,"",,,,"",,,,"",,,,4209.599,-0.094,-37.305,,,,,,,,,,,,,,,,,,,,,,,,,,,,,,,,,,,,,,,,,,,,,,,,,,,,"",0,,,,,,,,,,,,,0,"",,,,0,""
194,,11,1,0,3,1,0,1,0,0,0,255,255,255,82,4219.838,"Yes_Man_",R,41,41,100,-1.008,-0.91,0.678,1.464,-0.502,0.999,-36.896,54.355,0,100,0,2,"",51.684,-64.515,-5.241,0,0,4,"=","=","=","=","=","=","=","","",2,L,"ゆっち一",181.4,84,0.401,3,71,W,Y,1,4221.051,255,127,59,88,67,,138,121,5.726,-23.071,-0.116,0.627,-20.111,0.72,0,0.411,-146.165,-502.064,115.041,4216.789,18.923,-59.663,4217.423,5,20.654,0.184,-63.161,0,16,,4226.343,,,,,,,,,,,,,4226.584,4,,147,32,,,,,,,,,,,,,,,,,,,0.15,-37.433,-0.115,-17.974,-20.027,-44.009,-10.417,-65.169,21.013,-48.01,15.126,-63.557,48.158,-105.75,0,-109.85,-40.52,-88.834,0.395,-37.241,,"mochi_2929",-0.129,-18.02,,"소솨소솨",-20.045,-43.958,73,"_Gosomi",-10.712,-64.984,,"Riyaj",20.829,-48.157,,"아침땅_",15.46,-64.719,103,"눈꽃",48.158,-105.747,,"AI",0,-109.85,,"yumi2012",-40.526,-88.851,,4229.981,-0.658,-38.359,,,,4225.961,-18.676,-39.303,,,,,,,4223.063,20.461,-63.824,,,,,,,,,,,,,,,,4228.783,-17.758,-39.339,,,,,,,4224.005,17.871,-61.381,,,,,,,,,,"",2,,,,,,,,,,,,,0,"아침땅_",,,,162,""
195,,11,1,0,3,0,0,2,0,0,0,255,255,255,83,4243.119,"Yes_Man_",R,4,81,124,-3.666,-0.685,0.477,1.447,-1.202,1.296,-36.896,24.433,0,100,0,1,"",-244.795,73.944,7.683,0,0,5,"=","=","=","=","=","=","=","","",7,R,"Mr․D VRC",177.1,93.352,0.449,,37,W,Y,0,,,,,,,,,,,,,,,,,,,,,,,,,,,,,0,0,,,,,,,,,,,,,,,,,,,,,,,,,,,,,,,,,,,,,,0.133,-37.775,-0.028,-17.653,-19.808,-44.422,-15.443,-62.726,20.904,-47.859,12.745,-64.61,40.328,-99.284,0,-109.85,-39.023,-89.305,,,,"",,,,"",,,,"",,,,"",,,,"",,,,"",,,,"",,,,"",,,,4246.993,-0.046,-37.114,,,,,,,,,,,,,,,,,,,,,,,,,,,,,,,,,,,,,,,,,,,,,,,,,,,,"",0,,,,,,,,,,,,,0,"",,,,0,""
196,,11,1,0,3,1,0,2,0,0,0,255,255,255,84,4257.39,"Yes_Man_",R,3,83,124,-2.505,-0.234,0.629,1.496,-0.495,1.467,-36.896,24.154,0,100,0,2,"",-373.061,0.028,7.151,0,0,5,"=","=","=","=","=","=","=","","",7,R,"Mr․D VRC",177.1,93.352,0.449,3,37,W,Y,1,4258.576,110,110,95,89,33,,137,78,-30,59.775,-0.532,0.821,-20.459,1,0,0.257,-291.016,511.164,-76.162,4252.973,-2.7,-21.706,,,,,,0,0,,,,,,,,,,,,,,,,,,,,,,,,,,,,,,,,,,,,,,0.24,-37.635,0.039,-17.727,-19.343,-44.065,-14.709,-63.074,20.951,-47.857,12.461,-64.815,40.365,-99.287,0,-109.85,-38.375,-89.151,0.319,-37.407,,"mochi_2929",-0.049,-17.799,,"소솨소솨",-19.332,-44.051,,"_Gosomi",-14.636,-63.131,,"Riyaj",20.687,-47.947,,"아침땅_",12.392,-64.827,,"눈꽃",40.369,-99.298,,"AI",0,-109.84,,"yumi2012",-38.36,-89.188,,,,,,,,,,,,,,,,,,,,,,,,,,,,,,,,,,,,,,,,,,,,,,,,,,,,,,,,"",3,,,,,,,,,,,,,0,"",,,,0,""
197,,11,1,0,3,1,1,2,0,0,0,255,255,255,85,4274.442,"Yes_Man_",R,26,84,137,-0.816,0.84,0.609,1.627,-0.584,1.92,-36.896,30.961,0,100,0,2,"",145.136,-180.398,12.478,0,0,5,"=","=","=","=","=","=","=","","",7,R,"Mr․D VRC",177.1,93.352,0.449,5,35,W,Y,1,4275.555,146,133,132,92,36,,145,129,103.702,33.468,-0.167,1.207,-19.947,0.64,0,0.366,581.978,65.378,130.488,,,,,,,,,0,0,,,,,,,,,,,,,,,,,,,,,,,,,,,,,,,,,,,,,,0.12,-37.655,0.025,-17.741,-20.034,-44.846,-14.351,-63.172,20.352,-46.925,12.544,-64.805,44.935,-102.553,0,-109.85,-41.605,-86.555,0.501,-37.458,,"mochi_2929",-0.081,-17.822,,"소솨소솨",-19.425,-44.563,,"_Gosomi",-14.243,-63.117,,"Riyaj",20.151,-46.897,,"아침땅_",12.278,-64.877,,"눈꽃",44.941,-102.562,,"AI",0,-109.84,,"yumi2012",-41.505,-86.621,,,,,,,,,,,,,,,,,,,,,,,,,,,,,,,,,,,,,,,,,,,,,,,,,,,,,,,,"",3,35.584,35.584,-0.399,0,0,1,76.298,76.298,53.851,76.298,0,48.89,0,"",,,,0,""
198,,11,1,0,3,1,2,2,0,0,0,255,255,255,86,4291.954,"Yes_Man_",R,4,74,120,-0.116,0.895,0.637,1.665,0.278,2.128,-36.896,38.644,0,100,0,0,"",-203.275,0,3.247,0,0,5,"=","=","=","=","=","=","=","","",7,R,"Mr․D VRC",177.1,93.352,0.449,,35,W,Y,0,,,,,,,,,,,,,,,,,,,,,,,,,,,,,0,0,,,,,,,,,,,,,,,4294.68,5,,578,0,,,,,,,,,,,,,,,,,,,0.099,-37.546,-0.014,-17.792,-19.451,-45.167,-14.815,-63.559,21.243,-47.576,12.499,-64.792,46.89,-103.811,0,-109.85,-41.041,-88.187,,,,"",,,,"",,,,"",,,,"",,,,"",,,,"",,,,"",,,,"",,,,,,,,,,,,,,,,,,,,,,,,,,,,,,,,,,,,,,,,,,,,,,,,,,,,,,,,,,"",0,,,,,,,,,,,,,0,"",,,,0,""
199,SIDE,11,1,0,3,0,0,2,0,0,0,255,255,255,,4298.808,,,,,,,,,,,,,,,,,,,,,,,,6,"=","=","=","=","=","=","=","","",,,,,,,,,,,,,,,,,,,,,,,,,,,,,,,,,,,,,,,0,0,,,,,,,,,,,,,,,,,,,,,,,,,,,,,,,,,,,,,,,,,,,,,,,,,,,,,,,,,,,,,,,,,,,,,,,,,,,,,,,,,,,,,,,,,,,,,,,,,,,,,,,,,,,,,,,,,,,,,,,,,,,,,,,,,,,,,,,,,,,,,,,,,"",0,,,,,,,,,,,,,0,"",,,,0,""
200,,11,0,0,3,0,0,0,0,0,0,255,255,255,92,4335.015,"ke ro",R,26,84,136,0.708,-0.248,0.256,1.584,0.128,1.275,-36.623,33.07,49,51,0,2,"",121.844,-200,-9.095,0,0,0,"눈꽃","소솨소솨","_Gosomi","Riyaj","mochi_2929","아침땅_","yumi2012","Yes_Man_","",6,L,"눈꽃",190,90,0.597,5,37,W,Y,1,4336.237,169,200,76,111,73,,145,131,26.575,26.705,0.131,0.929,-20.467,0.59,0,0.437,145.071,-127.935,-117.305,4335.756,-49.998,-127.96,,,,,,0,0,,4342.217,4346.905,4351.958,4357.389,,,,,,,,,,,,,,,,,,,,,,,,,,,,,,,,,-0.192,-37.678,0.071,-17.551,-19.909,-47.413,-14.744,-60.835,21.365,-47.099,12.525,-63.272,40.929,-90.677,2.062,-115.762,-40.83,-90.577,-0.11,-38.246,,"인생최패망자",0.036,-17.821,,"ゆっち一",-19.885,-47.414,,"muyang_",-14.755,-60.973,,"shuwaYNZ",21.427,-47.049,,"CoalCat",12.513,-63.16,,"AI",40.9,-90.65,,"Mr․D VRC",1.559,-116.237,,"AI",-40.8,-90.55,,,,,,,,,,,,,,,,,,,,,,,,,,,,,,,,,,,,,,,,,,,,,,,,,,,,,,,,"",4,26.726,26.726,6.526,0,0,1,38.764,38.764,62.436,38.764,0,29.064,0,"",4346.905,4351.958,,0,""
201,,11,0,0,4,0,0,0,0,0,0,255,255,255,93,4376.08,"ke ro",R,6,72,113,1.078,-0.055,0.158,1.63,-0.289,1.581,-36.623,16.376,63,37,0,2,"",415.456,0,33.311,0,0,1,"=","=","=","=","=","=","=","=","",2,R,"소솨소솨",190,89.933,0.503,3,37,W,Y,1,4377.161,118,218,88,107,51,,137,82,28.527,47.63,0.15,1.074,-21.403,1,0,0.712,176.603,229.528,497.86,4374.423,-41.618,-55.777,,,,,,0,0,,,,,,,,,,,,,,,,,,,,,,,,,,,,,,,,,,,,,,-0.017,-38.058,0.09,-17.704,-20.954,-47.394,-14.668,-62.267,21.448,-46.871,9.558,-63.265,40.915,-90.664,0.773,-122.567,-40.815,-90.564,-0.101,-38.08,,"인생최패망자",-0.042,-17.777,,"ゆっち一",-20.976,-47.399,,"muyang_",-14.679,-62.316,,"shuwaYNZ",20.905,-47.626,,"CoalCat",9.583,-63.136,,"AI",40.9,-90.65,,"Mr․D VRC",0.776,-122.536,,"AI",-40.8,-90.55,,,,,,,,,,,,,,,,,,,,,,,,,,,,,,,,,,,,,,,,,,,,,,,,,,,,,,,,"",3,,,,,,,,,,,,,0,"",,,,0,""
202,,11,0,0,4,0,1,0,0,0,0,255,255,255,94,4394.244,"ke ro",R,0,73,125,1.136,1.017,0.426,1.798,0.482,2.242,-36.623,36.295,89,11,0,2,"",0,0,1.714,0,0,1,"=","=","=","=","=","=","=","=","",2,R,"소솨소솨",190,89.933,0.503,5,37,W,Y,1,4395.319,203,57,115,34,0,,145,98,103.934,54.95,0.164,1.42,-20.191,-0.57,0,0.665,574.268,-111.583,-121.485,,,,,,,,,0,0,,,,,,,,,,,,,,,,,,,,,,,,,,,,,,,,,,,,,,0.038,-37.817,0.09,-17.723,-20.237,-45.757,-15.997,-62.933,20.962,-46.961,10.063,-63.84,40.907,-90.657,0.395,-119.185,-40.808,-90.557,0.292,-37.971,,"인생최패망자",0.015,-17.843,,"ゆっち一",-20.247,-45.764,,"muyang_",-15.777,-62.25,,"shuwaYNZ",21.053,-46.77,,"CoalCat",10.101,-63.692,,"AI",40.9,-90.65,,"Mr․D VRC",0.156,-119.1,,"AI",-40.8,-90.55,,,,,,,,,,,,,,,,,,,,,,,,,,,,,,,,,,,,,,,,,,,,,,,,,,,,,,,,"",3,65.975,48.392,8.756,0.583,0,1,76.067,76.067,32.019,76.067,0,128.162,0,"",,,,0,""
203,,11,0,0,4,0,2,0,0,0,0,255,255,255,95,4413.544,"ke ro",R,26,78,128,-1.609,0.85,0.031,1.655,-0.788,1.993,-36.623,13.998,49,51,0,2,"",56.567,-159.956,20.106,0,0,1,"=","=","=","=","=","=","=","=","",2,R,"소솨소솨",190,89.933,0.503,3,37,W,Y,1,4414.613,182,110,90,17,38,,137,99,51.026,-31.558,-0.3,1.337,-20.247,-0.12,0,0.766,453.605,-335.711,-203.815,4414.673,45.377,-76.531,4414.806,6,44.147,2.843,-75.118,0,0,,,,,,,,,,,,,,,4420.741,1,,456,0,,,,,,,,,,,,,,,,,,,-0.11,-37.748,0.026,-17.879,-21.166,-47.756,-16.405,-62.729,20.154,-47.232,10.998,-64.216,40.907,-90.657,0.499,-116.285,-40.807,-90.557,0.358,-38.015,,"인생최패망자",-0.159,-18.014,,"ゆっち一",-21.16,-47.762,,"muyang_",-16.202,-62.541,96,"shuwaYNZ",20.16,-47.23,,"CoalCat",11.088,-63.992,,"AI",40.9,-90.65,,"Mr․D VRC",0.582,-116.294,,"AI",-40.8,-90.55,,4426.94,0.329,-38.661,,,,,,,4424.879,0.305,-59.22,,,,,,,,,,,,,,,,,,,,,,,,,4426.003,0.302,-53.396,,,,,,,,,,,,,,,,"",1,,,,,,,,,,,,,0,"AI",,,,6,""
204,,11,0,0,4,0,0,1,0,0,0,255,255,255,96,4440.193,"ke ro",R,14,80,117,-0.075,-1.202,0.067,1.464,-0.621,1.351,-36.623,5.291,61,39,0,1,"",357.003,350.07,47.298,0,0,2,"=","=","=","=","=","=","=","=","",3,R,"_Gosomi",175,86.314,0.433,,37,W,Y,0,,,,,,,,,,,,,,,,,,,,,,,,,,,,,0,0,,,,,,,,,,,,,,,,,,,,,,,,,,,,,,,,,,,,,,-0.037,-37.696,0.032,-17.752,-21.005,-47.679,-15.373,-63.48,20.07,-47.74,10.527,-62.865,40.915,-90.664,-0.641,-116.596,-40.815,-90.564,,,,"",,,,"",,,,"",,,,"",,,,"",,,,"",,,,"",,,,"",,,,4444.886,0.385,-37.27,,,,,,,,,,,,,,,,,,,,,,,,,,,,,,,,,,,,,,,,,,,,,,,,,,,,"",0,,,,,,,,,,,,,0,"",,,,0,""
205,,11,0,0,4,1,0,1,0,0,0,255,255,255,97,4455.343,"ke ro",R,26,90,140,-2.288,0.061,-0.033,1.493,-1.085,1.455,-36.623,3.7,51,49,0,1,"",78.116,-200,57.977,0,0,2,"=","=","=","=","=","=","=","=","",3,R,"_Gosomi",175,86.314,0.433,,37,W,Y,0,,,,,,,,,,,,,,,,,,,,,,,,,,,,,0,0,,,,,,,,,,,,,,,,,,,,,,,,,,,,,,,,,,,,,,-0.044,-37.727,0.044,-17.724,-21.049,-47.694,-15.577,-62.884,20.034,-47.763,10.494,-62.854,40.907,-90.657,0.52,-114.831,-40.807,-90.557,,,,"",,,,"",,,,"",,,,"",,,,"",,,,"",,,,"",,,,"",,,,4459.708,0.324,-37.252,,,,,,,,,,,,,,,,,,,,,,,,,,,,,,,,,,,,,,,,,,,,,,,,,,,,"",0,,,,,,,,,,,,,0,"",,,,0,""
206,,11,0,0,4,2,0,1,0,0,0,255,255,255,98,4469.438,"ke ro",R,10,88,128,-1.035,-0.781,0.103,1.539,-0.453,1.615,-36.623,6.064,67,33,0,2,"",0,400,16.006,0,0,2,"=","=","=","=","=","=","=","=","",3,R,"_Gosomi",175,86.314,0.433,5,37,W,Y,1,4470.501,139,97,131,117,71,,143,111,21.023,2.704,-0.198,0.677,-20.348,0.84,0,0.433,-77.541,446.414,233.673,4468.989,-14.898,-113.237,4473.322,7,-18.62,0.059,-131.932,1,0,,4476.054,4480.594,4485.684,,,,,,,,,,,,,,,,,,,,,,,,,,,,,,,,,,0.011,-37.843,0.03,-17.731,-21.034,-47.7,-15.484,-62.246,19.753,-47.767,10.488,-62.864,40.907,-90.657,0.303,-116.176,-40.808,-90.557,0.205,-37.897,,"인생최패망자",-0.082,-17.886,,"ゆっち一",-21.031,-47.698,,"muyang_",-15.238,-62.237,,"shuwaYNZ",19.764,-47.767,71,"CoalCat",10.512,-62.699,,"AI",40.9,-90.65,,"Mr․D VRC",0.308,-116.178,112,"AI",-40.8,-90.55,,4490.568,0.741,-37.652,,,,,,,4482.852,-4.231,-75.969,4486.528,20.013,-46.979,,,,,,,4479.342,-18.694,-131.406,,,,,,,,,,,,,,,,4489.109,19.682,-46.119,,,,,,,4480.703,-14.749,-124.671,,,,"",2,3.745,3.745,-0.673,0,1,0.951,34.336,21.023,-6.293,72.202,0.028,6.872,0,"Mr․D VRC",4480.594,4485.684,,46,""
207,,11,0,0,4,0,0,1,0,0,1,255,255,13,99,4503.149,"ke ro",R,10,79,119,-0.279,-0.2,0.224,1.728,-0.122,1.95,-36.623,21.57,100,0,0,0,"",-3.756,400,12.571,0,0,3,"=","=","=","=","=","=","=","=","",4,R,"Riyaj",190,80,0.451,,37,W,Y,1,,,,,,,,,,,,,,,,,,,,,,,,,,,,,0,0,,,,,,,,,,,,,,4503.594,,,,,,,,,,,,,,,,,,,,4506.775,4,,,-0.014,-37.807,0.013,-17.706,-20.825,-48.277,-14.404,-60.118,19.806,-40.605,9.005,-62.614,40.915,-90.664,1.014,-119.649,-40.815,-90.564,,,,"",,,,"",,,,"",,,,"",,,,"",,,,"",,,,"",,,,"",,,,4510.006,0.792,-37.988,,,,,,,,,,,,,,,,,,,,,,,,,,,,,,,,,,,,,,,,,,,,,,,,,,,,"",0,,,,,,,,,,,,,0,"",,4505.694,,0,""
208,,11,0,0,4,0,1,1,0,0,1,255,255,13,100,4520.235,"ke ro",R,6,80,119,1.165,-0.518,0.177,1.447,-0.109,1.322,-36.623,9.776,54,46,0,2,"",448.043,35.143,75.348,0,0,3,"=","=","=","=","=","=","=","=","",4,R,"Riyaj",190,80,0.451,5,39,W,Y,1,4521.176,241,255,159,85,25,,145,100,-30,-51.232,0.164,0.891,-21.326,1,0,0.273,-222.817,-39.365,-555.7,4515.156,1.46,-22.368,4516.973,4,18.818,1.547,-39.145,0,0,,4526.862,,,,,,,,,,,,4524.269,4526.348,3,,147,8,,,,,,,,,,,,,,,4523.052,4,,,-0.058,-37.654,0.071,-17.705,-20.88,-48.229,-15.121,-62.228,20.033,-40.942,9.261,-62.634,40.907,-90.657,1.107,-117.341,-40.807,-90.557,0.3,-37.962,,"인생최패망자",-0.069,-17.986,,"ゆっち一",-20.822,-48.302,63,"muyang_",-15.174,-62.208,,"shuwaYNZ",18.118,-44.661,94,"CoalCat",9.319,-62.474,,"AI",40.9,-90.65,,"Mr․D VRC",1.246,-116.903,,"AI",-40.8,-90.55,,4530.396,-0.432,-38.015,,,,4525.699,-19.165,-39.635,,,,4522.968,19.273,-40.003,,,,,,,,,,,,,,,,,,,4529.028,-18.085,-39.794,,,,4523.955,15.868,-39.808,,,,,,,,,,,,,"",2,-57.709,-48.471,-10.789,0.472,1,0.473,-73.028,-61.853,-11.977,-78.785,0.052,-124.962,0,"shuwaYNZ",,4526.373,,28,""
209,,11,0,0,4,0,0,2,0,0,1,255,255,13,101,4572.073,"ke ro",R,0,82,133,-0.264,0.659,0.3,1.795,-0.124,2.018,-36.623,34.187,90,10,0,2,"",0,0,12.302,0,0,4,"=","=","=","=","=","=","=","=","",1,R,"mochi_2929",190,91.482,0.463,5,36,W,Y,1,4573.171,255,103,115,71,41,,145,89,-30,-36.355,-0.068,1.298,-20.704,1,0,0.351,-211.677,526.463,130.005,4567.206,1.156,-22.379,4570.089,5,18.151,0.059,-56.875,0,0,,4578.576,,,,,,,,,4577.98,,,,4579.227,4,,147,1,,,,,,,,,,,,,,,,,,,-0.076,-37.782,-0.014,-17.38,-19.585,-46.007,-16.393,-61.94,19.845,-41.152,10.243,-62.384,40.952,-90.698,0.733,-116.664,-40.852,-90.598,0.066,-38.053,,"인생최패망자",-0.024,-17.516,,"ゆっち一",-19.561,-45.964,,"muyang_",-16.055,-62.018,,"shuwaYNZ",17.928,-45.202,,"CoalCat",10.255,-62.288,107,"AI",40.9,-90.65,,"Mr․D VRC",0.347,-115.136,,"AI",-40.8,-90.55,,,,,,,,4578.517,-18.099,-40.254,,,,,,,4576.14,18.401,-57.557,,,,,,,,,,,,,,,,,,,,,,,,,4576.935,14.26,-55.911,,,,,,,,,,"",2,-35.123,-35.123,6.24,0,0,1,-31.615,-31.615,-73.173,-31.615,0,-71.637,0,"CoalCat",,,4577.98,17,""
210,SIDE,11,0,0,4,0,0,2,0,0,0,255,255,255,,4581.156,,,,,,,,,,,,,,,,,,,,,,,,5,"=","=","=","=","=","=","=","=","",,,,,,,,,,,,,,,,,,,,,,,,,,,,,,,,,,,,,,,0,0,,,,,,,,,,,,,,,,,,,,,,,,,,,,,,,,,,,,,,,,,,,,,,,,,,,,,,,,,,,,,,,,,,,,,,,,,,,,,,,,,,,,,,,,,,,,,,,,,,,,,,,,,,,,,,,,,,,,,,,,,,,,,,,,,,,,,,,,,,,,,,,,,"",0,,,,,,,,,,,,,0,"",,,,0,""
211,,12,1,0,4,0,0,0,0,0,0,255,255,255,87,4633.975,"Yes_Man_",R,33,76,127,2.107,0.611,0.79,1.641,0.705,1.952,-36.896,59.291,0,100,0,1,"",116.907,-40.635,1.478,0,0,6,"CoalCat","muyang_","ke ro","shuwaYNZ","ゆっち一","","인생최패망자","","",1,R,"인생최패망자",190,90,0.4,,88,W,Y,0,,,,,,,,,,,,,,,,,,,,,,,,,,,,,0,0,,,,,,,,,,,,,,,,,,,,,,,,,,,,,,,,,,,,,,0.091,-37.964,-0.052,-17.787,-19.722,-44.819,-13.223,-64.35,20.936,-47.314,12.505,-64.942,50.038,-102.275,0,-109.89,-47.191,-95.448,,,,"",,,,"",,,,"",,,,"",,,,"",,,,"",,,,"",,,,"",,,,,,,,,,,,,,,,,,,,,,,,,,,,,,,,,,,,,,,,,,,,,,,,,,,,,,,,,,"",0,,,,,,,,,,,,,0,"",,,,0,""
212,,12,1,0,4,1,0,0,0,0,0,255,255,255,88,4649.4,"Yes_Man_",R,33,76,127,1.961,0.728,0.828,1.664,0.637,2.024,-36.896,61.346,0,95,5,1,"",120.327,-41.159,1.049,0,0,6,"=","=","=","=","=","","=","","",1,R,"인생최패망자",190,90,0.4,,88,W,Y,0,,,,,,,,,,,,,,,,,,,,,,,,,,,,,0,0,,,,,,,,,,,,,,,,,,,,,,,,,,,,,,,,,,,,,,0.112,-37.731,-0.028,-17.796,-20.081,-45.083,-13.103,-64.326,20.941,-47.286,12.714,-64.939,50.064,-102.335,0,-109.85,-47.217,-95.438,,,,"",,,,"",,,,"",,,,"",,,,"",,,,"",,,,"",,,,"",,,,,,,,,,,,,,,,,,,,,,,,,,,,,,,,,,,,,,,,,,,,,,,,,,,,,,,,,,"",0,,,,,,,,,,,,,0,"",,,,0,""
213,,12,1,0,4,2,0,0,0,0,0,255,255,255,89,4665.093,"Yes_Man_",R,3,74,117,-1.673,0.164,0.749,1.612,-0.165,1.717,-36.896,46.222,0,100,0,4,"",-330.064,0,3.27,0,0,6,"=","=","=","=","=","","=","","",1,R,"인생최패망자",190,90,0.4,,88,W,Y,1,,,,,,,,,,,,,,,,,,,,,,,,,,,,,0,0,,,,,,,,,,,,,,,,,,,,,,,,,,,,,,,,,,,,,,0.118,-37.81,-0.018,-17.923,-20.02,-44.863,-13.299,-64.211,20.859,-47.412,12.849,-64.814,50.071,-102.317,0,-109.85,-45.676,-93.357,,,,"",,,,"",,,,"",,,,"",,,,"",,,,"",,,,"",,,,"",,,,,,,,,,,,,,,,,,,,,,,,,,,,,,,,,,,,,,,,,,,,,,,,,,,,,,,,,,"",0,,,,,,,,,,,,,0,"",,,,0,""
214,,12,1,0,4,2,1,0,0,0,0,255,255,255,90,4681.644,"Yes_Man_",R,34,52,108,-0.859,-0.312,0.637,1.439,-0.571,1.503,-36.896,33.944,0,86,14,2,"",90.114,51.267,-15.881,0,0,6,"=","=","=","=","=","","=","","",1,R,"인생최패망자",190,90,0.4,5,88,W,Y,1,4682.837,194,130,169,132,65,,145,131,27.581,-36.734,-0.148,0.925,-20.714,0.52,0,0.348,319.963,189.824,214.062,4682.406,68.603,-121.309,,,,,,0,0,,4693.068,4698.047,4703.095,4708.185,,,,,,,,,,,,,,,,,,,,,,,,,,,,,,,,,0.116,-37.752,0.036,-17.74,-19.94,-45.282,-14.816,-63.921,20.89,-47.39,12.741,-64.804,50.065,-102.315,0,-109.85,-45.584,-93.517,0.245,-37.313,,"mochi_2929",-0.038,-17.814,,"소솨소솨",-19.885,-45.163,,"_Gosomi",-14.745,-63.957,,"Riyaj",20.812,-47.309,,"아침땅_",12.948,-65.987,,"눈꽃",50.065,-102.312,,"AI",0,-109.84,,"yumi2012",-45.579,-93.512,,,,,,,,,,,,,,,,,,,,,,,,,,,,,,,,,,,,,,,,,,,,,,,,,,,,,,,,"",4,-34.369,-34.369,-6.232,0,1,0.668,60.901,45.261,35.336,80.645,0.064,-61.052,0,"",4698.047,4703.095,4708.185,0,""
215,,12,1,1,4,0,0,0,0,0,0,255,255,255,91,4723.121,"Yes_Man_",R,32,90,140,-2.619,0.291,0.423,1.546,-1.45,1.64,-36.896,22.071,0,100,0,1,"",206.946,-137.585,4.349,0,0,0,"=","=","=","=","=","","=","","",5,R,"CoalCat",174.9,82.838,0.435,,36,W,Y,0,,,,,,,,,,,,,,,,,,,,,,,,,,,,,0,0,,,,,,,,,,,,,,,,,,,,,,,,,,,,,,,,,,,,,,0.061,-37.674,0.035,-17.888,-20.203,-44.473,-15.117,-63.588,21.109,-47.834,11.979,-65.136,45.785,-101.904,0,-109.85,-49.882,-97.452,,,,"",,,,"",,,,"",,,,"",,,,"",,,,"",,,,"",,,,"",,,,,,,,,,,,,,,,,,,,,,,,,,,,,,,,,,,,,,,,,,,,,,,,,,,,,,,,,,"",0,,,,,,,,,,,,,0,"",,,,0,""
216,,12,1,1,4,1,0,0,0,0,0,255,255,255,92,4737.11,"Yes_Man_",R,3,79,118,0.359,1.124,0.823,1.722,0.853,2.255,-36.896,55.263,0,100,0,2,"",-411.529,0,2.417,0,0,0,"=","=","=","=","=","","=","","",5,R,"CoalCat",174.9,82.838,0.435,5,36,W,Y,1,4738.383,252,88,142,108,89,,145,129,7.496,-8.311,0.086,1.526,-21.605,0.51,0,0.434,424.632,235.122,212.318,4735.423,10.055,-112.936,4738.123,7,12.072,0.054,-128.613,1,0,,4743.783,4748.059,,,,,,,,,,,,,,,,,,,,,,,,,,,,,4750.216,3,,,,,0.152,-37.737,-0.032,-17.947,-20.499,-45.389,-14.777,-63.823,21.11,-47.636,12.332,-65.027,45.787,-101.923,0,-109.85,-47.846,-96.698,0.399,-37.154,,"mochi_2929",-0.06,-17.965,,"소솨소솨",-20.358,-45.304,,"_Gosomi",-14.67,-63.774,85,"Riyaj",20.891,-47.669,,"아침땅_",12.504,-64.962,,"눈꽃",45.784,-101.903,,"AI",0,-109.84,,"yumi2012",-47.864,-96.708,,4752.447,0.084,-38.749,,,,,,,4748.645,1.166,-65.712,,,,,,,,,,,,,,,,,,,,,,,,,4751.399,0.493,-55.441,,,,,,,,,,,,,,,,"",2,-4.309,-4.309,-7.342,0,0,1,7.496,7.496,10.283,7.496,0,-2.654,0,"AI",4748.059,,,132,""
217,,12,1,1,4,0,0,0,0,1,0,255,5,255,93,4764.186,"Yes_Man_",R,3,71,113,1.744,1.097,0.893,1.69,1.494,2.232,-36.896,75.275,0,100,0,1,"",-406.55,0,2.715,0,0,1,"=","=","=","=","=","","=","","",3,R,"muyang_",171.4,80,0.498,,36,W,Y,0,,,,,,,,,,,,,,,,,,,,,,,,,,,,,0,0,,,,,,,,,,,,,4780.693,,,,,,,,,,,,,,,,,,,,,,,,,0.089,-37.732,-0.089,-17.598,-20.043,-44.934,-14.612,-60.347,20.947,-47.485,12.574,-64.492,42.875,-92.565,0,-109.86,-43.929,-91.839,,,,"",,,,"",,,,"",,,,"",,,,"",,,,"",,,,"",,,,"",,,,4770.348,-0.132,-37.426,,,,,,,,,,,,,,,,,,,,,,,,,,,,,,,,,,,,,,,,,,,,,,,,,,,,"",0,,,,,,,,,,,,,0,"",,,,0,""
218,,12,1,1,4,1,0,0,0,1,0,255,5,255,94,4780.804,"Yes_Man_",R,4,79,123,-2.41,-0.898,0.594,1.397,-0.657,1.106,-36.896,37.248,0,100,0,4,"",-247.441,11.181,0.073,0,0,1,"=","=","=","=","=","","=","","",3,R,"muyang_",171.4,80,0.498,,36,W,Y,1,,,,,,,,,,,,,,,,,,,,,,,,,,,,,0,0,,,,,,,,,,,,,4794.245,,,,,,,,,,,,,,,,,,,,,,,,,0.092,-37.723,0.027,-17.953,-20.018,-44.784,-14.21,-62.99,20.701,-47.7,12.515,-64.737,37.628,-93.624,0,-109.85,-42.013,-90.161,,,,"",,,,"",,,,"",,,,"",,,,"",,,,"",,,,"",,,,"",,,,4784.503,-0.092,-37.461,,,,,,,,,,,,,,,,,,,,,,,,,,,,,,,,,,,,,,,,,,,,,,,,,,,,"",0,,,,,,,,,,,,,0,"",4782.859,,,0,""
219,,12,1,1,4,1,1,0,0,1,0,255,5,255,95,4794.471,"Yes_Man_",R,33,71,123,-0.506,0.807,0.64,1.635,-0.441,1.958,-36.896,27.388,0,98,2,2,"",120.833,-85.558,12.483,0,0,1,"=","=","=","=","=","","=","","",3,R,"muyang_",171.4,80,0.498,5,36,W,Y,1,4795.499,142,132,80,76,32,,141,90,-12.887,-38.473,-0.109,1.148,-20.019,-0.53,0,0.266,-202.381,-71.945,163.185,4789.339,2.607,-23.424,4791.123,4,16.951,0.057,-44.693,0,0,,4801.107,,,,,,,,,,,4799.95,,4800.915,1,,147,8,,,,,,,,,,,,,,,,,,,0.178,-37.582,0.043,-17.988,-20.165,-45.141,-15.005,-63.09,20.656,-47.705,12.433,-64.91,37.632,-93.619,0,-109.85,-41.779,-89.988,0.343,-37.121,,"mochi_2929",-0.011,-17.981,,"소솨소솨",-19.801,-44.792,85,"_Gosomi",-14.97,-63.144,86,"Riyaj",20.755,-47.564,96,"아침땅_",12.404,-64.919,,"눈꽃",37.628,-93.609,,"AI",0,-109.84,,"yumi2012",-41.772,-89.989,,4809.225,0.437,-39.045,,,,4800.278,-18.933,-39.179,4805.768,-0.741,-59.137,4797.38,17.733,-45.734,,,,,,,,,,,,,,,,,,,4804.333,-18.392,-40.935,4808.07,-0.259,-58.241,4798.694,11.626,-45.149,,,,,,,,,,,,,"",2,-36.316,-28.149,15.499,0,1,0.971,-19.65,-12.887,-81.654,-39.185,0.018,-69.691,0,"Riyaj",4797.355,,,142,""
220,,12,1,1,4,0,0,1,0,1,0,255,5,255,96,4822.844,"Yes_Man_",R,3,73,118,-0.302,0.78,0.871,1.68,0.29,2.103,-36.896,59.303,0,94,6,2,"",-251.555,0,2.749,0,0,2,"=","=","=","=","=","","=","","",0,R,"ke ro",190,80.196,0.347,5,36,W,Y,1,4823.868,227,90,80,59,23,,145,131,25.124,2.078,-0.072,1.306,-20.23,0.54,0,0.739,212.334,284.874,221.572,4822.839,-13.253,-132.777,4824.006,7,-15.292,0.257,-127.107,1,0,,4829.776,4834.479,,,,,,4829.587,4835.28,,,,,,,,,,,,,,,,,,,,,,4835.31,5,,,,,0.123,-37.807,0.016,-17.885,-20.334,-45.738,-14.383,-62.812,20.748,-47.857,12.375,-64.698,40.851,-101.807,0,-109.86,-46.543,-93.876,0.593,-37.189,,"mochi_2929",-0.039,-17.91,,"소솨소솨",-19.886,-44.585,,"_Gosomi",-14.105,-62.854,,"Riyaj",20.749,-47.82,,"아침땅_",12.602,-65.397,85,"눈꽃",40.861,-101.812,,"AI",0,-109.84,,"yumi2012",-46.538,-93.892,,4838.733,-0.019,-38.601,,,,,,,,,,,,,4835.005,0.065,-60.727,,,,,,,,,,,,,,,,,,,,,,,,,4837.734,-0.652,-55.129,,,,,,,,,,"",2,6.448,6.448,2.33,0,1,1,41.653,26.629,1.052,82.225,0.049,7.575,0,"AI",4834.479,4829.587,4835.28,160,""
221,,12,1,2,4,0,0,1,0,1,0,255,0,255,97,4853.568,"Yes_Man_",R,4,74,121,-3.218,-0.449,0.617,1.489,-1.103,1.328,-36.896,32.99,0,100,0,2,"",-186.386,0,3.391,0,0,3,"=","=","=","=","=","","=","","",4,R,"shuwaYNZ",190,82.084,0.381,3,36,W,Y,1,4854.735,207,143,35,72,67,,120,72,15.288,57.709,-0.586,0.856,-20.557,1,0,0.158,37.143,186.502,392.36,4849.656,-21.126,-33.061,,,,,,0,0,,,,,,,,,,,,,4853.984,,,,,,,,,,,,,,,,,,,,,,,,,0.139,-37.714,-0.168,-18.026,-20.389,-45.124,-13.454,-63.753,21.701,-48.029,12.49,-64.945,44.912,-97.434,0,-109.86,-49.865,-98.483,0.228,-37.542,,"mochi_2929",-0.284,-18.094,,"소솨소솨",-20.073,-44.783,,"_Gosomi",-13.992,-63.279,,"Riyaj",21.612,-48.058,,"아침땅_",12.996,-66.436,,"눈꽃",44.705,-97.105,,"AI",0,-109.84,,"yumi2012",-49.863,-98.495,,,,,,,,,,,,,,,,,,,,,,,,,,,,,,,,,,,,,,,,,,,,,,,,,,,,,,,,"",3,,,,,,,,,,,,,0,"",4858.682,,,0,""
222,,12,1,2,4,0,1,1,0,1,0,255,0,255,98,4889.83,"Yes_Man_",R,32,82,134,-2.703,0.428,0.411,1.575,-1.507,1.734,-36.896,8.567,0,100,0,1,"",218.012,-156.295,30.774,0,0,3,"=","=","=","=","=","","=","","",4,R,"shuwaYNZ",190,82.084,0.381,,36,W,Y,0,,,,,,,,,,,,,,,,,,,,,,,,,,,,,0,0,,,,,,,,,4892.249,,,,,,,,,,,,,,,,,,,,,,,,,4893.022,4,,,0.192,-37.742,0.065,-17.683,-20.503,-45.968,-16.319,-61.511,21.549,-43.646,7.414,-64.854,42.968,-92.098,0,-109.86,-49.337,-93.832,,,,"",,,,"",,,,"",,,,"",,,,"",,,,"",,,,"",,,,"",,,,,,,,,,,,,,,,,,,,,,,,,,,,,,,,,,,,,,,,,,,,,,,,,,,,,,,,,,"",0,,,,,,,,,,,,,0,"",,4892.249,,0,""
223,,12,1,2,4,1,1,1,0,0,1,255,255,0,99,4908.601,"Yes_Man_",R,33,81,131,0.578,1.328,0.743,1.775,0.037,2.382,-36.896,38.237,63,37,0,2,"",125.444,-62.531,3.437,0,0,3,"=","=","=","=","=","","=","","",4,R,"shuwaYNZ",190,82.084,0.381,5,36,W,Y,1,4909.738,212,73,73,40,39,,138,96,-51.935,59.125,0.086,1.493,-19.689,-0.42,0,0.226,516.722,96.341,-257.878,4903.373,-0.875,-20.266,,,,,,0,0,,,,,,,,,,,,,,4910.6,,,,,,,,,,,,,,,,,,,,,,,,0.217,-37.784,-0.066,-18.067,-19.653,-45.189,-13.365,-64.971,20.786,-47.577,12.315,-65.016,44.162,-92.39,0,-109.86,-48.685,-93.163,0.514,-37.188,,"mochi_2929",-0.129,-18.06,,"소솨소솨",-19.495,-45.041,,"_Gosomi",-13.377,-64.918,,"Riyaj",20.694,-47.589,,"아침땅_",12.453,-64.976,,"눈꽃",44.421,-92.62,,"AI",0,-109.84,,"yumi2012",-48.677,-93.162,,,,,,,,,,,,,,,,,,,,,,,,,,,,,,,,,,,,,,,,,,,,,,,,,,,,,,,,"",3,69.934,54.223,12.653,0.576,0,1,-51.935,-51.935,-89.532,-51.935,0,96.037,0,"",,4913.992,,0,""
224,,12,1,2,4,1,2,1,0,0,1,255,255,0,100,4929.847,"Yes_Man_",R,5,62,101,-1.621,-0.094,0.785,1.529,-0.004,1.652,-36.896,50.65,0,95,5,2,"",-82.872,0,2.108,0,0,3,"=","=","=","=","=","","=","","",4,R,"shuwaYNZ",190,82.084,0.381,0,36,W,Y,1,4931.04,107,127,22,61,54,,59,64,22.667,22.381,-0.175,0.983,-20.251,0.61,0,0.167,-48.348,579.78,-70.135,,,,4927.506,2,-15.996,2.483,-51.14,0,0,,,,,,,,,,,,,,4930.41,4933.885,3,,451,0,,,,,,,,,,,,,,,,,,,0.188,-37.696,-0.038,-17.952,-20.725,-45.577,-14.216,-63.92,21.065,-46.687,12.296,-64.876,43.65,-94.737,0,-109.86,-47.024,-92.616,0.344,-37.523,,"mochi_2929",-0.104,-18.043,,"소솨소솨",-20.336,-45.254,114,"_Gosomi",-14.222,-64.084,,"Riyaj",21.052,-46.724,85,"아침땅_",12.299,-64.873,,"눈꽃",43.647,-94.734,,"AI",0,-109.84,,"yumi2012",-47.045,-92.627,,4941.389,0.788,-38.201,,,,4933.891,-16.409,-51.534,,,,4936.486,18.453,-39.215,,,,,,,,,,,,,,,,,,,4935.095,-10.674,-48.835,,,,4940.346,17.52,-39.303,,,,,,,,,,,,,"",1,,,,,,,,,,,,,0,"소솨소솨",,4935.716,,138,""
225,,12,1,2,4,0,0,2,0,0,1,255,255,0,101,4954.09,"Yes_Man_",R,38,53,95,-3.048,-1.012,0.607,1.377,-0.662,1.347,-36.896,35.186,0,71,29,2,"",27.065,-0.309,0.694,0,0,4,"=","=","=","=","=","","=","","",2,L,"ゆっち一",181.4,84,0.401,3,36,W,Y,1,4955.298,255,108,72,89,33,,145,128,25.051,-25.446,-0.161,0.862,-20.225,0.35,0,0.23,229.075,-276.078,-286.174,4953.689,54.431,-116.305,4956.656,6,43.725,0.054,-112.408,1,0,,4960.946,4965.357,,,,,,,,4962.542,,,4956.146,,,,,,,,,,,,,,,,,,,,,,,,0.165,-37.884,-0.113,-18.171,-19.711,-44.865,-7.898,-66.706,20.364,-47.173,15.208,-63.453,48.366,-101.408,0,-109.85,-45.846,-92.093,0.388,-37.602,,"mochi_2929",-0.113,-18.234,,"소솨소솨",-19.624,-44.739,,"_Gosomi",-9.367,-65.757,,"Riyaj",20.145,-46.89,,"아침땅_",15.906,-65.009,,"눈꽃",48.391,-101.403,111,"AI",0,-109.84,,"yumi2012",-45.854,-92.097,,4974.081,0.874,-37.969,,,,,,,,,,4967.103,19.047,-41.462,,,,4963.139,43.344,-112.45,,,,,,,,,,,,,,,,,,,,,,,,,4964.043,39.651,-107.344,,,,,,,"",2,,,,,,,,,,,,,0,"눈꽃",4965.357,,4962.542,137,""
226,,12,1,3,4,0,0,2,0,1,0,255,2,255,102,4990.454,"Yes_Man_",R,3,79,120,-2.752,-1.16,0.623,1.391,-0.599,0.884,-36.896,32.537,0,100,0,1,"",-359.691,0,6.603,0,0,6,"=","=","=","=","=","","=","","",1,R,"인생최패망자",190,90,0.4,,36,W,Y,0,,,,,,,,,,,,,,,,,,,,,,,,,,,,,0,0,,,,,,,,,,,,,4999.44,,,,,,,,,,,,,,,,,,,,,,,,,0.188,-37.729,0.46,-17.752,-19.679,-44.149,-13.462,-63.686,21.086,-47.966,12.72,-64.785,48.401,-108.851,0,-109.86,-47.263,-94.91,,,,"",,,,"",,,,"",,,,"",,,,"",,,,"",,,,"",,,,"",,,,4994.047,-0.02,-37.072,,,,,,,,,,,,,,,,,,,,,,,,,,,,,,,,,,,,,,,,,,,,,,,,,,,,"",0,,,,,,,,,,,,,0,"",4992.543,,,0,""
227,,12,1,3,4,1,0,2,0,1,0,255,2,255,103,5007.236,"Yes_Man_",R,34,86,139,1.645,0.124,0.86,1.561,0.584,1.691,-36.896,49.071,0,86,14,1,"",75.13,0.016,1.834,0,0,6,"=","=","=","=","=","","=","","",1,R,"인생최패망자",190,90,0.4,,88,W,Y,0,,,,,,,,,,,,,,,,,,,,,,,,,,,,,0,0,,,,,,,,,,,,,5008.466,,,,,,,,,,,,,,,,,,,,,,,,,0.203,-37.658,0.177,-18.164,-20.306,-44.527,-12.66,-64.247,20.522,-47.99,12.662,-64.677,48.245,-108.533,0,-109.85,-47.27,-94.913,,,,"",,,,"",,,,"",,,,"",,,,"",,,,"",,,,"",,,,"",,,,5013.907,-0.107,-37.524,,,,,,,,,,,,,,,,,,,,,,,,,,,,,,,,,,,,,,,,,,,,,,,,,,,,"",0,,,,,,,,,,,,,0,"",5009.755,,,0,""
228,,12,1,3,4,2,0,2,0,1,0,255,2,255,104,5027.059,"Yes_Man_",R,3,65,98,-2.22,-0.041,0.78,1.639,-0.264,1.694,-36.896,37.578,0,93,7,4,"",-323.453,54.328,6.857,0,0,6,"=","=","=","=","=","","=","","",1,R,"인생최패망자",190,90,0.4,,88,W,Y,1,,,,,,,,,,,,,,,,,,,,,,,,,,,,,0,0,,,,,,,,,,,,,5027.783,,,,,,,,,,,,,,,,,,,,,,,,,0.187,-37.849,0.005,-18.259,-20.15,-45.172,-12.591,-63.47,21.142,-48.15,12.983,-64.762,48.244,-108.536,0,-109.85,-47.309,-94.923,,,,"",,,,"",,,,"",,,,"",,,,"",,,,"",,,,"",,,,"",,,,5033.035,-0.074,-37.298,,,,,,,,,,,,,,,,,,,,,,,,,,,,,,,,,,,,,,,,,,,,,,,,,,,,"",0,,,,,,,,,,,,,0,"",5029.305,,,0,""
229,,12,1,3,4,2,1,2,0,1,0,255,2,255,105,5045.379,"Yes_Man_",R,3,65,98,-1.159,-0.564,0.871,1.325,0.146,1.29,-36.896,45.92,0,47,53,2,"",-301.379,0,8.524,0,0,6,"=","=","=","=","=","","=","","",1,R,"인생최패망자",190,90,0.4,5,88,W,Y,1,5046.662,145,120,134,121,92,,145,131,25.866,-32.665,-0.167,0.847,-20.914,0.55,0,0.407,435.602,230.905,340.891,5045.89,61.012,-128.9,,,,,,0,0,,5052.498,5056.969,5062.173,5067.278,,,,5052.369,5057.529,,,5047.053,,,,,,,,,,,,,,,,,,,,,,,,,0.282,-37.838,-0.094,-18.193,-20.009,-45.606,-13.693,-63.705,20.826,-48.415,12.415,-64.983,48.252,-108.711,0,-109.85,-46.062,-93.146,0.228,-37.616,,"mochi_2929",-0.107,-18.014,,"소솨소솨",-20.117,-45.422,,"_Gosomi",-13.67,-63.645,,"Riyaj",20.735,-48.246,,"아침땅_",12.791,-66.325,,"눈꽃",48.251,-108.713,,"AI",0,-109.84,,"yumi2012",-46.054,-93.158,,,,,,,,,,,,,,,,,,,,,,,,,,,,,,,,,,,,,,,,,,,,,,,,,,,,,,,,"",4,-27.273,-27.273,-8.478,0,1,0.477,78.571,33.168,-4.832,88.746,0.069,-50.412,0,"",5045.648,5052.369,5057.529,0,""
230,,12,1,5,4,0,0,2,0,0,0,255,255,255,106,5088.728,"Yes_Man_",R,33,83,134,0.461,0.847,0.73,1.666,-0.023,2.063,-36.896,43.491,0,92,8,0,"",135.161,-28.604,2.475,0,0,0,"=","=","=","=","=","","=","","",5,R,"CoalCat",174.9,82.838,0.435,,36,W,Y,1,,,,,,,,,,,,,,,,,,,,,,,,,,,,,0,0,,,,,,,,,,,,,,,,,,,,,,,,,,,,,,,,,,,,,,0.146,-37.868,-0.006,-18.267,-19.738,-45.034,-12.896,-64.33,20.235,-47.505,12.45,-64.892,46.268,-98.98,0,-109.86,-39.888,-89.842,,,,"",,,,"",,,,"",,,,"",,,,"",,,,"",,,,"",,,,"",,,,,,,,,,,,,,,,,,,,,,,,,,,,,,,,,,,,,,,,,,,,,,,,,,,,,,,,,,"",0,,,,,,,,,,,,,0,"",,,,0,""
231,,12,1,5,4,0,1,2,0,0,0,255,255,255,107,5102.116,"Yes_Man_",R,32,80,130,-1.118,0.783,0.556,1.631,-0.833,1.939,-36.896,19.836,0,91,9,2,"",217.965,-110.622,34.668,0,0,0,"=","=","=","=","=","","=","","",5,R,"CoalCat",174.9,82.838,0.435,5,36,W,Y,1,5103.228,210,191,89,60,48,,145,129,112.567,-52.409,-0.185,1.238,-21.29,0.29,0,0.62,412.002,290.852,325.053,,,,,,,,,0,0,,,,,,,,,,,,,,,,,,,,,,,,,,,,,,,,,,,,,,0.184,-37.67,0.059,-18.122,-19.49,-45.042,-12.818,-64.437,20.194,-48,12.987,-64.731,46.259,-98.984,0,-109.85,-38.705,-88.828,0.396,-37.348,,"mochi_2929",0.028,-18.126,,"소솨소솨",-19.512,-44.988,,"_Gosomi",-12.752,-64.39,,"Riyaj",20.216,-47.987,,"아침땅_",12.949,-64.737,,"눈꽃",46.265,-98.992,,"AI",0,-109.84,,"yumi2012",-38.709,-88.84,,,,,,,,,,,,,,,,,,,,,,,,,,,,,,,,,,,,,,,,,,,,,,,,,,,,,,,,"",3,-50.794,-50.794,-8.529,0,0,1,67.433,67.433,67.203,67.433,0,-66.13,0,"",,,,0,""
232,,12,1,5,4,0,2,2,0,0,0,255,255,255,108,5118.905,"Yes_Man_",R,34,80,131,0.881,0.22,0.781,1.566,0.215,1.71,-36.896,38.291,0,89,11,2,"",94.466,-19.142,4.399,0,0,0,"=","=","=","=","=","","=","","",5,R,"CoalCat",174.9,82.838,0.435,5,36,W,Y,1,5120.146,82,70,79,61,42,,120,72,98.433,57.652,0.164,1.013,-20.468,-0.85,0,0.33,305.67,99.861,-433.02,5119.072,13.396,-12.117,5119.689,1,13.608,0.643,-11.989,0,0,,,,,5129.887,,,,,,,,,,,,,,,,,,,,,,,,,,,,,,,,,0.17,-37.888,-0.114,-18.129,-21.049,-46.123,-13.952,-64.242,20.072,-47.428,12.688,-64.717,46.142,-100.287,0,-109.85,-40.797,-88.706,0.428,-37.48,,"mochi_2929",-0.109,-18.151,130,"소솨소솨",-19.938,-44.597,,"_Gosomi",-13.819,-64.223,,"Riyaj",20.097,-47.478,,"아침땅_",12.49,-64.764,,"눈꽃",46.147,-100.302,,"AI",0,-109.84,,"yumi2012",-40.788,-88.714,,5129.056,-0.28,-37.821,5126.318,13.202,-12.21,,,,,,,,,,,,,,,,,,,,,,,,,5128.005,11.945,-14.768,,,,,,,,,,,,,,,,,,,,,,"",3,72.586,51.756,12.295,0.626,1,0.622,84.665,81.567,-6.053,86.301,0.051,124.237,0,"mochi_2929",,,,144,""
233,,12,1,5,4,0,2,2,0,0,0,255,255,255,109,5143.698,"Yes_Man_",R,32,88,140,-1.56,0.869,0.529,1.647,-0.957,1.996,-36.896,17.74,0,97,3,4,"",190.95,-113.349,27.347,0,0,0,"=","=","=","=","=","","=","","",5,R,"CoalCat",174.9,82.838,0.435,,36,W,Y,1,,,,,,,,,,,,,,,,,,,,,,,,,,,,,0,1,,,,,,,,,,,,,,,5146.678,0,,578,0,,,,,,,,,,,,,,,,,5146.409,1,0.177,-37.503,0.169,-17.586,-19.774,-44.921,-13.803,-64.3,20.359,-46.192,12.834,-64.745,46.302,-100.256,0,-109.86,-40.411,-88.709,,,,"",,,,"",,,,"",,,,"",,,,"",,,,"",,,,"",,,,"",,,,,,,,,,,,,,,,,,,,,,,,,,,,,,,,,,,,,,,,,,,,,,,,,,,,,,,,,,"",0,,,,,,,,,,,,,0,"",,,,0,""
234,SIDE,12,1,5,4,0,0,2,0,0,0,255,255,255,,5148.201,,,,,,,,,,,,,,,,,,,,,,,,1,"=","=","=","=","=","","=","","",,,,,,,,,,,,,,,,,,,,,,,,,,,,,,,,,,,,,,,0,0,,,,,,,,,,,,,,,,,,,,,,,,,,,,,,,,,,,,,,,,,,,,,,,,,,,,,,,,,,,,,,,,,,,,,,,,,,,,,,,,,,,,,,,,,,,,,,,,,,,,,,,,,,,,,,,,,,,,,,,,,,,,,,,,,,,,,,,,,,,,,,,,,"",0,,,,,,,,,,,,,0,"",,,,0,""
235,,12,0,5,4,0,0,0,0,0,0,255,255,255,102,5178.228,"ke ro",R,26,84,137,2.122,0.553,0.318,1.589,0.479,1.168,-36.623,34.479,46,54,0,2,"",114.145,-191.646,-8.772,0,0,5,"눈꽃","소솨소솨","_Gosomi","Riyaj","","아침땅_","yumi2012","Yes_Man_","",5,R,"아침땅_",170.2,86.571,0.5,0,36,W,Y,1,5179.255,148,114,96,44,18,,144,84,-30,-56.715,0.185,0.531,-20.164,1,0.19,0.397,-579.894,130.765,58.504,5172.506,1.401,-20.962,,,,,,0,0,,,,,,,,,,,,,,,,,,,,,,,,,,,,,,,,,,,,,,-0.216,-37.559,0.009,-17.672,-18.201,-44.898,-16.918,-61.906,19.874,-47.623,10.659,-62.967,40.93,-90.677,0,-109.84,-40.83,-90.577,-0.026,-38.235,,"인생최패망자",-0.04,-17.819,,"ゆっち一",-18.07,-44.794,,"muyang_",-16.802,-61.863,,"shuwaYNZ",19.946,-47.55,,"CoalCat",10.634,-62.86,,"AI",40.9,-90.65,,"AI",0,-109.84,,"AI",-40.8,-90.55,,,,,,,,,,,,,,,,,,,,,,,,,,,,,,,,,,,,,,,,,,,,,,,,,,,,,,,,"",3,,,,,,,,,,,,,0,"",,,,0,""
236,,12,0,5,4,0,1,0,0,0,0,255,255,255,103,5194.263,"ke ro",R,12,73,121,-0.144,-0.15,0.278,1.676,-0.071,1.674,-36.623,25.81,38,62,0,2,"",0.05,129.017,4.321,0,0,5,"=","=","=","=","","=","=","=","",5,R,"아침땅_",170.2,86.571,0.5,3,35,W,Y,1,5195.343,213,145,99,65,27,,145,125,27.959,41.25,-0.028,0.879,-20.539,0.67,0.143,0.434,193.184,501.171,118.927,5195.406,-91.302,-96.836,,,,,,0,0,,,,,,,,,,,,,,,,,,,,,,,,,,,,,,,,,,,,,,-0.093,-37.815,0.019,-17.654,-18.869,-45.328,-15.352,-62.538,19.224,-47.579,11.19,-63.406,40.915,-90.664,0,-109.85,-40.815,-90.564,0.201,-38.234,,"인생최패망자",-0.067,-17.813,,"ゆっち一",-18.815,-45.283,,"muyang_",-15.44,-62.191,,"shuwaYNZ",19.343,-47.37,,"CoalCat",11.154,-63.282,,"AI",40.9,-90.65,,"AI",0,-109.84,,"AI",-40.8,-90.55,,,,,,,,,,,,,,,,,,,,,,,,,,,,,,,,,,,,,,,,,,,,,,,,,,,,,,,,"",3,,,,,,,,,,,,,0,"",,,,0,""
237,,12,0,5,4,0,2,0,0,0,0,255,255,255,104,5214.003,"ke ro",R,10,76,121,-1.384,-0.38,0.191,1.614,-0.609,1.705,-36.623,12.45,57,43,0,0,"",0,251.304,1.931,0,0,5,"=","=","=","=","","=","=","=","",5,R,"아침땅_",170.2,86.571,0.5,,35,W,Y,0,,,,,,,,,,,,,,,,,,,,,,,,,,,,,0,0,,,,,,,,,,,,,,,5216.636,5,,578,0,,,,,,,,,,,,,,,,,,,0.025,-37.787,0.107,-17.352,-20.249,-46.206,-16.712,-62.315,19.322,-46.811,9.502,-62.933,40.915,-90.664,0,-109.85,-40.808,-90.557,,,,"",,,,"",,,,"",,,,"",,,,"",,,,"",,,,"",,,,"",,,,,,,,,,,,,,,,,,,,,,,,,,,,,,,,,,,,,,,,,,,,,,,,,,,,,,,,,,"",0,,,,,,,,,,,,,0,"",,,,0,""
238,,12,0,5,4,0,0,1,0,0,0,255,255,255,105,5230.108,"ke ro",R,29,74,126,-1.572,0.008,0.191,1.583,-0.33,1.466,-36.623,11.676,59,41,0,1,"",-238.444,-130.709,37.305,0,0,6,"=","=","=","=","","=","=","=","",8,R,"yumi2012",173.9,90.292,0.504,,36,W,Y,0,,,,,,,,,,,,,,,,,,,,,,,,,,,,,0,0,,,,,,,,,,,,,,,,,,,,,,,,,,,,,,,,,,,,,,0.003,-37.686,0.04,-17.641,-20.067,-46.102,-16.494,-62.008,18.868,-47.685,9.457,-62.971,40.915,-90.664,0,-109.85,-40.815,-90.564,,,,"",,,,"",,,,"",,,,"",,,,"",,,,"",,,,"",,,,"",,,,,,,,,,,,,,,,,,,,,,,,,,,,,,,,,,,,,,,,,,,,,,,,,,,,,,,,,,"",0,,,,,,,,,,,,,0,"",,,,0,""
239,,12,0,5,4,1,0,1,0,0,0,255,255,255,106,5242.931,"ke ro",R,0,76,127,0.811,0.42,0.38,1.71,0.342,1.836,-36.623,23.172,100,0,0,2,"",0,0,6.829,0,0,6,"=","=","=","=","","=","=","=","",8,R,"yumi2012",173.9,90.292,0.504,3,36,W,Y,1,5244.025,246,65,90,50,24,,145,86,96.972,-81.293,0.099,1.073,-20.022,-0.74,0,0.599,397.327,305.471,134.163,,,,,,,,,0,0,,,,,,,,,,,,,,,,,,,,,,,,,,,,,,,,,,,,,,0.051,-37.749,0.019,-17.667,-20.022,-46.192,-16.815,-62.521,19.508,-47.307,9.46,-63.02,40.907,-90.657,0,-109.85,-40.807,-90.557,0.345,-38.065,,"인생최패망자",0.05,-17.799,,"ゆっち一",-20.033,-46.186,,"muyang_",-16.351,-62.761,,"shuwaYNZ",19.51,-47.3,,"CoalCat",9.489,-62.847,,"AI",40.9,-90.65,,"AI",0,-109.84,,"AI",-40.8,-90.55,,,,,,,,,,,,,,,,,,,,,,,,,,,,,,,,,,,,,,,,,,,,,,,,,,,,,,,,"",3,,,,,,,,,,,,,0,"",,,,0,""
240,,12,0,5,4,1,1,1,0,0,0,255,255,255,107,5257.237,"ke ro",R,26,82,133,3.289,1.192,0.484,1.768,1.092,2.126,-36.623,36.879,94,6,0,3,"",157.564,-157.765,0.943,-0.002,-20.495,6,"=","=","=","=","","=","=","=","",8,R,"yumi2012",173.9,90.292,0.504,,36,W,Y,0,,,,,,,,,,,,,,,,,,,,,,,,,,,,,0,0,,5268.01,,,,,,,,,,,,,,,,,,,,,,,,,,,,,,,,,,,,0.094,-37.831,0.027,-17.657,-20.27,-45.934,-15.73,-63.363,19.816,-47.797,11.084,-63.976,40.907,-90.657,0,-109.85,-40.807,-90.557,,,,"",,,,"",,,,"",,,,"",,,,"",,,,"",,,,"",,,,"",,,,,,,,,,,,,,,,,,,,,,,,,,,,,,,,,,,,,,,,,,,,,,,,,,,,,,,,,,"",6,,,,,,,,,,,,,0,"",,,,0,""
241,,12,0,5,4,0,0,1,1,0,0,18,255,255,108,5280.31,"ke ro",R,34,70,122,2.77,1.131,0.513,1.811,1.057,2.166,-36.623,44.492,98,2,0,2,"",82.844,-76.245,-2.073,0,0,7,"=","=","=","=","","=","=","=","",0,R,"Yes_Man_",175,84.826,0.502,5,36,W,Y,1,5281.392,95,66,141,76,42,,135,95,38.035,31.871,0.514,1.293,-20.224,-0.11,0,0.333,103.381,-194.848,-102.686,5279.723,-35.878,-85.309,5279.855,8,-34.862,2.482,-83.314,0,0,,5287.247,,,,,,,,,,5280.402,,,5286.736,7,,456,0,,,,,,,,,,,5291.507,2,,,,,,,0.035,-37.759,0.015,-17.492,-19.701,-45.358,-13.807,-57.66,19.88,-47.701,8.248,-61.679,40.922,-90.67,0,-109.86,-40.822,-90.57,0.391,-38.099,,"인생최패망자",0.006,-17.616,,"ゆっち一",-19.3,-45.747,66,"muyang_",-13.624,-57.725,,"shuwaYNZ",19.831,-47.68,,"CoalCat",8.222,-61.605,,"AI",40.9,-90.65,,"AI",0,-109.84,,"AI",-40.8,-90.55,,5294.936,-0.843,-38.291,,,,5290.871,-19.018,-40.782,,,,,,,,,,,,,,,,,,,,,,,,,5293.665,-17.772,-39.962,,,,,,,,,,,,,,,,,,,"",1,31.532,31.532,12.156,0,2,0.021,82.308,38.035,0.035,79.343,0.037,175.83,0,"AI",,,,20,""
242,,12,0,5,4,0,0,2,1,0,0,18,255,255,109,5307.485,"ke ro",R,6,73,112,3.166,-0.655,0.36,1.546,0.475,1.326,-36.623,14.474,63,37,0,4,"",491.293,92.906,24.387,0,0,0,"=","=","=","=","","=","=","=","",6,L,"눈꽃",190,90,0.597,,36,W,Y,1,,,,,,,,,,,,,,,,,,,,,,,,,,,,,0,0,,,,,,,,,,,,5323.172,,,,,,,,,,,,,,,,,,,,,,,,,,0.114,-37.696,0.083,-17.717,-19.878,-46.294,-12.387,-61.897,21.137,-47.275,13.208,-60.966,40.915,-90.664,0,-109.86,-40.815,-90.564,,,,"",,,,"",,,,"",,,,"",,,,"",,,,"",,,,"",,,,"",,,,5312.725,-0.046,-37.296,,,,,,,,,,,,,,,,,,,,,,,,,,,,,,,,,,,,,,,,,,,,,,,,,,,,"",0,,,,,,,,,,,,,0,"",,,,0,""
243,,12,0,5,4,0,1,2,1,0,0,18,255,255,110,5323.567,"ke ro",R,26,88,140,0.212,0.611,0.182,1.603,-0.083,1.825,-36.623,10.114,54,46,0,0,"",128.87,-200,28.536,0,0,0,"=","=","=","=","","=","=","=","",6,L,"눈꽃",190,90,0.597,,36,W,Y,1,,,,,,,,,,,,,,,,,,,,,,,,,,,,,0,64,,,,,,5328.698,,,,,,,,,5328.574,6,1,276,81,,,,,,,,,,,,,,,,,,,0.064,-37.703,-0.018,-17.634,-19.314,-45.336,-11.845,-59.819,21.35,-46.911,12.582,-61.452,40.915,-90.664,0,-109.85,-40.815,-90.564,,,,"",,,,"",,,,"",,,,"",,,,"",,,,"",,,,"",,,,"",,,,,,,,,,,,,,,,,,,,,,,,,,,,,,,,,,,,,,,,,,,,,,,,,,,,,,,,,,"",0,,,,,,,,,,,,,0,"",5328.698,,,0,""
244,END,12,1,5,4,0,0,0,0,0,0,255,255,255,,5371.627,,,,,,,,,,,,,,,,,,,,,,,,,,,,,,,,,,,,,,,,,,,,,,,,,,,,,,,,,,,,,,,,,,,,,,,,,,,,,,,,,,,,,,,,,,,,,,,,,,,,,,,,,,,,,,,,,,,,,,,,,,,,,,,,,,,,,,,,,,,,,,,,,,,,,,,,,,,,,,,,,,,,,,,,,,,,,,,,,,,,,,,,,,,,,,,,,,,,,,,,,,,,,,,,,,,,,,,,,,,,,,,,,,,,,,,,,,,,,,,"{""schemaVersion"":16,""gameTimeZeroUtc"":""2026-08-22T08:35:04.763Z"",""exportedAtUtc"":""2026-08-22T10:04:36.390Z"",""teamNameA"":""Red"",""teamNameB"":""Blue""}"
