id,type,inn,half,scoreA,scoreB,ball,strk,out,b1,b2,b3,b1Idx,b2Idx,b3Idx,pCnt,pSec,pName,pHand,pType,pPow,spdK,zoneX,zoneY,startX,startY,targetX,targetY,zDist,pitchAngle,pOver,pSide,pUnder,call,sH,sV,gyro,plx,plz,bIdx,bPos,bZone,bName,bHCm,batLen,batCen,batType,bFps,bOS,bVR,bSwing,hSec,rotS,rotL,shS,lgS,prepS,batSpd,ev,ldeg,sdeg,launchPosX,launchPosY,launchPosZ,hPos,buntGrip,handDist,angVeloX,angVeloY,angVeloZ,ltSec,lx,lz,cSec,cPos,cx,cy,cz,1BSafe,tag,cpSec,bTo1Sec,bTo2Sec,bTo3Sec,bToHSec,r1To2Sec,r1To3Sec,r1ToHSec,r2To3Sec,r2ToHSec,r3ToHSec,r1LeaveSec,r2LeaveSec,r3LeaveSec,out1Sec,out1BatterIndex,out1PrevBase,out1Code,out1Ass,out2Sec,out2BatterIndex,out2PrevBase,out2Code,out2Ass,out3Sec,out3BatterIndex,out3PrevBase,out3Code,out3Ass,ball1Sec,ball1Pos,ball2Sec,ball2Pos,ball3Sec,ball3Pos,ballHSec,ballHPos,PitchPPosX,PitchPPosZ,PitchCPosX,PitchCPosZ,Pitch1BPosX,Pitch1BPosZ,Pitch2BPosX,Pitch2BPosZ,Pitch3BPosX,Pitch3BPosZ,PitchSSPosX,PitchSSPosZ,PitchLFPosX,PitchLFPosZ,PitchCFPosX,PitchCFPosZ,PitchRFPosX,PitchRFPosZ,PPosX,PPosY,PThrSpd,CName,CPosX,CPosY,CThrSpd,1BName,1BPosX,1BPosY,1BThrSpd,2BName,2BPosX,2BPosY,2BThrSpd,3BName,3BPosX,3BPosY,3BThrSpd,SSName,SSPosX,SSPosY,SSThrSpd,LFName,LFPosX,LFPosY,LFThrSpd,CFName,CFPosX,CFPosY,CFThrSpd,RFName,RFPosX,RFPosY,RFThrSpd,PGetSec,PGetX,PGetZ,CGetSec,CGetX,CGetZ,1BGetSec,1BGetX,1BGetZ,2BGetSec,2BGetX,2BGetZ,3BGetSec,3BGetX,3BGetZ,SSGetSec,SSGetX,SSGetZ,LFGetSec,LFGetX,LFGetZ,CFGetSec,CFGetX,CFGetZ,RFGetSec,RFGetX,RFGetZ,PThrSec,PThrX,PThrZ,CThrSec,CThrX,CThrZ,1BThrSec,1BThrX,1BThrZ,2BThrSec,2BThrX,2BThrZ,3BThrSec,3BThrX,3BThrZ,SSThrSec,SSThrX,SSThrZ,LFThrSec,LFThrX,LFThrZ,CFThrSec,CFThrX,CFThrZ,RFThrSec,RFThrX,RFThrZ,errPosDelta,result,balk,cPlr,sb2Sec,sb3Sec,sbhSec,ass,remarks
1,,1,1,0,0,0,0,0,0,0,0,255,255,255,0,227.912,"CAT tourniquet",L,26,93,140,0.547,-0.782,-0.341,1.904,0.289,0.944,-36.743,9.994,37,63,0,2,-28.75,-200,-9.284,0,0,0,5,R,"CoalCat",169.5,83,0.397,0,83,W,Y,1,229.135,167,66,59,60,35,137,85,28.431,24.094,0.093,0.704,-20.751,-0.78,0,0.464,483.825,128.785,-165.601,234.342,-32.406,-88.126,234.25,8,-31.331,2.134,-86.017,0,0,,,,,,,,,,,,,,,234.508,0,,456,0,,,,,,,,,,,,,,,,,,,-0.16,-37.786,0.009,-17.59,-21.076,-45.118,-15.221,-63.503,19.181,-47.477,13.922,-63.026,40.9,-90.65,0,-109.84,-40.8,-90.55,-0.746,-37.37,,"Pring__",0.016,-17.603,,"coder_",-21.032,-45.145,,"うよすま",-15.228,-63.262,,"Fresh825",19.173,-47.463,,"kneesohime",13.773,-63.134,62,"AI",40.904,-90.654,,"AI",0,-109.844,,"AI",-40.804,-90.554,,240.974,0.724,-38.873,,,,,,,,,,,,,238.471,0.554,-58.525,,,,,,,,,,,,,,,,,,,,,,,,,239.724,1.75,-55.352,,,,,,,,,,"",1,0,"AI",,,,40,""
2,,1,1,0,0,0,0,1,0,0,0,255,255,255,1,259.82,"CAT tourniquet",L,26,86,139,-3.076,0.716,-0.578,2.036,-1.202,1.862,-36.743,37.055,89,11,0,1,-98.709,-177.109,7.187,0,0,1,2,R,"Yaksok~",183,80,0.328,,80,W,Y,0,,,,,,,,,,,,,,,,,,,,,,,,,,,,0,0,,,,,,,,,,,,,,,,,,,,,,,,,,,,,,,,,,,,,,-0.058,-38.027,-0.144,-17.487,-22.426,-47.211,-15.038,-63.377,18.332,-46.392,11.809,-64.165,40.9,-90.65,0,-109.84,-40.8,-90.55,,,,"",,,,"",,,,"",,,,"",,,,"",,,,"",,,,"",,,,"",,,,263.084,-0.173,-36.922,,,,,,,,,,,,,,,,,,,,,,,,,,,,,,,,,,,,,,,,,,,,,,,,,,,,"",0,0,"",,,,0,""
3,,1,1,0,0,1,0,1,0,0,0,255,255,255,2,275.104,"CAT tourniquet",L,35,102,140,-1.523,-1.71,-0.501,1.833,-0.456,0.758,-36.743,21.47,41,59,0,1,-139.093,200,-19.071,0,0,1,2,R,"Yaksok~",183,80,0.328,,80,W,Y,0,,,,,,,,,,,,,,,,,,,,,,,,,,,,0,0,,,,,,,,,,,,,,,,,,,,,,,,,,,,,,,,,,,,,,-0.154,-37.887,-0.086,-17.5,-22.923,-47.271,-15.49,-63.427,18.329,-46.519,11.667,-64.217,40.9,-90.65,0,-109.84,-40.8,-90.55,,,,"",,,,"",,,,"",,,,"",,,,"",,,,"",,,,"",,,,"",,,,278.538,-0.324,-36.97,,,,,,,,,,,,,,,,,,,,,,,,,,,,,,,,,,,,,,,,,,,,,,,,,,,,"",0,0,"",,,,0,""
4,,1,1,0,0,2,0,1,0,0,0,255,255,255,3,289.104,"CAT tourniquet",L,26,82,133,-2.578,1.162,-0.608,2.135,-1.035,2.099,-36.743,41.477,89,11,0,1,-46.997,-200,-2.66,0,0,1,2,R,"Yaksok~",183,80,0.328,,80,W,Y,0,,,,,,,,,,,,,,,,,,,,,,,,,,,,0,0,,,,,,,,,,,,,,,,,,,,,,,,,,,,,,,,,,,,,,-0.116,-38.093,0.002,-17.492,-23.111,-46.957,-15.822,-63.51,18.334,-46.518,11.462,-64.334,40.9,-90.65,0,-109.84,-40.8,-90.55,,,,"",,,,"",,,,"",,,,"",,,,"",,,,"",,,,"",,,,"",,,,292.766,-0.416,-36.897,,,,,,,,,,,,,,,,,,,,,,,,,,,,,,,,,,,,,,,,,,,,,,,,,,,,"",0,0,"",,,,0,""
5,,1,1,0,0,3,0,1,0,0,0,255,255,255,4,303.541,"CAT tourniquet",L,26,89,140,-1.222,0.096,-0.491,2.052,-0.41,1.493,-36.743,26.555,91,9,0,0,-77.11,-167.546,-4.103,0,0,1,2,R,"Yaksok~",183,80,0.328,,80,W,Y,0,,,,,,,,,,,,,,,,,,,,,,,,,,,,0,0,,,,,325.565,,,,,,,,,,,,,,,,,,,,,,,,,,,,,,,,,-0.23,-38.157,-0.006,-17.499,-23.072,-46.925,-15.601,-63.372,18.335,-46.548,11.677,-64.396,40.9,-90.65,0,-109.84,-40.8,-90.55,,,,"",,,,"",,,,"",,,,"",,,,"",,,,"",,,,"",,,,"",,,,307.484,-0.432,-36.857,,,,,,,,,,,,,,,,,,,,,,,,,,,,,,,,,,,,,,,,,,,,,,,,,,,,"",5,0,"",,,,0,""
6,,1,1,0,0,0,0,1,1,0,0,2,255,255,5,352.107,"CAT tourniquet",L,14,106,126,-28.251,-2.736,-0.248,2.391,0.722,2.679,-36.743,53.914,86,14,0,2,-253.335,400,-43.328,0,0,2,3,L,"눈꽃",174.7,85,0.505,0,74,W,Y,1,353.354,220,80,81,83,37,145,114,-1.868,-2.603,0.251,1.391,-20.285,0.91,0,0.382,-4.526,-376.412,-134.061,353.809,1.256,-37.25,358.334,7,13.758,0.055,-113.21,1,0,,358.674,363.033,,,355.862,361.274,,,,,,,,,,,,,,,,,,,,,,,,,,,,,,,-0.114,-37.681,0.027,-17.484,-20.945,-41.751,-8.411,-59.28,18.331,-46.547,14.312,-63.392,40.937,-90.684,0,-109.88,-40.837,-90.584,-0.649,-37.425,,"Pring__",0.077,-17.823,,"coder_",-19.969,-47.287,,"うよすま",-4.217,-59.497,,"Fresh825",18.294,-46.536,82,"kneesohime",13.942,-62.688,,"AI",40.9,-90.65,,"AI",0,-109.84,,"AI",-40.8,-90.55,,368.993,1.109,-38.939,,,,,,,,,,363.321,19.77,-41.587,,,,,,,,,,,,,,,,,,,,,,,,,367.945,17.846,-41.95,,,,,,,,,,,,,"",2,0,"AI",355.862,361.274,,10,""
7,,1,1,0,0,0,0,1,0,1,1,255,3,2,6,389.256,"CAT tourniquet",L,26,95,140,1.479,-0.744,-0.263,1.883,0.651,0.952,-36.743,7.413,46,54,0,1,1.338,-200,-14.755,0,0,3,4,L,"Kr_Luna",190,99.911,0.499,,72,W,Y,0,,,,,,,,,,,,,,,,,,,,,,,,,,,,0,0,,,,,,,,,,,,,399.085,406.875,,,,,,,,,,,,,,,,,,,,,,,,-0.174,-37.681,-0.01,-17.523,-21.485,-45.173,-4.331,-62.838,18.332,-40.087,14.877,-63.055,40.907,-90.657,0,-109.84,-40.807,-90.557,,,,"",,,,"",,,,"",,,,"",,,,"",,,,"",,,,"",,,,"",,,,393.774,-0.805,-36.987,,,,,,,,,,,,,,,,,,,,,,,,,,,,,,,,,,,,,,,,,,,,,,,,,,,,"",0,0,"",391.617,,,0,""
8,,1,1,0,0,1,0,1,0,1,1,255,3,2,7,407.329,"CAT tourniquet",L,26,88,140,-0.417,0.791,-0.425,2.18,-0.103,1.912,-36.743,28.913,88,12,0,2,-47.133,-200,14.031,0,0,3,4,L,"Kr_Luna",190,99.911,0.499,3,72,W,Y,0,408.231,123,92,111,38,14,137,122,101.709,77.894,-0.034,1.279,-19.69,0.71,0,0.055,389.81,-230.972,393.32,,,,,,,,,0,0,,,,,,,,,,,,,424.086,422.875,,,,,,,,,,,,,,,,,,,,,,,,-0.222,-37.754,-0.009,-17.517,-18.289,-42.874,-2.418,-61.314,18.347,-39.976,14.751,-63.039,40.922,-90.67,0,-109.86,-40.822,-90.57,-0.459,-37.206,,"Pring__",-0.01,-17.523,,"coder_",-18.229,-42.788,,"うよすま",-2.219,-60.964,,"Fresh825",18.163,-39.842,,"kneesohime",14.803,-63.017,,"AI",40.9,-90.65,,"AI",0,-109.84,,"AI",-40.8,-90.55,,,,,,,,,,,,,,,,,,,,,,,,,,,,,,,,,,,,,,,,,,,,,,,,,,,,,,,,"",3,0,"",410.848,409.996,,0,""
9,,1,1,0,0,1,1,1,0,1,1,255,3,2,8,424.956,"CAT tourniquet",L,26,100,140,-0.743,-0.649,-0.479,1.902,-0.352,1.012,-36.743,12.461,50,50,0,0,31.089,-200,-12.436,0,0,3,4,L,"Kr_Luna",190,99.911,0.499,,72,W,Y,0,,,,,,,,,,,,,,,,,,,,,,,,,,,,0,0,,,,,,,,,,,,,454.293,454.953,,,,,,,,,,,,,,,,,,,,,,,,-0.238,-37.648,-0.004,-17.523,-18.618,-42.615,-1.54,-61.499,18.542,-39.835,15.226,-63.155,40.915,-90.664,0,-109.85,-40.815,-90.564,,,,"",,,,"",,,,"",,,,"",,,,"",,,,"",,,,"",,,,"",,,,,,,,,,,,,,,,,,,,,,,,,,,,,,,,,,,,,,,,,,,,,,,,,,,,,,,,,,"",0,0,"",427.857,427.459,,0,""
10,,1,1,0,0,1,2,1,0,1,1,255,3,2,9,455.754,"CAT tourniquet",L,26,94,140,-0.441,2.599,-0.471,2.375,-0.182,3.051,-36.743,51.202,89,11,0,1,3.115,-200,-13.845,0,0,3,4,L,"Kr_Luna",190,94.432,0.499,,71,W,Y,0,,,,,,,,,,,,,,,,,,,,,,,,,,,,0,0,,,,,,,,,,,,,471.599,472.027,,,,,,,,,,,,,,,,,,,,,,,,-0.16,-37.609,-0.012,-17.533,-19.925,-42.547,-1.81,-61.2,18.525,-40.003,14.901,-62.294,40.929,-90.677,0,-109.87,-40.83,-90.577,,,,"",,,,"",,,,"",,,,"",,,,"",,,,"",,,,"",,,,"",,,,,,,,,,,,,,,,,,,,,,,,,,,,,,,,,,,,,,,,,,,,,,,,,,,,,,,,,,"",0,0,"",458.462,458.078,,0,""
11,,1,1,0,0,2,2,1,0,1,1,255,3,2,10,472.171,"CAT tourniquet",L,14,77,117,-2.144,-0.523,-0.443,2.178,-0.186,1.908,-36.743,24.903,95,5,0,2,-170.793,400,-33.958,0,0,3,4,L,"Kr_Luna",190,94.432,0.499,5,71,W,Y,0,473.087,85,130,149,96,56,131,110,8.623,4.118,-0.142,1.001,-20.751,0.86,0,0.124,-66.707,-259.068,-175.38,475.017,-2.229,-76.8,476.592,7,-0.911,0.06,-97.152,1,0,,479.279,,,,,,,479.749,,480.042,,,,,,,,,,,,,,,,,,,,,480.345,5,,,,,-0.229,-37.699,-0.011,-17.523,-20.035,-42.529,-3.502,-62.37,18.631,-40.184,15.027,-62.335,40.915,-90.664,0,-109.86,-40.815,-90.564,-0.531,-37.271,,"Pring__",-0.017,-17.531,,"coder_",-18.361,-43.188,,"うよすま",-3.386,-62.215,,"Fresh825",18.711,-40.052,,"kneesohime",14.977,-62.203,103,"AI",40.9,-90.65,,"AI",0,-109.84,,"AI",-40.8,-90.55,,481.855,-0.564,-37.621,,,,,,,479.925,-0.309,-59.437,,,,479.88,0.23,-60.963,,,,,,,,,,,,,,,,,,,,,,,,,480.941,-0.355,-55.497,,,,,,,,,,"",2,0,"AI",,479.749,480.042,56,""
12,,1,1,1,0,0,0,1,1,0,1,4,255,3,11,498.685,"CAT tourniquet",L,14,82,120,-2.017,0.189,-0.471,2.22,-0.316,2.041,-36.743,36.213,96,4,0,2,-376.607,328.888,1.928,0,0,4,1,R,"소솨소솨",190,80,0.501,3,71,W,Y,1,499.873,255,116,143,88,61,145,87,-30,49.383,-0.362,1.171,-21.059,1,0,0.601,-136.777,313.631,-69.511,499.934,-2.539,-22.913,501.534,2,-20.939,0.168,-38.49,0,0,,,,,,,,,,,,500.777,,502.401,,,,,,,,,,,,,,,,501.999,2,,,,,,,-0.176,-37.623,0.008,-17.738,-20.198,-41.19,-12.247,-60.507,18.346,-41.372,10.397,-63.412,40.915,-90.664,0,-109.86,-40.815,-90.564,-0.906,-37.472,,"Pring__",-0.02,-17.74,,"coder_",-19.649,-43.343,,"うよすま",-11.603,-60.397,,"Fresh825",17.115,-43.953,,"kneesohime",10.665,-62.802,,"AI",40.9,-90.65,,"AI",0,-109.84,,"AI",-40.8,-90.55,,,,,,,,501.563,-21.03,-39.506,,,,,,,,,,,,,,,,,,,,,,,,,,,,,,,,,,,,,,,,,,,,,,"",3,0,"coder_",,502.332,,4,""
13,,1,1,1,0,0,1,1,1,0,1,4,255,3,12,549.455,"CAT tourniquet",L,32,85,137,-1.273,-0.054,-0.467,2.015,-0.297,1.378,-36.743,17.047,91,9,0,0,-223.039,-200,-85.158,0,0,4,1,R,"소솨소솨",190,80,0.501,,51,W,Y,1,,,,,,,,,,,,,,,,,,,,,,,,,,,,0,0,,,,,,,,,,,,565.583,,,,,,,,,,,,,,,,,,,,,,,,,,-0.295,-37.735,0.017,-17.587,-20.658,-41.491,-13.236,-60.142,18.714,-39.781,6.514,-62.285,40.915,-90.664,0,-109.86,-40.815,-90.564,,,,"",,,,"",,,,"",,,,"",,,,"",,,,"",,,,"",,,,"",,,,,,,,,,,,,,,,,,,,,,,,,,,,,,,,,,,,,,,,,,,,,,,,,,,,,,,,,,"",0,0,"",,551.761,,0,""
14,,1,1,1,0,0,2,1,1,0,1,4,255,3,13,565.879,"CAT tourniquet",L,10,87,128,-2.016,0.696,-0.608,2.278,-0.86,2.458,-36.743,40.916,86,14,0,4,0,400,-11.635,0,0,4,1,R,"소솨소솨",190,80,0.501,,51,W,Y,1,,,,,,,,,,,,,,,,,,,,,,,,,,,,0,0,,,,,,,,,,,,589.583,,566.244,568.654,4,,578,0,,,,,,,,,,,,,,,,,,,-0.231,-37.673,-0.003,-17.643,-20.82,-40.997,-13.337,-61.025,18.341,-39.652,9.877,-60.305,40.907,-90.657,0,-109.85,-40.807,-90.557,,,,"",,,,"",,,,"",,,,"",,,,"",,,,"",,,,"",,,,"",,,,,,,,,,,,,,,,,,,,,,,,,,,,,,,,,,,,,,,,,,,,,,,,,,,,,,,,,,"",0,0,"",,568.221,,0,""
15,,1,1,1,0,0,0,2,1,0,1,4,255,3,14,589.897,"CAT tourniquet",L,26,89,140,-2.733,0.374,-0.654,2.108,-1.168,1.68,-36.743,34.28,88,12,0,1,-2.021,-166.648,-12.144,0,0,5,0,R,"인생최패망자",190,80,0.346,,69,W,Y,0,,,,,,,,,,,,,,,,,,,,,,,,,,,,0,0,,,,,,,,,,,,603.658,,605.009,,,,,,,,,,,,,,,,,,,,,,,,-0.307,-37.485,-0.031,-17.666,-21.117,-41.334,-14.384,-62.478,18.499,-39.345,9.078,-61.803,40.915,-90.664,0,-109.85,-40.815,-90.564,,,,"",,,,"",,,,"",,,,"",,,,"",,,,"",,,,"",,,,"",,,,,,,,,,,,,,,,,,,,,,,,,,,,,,,,,,,,,,,,,,,,,,,,,,,,,,,,,,"",0,0,"",,592.219,,0,""
16,,1,1,1,0,1,0,2,1,0,1,4,255,3,15,605.184,"CAT tourniquet",L,26,94,140,1.907,1.834,-0.297,2.33,0.894,2.566,-36.743,35.358,95,5,0,1,-38.98,-200,-21.335,0,0,5,0,R,"인생최패망자",190,80,0.346,,69,W,Y,0,,,,,,,,,,,,,,,,,,,,,,,,,,,,0,0,,,,,,,,,,,,,,616.595,,,,,,,,,,,,,,,,,,,,,,,,-0.188,-37.686,-0.008,-17.576,-20.666,-40.738,-14.461,-62.428,18.508,-39.329,9.221,-61.899,40.907,-90.657,0,-109.85,-40.807,-90.557,,,,"",,,,"",,,,"",,,,"",,,,"",,,,"",,,,"",,,,"",,,,,,,,,,,,,,,,,,,,,,,,,,,,,,,,,,,,,,,,,,,,,,,,,,,,,,,,,,"",0,0,"",,607.489,,0,""
17,,1,1,1,0,2,0,2,1,0,1,4,255,3,16,618.264,"CAT tourniquet",L,14,69,109,-1.55,-0.233,-0.387,2.167,0.073,1.872,-36.743,28.488,87,13,0,4,-386.885,312.348,-5.476,0,0,5,0,R,"인생최패망자",190,80,0.346,,69,W,Y,1,,,,,,,,,,,,,,,,,,,,,,,,,,,,0,0,,,,,,,,,,,,618.463,,630.728,,,,,,,,,,,,,,,,,,,,,,,,-0.115,-37.551,0.043,-17.572,-21.107,-41.555,-14.308,-62.627,18.731,-39.638,9.108,-61.851,40.907,-90.657,0,-109.85,-40.807,-90.557,,,,"",,,,"",,,,"",,,,"",,,,"",,,,"",,,,"",,,,"",,,,,,,,,,,,,,,,,,,,,,,,,,,,,,,,,,,,,,,,,,,,,,,,,,,,,,,,,,"",0,0,"",,620.831,,0,""
18,,1,1,1,0,2,1,2,1,0,1,4,255,3,17,632.621,"CAT tourniquet",L,26,100,140,1.739,-0.808,-0.375,1.93,0.129,1.103,-36.743,18.354,83,17,0,2,198.666,-200,-8.589,0,0,5,0,R,"인생최패망자",190,80,0.346,0,69,W,Y,1,633.707,224,148,95,118,45,145,95,12.898,12.924,0.169,0.825,-20.37,-0.82,0,0.322,273.261,206.508,-17.048,636.692,-15.926,-81.812,640.342,8,-25.619,0.056,-109.797,1,0,,639.466,643.895,,,638.54,644.107,,,,638.417,,,,,,,,,,,,,,,,,,,,,,,,,,,-0.066,-37.568,-0.011,-17.584,-21.416,-41.303,-14.26,-62.519,18.796,-39.674,9.406,-61.723,40.907,-90.657,0,-109.85,-40.807,-90.557,-0.798,-37.43,,"Pring__",0.016,-17.601,,"coder_",-20.858,-45.426,,"うよすま",-14.299,-62.452,,"Fresh825",17.242,-42.955,,"kneesohime",9.213,-61.795,,"AI",40.907,-90.657,,"AI",0,-109.85,,"AI",-40.807,-90.557,,645.607,-0.529,-37.976,,,,,,,,,,,,,,,,,,,,,,,,,,,,,,,,,,,,,,,,,,,,,,,,,,,,"",2,0,"AI",638.54,644.107,638.417,8,""
19,,1,1,2,0,0,0,2,0,1,1,255,0,255,18,684.418,"CAT tourniquet",L,28,78,128,-2.23,1.032,-0.603,2.215,-0.932,2.073,-36.743,39.421,90,10,0,1,-13.525,-71.305,-3.296,0,0,0,5,R,"CoalCat",169.5,83,0.397,,68,W,Y,0,,,,,,,,,,,,,,,,,,,,,,,,,,,,0,0,,,,,,,,,,,,,692.081,,,,,,,,,,,,,,,,,,,,,,,,,-0.24,-37.701,0.016,-17.549,-20.22,-43.833,-13.776,-62.48,18.312,-39.207,12.642,-63.304,40.952,-90.698,0,-109.89,-40.852,-90.598,,,,"",,,,"",,,,"",,,,"",,,,"",,,,"",,,,"",,,,"",,,,688.176,-0.82,-37.554,,,,,,,,,,,,,,,,,,,,,,,,,,,,,,,,,,,,,,,,,,,,,,,,,,,,"",0,0,"",687.813,687.012,,0,""
20,,1,1,2,0,1,0,2,0,1,1,255,0,255,19,695.773,"CAT tourniquet",L,13,93,126,4.666,-2.764,-0.19,1.882,1.802,0.212,-36.743,17.472,49,51,0,3,304.081,396.907,-84.91,0.868,-20.984,0,5,R,"CoalCat",169.5,83,0.397,,68,W,Y,0,,,,,,,,,,,,,,,,,,,,,,,,,,,,0,0,,,,,,,,,,,,,709.652,,,,,,,,,,,,,,,,,,,,,,,,,-0.318,-37.559,0.009,-17.543,-20.688,-43.963,-14.403,-60.968,18.304,-41.735,11.75,-62.601,40.908,-90.657,0,-109.85,-40.808,-90.557,,,,"",,,,"",,,,"",,,,"",,,,"",,,,"",,,,"",,,,"",,,,708.826,-0.433,-38.184,,,,,,,,,,,,,,,,,,,,,,,,,,,,,,,,,,,,,,,,,,,,,,,,,,,,"",6,0,"",710.365,699.712,,0,""
21,,1,1,2,0,3,0,2,0,1,1,255,0,4,20,719.426,"CAT tourniquet",L,26,85,138,-0.023,-0.419,-0.392,1.969,0.05,1.18,-36.743,16.124,77,23,0,2,-104.238,-200,-48.139,0,0,0,5,R,"CoalCat",169.5,83,0.397,3,68,W,Y,1,720.432,243,160,78,61,34,145,45,102.534,-75.836,-0.099,0.873,-20.87,0,0,0.498,417.486,353.336,-46.151,724.292,-24.353,-12.158,,,,,,0,0,,,,,,,,,,,,,736.37,736.884,,,,,,,,,,,,,,,,,,,,,,,,-0.249,-37.679,-0.029,-17.732,-20.705,-43.344,-12.992,-61.734,18.673,-40.813,8.771,-64.185,40.93,-90.677,0,-109.87,-40.83,-90.577,-0.775,-37.324,,"Pring__",-0.006,-17.757,,"coder_",-20.492,-44.199,,"うよすま",-13.315,-61.064,,"Fresh825",16.381,-45.266,,"kneesohime",7.205,-63.757,,"AI",40.9,-90.65,,"AI",0,-109.84,,"AI",-40.8,-90.55,,,,,,,,,,,,,,,,,,,,,,,,,,,,,,,,,,,,,,,,,,,,,,,,,,,,,,,,"",3,0,"",725.46,724.641,,0,""
22,,1,1,2,0,3,1,2,0,1,1,255,0,4,21,737.636,"CAT tourniquet",L,26,108,140,2.605,1.098,-0.141,2.194,1.22,1.993,-36.743,28.114,90,10,0,2,-59.51,-200,-24.932,0,0,0,5,R,"CoalCat",169.5,83,0.397,3,68,W,Y,1,738.933,184,49,99,69,51,145,80,20.924,-43.943,0.47,1.269,-20.755,-1,0,0.411,220.062,-515.319,10.54,741.834,39.269,-54.722,746.342,6,55.747,0.059,-66.776,0,0,,,,,,,,,,,,,748.733,,,,,,,,,,,,,,,,,,,,,,,,,-0.141,-37.693,-0.028,-17.736,-21.06,-44.706,-13.969,-61.586,18.537,-40.813,13.2,-64.991,40.915,-90.664,0,-109.85,-40.815,-90.564,-0.492,-37.366,,"Pring__",0.001,-17.701,,"coder_",-20.884,-44.722,,"うよすま",-13.967,-61.548,,"Fresh825",16.59,-45.01,,"kneesohime",11.531,-63.909,,"AI",40.9,-90.65,,"AI",0,-109.84,,"AI",-40.8,-90.55,,,,,,,,,,,,,,,,,,,,,,,,,,,,,,,,,,,,,,,,,,,,,,,,,,,,,,,,"",3,0,"AI",747.072,744.019,,0,""
23,,1,1,2,0,3,2,2,0,1,1,255,0,4,22,758.063,"CAT tourniquet",L,26,86,140,0.499,1.887,-0.338,2.223,0.408,2.445,-36.743,30.275,89,11,0,2,-130.316,-193.667,-1.08,0,0,0,5,R,"CoalCat",169.5,83,0.397,3,68,W,Y,1,759.26,206,75,106,98,58,145,80,54.221,-43.209,0.082,1.518,-20.959,-0.97,0,0.389,30.108,-455.446,-317.101,763.925,42.774,-55.712,769.917,6,49.732,0.057,-60.878,0,0,,,,,,,,,763.037,,,,780.814,758.211,,,,,,,,,,,,,,,,,,,,,,,,-0.174,-37.695,-0.023,-17.674,-22.613,-45.343,-13.562,-61.571,18.57,-40.43,12.776,-63.646,40.908,-90.657,0,-109.85,-40.815,-90.564,-0.599,-37.473,,"Pring__",0.068,-17.692,,"coder_",-22.125,-45.023,,"うよすま",-13.467,-61.063,,"Fresh825",16.226,-44.74,,"kneesohime",12.782,-63.544,,"AI",40.9,-90.65,,"AI",0,-109.84,,"AI",-40.8,-90.55,,,,,,,,,,,,,,,,,,,,,,,,,,,,,,,,,,,,,,,,,,,,,,,,,,,,,,,,"",3,0,"AI",770.988,763.037,,0,""
24,,1,1,2,0,3,2,2,0,1,1,255,0,4,23,793.438,"CAT tourniquet",L,28,88,140,-2.645,0.342,-0.62,2.105,-1.009,1.671,-36.743,37.799,83,17,0,1,-90.58,-98.698,-1.454,0,0,0,5,R,"CoalCat",169.5,83,0.397,,68,W,Y,0,,,,,,,,,,,,,,,,,,,,,,,,,,,,0,0,,,,,,,,,,,,,858.741,805.954,,,,,,,,,,,,,,,,,,,,,,,,-0.153,-37.64,-0.016,-17.685,-21.381,-44.474,-14.192,-62.534,19.08,-40.524,13.256,-63.488,40.93,-90.677,0,-109.87,-40.83,-90.577,,,,"",,,,"",,,,"",,,,"",,,,"",,,,"",,,,"",,,,"",,,,,,,,,,,,,,,,,,,,,,,,,,,,,,,,,,,,,,,,,,,,,,,,,,,,,,,,,,"",5,0,"",801.654,799.94,,0,""
25,,1,1,2,0,0,0,2,1,1,1,5,0,4,24,869.963,"HANA_ARASHI",R,10,81,122,1.065,2.206,0.452,2.543,0.457,3.386,-36.685,69.46,71,29,0,1,-3.795,400,-8.106,0,0,1,2,R,"Yaksok~",183,80,0.328,,61,W,Y,0,,,,,,,,,,,,,,,,,,,,,,,,,,,,0,0,,,,,,,,,,,,870.605,870.437,,,,,,,,,,,,,,,,,,,,,,,,,0.082,-37.765,0.016,-17.531,-20.978,-41.6,-13.341,-61.131,19.846,-41.032,12.8,-62.992,40.988,-90.732,0,-109.94,-40.889,-90.632,,,,"",,,,"",,,,"",,,,"",,,,"",,,,"",,,,"",,,,"",,,,,,,,,,,,,,,,,,,,,,,,,,,,,,,,,,,,,,,,,,,,,,,,,,,,,,,,,,"",0,0,"",872.34,872.6,,0,""
26,,1,1,2,0,1,0,2,1,1,1,5,0,4,25,884.165,"HANA_ARASHI",R,10,60,106,0.634,1.445,0.433,2.411,0.263,3.047,-36.685,77.091,88,12,0,2,0,400,-17.364,0,0,1,2,R,"Yaksok~",183,80,0.328,3,61,W,Y,1,885.21,200,133,149,95,60,145,95,3.965,-35.487,0.111,1.656,-20.921,1,0,0.102,-131.92,89.215,-44.132,886.242,16.751,-44.603,886.351,4,14.354,0.715,-41.154,0,0,,,,,,,,,,,,884.862,884.283,,886.491,1,,453,0,,,,,,,,,,,,,,,,,,,0.06,-37.813,-0.028,-17.544,-21.345,-41.855,-13.788,-61.698,19.587,-40.85,12.126,-61.845,40.915,-90.664,0,-109.85,-40.815,-90.564,0.314,-37.014,,"Pring__",-0.034,-17.544,,"coder_",-20.82,-44.5,,"うよすま",-13.871,-61.413,,"Fresh825",17.081,-43.889,,"kneesohime",11.967,-61.821,,"AI",40.9,-90.65,,"AI",0,-109.84,,"AI",-40.8,-90.55,,,,,,,,,,,,,,886.503,14.689,-41.559,,,,,,,,,,,,,,,,,,,,,,,,,,,,,,,,,,,,,,,,"",1,0,"Fresh825",,,,2,""
27,SIDE,1,1,2,0,0,0,2,1,1,1,5,0,4,,887.926,,,,,,,,,,,,,,,,,,,,,,,2,,,,,,,,,,,,,,,,,,,,,,,,,,,,,,,,,,,,,,,0,0,,,,,,,,,,,,,,,,,,,,,,,,,,,,,,,,,,,,,,,,,,,,,,,,,,,,,,,,,,,,,,,,,,,,,,,,,,,,,,,,,,,,,,,,,,,,,,,,,,,,,,,,,,,,,,,,,,,,,,,,,,,,,,,,,,,,,,,,,,,,,,,,,"",0,1,"",,,,0,""
28,,1,0,2,0,0,0,0,0,0,0,255,255,255,0,1014.664,"인생최패망자",R,32,82,133,6.91,-2.2,0.91,1.069,2.709,0.296,-36.742,92.552,13,19,68,3,211.888,-3.627,-18.636,1.461,-20.902,0,5,R,"kneesohime",190,85,0.497,,73,W,Y,0,,,,,,,,,,,,,,,,,,,,,,,,,,,,0,0,,,,,,,,,,,,,,,,,,,,,,,,,,,,,,,,,,,,,,0.267,-37.388,0.01,-17.063,-20.09,-50.814,-12.698,-64.759,18.794,-46.176,11.2,-63.883,40.922,-90.67,0,-109.86,-40.822,-90.571,,,,"",,,,"",,,,"",,,,"",,,,"",,,,"",,,,"",,,,"",,,,,,,,,,,,,,,,,,,,,,,,,,,,,,,,,,,,,,,,,,,,,,,,,,,,,,,,,,"",6,0,"",,,,0,""
29,,1,0,2,0,2,0,0,0,0,0,255,255,255,1,1034.83,"인생최패망자",R,32,93,140,-3.13,-0.378,0.528,1.168,-1.728,1.388,-36.742,40.139,4,21,75,1,250,-0.767,8.455,0,0,0,5,R,"kneesohime",190,85,0.497,,73,W,Y,0,,,,,,,,,,,,,,,,,,,,,,,,,,,,0,0,,,,,,,,,,,,,,,,,,,,,,,,,,,,,,,,,,,,,,0.163,-37.3,-0.042,-17.108,-20.151,-50.854,-12.19,-65.008,18.75,-46.219,10.717,-63.168,40.915,-90.664,0,-109.86,-40.815,-90.564,,,,"",,,,"",,,,"",,,,"",,,,"",,,,"",,,,"",,,,"",,,,,,,,,,,,,,,,,,,,,,,,,,,,,,,,,,,,,,,,,,,,,,,,,,,,,,,,,,"",0,0,"",,,,0,""
30,,1,0,2,0,3,0,0,0,0,0,255,255,255,2,1049.414,"인생최패망자",R,32,84,136,0.71,0.056,0.784,1.256,-0.073,1.673,-36.742,46.968,3,50,46,2,250,13.717,11.893,0,0,0,5,R,"kneesohime",190,85,0.497,3,73,W,Y,1,1050.468,255,88,122,79,40,145,120,-12.814,36.468,0.057,1.004,-19.891,0.16,0,0.16,335.269,310.905,-116.794,1050.442,-2.912,-23.885,1055.342,8,-58.927,0.057,-96.683,1,0,,1056.356,,,,,,,,,,,,,,,,,,,,,,,,,,,,,,,,,,,,0.329,-37.551,-0.03,-17.138,-20.153,-50.854,-12.168,-65.077,19.07,-47.908,10.813,-63.236,40.915,-90.664,0,-109.85,-40.815,-90.564,0.294,-36.965,,"소솨소솨",-0.122,-17.135,,"Yaksok~",-20.163,-50.857,,"눈꽃",-12.172,-65.067,,"Kr_Luna",19.049,-47.859,,"CoalCat",10.807,-63.071,62,"AI",40.9,-90.65,,"AI",0,-109.84,,"AI",-40.8,-90.55,,1064.066,-1.888,-39.543,,,,,,,,,,,,,1060.297,-0.477,-59.556,,,,,,,,,,,,,,,,,,,,,,,,,1062.613,-0.928,-58.173,,,,,,,,,,"",2,0,"AI",,,,33,""
31,,1,0,2,0,0,0,0,1,0,0,15,255,255,3,1079.101,"인생최패망자",R,32,90,140,1.128,-0.678,0.946,1.101,0.214,1.17,-36.742,72.382,7,24,69,0,205.166,-36.782,-3.654,0,0,1,1,L,"Pring__",190,92.911,0.481,,62,W,Y,0,,,,,,,,,,,,,,,,,,,,,,,,,,,,0,0,,,,,,,,,,,,1079.947,,,,,,,,,,,,,,,,,,,,,,,,,,0.292,-37.07,-0.027,-17.162,-18.881,-43.717,-13.045,-65.014,19.366,-44.577,13.167,-61.869,40.922,-90.671,0,-109.86,-42.966,-93.454,,,,"",,,,"",,,,"",,,,"",,,,"",,,,"",,,,"",,,,"",,,,1083.123,-0.479,-37.292,,,,,,,,,,,,,,,,,,,,,,,,,,,,,,,,,,,,,,,,,,,,,,,,,,,,"",0,0,"",,,,0,""
32,,1,0,2,0,0,1,0,1,0,0,15,255,255,4,1092.924,"인생최패망자",R,3,81,106,-1.485,-0.553,0.989,1.12,0.277,1.373,-36.742,80.039,10,47,43,2,-479.119,52.848,-3.708,0,0,1,1,L,"Pring__",190,92.911,0.481,0,62,W,Y,1,1094.022,255,140,103,98,89,145,92,22.458,18.509,-0.355,1.138,-20.909,-1,0,0.605,422.436,168.881,-166.07,1098.734,-28.52,-96.705,1098.859,8,-27.277,2.278,-93.665,0,0,,,,,,,,,,,,1093.471,,,1098.965,1,,457,0,,,,,,,,,,,,,,,,,,,0.267,-37.774,-0.011,-17.168,-17.618,-46.015,-9.184,-62.749,19.335,-45.225,13.163,-61.893,40.915,-90.664,0,-109.85,-36.529,-90.248,0.312,-36.891,,"소솨소솨",-0.016,-17.164,,"Yaksok~",-17.414,-46.404,,"눈꽃",-9.092,-62.748,,"Kr_Luna",19.583,-45.191,,"CoalCat",13.178,-61.759,,"AI",40.9,-90.65,,"AI",0,-109.84,,"SUGUN",-35.387,-88.851,63,1106.103,-1.264,-41.544,,,,,,,,,,,,,,,,,,,,,,1098.973,-27.567,-94.209,,,,,,,,,,,,,,,,,,,,,,,,,1102.449,-22.588,-79.495,"",1,0,"SUGUN",,,,96,""
33,,1,0,2,0,0,0,1,1,0,0,15,255,255,5,1121.909,"인생최패망자",R,32,89,140,0.306,0.529,0.859,1.33,-0.191,1.915,-36.742,58.256,4,96,0,0,214.338,-48.679,4.833,0,0,2,8,L,"CAT tourniquet",190,85,0.451,,66,W,Y,0,,,,,,,,,,,,,,,,,,,,,,,,,,,,0,0,,,,,,,,,,,,1122.274,,,,,,,,,,,,,,,,,,,,,,,,,,0.216,-37.275,-0.023,-17.194,-19.14,-43.021,-11.931,-63.812,18.048,-44.863,14.323,-61.482,40.922,-90.671,0,-109.86,-43.178,-89.629,,,,"",,,,"",,,,"",,,,"",,,,"",,,,"",,,,"",,,,"",,,,1126.425,-0.281,-37.07,,,,,,,,,,,,,,,,,,,,,,,,,,,,,,,,,,,,,,,,,,,,,,,,,,,,"",0,0,"",,,,0,""
34,,1,0,2,0,0,1,1,1,0,0,15,255,255,6,1135.338,"인생최패망자",R,0,87,140,-1.196,0.413,0.783,1.321,-0.545,1.884,-36.742,53.054,4,96,0,0,0,0,0,0,0,2,8,L,"CAT tourniquet",190,85,0.451,,66,W,Y,1,,,,,,,,,,,,,,,,,,,,,,,,,,,,0,0,,,,,,,,,,,,1135.865,,,,,,,,,,,,,,,,,,,,,,,,,,0.178,-37.15,-0.023,-17.165,-19.123,-43.041,-11.719,-62.653,18.121,-44.838,14.351,-61.505,40.907,-90.657,0,-109.85,-43.145,-89.595,,,,"",,,,"",,,,"",,,,"",,,,"",,,,"",,,,"",,,,"",,,,1140.578,-0.291,-36.917,,,,,,,,,,,,,,,,,,,,,,,,,,,,,,,,,,,,,,,,,,,,,,,,,,,,"",0,0,"",,,,0,""
35,,1,0,2,0,0,2,1,1,0,0,15,255,255,7,1148.669,"인생최패망자",R,13,84,108,-1.334,-0.842,0.943,1.195,0.134,1.534,-36.742,71.174,6,94,0,0,-383.336,312.348,6.035,0,0,2,8,L,"CAT tourniquet",190,85,0.451,,66,W,Y,0,,,,,,,,,,,,,,,,,,,,,,,,,,,,0,0,,,,,,,,,,,,1149.174,,,1151.411,2,,578,0,,,,,,,,,,,,,,,,,,,0.255,-37.261,-0.108,-17.18,-19.541,-42.28,-12.229,-61.97,18.1,-44.868,14.36,-61.507,40.907,-90.657,0,-109.85,-43.371,-89.594,,,,"",,,,"",,,,"",,,,"",,,,"",,,,"",,,,"",,,,"",,,,1157.207,-0.198,-37.032,,,,,,,,,,,,,,,,,,,,,,,,,,,,,,,,,,,,,,,,,,,,,,,,,,,,"",0,0,"",,,,0,""
36,,1,0,2,0,0,0,2,1,0,0,15,255,255,8,1168.292,"인생최패망자",R,32,84,137,-0.029,-0.895,0.744,1.072,-0.26,1.06,-36.742,72.477,7,24,69,0,180.001,-19.815,3.074,0,0,3,2,R,"coder_",184.8,80,0.302,,65,W,Y,0,,,,,,,,,,,,,,,,,,,,,,,,,,,,0,0,,,,,,,,,,,,,,,,,,,,,,,,,,,,,,1172.381,2,,,,,,,0.148,-37.389,-0.019,-17.137,-19.022,-48.671,-11.689,-64.73,18.702,-46.86,10.575,-64.92,40.914,-90.663,0,-109.85,-42.528,-90.977,,,,"",,,,"",,,,"",,,,"",,,,"",,,,"",,,,"",,,,"",,,,1173.66,-0.049,-38.252,,,,,,,,,,,,,,,,,,,,,,,,,,,,,,,,,,,,,,,,,,,,,,,,,,,,"",0,0,"",,,,0,""
37,,1,0,2,0,0,1,2,1,0,0,15,255,255,9,1183.65,"인생최패망자",R,3,88,111,-4.51,-0.572,0.564,1.086,-1.043,1.29,-36.742,59.493,9,27,65,4,-500,0,10.137,0,0,3,2,R,"coder_",184.8,80,0.302,,65,W,Y,1,,,,,,,,,,,,,,,,,,,,,,,,,,,,0,0,,,,,,,,,,,,1183.781,,,,,,,,,,,,,,,,,,,,,,,,,,0.126,-37.502,-0.063,-17.151,-18.96,-48.486,-14.372,-63.482,18.593,-46.899,8.17,-62.817,40.915,-90.664,0,-109.85,-43.109,-89.736,,,,"",,,,"",,,,"",,,,"",,,,"",,,,"",,,,"",,,,"",,,,1188.944,-0.278,-36.977,,,,,,,,,,,,,,,,,,,,,,,,,,,,,,,,,,,,,,,,,,,,,,,,,,,,"",0,0,"",,,,0,""
38,,1,0,2,0,0,2,2,1,0,0,15,255,255,10,1197.434,"인생최패망자",R,32,89,140,0.921,0.833,0.811,1.375,0.053,2.069,-36.742,63.092,8,92,0,2,233.215,-69.034,4.856,0,0,3,2,R,"coder_",184.8,80,0.302,5,48,W,Y,1,1198.455,78,61,120,47,25,122,82,108.928,31.553,0.162,1.283,-20.065,-0.52,0,0.273,173.793,251.203,-498.879,,,,,,,,,0,0,,,,,,,,,,,,1197.81,,,,,,,,,,,,,,,,,,,,,,,,,,0.152,-37.446,-0.069,-17.171,-19.708,-47.959,-15.983,-63.117,18.614,-46.946,8.525,-62.525,40.907,-90.657,0,-109.85,-46.138,-90.379,0.196,-36.824,,"소솨소솨",-0.143,-17.157,,"Yaksok~",-19.386,-48.556,,"눈꽃",-15.31,-63.291,,"Kr_Luna",18.7,-46.733,,"CoalCat",8.835,-62.572,,"AI",40.9,-90.65,,"AI",0,-109.84,,"SUGUN",-46.075,-90.601,,,,,,,,,,,,,,,,,,,,,,,,,,,,,,,,,,,,,,,,,,,,,,,,,,,,,,,,"",3,0,"",,,,0,""
39,,1,0,2,0,0,2,2,1,0,0,15,255,255,11,1212.145,"인생최패망자",R,32,95,140,-0.377,0.668,0.71,1.346,-0.42,1.973,-36.742,44.122,4,96,0,2,168.514,-64.601,6.557,0,0,3,2,R,"coder_",184.8,80,0.302,5,48,W,Y,1,1213.15,29,54,129,44,28,48,50,0,63.389,-0.078,1.227,-20.213,-0.27,0,0.367,22.095,14.213,-56.047,1213.792,-9.098,-24.725,,,,,,0,0,,,,,,,,,,,,1212.387,,,,,,,,,,,,,,,,,,,,,,,,,,0.201,-37.398,-0.053,-17.103,-19.162,-45.598,-15.682,-62.816,19.274,-46.451,8.658,-63.492,40.907,-90.657,0,-109.85,-45.544,-91.742,0.216,-36.797,,"소솨소솨",-0.246,-17.094,,"Yaksok~",-18.61,-48.205,,"눈꽃",-15.365,-62.918,,"Kr_Luna",19.345,-46.362,,"CoalCat",8.952,-63.028,,"AI",40.9,-90.65,,"AI",0,-109.84,,"SUGUN",-49.377,-95.544,,,,,,,,,,,,,,,,,,,,,,,,,,,,,,,,,,,,,,,,,,,,,,,,,,,,,,,,"",3,0,"",,,,0,""
40,,1,0,2,0,0,2,2,1,0,0,15,255,255,12,1228.197,"인생최패망자",R,32,94,140,1.184,1.067,0.845,1.419,0.21,2.215,-36.742,54.545,5,95,0,2,201.635,-64.971,6.185,0,0,3,2,R,"coder_",184.8,80,0.302,5,48,W,Y,1,1229.178,82,61,143,57,29,129,87,98.946,29.22,0.216,1.374,-20.31,-0.51,0,0.382,405.03,319.624,-306.254,1235.384,12.375,-2.804,,,,,,0,1,,,,,1240.533,1252.695,,,,,,1228.279,,,1252.457,0,1,276,33,,,,,,,,,,,,,,,,,,,0.222,-37.602,-0.056,-17.13,-19.296,-47.852,-14.789,-63.265,19.491,-46.31,9.083,-63.471,40.915,-90.664,0,-109.85,-48.95,-95.812,0.439,-36.863,,"소솨소솨",-0.173,-17.085,,"Yaksok~",-18.664,-49.613,,"눈꽃",-13.873,-63.717,,"Kr_Luna",19.096,-47.416,,"CoalCat",9.127,-63.388,,"AI",40.9,-90.65,,"AI",0,-109.84,,"SUGUN",-49.019,-95.817,,,,,,,,,,,,,,,,,,,,,,,,,,,,,,,,,,,,,,,,,,,,,,,,,,,,,,,,"",3,0,"",1252.695,,,0,""
41,SIDE,1,0,2,0,0,2,2,0,0,0,255,255,255,,1254.917,,,,,,,,,,,,,,,,,,,,,,,3,,,,,,,,,,,,,,,,,,,,,,,,,,,,,,,,,,,,,,,0,0,,,,,,,,,,,,,,,,,,,,,,,,,,,,,,,,,,,,,,,,,,,,,,,,,,,,,,,,,,,,,,,,,,,,,,,,,,,,,,,,,,,,,,,,,,,,,,,,,,,,,,,,,,,,,,,,,,,,,,,,,,,,,,,,,,,,,,,,,,,,,,,,,"",0,0,"",,,,0,""
42,,2,1,2,0,0,0,0,0,0,0,255,255,255,26,1308.138,"HANA_ARASHI",R,32,75,126,0.612,0.379,0.775,1.431,-0.118,1.779,-36.685,64.296,8,92,0,0,230.665,-45.261,8.071,0,0,2,3,L,"눈꽃",174.7,85,0.505,,64,W,Y,1,,,,,,,,,,,,,,,,,,,,,,,,,,,,0,0,,,,,,,,,,,,,,,,,,,,,,,,,,,,,,,,,,,,,,0.168,-37.649,-0.027,-17.467,-21.252,-45.463,-13.241,-64.638,22.395,-45.414,11.498,-64.9,40.937,-90.684,0,-109.88,-41.782,-101.915,,,,"",,,,"",,,,"",,,,"",,,,"",,,,"",,,,"",,,,"",,,,,,,,,,,,,,,,,,,,,,,,,,,,,,,,,,,,,,,,,,,,,,,,,,,,,,,,,,"",0,0,"",,,,0,""
43,,2,1,2,0,0,1,0,0,0,0,255,255,255,27,1321.789,"HANA_ARASHI",R,32,90,140,-3.588,1.025,0.43,1.533,-1.72,2.137,-36.685,17.121,0,91,9,3,218.225,-66.116,12.479,0.149,-20.501,2,3,L,"눈꽃",174.7,85,0.505,,64,W,Y,0,,,,,,,,,,,,,,,,,,,,,,,,,,,,0,0,,,,,,,,,,,,,,,,,,,,,,,,,,,,,,,,,,,,1325.136,1,0.197,-37.774,-0.017,-17.448,-21.635,-45.151,-13.72,-64.376,22.315,-45.914,11.704,-65.125,40.907,-90.657,0,-109.85,-38.043,-102.448,,,,"",,,,"",,,,"",,,,"",,,,"",,,,"",,,,"",,,,"",,,,,,,,,,,,,,,,,,,,,,,,,,,,,,,,,,,,,,,,,,,,,,,,,,,,,,,,,,"",6,0,"",,,,0,""
44,,2,1,2,0,2,1,0,0,0,0,255,255,255,28,1351.963,"HANA_ARASHI",R,32,78,128,1.507,0.311,0.857,1.423,0.266,1.749,-36.685,47.877,0,78,22,2,236.983,-37.426,1.033,0,0,2,3,L,"눈꽃",174.7,85,0.505,5,64,W,Y,1,1353.075,180,85,98,61,27,145,129,26.195,-29.916,0.268,1.006,-19.813,0.61,0,0.325,496.83,-21.921,274.38,1358.759,61.842,-125.513,,,,,,0,0,,1358.436,1362.842,1367.812,1372.596,,,,,,,,,,,,,,,,,,,,,,,,,,,,,,,,,0.229,-37.595,-0.051,-17.698,-20.991,-44.827,-13.675,-64.063,22.362,-45.648,10.86,-65.596,40.929,-90.677,0,-109.87,-38.07,-102.415,0.347,-36.862,,"Pring__",-0.047,-17.701,,"coder_",-20.868,-44.859,,"うよすま",-13.548,-63.846,,"Fresh825",22.18,-45.772,,"kneesohime",10.958,-65.371,,"AI",40.9,-90.65,,"AI",0,-109.84,,"CAT tourniquet",-38.065,-102.415,,,,,,,,,,,,,,,,,,,,,,,,,,,,,,,,,,,,,,,,,,,,,,,,,,,,,,,,"",4,0,"",1362.842,1367.812,,0,""
45,,2,1,3,0,0,0,0,0,0,0,255,255,255,29,1390.17,"HANA_ARASHI",R,32,80,131,-3.08,0.956,0.457,1.526,-1.594,2.075,-36.685,22.942,0,75,25,1,158.818,-153.337,15.692,0,0,3,4,L,"Kr_Luna",190,94.432,0.499,,64,W,Y,0,,,,,,,,,,,,,,,,,,,,,,,,,,,,0,0,,,,,,,,,,,,,,,,,,,,,,,,,,,,,,,,,,,,,,0.213,-37.624,-0.039,-17.623,-21.176,-44.731,-11.711,-64.707,19.764,-40.143,15.077,-62.824,40.915,-90.664,0,-109.85,-37.22,-103.995,,,,"",,,,"",,,,"",,,,"",,,,"",,,,"",,,,"",,,,"",,,,,,,,,,,,,,,,,,,,,,,,,,,,,,,,,,,,,,,,,,,,,,,,,,,,,,,,,,"",0,0,"",,,,0,""
46,,2,1,3,0,1,0,0,0,0,0,255,255,255,30,1404.168,"HANA_ARASHI",R,32,84,136,-1.019,0.718,0.64,1.503,-0.742,2.001,-36.685,25.522,0,92,8,2,194.86,-75.915,19.626,0,0,3,4,L,"Kr_Luna",190,94.432,0.499,3,64,W,Y,0,1405.022,181,94,89,60,13,145,125,18.401,-40.056,-0.216,1.267,-19.692,0.72,0,0.104,255.646,-26.113,61.648,1409.184,67.458,-99.856,1410.559,6,62.719,0.062,-96.221,1,0,,1410.809,1415.115,,,,,,,,,,,,,,,,,,,,,,,,,,,,,,,,,,,0.307,-37.29,-0.033,-17.639,-20.781,-44.855,-12.416,-63.971,20.869,-42.793,10.75,-65.235,40.907,-90.657,0,-109.85,-36.54,-103.923,0.307,-36.716,,"Pring__",-0.034,-17.642,,"coder_",-20.784,-44.864,,"うよすま",-12.246,-63.864,64,"Fresh825",21.843,-44.257,,"kneesohime",10.639,-65.237,,"AI",40.9,-90.65,,"AI",0,-109.84,,"CAT tourniquet",-36.537,-103.912,,1420.917,-0.06,-38.235,,,,,,,1415.506,-0.379,-59.034,,,,,,,,,,,,,,,,,,,,,,,,,1419.523,-3.537,-56.77,,,,,,,,,,,,,,,,"",2,0,"AI",1415.115,,,96,""
47,,2,1,3,0,0,0,0,0,1,0,255,4,255,31,1431.666,"HANA_ARASHI",R,13,79,116,-1.912,-0.396,0.768,1.42,-0.149,1.733,-36.685,40.501,0,92,8,2,-404.473,293.942,-1.871,0,0,4,1,R,"소솨소솨",190,80,0.501,5,64,W,Y,1,1432.816,255,65,186,46,72,145,89,-30,47.215,-0.284,0.934,-21.126,1,0,0.688,-22.56,-98.624,574.006,1432.775,-1.375,-22.14,1434.45,2,-19.26,1.169,-38.81,0,0,,,,,,,,,,,,,1450.295,,,,,,,,,,,,,,,,,1434.661,2,,,,,,,0.288,-37.622,-0.028,-17.653,-20.406,-43.148,-13.076,-63.218,21,-44.607,12.057,-61.71,40.908,-90.657,0,-109.85,-39.615,-101.763,-0.051,-36.78,,"Pring__",-0.024,-17.662,,"coder_",-20.694,-44.127,82,"うよすま",-12.578,-62.919,,"Fresh825",20.958,-44.56,,"kneesohime",13.098,-61.373,,"AI",40.9,-90.65,,"AI",0,-109.84,,"CAT tourniquet",-39.348,-101.009,,1437.728,0.33,-34.643,,,,1434.527,-20.014,-39.635,,,,,,,,,,,,,,,,,,,,,,,,,1436.727,-12.966,-39.634,,,,,,,,,,,,,,,,,,,"",3,0,"coder_",1438.956,,,72,""
48,,2,1,3,0,0,1,0,0,1,0,255,4,255,32,1451.323,"HANA_ARASHI",R,32,86,140,-1.417,0.626,0.598,1.509,-0.939,2.02,-36.685,21.017,0,76,24,2,219.78,9.831,15.986,0,0,4,1,R,"소솨소솨",190,80,0.501,5,48,W,Y,1,1452.384,255,207,94,8,19,136,131,33.014,-35.143,-0.361,1.32,-20.217,0.5,0,0.494,406.973,440.729,-11.453,1458.5,59.811,-125.299,,,,,,0,0,,1458.97,1463.584,1468.983,1474.161,,,,1456.958,1462.522,,,,,,,,,,,,,,,,,,,,,,,,,,,,0.314,-37.52,-0.033,-17.643,-22.485,-46.064,-16.051,-63.035,18.948,-44.147,11.059,-62.229,40.9,-90.65,0,-109.84,-37.667,-103.069,0.417,-36.9,,"Pring__",-0.319,-17.754,,"coder_",-22.338,-46.183,,"うよすま",-15.726,-62.975,,"Fresh825",18.755,-43.974,,"kneesohime",11.1,-62.108,,"AI",40.9,-90.65,,"AI",0,-109.84,,"CAT tourniquet",-37.64,-103.072,,,,,,,,,,,,,,,,,,,,,,,,,,,,,,,,,,,,,,,,,,,,,,,,,,,,,,,,"",4,0,"",1463.584,1456.958,1462.522,0,""
49,,2,1,5,0,0,0,0,0,0,0,255,255,255,33,1486.18,"HANA_ARASHI",R,3,81,120,-2.815,0.612,0.703,1.503,-0.451,2.002,-36.685,29.109,0,93,7,4,-475.412,0,10.871,0,0,5,0,R,"인생최패망자",190,80,0.346,,63,W,Y,1,,,,,,,,,,,,,,,,,,,,,,,,,,,,0,0,,,,,,,,,,,,,,,,,,,,,,,,,,,,,,,,,,,,,,0.349,-37.531,0.007,-17.632,-21.749,-45.562,-14.294,-62.667,20.423,-41.086,11.644,-63.786,40.915,-90.664,0,-109.85,-36.531,-102.78,,,,"",,,,"",,,,"",,,,"",,,,"",,,,"",,,,"",,,,"",,,,,,,,,,,,,,,,,,,,,,,,,,,,,,,,,,,,,,,,,,,,,,,,,,,,,,,,,,"",0,0,"",,,,0,""
50,,2,1,5,0,0,1,0,0,0,0,255,255,255,34,1498.701,"HANA_ARASHI",R,32,91,140,-1.316,-0.082,0.603,1.278,-0.916,1.592,-36.685,24.275,0,54,46,2,235.163,20.31,7.238,0,0,5,0,R,"인생최패망자",190,80,0.346,5,63,W,Y,1,1499.768,207,174,165,140,45,145,131,26.962,-8.442,-0.236,0.998,-20.614,0.42,0,0.378,493.184,337.027,56.411,1505.559,8.388,-143.895,,,,,,0,0,,1505.665,1510.191,1515.148,1520.023,,,,,,,,,,,,,,,,,,,,,,,,,,,,,,,,,0.374,-37.494,0.02,-17.615,-21.493,-45.663,-14.761,-62.483,19.16,-46.747,11.651,-64.123,40.907,-90.657,0,-109.85,-36.509,-102.788,0.238,-36.79,,"Pring__",-0.022,-17.653,,"coder_",-21.496,-45.655,,"うよすま",-14.969,-62.185,,"Fresh825",18.778,-46.864,,"kneesohime",11.608,-64.022,,"AI",40.9,-90.65,,"AI",0,-109.84,,"CAT tourniquet",-36.531,-102.798,,,,,,,,,,,,,,,,,,,,,,,,,,,,,,,,,,,,,,,,,,,,,,,,,,,,,,,,"",4,0,"",1510.191,1515.148,,0,""
51,,2,1,6,0,0,0,0,0,0,0,255,255,255,35,1548.288,"HANA_ARASHI",R,10,78,118,-0.766,-0.492,0.357,2.172,-0.188,1.729,-36.685,28.853,86,14,0,2,-105.544,400,19.639,0,0,6,8,R,"SUGUN",179.9,82,0.5,5,63,W,Y,1,1549.829,255,126,116,104,4,145,86,-13.204,-76.636,-0.038,0.84,-20.959,1,0,0.358,-357.998,114.267,-304.893,1549.809,2.947,-21.67,,,,,,0,0,,,,,,,,,,,,,,,,,,,,,,,,,,,,,,,,,,,,,,0.07,-37.511,-0.004,-17.749,-22.002,-46.131,-14.825,-62.768,21.536,-45.925,9.445,-66.26,40.907,-90.657,0,-109.86,-38.869,-102.904,0.05,-37.084,,"Pring__",-0.032,-17.758,,"coder_",-21.499,-45.609,,"うよすま",-14.746,-62.758,,"Fresh825",19.631,-46.932,,"kneesohime",9.429,-66.232,,"AI",40.9,-90.65,,"AI",0,-109.84,,"CAT tourniquet",-38.871,-102.913,,,,,,,,,,,,,,,,,,,,,,,,,,,,,,,,,,,,,,,,,,,,,,,,,,,,,,,,"",3,0,"",,,,0,""
52,,2,1,6,0,0,1,0,0,0,0,255,255,255,36,1566.299,"HANA_ARASHI",R,13,72,100,-2.067,-1.218,0.334,2.145,-0.195,1.414,-36.685,34.197,59,41,0,4,-335.779,337.009,2.58,0,0,6,8,R,"SUGUN",179.9,82,0.5,,63,W,Y,1,,,,,,,,,,,,,,,,,,,,,,,,,,,,0,0,,,,,,,,,,,,,,,,,,,,,,,,,,,,,,,,,,,,,,0.033,-37.726,0.004,-17.747,-21.856,-45.018,-14.874,-62.669,19.671,-46.662,12.89,-63.758,40.907,-90.657,0,-109.85,-37.591,-102.411,,,,"",,,,"",,,,"",,,,"",,,,"",,,,"",,,,"",,,,"",,,,,,,,,,,,,,,,,,,,,,,,,,,,,,,,,,,,,,,,,,,,,,,,,,,,,,,,,,"",0,0,"",,,,0,""
53,,2,1,6,0,0,2,0,0,0,0,255,255,255,37,1580.736,"HANA_ARASHI",R,26,117,140,-2.359,1.223,0.172,2.189,-1.05,2.129,-36.685,21.221,73,27,0,1,11.978,-200,12.403,0,0,6,8,R,"SUGUN",179.9,82,0.5,,63,W,Y,0,,,,,,,,,,,,,,,,,,,,,,,,,,,,0,0,,,,,,,,,,,,,,,,,,,,,,,,,,,,,,,,,,,,,,0.027,-37.462,0.006,-17.724,-22.034,-44.884,-14.867,-62.672,19.672,-46.669,11.501,-64.133,40.907,-90.657,0,-109.85,-37.611,-102.51,,,,"",,,,"",,,,"",,,,"",,,,"",,,,"",,,,"",,,,"",,,,,,,,,,,,,,,,,,,,,,,,,,,,,,,,,,,,,,,,,,,,,,,,,,,,,,,,,,"",0,0,"",,,,0,""
54,,2,1,6,0,1,2,0,0,0,0,255,255,255,38,1593.991,"HANA_ARASHI",R,26,96,140,1.016,1.727,0.488,2.473,0.424,2.418,-36.685,55.166,72,28,0,2,2.735,-200,4.469,0,0,6,8,R,"SUGUN",179.9,82,0.5,5,63,W,Y,1,1595.023,89,24,83,2,0,98,70,-30,78.966,0.168,1.474,-19.352,0.95,0,0.213,11.644,8.233,-568.989,1595.042,-2.213,-19.815,,,,,,0,0,,,,,,,,,,,,,,,,,,,,,,,,,,,,,,,,,,,,,,0.101,-37.645,-0.009,-17.742,-21.992,-44.893,-15.466,-62.925,19.671,-46.678,12.314,-63.813,40.907,-90.657,0,-109.85,-37.573,-102.461,0.266,-36.881,,"Pring__",-0.017,-17.747,,"coder_",-21.832,-44.984,,"うよすま",-15.302,-62.691,,"Fresh825",19.439,-46.495,,"kneesohime",12.312,-63.794,,"AI",40.9,-90.65,,"AI",0,-109.84,,"CAT tourniquet",-37.56,-102.471,,,,,,,,,,,,,,,,,,,,,,,,,,,,,,,,,,,,,,,,,,,,,,,,,,,,,,,,"",3,0,"",,,,0,""
55,,2,1,6,0,1,2,0,0,0,0,255,255,255,39,1610.141,"HANA_ARASHI",R,10,78,118,0.493,-1.355,0.475,2.142,0.36,1.283,-36.685,37.729,86,14,0,2,-93.052,400,-0.55,0,0,6,8,R,"SUGUN",179.9,82,0.5,5,62,W,Y,1,1611.574,237,79,112,57,5,145,121,25.797,2.218,0.081,0.45,-20.124,0.2,0,0.293,271.309,410.07,14.617,1616.675,-14.27,-127.365,1618.384,7,-17.482,0.351,-132.671,1,0,,1616.965,1621.461,,,,,,,,,,,,,,,,,,,,,,,,,,,,,,,,,,,0.009,-38.139,-0.009,-17.744,-22.114,-44.852,-15.446,-63.304,19.324,-47.405,11.864,-64.195,40.915,-90.664,0,-109.85,-41.426,-101.725,0.086,-36.971,,"Pring__",-0.01,-17.744,,"coder_",-22.062,-44.851,,"うよすま",-15.312,-63.088,70,"Fresh825",19.508,-47.004,,"kneesohime",11.826,-64.115,,"AI",40.9,-90.65,,"AI",0,-109.84,,"CAT tourniquet",-41.418,-101.699,,1628.059,-0.071,-39.127,,,,,,,1623.509,0.222,-58.715,,,,,,,,,,,,,,,,,,,,,,,,,1626.871,-0.073,-56,,,,,,,,,,,,,,,,"",2,0,"AI",1621.461,,,96,""
56,,2,1,6,0,0,0,0,0,1,0,255,8,255,40,1639.449,"HANA_ARASHI",R,10,93,128,-0.496,-0.459,0.349,2.267,-0.226,1.712,-36.685,38.385,80,20,0,2,0,400,0.626,0,0,7,7,R,"ByeolBam",175.4,90,0.5,0,62,W,Y,1,1640.606,253,54,134,67,39,145,87,-12.438,22.167,-0.083,0.839,-20.742,1,0,0.195,-149.063,147.126,-1.464,1640.617,-1.426,-24.02,1642.684,3,-13.782,0.058,-54.983,0,0,,1646.205,,,,,,,1646.461,,,,1639.789,,1645.437,7,,147,32,,,,,,,,,,,,,,,,,,,0.056,-37.535,-0.014,-17.729,-20.909,-43.539,-14.708,-63.696,18.376,-44.997,10.05,-64.959,40.915,-90.664,0,-109.85,-41.881,-100.338,0.169,-36.898,,"Pring__",-0.013,-17.729,,"coder_",-20.902,-43.51,107,"うよすま",-14.77,-63.332,94,"Fresh825",18.126,-44.881,73,"kneesohime",10.501,-64.891,,"AI",40.9,-90.65,,"AI",0,-109.84,,"CAT tourniquet",-41.879,-100.349,,1653.035,-0.038,-38.887,,,,1644.813,-18.537,-40.593,1642.888,-14.547,-56.844,1647.405,19.676,-40.145,,,,,,,,,,,,,,,,,,,1645.814,-15.896,-40.614,1644.041,-13.116,-51.78,1651.779,18.666,-39.367,,,,,,,,,,,,,"",2,0,"うよすま",,1646.461,,120,""
57,,2,1,6,0,0,0,1,0,0,1,255,255,8,41,1664.592,"HANA_ARASHI",R,26,99,140,0.542,-2.813,0.401,1.926,0.015,0.479,-36.685,21.028,50,50,0,2,-13.651,-200,11.345,0.127,-21.525,0,5,R,"CoalCat",169.5,83,0.397,5,62,W,Y,1,1665.782,255,147,113,82,58,145,82,26.918,-61.645,0.08,0.341,-21.728,1,0,0.506,-392.664,343.655,-282.846,,,,,,,,,0,0,,,,,,,,,,,,,,1664.998,,,,,,,,,,,,,,,,,,,,,,,,0.058,-37.41,-0.041,-17.64,-22.422,-45.625,-13.454,-59.695,18.52,-40.836,11.991,-63.949,40.915,-90.664,0,-109.86,-42.894,-98.942,0.127,-36.964,,"Pring__",-0.061,-17.652,,"coder_",-21.813,-45.285,,"うよすま",-12.929,-58.651,,"Fresh825",16.622,-44.072,,"kneesohime",12.01,-63.871,,"AI",40.9,-90.65,,"AI",0,-109.84,,"CAT tourniquet",-42.839,-98.971,,,,,,,,,,,,,,,,,,,,,,,,,,,,,,,,,,,,,,,,,,,,,,,,,,,,,,,,"",3,0,"",,1668.22,,0,""
58,,2,1,6,0,0,1,1,0,0,1,255,255,8,42,1679.979,"HANA_ARASHI",R,26,96,140,0.823,3.163,0.491,2.576,0.333,3.145,-36.685,66.42,73,27,0,1,7.566,-200,-3.298,0,0,0,5,R,"CoalCat",169.5,83,0.397,,62,W,Y,0,,,,,,,,,,,,,,,,,,,,,,,,,,,,0,0,,,,,,,,,,,,,,,,,,,,,,,,,,,,,,,,,,,,,,0.122,-37.527,-0.041,-17.643,-21.548,-45.036,-15.194,-60.256,18.81,-40.419,12.518,-63.503,40.915,-90.664,0,-109.85,-44.701,-101.951,,,,"",,,,"",,,,"",,,,"",,,,"",,,,"",,,,"",,,,"",,,,,,,,,,,,,,,,,,,,,,,,,,,,,,,,,,,,,,,,,,,,,,,,,,,,,,,,,,"",0,0,"",,1682.728,,0,""
59,,2,1,6,0,1,1,1,0,0,1,255,255,8,43,1693.748,"HANA_ARASHI",R,10,91,128,-0.396,-0.843,0.458,2.23,-0.184,1.581,-36.685,35.419,61,39,0,2,-0.182,400,16.545,0,0,0,5,R,"CoalCat",169.5,83,0.397,5,62,W,Y,1,1694.768,237,169,95,56,31,145,95,57.032,8.554,-0.061,0.713,-20.809,-0.33,0,0.568,453.307,385.064,46.524,1701,-14.615,-73.771,1701.217,3,-14.207,2.837,-72.588,0,0,,1700.872,,,,,,,,,,,,1693.854,1701.332,0,,452,0,,,,,,,,,,,,,,,,,1708.116,1,0.095,-37.502,-0.039,-17.643,-21.743,-45.013,-14.87,-60.278,18.892,-40.466,12.492,-63.507,40.907,-90.657,0,-109.85,-44.215,-96.583,0.112,-36.975,,"Pring__",-0.041,-17.647,130,"coder_",-21.63,-44.905,,"うよすま",-14.729,-60.118,86,"Fresh825",17.183,-42.996,,"kneesohime",12.444,-63.433,,"AI",40.9,-90.65,,"AI",0,-109.84,,"CAT tourniquet",-44.213,-96.56,,1709.416,-2.192,-36.551,1706.058,0.726,-20.396,,,,1701.344,-14.453,-73.035,,,,,,,,,,,,,,,,,,,1708.638,0.63,-21.293,,,,1703.596,-9.85,-63.978,,,,,,,,,,,,,,,,"",1,0,"うよすま",,1697.637,,98,""
60,,2,1,6,0,0,0,2,0,0,1,255,255,8,44,1724.142,"HANA_ARASHI",R,10,87,128,-0.174,-1.033,0.379,2.175,-0.086,1.403,-36.685,33.48,82,18,0,2,0,400,3.301,0,0,1,2,R,"Yaksok~",183,80,0.328,3,62,W,Y,1,1725.05,150,185,68,82,35,139,81,-30,44.995,-0.032,0.618,-20.438,1,0,0.167,-272.676,507.154,-40.51,1724.909,-0.986,-21.386,1726.95,2,-21.727,0.062,-42.308,0,0,,,,,,,,,,,,,,1724.212,1728.774,1,,147,0,,,,,,,,,,,1728.143,2,,,,,,,0.102,-37.63,-0.059,-17.523,-21.997,-45.668,-15.106,-62.836,19.998,-40.579,12.13,-64.01,40.922,-90.671,0,-109.86,-41.698,-97.497,0.179,-36.94,,"Pring__",-0.074,-17.541,,"coder_",-21.9,-45.658,103,"うよすま",-15.003,-62.683,,"Fresh825",17.75,-42.858,,"kneesohime",11.466,-64.323,,"AI",40.9,-90.65,,"AI",0,-109.84,,"CAT tourniquet",-41.722,-97.459,,,,,,,,1727.118,-22.386,-42.826,,,,,,,,,,,,,,,,,,,,,,,,,1728.573,-17.408,-37.761,,,,,,,,,,,,,,,,,,,"",2,0,"coder_",,,,8,""
61,SIDE,2,1,6,0,0,0,2,0,0,1,255,255,8,,1729.569,,,,,,,,,,,,,,,,,,,,,,,2,,,,,,,,,,,,,,,,,,,,,,,,,,,,,,,,,,,,,,,0,0,,,,,,,,,,,,,,,,,,,,,,,,,,,,,,,,,,,,,,,,,,,,,,,,,,,,,,,,,,,,,,,,,,,,,,,,,,,,,,,,,,,,,,,,,,,,,,,,,,,,,,,,,,,,,,,,,,,,,,,,,,,,,,,,,,,,,,,,,,,,,,,,,"",0,0,"",,,,0,""
62,,2,0,6,0,0,0,0,0,0,0,255,255,255,13,1780.815,"인생최패망자",R,3,87,110,-3.771,-0.192,0.669,1.288,-0.715,1.517,-36.742,55.525,6,84,10,4,-500,0,9.232,0,0,3,2,R,"coder_",184.8,80,0.302,,48,W,Y,1,,,,,,,,,,,,,,,,,,,,,,,,,,,,0,0,,,,,,,,,,,,,,,,,,,,,,,,,,,,,,,,,,,,,,0.191,-37.438,-0.019,-17.122,-20.086,-49.843,-13.382,-64.484,13.403,-40.993,10.1,-63.507,40.922,-90.671,-0.267,-111.438,-44.386,-92.188,,,,"",,,,"",,,,"",,,,"",,,,"",,,,"",,,,"",,,,"",,,,,,,,,,,,,,,,,,,,,,,,,,,,,,,,,,,,,,,,,,,,,,,,,,,,,,,,,,"",0,0,"",,,,0,""
63,,2,0,6,0,0,1,0,0,0,0,255,255,255,14,1798.442,"인생최패망자",R,32,90,140,-0.516,-0.953,0.796,1.056,-0.484,1.008,-36.742,68.027,13,21,66,2,215.414,-27.447,3.378,0,0,3,2,R,"coder_",184.8,80,0.302,0,48,W,Y,1,1799.546,180,66,165,66,39,145,112,18.987,35.144,-0.229,0.673,-20.284,0.04,0,0.301,50.071,551.447,-94.508,1802.901,-58.561,-86.425,1803.184,8,-56.294,1.341,-84.348,0,0,,1804.647,,,,,,,,,,,,,1803.612,3,,457,0,,,,,,,,,,,,,,,,,,,0.175,-37.137,-0.151,-17.075,-20.179,-49.791,-13.581,-64.443,17.779,-44.432,10.049,-63.583,40.915,-90.664,-6.399,-114.417,-44.386,-92.345,0.169,-36.852,,"소솨소솨",-0.251,-17.092,,"Yaksok~",-20.145,-49.826,,"눈꽃",-13.585,-64.426,,"Kr_Luna",17.727,-44.445,,"CoalCat",10.096,-63.476,,"AI",40.9,-90.65,,"ByeolBam",-3.73,-113.324,,"SUGUN",-44.405,-92.339,88,1809.773,-0.414,-37.651,,,,,,,,,,,,,,,,,,,,,,1803.623,-57.009,-84.602,,,,,,,,,,,,,,,,,,,,,,,,,1805.559,-55.213,-78.209,"",1,0,"SUGUN",,,,96,""
64,,2,0,6,0,0,0,1,0,0,0,255,255,255,15,1823.325,"인생최패망자",R,32,88,140,0.991,-0.553,0.922,1.126,0.1,1.251,-36.742,79.358,9,25,66,0,250,-33.308,-0.014,0,0,4,4,L,"Fresh825",190,80,0.2,,61,W,Y,0,,,,,,,,,,,,,,,,,,,,,,,,,,,,0,0,,,,,,,,,,,,,,,,,,,,,,,,,,,,,,,,,,,,,,0.241,-37.262,-0.062,-17.061,-19.705,-48.604,-11.119,-65.068,17.084,-44.264,12.424,-62.606,40.915,-90.664,6.368,-112.782,-44.104,-91.753,,,,"",,,,"",,,,"",,,,"",,,,"",,,,"",,,,"",,,,"",,,,1827.21,0.039,-37.242,,,,,,,,,,,,,,,,,,,,,,,,,,,,,,,,,,,,,,,,,,,,,,,,,,,,"",0,0,"",,,,0,""
65,,2,0,6,0,0,1,1,0,0,0,255,255,255,16,1836.742,"인생최패망자",R,32,94,140,0.039,0.444,0.829,1.323,-0.331,1.891,-36.742,48.124,6,75,19,2,231.995,-14.35,6.952,0,0,4,4,L,"Fresh825",190,80,0.2,3,61,W,Y,1,1837.801,119,43,83,79,50,137,130,-15.435,-44.682,-0.034,1.147,-19.18,0.38,0,0.171,60.694,345.275,29.75,1837.2,3.68,-22.964,,,,,,0,0,,,,,,,,,,,,,,,,,,,,,,,,,,,,,,,,,,,,,,0.251,-37.522,-0.045,-17.115,-19.713,-48.612,-11.928,-65.2,17.069,-44.235,12.372,-62.574,40.915,-90.664,5.591,-112.807,-44.143,-91.572,0.355,-36.84,,"소솨소솨",-0.161,-17.08,,"Yaksok~",-19.725,-48.62,,"눈꽃",-11.942,-65.216,,"Kr_Luna",17.424,-44.419,,"CoalCat",12.468,-62.443,,"AI",40.9,-90.65,,"ByeolBam",5.646,-112.581,,"SUGUN",-44.175,-91.564,,,,,,,,,,,,,,,,,,,,,,,,,,,,,,,,,,,,,,,,,,,,,,,,,,,,,,,,"",3,0,"",,,,0,""
66,,2,0,6,0,0,2,1,0,0,0,255,255,255,17,1855.109,"인생최패망자",R,3,95,116,-2.585,-1.051,0.78,1.17,-0.372,1.264,-36.742,58.838,9,91,0,4,-439.539,238.338,5.157,0,0,4,4,L,"Fresh825",190,80,0.2,,61,W,Y,1,,,,,,,,,,,,,,,,,,,,,,,,,,,,0,0,,,,,,,,,,,,,,,1857.815,4,,578,0,,,,,,,,,,,,,,,,,,,0.208,-37.309,-0.028,-17.057,-20.052,-48.771,-10.198,-65.658,18.685,-44.634,12.205,-60.563,40.915,-90.664,5.158,-112.088,-44.325,-92.702,,,,"",,,,"",,,,"",,,,"",,,,"",,,,"",,,,"",,,,"",,,,,,,,,,,,,,,,,,,,,,,,,,,,,,,,,,,,,,,,,,,,,,,,,,,,,,,,,,"",0,0,"",,,,0,""
67,,2,0,6,0,0,0,2,0,0,0,255,255,255,18,1873.777,"인생최패망자",R,32,90,140,0.414,-1.125,0.773,1.08,-0.125,0.999,-36.742,62.324,4,18,77,2,232.769,-20.524,2.475,0,0,5,3,R,"うよすま",160,85.375,0.502,0,61,W,Y,1,1874.8,193,84,59,54,5,137,124,23.098,35.589,0.051,0.504,-19.546,0.35,0,0.315,342.69,293.24,-200.72,1879.159,-72.863,-108.89,,,,,,0,0,,1880.412,1884.761,1889.793,1894.404,,,,,,,,,,,,,,,,,,,,,,,,,,,,,,,,,0.227,-37.027,-0.053,-17.096,-19.961,-47.712,-12.35,-65.086,15.644,-49.76,8.264,-63.793,40.915,-90.664,4.109,-111.45,-44.006,-92.837,0.097,-36.703,,"소솨소솨",-0.199,-17.095,,"Yaksok~",-19.964,-47.713,,"눈꽃",-12.343,-65.079,,"Kr_Luna",15.729,-49.705,,"CoalCat",8.19,-63.657,,"AI",40.9,-90.65,,"ByeolBam",4.271,-110.948,,"SUGUN",-43.979,-92.808,,,,,,,,,,,,,,,,,,,,,,,,,,,,,,,,,,,,,,,,,,,,,,,,,,,,,,,,"2:+1",4,0,"",1884.761,1889.793,1894.404,0,""
68,,2,0,6,1,0,0,2,0,0,0,255,255,255,19,1912.565,"인생최패망자",R,32,90,140,-1.637,-0.727,0.677,1.088,-1.038,1.13,-36.742,65.875,11,25,64,1,250,-47.675,-4.387,0,0,6,0,R,"HANA_ARASHI",190,90,0.25,,61,W,Y,0,,,,,,,,,,,,,,,,,,,,,,,,,,,,0,0,,,,,,,,,,,,,,,,,,,,,,,,,,,,,,,,,,,,,,0.129,-37.472,-0.042,-17.068,-20.205,-49.497,-13.151,-64.661,17.593,-46.865,8.74,-64.403,40.915,-90.664,-0.658,-109.605,-45.674,-91.62,,,,"",,,,"",,,,"",,,,"",,,,"",,,,"",,,,"",,,,"",,,,,,,,,,,,,,,,,,,,,,,,,,,,,,,,,,,,,,,,,,,,,,,,,,,,,,,,,,"",0,0,"",,,,0,""
69,,2,0,6,1,1,0,2,0,0,0,255,255,255,20,1927.01,"인생최패망자",R,32,91,140,1.925,0.497,1.008,1.327,0.502,1.904,-36.742,78.986,10,90,0,2,220.282,-38.118,2.146,0,0,6,0,R,"HANA_ARASHI",190,90,0.25,5,61,W,Y,1,1928.07,100,147,163,59,32,136,86,1.13,15.149,0.357,1.211,-20.456,-0.91,0,0.703,-338.89,-353.583,171.097,1928.1,-3.748,-36.766,1929.659,3,-9.95,0.054,-58.851,0,0,,,,,,,,,,,,,,,1932.376,6,,147,4,,,,,,,,,,,,,,,,,,,0.22,-37,-0.037,-17.11,-20.221,-49.493,-13.178,-64.68,17.343,-47.118,8.756,-63.981,40.915,-90.664,-1.635,-109.776,-45.743,-92.112,0.46,-36.888,,"소솨소솨",-0.122,-17.056,,"Yaksok~",-20.221,-49.504,,"눈꽃",-13.174,-64.676,107,"Kr_Luna",16.874,-48.258,,"CoalCat",8.754,-63.847,,"AI",40.9,-90.65,,"ByeolBam",-1.655,-109.755,,"SUGUN",-45.698,-91.894,,,,,,,,1931.857,-19.268,-40.728,1930.327,-10.321,-59.939,,,,,,,,,,,,,,,,,,,,,,,,,1930.978,-12.128,-56.208,,,,,,,,,,,,,,,,"",2,0,"눈꽃",,,,6,""
70,SIDE,2,0,6,1,0,0,2,0,0,0,255,255,255,,1933.867,,,,,,,,,,,,,,,,,,,,,,,0,,,,,,,,,,,,,,,,,,,,,,,,,,,,,,,,,,,,,,,0,0,,,,,,,,,,,,,,,,,,,,,,,,,,,,,,,,,,,,,,,,,,,,,,,,,,,,,,,,,,,,,,,,,,,,,,,,,,,,,,,,,,,,,,,,,,,,,,,,,,,,,,,,,,,,,,,,,,,,,,,,,,,,,,,,,,,,,,,,,,,,,,,,,"",0,0,"",,,,0,""
71,,3,1,6,1,0,0,0,0,0,0,255,255,255,45,1966.754,"HANA_ARASHI",R,14,77,116,-1.563,0.917,0.246,2.31,-1.029,2.57,-36.685,40.669,87,13,0,1,226.861,400,9.991,0,0,2,3,L,"눈꽃",174.7,85,0.505,,61,W,Y,0,,,,,,,,,,,,,,,,,,,,,,,,,,,,0,0,,,,,,,,,,,,,,,,,,,,,,,,,,,,,,,,,,,,,,0.033,-37.965,0.004,-17.709,-20.522,-44.572,-13.153,-63.899,23.597,-46.063,12.942,-63.551,40.93,-90.678,0,-109.88,-41.21,-101.814,,,,"",,,,"",,,,"",,,,"",,,,"",,,,"",,,,"",,,,"",,,,,,,,,,,,,,,,,,,,,,,,,,,,,,,,,,,,,,,,,,,,,,,,,,,,,,,,,,"",0,0,"",,,,0,""
72,,3,1,6,1,1,0,0,0,0,0,255,255,255,46,1981.389,"HANA_ARASHI",R,14,87,126,0.58,-2.621,0.322,1.906,-0.353,0.441,-36.685,18.603,59,41,0,2,384.885,319.161,31.566,0,0,2,3,L,"눈꽃",174.7,85,0.505,5,61,W,Y,1,1982.717,128,255,90,91,80,138,80,-30,-28.208,0.094,0.184,-20.945,1,0,0.486,-246.41,-369.149,-269.98,1981.967,0.196,-21.136,1983.967,4,16.464,0.163,-45.989,0,0,,1987.833,,,,,,,,,,,,,1987.363,2,,147,16,,,,,,,,,,,,,,,,,,,0.038,-37.645,0.009,-17.703,-20.743,-44.696,-12.801,-63.817,22.597,-45.859,13.376,-64.255,40.908,-90.657,0,-109.85,-34.566,-106.988,0.114,-37.094,,"Pring__",-0.005,-17.71,,"coder_",-20.716,-44.712,87,"うよすま",-12.659,-63.578,,"Fresh825",22.824,-45.711,120,"kneesohime",13.314,-64.203,,"AI",40.9,-90.65,,"AI",0,-109.84,,"CAT tourniquet",-34.568,-106.975,,1989.617,-0.201,-37.689,,,,1986.755,-18.05,-39.717,,,,1984.739,17.131,-46.216,,,,,,,,,,,,,,,,,,,1988.527,-18.175,-39.749,,,,1985.506,12.116,-44.421,,,,,,,,,,,,,"",2,0,"Fresh825",,,,88,""
73,,3,1,6,1,0,0,1,0,0,0,255,255,255,47,2007.806,"HANA_ARASHI",R,10,79,119,-1.312,0.873,0.339,2.521,-0.58,2.603,-36.685,56.972,83,17,0,0,0,400,6.78,0,0,3,4,L,"Kr_Luna",190,94.432,0.499,,61,W,Y,0,,,,,,,,,,,,,,,,,,,,,,,,,,,,0,0,,,,,,,,,,,,,,,,,,,,,,,,,,,,,,,,,,,,,,0.01,-37.98,0.016,-17.681,-21.882,-44.857,-10.642,-66.027,22.689,-47.669,12.921,-63.966,40.922,-90.671,0,-109.86,-42.386,-100.571,,,,"",,,,"",,,,"",,,,"",,,,"",,,,"",,,,"",,,,"",,,,2011.54,-0.109,-37.009,,,,,,,,,,,,,,,,,,,,,,,,,,,,,,,,,,,,,,,,,,,,,,,,,,,,"",0,0,"",,,,0,""
74,,3,1,6,1,0,1,1,0,0,0,255,255,255,48,2019.863,"HANA_ARASHI",R,26,88,140,-1.276,-1.405,0.282,1.905,-0.537,0.536,-36.685,17.07,50,50,0,1,-20.375,-195.748,10.674,0,0,3,4,L,"Kr_Luna",190,94.432,0.499,,61,W,Y,0,,,,,,,,,,,,,,,,,,,,,,,,,,,,0,0,,,,,,,,,,,,,,,,,,,,,,,,,,,,,,,,,,,,,,-0.018,-37.267,0.017,-17.673,-21.595,-45.01,-10.292,-65.975,22.848,-47.183,12.893,-63.996,40.907,-90.657,0,-109.85,-42.532,-100.602,,,,"",,,,"",,,,"",,,,"",,,,"",,,,"",,,,"",,,,"",,,,2023.491,0.038,-37.256,,,,,,,,,,,,,,,,,,,,,,,,,,,,,,,,,,,,,,,,,,,,,,,,,,,,"",0,0,"",,,,0,""
75,,3,1,6,1,1,1,1,0,0,0,255,255,255,49,2032.181,"HANA_ARASHI",R,29,85,138,-1.54,1.092,0.312,2.386,-0.396,2.093,-36.685,43.998,81,19,0,2,-203.519,-200,18.318,0,0,3,4,L,"Kr_Luna",190,94.432,0.499,5,61,W,Y,0,2032.996,154,90,119,46,15,145,102,95.094,-70.039,-0.33,1.368,-19.556,0.98,0,0.056,293.512,-97.692,514.108,2039.334,-18.994,-11.52,,,,,,0,0,,,,,,,,,,,,,,,,,,,,,,,,,,,,,,,,,,,,,,0.094,-37.501,0.012,-17.673,-22.027,-44.864,-9.618,-66.102,22.101,-46.274,13.258,-63.477,40.907,-90.657,0,-109.85,-42.473,-100.622,0.012,-36.903,,"Pring__",0.013,-17.673,,"coder_",-21.874,-44.657,,"うよすま",-10.056,-65.768,,"Fresh825",22.077,-46.153,,"kneesohime",13.452,-63.163,,"AI",40.9,-90.65,,"AI",0,-109.84,,"CAT tourniquet",-42.457,-100.624,,,,,,,,,,,,,,,,,,,,,,,,,,,,,,,,,,,,,,,,,,,,,,,,,,,,,,,,"",3,0,"",,,,0,""
76,,3,1,6,1,1,2,1,0,0,0,255,255,255,50,2054.928,"HANA_ARASHI",R,13,66,107,0.925,0.384,0.644,2.339,1.104,2.283,-36.685,56.301,58,42,0,2,-370.971,323.35,17.855,0,0,3,4,L,"Kr_Luna",190,94.432,0.499,3,61,W,Y,0,2055.865,181,74,103,52,32,145,128,93.109,84.448,0.15,1.116,-20.038,0.7,0,0.098,495.927,-121.936,205.991,,,,,,,,,0,0,,,,,,,,,,,,,,,,,,,,,,,,,,,,,,,,,,,,,,0.122,-37.623,-0.023,-17.572,-21.15,-44.417,-12.324,-65.419,21.708,-46.483,12.856,-63.906,40.907,-90.657,0,-109.85,-40.544,-100.165,0.096,-37.043,,"Pring__",-0.028,-17.558,,"coder_",-20.872,-44.542,,"うよすま",-12.056,-65.431,,"Fresh825",21.698,-46.478,,"kneesohime",12.847,-63.887,,"AI",40.9,-90.65,,"AI",0,-109.84,,"CAT tourniquet",-42.569,-100.711,,,,,,,,,,,,,,,,,,,,,,,,,,,,,,,,,,,,,,,,,,,,,,,,,,,,,,,,"",3,0,"",,,,0,""
77,,3,1,6,1,1,2,1,0,0,0,255,255,255,51,2068.835,"HANA_ARASHI",R,26,94,140,0.907,0.084,0.464,1.994,0.31,1.473,-36.685,20.242,43,57,0,2,51.24,-200,14.08,0,0,3,4,L,"Kr_Luna",190,94.432,0.499,5,61,W,Y,0,2069.693,132,134,150,81,35,140,131,26.062,-43.266,0.196,1.028,-20.006,0.48,0,0.156,364.175,-280.574,198.122,2074.517,90.162,-103.339,,,,,,0,0,,,,,,,,,,,,,,,,,,,,,,,,,,,,,,,,,,,,,,0.134,-37.541,-0.026,-17.538,-21.228,-44.362,-11.802,-65.467,22.031,-46.225,12.855,-63.952,40.907,-90.657,0,-109.85,-45.959,-94.392,0.161,-36.937,,"Pring__",-0.034,-17.541,,"coder_",-21.074,-44.282,,"うよすま",-11.703,-65.327,,"Fresh825",21.89,-46.352,,"kneesohime",12.82,-63.92,,"AI",40.9,-90.65,,"AI",0,-109.84,,"CAT tourniquet",-47.38,-93.069,,,,,,,,,,,,,,,,,,,,,,,,,,,,,,,,,,,,,,,,,,,,,,,,,,,,,,,,"",3,0,"",,,,0,""
78,,3,1,6,1,1,2,1,0,0,0,255,255,255,52,2087.05,"HANA_ARASHI",R,26,90,140,-0.622,1.188,0.342,2.402,-0.259,2.156,-36.685,42.524,73,27,0,4,-16.458,-200,11.857,0,0,3,4,L,"Kr_Luna",190,94.432,0.499,,61,W,Y,0,,,,,,,,,,,,,,,,,,,,,,,,,,,,0,0,,,,,,,,,,,,,,,2089.471,3,,578,0,,,,,,,,,,,,,,,,,,,0.054,-37.823,-0.024,-17.539,-21.39,-44.543,-11.17,-65.497,22.905,-45.603,13.02,-63.781,40.907,-90.657,0,-109.85,-42.177,-98.897,,,,"",,,,"",,,,"",,,,"",,,,"",,,,"",,,,"",,,,"",,,,,,,,,,,,,,,,,,,,,,,,,,,,,,,,,,,,,,,,,,,,,,,,,,,,,,,,,,"",0,0,"",,,,0,""
79,,3,1,6,1,0,0,2,0,0,0,255,255,255,53,2105.531,"HANA_ARASHI",R,13,79,116,-0.219,0.532,0.446,2.262,0.228,2.069,-36.685,39.626,85,15,0,2,-336.686,369.652,30.284,0,0,4,1,R,"소솨소솨",190,80,0.501,0,61,W,Y,1,2106.66,255,136,40,100,64,129,97,-49.052,31.584,-0.18,0.971,-20.047,-0.21,0,0.569,-466.709,114.442,181.629,2105.992,-0.663,-20.831,2108.009,2,-15.284,2.981,-44.522,0,0,,,,,,,,,,,,,,,2111.306,4,,147,0,,,,,,,,,,,2110.634,2,,,,,,,0.025,-37.589,-0.02,-17.54,-21.572,-45.502,-14.522,-64.064,23.188,-45.298,13.096,-63.757,40.915,-90.664,0,-109.86,-44.297,-98.562,-0.122,-36.973,,"Pring__",-0.027,-17.535,,"coder_",-21.546,-45.686,71,"うよすま",-14.4,-63.849,,"Fresh825",21.248,-46.541,,"kneesohime",12.948,-63.689,,"AI",40.9,-90.65,,"AI",0,-109.84,,"CAT tourniquet",-44.162,-98.583,,,,,,,,2108.735,-15.904,-44.478,,,,,,,,,,,,,,,,,,,,,,,,,2112.672,-14.347,-38.405,,,,,,,,,,,,,,,,,,,"",2,0,"coder_",,,,8,""
80,SIDE,3,1,6,1,0,0,2,0,0,0,255,255,255,,2113.104,,,,,,,,,,,,,,,,,,,,,,,5,,,,,,,,,,,,,,,,,,,,,,,,,,,,,,,,,,,,,,,0,0,,,,,,,,,,,,,,,,,,,,,,,,,,,,,,,,,,,,,,,,,,,,,,,,,,,,,,,,,,,,,,,,,,,,,,,,,,,,,,,,,,,,,,,,,,,2157.628,-0.116,-38.406,,,,,,,,,,,,,,,,,,,,,,,,,,,,,,,,,,,,,,,,,,,,,,,,,,,,"",0,0,"",,,,32,""
81,,3,0,6,1,0,0,0,0,0,0,255,255,255,21,2174.451,"인생최패망자",R,32,93,140,1.276,0.898,0.847,1.415,0.22,2.19,-36.742,52.222,5,61,34,2,223.099,1.874,13.659,0,0,0,5,R,"kneesohime",190,85,0.497,3,61,W,Y,1,2175.609,255,113,128,76,40,145,92,101.03,-75.913,0.22,1.349,-19.846,-0.75,0,0.223,540.953,53.303,-15.201,,,,,,,,,0,0,,,,,,,,,,,,,,,,,,,,,,,,,,,,,,,,,,,,,,0.256,-37.321,0.002,-17.09,-20.238,-50.183,-11.625,-65.923,18.91,-48.453,9.231,-61.908,40.93,-90.678,-1.331,-112.422,-45.606,-93.217,0.505,-36.945,,"소솨소솨",-0.038,-17.052,,"Yaksok~",-20.249,-50.161,,"눈꽃",-11.627,-65.886,,"Kr_Luna",19.005,-48.412,,"CoalCat",9.213,-61.911,,"AI",40.9,-90.65,,"ByeolBam",-2.517,-114.081,,"SUGUN",-46.223,-93.631,,,,,,,,,,,,,,,,,,,,,,,,,,,,,,,,,,,,,,,,,,,,,,,,,,,,,,,,"",3,0,"",,,,0,""
82,,3,0,6,1,0,1,0,0,0,0,255,255,255,22,2191.052,"인생최패망자",R,3,94,116,-4.274,-0.536,0.579,1.085,-0.994,1.298,-36.742,56.951,12,19,69,4,-500,0,4.738,0,0,0,5,R,"kneesohime",190,85,0.497,,61,W,Y,1,,,,,,,,,,,,,,,,,,,,,,,,,,,,0,0,,,,,,,,,,,,,,,,,,,,,,,,,,,,,,,,,,,,,,0.176,-37.446,-0.004,-17.15,-20.253,-50.719,-14.483,-64.226,19.034,-48.492,8.064,-62.052,40.915,-90.664,-2.276,-112.981,-45.847,-93.318,,,,"",,,,"",,,,"",,,,"",,,,"",,,,"",,,,"",,,,"",,,,,,,,,,,,,,,,,,,,,,,,,,,,,,,,,,,,,,,,,,,,,,,,,,,,,,,,,,"",0,0,"",,,,0,""
83,,3,0,6,1,0,2,0,0,0,0,255,255,255,23,2205.768,"인생최패망자",R,0,95,140,-2.54,-0.682,0.658,1.11,-1.127,1.2,-36.742,54.843,10,24,66,1,0,0,0,0,0,0,5,R,"kneesohime",190,85,0.497,,61,W,Y,0,,,,,,,,,,,,,,,,,,,,,,,,,,,,0,0,,,,,,,,,,,,,,,,,,,,,,,,,,,,,,,,,,,,,,0.196,-37.355,-0.023,-17.169,-20.327,-50.855,-14.476,-64.24,19.04,-48.479,8.164,-62.404,40.915,-90.664,-1.241,-112.952,-45.856,-93.304,,,,"",,,,"",,,,"",,,,"",,,,"",,,,"",,,,"",,,,"",,,,,,,,,,,,,,,,,,,,,,,,,,,,,,,,,,,,,,,,,,,,,,,,,,,,,,,,,,"",0,0,"",,,,0,""
84,,3,0,6,1,1,2,0,0,0,0,255,255,255,24,2220.362,"인생최패망자",R,3,89,112,-1.873,-0.442,0.926,1.114,0.081,1.361,-36.742,65.602,10,26,64,2,-500,0,3.271,0,0,0,5,R,"kneesohime",190,85,0.497,3,61,W,Y,1,2221.612,255,88,102,105,72,145,108,106.312,-71.329,-0.337,0.858,-20.522,0.04,0,0.25,499.035,275.211,167.892,,,,,,,,,0,0,,,,,,,,,,,,,,,,,,,,,,,,,,,,,,,,,,,,,,0.286,-37.495,-0.03,-17.184,-20.34,-50.959,-13.063,-65.506,19.182,-48.391,8.164,-62.543,40.915,-90.664,-1.316,-112.846,-45.835,-93.573,0.248,-37.085,,"소솨소솨",-0.195,-17.133,,"Yaksok~",-21.014,-51.899,,"눈꽃",-12.89,-65.243,,"Kr_Luna",19.083,-48.436,,"CoalCat",8.243,-62.485,,"AI",40.9,-90.65,,"ByeolBam",-1.32,-112.68,,"SUGUN",-45.798,-93.451,,,,,,,,,,,,,,,,,,,,,,,,,,,,,,,,,,,,,,,,,,,,,,,,,,,,,,,,"",3,0,"",,,,0,""
85,,3,0,6,1,1,2,0,0,0,0,255,255,255,25,2235.664,"인생최패망자",R,32,97,140,-3.486,-0.308,0.495,1.183,-1.882,1.436,-36.742,35.033,4,59,38,1,250,3.667,6.205,0,0,0,5,R,"kneesohime",190,85,0.497,,61,W,Y,0,,,,,,,,,,,,,,,,,,,,,,,,,,,,0,0,,,,,,,,,,,,,,,,,,,,,,,,,,,,,,,,,,,,,,0.189,-37.292,-0.016,-17.205,-20.768,-50.924,-13.991,-64.307,19.112,-48.338,8.094,-62.853,40.915,-90.664,-0.531,-112.583,-44.838,-94.068,,,,"",,,,"",,,,"",,,,"",,,,"",,,,"",,,,"",,,,"",,,,,,,,,,,,,,,,,,,,,,,,,,,,,,,,,,,,,,,,,,,,,,,,,,,,,,,,,,"",0,0,"",,,,0,""
86,,3,0,6,1,2,2,0,0,0,0,255,255,255,26,2250.087,"인생최패망자",R,32,89,125,-1.316,-0.537,0.604,1.088,-0.918,1.304,-36.742,42.97,3,16,82,2,203.768,14.835,5.281,0,0,0,5,R,"kneesohime",190,85,0.497,3,61,W,Y,1,2251.293,255,128,124,117,69,145,108,25.187,37.593,-0.234,0.828,-20.676,0.05,0,0.229,81.631,395.718,424.358,2254.267,-58.576,-83.133,2257.792,8,-71.729,0.058,-90.399,1,0,,2257.309,2261.892,,,,,,,,,,,,,,,,,,,,,,,,,,,,,2263.333,5,,,,,0.297,-37.207,-0.012,-17.172,-20.762,-50.957,-13.999,-64.308,19.013,-49.029,8.053,-62.763,40.915,-90.664,-1.36,-114.386,-44.884,-94.14,0.084,-37.032,,"소솨소솨",-0.264,-17.126,,"Yaksok~",-20.766,-50.943,,"눈꽃",-13.84,-64.19,,"Kr_Luna",19.201,-48.926,,"CoalCat",8.151,-62.668,63,"AI",40.9,-90.65,,"ByeolBam",-1.492,-114.526,,"SUGUN",-45.096,-93.98,109,2266.57,0.333,-38.526,,,,,,,,,,,,,2262.816,-0.09,-59.829,,,,,,,2258.642,-71.033,-89.605,,,,,,,,,,,,,,,,2265.078,1.491,-57.669,,,,,,,2259.382,-66.802,-89.599,"",2,0,"SUGUN",2261.892,,,97,""
87,,3,0,6,1,0,0,0,0,1,0,255,15,255,27,2277.263,"인생최패망자",R,32,89,140,-0.629,0.443,0.775,1.317,-0.582,1.871,-36.742,57.145,6,94,0,2,204.459,-37.184,4.052,0,0,1,1,L,"Pring__",190,92.911,0.481,5,59,W,Y,1,2278.297,228,118,96,107,70,145,102,34.679,-42.467,-0.116,1.19,-20.434,-0.38,0,0.379,173.178,-518.93,68.236,2283.009,63.438,-74.618,,,,,,0,0,,,,,,,,,,,,,2279.425,,,,,,,,,,,,,,,,,,,,,,,,,0.16,-37.262,-0.002,-17.183,-18.628,-47.23,-12.062,-61.837,18.837,-47.187,12.468,-60.506,40.915,-90.664,1.887,-114.768,-44.873,-94.791,0.565,-36.972,,"소솨소솨",-0.074,-17.129,,"Yaksok~",-18.651,-47.249,,"눈꽃",-12.169,-62.406,,"Kr_Luna",18.792,-47.269,,"CoalCat",12.494,-60.368,,"AI",40.9,-90.65,,"ByeolBam",1.881,-114.782,,"SUGUN",-45.136,-98.193,,,,,,,,,,,,,,,,,,,,,,,,,,,,,,,,,,,,,,,,,,,,,,,,,,,,,,,,"",3,0,"",2284.304,,,0,""
88,,3,0,6,1,0,1,0,0,1,0,255,15,255,28,2294.726,"인생최패망자",R,0,93,140,-2.114,0.834,0.697,1.403,-0.942,2.148,-36.742,43.699,4,96,0,2,0,0,0,0,0,1,1,L,"Pring__",190,92.911,0.481,5,59,W,Y,1,2295.593,149,55,89,89,52,145,89,114.574,1.388,-0.351,1.307,-20.24,-1,0,0.284,77.631,168.559,265.588,,,,,,,,,0,0,,,,,,,,,,,,,2295.649,,,,,,,,,,,,,,,,,,,,,,,,,0.151,-37.366,-0.073,-17.125,-20.198,-47.434,-13.856,-59.869,20.605,-48.67,13.348,-61.512,40.908,-90.657,2.401,-110.861,-44.362,-90.592,0.407,-37.005,,"소솨소솨",-0.123,-17.139,,"Yaksok~",-19.967,-48.124,,"눈꽃",-13.85,-59.881,,"Kr_Luna",20.604,-48.67,,"CoalCat",13.398,-61.341,,"AI",40.9,-90.65,,"ByeolBam",2.403,-110.868,,"SUGUN",-43.71,-92.884,,,,,,,,,,,,,,,,,,,,,,,,,,,,,,,,,,,,,,,,,,,,,,,,,,,,,,,,"",3,0,"",2297.312,,,0,""
89,,3,0,6,1,0,2,0,0,1,0,255,15,255,29,2308.869,"인생최패망자",R,13,82,107,-0.153,-1.393,0.937,1.109,0.701,1.146,-36.742,84.468,11,59,30,2,-405.524,276.043,-6.775,0,0,1,1,L,"Pring__",190,92.911,0.481,3,59,W,Y,1,2309.921,158,112,94,100,83,145,87,-30,-9.488,0.077,0.606,-21.555,1,0,0.857,-382.944,-302.466,194.861,2309.034,0.232,-22.471,2314.259,7,0.923,0.06,-89.184,1,0,,2315.84,,,,,,,2314.207,,,,,,,,,,,,,,,,,,,,,,,,,,,,,0.213,-37.228,0.004,-17.175,-20.786,-48.23,-14.058,-62.411,20.562,-48.676,11.602,-59.638,40.908,-90.657,2.634,-113.963,-42.817,-94.413,0.192,-36.891,,"소솨소솨",-0.045,-17.231,,"Yaksok~",-20.312,-49.211,,"눈꽃",-13.857,-62.313,,"Kr_Luna",20.181,-47.228,,"CoalCat",11.599,-58.972,,"AI",40.9,-90.65,,"ByeolBam",2.638,-113.962,95,"SUGUN",-43.075,-94.421,,2320.352,-1.212,-34.85,,,,,,,,,,,,,,,,,,,2315.111,0.996,-90.033,,,,,,,,,,,,,,,,,,,,,,,,,2318.576,-2.216,-69.681,,,,"",2,0,"ByeolBam",,2314.207,,160,""
90,,3,0,6,1,0,0,0,1,0,1,11,255,15,30,2338.814,"인생최패망자",R,33,82,119,0.798,-0.55,0.925,1.068,0.078,1.261,-36.742,68.244,5,41,54,0,142.125,-21.159,-3.038,0,0,2,8,L,"CAT tourniquet",190,85,0.451,,60,W,Y,0,,,,,,,,,,,,,,,,,,,,,,,,,,,,0,0,,,,,,,,,,,,2351.026,,2339.297,,,,,,,,,,,,,,,,,,,,,,,,0.312,-37.26,-0.004,-17.168,-18.62,-44.605,-7.814,-63.305,19.865,-43.387,14.24,-58.262,40.922,-90.671,0.69,-107.701,-46.855,-93.493,,,,"",,,,"",,,,"",,,,"",,,,"",,,,"",,,,"",,,,"",,,,2342.933,-0.202,-37.131,,,,,,,,,,,,,,,,,,,,,,,,,,,,,,,,,,,,,,,,,,,,,,,,,,,,"",0,0,"",,2341.545,,0,""
91,,3,0,6,1,0,1,0,1,0,1,11,255,15,31,2352.393,"인생최패망자",R,13,84,108,-2.51,-1.461,0.783,1.013,-0.364,1.142,-36.742,67.085,9,39,52,1,-387.805,306.571,-9.334,0,0,2,8,L,"CAT tourniquet",190,85,0.451,,60,W,Y,0,,,,,,,,,,,,,,,,,,,,,,,,,,,,0,0,,,,,,,,,,,,2362.49,,,,,,,,,,,,,,,,,,,,,,,,,,0.276,-37.419,-0.003,-17.16,-18.239,-44.715,-8.313,-62.607,19.842,-41.811,13.869,-58.863,40.915,-90.664,0.589,-108.149,-46.772,-93.39,,,,"",,,,"",,,,"",,,,"",,,,"",,,,"",,,,"",,,,"",,,,2356.845,-0.262,-37.046,,,,,,,,,,,,,,,,,,,,,,,,,,,,,,,,,,,,,,,,,,,,,,,,,,,,"",0,0,"",,,,0,""
92,,3,0,6,1,1,1,0,1,0,1,11,255,15,32,2366.673,"인생최패망자",R,32,94,140,-1.348,0.821,0.7,1.376,-0.931,2.061,-36.742,43.016,4,96,0,2,231.386,-90.136,4.156,0,0,2,8,L,"CAT tourniquet",190,85,0.451,0,60,W,Y,1,2367.648,146,87,51,72,37,135,86,25.025,8.187,-0.288,1.309,-19.488,-1,0,0.279,346.408,446.407,158.136,2371.601,-18.505,-91.172,2373.275,7,-22.611,0.116,-102.786,1,0,,2374.426,,,,2373.417,,,,,2374.551,2366.765,,2366.878,,,,,,,,,,,,,,,,,,,,,,,,0.191,-37.3,0.006,-17.173,-17.538,-44.808,-7.574,-61.184,19.347,-42.628,13.869,-58.679,40.915,-90.664,0.51,-110.867,-46.72,-93.68,0.403,-36.706,,"소솨소솨",-0.095,-17.189,,"Yaksok~",-17.114,-46.395,108,"눈꽃",-7.575,-61.177,,"Kr_Luna",19.335,-44.186,63,"CoalCat",13.864,-58.667,,"AI",40.9,-90.65,,"ByeolBam",0.939,-112.677,108,"SUGUN",-46.488,-93.865,,2386.804,-0.61,-38.36,,,,2384.835,-15.119,-41.74,,,,2379.65,19.313,-39.788,,,,,,,2374.161,-22.357,-103.512,,,,,,,,,,2386.184,-11.465,-40.666,,,,2382.18,18.289,-39.466,,,,,,,2377.092,-9.547,-88.556,,,,"",2,0,"ByeolBam",2373.417,,2374.551,170,""
93,,3,0,6,2,0,0,0,1,1,0,18,11,255,33,2399.69,"인생최패망자",R,32,92,140,-0.459,-0.522,0.777,1.128,-0.571,1.249,-36.742,59.319,4,29,66,2,250,-63.866,-0.014,0,0,3,2,R,"coder_",184.8,80,0.302,5,60,W,Y,1,2400.763,6,2,0,0,0,0,30,0,-46.749,-0.095,0.793,-20.16,0.48,1,0.665,-204.389,-15.617,222.898,2400.409,3.365,-23.404,2402.784,0,9.59,0.058,-31.022,0,0,,2406.068,,,,2406.208,,,2405.786,,,2400.532,,,2406.203,3,,147,32,,,,,,,,,,,,,,,,,,,0.188,-37.249,-0.006,-17.173,-17.552,-46.794,-11.962,-58.796,19.363,-46.262,7.571,-60.647,40.915,-90.664,-0.491,-107.142,-45.651,-91.892,0.196,-36.22,120,"소솨소솨",-0.144,-17.852,,"Yaksok~",-17.821,-46.683,112,"눈꽃",-11.802,-58.226,,"Kr_Luna",15.551,-42.71,,"CoalCat",8.056,-60.726,,"AI",40.9,-90.65,,"ByeolBam",-0.468,-107.512,,"SUGUN",-45.52,-91.963,,2403.721,9.072,-31.596,,,,2405.621,-18.377,-38.822,,,,,,,,,,,,,,,,,,,2404.47,7.066,-31.567,,,,2411.11,-14.736,-41.221,,,,,,,,,,,,,,,,,,,"",2,0,"인생최패망자",2406.208,2405.786,,34,""
94,,3,0,6,2,0,0,1,0,1,1,255,18,11,34,2428.819,"인생최패망자",R,32,85,137,0.414,0.596,0.875,1.349,-0.115,1.975,-36.742,77.534,9,91,0,2,188.115,-25.4,3.372,0,0,4,4,L,"Fresh825",190,80,0.2,3,60,W,Y,1,2429.89,164,66,125,89,45,145,125,95.471,80.31,0.041,1.214,-19.422,0.25,0,0.228,307.53,-59.862,505.65,,,,,,,,,0,0,,,,,,,,,,,,,2430.593,2442.92,,,,,,,,,,,,,,,,,,,,,,,,0.128,-37.318,-0.026,-17.106,-18.141,-47.426,-6.382,-60.712,19.162,-45.897,13.272,-59.299,40.922,-90.67,4.728,-108.378,-43.507,-95.721,0.356,-36.998,,"소솨소솨",-0.088,-17.066,,"Yaksok~",-18.152,-47.417,,"눈꽃",-6.375,-60.71,,"Kr_Luna",19.183,-44.802,,"CoalCat",13.228,-59.197,,"AI",40.9,-90.65,,"ByeolBam",4.726,-108.367,,"SUGUN",-43.01,-96.659,,,,,,,,,,,,,,,,,,,,,,,,,,,,,,,,,,,,,,,,,,,,,,,,,,,,,,,,"",3,0,"",2434.477,2431.625,,0,""
95,,3,0,6,2,0,1,1,0,1,1,255,18,11,35,2443.007,"인생최패망자",R,13,83,108,1.216,-1.525,1.001,1.2,1.219,1.13,-36.742,88.403,14,86,0,4,-368.425,330.438,-24.63,0,0,4,4,L,"Fresh825",190,80,0.2,,60,W,Y,1,,,,,,,,,,,,,,,,,,,,,,,,,,,,0,0,,,,,,,,,,,,,2451.044,2457.359,,,,,,,,,,,,,,,,,,2458.213,3,,,,,0.243,-37.377,-0.035,-17.088,-19.102,-48.042,-4.99,-59.441,19.897,-43.504,13.743,-59.864,40.915,-90.664,5.409,-108.892,-42.755,-95.971,,,,"",,,,"",,,,"",,,,"",,,,"",,,,"",,,,"",,,,"",,,,,,,,,,,,,,,,,,,,,,,,,,,,,,,,,,,,,,,,,,,,,,,,,,,,,,,,,,"",0,0,"",2446.571,2445.413,,0,""
96,,3,0,6,2,0,2,1,0,1,1,255,18,11,36,2472.82,"인생최패망자",R,32,90,140,0.813,-0.515,0.896,1.119,-0.02,1.228,-36.742,69.09,10,28,62,2,250,-87.006,-6.782,0,0,4,4,L,"Fresh825",190,80,0.2,3,60,W,Y,1,2473.897,123,115,92,107,11,138,101,-32.555,-41.171,0.207,0.753,-19.709,-0.08,0,0.189,-40.109,-464.562,260.534,2472.992,1.131,-20.76,2474.409,4,14.817,1.175,-41.555,1,2,,2479.368,2490.605,,,,,,2480.186,,2487.91,,2472.855,,2487.723,1,3,306,41,,,,,,,,,,,,,,,2482.167,5,,,0.268,-37.247,-0.033,-17.074,-17.932,-46.823,-3.962,-62.625,19.962,-43.275,14.684,-61.15,40.915,-90.664,2.535,-111.07,-43.596,-102.191,0.201,-36.813,120,"소솨소솨",-0.121,-17.112,130,"Yaksok~",-17.608,-47.27,,"눈꽃",-7.14,-61.598,,"Kr_Luna",19.068,-45.102,109,"CoalCat",14.782,-61.056,96,"AI",40.9,-90.65,,"ByeolBam",5.145,-110.757,94,"SUGUN",-43.672,-101.998,,2484.378,2.524,-23.258,2478.691,1.818,-21.931,,,,,,,2475.511,15.307,-42.107,2481.423,18.988,-39.672,,,,2489.505,21.613,-42.057,,,,2484.901,4.971,-25.564,2480.662,9.43,-29.101,,,,,,,2478.004,9.679,-30.659,2483.47,12.605,-35.927,,,,2494.917,16.173,-39.865,,,,"",2,0,"Kr_Luna",2490.605,2480.186,2487.91,185,""
97,,3,0,6,2,0,0,2,0,1,1,255,14,18,37,2513.448,"인생최패망자",R,32,90,140,1.387,0.758,0.866,1.425,0.308,1.951,-36.742,60.903,4,96,0,2,194.506,-55.032,4.404,0,0,5,3,R,"うよすま",160,85.375,0.502,5,59,W,Y,1,2514.477,144,33,95,18,0,137,77,0,-88.324,0.231,1.014,-19.351,-0.89,0,0.28,205.13,-6.096,-357.523,2514.034,12.52,-19.713,,,,,,0,0,,,,,,,,,,,,,2525.285,2513.905,,,,,,,,,,,,,,,,,,,,,,,,0.175,-37.338,0.04,-17.185,-20.171,-48.995,-12.336,-63.557,20.102,-43.252,10.764,-61.563,40.922,-90.671,0.375,-109.612,-44.301,-93.101,0.405,-36.714,,"소솨소솨",-0.067,-17.167,,"Yaksok~",-20.178,-49.003,,"눈꽃",-12.314,-63.431,,"Kr_Luna",18.552,-46.473,,"CoalCat",10.699,-61.448,,"AI",40.9,-90.65,,"ByeolBam",0.25,-110.293,,"SUGUN",-44.99,-93.759,,,,,,,,,,,,,,,,,,,,,,,,,,,,,,,,,,,,,,,,,,,,,,,,,,,,,,,,"",3,0,"",2518.549,2519.735,,0,""
98,,3,0,6,2,0,1,2,0,1,1,255,14,18,38,2530.202,"인생최패망자",R,3,86,109,-3.369,0.055,0.719,1.293,-0.56,1.764,-36.742,67.408,5,95,0,4,-484.055,66.879,6.788,0,0,5,3,R,"うよすま",160,85.375,0.502,,59,W,Y,1,,,,,,,,,,,,,,,,,,,,,,,,,,,,0,0,,,,,,,,,,,,,2530.435,2530.559,,,,,,,,,,,,,,,,,,,,,,,,0.108,-37.378,0.003,-17.207,-20.063,-48.569,-9.303,-62.412,19.748,-44.087,11.025,-62.157,40.915,-90.664,0.483,-108.481,-42.069,-91.524,,,,"",,,,"",,,,"",,,,"",,,,"",,,,"",,,,"",,,,"",,,,,,,,,,,,,,,,,,,,,,,,,,,,,,,,,,,,,,,,,,,,,,,,,,,,,,,,,,"",0,0,"",2532.881,2533.614,,0,""
99,,3,0,6,2,0,2,2,0,1,1,255,14,18,39,2542.877,"인생최패망자",R,32,92,140,-1.211,-0.71,0.707,1.129,-0.897,1.188,-36.742,59.142,8,70,22,2,250,-48.663,0.16,0,0,5,3,R,"うよすま",160,85.375,0.502,5,59,W,Y,1,2543.928,255,147,148,92,14,145,114,25.96,-36.633,-0.233,0.655,-20.195,0.75,0,0.462,258.728,137.998,492.365,2548.284,57.632,-104.983,2548.367,6,55.231,3.218,-101.331,0,0,,2549.478,,,,,,,2548.272,,2550.807,,2542.951,2543.078,2549.282,5,,456,0,,,,,,,,,,,,,,,,,,,0.159,-37.279,0.032,-17.14,-20.078,-48.588,-11.683,-63.828,19.752,-43.278,10.952,-62.182,40.907,-90.657,-0.166,-108.775,-42.082,-91.425,0.241,-37.074,,"소솨소솨",-0.167,-17.329,,"Yaksok~",-19.942,-49.424,,"눈꽃",-12.274,-64.133,,"Kr_Luna",17.853,-47.184,,"CoalCat",10.921,-62.04,,"AI",40.9,-90.65,,"ByeolBam",-0.698,-108.799,,"SUGUN",-42.098,-91.524,,,,,,,,,,,,,,,,,,,,,,,,,,,,,,,,,,,,,,,,,,,,,,,,,,,,,,,,"",1,0,"AI",,2548.272,2550.807,0,""
100,SIDE,3,0,6,2,0,0,2,0,1,1,255,14,18,,2552.992,,,,,,,,,,,,,,,,,,,,,,,5,,,,,,,,,,,,,,,,,,,,,,,,,,,,,,,,,,,,,,,0,0,,,,,,,,,,,,,,,,,,,,,,,,,,,,,,,,,,,,,,,,,,,,,,,,,,,,,,,,,,,,,,,,,,,,,,,,,,,,,,,,,,,,,,,,,,,,,,,,,,,,,,,,,,,,,,,,,,,,,,,,,,,,,,,,,,,,,,,,,,,,,,,,,"",0,0,"",,,,0,""
101,,4,1,6,2,0,0,0,0,0,0,255,255,255,54,2581.135,"HANA_ARASHI",R,10,82,122,0.78,-0.49,0.468,2.274,0.326,1.732,-36.685,38.713,86,14,0,0,0,400,3.378,0,0,5,0,R,"인생최패망자",190,80,0.346,,59,W,Y,1,,,,,,,,,,,,,,,,,,,,,,,,,,,,0,0,,,,,,,,,,,,,,,,,,,,,,,,,,,,,,,,,,,,,,0.071,-37.555,-0.009,-17.672,-21.176,-45.499,-15.536,-62.224,21.162,-43.403,11.211,-64.235,40.937,-90.684,0,-109.87,-41.017,-99.152,,,,"",,,,"",,,,"",,,,"",,,,"",,,,"",,,,"",,,,"",,,,,,,,,,,,,,,,,,,,,,,,,,,,,,,,,,,,,,,,,,,,,,,,,,,,,,,,,,"",0,0,"",,,,0,""
102,,4,1,6,2,0,1,0,0,0,0,255,255,255,55,2592.749,"HANA_ARASHI",R,26,96,140,-1.794,0.064,0.213,1.99,-0.857,1.46,-36.685,13.943,45,55,0,1,49.467,-200,11.313,0,0,5,0,R,"인생최패망자",190,80,0.346,,59,W,Y,0,,,,,,,,,,,,,,,,,,,,,,,,,,,,0,0,,,,,,,,,,,,,,,,,,,,,,,,,,,,,,,,,,,,,,-0.022,-37.6,-0.012,-17.695,-21.4,-45.301,-16.072,-62.738,18.281,-47.018,11.798,-65.142,40.907,-90.657,0,-109.85,-41.019,-99.648,,,,"",,,,"",,,,"",,,,"",,,,"",,,,"",,,,"",,,,"",,,,,,,,,,,,,,,,,,,,,,,,,,,,,,,,,,,,,,,,,,,,,,,,,,,,,,,,,,"",0,0,"",,,,0,""
103,,4,1,6,2,1,1,0,0,0,0,255,255,255,56,2604.366,"HANA_ARASHI",R,13,78,116,-2.868,-1.816,0.244,2.028,-0.712,0.936,-36.685,23.476,52,48,0,4,-309.983,392.315,22.575,-0.795,-18.37,5,0,R,"인생최패망자",190,80,0.346,,59,W,Y,1,,,,,,,,,,,,,,,,,,,,,,,,,,,,0,0,,,,,,,,,,,,,,,,,,,,,,,,,,,,,,,,,,,,,,-0.074,-37.674,-0.013,-17.694,-21.547,-45.193,-15.719,-62.991,18.505,-46.943,11.811,-65.186,40.907,-90.657,0,-109.85,-41.384,-99.537,,,,"",,,,"",,,,"",,,,"",,,,"",,,,"",,,,"",,,,"",,,,,,,,,,,,,,,,,,,,,,,,,,,,,,,,,,,,,,,,,,,,,,,,,,,,,,,,,,"",0,0,"",,,,0,""
104,,4,1,6,2,1,2,0,0,0,0,255,255,255,57,2618.661,"HANA_ARASHI",R,26,98,140,-0.139,-1.99,0.358,1.791,-0.184,0.168,-36.685,21.54,33,67,0,2,81.904,-200,21.75,0,0,5,0,R,"인생최패망자",190,80,0.346,0,59,W,Y,1,2619.721,169,221,141,134,63,145,119,0.431,-5.072,-0.021,0.291,-20.681,0.9,0,0.259,60.42,291.835,7.579,2619.176,0.992,-33.171,2622.375,7,6.267,0.059,-98.656,1,0,,2625.313,,,,,,,,,,,,,,,,,,,,,,,,,,,,,,,,,,,,0.021,-37.419,-0.018,-17.705,-21.354,-45.305,-15.875,-63.035,18.227,-47.02,11.783,-64.959,40.915,-90.664,0,-109.85,-42.25,-98.848,0.221,-36.846,,"Pring__",-0.019,-17.484,,"coder_",-21.316,-45.121,87,"うよすま",-15.769,-62.846,,"Fresh825",18.229,-47.055,,"kneesohime",11.699,-64.976,,"AI",40.9,-90.65,,"AI",0,-109.84,,"CAT tourniquet",-42.283,-98.822,,2633.462,0.987,-35.369,,,,2627.755,-18.492,-40.007,,,,,,,,,,,,,,,,,,,,,,,,,2632.23,-18.684,-39.01,,,,,,,,,,,,,,,,,,,"",2,0,"AI",,,,72,""
105,,4,1,6,2,0,0,0,1,0,0,0,255,255,58,2645.777,"HANA_ARASHI",R,26,86,139,0.523,0.381,0.43,2.243,0.152,1.629,-36.685,35.673,73,27,0,2,45.146,-187.822,-0.967,0,0,6,8,R,"SUGUN",179.9,82,0.5,5,59,W,Y,1,2647.215,203,77,106,73,4,145,98,0,44.854,0.087,1.047,-19.89,-0.39,0,0.258,503.778,-188.214,-213.811,2647.109,-15.042,-35.369,,,,,,1,0,,2652.647,,,,2651.578,,,,,,,,,,,,,,,,,,,,,,,,,,,,,,,,0.035,-37.454,-0.006,-17.506,-20.595,-41.792,-13.764,-59.963,19.326,-44.496,10.038,-63.159,40.915,-90.664,0,-109.86,-41.107,-99.186,0.192,-36.942,,"Pring__",-0.021,-17.61,,"coder_",-20.467,-44.296,,"うよすま",-13.522,-59.889,,"Fresh825",19.198,-44.878,,"kneesohime",10.372,-63.211,,"AI",40.9,-90.65,,"AI",0,-109.84,,"CAT tourniquet",-41.338,-99.161,,,,,,,,,,,,,,,,,,,,,,,,,,,,,,,,,,,,,,,,,,,,,,,,,,,,,,,,"",0,0,"",2651.578,,,0,""
106,,4,1,6,2,0,0,0,0,1,1,255,8,0,59,2679.039,"HANA_ARASHI",R,10,82,123,1.42,-2.725,0.504,1.86,0.495,0.287,-36.685,28.863,54,46,0,1,68.788,400,11.084,0.27,-21.068,7,7,R,"ByeolBam",175.4,92,0.5,,59,W,Y,0,,,,,,,,,,,,,,,,,,,,,,,,,,,,0,0,,,,,,,,,,,,,2679.206,2679.541,,,,,,,,,,,,,,,,,,,,,,,,0.08,-37.493,0.016,-17.999,-20.051,-43.263,-14.476,-58.77,18.674,-43.866,9.661,-63.53,40.915,-90.664,0,-109.86,-39.349,-98.392,,,,"",,,,"",,,,"",,,,"",,,,"",,,,"",,,,"",,,,"",,,,,,,,,,,,,,,,,,,,,,,,,,,,,,,,,,,,,,,,,,,,,,,,,,,,,,,,,,"",0,0,"",2681.793,2681.92,,0,""
107,,4,1,6,2,1,0,0,0,1,1,255,8,0,60,2691.788,"HANA_ARASHI",R,26,88,140,1.315,1.321,0.505,2.392,0.501,2.15,-36.685,53.413,76,24,0,1,41.009,-200,1.42,0,0,7,7,R,"ByeolBam",175.4,92,0.5,,59,W,Y,0,,,,,,,,,,,,,,,,,,,,,,,,,,,,0,0,,,,,,,,,,,,,2691.847,,,,,,,,,,,,,,,,,,,,,,,,,0.07,-37.609,0.01,-17.985,-20.64,-43.683,-14.48,-58.777,18.54,-43.029,11.627,-62.826,40.907,-90.657,0,-109.85,-40.593,-95.624,,,,"",,,,"",,,,"",,,,"",,,,"",,,,"",,,,"",,,,"",,,,,,,,,,,,,,,,,,,,,,,,,,,,,,,,,,,,,,,,,,,,,,,,,,,,,,,,,,"",0,0,"",2691.919,,,0,""
108,,4,1,6,2,1,1,0,0,1,1,255,8,0,61,2705.882,"HANA_ARASHI",R,14,90,126,-0.236,0.555,0.26,2.442,-0.641,2.327,-36.685,45.779,87,13,0,0,338.875,367.646,-0.553,0,0,7,7,R,"ByeolBam",175.4,92,0.5,,59,W,Y,0,,,,,,,,,,,,,,,,,,,,,,,,,,,,0,0,,,,,,,,,,,,,2712.596,,,,,,,,,,,,,,,,,,,,,,,,,0.011,-37.669,0.019,-17.996,-20.745,-43.179,-15.288,-59.531,18.913,-43.052,11.64,-62.812,40.907,-90.657,0,-109.85,-40.594,-95.579,,,,"",,,,"",,,,"",,,,"",,,,"",,,,"",,,,"",,,,"",,,,,,,,,,,,,,,,,,,,,,,,,,,,,,,,,,,,,,,,,,,,,,,,,,,,,,,,,,"",0,0,"",2708.057,,,0,""
109,,4,1,6,2,1,2,0,0,1,1,255,8,0,62,2723.699,"HANA_ARASHI",R,26,94,140,-2.007,1.455,0.206,2.414,-0.892,2.228,-36.685,39.32,76,24,0,4,8.125,-200,1.962,0,0,7,7,R,"ByeolBam",175.4,92,0.5,,78,W,Y,1,,,,,,,,,,,,,,,,,,,,,,,,,,,,0,0,,,,,,,,,,,,,2723.773,,2726.272,7,,578,0,,,,,,,,,,,,,,,,,,,0.01,-37.679,0.013,-17.982,-19.508,-42.805,-15.344,-59.711,19.287,-43.127,11.222,-62.625,40.915,-90.664,0,-109.86,-40.769,-95.503,,,,"",,,,"",,,,"",,,,"",,,,"",,,,"",,,,"",,,,"",,,,,,,,,,,,,,,,,,,,,,,,,,,,,,,,,,,,,,,,,,,,,,,,,,,,,,,,,,"",0,0,"",2726.084,,,0,""
110,,4,1,6,2,0,0,1,0,1,1,255,8,0,63,2741.359,"HANA_ARASHI",R,10,77,116,0.247,-0.312,0.471,2.332,0.345,1.95,-36.685,40.947,64,36,0,2,-142.98,400,24.254,0,0,0,5,R,"CoalCat",169.5,83,0.397,3,59,W,Y,1,2742.569,255,133,124,107,68,145,91,2.84,-13.007,0.123,1.139,-22.459,0.99,0,0.615,-44.171,252.253,-14.729,2742.642,5.133,-45.964,2743.551,5,7.415,0.056,-57.591,0,0,,2748,,,,,,,,,2754.004,,2742.165,2743.427,2747.572,0,,147,1,,,,,,,,,,,,,,,,,,,0.068,-37.668,0.006,-17.976,-21.821,-44.227,-15.291,-59.739,20.339,-41.971,11.77,-63.737,40.915,-90.664,0,-109.86,-40.812,-95.625,0.239,-36.95,,"Pring__",-0.001,-17.983,79,"coder_",-21.133,-44.426,100,"うよすま",-15.183,-59.554,,"Fresh825",17.794,-44.07,,"kneesohime",11.241,-63.872,105,"AI",40.9,-90.65,,"AI",0,-109.84,,"CAT tourniquet",-40.798,-95.62,,2754.112,2.85,-22.988,2748.851,-0.117,-21.332,2746.945,-18.852,-40.055,,,,,,,2744.518,7.811,-58.792,,,,,,,,,,,,,2753.731,3.46,-25.267,2747.613,-16.935,-37.883,,,,,,,2745.75,3.055,-55.541,,,,,,,,,,"",2,0,"kneesohime",2753.563,,2754.004,75,""
111,,4,1,7,2,0,0,2,0,1,0,255,8,255,64,2788.859,"HANA_ARASHI",R,13,78,115,-0.299,0.361,0.548,2.377,0.499,2.244,-36.685,56.122,73,27,0,2,-365.264,341.442,20.978,0,0,1,2,R,"Yaksok~",183,80,0.328,3,57,W,Y,1,2789.874,176,110,139,117,60,145,84,-5.176,24.589,-0.071,1.164,-21.14,1,0,0.15,-210.361,272.96,30.131,2789.284,-3.811,-29.153,2791.142,3,-14.704,0.057,-54.694,0,0,,,,,,,,,,,,,,,2794.283,1,,147,32,,,,,,,,,,,,,,,,,,,0.061,-37.554,0.03,-17.513,-22.462,-45.753,-16.016,-62.643,20.657,-44.284,9.924,-64.767,40.952,-90.698,0,-109.9,-39.579,-101.95,0.21,-36.937,,"Pring__",0.032,-17.505,,"coder_",-22.174,-45.794,,"うよすま",-15.896,-62.581,89,"Fresh825",20.63,-44.284,,"kneesohime",9.906,-64.7,,"AI",40.9,-90.65,,"AI",0,-109.84,,"CAT tourniquet",-39.494,-101.313,,,,,,,,2793.674,-18.82,-40.405,2792.168,-15.377,-56.009,,,,,,,,,,,,,,,,,,,,,,,,,2793.008,-15.629,-51.317,,,,,,,,,,,,,,,,"",2,0,"うよすま",,,,40,""
112,SIDE,4,1,7,2,0,0,2,0,1,0,255,8,255,,2794.994,,,,,,,,,,,,,,,,,,,,,,,2,,,,,,,,,,,,,,,,,,,,,,,,,,,,,,,,,,,,,,,0,0,,,,,,,,,,,,,,,,,,,,,,,,,,,,,,,,,,,,,,,,,,,,,,,,,,,,,,,,,,,,,,,,,,,,,,,,,,,,,,,,,,,,,,,,,,,,,,,,,,,,,,,,,,,,,,,,,,,,,,,,,,,,,,,,,,,,,,,,,,,,,,,,,"",0,0,"",,,,0,""
113,,4,0,7,2,0,0,0,0,0,0,255,255,255,40,2828.595,"인생최패망자",R,32,95,140,-0.378,1.089,0.713,1.453,-0.403,2.312,-36.742,37.047,2,83,15,1,155.524,4.841,6.077,0,0,6,0,R,"HANA_ARASHI",190,90,0.25,,58,W,Y,0,,,,,,,,,,,,,,,,,,,,,,,,,,,,0,0,,,,,,,,,,,,,,,,,,,,,,,,,,,,,,,,,,,,,,0.232,-37.261,-0.04,-17.021,-20.441,-50.768,-13.138,-65.079,18.892,-47.933,9.685,-63.107,40.93,-90.678,-2.308,-110.093,-43.896,-96.379,,,,"",,,,"",,,,"",,,,"",,,,"",,,,"",,,,"",,,,"",,,,2833.22,-0.44,-37.309,,,,,,,,,,,,,,,,,,,,,,,,,,,,,,,,,,,,,,,,,,,,,,,,,,,,"",0,0,"",,,,0,""
114,,4,0,7,2,1,0,0,0,0,0,255,255,255,41,2846.073,"인생최패망자",R,32,85,137,5.312,-0.068,1.004,1.34,1.943,1.544,-36.742,81.102,6,80,14,1,239.949,-38.037,4.051,1.468,-6.966,6,0,R,"HANA_ARASHI",190,90,0.25,,58,W,Y,0,,,,,,,,,,,,,,,,,,,,,,,,,,,,0,0,,,,,,,,,,,,,,,,,,,,,,,,,,,,,,,,,,,,,,0.274,-37.227,-0.092,-17.129,-20.44,-50.761,-13.176,-65.139,18.896,-48.005,9.531,-63.102,40.915,-90.664,-0.737,-111.331,-44.132,-96.288,,,,"",,,,"",,,,"",,,,"",,,,"",,,,"",,,,"",,,,"",,,,2853.239,-0.456,-37.429,,,,,,,,,,,,,,,,,,,,,,,,,,,,,,,,,,,,,,,,,,,,,,,,,,,,"",0,0,"",,,,0,""
115,,4,0,7,2,2,0,0,0,0,0,255,255,255,42,2864.292,"인생최패망자",R,32,87,140,4.826,0.363,0.903,1.191,0.48,1.138,-36.742,81.396,9,91,0,2,250,-57.446,-7.838,0,0,6,0,R,"HANA_ARASHI",190,90,0.25,0,58,W,Y,1,2865.306,213,63,70,45,32,138,98,-17.115,22.67,0.356,0.738,-20.058,-0.49,0,0.497,9.317,12.593,-8.123,2864.4,-0.534,-22.19,2866.717,3,-15.15,0.055,-57.393,0,0,,,,,,,,,,,,,,,2869.821,6,,147,4,,,,,,,,,,,,,,,,,,,0.205,-37.51,-0.031,-17.023,-20.459,-50.784,-13.16,-65.141,18.95,-47.92,9.488,-63.045,40.915,-90.664,-1.035,-111.82,-44.329,-96.332,0.38,-36.623,,"소솨소솨",-0.219,-17.08,,"Yaksok~",-20.458,-50.775,94,"눈꽃",-13.179,-65.13,88,"Kr_Luna",18.882,-47.989,,"CoalCat",9.537,-62.983,,"AI",40.9,-90.65,,"ByeolBam",-1.057,-111.801,,"SUGUN",-44.151,-96.42,,2871.757,-3.138,-40.623,,,,2869.32,-19.071,-41.003,2867.644,-15.758,-58.746,,,,,,,,,,,,,,,,,,,,,,2871.089,-14.092,-41.251,2868.449,-16.478,-54.716,,,,,,,,,,,,,,,,"",2,0,"눈꽃",,,,38,""
116,,4,0,7,2,0,0,1,0,0,0,255,255,255,43,2889.287,"인생최패망자",R,32,93,140,0.362,0.736,0.778,1.483,-0.101,2.086,-36.742,47.033,7,69,24,0,169.458,3.83,6.703,0,0,0,5,R,"kneesohime",190,85,0.497,,58,W,Y,1,,,,,,,,,,,,,,,,,,,,,,,,,,,,0,0,,,,,,,,,,,,,,,,,,,,,,,,,,,,,,,,,,,,,,0.223,-37.319,0.009,-17.099,-20.018,-49.722,-13.409,-64.834,16.107,-51.627,7.687,-63.297,40.922,-90.671,0.301,-112.332,-43.872,-94.215,,,,"",,,,"",,,,"",,,,"",,,,"",,,,"",,,,"",,,,"",,,,2893.123,-0.349,-37.386,,,,,,,,,,,,,,,,,,,,,,,,,,,,,,,,,,,,,,,,,,,,,,,,,,,,"",0,0,"",,,,0,""
117,,4,0,7,2,0,1,1,0,0,0,255,255,255,44,2904.055,"인생최패망자",R,32,92,140,1.025,0.658,0.824,1.365,0.113,2.027,-36.742,55.091,5,64,31,0,222.672,-12.302,10.644,0,0,0,5,R,"kneesohime",190,85,0.497,,58,W,Y,1,,,,,,,,,,,,,,,,,,,,,,,,,,,,0,0,,,,,,,,,,,,,,,,,,,,,,,,,,,,,,,,,,,,,,0.194,-37.324,-0.001,-17.11,-19.972,-50.023,-13.411,-64.825,16.27,-51.676,7.516,-63.167,40.915,-90.664,0.091,-112.29,-44.071,-93.817,,,,"",,,,"",,,,"",,,,"",,,,"",,,,"",,,,"",,,,"",,,,2908.127,-0.245,-37.368,,,,,,,,,,,,,,,,,,,,,,,,,,,,,,,,,,,,,,,,,,,,,,,,,,,,"",0,0,"",,,,0,""
118,,4,0,7,2,0,2,1,0,0,0,255,255,255,45,2918.352,"인생최패망자",R,3,89,112,-3.497,-0.435,0.701,1.117,-0.618,1.366,-36.742,66.54,8,26,65,2,-500,0,-3.06,0,0,0,5,R,"kneesohime",190,85,0.497,3,58,W,Y,1,2919.537,232,164,108,105,76,145,87,-30,65.622,-0.556,0.895,-21.161,1,0,0.35,-154.304,436.612,45.158,2918.692,-3.574,-22.511,,,,,,0,0,,,,,,,,,,,,,,,,,,,,,,,,,,,,,,,,,,,,,,0.198,-37.424,-0.005,-17.12,-19.982,-50.029,-13.395,-64.84,16.276,-51.622,7.524,-63.171,40.911,-90.66,0.172,-112.262,-43.82,-94.306,-0.073,-36.898,,"소솨소솨",-0.127,-17.093,,"Yaksok~",-19.983,-50.027,,"눈꽃",-13.391,-64.822,,"Kr_Luna",16.247,-51.699,,"CoalCat",7.585,-63.094,,"AI",40.9,-90.65,,"ByeolBam",-0.327,-111.528,,"SUGUN",-43.854,-94.288,,,,,,,,,,,,,,,,,,,,,,,,,,,,,,,,,,,,,,,,,,,,,,,,,,,,,,,,"",3,0,"",,,,0,""
119,,4,0,7,2,0,2,1,0,0,0,255,255,255,46,2936.81,"인생최패망자",R,32,91,140,0.223,-0.563,0.841,1.134,-0.276,1.279,-36.742,63.73,9,16,75,2,250,5.767,3.1,0,0,0,5,R,"kneesohime",190,85,0.497,0,58,W,Y,1,2937.887,249,69,119,62,40,145,133,-15.052,28.848,0.019,0.773,-19.73,0.54,0,0.231,17.954,13.899,-16.132,2937,-1.415,-22.332,2938.309,2,-15.872,0.556,-48.572,0,0,,2943.81,,,,,,,,,,,,,2942.15,0,,147,0,,,,,,,,,,,2941.682,2,,,,,,,0.294,-37.312,0.005,-17.117,-20.592,-50.527,-14.508,-64.075,15.738,-49.491,7.184,-63.05,40.915,-90.664,0.275,-110.96,-44.319,-93.19,0.173,-37.094,,"소솨소솨",-0.129,-17.104,,"Yaksok~",-20.601,-50.535,101,"눈꽃",-14.462,-63.963,,"Kr_Luna",15.718,-49.475,,"CoalCat",7.2,-62.957,,"AI",40.9,-90.65,,"ByeolBam",0.274,-110.959,,"SUGUN",-44.587,-93.148,,2943.609,-0.65,-38.1,,,,2939.294,-16.546,-49.792,,,,,,,,,,,,,,,,,,,,,,,,,2942.81,-15.687,-40.562,,,,,,,,,,,,,,,,,,,"",2,0,"Yaksok~",,,,34,""
120,,4,0,7,2,0,0,2,0,0,0,255,255,255,47,2959.254,"인생최패망자",R,0,86,140,-0.917,0.198,0.809,1.378,-0.424,1.746,-36.742,70.63,5,76,18,2,0,0,0,0,0,1,1,L,"Pring__",190,92.911,0.481,3,58,W,Y,1,2960.248,181,88,111,96,39,145,106,-61.549,-63.38,-0.185,1.085,-20.171,-0.08,0,0.426,10.684,-368.209,375.866,2959.334,0.922,-20.723,,,,,,0,0,,,,,,,,,,,,,,,,,,,,,,,,,,,,,,,,,,,,,,0.111,-37.648,0.03,-17.221,-20.457,-50.084,-13.009,-65.125,19.585,-47.205,13.338,-61.416,40.922,-90.671,-0.268,-113.974,-45.453,-93.791,0.407,-36.948,,"소솨소솨",-0.068,-17.177,,"Yaksok~",-20.471,-50.102,,"눈꽃",-11.942,-65.399,,"Kr_Luna",19.606,-47.193,,"CoalCat",13.369,-61.298,,"AI",40.9,-90.65,,"ByeolBam",-0.538,-113.992,,"SUGUN",-43.072,-92.647,,,,,,,,,,,,,,,,,,,,,,,,,,,,,,,,,,,,,,,,,,,,,,,,,,,,,,,,"",3,0,"",,,,0,""
121,,4,0,7,2,0,1,2,0,0,0,255,255,255,48,2975.277,"인생최패망자",R,0,87,140,0.249,0.416,0.917,1.42,0.08,1.882,-36.742,68.923,4,96,0,2,0,0,0,0,0,1,1,L,"Pring__",190,92.911,0.481,3,58,W,Y,1,2976.281,232,118,74,96,53,145,130,100.464,74.601,0.011,1.153,-19.782,0.5,0,0.454,471.209,20.669,260.428,,,,,,,,,0,0,,,,,,,,,,,,,,,,,,,,,,,,,,,,,,,,,,,,,,0.208,-37.494,0.01,-17.168,-20.572,-50.455,-12.353,-65.244,19.508,-47.197,13.047,-61.157,40.915,-90.664,0.785,-113.29,-39.952,-89.979,0.433,-36.897,,"소솨소솨",-0.008,-17.14,,"Yaksok~",-20.573,-50.455,,"눈꽃",-11.999,-65.44,,"Kr_Luna",19.543,-47.146,,"CoalCat",13.164,-61.003,,"AI",40.9,-90.65,,"ByeolBam",0.781,-113.296,,"SUGUN",-40.138,-90.308,,,,,,,,,,,,,,,,,,,,,,,,,,,,,,,,,,,,,,,,,,,,,,,,,,,,,,,,"",3,0,"",,,,0,""
122,,4,0,7,2,0,2,2,0,0,0,255,255,255,49,2990.735,"인생최패망자",R,3,95,116,-2.166,-0.241,0.873,1.268,-0.085,1.477,-36.742,47.09,7,68,25,2,-500,0,7.755,0,0,1,1,L,"Pring__",190,92.911,0.481,0,58,W,Y,1,2991.746,186,141,66,111,95,140,99,52.259,0.179,-0.34,1.101,-21.278,-0.5,0,0.548,495.456,90.164,-150.808,,,,2997.284,3,-0.536,4.213,-84.024,0,0,,2998.559,,,,,,,,,,,,,2998.225,1,,452,0,,,,,,,,,,,,,,,,,,,0.407,-37.343,0.019,-17.174,-21.081,-50.478,-12.999,-65.084,19.538,-47.253,13.824,-61.282,40.915,-90.664,0.69,-113.231,-42.669,-92.818,0.044,-36.88,,"소솨소솨",-0.055,-17.188,,"Yaksok~",-20.758,-50.993,,"눈꽃",-12.964,-64.699,51,"Kr_Luna",19.606,-47.199,,"CoalCat",13.88,-61.146,,"AI",40.9,-90.65,,"ByeolBam",0.692,-113.246,,"SUGUN",-42.896,-92.824,,,,,,,,,,,2998.233,-0.853,-84.317,,,,,,,,,,,,,,,,,,,,,,,,,3000.817,-1.337,-82.561,,,,,,,,,,,,,,,,"",1,0,"눈꽃",,,,4,""
123,SIDE,4,0,7,2,0,0,2,0,0,0,255,255,255,,3000.781,,,,,,,,,,,,,,,,,,,,,,,2,,,,,,,,,,,,,,,,,,,,,,,,,,,,,,,,,,,,,,,0,0,,,,,,,,,,,,,,,,,,,,,,,,,,,,,,,,,,,,,,,,,,,,,,,,,,,,,,,,,,,,,,,,,,,,,,,,,,,,,,,,,,,,,,,,,,,,,,,,,,,,,,,,,,,,,,,,,,,,,,,,,,,,,,,,,,,,,,,,,,,,,,,,,"",0,0,"",,,,0,""
124,,5,1,7,2,0,0,0,0,0,0,255,255,255,65,3036.155,"HANA_ARASHI",R,32,77,114,1.733,0.271,0.492,2.058,0.294,1.512,-36.685,46.13,61,39,0,2,250,-200,10.72,0,0,2,3,L,"눈꽃",174.7,85,0.505,3,58,W,Y,1,3037.297,163,206,73,107,64,145,81,102.496,76.649,0.33,1.094,-20.875,1,0,0.516,33.232,-143.16,-576.849,,,,,,,,,0,0,,,,,,,,,,,,,,,,,,,,,,,,,,,,,,,,,,,,,,0.012,-37.631,-0.05,-17.397,-20.617,-44.153,-12.523,-62.98,22.559,-45.568,10.556,-65.218,40.922,-90.671,0,-109.88,-35.992,-97.395,0.006,-36.919,,"Pring__",-0.051,-17.407,,"coder_",-20.047,-44.046,,"うよすま",-12.383,-62.823,,"Fresh825",22.549,-45.566,,"kneesohime",10.494,-65.131,,"AI",40.9,-90.65,,"AI",0,-109.84,,"CAT tourniquet",-35.935,-99.07,,,,,,,,,,,,,,,,,,,,,,,,,,,,,,,,,,,,,,,,,,,,,,,,,,,,,,,,"",3,0,"",,,,0,""
125,,5,1,7,2,0,1,0,0,0,0,255,255,255,66,3049.781,"HANA_ARASHI",R,26,103,140,-2.114,-1.335,0.203,1.956,-0.905,0.617,-36.685,10.041,51,49,0,1,-17.2,-200,30.282,0,0,2,3,L,"눈꽃",174.7,85,0.505,,58,W,Y,0,,,,,,,,,,,,,,,,,,,,,,,,,,,,0,0,,,,,,,,,,,,,,,,,,,,,,,,,,,,,,,,,,,,,,-0.031,-37.449,-0.044,-17.424,-20.58,-44.247,-12.642,-63.347,23.222,-44.699,10.017,-65.387,40.908,-90.657,0,-109.85,-42.371,-98.793,,,,"",,,,"",,,,"",,,,"",,,,"",,,,"",,,,"",,,,"",,,,,,,,,,,,,,,,,,,,,,,,,,,,,,,,,,,,,,,,,,,,,,,,,,,,,,,,,,"",0,0,"",,,,0,""
126,,5,1,7,2,1,1,0,0,0,0,255,255,255,67,3065.54,"HANA_ARASHI",R,10,80,120,-1.459,-0.76,0.265,2.349,-0.615,2.004,-36.685,42.114,89,11,0,2,0,400,5.988,0,0,2,3,L,"눈꽃",174.7,85,0.505,5,58,W,Y,1,3066.786,191,165,80,62,49,145,84,-20.136,55.82,-0.252,0.835,-20.839,1,0,0.51,-363.423,-425.395,216.71,3065.901,-1.942,-21.993,,,,,,0,0,,,,,,,,,,,,,,,,,,,,,,,,,,,,,,,,,,,,,,-0.008,-37.678,-0.046,-17.411,-20.626,-44.031,-13.088,-64.963,22.225,-45.632,9.881,-65.426,40.915,-90.664,0,-109.85,-40.307,-101.543,0.16,-36.925,,"Pring__",-0.062,-17.398,,"coder_",-20.608,-44.045,,"うよすま",-13.179,-63.823,,"Fresh825",22.449,-45.501,,"kneesohime",9.827,-65.307,,"AI",40.9,-90.65,,"AI",0,-109.84,,"CAT tourniquet",-39.742,-100.42,,,,,,,,,,,,,,,,,,,,,,,,,,,,,,,,,,,,,,,,,,,,,,,,,,,,,,,,"",3,0,"",,,,0,""
127,,5,1,7,2,1,2,0,0,0,0,255,255,255,68,3083.164,"HANA_ARASHI",R,26,105,140,-1.987,-1.505,0.188,1.73,-0.972,0.528,-36.685,18.031,39,61,0,1,79.084,-200,43.583,0,0,2,3,L,"눈꽃",174.7,85,0.505,,58,W,Y,0,,,,,,,,,,,,,,,,,,,,,,,,,,,,0,0,,,,,,,,,,,,,,,,,,,,,,,,,,,,,,,,,,,,,,-0.027,-37.609,-0.023,-17.64,-21.045,-43.793,-14.254,-64.325,22.04,-44.97,11.008,-64.98,40.915,-90.664,0,-109.85,-43.561,-98.444,,,,"",,,,"",,,,"",,,,"",,,,"",,,,"",,,,"",,,,"",,,,,,,,,,,,,,,,,,,,,,,,,,,,,,,,,,,,,,,,,,,,,,,,,,,,,,,,,,"",0,0,"",,,,0,""
128,,5,1,7,2,2,2,0,0,0,0,255,255,255,69,3098.703,"HANA_ARASHI",R,10,85,126,-4.495,-1.103,0.384,2.199,-0.064,1.475,-36.685,37.925,75,25,0,2,2.195,400,10.447,0,0,2,3,L,"눈꽃",174.7,85,0.505,0,58,W,Y,1,3099.798,205,94,74,55,41,141,97,10.587,-27.145,-0.033,0.541,-19.966,-0.35,0,0.277,292.999,-240.623,128.958,3101.325,26.505,-68.145,3102.534,6,33.479,0.056,-79.86,1,0,,3105.004,,,,,,,,,,,,,,,,,,,,,,,,,,,,,,,,,,,,-0.03,-37.565,-0.016,-17.618,-21.381,-44.348,-14.155,-64.087,21.868,-44.396,10.287,-64.744,40.915,-90.664,0,-109.85,-43.575,-98.529,0.161,-36.942,,"Pring__",-0.035,-17.615,,"coder_",-21.549,-44.398,,"うよすま",-14.184,-64.131,81,"Fresh825",21.87,-44.398,,"kneesohime",10.253,-64.72,,"AI",40.9,-90.65,,"AI",0,-109.84,,"CAT tourniquet",-43.547,-98.502,,3110.937,-0.483,-39.789,,,,,,,3106.825,0.127,-59.213,,,,,,,,,,,,,,,,,,,,,,,,,3109.929,-2.94,-56.143,,,,,,,,,,,,,,,,"",2,0,"AI",,,,96,""
129,,5,1,7,2,0,0,0,1,0,0,3,255,255,70,3125.441,"HANA_ARASHI",R,32,82,118,-0.228,0.027,0.245,2.132,-0.472,1.399,-36.685,35.505,66,34,0,2,213.722,-200,5.361,0,0,3,4,L,"Kr_Luna",190,94.432,0.499,3,58,W,Y,0,3126.303,191,99,139,77,35,145,116,27.22,-13.657,-0.042,1.03,-20.409,0.8,0,0.1,417.471,-118.732,-76.135,3130.575,27.954,-121.047,3132.851,7,27.336,0.095,-125.451,1,0,,3132.162,3136.928,,,3131.238,3136.18,3140.88,,,,,,,,,,,,,,,,,,,,,,,,,,,,,,-0.131,-37.649,-0.026,-17.632,-21.353,-41.103,-10.713,-61.155,22.221,-45.754,12.535,-63.43,40.915,-90.664,0,-109.86,-43.035,-98.281,-0.129,-36.936,,"Pring__",-0.032,-17.634,130,"coder_",-21.025,-42.007,,"うよすま",-10.524,-61.083,91,"Fresh825",21.939,-45.448,,"kneesohime",12.616,-63.275,,"AI",40.9,-90.65,,"AI",0,-109.84,,"CAT tourniquet",-43.029,-98.287,,3145.422,-2.358,-36.371,3141.133,0.304,-21.56,,,,3138.112,3.657,-68.017,,,,,,,,,,,,,,,,,,,3144.679,0.112,-22.358,,,,3138.977,3.697,-63.484,,,,,,,,,,,,,,,,"",2,0,"AI",3131.238,3136.18,3140.88,98,""
130,,5,1,8,2,0,0,0,0,1,0,255,4,255,71,3159.754,"HANA_ARASHI",R,26,88,140,1.394,1.756,0.521,2.479,0.501,2.512,-36.685,59.748,60,40,0,2,65.947,-200,1.775,0,0,4,1,R,"소솨소솨",190,80,0.501,3,58,W,Y,1,3160.795,153,71,90,45,19,142,101,25.311,52.921,0.244,1.606,-19.203,0.95,0,0.462,216.566,-112.26,-379.874,,,,,,,,,0,0,,,,,,,,,,,,,3172.648,,,,,,,,,,,,,,,,,,,,,,,,,0.051,-37.512,-0.067,-17.544,-20.795,-44.143,-14.469,-61.065,21.464,-44.652,13.996,-62.006,40.915,-90.664,0,-109.85,-43.17,-100.929,0.268,-37.012,,"Pring__",-0.073,-17.532,,"coder_",-20.165,-43.71,,"うよすま",-14.759,-60.622,,"Fresh825",20.291,-45.941,,"kneesohime",13.431,-62.156,,"AI",40.9,-90.65,,"AI",0,-109.84,,"CAT tourniquet",-43.231,-100.915,,,,,,,,,,,,,,,,,,,,,,,,,,,,,,,,,,,,,,,,,,,,,,,,,,,,,,,,"",3,0,"",3162.807,,,0,""
131,,5,1,8,2,0,1,0,0,1,0,255,4,255,72,3173.021,"HANA_ARASHI",R,26,89,140,0.808,0.054,0.454,2.185,0.262,1.445,-36.685,41.293,90,10,0,2,55.501,-200,1.072,0,0,4,1,R,"소솨소솨",190,80,0.501,5,58,W,Y,1,3174.043,195,189,100,31,15,145,89,105.187,-23.657,0.145,1.016,-20.147,-1,0,0.498,544.752,69.334,241.74,,,,,,,,,0,0,,,,,,,,,,,,,,,,,,,,,,,,,,,,,,,,,,,,,,0.011,-37.494,-0.074,-17.552,-20.042,-42.768,-14.562,-62.446,20.407,-46.055,12.517,-63.031,40.907,-90.657,0,-109.85,-49.383,-98.289,0.187,-36.92,,"Pring__",-0.071,-17.553,,"coder_",-19.934,-42.859,,"うよすま",-14.345,-62.311,,"Fresh825",20.403,-46.046,,"kneesohime",12.419,-62.966,,"AI",40.9,-90.65,,"AI",0,-109.84,,"CAT tourniquet",-49.382,-98.307,,,,,,,,,,,,,,,,,,,,,,,,,,,,,,,,,,,,,,,,,,,,,,,,,,,,,,,,"",3,0,"",3177.383,,,0,""
132,,5,1,8,2,0,2,0,0,1,0,255,4,255,73,3186.748,"HANA_ARASHI",R,10,81,108,-2.679,0.448,0.098,2.513,-1.168,2.413,-36.685,51.265,77,23,0,4,0,400,16.88,0,0,4,1,R,"소솨소솨",190,80,0.501,,58,W,Y,1,,,,,,,,,,,,,,,,,,,,,,,,,,,,0,0,,,,,,,,,,,,,3188.44,,3189.537,4,,578,0,,,,,,,,,,,,,,,,,,,-0.049,-37.805,-0.013,-17.628,-20.604,-43.43,-16.15,-61.642,20.519,-46.175,12.879,-62.88,40.907,-90.657,0,-109.85,-50.102,-98.089,,,,"",,,,"",,,,"",,,,"",,,,"",,,,"",,,,"",,,,"",,,,,,,,,,,,,,,,,,,,,,,,,,,,,,,,,,,,,,,,,,,,,,,,,,,,,,,,,,"",0,0,"",3190.599,,,0,""
133,,5,1,8,2,0,0,1,0,1,0,255,4,255,74,3205.332,"HANA_ARASHI",R,10,81,121,-1.937,0.585,0.25,2.285,-0.852,2.416,-36.685,37.743,77,23,0,1,1.101,400,17.225,0,0,5,0,R,"인생최패망자",190,80,0.346,,58,W,Y,0,,,,,,,,,,,,,,,,,,,,,,,,,,,,0,0,,,,,,,,,,,,,3218.177,,,,,,,,,,,,,,,,,,,,,,,,,0.032,-37.717,-0.029,-17.574,-20.374,-43.598,-16.333,-62.52,21.108,-47.069,12.804,-62.11,40.915,-90.664,0,-109.85,-43.988,-97.816,,,,"",,,,"",,,,"",,,,"",,,,"",,,,"",,,,"",,,,"",,,,,,,,,,,,,,,,,,,,,,,,,,,,,,,,,,,,,,,,,,,,,,,,,,,,,,,,,,"",0,0,"",3208.359,,,0,""
134,,5,1,8,2,1,0,1,0,1,0,255,4,255,75,3218.397,"HANA_ARASHI",R,26,93,140,-1.155,-1.047,0.288,1.98,-0.507,0.779,-36.685,18.589,40,60,0,4,-4.277,-172.505,17.049,0.156,-21.802,5,0,R,"인생최패망자",190,80,0.346,,58,W,Y,1,,,,,,,,,,,,,,,,,,,,,,,,,,,,0,0,,,,,,,,,,,,,3238.603,,,,,,,,,,,,,,,,,,,,,,,,,-0.03,-37.469,-0.028,-17.587,-20.5,-43.558,-16.296,-62.649,21.103,-47.071,12.605,-63.241,40.907,-90.657,0,-109.85,-43.97,-97.841,,,,"",,,,"",,,,"",,,,"",,,,"",,,,"",,,,"",,,,"",,,,,,,,,,,,,,,,,,,,,,,,,,,,,,,,,,,,,,,,,,,,,,,,,,,,,,,,,,"",0,0,"",3221.054,,,0,""
135,,5,1,8,2,1,1,1,0,1,0,255,4,255,76,3239.457,"HANA_ARASHI",R,13,85,125,-1.65,0.903,0.364,2.33,-0.156,2.536,-36.685,42.471,85,15,0,4,-361.424,345.504,-11.247,0,0,5,0,R,"인생최패망자",190,80,0.346,,58,W,Y,1,,,,,,,,,,,,,,,,,,,,,,,,,,,,0,0,,,,,,,,,,,,,3240.917,,,,,,,,,,,,,,,,,,,,,,,,,0.042,-37.605,0.007,-17.436,-20.506,-42.894,-16.433,-62.617,20.622,-47.217,11.809,-63.133,40.915,-90.664,0,-109.85,-42.348,-100.211,,,,"",,,,"",,,,"",,,,"",,,,"",,,,"",,,,"",,,,"",,,,,,,,,,,,,,,,,,,,,,,,,,,,,,,,,,,,,,,,,,,,,,,,,,,,,,,,,,"",0,0,"",3240.45,,,0,""
136,,5,1,8,2,1,2,1,0,1,0,255,4,255,77,3252.367,"HANA_ARASHI",R,13,71,111,-1.265,1.645,0.474,2.427,0.157,3.036,-36.685,57.886,87,13,0,1,-390.434,312.348,-19.528,0,0,5,0,R,"인생최패망자",190,80,0.346,,58,W,Y,0,,,,,,,,,,,,,,,,,,,,,,,,,,,,0,0,,,,,,,,,,,,,3265.458,,,,,,,,,,,,,,,,,,,,,,,,,0.12,-37.76,-0.019,-17.448,-20.47,-42.899,-16.425,-62.636,20.606,-47.189,11.827,-63.145,40.907,-90.657,0,-109.85,-42.329,-100.247,,,,"",,,,"",,,,"",,,,"",,,,"",,,,"",,,,"",,,,"",,,,,,,,,,,,,,,,,,,,,,,,,,,,,,,,,,,,,,,,,,,,,,,,,,,,,,,,,,"",0,0,"",3255.898,,,0,""
137,,5,1,8,2,2,2,1,0,1,0,255,4,255,78,3267.057,"HANA_ARASHI",R,10,86,128,-0.689,-1.035,0.331,2.156,-0.309,1.349,-36.685,23.517,75,25,0,2,0,400,40.505,0,0,5,0,R,"인생최패망자",190,80,0.346,5,58,W,Y,1,3268.168,232,82,146,112,60,145,129,-30,9.195,-0.138,0.56,-20.058,0.74,0,0.361,-545.791,-249.075,8.565,3267.142,-0.302,-21.077,3269.351,3,-8.764,2.167,-61.65,0,0,,3273.64,,,,,,,3273.339,,,,,,3273.432,5,,147,32,,,,,,,,,,,,,,,3278.093,4,,,0.073,-37.372,-0.008,-17.446,-21.076,-43.667,-16.46,-62.642,20.768,-46.877,11.832,-63.137,40.907,-90.657,0,-109.85,-42.198,-100.381,0.259,-36.992,,"Pring__",-0.043,-17.485,,"coder_",-19.965,-43.746,110,"うよすま",-16.271,-62.388,95,"Fresh825",20.768,-46.889,57,"kneesohime",10.462,-63.101,,"AI",40.9,-90.65,,"AI",0,-109.84,,"CAT tourniquet",-42.194,-100.404,,3280.468,-1.757,-38.215,,,,3272.78,-18.389,-40.746,3270.368,-9.286,-63.209,3274.736,18.319,-39.812,,,,,,,,,,,,,,,,,,,3273.309,-15.55,-40.428,3271.69,-8.785,-58.036,3278.782,17.692,-39.493,,,,,,,,,,,,,"",2,0,"うよすま",,3273.339,,120,""
138,,5,1,8,2,0,0,2,0,0,1,255,255,4,79,3292.949,"HANA_ARASHI",R,10,67,110,0.266,-0.366,0.42,2.331,0.104,1.932,-36.685,45.351,88,12,0,0,0,400,-25.058,-2.542,-20.089,6,8,R,"SUGUN",179.9,82,0.5,,58,W,Y,0,,,,,,,,,,,,,,,,,,,,,,,,,,,,0,0,,,,,,,,,,,,,,3313.007,,,,,,,,,,,,,,,,,,,,,,,,0,-37.516,-0.04,-17.498,-21.344,-45.055,-15.746,-62.837,18.795,-45.898,9.046,-63.825,40.915,-90.664,0,-109.85,-36.678,-101.55,,,,"",,,,"",,,,"",,,,"",,,,"",,,,"",,,,"",,,,"",,,,3301.139,-0.036,-37.846,,,,,,,,,,,,,,,,,,,,,,,,,,,,,,,,,,,,,,,,,,,,,,,,,,,,"",0,0,"",,3295.98,,0,""
139,,5,1,8,2,0,1,2,0,0,1,255,255,4,80,3313.288,"HANA_ARASHI",R,26,87,123,0.4,-0.235,0.351,2.063,-0.145,1.227,-36.685,27.641,72,28,0,2,190.273,-200,3.607,0,0,6,8,R,"SUGUN",179.9,82,0.5,0,58,W,Y,1,3314.305,251,108,80,64,10,145,115,28.439,28.371,-0.016,1.006,-20.797,0.86,0,0.368,365.541,24.193,307.187,,,,3318.284,8,-47.509,3.185,-103.791,0,0,,3319.759,,,,,,,,,3319.012,,,,3319.304,6,,457,0,,,,,,,,,,,,,,,,,,,0.009,-37.574,-0.033,-17.624,-21.798,-44.245,-16.212,-62.838,18.687,-45.92,10.542,-63.466,40.915,-90.664,0,-109.85,-36.658,-101.553,0.18,-36.923,,"Pring__",-0.037,-17.667,,"coder_",-20.967,-44.133,,"うよすま",-16.096,-62.627,,"Fresh825",18.674,-45.909,,"kneesohime",10.444,-63.325,,"AI",40.9,-90.65,,"AI",0,-109.84,,"CAT tourniquet",-36.66,-101.555,,,,,,,,,,,,,,,,,,,,,,,,,,3319.315,-48.035,-104.451,,,,,,,,,,,,,,,,,,,,,,,,,,,,"",1,0,"CAT tourniquet",,,3319.012,4,""
140,SIDE,5,1,8,2,0,0,2,0,0,1,255,255,4,,3322.972,,,,,,,,,,,,,,,,,,,,,,,7,,,,,,,,,,,,,,,,,,,,,,,,,,,,,,,,,,,,,,,0,0,,,,,,,,,,,,,,,,,,,,,,,,,,,,,,,,,,,,,,,,,,,,,,,,,,,,,,,,,,,,,,,,,,,,,,,,,,,,,,,,,,,,,,,,,,,,,,,,,,,,,,,,,,,,,,,,,,,,,,,,,,,,,,,,,,,,,,,,,,,,,,,,,"",0,0,"",,,,0,""
141,,5,0,8,2,0,0,0,0,0,0,255,255,255,50,3364.027,"인생최패망자",R,0,91,140,-2.483,0.485,0.663,1.335,-1.102,1.929,-36.742,41.206,3,67,30,4,0,0,0,0,0,2,8,L,"CAT tourniquet",190,85,0.451,,58,W,Y,1,,,,,,,,,,,,,,,,,,,,,,,,,,,,0,0,,,,,,,,,,,,,,,,,,,,,,,,,,,,,,,,,,,,,,0.217,-37.403,-0.054,-17.166,-20.084,-51.38,-12.542,-65.841,19.881,-48.363,12.329,-63.28,40.93,-90.677,1.359,-107.879,-45.381,-91.832,,,,"",,,,"",,,,"",,,,"",,,,"",,,,"",,,,"",,,,"",,,,,,,,,,,,,,,,,,,,,,,,,,,,,,,,,,,,,,,,,,,,,,,,,,,,,,,,,,"",0,0,"",,,,0,""
142,,5,0,8,2,0,1,0,0,0,0,255,255,255,51,3378.064,"인생최패망자",R,32,92,140,-0.5,0.916,0.78,1.414,-0.558,2.185,-36.742,48.994,6,75,19,0,227.225,-16.155,10.879,0,0,2,8,L,"CAT tourniquet",190,85,0.451,,58,W,Y,0,,,,,,,,,,,,,,,,,,,,,,,,,,,,0,0,,,,,,,,,,,,,,,,,,,,,,,,,,,,,,,,,,,,,,0.23,-37.357,-0.006,-17.188,-20.157,-51.421,-12.654,-64.933,20.36,-47.37,12.141,-63.001,40.915,-90.664,0.114,-109.925,-45.386,-91.94,,,,"",,,,"",,,,"",,,,"",,,,"",,,,"",,,,"",,,,"",,,,,,,,,,,,,,,,,,,,,,,,,,,,,,,,,,,,,,,,,,,,,,,,,,,,,,,,,,"",0,0,"",,,,0,""
143,,5,0,8,2,0,2,0,0,0,0,255,255,255,52,3393.651,"인생최패망자",R,13,88,111,-1.421,-1.52,0.928,1.188,0.085,1.089,-36.742,72.055,9,91,0,1,-390.434,312.348,-3.776,0,0,2,8,L,"CAT tourniquet",190,85,0.451,,58,W,Y,0,,,,,,,,,,,,,,,,,,,,,,,,,,,,0,0,,,,,,,,,,,,,,,,,,,,,,,,,,,,,,,,,,,,,,0.287,-37.568,-0.031,-17.205,-20.059,-51.901,-12.388,-64.866,19.02,-46.441,12.3,-62.52,40.915,-90.664,0.67,-109.996,-45.258,-91.585,,,,"",,,,"",,,,"",,,,"",,,,"",,,,"",,,,"",,,,"",,,,,,,,,,,,,,,,,,,,,,,,,,,,,,,,,,,,,,,,,,,,,,,,,,,,,,,,,,"",0,0,"",,,,0,""
144,,5,0,8,2,1,2,0,0,0,0,255,255,255,53,3407.191,"인생최패망자",R,3,80,106,0.135,-0.797,0.961,1.108,0.984,1.143,-36.742,90.026,9,47,44,0,-481.818,0,-6.34,0,0,2,8,L,"CAT tourniquet",190,85,0.451,,58,W,Y,0,,,,,,,,,,,,,,,,,,,,,,,,,,,,0,0,,,,,,,,,,,,,,,3409.932,2,,578,0,,,,,,,,,,,,,,,,,,,0.263,-37.33,-0.027,-17.202,-20.058,-51.9,-13.513,-64.51,19.146,-46.272,12.254,-62.486,40.915,-90.664,0.689,-110.058,-45.422,-91.878,,,,"",,,,"",,,,"",,,,"",,,,"",,,,"",,,,"",,,,"",,,,,,,,,,,,,,,,,,,,,,,,,,,,,,,,,,,,,,,,,,,,,,,,,,,,,,,,,,"",0,0,"",,,,0,""
145,,5,0,8,2,0,0,1,0,0,0,255,255,255,54,3429.332,"인생최패망자",R,33,78,129,3.658,0.271,0.896,1.287,1.261,1.731,-36.742,84.66,9,80,11,4,148.009,-33.963,-1.53,0.12,-19.872,3,2,R,"coder_",184.8,80,0.302,,57,W,Y,1,,,,,,,,,,,,,,,,,,,,,,,,,,,,0,0,,,,,,,,,,,,,,,,,,,,,,,,,,,,,,,,,,,,,,0.158,-37.274,0.024,-17.116,-20.556,-50.772,-14.041,-64.253,17.744,-48.815,9.779,-62.358,40.922,-90.671,-11.408,-110.043,-45.019,-96.572,,,,"",,,,"",,,,"",,,,"",,,,"",,,,"",,,,"",,,,"",,,,,,,,,,,,,,,,,,,,,,,,,,,,,,,,,,,,,,,,,,,,,,,,,,,,,,,,,,"",0,0,"",,,,0,""
146,,5,0,8,2,0,1,1,0,0,0,255,255,255,55,3451.487,"인생최패망자",R,33,70,109,0.742,-0.175,0.74,1.179,0.042,1.491,-36.742,81.212,0,100,0,2,135.559,-33.978,3.815,0,0,3,2,R,"coder_",184.8,80,0.302,5,47,W,Y,1,3452.708,255,114,103,118,80,145,87,-30,18.938,0.163,0.983,-21.417,1,0,0.605,1.238,-9.866,141.664,3451.676,-0.349,-22.911,3454.109,3,-12.255,0.141,-56.736,0,0,,,,,,,,,,,,,,,3457.031,3,,147,4,,,,,,,,,,,,,,,,,,,0.03,-37.159,-0.029,-17.055,-20.555,-50.753,-12.944,-65.004,17.76,-47.367,9.224,-62.884,40.915,-90.664,-6.703,-108.924,-45.932,-92.614,-0.103,-36.921,,"소솨소솨",-0.148,-17.037,,"Yaksok~",-21.031,-51.399,104,"눈꽃",-12.946,-65.002,107,"Kr_Luna",15.534,-42.887,,"CoalCat",9.251,-62.899,,"AI",40.9,-90.65,,"ByeolBam",-6.706,-108.92,,"SUGUN",-45.843,-92.809,,3458.742,-0.982,-38.178,,,,3456.495,-19.204,-40.666,3455.19,-12.581,-57.783,,,,,,,,,,,,,,,,,,,,,,3457.985,-15.128,-40.707,3455.691,-13.614,-54.571,,,,,,,,,,,,,,,,"",2,0,"눈꽃",,,,38,""
147,,5,0,8,2,0,0,2,0,0,0,255,255,255,56,3475.107,"인생최패망자",R,32,94,140,-0.564,-0.345,0.767,1.172,-0.617,1.401,-36.742,56.48,8,60,32,2,250,-10.308,2.8,0,0,4,4,L,"Fresh825",190,80,0.2,3,57,W,Y,1,3476.179,161,93,97,112,100,145,87,55.648,-20.981,-0.126,0.863,-19.828,-1,0,0.067,545.942,-8.102,244.996,,,,3481.101,4,17.945,2.017,-67.382,0,0,,3481.716,,,,,,,,,,,,,3482.231,4,,454,0,,,,,,,,,,,,,,,,,,,0.226,-37.23,-0.008,-17.096,-19.375,-49.299,-9.055,-66.603,18.279,-46.424,12.563,-62.292,40.922,-90.67,0.478,-109.295,-44.574,-93.792,0.409,-36.975,,"소솨소솨",-0.097,-17.118,,"Yaksok~",-19.305,-49.427,,"눈꽃",-8.689,-66.568,,"Kr_Luna",18.623,-46.109,,"CoalCat",12.603,-62.106,,"AI",40.9,-90.65,,"ByeolBam",0.475,-109.309,,"SUGUN",-44.698,-93.739,,,,,,,,,,,,,,3482.381,18.167,-67.511,3482.243,17.595,-66.913,,,,,,,,,,,,,,,,,,,,,,,,,,,,,,,,,,,,,"",1,0,"Kr_Luna",,,,9,""
148,SIDE,5,0,8,2,0,0,2,0,0,0,255,255,255,,3484.029,,,,,,,,,,,,,,,,,,,,,,,5,,,,,,,,,,,,,,,,,,,,,,,,,,,,,,,,,,,,,,,0,0,,,,,,,,,,,,,,,,,,,,,,,,,,,,,,,,,,,,,,,,,,,,,,,,,,,,,,,,,,,,,,,,,,,,,,,,,,,,,,,,,,,,,,,,,,,,,,,,,,,,,,,,,,,,,,,,,,,,,,,,,,,,,,,,,,,,,,,,,,,,,,,,,"",0,0,"",,,,0,""
149,,6,1,8,2,0,0,0,0,0,0,255,255,255,0,3570.063,"Pring__",R,33,78,128,3.057,0.87,0.409,1.629,1.118,1.996,-36.241,47.736,25,75,0,1,138.62,-113.911,-1.228,0,0,7,7,R,"ByeolBam",175.4,90,0.5,,57,W,Y,0,,,,,,,,,,,,,,,,,,,,,,,,,,,,0,0,,,,,,,,,,,,,,,,,,,,,,,,,,,,,,,,,,,,,,-0.021,-37.436,-0.172,-17.579,-20.889,-44.517,-15.754,-62.588,20.713,-46.284,11.734,-64.121,40.93,-90.677,0,-109.87,-40.83,-90.577,,,,"",,,,"",,,,"",,,,"",,,,"",,,,"",,,,"",,,,"",,,,,,,,,,,,,,,,,,,,,,,,,,,,,,,,,,,,,,,,,,,,,,,,,,,,,,,,,,"",0,0,"",,,,0,""
150,,6,1,8,2,1,0,0,0,0,0,255,255,255,1,3582.593,"Pring__",R,26,86,139,-0.639,-0.564,0.094,1.426,-0.491,1.1,-36.241,25.303,47,53,0,0,159.908,-200,-0.508,0,0,7,7,R,"ByeolBam",175.4,90,0.5,,57,W,Y,0,,,,,,,,,,,,,,,,,,,,,,,,,,,,0,0,,,,,,,,,,,,,,,,,,,,,,,,,,,,,,,,,,,,,,-0.135,-37.291,-0.029,-17.548,-20.927,-44.627,-15.146,-63.079,20.725,-46.288,12.031,-64.817,40.907,-90.657,0,-109.85,-40.807,-90.557,,,,"",,,,"",,,,"",,,,"",,,,"",,,,"",,,,"",,,,"",,,,,,,,,,,,,,,,,,,,,,,,,,,,,,,,,,,,,,,,,,,,,,,,,,,,,,,,,,"",0,0,"",,,,0,""
151,,6,1,8,2,1,1,0,0,0,0,255,255,255,2,3597.548,"Pring__",R,13,75,102,0.248,-0.427,0.466,1.443,0.823,1.794,-36.241,49.901,0,100,0,2,-373.558,274.457,-11.086,0,0,7,7,R,"ByeolBam",175.4,90,0.5,5,57,W,Y,1,3598.711,164,145,92,58,32,145,104,20.126,-73.18,0.05,0.926,-21.26,0.92,0,0.334,160.924,519.012,126.752,,,,,,,,,0,0,,,,,,,,,,,,,,,,,,,,,,,,,,,,,,,,,,,,,,0.092,-37.871,-0.025,-17.608,-20.997,-44.882,-17.022,-62.106,20.276,-46.603,12.006,-64.809,40.915,-90.664,0,-109.85,-40.815,-90.564,-0.11,-36.879,,"HANA_ARASHI",-0.035,-17.633,,"coder_",-20.871,-44.798,,"うよすま",-16.38,-62.314,,"Fresh825",20.267,-46.603,,"kneesohime",11.938,-64.732,,"AI",40.9,-90.65,,"AI",0,-109.84,,"AI",-40.8,-90.55,,,,,,,,,,,,,,,,,,,,,,,,,,,,,,,,,,,,,,,,,,,,,,,,,,,,,,,,"",3,0,"",,,,0,""
152,,6,1,8,2,1,2,0,0,0,0,255,255,255,3,3614.264,"Pring__",R,26,80,130,-0.643,-0.301,0.11,1.465,-0.418,1.238,-36.241,20.686,58,42,0,0,94.222,-200,14.662,0,0,7,7,R,"ByeolBam",175.4,90,0.5,,57,W,Y,0,,,,,,,,,,,,,,,,,,,,,,,,,,,,0,0,,,,,,,,,,,,,,,3616.942,7,,578,0,,,,,,,,,,,,,,,,,,,-0.066,-37.275,-0.016,-16.995,-21.625,-44.906,-17.268,-62.139,20.412,-46.473,12.942,-63.647,40.915,-90.664,0,-109.85,-40.815,-90.564,,,,"",,,,"",,,,"",,,,"",,,,"",,,,"",,,,"",,,,"",,,,,,,,,,,,,,,,,,,,,,,,,,,,,,,,,,,,,,,,,,,,,,,,,,,,,,,,,,"",0,0,"",,,,0,""
153,,6,1,8,2,0,0,1,0,0,0,255,255,255,4,3639.56,"Pring__",R,32,80,130,1.744,1.109,0.313,1.501,0.524,2.079,-36.241,41.001,31,69,0,1,162.433,-149.986,-5.46,0,0,0,5,R,"CoalCat",169.5,83,0.397,,57,W,Y,0,,,,,,,,,,,,,,,,,,,,,,,,,,,,0,0,,,,,,,,,,,,,,,,,,,,,,,,,,,,,,,,,,,,,,0.026,-38.086,-0.06,-17.209,-21.702,-45.026,-16.154,-62.59,20.381,-46.58,12.548,-63.422,40.907,-90.657,0,-109.85,-40.807,-90.557,,,,"",,,,"",,,,"",,,,"",,,,"",,,,"",,,,"",,,,"",,,,,,,,,,,,,,,,,,,,,,,,,,,,,,,,,,,,,,,,,,,,,,,,,,,,,,,,,,"",0,0,"",,,,0,""
154,,6,1,8,2,1,0,1,0,0,0,255,255,255,5,3653.351,"Pring__",R,32,76,127,3.62,1.787,0.506,1.567,1.208,2.43,-36.241,53.583,32,68,0,4,193.433,-173.468,-13.44,-0.236,-21.831,0,5,R,"CoalCat",169.5,83,0.397,,57,W,Y,1,,,,,,,,,,,,,,,,,,,,,,,,,,,,0,0,,,,,,,,,,,,,,,,,,,,,,,,,,,,,,,,,,,,,,0.042,-37.539,-0.075,-17.248,-21.628,-45.732,-16.218,-62.652,20.38,-46.557,12.581,-63.412,40.915,-90.664,0,-109.85,-40.815,-90.564,,,,"",,,,"",,,,"",,,,"",,,,"",,,,"",,,,"",,,,"",,,,,,,,,,,,,,,,,,,,,,,,,,,,,,,,,,,,,,,,,,,,,,,,,,,,,,,,,,"",0,0,"",,,,0,""
155,,6,1,8,2,1,1,1,0,0,0,255,255,255,6,3674.088,"Pring__",R,3,79,118,-0.818,-0.081,0.373,1.36,0.338,1.567,-36.241,36.831,0,100,0,2,-437.648,0,3.923,0,0,0,5,R,"CoalCat",169.5,83,0.397,5,57,W,Y,1,3675.279,217,127,83,58,45,145,92,26.629,-29.06,-0.08,0.956,-21.555,1,0,0.418,439.706,92.584,231.879,3679.192,37.221,-91.663,3679.426,6,35.882,2.425,-89.035,0,0,,,,,,,,,,,,,,,3680.423,0,,456,0,,,,,,,,,,,,,,,,,,,0.029,-37.324,-0.045,-17.786,-21.389,-45.186,-16.192,-62.641,20.375,-46.54,12.041,-64.633,40.915,-90.664,0,-109.85,-40.815,-90.564,0.014,-37.056,,"HANA_ARASHI",-0.006,-17.725,,"coder_",-21.097,-45.709,,"うよすま",-16.209,-62.644,,"Fresh825",20.375,-46.543,,"kneesohime",12.15,-64.5,,"AI",40.9,-90.65,,"AI",0,-109.84,,"AI",-40.8,-90.55,,3685.381,0.534,-38.166,,,,,,,,,,,,,,,,,,,,,,,,,,,,,,,,,,,,,,,,,,,,,,,,,,,,"",1,0,"AI",,,,2,""
156,,6,1,8,2,0,0,2,0,0,0,255,255,255,7,3698.553,"Pring__",R,26,87,140,-1.249,-0.107,0.13,1.303,-0.789,1.384,-36.241,23.99,0,100,0,0,190.019,-200,20.653,0,0,1,2,R,"Yaksok~",183,80,0.328,,57,W,Y,0,,,,,,,,,,,,,,,,,,,,,,,,,,,,0,0,,,,,,,,,,,,,,,,,,,,,,,,,,,,,,,,,,,,,,0.01,-37.354,-0.024,-17.717,-22.892,-46.906,-15.582,-63.147,19.15,-45.705,12.306,-63.451,40.915,-90.664,0,-109.86,-40.815,-90.564,,,,"",,,,"",,,,"",,,,"",,,,"",,,,"",,,,"",,,,"",,,,3702.123,-0.347,-37.817,,,,,,,,,,,,,,,,,,,,,,,,,,,,,,,,,,,,,,,,,,,,,,,,,,,,"",0,0,"",,,,0,""
157,,6,1,8,2,0,1,2,0,0,0,255,255,255,8,3714.396,"Pring__",R,32,79,129,1.582,-0.209,0.276,1.477,0.352,1.296,-36.241,32.361,0,100,0,1,228.823,-200,6.904,0,0,1,2,R,"Yaksok~",183,80,0.328,,57,W,Y,0,,,,,,,,,,,,,,,,,,,,,,,,,,,,0,0,,,,,,,,,,,,,,,,,,,,,,,,,,,,,,,,,,,,,,0.028,-37.43,-0.011,-17.708,-22.152,-46.126,-17.262,-62.657,19.159,-45.715,11.941,-63.58,40.915,-90.664,0,-109.86,-40.815,-90.564,,,,"",,,,"",,,,"",,,,"",,,,"",,,,"",,,,"",,,,"",,,,3718.173,-0.256,-37.529,,,,,,,,,,,,,,,,,,,,,,,,,,,,,,,,,,,,,,,,,,,,,,,,,,,,"",0,0,"",,,,0,""
158,,6,1,8,2,1,1,2,0,0,0,255,255,255,9,3728.803,"Pring__",R,32,85,138,-0.409,0.273,0.098,1.371,-0.472,1.61,-36.241,24.063,0,100,0,0,220.594,-200,8.594,0,0,1,2,R,"Yaksok~",183,80,0.328,,57,W,Y,0,,,,,,,,,,,,,,,,,,,,,,,,,,,,0,0,,,,,,,,,,,,,,,,,,,,,,,,,,,,,,,,,,,,,,-0.069,-37.364,-0.023,-17.779,-21.92,-45.818,-17.347,-62.553,19.149,-45.71,12.289,-63.42,40.915,-90.664,0,-109.85,-40.815,-90.564,,,,"",,,,"",,,,"",,,,"",,,,"",,,,"",,,,"",,,,"",,,,3733.097,-0.115,-37.565,,,,,,,,,,,,,,,,,,,,,,,,,,,,,,,,,,,,,,,,,,,,,,,,,,,,"",0,0,"",,,,0,""
159,,6,1,8,2,1,2,2,0,0,0,255,255,255,10,3743.895,"Pring__",R,13,84,108,-1.215,-0.712,0.251,1.365,0.157,1.611,-36.241,22.39,25,75,0,0,-383.336,312.348,9.548,0,0,1,2,R,"Yaksok~",183,80,0.328,,57,W,Y,0,,,,,,,,,,,,,,,,,,,,,,,,,,,,0,0,,,,,,,,,,,,,,,3746.531,1,,578,0,,,,,,,,,,,,,,,,,,,0.064,-37.322,-0.02,-17.715,-22.442,-47.09,-17.079,-62.49,19.163,-45.691,12.002,-63.702,40.907,-90.657,0,-109.85,-40.807,-90.557,,,,"",,,,"",,,,"",,,,"",,,,"",,,,"",,,,"",,,,"",,,,3747.515,0.094,-37.566,,,,,,,,,,,,,,,,,,,,,,,,,,,,,,,,,,,,,,,,,,,,,,,,,,,,"",0,0,"",,,,0,""
160,SIDE,6,1,8,2,0,0,2,0,0,0,255,255,255,,3749.415,,,,,,,,,,,,,,,,,,,,,,,2,,,,,,,,,,,,,,,,,,,,,,,,,,,,,,,,,,,,,,,0,0,,,,,,,,,,,,,,,,,,,,,,,,,,,,,,,,,,,,,,,,,,,,,,,,,,,,,,,,,,,,,,,,,,,,,,,,,,,,,,,,,,,,,,,,,,,,,,,,,,,,,,,,,,,,,,,,,,,,,,,,,,,,,,,,,,,,,,,,,,,,,,,,,"",0,0,"",,,,0,""
161,,6,0,8,2,0,0,0,0,0,0,255,255,255,57,3784.206,"SUGUN",R,26,85,138,-2.194,-0.22,-0.027,1.753,-1.057,1.266,-37.044,14.485,86,12,3,1,70.063,-184.255,-1.782,0,0,4,3,R,"うよすま",160,85.375,0.502,,57,W,Y,0,,,,,,,,,,,,,,,,,,,,,,,,,,,,0,0,,,,,,,,,,,,,,,,,,,,,,,,,,,,,,,,,,,,,,0.028,-37.933,-0.023,-17.218,-20.168,-50.505,-13.055,-65.156,18.18,-45.187,8.763,-62.553,40.907,-90.657,-0.204,-111.303,-42.284,-92.631,,,,"",,,,"",,,,"",,,,"",,,,"",,,,"",,,,"",,,,"",,,,,,,,,,,,,,,,,,,,,,,,,,,,,,,,,,,,,,,,,,,,,,,,,,,,,,,,,,"",0,0,"",,,,0,""
162,,6,0,8,2,1,0,0,0,0,0,255,255,255,58,3794.674,"SUGUN",R,27,83,135,-1.336,-0.024,0.118,1.833,-0.7,1.423,-37.044,25.831,78,15,7,2,76.23,-129.156,4.345,0,0,4,3,R,"うよすま",160,85.375,0.502,3,57,W,Y,1,3795.745,255,148,143,118,27,145,76,21.774,23.745,-0.251,0.831,-20.169,-1,0,0.533,109.332,-359.837,55.082,3797.967,-18.606,-70.045,3798.159,3,-17.785,1.518,-67.291,0,0,,,,,,,,,,,,,,,3799.26,4,,452,0,,,,,,,,,,,,,,,,,,,-0.079,-37.73,-0.037,-17.364,-20.153,-50.493,-13.288,-64.713,15.006,-45.009,8.62,-63.445,40.907,-90.657,-0.92,-111.121,-43.2,-93.545,-0.151,-37.694,,"소솨소솨",-0.157,-17.169,,"Yaksok~",-20.171,-50.5,,"눈꽃",-13.305,-64.703,107,"Kr_Luna",14.923,-45.123,,"CoalCat",7.755,-61.836,,"AI",40.9,-90.65,,"ByeolBam",-0.926,-111.133,,"인생최패망자",-43.202,-93.54,,3802.141,-0.375,-38.341,,,,,,,3799.269,-18.092,-67.92,,,,,,,,,,,,,,,,,,,,,,,,,3800.671,-17.104,-66.923,,,,,,,,,,,,,,,,"",1,0,"눈꽃",,,,68,""
163,,6,0,8,2,0,0,1,0,0,0,255,255,255,59,3811.517,"SUGUN",R,6,89,113,-0.042,0.302,-0.134,1.967,-0.905,1.793,-37.044,26.493,89,11,0,0,454.757,0,29.167,0,0,5,1,R,"HANA_ARASHI",190,90,0.25,,57,W,Y,0,,,,,,,,,,,,,,,,,,,,,,,,,,,,0,0,,,,,,,,,,,,,,,,,,,,,,,,,,,,,,,,,,,,,,-0.185,-37.961,-0.009,-17.336,-19.528,-48.794,-14.082,-64.339,18.828,-43.361,8.952,-61.85,40.915,-90.664,-0.908,-111.115,-45.332,-90.327,,,,"",,,,"",,,,"",,,,"",,,,"",,,,"",,,,"",,,,"",,,,3815.699,-0.341,-37.278,,,,,,,,,,,,,,,,,,,,,,,,,,,,,,,,,,,,,,,,,,,,,,,,,,,,"",0,0,"",,,,0,""
164,,6,0,8,2,0,1,1,0,0,0,255,255,255,60,3821.836,"SUGUN",R,3,69,98,-1.418,0.25,0.439,1.977,0.35,1.864,-37.044,39.242,86,14,0,0,-430.304,53.449,-1.173,0,0,5,1,R,"HANA_ARASHI",190,90,0.25,,57,W,Y,1,,,,,,,,,,,,,,,,,,,,,,,,,,,,0,0,,,,,,,,,,,,,,,,,,,,,,,,,,,,,,,,,,,,,,0.159,-37.903,-0.014,-17.192,-19.675,-49.165,-14.649,-64.359,17.527,-46.395,9.35,-61.731,40.907,-90.657,-1.111,-110.441,-45.345,-90.34,,,,"",,,,"",,,,"",,,,"",,,,"",,,,"",,,,"",,,,"",,,,3826.143,-0.207,-37.301,,,,,,,,,,,,,,,,,,,,,,,,,,,,,,,,,,,,,,,,,,,,,,,,,,,,"",0,0,"",,,,0,""
165,,6,0,8,2,0,2,1,0,0,0,255,255,255,61,3833.462,"SUGUN",R,26,72,123,0.529,0.522,0.289,1.903,0.068,1.759,-37.044,44.497,78,14,8,2,91.282,-158.777,2.82,0,0,5,1,R,"HANA_ARASHI",190,90,0.25,5,57,W,Y,1,3834.62,153,92,122,55,24,145,120,4.072,21.047,0.018,1.238,-20.418,0.11,0,0.533,364.008,433.132,-138.509,,,,3835.292,3,-16.657,1.488,-59.714,0,0,,,,,,,,,,,,,,,3836.406,5,,452,0,,,,,,,,,,,,,,,,,,,0.022,-37.919,-0.055,-17.065,-19.676,-49.159,-14.648,-64.384,16.973,-47.507,9.341,-61.768,40.907,-90.657,-1.738,-110.673,-45.299,-90.016,-0.293,-37.666,,"소솨소솨",-0.107,-17.216,,"Yaksok~",-19.67,-49.137,,"눈꽃",-14.647,-64.349,98,"Kr_Luna",16.981,-47.457,,"CoalCat",9.302,-61.589,,"AI",40.9,-90.65,,"ByeolBam",-1.723,-110.673,,"인생최패망자",-45.306,-90.038,,3839.205,-0.659,-38.124,,,,,,,3836.414,-17.015,-60.735,,,,,,,,,,,,,,,,,,,,,,,,,3837.898,-16.348,-59.572,,,,,,,,,,,,,,,,"",1,0,"눈꽃",,,,68,""
166,,6,0,8,2,0,0,2,0,0,0,255,255,255,62,3853.728,"SUGUN",R,26,81,131,1.27,0.796,0.34,1.941,0.387,1.903,-37.044,50.751,69,18,13,0,98.41,-200,3.773,0,0,0,5,R,"kneesohime",190,85,0.497,,57,W,Y,1,,,,,,,,,,,,,,,,,,,,,,,,,,,,0,0,,,,,,,,,,,,,,,,,,,,,,,,,,,,,,,,,,,,,,-0.079,-37.71,-0.01,-17.192,-19.604,-49.987,-13.132,-64.827,17.06,-47.386,8.512,-63.366,40.922,-90.67,-0.869,-110.151,-46.905,-93.065,,,,"",,,,"",,,,"",,,,"",,,,"",,,,"",,,,"",,,,"",,,,3858.045,-0.277,-37.463,,,,,,,,,,,,,,,,,,,,,,,,,,,,,,,,,,,,,,,,,,,,,,,,,,,,"",0,0,"",,,,0,""
167,,6,0,8,2,0,1,2,0,0,0,255,255,255,63,3864.349,"SUGUN",R,26,85,137,0.483,0.47,0.21,1.884,0.045,1.752,-37.044,29.386,70,17,13,0,108.227,-154.628,7.732,0,0,0,5,R,"kneesohime",190,85,0.497,,57,W,Y,1,,,,,,,,,,,,,,,,,,,,,,,,,,,,0,0,,,,,,,,,,,,,,,,,,,,,,,,,,,,,,,,,,,,,,0.012,-37.695,-0.016,-17.194,-19.848,-49.551,-13.07,-64.938,17.142,-47.328,8.52,-63.42,40.907,-90.657,-0.862,-110.088,-46.919,-93.858,,,,"",,,,"",,,,"",,,,"",,,,"",,,,"",,,,"",,,,"",,,,3868.34,-0.027,-37.639,,,,,,,,,,,,,,,,,,,,,,,,,,,,,,,,,,,,,,,,,,,,,,,,,,,,"",0,0,"",,,,0,""
168,,6,0,8,2,0,2,2,0,0,0,255,255,255,64,3873.869,"SUGUN",R,10,80,108,-0.533,0.718,0.237,2.305,-0.238,2.616,-37.044,51.237,76,19,6,2,0,400,4.184,0,0,0,5,R,"kneesohime",190,85,0.497,3,57,W,Y,1,3875.155,255,155,65,84,50,140,114,25.008,26.728,-0.122,1.295,-20.357,0.16,0,0.249,224.239,168.351,291.685,3878.676,-49.172,-106.309,3878.909,8,-47.694,1.874,-103.851,0,0,,3881.154,,,,,,,,,,,,,3879.96,0,,457,0,,,,,,,,,,,,,,,,,,,-0.004,-37.763,-0.015,-17.188,-19.838,-49.517,-13.071,-64.93,17.018,-47.43,8.485,-63.39,40.907,-90.657,-0.537,-109.526,-46.994,-93.994,0.043,-37.722,,"소솨소솨",-0.045,-17.168,,"Yaksok~",-19.85,-49.519,,"눈꽃",-13.074,-64.923,,"Kr_Luna",17.081,-47.365,,"CoalCat",8.478,-63.244,,"AI",40.9,-90.65,,"ByeolBam",-0.544,-109.511,,"인생최패망자",-46.957,-93.655,,,,,,,,,,,,,,,,,,,,,,,,,,3879.969,-48.136,-104.426,,,,,,,,,,,,,,,,,,,,,,,,,,,,"",1,0,"인생최패망자",,,,32,""
169,SIDE,6,0,8,2,0,0,2,0,0,0,255,255,255,,3887.749,,,,,,,,,,,,,,,,,,,,,,,0,,,,,,,,,,,,,,,,,,,,,,,,,,,,,,,,,,,,,,,0,0,,,,,,,,,,,,,,,,,,,,,,,,,,,,,,,,,,,,,,,,,,,,,,,,,,,,,,,,,,,,,,,,,,,,,,,,,,,,,,,,,,,,,,,,,,,,,,,,,,,,,,,,,,,,,,,,,,,,,,,,,,,,,,,,,,,,,,,,,,,,,,,,,"",0,0,"",,,,0,""
170,,7,1,8,2,0,0,0,0,0,0,255,255,255,11,3920.836,"Pring__",R,32,82,133,0.667,0.194,0.193,1.357,-0.034,1.561,-36.241,33.147,0,100,0,2,235.426,-174.897,3.621,0,0,2,3,L,"눈꽃",174.7,85,0.505,5,57,W,Y,1,3922.083,159,100,115,60,22,145,129,19.379,-50.249,0.13,0.978,-19.908,0.5,0,0.353,476.673,-92.179,327.876,3926.267,95.89,-95.666,,,,,,0,0,,,,,,,,,,,,,,,,,,,,,,,,,,,,,,,,,,,,,,0.05,-38.005,0.002,-17.407,-21.798,-46.508,-15.198,-63.674,22.54,-45.847,13.166,-64.045,40.937,-90.684,0,-109.88,-40.837,-90.584,-0.225,-36.98,,"HANA_ARASHI",-0.048,-17.694,,"coder_",-21.496,-46.291,,"うよすま",-13.712,-62.923,,"Fresh825",22.578,-45.864,,"kneesohime",13.864,-62.807,,"AI",40.9,-90.65,,"AI",0,-109.84,,"AI",-40.8,-90.55,,,,,,,,,,,,,,,,,,,,,,,,,,,,,,,,,,,,,,,,,,,,,,,,,,,,,,,,"",3,0,"",,,,0,""
171,,7,1,8,2,0,1,0,0,0,0,255,255,255,12,3971.147,"Pring__",R,13,80,105,-0.714,-0.641,0.322,1.407,0.379,1.708,-36.241,41.596,0,100,0,2,-372.687,312.348,-8.32,0,0,2,3,L,"눈꽃",174.7,85,0.505,3,57,W,Y,1,3972.5,185,149,70,99,54,143,81,-30,-41.502,-0.079,0.83,-21.302,1,0,0.492,-221.534,-238.291,99.768,3971.484,1.079,-22.605,3973.176,4,17.779,0.135,-41.464,0,0,,3977.659,,,,,,,,,,,,,3977.146,2,,147,8,,,,,,,,,,,,,,,,,,,0.005,-37.464,-0.034,-17.205,-21.077,-45.321,-14.493,-63.898,22.9,-45.203,13.336,-63.786,40.922,-90.67,0,-109.86,-40.822,-90.571,-0.549,-36.826,,"HANA_ARASHI",0.006,-17.412,,"coder_",-21.242,-45.276,93,"うよすま",-12.937,-63.56,,"Fresh825",22.304,-45.758,113,"kneesohime",13.37,-63.519,,"AI",40.9,-90.65,,"AI",0,-109.84,,"AI",-40.8,-90.55,,3978.783,-0.401,-37.747,,,,3976.437,-18.247,-39.583,,,,3974.263,18.631,-42.536,,,,,,,,,,,,,,,,,,,3977.863,-17.96,-39.754,,,,3975.069,14.135,-41.635,,,,,,,,,,,,,"",2,0,"Fresh825",,,,14,""
172,,7,1,8,2,0,0,1,0,0,0,255,255,255,13,3995.182,"Pring__",R,32,84,137,0.921,0.324,0.228,1.385,0.128,1.658,-36.241,32.875,0,100,0,0,203.873,-200,8.306,0,0,3,4,L,"Kr_Luna",190,95.432,0.499,,57,W,Y,0,,,,,,,,,,,,,,,,,,,,,,,,,,,,0,0,,,,,,,,,,,,,,,,,,,,,,,,,,,,,,,,,,,,,,-0.03,-37.41,-0.066,-17.512,-21.654,-46.142,-12.02,-64.336,21.878,-46.304,12.523,-63.917,40.908,-90.657,0,-109.85,-40.808,-90.557,,,,"",,,,"",,,,"",,,,"",,,,"",,,,"",,,,"",,,,"",,,,3997.832,-0.269,-37.332,,,,,,,,,,,,,,,,,,,,,,,,,,,,,,,,,,,,,,,,,,,,,,,,,,,,"",0,0,"",,,,0,""
173,,7,1,8,2,0,1,1,0,0,0,255,255,255,14,4009.155,"Pring__",R,13,80,117,0.902,-0.341,0.422,1.413,1.035,1.748,-36.241,45.548,0,100,0,0,-401.435,298.077,-12.16,0,0,3,4,L,"Kr_Luna",190,95.432,0.499,,57,W,Y,0,,,,,,,,,,,,,,,,,,,,,,,,,,,,0,0,,,,,,,,,,,,,,,,,,,,,,,,,,,,,,,,,,,,,,0.006,-37.301,-0.11,-17.475,-21.419,-45.51,-10.666,-63.228,22.037,-46.138,13.235,-64.078,40.907,-90.657,0,-109.85,-40.808,-90.557,,,,"",,,,"",,,,"",,,,"",,,,"",,,,"",,,,"",,,,"",,,,4011.855,-0.28,-37.667,,,,,,,,,,,,,,,,,,,,,,,,,,,,,,,,,,,,,,,,,,,,,,,,,,,,"",0,0,"",,,,0,""
174,,7,1,8,2,0,2,1,0,0,0,255,255,255,15,4025.148,"Pring__",R,3,78,104,-0.207,-0.386,0.556,1.266,0.793,1.399,-36.241,52.608,0,100,0,2,-472.727,0,-11.278,0,0,3,4,L,"Kr_Luna",190,95.432,0.499,5,57,W,Y,0,4026.215,96,115,138,112,44,135,111,12.006,-26.794,-0.022,0.888,-20.633,0.88,0,0.185,105.676,-87.22,1.278,4028.109,34.736,-87.201,4028.509,6,33.605,0.774,-85.097,0,0,,,,,,,,,,,,,,,4029.6,3,,456,0,,,,,,,,,,,,,,,,,,,0.047,-37.131,-0.126,-17.709,-21.443,-45.172,-10.654,-63.23,21.873,-46.256,13.289,-64.132,40.915,-90.664,0,-109.85,-40.815,-90.564,-0.231,-36.601,,"HANA_ARASHI",-0.064,-17.802,,"coder_",-21.427,-45.136,,"うよすま",-10.538,-63.063,85,"Fresh825",21.968,-46.186,,"kneesohime",13.338,-64.098,,"AI",40.9,-90.65,,"AI",0,-109.84,,"AI",-40.8,-90.55,,4036.255,-0.166,-33.71,,,,,,,4033.615,0.007,-59.056,,,,,,,,,,,,,,,,,,,,,,,,,4035.051,-0.735,-56.958,,,,,,,,,,,,,,,,"",1,0,"AI",,,,18,""
175,,7,1,8,2,0,0,2,0,0,0,255,255,255,16,4054.219,"Pring__",R,32,85,138,-0.35,0.286,0.209,1.377,-0.423,1.633,-36.241,32.437,0,100,0,2,204.341,-200,4.573,0,0,4,1,R,"소솨소솨",190,80,0.501,5,57,W,Y,1,4055.389,255,89,138,34,23,145,115,25.239,77.455,-0.063,1.134,-20.568,0.11,0,0.562,381.362,270.741,337.083,,,,,,,,,0,0,,,,,,,,,,,,,,,,,,,,,,,,,,,,,,,,,,,,,,-0.026,-37.433,-0.116,-17.366,-21.22,-44.676,-15.99,-63.125,19.843,-48.239,13.513,-64.067,40.922,-90.671,0,-109.86,-40.822,-90.571,0.005,-37.109,,"HANA_ARASHI",-0.097,-17.557,,"coder_",-20.812,-44.679,,"うよすま",-15.893,-62.911,,"Fresh825",19.866,-48.034,,"kneesohime",13.18,-63.795,,"AI",40.9,-90.65,,"AI",0,-109.84,,"AI",-40.8,-90.55,,,,,,,,,,,,,,,,,,,,,,,,,,,,,,,,,,,,,,,,,,,,,,,,,,,,,,,,"",3,0,"",,,,0,""
176,,7,1,8,2,0,1,2,0,0,0,255,255,255,17,4073.078,"Pring__",R,13,80,105,-0.35,-0.846,0.47,1.324,0.526,1.525,-36.241,39.913,0,100,0,2,-368.846,317.313,3.509,0,0,4,1,R,"소솨소솨",190,80,0.501,3,57,W,Y,1,4074.421,255,179,101,92,36,145,87,26.075,17.095,-0.006,0.796,-21.322,1,0,0.572,113.207,522.142,108.028,4077.851,-29.113,-86.263,4078.067,8,-27.64,2.158,-83.732,0,0,,,,,,,,,,,,,,,4079.095,4,,456,0,,,,,,,,,,,,,,,,,,,0.074,-37.285,-0.027,-17.407,-21.236,-43.619,-16.792,-62.264,19.611,-48.28,13.503,-64.097,40.915,-90.664,0,-109.85,-40.815,-90.564,0.124,-37.278,,"HANA_ARASHI",-0.02,-17.825,,"coder_",-21.006,-43.668,,"うよすま",-16.576,-62.092,,"Fresh825",19.833,-48.116,,"kneesohime",13.478,-64.067,,"AI",40.9,-90.65,,"AI",0,-109.84,,"AI",-40.8,-90.55,,,,,,,,,,,,,,,,,,,,,,,,,,,,,,,,,,,,,,,,,,,,,,,,,,,,,,,,"",1,0,"AI",,,,0,""
177,SIDE,7,1,8,2,0,0,2,0,0,0,255,255,255,,4081.785,,,,,,,,,,,,,,,,,,,,,,,5,,,,,,,,,,,,,,,,,,,,,,,,,,,,,,,,,,,,,,,0,0,,,,,,,,,,,,,,,,,,,,,,,,,,,,,,,,,,,,,,,,,,,,,,,,,,,,,,,,,,,,,,,,,,,,,,,,,,,,,,,,,,,,,,,,,,,,,,,,,,,,,,,,,,,,,,,,,,,,,,,,,,,,,,,,,,,,,,,,,,,,,,,,,"",0,0,"",,,,0,""
178,,7,0,8,2,0,0,0,0,0,0,255,255,255,65,4104.317,"SUGUN",R,0,65,105,-3.794,1.084,-0.107,2.182,-1.65,2.288,-37.044,54.525,81,14,4,1,0,0.11,3.93,0,0,1,0,L,"Pring__",190,92.911,0.481,,57,W,Y,0,,,,,,,,,,,,,,,,,,,,,,,,,,,,0,0,,,,,,,,,,,,,,,,,,,,,,,,,,,,,,,,,,,,,,-0.196,-38.024,-0.036,-17.209,-21.242,-52.053,-12.567,-64.532,18.504,-45.104,13.577,-61.958,40.922,-90.671,-0.113,-111.765,-42.009,-87.511,,,,"",,,,"",,,,"",,,,"",,,,"",,,,"",,,,"",,,,"",,,,,,,,,,,,,,,,,,,,,,,,,,,,,,,,,,,,,,,,,,,,,,,,,,,,,,,,,,"",0,0,"",,,,0,""
179,,7,0,8,2,1,0,0,0,0,0,255,255,255,66,4116.939,"SUGUN",R,26,87,140,-1.511,-0.162,0.054,1.811,-0.894,1.317,-37.044,26.008,80,13,7,2,162.869,-200,-3.633,0,0,1,0,L,"Pring__",190,92.911,0.481,3,61,W,Y,1,4118.105,209,135,99,110,34,145,107,35.662,-40.556,-0.279,0.964,-20.495,0.01,0,0.553,109.326,-542.234,132.013,4121.992,67.598,-82.247,4124.775,6,74.592,0.054,-86.207,0,0,,4124.368,,,,,,,,,,,,,,,,,,,,,,,,,,,,,,,,,,,,-0.118,-37.934,-0.014,-17.183,-20.722,-51.756,-12.829,-65.047,18.505,-45.106,12.703,-61.899,40.907,-90.657,0.909,-114.313,-37.543,-84.064,-0.241,-37.792,,"소솨소솨",-0.184,-17.261,,"Yaksok~",-20.711,-51.764,,"눈꽃",-12.34,-64.877,,"Kr_Luna",18.496,-45.11,,"CoalCat",12.714,-61.83,,"AI",40.9,-90.65,,"ByeolBam",0.503,-114.36,,"인생최패망자",-41.378,-88.537,,,,,,,,,,,,,,,,,,,,,,,,,,,,,,,,,,,,,,,,,,,,,,,,,,,,,,,,"",3,0,"AI",,,,0,""
180,,7,0,8,2,1,1,0,0,0,0,255,255,255,67,4137.494,"SUGUN",R,32,91,140,-1.191,0.563,0.035,1.843,-1.117,1.528,-37.044,26.724,79,13,8,2,214.636,-200,0.115,0,0,1,0,L,"Pring__",190,92.911,0.481,3,61,W,Y,1,4138.678,235,100,90,92,70,145,103,16.353,-10.877,-0.262,1.189,-20.503,-0.18,0,0.522,232.451,-356.289,142.471,4141.642,21.018,-102.063,4145.476,7,28.752,0.054,-128.539,1,0,,4144.495,4148.952,,,,,,,,,,,,,,,,,,,,,,,,,,,,,4153.096,3,,,,,-0.079,-37.872,0.058,-17.049,-21.25,-50.893,-14.377,-64.191,19.555,-46.341,13.055,-62.374,40.9,-90.65,0.451,-114.395,-44.765,-93.029,-0.164,-37.69,,"소솨소솨",-0.104,-17.283,,"Yaksok~",-21.116,-51.301,,"눈꽃",-11.53,-65.326,87,"Kr_Luna",19.109,-46.467,,"CoalCat",13.035,-62.313,,"AI",40.9,-90.65,,"ByeolBam",0.477,-114.393,110,"인생최패망자",-44.5,-93.109,,4155.074,-0.552,-38.909,,,,,,,4150.689,-0.003,-59.914,,,,,,,,,,4146.497,28.667,-127.9,,,,,,,,,,,,,4154.169,-0.395,-55.088,,,,,,,,,,4147.58,25.425,-123.354,,,,"",2,0,"ByeolBam",4148.952,,,196,""
181,,7,0,8,2,0,0,0,0,1,0,255,10,255,68,4167.162,"SUGUN",R,28,74,126,-0.411,1.333,0.146,1.962,-0.302,2.308,-37.044,59.715,69,23,8,4,71.214,-97.704,13.018,0,0,2,2,R,"coder_",184.8,80,0.302,,57,W,Y,1,,,,,,,,,,,,,,,,,,,,,,,,,,,,0,0,,,,,,,,,,,,,4168.166,,,,,,,,,,,,,,,,,,,,,,,,,-0.2,-37.861,0.01,-17.18,-18.6,-47.773,-9.662,-62.218,19.781,-44.969,6.701,-60.296,40.915,-90.664,-1.305,-113.487,-42.333,-88.48,,,,"",,,,"",,,,"",,,,"",,,,"",,,,"",,,,"",,,,"",,,,4175.782,-0.229,-37.479,,,,,,,,,,,,,,,,,,,,,,,,,,,,,,,,,,,,,,,,,,,,,,,,,,,,"",0,0,"",4169.275,,,0,""
182,,7,0,8,2,0,1,0,0,1,0,255,10,255,69,4185.873,"SUGUN",R,10,80,108,-2.752,-0.003,-0.089,2.141,-1.199,2.18,-37.044,47.347,91,9,0,2,1.888,400,5.784,0,0,2,2,R,"coder_",184.8,80,0.302,5,47,W,Y,1,4187.076,255,161,104,138,80,145,87,0,4.734,-0.478,1.168,-21.645,1,0,0.631,5.796,47.661,211.686,4186.734,-1.838,-37.774,4187.051,0,-1.737,0.282,-36.525,0,0,,,,,,,,,,,,,,,4188.077,2,,449,0,,,,,,,,,,,,,,,,,,,-0.206,-37.984,0.006,-17.133,-18.573,-48.42,-12.187,-60.197,18.467,-44.21,6.986,-61.27,40.915,-90.664,0.187,-112.636,-44.592,-91.971,-0.254,-37.768,,"소솨소솨",-0.11,-17.074,,"Yaksok~",-18.591,-48.333,,"눈꽃",-13.108,-63.234,,"Kr_Luna",16.92,-45.643,,"CoalCat",7.397,-61.137,,"AI",40.9,-90.65,,"ByeolBam",0.186,-112.636,,"인생최패망자",-44.618,-92.002,,4188.087,-1.334,-37.199,,,,,,,,,,,,,,,,,,,,,,,,,,,,,,,,,,,,,,,,,,,,,,,,,,,,"",1,0,"SUGUN",4189.855,,,64,""
183,,7,0,8,2,0,0,1,0,1,0,255,10,255,70,4209.129,"SUGUN",R,3,71,99,-4.64,-0.179,0.099,1.799,-0.785,1.628,-37.044,44.72,79,18,4,3,-450,0,16.781,0.381,-20.852,3,4,L,"Fresh825",190,80,0.2,,57,W,Y,0,,,,,,,,,,,,,,,,,,,,,,,,,,,,0,0,,,,,,,,,,,,,4209.234,,,,,,,,,,,,,,,,,,,,,,,,,-0.251,-37.948,-0.002,-17.189,-19.607,-49.696,-13.817,-63.849,17.815,-45.59,11.978,-62.372,40.929,-90.677,1.421,-113.076,-43.481,-89.184,,,,"",,,,"",,,,"",,,,"",,,,"",,,,"",,,,"",,,,"",,,,4223.928,0.018,-38.108,,,,,,,,,,,,,,,,,,,,,,,,,,,,,,,,,,,,,,,,,,,,,,,,,,,,"",6,0,"",4212.607,,,0,""
184,,7,0,8,2,2,0,1,0,1,0,255,10,255,71,4227.1,"SUGUN",R,27,79,129,-0.531,0.209,0.198,1.894,-0.345,1.608,-37.044,25.682,79,13,8,0,67.473,-121.104,1.837,0,0,3,4,L,"Fresh825",190,80,0.2,,57,W,Y,0,,,,,,,,,,,,,,,,,,,,,,,,,,,,0,0,,,,,,,,,,,,,4227.332,,,,,,,,,,,,,,,,,,,,,,,,,0.027,-37.907,0.044,-17.135,-19.345,-48.693,-10.241,-64.604,17.701,-45.538,12.892,-61.423,40.915,-90.664,0.704,-113.629,-44.001,-89.661,,,,"",,,,"",,,,"",,,,"",,,,"",,,,"",,,,"",,,,"",,,,4231.071,-0.22,-37.705,,,,,,,,,,,,,,,,,,,,,,,,,,,,,,,,,,,,,,,,,,,,,,,,,,,,"",0,0,"",4229.62,,,0,""
185,,7,0,8,2,2,1,1,0,1,0,255,10,255,72,4236.21,"SUGUN",R,27,78,128,1.209,0.138,0.301,1.854,0.354,1.566,-37.044,47.991,75,18,7,0,102.068,-118.049,9.093,0,0,3,4,L,"Fresh825",190,80,0.2,,57,W,Y,1,,,,,,,,,,,,,,,,,,,,,,,,,,,,0,0,,,,,,,,,,,,,4236.64,,,,,,,,,,,,,,,,,,,,,,,,,-0.089,-37.674,-0.005,-17.155,-19.045,-48.91,-10.552,-64.482,18.073,-45.893,11.85,-61.114,40.907,-90.657,1.501,-113.106,-44.071,-89.726,,,,"",,,,"",,,,"",,,,"",,,,"",,,,"",,,,"",,,,"",,,,4240.298,-0.274,-37.731,,,,,,,,,,,,,,,,,,,,,,,,,,,,,,,,,,,,,,,,,,,,,,,,,,,,"",0,0,"",4238.801,,,0,""
186,,7,0,8,2,2,2,1,0,1,0,255,10,255,73,4246.269,"SUGUN",R,13,72,99,-1.363,-0.111,0.371,2.039,0.187,2.044,-37.044,47.811,79,14,7,2,-351.391,312.348,10.255,0,0,3,4,L,"Fresh825",190,80,0.2,3,57,W,Y,1,4247.519,184,95,84,96,80,145,107,-46.674,0.599,-0.228,1.027,-20.751,-0.03,0,0.136,-408.555,-229.798,-47.953,4246.442,-0.237,-21.652,4249.101,3,0.723,2.863,-62.208,0,0,,4252.925,,,,,,,4253.54,,,,4247.019,,4252.587,3,,147,4,,,,,,,,,,,,,,,,,,,0.134,-37.631,0.011,-17.146,-19.087,-48.67,-7.433,-65.221,18.129,-45.826,12.262,-61.154,40.907,-90.657,1.256,-112.792,-43.988,-89.635,-0.334,-37.919,,"소솨소솨",-0.014,-17.109,,"Yaksok~",-19.09,-48.668,114,"눈꽃",-7.814,-65.664,107,"Kr_Luna",18.131,-45.913,85,"CoalCat",12.737,-60.889,,"AI",40.9,-90.65,,"ByeolBam",0.844,-112.805,,"인생최패망자",-44.127,-89.657,,4258.152,0.136,-38.419,,,,4252.012,-18.373,-40.649,4250.203,0.6,-63.115,4254.41,19.193,-39.754,,,,,,,,,,,,,,,,,,,4253.066,-13.794,-40.315,4250.817,-1.896,-59.807,4257.065,18.508,-39.454,,,,,,,,,,,,,"",2,0,"눈꽃",,4253.54,,78,""
187,,7,0,8,2,0,0,2,0,0,1,255,255,10,74,4270.29,"SUGUN",R,3,63,93,-2.812,0.545,0.265,1.881,-0.207,1.907,-37.044,56.452,75,22,3,4,-422.727,0,6.755,0,0,4,3,R,"うよすま",160,85.375,0.502,,57,W,Y,1,,,,,,,,,,,,,,,,,,,,,,,,,,,,0,0,,,,,,,,,,,,,,4282.667,,,,,,,,,,,,,,,,,,,,,,,,-0.165,-37.857,0.002,-17.123,-19.544,-49.211,-11.421,-65.742,19.737,-40.912,10.125,-63.927,40.915,-90.664,-0.151,-111.787,-40.174,-85.547,,,,"",,,,"",,,,"",,,,"",,,,"",,,,"",,,,"",,,,"",,,,4275.495,-0.255,-37.433,,,,,,,,,,,,,,,,,,,,,,,,,,,,,,,,,,,,,,,,,,,,,,,,,,,,"",0,0,"",,4272.777,,0,""
188,,7,0,8,2,0,1,2,0,0,1,255,255,10,75,4282.702,"SUGUN",R,3,72,99,-2.894,-0.128,0.193,1.781,-0.254,1.546,-37.044,31.025,76,17,7,4,-450,0,16.076,0,0,4,3,R,"うよすま",160,85.375,0.502,,57,W,Y,1,,,,,,,,,,,,,,,,,,,,,,,,,,,,0,0,,,,,,,,,,,,,,4291.798,,,,,,,,,,,,,,,,,,,,,,,,-0.075,-37.779,0.016,-17.132,-20.262,-49.398,-12.927,-64.579,19.735,-43.374,10.272,-64.052,40.907,-90.657,0.168,-110.423,-39.396,-85.48,,,,"",,,,"",,,,"",,,,"",,,,"",,,,"",,,,"",,,,"",,,,4287.217,-0.061,-37.305,,,,,,,,,,,,,,,,,,,,,,,,,,,,,,,,,,,,,,,,,,,,,,,,,,,,"",0,0,"",,4285.118,,0,""
189,,7,0,8,2,0,2,2,0,0,1,255,255,10,76,4295.011,"SUGUN",R,33,80,131,0.792,1.147,0.288,1.957,0.117,2.053,-37.044,42.034,79,8,13,2,140.806,-114.331,15.534,0,0,4,3,R,"うよすま",160,85.375,0.502,5,57,W,Y,1,4296.087,129,61,82,20,0,135,78,48.338,24.631,0.149,1.099,-19.482,-0.78,0,0.332,365.655,52.633,-439.137,,,,4300.442,3,-19.382,3.091,-63.99,0,0,,4301.71,,,,,,,,,4301.968,,,,4301.506,4,,452,0,,,,,,,,,,,,,,,,,,,-0.011,-37.829,0.007,-17.15,-19.649,-49.125,-13.386,-64.255,19.133,-42.309,10.254,-64.03,40.907,-90.657,0.211,-110.205,-42.937,-89.715,-0.1,-37.523,,"소솨소솨",-0.032,-17.131,,"Yaksok~",-19.656,-49.123,,"눈꽃",-13.388,-64.256,,"Kr_Luna",18.805,-44.711,,"CoalCat",10.227,-63.987,,"AI",40.9,-90.65,,"ByeolBam",0.149,-109.597,,"인생최패망자",-43.179,-88.956,,,,,,,,,,,4301.514,-19.417,-64.547,,,,,,,,,,,,,,,,,,,,,,,,,,,,,,,,,,,,,,,,,,,"",1,0,"눈꽃",,,4301.968,4,""
190,SIDE,7,0,8,2,0,0,2,0,0,1,255,255,10,,4310.683,,,,,,,,,,,,,,,,,,,,,,,5,,,,,,,,,,,,,,,,,,,,,,,,,,,,,,,,,,,,,,,0,0,,,,,,,,,,,,,,,,,,,,,,,,,,,,,,,,,,,,,,,,,,,,,,,,,,,,,,,,,,,,,,,,,,,,,,,,,,,,,,,,,,,,,,,,,,,,,,,,,,,,,,,,,,,,,,,,,,,,,,,,,,,,,,,,,,,,,,,,,,,,,,,,,"",0,0,"",,,,0,""
191,,8,1,8,2,0,0,0,0,0,0,255,255,255,18,4335.784,"Pring__",R,32,84,137,1.214,0.187,0.353,1.37,0.244,1.61,-36.241,35.066,0,100,0,0,209.759,-152.492,-3.304,0,0,5,8,R,"인생최패망자",190,80,0.346,,57,W,Y,1,,,,,,,,,,,,,,,,,,,,,,,,,,,,0,0,,,,,,,,,,,,,,,,,,,,,,,,,,,,,,,,,,,,,,0.085,-38.059,-0.075,-17.424,-21.296,-44.239,-15.853,-62.742,20.791,-47.883,13.098,-65.011,40.929,-90.677,0,-109.87,-40.83,-90.577,,,,"",,,,"",,,,"",,,,"",,,,"",,,,"",,,,"",,,,"",,,,,,,,,,,,,,,,,,,,,,,,,,,,,,,,,,,,,,,,,,,,,,,,,,,,,,,,,,"",0,0,"",,,,0,""
192,,8,1,8,2,0,1,0,0,0,0,255,255,255,19,4352.151,"Pring__",R,32,77,127,-0.392,0.525,0.183,1.418,-0.544,1.766,-36.241,26.225,8,92,0,2,250,-200,8.634,0,0,5,8,R,"인생최패망자",190,80,0.346,5,57,W,Y,1,4353.284,233,63,149,69,45,145,100,-46.215,35.784,-0.071,1.208,-20.074,-0.47,0,0.371,-178.903,154.832,-8.968,4352.234,-0.821,-21.11,4354.759,2,-18.83,2.576,-43.423,0,0,,,,,,,,,,,,,,,4357.504,5,,147,0,,,,,,,,,,,4356.828,2,,,,,,,0.021,-37.542,-0.049,-18.011,-21.061,-44.295,-15.932,-63.018,20.799,-47.876,12.918,-64.243,40.915,-90.664,0,-109.86,-40.815,-90.564,-0.066,-36.86,,"HANA_ARASHI",-0.189,-18.066,,"coder_",-20.692,-44.64,107,"うよすま",-15.895,-62.935,,"Fresh825",20.878,-47.812,,"kneesohime",12.891,-64.248,,"AI",40.9,-90.65,,"AI",0,-109.84,,"AI",-40.8,-90.55,,4358.536,-0.582,-37.526,,,,4355.713,-19.453,-44.144,,,,,,,,,,,,,,,,,,,,,,,,,4357.719,-14.751,-38.81,,,,,,,,,,,,,,,,,,,"",2,0,"coder_",,,,6,""
193,,8,1,8,2,0,0,1,0,0,0,255,255,255,20,4376.443,"Pring__",R,32,88,140,-2.182,0.004,0.038,1.323,-1.221,1.446,-36.241,17.819,14,86,0,1,250,-200,49.751,0,0,6,4,R,"SUGUN",179.9,82,0.5,,57,W,Y,0,,,,,,,,,,,,,,,,,,,,,,,,,,,,0,0,,,,,,,,,,,,,,,,,,,,,,,,,,,,,,,,,,,,,,0.049,-38.02,-0.162,-17.968,-22.618,-46.39,-17.068,-62.576,20.773,-47.937,13.328,-64.334,40.922,-90.671,0,-109.87,-40.822,-90.57,,,,"",,,,"",,,,"",,,,"",,,,"",,,,"",,,,"",,,,"",,,,4379.341,-0.368,-37.492,,,,,,,,,,,,,,,,,,,,,,,,,,,,,,,,,,,,,,,,,,,,,,,,,,,,"",0,0,"",,,,0,""
194,,8,1,8,2,1,0,1,0,0,0,255,255,255,21,4389.258,"Pring__",R,32,83,134,1.398,0.656,0.268,1.433,0.317,1.823,-36.241,34.605,22,78,0,2,207.581,-200,-4.99,0,0,6,4,R,"SUGUN",179.9,82,0.5,5,57,W,Y,1,4390.309,249,20,164,33,4,145,94,106.18,8.3,0.264,1.177,-20.064,-0.56,0,0.232,452.277,154.657,-342.325,,,,,,,,,0,0,,,,,,,,,,,,,,,,,,,,,,,,,,,,,,,,,,,,,,0.053,-37.811,0.029,-17.706,-22.328,-46.005,-17.073,-62.534,20.487,-47.948,12.837,-64.409,40.915,-90.664,0,-109.85,-40.815,-90.564,-0.228,-36.968,,"HANA_ARASHI",-0.005,-18.093,,"coder_",-22,-45.787,,"うよすま",-16.933,-62.368,,"Fresh825",20.288,-48.133,,"kneesohime",12.816,-64.371,,"AI",40.9,-90.65,,"AI",0,-109.84,,"AI",-40.8,-90.55,,,,,,,,,,,,,,,,,,,,,,,,,,,,,,,,,,,,,,,,,,,,,,,,,,,,,,,,"",3,0,"",,,,0,""
195,,8,1,8,2,1,1,1,0,0,0,255,255,255,22,4406.302,"Pring__",R,32,91,140,-2.517,-1.445,-0.099,1.269,-1.388,0.578,-36.241,14.763,8,92,0,1,250,-200,44.996,0,0,6,4,R,"SUGUN",179.9,82,0.5,,57,W,Y,0,,,,,,,,,,,,,,,,,,,,,,,,,,,,0,0,,,,,,,,,,,,,,,,,,,,,,,,,,,,,,,,,,,,,,-0.027,-37.344,-0.023,-17.505,-22.625,-45.084,-16.999,-62.59,20.287,-47.302,13.074,-64.186,40.915,-90.664,0,-109.86,-40.815,-90.564,,,,"",,,,"",,,,"",,,,"",,,,"",,,,"",,,,"",,,,"",,,,,,,,,,,,,,,,,,,,,,,,,,,,,,,,,,,,,,,,,,,,,,,,,,,,,,,,,,"",0,0,"",,,,0,""
196,,8,1,8,2,2,1,1,0,0,0,255,255,255,23,4420.731,"Pring__",R,13,71,99,-0.358,-0.368,0.45,1.513,0.476,1.95,-36.241,46.51,26,74,0,2,-317.994,353.78,-1.227,0,0,6,4,R,"SUGUN",179.9,82,0.5,5,57,W,Y,1,4422.069,255,59,94,53,23,145,130,23.532,-19.52,-0.062,0.849,-20.501,0.43,0,0.255,402.96,41.889,309.432,4426.484,38.948,-136.149,,,,,,0,0,,4427.519,4431.894,4436.985,4441.84,,,,,,,,,,,,,,,,,,,,,,,,,,,,,,,,,0.142,-37.834,-0.278,-17.476,-22.411,-45.56,-16.836,-62.438,20.274,-47.31,13.078,-63.488,40.915,-90.664,0,-109.85,-40.815,-90.564,0.052,-37.162,,"HANA_ARASHI",0.023,-17.848,,"coder_",-22.155,-45.619,,"うよすま",-16.864,-62.39,,"Fresh825",20.31,-47.124,,"kneesohime",13.052,-63.393,,"AI",40.9,-90.65,,"AI",0,-109.84,,"AI",-40.8,-90.55,,,,,,,,,,,,,,,,,,,,,,,,,,,,,,,,,,,,,,,,,,,,,,,,,,,,,,,,"",4,0,"",4431.894,4436.985,,0,""
197,,8,1,9,2,0,0,1,0,0,0,255,255,255,24,4463.455,"Pring__",R,32,76,127,1.874,0.685,0.397,1.435,0.467,1.834,-36.241,38.08,0,100,0,2,229.84,-177.178,-4.389,0,0,7,7,R,"ByeolBam",175.4,90,0.5,3,57,W,Y,1,4464.516,156,64,80,54,35,140,80,10.495,40.862,0.278,1.149,-19.867,-0.95,0,0.199,146.277,230.963,-499.328,,,,4465.367,2,-19.21,1.866,-41.671,0,0,,,,,,,,,,,,,,,4466.351,7,,451,0,,,,,,,,,,,4466.932,2,,,,,,,0.084,-37.997,-0.116,-17.076,-22.552,-45.762,-16.014,-62.385,20.953,-48.393,13.335,-62.959,40.922,-90.671,0,-109.86,-40.822,-90.57,-0.164,-36.923,,"HANA_ARASHI",-0.08,-17.375,,"coder_",-22.026,-45.778,87,"うよすま",-15.896,-62.23,,"Fresh825",20.583,-48.468,,"kneesohime",13.263,-62.86,,"AI",40.9,-90.65,,"AI",0,-109.84,,"AI",-40.8,-90.55,,4468.554,-0.454,-38.338,,,,4466.36,-19.891,-42.334,,,,,,,,,,,,,,,,,,,,,,,,,4467.557,-15.962,-39.778,,,,,,,,,,,,,,,,,,,"",1,0,"coder_",,,,6,""
198,,8,1,9,2,0,0,2,0,0,0,255,255,255,25,4484.648,"Pring__",R,13,73,112,-1.089,-0.178,0.328,1.472,0.149,1.975,-36.241,39.525,48,52,0,0,-368.288,338.177,-1.284,0,0,0,5,R,"CoalCat",169.5,83,0.397,,57,W,Y,0,,,,,,,,,,,,,,,,,,,,,,,,,,,,0,0,,,,,,,,,,,,,,,,,,,,,,,,,,,,,,,,,,,,,,-0.046,-37.216,-0.363,-17.315,-21.968,-45.911,-17.513,-61.928,21.106,-49.469,13.907,-62.915,40.907,-90.657,0,-109.84,-40.807,-90.557,,,,"",,,,"",,,,"",,,,"",,,,"",,,,"",,,,"",,,,"",,,,4487.771,-0.476,-37.72,,,,,,,,,,,,,,,,,,,,,,,,,,,,,,,,,,,,,,,,,,,,,,,,,,,,"",0,0,"",,,,0,""
199,,8,1,9,2,0,1,2,0,0,0,255,255,255,26,4496.243,"Pring__",R,13,78,115,0.003,-0.501,0.426,1.417,0.605,1.775,-36.241,41.732,26,74,0,2,-370.024,336.277,-3.526,0,0,0,5,R,"CoalCat",169.5,83,0.397,0,57,W,Y,1,4497.33,255,122,73,62,0,143,85,96.239,-45.649,0.036,0.824,-21.06,-0.94,0,0.692,546.974,80.717,175.359,4502.467,-12.265,-4.449,,,,,,0,0,,,,,,,,,,,,,,,,,,,,,,,,,,,,,,,,,,,,,,0.053,-37.409,-0.199,-17.552,-22.005,-46.07,-17.507,-61.912,21.23,-49.522,12.058,-62.912,40.907,-90.657,0,-109.85,-40.807,-90.557,-0.095,-37.331,,"HANA_ARASHI",0.104,-17.793,,"coder_",-21.582,-45.79,,"うよすま",-17.317,-61.845,,"Fresh825",20.704,-49.893,,"kneesohime",11.973,-62.897,,"AI",40.9,-90.65,,"AI",0,-109.84,,"AI",-40.8,-90.55,,,,,,,,,,,,,,,,,,,,,,,,,,,,,,,,,,,,,,,,,,,,,,,,,,,,,,,,"",3,0,"",,,,0,""
200,,8,1,9,2,0,2,2,0,0,0,255,255,255,27,4520.069,"Pring__",R,32,83,135,1.467,0.678,0.37,1.435,0.342,1.84,-36.241,37.911,0,100,0,0,211.649,-155.567,-5.053,0,0,0,5,R,"CoalCat",169.5,83,0.397,,57,W,Y,1,,,,,,,,,,,,,,,,,,,,,,,,,,,,0,0,,,,,,,,,,,,,,,4522.617,0,,578,0,,,,,,,,,,,,,,,,,,,0.093,-37.728,-0.044,-17.428,-20.71,-44.978,-17.322,-61.998,20.609,-47.142,12.196,-64.032,40.915,-90.664,0,-109.86,-40.815,-90.564,,,,"",,,,"",,,,"",,,,"",,,,"",,,,"",,,,"",,,,"",,,,,,,,,,,,,,,,,,,,,,,,,,,,,,,,,,,,,,,,,,,,,,,,,,,,,,,,,,"",0,0,"",,,,0,""
201,SIDE,8,1,9,2,0,0,2,0,0,0,255,255,255,,4523.861,,,,,,,,,,,,,,,,,,,,,,,1,,,,,,,,,,,,,,,,,,,,,,,,,,,,,,,,,,,,,,,0,0,,,,,,,,,,,,,,,,,,,,,,,,,,,,,,,,,,,,,,,,,,,,,,,,,,,,,,,,,,,,,,,,,,,,,,,,,,,,,,,,,,,,,,,,,,,,,,,,,,,,,,,,,,,,,,,,,,,,,,,,,,,,,,,,,,,,,,,,,,,,,,,,,"",0,0,"",,,,0,""
202,,8,0,9,2,0,0,0,0,0,0,255,255,255,77,4631.526,"Kr_Luna",L,29,73,125,1.95,-0.629,-0.103,1.624,0.452,1.009,-36.786,27.954,96,4,0,2,250,-200,0,0,0,5,1,R,"HANA_ARASHI",190,90,0.25,5,51,W,Y,1,4632.609,101,222,213,138,72,136,129,98.078,-85.113,0.329,0.832,-21.107,0.67,0,0.681,-85.691,249.356,311.096,4640.142,-31.714,-19.112,,,,,,0,0,,,,,,,,,,,,,,,,,,,,,,,,,,,,,,,,,,,,,,0.359,-37.136,-0.055,-17.02,-19.888,-50.294,-13.232,-65.04,17.463,-45.528,8.649,-62.593,40.93,-90.677,-4.224,-112.556,-45.468,-92.286,0.331,-38.074,,"소솨소솨",-0.139,-17.024,,"Yaksok~",-19.889,-50.296,,"눈꽃",-13.237,-65.04,,"인생최패망자",16.813,-45.617,,"CoalCat",8.635,-62.488,,"AI",40.9,-90.65,,"ByeolBam",-4.055,-112.587,,"SUGUN",-45.478,-92.172,,,,,,,,,,,,,,,,,,,,,,,,,,,,,,,,,,,,,,,,,,,,,,,,,,,,,,,,"",3,0,"",,,,0,""
203,,8,0,9,2,0,1,0,0,0,0,255,255,255,78,4656.565,"Kr_Luna",L,26,83,134,0.543,0.429,-0.166,1.833,0.156,1.687,-36.786,45.33,97,3,0,2,58.198,-200,0,0,0,5,1,R,"HANA_ARASHI",190,90,0.25,5,51,W,Y,1,4657.626,184,209,161,127,44,145,102,0,53.852,0.101,1.184,-20.411,-0.38,0,0.641,365.281,18.727,294.707,4657.184,-15.598,-31.878,,,,,,0,0,,,,,,,,,,,,,,,,,,,,,,,,,,,,,,,,,,,,,,0.349,-37.105,-0.054,-17.169,-19.87,-50.522,-13.291,-64.798,17.754,-46.512,9.961,-64.07,40.915,-90.664,-3.383,-111.298,-44.697,-92.365,0.026,-37.712,,"소솨소솨",-0.152,-17.145,,"Yaksok~",-19.867,-50.523,,"눈꽃",-13.295,-64.793,,"인생최패망자",17.436,-46.498,,"CoalCat",9.938,-63.937,,"AI",40.9,-90.65,,"ByeolBam",-3.371,-111.288,,"SUGUN",-44.689,-92.446,,,,,,,,,,,,,,,,,,,,,,,,,,,,,,,,,,,,,,,,,,,,,,,,,,,,,,,,"",3,0,"",,,,0,""
204,,8,0,9,2,0,2,0,0,0,0,255,255,255,79,4673.751,"Kr_Luna",L,29,69,122,0.055,0.255,-0.282,1.892,-0.381,1.553,-36.786,47.211,100,0,0,2,250,-200,0,0,0,5,1,R,"HANA_ARASHI",190,90,0.25,5,51,W,Y,1,4674.857,174,145,180,112,55,145,131,114.857,-27.576,-0.004,1.147,-20.827,0.43,0,0.72,75.25,391.011,321.486,,,,,,,,,0,0,,,,,,,,,,,,,,,,,,,,,,,,,,,,,,,,,,,,,,0.177,-37.136,-0.062,-16.923,-20.039,-50.248,-13.583,-64.669,17.474,-46.563,10.395,-62.812,40.907,-90.657,-3.379,-111.295,-44.482,-92.236,0.1,-38.073,,"소솨소솨",-0.212,-16.985,,"Yaksok~",-19.985,-50.266,,"눈꽃",-13.608,-64.657,,"인생최패망자",17.267,-46.441,,"CoalCat",10.39,-62.815,,"AI",40.9,-90.65,,"ByeolBam",-3.258,-111.132,,"SUGUN",-44.298,-92.317,,,,,,,,,,,,,,,,,,,,,,,,,,,,,,,,,,,,,,,,,,,,,,,,,,,,,,,,"",3,0,"",,,,0,""
205,,8,0,9,2,0,2,0,0,0,0,255,255,255,80,4689.165,"Kr_Luna",L,26,77,128,1.552,-0.239,-0.114,1.699,0.399,1.259,-36.786,30.498,100,0,0,2,180.302,-200,0,0,0,5,1,R,"HANA_ARASHI",190,90,0.25,5,51,W,Y,1,4690.234,172,131,115,118,51,145,131,32.972,-18.575,0.267,0.967,-20.961,0.35,0,0.719,345.699,374.632,316.455,4695.451,26.48,-139.366,,,,,,0,0,,4696.375,4701.021,4706.239,4711.279,,,,,,,,,,,,,,,,,,,,,,,,,,,4714.94,3,,,,,0.298,-37.102,-0.005,-17.105,-20.338,-50.29,-13.588,-64.466,16.995,-46.799,9.949,-63.752,40.907,-90.657,-1.856,-109.77,-44.963,-91.618,0.088,-38.196,,"소솨소솨",-0.133,-17.228,,"Yaksok~",-20.34,-50.301,,"눈꽃",-13.327,-64.548,,"인생최패망자",16.726,-46.419,,"CoalCat",9.95,-63.675,,"AI",40.9,-90.65,,"ByeolBam",-1.84,-109.706,,"SUGUN",-45.083,-91.836,,,,,,,,,,,,,,,,,,,,,,,,,,,,,,,,,,,,,,,,,,,,,,,,,,,,,,,,"",4,0,"",4701.021,4706.239,,0,""
206,,8,0,9,3,0,0,0,0,0,0,255,255,255,81,4735.406,"Kr_Luna",L,26,79,129,1.066,1.044,-0.148,1.947,0.243,2.063,-36.786,53.114,91,9,0,4,148.482,-200,0,0,0,0,5,R,"kneesohime",190,85,0.497,,79,W,Y,1,,,,,,,,,,,,,,,,,,,,,,,,,,,,0,0,,,,,,,,,,,,,,,,,,,,,,,,,,,,,,,,,,,,,,0.318,-37.167,-0.005,-17.257,-20.766,-50.343,-12.603,-65.248,10.791,-34.88,8.878,-62.882,40.922,-90.67,-0.856,-113.898,-44.861,-92.901,,,,"",,,,"",,,,"",,,,"",,,,"",,,,"",,,,"",,,,"",,,,,,,,,,,,,,,,,,,,,,,,,,,,,,,,,,,,,,,,,,,,,,,,,,,,,,,,,,"",0,0,"",,,,0,""
207,,8,0,9,3,0,1,0,0,0,0,255,255,255,82,4753.105,"Kr_Luna",L,29,65,119,-0.272,0.326,-0.304,1.804,-0.482,1.6,-36.786,46.748,90,10,0,2,219.125,-200,0,0,0,0,5,R,"kneesohime",190,85,0.497,0,79,W,Y,1,4754.296,156,216,78,112,81,145,133,27.231,38.53,-0.13,1.132,-19.701,0.38,0,0.239,191.509,451.102,13.781,4758.067,-83.845,-103.995,,,,,,0,0,,4760.368,4765.054,4770.309,4775.388,,,,,,,,,,,,,,,,,,,,,,,,,,,,,,,,,0.233,-37.193,-0.005,-17.306,-20.77,-50.341,-12.729,-65.495,19.001,-47.859,9.448,-62.805,40.922,-90.671,-0.855,-113.913,-44.848,-92.762,0.201,-38.073,,"소솨소솨",-0.103,-17.278,,"Yaksok~",-20.76,-50.331,,"눈꽃",-12.742,-65.503,,"인생최패망자",17.332,-46.49,,"CoalCat",9.432,-62.681,,"AI",40.9,-90.65,,"ByeolBam",-0.85,-113.908,,"SUGUN",-44.968,-92.636,,,,,,,,,,,,,,,,,,,,,,,,,,,,,,,,,,,,,,,,,,,,,,,,,,,,,,,,"",4,0,"",4765.054,4770.309,4775.388,0,""
208,,8,0,9,4,0,0,0,0,0,0,255,255,255,83,4791.672,"Kr_Luna",L,14,85,124,-1.875,-0.686,-0.24,1.779,-0.185,1.518,-36.786,37.213,96,4,0,2,-390.434,312.348,0,0,0,1,0,L,"Pring__",190,92.911,0.481,0,57,W,Y,1,4792.627,255,194,95,113,71,145,123,25.121,8.949,-0.298,0.982,-21.287,0.17,0,0.66,278.477,-168.936,-447.54,4796.801,-11.67,-132.141,4797.992,7,-12.324,0.494,-131.167,1,0,,4798.563,4803.06,,,,,,,,,,,,,,,,,,,,,,,,,,,,,,,,,,,0.255,-37.117,0.023,-17.249,-20.627,-51.059,-11.501,-63.505,17.55,-44.458,13.155,-63.046,40.915,-90.664,-0.027,-113.355,-44.495,-92.73,0.171,-37.872,,"소솨소솨",-0.104,-17.256,,"Yaksok~",-20.63,-51.056,,"눈꽃",-11.501,-63.505,,"인생최패망자",17.402,-44.411,,"CoalCat",13.013,-62.601,77,"AI",40.9,-90.65,,"ByeolBam",2.613,-114.516,95,"SUGUN",-44.551,-92.716,,4807.137,0.163,-38.69,,,,,,,,,,,,,4803.676,0.251,-60.177,,,,4799.068,-12.743,-131.012,,,,,,,,,,,,,,,,,,,4805.938,2.12,-57.569,,,,4800.232,-13.831,-122.827,,,,"",2,0,"ByeolBam",4803.06,,,137,""
209,,8,0,9,4,0,0,0,0,1,0,255,10,255,84,4826.538,"Kr_Luna",L,14,68,97,0.858,0.002,0.164,2.029,1.128,2.117,-36.786,41.453,93,7,0,0,-344.292,312.348,0,0,0,2,2,R,"coder_",184.8,80,0.302,,57,W,Y,0,,,,,,,,,,,,,,,,,,,,,,,,,,,,0,0,,,,,,,,,,,,,4844.805,,,,,,,,,,,,,,,,,,,,,,,,,0.434,-37.144,0.016,-16.923,-19.338,-49.509,-11.865,-64.487,16.746,-45.571,8.122,-62.32,40.93,-90.677,-0.304,-112.734,-46.284,-93.755,,,,"",,,,"",,,,"",,,,"",,,,"",,,,"",,,,"",,,,"",,,,4830.646,0.005,-37.76,,,,,,,,,,,,,,,,,,,,,,,,,,,,,,,,,,,,,,,,,,,,,,,,,,,,"",0,0,"",4829.434,,,0,""
210,,8,0,9,4,0,1,0,0,1,0,255,10,255,85,4845.07,"Kr_Luna",L,10,57,104,2.953,1.193,0.015,2.169,1.299,2.903,-36.786,74.687,85,15,0,1,-6.819,383.622,-9.766,0,0,2,2,R,"coder_",184.8,80,0.302,,57,W,Y,0,,,,,,,,,,,,,,,,,,,,,,,,,,,,0,0,,,,,,,,,,,,,4863.282,,,,,,,,,,,,,,,,,,,,,,,,,0.32,-37.207,0.012,-17.26,-19.356,-49.519,-11.844,-64.478,17.492,-46.401,8.118,-62.344,40.915,-90.664,-0.346,-112.806,-46.401,-93.234,,,,"",,,,"",,,,"",,,,"",,,,"",,,,"",,,,"",,,,"",,,,4849.402,0.124,-37.661,,,,,,,,,,,,,,,,,,,,,,,,,,,,,,,,,,,,,,,,,,,,,,,,,,,,"",0,0,"",4847.683,,,0,""
211,,8,0,9,4,1,1,0,0,1,0,255,10,255,86,4863.678,"Kr_Luna",L,14,67,108,0.459,0.2,0.002,1.975,0.941,2.167,-36.786,50.4,93,7,0,0,-383.336,312.348,0,0,0,2,2,R,"coder_",184.8,80,0.302,,57,W,Y,1,,,,,,,,,,,,,,,,,,,,,,,,,,,,0,0,,,,,,,,,,,,,4880.084,,,,,,,,,,,,,,,,,,,,,,,,,0.417,-37.114,0.02,-17.215,-20.146,-50.638,-11.885,-64.489,17.476,-45.885,8.114,-62.354,40.922,-90.671,-2.865,-111.642,-46.677,-93.509,,,,"",,,,"",,,,"",,,,"",,,,"",,,,"",,,,"",,,,"",,,,4867.887,0.07,-37.757,,,,,,,,,,,,,,,,,,,,,,,,,,,,,,,,,,,,,,,,,,,,,,,,,,,,"",0,0,"",4866.436,,,0,""
212,,8,0,9,4,1,2,0,0,1,0,255,10,255,87,4881.789,"Kr_Luna",L,29,78,128,1.819,0.959,-0.107,1.92,0.431,1.984,-36.786,44.245,92,8,0,2,234.571,-200,0,0,0,2,2,R,"coder_",184.8,80,0.302,5,46,W,Y,1,4882.912,112,48,79,46,32,136,86,45.887,21.939,0.366,1.301,-19.795,-0.81,0,0.239,164.006,200.609,-291.373,4887.292,-23.636,-75.29,4887.484,8,-22.864,2.464,-73.769,0,0,,4888.267,,,,,,,,,,,4910.064,,4888.527,2,,457,0,,,,,,,,,,,,,,,,,,,0.278,-37.119,0.016,-17.201,-20.161,-50.63,-11.883,-64.474,17.432,-44.929,8.52,-61.941,40.922,-90.671,-2.614,-111.467,-34.244,-88.167,0.24,-37.932,,"소솨소솨",-0.065,-17.226,,"Yaksok~",-20.16,-50.64,,"눈꽃",-11.882,-64.455,,"인생최패망자",16.942,-44.532,,"CoalCat",8.565,-61.813,,"AI",40.9,-90.65,,"ByeolBam",-2.615,-111.471,,"SUGUN",-30.707,-82.213,85,4892.618,-0.22,-38.549,,,,,,,,,,,,,,,,,,,,,,4888.537,-23.101,-74.306,,,,,,,,,,,,,,,,,,,,,,,,,4890.721,-16.914,-68.37,"",1,0,"SUGUN",4885.271,,,72,""
213,,8,0,9,4,0,0,1,0,1,0,255,10,255,88,4910.876,"Kr_Luna",L,26,78,128,-0.043,0.942,-0.258,1.927,-0.271,1.998,-36.786,45.013,94,6,0,0,169.483,-200,0,0,0,3,4,L,"Fresh825",190,80,0.2,,57,W,Y,1,,,,,,,,,,,,,,,,,,,,,,,,,,,,0,0,,,,,,,,,,,,,4925.276,,,,,,,,,,,,,,,,,,,,,,,,,0.203,-37.127,0.027,-17.187,-18.796,-47.778,-7.953,-64.913,17.422,-44.183,14.018,-59.742,40.922,-90.671,2.552,-115.775,-42.098,-99.181,,,,"",,,,"",,,,"",,,,"",,,,"",,,,"",,,,"",,,,"",,,,4914.62,0.012,-37.7,,,,,,,,,,,,,,,,,,,,,,,,,,,,,,,,,,,,,,,,,,,,,,,,,,,,"",0,0,"",4913.832,,,0,""
214,,8,0,9,4,0,1,1,0,1,0,255,10,255,89,4928.122,"Kr_Luna",L,10,70,112,-2.408,0.557,-0.452,2.106,-1.132,2.472,-36.786,52.881,91,9,0,1,52.383,400,0,0,0,3,4,L,"Fresh825",190,80,0.2,,57,W,Y,0,,,,,,,,,,,,,,,,,,,,,,,,,,,,0,0,,,,,,,,,,,,,4944.761,,,,,,,,,,,,,,,,,,,,,,,,,0.055,-37.317,0.003,-17.139,-19.478,-50.053,-7.398,-64.898,18.05,-44.493,14.455,-60.523,40.915,-90.664,2.451,-115.712,-42.209,-99.151,,,,"",,,,"",,,,"",,,,"",,,,"",,,,"",,,,"",,,,"",,,,4932.214,-0.111,-37.784,,,,,,,,,,,,,,,,,,,,,,,,,,,,,,,,,,,,,,,,,,,,,,,,,,,,"",0,0,"",4930.709,,,0,""
215,,8,0,9,4,1,1,1,0,1,0,255,10,255,90,4946.771,"Kr_Luna",L,10,65,109,0.204,-0.786,-0.193,1.822,0.031,1.658,-36.786,35.362,97,3,0,2,32.92,400,0,0,0,3,4,L,"Fresh825",190,80,0.2,3,57,W,Y,1,4947.913,255,108,108,137,96,145,120,-30,2.288,0.025,0.673,-20.983,0.8,0,0.157,-400.748,-380.718,233.357,4946.884,-0.016,-22.041,4948.867,3,-1.465,2.19,-61.957,1,0,,4953.488,4958.823,,,,,,4956.355,,,,,,,,,,,,,,,,,,,,,,,,,4961.158,0,,,0.218,-37.35,-0.003,-17.133,-20.565,-50.662,-7.561,-65.133,17.624,-43.961,14.039,-61.752,40.922,-90.671,2.452,-115.72,-41.933,-99.35,0.183,-38.012,,"소솨소솨",-0.013,-17.161,,"Yaksok~",-20.573,-50.668,,"눈꽃",-7.559,-65.103,104,"인생최패망자",17.242,-44.165,104,"CoalCat",13.995,-61.612,,"AI",40.9,-90.65,,"ByeolBam",2.452,-115.715,,"SUGUN",-41.921,-99.359,,4959.148,24.608,-34.588,,,,,,,4949.959,-1.687,-63.037,4951.758,17.382,-42.375,,,,,,,,,,,,,,,,,,,,,,4950.643,1.042,-59.569,4953.321,11.199,-47.891,,,,,,,,,,,,,"",2,0,"눈꽃",4958.823,4956.355,,44,""
216,,8,0,9,4,0,0,1,0,1,1,255,14,10,91,4987.473,"Kr_Luna",L,26,78,128,1.074,0.912,-0.145,1.868,0.257,1.834,-36.786,44.902,93,7,0,2,140.191,-200,0,0,0,4,3,R,"うよすま",160,85.375,0.502,5,57,W,Y,1,4988.552,240,75,147,47,0,145,85,4.7,-3.74,0.206,1.087,-20.129,-0.68,0,0.367,536.256,125.085,61.948,,,,4988.334,0,1.219,1.642,-36.945,0,0,,,,,,,,,,,,,4987.689,,4989.584,4,,449,0,,,,,,,,,,,,,,,,,,,0.322,-37.125,0.006,-17.089,-19.213,-48.916,-11.181,-62.83,18.186,-39.858,10.567,-60.159,40.93,-90.677,0.004,-107.76,-43.765,-93.987,0.416,-37.963,92,"소솨소솨",-0.02,-17.094,,"Yaksok~",-19.43,-49.077,,"눈꽃",-11.717,-62.751,,"인생최패망자",16.521,-41.484,,"CoalCat",10.884,-59.812,72,"AI",40.9,-90.65,,"ByeolBam",0.01,-107.757,,"SUGUN",-43.636,-94.032,,4989.594,1.2,-37.336,,,,,,,,,,,,,4992.612,0.275,-58.315,,,,,,,,,,4991.496,0.369,-38.883,,,,,,,,,,,,,4996.02,2.596,-57.102,,,,,,,,,,"",1,0,"Kr_Luna",4991.8,4990.634,,9,""
217,,8,0,9,4,0,0,2,0,1,1,255,14,10,92,5015.863,"Kr_Luna",L,14,70,110,-2.428,-0.999,-0.267,1.844,-0.311,1.397,-36.786,43.116,97,3,0,4,-390.434,312.348,-3.068,-2.744,-20.28,5,1,R,"HANA_ARASHI",190,90,0.25,,50,W,Y,1,,,,,,,,,,,,,,,,,,,,,,,,,,,,0,0,,,,,,,,,,,,,5015.983,5016.234,,,,,,,,,,,,,,,,,,,,,,,,0.222,-37.159,-0.055,-17.226,-19.344,-49.89,-9.29,-63.37,17.956,-39.791,9.105,-61.727,40.93,-90.677,0.236,-107.508,-45.128,-93.759,,,,"",,,,"",,,,"",,,,"",,,,"",,,,"",,,,"",,,,"",,,,5023.024,0.34,-37.811,,,,,,,,,,,,,,,,,,,,,,,,,,,,,,,,,,,,,,,,,,,,,,,,,,,,"",0,0,"",5018.551,5018.018,,0,""
218,,8,0,9,4,0,1,2,0,1,1,255,14,10,93,5036.312,"Kr_Luna",L,14,59,103,0.91,0.535,0.034,2.084,1.086,2.457,-36.786,62.143,98,2,0,0,-335.02,349.267,8.413,0,0,5,1,R,"HANA_ARASHI",190,90,0.25,,50,W,Y,0,,,,,,,,,,,,,,,,,,,,,,,,,,,,0,0,,,,,,,,,,,,,5036.419,5054.169,,,,,,,,,,,,,,,,,,,,,,,,0.444,-37.137,-0.025,-17.23,-20.06,-49.85,-11.15,-63.697,18.473,-40.008,9.11,-61.053,40.915,-90.664,-1.498,-111.437,-49.725,-96.373,,,,"",,,,"",,,,"",,,,"",,,,"",,,,"",,,,"",,,,"",,,,5040.668,0.155,-37.705,,,,,,,,,,,,,,,,,,,,,,,,,,,,,,,,,,,,,,,,,,,,,,,,,,,,"",0,0,"",5039.008,,,0,""
219,,8,0,9,4,0,2,2,0,1,1,255,14,10,94,5056.819,"Kr_Luna",L,26,72,124,1.38,1.455,-0.105,2.028,0.44,2.333,-36.786,58.047,94,6,0,2,101.911,-177.485,5.941,0,0,5,1,R,"HANA_ARASHI",190,90,0.25,5,50,W,Y,1,5057.958,204,111,167,82,35,145,92,8.349,-48.478,0.273,1.544,-19.856,-0.87,0,0.697,331.731,-297.414,92.208,5059.125,38.704,-51.46,,,,,,0,0,,,,,,,,,,,,,,5077.309,,,,,,,,,,,,,,,,,,,,,,,,0.34,-37.158,-0.02,-17.045,-20.306,-51.4,-8.237,-64.341,18.067,-39.556,9.451,-60.959,40.922,-90.67,-3.491,-114.327,-50.412,-97.168,0.284,-37.96,,"소솨소솨",-0.136,-17.124,,"Yaksok~",-20.308,-51.399,,"눈꽃",-10.048,-64.884,,"인생최패망자",16.939,-43.006,,"CoalCat",9.45,-60.936,,"AI",40.9,-90.65,,"ByeolBam",-1.414,-115.765,,"SUGUN",-50.278,-97.146,,,,,,,,,,,,,,,,,,,,,,,,,,,,,,,,,,,,,,,,,,,,,,,,,,,,,,,,"",3,0,"",5065.017,5061.727,,0,""
220,,8,0,9,4,0,2,2,0,1,1,255,14,10,95,5077.907,"Kr_Luna",L,29,73,125,1.964,0.517,-0.098,1.841,0.477,1.727,-36.786,42.865,94,6,0,2,236.39,-200,-1.568,0,0,5,1,R,"HANA_ARASHI",190,90,0.25,5,50,W,Y,1,5078.982,191,140,187,52,42,145,89,7.611,-44.868,0.33,1.229,-20.622,-1,0,0.627,418.624,338.978,264.287,5080.101,32.712,-55.749,5083.926,6,55.528,0.06,-79.528,1,0,,5085.117,5089.678,,,,,,5083.517,5088.695,5083.907,,5078.23,5078.614,,,,,,,,,,,,,,,,,,,,,,,,0.361,-37.117,0.001,-17.123,-21.525,-51.863,-11.929,-65.26,18.401,-39.603,9.527,-60.615,40.915,-90.664,0.126,-114.384,-51.866,-98.041,0.364,-37.947,,"소솨소솨",-0.128,-17.143,,"Yaksok~",-21.353,-51.981,,"눈꽃",-11.947,-65.264,,"인생최패망자",15.326,-41.781,,"CoalCat",9.523,-60.476,58,"AI",40.9,-90.65,,"ByeolBam",-0.494,-114.79,,"SUGUN",-51.859,-98.045,,5093.676,9.249,-43.091,,,,,,,,,,,,,5088.773,17.183,-50.041,,,,,,,,,,,,,,,,,,,,,,,,,5093.068,11.179,-49.343,,,,,,,,,,"",2,0,"AI",5089.678,5078.409,5083.907,9,""
221,,8,0,9,6,0,0,2,0,1,0,255,11,255,96,5114.246,"Kr_Luna",L,14,76,114,0.848,0.062,0.031,1.937,1.073,2.039,-36.786,46.869,93,7,0,2,-390.434,312.348,0.438,0,0,0,5,R,"kneesohime",190,85,0.497,3,57,W,Y,1,5115.493,255,157,168,102,71,145,130,25.554,12.562,0.16,1.063,-20.582,0.35,0,0.268,520.326,-44.855,233.206,5119.909,-26.838,-138.953,,,,,,0,0,,5121.518,5126.193,5131.297,5136.432,,,,5121.311,5126.446,,,5114.472,,,,,,,,,,,,,,,,,,,,,,,,,0.425,-37.169,-0.001,-17.161,-20.683,-51.822,-11.553,-65.244,16.95,-43.569,9.855,-61.741,40.93,-90.677,-0.475,-111.239,-54.934,-98.301,0.305,-38.229,,"소솨소솨",-0.041,-17.147,,"Yaksok~",-20.675,-51.822,,"눈꽃",-11.559,-65.393,,"인생최패망자",16.587,-44.049,,"CoalCat",9.666,-62.199,,"AI",40.9,-90.65,,"ByeolBam",-0.944,-112.412,,"SUGUN",-55.213,-98.145,,,,,,,,,,,,,,,,,,,,,,,,,,,,,,,,,,,,,,,,,,,,,,,,,,,,,,,,"",4,0,"",5126.193,5121.311,5126.446,0,""
222,,8,0,9,8,0,0,2,0,0,0,255,255,255,97,5157.743,"Kr_Luna",L,26,65,118,-0.739,1.982,-0.232,2.122,-0.149,2.636,-36.786,55.794,79,16,5,1,-96.396,-200,4.245,0,0,1,0,L,"Pring__",190,92.911,0.481,,57,W,Y,0,,,,,,,,,,,,,,,,,,,,,,,,,,,,0,0,,,,,,,,,,,,,,,,,,,,,,,,,,,,,,,,,,,,,,0.205,-37.185,-0.004,-17.198,-20.067,-49.789,-10.256,-65.696,17.812,-44.425,12.827,-61.344,40.915,-90.664,0.032,-113.697,-45.129,-92.266,,,,"",,,,"",,,,"",,,,"",,,,"",,,,"",,,,"",,,,"",,,,,,,,,,,,,,,,,,,,,,,,,,,,,,,,,,,,,,,,,,,,,,,,,,,,,,,,,,"",0,0,"",,,,0,""
223,,8,0,9,8,1,0,2,0,0,0,255,255,255,98,5173.07,"Kr_Luna",L,10,72,114,-0.459,0.558,-0.242,2.067,-0.193,2.46,-36.786,46.851,90,10,0,0,0,400,7.526,0,0,1,0,L,"Pring__",190,92.911,0.481,,57,W,Y,0,,,,,,,,,,,,,,,,,,,,,,,,,,,,0,0,,,,,,,,,,,,,,,,,,,,,,,,,,,,,,,,,,,,,,0.168,-37.145,-0.001,-17.148,-20.043,-49.78,-10.348,-65.713,17.741,-44.498,12.823,-61.34,40.915,-90.664,-0.014,-113.689,-44.603,-92.575,,,,"",,,,"",,,,"",,,,"",,,,"",,,,"",,,,"",,,,"",,,,,,,,,,,,,,,,,,,,,,,,,,,,,,,,,,,,,,,,,,,,,,,,,,,,,,,,,,"",0,0,"",,,,0,""
224,,8,0,9,8,1,1,2,0,0,0,255,255,255,99,5188.932,"Kr_Luna",L,14,77,114,1.935,-0.518,0.132,1.929,1.545,1.674,-36.786,43.642,95,5,0,4,-390.434,312.348,-24.928,0.237,-18.527,1,0,L,"Pring__",190,92.911,0.481,,57,W,Y,1,,,,,,,,,,,,,,,,,,,,,,,,,,,,0,0,,,,,,,,,,,,,,,,,,,,,,,,,,,,,,,,,,,,,,0.302,-37.22,0.014,-17.186,-20.004,-50.412,-11.922,-65.019,18.453,-46.407,12.879,-61.389,40.915,-90.664,-0.022,-113.697,-42.946,-91.102,,,,"",,,,"",,,,"",,,,"",,,,"",,,,"",,,,"",,,,"",,,,,,,,,,,,,,,,,,,,,,,,,,,,,,,,,,,,,,,,,,,,,,,,,,,,,,,,,,"",0,0,"",,,,0,""
225,,8,0,9,8,1,2,2,0,0,0,255,255,255,100,5207.914,"Kr_Luna",L,26,85,138,-0.888,0.845,-0.234,1.947,-0.158,2.048,-36.786,45.17,90,9,1,2,-98.845,-158.657,0,0,0,1,0,L,"Pring__",190,92.911,0.481,3,57,W,Y,1,5208.812,232,107,81,109,57,145,93,42.513,-35.349,-0.08,1.424,-20.318,-0.68,0,0.494,469.153,-227.313,297.026,5213.242,46.361,-79.08,5213.409,6,44.88,2.544,-77.361,0,0,,5214.807,,,,,,,,,,,,,5214.442,1,,456,0,,,,,,,,,,,,,,,,,,,0.207,-37.108,0.019,-17.153,-19.998,-50.412,-11.74,-65.89,18.305,-44.845,12.838,-61.326,40.922,-90.67,-0.175,-114.011,-48.768,-77.744,-0.087,-37.956,,"소솨소솨",-0.031,-17.17,,"Yaksok~",-19.993,-50.407,,"눈꽃",-10.984,-66.145,,"인생최패망자",17.895,-44.079,,"CoalCat",12.605,-61.388,,"AI",40.9,-90.65,,"ByeolBam",0.879,-113.891,,"SUGUN",-48.189,-81.204,,,,,,,,,,,,,,,,,,,,,,,,,,,,,,,,,,,,,,,,,,,,,,,,,,,,,,,,"",1,0,"AI",,,,0,""
226,SIDE,8,0,9,8,0,0,2,0,0,0,255,255,255,,5216.728,,,,,,,,,,,,,,,,,,,,,,,1,,,,,,,,,,,,,,,,,,,,,,,,,,,,,,,,,,,,,,,0,0,,,,,,,,,,,,,,,,,,,,,,,,,,,,,,,,,,,,,,,,,,,,,,,,,,,,,,,,,,,,,,,,,,,,,,,,,,,,,,,,,,,,,,,,,,,,,,,,,,,,,,,,,,,,,,,,,,,,,,,,,,,,,,,,,,,,,,,,,,,,,,,,,"",0,0,"",,,,0,""
227,END,9,1,9,8,0,0,0,0,0,0,255,255,255,,5224.425,,,,,,,,,,,,,,,,,,,,,,,,,,,,,,,,,,,,,,,,,,,,,,,,,,,,,,,,,,,,,,,,,,,,,,,,,,,,,,,,,,,,,,,,,,,,,,,,,,,,,,,,,,,,,,,,,,,,,,,,,,,,,,,,,,,,,,,,,,,,,,,,,,,,,,,,,,,,,,,,,,,,,,,,,,,,,,,,,,,,,,,,,,,,,,,,,,,,,,,,,,,,,,,,,,,,,,,,"{""schemaVersion"":6,""gameTimeZeroUtc"":""2026-08-06T08:31:13.462Z"",""exportedAtUtc"":""2026-08-06T09:58:17.887Z"",""teamNameA"":""Red"",""teamNameB"":""Blue""}"
