id,inn,half,scoreA,scoreB,ball,strk,out,b1,b2,b3,b1Idx,b2Idx,b3Idx,pCnt,pSec,pName,pHand,pType,pPow,spdK,zoneX,zoneY,startX,startY,targetX,targetY,zDist,pitchAngle,pOver,pSide,pUnder,call,balk,sH,sV,gyro,plx,plz,bSwing,bIdx,bPos,bZone,bName,bHCm,batLen,batCen,batType,bFps,bOS,bVR,hSec,rotS,rotL,shS,lgS,prepS,batSpd,ev,ldeg,sdeg,hPos,buntGrip,handDist,angVeloX,angVeloY,angVeloZ,PPosX,PPosY,PThrSpd,CName,CPosX,CPosY,CThrSpd,1BName,1BPosX,1BPosY,1BThrSpd,2BName,2BPosX,2BPosY,2BThrSpd,3BName,3BPosX,3BPosY,3BThrSpd,SSName,SSPosX,SSPosY,SSThrSpd,LFName,LFPosX,LFPosY,LFThrSpd,CFName,CFPosX,CFPosY,CFThrSpd,RFName,RFPosX,RFPosY,RFThrSpd,ltSec,lx,lz,cSec,cPos,cPlr,cx,cz,1BSafe,tag,cpSec,sb2Sec,sb3Sec,sbhSec,ass,result
1,1,1,0,0,0,0,0,0,0,0,255,255,255,0,255.502,"_Chun",L,26,87,140,-0.124,1.408,-0.46,2.208,-0.073,2.205,-36.623,56.038,70,30,0,4,0,28.359,-200,-10.238,0,0,1,0,5,R,"YukihiroD",174.3,80,0.4,0,81,W,Y,0,0,0,0,0,0,0,0,0,0,0,0,0,0,0,0,-0.43,-37.126,0,"ゆっち一",-0.112,-17.498,0,"encounter v",-18.716,-44.168,0,"눈꽃",-14.102,-64.797,0,"인생최패망자",15.937,-46.806,0,"ke ro",10.461,-64.886,0,"AI",40.9,-90.65,0,"AI",0,-109.84,0,"소솨소솨",-40.478,-92.552,0,0,0,0,0,0,"",0,0,0,0,256.769,,,,0,0
2,1,1,0,0,0,1,0,0,0,0,255,255,255,1,267.816,"_Chun",L,26,79,129,-0.251,1.372,-0.5,2.178,-0.124,2.165,-36.623,61.091,73,27,0,4,0,20.596,-200,-12.832,0,0,1,0,5,R,"YukihiroD",174.3,80,0.4,0,81,W,Y,0,0,0,0,0,0,0,0,0,0,0,0,0,0,0,0,-0.443,-37.085,0,"ゆっち一",-0.107,-17.565,0,"encounter v",-18.778,-44.209,0,"눈꽃",-14.08,-64.79,0,"인생최패망자",16.398,-46.51,0,"ke ro",11.094,-64.352,0,"AI",40.9,-90.65,0,"AI",0,-109.84,0,"소솨소솨",-40.501,-92.552,0,0,0,0,0,0,"",0,0,0,0,269.102,,,,0,0
3,1,1,0,0,0,2,0,0,0,0,255,255,255,2,280.094,"_Chun",L,26,93,140,2.278,0.338,-0.23,2.025,0.933,1.59,-36.623,31.718,82,18,0,4,0,51.016,-200,-31.244,0,0,1,0,5,R,"YukihiroD",174.3,80,0.4,0,81,W,Y,0,0,0,0,0,0,0,0,0,0,0,0,0,0,0,0,-0.038,-36.928,0,"ゆっち一",-0.012,-17.555,0,"encounter v",-18.726,-44.129,0,"눈꽃",-14.475,-64.331,0,"인생최패망자",16.363,-46.477,0,"ke ro",11.861,-64.836,0,"AI",40.9,-90.65,0,"AI",0,-109.84,0,"소솨소솨",-40.492,-92.593,0,0,0,0,0,0,"",0,0,0,0,281.285,,,,0,0
4,1,1,0,0,0,0,1,0,0,0,255,255,255,3,298.883,"_Chun",L,26,91,140,1.505,0.555,-0.295,2.056,0.631,1.701,-36.623,33.155,81,19,0,2,0,29.198,-200,-20.056,0,0,1,1,3,R,"Ѕeyeon",170.5,85,0.35,3,79,W,Y,299.82,199,49,82,20,0,137,80,11.163,20.041,-0.74,0,0.497,474.379,138.271,-340.361,-0.073,-37.031,0,"ゆっち一",-0.026,-17.568,0,"encounter v",-18.676,-44.116,0,"눈꽃",-14.05,-64.175,105,"인생최패망자",16.235,-46.323,0,"ke ro",10.628,-64.255,0,"AI",40.9,-90.65,0,"AI",0,-109.84,0,"소솨소솨",-40.36,-92.553,0,0,0,0,302.185,3,"눈꽃",-14,-57.444,0,0,,,,,48,1
5,1,1,0,0,0,0,2,0,0,0,255,255,255,4,318.897,"_Chun",L,0,77,115,0,0.551,-0.4,2.199,0.012,1.939,-36.623,48.93,83,17,0,0,0,0,23.152,-3.093,0,0,0,2,8,R,"SUGUN",179.9,82.092,0.496,0,78,W,Y,0,0,0,0,0,0,0,0,0,0,0,0,0,0,0,0,-0.197,-37.253,0,"ゆっち一",-0.03,-16.906,0,"encounter v",-18.298,-43.675,0,"눈꽃",-16.037,-63.286,0,"인생최패망자",15.379,-43.569,0,"ke ro",10.276,-63.154,0,"AI",40.9,-90.65,0,"AI",0,-109.84,0,"소솨소솨",-42.317,-89.827,0,0,0,0,0,0,"",0,0,0,0,320.452,,,,0,0
6,1,1,0,0,0,1,2,0,0,0,255,255,255,5,337.263,"_Chun",L,0,75,113,-1.016,1.022,-0.393,2.173,0.301,1.92,-36.623,52.137,86,14,0,2,0,0,0,-0.901,0,0,1,2,8,R,"SUGUN",179.9,82.092,0.496,3,78,W,Y,338.606,179,46,115,40,10,145,87,27.921,14.849,-0.83,0,0.298,510.265,134.999,93.275,-0.364,-36.936,0,"ゆっち一",0.011,-17.301,0,"encounter v",-18.118,-43.853,0,"눈꽃",-15.704,-63.624,0,"인생최패망자",16.889,-47.178,0,"ke ro",11.595,-65.384,0,"AI",40.9,-90.65,0,"AI",0,-109.84,0,"소솨소솨",-42.323,-90.568,98,343.427,-21.531,-90.846,343.91,4,"にゃんこ65K",-21.734,-91.786,0,0,377.485,,,,112,1
7,1,0,0,0,0,0,0,0,0,0,255,255,255,0,453.624,"Penguin_iDOL",R,14,78,104,-1.162,-0.64,-0.221,2.007,-1.224,1.748,-36.493,30.532,93,7,0,0,0,369.138,312.348,12.7,0,0,0,0,5,R,"ke ro",164.5,80,0.398,0,79,W,Y,0,0,0,0,0,0,0,0,0,0,0,0,0,0,0,0,0.093,-37.635,0,"Kr_Luna",0.037,-17.67,0,"Yaksok~",-19.942,-53.153,0,"Ѕeyeon",-16.209,-65.527,0,"にゃんこ65K",20.951,-48.447,0,"YukihiroD",8.68,-63.378,0,"AI",40.9,-90.65,0,"AI",0,-109.84,0,"SUGUN",-38.297,-88.676,0,0,0,0,0,0,"",0,0,0,0,454.66,,,,0,0
8,1,0,0,0,0,1,0,0,0,0,255,255,255,1,470.756,"Penguin_iDOL",R,4,76,109,-1.396,-0.919,0.135,1.73,-0.202,1.1,-36.493,21.533,100,0,0,0,0,-222.553,0,3.353,0,0,1,0,5,R,"ke ro",164.5,80,0.398,0,79,W,Y,0,0,0,0,0,0,0,0,0,0,0,0,0,0,0,0,0.131,-37.54,0,"Kr_Luna",0.013,-17.663,0,"Yaksok~",-19.94,-53.149,0,"Ѕeyeon",-15.767,-65.167,0,"にゃんこ65K",21.436,-50.569,0,"YukihiroD",8.517,-63.442,0,"AI",40.9,-90.65,0,"AI",0,-109.84,0,"SUGUN",-41.504,-90.508,0,0,0,0,0,0,"",0,0,0,0,471.819,,,,0,0
9,1,0,0,0,0,2,0,0,0,0,255,255,255,2,485.691,"Penguin_iDOL",R,29,88,140,-0.09,1.565,0.261,1.911,0.282,2.244,-36.493,34.873,85,15,0,2,0,-246.054,-200,19.613,0,0,0,0,5,R,"ke ro",164.5,80,0.398,3,79,W,Y,486.625,131,36,57,40,16,133,122,25.737,43.557,0.41,0,0.461,135.172,584.565,3.488,-0.254,-37.031,0,"Kr_Luna",0.067,-17.654,0,"Yaksok~",-19.909,-52.918,0,"Ѕeyeon",-15.011,-66.351,0,"にゃんこ65K",21.103,-50.767,0,"YukihiroD",8.594,-63.421,0,"AI",40.9,-90.65,0,"AI",0,-109.84,0,"SUGUN",-41.448,-90.54,0,491.327,-86.474,-87.305,0,0,"",0,0,0,0,,,,,64,3
10,1,0,0,0,0,2,0,0,0,0,255,255,255,3,507.71,"Penguin_iDOL",R,14,83,108,2.474,-2.246,0.265,1.653,0.35,0.867,-36.493,17.234,52,48,0,2,0,380.997,315.303,25.491,0,0,1,0,5,R,"ke ro",164.5,80,0.398,3,83,W,Y,508.738,196,100,48,62,64,135,124,-20.007,-6.286,0.61,0,0.575,67.975,-195.094,-60.603,0.351,-37.132,0,"Kr_Luna",0.038,-17.651,0,"Yaksok~",-20.394,-51.805,0,"Ѕeyeon",-16.848,-65.258,85,"にゃんこ65K",21.173,-49.685,0,"YukihiroD",11.17,-63.357,0,"AI",40.9,-90.65,0,"AI",0,-109.84,0,"SUGUN",-44.242,-89.706,0,508.585,0.517,-20.217,512.952,7,"AI",11.984,-110.022,1,0,,,,,66,2
11,1,0,0,0,0,0,0,1,0,0,15,255,255,4,539.605,"Penguin_iDOL",R,29,83,134,-2.33,0.575,0.047,1.794,-0.712,1.786,-36.493,26.274,96,4,0,1,0,-250,-200,15.285,0,0,0,1,1,L,"ゆっち一",190,83.623,0.399,0,83,W,Y,0,0,0,0,0,0,0,0,0,0,0,0,0,0,0,0,-0.134,-37.667,0,"Kr_Luna",0.002,-17.814,0,"Yaksok~",-18.595,-43.243,0,"Ѕeyeon",-7.068,-61.191,0,"にゃんこ65K",21.993,-48.067,0,"YukihiroD",15.504,-58.947,0,"AI",40.9,-90.65,0,"AI",0,-109.84,0,"SUGUN",-27.663,-73.734,0,0,0,0,0,0,"",0,0,0,0,540.61,,,,0,0
12,1,0,0,0,1,0,0,1,0,0,15,255,255,5,553.918,"Penguin_iDOL",R,14,85,124,-0.816,-0.055,-0.006,1.829,-0.96,1.902,-36.493,23.278,92,8,0,2,0,390.434,312.348,22.178,0,0,1,1,1,L,"ゆっち一",190,83.623,0.399,3,83,W,Y,555.021,178,200,128,62,61,145,107,-30,-48.697,0.94,0,0.371,-180.838,-176.84,-42.44,-3.587,-36.083,0,"Kr_Luna",0.049,-17.795,0,"Yaksok~",-16.771,-45.143,0,"Ѕeyeon",-0.951,-59.766,0,"にゃんこ65K",21.872,-48.21,0,"YukihiroD",15.559,-58.909,0,"AI",40.9,-90.65,0,"AI",0,-109.84,0,"SUGUN",-26.26,-77.583,0,554.952,1.364,-20.163,0,0,"",0,0,0,0,,557.224,,,64,3
13,1,0,0,0,1,1,0,1,0,0,15,255,255,6,577.077,"Penguin_iDOL",R,29,79,129,-1.348,-0.217,0.151,1.638,-0.226,1.283,-36.493,28.273,66,34,0,2,0,-246.71,-200,19.172,0,0,1,1,1,L,"ゆっち一",190,83.623,0.399,3,73,W,Y,578.153,255,188,62,98,59,138,89,63.964,29.946,-0.68,0,0.283,399.419,166.47,-70.149,-0.03,-37.273,0,"Kr_Luna",0.035,-17.486,0,"Yaksok~",-17.654,-46.603,0,"Ѕeyeon",-2.133,-59.749,0,"にゃんこ65K",21.955,-47.413,85,"YukihiroD",17.014,-58.878,95,"Sabo_10",-17.734,-19.035,0,"AI",0,-109.84,0,"SUGUN",-25.568,-77.57,113,584.26,-25.995,-57.788,586.152,8,"SUGUN",-29.404,-62.782,1,0,,580.909,596.862,,77,2
14,1,0,0,0,0,0,0,0,1,1,255,11,15,7,635.486,"Penguin_iDOL",R,29,86,139,0.6,0.237,0.312,1.729,0.521,1.575,-36.493,25.699,92,8,0,2,0,-231.117,-200,16.632,0,0,0,2,8,R,"소솨소솨",186.1,80,0.498,3,83,W,Y,636.48,220,51,72,25,19,136,123,-4.511,30.33,0.72,0,0.396,-208.672,447.624,-306.853,-0.026,-37.092,0,"Kr_Luna",0,-17.498,105,"Yaksok~",-18.541,-50.086,106,"Ѕeyeon",-14.962,-64.482,0,"にゃんこ65K",17.688,-42.555,0,"YukihiroD",10.58,-64.189,0,"Sabo_10",46.8,-93.653,0,"AI",0,-109.84,0,"SUGUN",-41.075,-92.755,0,636.719,-5.453,-28.75,637.777,2,"Yaksok~",-15.521,-46.375,1,0,639.894,,641.014,640.311,112,2
15,1,0,0,1,0,0,0,1,0,1,18,255,11,8,667.015,"Penguin_iDOL",R,29,80,131,-1.148,0.279,0.159,1.735,-0.192,1.598,-36.493,32.398,91,9,0,2,0,-250,-200,18.519,0,0,1,3,2,L,"encounter v",190,84.706,0.42,3,84,W,Y,667.911,255,88,129,90,32,145,112,26.172,7.583,0.86,0,0.566,-168.456,-489.318,-241.54,-0.278,-37.103,0,"Kr_Luna",0.06,-17.583,0,"Yaksok~",-18.275,-46.537,0,"Ѕeyeon",-8.82,-60.541,0,"にゃんこ65K",17.724,-40.926,0,"YukihiroD",17.251,-57.54,0,"Sabo_10",47.588,-94.031,0,"AI",0,-109.84,0,"SUGUN",-43.344,-88.004,0,672.335,-0.913,-113.225,672.552,7,"AI",-1.14,-110.768,1,0,,678.773,672.439,677.984,66,2
16,1,0,0,2,0,0,1,1,0,0,12,255,255,9,770.659,"Penguin_iDOL",R,14,85,123,-1.204,1.339,-0.022,2.051,-1.03,2.703,-36.493,40.073,88,12,0,2,0,373.852,332.016,2.168,0,0,1,4,3,L,"눈꽃",175,80,0.497,3,85,W,Y,771.744,254,75,95,33,19,144,99,53.221,-43.567,-0.07,0,0.245,67.134,-165.073,116.627,0.001,-37.026,0,"Kr_Luna",0.025,-17.692,0,"Yaksok~",-18.056,-45.821,0,"Ѕeyeon",-10.635,-61.138,0,"にゃんこ65K",23.334,-49.119,0,"YukihiroD",15.498,-60.361,0,"Sabo_10",44.728,-98,107,"AI",0,-109.84,0,"SUGUN",-44.65,-90.877,0,777.277,53.768,-71.827,778.494,6,"Sabo_10",58.822,-76.372,0,0,,777.512,,,192,2
17,1,0,0,2,0,1,1,1,0,0,12,255,255,10,798.301,"Penguin_iDOL",R,29,84,137,-1.604,0.657,0.123,1.791,-0.359,1.788,-36.493,29.067,90,10,0,2,0,-250,-200,17.528,0,0,1,4,3,L,"눈꽃",175,80,0.497,3,82,W,Y,799.315,255,118,101,73,31,145,87,-0.205,33.166,-0.74,0,0.314,470.989,17.807,49.647,-0.056,-37.077,0,"Kr_Luna",-0.014,-17.706,0,"Yaksok~",-17.18,-46.146,0,"Ѕeyeon",-9.056,-61.816,0,"にゃんこ65K",21.514,-46.927,81,"YukihiroD",16.755,-58.546,0,"Sabo_10",46.083,-96.199,0,"AI",0,-109.84,0,"SUGUN",-43.293,-88.767,119,799.919,-9.813,-33.422,803.569,5,"YukihiroD",-38.039,-72.265,1,0,,803.594,812.713,,76,2
18,1,0,0,2,0,0,1,0,1,1,255,13,12,11,842.605,"Penguin_iDOL",R,13,71,110,-2.163,-1.613,0.118,1.743,-0.381,0.975,-36.493,23.681,100,0,0,4,0,-362.357,344.525,-0.331,0,0,1,5,4,R,"인생최패망자",190,80,0.351,0,86,W,Y,0,0,0,0,0,0,0,0,0,0,0,0,0,0,0,0,-0.065,-37.819,0,"Kr_Luna",0.961,-18.551,0,"Yaksok~",-19.451,-42.807,0,"Ѕeyeon",-11.723,-62.773,0,"にゃんこ65K",19.027,-40.013,0,"YukihiroD",16.354,-53.604,0,"Sabo_10",38.58,-91.359,0,"AI",0,-109.84,0,"SUGUN",-40.212,-90.693,0,0,0,0,0,0,"",0,0,0,0,843.769,845.178,845.742,,0,0
19,1,0,0,2,0,1,1,0,1,1,255,13,12,12,866.988,"Penguin_iDOL",R,14,78,104,-1.074,-0.353,-0.183,1.833,-1.186,1.828,-36.493,23.793,97,3,0,0,0,369.138,312.348,10.735,0,0,1,5,4,R,"인생최패망자",190,80,0.351,0,86,W,Y,0,0,0,0,0,0,0,0,0,0,0,0,0,0,0,0,-0.047,-37.71,0,"Kr_Luna",-0.06,-17.497,0,"Yaksok~",-19.125,-47.82,0,"Ѕeyeon",-11.282,-63.293,0,"にゃんこ65K",19.609,-40.525,0,"YukihiroD",15.203,-54.679,0,"Sabo_10",40.711,-93.235,0,"AI",0,-109.84,0,"SUGUN",-40.423,-90.484,0,0,0,0,0,0,"",0,0,0,0,868.16,869.86,869.916,,0,0
20,1,0,0,2,0,2,1,0,1,1,255,13,12,13,891.708,"Penguin_iDOL",R,10,90,128,-0.984,-1.528,0.107,1.767,-0.431,1.051,-36.493,24.295,77,23,0,2,0,0,400,31.229,0,0,1,5,4,R,"인생최패망자",190,80,0.351,3,86,W,Y,892.777,227,188,112,127,87,145,114,-15.83,-31.321,0.9,0,0.424,-359.006,-225.576,-424.536,0.306,-37.194,0,"Kr_Luna",-0.056,-17.495,119,"Yaksok~",-19.061,-48.503,0,"Ѕeyeon",-11.5,-63.811,0,"にゃんこ65K",17.727,-42.737,120,"YukihiroD",16.79,-57.964,0,"Sabo_10",43.265,-94.368,0,"AI",0,-109.84,0,"SUGUN",-40.517,-90.481,0,892.627,0.157,-20.874,893.819,4,"にゃんこ65K",14.784,-41.829,1,0,895.635,899.766,897.925,,106,2
21,1,0,0,2,0,0,1,1,1,1,14,13,12,14,924.66,"Penguin_iDOL",R,29,78,128,-3.111,1.033,-0.022,1.879,-1.033,2.064,-36.493,32.64,93,7,0,2,0,-250,-200,10.158,0,0,0,6,0,L,"_Chun",190,80,0.455,3,86,W,Y,925.585,232,63,85,58,39,145,112,95.053,77.678,0.09,0,0.399,-19.621,-336.291,110.364,-0.286,-36.979,0,"Kr_Luna",-0.001,-17.552,0,"Yaksok~",-17.427,-46.864,0,"Ѕeyeon",-9.69,-66.011,0,"にゃんこ65K",17.962,-41.963,0,"YukihiroD",18.724,-57.952,0,"Sabo_10",43.741,-89.359,0,"AI",0,-109.84,0,"SUGUN",-40.381,-91.568,0,0,0,0,0,0,"",0,0,0,0,,929.03,928.233,,64,3
22,1,0,0,2,0,1,1,1,1,1,14,13,12,15,941.828,"Penguin_iDOL",R,29,76,127,-0.64,-0.323,0.22,1.617,0.093,1.214,-36.493,33.856,100,0,0,0,0,-250,-199.565,10.152,0,0,0,6,0,L,"_Chun",190,80,0.455,0,81,W,Y,0,0,0,0,0,0,0,0,0,0,0,0,0,0,0,0,0.253,-37.653,0,"Kr_Luna",-0.048,-17.542,0,"Yaksok~",-19.567,-47.291,0,"Ѕeyeon",-9.506,-65.616,0,"にゃんこ65K",19.588,-40.587,0,"YukihiroD",19.271,-58.564,0,"Sabo_10",45.63,-92.473,0,"AI",0,-109.84,0,"SUGUN",-41.769,-91.981,0,0,0,0,0,0,"",0,0,0,0,942.71,945.085,944.575,,0,0
23,1,0,0,2,0,2,1,1,1,1,14,13,12,16,960.126,"Penguin_iDOL",R,14,81,106,3.356,-0.815,0.398,1.948,0.773,1.558,-36.493,38.456,93,7,0,2,0,353.397,339.863,5.962,0,0,1,6,0,L,"_Chun",190,80,0.455,3,81,W,Y,961.17,208,129,84,78,67,145,118,7.567,5.38,0.78,0,0.607,-505.627,123.434,-1.553,-0.159,-37.576,0,"Kr_Luna",0.378,-17.537,119,"Yaksok~",-19.204,-48.576,104,"Ѕeyeon",-9.232,-67.846,99,"にゃんこ65K",19.328,-42.412,0,"YukihiroD",19.217,-58.588,0,"Sabo_10",46.519,-94.305,0,"AI",0,-109.84,0,"SUGUN",-41.342,-91.479,0,962.444,-3.915,-63.811,962.944,3,"Ѕeyeon",-4.138,-65.71,1,16,965.41,965.683,965.452,967.396,114,2
24,2,1,0,2,0,0,0,0,0,0,255,255,255,6,1026.48,"_Chun",L,26,90,140,0.74,0.485,-0.332,2.095,0.277,1.723,-36.623,44.628,71,29,0,2,0,47.649,-200,-12.983,0,0,0,3,4,R,"にゃんこ65K",190,91.072,0.596,3,86,W,Y,1027.514,194,54,95,69,40,145,119,94.06,-82.214,0.19,0,0.287,-326.102,-131.242,-35.547,-0.293,-36.753,0,"ゆっち一",-0.042,-17.443,0,"encounter v",-19.19,-44.14,0,"눈꽃",-14.114,-64.44,0,"인생최패망자",18.684,-49.039,0,"ke ro",11.754,-64.907,0,"AI",40.9,-90.65,0,"AI",0,-109.844,0,"소솨소솨",-43.097,-93.071,0,0,0,0,0,0,"",0,0,0,0,,,,,64,3
25,2,1,0,2,0,1,0,0,0,0,255,255,255,7,1041.049,"_Chun",L,14,84,108,-3.086,-0.866,-0.592,1.955,-0.614,1.494,-36.623,35.808,88,12,0,2,0,-375.382,322.213,-17.154,0,0,0,3,4,R,"にゃんこ65K",190,91.072,0.596,3,86,W,Y,1042.219,146,134,112,107,71,145,108,101.934,-77.109,0.9,0,0.103,133.652,-145.096,45.311,-0.362,-37.278,0,"ゆっち一",-0.083,-17.448,0,"encounter v",-19.598,-44.393,0,"눈꽃",-15.073,-63.452,0,"인생최패망자",17.695,-48.34,0,"ke ro",9.863,-65.256,0,"AI",40.9,-90.65,0,"AI",0,-109.84,0,"소솨소솨",-43.013,-92.076,0,0,0,0,0,0,"",0,0,0,0,,,,,64,3
26,2,1,0,2,0,2,0,0,0,0,255,255,255,8,1058.173,"_Chun",L,26,90,140,-0.942,-0.083,-0.486,2.001,-0.428,1.37,-36.623,42.995,85,15,0,2,0,24.497,-196.447,-7.479,0,0,1,3,4,R,"にゃんこ65K",190,91.072,0.596,3,86,W,Y,1059.264,244,89,149,71,37,145,125,26.791,16.741,0.25,0,0.213,330.815,85.631,307.287,-0.069,-36.96,0,"ゆっち一",-0.066,-17.413,0,"encounter v",-19.276,-44.654,0,"눈꽃",-13.512,-64.65,0,"인생최패망자",17.593,-48.403,0,"ke ro",11.137,-65.681,0,"AI",40.9,-90.65,0,"AI",0,-109.84,0,"소솨소솨",-40.281,-89.275,0,1066.635,-39.696,-126.661,0,0,"",0,0,0,0,,1070.757,1076.092,,64,4
27,2,1,1,2,0,0,0,0,0,0,255,255,255,9,1097.098,"_Chun",L,10,89,128,1.408,-0.222,-0.297,2.1,0.621,1.857,-36.623,43.331,82,18,0,0,0,0,400,-10.698,0,0,0,4,2,R,"Yaksok~",173.3,80,0.332,0,86,W,Y,0,0,0,0,0,0,0,0,0,0,0,0,0,0,0,0,-0.147,-37.361,0,"ゆっち一",-0.049,-17.501,0,"encounter v",-19.028,-44.174,0,"눈꽃",-15.715,-64.09,0,"인생최패망자",16.453,-45.435,0,"ke ro",8.97,-65.576,0,"AI",40.9,-90.65,0,"AI",0,-109.84,0,"소솨소솨",-42.944,-92.618,0,0,0,0,0,0,"",0,0,0,0,1098.169,,,,0,0
28,2,1,1,2,0,1,0,0,0,0,255,255,255,10,1116.132,"_Chun",L,14,81,106,-2.954,-1.415,-0.567,1.941,-0.576,1.298,-36.623,41.202,86,14,0,1,0,-355.534,337.455,-21.172,-0.643,-18.123,0,4,2,R,"Yaksok~",173.3,80,0.332,0,59,W,Y,0,0,0,0,0,0,0,0,0,0,0,0,0,0,0,0,-0.282,-37.278,0,"ゆっち一",-0.573,-17.624,0,"encounter v",-19.082,-44.206,0,"눈꽃",-12.013,-64.519,0,"인생최패망자",16.422,-45.431,0,"ke ro",10.525,-66.128,0,"AI",40.9,-90.65,0,"AI",0,-109.84,0,"소솨소솨",-43.012,-91.916,0,0,0,0,0,0,"",0,0,0,0,1117.319,,,,0,0
29,2,1,1,2,1,1,0,0,0,0,255,255,255,11,1129.788,"_Chun",L,26,91,140,1.892,1.113,-0.293,2.051,0.638,2.035,-36.623,35.61,81,19,0,4,0,155.501,-200,-41.997,0,0,1,4,2,R,"Yaksok~",173.3,80,0.332,0,59,W,Y,0,0,0,0,0,0,0,0,0,0,0,0,0,0,0,0,-0.218,-37.361,0,"ゆっち一",-0.057,-17.571,0,"encounter v",-19.065,-44.199,0,"눈꽃",-12.508,-64.653,0,"인생최패망자",15.982,-45.945,0,"ke ro",9.355,-65.033,0,"AI",40.9,-90.65,0,"AI",0,-109.84,0,"소솨소솨",-42.968,-91.944,0,0,0,0,0,0,"",0,0,0,0,1130.702,,,,0,0
30,2,1,1,2,1,2,0,0,0,0,255,255,255,12,1147.883,"_Chun",L,13,80,107,-0.24,-1.464,-0.591,2.057,-0.399,1.352,-36.623,54.293,76,24,0,2,0,161.407,400,-1.394,0,0,1,4,2,R,"Yaksok~",173.3,80,0.332,3,59,W,Y,1148.903,205,105,76,93,59,145,103,-30,46.111,0.94,0,0.167,-26.587,-249.309,-100.269,0.128,-37.032,0,"ゆっち一",-0.017,-17.658,0,"encounter v",-19.052,-44.121,0,"눈꽃",-14.548,-64.001,0,"인생최패망자",15.5,-45.744,0,"ke ro",9.121,-65.041,0,"AI",40.9,-90.65,0,"AI",0,-109.84,0,"소솨소솨",-42.917,-91.798,0,1148.694,-0.473,-20.091,1150.377,2,"encounter v",-21.262,-40.142,0,0,,,,,72,2
31,2,1,1,2,1,2,0,0,0,0,255,255,255,13,1167.081,"_Chun",L,14,76,102,2.929,3.788,-0.002,2.245,1.294,2.344,-36.623,47.254,80,20,0,2,0,-356.136,320.143,-15.704,0,0,1,4,2,R,"Yaksok~",173.3,80,0.332,3,59,W,Y,1168.126,160,114,64,74,21,138,94,-54.003,21.76,-0.12,0,0.191,-239.896,549.056,31.42,0.055,-37.023,0,"ゆっち一",0.036,-17.214,0,"encounter v",-19.6,-44.524,89,"눈꽃",-14.31,-64.284,88,"인생최패망자",15.541,-45.505,0,"ke ro",8.165,-66.702,0,"AI",40.9,-90.65,0,"AI",0,-109.84,0,"소솨소솨",-41.804,-88.654,0,1167.935,-0.045,-20.862,1170.952,3,"눈꽃",-12.857,-52.44,0,0,,,,,88,2
32,2,1,1,2,0,0,1,0,0,0,255,255,255,14,1207.225,"_Chun",L,14,84,123,-2.338,-0.012,-0.497,2.084,-0.549,1.645,-36.623,50.468,82,18,0,2,0,-371.193,334.987,-22.338,0,0,0,5,1,L,"Kr_Luna",190,95.256,0.504,3,86,W,Y,1208.006,161,95,148,76,51,145,98,-6.234,0.24,-0.44,0,0.049,-538.864,120.171,-234.915,0.172,-36.901,0,"ゆっち一",-0.066,-17.281,0,"encounter v",-19.061,-44.011,0,"눈꽃",-10.427,-66.177,85,"인생최패망자",17.593,-44.631,120,"ke ro",14.791,-62.457,0,"AI",40.9,-90.65,0,"AI",0,-109.84,0,"소솨소솨",-29.418,-90.096,0,1207.969,-0.492,-26.05,1211.927,7,"AI",4.771,-97.551,1,0,,1226.347,,,112,2
33,2,1,1,2,0,0,1,0,1,0,255,1,255,15,1252.218,"_Chun",L,26,89,140,-0.205,0.102,-0.421,2.04,-0.134,1.475,-36.623,44.128,80,20,0,0,0,49.091,-200,-13.305,0,0,1,6,6,L,"Sabo_10",185.3,88,0.452,0,87,W,Y,0,0,0,0,0,0,0,0,0,0,0,0,0,0,0,0,-0.141,-37.158,0,"ゆっち一",-0.05,-17.587,0,"encounter v",-18.384,-43.951,0,"눈꽃",-5.688,-64.764,0,"인생최패망자",18.478,-40.115,0,"ke ro",13.484,-62.216,0,"AI",40.9,-90.65,0,"AI",0,-109.84,0,"소솨소솨",-32.02,-96.078,0,0,0,0,0,0,"",0,0,0,0,1253.144,1254.934,,,0,0
34,2,1,1,2,0,1,1,0,1,0,255,1,255,16,1269.523,"_Chun",L,14,77,103,-1.692,-0.317,-0.38,2.17,0.012,1.868,-36.623,46.724,83,17,0,4,0,-364.999,313.133,-9.585,0,0,1,6,6,L,"Sabo_10",185.3,88,0.452,0,87,W,Y,0,0,0,0,0,0,0,0,0,0,0,0,0,0,0,0,-0.113,-37.258,0,"ゆっち一",-0.112,-17.247,0,"encounter v",-18.539,-44.076,0,"눈꽃",-2.345,-61.689,0,"인생최패망자",18.173,-41.047,0,"ke ro",12.6,-63.817,0,"AI",40.9,-90.65,0,"AI",0,-109.84,0,"소솨소솨",-35.207,-96.396,0,0,0,0,0,0,"",0,0,0,0,1270.569,1272.141,,,0,0
35,2,1,1,2,0,2,1,0,1,0,255,1,255,17,1284.007,"_Chun",L,26,84,136,0.711,-0.114,-0.332,2.001,0.208,1.355,-36.623,37.487,79,21,0,0,0,79.745,-180.336,-20.47,0,0,0,6,6,L,"Sabo_10",185.3,88,0.452,0,87,W,Y,0,0,0,0,0,0,0,0,0,0,0,0,0,0,0,0,-0.239,-37.528,0,"ゆっち一",-0.024,-17.421,0,"encounter v",-18.475,-44.044,0,"눈꽃",-3.973,-62.496,0,"인생최패망자",18.303,-40.904,0,"ke ro",13.468,-63.625,0,"AI",40.9,-90.65,0,"AI",0,-109.84,0,"소솨소솨",-35.028,-96.447,0,0,0,0,0,0,"",0,0,0,0,1284.935,1286.7,,,0,0
36,2,1,1,2,0,0,2,0,1,0,255,1,255,18,1306.074,"_Chun",L,10,70,101,0.826,-0.647,-0.361,2.158,0.347,1.792,-36.623,51.405,87,13,0,2,0,10.648,400,-2.559,0,0,1,7,0,R,"Penguin_iDOL",190,80,0.255,3,86,W,Y,1307.258,242,231,128,123,77,145,106,-31.858,46.318,-0.05,0,0.456,369.58,-24.071,228.159,-0.381,-36.986,0,"ゆっち一",-0.067,-17.67,0,"encounter v",-18.34,-43.901,0,"눈꽃",-13.19,-64.105,0,"인생최패망자",15.468,-44.704,0,"ke ro",11.03,-62.393,0,"AI",40.9,-90.65,0,"AI",0,-109.84,0,"소솨소솨",-40.36,-94.8,0,1307.152,-1.201,-21.596,1308.752,2,"encounter v",-17.095,-41.372,0,0,,,1311.803,,136,2
37,2,0,1,2,0,0,0,0,0,0,255,255,255,17,1353.451,"Penguin_iDOL",R,3,84,108,-2.434,-1.751,0.106,1.702,-0.293,1.029,-36.493,15.446,57,43,0,4,0,-411.959,248.592,4.922,0,0,1,0,5,R,"ke ro",164.5,83.196,0.447,0,86,W,Y,0,0,0,0,0,0,0,0,0,0,0,0,0,0,0,0,0.071,-37.599,0,"Kr_Luna",0.014,-17.684,0,"Yaksok~",-19.542,-51.714,0,"Ѕeyeon",-14.963,-64.438,0,"にゃんこ65K",21.215,-48.36,0,"YukihiroD",11.049,-63.739,0,"Sabo_10",35.891,-93.422,0,"AI",0,-109.84,0,"SUGUN",-42.938,-90.427,0,0,0,0,0,0,"",0,0,0,0,1354.46,,,,0,0
38,2,0,1,2,0,1,0,0,0,0,255,255,255,18,1372.245,"Penguin_iDOL",R,10,82,109,-0.527,-2.129,0.148,1.776,-0.233,1.053,-36.493,29.624,78,22,0,4,0,0,400,28.611,-0.115,-19.315,1,0,5,R,"ke ro",164.5,83.196,0.447,0,86,W,Y,0,0,0,0,0,0,0,0,0,0,0,0,0,0,0,0,-0.097,-37.787,0,"Kr_Luna",0.01,-17.668,0,"Yaksok~",-19.494,-51.842,0,"Ѕeyeon",-15.624,-65.868,0,"にゃんこ65K",21.316,-48.276,0,"YukihiroD",11.522,-63.503,0,"Sabo_10",34.843,-95.228,0,"AI",0,-109.84,0,"SUGUN",-42.92,-90.764,0,0,0,0,0,0,"",0,0,0,0,1373.277,,,,0,0
39,2,0,1,2,0,2,0,0,0,0,255,255,255,19,1387.152,"Penguin_iDOL",R,4,80,112,-2.48,-1.602,-0.015,1.585,-0.667,0.736,-36.493,9.467,70,30,0,2,0,-232.042,5.039,9.25,0,0,1,0,5,R,"ke ro",164.5,83.196,0.447,3,86,W,Y,1388.147,184,95,55,74,68,137,90,25.062,42.403,0.92,0,0.656,15.693,-128.409,18.627,-0.121,-37.09,120,"Kr_Luna",0.027,-17.681,0,"Yaksok~",-19.071,-51.046,0,"Ѕeyeon",-15.723,-66.359,85,"にゃんこ65K",20.811,-47.943,0,"YukihiroD",11.485,-63.495,0,"Sabo_10",34.837,-95.775,0,"AI",0,-109.84,0,"SUGUN",-43.198,-90.336,85,1391.56,-43.368,-69.92,1392.394,8,"SUGUN",-47.021,-74.345,1,0,,,,,134,2
40,2,0,1,2,0,0,0,1,0,0,15,255,255,20,1436.012,"Penguin_iDOL",R,14,81,118,-5.399,-0.959,-0.029,1.961,-1.066,1.681,-36.493,34.673,94,6,0,2,0,390.434,312.348,11.112,0,0,1,1,1,L,"ゆっち一",190,83.623,0.399,3,72,W,Y,1437.115,233,111,71,73,65,145,125,25.391,-26.152,0.25,0,0.354,176.723,-133.764,-191.526,-4.197,-35.518,0,"Kr_Luna",0.035,-17.862,0,"Yaksok~",-17.223,-45.583,0,"Ѕeyeon",-2.452,-60.107,0,"にゃんこ65K",21.224,-46.38,0,"YukihiroD",16.098,-57.831,0,"Sabo_10",44.537,-96.31,0,"AI",0,-109.84,0,"SUGUN",-42.223,-92.193,0,1441.727,52.391,-116.527,0,0,"",0,0,0,0,,1440.217,1445.424,1450.923,128,4
41,2,0,1,4,0,0,0,0,0,0,255,255,255,21,1479.248,"Penguin_iDOL",R,26,87,140,1.354,0.728,0.31,1.852,0.672,1.876,-36.493,32.942,85,15,0,2,0,-70.906,-200,27.686,0,0,1,2,8,R,"소솨소솨",186.1,80,0.498,3,87,W,Y,1480.299,168,68,79,41,16,138,93,26.891,43.664,-0.42,0,0.352,-113.119,427.799,-405.206,0.253,-37.26,0,"Kr_Luna",0.048,-17.659,0,"Yaksok~",-19.493,-49.957,0,"Ѕeyeon",-15.285,-67.075,0,"にゃんこ65K",22.488,-50.348,0,"YukihiroD",10.83,-62.281,0,"Sabo_10",35.305,-95.094,0,"AI",0,-109.84,0,"SUGUN",-46.609,-92.071,0,1484.494,-56.99,-70.877,0,0,"",0,0,0,0,,,,,128,3
42,2,0,1,4,0,1,0,0,0,0,255,255,255,22,1497.596,"Penguin_iDOL",R,10,87,128,1.387,-0.582,0.316,1.754,0.54,1.658,-36.493,25.251,80,20,0,0,0,37.799,400,35.921,0.267,-16.001,1,2,8,R,"소솨소솨",186.1,80,0.498,0,87,W,Y,0,0,0,0,0,0,0,0,0,0,0,0,0,0,0,0,-0.073,-38.116,0,"Kr_Luna",0.029,-15.843,0,"Yaksok~",-19.267,-47.975,0,"Ѕeyeon",-15.863,-64.233,0,"にゃんこ65K",23.144,-50.609,0,"YukihiroD",11.996,-63.175,0,"Sabo_10",36.094,-97.537,0,"AI",0,-109.84,0,"SUGUN",-49.487,-93.911,0,0,0,0,0,0,"",0,0,0,0,1502.002,,,,0,0
43,2,0,1,4,0,2,0,0,0,0,255,255,255,23,1517.861,"Penguin_iDOL",R,26,93,140,0.163,1.278,0.227,1.922,0.127,2.215,-36.493,35.586,78,20,2,4,0,-49.133,-200,27.19,0,0,1,2,8,R,"소솨소솨",186.1,80,0.498,0,87,W,Y,0,0,0,0,0,0,0,0,0,0,0,0,0,0,0,0,0.05,-37.66,0,"Kr_Luna",0.035,-17.636,0,"Yaksok~",-19.907,-49.571,0,"Ѕeyeon",-16.369,-65.181,0,"にゃんこ65K",23.156,-50.844,0,"YukihiroD",11.996,-63.167,0,"Sabo_10",36.439,-99.124,0,"AI",0,-109.84,0,"SUGUN",-49.933,-93.834,0,0,0,0,0,0,"",0,0,0,0,1518.944,,,,0,0
44,2,0,1,4,0,0,1,0,0,0,255,255,255,24,1542.019,"Penguin_iDOL",R,29,85,138,-1.598,0.378,0.123,1.758,-0.359,1.671,-36.493,30.033,90,10,0,2,0,-250,-200,10.773,0,0,1,3,2,L,"encounter v",190,84.706,0.42,3,88,W,Y,1542.902,181,93,80,57,38,143,92,-18.468,-26.988,-0.69,0,0.305,87.41,-52.622,68.414,-0.032,-37.054,0,"Kr_Luna",0.056,-17.633,0,"Yaksok~",-18.693,-49.659,85,"Ѕeyeon",-13.068,-65.223,0,"にゃんこ65K",23.396,-50.615,0,"YukihiroD",15.355,-60.906,106,"Sabo_10",39.61,-102.498,0,"AI",0,-109.84,0,"SUGUN",-43.835,-89.188,0,1542.877,1.255,-22.937,1544.91,5,"YukihiroD",17.288,-54.666,0,0,,,,,145,2
45,2,0,1,4,0,0,2,0,0,0,255,255,255,25,1570.293,"Penguin_iDOL",R,14,77,103,2.935,-0.235,0.369,2.111,0.611,2.007,-36.493,50.473,86,14,0,4,0,329.969,354.709,1.333,0,0,1,4,3,L,"눈꽃",175,80,0.497,0,88,W,Y,0,0,0,0,0,0,0,0,0,0,0,0,0,0,0,0,0.023,-37.739,0,"Kr_Luna",0,-17.575,0,"Yaksok~",-19.207,-50.021,0,"Ѕeyeon",-8.615,-60.823,0,"にゃんこ65K",23.137,-50.418,0,"YukihiroD",16.078,-62.12,0,"Sabo_10",43.294,-97.532,0,"AI",0,-109.84,0,"SUGUN",-44.143,-91.673,0,0,0,0,0,0,"",0,0,0,0,1571.444,,,,0,0
46,2,0,1,4,0,1,2,0,0,0,255,255,255,26,1592.207,"Penguin_iDOL",R,29,86,139,-1.145,1.343,0.109,1.892,-0.165,2.187,-36.493,31.811,90,10,0,2,0,-250,-200,19.588,0,0,1,4,3,L,"눈꽃",175,80,0.497,3,88,W,Y,1593.191,255,163,98,69,28,145,127,112.647,-2.559,0.52,0,0.424,160.853,180.412,-47.548,-0.278,-37.091,0,"Kr_Luna",0.053,-17.521,0,"Yaksok~",-19.153,-49.712,0,"Ѕeyeon",-12.75,-66.738,0,"にゃんこ65K",23.296,-51.209,0,"YukihiroD",15.995,-61.521,0,"Sabo_10",42.719,-99.941,0,"AI",0,-109.84,0,"SUGUN",-44.06,-91.644,0,0,0,0,0,0,"",0,0,0,0,,,,,128,3
47,2,0,1,4,0,2,2,0,0,0,255,255,255,27,1612.434,"Penguin_iDOL",R,14,91,126,2.932,-1.495,0.309,1.596,0.685,1.102,-36.493,25.423,62,38,0,2,0,389.27,313.798,18.109,0,0,1,4,3,L,"눈꽃",175,80,0.497,3,80,W,Y,1613.588,255,172,64,82,53,139,108,98.72,73.027,0.83,0,0.504,399.324,84.271,-179.94,-0.042,-37.254,0,"Kr_Luna",0.072,-17.545,0,"Yaksok~",-19.297,-50.208,0,"Ѕeyeon",-13.97,-67.172,0,"にゃんこ65K",23.311,-50.951,0,"YukihiroD",16.698,-60.953,0,"Sabo_10",45.112,-99.405,0,"AI",0,-109.84,0,"SUGUN",-44.792,-91.468,0,0,0,0,0,0,"",0,0,0,0,,,,,128,3
48,2,0,1,4,0,2,2,0,0,0,255,255,255,28,1633.798,"Penguin_iDOL",R,26,93,140,-5.191,-2.732,0.094,1.663,-0.494,1.337,-36.493,22.543,85,15,0,2,0,-165.115,-200,30.948,0,0,1,4,3,L,"눈꽃",175,80,0.497,3,80,W,Y,1634.864,255,129,63,61,41,138,84,31.139,-13.618,-0.68,0,0.364,-72.331,-204.064,-110.215,-0.398,-37.602,0,"Kr_Luna",0.036,-17.539,0,"Yaksok~",-20.208,-50.435,0,"Ѕeyeon",-13.713,-66.4,0,"にゃんこ65K",23.525,-50.941,0,"YukihiroD",17.555,-60.54,0,"Sabo_10",45.631,-98.236,103,"AI",0,-109.84,0,"SUGUN",-43.982,-91.577,0,1639.436,19.593,-86.399,1640.794,6,"Sabo_10",22.461,-94.628,1,0,,,,,194,2
49,2,0,1,4,0,0,2,1,0,0,13,255,255,29,1668.404,"Penguin_iDOL",R,13,77,103,-2.514,-1.788,0.07,1.636,-0.404,0.971,-36.493,16.016,57,43,0,1,0,-347.384,335.208,1.366,0,0,0,5,4,R,"인생최패망자",190,80,0.351,0,88,W,Y,0,0,0,0,0,0,0,0,0,0,0,0,0,0,0,0,0.108,-37.901,0,"Kr_Luna",0.04,-17.537,0,"Yaksok~",-19.451,-45.227,0,"Ѕeyeon",-13.639,-64.985,0,"にゃんこ65K",22.337,-49.319,0,"YukihiroD",10.599,-62.423,0,"Sabo_10",39.898,-93.333,0,"AI",0,-109.84,0,"SUGUN",-34.661,-96.431,0,0,0,0,0,0,"",0,0,0,0,1669.56,,,,0,0
50,2,0,1,4,1,0,2,1,0,0,13,255,255,30,1691.75,"Penguin_iDOL",R,14,74,101,1.304,0.798,0.108,2.166,-0.155,2.576,-36.493,47.988,92,8,0,2,0,352.374,320.496,-2.552,0,0,1,5,4,R,"인생최패망자",190,80,0.351,3,88,W,Y,1692.913,255,160,157,119,82,145,111,-13.812,-13.462,0.92,0,0.387,-9.217,-17.789,-348.268,-0.093,-37.207,0,"Kr_Luna",0.096,-17.513,0,"Yaksok~",-18.377,-46.879,0,"Ѕeyeon",-13.969,-66.4,0,"にゃんこ65K",22.627,-50.789,0,"YukihiroD",10.343,-62.052,0,"Sabo_10",41.085,-96.016,0,"AI",0,-109.84,0,"SUGUN",-39.345,-103.952,0,1692.944,1.324,-26.316,1694.56,5,"YukihiroD",11.289,-57.197,0,0,,1697.192,,,81,2
51,3,1,1,4,0,0,0,0,0,0,255,255,255,19,1726.369,"_Chun",L,26,83,135,1.293,0.538,-0.304,2.17,0.517,1.692,-36.623,44.896,75,25,0,2,0,39.679,-200,-10.075,0,0,0,0,5,R,"YukihiroD",174.3,80,0.4,3,88,W,Y,1727.424,158,35,97,33,0,142,87,-29.433,20.974,-0.64,0,0.539,44.507,426.758,-390.972,-0.358,-36.925,85,"ゆっち一",-0.051,-17.255,0,"encounter v",-19.204,-44.933,0,"눈꽃",-14.679,-63.443,0,"인생최패망자",18.189,-46.69,0,"ke ro",11.243,-63.51,0,"AI",40.9,-90.65,0,"AI",0,-109.84,0,"소솨소솨",-38.594,-90.594,0,1727.435,-0.437,-21.944,1728.544,0,"_Chun",-3.319,-35.415,0,0,,,,,72,2
52,3,1,1,4,0,0,1,0,0,0,255,255,255,20,1750.41,"_Chun",L,10,77,117,1.078,-0.161,-0.417,2.224,0.404,2.025,-36.623,56.619,73,27,0,2,0,44.614,400,-3.282,0,0,1,1,3,R,"Ѕeyeon",170.5,85,0.35,3,88,W,Y,1751.456,203,112,115,85,45,145,114,-30,-6.962,0.14,0,0.569,-330.461,-30.654,-226.587,-0.325,-37.031,0,"ゆっち一",-0.047,-17.727,0,"encounter v",-19.222,-44.083,95,"눈꽃",-14.136,-64.812,0,"인생최패망자",19.179,-48.478,0,"ke ro",9.38,-64.775,92,"AI",40.9,-90.65,0,"AI",0,-109.84,0,"소솨소솨",-41.541,-91.172,0,1751.344,0.366,-22.117,1753.227,5,"ke ro",4.851,-59.009,0,0,,,,,73,2
53,3,1,1,4,0,0,2,0,0,0,255,255,255,21,1772.424,"_Chun",L,26,88,140,1.652,-0.034,-0.295,2.07,0.631,1.381,-36.623,32.601,80,20,0,2,0,72.305,-200,-16.319,0,0,1,2,8,R,"SUGUN",179.9,82.092,0.496,3,88,W,Y,1773.361,255,103,112,42,6,145,124,13.95,14.892,0.25,0,0.441,-107.775,372.331,457.989,-0.149,-37.055,0,"ゆっち一",-0.041,-17.569,0,"encounter v",-18.89,-43.927,0,"눈꽃",-11.803,-65.732,0,"인생최패망자",16.625,-46.438,0,"ke ro",11.036,-64.846,85,"AI",40.9,-90.65,0,"AI",0,-109.84,0,"소솨소솨",-42.658,-89.628,126,1776.235,-26.599,-98.987,1779.877,8,"소솨소솨",-33.521,-114.97,1,0,,1783.1,,,69,2
54,3,1,1,4,0,0,2,0,1,0,255,8,255,22,1807.537,"_Chun",L,14,73,100,0.347,0.143,-0.204,2.379,0.873,2.184,-36.623,55.045,84,16,0,0,0,-340.407,331.345,-19.649,0,0,0,3,4,R,"にゃんこ65K",190,91.072,0.596,0,88,W,Y,0,0,0,0,0,0,0,0,0,0,0,0,0,0,0,0,-0.216,-37.091,0,"ゆっち一",-0.058,-17.561,0,"encounter v",-19.749,-45.223,0,"눈꽃",-10.455,-64.749,0,"인생최패망자",16.825,-43.817,0,"ke ro",6.862,-63.398,0,"AI",40.9,-90.65,0,"AI",0,-109.84,0,"소솨소솨",-42.235,-92.229,0,0,0,0,0,0,"",0,0,0,0,1808.869,1810.496,,,0,0
55,3,1,1,4,0,1,2,0,1,0,255,8,255,23,1821.913,"_Chun",L,26,83,135,0.58,-0.037,-0.356,2.112,0.191,1.384,-36.623,43.821,79,21,0,2,0,51.176,-200,-8.01,0,0,0,3,4,R,"にゃんこ65K",190,91.072,0.596,3,88,W,Y,1822.986,197,110,117,65,60,145,130,19.676,-24.392,0.56,0,0.353,-415.299,413.932,127.232,-0.491,-36.993,0,"ゆっち一",0.035,-17.901,0,"encounter v",-19.761,-45.235,0,"눈꽃",-12.959,-64.458,87,"인생최패망자",16.225,-45.318,0,"ke ro",7.685,-62.822,0,"AI",40.9,-90.65,0,"AI",0,-109.84,0,"소솨소솨",-40.571,-94.564,0,1826.602,33.163,-115.582,1829.177,7,"AI",25.797,-117.487,1,0,,,1827.234,1832.166,80,2
56,3,1,2,4,0,0,2,1,0,0,4,255,255,24,1850.976,"_Chun",L,26,94,140,0.088,-1.231,-0.395,1.907,-0.006,0.684,-36.623,27.722,84,16,0,1,0,41.64,-200,-18.193,0,0,0,4,2,R,"Yaksok~",173.3,80,0.332,0,88,W,Y,0,0,0,0,0,0,0,0,0,0,0,0,0,0,0,0,-0.499,-37.001,0,"ゆっち一",-0.024,-17.616,0,"encounter v",-16.786,-40.514,0,"눈꽃",-10.561,-64.139,0,"인생최패망자",16.075,-45.557,0,"ke ro",8.303,-66.304,0,"AI",40.9,-90.65,0,"AI",0,-109.84,0,"소솨소솨",-42.371,-92.857,0,0,0,0,0,0,"",0,0,0,0,1851.985,,,,0,0
57,3,1,2,4,1,0,2,1,0,0,4,255,255,25,1864.428,"_Chun",L,26,81,131,0.349,1.505,-0.393,2.26,0.099,1.994,-36.623,51.572,77,23,0,2,0,58.98,-163.382,-4.576,0,0,0,4,2,R,"Yaksok~",173.3,80,0.332,3,88,W,Y,1865.328,216,120,88,105,51,145,126,26.355,-25.146,0.52,0,0.192,366.257,123.585,185.326,-0.438,-37.001,0,"ゆっち一",0.003,-17.569,0,"encounter v",-16.019,-41.47,0,"눈꽃",-14.783,-63.794,0,"인생최패망자",15.23,-44.781,0,"ke ro",7.96,-66.719,0,"AI",40.9,-90.65,0,"AI",0,-109.84,0,"소솨소솨",-41.601,-89.517,0,1870.485,46.753,-127.352,0,0,"",0,0,0,0,,1870.462,1875.64,1880.739,64,4
58,3,1,4,4,0,0,2,0,0,0,255,255,255,26,1903.01,"_Chun",L,10,87,128,0.048,-0.972,-0.427,2.073,0.018,1.404,-36.623,35.277,85,15,0,1,0,9.734,400,-20.902,0,0,0,5,1,L,"Kr_Luna",190,95.256,0.504,0,88,W,Y,0,0,0,0,0,0,0,0,0,0,0,0,0,0,0,0,-0.422,-37.105,0,"ゆっち一",-0.036,-17.135,0,"encounter v",-19.416,-45.012,0,"눈꽃",-7.659,-65.049,0,"인생최패망자",17.646,-44.862,0,"ke ro",11.665,-65.635,0,"AI",40.9,-90.65,0,"AI",0,-109.84,0,"소솨소솨",-24.628,-97.157,0,0,0,0,0,0,"",0,0,0,0,1903.91,,,,0,0
59,3,1,4,4,1,0,2,0,0,0,255,255,255,27,1916.041,"_Chun",L,26,91,140,-2.154,0.332,-0.566,2.151,-0.853,1.625,-36.623,47.195,80,20,0,2,0,-49.389,-200,-3.816,0,0,0,5,1,L,"Kr_Luna",190,95.256,0.504,3,88,W,Y,1916.82,127,106,97,61,24,138,130,-11.448,-27.496,0.49,0,0.04,-131.357,-331.013,145.601,-0.014,-36.94,0,"ゆっち一",-0.03,-17.553,0,"encounter v",-19.678,-45.038,101,"눈꽃",-13.983,-64.304,0,"인생최패망자",17.74,-44.978,115,"ke ro",11.655,-65.784,0,"AI",40.9,-90.65,0,"AI",0,-109.84,0,"소솨소솨",-6.492,-112.262,0,1916.677,2.455,-23.957,1917.869,4,"인생최패망자",12.673,-43.196,0,0,,,,,232,2
60,3,0,4,4,0,0,0,0,0,0,255,255,255,31,1954.833,"Penguin_iDOL",R,14,70,98,-1.236,0.799,-0.17,2.153,-1.164,2.513,-36.493,47.913,92,8,0,0,0,349.445,310.085,5.084,0,0,0,6,0,L,"_Chun",190,80,0.455,0,89,W,Y,0,0,0,0,0,0,0,0,0,0,0,0,0,0,0,0,-0.135,-37.752,0,"Kr_Luna",-0.008,-17.52,0,"Yaksok~",-20.073,-49.022,0,"Ѕeyeon",-12.286,-65.141,0,"にゃんこ65K",23.658,-50.895,0,"YukihiroD",17.511,-59.705,0,"Sabo_10",44.266,-97.427,0,"AI",0,-109.84,0,"SUGUN",-39.838,-104.078,0,0,0,0,0,0,"",0,0,0,0,1955.96,,,,0,0
61,3,0,4,4,0,1,0,0,0,0,255,255,255,32,1973.215,"Penguin_iDOL",R,29,92,140,-2.087,0.112,0.075,1.707,-0.582,1.506,-36.493,24.581,90,10,0,2,0,-250,-200,22.632,0,0,0,6,0,L,"_Chun",190,80,0.455,3,89,W,Y,1974.111,221,100,116,53,42,145,130,-15.765,-33.963,0.62,0,0.44,-288.164,-523.597,49.09,-0.332,-36.867,0,"Kr_Luna",-0.002,-17.496,0,"Yaksok~",-19.479,-50.189,87,"Ѕeyeon",-13.369,-67.305,0,"にゃんこ65K",23.637,-50.906,111,"YukihiroD",17.501,-59.69,0,"Sabo_10",43.943,-98.712,0,"AI",0,-109.84,0,"SUGUN",-39.926,-104.15,0,1973.994,1.742,-22.363,1975.302,4,"にゃんこ65K",19.317,-48.013,0,0,,,,,152,2
62,3,0,4,4,0,0,1,0,0,0,255,255,255,33,1998.302,"Penguin_iDOL",R,26,85,137,-0.077,0.01,0.224,1.684,0.112,1.396,-36.493,22.048,58,42,0,2,0,-114.898,-200,28.023,0,0,0,0,5,R,"ke ro",164.5,83.196,0.447,3,89,W,Y,1999.254,116,46,61,50,0,136,122,29.845,11.038,0.4,0,0.469,-78.888,139.823,-39.485,-0.262,-37.234,0,"Kr_Luna",-0.01,-17.507,0,"Yaksok~",-19.494,-50.713,0,"Ѕeyeon",-15.261,-64.901,0,"にゃんこ65K",21.504,-51.385,0,"YukihiroD",10.474,-63.021,72,"Sabo_10",34.219,-95.519,0,"AI",0,-109.84,0,"SUGUN",-44.381,-77.318,0,2004.052,-23.307,-120.904,2006.002,7,"AI",-21.231,-128.609,1,0,,2009.668,,,129,2
63,3,0,4,4,0,0,1,0,1,0,255,15,255,34,2031.698,"Penguin_iDOL",R,29,86,140,-1.879,-0.066,0.091,1.673,-0.509,1.394,-36.493,23.859,97,3,0,1,0,-236.968,-200,22.949,0,0,0,1,1,L,"ゆっち一",190,83.623,0.399,0,89,W,Y,0,0,0,0,0,0,0,0,0,0,0,0,0,0,0,0,0.145,-37.676,0,"Kr_Luna",-0.024,-17.519,0,"Yaksok~",-19.857,-49.88,0,"Ѕeyeon",-7.195,-63.899,0,"にゃんこ65K",21.452,-46.26,0,"YukihiroD",14.811,-59.429,0,"Sabo_10",44.462,-99.876,0,"AI",0,-109.84,0,"SUGUN",-36.004,-102.125,0,0,0,0,0,0,"",0,0,0,0,2032.669,2034.519,,,0,0
64,3,0,4,4,1,0,1,0,1,0,255,15,255,35,2046.564,"Penguin_iDOL",R,29,87,140,-2.379,0.326,0.045,1.743,-0.72,1.621,-36.493,23.158,93,7,0,2,0,-250,-200,31.901,0,0,1,1,1,L,"ゆっち一",190,83.623,0.399,3,89,W,Y,2047.568,255,130,98,80,67,145,95,64.438,21.325,-0.61,0,0.318,423.356,-68.94,-245.735,-0.113,-37.266,0,"Kr_Luna",-0.008,-17.482,0,"Yaksok~",-19.993,-49.585,0,"Ѕeyeon",-7.76,-63.997,0,"にゃんこ65K",21.538,-46.861,0,"YukihiroD",14.683,-59.497,0,"Sabo_10",43.68,-99.269,0,"AI",0,-109.84,0,"SUGUN",-39.009,-101.902,0,2053.952,-15.511,-63.191,2054.16,3,"Ѕeyeon",-15.203,-62.321,0,0,,2053.099,,,130,1
65,3,0,4,4,0,0,2,0,1,0,255,15,255,36,2071.731,"Penguin_iDOL",R,10,89,128,1.892,-0.218,0.349,1.821,0.692,1.878,-36.493,26.168,79,21,0,4,0,84.419,400,38.482,0.426,-15.267,1,2,8,R,"소솨소솨",186.1,80,0.498,0,89,W,Y,0,0,0,0,0,0,0,0,0,0,0,0,0,0,0,0,0.288,-37.504,0,"Kr_Luna",1.052,-16.431,0,"Yaksok~",-20.978,-51.632,0,"Ѕeyeon",-14.869,-65.522,0,"にゃんこ65K",21.932,-46.529,0,"YukihiroD",9.817,-61.755,0,"Sabo_10",39.129,-95.295,0,"AI",0,-109.84,0,"SUGUN",-50.279,-92.121,0,0,0,0,0,0,"",0,0,0,0,2075.894,,2078.944,,0,0
66,3,0,4,4,0,1,2,0,0,1,255,255,15,37,2100.733,"Penguin_iDOL",R,3,72,103,-3.105,-0.744,-0.02,1.729,-0.681,1.161,-36.493,18.619,100,0,0,1,0,-337.529,0,8.812,0,0,0,2,8,R,"소솨소솨",186.1,80,0.498,0,89,W,Y,0,0,0,0,0,0,0,0,0,0,0,0,0,0,0,0,-0.145,-37.727,0,"Kr_Luna",0.002,-17.561,0,"Yaksok~",-21.146,-51.6,0,"Ѕeyeon",-15.339,-64.002,0,"にゃんこ65K",18.705,-42.012,0,"YukihiroD",8.199,-64.303,0,"Sabo_10",36.434,-93.007,0,"AI",0,-109.84,0,"SUGUN",-50.018,-92.772,0,0,0,0,0,0,"",0,0,0,0,2101.96,,2102.868,,0,0
67,3,0,4,4,1,1,2,0,0,1,255,255,15,38,2118.196,"Penguin_iDOL",R,14,81,106,-1.579,0.107,-0.252,1.959,-1.402,2.107,-36.493,31.526,92,8,0,1,0,376.237,312.348,21.581,0,0,0,2,8,R,"소솨소솨",186.1,80,0.498,0,89,W,Y,0,0,0,0,0,0,0,0,0,0,0,0,0,0,0,0,0.034,-37.874,0,"Kr_Luna",-0.009,-17.556,0,"Yaksok~",-21.128,-52.087,0,"Ѕeyeon",-15.627,-64.756,0,"にゃんこ65K",19.417,-43.743,0,"YukihiroD",8.241,-64.291,0,"Sabo_10",37.041,-93.249,0,"AI",0,-109.84,0,"SUGUN",-50.144,-92.61,0,0,0,0,0,0,"",0,0,0,0,2119.344,,,,0,0
68,3,0,4,4,2,1,2,0,0,1,255,255,15,39,2135.84,"Penguin_iDOL",R,29,83,134,0.798,1.392,0.302,1.964,0.691,2.274,-36.493,36.791,88,12,0,2,0,-250,-200,20.114,0,0,1,2,8,R,"소솨소솨",186.1,80,0.498,3,89,W,Y,2136.906,239,123,115,45,26,145,129,106.309,-45.207,0.58,0,0.541,339.413,74.844,-52.285,-0.605,-37.516,0,"Kr_Luna",0.001,-17.605,0,"Yaksok~",-20.699,-51.915,0,"Ѕeyeon",-15.8,-65.154,0,"にゃんこ65K",19.245,-45.74,0,"YukihiroD",8.853,-64.311,0,"Sabo_10",36.349,-93.805,0,"AI",0,-109.84,0,"SUGUN",-50.397,-92.468,0,0,0,0,0,0,"",0,0,0,0,,,2139.902,,128,3
69,3,0,4,4,2,2,2,0,0,1,255,255,15,40,2155.515,"Penguin_iDOL",R,10,95,119,0.915,-1.882,0.325,1.618,0.389,0.916,-36.493,28.676,81,19,0,2,0,0,400,26.449,0,0,0,2,8,R,"소솨소솨",186.1,80,0.498,3,89,W,Y,2156.648,255,130,112,113,34,145,94,-46.466,17.308,-0.55,0.095,0.479,35.988,-95.04,-578.087,-0.058,-37.567,0,"Kr_Luna",0.012,-17.581,0,"Yaksok~",-20.618,-51.605,0,"Ѕeyeon",-16.633,-64.837,103,"にゃんこ65K",19.547,-45.38,0,"YukihiroD",11.431,-63.374,0,"Sabo_10",38.157,-94.25,0,"AI",0,-109.84,0,"SUGUN",-50.412,-92.459,0,2156.452,0.1,-20.493,2159.477,3,"Ѕeyeon",-11.785,-58.456,0,0,,,,2162.719,82,2
70,4,1,4,4,0,0,0,0,0,0,255,255,255,28,2188.696,"_Chun",L,26,91,140,-1.273,-0.385,-0.522,2.055,-0.568,1.173,-36.623,41.035,74,26,0,2,0,22.295,-200,-12.069,0,0,1,6,6,L,"Sabo_10",185.3,88,0.452,3,89,W,Y,2189.608,255,134,96,127,55,145,127,-30,38.332,0.72,0,0.63,-181.939,216.738,501.665,-0.336,-36.982,0,"ゆっち一",-0.009,-17.533,0,"encounter v",-19.686,-45.388,103,"눈꽃",-13.136,-64.579,0,"인생최패망자",17.801,-44.846,0,"ke ro",14.325,-63.545,0,"AI",40.9,-90.65,0,"AI",0,-109.84,0,"소솨소솨",-38.322,-92.546,0,2189.377,-1.261,-22.068,2190.802,2,"encounter v",-21.681,-42.312,0,0,,,,,72,2
71,4,1,4,4,0,0,1,0,0,0,255,255,255,29,2210.714,"_Chun",L,10,67,98,1.67,-0.688,-0.274,2.264,0.682,1.786,-36.623,47.23,84,16,0,2,0,23.666,400,-2.712,0,0,1,7,0,R,"Penguin_iDOL",190,80,0.255,3,89,W,Y,2211.911,255,203,129,134,73,145,123,25.453,-9.548,0.74,0,0.489,90.701,246.662,423.072,-0.135,-37.013,0,"ゆっち一",-0.008,-17.497,0,"encounter v",-20.203,-46.033,0,"눈꽃",-15.316,-64.053,0,"인생최패망자",16.876,-45.881,0,"ke ro",11.965,-64.894,0,"AI",40.9,-90.65,0,"AI",0,-109.84,0,"소솨소솨",-42.819,-93.505,0,2216.727,10.334,-128.928,2218.002,7,"AI",12.016,-132.967,1,0,,2222.255,,,65,2
72,4,1,4,4,0,0,1,0,1,0,255,0,255,30,2243.486,"_Chun",L,10,74,115,1.102,1.522,-0.415,2.369,0.553,2.997,-36.623,66.992,73,27,0,2,0,-34.789,400,-12.294,0,0,1,0,5,R,"YukihiroD",174.3,80,0.4,3,89,W,Y,2244.619,238,85,122,36,16,145,126,-30,-3.4,0.43,0,0.505,-203.682,-157.619,11.343,-0.296,-37.051,0,"ゆっち一",0.002,-17.506,0,"encounter v",-19.189,-44.785,0,"눈꽃",-12.371,-61.249,86,"인생최패망자",16.155,-44.823,120,"ke ro",7.532,-64.135,0,"AI",40.9,-90.65,0,"AI",0,-109.84,0,"소솨소솨",-42.406,-92.394,0,2244.494,0.33,-21.754,2248.077,7,"AI",4.808,-97.453,1,0,,2254.307,2250.42,,112,2
73,4,1,4,4,0,0,1,0,1,1,255,5,0,31,2271.102,"_Chun",L,14,83,122,-0.204,-2.475,-0.317,1.856,0.53,0.593,-36.623,22.825,93,7,0,4,0,-378.518,326.687,-27.889,-0.052,-19.872,1,1,3,R,"Ѕeyeon",170.5,85,0.35,0,90,W,Y,0,0,0,0,0,0,0,0,0,0,0,0,0,0,0,0,-0.352,-37.093,0,"ゆっち一",-0.033,-17.533,0,"encounter v",-18.938,-44.033,0,"눈꽃",-11.069,-58.18,0,"인생최패망자",17.73,-39.655,0,"ke ro",10.454,-65.68,0,"AI",40.9,-90.65,0,"AI",0,-109.84,0,"소솨소솨",-40.243,-88.54,0,0,0,0,0,0,"",0,0,0,0,2272.235,,2274.008,,0,0
74,4,1,4,4,0,1,1,0,1,1,255,5,0,32,2285.307,"_Chun",L,10,70,100,-0.309,-1.558,-0.519,2.115,-0.121,1.384,-36.623,39.229,80,20,0,1,0,0,400,-0.272,0,0,0,1,3,R,"Ѕeyeon",170.5,85,0.35,0,90,W,Y,0,0,0,0,0,0,0,0,0,0,0,0,0,0,0,0,-0.338,-37.121,0,"ゆっち一",-0.06,-17.349,0,"encounter v",-18.836,-44.042,0,"눈꽃",-10.525,-55.267,0,"인생최패망자",17.822,-39.557,0,"ke ro",10.584,-65.128,0,"AI",40.9,-90.65,0,"AI",0,-109.84,0,"소솨소솨",-41.292,-89.996,0,0,0,0,0,0,"",0,0,0,0,2286.502,,2288.05,,0,0
75,4,1,4,4,0,2,1,0,1,1,255,5,0,33,2299.342,"_Chun",L,12,65,104,0.727,2.245,-0.406,2.422,0.329,2.992,-36.623,73.962,74,26,0,1,0,0,85,-6.636,0,0,0,1,3,R,"Ѕeyeon",170.5,85,0.35,0,90,W,Y,0,0,0,0,0,0,0,0,0,0,0,0,0,0,0,0,-0.21,-37.003,0,"ゆっち一",-0.067,-17.328,0,"encounter v",-18.954,-44.039,0,"눈꽃",-12.332,-57.29,0,"인생최패망자",17.804,-39.534,0,"ke ro",10.616,-65.16,0,"AI",40.9,-90.65,0,"AI",0,-109.84,0,"소솨소솨",-40.176,-90.089,0,0,0,0,0,0,"",0,0,0,0,2300.527,2301.776,2301.879,,0,0
76,4,1,4,4,1,2,1,0,1,1,255,5,0,34,2312.464,"_Chun",L,14,78,104,1.322,0.252,-0.065,2.335,1.26,2.273,-36.623,48.12,86,14,0,2,0,-341.983,345.201,-11.144,0,0,1,1,3,R,"Ѕeyeon",170.5,85,0.35,3,90,W,Y,2313.602,170,92,95,30,34,141,99,27.159,5.362,0.9,0,0.557,236.135,2.125,-61.136,0.088,-36.951,0,"ゆっち一",0.066,-17.489,96,"encounter v",-18.881,-43.953,0,"눈꽃",-12.546,-56.72,107,"인생최패망자",17.517,-40.345,0,"ke ro",10.583,-65.107,0,"AI",40.9,-90.65,0,"AI",0,-109.84,0,"소솨소솨",-40.969,-90.464,0,2318.277,-7.583,-103.516,2322.485,4,"にゃんこ65K",-2.274,-57.227,0,0,2324.56,2317.014,2317.708,2324.008,82,1
77,4,1,5,4,0,0,2,0,1,0,255,5,255,35,2343.973,"_Chun",L,10,70,100,0.925,0.306,-0.378,2.329,0.395,2.411,-36.623,63.214,75,25,0,2,0,8.525,400,-4.417,0,0,1,2,8,R,"SUGUN",179.9,82.092,0.496,3,89,W,Y,2345.088,236,145,73,99,38,145,103,-15.041,-24.572,0,0,0.461,-311.371,-56.267,-143.022,-0.345,-36.956,0,"ゆっち一",-0.034,-17.745,0,"encounter v",-18.732,-44.695,85,"눈꽃",-12.465,-62.424,0,"인생최패망자",17.117,-45.61,118,"ke ro",9.307,-65.425,0,"AI",40.9,-90.65,0,"AI",0,-109.84,0,"소솨소솨",-41.867,-93.953,0,2345.06,1.944,-24.69,2346.41,4,"인생최패망자",11.153,-44.753,0,0,,,2350.333,2355.466,232,2
78,4,0,5,4,0,0,0,0,0,0,255,255,255,41,2388.942,"Penguin_iDOL",R,14,83,108,3.244,-0.582,0.358,1.981,0.706,1.67,-36.493,42.084,86,14,0,4,0,372.538,325.619,3.467,0,0,1,3,2,L,"encounter v",190,84.706,0.42,0,89,W,Y,0,0,0,0,0,0,0,0,0,0,0,0,0,0,0,0,-0.069,-37.7,0,"Kr_Luna",0.002,-17.38,0,"Yaksok~",-21.531,-52.107,0,"Ѕeyeon",-12.622,-66.454,0,"にゃんこ65K",24.003,-51.468,0,"YukihiroD",16.933,-59.962,0,"Sabo_10",40.083,-99.032,0,"AI",0,-109.84,0,"SUGUN",-45.697,-87.736,0,0,0,0,0,0,"",0,0,0,0,2390.019,,,,0,0
79,4,0,5,4,0,1,0,0,0,0,255,255,255,42,2405.07,"Penguin_iDOL",R,14,83,108,2.422,-0.866,0.297,1.936,0.409,1.539,-36.493,44.217,84,16,0,2,0,340.499,360.176,12.193,0,0,1,3,2,L,"encounter v",190,84.706,0.42,3,89,W,Y,2406.036,255,192,89,125,61,145,130,-30,-45.115,0.6,0,0.658,103.255,106.528,-65.219,-0.013,-37.156,0,"Kr_Luna",0.146,-17.217,0,"Yaksok~",-20.992,-52.061,85,"Ѕeyeon",-13.12,-66.798,0,"にゃんこ65K",23.817,-51.299,115,"YukihiroD",15.594,-60.936,0,"Sabo_10",41.131,-97.209,0,"AI",0,-109.84,0,"SUGUN",-45.332,-89.501,0,2405.91,1.631,-22.042,2407.335,4,"にゃんこ65K",25.709,-46.085,0,0,,,,,152,2
80,4,0,5,4,0,0,1,0,0,0,255,255,255,43,2433.114,"Penguin_iDOL",R,29,84,137,-2.566,1.003,0.033,1.848,-0.776,1.988,-36.493,29.279,93,7,0,2,0,-250,-200,14.702,0,0,1,4,3,L,"눈꽃",175,80,0.497,3,89,W,Y,2434.067,255,41,64,39,30,137,82,30.556,3.608,-0.76,0,0.338,425.913,-250.374,115.771,-0.139,-37.044,0,"Kr_Luna",0.075,-17.543,0,"Yaksok~",-19.249,-49.378,106,"Ѕeyeon",-11.966,-64.611,0,"にゃんこ65K",23.751,-51.266,0,"YukihiroD",16.251,-60.048,85,"Sabo_10",42.112,-96.178,0,"AI",0,-109.84,0,"SUGUN",-43.042,-95.436,0,2438.752,-1.568,-86.323,2439.394,7,"AI",-1.476,-88.69,1,0,,,,,145,2
81,4,0,5,4,0,0,1,1,0,0,13,255,255,44,2494.446,"Penguin_iDOL",R,14,80,105,-1.821,-0.576,-0.291,1.771,-1.521,1.692,-36.493,18.097,97,3,0,1,0,372.687,312.348,26.642,0,0,0,5,4,R,"인생최패망자",190,80,0.351,0,89,W,Y,0,0,0,0,0,0,0,0,0,0,0,0,0,0,0,0,-0.117,-38.041,0,"Kr_Luna",-0.001,-17.628,0,"Yaksok~",-19.126,-44.032,0,"Ѕeyeon",-12.392,-63.357,0,"にゃんこ65K",21.032,-48.108,0,"YukihiroD",5.692,-62.929,0,"Sabo_10",37.38,-91.423,0,"AI",0,-109.84,0,"SUGUN",-35.993,-106.2,0,0,0,0,0,0,"",0,0,0,0,2495.569,,,,0,0
82,4,0,5,4,1,0,1,1,0,0,13,255,255,45,2513.565,"Penguin_iDOL",R,26,84,136,0.992,1.377,0.324,1.95,0.576,2.292,-36.493,40.092,83,17,0,1,0,-114.771,-200,31.617,0,0,0,5,4,R,"인생최패망자",190,80,0.351,0,89,W,Y,0,0,0,0,0,0,0,0,0,0,0,0,0,0,0,0,-0.133,-37.626,0,"Kr_Luna",-0.072,-17.687,0,"Yaksok~",-19.823,-44.974,0,"Ѕeyeon",-13.798,-64.719,0,"にゃんこ65K",21.606,-48.724,0,"YukihiroD",6.617,-62.103,0,"Sabo_10",39.165,-97.7,0,"AI",0,-109.84,0,"SUGUN",-36.616,-104.704,0,0,0,0,0,0,"",0,0,0,0,2514.527,,,,0,0
83,4,0,5,4,2,0,1,1,0,0,13,255,255,46,2533.697,"Penguin_iDOL",R,10,81,121,1.822,-0.423,0.356,1.849,0.783,1.784,-36.493,35.278,74,26,0,1,0,0,400,18.776,0,0,0,5,4,R,"인생최패망자",190,80,0.351,0,89,W,Y,0,0,0,0,0,0,0,0,0,0,0,0,0,0,0,0,0.189,-37.903,0,"Kr_Luna",-0.052,-17.651,0,"Yaksok~",-19.731,-42.794,0,"Ѕeyeon",-14.95,-64.583,0,"にゃんこ65K",21.977,-49.245,0,"YukihiroD",5.121,-61.835,0,"Sabo_10",38.214,-97.431,0,"AI",0,-109.84,0,"SUGUN",-36.481,-104.594,0,0,0,0,0,0,"",0,0,0,0,2534.744,,,,0,0
84,4,0,5,4,3,0,1,1,0,0,13,255,255,47,2553.126,"Penguin_iDOL",R,27,78,129,2.771,0.496,0.459,1.944,1.165,1.768,-36.493,57.436,71,29,0,1,0,18.922,-149.703,5.989,0,0,0,5,4,R,"인생최패망자",190,80,0.351,0,89,W,Y,0,0,0,0,0,0,0,0,0,0,0,0,0,0,0,0,0.374,-37.903,0,"Kr_Luna",-0.031,-17.605,0,"Yaksok~",-20.188,-48.8,0,"Ѕeyeon",-14.829,-64.879,0,"にゃんこ65K",21.767,-49.161,0,"YukihiroD",6.466,-61.171,0,"Sabo_10",39.333,-99.779,0,"AI",0,-109.84,0,"SUGUN",-39.054,-103.529,0,0,0,0,0,0,"",0,0,0,0,2554.169,2561.666,,,0,5
85,4,0,5,4,0,0,1,1,1,0,14,13,255,48,2574.353,"Penguin_iDOL",R,26,81,132,-0.469,-0.586,0.146,1.803,-0.023,1.047,-36.493,33.961,85,15,0,0,0,-128.661,-200,15.039,0,0,0,6,0,L,"_Chun",190,80,0.455,0,89,W,Y,0,0,0,0,0,0,0,0,0,0,0,0,0,0,0,0,-0.005,-37.675,0,"Kr_Luna",-0.05,-17.654,0,"Yaksok~",-19.864,-46.602,0,"Ѕeyeon",-11.584,-62.841,0,"にゃんこ65K",20.348,-43.026,0,"YukihiroD",16.726,-58.364,0,"Sabo_10",43.633,-96.701,0,"AI",0,-109.84,0,"SUGUN",-39.625,-102.448,0,0,0,0,0,0,"",0,0,0,0,2575.169,2577.163,,,0,0
86,4,0,5,4,0,1,1,1,1,0,14,13,255,49,2588.883,"Penguin_iDOL",R,29,83,135,-1.589,-1.807,0.122,1.527,-0.361,0.274,-36.493,24.62,67,33,0,1,0,-242.822,-200,23.299,0,0,0,6,0,L,"_Chun",190,80,0.455,0,89,W,Y,0,0,0,0,0,0,0,0,0,0,0,0,0,0,0,0,0.07,-37.712,0,"Kr_Luna",-0.067,-17.651,0,"Yaksok~",-20.094,-46.744,0,"Ѕeyeon",-7.396,-61.871,0,"にゃんこ65K",21.232,-44.964,0,"YukihiroD",16.748,-58.417,0,"Sabo_10",43.988,-95.391,0,"AI",0,-109.84,0,"SUGUN",-39.776,-102.473,0,0,0,0,0,0,"",0,0,0,0,2589.71,2591.412,,,0,0
87,4,0,5,4,1,1,1,1,1,0,14,13,255,50,2604.047,"Penguin_iDOL",R,29,78,128,-0.164,-0.803,0.209,1.71,0.272,0.906,-36.493,28.818,94,6,0,2,0,-234.002,-200,15.633,0,0,1,6,0,L,"_Chun",190,80,0.455,3,89,W,Y,2605.034,125,78,104,67,38,138,130,-15.011,-40.035,0.53,0,0.16,-216.537,-313.497,463.499,-0.312,-36.87,0,"Kr_Luna",0.017,-17.637,0,"Yaksok~",-18.36,-48.142,0,"Ѕeyeon",-8.545,-62.827,0,"にゃんこ65K",21.495,-46.336,109,"YukihiroD",16.74,-58.455,0,"Sabo_10",43.965,-97.485,0,"AI",0,-109.84,0,"SUGUN",-39.983,-102.44,0,2604.885,1.701,-21.574,2606.102,4,"にゃんこ65K",18.009,-43.27,0,0,,2609.439,2609.245,,88,2
88,5,1,5,4,0,0,0,0,0,0,255,255,255,36,2642.04,"_Chun",L,26,81,132,0.835,0.665,-0.371,2.232,0.242,1.818,-36.623,48.328,80,20,0,0,0,91.762,-200,-15.232,0,0,0,3,4,R,"にゃんこ65K",190,91.072,0.596,0,89,W,Y,0,0,0,0,0,0,0,0,0,0,0,0,0,0,0,0,-0.431,-36.943,0,"ゆっち一",-0.019,-17.359,0,"encounter v",-19.272,-44.437,0,"눈꽃",-9.511,-65.665,0,"인생최패망자",17.506,-46.939,0,"ke ro",11.43,-65.484,0,"AI",40.9,-90.65,0,"AI",0,-109.84,0,"소솨소솨",-44.565,-92.507,0,0,0,0,0,0,"",0,0,0,0,2643.235,,,,0,0
89,5,1,5,4,0,1,0,0,0,0,255,255,255,37,2656.655,"_Chun",L,11,69,105,0.999,1.331,-0.389,2.39,0.341,2.853,-36.623,75.432,70,26,4,2,0,0,158.174,-8.571,0,0,1,3,4,R,"にゃんこ65K",190,91.072,0.596,3,89,W,Y,2657.812,217,111,133,59,38,145,130,98.385,-41.413,0.36,0,0.383,373.295,-215.01,307.204,-0.194,-36.757,0,"ゆっち一",-0.064,-17.598,0,"encounter v",-19.246,-44.403,0,"눈꽃",-9.932,-66.012,0,"인생최패망자",17.517,-46.999,0,"ke ro",12.983,-64.981,0,"AI",40.9,-90.65,0,"AI",0,-109.84,0,"소솨소솨",-43.792,-95.056,0,0,0,0,0,0,"",0,0,0,0,,,,,64,3
90,5,1,5,4,0,2,0,0,0,0,255,255,255,38,2676.039,"_Chun",L,14,79,105,-4.403,-0.462,-0.741,2.251,-1.216,1.79,-36.623,61.309,81,19,0,4,0,-344.864,345.648,-0.477,0,0,1,3,4,R,"にゃんこ65K",190,91.072,0.596,0,89,W,Y,0,0,0,0,0,0,0,0,0,0,0,0,0,0,0,0,-0.541,-37.103,0,"ゆっち一",-0.886,-17.063,0,"encounter v",-19.293,-44.436,0,"눈꽃",-10.208,-65.017,0,"인생최패망자",17.939,-46.777,0,"ke ro",13.113,-65.013,0,"AI",40.9,-90.65,0,"AI",0,-109.84,0,"소솨소솨",-45.092,-96.11,0,0,0,0,0,0,"",0,0,0,0,2677.36,,,,0,0
91,5,1,5,4,0,0,1,0,0,0,255,255,255,39,2695.757,"_Chun",L,10,71,101,1.239,-0.686,-0.315,2.279,0.547,1.847,-36.623,51.332,82,18,0,2,0,0,400,-0.655,0,0,1,4,2,R,"Yaksok~",173.3,80,0.332,3,89,W,Y,2696.816,176,144,86,129,101,145,89,-66.293,65.715,-0.6,0,0.216,28.304,-182.265,-124.088,-0.204,-36.831,0,"ゆっち一",-0.026,-17.446,0,"encounter v",-19.241,-44.358,0,"눈꽃",-12.934,-64.321,0,"인생최패망자",16.5,-45.986,0,"ke ro",8.969,-66.699,0,"AI",40.9,-90.65,0,"AI",0,-109.84,0,"소솨소솨",-43.852,-95.222,0,2696.527,-0.379,-20.578,0,0,"",0,0,0,0,,,,,64,0
92,5,1,5,4,0,1,1,0,0,0,255,255,255,40,2712.555,"_Chun",L,26,88,140,-1.24,0.788,-0.534,2.219,-0.557,1.838,-36.623,47.589,76,24,0,0,0,25.075,-200,-15.163,0,0,0,4,2,R,"Yaksok~",173.3,80,0.332,0,57,W,Y,0,0,0,0,0,0,0,0,0,0,0,0,0,0,0,0,-0.63,-36.914,0,"ゆっち一",-0.079,-17.54,0,"encounter v",-19.713,-45.48,0,"눈꽃",-13.551,-64.206,0,"인생최패망자",17.86,-47.261,0,"ke ro",9.661,-65.616,0,"AI",40.9,-90.65,0,"AI",0,-109.84,0,"소솨소솨",-42.982,-94.393,0,0,0,0,0,0,"",0,0,0,0,2713.452,,,,0,0
93,5,1,5,4,0,2,1,0,0,0,255,255,255,41,2728.949,"_Chun",L,10,80,108,0.965,-1.01,-0.34,2.251,0.429,1.597,-36.623,53.299,84,16,0,2,0,0,400,-3.379,0,0,1,4,2,R,"Yaksok~",173.3,80,0.332,3,57,W,Y,2729.995,177,134,117,90,54,145,126,-30,-20.947,0.7,0,0.142,-442.666,366.351,-172.725,-0.407,-36.841,0,"ゆっち一",-0.005,-17.558,0,"encounter v",-19.804,-45.461,0,"눈꽃",-12.616,-64.211,86,"인생최패망자",17.805,-47.211,0,"ke ro",9.687,-65.67,0,"AI",40.9,-90.65,0,"AI",0,-109.84,0,"소솨소솨",-42.734,-93.778,0,2729.727,0.542,-21.393,2736.085,6,"AI",36.12,-118.719,1,0,,2739.928,,,80,2
94,5,1,5,4,0,0,1,0,1,0,255,2,255,42,2760.404,"_Chun",L,14,78,104,1.026,-0.026,-0.061,2.406,1.207,2.033,-36.623,53.463,88,12,0,0,0,-369.138,312.348,-28.736,0,0,0,5,1,L,"Kr_Luna",190,95.256,0.504,0,89,W,Y,0,0,0,0,0,0,0,0,0,0,0,0,0,0,0,0,0.007,-37.169,0,"ゆっち一",0.492,-18.657,0,"encounter v",-19.761,-45.322,0,"눈꽃",-1.141,-60.936,0,"인생최패망자",18.909,-41.894,0,"ke ro",13.51,-63.503,0,"AI",40.9,-90.65,0,"AI",0,-109.84,0,"소솨소솨",-26.242,-80.795,0,0,0,0,0,0,"",0,0,0,0,2761.419,2763.105,,,0,0
95,5,1,5,4,0,1,1,0,1,0,255,2,255,43,2774.153,"_Chun",L,26,75,126,-1.355,1.49,-0.542,2.276,-0.633,2.331,-36.623,53.307,73,27,0,1,0,38.473,-200,-3.98,0,0,0,5,1,L,"Kr_Luna",190,95.256,0.504,0,89,W,Y,0,0,0,0,0,0,0,0,0,0,0,0,0,0,0,0,-0.314,-37.147,0,"ゆっち一",2.392,-20.431,0,"encounter v",-19.677,-45.248,0,"눈꽃",-2.206,-61.913,0,"인생최패망자",17.816,-39.984,0,"ke ro",14.1,-62.494,0,"AI",40.9,-90.65,0,"AI",0,-109.84,0,"소솨소솨",-30.658,-82.825,0,0,0,0,0,0,"",0,0,0,0,2775.085,2777.012,,,0,0
96,5,1,5,4,1,1,1,0,1,0,255,2,255,44,2790.134,"_Chun",L,13,85,125,-1.761,-0.349,-0.666,2.191,-1.018,1.808,-36.623,54.091,78,22,0,1,0,171.307,400,-6.159,0,0,0,5,1,L,"Kr_Luna",190,95.256,0.504,0,89,W,Y,0,0,0,0,0,0,0,0,0,0,0,0,0,0,0,0,-0.606,-36.926,0,"ゆっち一",-0.098,-17.328,0,"encounter v",-19.797,-45.323,0,"눈꽃",-3.437,-61.743,0,"인생최패망자",18.138,-40.529,0,"ke ro",14.49,-62.983,0,"AI",40.9,-90.65,0,"AI",0,-109.84,0,"소솨소솨",-33.575,-86.07,0,0,0,0,0,0,"",0,0,0,0,2791.027,2792.412,,,0,0
97,5,1,5,4,2,1,1,0,1,0,255,2,255,45,2802.016,"_Chun",L,26,82,133,-2.166,0.485,-0.628,2.189,-0.922,1.709,-36.623,55.094,76,24,0,2,0,-1.301,-200,-3.029,0,0,0,5,1,L,"Kr_Luna",190,95.256,0.504,3,89,W,Y,2802.817,135,119,99,72,32,140,130,94.565,84.03,0.41,0,0.041,159.07,-430.253,87.842,-0.238,-36.929,0,"ゆっち一",-0.089,-17.483,0,"encounter v",-19.828,-45.409,0,"눈꽃",-3.68,-62.767,0,"인생최패망자",17.155,-44.277,0,"ke ro",14.852,-63.884,0,"AI",40.9,-90.65,0,"AI",0,-109.84,0,"소솨소솨",-37.172,-89.249,0,0,0,0,0,0,"",0,0,0,0,,2804.849,,,64,3
98,5,1,5,4,2,2,1,0,1,0,255,2,255,46,2821.751,"_Chun",L,14,82,120,-1.23,0.072,-0.383,2.269,0.068,2.032,-36.623,47.91,77,23,0,2,0,-359.335,347.676,-25.199,0,0,0,5,1,L,"Kr_Luna",190,95.256,0.504,3,89,W,Y,2822.535,93,124,96,55,34,132,125,113.259,64.543,0.34,0,0.033,256.609,-246.562,391.355,-0.054,-36.916,0,"ゆっち一",-0.028,-17.606,0,"encounter v",-19.687,-45.202,0,"눈꽃",-3.169,-62.008,0,"인생최패망자",16.951,-43.989,0,"ke ro",15.691,-63.368,0,"AI",40.9,-90.65,0,"AI",0,-109.84,0,"소솨소솨",-35.962,-87.001,0,0,0,0,0,0,"",0,0,0,0,,2824.926,,,80,3
99,5,1,5,4,2,2,1,0,1,0,255,2,255,47,2850.044,"_Chun",L,10,84,125,0.324,0.007,-0.41,2.274,0.171,2.024,-36.623,46.739,79,21,0,2,0,-11.701,400,-27.655,0,0,0,5,1,L,"Kr_Luna",190,95.256,0.504,3,89,W,Y,2850.845,150,116,133,111,44,145,130,114.622,25.107,0.36,0,0.156,-24.406,135.87,17.959,-0.084,-37.085,0,"ゆっち一",-0.009,-17.584,0,"encounter v",-19.846,-45.343,0,"눈꽃",-2.551,-61.653,0,"인생최패망자",17.725,-44.668,0,"ke ro",15.608,-63.73,0,"AI",40.9,-90.65,0,"AI",0,-109.85,0,"소솨소솨",-35.792,-87.283,0,0,0,0,0,0,"",0,0,0,0,,2853.249,,,64,3
100,5,1,5,4,2,2,1,0,1,0,255,2,255,48,2869.578,"_Chun",L,14,72,99,1.471,0.07,-0.017,2.364,1.4,2.12,-36.623,46.797,81,19,0,0,0,-351.391,312.348,-21.452,0,0,0,5,1,L,"Kr_Luna",190,95.256,0.504,0,89,W,Y,0,0,0,0,0,0,0,0,0,0,0,0,0,0,0,0,0.053,-37.294,0,"ゆっち一",3.074,-20.359,0,"encounter v",-19.676,-45.238,0,"눈꽃",1.226,-59.938,0,"인생최패망자",18.24,-40.953,0,"ke ro",14.865,-62.184,0,"AI",40.9,-90.65,0,"AI",0,-109.84,0,"소솨소솨",-39.464,-90.855,0,0,0,0,0,0,"",0,0,0,16,2870.561,,2872.418,,0,0
101,5,0,5,4,0,0,0,0,0,0,255,255,255,51,2913.452,"Penguin_iDOL",R,13,78,104,-1.846,-1.68,0.155,1.79,-0.139,1.248,-36.493,27.268,100,0,0,4,0,-340.289,347.069,10.51,0,0,1,0,5,R,"ke ro",164.5,83.196,0.447,0,89,W,Y,0,0,0,0,0,0,0,0,0,0,0,0,0,0,0,0,0.017,-37.455,0,"Kr_Luna",-0.023,-17.413,0,"Yaksok~",-19.676,-47.561,0,"Ѕeyeon",-16.302,-64.638,0,"にゃんこ65K",22.914,-50.766,0,"YukihiroD",10.335,-60.931,0,"Sabo_10",31.188,-93.374,0,"AI",0,-109.84,0,"SUGUN",-46.139,-90.104,0,0,0,0,0,0,"",0,0,0,0,2914.427,,,,0,0
102,5,0,5,4,0,1,0,0,0,0,255,255,255,52,2928.969,"Penguin_iDOL",R,3,80,108,-2.163,-1.046,0.116,1.78,-0.26,1.223,-36.493,24.232,97,3,0,4,0,-366.816,126.05,9.717,0,0,1,0,5,R,"ke ro",164.5,83.196,0.447,0,89,W,Y,0,0,0,0,0,0,0,0,0,0,0,0,0,0,0,0,0.042,-37.612,0,"Kr_Luna",-0.017,-17.42,0,"Yaksok~",-19.272,-47.883,0,"Ѕeyeon",-15.984,-63.897,0,"にゃんこ65K",22.834,-50.747,0,"YukihiroD",10.325,-60.938,0,"Sabo_10",32.481,-92.237,0,"AI",0,-109.84,0,"SUGUN",-43.95,-91.938,0,0,0,0,0,0,"",0,0,0,0,2929.919,,,,0,0
103,5,0,5,4,0,2,0,0,0,0,255,255,255,53,2947.015,"Penguin_iDOL",R,26,86,139,0.346,1.495,0.248,1.9,0.224,2.205,-36.493,36.98,70,28,2,2,0,-62.037,-200,29.397,0,0,1,0,5,R,"ke ro",164.5,83.196,0.447,3,89,W,Y,2947.955,101,30,56,34,6,126,103,28.292,28.691,0.2,0,0.448,287.564,294.503,-433.163,-0.248,-37.267,0,"Kr_Luna",0.014,-17.416,0,"Yaksok~",-19.134,-50.225,0,"Ѕeyeon",-16.095,-64.4,0,"にゃんこ65K",22.73,-50.782,0,"YukihiroD",10.366,-60.958,0,"Sabo_10",32.063,-93.021,0,"AI",0,-109.84,0,"SUGUN",-43.206,-91.812,95,2952.777,-47.253,-96.404,2952.944,8,"SUGUN",-45.219,-93.545,0,0,,,,,132,1
104,5,0,5,4,0,0,1,0,0,0,255,255,255,54,2978.91,"Penguin_iDOL",R,14,74,113,2.779,-0.088,0.294,2.042,0.579,1.984,-36.493,52.996,83,17,0,1,0,353.519,353.588,-2.069,0,0,0,1,1,L,"ゆっち一",190,83.623,0.399,0,89,W,Y,0,0,0,0,0,0,0,0,0,0,0,0,0,0,0,0,-0.127,-37.735,0,"Kr_Luna",-0.031,-17.452,0,"Yaksok~",-20.415,-51.404,0,"Ѕeyeon",-13.54,-67.36,0,"にゃんこ65K",23.706,-51.339,0,"YukihiroD",15.653,-59.659,0,"Sabo_10",45.193,-95.819,0,"AI",0,-109.84,0,"SUGUN",-38.81,-104.834,0,0,0,0,0,0,"",0,0,0,0,2979.969,,,,0,0
105,5,0,5,4,1,0,1,0,0,0,255,255,255,55,2997.156,"Penguin_iDOL",R,29,75,126,-1.289,0.299,0.123,1.701,-0.184,1.604,-36.493,33.633,97,3,0,0,0,-250,-198,2.55,0,0,1,1,1,L,"ゆっち一",190,83.623,0.399,0,89,W,Y,0,0,0,0,0,0,0,0,0,0,0,0,0,0,0,0,-0.367,-37.763,0,"Kr_Luna",-0.007,-17.413,0,"Yaksok~",-20.384,-51.405,0,"Ѕeyeon",-13.553,-66.596,0,"にゃんこ65K",23.697,-51.355,0,"YukihiroD",15.767,-59.639,0,"Sabo_10",42.709,-101.707,0,"AI",0,-109.84,0,"SUGUN",-38.904,-104.738,0,0,0,0,0,0,"",0,0,0,0,2998.169,,,,0,0
106,5,0,5,4,1,1,1,0,0,0,255,255,255,56,3017.016,"Penguin_iDOL",R,29,88,140,-2.723,0.26,0.011,1.742,-0.877,1.62,-36.493,31.766,93,7,0,2,0,-231.375,-175.331,4.958,0,0,1,1,1,L,"ゆっち一",190,83.623,0.399,3,89,W,Y,3018.055,212,46,73,78,23,145,101,31.623,-43.177,-0.32,0,0.256,-121.493,-557.296,183.722,-0.544,-36.957,0,"Kr_Luna",0,-17.427,0,"Yaksok~",-20.236,-51.161,0,"Ѕeyeon",-13.746,-65.998,0,"にゃんこ65K",23.231,-51.457,0,"YukihiroD",15.715,-59.628,0,"Sabo_10",42.511,-101.738,0,"AI",0,-109.84,0,"SUGUN",-38.893,-102.659,0,3022.735,67.255,-75.354,0,0,"",0,0,0,0,,,,,128,3
107,5,0,5,4,1,2,1,0,0,0,255,255,255,57,3038.428,"Penguin_iDOL",R,14,81,106,3.001,-0.533,0.389,2.022,0.646,1.752,-36.493,50.521,85,15,0,1,0,339.633,354.654,3.929,0,0,0,1,1,L,"ゆっち一",190,83.623,0.399,0,72,W,Y,0,0,0,0,0,0,0,0,0,0,0,0,0,0,0,0,0.123,-38.069,0,"Kr_Luna",-0.033,-17.438,0,"Yaksok~",-20.994,-48.596,0,"Ѕeyeon",-11.538,-67.964,0,"にゃんこ65K",23.467,-50.012,0,"YukihiroD",16.44,-59.635,0,"Sabo_10",43.221,-98.829,0,"AI",0,-109.84,0,"SUGUN",-37.488,-99.978,0,0,0,0,0,0,"",0,0,0,0,3039.61,,,,0,0
108,5,0,5,4,2,2,1,0,0,0,255,255,255,58,3054.923,"Penguin_iDOL",R,10,90,115,-0.902,-1.8,0.084,1.699,-0.395,0.96,-36.493,23.174,78,22,0,1,0,0,400,26.918,0,0,0,1,1,L,"ゆっち一",190,83.623,0.399,0,72,W,Y,0,0,0,0,0,0,0,0,0,0,0,0,0,0,0,0,0.039,-37.706,0,"Kr_Luna",0.001,-17.542,0,"Yaksok~",-20.653,-47.96,0,"Ѕeyeon",-12.486,-68.389,0,"にゃんこ65K",23.569,-50.189,0,"YukihiroD",16.47,-59.623,0,"Sabo_10",42.072,-99.274,0,"AI",0,-109.84,0,"SUGUN",-37.585,-99.958,0,0,0,0,0,0,"",0,0,0,0,3056.002,,,,0,0
109,5,0,5,4,3,2,1,0,0,0,255,255,255,59,3073.262,"Penguin_iDOL",R,29,87,140,-1.547,0.309,0.126,1.745,-0.343,1.629,-36.493,22.003,91,9,0,2,0,-250,-200,19.376,0,0,1,1,1,L,"ゆっち一",190,83.623,0.399,3,72,W,Y,3074.284,255,151,88,114,49,145,127,99.644,66.848,0.27,0,0.349,51.599,332.951,-39.736,-0.25,-36.999,0,"Kr_Luna",0.018,-17.541,0,"Yaksok~",-21.074,-51.52,0,"Ѕeyeon",-12.103,-66.557,0,"にゃんこ65K",23.567,-50.211,0,"YukihiroD",16.502,-59.598,0,"Sabo_10",43.623,-98.548,0,"AI",0,-109.84,0,"SUGUN",-37.541,-99.981,0,0,0,0,0,0,"",0,0,0,0,,,,,128,3
110,5,0,5,4,3,2,1,0,0,0,255,255,255,60,3092.6,"Penguin_iDOL",R,14,83,108,-0.896,-0.129,-0.156,1.887,-1.103,1.943,-36.493,27.15,92,8,0,0,0,383.336,312.348,21.625,0.153,-14.857,0,1,1,L,"ゆっち一",190,83.623,0.399,0,72,W,Y,0,0,0,0,0,0,0,0,0,0,0,0,0,0,0,0,-0.107,-37.008,0,"Kr_Luna",0.013,-17.549,0,"Yaksok~",-20.934,-50.677,0,"Ѕeyeon",-11.895,-65.27,0,"にゃんこ65K",23.216,-50.02,0,"YukihiroD",17.285,-59.4,0,"Sabo_10",44.485,-101.015,0,"AI",0,-109.84,0,"SUGUN",-37.365,-99.246,0,0,0,0,0,0,"",0,0,0,0,3099.477,,,,0,0
111,5,0,5,4,3,2,1,0,0,0,255,255,255,61,3137.585,"Penguin_iDOL",R,29,87,140,-1.821,0.541,0.101,1.79,-0.462,1.774,-36.493,33.517,93,7,0,4,0,-250,-200,17.175,0,0,1,1,1,L,"ゆっち一",190,83.623,0.399,0,72,W,Y,0,0,0,0,0,0,0,0,0,0,0,0,0,0,0,0,-0.064,-37.88,0,"Kr_Luna",0.04,-17.575,0,"Yaksok~",-21.375,-49.262,0,"Ѕeyeon",-13.113,-66.239,0,"にゃんこ65K",23.264,-49.862,0,"YukihiroD",17.184,-59.418,0,"Sabo_10",44.277,-100.341,0,"AI",0,-109.84,0,"SUGUN",-31.703,-109.154,0,0,0,0,0,0,"",0,0,0,0,3138.569,,,,0,0
112,5,0,5,4,0,0,2,0,0,0,255,255,255,62,3160.587,"Penguin_iDOL",R,26,79,129,2.481,1.595,0.441,1.964,1.107,2.392,-36.493,57.166,72,26,2,1,0,-26.967,-200,17.332,0,0,0,2,8,R,"소솨소솨",186.1,80,0.498,0,89,W,Y,0,0,0,0,0,0,0,0,0,0,0,0,0,0,0,0,-0.119,-37.925,0,"Kr_Luna",-0.012,-17.564,0,"Yaksok~",-20.201,-51.567,0,"Ѕeyeon",-15.856,-63.406,0,"にゃんこ65K",22.227,-50.83,0,"YukihiroD",10.772,-62.357,0,"Sabo_10",34.041,-94.925,0,"AI",0,-109.84,0,"SUGUN",-49.059,-92.054,0,0,0,0,0,0,"",0,0,0,0,3161.627,,,,0,0
113,5,0,5,4,0,1,2,0,0,0,255,255,255,63,3179.548,"Penguin_iDOL",R,10,81,121,2.126,0.458,0.437,1.939,0.913,2.34,-36.493,52.956,78,22,0,2,0,0,400,15.231,0,0,1,2,8,R,"소솨소솨",186.1,80,0.498,3,89,W,Y,3180.681,167,78,94,54,26,145,88,-12.231,28.524,-0.86,0,0.307,-86.31,195.88,73.342,0.2,-37.253,0,"Kr_Luna",0.08,-17.57,0,"Yaksok~",-19.886,-51.085,0,"Ѕeyeon",-15.849,-63.392,0,"にゃんこ65K",21.978,-50.754,0,"YukihiroD",10.794,-62.327,0,"Sabo_10",34.235,-94.624,0,"AI",0,-109.84,0,"SUGUN",-49.028,-92.042,0,3180.702,-1.962,-23.904,3182.41,2,"Yaksok~",-14.846,-47.024,0,0,,,,,80,2
114,6,1,5,4,0,0,0,0,0,0,255,255,255,49,3219.114,"_Chun",L,14,87,126,-0.431,-0.647,-0.313,2.077,0.55,1.458,-36.623,34.509,81,19,0,2,0,-373.995,331.855,-32.336,0,0,1,6,6,L,"Sabo_10",185.3,88,0.452,3,89,W,Y,3220.119,111,115,79,104,73,136,91,-16.388,-39.14,0.95,0,0.358,-84.44,36.684,-449.472,-0.208,-36.784,0,"ゆっち一",-0.041,-17.262,0,"encounter v",-19.335,-45.033,95,"눈꽃",-13.677,-64.611,0,"인생최패망자",17.552,-44.735,120,"ke ro",13.571,-64.506,0,"AI",40.9,-90.65,0,"AI",0,-109.84,0,"소솨소솨",-40.467,-91.597,0,3219.952,1.495,-21.993,3221.444,4,"인생최패망자",17.428,-38.961,0,0,,,,,104,2
115,6,1,5,4,0,0,1,0,0,0,255,255,255,50,3242.09,"_Chun",L,13,83,121,1.256,-0.345,-0.494,2.156,-0.031,1.766,-36.623,56.985,68,32,0,2,0,361.866,345.041,-8.689,0,0,1,7,0,R,"Penguin_iDOL",190,80,0.255,3,73,W,Y,3243.243,255,149,83,106,70,145,89,-3.218,32.096,-0.89,0,0.435,240.61,-357.035,-44.378,-0.521,-36.941,0,"ゆっち一",-0.032,-17.141,0,"encounter v",-20.378,-46.26,120,"눈꽃",-15.384,-64.067,0,"인생최패망자",16.959,-46.712,0,"ke ro",12.927,-64.046,0,"AI",40.9,-90.65,0,"AI",0,-109.84,0,"소솨소솨",-43.024,-90.246,0,3243.377,-3.861,-25.632,3244.944,2,"encounter v",-16.136,-44.389,0,0,,,,,72,2
116,6,1,5,4,0,0,2,0,0,0,255,255,255,51,3265.854,"_Chun",L,10,85,127,1.872,-1.003,-0.254,2.084,0.822,1.471,-36.623,35.044,84,16,0,1,0,0,400,-3.439,0,0,0,0,5,R,"YukihiroD",174.3,80,0.4,0,89,W,Y,0,0,0,0,0,0,0,0,0,0,0,0,0,0,0,0,-0.126,-37.158,0,"ゆっち一",-0.074,-17.35,0,"encounter v",-19.713,-45.115,0,"눈꽃",-13.794,-63.2,0,"인생최패망자",16.255,-45.491,0,"ke ro",11.647,-65.183,0,"AI",40.9,-90.65,0,"AI",0,-109.84,0,"소솨소솨",-43.021,-90.253,0,0,0,0,0,0,"",0,0,0,0,3266.969,,,,0,0
117,6,1,5,4,1,0,2,0,0,0,255,255,255,52,3278.648,"_Chun",L,3,74,113,1.409,0.409,-0.557,2.235,-0.157,2.155,-36.623,54.61,76,24,0,2,0,438.126,240.927,-4.833,0,0,1,0,5,R,"YukihiroD",174.3,80,0.4,3,89,W,Y,3279.705,255,89,133,78,9,145,95,-42.073,-27.133,-0.3,0,0.681,-235.26,42.147,-254.935,-0.35,-36.816,0,"ゆっち一",-0.072,-17.321,0,"encounter v",-19.698,-45.067,86,"눈꽃",-14.012,-64.129,0,"인생최패망자",16.396,-45.422,0,"ke ro",11.655,-65.2,0,"AI",40.9,-90.65,0,"AI",0,-109.84,0,"소솨소솨",-43.019,-90.256,0,3279.544,0.924,-21.972,3281.069,4,"인생최패망자",10.775,-41.258,0,0,,,,,120,2
118,6,0,5,4,0,0,0,0,0,0,255,255,255,64,3405.381,"Sabo_10",L,26,89,140,-0.338,0.718,-0.256,2.03,-0.261,1.9,-36.536,33.95,85,12,3,2,0,90.715,-171.506,-20.99,0,0,1,3,2,L,"encounter v",190,84.706,0.42,3,89,W,Y,3406.272,255,85,115,87,47,145,123,29.301,-17.295,0.23,0,0.37,216.686,-40.628,-24.81,0.122,-37.269,0,"Kr_Luna",0.008,-17.588,0,"Yaksok~",-20.124,-49.384,0,"Ѕeyeon",-12.937,-64.36,85,"にゃんこ65K",23.367,-50.768,0,"YukihiroD",16.663,-59.211,0,"Penguin_iDOL",41.885,-96.094,98,"AI",0,-109.84,0,"SUGUN",-43.763,-89.387,0,3411.402,33.377,-122.973,3413.01,7,"AI",27.818,-118.51,1,0,,3416.931,,,194,2
119,6,0,5,4,0,0,0,0,1,0,255,12,255,65,3436.532,"Sabo_10",L,0,80,130,1.756,2.214,-0.492,2.197,-0.729,2.344,-36.536,75.421,79,15,6,2,0,37.904,0,-4.049,0,0,1,4,3,L,"눈꽃",175,80,0.497,3,79,W,Y,3437.595,255,162,71,85,20,145,127,25.779,-1.996,0.58,0,0.358,222.455,-58.214,-97.126,-0.228,-37.586,0,"Kr_Luna",0.014,-17.619,104,"Yaksok~",-17.567,-46.828,0,"Ѕeyeon",-10.101,-65.729,89,"にゃんこ65K",21.987,-47.724,0,"YukihiroD",16.462,-58.877,0,"Penguin_iDOL",43.516,-96.266,0,"AI",0,-109.84,0,"SUGUN",-43.957,-89.099,0,3442.602,5.568,-133.752,3443.394,7,"AI",5.809,-132.734,1,16,3452.16,3447.399,3445.594,3450.728,98,2
120,6,0,5,5,0,0,1,0,0,0,255,255,255,66,3467.786,"Sabo_10",L,26,89,140,2.093,0.601,-0.144,2.094,0.724,1.799,-36.536,44.091,85,13,3,1,0,147.696,-200,-27.542,0,0,0,5,0,R,"인생최패망자",190,80,0.351,0,89,W,Y,0,0,0,0,0,0,0,0,0,0,0,0,0,0,0,0,-0.096,-37.519,0,"Kr_Luna",-0.051,-17.437,0,"Yaksok~",-19.791,-50.191,0,"Ѕeyeon",-14.014,-64.3,0,"にゃんこ65K",22.344,-49.63,0,"YukihiroD",13.785,-62.563,0,"Penguin_iDOL",37.397,-105.105,0,"AI",0,-109.84,0,"SUGUN",-32.901,-108.067,0,0,0,0,0,0,"",0,0,0,0,3468.735,,,,0,0
121,6,0,5,5,1,0,1,0,0,0,255,255,255,67,3480.55,"Sabo_10",L,11,90,133,1.881,0.228,-0.17,2.12,0.824,1.972,-36.536,51.39,86,12,1,2,0,0,237.244,-6.189,0,0,1,5,0,R,"인생최패망자",190,80,0.351,3,89,W,Y,3481.615,255,58,103,64,33,145,105,-18.985,23.701,-0.11,0,0.252,-179.959,511.557,-245.473,-0.158,-37.147,0,"Kr_Luna",-0.017,-17.455,0,"Yaksok~",-19.125,-49.838,78,"Ѕeyeon",-14.855,-64.641,103,"にゃんこ65K",22.679,-50.668,0,"YukihiroD",13.815,-62.527,0,"Penguin_iDOL",39.261,-105.222,0,"AI",0,-109.84,0,"SUGUN",-36.418,-107.393,0,3481.477,-0.879,-22.489,3483.644,3,"Ѕeyeon",-13.218,-59.945,0,0,,,,,82,2
122,6,0,5,5,0,0,2,0,0,0,255,255,255,68,3502.77,"Sabo_10",L,5,85,136,1.359,0.214,-0.324,2.166,0.52,1.744,-36.536,58.097,85,13,2,2,0,58.613,22.919,-4.706,0,0,1,6,4,L,"_Chun",190,80,0.455,3,89,W,Y,3503.639,255,182,97,86,60,145,130,-30,7.226,0.68,0,0.593,-543.767,118.658,117.619,-0.027,-37.499,0,"Kr_Luna",0.001,-17.448,0,"Yaksok~",-19.669,-49.331,0,"Ѕeyeon",-12.894,-64.998,0,"にゃんこ65K",24.077,-50.876,0,"YukihiroD",16.214,-60.321,0,"Penguin_iDOL",42.98,-96.351,0,"AI",0,-109.84,0,"SUGUN",-37.203,-104.533,0,3503.46,0.054,-21.646,3510.402,7,"AI",-15.187,-134.072,1,0,,3514.023,,,65,2
123,6,0,5,5,0,0,2,0,1,0,255,14,255,69,3535.808,"Sabo_10",L,26,79,129,-1.139,1.47,-0.437,2.186,-0.333,2.193,-36.536,63.575,81,18,1,2,0,-99.93,-165.953,-5.221,0,0,1,0,5,R,"ke ro",164.5,80.196,0.397,3,89,W,Y,3536.795,208,91,68,63,22,141,124,24.584,18.665,0.36,0,0.564,486.13,342.892,43.012,-0.029,-37.112,0,"Kr_Luna",0,-17.68,0,"Yaksok~",-19.167,-50.348,0,"Ѕeyeon",-13.132,-64.31,0,"にゃんこ65K",19.784,-47.038,0,"YukihiroD",10.555,-64.454,0,"Penguin_iDOL",38.732,-100.614,0,"AI",0,-109.84,0,"SUGUN",-44.82,-90.569,119,3541.96,-43.495,-120.387,3543.119,8,"SUGUN",-41.535,-116.553,1,1,,3546.747,3542.083,3547.028,37,2
124,7,1,5,6,0,0,0,0,0,0,255,255,255,53,3606.215,"인생최패망자",R,3,85,110,-0.984,-0.611,1.002,1.348,0.317,1.525,-36.739,68.579,9,91,0,2,0,-407.121,164.468,4.893,0,0,1,1,3,R,"Ѕeyeon",170.5,85,0.35,3,89,W,Y,3607.282,196,114,82,79,60,145,125,29.642,6.206,0.55,0,0.57,394.006,148.058,427.596,0.338,-36.786,0,"ゆっち一",-0.526,-17.528,0,"encounter v",-20.019,-45.633,0,"눈꽃",-11.225,-65.864,0,"_Chun",19.71,-45.088,0,"ke ro",12.619,-65.147,83,"AI",40.9,-90.65,0,"AI",0,-109.84,0,"소솨소솨",-43.321,-95.494,0,3612.694,-19.245,-132.495,3614.135,7,"AI",-20.745,-130.236,1,0,,3617.797,,,33,2
125,7,1,5,6,0,0,0,0,1,0,255,3,255,54,3636.81,"인생최패망자",R,33,82,133,1.736,0.803,0.919,1.517,0.552,2.049,-36.739,68.381,0,100,0,2,0,119.254,-41.071,-0.277,0,0,1,2,8,R,"SUGUN",179.9,82.092,0.496,3,88,W,Y,3637.955,255,4,161,5,1,145,104,31.952,47.328,0.03,0,0.348,19.272,99.719,0.244,0.392,-36.851,0,"ゆっち一",-0.056,-17.444,0,"encounter v",-20.317,-45.545,0,"눈꽃",-8.892,-61.225,0,"_Chun",18.618,-47.173,0,"ke ro",12.293,-63.73,0,"AI",40.9,-90.65,0,"AI",0,-109.84,0,"소솨소솨",-47.352,-96.009,0,0,0,0,0,0,"",0,0,0,0,,3645.268,,,32,3
126,7,1,5,6,0,1,0,0,1,0,255,3,255,55,3657.989,"인생최패망자",R,32,87,140,0.351,-1.06,0.758,1.092,-0.197,0.937,-36.739,76.6,8,47,45,2,0,235.57,-59.634,-6.676,0,0,1,2,8,R,"SUGUN",179.9,82.092,0.496,3,88,W,Y,3659.107,224,77,59,43,1,137,87,46.314,34.647,-0.57,0,0.309,493.156,281.238,-93.393,0.09,-36.935,0,"ゆっち一",-0.183,-17.636,0,"encounter v",-19.954,-45.377,0,"눈꽃",-8.061,-60.681,0,"_Chun",20.204,-45.736,74,"ke ro",11.539,-64.124,0,"AI",40.9,-90.65,0,"AI",0,-109.84,0,"소솨소솨",-45.287,-98.027,111,3664.285,-41.105,-70.425,3665.436,8,"소솨소솨",-43.464,-73.085,1,0,,,3666.955,,100,2
127,7,1,5,6,0,0,0,1,0,1,8,255,3,56,3687.457,"인생최패망자",R,3,74,102,-3.647,-0.349,0.654,1.295,-0.764,1.424,-36.739,63.941,2,98,0,4,0,-401.04,0,15.943,0,0,1,3,4,R,"にゃんこ65K",190,91.072,0.596,0,88,W,Y,0,0,0,0,0,0,0,0,0,0,0,0,0,0,0,0,0.039,-37.016,0,"ゆっち一",-1.392,-17.886,0,"encounter v",-17.052,-40.645,0,"눈꽃",-13.346,-63.802,0,"_Chun",19.655,-43.816,0,"ke ro",11.171,-64.698,0,"AI",40.9,-90.65,0,"AI",0,-109.84,0,"소솨소솨",-44.173,-100.911,0,0,0,0,0,0,"",0,0,0,0,3688.736,,3689.932,,0,0
128,7,1,5,6,0,1,0,1,0,1,8,255,3,57,3701.351,"인생최패망자",R,32,70,122,2.38,-1.194,0.814,1.122,0.682,0.849,-36.739,98.188,11,89,0,1,0,200.388,-19.956,-8.874,0,0,0,3,4,R,"にゃんこ65K",190,91.072,0.596,0,88,W,Y,0,0,0,0,0,0,0,0,0,0,0,0,0,0,0,0,-0.045,-37.091,0,"ゆっち一",-0.172,-17.598,0,"encounter v",-17.573,-40.445,0,"눈꽃",-14.378,-62.438,0,"_Chun",20.112,-43.947,0,"ke ro",9.86,-65.455,0,"AI",40.9,-90.65,0,"AI",0,-109.84,0,"소솨소솨",-45.728,-98.609,0,0,0,0,0,0,"",0,0,0,0,3702.527,,,,0,0
129,7,1,5,6,1,1,0,1,0,1,8,255,3,58,3715.114,"인생최패망자",R,32,89,140,-1.235,-0.478,0.705,1.163,-0.907,1.205,-36.739,54.599,4,96,0,0,0,250,-137.29,-0.269,0,0,0,3,4,R,"にゃんこ65K",190,91.072,0.596,0,88,W,Y,0,0,0,0,0,0,0,0,0,0,0,0,0,0,0,0,0.33,-36.826,0,"ゆっち一",-0.266,-17.511,0,"encounter v",-16.976,-40.788,0,"눈꽃",-12.47,-60.422,0,"_Chun",19.512,-44.154,0,"ke ro",9.548,-64.62,0,"AI",40.9,-90.65,0,"AI",0,-109.84,0,"소솨소솨",-46.47,-98.538,0,0,0,0,0,0,"",0,0,0,0,3716.277,,3717.532,,0,0
130,7,1,5,6,1,2,0,1,0,1,8,255,3,59,3728.156,"인생최패망자",R,3,77,104,-3.216,-0.719,0.73,1.089,-0.528,1.196,-36.739,72.449,8,47,44,4,0,-439.171,0,8.65,0,0,1,3,4,R,"にゃんこ65K",190,91.072,0.596,0,88,W,Y,0,0,0,0,0,0,0,0,0,0,0,0,0,0,0,0,0.05,-37.138,0,"ゆっち一",-1.304,-17.82,0,"encounter v",-17.666,-40.177,0,"눈꽃",-15.261,-62.667,0,"_Chun",19.726,-44.188,0,"ke ro",9.561,-64.678,0,"AI",40.9,-90.65,0,"AI",0,-109.84,0,"소솨소솨",-46.485,-98.529,0,0,0,0,0,0,"",0,0,0,0,3729.452,,,,0,0
131,7,1,5,6,0,0,1,1,0,1,8,255,3,60,3747.144,"인생최패망자",R,32,91,140,-1.8,-1.269,0.553,1.16,-1.151,0.786,-36.739,45.165,5,95,0,1,0,250,-106.316,12.35,-0.514,-13.683,0,4,2,R,"Yaksok~",173.3,80,0.332,0,88,W,Y,0,0,0,0,0,0,0,0,0,0,0,0,0,0,0,0,-0.041,-37.233,0,"ゆっち一",-0.885,-17.309,0,"encounter v",-17.824,-40.457,0,"눈꽃",-12.727,-61.122,0,"_Chun",19.695,-45.688,0,"ke ro",10.775,-63.915,0,"AI",40.9,-90.65,0,"AI",0,-109.84,0,"소솨소솨",-45.047,-97.864,0,0,0,0,0,0,"",0,0,0,0,3750.861,3754.133,3751.255,,0,0
132,7,1,5,6,1,0,1,0,1,1,255,8,3,61,3772.145,"인생최패망자",R,32,94,140,-2.254,-0.601,0.511,1.166,-1.345,1.174,-36.739,43.67,7,93,0,1,0,250,-103.93,11.134,0,0,0,4,2,R,"Yaksok~",173.3,80,0.332,0,88,W,Y,0,0,0,0,0,0,0,0,0,0,0,0,0,0,0,0,-0.074,-37.313,0,"ゆっち一",-0.628,-17.601,0,"encounter v",-19.813,-45.289,0,"눈꽃",-11.738,-62.509,0,"_Chun",19.509,-43.042,0,"ke ro",10.075,-62.99,0,"AI",40.9,-90.65,0,"AI",0,-109.84,0,"소솨소솨",-46.419,-95.93,0,0,0,0,0,0,"",0,0,0,0,3773.01,3774.869,,,0,0
133,7,1,5,6,2,0,1,0,1,1,255,8,3,62,3786.108,"인생최패망자",R,32,93,140,-2.415,-0.786,0.496,1.136,-1.415,1.068,-36.739,39.025,5,33,62,4,0,250,-104.529,16.237,0,0,1,4,2,R,"Yaksok~",173.3,80,0.332,0,88,W,Y,0,0,0,0,0,0,0,0,0,0,0,0,0,0,0,0,0.061,-37.108,0,"ゆっち一",-0.502,-17.464,0,"encounter v",-19.805,-45.222,0,"눈꽃",-12.091,-62.217,0,"_Chun",19.256,-44.177,0,"ke ro",11.319,-63.753,0,"AI",40.9,-90.65,0,"AI",0,-109.84,0,"소솨소솨",-47.959,-99.978,0,0,0,0,0,0,"",0,0,0,0,3787.102,3788.75,,,0,0
134,7,1,5,6,2,1,1,0,1,1,255,8,3,63,3802.849,"인생최패망자",R,13,84,108,-0.963,-0.366,0.89,1.504,0.281,1.895,-36.739,63.005,5,95,0,2,0,-374.748,322.978,12.622,0,0,1,4,2,R,"Yaksok~",173.3,80,0.332,3,57,W,Y,3803.884,170,145,122,96,50,145,108,-30,46.51,0.91,0,0.151,-274.893,361.904,-103.785,0.158,-36.967,0,"ゆっち一",-0.42,-17.483,0,"encounter v",-19.768,-45.192,91,"눈꽃",-13.323,-62.292,0,"_Chun",19.33,-44.511,0,"ke ro",9.378,-64.299,0,"AI",40.9,-90.65,0,"AI",0,-109.84,0,"소솨소솨",-46.766,-96.754,0,3803.694,-1.542,-21.445,3805.236,2,"encounter v",-22.013,-40.677,0,0,,3809.946,,,40,2
135,7,1,5,6,2,2,1,0,1,1,255,8,3,64,3823.693,"인생최패망자",R,13,87,110,-2.719,-1.057,0.629,1.439,-0.53,1.526,-36.739,56.857,9,91,0,4,0,-355.516,351.58,5.648,0,0,1,4,2,R,"Yaksok~",173.3,80,0.332,0,57,W,Y,0,0,0,0,0,0,0,0,0,0,0,0,0,0,0,0,0.001,-37.168,0,"ゆっち一",-0.629,-17.251,0,"encounter v",-20.382,-44.576,0,"눈꽃",-15.407,-61.139,0,"_Chun",19.482,-44.544,0,"ke ro",11.588,-64.097,0,"AI",40.9,-90.65,0,"AI",0,-109.84,0,"소솨소솨",-46.338,-95.856,0,0,0,0,0,0,"",0,0,0,0,3824.736,3826.488,,,0,0
136,7,1,5,6,0,0,2,0,1,1,255,8,3,65,3845.064,"인생최패망자",R,32,92,140,-2.907,-0.842,0.549,1.198,-1.632,0.982,-36.739,42.366,3,97,0,1,0,248.175,-127.588,3.548,0,0,0,5,1,L,"Kr_Luna",190,95.256,0.504,0,88,W,Y,0,0,0,0,0,0,0,0,0,0,0,0,0,0,0,0,0.08,-37.55,0,"ゆっち一",-0.344,-17.034,0,"encounter v",-20.074,-45.865,0,"눈꽃",-13.424,-64.238,0,"_Chun",20.565,-45.563,0,"ke ro",13.212,-63.624,0,"AI",40.9,-90.65,0,"AI",0,-109.84,0,"소솨소솨",-36.756,-97.606,0,0,0,0,0,0,"",0,0,0,0,3845.986,3847.734,,,0,0
137,7,1,5,6,1,0,2,0,1,1,255,8,3,66,3858.086,"인생최패망자",R,32,88,140,-1.317,0.696,0.626,1.509,-0.81,1.991,-36.739,39.672,0,100,0,2,0,156.219,-73.613,9.646,0,0,0,5,1,L,"Kr_Luna",190,95.256,0.504,3,88,W,Y,3858.882,150,116,103,69,31,145,112,-30,-49.479,0.91,0,0.064,-260.983,-269.039,21.929,0.149,-36.8,0,"ゆっち一",-0.13,-17.286,0,"encounter v",-20.167,-46.153,0,"눈꽃",-15.965,-63.012,0,"_Chun",20.43,-45.474,0,"ke ro",13.987,-62.428,0,"AI",40.9,-90.65,0,"AI",0,-109.84,0,"소솨소솨",-41.255,-93.034,0,3858.66,1.979,-20.597,0,0,"",0,0,0,0,,3863.895,3860.643,,32,3
138,7,1,5,6,1,1,2,0,1,1,255,8,3,67,3872.967,"인생최패망자",R,32,95,140,-2.285,-0.366,0.508,1.185,-1.359,1.277,-36.739,34.631,6,94,0,1,0,250,-136.496,12.108,0,0,0,5,1,L,"Kr_Luna",190,95.256,0.504,0,88,W,Y,0,0,0,0,0,0,0,0,0,0,0,0,0,0,0,0,-0.077,-37.665,0,"ゆっち一",-0.16,-17.275,0,"encounter v",-20.022,-45.318,0,"눈꽃",-13.517,-64.237,0,"_Chun",20.11,-46.557,0,"ke ro",13.848,-63.883,0,"AI",40.9,-90.65,0,"AI",0,-109.84,0,"소솨소솨",-43.129,-95.463,0,0,0,0,0,0,"",0,0,0,0,3873.877,3875.431,,,0,0
139,7,1,5,6,2,1,2,0,1,1,255,8,3,68,3887.108,"인생최패망자",R,13,87,111,-5.612,0.802,0.94,1.52,0.434,1.911,-36.739,63.807,3,97,0,2,0,-374.422,331.373,11.739,0,0,0,5,1,L,"Kr_Luna",190,95.256,0.504,3,88,W,Y,3888.004,175,110,146,66,27,145,130,-7.726,-29.465,0.38,0,0.125,-203.794,-524.056,209.364,0.32,-36.761,0,"ゆっち一",0.02,-16.607,0,"encounter v",-20.07,-45.33,0,"눈꽃",-14.791,-63.996,85,"_Chun",19.495,-46.038,0,"ke ro",13.563,-64.523,0,"AI",40.9,-90.65,0,"AI",0,-109.84,0,"소솨소솨",-43.588,-95.072,0,3887.861,3.09,-25.631,3890.81,6,"AI",33.585,-84.397,1,0,,,3892.481,3893.565,48,2
140,7,1,6,6,0,0,2,1,0,1,1,255,8,69,3912.271,"인생최패망자",R,32,92,140,-1.757,0.799,0.66,1.507,-1.115,2.004,-36.739,40.059,0,100,0,2,0,234.828,-114.329,9.327,0,0,0,6,0,L,"Sabo_10",185.3,88,0.452,3,88,W,Y,3913.287,186,91,127,72,20,145,102,103.668,75.244,-0.14,0,0.535,-41.652,-467.928,161.552,0.125,-37.25,0,"ゆっち一",-0.336,-17.537,0,"encounter v",-18.873,-43.427,0,"눈꽃",-11.314,-65.596,0,"_Chun",19.678,-45.676,0,"ke ro",14.863,-62.449,0,"AI",40.9,-90.65,0,"AI",0,-109.84,0,"소솨소솨",-37.793,-90.441,0,0,0,0,0,0,"",0,0,0,0,,,3915.028,,32,3
141,7,1,6,6,0,1,2,1,0,1,1,255,8,70,3927.4,"인생최패망자",R,13,83,108,-0.233,-0.218,0.976,1.551,0.545,1.985,-36.739,76.7,8,92,0,2,0,-348.263,352.391,-0.954,0,0,1,6,0,L,"Sabo_10",185.3,88,0.452,3,88,W,Y,3928.471,255,61,85,117,41,145,94,32.349,9.752,-0.55,0,0.434,44.159,-63.08,-51.564,0.127,-36.97,0,"ゆっち一",-0.074,-17.504,0,"encounter v",-19.077,-43.105,0,"눈꽃",-9.052,-65.734,0,"_Chun",19.919,-45.286,0,"ke ro",14.886,-62.285,84,"AI",40.9,-90.65,0,"AI",0,-109.84,0,"소솨소솨",-40.138,-93.21,0,3932.994,-11.735,-95.701,3933.444,7,"AI",-11.895,-96.819,1,0,,3933.276,,3934.91,33,2
142,7,1,7,6,0,0,2,1,1,0,0,1,255,71,3956.505,"인생최패망자",R,32,91,140,-1.162,-0.656,0.612,1.219,-0.873,1.064,-36.739,47.338,3,97,0,0,0,250,-164.84,4.235,-0.395,-9.201,0,7,6,R,"Penguin_iDOL",190,80,0.255,0,88,W,Y,0,0,0,0,0,0,0,0,0,0,0,0,0,0,0,0,-0.14,-37.587,0,"ゆっち一",-0.447,-17.202,0,"encounter v",-20.399,-42.04,0,"눈꽃",-15.396,-64.066,0,"_Chun",20.389,-46.221,0,"ke ro",11.252,-63.578,0,"AI",40.9,-90.65,0,"AI",0,-109.84,0,"소솨소솨",-44.405,-96.603,0,0,0,0,0,0,"",0,0,0,32,3960.794,3964.449,3963.472,,0,0
143,7,0,7,6,0,0,0,0,0,0,255,255,255,70,4012.039,"Sabo_10",L,10,94,128,2.783,-1.836,-0.014,1.907,1.328,0.854,-36.536,25.586,89,9,2,1,0,-78.469,400,-27.191,0,0,0,1,1,L,"ゆっち一",190,83.623,0.399,0,88,W,Y,0,0,0,0,0,0,0,0,0,0,0,0,0,0,0,0,-0.317,-37.671,0,"Kr_Luna",-0.038,-17.575,0,"Penguin_iDOL",-21.491,-49.114,0,"Ѕeyeon",-13.308,-66.133,0,"にゃんこ65K",24.27,-50.705,0,"YukihiroD",16.919,-60.81,0,"AI",40.9,-90.65,0,"AI",0,-109.84,0,"SUGUN",-26.283,-114.078,0,0,0,0,0,0,"",0,0,0,0,4012.986,,,,0,0
144,7,0,7,6,1,0,0,0,0,0,255,255,255,71,4024.249,"Sabo_10",L,26,88,140,1.373,-0.174,-0.176,2.047,0.575,1.307,-36.536,38.107,87,13,0,2,0,23.023,-200,-28.297,0,0,1,1,1,L,"ゆっち一",190,83.623,0.399,3,88,W,Y,4025.252,177,145,111,97,72,145,123,113.404,44.376,0.74,0,0.245,172.854,208.401,-21.896,-0.348,-37.037,0,"Kr_Luna",0.007,-17.556,0,"Penguin_iDOL",-21.348,-49.149,0,"Ѕeyeon",-13.064,-65.191,0,"にゃんこ65K",23.637,-50.451,0,"YukihiroD",16.347,-60.999,0,"AI",40.9,-90.65,0,"AI",0,-109.84,0,"SUGUN",21.078,-125.556,0,0,0,0,0,0,"",0,0,0,0,,,,,32,3
145,7,0,7,6,1,1,0,0,0,0,255,255,255,72,4041.228,"Sabo_10",L,26,92,140,0.373,0.274,-0.17,1.936,0.141,1.598,-36.536,30.638,90,9,1,2,0,20.951,-200,-36.239,0,0,1,1,1,L,"ゆっち一",190,83.623,0.399,3,88,W,Y,4042.209,247,160,103,98,31,145,130,18.572,-18.22,0.53,0,0.185,176.802,-423.823,17.303,-0.158,-37.244,0,"Kr_Luna",0.014,-17.57,0,"Penguin_iDOL",-21.058,-49.021,0,"Ѕeyeon",-13.079,-65.201,0,"にゃんこ65K",23.654,-50.166,0,"YukihiroD",17.118,-59.843,0,"AI",40.9,-90.65,0,"AI",0,-109.84,0,"SUGUN",28.213,-123.018,0,4046.969,48.728,-129.277,0,0,"",0,0,0,0,,4052.721,4058.03,4054.824,32,4
146,7,0,7,7,0,0,0,0,0,0,255,255,255,73,4078.073,"Sabo_10",L,5,78,114,-0.53,0.733,-0.316,2.173,-0.335,2.044,-36.536,65.701,85,12,2,0,0,65.022,0,-3.72,0,0,0,2,8,R,"소솨소솨",186.1,80,0.498,0,88,W,Y,0,0,0,0,0,0,0,0,0,0,0,0,0,0,0,0,-0.063,-37.503,0,"Kr_Luna",-0.007,-17.585,0,"Penguin_iDOL",-21.855,-48.445,0,"Ѕeyeon",-15.685,-64.789,0,"にゃんこ65K",22.063,-50.683,0,"YukihiroD",11.575,-63.997,0,"AI",40.9,-90.65,0,"AI",0,-109.84,0,"SUGUN",-50.29,-96.032,0,0,0,0,0,0,"",0,0,0,0,4079.111,,,,0,0
147,7,0,7,7,0,1,0,0,0,0,255,255,255,74,4093.567,"Sabo_10",L,10,88,113,1.607,-1.437,-0.021,1.958,0.556,1.223,-36.536,30.855,83,15,2,1,0,80.887,400,-24.108,0,0,0,2,8,R,"소솨소솨",186.1,80,0.498,0,88,W,Y,0,0,0,0,0,0,0,0,0,0,0,0,0,0,0,0,-0.184,-37.444,0,"Kr_Luna",-0.014,-17.566,0,"Penguin_iDOL",-21.632,-48.667,0,"Ѕeyeon",-15.775,-65.314,0,"にゃんこ65K",22.055,-50.67,0,"YukihiroD",11.577,-63.949,0,"AI",40.9,-90.65,0,"AI",0,-109.84,0,"SUGUN",-50.502,-95.998,0,0,0,0,0,0,"",0,0,0,0,4094.602,,,,0,0
148,7,0,7,7,1,1,0,0,0,0,255,255,255,75,4108.667,"Sabo_10",L,26,93,140,2.177,-1.774,-0.019,1.749,0.841,0.315,-36.536,15.182,89,9,2,1,0,86.916,-200,-41.159,0,0,0,2,8,R,"소솨소솨",186.1,80,0.498,0,88,W,Y,0,0,0,0,0,0,0,0,0,0,0,0,0,0,0,0,-0.056,-37.367,0,"Kr_Luna",-0.026,-17.559,0,"Penguin_iDOL",-22.004,-48.411,0,"Ѕeyeon",-15.649,-64.724,0,"にゃんこ65K",22.054,-50.685,0,"YukihiroD",11.52,-63.979,0,"AI",40.9,-90.65,0,"AI",0,-109.84,0,"SUGUN",-50.405,-96.052,0,0,0,0,0,0,"",0,0,0,0,4109.636,,,,0,0
149,7,0,7,7,2,1,0,0,0,0,255,255,255,76,4122.892,"Sabo_10",L,26,93,140,0.208,-0.02,-0.182,2.079,0.085,1.407,-36.536,41.167,89,8,3,0,0,8.485,-191.35,-18.114,0,0,0,2,8,R,"소솨소솨",186.1,80,0.498,0,88,W,Y,0,0,0,0,0,0,0,0,0,0,0,0,0,0,0,0,-0.207,-37.373,0,"Kr_Luna",0.012,-17.546,0,"Penguin_iDOL",-21.838,-48.423,0,"Ѕeyeon",-15.683,-64.767,0,"にゃんこ65K",22.434,-51.775,0,"YukihiroD",11.489,-63.944,0,"AI",40.9,-90.65,0,"AI",0,-109.84,0,"SUGUN",-50.388,-96.289,0,0,0,0,0,0,"",0,0,0,0,4123.836,,,,0,0
150,7,0,7,7,2,2,0,0,0,0,255,255,255,77,4137.467,"Sabo_10",L,26,89,140,0.023,0.193,-0.209,2.118,-0.042,1.535,-36.536,42.821,85,13,2,0,0,43.617,-194.548,-18.729,0,0,1,2,8,R,"소솨소솨",186.1,80,0.498,0,88,W,Y,0,0,0,0,0,0,0,0,0,0,0,0,0,0,0,0,-0.249,-37.558,0,"Kr_Luna",0.013,-17.55,0,"Penguin_iDOL",-21.747,-48.63,0,"Ѕeyeon",-15.688,-64.991,0,"にゃんこ65K",22.44,-51.766,0,"YukihiroD",11.538,-63.959,0,"AI",40.9,-90.65,0,"AI",0,-109.84,0,"SUGUN",-50.532,-96.348,0,0,0,0,0,0,"",0,0,0,0,4138.469,,,,0,0
151,7,0,7,7,0,0,1,0,0,0,255,255,255,78,4156.955,"Sabo_10",L,12,77,113,-0.898,-0.092,-0.323,2.15,-0.381,1.647,-36.536,58.197,78,20,2,2,0,0,88.476,-12.173,0,0,1,3,4,L,"encounter v",190,84.706,0.42,3,87,W,Y,4158.074,255,124,89,93,75,145,93,-26.874,-61.836,0.97,0,0.667,202.037,242.462,-96.387,-0.227,-37.48,0,"Kr_Luna",0.01,-17.548,0,"Penguin_iDOL",-22.378,-48.086,0,"Ѕeyeon",-12.929,-65.309,0,"にゃんこ65K",23.597,-50.988,0,"YukihiroD",16.362,-61.113,0,"AI",40.9,-90.65,0,"AI",0,-109.84,0,"SUGUN",-49.242,-95.822,0,4158.002,3.088,-22.23,0,0,"",0,0,0,0,,,,,32,3
152,7,0,7,7,0,1,1,0,0,0,255,255,255,79,4177.728,"Sabo_10",L,0,80,117,-0.861,0.006,-0.318,2.125,-0.365,1.592,-36.536,51.735,80,17,3,2,0,0,0,-8.705,0,0,1,3,4,L,"encounter v",190,84.706,0.42,3,87,W,Y,4178.895,255,238,21,0,4,43,47,-26.604,-13.554,0.33,0,1.093,95.124,247.962,110.071,-0.081,-37.162,0,"Kr_Luna",0.02,-17.542,0,"Penguin_iDOL",-20.389,-48.564,68,"Ѕeyeon",-12.919,-65.256,0,"にゃんこ65K",23.463,-51.067,0,"YukihiroD",17.865,-60.549,106,"AI",40.9,-90.65,0,"AI",0,-109.84,0,"SUGUN",-45.736,-92.124,0,4178.802,0.257,-21.623,4183.328,5,"YukihiroD",5.807,-49.462,1,0,,,,,97,2
153,7,0,7,7,0,0,1,1,0,0,14,255,255,80,4208.297,"Sabo_10",L,4,61,98,-0.657,1.742,-0.315,2.268,-0.623,2.623,-36.536,100.997,77,14,9,1,0,162.659,5.251,-1.054,0,0,0,4,3,L,"눈꽃",175,80,0.497,0,87,W,Y,0,0,0,0,0,0,0,0,0,0,0,0,0,0,0,0,0.002,-37.822,0,"Kr_Luna",-0.123,-17.28,0,"Penguin_iDOL",-21.631,-45.273,0,"Ѕeyeon",-5.437,-61.573,0,"にゃんこ65K",20.366,-45.225,0,"YukihiroD",15.088,-56.755,0,"AI",40.9,-90.65,0,"AI",0,-109.84,0,"SUGUN",-45.476,-99.049,0,0,0,0,0,0,"",0,0,0,0,4209.394,,,,0,0
154,7,0,7,7,1,0,1,1,0,0,14,255,255,81,4224.271,"Sabo_10",L,26,90,140,3.978,-0.265,0.127,1.929,1.521,1.246,-36.536,30.561,94,6,0,1,0,180.164,-200,-54.059,0,0,0,4,3,L,"눈꽃",175,80,0.497,0,87,W,Y,0,0,0,0,0,0,0,0,0,0,0,0,0,0,0,0,0.196,-37.595,0,"Kr_Luna",0.017,-17.65,0,"Penguin_iDOL",-20.706,-44.477,0,"Ѕeyeon",-6.317,-61.45,0,"にゃんこ65K",20.388,-45.236,0,"YukihiroD",14.73,-56.815,0,"AI",40.9,-90.65,0,"AI",0,-109.84,0,"SUGUN",-45.861,-99.35,0,0,0,0,0,0,"",0,0,0,0,4225.136,,,,0,0
155,7,0,7,7,2,0,1,1,0,0,14,255,255,82,4239.609,"Sabo_10",L,26,82,134,1.129,0.592,-0.106,2.079,0.438,1.775,-36.536,46.506,89,11,0,0,0,40.315,-153.29,-12.963,0,0,1,4,3,L,"눈꽃",175,80,0.497,0,87,W,Y,0,0,0,0,0,0,0,0,0,0,0,0,0,0,0,0,0.058,-37.76,0,"Kr_Luna",-0.003,-17.571,0,"Penguin_iDOL",-20.639,-43.225,0,"Ѕeyeon",-5.898,-61.227,0,"にゃんこ65K",20.464,-45.864,0,"YukihiroD",14.738,-56.844,0,"AI",40.9,-90.65,0,"AI",0,-109.84,0,"SUGUN",-45.676,-99.392,0,0,0,0,0,0,"",0,0,0,0,4240.728,,,,0,0
156,7,0,7,7,2,1,1,1,0,0,14,255,255,83,4255.209,"Sabo_10",L,10,83,123,1.344,-0.776,-0.074,2.033,0.587,1.612,-36.536,37.94,89,11,0,2,0,0,400,-22.722,0,0,1,4,3,L,"눈꽃",175,80,0.497,3,87,W,Y,4256.658,255,103,59,96,55,138,126,-30,-32.011,0.67,0,0.491,103.186,320.931,189.208,-0.206,-37.338,0,"Kr_Luna",0.039,-17.387,0,"Penguin_iDOL",-20.761,-47.547,80,"Ѕeyeon",-6.397,-61.397,89,"にゃんこ65K",20.435,-45.783,120,"YukihiroD",14.702,-56.839,0,"AI",40.9,-90.65,0,"AI",0,-109.84,0,"SUGUN",-45.713,-99.229,0,4256.427,0.935,-21.58,4257.736,4,"にゃんこ65K",15.565,-45.059,1,0,,4261.02,,,106,2
157,7,0,7,7,0,0,2,1,0,0,13,255,255,84,4278.244,"Sabo_10",L,10,79,107,0.083,-1.046,-0.189,2.075,0.035,1.483,-36.536,51.956,83,17,0,4,1,3.234,400,-11.704,0,0,1,5,0,R,"인생최패망자",190,80,0.351,0,87,W,Y,0,0,0,0,0,0,0,0,0,0,0,0,0,0,0,0,-0.069,-37.497,0,"Kr_Luna",-0.015,-17.48,0,"Penguin_iDOL",-21.129,-44.556,0,"Ѕeyeon",-12.354,-62.962,0,"にゃんこ65K",21.162,-47.586,0,"YukihiroD",14.185,-62.83,0,"AI",40.9,-90.65,0,"AI",0,-109.84,0,"SUGUN",-40.463,-108.02,0,0,0,0,0,0,"",0,0,0,0,4279.336,4296.456,,,0,0
158,7,0,7,7,0,1,2,0,1,0,255,13,255,85,4313.177,"Sabo_10",L,26,81,132,0.558,-0.6,-0.161,1.961,0.184,1.03,-36.536,35.396,87,13,0,2,0,46.057,-200,-33.386,0,0,1,5,0,R,"인생최패망자",190,80,0.351,3,87,W,Y,4314.222,255,219,143,135,89,145,113,106.335,-53.873,0.84,0,0.348,427.559,-156.754,384.872,0.043,-37.187,0,"Kr_Luna",-0.006,-17.458,0,"Penguin_iDOL",-20.836,-48.805,0,"Ѕeyeon",-12.679,-64.408,0,"にゃんこ65K",20.305,-46.746,0,"YukihiroD",6.873,-61.622,0,"AI",40.9,-90.65,0,"AI",0,-109.84,0,"SUGUN",-41.611,-107.442,0,0,0,0,0,0,"",0,0,0,0,,4317.145,,,32,3
159,7,0,7,7,0,2,2,0,1,0,255,13,255,86,4329.252,"Sabo_10",L,26,83,135,-2.753,0.897,-0.429,2.062,-1.063,2.004,-36.536,47.641,87,13,0,4,0,-87.357,-173.673,-12.82,0,0,1,5,0,R,"인생최패망자",190,80,0.351,0,87,W,Y,0,0,0,0,0,0,0,0,0,0,0,0,0,0,0,0,-0.316,-37.566,0,"Kr_Luna",0.042,-17.51,0,"Penguin_iDOL",-21.417,-48.953,0,"Ѕeyeon",-12.642,-64.646,0,"にゃんこ65K",21.954,-43.421,0,"YukihiroD",4.226,-62.344,0,"AI",40.9,-90.65,0,"AI",0,-109.84,0,"SUGUN",-40.479,-109.18,0,0,0,0,0,0,"",0,0,0,0,4330.228,,,,0,0
160,8,1,7,7,0,0,0,0,0,0,255,255,255,72,4369.145,"인생최패망자",R,32,90,140,-0.682,-0.865,0.757,1.096,-0.666,0.99,-36.739,58.349,4,55,41,0,0,250,-104.813,0.856,0,0,0,7,2,R,"Penguin_iDOL",190,80,0.255,0,87,W,Y,0,0,0,0,0,0,0,0,0,0,0,0,0,0,0,0,0.168,-37.132,0,"ゆっち一",-0.37,-17.282,0,"_Chun",-19.395,-43.931,0,"눈꽃",-12.977,-64.787,0,"encounter v",19.41,-46.805,0,"ke ro",11.693,-64.581,0,"AI",40.9,-90.65,0,"AI",0,-109.84,0,"소솨소솨",-43.928,-98.303,0,0,0,0,0,0,"",0,0,0,0,4370.328,,,,0,0
161,8,1,7,7,0,1,0,0,0,0,255,255,255,73,4406.418,"인생최패망자",R,3,77,104,-3.224,-0.758,0.739,1.175,-0.501,1.174,-36.739,71.276,6,64,30,4,0,-454.309,3.932,4.884,0,0,1,7,2,R,"Penguin_iDOL",190,80,0.255,0,87,W,Y,0,0,0,0,0,0,0,0,0,0,0,0,0,0,0,0,-0.021,-36.896,0,"ゆっち一",-1.163,-17.472,0,"_Chun",-19.533,-44.598,0,"눈꽃",-13.988,-64.698,0,"encounter v",19.461,-46.379,0,"ke ro",12.32,-64.135,0,"AI",40.9,-90.65,0,"AI",0,-109.84,0,"AI",-40.8,-90.55,0,0,0,0,0,0,"",0,0,0,0,4407.627,,,,0,0
162,8,1,7,7,0,2,0,0,0,0,255,255,255,74,4435.316,"인생최패망자",R,32,94,140,-2.298,-0.798,0.606,1.11,-1.366,1.033,-36.739,41.675,5,40,55,4,0,250,-102.794,9.152,0,0,1,7,2,R,"Penguin_iDOL",190,80,0.255,0,87,W,Y,0,0,0,0,0,0,0,0,0,0,0,0,0,0,0,0,0.206,-37.414,0,"ゆっち一",-0.637,-17.129,0,"_Chun",-19.724,-44.827,0,"눈꽃",-14.918,-63.36,0,"encounter v",19.949,-46.2,0,"ke ro",11.069,-64.579,0,"AI",40.9,-90.65,0,"AI",0,-109.84,0,"소솨소솨",-45.724,-96.011,0,0,0,0,0,0,"",0,0,0,0,4436.527,,,,0,0
163,8,1,7,7,0,0,1,0,0,0,255,255,255,75,4454.696,"인생최패망자",R,32,89,140,1.113,0.589,0.833,1.455,0.154,1.861,-36.739,51.857,2,98,0,2,0,218.828,-95.56,4.368,0,0,1,0,5,R,"YukihiroD",174.3,80,0.4,3,87,W,Y,4455.789,179,87,82,13,0,134,119,8.363,2.741,0.69,0,0.563,-279.406,340.114,103.607,0.229,-36.811,0,"ゆっち一",-0.368,-17.191,0,"_Chun",-19.974,-45.177,0,"눈꽃",-14.877,-63.757,0,"encounter v",18.016,-44.196,0,"ke ro",11.263,-65.385,85,"AI",40.9,-90.65,0,"AI",0,-109.84,0,"소솨소솨",-45.785,-95.732,0,4457.427,-4.626,-73.633,4460.436,7,"AI",-11.755,-118.827,1,0,,,,,33,2
164,8,1,7,7,0,0,1,1,0,0,5,255,255,76,4481.249,"인생최패망자",R,32,90,140,0.594,1.087,0.787,1.527,-0.061,2.124,-36.739,47.8,0,100,0,0,0,213.206,-110.783,11.976,0,0,1,1,3,R,"Ѕeyeon",170.5,85,0.35,0,87,W,Y,0,0,0,0,0,0,0,0,0,0,0,0,0,0,0,0,0.151,-37.406,0,"ゆっち一",-0.163,-16.769,0,"_Chun",-19.408,-42.234,0,"눈꽃",-12.407,-64.899,0,"encounter v",18.272,-44.72,0,"ke ro",9.272,-64.693,0,"AI",40.9,-90.65,0,"AI",0,-109.84,0,"소솨소솨",-43.073,-90.844,0,0,0,0,0,0,"",0,0,0,0,4482.228,,,,0,0
165,8,1,7,7,0,1,1,1,0,0,5,255,255,77,4501.688,"인생최패망자",R,32,92,140,-1.889,-0.543,0.644,1.173,-1.191,1.19,-36.739,48.715,6,94,0,2,0,250,-123.436,6.321,0,0,1,1,3,R,"Ѕeyeon",170.5,85,0.35,3,87,W,Y,4502.647,214,86,60,67,39,138,111,92.741,-81.839,0.77,0,0.545,335.692,-59.424,58.633,0.017,-37.067,0,"ゆっち一",-0.471,-17.429,0,"_Chun",-18.101,-42.363,0,"눈꽃",-13.441,-64.749,0,"encounter v",18.319,-44.741,0,"ke ro",9.508,-64.94,0,"AI",40.9,-90.65,0,"AI",0,-109.84,0,"소솨소솨",-43.482,-96.725,0,0,0,0,0,0,"",0,0,0,0,,,,,32,3
166,8,1,7,7,0,2,1,1,0,0,5,255,255,78,4519.336,"인생최패망자",R,13,81,106,0.055,-0.748,1.038,1.416,0.739,1.69,-36.739,60.92,4,96,0,0,0,-375.953,312.715,12.842,0,0,0,1,3,R,"Ѕeyeon",170.5,85,0.35,0,89,W,Y,0,0,0,0,0,0,0,0,0,0,0,0,0,0,0,0,0.229,-37.393,0,"ゆっち一",-0.661,-18.414,0,"_Chun",-19.446,-42.598,0,"눈꽃",-9.663,-65.867,0,"encounter v",18.252,-44.742,0,"ke ro",10.056,-66.047,0,"AI",40.9,-90.65,0,"AI",0,-109.84,0,"소솨소솨",-43.47,-96.181,0,0,0,0,0,0,"",0,0,0,0,4520.444,,,,0,0
167,8,1,7,7,0,0,2,1,0,0,5,255,255,79,4539.459,"인생최패망자",R,32,90,140,1.37,0.999,0.859,1.536,0.272,2.114,-36.739,55.688,0,100,0,2,0,215.411,-101.744,3.223,0,0,1,2,8,R,"SUGUN",179.9,82.092,0.496,3,86,W,Y,4540.711,255,24,106,33,14,145,127,30.67,-31.479,0.54,0,0.268,-0.917,-204.277,38.665,0.415,-36.987,0,"ゆっち一",-0.182,-17.424,0,"_Chun",-18.875,-42.737,0,"눈꽃",-10.304,-66.026,0,"encounter v",18.319,-44.604,69,"ke ro",10.417,-64.964,0,"AI",40.9,-90.65,0,"AI",0,-109.84,0,"소솨소솨",-43.921,-96.544,0,4545.836,58.637,-107.375,4546.402,6,"AI",57.727,-106.779,1,0,,4545.788,4551.008,,40,2
168,8,1,7,7,0,0,2,0,1,1,255,8,5,80,4572.198,"인생최패망자",R,3,79,105,0.509,-0.673,1.206,1.365,0.982,1.551,-36.739,73.012,4,96,0,0,0,-395.572,238.421,5.414,0,0,0,3,4,R,"にゃんこ65K",190,91.072,0.596,0,86,W,Y,0,0,0,0,0,0,0,0,0,0,0,0,0,0,0,0,0.024,-37.438,0,"ゆっち一",-0.119,-17.606,0,"_Chun",-19.378,-44.393,0,"눈꽃",-14.973,-63.243,0,"encounter v",17.876,-41.271,0,"ke ro",12.869,-63.875,0,"AI",40.9,-90.65,0,"AI",0,-109.84,0,"소솨소솨",-46.399,-97.896,0,0,0,0,0,0,"",0,0,0,0,4573.502,4574.91,4574.244,,0,0
169,8,1,7,7,0,1,2,0,1,1,255,8,5,81,4585.912,"인생최패망자",R,3,86,110,-3.566,-1.024,0.673,1.217,-0.704,1.257,-36.739,53.837,1,99,0,1,0,-458.361,199.764,9.383,0,0,0,3,4,R,"にゃんこ65K",190,91.072,0.596,0,86,W,Y,0,0,0,0,0,0,0,0,0,0,0,0,0,0,0,0,0.189,-37.169,0,"ゆっち一",-1.468,-17.937,0,"_Chun",-19.714,-44.795,0,"눈꽃",-11.205,-65.655,0,"encounter v",17.982,-41.56,0,"ke ro",12.801,-63.855,0,"AI",40.9,-90.65,0,"AI",0,-109.84,0,"소솨소솨",-46.89,-97.543,0,0,0,0,0,0,"",0,0,0,0,4587.119,4589.063,4588.316,,0,0
170,8,1,7,7,1,1,2,0,1,1,255,8,5,82,4598.881,"인생최패망자",R,32,90,140,0.345,-0.591,0.852,1.16,-0.223,1.195,-36.739,62.676,5,95,0,0,0,250,-67.965,2.129,0,0,1,3,4,R,"にゃんこ65K",190,91.072,0.596,0,86,W,Y,0,0,0,0,0,0,0,0,0,0,0,0,0,0,0,0,0.202,-37.55,0,"ゆっち一",-0.344,-17.332,0,"_Chun",-19.798,-43.534,0,"눈꽃",-11.992,-65.251,0,"encounter v",17.588,-42.148,0,"ke ro",12.725,-64.24,0,"AI",40.9,-90.65,0,"AI",0,-109.84,0,"소솨소솨",-46.968,-96.669,0,0,0,0,0,0,"",0,0,0,0,4599.936,4601.695,4602.257,,0,0
171,8,1,7,7,1,2,2,0,1,1,255,8,5,83,4612.326,"인생최패망자",R,3,82,108,2.175,-0.204,1.191,1.247,1.219,1.497,-36.739,81.281,5,95,0,2,0,-432.361,51.439,3.401,0,0,1,3,4,R,"にゃんこ65K",190,91.072,0.596,3,86,W,Y,4613.551,178,70,143,75,45,145,117,-30,-30.384,0.1,0,0.354,50.391,317.373,-406.954,0.347,-37.2,0,"ゆっち一",-0.23,-17.507,0,"_Chun",-19.417,-44.259,0,"눈꽃",-12.271,-64.938,0,"encounter v",16.262,-41.931,120,"ke ro",12.719,-64.184,0,"AI",40.9,-90.65,0,"AI",0,-109.84,0,"소솨소솨",-46.52,-103.034,0,4613.344,0.876,-21.499,4614.777,4,"encounter v",15.606,-39.816,0,0,,,,4618.255,104,2
172,8,0,7,7,0,0,0,0,0,0,255,255,255,87,4657.372,"Sabo_10",L,0,0,0,0,0,0,0,0,0,0,0,0,0,0,0,0,0,0,0,0,0,1,6,2,L,"_Chun",190,80,0.455,0,86,W,Y,0,0,0,0,0,0,0,0,0,0,0,0,0,0,0,0,0,0,0,"",0,0,0,"",0,0,0,"",0,0,0,"",0,0,0,"",0,0,0,"",0,0,0,"",0,0,0,"",0,0,0,0,0,0,0,0,"",0,0,0,0,4658.686,,,,0,0
173,8,0,7,7,1,0,0,0,0,0,255,255,255,88,4675.622,"Sabo_10",L,26,81,132,0.404,1.681,-0.236,2.217,0.291,2.492,-36.536,62.382,77,18,6,1,0,-73.778,-171.446,-10.144,0,0,0,6,2,L,"_Chun",190,80,0.455,0,86,W,Y,0,0,0,0,0,0,0,0,0,0,0,0,0,0,0,0,-0.282,-37.488,0,"Kr_Luna",0.003,-17.588,0,"Penguin_iDOL",-20.048,-49.148,0,"Ѕeyeon",-11.952,-65.581,0,"にゃんこ65K",23.429,-50.064,0,"YukihiroD",17.716,-59.285,0,"AI",40.9,-90.65,0,"AI",0,-109.84,0,"SUGUN",-41.249,-108.075,0,0,0,0,0,0,"",0,0,0,0,4676.436,,,,0,0
174,8,0,7,7,2,0,0,0,0,0,255,255,255,89,4687.11,"Sabo_10",L,10,78,118,0.011,0.815,-0.198,2.238,0.01,2.574,-36.536,62.882,84,14,2,0,0,0,400,-11.113,0,0,0,6,2,L,"_Chun",190,80,0.455,0,86,W,Y,0,0,0,0,0,0,0,0,0,0,0,0,0,0,0,0,-0.133,-37.525,0,"Kr_Luna",0.041,-17.596,0,"Penguin_iDOL",-20.351,-49.344,0,"Ѕeyeon",-11.213,-65.41,0,"にゃんこ65K",23.436,-50.068,0,"YukihiroD",17.667,-59.298,0,"AI",40.9,-90.65,0,"AI",0,-109.84,0,"SUGUN",-40.131,-110.239,0,0,0,0,0,0,"",0,0,0,0,4687.978,,,,0,0
175,8,0,7,7,2,1,0,0,0,0,255,255,255,90,4701.855,"Sabo_10",L,26,85,137,1.514,-0.284,-0.061,2.024,0.645,1.235,-36.536,37.881,84,14,1,2,0,14.229,-200,-48.548,0,0,1,6,2,L,"_Chun",190,80,0.455,3,86,W,Y,4702.832,255,139,107,83,53,145,130,19.466,-10.298,0.51,0,0.381,37.106,-21.891,2.661,0.03,-36.996,0,"Kr_Luna",0.097,-17.578,0,"Penguin_iDOL",-20.389,-49.093,0,"Ѕeyeon",-10.787,-65.969,85,"にゃんこ65K",23.261,-50.039,0,"YukihiroD",17.656,-59.295,0,"AI",40.9,-90.65,0,"AI",0,-109.84,0,"SUGUN",-40.368,-110.172,0,4707.344,21.624,-134.029,4708.711,7,"AI",16.556,-129.222,1,0,,4713.063,,,34,2
176,8,0,7,7,0,0,0,0,1,0,255,12,255,91,4733.548,"Sabo_10",L,27,83,135,-1.917,0.325,-0.301,2.139,-0.469,1.981,-36.536,56.588,79,19,2,2,0,-77.369,-117.479,-6.159,0,0,1,0,5,R,"ke ro",164.5,80.196,0.397,3,86,W,Y,4734.584,224,69,74,61,0,143,121,-15,11.258,0.27,0,0.644,-186.592,567.245,-3.072,0.053,-37.275,116,"Kr_Luna",0.083,-17.566,0,"Penguin_iDOL",-19.991,-46.042,0,"Ѕeyeon",-9.479,-64.764,103,"にゃんこ65K",20.499,-46.376,0,"YukihiroD",8.866,-61.445,96,"AI",40.9,-90.65,0,"AI",0,-109.84,0,"SUGUN",-45.905,-93.014,0,4734.402,-1.043,-24.054,4736.086,3,"Ѕeyeon",-7.854,-59.91,1,0,,4751.143,4748.778,,43,2
177,8,0,7,7,0,0,0,0,1,1,255,15,12,92,4785.628,"Sabo_10",L,26,90,140,2.478,-0.217,0.014,1.941,0.995,1.296,-36.536,27.667,88,12,0,1,0,65.744,-187.541,-28.985,0,0,0,1,1,L,"ゆっち一",190,83.623,0.399,0,73,W,Y,0,0,0,0,0,0,0,0,0,0,0,0,0,0,0,0,-0.252,-37.369,0,"Kr_Luna",0.001,-17.727,0,"Penguin_iDOL",-20.543,-47.502,0,"Ѕeyeon",-12.354,-64.425,0,"にゃんこ65K",19.578,-40.372,0,"YukihiroD",16.274,-58.371,0,"AI",40.9,-90.65,0,"AI",0,-109.84,0,"SUGUN",-44.006,-93.288,0,0,0,0,0,0,"",0,0,0,0,4786.519,,4787.788,,0,0
178,8,0,7,7,1,0,0,0,1,1,255,15,12,93,4798.172,"Sabo_10",L,27,83,134,-2.181,0.267,-0.38,2.046,-0.839,1.636,-36.536,54.853,79,21,0,1,0,-70.246,-135.792,-5.401,0,0,0,1,1,L,"ゆっち一",190,83.623,0.399,0,73,W,Y,0,0,0,0,0,0,0,0,0,0,0,0,0,0,0,0,0.24,-37.853,0,"Kr_Luna",0.07,-17.732,0,"Penguin_iDOL",-20.686,-47.333,0,"Ѕeyeon",-12.294,-64.41,0,"にゃんこ65K",19.717,-40.703,0,"YukihiroD",16.286,-58.373,0,"AI",40.9,-90.65,0,"AI",0,-109.84,0,"SUGUN",-39.187,-108.675,0,0,0,0,0,0,"",0,0,0,0,4799.103,4800.999,4800.747,,0,0
179,8,0,7,7,2,0,0,0,1,1,255,15,12,94,4809.791,"Sabo_10",L,26,83,135,0.344,0.009,-0.186,1.98,0.063,1.424,-36.536,44.364,83,17,0,2,0,66.232,-194.78,-18.877,0,0,1,1,1,L,"ゆっち一",190,83.623,0.399,3,73,W,Y,4810.865,255,171,80,102,58,145,118,98.981,72.999,0.78,0,0.401,294.13,202.71,-125.019,-0.116,-37.312,0,"Kr_Luna",0.07,-17.71,0,"Penguin_iDOL",-20.614,-47.26,0,"Ѕeyeon",-12.319,-64.338,0,"にゃんこ65K",18.841,-43.227,0,"YukihiroD",16.29,-58.376,0,"AI",40.9,-90.65,0,"AI",0,-109.84,0,"SUGUN",-39.291,-108.246,0,0,0,0,0,0,"",0,0,0,0,,4813.882,4812.877,,32,3
180,8,0,7,7,2,1,0,0,1,1,255,15,12,95,4823.286,"Sabo_10",L,4,73,108,0.135,0.381,-0.485,2.086,-0.214,1.844,-36.536,74.551,77,20,4,2,0,153.364,0,-5.994,0,0,1,1,1,L,"ゆっち一",190,83.623,0.399,3,73,W,Y,4824.475,255,169,96,83,63,145,97,8.782,18.802,0.95,0,0.373,-132.285,-406.53,-71.328,-0.121,-36.942,0,"Kr_Luna",0.094,-17.692,0,"Penguin_iDOL",-21.012,-47.737,74,"Ѕeyeon",-12.352,-64.308,98,"にゃんこ65K",18.707,-43.848,0,"YukihiroD",16.994,-58.754,0,"AI",40.9,-90.65,0,"AI",0,-109.84,0,"SUGUN",-38.323,-109.23,0,0,0,0,4826.203,3,"Ѕeyeon",-10.912,-58.456,0,0,,4827.575,4827.162,,98,1
181,8,0,7,7,0,0,1,0,1,1,255,15,12,96,4844.711,"Sabo_10",L,12,83,117,0.278,0.013,-0.159,2.167,0.126,1.682,-36.536,59.509,80,20,0,0,0,0,85.065,-8.785,0,0,1,2,8,R,"소솨소솨",186.1,80,0.498,0,85,W,Y,0,0,0,0,0,0,0,0,0,0,0,0,0,0,0,0,0.071,-37.742,0,"Kr_Luna",-0.002,-17.385,0,"Penguin_iDOL",-20.845,-47.13,0,"Ѕeyeon",-14.244,-62.582,0,"にゃんこ65K",20.458,-42.016,0,"YukihiroD",9.664,-62.924,0,"AI",40.9,-90.65,0,"AI",0,-109.84,0,"SUGUN",-49.93,-93.199,0,0,0,0,0,0,"",0,0,0,0,4845.728,4847.823,4847.06,,0,0
182,8,0,7,7,0,1,1,0,1,1,255,15,12,97,4858.194,"Sabo_10",L,5,71,107,-0.845,2.061,-0.433,2.275,-0.622,2.873,-36.536,82.096,79,14,7,1,0,140.969,0,-3.69,0,0,0,2,8,R,"소솨소솨",186.1,80,0.498,0,85,W,Y,0,0,0,0,0,0,0,0,0,0,0,0,0,0,0,0,-0.128,-37.481,0,"Kr_Luna",0.024,-17.375,0,"Penguin_iDOL",-20.743,-47.626,0,"Ѕeyeon",-13.432,-61.832,0,"にゃんこ65K",20.572,-43.111,0,"YukihiroD",9.587,-63.343,0,"AI",40.9,-90.65,0,"AI",0,-109.84,0,"SUGUN",-50.044,-93.117,0,0,0,0,0,0,"",0,0,0,0,4859.328,4861.603,4860.463,,0,0
183,8,0,7,7,1,1,1,0,1,1,255,15,12,98,4872.074,"Sabo_10",L,26,82,133,0.355,1.254,-0.153,2.118,0.218,2.189,-36.536,50.318,87,13,0,2,0,-40.297,-188.54,-17.265,0,0,0,2,8,R,"소솨소솨",186.1,80,0.498,3,85,W,Y,4873.165,226,128,108,46,7,145,129,110.323,-53.305,0.31,0,0.593,358.458,365.341,-116.779,-0.067,-37.513,0,"Kr_Luna",0.067,-17.57,0,"Penguin_iDOL",-20.864,-47.27,0,"Ѕeyeon",-13.202,-62.818,0,"にゃんこ65K",19.118,-44.729,0,"YukihiroD",9.335,-63.304,0,"AI",40.9,-90.65,0,"AI",0,-109.84,0,"SUGUN",-49.985,-93.151,0,0,0,0,0,0,"",0,0,0,0,,4876.065,4875.186,,32,3
184,8,0,7,7,1,2,1,0,1,1,255,15,12,99,4887.69,"Sabo_10",L,14,83,107,0.505,-1.475,0.065,1.919,0.821,1.137,-36.536,28.485,89,11,0,2,0,-347.286,350.049,-61.169,0,0,1,2,8,R,"소솨소솨",186.1,80,0.498,3,85,W,Y,4888.825,255,149,95,99,47,145,114,99.84,-78.32,0.83,0,0.633,81.601,-52.795,95.875,0.049,-37.429,0,"Kr_Luna",0.061,-17.46,0,"Penguin_iDOL",-20.561,-47.487,0,"Ѕeyeon",-14.584,-62.913,0,"にゃんこ65K",18.477,-44.513,0,"YukihiroD",8.106,-63.147,0,"AI",40.9,-90.65,0,"AI",0,-109.84,0,"SUGUN",-50.551,-93.956,0,0,0,0,0,0,"",0,0,0,0,,4891.993,4891.204,,32,3
185,8,0,7,7,1,2,1,0,1,1,255,15,12,100,4900.692,"Sabo_10",L,10,88,114,0.63,-1.454,-0.111,1.951,0.277,1.207,-36.536,36.193,93,7,0,2,0,0,400,-25.069,0,0,1,2,8,R,"소솨소솨",186.1,80,0.498,3,85,W,Y,4901.782,243,198,87,110,63,145,128,8.228,4.947,0.7,0,0.656,23.396,502.613,46.718,0.061,-37.085,0,"Kr_Luna",0.04,-17.454,0,"Penguin_iDOL",-20.678,-47.306,0,"Ѕeyeon",-14.073,-62.12,0,"にゃんこ65K",19.081,-45.723,0,"YukihiroD",9.134,-63.145,85,"AI",40.9,-90.65,0,"AI",0,-109.84,0,"SUGUN",-50.049,-94.93,0,4903.944,-10.921,-90.709,4908.119,7,"AI",-17.833,-130.551,1,0,,4912.061,4906.96,4907.994,33,2
186,8,0,7,9,0,0,1,0,1,0,255,18,255,101,4927.577,"Sabo_10",L,26,84,136,0.13,1.606,-0.205,2.192,-0.024,2.426,-36.536,51.84,88,10,2,2,0,62.574,-200,-21.274,0,0,1,3,4,L,"encounter v",190,84.706,0.42,3,85,W,Y,4928.465,235,81,124,66,13,145,130,26.597,-43.959,0.61,0,0.298,281.244,-473.766,-34.168,0.167,-37.033,0,"Kr_Luna",0.049,-17.561,0,"Penguin_iDOL",-21.283,-47.598,0,"Ѕeyeon",-11.678,-66.634,0,"にゃんこ65K",22.014,-47.548,0,"YukihiroD",15.849,-59.199,0,"AI",40.913,-90.662,0,"AI",0,-109.85,0,"SUGUN",-45.391,-90.373,0,4933.144,89.593,-92.776,0,0,"",0,0,0,0,,4935.684,,,32,3
187,8,0,7,9,0,1,1,0,1,0,255,18,255,102,4942.196,"Sabo_10",L,10,81,122,0.214,-0.241,-0.179,2.026,0.098,1.888,-36.536,40.029,86,14,0,2,0,0,400,-22.149,0,0,1,3,4,L,"encounter v",190,84.706,0.42,3,85,W,Y,4943.153,252,165,116,110,42,145,130,-10.793,-9.846,0.44,0,0.585,-317.282,-469.59,173.515,-0.157,-37.224,0,"Kr_Luna",0.021,-17.533,0,"Penguin_iDOL",-21.591,-48.404,0,"Ѕeyeon",-10.395,-64.925,76,"にゃんこ65K",21.65,-47.587,0,"YukihiroD",17.34,-58.972,0,"AI",40.9,-90.65,0,"AI",0,-109.84,0,"SUGUN",-46.426,-91.198,0,4943.044,0.798,-24.499,4949.402,7,"AI",18.782,-134.119,1,0,,4953.465,4947.603,4952.432,34,2
188,8,0,7,10,0,0,1,0,1,0,255,14,255,103,4972.813,"Sabo_10",L,3,74,117,0.698,1.085,-0.422,2.083,-0.257,2.217,-36.536,70.242,79,21,0,2,0,338.979,0,-4.504,0,0,1,4,3,L,"눈꽃",175,80,0.497,3,78,W,Y,4974.237,255,147,78,76,55,145,126,30.934,-41.997,0.3,0,0.417,22.699,308.001,-35.153,-0.364,-37.114,0,"Kr_Luna",0.046,-17.523,0,"Penguin_iDOL",-20.79,-47.91,0,"Ѕeyeon",-10.496,-64.906,80,"にゃんこ65K",20.648,-45.946,0,"YukihiroD",15.73,-60.48,0,"AI",40.9,-90.65,0,"AI",0,-109.84,0,"SUGUN",-47.537,-93.408,0,4978.953,63.011,-103.165,4979.652,6,"AI",60.503,-102.287,1,0,,4984.215,4978.997,4984.387,34,2
189,8,0,7,11,0,0,1,0,1,0,255,13,255,104,4998.033,"Sabo_10",L,23,80,126,0.77,0.617,-0.161,2.084,0.183,2.075,-36.536,55.758,88,9,3,0,0,101.927,90.313,-8.506,0,0,0,5,0,R,"인생최패망자",190,80,0.351,0,85,W,Y,0,0,0,0,0,0,0,0,0,0,0,0,0,0,0,0,0.044,-37.65,0,"Kr_Luna",0.015,-17.534,0,"Penguin_iDOL",-20.894,-47.895,0,"Ѕeyeon",-12.221,-64.92,0,"にゃんこ65K",20.985,-44.351,0,"YukihiroD",5.423,-62.69,0,"AI",40.9,-90.65,0,"AI",0,-109.84,0,"SUGUN",-39.394,-87.893,0,0,0,0,0,0,"",0,0,0,0,4999.036,5000.839,,,0,0
190,8,0,7,11,0,1,1,0,1,0,255,13,255,105,5011.193,"Sabo_10",L,26,84,137,1.202,0.431,-0.114,2.144,0.4,1.684,-36.536,53.979,88,12,0,0,0,93.66,-200,-22.864,0,0,0,5,0,R,"인생최패망자",190,80,0.351,0,85,W,Y,0,0,0,0,0,0,0,0,0,0,0,0,0,0,0,0,-0.303,-37.363,0,"Kr_Luna",0.01,-17.536,0,"Penguin_iDOL",-21.079,-47.804,0,"Ѕeyeon",-10.508,-63.284,0,"にゃんこ65K",21.663,-45.441,0,"YukihiroD",2.078,-62.558,0,"AI",40.9,-90.65,0,"AI",0,-109.84,0,"SUGUN",-44.094,-91.488,0,0,0,0,0,0,"",0,0,0,0,5012.094,5013.726,,,0,0
191,8,0,7,11,0,2,1,0,1,0,255,13,255,106,5024.495,"Sabo_10",L,26,83,135,0.094,0.141,-0.158,2.087,0.195,1.5,-36.536,45.566,78,20,2,2,0,-60.865,-171.947,-23.948,0,0,1,5,0,R,"인생최패망자",190,80,0.351,3,85,W,Y,5025.551,255,152,150,79,39,145,98,24.433,4.213,-0.45,0,0.456,271.825,415.15,196.226,-0.057,-37.185,0,"Kr_Luna",0.023,-17.535,0,"Penguin_iDOL",-21.124,-47.638,0,"Ѕeyeon",-11.723,-63.983,0,"にゃんこ65K",21.29,-46.832,85,"YukihiroD",5.927,-63.033,105,"AI",40.9,-90.65,0,"AI",0,-109.84,0,"SUGUN",-44.052,-91.698,0,5030.152,-14.931,-104.343,5034.353,5,"YukihiroD",-0.531,-60.768,0,0,,5028.075,5036.24,,41,1
192,8,0,7,11,0,0,2,0,0,1,255,255,13,107,5052.083,"Sabo_10",L,10,91,128,1.832,-0.786,-0.028,1.909,0.798,1.509,-36.536,24.694,91,9,0,1,0,0,400,-37.987,0,0,0,6,2,L,"_Chun",190,80,0.455,0,85,W,Y,0,0,0,0,0,0,0,0,0,0,0,0,0,0,0,0,-0.12,-37.604,0,"Kr_Luna",0.024,-17.708,0,"Penguin_iDOL",-21.149,-47.047,0,"Ѕeyeon",-11.724,-65.611,0,"にゃんこ65K",20.139,-43.302,0,"YukihiroD",16.921,-58.41,0,"AI",40.9,-90.65,0,"AI",0,-109.84,0,"SUGUN",-37.815,-104.315,0,0,0,0,0,0,"",0,0,0,0,5052.869,,5053.939,,0,0
193,8,0,7,11,1,0,2,0,0,1,255,255,13,108,5064.239,"Sabo_10",L,27,84,137,-0.612,0.77,-0.107,2.097,0.667,2.167,-36.536,47.362,90,10,0,2,0,-85.71,-134.017,-10.987,0,0,1,6,2,L,"_Chun",190,80,0.455,3,85,W,Y,5065.193,255,126,103,94,25,145,116,25.604,-8.991,0.16,0,0.382,204.479,-540.784,78.92,0.085,-37.021,0,"Kr_Luna",0.071,-17.725,0,"Penguin_iDOL",-21.09,-47.558,0,"Ѕeyeon",-11.657,-65.554,85,"にゃんこ65K",20.408,-45.256,0,"YukihiroD",16.938,-58.411,0,"AI",40.9,-90.65,0,"AI",0,-109.85,0,"SUGUN",-38.816,-103.792,0,5069.877,28.505,-117.987,5072.361,7,"AI",28.847,-124.431,1,0,,5075.732,,5070.037,34,2
194,8,0,7,12,0,0,2,0,1,0,255,12,255,109,5092.031,"Sabo_10",L,26,89,140,1.386,0.775,-0.067,2.003,0.619,1.838,-36.536,35.686,87,13,0,2,0,-9.745,-165.535,-20.667,0,0,1,0,5,R,"ke ro",164.5,80.196,0.397,3,84,W,Y,5092.922,192,61,82,52,8,143,109,25.353,-25.235,0.18,0,0.516,-31.974,-93.344,27.101,-0.176,-37.291,0,"Kr_Luna",0.054,-17.716,0,"Penguin_iDOL",-21.414,-48.634,0,"Ѕeyeon",-13.761,-64.028,0,"にゃんこ65K",21.102,-46.264,0,"YukihiroD",8.667,-60.984,0,"AI",40.9,-90.65,0,"AI",0,-109.84,0,"SUGUN",-44.812,-91.517,0,5097.453,42.458,-103.919,0,0,"",0,0,0,0,,,5097.701,,32,1
195,9,1,7,12,0,0,0,0,0,0,255,255,255,84,5137.848,"인생최패망자",R,0,89,140,0.039,0.308,0.798,1.453,-0.008,1.812,-36.739,56.905,0,100,0,0,0,0,0,0,0,0,0,4,1,L,"Kr_Luna",190,95.256,0.504,0,84,W,Y,0,0,0,0,0,0,0,0,0,0,0,0,0,0,0,0,0.244,-37.278,0,"ゆっち一",-0.13,-17.114,0,"_Chun",-19.92,-44.494,0,"눈꽃",-11.787,-65.028,0,"encounter v",20.542,-46.142,0,"ke ro",13.608,-63.187,0,"AI",40.9,-90.65,0,"AI",0,-109.84,0,"소솨소솨",-39.15,-98.283,0,0,0,0,0,0,"",0,0,0,0,5138.777,,,,0,0
196,9,1,7,12,0,1,0,0,0,0,255,255,255,85,5149.375,"인생최패망자",R,0,91,140,-1.971,0.483,0.611,1.487,-0.878,1.921,-36.739,38.441,0,100,0,2,0,0,0,0,0,0,0,4,1,L,"Kr_Luna",190,95.256,0.504,3,84,W,Y,5150.196,130,71,76,41,15,137,130,-30,-49.097,0.46,0,0.074,15.363,-597.1,-56.879,0.072,-36.751,0,"ゆっち一",-0.137,-17.274,0,"_Chun",-19.91,-44.578,0,"눈꽃",-12.896,-64.687,0,"encounter v",16.775,-42.124,0,"ke ro",12.768,-63.819,0,"AI",40.9,-90.65,0,"AI",0,-109.84,0,"소솨소솨",-40.593,-97.446,0,5149.894,1.76,-20.775,0,0,"",0,0,0,0,,,,,32,3
197,9,1,7,12,0,2,0,0,0,0,255,255,255,86,5163.359,"인생최패망자",R,13,82,107,-0.606,-1.067,0.972,1.229,0.485,1.367,-36.739,75.394,8,92,0,2,0,-396.565,289.472,-1.728,0,0,0,4,1,L,"Kr_Luna",190,95.256,0.504,3,84,W,Y,5164.283,160,96,118,62,41,145,111,104.847,73.057,0.07,0,0.1,-138.263,-427.08,115.537,0.028,-36.773,0,"ゆっち一",-0.079,-17.396,0,"_Chun",-20.583,-44.322,0,"눈꽃",-11.744,-65.485,0,"encounter v",17.603,-41.817,0,"ke ro",13.85,-63.685,0,"AI",40.9,-90.65,0,"AI",0,-109.84,0,"소솨소솨",-39.94,-97.93,0,0,0,0,0,0,"",0,0,0,0,,,,,32,3
198,9,1,7,12,0,2,0,0,0,0,255,255,255,87,5175.574,"인생최패망자",R,32,91,140,0.496,-0.427,0.866,1.179,-0.158,1.259,-36.739,66.52,6,94,0,0,0,250,-113.572,-1.856,0,0,0,4,1,L,"Kr_Luna",190,95.256,0.504,0,84,W,Y,0,0,0,0,0,0,0,0,0,0,0,0,0,0,0,0,0.174,-37.11,0,"ゆっち一",-0.091,-17.401,0,"_Chun",-20.015,-44.33,0,"눈꽃",-7.717,-66.299,0,"encounter v",19.309,-44.426,0,"ke ro",14.49,-63.832,0,"AI",40.9,-90.65,0,"AI",0,-109.84,0,"소솨소솨",-39.953,-96.777,0,0,0,0,0,0,"",0,0,0,0,5176.411,,,,0,0
199,9,1,7,12,0,0,1,0,0,0,255,255,255,88,5194.61,"인생최패망자",R,32,96,140,-1.59,-0.749,0.672,1.125,-1.061,1.067,-36.739,36.87,5,27,69,1,0,250,-109.832,10.235,0,0,0,5,0,L,"Sabo_10",185.3,88,0.452,0,84,W,Y,0,0,0,0,0,0,0,0,0,0,0,0,0,0,0,0,0.174,-37.437,0,"ゆっち一",-0.153,-17.418,0,"_Chun",-19.823,-44.632,0,"눈꽃",-7.324,-66.856,0,"encounter v",19.429,-44.485,0,"ke ro",14.717,-63.426,0,"AI",40.9,-90.65,0,"AI",0,-109.84,0,"소솨소솨",-39.396,-100.008,0,0,0,0,0,0,"",0,0,0,0,5195.486,,,,0,0
200,9,1,7,12,1,0,1,0,0,0,255,255,255,89,5205.649,"인생최패망자",R,32,93,140,-1.077,-0.466,0.72,1.18,-0.839,1.252,-36.739,44.44,3,97,0,2,0,250,-97.042,4.424,0,0,1,5,0,L,"Sabo_10",185.3,88,0.452,3,84,W,Y,5206.506,217,87,124,86,29,145,96,-22.442,-46.251,-0.45,0,0.412,52.754,-233.382,19.775,0.291,-37.053,0,"ゆっち一",-0.148,-17.497,0,"_Chun",-19.793,-44.636,85,"눈꽃",-11.338,-65.259,0,"encounter v",19.316,-44.376,0,"ke ro",14.766,-63.355,0,"AI",40.9,-90.65,0,"AI",0,-109.84,0,"소솨소솨",-39.414,-100.015,0,5206.344,1.717,-21.235,5208.011,4,"encounter v",22.4,-40.319,0,0,,,,,104,2
201,9,1,7,12,1,1,1,0,0,0,255,255,255,90,5221.668,"인생최패망자",R,13,87,111,-1.855,-0.882,0.87,1.234,-0.092,1.505,-36.739,56.445,3,97,0,2,0,-395.52,305.882,7.352,0,0,1,5,0,L,"Sabo_10",185.3,88,0.452,3,84,W,Y,5222.599,255,153,163,116,78,145,101,5.909,-25.832,0.93,0,0.611,-139.228,-170.798,-19.788,0.317,-36.957,0,"ゆっち一",-0.08,-17.463,0,"_Chun",-20.798,-44.522,0,"눈꽃",-11.534,-65.329,0,"encounter v",19.14,-44.858,0,"ke ro",13.343,-63.852,98,"AI",40.9,-90.65,0,"AI",0,-109.84,0,"소솨소솨",-36.754,-100.925,0,5223.611,14.819,-51.508,5224.328,5,"ke ro",18.023,-58.044,0,0,,,,,97,2
202,9,1,7,12,0,0,2,0,0,0,255,255,255,91,5244.692,"인생최패망자",R,32,87,140,4.705,-0.807,0.764,1.13,-0.168,1.1,-36.739,53.004,2,46,53,2,0,233.761,-100.993,-2.781,0,0,1,6,2,R,"Penguin_iDOL",190,80,0.255,3,84,W,Y,5245.945,218,108,95,80,50,145,123,27.757,32.246,0.23,0,0.436,403.835,113.799,-257.06,0.099,-36.987,0,"ゆっち一",-0.181,-17.504,0,"_Chun",-19.66,-45.062,0,"눈꽃",-11.122,-65.214,0,"encounter v",18.485,-46.892,0,"ke ro",11.65,-65.478,0,"AI",40.9,-90.65,0,"AI",0,-109.84,0,"소솨소솨",-45.04,-98.238,100,0,0,0,5251.244,8,"소솨소솨",-59.344,-110.304,1,64,,5256.656,,,5,2
