id,type,inn,half,scoreA,scoreB,ball,strk,out,b1,b2,b3,b1Idx,b2Idx,b3Idx,pCnt,pSec,pName,pHand,pType,pPow,spdK,zoneX,zoneY,startX,startY,targetX,targetY,zDist,pitchAngle,pOver,pSide,pUnder,call,sH,sV,gyro,plx,plz,bIdx,order1Name,order2Name,order3Name,order4Name,order5Name,order6Name,order7Name,order8Name,order9Name,bPos,bZone,bName,bHCm,batLen,batCen,batType,bFps,bOS,bVR,bSwing,hSec,rotS,rotL,shS,lgS,prepS,batSpd,ev,ldeg,sdeg,launchPosX,launchPosY,launchPosZ,hPos,buntGrip,handDist,angVeloX,angVeloY,angVeloZ,ltSec,lx,lz,cSec,cPos,cx,cy,cz,1BSafe,tag,cpSec,bTo1Sec,bTo2Sec,bTo3Sec,bToHSec,r1To2Sec,r1To3Sec,r1ToHSec,r2To3Sec,r2ToHSec,r3ToHSec,r1LeaveSec,r2LeaveSec,r3LeaveSec,out1Sec,out1BatterIndex,out1PrevBase,out1Code,out1Ass,out2Sec,out2BatterIndex,out2PrevBase,out2Code,out2Ass,out3Sec,out3BatterIndex,out3PrevBase,out3Code,out3Ass,ball1Sec,ball1Pos,ball2Sec,ball2Pos,ball3Sec,ball3Pos,ballHSec,ballHPos,PitchPPosX,PitchPPosZ,PitchCPosX,PitchCPosZ,Pitch1BPosX,Pitch1BPosZ,Pitch2BPosX,Pitch2BPosZ,Pitch3BPosX,Pitch3BPosZ,PitchSSPosX,PitchSSPosZ,PitchLFPosX,PitchLFPosZ,PitchCFPosX,PitchCFPosZ,PitchRFPosX,PitchRFPosZ,PPosX,PPosY,PThrSpd,CName,CPosX,CPosY,CThrSpd,1BName,1BPosX,1BPosY,1BThrSpd,2BName,2BPosX,2BPosY,2BThrSpd,3BName,3BPosX,3BPosY,3BThrSpd,SSName,SSPosX,SSPosY,SSThrSpd,LFName,LFPosX,LFPosY,LFThrSpd,CFName,CFPosX,CFPosY,CFThrSpd,RFName,RFPosX,RFPosY,RFThrSpd,PGetSec,PGetX,PGetZ,CGetSec,CGetX,CGetZ,1BGetSec,1BGetX,1BGetZ,2BGetSec,2BGetX,2BGetZ,3BGetSec,3BGetX,3BGetZ,SSGetSec,SSGetX,SSGetZ,LFGetSec,LFGetX,LFGetZ,CFGetSec,CFGetX,CFGetZ,RFGetSec,RFGetX,RFGetZ,PThrSec,PThrX,PThrZ,CThrSec,CThrX,CThrZ,1BThrSec,1BThrX,1BThrZ,2BThrSec,2BThrX,2BThrZ,3BThrSec,3BThrX,3BThrZ,SSThrSec,SSThrX,SSThrZ,LFThrSec,LFThrX,LFThrZ,CFThrSec,CFThrX,CFThrZ,RFThrSec,RFThrX,RFThrZ,errPosDelta,result,swPreDeg,swKinDeg,swApproachDeg,swCorr,balk,cPlr,sb2Sec,sb3Sec,sbhSec,ass,remarks
1,,1,1,0,0,0,0,0,0,0,0,255,255,255,0,240.732,"Floră",R,32,82,133,-1.083,-0.673,0.157,1.617,-0.666,1.187,-36.341,31.401,0,100,0,0,156.798,-21.125,4.256,0,0,0,"Yes_Man_","시즈카_Shizuka","encounter v","P0TA0","MODECO","Kr_Luna","ke ro","","",5,R,"Yes_Man_",175,85.251,0.499,,82,W,Y,0,,,,,,,,,,,,,,,,,,,,,,,,,,,,0,0,,,,,,,,,,,,,,,,,,,,,,,,,,,,,,,,,,,,,,-0.19,-37.418,0.021,-17.948,-22.041,-47.543,-14.973,-63.563,18.802,-48.256,9.498,-60.081,40.9,-90.65,0,-109.84,-40.8,-90.55,,,,"",,,,"",,,,"",,,,"",,,,"",,,,"",,,,"",,,,"",,,,,,,,,,,,,,,,,,,,,,,,,,,,,,,,,,,,,,,,,,,,,,,,,,,,,,,,,,"",0,,,,,0,"",,,,0,""
2,,1,1,0,0,0,1,0,0,0,0,255,255,255,1,254.868,"Floră",R,32,81,132,1.781,0.575,0.411,1.623,0.517,1.911,-36.341,35.596,0,100,0,2,174.289,-25.135,4.948,0,0,0,"=","=","=","=","=","=","=","","",5,R,"Yes_Man_",175,85.251,0.499,5,82,W,Y,1,256.023,134,109,103,58,31,139,81,16.754,31.334,0.253,1.035,-19.714,-1,0,0.472,378.202,-188.046,-142.265,,,,259.342,3,-24.032,3.916,-61.751,0,0,,261.861,,,,,,,,,,,,,259.127,0,,452,0,,,,,,,,,,,,,,,,,,,-0.053,-37.477,0.042,-17.948,-22.241,-47.847,-15.157,-63.226,18.79,-48.261,9.504,-60.094,40.9,-90.65,0,-109.84,-40.8,-90.55,-0.016,-36.969,,"인생최패망자",0.054,-17.945,,"아침땅_",-22.114,-47.75,,"_송글_",-15.166,-63.002,87,"Yaksok~",18.81,-48.256,,"_Chun",10.196,-59.734,,"AI",40.904,-90.653,,"AI",0,-109.844,,"AI",-40.804,-90.553,,262.459,-1.328,-38.27,,,,,,,259.134,-24.745,-61.989,,,,,,,,,,,,,,,,,,,,,,,,,260.935,-20.513,-58.283,,,,,,,,,,,,,,,,"",1,30.935,-180,7.625,0,0,"_송글_",,,,48,""
3,,1,1,0,0,0,0,1,0,0,0,255,255,255,2,280.358,"Floră",R,47,56,98,0.152,-0.109,0.371,1.668,-0.038,1.557,-36.341,39.423,0,100,0,0,52.791,-3.826,0.022,0,0,1,"=","=","=","=","=","=","=","","",3,R,"시즈카_Shizuka",175,88.299,0.497,,78,W,Y,0,,,,,,,,,,,,,,,,,,,,,,,,,,,,0,0,,,,,,,,,,,,,,,,,,,,,,,,,,,,,,,,,,,,,,-0.354,-38.207,0.021,-17.909,-22.181,-47.543,-15.008,-63.801,19.255,-48.644,10.388,-59.391,40.9,-90.65,0,-109.84,-40.8,-90.55,,,,"",,,,"",,,,"",,,,"",,,,"",,,,"",,,,"",,,,"",,,,284.564,-0.204,-36.88,,,,,,,,,,,,,,,,,,,,,,,,,,,,,,,,,,,,,,,,,,,,,,,,,,,,"",0,,,,,0,"",,,,0,""
4,,1,1,0,0,0,1,1,0,0,0,255,255,255,3,290.225,"Floră",R,47,55,97,0.594,-0.158,0.407,1.649,0.121,1.553,-36.341,41.425,0,100,0,2,59.117,11.362,0.234,0,0,1,"=","=","=","=","=","=","=","","",3,R,"시즈카_Shizuka",175,88.299,0.497,0,78,W,Y,1,291.44,68,127,142,104,54,120,80,-43.167,15.344,0.113,0.917,-20.7,-0.52,0,0.391,-189.413,26.317,28.369,291.7,-0.136,-21.605,294.592,3,-8.9,0.174,-53.826,0,0,,296.529,,,,,,,,,,,,,296.367,1,,147,16,,,,,,,,,,,,,,,,,,,-0.093,-37.431,0.027,-17.928,-22.243,-47.606,-14.166,-64.058,19.4,-49.133,10.183,-59.443,40.9,-90.65,0,-109.84,-40.8,-90.55,0.01,-37.358,,"인생최패망자",0.022,-17.925,,"아침땅_",-22.13,-47.52,90,"_송글_",-14.078,-63.841,101,"Yaksok~",19.408,-49.115,,"_Chun",10.333,-59.291,,"AI",40.904,-90.654,,"AI",0,-109.844,,"AI",-40.804,-90.554,,298.104,-1.763,-39.237,,,,295.768,-18.784,-40.554,294.348,-9.442,-55.123,,,,,,,,,,,,,,,,,,,,,,297.181,-17.604,-40.308,294.968,-10.727,-51.894,,,,,,,,,,,,,,,,"",2,0,0,0,-2,0,"_송글_",,,,56,""
5,,1,1,0,0,0,0,2,0,0,0,255,255,255,4,315.454,"Floră",R,33,81,132,-3.543,-0.13,-0.039,1.565,-1.576,1.552,-36.341,22.168,0,100,0,3,131.103,-19.332,1.763,0.691,-20.925,2,"=","=","=","=","=","=","=","","",2,L,"encounter v",190,83.037,0.46,,77,W,Y,0,,,,,,,,,,,,,,,,,,,,,,,,,,,,0,0,,,,,,,,,,,,,,,,,,,,,,,,,,,,,,,,,,,,,,-0.196,-37.475,0.042,-17.908,-21.065,-49.257,-14.32,-63.299,20.214,-49.611,11.522,-62.41,40.9,-90.65,0,-109.84,-40.8,-90.55,,,,"",,,,"",,,,"",,,,"",,,,"",,,,"",,,,"",,,,"",,,,,,,,,,,,,,,,,,,,,,,,,,,,,,,,,,,,,,,,,,,,,,,,,,,,,,,,,,"0:+1",6,,,,,0,"",,,,0,""
6,,1,1,0,0,2,0,2,0,0,0,255,255,255,5,340.282,"Floră",R,32,85,137,-0.145,-0.247,0.241,1.534,-0.276,1.453,-36.341,26.515,0,100,0,2,151.794,-3.883,2.921,0,0,2,"=","=","=","=","=","=","=","","",2,L,"encounter v",190,83.037,0.46,5,77,W,Y,1,341.203,255,109,163,55,40,145,119,0,-7.799,-0.026,0.936,-20.568,0.86,0,0.471,105.64,-75.137,-1.341,342.067,2.943,-41.791,343.225,5,6.12,0.055,-62.78,0,0,,346.605,,,,,,,,,,,,,346.314,2,,147,4,,,,,,,,,,,,,,,,,,,-0.029,-37.407,0.073,-17.896,-21.167,-49.165,-13.894,-63.462,19.941,-49.3,11.879,-62.472,40.9,-90.65,0,-109.84,-40.8,-90.55,-0.007,-36.544,,"인생최패망자",0.065,-17.897,,"아침땅_",-21.12,-49.125,,"_송글_",-13.87,-63.447,,"Yaksok~",19.937,-49.287,,"_Chun",11.811,-62.249,93,"AI",40.903,-90.653,,"AI",0,-109.843,,"AI",-40.803,-90.553,,,,,,,,345.727,-18.203,-40.456,,,,,,,343.027,6.099,-63.348,,,,,,,,,,,,,,,,,,,,,,,,,344.315,2.529,-57.837,,,,,,,,,,"",2,-7.225,-26.076,-5.629,0,0,"_Chun",,,,12,""
7,SIDE,1,1,0,0,0,0,2,0,0,0,255,255,255,,347.02,,,,,,,,,,,,,,,,,,,,,,,3,"=","=","=","=","=","=","=","","",,,,,,,,,,,,,,,,,,,,,,,,,,,,,,,,,,,,,,,0,0,,,,,,,,,,,,,,,,,,,,,,,,,,,,,,,,,,,,,,,,,,,,,,,,,,,,,,,,,,,,,,,,,,,,,,,,,,,,,,,,,,,,,,,,,,,,,,,,,,,,,,,,,,,,,,,,,,,,,,,,,,,,,,,,,,,,,,,,,,,,,,,,,"",0,,,,,0,"",,,,0,""
8,,1,0,0,0,0,0,0,0,0,0,255,255,255,0,494.502,"ke ro",R,26,73,124,2.476,0.716,0.391,1.736,1.085,1.789,-36.626,39.691,100,0,0,2,-13.056,-200,-1.622,0,0,0,"Yaksok~","인생최패망자","_Chun","아침땅_","_송글_","Floră","","","",4,R,"Yaksok~",172.8,80,0.328,3,72,W,Y,0,495.398,174,185,86,67,15,145,81,9.484,-42.787,0.46,1.122,-19.895,-1,0,0.147,166.567,55.096,505.542,,,,497.242,4,19.57,1.554,-40.75,0,0,,,,,499.444,,,,,,,,,,497.156,0,,453,0,,,,,,,,,,,,,,,497.718,4,,,-0.028,-38.012,0.111,-16.669,-18.406,-43.171,-12.751,-62.175,19.217,-45.877,10.475,-65.287,37.008,-86.573,0,-109.88,-40.844,-90.591,0.104,-37.998,,"P0TA0",0.092,-16.907,,"encounter v",-17.873,-42.664,,"시즈카_Shizuka",-12.741,-62.152,,"MODECO",17.865,-44.763,87,"Yes_Man_",10.27,-65.417,,"Kr_Luna",37.013,-86.565,,"AI",0,-109.84,,"AI",-40.8,-90.55,,499.842,0.716,-38.112,,,,,,,,,,497.164,19.95,-41.142,,,,,,,,,,,,,,,,,,,,,,,,,499.103,12.253,-38.489,,,,,,,,,,,,,"",1,0,0,0,-2,0,"MODECO",,,,80,""
9,,1,0,0,0,0,0,1,0,0,0,255,255,255,1,513.113,"ke ro",R,6,67,108,1.183,0.462,0.195,1.759,-0.24,2.11,-36.626,21.813,100,0,0,2,459.988,174.647,-1.249,0,0,1,"=","=","=","=","=","=","","","",1,R,"인생최패망자",190,80,0.346,3,71,W,Y,1,514.28,255,129,128,125,52,145,92,94.725,-72.543,0.222,1.188,-20.293,-0.73,0,0.325,547.744,134.664,204.141,520.817,-28.654,-4.39,,,,,,0,0,,,,,,,,,,,,,,,,,,,,,,,,,,,,,,,,,,,,,,0.06,-38.226,0.051,-16.829,-18.168,-43.186,-14.801,-61.429,18.581,-44.635,10.506,-65.247,37.38,-94.374,0,-109.86,-40.815,-90.564,0.087,-38.145,,"P0TA0",-0.007,-16.955,,"encounter v",-17.941,-43.028,,"시즈카_Shizuka",-14.224,-62.008,,"MODECO",18.881,-45.116,,"Yes_Man_",10.455,-65.25,,"Kr_Luna",37.38,-94.373,,"AI",0,-109.84,,"AI",-40.8,-90.55,,,,,,,,,,,,,,,,,,,,,,,,,,,,,,,,,,,,,,,,,,,,,,,,,,,,,,,,"",3,0,0,0,-2,0,"",,,,0,""
10,,1,0,0,0,0,1,1,0,0,0,255,255,255,2,533.124,"ke ro",R,10,75,116,0.58,-1.12,0.269,1.637,0.245,1.393,-36.626,18.571,58,42,0,2,0,400,7.43,0,0,1,"=","=","=","=","=","=","","","",1,R,"인생최패망자",190,80,0.346,0,87,W,Y,1,534.229,255,157,120,121,66,145,131,10.154,3.605,0.115,0.692,-21.176,0.71,0,0.441,-160.931,498.268,99.397,536.892,-10.251,-96.017,541.375,7,-19.025,0.059,-132.57,1,0,,539.802,544.234,,,,,,,,,,,,,,,,,,,,,,,,,,,,,,,,,,,0.075,-38.088,-0.047,-16.857,-18.974,-43.697,-13.321,-64.443,19.039,-45.55,11.763,-65.302,36.388,-94.703,0,-109.86,-40.815,-90.564,0.123,-38.214,,"P0TA0",-0.013,-16.962,,"encounter v",-18.564,-43.342,,"시즈카_Shizuka",-13.315,-64.485,,"MODECO",19.022,-45.509,,"Yes_Man_",11.689,-65.284,75,"Kr_Luna",36.101,-94.83,,"AI",0,-109.84,,"AI",-40.8,-90.55,,549.794,0.135,-39.57,,,,,,,,,,,,,546.253,0.361,-59.607,,,,,,,,,,,,,,,,,,,,,,,,,548.642,0.624,-57.589,,,,,,,,,,"",2,0,0,0,-2,0,"AI",544.234,,,65,""
11,,1,0,0,0,0,0,1,0,1,0,255,11,255,3,565.362,"ke ro",R,26,72,124,0.279,1.017,0.249,1.738,0.147,1.893,-36.626,28.227,100,0,0,2,-23.864,-200,7.4,0,0,2,"=","=","=","=","=","=","","","",5,L,"_Chun",160,80,0.445,5,71,W,Y,1,566.366,241,157,103,79,38,145,123,100.496,-7.547,0.053,1.14,-20.505,0.34,0,0.408,491.769,-224.635,32.193,574.625,-6.833,18.812,,,,,,0,0,,,,,,,,,,,,,584.596,,,,,,,,,,,,,,,,,,,,,,,,,0.069,-38.078,0.114,-16.568,-14.554,-39.599,-8.823,-61.601,19.064,-44.061,6.032,-60.993,39.843,-87.893,0,-109.86,-40.822,-90.571,0.081,-38.16,,"P0TA0",0.11,-16.921,,"encounter v",-14.373,-39.406,,"시즈카_Shizuka",-9.457,-61.411,,"MODECO",19.086,-44.066,,"Yes_Man_",3.222,-60.952,,"Kr_Luna",39.648,-88.122,,"AI",0,-109.84,,"AI",-40.8,-90.55,,,,,,,,,,,,,,,,,,,,,,,,,,,,,,,,,,,,,,,,,,,,,,,,,,,,,,,,"",3,-6.775,-169.528,-3.548,0,0,"",572.916,,,0,""
12,,1,0,0,0,0,1,1,0,1,0,255,11,255,4,586.302,"ke ro",R,26,72,124,2.498,1.965,0.455,1.841,1.047,2.394,-36.626,37.709,100,0,0,1,17.25,-200,8.011,0,0,2,"=","=","=","=","=","=","","","",5,L,"_Chun",160,80,0.445,,71,W,Y,0,,,,,,,,,,,,,,,,,,,,,,,,,,,,0,0,,,,,,,,,,,,,599.477,,,,,,,,,,,,,,,,,,,,,,,,,0.13,-38.148,0.068,-16.743,-15.444,-41.051,-10.801,-63.211,18.176,-44.226,6.055,-63.217,40.139,-88.205,0,-109.85,-40.815,-90.564,,,,"",,,,"",,,,"",,,,"",,,,"",,,,"",,,,"",,,,"",,,,,,,,,,,,,,,,,,,,,,,,,,,,,,,,,,,,,,,,,,,,,,,,,,,,,,,,,,"",0,,,,,0,"",591.19,,,0,""
13,,1,0,0,0,1,1,1,0,1,0,255,11,255,5,606.001,"ke ro",R,10,70,112,0.272,-1.318,0.234,1.638,0.112,1.509,-36.626,21.981,62,38,0,4,0,400,9.731,0.019,-17.683,2,"=","=","=","=","=","=","","","",5,L,"_Chun",160,80,0.445,,71,W,Y,1,,,,,,,,,,,,,,,,,,,,,,,,,,,,0,0,,,,,,,,,,,,,611.188,,,,,,,,,,,,,,,,,,,,,,,,,0.027,-38.01,0.145,-16.737,-15.763,-41.204,-10.383,-61.957,19.601,-41.572,1.467,-61.483,39.937,-88.2,0,-109.86,-40.815,-90.564,,,,"",,,,"",,,,"",,,,"",,,,"",,,,"",,,,"",,,,"",,,,,,,,,,,,,,,,,,,,,,,,,,,,,,,,,,,,,,,,,,,,,,,,,,,,,,,,,,"",2,,,,,0,"",609.548,,,0,""
14,,1,0,0,0,1,2,1,0,1,0,255,11,255,6,636.703,"ke ro",R,10,71,113,0.82,-1.348,0.305,1.646,0.348,1.485,-36.626,32.567,58,42,0,2,0,400,1.332,0,0,2,"=","=","=","=","=","=","","","",5,L,"_Chun",160,80,0.445,5,71,W,Y,1,637.712,255,85,82,77,45,145,88,41.131,-10.471,0.154,0.53,-20.67,-0.48,0,0.443,-145.493,118.325,-21.017,642.775,10.168,-85.46,643.775,7,10.83,1.151,-90.747,1,0,,642.864,,,,,,,644.779,,,,,,,,,,,,,,,,,,,,,,,,,,,,,-0.019,-38.017,0.108,-16.735,-17.876,-43.051,-10.246,-62.376,18.085,-42.964,0.141,-60.332,42.263,-90.208,0,-109.86,-40.822,-90.571,0.036,-38.051,,"P0TA0",0.087,-16.896,,"encounter v",-17.703,-42.869,,"시즈카_Shizuka",-10.243,-62.379,69,"MODECO",18.167,-42.646,,"Yes_Man_",1.454,-60.585,,"Kr_Luna",41.974,-90.099,,"AI",0,-109.84,,"AI",-40.8,-90.55,,650.682,0.127,-38.688,,,,,,,646.669,0.373,-60.116,,,,,,,,,,,,,,,,,,,,,,,,,649.589,-1.355,-53.816,,,,,,,,,,,,,,,,"",2,-9.927,-77.81,-11.438,0,0,"AI",,644.779,,66,""
15,,1,0,0,0,0,0,1,1,0,1,15,255,11,7,666.638,"ke ro",R,26,71,123,2.131,0.362,0.351,1.691,0.708,1.601,-36.626,32.404,100,0,0,2,8.023,-200,8.546,0,0,3,"=","=","=","=","=","=","","","",2,R,"아침땅_",170.3,99.936,0.502,3,70,W,Y,1,667.606,109,50,78,34,20,135,75,3.967,0.504,0.301,1.023,-20.161,-1,0.143,0.491,539.266,155.476,-185.825,,,,668.867,0,0.048,1.098,-36.335,0,0,,,,,,,,,,,,688.03,,673.088,668.785,3,,449,0,,,,,,,,,,,670.735,2,,,,,,,0.006,-38.081,0.068,-16.816,-18.071,-39.224,-9.704,-64.029,19.072,-41,8.41,-66.388,24.276,-88.67,0,-109.86,-40.822,-90.571,0.159,-38.108,120,"P0TA0",0.051,-16.913,,"encounter v",-15.528,-41.829,85,"시즈카_Shizuka",-8.267,-64.265,,"MODECO",17.57,-43.416,,"Yes_Man_",8.128,-66.431,,"Kr_Luna",24.898,-83.402,,"AI",0,-109.84,,"AI",-40.8,-90.55,,668.796,0.169,-36.706,,,,670.586,-19.437,-39.729,,,,,,,,,,,,,,,,,,,669.895,-5.227,-39,,,,673.56,-17.624,-40.086,,,,,,,,,,,,,,,,,,,"",1,0,0,0,-2,0,"ke ro",,670.434,,68,""
16,,1,0,0,0,0,0,2,1,0,1,15,255,11,8,688.225,"ke ro",R,26,79,129,1.369,0.633,0.349,1.585,0.692,1.768,-36.626,26.488,70,30,0,2,-81.557,-200,14.342,0,0,4,"=","=","=","=","=","=","","","",3,R,"_송글_",175.4,91.844,0.315,3,48,W,Y,1,689.224,108,131,129,54,0,137,77,35.112,14.976,0.25,1.133,-20.118,-1,0,0.578,456.103,216.08,114.107,694.159,-18.721,-77.356,695.525,8,-21.232,0.722,-84.305,1,0,,694.608,,,,693.419,698.008,,,,695.113,,,689.955,,,,,,,,,,,,,,,,,,,,700.042,4,,,-0.008,-38.002,0.026,-16.697,-17.865,-38.945,-11.546,-62.904,18.945,-41.184,8.329,-66.037,38.262,-81.295,0,-109.86,-40.815,-90.564,0.141,-38.144,,"P0TA0",0.016,-16.949,,"encounter v",-15.476,-40.877,,"시즈카_Shizuka",-11.543,-62.885,,"MODECO",17.635,-43.597,75,"Yes_Man_",8.274,-66.017,,"Kr_Luna",38.259,-81.333,,"AI",0,-109.84,,"AI",-40.8,-90.55,,707.788,0.566,-37.967,,,,,,,,,,699.751,18.806,-40.593,,,,,,,,,,,,,,,,,,,,,,,,,706.744,17.098,-39.465,,,,,,,,,,,,,"",2,0,0,0,-2,0,"AI",693.419,698.008,695.113,80,""
17,,1,0,0,1,0,0,2,1,0,1,13,255,15,9,723.935,"ke ro",R,26,78,128,1.632,0.66,0.361,1.609,0.751,1.836,-36.626,13.273,62,38,0,1,-41.331,-200,24.175,0,0,5,"=","=","=","=","=","=","","","",0,R,"Floră",190,85.304,0.403,,70,W,Y,0,,,,,,,,,,,,,,,,,,,,,,,,,,,,0,0,,,,,,,,,,,,724.433,,724.622,,,,,,,,,,,,,,,,,,,,,,,,0.219,-38.073,0.115,-16.792,-17.583,-39.458,-11.893,-63.125,18.019,-42.99,8.357,-66.976,28.015,-77.965,0,-109.86,-40.815,-90.564,,,,"",,,,"",,,,"",,,,"",,,,"",,,,"",,,,"",,,,"",,,,729.184,-0.029,-37.256,,,,,,,,,,,,,,,,,,,,,,,,,,,,,,,,,,,,,,,,,,,,,,,,,,,,"",0,,,,,0,"",,726.466,,0,""
18,,1,0,0,1,1,0,2,1,0,1,13,255,15,10,739.559,"ke ro",R,26,82,133,1.642,1.27,0.353,1.729,0.711,2.227,-36.626,31.053,100,0,0,4,-4.828,-200,20.788,0,0,5,"=","=","=","=","=","=","","","",0,R,"Floră",190,85.304,0.403,,70,W,Y,1,,,,,,,,,,,,,,,,,,,,,,,,,,,,0,0,,,,,,,,,,,,739.706,,741.035,,,,,,,,,,,,,,,,,,,,,,,,-0.014,-37.741,0.083,-16.846,-17.006,-39.891,-10.897,-63.517,18.386,-43.012,12.982,-65.14,27.818,-77.149,0,-109.85,-40.807,-90.557,,,99,"",,,,"",,,,"",,,,"",,,,"",,,,"",,,,"",,,,"",,,,744.428,0.03,-36.929,,,,,,,,,,,,,,,,,,,,,,,,,757.592,-1.592,-38.064,,,,,,,,,,,,,,,,,,,,,,,,,"",0,,,,,0,"",,742.402,,0,""
19,,1,0,0,1,1,1,2,1,0,1,13,255,15,11,773.647,"ke ro",R,13,63,106,1.205,0.056,0.426,1.787,0.848,2.313,-36.626,38.281,100,0,0,2,-221.807,400,3.286,0,0,5,"=","=","=","=","=","=","","","",0,R,"Floră",190,85.304,0.403,3,70,W,Y,1,774.857,205,106,122,120,78,145,119,27.598,22.41,0.162,1.16,-20.544,0.19,0,0.415,459.969,347.075,117.771,780.259,-49.368,-115.258,781.684,8,-51.888,0.498,-115.512,1,0,,780.676,785.317,,,779.944,784.724,,,,779.054,773.865,,774.372,,,,,,,,,,,,,,,,,,,,,,,,0.016,-37.942,0.102,-16.616,-18.664,-42.736,-13.398,-61.241,18.533,-43.168,11.774,-63.452,30.004,-81.012,0,-109.85,-40.815,-90.564,0.141,-38.127,,"P0TA0",0.098,-16.757,,"encounter v",-17.254,-43.424,,"시즈카_Shizuka",-15.328,-60.472,,"MODECO",18.258,-44.279,,"Yes_Man_",11.262,-63.53,85,"Kr_Luna",29.764,-81.309,,"AI",0,-109.84,,"AI",-40.8,-90.55,,790.9,-0.071,-39.015,,,,,,,,,,,,,786.632,0.229,-59.901,,,,,,,,,,,,,,,,,,,,,,,,,789.753,0.635,-58.202,,,,,,,,,,"",2,0,0,0,-2,0,"AI",779.944,784.724,779.054,65,""
20,,1,0,0,2,0,0,2,0,1,1,255,10,13,12,804.987,"ke ro",R,26,64,117,-2.112,0.146,0,1.5,-0.931,1.466,-36.626,6.871,59,41,0,1,6.076,-200,24.565,0,0,0,"=","=","=","=","=","=","","","",4,R,"Yaksok~",172.8,80,0.328,,69,W,Y,0,,,,,,,,,,,,,,,,,,,,,,,,,,,,0,0,,,,,,,,,,,,,,805.685,,,,,,,,,,,,,,,,,,,,,,,,0.075,-38.117,0.114,-16.905,-19.621,-44.85,-11.34,-64.504,19.241,-41.512,4.917,-63.263,39.399,-91.318,0,-109.85,-40.815,-90.564,,,,"",,,,"",,,,"",,,,"",,,,"",,,,"",,,,"",,,,"",,,,809.455,0.068,-37.195,,,,,,,,,,,,,,,,,,,,,,,,,,,,,,,,,,,,,,,,,,,,,,,,,,,,"",0,,,,,0,"",,806.616,,0,""
21,,1,0,0,2,1,0,2,0,1,1,255,10,13,13,819.914,"ke ro",R,26,84,136,-0.959,1.025,0.111,1.648,-0.412,1.994,-36.626,11.657,56,44,0,0,-6.652,-200,34.414,0,0,0,"=","=","=","=","=","=","","","",4,R,"Yaksok~",172.8,80,0.328,,69,W,Y,0,,,,,,,,,,,,,,,,,,,,,,,,,,,,0,0,,,,,,,,,,,,,820.087,820.481,,,,,,,,,,,,,,,,,,,,,,,,0.056,-38.013,0.126,-16.62,-19.593,-44.834,-12.652,-64.361,18.724,-43.116,5.125,-63.591,39.391,-91.168,0,-109.85,-40.807,-90.557,,,,"",,,,"",,,,"",,,,"",,,,"",,,,"",,,,"",,,,"",,,,824.235,0.132,-37.003,,,,,,,,,,,,,,,,,,,,,,,,,,,,,,,,,,,,,,,,,,,,,,,,,,,,"",0,,,,,0,"",822.498,821.813,,0,""
22,,1,0,0,2,1,1,2,0,1,1,255,10,13,14,835.7,"ke ro",R,14,75,114,2.689,-1.643,0.26,1.442,0.555,1.049,-36.626,8.73,58,42,0,1,390.434,312.348,62.799,0.682,-18.314,0,"=","=","=","=","=","=","","","",4,R,"Yaksok~",172.8,80,0.328,,69,W,Y,0,,,,,,,,,,,,,,,,,,,,,,,,,,,,0,0,,,,,,,,,,,,,835.974,837.092,,,,,,,,,,,,,,,,,,,,,,,,0.12,-38.112,0.098,-16.609,-18.114,-43.552,-13.676,-62.758,18.544,-42.326,7.172,-62.801,39.332,-91.365,0,-109.85,-40.815,-90.564,,,,"",,,,"",,,,"",,,,"",,,,"",,,,"",,,,"",,,,"",,,,839.939,0.189,-37.012,,,,,,,,,,,,,,,,,,,,,,,,,,,,,,,,,,,,,,,,,,,,,,,,,,,,"",0,,,,,0,"",838.45,837.469,,0,""
23,,1,0,0,2,2,1,2,0,1,1,255,10,13,15,853.826,"ke ro",R,26,77,127,2.944,1.208,0.47,1.761,1.332,2.077,-36.626,30.126,100,0,0,2,-41.34,-200,16.158,0,0,0,"=","=","=","=","=","=","","","",4,R,"Yaksok~",172.8,80,0.328,0,69,W,Y,1,854.725,109,104,31,16,1,54,59,14.717,17.322,0.443,1.33,-19.598,-0.16,0,0.113,202.442,338.338,412.884,856.925,-9.494,-46.975,857.367,2,-9.265,0.361,-46.376,1,0,,860.707,,,,,,,860.551,,859.896,,,854.581,,,,,,,,,,,,,,,,,,,,,,,,0.192,-38.06,0.082,-16.958,-18.127,-43.552,-12.911,-63.12,18.497,-43.745,7.059,-62.734,39.321,-91.297,0,-109.85,-40.815,-90.564,0.347,-37.902,,"P0TA0",0.081,-16.974,,"encounter v",-18.119,-43.549,88,"시즈카_Shizuka",-12.277,-63.211,,"MODECO",17.532,-45.751,63,"Yes_Man_",6.896,-62.706,,"Kr_Luna",39.287,-91.376,,"AI",0,-109.84,,"AI",-40.8,-90.55,,867.124,0.874,-38.079,,,,857.166,-10.174,-46.878,,,,860.219,18.265,-39.048,,,,,,,,,,,,,,,,,,,858.626,-9.319,-41.994,,,,865.934,16.349,-41.04,,,,,,,,,,,,,"",2,0,0,0,-2,0,"encounter v",,860.551,859.896,84,""
24,,1,0,0,3,0,0,2,1,0,1,14,255,10,16,884.273,"ke ro",R,26,80,130,2.149,0.791,0.374,1.734,0.933,1.917,-36.626,38.303,97,3,0,1,-5.708,-200,2.541,0,0,1,"=","=","=","=","=","=","","","",1,R,"인생최패망자",190,80,0.346,,69,W,Y,0,,,,,,,,,,,,,,,,,,,,,,,,,,,,0,32,,,,,,886.676,,,,,898.82,,,884.653,898,5,3,306,16,,,,,,,,,,,,,,,,,,,-0.046,-38.132,0.081,-16.751,-19.567,-40.88,-7.189,-59.057,19.248,-40.902,7.763,-64.113,38.684,-96.326,0,-109.86,-40.822,-90.571,,,,"",,,,"",,,,"",,,,"",,,,"",,,,"",,,,"",,,,"",,,,,,,,,,,,,,,,,,,,,,,,,,,,,,,,,,,,,,,,,,,,,,,,,,,,,,,,,,"",0,,,,,0,"",886.676,,898.82,0,""
25,SIDE,1,0,0,3,1,0,2,0,1,0,255,14,255,,899.898,,,,,,,,,,,,,,,,,,,,,,,1,"=","=","=","=","=","=","","","",,,,,,,,,,,,,,,,,,,,,,,,,,,,,,,,,,,,,,,0,0,,,,,,,,,,,,,,,,,,,,,,,,,,,,,,,,,,,,,,,,,,,,,,,,,,,,,,,,,,,,,,,,,,,,,,,,,,,,,,,,,,,,,,,,,,,,,,,,,,,,,,,,,,,,,,,,,,,,,,,,,,,,,,,,,,,,,,,,,,,,,,,,,"",0,,,,,0,"",,,,0,""
26,,2,1,0,3,0,0,0,0,0,0,255,255,255,6,941.998,"Floră",R,13,74,113,-2.172,-1.342,0.175,1.542,-0.58,0.98,-36.341,30.306,0,100,0,1,-390.434,312.348,51.725,0,0,3,"Yes_Man_","시즈카_Shizuka","encounter v","P0TA0","MODECO","Kr_Luna","ke ro","","",1,R,"P0TA0",190,96,0.502,,44,W,Y,0,,,,,,,,,,,,,,,,,,,,,,,,,,,,0,0,,,,,,,,,,,,,,,,,,,,,,,,,,,,,,,,,,,,,,-0.185,-37.442,0.064,-18.069,-22.618,-48.469,-12.862,-64.067,20.261,-51.329,9.948,-60.633,40.93,-90.677,0,-109.87,-40.83,-90.577,,,,"",,,,"",,,,"",,,,"",,,,"",,,,"",,,,"",,,,"",,,,,,,,,,,,,,,,,,,,,,,,,,,,,,,,,,,,,,,,,,,,,,,,,,,,,,,,,,"",0,,,,,0,"",,,,0,""
27,,2,1,0,3,0,1,0,0,0,0,255,255,255,7,958.222,"Floră",R,13,72,99,0.81,-1.451,0.6,1.574,0.931,1.274,-36.341,53.834,0,100,0,2,-289.613,382.688,-2.102,0,0,3,"=","=","=","=","=","=","=","","",1,R,"P0TA0",190,96,0.502,3,44,W,Y,1,959.435,123,175,130,107,81,138,83,-48.114,39.438,0.183,0.56,-21.022,-0.99,0,0.283,136.694,-107.79,-220.764,959.484,-0.186,-21.471,961.85,2,-17.898,0.695,-43.013,0,0,,,,,,,,,,,,,,,963.246,3,,147,0,,,,,,,,,,,962.767,2,,,,,,,-0.004,-37.401,0.035,-18.067,-22.654,-48.428,-12.873,-64.118,20.259,-51.299,9.218,-63.11,40.915,-90.664,0,-109.85,-40.815,-90.564,-0.047,-36.644,,"인생최패망자",0.022,-18.108,,"아침땅_",-22.563,-48.382,87,"_송글_",-12.854,-64.03,,"Yaksok~",20.268,-51.301,,"_Chun",9.442,-62.551,,"AI",40.9,-90.65,,"AI",0,-109.84,,"AI",-40.8,-90.55,,964.941,-1.864,-37.071,,,,961.707,-18.671,-43.695,,,,,,,,,,,,,,,,,,,,,,,,,963.992,-17.751,-39.621,,,,,,,,,,,,,,,,,,,"",2,0,0,0,-2,0,"아침땅_",,,,40,""
28,,2,1,0,3,0,0,1,0,0,0,255,255,255,8,982.965,"Floră",R,33,80,130,-0.243,0.959,0.323,1.417,0.105,1.223,-36.341,47.497,0,100,0,2,140.893,15.982,1.455,0,0,4,"=","=","=","=","=","=","=","","",4,R,"MODECO",190,85,0.445,3,71,W,Y,1,984.067,187,120,92,70,46,145,130,27.52,18.583,0.121,0.758,-20.174,0.49,0,0.462,265.827,155.643,50.592,989.484,-41.925,-130.326,,,,,,0,0,,989.978,995.198,1001.001,1007.252,,,,,,,,,,,,,,,,,,,,,,,,,,,,,,,,,-0.159,-37.439,0.065,-18.041,-22.516,-48.481,-13.381,-64.521,19.972,-50.948,9.15,-64.763,40.922,-90.671,0,-109.86,-40.822,-90.571,-0.043,-36.692,,"인생최패망자",0.008,-18.084,,"아침땅_",-22.469,-48.478,,"_송글_",-13.533,-64.298,,"Yaksok~",19.99,-50.945,,"_Chun",9.33,-64.694,,"AI",40.9,-90.65,,"AI",0,-109.84,,"AI",-40.8,-90.55,,,,,,,,,,,,,,,,,,,,,,,,,,,,,,,,,,,,,,,,,,,,,,,,,,,,,,,,"",4,0,0,0,-2,0,"",995.198,1001.001,,0,""
29,,2,1,1,3,0,0,1,0,0,0,255,255,255,9,1025.776,"Floră",R,3,66,97,1.471,-0.072,0.514,1.592,1.297,1.59,-36.341,66.771,0,100,0,0,-361.394,0,1.328,0,0,5,"=","=","=","=","=","=","=","","",6,L,"Kr_Luna",190,95.432,0.496,,68,W,Y,0,,,,,,,,,,,,,,,,,,,,,,,,,,,,0,0,,,,,,,,,,,,,,,,,,,,,,,,,,,,,,,,,,,,,,-0.245,-38.01,0.037,-18.06,-22.229,-48.646,-12.375,-64.602,20.279,-50.427,11.353,-61.875,40.915,-90.664,0,-109.86,-40.815,-90.564,,,,"",,,,"",,,,"",,,,"",,,,"",,,,"",,,,"",,,,"",,,,,,,,,,,,,,,,,,,,,,,,,,,,,,,,,,,,,,,,,,,,,,,,,,,,,,,,,,"",0,,,,,0,"",,,,0,""
30,,2,1,1,3,0,1,1,0,0,0,255,255,255,10,1043.695,"Floră",R,0,68,107,2.345,-0.075,0.42,1.683,1.048,1.573,-36.341,67.829,0,100,0,4,-21.073,0,0.38,0,0,5,"=","=","=","=","=","=","=","","",6,L,"Kr_Luna",190,95.432,0.496,,68,W,Y,0,,,,,,,,,,,,,,,,,,,,,,,,,,,,0,0,,,,,,,,,,,,,,,,,,,,,,,,,,,,,,,,,,,,,,-0.242,-37.201,0.013,-18.163,-22.389,-48.671,-12.749,-65.089,20.38,-50.517,12.356,-63.741,40.915,-90.664,0,-109.85,-40.815,-90.564,,,,"",,,,"",,,,"",,,,"",,,,"",,,,"",,,,"",,,,"",,,,,,,,,,,,,,,,,,,,,,,,,,,,,,,,,,,,,,,,,,,,,,,,,,,,,,,,,,"",0,,,,,0,"",,,,0,""
31,,2,1,1,3,0,2,1,0,0,0,255,255,255,11,1059.244,"Floră",R,1,66,106,0.782,-0.619,0.328,1.559,0.299,1.673,-36.341,47.064,0,100,0,2,3.206,-3.773,-18.727,0,0,5,"=","=","=","=","=","=","=","","",6,L,"Kr_Luna",190,95.432,0.496,3,68,W,Y,0,1060.203,177,116,128,102,61,145,87,-30,41.172,0.156,0.833,-20.82,1,0,0.079,-263.977,99.823,340.109,1060.234,-0.989,-22.128,1062.242,2,-19.18,0.131,-42.81,0,0,,,,,,,,,,,,,,,1063.628,5,,147,0,,,,,,,,,,,1063.128,2,,,,,,,-0.186,-37.274,0.087,-18.15,-22.536,-48.892,-13.041,-64.679,20.42,-50.6,13.177,-64.353,40.915,-90.664,0,-109.85,-40.815,-90.564,-0.279,-36.538,,"인생최패망자",0.085,-18.147,,"아침땅_",-22.345,-48.68,74,"_송글_",-13.029,-64.646,,"Yaksok~",20.424,-50.603,,"_Chun",13.152,-64.308,,"AI",40.9,-90.65,,"AI",0,-109.84,,"AI",-40.8,-90.55,,1066.285,-1.4,-37.682,,,,1062.131,-20.241,-44.082,,,,,,,,,,,,,,,,,,,,,,,,,1065.412,-13.391,-39.776,,,,,,,,,,,,,,,,,,,"",2,0,0,0,-2,0,"아침땅_",,,,40,""
32,,2,1,1,3,0,2,1,0,0,0,255,255,255,12,1091.518,"Floră",R,0,55,97,3.019,-0.035,0.443,1.576,1.302,1.614,-36.341,67.07,0,100,0,4,0,0,-4.863,0,0,5,"=","=","=","=","=","=","=","","",6,L,"Kr_Luna",190,95.432,0.496,,69,W,Y,0,,,,,,,,,,,,,,,,,,,,,,,,,,,,0,0,,,,,,,,,,,,,,,1094.154,5,,578,0,,,,,,,,,,,,,,,,,,,-0.22,-37.228,0.063,-18.134,-21.946,-47.88,-13.139,-64.987,20.685,-49.766,13.888,-64.437,40.929,-90.677,0,-109.87,-40.83,-90.577,,,,"",,,,"",,,,"",,,,"",,,,"",,,,"",,,,"",,,,"",,,,1098.425,-0.183,-36.306,,,,,,,,,,,,,,,,,,,,,,,,,,,,,,,,,,,,,,,,,,,,,,,,,,,,"",0,,,,,0,"",,,,0,""
33,,2,1,1,3,0,0,2,0,0,0,255,255,255,13,1111.345,"Floră",R,0,53,95,1.272,0.744,0.402,1.742,0.542,2.102,-36.341,54.584,0,100,0,2,0,0,-11.704,0,0,6,"=","=","=","=","=","=","=","","",0,R,"ke ro",190,80,0.396,5,69,W,Y,1,1112.517,150,160,57,55,50,136,128,113.769,-21.418,0.235,1.301,-20.394,0.31,0,0.599,550.53,86.656,155.708,,,,,,,,,0,0,,,,,,,,,,,,,,,,,,,,,,,,,,,,,,,,,,,,,,-0.206,-38,0.086,-18.009,-22.681,-48.72,-13.772,-64.682,19.788,-50.407,12.959,-65.04,40.915,-90.664,0,-109.85,-40.815,-90.564,-0.292,-36.514,,"인생최패망자",0.064,-18.003,,"아침땅_",-22.615,-48.685,,"_송글_",-13.681,-64.546,,"Yaksok~",19.781,-50.392,,"_Chun",13.022,-64.967,,"AI",40.9,-90.65,,"AI",0,-109.84,,"AI",-40.8,-90.55,,,,,,,,,,,,,,,,,,,,,,,,,,,,,,,,,,,,,,,,,,,,,,,,,,,,,,,,"",3,-20.818,175.016,-7.971,0,0,"",,,,0,""
34,,2,1,1,3,0,1,2,0,0,0,255,255,255,14,1130.113,"Floră",R,33,86,139,-0.786,-0.701,0.185,1.599,-0.533,1.164,-36.341,20.853,0,100,0,2,138.819,-1.398,3.723,0,0,6,"=","=","=","=","=","=","=","","",0,R,"ke ro",190,80,0.396,0,69,W,Y,1,1131.17,131,123,62,50,0,136,107,-30,11.786,-0.152,0.707,-19.832,0.04,0,0.493,-217.243,-89.959,108.14,1131.25,-0.384,-20.947,1133.492,3,-8.667,0.634,-60.819,0,0,,,,,,,,,,,,,,,1135.622,6,,147,16,,,,,,,,,,,,,,,,,,,-0.03,-37.265,0.055,-17.841,-22.758,-48.452,-13.374,-64.871,19.761,-50.389,12.602,-64.472,40.907,-90.657,0,-109.85,-40.807,-90.557,0.038,-36.654,,"인생최패망자",0.008,-17.833,,"아침땅_",-22.687,-48.427,,"_송글_",-13.527,-64.648,99,"Yaksok~",19.765,-50.385,,"_Chun",12.68,-64.522,,"AI",40.9,-90.65,,"AI",0,-109.84,,"AI",-40.8,-90.55,,,,,,,,1135.131,-18.785,-40.28,1133.371,-8.861,-61.983,,,,,,,,,,,,,,,,,,,,,,,,,1134.087,-10.261,-57.668,,,,,,,,,,,,,,,,"",2,0,0,0,-2,0,"_송글_",,,,24,""
35,SIDE,2,1,1,3,0,1,2,0,0,0,255,255,255,,1137.184,,,,,,,,,,,,,,,,,,,,,,,6,"=","=","=","=","=","=","=","","",,,,,,,,,,,,,,,,,,,,,,,,,,,,,,,,,,,,,,,0,0,,,,,,,,,,,,,,,,,,,,,,,,,,,,,,,,,,,,,,,,,,,,,,,,,,,,,,,,,,,,,,,,,,,,,,,,,,,,,,,,,,,,,,,,,,,,,,,,,,,,,,,,,,,,,,,,,,,,,,,,,,,,,,,,,,,,,,,,,,,,,,,,,"",0,,,,,0,"",,,,0,""
36,,2,0,1,3,0,0,0,0,0,0,255,255,255,17,1185.095,"ke ro",R,26,83,134,1.706,0.022,0.348,1.63,0.788,1.453,-36.626,26.475,100,0,0,2,-38.68,-186.295,9.475,0,0,1,"Yaksok~","인생최패망자","_Chun","아침땅_","_송글_","Floră","","","",1,R,"인생최패망자",190,80,0.346,3,69,W,Y,1,1186.129,241,185,171,113,43,145,87,48.279,-5.92,0.316,1.041,-20.636,-1,0,0.294,448.244,42.262,387.886,,,,1191.892,5,3.36,4.058,-76.547,0,0,,1191.802,,,,,,,,,,,,,1191.804,1,,454,0,,,,,,,,,,,,,,,,,,,-0.008,-38.13,0.098,-16.739,-18.18,-43.392,-11.811,-64.657,17.611,-44.967,11.965,-63.107,36.911,-86.511,0,-109.86,-40.837,-90.584,0.256,-38.047,,"P0TA0",0.066,-16.806,,"encounter v",-17.99,-43.198,,"시즈카_Shizuka",-9.801,-64.019,,"MODECO",17.532,-44.924,,"Yes_Man_",11.703,-63.224,89,"Kr_Luna",36.726,-87.634,,"AI",0,-109.84,,"AI",-40.8,-90.55,,1196.113,0.296,-38.785,,,,,,,,,,,,,1191.812,3.185,-76.512,,,,,,,,,,,,,,,,,,,,,,,,,1194.682,2.931,-64.825,,,,,,,,,,"",1,0,0,0,-2,0,"Yes_Man_",,,,65,""
37,,2,0,1,3,0,0,1,0,0,0,255,255,255,18,1212.485,"ke ro",R,26,88,140,-0.778,-0.266,0.108,1.449,-0.427,1.254,-36.626,5.107,57,43,0,0,65.562,-200,34.978,0,0,2,"=","=","=","=","=","=","","","",5,L,"_Chun",160,80,0.445,,68,W,Y,1,,,,,,,,,,,,,,,,,,,,,,,,,,,,0,0,,,,,,,,,,,,,,,,,,,,,,,,,,,,,,,,,,,,,,0.045,-37.979,0.13,-16.691,-14.646,-39.803,-8.271,-65.793,16.185,-39.317,11.617,-64.758,32.439,-94.197,0,-109.86,-40.822,-90.571,,,,"",,,,"",,,,"",,,,"",,,,"",,,,"",,,,"",,,,"",,,,1217.522,0.099,-37.2,,,,,,,,,,,,,,,,,,,,,,,,,,,,,,,,,,,,,,,,,,,,,,,,,,,,"",0,,,,,0,"",,,,0,""
38,,2,0,1,3,0,1,1,0,0,0,255,255,255,19,1228.361,"ke ro",R,26,78,128,2.243,3.084,0.392,1.984,0.859,2.992,-36.626,40.493,97,3,0,1,69.524,-200,8.292,0,0,2,"=","=","=","=","=","=","","","",5,L,"_Chun",160,80,0.445,,68,W,Y,0,,,,,,,,,,,,,,,,,,,,,,,,,,,,0,0,,,,,,,,,,,,,,,,,,,,,,,,,,,,,,,,,,,,,,0.091,-38.026,0.07,-16.935,-17.273,-39.953,-9.059,-53.094,15.295,-38.442,6.29,-57.249,32.312,-94.322,0,-109.85,-40.815,-90.564,,,,"",,,,"",,,,"",,,,"",,,,"",,,,"",,,,"",,,,"",,,,1236.489,0.117,-37.077,,,,,,,,,,,,,,,,,,,,,,,,,,,,,,,,,,,,,,,,,,,,,,,,,,,,"",0,,,,,0,"",,,,0,""
39,,2,0,1,3,0,2,1,0,0,0,255,255,255,20,1248.525,"ke ro",R,14,73,112,3.032,0.168,0.337,1.729,0.537,2.083,-36.626,23.264,100,0,0,2,427.22,259.776,21.003,0,0,2,"=","=","=","=","=","=","","","",5,L,"_Chun",160,80,0.445,0,68,W,Y,1,1249.555,207,168,61,84,59,138,123,31.544,-11.48,0.546,1.032,-20.508,0.66,0,0.422,582.156,-47.684,9.579,1255.667,24.974,-130.955,1256.834,7,22.789,0.502,-129.729,1,0,,1254.671,1258.979,,,,,,,,,,,,,,,,,,,,,,,,,,,,,,,,,,,0.129,-38.066,0.101,-16.883,-17.085,-42.083,-8.51,-65.514,17.616,-41.36,11.729,-60.808,32.815,-94.018,0,-109.86,-40.815,-90.564,0.21,-37.97,,"P0TA0",0.095,-16.915,,"encounter v",-17.046,-42.096,,"시즈카_Shizuka",-8.033,-65.343,85,"MODECO",17.666,-41.369,,"Yes_Man_",12.899,-60.049,,"Kr_Luna",36.16,-91.969,,"AI",0,-109.84,,"AI",-40.8,-90.55,,1264.936,0.381,-38.66,,,,,,,1261.602,0.239,-59.805,,,,,,,,,,,,,,,,,,,,,,,,,1263.798,-0.312,-57.542,,,,,,,,,,,,,,,,"",2,0,0,0,-2,0,"AI",1258.979,,,66,""
40,,2,0,1,3,0,0,1,0,1,0,255,15,255,21,1280.442,"ke ro",R,26,87,140,1.497,0.072,0.345,1.631,0.677,1.464,-36.626,25.327,56,44,0,1,-25.956,-200,9.152,0,0,3,"=","=","=","=","=","=","","","",2,R,"아침땅_",180.1,99.936,0.502,,68,W,Y,0,,,,,,,,,,,,,,,,,,,,,,,,,,,,0,0,,,,,,,,,,,,,,,,,,,,,,,,,,,,,,,,,,,,,,0.138,-38.352,0.025,-16.928,-17.16,-41.93,-14.134,-60.082,17.936,-44.243,0.446,-59.502,33.764,-87.339,0,-109.86,-40.822,-90.57,,,,"",,,,"",,,,"",,,,"",,,,"",,,,"",,,,"",,,,"",,,,1285.79,-0.064,-37.158,,,,,,,,,,,,,,,,,,,,,,,,,,,,,,,,,,,,,,,,,,,,,,,,,,,,"",0,,,,,0,"",1281.875,,,0,""
41,,2,0,1,3,1,0,1,0,1,0,255,15,255,22,1297.938,"ke ro",R,26,85,138,1.347,0.122,0.319,1.613,0.647,1.491,-36.626,23.001,59,41,0,0,-50.418,-200,7.322,0,0,3,"=","=","=","=","=","=","","","",2,R,"아침땅_",180.1,99.936,0.502,,68,W,Y,0,,,,,,,,,,,,,,,,,,,,,,,,,,,,0,0,,,,,,,,,,,,,1298.223,,,,,,,,,,,,,,,,,,,,,,,,,0.054,-38.098,0.128,-16.845,-17.109,-41.845,-14.17,-62.231,17.709,-44.253,4.303,-62.808,32.973,-87.918,0,-109.86,-40.815,-90.564,,,,"",,,,"",,,,"",,,,"",,,,"",,,,"",,,,"",,,,"",,,,1303.186,-0.099,-37.069,,,,,,,,,,,,,,,,,,,,,,,,,,,,,,,,,,,,,,,,,,,,,,,,,,,,"",0,,,,,0,"",1300.736,,,0,""
42,,2,0,1,3,1,1,1,0,1,0,255,15,255,23,1315.537,"ke ro",R,6,75,115,2.322,-0.036,0.271,1.666,0.23,1.77,-36.626,19.9,100,0,0,2,437.083,139.4,32.281,0,0,3,"=","=","=","=","=","=","","","",2,R,"아침땅_",180.1,99.936,0.502,0,68,W,Y,1,1316.547,72,82,61,93,41,108,70,-4.275,-28.752,0.421,0.968,-20.558,-0.93,0.048,0.507,18.432,-286.274,33.484,1317.025,4.39,-27.646,1318.425,4,12.281,0.06,-42.064,0,0,,,,,,,,,,,,,1338.384,,1321.461,3,,147,16,,,,,,,,,,,,,,,,,,,0.079,-38.069,0.092,-16.808,-17.039,-41.794,-14.289,-61.943,17.442,-43.706,6.09,-62.881,33.089,-87.861,0,-109.86,-40.815,-90.564,0.246,-37.973,,"P0TA0",0.053,-17.004,,"encounter v",-17.027,-41.822,59,"시즈카_Shizuka",-12.749,-62.486,,"MODECO",17.352,-43.734,91,"Yes_Man_",5.923,-62.771,,"Kr_Luna",32.981,-88.045,,"AI",0,-109.84,,"AI",-40.8,-90.55,,1325.235,-0.617,-38.41,,,,1320.807,-17.284,-39.702,,,,1318.414,12.878,-42.802,,,,,,,,,,,,,,,,,,,1323.943,-14.794,-41.089,,,,1319.465,8.469,-43.405,,,,,,,,,,,,,"",2,0,0,0,-2,0,"MODECO",1319.672,,,84,""
43,,2,0,1,3,0,0,2,0,1,0,255,15,255,24,1341.948,"ke ro",R,12,72,122,0.825,0.467,0.306,1.733,0.35,1.963,-36.626,32.428,100,0,0,2,0,79.089,4.499,0,0,4,"=","=","=","=","=","=","","","",3,R,"_송글_",175.4,91.844,0.315,5,68,W,Y,1,1342.93,162,83,100,71,29,145,96,44.821,-20.03,0.152,1.092,-20.406,-0.4,0,0.58,76.528,213.696,189.472,,,,1348.525,6,19.418,2.979,-86.561,0,0,,1349.386,,,,,,,1347.448,,,,1342.874,,1348.616,4,,455,0,,,,,,,,,,,,,,,,,,,0.012,-38.04,0.114,-16.681,-16.782,-42.041,-13.766,-61.327,17.83,-44.551,5.3,-63.427,32.581,-85.807,0,-109.86,-40.822,-90.571,0.032,-38.161,,"P0TA0",0.092,-16.755,,"encounter v",-16.71,-42.021,,"시즈카_Shizuka",-13.247,-59.853,,"MODECO",17.976,-44.392,,"Yes_Man_",6.626,-63.102,,"Kr_Luna",31.937,-86.934,,"AI",0,-109.84,,"AI",-40.8,-90.55,,,,,,,,,,,,,,,,,,,,1348.627,19.622,-86.957,,,,,,,,,,,,,,,,,,,,,,,,,,,,,,,,,,"",1,-19.487,52.203,-1.81,0,0,"Kr_Luna",,1347.448,,32,""
44,SIDE,2,0,1,3,0,0,2,0,1,0,255,15,255,,1349.751,,,,,,,,,,,,,,,,,,,,,,,5,"=","=","=","=","=","=","","","",,,,,,,,,,,,,,,,,,,,,,,,,,,,,,,,,,,,,,,0,0,,,,,,,,,,,,,,,,,,,,,,,,,,,,,,,,,,,,,,,,,,,,,,,,,,,,,,,,,,,,,,,,,,,,,,,,,,,,,,,,,,,,,,,,,,,,,,,,,,,,,,,,,,,,,,,,,,,,,,,,,,,,,,,,,,,,,,,,,,,,,,,,,"",0,,,,,0,"",,,,0,""
45,,3,1,1,3,0,0,0,0,0,0,255,255,255,15,1377.941,"Floră",R,13,75,102,-1.728,-1.498,0.293,1.558,-0.021,1.205,-36.341,49.69,0,100,0,1,-373.761,295.855,0.518,-0.526,-17.968,0,"Yes_Man_","시즈카_Shizuka","encounter v","P0TA0","MODECO","Kr_Luna","ke ro","","",5,R,"Yes_Man_",175,85.251,0.499,,68,W,Y,0,,,,,,,,,,,,,,,,,,,,,,,,,,,,0,0,,,,,,,,,,,,,,,,,,,,,,,,,,,,,,,,,,,,,,-0.239,-37.502,0.053,-17.838,-22.79,-48.578,-14.727,-62.472,18.802,-48.855,12.644,-64.389,40.922,-90.671,0,-109.87,-40.822,-90.571,,,,"",,,,"",,,,"",,,,"",,,,"",,,,"",,,,"",,,,"",,,,,,,,,,,,,,,,,,,,,,,,,,,,,,,,,,,,,,,,,,,,,,,,,,,,,,,,,,"",0,,,,,0,"",,,,0,""
46,,3,1,1,3,1,0,0,0,0,0,255,255,255,16,1393.009,"Floră",R,3,78,119,-2.162,-0.726,0.343,1.55,0.202,0.949,-36.341,53.882,0,100,0,2,-376.662,0,-1.355,0,0,0,"=","=","=","=","=","=","=","","",5,R,"Yes_Man_",175,85.251,0.499,0,68,W,Y,1,1394.107,188,95,65,62,50,139,131,3.744,7.759,-0.153,0.57,-20.447,0.4,0,0.576,76.975,49.713,4.84,1395.525,-6.235,-63.929,1400.5,7,-17.499,0.075,-132.114,1,0,,1399.696,1404.018,,,,,,,,,,,,,,,,,,,,,,,,,,,,,,,,,,,-0.218,-37.606,0.124,-17.821,-22.784,-48.636,-15.009,-63.28,19.077,-49.533,12.8,-64.314,40.915,-90.664,0,-109.85,-40.815,-90.564,-0.19,-36.636,,"인생최패망자",0.06,-17.842,,"아침땅_",-22.719,-48.606,,"_송글_",-14.974,-63.263,,"Yaksok~",19.102,-49.587,,"_Chun",12.549,-64.369,76,"AI",40.9,-90.65,,"AI",0,-109.85,,"AI",-40.8,-90.55,,1409.455,-0.242,-38.154,,,,,,,,,,,,,1405.038,-2.016,-65.122,,,,,,,,,,,,,,,,,,,,,,,,,1408.077,3.235,-58.324,,,,,,,,,,"",2,0,0,0,-2,0,"AI",1404.018,,,36,""
47,,3,1,1,3,0,0,0,0,1,0,255,5,255,17,1424.918,"Floră",R,33,84,136,-1.079,-0.295,0.162,1.487,-0.644,1.431,-36.341,23.551,0,100,0,2,124.103,-3.871,2.63,0,0,1,"=","=","=","=","=","=","=","","",3,R,"시즈카_Shizuka",175,88.299,0.497,3,68,W,Y,1,1426.035,221,48,109,59,32,145,127,100.409,-79.441,-0.213,0.774,-19.4,0.41,0,0.773,149.619,573.385,-83.077,,,,,,,,,0,0,,,,,,,,,,,,,1425.963,,,,,,,,,,,,,,,,,,,,,,,,,-0.098,-37.4,0.071,-17.846,-22.58,-48.584,-15.268,-62.991,18.684,-48.379,2.723,-62.309,40.9,-90.65,0,-109.84,-40.8,-90.55,0.168,-36.638,,"인생최패망자",0.013,-17.838,,"아침땅_",-22.552,-48.57,,"_송글_",-13.916,-63.367,,"Yaksok~",18.697,-48.377,,"_Chun",6.108,-62.314,,"AI",40.904,-90.653,,"AI",0,-109.844,,"AI",-40.804,-90.553,,,,,,,,,,,,,,,,,,,,,,,,,,,,,,,,,,,,,,,,,,,,,,,,,,,,,,,,"",3,0,0,0,-2,0,"",1428.61,,,0,""
48,,3,1,1,3,0,1,0,0,1,0,255,5,255,18,1446.733,"Floră",R,0,54,96,2.161,-0.876,0.441,1.406,0.928,1.128,-36.341,64.584,0,100,0,4,0,0,1.618,0,0,1,"=","=","=","=","=","=","=","","",3,R,"시즈카_Shizuka",175,88.299,0.497,,68,W,Y,1,,,,,,,,,,,,,,,,,,,,,,,,,,,,0,0,,,,,,,,,,,,,1464.642,,,,,,,,,,,,,,,,,,,,,,,,,-0.199,-37.336,0.088,-17.901,-22.603,-48.107,-14.515,-64.165,19.087,-49.51,5.6,-63.307,40.9,-90.65,0,-109.84,-40.8,-90.55,,,,"",,,,"",,,,"",,,,"",,,,"",,,,"",,,,"",,,,"",,,,,,,,,,,,,,,,,,,,,,,,,,,,,,,,,,,,,,,,,,,,,,,,,,,,,,,,,,"",0,,,,,0,"",1449.597,,,0,""
49,,3,1,1,3,0,2,0,0,1,0,255,5,255,19,1464.846,"Floră",R,3,73,103,-1.292,-0.738,0.35,1.562,0.156,1.212,-36.341,46.419,0,100,0,0,-374.423,11.487,4.93,0,0,1,"=","=","=","=","=","=","=","","",3,R,"시즈카_Shizuka",175,88.299,0.497,,68,W,Y,1,,,,,,,,,,,,,,,,,,,,,,,,,,,,0,0,,,,,1469.383,,,,,,,,1484.512,,1467.676,1,,578,0,,,,,,,,,,,,,,,,,,,-0.136,-37.464,0.1,-17.923,-22.524,-48.156,-14.056,-64.289,19.177,-49.639,2.109,-63.832,40.9,-90.65,0,-109.84,-40.8,-90.55,,,,"",,,,"",,,,"",,,,"",,,,"",,,,"",,,,"",,,,"",,,,,,,,,,,,,,,,,,,,,,,,,,,,,,,,,,,,,,,,,,,,,,,,,,,,,,,,,,"",0,,,,,0,"",1467.525,,,0,""
50,,3,1,1,3,0,0,1,0,1,0,255,5,255,20,1485.039,"Floră",R,0,62,102,2.771,-0.713,0.439,1.497,1.194,1.146,-36.341,62.047,0,100,0,4,0,-31.745,0.529,0,0,2,"=","=","=","=","=","=","=","","",2,L,"encounter v",190,83.037,0.46,,68,W,Y,1,,,,,,,,,,,,,,,,,,,,,,,,,,,,0,0,,,,,,,,,,,,,1494.553,,,,,,,,,,,,,,,,,,,,,,,,,-0.16,-37.481,0.067,-17.877,-21.799,-49.986,-13.496,-64.771,20.56,-49.545,12.365,-64.137,40.9,-90.65,0,-109.84,-40.8,-90.55,,,,"",,,,"",,,,"",,,,"",,,,"",,,,"",,,,"",,,,"",,,,,,,,,,,,,,,,,,,,,,,,,,,,,,,,,,,,,,,,,,,,,,,,,,,,,,,,,,"",0,,,,,0,"",1487.752,,,0,""
51,,3,1,1,3,0,1,1,0,1,0,255,5,255,21,1497.556,"Floră",R,3,71,99,-0.794,-0.753,0.463,1.522,0.506,1.161,-36.341,33.004,0,100,0,2,-421.041,0,13.437,0,0,2,"=","=","=","=","=","=","=","","",2,L,"encounter v",190,83.037,0.46,5,68,W,Y,1,1498.575,220,206,126,130,136,145,131,-30,-62.733,-0.056,0.848,-21.607,0.62,0,0.582,3.979,-86.831,584.459,1498.709,1.159,-22.233,,,,,,0,0,,,,,,,,,,,,,1514.037,,,,,,,,,,,,,,,,,,,,,,,,,-0.023,-37.511,0.094,-17.925,-21.855,-50.02,-7.579,-63.942,20.286,-49.241,12.804,-63.751,40.9,-90.65,0,-109.84,-40.8,-90.55,0.107,-36.803,,"인생최패망자",0.104,-17.934,,"아침땅_",-21.721,-49.914,,"_송글_",-7.743,-63.284,,"Yaksok~",20.306,-49.366,,"_Chun",12.631,-63.431,,"AI",40.903,-90.653,,"AI",0,-109.844,,"AI",-40.803,-90.553,,,,,,,,,,,,,,,,,,,,,,,,,,,,,,,,,,,,,,,,,,,,,,,,,,,,,,,,"",3,120.876,-172.903,41.45,0,0,"",1503.669,,,0,""
52,,3,1,1,3,0,2,1,0,1,0,255,5,255,22,1520.32,"Floră",R,33,81,132,14.37,-0.959,0.134,1.534,-0.771,1.601,-36.341,39.58,0,100,0,2,119.35,-27.083,2.028,0,0,2,"=","=","=","=","=","=","=","","",2,L,"encounter v",190,83.037,0.46,0,68,W,Y,1,1521.207,159,140,133,92,23,145,103,106.605,63.874,-0.107,0.962,-20.225,-0.46,0,0.329,25.189,-418.459,373.807,1527.934,52.597,15.884,,,,,,0,0,,,,,,,,,,,,,1520.615,,,,,,,,,,,,,,,,,,,,,,,,,-0.253,-37.351,0.073,-18.059,-21.122,-49.499,-5.156,-62.254,20.576,-49.406,13.366,-63.724,40.9,-90.65,0,-109.84,-40.8,-90.55,-0.265,-36.799,,"인생최패망자",-0.107,-18.022,,"아침땅_",-21.155,-49.384,,"_송글_",-11.04,-61.67,,"Yaksok~",20.242,-49.588,,"_Chun",13.499,-63.68,,"AI",40.903,-90.653,,"AI",0,-109.844,,"AI",-40.803,-90.553,,,,,,,,,,,,,,,,,,,,,,,,,,,,,,,,,,,,,,,,,,,,,,,,,,,,,,,,"",3,0,0,0,-2,0,"",1526.91,,,0,""
53,,3,1,1,3,0,2,1,0,1,0,255,5,255,23,1538.614,"Floră",R,15,60,93,3.115,0.837,0.471,1.579,1.343,1.672,-36.341,65.469,0,100,0,2,0,-400,1.281,0,0,2,"=","=","=","=","=","=","=","","",2,L,"encounter v",190,83.037,0.46,5,68,W,Y,1,1539.815,230,201,95,123,69,145,89,110.944,84.476,0.583,1.403,-21.233,1,0,0.491,16.265,37.244,-598.622,1545.75,40.947,-18.142,,,,,,0,0,,,,,,,,,,,,,1538.892,,,,,,,,,,,,,,,,,,,,,,,,,-0.204,-37.652,0.107,-18.006,-21.258,-49.212,-9.697,-63.726,19.995,-49.227,13.983,-63.739,40.9,-90.65,0,-109.84,-40.8,-90.55,-0.383,-36.638,,"인생최패망자",0.285,-18.072,,"아침땅_",-21.115,-49.248,,"_송글_",-11.438,-62.967,,"Yaksok~",20.088,-49.803,,"_Chun",13.949,-63.648,,"AI",40.904,-90.654,,"AI",0,-109.844,,"AI",-40.804,-90.554,,,,,,,,,,,,,,,,,,,,,,,,,,,,,,,,,,,,,,,,,,,,,,,,,,,,,,,,"",3,84.097,180,8.952,0,0,"",1545.758,,,0,""
54,,3,1,1,3,0,2,1,0,1,0,255,5,255,24,1559,"Floră",R,11,66,102,0.091,-1.25,0.227,1.566,0.033,1.094,-36.341,51.592,0,100,0,2,-0.029,181.711,1.341,0,0,2,"=","=","=","=","=","=","=","","",2,L,"encounter v",190,83.037,0.46,3,68,W,Y,1,1560.102,133,233,86,144,66,139,83,-14.497,19.877,-0.04,0.519,-21.288,1,0,0.691,-590.571,33.67,100.462,1560.259,-0.634,-22.928,1562.234,6,-11.121,0.056,-58.393,1,4,,1565.678,1570.295,,,,,,1564.226,,,,,,1569.3,2,1,276,0,,,,,,,,,,,,,,,,,,,-0.314,-37.494,0.101,-18.079,-21.023,-49.344,-9.143,-63.188,20.402,-49.831,13.936,-63.192,40.9,-90.65,0,-109.84,-40.8,-90.55,-0.122,-36.927,,"인생최패망자",0.027,-18.092,,"아침땅_",-20.697,-49.637,,"_송글_",-11.129,-63.277,,"Yaksok~",20.404,-49.806,,"_Chun",13.902,-63.086,,"AI",40.904,-90.653,,"AI",0,-109.844,,"AI",-40.804,-90.553,,1575.871,0.222,-38.546,,,,,,,1562.215,-10.729,-56.431,,,,,,,,,,,,,,,,,,,,,,,,,,,,,,,,,,,,,,,,,,,"",2,0,0,0,-2,0,"Kr_Luna",1570.295,1564.226,,48,""
55,,3,1,1,3,0,0,2,0,0,1,255,255,5,25,1593.22,"Floră",R,3,78,104,-2.145,-1.184,0.282,1.395,-0.057,0.887,-36.341,39.739,0,100,0,4,-460.836,0,12.977,0,0,3,"=","=","=","=","=","=","=","","",1,R,"P0TA0",190,96,0.502,,67,W,Y,1,,,,,,,,,,,,,,,,,,,,,,,,,,,,0,0,,,,,,,,,,,,,,1594.18,,,,,,,,,,,,,,,,,,,,,,,,-0.182,-37.568,0.063,-18.004,-22.776,-48.72,-13.799,-62.783,19.393,-48.912,11.216,-63.017,40.9,-90.65,0,-109.84,-40.8,-90.55,,,,"",,,,"",,,,"",,,,"",,,,"",,,,"",,,,"",,,,"",,,,1598.024,-0.397,-36.662,,,,,,,,,,,,,,,,,,,,,,,,,,,,,,,,,,,,,,,,,,,,,,,,,,,,"",0,,,,,0,"",,1593.705,,0,""
56,,3,1,1,3,0,1,2,0,0,1,255,255,5,26,1608.383,"Floră",R,33,77,128,-0.717,-0.727,0.189,1.558,-0.515,1.032,-36.341,43.111,0,100,0,0,133.83,-124.905,2.719,0,0,3,"=","=","=","=","=","=","=","","",1,R,"P0TA0",190,96,0.502,,67,W,Y,1,,,,,,,,,,,,,,,,,,,,,,,,,,,,0,1,,,,,,,,,,,1613.505,,,,1613.104,0,3,306,0,,,,,,,,,,,,,,,,,,,-0.268,-37.332,0.103,-17.732,-22.749,-48.69,-13.489,-63.255,19.223,-46.185,11.127,-63.087,40.9,-90.65,0,-109.84,-40.8,-90.55,,,,"",,,,"",,,,"",,,,"",,,,"",,,,"",,,,"",,,,"",,,,,,,,,,,,,,,,,,,,,,,,,,,,,,,,,,,,,,,,,,,,,,,,,,,,,,,,,,"",0,,,,,0,"",,,1613.505,0,""
57,SIDE,3,1,1,3,0,2,2,0,0,0,255,255,255,,1614.886,,,,,,,,,,,,,,,,,,,,,,,3,"=","=","=","=","=","=","=","","",,,,,,,,,,,,,,,,,,,,,,,,,,,,,,,,,,,,,,,0,0,,,,,,,,,,,,,,,,,,,,,,,,,,,,,,,,,,,,,,,,,,,,,,,,,,,,,,,,,,,,,,,,,,,,,,,,,,,,,,,,,,,,,,,,,,,,,,,,,,,,,,,,,,,,,,,,,,,,,,,,,,,,,,,,,,,,,,,,,,,,,,,,,"",0,,,,,0,"",,,,0,""
58,,3,0,1,3,0,0,0,0,0,0,255,255,255,25,1662.145,"ke ro",R,26,88,140,-1.297,0.234,0.095,1.532,-0.491,1.589,-36.626,16.231,58,42,0,0,-57.277,-200,20.746,0,0,5,"Yaksok~","인생최패망자","_Chun","아침땅_","_송글_","Floră","","","",0,R,"Floră",190,85.304,0.403,,67,W,Y,1,,,,,,,,,,,,,,,,,,,,,,,,,,,,0,0,,,,,,,,,,,,,,,,,,,,,,,,,,,,,,,,,,,,,,-0.072,-38.01,0.062,-16.65,-18.689,-43.691,-15.8,-61.445,18.198,-46.7,9.936,-66.518,32.098,-87.649,0,-109.87,-40.83,-90.577,,,,"",,,,"",,,,"",,,,"",,,,"",,,,"",,,,"",,,,"",,,,,,,,,,,,,,,,,,,,,,,,,,,,,,,,,,,,,,,,,,,,,,,,,,,,,,,,,,"",0,,,,,0,"",,,,0,""
59,,3,0,1,3,0,1,0,0,0,0,255,255,255,26,1678.14,"ke ro",R,0,73,123,1.643,-0.208,0.317,1.688,0.531,1.748,-36.626,27.577,97,3,0,2,40.754,10.679,25.24,0,0,5,"=","=","=","=","=","=","","","",0,R,"Floră",190,85.304,0.403,3,67,W,Y,1,1679.656,156,81,137,99,63,145,93,48.283,16.792,0.233,1.169,-20.198,-0.69,0,0.375,524.711,276.653,-70.572,1685.65,-23.425,-81.593,1685.909,8,-22.663,2.952,-79.867,0,0,,,,,,,,,,,,,,,1685.769,5,,456,0,,,,,,,,,,,,,,,,,,,0.027,-38.026,0.069,-16.82,-18.669,-43.684,-14.785,-63.106,18.25,-46.634,12.03,-63.605,32.09,-87.647,0,-109.85,-40.815,-90.564,0.246,-38.124,,"P0TA0",0.032,-16.914,,"encounter v",-18.478,-43.51,,"시즈카_Shizuka",-14.597,-63.158,96,"MODECO",18.191,-46.642,,"Yes_Man_",10.248,-64.016,,"Kr_Luna",32.084,-87.652,,"AI",0,-109.84,,"AI",-40.8,-90.55,,1692.878,0.251,-38.924,,,,,,,1685.863,-22.89,-80.844,,,,,,,,,,,,,,,,,,,,,,,,,1691.386,-14.509,-64.915,,,,,,,,,,,,,,,,"",1,0,0,0,-2,0,"AI",,,,66,""
60,,3,0,1,3,0,0,1,0,0,0,255,255,255,27,1710.471,"ke ro",R,10,66,110,1.851,0.417,0.432,1.809,0.793,2.421,-36.626,32.239,100,0,0,2,0,400,11.317,0,0,0,"=","=","=","=","=","=","","","",4,R,"Yaksok~",172.8,80,0.328,5,67,W,Y,0,1711.463,119,128,83,37,4,137,80,-6.367,40.4,0.339,0.982,-19.818,-0.92,0,0.129,108.597,-25.13,-72.295,1711.792,-3.9,-24.803,1713.392,2,-17.732,0.058,-40.687,0,0,,,,,,,,,,,,,,,1714.771,0,,147,0,,,,,,,,,,,1714.093,2,,,,,,,0.152,-38.044,0.028,-16.798,-17.549,-42.984,-12.506,-62.195,18.495,-45.917,11.13,-62.328,32.703,-88.977,0,-109.86,-40.815,-90.564,0.34,-37.972,,"P0TA0",0.043,-16.812,,"encounter v",-17.391,-42.765,96,"시즈카_Shizuka",-12.465,-62.178,,"MODECO",18.481,-45.536,65,"Yes_Man_",10.838,-62.399,,"Kr_Luna",32.85,-88.85,,"AI",0,-109.84,,"AI",-40.8,-90.55,,1727.428,0.687,-38.005,,,,1713.269,-18.377,-41.532,,,,1717.831,17.871,-36.907,,,,,,,,,,,,,,,,,,,1716.006,-17.045,-40.189,,,,1726.69,10.502,-38.987,,,,,,,,,,,,,"",2,40.717,78.307,25.034,0,0,"encounter v",,,,84,""
61,,3,0,1,3,0,0,2,0,0,0,255,255,255,28,1741.433,"ke ro",R,10,81,121,0.776,-0.954,0.271,1.496,0.33,1.471,-36.626,13.505,58,42,0,2,0,400,11.886,0,0,1,"=","=","=","=","=","=","","","",1,R,"인생최패망자",190,80,0.346,0,67,W,Y,1,1742.514,255,99,135,116,42,145,133,-30,-20.129,0.239,0.645,-20.932,0.52,0,0.47,-338.984,22.662,-369.625,1742.6,0.609,-21.944,1744.067,4,14.104,3.014,-49.189,0,0,,,,,,,,,,,,,,,1747.187,1,,147,16,,,,,,,,,,,,,,,,,,,0.05,-38,0.09,-16.568,-18.432,-43.237,-12.419,-63.294,18.369,-47.02,10.096,-65.096,35.475,-95.752,0,-109.85,-40.815,-90.564,0.092,-38.006,,"P0TA0",0.053,-16.807,,"encounter v",-18.281,-43.072,98,"시즈카_Shizuka",-12.354,-63.307,,"MODECO",18.365,-46.286,94,"Yes_Man_",9.697,-65.154,,"Kr_Luna",35.455,-95.719,,"AI",0,-109.84,,"AI",-40.8,-90.55,,,,,,,,1746.553,-18.011,-40.029,,,,1744.041,14.791,-49.565,,,,,,,,,,,,,,,,,,,1747.997,-17.638,-39.999,,,,1745.106,10.415,-50.093,,,,,,,,,,,,,"",2,0,0,0,-2,0,"MODECO",,,,20,""
62,SIDE,3,0,1,3,0,0,2,0,0,0,255,255,255,,1748.53,,,,,,,,,,,,,,,,,,,,,,,2,"=","=","=","=","=","=","","","",,,,,,,,,,,,,,,,,,,,,,,,,,,,,,,,,,,,,,,0,0,,,,,,,,,,,,,,,,,,,,,,,,,,,,,,,,,,,,,,,,,,,,,,,,,,,,,,,,,,,,,,,,,,,,,,,,,,,,,,,,,,,,,,,,,,,,,,,,,,,,,,,,,,,,,,,,,,,,,,,,,,,,,,,,,,,,,,,,,,,,,,,,,"",0,,,,,0,"",,,,0,""
63,,4,1,1,3,0,0,0,0,0,0,255,255,255,27,1777.239,"Floră",R,3,71,99,-1.785,0.002,0.345,1.543,0.139,1.638,-36.341,31.778,0,100,0,1,-439.984,0,25.258,0,0,3,"Yes_Man_","시즈카_Shizuka","encounter v","P0TA0","MODECO","Kr_Luna","ke ro","","",1,R,"P0TA0",190,96,0.502,,43,W,Y,0,,,,,,,,,,,,,,,,,,,,,,,,,,,,0,0,,,,,,,,,,,,,,,,,,,,,,,,,,,,,,,,,,,,,,-0.085,-37.554,0.03,-17.861,-22.661,-48.667,-13.638,-63.978,19.719,-50.098,11.544,-63.192,40.93,-90.677,0,-109.87,-40.83,-90.577,,,,"",,,,"",,,,"",,,,"",,,,"",,,,"",,,,"",,,,"",,,,,,,,,,,,,,,,,,,,,,,,,,,,,,,,,,,,,,,,,,,,,,,,,,,,,,,,,,"",0,,,,,0,"",,,,0,""
64,,4,1,1,3,1,0,0,0,0,0,255,255,255,28,1790.895,"Floră",R,3,76,117,-1.035,-0.59,0.344,1.642,0.204,1.303,-36.341,44.664,0,100,0,0,-403.832,56.162,1.323,0,0,3,"=","=","=","=","=","=","=","","",1,R,"P0TA0",190,96,0.502,,43,W,Y,0,,,,,,,,,,,,,,,,,,,,,,,,,,,,0,0,,,,,,,,,,,,,,,,,,,,,,,,,,,,,,,,,,,,,,-0.126,-37.605,0.033,-17.743,-22.751,-48.614,-13.078,-63.886,20.097,-50.676,12.275,-63.732,40.915,-90.664,0,-109.85,-40.815,-90.564,,,,"",,,,"",,,,"",,,,"",,,,"",,,,"",,,,"",,,,"",,,,,,,,,,,,,,,,,,,,,,,,,,,,,,,,,,,,,,,,,,,,,,,,,,,,,,,,,,"",0,,,,,0,"",,,,0,""
65,,4,1,1,3,1,1,0,0,0,0,255,255,255,29,1802.45,"Floră",R,13,76,102,-2.107,-1.468,0.229,1.518,-0.221,1.152,-36.341,41.069,0,100,0,4,-356.073,320.224,2.256,0,0,3,"=","=","=","=","=","=","=","","",1,R,"P0TA0",190,96,0.502,,43,W,Y,1,,,,,,,,,,,,,,,,,,,,,,,,,,,,0,0,,,,,,,,,,,,,,,,,,,,,,,,,,,,,,,,,,,,,,-0.248,-37.48,0.051,-17.907,-22.84,-48.738,-13.371,-65.066,20.096,-50.656,11.174,-64.043,40.907,-90.657,0,-109.85,-40.807,-90.557,,,,"",,,,"",,,,"",,,,"",,,,"",,,,"",,,,"",,,,"",,,,,,,,,,,,,,,,,,,,,,,,,,,,,,,,,,,,,,,,,,,,,,,,,,,,,,,,,,"",0,,,,,0,"",,,,0,""
66,,4,1,1,3,1,2,0,0,0,0,255,255,255,30,1815.045,"Floră",R,33,83,135,0.153,0.236,0.274,1.574,-0.121,1.732,-36.341,34.872,0,100,0,0,130.358,-31.31,2.831,0,0,3,"=","=","=","=","=","=","=","","",1,R,"P0TA0",190,96,0.502,,43,W,Y,1,,,,,,,,,,,,,,,,,,,,,,,,,,,,0,0,,,,,,,,,,,,,,,1817.653,3,,578,0,,,,,,,,,,,,,,,,,,,-0.187,-37.298,0.048,-17.981,-22.895,-48.787,-12.924,-65.215,20.119,-50.641,11.025,-64.065,40.907,-90.657,0,-109.85,-40.807,-90.557,,,,"",,,,"",,,,"",,,,"",,,,"",,,,"",,,,"",,,,"",,,,,,,,,,,,,,,,,,,,,,,,,,,,,,,,,,,,,,,,,,,,,,,,,,,,,,,,,,"",0,,,,,0,"",,,,0,""
67,,4,1,1,3,0,0,1,0,0,0,255,255,255,31,1834.345,"Floră",R,4,79,125,0.72,-0.775,0.422,1.587,0.569,1.125,-36.341,51.128,0,100,0,2,-177.227,8.708,0.441,0,0,4,"=","=","=","=","=","=","=","","",4,R,"MODECO",190,85,0.445,3,67,W,Y,1,1835.472,162,134,119,105,68,145,87,29.229,43.891,0.139,0.743,-20.634,1,0,0.501,-69.862,-57.059,212.062,1838.959,-42.76,-65.951,1841.65,8,-58.56,0.06,-82.229,1,0,,1841.541,,,,,,,,,,,,,,,,,,,,,,,,,,,,,,,,,,,,-0.222,-37.484,0.05,-17.956,-22.728,-48.647,-12.459,-65.219,19.641,-50.987,8.232,-64.711,40.922,-90.67,0,-109.86,-40.822,-90.571,-0.063,-36.71,,"인생최패망자",0.042,-17.961,,"아침땅_",-22.689,-48.592,,"_송글_",-12.652,-64.996,,"Yaksok~",19.642,-50.988,,"_Chun",8.292,-64.648,82,"AI",40.9,-90.65,,"AI",0,-109.84,,"AI",-40.8,-90.55,,1849.441,-0.802,-38.285,,,,,,,,,,,,,1846.05,0.122,-58.954,,,,,,,,,,,,,,,,,,,,,,,,,1848.291,0.506,-57.641,,,,,,,,,,"",2,0,0,0,-2,0,"AI",,,,36,""
68,,4,1,1,3,0,0,1,1,0,0,4,255,255,32,1865.312,"Floră",R,13,73,100,-1.122,-0.77,0.36,1.539,0.187,1.63,-36.341,42.294,0,100,0,2,-337.53,334.887,11.482,0,0,5,"=","=","=","=","=","=","=","","",6,L,"Kr_Luna",190,95.432,0.496,3,67,W,Y,0,1866.31,171,83,114,114,64,145,87,18.918,-40.381,-0.15,0.838,-21.282,1,0,0.091,-343.526,-450.562,-197.442,,,,1868.334,4,22.671,3.079,-45.823,0,0,,,,,,,,,,,,1869.181,,,1868.271,5,,453,0,,,,,,,,,,,,,,,,,,,-0.173,-37.233,0.135,-18.066,-22.027,-46.363,-10.683,-62.477,19.389,-48.308,12.735,-62.559,40.922,-90.671,0,-109.86,-40.822,-90.571,-0.142,-36.657,,"인생최패망자",0.124,-18.074,,"아침땅_",-21.896,-46.764,85,"_송글_",-10.699,-62.46,,"Yaksok~",19.428,-48.355,103,"_Chun",12.841,-62.265,,"AI",40.9,-90.65,,"AI",0,-109.84,,"AI",-40.8,-90.55,,1874.719,-1.291,-38.302,,,,1870.899,-18.27,-40.536,,,,1868.276,23.206,-46.796,,,,,,,,,,,,,,,,,,,1873.673,-17.605,-40.289,,,,1868.987,21.845,-47.761,,,,,,,,,,,,,"",1,0,0,0,-2,0,"Yaksok~",,,,41,""
69,,4,1,1,3,0,0,2,1,0,0,4,255,255,33,1889.003,"Floră",R,13,75,102,-1.295,-1.526,0.341,1.503,0.128,1.121,-36.341,55.227,0,100,0,4,-354.581,322.145,-5.033,0,0,6,"=","=","=","=","=","=","=","","",0,R,"ke ro",190,80,0.396,,67,W,Y,1,,,,,,,,,,,,,,,,,,,,,,,,,,,,0,0,,,,,,,,,,,,1903.234,,,,,,,,,,,,,,,,,,1892.269,2,,,,,,,-0.405,-38.346,0.118,-17.976,-20.753,-41.254,-13.682,-64.83,20.838,-50.506,12.577,-63.322,40.922,-90.67,0,-109.86,-40.822,-90.57,,,,"",,,,"",,,,"",,,,"",,,,"",,,,"",,,,"",,,,"",,,,1895.992,-1.292,-38.105,,,,,,,,,,,,,,,,,,,,,,,,,,,,,,,,,,,,,,,,,,,,,,,,,,,,"",0,,,,,0,"",,,,0,""
70,,4,1,1,3,0,1,2,1,0,0,4,255,255,34,1904.355,"Floră",R,32,80,131,0.299,-0.994,0.272,1.518,-0.13,0.903,-36.341,40.786,0,100,0,2,175.646,-87.288,0.909,0,0,6,"=","=","=","=","=","=","=","","",0,R,"ke ro",190,80,0.396,5,67,W,Y,1,1905.315,181,170,88,59,0,145,106,0,-16.748,0.055,0.65,-20.533,-0.17,0,0.647,-118.154,-59.498,-25.553,1905.8,4.194,-34.185,1907.159,5,11.334,0.059,-58.037,0,0,,,,,,,,,,,,,,,1910.35,6,,147,4,,,,,,,,,,,,,,,,,,,-0.323,-38.27,0.049,-17.98,-21.469,-45.504,-13.93,-64.232,20.512,-49.907,12.825,-63.238,40.907,-90.657,0,-109.85,-40.807,-90.557,-0.349,-36.655,,"인생최패망자",0.027,-17.905,,"아침땅_",-21.383,-46.79,,"_송글_",-14.034,-64.125,,"Yaksok~",20.491,-49.929,,"_Chun",12.607,-63.288,91,"AI",40.9,-90.65,,"AI",0,-109.84,,"AI",-40.8,-90.55,,,,,,,,1909.719,-18.716,-40.391,,,,,,,1907.178,11.588,-58.594,,,,,,,,,,,,,,,,,,,,,,,,,1908.163,6.814,-54.569,,,,,,,,,,"",2,-16.457,-46.922,-2.305,0,0,"_Chun",,,,12,""
71,SIDE,4,1,1,3,0,0,2,1,0,0,4,255,255,,1910.84,,,,,,,,,,,,,,,,,,,,,,,0,"=","=","=","=","=","=","=","","",,,,,,,,,,,,,,,,,,,,,,,,,,,,,,,,,,,,,,,0,0,,,,,,,,,,,,,,,,,,,,,,,,,,,,,,,,,,,,,,,,,,,,,,,,,,,,,,,,,,,,,,,,,,,,,,,,,,,,,,,,,,,,,,,,,,,1947.003,0.08,-38.025,,,,,,,,,,,,,,,,,,,,,,,,,,,,,,,,,,,,,,,,,,,,,,,,,,,,"",0,,,,,0,"",,,,64,""
72,,4,0,1,3,0,0,0,0,0,0,255,255,255,29,1959.558,"ke ro",R,26,78,128,-0.738,0.665,0.173,1.663,-0.188,1.698,-36.626,20.575,61,39,0,4,-8.467,-200,18.889,0.883,-20.646,2,"Yaksok~","인생최패망자","_Chun","아침땅_","_송글_","Floră","","","",5,L,"_Chun",160,80,0.445,,67,W,Y,1,,,,,,,,,,,,,,,,,,,,,,,,,,,,0,0,,,,,,,,,,,,,,,,,,,,,,,,,,,,,,,,,,,,,,0.006,-38.369,0.034,-16.722,-7.68,-31.484,-7.669,-51.892,11.668,-34.044,7.338,-50.916,36.567,-86.316,0,-109.89,-40.83,-90.577,,,,"",,,,"",,,,"",,,,"",,,,"",,,,"",,,,"",,,,"",,,,1968.269,-0.151,-37.091,,,,,,,,,,,,,,,,,,,,,,,,,,,,,,,,,,,,,,,,,,,,,,,,,,,,"",0,,,,,0,"",,,,0,""
73,,4,0,1,3,0,1,0,0,0,0,255,255,255,30,1983.373,"ke ro",R,26,66,119,2.703,1.076,0.433,1.758,1.212,1.918,-36.626,37.845,100,0,0,2,-28.31,-200,3.801,0,0,2,"=","=","=","=","=","=","","","",5,L,"_Chun",160,80,0.445,5,67,W,Y,1,1984.41,163,123,62,60,41,137,125,-0.597,-39.831,0.5,1.134,-20.183,0.51,0,0.366,72.69,-12.282,33.476,1985.009,14.45,-36.894,1985.459,4,15.925,0.121,-38.625,0,0,,1988.683,,,,,,,,,,,,,1988.485,2,,147,16,,,,,,,,,,,,,,,,,,,0.052,-38.206,0.042,-16.722,-12.585,-37.303,-9.608,-64.759,16.904,-40.586,13.118,-62.638,36.108,-85.82,0,-109.86,-40.822,-90.57,0.057,-38.028,,"P0TA0",0.058,-16.82,,"encounter v",-12.49,-37.292,106,"시즈카_Shizuka",-8.57,-64.911,,"MODECO",16.838,-40.567,100,"Yes_Man_",13.26,-61.848,,"Kr_Luna",36.117,-85.821,,"AI",0,-109.84,,"AI",-40.8,-90.55,,1991.497,-0.392,-38.488,,,,1987.844,-19.044,-39.75,,,,1985.508,16.349,-39.925,,,,,,,,,,,,,,,,,,,1990.604,-16.745,-39.513,,,,1986.384,12.235,-39.167,,,,,,,,,,,,,"",2,-39.948,-39.567,-11.497,0,0,"MODECO",,,,84,""
74,,4,0,1,3,0,0,1,0,0,0,255,255,255,31,2012.818,"ke ro",R,26,84,136,-1.312,0.443,0.073,1.561,-0.59,1.684,-36.626,8.539,56,44,0,0,11.864,-200,28.606,-0.754,-20.338,3,"=","=","=","=","=","=","","","",2,R,"아침땅_",180.1,99.936,0.502,,68,W,Y,0,,,,,,,,,,,,,,,,,,,,,,,,,,,,0,0,,,,,,,,,,,,,,,,,,,,,,,,,,,,,,,,,,,,,,0.045,-38.038,0.033,-16.809,-18.681,-43.404,-14.161,-62.055,17.199,-45.914,11.085,-65.371,27.124,-91.133,0,-109.87,-40.83,-90.577,,,,"",,,,"",,,,"",,,,"",,,,"",,,,"",,,,"",,,,"",,,,2019.083,-0.048,-37.27,,,,,,,,,,,,,,,,,,,,,,,,,,,,,,,,,,,,,,,,,,,,,,,,,,,,"",0,,,,,0,"",,,,0,""
75,,4,0,1,3,0,1,1,0,0,0,255,255,255,32,2033.283,"ke ro",R,26,82,133,-0.906,0.838,0.118,1.631,-0.381,1.92,-36.626,11.834,60,40,0,0,-11.896,-192.406,20.38,0,0,3,"=","=","=","=","=","=","","","",2,R,"아침땅_",180.1,99.936,0.502,,68,W,Y,0,,,,,,,,,,,,,,,,,,,,,,,,,,,,0,0,,,,,,,,,,,,,,,,,,,,,,,,,,,,,,,,,,,,,,0.058,-37.966,0.076,-16.949,-18.784,-43.501,-14.147,-62.205,17.82,-45.022,11.663,-64.902,31.07,-95.284,0,-109.86,-40.822,-90.57,,,,"",,,,"",,,,"",,,,"",,,,"",,,,"",,,,"",,,,"",,,,2038.418,-0.11,-37.045,,,,,,,,,,,,,,,,,,,,,,,,,,,,,,,,,,,,,,,,,,,,,,,,,,,,"",0,,,,,0,"",,,,0,""
76,,4,0,1,3,0,2,1,0,0,0,255,255,255,33,2049.974,"ke ro",R,10,70,113,1.068,0.677,0.399,1.839,0.464,2.523,-36.626,31.477,100,0,0,2,-5.955,385.717,13.883,0,0,3,"=","=","=","=","=","=","","","",2,R,"아침땅_",180.1,99.936,0.502,0,68,W,Y,1,2051.013,86,57,43,32,22,101,100,90.704,-88.606,0.175,1.122,-19.54,0.24,0,0.213,-90.256,314.79,-33.88,,,,,,,,,0,0,,,,,,,,,,,,,,,,,,,,,,,,,,,,,,,,,,,,,,0.089,-37.989,0.05,-16.925,-18.791,-43.502,-14.162,-62.708,17.798,-45.691,11.571,-65.007,7.789,-88.412,0,-109.86,-40.815,-90.564,0.285,-37.982,,"P0TA0",0.031,-16.974,,"encounter v",-18.691,-43.412,,"시즈카_Shizuka",-12.721,-63.15,,"MODECO",17.397,-45.848,,"Yes_Man_",11.366,-64.941,,"Kr_Luna",2.013,-85.736,,"AI",0,-109.84,,"AI",-40.8,-90.55,,,,,,,,,,,,,,,,,,,,,,,,,,,,,,,,,,,,,,,,,,,,,,,,,,,,,,,,"",3,0,0,0,-2,0,"",,,,0,""
77,,4,0,1,3,0,2,1,0,0,0,255,255,255,34,2072.463,"ke ro",R,26,79,129,1.452,-0.893,0.398,1.701,0.947,1.572,-36.626,32.126,100,0,0,2,-65.341,-200,1.226,0,0,3,"=","=","=","=","=","=","","","",2,R,"아침땅_",180.1,99.936,0.502,3,35,W,Y,1,2073.472,102,53,96,52,30,135,78,20.238,-4.56,0.402,1.22,-20.341,-1,0,0.361,530.554,-100.172,-249.57,,,,2077.45,6,6.478,1.638,-78.477,0,0,,,,,,,,,,,,,,,2077.596,3,,455,0,,,,,,,,,,,,,,,,,,,-0.042,-37.868,0.164,-16.618,-19.011,-43.775,-11.779,-62.61,17.574,-46.278,11.461,-64.373,2.479,-89.291,0,-109.86,-40.822,-90.57,0.229,-38.112,,"P0TA0",0.109,-16.966,,"encounter v",-18.531,-43.757,,"시즈카_Shizuka",-12.66,-62.711,,"MODECO",17.498,-46.288,,"Yes_Man_",12.701,-63.082,,"Kr_Luna",2.509,-89.29,85,"AI",0,-109.84,,"AI",-40.8,-90.55,,2081.358,0.223,-38.77,,,,,,,,,,,,,,,,2077.606,6.632,-79.276,,,,,,,,,,,,,,,,,,,,,,,,,2079.05,6.306,-78.902,,,,,,,"",1,0,0,0,-2,0,"Kr_Luna",,,,96,""
78,,4,0,1,3,0,0,2,0,0,0,255,255,255,35,2094.51,"ke ro",R,26,75,126,2.494,0.7,0.417,1.789,1.017,2.016,-36.626,36.88,100,0,0,2,35.455,-200,11.272,0,0,4,"=","=","=","=","=","=","","","",3,R,"_송글_",175.4,91.844,0.315,5,67,W,Y,1,2095.494,161,120,98,113,10,145,125,95.948,83.704,0.459,1.341,-20.703,0.24,0,0.732,133.449,115.642,525.022,2103.976,5.487,-15.886,2104.134,1,5.315,3.058,-15.906,0,0,,2102.251,,,,,,,,,,,,,2104.178,4,,450,0,,,,,,,,,,,,,,,,,,,-0.012,-37.933,0.045,-16.631,-19.213,-43.664,-12.547,-62.074,18.148,-46.485,9.225,-66.114,28.977,-84.01,0,-109.86,-40.815,-90.564,0.213,-38.114,,"P0TA0",0.052,-17.019,,"encounter v",-18.96,-43.474,,"시즈카_Shizuka",-14.556,-60.953,,"MODECO",17.278,-46.552,,"Yes_Man_",8.772,-66.202,,"Kr_Luna",28.443,-84.152,,"AI",0,-109.84,,"AI",-40.8,-90.55,,,,,2104.19,5.443,-15.858,,,,,,,,,,,,,,,,,,,,,,,,,,,,,,,,,,,,,,,,,,,,,,,,,"",1,-96.584,178.813,-19.614,0,0,"P0TA0",,,,8,""
79,SIDE,4,0,1,3,0,0,2,0,0,0,255,255,255,,2107.189,,,,,,,,,,,,,,,,,,,,,,,5,"=","=","=","=","=","=","","","",,,,,,,,,,,,,,,,,,,,,,,,,,,,,,,,,,,,,,,0,0,,,,,,,,,,,,,,,,,,,,,,,,,,,,,,,,,,,,,,,,,,,,,,,,,,,,,,,,,,,,,,,,,,,,,,,,,,,,,,,,,,,,,,,,,,,,,,,,,,,,,,,,,,,,,,,,,,,,,,,,,,,,,,,,,,,,,,,,,,,,,,,,,"",0,,,,,0,"",,,,0,""
80,,5,1,1,3,0,0,0,0,0,0,255,255,255,35,2137.315,"Floră",R,7,53,92,-0.434,-0.877,0.064,1.567,-0.547,1.123,-36.341,48.156,0,100,0,0,158.647,0,-0.448,0,0,0,"Yes_Man_","시즈카_Shizuka","encounter v","P0TA0","MODECO","Kr_Luna","ke ro","","",5,R,"Yes_Man_",175,85.251,0.499,,67,W,Y,0,,,,,,,,,,,,,,,,,,,,,,,,,,,,0,0,,,,,,,,,,,,,,,,,,,,,,,,,,,,,,,,,,,,,,-0.387,-37.477,0.054,-17.848,-22.521,-48.329,-13.758,-64.368,20.737,-50.681,13.357,-61.578,40.93,-90.678,0,-109.87,-40.83,-90.577,,,,"",,,,"",,,,"",,,,"",,,,"",,,,"",,,,"",,,,"",,,,,,,,,,,,,,,,,,,,,,,,,,,,,,,,,,,,,,,,,,,,,,,,,,,,,,,,,,"",0,,,,,0,"",,,,0,""
81,,5,1,1,3,0,1,0,0,0,0,255,255,255,36,2149.94,"Floră",R,3,68,98,-2.324,-0.738,0.225,1.557,-0.231,1.202,-36.341,29.518,0,100,0,1,-377.991,0,15.297,0,0,0,"=","=","=","=","=","=","=","","",5,R,"Yes_Man_",175,85.251,0.499,,67,W,Y,0,,,,,,,,,,,,,,,,,,,,,,,,,,,,0,0,,,,,,,,,,,,,,,,,,,,,,,,,,,,,,,,,,,,,,-0.16,-37.517,0.059,-17.847,-22.439,-48.491,-12.908,-65.202,20.825,-49.674,11.819,-64.004,40.907,-90.657,0,-109.85,-40.807,-90.557,,,,"",,,,"",,,,"",,,,"",,,,"",,,,"",,,,"",,,,"",,,,,,,,,,,,,,,,,,,,,,,,,,,,,,,,,,,,,,,,,,,,,,,,,,,,,,,,,,"",0,,,,,0,"",,,,0,""
82,,5,1,1,3,1,1,0,0,0,0,255,255,255,37,2164.001,"Floră",R,0,58,99,-1.402,0.137,0.121,1.589,-0.615,1.707,-36.341,47.495,0,100,0,2,0,0,-1.648,0,0,0,"=","=","=","=","=","=","=","","",5,R,"Yes_Man_",175,85.251,0.499,5,67,W,Y,1,2165.254,203,98,147,103,64,145,109,32.7,17.034,-0.265,0.975,-20.199,0.08,0,0.477,596.563,-23.603,59.623,2170.942,-28.925,-110.808,2171.159,8,-28.346,1.998,-108.851,0,0,,2170.928,,,,,,,,,,,,,2171.129,0,,456,0,,,,,,,,,,,,,,,,,,,-0.276,-37.947,0.064,-17.857,-22.641,-48.688,-12.929,-65.144,19.788,-49.828,11.807,-64.048,40.907,-90.657,0,-109.85,-40.807,-90.557,-0.296,-36.708,,"인생최패망자",0.004,-17.838,,"아침땅_",-22.326,-48.403,,"_송글_",-12.921,-65.05,,"Yaksok~",19.795,-49.824,,"_Chun",11.769,-64.045,94,"AI",40.9,-90.65,,"AI",0,-109.84,,"AI",-40.8,-90.55,,2177.862,-0.843,-38.18,,,,,,,,,,,,,2175.518,-3.391,-63.769,,,,,,,,,,,,,,,,,,,,,,,,,2176.743,-3.862,-58.815,,,,,,,,,,"",1,18.405,-174.83,-1.873,0,0,"AI",,,,36,""
83,,5,1,1,3,0,0,1,0,0,0,255,255,255,38,2193.725,"Floră",R,3,62,93,0.978,-0.696,0.709,1.569,1.268,1.23,-36.341,29.005,0,100,0,0,-389.273,0,20.561,0,0,1,"=","=","=","=","=","=","=","","",3,R,"시즈카_Shizuka",175,88.299,0.497,,67,W,Y,0,,,,,,,,,,,,,,,,,,,,,,,,,,,,0,0,,,,,,,,,,,,,,,,,,,,,,,,,,,,,,,,,,,,,,0.286,-37.449,0.066,-17.861,-22.537,-48.402,-11.752,-65.261,18.338,-48.513,13.011,-64.527,40.922,-90.67,0,-109.86,-40.822,-90.571,,,,"",,,,"",,,,"",,,,"",,,,"",,,,"",,,,"",,,,"",,,,2197.775,-0.427,-36.804,,,,,,,,,,,,,,,,,,,,,,,,,,,,,,,,,,,,,,,,,,,,,,,,,,,,"",0,,,,,0,"",,,,0,""
84,,5,1,1,3,0,1,1,0,0,0,255,255,255,39,2206.718,"Floră",R,3,69,100,0.2,-0.776,0.543,1.645,0.753,1.409,-36.341,44,0,100,0,2,-335.97,151.288,6.423,0,0,1,"=","=","=","=","=","=","=","","",3,R,"시즈카_Shizuka",175,88.299,0.497,0,67,W,Y,1,2207.877,155,117,71,105,49,141,131,-15.401,17.989,0.025,0.667,-20.252,0.58,0,0.551,-197.394,147.881,16.692,2207.817,-0.679,-22.415,2215.083,8,-32.069,0.057,-126.099,1,0,,2213.09,2218.731,,,,,,,,,,,,,,,,,,,,,,,,,,,,,,,,,,,-0.036,-37.467,0.065,-17.838,-22.501,-48.349,-13.021,-64.897,18.608,-48.905,13.104,-64.559,40.907,-90.657,0,-109.85,-40.807,-90.557,-0.049,-36.862,,"인생최패망자",0.061,-17.839,,"아침땅_",-22.478,-48.367,,"_송글_",-13.008,-64.743,,"Yaksok~",18.715,-49.101,,"_Chun",12.8,-64.606,69,"AI",40.9,-90.65,,"AI",0,-109.84,,"AI",-40.8,-90.55,,2224.015,-0.882,-42.08,,,,,,,,,,,,,2219.567,-4.341,-67.513,,,,,,,,,,,,,,,,,,,,,,,,,2222.514,-3.024,-63.979,,,,,,,,,,"",2,0,0,0,-2,0,"AI",2218.731,,,36,""
85,,5,1,1,3,0,0,1,0,1,0,255,3,255,40,2238.891,"Floră",R,13,79,104,1.201,-1.561,0.691,1.48,1.214,1.072,-36.341,41.513,0,100,0,4,-369.138,312.348,6.314,0.051,-18.08,2,"=","=","=","=","=","=","=","","",2,L,"encounter v",190,83.037,0.46,,67,W,Y,1,,,,,,,,,,,,,,,,,,,,,,,,,,,,0,0,,,,,,,,,,,,,2238.919,,,,,,,,,,,,,,,,,,,,,,,,,0.048,-37.704,0.06,-17.842,-21.059,-49.526,-13.866,-64.233,20.902,-49.401,13.79,-62.489,40.922,-90.671,0,-109.86,-40.815,-90.564,,,,"",,,,"",,,,"",,,,"",,,,"",,,,"",,,,"",,,,"",,,,2242.89,-0.235,-36.472,,,,,,,,,,,,,,,,,,,,,,,,,,,,,,,,,,,,,,,,,,,,,,,,,,,,"",0,,,,,0,"",2241.719,,,0,""
86,,5,1,1,3,0,1,1,0,1,0,255,3,255,41,2255.339,"Floră",R,13,72,100,0.261,-0.783,0.564,1.52,0.818,1.59,-36.341,55.667,0,100,0,2,-354.94,312.348,10.982,0,0,2,"=","=","=","=","=","=","=","","",2,L,"encounter v",190,83.037,0.46,0,67,W,Y,1,2256.386,218,111,107,115,95,145,108,16.209,3.104,0.057,0.739,-20.556,-0.18,0,0.354,49.516,-36.62,-13.334,2260.142,-3.939,-104.229,2260.309,7,-3.804,1.409,-101.008,0,2,,2265.927,,,,,,,2260.01,,,,2267.16,,2260.354,2,,456,0,2264.301,1,2,678,0,,,,,,,,,,,,,,-0.129,-37.564,-0.014,-17.932,-20.955,-49.281,-8.854,-62.228,19.54,-49.491,13.742,-62.571,40.922,-90.671,0,-109.86,-40.822,-90.571,-0.296,-36.453,,"인생최패망자",0.116,-18.184,,"아침땅_",-20.881,-49.245,,"_송글_",-12.262,-63.205,,"Yaksok~",20.424,-50.047,,"_Chun",13.511,-62.586,85,"AI",40.9,-90.65,,"AI",0,-109.84,,"AI",-40.8,-90.55,,2270.13,4.405,-42.42,,,,,,,,,,,,,2264.31,-0.226,-59.699,,,,,,,,,,,,,,,,,,,,,,,,,2269.324,12.083,-52.977,,,,,,,,,,"",1,0,0,0,-2,0,"AI",2266.956,2260.01,,36,""
87,SIDE,5,1,1,3,0,0,2,0,0,0,255,255,255,,2270.592,,,,,,,,,,,,,,,,,,,,,,,3,"=","=","=","=","=","=","=","","",,,,,,,,,,,,,,,,,,,,,,,,,,,,,,,,,,,,,,,0,0,,,,,,,,,,,,,,,,,,,,,,,,,,,,,,,,,,,,,,,,,,,,,,,,,,,,,,,,,,,,,,,,,,,,,,,,,,,,,,,,,,,,,,,,,,,,,,,,,,,,,,,,,,,,,,,,,,,,,,,,,,,,,,,,,,,,,,,,,,,,,,,,,"",0,,,,,0,"",,,,0,""
88,,5,0,1,3,0,0,0,0,0,0,255,255,255,36,2389.084,"P0TA0",R,13,66,107,-2.734,-0.943,0.286,1.693,-0.495,1.474,-36.587,40.367,96,4,0,1,-365.745,329.582,-46.314,0,0,5,"Yaksok~","인생최패망자","_Chun","아침땅_","_송글_","Floră","","","",0,R,"Floră",190,85.304,0.403,,67,W,Y,0,,,,,,,,,,,,,,,,,,,,,,,,,,,,0,0,,,,,,,,,,,,,,,,,,,,,,,,,,,,,,,,,,,,,,-0.028,-37.906,-0.022,-17.377,-18.93,-44.407,-9.715,-64.58,18.446,-47.42,11.679,-62.824,37.076,-86.56,0,-109.87,-40.83,-90.577,,,,"",,,,"",,,,"",,,,"",,,,"",,,,"",,,,"",,,,"",,,,,,,,,,,,,,,,,,,,,,,,,,,,,,,,,,,,,,,,,,,,,,,,,,,,,,,,,,"",0,,,,,0,"",,,,0,""
89,,5,0,1,3,1,0,0,0,0,0,255,255,255,37,2401.63,"P0TA0",R,26,62,116,-1.236,-0.514,0.202,1.518,-0.829,1.084,-36.587,23.725,57,43,0,0,187.506,-200,-61.973,0,0,5,"=","=","=","=","=","=","","","",0,R,"Floră",190,85.304,0.403,,67,W,Y,0,,,,,,,,,,,,,,,,,,,,,,,,,,,,0,0,,,,,,,,,,,,,,,,,,,,,,,,,,,,,,,,,,,,,,-0.015,-37.796,-0.008,-17.372,-18.929,-44.414,-9.434,-65.861,18.25,-47.915,11.554,-63.019,27.363,-91.886,0,-109.85,-40.807,-90.557,,,,"",,,,"",,,,"",,,,"",,,,"",,,,"",,,,"",,,,"",,,,,,,,,,,,,,,,,,,,,,,,,,,,,,,,,,,,,,,,,,,,,,,,,,,,,,,,,,"",0,,,,,0,"",,,,0,""
90,,5,0,1,3,1,1,0,0,0,0,255,255,255,38,2416.255,"P0TA0",R,5,51,93,-1.097,0.624,0.265,1.939,-0.366,2.019,-36.587,63.317,86,14,0,0,-52.618,0,-4.385,0,0,5,"=","=","=","=","=","=","","","",0,R,"Floră",190,85.304,0.403,,67,W,Y,0,,,,,,,,,,,,,,,,,,,,,,,,,,,,0,0,,,,,,,,,,,,,,,,,,,,,,,,,,,,,,,,,,,,,,-0.073,-38.022,-0.019,-17.35,-18.914,-44.401,-9.997,-65.728,18.715,-47.675,11.627,-63.067,27.419,-91.902,0,-109.85,-40.815,-90.564,,,,"",,,,"",,,,"",,,,"",,,,"",,,,"",,,,"",,,,"",,,,,,,,,,,,,,,,,,,,,,,,,,,,,,,,,,,,,,,,,,,,,,,,,,,,,,,,,,"",0,,,,,0,"",,,,0,""
91,,5,0,1,3,1,2,0,0,0,0,255,255,255,39,2429.946,"P0TA0",R,26,84,136,1.46,0.684,0.401,1.849,0.43,1.86,-36.587,45.004,87,13,0,0,138.142,-194.75,-8.61,0,0,5,"=","=","=","=","=","=","","","",0,R,"Floră",190,85.304,0.403,,67,W,Y,0,,,,,,,,,,,,,,,,,,,,,,,,,,,,0,0,,,,,,,,,,,,,,,2433.103,5,,578,0,,,,,,,,,,,,,,,,,,,-0.105,-38.063,-0.008,-17.322,-18.841,-44.327,-10.849,-65.452,18.684,-47.613,11.554,-63.094,27.532,-91.804,0,-109.85,-40.815,-90.564,,,,"",,,,"",,,,"",,,,"",,,,"",,,,"",,,,"",,,,"",,,,,,,,,,,,,,,,,,,,,,,,,,,,,,,,,,,,,,,,,,,,,,,,,,,,,,,,,,"",0,,,,,0,"",,,,0,""
92,,5,0,1,3,0,0,1,0,0,0,255,255,255,40,2448.39,"P0TA0",R,3,66,107,0.112,0.476,0.542,1.782,0.927,1.885,-36.587,57.562,92,8,0,2,-486.364,0,-52.988,0,0,0,"=","=","=","=","=","=","","","",4,R,"Yaksok~",172.8,80,0.328,3,67,W,Y,1,2449.377,255,191,148,128,100,145,81,12.83,20.243,0.025,1.083,-20.47,-1,0,0.334,222.789,-81.321,285.795,,,,2451.759,3,-13.193,1.654,-56.891,0,0,,,,,,,,,,,,,,,2451.809,0,,452,0,,,,,,,,,,,,,,,,,,,-0.039,-38.033,-0.023,-17.333,-18.804,-44.53,-11.363,-63.405,17.986,-46.917,9.814,-63.912,27.46,-91.854,0,-109.86,-40.822,-90.571,-0.311,-37.059,,"ke ro",-0.02,-17.343,,"encounter v",-18.79,-44.091,,"시즈카_Shizuka",-10.383,-63.621,99,"MODECO",17.978,-46.937,,"Yes_Man_",9.541,-63.894,,"Kr_Luna",27.321,-91.85,,"AI",0,-109.84,,"AI",-40.8,-90.55,,2456.396,-0.194,-38.529,,,,,,,2451.82,-13.464,-57.957,,,,,,,,,,,,,,,,,,,,,,,,,2455.278,-11.891,-56.564,,,,,,,,,,,,,,,,"",1,0,0,0,-2,0,"시즈카_Shizuka",,,,10,""
93,,5,0,1,3,0,0,2,0,0,0,255,255,255,41,2469.714,"P0TA0",R,26,82,133,1.758,0.649,0.424,1.85,0.631,1.868,-36.587,46.298,89,11,0,2,84.203,-156.322,-6.725,0,0,1,"=","=","=","=","=","=","","","",1,R,"인생최패망자",190,80,0.346,3,67,W,Y,1,2470.756,255,88,171,115,42,145,106,111.384,-32.309,0.325,1.304,-21.042,-0.06,0,0.388,77.205,194.201,443.757,,,,,,,,,0,0,,,,,,,,,,,,,,,,,,,,,,,,,,,,,,,,,,,,,,-0.095,-38.026,-0.004,-17.181,-19.87,-44.658,-13.54,-64.098,17.581,-46.785,10.808,-62.158,24.043,-92.43,0,-109.86,-40.815,-90.564,-0.329,-37.151,,"ke ro",-0.007,-17.188,,"encounter v",-19.653,-44.494,,"시즈카_Shizuka",-11.365,-64.508,,"MODECO",17.414,-46.53,,"Yes_Man_",10.549,-62.19,,"Kr_Luna",24.087,-92.412,,"AI",0,-109.84,,"AI",-40.8,-90.55,,,,,,,,,,,,,,,,,,,,,,,,,,,,,,,,,,,,,,,,,,,,,,,,,,,,,,,,"",3,0,0,0,-2,0,"",,,,0,""
94,,5,0,1,3,0,1,2,0,0,0,255,255,255,42,2486.39,"P0TA0",R,26,59,101,-0.89,-1,0.186,1.454,-0.595,0.802,-36.587,29.379,63,37,0,1,97.357,-168.146,-19.443,0,0,1,"=","=","=","=","=","=","","","",1,R,"인생최패망자",190,80,0.346,,83,W,Y,0,,,,,,,,,,,,,,,,,,,,,,,,,,,,0,0,,,,,,,,,,,,,,,,,,,,,,,,,,,,,,,,,,,,,,-0.097,-37.949,-0.048,-17.188,-19.928,-44.53,-9.376,-64.882,17.96,-46.489,12.73,-65.065,29.605,-104.179,0,-109.85,-40.815,-90.564,,,,"",,,,"",,,,"",,,,"",,,,"",,,,"",,,,"",,,,"",,,,,,,,,,,,,,,,,,,,,,,,,,,,,,,,,,,,,,,,,,,,,,,,,,,,,,,,,,"",0,,,,,0,"",,,,0,""
95,,5,0,1,3,1,1,2,0,0,0,255,255,255,43,2500.584,"P0TA0",R,13,62,105,-1.842,-1.565,0.261,1.52,-0.182,1.069,-36.587,23.901,54,46,0,1,-351.401,338.345,-62.379,-0.557,-18.463,1,"=","=","=","=","=","=","","","",1,R,"인생최패망자",190,80,0.346,,83,W,Y,0,,,,,,,,,,,,,,,,,,,,,,,,,,,,0,0,,,,,,,,,,,,,,,,,,,,,,,,,,,,,,,,,,,,,,-0.088,-37.858,-0.052,-17.165,-19.92,-44.605,-9.525,-64.658,18.021,-47.065,12.664,-64.714,29.617,-104.222,0,-109.85,-40.807,-90.557,,,,"",,,,"",,,,"",,,,"",,,,"",,,,"",,,,"",,,,"",,,,,,,,,,,,,,,,,,,,,,,,,,,,,,,,,,,,,,,,,,,,,,,,,,,,,,,,,,"",0,,,,,0,"",,,,0,""
96,,5,0,1,3,2,1,2,0,0,0,255,255,255,44,2513.905,"P0TA0",R,13,67,108,-0.433,-0.99,0.462,1.627,0.433,1.399,-36.587,43.778,96,4,0,4,-369.152,329.596,-61.425,-0.428,-17.352,1,"=","=","=","=","=","=","","","",1,R,"인생최패망자",190,80,0.346,,83,W,Y,1,,,,,,,,,,,,,,,,,,,,,,,,,,,,0,0,,,,,,,,,,,,,,,,,,,,,,,,,,,,,,,,,,,,,,-0.038,-37.997,-0.02,-17.13,-19.82,-44.387,-10.183,-64.644,18.074,-47.094,12.395,-64.926,29.497,-104.263,0,-109.85,-40.815,-90.564,,,,"",,,,"",,,,"",,,,"",,,,"",,,,"",,,,"",,,,"",,,,,,,,,,,,,,,,,,,,,,,,,,,,,,,,,,,,,,,,,,,,,,,,,,,,,,,,,,"",0,,,,,0,"",,,,0,""
97,,5,0,1,3,2,2,2,0,0,0,255,255,255,45,2527.694,"P0TA0",R,27,82,133,-0.699,-0.959,0.363,1.715,0.331,1.243,-36.587,52.061,94,6,0,2,94.496,-138.662,-4.208,0,0,1,"=","=","=","=","=","=","","","",1,R,"인생최패망자",190,80,0.346,3,83,W,Y,1,2528.806,240,116,110,81,41,145,87,44.357,-22.163,0.203,0.871,-20.306,-1,0,0.425,524.823,49.367,125.568,,,,2534.25,5,23.134,3.596,-77.091,0,0,,2534.374,,,,,,,,,,,,,2534.299,1,,454,0,,,,,,,,,,,,,,,,,,,-0.117,-38.035,-0.019,-17.131,-19.932,-44.58,-12.559,-62.703,18.023,-47.033,12.654,-64.71,29.537,-104.255,0,-109.85,-40.815,-90.564,-0.399,-37.301,,"ke ro",-0.044,-17.126,,"encounter v",-19.786,-44.415,,"시즈카_Shizuka",-13.709,-62.331,,"MODECO",17.968,-47.088,,"Yes_Man_",12.465,-64.782,89,"Kr_Luna",29.561,-104.265,,"AI",0,-109.84,,"AI",-40.8,-90.55,,,,,,,,,,,,,,,,,2534.307,23.501,-77.522,,,,,,,,,,,,,,,,,,,,,,,,,2537.163,19.463,-67.187,,,,,,,,,,"",1,0,0,0,-2,0,"Yes_Man_",,,,1,""
98,SIDE,5,0,1,3,0,0,2,0,0,0,255,255,255,,2538.083,,,,,,,,,,,,,,,,,,,,,,,2,"=","=","=","=","=","=","","","",,,,,,,,,,,,,,,,,,,,,,,,,,,,,,,,,,,,,,,0,0,,,,,,,,,,,,,,,,,,,,,,,,,,,,,,,,,,,,,,,,,,,,,,,,,,,,,,,,,,,,,,,,,,,,,,,,,,,,,,,,,,,,,,,,,,,,,,,,,,,,,,,,,,,,,,,,,,,,,,,,,,,,,,,,,,,,,,,,,,,,,,,,,"",0,,,,,0,"",,,,0,""
99,,6,1,1,3,0,0,0,0,0,0,255,255,255,42,2573.97,"Floră",R,0,51,94,2.023,-0.388,0.443,1.492,0.868,1.396,-36.341,70.388,0,100,0,2,0,0,2.085,0,0,3,"Yes_Man_","시즈카_Shizuka","encounter v","P0TA0","MODECO","Kr_Luna","ke ro","","",0,R,"P0TA0",190,96,0.502,3,67,W,Y,0,2575.17,239,117,161,66,37,145,117,33.058,18.339,0.293,1.095,-20.423,0.79,0,0.266,-8.458,283.206,476.049,2579.976,-39.13,-109.769,2580.192,8,-37.901,2.33,-107.281,0,0,,2581.114,,,,,,,,,,,,,2580.233,3,,456,0,,,,,,,,,,,,,,,,,,,-0.13,-37.408,0.061,-17.64,-22.489,-48.192,-12.499,-64.812,20.821,-52.943,12.016,-63.148,40.945,-90.692,0,-109.89,-40.845,-90.591,-0.478,-36.75,,"인생최패망자",-0.01,-17.651,,"아침땅_",-22.439,-48.424,,"_송글_",-12.461,-64.765,,"Yaksok~",20.813,-52.953,,"_Chun",12.12,-63.078,85,"AI",40.9,-90.65,,"AI",0,-109.84,,"AI",-40.8,-90.55,,2587.768,-0.826,-38.054,,,,,,,,,,,,,2585.113,-0.596,-59.568,,,,,,,,,,,,,,,,,,,,,,,,,2586.506,-0.074,-58.316,,,,,,,,,,"",1,0,0,0,-2,0,"AI",,,,36,""
100,,6,1,1,3,0,0,1,0,0,0,255,255,255,43,2604.831,"Floră",R,33,83,134,1.458,0.138,0.398,1.559,0.457,1.683,-36.341,38.597,0,100,0,2,119.46,-16.891,1.476,0,0,4,"=","=","=","=","=","=","=","","",4,R,"MODECO",190,85,0.445,3,70,W,Y,1,2605.918,175,114,90,88,56,145,106,37.299,11.891,0.27,1.069,-20.355,-0.08,0,0.479,478.237,321.114,167.853,2611.542,-25.916,-104.251,2611.767,8,-25.148,2.458,-102.156,0,0,,2612.621,,,,,,,,,,,,,2611.819,4,,456,0,,,,,,,,,,,,,,,,,,,-0.136,-37.504,0.063,-17.679,-22.155,-48.098,-11.581,-65.352,19.926,-50.224,8.007,-64.758,40.922,-90.671,0,-109.87,-40.822,-90.571,-0.13,-36.846,,"인생최패망자",0.055,-17.682,,"아침땅_",-22.193,-48.134,,"_송글_",-11.547,-65.187,,"Yaksok~",19.915,-50.212,,"_Chun",8.039,-64.774,93,"AI",40.9,-90.65,,"AI",0,-109.84,,"AI",-40.8,-90.55,,2618.307,-1.021,-37.793,,,,,,,,,,,,,2615.896,-3.605,-65.253,,,,,,,,,,,,,,,,,,,,,,,,,2616.967,-5.717,-63.735,,,,,,,,,,"",1,0,0,0,-2,0,"AI",,,,36,""
101,,6,1,1,3,0,0,2,0,0,0,255,255,255,44,2632.951,"Floră",R,1,49,92,1.168,-0.004,0.421,1.564,0.5,1.529,-36.341,64.933,0,100,0,0,-3.079,-0.82,-2.094,0,0,5,"=","=","=","=","=","=","=","","",6,L,"Kr_Luna",190,95.432,0.496,,67,W,Y,0,,,,,,,,,,,,,,,,,,,,,,,,,,,,0,0,,,,,,,,,,,,,,,,,,,,,,,,,,,,,,,,,,,,,,-0.176,-37.741,0.065,-17.669,-21.893,-47.812,-11.361,-65.212,20.753,-50.19,14.476,-62.312,40.922,-90.67,0,-109.86,-40.822,-90.571,,,,"",,,,"",,,,"",,,,"",,,,"",,,,"",,,,"",,,,"",,,,2637.06,-0.465,-36.737,,,,,,,,,,,,,,,,,,,,,,,,,,,,,,,,,,,,,,,,,,,,,,,,,,,,"",0,,,,,0,"",,,,0,""
102,,6,1,1,3,0,1,2,0,0,0,255,255,255,45,2646.705,"Floră",R,1,47,91,2.46,-0.692,0.432,1.419,1.061,1.036,-36.341,78.567,0,100,0,1,-4.877,-0.384,1.254,0,0,5,"=","=","=","=","=","=","=","","",6,L,"Kr_Luna",190,95.432,0.496,,67,W,Y,0,,,,,,,,,,,,,,,,,,,,,,,,,,,,0,0,,,,,,,,,,,,,,,,,,,,,,,,,,,,,,,,,,,,,,-0.234,-37.362,0.06,-17.652,-22.141,-48.086,-12.798,-64.482,20.964,-50.383,14.413,-62.346,40.915,-90.664,0,-109.85,-40.815,-90.564,,,,"",,,,"",,,,"",,,,"",,,,"",,,,"",,,,"",,,,"",,,,2650.45,-0.465,-36.777,,,,,,,,,,,,,,,,,,,,,,,,,,,,,,,,,,,,,,,,,,,,,,,,,,,,"",0,,,,,0,"",,,,0,""
103,,6,1,1,3,1,1,2,0,0,0,255,255,255,46,2660.004,"Floră",R,0,60,114,3.02,-0.075,0.426,1.528,1.332,1.572,-36.341,69.538,0,100,0,1,-17.103,0,-2.211,0,0,5,"=","=","=","=","=","=","=","","",6,L,"Kr_Luna",190,95.432,0.496,,67,W,Y,0,,,,,,,,,,,,,,,,,,,,,,,,,,,,0,0,,,,,,,,,,,,,,,,,,,,,,,,,,,,,,,,,,,,,,-0.147,-37.421,0.066,-17.643,-22.372,-48.302,-12.913,-64.481,21.248,-50.596,14.299,-62.398,40.915,-90.664,0,-109.85,-40.815,-90.564,,,,"",,,,"",,,,"",,,,"",,,,"",,,,"",,,,"",,,,"",,,,2663.456,-0.473,-36.475,,,,,,,,,,,,,,,,,,,,,,,,,,,,,,,,,,,,,,,,,,,,,,,,,,,,"",0,,,,,0,"",,,,0,""
104,,6,1,1,3,2,1,2,0,0,0,255,255,255,47,2672.424,"Floră",R,10,71,101,0.904,-0.932,0.441,1.53,0.438,1.611,-36.341,49.25,0,100,0,2,-28.623,400,-8.212,0,0,5,"=","=","=","=","=","=","=","","",6,L,"Kr_Luna",190,95.432,0.496,3,67,W,Y,0,2673.345,164,122,126,88,31,145,87,-7.935,-56.915,0.223,0.67,-20.553,1,0,0.138,-173.933,-561.214,-76.427,2673.417,5.205,-23.728,,,,,,0,0,,,,,,,,,,,,,,,,,,,,,,,,,,,,,,,,,,,,,,-0.132,-37.349,0.064,-17.643,-22.413,-48.336,-12.044,-64.745,20.523,-51.278,14.496,-62.328,40.907,-90.657,0,-109.85,-40.807,-90.557,-0.088,-36.682,,"인생최패망자",0.068,-17.644,,"아침땅_",-22.244,-48.181,,"_송글_",-12.387,-64.661,,"Yaksok~",20.519,-51.285,,"_Chun",14.386,-62.348,,"AI",40.9,-90.65,,"AI",0,-109.84,,"AI",-40.8,-90.55,,,,,,,,,,,,,,,,,,,,,,,,,,,,,,,,,,,,,,,,,,,,,,,,,,,,,,,,"",3,0,0,0,-2,0,"",,,,0,""
105,,6,1,1,3,2,2,2,0,0,0,255,255,255,48,2688.897,"Floră",R,33,71,123,5.898,-0.269,0.437,1.633,2.338,1.397,-36.341,71.106,0,100,0,1,141.27,-38.633,2.809,0,0,5,"=","=","=","=","=","=","=","","",6,L,"Kr_Luna",190,95.432,0.496,,67,W,Y,0,,,,,,,,,,,,,,,,,,,,,,,,,,,,0,0,,,,,,,,,,,,,,,,,,,,,,,,,,,,,,,,,,,,,,-0.258,-37.258,0.073,-17.634,-22.927,-48.92,-13.481,-64.946,20.659,-49.939,14.152,-61.239,40.915,-90.664,0,-109.85,-40.815,-90.564,,,,"",,,,"",,,,"",,,,"",,,,"",,,,"",,,,"",,,,"",,,,,,,,,,,,,,,,,,,,,,,,,,,,,,,,,,,,,,,,,,,,,,,,,,,,,,,,,,"",0,,,,,0,"",,,,0,""
106,,6,1,1,3,3,2,2,0,0,0,255,255,255,49,2704.553,"Floră",R,38,36,86,-12.509,-0.959,0.306,1.625,-0.518,1.882,-36.341,43.674,0,100,0,2,41.093,-14.178,-0.815,0,0,5,"=","=","=","=","=","=","=","","",6,L,"Kr_Luna",190,95.432,0.496,3,67,W,Y,0,2705.59,173,142,135,87,30,145,130,26.589,-34.647,-0.152,1.208,-20.638,0.43,0,0.15,95.245,-591.327,35.504,2710.309,77.689,-105.048,,,,,,0,0,,2711.393,2716.011,2721.402,2726.685,,,,,,,,,,,,,,,,,,,,,,,,,,,,,,,,,-0.159,-37.287,0.067,-17.647,-22.633,-48.694,-12.52,-64.741,20.66,-49.991,14.386,-61.16,40.915,-90.664,0,-109.86,-40.815,-90.564,-0.143,-36.999,,"인생최패망자",0.053,-17.638,,"아침땅_",-22.639,-48.672,,"_송글_",-12.433,-64.663,,"Yaksok~",20.666,-49.989,,"_Chun",14.182,-61.21,,"AI",40.9,-90.65,,"AI",0,-109.84,,"AI",-40.8,-90.55,,,,,,,,,,,,,,,,,,,,,,,,,,,,,,,,,,,,,,,,,,,,,,,,,,,,,,,,"",4,0,0,0,-2,0,"",2716.011,2721.402,,0,""
107,,6,1,2,3,0,0,2,0,0,0,255,255,255,50,2745.536,"Floră",R,3,66,96,2.337,-0.703,0.832,1.638,1.906,1.497,-36.341,37.9,0,100,0,3,-400.763,134.105,22.238,0.408,-21.541,6,"=","=","=","=","=","=","=","","",1,R,"ke ro",190,80,0.396,,67,W,Y,0,,,,,,,,,,,,,,,,,,,,,,,,,,,,0,0,,,,,,,,,,,,,,,,,,,,,,,,,,,,,,,,,,,,,,-0.017,-37.93,0.029,-17.808,-22.807,-48.782,-11.993,-65.279,20.698,-51.601,15.055,-62.54,40.922,-90.671,0,-109.86,-40.822,-90.57,,,,"",,,,"",,,,"",,,,"",,,,"",,,,"",,,,"",,,,"",,,,,,,,,,,,,,,,,,,,,,,,,,,,,,,,,,,,,,,,,,,,,,,,,,,,,,,,,,"",6,,,,,0,"",,,,0,""
108,,6,1,2,3,2,0,2,0,0,0,255,255,255,51,2769.88,"Floră",R,3,70,100,0.095,0.091,0.563,1.568,0.817,1.693,-36.341,21.858,0,100,0,0,-386.403,0,22.912,0,0,6,"=","=","=","=","=","=","=","","",1,R,"ke ro",190,80,0.396,,48,W,Y,0,,,,,,,,,,,,,,,,,,,,,,,,,,,,0,0,,,,,,,,,,,,,,,,,,,,,,,,,,,,,,,,,,,,,,0.179,-37.54,0.065,-17.932,-22.827,-48.634,-14.068,-64.266,21.114,-50.816,13.195,-63.062,40.915,-90.664,0,-109.86,-40.815,-90.564,,,,"",,,,"",,,,"",,,,"",,,,"",,,,"",,,,"",,,,"",,,,,,,,,,,,,,,,,,,,,,,,,,,,,,,,,,,,,,,,,,,,,,,,,,,,,,,,,,"",0,,,,,0,"",,,,0,""
109,,6,1,2,3,2,1,2,0,0,0,255,255,255,52,2783.492,"Floră",R,13,68,99,0.09,-0.884,0.446,1.499,0.451,1.544,-36.341,47.288,0,100,0,0,-206.689,319.423,1.918,0,0,6,"=","=","=","=","=","=","=","","",1,R,"ke ro",190,80,0.396,,48,W,Y,1,,,,,,,,,,,,,,,,,,,,,,,,,,,,0,0,,,,,,,,,,,,,,,,,,,,,,,,,,,,,,,,,,,,,,-0.197,-37.744,0.063,-17.936,-22.626,-48.403,-14.173,-64.375,21.147,-51.731,13.19,-63.172,40.915,-90.664,0,-109.85,-40.815,-90.564,,,,"",,,,"",,,,"",,,,"",,,,"",,,,"",,,,"",,,,"",,,,,,,,,,,,,,,,,,,,,,,,,,,,,,,,,,,,,,,,,,,,,,,,,,,,,,,,,,"",0,,,,,0,"",,,,0,""
110,,6,1,2,3,2,2,2,0,0,0,255,255,255,53,2797.715,"Floră",R,0,50,93,-0.872,-0.91,0.171,1.367,-0.385,1.071,-36.341,58.021,0,100,0,0,0,0,4.58,0,0,6,"=","=","=","=","=","=","=","","",1,R,"ke ro",190,80,0.396,,48,W,Y,0,,,,,,,,,,,,,,,,,,,,,,,,,,,,0,0,,,,,,,,,,,,,,,2800.523,6,,578,0,,,,,,,,,,,,,,,,,,,-0.37,-37.464,0.052,-17.912,-22.788,-48.563,-13.953,-64.659,21.155,-52.453,13.177,-63.216,40.915,-90.664,0,-109.85,-40.815,-90.564,,,,"",,,,"",,,,"",,,,"",,,,"",,,,"",,,,"",,,,"",,,,,,,,,,,,,,,,,,,,,,,,,,,,,,,,,,,,,,,,,,,,,,,,,,,,,,,,,,"",0,,,,,0,"",,,,0,""
111,SIDE,6,1,2,3,0,0,2,0,0,0,255,255,255,,2802.105,,,,,,,,,,,,,,,,,,,,,,,0,"=","=","=","=","=","=","=","","",,,,,,,,,,,,,,,,,,,,,,,,,,,,,,,,,,,,,,,0,0,,,,,,,,,,,,,,,,,,,,,,,,,,,,,,,,,,,,,,,,,,,,,,,,,,,,,,,,,,,,,,,,,,,,,,,,,,,,,,,,,,,,,,,,,,,,,,,,,,,,,,,,,,,,,,,,,,,,,,,,,,,,,,,,,,,,,,,,,,,,,,,,,"",0,,,,,0,"",,,,0,""
112,,6,0,2,3,0,0,0,0,0,0,255,255,255,46,2840.277,"P0TA0",R,38,22,78,-0.576,1.02,0.219,1.874,-0.25,2.099,-36.587,22.997,48,52,0,2,-2.879,-36.594,-5.161,0,0,2,"Yaksok~","인생최패망자","_Chun","아침땅_","_송글_","Floră","","","",5,L,"_Chun",160,80,0.445,0,67,W,Y,0,2841.575,4,4,18,14,8,2,33,21.428,-4.045,-0.105,1.148,-20.523,-0.99,1,0.629,-514.78,138.268,17.776,,,,2843.117,0,0.535,0.994,-31.625,0,0,,,,,,,,,,,,,,,2843.248,2,,449,0,,,,,,,,,,,,,,,,,,,-0.05,-37.692,0.065,-17.75,-15.597,-39.967,-8.1,-51.393,15.468,-38.791,6.37,-51.842,36.882,-86.495,0,-109.85,-40.807,-90.557,-0.206,-37.274,,"ke ro",-0.025,-17.8,,"encounter v",-13.728,-38.227,,"시즈카_Shizuka",-8.094,-51.372,,"MODECO",15.054,-38.334,,"Yes_Man_",5.981,-49.251,,"Kr_Luna",36.888,-86.502,,"AI",0,-109.84,,"AI",-40.8,-90.55,,2843.258,0.522,-32.109,,,,,,,,,,,,,,,,,,,,,,,,,,,,,,,,,,,,,,,,,,,,,,,,,,,,"",1,0,0,0,-2,0,"P0TA0",,,,8,""
113,,6,0,2,3,0,0,1,0,0,0,255,255,255,47,2863.719,"P0TA0",R,13,57,89,-0.348,-0.357,0.521,1.912,0.538,1.958,-36.587,54.915,93,7,0,0,-285.292,294.91,-47.357,0,0,3,"=","=","=","=","=","=","","","",2,R,"아침땅_",180.1,99.936,0.502,,35,W,Y,1,,,,,,,,,,,,,,,,,,,,,,,,,,,,0,0,,,,,,,,,,,,,,,,,,,,,,,,,,,,,,,,,,,,,,0.022,-37.882,-0.042,-17.329,-18.924,-44.113,-12.657,-63.074,17.35,-45.506,13.462,-62.668,8.552,-93.191,0,-109.87,-40.83,-90.577,,,,"",,,,"",,,,"",,,,"",,,,"",,,,"",,,,"",,,,"",,,,2867.514,-0.447,-37.221,,,,,,,,,,,,,,,,,,,,,,,,,,,,,,,,,,,,,,,,,,,,,,,,,,,,"",0,,,,,0,"",,,,0,""
114,,6,0,2,3,0,1,1,0,0,0,255,255,255,48,2876.756,"P0TA0",R,32,54,110,1.67,0.82,0.382,1.881,0.363,1.954,-36.587,68.187,87,13,0,1,191.712,-122.837,-16.524,0,0,3,"=","=","=","=","=","=","","","",2,R,"아침땅_",180.1,99.936,0.502,,35,W,Y,0,,,,,,,,,,,,,,,,,,,,,,,,,,,,0,0,,,,,,,,,,,,,,,,,,,,,,,,,,,,,,,,,,,,,,-0.11,-37.977,-0.02,-17.193,-18.932,-44.136,-13.744,-62.739,17.398,-46.99,13.627,-63.27,24.787,-96.072,0,-109.85,-40.815,-90.564,,,,"",,,,"",,,,"",,,,"",,,,"",,,,"",,,,"",,,,"",,,,2880.267,-0.091,-37.125,,,,,,,,,,,,,,,,,,,,,,,,,,,,,,,,,,,,,,,,,,,,,,,,,,,,"",0,,,,,0,"",,,,0,""
115,,6,0,2,3,1,1,1,0,0,0,255,255,255,49,2889.075,"P0TA0",R,13,51,84,-3.495,-1.216,0.19,1.774,-0.76,1.564,-36.587,52.481,93,7,0,4,-287.536,328.97,-45.819,-0.894,-18.439,3,"=","=","=","=","=","=","","","",2,R,"아침땅_",180.1,99.936,0.502,,35,W,Y,1,,,,,,,,,,,,,,,,,,,,,,,,,,,,0,0,,,,,,,,,,,,,,,,,,,,,,,,,,,,,,,,,,,,,,-0.129,-37.83,-0.043,-17.428,-18.434,-43.07,-13.935,-63.988,17.479,-46.26,13.083,-63.451,24.791,-96.069,0,-109.85,-40.807,-90.557,,,,"",,,,"",,,,"",,,,"",,,,"",,,,"",,,,"",,,,"",,,,2893.026,-0.423,-37.465,,,,,,,,,,,,,,,,,,,,,,,,,,,,,,,,,,,,,,,,,,,,,,,,,,,,"",0,,,,,0,"",,,,0,""
116,,6,0,2,3,1,2,1,0,0,0,255,255,255,50,2902.585,"P0TA0",R,26,92,140,-0.639,-1.022,0.21,1.46,-0.417,0.831,-36.587,26.632,50,50,0,2,97.023,-181.775,-5.616,0,0,3,"=","=","=","=","=","=","","","",2,R,"아침땅_",180.1,99.936,0.502,3,35,W,Y,1,2903.595,115,48,86,31,13,136,79,-30,47.278,-0.133,0.534,-19.29,1,0.143,0.324,-260.118,210.089,292.247,2903.476,-1.006,-20.095,2905.4,2,-20.091,0.084,-37.609,0,0,,,,,,,,,,,,,,,,,,,,,,,,,,,,,,,,,,,,,,-0.055,-37.906,-0.014,-17.281,-18.457,-43.104,-13.837,-62.141,16.974,-47.253,12.707,-63.568,23.571,-95.193,0,-109.85,-40.815,-90.564,-0.166,-37.106,,"ke ro",-0.034,-17.283,,"encounter v",-18.246,-42.862,86,"시즈카_Shizuka",-12.826,-62.516,,"MODECO",16.941,-47.273,,"Yes_Man_",12.783,-63.513,,"Kr_Luna",22.791,-94.716,,"AI",0,-109.84,,"AI",-40.8,-90.55,,2908.654,-0.652,-38.127,,,,2905.413,-20.688,-38.576,,,,,,,,,,,,,,,,,,,,,,,,,2907.618,-17.863,-39.08,,,,,,,,,,,,,,,,,,,"",3,0,0,0,-2,0,"encounter v",,,,12,""
117,,6,0,2,3,1,2,1,0,0,0,255,255,255,51,2917.722,"P0TA0",R,26,60,101,-1.08,-0.928,0.192,1.458,-0.737,0.822,-36.587,27.213,55,45,0,0,121.649,-200,-42.277,0,0,3,"=","=","=","=","=","=","","","",2,R,"아침땅_",180.1,99.936,0.502,,35,W,Y,0,,,,,,,,,,,,,,,,,,,,,,,,,,,,0,0,,,,,,,,,,,,,,,2920.442,3,,578,0,,,,,,,,,,,,,,,,,,,-0.039,-37.915,0.006,-17.418,-19.534,-44.652,-13.696,-61.751,16.688,-47.489,10.7,-63.416,20.786,-92.363,0,-109.85,-40.808,-90.557,,,,"",,,,"",,,,"",,,,"",,,,"",,,,"",,,,"",,,,"",,,,2922.462,-0.375,-37.178,,,,,,,,,,,,,,,,,,,,,,,,,,,,,,,,,,,,,,,,,,,,,,,,,,,,"",0,,,,,0,"",,,,0,""
118,,6,0,2,3,0,0,2,0,0,0,255,255,255,52,2935.996,"P0TA0",R,26,83,135,2.341,-0.852,0.444,1.661,0.756,1.065,-36.587,47.778,94,6,0,4,85.974,-161.169,-10.104,-0.584,-20.113,4,"=","=","=","=","=","=","","","",3,R,"_송글_",175.4,91.844,0.315,,67,W,Y,1,,,,,,,,,,,,,,,,,,,,,,,,,,,,0,0,,,,,,,,,,,,,,,,,,,,,,,,,,,,,,,,,,,,,,-0.082,-37.88,-0.03,-17.515,-17.694,-42.591,-13.761,-60.178,17.572,-46.606,8.694,-64.172,20.764,-92.654,0,-109.85,-40.815,-90.564,,,,"",,,,"",,,,"",,,,"",,,,"",,,,"",,,,"",,,,"",,,,2945.915,-0.046,-38.068,,,,,,,,,,,,,,,,,,,,,,,,,,,,,,,,,,,,,,,,,,,,,,,,,,,,"",0,,,,,0,"",,,,0,""
119,,6,0,2,3,0,1,2,0,0,0,255,255,255,53,2953.76,"P0TA0",R,26,86,139,1.07,0.68,0.339,1.805,0.28,1.827,-36.587,44.451,88,12,0,2,127.879,-175.498,0.411,0,0,4,"=","=","=","=","=","=","","","",3,R,"_송글_",175.4,91.844,0.315,5,46,W,Y,1,2954.716,136,86,141,71,2,142,83,-43.446,-62.925,0.198,1.15,-20.208,-1,0,0.509,388.351,-155.822,-107.918,2954.659,1.215,-20.73,,,,,,0,0,,,,,,,,,,,,,,,,,,,,,,,,,,,,,,,,,,,,,,-0.104,-37.849,-0.022,-17.473,-17.603,-42.486,-12.323,-60.791,17.331,-46.556,9.576,-65.697,20.795,-92.659,0,-109.86,-40.815,-90.564,-0.34,-37.195,,"ke ro",-0.026,-17.462,,"encounter v",-17.497,-42.364,,"시즈카_Shizuka",-12.679,-60.546,,"MODECO",17.172,-46.414,,"Yes_Man_",9.487,-65.586,,"Kr_Luna",20.752,-92.66,,"AI",0,-109.84,,"AI",-40.8,-90.55,,,,,,,,,,,,,,,,,,,,,,,,,,,,,,,,,,,,,,,,,,,,,,,,,,,,,,,,"",3,-62.85,-115.378,-0.016,0,0,"",,,,0,""
120,,6,0,2,3,0,2,2,0,0,0,255,255,255,54,2969.77,"P0TA0",R,32,67,107,0.882,0.843,0.396,1.818,-0.009,1.893,-36.587,57.1,93,7,0,2,193.27,-171.175,-37.8,0,0,4,"=","=","=","=","=","=","","","",3,R,"_송글_",175.4,91.844,0.315,3,46,W,Y,1,2970.825,147,160,111,148,32,145,95,-69.129,56.186,0.154,1.273,-21.21,-0.33,0,0.827,87.242,-95.41,-154.737,2970.759,-0.533,-21.671,2974.809,2,-21.492,0.082,-36.375,0,0,,,,,,,,,,,,,,,,,,,,,,,,,,,,,,,,,,,,,,-0.024,-37.828,-0.033,-17.222,-19.073,-44.243,-11.957,-61.491,17.458,-46.042,9.775,-66.588,30.634,-93.945,0,-109.85,-40.808,-90.557,-0.4,-37.158,,"ke ro",-0.054,-17.218,,"encounter v",-18.893,-44,106,"시즈카_Shizuka",-12.478,-61.248,,"MODECO",17.623,-45.727,,"Yes_Man_",9.304,-66.608,,"Kr_Luna",31.017,-92.812,,"AI",0,-109.84,,"AI",-40.8,-90.55,,2977.39,-0.549,-37.594,,,,2974.866,-22.307,-36.739,,,,,,,,,,,,,,,,,,,,,,,,,2976.445,-19.326,-37.267,,,,,,,,,,,,,,,,,,,"",3,0,0,0,-2,0,"encounter v",,,,12,""
121,,6,0,2,3,0,2,2,0,0,0,255,255,255,55,2990.788,"P0TA0",R,13,53,86,-2.249,-1.177,0.286,1.623,-0.253,1.53,-36.587,29.079,54,46,0,4,-305.249,312.348,-57.395,-0.684,-18.246,4,"=","=","=","=","=","=","","","",3,R,"_송글_",175.4,91.844,0.315,,46,W,Y,1,,,,,,,,,,,,,,,,,,,,,,,,,,,,0,0,,,,,,,,,,,,,,,,,,,,,,,,,,,,,,,,,,,,2993.642,1,-0.038,-37.77,0.013,-17.034,-17.017,-41.834,-14.097,-63.015,17.861,-45.024,10.298,-65.959,25.731,-87.99,0,-109.85,-40.807,-90.557,,,,"",,,,"",,,,"",,,,"",,,,"",,,,"",,,,"",,,,"",,,,2996.384,-0.23,-37.704,,,,,,,,,,,,,,,,,,,,,,,,,,,,,,,,,,,,,,,,,,,,,,,,,,,,"",0,,,,,0,"",,,,0,""
122,SIDE,6,0,2,3,0,0,2,0,0,0,255,255,255,,2998.517,,,,,,,,,,,,,,,,,,,,,,,5,"=","=","=","=","=","=","","","",,,,,,,,,,,,,,,,,,,,,,,,,,,,,,,,,,,,,,,0,0,,,,,,,,,,,,,,,,,,,,,,,,,,,,,,,,,,,,,,,,,,,,,,,,,,,,,,,,,,,,,,,,,,,,,,,,,,,,,,,,,,,,,,,,,,,,,,,,,,,,,,,,,,,,,,,,,,,,,,,,,,,,,,,,,,,,,,,,,,,,,,,,,"",0,,,,,0,"",,,,0,""
123,,7,1,2,3,0,0,0,0,0,0,255,255,255,54,3031.082,"Floră",R,33,82,133,-0.138,-0.869,0.245,1.585,-0.256,1.073,-36.341,27.844,0,100,0,0,134.497,-21.893,3.83,0,0,0,"Yes_Man_","시즈카_Shizuka","encounter v","P0TA0","MODECO","Kr_Luna","ke ro","","",5,R,"Yes_Man_",175,85.251,0.499,,67,W,Y,0,,,,,,,,,,,,,,,,,,,,,,,,,,,,0,0,,,,,,,,,,,,,,,,,,,,,,,,,,,,,,,,,,,,,,-0.123,-37.488,0.018,-17.542,-22.939,-48.969,-13.937,-64.349,19.623,-50.435,11.991,-62.671,40.9,-90.65,0,-109.84,-40.8,-90.55,,,,"",,,,"",,,,"",,,,"",,,,"",,,,"",,,,"",,,,"",,,,,,,,,,,,,,,,,,,,,,,,,,,,,,,,,,,,,,,,,,,,,,,,,,,,,,,,,,"",0,,,,,0,"",,,,0,""
124,,7,1,2,3,0,1,0,0,0,0,255,255,255,55,3045.254,"Floră",R,33,84,136,0.108,0.272,0.279,1.579,-0.1,1.755,-36.341,21.726,0,100,0,0,101.462,-6.841,2.08,0,0,0,"=","=","=","=","=","=","=","","",5,R,"Yes_Man_",175,85.251,0.499,,67,W,Y,1,,,,,,,,,,,,,,,,,,,,,,,,,,,,0,0,,,,,,,,,,,,,,,,,,,,,,,,,,,,,,,,,,,,,,-0.073,-37.495,0.015,-17.503,-23.032,-49.062,-13.307,-64.683,19.845,-50.865,11.777,-62.789,40.9,-90.65,0,-109.84,-40.8,-90.55,,,,"",,,,"",,,,"",,,,"",,,,"",,,,"",,,,"",,,,"",,,,,,,,,,,,,,,,,,,,,,,,,,,,,,,,,,,,,,,,,,,,,,,,,,,,,,,,,,"",0,,,,,0,"",,,,0,""
125,,7,1,2,3,0,2,0,0,0,0,255,255,255,56,3060.034,"Floră",R,32,78,128,6.56,-0.5,0.639,1.614,2.605,1.295,-36.341,54.596,0,100,0,1,158.536,-11.18,3.659,0,0,0,"=","=","=","=","=","=","=","","",5,R,"Yes_Man_",175,85.251,0.499,,67,W,Y,0,,,,,,,,,,,,,,,,,,,,,,,,,,,,0,0,,,,,,,,,,,,,,,,,,,,,,,,,,,,,,,,,,,,,,-0.011,-37.456,0.029,-17.443,-22.966,-49.013,-13.35,-64.602,19.817,-50.86,12.04,-62.691,40.9,-90.65,0,-109.84,-40.8,-90.55,,,,"",,,,"",,,,"",,,,"",,,,"",,,,"",,,,"",,,,"",,,,,,,,,,,,,,,,,,,,,,,,,,,,,,,,,,,,,,,,,,,,,,,,,,,,,,,,,,"",0,,,,,0,"",,,,0,""
126,,7,1,2,3,1,2,0,0,0,0,255,255,255,57,3078.256,"Floră",R,33,81,132,0.732,-0.524,0.328,1.536,0.129,1.269,-36.341,29.115,0,100,0,2,127.348,-28.645,0.412,0,0,0,"=","=","=","=","=","=","=","","",5,R,"Yes_Man_",175,85.251,0.499,5,67,W,Y,1,3079.35,159,81,59,55,35,137,87,-85.466,-82.136,0.133,0.696,-19.458,-0.59,0,0.476,-246.524,109.871,320.718,3079.267,0.184,-19.464,3082.467,1,4.504,2.091,-19.998,0,0,,,,,,,,,,,,,,,,,,,,,,,,,,,,,,,,,,,,,,-0.089,-37.373,0.036,-17.441,-23.171,-49.181,-13.252,-64.632,19.826,-50.872,11.8,-62.822,40.9,-90.65,0,-109.84,-40.8,-90.55,-0.104,-36.954,,"인생최패망자",0,-17.466,113,"아침땅_",-22.831,-48.893,,"_송글_",-13.235,-64.513,,"Yaksok~",19.829,-50.854,,"_Chun",12.019,-62.702,,"AI",40.904,-90.653,,"AI",0,-109.844,,"AI",-40.804,-90.553,,3084.857,-1.419,-37.684,3082.48,4.566,-20.011,,,,,,,,,,,,,,,,,,,,,,,,,3083.976,3.842,-20.521,,,,,,,,,,,,,,,,,,,,,,"",3,98.05,172.878,23.095,0,0,"인생최패망자",,,,34,""
127,,7,1,2,3,1,2,0,0,0,0,255,255,255,58,3097.003,"Floră",R,8,54,93,0.098,-1.023,0.17,1.561,-0.262,1.037,-36.341,52.686,0,100,0,2,135.204,0,17.016,0,0,0,"=","=","=","=","=","=","=","","",5,R,"Yes_Man_",175,85.251,0.499,5,67,W,Y,1,3098.267,39,197,90,82,66,74,66,-30,-37.312,0.015,0.684,-21.076,0.95,0,0.619,-413.592,-39.175,-206.128,3098.217,0.659,-21.92,3100.409,4,16.035,0.056,-42.713,0,0,,3103.731,,,,,,,,,,,,,3103.073,0,,147,1,,,,,,,,,,,,,,,,,,,-0.313,-37.361,0.021,-17.416,-22.649,-48.517,-11.646,-65.828,19.145,-50.893,11.879,-64.386,40.9,-90.65,0,-109.84,-40.8,-90.55,-0.546,-36.785,,"인생최패망자",-0.114,-17.479,,"아침땅_",-22.621,-48.517,87,"_송글_",-12.596,-64.746,,"Yaksok~",19.131,-50.922,105,"_Chun",11.826,-64.389,,"AI",40.904,-90.654,,"AI",0,-109.844,,"AI",-40.804,-90.554,,3104.785,-0.777,-37.355,,,,3102.543,-18.211,-39.98,,,,3100.547,16.822,-43.849,,,,,,,,,,,,,,,,,,,3103.784,-17.558,-39.33,,,,3101.003,13.731,-43.649,,,,,,,,,,,,,"",2,-37.592,-168.128,-12.509,0,0,"Yaksok~",,,,41,""
128,,7,1,2,3,0,0,1,0,0,0,255,255,255,59,3121.224,"Floră",R,0,51,94,-0.721,-0.892,0.16,1.562,-0.319,1.113,-36.341,65.272,0,100,0,2,0,0,8.145,0,0,1,"=","=","=","=","=","=","=","","",3,R,"시즈카_Shizuka",175,88.299,0.497,5,67,W,Y,1,3122.532,255,81,110,85,124,145,84,-68.217,44.326,-0.117,0.747,-21.3,-1,0,0.954,-60.616,108.059,425.924,3122.442,-0.308,-21.496,3126.159,2,-15.951,0.325,-37.593,0,2,,3127.81,,,,,,,,,,,,,3127.293,1,,275,0,,,,,,,,,,,,,,,,,,,-0.373,-37.402,0.018,-17.397,-22.658,-48.414,-12.276,-64.868,19.787,-51.293,12.806,-63.177,40.9,-90.65,0,-109.84,-40.8,-90.55,-0.547,-36.685,,"인생최패망자",-0.091,-17.533,,"아침땅_",-22.817,-48.888,81,"_송글_",-12.38,-64.651,,"Yaksok~",19.791,-51.301,,"_Chun",12.867,-63.173,,"AI",40.904,-90.654,,"AI",0,-109.844,,"AI",-40.804,-90.554,,3130.57,-2.77,-39.741,,,,3126.31,-16.511,-37.999,,,,,,,,,,,,,,,,,,,,,,,,,3129.906,-10.407,-34.682,,,,,,,,,,,,,,,,,,,"",2,-134.616,-178.491,-20.337,0,0,"아침땅_",,,,40,""
129,,7,1,2,3,0,0,2,0,0,0,255,255,255,60,3146.592,"Floră",R,33,80,130,-2.045,-0.242,0.074,1.613,-1.051,1.433,-36.341,37.805,0,100,0,1,109.108,-23.034,2.141,0,0,2,"=","=","=","=","=","=","=","","",2,L,"encounter v",190,83.037,0.46,,67,W,Y,0,,,,,,,,,,,,,,,,,,,,,,,,,,,,0,0,,,,,,,,,,,,,,,,,,,,,,,,,,,,,,,,,,,,,,-0.326,-37.479,0.033,-17.609,-22.109,-50.014,-13.647,-64.829,20.983,-50.467,11.707,-63.915,40.9,-90.65,0,-109.84,-40.8,-90.55,,,,"",,,,"",,,,"",,,,"",,,,"",,,,"",,,,"",,,,"",,,,3150.551,-0.338,-36.642,,,,,,,,,,,,,,,,,,,,,,,,,,,,,,,,,,,,,,,,,,,,,,,,,,,,"",0,,,,,0,"",,,,0,""
130,,7,1,2,3,1,0,2,0,0,0,255,255,255,61,3158.971,"Floră",R,13,72,111,-1.014,-1.048,0.352,1.588,0.241,1.35,-36.341,44.121,0,100,0,1,-390.434,312.348,42.656,-0.54,-17.181,2,"=","=","=","=","=","=","=","","",2,L,"encounter v",190,83.037,0.46,,67,W,Y,0,,,,,,,,,,,,,,,,,,,,,,,,,,,,0,0,,,,,,,,,,,,,,,,,,,,,,,,,,,,,,,,,,,,,,-0.161,-37.491,0.046,-17.652,-22.182,-49.63,-13.774,-64.861,20.994,-50.463,10.059,-64.763,40.9,-90.65,0,-109.84,-40.8,-90.55,,,,"",,,,"",,,,"",,,,"",,,,"",,,,"",,,,"",,,,"",,,,3162.993,-0.159,-36.668,,,,,,,,,,,,,,,,,,,,,,,,,,,,,,,,,,,,,,,,,,,,,,,,,,,,"",0,,,,,0,"",,,,0,""
131,,7,1,2,3,2,0,2,0,0,0,255,255,255,62,3173.658,"Floră",R,33,77,127,-0.7,-0.392,0.245,1.497,-0.255,1.482,-36.341,43.825,0,100,0,2,112.926,2.518,1.219,0,0,2,"=","=","=","=","=","=","=","","",2,L,"encounter v",190,83.037,0.46,0,67,W,Y,1,3174.527,201,176,132,90,0,145,101,40.158,-39.528,-0.035,0.932,-20.281,-0.54,0,0.515,388.442,-356.432,112.275,3179.775,59.481,-80.436,3180.05,6,60.077,0.342,-80.795,1,0,,3180.669,,,,,,,,,,,,,,,,,,,,,,,,,,,,,,,,,,,,-0.238,-37.532,0.028,-17.664,-21.861,-49.653,-14.085,-64.671,20.988,-50.485,10.183,-64.726,40.9,-90.65,0,-109.84,-40.8,-90.55,-0.41,-36.775,,"인생최패망자",-0.034,-17.699,,"아침땅_",-21.888,-49.64,85,"_송글_",-13.881,-64.619,,"Yaksok~",20.994,-50.471,,"_Chun",9.915,-64.815,90,"AI",40.903,-90.653,,"AI",0,-109.844,,"AI",-40.803,-90.553,,3189.994,-1.575,-37.857,,,,3187.361,-19.551,-40.747,,,,,,,3183.338,29.316,-70.783,,,,,,,,,,,,,,,,3188.943,-17.883,-40.731,,,,,,,3184.822,22.655,-65.389,,,,,,,,,,"",2,0,0,0,-2,0,"AI",,,,44,""
132,,7,1,2,3,0,0,2,1,0,0,2,255,255,63,3209.854,"Floră",R,33,84,137,-1.266,-0.846,0.142,1.56,-0.734,1.04,-36.341,38.762,0,100,0,0,132.337,-39.779,0.313,0,0,3,"=","=","=","=","=","=","=","","",0,R,"P0TA0",190,96,0.502,,67,W,Y,0,,,,,,,,,,,,,,,,,,,,,,,,,,,,0,0,,,,,,,,,,,,3209.925,,,,,,,,,,,,,,,,,,,,,,,,,,-0.279,-37.456,0.054,-17.831,-22.412,-46.82,-13.097,-64.688,19.496,-49.095,6.691,-65.532,40.9,-90.65,0,-109.84,-40.8,-90.55,,,,"",,,,"",,,,"",,,,"",,,,"",,,,"",,,,"",,,,"",,,,3213.768,-0.333,-36.585,,,,,,,,,,,,,,,,,,,,,,,,,,,,,,,,,,,,,,,,,,,,,,,,,,,,"",0,,,,,0,"",,,,0,""
133,,7,1,2,3,0,1,2,1,0,0,2,255,255,64,3222.942,"Floră",R,3,74,115,1.982,-0.894,0.397,1.575,1.553,1.048,-36.341,59.257,0,100,0,1,-417.182,0,0.047,0,0,3,"=","=","=","=","=","=","=","","",0,R,"P0TA0",190,96,0.502,,67,W,Y,0,,,,,,,,,,,,,,,,,,,,,,,,,,,,0,0,,,,,,,,,,,,3236.709,,,,,,,,,,,,,,,,,,3226.254,2,,,,,,,-0.216,-37.446,0.062,-17.646,-21.684,-47.155,-13.475,-64.623,19.485,-49.113,6.927,-65.526,40.9,-90.65,0,-109.84,-40.8,-90.55,,,,"",,,,"",,,,"",,,,"",,,,"",,,,"",,,,"",,,,"",,,,3228.939,-1.294,-37.597,,,,,,,,,,,,,,,,,,,,,,,,,,,,,,,,,,,,,,,,,,,,,,,,,,,,"",0,,,,,0,"",,,,0,""
134,,7,1,2,3,1,1,2,1,0,0,2,255,255,65,3237.874,"Floră",R,33,78,129,1.26,1.098,0.377,1.75,0.36,2.302,-36.341,54.502,0,100,0,1,121.68,5.073,4.305,0,0,3,"=","=","=","=","=","=","=","","",0,R,"P0TA0",190,96,0.502,,67,W,Y,0,,,,,,,,,,,,,,,,,,,,,,,,,,,,0,0,,,,,,,,,,,,3251.562,,,,,,,,,,,,,,,,,,,,,,,,,,-0.179,-37.595,0.03,-17.473,-21.853,-47.208,-12.243,-65.042,20.446,-49.352,5.649,-65.695,40.9,-90.65,0,-109.84,-40.8,-90.55,,,,"",,,,"",,,,"",,,,"",,,,"",,,,"",,,,"",,,,"",,,,3242.14,-0.373,-36.69,,,,,,,,,,,,,,,,,,,,,,,,,,,,,,,,,,,,,,,,,,,,,,,,,,,,"",0,,,,,0,"",,,,0,""
135,,7,1,2,3,1,2,2,1,0,0,2,255,255,66,3252.407,"Floră",R,3,72,101,-0.868,-1.35,0.189,1.512,0.378,1.041,-36.341,56.537,0,100,0,2,-380.81,184.224,-4.625,0,0,3,"=","=","=","=","=","=","=","","",0,R,"P0TA0",190,96,0.502,3,67,W,Y,1,3253.541,165,109,105,76,58,145,87,23.508,51.42,-0.325,0.543,-20.29,1,0,0.211,162.4,561.331,136.139,3256.442,-41.499,-48.908,,,,,,0,0,,,,,,,,,,,,3271.124,,,,,,,,,,,,,,,,,,,,,,,,,,-0.377,-37.453,0.066,-17.444,-21.863,-47.577,-12.501,-64.967,20.264,-49.722,6.122,-66.005,40.9,-90.65,0,-109.84,-40.8,-90.55,-0.658,-36.771,,"인생최패망자",-0.082,-17.695,,"아침땅_",-21.766,-47.638,,"_송글_",-12.28,-64.871,,"Yaksok~",20.257,-49.699,,"_Chun",6.471,-65.904,,"AI",40.904,-90.653,,"AI",0,-109.844,,"AI",-40.804,-90.553,,,,,,,,,,,,,,,,,,,,,,,,,,,,,,,,,,,,,,,,,,,,,,,,,,,,,,,,"",3,0,0,0,-2,0,"",,,,0,""
136,,7,1,2,3,1,2,2,1,0,0,2,255,255,67,3272.104,"Floră",R,32,83,134,-1.444,1.058,0.118,1.742,-0.845,2.276,-36.341,39.849,0,100,0,2,152.779,2.7,7.51,0,0,3,"=","=","=","=","=","=","=","","",0,R,"P0TA0",190,96,0.502,3,67,W,Y,1,3273.078,242,148,98,88,42,145,87,14.218,7.82,-0.28,1.374,-19.395,-1,0,0.273,152.208,-334.826,101.314,,,,3275.583,3,-4.579,3.611,-63.507,0,0,,,,,,,,,,,,,,,3275.691,3,,452,0,,,,,,,,,,,,,,,,,,,-0.285,-37.608,0.056,-17.49,-22.385,-47.972,-11.468,-65.528,20.116,-49.858,5.941,-64.803,40.9,-90.65,0,-109.84,-40.8,-90.55,-0.396,-36.644,,"인생최패망자",-0.202,-17.517,,"아침땅_",-22.335,-47.922,,"_송글_",-11.336,-65.44,,"Yaksok~",20.129,-49.84,,"_Chun",6.05,-64.785,,"AI",40.903,-90.653,,"AI",0,-109.844,,"AI",-40.803,-90.553,,,,,,,,,,,3275.704,-4.851,-64.27,,,,,,,,,,,,,,,,,,,,,,,,,,,,,,,,,,,,,,,,,,,"",1,0,0,0,-2,0,"_송글_",,,,16,""
137,SIDE,7,1,2,3,0,0,2,1,0,0,2,255,255,,3276.971,,,,,,,,,,,,,,,,,,,,,,,4,"=","=","=","=","=","=","=","","",,,,,,,,,,,,,,,,,,,,,,,,,,,,,,,,,,,,,,,0,0,,,,,,,,,,,,,,,,,,,,,,,,,,,,,,,,,,,,,,,,,,,,,,,,,,,,,,,,,,,,,,,,,,,,,,,,,,,,,,,,,,,,,,,,,,,,,,,,,,,,,,,,,,,,,,,,,,,,,,,,,,,,,,,,,,,,,,,,,,,,,,,,,"",0,,,,,0,"",,,,0,""
138,,7,0,2,3,0,0,0,0,0,0,255,255,255,56,3315.694,"P0TA0",R,32,59,114,2.74,0.116,0.488,1.661,0.842,1.577,-36.587,40.165,47,53,0,2,191.637,-104.029,-41.62,0,0,5,"Yaksok~","인생최패망자","_Chun","아침땅_","_송글_","Floră","","","",0,R,"Floră",190,85.304,0.403,5,67,W,Y,1,3316.943,178,151,172,137,106,145,99,102.905,50.919,0.493,1.101,-20.939,-0.53,0,0.464,157.554,80.478,511.663,3323.884,14.152,-2.072,,,,,,0,0,,,,,,,,,,,,,,,,,,,,,,,,,,,,,,,,,,,,,,-0.026,-37.932,0.01,-17.306,-18.281,-43.304,-9.795,-62.717,17.958,-46.923,10.763,-64.269,19.079,-89.64,0,-109.9,-40.852,-90.598,-0.34,-37.238,,"ke ro",-0.027,-17.291,,"encounter v",-18.116,-43.127,,"시즈카_Shizuka",-9.491,-62.732,,"MODECO",17.801,-46.789,,"Yes_Man_",10.457,-64.347,,"Kr_Luna",18.907,-89.389,,"AI",0,-109.84,,"AI",-40.8,-90.55,,,,,,,,,,,,,,,,,,,,,,,,,,,,,,,,,,,,,,,,,,,,,,,,,,,,,,,,"",3,-130.457,180,-33.181,0,0,"",,,,0,""
139,,7,0,2,3,0,1,0,0,0,0,255,255,255,57,3339.624,"P0TA0",R,32,56,111,0.912,-0.065,0.434,1.727,0.055,1.455,-36.587,46.194,88,12,0,2,184.467,-108.451,-48.269,0,0,5,"=","=","=","=","=","=","","","",0,R,"Floră",190,85.304,0.403,0,90,W,Y,1,3340.817,155,127,135,128,108,145,133,26.487,-24.228,0.165,1.024,-20.771,0.64,0,0.351,362.011,45.624,250.756,3346.275,49.834,-135.151,,,,,,0,0,,3347.206,3352.051,3357.169,3364.13,,,,,,,,,,,,,,,,,,,,,,,,,,,,,,,,,0.013,-37.785,-0.026,-17.394,-18.311,-43.311,-14.699,-61.56,18.453,-47.224,10.334,-64.492,27.969,-89.177,0,-109.86,-40.815,-90.564,-0.249,-37.218,,"ke ro",-0.065,-17.373,,"encounter v",-18.096,-43.105,,"시즈카_Shizuka",-15.134,-60.295,,"MODECO",18.19,-46.896,,"Yes_Man_",10.337,-64.492,,"Kr_Luna",27.967,-89.137,,"AI",0,-109.84,,"AI",-40.8,-90.55,,,,,,,,,,,,,,,,,,,,,,,,,,,,,,,,,,,,,,,,,,,,,,,,,,,,,,,,"",4,0,0,0,-2,0,"",3352.051,3357.169,3364.13,0,""
140,,7,0,2,4,0,0,0,0,0,0,255,255,255,58,3380.044,"P0TA0",R,13,61,104,-1.273,-0.674,0.403,1.698,0.564,1.796,-36.587,38.989,94,6,0,2,-369.138,312.348,-65.248,0,0,0,"=","=","=","=","=","=","","","",4,R,"Yaksok~",172.8,87.97,0.328,5,67,W,Y,1,3381.109,140,90,114,101,45,144,120,26.9,-16.266,-0.1,0.803,-20.736,0.75,0,0.1,199.274,552.727,-118.386,3386.101,16.91,-125.128,3387.842,7,17.24,0.345,-131.969,1,0,,3387.217,3391.84,3404.648,,,,,,,,,,,,,,,,,,,,,,,,,,,,,,3411.677,4,,,0.007,-37.747,-0.012,-17.308,-19.201,-44.055,-12.3,-62.528,18.195,-44.75,9.969,-63.194,36.814,-93.445,0,-109.86,-40.822,-90.57,-0.331,-37.292,,"ke ro",-0.022,-17.297,,"encounter v",-19.01,-43.851,,"시즈카_Shizuka",-12.27,-62.434,65,"MODECO",18.15,-44.781,78,"Yes_Man_",9.949,-63.165,,"Kr_Luna",36.762,-92.859,,"AI",0,-109.84,,"AI",-40.8,-90.55,,3416.407,2.578,-37.498,,,,,,,3392.748,0.13,-59.657,3404.261,41.274,-50.474,,,,,,,,,,,,,,,,,,,,,,3397.05,-2.098,-56.099,3415.586,15.419,-39.027,,,,,,,,,,,,,"",2,-11.537,60.255,2.758,0,0,"AI",3391.84,3404.648,,26,""
141,,7,0,2,4,0,0,0,0,0,1,255,255,14,59,3430.93,"P0TA0",R,32,65,118,0.226,0.499,0.339,1.825,-0.286,1.714,-36.587,47.363,88,12,0,2,225.176,-199.848,-41.413,0,0,1,"=","=","=","=","=","=","","","",1,R,"인생최패망자",190,80,0.346,0,83,W,Y,1,3432.054,19,10,0,0,0,1,30,27.228,40.851,0.036,1.25,-21.02,-0.76,1,0.743,-105.167,-24.233,150.158,3433.609,-7.729,-30.039,3436.025,2,-14.892,0.057,-37.107,0,0,,3437.455,,,,,,,,,3436.076,,,,3437.872,1,,147,0,,,,,,,,,,,3437.139,2,,,,,,,-0.105,-37.869,-0.075,-17.488,-19.008,-43.254,-9.207,-62.598,19.071,-40.834,5.22,-52.297,30.372,-101.796,0,-109.86,-40.822,-90.57,-0.015,-37.049,,"ke ro",-0.105,-17.487,,"encounter v",-18.104,-41.936,78,"시즈카_Shizuka",-7.885,-61.816,,"MODECO",16.59,-39.591,,"Yes_Man_",6.19,-52.184,,"Kr_Luna",28.044,-95.234,,"AI",0,-109.84,,"AI",-40.8,-90.55,,3442.959,-8.181,-35.951,,,,3436.137,-15.226,-37.399,,,,,,,,,,,,,,,,,,,,,,,,,3442.208,-16.617,-40.824,,,,,,,,,,,,,,,,,,,"",2,0,0,0,-2,0,"encounter v",,,3436.076,12,""
142,,7,0,2,5,0,0,1,0,0,0,255,255,255,60,3458.664,"P0TA0",R,28,62,116,-0.334,0.248,0.284,1.808,-0.188,1.605,-36.587,32.812,56,44,0,2,26.123,-85.305,-8.023,0,0,2,"=","=","=","=","=","=","","","",5,L,"_Chun",160,80,0.445,3,67,W,Y,1,3459.704,29,22,31,25,20,18,37,-30.241,-37.408,-0.008,0.869,-20.341,0.32,1,0.615,41.513,5.833,576.705,3459.775,0.98,-21.627,3461.442,4,7.106,0.059,-30.058,0,0,,,,,,,,,,,,,,,3464.081,2,,147,16,,,,,,,,,,,,,,,,,,,-0.17,-37.963,-0.012,-17.156,-16.854,-41.621,-8.686,-50.932,16.582,-40.511,6.961,-43.699,34.564,-92.721,0,-109.86,-40.822,-90.571,0.072,-37.116,,"ke ro",-0.024,-17.3,,"encounter v",-15.388,-40.226,85,"시즈카_Shizuka",-8.682,-50.92,,"MODECO",13.356,-35.424,99,"Yes_Man_",6.914,-43.493,,"Kr_Luna",34.653,-92.64,,"AI",0,-109.84,,"AI",-40.8,-90.55,,3466.741,-1.016,-39.314,,,,3463.398,-17.764,-38.755,,,,3461.616,7.928,-31.076,,,,,,,,,,,,,,,,,,,3465.733,-17.497,-39.379,,,,3462.287,4.703,-31.742,,,,,,,,,,,,,"",2,0,0,0,-2,0,"MODECO",,,,28,""
143,,7,0,2,5,0,0,2,0,0,0,255,255,255,61,3483.269,"P0TA0",R,27,78,128,0.743,-0.259,0.422,1.713,0.648,1.362,-36.587,51.337,90,10,0,2,101.154,-113.956,-0.523,0,0,3,"=","=","=","=","=","=","","","",2,R,"아침땅_",180.1,99.936,0.502,0,67,W,Y,1,3484.222,129,66,93,36,15,138,84,16.202,-43.323,0.347,0.864,-19.97,-1,0.048,0.363,30.097,-590.058,-104.526,3486.3,32.826,-49.304,,,,,,0,0,,,,,,,,,,,,,,,,,,,,,,,,,,,,,,,,,,,,,,-0.093,-37.955,-0.038,-17.494,-19.493,-44.198,-12.702,-63.809,18.403,-43.673,9.835,-65.067,39.313,-88.345,0,-109.86,-40.822,-90.571,-0.237,-37.203,,"ke ro",-0.039,-17.491,,"encounter v",-18.057,-42.751,,"시즈카_Shizuka",-13.029,-63.36,,"MODECO",18.322,-43.644,,"Yes_Man_",9.536,-65.152,,"Kr_Luna",39.319,-88.347,,"AI",0,-109.84,,"AI",-40.8,-90.55,,,,,,,,,,,,,,,,,,,,,,,,,,,,,,,,,,,,,,,,,,,,,,,,,,,,,,,,"",3,0,0,0,-2,0,"",,,,0,""
144,,7,0,2,5,0,1,2,0,0,0,255,255,255,62,3500.514,"P0TA0",R,13,52,85,-2.847,-1.972,0.252,1.559,-0.53,1.15,-36.587,26.677,48,52,0,1,-273.896,352.651,-26.545,-0.63,-19.374,3,"=","=","=","=","=","=","","","",2,R,"아침땅_",180.1,99.936,0.502,,35,W,Y,0,,,,,,,,,,,,,,,,,,,,,,,,,,,,0,0,,,,,,,,,,,,,,,,,,,,,,,,,,,,,,,,,,,,,,-0.113,-37.715,0,-17.14,-19.35,-44.318,-13.443,-63.795,18.219,-45.046,9.77,-64.059,36.966,-83.833,0,-109.85,-40.815,-90.564,,,,"",,,,"",,,,"",,,,"",,,,"",,,,"",,,,"",,,,"",,,,,,,,,,,,,,,,,,,,,,,,,,,,,,,,,,,,,,,,,,,,,,,,,,,,,,,,,,"",0,,,,,0,"",,,,0,""
145,,7,0,2,5,1,1,2,0,0,0,255,255,255,63,3514.315,"P0TA0",R,39,54,97,-0.567,-0.602,0.146,1.42,-0.477,1.015,-36.587,11.804,48,52,0,0,97.711,-200,-38.343,0,0,3,"=","=","=","=","=","=","","","",2,R,"아침땅_",180.1,99.936,0.502,,35,W,Y,0,,,,,,,,,,,,,,,,,,,,,,,,,,,,0,0,,,,,,,,,,,,,,,,,,,,,,,,,,,,,,,,,,,,,,0.016,-37.787,-0.034,-17.32,-19.36,-44.321,-13.479,-63.916,18.337,-44.787,9.688,-64.198,36.22,-87.693,0,-109.85,-40.815,-90.564,,,,"",,,,"",,,,"",,,,"",,,,"",,,,"",,,,"",,,,"",,,,,,,,,,,,,,,,,,,,,,,,,,,,,,,,,,,,,,,,,,,,,,,,,,,,,,,,,,"",0,,,,,0,"",,,,0,""
146,,7,0,2,5,1,2,2,0,0,0,255,255,255,64,3527.103,"P0TA0",R,3,65,106,0.554,0.968,0.525,1.959,1.054,2.424,-36.587,68.07,91,9,0,0,-452.047,173.033,-56.432,-1.11,-12.752,3,"=","=","=","=","=","=","","","",2,R,"아침땅_",180.1,99.936,0.502,,35,W,Y,0,,,,,,,,,,,,,,,,,,,,,,,,,,,,0,0,,,,,,,,,,,,,,,3535.137,3,,147,64,,,,,,,,,,,,,,,,,,,-0.061,-37.939,-0.035,-17.115,-19.134,-44.094,-12.211,-65.079,18.344,-44.828,9.824,-64.181,36.157,-87.7,0,-109.85,-40.807,-90.557,,,,"",,,,"",,,,"",,,,"",,,,"",,,,"",,,,"",,,,"",,,,,,,,,,,,,,,,,,,,,,,,,,,,,,,,,,,,,,,,,,,,,,,,,,,,,,,,,,"",0,,,,,0,"",,,,0,""
147,SIDE,7,0,2,5,0,0,2,0,0,0,255,255,255,,3537.288,,,,,,,,,,,,,,,,,,,,,,,4,"=","=","=","=","=","=","","","",,,,,,,,,,,,,,,,,,,,,,,,,,,,,,,,,,,,,,,0,0,,,,,,,,,,,,,,,,,,,,,,,,,,,,,,,,,,,,,,,,,,,,,,,,,,,,,,,,,,,,,,,,,,,,,,,,,,,,,,,,,,,,,,,,,,,,,,,,,,,,,,,,,,,,,,,,,,,,,,,,,,,,,,,,,,,,,,,,,,,,,,,,,"",0,,,,,0,"",,,,0,""
148,,8,1,2,5,0,0,0,0,0,0,255,255,255,68,3564.018,"Floră",R,13,67,96,-2.438,-1.428,0.184,1.555,-0.36,1.233,-36.341,44.15,0,100,0,4,-329.516,327.782,5.46,0,0,4,"Yes_Man_","시즈카_Shizuka","encounter v","P0TA0","MODECO","Kr_Luna","ke ro","","",4,R,"MODECO",190,85,0.445,,69,W,Y,1,,,,,,,,,,,,,,,,,,,,,,,,,,,,0,0,,,,,,,,,,,,,,,,,,,,,,,,,,,,,,,,,,,,,,-0.415,-38.239,0.049,-17.689,-22.868,-48.598,-12.651,-64.049,19.84,-49.83,13.45,-61.869,40.93,-90.677,0,-109.87,-40.83,-90.577,,,,"",,,,"",,,,"",,,,"",,,,"",,,,"",,,,"",,,,"",,,,,,,,,,,,,,,,,,,,,,,,,,,,,,,,,,,,,,,,,,,,,,,,,,,,,,,,,,"",0,,,,,0,"",,,,0,""
149,,8,1,2,5,0,1,0,0,0,0,255,255,255,69,3580.152,"Floră",R,32,82,133,0.992,0.223,0.344,1.582,0.206,1.757,-36.341,39.748,0,100,0,2,153.936,6.317,1.205,0,0,4,"=","=","=","=","=","=","=","","",4,R,"MODECO",190,85,0.445,3,69,W,Y,1,3581.288,160,46,97,43,27,145,97,-30.614,38.909,0.051,0.97,-19.453,-0.47,0,0.174,175.671,-151.227,-526.161,3581.217,-1.179,-20.978,3582.958,2,-19.293,0.679,-43.426,0,0,,,,,,,,,,,,,,,3584.856,4,,147,0,,,,,,,,,,,3584.191,2,,,,,,,-0.25,-38.029,0.088,-17.652,-22.53,-48.617,-12.519,-64.615,20.348,-51.024,12.274,-62.228,40.915,-90.664,0,-109.86,-40.815,-90.564,-0.24,-36.961,,"인생최패망자",0.105,-17.839,,"아침땅_",-22.489,-48.594,87,"_송글_",-12.423,-64.408,,"Yaksok~",19.697,-51.507,,"_Chun",12.284,-61.919,,"AI",40.9,-90.65,,"AI",0,-109.84,,"AI",-40.8,-90.55,,3586.189,-1.401,-37.464,,,,3583.051,-20.406,-44.55,,,,,,,,,,,,,,,,,,,,,,,,,3585.187,-17.472,-39.648,,,,,,,,,,,,,,,,,,,"",2,0,0,0,-2,0,"아침땅_",,,,40,""
150,,8,1,2,5,0,0,1,0,0,0,255,255,255,70,3603.05,"Floră",R,13,76,102,-1.91,0.155,0.244,1.804,-0.173,2.203,-36.341,47.647,0,100,0,1,-336.4,344.075,6.085,0,0,5,"=","=","=","=","=","=","=","","",6,L,"Kr_Luna",190,95.432,0.496,,67,W,Y,0,,,,,,,,,,,,,,,,,,,,,,,,,,,,0,0,,,,,,,,,,,,,,,,,,,,,,,,,,,,,,,,,,,,,,-0.297,-37.279,0.034,-17.708,-22.329,-48.511,-11.86,-65.195,21.533,-50.139,13.48,-62.463,40.922,-90.671,0,-109.86,-40.822,-90.571,,,,"",,,,"",,,,"",,,,"",,,,"",,,,"",,,,"",,,,"",,,,3607.385,-0.568,-36.413,,,,,,,,,,,,,,,,,,,,,,,,,,,,,,,,,,,,,,,,,,,,,,,,,,,,"",0,,,,,0,"",,,,0,""
151,,8,1,2,5,1,0,1,0,0,0,255,255,255,71,3616.858,"Floră",R,5,59,97,-0.172,-0.222,0.386,1.499,0.202,1.499,-36.341,40.224,0,100,0,2,-136.619,0,6.785,0,0,5,"=","=","=","=","=","=","=","","",6,L,"Kr_Luna",190,95.432,0.496,3,67,W,Y,0,3617.837,157,123,146,60,38,145,126,104.603,67.543,-0.038,0.924,-20.284,0.26,0,0.109,469.76,-369.67,-51.668,,,,,,,,,0,0,,,,,,,,,,,,,,,,,,,,,,,,,,,,,,,,,,,,,,-0.152,-37.208,0.019,-17.693,-22.475,-48.736,-12.438,-64.635,21.529,-50.15,13.718,-62.393,40.915,-90.664,0,-109.85,-40.815,-90.564,-0.054,-37.024,,"인생최패망자",0.033,-17.69,,"아침땅_",-22.24,-48.53,,"_송글_",-12.606,-64.503,,"Yaksok~",21.531,-50.138,,"_Chun",13.665,-62.431,,"AI",40.9,-90.65,,"AI",0,-109.84,,"AI",-40.8,-90.55,,,,,,,,,,,,,,,,,,,,,,,,,,,,,,,,,,,,,,,,,,,,,,,,,,,,,,,,"",3,0,0,0,-2,0,"",,,,0,""
152,,8,1,2,5,1,1,1,0,0,0,255,255,255,72,3632.318,"Floră",R,0,56,98,2.16,-0.832,0.418,1.378,0.928,1.115,-36.341,65.923,0,100,0,1,0,0,-0.435,0,0,5,"=","=","=","=","=","=","=","","",6,L,"Kr_Luna",190,95.432,0.496,,67,W,Y,0,,,,,,,,,,,,,,,,,,,,,,,,,,,,0,0,,,,,,,,,,,,,,,,,,,,,,,,,,,,,,,,,,,,,,-0.173,-37.212,0.044,-17.647,-22.523,-48.748,-12.172,-64.76,21.168,-50.383,13.453,-62.098,40.907,-90.657,0,-109.85,-40.807,-90.557,,,,"",,,,"",,,,"",,,,"",,,,"",,,,"",,,,"",,,,"",,,,,,,,,,,,,,,,,,,,,,,,,,,,,,,,,,,,,,,,,,,,,,,,,,,,,,,,,,"",0,,,,,0,"",,,,0,""
153,,8,1,2,5,2,1,1,0,0,0,255,255,255,73,3646.676,"Floră",R,33,81,131,-1.182,0.376,0.146,1.604,-0.716,1.829,-36.341,36.598,0,100,0,2,137.486,-19.054,3.181,0,0,5,"=","=","=","=","=","=","=","","",6,L,"Kr_Luna",190,95.432,0.496,3,67,W,Y,0,3647.461,149,59,75,38,8,137,98,-85.469,-85.256,-0.228,1.118,-19.621,-0.19,0,0.083,-2.699,-269.704,520.34,3647.309,0.782,-19.703,,,,,,0,0,,,,,,,,,,,,,,,,,,,,,,,,,,,,,,,,,,,,,,-0.217,-37.491,0.057,-17.646,-22.493,-48.755,-12.425,-64.595,21.187,-50.381,13.157,-62.162,40.907,-90.657,0,-109.85,-40.807,-90.557,-0.375,-36.901,,"인생최패망자",0.043,-17.667,,"아침땅_",-22.24,-48.542,,"_송글_",-12.306,-64.596,,"Yaksok~",21.182,-50.369,,"_Chun",13.345,-62.091,,"AI",40.9,-90.65,,"AI",0,-109.84,,"AI",-40.8,-90.55,,,,,,,,,,,,,,,,,,,,,,,,,,,,,,,,,,,,,,,,,,,,,,,,,,,,,,,,"",3,0,0,0,-2,0,"",,,,0,""
154,,8,1,2,5,2,2,1,0,0,0,255,255,255,74,3661.682,"Floră",R,3,71,99,1.458,-0.817,0.761,1.462,1.43,1.464,-36.341,43.067,0,100,0,2,-397.379,234.627,6.787,0,0,5,"=","=","=","=","=","=","=","","",6,L,"Kr_Luna",190,95.432,0.496,3,67,W,Y,0,3662.655,48,90,43,72,58,56,56,-13.873,-55.929,0.322,0.578,-19.716,1,0,0.08,-247.179,-320.904,-358.936,3662.634,2.774,-21.358,,,,,,0,0,,,,,,,,,,,,,,,,,,,,,,,,,,,,,,,,,,,,,,0.183,-37.398,0.039,-17.675,-22.795,-48.856,-11.565,-64.991,21.139,-50.377,13.789,-62.027,40.915,-90.664,0,-109.85,-40.815,-90.564,0.29,-37.059,,"인생최패망자",0.042,-17.665,,"아침땅_",-22.597,-48.665,,"_송글_",-11.431,-65.036,,"Yaksok~",21.115,-50.354,,"_Chun",13.824,-61.988,,"AI",40.9,-90.65,,"AI",0,-109.84,,"AI",-40.8,-90.55,,,,,,,,,,,,,,,,,,,,,,,,,,,,,,,,,,,,,,,,,,,,,,,,,,,,,,,,"",3,0,0,0,-2,0,"",,,,0,""
155,,8,1,2,5,2,2,1,0,0,0,255,255,255,75,3680.062,"Floră",R,33,75,126,5.226,0.277,0.403,1.619,2.048,1.81,-36.341,63.645,0,100,0,1,144.425,26.423,4.946,0,0,5,"=","=","=","=","=","=","=","","",6,L,"Kr_Luna",190,95.432,0.496,,67,W,Y,0,,,,,,,,,,,,,,,,,,,,,,,,,,,,0,0,,,,,,,,,,,,,,,,,,,,,,,,,,,,,,,,,,,,,,-0.214,-37.256,0.003,-17.763,-22.557,-48.69,-11.774,-64.641,20.923,-50.032,13.663,-63.149,40.915,-90.664,0,-109.85,-40.815,-90.564,,,,"",,,,"",,,,"",,,,"",,,,"",,,,"",,,,"",,,,"",,,,,,,,,,,,,,,,,,,,,,,,,,,,,,,,,,,,,,,,,,,,,,,,,,,,,,,,,,"",0,,,,,0,"",,,,0,""
156,,8,1,2,5,3,2,1,0,0,0,255,255,255,76,3695.304,"Floră",R,38,49,92,0.433,-0.236,0.393,1.669,0.077,1.474,-36.341,54.633,0,100,0,0,44.271,-9.511,-0.332,0,0,5,"=","=","=","=","=","=","=","","",6,L,"Kr_Luna",190,95.432,0.496,,67,W,Y,0,,,,,,,,,,,,,,,,,,,,,,,,,,,,0,0,,,,,,,,,,,,,,,3697.99,5,,578,0,,,,,,,,,,,,,,,,,,,-0.262,-37.247,0.032,-17.783,-22.347,-48.586,-11.99,-64.951,21.257,-50.554,13.58,-62.66,40.915,-90.664,0,-109.85,-40.815,-90.564,,,,"",,,,"",,,,"",,,,"",,,,"",,,,"",,,,"",,,,"",,,,,,,,,,,,,,,,,,,,,,,,,,,,,,,,,,,,,,,,,,,,,,,,,,,,,,,,,,"",0,,,,,0,"",,,,0,""
157,,8,1,2,5,0,0,2,0,0,0,255,255,255,77,3715.948,"Floră",R,13,70,98,0.584,-1.156,0.614,1.622,0.973,1.378,-36.341,39.066,0,100,0,4,-345.86,315.107,24.438,0,0,6,"=","=","=","=","=","=","=","","",1,R,"ke ro",190,83.017,0.416,,67,W,Y,1,,,,,,,,,,,,,,,,,,,,,,,,,,,,0,0,,,,,,,,,,,,,,,,,,,,,,,,,,,,,,,,,,,,,,-0.331,-38.257,0.036,-17.7,-22.524,-48.741,-12.422,-64.883,21.255,-50.533,12.419,-63.101,40.922,-90.67,0,-109.86,-40.822,-90.57,,,,"",,,,"",,,,"",,,,"",,,,"",,,,"",,,,"",,,,"",,,,,,,,,,,,,,,,,,,,,,,,,,,,,,,,,,,,,,,,,,,,,,,,,,,,,,,,,,"",0,,,,,0,"",,,,0,""
158,,8,1,2,5,0,1,2,0,0,0,255,255,255,78,3730.868,"Floră",R,34,63,103,1.247,1.603,0.331,1.934,0.351,2.611,-36.341,54.277,59,41,0,2,93.121,-17.152,3.372,0,0,6,"=","=","=","=","=","=","=","","",1,R,"ke ro",190,83.017,0.416,3,67,W,Y,1,3732.031,122,74,64,52,37,137,112,26.646,9.094,0.234,1.569,-19.505,0.15,0,0.584,324.138,-308.716,-262.749,3737.083,-7.891,-118.429,3737.259,7,-7.822,1.855,-116.026,0,0,,3737.904,,,,,,,,,,,,,3737.382,6,,456,0,,,,,,,,,,,,,,,,,,,-0.192,-37.362,0.074,-17.626,-22.578,-48.809,-12.311,-64.952,21.269,-50.534,12.609,-63.014,40.915,-90.664,0,-109.85,-40.815,-90.564,-0.307,-36.857,,"인생최패망자",-0.049,-17.605,,"아침땅_",-22.475,-48.712,,"_송글_",-12.543,-64.701,,"Yaksok~",21.268,-50.519,,"_Chun",12.411,-63.066,,"AI",40.9,-90.65,,"AI",0,-109.84,,"AI",-40.8,-90.55,,,,,,,,,,,,,,,,,,,,,,,,,,,,,,,,,,,,,,,,,,,,,,,,,,,,,,,,"",1,0,0,0,-2,0,"AI",,,,0,""
159,SIDE,8,1,2,5,0,0,2,0,0,0,255,255,255,,3743.707,,,,,,,,,,,,,,,,,,,,,,,6,"=","=","=","=","=","=","=","","",,,,,,,,,,,,,,,,,,,,,,,,,,,,,,,,,,,,,,,0,0,,,,,,,,,,,,,,,,,,,,,,,,,,,,,,,,,,,,,,,,,,,,,,,,,,,,,,,,,,,,,,,,,,,,,,,,,,,,,,,,,,,,,,,,,,,3767.976,0.031,-38.121,,,,,,,,,,,,,,,,,,,,,,,,,,,,,,,,,,,,,,,,,,,,,,,,,,,,"",0,,,,,0,"",,,,8,""
160,,8,0,2,5,0,0,0,0,0,0,255,255,255,65,3775.345,"P0TA0",R,27,84,137,1.494,-0.915,0.415,1.599,0.508,0.928,-36.587,36.102,96,4,0,2,93.409,-144.623,-5.832,0,0,4,"Yaksok~","인생최패망자","_Chun","아침땅_","_송글_","Floră","","","",3,R,"_송글_",175.4,91.844,0.315,0,67,W,Y,1,3776.286,163,86,91,56,8,145,117,-12.264,29.569,0.216,0.431,-19.804,0.07,0,0.386,-508.252,261.891,181.259,3776.167,-0.726,-21.46,3779.359,8,-33.72,0.059,-80.818,1,0,,3781.42,,,,,,,,,,,,,,,,,,,,,,,,,,,,,,,,,,,,-0.071,-37.853,-0.016,-17.554,-18.483,-43.335,-14.606,-61.916,18.257,-44.15,7.744,-65.354,36.876,-86.499,0,-109.87,-40.83,-90.577,-0.29,-37.213,,"ke ro",-0.026,-17.512,,"encounter v",-18.275,-43.144,85,"시즈카_Shizuka",-14.587,-61.851,,"MODECO",18.229,-44.154,,"Yes_Man_",7.653,-65.401,,"Kr_Luna",36.88,-86.503,,"AI",0,-109.84,,"AI",-40.8,-90.55,,3785.6,-0.497,-38.072,,,,3782.928,-18.924,-41.194,,,,,,,,,,,,,,,,,,,,,,,,,3784.511,-17.858,-40.462,,,,,,,,,,,,,,,,,,,"",2,0,0,0,-2,0,"AI",,,,12,""
161,,8,0,2,5,0,0,0,1,0,0,13,255,255,66,3802.843,"P0TA0",R,33,76,127,1.546,1.179,0.366,1.937,0.476,2.246,-36.587,58.855,86,14,0,2,121.522,-99.416,2.289,0,0,5,"=","=","=","=","=","=","","","",1,R,"Floră",190,85.304,0.403,5,67,W,Y,1,3804.181,123,99,135,84,38,138,95,0,39.609,0.289,1.437,-19.836,-0.49,0,0.528,-329.949,295.395,386.096,3804.767,-10.789,-32.863,3805.384,2,-15.547,0.228,-37.911,0,0,,3809.931,,,,3808.309,,,,,,,,,3808.297,4,1,166,4,3810.299,5,,147,1,,,,,,3811.851,2,,,,,,,-0.052,-37.884,-0.072,-17.41,-17.956,-39.029,-15.481,-60.578,18.683,-45.082,6.373,-61.897,35.577,-86.411,0,-109.86,-40.822,-90.571,-0.484,-37.308,,"ke ro",-0.055,-17.43,,"encounter v",-15.401,-41.343,96,"시즈카_Shizuka",-14.606,-60.455,,"MODECO",18.408,-45.208,,"Yes_Man_",6.901,-61.979,95,"Kr_Luna",35.588,-86.429,,"AI",0,-109.84,,"AI",-40.8,-90.55,,3814.335,-0.421,-37.323,,,,3805.464,-16.25,-38.917,,,,,,,3807.671,-0.672,-58.586,,,,,,,,,,,,,,,,3806.547,-12.998,-42.417,,,,,,,3808.491,-2.722,-55.734,,,,,,,,,,"",2,39.388,179.16,0.766,0,0,"encounter v",3808.309,,,13,""
162,,8,0,2,5,0,0,2,0,0,0,255,255,255,67,3827.704,"P0TA0",R,6,59,103,0.001,-0.262,0.114,1.648,-0.864,1.468,-36.587,25.734,100,0,0,2,428.166,0,-12.093,0,0,0,"=","=","=","=","=","=","","","",4,R,"Yaksok~",172.8,87.97,0.328,3,67,W,Y,1,3828.716,135,109,65,96,85,138,77,-30,31.287,-0.023,0.917,-21.179,1,0,0.233,-154.529,196.195,-108.135,3828.692,-0.909,-22.631,3830.708,2,-10.501,0.106,-45.149,0,0,,,,,,,,,,,,,,,3833.77,0,,147,0,,,,,,,,,,,3833.157,2,,,,,,,-0.15,-37.786,0.027,-17.25,-18.872,-44.11,-12.4,-60.404,19.048,-44.567,10.849,-64.783,34.754,-85.201,0,-109.85,-40.815,-90.564,0.286,-37.145,,"ke ro",0.008,-17.246,,"encounter v",-18.693,-43.944,93,"시즈카_Shizuka",-10.375,-61.568,,"MODECO",18.94,-44.459,,"Yes_Man_",10.709,-64.799,,"Kr_Luna",34.752,-85.203,,"AI",0,-109.84,,"AI",-40.8,-90.55,,,,,,,,3830.809,-11.806,-45.596,,,,,,,,,,,,,,,,,,,,,,,,,3834.467,-15.793,-41.171,,,,,,,,,,,,,,,,,,,"",2,0,0,0,-2,0,"encounter v",,,,4,""
163,SIDE,8,0,2,5,0,0,2,0,0,0,255,255,255,,3834.843,,,,,,,,,,,,,,,,,,,,,,,1,"=","=","=","=","=","=","","","",,,,,,,,,,,,,,,,,,,,,,,,,,,,,,,,,,,,,,,0,0,,,,,,,,,,,,,,,,,,,,,,,,,,,,,,,,,,,,,,,,,,,,,,,,,,,,,,,,,,,,,,,,,,,,,,,,,,,,,,,,,,,,,,,,,,,,,,,,,,,,,,,,,,,,,,,,,,,,,,,,,,,,,,,,,,,,,,,,,,,,,,,,,"",0,,,,,0,"",,,,0,""
164,,9,1,2,5,0,0,0,0,0,0,255,255,255,79,3870.678,"인생최패망자",R,32,92,140,1.133,0.629,0.836,1.323,0.166,1.911,-36.742,58.508,10,90,0,0,213.449,-75.651,6.96,0,0,0,"Yes_Man_","시즈카_Shizuka","encounter v","P0TA0","MODECO","Kr_Luna","ke ro","","",5,R,"Yes_Man_",175,85.251,0.499,,67,W,Y,1,,,,,,,,,,,,,,,,,,,,,,,,,,,,0,0,,,,,,,,,,,,,,,,,,,,,,,,,,,,,,,,,,,,,,0.203,-37.641,-0.056,-16.881,-22.781,-48.776,-12.468,-64.596,20.758,-53.286,11.663,-63.712,40.937,-90.684,0,-109.88,-40.837,-90.584,,,,"",,,,"",,,,"",,,,"",,,,"",,,,"",,,,"",,,,"",,,,,,,,,,,,,,,,,,,,,,,,,,,,,,,,,,,,,,,,,,,,,,,,,,,,,,,,,,"",0,,,,,0,"",,,,0,""
165,,9,1,2,5,0,1,0,0,0,0,255,255,255,80,3886.241,"인생최패망자",R,13,78,104,0.067,-0.737,1.153,1.252,0.783,1.659,-36.742,71.317,4,96,0,2,-386.488,287.914,13.588,0,0,0,"=","=","=","=","=","=","=","","",5,R,"Yes_Man_",175,85.251,0.499,0,67,W,Y,1,3887.482,216,109,73,70,54,145,131,-30,1.032,0.071,0.75,-20.959,0.49,0,0.594,-198.632,-320.633,-199.792,3887.359,0.05,-22.151,3890.75,7,-1.178,0.104,-97.941,1,0,,3893.08,,,,,,,,,,,,,,,,,,,,,,,,,,,,,,,,,,,,0.355,-37.507,-0.064,-16.832,-22.771,-48.717,-13.366,-64.178,20.553,-52.429,12.343,-64.139,40.922,-90.671,0,-109.86,-40.822,-90.57,0.328,-36.837,,"Floră",-0.059,-16.885,,"아침땅_",-22.729,-48.719,,"_송글_",-13.314,-64.137,,"Yaksok~",20.531,-52.436,,"_Chun",12.205,-64.152,61,"AI",40.9,-90.65,,"AI",0,-109.84,,"AI",-40.8,-90.55,,3898.269,-0.647,-38.493,,,,,,,,,,,,,3894.13,-0.1,-59.683,,,,,,,,,,,,,,,,,,,,,,,,,3896.765,0.158,-57.755,,,,,,,,,,"",2,0,0,0,-2,0,"AI",,,,6,""
166,,9,1,2,5,0,0,0,1,0,0,5,255,255,81,3909.722,"인생최패망자",R,32,93,140,-0.339,-0.691,0.688,1.113,-0.519,1.171,-36.742,54.761,7,60,33,0,248.368,-52.175,5.078,0,0,1,"=","=","=","=","=","=","=","","",3,R,"시즈카_Shizuka",175,88.299,0.497,,67,W,Y,0,,,,,,,,,,,,,,,,,,,,,,,,,,,,0,1,,,,,,,,,,,,3916.674,,,3913.297,0,1,275,32,,,,,,,,,,,,,,,,,,,0.165,-37.391,-0.032,-16.894,-21.909,-43.359,-11.384,-61.791,19.592,-48.253,10.156,-63.89,40.922,-90.671,0,-109.86,-40.822,-90.571,,,,"",,,,"",,,,"",,,,"",,,,"",,,,"",,,,"",,,,"",,,,3916.022,-0.756,-37.907,,,,,,,,,,,,,,,,,,,,,,,,,,,,,,,,,,,,,,,,,,,,,,,,,,,,"",0,,,,,0,"",,,,0,""
167,,9,1,2,5,0,1,1,0,0,0,255,255,255,82,3926.527,"인생최패망자",R,32,93,140,1.603,0.666,0.872,1.332,0.335,1.942,-36.742,58.517,11,89,0,2,243.92,-63.947,7.154,0,0,1,"=","=","=","=","=","=","=","","",3,R,"시즈카_Shizuka",175,88.299,0.497,5,67,W,Y,1,3927.643,64,61,75,43,22,89,67,38.912,-63.75,0.285,1.131,-19.749,-1,0,0.373,121.548,-276.504,166.303,3932.275,45.268,-38.57,,,,,,0,0,,3932.817,,,,,,,,,,,,,,,,,,,,,,,,,,,,,,,,,,,,0.213,-37.507,-0.05,-16.986,-22.547,-48.337,-12.478,-64.909,19.332,-48.651,9.469,-64.432,40.922,-90.671,0,-109.86,-40.822,-90.571,0.366,-36.867,,"Floră",-0.078,-17.045,,"아침땅_",-22.335,-48.389,,"_송글_",-12.889,-64.563,,"Yaksok~",19.323,-48.654,,"_Chun",9.336,-64.462,,"AI",40.9,-90.65,,"AI",0,-109.84,,"AI",-40.8,-90.55,,,,,,,,,,,,,,,,,,,,,,,,,,,,,,,,,,,,,,,,,,,,,,,,,,,,,,,,"",3,-62.581,-139.713,5.854,0,0,"",,,,0,""
168,,9,1,2,5,0,2,1,0,0,0,255,255,255,83,3950.74,"인생최패망자",R,3,91,113,-3.566,-0.106,0.677,1.292,-0.692,1.751,-36.742,51.224,8,92,0,4,-481.786,133.724,23.45,0,0,1,"=","=","=","=","=","=","=","","",3,R,"시즈카_Shizuka",175,88.299,0.497,,67,W,Y,1,,,,,,,,,,,,,,,,,,,,,,,,,,,,0,0,,,,,,,,,,,,,,,3953.545,1,,578,0,,,,,,,,,,,,,,,,,,,-0.007,-38.148,-0.052,-16.974,-22.506,-48.229,-13.048,-64.72,19.618,-49.889,13.252,-62.035,40.93,-90.677,0,-109.87,-40.83,-90.577,,,,"",,,,"",,,,"",,,,"",,,,"",,,,"",,,,"",,,,"",,,,,,,,,,,,,,,,,,,,,,,,,,,,,,,,,,,,,,,,,,,,,,,,,,,,,,,,,,"",0,,,,,0,"",,,,0,""
169,,9,1,2,5,0,0,2,0,0,0,255,255,255,84,3969.458,"인생최패망자",R,0,95,140,-2.114,0.608,0.697,1.359,-0.943,2.006,-36.742,45.171,5,95,0,2,0,0,0,0,0,2,"=","=","=","=","=","=","=","","",2,L,"encounter v",190,83.037,0.46,5,67,W,Y,0,3970.491,170,61,121,49,26,145,120,-30,48.334,-0.457,1.219,-19.443,0.85,0,0.301,35.237,50.168,596.86,3970.425,-1.935,-20.762,,,,,,0,0,,,,,,,,,,,,,,,,,,,,,,,,,,,,,,,,,,,,,,0.188,-37.617,-0.011,-16.787,-21.817,-49.362,-12.572,-64.648,21.437,-51.197,13.071,-61.776,40.922,-90.671,0,-109.86,-40.822,-90.571,0.299,-36.765,,"Floră",-0.081,-16.925,,"아침땅_",-21.543,-49.162,,"_송글_",-12.738,-64.42,,"Yaksok~",21.448,-51.2,,"_Chun",13.367,-61.694,,"AI",40.9,-90.65,,"AI",0,-109.84,,"AI",-40.8,-90.55,,,,,,,,,,,,,,,,,,,,,,,,,,,,,,,,,,,,,,,,,,,,,,,,,,,,,,,,"",3,-127.848,-170.327,-21.297,0,0,"",,,,0,""
170,,9,1,2,5,0,1,2,0,0,0,255,255,255,85,3987.533,"인생최패망자",R,3,91,113,-1.498,-0.682,0.947,1.17,0.145,1.482,-36.742,70.961,12,88,0,2,-451.569,214.676,1.816,0,0,2,"=","=","=","=","=","=","=","","",2,L,"encounter v",190,83.037,0.46,5,67,W,Y,1,3988.72,192,143,153,93,45,145,90,-39.246,32.45,-0.287,0.754,-20.347,-0.95,0,0.469,-320.092,283.264,-287.865,3988.684,-0.743,-21.06,3990.726,2,-15.633,1.73,-44.278,0,0,,3994.283,,,,,,,,,,,,,3993.832,2,,147,0,,,,,,,,,,,3993.191,2,,,,,,,0.24,-37.678,-0.069,-16.858,-21.743,-48.271,-13.089,-64.405,21.775,-50.136,12.662,-62.386,40.915,-90.664,0,-109.86,-40.815,-90.564,0.255,-36.938,,"Floră",-0.042,-16.923,,"아침땅_",-21.51,-48.749,,"_송글_",-12.996,-64.287,,"Yaksok~",21.768,-50.126,,"_Chun",12.451,-62.182,,"AI",40.9,-90.65,,"AI",0,-109.84,,"AI",-40.8,-90.55,,,,,,,,3990.84,-16.287,-45.399,,,,,,,,,,,,,,,,,,,,,,,,,,,,,,,,,,,,,,,,,,,,,,"",2,38.583,152.269,-3.956,0,0,"아침땅_",,,,8,""
171,SIDE,9,1,2,5,0,0,2,0,0,0,255,255,255,,3997.284,,,,,,,,,,,,,,,,,,,,,,,3,"=","=","=","=","=","=","=","","",,,,,,,,,,,,,,,,,,,,,,,,,,,,,,,,,,,,,,,0,0,,,,,,,,,,,,,,,,,,,,,,,,,,,,,,,,,,,,,,,,,,,,,,,,,,,,,,,,,,,,,,,,,,,,,,,,,,,,,,,,,,,,,,,,,,,4031.188,-0.066,-38.192,,,,,,,,,,,,,,,,,,,,,,,,,,,,,,,,,,,,,,,,,,,,,,,,,,,,"",0,,,,,0,"",,,,8,""
172,,9,0,2,5,0,0,0,0,0,0,255,255,255,68,4037.177,"P0TA0",R,27,74,125,1.85,0.438,0.447,1.815,0.684,1.765,-36.587,42.709,92,8,0,2,68.829,-113.46,-4.898,0,0,1,"Yaksok~","인생최패망자","_Chun","아침땅_","_송글_","Floră","","","",0,R,"인생최패망자",190,80,0.346,3,67,W,Y,1,4038.29,255,178,175,96,30,145,93,30.789,-26.503,0.419,1.301,-21.186,-0.7,0,0.328,110.639,283.944,387.436,,,,4042.851,6,28.474,2.925,-89.567,0,0,,4043.872,,,,,,,,,,,,,4043.12,1,,455,0,,,,,,,,,,,,,,,,,,,-0.055,-37.911,0.011,-17.038,-18.483,-43.192,-12.384,-63.992,18.063,-45.294,12.003,-63.986,24.765,-89.351,0,-109.88,-40.844,-90.591,-0.364,-37.188,,"ke ro",-0.01,-17.017,,"encounter v",-18.321,-43.075,,"시즈카_Shizuka",-11.811,-63.762,,"MODECO",18.02,-45.248,,"Yes_Man_",11.762,-64.031,,"Kr_Luna",24.763,-89.349,85,"AI",0,-109.84,,"AI",-40.8,-90.55,,4049.756,-0.021,-38.383,,,,,,,,,,,,,,,,4043.133,28.714,-90.034,,,,,,,,,,,,,,,,,,,,,,,,,4046.187,29.187,-88.729,,,,,,,"",1,0,0,0,-2,0,"Kr_Luna",,,,40,""
173,,9,0,2,5,0,0,1,0,0,0,255,255,255,69,4060.845,"P0TA0",R,6,62,106,-1.041,0.672,0.031,1.785,-1.249,1.979,-36.587,24.075,100,0,0,0,410.692,11.883,-7.741,0,0,2,"=","=","=","=","=","=","","","",5,L,"_Chun",160,80,0.445,,67,W,Y,0,,,,,,,,,,,,,,,,,,,,,,,,,,,,0,0,,,,,,,,,,,,,,,,,,,,,,,,,,,,,,,,,,,,,,-0.135,-37.807,0.007,-17.361,-19.51,-43.966,-6.832,-67.069,17.405,-41.101,8.978,-63.173,37.544,-88.006,0,-109.85,-40.815,-90.564,,,,"",,,,"",,,,"",,,,"",,,,"",,,,"",,,,"",,,,"",,,,4064.624,0.169,-37.333,,,,,,,,,,,,,,,,,,,,,,,,,,,,,,,,,,,,,,,,,,,,,,,,,,,,"",0,,,,,0,"",,,,0,""
174,,9,0,2,5,0,1,1,0,0,0,255,255,255,70,4072.442,"P0TA0",R,26,56,112,-1.687,0.217,0.108,1.651,-0.892,1.462,-36.587,13.704,49,51,0,2,83.489,-200,-36.758,0,0,2,"=","=","=","=","=","=","","","",5,L,"_Chun",160,80,0.445,5,67,W,Y,1,4073.521,255,135,107,59,47,145,87,-7.384,48.885,-0.279,0.92,-20.196,-0.54,0,0.272,21.928,-462.882,-159.638,4073.592,-4.585,-24.011,4075.142,2,-21.499,0.055,-39.485,0,0,,,,,,,,,,,,,,,,,,,,,,,,,,,,,,,,,,,,,,-0.063,-37.839,0.001,-17.327,-19.521,-43.952,-9.845,-66.297,17.514,-41.182,11.487,-61.796,37.544,-88.011,0,-109.85,-40.807,-90.557,-0.155,-37.219,,"ke ro",-0.027,-17.314,,"encounter v",-19.27,-43.72,85,"시즈카_Shizuka",-8.781,-65.983,,"MODECO",17.398,-41.098,,"Yes_Man_",11.404,-61.748,,"Kr_Luna",37.374,-88.557,,"AI",0,-109.84,,"AI",-40.8,-90.55,,4079.047,-0.661,-37.886,,,,4075.168,-22.346,-40.357,,,,,,,,,,,,,,,,,,,,,,,,,4077.915,-19.244,-40.601,,,,,,,,,,,,,,,,,,,"",3,49.727,-60.384,-3.814,0,0,"encounter v",,,,12,""
175,,9,0,2,5,0,2,1,0,0,0,255,255,255,71,4088.21,"P0TA0",R,39,41,88,-0.226,1.208,0.151,1.786,-0.455,1.943,-36.587,20.288,63,37,0,2,141.413,-200,-47.366,0,0,2,"=","=","=","=","=","=","","","",5,L,"_Chun",160,80,0.445,5,67,W,Y,1,4089.397,255,188,92,95,65,145,103,26.111,32.84,-0.051,1.256,-21.167,0.89,0,0.432,261.036,-293.62,-453.484,4094.342,-42.925,-99.622,4094.5,8,-41.569,2.411,-96.838,0,0,,4094.583,,,,,,,,,,,,,4094.629,2,,456,0,,,,,,,,,,,,,,,,,,,-0.138,-37.761,-0.002,-17.335,-20.171,-45.064,-11.263,-63.472,17.645,-41.598,11.336,-61.582,37.089,-93.994,0,-109.85,-40.815,-90.564,0.092,-37.166,,"ke ro",-0.019,-17.325,,"encounter v",-19.409,-44.538,,"시즈카_Shizuka",-11.244,-63.409,,"MODECO",17.54,-41.519,,"Yes_Man_",11.358,-61.456,,"Kr_Luna",32.698,-96.656,,"AI",0,-109.84,,"AI",-40.8,-90.55,,,,,,,,,,,,,,4100.443,15.879,-44.537,,,,,,,,,,,,,,,,,,,,,,,,,,,,,,,,,,,,,,,,"",1,72.64,23.517,14.581,0.76,0,"AI",,,,16,""
176,,9,0,2,5,0,0,2,0,0,0,255,255,255,72,4112.364,"P0TA0",R,26,89,140,0.933,-0.449,0.346,1.65,0.278,1.191,-36.587,34.897,93,7,0,2,86.954,-155.484,-3.199,0,0,3,"=","=","=","=","=","=","","","",2,R,"아침땅_",180.1,99.936,0.502,3,35,W,Y,1,4113.359,134,61,112,39,16,139,128,-30,-25.195,0.169,0.751,-19.577,0.32,0.143,0.405,181.166,-401.8,-27.646,4113.284,0.727,-20.761,4114.767,4,13.918,2.65,-45.409,0,0,,,,,,,,,,,,,,,4118.128,3,,147,16,,,,,,,,,,,,,,,,,,,-0.051,-37.826,-0.017,-17.513,-20.621,-45.709,-12.255,-63.618,18.196,-44.274,10.244,-63.466,35.654,-91.386,0,-109.85,-40.807,-90.557,-0.168,-37.241,,"ke ro",-0.021,-17.5,,"encounter v",-19.277,-44.339,86,"시즈카_Shizuka",-12.924,-63.461,,"MODECO",17.929,-44.155,89,"Yes_Man_",10.059,-63.65,,"Kr_Luna",35.65,-91.389,,"AI",0,-109.84,,"AI",-40.8,-90.55,,,,,,,,4117.431,-18.582,-39.577,,,,4114.857,14.229,-46.197,,,,,,,,,,,,,,,,,,,4119.056,-17.76,-39.798,,,,4115.874,9.758,-46.222,,,,,,,,,,,,,"",2,0,0,0,-2,0,"MODECO",,,,20,""
177,SIDE,9,0,2,5,0,0,2,0,0,0,255,255,255,,4119.745,,,,,,,,,,,,,,,,,,,,,,,4,"=","=","=","=","=","=","","","",,,,,,,,,,,,,,,,,,,,,,,,,,,,,,,,,,,,,,,0,0,,,,,,,,,,,,,,,,,,,,,,,,,,,,,,,,,,,,,,,,,,,,,,,,,,,,,,,,,,,,,,,,,,,,,,,,,,,,,,,,,,,,,,,,,,,,,,,,,,,,,,,,,,,,,,,,,,,,,,,,,,,,,,,,,,,,,,,,,,,,,,,,,"",0,,,,,0,"",,,,0,""
178,,10,1,2,5,0,0,0,0,0,0,255,255,255,86,4151.756,"인생최패망자",R,32,86,140,-1.67,-1.753,0.7,1.096,-1.102,0.478,-36.742,62.532,11,26,63,2,250,-46.528,2.917,0,0,3,"Yes_Man_","시즈카_Shizuka","encounter v","P0TA0","MODECO","Kr_Luna","ke ro","","",0,R,"P0TA0",190,96,0.502,3,67,W,Y,1,4152.825,185,199,121,124,35,145,87,-4.794,35.504,-0.324,0.327,-20.075,-1,0,0.152,40.256,-193.654,-133.308,4152.8,-2.242,-22.773,4154.601,2,-16.935,0.057,-45.106,0,0,,,,,,,,,,,,,,,4156.798,3,,147,0,,,,,,,,,,,4156.224,2,,,,,,,0.16,-37.456,-0.064,-16.618,-22.77,-48.768,-12.98,-64.871,18.892,-49.086,12.188,-62.985,40.93,-90.678,0,-109.87,-40.83,-90.577,0.322,-36.946,,"Floră",-0.347,-16.755,,"아침땅_",-22.797,-48.826,88,"_송글_",-13.065,-64.639,,"Yaksok~",18.892,-49.085,,"_Chun",11.917,-63.124,,"AI",40.9,-90.65,,"AI",0,-109.84,,"AI",-40.8,-90.55,,4158.28,-0.493,-38.223,,,,4154.724,-18.253,-46.591,,,,,,,,,,,,,,,,,,,,,,,,,4157.283,-17.66,-39.228,,,,,,,,,,,,,,,,,,,"",2,0,0,0,-2,0,"아침땅_",,,,10,""
179,,10,1,2,5,0,0,1,0,0,0,255,255,255,87,4172.166,"인생최패망자",R,33,96,140,-0.486,0.47,0.707,1.321,-0.432,1.884,-36.742,49.79,5,85,9,2,140.879,-39.496,7.676,0,0,4,"=","=","=","=","=","=","=","","",4,R,"MODECO",190,85,0.445,3,66,W,Y,1,4173.277,226,98,99,53,35,145,130,99.112,-40.552,-0.104,1.188,-20.062,0.52,0,0.441,548.826,63.32,58.552,,,,,,,,,0,0,,,,,,,,,,,,,,,,,,,,,,,,,,,,,,,,,,,,,,0.191,-37.476,-0.015,-16.915,-22.595,-48.654,-13.519,-64.536,18.883,-47.984,10.811,-63.494,40.922,-90.671,0,-109.86,-40.822,-90.571,0.242,-36.922,,"Floră",-0.032,-16.922,,"아침땅_",-22.524,-48.639,,"_송글_",-12.505,-64.659,,"Yaksok~",18.562,-48.347,,"_Chun",10.487,-63.595,,"AI",40.9,-90.65,,"AI",0,-109.84,,"AI",-40.8,-90.55,,,,,,,,,,,,,,,,,,,,,,,,,,,,,,,,,,,,,,,,,,,,,,,,,,,,,,,,"",3,0,0,0,-2,0,"",,,,0,""
180,,10,1,2,5,0,1,1,0,0,0,255,255,255,88,4188.886,"인생최패망자",R,3,81,106,-1.145,0.407,0.755,1.36,0.398,1.895,-36.742,82.704,6,94,0,0,-463.776,0,5.19,0,0,4,"=","=","=","=","=","=","=","","",4,R,"MODECO",190,85,0.445,,66,W,Y,1,,,,,,,,,,,,,,,,,,,,,,,,,,,,0,0,,,,,,,,,,,,,,,,,,,,,,,,,,,,,,,,,,,,,,0.062,-37.609,-0.061,-16.813,-22.851,-48.689,-12.691,-64.683,18.493,-48.456,10.464,-63.603,40.915,-90.664,0,-109.85,-40.815,-90.564,,,,"",,,,"",,,,"",,,,"",,,,"",,,,"",,,,"",,,,"",,,,,,,,,,,,,,,,,,,,,,,,,,,,,,,,,,,,,,,,,,,,,,,,,,,,,,,,,,"",0,,,,,0,"",,,,0,""
181,,10,1,2,5,0,2,1,0,0,0,255,255,255,89,4219.209,"인생최패망자",R,3,81,109,-1.431,0.119,0.751,1.277,0.075,1.713,-36.742,81.146,8,92,0,2,-376.797,0,2.669,0,0,4,"=","=","=","=","=","=","=","","",4,R,"MODECO",190,85,0.445,3,66,W,Y,1,4220.402,188,129,103,94,54,145,87,113.559,-74.232,-0.217,1.094,-20.929,1,0,0.451,122.908,468.749,173.664,,,,,,,,,0,0,,,,,,,,,,,,,,,,,,,,,,,,,,,,,,,,,,,,,,0.151,-37.727,-0.05,-16.811,-22.963,-48.785,-12.563,-65.016,19.332,-49.681,10.908,-63.79,40.915,-90.664,0,-109.85,-40.815,-90.564,-0.037,-36.803,,"Floră",-0.113,-16.903,,"아침땅_",-22.774,-48.625,,"_송글_",-12.609,-64.742,,"Yaksok~",19.539,-49.64,,"_Chun",10.881,-63.734,,"AI",40.9,-90.65,,"AI",0,-109.84,,"AI",-40.8,-90.55,,,,,,,,,,,,,,,,,,,,,,,,,,,,,,,,,,,,,,,,,,,,,,,,,,,,,,,,"",3,0,0,0,-2,0,"",,,,0,""
182,,10,1,2,5,0,2,1,0,0,0,255,255,255,90,4234.543,"인생최패망자",R,33,93,140,-3.754,0.905,0.504,1.409,-1.84,2.167,-36.742,39.069,2,98,0,4,135.979,-27.015,7.963,0,0,4,"=","=","=","=","=","=","=","","",4,R,"MODECO",190,85,0.445,,66,W,Y,1,,,,,,,,,,,,,,,,,,,,,,,,,,,,0,0,,,,,,,,,,,,,,,4237.177,4,,578,0,,,,,,,,,,,,,,,,,,,0.148,-37.663,-0.04,-16.726,-22.905,-48.814,-12.8,-63.89,19.952,-49.191,10.177,-63.519,40.915,-90.664,0,-109.85,-40.815,-90.564,,,,"",,,,"",,,,"",,,,"",,,,"",,,,"",,,,"",,,,"",,,,,,,,,,,,,,,,,,,,,,,,,,,,,,,,,,,,,,,,,,,,,,,,,,,,,,,,,,"",0,,,,,0,"",,,,0,""
183,,10,1,2,5,0,0,2,0,0,0,255,255,255,91,4257.069,"인생최패망자",R,32,99,140,-4.519,-1.257,0.557,1.113,-2.144,0.811,-36.742,40.155,9,17,74,3,250,-64.592,11.497,-0.131,-20.212,5,"=","=","=","=","=","=","=","","",6,L,"Kr_Luna",190,95.432,0.498,,67,W,Y,0,,,,,,,,,,,,,,,,,,,,,,,,,,,,0,0,,,,,,,,,,,,,,,,,,,,,,,,,,,,,,,,,,,,,,0.236,-37.465,-0.029,-17.079,-22.423,-48.672,-13.037,-64.335,21.519,-50.431,10.473,-62.925,40.922,-90.671,0,-109.86,-40.822,-90.571,,,,"",,,,"",,,,"",,,,"",,,,"",,,,"",,,,"",,,,"",,,,,,,,,,,,,,,,,,,,,,,,,,,,,,,,,,,,,,,,,,,,,,,,,,,,,,,,,,"",6,,,,,0,"",,,,0,""
184,,10,1,2,5,2,0,2,0,0,0,255,255,255,92,4280.003,"인생최패망자",R,32,95,140,-0.063,0.649,0.731,1.343,-0.321,1.954,-36.742,53.79,8,92,0,0,195.225,-90.843,8.217,0,0,5,"=","=","=","=","=","=","=","","",6,L,"Kr_Luna",190,95.432,0.498,,67,W,Y,0,,,,,,,,,,,,,,,,,,,,,,,,,,,,0,0,,,,,,,,,,,,,,,,,,,,,,,,,,,,,,,,,,,,,,0.127,-37.944,-0.063,-17.042,-22.692,-48.905,-12.135,-64.274,21.405,-50.474,10.666,-62.641,40.922,-90.67,0,-109.86,-40.822,-90.57,,,,"",,,,"",,,,"",,,,"",,,,"",,,,"",,,,"",,,,"",,,,,,,,,,,,,,,,,,,,,,,,,,,,,,,,,,,,,,,,,,,,,,,,,,,,,,,,,,"",0,,,,,0,"",,,,0,""
185,,10,1,2,5,2,1,2,0,0,0,255,255,255,93,4295.267,"인생최패망자",R,13,90,112,-1.927,-2.461,0.886,1.086,-0.141,0.493,-36.742,64.24,9,29,62,1,-390.434,312.348,1.151,-0.387,-20.156,5,"=","=","=","=","=","=","=","","",6,L,"Kr_Luna",190,95.432,0.498,,67,W,Y,0,,,,,,,,,,,,,,,,,,,,,,,,,,,,0,0,,,,,,,,,,,,,,,,,,,,,,,,,,,,,,,,,,,,,,0.297,-37.289,-0.027,-17.053,-22.63,-48.863,-12.205,-64.336,20.919,-50.365,10.382,-62.713,40.915,-90.664,0,-109.85,-40.815,-90.564,,,,"",,,,"",,,,"",,,,"",,,,"",,,,"",,,,"",,,,"",,,,,,,,,,,,,,,,,,,,,,,,,,,,,,,,,,,,,,,,,,,,,,,,,,,,,,,,,,"",0,,,,,0,"",,,,0,""
186,,10,1,2,5,3,1,2,0,0,0,255,255,255,94,4313.769,"인생최패망자",R,32,92,140,0.766,0.52,0.911,1.321,0.05,1.885,-36.742,64.812,9,91,0,0,183.723,-76.52,2.989,0,0,5,"=","=","=","=","=","=","=","","",6,L,"Kr_Luna",190,95.432,0.498,,67,W,Y,0,,,,,,,,,,,,,,,,,,,,,,,,,,,,0,0,,,,,,,,,,,,,,,,,,,,,,,,,,,,,,,,,,,,,,0.202,-37.273,-0.038,-17.067,-22.701,-48.913,-12.048,-64.514,20.974,-50.288,10.447,-62.724,40.922,-90.67,0,-109.86,-40.822,-90.57,,,,"",,,,"",,,,"",,,,"",,,,"",,,,"",,,,"",,,,"",,,,,,,,,,,,,,,,,,,,,,,,,,,,,,,,,,,,,,,,,,,,,,,,,,,,,,,,,,"",0,,,,,0,"",,,,0,""
187,,10,1,2,5,3,2,2,0,0,0,255,255,255,95,4328.758,"인생최패망자",R,32,93,140,0.255,0.522,0.854,1.324,-0.214,1.894,-36.742,53.259,4,96,0,0,215.062,-67.696,9.643,0,0,5,"=","=","=","=","=","=","=","","",6,L,"Kr_Luna",190,95.432,0.498,,67,W,Y,0,,,,,,,,,,,,,,,,,,,,,,,,,,,,0,32,,,,,,,,,,,,,,,4331.138,5,,578,0,,,,,,,,,,,,,,,,,,,0.22,-37.29,-0.027,-17.001,-22.605,-48.829,-11.98,-64.708,21.15,-51.009,10.492,-62.699,40.915,-90.664,0,-109.85,-40.815,-90.564,,,,"",,,,"",,,,"",,,,"",,,,"",,,,"",,,,"",,,,"",,,,,,,,,,,,,,,,,,,,,,,,,,,,,,,,,,,,,,,,,,,,,,,,,,,,,,,,,,"",0,,,,,0,"",,,,0,""
188,SIDE,10,1,2,5,0,0,2,0,0,0,255,255,255,,4333.025,,,,,,,,,,,,,,,,,,,,,,,6,"=","=","=","=","=","=","=","","",,,,,,,,,,,,,,,,,,,,,,,,,,,,,,,,,,,,,,,0,0,,,,,,,,,,,,,,,,,,,,,,,,,,,,,,,,,,,,,,,,,,,,,,,,,,,,,,,,,,,,,,,,,,,,,,,,,,,,,,,,,,,,,,,,,,,,,,,,,,,,,,,,,,,,,,,,,,,,,,,,,,,,,,,,,,,,,,,,,,,,,,,,,"",0,,,,,0,"",,,,0,""
189,,10,0,2,5,0,0,0,0,0,0,255,255,255,73,4409.558,"Yes_Man_",R,0,64,118,1.077,0.284,0.65,1.583,0.461,1.771,-36.892,40.031,0,85,15,2,-6.772,0,2.507,0,0,4,"Yaksok~","인생최패망자","_Chun","아침땅_","_송글_","Floră","","","",3,R,"_송글_",175.4,91.844,0.315,5,45,W,Y,1,4410.561,104,67,120,72,21,136,80,-4.778,-11.385,0.19,1.012,-20.11,-1,0,0.519,500.76,319.559,-84.386,4410.809,1.78,-28.334,4412.851,5,8.581,0.059,-56.54,0,0,,4415.821,,,,,,,,,,,,,4415.647,4,,147,8,,,,,,,,,,,,,,,,,,,0.108,-38.097,-0.004,-17.204,-19.041,-44.086,-11.83,-62.78,17.977,-45.921,12.532,-63.992,36.844,-86.576,0,-109.92,-40.889,-90.632,0.153,-37.467,,"ke ro",-0.016,-17.194,,"encounter v",-18.754,-43.942,85,"시즈카_Shizuka",-11.809,-62.745,,"MODECO",17.914,-45.892,,"P0TA0",12.169,-63.912,120,"Kr_Luna",36.847,-86.574,,"AI",0,-109.84,,"AI",-40.8,-90.55,,4417.799,-0.505,-39.155,,,,4415.006,-18.589,-40.68,,,,,,,4413.032,8.898,-58.076,,,,,,,,,,,,,,,,4416.697,-17.922,-39.863,,,,,,,4413.849,4.604,-56.048,,,,,,,,,,"",2,-9.783,65.444,-2.339,0,0,"P0TA0",,,,13,""
190,,10,0,2,5,0,0,1,0,0,0,255,255,255,74,4433.053,"Yes_Man_",R,32,76,127,-1.522,0.282,0.351,1.585,-0.932,1.768,-36.892,19.907,0,77,23,2,159.399,-18.285,2.342,0,0,5,"=","=","=","=","=","=","","","",1,R,"Floră",190,85.304,0.403,5,67,W,Y,1,4434.534,168,111,119,77,22,145,109,34.077,15.188,-0.296,1.094,-19.852,-0.02,0,0.441,562.682,172.391,-116.923,4440.25,-28.927,-110.341,4440.434,8,-28.129,2.455,-108.083,0,0,,4441.249,,,,,,,,,,,,,4440.521,5,,456,0,,,,,,,,,,,,,,,,,,,0.095,-38.082,0.028,-17.452,-19.183,-44.408,-14.801,-63.567,19.131,-45.43,12.664,-64.998,36.249,-90.588,0,-109.858,-40.822,-90.57,0.211,-37.611,,"ke ro",0.006,-17.392,,"encounter v",-18.972,-44.209,,"시즈카_Shizuka",-13.9,-63.79,,"MODECO",19.028,-45.239,,"P0TA0",11.746,-65.269,85,"Kr_Luna",36.489,-91.324,,"AI",0,-109.84,,"AI",-40.8,-90.55,,4447.756,0.117,-39.14,,,,,,,,,,,,,4445.049,-0.476,-60.252,,,,,,,,,,,,,,,,,,,,,,,,,4446.628,-0.204,-58.57,,,,,,,,,,"",1,16.645,74.511,3.909,0,0,"AI",,,,9,""
191,,10,0,2,5,0,0,2,0,0,0,255,255,255,75,4459.778,"Yes_Man_",R,3,67,111,-0.581,0.084,0.637,1.542,0.438,1.665,-36.892,47.228,0,80,20,2,-368.564,0,8.961,0,0,0,"=","=","=","=","=","=","","","",4,R,"Yaksok~",172.8,87.97,0.328,5,67,W,Y,1,4460.79,155,133,69,62,13,138,92,0,13.994,-0.12,0.944,-20.276,0.98,0,0.217,-435.343,46.651,11.998,4461.175,-3.448,-33.523,4462.675,3,-8.316,0.055,-56.578,0,0,,,,,,,,,,,,,,,4465.737,0,,147,2,,,,,,,,,,,,,,,,,,,0.102,-38.201,0.021,-17.594,-19.443,-44.556,-12.539,-63.474,18.862,-44.498,12.848,-64.656,32.58,-91.833,0,-109.86,-40.815,-90.564,0.21,-37.259,,"ke ro",0.018,-17.585,,"encounter v",-19.254,-44.351,,"시즈카_Shizuka",-11.31,-63.388,93,"MODECO",18.516,-44.19,,"P0TA0",12.548,-64.712,,"Kr_Luna",33.004,-93.502,,"AI",0,-109.84,,"AI",-40.8,-90.55,,,,,,,,4465.063,-19.388,-39.901,4462.809,-9.002,-58.483,,,,,,,,,,,,,,,,,,,,,,,,,4464.132,-13.284,-53.999,,,,,,,,,,,,,,,,"",2,18.241,20.301,10.073,0,0,"시즈카_Shizuka",,,,6,""
192,SIDE,10,0,2,5,0,0,2,0,0,0,255,255,255,,4468.522,,,,,,,,,,,,,,,,,,,,,,,0,"=","=","=","=","=","=","","","",,,,,,,,,,,,,,,,,,,,,,,,,,,,,,,,,,,,,,,0,0,,,,,,,,,,,,,,,,,,,,,,,,,,,,,,,,,,,,,,,,,,,,,,,,,,,,,,,,,,,,,,,,,,,,,,,,,,,,,,,,,,,,,,,,,,,,,,,,,,,,,,,,,,,,,,,,,,,,,,,,,,,,,,,,,,,,,,,,,,,,,,,,,"",0,,,,,0,"",,,,0,""
193,,11,1,2,5,0,0,0,0,0,0,255,255,255,96,4493.21,"인생최패망자",R,32,95,140,1.284,0.581,0.856,1.331,0.26,1.918,-36.742,64.255,9,91,0,2,193.288,-83.61,5.006,0,0,6,"Yes_Man_","시즈카_Shizuka","encounter v","P0TA0","MODECO","Kr_Luna","ke ro","","",1,R,"ke ro",190,83.017,0.416,0,67,W,Y,1,4494.245,122,28,63,7,0,88,72,53.685,-25.27,0.218,1.22,-19.638,-1,0,0.422,502.714,-273.161,-124.505,4499.25,22.503,-56.704,4499.417,5,21.891,2.092,-55.721,0,0,,4500.36,,,,,,,,,,,,,4499.524,6,,454,0,,,,,,,,,,,,,,,,,,,0.144,-37.641,-0.058,-16.789,-22.943,-48.946,-13.226,-63.871,19.877,-50.543,13.521,-60.345,40.915,-90.664,0,-109.86,-40.815,-90.564,0.526,-36.887,,"Floră",-0.069,-16.869,,"아침땅_",-22.693,-48.639,,"_송글_",-13.251,-63.732,,"Yaksok~",19.952,-50.594,,"_Chun",13.279,-60.175,85,"AI",40.9,-90.65,,"AI",0,-109.84,,"AI",-40.8,-90.55,,4503.468,0.774,-38.065,,,,,,,,,,,,,4499.533,22.065,-55.936,,,,,,,,,,,,,,,,,,,,,,,,,4502.119,19.45,-53.611,,,,,,,,,,"",1,0,0,0,-2,0,"_Chun",,,,6,""
194,,11,1,2,5,0,0,1,0,0,0,255,255,255,97,4514.675,"인생최패망자",R,32,95,140,2.511,0.751,0.954,1.343,0.719,1.981,-36.742,68.874,13,87,0,2,250,-75.859,4.608,0,0,0,"=","=","=","=","=","=","=","","",0,R,"Yes_Man_",175,85.251,0.499,0,67,W,Y,1,4515.724,126,50,59,44,21,135,89,-20.542,-45.798,0.588,1.099,-19.415,-0.57,0,0.319,-271.283,323.349,236.082,4515.717,3.278,-22.045,,,,,,0,0,,,,,,,,,,,,,,,,,,,,,,,,,,,,,,,,,,,,,,0.187,-37.628,-0.082,-16.774,-22.752,-48.459,-12.4,-64.596,17.952,-49.607,12.211,-62.488,40.915,-90.664,0,-109.85,-40.815,-90.564,0.532,-36.937,,"Floră",-0.089,-16.835,,"아침땅_",-22.687,-48.472,,"_송글_",-12.601,-64.273,,"Yaksok~",17.937,-49.628,,"_Chun",12.499,-62.196,,"AI",40.9,-90.65,,"AI",0,-109.84,,"AI",-40.8,-90.55,,,,,,,,,,,,,,,,,,,,,,,,,,,,,,,,,,,,,,,,,,,,,,,,,,,,,,,,"",3,0,0,0,-2,0,"",,,,0,""
195,,11,1,2,5,0,1,1,0,0,0,255,255,255,98,4530.221,"인생최패망자",R,32,97,140,0.348,-0.857,0.855,1.08,-0.208,1.058,-36.742,66.078,15,20,64,0,240.191,-72.086,0.321,0,0,0,"=","=","=","=","=","=","=","","",0,R,"Yes_Man_",175,85.251,0.499,,67,W,Y,0,,,,,,,,,,,,,,,,,,,,,,,,,,,,0,0,,,,,,,,,,,,,,,,,,,,,,,,,,,,,,,,,,,,,,0.024,-38.138,-0.042,-17.018,-22.516,-48.283,-12.671,-64.527,18.495,-48.096,13.739,-61.816,40.907,-90.657,0,-109.85,-40.808,-90.557,,,,"",,,,"",,,,"",,,,"",,,,"",,,,"",,,,"",,,,"",,,,,,,,,,,,,,,,,,,,,,,,,,,,,,,,,,,,,,,,,,,,,,,,,,,,,,,,,,"",0,,,,,0,"",,,,0,""
196,,11,1,2,5,0,2,1,0,0,0,255,255,255,99,4542.503,"인생최패망자",R,32,90,140,1.152,0.632,0.942,1.323,0.195,1.909,-36.742,75.137,8,92,0,2,200.524,-79.371,2,0,0,0,"=","=","=","=","=","=","=","","",0,R,"Yes_Man_",175,85.251,0.499,0,67,W,Y,1,4543.567,146,46,55,45,23,134,110,26.457,19.091,0.193,1.122,-19.774,0.11,0,0.351,378.315,-259.725,-386.55,4548.609,-25.693,-114.308,4551.575,7,-26.572,0.059,-127.984,1,0,,4549.234,4553.64,,,,,,,,,,,,,,,,,,,,,,,,,,,,,,,,,,,0.166,-37.552,-0.042,-17.026,-22.595,-48.487,-12.553,-64.567,18.013,-48.388,15.309,-61.41,40.907,-90.657,0,-109.85,-40.807,-90.557,0.376,-36.911,,"Floră",-0.05,-17.057,,"아침땅_",-22.301,-48.235,,"_송글_",-12.506,-64.38,,"Yaksok~",18.284,-48.827,,"_Chun",15.038,-61.488,69,"AI",40.9,-90.65,,"AI",0,-109.84,,"AI",-40.8,-90.55,,4561.653,0.439,-38.572,,,,,,,,,,,,,4556.603,-0.719,-59.075,,,,,,,,,,,,,,,,,,,,,,,,,4560.266,0.983,-59.425,,,,,,,,,,"",2,0,0,0,-2,0,"AI",4553.64,,,6,""
197,,11,1,2,5,0,0,1,0,1,0,255,0,255,100,4571.049,"인생최패망자",R,32,96,140,0.308,0.788,0.769,1.345,-0.145,1.988,-36.742,50.65,8,92,0,0,184.794,-89.542,5.001,0,0,1,"=","=","=","=","=","=","=","","",3,R,"시즈카_Shizuka",175,88.299,0.497,,67,W,Y,1,,,,,,,,,,,,,,,,,,,,,,,,,,,,0,0,,,,,,,,,,,,,4571.914,,,,,,,,,,,,,,,,,,,,,,,,,-0.022,-37.901,-0.038,-17.071,-22.528,-48.346,-10.085,-60.316,18.837,-49.294,6.43,-63.536,40.915,-90.664,0,-109.85,-40.815,-90.564,,,,"",,,,"",,,,"",,,,"",,,,"",,,,"",,,,"",,,,"",,,,4578.091,0.203,-38.41,,,,,,,,,,,,,,,,,,,,,,,,,,,,,,,,,,,,,,,,,,,,,,,,,,,,"",0,,,,,0,"",4573.742,,,0,""
198,,11,1,2,5,0,1,1,0,1,0,255,0,255,101,4584.425,"인생최패망자",R,32,95,140,1.38,0.994,0.862,1.378,0.287,2.103,-36.742,61.948,5,95,0,2,208.242,-93.773,5.188,0,0,1,"=","=","=","=","=","=","=","","",3,R,"시즈카_Shizuka",175,88.299,0.497,3,67,W,Y,1,4585.574,111,22,98,30,16,136,81,-43.646,52.548,0.243,1.244,-19.862,-0.74,0,0.376,-16.07,282.547,-14.457,4585.509,-1.35,-21.076,,,,,,0,0,,,,,,,,,,,,,4586.648,,,,,,,,,,,,,,,,,,,,,,,,,-0.05,-37.902,-0.072,-17.001,-22.32,-47.925,-11.691,-62.385,18.927,-47.011,4.818,-62.74,40.907,-90.657,0,-109.85,-40.807,-90.557,0.437,-36.85,,"Floră",-0.06,-17.086,,"아침땅_",-22.33,-48.255,,"_송글_",-11.696,-62.326,,"Yaksok~",17.768,-47.648,,"_Chun",6.28,-62.621,,"AI",40.907,-90.657,,"AI",0,-109.84,,"AI",-40.807,-90.557,,,,,,,,,,,,,,,,,,,,,,,,,,,,,,,,,,,,,,,,,,,,,,,,,,,,,,,,"",3,0,0,0,-2,0,"",4590.025,,,0,""
199,,11,1,2,5,0,2,1,0,1,0,255,0,255,102,4601.322,"인생최패망자",R,3,93,114,-4.275,0.166,0.565,1.388,-1.039,1.977,-36.742,44.565,4,96,0,1,-463.594,187.299,21.929,0,0,1,"=","=","=","=","=","=","=","","",3,R,"시즈카_Shizuka",175,88.299,0.497,,67,W,Y,0,,,,,,,,,,,,,,,,,,,,,,,,,,,,0,0,,,,,,,,,,,,,,,,,,,,,,,,,,,,,,,,,,,,,,0.096,-37.461,-0.056,-17.01,-22.707,-48.482,-13.875,-60.203,19.789,-49.793,1.911,-61.325,40.907,-90.657,0,-109.85,-40.807,-90.557,,,,"",,,,"",,,,"",,,,"",,,,"",,,,"",,,,"",,,,"",,,,,,,,,,,,,,,,,,,,,,,,,,,,,,,,,,,,,,,,,,,,,,,,,,,,,,,,,,"",0,,,,,0,"",,,,0,""
200,,11,1,2,5,1,2,1,0,1,0,255,0,255,103,4617.683,"인생최패망자",R,3,96,119,-1.83,0.353,0.869,1.343,-0.096,1.871,-36.742,59.357,6,94,0,2,-425.491,38.095,7.76,0,0,1,"=","=","=","=","=","=","=","","",3,R,"시즈카_Shizuka",175,88.299,0.497,0,67,W,Y,1,4618.812,171,74,96,101,58,145,98,101.894,-78.075,-0.368,1.136,-20.514,0.99,0,0.537,50.454,35.99,4.645,,,,,,,,,0,0,,,,,4622.883,,,,,,,,4619.622,,,,,,,,,,,,,,,,,,,,,,,,,0.22,-37.413,-0.062,-16.995,-22.737,-48.274,-12.152,-61.46,18.152,-47.376,1.405,-60.983,40.907,-90.657,0,-109.85,-40.807,-90.557,0.19,-36.943,,"Floră",-0.169,-17.094,,"아침땅_",-22.762,-48.704,,"_송글_",-12.198,-61.501,,"Yaksok~",17.985,-48.335,,"_Chun",5.881,-62.021,,"AI",40.9,-90.65,,"AI",0,-109.84,,"AI",-40.8,-90.55,,,,,,,,,,,,,,,,,,,,,,,,,,,,,,,,,,,,,,,,,,,,,,,,,,,,,,,,"",3,0,0,0,-2,0,"",4620.809,,,0,""
201,,11,1,2,5,1,2,1,0,1,0,255,0,255,104,4634.317,"인생최패망자",R,32,96,140,-1.203,-1.578,0.708,1.156,-0.892,0.622,-36.742,46.738,4,96,0,1,250,-82.339,-0.765,0,0,1,"=","=","=","=","=","=","=","","",3,R,"시즈카_Shizuka",175,88.299,0.497,,67,W,Y,0,,,,,,,,,,,,,,,,,,,,,,,,,,,,0,0,,,,,,,,,,,,,,,,,,,,,,,,,,,,,,,,,,,,,,0.252,-37.352,-0.052,-16.882,-22.507,-48.164,-13.071,-64.284,17.921,-49.005,0.839,-60.981,40.915,-90.664,0,-109.85,-40.815,-90.564,,,,"",,,,"",,,,"",,,,"",,,,"",,,,"",,,,"",,,,"",,,,,,,,,,,,,,,,,,,,,,,,,,,,,,,,,,,,,,,,,,,,,,,,,,,,,,,,,,"",0,,,,,0,"",,,,0,""
202,,11,1,2,5,2,2,1,0,1,0,255,0,255,105,4646.491,"인생최패망자",R,32,99,140,-2.221,-0.416,0.617,1.158,-1.317,1.329,-36.742,38.878,8,92,0,1,238.363,-52.643,11.263,0,0,1,"=","=","=","=","=","=","=","","",3,R,"시즈카_Shizuka",175,88.299,0.497,,67,W,Y,0,,,,,,,,,,,,,,,,,,,,,,,,,,,,0,0,,,,,,,,,,,,,,,,,,,,,,,,,,,,,,,,,,,,,,0.201,-37.427,-0.058,-16.888,-22.778,-48.37,-13.097,-64.292,17.893,-48.79,0.995,-62.263,40.907,-90.657,0,-109.85,-40.807,-90.557,,,,"",,,,"",,,,"",,,,"",,,,"",,,,"",,,,"",,,,"",,,,,,,,,,,,,,,,,,,,,,,,,,,,,,,,,,,,,,,,,,,,,,,,,,,,,,,,,,"",0,,,,,0,"",,,,0,""
203,,11,1,2,5,3,2,1,0,1,0,255,0,255,106,4658.123,"인생최패망자",R,32,76,114,0.978,0.832,0.938,1.413,0.119,2.035,-36.742,59.841,0,100,0,2,154.628,-57.49,11.334,0,0,1,"=","=","=","=","=","=","=","","",3,R,"시즈카_Shizuka",175,88.299,0.497,5,67,W,Y,1,4659.347,224,101,151,91,38,145,84,-71.262,-24.763,0.18,1.208,-20.408,-1,0,0.564,508.292,-280.509,138.772,4659.209,0.344,-20.763,4661.692,0,5.939,3.574,-32.87,0,0,,,,,4667.606,,,,,,,,4660.433,,4664.703,1,,147,2,,,,,,,,,,,,,,,,,,,0.235,-37.446,-0.018,-16.864,-22.762,-48.367,-13.107,-64.275,20.218,-45.059,2.498,-62.665,40.907,-90.657,0,-109.85,-40.808,-90.557,0.276,-36.78,120,"Floră",-0.129,-17.031,,"아침땅_",-22.428,-48.111,85,"_송글_",-13.049,-64.114,,"Yaksok~",19.523,-47.967,,"_Chun",8.287,-63.876,,"AI",40.9,-90.65,,"AI",0,-109.84,,"AI",-40.8,-90.55,,4661.809,5.911,-33.492,,,,4664.17,-18.789,-39.47,,,,,,,,,,,,,,,,,,,4663.102,3.603,-34.762,,,,4666.485,-16.472,-41.811,,,,,,,,,,,,,,,,,,,"",2,-22.805,167.037,4.697,0,0,"인생최패망자",4663.059,,,10,""
204,,11,1,2,5,0,0,2,0,1,0,255,0,255,107,4685.833,"인생최패망자",R,13,88,111,0.147,-2.529,1.048,1.23,1.058,1.021,-36.742,85.862,10,90,0,2,-386.405,317.319,-3.039,0.144,-21.864,2,"=","=","=","=","=","=","=","","",2,L,"encounter v",190,83.037,0.46,3,67,W,Y,1,4686.917,245,224,123,142,73,145,87,-14.286,1.508,0.258,0.535,-21.615,1,0,0.662,-226.052,-227.763,140.403,4686.875,0.213,-23.423,4687.817,0,-0.062,0.405,-35.091,0,0,,,,,,,,,,,,,4688.366,,4690.91,2,,147,2,,,,,,,,,,,,,,,,,,,0.275,-37.309,-0.008,-16.824,-21.306,-49.198,-13.856,-64.354,24.124,-53.861,12.696,-64.093,40.9,-90.65,0,-109.84,-40.8,-90.55,0.401,-36.923,120,"Floră",0,-16.957,,"아침땅_",-21.195,-49.147,,"_송글_",-13.845,-64.309,,"Yaksok~",26.056,-55.666,,"_Chun",12.48,-64.097,,"AI",40.904,-90.653,,"AI",0,-109.844,,"AI",-40.804,-90.553,,4687.909,-0.133,-35.584,,,,4690.322,-18.865,-39.25,,,,,,,,,,,,,,,,,,,4689.523,-4.937,-35.757,,,,,,,,,,,,,,,,,,,,,,,,,"",2,0,0,0,-2,0,"인생최패망자",4687.915,,,10,""
205,SIDE,11,1,2,5,0,0,2,0,1,0,255,0,255,,4691.514,,,,,,,,,,,,,,,,,,,,,,,3,"=","=","=","=","=","=","=","","",,,,,,,,,,,,,,,,,,,,,,,,,,,,,,,,,,,,,,,0,0,,,,,,,,,,,,,,,,,,,,,,,,,,,,,,,,,,,,,,,,,,,,,,,,,,,,,,,,,,,,,,,,,,,,,,,,,,,,,,,,,,,,,,,,,,,,,,,,,,,,,,,,,,,,,,,,,,,,,,,,,,,,,,,,,,,,,,,,,,,,,,,,,"",0,,,,,0,"",,,,0,""
206,,11,0,2,5,0,0,0,0,0,0,255,255,255,76,4719.605,"Yes_Man_",R,0,68,121,-0.269,0.401,0.743,1.573,-0.14,1.862,-36.892,55.353,0,75,25,2,0,0,4.834,0,0,1,"Yaksok~","인생최패망자","_Chun","아침땅_","_송글_","Floră","","","",0,R,"인생최패망자",190,80,0.346,5,67,W,Y,1,4720.729,255,236,161,164,55,145,125,28.043,-46.007,-0.023,1.206,-20.982,0.75,0,0.402,259.334,6.344,541.023,4727.059,72.259,-94.453,4730.409,6,66.932,0.056,-92.715,0,2,,4728.091,4732.914,4738.121,4743.156,,,,,,,,,,,,,,,,,,,,,,,,,,,,,4746.704,4,,,0.104,-38.124,-0.03,-17.049,-19.106,-44.579,-7.648,-57.74,19.151,-45.702,10.401,-64.018,27.296,-92.416,0,-109.87,-40.837,-90.584,0.285,-37.42,,"ke ro",-0.038,-17.013,,"encounter v",-18.865,-44.378,,"시즈카_Shizuka",-7.354,-58.987,,"MODECO",18.702,-45.148,,"P0TA0",9.954,-64.287,,"Kr_Luna",27.288,-92.419,95,"AI",0,-109.84,,"AI",-40.8,-90.55,,,,,,,,,,,,,,4735.021,20.653,-42.327,,,,4730.715,66.352,-92.707,,,,,,,,,,,,,,,,,,,,,,,,,4731.645,62.097,-90.325,,,,,,,"",4,-43.248,180,-14.935,0,0,"Kr_Luna",4732.914,4738.121,4743.156,48,""
207,,11,0,2,6,0,0,0,0,0,0,255,255,255,77,4756.554,"Yes_Man_",R,5,62,101,-1.533,0.186,0.438,1.57,-0.54,1.719,-36.892,27.884,0,73,27,2,-64.796,0,6.586,0,0,2,"=","=","=","=","=","=","","","",5,L,"_Chun",160,80,0.445,5,67,W,Y,1,4757.705,214,151,85,59,47,145,122,97.976,33.77,-0.265,0.942,-20.792,0.46,0,0.465,288.631,-428.961,-304.441,,,,,,,,,0,0,,,,,,,,,,,,,,,,,,,,,,,,,,,,,,,,,,,,,,0.088,-38.192,-0.01,-17.094,-19.218,-43.875,-8.972,-61.064,18.41,-44.014,13.224,-63.246,41.34,-89.703,0,-109.85,-40.807,-90.557,0.009,-37.453,,"ke ro",-0.039,-17.074,,"encounter v",-19.048,-43.707,,"시즈카_Shizuka",-8.958,-61.044,,"MODECO",17.93,-43.246,,"P0TA0",12.916,-62.742,,"Kr_Luna",40.668,-89.883,,"AI",0,-109.84,,"AI",-40.8,-90.55,,,,,,,,,,,,,,,,,,,,,,,,,,,,,,,,,,,,,,,,,,,,,,,,,,,,,,,,"",3,36.595,-179.236,8.274,0,0,"",,,,0,""
208,,11,0,2,6,0,1,0,0,0,0,255,255,255,78,4772.568,"Yes_Man_",R,32,81,132,0.919,-0.03,0.584,1.533,0.153,1.589,-36.892,38.704,0,100,0,2,151.237,7.889,1.022,0,0,2,"=","=","=","=","=","=","","","",5,L,"_Chun",160,80,0.445,5,67,W,Y,1,4773.604,200,146,120,55,32,145,111,0,-63.001,0.164,0.819,-19.973,0.11,0,0.274,301.847,-175.801,307.504,4774.15,19.125,-29.471,,,,,,0,0,,,,,,,,,,,,,,,,,,,,,,,,,,,,,,,,,,,,,,0.088,-38.029,-0.079,-17.19,-19.22,-43.876,-7.557,-64.353,18.158,-43.332,12.974,-62.043,41.471,-90.813,0,-109.85,-40.807,-90.557,0.252,-37.237,,"ke ro",-0.06,-17.17,,"encounter v",-19.028,-43.678,,"시즈카_Shizuka",-7.192,-64.423,,"MODECO",18.054,-43.18,,"P0TA0",11.844,-62.138,,"Kr_Luna",41.465,-90.801,,"AI",0,-109.84,,"AI",-40.8,-90.55,,,,,,,,,,,,,,,,,,,,,,,,,,,,,,,,,,,,,,,,,,,,,,,,,,,,,,,,"",3,-62.162,-179.37,-9.535,0,0,"",,,,0,""
209,,11,0,2,6,0,2,0,0,0,0,255,255,255,79,4786.186,"Yes_Man_",R,1,56,98,0.505,0.386,0.5,1.528,-0.576,1.597,-36.892,36.28,0,83,17,2,-2.058,0.98,0.65,0,0,2,"=","=","=","=","=","=","","","",5,L,"_Chun",160,80,0.445,0,67,W,Y,1,4787.343,13,10,18,28,24,6,34,-18.843,-21.126,0.235,0.909,-20.601,0.17,1,0.648,98.087,308.726,-390.212,4787.392,1.022,-22.688,4789.459,0,5.345,0.06,-33.182,1,0,,4791.982,4797.017,4801.596,,,,,,,,,,,,,,,,,,,,,,,,,,,,,,,,,,0.054,-38.212,-0.006,-17.195,-19.522,-43.963,-7.18,-66.013,17.904,-42.512,12.586,-63.096,42.487,-88.529,0,-109.85,-40.807,-90.557,0.189,-37.392,,"ke ro",0.004,-17.182,,"encounter v",-19.274,-43.758,,"시즈카_Shizuka",-5.399,-66.179,,"MODECO",18.449,-40.809,,"P0TA0",12.314,-62.86,70,"Kr_Luna",42.463,-88.514,,"AI",0,-109.84,,"AI",-40.8,-90.55,,4789.545,5.195,-33.623,,,,4799.397,-43.423,-54.992,,,,,,,4803.529,-6.219,-51.919,,,,,,,,,,,,,,,,,,,,,,,,,4807.986,-3.578,-46.175,,,,,,,,,,"",2,0,0,0,-2,0,"Yes_Man_",4797.017,4801.596,,13,""
210,,11,0,2,6,0,0,0,0,0,1,255,255,15,80,4826.551,"Yes_Man_",R,0,74,124,-2.017,0.253,0.488,1.591,-0.825,1.753,-36.892,34.219,0,77,23,1,-41.218,0,0.556,0,0,3,"=","=","=","=","=","=","","","",2,R,"아침땅_",180.1,99.936,0.502,,67,W,Y,0,,,,,,,,,,,,,,,,,,,,,,,,,,,,0,0,,,,,,,,,,,,,,4826.796,,,,,,,,,,,,,,,,,,,,,,,,0.018,-38.177,0.015,-16.99,-19.149,-44.141,-10.18,-62.389,18.471,-42.346,5.556,-61.845,31.072,-90.813,0,-109.86,-40.815,-90.564,,,,"",,,,"",,,,"",,,,"",,,,"",,,,"",,,,"",,,,"",,,,4830.174,-0.169,-37.147,,,,,,,,,,,,,,,,,,,,,,,,,,,,,,,,,,,,,,,,,,,,,,,,,,,,"",0,,,,,0,"",,4829.176,,0,""
211,,11,0,2,6,1,0,0,0,0,1,255,255,15,81,4838.855,"Yes_Man_",R,34,65,118,-1.307,-0.33,0.351,1.493,-0.931,1.459,-36.892,25.841,0,83,17,2,84.259,-35.933,0.493,0,0,3,"=","=","=","=","=","=","","","",2,R,"아침땅_",180.1,99.936,0.502,3,67,W,Y,1,4839.924,114,78,146,79,38,137,79,30.763,60.768,-0.389,0.975,-20.82,1,0.19,0.484,39.115,566.609,152.144,4842.517,-41.796,-39.837,,,,,,0,0,,,,,,,,,,,,,,4839.364,,,,,,,,,,,,,,,,,,,,,,,,0.062,-38.024,-0.044,-16.966,-19.141,-44.12,-8.414,-62.341,18.549,-42.94,5.123,-61.89,30.865,-91.14,0,-109.85,-40.807,-90.557,0.025,-37.245,,"ke ro",-0.056,-16.955,,"encounter v",-18.942,-43.902,,"시즈카_Shizuka",-9.79,-61.945,,"MODECO",17.619,-43.751,,"P0TA0",5.067,-62.098,,"Kr_Luna",30.869,-91.131,,"AI",0,-109.84,,"AI",-40.8,-90.55,,,,,,,,,,,,,,,,,,,,,,,,,,,,,,,,,,,,,,,,,,,,,,,,,,,,,,,,"",3,0,0,0,-2,0,"",,4843.755,,0,""
212,,11,0,2,6,1,1,0,0,0,1,255,255,15,82,4855.452,"Yes_Man_",R,0,68,121,0.16,0.175,0.584,1.636,0.052,1.705,-36.892,48.017,0,100,0,2,-0.014,0,0.099,0,0,3,"=","=","=","=","=","=","","","",2,R,"아침땅_",180.1,99.936,0.502,3,35,W,Y,1,4856.543,107,65,80,41,22,135,118,-30,37.966,-0.111,0.977,-20.095,0.19,0.143,0.425,59.155,494.962,-153.444,4856.392,-1.346,-21.667,4857.8,2,-18.238,1.809,-43.06,0,0,,,,,,,,,,,,,,4855.924,4859.507,3,,147,0,,,,,,,,,,,4858.81,2,,,,,,,0.065,-37.857,-0.007,-16.804,-19.671,-44.166,-10.679,-61.711,17.17,-43.237,3.926,-62.991,27.43,-90.616,0,-109.85,-40.807,-90.557,0.029,-37.347,,"ke ro",-0.027,-16.796,105,"encounter v",-19.499,-44.022,120,"시즈카_Shizuka",-12.944,-60.587,,"MODECO",17.197,-43.203,,"P0TA0",4.069,-62.689,,"Kr_Luna",27.421,-90.6,,"AI",0,-109.84,,"AI",-40.8,-90.55,,4864.424,0.136,-37.621,4860.369,-0.21,-21.068,4857.871,-18.812,-43.824,,,,,,,,,,,,,,,,,,,,,,4863.808,4.029,-26.135,4859.252,-16.622,-37.28,,,,,,,,,,,,,,,,,,,"",2,0,0,0,-2,0,"encounter v",,4861.073,,69,""
213,,11,0,2,6,0,0,1,0,0,1,255,255,15,83,4877.668,"Yes_Man_",R,32,76,127,-2.559,0.709,0.255,1.643,-1.378,1.979,-36.892,11.147,0,85,15,4,162.496,-29.99,27.537,0,0,4,"=","=","=","=","=","=","","","",3,R,"_송글_",175.4,91.844,0.315,,67,W,Y,1,,,,,,,,,,,,,,,,,,,,,,,,,,,,0,0,,,,,,,,,,,,,,4878.616,,,,,,,,,,,,,,,,,,,,,,,,0.09,-37.942,-0.044,-17.422,-19.49,-45.134,-14.97,-63.092,19.399,-41.095,5.529,-65.149,26.066,-86.095,0,-109.85,-40.807,-90.557,,,,"",,,,"",,,,"",,,,"",,,,"",,,,"",,,,"",,,,"",,,,4880.94,-0.142,-37.209,,,,,,,,,,,,,,,,,,,,,,,,,,,,,,,,,,,,,,,,,,,,,,,,,,,,"",0,,,,,0,"",,4880.12,,0,""
214,,11,0,2,6,0,1,1,0,0,1,255,255,15,84,4891.617,"Yes_Man_",R,4,80,125,-0.002,-0.246,0.618,1.495,0.312,1.46,-36.892,46.872,0,76,24,0,-204.367,0,3,0,0,4,"=","=","=","=","=","=","","","",3,R,"_송글_",175.4,91.844,0.315,,45,W,Y,1,,,,,,,,,,,,,,,,,,,,,,,,,,,,0,0,,,,,,,,,,,,,,4892.426,,,,,,,,,,,,,,,,,,,,,,,,0.068,-38.098,0.013,-16.851,-19.535,-45.18,-14.457,-63.18,19.441,-40.276,4.697,-64.084,25.424,-78.4,0,-109.85,-40.815,-90.564,,,,"",,,,"",,,,"",,,,"",,,,"",,,,"",,,,"",,,,"",,,,4896.118,-0.285,-37.213,,,,,,,,,,,,,,,,,,,,,,,,,,,,,,,,,,,,,,,,,,,,,,,,,,,,"",0,,,,,0,"",,4894.112,,0,""
215,,11,0,2,6,0,2,1,0,0,1,255,255,15,85,4906.743,"Yes_Man_",R,3,73,113,-2.244,0.173,0.547,1.579,-0.114,1.715,-36.892,42.344,0,80,20,1,-474.237,0,7.225,0,0,4,"=","=","=","=","=","=","","","",3,R,"_송글_",175.4,91.844,0.315,,45,W,Y,0,,,,,,,,,,,,,,,,,,,,,,,,,,,,0,16,,,,,,,,,,,,,,,,,,,,,,,,,,,,,,,,,,,,,,0.02,-37.811,-1.273,-17.032,-19.534,-45.161,-13.751,-64.518,18.607,-42.076,4.446,-63.505,17.998,-64.559,0,-109.85,-40.815,-90.564,,,,"",,,,"",,,,"",,,,"",,,,"",,,,"",,,,"",,,,"",,,,4911.393,-0.102,-37.221,,,,,,,,,,,,,,,,,,,,,,,,,,,,,,,,,,,,,,,,,,,,,,,,,,,,"",0,,,,,0,"",,4909.703,,0,""
216,,11,0,2,6,0,0,2,0,0,1,255,255,15,86,4935.591,"Yes_Man_",R,4,68,116,0.162,0.262,0.641,1.571,0.389,1.781,-36.892,47.886,0,78,22,0,-188.604,0,2.364,0,0,5,"=","=","=","=","=","=","","","",1,R,"Floră",190,85.304,0.403,,67,W,Y,0,,,,,,,,,,,,,,,,,,,,,,,,,,,,0,0,,,,,,,,,,,,,,4935.776,,,,,,,,,,,,,,,,,,,,,,,,0.116,-38.136,-0.009,-16.926,-19.285,-44.323,-15.501,-61.938,18.005,-43.325,4.282,-63.645,36.744,-86.821,0,-109.87,-40.83,-90.577,,,,"",,,,"",,,,"",,,,"",,,,"",,,,"",,,,"",,,,"",,,,4939.671,-0.02,-37.181,,,,,,,,,,,,,,,,,,,,,,,,,,,,,,,,,,,,,,,,,,,,,,,,,,,,"",0,,,,,0,"",,4938.998,,0,""
217,,11,0,2,6,0,1,2,0,0,1,255,255,15,87,4950.289,"Yes_Man_",R,3,69,113,-2.414,-0.645,0.492,1.475,-0.455,1.215,-36.892,31.717,0,92,8,4,-329.647,0,4.963,0,0,5,"=","=","=","=","=","=","","","",1,R,"Floră",190,85.304,0.403,,67,W,Y,1,,,,,,,,,,,,,,,,,,,,,,,,,,,,0,0,,,,,,,,,,,,,,4951.22,,,,,,,,,,,,,,,,,,,,,,,,0.129,-38.084,-0.016,-16.908,-19.342,-44.406,-15.211,-63.168,18.278,-42.99,4.027,-63.587,36.869,-86.808,0,-109.85,-40.815,-90.564,,,,"",,,,"",,,,"",,,,"",,,,"",,,,"",,,,"",,,,"",,,,4954.473,-0.056,-37.443,,,,,,,,,,,,,,,,,,,,,,,,,,,,,,,,,,,,,,,,,,,,,,,,,,,,"",0,,,,,0,"",,4953.395,,0,""
218,,11,0,2,6,0,2,2,0,0,1,255,255,15,88,4965.338,"Yes_Man_",R,5,68,119,-2.081,0.339,0.384,1.603,-0.775,1.825,-36.892,21.223,0,83,17,2,-82.523,0,7.371,0,0,5,"=","=","=","=","=","=","","","",1,R,"Floră",190,85.304,0.403,0,67,W,Y,1,4966.54,127,148,94,112,62,138,128,-10.267,23.929,-0.422,1.106,-19.754,0.23,0,0.253,310.423,-59.118,-142.405,4966.559,-2.873,-25.288,4968.125,3,-16.901,0.056,-57.05,0,0,,,,,,,,,,,4970.596,,,4966.016,4970.908,5,,147,2,,,,,,,,,,,,,,,,,,,0.076,-38.043,-0.016,-16.896,-19.336,-44.404,-15.171,-63.196,18.544,-42.842,3.959,-63.54,36.71,-86.825,0,-109.85,-40.815,-90.564,0.025,-37.394,,"ke ro",-0.052,-16.887,,"encounter v",-19.152,-44.207,84,"시즈카_Shizuka",-15.146,-63.14,88,"MODECO",18.519,-42.908,,"P0TA0",4.016,-63.542,,"Kr_Luna",36.546,-86.764,,"AI",0,-109.84,,"AI",-40.8,-90.55,,,,,,,,4970.217,-19.125,-39.771,4968.22,-17.418,-59.284,,,,,,,,,,,,,,,,,,,,,,4971.491,-17.607,-39.66,4969.451,-17.63,-53.069,,,,,,,,,,,,,,,,"",2,0,0,0,-2,0,"시즈카_Shizuka",,,4970.596,6,""
219,SIDE,11,0,2,6,0,0,2,0,0,1,255,255,15,,4971.512,,,,,,,,,,,,,,,,,,,,,,,0,"=","=","=","=","=","=","","","",,,,,,,,,,,,,,,,,,,,,,,,,,,,,,,,,,,,,,,0,0,,,,,,,,,,,,,,,,,,,,,,,,,,,,,,,,,,,,,,,,,,,,,,,,,,,,,,,,,,,,,,,,,,,,,,,,,,,,,,,,,,,,,,,,,,,,,,,,,,,,,,,,,,,,,,,,,,,,,,,,,,,,,,,,,,,,,,,,,,,,,,,,,"",0,,,,,0,"",,,,0,""
220,,12,1,2,6,0,0,0,0,0,0,255,255,255,108,5010.253,"인생최패망자",R,32,97,140,-0.135,0.545,0.725,1.425,-0.35,1.896,-36.742,45.526,5,95,0,0,194.866,-74.717,9.486,0,0,3,"Yes_Man_","시즈카_Shizuka","encounter v","P0TA0","MODECO","Kr_Luna","ke ro","","",5,R,"P0TA0",190,96,0.502,,67,W,Y,1,,,,,,,,,,,,,,,,,,,,,,,,,,,,0,0,,,,,,,,,,,,,,,,,,,,,,,,,,,,,,,,,,,,,,0.202,-37.575,-0.057,-16.656,-22.651,-48.571,-12.739,-64.215,19.443,-49.702,12.821,-63.102,40.937,-90.684,0,-109.88,-40.837,-90.584,,,,"",,,,"",,,,"",,,,"",,,,"",,,,"",,,,"",,,,"",,,,,,,,,,,,,,,,,,,,,,,,,,,,,,,,,,,,,,,,,,,,,,,,,,,,,,,,,,"",0,,,,,0,"",,,,0,""
221,,12,1,2,6,0,1,0,0,0,0,255,255,255,109,5025.667,"인생최패망자",R,32,91,140,1.454,0.662,0.87,1.451,0.328,1.981,-36.742,64.658,7,93,0,2,202.263,-61.999,4.7,0,0,3,"=","=","=","=","=","=","=","","",5,R,"P0TA0",190,96,0.502,3,67,W,Y,1,5026.677,223,69,84,57,13,145,116,-30,39.53,0.041,1.031,-19.185,0.06,0,0.178,342.987,-136.999,92.476,5026.559,-1.332,-20.855,5028.125,2,-19.712,1.643,-43.259,0,0,,,,,,,,,,,,,,,5029.977,3,,147,0,,,,,,,,,,,5029.371,2,,,,,,,0.135,-37.61,-0.031,-16.846,-22.712,-48.513,-12.616,-65.092,19.617,-49.854,12.807,-63.01,40.915,-90.664,0,-109.86,-40.815,-90.564,0.574,-36.965,,"Floră",-0.053,-16.858,,"아침땅_",-22.676,-48.497,88,"_송글_",-12.721,-64.926,,"Yaksok~",19.61,-49.847,,"_Chun",12.731,-63.251,,"AI",40.9,-90.65,,"AI",0,-109.84,,"AI",-40.8,-90.55,,5031.325,-0.447,-38.118,,,,5028.23,-20.922,-44.937,,,,,,,,,,,,,,,,,,,,,,,,,5030.268,-17.679,-40.068,,,,,,,,,,,,,,,,,,,"",2,0,0,0,-2,0,"아침땅_",,,,10,""
222,,12,1,2,6,0,0,1,0,0,0,255,255,255,110,5045.298,"인생최패망자",R,32,97,140,-1.271,-0.39,0.702,1.147,-0.92,1.319,-36.742,51.523,10,16,74,2,249.026,-70.506,6.654,0,0,4,"=","=","=","=","=","=","=","","",4,R,"MODECO",190,85,0.445,3,67,W,Y,0,5046.381,128,99,118,48,41,138,83,-30,54.156,-0.277,0.826,-19.331,1,0,0.344,110.19,-298.782,-277.992,5046.309,-2.07,-20.631,,,,,,0,0,,,,,,,,,,,,,,,,,,,,,,,,,,,,,,,,,,,,,,0.224,-37.535,-0.053,-16.86,-22.299,-48.343,-12.565,-65.145,20.643,-49.851,4.33,-66.486,40.93,-90.677,0,-109.87,-40.83,-90.577,0.364,-36.891,,"Floră",-0.254,-16.944,,"아침땅_",-22.5,-48.696,,"_송글_",-12.617,-65.027,,"Yaksok~",20.448,-49.959,,"_Chun",4.564,-66.473,,"AI",40.9,-90.65,,"AI",0,-109.84,,"AI",-40.8,-90.55,,,,,,,,,,,,,,,,,,,,,,,,,,,,,,,,,,,,,,,,,,,,,,,,,,,,,,,,"",3,0,0,0,-2,0,"",,,,0,""
223,,12,1,2,6,0,1,1,0,0,0,255,255,255,111,5059.739,"인생최패망자",R,32,99,140,-2.38,-0.363,0.599,1.153,-1.402,1.341,-36.742,40.612,5,76,19,4,250,-65.275,8.778,0,0,4,"=","=","=","=","=","=","=","","",4,R,"MODECO",190,85,0.445,,67,W,Y,1,,,,,,,,,,,,,,,,,,,,,,,,,,,,0,0,,,,,,,,,,,,,,,,,,,,,,,,,,,,,,,,,,,,,,0.009,-38.113,-0.018,-16.848,-22.574,-48.485,-12.079,-65.199,20.427,-49.773,2.244,-65.475,40.915,-90.664,0,-109.85,-40.815,-90.564,,,,"",,,,"",,,,"",,,,"",,,,"",,,,"",,,,"",,,,"",,,,,,,,,,,,,,,,,,,,,,,,,,,,,,,,,,,,,,,,,,,,,,,,,,,,,,,,,,"",0,,,,,0,"",,,,0,""
224,,12,1,2,6,0,2,1,0,0,0,255,255,255,112,5075.663,"인생최패망자",R,3,85,112,-0.7,0.214,1.014,1.311,0.354,1.785,-36.742,70.106,6,94,0,2,-390.534,0,6.386,0,0,4,"=","=","=","=","=","=","=","","",4,R,"MODECO",190,85,0.445,3,67,W,Y,1,5076.853,174,125,130,77,48,145,118,26.91,33.628,-0.157,1.116,-20.378,0.78,0,0.316,309.946,400.352,133.733,5081.567,-66.108,-100.489,5082.767,8,-63.763,0.326,-99.643,1,16,,5082.783,5087.579,,,,,,,,,,,,5088.069,4,1,278,0,,,,,,,,,,,,,5087.968,5,,,,,0.297,-37.487,-0.045,-16.911,-22.514,-48.556,-12.139,-64.215,20.425,-49.77,2.275,-66.023,40.922,-90.671,0,-109.86,-40.822,-90.571,0.378,-37.001,,"Floră",-0.093,-16.955,,"아침땅_",-22.45,-48.495,,"_송글_",-12.127,-64.18,,"Yaksok~",20.085,-50.069,,"_Chun",2.584,-65.999,86,"AI",40.9,-90.65,,"AI",0,-109.84,,"AI",-40.8,-90.55,,5093.273,0.231,-38.829,,,,,,,,,,,,,5087.773,-0.884,-59.496,,,,,,,,,,,,,,,,,,,,,,,,,5091.98,-5.265,-60.707,,,,,,,,,,"",2,0,0,0,-2,0,"AI",5087.579,,,6,""
225,,12,1,2,6,0,0,2,0,0,0,255,255,255,113,5109.503,"인생최패망자",R,32,98,140,-1.518,-0.193,0.579,1.177,-1.027,1.419,-36.742,40.152,7,11,82,1,250,-100.329,13.314,0,0,5,"=","=","=","=","=","=","=","","",6,L,"Kr_Luna",190,95.432,0.498,,67,W,Y,0,,,,,,,,,,,,,,,,,,,,,,,,,,,,0,0,,,,,,,,,,,,,,,,,,,,,,,,,,,,,,,,,,,,,,-0.001,-38.17,0.01,-16.922,-22.321,-48.544,-11.526,-65.018,21.379,-50.208,9.327,-63.993,40.922,-90.671,0,-109.86,-40.822,-90.571,,,,"",,,,"",,,,"",,,,"",,,,"",,,,"",,,,"",,,,"",,,,5113.15,0.158,-37.297,,,,,,,,,,,,,,,,,,,,,,,,,,,,,,,,,,,,,,,,,,,,,,,,,,,,"",0,,,,,0,"",,,,0,""
226,,12,1,2,6,1,0,2,0,0,0,255,255,255,114,5122.671,"인생최패망자",R,32,99,140,-1.053,-0.307,0.644,1.177,-0.724,1.417,-36.742,38.589,6,73,21,2,176.658,-18.822,2.183,0,0,5,"=","=","=","=","=","=","=","","",6,L,"Kr_Luna",190,95.432,0.498,5,67,W,Y,0,5123.469,121,101,129,60,17,138,104,0,88.586,-0.223,0.873,-19.7,-0.02,0,0.06,223.528,-257.206,437.071,5123.742,-14.905,-20.203,,,,,,0,0,,,,,,,,,,,,,,,,,,,,,,,,,,,,,,,,,,,,,,0.314,-37.4,1.332,-16.651,-22.216,-48.435,-11.317,-65.43,22.51,-51.544,11.214,-63.976,40.915,-90.664,0,-109.85,-40.815,-90.564,0.193,-36.709,,"Floră",0.99,-16.541,,"아침땅_",-22.193,-48.427,,"_송글_",-11.572,-65.231,,"Yaksok~",22.506,-51.531,,"_Chun",11.322,-63.941,,"AI",40.9,-90.65,,"AI",0,-109.84,,"AI",-40.8,-90.55,,,,,,,,,,,,,,,,,,,,,,,,,,,,,,,,,,,,,,,,,,,,,,,,,,,,,,,,"",3,-89.11,-174.413,-17.831,0,0,"",,,,0,""
227,,12,1,2,6,1,1,2,0,0,0,255,255,255,115,5137.138,"인생최패망자",R,3,92,115,0.48,-0.493,1.046,1.123,0.996,1.324,-36.742,73.299,7,23,69,0,-459.061,0,1.84,0,0,5,"=","=","=","=","=","=","=","","",6,L,"Kr_Luna",190,95.432,0.498,,67,W,Y,0,,,,,,,,,,,,,,,,,,,,,,,,,,,,0,0,,,,,,,,,,,,,,,,,,,,,,,,,,,,,,,,,,,,,,0.409,-37.32,1.066,-16.529,-22.36,-48.544,-11.402,-65.708,22.363,-50.898,13.142,-63.345,40.907,-90.657,0,-109.85,-40.807,-90.557,,,,"",,,,"",,,,"",,,,"",,,,"",,,,"",,,,"",,,,"",,,,,,,,,,,,,,,,,,,,,,,,,,,,,,,,,,,,,,,,,,,,,,,,,,,,,,,,,,"",0,,,,,0,"",,,,0,""
228,,12,1,2,6,1,2,2,0,0,0,255,255,255,116,5152.324,"인생최패망자",R,3,85,109,1.061,-0.88,0.981,1.107,1.366,1.105,-36.742,85.675,11,36,53,0,-489.263,13.387,-14.048,0,0,5,"=","=","=","=","=","=","=","","",6,L,"Kr_Luna",190,95.432,0.498,,67,W,Y,0,,,,,,,,,,,,,,,,,,,,,,,,,,,,0,0,,,,,,,,,,,,,,,5154.858,5,,578,0,,,,,,,,,,,,,,,,,,,0.099,-38.141,1.098,-16.473,-22.389,-48.539,-11.741,-65.706,22.374,-50.926,13.756,-62.76,40.915,-90.664,0,-109.85,-40.815,-90.564,,,,"",,,,"",,,,"",,,,"",,,,"",,,,"",,,,"",,,,"",,,,,,,,,,,,,,,,,,,,,,,,,,,,,,,,,,,,,,,,,,,,,,,,,,,,,,,,,,"",0,,,,,0,"",,,,0,""
229,SIDE,12,1,2,6,0,0,2,0,0,0,255,255,255,,5160.075,,,,,,,,,,,,,,,,,,,,,,,6,"=","=","=","=","=","=","=","","",,,,,,,,,,,,,,,,,,,,,,,,,,,,,,,,,,,,,,,0,0,,,,,,,,,,,,,,,,,,,,,,,,,,,,,,,,,,,,,,,,,,,,,,,,,,,,,,,,,,,,,,,,,,,,,,,,,,,,,,,,,,,,,,,,,,,,,,,,,,,,,,,,,,,,,,,,,,,,,,,,,,,,,,,,,,,,,,,,,,,,,,,,,"",0,,,,,0,"",,,,0,""
230,END,12,0,2,6,0,0,0,0,0,0,255,255,255,,5166.682,,,,,,,,,,,,,,,,,,,,,,,,,,,,,,,,,,,,,,,,,,,,,,,,,,,,,,,,,,,,,,,,,,,,,,,,,,,,,,,,,,,,,,,,,,,,,,,,,,,,,,,,,,,,,,,,,,,,,,,,,,,,,,,,,,,,,,,,,,,,,,,,,,,,,,,,,,,,,,,,,,,,,,,,,,,,,,,,,,,,,,,,,,,,,,,,,,,,,,,,,,,,,,,,,,,,,,,,,,,,,,,,,,,,,"{""schemaVersion"":8,""gameTimeZeroUtc"":""2026-08-12T08:34:45.660Z"",""exportedAtUtc"":""2026-08-12T10:00:52.342Z"",""teamNameA"":""Red"",""teamNameB"":""Blue""}"
