id,type,inn,half,scoreA,scoreB,ball,strk,out,b1,b2,b3,b1Idx,b2Idx,b3Idx,pCnt,pSec,pName,pHand,pType,pPow,spdK,zoneX,zoneY,startX,startY,targetX,targetY,zDist,pitchAngle,pOver,pSide,pUnder,call,sH,sV,gyro,plx,plz,bIdx,bPos,bZone,bName,bHCm,batLen,batCen,batType,bFps,bOS,bVR,bSwing,hSec,rotS,rotL,shS,lgS,prepS,batSpd,ev,ldeg,sdeg,launchPosX,launchPosY,launchPosZ,hPos,buntGrip,handDist,angVeloX,angVeloY,angVeloZ,ltSec,lx,lz,cSec,cPos,cx,cy,cz,1BSafe,tag,cpSec,bTo1Sec,bTo2Sec,bTo3Sec,bToHSec,r1To2Sec,r1To3Sec,r1ToHSec,r2To3Sec,r2ToHSec,r3ToHSec,r1LeaveSec,r2LeaveSec,r3LeaveSec,out1Sec,out1BatterIndex,out1PrevBase,out1Code,out1Ass,out2Sec,out2BatterIndex,out2PrevBase,out2Code,out2Ass,out3Sec,out3BatterIndex,out3PrevBase,out3Code,out3Ass,ball1Sec,ball1Pos,ball2Sec,ball2Pos,ball3Sec,ball3Pos,ballHSec,ballHPos,PitchPPosX,PitchPPosZ,PitchCPosX,PitchCPosZ,Pitch1BPosX,Pitch1BPosZ,Pitch2BPosX,Pitch2BPosZ,Pitch3BPosX,Pitch3BPosZ,PitchSSPosX,PitchSSPosZ,PitchLFPosX,PitchLFPosZ,PitchCFPosX,PitchCFPosZ,PitchRFPosX,PitchRFPosZ,PPosX,PPosY,PThrSpd,CName,CPosX,CPosY,CThrSpd,1BName,1BPosX,1BPosY,1BThrSpd,2BName,2BPosX,2BPosY,2BThrSpd,3BName,3BPosX,3BPosY,3BThrSpd,SSName,SSPosX,SSPosY,SSThrSpd,LFName,LFPosX,LFPosY,LFThrSpd,CFName,CFPosX,CFPosY,CFThrSpd,RFName,RFPosX,RFPosY,RFThrSpd,PGetSec,PGetX,PGetZ,CGetSec,CGetX,CGetZ,1BGetSec,1BGetX,1BGetZ,2BGetSec,2BGetX,2BGetZ,3BGetSec,3BGetX,3BGetZ,SSGetSec,SSGetX,SSGetZ,LFGetSec,LFGetX,LFGetZ,CFGetSec,CFGetX,CFGetZ,RFGetSec,RFGetX,RFGetZ,PThrSec,PThrX,PThrZ,CThrSec,CThrX,CThrZ,1BThrSec,1BThrX,1BThrZ,2BThrSec,2BThrX,2BThrZ,3BThrSec,3BThrX,3BThrZ,SSThrSec,SSThrX,SSThrZ,LFThrSec,LFThrX,LFThrZ,CFThrSec,CFThrX,CFThrZ,RFThrSec,RFThrX,RFThrZ,errPosDelta,result,balk,cPlr,sb2Sec,sb3Sec,sbhSec,ass,remarks
1,,1,1,0,0,0,0,0,0,0,0,255,255,255,0,270.224,"눈꽃",R,26,88,140,1.328,0.414,0.292,1.966,0.465,1.723,-36.64,32.428,87,13,0,2,88.158,-154.702,0,0,0,0,8,L,"Fresh825",190,80,0.2,3,43,W,Y,1,271.296,255,116,119,122,81,145,130,25.957,10.123,0.246,1.173,-20.342,0.65,0,0.167,353.612,288.742,-50.191,275.332,-28.536,-136.963,,,,,,0,0,,276.683,281.247,286.486,291.896,,,,,,,,,,,,,,,,,,,,,,,,,,,,,,,,,-0.111,-37.715,-0.028,-17.63,-21.132,-46.669,-15.619,-63.661,17.475,-44.634,14.342,-59.5,51.451,-109.766,0.536,-113.77,-43.098,-100.194,0.232,-37.519,,"가앤슬_",0.015,-17.673,,"Pring__",-21.083,-46.536,,"Yaksok~",-12.79,-64.575,,"인생최패망자",17.174,-44.22,,"TaeGeuk_",14.351,-59.49,,"kneesohime",51.513,-109.7,,"ByeolBam",0.387,-113.058,,"HANA_ARASHI",-42.88,-99.204,,,,,,,,,,,,,,,,,,,,,,,,,,,,,,,,,,,,,,,,,,,,,,,,,,,,,,,,"",4,0,"",281.247,286.486,,0,""
2,,1,1,1,0,0,0,0,0,0,0,255,255,255,1,306.693,"눈꽃",R,27,88,140,1.71,-0.404,0.297,1.855,0.745,1.24,-36.64,17.721,53,47,0,2,-8.02,-122.476,0,0,0,1,6,R,"まととまと",179.8,90.039,0.45,5,41,W,Y,1,307.777,167,73,180,117,65,145,130,-30,-38.193,0.212,0.68,-19.849,0.7,0.048,0.204,55.002,14.521,-544.654,306.332,0.855,-20.667,,,,,,0,0,,,,,,,,,,,,,,,,,,,,,,,,,,,,,,,,,,,,,,-0.026,-37.774,-0.012,-17.651,-20.793,-46.574,-15.008,-64.051,16.573,-45.427,15.065,-61.699,46.373,-104.912,0.548,-110.93,-43.984,-99.936,0.302,-37.365,,"가앤슬_",0.03,-17.779,,"Pring__",-20.77,-46.224,,"Yaksok~",-14.565,-64.841,,"인생최패망자",16.415,-45.292,,"TaeGeuk_",13.319,-63.927,,"kneesohime",48.187,-104.176,,"ByeolBam",-0.682,-110.962,,"HANA_ARASHI",-43.821,-99.852,,,,,,,,,,,,,,,,,,,,,,,,,,,,,,,,,,,,,,,,,,,,,,,,,,,,,,,,"",3,0,"",,,,0,""
3,,1,1,1,0,0,1,0,0,0,0,255,255,255,2,326.161,"눈꽃",R,13,75,113,-1.994,-1.563,0.196,1.681,-0.238,1.15,-36.64,10.902,51,49,0,1,-353.313,353.794,0,0,0,1,6,R,"まととまと",179.8,90.039,0.45,,41,W,Y,0,,,,,,,,,,,,,,,,,,,,,,,,,,,,0,0,,,,,,,,,,,,,,,,,,,,,,,,,,,,,,,,,,,,,,-0.054,-37.738,-0.224,-17.705,-21.819,-47.194,-14.187,-64.629,17.856,-45.492,15.697,-60.964,48.551,-105.464,-1.485,-112.868,-42.643,-100.35,,,,"",,,,"",,,,"",,,,"",,,,"",,,,"",,,,"",,,,"",,,,,,,,,,,,,,,,,,,,,,,,,,,,,,,,,,,,,,,,,,,,,,,,,,,,,,,,,,"",0,0,"",,,,0,""
4,,1,1,1,0,1,1,0,0,0,0,255,255,255,3,339.679,"눈꽃",R,14,71,111,0.561,-0.477,0.116,1.965,-0.343,1.844,-36.64,10.612,59,41,0,0,318.17,385.704,0,0,0,1,6,R,"まととまと",179.8,90.039,0.45,,41,W,Y,0,,,,,,,,,,,,,,,,,,,,,,,,,,,,0,0,,,,,,,,,,,,,,,,,,,,,,,,,,,,,,,,,,,,,,-0.065,-37.765,-0.037,-17.699,-21.83,-47.201,-13.982,-64.633,17.615,-45.12,14.593,-62.076,50.458,-103.56,-0.756,-112.732,-43.115,-99.865,,,,"",,,,"",,,,"",,,,"",,,,"",,,,"",,,,"",,,,"",,,,,,,,,,,,,,,,,,,,,,,,,,,,,,,,,,,,,,,,,,,,,,,,,,,,,,,,,,"",0,0,"",,,,0,""
5,,1,1,1,0,1,2,0,0,0,0,255,255,255,4,352.442,"눈꽃",R,13,64,106,-0.902,-1.126,0.281,1.843,0.213,1.493,-36.64,13.794,56,44,0,2,-313.843,379.38,0,0,0,1,6,R,"まととまと",179.8,90.039,0.45,3,41,W,Y,1,353.653,255,76,235,107,66,145,127,-4.843,3.504,-0.181,0.544,-20.212,0.65,0.19,0.299,-137.736,581.684,-51.699,352.358,-0.514,-25.162,355.638,7,-3.451,0.055,-101.491,1,0,,359.338,,,,,,,,,,,,,,,,,,,,,,,,,,,,,,,,,,,,-0.033,-37.876,-0.012,-17.663,-21.838,-47.213,-14.055,-64.233,17.904,-45.356,13.928,-61.761,49.788,-103.985,-2.374,-114.427,-43.016,-101.348,0.278,-37.431,,"가앤슬_",0.004,-18.078,,"Pring__",-21.627,-47.014,,"Yaksok~",-15.385,-65.946,,"인생최패망자",17.345,-44.858,,"TaeGeuk_",13.892,-62.162,89,"kneesohime",49.783,-103.904,,"ByeolBam",-2.378,-114.43,89,"HANA_ARASHI",-41.8,-101.011,,363.845,0.093,-39.033,,,,,,,,,,,,,360.128,0.166,-60.41,,,,357.101,-3.461,-102.582,,,,,,,,,,,,,,,,,,,362.748,-0.389,-58.29,,,,358.22,-2.756,-95.539,,,,"",2,0,"ByeolBam",,,,324,""
6,,1,1,1,0,0,0,0,1,0,0,6,255,255,5,379.19,"눈꽃",R,27,86,139,0.371,-0.067,0.198,1.836,0.096,1.418,-36.64,19.166,50,50,0,2,49.679,-122.52,0,0,0,2,7,R,"Oort__Cloud",160,80,0.2,5,40,W,Y,1,380.192,255,176,85,37,15,141,77,35.05,-1.623,0.068,0.83,-20.301,-0.99,0,0.199,247.307,417.127,287.929,383.398,-4.846,-79.458,384.185,7,-5.319,0.797,-82.554,1,0,,385.662,,,,386.348,,,,,,379.192,,,,,,,,,,,,,,,,,,,,,,,,,,-0.104,-37.65,-0.034,-18.058,-19.771,-40.137,-13.165,-59.861,15.584,-43.051,11.418,-58.479,47.237,-106.285,-1.782,-105.06,-42.648,-97.972,0.147,-37.207,,"가앤슬_",-0.017,-18.159,,"Pring__",-18.454,-42.166,,"Yaksok~",-13.963,-59.987,,"인생최패망자",15.523,-42.925,,"TaeGeuk_",10.97,-58.66,,"kneesohime",47.223,-106.281,,"ByeolBam",-2.465,-104.986,89,"HANA_ARASHI",-42.648,-97.972,,389.925,0.699,-39.594,,,,,,,,,,,,,,,,,,,385.734,-5.477,-83.124,,,,,,,,,,,,,,,,,,,,,,,,,388.553,-2.396,-64.345,,,,"",2,0,"ByeolBam",386.348,,,260,""
7,,1,1,1,0,0,0,0,1,1,0,7,6,255,6,409.098,"눈꽃",R,13,70,110,1.435,0.002,0.482,1.956,1.199,1.997,-36.64,20.797,70,30,0,0,-368.336,338.125,0,0,0,3,1,L,"Sabo_10",185.3,87.575,0.449,,40,W,Y,1,,,,,,,,,,,,,,,,,,,,,,,,,,,,0,0,,,,,,,,,412.043,,,416.225,,,,,,,,,,,,,,,,,,,,414.269,3,,,,,0.119,-37.764,-0.048,-17.81,-19.67,-39.85,-2.285,-60.177,16.855,-43.914,11.436,-59.145,52.828,-102.624,2.764,-113.702,-40.605,-96.596,,,,"",,,,"",,,,"",,,,"",,,,"",,,,"",,,,"",,,,"",,,,416.427,0.036,-38.939,,,,,,,,,,,,,,,,,,,,,,,,,,,,,,,,,,,,,,,,,,,,,,,,,,,,"",0,0,"",,412.043,,0,""
8,,1,1,1,0,0,1,0,1,0,1,7,255,6,7,431.002,"눈꽃",R,0,72,124,1.961,1.206,0.405,2.084,0.842,2.328,-36.64,52.426,66,34,0,1,0,0,0,0,0,3,1,L,"Sabo_10",185.3,87.575,0.449,,40,W,Y,0,,,,,,,,,,,,,,,,,,,,,,,,,,,,0,0,,,,,,,,,,,,431.248,,441.632,,,,,,,,,,,,,,,,,,,,,,,,0.038,-37.777,-0.023,-17.654,-19.467,-39.864,-6.578,-60.551,17.873,-39.494,13.084,-58.942,50.712,-100.07,3.04,-111.545,-41.596,-96.748,,,,"",,,,"",,,,"",,,,"",,,,"",,,,"",,,,"",,,,"",,,,436.755,-0.039,-37.65,,,,,,,,,,,,,,,,,,,,,,,,,,,,,,,,,,,,,,,,,,,,,,,,,,,,"",0,0,"",,433.521,,0,""
9,,1,1,1,0,1,1,0,1,0,1,7,255,6,8,451.695,"눈꽃",R,13,65,107,0.331,-0.679,0.393,1.916,0.708,1.744,-36.64,32.435,65,35,0,0,-298.112,395.065,0,0,0,3,1,L,"Sabo_10",185.3,87.575,0.449,,40,W,Y,1,,,,,,,,,,,,,,,,,,,,,,,,,,,,0,0,,,,,,,,,,,,451.896,,456.418,,,,,,,,,,,,,,,,,,,,,,,,-0.031,-37.736,0.011,-17.787,-19.554,-39.813,-8.08,-61.993,18.013,-39.67,13.913,-59.221,50.71,-99.858,2.304,-113.234,-42.768,-96.68,,,,"",,,,"",,,,"",,,,"",,,,"",,,,"",,,,"",,,,"",,,,457.327,-0.258,-37.376,,,,,,,,,,,,,,,,,,,,,,,,,,,,,,,,,,,,,,,,,,,,,,,,,,,,"",0,0,"",,454.805,,0,""
10,,1,1,1,0,1,2,0,1,0,1,7,255,6,9,474.671,"눈꽃",R,27,91,140,-1.66,0.405,0.06,2.053,-0.807,1.728,-36.64,23.89,84,16,0,2,59.493,-125.466,0,0,0,3,1,L,"Sabo_10",185.3,87.575,0.449,5,40,W,Y,1,475.501,218,161,143,126,31,145,98,55.669,79.13,-0.299,1.176,-20.864,-0.49,0,0.561,481.56,-167.854,-316.11,,,,,,,,,0,0,,,,,,,,,,,,474.92,,474.723,,,,,,,,,,,,,,,,,,,,,,,,-0.087,-37.824,-0.002,-18.212,-19.538,-39.624,-6.245,-63.922,17.807,-39.679,15.146,-59.176,51.101,-99.873,2.389,-113.299,-45.207,-97.111,0,-37.206,,"가앤슬_",-0.04,-18.181,,"Pring__",-17.517,-41.992,,"Yaksok~",-6.904,-64.766,,"인생최패망자",17.294,-42.88,,"TaeGeuk_",15.256,-59.069,,"kneesohime",51.102,-99.889,,"ByeolBam",2.381,-113.306,,"HANA_ARASHI",-45.346,-95.046,,,,,,,,,,,,,,,,,,,,,,,,,,,,,,,,,,,,,,,,,,,,,,,,,,,,,,,,"",3,0,"",,479.105,,0,""
11,,1,1,1,0,1,2,0,1,0,1,7,255,6,10,492.818,"눈꽃",R,27,91,140,-1.95,0.767,0.052,2.115,-0.943,1.93,-36.64,30.013,80,19,1,2,66.817,-147.249,0,0,0,3,1,L,"Sabo_10",185.3,87.575,0.449,5,40,W,Y,1,493.676,219,104,164,97,38,145,87,107.303,-16.894,-0.358,1.281,-20.529,-1,0,0.512,526.191,-13.063,-139.279,,,,,,,,,0,0,,,,,,,,,,,,,,498.803,,,,,,,,,,,,,,,,,,,,,,,,-0.139,-37.81,-0.019,-17.757,-19.711,-39.913,-6.595,-64.458,18.08,-39.667,15.357,-56.469,49.04,-99.187,1.546,-112.928,-44.423,-95.178,-0.083,-37.179,,"가앤슬_",-0.041,-18.047,,"Pring__",-18.16,-41.35,,"Yaksok~",-7.442,-64.438,,"인생최패망자",17.187,-42.022,,"TaeGeuk_",15.341,-56.457,,"kneesohime",48.978,-99.238,,"ByeolBam",1.544,-112.933,,"HANA_ARASHI",-44.8,-95.741,,,,,,,,,,,,,,,,,,,,,,,,,,,,,,,,,,,,,,,,,,,,,,,,,,,,,,,,"",3,0,"",,496.928,,0,""
12,,1,1,1,0,1,2,0,1,0,1,7,255,6,11,511.809,"눈꽃",R,0,76,127,-0.047,-0.362,0.162,1.922,-0.025,1.366,-36.64,18.971,43,57,0,0,0,0,0,0,0,3,1,L,"Sabo_10",185.3,87.575,0.449,,40,W,Y,0,,,,,,,,,,,,,,,,,,,,,,,,,,,,0,0,,,,,,,,,,,,511.889,,531.988,514.244,3,,578,0,,,,,,,,,,,,,,,,,514.61,1,-0.026,-37.796,0.021,-17.82,-19.643,-39.918,-7.71,-63.703,18.059,-39.549,16.119,-57.215,49.348,-98.009,4.069,-113.783,-43.864,-95.211,,,,"",,,,"",,,,"",,,,"",,,,"",,,,"",,,,"",,,,"",,,,,,,,,,,,,,,,,,,,,,,,,,,,,,,,,,,,,,,,,,,,,,,,,,,,,,,,,,"",0,0,"",,515.18,,0,""
13,,1,1,1,0,0,0,1,1,0,1,7,255,6,12,547.524,"눈꽃",R,26,90,140,0.72,0.724,0.237,1.964,0.19,1.858,-36.64,27.407,86,14,0,2,98.206,-163.008,0,0,0,4,5,R,"coder_",175.8,80,0.302,5,38,W,Y,1,548.562,159,116,147,100,34,145,101,25.074,85.322,0.133,1.164,-20.177,-0.13,0,0.325,518.483,98.813,-110.294,551.625,-86.559,-23.527,,,,,,0,0,,,,,,,,,,,,547.711,,556.822,,,,,,,,,,,,,,,,,,,,,,,,-0.039,-37.926,0.002,-17.822,-19.718,-39.541,-10.964,-60.667,17.974,-39.569,15.254,-59.687,50.052,-99.488,-2.302,-112.49,-44.908,-95.031,0.073,-37.065,,"가앤슬_",0.029,-18.016,,"Pring__",-17.461,-42.173,,"Yaksok~",-10.931,-60.662,,"인생최패망자",15.902,-42.216,,"TaeGeuk_",13.694,-60.885,,"kneesohime",49.991,-99.517,,"ByeolBam",-2.288,-110.194,,"HANA_ARASHI",-44.351,-94.715,,,,,,,,,,,,,,,,,,,,,,,,,,,,,,,,,,,,,,,,,,,,,,,,,,,,,,,,"",3,0,"",,554.108,,0,""
14,,1,1,1,0,0,1,1,1,0,1,7,255,6,13,568.089,"눈꽃",R,10,67,110,-1.266,0.053,0.081,2.051,-0.814,2.168,-36.64,25.716,89,11,0,2,140.02,381.423,0,0,0,4,5,R,"coder_",175.8,80,0.302,5,38,W,Y,1,569.237,214,97,119,73,43,145,96,-30,23.669,-0.231,1.015,-20.812,0.99,0,0.715,-412.446,-208.701,-209.337,567.625,-0.886,-22.306,569.785,3,-14.899,0.276,-54.314,1,0,,574.095,579.484,,,572.878,579.004,,,,572.626,568.324,,,,,,,,,,,,,,,,,,,,,,,,,,-0.104,-37.825,0.037,-17.806,-19.74,-39.857,-11.396,-60.578,18.216,-39.872,13.709,-60.554,46.516,-103.887,-3.099,-111.949,-44.656,-93.571,0.167,-37.305,,"가앤슬_",0.065,-18.161,,"Pring__",-17.306,-42.575,,"Yaksok~",-12.026,-61.314,,"인생최패망자",16.165,-42.721,91,"TaeGeuk_",14.526,-59.267,,"kneesohime",46.707,-103.408,,"ByeolBam",-3.648,-113.091,,"HANA_ARASHI",-44.154,-92.687,,589.988,0.14,-38.42,,,,,,,571.488,-15.339,-55.458,579.958,41.298,-60.385,,,,,,,,,,,,,,,,,,,,,,,,,589.042,16.247,-41.115,,,,,,,,,,,,,"3:+1",2,0,"Yaksok~",572.878,579.004,572.626,304,""
15,,1,1,2,0,0,0,1,0,1,1,255,5,7,14,606.29,"눈꽃",R,26,89,140,0.814,-0.537,0.283,1.779,0.213,1.101,-36.64,24.704,57,43,0,2,111.962,-186.022,0,0,0,5,2,R,"SUGUN",190,82,0.5,5,38,W,Y,1,607.511,119,32,113,32,4,137,90,0,-62.28,0.149,0.772,-19.874,-0.7,0,0.275,288.15,167.104,-430.133,606.172,11.557,-25.967,,,,,,0,0,,,,,,,,,,,,,,606.315,,,,,,,,,,,,,,,,,,,,,,,,-0.087,-37.6,-0.019,-17.54,-20.545,-45.876,-13.089,-61.531,18.079,-39.868,12.722,-62.002,45.505,-101.015,-0.475,-107.43,-45.078,-97.903,0.272,-37.255,,"가앤슬_",-0.077,-17.824,,"Pring__",-20.436,-45.734,,"Yaksok~",-13.091,-61.526,,"인생최패망자",16.043,-42.813,,"TaeGeuk_",13.595,-61.286,,"kneesohime",46.466,-101.434,,"ByeolBam",-0.869,-110.758,,"HANA_ARASHI",-45.283,-97.851,,,,,,,,,,,,,,,,,,,,,,,,,,,,,,,,,,,,,,,,,,,,,,,,,,,,,,,,"",3,0,"",610.703,611.339,,0,""
16,,1,1,2,0,0,1,1,0,1,1,255,5,7,15,623.485,"눈꽃",R,0,54,109,3.444,1.359,0.449,2.052,1.568,2.463,-36.64,71.426,86,14,0,1,-43.152,0,0,0,0,5,2,R,"SUGUN",190,82,0.5,,59,W,Y,0,,,,,,,,,,,,,,,,,,,,,,,,,,,,0,0,,,,,,,,,,,,,623.791,623.539,,,,,,,,,,,,,,,,,,,,,,,,0.015,-37.788,0.009,-17.637,-21.168,-46.691,-12.74,-59.736,18.116,-39.706,14.257,-59.78,45.576,-101.442,0.587,-106.918,-44.362,-96.412,,,,"",,,,"",,,,"",,,,"",,,,"",,,,"",,,,"",,,,"",,,,,,,,,,,,,,,,,,,,,,,,,,,,,,,,,,,,,,,,,,,,,,,,,,,,,,,,,,"",0,0,"",626.58,627.261,,0,""
17,,1,1,2,0,1,1,1,0,1,1,255,5,7,16,643.459,"눈꽃",R,13,73,112,-1.049,-1.159,0.287,1.781,0.168,1.34,-36.64,12.876,51,49,0,4,-348.48,358.555,0,0,0,5,2,R,"SUGUN",190,82,0.5,,59,W,Y,1,,,,,,,,,,,,,,,,,,,,,,,,,,,,0,0,,,,,,,,,,,,,643.801,643.873,,,,,,,,,,,,,,,,,,,,,,,,0.014,-37.751,0.03,-17.736,-21.358,-46.73,-12.688,-60.081,18.052,-39.723,12.986,-59.113,44.995,-101.958,0.627,-106.952,-45.374,-94.225,,,,"",,,,"",,,,"",,,,"",,,,"",,,,"",,,,"",,,,"",,,,,,,,,,,,,,,,,,,,,,,,,,,,,,,,,,,,,,,,,,,,,,,,,,,,,,,,,,"",0,0,"",646.649,646.706,,0,""
18,,1,1,2,0,1,2,1,0,1,1,255,5,7,17,661.796,"눈꽃",R,14,80,117,-1.528,-0.7,-0.093,1.846,-1.309,1.556,-36.64,7.407,70,30,0,1,377.127,328.291,0,0,0,5,2,R,"SUGUN",190,82,0.5,,59,W,Y,0,,,,,,,,,,,,,,,,,,,,,,,,,,,,0,0,,,,,,,,,,,,,666.686,661.832,,,,,,,,,,,,,,,,,,,,,,,,-0.158,-37.651,-0.034,-17.919,-21.185,-46.586,-12.402,-60.598,18.044,-39.596,15.404,-61.709,44.968,-101.95,-1.466,-110.841,-45.343,-91.027,,,,"",,,,"",,,,"",,,,"",,,,"",,,,"",,,,"",,,,"",,,,,,,,,,,,,,,,,,,,,,,,,,,,,,,,,,,,,,,,,,,,,,,,,,,,,,,,,,"",0,0,"",665.532,664.916,,0,""
19,,1,1,2,0,2,2,1,0,1,1,255,5,7,18,679.045,"눈꽃",R,27,83,135,0.217,2.261,0.245,2.245,-0.029,2.908,-36.64,42.75,78,22,0,1,81.354,-118.718,0,0,0,5,2,R,"SUGUN",190,82,0.5,,59,W,Y,0,,,,,,,,,,,,,,,,,,,,,,,,,,,,0,0,,,,,,,,,,,,,679.151,679.154,,,,,,,,,,,,,,,,,,,,,,,,-0.121,-37.631,-0.078,-17.865,-20.561,-45.575,-13.068,-61.516,18.183,-39.765,15.583,-61.444,44.944,-102.02,-0.298,-109.941,-43.214,-95.417,,,,"",,,,"",,,,"",,,,"",,,,"",,,,"",,,,"",,,,"",,,,,,,,,,,,,,,,,,,,,,,,,,,,,,,,,,,,,,,,,,,,,,,,,,,,,,,,,,"",0,0,"",682.363,681.776,,0,""
20,,1,1,2,0,3,2,1,0,1,1,255,5,7,19,694.627,"눈꽃",R,26,89,140,0.704,0.287,0.212,1.882,0.212,1.644,-36.64,25.783,42,58,0,0,64.674,-156.805,0,0,0,5,2,R,"SUGUN",190,82,0.5,,59,W,Y,1,,,,,,,,,,,,,,,,,,,,,,,,,,,,0,0,,,,,,,,,,,,,705.13,,697.553,5,,578,0,,,,,,,,,,,,,,,,,,,-0.134,-37.692,0.003,-17.83,-20.774,-45.963,-13.151,-61.467,18.07,-39.742,15.796,-61.315,48.654,-105.314,-0.288,-109.922,-42.978,-93.155,,,,"",,,,"",,,,"",,,,"",,,,"",,,,"",,,,"",,,,"",,,,,,,,,,,,,,,,,,,,,,,,,,,,,,,,,,,,,,,,,,,,,,,,,,,,,,,,,,"",0,0,"",698.608,697.635,,0,""
21,,1,1,2,0,0,0,2,0,1,1,255,5,7,20,716.876,"눈꽃",R,13,56,100,0.522,-0.243,0.398,1.982,0.74,2.02,-36.64,28.389,96,4,0,2,-290.859,384.233,0,0,0,6,3,R,"CoalCat",169.5,83,0.397,3,38,W,Y,1,718.042,191,231,109,103,100,145,80,-53.511,58.387,0.154,1.045,-21.86,-1,0,0.768,138.549,-306.748,-82.615,716.252,-1.016,-22.583,,,,,,0,0,,,,,,,,,,,,,722.474,717.359,,,,,,,,,,,,,,,,,,,,,,,,0.018,-37.636,0.013,-18.055,-21.225,-46.34,-15.666,-63.455,18.06,-39.706,14.033,-59.812,49.612,-104.799,0.432,-108.75,-44.528,-93.27,0.071,-37.068,,"가앤슬_",0.046,-18.178,,"Pring__",-20.968,-46.258,,"Yaksok~",-16.638,-65.734,,"인생최패망자",15.246,-42.387,,"TaeGeuk_",13.944,-59.64,,"kneesohime",49.646,-104.843,,"ByeolBam",-0.616,-108.563,,"HANA_ARASHI",-44.513,-93.26,,,,,,,,,,,,,,,,,,,,,,,,,,,,,,,,,,,,,,,,,,,,,,,,,,,,,,,,"",3,0,"",722.161,723.506,,0,""
22,,1,1,2,0,0,1,2,0,1,1,255,5,7,21,748.316,"눈꽃",R,13,69,109,-1.739,-1.707,0.263,1.851,-0.275,1.238,-36.64,16.837,70,30,0,2,-259.438,400,0,0,0,6,3,R,"CoalCat",169.5,83,0.397,3,38,W,Y,1,749.455,177,227,62,70,56,138,76,-13.388,57.348,-0.234,0.642,-21.985,1,0,0.54,-136.62,139.532,507.983,747.678,-3.392,-24.002,,,,,,0,0,,,,,,,,,,,,,763.377,748.489,,,,,,,,,,,,,,,,,,,,,,,,-0.033,-37.72,-0.021,-17.895,-22.557,-47.625,-14.398,-64.359,18.192,-39.855,13.775,-59.492,44.674,-98.498,-0.095,-108.659,-44.266,-92.521,-0.507,-37.519,,"가앤슬_",-0.02,-18.092,,"Pring__",-22.473,-47.521,,"Yaksok~",-15.423,-66.416,,"인생최패망자",15.581,-43.314,,"TaeGeuk_",13.759,-59.475,,"kneesohime",44.534,-98.574,,"ByeolBam",-0.261,-109.048,,"HANA_ARASHI",-43.887,-92.073,,,,,,,,,,,,,,,,,,,,,,,,,,,,,,,,,,,,,,,,,,,,,,,,,,,,,,,,"",3,0,"",753.846,754.248,,0,""
23,,1,1,2,0,0,2,2,0,1,1,255,5,7,22,766.035,"눈꽃",R,27,89,140,0.496,1.325,0.204,2.025,0.12,2.183,-36.64,27.604,83,17,0,2,66.245,-149.685,0,0,0,6,3,R,"CoalCat",169.5,83,0.397,5,38,W,Y,1,767.101,109,35,119,41,7,137,85,45.333,10.61,-0.013,1.325,-20.196,-0.62,0,0.433,146.153,97.986,-562.823,,,,770.638,3,-8.92,2.732,-77.128,0,0,,772.142,,,,,,,771.588,,771.19,,,766.495,772.568,6,,452,0,,,,,,,,,,,,,,,,,,,-0.101,-37.735,-0.027,-17.662,-21.763,-47.256,-14.173,-64.404,18.136,-39.914,11.756,-59.664,49.619,-101.115,0.805,-106.696,-42.679,-89.045,0.139,-37.159,,"가앤슬_",-0.001,-17.82,,"Pring__",-21.592,-47.057,,"Yaksok~",-13.195,-64.498,80,"인생최패망자",15.963,-42.967,,"TaeGeuk_",11.847,-60.989,,"kneesohime",49.646,-101.207,,"ByeolBam",0.809,-106.673,,"HANA_ARASHI",-43.065,-89.396,,,,,,,,,,,772.574,-8.989,-77.461,,,,,,,,,,,,,,,,,,,,,,,,,773.598,-8.209,-72.224,,,,,,,,,,,,,,,,"",1,0,"Yaksok~",,771.588,771.19,32,""
24,SIDE,1,1,2,0,0,0,2,0,1,1,255,5,7,,773.84,,,,,,,,,,,,,,,,,,,,,,,7,,,,,,,,,,,,,,,,,,,,,,,,,,,,,,,,,,,,,,,0,0,,,,,,,,,,,,,,,,,,,,,,,,,,,,,,,,,,,,,,,,,,,,,,,,,,,,,,,,,,,,,,,,,,,,,,,,,,,,,,,,,,,,,,,,,,,,,,,,,,,,,,,,,,,,,,,,,,,,,,,,,,,,,,,,,,,,,,,,,,,,,,,,,"",0,0,"",,,,0,""
25,,1,0,2,0,0,0,0,0,0,0,255,255,255,0,867.91,"소솨소솨",R,33,74,126,2.699,0.174,0.417,1.66,1.009,1.671,-36.539,21.509,38,62,0,2,116.774,-45.239,0,0,0,0,6,R,"kneesohime",190,85,0.497,5,37,W,Y,1,869.07,232,101,105,65,36,145,89,-6.214,52.725,0.517,1.108,-20.319,-1,0,0.239,248.517,-202.299,-482.104,867.225,-5.862,-25.211,,,,,,0,0,,,,,,,,,,,,,,,,,,,,,,,,,,,,,,,,,,,,,,0.07,-37.318,0.14,-18.18,-19.806,-46.347,-14.347,-60.915,22.684,-52.359,11.673,-65.125,43.754,-93.485,-4.851,-108.014,-49.677,-95.765,0.281,-37.618,,"Sabo_10",0.08,-18.149,,"SUGUN",-19.936,-47.774,,"CoalCat",-14.256,-60.894,,"schmoneymikey",22.777,-52.276,,"coder_",11.302,-64.659,,"まととまと",43.599,-94.933,,"Oort__Cloud",-4.908,-107.989,,"Fresh825",-50.624,-96.984,,,,,,,,,,,,,,,,,,,,,,,,,,,,,,,,,,,,,,,,,,,,,,,,,,,,,,,,"",3,0,"",,,,0,""
26,,1,0,2,0,0,1,0,0,0,0,255,255,255,1,883.685,"소솨소솨",R,34,89,140,-4.116,-1.838,-0.026,1.44,-1.892,0.401,-36.539,12.282,38,62,0,1,72.738,-59.134,0,0,0,0,6,R,"kneesohime",190,85,0.497,,37,W,Y,0,,,,,,,,,,,,,,,,,,,,,,,,,,,,0,0,,,,,,,,,,,,,,,,,,,,,,,,,,,,,,,,,,,,,,-0.013,-37.237,0.099,-18.079,-19.943,-46.844,-14.903,-61.076,20.395,-51.521,10.057,-64.171,40.77,-102.502,-5.467,-104.341,-51.877,-98.348,,,,"",,,,"",,,,"",,,,"",,,,"",,,,"",,,,"",,,,"",,,,,,,,,,,,,,,,,,,,,,,,,,,,,,,,,,,,,,,,,,,,,,,,,,,,,,,,,,"",0,0,"",,,,0,""
27,,1,0,2,0,1,1,0,0,0,0,255,255,255,2,897.613,"소솨소솨",R,34,84,136,-0.896,-0.273,0.09,1.569,-0.511,1.375,-36.539,3.286,44,56,0,0,84.1,-70.672,0,0,0,0,6,R,"kneesohime",190,85,0.497,,37,W,Y,1,,,,,,,,,,,,,,,,,,,,,,,,,,,,0,0,,,,,,,,,,,,,,,,,,,,,,,,,,,,,,,,,,,,,,-0.053,-37.223,0.05,-17.876,-20.167,-47.02,-14.947,-61.147,20.543,-51.421,9.908,-65.924,41.787,-102.434,-5.494,-104.321,-52.02,-98.937,,,,"",,,,"",,,,"",,,,"",,,,"",,,,"",,,,"",,,,"",,,,,,,,,,,,,,,,,,,,,,,,,,,,,,,,,,,,,,,,,,,,,,,,,,,,,,,,,,"",0,0,"",,,,0,""
28,,1,0,2,0,1,2,0,0,0,0,255,255,255,3,913.061,"소솨소솨",R,13,65,94,-0.047,-0.919,0.383,1.666,0.567,1.678,-36.539,7.439,63,37,0,0,-265.623,391.639,0,0,0,0,6,R,"kneesohime",190,85,0.497,,37,W,Y,0,,,,,,,,,,,,,,,,,,,,,,,,,,,,0,0,,,,,,,,,,,,,,,915.942,0,,578,0,,,,,,,,,,,,,,,,,,,0.22,-37.33,0.021,-17.868,-20.227,-46.807,-14.97,-61.027,20.43,-51.28,9.564,-66.228,41.806,-102.364,-5.271,-106.344,-51.985,-98.942,,,,"",,,,"",,,,"",,,,"",,,,"",,,,"",,,,"",,,,"",,,,,,,,,,,,,,,,,,,,,,,,,,,,,,,,,,,,,,,,,,,,,,,,,,,,,,,,,,"",0,0,"",,,,0,""
29,,1,0,2,0,0,0,1,0,0,0,255,255,255,4,937.261,"소솨소솨",R,27,88,140,-1.843,-0.992,-0.003,1.417,-0.943,0.882,-36.539,14.249,43,57,0,1,119.771,-125.063,0,0,0,1,1,R,"가앤슬_",190,83.179,0.2,,36,W,Y,0,,,,,,,,,,,,,,,,,,,,,,,,,,,,0,0,,,,,,,,,,,,,,,,,,,,,,,,,,,,,,,,,,,,,,-0.029,-37.228,0.037,-17.825,-20.227,-46.739,-15.271,-61.403,21.514,-50.568,9.835,-66.359,44.148,-106.02,-5.331,-116.484,-52.013,-98.949,,,,"",,,,"",,,,"",,,,"",,,,"",,,,"",,,,"",,,,"",,,,,,,,,,,,,,,,,,,,,,,,,,,,,,,,,,,,,,,,,,,,,,,,,,,,,,,,,,"",0,0,"",,,,0,""
30,,1,0,2,0,1,0,1,0,0,0,255,255,255,5,970.462,"소솨소솨",R,34,88,140,-0.959,-0.327,0.087,1.564,-0.525,1.36,-36.539,3.214,49,51,0,0,77.172,-51.835,0,0,0,1,1,R,"가앤슬_",190,83.179,0.2,,36,W,Y,0,,,,,,,,,,,,,,,,,,,,,,,,,,,,0,0,,,,,,,,,,,,,,,,,,,,,,,,,,,,,,,,,,,,,,0.045,-37.325,0.009,-17.951,-20.211,-46.837,-15.295,-61.401,20.734,-50.59,10.325,-66.468,42.295,-105.974,-4.941,-116.561,-54.636,-99.857,,,,"",,,,"",,,,"",,,,"",,,,"",,,,"",,,,"",,,,"",,,,,,,,,,,,,,,,,,,,,,,,,,,,,,,,,,,,,,,,,,,,,,,,,,,,,,,,,,"",0,0,"",,,,0,""
31,,1,0,2,0,1,1,1,0,0,0,255,255,255,6,985.793,"소솨소솨",R,3,66,111,-3.126,-0.486,0.036,1.553,-0.761,1.324,-36.539,3.877,51,49,0,1,-332.053,7.597,0,0,0,1,1,R,"가앤슬_",190,83.179,0.2,,36,W,Y,0,,,,,,,,,,,,,,,,,,,,,,,,,,,,0,0,,,,,,,,,,,,,,,,,,,,,,,,,,,,,,,,,,,,,,-0.011,-37.263,-0.035,-17.951,-19.922,-45.92,-15.297,-61.465,20.753,-50.585,11.634,-65.574,42.43,-106.045,-5.105,-116.511,-50.884,-96.725,,,,"",,,,"",,,,"",,,,"",,,,"",,,,"",,,,"",,,,"",,,,,,,,,,,,,,,,,,,,,,,,,,,,,,,,,,,,,,,,,,,,,,,,,,,,,,,,,,"",0,0,"",,,,0,""
32,,1,0,2,0,2,1,1,0,0,0,255,255,255,7,1001.655,"소솨소솨",R,13,65,108,-0.194,-0.041,0.252,1.797,0.24,2.113,-36.539,21.088,92,8,0,2,-176.513,393.83,-1.645,0,0,1,1,R,"가앤슬_",190,83.179,0.2,5,36,W,Y,1,1002.934,255,71,156,93,55,145,114,106.488,-6.837,-0.027,1.038,-20.692,0.88,0,0.61,493.085,92.536,328.8,,,,,,,,,0,0,,,,,,,,,,,,,,,,,,,,,,,,,,,,,,,,,,,,,,-0.03,-37.4,0.025,-17.984,-20.13,-46.916,-15.272,-61.425,20.733,-50.556,11.469,-65.693,42.273,-105.665,-5.068,-116.504,-51.162,-96.51,0.081,-37.78,,"Sabo_10",0.037,-17.973,,"SUGUN",-20.016,-46.62,,"CoalCat",-15.214,-61.31,,"schmoneymikey",20.743,-50.563,,"coder_",11.601,-65.418,,"まととまと",42.226,-105.882,,"Oort__Cloud",-4.993,-116.528,,"Fresh825",-51.039,-96.626,,,,,,,,,,,,,,,,,,,,,,,,,,,,,,,,,,,,,,,,,,,,,,,,,,,,,,,,"",3,0,"",,,,0,""
33,,1,0,2,0,2,2,1,0,0,0,255,255,255,8,1019.419,"소솨소솨",R,13,70,110,-2.329,-0.725,0.145,1.61,-0.254,1.508,-36.539,4.322,59,41,0,4,-416.626,265.938,0,0,0,1,1,R,"가앤슬_",190,83.179,0.2,,36,W,Y,1,,,,,,,,,,,,,,,,,,,,,,,,,,,,0,0,,,,,,,,,,,,,,,1022.27,1,,578,0,,,,,,,,,,,,,,,,,,,0.033,-37.283,0.049,-18.149,-20.141,-46.694,-16.441,-62.176,20.712,-50.526,11.541,-65.391,45.117,-107.657,-5.605,-118.663,-52.582,-96.343,,,,"",,,,"",,,,"",,,,"",,,,"",,,,"",,,,"",,,,"",,,,,,,,,,,,,,,,,,,,,,,,,,,,,,,,,,,,,,,,,,,,,,,,,,,,,,,,,,"",0,0,"",,,,0,""
34,,1,0,2,0,0,0,2,0,0,0,255,255,255,9,1040.277,"소솨소솨",R,27,87,140,0.873,0.702,0.253,1.727,0.245,1.905,-36.539,14.624,49,51,0,0,109.725,-111.341,0,0,0,2,7,R,"ByeolBam",175.3,90,0.5,,36,W,Y,0,,,,,,,,,,,,,,,,,,,,,,,,,,,,0,0,,,,,,,,,,,,,,,,,,,,,,,,,,,,,,,,,,,,,,0.059,-37.472,0.058,-18.099,-19.963,-46.814,-15.49,-60.241,20.823,-50.945,11.033,-66.047,41.41,-98.702,-5.733,-119.066,-51.802,-94.327,,,,"",,,,"",,,,"",,,,"",,,,"",,,,"",,,,"",,,,"",,,,,,,,,,,,,,,,,,,,,,,,,,,,,,,,,,,,,,,,,,,,,,,,,,,,,,,,,,"",0,0,"",,,,0,""
35,,1,0,2,0,0,1,2,0,0,0,255,255,255,10,1053.639,"소솨소솨",R,34,80,131,-1.118,-0.864,0.073,1.478,-0.59,1.032,-36.539,9.392,42,58,0,0,68.408,-68.338,0,0,0,2,7,R,"ByeolBam",175.3,90,0.5,,36,W,Y,0,,,,,,,,,,,,,,,,,,,,,,,,,,,,0,0,,,,,,,,,,,,,,,,,,,,,,,,,,,,,,,,,,,,,,0.036,-37.217,0.121,-18.111,-20.204,-46.719,-15.447,-60.205,20.891,-50.923,11.095,-65.979,40.609,-98.045,-5.551,-118.998,-51.781,-94.457,,,,"",,,,"",,,,"",,,,"",,,,"",,,,"",,,,"",,,,"",,,,,,,,,,,,,,,,,,,,,,,,,,,,,,,,,,,,,,,,,,,,,,,,,,,,,,,,,,"",0,0,"",,,,0,""
36,,1,0,2,0,0,2,2,0,0,0,255,255,255,11,1070.424,"소솨소솨",R,13,66,95,-0.017,-0.897,0.369,1.702,0.525,1.763,-36.539,16.259,60,40,0,2,-262.49,397.017,0,0,0,2,7,R,"ByeolBam",175.3,90,0.5,0,36,W,Y,1,1071.574,47,220,110,116,64,96,70,-7.3,26.127,-0.111,0.576,-20.381,0.95,0,0.295,-293.545,440.828,119.31,1069.585,-1.725,-23.621,1071.558,2,-12.874,0.055,-46.677,0,0,,,,,,,,,,,,,,,1076.249,2,,147,0,,,,,,,,,,,1075.671,2,,,,,,,0.111,-37.414,0.115,-18.149,-19.942,-46.648,-15.509,-60.249,20.704,-50.953,11.123,-65.535,39.532,-103,-5.544,-118.991,-51.607,-94.506,0.211,-37.897,,"Sabo_10",0.065,-18.114,,"SUGUN",-20.27,-46.68,85,"CoalCat",-15.435,-60.148,,"schmoneymikey",20.701,-50.95,,"coder_",11.234,-65.349,,"まととまと",39.48,-102.858,,"Oort__Cloud",-5.565,-118.987,,"Fresh825",-51.622,-94.515,,,,,,,,1073.743,-13.815,-47.13,,,,,,,,,,,,,,,,,,,,,,,,,1076.696,-17.303,-37.309,,,,,,,,,,,,,,,,,,,"",2,0,"SUGUN",,,,32,""
37,SIDE,1,0,2,0,0,0,2,0,0,0,255,255,255,,1077.587,,,,,,,,,,,,,,,,,,,,,,,3,,,,,,,,,,,,,,,,,,,,,,,,,,,,,,,,,,,,,,,0,0,,,,,,,,,,,,,,,,,,,,,,,,,,,,,,,,,,,,,,,,,,,,,,,,,,,,,,,,,,,,,,,,,,,,,,,,,,,,,,,,,,,,,,,,,,,,,,,,,,,,,,,,,,,,,,,,,,,,,,,,,,,,,,,,,,,,,,,,,,,,,,,,,"",0,0,"",,,,0,""
38,,2,1,2,0,0,0,0,0,0,0,255,255,255,23,1119.64,"눈꽃",R,26,87,140,-0.531,1.721,0.18,2.179,-0.329,2.52,-36.64,37.894,82,18,0,4,77.023,-183.082,0,0,0,7,4,L,"schmoneymikey",190,80,0.297,,36,W,Y,1,,,,,,,,,,,,,,,,,,,,,,,,,,,,0,0,,,,,,,,,,,,,,,,,,,,,,,,,,,,,,,,,,,,,,-0.117,-37.746,0.046,-17.795,-21.955,-47.395,-9.758,-66.473,17.718,-44.903,14.696,-58.975,48.588,-95.092,0.314,-111.146,-43.697,-95.722,,,,"",,,,"",,,,"",,,,"",,,,"",,,,"",,,,"",,,,"",,,,,,,,,,,,,,,,,,,,,,,,,,,,,,,,,,,,,,,,,,,,,,,,,,,,,,,,,,"",0,0,"",,,,0,""
39,,2,1,2,0,0,1,0,0,0,0,255,255,255,24,1134.986,"눈꽃",R,27,95,140,-1.345,0.23,0.098,1.966,-0.628,1.634,-36.64,14.03,90,10,0,2,28.481,-124.569,0,0,0,7,4,L,"schmoneymikey",190,80,0.297,0,36,W,Y,1,1136.088,138,127,157,69,0,143,133,-30,-42.232,-0.118,0.999,-19.871,0.36,0,0.249,-180.622,-303.104,96.734,1133.772,1.462,-21.604,,,,,,0,0,,,,,,,,,,,,,,,,,,,,,,,,,,,,,,,,,,,,,,-0.055,-37.808,-0.01,-17.612,-22.123,-47.587,-9.166,-66.646,17.964,-45.285,14.962,-58.001,49.061,-95.808,0.322,-111.132,-44.165,-96.384,0.12,-37.494,,"가앤슬_",-0.047,-17.818,,"Pring__",-22.345,-47.461,,"Yaksok~",-9.38,-69.11,,"인생최패망자",17.66,-44.844,,"TaeGeuk_",15.158,-59.406,,"kneesohime",49.153,-96.98,,"ByeolBam",0.29,-111.096,,"HANA_ARASHI",-45.254,-97.479,,,,,,,,,,,,,,,,,,,,,,,,,,,,,,,,,,,,,,,,,,,,,,,,,,,,,,,,"",3,0,"",,,,0,""
40,,2,1,2,0,0,2,0,0,0,0,255,255,255,25,1155.822,"눈꽃",R,14,63,105,1.41,-1.1,0.196,1.877,0.024,1.469,-36.64,18.203,70,30,0,1,295.696,392.477,0,0,0,7,4,L,"schmoneymikey",190,80,0.297,,36,W,Y,0,,,,,,,,,,,,,,,,,,,,,,,,,,,,0,0,,,,,,,,,,,,,,,,,,,,,,,,,,,,,,,,,,,,,,-0.133,-37.79,-0.029,-17.9,-22.354,-47.893,-9.748,-66.824,18.019,-45.785,13.357,-60.561,52.269,-97.217,1.505,-109.804,-41.531,-95.311,,,,"",,,,"",,,,"",,,,"",,,,"",,,,"",,,,"",,,,"",,,,,,,,,,,,,,,,,,,,,,,,,,,,,,,,,,,,,,,,,,,,,,,,,,,,,,,,,,"",0,0,"",,,,0,""
41,,2,1,2,0,1,2,0,0,0,0,255,255,255,26,1177.347,"눈꽃",R,40,57,99,1.857,-1.062,0.472,1.6,0.93,0.829,-36.64,26.914,41,59,0,1,-63.434,-108.034,0,0,0,7,4,L,"schmoneymikey",190,80,0.297,,36,W,Y,0,,,,,,,,,,,,,,,,,,,,,,,,,,,,0,0,,,,,,,,,,,,,,,,,,,,,,,,,,,,,,,,,,,,,,0.015,-37.708,0,-17.997,-22.392,-47.917,-8.79,-67.174,17.945,-45.642,13.888,-59.12,48.607,-99.318,1.507,-109.802,-41.492,-94.455,,,,"",,,,"",,,,"",,,,"",,,,"",,,,"",,,,"",,,,"",,,,,,,,,,,,,,,,,,,,,,,,,,,,,,,,,,,,,,,,,,,,,,,,,,,,,,,,,,"",0,0,"",,,,0,""
42,,2,1,2,0,2,2,0,0,0,0,255,255,255,27,1192.837,"눈꽃",R,13,68,108,0.105,-1.008,0.408,1.796,0.764,1.399,-36.64,11.343,56,44,0,1,-383.336,312.348,0,0,0,7,4,L,"schmoneymikey",190,80,0.297,,36,W,Y,0,,,,,,,,,,,,,,,,,,,,,,,,,,,,0,0,,,,,,,,,,,,,,,,,,,,,,,,,,,,,,,,,,,,,,0.084,-37.861,-0.01,-17.893,-22.02,-47.622,-8.819,-67.034,17.973,-45.655,14.019,-57.025,48.564,-99.371,1.31,-109.687,-40.004,-94.685,,,,"",,,,"",,,,"",,,,"",,,,"",,,,"",,,,"",,,,"",,,,,,,,,,,,,,,,,,,,,,,,,,,,,,,,,,,,,,,,,,,,,,,,,,,,,,,,,,"",0,0,"",,,,0,""
43,,2,1,2,0,3,2,0,0,0,0,255,255,255,28,1208.881,"눈꽃",R,27,90,140,1.345,-0.694,0.268,1.746,0.452,1.036,-36.64,17.121,56,44,0,2,56.402,-135.5,0,0,0,7,4,L,"schmoneymikey",190,80,0.297,3,36,W,Y,1,1210.032,254,203,106,121,0,145,87,112.123,78.562,0.284,0.815,-20.996,1,0,0.516,-26.345,-569.754,-162.958,,,,,,,,,0,0,,,,,,,,,,,,,,,,,,,,,,,,,,,,,,,,,,,,,,-0.068,-37.795,-0.005,-17.778,-21.542,-46.872,-9.149,-66.893,18.053,-45.857,14.173,-59.463,48.656,-99.29,1.375,-109.735,-39.182,-92.429,0.337,-37.473,,"가앤슬_",0,-17.884,,"Pring__",-21.475,-46.762,,"Yaksok~",-9.444,-68.296,,"인생최패망자",17.754,-45.44,,"TaeGeuk_",14.149,-59.408,,"kneesohime",48.501,-99.425,,"ByeolBam",1.376,-109.731,,"HANA_ARASHI",-39.544,-92.597,,,,,,,,,,,,,,,,,,,,,,,,,,,,,,,,,,,,,,,,,,,,,,,,,,,,,,,,"",3,0,"",,,,0,""
44,,2,1,2,0,3,2,0,0,0,0,255,255,255,29,1223.035,"눈꽃",R,26,92,140,-0.274,0.509,0.144,1.955,-0.22,1.772,-36.64,23.441,89,11,0,2,69.897,-169.552,0,0,0,7,4,L,"schmoneymikey",190,80,0.297,5,36,W,Y,1,1224.114,134,152,182,66,0,141,131,0,65.849,-0.054,1.186,-19.994,0.5,0,0.363,-183.98,-84.374,-208.478,1222.585,-24.27,-30.949,,,,,,0,0,,,,,,,,,,,,,,,,,,,,,,,,,,,,,,,,,,,,,,-0.139,-37.76,0.033,-17.97,-21.345,-46.76,-8.751,-67.199,17.686,-45.535,14.825,-57.597,49.632,-97.906,1.587,-108.913,-40.605,-94.521,0.274,-37.345,,"가앤슬_",0.038,-18.042,,"Pring__",-21.187,-46.59,,"Yaksok~",-9.217,-69.008,,"인생최패망자",17.41,-45.146,,"TaeGeuk_",15.749,-59.02,,"kneesohime",50.478,-99.983,,"ByeolBam",0.105,-111.129,,"HANA_ARASHI",-40.494,-95.006,,,,,,,,,,,,,,,,,,,,,,,,,,,,,,,,,,,,,,,,,,,,,,,,,,,,,,,,"",3,0,"",,,,0,""
45,,2,1,2,0,3,2,0,0,0,0,255,255,255,30,1239.972,"눈꽃",R,40,54,96,0.454,-1.026,0.283,1.556,0.303,0.856,-36.64,22.493,38,62,0,1,-51.422,-105.103,0,0,0,7,4,L,"schmoneymikey",190,80,0.297,,35,W,Y,0,,,,,,,,,,,,,,,,,,,,,,,,,,,,0,0,,1247.879,,,,,,,,,,,,,,,,,,,,,,,,,,,,,,,,,,,,-0.052,-37.692,0.033,-17.963,-21.285,-46.909,-8.933,-67.171,17.49,-44.803,14.332,-58.939,47.651,-97.232,-0.415,-108.606,-41.917,-93.476,,,,"",,,,"",,,,"",,,,"",,,,"",,,,"",,,,"",,,,"",,,,,,,,,,,,,,,,,,,,,,,,,,,,,,,,,,,,,,,,,,,,,,,,,,,,,,,,,,"",5,0,"",,,,0,""
46,,2,1,2,0,0,0,0,1,0,0,4,255,255,31,1264.061,"눈꽃",R,26,89,140,-0.991,-0.037,0.081,1.847,-0.537,1.435,-36.64,17.334,59,41,0,2,85.965,-163.906,0,0,0,8,9,L,"Kr_Luna",190,94.615,0.499,3,70,W,Y,1,1264.856,167,109,163,83,48,145,130,100.793,77.501,-0.184,1.001,-20.342,0.47,0,0.142,147.807,-443.824,-194.652,,,,,,,,,0,0,,,,,,,,,,,,1264.2,,,,,,,,,,,,,,,,,,,,,,,,,,-0.118,-37.804,-0.01,-17.983,-19.588,-40.225,-10.084,-61.927,17.606,-44.934,13.118,-56.283,48.286,-97.415,0.842,-109.522,-43.449,-107.367,0.08,-37.181,,"가앤슬_",-0.013,-18.055,,"Pring__",-18.087,-41.237,,"Yaksok~",-10.377,-63.603,,"인생최패망자",17.513,-44.833,,"TaeGeuk_",13.987,-57.526,,"kneesohime",48.28,-97.442,,"ByeolBam",0.846,-109.503,,"HANA_ARASHI",-43.945,-107.675,,,,,,,,,,,,,,,,,,,,,,,,,,,,,,,,,,,,,,,,,,,,,,,,,,,,,,,,"",3,0,"",,,,0,""
47,,2,1,2,0,0,1,0,1,0,0,4,255,255,32,1311.402,"눈꽃",R,0,52,109,3.326,-1.305,0.482,1.961,1.434,0.779,-36.64,95.074,47,53,0,1,0,0,0,0,0,8,9,L,"Kr_Luna",190,94.615,0.499,,70,W,Y,0,,,,,,,,,,,,,,,,,,,,,,,,,,,,0,0,,,,,,,,,,,,1321.58,,,,,,,,,,,,,,,,,,,,,,,,,,0.039,-37.715,0.035,-17.941,-19.586,-40.091,-9.38,-63.41,17.721,-45.312,11.704,-62.038,54.225,-102.86,0.397,-107.602,-40.597,-98.388,,,,"",,,,"",,,,"",,,,"",,,,"",,,,"",,,,"",,,,"",,,,,,,,,,,,,,,,,,,,,,,,,,,,,,,,,,,,,,,,,,,,,,,,,,,,,,,,,,"",0,0,"",,,,0,""
48,,2,1,2,0,1,1,0,1,0,0,4,255,255,33,1327.779,"눈꽃",R,26,89,140,-1.108,0.451,0.087,1.942,-0.634,1.709,-36.64,20.132,88,12,0,2,108.458,-200,0,0,0,8,9,L,"Kr_Luna",190,94.615,0.499,5,70,W,Y,1,1328.587,149,114,146,75,29,145,125,26.114,75.092,-0.208,1.173,-20.131,0.74,0,0.039,265.75,-156.559,124.814,,,,,,,,,0,0,,,,,,,,,,,,1327.925,,,,,,,,,,,,,,,,,,,,,,,,,,-0.167,-37.636,0.011,-18.167,-19.616,-39.917,-8.012,-62.99,17.769,-45.405,13.983,-58.878,53.935,-102.963,3.649,-113.333,-42.047,-96.622,0.056,-37.226,,"가앤슬_",-0.004,-18.205,,"Pring__",-18.02,-41.706,,"Yaksok~",-9.527,-63.24,,"인생최패망자",17.483,-45.017,,"TaeGeuk_",14.005,-58.962,,"kneesohime",53.83,-102.961,,"ByeolBam",3.66,-113.335,,"HANA_ARASHI",-41.912,-94.761,,,,,,,,,,,,,,,,,,,,,,,,,,,,,,,,,,,,,,,,,,,,,,,,,,,,,,,,"",3,0,"",,,,0,""
49,,2,1,2,0,1,2,0,1,0,0,4,255,255,34,1344.112,"눈꽃",R,13,47,94,2.51,0.292,0.584,2.107,1.729,2.4,-36.64,55.282,95,5,0,1,-286.564,370.873,0,0,0,8,9,L,"Kr_Luna",190,94.615,0.499,,70,W,Y,0,,,,,,,,,,,,,,,,,,,,,,,,,,,,0,0,,,,,,,,,,,,1344.466,,,,,,,,,,,,,,,,,,,,,,,,,,0.026,-37.813,-0.021,-18.072,-19.572,-39.82,-7.707,-63.14,17.524,-45.403,10.903,-59.235,53.216,-103.547,0.318,-113.571,-43.778,-93.223,,,,"",,,,"",,,,"",,,,"",,,,"",,,,"",,,,"",,,,"",,,,,,,,,,,,,,,,,,,,,,,,,,,,,,,,,,,,,,,,,,,,,,,,,,,,,,,,,,"",0,0,"",,,,0,""
50,,2,1,2,0,2,2,0,1,0,0,4,255,255,35,1466.144,"눈꽃",R,39,59,100,0.628,-0.488,0.365,1.66,0.657,1.08,-36.64,21.851,58,42,0,0,-188.114,-200,0,0,0,8,9,L,"Kr_Luna",190,94.615,0.499,,71,W,Y,0,,,,,,,,,,,,,,,,,,,,,,,,,,,,0,0,,,,,,,,,,,,1481.995,,,1468.776,8,,578,0,,,,,,,,,,,,,,,,,,,-0.053,-37.717,-0.057,-18.044,-19.654,-39.85,-8.028,-62.495,17.275,-44.835,14.925,-61.285,53.908,-104.603,0.911,-113.975,-43.556,-98.902,,,,"",,,,"",,,,"",,,,"",,,,"",,,,"",,,,"",,,,"",,,,,,,,,,,,,,,,,,,,,,,,,,,,,,,,,,,,,,,,,,,,,,,,,,,,,,,,,,"",0,0,"",,,,0,""
51,,2,1,2,0,0,0,1,1,0,0,4,255,255,36,1484.978,"눈꽃",R,28,89,140,-1.403,-0.163,0.041,1.964,-0.655,1.415,-36.64,21.215,92,8,0,2,30.833,-88.626,0,0,0,0,8,L,"Fresh825",190,80,0.2,0,35,W,Y,1,1486.038,138,96,106,115,15,143,93,-9.531,8.919,-0.331,0.799,-19.686,-0.9,0,0.155,-250.816,276.31,-469.835,1483.759,-0.978,-23.696,1485.638,3,-6.041,0.054,-56.809,0,0,,1491.413,,,,,,,,,,,,,1489.923,7,1,164,0,1491.363,0,,147,32,,,,,,,,1489.273,3,,,,,-0.154,-37.729,-0.023,-17.798,-19.703,-39.883,-8.26,-64.16,17.378,-44.73,12.614,-60.905,55.127,-104.783,0.359,-114.735,-44.465,-97.46,-0.012,-37.256,,"가앤슬_",-0.022,-17.945,,"Pring__",-18.078,-42.081,,"Yaksok~",-8.659,-64.532,106,"인생최패망자",17.243,-44.53,,"TaeGeuk_",13.138,-61.526,,"kneesohime",55.117,-104.797,,"ByeolBam",0.356,-114.724,,"HANA_ARASHI",-44.288,-96.277,,,,,,,,1490.73,-18.229,-40.096,1488.13,-6.21,-58.115,,,,,,,,,,,,,,,,,,,,,,,,,1489.646,-2.592,-56.432,,,,,,,,,,,,,,,,"",2,0,"Yaksok~",,,,160,""
52,SIDE,2,1,2,0,0,0,2,0,0,0,255,255,255,,1493.349,,,,,,,,,,,,,,,,,,,,,,,1,,,,,,,,,,,,,,,,,,,,,,,,,,,,,,,,,,,,,,,0,0,,,,,,,,,,,,,,,,,,,,,,,,,,,,,,,,,,,,,,,,,,,,,,,,,,,,,,,,,,,,,,,,,,,,,,,,,,,,,,,,,,,,,,,,,,,,,,,,,,,,,,,,,,,,,,,,,,,,,,,,,,,,,,,,,,,,,,,,,,,,,,,,,"",0,0,"",,,,0,""
53,,2,0,2,0,0,0,0,0,0,0,255,255,255,12,1534.688,"소솨소솨",R,27,82,133,2.064,1.658,0.362,1.878,0.756,2.437,-36.539,19.666,85,15,0,1,106.664,-120.99,0,0,0,3,8,R,"HANA_ARASHI",174.8,90,0.25,,43,W,Y,0,,,,,,,,,,,,,,,,,,,,,,,,,,,,0,0,,,,,,,,,,,,,,,,,,,,,,,,,,,,,,,,,,,,,,0.133,-37.351,0.046,-17.953,-19.785,-47.338,-14.999,-61.013,19.548,-49.275,10.175,-65.44,41.635,-93.116,-6.362,-122.026,-54.897,-96.685,,,,"",,,,"",,,,"",,,,"",,,,"",,,,"",,,,"",,,,"",,,,,,,,,,,,,,,,,,,,,,,,,,,,,,,,,,,,,,,,,,,,,,,,,,,,,,,,,,"",0,0,"",,,,0,""
54,,2,0,2,0,1,0,0,0,0,0,255,255,255,13,1548.162,"소솨소솨",R,34,83,135,-0.16,-0.525,0.165,1.54,-0.165,1.249,-36.539,4.731,42,58,0,0,63.747,-50.547,0,0,0,3,8,R,"HANA_ARASHI",174.8,90,0.25,,43,W,Y,0,,,,,,,,,,,,,,,,,,,,,,,,,,,,0,0,,,,,,,,,,,,,,,,,,,,,,,,,,,,,,,,,,,,,,0.072,-37.391,0.023,-18.004,-19.918,-47.105,-14.756,-61.099,19.738,-48.963,11.358,-65.847,41.857,-93.371,-6.391,-122.028,-55.566,-102.082,,,,"",,,,"",,,,"",,,,"",,,,"",,,,"",,,,"",,,,"",,,,,,,,,,,,,,,,,,,,,,,,,,,,,,,,,,,,,,,,,,,,,,,,,,,,,,,,,,"",0,0,"",,,,0,""
55,,2,0,2,0,1,1,0,0,0,0,255,255,255,14,1561.496,"소솨소솨",R,4,62,112,-1.569,-0.722,0.123,1.538,-0.356,1.242,-36.539,8.274,51,49,0,1,-185.162,35.281,0,0,0,3,8,R,"HANA_ARASHI",174.8,90,0.25,,43,W,Y,0,,,,,,,,,,,,,,,,,,,,,,,,,,,,0,0,,,,,,,,,,,,,,,,,,,,,,,,,,,,,,,,,,,,,,0.083,-37.306,0.141,-17.896,-19.85,-47.217,-14.758,-61.069,19.745,-49.913,11.079,-65.842,42.865,-94.563,-6.52,-122.075,-54.672,-102.587,,,,"",,,,"",,,,"",,,,"",,,,"",,,,"",,,,"",,,,"",,,,,,,,,,,,,,,,,,,,,,,,,,,,,,,,,,,,,,,,,,,,,,,,,,,,,,,,,,"",0,0,"",,,,0,""
56,,2,0,2,0,2,1,0,0,0,0,255,255,255,15,1573.615,"소솨소솨",R,26,80,130,-0.276,0.196,0.123,1.626,-0.359,1.552,-36.539,1.921,41,59,0,0,159.034,-160.226,0,0,0,3,8,R,"HANA_ARASHI",174.8,90,0.25,,43,W,Y,1,,,,,,,,,,,,,,,,,,,,,,,,,,,,0,0,,,,,,,,,,,,,,,,,,,,,,,,,,,,,,,,,,,,,,0.017,-37.27,0.085,-17.952,-19.763,-46.696,-14.764,-61.102,19.725,-49.995,10.586,-66.089,46.122,-104.65,-6.436,-121.979,-54.776,-102.474,,,,"",,,,"",,,,"",,,,"",,,,"",,,,"",,,,"",,,,"",,,,,,,,,,,,,,,,,,,,,,,,,,,,,,,,,,,,,,,,,,,,,,,,,,,,,,,,,,"",0,0,"",,,,0,""
57,,2,0,2,0,2,2,0,0,0,0,255,255,255,16,1585.96,"소솨소솨",R,4,62,98,1.276,0.306,0.505,1.718,0.946,1.801,-36.539,27.936,48,52,0,2,-190.183,0,0,0,0,3,8,R,"HANA_ARASHI",174.8,90,0.25,5,43,W,Y,1,1587.082,159,47,105,52,70,145,84,35.521,-3.89,0.247,1.069,-20.761,-1,0,0.503,365.623,174.151,57.931,1589.519,2.202,-86.386,1590.905,7,2.185,0.74,-94.714,1,0,,1592.954,,,,,,,,,,,,,,,,,,,,,,,,,,,,,,,,,,,,0.102,-37.389,0.026,-17.896,-19.956,-47.137,-14.753,-61.096,19.724,-49.975,10.515,-66.155,41.46,-103.658,-6.24,-121.895,-49.689,-95.281,0.077,-37.778,,"Sabo_10",0.176,-17.949,,"SUGUN",-19.876,-47.188,,"CoalCat",-14.672,-60.967,71,"schmoneymikey",19.791,-49.942,,"coder_",10.588,-66.045,,"まととまと",37.498,-99.348,,"Oort__Cloud",-6.316,-121.893,91,"Fresh825",-49.937,-95.104,,1600.042,0.178,-38.433,,,,,,,1596.327,0.483,-59.636,,,,,,,,,,1593.475,2.16,-95.367,,,,,,,,,,,,,1598.725,-0.151,-57.28,,,,,,,,,,1594.964,1.42,-84.312,,,,"",2,0,"Oort__Cloud",,,,68,""
58,,2,0,2,0,0,0,0,1,0,0,18,255,255,17,1628.551,"소솨소솨",R,28,82,134,-0.501,-0.5,0.137,1.527,-0.294,1.238,-36.539,9.645,50,50,0,0,58.162,-63.764,0,0,0,4,4,R,"인생최패망자",190,80,0.346,,34,W,Y,0,,,,,,,,,,,,,,,,,,,,,,,,,,,,0,0,,,,,,,,,,,,1642.433,,,,,,,,,,,,,,,,,,,,,,,,,,0.093,-37.347,0.059,-18.073,-20.094,-40.578,-15.693,-57.525,19.374,-48.324,7.349,-64.704,45.891,-106.418,-4.397,-122.281,-52.91,-99.795,,,,"",,,,"",,,,"",,,,"",,,,"",,,,"",,,,"",,,,"",,,,1632.546,-0.388,-37.607,,,,,,,,,,,,,,,,,,,,,,,,,,,,,,,,,,,,,,,,,,,,,,,,,,,,"",0,0,"",,,,0,""
59,,2,0,2,0,0,1,0,1,0,0,18,255,255,18,1644.862,"소솨소솨",R,3,71,114,-2.469,-0.898,0.101,1.522,-0.461,1.222,-36.539,5.383,52,48,0,1,-352.293,137.975,0,0,0,4,4,R,"인생최패망자",190,80,0.346,,34,W,Y,0,,,,,,,,,,,,,,,,,,,,,,,,,,,,0,0,,,,,,1648.246,,,,,,,,,,,,,,,,,,,,,,,,,,,,,,,,0.055,-37.348,0.006,-18.059,-20.037,-40.708,-14.989,-57.484,19.481,-48.214,5.729,-65.58,45.806,-106.082,-4.287,-122.248,-52.701,-99.802,,,,"",,,,"",,,,"",,,,"",,,,"",,,,"",,,,"",,,,"",,,,1654.116,-0.011,-38.591,,,,,,,,,,,,,,,,,,,,,,,,,,,,,,,,,,,,,,,,,,,,,,,,,,,,"",0,0,"",1648.246,,,0,""
60,,2,0,2,0,1,1,0,0,1,0,255,18,255,19,1672.387,"소솨소솨",R,34,81,132,-0.015,-0.207,0.182,1.591,-0.085,1.447,-36.539,1.339,38,62,0,2,50.21,-33.082,0,0,0,4,4,R,"인생최패망자",190,80,0.346,0,34,W,Y,1,1673.501,20,16,0,0,0,1,31,28.441,38.138,-0.002,0.95,-20.555,-0.06,1,0.694,-392.218,-104.382,441.893,1672.479,-6.834,-29.425,1673.785,2,-11.501,0.059,-34.161,0,24,,,,,,,,,1679.332,,,,1674.407,,1677.807,4,,275,0,1679.373,3,2,293,32,,,,,,,,,,,,,,0.058,-37.289,0.047,-18.006,-19.101,-44.753,-14.909,-57.198,20.364,-46.969,9.262,-64.689,47.275,-106.535,-4.294,-122.239,-52.757,-99.754,-0.09,-37.507,,"Sabo_10",-0.068,-17.999,,"SUGUN",-19.102,-45.1,118,"CoalCat",-14.828,-57.095,,"schmoneymikey",18.692,-46.092,83,"coder_",10.07,-64.545,,"まととまと",47.523,-106.575,,"Oort__Cloud",-4.47,-122.219,,"Fresh825",-52.751,-99.75,,1686.373,-5.587,-38.141,,,,1676.439,-12.124,-34.859,,,,1678.87,18.802,-39.313,,,,,,,,,,,,,,,,,,,1677.679,-7.533,-32.143,,,,1685.117,13.188,-45.503,,,,,,,,,,,,,"",2,0,"SUGUN",1673.197,1679.332,,160,""
61,,2,0,2,0,0,0,2,0,0,0,255,255,255,20,1700.204,"소솨소솨",R,27,88,140,-0.001,0.034,0.178,1.619,-0.1,1.524,-36.539,1.132,46,54,0,2,80.635,-102.668,0,0,0,5,3,R,"Yaksok~",174,80,0.328,3,34,W,Y,1,1701.073,215,189,44,39,9,131,111,-0.87,33.364,-0.006,0.885,-19.539,0.82,0,0.14,-117.434,31.055,102.263,1698.932,-8.425,-32.296,1699.825,2,-16.558,0.056,-44.311,0,0,,,,,,,,,,,,,,,1704.392,5,,147,0,,,,,,,,,,,1703.813,2,,,,,,,0.074,-37.371,0.016,-17.941,-19.75,-45.576,-15.242,-58.406,20.75,-51.476,9.53,-66.219,38.952,-90.803,-4.484,-112.023,-48.126,-91.743,0.028,-37.333,,"Sabo_10",0.007,-17.915,,"SUGUN",-19.961,-46.02,94,"CoalCat",-14.461,-58.236,,"schmoneymikey",20.259,-50.441,,"coder_",10.028,-65.899,,"まととまと",39.014,-90.871,,"Oort__Cloud",-4.605,-112.063,,"Fresh825",-48.132,-91.757,,,,,,,,1702.517,-17.667,-45.66,,,,,,,,,,,,,,,,,,,,,,,,,1704.693,-15.039,-38.245,,,,,,,,,,,,,,,,,,,"",2,0,"SUGUN",,,,32,""
62,SIDE,2,0,2,0,0,0,2,0,0,0,255,255,255,,1706.117,,,,,,,,,,,,,,,,,,,,,,,6,,,,,,,,,,,,,,,,,,,,,,,,,,,,,,,,,,,,,,,0,0,,,,,,,,,,,,,,,,,,,,,,,,,,,,,,,,,,,,,,,,,,,,,,,,,,,,,,,,,,,,,,,,,,,,,,,,,,,,,,,,,,,,,,,,,,,,,,,,,,,,,,,,,,,,,,,,,,,,,,,,,,,,,,,,,,,,,,,,,,,,,,,,,"",0,0,"",,,,0,""
63,,3,1,2,0,0,0,0,0,0,0,255,255,255,37,1737.286,"눈꽃",R,45,58,100,-0.936,-1.029,-0.051,1.564,-0.879,0.81,-36.64,19.089,38,62,0,1,224.908,-158.218,0,0,0,1,6,R,"まととまと",179.8,90.039,0.45,,34,W,Y,0,,,,,,,,,,,,,,,,,,,,,,,,,,,,0,0,,,,,,,,,,,,,,,,,,,,,,,,,,,,,,,,,,,,,,-0.27,-37.816,0.039,-18.059,-21.175,-47.53,-13.059,-65.151,18.107,-46.105,15.615,-57.506,47.325,-94.38,-0.192,-109.186,-42.403,-98.588,,,,"",,,,"",,,,"",,,,"",,,,"",,,,"",,,,"",,,,"",,,,,,,,,,,,,,,,,,,,,,,,,,,,,,,,,,,,,,,,,,,,,,,,,,,,,,,,,,"",0,0,"",,,,0,""
64,,3,1,2,0,1,0,0,0,0,0,255,255,255,38,1754.227,"눈꽃",R,26,91,140,1.826,0.802,0.283,1.935,0.711,1.929,-36.64,19.952,59,41,0,2,55.702,-156.564,0,0,0,1,6,R,"まととまと",179.8,90.039,0.45,0,34,W,Y,1,1755.297,71,43,69,72,33,107,113,-30,44.326,0.347,1.156,-19.125,0.71,0,0.069,-155.415,500.204,40.44,1752.625,-1.481,-20.984,,,,,,0,0,,,,,,,,,,,,,,,,,,,,,,,,,,,,,,,,,,,,,,-0.07,-37.819,-0.012,-17.884,-21.1,-47.496,-13.304,-65.247,18.031,-46.104,13.565,-58.945,48.819,-103.126,0.585,-109.501,-42.374,-97.913,0.276,-37.365,,"가앤슬_",-0.012,-17.953,,"Pring__",-20.968,-47.339,,"Yaksok~",-13.612,-66.627,,"인생최패망자",18.044,-46.084,,"TaeGeuk_",13.606,-59.069,,"kneesohime",47.723,-101.733,,"ByeolBam",-0.418,-110.064,,"HANA_ARASHI",-42.33,-98.166,,,,,,,,,,,,,,,,,,,,,,,,,,,,,,,,,,,,,,,,,,,,,,,,,,,,,,,,"",3,0,"",,,,0,""
65,,3,1,2,0,1,1,0,0,0,0,255,255,255,39,1774.811,"눈꽃",R,27,86,140,1.212,1.267,0.333,2.197,0.43,2.204,-36.64,44.05,86,14,0,2,64.29,-147.566,0,0,0,1,6,R,"まととまと",179.8,90.039,0.45,5,34,W,Y,1,1775.893,127,42,219,80,61,139,130,-15,-75.948,0.223,1.355,-19.807,0.56,0.048,0.277,201.687,-170.737,-354.653,1773.279,4.694,-20.921,,,,,,0,0,,,,,,,,,,,,,,,,,,,,,,,,,,,,,,,,,,,,,,-0.125,-37.655,0.001,-17.884,-19.974,-44.793,-13.246,-65.163,17.917,-46.228,11.937,-59.565,41.963,-98.891,-1.328,-108.446,-44.355,-96.451,0.163,-37.456,,"가앤슬_",0.036,-17.917,,"Pring__",-19.789,-45.084,,"Yaksok~",-13.712,-66.884,,"인생최패망자",17.612,-45.796,,"TaeGeuk_",11.935,-59.558,,"kneesohime",41.943,-98.864,,"ByeolBam",-0.479,-109.366,,"HANA_ARASHI",-44.047,-96.779,,,,,,,,,,,,,,,,,,,,,,,,,,,,,,,,,,,,,,,,,,,,,,,,,,,,,,,,"",3,0,"",,,,0,""
66,,3,1,2,0,1,2,0,0,0,0,255,255,255,40,1791.264,"눈꽃",R,10,64,96,-0.924,-1.802,0.126,1.667,-0.389,1.218,-36.64,5.653,46,54,0,1,-7.205,400,0,0,0,1,6,R,"まととまと",179.8,90.039,0.45,,34,W,Y,0,,,,,,,,,,,,,,,,,,,,,,,,,,,,0,0,,,,,,,,,,,,,,,,,,,,,,,,,,,,,,,,,,,,,,-0.023,-37.687,0.013,-17.976,-20.983,-46.402,-12.041,-65.559,17.27,-45.813,12.285,-59.457,45.316,-95.974,0.911,-108.76,-42.739,-95.285,,,,"",,,,"",,,,"",,,,"",,,,"",,,,"",,,,"",,,,"",,,,,,,,,,,,,,,,,,,,,,,,,,,,,,,,,,,,,,,,,,,,,,,,,,,,,,,,,,"",0,0,"",,,,0,""
67,,3,1,2,0,2,2,0,0,0,0,255,255,255,41,1806.393,"눈꽃",R,32,66,106,-0.801,-0.429,-0.012,1.588,-0.818,1.125,-36.64,13.489,40,60,0,2,240.909,-200,0,0,0,1,6,R,"まととまと",179.8,90.039,0.45,5,34,W,Y,1,1807.679,255,84,159,153,90,145,117,-30,-12.933,-0.388,0.827,-20.513,0.87,0.143,0.219,90.444,500.175,-318.818,1804.932,-0.095,-21.805,1806.692,5,7.745,2.283,-56.953,0,0,,,,,,,,,,,,,,,1812.095,1,,147,64,,,,,,,,,,,,,,,,,,,-0.192,-37.572,-0.017,-17.85,-21.117,-46.503,-12.378,-65.592,17.292,-45.839,13.308,-58.488,44.323,-99.642,0.979,-108.801,-43.331,-96.916,0.135,-37.519,,"가앤슬_",-0.083,-18.058,,"Pring__",-20.941,-46.318,86,"Yaksok~",-13.055,-68.02,,"인생최패망자",17.021,-45.443,,"TaeGeuk_",13.161,-58.68,108,"kneesohime",43.968,-99.607,,"ByeolBam",0.978,-108.811,,"HANA_ARASHI",-43.671,-97.014,,1814.423,-0.338,-38.764,,,,1811.468,-19.095,-40.225,,,,,,,1809.485,7.835,-57.736,,,,,,,,,,,,,,,,1813.359,-17.921,-39.369,,,,,,,1810.209,4.057,-56.654,,,,,,,,,,"",2,0,"TaeGeuk_",,,,448,""
68,,3,1,2,0,0,0,1,0,0,0,255,255,255,42,1829.149,"눈꽃",R,45,52,95,-0.285,-0.646,0.065,1.76,-0.612,0.972,-36.64,4.139,36,64,0,0,215.909,-196.631,0,0,0,2,7,R,"Oort__Cloud",160,80,0.2,,36,W,Y,0,,,,,,,,,,,,,,,,,,,,,,,,,,,,0,0,,,,,,,,,,,,,,,,,,,,,,,,,,,,,,,,,,,,,,-0.126,-37.693,-0.024,-17.809,-20.642,-46.274,-12.159,-65.561,15.991,-43.944,12.241,-59.571,44.144,-101.081,-2.129,-104.912,-43.5,-94.835,,,,"",,,,"",,,,"",,,,"",,,,"",,,,"",,,,"",,,,"",,,,1834.459,-0.223,-37.771,,,,,,,,,,,,,,,,,,,,,,,,,,,,,,,,,,,,,,,,,,,,,,,,,,,,"",0,0,"",,,,0,""
69,,3,1,2,0,0,1,1,0,0,0,255,255,255,43,1844.065,"눈꽃",R,10,64,96,-0.113,-1.727,0.232,1.779,-0.055,1.446,-36.64,11.511,59,41,0,4,0,400,0,0,0,2,7,R,"Oort__Cloud",160,80,0.2,,36,W,Y,1,,,,,,,,,,,,,,,,,,,,,,,,,,,,0,0,,,,,,,,,,,,,,,,,,,,,,,,,,,,,,,,,,,,,,-0.078,-37.705,0.006,-17.924,-18.731,-43.91,-12.218,-65.55,15.93,-43.857,12.331,-59.953,38.288,-99.035,-0.375,-107.988,-44.59,-95.457,,,,"",,,,"",,,,"",,,,"",,,,"",,,,"",,,,"",,,,"",,,,1848.978,-0.202,-37.691,,,,,,,,,,,,,,,,,,,,,,,,,,,,,,,,,,,,,,,,,,,,,,,,,,,,"",0,0,"",,,,0,""
70,,3,1,2,0,0,2,1,0,0,0,255,255,255,44,1858.891,"눈꽃",R,27,99,140,-1.334,-0.991,0.019,1.705,-0.663,0.914,-36.64,5.599,51,49,0,2,59.654,-140.591,0,0,0,2,7,R,"Oort__Cloud",160,80,0.2,3,36,W,Y,1,1860.029,255,208,115,36,12,145,45,27.969,32.748,-0.252,0.549,-19.955,-1,0,0.389,19.266,399.349,55.238,1859.465,-13.931,-38.755,1859.652,2,-12.527,1.254,-37.01,0,4,,,,,,,,,,,,,,,1862.447,2,,451,0,,,,,,,,,,,,,,,,,,,-0.085,-37.702,0.007,-17.941,-19.256,-44.466,-12.059,-65.805,15.921,-43.85,9.868,-59.323,38.116,-98.75,-0.389,-108.015,-43.426,-96.03,0.101,-37.35,,"가앤슬_",-0.052,-18.12,,"Pring__",-19.08,-44.287,,"Yaksok~",-12.765,-67.734,,"인생최패망자",15.587,-43.426,,"TaeGeuk_",11.108,-59.228,,"kneesohime",38.184,-98.711,,"ByeolBam",-0.371,-107.997,,"HANA_ARASHI",-43.485,-95.938,,1867.845,-0.902,-35.265,,,,1862.46,-12.897,-37.463,,,,,,,,,,,,,,,,,,,,,,,,,,,,,,,,,,,,,,,,,,,,,,"",1,0,"Pring__",,,,384,""
71,,3,1,2,0,0,0,2,0,0,0,255,255,255,45,1882.155,"눈꽃",R,13,69,109,-0.64,-0.307,0.335,1.918,0.389,1.888,-36.64,14.543,70,30,0,2,-359.661,343.889,0,0,0,3,1,L,"Sabo_10",185.3,87.575,0.449,0,34,W,Y,1,1883.084,223,90,112,105,56,145,103,51.126,-36.85,-0.085,0.96,-20.988,-0.36,0,0.555,425.328,-396.66,-130.761,1886.078,55.019,-76.369,1886.678,6,56.39,0.752,-77.599,1,0,,1889.485,,,,,,,,,,,,,,,,,,,,,,,,,,,,,,1892.931,3,,,,,0.03,-37.634,0.009,-18.034,-20.204,-45.669,-9.104,-67.117,17.86,-44.878,13.723,-59.923,50.876,-102.698,-2.746,-112.674,-42.596,-99.928,-0.112,-37.184,,"가앤슬_",0.015,-18.128,,"Pring__",-20.157,-45.616,,"Yaksok~",-9.266,-68.365,86,"인생최패망자",17.92,-44.575,,"TaeGeuk_",13.721,-59.907,,"kneesohime",50.455,-102.171,115,"ByeolBam",1.516,-116.222,,"HANA_ARASHI",-42.297,-99.276,,1895.792,-0.756,-39.121,,,,,,,1892.784,1.05,-59.241,,,,,,,1889.631,56.327,-78.233,,,,,,,,,,,,,,,,1894.872,-2.471,-55.015,,,,,,,1890.634,50.145,-74.479,,,,,,,"",2,0,"kneesohime",,,,289,""
72,,3,1,2,0,0,0,2,1,0,0,1,255,255,46,1910.701,"눈꽃",R,27,91,140,1.08,0.5,0.279,1.956,0.371,1.747,-36.64,28.852,89,11,0,2,66.82,-142.347,0,0,0,4,5,R,"coder_",175.8,80,0.302,5,34,W,Y,1,1911.763,180,70,128,40,29,145,129,-10.155,33.715,0.1,1.04,-20.112,0.34,0,0.293,105.111,380.348,-451.982,1908.918,-2.859,-24.506,1911.852,8,-40.4,0.057,-81.147,1,0,,1916.709,1924.909,,,1917.019,1924.708,,,,,,,,,,,,,,,,,,,,,,,,,,,,,,,-0.094,-37.7,0.04,-17.888,-18.907,-39.581,-13.814,-64.778,17.171,-44.871,14.567,-60.581,45.248,-104.697,-2.09,-109.383,-43.735,-93.967,0.141,-37.161,,"가앤슬_",0.025,-18.074,,"Pring__",-19.99,-42.902,,"Yaksok~",-13.786,-64.872,,"인생최패망자",16.84,-44.466,120,"TaeGeuk_",14.568,-60.572,,"kneesohime",45.611,-104.111,,"ByeolBam",-2.13,-109.066,,"HANA_ARASHI",-43.722,-93.431,,1925.574,20.346,-39.877,,,,,,,,,,1923.868,41.415,-49.099,,,,,,,,,,1914.795,-41.658,-82.454,,,,,,,,,,,,,1924.708,37.805,-47.04,,,,,,,,,,,,,"",2,0,"HANA_ARASHI",1917.019,1924.708,,280,""
73,,3,1,2,0,0,0,2,0,1,1,255,5,1,47,1948.614,"눈꽃",R,10,70,112,0.986,-0.408,0.343,1.963,0.419,1.859,-36.64,25.124,97,3,0,2,0,400,0,0,0,5,2,R,"SUGUN",190,82,0.5,5,34,W,Y,1,1949.727,255,105,121,124,44,145,89,27.506,86.379,0.133,1.02,-21.607,1,0,0.358,-182.485,431.887,104.489,,,,,,,,,0,0,,,,,,,,,,,,,1963.031,1965.228,,,,,,,,,,,,,,,,,,,,,,,,-0.035,-37.67,0.015,-18.033,-21.314,-47.188,-13.918,-65.009,16.137,-44.3,12.044,-59.124,48.347,-98.758,0.372,-106.628,-43.075,-98.363,0.076,-37.145,,"가앤슬_",0.025,-18.112,,"Pring__",-21.122,-47.002,,"Yaksok~",-13.917,-65.004,,"인생최패망자",16.148,-44.255,,"TaeGeuk_",12.046,-59.135,,"kneesohime",48.182,-98.222,,"ByeolBam",0.364,-106.617,,"HANA_ARASHI",-43.217,-97.994,,,,,,,,,,,,,,,,,,,,,,,,,,,,,,,,,,,,,,,,,,,,,,,,,,,,,,,,"",3,0,"",1953.822,1952.423,,0,""
74,,3,1,2,0,0,1,2,0,1,1,255,5,1,48,1966.339,"눈꽃",R,10,71,113,-0.794,-0.499,0.163,1.983,-0.35,1.794,-36.64,24.784,86,14,0,2,0,400,0,0,0,5,2,R,"SUGUN",190,82,0.5,5,55,W,Y,1,1967.493,255,164,140,113,39,145,89,-30,12.49,-0.125,0.987,-21.552,1,0,0.245,-162.788,380.902,-138.58,1964.479,-0.49,-23.174,1965.598,0,-2.35,1.557,-36.109,0,0,,,,,,,,,1972.169,,,,,,1971.411,5,,147,256,,,,,,,,,,,,,,,,,,,-0.152,-37.719,0.008,-17.991,-20.744,-46.644,-13.77,-65.019,16.29,-45.797,11.848,-58.317,47.086,-99.018,-0.166,-107.638,-44.776,-95.191,0.207,-37.187,120,"가앤슬_",0.006,-18.166,,"Pring__",-20.676,-46.527,106,"Yaksok~",-13.848,-65.266,,"인생최패망자",16.011,-45.356,,"TaeGeuk_",12.013,-59.052,,"kneesohime",47.076,-99.014,,"ByeolBam",-0.166,-107.631,,"HANA_ARASHI",-43.386,-92.991,,1968.696,-2.154,-36.742,,,,1970.743,-18.882,-39.551,,,,,,,,,,,,,,,,,,,1970.017,-3.342,-37.881,,,,1971.945,-16.579,-37,,,,,,,,,,,,,,,,,,,"",2,0,"눈꽃",,1972.169,,384,""
75,SIDE,3,1,2,0,0,0,2,0,1,1,255,5,1,,1972.524,,,,,,,,,,,,,,,,,,,,,,,6,,,,,,,,,,,,,,,,,,,,,,,,,,,,,,,,,,,,,,,0,0,,,,,,,,,,,,,,,,,,,,,,,,,,,,,,,,,,,,,,,,,,,,,,,,,,,,,,,,,,,,,,,,,,,,,,,,,,,,,,,,,,,,,,,,,,,,,,,,,,,,,,,,,,,,,,,,,,,,,,,,,,,,,,,,,,,,,,,,,,,,,,,,,"",0,0,"",,,,0,""
76,,3,0,2,0,0,0,0,0,0,0,255,255,255,21,2029.793,"소솨소솨",R,33,88,140,-0.997,-0.748,0.079,1.497,-0.565,1.102,-36.539,6.28,43,57,0,0,109.707,-70.983,0,0,0,6,5,R,"TaeGeuk_",176.6,90.533,0.624,,34,W,Y,1,,,,,,,,,,,,,,,,,,,,,,,,,,,,0,0,,,,,,,,,,,,,,,,,,,,,,,,,,,,,,,,,,,,,,0.028,-37.32,0.017,-17.943,-19.692,-46.033,-15.37,-61.184,18.24,-48.548,10.98,-65.598,43.006,-96.791,-4.916,-122.969,-51.012,-90.108,,,,"",,,,"",,,,"",,,,"",,,,"",,,,"",,,,"",,,,"",,,,,,,,,,,,,,,,,,,,,,,,,,,,,,,,,,,,,,,,,,,,,,,,,,,,,,,,,,"",0,0,"",,,,0,""
77,,3,0,2,0,0,1,0,0,0,0,255,255,255,22,2045.043,"소솨소솨",R,33,87,140,2.009,0.277,0.345,1.653,0.674,1.646,-36.539,12.742,47,53,0,1,141.733,-128.187,0,0,0,6,5,R,"TaeGeuk_",176.6,90.533,0.624,,34,W,Y,0,,,,,,,,,,,,,,,,,,,,,,,,,,,,0,0,,,,,,,,,,,,,,,,,,,,,,,,,,,,,,,,,,,,,,0.093,-37.306,0.017,-17.979,-19.767,-46.023,-15.347,-61.374,20.954,-51.176,10.763,-66.307,43.039,-97.218,-4.562,-122.962,-51.112,-90.151,,,,"",,,,"",,,,"",,,,"",,,,"",,,,"",,,,"",,,,"",,,,,,,,,,,,,,,,,,,,,,,,,,,,,,,,,,,,,,,,,,,,,,,,,,,,,,,,,,"",0,0,"",,,,0,""
78,,3,0,2,0,0,2,0,0,0,0,255,255,255,23,2061.631,"소솨소솨",R,3,68,99,0.194,-0.005,0.471,1.69,0.84,1.735,-36.539,25.768,49,51,0,0,-365.48,70.578,0,0,0,6,5,R,"TaeGeuk_",176.6,90.533,0.624,,34,W,Y,0,,,,,,,,,,,,,,,,,,,,,,,,,,,,0,0,,,,,,,,,,,,,,,2064.211,6,,578,0,,,,,,,,,,,,,,,,,,,0.091,-37.379,-0.001,-18.025,-19.755,-46.003,-15.235,-61.325,20.41,-50.433,10.897,-66.245,42.829,-98.547,-4.555,-122.934,-49.363,-92.597,,,,"",,,,"",,,,"",,,,"",,,,"",,,,"",,,,"",,,,"",,,,,,,,,,,,,,,,,,,,,,,,,,,,,,,,,,,,,,,,,,,,,,,,,,,,,,,,,,"",0,0,"",,,,0,""
79,,3,0,2,0,0,0,1,0,0,0,255,255,255,24,2123.193,"소솨소솨",R,26,60,115,0.352,-0.426,0.241,1.508,0.193,1.137,-36.539,14.051,47,53,0,0,-31.646,-200,0,0,0,7,2,L,"Pring__",175,90.741,0.451,,75,W,Y,0,,,,,,,,,,,,,,,,,,,,,,,,,,,,0,0,,,,,,,,,,,,,,,,,,,,,,,,,,,,,,,,,,,,,,-0.048,-37.269,0.07,-18.043,-19.237,-46.005,-11.814,-63.316,21.275,-51.094,12.176,-65.557,57.363,-103.639,2.124,-122.786,-40.148,-101.338,,,,"",,,,"",,,,"",,,,"",,,,"",,,,"",,,,"",,,,"",,,,,,,,,,,,,,,,,,,,,,,,,,,,,,,,,,,,,,,,,,,,,,,,,,,,,,,,,,"",0,0,"",,,,0,""
80,,3,0,2,0,0,1,1,0,0,0,255,255,255,25,2136.47,"소솨소솨",R,33,87,140,-0.701,0.212,0.103,1.653,-0.452,1.648,-36.539,6.647,49,51,0,2,106.621,-81.822,0,0,0,7,2,L,"Pring__",175,90.741,0.451,3,75,W,Y,1,2137.407,243,111,117,83,64,145,97,91.453,83.484,-0.129,1.017,-20.552,-0.21,0,0.515,582.875,-104.104,97.051,2140.999,23.37,-8.962,,,,,,0,0,,,,,,,,,,,,,,,,,,,,,,,,,,,,,,,,,,,,,,-0.073,-37.285,-0.013,-17.983,-19.108,-45.875,-11.749,-63.501,21.401,-51.17,11.961,-65.431,56.597,-105.062,2.09,-122.788,-40.167,-101.337,-0.035,-37.509,,"Sabo_10",-0.008,-17.994,,"SUGUN",-19.194,-45.709,,"CoalCat",-11.598,-63.385,,"schmoneymikey",21.365,-51.225,,"coder_",11.951,-65.386,,"まととまと",56.446,-105.1,,"Oort__Cloud",2.186,-122.763,,"Fresh825",-40.176,-101.339,,,,,,,,,,,,,,,,,,,,,,,,,,,,,,,,,,,,,,,,,,,,,,,,,,,,,,,,"",3,0,"",,,,0,""
81,,3,0,2,0,0,2,1,0,0,0,255,255,255,26,2159.453,"소솨소솨",R,0,55,111,-0.157,0.209,0.185,1.677,-0.07,1.731,-36.539,16.058,54,46,0,2,-2.107,0,0,0,0,7,2,L,"Pring__",175,90.741,0.451,3,75,W,Y,1,2160.507,255,120,93,82,75,145,82,31.659,-8.463,0.001,1.134,-20.675,-0.95,0,0.484,440.697,-397.415,-88.589,2162.132,15.936,-85.55,2164.345,7,20.711,0.055,-99.113,1,0,,2165.99,2170.185,,,,,,,,,,,,,,,,,,,,,,,,,,,,,,,,,,,-0.032,-37.409,0.136,-17.919,-19.373,-46.019,-12.347,-63.701,21.282,-50.022,12.335,-65.091,57.231,-103.851,2.34,-122.96,-38.658,-101.77,0.019,-37.607,,"Sabo_10",0.128,-17.991,,"SUGUN",-19.184,-45.829,,"CoalCat",-12.23,-63.614,67,"schmoneymikey",21.469,-49.702,,"coder_",12.33,-65.086,,"まととまと",57.251,-103.855,,"Oort__Cloud",2.274,-122.955,95,"Fresh825",-38.654,-101.766,,2175.425,0.205,-37.883,,,,,,,2170.735,0.582,-59.607,,,,,,,,,,2167.707,20.846,-99.562,,,,,,,,,,,,,2174.053,-1.004,-57.263,,,,,,,,,,2168.782,18.148,-92.699,,,,"",2,0,"Oort__Cloud",2170.185,,,68,""
82,,3,0,2,0,0,0,1,0,1,0,255,12,255,27,2191.308,"소솨소솨",R,33,89,140,0.057,-0.486,0.173,1.531,-0.124,1.253,-36.539,7.707,39,61,0,2,107.397,-61.635,0,0,0,8,0,L,"눈꽃",190,85,0.505,3,34,W,Y,1,2192.498,255,134,63,87,26,139,130,94.817,83.309,0.018,0.814,-19.987,0.55,0,0.527,172.466,-365.864,-400.158,,,,,,,,,0,0,,,,,,,,,,,,,2206.582,,,,,,,,,,,,,,,,,,,,,,,,,-0.001,-37.319,-0.003,-17.788,-19.278,-45.085,-4.284,-60.628,20.337,-49.519,12.673,-64.378,54.816,-103.129,4.211,-116.805,-41.584,-108.068,-0.162,-37.6,,"Sabo_10",-0.005,-17.778,,"SUGUN",-19.274,-44.918,,"CoalCat",-3.547,-60.947,,"schmoneymikey",19.763,-48.854,,"coder_",12.441,-63.442,,"まととまと",54.623,-102.985,,"Oort__Cloud",4.238,-116.601,,"Fresh825",-42.379,-109.736,,,,,,,,,,,,,,,,,,,,,,,,,,,,,,,,,,,,,,,,,,,,,,,,,,,,,,,,"",3,0,"",2194.764,,,0,""
83,,3,0,2,0,0,1,1,0,1,0,255,12,255,28,2207.348,"소솨소솨",R,12,64,102,0.341,0.425,0.246,1.816,0.141,2.001,-36.539,25.371,100,0,0,2,0,77.533,0,0,0,8,0,L,"눈꽃",190,85,0.505,0,34,W,Y,1,2208.545,249,102,71,95,46,145,118,25.791,9.058,0.037,1.29,-20.523,0.12,0,0.344,426.161,114.432,75.68,2210.505,-19.933,-125.347,2212.025,7,-19.785,0.476,-132.127,1,0,,2214.239,2218.891,,,,,,2216.793,2221.476,,,,,,,,,,,,,,,,,,,,,,,,,,,,-0.014,-37.541,-0.014,-17.837,-19.296,-44.965,-5.155,-61.27,21.238,-49.609,12.21,-65.826,55.22,-105.343,2.756,-118.486,-42.471,-109.776,0.019,-37.689,,"Sabo_10",0.07,-17.903,,"SUGUN",-19.134,-44.872,,"CoalCat",-3.118,-60.997,,"schmoneymikey",21.322,-49.122,,"coder_",12.182,-65.668,85,"まととまと",55.194,-105.294,,"Oort__Cloud",2.758,-118.477,89,"Fresh825",-42.469,-109.773,,,,,,,,,,,,,,,,,2220.624,-0.062,-61.867,,,,2215.415,-19.653,-131.695,,,,,,,,,,,,,,,,,,,2224.074,1.263,-61.199,,,,2216.558,-19.213,-127.819,,,,"",2,0,"Oort__Cloud",2218.891,2216.793,2221.476,20,""
84,,3,0,2,1,0,0,1,0,1,0,255,10,255,29,2298.719,"소솨소솨",R,3,62,95,0.011,0.602,0.445,1.82,0.76,2.009,-36.539,25.376,92,8,0,2,-345.709,0,0,0,0,0,6,R,"kneesohime",190,85,0.497,5,77,W,Y,1,2300.04,205,127,128,81,59,145,131,100.979,-37.832,-0.012,1.232,-20.229,0.35,0,0.211,554.39,186.616,-133.515,,,,,,,,,0,0,,,,,,,,,,,,,2314.081,,,,,,,,,,,,,,,,,,,,,,,,,0.087,-37.349,0.08,-17.94,-19.342,-45.83,-13.067,-60.009,20.385,-48.416,5.492,-67.344,44.641,-104.323,-4.64,-119.641,-55.241,-103.544,0.09,-37.781,,"Sabo_10",0.19,-17.867,,"SUGUN",-19.196,-45.684,,"CoalCat",-12.951,-59.897,,"schmoneymikey",19.226,-47.411,,"coder_",8.929,-65.213,,"まととまと",44.118,-103.837,,"Oort__Cloud",-4.615,-119.622,,"Fresh825",-54.062,-103.712,,,,,,,,,,,,,,,,,,,,,,,,,,,,,,,,,,,,,,,,,,,,,,,,,,,,,,,,"",3,0,"",2302.41,,,0,""
85,,3,0,2,1,0,1,1,0,1,0,255,10,255,30,2315.185,"소솨소솨",R,28,87,140,-0.749,-0.723,0.106,1.48,-0.437,1.088,-36.539,7.931,44,56,0,0,79.43,-81.041,0,0,0,0,6,R,"kneesohime",190,85,0.497,,77,W,Y,0,,,,,,,,,,,,,,,,,,,,,,,,,,,,0,0,,,,,,,,,,,,,2330.67,,,,,,,,,,,,,,,,,,,,,,,,,0.015,-37.21,0.065,-18.005,-18.65,-44.598,-13.894,-59.473,19.795,-47.828,6.33,-65.779,43.142,-105.623,-4.27,-119.655,-55.991,-101.146,,,,"",,,,"",,,,"",,,,"",,,,"",,,,"",,,,"",,,,"",,,,,,,,,,,,,,,,,,,,,,,,,,,,,,,,,,,,,,,,,,,,,,,,,,,,,,,,,,"",0,0,"",2318.217,,,0,""
86,,3,0,2,1,0,2,1,0,1,0,255,10,255,31,2331.61,"소솨소솨",R,4,71,117,-0.997,-0.063,0.194,1.629,-0.028,1.571,-36.539,11.281,51,49,0,2,-243.903,0,0,0,0,0,6,R,"kneesohime",190,85,0.497,5,77,W,Y,1,2332.816,244,132,202,60,45,145,128,-12.614,73.837,-0.214,0.946,-19.771,0.73,0,0.226,-18.682,149.115,-17.529,2329.438,-3.904,-20.835,,,,,,0,0,,,,,,,,,,,,,2348.492,,,,,,,,,,,,,,,,,,,,,,,,,-0.033,-37.359,0.052,-17.968,-18.713,-44.71,-14.145,-59.257,19.703,-48.001,6.739,-65.247,42.161,-106.028,-4.434,-119.639,-55.998,-101.152,-0.042,-37.569,,"Sabo_10",0.025,-18.003,,"SUGUN",-18.554,-44.491,,"CoalCat",-13.974,-59.324,,"schmoneymikey",19.615,-48.021,,"coder_",9.051,-63.777,,"まととまと",42.094,-105.766,,"Oort__Cloud",-4.423,-119.633,,"Fresh825",-55.994,-101.153,,,,,,,,,,,,,,,,,,,,,,,,,,,,,,,,,,,,,,,,,,,,,,,,,,,,,,,,"",3,0,"",2335.933,,,0,""
87,,3,0,2,1,0,2,1,0,1,0,255,10,255,32,2348.944,"소솨소솨",R,0,85,137,-1.399,-0.99,0.057,1.44,-0.666,0.959,-36.539,10.392,37,63,0,4,39.406,-34.073,0,0,0,0,6,R,"kneesohime",190,85,0.497,,77,W,Y,1,,,,,,,,,,,,,,,,,,,,,,,,,,,,0,0,,,,,,,,,,,,,2372.387,,2351.581,0,,578,0,,,,,,,,,,,,,,,,,,,0.013,-37.401,0.055,-17.995,-19.013,-44.547,-15.308,-59.683,18.966,-47.752,6.157,-65.899,44.967,-104.212,-4.297,-120.436,-55.088,-102.144,,,,"",,,,"",,,,"",,,,"",,,,"",,,,"",,,,"",,,,"",,,,,,,,,,,,,,,,,,,,,,,,,,,,,,,,,,,,,,,,,,,,,,,,,,,,,,,,,,"",0,0,"",2351.572,,,0,""
88,,3,0,2,1,0,0,2,0,1,0,255,10,255,33,2373.021,"소솨소솨",R,28,86,139,-0.848,-0.067,0.099,1.609,-0.468,1.504,-36.539,1.253,55,45,0,0,70.225,-73.726,0,0,0,1,1,R,"가앤슬_",190,83.179,0.2,,34,W,Y,1,,,,,,,,,,,,,,,,,,,,,,,,,,,,0,0,,,,,,,,,,,,,2390.144,,,,,,,,,,,,,,,,,,,,,,,,,-0.003,-37.34,0.053,-17.86,-19.15,-44.416,-14.569,-59.853,20.563,-48.569,5.032,-66.778,45.07,-101.603,-4.18,-117.932,-55.122,-102.147,,,,"",,,,"",,,,"",,,,"",,,,"",,,,"",,,,"",,,,"",,,,,,,,,,,,,,,,,,,,,,,,,,,,,,,,,,,,,,,,,,,,,,,,,,,,,,,,,,"",0,0,"",2376.416,,,0,""
89,,3,0,2,1,0,1,2,0,1,0,255,10,255,34,2391.041,"소솨소솨",R,34,85,137,0.355,-0.598,0.211,1.508,0.049,1.179,-36.539,4.355,52,48,0,2,71.836,-63.037,0,0,0,1,1,R,"가앤슬_",190,83.179,0.2,5,34,W,Y,1,2392.24,93,42,160,79,41,135,117,0,-73.171,0.063,0.745,-19.744,0.85,0,0.433,127.723,-23.204,-240.648,2389.305,15.453,-24.389,,,,,,0,0,,,,,,,,,,,,,2406.892,,,,,,,,,,,,,,,,,,,,,,,,,0.048,-37.292,0.028,-17.893,-19.485,-45.879,-14.539,-59.978,19.928,-47.144,5.796,-67.437,41.826,-98.801,-4.117,-117.977,-55.797,-102.651,0.025,-37.45,,"Sabo_10",-0.005,-18,,"SUGUN",-19.382,-45.779,,"CoalCat",-14.456,-59.837,,"schmoneymikey",19.901,-47.13,,"coder_",7.4,-66.883,,"まととまと",40.661,-100.162,,"Oort__Cloud",-4.239,-117.921,,"Fresh825",-55.786,-102.657,,,,,,,,,,,,,,,,,,,,,,,,,,,,,,,,,,,,,,,,,,,,,,,,,,,,,,,,"",3,0,"",2395.903,,,0,""
90,,3,0,2,1,0,2,2,0,1,0,255,10,255,35,2409.15,"소솨소솨",R,13,65,97,-2.208,-0.892,0.075,1.559,-0.387,1.446,-36.539,3.972,56,44,0,4,-265.927,243.706,0,0,0,1,1,R,"가앤슬_",190,83.179,0.2,,69,W,Y,1,,,,,,,,,,,,,,,,,,,,,,,,,,,,0,0,,,,,,,,,,,,,2414.079,,2412.293,1,,578,0,,,,,,,,,,,,,,,,,,,0.023,-37.296,0.018,-17.85,-20.071,-45.829,-14.834,-60.464,19.199,-47.315,5.011,-66.724,45.099,-93.708,-3.726,-117.88,-55.97,-103.534,,,,"",,,,"",,,,"",,,,"",,,,"",,,,"",,,,"",,,,"",,,,,,,,,,,,,,,,,,,,,,,,,,,,,,,,,,,,,,,,,,,,,,,,,,,,,,,,,,"",0,0,"",2413.312,,,0,""
91,SIDE,3,0,2,1,0,0,2,0,1,0,255,10,255,,2414.311,,,,,,,,,,,,,,,,,,,,,,,2,,,,,,,,,,,,,,,,,,,,,,,,,,,,,,,,,,,,,,,0,0,,,,,,,,,,,,,,,,,,,,,,,,,,,,,,,,,,,,,,,,,,,,,,,,,,,,,,,,,,,,,,,,,,,,,,,,,,,,,,,,,,,,,,,,,,,,,,,,,,,,,,,,,,,,,,,,,,,,,,,,,,,,,,,,,,,,,,,,,,,,,,,,,"",0,0,"",,,,0,""
92,,4,1,2,1,0,0,0,0,0,0,255,255,255,49,2449.485,"눈꽃",R,40,49,92,-0.455,-0.05,0.098,1.797,-0.466,1.398,-36.64,10.448,52,48,0,0,113.707,-132.12,0,0,0,6,3,R,"CoalCat",169.5,83,0.397,,34,W,Y,0,,,,,,,,,,,,,,,,,,,,,,,,,,,,0,0,,,,,,,,,,,,,,,,,,,,,,,,,,,,,,,,,,,,,,-0.194,-37.757,0.054,-17.962,-19.619,-44.873,-13.447,-64.924,17.184,-45.814,11.971,-61.14,51.585,-98.523,-0.443,-107.937,-44.165,-100.807,,,,"",,,,"",,,,"",,,,"",,,,"",,,,"",,,,"",,,,"",,,,,,,,,,,,,,,,,,,,,,,,,,,,,,,,,,,,,,,,,,,,,,,,,,,,,,,,,,"",0,0,"",,,,0,""
93,,4,1,2,1,0,1,0,0,0,0,255,255,255,50,2462.478,"눈꽃",R,45,58,99,2.055,-0.742,0.323,1.555,0.406,1.025,-36.64,25.218,27,73,0,2,225,-133.031,0,0,0,6,3,R,"CoalCat",169.5,83,0.397,0,34,W,Y,1,2463.699,255,111,86,90,72,145,114,-30,44.047,0.576,0.967,-22.155,0.9,0,0.596,0.17,5.22,-28.043,2460.158,-0.925,-23.706,2461.479,2,-17.251,1.49,-40.58,0,0,,,,,,,,,,,,,,,2465.954,6,,147,0,,,,,,,,,,,2465.6,2,,,,,,,-0.081,-37.583,-0.018,-17.837,-19.679,-44.764,-13.251,-65.076,17.012,-45.839,12.772,-60.786,49.116,-101.405,0.299,-107.731,-42.183,-98.362,0.207,-37.4,,"가앤슬_",0.018,-17.995,,"Pring__",-19.499,-44.588,85,"Yaksok~",-13.793,-66.803,,"인생최패망자",17.002,-45.812,,"TaeGeuk_",12.1,-61.623,,"kneesohime",49.106,-101.374,,"ByeolBam",0.3,-107.724,,"HANA_ARASHI",-41.959,-98.646,,2468.294,-0.606,-38.667,,,,2464.98,-17.775,-41.117,,,,,,,,,,,,,,,,,,,,,,,,,2467.216,-17.631,-39.989,,,,,,,,,,,,,,,,,,,"",2,0,"Pring__",,,,384,""
94,,4,1,2,1,0,0,1,0,0,0,255,255,255,51,2486.53,"눈꽃",R,32,62,103,-0.459,-1.288,-0.068,1.365,-0.672,0.59,-36.64,28.228,30,70,0,1,234.091,-200,0,0,0,7,4,L,"schmoneymikey",190,80,0.297,,34,W,Y,0,,,,,,,,,,,,,,,,,,,,,,,,,,,,0,0,,,,,,,,,,,,,,,,,,,,,,,,,,,,,,,,,,,,,,-0.135,-37.802,-0.015,-17.868,-21.04,-46.914,-10.928,-66.122,17.725,-44.801,14.16,-59.643,46.657,-100.263,0.896,-111.128,-42.18,-99.739,,,,"",,,,"",,,,"",,,,"",,,,"",,,,"",,,,"",,,,"",,,,2491.638,-0.18,-37.702,,,,,,,,,,,,,,,,,,,,,,,,,,,,,,,,,,,,,,,,,,,,,,,,,,,,"",0,0,"",,,,0,""
95,,4,1,2,1,1,0,1,0,0,0,255,255,255,52,2501.574,"눈꽃",R,45,55,97,0.013,-0.17,0.096,1.723,-0.47,1.275,-36.64,18.72,49,51,0,0,215.664,-200,0,0,0,7,4,L,"schmoneymikey",190,80,0.297,,34,W,Y,0,,,,,,,,,,,,,,,,,,,,,,,,,,,,0,0,,,,,,,,,,,,,,,,,,,,,,,,,,,,,,,,,,,,,,-0.268,-37.646,0.012,-17.904,-21.046,-46.921,-10.933,-66.1,17.934,-45.09,17.397,-59.024,47.602,-101.228,0.635,-110.405,-41.888,-99.246,,,,"",,,,"",,,,"",,,,"",,,,"",,,,"",,,,"",,,,"",,,,2507.19,-0.134,-37.541,,,,,,,,,,,,,,,,,,,,,,,,,,,,,,,,,,,,,,,,,,,,,,,,,,,,"",0,0,"",,,,0,""
96,,4,1,2,1,1,1,1,0,0,0,255,255,255,53,2516.956,"눈꽃",R,0,53,95,3.47,0.34,0.675,1.971,1.53,1.835,-36.64,39.781,100,0,0,1,-17.129,0,0,0,0,7,4,L,"schmoneymikey",190,80,0.297,,34,W,Y,0,,,,,,,,,,,,,,,,,,,,,,,,,,,,0,0,,,,,,,,,,,,,,,,,,,,,,,,,,,,,,,,,,,,,,0.117,-37.573,0.015,-17.956,-21.019,-46.892,-10.96,-66.233,18.004,-45.213,17.567,-57.275,47.915,-101.617,0.626,-110.436,-42.447,-99.21,,,,"",,,,"",,,,"",,,,"",,,,"",,,,"",,,,"",,,,"",,,,2522.347,-0.175,-37.665,,,,,,,,,,,,,,,,,,,,,,,,,,,,,,,,,,,,,,,,,,,,,,,,,,,,"",0,0,"",,,,0,""
97,,4,1,2,1,2,1,1,0,0,0,255,255,255,54,2531.168,"눈꽃",R,13,77,104,-0.484,-0.98,0.413,1.737,0.517,1.446,-36.64,16.054,46,54,0,4,-369.138,312.348,0,0,0,7,4,L,"schmoneymikey",190,80,0.297,,34,W,Y,1,,,,,,,,,,,,,,,,,,,,,,,,,,,,0,128,,,,,,,,,,,,,,,,,,,,,,,,,,,,,,,,,,,,,,0.045,-37.792,0.021,-17.928,-21.031,-46.909,-11.017,-66.177,18.017,-45.25,16.913,-57.18,47.686,-101.789,0.95,-109.94,-42.877,-97.853,,,,"",,,,"",,,,"",,,,"",,,,"",,,,"",,,,"",,,,"",,,,2538.092,-0.369,-37.72,,,,,,,,,,,,,,,,,,,,,,,,,,,,,,,,,,,,,,,,,,,,,,,,,,,,"",0,0,"",,,,0,""
98,,4,1,2,1,2,2,1,0,0,0,255,255,255,55,2548.405,"눈꽃",R,13,47,81,0.463,-1.823,0.451,1.786,0.905,1.127,-36.64,31.088,45,55,0,2,-270.06,339.848,0,0,0,7,4,L,"schmoneymikey",190,80,0.297,3,34,W,Y,1,2549.754,218,128,81,109,69,145,87,-30,34.38,0.121,0.458,-21.067,1,0,0.418,-555.313,-50.047,206.025,2546.145,-0.39,-21.814,2549.385,3,-20.983,0.054,-60.973,1,0,,2554.953,,,,,,,,,,,,,,,,,,,,,,,,,,,,,,,,,,,,-0.023,-37.717,0.011,-17.96,-21.356,-46.943,-10.391,-66.413,17.764,-45.026,16.214,-57.014,47.683,-101.775,0.779,-109.917,-43.911,-97.078,-0.325,-37.705,,"가앤슬_",0.098,-18.17,,"Pring__",-21.319,-46.917,,"Yaksok~",-10.374,-66.428,,"인생최패망자",17.486,-44.653,,"TaeGeuk_",16.209,-57.004,,"kneesohime",47.66,-101.775,,"ByeolBam",0.684,-111.334,,"HANA_ARASHI",-43.954,-97.036,,2557.354,-2.969,-43.616,,,,,,,2553.125,-19.736,-61.473,,,,,,,,,,,,,,,,,,,,,,,,,,,,,,,,,,,,,,,,,,,"",2,0,"Yaksok~",,,,288,""
99,,4,1,2,1,0,0,1,1,0,0,4,255,255,56,2577.762,"눈꽃",R,28,93,140,-1.588,-1.315,0.096,1.766,-0.769,0.688,-36.64,16.185,57,43,0,1,53.979,-94.177,0,0,0,8,9,L,"Kr_Luna",190,94.615,0.499,,33,W,Y,0,,,,,,,,,,,,,,,,,,,,,,,,,,,,0,0,,,,,,,,,,,,,,,,,,,,,,,,,,,,,,,,,,,,2579.665,1,-0.103,-37.789,0.068,-17.949,-19.54,-39.898,-8.587,-61.638,17.797,-45.09,13.907,-56.725,47.674,-101.814,1.683,-111.985,-42.909,-95.46,,,,"",,,,"",,,,"",,,,"",,,,"",,,,"",,,,"",,,,"",,,,2583.01,-0.125,-37.812,,,,,,,,,,,,,,,,,,,,,,,,,,,,,,,,,,,,,,,,,,,,,,,,,,,,"",0,0,"",,,,0,""
100,,4,1,2,1,1,0,1,1,0,0,4,255,255,57,2594.368,"눈꽃",R,26,91,140,-0.802,0.197,0.073,1.871,-0.42,1.573,-36.64,14.586,42,58,0,0,49.898,-175.506,0,0,0,8,9,L,"Kr_Luna",190,94.615,0.499,5,33,W,Y,1,2595.167,121,145,184,65,21,138,131,-2.083,-45.65,-0.073,1.094,-20.293,0.47,0,0.063,20.394,-418.533,-15.512,2591.878,11.629,-31.435,,,,,,0,0,,,,,,,,,,,,2595.707,,,,,,,,,,,,,,,,,,,,,,,,,,-0.115,-37.893,0.038,-18.065,-19.517,-39.761,-9.974,-62.807,17.927,-45.338,12.006,-58.989,57.352,-97.794,-0.038,-112.837,-42.16,-94.781,0.147,-37.251,,"가앤슬_",0.017,-18.1,,"Pring__",-18.646,-40.951,,"Yaksok~",-9.83,-62.718,,"인생최패망자",17.732,-44.922,,"TaeGeuk_",11.981,-58.961,,"kneesohime",57.287,-97.827,,"ByeolBam",-0.043,-112.853,,"HANA_ARASHI",-41.7,-94.133,,,,,,,,,,,,,,,,,,,,,,,,,,,,,,,,,,,,,,,,,,,,,,,,,,,,,,,,"",3,0,"",,,,0,""
101,,4,1,2,1,1,1,1,1,0,0,4,255,255,58,2624.51,"눈꽃",R,26,86,140,-0.788,0.588,0.104,1.966,-0.48,1.799,-36.64,17.615,85,15,0,2,97.652,-195.155,0,0,0,8,9,L,"Kr_Luna",190,94.615,0.499,5,67,W,Y,1,2625.234,127,120,161,73,29,139,131,8.567,-35.66,-0.124,1.244,-20.237,0.62,0,0.124,181.45,-450.262,80.096,2624.545,55.853,-87.563,2624.732,6,53.667,0.81,-85.264,0,0,,,,,,,,,,,,2624.641,,,2628.534,8,,455,0,,,,,,,,,,,,,,,,,,,-0.048,-37.87,0.025,-18.045,-19.524,-39.543,-10.548,-63.092,18.265,-45.666,13.633,-57.85,55.579,-96.628,0.055,-113.614,-39.206,-90.257,0.056,-37.193,,"가앤슬_",0.033,-18.083,,"Pring__",-18.603,-40.421,85,"Yaksok~",-10.438,-63.031,106,"인생최패망자",18.031,-45.336,,"TaeGeuk_",13.641,-58.015,,"kneesohime",55.538,-96.659,105,"ByeolBam",0.125,-113.602,,"HANA_ARASHI",-39.128,-89.397,,2637.455,-0.527,-38.768,,,,2633.449,-19.294,-40.169,2632.018,0.257,-58.73,,,,,,,2628.544,54.021,-85.615,,,,,,,,,,,,,2636.341,-18.031,-39.725,2632.499,-2.827,-56.125,,,,,,,2629.529,48.675,-82.457,,,,,,,"3:+1",1,0,"kneesohime",,,,417,""
102,,4,1,2,1,0,0,2,1,0,0,4,255,255,59,2654.315,"눈꽃",R,27,88,140,-1.727,0.846,0.016,2.014,-0.829,2.031,-36.64,21.971,91,9,0,2,55.529,-112.464,0,0,0,0,8,L,"Fresh825",190,80,0.2,3,51,W,Y,1,2655.392,211,98,135,59,0,145,90,94.792,-69.72,-0.271,1.257,-19.441,-0.81,0,0.111,228.298,-154.638,491.736,,,,,,,,,0,0,,,,,,,,,,,,2655.099,,,,,,,,,,,,,,,,,,,,,,,,,,-0.2,-37.706,0.005,-18.036,-19.415,-39.658,-9.496,-62.718,18.105,-45.186,11.921,-57.841,53.579,-97.611,0.118,-109.94,-40.138,-95.375,-0.045,-37.358,,"가앤슬_",0.009,-18.087,,"Pring__",-16.948,-42.673,,"Yaksok~",-9.548,-63.816,,"인생최패망자",17.589,-44.677,,"TaeGeuk_",13.478,-57.125,,"kneesohime",53.704,-97.768,,"ByeolBam",0.248,-109.952,,"HANA_ARASHI",-40.198,-94.158,,,,,,,,,,,,,,,,,,,,,,,,,,,,,,,,,,,,,,,,,,,,,,,,,,,,,,,,"",3,0,"",,,,0,""
103,,4,1,2,1,0,1,2,1,0,0,4,255,255,60,2677.974,"눈꽃",R,27,93,140,-1.877,-0.326,-0.011,1.789,-0.861,1.292,-36.64,7.972,52,48,0,2,31.48,-119.292,0,0,0,0,8,L,"Fresh825",190,80,0.2,3,51,W,Y,1,2679.037,239,52,117,94,71,145,87,-89.906,89.894,-0.355,0.864,-20.008,-1,0,0.112,-115.095,572.006,28.412,2675.198,-1.064,-20.007,,,,,,0,0,,,,,,,,,,,,2698.069,,,,,,,,,,,,,,,,,,,,,,,,,,-0.175,-37.707,-0.008,-18.099,-19.588,-39.623,-9.711,-66.309,17.936,-45.022,14.583,-58.219,50.259,-100.948,0.888,-110.664,-41.472,-97.401,0.116,-37.21,,"가앤슬_",-0.045,-18.22,,"Pring__",-17.021,-42.48,,"Yaksok~",-10.283,-66.436,,"인생최패망자",17.645,-44.886,,"TaeGeuk_",14.752,-58.64,,"kneesohime",56.034,-101.539,,"ByeolBam",0.912,-110.66,,"HANA_ARASHI",-40.504,-99.433,,,,,,,,,,,,,,,,,,,,,,,,,,,,,,,,,,,,,,,,,,,,,,,,,,,,,,,,"",3,0,"",,,,0,""
104,,4,1,2,1,0,2,2,1,0,0,4,255,255,61,2698.102,"눈꽃",R,27,87,140,-1.752,1.829,0.017,2.175,-0.885,2.62,-36.64,35.795,82,18,0,1,88.392,-144.753,0,0,0,0,8,L,"Fresh825",190,80,0.2,,51,W,Y,0,,,,,,,,,,,,,,,,,,,,,,,,,,,,0,0,,,,,,,,,,,,2713.19,,,,,,,,,,,,,,,,,,,,,,,,,,-0.239,-37.785,0.031,-17.896,-19.573,-39.633,-9.674,-66.587,17.988,-45.244,14.356,-58.321,53.93,-97.944,0.39,-110.057,-45.092,-95.31,,,,"",,,,"",,,,"",,,,"",,,,"",,,,"",,,,"",,,,"",,,,,,,,,,,,,,,,,,,,,,,,,,,,,,,,,,,,,,,,,,,,,,,,,,,,,,,,,,"",0,0,"",,,,0,""
105,,4,1,2,1,1,2,2,1,0,0,4,255,255,62,2716.332,"눈꽃",R,14,76,114,1.566,-1.557,0.184,1.743,0.193,1.128,-36.64,17.998,57,43,0,2,272.164,400,0,0.235,-19.728,0,8,L,"Fresh825",190,80,0.2,3,51,W,Y,1,2717.463,120,96,92,90,90,137,82,-30,34.193,0.272,0.405,-20.583,1,0,0.11,-220.147,-435.295,349.361,2713.572,-0.114,-21.153,2715.092,2,-14.519,0.703,-38.182,1,0,,2722.865,,,,2721.442,,,,,,,,,,,,,,,,,,,,,,,,,,,,,,,,-0.153,-37.97,-0.029,-18.232,-19.448,-39.623,-9.129,-67.046,17.979,-45.276,14.308,-58.586,53.484,-98.976,0.313,-110.394,-44.244,-97.23,0.215,-37.452,,"가앤슬_",-0.004,-18.363,,"Pring__",-17.184,-42.629,107,"Yaksok~",-9.437,-68.398,,"인생최패망자",17.654,-44.75,,"TaeGeuk_",14.659,-59.493,97,"kneesohime",53.038,-98.835,,"ByeolBam",0.313,-110.4,,"HANA_ARASHI",-44.241,-97.257,,2728.388,-0.644,-38.273,,,,2718.901,-15.002,-38.579,,,,,,,2721.036,2.818,-63.527,,,,,,,,,,,,,,,,2719.759,-11.069,-42.058,,,,,,,2722.297,-1.093,-59.505,,,,,,,,,,"2:+1",2,0,"Pring__",2721.442,,,448,""
106,,4,1,2,1,0,0,2,1,1,0,8,4,255,63,2746.131,"눈꽃",R,27,97,140,-4.045,-1.02,0.092,1.761,-0.234,1.326,-36.64,12.882,51,49,0,2,46.407,-143.689,0,0,0,1,6,R,"まととまと",179.8,90.039,0.45,3,33,W,Y,1,2747.244,255,66,155,108,65,145,83,-8.509,44.458,-0.684,0.683,-21.024,1,0.143,0.228,-63.551,543.593,-65.655,2743.452,-4.159,-24.505,2744.652,2,-16.094,0.058,-37.423,0,0,,,,,,2751.763,,,,,,2746.453,,,2749.653,1,,147,0,,,,,,,,,,,2749.449,2,,,,,,,-0.156,-37.624,-0.027,-17.818,-19.342,-40.296,-12.905,-65.391,17.22,-44.596,12.955,-59.499,48.831,-100.62,0.63,-108.115,-41.345,-93.972,0.114,-37.263,,"가앤슬_",-0.066,-18.069,,"Pring__",-19.336,-39.877,,"Yaksok~",-13.084,-66.12,,"인생최패망자",16.694,-44.514,,"TaeGeuk_",12.597,-60.734,,"kneesohime",48.614,-100.708,,"ByeolBam",0.664,-108.112,,"HANA_ARASHI",-41.395,-94.044,,,,,,,,2748.649,-16.855,-38.25,,,,,,,,,,,,,,,,,,,,,,,,,,,,,,,,,,,,,,,,,,,,,,"",2,0,"Pring__",2751.763,,,128,""
107,SIDE,4,1,2,1,0,0,2,1,1,0,8,4,255,,2752.252,,,,,,,,,,,,,,,,,,,,,,,2,,,,,,,,,,,,,,,,,,,,,,,,,,,,,,,,,,,,,,,0,0,,,,,,,,,,,,,,,,,,,,,,,,,,,,,,,,,,,,,,,,,,,,,,,,,,,,,,,,,,,,,,,,,,,,,,,,,,,,,,,,,,,,,,,,,,,2775.78,0.162,-37.997,,,,,,,,,,,,,,,,,,,,,,,,,,,,,,,,,,,,,,,,,,,,,,,,,,,,"",0,0,"",,,,0,""
108,,4,0,2,1,0,0,0,0,0,0,255,255,255,36,2786.649,"소솨소솨",R,34,89,140,-4.452,-2.23,-0.055,1.424,-2.046,0.252,-36.539,17.544,42,58,0,1,79.904,-58.234,0,0,0,2,7,R,"ByeolBam",175.3,90,0.5,,33,W,Y,0,,,,,,,,,,,,,,,,,,,,,,,,,,,,0,0,,,,,,,,,,,,,,,,,,,,,,,,,,,,,,,,,,,,,,-0.007,-37.281,0.028,-18.031,-19.694,-46.199,-16.003,-60.893,19.786,-51.447,11.149,-66.124,42.986,-105.068,-3.929,-117.56,-48.367,-90.617,,,,"",,,,"",,,,"",,,,"",,,,"",,,,"",,,,"",,,,"",,,,2791.209,-0.505,-37.771,,,,,,,,,,,,,,,,,,,,,,,,,,,,,,,,,,,,,,,,,,,,,,,,,,,,"",0,0,"",,,,0,""
109,,4,0,2,1,1,0,0,0,0,0,255,255,255,37,2801.043,"소솨소솨",R,0,86,139,0.255,-0.375,0.209,1.566,0.043,1.341,-36.539,13.195,42,58,0,0,44.876,-47.594,0,0,0,2,7,R,"ByeolBam",175.3,90,0.5,,33,W,Y,1,,,,,,,,,,,,,,,,,,,,,,,,,,,,0,0,,,,,,,,,,,,,,,,,,,,,,,,,,,,,,,,,,,,,,-0.035,-37.329,0.037,-17.862,-19.671,-45.375,-16.021,-60.934,19.689,-51.276,11.018,-65.833,42.434,-105.084,-4.002,-117.533,-48.978,-93.617,,,,"",,,,"",,,,"",,,,"",,,,"",,,,"",,,,"",,,,"",,,,2804.838,-0.31,-37.482,,,,,,,,,,,,,,,,,,,,,,,,,,,,,,,,,,,,,,,,,,,,,,,,,,,,"",0,0,"",,,,0,""
110,,4,0,2,1,1,1,0,0,0,0,255,255,255,38,2813.261,"소솨소솨",R,33,89,140,2.001,0.209,0.346,1.648,0.679,1.629,-36.539,12.976,47,53,0,2,135.331,-101.618,0,0,0,2,7,R,"ByeolBam",175.3,90,0.5,3,33,W,Y,1,2814.422,193,62,99,68,29,145,88,22.621,25.678,0.377,0.973,-19.835,-0.65,0,0.194,369.759,-137.666,-267.732,2814.759,-30.234,-88.424,2819.585,7,-38.746,0.057,-111.319,1,0,,2820.042,2824.676,,,,,,,,,,,,,,,,,,,,,,,,,,,,,,,,,,,0.09,-37.399,0.075,-17.951,-19.974,-45.985,-16.033,-60.976,19.771,-51.286,11.043,-65.82,42.391,-105.396,-3.943,-117.567,-48.107,-96.494,0.301,-37.445,,"Sabo_10",0.085,-17.885,,"SUGUN",-19.788,-45.927,,"CoalCat",-15.926,-60.817,,"schmoneymikey",19.71,-51.347,84,"coder_",11.024,-65.806,98,"まととまと",40.681,-104.292,,"Oort__Cloud",-3.94,-117.577,95,"Fresh825",-48.149,-96.476,,2837.591,0.655,-38.659,,,,,,,,,,2829.821,16.423,-36.892,2827.197,-7.105,-69.286,,,,2823.838,-38.516,-111.295,,,,,,,,,,,,,,,,2836.656,15.223,-39.953,2827.955,-4.263,-66.129,,,,2824.96,-34.488,-105.117,,,,"",2,0,"Oort__Cloud",2824.676,,,148,""
111,,4,0,2,1,0,0,0,0,1,0,255,17,255,39,2851.196,"소솨소솨",R,34,86,140,0.421,-0.17,0.212,1.592,0.057,1.431,-36.539,5.945,44,56,0,2,89.004,-78.596,0,0,0,3,8,R,"HANA_ARASHI",174.8,90,0.25,5,44,W,Y,1,2852.253,235,67,125,72,37,145,98,34.008,2.626,0.078,0.888,-20.487,-0.26,0,0.571,209.108,35.703,-63.714,2853.052,-3.957,-100.992,2853.198,7,-3.826,2.091,-98.85,0,0,,2858.228,,,,,,,,,,,2878.935,,2857.536,3,,456,0,,,,,,,,,,,,,,,,,,,0.055,-37.334,0.042,-17.856,-18.836,-44.417,-14.637,-58.991,18.75,-46.544,5.159,-65.923,41.447,-95.538,-3.992,-119.928,-50.266,-101.393,-0.114,-37.434,,"Sabo_10",0.021,-17.9,,"SUGUN",-18.864,-44.303,,"CoalCat",-14.549,-58.98,71,"schmoneymikey",18.487,-46.665,,"coder_",6.822,-64.181,,"まととまと",40.773,-94.769,,"Oort__Cloud",-3.521,-120.219,91,"Fresh825",-50.226,-101.39,,2865.885,0.192,-38.627,,,,,,,2861.684,-0.008,-59.615,,,,,,,,,,2857.543,-3.934,-99.748,,,,,,,,,,,,,2864.636,-2.117,-57.475,,,,,,,,,,2860.544,-3.647,-78.767,,,,"",1,0,"Oort__Cloud",2859.506,,,68,""
112,,4,0,2,1,0,0,1,0,1,0,255,17,255,40,2878.989,"소솨소솨",R,0,85,138,-3.763,-1.805,0.008,1.457,-1.7,0.432,-36.539,15.385,38,62,0,1,43.749,-44.76,0,0,0,4,4,R,"인생최패망자",190,80,0.346,,33,W,Y,0,,,,,,,,,,,,,,,,,,,,,,,,,,,,0,0,,,,,,,,,,,,,2893.938,,,,,,,,,,,,,,,,,,,,,,,,,0.04,-37.237,-0.096,-17.935,-19.072,-44.142,-15.265,-59.987,18.528,-46.794,8.615,-66.678,47.302,-110.227,-3.656,-118.54,-51.901,-100.456,,,,"",,,,"",,,,"",,,,"",,,,"",,,,"",,,,"",,,,"",,,,2884.141,-0.396,-37.088,,,,,,,,,,,,,,,,,,,,,,,,,,,,,,,,,,,,,,,,,,,,,,,,,,,,"",0,0,"",2882.209,,,0,""
113,,4,0,2,1,1,0,1,0,1,0,255,17,255,41,2894.545,"소솨소솨",R,26,42,101,2.334,1.307,0.434,1.837,1.088,2.242,-36.539,39.333,89,11,0,1,-41.122,-176.058,0,0,0,4,4,R,"인생최패망자",190,80,0.346,,33,W,Y,0,,,,,,,,,,,,,,,,,,,,,,,,,,,,0,0,,,,,,,,,,,,,2911.295,,,,,,,,,,,,,,,,,,,,,,,,,-0.068,-37.361,0.03,-18.086,-19.186,-44.153,-15.367,-59.708,18.406,-47.192,11.832,-65.759,46.555,-110.065,-3.776,-118.553,-51.921,-100.473,,,,"",,,,"",,,,"",,,,"",,,,"",,,,"",,,,"",,,,"",,,,2898.882,-0.276,-37.687,,,,,,,,,,,,,,,,,,,,,,,,,,,,,,,,,,,,,,,,,,,,,,,,,,,,"",0,0,"",2897.035,,,0,""
114,,4,0,2,1,2,0,1,0,1,0,255,17,255,42,2911.522,"소솨소솨",R,33,84,136,1.229,0.09,0.278,1.636,0.363,1.591,-36.539,19.431,46,54,0,2,117.266,-84.424,0,0,0,4,4,R,"인생최패망자",190,80,0.346,5,33,W,Y,1,2912.638,255,232,143,158,63,145,113,113.941,81.653,0.224,1.111,-21.391,0.89,0,0.433,69.028,164.596,401.593,,,,,,,,,0,0,,,,,,,,,,,,,2928.43,,,,,,,,,,,,,,,,,,,,,,,,,-0.036,-37.289,0.002,-18.08,-19.242,-44.219,-15.432,-59.688,19.23,-46.976,11.786,-65.457,46.429,-110.115,-4.168,-121.044,-51.912,-100.463,-0.067,-37.657,,"Sabo_10",0.046,-18.014,,"SUGUN",-19.054,-44.285,,"CoalCat",-15.692,-59.281,,"schmoneymikey",19.21,-46.976,,"coder_",11.759,-65.484,,"まととまと",46.438,-110.113,,"Oort__Cloud",-4.118,-121.048,,"Fresh825",-51.908,-100.457,,,,,,,,,,,,,,,,,,,,,,,,,,,,,,,,,,,,,,,,,,,,,,,,,,,,,,,,"",3,0,"",2916.233,,,0,""
115,,4,0,2,1,2,1,1,0,1,0,255,17,255,43,2929.686,"소솨소솨",R,34,88,140,0.366,-0.056,0.205,1.614,0.022,1.521,-36.539,14.31,46,54,0,2,96.873,-62.934,0,0,0,4,4,R,"인생최패망자",190,80,0.346,5,33,W,Y,1,2930.779,246,151,149,113,43,145,96,20.47,-23.168,0.068,0.996,-20.364,-0.64,0,0.412,183.467,109.201,12.438,2930.852,30.499,-95.354,2931.545,6,31.656,0.524,-98.164,1,4,,2936.537,2940.826,,,,,,2937.444,,,,,,2944.273,2,3,309,10,,,,,,,,,,,,,,,,,,,-0.048,-37.347,0.063,-18.057,-19.132,-44.228,-15.762,-60.156,19.839,-47.699,9.587,-66.767,52.049,-107.797,-3.827,-122.004,-50.789,-101.444,-0.183,-37.564,120,"Sabo_10",0.008,-18.053,124,"SUGUN",-18.975,-44.291,,"CoalCat",-15.622,-60.043,,"schmoneymikey",19.57,-47.1,85,"coder_",9.969,-66.027,,"まととまと",51.431,-108.836,87,"Oort__Cloud",-3.807,-121.975,,"Fresh825",-50.779,-101.444,,2941.127,5.778,-33.029,2942.3,1.128,-21.6,,,,,,,2944.02,18.935,-39.641,,,,2935.816,32.801,-99.303,,,,,,,2941.654,5.791,-29.824,2943.018,2.057,-22.327,,,,,,,2949.056,14.065,-44.554,,,,2937.14,29.768,-94.302,,,,,,,"",2,0,"まととまと",2940.826,2937.444,,138,""
116,,4,0,2,1,0,0,2,0,1,0,255,14,255,44,2965.953,"소솨소솨",R,33,93,140,-1.164,-0.567,0.049,1.522,-0.704,1.182,-36.539,6.956,41,59,0,0,145.139,-101.796,0,0,0,5,3,R,"Yaksok~",174,80,0.328,,33,W,Y,0,,,,,,,,,,,,,,,,,,,,,,,,,,,,0,0,,,,,,,,,,,,,2970.831,,,,,,,,,,,,,,,,,,,,,,,,,0.012,-37.399,0.053,-17.718,-19.75,-45.852,-15.923,-60.028,19.722,-46.651,8.095,-66.65,39.598,-97.579,-3.535,-117.308,-49.877,-97.483,,,,"",,,,"",,,,"",,,,"",,,,"",,,,"",,,,"",,,,"",,,,2969.885,-0.226,-37.545,,,,,,,,,,,,,,,,,,,,,,,,,,,,,,,,,,,,,,,,,,,,,,,,,,,,"",0,0,"",2969.014,,,0,""
117,,4,0,2,1,0,1,2,0,1,0,255,14,255,45,2980.478,"소솨소솨",R,33,87,140,1.842,-0.419,0.338,1.555,0.64,1.299,-36.539,9.409,45,55,0,2,112.795,-67.065,0,0,0,5,3,R,"Yaksok~",174,80,0.328,3,33,W,Y,1,2981.526,150,152,85,57,2,144,99,-15.29,19.095,0.261,0.662,-19.672,-0.05,0,0.111,-195.602,267.288,-100.214,2977.158,-0.484,-21.812,2979.132,3,-11.788,0.057,-54.999,0,0,,,,,,,,,2985.647,,,,,,2986.152,5,,147,64,,,,,,,,,,,,,,,,,,,0.122,-37.271,0.115,-17.849,-19.846,-45.744,-15.65,-60.12,19.233,-47.422,11.445,-65.182,39.42,-97.731,-3.467,-115.629,-49.888,-97.445,0.103,-37.462,,"Sabo_10",0.101,-17.844,,"SUGUN",-19.68,-45.725,,"CoalCat",-15.516,-59.977,83,"schmoneymikey",18.968,-47.139,,"coder_",11.899,-66.913,,"まととまと",39.423,-97.723,,"Oort__Cloud",-3.653,-115.109,,"Fresh825",-49.886,-97.492,,,,,,,,2985.607,-19.033,-40.606,2983.459,-12.498,-55.743,,,,,,,,,,,,,,,,,,,,,,,,,2984.759,-13.898,-51.679,,,,,,,,,,,,,,,,"",2,0,"CoalCat",,2985.647,,96,""
118,SIDE,4,0,2,1,0,0,2,0,0,1,255,255,14,,2986.916,,,,,,,,,,,,,,,,,,,,,,,6,,,,,,,,,,,,,,,,,,,,,,,,,,,,,,,,,,,,,,,0,0,,,,,,,,,,,,,,,,,,,,,,,,,,,,,,,,,,,,,,,,,,,,,,,,,,,,,,,,,,,,,,,,,,,,,,,,,,,,,,,,,,,,,,,,,,,,,,,,,,,,,,,,,,,,,,,,,,,,,,,,,,,,,,,,,,,,,,,,,,,,,,,,,"",0,0,"",,,,0,""
119,,5,1,2,1,0,0,0,0,0,0,255,255,255,64,3024.428,"눈꽃",R,27,81,132,1.399,-0.075,0.311,2.13,0.529,1.389,-36.64,40.759,90,10,0,2,48.108,-122.659,0,0,0,2,7,R,"Oort__Cloud",160,80,0.2,5,33,W,Y,1,3025.455,255,156,79,35,16,138,82,16.23,19.864,0.259,0.839,-20.427,-0.65,0,0.2,56.746,303.33,232.931,3023.785,-19.501,-67.136,3023.932,3,-18.125,1.304,-64.231,0,0,,,,,,,,,,,,,,,3028.512,2,,452,0,,,,,,,,,,,,,,,,,,,-0.121,-37.71,-0.009,-17.799,-22.63,-48.489,-13.371,-64.915,17.59,-46.493,11.869,-60.423,47.31,-101.628,-0.92,-103.409,-42.634,-95.589,0.266,-37.213,,"가앤슬_",0.032,-17.873,,"Pring__",-22.196,-48.215,,"Yaksok~",-13.977,-66.33,106,"인생최패망자",17.574,-46.244,,"TaeGeuk_",12.229,-60.915,,"kneesohime",47.335,-101.748,,"ByeolBam",-1.013,-103.518,,"HANA_ARASHI",-42.54,-95.583,,3030.486,-0.47,-38.429,,,,,,,3028.518,-18.433,-64.914,,,,,,,,,,,,,,,,,,,,,,,,,3029.316,-15.68,-60.859,,,,,,,,,,,,,,,,"",1,0,"Yaksok~",,,,288,""
120,,5,1,2,1,0,0,1,0,0,0,255,255,255,65,3046.454,"눈꽃",R,27,79,129,-0.304,0.861,0.189,2.068,-0.19,1.993,-36.64,27.41,84,16,0,2,33.775,-128.839,0,0,0,3,1,L,"Sabo_10",185.3,87.575,0.449,5,33,W,Y,1,3047.343,233,175,148,143,46,145,130,29.268,37.567,-0.022,1.389,-21.032,0.71,0,0.535,199.321,-282.595,-455.796,3048.705,-66.453,-123.395,,,,,,0,0,,3053.051,3057.547,3062.502,3067.491,,,,,,,,,,,,,,,,,,,,,,,,,,,,,,,,,-0.218,-37.583,0.004,-17.972,-22.09,-48.385,-9.866,-66.781,17.588,-44.985,10.198,-61.004,57.795,-92.735,6.639,-105.352,-38.898,-97.688,0.173,-37.381,,"가앤슬_",-0.019,-18.013,,"Pring__",-22.084,-48.36,,"Yaksok~",-10.283,-67.774,,"인생최패망자",17.262,-44.293,,"TaeGeuk_",12.404,-60.113,,"kneesohime",56.353,-90.266,,"ByeolBam",7.638,-105.448,,"HANA_ARASHI",-38.713,-97.314,,,,,,,,,,,,,,,,,,,,,,,,,,,,,,,,,,,,,,,,,,,,,,,,,,,,,,,,"",4,0,"",3057.547,3062.502,,0,""
121,,5,1,3,1,0,0,1,0,0,0,255,255,255,66,3089.503,"눈꽃",R,26,98,140,1.79,-0.681,0.208,1.71,0.386,1.01,-36.64,16.635,45,55,0,2,44.566,-171.741,0,0,0,4,5,R,"coder_",175.8,80,0.302,5,33,W,Y,1,3090.487,255,48,101,73,42,145,129,107.695,4.544,0.036,0.7,-20.553,0.68,0,0.532,224.827,552.001,-45.466,,,,,,,,,0,0,,,,,,,,,,,,,,,,,,,,,,,,,,,,,,,,,,,,,,-0.126,-37.753,0.072,-17.898,-22.03,-47.197,-14.256,-64.522,17.986,-45.961,11.773,-58.827,51.482,-94.433,0.011,-105.761,-38.986,-96.358,0.229,-37.36,,"가앤슬_",0.056,-18.077,,"Pring__",-21.817,-47.025,,"Yaksok~",-15.086,-65.778,,"인생최패망자",17.31,-45.16,,"TaeGeuk_",11.798,-58.838,,"kneesohime",52.687,-94.477,,"ByeolBam",0.188,-106.061,,"HANA_ARASHI",-38.615,-95.502,,,,,,,,,,,,,,,,,,,,,,,,,,,,,,,,,,,,,,,,,,,,,,,,,,,,,,,,"",3,0,"",,,,0,""
122,,5,1,3,1,0,1,1,0,0,0,255,255,255,67,3104.328,"눈꽃",R,0,68,120,1.632,0.252,0.387,1.899,0.715,1.759,-36.64,17.815,56,44,0,2,-9.79,19.07,0,0,0,4,5,R,"coder_",175.8,80,0.302,5,33,W,Y,1,3105.415,255,141,139,91,58,145,84,-0.78,26.122,0.287,1.12,-21.247,1,0,0.467,-12.341,465.873,377.903,3101.479,-5.873,-33.249,3103.519,3,-21.167,0.059,-58.309,0,0,,3110.358,,,,,,,,,,,,,3110.475,4,,147,32,,,,,,,,,,,3112.643,2,,,,,,,0.031,-37.716,0.044,-17.865,-21.985,-47.423,-14.507,-64.692,17.284,-45.154,14.264,-60.16,52.678,-90.39,-0.244,-107.588,-41.156,-94.379,0.413,-37.352,,"가앤슬_",0.085,-17.961,,"Pring__",-21.794,-47.252,85,"Yaksok~",-15.232,-66.088,106,"인생최패망자",16.973,-44.762,,"TaeGeuk_",11.269,-64.749,,"kneesohime",52.158,-90.462,,"ByeolBam",0.115,-107.859,,"HANA_ARASHI",-40.942,-94.698,,3115.011,-0.243,-38.655,,,,3109.777,-20.096,-40.405,3108.211,-20.625,-58.929,,,,,,,,,,,,,,,,,,,,,,3113.859,-18.11,-39.694,3109.225,-21.982,-53.256,,,,,,,,,,,,,,,,"",2,0,"Yaksok~",,,,416,""
123,,5,1,3,1,0,0,2,0,0,0,255,255,255,68,3131.03,"눈꽃",R,0,77,127,-1.004,-1.249,-0.03,1.769,-0.437,0.808,-36.64,6.325,56,44,0,4,0,0,0,0,0,5,2,R,"SUGUN",190,82,0.5,,33,W,Y,1,,,,,,,,,,,,,,,,,,,,,,,,,,,,0,0,,,,,,,,,,,,,,,,,,,,,,,,,,,,,,,,,,,,3135.063,1,-0.206,-37.823,0.015,-17.981,-21.814,-47.226,-13.99,-64.334,17.596,-45.402,13.805,-61.813,49.45,-99.303,-1.049,-104.641,-42.429,-100.532,,,,"",,,,"",,,,"",,,,"",,,,"",,,,"",,,,"",,,,"",,,,3136.011,-0.121,-37.735,,,,,,,,,,,,,,,,,,,,,,,,,,,,,,,,,,,,,,,,,,,,,,,,,,,,"",0,0,"",,,,0,""
124,,5,1,3,1,0,1,2,0,0,0,255,255,255,69,3145.448,"눈꽃",R,13,69,111,-0.48,-1.285,0.351,1.862,0.113,1.317,-36.64,10.297,53,47,0,4,-180.299,400,0,0,0,5,2,R,"SUGUN",190,82,0.5,,33,W,Y,1,,,,,,,,,,,,,,,,,,,,,,,,,,,,0,0,,,,,,,,,,,,,,,,,,,,,,,,,,,,,,,,,,,,,,0.078,-37.871,-0.04,-17.699,-21.886,-47.335,-13.524,-64.748,17.576,-45.238,14.036,-63.728,51.894,-98.875,-0.235,-105.139,-43.006,-99.382,,,,"",,,,"",,,,"",,,,"",,,,"",,,,"",,,,"",,,,"",,,,3150.741,-0.3,-37.608,,,,,,,,,,,,,,,,,,,,,,,,,,,,,,,,,,,,,,,,,,,,,,,,,,,,"",0,0,"",,,,0,""
125,,5,1,3,1,0,2,2,0,0,0,255,255,255,70,3160.864,"눈꽃",R,39,32,84,0.79,-0.015,0.179,1.727,-0.148,1.342,-36.64,24.535,61,39,0,2,190.909,-200,0,0,0,5,2,R,"SUGUN",190,82,0.5,3,33,W,Y,1,3162.163,255,87,80,107,41,145,97,16.455,7.959,0.136,1.067,-20.915,-0.51,0,0.22,72.735,141.463,261.083,3160.958,-11.665,-89.624,3162.105,7,-14.551,0.425,-98.271,1,0,,3167.904,,,,,,,,,,,,,,,,,,,,,,,,,,,,,,,,,,,,-0.248,-37.736,0.037,-17.986,-21.823,-47.315,-13.759,-64.738,17.36,-45.434,13.722,-63.016,52.009,-98.808,-0.144,-106.149,-41.46,-97.526,0.084,-37.387,,"가앤슬_",0.031,-18.253,,"Pring__",-21.761,-47.214,,"Yaksok~",-14.493,-66.491,,"인생최패망자",17.056,-45.073,,"TaeGeuk_",13.391,-63.159,87,"kneesohime",51.977,-98.815,,"ByeolBam",-0.135,-106.136,107,"HANA_ARASHI",-41.472,-97.524,,3172.852,0.662,-39.148,,,,,,,,,,,,,3169.498,-0.85,-59.945,,,,3166.668,-14.289,-99.55,,,,,,,,,,,,,,,,,,,3171.793,-0.551,-57.489,,,,3167.847,-14.825,-92.449,,,,"",2,0,"ByeolBam",,,,324,""
126,,5,1,3,1,0,0,2,1,0,0,2,255,255,71,3185.804,"눈꽃",R,45,53,96,-0.923,-0.551,0.01,1.709,-0.887,1.027,-36.64,15.558,57,43,0,0,218.182,-200,0,0,0,6,3,R,"CoalCat",169.5,83,0.397,,33,W,Y,0,,,,,,,,,,,,,,,,,,,,,,,,,,,,0,0,,,,,,,,,,,,3202.229,,,,,,,,,,,,,,,,,,,,,,,,3190.196,1,-0.23,-37.743,-0.024,-17.937,-18.901,-39.66,-14.478,-64.423,16.94,-45.192,6.057,-57.316,49.619,-101.361,-0.744,-103.043,-44.529,-96.023,,,,"",,,,"",,,,"",,,,"",,,,"",,,,"",,,,"",,,,"",,,,3192.537,-0.237,-37.77,,,,,,,,,,,,,,,,,,,,,,,,,,,,,,,,,,,,,,,,,,,,,,,,,,,,"",0,0,"",,,,0,""
127,,5,1,3,1,0,1,2,1,0,0,2,255,255,72,3203.769,"눈꽃",R,10,80,108,-1.453,-1.552,0.048,1.82,-0.633,1.333,-36.64,19.487,48,52,0,2,0,400,0,0,0,6,3,R,"CoalCat",169.5,83,0.397,3,33,W,Y,1,3204.866,255,157,93,65,50,145,35,-32.76,38.103,-0.234,0.712,-22.182,-1,0,0.759,114.227,-195.74,-132.644,3200.292,-0.974,-23.129,3202.999,0,-7.493,0.057,-33.007,0,0,,3209.612,,,,,,,,,,,,,3209.524,6,,147,256,,,,,,,,,,,,,,,,,,,-0.247,-37.719,-0.033,-18.11,-19.483,-39.665,-14.361,-64.491,17.139,-45.218,10.53,-59.657,49.373,-103.024,0.016,-104.662,-41.852,-93.944,-0.134,-37.09,118,"가앤슬_",-0.022,-18.294,,"Pring__",-17.985,-42.576,,"Yaksok~",-14.881,-66.032,,"인생최패망자",16.854,-44.815,,"TaeGeuk_",10.237,-60.688,,"kneesohime",49.344,-102.996,,"ByeolBam",0.01,-104.649,,"HANA_ARASHI",-41.799,-93.727,,3207.753,-7.46,-33.635,,,,3208.857,-19.167,-39.695,,,,,,,,,,,,,,,,,,,3208.421,-10.601,-35.316,,,,,,,,,,,,,,,,,,,,,,,,,"",2,0,"눈꽃",,,,384,""
128,SIDE,5,1,3,1,0,0,2,1,0,0,2,255,255,,3210.887,,,,,,,,,,,,,,,,,,,,,,,7,,,,,,,,,,,,,,,,,,,,,,,,,,,,,,,,,,,,,,,0,0,,,,,,,,,,,,,,,,,,,,,,,,,,,,,,,,,,,,,,,,,,,,,,,,,,,,,,,,,,,,,,,,,,,,,,,,,,,,,,,,,,,,,,,,,,,3250.557,0.196,-38.003,,,,,,,,,,,,,,,,,,,,,,,,,,,,,,,,,,,,,,,,,,,,,,,,,,,,"",0,0,"",,,,0,""
129,,5,0,3,1,0,0,0,0,0,0,255,255,255,46,3260.173,"소솨소솨",R,34,89,140,-0.26,-0.444,0.146,1.549,-0.252,1.284,-36.539,3.194,42,58,0,0,99.364,-65.568,0,0,0,6,5,R,"TaeGeuk_",176.6,90.533,0.624,,33,W,Y,1,,,,,,,,,,,,,,,,,,,,,,,,,,,,0,0,,,,,,,,,,,,,,,,,,,,,,,,,,,,,,,,,,,,,,0.011,-37.273,-0.001,-17.969,-20.29,-47.236,-14.975,-59.731,20.421,-52.756,11.339,-65.842,41.587,-95.623,-3.468,-120.744,-49.664,-96.113,,,,"",,,,"",,,,"",,,,"",,,,"",,,,"",,,,"",,,,"",,,,3263.296,-0.356,-37.395,,,,,,,,,,,,,,,,,,,,,,,,,,,,,,,,,,,,,,,,,,,,,,,,,,,,"",0,0,"",,,,0,""
130,,5,0,3,1,0,1,0,0,0,0,255,255,255,47,3272.706,"소솨소솨",R,33,87,140,0.973,-0.338,0.26,1.568,0.28,1.351,-36.539,5.611,46,54,0,2,101.117,-59.553,0,0,0,6,5,R,"TaeGeuk_",176.6,90.533,0.624,3,33,W,Y,1,3273.455,242,90,107,85,20,145,113,0.48,37.657,-0.067,0.815,-20.282,0.06,0,0.205,250.682,538.479,84.843,3269.265,-13.192,-36.472,3269.918,2,-18.231,0.086,-42.129,0,0,,,,,,,,,,,,,,,3276.331,6,,147,0,,,,,,,,,,,3275.743,2,,,,,,,0.077,-37.343,0.124,-18.11,-20.319,-47.064,-15.022,-59.819,20.455,-52.776,11.27,-65.861,41.003,-96.114,-3.209,-114.564,-49.67,-96.136,0.109,-37.407,,"Sabo_10",0.081,-18.06,,"SUGUN",-20.203,-47.107,85,"CoalCat",-14.942,-59.654,,"schmoneymikey",20.441,-52.765,,"coder_",11.059,-66.362,,"まととまと",40.635,-96.116,,"Oort__Cloud",-3.219,-114.556,,"Fresh825",-49.671,-96.135,,3277.757,-0.601,-38.504,,,,3274.784,-19.131,-43.669,,,,,,,,,,,,,,,,,,,,,,,,,3276.727,-16.918,-38.941,,,,,,,,,,,,,,,,,,,"",2,0,"SUGUN",,,,32,""
131,,5,0,3,1,0,0,1,0,0,0,255,255,255,48,3290.442,"소솨소솨",R,34,79,129,-1.883,-1.101,0.007,1.45,-0.898,0.934,-36.539,7.651,41,59,0,1,51.949,-29.561,0,0,0,7,2,L,"Pring__",175,90.741,0.451,,78,W,Y,0,,,,,,,,,,,,,,,,,,,,,,,,,,,,0,0,,,,,,,,,,,,,,,,,,,,,,,,,,,,,,,,,,,,,,-0.06,-37.287,0.047,-17.957,-20.003,-45.855,-10.754,-63.731,22.053,-51.897,11.755,-65.865,56.583,-105.321,2.323,-121.006,-46.271,-98.714,,,,"",,,,"",,,,"",,,,"",,,,"",,,,"",,,,"",,,,"",,,,3294.315,-0.436,-37.321,,,,,,,,,,,,,,,,,,,,,,,,,,,,,,,,,,,,,,,,,,,,,,,,,,,,"",0,0,"",,,,0,""
132,,5,0,3,1,1,0,1,0,0,0,255,255,255,49,3304.602,"소솨소솨",R,33,90,140,1.631,-0.364,0.309,1.566,0.506,1.341,-36.539,11.258,35,65,0,2,145.018,-55.502,0,0,0,7,2,L,"Pring__",175,90.741,0.451,3,78,W,Y,1,3305.52,255,149,83,101,70,145,81,33.404,-47.284,0.295,0.879,-21.259,1,0,0.58,332.142,-189.352,-438.957,3304.385,47.27,-59.854,,,,,,0,0,,,,,,,,,,,,,,,,,,,,,,,,,,,,,,,,,,,,,,0.081,-37.322,0.02,-17.937,-19.633,-45.727,-11.677,-62.447,21.717,-50.362,11.718,-65.566,56.533,-105.561,2.435,-121.003,-42.416,-101.222,0.068,-37.461,,"Sabo_10",0.037,-17.955,,"SUGUN",-19.464,-45.687,,"CoalCat",-11.503,-62.342,,"schmoneymikey",21.702,-50.362,,"coder_",12.661,-67.609,,"まととまと",56.528,-105.562,,"Oort__Cloud",2.357,-121.016,,"Fresh825",-42.44,-101.232,,,,,,,,,,,,,,,,,,,,,,,,,,,,,,,,,,,,,,,,,,,,,,,,,,,,,,,,"",3,0,"",,,,0,""
133,,5,0,3,1,1,1,1,0,0,0,255,255,255,50,3322.483,"소솨소솨",R,34,82,133,-2.281,-0.007,-0.04,1.619,-1.116,1.527,-36.539,2.368,44,56,0,2,85.459,-70.78,0,0,0,7,2,L,"Pring__",175,90.741,0.451,3,78,W,Y,1,3323.479,255,131,112,105,80,145,98,27.67,-4.8,-0.41,0.98,-21.058,-0.13,0,0.613,-6.528,-185.322,-141.892,3323.185,10.568,-102.142,3323.705,7,10.646,0.425,-102.591,1,0,,3328.864,,,,,,,,,,,,,,,,,,,,,,,,,,,,,,,,,,,,-0.103,-37.368,0.015,-17.943,-19.525,-44.911,-11.89,-63.99,21.264,-50.572,12.088,-65.492,57.256,-103.912,2.229,-122.759,-42.418,-100.966,-0.297,-37.495,120,"Sabo_10",-0.049,-18.001,,"SUGUN",-19.036,-45.687,61,"CoalCat",-11.773,-63.921,63,"schmoneymikey",21.245,-50.546,,"coder_",12.884,-66.555,,"まととまと",56.633,-104.629,,"Oort__Cloud",2.252,-122.738,95,"Fresh825",-42.417,-100.964,,3335.544,0.162,-38.538,,,,3352.462,-18.755,-39.589,3331.649,0.335,-59.499,,,,,,,,,,3328.588,10.569,-103.702,,,,3351.659,-2.016,-38.041,,,,3355.574,-15.045,-42.008,3334.107,-0.503,-57.474,,,,,,,,,,3329.721,9.488,-95.95,,,,"",2,0,"Oort__Cloud",,,,100,""
134,,5,0,3,1,0,0,1,1,0,0,12,255,255,51,3368.912,"소솨소솨",R,33,90,140,0.745,-0.359,0.231,1.557,0.146,1.338,-36.539,7.643,34,66,0,2,127.297,-54.771,0,0,0,8,0,L,"눈꽃",190,85,0.505,3,33,W,Y,1,3370.154,254,77,88,67,28,145,129,26.23,-31.052,0.213,0.922,-20.009,0.69,0,0.425,513.849,-300.74,65.688,3370.612,69.903,-118.31,,,,,,0,0,,3375.88,3380.418,3385.523,3390.665,3375.001,3379.759,3384.579,,,,,,,,,,,,,,,,,,,,,,,,,,,,,,0.06,-37.332,-0.018,-17.945,-19.734,-40.571,-8.015,-58.775,16.449,-44.125,12.125,-65.49,55.612,-105.776,2.786,-122.421,-43.875,-108.644,-0.155,-37.661,,"Sabo_10",-0.009,-18.028,,"SUGUN",-18.78,-44.356,,"CoalCat",-7.861,-58.746,,"schmoneymikey",16.428,-44.036,,"coder_",13.014,-67.926,,"まととまと",55.612,-105.778,,"Oort__Cloud",2.892,-122.395,,"Fresh825",-43.87,-108.636,,,,,,,,,,,,,,,,,,,,,,,,,,,,,,,,,,,,,,,,,,,,,,,,,,,,,,,,"",4,0,"",3375.001,3379.759,3384.579,0,""
135,,5,0,3,3,0,0,1,0,0,0,255,255,255,52,3413.797,"소솨소솨",R,33,88,140,-0.023,-0.217,0.157,1.577,-0.2,1.402,-36.539,11.438,41,59,0,0,137.938,-83.256,0,0,0,0,6,R,"kneesohime",190,85,0.497,,78,W,Y,1,,,,,,,,,,,,,,,,,,,,,,,,,,,,0,0,,,,,,,,,,,,,,,,,,,,,,,,,,,,,,,,,,,,,,-0.076,-37.248,-0.029,-17.948,-19.218,-45.269,-13.66,-61.124,21.27,-50.62,11.099,-65.789,44.365,-99.435,-2.824,-117.293,-52.802,-104.299,,,,"",,,,"",,,,"",,,,"",,,,"",,,,"",,,,"",,,,"",,,,,,,,,,,,,,,,,,,,,,,,,,,,,,,,,,,,,,,,,,,,,,,,,,,,,,,,,,"",0,0,"",,,,0,""
136,,5,0,3,3,0,1,1,0,0,0,255,255,255,53,3427.838,"소솨소솨",R,34,86,140,-0.543,0.036,0.122,1.628,-0.364,1.567,-36.539,6.273,42,58,0,2,92.025,-75.999,0,0,0,0,6,R,"kneesohime",190,85,0.497,0,78,W,Y,1,3428.964,255,117,133,94,55,145,92,91.34,-87.882,-0.358,0.934,-19.579,1,0,0.25,56.035,533.492,81.954,,,,,,,,,0,0,,,,,,,,,,,,,,,3442.998,0,,578,0,,,,,,,,,,,,,,,,,,,0.071,-37.235,-0.018,-17.933,-19.308,-45.375,-13.602,-61.192,20.969,-49.707,11.361,-65.865,44.296,-100.681,-2.918,-117.271,-52.837,-104.321,-0.052,-37.552,,"Sabo_10",-0.079,-17.924,,"SUGUN",-19.152,-45.38,,"CoalCat",-13.725,-60.882,,"schmoneymikey",20.958,-49.699,,"coder_",11.08,-68.9,,"まととまと",44.287,-100.724,,"Oort__Cloud",-2.832,-117.24,,"Fresh825",-52.834,-104.313,,,,,,,,,,,,,,,,,,,,,,,,,,,,,,,,,,,,,,,,,,,,,,,,,,,,,,,,"",3,0,"",,,,0,""
137,,5,0,3,3,0,2,1,0,0,0,255,255,255,54,3476.793,"소솨소솨",R,3,70,100,-0.539,-0.133,0.365,1.657,0.511,1.658,-36.539,16.39,55,45,0,2,-363.547,75.957,0,0,0,0,6,R,"kneesohime",190,85,0.497,3,79,W,Y,1,3478.084,255,157,111,111,76,145,87,27.75,49.447,-0.069,1.018,-20.908,1,0,0.414,98.88,211.899,544.962,3475.759,-43.188,-54.635,,,,,,0,0,,,,,,,,,,,,,,,,,,,,,,,,,,,,,,,,,,,,,,0.086,-37.266,0.018,-18.044,-19.32,-45.33,-15.592,-59.929,21.001,-49.747,10.87,-66.178,36.42,-100.707,-2.837,-116.717,-52.819,-103.661,0.055,-37.922,,"Sabo_10",0.051,-17.968,,"SUGUN",-19.051,-45.433,,"CoalCat",-15.483,-59.819,,"schmoneymikey",20.972,-49.72,,"coder_",11.092,-69.113,,"まととまと",36.403,-101.671,,"Oort__Cloud",-3.038,-116.716,,"Fresh825",-52.811,-103.64,,,,,,,,,,,,,,,,,,,,,,,,,,,,,,,,,,,,,,,,,,,,,,,,,,,,,,,,"",3,0,"",,,,0,""
138,,5,0,3,3,0,2,1,0,0,0,255,255,255,55,3493.763,"소솨소솨",R,33,86,139,1.97,0.205,0.351,1.665,0.701,1.685,-36.539,23.59,47,53,0,2,107.444,-60.157,0,0,0,0,6,R,"kneesohime",190,85,0.497,0,79,W,Y,1,3494.893,235,67,117,70,36,145,133,-30,-9.979,0.213,0.857,-19.739,0.43,0,0.189,-357.91,391.315,249.815,3489.692,0.453,-21.111,3491.692,5,8.201,2.785,-65.486,0,0,,3500.867,,,,,,,,,,,,,3500.55,0,,147,16,,,,,,,,,,,3500.001,2,,,,,,,-0.016,-37.296,0.073,-17.915,-19.904,-45.811,-15.721,-61.339,21.033,-49.652,10.792,-65.457,45.838,-103.018,-3.413,-116.294,-53.193,-100.184,0.197,-37.501,,"Sabo_10",0.066,-17.772,,"SUGUN",-19.654,-45.663,66,"CoalCat",-15.635,-61.198,,"schmoneymikey",20.996,-49.727,,"coder_",11.039,-68.011,94,"まととまと",45.543,-103.24,,"Oort__Cloud",-3.652,-116.264,,"Fresh825",-53.329,-100.096,,3504.481,-0.6,-37.955,,,,3499.272,-18.4,-43.23,,,,,,,3496.864,8.499,-66.654,,,,,,,,,,,,,,,,3503.315,-15.609,-39.547,,,,,,,3497.537,6.527,-63.409,,,,,,,,,,"",2,0,"coder_",,,,48,""
139,,5,0,3,3,0,0,2,0,0,0,255,255,255,56,3522.039,"소솨소솨",R,32,91,140,0.237,-0.1,0.174,1.605,-0.12,1.492,-36.539,9.311,39,61,0,2,162.044,-64.411,0,0,0,1,1,R,"가앤슬_",190,83.179,0.2,5,66,W,Y,1,3523.302,151,20,148,59,33,145,121,0,-70.361,0.047,0.923,-19.483,0.83,0,0.358,173.995,156.96,-298.346,3518.719,17.531,-25.851,,,,,,0,0,,,,,3528.057,,,,,,,,,,,,,,,,,,,,,,,,,,,,,,,,,0.025,-37.493,-0.023,-17.994,-19.595,-45.872,-15.13,-59.993,21.01,-49.87,11.048,-65.992,47.932,-110.463,-3.388,-117.799,-53.169,-98.81,-0.139,-37.704,,"Sabo_10",-0.049,-17.999,,"SUGUN",-19.598,-45.899,,"CoalCat",-14.974,-59.979,,"schmoneymikey",21.003,-49.881,,"coder_",11.065,-65.304,,"まととまと",47.914,-110.039,,"Oort__Cloud",-3.378,-117.794,,"Fresh825",-53.175,-98.82,,,,,,,,,,,,,,,,,,,,,,,,,,,,,,,,,,,,,,,,,,,,,,,,,,,,,,,,"",3,0,"",,,,0,""
140,,5,0,3,3,0,1,2,0,0,0,255,255,255,57,3541.476,"소솨소솨",R,13,74,112,-1.174,-1.081,0.227,1.57,0.125,1.377,-36.539,9.636,50,50,0,4,-358.58,348.454,0,0,0,1,1,R,"가앤슬_",190,83.179,0.2,,66,W,Y,1,,,,,,,,,,,,,,,,,,,,,,,,,,,,0,0,,,,,,,,,,,,,,,,,,,,,,,,,,,,,,,,,,,,,,0.023,-37.278,0.087,-18.088,-19.718,-46.589,-15.504,-58.989,21.086,-50.223,12.904,-64.699,48.726,-106.487,-4.381,-115.84,-50.976,-99.887,,,,"",,,,"",,,,"",,,,"",,,,"",,,,"",,,,"",,,,"",,,,,,,,,,,,,,,,,,,,,,,,,,,,,,,,,,,,,,,,,,,,,,,,,,,,,,,,,,"",0,0,"",,,,0,""
141,,5,0,3,3,0,2,2,0,0,0,255,255,255,58,3557.066,"소솨소솨",R,33,86,139,2.798,0.251,0.418,1.669,1.015,1.698,-36.539,25.938,43,57,0,2,140.383,-79.428,0,0,0,1,1,R,"가앤슬_",190,83.179,0.2,0,66,W,Y,1,3558.539,49,12,50,33,18,44,50,-59.787,-56.725,0.538,1.042,-19.153,0.97,0,0.301,-414.965,421.834,99.296,3553.412,1.384,-19.708,3557.092,,17.366,0.057,-39.826,0,0,,3564.554,,,,,,,,,,,,,3565.02,1,,147,128,,,,,,,,,,,,,,,,,,,0.042,-37.385,0.035,-17.966,-19.805,-46.425,-15.334,-59.317,21.039,-50.286,12.301,-65.56,46.285,-107.425,-4.313,-115.754,-51.448,-99.582,0.221,-37.811,,"Sabo_10",0.014,-17.941,,"SUGUN",-19.722,-46.365,83,"CoalCat",-15.216,-59.19,,"schmoneymikey",21.026,-50.246,94,"coder_",12.021,-65.281,,"まととまと",46.251,-107.136,,"Oort__Cloud",-4.277,-115.744,,"Fresh825",-51.445,-99.587,,,,,,,,3564.423,-17.784,-39.776,,,,3562.125,17.115,-39.207,,,,,,,,,,,,,,,,,,,3566.906,-17.579,-39.571,,,,3562.778,13.176,-39.298,,,,,,,,,,,,,"",2,0,"Mini_ByeolBam",,,,160,""
142,SIDE,5,0,3,3,0,0,2,0,0,0,255,255,255,,3567.181,,,,,,,,,,,,,,,,,,,,,,,2,,,,,,,,,,,,,,,,,,,,,,,,,,,,,,,,,,,,,,,0,0,,,,,,,,,,,,,,,,,,,,,,,,,,,,,,,,,,,,,,,,,,,,,,,,,,,,,,,,,,,,,,,,,,,,,,,,,,,,,,,,,,,,,,,,,,,,,,,,,,,,,,,,,,,,,,,,,,,,,,,,,,,,,,,,,,,,,,,,,,,,,,,,,"",0,0,"",,,,0,""
143,,6,1,3,3,0,0,0,0,0,0,255,255,255,0,3631.505,"Pring__",R,26,79,129,0.707,0.471,0.221,1.507,0.099,1.729,-36.396,28.145,58,42,0,2,139.226,-200,4.314,0,0,7,4,L,"schmoneymikey",190,80,0.297,5,33,W,Y,1,3632.632,182,151,180,37,0,145,123,0,-84.584,0.133,1.178,-19.902,0.8,0,0.31,163.389,-31.494,161.024,3628.052,25.519,-22.279,,,,,,0,0,,,,,,,,,,,,,,,,,,,,,,,,,,,,,,,,,,,,,,-0.084,-37.22,-0.025,-17.964,-20.538,-47.899,-10.973,-66.195,17.497,-44.92,16.354,-59.073,54.626,-92.141,0.292,-111.059,-44.929,-103.059,-0.093,-37.236,,"가앤슬_",0.029,-18.13,,"눈꽃",-19.997,-48.902,,"Yaksok~",-11.532,-67.552,,"인생최패망자",17.23,-44.485,,"TaeGeuk_",16.35,-59.066,,"kneesohime",53.965,-93.376,,"ByeolBam",1.675,-110.513,,"HANA_ARASHI",-44.782,-102.907,,,,,,,,,,,,,,,,,,,,,,,,,,,,,,,,,,,,,,,,,,,,,,,,,,,,,,,,"",3,0,"",,,,0,""
144,,6,1,3,3,0,1,0,0,0,0,255,255,255,1,3648.411,"Pring__",R,13,78,104,-0.726,-0.594,0.323,1.405,0.381,1.699,-36.396,33.214,39,61,0,0,-363.89,319.162,2.402,0,0,7,4,L,"schmoneymikey",190,80,0.297,,33,W,Y,1,,,,,,,,,,,,,,,,,,,,,,,,,,,,0,0,,,,,,,,,,,,,,,,,,,,,,,,,,,,,,,,,,,,,,0.007,-37.276,-0.047,-17.957,-21.449,-47.304,-10.756,-66.294,17.977,-45.201,16.343,-58.626,54.107,-92.882,1.78,-111.631,-40.416,-102.476,,,,"",,,,"",,,,"",,,,"",,,,"",,,,"",,,,"",,,,"",,,,,,,,,,,,,,,,,,,,,,,,,,,,,,,,,,,,,,,,,,,,,,,,,,,,,,,,,,"",0,0,"",,,,0,""
145,,6,1,3,3,0,2,0,0,0,0,255,255,255,2,3666.785,"Pring__",R,32,88,140,0.502,-1.205,0.184,1.287,-0.076,0.694,-36.396,16.394,50,50,0,1,226.432,-200,28.443,0,0,7,4,L,"schmoneymikey",190,80,0.297,,33,W,Y,0,,,,,,,,,,,,,,,,,,,,,,,,,,,,0,0,,,,,,,,,,,,,,,,,,,,,,,,,,,,,,,,,,,,,,0.022,-37.256,0.033,-18.091,-21.28,-47.154,-10.539,-66.48,17.63,-44.964,15.394,-58.698,51.44,-96.692,2.484,-110.819,-41.309,-102.942,,,,"",,,,"",,,,"",,,,"",,,,"",,,,"",,,,"",,,,"",,,,,,,,,,,,,,,,,,,,,,,,,,,,,,,,,,,,,,,,,,,,,,,,,,,,,,,,,,"",0,0,"",,,,0,""
146,,6,1,3,3,1,2,0,0,0,0,255,255,255,3,3683.06,"Pring__",R,32,82,133,-0.476,-0.233,0.066,1.336,-0.624,1.18,-36.396,16.299,49,51,0,2,250,-200,30.51,0,0,7,4,L,"schmoneymikey",190,80,0.297,5,33,W,Y,1,3684.188,255,151,179,149,0,145,125,103.375,89.261,-0.087,0.964,-20.824,0.23,0,0.423,311.046,-378.014,-346.923,,,,,,,,,0,0,,,,,,,,,,,,,,,,,,,,,,,,,,,,,,,,,,,,,,0.007,-37.398,-0.023,-17.942,-21.476,-47.212,-10.372,-66.45,17.871,-45.288,14.731,-58.161,51.436,-96.651,-0.719,-108.971,-42.971,-101.853,-0.282,-36.923,,"가앤슬_",-0.025,-18.151,,"눈꽃",-20.644,-47.79,,"Yaksok~",-10.794,-68.257,,"인생최패망자",17.631,-44.943,,"TaeGeuk_",14.726,-58.154,,"kneesohime",51.428,-96.661,,"ByeolBam",-0.72,-108.994,,"HANA_ARASHI",-42.873,-101.871,,,,,,,,,,,,,,,,,,,,,,,,,,,,,,,,,,,,,,,,,,,,,,,,,,,,,,,,"",3,0,"",,,,0,""
147,,6,1,3,3,1,2,0,0,0,0,255,255,255,4,3701.555,"Pring__",R,13,84,109,-1.599,-1.361,0.217,1.319,-0.259,1.3,-36.396,24.413,53,47,0,1,-237.957,400,29.299,0,0,7,4,L,"schmoneymikey",190,80,0.297,,33,W,Y,0,,,,,,,,,,,,,,,,,,,,,,,,,,,,0,0,,,,,,,,,,,,,,,,,,,,,,,,,,,,,,,,,,,,,,-0.023,-37.258,0.029,-17.99,-21.043,-48.232,-9.768,-66.84,17.007,-44.315,14.587,-57.266,46.084,-96.809,-0.091,-109.031,-41.827,-101.123,,,,"",,,,"",,,,"",,,,"",,,,"",,,,"",,,,"",,,,"",,,,,,,,,,,,,,,,,,,,,,,,,,,,,,,,,,,,,,,,,,,,,,,,,,,,,,,,,,"",0,0,"",,,,0,""
148,,6,1,3,3,2,2,0,0,0,0,255,255,255,5,3719.178,"Pring__",R,13,79,104,-0.839,-0.654,0.41,1.383,0.34,1.653,-36.396,33.27,24,76,0,2,-369.138,312.348,4.882,0,0,7,4,L,"schmoneymikey",190,80,0.297,0,33,W,Y,1,3720.449,255,151,40,146,23,128,82,9.861,-41.201,-0.119,0.831,-20.958,1,0,0.297,-442.349,256.95,-169.954,3716.332,16.676,-40.982,3716.505,4,15.13,0.501,-39.076,0,0,,,,,,,,,,,,,,,3721.973,7,,453,0,,,,,,,,,,,,,,,,,,,0.005,-37.098,-0.064,-17.811,-20.823,-47.371,-9.526,-66.703,17.163,-44.628,14.509,-58.287,45.873,-97.015,-0.342,-108.134,-41.3,-100.085,-0.095,-36.919,,"가앤슬_",-0.047,-17.999,,"눈꽃",-20.523,-47.73,,"Yaksok~",-10.394,-68.257,,"인생최패망자",16.942,-44.313,74,"TaeGeuk_",13.915,-59.482,,"kneesohime",45.877,-96.976,,"ByeolBam",-0.299,-108.141,,"HANA_ARASHI",-41.29,-100.107,,3724.816,0.278,-38.166,,,,,,,,,,3721.984,15.622,-39.749,,,,,,,,,,,,,,,,,,,,,,,,,3724.101,9.339,-39.395,,,,,,,,,,,,,"",1,0,"인생최패망자",,,,144,""
149,,6,1,3,3,0,0,1,0,0,0,255,255,255,6,3741.591,"Pring__",R,3,71,101,1.235,-0.372,0.61,1.271,1.27,1.41,-36.396,46.717,14,86,0,0,-377.074,0,0.925,0,0,8,9,L,"Kr_Luna",190,94.615,0.499,,33,W,Y,0,,,,,,,,,,,,,,,,,,,,,,,,,,,,0,0,,,,,,,,,,,,,,,,,,,,,,,,,,,,,,,,,,,,,,0.11,-37.082,-0.085,-17.835,-21.231,-48.3,-11.205,-65.994,17.345,-44.804,14.546,-58.696,46.337,-100.47,3.604,-110.048,-43.808,-97.059,,,,"",,,,"",,,,"",,,,"",,,,"",,,,"",,,,"",,,,"",,,,3746.534,-0.05,-37.875,,,,,,,,,,,,,,,,,,,,,,,,,,,,,,,,,,,,,,,,,,,,,,,,,,,,"",0,0,"",,,,0,""
150,,6,1,3,3,0,1,1,0,0,0,255,255,255,7,3756.624,"Pring__",R,32,86,139,-1.384,-0.542,0.012,1.217,-0.872,1.115,-36.396,19.095,32,68,0,0,214.979,-200,38.295,0,0,8,9,L,"Kr_Luna",190,94.615,0.499,,33,W,Y,0,,,,,,,,,,,,,,,,,,,,,,,,,,,,0,0,,,,,,,,,,,,,,,,,,,,,,,,,,,,,,,,,,,,,,-0.069,-37.31,0.01,-17.839,-20.955,-48.015,-11.231,-66.009,17.344,-44.796,14.271,-58.312,44.669,-99.923,0.468,-113.551,-43.792,-97.035,,,,"",,,,"",,,,"",,,,"",,,,"",,,,"",,,,"",,,,"",,,,3760.997,0.131,-37.813,,,,,,,,,,,,,,,,,,,,,,,,,,,,,,,,,,,,,,,,,,,,,,,,,,,,"",0,0,"",,,,0,""
151,,6,1,3,3,0,2,1,0,0,0,255,255,255,8,3770.708,"Pring__",R,13,80,105,0.132,-0.799,0.436,1.35,0.73,1.58,-36.396,34.034,28,72,0,2,-357.944,330.731,9.224,0,0,8,9,L,"Kr_Luna",190,94.615,0.499,5,66,W,Y,1,3771.635,149,31,95,47,40,144,129,-3.975,-11.175,0.081,0.736,-20.349,0.72,0,0.081,292.716,-396.156,34.712,3766.385,1.782,-28.696,3774.212,7,24.015,0.055,-131.251,1,0,,3777.394,3782.603,,,,,,,,,,,,,,,,,,,,,,,,,,,,,,,,,,,0.07,-37.158,-0.023,-17.866,-21.298,-47.877,-11.146,-66.386,17.308,-44.694,14.362,-58.761,44.6,-99.954,0.469,-113.59,-44.343,-98.424,0.017,-37.187,,"가앤슬_",-0.017,-17.883,,"눈꽃",-21.11,-47.791,,"Yaksok~",-11.351,-67.298,,"인생최패망자",16.925,-44.35,,"TaeGeuk_",14.358,-58.751,108,"kneesohime",44.612,-99.968,,"ByeolBam",1.129,-112.957,114,"HANA_ARASHI",-44.35,-98.412,,3786.324,-0.666,-40.311,,,,,,,,,,,,,3783.202,4.503,-72.793,,,,3779.766,23.761,-130.612,,,,,,,,,,,,,,,,,,,3785.21,6.685,-63.781,,,,3780.859,21.883,-125.454,,,,"",2,0,"ByeolBam",3782.603,,,196,""
152,,6,1,3,3,0,0,1,0,1,0,255,9,255,9,3803.196,"Pring__",R,32,82,134,0.642,-0.166,0.19,1.287,-0.046,1.342,-36.396,26.041,39,61,0,2,232.69,-200,20.974,0,0,0,8,L,"Fresh825",190,80,0.2,3,33,W,Y,1,3804.352,255,115,179,126,42,145,106,90.442,89.533,0.124,0.941,-20.018,-0.04,0,0.192,154.762,207.753,12.595,,,,,,,,,0,0,,,,,,,,,,,,,3818.664,,,,,,,,,,,,,,,,,,,,,,,,,-0.098,-37.168,-0.022,-17.86,-20.109,-46.412,-5.791,-61.84,18.246,-44.405,14.533,-60.425,46.494,-97.916,0.727,-114.138,-42.227,-98.425,-0.116,-37.272,,"가앤슬_",-0.022,-17.943,,"눈꽃",-20.106,-46.414,,"Yaksok~",-8.252,-62.417,,"인생최패망자",17.376,-44.374,,"TaeGeuk_",15.289,-60.332,,"kneesohime",46.464,-97.955,,"ByeolBam",0.73,-114.176,,"HANA_ARASHI",-41.799,-98.498,,,,,,,,,,,,,,,,,,,,,,,,,,,,,,,,,,,,,,,,,,,,,,,,,,,,,,,,"",3,0,"",3807.024,,,0,""
153,,6,1,3,3,0,1,1,0,1,0,255,9,255,10,3820.776,"Pring__",R,32,80,130,2.13,0.786,0.322,1.469,0.566,1.931,-36.396,33.404,39,61,0,4,242.76,-200,-0.16,0,0,0,8,L,"Fresh825",190,80,0.2,,49,W,Y,1,,,,,,,,,,,,,,,,,,,,,,,,,,,,0,0,,,,,,,,,,,,,3835.564,,,,,,,,,,,,,,,,,,,,,,,,,0.007,-37.31,-0.025,-17.836,-19.716,-46.407,-7.913,-62.242,17.714,-44.269,17.473,-59.731,56.075,-91.148,1.338,-112.476,-42.539,-98.342,,,,"",,,,"",,,,"",,,,"",,,,"",,,,"",,,,"",,,,"",,,,,,,,,,,,,,,,,,,,,,,,,,,,,,,,,,,,,,,,,,,,,,,,,,,,,,,,,,"",0,0,"",3823.689,,,0,""
154,,6,1,3,3,0,2,1,0,1,0,255,9,255,11,3837.635,"Pring__",R,13,77,103,0.028,-0.962,0.416,1.513,0.669,1.501,-36.396,35.563,33,67,0,4,-340.625,343.028,8.767,0,0,0,8,L,"Fresh825",190,80,0.2,,49,W,Y,1,,,,,,,,,,,,,,,,,,,,,,,,,,,,0,0,,,,,,,,,,,,,3856.168,,3840.443,0,,578,0,,,,,,,,,,,,,,,,,,,0.064,-37.312,0.011,-17.94,-20.025,-46.979,-6.818,-61.69,17.491,-44.741,14.339,-58.474,59.759,-91.759,1.301,-111.914,-42.152,-98.392,,,,"",,,,"",,,,"",,,,"",,,,"",,,,"",,,,"",,,,"",,,,,,,,,,,,,,,,,,,,,,,,,,,,,,,,,,,,,,,,,,,,,,,,,,,,,,,,,,"",0,0,"",3840.938,,,0,""
155,,6,1,3,3,0,0,2,0,1,0,255,9,255,12,3857.808,"Pring__",R,32,84,136,-0.024,-0.016,0.127,1.317,-0.338,1.426,-36.396,17.18,46,54,0,0,250,-200,30.347,0,0,1,6,R,"まととまと",179.8,90.039,0.45,,33,W,Y,0,,,,,,,,,,,,,,,,,,,,,,,,,,,,0,0,,,,,,,,,,,,,3874.753,,,,,,,,,,,,,,,,,,,,,,,,,-0.068,-37.204,0.043,-18.102,-21.493,-47.861,-14.29,-64.446,16.216,-44.98,11.071,-60.709,55.162,-94.451,-1.199,-113.092,-43.441,-99.295,,,,"",,,,"",,,,"",,,,"",,,,"",,,,"",,,,"",,,,"",,,,,,,,,,,,,,,,,,,,,,,,,,,,,,,,,,,,,,,,,,,,,,,,,,,,,,,,,,"",0,0,"",3862.083,,,0,""
156,,6,1,3,3,0,1,2,0,1,0,255,9,255,13,3875.785,"Pring__",R,13,80,117,-0.273,-1.05,0.291,1.355,0.422,1.557,-36.396,27.164,18,82,0,2,-381.044,323.737,11.226,0,0,1,6,R,"まととまと",179.8,90.039,0.45,0,33,W,Y,1,3876.934,234,60,72,120,68,145,131,27.878,13.346,-0.144,0.795,-20.203,0.51,0.048,0.277,194.97,144.143,-93.756,3876.799,-31.324,-136.273,,,,,,0,0,,3882.912,3887.411,3892.504,3897.659,,,,3881.741,3886.842,,,,,,,,,,,,,,,,,,,,,,,,,,,,0.019,-37.258,0.048,-17.697,-21.094,-47.81,-13.49,-65.037,16.288,-45.245,12.284,-58.56,55.168,-94.298,0.231,-113.195,-43.08,-99.411,0.05,-37.202,,"가앤슬_",0.027,-17.827,,"눈꽃",-21.088,-47.824,,"Yaksok~",-14.37,-66.275,,"인생최패망자",16.092,-44.774,,"TaeGeuk_",12.718,-59.015,,"kneesohime",54.172,-95.097,,"ByeolBam",0.231,-113.18,,"HANA_ARASHI",-43.075,-99.408,,,,,,,,,,,,,,,,,,,,,,,,,,,,,,,,,,,,,,,,,,,,,,,,,,,,,,,,"",4,0,"",3887.411,3881.741,3886.842,0,""
157,,6,1,5,3,0,0,2,0,0,0,255,255,255,14,3916.735,"Pring__",R,32,81,132,0.784,0.881,0.21,1.436,0.048,1.857,-36.396,28.552,29,71,0,0,211.265,-200,27.328,0,0,2,7,R,"Oort__Cloud",160,80,0.2,,33,W,Y,0,,,,,,,,,,,,,,,,,,,,,,,,,,,,0,0,,,,,,,,,,,,,,,,,,,,,,,,,,,,,,,,,,,,,,-0.036,-37.332,0.016,-18.024,-17.955,-43.595,-13.55,-65.008,16.555,-44.273,10.399,-59.045,54.487,-99.419,-0.649,-112.118,-42.799,-101.537,,,,"",,,,"",,,,"",,,,"",,,,"",,,,"",,,,"",,,,"",,,,,,,,,,,,,,,,,,,,,,,,,,,,,,,,,,,,,,,,,,,,,,,,,,,,,,,,,,"",0,0,"",,,,0,""
158,,6,1,5,3,0,1,2,0,0,0,255,255,255,15,3932.075,"Pring__",R,32,80,131,3.481,0.835,0.345,1.34,0.676,1.487,-36.396,38.677,0,100,0,4,250,-200,5.064,-0.693,-20.09,2,7,R,"Oort__Cloud",160,80,0.2,,33,W,Y,1,,,,,,,,,,,,,,,,,,,,,,,,,,,,0,0,,,,,,,,,,,,,,,,,,,,,,,,,,,,,,,,,,,,,,-0.101,-37.067,0.009,-17.891,-18.288,-43.137,-13.583,-64.995,16.323,-43.862,11.551,-63.389,47.535,-94.796,-0.691,-106.356,-42.518,-101.076,,,,"",,,,"",,,,"",,,,"",,,,"",,,,"",,,,"",,,,"",,,,,,,,,,,,,,,,,,,,,,,,,,,,,,,,,,,,,,,,,,,,,,,,,,,,,,,,,,"",0,0,"",,,,0,""
159,,6,1,5,3,0,2,2,0,0,0,255,255,255,16,3952.542,"Pring__",R,32,87,140,-3.355,-2.465,-0.059,1.183,-1.67,0.114,-36.396,18.822,33,67,0,1,209.043,-200,73.272,0,0,2,7,R,"Oort__Cloud",160,80,0.2,,33,W,Y,0,,,,,,,,,,,,,,,,,,,,,,,,,,,,0,0,,,,,,,,,,,,,,,,,,,,,,,,,,,,,,,,,,,,,,-0.109,-37.083,0.004,-18.029,-18.317,-43.141,-13.892,-64.915,16.204,-44.021,9.313,-64.312,46.947,-95.153,-0.723,-106.409,-43.509,-100.227,,,,"",,,,"",,,,"",,,,"",,,,"",,,,"",,,,"",,,,"",,,,,,,,,,,,,,,,,,,,,,,,,,,,,,,,,,,,,,,,,,,,,,,,,,,,,,,,,,"",0,0,"",,,,0,""
160,,6,1,5,3,1,2,2,0,0,0,255,255,255,17,3969.464,"Pring__",R,32,85,137,-0.825,-0.263,0.051,1.382,-0.691,1.257,-36.396,15.084,42,58,0,0,248.612,-200,24.37,0,0,2,7,R,"Oort__Cloud",160,80,0.2,,33,W,Y,0,,,,,,,,,,,,,,,,,,,,,,,,,,,,0,0,,,,,,,,,,,,,,,3972.174,2,,578,0,,,,,,,,,,,,,,,,,,,-0.032,-37.355,0.014,-18.046,-18.326,-43.161,-13.36,-65.142,16.274,-43.926,10.769,-64.659,46.917,-95.165,-0.816,-106.293,-45.531,-100.485,,,,"",,,,"",,,,"",,,,"",,,,"",,,,"",,,,"",,,,"",,,,,,,,,,,,,,,,,,,,,,,,,,,,,,,,,,,,,,,,,,,,,,,,,,,,,,,,,,"",0,0,"",,,,0,""
161,SIDE,6,1,5,3,0,0,2,0,0,0,255,255,255,,3975.39,,,,,,,,,,,,,,,,,,,,,,,3,,,,,,,,,,,,,,,,,,,,,,,,,,,,,,,,,,,,,,,0,0,,,,,,,,,,,,,,,,,,,,,,,,,,,,,,,,,,,,,,,,,,,,,,,,,,,,,,,,,,,,,,,,,,,,,,,,,,,,,,,,,,,,,,,,,,,,,,,,,,,,,,,,,,,,,,,,,,,,,,,,,,,,,,,,,,,,,,,,,,,,,,,,,"",0,0,"",,,,0,""
162,,6,0,5,3,0,0,0,0,0,0,255,255,255,59,4066.775,"coder_",R,26,82,133,0.385,-0.546,0.373,1.571,0.184,1.081,-36.821,17.577,61,39,0,0,-19.216,-200,23.968,0,0,2,7,R,"ByeolBam",175.3,90,0.5,,72,W,Y,0,,,,,,,,,,,,,,,,,,,,,,,,,,,,0,0,,,,,,,,,,,,,,,,,,,,,,,,,,,,,,,,,,,,,,0.109,-37.647,0.038,-17.93,-19.44,-45.157,-15.497,-61.372,15.54,-43.794,12.998,-64.574,42.281,-101.508,-4.272,-122.8,-45.73,-100.871,,,,"",,,,"",,,,"",,,,"",,,,"",,,,"",,,,"",,,,"",,,,,,,,,,,,,,,,,,,,,,,,,,,,,,,,,,,,,,,,,,,,,,,,,,,,,,,,,,"",0,0,"",,,,0,""
163,,6,0,5,3,0,1,0,0,0,0,255,255,255,60,4079.753,"coder_",R,13,74,114,-0.486,-0.922,0.332,1.709,-0.005,1.566,-36.821,18.894,82,18,0,2,-223.091,400,27.825,0,0,2,7,R,"ByeolBam",175.3,90,0.5,3,72,W,Y,1,4081.379,191,72,85,113,54,145,82,-30,63.217,-0.206,0.602,-20.496,1,0,0.191,-140.451,499.907,28.579,4075.452,-1.947,-21.367,,,,,,0,0,,,,,,,,,,,,,,,,,,,,,,,,,,,,,,,,,,,,,,0.123,-37.733,0.052,-17.918,-19.737,-46.084,-15.498,-61.477,16.074,-44.145,13.022,-64.414,42.974,-102.057,-4.256,-122.793,-45.694,-100.859,-0.085,-37.485,,"Sabo_10",0.064,-17.972,,"SUGUN",-19.452,-45.914,,"CoalCat",-15.337,-61.312,,"schmoneymikey",16.021,-44.181,,"소솨소솨",13.016,-64.332,,"まととまと",43.054,-101.93,,"Oort__Cloud",-4.256,-122.775,,"Fresh825",-45.713,-100.845,,,,,,,,,,,,,,,,,,,,,,,,,,,,,,,,,,,,,,,,,,,,,,,,,,,,,,,,"",3,0,"",,,,0,""
164,,6,0,5,3,0,2,0,0,0,0,255,255,255,61,4103.489,"coder_",R,27,73,125,2.075,1.662,0.464,1.912,0.753,2.432,-36.821,36.329,90,10,0,2,84.733,-116.01,2.812,0,0,2,7,R,"ByeolBam",175.3,90,0.5,3,72,W,Y,1,4104.793,162,69,63,60,20,137,80,103.417,-64.47,0.384,1.458,-19.99,-0.85,0,0.272,354.289,61.945,-480.252,,,,,,,,,0,0,,,,,,,,,,,,,,,,,,,,,,,,,,,,,,,,,,,,,,0.127,-37.68,0.034,-17.881,-20.052,-45.898,-15.808,-60.979,16.035,-44.192,13.305,-65.06,42.323,-99.79,-4.615,-123.201,-49.914,-100.164,-0.1,-37.746,,"Sabo_10",0.117,-17.944,,"SUGUN",-19.5,-45.827,,"CoalCat",-15.668,-60.86,,"schmoneymikey",15.832,-43.969,,"소솨소솨",13.324,-64.998,,"まととまと",43.071,-101.407,,"Oort__Cloud",-4.48,-123.193,,"Fresh825",-49.908,-100.166,,,,,,,,,,,,,,,,,,,,,,,,,,,,,,,,,,,,,,,,,,,,,,,,,,,,,,,,"",3,0,"",,,,0,""
165,,6,0,5,3,0,2,0,0,0,0,255,255,255,62,4122.226,"coder_",R,10,71,113,-2.004,-2.726,0.193,1.655,-0.876,0.223,-36.821,18.724,97,3,0,4,0,400,27.61,-0.333,-21.51,2,7,R,"ByeolBam",175.3,90,0.5,,72,W,Y,1,,,,,,,,,,,,,,,,,,,,,,,,,,,,0,0,,,,,,,,,,,,,,,4127.91,2,,147,8,,,,,,,,,,,4127.292,2,,,,,,,-0.053,-37.722,-0.043,-17.968,-19.645,-45.481,-16.456,-61.423,16.975,-45.034,12.891,-65.211,43.164,-98.574,-5.693,-123.553,-49.437,-98.458,,,,"",,,,"",,,,"",,,,"",,,,"",,,,"",,,,"",,,,"",,,,,,,,,,,,,,,,,,,,,,,,,,,,,,,,,,,,,,,,,,,,,,,,,,,,,,,,,,"",0,0,"",,,,0,""
166,,6,0,5,3,0,0,1,0,0,0,255,255,255,63,4141.627,"coder_",R,26,76,127,3.503,0.815,0.623,1.801,1.347,1.888,-36.821,33.838,86,14,0,1,100.008,-166.272,5.628,0,0,3,8,R,"HANA_ARASHI",174.8,90,0.25,,33,W,Y,0,,,,,,,,,,,,,,,,,,,,,,,,,,,,0,0,,,,,,,,,,,,,,,,,,,,,,,,,,,,,,,,,,,,,,0.318,-37.663,-0.005,-17.752,-19.519,-45.442,-15.913,-61.542,16.874,-44.881,13.712,-64.789,41.994,-98.325,-5.887,-123.582,-49.275,-98.599,,,,"",,,,"",,,,"",,,,"",,,,"",,,,"",,,,"",,,,"",,,,,,,,,,,,,,,,,,,,,,,,,,,,,,,,,,,,,,,,,,,,,,,,,,,,,,,,,,"",0,0,"",,,,0,""
167,,6,0,5,3,1,0,1,0,0,0,255,255,255,64,4153.092,"coder_",R,14,62,92,2.823,0.54,0.457,2.204,0.511,2.573,-36.821,49.755,87,13,0,1,295.328,353.996,20.46,0,0,3,8,R,"HANA_ARASHI",174.8,90,0.25,,33,W,Y,0,,,,,,,,,,,,,,,,,,,,,,,,,,,,0,0,,,,,,,,,,,,,,,,,,,,,,,,,,,,,,,,,,,,,,0.175,-37.749,0.021,-17.889,-19.381,-45.722,-15.907,-61.593,16.877,-44.875,12.783,-64.834,42.105,-98.394,-5.677,-123.473,-48.707,-98.89,,,,"",,,,"",,,,"",,,,"",,,,"",,,,"",,,,"",,,,"",,,,,,,,,,,,,,,,,,,,,,,,,,,,,,,,,,,,,,,,,,,,,,,,,,,,,,,,,,"",0,0,"",,,,0,""
168,,6,0,5,3,2,0,1,0,0,0,255,255,255,65,4163.275,"coder_",R,33,76,127,1.517,0.482,0.431,1.759,0.454,1.743,-36.821,34.513,92,8,0,2,122.921,-122.112,0.393,0,0,3,8,R,"HANA_ARASHI",174.8,90,0.25,5,33,W,Y,1,4164.409,160,149,154,66,31,145,102,29.222,51.034,0.281,1.111,-20.666,-0.07,0,0.625,402.182,416.408,157.652,4163.105,-71.67,-65.857,,,,,,0,0,,,,,,,,,,,,,,,,,,,,,,,,,,,,,,,,,,,,,,0.06,-37.528,-0.105,-17.832,-19.995,-46.077,-16.117,-61.4,16.878,-44.87,13.213,-64.928,42.469,-98.242,-5.747,-123.48,-48.591,-98.98,-0.005,-37.404,,"Sabo_10",0.044,-17.809,,"SUGUN",-19.427,-46.239,,"CoalCat",-15.987,-61.29,,"schmoneymikey",16.853,-44.876,,"소솨소솨",13.208,-64.924,,"まととまと",42.423,-98.212,,"Oort__Cloud",-5.676,-123.468,,"Fresh825",-48.644,-98.937,,,,,,,,,,,,,,,,,,,,,,,,,,,,,,,,,,,,,,,,,,,,,,,,,,,,,,,,"",3,0,"",,,,0,""
169,,6,0,5,3,2,1,1,0,0,0,255,255,255,66,4177.993,"coder_",R,12,69,120,1.462,-0.188,0.467,1.72,0.623,1.604,-36.821,15.648,80,20,0,2,0,90.916,20.59,0,0,3,8,R,"HANA_ARASHI",174.8,90,0.25,0,33,W,Y,1,4179.106,233,136,95,124,55,145,131,-15.037,-17.664,0.342,0.875,-21.08,0.68,0,0.678,52.972,56.053,-93.513,4173.105,1.285,-24.048,4174.838,5,15.089,0.142,-61.578,0,0,,4184.906,,,,,,,,,,,,,4183.774,3,,147,16,,,,,,,,,,,,,,,,,,,0.269,-37.724,0.012,-17.791,-19.712,-45.306,-12.917,-61.007,16.904,-44.848,13.013,-65.096,40.937,-96.98,-5.292,-122.551,-49.296,-100.723,-0.173,-37.687,,"Sabo_10",0.086,-17.76,,"SUGUN",-19.857,-45.722,85,"CoalCat",-13.8,-59.084,,"schmoneymikey",16.882,-44.828,,"소솨소솨",12.938,-65.064,116,"まととまと",41.25,-97.263,,"Oort__Cloud",-4.953,-122.151,,"Fresh825",-49.288,-100.767,,4185.902,-0.79,-38.56,,,,4183.181,-18.07,-40.192,,,,,,,4180.884,15.099,-62.205,,,,,,,,,,,,,,,,4184.878,-17.548,-39.998,,,,,,,4181.643,11.993,-59.738,,,,,,,,,,"",2,0,"소솨소솨",,,,48,""
170,,6,0,5,3,0,0,2,0,0,0,255,255,255,67,4198.191,"coder_",R,10,42,81,-1.903,0.654,0.194,2.409,-0.833,2.807,-36.821,60.528,100,0,0,4,0,400,2.833,0,0,4,4,R,"인생최패망자",190,80,0.346,,33,W,Y,1,,,,,,,,,,,,,,,,,,,,,,,,,,,,0,0,,,,,,,,,,,,,,,,,,,,,,,,,,,,,,,,,,,,,,0.055,-37.592,-0.01,-17.86,-19.917,-45.318,-14.757,-61.777,15.974,-44.035,13.833,-63.998,40.259,-100.051,-4.373,-124.757,-46.849,-99.889,,,,"",,,,"",,,,"",,,,"",,,,"",,,,"",,,,"",,,,"",,,,4205.256,-0.295,-37.787,,,,,,,,,,,,,,,,,,,,,,,,,,,,,,,,,,,,,,,,,,,,,,,,,,,,"",0,0,"",,,,0,""
171,,6,0,5,3,0,1,2,0,0,0,255,255,255,68,4212.173,"coder_",R,0,47,105,-0.685,1.239,0.384,2.102,-0.326,2.351,-36.821,56.492,97,3,0,4,7.997,-33.34,1.427,0,0,4,4,R,"인생최패망자",190,80,0.346,,33,W,Y,1,,,,,,,,,,,,,,,,,,,,,,,,,,,,0,0,,,,,,,,,,,,,,,,,,,,,,,,,,,,,,,,,,,,,,0.098,-37.588,-0.022,-17.841,-19.698,-45.312,-15.438,-61.119,15.85,-43.983,13.793,-64.015,39.126,-99.762,-3.925,-124.983,-46.739,-99.713,,,,"",,,,"",,,,"",,,,"",,,,"",,,,"",,,,"",,,,"",,,,4216.642,-0.16,-37.829,,,,,,,,,,,,,,,,,,,,,,,,,,,,,,,,,,,,,,,,,,,,,,,,,,,,"",0,0,"",,,,0,""
172,,6,0,5,3,0,2,2,0,0,0,255,255,255,69,4224.612,"coder_",R,29,61,102,-3.427,-0.285,-0.009,1.531,-1.063,1.216,-36.821,14.741,58,42,0,4,-205.064,-195.764,11.313,0,0,4,4,R,"인생최패망자",190,80,0.346,,33,W,Y,1,,,,,,,,,,,,,,,,,,,,,,,,,,,,0,0,,,,,,,,,,,,,,,4227.443,4,,578,0,,,,,,,,,,,,,,,,,,,-0.231,-37.574,-0.275,-17.788,-19.656,-45.351,-15.456,-61.174,16.07,-44.163,13.773,-64.347,39.11,-99.709,-4.009,-124.951,-46.812,-99.762,,,,"",,,,"",,,,"",,,,"",,,,"",,,,"",,,,"",,,,"",,,,,,,,,,,,,,,,,,,,,,,,,,,,,,,,,,,,,,,,,,,,,,,,,,,,,,,,,,"",0,0,"",,,,0,""
173,SIDE,6,0,5,3,0,0,2,0,0,0,255,255,255,,4228.752,,,,,,,,,,,,,,,,,,,,,,,5,,,,,,,,,,,,,,,,,,,,,,,,,,,,,,,,,,,,,,,0,0,,,,,,,,,,,,,,,,,,,,,,,,,,,,,,,,,,,,,,,,,,,,,,,,,,,,,,,,,,,,,,,,,,,,,,,,,,,,,,,,,,,,,,,,,,,,,,,,,,,,,,,,,,,,,,,,,,,,,,,,,,,,,,,,,,,,,,,,,,,,,,,,,"",0,0,"",,,,0,""
174,,7,1,5,3,0,0,0,0,0,0,255,255,255,0,4300.057,"TaeGeuk_",R,32,82,133,-1.666,-0.551,0.295,0.924,-0.996,1.403,-36.838,30.45,2,8,89,1,172.954,99.047,13.925,0,0,3,1,L,"Sabo_10",185.3,87.575,0.449,,33,W,Y,0,,,,,,,,,,,,,,,,,,,,,,,,,,,,0,0,,,,,,,,,,,,,,,,,,,,,,,,,,,,,,,,,,,,,,0.087,-37.824,-0.009,-17.782,-20.727,-49.498,-10.707,-66.407,18.343,-45.496,14.878,-63.387,57.071,-96.466,0.528,-111.552,-43.934,-98.555,,,,"",,,,"",,,,"",,,,"",,,,"",,,,"",,,,"",,,,"",,,,,,,,,,,,,,,,,,,,,,,,,,,,,,,,,,,,,,,,,,,,,,,,,,,,,,,,,,"",0,0,"",,,,0,""
175,,7,1,5,3,1,0,0,0,0,0,255,255,255,1,4313.596,"TaeGeuk_",R,33,82,134,-0.314,1.374,0.44,1.263,-0.324,2.526,-36.838,15.896,3,47,50,2,122.123,53.766,34.956,0,0,3,1,L,"Sabo_10",185.3,87.575,0.449,5,33,W,Y,1,4314.545,217,89,137,77,37,145,94,98.098,-4.541,-0.062,1.49,-20.215,-0.68,0,0.394,566.722,-195.606,23.766,,,,,,,,,0,0,,,,,,,,,,,,,,,,,,,,,,,,,,,,,,,,,,,,,,0.232,-37.669,0.017,-17.938,-21.104,-47.831,-10.163,-66.443,18.359,-45.782,15.278,-63.589,57.088,-96.48,0.522,-111.586,-43.699,-98.519,0.333,-37.157,,"가앤슬_",0.009,-18.096,,"눈꽃",-21.101,-47.833,,"Yaksok~",-10.266,-66.72,,"인생최패망자",17.986,-45.315,,"Pring__",15.637,-64.481,,"kneesohime",57.009,-96.498,,"ByeolBam",0.525,-111.581,,"HANA_ARASHI",-43.855,-98.395,,,,,,,,,,,,,,,,,,,,,,,,,,,,,,,,,,,,,,,,,,,,,,,,,,,,,,,,"",3,0,"",,,,0,""
176,,7,1,5,3,1,1,0,0,0,0,255,255,255,2,4336.313,"TaeGeuk_",R,2,76,114,-2.428,0.714,0.429,1.021,-0.373,1.724,-36.838,12.418,3,9,88,2,-381.954,-322.662,20.407,0,0,3,1,L,"Sabo_10",185.3,87.575,0.449,5,64,W,Y,1,4337.41,213,133,95,133,74,145,104,58.082,-21.029,-0.38,1.264,-21.242,-0.18,0,0.642,166.983,-157.981,-281.406,4337.665,28.587,-77.971,4337.838,5,28.061,2.757,-76.906,0,0,,4343.598,,,,,,,,,,,,,4344.03,3,,454,0,,,,,,,,,,,,,,,,,,,0.343,-37.665,0.016,-17.577,-20.899,-47.943,-10.377,-66.413,18.263,-45.865,15.632,-62.914,56.212,-96.864,0.24,-110.951,-43.08,-96.677,0.46,-36.968,,"가앤슬_",0.016,-17.728,,"눈꽃",-20.863,-47.943,,"Yaksok~",-10.651,-67.427,,"인생최패망자",17.975,-45.462,,"Pring__",15.903,-63.81,96,"kneesohime",56.228,-96.87,,"ByeolBam",0.24,-110.958,,"HANA_ARASHI",-43.856,-97.226,,4348.298,0.281,-38.249,,,,,,,,,,,,,4344.042,28.156,-77.255,,,,,,,,,,,,,,,,,,,,,,,,,4346.207,24.695,-71.719,,,,,,,,,,"",1,0,"Pring__",,,,192,""
177,,7,1,5,3,0,0,1,0,0,0,255,255,255,3,4361.066,"TaeGeuk_",R,32,82,133,0.564,0.995,0.445,1.202,-0.016,2.307,-36.838,14.438,3,49,48,1,164.676,47.796,22.1,0,0,4,5,R,"소솨소솨",190,80,0.501,,33,W,Y,0,,,,,,,,,,,,,,,,,,,,,,,,,,,,0,0,,,,,,,,,,,,,,,,,,,,,,,,,,,,,,,,,,,,,,0.23,-37.839,0.04,-17.935,-20.574,-46.955,-13.063,-65.347,16.982,-44.69,13.441,-63.629,53.087,-99.342,1.196,-111.841,-42.872,-97.209,,,,"",,,,"",,,,"",,,,"",,,,"",,,,"",,,,"",,,,"",,,,4369.074,-0.54,-37.584,,,,,,,,,,,,,,,,,,,,,,,,,,,,,,,,,,,,,,,,,,,,,,,,,,,,"",0,0,"",,,,0,""
178,,7,1,5,3,1,0,1,0,0,0,255,255,255,4,4378.397,"TaeGeuk_",R,33,85,138,2.673,-0.714,0.651,0.87,0.944,1.234,-36.838,39.348,10,9,81,1,140.753,45.346,11.274,0,0,4,5,R,"소솨소솨",190,80,0.501,,33,W,Y,0,,,,,,,,,,,,,,,,,,,,,,,,,,,,0,0,,,,,,,,,,,,,,,,,,,,,,,,,,,,,,,,,,,,,,0.253,-37.772,-0.012,-17.559,-20.82,-46.792,-13.22,-65.211,16.956,-44.72,12.988,-62.106,53.362,-100.218,0.063,-112.137,-43.154,-96.454,,,,"",,,,"",,,,"",,,,"",,,,"",,,,"",,,,"",,,,"",,,,4383.133,-0.305,-37.57,,,,,,,,,,,,,,,,,,,,,,,,,,,,,,,,,,,,,,,,,,,,,,,,,,,,"",0,0,"",,,,0,""
179,,7,1,5,3,2,0,1,0,0,0,255,255,255,5,4393.629,"TaeGeuk_",R,3,77,117,-1.333,0.741,0.474,1.138,0.12,2.102,-36.838,10.009,3,47,50,0,-405.039,0,27.275,0,0,4,5,R,"소솨소솨",190,80,0.501,,33,W,Y,1,,,,,,,,,,,,,,,,,,,,,,,,,,,,0,0,,,,,,,,,,,,,,,,,,,,,,,,,,,,,,,,,,,,,,0.284,-37.977,-0.015,-17.715,-20.786,-46.778,-13.2,-65.276,16.787,-44.85,13.027,-64.733,50.361,-102.447,0.197,-112.189,-44.106,-96.931,,,,"",,,,"",,,,"",,,,"",,,,"",,,,"",,,,"",,,,"",,,,4399.064,-0.262,-37.737,,,,,,,,,,,,,,,,,,,,,,,,,,,,,,,,,,,,,,,,,,,,,,,,,,,,"",0,0,"",,,,0,""
180,,7,1,5,3,2,1,1,0,0,0,255,255,255,6,4409.452,"TaeGeuk_",R,32,88,140,-0.556,0.429,0.449,1.1,-0.462,1.978,-36.838,5.679,6,36,58,0,151.274,77.267,25.686,0,0,4,5,R,"소솨소솨",190,80,0.501,,33,W,Y,0,,,,,,,,,,,,,,,,,,,,,,,,,,,,0,0,,,,,,,,,,,,,,,,,,,,,,,,,,,,,,,,,,,,,,0.331,-37.731,-0.021,-17.701,-20.751,-46.728,-13.295,-65.215,16.801,-44.859,13.028,-64.787,50.413,-102.456,0.07,-112.028,-44.228,-98.111,,,,"",,,,"",,,,"",,,,"",,,,"",,,,"",,,,"",,,,"",,,,4414.057,-0.297,-38.008,,,,,,,,,,,,,,,,,,,,,,,,,,,,,,,,,,,,,,,,,,,,,,,,,,,,"",0,0,"",,,,0,""
181,,7,1,5,3,2,2,1,0,0,0,255,255,255,7,4424.244,"TaeGeuk_",R,0,79,129,-1.769,0.474,0.38,1.085,-0.782,1.93,-36.838,2.793,3,44,53,4,0,0,34.953,0,0,4,5,R,"소솨소솨",190,80,0.501,,33,W,Y,1,,,,,,,,,,,,,,,,,,,,,,,,,,,,0,16,,,,,,,,,,,,,,,4426.952,4,,578,0,,,,,,,,,,,,,,,,,,,0.362,-37.709,-0.31,-17.808,-20.827,-46.805,-13.105,-65.268,16.815,-44.852,12.491,-64.507,50.434,-102.386,0.133,-112.189,-43.354,-99.486,,,,"",,,,"",,,,"",,,,"",,,,"",,,,"",,,,"",,,,"",,,,4430.617,-0.299,-37.576,,,,,,,,,,,,,,,,,,,,,,,,,,,,,,,,,,,,,,,,,,,,,,,,,,,,"",0,0,"",,,,0,""
182,,7,1,5,3,0,0,2,0,0,0,255,255,255,8,4447.532,"TaeGeuk_",R,32,79,129,0.256,0.8,0.497,1.166,-0.239,2.191,-36.838,7.823,4,46,50,2,216.445,53.551,32.5,0,0,5,2,R,"SUGUN",190,82,0.5,3,55,W,Y,1,4448.728,255,36,84,21,3,137,88,95.808,-78.212,0.047,1.307,-19.782,-0.67,0,0.237,528.862,113.256,-162.87,,,,,,,,,0,0,,,,,,,,,,,,,,,,,,,,,,,,,,,,,,,,,,,,,,0.265,-38.05,-0.004,-17.788,-20.921,-46.726,-13.338,-65.143,16.859,-44.815,12.298,-63.46,52.12,-102.994,-0.208,-111.75,-43.486,-101.089,0.356,-37.331,,"가앤슬_",0.006,-17.918,,"눈꽃",-20.453,-46.892,,"Yaksok~",-13.945,-66.189,,"인생최패망자",16.847,-44.812,,"Pring__",13.19,-65.598,,"kneesohime",55.611,-100.943,,"ByeolBam",-0.421,-111.752,,"HANA_ARASHI",-44.519,-99.931,,,,,,,,,,,,,,,,,,,,,,,,,,,,,,,,,,,,,,,,,,,,,,,,,,,,,,,,"",3,0,"",,,,0,""
183,,7,1,5,3,0,1,2,0,0,0,255,255,255,9,4463.201,"TaeGeuk_",R,32,83,134,-0.142,-0.173,0.453,0.958,-0.442,1.517,-36.838,21.468,7,9,84,2,250,-9.977,22.336,0,0,5,2,R,"SUGUN",190,82,0.5,3,55,W,Y,1,4464.272,255,136,126,75,6,145,116,12.646,7.8,-0.026,0.956,-20.475,0.16,0,0.268,235.253,35.072,191.478,4461.478,-12.546,-106.447,4461.718,7,-12.143,0.958,-103.717,0,0,,,,,,,,,,,,,,,4468.06,5,,456,0,,,,,,,,,,,,,,,,,,,0.276,-37.921,0.106,-18.088,-19.959,-45.812,-12.971,-65.441,16.844,-44.817,12.602,-65.039,55.615,-98.544,-0.294,-110.524,-47.048,-100.364,0.507,-37.201,,"가앤슬_",-0.07,-17.908,,"눈꽃",-19.861,-45.727,,"Yaksok~",-13.355,-66.675,,"인생최패망자",16.853,-44.811,,"Pring__",13.263,-66.912,,"kneesohime",55.581,-98.55,,"ByeolBam",-0.296,-110.528,92,"HANA_ARASHI",-47.023,-99.003,,,,,,,,,,,,,,,,,,,,,,,4468.07,-12.273,-104.585,,,,,,,,,,,,,,,,,,,,,,,,,4469.665,-11.999,-94.884,,,,"",1,0,"ByeolBam",,,,4,""
184,SIDE,7,1,5,3,0,0,2,0,0,0,255,255,255,,4470.153,,,,,,,,,,,,,,,,,,,,,,,6,,,,,,,,,,,,,,,,,,,,,,,,,,,,,,,,,,,,,,,0,0,,,,,,,,,,,,,,,,,,,,,,,,,,,,,,,,,,,,,,,,,,,,,,,,,,,,,,,,,,,,,,,,,,,,,,,,,,,,,,,,,,,,,,,,,,,,,,,,,,,,,,,,,,,,,,,,,,,,,,,,,,,,,,,,,,,,,,,,,,,,,,,,,"",0,0,"",,,,0,""
185,,7,0,5,3,0,0,0,0,0,0,255,255,255,70,4511.364,"coder_",R,27,63,117,1.078,0.49,0.458,1.763,0.578,1.757,-36.821,27.878,100,0,0,0,-69.244,-105.268,-4.949,0,0,5,3,R,"Yaksok~",174,80,0.328,,33,W,Y,0,,,,,,,,,,,,,,,,,,,,,,,,,,,,0,0,,,,,,,,,,,,,,,,,,,,,,,,,,,,,,,,,,,,,,0.223,-37.777,0.046,-17.901,-20.063,-46.006,-15.575,-61.219,16.044,-44.003,14.778,-63.594,35.364,-94.239,-3.993,-119.002,-54.012,-102.412,,,,"",,,,"",,,,"",,,,"",,,,"",,,,"",,,,"",,,,"",,,,,,,,,,,,,,,,,,,,,,,,,,,,,,,,,,,,,,,,,,,,,,,,,,,,,,,,,,"",0,0,"",,,,0,""
186,,7,0,5,3,0,1,0,0,0,0,255,255,255,71,4523.646,"coder_",R,26,51,108,-2.969,-0.063,0.031,1.923,-1.073,1.356,-36.821,38.118,100,0,0,1,-114.235,-166.441,7.963,0,0,5,3,R,"Yaksok~",174,80,0.328,,33,W,Y,0,,,,,,,,,,,,,,,,,,,,,,,,,,,,0,0,,,,,,,,,,,,,,,,,,,,,,,,,,,,,,,,,,,,,,0.011,-37.769,0.053,-17.893,-19.843,-45.829,-15.752,-61.053,16.062,-44.012,14.765,-63.602,35.404,-94.261,-3.651,-115.263,-53.838,-102.272,,,,"",,,,"",,,,"",,,,"",,,,"",,,,"",,,,"",,,,"",,,,,,,,,,,,,,,,,,,,,,,,,,,,,,,,,,,,,,,,,,,,,,,,,,,,,,,,,,"",0,0,"",,,,0,""
187,,7,0,5,3,1,1,0,0,0,0,255,255,255,72,4535.417,"coder_",R,14,48,84,-3.262,0.081,-0.207,2.031,-2.08,2.195,-36.821,37.71,100,0,0,1,255.319,261.765,-1.645,0,0,5,3,R,"Yaksok~",174,80,0.328,,33,W,Y,0,,,,,,,,,,,,,,,,,,,,,,,,,,,,0,0,,,,,,,,,,,,,,,,,,,,,,,,,,,,,,,,,,,,,,-0.2,-37.684,0.026,-17.941,-19.989,-45.899,-15.723,-61.099,16.085,-43.956,13.775,-64.249,35.599,-94.891,-3.63,-114.437,-53.846,-102.282,,,,"",,,,"",,,,"",,,,"",,,,"",,,,"",,,,"",,,,"",,,,,,,,,,,,,,,,,,,,,,,,,,,,,,,,,,,,,,,,,,,,,,,,,,,,,,,,,,"",0,0,"",,,,0,""
188,,7,0,5,3,2,1,0,0,0,0,255,255,255,73,4548.228,"coder_",R,26,77,127,1.04,-0.247,0.395,1.619,0.285,1.245,-36.821,28.897,90,10,0,0,98.886,-195.641,0.221,0,0,5,3,R,"Yaksok~",174,80,0.328,,33,W,Y,0,,,,,,,,,,,,,,,,,,,,,,,,,,,,0,0,,,,,,,,,,,,,,,,,,,,,,,,,,,,,,,,,,,,,,0.102,-37.549,-0.001,-17.882,-20.036,-46.156,-15.739,-61.161,16.076,-44.008,13.648,-64.264,39.374,-99.642,-3.66,-114.464,-53.834,-102.287,,,,"",,,,"",,,,"",,,,"",,,,"",,,,"",,,,"",,,,"",,,,,,,,,,,,,,,,,,,,,,,,,,,,,,,,,,,,,,,,,,,,,,,,,,,,,,,,,,"",0,0,"",,,,0,""
189,,7,0,5,3,2,2,0,0,0,0,255,255,255,74,4561.918,"coder_",R,10,59,105,-0.231,-2.28,0.31,1.537,-0.108,0.954,-36.821,7.233,70,30,0,1,0,400,41.776,0.234,-19.131,5,3,R,"Yaksok~",174,80,0.328,,33,W,Y,0,,,,,,,,,,,,,,,,,,,,,,,,,,,,0,0,,,,,,,,,,,,,,,,,,,,,,,,,,,,,,,,,,,,,,0.188,-37.686,0.055,-17.944,-20.178,-46.089,-15.739,-61.15,16.065,-43.991,13.64,-64.286,39.868,-100.456,-3.649,-114.46,-53.847,-102.299,,,,"",,,,"",,,,"",,,,"",,,,"",,,,"",,,,"",,,,"",,,,,,,,,,,,,,,,,,,,,,,,,,,,,,,,,,,,,,,,,,,,,,,,,,,,,,,,,,"",0,0,"",,,,0,""
190,,7,0,5,3,3,2,0,0,0,0,255,255,255,75,4579.025,"coder_",R,39,59,100,-0.383,0.752,0.352,1.814,0.057,1.842,-36.821,29.942,100,0,0,2,-109.261,-153.807,-9.427,0,0,5,3,R,"Yaksok~",174,80,0.328,3,33,W,Y,0,4580.178,146,156,83,70,40,143,124,29.787,35.639,-0.125,1.159,-19.908,0.69,0,0.164,380.261,271.133,-117.106,4578.892,-72.317,-107.91,,,,,,0,0,,4585.77,4590.188,4595.395,4600.447,,,,,,,,,,,,,,,,,,,,,,,,,,,,,,,,,0.145,-37.728,0.029,-17.894,-20.072,-46.092,-15.78,-61.193,16.49,-44.345,13.587,-64.258,39.347,-99.571,-3.509,-114.457,-53.836,-102.301,-0.093,-37.583,,"Sabo_10",0.106,-17.887,,"SUGUN",-20.056,-45.995,,"CoalCat",-15.689,-61.022,,"schmoneymikey",16.477,-44.364,,"소솨소솨",13.582,-64.201,,"まととまと",39.51,-99.977,,"Oort__Cloud",-3.642,-114.388,,"Fresh825",-53.841,-102.3,,,,,,,,,,,,,,,,,,,,,,,,,,,,,,,,,,,,,,,,,,,,,,,,,,,,,,,,"",4,0,"",4590.188,4595.395,,0,""
191,,7,0,5,4,0,0,0,0,0,0,255,255,255,76,4659.355,"coder_",R,26,76,114,1.402,0.487,0.494,1.735,0.498,1.657,-36.821,19.51,92,8,0,2,53.588,-200,18.214,0,0,6,0,R,"TaeGeuk_",176.6,90.533,0.624,3,33,W,Y,1,4660.262,255,112,130,139,89,145,82,30.501,35.511,0.269,1.174,-21.378,1,0,0.178,28.066,516.952,66.677,4657.852,-43.401,-69.484,4659.705,8,-52.486,0.079,-76.579,1,0,,4665.984,,,,,,,,,,,,,,,,,,,,,,,,,,,,,,,,,,,,0.269,-37.662,0.038,-17.813,-19.491,-46.146,-15.767,-61.061,16.464,-44.659,13.144,-64.321,42.32,-95.739,-3.382,-112.14,-49.613,-97.868,0.085,-37.532,,"Sabo_10",0.05,-17.833,,"SUGUN",-19.607,-45.868,,"CoalCat",-15.602,-60.99,,"schmoneymikey",16.45,-44.651,,"소솨소솨",13.233,-64.258,,"まととまと",42.098,-95.431,,"Oort__Cloud",-3.213,-113.629,,"Fresh825",-49.602,-97.866,65,4675.05,-3.549,-43.169,,,,,,,,,,,,,,,,,,,,,,4666.324,-53.389,-77.391,,,,,,,,,,,,,,,,,,,,,,,,,4671.237,-41.879,-69.615,"",2,0,"Fresh825",,,,1,""
192,,7,0,5,4,0,0,0,1,0,0,10,255,255,77,4690.326,"coder_",R,26,74,125,-1.751,-1.942,0.296,1.76,-0.896,0.256,-36.821,26.424,91,9,0,2,74.733,-185.227,8.143,0,0,7,5,L,"Pring__",175,90.741,0.451,0,33,W,Y,1,4691.282,255,156,83,101,82,145,125,-6.611,-7.972,-0.306,0.373,-20.967,0.77,0,0.531,-230.811,-296.572,1.729,4684.758,0.059,-23.541,4688.625,7,11.318,0.059,-106.66,1,0,,4696.797,,,,4697.119,,,,,,4692.112,,,,,,,,,,,,,,,,,,,,4700.069,3,,,,,0.03,-37.692,-0.004,-17.943,-20.17,-40.584,-8.664,-61.38,17.047,-44.793,15.699,-64.857,53.516,-106.169,2.312,-117.564,-42.228,-100.128,0.031,-37.763,,"Sabo_10",0.081,-17.936,,"SUGUN",-18.782,-44.301,,"CoalCat",-8.536,-61.271,75,"schmoneymikey",16.915,-44.416,,"소솨소솨",14.731,-63.891,,"まととまと",54.031,-107.731,,"Oort__Cloud",2.273,-117.572,95,"Fresh825",-42.23,-100.129,,4702.737,-0.023,-39.004,,,,,,,4698.86,0.649,-60.2,,,,,,,,,,4695.26,11.356,-107.508,,,,,,,,,,,,,4701.546,-2.253,-57.789,,,,,,,,,,4697.006,9.814,-94.924,,,,"",2,0,"Oort__Cloud",4697.119,,,68,""
193,,7,0,5,4,0,0,0,1,1,0,15,10,255,78,4717.997,"coder_",R,27,70,122,0.935,0.805,0.377,1.831,0.205,1.968,-36.821,42.789,92,8,0,2,113.814,-134.722,-0.98,0,0,8,2,L,"눈꽃",190,85,0.505,3,33,W,Y,1,4719.247,255,79,100,50,19,145,114,32.59,-20.687,0.181,1.323,-19.982,0.83,0,0.404,579.515,-112.415,107.357,4718.292,39.422,-114.848,4718.398,6,38.184,2.839,-111.994,0,0,,,,,,,,,,,,4718.359,4719.995,,4725.118,8,,455,0,,,,,,,,,,,,,,,,,,,-0.009,-37.604,0.049,-17.776,-18.933,-45.546,-7.21,-61.796,16.512,-44.273,15.676,-64.921,49.703,-104.025,3.265,-119.481,-46.834,-105.236,-0.236,-37.515,,"Sabo_10",0.121,-17.848,,"SUGUN",-18.78,-45.419,,"CoalCat",-6.884,-61.688,,"schmoneymikey",15.99,-43.788,,"소솨소솨",15.059,-63.379,,"まととまと",49.417,-103.702,98,"Oort__Cloud",2.436,-119.2,,"Fresh825",-46.824,-105.246,,4729.814,9.185,-41.211,,,,,,,,,,4729.861,9.323,-41.855,,,,4725.133,38.521,-112.939,,,,,,,,,,,,,,,,,,,,,,,,,4726.026,35.773,-107.319,,,,,,,"",1,0,"まととまと",4728.944,,,130,""
194,,7,0,5,4,0,0,1,1,1,0,15,10,255,79,4751.346,"coder_",R,27,62,116,1.819,0.316,0.439,1.793,0.49,1.846,-36.821,34.243,93,7,0,2,44.246,-148.422,4.426,0,0,0,6,R,"kneesohime",190,85,0.497,0,33,W,Y,1,4752.644,255,131,108,83,57,145,98,112.073,-55.888,0.244,1.235,-20.038,-0.67,0,0.197,366.007,299.178,88.33,,,,,,,,,0,0,,,,,,,,,,,,4769.525,4753.213,,,,,,,,,,,,,,,,,,,,,,,,,0.134,-37.677,-0.182,-18.003,-18.849,-45.428,-13.935,-60.175,16.107,-43.991,13.703,-64.165,47.128,-113.125,-4.641,-114.477,-56.411,-97.423,-0.399,-37.684,,"Sabo_10",0.141,-18.056,,"SUGUN",-18.608,-45.304,,"CoalCat",-13.946,-60.061,,"schmoneymikey",16.102,-43.974,,"소솨소솨",12.984,-63.83,,"まととまと",47.304,-113.254,,"Oort__Cloud",-4.695,-115.278,,"Fresh825",-56.409,-97.292,,,,,,,,,,,,,,,,,,,,,,,,,,,,,,,,,,,,,,,,,,,,,,,,,,,,,,,,"",3,0,"",4754.47,,,0,""
195,,7,0,5,4,0,1,1,1,1,0,15,10,255,80,4769.967,"coder_",R,10,54,89,0.328,0.574,0.45,2.258,0.161,2.676,-36.821,53.38,100,0,0,2,-12.407,400,1.592,0,0,0,6,R,"kneesohime",190,85,0.497,5,33,W,Y,1,4771.393,208,160,151,85,66,145,131,25.863,-6.974,0.069,1.297,-20.759,0.37,0,0.248,239.674,94.409,53.486,4772.612,13.393,-141.695,,,,,,0,0,,4777.721,4783.59,4788.765,4794.28,4779.045,4783.93,4788.774,4779.536,4784.335,,,4772.118,,,,,,,,,,,,,,,,,,,,,,,,,0.222,-37.595,0.009,-17.902,-19.117,-44.915,-14.058,-60.188,17.278,-45.101,13.219,-64.33,49.261,-111.216,-3.249,-116.297,-55.928,-96.187,-0.068,-37.241,,"Sabo_10",0.068,-17.986,,"SUGUN",-19.037,-44.993,,"CoalCat",-13.963,-60.04,,"schmoneymikey",17.076,-44.929,,"소솨소솨",13.21,-64.276,,"まととまと",48.343,-111.025,,"Oort__Cloud",-3.279,-116.261,,"Fresh825",-55.927,-96.19,,,,,,,,,,,,,,,,,,,,,,,,,,,,,,,,,,,,,,,,,,,,,,,,,,,,,,,,"",4,0,"",4779.045,4779.536,4784.335,0,""
196,,7,0,5,7,0,0,1,0,0,0,255,255,255,81,4812.932,"coder_",R,26,79,129,0.518,-0.391,0.358,1.584,0.114,1.168,-36.821,14.473,50,50,0,2,64.777,-200,30.692,0,0,1,1,R,"가앤슬_",190,83.179,0.2,5,64,W,Y,1,4814.301,86,52,153,85,45,132,99,99,-30.825,0.091,0.837,-19.908,0.92,0,0.504,401.807,60.973,-436.538,,,,,,,,,0,0,,,,,,,,,,,,,,,,,,,,,,,,,,,,,,,,,,,,,,0.101,-37.624,0.039,-18.049,-19.152,-45.514,-13.981,-61.176,16.404,-45.369,13.951,-63.943,45.97,-107.146,-4.725,-118.971,-53.664,-102.306,-0.392,-37.795,,"Sabo_10",0.04,-18.106,,"SUGUN",-19.055,-45.293,,"CoalCat",-13.914,-61.118,,"schmoneymikey",16.407,-45.361,,"소솨소솨",13.855,-63.902,,"まととまと",39.538,-102.504,,"Oort__Cloud",-4.743,-118.97,,"Fresh825",-53.797,-102.248,,,,,,,,,,,,,,,,,,,,,,,,,,,,,,,,,,,,,,,,,,,,,,,,,,,,,,,,"",3,0,"",,,,0,""
197,,7,0,5,7,0,1,1,0,0,0,255,255,255,82,4834.885,"coder_",R,26,70,122,1.848,0.42,0.489,1.748,0.723,1.7,-36.821,35.055,93,7,0,4,40.586,-162.455,-1.669,0,0,1,1,R,"가앤슬_",190,83.179,0.2,,64,W,Y,1,,,,,,,,,,,,,,,,,,,,,,,,,,,,0,0,,,,,,,,,,,,,,,,,,,,,,,,,,,,,,,,,,,,,,0.119,-37.547,0.135,-18.085,-19.099,-45.379,-15.202,-62.39,18.396,-46.428,13.967,-64.722,37.777,-104.494,-3.688,-117.575,-55.358,-102.387,,,,"",,,,"",,,,"",,,,"",,,,"",,,,"",,,,"",,,,"",,,,,,,,,,,,,,,,,,,,,,,,,,,,,,,,,,,,,,,,,,,,,,,,,,,,,,,,,,"",0,0,"",,,,0,""
198,,7,0,5,7,0,2,1,0,0,0,255,255,255,83,4848.904,"coder_",R,10,72,102,0.388,-0.379,0.384,1.882,0.158,1.973,-36.821,40.967,93,7,0,0,0,400,8.042,0,0,1,1,R,"가앤슬_",190,83.179,0.2,,64,W,Y,1,,,,,,,,,,,,,,,,,,,,,,,,,,,,0,0,,,,,,,,,,,,,,,4851.962,1,,578,0,,,,,,,,,,,,,,,,,,,0.03,-37.691,0.025,-17.901,-19.088,-45.397,-15.169,-62.459,18.263,-46.539,13.774,-64.789,37.677,-104.531,-3.724,-117.534,-55.233,-102.541,,,,"",,,,"",,,,"",,,,"",,,,"",,,,"",,,,"",,,,"",,,,,,,,,,,,,,,,,,,,,,,,,,,,,,,,,,,,,,,,,,,,,,,,,,,,,,,,,,"",0,0,"",,,,0,""
199,,7,0,5,7,0,0,2,0,0,0,255,255,255,84,4868.953,"coder_",R,26,75,126,-2.02,-0.358,0.395,1.681,0.285,1.469,-36.821,17.193,89,11,0,2,55.736,-157.868,10.638,0,0,2,7,R,"ByeolBam",175.3,90,0.5,0,33,W,Y,1,4870.301,179,78,105,60,34,145,92,19.012,14.888,0.067,0.943,-20.355,-0.73,0,0.292,80.407,196.68,-122.179,4867.105,-20.156,-87.308,4869.572,7,-27.118,0.057,-109.344,1,0,,4875.904,,,,,,,,,,,,,,,,,,,,,,,,,,,,,,,,,,,,0.215,-37.526,-0.002,-17.977,-19.321,-45.393,-15.434,-62.329,18.149,-46.858,14.142,-64.68,37.878,-105.065,-3.812,-117.417,-46.164,-91.255,-0.146,-37.996,,"Sabo_10",0.078,-18.045,,"SUGUN",-19.139,-45.428,,"CoalCat",-15.409,-62.221,,"schmoneymikey",18.165,-46.878,,"소솨소솨",13.462,-64.277,85,"まととまと",37.744,-104.776,,"Oort__Cloud",-3.913,-117.411,93,"Fresh825",-46.156,-91.254,,4884.142,-0.277,-40.694,,,,,,,,,,,,,4880.869,-0.699,-59.418,,,,4876.644,-27.003,-110.144,,,,,,,,,,,,,,,,,,,4883.13,-0.099,-57.151,,,,4878.531,-23.826,-98.726,,,,"",2,0,"Oort__Cloud",,,,20,""
200,,7,0,5,7,0,0,2,1,0,0,17,255,255,85,4896.757,"coder_",R,26,77,127,-0.636,0.066,0.357,1.573,0.108,1.087,-36.821,19.14,52,48,0,2,48.615,-200,5.552,0,0,3,8,R,"HANA_ARASHI",174.8,86,0.25,5,33,W,Y,1,4897.873,198,127,127,98,59,145,84,0,22.477,0.022,0.882,-21.047,1,0,0.571,65.748,288.624,508.599,4891.385,-5.159,-33.194,4893.065,3,-15.3,0.059,-53.599,0,0,,,,,,4902.688,,,,,,,,,4902.643,3,,147,64,,,,,,,,,,,,,,,,,,,0.112,-37.684,-0.082,-17.907,-19.81,-40.586,-15.797,-60.333,15.849,-44.249,12.179,-65.379,42.042,-99.544,-3.45,-116.878,-49.81,-94.363,-0.466,-37.929,,"Sabo_10",-0.035,-18.108,,"SUGUN",-18.914,-44.615,,"CoalCat",-15.736,-60.221,83,"schmoneymikey",15.521,-43.964,,"소솨소솨",12.494,-66.233,,"まととまと",45.345,-101.082,,"Oort__Cloud",-3.36,-116.877,,"Fresh825",-49.815,-94.356,,,,,,,,4902.083,-19.328,-40.832,4900.115,-15.896,-54.748,,,,,,,,,,,,,,,,,,,,,,,,,4901.27,-16.597,-52.462,,,,,,,,,,,,,,,,"",2,0,"CoalCat",4902.688,,,96,""
201,SIDE,7,0,5,7,0,0,2,1,0,0,17,255,255,,4903.532,,,,,,,,,,,,,,,,,,,,,,,4,,,,,,,,,,,,,,,,,,,,,,,,,,,,,,,,,,,,,,,0,0,,,,,,,,,,,,,,,,,,,,,,,,,,,,,,,,,,,,,,,,,,,,,,,,,,,,,,,,,,,,,,,,,,,,,,,,,,,,,,,,,,,,,,,,,,,,,,,,,,,,,,,,,,,,,,,,,,,,,,,,,,,,,,,,,,,,,,,,,,,,,,,,,"",0,0,"",,,,0,""
202,,8,1,5,7,0,0,0,0,0,0,255,255,255,10,4938.914,"TaeGeuk_",R,32,79,129,-0.706,0.475,0.423,1.041,-0.584,1.802,-36.838,24.892,0,12,88,0,168.947,-82.445,17.228,0,0,6,3,R,"CoalCat",169.5,83,0.397,,33,W,Y,0,,,,,,,,,,,,,,,,,,,,,,,,,,,,0,0,,,,,,,,,,,,,,,,,,,,,,,,,,,,,,,,,,,,,,0.235,-37.801,0.011,-17.786,-20.861,-47.587,-13.578,-65.162,18.384,-46.4,12.39,-62.623,49.721,-100.728,-2.322,-108.839,-38.815,-94.136,,,,"",,,,"",,,,"",,,,"",,,,"",,,,"",,,,"",,,,"",,,,,,,,,,,,,,,,,,,,,,,,,,,,,,,,,,,,,,,,,,,,,,,,,,,,,,,,,,"",0,0,"",,,,0,""
203,,8,1,5,7,0,1,0,0,0,0,255,255,255,11,4954.312,"TaeGeuk_",R,32,83,134,-1.075,0.681,0.39,1.137,-0.736,2.15,-36.838,8.241,2,48,50,2,176.691,126.5,25.912,0,0,6,3,R,"CoalCat",169.5,83,0.397,5,33,W,Y,1,4955.362,154,66,133,63,22,145,127,90.597,-33.842,-0.202,1.111,-20.265,0.57,0,0.456,388.085,-2.436,-408.537,4956.785,8.79,-9.297,4957.118,1,8.782,3.49,-9.334,0,0,,,,,,,,,,,,,,,4964.133,6,,450,0,,,,,,,,,,,,,,,,,,,0.319,-37.687,0.029,-17.862,-20.727,-48.001,-13.464,-65.104,18.493,-46.48,12.467,-62.716,53.418,-100.93,-2.312,-108.853,-38.379,-93.132,0.283,-37.15,,"가앤슬_",0.012,-17.963,130,"눈꽃",-20.456,-48.09,,"Yaksok~",-13.97,-66.053,,"인생최패망자",18.516,-46.477,,"Pring__",12.354,-62.593,,"kneesohime",53.418,-100.927,,"ByeolBam",-2.318,-108.855,,"HANA_ARASHI",-38.377,-93.156,,4967.631,-0.099,-37.314,4964.143,8.86,-9.271,,,,,,,,,,,,,,,,,,,,,,,,,4966.524,7.326,-13.546,,,,,,,,,,,,,,,,,,,,,,"",1,0,"가앤슬_",,,,66,""
204,,8,1,5,7,0,0,1,0,0,0,255,255,255,12,4985.052,"TaeGeuk_",R,3,81,121,-1.16,-0.584,0.573,0.907,0.117,1.354,-36.838,31.641,6,6,88,2,-364.154,70.16,31.634,0,0,7,4,L,"schmoneymikey",190,80,0.247,5,33,W,Y,1,4986.176,231,129,228,30,0,145,104,-45.298,37.705,-0.206,0.803,-20.529,-0.29,0,0.269,-398.727,231.058,-114.111,4979.052,-0.724,-21.196,,,,,,0,0,,,,,,,,,,,,,,,,,,,,,,,,,,,,,,,,,,,,,,0.291,-37.857,0.003,-17.654,-20.647,-48.644,-8.918,-66.823,17.808,-45.301,15.936,-63.088,55.204,-97.764,2.1,-111.149,-38.289,-93.374,0.47,-37.18,,"가앤슬_",0.004,-17.736,,"눈꽃",-20.368,-48.725,,"Yaksok~",-9.69,-68.672,,"인생최패망자",17.584,-44.991,,"Pring__",16.021,-63.328,,"kneesohime",55.196,-97.682,,"ByeolBam",1.576,-114.142,,"HANA_ARASHI",-38.283,-93.192,,,,,,,,,,,,,,,,,,,,,,,,,,,,,,,,,,,,,,,,,,,,,,,,,,,,,,,,"",3,0,"",,,,0,""
205,,8,1,5,7,0,1,1,0,0,0,255,255,255,13,5005.826,"TaeGeuk_",R,32,91,140,-0.272,1.377,0.471,1.251,-0.36,2.468,-36.838,12.874,2,53,45,1,170.173,-34.718,34.284,0,0,7,4,L,"schmoneymikey",190,80,0.247,,33,W,Y,0,,,,,,,,,,,,,,,,,,,,,,,,,,,,0,0,,,,,,,,,,,,,,,,,,,,,,,,,,,,,,,,,,,,,,0.305,-37.74,0.004,-17.803,-22.433,-48.04,-9.893,-66.714,16.999,-44.742,13.782,-64.056,53.772,-97.878,0.383,-111.035,-39.573,-93.536,,,,"",,,,"",,,,"",,,,"",,,,"",,,,"",,,,"",,,,"",,,,,,,,,,,,,,,,,,,,,,,,,,,,,,,,,,,,,,,,,,,,,,,,,,,,,,,,,,"",0,0,"",,,,0,""
206,,8,1,5,7,1,1,1,0,0,0,255,255,255,14,5021.619,"TaeGeuk_",R,33,86,139,-0.579,-0.356,0.455,0.95,-0.435,1.492,-36.838,32.144,7,8,85,0,119.502,80.392,9.087,0,0,7,4,L,"schmoneymikey",190,80,0.247,,33,W,Y,1,,,,,,,,,,,,,,,,,,,,,,,,,,,,0,0,,,,,,,,,,,,,,,,,,,,,,,,,,,,,,,,,,,,,,0.232,-37.675,-0.019,-17.674,-22.398,-48.078,-9.482,-66.797,17.401,-44.996,13.763,-63.978,53.769,-97.909,1.18,-112.466,-39.702,-93.808,,,,"",,,,"",,,,"",,,,"",,,,"",,,,"",,,,"",,,,"",,,,,,,,,,,,,,,,,,,,,,,,,,,,,,,,,,,,,,,,,,,,,,,,,,,,,,,,,,"",0,0,"",,,,0,""
207,,8,1,5,7,1,2,1,0,0,0,255,255,255,15,5040.243,"TaeGeuk_",R,10,72,102,0.013,-1.554,0.546,0.892,0.009,1.299,-36.838,45.11,9,9,82,1,-8.476,400,32.398,0,0,7,4,L,"schmoneymikey",190,80,0.247,,33,W,Y,0,,,,,,,,,,,,,,,,,,,,,,,,,,,,0,0,,,,,,,,,,,,,,,,,,,,,,,,,,,,,,,,,,,,,,0.173,-37.863,0.021,-17.678,-22.061,-47.711,-9.567,-66.814,17.225,-44.732,13.796,-64.064,53.134,-98.073,1.971,-111.573,-39.615,-94.536,,,,"",,,,"",,,,"",,,,"",,,,"",,,,"",,,,"",,,,"",,,,,,,,,,,,,,,,,,,,,,,,,,,,,,,,,,,,,,,,,,,,,,,,,,,,,,,,,,"",0,0,"",,,,0,""
208,,8,1,5,7,2,2,1,0,0,0,255,255,255,16,5057.213,"TaeGeuk_",R,5,77,124,0.833,-0.386,0.594,0.867,0.558,1.391,-36.838,35.637,4,3,92,2,-130.416,-0.908,3.727,0,0,7,4,L,"schmoneymikey",190,80,0.247,5,33,W,Y,1,5058.331,245,143,152,104,0,145,131,104.21,46.927,0.148,0.869,-20.278,0.63,0,0.316,468.988,-358.305,76.88,,,,,,,,,0,0,,,,,,,,,,,,,,,,,,,,,,,,,,,,,,,,,,,,,,0.331,-37.733,-0.051,-17.702,-22.015,-47.679,-9.255,-66.99,17.297,-45.137,13.704,-63.818,52.074,-98.253,0.108,-113.206,-40.069,-94.503,0.632,-37.076,,"가앤슬_",0.004,-17.879,,"눈꽃",-21.884,-47.599,,"Yaksok~",-9.817,-69.041,,"인생최패망자",16.991,-44.713,,"Pring__",13.723,-63.826,,"kneesohime",52.062,-98.214,,"ByeolBam",0.115,-113.235,,"HANA_ARASHI",-40.165,-94.554,,,,,,,,,,,,,,,,,,,,,,,,,,,,,,,,,,,,,,,,,,,,,,,,,,,,,,,,"",3,0,"",,,,0,""
209,,8,1,5,7,2,2,1,0,0,0,255,255,255,17,5077.02,"TaeGeuk_",R,0,61,102,-0.105,0.265,0.567,1.022,-0.063,1.822,-36.838,36.597,2,21,77,2,0,0,21.404,0,0,7,4,L,"schmoneymikey",190,80,0.247,0,33,W,Y,1,5078.284,252,152,128,167,50,145,92,25.959,-1.225,0.118,1.201,-20.474,1,0,0.277,387.321,-439.688,-55.342,5076.078,9.462,-98.819,5076.238,7,8.891,2.284,-96.046,0,0,,,,,,,,,,,,,,,5083.368,7,,456,0,,,,,,,,,,,,,,,,,,,0.308,-37.831,0.021,-17.764,-22.019,-47.7,-8.692,-67.186,17.366,-44.902,13.67,-64.5,52.17,-98.105,1.432,-111.838,-39.354,-94.225,0.506,-37.289,,"가앤슬_",0.03,-18.015,,"눈꽃",-21.88,-47.583,,"Yaksok~",-9.515,-69.266,,"인생최패망자",17.31,-44.982,,"Pring__",13.584,-64.343,,"kneesohime",51.756,-98.443,,"ByeolBam",1.435,-111.835,114,"HANA_ARASHI",-39.916,-93.957,,5086.96,-0.515,-39.464,,,,,,,,,,,,,,,,,,,5083.374,9.036,-96.737,,,,,,,,,,,,,,,,,,,,,,,,,5084.831,8.561,-88.11,,,,"",1,0,"ByeolBam",,,,68,""
210,,8,1,5,7,0,0,2,0,0,0,255,255,255,18,5103.647,"TaeGeuk_",R,33,80,131,-1.209,0.854,0.393,1.184,-0.721,2.25,-36.838,8.065,3,46,51,2,117.595,76.305,26.543,0,0,8,9,L,"Kr_Luna",190,94.615,0.499,5,33,W,Y,1,5104.506,100,127,128,71,31,136,129,30.925,80.844,-0.232,1.338,-20.117,0.29,0,0.037,382.745,-154.868,307.801,,,,,,,,,0,0,,,,,,,,,,,,,,,,,,,,,,,,,,,,,,,,,,,,,,0.31,-37.517,0.027,-17.847,-20.704,-47.352,-11.098,-66.159,16.769,-43.207,17.046,-62.807,44.509,-100.49,0.916,-113.683,-42.815,-97.431,0.394,-37.278,,"가앤슬_",0.023,-17.867,,"눈꽃",-20.666,-47.334,,"Yaksok~",-11.106,-66.164,,"인생최패망자",16.72,-43.149,,"Pring__",17.017,-62.655,,"kneesohime",44.399,-100.519,,"ByeolBam",0.914,-113.682,,"HANA_ARASHI",-42.801,-97.425,,,,,,,,,,,,,,,,,,,,,,,,,,,,,,,,,,,,,,,,,,,,,,,,,,,,,,,,"",3,0,"",,,,0,""
211,,8,1,5,7,0,1,2,0,0,0,255,255,255,19,5121.317,"TaeGeuk_",R,10,73,114,-0.748,-1.536,0.516,0.915,-0.341,1.192,-36.838,29.303,11,13,75,2,0,400,30.228,0,0,8,9,L,"Kr_Luna",190,94.615,0.499,3,70,W,Y,1,5122.198,104,99,130,126,54,136,96,-13.653,-2.783,-0.121,0.484,-20.857,0.96,0,0.155,-485.362,275.588,-161.884,5114.985,-0.041,-22.555,5115.945,0,0.6,0.454,-36.557,0,0,,,,,,,,,,,,,,,5126.415,8,,147,64,,,,,,,,,,,,,,,,,,,0.281,-37.786,0.008,-17.739,-21.652,-47.183,-11.236,-66.128,16.335,-43.386,15.986,-63.378,44.722,-104.825,-0.336,-111.28,-43.268,-97.781,0.488,-37.035,88,"가앤슬_",0.004,-17.809,,"눈꽃",-21.029,-47.953,,"Yaksok~",-11.28,-66.328,,"인생최패망자",16.074,-43.019,,"Pring__",15.883,-63.074,,"kneesohime",44.739,-104.82,,"ByeolBam",-0.335,-111.289,,"HANA_ARASHI",-43.266,-97.777,,5123.216,0.536,-36.897,,,,5125.78,-18.908,-39.931,,,,,,,,,,,,,,,,,,,5124.788,-2.014,-37.808,,,,,,,,,,,,,,,,,,,,,,,,,"",2,0,"TaeGeuk_",,,,320,""
212,END,8,0,5,7,0,0,0,0,0,0,255,255,255,,5130.856,,,,,,,,,,,,,,,,,,,,,,,,,,,,,,,,,,,,,,,,,,,,,,,,,,,,,,,,,,,,,,,,,,,,,,,,,,,,,,,,,,,,,,,,,,,,,,,,,,,,,,,,,,,,,,,,,,,,,,,,,,,,,,,,,,,,,,,,,,,,,,,,,,,,,,,,,,,,,,,,,,,,,,,,,,,,,,,,,,,,,,,,,,,,,,,,,,,,,,,,,,,,,,,,,,,,,,,,"{""schemaVersion"":6,""gameTimeZeroUtc"":""2026-08-05T08:31:36.574Z"",""exportedAtUtc"":""2026-08-05T09:57:07.430Z"",""teamNameA"":""Red"",""teamNameB"":""Blue""}"
