id,type,inn,half,scoreA,scoreB,ball,strk,out,b1,b2,b3,b1Idx,b2Idx,b3Idx,pCnt,pSec,pName,pHand,pType,pPow,spdK,zoneX,zoneY,startX,startY,targetX,targetY,zDist,pitchAngle,pOver,pSide,pUnder,call,manual,sH,sV,gyro,plx,plz,bIdx,order1Name,order2Name,order3Name,order4Name,order5Name,order6Name,order7Name,order8Name,order9Name,bPos,bZone,bName,bHCm,batLen,batCen,batType,bFps,bOS,bVR,bSwing,hSec,rotS,rotL,shS,lgS,prepS,gripPen,batSpd,ev,ldeg,sdeg,launchPosX,launchPosY,launchPosZ,hPos,buntGrip,handDist,angVeloX,angVeloY,angVeloZ,ltSec,lx,lz,cSec,cPos,cx,cy,cz,1BSafe,tag,cpSec,bTo1Sec,bTo2Sec,bTo3Sec,bToHSec,r1To2Sec,r1To3Sec,r1ToHSec,r2To3Sec,r2ToHSec,r3ToHSec,r1LeaveSec,r2LeaveSec,r3LeaveSec,out1Sec,out1BatterIndex,out1PrevBase,out1Code,out1Ass,out2Sec,out2BatterIndex,out2PrevBase,out2Code,out2Ass,out3Sec,out3BatterIndex,out3PrevBase,out3Code,out3Ass,ball1Sec,ball1Pos,ball2Sec,ball2Pos,ball3Sec,ball3Pos,ballHSec,ballHPos,PitchPPosX,PitchPPosZ,PitchCPosX,PitchCPosZ,Pitch1BPosX,Pitch1BPosZ,Pitch2BPosX,Pitch2BPosZ,Pitch3BPosX,Pitch3BPosZ,PitchSSPosX,PitchSSPosZ,PitchLFPosX,PitchLFPosZ,PitchCFPosX,PitchCFPosZ,PitchRFPosX,PitchRFPosZ,PPosX,PPosY,PThrSpd,CName,CPosX,CPosY,CThrSpd,1BName,1BPosX,1BPosY,1BThrSpd,2BName,2BPosX,2BPosY,2BThrSpd,3BName,3BPosX,3BPosY,3BThrSpd,SSName,SSPosX,SSPosY,SSThrSpd,LFName,LFPosX,LFPosY,LFThrSpd,CFName,CFPosX,CFPosY,CFThrSpd,RFName,RFPosX,RFPosY,RFThrSpd,PGetSec,PGetX,PGetZ,CGetSec,CGetX,CGetZ,1BGetSec,1BGetX,1BGetZ,2BGetSec,2BGetX,2BGetZ,3BGetSec,3BGetX,3BGetZ,SSGetSec,SSGetX,SSGetZ,LFGetSec,LFGetX,LFGetZ,CFGetSec,CFGetX,CFGetZ,RFGetSec,RFGetX,RFGetZ,PThrSec,PThrX,PThrZ,CThrSec,CThrX,CThrZ,1BThrSec,1BThrX,1BThrZ,2BThrSec,2BThrX,2BThrZ,3BThrSec,3BThrX,3BThrZ,SSThrSec,SSThrX,SSThrZ,LFThrSec,LFThrX,LFThrZ,CFThrSec,CFThrX,CFThrZ,RFThrSec,RFThrX,RFThrZ,errPosDelta,result,balk,cPlr,sb2Sec,sb3Sec,sbhSec,ass,remarks
1,,1,1,0,0,0,0,0,0,0,0,255,255,255,0,289.228,"ddil_ddil69",R,26,91,140,0.203,-0.878,0.464,1.9,0.103,0.884,-36.684,32.07,80,20,0,0,"",-25.071,-200,5.614,0,0,0,"CoalCat","YukihiroD","kneesohime","紅さかな","Kr_Luna","Fresh825","","","",5,R,"CoalCat",174,83,0.397,,85,W,Y,0,,,,,,,,,,,,,,,,,,,,,,,,,,,,,0,0,,,,,,,,,,,,,,,,,,,,,,,,,,,,,,,,,,,,,,0.053,-37.347,-0.02,-17.217,-20.927,-46.662,-13.865,-64.526,20.997,-49.546,12.4,-58.2,40.9,-90.65,0,-109.84,-40.8,-90.55,,,,"",,,,"",,,,"",,,,"",,,,"",,,,"",,,,"",,,,"",,,,,,,,,,,,,,,,,,,,,,,,,,,,,,,,,,,,,,,,,,,,,,,,,,,,,,,,,,"",0,0,"",,,,0,""
2,,1,1,0,0,0,1,0,0,0,0,255,255,255,1,302.664,"ddil_ddil69",R,13,74,113,-1.602,-2.299,0.452,1.833,-0.057,0.745,-36.684,35.683,100,0,0,2,"",-360.703,346.256,10.535,-0.36,-19.639,0,"=","=","=","=","=","=","","","",5,R,"CoalCat",174,83,0.397,5,85,W,Y,1,304.118,180,107,85,88,77,,145,84,-30,-37.481,-0.266,0.264,-20.83,1,0,0.417,-107.215,-187.555,-132.553,304.059,-0.048,-21.113,306.076,4,17.408,0.15,-43.825,0,0,,,,,,,,,,,,,,,309.158,0,,147,2,,,,,,,,,,,311.863,2,,,,,,,0.007,-37.234,-0.018,-17.207,-20.964,-46.657,-13.965,-64.725,19.917,-48.379,12.4,-58.2,40.9,-90.65,0,-109.84,-40.8,-90.55,0.213,-37.031,,"소솨소솨",-0.069,-17.33,,"하루（Haru）",-20.968,-46.675,85,"うよすま",-13.912,-64.523,,"aura_5599",20.516,-49.128,113,"AI",12.899,-57.85,,"AI",40.904,-90.654,,"AI",0,-109.844,,"AI",-40.804,-90.554,,315.157,-0.595,-38.51,,,,308.535,-17.643,-40.171,,,,306.135,17.899,-44.63,,,,,,,,,,,,,,,,,,,313.983,-17.317,-39.557,,,,307.198,12.154,-43.665,,,,,,,,,,,,,"",2,0,"aura_5599",,,,19,""
3,,1,1,0,0,0,0,1,0,0,0,255,255,255,2,331.207,"ddil_ddil69",R,10,71,113,-0.189,-0.591,0.478,2.111,-0.035,1.726,-36.684,37.069,89,11,0,2,"",-38.673,400,10.183,0,0,1,"=","=","=","=","=","=","","","",3,R,"YukihiroD",174.3,80,0.398,5,82,W,Y,1,332.448,193,150,93,86,26,,145,117,-16.457,-25.394,-0.016,0.832,-20.996,0.84,0,0.555,-430.275,-108.158,-170.04,332.401,1.076,-23.291,335.52,6,30.657,0.055,-86.475,1,0,,338.05,,,,,,,,,,,,,,,,,,,,,,,,,,,,,,,,,,,,0.128,-37.331,-0.018,-17.206,-19.989,-46.214,-15.324,-63.499,21.935,-49.474,12.4,-58.2,40.9,-90.65,0,-109.84,-40.8,-90.55,0.279,-36.946,,"소솨소솨",-0.039,-17.244,,"하루（Haru）",-19.983,-46.208,,"うよすま",-15.301,-63.357,67,"aura_5599",21.363,-49.332,,"AI",12.779,-57.465,,"AI",40.904,-90.653,,"AI",0,-109.844,,"AI",-40.804,-90.553,,344.743,0.218,-38.616,,,,,,,339.159,0.432,-59.692,,,,,,,,,,,,,,,,,,,,,,,,,343.405,-1.778,-56.271,,,,,,,,,,,,,,,,"",2,0,"AI",,,,5,""
4,,1,1,0,0,0,0,1,1,0,0,3,255,255,3,356.678,"ddil_ddil69",R,26,86,139,0.346,-0.97,0.49,1.831,0.121,0.809,-36.684,26.334,48,52,0,1,"",11.488,-200,-1.298,0,0,2,"=","=","=","=","=","=","","","",2,R,"kneesohime",190,85,0.497,,87,W,Y,0,,,,,,,,,,,,,,,,,,,,,,,,,,,,,0,0,,,,,,,,,,,,359.341,,,,,,,,,,,,,,,,,,,,,,,,,,0.113,-37.494,-0.012,-17.225,-19.718,-45.81,-7.472,-61.756,21.164,-49.305,12.4,-58.2,40.9,-90.65,0,-109.84,-40.8,-90.55,,,,"",,,,"",,,,"",,,,"",,,,"",,,,"",,,,"",,,,"",,,,361.12,-0.055,-37.158,,,,,,,,,,,,,,,,,,,,,,,,,,,,,,,,,,,,,,,,,,,,,,,,,,,,"",0,0,"",,,,0,""
5,,1,1,0,0,1,0,1,1,0,0,3,255,255,4,370.596,"ddil_ddil69",R,0,53,109,-2.907,0.441,0.19,2.161,-1.272,1.877,-36.684,36.479,100,0,0,4,"",0,0,-7.78,0,0,2,"=","=","=","=","=","=","","","",2,R,"kneesohime",190,85,0.497,,87,W,Y,1,,,,,,,,,,,,,,,,,,,,,,,,,,,,,0,0,,,,,,,,,,,,371.995,,,,,,,,,,,,,,,,,,,,,,,,,,0.085,-37.523,-0.019,-17.222,-19.284,-44.99,-9.318,-61.676,20.583,-49.133,10.974,-65.862,40.9,-90.65,0,-109.84,-40.8,-90.55,,,,"",,,,"",,,,"",,,,"",,,,"",,,,"",,,,"",,,,"",,,,375.921,-0.269,-37.404,,,,,,,,,,,,,,,,,,,,,,,,,,,,,,,,,,,,,,,,,,,,,,,,,,,,"",0,0,"",,,,0,""
6,,1,1,0,0,1,1,1,1,0,0,3,255,255,5,385.497,"ddil_ddil69",R,8,63,114,-3.101,-0.009,0.126,2.072,-1.571,1.589,-36.684,23.057,94,6,0,1,"",120.806,0,14.032,0,0,2,"=","=","=","=","=","=","","","",2,R,"kneesohime",190,85,0.497,,87,W,Y,0,,,,,,,,,,,,,,,,,,,,,,,,,,,,,0,0,,,,,,,,,,,,399.956,,,,,,,,,,,,,,,,,,,,,,,,,,-0.057,-37.324,-0.009,-17.217,-19.86,-41.66,-12.997,-60.205,20.751,-49.128,12.315,-64.97,40.9,-90.65,0,-109.84,-40.8,-90.55,,,,"",,,,"",,,,"",,,,"",,,,"",,,,"",,,,"",,,,"",,,,389.929,0.005,-37.185,,,,,,,,,,,,,,,,,,,,,,,,,,,,,,,,,,,,,,,,,,,,,,,,,,,,"",0,0,"",,,,0,""
7,,1,1,0,0,2,1,1,1,0,0,3,255,255,6,400.659,"ddil_ddil69",R,26,96,140,0.513,-0.185,0.496,1.969,0.226,1.302,-36.684,40.588,89,11,0,0,"",-13.669,-200,4.159,0,0,2,"=","=","=","=","=","=","","","",2,R,"kneesohime",190,85,0.497,,87,W,Y,1,,,,,,,,,,,,,,,,,,,,,,,,,,,,,0,0,,,,,,,,,,,,403.568,,,,,,,,,,,,,,,,,,,,,,,,,,0.079,-37.484,-0.013,-17.213,-19.528,-41.568,-13.239,-59.892,19.929,-47.728,12.46,-62.871,40.9,-90.65,0,-109.84,-40.8,-90.55,,,,"",,,,"",,,,"",,,,"",,,,"",,,,"",,,,"",,,,"",,,,405.196,-0.082,-37.173,,,,,,,,,,,,,,,,,,,,,,,,,,,,,,,,,,,,,,,,,,,,,,,,,,,,"",0,0,"",,,,0,""
8,,1,1,0,0,2,2,1,1,0,0,3,255,255,7,414.678,"ddil_ddil69",R,13,85,124,-2.473,-1.314,0.365,1.926,-0.461,1.117,-36.684,27.025,43,57,0,1,"",-390.434,312.348,12.922,-0.721,-17.491,2,"=","=","=","=","=","=","","","",2,R,"kneesohime",190,85,0.497,,87,W,Y,0,,,,,,,,,,,,,,,,,,,,,,,,,,,,,0,0,,,,,,,,,,,,429.68,,,,,,,,,,,,,,,,,,,,,,,,,,0.062,-37.25,-0.02,-17.215,-19.784,-42.088,-13.882,-60.063,21.277,-48.406,12.423,-63.659,40.9,-90.65,0,-109.84,-40.8,-90.55,,,,"",,,,"",,,,"",,,,"",,,,"",,,,"",,,,"",,,,"",,,,419.463,-0.106,-37.353,,,,,,,,,,,,,,,,,,,,,,,,,,,,,,,,,,,,,,,,,,,,,,,,,,,,"",0,0,"",,,,0,""
9,,1,1,0,0,3,2,1,1,0,0,3,255,255,8,430.214,"ddil_ddil69",R,10,61,106,3.072,0.88,0.576,2.377,1.321,2.706,-36.684,71.196,100,0,0,2,"",0,400,-2.294,0,0,2,"=","=","=","=","=","=","","","",2,R,"kneesohime",190,85,0.497,0,87,W,Y,1,431.505,204,83,53,51,30,,137,87,61.04,54.258,0.568,1.268,-19.842,-1,0,0.234,40.16,-99.505,-255.289,436.884,-47.414,-56.892,,,,,,0,0,,,,,,,,,,,,,,,,,,,,,,,,,,,,,,,,,,,,,,0.058,-37.456,-0.025,-17.213,-20.012,-41.897,-13.21,-60.217,20.245,-48.287,11.424,-62.23,40.9,-90.65,0,-109.84,-40.8,-90.55,0.441,-36.916,,"소솨소솨",-0.006,-17.2,,"하루（Haru）",-20.04,-41.914,,"うよすま",-13.137,-60.093,,"aura_5599",20.22,-48.212,,"HANA_ARASHI",11.825,-61.832,,"AI",40.904,-90.653,,"AI",0,-109.844,,"AI",-40.804,-90.553,,,,,,,,,,,,,,,,,,,,,,,,,,,,,,,,,,,,,,,,,,,,,,,,,,,,,,,,"",3,0,"",,,,0,""
10,,1,1,0,0,3,2,1,1,0,0,3,255,255,9,453.621,"ddil_ddil69",R,26,82,133,-0.808,-0.792,0.375,1.863,-0.412,0.911,-36.684,20.122,56,44,0,0,"",32.378,-200,12.197,-0.332,-14.034,2,"=","=","=","=","=","=","","","",2,R,"kneesohime",190,85,0.497,,87,W,Y,0,,,,,,,,,,,,,,,,,,,,,,,,,,,,,0,0,,,,,,,,,,,,454.813,,,456.365,2,,578,0,,,,,,,,,,,,,,,,,,,0.06,-37.45,-0.02,-17.215,-20.403,-45.485,-13.675,-60.369,21.701,-50.377,12.37,-63.537,40.9,-90.65,0,-109.84,-40.8,-90.55,,,,"",,,,"",,,,"",,,,"",,,,"",,,,"",,,,"",,,,"",,,,,,,,,,,,,,,,,,,,,,,,,,,,,,,,,,,,,,,,,,,,,,,,,,,,,,,,,,"",0,0,"",,,,0,""
11,,1,1,0,0,0,0,2,1,0,0,3,255,255,10,475.751,"ddil_ddil69",R,32,96,140,1.308,-0.75,0.511,1.929,0.285,0.962,-36.684,38.328,77,23,0,2,"",232.605,-200,21.877,0,0,3,"=","=","=","=","=","=","","","",4,R,"紅さかな",172.6,86,0.399,0,103,W,Y,1,476.874,255,54,174,34,42,,145,110,28.783,19.749,0.242,0.703,-20.545,0.06,0,0.242,309.717,287.59,229.639,481.743,-38.78,-106.791,481.735,8,-37.546,2.106,-104.362,0,0,,482.255,,,,,,,,,,,,,481.974,3,,456,0,,,,,,,,,,,,,,,,,,,0.094,-37.434,0.026,-17.119,-19.929,-45.801,-15.476,-62.48,21.066,-50.152,10.768,-62.426,40.9,-90.65,0,-109.84,-40.8,-90.55,0.343,-36.745,,"소솨소솨",-0.063,-17.249,,"하루（Haru）",-19.548,-45.925,,"うよすま",-15.335,-62.479,,"aura_5599",20.799,-49.832,,"HANA_ARASHI",10.733,-62.408,,"AI",40.903,-90.653,,"AI",0,-109.844,,"AI",-40.803,-90.553,,,,,,,,,,,,,,,,,,,,,,,,,,,,,,,,,,,,,,,,,,,,,,,,,,,,,,,,"",1,0,"AI",,,,0,""
12,SIDE,1,1,0,0,0,0,2,1,0,0,3,255,255,,483.358,,,,,,,,,,,,,,,,,,,,,,,,4,"=","=","=","=","=","=","","","",,,,,,,,,,,,,,,,,,,,,,,,,,,,,,,,,,,,,,,0,0,,,,,,,,,,,,,,,,,,,,,,,,,,,,,,,,,,,,,,,,,,,,,,,,,,,,,,,,,,,,,,,,,,,,,,,,,,,,,,,,,,,,,,,,,,,,,,,,,,,,,,,,,,,,,,,,,,,,,,,,,,,,,,,,,,,,,,,,,,,,,,,,,"",0,0,"",,,,0,""
13,,1,0,0,0,0,0,0,0,0,0,255,255,255,0,602.221,"Fresh825",R,27,88,140,-2.444,-1.595,0.117,1.488,-1.207,0.616,-36.44,8.808,9,91,0,4,"",120.115,-130.015,4.485,0,0,0,"うよすま","하루（Haru）","aura_5599","HANA_ARASHI","소솨소솨","ddil_ddil69","","","",3,R,"うよすま",160,85.375,0.502,,74,W,Y,1,,,,,,,,,,,,,,,,,,,,,,,,,,,,,0,0,,,,,,,,,,,,,,,,,,,,,,,,,,,,,,,,,,,,,,-0.03,-37.727,-0.03,-17.451,-22.672,-48.73,-16.366,-60.065,20.241,-46.537,10.659,-61.443,40.93,-90.677,0,-109.88,-40.837,-90.584,,,,"",,,,"",,,,"",,,,"",,,,"",,,,"",,,,"",,,,"",,,,,,,,,,,,,,,,,,,,,,,,,,,,,,,,,,,,,,,,,,,,,,,,,,,,,,,,,,"",0,0,"",,,,0,""
14,,1,0,0,0,0,1,0,0,0,0,255,255,255,1,617.658,"Fresh825",R,3,80,107,-2.398,-0.643,0.282,1.584,-0.276,1.364,-36.44,23.013,35,65,0,4,"",-413.121,59.1,-0.27,0,0,0,"=","=","=","=","=","=","","","",3,R,"うよすま",160,85.375,0.502,,74,W,Y,1,,,,,,,,,,,,,,,,,,,,,,,,,,,,,0,0,,,,,,,,,,,,,,,,,,,,,,,,,,,,,,,,,,,,,,-0.075,-37.732,0.025,-17.436,-21.037,-47.259,-16.446,-60.404,20.259,-46.468,10.653,-61.459,40.915,-90.664,0,-109.86,-40.815,-90.564,,,,"",,,,"",,,,"",,,,"",,,,"",,,,"",,,,"",,,,"",,,,,,,,,,,,,,,,,,,,,,,,,,,,,,,,,,,,,,,,,,,,,,,,,,,,,,,,,,"",0,0,"",,,,0,""
15,,1,0,0,0,0,2,0,0,0,0,255,255,255,2,632.04,"Fresh825",R,13,79,105,-2.652,-2.851,0.288,1.434,-0.495,0.538,-36.44,23.854,40,60,0,1,"",-349.667,340.311,-5.739,-0.475,-20.656,0,"=","=","=","=","=","=","","","",3,R,"うよすま",160,85.375,0.502,,74,W,Y,0,,,,,,,,,,,,,,,,,,,,,,,,,,,,,0,0,,,,,,,,,,,,,,,,,,,,,,,,,,,,,,,,,,,,,,-0.076,-37.676,-0.018,-17.444,-21.316,-47.586,-16.324,-60.442,20.124,-46.319,10.638,-61.445,40.915,-90.664,0,-109.85,-40.815,-90.564,,,,"",,,,"",,,,"",,,,"",,,,"",,,,"",,,,"",,,,"",,,,,,,,,,,,,,,,,,,,,,,,,,,,,,,,,,,,,,,,,,,,,,,,,,,,,,,,,,"",0,0,"",,,,0,""
16,,1,0,0,0,1,2,0,0,0,0,255,255,255,3,646.489,"Fresh825",R,32,87,140,-1.575,-2.015,0.162,1.445,-0.894,0.425,-36.44,14.843,9,91,0,1,"",152.173,-100.995,0.433,-0.334,-17.748,0,"=","=","=","=","=","=","","","",3,R,"うよすま",160,85.375,0.502,,74,W,Y,0,,,,,,,,,,,,,,,,,,,,,,,,,,,,,0,0,,,,,,,,,,,,,,,,,,,,,,,,,,,,,,,,,,,,,,-0.065,-37.778,-0.067,-17.462,-21.401,-47.665,-16.406,-60.421,19.239,-45.195,10.67,-61.48,40.915,-90.664,0,-109.85,-40.815,-90.564,,,,"",,,,"",,,,"",,,,"",,,,"",,,,"",,,,"",,,,"",,,,,,,,,,,,,,,,,,,,,,,,,,,,,,,,,,,,,,,,,,,,,,,,,,,,,,,,,,"",0,0,"",,,,0,""
17,,1,0,0,0,2,2,0,0,0,0,255,255,255,4,660.154,"Fresh825",R,3,76,105,-0.984,-1.032,0.512,1.613,0.288,1.217,-36.44,15.426,54,46,0,2,"",-379.964,94.069,4.142,0,0,0,"=","=","=","=","=","=","","","",3,R,"うよすま",160,85.375,0.502,3,74,W,Y,1,661.287,163,140,117,81,7,,145,76,-15.252,52.451,-0.304,0.497,-20.153,1,0,0.327,62.599,560.095,-128.617,661.218,-2.271,-21.649,,,,,,0,0,,,,,,,,,,,,,,,,,,,,,,,,,,,,,,,,,,,,,,0.153,-37.726,0.066,-17.435,-21.405,-47.596,-16.373,-60.445,19.175,-45.1,10.654,-61.413,40.915,-90.664,0,-109.85,-40.815,-90.564,0.444,-37.77,,"Kr_Luna",0.037,-17.418,,"kneesohime",-21.337,-47.529,,"YukihiroD",-16.365,-60.397,,"紅さかな",19.137,-45.063,,"CoalCat",10.648,-61.329,,"AI",40.9,-90.65,,"AI",0,-109.84,,"AI",-40.8,-90.55,,,,,,,,,,,,,,,,,,,,,,,,,,,,,,,,,,,,,,,,,,,,,,,,,,,,,,,,"",3,0,"",,,,0,""
18,,1,0,0,0,2,2,0,0,0,0,255,255,255,5,679.25,"Fresh825",R,32,74,125,5.42,-0.503,0.593,1.573,2.034,1.188,-36.44,53.18,14,86,0,1,"",201.554,-119.198,-5.146,0,0,0,"=","=","=","=","=","=","","","",3,R,"うよすま",160,85.375,0.502,,73,W,Y,0,,,,,,,,,,,,,,,,,,,,,,,,,,,,,0,0,,,,,,,,,,,,,,,,,,,,,,,,,,,,,,,,,,,,,,-0.095,-37.726,-0.001,-17.442,-21.588,-46.916,-16.065,-59.8,19.851,-46.085,10.223,-62.56,40.915,-90.664,0,-109.86,-40.815,-90.564,,,,"",,,,"",,,,"",,,,"",,,,"",,,,"",,,,"",,,,"",,,,,,,,,,,,,,,,,,,,,,,,,,,,,,,,,,,,,,,,,,,,,,,,,,,,,,,,,,"",0,0,"",,,,0,""
19,,1,0,0,0,3,2,0,0,0,0,255,255,255,6,694.868,"Fresh825",R,10,66,99,1.195,1.156,0.372,1.847,0.51,2.856,-36.44,27.828,100,0,0,0,"",0,360.036,2.109,0,0,0,"=","=","=","=","=","=","","","",3,R,"うよすま",160,85.375,0.502,,73,W,Y,0,,,,,,,,,,,,,,,,,,,,,,,,,,,,,0,0,,,,,,,,,,,,,,,697.619,0,,578,0,,,,,,,,,,,,,,,,,,,-0.023,-37.649,-0.123,-17.568,-21.637,-46.948,-16.052,-59.756,19.739,-46.017,10.228,-62.588,40.915,-90.664,0,-109.85,-40.815,-90.564,,,,"",,,,"",,,,"",,,,"",,,,"",,,,"",,,,"",,,,"",,,,,,,,,,,,,,,,,,,,,,,,,,,,,,,,,,,,,,,,,,,,,,,,,,,,,,,,,,"",0,0,"",,,,0,""
20,,1,0,0,0,0,0,1,0,0,0,255,255,255,7,715.763,"Fresh825",R,32,81,132,-0.276,-0.241,0.272,1.607,-0.355,1.295,-36.44,19.794,10,90,0,2,"",183.859,-177.771,10.366,0,0,1,"=","=","=","=","=","=","","","",2,L,"하루（Haru）",190,85,0.397,5,73,W,Y,1,716.942,229,225,135,119,45,,145,119,-15.377,-11.446,-0.052,0.918,-20.269,0.08,0.19,0.293,61.618,-518.23,92.205,716.968,0.566,-23.261,718.676,5,8.315,0.142,-60.416,0,0,,722.921,,,,,,,,,,,,,721.754,1,,147,1,,,,,,,,,,,,,,,,,,,-0.028,-37.862,-0.09,-17.549,-21.084,-48.241,-8.921,-65.501,20.167,-46.434,12.558,-62.168,40.922,-90.671,0,-109.86,-40.822,-90.57,0.067,-37.18,,"Kr_Luna",-0.016,-17.498,,"kneesohime",-19.708,-46.667,76,"YukihiroD",-9.132,-65.432,,"紅さかな",20.191,-46.446,,"CoalCat",12.601,-62.017,101,"AI",40.9,-90.65,,"AI",0,-109.84,,"AI",-40.8,-90.55,,724.343,-0.528,-37.649,,,,721.183,-18.172,-40.179,,,,,,,718.795,8.601,-61.963,,,,,,,,,,,,,,,,723.232,-17.543,-39.687,,,,,,,719.728,4.495,-59.387,,,,,,,,,,"",2,0,"CoalCat",,,,37,""
21,,1,0,0,0,0,0,2,0,0,0,255,255,255,8,738.759,"Fresh825",R,32,84,136,-0.812,-0.953,0.196,1.495,-0.575,0.899,-36.44,26.49,10,90,0,2,"",179.916,-127.632,-3.662,0,0,2,"=","=","=","=","=","=","","","",4,R,"aura_5599",190,94.523,0.448,5,41,W,Y,1,739.744,94,132,140,102,57,,135,83,14.298,25.048,-0.175,0.565,-20.475,1,0,0.308,-528.158,94.037,133.853,741.659,-17.167,-55.869,741.784,3,-15.643,1.056,-52.789,0,0,,,,,,,,,,,,,,,741.916,2,,452,0,,,,,,,,,,,,,,,,,,,-0.209,-37.612,0.037,-17.54,-20.316,-46.804,-15.819,-60.468,20.44,-46.416,12.011,-62.978,40.917,-90.666,0,-109.86,-40.822,-90.57,0.155,-37.297,,"Kr_Luna",-0.01,-17.5,,"kneesohime",-20.282,-46.736,,"YukihiroD",-15.713,-60.492,,"紅さかな",20.398,-46.315,,"CoalCat",12.039,-62.869,,"AI",40.9,-90.65,,"AI",0,-109.84,,"AI",-40.8,-90.55,,,,,,,,,,,741.925,-16.128,-53.699,,,,,,,,,,,,,,,,,,,,,,,,,,,,,,,,,,,,,,,,,,,"",1,0,"YukihiroD",,,,2,""
22,SIDE,1,0,0,0,0,0,2,0,0,0,255,255,255,,742.99,,,,,,,,,,,,,,,,,,,,,,,,3,"=","=","=","=","=","=","","","",,,,,,,,,,,,,,,,,,,,,,,,,,,,,,,,,,,,,,,0,0,,,,,,,,,,,,,,,,,,,,,,,,,,,,,,,,,,,,,,,,,,,,,,,,,,,,,,,,,,,,,,,,,,,,,,,,,,,,,,,,,,,,,,,,,,,,,,,,,,,,,,,,,,,,,,,,,,,,,,,,,,,,,,,,,,,,,,,,,,,,,,,,,"",0,0,"",,,,0,""
23,,2,1,0,0,0,0,0,0,0,0,255,255,255,11,778.782,"ddil_ddil69",R,26,85,138,-1.759,-0.982,0.287,1.815,-0.819,0.802,-36.684,23.445,55,45,0,1,"",35.403,-200,16.783,0,0,4,"CoalCat","YukihiroD","kneesohime","紅さかな","Kr_Luna","Fresh825","","","",1,L,"Kr_Luna",190,95.432,0.498,,72,W,Y,0,,,,,,,,,,,,,,,,,,,,,,,,,,,,,0,0,,,,,,,,,,,,,,,,,,,,,,,,,,,,,,,,,,,,,,-0.014,-37.337,0.079,-17.167,-20.079,-46.267,-9.461,-65.237,25.08,-53.576,12.064,-63.503,40.937,-90.684,0,-109.88,-40.837,-90.584,,,,"",,,,"",,,,"",,,,"",,,,"",,,,"",,,,"",,,,"",,,,,,,,,,,,,,,,,,,,,,,,,,,,,,,,,,,,,,,,,,,,,,,,,,,,,,,,,,"",0,0,"",,,,0,""
24,,2,1,0,0,1,0,0,0,0,0,255,255,255,12,791.848,"ddil_ddil69",R,26,86,139,0.641,-1.448,0.501,1.739,0.171,0.511,-36.684,26.273,44,56,0,1,"",66.134,-200,11.893,0.09,-18.398,4,"=","=","=","=","=","=","","","",1,L,"Kr_Luna",190,95.432,0.498,,72,W,Y,0,,,,,,,,,,,,,,,,,,,,,,,,,,,,,0,0,,,,,,,,,,,,,,,,,,,,,,,,,,,,,,,,,,,,,,0.119,-37.212,0.068,-17.17,-20.061,-46.332,-7.543,-66.408,23.671,-50.443,13.519,-62.731,40.907,-90.657,0,-109.85,-40.808,-90.557,,,,"",,,,"",,,,"",,,,"",,,,"",,,,"",,,,"",,,,"",,,,,,,,,,,,,,,,,,,,,,,,,,,,,,,,,,,,,,,,,,,,,,,,,,,,,,,,,,"",0,0,"",,,,0,""
25,,2,1,0,0,2,0,0,0,0,0,255,255,255,13,809.064,"ddil_ddil69",R,26,87,140,1.283,1.293,0.461,2.289,0.385,2.227,-36.684,64.529,77,23,0,4,"",122.421,-200,35.34,0,0,4,"=","=","=","=","=","=","","","",1,L,"Kr_Luna",190,95.432,0.498,,72,W,Y,0,,,,,,,,,,,,,,,,,,,,,,,,,,,,,0,0,,,,,,,,,,,,,,,,,,,,,,,,,,,,,,,,,,,,,,0.011,-37.221,0.101,-17.147,-20.055,-46.313,-7.999,-66.251,23.485,-50.684,13.065,-62.677,40.915,-90.664,0,-109.85,-40.815,-90.564,,,,"",,,,"",,,,"",,,,"",,,,"",,,,"",,,,"",,,,"",,,,,,,,,,,,,,,,,,,,,,,,,,,,,,,,,,,,,,,,,,,,,,,,,,,,,,,,,,"",0,0,"",,,,0,""
26,,2,1,0,0,2,1,0,0,0,0,255,255,255,14,827.823,"ddil_ddil69",R,32,106,140,-0.326,-0.752,0.362,1.979,-0.472,1.277,-36.684,31.548,81,19,0,0,"",250,176.465,-40.121,-0.08,-18.256,4,"=","=","=","=","=","=","","","",1,L,"Kr_Luna",190,95.432,0.498,,73,W,Y,0,,,,,,,,,,,,,,,,,,,,,,,,,,,,,0,0,,,,,,,,,,,,,,,,,,,,,,,,,,,,,,,,,,,,,,0.037,-37.233,0.059,-17.118,-20.027,-46.362,-8.282,-66.946,23.786,-51.561,13.767,-63.316,40.915,-90.664,0,-109.86,-40.815,-90.564,,,,"",,,,"",,,,"",,,,"",,,,"",,,,"",,,,"",,,,"",,,,,,,,,,,,,,,,,,,,,,,,,,,,,,,,,,,,,,,,,,,,,,,,,,,,,,,,,,"",0,0,"",,,,0,""
27,,2,1,0,0,2,2,0,0,0,0,255,255,255,15,843.494,"ddil_ddil69",R,26,95,140,-0.076,-1.361,0.441,1.76,-0.106,0.567,-36.684,27.07,37,63,0,1,"",43.076,-200,7.138,-0.115,-16.198,4,"=","=","=","=","=","=","","","",1,L,"Kr_Luna",190,95.432,0.498,,73,W,Y,0,,,,,,,,,,,,,,,,,,,,,,,,,,,,,0,0,,,,,,,,,,,,,,,,,,,,,,,,,,,,,,,,,,,,,,0.033,-37.154,0.031,-17.159,-19.878,-46.653,-8.163,-67.077,25.275,-53.713,13.769,-63.071,40.907,-90.657,0,-109.85,-40.807,-90.557,,,,"",,,,"",,,,"",,,,"",,,,"",,,,"",,,,"",,,,"",,,,,,,,,,,,,,,,,,,,,,,,,,,,,,,,,,,,,,,,,,,,,,,,,,,,,,,,,,"",0,0,"",,,,0,""
28,,2,1,0,0,3,2,0,0,0,0,255,255,255,16,857.899,"ddil_ddil69",R,35,103,140,-0.266,-1.121,0.397,1.919,-0.311,1.082,-36.684,29.587,77,23,0,4,"",132.986,200,-4.655,-0.111,-16.368,4,"=","=","=","=","=","=","","","",1,L,"Kr_Luna",190,95.432,0.498,,73,W,Y,0,,,,,,,,,,,,,,,,,,,,,,,,,,,,,0,0,,,,,,,,,,,,,,,861.894,4,,706,0,,,,,,,,,,,,,,,,,,,0.053,-37.226,0.052,-17.143,-19.921,-46.682,-8.221,-66.992,23.212,-52.135,14.264,-63.023,40.907,-90.657,0,-109.85,-40.807,-90.557,,,,"",,,,"",,,,"",,,,"",,,,"",,,,"",,,,"",,,,"",,,,,,,,,,,,,,,,,,,,,,,,,,,,,,,,,,,,,,,,,,,,,,,,,,,,,,,,,,"",0,0,"",,,,0,""
29,,2,1,0,0,0,0,1,0,0,0,255,255,255,17,882.294,"ddil_ddil69",R,29,99,140,-2.015,-1.763,0.322,1.745,-0.659,0.52,-36.684,13.201,40,60,0,1,"",-164.403,32.718,11.582,-0.508,-18.021,5,"=","=","=","=","=","=","","","",0,L,"Fresh825",190,80,0.2,,73,W,Y,0,,,,,,,,,,,,,,,,,,,,,,,,,,,,,0,0,,,,,,,,,,,,,,,,,,,,,,,,,,,,,,,,,,,,,,0.08,-37.318,0.03,-17.155,-19.7,-45.385,-12.066,-64.851,23.625,-51.632,13.201,-62.66,40.922,-90.67,0,-109.86,-40.822,-90.57,,,,"",,,,"",,,,"",,,,"",,,,"",,,,"",,,,"",,,,"",,,,,,,,,,,,,,,,,,,,,,,,,,,,,,,,,,,,,,,,,,,,,,,,,,,,,,,,,,"",0,0,"",,,,0,""
30,,2,1,0,0,1,0,1,0,0,0,255,255,255,18,896.101,"ddil_ddil69",R,29,90,140,-0.932,-1.263,0.43,1.877,-0.158,0.948,-36.684,29.453,78,22,0,1,"",-250,200,-72.433,-1.959,-21.017,5,"=","=","=","=","=","=","","","",0,L,"Fresh825",190,80,0.2,,73,W,Y,0,,,,,,,,,,,,,,,,,,,,,,,,,,,,,0,0,,,,,,,,,,,,,,,,,,,,,,,,,,,,,,,,,,,,,,0.038,-37.213,0.02,-17.158,-19.686,-45.414,-14.098,-64.458,21.652,-51.057,13.001,-62.096,40.907,-90.657,0,-109.85,-40.807,-90.557,,,,"",,,,"",,,,"",,,,"",,,,"",,,,"",,,,"",,,,"",,,,,,,,,,,,,,,,,,,,,,,,,,,,,,,,,,,,,,,,,,,,,,,,,,,,,,,,,,"",0,0,"",,,,0,""
31,,2,1,0,0,2,0,1,0,0,0,255,255,255,19,914.005,"ddil_ddil69",R,35,107,140,-0.528,-1.405,0.415,1.762,-0.226,0.909,-36.684,28.285,42,58,0,1,"",-11.828,200,16.221,-0.208,-17.059,5,"=","=","=","=","=","=","","","",0,L,"Fresh825",190,80,0.2,,73,W,Y,0,,,,,,,,,,,,,,,,,,,,,,,,,,,,,0,0,,,,,,,,,,,,,,,,,,,,,,,,,,,,,,,,,,,,,,0.025,-37.208,0.031,-17.103,-19.571,-45.627,-14.078,-64.41,22.181,-51.319,12.969,-62.299,40.915,-90.664,0,-109.85,-40.815,-90.564,,,,"",,,,"",,,,"",,,,"",,,,"",,,,"",,,,"",,,,"",,,,,,,,,,,,,,,,,,,,,,,,,,,,,,,,,,,,,,,,,,,,,,,,,,,,,,,,,,"",0,0,"",,,,0,""
32,,2,1,0,0,3,0,1,0,0,0,255,255,255,20,928.258,"ddil_ddil69",R,26,85,121,-0.082,0.812,0.492,2.105,0.089,1.898,-36.684,48.464,95,5,0,0,"",-85,-200,-3.332,0,0,5,"=","=","=","=","=","=","","","",0,L,"Fresh825",190,80,0.2,,73,W,Y,0,,,,,,,,,,,,,,,,,,,,,,,,,,,,,0,0,,,,,,,,,,,,,,,,,,,,,,,,,,,,,,,,,,,,,,0.098,-37.378,0.059,-16.937,-19.621,-45.612,-12.487,-65.47,21.408,-50.842,13.056,-61.767,40.907,-90.657,0,-109.85,-40.807,-90.557,,,,"",,,,"",,,,"",,,,"",,,,"",,,,"",,,,"",,,,"",,,,,,,,,,,,,,,,,,,,,,,,,,,,,,,,,,,,,,,,,,,,,,,,,,,,,,,,,,"",0,0,"",,,,0,""
33,,2,1,0,0,3,1,1,0,0,0,255,255,255,21,947.526,"ddil_ddil69",R,26,84,120,-0.752,-0.841,0.356,1.724,-0.336,0.866,-36.684,20.768,43,57,0,2,"",-2.138,-200,8.797,0,0,5,"=","=","=","=","=","=","","","",0,L,"Fresh825",190,80,0.2,5,73,W,Y,1,948.746,189,109,116,134,107,,145,131,-1.294,50.095,-0.131,0.724,-20.696,0.61,0,0.153,272.359,-390.623,-250.609,949.059,-12.302,-31.098,,,,,,0,0,,,,,,,,,,,,,,,,,,,,,,,,,,,,,,,,,,,,,,0.002,-37.207,0.051,-16.938,-19.496,-45.804,-12.784,-65.04,21.718,-50.594,13.778,-62.491,40.915,-90.664,0,-109.85,-40.815,-90.564,0.328,-36.563,,"소솨소솨",-0.052,-17.258,,"하루（Haru）",-19.183,-46.091,,"うよすま",-12.707,-64.897,,"aura_5599",20.64,-49.214,,"HANA_ARASHI",13.791,-62.463,,"AI",40.9,-90.65,,"AI",0,-109.84,,"AI",-40.8,-90.55,,,,,,,,,,,,,,,,,,,,,,,,,,,,,,,,,,,,,,,,,,,,,,,,,,,,,,,,"",3,0,"",,,,0,""
34,,2,1,0,0,3,2,1,0,0,0,255,255,255,22,964.716,"ddil_ddil69",R,26,89,140,-0.756,-0.615,0.401,1.897,-0.291,1.033,-36.684,34.162,80,20,0,2,"",-37.585,-200,-2.447,0,0,5,"=","=","=","=","=","=","","","",0,L,"Fresh825",190,80,0.2,5,70,W,Y,1,965.829,140,118,143,106,0,,144,100,-4.663,-59.786,-0.168,0.716,-19.634,-0.43,0,0.144,69.315,-267.386,174.11,965.951,5.64,-22.984,,,,,,0,0,,,,,,,,,,,,,,,,,,,,,,,,,,,,,,,,,,,,,,0.065,-37.48,0.039,-17.053,-20.329,-45.463,-14.037,-64.206,22.122,-50.749,14.32,-62.358,40.915,-90.664,0,-109.85,-40.808,-90.557,0.225,-36.628,,"소솨소솨",0.025,-17.167,,"하루（Haru）",-20.309,-45.481,,"うよすま",-13.954,-64.039,,"aura_5599",21.294,-49.797,,"HANA_ARASHI",14.145,-62.269,,"AI",40.9,-90.65,,"AI",0,-109.84,,"AI",-40.8,-90.55,,,,,,,,,,,,,,,,,,,,,,,,,,,,,,,,,,,,,,,,,,,,,,,,,,,,,,,,"",3,0,"",,,,0,""
35,,2,1,0,0,3,2,1,0,0,0,255,255,255,23,982.522,"ddil_ddil69",R,6,69,109,-0.093,-0.358,0.252,2.003,-0.985,1.376,-36.684,29.249,90,10,0,2,"",495.455,0,-6.942,0,0,5,"=","=","=","=","=","=","","","",0,L,"Fresh825",190,80,0.2,3,70,W,Y,1,983.753,255,142,69,108,87,,144,86,12.122,-62.335,-0.031,0.946,-20.99,1,0,0.157,-26.29,-112.955,-106.593,984.901,25.094,-33.859,,,,,,0,0,,,,,,,,,,,,,,,,,,,,,,,,,,,,,,,,,,,,,,-0.058,-37.217,0.023,-17.04,-20.217,-45.921,-16.755,-62.938,19.976,-47.054,14.901,-62.84,40.908,-90.657,0,-109.85,-40.808,-90.557,0.205,-36.703,,"소솨소솨",-0.067,-17.109,,"하루（Haru）",-20.215,-45.936,,"うよすま",-16.687,-62.8,,"aura_5599",19.849,-46.933,,"HANA_ARASHI",14.888,-62.836,,"AI",40.9,-90.65,,"AI",0,-109.84,,"AI",-40.8,-90.55,,,,,,,,,,,,,,,,,,,,,,,,,,,,,,,,,,,,,,,,,,,,,,,,,,,,,,,,"",3,0,"",,,,0,""
36,,2,1,0,0,3,2,1,0,0,0,255,255,255,24,999.542,"ddil_ddil69",R,26,100,140,-0.098,-0.633,0.471,1.894,0.034,1.022,-36.684,32.857,91,9,0,2,"",-66.367,-200,19.584,0,0,5,"=","=","=","=","=","=","","","",0,L,"Fresh825",190,80,0.2,0,70,W,Y,1,1000.669,198,141,112,104,0,,145,107,31.064,-31.388,0.159,0.589,-19.442,0.96,0,0.15,-63.369,-550.301,-133.334,1005.168,55.637,-88.029,1005.334,6,53.663,2.031,-86.119,0,0,,1006.206,,,,,,,,,,,,,1005.439,5,,456,0,,,,,,,,,,,,,,,,,,,0.079,-37.331,0.027,-17.04,-20.122,-46.206,-16.567,-63.024,20.323,-48.328,14.873,-61.822,40.922,-90.671,0,-109.86,-40.822,-90.57,0.314,-36.495,,"소솨소솨",0.003,-17.144,,"하루（Haru）",-20.133,-46.219,,"うよすま",-16.451,-62.883,67,"aura_5599",20.342,-48.271,,"HANA_ARASHI",13.943,-62.369,,"AI",40.9,-90.65,,"AI",0,-109.84,,"AI",-40.8,-90.55,,1013.521,-0.048,-39.076,,,,,,,1010.273,0.002,-59.028,,,,,,,,,,,,,,,,,,,,,,,,,1012.166,-0.407,-57.447,,,,,,,,,,,,,,,,"",1,0,"AI",,,,33,""
37,,2,1,0,0,0,0,2,0,0,0,255,255,255,25,1026.749,"ddil_ddil69",R,26,93,140,-1.2,-1.765,0.346,1.724,-0.55,0.37,-36.684,24.876,42,58,0,1,"",11.255,-200,14.976,-0.321,-17.511,0,"=","=","=","=","=","=","","","",5,R,"CoalCat",174,83,0.397,,72,W,Y,0,,,,,,,,,,,,,,,,,,,,,,,,,,,,,0,0,,,,,,,,,,,,,,,,,,,,,,,,,,,,,,,,,,,,,,-0.007,-37.337,0.02,-17.043,-20.299,-45.896,-16.18,-63.181,21.687,-49.416,14.168,-63.125,40.922,-90.671,0,-109.87,-40.822,-90.57,,,,"",,,,"",,,,"",,,,"",,,,"",,,,"",,,,"",,,,"",,,,1030.948,0.13,-37.509,,,,,,,,,,,,,,,,,,,,,,,,,,,,,,,,,,,,,,,,,,,,,,,,,,,,"",0,0,"",,,,0,""
38,,2,1,0,0,1,0,2,0,0,0,255,255,255,26,1041.286,"ddil_ddil69",R,35,108,140,0.353,-1.535,0.497,1.876,0.153,0.905,-36.684,28.365,85,15,0,4,"",-10.545,200,7.206,-0.013,-17.578,0,"=","=","=","=","=","=","","","",5,R,"CoalCat",174,83,0.397,,72,W,Y,1,,,,,,,,,,,,,,,,,,,,,,,,,,,,,0,0,,,,,,,,,,,,,,,,,,,,,,,,,,,,,,,,,,,,,,0.123,-37.137,0.03,-17.05,-20.346,-45.879,-16.588,-62.525,21.722,-50.025,14.502,-63.504,40.922,-90.67,0,-109.86,-40.822,-90.57,,,,"",,,,"",,,,"",,,,"",,,,"",,,,"",,,,"",,,,"",,,,1045.626,-0.279,-37.289,,,,,,,,,,,,,,,,,,,,,,,,,,,,,,,,,,,,,,,,,,,,,,,,,,,,"",0,0,"",,,,0,""
39,,2,1,0,0,1,1,2,0,0,0,255,255,255,27,1055.489,"ddil_ddil69",R,35,95,140,-1.016,-1.02,0.37,1.865,-0.435,1.207,-36.684,29.756,78,22,0,2,"",-13.274,200,-18.118,0,0,0,"=","=","=","=","=","=","","","",5,R,"CoalCat",174,83,0.397,0,72,W,Y,1,1056.735,161,80,64,87,57,,138,104,105.488,-65.848,-0.265,0.667,-20.098,0.9,0,0.365,45.187,386.673,-72.845,,,,,,,,,0,0,,,,,,,,,,,,,,,,,,,,,,,,,,,,,,,,,,,,,,0.069,-37.15,0.013,-17.069,-20.311,-45.915,-16.528,-62.41,22.652,-50.588,14.461,-63.493,40.915,-90.664,0,-109.86,-40.815,-90.564,0.088,-36.446,,"소솨소솨",-0.041,-17.116,,"하루（Haru）",-20.265,-45.897,,"うよすま",-16.454,-62.298,,"aura_5599",22.46,-50.394,,"HANA_ARASHI",14.899,-63.363,,"AI",40.9,-90.65,,"AI",0,-109.84,,"AI",-40.8,-90.55,,,,,,,,,,,,,,,,,,,,,,,,,,,,,,,,,,,,,,,,,,,,,,,,,,,,,,,,"",3,0,"",,,,0,""
40,,2,1,0,0,1,2,2,0,0,0,255,255,255,28,1071.797,"ddil_ddil69",R,26,89,140,-0.408,-0.165,0.401,1.892,-0.294,1.301,-36.684,35.062,79,21,0,2,"",75.82,-200,5.13,0,0,0,"=","=","=","=","=","=","","","",5,R,"CoalCat",174,83,0.397,5,71,W,Y,1,1073.309,133,66,85,74,62,,139,129,15.294,-2.702,-0.061,0.933,-21.009,0.62,0,0.594,581.512,-6.243,-147.665,1078.676,6.701,-142.774,1080.551,7,7.828,0.077,-136.57,0,0,,1078.79,1083.178,1088.232,1093.095,,,,,,,,,,,,,,,,,,,,,,,,,,,,,,,,,-0.063,-37.258,0.026,-17.061,-20.058,-45.962,-17.285,-61.694,23.301,-51.509,13.517,-63.037,40.922,-90.67,0,-109.86,-40.822,-90.57,0.054,-36.905,,"소솨소솨",-0.074,-17.287,,"하루（Haru）",-20.021,-45.929,,"うよすま",-17.229,-61.574,,"aura_5599",22.32,-51.186,,"HANA_ARASHI",13.526,-63.119,,"AI",40.9,-90.65,,"AI",0,-109.84,,"AI",-40.8,-90.55,,,,,,,,,,,1085.596,0.414,-62.938,,,,,,,,,,,,,,,,,,,,,,,,,,,,,,,,,,,,,,,,,,,"",4,0,"AI",1083.178,1088.232,,1,""
41,,2,1,1,0,0,0,2,0,0,0,255,255,255,29,1108.932,"ddil_ddil69",R,35,104,140,-0.801,-2.153,0.343,1.682,-0.561,0.559,-36.684,21.726,48,52,0,1,"",146.644,200,-3.19,-0.253,-18.102,1,"=","=","=","=","=","=","","","",3,R,"YukihiroD",174.3,80,0.398,,71,W,Y,0,,,,,,,,,,,,,,,,,,,,,,,,,,,,,0,0,,,,,,,,,,,,,,,,,,,,,,,,,,,,,,,,,,,,,,0.024,-37.208,0.022,-17.047,-19.479,-46.031,-16.041,-61.813,20.896,-49.806,12.38,-63.263,40.93,-90.677,0,-109.87,-40.83,-90.577,,,,"",,,,"",,,,"",,,,"",,,,"",,,,"",,,,"",,,,"",,,,,,,,,,,,,,,,,,,,,,,,,,,,,,,,,,,,,,,,,,,,,,,,,,,,,,,,,,"",0,0,"",,,,0,""
42,,2,1,1,0,1,0,2,0,0,0,255,255,255,30,1122.656,"ddil_ddil69",R,26,76,127,0.14,-1.561,0.476,1.658,0.054,0.477,-36.684,32.401,61,39,0,1,"",-5.517,-200,-7.814,-0.075,-16.84,1,"=","=","=","=","=","=","","","",3,R,"YukihiroD",174.3,80,0.398,,71,W,Y,0,,,,,,,,,,,,,,,,,,,,,,,,,,,,,0,0,,,,,,,,,,,,,,,,,,,,,,,,,,,,,,,,,,,,,,-0.004,-37.438,0.008,-17.106,-19.49,-46.03,-14.946,-62.13,20.432,-49.785,13.222,-62.793,40.915,-90.664,0,-109.86,-40.815,-90.564,,,,"",,,,"",,,,"",,,,"",,,,"",,,,"",,,,"",,,,"",,,,,,,,,,,,,,,,,,,,,,,,,,,,,,,,,,,,,,,,,,,,,,,,,,,,,,,,,,"",0,0,"",,,,0,""
43,,2,1,1,0,2,0,2,0,0,0,255,255,255,31,1134.567,"ddil_ddil69",R,6,64,96,1.011,-0.631,0.35,1.821,-0.352,1.251,-36.684,34.678,94,6,0,2,"",349.85,0,11.465,0,0,1,"=","=","=","=","=","=","","","",3,R,"YukihiroD",174.3,80,0.398,3,71,W,Y,1,1135.94,255,161,76,99,89,,145,92,-69.797,32.156,0.163,0.85,-21.4,-0.44,0,0.635,89.491,-159.73,-242.556,1135.768,-0.019,-21.689,1139.059,0,-2.179,2.477,-33.781,0,2,,1141.449,,,,,,,,,,,,,1141.318,1,,147,32,,,,,,,,,,,,,,,,,,,-0.074,-37.11,0.008,-17.101,-19.528,-46.032,-16.479,-62.654,22.256,-50.173,13.71,-63.042,40.915,-90.664,0,-109.85,-40.815,-90.564,0,-36.791,108,"소솨소솨",-0.045,-17.265,,"하루（Haru）",-19.498,-46.034,96,"うよすま",-16.375,-62.468,,"aura_5599",20.096,-49.354,,"HANA_ARASHI",13.899,-63.028,,"AI",40.9,-90.65,,"AI",0,-109.84,,"AI",-40.8,-90.55,,1139.005,-2.25,-34.541,,,,1140.644,-17.887,-39.332,,,,,,,,,,,,,,,,,,,1139.886,-5.839,-35.986,,,,1144.673,-15.815,-37.231,,,,,,,,,,,,,,,,,,,"",2,0,"ddil_ddil69",,,,34,""
44,SIDE,2,1,1,0,0,0,2,0,0,0,255,255,255,,1145.868,,,,,,,,,,,,,,,,,,,,,,,,2,"=","=","=","=","=","=","","","",,,,,,,,,,,,,,,,,,,,,,,,,,,,,,,,,,,,,,,0,0,,,,,,,,,,,,,,,,,,,,,,,,,,,,,,,,,,,,,,,,,,,,,,,,,,,,,,,,,,,,,,,,,,,,,,,,,,,,,,,,,,,,,,,,,,,,,,,,,,,,,,,,,,,,,,,,,,,,,,,,,,,,,,,,,,,,,,,,,,,,,,,,,"",0,0,"",,,,0,""
45,,2,0,1,0,0,0,0,0,0,0,255,255,255,9,1182.729,"Fresh825",R,33,81,132,-0.739,-1.019,0.205,1.508,-0.491,0.885,-36.44,23.494,0,100,0,0,"",131.618,-117.598,-0.743,0,0,3,"うよすま","하루（Haru）","aura_5599","HANA_ARASHI","소솨소솨","ddil_ddil69","","","",5,R,"HANA_ARASHI",179.2,90,0.25,,70,W,Y,0,,,,,,,,,,,,,,,,,,,,,,,,,,,,,0,0,,,,,,,,,,,,,,,,,,,,,,,,,,,,,,,,,,,,,,-0.122,-37.752,0.01,-17.65,-22.437,-49.309,-13.73,-60.95,20.191,-45.637,12.54,-63.089,40.944,-90.691,0,-109.88,-40.845,-90.591,,,,"",,,,"",,,,"",,,,"",,,,"",,,,"",,,,"",,,,"",,,,,,,,,,,,,,,,,,,,,,,,,,,,,,,,,,,,,,,,,,,,,,,,,,,,,,,,,,"",0,0,"",,,,0,""
46,,2,0,1,0,0,1,0,0,0,0,255,255,255,10,1195.083,"Fresh825",R,13,82,107,-1.663,-2.043,0.341,1.405,0.006,0.824,-36.44,25.011,35,65,0,4,"",-393.633,293.671,-6.39,-0.413,-19.141,3,"=","=","=","=","=","=","","","",5,R,"HANA_ARASHI",179.2,90,0.25,,70,W,Y,1,,,,,,,,,,,,,,,,,,,,,,,,,,,,,0,0,,,,,,,,,,,,,,,,,,,,,,,,,,,,,,,,,,,,,,-0.026,-37.649,-0.002,-17.641,-22.449,-49.338,-14.785,-61.501,20.181,-45.659,12.591,-62.885,40.907,-90.657,0,-109.85,-40.808,-90.557,,,,"",,,,"",,,,"",,,,"",,,,"",,,,"",,,,"",,,,"",,,,,,,,,,,,,,,,,,,,,,,,,,,,,,,,,,,,,,,,,,,,,,,,,,,,,,,,,,"",0,0,"",,,,0,""
47,,2,0,1,0,0,2,0,0,0,0,255,255,255,11,1206.581,"Fresh825",R,3,85,111,-8.336,-1.804,-0.154,1.398,-2.879,0.461,-36.44,7.969,5,95,0,1,"",-418.285,0,6.805,-1.835,-18.228,3,"=","=","=","=","=","=","","","",5,R,"HANA_ARASHI",179.2,90,0.25,,70,W,Y,0,,,,,,,,,,,,,,,,,,,,,,,,,,,,,0,0,,,,,,,,,,,,,,,,,,,,,,,,,,,,,,,,,,,,,,-0.162,-37.708,-0.004,-17.626,-22.462,-49.327,-15.241,-62.077,20.023,-45.889,12.495,-62.972,40.907,-90.657,0,-109.85,-40.807,-90.557,,,,"",,,,"",,,,"",,,,"",,,,"",,,,"",,,,"",,,,"",,,,,,,,,,,,,,,,,,,,,,,,,,,,,,,,,,,,,,,,,,,,,,,,,,,,,,,,,,"",0,0,"",,,,0,""
48,,2,0,1,0,1,2,0,0,0,0,255,255,255,12,1221.62,"Fresh825",R,32,89,140,-2.154,-2.079,0.072,1.342,-1.165,0.256,-36.44,13.637,9,91,0,1,"",168.029,-129.053,2.045,-0.435,-18.147,3,"=","=","=","=","=","=","","","",5,R,"HANA_ARASHI",179.2,90,0.25,,70,W,Y,0,,,,,,,,,,,,,,,,,,,,,,,,,,,,,0,0,,,,,,,,,,,,,,,,,,,,,,,,,,,,,,,,,,,,,,-0.107,-37.61,-0.02,-17.64,-22.464,-49.33,-15.102,-62.097,19.996,-45.903,12.483,-63.024,40.915,-90.664,0,-109.85,-40.815,-90.564,,,,"",,,,"",,,,"",,,,"",,,,"",,,,"",,,,"",,,,"",,,,,,,,,,,,,,,,,,,,,,,,,,,,,,,,,,,,,,,,,,,,,,,,,,,,,,,,,,"",0,0,"",,,,0,""
49,,2,0,1,0,2,2,0,0,0,0,255,255,255,13,1234.173,"Fresh825",R,0,74,112,-0.426,-1.303,0.401,1.472,-0.198,0.839,-36.44,10.462,45,55,0,4,"",0,0,-0.408,0,0,3,"=","=","=","=","=","=","","","",5,R,"HANA_ARASHI",179.2,90,0.25,,70,W,Y,1,,,,,,,,,,,,,,,,,,,,,,,,,,,,,0,0,,,,,,,,,,,,,,,1236.981,3,,578,0,,,,,,,,,,,,,,,,,,,0.143,-37.611,-0.006,-17.636,-22.455,-49.321,-14.863,-60.741,20.017,-45.905,12.534,-63.049,40.907,-90.657,0,-109.85,-40.807,-90.557,,,,"",,,,"",,,,"",,,,"",,,,"",,,,"",,,,"",,,,"",,,,,,,,,,,,,,,,,,,,,,,,,,,,,,,,,,,,,,,,,,,,,,,,,,,,,,,,,,"",0,0,"",,,,0,""
50,,2,0,1,0,0,0,1,0,0,0,255,255,255,14,1252.084,"Fresh825",R,33,84,137,-2.26,-1.823,0.144,1.401,-1.135,0.379,-36.44,8.015,40,60,0,1,"",123.325,-99.87,3.593,-0.489,-17.758,4,"=","=","=","=","=","=","","","",1,R,"소솨소솨",190,90.013,0.501,,70,W,Y,0,,,,,,,,,,,,,,,,,,,,,,,,,,,,,0,0,,,,,,,,,,,,,,,,,,,,,,,,,,,,,,,,,,,,,,-0.035,-37.751,-0.007,-17.617,-22.418,-48.637,-15.27,-60.754,20.059,-45.663,10.302,-63.823,40.922,-90.67,0,-109.86,-40.822,-90.57,,,,"",,,,"",,,,"",,,,"",,,,"",,,,"",,,,"",,,,"",,,,,,,,,,,,,,,,,,,,,,,,,,,,,,,,,,,,,,,,,,,,,,,,,,,,,,,,,,"",0,0,"",,,,0,""
51,,2,0,1,0,1,0,1,0,0,0,255,255,255,15,1265.26,"Fresh825",R,33,93,140,-3.252,-1.775,0.053,1.42,-1.612,0.404,-36.44,4.119,46,54,0,1,"",144.329,-103.809,6.206,0,0,4,"=","=","=","=","=","=","","","",1,R,"소솨소솨",190,90.013,0.501,,70,W,Y,0,,,,,,,,,,,,,,,,,,,,,,,,,,,,,0,0,,,,,,,,,,,,,,,,,,,,,,,,,,,,,,,,,,,,,,-0.045,-37.64,-0.044,-17.71,-22.443,-49.439,-15.101,-60.802,20.086,-45.716,10.47,-63.699,40.907,-90.657,0,-109.85,-40.807,-90.557,,,,"",,,,"",,,,"",,,,"",,,,"",,,,"",,,,"",,,,"",,,,,,,,,,,,,,,,,,,,,,,,,,,,,,,,,,,,,,,,,,,,,,,,,,,,,,,,,,"",0,0,"",,,,0,""
52,,2,0,1,0,2,0,1,0,0,0,255,255,255,16,1279.106,"Fresh825",R,3,75,105,-0.878,-0.786,0.433,1.533,0.228,1.193,-36.44,15.73,44,56,0,2,"",-323.741,44.342,-0.733,0,0,4,"=","=","=","=","=","=","","","",1,R,"소솨소솨",190,90.013,0.501,3,70,W,Y,1,1280.301,222,82,93,66,17,,145,128,25.812,0.774,-0.13,0.77,-20.92,0.28,0,0.668,170.827,31.278,100.043,1285.401,-2.908,-133.92,1286.001,7,-2.916,0.324,-132.46,1,16,,1286.761,1291.162,,,,,,,,,,,,1291.51,4,1,278,0,,,,,,,,,,,,,,,,,,,0.031,-37.754,0.074,-17.611,-22.028,-48.956,-15.401,-60.731,20.124,-45.704,10.522,-63.69,40.915,-90.664,0,-109.85,-40.815,-90.564,0.255,-37.401,,"Kr_Luna",0.043,-17.604,,"kneesohime",-22.005,-48.896,,"YukihiroD",-15.428,-60.731,,"紅さかな",19.929,-45.792,,"CoalCat",10.495,-63.544,73,"AI",40.9,-90.65,,"AI",0,-109.84,,"AI",-40.8,-90.55,,1295.549,0.011,-37.636,,,,,,,,,,,,,1291.001,0.133,-59.59,,,,,,,,,,,,,,,,,,,,,,,,,1294.427,-2.052,-54.444,,,,,,,,,,"",2,0,"AI",1291.162,,,33,""
53,,2,0,1,0,0,0,2,0,0,0,255,255,255,17,1311.353,"Fresh825",R,32,81,132,3.34,-0.004,0.491,1.663,1.218,1.541,-36.44,44.791,37,63,0,2,"",209.938,-193.98,-10.364,0,0,5,"=","=","=","=","=","=","","","",0,R,"ddil_ddil69",176.4,89.974,0.546,5,70,W,Y,1,1312.506,201,107,121,69,6,,145,84,17.848,-24.094,0.651,1.037,-20.547,-1,0,0.676,319.254,-154.261,-215.966,1315.943,27.51,-75.737,1316.726,6,30.215,0.501,-79.5,1,0,,1318.083,,,,,,,,,,,,,,,,,,,,,,,,,,,,,,,,,,,,-0.127,-37.872,-0.007,-17.626,-22.13,-48.533,-15.46,-61.044,19.934,-45.578,10.196,-63.418,40.922,-90.671,0,-109.86,-40.822,-90.571,-0.006,-37.061,,"Kr_Luna",0.069,-17.555,,"kneesohime",-20.952,-47.443,,"YukihiroD",-15.661,-60.973,78,"紅さかな",19.932,-45.526,,"CoalCat",10.24,-63.306,,"AI",40.9,-90.65,,"AI",0,-109.84,,"AI",-40.8,-90.55,,1323.501,-0.465,-39.382,,,,,,,1320.05,0.5,-59.339,,,,,,,,,,,,,,,,,,,,,,,,,1322.493,-2.006,-56.048,,,,,,,,,,,,,,,,"",2,0,"AI",,,,34,""
54,,2,0,1,0,0,0,2,1,0,0,10,255,255,18,1336.071,"Fresh825",R,0,51,93,1.427,-0.164,0.673,1.669,0.694,1.536,-36.44,37.885,28,72,0,2,"",-41.583,0,-0.765,0,0,0,"=","=","=","=","=","=","","","",3,R,"うよすま",160,85.375,0.502,5,70,W,Y,1,1337.315,255,92,135,65,24,,145,90,25.237,-12.197,0.178,0.788,-20.017,-0.4,0,0.326,218.397,539.8,144.634,1342.143,6.893,-98.587,1342.259,7,6.964,2.131,-95.965,0,0,,1342.877,,,,1342.876,,,,,,,,,1342.371,0,,456,0,,,,,,,,,,,,,,,,,,,0.183,-37.609,0.054,-17.63,-19.043,-40.972,-16.747,-60.184,19.175,-44.67,10.209,-62.086,40.915,-90.664,0,-109.86,-40.815,-90.564,0.355,-36.933,,"Kr_Luna",0.046,-17.583,,"kneesohime",-19.179,-41.322,,"YukihiroD",-15.124,-60.686,,"紅さかな",19.15,-44.662,,"CoalCat",10.194,-61.98,,"AI",40.9,-90.65,,"AI",0,-109.84,,"AI",-40.8,-90.55,,,,,,,,,,,,,,,,,,,,,,,,,,,,,,,,,,,,,,,,,,,,,,,,,,,,,,,,"",1,0,"AI",1342.876,,,0,""
55,SIDE,2,0,1,0,0,0,2,1,0,0,10,255,255,,1343.666,,,,,,,,,,,,,,,,,,,,,,,,1,"=","=","=","=","=","=","","","",,,,,,,,,,,,,,,,,,,,,,,,,,,,,,,,,,,,,,,0,0,,,,,,,,,,,,,,,,,,,,,,,,,,,,,,,,,,,,,,,,,,,,,,,,,,,,,,,,,,,,,,,,,,,,,,,,,,,,,,,,,,,,,,,,,,,,,,,,,,,,,,,,,,,,,,,,,,,,,,,,,,,,,,,,,,,,,,,,,,,,,,,,,"",0,0,"",,,,0,""
56,,3,1,1,0,0,0,0,0,0,0,255,255,255,32,1377.625,"ddil_ddil69",R,29,91,140,-0.989,-1.648,0.443,1.814,-0.099,0.754,-36.684,28.152,48,52,0,1,"",-250,200,11.822,-0.324,-18.027,2,"CoalCat","YukihiroD","kneesohime","紅さかな","Kr_Luna","Fresh825","","","",2,R,"kneesohime",190,85,0.497,,85,W,Y,0,,,,,,,,,,,,,,,,,,,,,,,,,,,,,0,0,,,,,,,,,,,,,,,,,,,,,,,,,,,,,,,,,,,,,,0.082,-37.369,-0.002,-17.154,-19.818,-46.57,-15.831,-62.536,21.01,-50.503,13.105,-63.792,40.929,-90.677,0,-109.87,-40.822,-90.571,,,,"",,,,"",,,,"",,,,"",,,,"",,,,"",,,,"",,,,"",,,,,,,,,,,,,,,,,,,,,,,,,,,,,,,,,,,,,,,,,,,,,,,,,,,,,,,,,,"",0,0,"",,,,0,""
57,,3,1,1,0,1,0,0,0,0,0,255,255,255,33,1396.484,"ddil_ddil69",R,26,90,140,-0.381,-1.433,0.409,1.742,-0.256,0.521,-36.684,17.938,50,50,0,4,"S>B",55.601,-200,7.915,0,0,2,"=","=","=","=","=","=","","","",2,R,"kneesohime",190,85,0.497,,85,W,Y,1,,,,,,,,,,,,,,,,,,,,,,,,,,,,,0,0,,,,,,,,,,,,,,,,,,,,,,,,,,,,,,,,,,,,,,0.088,-37.349,-0.031,-17.147,-19.8,-46.57,-16.174,-62.565,21.89,-50.577,13.957,-65.108,40.915,-90.664,0,-109.86,-40.815,-90.564,,,,"",,,,"",,,,"",,,,"",,,,"",,,,"",,,,"",,,,"",,,,,,,,,,,,,,,,,,,,,,,,,,,,,,,,,,,,,,,,,,,,,,,,,,,,,,,,,,"",0,0,"",,,,0,""
58,,3,1,1,0,2,0,0,0,0,0,255,255,255,34,1423.141,"ddil_ddil69",R,26,87,140,0.09,-0.767,0.468,1.772,0.021,0.942,-36.684,30.282,94,6,0,0,"",2.834,-200,4.609,0,0,2,"=","=","=","=","=","=","","","",2,R,"kneesohime",190,85,0.497,,85,W,Y,0,,,,,,,,,,,,,,,,,,,,,,,,,,,,,0,0,,,,,,,,,,,,,,,,,,,,,,,,,,,,,,,,,,,,,,0.081,-37.14,-0.007,-17.151,-19.802,-46.568,-16.589,-62.75,22.563,-52.821,13.084,-64.28,40.922,-90.67,0,-109.87,-40.822,-90.57,,,,"",,,,"",,,,"",,,,"",,,,"",,,,"",,,,"",,,,"",,,,,,,,,,,,,,,,,,,,,,,,,,,,,,,,,,,,,,,,,,,,,,,,,,,,,,,,,,"",0,0,"",,,,0,""
59,,3,1,1,0,2,1,0,0,0,0,255,255,255,35,1437.703,"ddil_ddil69",R,26,99,140,-0.054,-1.057,0.457,1.913,-0.034,0.752,-36.684,32.804,83,17,0,1,"",-3.344,-200,7.202,-0.161,-15.215,2,"=","=","=","=","=","=","","","",2,R,"kneesohime",190,85,0.497,,85,W,Y,0,,,,,,,,,,,,,,,,,,,,,,,,,,,,,0,0,,,,,,,,,,,,,,,,,,,,,,,,,,,,,,,,,,,,,,0.062,-37.285,-0.003,-17.132,-19.803,-46.563,-16.684,-63.105,20.939,-51.114,13.221,-64.136,40.907,-90.657,0,-109.85,-40.807,-90.557,,,,"",,,,"",,,,"",,,,"",,,,"",,,,"",,,,"",,,,"",,,,,,,,,,,,,,,,,,,,,,,,,,,,,,,,,,,,,,,,,,,,,,,,,,,,,,,,,,"",0,0,"",,,,0,""
60,,3,1,1,0,3,1,0,0,0,0,255,255,255,36,1452.023,"ddil_ddil69",R,26,98,140,-0.223,-0.008,0.466,1.919,0.009,1.417,-36.684,47.376,80,20,0,0,"",-87.574,-200,-10.27,0,0,2,"=","=","=","=","=","=","","","",2,R,"kneesohime",190,85,0.497,,85,W,Y,0,,,,,,,,,,,,,,,,,,,,,,,,,,,,,0,0,,,,,,,,,,,,,,,,,,,,,,,,,,,,,,,,,,,,,,0.04,-37.501,-0.006,-17.144,-19.81,-46.597,-16.695,-63.072,22.14,-51.756,13.481,-64.635,40.907,-90.657,0,-109.85,-40.807,-90.557,,,,"",,,,"",,,,"",,,,"",,,,"",,,,"",,,,"",,,,"",,,,,,,,,,,,,,,,,,,,,,,,,,,,,,,,,,,,,,,,,,,,,,,,,,,,,,,,,,"",0,0,"",,,,0,""
61,,3,1,1,0,3,2,0,0,0,0,255,255,255,37,1467.294,"ddil_ddil69",R,29,107,140,-0.63,-0.843,0.476,1.864,0.055,1.239,-36.684,37.834,92,8,0,0,"",-250,177.497,10.266,0,0,2,"=","=","=","=","=","=","","","",2,R,"kneesohime",190,85,0.497,,85,W,Y,0,,,,,,,,,,,,,,,,,,,,,,,,,,,,,0,0,,,,,,,,,,,,,,,1470.021,2,,578,0,,,,,,,,,,,,,,,,,,,0.038,-37.186,-0.021,-17.163,-19.848,-46.609,-16.684,-63.113,21.337,-50.114,12.913,-64.149,40.907,-90.657,0,-109.85,-40.807,-90.557,,,,"",,,,"",,,,"",,,,"",,,,"",,,,"",,,,"",,,,"",,,,,,,,,,,,,,,,,,,,,,,,,,,,,,,,,,,,,,,,,,,,,,,,,,,,,,,,,,"",0,0,"",,,,0,""
62,,3,1,1,0,0,0,1,0,0,0,255,255,255,38,1488.121,"ddil_ddil69",R,26,75,126,-0.767,0.42,0.388,2.081,-0.354,1.619,-36.684,42.225,76,19,5,0,"",4.461,-186.042,5.758,0,0,3,"=","=","=","=","=","=","","","",4,R,"紅さかな",172.6,86,0.399,,95,W,Y,0,,,,,,,,,,,,,,,,,,,,,,,,,,,,,0,0,,,,,,,,,,,,,,,,,,,,,,,,,,,,,,,,,,,,,,0.003,-37.083,-0.007,-17.157,-19.407,-45.826,-16.486,-63.235,21.228,-50.593,12.659,-63.131,40.915,-90.664,0,-109.86,-40.815,-90.564,,,,"",,,,"",,,,"",,,,"",,,,"",,,,"",,,,"",,,,"",,,,,,,,,,,,,,,,,,,,,,,,,,,,,,,,,,,,,,,,,,,,,,,,,,,,,,,,,,"",0,0,"",,,,0,""
63,,3,1,1,0,0,1,1,0,0,0,255,255,255,39,1503.379,"ddil_ddil69",R,26,81,131,0.63,-0.027,0.486,2.008,0.101,1.359,-36.684,56.3,82,18,0,0,"",105.683,-200,-5.641,0,0,3,"=","=","=","=","=","=","","","",4,R,"紅さかな",172.6,86,0.399,,95,W,Y,0,,,,,,,,,,,,,,,,,,,,,,,,,,,,,0,0,,,,,,,,,,,,,,,,,,,,,,,,,,,,,,,,,,,,,,-0.043,-37.369,0.003,-17.13,-19.347,-45.859,-16.608,-63.226,20.985,-50.64,12.609,-64.407,40.907,-90.657,0,-109.85,-40.807,-90.557,,,,"",,,,"",,,,"",,,,"",,,,"",,,,"",,,,"",,,,"",,,,,,,,,,,,,,,,,,,,,,,,,,,,,,,,,,,,,,,,,,,,,,,,,,,,,,,,,,"",0,0,"",,,,0,""
64,,3,1,1,0,0,2,1,0,0,0,255,255,255,40,1519.866,"ddil_ddil69",R,26,85,137,0.207,-0.484,0.439,1.938,-0.115,1.11,-36.684,35.806,85,15,0,2,"",136.788,-200,-22.543,0,0,3,"=","=","=","=","=","=","","","",4,R,"紅さかな",172.6,86,0.399,3,95,W,Y,1,1521.096,148,119,95,74,0,,145,126,-15.583,32.667,-0.063,0.663,-19.753,0.41,0,0.241,323.011,410.988,-273.088,1520.918,-1.443,-21.895,1523.934,8,-38.256,0.056,-80.587,1,0,,1526.53,,,,,,,,,,,,,,,,,,,,,,,,,,,,,,,,,,,,0.012,-37.327,-0.01,-17.131,-19.395,-45.677,-16.621,-63.199,21.216,-50.247,12.835,-63.415,40.915,-90.664,0,-109.85,-40.815,-90.564,0.203,-36.726,,"소솨소솨",-0.092,-17.199,,"하루（Haru）",-19.766,-44.979,,"うよすま",-16.555,-63.05,,"aura_5599",21.217,-50.253,,"HANA_ARASHI",12.412,-63.515,111,"AI",40.9,-90.65,,"AI",0,-109.84,,"AI",-40.8,-90.55,,1530.093,-0.097,-38.765,,,,,,,,,,,,,1527.627,-0.315,-59.615,,,,,,,,,,,,,,,,,,,,,,,,,1529.087,1.461,-57.632,,,,,,,,,,"",2,0,"AI",,,,40,""
65,,3,1,1,0,0,0,1,1,0,0,4,255,255,41,1542.827,"ddil_ddil69",R,10,60,93,-0.736,-1.138,0.411,2.048,-0.163,1.56,-36.684,37.287,89,11,0,4,"",-72.172,400,-0.551,-0.24,-18.056,4,"=","=","=","=","=","=","","","",1,L,"Kr_Luna",190,95.432,0.498,,69,W,Y,0,,,,,,,,,,,,,,,,,,,,,,,,,,,,,0,0,,,,,,,,,,,,1558.684,,,,,,,,,,,,,,,,,,,,,,,,,,0.031,-37.193,0.009,-17.122,-18.757,-39.825,-7.387,-61.478,18.857,-45.874,13.007,-63.338,40.915,-90.664,0,-109.85,-40.815,-90.564,,,,"",,,,"",,,,"",,,,"",,,,"",,,,"",,,,"",,,,"",,,,1547.913,-0.125,-37.384,,,,,,,,,,,,,,,,,,,,,,,,,,,,,,,,,,,,,,,,,,,,,,,,,,,,"",0,0,"",,,,0,""
66,,3,1,1,0,0,1,1,1,0,0,4,255,255,42,1558.924,"ddil_ddil69",R,0,65,105,-1.599,0.5,0.237,2.213,-0.704,1.917,-36.684,47.303,92,8,0,2,"",0,0,22.807,0,0,4,"=","=","=","=","=","=","","","",1,L,"Kr_Luna",190,95.432,0.498,5,69,W,Y,0,1560.001,54,122,74,64,34,,82,69,100.597,-24.783,-0.327,1.105,-19.464,0.91,0,0.077,195.501,-87.249,354.397,1565.168,-8.774,-6.062,,,,,,0,0,,,,,,,,,,,,1579.201,,,,,,,,,,,,,,,,,,,,,,,,,,0.034,-37.239,0.009,-17.121,-17.959,-40.266,-6.48,-62.765,21.497,-48.497,13.147,-63.601,40.907,-90.657,0,-109.85,-40.807,-90.557,0.288,-36.698,,"소솨소솨",-0.001,-17.119,,"하루（Haru）",-17.846,-40.268,,"うよすま",-6.473,-62.683,,"aura_5599",21.68,-48.761,,"HANA_ARASHI",12.826,-62.527,,"AI",40.9,-90.65,,"AI",0,-109.84,,"AI",-40.8,-90.55,,,,,,,,,,,,,,,,,,,,,,,,,,,,,,,,,,,,,,,,,,,,,,,,,,,,,,,,"",3,0,"",,,,0,""
67,,3,1,1,0,0,2,1,1,0,0,4,255,255,43,1579.118,"ddil_ddil69",R,7,60,95,2.255,0.877,0.503,2.284,0.409,2.162,-36.684,57.085,87,13,0,4,"",246.61,0,-1.517,0,0,4,"=","=","=","=","=","=","","","",1,L,"Kr_Luna",190,95.432,0.498,,69,W,Y,0,,,,,,,,,,,,,,,,,,,,,,,,,,,,,0,0,,,,,,,,,,,,1600.507,,,1581.828,4,,578,0,,,,,,,,,,,,,,,,,,,0.214,-37.342,0.039,-17.078,-18.461,-40.068,-6.938,-63.328,22.691,-47.358,12.549,-64.809,40.907,-90.657,0,-109.85,-40.807,-90.557,,,,"",,,,"",,,,"",,,,"",,,,"",,,,"",,,,"",,,,"",,,,,,,,,,,,,,,,,,,,,,,,,,,,,,,,,,,,,,,,,,,,,,,,,,,,,,,,,,"",0,0,"",,,,0,""
68,,3,1,1,0,0,0,2,1,0,0,4,255,255,44,1600.924,"ddil_ddil69",R,13,64,94,-2.615,-1.741,0.332,1.82,-0.409,1.07,-36.684,21.911,50,50,0,1,"",-320.516,330.637,16.398,-0.622,-18.915,5,"=","=","=","=","=","=","","","",0,L,"Fresh825",190,80,0.2,,68,W,Y,0,,,,,,,,,,,,,,,,,,,,,,,,,,,,,0,0,,,,,,,,,,,,1617.19,,,,,,,,,,,,,,,,,,,,,,,,,,0.047,-37.374,0.032,-17.082,-18.808,-40.24,-13.605,-62.33,22.443,-49.541,13.157,-62.831,40.915,-90.664,0,-109.86,-40.815,-90.564,,,,"",,,,"",,,,"",,,,"",,,,"",,,,"",,,,"",,,,"",,,,,,,,,,,,,,,,,,,,,,,,,,,,,,,,,,,,,,,,,,,,,,,,,,,,,,,,,,"",0,0,"",,,,0,""
69,,3,1,1,0,1,0,2,1,0,0,4,255,255,45,1618.241,"ddil_ddil69",R,0,60,101,0.764,-0.008,0.535,2.031,0.316,1.607,-36.684,57.862,78,22,0,0,"",0,0,7.001,0,0,5,"=","=","=","=","=","=","","","",0,L,"Fresh825",190,80,0.2,,68,W,Y,0,,,,,,,,,,,,,,,,,,,,,,,,,,,,,0,0,,,,,,,,,,,,1634.039,,,,,,,,,,,,,,,,,,,,,,,,,,0.049,-37.546,0.03,-17.09,-18.444,-40.478,-13.434,-63.156,21.992,-48.959,14.314,-62.871,40.915,-90.664,0,-109.85,-40.815,-90.564,,,,"",,,,"",,,,"",,,,"",,,,"",,,,"",,,,"",,,,"",,,,,,,,,,,,,,,,,,,,,,,,,,,,,,,,,,,,,,,,,,,,,,,,,,,,,,,,,,"",0,0,"",,,,0,""
70,,3,1,1,0,1,1,2,1,0,0,4,255,255,46,1635.222,"ddil_ddil69",R,13,69,97,-0.527,-0.638,0.62,2.127,0.486,1.731,-36.684,56.576,75,25,0,0,"",-330.674,330.73,6.447,-0.428,-16.821,5,"=","=","=","=","=","=","","","",0,L,"Fresh825",190,80,0.2,,68,W,Y,1,,,,,,,,,,,,,,,,,,,,,,,,,,,,,0,0,,,,,,,,,,,,1651.224,,,,,,,,,,,,,,,,,,,,,,,,,,0.084,-37.357,0.017,-17.085,-17.919,-39.275,-12.971,-61.441,24.694,-51.883,13.605,-62.713,40.915,-90.664,0,-109.85,-40.815,-90.564,,,,"",,,,"",,,,"",,,,"",,,,"",,,,"",,,,"",,,,"",,,,,,,,,,,,,,,,,,,,,,,,,,,,,,,,,,,,,,,,,,,,,,,,,,,,,,,,,,"",0,0,"",,,,0,""
71,,3,1,1,0,1,2,2,1,0,0,4,255,255,47,1652.399,"ddil_ddil69",R,0,72,110,-1.19,0.022,0.287,2.086,-0.548,1.644,-36.684,36.39,89,11,0,2,"",0.095,0,16.14,0,0,5,"=","=","=","=","=","=","","","",0,L,"Fresh825",190,80,0.2,5,68,W,Y,1,1653.685,255,120,151,83,59,,145,104,35.261,32.451,-0.244,1.112,-20.61,-0.29,0,0.239,292.515,-243.278,-388.796,1659.126,-41.966,-97.039,1659.351,8,-40.845,2.632,-94.786,0,0,,1659.177,,,,1658.233,,,,,,,,,1659.472,5,,456,0,,,,,,,,,,,,,,,,,,,-0.039,-37.284,0.035,-17.076,-18.357,-39.531,-11.518,-62.872,24.836,-52.523,12.894,-62.216,40.915,-90.664,0,-109.85,-40.815,-90.564,-0.032,-36.769,,"소솨소솨",-0.079,-17.263,,"하루（Haru）",-16.837,-42.538,,"うよすま",-10.279,-62.731,,"aura_5599",23.792,-51.886,,"HANA_ARASHI",13.475,-62.038,,"AI",40.9,-90.65,,"AI",0,-109.84,,"AI",-40.8,-90.55,,,,,,,,,,,,,,,,,,,,,,,,,,,,,,,,,,,,,,,,,,,,,,,,,,,,,,,,"",1,0,"AI",1658.233,,,0,""
72,SIDE,3,1,1,0,0,0,2,0,1,0,255,4,255,,1661.384,,,,,,,,,,,,,,,,,,,,,,,,0,"=","=","=","=","=","=","","","",,,,,,,,,,,,,,,,,,,,,,,,,,,,,,,,,,,,,,,0,0,,,,,,,,,,,,,,,,,,,,,,,,,,,,,,,,,,,,,,,,,,,,,,,,,,,,,,,,,,,,,,,,,,,,,,,,,,,,,,,,,,,,,,,,,,,,,,,,,,,,,,,,,,,,,,,,,,,,,,,,,,,,,,,,,,,,,,,,,,,,,,,,,"",0,0,"",,,,0,""
73,,3,0,1,0,0,0,0,0,0,0,255,255,255,19,1695.256,"Fresh825",R,32,94,140,-2.49,-1.124,-0.099,1.384,-1.389,0.793,-36.44,8.166,15,85,0,2,"",230.359,-133.649,13.47,0,0,1,"うよすま","하루（Haru）","aura_5599","HANA_ARASHI","소솨소솨","ddil_ddil69","","","",2,L,"하루（Haru）",190,85,0.397,5,70,W,Y,1,1696.343,255,204,146,102,42,,145,131,4.531,-17.669,-0.457,0.606,-20.642,0.33,0.143,0.251,-296.328,421.223,-22.047,1697.318,10.131,-57.97,1697.926,5,10.768,0.124,-60.786,0,0,,1702.073,,,,,,,,,,,,,1701.897,1,,147,1,,,,,,,,,,,1701.348,2,,,,,,,-0.194,-37.492,0.044,-17.587,-23.369,-50.04,-10.416,-63.799,19.458,-45.065,14.456,-61.785,40.93,-90.677,0,-109.87,-40.83,-90.577,0.187,-37.097,,"Kr_Luna",0.05,-17.578,,"kneesohime",-23.376,-50.038,81,"YukihiroD",-9.861,-63.912,,"紅さかな",19.458,-45.014,,"CoalCat",14.441,-61.643,99,"AI",40.9,-90.65,,"AI",0,-109.84,,"AI",-40.8,-90.55,,1704.001,-0.897,-37.618,,,,1700.814,-18.429,-40.195,,,,,,,1698.029,11.339,-62.051,,,,,,,,,,,,,,,,1703.02,-17.692,-39.825,,,,,,,1699.183,7.313,-59.741,,,,,,,,,,"",2,0,"CoalCat",,,,37,""
74,,3,0,1,0,0,0,1,0,0,0,255,255,255,20,1718.272,"Fresh825",R,32,85,138,1.135,-0.568,0.367,1.524,0.204,1.113,-36.44,30.485,5,95,0,0,"",205.632,-163.752,-2.255,0,0,2,"=","=","=","=","=","=","","","",4,R,"aura_5599",190,94.523,0.448,,70,W,Y,0,,,,,,,,,,,,,,,,,,,,,,,,,,,,,0,0,,,,,,,,,,,,,,,,,,,,,,,,,,,,,,,,,,,,,,-0.065,-37.535,0.045,-17.59,-20.872,-46.772,-17.425,-59.24,20.385,-46.092,11.929,-62.38,40.922,-90.671,0,-109.86,-40.822,-90.571,,,,"",,,,"",,,,"",,,,"",,,,"",,,,"",,,,"",,,,"",,,,1722.44,-0.042,-37.136,,,,,,,,,,,,,,,,,,,,,,,,,,,,,,,,,,,,,,,,,,,,,,,,,,,,"",0,0,"",,,,0,""
75,,3,0,1,0,0,1,1,0,0,0,255,255,255,21,1731.205,"Fresh825",R,13,84,108,-1.253,-1.71,0.356,1.481,0.085,1.016,-36.44,28.904,52,48,0,4,"",-344.288,356.42,-3.721,-0.385,-18.374,2,"=","=","=","=","=","=","","","",4,R,"aura_5599",190,94.523,0.448,,70,W,Y,1,,,,,,,,,,,,,,,,,,,,,,,,,,,,,0,0,,,,,,,,,,,,,,,,,,,,,,,,,,,,,,,,,,,,,,-0.103,-37.533,0.044,-17.573,-20.879,-46.784,-15.958,-60.521,20.317,-45.974,11.916,-62.425,40.907,-90.657,0,-109.85,-40.807,-90.557,,,,"",,,,"",,,,"",,,,"",,,,"",,,,"",,,,"",,,,"",,,,1735.628,-0.173,-37.179,,,,,,,,,,,,,,,,,,,,,,,,,,,,,,,,,,,,,,,,,,,,,,,,,,,,"",0,0,"",,,,0,""
76,,3,0,1,0,0,2,1,0,0,0,255,255,255,22,1743.617,"Fresh825",R,4,84,115,-3.697,-1.073,0.019,1.398,-1.246,0.944,-36.44,10.882,6,94,0,4,"",-213.216,0,2.334,0,0,2,"=","=","=","=","=","=","","","",4,R,"aura_5599",190,94.523,0.448,,70,W,Y,1,,,,,,,,,,,,,,,,,,,,,,,,,,,,,0,0,,,,,,,,,,,,,,,1746.43,2,,578,0,,,,,,,,,,,,,,,,,,,-0.171,-37.547,-0.002,-17.614,-20.873,-46.757,-15.989,-60.525,20.354,-45.537,11.882,-62.375,40.907,-90.657,0,-109.85,-40.807,-90.557,,,,"",,,,"",,,,"",,,,"",,,,"",,,,"",,,,"",,,,"",,,,1748.278,-0.094,-37.183,,,,,,,,,,,,,,,,,,,,,,,,,,,,,,,,,,,,,,,,,,,,,,,,,,,,"",0,0,"",,,,0,""
77,,3,0,1,0,0,0,2,0,0,0,255,255,255,23,1759.358,"Fresh825",R,32,83,135,0.463,-0.889,0.341,1.499,-0.07,0.997,-36.44,28.565,14,86,0,2,"",187.396,-84.793,-2.161,0,0,3,"=","=","=","=","=","=","","","",5,R,"HANA_ARASHI",179.2,88,0.25,5,70,W,Y,1,1760.432,209,152,147,15,0,,145,102,-7.457,56.951,0.085,0.622,-19.92,-0.16,0,0.615,-102.918,545.438,33.778,1760.393,-3.228,-22.048,,,,,,0,0,,,,,,,,,,,,,,,,,,,,,,,,,,,,,,,,,,,,,,-0.089,-37.625,0.046,-17.571,-21.229,-45.12,-14.521,-60.695,20.277,-45.171,11.994,-63.166,40.915,-90.664,0,-109.85,-40.815,-90.564,0.214,-37.087,,"Kr_Luna",0.048,-17.566,,"kneesohime",-21.196,-45.079,,"YukihiroD",-14.518,-60.683,,"紅さかな",20.321,-45.189,,"CoalCat",12.014,-62.996,,"AI",40.9,-90.65,,"AI",0,-109.84,,"AI",-40.8,-90.55,,,,,,,,,,,,,,,,,,,,,,,,,,,,,,,,,,,,,,,,,,,,,,,,,,,,,,,,"",3,0,"",,,,0,""
78,,3,0,1,0,0,1,2,0,0,0,255,255,255,24,1774.95,"Fresh825",R,3,87,116,-1.89,-1.581,0.254,1.358,-0.389,0.678,-36.44,13.333,41,59,0,1,"",-261.422,3.204,-0.168,0,0,3,"=","=","=","=","=","=","","","",5,R,"HANA_ARASHI",179.2,88,0.25,,70,W,Y,0,,,,,,,,,,,,,,,,,,,,,,,,,,,,,0,0,,,,,,,,,,,,,,,,,,,,,,,,,,,,,,,,,,,,,,0.023,-37.565,0.054,-17.571,-20.879,-45.652,-15.709,-61.044,20.421,-46.853,11.715,-63.729,40.915,-90.664,0,-109.85,-40.815,-90.564,,,,"",,,,"",,,,"",,,,"",,,,"",,,,"",,,,"",,,,"",,,,,,,,,,,,,,,,,,,,,,,,,,,,,,,,,,,,,,,,,,,,,,,,,,,,,,,,,,"",0,0,"",,,,0,""
79,,3,0,1,0,1,1,2,0,0,0,255,255,255,25,1794.495,"Fresh825",R,12,73,109,3.336,-1.114,0.546,1.682,1.565,1.1,-36.44,23.777,100,0,0,4,"",-69.958,111.016,1.841,0,0,3,"=","=","=","=","=","=","","","",5,R,"HANA_ARASHI",179.2,88,0.25,,70,W,Y,1,,,,,,,,,,,,,,,,,,,,,,,,,,,,,0,0,,,,,,,,,,,,,,,,,,,,,,,,,,,,,,,,,,,,,,0.148,-37.543,0.047,-17.568,-20.997,-45.718,-15.587,-60.919,20.496,-46.868,11.72,-63.734,40.922,-90.671,0,-109.86,-40.822,-90.571,,,,"",,,,"",,,,"",,,,"",,,,"",,,,"",,,,"",,,,"",,,,,,,,,,,,,,,,,,,,,,,,,,,,,,,,,,,,,,,,,,,,,,,,,,,,,,,,,,"",0,0,"",,,,0,""
80,,3,0,1,0,1,2,2,0,0,0,255,255,255,26,1807.792,"Fresh825",R,13,84,108,-3.464,-1.252,0.18,1.505,-0.739,1.245,-36.44,14.061,10,90,0,4,"",-416.653,264.407,7.31,-0.969,-17.187,3,"=","=","=","=","=","=","","","",5,R,"HANA_ARASHI",179.2,88,0.25,,70,W,Y,1,,,,,,,,,,,,,,,,,,,,,,,,,,,,,0,0,,,,,,,,,,,,,,,1813.015,3,,706,32,,,,,,,,,,,,,,,,,,,-0.013,-37.781,0.036,-17.565,-21.016,-45.727,-15.77,-60.8,20.478,-46.844,11.728,-63.792,40.907,-90.657,0,-109.85,-40.807,-90.557,,,,"",,,,"",,,,"",,,,"",,,,"",,,,"",,,,"",,,,"",,,,,,,,,,,,,,,,,,,,,,,,,,,,,,,,,,,,,,,,,,,,,,,,,,,,,,,,,,"",0,0,"",,,,0,""
81,SIDE,3,0,1,0,0,0,2,0,0,0,255,255,255,,1813.82,,,,,,,,,,,,,,,,,,,,,,,,4,"=","=","=","=","=","=","","","",,,,,,,,,,,,,,,,,,,,,,,,,,,,,,,,,,,,,,,0,0,,,,,,,,,,,,,,,,,,,,,,,,,,,,,,,,,,,,,,,,,,,,,,,,,,,,,,,,,,,,,,,,,,,,,,,,,,,,,,,,,,,,,,,,,,,,,,,,,,,,,,,,,,,,,,,,,,,,,,,,,,,,,,,,,,,,,,,,,,,,,,,,,"",0,0,"",,,,0,""
82,,4,1,1,0,0,0,0,0,0,0,255,255,255,48,1848.003,"ddil_ddil69",R,26,91,140,-0.278,-1.987,0.434,1.691,-0.137,0.248,-36.684,25.477,59,41,0,2,"",1.346,-200,12.656,0,0,0,"CoalCat","YukihiroD","kneesohime","紅さかな","Kr_Luna","Fresh825","","","",5,R,"CoalCat",174,83,0.397,5,70,W,Y,1,1849.143,230,137,112,84,46,,145,127,33.382,10.355,-0.042,0.329,-20.738,0.7,0,0.499,383.796,460.872,17.253,1857.709,-39.889,-143.913,,,,,,0,0,,1854.626,1859.209,1864.322,1869.125,,,,,,,,,,,,,,,,,,,,,,,,,,,,,,,,,-0.129,-38.246,0.083,-17.119,-19.314,-45.688,-17.54,-62.25,21.991,-49.266,11.572,-62.763,40.952,-90.698,0,-109.89,-40.852,-90.598,0.373,-36.456,,"소솨소솨",-0.036,-17.166,,"하루（Haru）",-18.93,-46.071,,"うよすま",-17.406,-62.088,,"aura_5599",21.812,-49.078,,"HANA_ARASHI",11.577,-62.775,,"AI",40.9,-90.65,,"AI",0,-109.84,,"AI",-40.8,-90.55,,,,,,,,,,,,,,,,,,,,,,,,,,,,,,,,,,,,,,,,,,,,,,,,,,,,,,,,"",4,0,"",1859.209,1864.322,,0,""
83,,4,1,2,0,0,0,0,0,0,0,255,255,255,49,1907.655,"ddil_ddil69",R,29,93,140,-1.593,-0.814,0.378,1.899,-0.398,1.312,-36.684,31.735,72,28,0,2,"",-242.961,200,-43.064,0,0,1,"=","=","=","=","=","=","","","",3,R,"YukihiroD",174.3,80,0.398,3,70,W,Y,1,1908.888,255,137,77,63,0,,145,81,-30,61.117,-0.323,0.653,-20.366,1,0,0.556,283.642,377.807,185.419,1908.759,-2.127,-21.357,,,,,,0,0,,,,,,,,,,,,,,,,,,,,,,,,,,,,,,,,,,,,,,0.034,-37.24,0.025,-17.2,-20.022,-46.353,-17.743,-62.198,23.519,-51.128,14.018,-62.096,34.488,-94.886,0,-109.87,-40.83,-90.577,-0.032,-36.628,,"소솨소솨",-0.108,-17.358,,"하루（Haru）",-20.011,-46.361,,"うよすま",-17.661,-62.101,,"aura_5599",23.43,-51.011,,"HANA_ARASHI",14.148,-62.204,,"AI",40.839,-90.691,,"AI",0,-109.84,,"AI",-40.8,-90.55,,,,,,,,,,,,,,,,,,,,,,,,,,,,,,,,,,,,,,,,,,,,,,,,,,,,,,,,"",3,0,"",,,,0,""
84,,4,1,2,0,0,1,0,0,0,0,255,255,255,50,1924.029,"ddil_ddil69",R,32,87,140,0.713,-0.147,0.462,1.899,-0.007,1.312,-36.684,31.987,81,19,0,2,"",220.695,-200,-7.177,0,0,1,"=","=","=","=","=","=","","","",3,R,"YukihiroD",174.3,80,0.398,5,70,W,Y,1,1925.175,208,90,94,11,0,,137,87,-26.2,-17.75,0.131,0.873,-20.224,-0.6,0,0.51,28.778,38.949,-27.719,1925.068,0.627,-21.777,1927.526,5,12.238,0.062,-57.426,0,0,,1930.681,,,,,,,,,,,,,1930.65,1,,147,8,,,,,,,,,,,1932.44,2,,,,,,,0.05,-37.416,0.013,-17.199,-19.652,-46.272,-18.752,-61.233,22.403,-51.03,13.473,-62.376,40.907,-90.657,0,-109.85,-40.807,-90.557,0.354,-36.7,,"소솨소솨",-0.066,-17.295,,"하루（Haru）",-19.644,-46.261,83,"うよすま",-18.657,-61.083,,"aura_5599",22.62,-51.116,,"HANA_ARASHI",13.466,-62.381,111,"AI",40.9,-90.65,,"AI",0,-109.84,,"AI",-40.8,-90.55,,1935.971,-0.828,-38.748,,,,1929.951,-18.113,-39.69,,,,,,,1927.705,12.481,-58.584,,,,,,,,,,,,,,,,1934.892,-17.208,-39.873,,,,,,,1928.587,8.605,-55.843,,,,,,,,,,"",2,0,"HANA_ARASHI",,,,42,""
85,,4,1,2,0,0,0,1,0,0,0,255,255,255,51,1953.379,"ddil_ddil69",R,26,82,134,-1.101,-1.513,0.308,1.629,-0.726,0.465,-36.684,18.198,57,43,0,2,"",165.149,-200,-23.225,0,0,2,"=","=","=","=","=","=","","","",2,R,"kneesohime",190,85,0.497,3,69,W,Y,1,1954.577,255,149,82,147,71,,145,130,90.347,-89.589,-0.196,0.477,-20.785,0.68,0,0.241,37.967,404.074,321.672,,,,,,,,,0,0,,,,,,,,,,,,,,,,,,,,,,,,,,,,,,,,,,,,,,0.014,-37.158,0.015,-17.209,-20.442,-47.088,-18.222,-61.172,19.492,-48.793,14.346,-62.353,40.922,-90.67,0,-109.86,-40.822,-90.571,0.157,-36.793,,"소솨소솨",-0.144,-17.394,,"하루（Haru）",-20.446,-47.09,,"うよすま",-18.154,-61.09,,"aura_5599",19.679,-48.991,,"HANA_ARASHI",14.336,-62.346,,"AI",40.9,-90.65,,"AI",0,-109.84,,"AI",-40.8,-90.55,,,,,,,,,,,,,,,,,,,,,,,,,,,,,,,,,,,,,,,,,,,,,,,,,,,,,,,,"",3,0,"",,,,0,""
86,,4,1,2,0,0,1,1,0,0,0,255,255,255,52,1970.42,"ddil_ddil69",R,29,86,139,-0.782,0.077,0.459,1.895,-0.022,1.647,-36.684,54.312,67,33,0,0,"",-250,0.897,-29.432,0,0,2,"=","=","=","=","=","=","","","",2,R,"kneesohime",190,85,0.497,,69,W,Y,1,,,,,,,,,,,,,,,,,,,,,,,,,,,,,0,0,,,,,,,,,,,,,,,,,,,,,,,,,,,,,,,,,,,,,,-0.015,-37.331,0.012,-17.201,-20.458,-47.142,-17.9,-61.549,19.834,-50.96,13.734,-64.141,40.907,-90.657,0,-109.85,-40.807,-90.557,,,,"",,,,"",,,,"",,,,"",,,,"",,,,"",,,,"",,,,"",,,,,,,,,,,,,,,,,,,,,,,,,,,,,,,,,,,,,,,,,,,,,,,,,,,,,,,,,,"",0,0,"",,,,0,""
87,,4,1,2,0,0,2,1,0,0,0,255,255,255,53,1986.351,"ddil_ddil69",R,32,83,134,2.118,0.578,0.583,1.936,0.554,1.778,-36.684,35.807,72,28,0,2,"",250,-200,30.996,0,0,2,"=","=","=","=","=","=","","","",2,R,"kneesohime",190,85,0.497,3,69,W,Y,0,1987.528,146,90,94,47,46,,143,86,26.547,39.389,0.391,1.209,-19.885,-1,0,0.248,17.71,-286.721,-262.301,1991.401,-39.298,-74.77,1991.926,8,-39.947,0.284,-75.768,1,0,,1993.537,,,,,,,,,,,,,,,,,,,,,,,,,,,,,,,,,,,,0.182,-37.389,0.013,-17.204,-20.469,-47.134,-17.973,-61.556,20.689,-51.353,13.882,-63.139,40.915,-90.664,0,-109.85,-40.815,-90.564,0.17,-36.946,,"소솨소솨",-0.029,-17.219,,"하루（Haru）",-20.488,-47.13,,"うよすま",-17.832,-61.399,,"aura_5599",20.963,-51.743,,"HANA_ARASHI",13.855,-63.144,106,"AI",40.9,-90.65,,"AI",0,-109.84,,"AI",-40.8,-90.55,,1998.152,0.184,-38.661,,,,,,,,,,,,,1995.608,-0.353,-59.36,,,,,,,,,,,,,,,,,,,,,,,,,1997.189,1.642,-57.299,,,,,,,,,,"",2,0,"AI",,,,40,""
88,,4,1,2,0,0,0,1,1,0,0,2,255,255,54,2011.731,"ddil_ddil69",R,28,68,121,-1.526,-0.031,0.304,1.843,-0.745,1.461,-36.684,20.328,69,26,5,4,"",42.458,-96.547,16.978,0,0,3,"=","=","=","=","=","=","","","",4,R,"紅さかな",172.6,86,0.399,,69,W,Y,1,,,,,,,,,,,,,,,,,,,,,,,,,,,,,0,0,,,,,,2015.514,,,,,,,,,,,,,,,,,,,,,,,,,,,,,,,,-0.022,-37.257,0.022,-17.203,-18.752,-40.005,-16.559,-61.253,22.01,-49.974,12.289,-64.232,40.915,-90.664,0,-109.85,-40.815,-90.564,,,,"",,,,"",,,,"",,,,"",,,,"",,,,"",,,,"",,,,"",,,,2024.42,-0.069,-38.71,,,,,,,,,,,,,,,,,,,,,,,,,,,,,,,,,,,,,,,,,,,,,,,,,,,,"",2,0,"",2015.514,,,0,""
89,,4,1,2,0,0,1,1,0,1,0,255,2,255,55,2034.701,"ddil_ddil69",R,26,77,128,0.903,-0.477,0.505,1.744,0.191,1.107,-36.684,51.533,73,26,1,0,"",121.576,-200,-5,0,0,3,"=","=","=","=","=","=","","","",4,R,"紅さかな",172.6,86,0.399,,69,W,Y,0,,,,,,,,,,,,,,,,,,,,,,,,,,,,,0,0,,,,,,,,,,,,,2046.917,,,,,,,,,,,,,,,,,,,,,,,,,-0.009,-37.425,-0.01,-17.231,-18.674,-45.21,-8.801,-60.776,20.1,-42.074,10.745,-62.303,40.908,-90.657,0,-109.85,-40.807,-90.557,,,,"",,,,"",,,,"",,,,"",,,,"",,,,"",,,,"",,,,"",,,,2039.435,-0.228,-37.387,,,,,,,,,,,,,,,,,,,,,,,,,,,,,,,,,,,,,,,,,,,,,,,,,,,,"",0,0,"",2037.143,,,0,""
90,,4,1,2,0,0,2,1,0,1,0,255,2,255,56,2049.378,"ddil_ddil69",R,32,80,130,0.77,-0.145,0.452,1.798,-0.056,1.3,-36.684,41.596,90,10,0,2,"",250,-200,4.019,0,0,3,"=","=","=","=","=","=","","","",4,R,"紅さかな",172.6,86,0.399,3,69,W,Y,1,2050.644,178,152,78,94,46,,145,88,17.617,12.255,0.07,0.944,-20.231,-0.61,0,0.241,369.241,437.038,59.905,2054.209,-19.731,-85.238,2056.651,8,-27.419,0.055,-103.87,1,0,,2056.052,,,,,,,2054.263,2059.28,,,,,,,,,,,,,,,,,,,,,,,,,,,,-0.042,-36.98,-0.007,-17.217,-18.888,-44.987,-17.045,-62.16,22.932,-48.332,9.786,-59.933,40.907,-90.657,0,-109.85,-40.807,-90.557,0.129,-36.63,,"소솨소솨",-0.118,-17.595,,"하루（Haru）",-18.833,-45.031,,"うよすま",-15.38,-61.238,,"aura_5599",21.422,-44.381,,"HANA_ARASHI",6.307,-59.94,88,"AI",40.9,-90.65,,"AI",0,-109.84,,"AI",-40.8,-90.55,,2064.432,0.344,-38.463,,,,,,,,,,,,,2060.65,-0.277,-59.602,,,,,,,,,,,,,,,,,,,,,,,,,2063.39,1.284,-55.333,,,,,,,,,,"",2,0,"AI",,2054.263,2059.28,40,""
91,,4,1,3,0,0,0,1,1,0,0,4,255,255,57,2077.366,"ddil_ddil69",R,32,90,140,-0.757,-0.092,0.317,1.809,-0.684,1.369,-36.684,30.545,73,27,0,0,"",250,-200,19.921,0,0,4,"=","=","=","=","=","=","","","",1,L,"Kr_Luna",190,95.432,0.498,,69,W,Y,0,,,,,,,,,,,,,,,,,,,,,,,,,,,,,0,0,,,,,,,,,,,,2093.463,,,,,,,,,,,,,,,,,,,,,,,,,,-0.023,-37.175,-0.011,-17.222,-18.444,-40.553,-7.982,-63.318,23.734,-50.714,12.363,-63.056,40.915,-90.664,0,-109.85,-40.815,-90.564,,,,"",,,,"",,,,"",,,,"",,,,"",,,,"",,,,"",,,,"",,,,2081.624,-0.098,-37.332,,,,,,,,,,,,,,,,,,,,,,,,,,,,,,,,,,,,,,,,,,,,,,,,,,,,"",0,0,"",,,,0,""
92,,4,1,3,0,0,1,1,1,0,0,4,255,255,58,2093.718,"ddil_ddil69",R,32,93,140,1.509,0.566,0.53,1.937,0.308,1.781,-36.684,57.179,86,14,0,4,"",250,-200,26.609,0,0,4,"=","=","=","=","=","=","","","",1,L,"Kr_Luna",190,95.432,0.498,,69,W,Y,0,,,,,,,,,,,,,,,,,,,,,,,,,,,,,0,0,,,,,,,,,,,,2107.405,,,,,,,,,,,,,,,,,,,,,,,,,,-0.048,-37.097,0.003,-17.231,-17.914,-40.969,-7.668,-63.052,21.517,-47.606,13.114,-63.309,40.915,-90.664,0,-109.85,-40.815,-90.564,,,,"",,,,"",,,,"",,,,"",,,,"",,,,"",,,,"",,,,"",,,,2097.815,-0.146,-37.233,,,,,,,,,,,,,,,,,,,,,,,,,,,,,,,,,,,,,,,,,,,,,,,,,,,,"",0,0,"",,,,0,""
93,,4,1,3,0,0,2,1,1,0,0,4,255,255,59,2108.035,"ddil_ddil69",R,29,90,140,1.413,0.298,0.629,1.96,0.923,1.897,-36.684,57.903,56,44,0,0,"",-250,121.752,-34.084,0,0,4,"=","=","=","=","=","=","","","",1,L,"Kr_Luna",190,95.432,0.498,,69,W,Y,0,,,,,,,,,,,,,,,,,,,,,,,,,,,,,0,0,,,,,,,,,,,,2130.531,,,2110.639,4,,578,0,,,,,,,,,,,,,,,,,,,0.085,-37.542,-0.007,-17.223,-18.506,-40.15,-9.043,-63.444,21.961,-49.601,15.461,-64.038,40.907,-90.657,0,-109.85,-40.807,-90.557,,,,"",,,,"",,,,"",,,,"",,,,"",,,,"",,,,"",,,,"",,,,2114.777,-0.341,-37.131,,,,,,,,,,,,,,,,,,,,,,,,,,,,,,,,,,,,,,,,,,,,,,,,,,,,"",0,0,"",,,,0,""
94,,4,1,3,0,0,0,2,1,0,0,4,255,255,60,2130.985,"ddil_ddil69",R,26,88,140,-1.051,-0.294,0.329,1.77,-0.625,1.242,-36.684,28.061,68,32,0,0,"",119.97,-200,34.718,0,0,5,"=","=","=","=","=","=","","","",0,L,"Fresh825",190,80,0.2,,67,W,Y,0,,,,,,,,,,,,,,,,,,,,,,,,,,,,,0,0,,,,,,,,,,,,2142.598,,,,,,,,,,,,,,,,,,,,,,,,,,-0.01,-37.339,-0.007,-17.215,-17.443,-41.359,-15.925,-62.372,24.519,-51.03,14.432,-62.801,40.915,-90.664,0,-109.86,-40.815,-90.564,,,,"",,,,"",,,,"",,,,"",,,,"",,,,"",,,,"",,,,"",,,,2135.234,-0.258,-36.952,,,,,,,,,,,,,,,,,,,,,,,,,,,,,,,,,,,,,,,,,,,,,,,,,,,,"",0,0,"",,,,0,""
95,,4,1,3,0,0,1,2,1,0,0,4,255,255,61,2148.03,"ddil_ddil69",R,27,90,140,1.725,-1.822,0.527,1.72,0.684,0.319,-36.684,17.724,28,72,0,2,"",36.8,-141.956,13.703,0.477,-19.01,5,"=","=","=","=","=","=","","","",0,L,"Fresh825",190,80,0.2,3,67,W,Y,1,2149.22,136,122,73,142,41,,139,83,-30,-62.485,0.347,0.269,-20.095,1,0,0.11,-335.066,-495.662,-45.28,2149.093,1.009,-20.438,,,,,,0,0,,,,,,,,,,,,,,,,,,,,,,,,,,,,,,,,,,,,,,0.225,-37.304,0.012,-17.18,-18.171,-41.553,-15.775,-63.484,20.76,-48.615,14.994,-62.487,40.915,-90.664,0,-109.85,-40.815,-90.564,0.269,-36.859,,"소솨소솨",-0.096,-17.384,,"하루（Haru）",-17.7,-42.071,,"うよすま",-15.628,-63.403,,"aura_5599",20.645,-48.536,,"HANA_ARASHI",12.293,-62.464,,"AI",40.9,-90.65,,"AI",0,-109.84,,"AI",-40.8,-90.55,,,,,,,,,,,,,,,,,,,,,,,,,,,,,,,,,,,,,,,,,,,,,,,,,,,,,,,,"",3,0,"",,,,0,""
96,,4,1,3,0,0,2,2,1,0,0,4,255,255,62,2168.229,"ddil_ddil69",R,26,83,135,1.559,0.921,0.551,2.002,0.407,1.994,-36.684,47.197,83,17,0,2,"",181.504,-200,24.536,0,0,5,"=","=","=","=","=","=","","","",0,L,"Fresh825",190,80,0.2,5,67,W,Y,1,2169.388,144,104,116,99,0,,145,131,26.177,-43.757,0.289,1.311,-19.43,0.66,0,0.177,426.313,-224.962,351.175,2175.093,90.885,-104.532,,,,,,0,0,,2174.968,,,,2174.201,,,,,,2168.614,,,,,,,,,,,,,,,,,,,,,,,,,,0.092,-37.339,-0.003,-17.223,-18.487,-40.313,-13.796,-62.17,20.795,-48.484,13.983,-61.541,40.907,-90.657,0,-109.85,-40.807,-90.557,0.21,-36.841,,"소솨소솨",-0.022,-17.254,,"하루（Haru）",-17.322,-41.545,,"うよすま",-13.603,-62.027,,"aura_5599",21.557,-49.408,,"HANA_ARASHI",13.939,-61.552,,"AI",40.9,-90.65,,"AI",0,-109.84,,"AI",-40.8,-90.55,,,,,,,,,,,,,,,,,,,,,,,,,,,,,,,,,,,,,,,,,,,,,,,,,,,,,,,,"",3,0,"",2174.201,,,0,""
97,,4,1,3,0,0,2,2,1,0,0,4,255,255,63,2197.396,"ddil_ddil69",R,26,83,134,-1.1,0.628,0.347,1.945,-0.545,1.81,-36.684,42.306,91,9,0,2,"",37.559,-200,1.303,0,0,5,"=","=","=","=","=","=","","","",0,L,"Fresh825",190,80,0.2,0,66,W,Y,1,2198.557,70,91,64,101,14,,102,100,111.904,-44.698,-0.112,1.319,-19.438,0.18,0,0.138,60.401,-389.185,452.644,,,,,,,,,0,0,,,,,,,,,,,,,,,,,,,,,,,,,,,,,,,,,,,,,,-0.073,-37.389,-0.004,-17.23,-17.894,-40.683,-14.655,-62.727,21.921,-48.65,14.076,-61.793,40.915,-90.664,0,-109.85,-40.815,-90.564,0.083,-36.589,,"소솨소솨",-0.026,-17.218,,"하루（Haru）",-16.61,-43.235,,"うよすま",-14.505,-62.677,,"aura_5599",21.885,-48.612,,"HANA_ARASHI",13.774,-61.111,,"AI",40.9,-90.65,,"AI",0,-109.84,,"AI",-40.8,-90.55,,,,,,,,,,,,,,,,,,,,,,,,,,,,,,,,,,,,,,,,,,,,,,,,,,,,,,,,"",3,0,"",,,,0,""
98,,4,1,3,0,0,2,2,1,0,0,4,255,255,64,2213.453,"ddil_ddil69",R,26,76,127,0.907,-0.664,0.512,1.692,0.223,0.989,-36.684,62.462,64,36,0,2,"",102.635,-200,34.634,0,0,5,"=","=","=","=","=","=","","","",0,L,"Fresh825",190,80,0.2,5,66,W,Y,1,2214.578,162,103,118,114,42,,145,131,30.063,-21.195,0.164,0.733,-20.002,0.41,0,0.117,374.001,-315.018,61.306,2220.368,52.829,-129.215,,,,,,0,0,,2219.98,2224.459,2229.747,2234.968,2220.037,2224.897,2229.824,,,,2215.304,,,,,,,,,,,,,,,,,,,,,,,,,,-0.033,-37.494,0.062,-17.223,-18.469,-40.303,-17.17,-62.351,23.389,-50.131,12.484,-62.527,40.907,-90.657,0,-109.85,-40.807,-90.557,-0.261,-36.427,,"소솨소솨",0.012,-17.334,,"하루（Haru）",-17.389,-42.371,,"うよすま",-17.041,-62.216,,"aura_5599",22.922,-49.945,,"HANA_ARASHI",14.604,-61.365,,"AI",40.9,-90.65,,"AI",0,-109.84,,"AI",-40.8,-90.55,,,,,,,,,,,,,,,,,,,,,,,,,,,,,,,,,,,,,,,,,,,,,,,,,,,,,,,,"",4,0,"",2220.037,2224.897,2229.824,0,""
99,,4,1,5,0,0,0,2,0,0,0,255,255,255,65,2252.501,"ddil_ddil69",R,26,76,127,1.429,0.589,0.535,1.915,0.33,1.718,-36.684,40.523,70,30,0,0,"",181.548,-200,30.66,0,0,0,"=","=","=","=","=","=","","","",5,R,"CoalCat",174,83,0.397,,69,W,Y,0,,,,,,,,,,,,,,,,,,,,,,,,,,,,,0,0,,,,,,,,,,,,,,,,,,,,,,,,,,,,,,,,,,,,,,0.05,-37.536,0.03,-17.218,-18.807,-44.727,-18.054,-60.987,23.599,-51.809,13.153,-62.994,40.9,-90.65,0,-109.84,-40.8,-90.55,,,,"",,,,"",,,,"",,,,"",,,,"",,,,"",,,,"",,,,"",,,,,,,,,,,,,,,,,,,,,,,,,,,,,,,,,,,,,,,,,,,,,,,,,,,,,,,,,,"",0,0,"",,,,0,""
100,,4,1,5,0,0,1,2,0,0,0,255,255,255,66,2265.688,"ddil_ddil69",R,13,80,117,-6.773,-1.796,0.207,1.795,-2.274,0.97,-36.684,24.418,21,79,0,4,"",-390.434,312.348,13.862,-1.479,-18.673,0,"=","=","=","=","=","=","","","",5,R,"CoalCat",174,83,0.397,,69,W,Y,1,,,,,,,,,,,,,,,,,,,,,,,,,,,,,0,0,,,,,,,,,,,,,,,,,,,,,,,,,,,,,,,,,,,,,,-0.079,-37.259,0.013,-17.232,-18.558,-44.937,-17.647,-61.377,25.344,-51.214,13.38,-61.753,40.9,-90.65,0,-109.84,-40.8,-90.55,,,,"",,,,"",,,,"",,,,"",,,,"",,,,"",,,,"",,,,"",,,,,,,,,,,,,,,,,,,,,,,,,,,,,,,,,,,,,,,,,,,,,,,,,,,,,,,,,,"",0,0,"",,,,0,""
101,,4,1,5,0,0,2,2,0,0,0,255,255,255,67,2282.309,"ddil_ddil69",R,13,83,121,-7.452,-2.028,0.142,1.767,-2.576,0.864,-36.684,21.051,30,70,0,4,"BH-",-380.95,323.848,30.715,-1.57,-18.991,0,"=","=","=","=","=","=","","","",5,R,"CoalCat",174,83,0.397,,69,W,Y,1,,,,,,,,,,,,,,,,,,,,,,,,,,,,,1,0,,2290.447,,,,,,,,,,,,,,,,,,,,,,,,,,,,2294.048,2,,,,,,,-0.069,-37.313,0.003,-17.144,-18.374,-44.437,-18.005,-61.505,22.911,-50.708,13.006,-61.739,40.9,-90.65,0,-109.84,-40.8,-90.55,,,,"",,,,"",,,,"",,,,"",,,,"",,,,"",,,,"",,,,"",,,,,,,,,,,,,,,,,,,,,,,,,,,,,,,,,,,,,,,,,,,,,,,,,,,,,,,,,,"",0,0,"",,,,0,""
102,,4,1,5,0,0,0,2,1,0,0,5,255,255,68,2308.711,"ddil_ddil69",R,13,74,113,-2.126,-0.694,0.416,1.894,-0.223,1.643,-36.684,42.3,61,39,0,4,"",-388.355,314.929,32.152,-0.829,-16.76,1,"=","=","=","=","=","=","","","",3,R,"YukihiroD",174.3,80,0.398,,69,W,Y,1,,,,,,,,,,,,,,,,,,,,,,,,,,,,,0,0,,,,,,,,,,,,,,,,,,,,,,,,,,,,,,,,,,,,,,0.021,-37.446,0.019,-16.995,-18.418,-40.337,-19.008,-59.776,20.652,-49.822,14.728,-61.98,40.9,-90.65,0,-109.84,-40.8,-90.55,,,,"",,,,"",,,,"",,,,"",,,,"",,,,"",,,,"",,,,"",,,,,,,,,,,,,,,,,,,,,,,,,,,,,,,,,,,,,,,,,,,,,,,,,,,,,,,,,,"",0,0,"",,,,0,""
103,,4,1,5,0,0,1,2,1,0,0,5,255,255,69,2321.232,"ddil_ddil69",R,32,72,123,2.198,0.865,0.608,1.944,0.549,1.868,-36.684,65.889,64,36,0,2,"",250,-200,43.071,0,0,1,"=","=","=","=","=","=","","","",3,R,"YukihiroD",174.3,80,0.398,5,69,W,Y,1,2322.47,207,123,109,60,12,,145,97,14.435,-40.729,0.386,1.257,-20.725,-0.33,0,0.794,412.982,357.944,87.024,2325.951,45.653,-79.929,2326.099,6,45.143,0.458,-79.165,1,0,,2327.886,,,,2328.608,,,,,,2323.183,,,,,,,,,,,,,,,,,,,,,,,,,,-0.034,-37.288,-0.004,-17.124,-17.896,-39.833,-20.223,-59.756,22.553,-50.938,13.898,-62.566,40.9,-90.65,0,-109.84,-40.8,-90.55,-0.145,-36.515,,"소솨소솨",-0.062,-17.13,,"하루（Haru）",-16.038,-41.964,,"うよすま",-19.737,-59.871,75,"aura_5599",21.574,-51.075,,"HANA_ARASHI",14.026,-62.99,,"AI",40.904,-90.653,,"AI",0,-109.844,,"AI",-40.804,-90.553,,2334.907,-0.205,-38.924,,,,,,,2330.214,0.267,-59.038,,,,,,,,,,,,,,,,,,,,,,,,,2333.695,-0.293,-56.691,,,,,,,,,,,,,,,,"",2,0,"AI",2328.608,,,33,""
104,,4,1,5,0,0,0,2,1,1,0,3,5,255,70,2343.175,"ddil_ddil69",R,3,56,100,-2.292,-0.199,0.451,1.849,-0.058,1.499,-36.684,46.292,55,45,0,4,"",-454.546,0,52.414,0,0,2,"=","=","=","=","=","=","","","",2,R,"kneesohime",190,85,0.497,,69,W,Y,1,,,,,,,,,,,,,,,,,,,,,,,,,,,,,0,0,,,,,,,,,,,,2343.451,2343.403,,,,,,,,,,,,,,,,,,,,,,,,,-0.067,-37.3,-0.019,-17.244,-19.108,-39.935,-15.486,-60.853,21.826,-49.048,12.774,-61.443,40.9,-90.65,0,-109.84,-40.8,-90.55,,,,"",,,,"",,,,"",,,,"",,,,"",,,,"",,,,"",,,,"",,,,2348.999,-0.191,-37.364,,,,,,,,,,,,,,,,,,,,,,,,,,,,,,,,,,,,,,,,,,,,,,,,,,,,"",0,0,"",2346.3,,,0,""
105,,4,1,5,0,0,1,2,1,1,0,3,5,255,71,2358.005,"ddil_ddil69",R,14,84,123,0.884,-0.915,0.409,1.81,-0.253,1.371,-36.684,31.285,49,51,0,2,"",390.434,312.348,26.251,0,0,2,"=","=","=","=","=","=","","","",2,R,"kneesohime",190,85,0.497,0,69,W,Y,1,2359.19,210,133,159,108,55,,145,97,2.314,-14.422,0.159,0.699,-20.63,-0.74,0,0.167,-385.703,137.882,-97.069,2359.676,4.451,-37.774,2360.926,5,9.092,0.058,-56.701,0,0,,,,,,2363.695,,,2364.113,,,2358.218,,,2363.736,2,,147,8,,,,,,,,,,,,,,,,,,,0.012,-37.302,-0.019,-17.243,-18.912,-40.397,-14.994,-60.757,23.586,-51.803,13.657,-60.963,40.9,-90.65,0,-109.84,-40.8,-90.55,0.096,-36.401,,"소솨소솨",-0.095,-17.265,,"하루（Haru）",-16.988,-43.751,,"うよすま",-15.941,-61.747,,"aura_5599",22.822,-51.463,,"HANA_ARASHI",13.3,-60.684,111,"AI",40.903,-90.653,,"AI",0,-109.844,,"AI",-40.803,-90.553,,,,,,,,2363.117,-17.59,-40.705,,,,,,,2361.084,9.239,-57.288,,,,,,,,,,,,,,,,,,,,,,,,,2361.881,5.309,-54.87,,,,,,,,,,"",2,0,"HANA_ARASHI",2363.695,2364.113,,10,""
106,SIDE,4,1,5,0,0,0,2,1,1,0,3,5,255,,2364.334,,,,,,,,,,,,,,,,,,,,,,,,3,"=","=","=","=","=","=","","","",,,,,,,,,,,,,,,,,,,,,,,,,,,,,,,,,,,,,,,0,0,,,,,,,,,,,,,,,,,,,,,,,,,,,,,,,,,,,,,,,,,,,,,,,,,,,,,,,,,,,,,,,,,,,,,,,,,,,,,,,,,,,,,,,,,,,,,,,,,,,,,,,,,,,,,,,,,,,,,,,,,,,,,,,,,,,,,,,,,,,,,,,,,"",0,0,"",,,,0,""
107,,4,0,5,0,0,0,0,0,0,0,255,255,255,27,2415.062,"Fresh825",R,33,83,135,0.494,-0.898,0.315,1.482,0.016,0.974,-36.44,30.825,2,98,0,0,"",135.672,-80.504,2.529,0,0,4,"うよすま","하루（Haru）","aura_5599","HANA_ARASHI","소솨소솨","ddil_ddil69","","","",1,R,"소솨소솨",190,90.013,0.501,,68,W,Y,0,,,,,,,,,,,,,,,,,,,,,,,,,,,,,0,0,,,,,,,,,,,,,,,,,,,,,,,,,,,,,,,,,,,,,,-0.145,-37.476,0.056,-17.501,-21.937,-48.794,-16.152,-62.096,20.196,-45.796,11.261,-61.789,40.922,-90.671,0,-109.87,-40.822,-90.571,,,,"",,,,"",,,,"",,,,"",,,,"",,,,"",,,,"",,,,"",,,,,,,,,,,,,,,,,,,,,,,,,,,,,,,,,,,,,,,,,,,,,,,,,,,,,,,,,,"",0,0,"",,,,0,""
108,,4,0,5,0,0,1,0,0,0,0,255,255,255,28,2431.344,"Fresh825",R,13,86,112,-1.519,-2.203,0.199,1.344,-0.361,0.688,-36.44,19.621,54,46,0,1,"",-172.719,362.172,-1.34,-0.319,-19.603,4,"=","=","=","=","=","=","","","",1,R,"소솨소솨",190,90.013,0.501,,68,W,Y,0,,,,,,,,,,,,,,,,,,,,,,,,,,,,,0,0,,,,,,,,,,,,,,,,,,,,,,,,,,,,,,,,,,,,,,-0.127,-37.548,0.047,-17.503,-20.374,-47.489,-15.357,-62.209,20.155,-45.763,11.415,-61.841,40.915,-90.664,0,-109.85,-40.815,-90.564,,,,"",,,,"",,,,"",,,,"",,,,"",,,,"",,,,"",,,,"",,,,,,,,,,,,,,,,,,,,,,,,,,,,,,,,,,,,,,,,,,,,,,,,,,,,,,,,,,"",0,0,"",,,,0,""
109,,4,0,5,0,1,1,0,0,0,0,255,255,255,29,2444.467,"Fresh825",R,32,84,137,-0.336,-1.187,0.195,1.438,-0.38,0.771,-36.44,11.833,5,95,0,1,"",166.338,-106.109,1.391,-0.054,-14.631,4,"=","=","=","=","=","=","","","",1,R,"소솨소솨",190,90.013,0.501,,68,W,Y,0,,,,,,,,,,,,,,,,,,,,,,,,,,,,,0,0,,,,,,,,,,,,,,,,,,,,,,,,,,,,,,,,,,,,,,-0.017,-37.494,0.045,-17.499,-19.999,-46.756,-15.76,-62.349,20.14,-45.743,11.408,-61.857,40.907,-90.657,0,-109.85,-40.807,-90.557,,,,"",,,,"",,,,"",,,,"",,,,"",,,,"",,,,"",,,,"",,,,,,,,,,,,,,,,,,,,,,,,,,,,,,,,,,,,,,,,,,,,,,,,,,,,,,,,,,"",0,0,"",,,,0,""
110,,4,0,5,0,2,1,0,0,0,0,255,255,255,30,2457.531,"Fresh825",R,32,84,136,0.225,-0.883,0.268,1.478,-0.166,0.953,-36.44,21.504,5,95,0,0,"",185.324,-116.477,1.84,0,0,4,"=","=","=","=","=","=","","","",1,R,"소솨소솨",190,90.013,0.501,,68,W,Y,0,,,,,,,,,,,,,,,,,,,,,,,,,,,,,0,0,,,,,,,,,,,,,,,,,,,,,,,,,,,,,,,,,,,,,,-0.047,-37.498,0.062,-17.511,-20.014,-46.787,-15.556,-62.35,20.158,-45.638,11.413,-61.829,40.907,-90.657,0,-109.85,-40.807,-90.557,,,,"",,,,"",,,,"",,,,"",,,,"",,,,"",,,,"",,,,"",,,,,,,,,,,,,,,,,,,,,,,,,,,,,,,,,,,,,,,,,,,,,,,,,,,,,,,,,,"",0,0,"",,,,0,""
111,,4,0,5,0,2,2,0,0,0,0,255,255,255,31,2469.962,"Fresh825",R,3,77,105,1.62,-0.562,0.764,1.478,1.465,1.277,-36.44,37.816,10,90,0,2,"",-406.413,0,-1.091,0,0,4,"=","=","=","=","=","=","","","",1,R,"소솨소솨",190,90.013,0.501,5,68,W,Y,1,2471.214,101,179,136,79,64,,136,125,26.212,-42.599,0.351,0.874,-21.211,0.7,0,0.514,188.778,242.695,246.723,2476.401,72.38,-108.939,,,,,,0,0,,2477.503,2482.231,2487.383,2492.463,,,,,,,,,,,,,,,,,,,,,,,,,,,,,,,,,0.213,-37.468,0.054,-17.497,-19.617,-45.766,-15.753,-62.331,20.168,-45.687,11.423,-61.845,40.907,-90.657,0,-109.85,-40.807,-90.557,0.371,-36.851,,"Kr_Luna",0.065,-17.498,,"kneesohime",-19.609,-45.664,,"YukihiroD",-15.549,-62.359,,"紅さかな",20.163,-45.67,,"CoalCat",11.431,-61.656,,"AI",40.9,-90.65,,"AI",0,-109.84,,"AI",-40.8,-90.55,,,,,,,,,,,,,,,,,,,,,,,,,,,,,,,,,,,,,,,,,,,,,,,,,,,,,,,,"",4,0,"",2482.231,2487.383,,0,""
112,,4,0,5,1,0,0,0,0,0,0,255,255,255,32,2513.424,"Fresh825",R,3,79,106,-2.72,-0.683,0.205,1.499,-0.429,1.229,-36.44,16.505,34,66,0,4,"",-400.734,3.097,0.257,0,0,5,"=","=","=","=","=","=","","","",0,R,"ddil_ddil69",176.4,89.974,0.546,,68,W,Y,1,,,,,,,,,,,,,,,,,,,,,,,,,,,,,0,0,,,,,,,,,,,,,,,,,,,,,,,,,,,,,,,,,,,,,,-0.07,-37.621,0.048,-17.496,-20.707,-46.616,-16.411,-61.327,20.399,-47.032,10.944,-61.602,40.915,-90.664,0,-109.85,-40.815,-90.564,,,,"",,,,"",,,,"",,,,"",,,,"",,,,"",,,,"",,,,"",,,,,,,,,,,,,,,,,,,,,,,,,,,,,,,,,,,,,,,,,,,,,,,,,,,,,,,,,,"",0,0,"",,,,0,""
113,,4,0,5,1,0,1,0,0,0,0,255,255,255,33,2540.381,"Fresh825",R,3,80,108,-2.481,-1.4,0.265,1.425,-0.405,0.827,-36.44,21.824,18,82,0,4,"",-368.336,16.797,4.867,-0.795,-16.715,5,"=","=","=","=","=","=","","","",0,R,"ddil_ddil69",176.4,89.974,0.546,,68,W,Y,1,,,,,,,,,,,,,,,,,,,,,,,,,,,,,0,0,,,,,,,,,,,,,,,,,,,,,,,,,,,,,,,,,,,,,,-0.073,-37.735,0.056,-17.505,-20.47,-46.204,-16.959,-60.843,20.425,-45.361,11.06,-61.669,40.93,-90.677,0,-109.87,-40.83,-90.577,,,,"",,,,"",,,,"",,,,"",,,,"",,,,"",,,,"",,,,"",,,,,,,,,,,,,,,,,,,,,,,,,,,,,,,,,,,,,,,,,,,,,,,,,,,,,,,,,,"",0,0,"",,,,0,""
114,,4,0,5,1,0,2,0,0,0,0,255,255,255,34,2558.004,"Fresh825",R,3,85,113,-4.416,-1.258,0.031,1.39,-1.33,0.881,-36.44,8.094,9,91,0,1,"",-340.122,0,2.957,0,0,5,"=","=","=","=","=","=","","","",0,R,"ddil_ddil69",176.4,89.974,0.546,,68,W,Y,0,,,,,,,,,,,,,,,,,,,,,,,,,,,,,0,0,,,,,,,,,,,,,,,,,,,,,,,,,,,,,,,,,,,,,,-0.118,-37.625,0.052,-17.495,-20.234,-47.813,-15.434,-61.225,20.431,-45.863,11.047,-61.63,40.915,-90.664,0,-109.86,-40.815,-90.564,,,,"",,,,"",,,,"",,,,"",,,,"",,,,"",,,,"",,,,"",,,,,,,,,,,,,,,,,,,,,,,,,,,,,,,,,,,,,,,,,,,,,,,,,,,,,,,,,,"",0,0,"",,,,0,""
115,,4,0,5,1,1,2,0,0,0,0,255,255,255,35,2572.204,"Fresh825",R,32,75,126,1.019,-0.189,0.386,1.597,0.203,1.392,-36.44,36.282,9,91,0,2,"",151.12,-93.338,-1.404,0,0,5,"=","=","=","=","=","=","","","",0,R,"ddil_ddil69",176.4,89.974,0.546,5,68,W,Y,1,2573.414,161,215,171,116,59,,145,118,28.395,-59.66,0.19,0.921,-20.932,0.19,0,0.756,134.309,-13.056,570.015,,,,,,,,,0,0,,,,,,,,,,,,,,,,,,,,,,,,,,,,,,,,,,,,,,-0.108,-37.825,0.054,-17.514,-20.225,-46.346,-16.032,-61.137,20.431,-45.835,11.074,-61.651,40.915,-90.664,0,-109.85,-40.815,-90.564,0.045,-37.099,,"Kr_Luna",0.053,-17.499,,"kneesohime",-20.133,-46.036,,"YukihiroD",-16.02,-61.128,,"紅さかな",20.427,-45.816,,"CoalCat",11.049,-61.605,,"AI",40.9,-90.65,,"AI",0,-109.84,,"AI",-40.8,-90.55,,,,,,,,,,,,,,,,,,,,,,,,,,,,,,,,,,,,,,,,,,,,,,,,,,,,,,,,"",3,0,"",,,,0,""
116,,4,0,5,1,1,2,0,0,0,0,255,255,255,36,2590.408,"Fresh825",R,0,77,115,-3.899,-0.615,0.242,1.779,-1.707,1.237,-36.44,17.638,93,7,0,4,"",0,0,5.264,0,0,5,"=","=","=","=","=","=","","","",0,R,"ddil_ddil69",176.4,89.974,0.546,,39,W,Y,1,,,,,,,,,,,,,,,,,,,,,,,,,,,,,0,0,,,,,,,,,,,,,,,2593.323,5,,578,0,,,,,,,,,,,,,,,,,,,-0.046,-37.737,0.058,-17.499,-21.466,-48.59,-15.535,-62.147,22.236,-47.287,13.008,-61.934,40.907,-90.657,0,-109.85,-40.807,-90.557,,,,"",,,,"",,,,"",,,,"",,,,"",,,,"",,,,"",,,,"",,,,,,,,,,,,,,,,,,,,,,,,,,,,,,,,,,,,,,,,,,,,,,,,,,,,,,,,,,"",0,0,"",,,,0,""
117,,4,0,5,1,0,0,1,0,0,0,255,255,255,37,2611.775,"Fresh825",R,13,78,105,-2.365,-2.481,0.341,1.67,-0.655,0.94,-36.44,12.639,54,46,0,4,"",-198.445,400,11.923,-0.482,-19.779,0,"=","=","=","=","=","=","","","",3,R,"うよすま",160,85.375,0.502,,68,W,Y,1,,,,,,,,,,,,,,,,,,,,,,,,,,,,,0,0,,,,,,,,,,,,,,,,,,,,,,,,,,,,,,,,,,,,,,0.031,-37.832,0.07,-17.509,-21.549,-46.196,-16.336,-61.394,21.916,-47.156,12.694,-62.456,40.922,-90.67,0,-109.86,-40.822,-90.57,,,,"",,,,"",,,,"",,,,"",,,,"",,,,"",,,,"",,,,"",,,,,,,,,,,,,,,,,,,,,,,,,,,,,,,,,,,,,,,,,,,,,,,,,,,,,,,,,,"",0,0,"",,,,0,""
118,,4,0,5,1,0,1,1,0,0,0,255,255,255,38,2626.256,"Fresh825",R,4,87,118,-8.316,-2.4,-0.105,1.417,-3.351,0.238,-36.44,8.008,8,92,0,1,"",-157.874,0,3.92,-1.641,-19.404,0,"=","=","=","=","=","=","","","",3,R,"うよすま",160,85.375,0.502,,68,W,Y,0,,,,,,,,,,,,,,,,,,,,,,,,,,,,,0,0,,,,,,,,,,,,,,,,,,,,,,,,,,,,,,,,,,,,,,-0.113,-37.825,0.062,-17.492,-21.538,-46.265,-16.897,-60.461,19.855,-45.218,12.699,-62.482,40.915,-90.664,0,-109.85,-40.815,-90.564,,,,"",,,,"",,,,"",,,,"",,,,"",,,,"",,,,"",,,,"",,,,,,,,,,,,,,,,,,,,,,,,,,,,,,,,,,,,,,,,,,,,,,,,,,,,,,,,,,"",0,0,"",,,,0,""
119,,4,0,5,1,1,1,1,0,0,0,255,255,255,39,2643.459,"Fresh825",R,3,84,110,-0.707,-0.84,0.415,1.646,0.355,1.469,-36.44,26.914,52,48,0,2,"",-372.2,204.401,1.022,0,0,0,"=","=","=","=","=","=","","","",3,R,"うよすま",160,85.375,0.502,3,68,W,Y,1,2644.57,255,124,132,87,7,,145,76,25.459,47.826,-0.085,0.716,-21.124,1,0,0.422,-139.069,535.455,141.731,2646.976,-35.866,-48.495,,,,,,0,0,,,,,,,,,,,,,,,,,,,,,,,,,,,,,,,,,,,,,,-0.005,-37.806,0.028,-17.462,-21.557,-46.19,-16.97,-60.126,19.777,-45.195,12.716,-62.459,40.915,-90.664,0,-109.86,-40.815,-90.564,0.129,-37.039,,"Kr_Luna",0.014,-17.454,,"kneesohime",-21.517,-46.105,,"YukihiroD",-16.276,-60.378,,"紅さかな",19.803,-45.212,,"CoalCat",12.624,-62.368,,"AI",40.9,-90.65,,"AI",0,-109.84,,"AI",-40.8,-90.55,,,,,,,,,,,,,,,,,,,,,,,,,,,,,,,,,,,,,,,,,,,,,,,,,,,,,,,,"",3,0,"",,,,0,""
120,,4,0,5,1,1,2,1,0,0,0,255,255,255,40,2665.679,"Fresh825",R,39,39,98,1.021,3.751,0.216,2.019,0.57,3.318,-36.44,78.234,100,0,0,1,"",-62.3,-200,-1.956,-0.098,-5.757,0,"=","=","=","=","=","=","","","",3,R,"うよすま",160,85.375,0.502,,69,W,Y,0,,,,,,,,,,,,,,,,,,,,,,,,,,,,,0,0,,,,,,,,,,,,,,,,,,,,,,,,,,,,,,,,,,,,,,-0.205,-37.416,0.017,-17.45,-22.292,-46.785,-17.489,-60.495,20.536,-45.758,11.619,-62.995,40.922,-90.67,0,-109.86,-40.822,-90.57,,,,"",,,,"",,,,"",,,,"",,,,"",,,,"",,,,"",,,,"",,,,,,,,,,,,,,,,,,,,,,,,,,,,,,,,,,,,,,,,,,,,,,,,,,,,,,,,,,"",0,0,"",,,,0,""
121,,4,0,5,1,2,2,1,0,0,0,255,255,255,41,2684.644,"Fresh825",R,32,89,140,-1.422,-1.424,0.046,1.473,-0.933,0.685,-36.44,7.719,5,95,0,1,"",234.614,-153.026,18.757,0,0,0,"=","=","=","=","=","=","","","",3,R,"うよすま",160,85.375,0.502,,69,W,Y,0,,,,,,,,,,,,,,,,,,,,,,,,,,,,,0,0,,,,,,,,,,,,,,,,,,,,,,,,,,,,,,,,,,,,,,-0.108,-37.543,-0.002,-17.457,-21.684,-46.272,-16.537,-60.501,20.983,-45.352,11.58,-63.16,40.922,-90.671,0,-109.86,-40.822,-90.57,,,,"",,,,"",,,,"",,,,"",,,,"",,,,"",,,,"",,,,"",,,,,,,,,,,,,,,,,,,,,,,,,,,,,,,,,,,,,,,,,,,,,,,,,,,,,,,,,,"",0,0,"",,,,0,""
122,,4,0,5,1,3,2,1,0,0,0,255,255,255,42,2701.39,"Fresh825",R,10,56,89,-0.36,-2.97,0.204,1.575,0.082,0.503,-36.44,13.825,70,30,0,2,"",-106.659,400,6.244,-0.045,-21.303,0,"=","=","=","=","=","=","","","",3,R,"うよすま",160,85.375,0.502,3,69,W,Y,1,2702.704,112,104,94,76,57,,137,72,-11.61,57.78,-0.067,0.127,-20.287,1,0,0.44,-168.656,441.133,-33.792,2702.484,-0.444,-20.525,,,,,,0,0,,,,,,,,,,,,,,,,,,,,,,,,,,,,,,,,,,,,,,-0.103,-37.401,0.024,-17.469,-22.363,-47.001,-16.792,-60.397,20.183,-45.455,11.631,-63.015,40.915,-90.664,0,-109.86,-40.815,-90.564,0.176,-37.152,,"Kr_Luna",0.018,-17.461,,"kneesohime",-22.366,-46.871,,"YukihiroD",-15.586,-60.83,,"紅さかな",20.163,-45.4,,"CoalCat",11.583,-62.939,,"AI",40.9,-90.65,,"AI",0,-109.84,,"AI",-40.8,-90.55,,,,,,,,,,,,,,,,,,,,,,,,,,,,,,,,,,,,,,,,,,,,,,,,,,,,,,,,"",3,0,"",,,,0,""
123,,4,0,5,1,3,2,1,0,0,0,255,255,255,43,2722.389,"Fresh825",R,13,79,106,-4.796,-2.713,0.052,1.554,-1.712,0.68,-36.44,9.774,62,38,0,1,"",-201.547,398.153,15.31,-0.884,-20.52,0,"=","=","=","=","=","=","","","",3,R,"うよすま",160,85.375,0.502,,69,W,Y,0,,,,,,,,,,,,,,,,,,,,,,,,,,,,,0,0,,2730.125,,,,,,,,,,,,,,,,,,,,,,,,,,,,,,,,,,,,0.032,-37.477,0.004,-17.464,-22.842,-46.971,-16.181,-61.228,20.123,-45.385,11.126,-62.639,40.915,-90.664,0,-109.86,-40.815,-90.564,,,,"",,,,"",,,,"",,,,"",,,,"",,,,"",,,,"",,,,"",,,,,,,,,,,,,,,,,,,,,,,,,,,,,,,,,,,,,,,,,,,,,,,,,,,,,,,,,,"",5,0,"",,,,0,""
124,,4,0,5,1,0,0,1,1,0,0,13,255,255,44,2769.77,"Fresh825",R,33,83,135,-3.575,-1.038,-0.007,1.516,-1.756,0.837,-36.44,9.166,52,48,0,2,"",141.877,-132.619,6.466,0,0,1,"=","=","=","=","=","=","","","",2,L,"하루（Haru）",190,85,0.397,5,69,W,Y,1,2770.895,255,159,154,93,54,,145,109,-14.915,32.064,-0.662,0.62,-20.384,-0.04,0.143,0.271,-305.033,450.353,155.808,2770.743,-1.755,-22.12,2774.143,8,-36.619,0.058,-77.999,1,0,,2776.602,,,,2775.79,,,,,,2770.173,,,,,,,,,,,,,,,,,,,,,,,,,,-0.194,-37.715,-0.009,-17.486,-19.213,-41.065,-9.079,-64.953,20.297,-45.813,12.641,-60.051,40.915,-90.664,0,-109.86,-40.815,-90.564,0.016,-37.495,,"Kr_Luna",-0.002,-17.526,,"kneesohime",-19.584,-41.901,,"YukihiroD",-10.149,-64.32,,"紅さかな",20.294,-45.821,,"CoalCat",12.613,-59.879,66,"AI",40.9,-90.65,,"AI",0,-109.84,,"AI",-40.8,-90.55,,2781.594,0.282,-38.892,,,,,,,,,,,,,2777.774,-0.147,-59.428,,,,,,,,,,,,,,,,,,,,,,,,,2780.296,0.144,-57.332,,,,,,,,,,"",2,0,"AI",2775.79,,,33,""
125,,4,0,5,1,0,0,1,1,1,0,12,13,255,45,2795.328,"Fresh825",R,32,88,140,-2.119,-1.003,0.032,1.486,-1.215,0.837,-36.44,14.611,41,59,0,2,"",221.528,-168.834,23.397,0,0,2,"=","=","=","=","=","=","","","",4,R,"aura_5599",190,94.523,0.448,3,69,W,Y,0,2796.412,137,109,139,78,31,,143,85,-30,52.231,-0.394,0.597,-19.897,1,0,0.191,-343.932,363.568,50.097,2796.326,-1.573,-20.806,2798.376,2,-23.747,0.056,-42.42,0,0,,,,,,,,,,,,2795.693,2808.186,,,,,,,,,,,,,,,,,,,,,,,,,-0.223,-37.459,0.036,-17.482,-21.546,-47.98,-14.677,-61.092,19.419,-45.054,2.538,-61.018,40.915,-90.664,0,-109.86,-40.815,-90.564,-0.163,-37.431,,"Kr_Luna",0.011,-17.499,,"kneesohime",-21.507,-47.984,79,"YukihiroD",-14.546,-61.079,,"紅さかな",19.758,-44.006,,"CoalCat",3.87,-60.347,,"AI",40.9,-90.65,,"AI",0,-109.84,,"AI",-40.8,-90.55,,2800.979,-1,-38.326,,,,2798.613,-24.049,-42.945,,,,,,,,,,,,,,,,,,,,,,,,,2799.942,-18.445,-41.227,,,,,,,,,,,,,,,,,,,"",3,0,"kneesohime",2804.968,,,36,""
126,,4,0,5,1,0,1,1,1,1,0,12,13,255,46,2812.062,"Fresh825",R,4,90,120,-8.22,-1.546,-0.297,1.414,-3.209,0.58,-36.44,9.528,0,100,0,1,"",-220.941,0,10.159,-1.845,-17.144,2,"=","=","=","=","=","=","","","",4,R,"aura_5599",190,94.523,0.448,,38,W,Y,0,,,,,,,,,,,,,,,,,,,,,,,,,,,,,0,1,,,,,,,,,2815.893,,,2812.219,,,2816.514,0,2,293,16,,,,,,,,,,,,,,,,,,,-0.203,-37.54,0.03,-17.475,-20.898,-44.937,-13.846,-59.963,19.583,-44.758,6.309,-61.22,40.908,-90.657,0,-109.85,-40.808,-90.557,,,,"",,,,"",,,,"",,,,"",,,,"",,,,"",,,,"",,,,"",,,,2821.828,0.324,-38.264,,,,,,,,,,,,,,,,,,,,,,,,,,,,,,,,,,,,,,,,,,,,,,,,,,,,"",0,0,"",,2815.893,,0,""
127,,4,0,5,1,1,1,2,1,0,0,12,255,255,47,2839.968,"Fresh825",R,3,81,109,-1.71,-0.907,0.322,1.5,-0.097,1.147,-36.44,23.165,51,49,0,2,"",-358.444,72.789,-3.199,0,0,2,"=","=","=","=","=","=","","","",4,R,"aura_5599",190,94.523,0.448,3,38,W,Y,1,2841.058,152,129,108,141,74,,145,120,-19.811,40.61,-0.244,0.777,-21.502,0.16,0,0.483,-86.34,370.536,275.62,2841.026,-1.915,-23.443,2842.126,2,-17.639,0.775,-41.627,0,0,,,,,,2845.481,,,,,,2840.112,,,2844.751,1,1,166,4,2847.814,2,,147,1,,,,,,,,2845.625,5,,,,,-0.056,-37.644,0.043,-17.64,-19.491,-41.49,-15.282,-60.18,19.065,-44.28,9.914,-62.425,40.922,-90.67,0,-109.86,-40.822,-90.571,0.314,-37.355,,"Kr_Luna",0.048,-17.648,,"kneesohime",-20.582,-42.84,100,"YukihiroD",-14.871,-60.248,,"紅さかな",19.567,-45.051,,"CoalCat",8.944,-62.095,86,"AI",40.9,-90.65,,"AI",0,-109.84,,"AI",-40.8,-90.55,,,,,,,,2842.357,-18.135,-41.888,,,,,,,2844.149,-0.282,-58.692,,,,,,,,,,,,,,,,2843.12,-14.947,-44.615,,,,,,,2845.784,-0.918,-58.411,,,,,,,,,,"",2,0,"kneesohime",2845.481,,,5,""
128,SIDE,4,0,5,1,0,0,2,0,0,0,255,255,255,,2849.086,,,,,,,,,,,,,,,,,,,,,,,,3,"=","=","=","=","=","=","","","",,,,,,,,,,,,,,,,,,,,,,,,,,,,,,,,,,,,,,,0,0,,,,,,,,,,,,,,,,,,,,,,,,,,,,,,,,,,,,,,,,,,,,,,,,,,,,,,,,,,,,,,,,,,,,,,,,,,,,,,,,,,,,,,,,,,,,,,,,,,,,,,,,,,,,,,,,,,,,,,,,,,,,,,,,,,,,,,,,,,,,,,,,,"",0,0,"",,,,0,""
129,,5,1,5,1,0,0,0,0,0,0,255,255,255,72,2908.365,"소솨소솨",R,33,87,140,1.296,0.061,0.28,1.622,0.373,1.535,-36.539,14.794,52,48,0,0,"",136.024,-107.619,0,0,0,3,"CoalCat","YukihiroD","kneesohime","紅さかな","Kr_Luna","Fresh825","","","",4,R,"紅さかな",172.6,86,0.399,,93,W,Y,1,,,,,,,,,,,,,,,,,,,,,,,,,,,,,0,0,,,,,,,,,,,,,,,,,,,,,,,,,,,,,,,,,,,,,,0.05,-37.537,-0.058,-17.062,-18.77,-44.394,-17.891,-61.711,23.698,-51.591,13.737,-62.81,40.915,-90.664,0,-109.86,-40.815,-90.564,,,,"",,,,"",,,,"",,,,"",,,,"",,,,"",,,,"",,,,"",,,,,,,,,,,,,,,,,,,,,,,,,,,,,,,,,,,,,,,,,,,,,,,,,,,,,,,,,,"",0,0,"",,,,0,""
130,,5,1,5,1,0,1,0,0,0,0,255,255,255,73,2921.635,"소솨소솨",R,32,94,140,-3.088,-2.766,0.203,1.469,0.014,0.989,-36.539,12.419,46,54,0,2,"",170.145,-133.557,0,0,0,3,"=","=","=","=","=","=","","","",4,R,"紅さかな",172.6,86,0.399,0,93,W,Y,1,2922.764,174,143,101,95,56,,145,130,-15.011,0.697,0.088,0.63,-20.252,0.36,0,0.284,-79.58,255.494,148.29,2922.601,0.061,-22.291,2926.159,7,-6.103,0.056,-98.164,1,0,,2928.098,,,,,,,,,,,,,,,,,,,,,,,,,,,,,,,,,,,,0.039,-37.473,-0.026,-17.257,-18.791,-44.407,-18.204,-61.764,21.062,-49.159,13.869,-62.624,40.907,-90.657,0,-109.85,-40.807,-90.557,0.016,-37.636,,"ddil_ddil69",-0.001,-17.254,,"하루（Haru）",-18.789,-44.392,,"うよすま",-18.088,-61.619,,"aura_5599",22.469,-50.174,,"HANA_ARASHI",13.265,-61.135,111,"AI",40.9,-90.65,,"AI",0,-109.84,,"AI",-40.8,-90.55,,2931.928,0.308,-39.031,,,,,,,,,,,,,2929.634,-0.028,-59.934,,,,,,,,,,,,,,,,,,,,,,,,,2931.16,1.856,-55.378,,,,,,,,,,"",2,0,"AI",,,,24,""
131,,5,1,5,1,0,0,0,1,0,0,4,255,255,74,2950.608,"소솨소솨",R,27,86,139,-1.283,0.28,0.046,1.663,-0.715,1.678,-36.539,4.381,38,62,0,0,"",114.056,-124.898,0,0,0,4,"=","=","=","=","=","=","","","",1,L,"Kr_Luna",190,95.432,0.498,,69,W,Y,0,,,,,,,,,,,,,,,,,,,,,,,,,,,,,0,0,,,,,,,,,,,,2964.599,,,,,,,,,,,,,,,,,,,,,,,,,,-0.034,-37.543,0.003,-17.213,-18.257,-40.002,-7.346,-62.373,23.43,-51.448,12.868,-62.677,40.922,-90.67,0,-109.86,-40.822,-90.57,,,,"",,,,"",,,,"",,,,"",,,,"",,,,"",,,,"",,,,"",,,,2954.312,-0.126,-37.343,,,,,,,,,,,,,,,,,,,,,,,,,,,,,,,,,,,,,,,,,,,,,,,,,,,,"",0,0,"",,,,0,""
132,,5,1,5,1,0,1,0,1,0,0,4,255,255,75,2964.743,"소솨소솨",R,32,91,140,1.892,0.431,0.318,1.683,0.549,1.744,-36.539,19.787,48,52,0,4,"",196.906,-160.398,0,0,0,4,"=","=","=","=","=","=","","","",1,L,"Kr_Luna",190,95.432,0.498,,69,W,Y,0,,,,,,,,,,,,,,,,,,,,,,,,,,,,,0,0,,,,,,,,,,,,2978.269,,,,,,,,,,,,,,,,,,,,,,,,,,0.041,-37.582,0.015,-17.186,-18.253,-39.35,-7.306,-62.679,22.486,-50.126,12.52,-61.939,40.907,-90.657,0,-109.85,-40.807,-90.557,,,,"",,,,"",,,,"",,,,"",,,,"",,,,"",,,,"",,,,"",,,,2968.485,-0.018,-37.202,,,,,,,,,,,,,,,,,,,,,,,,,,,,,,,,,,,,,,,,,,,,,,,,,,,,"",0,0,"",,,,0,""
133,,5,1,5,1,0,2,0,1,0,0,4,255,255,76,2978.704,"소솨소솨",R,3,78,118,-4.494,-1.134,0.149,1.608,-1.092,0.952,-36.539,6.999,33,67,0,3,"",-391.508,1.125,0,-0.213,-20.32,4,"=","=","=","=","=","=","","","",1,L,"Kr_Luna",190,95.432,0.498,,69,W,Y,0,,,,,,,,,,,,,,,,,,,,,,,,,,,,,0,0,,,,,,,,,,,,3000.265,,,,,,,,,,,,,,,,,,,,,,,,,,0.049,-37.41,0.031,-16.93,-17.878,-39.251,-6.931,-63.219,23.356,-50.337,13.496,-61.747,40.907,-90.657,0,-109.85,-40.807,-90.557,,,,"",,,,"",,,,"",,,,"",,,,"",,,,"",,,,"",,,,"",,,,,,,,,,,,,,,,,,,,,,,,,,,,,,,,,,,,,,,,,,,,,,,,,,,,,,,,,,"",6,0,"",,,,0,""
134,,5,1,5,1,2,2,0,1,0,0,1,255,255,77,3000.723,"소솨소솨",R,33,86,139,0.81,0.613,0.24,1.733,0.187,1.906,-36.539,18.332,52,48,0,0,"",116.226,-101.222,0,0,0,4,"=","=","=","=","=","=","","","",1,L,"Kr_Luna",190,95.432,0.498,,69,W,Y,0,,,,,,,,,,,,,,,,,,,,,,,,,,,,,0,0,,,,,,,,,,,,,,,3003.231,4,,578,0,,,,,,,,,,,3008.191,2,,,,,,,-0.003,-37.571,-0.075,-17.069,-18.436,-39.376,-8.531,-62.807,22.296,-50.089,15.039,-60.776,40.915,-90.664,0,-109.85,-40.815,-90.564,,,,"",,,,"",,,,"",,,,"",,,,"",,,,"",,,,"",,,,"",,,,3010.892,-0.393,-38.683,,,,,,,,,,,,,,,,,,,,,,,,,,,,,,,,,,,,,,,,,,,,,,,,,,,,"",0,0,"",,,,0,""
135,,5,1,5,1,0,0,1,1,0,0,1,255,255,78,3028.089,"소솨소솨",R,32,86,139,2.078,1.657,0.346,1.926,0.681,2.531,-36.539,25.956,88,12,0,1,"",158.224,-135.167,0,0,0,5,"=","=","=","=","=","=","","","",0,L,"Fresh825",190,80,0.2,,69,W,Y,0,,,,,,,,,,,,,,,,,,,,,,,,,,,,,0,0,,,,,,,,,,,,,,,,,,,,,,,,,,,,,,,,,,,,,,0.029,-38.061,-0.037,-16.957,-18.352,-40.33,-10.206,-63.573,23.389,-50.693,12.567,-62.97,40.9,-90.65,0,-109.84,-40.8,-90.55,,,,"",,,,"",,,,"",,,,"",,,,"",,,,"",,,,"",,,,"",,,,3032.184,-0.069,-37.546,,,,,,,,,,,,,,,,,,,,,,,,,,,,,,,,,,,,,,,,,,,,,,,,,,,,"",0,0,"",,,,0,""
136,,5,1,5,1,1,0,1,1,0,0,1,255,255,79,3041.955,"소솨소솨",R,33,82,133,2.236,1.57,0.369,1.923,0.787,2.523,-36.539,34.537,76,24,0,1,"",122.228,-74.735,0,0,0,5,"=","=","=","=","=","=","","","",0,L,"Fresh825",190,80,0.2,,69,W,Y,0,,,,,,,,,,,,,,,,,,,,,,,,,,,,,0,0,,,,,,,,,,,,,,,,,,,,,,,,,,,,,,,,,,,,,,-0.032,-37.796,0.007,-17.003,-18.208,-40.195,-11.106,-62.429,22.534,-49.594,12.839,-61.717,40.9,-90.65,0,-109.84,-40.8,-90.55,,,,"",,,,"",,,,"",,,,"",,,,"",,,,"",,,,"",,,,"",,,,3046.549,-0.023,-37.304,,,,,,,,,,,,,,,,,,,,,,,,,,,,,,,,,,,,,,,,,,,,,,,,,,,,"",0,0,"",,,,0,""
137,,5,1,5,1,2,0,1,1,0,0,1,255,255,80,3055.438,"소솨소솨",R,33,88,140,0.045,0.631,0.162,1.728,-0.177,1.89,-36.539,12.687,45,55,0,0,"BA+",142.312,-134.662,0,0,0,5,"=","=","=","=","=","=","","","",0,L,"Fresh825",190,80,0.2,,69,W,Y,0,,,,,,,,,,,,,,,,,,,,,,,,,,,,,0,0,,,,,,,,,,,,,,,,,,,,,,,,,,,,,,,,,,,,,,-0.051,-37.627,0.007,-17.032,-17.848,-39.817,-9.723,-61.764,22.902,-50.729,13.265,-61.614,40.9,-90.65,0,-109.84,-40.8,-90.55,,,,"",,,,"",,,,"",,,,"",,,,"",,,,"",,,,"",,,,"",,,,3059.66,0.015,-37.478,,,,,,,,,,,,,,,,,,,,,,,,,,,,,,,,,,,,,,,,,,,,,,,,,,,,"",0,0,"",,,,0,""
138,,5,1,5,1,2,1,1,1,0,0,1,255,255,81,3069.723,"소솨소솨",R,33,84,136,3.224,1.608,0.462,1.929,1.22,2.541,-36.539,38.446,82,18,0,4,"",122.485,-83.918,0,0,0,5,"=","=","=","=","=","=","","","",0,L,"Fresh825",190,80,0.2,,69,W,Y,1,,,,,,,,,,,,,,,,,,,,,,,,,,,,,0,0,,,,,,,,,,,,,,,,,,,,,,,,,,,,,,,,,,,,,,0.003,-37.666,-0.005,-17.027,-17.761,-39.609,-8.494,-61.013,24.418,-50.575,12.596,-60.929,40.9,-90.65,0,-109.84,-40.8,-90.55,,,,"",,,,"",,,,"",,,,"",,,,"",,,,"",,,,"",,,,"",,,,3074.556,-0.107,-37.12,,,,,,,,,,,,,,,,,,,,,,,,,,,,,,,,,,,,,,,,,,,,,,,,,,,,"",0,0,"",,,,0,""
139,,5,1,5,1,2,2,1,1,0,0,1,255,255,82,3083.908,"소솨소솨",R,0,67,120,2.477,1.276,0.429,1.887,1.066,2.404,-36.539,28.83,96,4,0,2,"",0,0,0,0,0,5,"=","=","=","=","=","=","MODECO","","",0,L,"Fresh825",190,80,0.2,5,69,W,Y,1,3085.089,135,97,88,57,65,,139,131,-12.489,-58.652,0.459,1.46,-19.656,0.34,0,0.157,-55.957,-403.632,-130.632,3085.043,5.586,-22.744,,,,,,0,0,,,,,,,,,,,,,,,,,,,,,,,,,,,,,,,,,,,,,,0.064,-37.849,-0.041,-17.038,-17.532,-39.44,-8.627,-62.145,22.622,-50.244,13.91,-61.703,40.9,-90.65,0,-109.84,-40.8,-90.55,0.344,-37.575,,"ddil_ddil69",0.18,-17.314,,"하루（Haru）",-15.892,-41.558,,"うよすま",-8.558,-61.984,,"aura_5599",22.29,-49.517,,"HANA_ARASHI",14.732,-61.599,,"AI",40.904,-90.653,,"AI",0,-109.844,,"AI",-40.804,-90.553,,,,,,,,,,,,,,,,,,,,,,,,,,,,,,,,,,,,,,,,,,,,,,,,,,,,,,,,"",3,0,"",,,,0,""
140,,5,1,5,1,2,2,1,1,0,0,1,255,255,83,3106.011,"소솨소솨",R,33,85,137,2.171,0.177,0.362,1.648,0.752,1.63,-36.539,26.992,52,48,0,2,"",132.397,-103.091,0,0,0,5,"=","=","=","=","=","=","=","","",0,L,"Fresh825",190,80,0.2,5,65,W,Y,1,3107.133,200,58,127,85,64,,145,131,-0.418,-49.153,0.408,1.059,-19.927,0.6,0,0.167,-134.865,-61.464,-75.643,3107.501,15.94,-33.288,3114.133,6,74.084,0.059,-86.372,0,0,,,,,,,,,,,,,,,,,,,,,,,,,,,,,,,,,,,,,,0.018,-37.764,-0.031,-16.97,-17.669,-39.408,-8.073,-62.875,25.451,-51.762,14.054,-61.698,40.9,-90.65,0,-109.84,-40.8,-90.55,0.212,-37.618,,"ddil_ddil69",0.082,-17.281,,"하루（Haru）",-16.523,-41.845,,"うよすま",-7.839,-62.741,,"aura_5599",24.024,-50.694,,"HANA_ARASHI",13.766,-61.461,,"AI",40.903,-90.653,,"AI",0,-109.844,,"AI",-40.803,-90.553,,,,,,,,,,,,,,,,,,,,,,,,,,,,,,,,,,,,,,,,,,,,,,,,,,,,,,,,"",3,0,"AI",,,,0,""
141,,5,1,5,1,2,2,1,1,0,0,1,255,255,84,3126.63,"소솨소솨",R,28,87,140,-0.682,-0.214,0.12,1.583,-0.372,1.421,-36.539,8.094,51,49,0,2,"",52.624,-63.752,0,0,0,5,"=","=","=","=","=","=","=","","",0,L,"Fresh825",190,80,0.2,5,65,W,Y,1,3127.751,88,118,86,91,14,,130,92,-18.946,-57.833,-0.137,0.879,-19.496,-0.37,0,0.165,100.785,-156.08,215.728,3127.601,1.846,-20.74,,,,,,0,0,,,,,,,,,,,,,,,,,,,,,,,,,,,,,,,,,,,,,,0.022,-37.792,-0.019,-17.106,-18.192,-39.528,-8.569,-63.281,23.034,-49.003,13.421,-61.797,40.9,-90.65,0,-109.84,-40.8,-90.55,0.122,-37.368,,"ddil_ddil69",-0.149,-17.292,,"하루（Haru）",-17.345,-42.026,,"うよすま",-7.715,-63.035,,"aura_5599",23.023,-48.889,,"HANA_ARASHI",14.752,-61.408,,"AI",40.903,-90.653,,"AI",0,-109.844,,"AI",-40.803,-90.553,,,,,,,,,,,,,,,,,,,,,,,,,,,,,,,,,,,,,,,,,,,,,,,,,,,,,,,,"",3,0,"",,,,0,""
142,,5,1,5,1,2,2,1,1,0,0,1,255,255,85,3146.164,"소솨소솨",R,27,93,140,-0.057,0.698,0.157,1.737,-0.199,1.919,-36.539,16.131,51,49,0,2,"",125.407,-149.288,0,0,0,5,"=","=","=","=","=","=","=","","",0,L,"Fresh825",190,80,0.2,5,65,W,Y,1,3147.265,180,81,116,70,11,,145,89,46.83,-5.85,-0.012,1.251,-19.7,-1,0,0.148,318.398,-74.532,374.346,,,,3152.776,3,4.981,3.16,-79.867,0,0,,3153.094,,,,,,,,,,,,,3152.983,5,,454,0,,,,,,,,,,,,,,,,,,,-0.088,-37.742,-0.026,-17.107,-18.148,-39.591,-9.109,-63.777,21.798,-47.938,14.693,-62.645,40.9,-90.65,0,-109.84,-40.8,-90.55,0.076,-37.467,,"ddil_ddil69",0.087,-17.381,,"하루（Haru）",-15.374,-43.031,80,"うよすま",-8.18,-63.637,88,"aura_5599",21.786,-47.868,,"HANA_ARASHI",14.958,-62.176,,"AI",40.903,-90.653,,"AI",0,-109.844,,"AI",-40.803,-90.553,,3164.036,-0.686,-38.887,,,,3157.78,-18.879,-40.326,3153.008,4.534,-80.346,,,,3152.99,4.979,-80.318,,,,,,,,,,,,,,,,3163.013,-17.54,-40.201,3155.761,2.138,-72.425,,,,,,,,,,,,,,,,"",1,0,"うよすま",,,,27,""
143,,5,1,5,1,0,0,2,1,0,0,1,255,255,86,3175.391,"소솨소솨",R,27,88,140,0.329,-0.256,0.204,1.557,0.018,1.336,-36.539,6.237,42,58,0,0,"",101.699,-132.428,0,0,0,6,"=","=","=","=","=","=","=","","",6,R,"MODECO",190,85,0.445,,68,W,Y,0,,,,,,,,,,,,,,,,,,,,,,,,,,,,,0,0,,,,,,,,,,,,,,,,,,,,,,,,,,,,,,,,,,,,,,0.082,-37.717,-0.041,-17.1,-17.974,-40.884,-15.426,-62.465,22.965,-51.667,11.294,-63.089,40.9,-90.65,0,-109.84,-40.8,-90.55,,,,"",,,,"",,,,"",,,,"",,,,"",,,,"",,,,"",,,,"",,,,3179.84,-0.402,-37.547,,,,,,,,,,,,,,,,,,,,,,,,,,,,,,,,,,,,,,,,,,,,,,,,,,,,"",0,0,"",,,,0,""
144,,5,1,5,1,0,1,2,1,0,0,1,255,255,87,3188.144,"소솨소솨",R,4,69,117,-1.438,-0.824,0.134,1.482,-0.308,1.094,-36.539,9.969,48,52,0,2,"",-191.246,0,0,0,0,6,"=","=","=","=","=","=","=","","",6,R,"MODECO",190,85,0.445,3,68,W,Y,1,3189.375,159,85,187,91,62,,145,87,27.013,53.511,-0.264,0.711,-20.489,1,0,0.543,-10.085,300.898,-258.464,3192.551,-51.574,-54.831,,,,,,0,0,,,,,,,,,,,,,,,,,,,,,,,,,,,,,,,,,,,,,,0,-37.532,-0.058,-17.099,-17.712,-40.457,-17.526,-61.912,22.498,-49.458,11.643,-62.393,40.9,-90.65,0,-109.84,-40.8,-90.55,-0.048,-37.572,,"ddil_ddil69",-0.033,-17.183,,"하루（Haru）",-17.392,-41.373,,"うよすま",-17.398,-61.758,,"aura_5599",21.78,-49.633,,"HANA_ARASHI",11.24,-61.003,,"AI",40.904,-90.653,,"AI",0,-109.844,,"AI",-40.804,-90.553,,,,,,,,,,,,,,,,,,,,,,,,,,,,,,,,,,,,,,,,,,,,,,,,,,,,,,,,"",3,0,"",,,,0,""
145,,5,1,5,1,0,2,2,1,0,0,1,255,255,88,3215.947,"소솨소솨",R,26,89,140,2.117,0.803,0.357,1.746,0.731,1.947,-36.539,16.957,50,50,0,2,"",133.699,-193.195,0,0,0,6,"=","=","=","=","=","=","=","","",6,R,"MODECO",190,85,0.445,3,68,W,Y,1,3217.007,170,56,62,36,9,,136,81,-25.715,-2.427,0.425,1.087,-19.172,-1,0,0.189,204.05,-16.364,534.05,3216.868,0.518,-21.265,3218.018,0,1.134,1.021,-34.604,0,0,,,,,,,,,,,,,,,3220.928,6,,147,16,,,,,,,,,,,,,,,,,,,0.08,-37.892,-0.019,-17.051,-17.89,-40.586,-17.278,-62.491,23.997,-50.502,14.587,-62.29,40.9,-90.65,0,-109.84,-40.8,-90.55,0.449,-37.569,120,"ddil_ddil69",0.075,-17.244,,"하루（Haru）",-16.913,-42.448,,"うよすま",-17.184,-62.301,,"aura_5599",23.243,-49.981,,"HANA_ARASHI",14.576,-62.305,,"AI",40.904,-90.653,,"AI",0,-109.844,,"AI",-40.804,-90.553,,3218.208,1.047,-35.895,,,,3220.289,-17.986,-39.205,,,,,,,,,,,,,,,,,,,3219.575,-4.989,-35.885,,,,,,,,,,,,,,,,,,,,,,,,,"",2,0,"소솨소솨",,,,18,""
146,SIDE,5,1,5,1,0,0,2,1,0,0,1,255,255,,3221.526,,,,,,,,,,,,,,,,,,,,,,,,0,"=","=","=","=","=","=","=","","",,,,,,,,,,,,,,,,,,,,,,,,,,,,,,,,,,,,,,,0,0,,,,,,,,,,,,,,,,,,,,,,,,,,,,,,,,,,,,,,,,,,,,,,,,,,,,,,,,,,,,,,,,,,,,,,,,,,,,,,,,,,,,,,,,,,,,,,,,,,,,,,,,,,,,,,,,,,,,,,,,,,,,,,,,,,,,,,,,,,,,,,,,,"",0,0,"",,,,0,""
147,,5,0,5,1,0,0,0,0,0,0,255,255,255,49,3266.062,"Fresh825",R,4,71,106,1.242,-0.497,0.579,1.581,0.883,1.325,-36.44,49.248,17,83,0,0,"",-189.53,0,-2.342,0,0,3,"うよすま","하루（Haru）","aura_5599","HANA_ARASHI","소솨소솨","ddil_ddil69","","","",5,R,"HANA_ARASHI",179.2,88,0.25,,68,W,Y,0,,,,,,,,,,,,,,,,,,,,,,,,,,,,,0,0,,,,,,,,,,,,,,,,,,,,,,,,,,,,,,,,,,,,,,-0.073,-37.831,0.046,-17.706,-21.777,-48.035,-16.71,-61.744,20.409,-46.204,11.44,-63.095,39.611,-83.213,0,-109.85,-40.807,-90.557,,,,"",,,,"",,,,"",,,,"",,,,"",,,,"",,,,"",,,,"",,,,,,,,,,,,,,,,,,,,,,,,,,,,,,,,,,,,,,,,,,,,,,,,,,,,,,,,,,"",0,0,"",,,,0,""
148,,5,0,5,1,0,1,0,0,0,0,255,255,255,50,3278.759,"Fresh825",R,32,56,111,-1.963,-1.253,0.07,1.435,-1.305,0.646,-36.44,4.561,14,86,0,1,"",250,-200,9.731,-0.341,-15.664,3,"=","=","=","=","=","=","","","",5,R,"HANA_ARASHI",179.2,88,0.25,,68,W,Y,0,,,,,,,,,,,,,,,,,,,,,,,,,,,,,0,0,,,,,,,,,,,,,,,,,,,,,,,,,,,,,,,,,,,,,,0,-37.774,0.043,-17.685,-20.079,-45.546,-16.729,-61.743,20.145,-46.343,11.471,-62.89,39.602,-83.199,0,-109.85,-40.807,-90.557,,,,"",,,,"",,,,"",,,,"",,,,"",,,,"",,,,"",,,,"",,,,,,,,,,,,,,,,,,,,,,,,,,,,,,,,,,,,,,,,,,,,,,,,,,,,,,,,,,"",0,0,"",,,,0,""
149,,5,0,5,1,1,1,0,0,0,0,255,255,255,51,3292.932,"Fresh825",R,33,86,139,-4.835,-1.511,0.012,1.478,-2.253,0.648,-36.44,3.48,0,100,0,1,"",107.583,-64.17,7.122,-1.086,-16.316,3,"=","=","=","=","=","=","","","",5,R,"HANA_ARASHI",179.2,88,0.25,,68,W,Y,0,,,,,,,,,,,,,,,,,,,,,,,,,,,,,0,0,,,,,,,,,,,,,,,,,,,,,,,,,,,,,,,,,,,,,,-0.066,-37.644,0.046,-17.688,-20.668,-45.979,-16.669,-61.825,20.152,-46.342,11.484,-62.873,40.78,-84.049,0,-109.85,-40.807,-90.557,,,,"",,,,"",,,,"",,,,"",,,,"",,,,"",,,,"",,,,"",,,,,,,,,,,,,,,,,,,,,,,,,,,,,,,,,,,,,,,,,,,,,,,,,,,,,,,,,,"",0,0,"",,,,0,""
150,,5,0,5,1,2,1,0,0,0,0,255,255,255,52,3305.494,"Fresh825",R,3,80,111,3.931,-0.278,0.666,1.648,2.158,1.462,-36.44,33.53,89,11,0,1,"",-260.526,11.809,2.175,0,0,3,"=","=","=","=","=","=","","","",5,R,"HANA_ARASHI",179.2,88,0.25,,68,W,Y,0,,,,,,,,,,,,,,,,,,,,,,,,,,,,,0,0,,,,,,,,,,,,,,,,,,,,,,,,,,,,,,,,,,,,,,0.158,-37.67,0.037,-17.713,-20.638,-46.034,-16.676,-61.807,20.118,-46.346,11.481,-62.906,40.757,-84.063,0,-109.85,-40.807,-90.557,,,,"",,,,"",,,,"",,,,"",,,,"",,,,"",,,,"",,,,"",,,,,,,,,,,,,,,,,,,,,,,,,,,,,,,,,,,,,,,,,,,,,,,,,,,,,,,,,,"",0,0,"",,,,0,""
151,,5,0,5,1,3,1,0,0,0,0,255,255,255,53,3321.053,"Fresh825",R,13,71,101,0.905,0.77,0.429,1.767,0.84,2.594,-36.44,28.55,100,0,0,0,"",-226.232,338.256,7.439,-0.215,-13.31,3,"=","=","=","=","=","=","","","",5,R,"HANA_ARASHI",179.2,88,0.25,,68,W,Y,0,,,,,,,,,,,,,,,,,,,,,,,,,,,,,0,0,,,,,,,,,,,,,,,,,,,,,,,,,,,,,,,,,,,,,,0.035,-37.583,0.082,-17.611,-20.564,-45.85,-16.549,-61.859,20.105,-46.326,11.486,-62.899,40.629,-84.894,0,-109.85,-40.815,-90.564,,,,"",,,,"",,,,"",,,,"",,,,"",,,,"",,,,"",,,,"",,,,,,,,,,,,,,,,,,,,,,,,,,,,,,,,,,,,,,,,,,,,,,,,,,,,,,,,,,"",0,0,"",,,,0,""
152,,5,0,5,1,3,2,0,0,0,0,255,255,255,54,3337.502,"Fresh825",R,32,85,137,-2.021,-1.136,0.122,1.482,-1.123,0.844,-36.44,12.151,2,98,0,1,"",174.295,-92.904,5.397,-0.447,-14.639,3,"=","=","=","=","=","=","","","",5,R,"HANA_ARASHI",179.2,88,0.25,,68,W,Y,0,,,,,,,,,,,,,,,,,,,,,,,,,,,,,0,0,,3346.135,,,,,,,,,,,,,,,,,,,,,,,,,,,,,,,,,,,,-0.134,-37.606,0.064,-17.632,-20.102,-44.197,-16.553,-61.809,20.149,-46.362,11.491,-62.917,38.652,-83.907,0,-109.85,-40.807,-90.557,,,,"",,,,"",,,,"",,,,"",,,,"",,,,"",,,,"",,,,"",,,,,,,,,,,,,,,,,,,,,,,,,,,,,,,,,,,,,,,,,,,,,,,,,,,,,,,,,,"",5,0,"",,,,0,""
153,,5,0,5,1,0,0,0,1,0,0,15,255,255,55,3357.502,"Fresh825",R,32,78,128,0.521,0.336,0.249,1.7,-0.089,1.682,-36.44,31.208,42,58,0,2,"",208.176,-144.011,10.115,0,0,4,"=","=","=","=","=","=","","","",0,R,"소솨소솨",190,90.013,0.501,5,68,W,Y,1,3358.601,140,116,118,31,22,,141,131,26.049,-1.943,0.092,1.178,-20.74,0.65,0,0.666,593.678,63.914,-58.835,3364.293,3.007,-143.512,3366.826,7,3.244,0.059,-136.581,0,0,,3364.851,3369.571,3374.825,3380.35,3363.517,3368.65,3373.595,,,,3358.432,,,,,,,,,,,,,,,,,,,,,,,,,,-0.166,-37.713,0.065,-17.609,-19.057,-40.987,-16.007,-61.577,19.729,-44.876,7.716,-60.887,38.625,-85.968,0,-109.86,-40.815,-90.564,0.203,-37.485,,"Kr_Luna",0.046,-17.609,,"kneesohime",-19.526,-42.447,,"YukihiroD",-15.998,-61.472,,"紅さかな",19.718,-45.01,,"CoalCat",7.673,-60.709,,"MODECO",36.637,-87.318,,"AI",0,-109.84,,"AI",-40.8,-90.55,,3373.599,-0.977,-38.217,,,,,,,,,,,,,,,,,,,,,,,,,,,,,,,,,,,,,,,,,,,,,,,,,,,,"",4,0,"AI",3363.517,3368.65,3373.595,32,""
154,,5,0,5,3,0,0,0,0,0,0,255,255,255,56,3396.774,"Fresh825",R,32,86,139,-8.238,-2.711,-0.165,1.21,-3.714,-1.387,-36.44,21.866,28,72,0,1,"",250,-200,37.652,-1.081,-25.748,5,"=","=","=","=","=","=","","","",1,L,"ddil_ddil69",176.4,89.974,0.546,,68,W,Y,0,,,,,,,,,,,,,,,,,,,,,,,,,,,,,0,0,,,,,,,,,,,,,,,,,,,,,,,,,,,,,,,,,,,,,,-0.186,-37.437,0.018,-17.608,-21.43,-47.552,-11.226,-64.412,19.982,-45.435,13.057,-60.83,46.835,-93.163,0,-109.87,-40.822,-90.571,,,,"",,,,"",,,,"",,,,"",,,,"",,,,"",,,,"",,,,"",,,,,,,,,,,,,,,,,,,,,,,,,,,,,,,,,,,,,,,,,,,,,,,,,,,,,,,,,,"",0,0,"",,,,0,""
155,,5,0,5,3,1,0,0,0,0,0,255,255,255,57,3413.884,"Fresh825",R,26,88,140,-0.418,-0.776,0.232,1.551,-0.394,1.006,-36.44,14.601,48,52,0,0,"",153.468,-154.562,19.41,0,0,5,"=","=","=","=","=","=","","","",1,L,"ddil_ddil69",176.4,89.974,0.546,,39,W,Y,0,,,,,,,,,,,,,,,,,,,,,,,,,,,,,0,0,,,,,,,,,,,,,,,,,,,,,,,,,,,,,,,,,,,,,,0.063,-37.762,0.025,-17.62,-20.288,-46.292,-12.316,-63.907,19.939,-45.859,13.097,-60.809,45.696,-91.481,0,-109.86,-40.815,-90.564,,,,"",,,,"",,,,"",,,,"",,,,"",,,,"",,,,"",,,,"",,,,,,,,,,,,,,,,,,,,,,,,,,,,,,,,,,,,,,,,,,,,,,,,,,,,,,,,,,"",0,0,"",,,,0,""
156,,5,0,5,3,1,1,0,0,0,0,255,255,255,58,3426.539,"Fresh825",R,13,89,112,-2.084,-2.711,0.244,1.473,-0.387,0.063,-36.44,16.809,70,30,0,2,"",-316.852,386.788,5.229,-0.298,-22.033,5,"=","=","=","=","=","=","","","",1,L,"ddil_ddil69",176.4,89.974,0.546,5,39,W,Y,1,3427.737,255,137,127,118,63,,145,127,-30,37.523,-0.356,0.101,-21.074,0.25,0,0.413,83.344,63.319,590.8,3427.626,-0.403,-21.135,3428.868,2,-15.992,2.818,-41.443,0,0,,3432.979,,,,,,,,,,,,,3431.165,5,,147,0,,,,,,,,,,,3430.608,2,,,,,,,-0.088,-37.522,0.024,-17.6,-19.675,-43.102,-10.942,-64.362,20.06,-45.693,13.089,-60.824,46.451,-92.127,0,-109.85,-40.807,-90.557,0.216,-37.404,,"Kr_Luna",0.016,-17.602,,"kneesohime",-19.688,-43.013,84,"YukihiroD",-10.915,-64.385,,"紅さかな",20.074,-45.675,,"CoalCat",13.129,-60.645,,"MODECO",45.907,-92.487,,"AI",0,-109.84,,"AI",-40.8,-90.55,,3432.73,-0.711,-37.768,,,,3429.109,-16.492,-41.77,,,,,,,,,,,,,,,,,,,,,,,,,3431.786,-17.63,-39.716,,,,,,,,,,,,,,,,,,,"",2,0,"kneesohime",,,,36,""
157,,5,0,5,3,0,0,1,0,0,0,255,255,255,59,3447.176,"Fresh825",R,32,85,138,1.216,-0.787,0.349,1.542,0.244,1.002,-36.44,26.755,5,95,0,2,"B+|BO+",202.723,-169.757,12.305,0,0,0,"=","=","=","=","=","=","","","",3,R,"うよすま",160,85.375,0.502,5,68,W,Y,1,3448.16,186,78,105,22,0,,141,95,-24.649,13.419,0.228,0.616,-20.036,-0.03,0,0.302,-39.684,59.461,-30.037,3447.959,-0.052,-21.206,3450.034,3,-8.405,0.151,-56.511,0,0,,3453.582,,,,,,,,,,,,,3452.501,0,,147,2,,,,,,,,,,,,,,,,,,,-0.059,-37.521,0.023,-17.622,-19.799,-45.08,-15.065,-59.474,19.576,-45.531,9.774,-61.842,45.528,-92.695,0,-109.86,-40.822,-90.57,0.452,-37.485,,"Kr_Luna",0.021,-17.613,,"kneesohime",-20.288,-45.536,85,"YukihiroD",-15.081,-59.482,99,"紅さかな",19.572,-45.52,,"CoalCat",9.833,-61.665,,"MODECO",45.531,-92.696,,"AI",0,-109.84,,"AI",-40.8,-90.55,,,,,,,,3451.911,-18.781,-41.042,3450.267,-8.898,-57.051,,,,,,,,,,,,,,,,,,,,,,3453.257,-17.643,-39.901,3451.072,-10.565,-53.324,,,,,,,,,,,,,,,,"",2,0,"YukihiroD",,,,6,""
158,SIDE,5,0,5,3,0,0,2,0,0,0,255,255,255,,3453.878,,,,,,,,,,,,,,,,,,,,,,,,1,"=","=","=","=","=","=","","","",,,,,,,,,,,,,,,,,,,,,,,,,,,,,,,,,,,,,,,0,0,,,,,,,,,,,,,,,,,,,,,,,,,,,,,,,,,,,,,,,,,,,,,,,,,,,,,,,,,,,,,,,,,,,,,,,,,,,,,,,,,,,,,,,,,,,,,,,,,,,,,,,,,,,,,,,,,,,,,,,,,,,,,,,,,,,,,,,,,,,,,,,,,"",0,0,"",,,,0,""
159,,5,0,5,3,1,0,2,0,0,0,255,255,255,60,3540.616,"Fresh825",R,32,86,139,-1.687,-0.547,0.095,1.538,-0.985,1.136,-36.44,16.979,6,94,0,2,"",183.5,-151.869,11.763,0,0,1,"=","=","=","=","=","=","","","",2,L,"하루（Haru）",190,85,0.397,3,68,W,Y,1,3541.728,239,143,83,57,30,,145,87,-30,-54.52,-0.323,0.751,-19.515,1,0.095,0.252,122.164,151.508,-155.699,3541.56,1.313,-20.685,,,,,,0,0,,,,,,,,,,,,,,,,,,,,,,,,,,,,,,,,,,,,,,-0.137,-37.642,-0.01,-17.464,-19.481,-45.73,-11.297,-65.212,20.298,-46.17,13.045,-62.068,54.498,-98.652,0,-109.86,-40.822,-90.571,0.059,-37.323,,"Kr_Luna",0.006,-17.473,,"kneesohime",-19.42,-45.596,,"YukihiroD",-11.305,-65.23,,"紅さかな",20.288,-46.148,,"CoalCat",13.111,-61.916,,"MODECO",54.438,-98.562,,"AI",0,-109.84,,"AI",-40.8,-90.55,,,,,,,,,,,,,,,,,,,,,,,,,,,,,,,,,,,,,,,,,,,,,,,,,,,,,,,,"",3,0,"",,,,0,""
160,,5,0,5,3,1,1,2,0,0,0,255,255,255,61,3557.435,"Fresh825",R,5,84,118,0.348,-0.671,0.43,1.528,0.253,1.189,-36.44,35.237,52,48,0,0,"",-69.568,0,-2.985,0,0,1,"=","=","=","=","=","=","","","",2,L,"하루（Haru）",190,85,0.397,,68,W,Y,1,,,,,,,,,,,,,,,,,,,,,,,,,,,,,0,0,,,,,,,,,,,,,,,,,,,,,,,,,,,,,,,,,,,,,,-0.109,-37.619,-0.005,-17.465,-20.937,-47.01,-8.329,-64.559,19.748,-45.829,13.596,-61.932,54.486,-97.503,0,-109.85,-40.807,-90.557,,,,"",,,,"",,,,"",,,,"",,,,"",,,,"",,,,"",,,,"",,,,,,,,,,,,,,,,,,,,,,,,,,,,,,,,,,,,,,,,,,,,,,,,,,,,,,,,,,"",0,0,"",,,,0,""
161,,5,0,5,3,1,2,2,0,0,0,255,255,255,62,3572.855,"Fresh825",R,13,95,116,-4.732,-2.416,-0.023,1.236,-1.492,0.344,-36.44,15.864,35,65,0,3,"",-354.17,352.936,-1.839,-0.842,-21.005,1,"=","=","=","=","=","=","","","",2,L,"하루（Haru）",190,85,0.397,,68,W,Y,0,,,,,,,,,,,,,,,,,,,,,,,,,,,,,0,0,,,,,,,,,,,,,,,,,,,,,,,,,,,,,,,,,,,,,,-0.193,-37.552,0.007,-17.457,-21.272,-46.058,-9.104,-63.775,19.772,-45.864,13.625,-61.978,54.644,-101.684,0,-109.85,-40.815,-90.564,,,,"",,,,"",,,,"",,,,"",,,,"",,,,"",,,,"",,,,"",,,,,,,,,,,,,,,,,,,,,,,,,,,,,,,,,,,,,,,,,,,,,,,,,,,,,,,,,,"",6,0,"",,,,0,""
162,,5,0,5,3,0,0,2,1,0,0,12,255,255,63,3619.252,"Kr_Luna",L,0,85,138,-0.567,-0.19,-0.251,1.77,-0.239,1.483,-36.786,46.461,94,6,0,2,"",0,0,0,0,0,2,"=","=","=","=","=","=","","","",4,R,"aura_5599",190,89.523,0.398,5,37,W,Y,1,3620.369,215,154,168,120,69,,145,89,25.993,7.999,-0.106,0.958,-20.564,1,0,0.318,232.132,349.881,374.084,3625.076,-18.304,-95.451,3628.068,7,-24.714,0.054,-113.66,1,0,,3626.335,3631.617,,,3624.782,3630.114,,,,,,,,,,,,,,,,,,,,,,,,,,,,,,,0.31,-37.214,-0.052,-16.647,-19.148,-41.479,-14.54,-61.234,19.852,-45.746,10.461,-62.701,43.512,-92.544,0,-109.86,-40.815,-90.564,0.246,-38.04,119,"Fresh825",-0.054,-16.64,,"kneesohime",-19.926,-42.519,,"YukihiroD",-14.514,-61.224,,"紅さかな",19.857,-45.747,,"CoalCat",10.457,-62.545,,"MODECO",43.449,-92.586,,"AI",0,-109.84,,"AI",-40.8,-90.55,,3633.348,-0.582,-40.138,,,,,,,,,,,,,,,,,,,,,,,,,3634.064,-0.556,-37.141,,,,,,,,,,,,,,,,,,,,,,,,,"",2,0,"AI",3624.782,3630.114,,16,""
163,,5,0,5,3,0,0,2,0,1,1,255,14,12,64,3651.97,"Kr_Luna",L,14,75,114,0.896,0.055,0.03,1.95,1.072,2.088,-36.786,45.663,97,3,0,2,"",-371.685,334.44,0,0,0,3,"=","=","=","=","=","=","","","",5,R,"HANA_ARASHI",179.2,88,0.25,5,67,W,Y,1,3653.112,108,150,164,66,36,,137,129,26.203,10.007,0.167,0.993,-20.528,0.66,0,0.49,327.232,463.261,25.275,3660.651,-39.007,-147.896,,,,,,0,0,,3658.921,3663.547,3668.61,3673.48,,,,3660.895,3666.425,3657.644,,,3651.999,,,,,,,,,,,,,,,,,,,,,,,,0.39,-37.143,-0.071,-16.553,-21.056,-46.935,-14.858,-62.941,19.126,-39.939,11.782,-61.817,39.681,-95.74,0,-109.85,-40.807,-90.557,0.384,-38.164,,"Fresh825",-0.067,-16.549,,"kneesohime",-20.75,-47.255,,"YukihiroD",-15.359,-62.798,,"紅さかな",18.246,-42.948,,"CoalCat",11.757,-61.7,,"MODECO",39.681,-95.74,,"AI",0,-109.84,,"AI",-40.8,-90.55,,,,,,,,,,,,,,,,,,,,,,,,,,,,,,,,,,,,,,,,,,,,,,,,,,,,,,,,"",4,0,"",3663.547,3660.895,3657.644,0,""
164,,5,0,5,6,0,0,2,0,0,0,255,255,255,65,3693.716,"Kr_Luna",L,0,90,140,2.711,0.134,0.054,1.833,1.18,1.685,-36.786,33.245,87,10,3,2,"",0,0,0,0,0,4,"=","=","=","=","=","=","","","",0,R,"소솨소솨",190,90.013,0.501,5,67,W,Y,1,3694.818,147,75,98,77,60,,145,99,107.068,42.411,0.501,1.072,-20.437,-0.53,0.048,0.501,471.77,-300.726,77.504,,,,,,,,,0,0,,,,,,,,,,,,,,,,,,,,,,,,,,,,,,,,,,,,,,0.366,-37.115,-0.116,-16.564,-21.268,-47.379,-14.624,-63.049,19.561,-45.752,10.266,-63.557,45.997,-98.739,0,-109.85,-40.815,-90.564,0.396,-37.968,,"Fresh825",-0.064,-16.557,,"kneesohime",-21.246,-47.241,,"YukihiroD",-14.531,-63.042,,"紅さかな",19.571,-45.727,,"CoalCat",10.328,-63.429,,"MODECO",45.848,-98.511,,"AI",0,-109.84,,"AI",-40.8,-90.55,,,,,,,,,,,,,,,,,,,,,,,,,,,,,,,,,,,,,,,,,,,,,,,,,,,,,,,,"",3,0,"",,,,0,""
165,,5,0,5,6,0,1,2,0,0,0,255,255,255,66,3712.692,"Kr_Luna",L,0,95,140,3.635,-1.546,0.04,1.508,1.583,0.634,-36.786,12.916,52,48,0,1,"",0,0,0,1.789,-18.252,4,"=","=","=","=","=","=","","","",0,R,"소솨소솨",190,90.013,0.501,,67,W,Y,0,,,,,,,,,,,,,,,,,,,,,,,,,,,,,0,0,,,,,,,,,,,,,,,,,,,,,,,,,,,,,,,,,,,,,,0.322,-37.03,-0.056,-16.589,-21.009,-46.74,-16.177,-61.886,19.35,-45.365,10.882,-63.262,45.89,-90.284,0,-109.85,-40.815,-90.564,,,,"",,,,"",,,,"",,,,"",,,,"",,,,"",,,,"",,,,"",,,,,,,,,,,,,,,,,,,,,,,,,,,,,,,,,,,,,,,,,,,,,,,,,,,,,,,,,,"",0,0,"",,,,0,""
166,,5,0,5,6,1,1,2,0,0,0,255,255,255,67,3731.594,"Kr_Luna",L,0,93,140,2.721,-0.718,-0.045,1.668,1.187,1.152,-36.786,26.485,93,4,2,2,"",0,0,0,0,0,4,"=","=","=","=","=","=","","","",0,R,"소솨소솨",190,90.013,0.501,3,67,W,Y,1,3732.68,169,129,95,98,54,,145,87,6.451,-28.409,0.501,0.753,-20.501,-1,0,0.55,149.201,-138.93,192.428,3733.918,16.047,-48.523,3734.101,4,14.457,0.506,-45.727,0,0,,,,,,,,,,,,,,,3734.389,4,,453,0,,,,,,,,,,,,,,,,,,,0.352,-37.059,-0.063,-16.56,-20.708,-46.353,-15.694,-61.119,19.439,-45.345,10.952,-62.999,45.981,-91.554,0,-109.85,-40.807,-90.557,0.135,-38.016,,"Fresh825",-0.058,-16.558,,"kneesohime",-20.679,-46.229,,"YukihiroD",-15.892,-61.096,,"紅さかな",19.424,-45.324,,"CoalCat",10.978,-62.811,,"MODECO",45.982,-91.555,,"AI",0,-109.84,,"AI",-40.8,-90.55,,,,,,,,,,,,,,3734.397,15.039,-46.071,,,,,,,,,,,,,,,,,,,,,,,,,,,,,,,,,,,,,,,,"",1,0,"紅さかな",,,,8,""
167,SIDE,5,0,5,6,0,0,2,0,0,0,255,255,255,,3736.724,,,,,,,,,,,,,,,,,,,,,,,,5,"=","=","=","=","=","=","","","",,,,,,,,,,,,,,,,,,,,,,,,,,,,,,,,,,,,,,,0,0,,,,,,,,,,,,,,,,,,,,,,,,,,,,,,,,,,,,,,,,,,,,,,,,,,,,,,,,,,,,,,,,,,,,,,,,,,,,,,,,,,,,,,,,,,,,,,,,,,,,,,,,,,,,,,,,,,,,,,,,,,,,,,,,,,,,,,,,,,,,,,,,,"",0,0,"",,,,0,""
168,,6,1,5,6,0,0,0,0,0,0,255,255,255,90,3773.04,"소솨소솨",R,28,84,136,0.101,-0.099,0.196,1.608,-0.02,1.487,-36.539,5.239,48,52,0,0,"",42.172,-58.96,0,0,0,0,"CoalCat","YukihiroD","kneesohime","紅さかな","Kr_Luna","Fresh825","MODECO","","",5,R,"CoalCat",174,83,0.397,,67,W,Y,0,,,,,,,,,,,,,,,,,,,,,,,,,,,,,0,0,,,,,,,,,,,,,,,,,,,,,,,,,,,,,,,,,,,,,,0.103,-37.656,-0.3,-15.945,-19.88,-46.431,-16.711,-62.837,20.652,-48.876,14.183,-62.63,40.9,-90.65,0,-109.84,-40.8,-90.55,,,,"",,,,"",,,,"",,,,"",,,,"",,,,"",,,,"",,,,"",,,,,,,,,,,,,,,,,,,,,,,,,,,,,,,,,,,,,,,,,,,,,,,,,,,,,,,,,,"",0,0,"",,,,0,""
169,,6,1,5,6,0,1,0,0,0,0,255,255,255,91,3788.926,"소솨소솨",R,33,85,138,1.316,0.647,0.281,1.711,0.379,1.852,-36.539,8.835,47,53,0,2,"",136.261,-128.334,0,0,0,0,"=","=","=","=","=","=","=","","",5,R,"CoalCat",174,83,0.397,5,67,W,Y,1,3790.018,92,68,94,40,0,,130,92,26.521,56.533,0.25,1.105,-19.685,0.93,0,0.597,65.536,12.081,-596.288,3794.81,-65.744,-64.248,,,,,,0,0,,,,,,,,,,,,,,,,,,,,,,,,,,,,,,,,,,,,,,0.11,-37.811,-0.043,-16.164,-19.587,-45.74,-16.329,-62.911,21.522,-49.623,16.416,-62.524,40.9,-90.65,0,-109.84,-40.8,-90.55,0.305,-37.524,,"ddil_ddil69",-0.006,-16.943,,"하루（Haru）",-19.522,-45.794,,"うよすま",-16.214,-62.829,,"aura_5599",21.389,-49.428,,"HANA_ARASHI",16.082,-61.892,,"AI",40.904,-90.653,,"AI",0,-109.844,,"AI",-40.804,-90.553,,,,,,,,,,,,,,,,,,,,,,,,,,,,,,,,,,,,,,,,,,,,,,,,,,,,,,,,"",3,0,"",,,,0,""
170,,6,1,5,6,0,2,0,0,0,0,255,255,255,92,3812.019,"소솨소솨",R,27,85,138,1.638,1.555,0.32,1.857,0.557,2.364,-36.539,16.52,57,43,0,4,"",107.447,-141.013,0,0,0,0,"=","=","=","=","=","=","=","","",5,R,"CoalCat",174,83,0.397,,67,W,Y,1,,,,,,,,,,,,,,,,,,,,,,,,,,,,,0,0,,,,,,,,,,,,,,,3814.725,0,,578,0,,,,,,,,,,,,,,,,,,,0.096,-37.704,-0.033,-16.538,-19.197,-45.15,-17.76,-61.121,21.744,-50.458,14.662,-62.487,40.9,-90.65,0,-109.84,-40.8,-90.55,,,,"",,,,"",,,,"",,,,"",,,,"",,,,"",,,,"",,,,"",,,,,,,,,,,,,,,,,,,,,,,,,,,,,,,,,,,,,,,,,,,,,,,,,,,,,,,,,,"",0,0,"",,,,0,""
171,,6,1,5,6,0,0,1,0,0,0,255,255,255,94,3831.89,"소솨소솨",R,28,85,137,-0.52,-0.67,0.132,1.508,-0.314,1.135,-36.539,11.273,48,52,0,0,"",60.866,-85.034,0,0,0,1,"=","=","=","=","=","=","=","","",3,R,"YukihiroD",174.3,80,0.398,,67,W,Y,0,,,,,,,,,,,,,,,,,,,,,,,,,,,,,0,0,,,,,,,,,,,,,,,,,,,,,,,,,,,,,,,,,,,,,,0.057,-37.474,-0.019,-16.974,-19.048,-44.824,-17.753,-61.644,22.099,-49.392,15.112,-62.359,40.9,-90.65,0,-109.84,-40.8,-90.55,,,,"",,,,"",,,,"",,,,"",,,,"",,,,"",,,,"",,,,"",,,,,,,,,,,,,,,,,,,,,,,,,,,,,,,,,,,,,,,,,,,,,,,,,,,,,,,,,,"",0,0,"",,,,0,""
172,,6,1,5,6,0,1,1,0,0,0,255,255,255,94,3846.14,"소솨소솨",R,32,93,140,0.568,0.24,0.194,1.634,-0.028,1.58,-36.539,4.393,46,54,0,2,"",200.602,-171.457,0,0,0,1,"=","=","=","=","=","=","=","","",3,R,"YukihiroD",174.3,80,0.398,5,67,W,Y,1,3847.235,141,131,93,22,0,,137,127,30.148,61.977,0.109,0.99,-20.019,0.33,0,0.592,253.844,87.785,-266.212,,,,,,,,,0,0,,,,,,,,,,,,,,,,,,,,,,,,,,,,,,,,,,,,,,0.072,-37.767,-0.014,-16.971,-18.877,-44.786,-17.974,-61.336,21.493,-49.264,14.403,-61.675,40.9,-90.65,0,-109.84,-40.8,-90.55,0.206,-37.478,,"ddil_ddil69",-0.036,-16.979,,"하루（Haru）",-18.862,-44.766,,"うよすま",-17.87,-61.164,,"aura_5599",21.138,-49.164,,"HANA_ARASHI",14.122,-61.183,,"AI",40.903,-90.653,,"AI",0,-109.844,,"AI",-40.803,-90.553,,,,,,,,,,,,,,,,,,,,,,,,,,,,,,,,,,,,,,,,,,,,,,,,,,,,,,,,"",3,0,"",,,,0,""
173,,6,1,5,6,0,2,1,0,0,0,255,255,255,95,3861.672,"소솨소솨",R,0,60,114,2.673,0.065,0.447,1.652,1.151,1.644,-36.539,17.829,38,62,0,2,"",0,0,0,0,0,1,"=","=","=","=","=","=","=","","",3,R,"YukihiroD",174.3,80,0.398,5,67,W,Y,1,3862.838,207,134,82,80,36,,145,101,108.991,-57.747,0.487,0.994,-20.816,-0.13,0,0.708,253.667,483.872,248.034,,,,,,,,,0,0,,,,,,,,,,,,,,,,,,,,,,,,,,,,,,,,,,,,,,0.156,-37.691,-0.027,-16.787,-19.271,-45.051,-18.713,-61.084,21.399,-49.035,14.922,-61.63,40.9,-90.65,0,-109.84,-40.8,-90.55,0.211,-37.961,,"ddil_ddil69",-0.046,-16.782,,"하루（Haru）",-19.262,-45.033,,"うよすま",-18.633,-60.937,,"aura_5599",21.351,-48.611,,"HANA_ARASHI",14.819,-61.065,,"AI",40.904,-90.653,,"AI",0,-109.844,,"AI",-40.804,-90.553,,,,,,,,,,,,,,,,,,,,,,,,,,,,,,,,,,,,,,,,,,,,,,,,,,,,,,,,"",3,0,"",,,,0,""
174,,6,1,5,6,0,2,1,0,0,0,255,255,255,96,3876.935,"소솨소솨",R,27,88,140,1.913,1.155,0.339,1.792,0.648,2.138,-36.539,17.722,48,52,0,2,"",130.024,-137.448,0,0,0,1,"=","=","=","=","=","=","=","","",3,R,"YukihiroD",174.3,80,0.398,5,67,W,Y,1,3878.015,135,51,95,18,0,,137,129,26.773,50.435,0.359,1.279,-19.863,0.49,0,0.547,120.257,-9.03,-392.852,3883.335,-91.115,-96.864,,,,,,0,0,,,,,,,,,,,,,,,,,,,,,,,,,,,,,,,,,,,,,,0.118,-37.817,0.011,-17.043,-19.597,-45.213,-19.258,-60.771,21.009,-49.595,14.677,-61.732,40.9,-90.65,0,-109.84,-40.8,-90.55,0.324,-37.551,,"ddil_ddil69",-0.018,-17.045,,"하루（Haru）",-19.598,-45.2,,"うよすま",-19.102,-60.634,,"aura_5599",20.839,-49.389,,"HANA_ARASHI",14.75,-61.884,,"AI",40.903,-90.653,,"AI",0,-109.844,,"AI",-40.803,-90.553,,,,,,,,,,,,,,,,,,,,,,,,,,,,,,,,,,,,,,,,,,,,,,,,,,,,,,,,"",3,0,"",,,,0,""
175,,6,1,5,6,0,2,1,0,0,0,255,255,255,97,3896.753,"소솨소솨",R,32,86,140,1.746,0.483,0.316,1.691,0.54,1.781,-36.539,21.789,48,52,0,2,"",156.134,-105.032,0,0,0,1,"=","=","=","=","=","=","=","","",3,R,"YukihiroD",174.3,80,0.398,5,67,W,Y,1,3897.848,188,42,81,17,0,,136,84,46.26,36.629,0.325,1.083,-20.265,-0.69,0,0.601,385.652,134.845,-439.42,3903.168,-35.347,-66.518,3903.268,3,-34.196,2.717,-65.136,0,0,,3903.422,,,,,,,,,,,,,3903.572,1,,452,0,,,,,,,,,,,,,,,,,,,-0.005,-37.728,0.066,-17.051,-19.649,-45.152,-19.347,-60.232,23.312,-50.833,10.975,-61.139,40.9,-90.65,0,-109.84,-40.8,-90.55,0.296,-37.587,,"ddil_ddil69",0.007,-17.056,,"하루（Haru）",-19.87,-44.964,,"うよすま",-19.185,-60.093,72,"aura_5599",22.122,-49.822,,"HANA_ARASHI",11.94,-61.292,,"AI",40.903,-90.653,,"AI",0,-109.844,,"AI",-40.803,-90.553,,3908.649,-0.602,-38.685,,,,,,,3903.583,-34.48,-65.483,,,,,,,,,,,,,,,,,,,,,,,,,3905.85,-32.894,-64.569,,,,,,,,,,,,,,,,"",1,0,"うよすま",,,,17,""
176,,6,1,5,6,0,0,2,0,0,0,255,255,255,98,3923.907,"소솨소솨",R,27,86,139,1.951,1.34,0.342,1.862,0.659,2.325,-36.539,21.22,42,58,0,4,"",133.789,-143.538,0,0,0,2,"=","=","=","=","=","=","=","","",2,R,"kneesohime",190,85,0.497,,86,W,Y,1,,,,,,,,,,,,,,,,,,,,,,,,,,,,,0,0,,,,,,,,,,,,,,,,,,,,,,,,,,,,,,,,,,,,,,0.047,-37.841,-0.016,-17.407,-19.489,-44.724,-18.526,-61.432,21.656,-50.332,11.272,-64.667,40.9,-90.65,0,-109.84,-40.8,-90.55,,,,"",,,,"",,,,"",,,,"",,,,"",,,,"",,,,"",,,,"",,,,3928.038,0.112,-37.425,,,,,,,,,,,,,,,,,,,,,,,,,,,,,,,,,,,,,,,,,,,,,,,,,,,,"",0,0,"",,,,0,""
177,,6,1,5,6,0,1,2,0,0,0,255,255,255,99,3940.851,"소솨소솨",R,28,86,140,-0.24,-0.299,0.154,1.558,-0.213,1.341,-36.539,7.301,46,54,0,0,"",76.936,-95.331,0,0,0,2,"=","=","=","=","=","=","=","","",2,R,"kneesohime",190,85,0.497,,86,W,Y,0,,,,,,,,,,,,,,,,,,,,,,,,,,,,,0,0,,,,,,,,,,,,,,,,,,,,,,,,,,,,,,,,,,,,,,0.084,-37.756,-0.023,-17.112,-20.032,-45.165,-18.563,-61.377,23.147,-50.942,14.202,-63.421,40.9,-90.65,0,-109.84,-40.8,-90.55,,,,"",,,,"",,,,"",,,,"",,,,"",,,,"",,,,"",,,,"",,,,3944.783,0.001,-37.523,,,,,,,,,,,,,,,,,,,,,,,,,,,,,,,,,,,,,,,,,,,,,,,,,,,,"",0,0,"",,,,0,""
178,,6,1,5,6,0,2,2,0,0,0,255,255,255,100,3953.146,"소솨소솨",R,33,86,139,1.913,0.507,0.345,1.711,0.676,1.834,-36.539,16.527,39,61,0,4,"",108.395,-107.885,0,0,0,2,"=","=","=","=","=","=","=","","",2,R,"kneesohime",190,85,0.497,,86,W,Y,1,,,,,,,,,,,,,,,,,,,,,,,,,,,,,0,0,,,,,,,,,,,,,,,3955.801,2,,578,0,,,,,,,,,,,,,,,,,,,0.048,-37.623,-0.076,-16.438,-20.155,-45.19,-18.582,-61.407,20.716,-49.989,12.881,-63.961,40.9,-90.65,0,-109.84,-40.8,-90.55,,,,"",,,,"",,,,"",,,,"",,,,"",,,,"",,,,"",,,,"",,,,3958.143,-0.204,-37.05,,,,,,,,,,,,,,,,,,,,,,,,,,,,,,,,,,,,,,,,,,,,,,,,,,,,"",0,0,"",,,,0,""
179,SIDE,6,1,5,6,0,0,2,0,0,0,255,255,255,,3958.239,,,,,,,,,,,,,,,,,,,,,,,,3,"=","=","=","=","=","=","=","","",,,,,,,,,,,,,,,,,,,,,,,,,,,,,,,,,,,,,,,0,0,,,,,,,,,,,,,,,,,,,,,,,,,,,,,,,,,,,,,,,,,,,,,,,,,,,,,,,,,,,,,,,,,,,,,,,,,,,,,,,,,,,,,,,,,,,,,,,,,,,,,,,,,,,,,,,,,,,,,,,,,,,,,,,,,,,,,,,,,,,,,,,,,"",0,0,"",,,,0,""
180,,6,0,5,6,0,0,0,0,0,0,255,255,255,68,3988.85,"Kr_Luna",L,10,70,112,-0.206,-1.959,-0.369,1.744,-0.323,1.029,-36.786,40.574,100,0,0,1,"",129.455,400,0,0.007,-19.081,5,"うよすま","하루（Haru）","aura_5599","HANA_ARASHI","소솨소솨","ddil_ddil69","","","",1,R,"ddil_ddil69",176.4,89.974,0.546,,67,W,Y,0,,,,,,,,,,,,,,,,,,,,,,,,,,,,,0,0,,,,,,,,,,,,,,,,,,,,,,,,,,,,,,,,,,,,,,0.181,-37.256,0.024,-16.563,-23.391,-49.279,-15.231,-62.596,18.784,-45.134,11.694,-62.954,44.788,-90.947,0,-109.86,-40.815,-90.564,,,,"",,,,"",,,,"",,,,"",,,,"",,,,"",,,,"",,,,"",,,,,,,,,,,,,,,,,,,,,,,,,,,,,,,,,,,,,,,,,,,,,,,,,,,,,,,,,,"",0,0,"",,,,0,""
181,,6,0,5,6,1,0,0,0,0,0,255,255,255,69,4003.445,"Kr_Luna",L,13,77,115,0.947,-2.711,-0.341,1.499,-0.193,0.175,-36.786,27.656,49,51,0,1,"",360.377,346.596,0,0.094,-19.192,5,"=","=","=","=","=","=","","","",1,R,"ddil_ddil69",176.4,89.974,0.546,,67,W,Y,0,,,,,,,,,,,,,,,,,,,,,,,,,,,,,0,0,,,,,,,,,,,,,,,,,,,,,,,,,,,,,,,,,,,,,,0.147,-37.167,-0.153,-16.586,-21.886,-47.886,-14.882,-62.316,18.738,-45.269,11.638,-63.01,45.027,-90.659,0,-109.85,-40.815,-90.564,,,,"",,,,"",,,,"",,,,"",,,,"",,,,"",,,,"",,,,"",,,,,,,,,,,,,,,,,,,,,,,,,,,,,,,,,,,,,,,,,,,,,,,,,,,,,,,,,,"",0,0,"",,,,0,""
182,,6,0,5,6,2,0,0,0,0,0,255,255,255,70,4020.912,"Kr_Luna",L,14,76,102,-1.604,-1.062,-0.279,1.851,0.066,1.486,-36.786,42.727,100,0,0,4,"",-362.039,312.348,0,-0.639,-20.51,5,"=","=","=","=","=","=","","","",1,R,"ddil_ddil69",176.4,89.974,0.546,,67,W,Y,1,,,,,,,,,,,,,,,,,,,,,,,,,,,,,0,0,,,,,,,,,,,,,,,,,,,,,,,,,,,,,,,,,,,,,,0.194,-37.248,-0.05,-16.529,-21.916,-47.783,-14.934,-62.29,18.778,-45.164,11.718,-63.081,42.175,-92.678,0,-109.85,-40.815,-90.564,,,,"",,,,"",,,,"",,,,"",,,,"",,,,"",,,,"",,,,"",,,,,,,,,,,,,,,,,,,,,,,,,,,,,,,,,,,,,,,,,,,,,,,,,,,,,,,,,,"",0,0,"",,,,0,""
183,,6,0,5,6,2,1,0,0,0,0,255,255,255,71,4039.688,"Kr_Luna",L,26,92,140,4.822,-2.176,0.244,1.318,2.067,0.243,-36.786,2.622,66,34,0,3,"",-51.508,-200,0,0.24,-20.885,5,"=","=","=","=","=","=","","","",1,R,"ddil_ddil69",176.4,89.974,0.546,,39,W,Y,0,,,,,,,,,,,,,,,,,,,,,,,,,,,,,0,0,,4051.792,,,,,,,,,,,,,,,,,,,,,,,,,,,,,,,,,,,,0.416,-37.088,-0.045,-16.963,-21.624,-46.674,-14.184,-62.244,18.73,-45.153,11.677,-63.085,42.184,-92.682,0,-109.86,-40.815,-90.564,,,,"",,,,"",,,,"",,,,"",,,,"",,,,"",,,,"",,,,"",,,,,,,,,,,,,,,,,,,,,,,,,,,,,,,,,,,,,,,,,,,,,,,,,,,,,,,,,,"",6,0,"",,,,0,""
184,,6,0,5,6,0,0,0,1,0,0,11,255,255,72,4065.949,"Kr_Luna",L,14,74,113,-1.307,-1.462,-0.165,1.831,0.162,1.301,-36.786,40.851,100,0,0,2,"",-390.434,312.348,0,0,0,0,"=","=","=","=","=","=","","","",3,R,"うよすま",160,85.375,0.502,3,67,W,Y,1,4067.095,166,122,102,76,12,,145,76,-30,60.055,-0.242,0.463,-20.418,1,0,0.276,-45.445,303.638,-28.307,4066.835,-1.423,-21.096,,,,,,0,0,,,,,,,,,,,,4071.463,,,,,,,,,,,,,,,,,,,,,,,,,,0.349,-37.113,-0.02,-16.763,-19.818,-42.315,-14.243,-62.217,19.66,-45.558,9.289,-62.029,44.292,-91.225,0,-109.86,-40.822,-90.57,0.174,-37.897,,"Fresh825",-0.017,-16.762,,"kneesohime",-19.662,-45.827,,"YukihiroD",-14.114,-62.244,,"紅さかな",19.687,-45.626,,"CoalCat",9.32,-61.898,,"MODECO",44.6,-91.004,,"AI",0,-109.84,,"AI",-40.8,-90.55,,,,,,,,,,,,,,,,,,,,,,,,,,,,,,,,,,,,,,,,,,,,,,,,,,,,,,,,"",3,0,"",,,,0,""
185,,6,0,5,6,0,1,0,1,0,0,11,255,255,73,4107.338,"Kr_Luna",L,14,59,103,-1.98,-1.428,-0.236,1.87,-0.165,1.452,-36.786,48.541,100,0,0,4,"",-334.261,350.095,0,-0.475,-18.168,0,"=","=","=","=","=","=","","","",3,R,"うよすま",160,85.375,0.502,,67,W,Y,1,,,,,,,,,,,,,,,,,,,,,,,,,,,,,0,0,,,,,,,,,,,,,,,,,,,,,,,,,,,,,,,,,,,,,,0.304,-37.119,-0.033,-16.81,-19.146,-40.745,-14.559,-60.965,19.347,-45.738,7.472,-62.058,44.405,-94.228,0,-109.86,-40.822,-90.57,,,,"",,,,"",,,,"",,,,"",,,,"",,,,"",,,,"",,,,"",,,,,,,,,,,,,,,,,,,,,,,,,,,,,,,,,,,,,,,,,,,,,,,,,,,,,,,,,,"",0,0,"",,,,0,""
186,,6,0,5,6,0,2,0,1,0,0,11,255,255,74,4125.713,"Kr_Luna",L,14,80,119,-0.775,-2.97,-0.201,1.555,-0.004,0.237,-36.786,27.017,100,0,0,1,"",-198.906,400,0,-0.135,-21.599,0,"=","=","=","=","=","=","","","",3,R,"うよすま",160,85.375,0.502,,67,W,Y,0,,,,,,,,,,,,,,,,,,,,,,,,,,,,,0,0,,,,,,,,,,,,,,,,,,,,,,,,,,,,,,,,,,,,,,0.185,-37.049,-0.046,-16.773,-19.182,-40.763,-14.845,-60.814,19.447,-45.542,8.153,-62.948,44.758,-95.585,0,-109.86,-40.815,-90.564,,,,"",,,,"",,,,"",,,,"",,,,"",,,,"",,,,"",,,,"",,,,,,,,,,,,,,,,,,,,,,,,,,,,,,,,,,,,,,,,,,,,,,,,,,,,,,,,,,"",0,0,"",,,,0,""
187,,6,0,5,6,1,2,0,1,0,0,11,255,255,75,4145.398,"Kr_Luna",L,26,85,137,1.797,1.006,-0.108,1.888,0.891,1.924,-36.786,42.455,94,6,0,2,"",-73.096,-178.861,0,0,0,0,"=","=","=","=","=","=","","","",3,R,"うよすま",160,85.375,0.502,5,67,W,Y,1,4146.472,165,99,106,22,0,,140,77,51.419,14.087,0.282,1.175,-19.854,-1,0,0.294,499.032,95.884,5.369,4151.61,-12.783,-64.856,4153.518,8,-14.994,0.125,-72.328,1,0,,4152.108,,,,,,,,,,4147.835,,,4156.926,5,1,166,0,,,,,,,,,,,4158.927,2,4156.988,5,,,,,0.336,-37.03,-0.046,-16.77,-19.255,-40.919,-14.628,-60.885,19.29,-45.82,8.245,-62.946,46.734,-95.836,0,-109.86,-40.822,-90.57,0.29,-37.833,,"Fresh825",0.015,-17.146,,"kneesohime",-19.835,-44.156,79,"YukihiroD",-14.81,-60.814,,"紅さかな",19.245,-45.797,,"CoalCat",8.232,-62.767,104,"MODECO",46.643,-95.886,,"AI",0,-109.84,,"AI",-40.8,-90.55,,4161.331,-0.414,-38.045,,,,4158.72,-18.872,-40.587,,,,,,,4156.285,-0.772,-59.911,,,,,,,,,,,,,,,,4160.312,-17.82,-39.516,,,,,,,4157.544,-2.82,-57.513,,,,,,,,,,"",2,0,"AI",,,,21,""
188,,6,0,5,6,0,0,1,1,0,0,13,255,255,76,4178.985,"Kr_Luna",L,27,93,140,2.945,0.273,-0.049,1.708,0.701,1.297,-36.786,26.483,88,9,2,2,"",-61.855,-124.532,0,0,0,1,"=","=","=","=","=","=","","","",2,R,"하루（Haru）",190,85,0.397,0,66,W,Y,0,4180.168,129,247,28,115,36,,88,72,-38.563,40.137,0.267,0.864,-19.913,-0.16,0.048,0.204,-89.064,-151.214,220.436,4179.926,-0.568,-20.906,4182.026,2,-16.968,0.133,-40.112,0,0,,,,,,4184.693,,,,,,4179.229,,,4184.846,0,1,166,4,4186.844,1,,147,1,,,,,,,,,,,,,,0.34,-37.049,-0.076,-16.652,-19.115,-41.635,-14.784,-61.426,19.985,-45.904,9.505,-63.317,40.827,-100.179,0,-109.87,-40.822,-90.571,0.055,-38.079,,"Fresh825",-0.06,-16.918,,"kneesohime",-19.019,-41.213,95,"YukihiroD",-14.481,-62.204,,"紅さかな",20.061,-45.869,,"CoalCat",9.801,-63.25,104,"MODECO",40.44,-99.254,,"AI",0,-109.84,,"AI",-40.8,-90.55,,,,,,,,4182.32,-17.681,-41.189,,,,,,,4184.281,-0.705,-58.643,,,,,,,,,,,,,,,,4183.126,-15.669,-42.928,,,,,,,4185.21,-3.796,-56.002,,,,,,,,,,"",2,0,"kneesohime",4184.693,,,5,""
189,SIDE,6,0,5,6,0,0,2,0,0,0,255,255,255,,4187.464,,,,,,,,,,,,,,,,,,,,,,,,2,"=","=","=","=","=","=","","","",,,,,,,,,,,,,,,,,,,,,,,,,,,,,,,,,,,,,,,0,0,,,,,,,,,,,,,,,,,,,,,,,,,,,,,,,,,,,,,,,,,,,,,,,,,,,,,,,,,,,,,,,,,,,,,,,,,,,,,,,,,,,,,,,,,,,,,,,,,,,,,,,,,,,,,,,,,,,,,,,,,,,,,,,,,,,,,,,,,,,,,,,,,"",0,0,"",,,,0,""
190,,7,1,5,6,0,0,0,0,0,0,255,255,255,101,4225.269,"소솨소솨",R,33,64,118,5.394,2.283,0.66,1.981,2.141,2.816,-36.539,45.875,83,17,0,2,"",113.037,-75.033,0,0,0,3,"CoalCat","YukihiroD","kneesohime","紅さかな","Kr_Luna","Fresh825","MODECO","","",4,R,"紅さかな",172.6,86,0.399,3,66,W,Y,0,4226.46,176,24,16,6,3,,27,38,41.384,30.862,0.998,1.633,-19.62,-0.5,0,0.167,-517.252,-291.37,86.911,4228.91,-8.152,-36.988,4230.602,3,-10.324,0.059,-45.089,0,8,,4232.521,,,,,,,,,,,,,4232.655,3,,147,1,,,,,,,,,,,,,,,,,,,0.074,-37.735,0.062,-16.543,-19.549,-45.835,-19.194,-60.955,20.805,-49.248,14.722,-62.643,40.937,-90.684,0,-109.87,-40.837,-90.584,0.248,-37.399,,"ddil_ddil69",0.04,-16.585,,"하루（Haru）",-19.601,-45.747,83,"うよすま",-19.094,-60.797,76,"aura_5599",21.41,-49.392,,"HANA_ARASHI",14.348,-62.117,,"AI",40.9,-90.65,,"AI",0,-109.84,,"AI",-40.8,-90.55,,4238.337,-0.503,-38.137,,,,4231.995,-18.053,-40.016,4230.868,-10.886,-45.464,,,,,,,,,,,,,,,,,,,,,,4237.748,-8.228,-38.499,4231.497,-13.866,-42.743,,,,,,,,,,,,,,,,"",2,0,"うよすま",,,,19,""
191,,7,1,5,6,0,0,1,0,0,0,255,255,255,102,4260.083,"소솨소솨",R,27,85,138,-0.881,-0.379,0.084,1.536,-0.541,1.269,-36.539,9.566,41,59,0,2,"",112.281,-119.81,0,0,0,4,"=","=","=","=","=","=","=","","",0,L,"Kr_Luna",190,95.432,0.498,5,66,W,Y,0,4260.932,119,122,140,66,34,,138,129,27.235,-21.858,-0.166,0.852,-20.053,0.31,0,0.109,402.165,-385.28,223.21,4266.368,54.415,-128.076,,,,,,0,0,,4266.996,4271.574,4276.745,4281.869,,,,,,,,,,,,,,,,,,,,,,,,,,,,,,,,,-0.082,-37.418,-0.065,-17.063,-19.217,-44.992,-10.331,-65.033,22.397,-50.453,13.85,-62.758,40.922,-90.671,0,-109.87,-40.822,-90.571,-0.047,-37.132,,"ddil_ddil69",0.019,-17.033,,"하루（Haru）",-19.221,-44.989,,"うよすま",-10.267,-64.937,,"aura_5599",21.655,-49.911,,"HANA_ARASHI",13.86,-62.769,,"AI",40.9,-90.65,,"AI",0,-109.84,,"AI",-40.8,-90.55,,,,,,,,,,,,,,,,,,,,,,,,,,,,,,,,,,,,,,,,,,,,,,,,,,,,,,,,"",4,0,"",4271.574,4276.745,,0,""
192,,7,1,6,6,0,0,1,0,0,0,255,255,255,103,4302.092,"소솨소솨",R,33,87,140,0.678,0.54,0.22,1.719,0.094,1.86,-36.539,12.191,48,52,0,0,"",144.29,-102.71,0,0,0,5,"=","=","=","=","=","=","=","","",1,L,"Fresh825",190,80,0.2,,66,W,Y,0,,,,,,,,,,,,,,,,,,,,,,,,,,,,,0,0,,,,,,,,,,,,,,,,,,,,,,,,,,,,,,,,,,,,,,0.049,-37.765,-0.076,-17.198,-19.496,-45.909,-11.033,-64.671,22.691,-46.821,15.974,-62.155,40.915,-90.664,0,-109.86,-40.815,-90.564,,,,"",,,,"",,,,"",,,,"",,,,"",,,,"",,,,"",,,,"",,,,,,,,,,,,,,,,,,,,,,,,,,,,,,,,,,,,,,,,,,,,,,,,,,,,,,,,,,"",0,0,"",,,,0,""
193,,7,1,6,6,0,1,1,0,0,0,255,255,255,104,4314.709,"소솨소솨",R,27,85,138,-1.21,0.1,0.054,1.623,-0.681,1.549,-36.539,6.73,48,52,0,2,"",110.529,-141.62,0,0,0,5,"=","=","=","=","=","=","=","","",1,L,"Fresh825",190,80,0.2,5,66,W,Y,1,4315.834,133,151,133,133,0,,141,88,108.39,-43.913,-0.174,1.064,-19.801,-0.92,0,0.192,333.833,-313.942,280.473,,,,,,,,,0,0,,,,,,,,,,,,,,,,,,,,,,,,,,,,,,,,,,,,,,-0.067,-37.632,0.062,-17.363,-18.701,-44.497,-11.507,-65.494,21.859,-48.371,14.745,-61.77,40.907,-90.657,0,-109.85,-40.807,-90.557,-0.114,-37.605,,"ddil_ddil69",0.018,-17.404,,"하루（Haru）",-18.655,-44.555,,"うよすま",-11.265,-65.35,,"aura_5599",21.25,-48.004,,"HANA_ARASHI",14.67,-62.021,,"AI",40.9,-90.65,,"AI",0,-109.84,,"AI",-40.8,-90.55,,,,,,,,,,,,,,,,,,,,,,,,,,,,,,,,,,,,,,,,,,,,,,,,,,,,,,,,"",3,0,"",,,,0,""
194,,7,1,6,6,0,2,1,0,0,0,255,255,255,105,4330.753,"소솨소솨",R,28,88,140,-4.107,-1.474,-0.016,1.497,-1.944,0.664,-36.539,10.008,46,54,0,3,"",67.345,-84.237,0,-1.481,-20.868,5,"=","=","=","=","=","=","=","","",1,L,"Fresh825",190,80,0.2,,66,W,Y,0,,,,,,,,,,,,,,,,,,,,,,,,,,,,,0,0,,,,,,,,,,,,,,,,,,,,,,,,,,,,,,,,,,,,,,-0.017,-37.656,-0.064,-17.486,-18.424,-44.142,-12.436,-64.108,21.714,-48.256,16.659,-61.821,40.907,-90.657,0,-109.85,-40.807,-90.557,,,,"",,,,"",,,,"",,,,"",,,,"",,,,"",,,,"",,,,"",,,,,,,,,,,,,,,,,,,,,,,,,,,,,,,,,,,,,,,,,,,,,,,,,,,,,,,,,,"",6,0,"",,,,0,""
195,,7,1,6,6,2,2,1,0,0,0,255,255,255,106,4358.82,"소솨소솨",R,41,53,96,-0.093,-0.206,0.159,1.544,-0.127,1.413,-36.539,12.734,42,58,0,0,"",37.182,-75.786,0,0,0,5,"=","=","=","=","=","=","=","","",1,L,"Fresh825",190,80,0.2,,66,W,Y,1,,,,,,,,,,,,,,,,,,,,,,,,,,,,,0,0,,,,,,,,,,,,,,,4361.758,5,,578,0,,,,,,,,,,,,,,,,,,,-0.006,-37.536,0.009,-16.748,-19.538,-45.504,-11.65,-64.942,21.248,-48.219,15.132,-61.461,40.907,-90.657,0,-109.85,-40.807,-90.557,,,,"",,,,"",,,,"",,,,"",,,,"",,,,"",,,,"",,,,"",,,,,,,,,,,,,,,,,,,,,,,,,,,,,,,,,,,,,,,,,,,,,,,,,,,,,,,,,,"",0,0,"",,,,0,""
196,,7,1,6,6,0,0,2,0,0,0,255,255,255,107,4378.533,"소솨소솨",R,28,83,135,-0.248,-0.376,0.15,1.543,-0.231,1.291,-36.539,6.798,45,55,0,0,"",83.684,-91.845,0,0,0,6,"=","=","=","=","=","=","=","","",6,R,"MODECO",190,85,0.445,,66,W,Y,0,,,,,,,,,,,,,,,,,,,,,,,,,,,,,0,0,,,,,,,,,,,,,,,,,,,,,,,,,,,,,,,,,,,,,,-0.008,-37.56,-0.071,-16.974,-19.089,-44.91,-17.001,-62.006,20.802,-48.971,14.507,-60.867,40.915,-90.664,0,-109.85,-40.815,-90.564,,,,"",,,,"",,,,"",,,,"",,,,"",,,,"",,,,"",,,,"",,,,,,,,,,,,,,,,,,,,,,,,,,,,,,,,,,,,,,,,,,,,,,,,,,,,,,,,,,"",0,0,"",,,,0,""
197,,7,1,6,6,0,1,2,0,0,0,255,255,255,108,4391.555,"소솨소솨",R,3,59,106,-1.484,-0.227,0.191,1.63,-0.04,1.574,-36.539,8.967,49,51,0,4,"",-318.434,69.172,0,0,0,6,"=","=","=","=","=","=","=","","",6,R,"MODECO",190,85,0.445,,66,W,Y,1,,,,,,,,,,,,,,,,,,,,,,,,,,,,,0,0,,,,,,,,,,,,,,,,,,,,,,,,,,,,,,,,,,,,,,0.028,-37.611,0.003,-16.927,-19.07,-44.939,-17.023,-62.021,21.806,-49.139,14.187,-60.673,40.907,-90.657,0,-109.85,-40.807,-90.557,,,,"",,,,"",,,,"",,,,"",,,,"",,,,"",,,,"",,,,"",,,,,,,,,,,,,,,,,,,,,,,,,,,,,,,,,,,,,,,,,,,,,,,,,,,,,,,,,,"",0,0,"",,,,0,""
198,,7,1,6,6,0,2,2,0,0,0,255,255,255,109,4404.906,"소솨소솨",R,12,51,107,1.432,0.365,0.332,1.738,0.614,1.923,-36.539,18.423,60,40,0,2,"BH+|BA+|TH+",0,55.11,0,0,0,6,"=","=","=","=","=","=","=","","",6,R,"MODECO",190,85,0.445,3,66,W,Y,1,4406.185,188,110,105,72,39,,145,87,53.489,-38.039,0.263,1.119,-19.959,-1,0,0.523,351.058,-159.38,-19.302,4411.285,40.114,-64.976,4412.085,6,41.759,0.924,-66.799,1,0,,4412.35,,,,,,,,,,,,,,,,,,,,,,,,,,,,,,,,,,,,-0.04,-38.217,0.102,-16.942,-18.791,-44.693,-16.792,-61.933,25.226,-51.926,14.349,-60.52,40.907,-90.657,0,-109.85,-40.807,-90.557,0.058,-37.955,,"ddil_ddil69",-0.086,-17.205,,"하루（Haru）",-18.791,-44.672,,"うよすま",-16.881,-61.886,,"aura_5599",23.364,-51.135,,"HANA_ARASHI",14.509,-60.102,111,"AI",40.9,-90.65,,"AI",0,-109.84,,"AI",-40.8,-90.55,,4427.793,0.361,-40.072,,,,,,,,,,,,,4424.458,40.083,-67.233,,,,,,,,,,,,,,,,,,,,,,,,,4426.169,33.505,-61.168,,,,,,,,,,"",2,0,"AI",,,,24,""
199,,7,1,6,6,0,0,2,1,0,0,6,255,255,110,4444.17,"소솨소솨",R,32,88,140,2.452,0.72,0.374,1.81,0.808,2.197,-36.539,27.194,43,57,0,2,"",161.925,-117.822,0,0,0,0,"=","=","=","=","=","=","=","","",5,R,"CoalCat",174,83,0.397,5,66,W,Y,1,4445.5,53,45,107,83,39,,92,66,110.524,-25.549,0.443,1.328,-20.28,-0.59,0,0.422,154.906,-18.18,-561.957,,,,,,,,,0,0,,,,,,,,,,,,,,,,,,,,,,,,,,,,,,,,,,,,,,-0.018,-37.757,0.022,-17.245,-18.1,-40.295,-16.774,-61.046,24.299,-53.093,14.913,-62.461,40.9,-90.65,0,-109.84,-40.8,-90.55,0.494,-37.721,,"ddil_ddil69",0.131,-17.394,,"하루（Haru）",-17.391,-41.399,,"うよすま",-16.354,-61.024,,"aura_5599",22.664,-52.558,,"HANA_ARASHI",13.891,-61.788,,"AI",40.904,-90.654,,"AI",0,-109.844,,"AI",-40.804,-90.554,,,,,,,,,,,,,,,,,,,,,,,,,,,,,,,,,,,,,,,,,,,,,,,,,,,,,,,,"",3,0,"",,,,0,""
200,,7,1,6,6,0,1,2,1,0,0,6,255,255,111,4461.85,"소솨소솨",R,33,86,139,1.478,0.93,0.304,1.767,0.483,2.048,-36.539,12.776,47,53,0,2,"",111.422,-95.448,0,0,0,0,"=","=","=","=","=","=","=","","",5,R,"CoalCat",174,83,0.397,5,66,W,Y,1,4463.191,60,32,100,53,26,,90,66,60.032,55.886,0.125,1.212,-20.238,-1,0,0.364,34.13,-211.53,-295.517,,,,4468.168,2,-23.962,3.121,-38.843,0,0,,,,,,4467.491,,,,,,4461.962,,,4468.383,0,,451,0,,,,,,,,,,,,,,,,,,,0.075,-37.794,-0.008,-17.388,-18.276,-40.133,-17.805,-61.763,21.295,-51.388,13.402,-64.019,40.9,-90.65,0,-109.84,-40.8,-90.55,0.338,-37.89,,"ddil_ddil69",0.24,-16.729,,"하루（Haru）",-17.13,-41.728,,"うよすま",-17.851,-61.693,,"aura_5599",21.109,-51.3,,"HANA_ARASHI",13.601,-63.99,,"AI",40.904,-90.654,,"AI",0,-109.844,,"AI",-40.804,-90.554,,,,,,,,4468.391,-24.294,-39.088,,,,,,,,,,,,,,,,,,,,,,,,,,,,,,,,,,,,,,,,,,,,,,"",1,0,"하루（Haru）",4467.491,,,2,""
201,SIDE,7,1,6,6,0,0,2,1,0,0,6,255,255,,4469.586,,,,,,,,,,,,,,,,,,,,,,,,1,"=","=","=","=","=","=","=","","",,,,,,,,,,,,,,,,,,,,,,,,,,,,,,,,,,,,,,,0,0,,,,,,,,,,,,,,,,,,,,,,,,,,,,,,,,,,,,,,,,,,,,,,,,,,,,,,,,,,,,,,,,,,,,,,,,,,,,,,,,,,,,,,,,,,,,,,,,,,,,,,,,,,,,,,,,,,,,,,,,,,,,,,,,,,,,,,,,,,,,,,,,,"",0,0,"",,,,0,""
202,,7,0,6,6,0,0,0,0,0,0,255,255,255,79,4511.424,"Kr_Luna",L,27,86,139,2.255,0.153,0.028,1.81,1.061,1.629,-36.786,40.209,93,7,0,2,"",-18.371,-108.75,0,0,0,2,"うよすま","하루（Haru）","aura_5599","HANA_ARASHI","소솨소솨","ddil_ddil69","","","",4,R,"aura_5599",190,89.523,0.398,5,66,W,Y,1,4512.433,159,170,142,132,78,,145,89,21.827,-10.995,0.478,1.159,-20.873,-1,0,0.379,352.155,-234.596,95.86,4516.827,18.436,-95.167,4518.468,6,22.25,0.108,-108.248,1,0,,4518.755,,,,,,,,,,,,,,,,,,,,,,,,,,,,,,4522.716,3,,,,,0.431,-37.135,-0.127,-16.393,-21.768,-48.182,-15.813,-59.813,20.264,-46.317,9.623,-63.216,43.11,-91.396,0,-109.91,-40.859,-90.604,0.145,-37.872,80,"Fresh825",-0.128,-16.389,,"kneesohime",-21.667,-48.095,85,"YukihiroD",-15.626,-59.943,82,"紅さかな",20.244,-46.283,,"CoalCat",9.614,-63.112,,"MODECO",41.963,-92.248,95,"AI",0,-109.84,,"AI",-40.8,-90.55,,4525.562,0.019,-38.72,,,,4534.963,-18.762,-41.048,4522.337,0.443,-59.585,,,,,,,4518.832,22.646,-108.383,,,,,,,4533.795,-0.856,-38.505,,,,4537.789,-17.583,-40.89,4524.517,-1.078,-57.152,,,,,,,4520.064,20.309,-100.695,,,,,,,"",2,0,"MODECO",,,,86,""
203,,7,0,6,6,0,0,0,1,0,0,14,255,255,80,4552.476,"Kr_Luna",L,38,55,97,-2.198,-0.319,-0.458,1.781,-0.944,1.431,-36.786,69.672,100,0,0,1,"",0,0,0,0,0,3,"=","=","=","=","=","=","","","",5,R,"HANA_ARASHI",179.2,88,0.25,,66,W,Y,0,,,,,,,,,,,,,,,,,,,,,,,,,,,,,0,0,,,,,,,,,,,,4567.405,,,,,,,,,,,,,,,,,,,,,,,,,,0.197,-37.162,-0.11,-16.87,-19.271,-40.75,-15.766,-60.367,19.312,-45.222,9.443,-62.215,39.797,-93.841,0,-109.86,-40.822,-90.571,,,,"",,,,"",,,,"",,,,"",,,,"",,,,"",,,,"",,,,"",,,,4558.31,0.036,-38.04,,,,,,,,,,,,,,,,,,,,,,,,,,,,,,,,,,,,,,,,,,,,,,,,,,,,"",0,0,"",,,,0,""
204,,7,0,6,6,1,0,0,1,0,0,14,255,255,81,4570.844,"Kr_Luna",L,38,50,93,-1.618,-0.274,-0.367,1.79,-0.694,1.461,-36.786,71.882,97,3,0,1,"",0,0,0,0,0,3,"=","=","=","=","=","=","","","",5,R,"HANA_ARASHI",179.2,88,0.25,,66,W,Y,0,,,,,,,,,,,,,,,,,,,,,,,,,,,,,0,4,,,,,,,,,,,,4571.404,,,4574.356,2,1,275,32,,,,,,,,,,,,,,,,,,,0.228,-37.205,-0.084,-16.919,-19.432,-40.948,-15.855,-60.505,19.364,-46.041,8.234,-61.566,41.914,-96.664,0,-109.86,-40.815,-90.564,,,,"",,,,"",,,,"",,,,"",,,,"",,,,"",,,,"",,,,"",,,,4577.013,0.112,-38.43,,,,,,,,,,,,,,,,,,,,,,,,,,,,,,,,,,,,,,,,,,,,,,,,,,,,"",0,0,"",,,,0,""
205,,7,0,6,6,2,0,1,0,0,0,255,255,255,82,4590.652,"Kr_Luna",L,8,55,94,-0.412,-0.149,-0.105,1.888,0.079,1.53,-36.786,74.492,98,2,0,0,"",-109.926,0,0,0,0,3,"=","=","=","=","=","=","","","",5,R,"HANA_ARASHI",179.2,88,0.25,,66,W,Y,1,,,,,,,,,,,,,,,,,,,,,,,,,,,,,0,0,,,,,,,,,,,,,,,,,,,,,,,,,,,,,,,,,,,,,,0.241,-37.251,-0.016,-16.906,-21.462,-47.141,-15.157,-61.293,19.345,-46.015,11.353,-63.4,44.083,-99.748,0,-109.86,-40.822,-90.57,,,,"",,,,"",,,,"",,,,"",,,,"",,,,"",,,,"",,,,"",,,,4596.006,0.155,-37.889,,,,,,,,,,,,,,,,,,,,,,,,,,,,,,,,,,,,,,,,,,,,,,,,,,,,"",0,0,"",,,,0,""
206,,7,0,6,6,2,1,1,0,0,0,255,255,255,83,4610.184,"Kr_Luna",L,6,58,92,-1.277,-0.032,-0.113,1.919,0.224,1.601,-36.786,74.834,100,0,0,0,"",-328.134,0,0,0,0,3,"=","=","=","=","=","=","","","",5,R,"HANA_ARASHI",179.2,88,0.25,,66,W,Y,1,,,,,,,,,,,,,,,,,,,,,,,,,,,,,0,0,,,,,,,,,,,,,,,,,,,,,,,,,,,,,,,,,,,,,,0.33,-37.248,-0.023,-16.9,-21.261,-46.914,-15.131,-61.341,19.356,-46.022,11.359,-63.486,40.124,-98.076,0,-109.86,-40.822,-90.57,,,,"",,,,"",,,,"",,,,"",,,,"",,,,"",,,,"",,,,"",,,,4615.402,0.031,-37.872,,,,,,,,,,,,,,,,,,,,,,,,,,,,,,,,,,,,,,,,,,,,,,,,,,,,"",0,0,"",,,,0,""
207,,7,0,6,6,2,2,1,0,0,0,255,255,255,84,4627.952,"Kr_Luna",L,38,53,96,-0.617,-0.884,-0.284,1.485,-0.26,1.108,-36.786,37.966,100,0,0,0,"",0,0,0,-0.064,-15.655,3,"=","=","=","=","=","=","","","",5,R,"HANA_ARASHI",179.2,88,0.25,,66,W,Y,1,,,,,,,,,,,,,,,,,,,,,,,,,,,,,0,0,,,,,,,,,,,,,,,4634.35,3,,706,0,,,,,,,,,,,,,,,,,,,0.155,-37.277,-0.018,-16.899,-21.942,-46.336,-15.832,-60.601,19.504,-46.136,11.343,-63.49,43.138,-101.059,0,-109.86,-40.815,-90.564,,,,"",,,,"",,,,"",,,,"",,,,"",,,,"",,,,"",,,,"",,,,4635.414,0.288,-37.91,,,,,,,,,,,,,,,,,,,,,,,,,,,,,,,,,,,,,,,,,,,,,,,,,,,,"",0,0,"",,,,0,""
208,,7,0,6,6,0,0,2,0,0,0,255,255,255,85,4651.145,"Kr_Luna",L,6,44,80,-0.161,0.833,0.128,1.999,0.926,2.112,-36.786,52.699,100,0,0,2,"",-350.143,0,0,0,0,4,"=","=","=","=","=","=","","","",0,R,"소솨소솨",190,90.013,0.501,5,67,W,Y,1,4652.57,139,71,57,70,59,,136,131,33.814,-8.628,-0.014,1.375,-20.731,0.57,0,0.531,529.675,257.547,36.966,4658.81,10.998,-141.848,4662.227,7,11.515,0.059,-136.588,0,0,,4666.766,4671.855,4677.278,4661.374,,,,,,,,,,,,,,,,,,,,,,,,,,,,,,,,,0.348,-37.446,-0.019,-16.901,-21.281,-46.37,-15.977,-60.251,19.554,-46.177,9.314,-63.95,43.982,-104.638,0,-109.86,-40.822,-90.57,0.261,-38.153,,"Fresh825",-0.012,-17.268,,"kneesohime",-21.181,-46.193,,"YukihiroD",-15.976,-60.248,68,"紅さかな",19.52,-46.151,,"CoalCat",9.373,-63.872,,"MODECO",40.724,-100.545,,"AI",0,-109.84,,"AI",-40.8,-90.55,,4670.654,0.242,-38.717,,,,,,,4667.747,-0.087,-58.369,,,,,,,,,,,,,,,,,,,,,,,,,4669.549,-0.159,-55.183,,,,,,,,,,,,,,,,"",4,0,"AI",4671.855,4677.278,4682.344,18,""
209,,7,0,6,7,0,0,2,0,0,0,255,255,255,86,4703.576,"Kr_Luna",L,26,68,107,-1.232,-0.478,-0.441,1.482,-0.437,1.093,-36.786,43.064,100,0,0,0,"",-44.168,-200,0,0,0,5,"=","=","=","=","=","=","","","",1,R,"ddil_ddil69",176.4,89.974,0.546,,67,W,Y,0,,,,,,,,,,,,,,,,,,,,,,,,,,,,,0,0,,,,,,,,,,,,,,,,,,,,,,,,,,,,,,,,,,,,,,0.154,-37.208,-0.001,-16.931,-20.476,-47.778,-14.721,-60.445,20.692,-45.31,11.04,-63.848,36.729,-92.84,0,-109.89,-40.852,-90.598,,,,"",,,,"",,,,"",,,,"",,,,"",,,,"",,,,"",,,,"",,,,4708.399,0.257,-37.584,,,,,,,,,,,,,,,,,,,,,,,,,,,,,,,,,,,,,,,,,,,,,,,,,,,,"",0,0,"",,,,0,""
210,,7,0,6,7,0,1,2,0,0,0,255,255,255,87,4721.373,"Kr_Luna",L,10,64,108,-0.963,-2.216,-0.288,1.708,-0.411,0.903,-36.786,42.239,100,0,0,4,"",0,400,0,0.262,-20.321,5,"=","=","=","=","=","=","","","",1,R,"ddil_ddil69",176.4,89.974,0.546,,67,W,Y,1,,,,,,,,,,,,,,,,,,,,,,,,,,,,,0,0,,,,,,,,,,,,,,,,,,,,,,,,,,,,,,,,,,,,,,0.179,-37.22,-0.022,-16.919,-20.522,-45.843,-13.428,-61.315,20.647,-45.387,11.022,-63.931,37.447,-94.275,0,-109.86,-40.815,-90.564,,,,"",,,,"",,,,"",,,,"",,,,"",,,,"",,,,"",,,,"",,,,4728.751,0.316,-37.5,,,,,,,,,,,,,,,,,,,,,,,,,,,,,,,,,,,,,,,,,,,,,,,,,,,,"",0,0,"",,,,0,""
211,,7,0,6,7,0,2,2,0,0,0,255,255,255,88,4743.247,"Kr_Luna",L,0,71,110,-0.98,-1.58,-0.334,1.311,-0.417,0.697,-36.786,29.274,70,30,0,1,"",0,0,0,-0.149,-17.043,5,"=","=","=","=","=","=","","","",1,R,"ddil_ddil69",176.4,89.974,0.546,,39,W,Y,0,,,,,,,,,,,,,,,,,,,,,,,,,,,,,0,0,,,,,,,,,,,,,,,,,,,,,,,,,,,,,,,,,,,,,,0.189,-37.309,-0.097,-16.865,-19.908,-44.809,-13.483,-61.43,20.108,-45.664,11.052,-63.906,37.788,-96.537,0,-109.86,-40.822,-90.57,,,,"",,,,"",,,,"",,,,"",,,,"",,,,"",,,,"",,,,"",,,,4748.198,0.217,-37.554,,,,,,,,,,,,,,,,,,,,,,,,,,,,,,,,,,,,,,,,,,,,,,,,,,,,"",0,0,"",,,,0,""
212,,7,0,6,7,1,2,2,0,0,0,255,255,255,89,4761.287,"Kr_Luna",L,10,63,107,-0.666,-1.268,-0.36,1.868,-0.28,1.462,-36.786,52.995,93,7,0,2,"",0,400,0,0,0,5,"=","=","=","=","=","=","","","",1,R,"ddil_ddil69",176.4,89.974,0.546,3,39,W,Y,1,4762.57,179,106,117,88,85,,145,82,90.304,-89.776,-0.158,0.742,-21.655,1,0,0.704,-47.139,230.251,48.043,,,,,,,,,0,0,,,,,,,,,,,,,,,,,,,,,,,,,,,,,,,,,,,,,,0.136,-37.194,-0.095,-16.891,-20.594,-46.679,-13.694,-61.359,20.206,-45.607,11.039,-63.93,39.486,-97.701,0,-109.86,-40.815,-90.564,0.217,-37.96,,"Fresh825",-0.099,-17.403,,"kneesohime",-20.347,-46.799,,"YukihiroD",-13.696,-61.347,,"紅さかな",20.066,-45.633,,"CoalCat",11.05,-63.726,,"MODECO",39.486,-97.7,,"AI",0,-109.84,,"AI",-40.8,-90.55,,,,,,,,,,,,,,,,,,,,,,,,,,,,,,,,,,,,,,,,,,,,,,,,,,,,,,,,"",3,0,"",,,,0,""
213,,7,0,6,7,1,2,2,0,0,0,255,255,255,90,4784.202,"Kr_Luna",L,28,82,133,0.248,0.952,-0.196,2.034,0.196,2.063,-36.786,65.601,83,14,3,0,"",-55.217,-79.015,0,0,0,5,"=","=","=","=","=","=","","","",1,R,"ddil_ddil69",176.4,89.974,0.546,,39,W,Y,1,,,,,,,,,,,,,,,,,,,,,,,,,,,,,0,0,,,,,,,,,,,,,,,4787.086,5,,578,0,,,,,,,,,,,,,,,,,,,0.291,-37.144,-0.097,-16.874,-19.919,-44.579,-14.918,-61.633,20.045,-45.73,11.29,-63.914,39.549,-97.396,0,-109.86,-40.822,-90.57,,,,"",,,,"",,,,"",,,,"",,,,"",,,,"",,,,"",,,,"",,,,,,,,,,,,,,,,,,,,,,,,,,,,,,,,,,,,,,,,,,,,,,,,,,,,,,,,,,"",0,0,"",,,,0,""
214,SIDE,7,0,6,7,1,2,2,0,0,0,255,255,255,,4791.57,,,,,,,,,,,,,,,,,,,,,,,,5,"=","=","=","=","=","=","","","",,,,,,,,,,,,,,,,,,,,,,,,,,,,,,,,,,,,,,,0,0,,,,,,,,,,,,,,,,,,,,,,,,,,,,,,,,,,,,,,,,,,,,,,,,,,,,,,,,,,,,,,,,,,,,,,,,,,,,,,,,,,,,,,,,,,,,,,,,,,,,,,,,,,,,,,,,,,,,,,,,,,,,,,,,,,,,,,,,,,,,,,,,,"",0,0,"",,,,0,""
215,,8,1,6,7,0,0,0,0,0,0,255,255,255,112,4876.113,"HANA_ARASHI",R,26,86,139,-0.027,1.039,0.361,1.949,-0.205,1.995,-36.853,33.321,76,24,0,2,"",127.08,-200,2.962,0,0,1,"CoalCat","YukihiroD","kneesohime","紅さかな","Kr_Luna","Fresh825","MODECO","","",3,R,"YukihiroD",174.3,80,0.398,5,67,W,Y,1,4877.187,214,80,118,54,8,,145,129,25.863,20.486,-0.006,1.263,-20.307,0.54,0,0.567,557.311,166.978,-146.706,4882.71,-47.368,-133.084,,,,,,0,0,,4882.704,4887.437,4893.803,4899.143,,,,,,,,,,,,,,,,,,,,,,,,,,,,,,,,,0.012,-37.63,-0.012,-16.631,-19.278,-45.633,-17.88,-61.679,21.303,-47.113,10.906,-65.771,40.915,-90.664,0,-109.86,-40.815,-90.564,0.157,-37.242,,"ddil_ddil69",-0.01,-16.603,,"하루（Haru）",-19.28,-45.619,,"うよすま",-17.79,-61.5,,"aura_5599",21.311,-47.128,,"소솨소솨",11.178,-65.296,,"AI",40.9,-90.65,,"AI",0,-109.84,,"AI",-40.8,-90.55,,,,,,,,,,,,,,,,,,,,,,,,,,,,,,,,,,,,,,,,,,,,,,,,,,,,,,,,"",4,0,"",4887.437,4893.803,,0,""
216,,8,1,7,7,0,0,0,0,0,0,255,255,255,113,4912.957,"HANA_ARASHI",R,13,80,117,-1.017,-0.08,0.456,1.943,0.239,1.947,-36.853,37.755,64,36,0,0,"",-388.436,314.83,13.773,0,0,2,"=","=","=","=","=","=","=","","",2,R,"kneesohime",190,85,0.597,,67,W,Y,0,,,,,,,,,,,,,,,,,,,,,,,,,,,,,0,0,,,,,,,,,,,,,,,,,,,,,,,,,,,,,,,,,,,,,,0.087,-37.753,-0.02,-16.81,-19.793,-45.609,-17.349,-61.835,20.085,-49.088,11.477,-67.498,40.907,-90.657,0,-109.85,-40.807,-90.557,,,,"",,,,"",,,,"",,,,"",,,,"",,,,"",,,,"",,,,"",,,,,,,,,,,,,,,,,,,,,,,,,,,,,,,,,,,,,,,,,,,,,,,,,,,,,,,,,,"",0,0,"",,,,0,""
217,,8,1,7,7,0,1,0,0,0,0,255,255,255,114,4925.143,"HANA_ARASHI",R,26,95,140,-1.387,0.336,0.295,1.847,-0.513,1.635,-36.853,18.745,57,43,0,0,"",-75.8,-200,33.456,0,0,2,"=","=","=","=","=","=","=","","",2,R,"kneesohime",190,85,0.597,,67,W,Y,0,,,,,,,,,,,,,,,,,,,,,,,,,,,,,0,0,,,,,,,,,,,,,,,,,,,,,,,,,,,,,,,,,,,,,,0.092,-37.736,-0.078,-16.809,-20.46,-46.074,-17.399,-61.795,20.03,-48.263,11.898,-65.217,40.907,-90.657,0,-109.85,-40.807,-90.557,,,,"",,,,"",,,,"",,,,"",,,,"",,,,"",,,,"",,,,"",,,,,,,,,,,,,,,,,,,,,,,,,,,,,,,,,,,,,,,,,,,,,,,,,,,,,,,,,,"",0,0,"",,,,0,""
218,,8,1,7,7,0,2,0,0,0,0,255,255,255,115,4937.401,"HANA_ARASHI",R,13,89,112,-5.152,-1.916,0.31,1.699,-1.517,0.82,-36.853,29.835,30,70,0,1,"",-390.434,312.348,10.234,-1.107,-19.112,2,"=","=","=","=","=","=","=","","",2,R,"kneesohime",190,85,0.597,,67,W,Y,0,,,,,,,,,,,,,,,,,,,,,,,,,,,,,0,0,,,,,,,,,,,,,,,,,,,,,,,,,,,,,,,,,,,,,,-0.064,-37.888,0.082,-16.8,-19.574,-44.886,-18.021,-61.781,20.356,-48.226,11.831,-65.231,40.907,-90.657,0,-109.85,-40.807,-90.557,,,,"",,,,"",,,,"",,,,"",,,,"",,,,"",,,,"",,,,"",,,,,,,,,,,,,,,,,,,,,,,,,,,,,,,,,,,,,,,,,,,,,,,,,,,,,,,,,,"",0,0,"",,,,0,""
219,,8,1,7,7,1,2,0,0,0,0,255,255,255,116,4978.441,"HANA_ARASHI",R,32,84,137,3.739,1.645,0.673,2.098,1.249,2.449,-36.853,60.942,82,18,0,1,"",250,-200,-6.929,0,0,2,"=","=","=","=","=","=","=","","",2,R,"kneesohime",190,85,0.597,,67,W,Y,0,,,,,,,,,,,,,,,,,,,,,,,,,,,,,0,0,,,,,,,,,,,,,,,,,,,,,,,,,,,,,,,,,,,,,,0.091,-38.066,0.017,-16.799,-19.466,-45.601,-17.942,-61.613,20.737,-48.714,11.481,-65.638,40.937,-90.684,0,-109.88,-40.837,-90.584,,,,"",,,,"",,,,"",,,,"",,,,"",,,,"",,,,"",,,,"",,,,,,,,,,,,,,,,,,,,,,,,,,,,,,,,,,,,,,,,,,,,,,,,,,,,,,,,,,"",0,0,"",,,,0,""
220,,8,1,7,7,2,2,0,0,0,0,255,255,255,117,4993.623,"HANA_ARASHI",R,10,79,118,0.225,0.321,0.433,2.048,0.132,2.288,-36.853,38.824,85,15,0,2,"",-26.622,400,-23.503,0,0,2,"=","=","=","=","=","=","=","","",2,R,"kneesohime",190,85,0.597,3,67,W,Y,1,4994.832,255,122,81,80,49,,145,113,25.218,37.711,0.022,1.091,-20.019,0.12,0,0.187,194.635,464.299,-11.678,4999.46,-71.456,-93.805,5001.227,8,-68.01,0.063,-90.795,1,0,,5000.772,5005.445,,,,,,,,,,,,,,,,,,,,,,,,,,,,,,,,,,,0.079,-37.697,0.123,-16.846,-19.417,-45.227,-18.187,-61.756,20.7,-51.069,11.292,-65.32,40.907,-90.657,0,-109.85,-40.807,-90.557,0.256,-37.051,,"ddil_ddil69",0.078,-16.899,,"하루（Haru）",-19.418,-45.209,,"うよすま",-18.054,-61.612,,"aura_5599",21.3,-50.576,,"소솨소솨",11.358,-65.235,80,"AI",40.9,-90.65,,"AI",0,-109.84,,"AI",-40.8,-90.55,,5010.301,-2.987,-38.543,,,,,,,,,,,,,5006.371,-0.733,-59.779,,,,,,,,,,,,,,,,,,,,,,,,,5009.042,-0.26,-57.656,,,,,,,,,,"",2,0,"AI",5005.445,,,24,""
221,,8,1,7,7,0,0,0,0,1,0,255,2,255,118,5023.437,"HANA_ARASHI",R,26,85,138,-1.187,-0.582,0.287,1.687,-0.549,1.064,-36.853,16.26,51,49,0,0,"",15.371,-200,13.594,0,0,3,"=","=","=","=","=","=","=","","",4,R,"紅さかな",172.6,86,0.399,,67,W,Y,1,,,,,,,,,,,,,,,,,,,,,,,,,,,,,0,0,,,,,,,,,5026.772,,,,,,,,,,,,,,,,,,,,,,,,,,,,,0.085,-37.707,-0.196,-17.656,-19.174,-45.423,-16.632,-61.905,22.216,-50.583,6.173,-66.097,40.915,-90.664,0,-109.85,-40.815,-90.564,,,,"",,,,"",,,,"",,,,"",,,,"",,,,"",,,,"",,,,"",,,,5033.636,0.371,-37.882,,,,,,,,,,,,,,,,,,,,,,,,,,,,,,,,,,,,,,,,,,,,,,,,,,,,"",0,0,"",,5026.772,,0,""
222,,8,1,7,7,0,1,0,0,0,1,255,255,2,119,5042.29,"HANA_ARASHI",R,13,88,126,-7.18,-2.745,0.076,1.641,-2.509,0.419,-36.853,6.482,27,73,0,1,"",-385.265,318.702,29.225,-1.333,-20.389,3,"=","=","=","=","=","=","=","","",4,R,"紅さかな",172.6,86,0.399,,67,W,Y,0,,,,,,,,,,,,,,,,,,,,,,,,,,,,,0,0,,,,,,,,,,,,,,5042.511,,,,,,,,,,,,,,,,,,,,,,,,0.083,-37.62,-0.023,-17.354,-19.954,-45.738,-18.051,-61.587,19.246,-40.723,10.903,-65.836,40.907,-90.657,0,-109.85,-40.807,-90.557,,,,"",,,,"",,,,"",,,,"",,,,"",,,,"",,,,"",,,,"",,,,5052.32,-0.418,-37.182,,,,,,,,,,,,,,,,,,,,,,,,,,,,,,,,,,,,,,,,,,,,,,,,,,,,"",0,0,"",,5044.424,,0,""
223,,8,1,7,7,1,1,0,0,0,1,255,255,2,120,5061.737,"HANA_ARASHI",R,13,88,126,-2.995,-1.01,0.234,1.806,-0.793,1.488,-36.853,16.614,26,74,0,4,"",-321.438,382.985,7.121,-0.844,-16.859,3,"=","=","=","=","=","=","=","","",4,R,"紅さかな",172.6,86,0.399,,91,W,Y,1,,,,,,,,,,,,,,,,,,,,,,,,,,,,,0,0,,,,,,,,,,,,,,,,,,,,,,,,,,,,,,,,,,,,,,-0.054,-37.358,-0.323,-16.811,-19.234,-44.218,-16.786,-61.875,21.108,-43.803,10.502,-65.727,40.907,-90.657,0,-109.85,-40.807,-90.557,,,,"",,,,"",,,,"",,,,"",,,,"",,,,"",,,,"",,,,"",,,,5067.43,-0.212,-37.478,,,,,,,,,,,,,,,,,,,,,,,,,,,,,,,,,,,,,,,,,,,,,,,,,,,,"",0,0,"",,5064.583,,0,""
224,,8,1,7,7,1,2,0,0,0,1,255,255,2,121,5075.652,"HANA_ARASHI",R,26,86,139,0.632,0.934,0.437,1.831,0.15,1.933,-36.853,25.151,54,46,0,0,"",78.74,-200,0.003,0,0,3,"=","=","=","=","=","=","=","","",4,R,"紅さかな",172.6,86,0.399,,91,W,Y,1,,,,,,,,,,,,,,,,,,,,,,,,,,,,,0,0,,,,,,,,,,,,,,5075.821,5078.333,3,,578,0,,,,,,,,,,,,,,,,,,,0.074,-37.506,0.109,-16.395,-19.275,-44.19,-17.106,-62.193,19.93,-42.534,10.087,-65.697,40.907,-90.657,0,-109.85,-40.807,-90.557,,,,"",,,,"",,,,"",,,,"",,,,"",,,,"",,,,"",,,,"",,,,5081.737,-0.033,-37.388,,,,,,,,,,,,,,,,,,,,,,,,,,,,,,,,,,,,,,,,,,,,,,,,,,,,"",0,0,"",,5078.382,,0,""
225,,8,1,7,7,0,0,1,0,0,1,255,255,2,122,5094.443,"HANA_ARASHI",R,10,81,121,1.587,-0.008,0.541,2.08,0.636,2.067,-36.853,42.249,90,10,0,1,"",23.041,400,-15.399,0.222,-14.594,4,"=","=","=","=","=","=","=","","",0,L,"Kr_Luna",190,95.432,0.498,,67,W,Y,0,,,,,,,,,,,,,,,,,,,,,,,,,,,,,0,0,,,,,,,,,,,,,,5096.813,,,,,,,,,,,,,,,,,,,,,,,,0.049,-38.019,-0.028,-17.11,-18.799,-44.183,-7.967,-66.345,20.839,-46.436,13.606,-64.24,40.915,-90.664,0,-109.85,-40.815,-90.564,,,,"",,,,"",,,,"",,,,"",,,,"",,,,"",,,,"",,,,"",,,,5107.44,-0.46,-30.906,,,,,,,,,,,,,,,,,,,,,,,,,,,,,,,,,,,,,,,,,,,,,,,,,,,,"",0,0,"",,5099.615,,0,""
226,,8,1,7,7,1,0,1,0,0,1,255,255,2,123,5119.2,"HANA_ARASHI",R,13,75,113,-0.735,-0.682,0.461,1.958,0.262,1.672,-36.853,36.118,70,30,0,2,"",-322.179,382.362,-5.237,0,0,4,"=","=","=","=","=","=","=","","",0,L,"Kr_Luna",190,95.432,0.498,5,67,W,Y,0,5120.094,153,74,127,63,33,,145,109,13.691,-45.421,-0.152,0.724,-20.191,-0.04,0,0.137,287.564,-467.688,195.538,5124.768,61.806,-71.43,5126.26,6,62.564,0.059,-71.711,0,0,,,,,,,,,,,,,,5141.082,,,,,,,,,,,,,,,,,,,,,,,,-0.007,-37.517,0.025,-17.438,-19.182,-44.624,-8.945,-65.57,21.261,-47.245,13.531,-63.933,40.915,-90.664,0,-109.85,-40.815,-90.564,0.087,-36.95,,"ddil_ddil69",0.071,-17.511,,"하루（Haru）",-19.188,-44.635,,"うよすま",-8.829,-65.482,,"aura_5599",20.909,-47.031,,"소솨소솨",13.534,-63.948,,"AI",40.9,-90.65,,"AI",0,-109.84,,"AI",-40.8,-90.55,,,,,,,,,,,,,,,,,,,,,,,,,,,,,,,,,,,,,,,,,,,,,,,,,,,,,,,,"",3,0,"AI",,5124.227,,0,""
227,,8,1,7,7,1,1,1,0,0,1,255,255,2,124,5141.199,"HANA_ARASHI",R,10,90,128,-3.021,-0.961,0.37,1.742,-0.162,0.971,-36.853,27.031,46,54,0,2,"",0,400,13.796,0,0,4,"=","=","=","=","=","=","=","","",0,L,"Kr_Luna",190,95.432,0.498,0,67,W,Y,0,5142.013,147,101,109,80,38,,145,122,0.33,-14.789,-0.068,0.354,-20.299,0.85,0,0.104,147.171,-167.532,39.319,5142.018,3.715,-34.378,5143.543,5,10.996,0.059,-60.935,0,0,,5147.6,,,,,,,,,5146.568,,,,5146.659,4,,147,16,,,,,,,,,,,,,,,,,,,0.017,-37.431,0.016,-17.622,-20.215,-44.31,-9.859,-65.805,20.344,-44.287,14.762,-63.279,40.908,-90.657,0,-109.85,-40.807,-90.557,-0.173,-36.976,,"ddil_ddil69",0.108,-17.708,108,"하루（Haru）",-20.203,-44.299,120,"うよすま",-9.783,-65.738,,"aura_5599",20.367,-44.396,,"소솨소솨",14.491,-63.373,114,"AI",40.9,-90.65,,"AI",0,-109.84,,"AI",-40.807,-90.557,,5153.441,2.141,-35.103,5147.887,0.224,-20.631,5146.018,-18.364,-40.369,,,,,,,5143.79,11.173,-61.729,,,,,,,,,,,,,5152.598,0.145,-21.045,5146.719,-16.268,-37.654,,,,,,,5144.627,7.852,-58.249,,,,,,,,,,"",2,0,"소솨소솨",,,5146.568,58,""
228,,8,1,8,7,0,0,2,0,0,0,255,255,255,125,5167.98,"HANA_ARASHI",R,10,76,117,-0.661,0.917,0.341,2.267,-0.297,2.671,-36.853,52.329,79,21,0,0,"",0,400,10.241,-0.34,-12.776,5,"=","=","=","=","=","=","=","","",1,L,"Fresh825",190,80,0.2,,67,W,Y,0,,,,,,,,,,,,,,,,,,,,,,,,,,,,,0,0,,,,,,,,,,,,,,,,,,,,,,,,,,,,,,,,,,,,,,0.088,-37.894,0.057,-17.399,-19.689,-44.422,-13.693,-64.759,24.502,-50.959,13.181,-64.328,40.915,-90.664,0,-109.86,-40.815,-90.564,,,,"",,,,"",,,,"",,,,"",,,,"",,,,"",,,,"",,,,"",,,,5176.021,0.011,-37.662,,,,,,,,,,,,,,,,,,,,,,,,,,,,,,,,,,,,,,,,,,,,,,,,,,,,"",0,0,"",,,,0,""
229,,8,1,8,7,0,1,2,0,0,0,255,255,255,126,5183.549,"HANA_ARASHI",R,26,95,140,1.801,-0.128,0.585,1.856,0.837,1.34,-36.853,28.703,40,60,0,2,"BA+",-50.147,-200,10.663,0,0,5,"=","=","=","=","=","=","=","","",1,L,"Fresh825",190,80,0.2,5,67,W,Y,1,5184.615,218,131,123,133,61,,145,131,-15.235,-20.526,0.369,0.968,-20.142,0.66,0,0.146,412.76,-256.856,-102.296,5184.385,1.528,-23.226,5186.035,5,15.523,0.183,-60.316,0,0,,5189.918,,,,,,,,,,,,,5189.738,5,,147,16,,,,,,,,,,,,,,,,,,,0.159,-37.565,0.018,-17.445,-19.023,-45.297,-14.274,-64.093,24.134,-49.944,13.345,-64.207,40.907,-90.657,0,-109.85,-40.807,-90.557,0.328,-37.111,,"ddil_ddil69",0.282,-17.538,,"하루（Haru）",-18.978,-45.288,119,"うよすま",-14.185,-63.957,,"aura_5599",24.141,-49.877,,"소솨소솨",13.351,-64.159,98,"AI",40.9,-90.65,,"AI",0,-109.84,,"AI",-40.8,-90.55,,,,,,,,5189.093,-18.445,-39.784,,,,,,,5186.327,15.721,-61.202,,,,,,,,,,,,,,,,5191.468,-16.148,-37.87,,,,,,,5187.347,12.181,-58.218,,,,,,,,,,"",2,0,"소솨소솨",,,,18,""
230,SIDE,8,1,8,7,0,0,2,0,0,0,255,255,255,,5192.187,,,,,,,,,,,,,,,,,,,,,,,,6,"=","=","=","=","=","=","=","","",,,,,,,,,,,,,,,,,,,,,,,,,,,,,,,,,,,,,,,0,0,,,,,,,,,,,,,,,,,,,,,,,,,,,,,,,,,,,,,,,,,,,,,,,,,,,,,,,,,,,,,,,,,,,,,,,,,,,,,,,,,,,,,,,,,,,,,,,,,,,,,,,,,,,,,,,,,,,,,,,,,,,,,,,,,,,,,,,,,,,,,,,,,"",0,0,"",,,,0,""
231,,8,0,8,7,0,0,0,0,0,0,255,255,255,91,5239.199,"Kr_Luna",L,27,89,140,-0.347,-0.362,-0.306,1.625,-0.028,1.276,-36.786,40.396,91,7,1,2,"",-82.161,-117.672,0,0,0,0,"うよすま","하루（Haru）","aura_5599","HANA_ARASHI","소솨소솨","ddil_ddil69","","","",3,R,"うよすま",160,85.375,0.502,3,67,W,Y,1,5240.217,255,133,151,102,13,,145,76,17.25,19.141,-0.058,0.705,-19.684,-1,0,0.41,59.537,-372.503,-45.741,,,,5242.568,3,-11.576,2.128,-59.344,0,0,,,,,,,,,,,,,,,5242.94,0,,452,0,,,,,,,,,,,,,,,,,,,0.24,-37.196,-0.037,-16.203,-19.871,-45.197,-15.709,-61.443,19.992,-45.038,10.484,-62.372,37.902,-89.438,0,-109.85,-40.815,-90.564,0.241,-38.014,,"Fresh825",-0.05,-16.586,,"kneesohime",-20.562,-46.093,,"YukihiroD",-15.71,-61.455,84,"紅さかな",19.948,-45.084,,"CoalCat",10.483,-62.221,,"MODECO",37.91,-89.448,,"AI",0,-109.84,,"AI",-40.8,-90.55,,5246.642,0.603,-38.381,,,,,,,5242.948,-11.983,-60.356,,,,,,,,,,,,,,,,,,,,,,,,,5245.277,-12.417,-59.493,,,,,,,,,,,,,,,,"",1,0,"YukihiroD",,,,18,""
232,,8,0,8,7,0,0,1,0,0,0,255,255,255,92,5263.622,"Kr_Luna",L,28,72,110,-0.741,0.411,-0.213,1.898,-0.189,1.775,-36.786,58.343,90,10,0,2,"",-67.273,-83.633,0,0,0,1,"=","=","=","=","=","=","","","",2,R,"하루（Haru）",190,85,0.397,3,67,W,Y,1,5264.835,176,194,136,139,70,,145,87,5.222,49.115,-0.137,1.192,-20.622,1,0.143,0.332,-397.798,-436.188,8.443,5265.551,-16.629,-35.742,5266.327,2,-22.397,0.103,-41.877,0,0,,,,,,,,,,,,,,,,,,,,,,,,,,,,,,,,,,,,,,0.327,-37.192,-0.039,-16.178,-20.713,-47.613,-13.687,-61.695,20.478,-46.312,12.058,-63.605,35.621,-96.439,0,-109.857,-40.821,-90.57,0.298,-38.094,,"Fresh825",-0.087,-16.456,,"kneesohime",-20.578,-47.605,73,"YukihiroD",-16.385,-60.899,,"紅さかな",20.535,-46.355,,"CoalCat",12.09,-63.494,,"MODECO",35.621,-96.441,,"AI",0,-109.84,,"AI",-40.8,-90.55,,5269.931,0.037,-38.316,,,,5266.684,-22.59,-42.243,,,,,,,,,,,,,,,,,,,,,,,,,5268.751,-18.497,-41.022,,,,,,,,,,,,,,,,,,,"",3,0,"kneesohime",,,,20,""
233,,8,0,8,7,0,1,1,0,0,0,255,255,255,93,5279.362,"Kr_Luna",L,0,82,119,0.37,0.095,-0.147,1.821,0.166,1.66,-36.786,48.004,91,9,0,2,"",0,0,0,0,0,1,"=","=","=","=","=","=","","","",2,R,"하루（Haru）",190,85,0.397,5,67,W,Y,1,5280.558,255,188,168,83,35,,145,131,-15.022,-37.801,0.074,1.019,-19.996,0.35,0.143,0.33,-299.34,512.752,68.742,5280.293,2.195,-22.749,5281.568,4,18.711,0.885,-44.316,0,0,,5286.691,,,,,,,,,,,,,5286.634,1,,147,8,,,,,,,,,,,,,,,,,,,0.376,-37.209,-0.061,-16.128,-20.723,-46.384,-17.507,-60.842,20.635,-44.252,11.364,-62.883,39.607,-97.591,0,-109.85,-40.807,-90.557,0.193,-38.068,,"Fresh825",-0.027,-16.129,,"kneesohime",-17.845,-42.126,83,"YukihiroD",-17.514,-60.843,,"紅さかな",20.296,-44.705,92,"CoalCat",11.437,-63.052,,"MODECO",39.364,-97.746,,"AI",0,-109.84,,"AI",-40.8,-90.55,,5288.642,-0.072,-37.94,,,,5286.052,-18.786,-39.426,,,,5281.982,19.002,-44.779,,,,,,,,,,,,,,,,,,,5287.652,-17.555,-40.04,,,,5284.683,7.151,-43.935,,,,,,,,,,,,,"",2,0,"紅さかな",,,,28,""
234,,8,0,8,7,0,0,2,0,0,0,255,255,255,94,5303.891,"Kr_Luna",L,6,69,109,2.682,0.067,0.163,2.008,1.688,1.928,-36.786,46.757,93,7,0,2,"",-430.776,247.006,-16.808,0,0,2,"=","=","=","=","=","=","","","",4,R,"aura_5599",190,89.523,0.398,0,37,W,Y,1,5305.011,225,174,115,86,49,,145,99,-7.568,35.629,0.364,0.997,-20.291,-0.65,0,0.321,-382.719,-25.055,393.07,5304.993,-3.543,-25.75,5306.077,2,-15.76,0.061,-41.371,0,0,,,,,,,,,,,,,,,5307.619,2,,147,0,,,,,,,,,,,5307.501,2,,,,,,,0.293,-37.218,-0.072,-16.122,-18.432,-43.201,-15.595,-60.537,20.236,-45.668,11.596,-63.468,40.777,-90.228,0,-109.86,-40.815,-90.564,0.249,-38.148,,"Fresh825",-0.056,-16.125,,"kneesohime",-18.347,-43.228,85,"YukihiroD",-15.762,-60.527,,"紅さかな",20.189,-45.643,,"CoalCat",11.71,-63.34,,"MODECO",40.435,-89.84,,"AI",0,-109.84,,"AI",-40.8,-90.55,,,,,,,,5306.463,-16.15,-41.797,,,,,,,,,,,,,,,,,,,,,,,,,5309.663,-17.897,-39.82,,,,,,,,,,,,,,,,,,,"",2,0,"kneesohime",,,,4,""
235,SIDE,8,0,8,7,0,0,2,0,0,0,255,255,255,,5309.81,,,,,,,,,,,,,,,,,,,,,,,,3,"=","=","=","=","=","=","","","",,,,,,,,,,,,,,,,,,,,,,,,,,,,,,,,,,,,,,,0,0,,,,,,,,,,,,,,,,,,,,,,,,,,,,,,,,,,,,,,,,,,,,,,,,,,,,,,,,,,,,,,,,,,,,,,,,,,,,,,,,,,,,,,,,,,,,,,,,,,,,,,,,,,,,,,,,,,,,,,,,,,,,,,,,,,,,,,,,,,,,,,,,,"",0,0,"",,,,0,""
236,END,9,1,8,7,0,0,0,0,0,0,255,255,255,,5316.184,,,,,,,,,,,,,,,,,,,,,,,,,,,,,,,,,,,,,,,,,,,,,,,,,,,,,,,,,,,,,,,,,,,,,,,,,,,,,,,,,,,,,,,,,,,,,,,,,,,,,,,,,,,,,,,,,,,,,,,,,,,,,,,,,,,,,,,,,,,,,,,,,,,,,,,,,,,,,,,,,,,,,,,,,,,,,,,,,,,,,,,,,,,,,,,,,,,,,,,,,,,,,,,,,,,,,,,,,,,,,,,,,,,"{""schemaVersion"":17,""gameTimeZeroUtc"":""2026-08-20T08:31:21.989Z"",""exportedAtUtc"":""2026-08-20T09:59:58.173Z"",""teamNameA"":""Red"",""teamNameB"":""Blue""}"
