id,type,inn,half,scoreA,scoreB,ball,strk,out,b1,b2,b3,b1Idx,b2Idx,b3Idx,pCnt,pSec,pName,pHand,pType,pPow,spdK,zoneX,zoneY,startX,startY,targetX,targetY,zDist,pitchAngle,pOver,pSide,pUnder,call,manual,sH,sV,gyro,plx,plz,bIdx,order1Name,order2Name,order3Name,order4Name,order5Name,order6Name,order7Name,order8Name,order9Name,bPos,bZone,bName,bHCm,batLen,batCen,batType,bFps,bOS,bVR,bSwing,hSec,rotS,rotL,shS,lgS,prepS,gripPen,batSpd,ev,ldeg,sdeg,launchPosX,launchPosY,launchPosZ,hPos,buntGrip,handDist,angVeloX,angVeloY,angVeloZ,ltSec,lx,lz,cSec,cPos,cx,cy,cz,1BSafe,tag,cpSec,bTo1Sec,bTo2Sec,bTo3Sec,bToHSec,r1To2Sec,r1To3Sec,r1ToHSec,r2To3Sec,r2ToHSec,r3ToHSec,r1LeaveSec,r2LeaveSec,r3LeaveSec,out1Sec,out1BatterIndex,out1PrevBase,out1Code,out1Ass,out2Sec,out2BatterIndex,out2PrevBase,out2Code,out2Ass,out3Sec,out3BatterIndex,out3PrevBase,out3Code,out3Ass,ball1Sec,ball1Pos,ball2Sec,ball2Pos,ball3Sec,ball3Pos,ballHSec,ballHPos,PitchPPosX,PitchPPosZ,PitchCPosX,PitchCPosZ,Pitch1BPosX,Pitch1BPosZ,Pitch2BPosX,Pitch2BPosZ,Pitch3BPosX,Pitch3BPosZ,PitchSSPosX,PitchSSPosZ,PitchLFPosX,PitchLFPosZ,PitchCFPosX,PitchCFPosZ,PitchRFPosX,PitchRFPosZ,PPosX,PPosY,PThrSpd,CName,CPosX,CPosY,CThrSpd,1BName,1BPosX,1BPosY,1BThrSpd,2BName,2BPosX,2BPosY,2BThrSpd,3BName,3BPosX,3BPosY,3BThrSpd,SSName,SSPosX,SSPosY,SSThrSpd,LFName,LFPosX,LFPosY,LFThrSpd,CFName,CFPosX,CFPosY,CFThrSpd,RFName,RFPosX,RFPosY,RFThrSpd,PGetSec,PGetX,PGetZ,CGetSec,CGetX,CGetZ,1BGetSec,1BGetX,1BGetZ,2BGetSec,2BGetX,2BGetZ,3BGetSec,3BGetX,3BGetZ,SSGetSec,SSGetX,SSGetZ,LFGetSec,LFGetX,LFGetZ,CFGetSec,CFGetX,CFGetZ,RFGetSec,RFGetX,RFGetZ,PThrSec,PThrX,PThrZ,CThrSec,CThrX,CThrZ,1BThrSec,1BThrX,1BThrZ,2BThrSec,2BThrX,2BThrZ,3BThrSec,3BThrX,3BThrZ,SSThrSec,SSThrX,SSThrZ,LFThrSec,LFThrX,LFThrZ,CFThrSec,CFThrX,CFThrZ,RFThrSec,RFThrX,RFThrZ,errPosDelta,result,swPreDeg,swTargetDeg,swApproachDeg,swCorr,swSource,swProximity,swVRawDeg,swVAdjustedDeg,swVMotionDeg,swVClosestDeg,swVYShrink,swGeometryDeg,balk,cPlr,sb2Sec,sb3Sec,sbhSec,ass,remarks
1,,1,1,0,0,0,0,0,0,0,0,255,255,255,0,356.285,"-라후이-",R,13,65,107,0.169,-0.772,1.004,1.358,0.69,1.542,-36.79,56.513,0,100,0,0,"",-379.786,312.348,-6.438,0,0,0,"편하비_","Pring__","임 재 천","aura_5599","CAT tourniquet","ByeolBam","소솨소솨","kneesohime","schmoneymikey",1,R,"편하비_",185.3,94.705,0.605,,70,W,Y,0,,,,,,,,,,,,,,,,,,,,,,,,,,,,,0,0,,,,,,,,,,,,,,,,,,,,,,,,,,,,,,,,,,,,,,0.343,-37.345,0.016,-17.541,-21.226,-44.555,-12.944,-62.033,23.64,-49.331,11.746,-63.84,48.236,-100.167,6.357,-103.999,-43.241,-93.787,,,,"",,,,"",,,,"",,,,"",,,,"",,,,"",,,,"",,,,"",,,,,,,,,,,,,,,,,,,,,,,,,,,,,,,,,,,,,,,,,,,,,,,,,,,,,,,,,,"",0,,,,,,,,,,,,,0,"",,,,0,""
2,,1,1,0,0,0,1,0,0,0,0,255,255,255,1,380.591,"-라후이-",R,13,49,95,-3.659,0.338,0.745,1.51,-0.805,2.361,-36.79,43.657,0,100,0,4,"",-344.353,301.693,-51.19,0,0,0,"=","=","=","=","=","=","=","=","=",1,R,"편하비_",185.3,94.705,0.605,,70,W,Y,1,,,,,,,,,,,,,,,,,,,,,,,,,,,,,0,0,,,,,,,,,,,,,,,,,,,,,,,,,,,,,,,,,,,,,,0.241,-37.293,0.011,-17.55,-23.045,-47.383,-13.064,-63.002,22.673,-49.956,11.381,-63.072,48.086,-100.223,-16.369,-112.588,-43.325,-93.615,,,,"",,,,"",,,,"",,,,"",,,,"",,,,"",,,,"",,,,"",,,,,,,,,,,,,,,,,,,,,,,,,,,,,,,,,,,,,,,,,,,,,,,,,,,,,,,,,,"",0,,,,,,,,,,,,,0,"",,,,0,""
3,,1,1,0,0,0,2,0,0,0,0,255,255,255,2,391.064,"-라후이-",R,32,82,133,0.63,-0.169,0.338,1.328,-0.079,1.323,-36.79,15.557,0,100,0,0,"",250,-200,45.777,0,0,0,"=","=","=","=","=","=","=","=","=",1,R,"편하비_",185.3,94.705,0.605,,70,W,Y,0,,,,,,,,,,,,,,,,,,,,,,,,,,,,,0,0,,,,,,,,,,,,,,,393.431,0,,578,0,,,,,,,,,,,,,,,,,,,0.289,-37.302,0.013,-17.549,-23.085,-47.395,-13.109,-62.91,22.667,-50.084,10.035,-63.105,48.087,-100.16,-16.348,-112.603,-43.315,-93.602,,,,"",,,,"",,,,"",,,,"",,,,"",,,,"",,,,"",,,,"",,,,,,,,,,,,,,,,,,,,,,,,,,,,,,,,,,,,,,,,,,,,,,,,,,,,,,,,,,"",0,,,,,,,,,,,,,0,"",,,,0,""
4,,1,1,0,0,0,0,1,0,0,0,255,255,255,3,407.02,"-라후이-",R,13,66,107,-0.923,-0.391,0.878,1.293,0.187,1.724,-36.79,45.571,0,100,0,2,"",-389.671,299.204,-26.928,0,0,1,"=","=","=","=","=","=","=","=","=",9,L,"Pring__",190,91.125,0.451,5,71,W,Y,1,408.55,245,85,115,72,34,,145,99,-64.22,34.773,-0.185,0.856,-20.287,-0.53,0,0.294,-298.724,-492.77,43.833,407.844,-0.404,-20.602,410.994,2,-16.021,2.132,-43.145,0,0,,414.41,,,,,,,,,,,,,413.477,1,,147,0,,,,,,,,,,,412.885,2,,,,,,,0.352,-37.532,0.025,-17.602,-23.111,-47.433,-13.235,-62.891,25.293,-50.278,13.901,-62.497,47.255,-103.45,-2.61,-114.398,-43.201,-93.896,0.062,-37.052,,"Kr_Luna",0.023,-17.609,,"Fresh825",-22.46,-47.891,76,"Riyaj",-13.159,-62.944,,"_Gosomi",25.306,-50.119,,"CoalCat",13.877,-62.344,,"하루（Haru）",45.941,-103.715,,"YukihiroD",-1.189,-114.867,,"ddil_ddil69",-43.251,-93.831,,417.984,-11.468,-34.195,,,,411.771,-16.11,-43.623,,,,,,,,,,,,,,,,,,,,,,,,,417.372,-18.125,-39.106,,,,,,,,,,,,,,,,,,,"",2,40.465,32.962,-6.675,0,0,1,-64.22,-64.22,-6.607,-64.22,0,138.782,0,"Fresh825",,,,4,""
5,,1,1,0,0,0,0,2,0,0,0,255,255,255,4,435.943,"-라후이-",R,32,60,114,1.223,0.541,0.844,1.426,0.115,1.854,-36.79,60.639,0,100,0,0,"",250,-102.915,-2.812,0,0,2,"=","=","=","=","=","=","=","=","=",8,R,"임 재 천",190,95,0.5,,72,W,Y,0,,,,,,,,,,,,,,,,,,,,,,,,,,,,,0,0,,,,,,,,,,,,,,,,,,,,,,,,,,,,,,,,,,,,,,0.185,-37.589,0.021,-17.597,-22.651,-48.544,-12.629,-63.522,23.445,-51.984,11.061,-63.921,46.678,-96.299,-14.638,-115.302,-44.065,-93.091,,,,"",,,,"",,,,"",,,,"",,,,"",,,,"",,,,"",,,,"",,,,439.88,0.141,-37.366,,,,,,,,,,,,,,,,,,,,,,,,,,,,,,,,,,,,,,,,,,,,,,,,,,,,"",0,,,,,,,,,,,,,0,"",,,,0,""
6,,1,1,0,0,0,1,2,0,0,0,255,255,255,5,446.939,"-라후이-",R,45,56,98,1.761,0.071,0.882,1.338,0.249,1.554,-36.79,64.332,0,100,0,1,"",222.727,-106.422,-8.832,0,0,2,"=","=","=","=","=","=","=","=","=",8,R,"임 재 천",190,95,0.5,,72,W,Y,0,,,,,,,,,,,,,,,,,,,,,,,,,,,,,0,0,,,,,,,,,,,,,,,,,,,,,,,,,,,,,,,,,,,,,,0.239,-37.481,0.016,-17.588,-23.36,-48.611,-12.712,-63.441,23.298,-52.163,11.067,-63.918,45.895,-99.832,-14.592,-115.341,-44.152,-93.106,,,,"",,,,"",,,,"",,,,"",,,,"",,,,"",,,,"",,,,"",,,,450.969,0.066,-36.969,,,,,,,,,,,,,,,,,,,,,,,,,,,,,,,,,,,,,,,,,,,,,,,,,,,,"",0,,,,,,,,,,,,,0,"",,,,0,""
7,,1,1,0,0,1,1,2,0,0,0,255,255,255,6,457.03,"-라후이-",R,0,66,106,-0.028,0.12,0.765,1.413,-0.036,1.709,-36.79,47.895,2,98,0,2,"",0,0,0,0,0,2,"=","=","=","=","=","=","=","=","=",8,R,"임 재 천",190,95,0.5,0,72,W,Y,1,458.206,255,44,113,43,36,,145,92,-27.788,-30.848,0.01,1.089,-20.762,-1,0,0.329,-36.819,229.229,-146.701,457.686,1.147,-22.675,459.602,4,16.685,0.105,-48.865,0,0,,,,,,,,,,,,,,,463.387,2,,147,32,,,,,,,,,,,,,,,,,,,0.214,-37.473,0,-17.596,-23.353,-48.612,-12.746,-63.433,23.516,-51.925,11.076,-63.937,45.92,-99.749,-14.609,-115.337,-44.158,-93.03,0.083,-36.737,,"Kr_Luna",0.015,-17.594,,"Fresh825",-23.353,-48.601,,"Riyaj",-12.634,-63.41,,"_Gosomi",23.5,-51.789,107,"CoalCat",11.028,-63.796,,"하루（Haru）",45.909,-99.765,,"YukihiroD",-14.606,-115.338,,"ddil_ddil69",-44.14,-93.042,,,,,,,,462.818,-18.936,-39.975,,,,460.297,17.776,-50.517,,,,,,,,,,,,,,,,,,,,,,,,,461.33,12.027,-49.39,,,,,,,,,,,,,"",2,,,,,,,,,,,,,0,"_Gosomi",,,,36,""
8,SIDE,1,1,0,0,0,0,2,0,0,0,255,255,255,,464.923,,,,,,,,,,,,,,,,,,,,,,,,3,"=","=","=","=","=","=","=","=","=",,,,,,,,,,,,,,,,,,,,,,,,,,,,,,,,,,,,,,,0,0,,,,,,,,,,,,,,,,,,,,,,,,,,,,,,,,,,,,,,,,,,,,,,,,,,,,,,,,,,,,,,,,,,,,,,,,,,,,,,,,,,,,,,,,,,,,,,,,,,,,,,,,,,,,,,,,,,,,,,,,,,,,,,,,,,,,,,,,,,,,,,,,,"",0,,,,,,,,,,,,,0,"",,,,0,""
9,,1,0,0,0,0,0,0,0,0,0,255,255,255,0,555.935,"Pugeuk",R,29,78,128,0.114,0.383,0.527,1.734,0.339,1.594,-36.636,27.325,88,12,0,0,"",-231.38,-172.324,9.323,0,0,0,"vovopo 보보포","Kr_Luna","Riyaj","ddil_ddil69","하루（Haru）","_Gosomi","YukihiroD","CoalCat","Fresh825",9,L,"vovopo 보보포",160,80,0.549,,74,W,Y,0,,,,,,,,,,,,,,,,,,,,,,,,,,,,,0,0,,,,,,,,,,,,,,,,,,,,,,,,,,,,,,,,,,,,,,0.19,-37.644,-0.036,-16.909,-19.853,-47.344,-13.465,-64.583,19.644,-47.117,14.945,-65.026,42.261,-101.843,3.266,-120.881,-36.581,-86.906,,,,"",,,,"",,,,"",,,,"",,,,"",,,,"",,,,"",,,,"",,,,,,,,,,,,,,,,,,,,,,,,,,,,,,,,,,,,,,,,,,,,,,,,,,,,,,,,,,"",0,,,,,,,,,,,,,0,"",,,,0,""
10,,1,0,0,0,0,1,0,0,0,0,255,255,255,1,573.543,"Pugeuk",R,6,77,103,-1.457,-0.263,-0.063,1.678,-1.606,1.469,-36.636,11.365,62,38,0,0,"",468.182,0,27.81,0,0,0,"=","=","=","=","=","=","=","=","=",9,L,"vovopo 보보포",160,80,0.549,,74,W,Y,0,,,,,,,,,,,,,,,,,,,,,,,,,,,,,0,0,,,,,,,,,,,,,,,,,,,,,,,,,,,,,,,,,,,,,,-0.043,-37.626,0.007,-16.979,-19.377,-47.602,-13.55,-64.581,17.778,-45.407,14.705,-65.25,58.328,-97.775,2.307,-120.232,-36.557,-86.804,,,,"",,,,"",,,,"",,,,"",,,,"",,,,"",,,,"",,,,"",,,,,,,,,,,,,,,,,,,,,,,,,,,,,,,,,,,,,,,,,,,,,,,,,,,,,,,,,,"",0,,,,,,,,,,,,,0,"",,,,0,""
11,,1,0,0,0,0,2,0,0,0,0,255,255,255,2,588.947,"Pugeuk",R,6,79,105,2.659,-0.732,0.52,1.582,0.202,1.222,-36.636,20.574,60,40,0,4,"",477.273,0,0,0,0,0,"=","=","=","=","=","=","=","=","=",9,L,"vovopo 보보포",160,80,0.549,,74,W,Y,1,,,,,,,,,,,,,,,,,,,,,,,,,,,,,0,0,,,,,,,,,,,,,,,591.846,0,,578,0,,,,,,,,,,,,,,,,,,,0.197,-37.541,-0.018,-16.916,-19.336,-47.585,-13.451,-64.377,19.204,-45.806,14.548,-65.646,58.224,-97.773,2.206,-120.263,-36.455,-86.979,,,,"",,,,"",,,,"",,,,"",,,,"",,,,"",,,,"",,,,"",,,,,,,,,,,,,,,,,,,,,,,,,,,,,,,,,,,,,,,,,,,,,,,,,,,,,,,,,,"",0,,,,,,,,,,,,,0,"",,,,0,""
12,,1,0,0,0,0,0,1,0,0,0,255,255,255,3,611.025,"Pugeuk",R,29,75,126,-2.722,1.563,0.27,1.793,-0.856,2.441,-36.636,22.82,90,10,0,1,"",-250,-155.319,6.83,0,0,1,"=","=","=","=","=","=","=","=","=",1,L,"Kr_Luna",190,95.432,0.498,,74,W,Y,0,,,,,,,,,,,,,,,,,,,,,,,,,,,,,0,0,,,,,,,,,,,,,,,,,,,,,,,,,,,,,,,,,,,,,,0.124,-37.928,-0.026,-16.91,-19.569,-47.771,-13.516,-64.241,19.388,-46.036,14.624,-62.894,58.167,-97.839,2.171,-120.131,-36.423,-87.038,,,,"",,,,"",,,,"",,,,"",,,,"",,,,"",,,,"",,,,"",,,,,,,,,,,,,,,,,,,,,,,,,,,,,,,,,,,,,,,,,,,,,,,,,,,,,,,,,,"",0,,,,,,,,,,,,,0,"",,,,0,""
13,,1,0,0,0,1,0,1,0,0,0,255,255,255,4,623.953,"Pugeuk",R,29,90,140,-1.231,0.649,0.41,1.613,-0.207,1.859,-36.636,27.104,63,37,0,0,"",-250,-189.599,2.661,0,0,1,"=","=","=","=","=","=","=","=","=",1,L,"Kr_Luna",190,95.432,0.498,,74,W,Y,0,,,,,,,,,,,,,,,,,,,,,,,,,,,,,0,0,,,,,,,,,,,,,,,,,,,,,,,,,,,,,,,,,,,,,,0.115,-37.909,-0.005,-17.095,-20.287,-48.839,-12.863,-64.982,19.978,-46.415,14.681,-65.169,58.258,-97.785,2.201,-120.306,-36.449,-87.099,,,,"",,,,"",,,,"",,,,"",,,,"",,,,"",,,,"",,,,"",,,,,,,,,,,,,,,,,,,,,,,,,,,,,,,,,,,,,,,,,,,,,,,,,,,,,,,,,,"",0,,,,,,,,,,,,,0,"",,,,0,""
14,,1,0,0,0,1,1,1,0,0,0,255,255,255,5,640.925,"Pugeuk",R,6,79,104,0.319,-0.684,0.184,1.548,-0.838,1.218,-36.636,19.333,66,34,0,0,"",472.507,15.278,28.627,0,0,1,"=","=","=","=","=","=","=","=","=",1,L,"Kr_Luna",190,95.432,0.498,,74,W,Y,0,,,,,,,,,,,,,,,,,,,,,,,,,,,,,0,0,,,,,,,,,,,,,,,,,,,,,,,,,,,,,,,,,,,,,,0.055,-37.857,-0.031,-16.958,-21.248,-50.81,-12.824,-64.979,20.783,-48.474,14.721,-63.589,58.193,-97.761,2.21,-120.267,-36.589,-86.97,,,,"",,,,"",,,,"",,,,"",,,,"",,,,"",,,,"",,,,"",,,,,,,,,,,,,,,,,,,,,,,,,,,,,,,,,,,,,,,,,,,,,,,,,,,,,,,,,,"",0,,,,,,,,,,,,,0,"",,,,0,""
15,,1,0,0,0,1,2,1,0,0,0,255,255,255,6,656.927,"Pugeuk",R,3,56,90,2.64,0.599,0.959,1.87,1.84,2.01,-36.636,64.437,82,18,0,1,"",-348.836,0,73.874,0,0,1,"=","=","=","=","=","=","=","=","=",1,L,"Kr_Luna",190,95.432,0.498,,74,W,Y,0,,,,,,,,,,,,,,,,,,,,,,,,,,,,,0,0,,,,,,,,,,,,,,,,,,,,,,,,,,,,,,,,,,,,,,0.295,-37.695,0.145,-17.124,-19.489,-48.787,-12.816,-64.992,20.07,-47.467,14.673,-63.494,58.227,-97.757,2.193,-120.289,-36.576,-86.934,,,,"",,,,"",,,,"",,,,"",,,,"",,,,"",,,,"",,,,"",,,,,,,,,,,,,,,,,,,,,,,,,,,,,,,,,,,,,,,,,,,,,,,,,,,,,,,,,,"",0,,,,,,,,,,,,,0,"",,,,0,""
16,,1,0,0,0,2,2,1,0,0,0,255,255,255,7,672.439,"Pugeuk",R,14,80,106,1.418,-0.848,0.422,1.697,-0.101,1.54,-36.636,31.166,92,8,0,0,"",362.028,329.936,18.145,0,0,1,"=","=","=","=","=","=","=","=","=",1,L,"Kr_Luna",190,95.432,0.498,,74,W,Y,0,,,,,,,,,,,,,,,,,,,,,,,,,,,,,0,0,,,,,,,,,,,,,,,675.011,1,,578,0,,,,,,,,,,,,,,,,,,,0.124,-37.383,0.02,-17.162,-19.549,-48.722,-12.823,-64.974,19.891,-46.972,14.668,-63.484,58.382,-97.641,2.219,-120.301,-36.536,-87.053,,,,"",,,,"",,,,"",,,,"",,,,"",,,,"",,,,"",,,,"",,,,,,,,,,,,,,,,,,,,,,,,,,,,,,,,,,,,,,,,,,,,,,,,,,,,,,,,,,"",0,,,,,,,,,,,,,0,"",,,,0,""
17,,1,0,0,0,0,0,2,0,0,0,255,255,255,8,692.421,"Pugeuk",R,26,90,140,-0.198,-1.477,0.472,1.254,0.082,0.584,-36.636,24.349,53,47,0,1,"",-156.42,-200,20.652,-0.18,-18.745,2,"=","=","=","=","=","=","=","=","=",3,R,"Riyaj",170,80,0.24,,75,W,Y,0,,,,,,,,,,,,,,,,,,,,,,,,,,,,,0,0,,,,,,,,,,,,,,,,,,,,,,,,,,,,,,,,,,,,,,0.256,-37.965,-0.051,-17.093,-19.524,-48.786,-13.443,-64.544,17.603,-48.212,12.062,-64.741,58.025,-97.521,2.204,-120.327,-36.506,-87.06,,,,"",,,,"",,,,"",,,,"",,,,"",,,,"",,,,"",,,,"",,,,,,,,,,,,,,,,,,,,,,,,,,,,,,,,,,,,,,,,,,,,,,,,,,,,,,,,,,"",0,,,,,,,,,,,,,0,"",,,,0,""
18,,1,0,0,0,1,0,2,0,0,0,255,255,255,9,708.433,"Pugeuk",R,14,76,102,1.643,-1.067,0.486,1.742,0.098,1.635,-36.636,30.916,92,8,0,4,"",294.754,385.95,0.471,0.545,-18.037,2,"=","=","=","=","=","=","=","=","=",3,R,"Riyaj",170,80,0.24,,75,W,Y,1,,,,,,,,,,,,,,,,,,,,,,,,,,,,,0,0,,,,,,,,,,,,,,,,,,,,,,,,,,,,,,,,,,,,,,0.142,-37.545,-0.05,-17.327,-20.93,-51.448,-13.473,-64.568,18.89,-47.841,10.851,-64.654,57.934,-97.472,2.219,-120.286,-36.509,-87.057,,,,"",,,,"",,,,"",,,,"",,,,"",,,,"",,,,"",,,,"",,,,,,,,,,,,,,,,,,,,,,,,,,,,,,,,,,,,,,,,,,,,,,,,,,,,,,,,,,"",0,,,,,,,,,,,,,0,"",,,,0,""
19,,1,0,0,0,1,1,2,0,0,0,255,255,255,10,726.016,"Pugeuk",R,2,42,79,35.894,-2.806,0.801,1.991,2.789,7.394,-36.636,108.566,67,33,0,1,"",-270.431,-328.954,52.491,-0.747,-4.82,2,"=","=","=","=","=","=","=","=","=",3,R,"Riyaj",170,80,0.24,,75,W,Y,0,,,,,,,,,,,,,,,,,,,,,,,,,,,,,0,0,,,,,,,,,,,,,,,,,,,,,,,,,,,,,,,,,,,,,,0.227,-37.383,-0.098,-17.083,-19.147,-48.407,-14.431,-63.841,18.556,-46.943,11.894,-67.085,58.159,-97.74,2.231,-120.252,-36.549,-87.036,,,,"",,,,"",,,,"",,,,"",,,,"",,,,"",,,,"",,,,"",,,,,,,,,,,,,,,,,,,,,,,,,,,,,,,,,,,,,,,,,,,,,,,,,,,,,,,,,,"",0,,,,,,,,,,,,,0,"",,,,0,""
20,,1,0,0,0,2,1,2,0,0,0,255,255,255,11,743.532,"Pugeuk",R,3,63,105,0.597,1.313,0.708,1.942,1.181,2.349,-36.636,65.259,89,11,0,2,"",-477.273,0,16.063,0,0,2,"=","=","=","=","=","=","=","=","=",3,R,"Riyaj",170,80,0.24,5,75,W,Y,1,744.556,233,122,86,77,43,,145,99,-33.478,-31.606,0.134,1.34,-20.735,-0.12,0,0.362,-325.472,255.447,-222.678,743.869,1.13,-22.361,749.452,6,38.533,0.06,-81.944,1,0,,749.954,,,,,,,,,,,,,,,,,,,,,,,,,,,,,,,,,,,,0.117,-37.624,-0.045,-16.966,-19.477,-48.062,-14.329,-63.97,19.181,-47.821,11.448,-64.976,58.18,-97.736,2.198,-120.278,-36.559,-87.05,-0.181,-37.118,,"편하비_",-0.046,-17.116,,"CAT tourniquet",-19.285,-48.202,,"ByeolBam",-14.334,-63.971,86,"aura_5599",19.181,-47.825,,"소솨소솨",11.37,-64.954,,"kneesohime",58.206,-97.692,99,"schmoneymikey",2.199,-120.282,,"임 재 천",-36.54,-87.059,,756.555,-0.122,-40.184,,,,,,,753.409,0.303,-59.21,,,,,,,750.189,38.772,-82.624,,,,,,,,,,,,,,,,755.504,-0.182,-57.418,,,,,,,751.648,33.258,-78.692,,,,,,,"",2,-27.59,-27.59,-4.681,0,0,1,-33.478,-33.478,-75.011,-33.478,0,-30.746,0,"kneesohime",,,,160,""
21,,1,0,0,0,0,0,2,1,0,0,13,255,255,12,770.988,"Pugeuk",R,29,88,140,-1.346,0.042,0.386,1.508,-0.321,1.507,-36.636,23.97,52,48,0,0,"",-233.865,-134.584,14.243,0,0,3,"=","=","=","=","=","=","=","=","=",8,R,"ddil_ddil69",176.7,89.974,0.546,,74,W,Y,1,,,,,,,,,,,,,,,,,,,,,,,,,,,,,0,0,,,,,,,,,,,,771.238,,,,,,,,,,,,,,,,,,,,,,,,,,0.061,-37.441,-0.132,-17.024,-21.826,-47.432,-13.104,-64.066,19.302,-48.574,12.468,-64.767,50.573,-93.441,2.336,-120.249,-36.455,-87.029,,,,"",,,,"",,,,"",,,,"",,,,"",,,,"",,,,"",,,,"",,,,776.025,-0.209,-38.038,,,,,,,,,,,,,,,,,,,,,,,,,,,,,,,,,,,,,,,,,,,,,,,,,,,,"",0,,,,,,,,,,,,,0,"",,,,0,""
22,,1,0,0,0,0,1,2,1,0,0,13,255,255,13,787.164,"Pugeuk",R,13,60,91,0.614,-0.621,0.779,1.823,1.007,1.823,-36.636,37.154,84,16,0,0,"",-322.996,312.348,5.581,0,0,3,"=","=","=","=","=","=","=","=","=",8,R,"ddil_ddil69",176.7,89.974,0.546,,37,W,Y,1,,,,,,,,,,,,,,,,,,,,,,,,,,,,,0,0,,,,,,,,,,,,787.387,,,,,,,,,,,,,,,,,,,,,,,,,,0.317,-37.572,-0.019,-16.885,-20.071,-46.236,-13.181,-64.049,19.783,-47.446,9.683,-64.906,52.78,-96.012,0.275,-118.898,-36.479,-87.049,,,,"",,,,"",,,,"",,,,"",,,,"",,,,"",,,,"",,,,"",,,,797.195,-0.567,-38.676,,,,,,,,,,,,,,,,,,,,,,,,,,,,,,,,,,,,,,,,,,,,,,,,,,,,"",0,,,,,,,,,,,,,0,"",,,,0,""
23,,1,0,0,0,0,2,2,1,0,0,13,255,255,14,809.443,"Pugeuk",R,14,77,103,-1.06,-1.313,0.18,1.628,-1.163,1.37,-36.636,22.334,93,7,0,2,"",343.935,339.24,13.082,0,0,3,"=","=","=","=","=","=","=","=","=",8,R,"ddil_ddil69",176.7,89.974,0.546,5,74,W,Y,1,810.757,185,52,115,78,53,,145,128,31.959,-31.506,-0.202,0.527,-20.471,0.7,0,0.324,356.878,225.884,302.543,816.277,55.68,-124.768,,,,,,0,0,,816.097,820.493,825.442,830.71,815.885,820.939,826.232,,,,,,,,,,,,,,,,,,,,,,,,,,,,,,-0.067,-37.382,-0.293,-16.944,-19.189,-46.69,-12.498,-63.835,19.452,-47.576,10.816,-65.386,52.711,-96.013,0.811,-120.6,-36.606,-87.021,0.254,-37.004,,"편하비_",-0.337,-17.252,,"CAT tourniquet",-19.177,-46.673,,"ByeolBam",-12.496,-63.853,,"aura_5599",19.012,-48.229,,"소솨소솨",10.738,-65.258,,"kneesohime",52.762,-95.979,,"schmoneymikey",1.834,-120.195,,"임 재 천",-36.534,-87.053,,,,,,,,,,,,,,,,,,,,,,,,,,,,,,,,,,,,,,,,,,,,,,,,,,,,,,,,"",4,-31.849,-31.849,-10.847,0,1,0.517,72.146,60.186,-6.775,85.583,0.059,-52.821,0,"",815.885,820.939,826.232,0,""
24,,1,0,0,2,0,0,2,0,0,0,255,255,255,15,848.026,"Pugeuk",R,29,87,140,-0.025,-0.692,0.502,1.575,0.22,1.036,-36.636,17.849,66,34,0,2,"",-207.746,-174.665,3.715,0,0,4,"=","=","=","=","=","=","=","=","=",6,L,"하루（Haru）",174.7,85,0.397,5,73,W,Y,1,849.141,255,244,130,94,32,,145,84,-0.897,27.74,-0.012,0.705,-20.301,1,0.143,0.292,-33.32,-531.25,-270.87,848.969,-4.985,-30.16,851.111,3,-17.641,0.055,-59.496,1,0,,854.535,,,,,,,,,,,,,,,,,,,,,,,,,,,,855.546,2,,,,,,,0.236,-37.68,-0.01,-16.962,-20.195,-47.611,-12.895,-64.316,20.398,-47.957,12.431,-64.708,56.753,-98.188,5.283,-119.498,-36.299,-86.904,0.378,-37.032,,"편하비_",-0.04,-17.114,,"CAT tourniquet",-20.351,-48.028,86,"ByeolBam",-12.899,-64.319,96,"aura_5599",20.278,-47.789,,"소솨소솨",15.083,-63.976,,"kneesohime",57.091,-97.828,,"schmoneymikey",5.464,-119.48,,"임 재 천",-36.297,-86.915,,863.22,-0.383,-38.373,,,,854.382,-18.863,-44.244,851.843,-18.039,-60.442,,,,,,,,,,,,,,,,,,,,,,862.155,-17.664,-39.586,853.79,-18.724,-51.34,,,,,,,,,,,,,,,,"",2,30.014,30.014,0.393,0,0,1,-0.897,-0.897,-6.262,-0.897,0,37.66,0,"ByeolBam",,,,48,""
25,,1,0,0,2,0,0,2,1,0,0,16,255,255,16,879.737,"Pugeuk",R,13,81,119,-0.682,-0.401,0.51,1.764,0.259,1.702,-36.636,34.107,85,15,0,0,"",-394.868,306.724,12.686,-0.31,-18.372,5,"=","=","=","=","=","=","=","=","=",4,R,"_Gosomi",175,85.368,0.454,,72,W,Y,1,,,,,,,,,,,,,,,,,,,,,,,,,,,,,0,0,,,,,,,,,,,,880.063,,,,,,,,,,,,,,,,,,,,,,,,,,0.139,-37.678,-0.106,-16.806,-20.145,-46.349,-14.384,-64.376,19.764,-47.132,12.138,-64.807,53.98,-95.432,2.278,-119.042,-36.469,-86.137,,,,"",,,,"",,,,"",,,,"",,,,"",,,,"",,,,"",,,,"",,,,886.758,-0.199,-37.45,,,,,,,,,,,,,,,,,,,,,,,,,,,,,,,,,,,,,,,,,,,,,,,,,,,,"",0,,,,,,,,,,,,,0,"",,,,0,""
26,,1,0,0,2,0,1,2,1,0,0,16,255,255,17,897.315,"Pugeuk",R,29,82,133,-0.969,0.401,0.436,1.566,-0.087,1.711,-36.636,23.202,55,45,0,0,"",-239.703,-127.327,14.247,0,0,5,"=","=","=","=","=","=","=","=","=",4,R,"_Gosomi",175,85.368,0.454,,72,W,Y,0,,,,,,,,,,,,,,,,,,,,,,,,,,,,,0,0,,,,,,899.707,,,,,,,,,,,,,,,,,,,,,,,,,,,,,,,,0.138,-37.664,-0.049,-17.109,-19.564,-47.044,-12.563,-63.69,19.733,-46.472,5.204,-65.921,57.162,-101.953,2.56,-113.602,-36.396,-86.025,,,,"",,,,"",,,,"",,,,"",,,,"",,,,"",,,,"",,,,"",,,,902.841,-0.032,-37.733,,,,,,,,,,,,,,,,,,,,,,,,,,,,,,,,,,,,,,,,,,,,,,,,,,,,"",0,,,,,,,,,,,,,0,"",899.707,,,0,""
27,,1,0,0,2,0,2,2,0,1,0,255,16,255,18,915.572,"Pugeuk",R,4,47,85,-1.306,0.316,0.595,1.932,0.022,1.809,-36.636,77.433,74,26,0,2,"",-236.995,0,23.683,0,0,5,"=","=","=","=","=","=","=","=","=",4,R,"_Gosomi",175,85.368,0.454,5,72,W,Y,1,916.937,108,77,85,75,43,,136,99,34.392,20.675,-0.282,0.982,-19.973,0.91,0,0.256,589.723,88.262,-66.533,,,,921.827,8,-30.394,3.553,-93.375,0,0,,922.515,,,,,,,920.937,,,,,,922.507,5,,457,0,,,,,,,,,,,,,,,,,,,0.075,-37.599,0.175,-17.17,-19.611,-46.967,-13.836,-63.858,20.119,-47.218,12.516,-64.877,57.131,-101.897,2.507,-114.856,-36.396,-86.042,-0.188,-37.272,,"편하비_",0.021,-17.394,,"CAT tourniquet",-19.595,-46.982,,"ByeolBam",-14.615,-63.85,,"aura_5599",19.967,-47.475,,"소솨소솨",12.136,-64.919,,"kneesohime",57.042,-102.01,,"schmoneymikey",1.326,-114.718,,"임 재 천",-36.396,-86.042,,,,,,,,,,,,,,,,,,,,,,,,,,922.525,-31.072,-94.199,,,,,,,,,,,,,,,,,,,,,,,,,,,,"",1,25.606,25.606,9.938,0,2,0.134,72.453,63.993,0.194,74.766,0.071,61.506,0,"임 재 천",,920.937,,4,""
28,SIDE,1,0,0,2,0,0,2,0,1,0,255,16,255,,925.849,,,,,,,,,,,,,,,,,,,,,,,,6,"=","=","=","=","=","=","=","=","=",,,,,,,,,,,,,,,,,,,,,,,,,,,,,,,,,,,,,,,0,0,,,,,,,,,,,,,,,,,,,,,,,,,,,,,,,,,,,,,,,,,,,,,,,,,,,,,,,,,,,,,,,,,,,,,,,,,,,,,,,,,,,,,,,,,,,,,,,,,,,,,,,,,,,,,,,,,,,,,,,,,,,,,,,,,,,,,,,,,,,,,,,,,"",0,,,,,,,,,,,,,0,"",,,,0,""
29,,2,1,0,2,0,0,0,0,0,0,255,255,255,7,956.258,"-라후이-",R,3,56,103,-3.766,0.915,0.728,1.469,-1.089,2.216,-36.79,57.827,0,100,0,4,"",-364.538,0,-34.978,0,0,3,"편하비_","Pring__","임 재 천","aura_5599","CAT tourniquet","ByeolBam","소솨소솨","kneesohime","schmoneymikey",4,R,"aura_5599",190,94.523,0.448,,72,W,Y,1,,,,,,,,,,,,,,,,,,,,,,,,,,,,,0,0,,,,,,,,,,,,,,,,,,,,,,,,,,,,,,,,,,,,,,0.144,-37.339,-0.033,-17.525,-20.178,-43.704,-12.98,-61.604,22.502,-49.885,10.953,-62.823,45.483,-94.253,-17.579,-112.722,-42.569,-92.975,,,,"",,,,"",,,,"",,,,"",,,,"",,,,"",,,,"",,,,"",,,,,,,,,,,,,,,,,,,,,,,,,,,,,,,,,,,,,,,,,,,,,,,,,,,,,,,,,,"",0,,,,,,,,,,,,,0,"",,,,0,""
30,,2,1,0,2,0,1,0,0,0,0,255,255,255,8,970.904,"-라후이-",R,32,81,131,-1.352,0.412,0.404,1.387,-0.976,1.691,-36.79,25.295,7,93,0,0,"",250,-200,23.091,0,0,3,"=","=","=","=","=","=","=","=","=",4,R,"aura_5599",190,94.523,0.448,,72,W,Y,0,,,,,,,,,,,,,,,,,,,,,,,,,,,,,0,0,,,,,,,,,,,,,,,,,,,,,,,,,,,,,,,,,,,,,,0.129,-37.374,-0.007,-17.524,-22.011,-46.938,-12.833,-61.857,22.557,-49.808,10.948,-62.833,45.345,-94.844,-16.705,-107.656,-42.464,-93.072,,,,"",,,,"",,,,"",,,,"",,,,"",,,,"",,,,"",,,,"",,,,,,,,,,,,,,,,,,,,,,,,,,,,,,,,,,,,,,,,,,,,,,,,,,,,,,,,,,"",0,,,,,,,,,,,,,0,"",,,,0,""
31,,2,1,0,2,0,2,0,0,0,0,255,255,255,9,983.427,"-라후이-",R,13,68,109,-0.564,-0.681,0.862,1.415,0.474,1.625,-36.79,57.364,0,100,0,2,"",-386.885,312.348,-10.288,0,0,3,"=","=","=","=","=","=","=","=","=",4,R,"aura_5599",190,94.523,0.448,3,72,W,Y,1,984.604,174,140,122,120,62,,145,87,14.931,50.849,-0.16,0.898,-21.466,1,0,0.371,-221.721,75.711,527.756,985.394,-25.306,-41.611,,,,,,0,0,,,,,,,,,,,,,,,,,,,,,,,,,,,,,,,,,,,,,,0.216,-37.463,0.021,-17.519,-21.993,-46.936,-12.795,-61.845,22.307,-50.059,10.947,-62.862,44.01,-96.037,-16.569,-107.666,-42.129,-94.17,0.036,-36.51,,"Kr_Luna",0.001,-17.518,,"Fresh825",-21.968,-46.952,,"Riyaj",-12.892,-61.76,,"_Gosomi",22.191,-50.027,,"CoalCat",10.963,-62.741,,"하루（Haru）",44.005,-96.007,,"YukihiroD",-16.745,-107.661,,"ddil_ddil69",-42.205,-94.14,,,,,,,,,,,,,,,,,,,,,,,,,,,,,,,,,,,,,,,,,,,,,,,,,,,,,,,,"",3,,,,,,,,,,,,,0,"",,,,0,""
32,,2,1,0,2,0,2,0,0,0,0,255,255,255,10,999.78,"-라후이-",R,32,83,134,-1.372,0.512,0.422,1.37,-0.979,1.76,-36.79,24.822,0,100,0,0,"",250,-200,11.539,0,0,3,"=","=","=","=","=","=","=","=","=",4,R,"aura_5599",190,94.523,0.448,,71,W,Y,0,,,,,,,,,,,,,,,,,,,,,,,,,,,,,0,0,,,,,,,,,,,,,,,1002.639,3,,578,0,,,,,,,,,,,,,,,,,,,0.217,-37.311,-0.013,-17.503,-21.803,-45.234,-13.804,-63.026,23.084,-51.64,10.39,-62.927,41.87,-94.275,-16.56,-106.675,-43.135,-93.098,,,,"",,,,"",,,,"",,,,"",,,,"",,,,"",,,,"",,,,"",,,,,,,,,,,,,,,,,,,,,,,,,,,,,,,,,,,,,,,,,,,,,,,,,,,,,,,,,,"",0,,,,,,,,,,,,,0,"",,,,0,""
33,,2,1,0,2,0,0,1,0,0,0,255,255,255,11,1020.917,"-라후이-",R,32,60,101,-1.021,-0.434,0.522,1.176,-0.827,1.32,-36.79,32.796,0,77,23,2,"",199.331,-43.404,3.871,0,0,4,"=","=","=","=","=","=","=","=","=",2,L,"CAT tourniquet",190,85,0.451,5,71,W,Y,1,1022.177,117,199,92,165,90,,137,85,-82.365,74.835,-0.175,0.887,-20.923,-1,0,0.054,75.393,208.351,557.589,1021.427,-0.281,-20.952,,,,,,0,0,,,,,,,,,,,,,,,,,,,,,,,,,,,,,,,,,,,,,,0.291,-37.422,-0.007,-17.508,-20.902,-47.124,-13.564,-62.95,24.641,-50.864,13.733,-62.288,46.329,-96.441,-2.647,-111.727,-43.173,-93.443,0.123,-36.427,,"Kr_Luna",-0.009,-17.511,,"Fresh825",-20.898,-47.118,,"Riyaj",-13.526,-62.889,,"_Gosomi",24.716,-50.676,,"CoalCat",13.714,-62.152,,"하루（Haru）",46.336,-96.445,,"YukihiroD",-0.03,-116.846,,"ddil_ddil69",-43.162,-93.416,,,,,,,,,,,,,,,,,,,,,,,,,,,,,,,,,,,,,,,,,,,,,,,,,,,,,,,,"",3,96.794,76.492,43.396,1,2,0.091,-84.975,-82.365,-18.326,-84.91,0.047,-99.099,0,"",,,,0,""
34,,2,1,0,2,0,1,1,0,0,0,255,255,255,12,1041.006,"-라후이-",R,14,67,109,-1.214,-0.199,0.704,1.389,-0.843,2.017,-36.79,51.302,0,100,0,0,"",161.813,400,-55.809,0,0,4,"=","=","=","=","=","=","=","=","=",2,L,"CAT tourniquet",190,85,0.451,,71,W,Y,0,,,,,,,,,,,,,,,,,,,,,,,,,,,,,0,0,,,,,,,,,,,,,,,,,,,,,,,,,,,,,,,,,,,,,,0.121,-37.403,-0.005,-17.414,-21.257,-48.353,-12.472,-62.234,23.879,-50.465,13.742,-61.867,46.396,-92.079,-1.9,-113.034,-43.837,-93.198,,,,"",,,,"",,,,"",,,,"",,,,"",,,,"",,,,"",,,,"",,,,,,,,,,,,,,,,,,,,,,,,,,,,,,,,,,,,,,,,,,,,,,,,,,,,,,,,,,"",0,,,,,,,,,,,,,0,"",,,,0,""
35,,2,1,0,2,0,2,1,0,0,0,255,255,255,13,1053.539,"-라후이-",R,10,75,116,-2.666,-0.389,0.548,1.379,-1.177,1.877,-36.79,34.918,35,65,0,2,"",0,400,-3.825,0,0,4,"=","=","=","=","=","=","=","=","=",2,L,"CAT tourniquet",190,85,0.451,5,71,W,Y,1,1054.633,120,142,133,110,71,,138,87,4.518,53.219,-0.482,0.89,-20.607,-0.88,0,0.161,63.404,-210.495,-50.015,1055.111,-22.296,-37.454,,,,,,0,0,,,,,,,,,,,,,,,,,,,,,,,,,,,,,,,,,,,,,,0.174,-37.3,-0.004,-17.417,-21.233,-48.333,-12.628,-62.433,23.885,-50.405,13.823,-61.922,46.281,-92.226,-1.918,-115.52,-43.858,-93.1,0.024,-36.575,,"Kr_Luna",-0.021,-17.43,,"Fresh825",-21.131,-48.37,,"Riyaj",-12.566,-62.465,,"_Gosomi",23.872,-50.353,,"CoalCat",13.798,-61.751,,"하루（Haru）",46.242,-92.205,,"YukihiroD",-1.725,-115.474,,"ddil_ddil69",-43.845,-93.109,,,,,,,,,,,,,,,,,,,,,,,,,,,,,,,,,,,,,,,,,,,,,,,,,,,,,,,,"",3,168.937,56.866,13.535,1,1,0.944,7.221,4.518,-22.651,-17.675,0.007,-166.848,0,"",,,,0,""
36,,2,1,0,2,0,2,1,0,0,0,255,255,255,14,1067.866,"-라후이-",R,32,79,129,0.406,-0.132,0.478,1.271,-0.223,1.346,-36.79,26.561,5,95,0,2,"",250,-200,19.453,0,0,4,"=","=","=","=","=","=","=","=","=",2,L,"CAT tourniquet",190,85,0.451,5,71,W,Y,1,1068.936,139,130,123,77,59,,144,102,16.896,-6.538,0.278,0.977,-20.179,-0.35,0,0.175,150.239,-506.716,-157.513,1072.036,17.6,-98.14,1076.427,7,29.166,0.063,-129.87,1,0,,1075.202,1079.871,,,,,,,,,,,,,,,,,,,,,,,,,,,,,,,,,,,0.271,-37.31,-0.002,-17.405,-22.226,-48.262,-12.422,-62.768,23.842,-50.564,12.759,-62.17,44.96,-94.032,-1.857,-114.717,-43.71,-92.418,0.018,-36.273,,"Kr_Luna",0.002,-17.401,,"Fresh825",-22.218,-48.259,,"Riyaj",-12.464,-62.764,81,"_Gosomi",23.787,-50.285,,"CoalCat",12.773,-62.026,,"하루（Haru）",44.969,-94.034,,"YukihiroD",-1.85,-114.733,100,"ddil_ddil69",-43.689,-92.395,,1085.975,0.91,-39.418,,,,,,,1081.837,0.292,-59.2,,,,,,,,,,1077.243,28.757,-129.099,,,,,,,,,,,,,1084.911,-0.429,-56.263,,,,,,,,,,1078.245,28.337,-124.311,,,,"",2,-6.029,-6.029,-5.731,0,2,0.137,16.896,16.896,28.594,17.017,0.022,27.22,0,"YukihiroD",1079.871,,,68,""
37,,2,1,0,2,0,0,1,0,1,0,255,2,255,15,1101.055,"-라후이-",R,32,89,140,-0.721,0.255,0.264,1.357,-0.59,1.572,-36.79,15.095,2,98,0,0,"",250,-200,26.995,0,0,5,"=","=","=","=","=","=","=","=","=",3,R,"ByeolBam",175.3,88,0.5,,71,W,Y,0,,,,,,,,,,,,,,,,,,,,,,,,,,,,,0,0,,,,,,,,,,,,,,,,,,,,,,,,,,,,,,,,,,,,,,0.243,-37.302,0.004,-17.499,-23.857,-47.498,-11.611,-64.441,21.816,-48.163,11.364,-60.711,44.57,-95.892,-12.451,-110.808,-43.093,-93.298,,,,"",,,,"",,,,"",,,,"",,,,"",,,,"",,,,"",,,,"",,,,1105.274,-0.034,-37.538,,,,,,,,,,,,,,,,,,,,,,,,,,,,,,,,,,,,,,,,,,,,,,,,,,,,"",0,,,,,,,,,,,,,0,"",,,,0,""
38,,2,1,0,2,0,1,1,0,1,0,255,2,255,16,1111.587,"-라후이-",R,13,76,114,-0.457,-0.588,0.924,1.42,0.542,1.645,-36.79,61.641,0,100,0,2,"",-423.261,266.176,-3.585,0,0,5,"=","=","=","=","=","=","=","=","=",3,R,"ByeolBam",175.3,88,0.5,5,71,W,Y,1,1112.634,255,84,61,62,39,,138,99,25.239,-57.12,-0.005,0.834,-21.259,0.92,0,0.291,93.19,394.845,312.116,1116.869,67.905,-74.332,,,,,,0,0,,,,,,,,,,,,,,,,,,,,,,,,,,,,,,,,,,,,,,0.221,-37.307,0.024,-17.498,-23.841,-47.505,-11.147,-64.438,22.29,-49.099,11.461,-60.881,39.531,-96.309,-15.1,-110.783,-43.429,-93.755,-0.163,-36.51,,"Kr_Luna",0.02,-17.489,,"Fresh825",-23.305,-47.14,,"Riyaj",-10.452,-64.468,,"_Gosomi",22.23,-48.907,,"CoalCat",11.488,-60.791,,"하루（Haru）",39.544,-96.326,,"YukihiroD",-15.279,-110.96,,"ddil_ddil69",-43.43,-93.748,,,,,,,,,,,,,,,,,,,,,,,,,,,,,,,,,,,,,,,,,,,,,,,,,,,,,,,,"",3,-59.338,-45.349,-5.713,0.535,0,1,27.585,27.585,60.165,27.585,0,-175.147,0,"",,,,0,""
39,,2,1,0,2,0,2,1,0,1,0,255,2,255,17,1130.651,"-라후이-",R,10,72,101,-1.951,-0.564,0.572,1.32,-1.001,1.842,-36.79,39.806,0,100,0,2,"R2-|R3+",0,400,-24.634,0,0,5,"=","=","=","=","=","=","=","=","=",3,R,"ByeolBam",175.3,88,0.5,0,71,W,Y,1,1131.763,200,122,127,75,41,,145,87,-30,51.156,-0.429,0.662,-20.252,1,0,0.086,59.524,275.782,-379.051,1131.127,-1.71,-21.279,,,,,,0,0,,,,,,,,,,,,,1132.851,,,,,,,,,,,,,,,,,,,,,,,,,0.09,-37.359,0.024,-17.48,-22.975,-47.779,-9.613,-63.33,23.128,-49.764,9.726,-61.189,41.637,-96.65,-15.755,-107.666,-43.962,-93.418,-0.338,-36.257,,"Kr_Luna",-0.069,-17.555,,"Fresh825",-22.986,-47.795,,"Riyaj",-9.486,-63.216,,"_Gosomi",23.126,-49.627,,"CoalCat",9.341,-60.535,,"하루（Haru）",41.642,-96.645,,"YukihiroD",-15.738,-107.671,,"ddil_ddil69",-43.947,-93.397,,,,,,,,,,,,,,,,,,,,,,,,,,,,,,,,,,,,,,,,,,,,,,,,,,,,,,,,"",3,,,,,,,,,,,,,1,"",,,,0,""
40,,2,1,0,2,0,2,1,0,0,1,255,255,255,18,1163.64,"-라후이-",R,13,68,97,-1.179,-0.736,0.771,1.356,0.239,1.75,-36.79,41.033,0,100,0,2,"",-344.292,312.348,-15.138,0,0,5,"=","=","=","=","=","=","=","=","=",3,R,"ByeolBam",175.3,88,0.5,5,71,W,Y,1,1164.78,138,106,103,117,54,,143,111,10.907,28.604,-0.189,0.742,-20.735,0.12,0,0.248,-67.079,-69.833,26.173,1166.577,-30.414,-77.574,1167.702,8,-33.932,0.348,-84.358,1,16,,1170.665,,,,,,,,,,,,,1173.946,4,3,306,8,,,,,,,,,,,,,,,,,1182.97,1,0.291,-37.472,0.019,-17.509,-21.852,-46.482,-11.346,-63.461,20.428,-48.595,7.904,-62.975,43.981,-96.017,-16.561,-106.191,-43.26,-93.06,0.168,-36.687,,"Kr_Luna",0.011,-17.516,101,"Fresh825",-21.997,-46.382,,"Riyaj",-11.113,-62.419,,"_Gosomi",20.234,-48.645,,"CoalCat",7.919,-62.842,,"하루（Haru）",43.527,-95.381,,"YukihiroD",-16.289,-106.219,,"ddil_ddil69",-43.244,-93.068,115,1189.146,-0.226,-37.458,1173.123,-2.588,-24.207,,,,,,,,,,,,,,,,,,,1168.193,-34.66,-85.161,,,,1188.362,-1.633,-23.688,,,,,,,,,,,,,,,,,,,1169.131,-31.793,-78.431,"",2,33.915,33.915,0.015,0,1,0.96,18.919,10.907,-7.464,89.168,0.02,53.19,0,"ddil_ddil69",,1167.561,1173.778,10,""
41,,2,1,0,2,0,0,2,1,0,0,3,255,255,19,1201.063,"-라후이-",R,32,82,134,0.443,0.443,0.341,1.395,-0.116,1.688,-36.79,18.756,0,100,0,0,"",250,-200,24.041,0,0,6,"=","=","=","=","=","=","=","=","=",5,R,"소솨소솨",180.9,80,0.501,,70,W,Y,0,,,,,,,,,,,,,,,,,,,,,,,,,,,,,0,0,,,,,,,,,,,,1211.628,,,,,,,,,,,,,,,,,,,,,,,,,,0.233,-37.473,0.01,-17.705,-18.998,-39.706,-12.063,-63.318,23.501,-50.859,10.539,-63.646,41.776,-93.937,-17.093,-107.717,-44.061,-92.863,,,,"",,,,"",,,,"",,,,"",,,,"",,,,"",,,,"",,,,"",,,,1205.458,-0.112,-37.284,,,,,,,,,,,,,,,,,,,,,,,,,,,,,,,,,,,,,,,,,,,,,,,,,,,,"",0,,,,,,,,,,,,,0,"",,,,0,""
42,,2,1,0,2,0,1,2,1,0,0,3,255,255,20,1211.745,"-라후이-",R,3,58,102,1.171,0.235,0.903,1.397,1.454,1.779,-36.79,70.886,0,100,0,2,"",-463.636,0,-12.504,0,0,6,"=","=","=","=","=","=","=","=","=",5,R,"소솨소솨",180.9,80,0.501,5,70,W,Y,1,1212.969,174,139,77,94,68,,145,130,25.789,-9.139,0.226,1.061,-20.538,0.34,0,0.633,548.556,242.991,-6.426,1218.019,13.663,-142.972,,,,,,0,0,,1219.166,1223.688,1228.708,1233.603,1217.908,1222.791,1227.793,,,,,,,,,,,,,,,,,,,,,,,,,,,,,,0.25,-37.44,0.012,-17.713,-19.016,-39.676,-11.087,-61.903,22.741,-51.489,9.447,-62.766,42.974,-98.007,-22.305,-108.237,-44.02,-92.852,-0.049,-36.469,,"Kr_Luna",0.039,-17.704,,"Fresh825",-18.999,-39.676,,"Riyaj",-11.389,-61.682,,"_Gosomi",22.709,-51.357,,"CoalCat",8.511,-62.36,,"하루（Haru）",42.797,-98.075,,"YukihiroD",-19.398,-106.438,,"ddil_ddil69",-43.991,-92.82,,,,,,,,,,,,,,,,,,,,,,,,,,,,,,,,,,,,,,,,,,,,,,,,,,,,,,,,"",4,-4.573,-4.573,-5.775,0,2,0.183,85.437,34.378,-3.622,88.409,0.068,17.319,0,"",1217.908,1222.791,1227.793,0,""
43,,2,1,2,2,0,0,2,0,0,0,255,255,255,21,1252.808,"-라후이-",R,32,85,137,2.036,0.092,0.3,1.362,0.616,1.498,-36.79,15.244,5,95,0,1,"",250,-200,30.512,0,0,7,"=","=","=","=","=","=","=","=","=",6,R,"kneesohime",190,85,0.497,,70,W,Y,0,,,,,,,,,,,,,,,,,,,,,,,,,,,,,0,0,,,,,,,,,,,,,,,,,,,,,,,,,,,,,,,,,,,,,,0.216,-37.196,0.026,-17.636,-22.358,-47.246,-11.452,-63.291,23.442,-49.294,11.488,-63.46,44.297,-99.698,2.962,-118.525,-43.661,-92.193,,,,"",,,,"",,,,"",,,,"",,,,"",,,,"",,,,"",,,,"",,,,,,,,,,,,,,,,,,,,,,,,,,,,,,,,,,,,,,,,,,,,,,,,,,,,,,,,,,"",0,,,,,,,,,,,,,0,"",,,,0,""
44,,2,1,2,2,1,0,2,0,0,0,255,255,255,22,1264.912,"-라후이-",R,32,97,140,-3.583,-0.078,0.052,1.387,-1.886,1.405,-36.79,16.399,0,100,0,1,"",240.932,-185.771,28.271,0,0,7,"=","=","=","=","=","=","=","=","=",6,R,"kneesohime",190,85,0.497,,70,W,Y,0,,,,,,,,,,,,,,,,,,,,,,,,,,,,,0,0,,,,,,,,,,,,,,,,,,,,,,,,,,,,,,,,,,,,,,0.211,-37.414,0.03,-17.644,-22.4,-47.204,-11.671,-63.158,23.42,-49.914,11.417,-63.734,44.011,-99.813,2.957,-118.547,-43.705,-92.034,,,,"",,,,"",,,,"",,,,"",,,,"",,,,"",,,,"",,,,"",,,,,,,,,,,,,,,,,,,,,,,,,,,,,,,,,,,,,,,,,,,,,,,,,,,,,,,,,,"",0,,,,,,,,,,,,,0,"",,,,0,""
45,,2,1,2,2,2,0,2,0,0,0,255,255,255,23,1278.164,"-라후이-",R,13,73,112,-0.981,-0.75,0.839,1.327,0.273,1.565,-36.79,55.77,0,100,0,0,"",-390.434,312.348,-4.007,0,0,7,"=","=","=","=","=","=","=","=","=",6,R,"kneesohime",190,85,0.497,,70,W,Y,0,,,,,,,,,,,,,,,,,,,,,,,,,,,,,0,0,,,,,,,,,,,,,,,,,,,,,,,,,,,,,,,,,,,,,,0.241,-37.441,0.025,-17.632,-22.596,-47.021,-11.439,-63.187,23.56,-49.987,11.403,-63.768,44.012,-99.819,-17.604,-114.174,-43.544,-92.323,,,,"",,,,"",,,,"",,,,"",,,,"",,,,"",,,,"",,,,"",,,,,,,,,,,,,,,,,,,,,,,,,,,,,,,,,,,,,,,,,,,,,,,,,,,,,,,,,,"",0,,,,,,,,,,,,,0,"",,,,0,""
46,,2,1,2,2,2,1,2,0,0,0,255,255,255,24,1290.141,"-라후이-",R,32,76,127,-0.88,0.363,0.763,1.38,-0.784,1.748,-36.79,56.579,4,96,0,2,"",239.288,-100.031,-0.254,0,0,7,"=","=","=","=","=","=","=","=","=",6,R,"kneesohime",190,85,0.497,3,70,W,Y,0,1291.25,255,66,64,66,44,,139,130,0.159,41.936,-0.194,1.133,-19.821,0.54,0,0.246,-30.585,-145.104,-39.044,1291.194,-16.806,-38.577,1294.127,8,-53.792,0.055,-82.947,0,0,,1297.942,,,,,,,,,,,,,1298.474,7,,147,8,,,,,,,,,,,,,,,,,,,0.198,-37.333,0.001,-17.667,-22.532,-47.093,-11.467,-63.156,23.663,-49.761,11.403,-63.799,44.006,-99.806,-20.588,-114.817,-43.541,-92.073,0.078,-36.478,,"Kr_Luna",0.018,-17.635,,"Fresh825",-22.18,-47.142,,"Riyaj",-11.436,-63.012,,"_Gosomi",23.452,-49.821,,"CoalCat",11.4,-63.636,,"하루（Haru）",43.989,-99.797,,"YukihiroD",-20.608,-114.886,,"ddil_ddil69",-43.421,-92.192,104,,,,,,,1297.867,-19.656,-40.549,,,,,,,,,,,,,,,,1294.699,-54.638,-83.683,,,,,,,,,,,,,,,,,,,,,,,,,1295.561,-49.869,-78.524,"",2,,,,,,,,,,,,,0,"ddil_ddil69",,,,264,""
47,SIDE,2,1,2,2,0,0,2,0,0,0,255,255,255,,1301.351,,,,,,,,,,,,,,,,,,,,,,,,8,"=","=","=","=","=","=","=","=","=",,,,,,,,,,,,,,,,,,,,,,,,,,,,,,,,,,,,,,,0,0,,,,,,,,,,,,,,,,,,,,,,,,,,,,,,,,,,,,,,,,,,,,,,,,,,,,,,,,,,,,,,,,,,,,,,,,,,,,,,,,,,,,,,,,,,,,,,,,,,,,,,,,,,,,,,,,,,,,,,,,,,,,,,,,,,,,,,,,,,,,,,,,,"",0,,,,,,,,,,,,,0,"",,,,0,""
48,,2,0,2,2,0,0,0,0,0,0,255,255,255,19,1349.241,"Pugeuk",R,29,85,137,-0.285,1.056,0.49,1.654,0.165,2.021,-36.636,31.503,54,46,0,0,"",-250,-200,19.662,0,0,6,"vovopo 보보포","Kr_Luna","Riyaj","ddil_ddil69","하루（Haru）","_Gosomi","YukihiroD","CoalCat","Fresh825",7,R,"YukihiroD",174.3,80,0.398,,70,W,Y,0,,,,,,,,,,,,,,,,,,,,,,,,,,,,,0,0,,,,,,,,,,,,,,,,,,,,,,,,,,,,,,,,,,,,,,0.088,-37.752,-0.264,-17.056,-21.722,-47.999,-14.809,-63.953,21.167,-48.313,13.073,-64.357,54.232,-95.595,-1.631,-126.419,-36.858,-85.64,,,,"",,,,"",,,,"",,,,"",,,,"",,,,"",,,,"",,,,"",,,,,,,,,,,,,,,,,,,,,,,,,,,,,,,,,,,,,,,,,,,,,,,,,,,,,,,,,,"",0,,,,,,,,,,,,,0,"",,,,0,""
49,,2,0,2,2,0,1,0,0,0,0,255,255,255,20,1363.379,"Pugeuk",R,29,84,136,0.418,-0.242,0.566,1.452,0.518,1.306,-36.636,27.033,46,54,0,0,"",-250,-166.661,15.342,-0.085,-18.456,6,"=","=","=","=","=","=","=","=","=",7,R,"YukihiroD",174.3,80,0.398,,70,W,Y,0,,,,,,,,,,,,,,,,,,,,,,,,,,,,,0,0,,,,,,,,,,,,,,,,,,,,,,,,,,,,,,,,,,,,,,0.135,-38.072,0.045,-16.981,-21.861,-47.807,-14.301,-64.128,20.297,-49.021,13.293,-65.312,54.41,-92.652,-1.964,-125.373,-37.436,-86.112,,,,"",,,,"",,,,"",,,,"",,,,"",,,,"",,,,"",,,,"",,,,,,,,,,,,,,,,,,,,,,,,,,,,,,,,,,,,,,,,,,,,,,,,,,,,,,,,,,"",0,,,,,,,,,,,,,0,"",,,,0,""
50,,2,0,2,2,0,2,0,0,0,0,255,255,255,21,1380.147,"Pugeuk",R,13,74,101,-1.765,-0.772,0.444,1.758,-0.034,1.673,-36.636,38.447,87,13,0,4,"",-358.49,312.348,9.247,-0.681,-16.754,6,"=","=","=","=","=","=","=","=","=",7,R,"YukihiroD",174.3,80,0.398,,70,W,Y,1,,,,,,,,,,,,,,,,,,,,,,,,,,,,,0,0,,,,,,,,,,,,,,,1385.441,6,,706,0,,,,,,,,,,,,,,,,,,,0.022,-38.06,0.047,-17.022,-21.658,-47.914,-14.381,-64.014,20.822,-48.996,11.372,-65.073,55.301,-94.216,-2.037,-124.515,-37.356,-86.287,,,,"",,,,"",,,,"",,,,"",,,,"",,,,"",,,,"",,,,"",,,,,,,,,,,,,,,,,,,,,,,,,,,,,,,,,,,,,,,,,,,,,,,,,,,,,,,,,,"",0,,,,,,,,,,,,,0,"",,,,0,""
51,,2,0,2,2,0,0,1,0,0,0,255,255,255,22,1399.599,"Pugeuk",R,10,79,106,-0.761,-1.223,0.4,1.649,-0.17,1.418,-36.636,31.021,87,13,0,1,"",-103.551,400,-1.385,-0.272,-17.471,7,"=","=","=","=","=","=","=","=","=",5,R,"CoalCat",174.9,83,0.397,,70,W,Y,0,,,,,,,,,,,,,,,,,,,,,,,,,,,,,0,0,,,,,,,,,,,,,,,,,,,,,,,,,,,,,,,,,,,,,,0.032,-37.985,0.133,-17.141,-20.457,-45.708,-14.596,-63.936,19.991,-49.503,12.262,-65.187,55.383,-94.114,-0.426,-124.983,-37.307,-86.312,,,,"",,,,"",,,,"",,,,"",,,,"",,,,"",,,,"",,,,"",,,,,,,,,,,,,,,,,,,,,,,,,,,,,,,,,,,,,,,,,,,,,,,,,,,,,,,,,,"",0,,,,,,,,,,,,,0,"",,,,0,""
52,,2,0,2,2,1,0,1,0,0,0,255,255,255,23,1412.62,"Pugeuk",R,29,88,140,1.344,-0.395,0.648,1.419,0.898,1.192,-36.636,43.606,56,44,0,2,"",-243.905,-200,10.625,0,0,7,"=","=","=","=","=","=","=","=","=",5,R,"CoalCat",174.9,83,0.397,5,70,W,Y,1,1413.768,149,157,115,67,14,,145,84,49.853,47.374,0.251,0.817,-20.514,-1,0,0.484,542.833,69.575,-245.951,1418.694,-41.319,-55.508,,,,,,0,0,,1418.946,,,1426.081,,,,,,,,,,,,,,,,,,,,,,,,,,,,,,,,,0.135,-38.036,0.001,-17.058,-20.545,-45.566,-15.076,-63.617,21.176,-48.533,12.479,-66.083,55.322,-94.222,0.141,-124.861,-37.326,-86.313,0.155,-36.75,,"편하비_",-0.032,-17.254,,"Pring__",-20.515,-45.539,,"ByeolBam",-15.08,-63.612,,"aura_5599",19.524,-48.767,,"소솨소솨",11.754,-64.624,,"kneesohime",55.3,-94.233,,"schmoneymikey",-0.581,-123.474,,"임 재 천",-37.321,-86.315,,,,,,,,,,,,,,,,,,,,,,,,,,,,,,,,,,,,,,,,,,,,,,,,,,,,,,,,"",3,57.905,42.761,3.125,0.551,0,1,49.853,49.853,-4.589,49.853,0,126.815,0,"",,,,0,""
53,,2,0,2,2,1,1,1,0,0,0,255,255,255,24,1437.468,"Pugeuk",R,3,56,90,1.122,0.936,0.913,1.948,1.263,2.168,-36.636,76.435,65,32,3,0,"",-332.606,0,50.709,0,0,7,"=","=","=","=","=","=","=","=","=",5,R,"CoalCat",174.9,83,0.397,,36,W,Y,0,,,,,,,,,,,,,,,,,,,,,,,,,,,,,0,0,,,,,,,,,,,,,,,,,,,,,,,,,,,,,,,,,,,,,,0.122,-38.195,-0.04,-16.972,-21.461,-46.012,-15.727,-63.384,22.641,-50.856,12.379,-64.356,54.715,-95.391,0.365,-123.104,-40.005,-85.855,,,,"",,,,"",,,,"",,,,"",,,,"",,,,"",,,,"",,,,"",,,,,,,,,,,,,,,,,,,,,,,,,,,,,,,,,,,,,,,,,,,,,,,,,,,,,,,,,,"",0,,,,,,,,,,,,,0,"",,,,0,""
54,,2,0,2,2,1,2,1,0,0,0,255,255,255,25,1453.448,"Pugeuk",R,10,80,108,-1.131,-1.331,0.293,1.652,-0.5,1.424,-36.636,24.313,46,54,0,2,"",0,400,11.05,0,0,7,"=","=","=","=","=","=","=","=","=",5,R,"CoalCat",174.9,83,0.397,5,36,W,Y,1,1454.6,115,216,84,89,64,,137,37,8.27,-53.356,-0.297,0.758,-21.63,1,0,0.593,183.359,509.777,86.581,1451.561,7.612,-27.928,1454.619,4,18.892,0.055,-35.462,0,0,,,,,,,,,,,,,,,,,,,,,,,,,,,,,,,,,,,,,,0.045,-38.169,-0.273,-16.934,-21.067,-46.637,-15.751,-63.467,21.441,-49.281,13.092,-67.08,54.814,-95.243,0.192,-121.46,-40.407,-86.191,-0.247,-37.068,,"편하비_",-0.282,-16.981,,"Pring__",-21.073,-46.636,,"ByeolBam",-15.74,-63.465,,"aura_5599",21.691,-49.692,99,"소솨소솨",12.13,-64.596,,"kneesohime",54.754,-95.299,,"schmoneymikey",0.179,-121.473,,"임 재 천",-40.355,-86.239,,1461.095,1.668,-40.395,,,,,,,,,,1458.678,19.176,-35.625,,,,,,,,,,,,,,,,,,,,,,,,,1460.438,10.427,-36.945,,,,,,,,,,,,,"",3,-55.186,-47.254,-4.667,0.455,0,1,8.27,8.27,12.191,8.27,0,-79.312,0,"aura_5599",,,,24,""
55,,2,0,2,2,1,2,1,0,0,0,255,255,255,26,1476.615,"Pugeuk",R,29,82,134,-1.058,0.765,0.425,1.806,-0.135,1.849,-36.636,24.747,100,0,0,2,"",-235.867,-191.425,-4.707,0,0,7,"=","=","=","=","=","=","=","=","=",5,R,"CoalCat",174.9,83,0.397,5,36,W,Y,1,1477.793,137,45,100,48,0,,140,108,28.672,64.217,-0.224,1.157,-19.936,0.89,0,0.397,357.452,-19.444,-481.508,,,,,,,,,0,0,,,,,,,,,,,,,,,,,,,,,,,,,,,,,,,,,,,,,,0.185,-37.714,0.196,-17.027,-21.739,-46.878,-15.395,-63.645,19.577,-46.216,13.33,-64.523,53.006,-94.968,0.178,-121.489,-40.323,-86.235,0.088,-36.87,,"편하비_",0.08,-17.128,,"Pring__",-21.644,-46.808,,"ByeolBam",-15.399,-63.646,,"aura_5599",19.393,-45.994,,"소솨소솨",13.294,-64.453,,"kneesohime",53.023,-94.905,,"schmoneymikey",0.192,-121.475,,"임 재 천",-40.333,-86.234,,,,,,,,,,,,,,,,,,,,,,,,,,,,,,,,,,,,,,,,,,,,,,,,,,,,,,,,"",3,78.15,62.404,25.254,0.701,2,0.429,66.545,54.219,40.344,72.339,0.062,118.57,0,"",,,,0,""
56,,2,0,2,2,1,2,1,0,0,0,255,255,255,27,1492.855,"Pugeuk",R,29,82,133,-0.768,2.166,0.458,1.838,0.015,2.665,-36.636,25.262,90,10,0,2,"",-250,-190.587,6.145,0,0,7,"=","=","=","=","=","=","=","=","=",5,R,"CoalCat",174.9,83,0.397,5,36,W,Y,1,1494.016,151,80,114,88,25,,145,114,23.578,60.582,-0.145,1.639,-20.396,0.81,0,0.463,204.845,42.494,-117.367,,,,,,,,,0,0,,,,,,,,,,,,,,,,,,,,,,,,,,,,,,,,,,,,,,0.165,-37.706,0.025,-17.021,-21.688,-47.288,-15.3,-63.197,19.347,-48.451,12.423,-64.669,53.03,-94.598,0.972,-121.282,-42.465,-89.447,0.033,-37.097,,"편하비_",-0.05,-17.176,,"Pring__",-21.65,-47.149,,"ByeolBam",-15.379,-63.555,,"aura_5599",19.206,-48.313,,"소솨소솨",12.392,-64.566,,"kneesohime",53.028,-94.563,,"schmoneymikey",2.052,-121.358,,"임 재 천",-42.419,-89.473,,,,,,,,,,,,,,,,,,,,,,,,,,,,,,,,,,,,,,,,,,,,,,,,,,,,,,,,"",3,71.386,58.081,14.081,0.598,1,1,37.803,23.578,75.09,49.326,0.04,92.154,0,"",,,,0,""
57,,2,0,2,2,1,2,1,0,0,0,255,255,255,28,1509.691,"Pugeuk",R,13,68,97,-0.858,-0.553,0.589,1.84,0.418,1.864,-36.636,44.191,86,14,0,2,"",-344.292,312.348,37.637,0,0,7,"=","=","=","=","=","=","=","=","=",5,R,"CoalCat",174.9,83,0.397,0,36,W,Y,1,1511,249,90,97,70,55,,145,131,25.344,-20.159,-0.068,0.914,-21.331,0.35,0,0.447,7.62,2.477,4.469,1511.886,36.522,-123.353,1513.461,7,29.098,0.06,-112.891,1,0,,1516.498,1520.83,,,,,,,,,,,,,,,,,,,,,,,,,,,,,,,,,,,0.184,-37.624,-0.04,-17.052,-21.66,-47.377,-15.19,-63.718,20.071,-48.464,11.737,-64.974,57.121,-90.492,1.652,-121.112,-41.778,-89.074,-0.159,-37.475,,"편하비_",-0.033,-17.27,,"Pring__",-21.501,-47.117,,"ByeolBam",-15.194,-63.718,95,"aura_5599",19.871,-48.339,,"소솨소솨",11.684,-64.887,,"kneesohime",57.104,-90.514,,"schmoneymikey",1.65,-121.115,88,"임 재 천",-41.779,-89.077,,1526.112,0.165,-39.477,,,,,,,1523.591,1.46,-62.31,,,,,,,1520.026,29.718,-112.064,1519.886,28.579,-113.049,,,,,,,,,,,,,1524.983,1.064,-59.617,,,,,,,,,,1520.785,26.691,-106.897,,,,"",2,,,,,,,,,,,,,0,"schmoneymikey",1520.83,,,432,""
58,,2,0,2,2,0,0,1,0,1,0,255,15,255,29,1542.663,"Pugeuk",R,26,95,140,-0.553,0.126,0.45,1.509,-0.021,1.521,-36.636,25.053,50,50,0,2,"",-197.032,-200,18.19,0,0,8,"=","=","=","=","=","=","=","=","=",2,L,"Fresh825",190,80,0.2,0,51,W,Y,1,1543.752,179,150,100,72,39,,145,96,39.295,-35.302,-0.128,1.043,-19.872,-0.76,0,0.195,350.811,-15.715,284.105,1541.919,46.126,-84.978,1542.469,6,47.112,0.694,-86.421,1,0,,1549.192,,,,,,,1551.909,,,,1542.728,,,,,,,,,,,,,,,,,,,,,,,,,0.137,-37.606,0.066,-16.966,-20.515,-45.867,-13.021,-61.672,20.231,-45.79,13.602,-64.993,53.944,-104.546,8.594,-120.917,-41.764,-89.181,0.327,-36.901,,"편하비_",-0.054,-17.065,,"Pring__",-20.503,-45.854,85,"ByeolBam",-13.034,-61.654,107,"aura_5599",20.195,-45.802,103,"소솨소솨",12.88,-65.287,,"kneesohime",56.653,-107.347,118,"schmoneymikey",10.225,-122.172,,"임 재 천",-41.766,-89.182,,1561.596,-0.171,-39.342,,,,1557.332,-18.716,-40.445,1555.61,-0.125,-58.198,1552.43,19.933,-41.29,,,,1549.672,47.55,-86.816,,,,,,,,,,,,,1560.51,-17.662,-40.083,1556.21,-2.78,-56.483,1554.449,18.255,-41.694,,,,1550.573,43.229,-82.032,,,,,,,"",2,,,,,,,,,,,,,0,"kneesohime",,1551.909,,186,""
59,,2,0,2,2,0,0,1,1,0,1,12,255,15,30,1575.735,"Pugeuk",R,6,78,105,-1.468,-0.419,-0.014,1.696,-1.453,1.514,-36.636,18.224,94,6,0,0,"",413.175,79.374,18.106,0,0,0,"=","=","=","=","=","=","=","=","=",9,L,"vovopo 보보포",160,80,0.549,,70,W,Y,0,,,,,,,,,,,,,,,,,,,,,,,,,,,,,0,0,,,,,,,,,,,,1580.152,,1577.454,,,,,,,,,,,,,,,,,,,,,,,,-0.047,-37.568,-0.084,-17.179,-19.515,-40.239,-10.737,-61.417,19.511,-40.262,14.938,-62.897,55.056,-104.069,3.062,-118.745,-41.767,-89.189,,,,"",,,,"",,,,"",,,,"",,,,"",,,,"",,,,"",,,,"",,,,1580.816,0.101,-37.811,,,,,,,,,,,,,,,,,,,,,,,,,,,,,,,,,,,,,,,,,,,,,,,,,,,,"",0,,,,,,,,,,,,,0,"",,1578.046,,0,""
60,,2,0,2,2,0,1,1,1,0,1,12,255,15,31,1593.615,"Pugeuk",R,6,84,108,2.105,-1.944,0.464,1.46,0.03,0.91,-36.636,26.262,63,37,0,4,"",448.851,202.49,29.371,0.508,-18.584,0,"=","=","=","=","=","=","=","=","=",9,L,"vovopo 보보포",160,80,0.549,,70,W,Y,1,,,,,,,,,,,,,,,,,,,,,,,,,,,,,0,0,,,,,,,,,,,,,,1599.259,,,,,,,,,,,,,,,,,,,,,,,,0.113,-37.517,0.03,-17.205,-19.749,-39.939,-10.782,-61.943,18.943,-45.175,14.533,-62.704,54.78,-103.193,1.825,-118.585,-41.75,-89.204,,,,"",,,,"",,,,"",,,,"",,,,"",,,,"",,,,"",,,,"",,,,1599.746,0.083,-38.049,,,,,,,,,,,,,,,,,,,,,,,,,,,,,,,,,,,,,,,,,,,,,,,,,,,,"",0,,,,,,,,,,,,,0,"",,1596.344,,0,""
61,,2,0,2,2,0,2,1,1,0,1,12,255,15,32,1611.402,"Pugeuk",R,29,85,138,0.282,0.888,0.551,1.603,0.449,1.859,-36.636,34.793,63,37,0,0,"",-247.355,-200,12.864,0,0,0,"=","=","=","=","=","=","=","=","=",9,L,"vovopo 보보포",160,80,0.549,,70,W,Y,1,,,,,,,,,,,,,,,,,,,,,,,,,,,,,0,0,,,,,,,,,,,,1611.693,,1611.427,1614.055,0,,578,0,,,,,,,,,,,,,,,,,,,0.14,-37.62,0.025,-17.142,-19.777,-39.782,-10.785,-61.218,18.543,-45.083,14.118,-62.43,54.978,-103.056,3.476,-118.346,-41.729,-89.214,,,,"",,,,"",,,,"",,,,"",,,,"",,,,"",,,,"",,,,"",,,,1617.313,-0.076,-38.221,,,,,,,,,,,,,,,,,,,,,,,,,,,,,,,,,,,,,,,,,,,,,,,,,,,,"",0,,,,,,,,,,,,,0,"",,1614.342,,0,""
62,,2,0,2,2,0,0,2,1,0,1,12,255,15,33,1635.152,"Pugeuk",R,29,92,140,-2.28,0.488,0.312,1.586,-0.661,1.769,-36.636,18.773,48,52,0,2,"",-250,-177.079,9.078,0,0,1,"=","=","=","=","=","=","=","=","=",1,L,"Kr_Luna",190,95.432,0.498,5,69,W,Y,0,1635.949,142,66,140,52,21,,145,102,60.24,-57.364,-0.457,1.183,-19.872,-0.35,0,0.071,260.6,-221.076,441.037,1635.677,47.705,-47.129,,,,,,0,0,,,,,,,,,,,,1637.258,,1635.753,,,,,,,,,,,,,,,,,,,,,,,,0.043,-37.516,-0.118,-17.066,-19.496,-39.976,-10.525,-61.239,21.556,-49.237,15.282,-62.622,58.164,-100.701,13.438,-126.022,-41.88,-89.123,0.016,-36.909,,"편하비_",-0.096,-17.103,,"Pring__",-19.136,-40.537,,"ByeolBam",-11.412,-62.592,,"aura_5599",22.198,-49.799,,"소솨소솨",15.593,-62.931,,"kneesohime",58.11,-100.678,,"schmoneymikey",13.436,-126,,"임 재 천",-41.858,-89.15,,,,,,,,,,,,,,,,,,,,,,,,,,,,,,,,,,,,,,,,,,,,,,,,,,,,,,,,"",3,-53.851,-41.995,-2.382,0,1,0.634,72.191,60.24,-3.076,85.612,0.043,-120.383,0,"",,1640.594,,0,""
63,,2,0,2,2,0,1,2,1,0,1,12,255,15,34,1660.761,"Pugeuk",R,14,79,105,-1.061,-0.408,0.068,1.815,-1.2,1.795,-36.636,29.215,91,9,0,0,"",372.687,312.348,8.23,0,0,1,"=","=","=","=","=","=","=","=","=",1,L,"Kr_Luna",190,95.432,0.498,,69,W,Y,0,,,,,,,,,,,,,,,,,,,,,,,,,,,,,0,0,,,,,,,,,,,,1675.531,,1661.065,,,,,,,,,,,,,,,,,,,,,,,,-0.055,-37.394,-0.017,-16.931,-19.735,-40.135,-12.148,-63.786,22.025,-49.773,14.031,-64.177,52.597,-89.52,14.164,-125.711,-43.536,-92.227,,,,"",,,,"",,,,"",,,,"",,,,"",,,,"",,,,"",,,,"",,,,,,,,,,,,,,,,,,,,,,,,,,,,,,,,,,,,,,,,,,,,,,,,,,,,,,,,,,"",0,,,,,,,,,,,,,0,"",,1663.422,,0,""
64,,2,0,2,2,0,2,2,1,0,1,12,255,15,35,1684.894,"Pugeuk",R,3,58,91,1.601,0.327,0.945,1.836,1.521,1.839,-36.636,69.172,79,21,0,2,"",-361.753,0,13.175,0,0,1,"=","=","=","=","=","=","=","=","=",1,L,"Kr_Luna",190,95.432,0.498,5,69,W,Y,0,1685.922,115,110,112,64,37,,137,131,21.014,-42.06,0.248,1.084,-19.86,0.52,0,0.16,269.964,-108.719,279.728,1683.877,83.236,-107.948,,,,,,0,0,,1691.959,1696.588,1701.861,1708.222,1690.391,1695.53,1700.687,,,1691.288,1684.96,,,,,,,,,,,,,,,,,,,,,,,,,,0.275,-37.67,-0.136,-16.956,-19.754,-39.883,-12.33,-62.04,20.672,-47.914,15.841,-64.872,57.102,-93.835,15.203,-125.307,-43.529,-92.218,0.103,-36.979,,"편하비_",-0.105,-17.015,,"Pring__",-18.448,-41.616,,"ByeolBam",-12.569,-62.291,,"aura_5599",20.636,-47.896,,"소솨소솨",15.537,-63.558,,"kneesohime",57.09,-93.842,,"schmoneymikey",15.209,-125.312,,"임 재 천",-43.528,-92.217,,,,,,,,,,,,,,,,,,,,,,,,,,,,,,,,,,,,,,,,,,,,,,,,,,,,,,,,"",4,-37.435,-37.435,-11.437,0,2,0.385,33.617,21.014,31.527,33.238,0.028,-82.7,0,"",1690.391,1695.53,1691.288,0,""
65,,2,0,2,5,0,0,2,0,0,0,255,255,255,36,1723.632,"Pugeuk",R,27,91,140,0.522,0.027,0.506,1.504,0.238,1.487,-36.636,25.915,62,38,0,0,"",-19.36,-137.132,8.234,0,0,2,"=","=","=","=","=","=","=","=","=",3,R,"Riyaj",170,80,0.24,,70,W,Y,1,,,,,,,,,,,,,,,,,,,,,,,,,,,,,0,0,,,,,,,,,,,,,,,,,,,,,,,,,,,,,,,,,,,,,,0.195,-37.671,-0.016,-16.868,-22.107,-47.922,-13.212,-64.381,22.37,-50.51,13.25,-64.667,56.276,-91.448,1.752,-125.321,-43.713,-92.081,,,,"",,,,"",,,,"",,,,"",,,,"",,,,"",,,,"",,,,"",,,,,,,,,,,,,,,,,,,,,,,,,,,,,,,,,,,,,,,,,,,,,,,,,,,,,,,,,,"",0,,,,,,,,,,,,,0,"",,,,0,""
66,,2,0,2,5,0,1,2,0,0,0,255,255,255,37,1738.586,"Pugeuk",R,26,87,140,1.4,0.305,0.588,1.53,0.623,1.582,-36.636,30.331,42,58,0,0,"",-23.275,-200,22.538,0,0,2,"=","=","=","=","=","=","=","=","=",3,R,"Riyaj",170,80,0.24,,70,W,Y,1,,,,,,,,,,,,,,,,,,,,,,,,,,,,,0,0,,,,,,,,,,,,,,,,,,,,,,,,,,,,,,,,,,,,,,0.183,-37.539,-0.013,-16.947,-21.974,-48.06,-13.18,-64.411,20.538,-48.631,13.088,-63.967,55.125,-95.356,3.323,-117.567,-43.686,-92.119,,,,"",,,,"",,,,"",,,,"",,,,"",,,,"",,,,"",,,,"",,,,,,,,,,,,,,,,,,,,,,,,,,,,,,,,,,,,,,,,,,,,,,,,,,,,,,,,,,"",0,,,,,,,,,,,,,0,"",,,,0,""
67,,2,0,2,5,0,2,2,0,0,0,255,255,255,38,1752.784,"Pugeuk",R,26,76,127,1.441,2.367,0.569,1.843,0.532,2.712,-36.636,44.513,91,9,0,1,"",51.562,-200,23.771,0,0,2,"=","=","=","=","=","=","=","=","=",3,R,"Riyaj",170,80,0.24,,70,W,Y,0,,,,,,,,,,,,,,,,,,,,,,,,,,,,,0,0,,,,,,,,,,,,,,,,,,,,,,,,,,,,,,,,,,,,,,0.22,-37.506,0.033,-16.953,-21.996,-48.043,-13.659,-64.343,21.979,-49.392,13.069,-63.991,55.094,-95.508,3.308,-117.536,-43.687,-92.119,,,,"",,,,"",,,,"",,,,"",,,,"",,,,"",,,,"",,,,"",,,,,,,,,,,,,,,,,,,,,,,,,,,,,,,,,,,,,,,,,,,,,,,,,,,,,,,,,,"",0,,,,,,,,,,,,,0,"",,,,0,""
68,SIDE,2,0,2,5,1,2,2,0,0,0,255,255,255,,1763.499,,,,,,,,,,,,,,,,,,,,,,,,2,"=","=","=","=","=","=","=","=","=",,,,,,,,,,,,,,,,,,,,,,,,,,,,,,,,,,,,,,,0,0,,,,,,,,,,,,,,,,,,,,,,,,,,,,,,,,,,,,,,,,,,,,,,,,,,,,,,,,,,,,,,,,,,,,,,,,,,,,,,,,,,,,,,,,,,,,,,,,,,,,,,,,,,,,,,,,,,,,,,,,,,,,,,,,,,,,,,,,,,,,,,,,,"",0,,,,,,,,,,,,,0,"",,,,0,""
69,,3,1,2,5,0,0,0,0,0,0,255,255,255,25,1812.633,"-라후이-",R,32,84,136,-0.8,-0.074,0.145,1.304,-0.594,1.401,-36.79,15.86,2,98,0,2,"",250,-200,21.618,0,0,8,"편하비_","Pring__","임 재 천","aura_5599","Pugeuk","ByeolBam","소솨소솨","kneesohime","schmoneymikey",7,L,"schmoneymikey",175.2,80,0.347,3,41,W,Y,1,1813.698,223,153,63,0,0,,104,71,20.875,-30.565,-0.053,0.947,-20.058,-0.14,0,0.331,210.882,-407.001,73.657,,,,1809.411,4,21.112,3.295,-51.849,0,0,,,,,,,,,,,,,,,1816.558,8,,453,0,,,,,,,,,,,,,,,,,,,0.226,-37.429,0.062,-17.612,-19.687,-46.785,-12.015,-62.35,24.175,-50.786,13.512,-63.292,42.662,-93.087,-0.573,-118.837,-43.317,-93.057,0.021,-36.733,,"Kr_Luna",0.051,-17.61,,"Fresh825",-19.709,-46.783,,"Riyaj",-11.151,-62.506,,"_Gosomi",24.219,-50.628,90,"CoalCat",13.307,-62.652,,"하루（Haru）",42.661,-93.08,,"YukihiroD",-0.782,-115.347,,"ddil_ddil69",-43.303,-93.018,,1819.952,0.406,-38.646,,,,,,,,,,1816.573,21.689,-52.867,,,,,,,,,,,,,,,,,,,,,,,,,1818.634,20.445,-51.671,,,,,,,,,,,,,"",1,,,,,,,,,,,,,0,"_Gosomi",,,,32,""
70,,3,1,2,5,0,0,1,0,0,0,255,255,255,26,1836.556,"-라후이-",R,13,62,104,-1.308,-1.179,0.804,1.263,0.188,1.381,-36.79,58.07,0,100,0,4,"",-381.573,295.157,-8.367,0,0,0,"=","=","=","=","=","=","=","=","=",1,R,"편하비_",180.3,94.705,0.605,,70,W,Y,1,,,,,,,,,,,,,,,,,,,,,,,,,,,,,0,0,,,,,,,,,,,,,,,,,,,,,,,,,,,,,,,,,,,,,,0.222,-37.453,0.055,-17.614,-22.794,-48.274,-12.189,-63.557,22.889,-51.074,12.356,-63.577,44.91,-97.563,-12.874,-113,-44.82,-92.945,,,,"",,,,"",,,,"",,,,"",,,,"",,,,"",,,,"",,,,"",,,,1840.256,-0.294,-37.485,,,,,,,,,,,,,,,,,,,,,,,,,,,,,,,,,,,,,,,,,,,,,,,,,,,,"",0,,,,,,,,,,,,,0,"",,,,0,""
71,,3,1,2,5,0,1,1,0,0,0,255,255,255,27,1851.679,"-라후이-",R,13,72,111,-2.324,-0.589,0.568,1.363,-0.113,1.618,-36.79,34.226,2,98,0,2,"",-390.434,312.348,19.176,0,0,0,"=","=","=","=","=","=","=","=","=",1,R,"편하비_",180.3,94.705,0.605,3,70,W,Y,1,1852.558,163,95,86,54,20,,144,83,26.6,50.64,-0.356,0.833,-21.129,1,0,0.573,-407.238,334.126,265.764,1847.952,-38.355,-49.384,,,,,,0,0,,,,,,,,,,,,,,,,,,,,,,,,,,,,,,,,,,,,,,0.232,-37.36,0.056,-17.606,-23.127,-47.984,-12.158,-64.133,23.044,-51.583,11.676,-63.553,45.035,-97.398,-12.829,-113.054,-44.557,-93.164,-0.159,-36.563,,"Kr_Luna",0.023,-17.633,,"Fresh825",-23.125,-47.98,,"Riyaj",-12.317,-63.951,,"_Gosomi",23.08,-51.493,,"CoalCat",11.66,-63.417,,"하루（Haru）",44.876,-97.687,,"YukihiroD",-12.668,-113.035,,"ddil_ddil69",-44.528,-93.191,,,,,,,,,,,,,,,,,,,,,,,,,,,,,,,,,,,,,,,,,,,,,,,,,,,,,,,,"",3,,,,,,,,,,,,,0,"",,,,0,""
72,,3,1,2,5,0,2,1,0,0,0,255,255,255,28,1871.493,"-라후이-",R,14,65,107,0.186,-1.257,0.493,1.142,-0.68,1.34,-36.79,31.219,0,100,0,2,"",379.786,312.348,-6.708,0,0,0,"=","=","=","=","=","=","=","=","=",1,R,"편하비_",180.3,94.705,0.605,3,70,W,Y,1,1872.378,113,144,100,43,20,,137,107,-13.983,-38.39,0.27,0.543,-21.135,0.9,0,0.525,-244.653,-64.635,-372.263,1865.294,1.743,-22.994,1866.886,4,20.638,0.059,-46.575,0,1,,1878.026,,,,,,,,,,,,,1877.334,0,,147,32,,,,,,,,,,,,,,,,,,,0.289,-37.563,0.056,-17.603,-22.713,-47.414,-13.301,-62.562,22.691,-51.812,12.095,-63.839,45.323,-104.332,-13.555,-112.844,-43.354,-93.276,0.132,-36.341,,"Kr_Luna",0.036,-17.598,,"Fresh825",-22.71,-47.412,74,"Riyaj",-13.217,-62.595,,"_Gosomi",22.657,-51.717,107,"CoalCat",12.055,-63.69,,"하루（Haru）",45.216,-104.372,,"YukihiroD",-13.554,-112.843,,"ddil_ddil69",-43.353,-93.33,,1881.302,-0.756,-37.868,,,,1876.741,-19.197,-39.795,,,,1874.025,21.099,-47.398,,,,,,,,,,,,,,,,,,,1880.118,-18.482,-39.916,,,,1875.172,14.9,-45.465,,,,,,,,,,,,,"",2,,,,,,,,,,,,,0,"_Gosomi",,,,288,""
73,,3,1,2,5,0,0,2,0,0,0,255,255,255,29,1893.123,"-라후이-",R,32,94,140,-0.41,0.123,0.314,1.441,-0.536,1.593,-36.79,22.161,0,100,0,2,"",250,-115.688,20.512,0,0,1,"=","=","=","=","=","=","=","=","=",2,L,"Pring__",190,93.125,0.431,5,69,W,Y,1,1894.078,170,153,81,91,77,,145,111,26.507,21.516,-0.07,1.099,-21.133,0.9,0,0.599,560.958,-175.684,-120.257,1892.311,-33.554,-115.049,1895.144,8,-35.216,0.055,-122.223,1,0,,1900.112,1904.696,,,,,,,,,,,,,,,,,,,,,,,,,,,,,,,,,,,0.123,-37.389,0.063,-17.607,-19.331,-46.712,-11.749,-61.637,25.682,-50.054,14.16,-62.526,49.738,-100.517,-0.098,-124.97,-43.859,-93.138,-0.084,-36.537,,"Kr_Luna",0.055,-17.612,,"Fresh825",-19.328,-46.705,,"Riyaj",-11.585,-61.731,,"_Gosomi",25.647,-49.994,,"CoalCat",14.198,-62.345,79,"하루（Haru）",49.563,-100.791,,"YukihiroD",0.281,-124.972,,"ddil_ddil69",-43.864,-93.136,115,1909.55,0.615,-39.384,,,,,,,,,,,,,1906.21,-0.432,-59.569,,,,,,,1902.129,-35.009,-121.511,,,,,,,,,,,,,,,,1908.362,2.458,-58,,,,,,,1903.414,-31.026,-115.38,"",2,22.181,22.181,11.189,0,2,0.365,84.02,36.625,-1.375,88.614,0.072,15.911,0,"ddil_ddil69",1904.696,,,136,""
74,,3,1,2,5,0,0,2,0,1,0,255,2,255,30,1923.395,"-라후이-",R,32,63,103,0.24,0.02,0.604,1.362,-0.328,1.564,-36.79,44.206,0,100,0,0,"",200.103,-72.482,7.447,0,0,2,"=","=","=","=","=","=","=","=","=",8,R,"임 재 천",190,88,0.44,,69,W,Y,0,,,,,,,,,,,,,,,,,,,,,,,,,,,,,0,0,,,,,,,,,,,,,1934.295,,,,,,,,,,,,,,,,,,,,,,,,,0.168,-37.476,-0.005,-17.559,-22.926,-47.528,-11.402,-61.792,21.341,-49.838,9.99,-63.139,41.008,-97.536,-17.996,-113.106,-44.405,-93.219,,,,"",,,,"",,,,"",,,,"",,,,"",,,,"",,,,"",,,,"",,,,1928.052,-0.049,-37.421,,,,,,,,,,,,,,,,,,,,,,,,,,,,,,,,,,,,,,,,,,,,,,,,,,,,"",0,,,,,,,,,,,,,0,"",1926.095,,,0,""
75,,3,1,2,5,0,1,2,0,1,0,255,2,255,31,1935.897,"-라후이-",R,32,71,110,-1.549,-0.805,0.67,1.419,-0.119,1.68,-36.79,55.448,0,100,0,2,"",209.25,-104.306,0.818,0,0,2,"=","=","=","=","=","=","=","=","=",8,R,"임 재 천",190,88,0.44,5,69,W,Y,1,1937.121,100,89,53,48,17,,130,80,0.995,7.341,0.134,1.121,-20.204,-1,0,0.369,176.753,-562.361,7.553,1930.786,-1.564,-37.384,1931.136,0,-1.534,0.208,-36.91,0,0,,,,,,,,,,,,,,,1938.302,2,,449,0,,,,,,,,,,,,,,,,,,,0.129,-37.535,-0.007,-17.553,-23.077,-47.377,-11.553,-62.281,22.358,-48.874,10.308,-62.957,40.878,-97.613,-15.045,-115.78,-44.324,-93.311,-0.204,-36.61,120,"Kr_Luna",-0.025,-17.571,,"Fresh825",-23.083,-47.367,,"Riyaj",-11.455,-62.206,,"_Gosomi",22.048,-48.326,,"CoalCat",10.326,-62.789,,"하루（Haru）",40.926,-97.857,,"YukihiroD",-15.195,-115.77,,"ddil_ddil69",-44.443,-93.203,,1938.311,-1.734,-37.6,,,,,,,,,,,,,,,,,,,,,,,,,1939.531,-1.251,-42.218,,,,,,,,,,,,,,,,,,,,,,,,,"",1,0.772,0.772,10.305,0,0,1,0.995,0.995,-0.701,0.995,0,-13.846,0,"-라후이-",,,,0,""
76,SIDE,3,1,2,5,0,0,2,0,1,0,255,2,255,,1941.924,,,,,,,,,,,,,,,,,,,,,,,,3,"=","=","=","=","=","=","=","=","=",,,,,,,,,,,,,,,,,,,,,,,,,,,,,,,,,,,,,,,0,0,,,,,,,,,,,,,,,,,,,,,,,,,,,,,,,,,,,,,,,,,,,,,,,,,,,,,,,,,,,,,,,,,,,,,,,,,,,,,,,,,,,,,,,,,,,,,,,,,,,,,,,,,,,,,,,,,,,,,,,,,,,,,,,,,,,,,,,,,,,,,,,,,"",0,,,,,,,,,,,,,0,"",,,,0,""
77,,3,0,2,5,0,0,0,0,0,0,255,255,255,39,1978.088,"Pugeuk",R,26,97,140,1.446,-1.163,0.619,1.289,0.765,0.745,-36.636,29.511,45,55,0,1,"",-113.388,-200,14.169,0,0,3,"vovopo 보보포","Kr_Luna","Riyaj","ddil_ddil69","하루（Haru）","_Gosomi","YukihiroD","CoalCat","Fresh825",8,R,"ddil_ddil69",176.7,89.974,0.546,,69,W,Y,0,,,,,,,,,,,,,,,,,,,,,,,,,,,,,0,0,,,,,,,,,,,,,,,,,,,,,,,,,,,,,,,,,,,,,,0.249,-37.589,-0.023,-16.966,-22.563,-48.359,-14.352,-64.49,19.594,-49.624,12.997,-64.488,52.896,-104.068,0.276,-113.919,-40.855,-87.471,,,,"",,,,"",,,,"",,,,"",,,,"",,,,"",,,,"",,,,"",,,,,,,,,,,,,,,,,,,,,,,,,,,,,,,,,,,,,,,,,,,,,,,,,,,,,,,,,,"",0,,,,,,,,,,,,,0,"",,,,0,""
78,,3,0,2,5,1,0,0,0,0,0,255,255,255,40,1993.72,"Pugeuk",R,26,79,129,1.463,0.455,0.59,1.559,0.63,1.685,-36.636,30.384,62,38,0,2,"",-6.908,-183.535,22.642,0,0,3,"=","=","=","=","=","=","=","=","=",8,R,"ddil_ddil69",176.7,89.974,0.546,5,69,W,Y,1,1994.94,208,71,179,63,43,,145,91,112.532,-24.84,0.264,1.082,-20.092,-0.66,0,0.552,335.838,66.753,438.189,,,,,,,,,0,0,,,,,1998.849,,,,,,,,,,,,,,,,,,,,,,,,,,,,,,,,,0.175,-37.406,0.007,-17.016,-22.308,-48.514,-14.388,-64.47,20.781,-50.944,12.362,-64.661,50.295,-109.682,0.113,-115.004,-40.956,-87.319,0.48,-36.756,,"편하비_",-0.059,-17.143,,"Pring__",-22.345,-48.445,,"ByeolBam",-14.391,-64.469,,"aura_5599",20.669,-50.834,,"소솨소솨",12.338,-64.646,,"kneesohime",50.274,-109.679,,"schmoneymikey",0.183,-114.845,,"임 재 천",-40.919,-87.302,,,,,,,,,,,,,,,,,,,,,,,,,,,,,,,,,,,,,,,,,,,,,,,,,,,,,,,,"",3,-23.68,-23.68,-5.521,0,1,0.728,76.882,67.468,-3.248,61.151,0.069,-33.89,0,"",,,,0,""
79,,3,0,2,5,1,1,0,0,0,0,255,255,255,41,2013.046,"Pugeuk",R,13,76,114,1.445,0.523,0.733,1.745,1.296,2.334,-36.636,43.592,85,15,0,2,"",-389.006,314.125,10.03,0,0,3,"=","=","=","=","=","=","=","=","=",8,R,"ddil_ddil69",176.7,89.974,0.546,5,69,W,Y,1,2014.29,211,89,122,47,31,,145,101,50.174,-12.155,0.242,1.081,-20.07,-0.16,0,0.59,374.992,-49.921,6.17,2013.486,16.536,-88.627,2014.927,7,17.749,1.514,-93.697,1,8,,2019.915,2024.148,,,,,,,,,,,,2024.861,3,1,276,256,,,,,,,,,,,,,,,,,,,0.239,-37.566,-0.04,-16.604,-22.538,-48.353,-14.69,-64.317,20.311,-48.952,12.385,-65.131,50.557,-109.133,-1.855,-113.154,-41.162,-87.143,0.156,-36.953,,"편하비_",-0.043,-16.855,,"Pring__",-22.386,-48.4,,"ByeolBam",-14.689,-64.316,90,"aura_5599",21.224,-49.388,,"소솨소솨",12.359,-65.039,,"kneesohime",50.559,-109.131,,"schmoneymikey",-3.269,-113.275,114,"임 재 천",-41.155,-87.159,,2026.839,-0.898,-40.416,,,,,,,2024.157,-0.13,-59.479,,,,,,,,,,2021.909,17.948,-94.473,,,,,,,,,,,,,2026.078,-2.685,-51.817,,,,,,,,,,2022.677,14.765,-89.56,,,,"",2,-8.716,-8.716,-2.679,0,1,0.628,64.861,50.174,-5.876,82.604,0.065,-12.672,0,"schmoneymikey",2024.148,,,304,""
80,,3,0,2,5,0,0,1,0,0,0,255,255,255,42,2046.787,"Pugeuk",R,14,84,108,-1.295,-0.787,0.033,1.538,-1.306,1.625,-36.636,9.343,49,51,0,2,"",383.336,312.348,27.217,0,0,4,"=","=","=","=","=","=","=","=","=",6,L,"하루（Haru）",174.7,85,0.397,3,69,W,Y,1,2047.973,91,207,114,131,59,,134,75,-10.746,-46.942,0.008,0.823,-20.823,1,0.238,0.19,-68.23,476.175,255.156,2041.027,3.647,-24.274,2043.011,4,20.257,0.055,-42.412,0,0,,2054.321,,,,,,,,,,,,,2053.617,4,,147,8,,,,,,,,,,,,,,,,,,,-0.059,-37.49,-0.056,-16.943,-23.028,-48.704,-12.062,-64.828,21.19,-50.597,13.975,-65.379,47.682,-101.824,0.18,-119.073,-41.281,-87.547,0.464,-36.782,,"편하비_",-0.145,-17.064,,"Pring__",-22.969,-48.53,96,"ByeolBam",-12.062,-64.825,,"aura_5599",20.349,-49.716,102,"소솨소솨",13.877,-63.844,,"kneesohime",51.874,-101.214,,"schmoneymikey",0.564,-118.691,,"임 재 천",-41.302,-87.542,,2056.246,-0.582,-38.577,,,,2052.907,-18.335,-39.391,,,,2050.16,20.881,-43.276,,,,,,,,,,,,,,,,,,,2055.217,-17.832,-39.588,,,,2051.378,14.505,-42.433,,,,,,,,,,,,,"",2,,,,,,,,,,,,,0,"aura_5599",,,,26,""
81,,3,0,2,5,0,0,2,0,0,0,255,255,255,43,2070.556,"Pugeuk",R,13,79,117,0.01,-0.482,0.542,1.605,0.405,1.849,-36.636,33.951,34,66,0,2,"",-243.24,400,18.272,0,0,5,"=","=","=","=","=","=","=","=","=",4,R,"_Gosomi",175,85.368,0.454,5,69,W,Y,1,2071.724,194,68,90,129,64,,145,104,25.487,25.611,-0.012,0.754,-20.195,0.02,0,0.346,382.979,417.03,65.893,2068.461,-47.354,-97.547,2068.677,8,-44.905,2.966,-94.145,0,0,,2077.144,,,,,,,,,,,,,2076.787,5,,457,0,,,,,,,,,,,,,,,,,,,0.097,-38.056,-0.057,-17.022,-22.989,-48.789,-14.279,-63.699,21.047,-48.319,11.546,-64.697,49.431,-96.973,3.349,-116.73,-41.282,-87.537,-0.43,-37.184,,"편하비_",-0.057,-17.098,,"Pring__",-22.91,-48.675,,"ByeolBam",-14.282,-63.685,,"aura_5599",21.138,-49.302,,"소솨소솨",11.225,-64.763,,"kneesohime",49.44,-96.987,,"schmoneymikey",3.413,-116.72,,"임 재 천",-41.284,-87.536,,,,,,,,,,,,,,,,,,,,,,,,,,2076.804,-45.206,-94.984,,,,,,,,,,,,,,,,,,,,,,,,,,,,"",1,28.517,28.517,11.496,0,1,0.463,84.56,30.904,-7.096,82.507,0.051,36.938,0,"임 재 천",,,,4,""
82,SIDE,3,0,2,5,0,0,2,0,0,0,255,255,255,,2079.183,,,,,,,,,,,,,,,,,,,,,,,,6,"=","=","=","=","=","=","=","=","=",,,,,,,,,,,,,,,,,,,,,,,,,,,,,,,,,,,,,,,0,0,,,,,,,,,,,,,,,,,,,,,,,,,,,,,,,,,,,,,,,,,,,,,,,,,,,,,,,,,,,,,,,,,,,,,,,,,,,,,,,,,,,,,,,,,,,,,,,,,,,,,,,,,,,,,,,,,,,,,,,,,,,,,,,,,,,,,,,,,,,,,,,,,"",0,,,,,,,,,,,,,0,"",,,,0,""
83,,4,1,2,5,0,0,0,0,0,0,255,255,255,32,2121.551,"-라후이-",R,32,84,136,1.854,0.126,0.351,1.281,0.383,1.58,-36.79,23.384,2,98,0,2,"",250,-200,16.796,0,0,3,"편하비_","Pring__","임 재 천","aura_5599","Pugeuk","ByeolBam","소솨소솨","kneesohime","schmoneymikey",4,R,"aura_5599",190,94.523,0.448,3,69,W,Y,1,2122.628,171,109,72,72,48,,144,86,25.428,16.554,0.28,1.164,-20.434,-1,0,0.212,346.802,-134.313,-417.149,2119.469,-18.526,-94.36,2119.635,7,-18.025,1.816,-92.275,0,0,,,,,,,,,,,,,,,2127.883,3,,456,0,,,,,,,,,,,,,,,,,,,0.167,-37.283,0.003,-17.422,-22.178,-46.338,-12.964,-63.221,23.838,-51.188,11.676,-63.176,48.097,-98.97,-13.326,-108.005,-44.697,-93.372,0.091,-36.526,,"Kr_Luna",0.056,-17.369,,"Fresh825",-21.444,-46.062,,"Riyaj",-12.959,-63.196,,"_Gosomi",23.835,-51.222,,"CoalCat",11.701,-63.091,85,"하루（Haru）",47.273,-99.984,,"YukihiroD",-13.187,-107.98,,"ddil_ddil69",-44.673,-93.397,,2137.819,-0.765,-41.809,,,,,,,,,,,,,2134.897,-12.374,-66.072,,,,2127.894,-18.226,-92.866,,,,,,,,,,,,,,,,,,,2136.358,-12.993,-64.088,,,,,,,,,,"",1,,,,,,,,,,,,,0,"YukihiroD",,,,192,""
84,,4,1,2,5,0,0,1,0,0,0,255,255,255,33,2164.378,"-라후이-",R,10,77,118,-2.487,-0.937,0.517,1.247,-1.098,1.525,-36.79,37.476,11,89,0,1,"",0,400,-23.081,-0.72,-16.086,4,"=","=","=","=","=","=","=","=","=",0,R,"Pugeuk",190,96.323,0.419,,69,W,Y,0,,,,,,,,,,,,,,,,,,,,,,,,,,,,,0,0,,,,,,,,,,,,,,,,,,,,,,,,,,,,,,,,,,,,,,0.108,-37.14,0.003,-17.414,-22.533,-48.101,-11.953,-62.553,22.611,-52.058,11.073,-63.646,47.305,-106.398,-14.774,-114.38,-43.649,-94.093,,,,"",,,,"",,,,"",,,,"",,,,"",,,,"",,,,"",,,,"",,,,,,,,,,,,,,,,,,,,,,,,,,,,,,,,,,,,,,,,,,,,,,,,,,,,,,,,,,"",0,,,,,,,,,,,,,0,"",,,,0,""
85,,4,1,2,5,1,0,1,0,0,0,255,255,255,34,2177.578,"-라후이-",R,13,75,113,-1.328,-0.119,0.79,1.427,0.099,1.969,-36.79,53.762,5,95,0,0,"",-381.409,323.307,-16.318,0,0,4,"=","=","=","=","=","=","=","=","=",0,R,"Pugeuk",190,96.323,0.419,,69,W,Y,1,,,,,,,,,,,,,,,,,,,,,,,,,,,,,0,0,,,,,,,,,,,,,,,,,,,,,,,,,,,,,,,,,,,,,,0.181,-37.29,0.001,-17.414,-22.4,-48.086,-12.067,-62.674,22.566,-51.848,11.209,-63.415,41.268,-107.444,-16.078,-113.576,-43.635,-94.125,,,,"",,,,"",,,,"",,,,"",,,,"",,,,"",,,,"",,,,"",,,,,,,,,,,,,,,,,,,,,,,,,,,,,,,,,,,,,,,,,,,,,,,,,,,,,,,,,,"",0,,,,,,,,,,,,,0,"",,,,0,""
86,,4,1,2,5,1,1,1,0,0,0,255,255,255,35,2188.892,"-라후이-",R,13,67,109,-2.24,-0.316,0.588,1.332,-0.547,1.992,-36.79,41.907,6,94,0,4,"",-224.782,400,-33.341,0,0,4,"=","=","=","=","=","=","=","=","=",0,R,"Pugeuk",190,96.323,0.419,,69,W,Y,1,,,,,,,,,,,,,,,,,,,,,,,,,,,,,0,0,,,,,,,,,,,,,,,,,,,,,,,,,,,,,,,,,,,,,,0.122,-37.436,0.018,-17.416,-22.806,-47.907,-12.106,-62.654,23.053,-51.438,11.232,-63.382,44.002,-107.426,-15.773,-113.602,-43.688,-94.104,,,,"",,,,"",,,,"",,,,"",,,,"",,,,"",,,,"",,,,"",,,,,,,,,,,,,,,,,,,,,,,,,,,,,,,,,,,,,,,,,,,,,,,,,,,,,,,,,,"",0,,,,,,,,,,,,,0,"",,,,0,""
87,,4,1,2,5,1,2,1,0,0,0,255,255,255,36,2202.883,"-라후이-",R,13,64,106,1.54,-1.025,0.849,1.377,1.421,1.442,-36.79,62.872,2,98,0,2,"",-376.237,312.348,-31.379,0,0,4,"=","=","=","=","=","=","=","=","=",0,R,"Pugeuk",190,96.323,0.419,3,69,W,Y,1,2204.177,215,93,99,122,48,,145,122,-15.53,-36.664,0.354,0.738,-21.267,0.78,0,0.951,-258.66,252.434,-374.647,2196.002,2.094,-23.615,2202.894,6,67.201,0.06,-100.962,1,0,,2209.967,2214.885,,,,,,,,,,,,,,,,,,,,,,,,,,,,,,,,,,,0.17,-37.453,0.02,-17.424,-22.572,-48.171,-11.892,-62.729,23.206,-51.563,12.126,-63.256,44.15,-104.305,-15.728,-113.611,-44.084,-93.242,0.002,-36.39,,"Kr_Luna",0.05,-17.36,,"Fresh825",-22.553,-47.964,,"Riyaj",-12.188,-62.522,,"_Gosomi",23.04,-51.468,,"CoalCat",12.15,-63.127,85,"하루（Haru）",43.863,-104.29,100,"YukihiroD",-15.959,-113.592,,"ddil_ddil69",-43.996,-93.174,,2219.384,0.424,-40.908,,,,,,,,,,,,,2215.56,14.485,-66.988,2211.066,65.923,-100.591,,,,,,,,,,,,,,,,,,,,,,2217.991,9.973,-63.274,2212.858,61.08,-95.187,,,,,,,"",2,,,,,,,,,,,,,0,"하루（Haru）",2214.885,,,144,""
88,,4,1,2,5,0,0,1,0,1,0,255,0,255,37,2235.94,"-라후이-",R,32,85,138,3.795,-0.108,0.607,1.375,-0.242,1.461,-36.79,37.18,5,95,0,2,"",250,-200,12.882,0,0,5,"=","=","=","=","=","=","=","=","=",3,R,"ByeolBam",175.3,88,0.5,0,69,W,Y,1,2236.869,210,171,104,77,34,,145,98,5.139,23.224,0.051,0.951,-20.119,-0.43,0,0.267,69.312,74.396,-26.207,2230.036,-13.556,-51.339,2233.044,8,-28.571,0.057,-85.025,1,0,,2243.358,,,,,,,2244.508,,,,2239.267,,,,,,,,,,,,,,,,,,,,,,,,,0.179,-37.294,-0.012,-17.718,-24.987,-48.877,-0.321,-59.397,21.36,-44.718,1.015,-59.65,43.167,-97.993,-14.933,-110.816,-43.046,-93.619,0.089,-36.596,,"Kr_Luna",-0.021,-17.665,,"Fresh825",-24.727,-49.138,,"Riyaj",-3.977,-59.074,,"_Gosomi",20.469,-47.264,85,"CoalCat",3.582,-61.202,,"하루（Haru）",44.267,-99.788,,"YukihiroD",-15.082,-110.365,,"ddil_ddil69",-43.057,-93.64,102,2251.275,1.853,-38.197,,,,,,,,,,2245.347,14.558,-43.323,,,,,,,,,,2241.009,-29.182,-85.915,,,,,,,,,,,,,2250.648,9.739,-39.925,,,,,,,,,,2243.078,-20.608,-73.916,"",2,,,,,,,,,,,,,0,"ddil_ddil69",2239.14,2244.508,,40,""
89,,4,1,2,5,0,0,1,1,0,1,3,255,0,38,2264.592,"-라후이-",R,14,64,106,1.662,-1.787,0.684,1.116,-0.021,1.011,-36.79,53.088,0,70,30,1,"",376.237,312.348,52.742,0.401,-18.571,6,"=","=","=","=","=","=","=","=","=",5,R,"소솨소솨",180.9,80,0.501,,69,W,Y,0,,,,,,,,,,,,,,,,,,,,,,,,,,,,,0,0,,,,,,,,,,,,,,,,,,,,,,,,,,,,,,,,,,,,,,0.194,-37.416,-0.002,-17.645,-18.931,-39.73,-11.786,-63.533,21.365,-42.423,8.546,-61.371,42.386,-99.177,-16.781,-112.555,-43.575,-93.769,,,,"",,,,"",,,,"",,,,"",,,,"",,,,"",,,,"",,,,"",,,,2269.162,-0.219,-37.221,,,,,,,,,,,,,,,,,,,,,,,,,,,,,,,,,,,,,,,,,,,,,,,,,,,,"",0,,,,,,,,,,,,,0,"",,,,0,""
90,,4,1,2,5,1,0,1,1,0,1,3,255,0,39,2276.832,"-라후이-",R,14,64,106,0.811,-0.494,0.646,1.224,-0.445,1.415,-36.79,47.538,0,100,0,2,"BH-",376.237,312.348,57.051,0,0,6,"=","=","=","=","=","=","=","=","=",5,R,"소솨소솨",180.9,80,0.501,0,69,W,Y,1,2278.054,133,175,50,104,48,,133,95,-30,3.268,0.106,0.389,-20.093,0.97,0,0.564,-399.937,149.914,227.546,2269.802,0.074,-20.664,2272.369,5,-2.536,0.171,-61.144,1,0,,2284.21,,,,2283.99,,,,,2283.159,2278.045,,2277.068,2282.246,5,1,166,4,,,,,,,,,,,2285.698,2,2281.657,5,,,,,0.169,-37.474,-0.004,-17.661,-18.89,-39.753,-11.906,-63.386,22.006,-46.553,8.166,-61.251,42.514,-99.107,-18.035,-112.716,-43.53,-93.809,0.033,-36.961,,"Kr_Luna",-0.021,-17.634,,"Fresh825",-18.877,-39.734,66,"Riyaj",-12.137,-63.283,84,"_Gosomi",22.111,-46.515,,"CoalCat",8.174,-61.105,107,"하루（Haru）",42.218,-99.231,,"YukihiroD",-18.296,-112.724,,"ddil_ddil69",-43.52,-93.808,,2291.875,-1.041,-38.33,,,,2285.24,-18.8,-40.663,2280.666,-3.137,-62.492,,,,2280.591,-1.257,-61.256,,,,,,,,,,,,,,,,2290.631,-17.78,-38.428,2284.077,-6.01,-55.476,,,,2282.158,-2.397,-57.162,,,,,,,,,,"",2,,,,,,,,,,,,,0,"CoalCat",2283.99,,2283.159,388,""
91,,4,1,3,5,0,0,2,1,0,0,5,255,255,40,2304.912,"-라후이-",R,14,64,106,0.755,-1.232,0.692,1.212,-0.426,1.311,-36.79,49.982,0,100,0,1,"",368.798,321.76,16.913,0,0,7,"=","=","=","=","=","=","=","=","=",6,R,"kneesohime",190,85,0.497,,69,W,Y,0,,,,,,,,,,,,,,,,,,,,,,,,,,,,,0,0,,,,,,,,,,,,2305.029,,,,,,,,,,,,,,,,,,,,,,,,,,0.215,-37.48,-0.147,-17.773,-18.971,-39.708,-13.882,-63.561,25.151,-51.135,10.273,-62.467,41.75,-93.643,-19.96,-109.346,-43.966,-92.604,,,,"",,,,"",,,,"",,,,"",,,,"",,,,"",,,,"",,,,"",,,,2309.746,-0.2,-37.187,,,,,,,,,,,,,,,,,,,,,,,,,,,,,,,,,,,,,,,,,,,,,,,,,,,,"",0,,,,,,,,,,,,,0,"",,,,0,""
92,,4,1,3,5,1,0,2,1,0,0,5,255,255,41,2316.029,"-라후이-",R,3,60,103,-0.528,-0.471,0.833,1.208,0.741,1.349,-36.79,55.826,0,100,0,2,"",-468.182,0,-27.064,0,0,7,"=","=","=","=","=","=","=","=","=",6,R,"kneesohime",190,85,0.497,3,69,W,Y,1,2317.312,255,157,142,96,70,,145,129,18.427,35.104,-0.065,0.861,-20.712,0.69,0,0.283,307.527,152.367,216.217,2313.486,-61.381,-103.965,2314.686,8,-57.98,0.37,-102.393,1,0,,2323.187,,,,2322.098,2326.936,,,,,2316.204,,,,,,,,,,,,,,,,,,,,,,,,,,0.279,-37.475,0.028,-17.49,-18.97,-39.798,-10.776,-62.803,24.476,-50.809,10.428,-62.635,42.023,-96.562,-15.361,-111.484,-43.953,-92.63,0.076,-36.662,,"Kr_Luna",0.031,-17.494,,"Fresh825",-18.946,-39.782,,"Riyaj",-10.779,-62.769,,"_Gosomi",24.381,-50.732,,"CoalCat",9.9,-62.701,78,"하루（Haru）",43.233,-95.941,,"YukihiroD",-15.632,-111.502,,"ddil_ddil69",-43.972,-92.608,115,2340.52,0.565,-39.926,,,,,,,2326.189,-10.348,-67.796,,,,2330.948,-0.758,-49.098,,,,,,,2322.669,-57.333,-102.151,,,,,,,,,,,,,,,,2339.297,3.305,-58.718,,,,,,,2323.965,-49.975,-98.755,"",2,,,,,,,,,,,,,0,"ddil_ddil69",2322.098,2326.936,,140,""
93,,4,1,3,5,0,0,2,1,0,1,6,255,5,42,2355.052,"-라후이-",R,14,51,97,-0.326,-1.657,0.563,1.233,-0.976,1.245,-36.79,44.402,0,100,0,1,"",344.292,312.348,31.214,-0.006,-18.412,8,"=","=","=","=","=","=","=","=","=",7,L,"schmoneymikey",175.2,80,0.347,,69,W,Y,0,,,,,,,,,,,,,,,,,,,,,,,,,,,,,0,64,,,,,,2359.904,,,,,,,,2357.839,2365.233,6,3,306,0,,,,,,,,,,,,,,,,,,,0.185,-37.523,0.022,-17.584,-18.963,-39.961,-11.056,-60.78,22.747,-45.912,14.932,-60.128,44.57,-95.403,-0.535,-107.767,-42.492,-92.916,,,120,"",,,,"",,,,"",,,,"",,,,"",,,,"",,,,"",,,,"",,,,2358.667,-0.032,-37.231,,,,,,,,,,,,,,,,,,,,,,,,,2364.277,6.711,-27.851,,,,,,,,,,,,,,,,,,,,,,,,,"",0,,,,,,,,,,,,,0,"",2359.904,,,0,""
94,SIDE,4,1,3,5,1,0,2,0,1,0,255,6,255,,2367.212,,,,,,,,,,,,,,,,,,,,,,,,8,"=","=","=","=","=","=","=","=","=",,,,,,,,,,,,,,,,,,,,,,,,,,,,,,,,,,,,,,,0,0,,,,,,,,,,,,,,,,,,,,,,,,,,,,,,,,,,,,,,,,,,,,,,,,,,,,,,,,,,,,,,,,,,,,,,,,,,,,,,,,,,,,,,,,,,,,,,,,,,,,,,,,,,,,,,,,,,,,,,,,,,,,,,,,,,,,,,,,,,,,,,,,,"",0,,,,,,,,,,,,,0,"",,,,0,""
95,,4,0,3,5,0,0,0,0,0,0,255,255,255,44,2411.204,"Pugeuk",R,3,67,97,-2.405,0.479,0.446,1.841,-0.19,1.9,-36.636,50.581,86,11,3,2,"",-377.754,0,43.346,0,0,6,"vovopo 보보포","Kr_Luna","Riyaj","ddil_ddil69","하루（Haru）","_Gosomi","YukihiroD","CoalCat","Fresh825",7,R,"YukihiroD",174.3,80,0.398,3,69,W,Y,1,2412.417,255,134,84,82,38,,145,81,1.478,38.081,-0.354,1.186,-21.436,1,0,0.669,-69.438,470.313,156.241,2404.886,-11.235,-34.628,2405.819,2,-17.864,0.058,-41.62,0,0,,,,,,,,,,,,,,,2415.562,6,,147,0,,,,,,,,,,,2414.87,2,,,,,,,0.055,-38.052,0.014,-17.056,-21.406,-46.681,-15.618,-63.399,20.782,-48.961,12.963,-63.971,56.495,-96.834,-1.751,-113.225,-39.669,-88.885,-0.235,-37.346,,"편하비_",-0.01,-17.106,,"Pring__",-21.383,-46.678,85,"ByeolBam",-15.566,-63.42,,"aura_5599",20.391,-49.026,,"소솨소솨",12.25,-63.564,,"kneesohime",56.522,-96.816,,"schmoneymikey",-0.045,-113.666,,"임 재 천",-39.549,-88.983,,2417.386,-0.741,-38.54,,,,2414.007,-18.647,-42.764,,,,,,,,,,,,,,,,,,,,,,,,,2416.28,-17.743,-39.894,,,,,,,,,,,,,,,,,,,"",2,,,,,,,,,,,,,0,"Pring__",,,,18,""
96,,4,0,3,5,0,0,1,0,0,0,255,255,255,45,2430.435,"Pugeuk",R,4,61,98,2.473,0.82,0.869,1.896,1.411,2.094,-36.636,64.998,76,23,2,1,"",-193.817,0,89.322,0,0,7,"=","=","=","=","=","=","=","=","=",5,R,"CoalCat",174.9,83,0.397,,69,W,Y,0,,,,,,,,,,,,,,,,,,,,,,,,,,,,,0,0,,,,,,,,,,,,,,,,,,,,,,,,,,,,,,,,,,,,,,0.281,-37.69,-0.04,-16.862,-21.544,-47.286,-16.402,-62.526,22.48,-51.227,13.052,-67.064,45.646,-105.317,-0.049,-111.702,-40.474,-89.002,,,,"",,,,"",,,,"",,,,"",,,,"",,,,"",,,,"",,,,"",,,,2436.484,-0.127,-38.069,,,,,,,,,,,,,,,,,,,,,,,,,,,,,,,,,,,,,,,,,,,,,,,,,,,,"",0,,,,,,,,,,,,,0,"",,,,0,""
97,,4,0,3,5,1,0,1,0,0,0,255,255,255,46,2444.29,"Pugeuk",R,26,83,135,0.631,0.094,0.529,1.51,0.346,1.512,-36.636,22.108,50,50,0,2,"",-61.652,-151.675,2.465,0,0,7,"=","=","=","=","=","=","=","=","=",5,R,"CoalCat",174.9,83,0.397,5,69,W,Y,1,2445.45,207,140,107,64,0,,145,84,91.262,49.125,0.119,0.974,-20.501,-1,0,0.544,593.812,-27.398,66.217,2443.494,0.934,-12.468,2443.627,1,0.903,3.315,-12.551,0,0,,,,,,,,,,,,,,,2451.827,7,,450,0,,,,,,,,,,,,,,,,,,,0.203,-37.782,0.025,-17.222,-21.548,-47.318,-16.229,-63.274,20.453,-47.883,12.503,-64.848,45.862,-106.623,1.193,-111.581,-40.451,-89.028,0.463,-36.678,,"편하비_",-0.025,-17.355,118,"Pring__",-21.475,-47.209,,"ByeolBam",-16.328,-63.171,,"aura_5599",21.701,-49.16,,"소솨소솨",12.419,-64.606,,"kneesohime",45.859,-106.615,,"schmoneymikey",1.193,-111.581,,"임 재 천",-40.519,-88.939,,2454.735,-0.523,-39.828,2451.838,0.859,-12.347,,,,,,,,,,,,,,,,,,,,,,,,,2453.663,0.107,-17.152,,,,,,,,,,,,,,,,,,,,,,"",1,50.807,39.804,0.168,0,0,1,88.738,88.738,-1.529,88.738,0,121.11,0,"편하비_",,,,17,""
98,,4,0,3,5,0,0,2,0,0,0,255,255,255,47,2472.629,"Pugeuk",R,29,81,132,1.773,0.759,0.455,1.586,0,1.123,-36.636,33.375,57,43,0,2,"",-236.923,-200,17.673,0,0,8,"=","=","=","=","=","=","=","=","=",2,L,"Fresh825",190,80,0.2,0,50,W,Y,1,2473.649,233,122,130,94,28,,145,93,-23.77,22.694,-0.166,0.809,-19.987,-0.94,0,0.214,-243.977,280.005,-12.888,2465.411,-0.867,-21.655,2467.744,3,-15.921,0.059,-58.519,0,0,,2479.149,,,,,,,,,,,,,2478.359,8,,147,32,,,,,,,,,,,,,,,,,,,0.055,-37.698,0.019,-16.855,-20.733,-46.298,-13.509,-64.113,21.181,-47.313,13.831,-62.921,50.781,-103.939,7.703,-118.005,-40.152,-89.517,-0.069,-36.605,,"편하비_",-0.029,-17.07,,"Pring__",-20.7,-46.261,,"ByeolBam",-13.514,-64.121,106,"aura_5599",20.981,-46.792,,"소솨소솨",14.018,-62.897,,"kneesohime",50.875,-103.819,,"schmoneymikey",7.692,-118.002,,"임 재 천",-40.135,-89.504,,,,,,,,2477.695,-18.928,-40.334,2476.007,-16.621,-59.406,,,,,,,,,,,,,,,,,,,,,,,,,2476.893,-15.9,-55.774,,,,,,,,,,,,,,,,"",2,,,,,,,,,,,,,0,"ByeolBam",,,,34,""
99,SIDE,4,0,3,5,0,0,2,0,0,0,255,255,255,,2480.654,,,,,,,,,,,,,,,,,,,,,,,,0,"=","=","=","=","=","=","=","=","=",,,,,,,,,,,,,,,,,,,,,,,,,,,,,,,,,,,,,,,0,0,,,,,,,,,,,,,,,,,,,,,,,,,,,,,,,,,,,,,,,,,,,,,,,,,,,,,,,,,,,,,,,,,,,,,,,,,,,,,,,,,,,,,,,,,,,2500.958,0.442,-37.946,,,,,,,,,,,,,,,,,,,,,,,,,,,,,,,,,,,,,,,,,,,,,,,,,,,,"",0,,,,,,,,,,,,,0,"",,,,0,""
100,,5,1,3,5,0,0,0,0,0,0,255,255,255,43,2514.82,"-라후이-",R,14,65,107,-0.582,-1.624,0.516,1.151,-1.011,1.163,-36.79,47.278,0,60,40,1,"",377.349,315.454,-9.03,0,0,8,"편하비_","Pring__","임 재 천","aura_5599","Pugeuk","ByeolBam","소솨소솨","kneesohime","schmoneymikey",7,L,"schmoneymikey",175.2,80,0.347,,41,W,Y,0,,,,,,,,,,,,,,,,,,,,,,,,,,,,,0,0,,,,,,,,,,,,,,,,,,,,,,,,,,,,,,,,,,,,,,0.085,-37.348,0.07,-17.638,-19.361,-45.992,-11.436,-60.324,24.472,-51.218,14.298,-62.145,46.304,-98.774,-0.23,-114.671,-43.578,-92.359,,,,"",,,,"",,,,"",,,,"",,,,"",,,,"",,,,"",,,,"",,,,2519.294,-0.149,-37.052,,,,,,,,,,,,,,,,,,,,,,,,,,,,,,,,,,,,,,,,,,,,,,,,,,,,"",0,,,,,,,,,,,,,0,"",,,,0,""
101,,5,1,3,5,1,0,0,0,0,0,255,255,255,44,2529.848,"-라후이-",R,14,65,106,-0.169,-0.851,0.597,1.156,-0.773,1.678,-36.79,46.964,0,100,0,2,"",341.924,352.276,-16.252,0,0,8,"=","=","=","=","=","=","=","=","=",7,L,"schmoneymikey",175.2,80,0.347,5,41,W,Y,1,2531.07,246,160,174,97,21,,145,84,112.677,56.527,0.07,0.87,-21.16,1,0,0.344,64.225,-122.481,-64.296,,,,,,,,,0,0,,,,,,,,,,,,,,,,,,,,,,,,,,,,,,,,,,,,,,0.104,-37.299,0.071,-17.623,-19.304,-45.939,-11.566,-60.363,24.494,-51.146,14.541,-62.026,45.338,-99.468,-1.17,-113.902,-43.591,-92.423,-0.293,-36.507,,"Kr_Luna",0.086,-17.614,,"Fresh825",-19.32,-45.96,,"Riyaj",-11.559,-60.418,,"_Gosomi",24.431,-51.164,,"CoalCat",14.542,-61.878,,"하루（Haru）",45.348,-99.458,,"YukihiroD",-1.174,-113.9,,"ddil_ddil69",-43.627,-92.385,,,,,,,,,,,,,,,,,,,,,,,,,,,,,,,,,,,,,,,,,,,,,,,,,,,,,,,,"",3,102.872,57.282,14.022,1,1,0.938,68.89,67.323,-9.643,67.266,0.004,139.146,0,"",,,,0,""
102,,5,1,3,5,1,1,0,0,0,0,255,255,255,45,2543.825,"-라후이-",R,10,60,105,-0.488,-0.601,0.694,1.319,-0.233,1.9,-36.79,40.701,0,100,0,0,"",0,400,-14.929,-0.313,-15.82,8,"=","=","=","=","=","=","=","=","=",7,L,"schmoneymikey",175.2,80,0.347,,41,W,Y,0,,,,,,,,,,,,,,,,,,,,,,,,,,,,,0,0,,,,,,,,,,,,,,,,,,,,,,,,,,,,,,,,,,,,,,0.24,-37.519,0.059,-17.633,-19.176,-45.128,-11.005,-61.364,25.355,-50.738,14.732,-62.674,44.835,-96.13,0.012,-112.048,-44.158,-91.914,,,,"",,,,"",,,,"",,,,"",,,,"",,,,"",,,,"",,,,"",,,,,,,,,,,,,,,,,,,,,,,,,,,,,,,,,,,,,,,,,,,,,,,,,,,,,,,,,,"",0,,,,,,,,,,,,,0,"",,,,0,""
103,,5,1,3,5,1,2,0,0,0,0,255,255,255,46,2564.721,"-라후이-",R,32,74,112,0.665,1.073,0.589,1.522,-0.191,2.113,-36.79,30.007,0,100,0,2,"",250,-109.818,19.825,0,0,8,"=","=","=","=","=","=","=","=","=",7,L,"schmoneymikey",175.2,80,0.347,3,41,W,Y,1,2578.824,255,0,0,0,0,,9,1,-34.837,-63.082,16.156,0.057,-9.728,1,0,0.553,-75.186,300.816,183.282,2570.569,16.156,-9.728,,,,,,0,0,,,,,,,,,,,,,,,2589.518,8,,578,0,,,,,,,,,,,,,,,,,,,0.231,-37.461,0.022,-17.608,-18.884,-44.912,-10.7,-62.611,24.433,-50.594,14.734,-62.634,45.863,-99.591,-2.262,-112.259,-44.324,-91.987,0.067,-36.51,,"Kr_Luna",0.031,-17.607,,"Fresh825",-18.729,-44.608,,"Riyaj",-10.763,-62.585,,"_Gosomi",24.436,-50.444,,"CoalCat",14.756,-62.468,,"하루（Haru）",44.769,-100.677,,"YukihiroD",-2.269,-112.256,,"ddil_ddil69",-44.376,-92.053,,,,,,,,,,,,,,,,,,,,,,,,,,,,,,,,,,,,,,,,,,,,,,,,,,,,,,,,"",3,,,,,,,,,,,,,0,"",,,,0,""
104,,5,1,3,5,1,2,0,0,0,0,255,255,255,47,2613.897,"-라후이-",R,32,79,129,-0.146,0.904,0.472,1.373,-0.465,1.934,-36.79,32.985,3,97,0,0,"",250,-200,3.416,0,0,8,"=","=","=","=","=","=","=","=","=",7,L,"schmoneymikey",175.2,80,0.347,,41,W,Y,1,,,,,,,,,,,,,,,,,,,,,,,,,,,,,0,0,,,,,,,,,,,,,,,2616.721,8,,578,0,,,,,,,,,,,,,,,,,,,0.096,-37.442,0.011,-17.619,-18.959,-46.301,-11.315,-61.213,24.695,-51.175,14.541,-62.681,46.538,-98.941,-4.687,-115.505,-44.148,-92.011,,,,"",,,,"",,,,"",,,,"",,,,"",,,,"",,,,"",,,,"",,,,,,,,,,,,,,,,,,,,,,,,,,,,,,,,,,,,,,,,,,,,,,,,,,,,,,,,,,"",0,,,,,,,,,,,,,0,"",,,,0,""
105,,5,1,3,5,0,0,1,0,0,0,255,255,255,48,2630.666,"-라후이-",R,32,63,117,0.73,0.422,1.015,1.298,-0.119,1.821,-36.79,63.785,0,100,0,2,"",250,-64.171,-10.296,0,0,0,"=","=","=","=","=","=","=","=","=",1,R,"편하비_",180.3,94.705,0.605,3,69,W,Y,1,2631.49,255,106,51,17,15,,120,70,40.335,-39.412,0.151,1.126,-20.404,-0.93,0,0.416,-215.328,-53.389,-531.911,,,,2627.227,4,30.433,3.131,-55.434,0,0,,2637.498,,,,,,,,,,,,,2635.489,0,,453,0,,,,,,,,,,,,,,,,,,,0.354,-37.793,0.003,-17.588,-20.779,-46.846,-11.691,-62.66,23.705,-51.279,12.527,-62.679,46.533,-102.311,-11.171,-113.047,-44.107,-91.999,0.507,-36.698,,"Kr_Luna",-0.009,-17.566,,"Fresh825",-20.709,-46.282,,"Riyaj",-11.745,-62.466,,"_Gosomi",23.681,-51.16,75,"CoalCat",12.554,-62.545,,"하루（Haru）",46.171,-102.48,,"YukihiroD",-12.629,-111.108,,"ddil_ddil69",-44.019,-92.159,,2641.763,-0.006,-39.227,,,,,,,,,,2635.504,30.97,-55.843,,,,,,,,,,,,,,,,,,,,,,,,,2640.201,21.834,-50.193,,,,,,,,,,,,,"",1,,,,,,,,,,,,,0,"_Gosomi",,,,32,""
106,,5,1,3,5,0,0,2,0,0,0,255,255,255,49,2655.578,"-라후이-",R,13,67,108,-2.709,-0.043,0.676,1.394,-0.427,2.05,-36.79,50.449,6,94,0,1,"",-383.336,312.348,-34.948,0,0,1,"=","=","=","=","=","=","=","=","=",2,L,"Pring__",190,93.125,0.431,,69,W,Y,0,,,,,,,,,,,,,,,,,,,,,,,,,,,,,0,0,,,,,,,,,,,,,,,,,,,,,,,,,,,,,,,,,,,,,,0.106,-37.282,0.04,-17.535,-17.633,-43.81,-11.139,-61.688,24.88,-51.962,15.514,-60.963,48.633,-100.612,-0.672,-116.561,-44.841,-93.386,,,,"",,,,"",,,,"",,,,"",,,,"",,,,"",,,,"",,,,"",,,,2659.818,0.02,-37.533,,,,,,,,,,,,,,,,,,,,,,,,,,,,,,,,,,,,,,,,,,,,,,,,,,,,"",0,,,,,,,,,,,,,0,"",,,,0,""
107,,5,1,3,5,1,0,2,0,0,0,255,255,255,50,2668.533,"-라후이-",R,13,77,115,-0.311,-0.497,0.575,1.296,0.546,1.708,-36.79,32.537,3,97,0,2,"",-390.434,312.348,6.012,0,0,1,"=","=","=","=","=","=","=","=","=",2,L,"Pring__",190,93.125,0.431,5,69,W,Y,1,2669.55,137,156,86,93,63,,140,114,14.159,-42.487,-0.04,0.855,-20.683,0.12,0,0.528,389.472,-182.803,259.742,2665.777,69.9,-91.785,2667.127,6,70.329,0.092,-92.354,1,2,,2675.501,2679.811,,,,,,,,,,,,2680.268,1,1,276,16,,,,,,,,,,,,,,,,,,,0.241,-37.352,0.049,-17.569,-17.607,-43.812,-11.206,-61.605,25.517,-51.229,15.493,-60.897,48.075,-100.758,-0.242,-127.284,-44.842,-93.402,-0.082,-36.521,,"Kr_Luna",0.031,-17.557,,"Fresh825",-17.618,-43.831,,"Riyaj",-11.202,-61.634,,"_Gosomi",25.467,-51.025,,"CoalCat",15.519,-60.793,,"하루（Haru）",48.313,-100.638,113,"YukihiroD",0.346,-125.159,,"ddil_ddil69",-44.793,-93.413,,,,,,,,,,,2679.782,-0.078,-60.108,,,,,,,2675.451,69.528,-92.601,,,,,,,,,,,,,,,,,,,,,,,,,2676.713,63.087,-90.074,,,,,,,"",2,-38.636,-38.636,2.171,0,0,1,14.159,14.159,18.112,14.159,0,-60.056,0,"하루（Haru）",2679.811,,,20,""
108,SIDE,5,1,3,5,0,0,2,0,0,0,255,255,255,,2684.029,,,,,,,,,,,,,,,,,,,,,,,,2,"=","=","=","=","=","=","=","=","=",,,,,,,,,,,,,,,,,,,,,,,,,,,,,,,,,,,,,,,0,0,,,,,,,,,,,,,,,,,,,,,,,,,,,,,,,,,,,,,,,,,,,,,,,,,,,,,,,,,,,,,,,,,,,,,,,,,,,,,,,,,,,,,,,,,,,,,,,,,,,,,,,,,,,,,,,,,,,,,,,,,,,,,,,,,,,,,,,,,,,,,,,,,"",0,,,,,,,,,,,,,0,"",,,,0,""
109,,5,0,3,5,0,0,0,0,0,0,255,255,255,48,2718.104,"Pugeuk",R,29,86,139,0.903,-1.346,0.603,1.495,0.692,0.673,-36.636,32.308,64,36,0,1,"",-230.619,-200,16.594,0,0,0,"vovopo 보보포","Kr_Luna","Riyaj","ddil_ddil69","하루（Haru）","_Gosomi","YukihiroD","CoalCat","Fresh825",9,L,"vovopo 보보포",160,80,0.549,,36,W,Y,0,,,,,,,,,,,,,,,,,,,,,,,,,,,,,0,0,,,,,,,,,,,,,,,,,,,,,,,,,,,,,,,,,,,,,,0.205,-37.469,-0.006,-17.13,-23.603,-49.003,-13.923,-64.126,20.266,-48.152,13.683,-63.721,53.264,-96.32,4.632,-111.665,-39.272,-89.043,,,,"",,,,"",,,,"",,,,"",,,,"",,,,"",,,,"",,,,"",,,,,,,,,,,,,,,,,,,,,,,,,,,,,,,,,,,,,,,,,,,,,,,,,,,,,,,,,,"",0,,,,,,,,,,,,,0,"",,,,0,""
110,,5,0,3,5,1,0,0,0,0,0,255,255,255,49,2731.834,"Pugeuk",R,14,76,103,-1.33,-1.218,0.029,1.687,-1.319,1.493,-36.636,18.572,93,7,0,4,"",365.589,312.348,20.095,-0.168,-17.68,0,"=","=","=","=","=","=","=","=","=",9,L,"vovopo 보보포",160,80,0.549,,36,W,Y,1,,,,,,,,,,,,,,,,,,,,,,,,,,,,,0,0,,,,,,,,,,,,,,,,,,,,,,,,,,,,,,,,,,,,,,0.054,-38.037,0.012,-17.283,-23.617,-49.072,-14.105,-63.908,20.398,-48.158,13.206,-64.426,50.982,-105.019,4.521,-112.514,-39.301,-89.08,,,,"",,,,"",,,,"",,,,"",,,,"",,,,"",,,,"",,,,"",,,,,,,,,,,,,,,,,,,,,,,,,,,,,,,,,,,,,,,,,,,,,,,,,,,,,,,,,,"",0,,,,,,,,,,,,,0,"",,,,0,""
111,,5,0,3,5,1,1,0,0,0,0,255,255,255,50,2747.002,"Pugeuk",R,14,80,106,-1.377,-1.079,0.024,1.707,-1.334,1.542,-36.636,16.739,92,8,0,0,"",376.237,312.348,6.317,-0.165,-17.306,0,"=","=","=","=","=","=","=","=","=",9,L,"vovopo 보보포",160,80,0.549,,36,W,Y,0,,,,,,,,,,,,,,,,,,,,,,,,,,,,,0,0,,,,,,,,,,,,,,,,,,,,,,,,,,,,,,,,,,,,,,0.027,-37.622,0.028,-17.232,-23.728,-48.937,-14.607,-63.945,20.545,-49.482,12.605,-64.766,50.899,-104.912,4.88,-111.493,-39.294,-89.069,,,,"",,,,"",,,,"",,,,"",,,,"",,,,"",,,,"",,,,"",,,,,,,,,,,,,,,,,,,,,,,,,,,,,,,,,,,,,,,,,,,,,,,,,,,,,,,,,,"",0,,,,,,,,,,,,,0,"",,,,0,""
112,,5,0,3,5,1,2,0,0,0,0,255,255,255,51,2762.836,"Pugeuk",R,29,81,131,-3.048,1.399,0.288,1.67,-0.774,2.117,-36.636,16.895,94,6,0,4,"",-243.479,-200,13.938,0.428,-19.993,0,"=","=","=","=","=","=","=","=","=",9,L,"vovopo 보보포",160,80,0.549,,36,W,Y,1,,,,,,,,,,,,,,,,,,,,,,,,,,,,,0,0,,,,,,,,,,,,,,,2765.585,0,,578,0,,,,,,,,,,,,,,,,,,,0.116,-37.585,0.038,-17.265,-23.776,-48.941,-14.746,-63.826,20.319,-47.647,12.614,-65.028,50.876,-104.903,7.28,-109.654,-39.278,-89.067,,,,"",,,,"",,,,"",,,,"",,,,"",,,,"",,,,"",,,,"",,,,,,,,,,,,,,,,,,,,,,,,,,,,,,,,,,,,,,,,,,,,,,,,,,,,,,,,,,"",0,,,,,,,,,,,,,0,"",,,,0,""
113,,5,0,3,5,0,0,1,0,0,0,255,255,255,52,2794.3,"Pugeuk",R,29,88,140,-1.136,0.886,0.419,1.659,-0.166,2.008,-36.636,28.687,92,8,0,0,"",-250,-188.928,12.782,0,0,1,"=","=","=","=","=","=","=","=","=",1,L,"Kr_Luna",190,95.432,0.498,,69,W,Y,0,,,,,,,,,,,,,,,,,,,,,,,,,,,,,0,0,,,,,,,,,,,,,,,,,,,,,,,,,,,,,,,,,,,,,,0.124,-37.546,-0.012,-17.032,-23.694,-48.928,-13.732,-64.68,22.723,-50.362,12.566,-64.578,51.955,-102.207,4.188,-109.486,-39.819,-89.515,,,,"",,,,"",,,,"",,,,"",,,,"",,,,"",,,,"",,,,"",,,,,,,,,,,,,,,,,,,,,,,,,,,,,,,,,,,,,,,,,,,,,,,,,,,,,,,,,,"",0,,,,,,,,,,,,,0,"",,,,0,""
114,,5,0,3,5,0,1,1,0,0,0,255,255,255,53,2808.09,"Pugeuk",R,29,87,140,-2.798,0.059,0.264,1.713,-0.885,1.535,-36.636,24.989,94,6,0,2,"",-250,-126.344,9.021,0,0,1,"=","=","=","=","=","=","=","=","=",1,L,"Kr_Luna",190,95.432,0.498,0,69,W,Y,0,2808.876,146,39,50,38,5,,129,84,-62.184,-39.811,-0.577,0.986,-19.526,-0.91,0,0.078,122.142,117.43,-112.085,2800.511,-0.172,-20.013,2803.361,4,16.072,1.265,-39.605,0,2,,2814.484,,,,,,,,,,,,,2814.904,1,,147,8,,,,,,,,,,,,,,,,,,,0.082,-37.63,-0.045,-17.145,-23.674,-48.955,-14.156,-64.595,20.892,-47.24,12.123,-64.75,56.944,-102.389,8.938,-109.836,-39.819,-89.522,-0.007,-36.78,,"편하비_",-0.054,-17.158,,"Pring__",-23.648,-48.965,86,"ByeolBam",-14.203,-64.568,,"aura_5599",22.347,-48.219,106,"소솨소솨",12.202,-64.326,,"kneesohime",57.112,-102.468,,"schmoneymikey",8.505,-110.237,,"임 재 천",-39.836,-89.473,,2817.4,-0.676,-38.721,,,,2814.15,-18.814,-40.107,,,,2811.629,16.519,-40.183,,,,,,,,,,,,,,,,,,,2816.272,-17.992,-39.399,,,,2812.81,10.484,-40.966,,,,,,,,,,,,,"",2,,,,,,,,,,,,,0,"aura_5599",,,,26,""
115,,5,0,3,5,0,0,2,0,0,0,255,255,255,54,2835.887,"Pugeuk",R,29,87,140,1.005,-1.224,0.411,1.429,0.682,0.789,-36.636,28.571,41,59,0,4,"",-188.73,-127.754,6.316,0,0,2,"=","=","=","=","=","=","=","=","=",3,R,"Riyaj",170,80,0.24,,69,W,Y,1,,,,,,,,,,,,,,,,,,,,,,,,,,,,,0,0,,,,,,,,,,,,,,,,,,,,,,,,,,,,,,,,,,,,,,0.132,-37.739,-0.097,-17.308,-19.443,-45.059,-14.787,-63.56,22.081,-50.889,11.147,-64.988,55.454,-100.971,-0.033,-110.28,-39.833,-89.509,,,,"",,,,"",,,,"",,,,"",,,,"",,,,"",,,,"",,,,"",,,,2839.86,-0.126,-37.242,,,,,,,,,,,,,,,,,,,,,,,,,,,,,,,,,,,,,,,,,,,,,,,,,,,,"",0,,,,,,,,,,,,,0,"",,,,0,""
116,,5,0,3,5,0,1,2,0,0,0,255,255,255,55,2850.274,"Pugeuk",R,10,61,94,3.402,-0.474,0.87,1.918,1.29,2.059,-36.636,66.017,82,18,0,3,"",39.708,400,20.615,-0.179,-21.71,2,"=","=","=","=","=","=","=","=","=",3,R,"Riyaj",170,80,0.24,,69,W,Y,0,,,,,,,,,,,,,,,,,,,,,,,,,,,,,0,0,,,,,,,,,,,,,,,,,,,,,,,,,,,,,,,,,,,,,,0.239,-37.52,-0.013,-17.3,-20.192,-45.683,-14.508,-64.163,20.299,-44.972,11.478,-65.074,55.131,-104.826,3.419,-110.528,-39.834,-89.502,,,,"",,,,"",,,,"",,,,"",,,,"",,,,"",,,,"",,,,"",,,,,,,,,,,,,,,,,,,,,,,,,,,,,,,,,,,,,,,,,,,,,,,,,,,,,,,,,,"",6,,,,,,,,,,,,,0,"",,,,0,""
117,,5,0,3,5,2,1,2,0,0,0,255,255,255,56,2874.673,"Pugeuk",R,29,83,135,0.293,0.373,0.555,1.539,0.466,1.615,-36.636,33.919,56,44,0,0,"",-250,-195.841,15.434,0,0,2,"=","=","=","=","=","=","=","=","=",3,R,"Riyaj",170,80,0.24,,69,W,Y,1,,,,,,,,,,,,,,,,,,,,,,,,,,,,,0,0,,,,,,,,,,,,,,,,,,,,,,,,,,,,,,,,,,,,,,0.131,-37.561,-0.053,-17.03,-20.249,-45.627,-14.986,-63.29,17.118,-46.064,11.44,-65.411,55.135,-104.795,3.077,-111.167,-39.837,-89.518,,,,"",,,,"",,,,"",,,,"",,,,"",,,,"",,,,"",,,,"",,,,,,,,,,,,,,,,,,,,,,,,,,,,,,,,,,,,,,,,,,,,,,,,,,,,,,,,,,"",0,,,,,,,,,,,,,0,"",,,,0,""
118,,5,0,3,5,2,2,2,0,0,0,255,255,255,57,2890.114,"Pugeuk",R,10,73,103,-0.311,-1.038,0.407,1.755,-0.147,1.667,-36.636,33.369,87,13,0,0,"",0,400,17.961,0,0,2,"=","=","=","=","=","=","=","=","=",3,R,"Riyaj",170,80,0.24,,69,W,Y,1,,,,,,,,,,,,,,,,,,,,,,,,,,,,,0,0,,,,,,,,,,,,,,,2892.85,2,,578,0,,,,,,,,,,,,,,,,,,,0.091,-37.596,-0.022,-17.046,-19.996,-44.999,-14.166,-62.651,20.537,-49.756,11.826,-65.311,55.192,-104.732,2.907,-111.224,-39.821,-89.419,,,,"",,,,"",,,,"",,,,"",,,,"",,,,"",,,,"",,,,"",,,,,,,,,,,,,,,,,,,,,,,,,,,,,,,,,,,,,,,,,,,,,,,,,,,,,,,,,,"",0,,,,,,,,,,,,,0,"",,,,0,""
119,SIDE,5,0,3,5,0,0,2,0,0,0,255,255,255,,2894.595,,,,,,,,,,,,,,,,,,,,,,,,3,"=","=","=","=","=","=","=","=","=",,,,,,,,,,,,,,,,,,,,,,,,,,,,,,,,,,,,,,,0,0,,,,,,,,,,,,,,,,,,,,,,,,,,,,,,,,,,,,,,,,,,,,,,,,,,,,,,,,,,,,,,,,,,,,,,,,,,,,,,,,,,,,,,,,,,,,,,,,,,,,,,,,,,,,,,,,,,,,,,,,,,,,,,,,,,,,,,,,,,,,,,,,,"",0,,,,,,,,,,,,,0,"",,,,0,""
120,,6,1,3,5,0,0,0,0,0,0,255,255,255,53,2955.856,"-라후이-",R,38,56,98,-0.457,-0.143,0.658,1.309,-0.219,1.554,-36.79,45.199,0,100,0,0,"",0,0,0,0,0,2,"편하비_","Pring__","임 재 천","aura_5599","Pugeuk","ByeolBam","소솨소솨","kneesohime","schmoneymikey",8,R,"임 재 천",190,88,0.44,,69,W,Y,0,,,,,,,,,,,,,,,,,,,,,,,,,,,,,0,0,,,,,,,,,,,,,,,,,,,,,,,,,,,,,,,,,,,,,,0.223,-37.482,0.116,-17.474,-19.831,-44.032,-12.019,-60.474,23.009,-52.689,10.385,-63.444,44.968,-102.111,-11.99,-104.333,-42.918,-92.669,,,,"",,,,"",,,,"",,,,"",,,,"",,,,"",,,,"",,,,"",,,,,,,,,,,,,,,,,,,,,,,,,,,,,,,,,,,,,,,,,,,,,,,,,,,,,,,,,,"",0,,,,,,,,,,,,,0,"",,,,0,""
121,,6,1,3,5,0,1,0,0,0,0,255,255,255,54,2966.623,"-라후이-",R,38,49,92,0.177,-0.248,0.723,1.287,0.055,1.495,-36.79,50.987,0,100,0,2,"",0,0,0,0,0,2,"=","=","=","=","=","=","=","=","=",8,R,"임 재 천",190,88,0.44,5,69,W,Y,1,2967.916,202,77,105,33,5,,145,130,-30,-20.348,0.045,0.949,-20.712,0.32,0,0.624,-392.558,-11.727,-210.904,2959.611,0.575,-22.143,2961.511,5,14.483,2.933,-59.656,0,0,,2974.033,,,,,,,,,,,,,2973.254,2,,147,128,,,,,,,,,,,,,,,,,,,0.294,-37.622,0.003,-17.5,-19.924,-43.906,-11.754,-61.601,23.288,-52.623,10.37,-63.435,43.975,-102.043,-16.069,-107.382,-42.912,-92.656,0.234,-36.647,,"Kr_Luna",0.003,-17.5,,"Fresh825",-19.999,-43.912,83,"Riyaj",-11.848,-61.531,,"_Gosomi",23.202,-52.558,,"CoalCat",10.345,-63.248,107,"하루（Haru）",44.034,-102.066,,"YukihiroD",-16.069,-107.382,,"ddil_ddil69",-42.914,-92.656,,2976.945,-1.935,-39.412,,,,2972.655,-18.407,-40.289,,,,,,,2969.878,14.95,-61.034,,,,,,,,,,,,,,,,2975.936,-17.844,-39.712,,,,,,,2971.031,13.622,-59.08,,,,,,,,,,"",2,-16.925,-16.925,-2.173,0,1,0.675,-56.711,-41.792,-5.861,-87.572,0.054,-34.918,0,"CoalCat",,,,384,""
122,,6,1,3,5,0,0,1,0,0,0,255,255,255,55,2987.892,"-라후이-",R,13,73,112,-2.581,-0.621,0.608,1.398,-0.415,1.645,-36.79,34.33,3,97,0,2,"",-390.434,312.348,10.62,0,0,3,"=","=","=","=","=","=","=","=","=",4,R,"aura_5599",190,94.523,0.448,3,69,W,Y,1,2988.998,209,99,171,112,75,,145,87,-30,58.95,-0.401,0.863,-21.22,1,0,0.355,19.966,-111.344,589.24,2980.761,-2.6,-22.549,,,,,,0,0,,,,,,,,,,,,,,,,,,,,,,,,,,,,,,,,,,,,,,0.238,-37.344,0.034,-17.501,-22.635,-47.441,-11.664,-62.706,24.098,-51.877,12.252,-62.926,45.656,-98.847,-18.082,-103.952,-42.901,-94.145,-0.198,-36.653,,"Kr_Luna",0.015,-17.467,,"Fresh825",-22.272,-48.001,,"Riyaj",-11.76,-62.905,,"_Gosomi",24.082,-51.742,,"CoalCat",12.221,-62.823,,"하루（Haru）",45.657,-98.86,,"YukihiroD",-17.906,-103.888,,"ddil_ddil69",-42.894,-94.143,,,,,,,,,,,,,,,,,,,,,,,,,,,,,,,,,,,,,,,,,,,,,,,,,,,,,,,,"",3,,,,,,,,,,,,,0,"",,,,0,""
123,,6,1,3,5,0,1,1,0,0,0,255,255,255,56,3003.172,"-라후이-",R,14,67,108,0.648,-0.546,0.736,1.298,-0.461,1.746,-36.79,44.003,0,100,0,2,"",368.097,330.817,-23.635,0,0,3,"=","=","=","=","=","=","=","=","=",4,R,"aura_5599",190,94.523,0.448,3,69,W,Y,1,3004.481,165,115,123,111,71,,145,87,-9.771,-23.239,0.183,0.868,-21.716,1,0,0.287,-153.701,348.492,-359.107,2996.319,1.938,-25.864,2998.852,5,18.975,0.055,-59.801,0,0,,3010.66,,,,,,,,,,,,,3010.333,3,,147,128,,,,,,,,,,,,,,,,,,,0.214,-37.334,0.026,-17.485,-22.32,-47.699,-12.377,-63.234,24.044,-52.289,11.884,-63.75,42.09,-104.172,-20.745,-106.037,-44.555,-92.203,-0.17,-36.417,,"Kr_Luna",0.02,-17.464,,"Fresh825",-22.308,-47.695,58,"Riyaj",-12.63,-63.363,,"_Gosomi",24.016,-52.135,,"CoalCat",11.783,-63.558,107,"하루（Haru）",41.686,-105.57,,"YukihiroD",-20.69,-106.009,,"ddil_ddil69",-44.556,-92.161,,3015.067,-1.77,-37.643,,,,3009.719,-18.239,-40.15,,,,,,,3007.237,18.809,-60.608,,,,,,,,,,,,,,,,3013.75,-17.813,-39.65,,,,,,,3007.998,15.562,-59.298,,,,,,,,,,"",2,,,,,,,,,,,,,0,"CoalCat",,,,384,""
124,,6,1,3,5,0,0,2,0,0,0,255,255,255,57,3028.832,"-라후이-",R,32,83,135,-0.956,1.002,0.521,1.694,-0.677,2.232,-36.79,25.658,0,63,37,2,"",167.406,-8.437,14.301,0,0,4,"=","=","=","=","=","=","=","=","=",6,R,"Pugeuk",190,96.323,0.419,3,68,W,Y,1,3029.959,159,54,73,19,10,,133,130,-21.189,41.388,-0.399,1.324,-20.277,0.55,0,0.676,284.003,438.774,-293.543,3021.652,-3.439,-23.7,3022.852,2,-21.42,0.907,-43.201,0,0,,,,,,,,,,,,,,,3033.24,4,,147,0,,,,,,,,,,,3032.555,2,,,,,,,0.233,-37.404,0.021,-17.489,-22.583,-47.493,-11.703,-63.439,24.058,-52.036,11.266,-63.752,38.215,-98.046,-17.58,-108.397,-43.964,-92.645,-0.385,-36.862,,"Kr_Luna",0.027,-17.426,,"Fresh825",-22.599,-47.496,,"Riyaj",-11.864,-63.956,,"_Gosomi",23.97,-51.94,,"CoalCat",11.3,-63.548,,"하루（Haru）",38.206,-98.031,,"YukihiroD",-16.591,-108.165,,"ddil_ddil69",-43.93,-92.529,,,,,,,,3031.289,-21.971,-44.196,,,,,,,,,,,,,,,,,,,,,,,,,,,,,,,,,,,,,,,,,,,,,,"",2,,,,,,,,,,,,,0,"Fresh825",,,,256,""
125,SIDE,6,1,3,5,0,0,2,0,0,0,255,255,255,,3035.426,,,,,,,,,,,,,,,,,,,,,,,,5,"=","=","=","=","=","=","=","=","=",,,,,,,,,,,,,,,,,,,,,,,,,,,,,,,,,,,,,,,0,0,,,,,,,,,,,,,,,,,,,,,,,,,,,,,,,,,,,,,,,,,,,,,,,,,,,,,,,,,,,,,,,,,,,,,,,,,,,,,,,,,,,,,,,,,,,,,,,,,,,,,,,,,,,,,,,,,,,,,,,,,,,,,,,,,,,,,,,,,,,,,,,,,"",0,,,,,,,,,,,,,0,"",,,,0,""
126,,6,0,3,5,0,0,0,0,0,0,255,255,255,58,3123.967,"kneesohime",R,14,70,99,-0.625,-0.026,-0.103,1.814,-0.94,2.015,-36.49,10.674,62,38,0,2,"",323.33,260.533,19.381,0,0,3,"vovopo 보보포","Kr_Luna","Riyaj","ddil_ddil69","-라후이-","_Gosomi","YukihiroD","CoalCat","Fresh825",8,L,"ddil_ddil69",176.7,89.974,0.546,5,68,W,Y,1,3125.207,181,96,119,61,23,,145,129,26.601,14.455,-0.113,0.932,-20.371,0.68,0,0.328,496.149,-227.853,-248.837,3122.736,-23.774,-140.321,,,,,,0,0,,3130.549,3135.548,3141.286,3146.693,,,,,,,,,,,,,,,,,,,,,,,,,,,,,,,,,-0.157,-38.121,0.008,-17.017,-22.923,-47.321,-13.494,-63.7,21.319,-49.134,14.797,-63.287,40.173,-81.926,14.036,-115.041,-41.411,-87.986,0.071,-37.08,,"편하비_",-0.087,-17.109,,"Pring__",-22.83,-47.42,,"ByeolBam",-12.729,-63.716,,"aura_5599",21.609,-49.845,,"소솨소솨",14.182,-63.217,,"Pugeuk",40.512,-82.303,,"schmoneymikey",14.722,-114.004,,"임 재 천",-41.436,-87.94,,,,,,,,,,,,,,,,,,,,,,,,,,,,,,,,,,,,,,,,,,,,,,,,,,,,,,,,"",4,13.008,13.008,1.101,0,1,0.458,79.542,38.969,0.969,87.134,0.069,33.78,0,"",3135.548,3141.286,,0,""
127,,6,0,3,6,0,0,0,0,0,0,255,255,255,59,3173.771,"kneesohime",R,11,82,128,-1.279,-0.576,0.099,1.583,-0.468,1.408,-36.49,15.669,52,48,0,0,"",-62.09,157.68,-7.592,0,0,4,"=","=","=","=","=","=","=","=","=",6,R,"-라후이-",190,86,0.498,,85,W,Y,0,,,,,,,,,,,,,,,,,,,,,,,,,,,,,0,0,,,,,,,,,,,,,,,,,,,,,,,,,,,,,,,,,,,,,,-0.148,-38.145,0.044,-17.046,-22.317,-47.115,-14.04,-63.913,20.153,-50.685,12.266,-64.962,38.611,-101.572,-7.548,-123.056,-41.616,-87.767,,,,"",,,,"",,,,"",,,,"",,,,"",,,,"",,,,"",,,,"",,,,,,,,,,,,,,,,,,,,,,,,,,,,,,,,,,,,,,,,,,,,,,,,,,,,,,,,,,"",0,,,,,,,,,,,,,0,"",,,,0,""
128,,6,0,3,6,0,1,0,0,0,0,255,255,255,60,3184.89,"kneesohime",R,28,66,119,2.072,0.62,0.475,1.829,0.827,1.929,-36.49,45.454,100,0,0,2,"",36.921,-63.105,1.46,0,0,4,"=","=","=","=","=","=","=","=","=",6,R,"-라후이-",190,86,0.498,5,85,W,Y,1,3185.739,159,128,138,63,40,,145,89,64.85,4.032,0.382,1.228,-20.013,-1,0,0.176,472.639,326.268,-171.512,3183.677,-3.577,-58.222,3183.886,3,-3.435,2.332,-57.472,0,0,,3192.545,,,,,,,,,,,,,3192.194,4,,452,0,,,,,,,,,,,,,,,,,,,-0.213,-38.076,0.03,-17.041,-22.314,-47.12,-13.982,-63.272,21.786,-50.299,12.244,-64.871,38.637,-102.273,-11.901,-124.578,-41.645,-87.791,-0.205,-37.241,,"편하비_",0.02,-17.116,,"Pring__",-22.325,-47.117,,"ByeolBam",-14.256,-63.531,82,"aura_5599",20.989,-49.645,,"소솨소솨",12.143,-64.936,,"Pugeuk",38.614,-102.307,,"schmoneymikey",-11.614,-124.311,,"임 재 천",-41.652,-87.813,,3195.702,-0.041,-38.812,,,,,,,3192.205,-3.473,-57.796,,,,,,,,,,,,,,,,,,,,,,,,,3194.646,-3.37,-54.356,,,,,,,,,,,,,,,,"",1,4.199,4.199,-8.028,0,1,0.487,71.889,64.85,-3.837,69.999,0.035,45.235,0,"ByeolBam",,,,160,""
129,,6,0,3,6,0,0,1,0,0,0,255,255,255,61,3211.807,"kneesohime",R,27,93,140,0.573,0.327,0.314,1.769,0.306,1.671,-36.49,19.456,95,5,0,0,"",-51.036,-122.981,23.807,0.104,-18.184,5,"=","=","=","=","=","=","=","=","=",4,R,"_Gosomi",175,85.368,0.454,,68,W,Y,0,,,,,,,,,,,,,,,,,,,,,,,,,,,,,0,0,,,,,,,,,,,,,,,,,,,,,,,,,,,,,,,,,,,,3215.586,1,-0.118,-38.23,0.048,-17.179,-21.533,-47.264,-13.974,-64.25,22.29,-50.772,12.898,-64.442,42.095,-97.081,-9.35,-121.181,-42.384,-92.292,,,,"",,,,"",,,,"",,,,"",,,,"",,,,"",,,,"",,,,"",,,,3219.133,-0.291,-37.212,,,,,,,,,,,,,,,,,,,,,,,,,,,,,,,,,,,,,,,,,,,,,,,,,,,,"",0,,,,,,,,,,,,,0,"",,,,0,""
130,,6,0,3,6,0,1,1,0,0,0,255,255,255,62,3228.263,"kneesohime",R,13,67,97,-1.755,-1.44,0.11,1.561,-0.28,1.425,-36.49,9.754,61,39,0,1,"",-225.937,381.359,-9.361,-0.455,-18.115,5,"=","=","=","=","=","=","=","=","=",4,R,"_Gosomi",175,85.368,0.454,,68,W,Y,0,,,,,,,,,,,,,,,,,,,,,,,,,,,,,0,0,,,,,,,,,,,,,,,,,,,,,,,,,,,,,,,,,,,,,,-0.186,-38.131,-0.023,-16.909,-21.536,-47.273,-13.266,-63.972,21.761,-50.124,12.425,-65.399,41.795,-98.047,-5.78,-120.403,-41.126,-89.301,,,,"",,,,"",,,,"",,,,"",,,,"",,,,"",,,,"",,,,"",,,,3233.583,-0.293,-37.344,,,,,,,,,,,,,,,,,,,,,,,,,,,,,,,,,,,,,,,,,,,,,,,,,,,,"",0,,,,,,,,,,,,,0,"",,,,0,""
131,,6,0,3,6,1,1,1,0,0,0,255,255,255,63,3241.408,"kneesohime",R,13,73,112,-1.971,-0.889,0.237,1.739,-0.273,1.6,-36.49,31.923,93,7,0,4,"",-332.042,373.829,18.034,0,0,5,"=","=","=","=","=","=","=","=","=",4,R,"_Gosomi",175,85.368,0.454,,68,W,Y,1,,,,,,,,,,,,,,,,,,,,,,,,,,,,,0,0,,,,,,,,,,,,,,,,,,,,,,,,,,,,,,,,,,,,,,-0.216,-38.135,-0.007,-16.937,-21.535,-47.268,-13.921,-63.917,19.155,-48.219,11.598,-64.612,41.752,-98.655,-5.661,-122.279,-41.028,-89.38,,,,"",,,,"",,,,"",,,,"",,,,"",,,,"",,,,"",,,,"",,,,3245.969,-0.428,-37.43,,,,,,,,,,,,,,,,,,,,,,,,,,,,,,,,,,,,,,,,,,,,,,,,,,,,"",0,,,,,,,,,,,,,0,"",,,,0,""
132,,6,0,3,6,1,2,1,0,0,0,255,255,255,64,3254.639,"kneesohime",R,0,63,103,0.133,0.604,0.225,1.919,0.051,1.959,-36.49,27.689,100,0,0,2,"",0,0,2.794,0,0,5,"=","=","=","=","=","=","=","=","=",4,R,"_Gosomi",175,85.368,0.454,5,68,W,Y,1,3255.805,75,29,113,65,32,,120,121,-0.281,48.553,0.018,1.087,-19.937,0.37,0,0.322,38.023,3.833,-83.24,3248.119,-16.284,-34.328,,,,,,0,0,,,,,,,,,,,,,,,,,,,,,,,,,,,,,,,,,,,,,,-0.19,-38.003,-0.02,-17.031,-21.522,-47.278,-13.459,-63.25,20.313,-49.32,11.977,-64.793,41.5,-98.179,-6.447,-120.089,-40.911,-89.482,0.162,-37.254,,"편하비_",-0.034,-17.103,,"Pring__",-21.515,-47.269,,"ByeolBam",-13.484,-63.264,,"aura_5599",20.405,-49.324,,"소솨소솨",11.955,-64.76,,"Pugeuk",41.56,-98.458,,"schmoneymikey",-6.447,-120.089,,"임 재 천",-40.901,-89.495,,,,,,,,,,,,,,,,,,,,,,,,,,,,,,,,,,,,,,,,,,,,,,,,,,,,,,,,"",3,49.268,42.049,3.328,0,1,0.56,-0.5,-0.281,-7.436,-1.729,0,132.328,0,"",,,,0,""
133,,6,0,3,6,1,2,1,0,0,0,255,255,255,65,3271.378,"kneesohime",R,26,94,140,-0.823,-1.209,0.097,1.471,-0.411,0.722,-36.49,9.646,50,50,0,1,"",37.807,-194.139,30.318,0,0,5,"=","=","=","=","=","=","=","=","=",4,R,"_Gosomi",175,85.368,0.454,,68,W,Y,0,,,,,,,,,,,,,,,,,,,,,,,,,,,,,0,0,,,,,,,,,,,,,,,,,,,,,,,,,,,,,,,,,,,,,,-0.136,-38.14,0.001,-17.054,-21.277,-47.391,-13.473,-63.21,21.433,-49.971,11.726,-66.407,34.092,-100.442,-6.108,-121.548,-41.896,-88.684,,,,"",,,,"",,,,"",,,,"",,,,"",,,,"",,,,"",,,,"",,,,,,,,,,,,,,,,,,,,,,,,,,,,,,,,,,,,,,,,,,,,,,,,,,,,,,,,,,"",0,,,,,,,,,,,,,0,"",,,,0,""
134,,6,0,3,6,2,2,1,0,0,0,255,255,255,66,3285.497,"kneesohime",R,0,88,140,-1.812,-1.207,0.072,1.552,-0.793,0.861,-36.49,12.252,50,50,0,2,"",0.611,-42.34,12.84,0,0,5,"=","=","=","=","=","=","=","=","=",4,R,"_Gosomi",175,85.368,0.454,3,68,W,Y,1,3286.603,128,29,102,120,74,,139,124,-30,39.497,-0.351,0.496,-19.804,0.7,0,0.33,-264.212,496.554,208.869,3278.244,-1.185,-20.812,3279.736,2,-19.351,1.805,-42.543,0,0,,,,,,,,,,,,,,,3289.326,5,,147,0,,,,,,,,,,,3288.722,2,,,,,,,-0.178,-37.953,-0.004,-17.036,-21.237,-47.411,-14.251,-63.787,21.286,-50.618,11.783,-64.839,36.968,-102.32,-6.098,-120.205,-41.864,-88.693,-0.013,-37.205,,"편하비_",-0.1,-17.126,,"Pring__",-21.21,-47.367,75,"ByeolBam",-14.213,-63.687,,"aura_5599",20.36,-50.244,,"소솨소솨",11.711,-64.808,,"Pugeuk",38.903,-103.548,,"schmoneymikey",-6.094,-120.207,,"임 재 천",-41.867,-88.691,,3291.971,-0.586,-38.342,,,,3288.085,-19.765,-42.86,,,,,,,,,,,,,,,,,,,,,,,,,3290.815,-17.964,-39.794,,,,,,,,,,,,,,,,,,,"",2,,,,,,,,,,,,,0,"Pring__",,,,130,""
135,,6,0,3,6,0,0,2,0,0,0,255,255,255,67,3305.957,"kneesohime",R,27,83,135,-0.174,0.332,0.232,1.738,-0.173,1.649,-36.49,29.958,51,49,0,0,"",64.866,-144.4,6.44,0,0,6,"=","=","=","=","=","=","=","=","=",7,R,"YukihiroD",174.3,80,0.398,,68,W,Y,0,,,,,,,,,,,,,,,,,,,,,,,,,,,,,0,0,,,,,,,,,,,,,,,,,,,,,,,,,,,,,,,,,,,,,,-0.219,-37.623,0.096,-16.977,-21.248,-47.196,-15.668,-63.147,20.935,-49.738,11.605,-64.977,42.306,-104.797,-6.109,-120.241,-42.025,-88.561,,,,"",,,,"",,,,"",,,,"",,,,"",,,,"",,,,"",,,,"",,,,3309.822,-0.245,-37.265,,,,,,,,,,,,,,,,,,,,,,,,,,,,,,,,,,,,,,,,,,,,,,,,,,,,"",0,,,,,,,,,,,,,0,"",,,,0,""
136,,6,0,3,6,0,1,2,0,0,0,255,255,255,68,3318.015,"kneesohime",R,13,79,116,-3.259,-1.874,0.037,1.459,-0.759,0.947,-36.49,11.416,48,52,0,1,"",-385.037,318.977,-35.657,0,0,6,"=","=","=","=","=","=","=","=","=",7,R,"YukihiroD",174.3,80,0.398,,68,W,Y,0,,,,,,,,,,,,,,,,,,,,,,,,,,,,,0,0,,,,,,,,,,,,,,,,,,,,,,,,,,,,,,,,,,,,,,-0.202,-37.618,0.076,-17.037,-21.243,-47.209,-15.553,-63.252,20.522,-50.088,11.576,-65.162,42.336,-104.905,-5.421,-120.177,-41.955,-88.663,,,,"",,,,"",,,,"",,,,"",,,,"",,,,"",,,,"",,,,"",,,,3322.33,-0.218,-37.065,,,,,,,,,,,,,,,,,,,,,,,,,,,,,,,,,,,,,,,,,,,,,,,,,,,,"",0,,,,,,,,,,,,,0,"",,,,0,""
137,,6,0,3,6,1,1,2,0,0,0,255,255,255,69,3328.37,"kneesohime",R,26,88,140,0.489,-0.102,0.236,1.575,0.167,1.359,-36.49,17.402,41,59,0,0,"",29.738,-200,27.653,0,0,6,"=","=","=","=","=","=","=","=","=",7,R,"YukihiroD",174.3,80,0.398,,68,W,Y,0,,,,,,,,,,,,,,,,,,,,,,,,,,,,,0,0,,,,,,,,,,,,,,,,,,,,,,,,,,,,,,,,,,,,,,-0.174,-37.765,0.045,-16.988,-21.211,-47.443,-15.564,-63.293,20.804,-52.682,11.731,-65.045,42.276,-105.002,-5.401,-120.183,-42.063,-88.575,,,,"",,,,"",,,,"",,,,"",,,,"",,,,"",,,,"",,,,"",,,,3332.321,-0.592,-37.401,,,,,,,,,,,,,,,,,,,,,,,,,,,,,,,,,,,,,,,,,,,,,,,,,,,,"",0,,,,,,,,,,,,,0,"",,,,0,""
138,,6,0,3,6,1,2,2,0,0,0,255,255,255,70,3339.275,"kneesohime",R,3,80,110,-1.237,0.288,0.267,1.737,0.053,1.786,-36.49,30.12,100,0,0,0,"",-329.811,7.775,-8.872,-1.344,-20.231,6,"=","=","=","=","=","=","=","=","=",7,R,"YukihiroD",174.3,80,0.398,,68,W,Y,1,,,,,,,,,,,,,,,,,,,,,,,,,,,,,0,0,,,,,,,,,,,,,,,3344.608,6,,706,0,,,,,,,,,,,,,,,,,,,-0.204,-37.848,0.03,-17.017,-21.443,-47.199,-15.15,-63.034,22.925,-51.393,11.776,-65.991,42.145,-104.499,-5.862,-119.383,-41.897,-88.693,,,,"",,,,"",,,,"",,,,"",,,,"",,,,"",,,,"",,,,"",,,,,,,,,,,,,,,,,,,,,,,,,,,,,,,,,,,,,,,,,,,,,,,,,,,,,,,,,,"",0,,,,,,,,,,,,,0,"",,,,0,""
139,SIDE,6,0,3,6,0,0,2,0,0,0,255,255,255,,3346.007,,,,,,,,,,,,,,,,,,,,,,,,7,"=","=","=","=","=","=","=","=","=",,,,,,,,,,,,,,,,,,,,,,,,,,,,,,,,,,,,,,,0,0,,,,,,,,,,,,,,,,,,,,,,,,,,,,,,,,,,,,,,,,,,,,,,,,,,,,,,,,,,,,,,,,,,,,,,,,,,,,,,,,,,,,,,,,,,,,,,,,,,,,,,,,,,,,,,,,,,,,,,,,,,,,,,,,,,,,,,,,,,,,,,,,,"",0,,,,,,,,,,,,,0,"",,,,0,""
140,,7,1,3,6,0,0,0,0,0,0,255,255,255,58,3442.011,"하루（Haru）",R,27,83,135,-0.278,-0.062,0.25,1.683,-0.224,1.426,-36.647,30.043,41,59,0,2,"",66.246,-138.738,11.174,0,0,5,"편하비_","Pring__","임 재 천","aura_5599","Pugeuk","ByeolBam","소솨소솨","kneesohime","schmoneymikey",3,R,"ByeolBam",175.3,88,0.5,5,68,W,Y,1,3442.979,168,101,140,91,42,,145,103,36.339,20.98,-0.054,0.912,-20.282,-0.04,0,0.274,299.465,346.02,-254.838,3440.144,-36.031,-97.533,3440.469,8,-34.657,2.925,-95.116,0,0,,,,,,,,,,,,,,,3448.712,5,,457,0,,,,,,,,,,,,,,,,,,,-0.157,-37.21,0.023,-17.837,-22.555,-47.525,-12.613,-63.401,23.672,-51.981,12.612,-63.135,44.676,-90.343,-20.681,-116.899,-43.867,-92.189,-0.101,-37.008,,"Kr_Luna",-0.004,-17.78,,"Fresh825",-22.356,-46.902,,"Riyaj",-12.545,-63.46,,"_Gosomi",23.658,-51.931,,"CoalCat",12.588,-63.047,,"-라후이-",44.713,-90.54,,"YukihiroD",-20.677,-116.876,,"ddil_ddil69",-43.879,-92.191,112,3453.999,-1.97,-41.41,,,,,,,,,,,,,,,,,,,,,,3448.73,-34.784,-95.355,,,,,,,,,,,,,,,,,,,,,,,,,3451.641,-30.184,-85.013,"",1,21.818,21.818,2.686,0,2,0.25,87.363,36.339,-1.661,88.08,0.05,82.444,0,"ddil_ddil69",,,,8,""
141,,7,1,3,6,0,0,1,0,0,0,255,255,255,59,3472.577,"하루（Haru）",R,0,39,87,1.248,0.345,0.525,1.837,0.528,1.837,-36.647,73.836,74,26,0,2,"",0,0,6.111,0,0,6,"=","=","=","=","=","=","=","=","=",5,R,"소솨소솨",180.9,80,0.501,5,68,W,Y,1,3473.969,129,250,100,91,109,,139,130,25.634,16.505,0.228,1.073,-20.273,0.52,0.238,0.553,296.037,429.976,-243.421,3471.077,-44.575,-132.393,,,,,,0,0,,3479.955,3484.396,3490.961,3495.838,,,,,,,,,,,,,,,,,,,,,,,,,,,,,,,,,-0.007,-37.219,-0.04,-17.816,-23.251,-48.172,-12.51,-62.696,23.971,-52.377,10.82,-62.786,45.233,-91.142,-25.059,-114.045,-43.762,-92.19,-0.088,-36.976,,"Kr_Luna",0.06,-17.753,,"Fresh825",-23.246,-48.189,,"Riyaj",-12.573,-62.66,,"_Gosomi",23.97,-52.319,,"CoalCat",10.788,-62.795,,"-라후이-",44.398,-90.398,,"YukihiroD",-25.056,-114.025,,"ddil_ddil69",-43.779,-92.14,,,,,,,,,,,,,,,,,,,,,,,,,,,,,,,,,,,,,,,,,,,,,,,,,,,,,,,,"",4,17.546,17.546,-19.053,0,0,1,32.703,32.703,18.638,32.703,0,38.826,0,"",3484.396,3490.961,,0,""
142,,7,1,4,6,0,0,1,0,0,0,255,255,255,60,3517.713,"하루（Haru）",R,10,12,66,0.973,-0.427,0.418,1.817,0.412,1.816,-36.647,63.102,5,95,0,2,"",0,352.551,-56.034,0,0,7,"=","=","=","=","=","=","=","=","=",0,R,"kneesohime",190,85,0.497,3,68,W,Y,1,3519.299,255,116,153,88,61,,145,130,35.062,46.817,0.194,1.058,-21.424,0.34,0,0.283,-10.911,68.075,596.026,3515.152,-76.717,-89.314,,,,,,0,0,,,,,,,,,,,,,,,,,,,,,,,,,,,,,,,,,,,,,,-0.038,-37.034,0.047,-17.551,-25.493,-48.28,-13.126,-63.632,24.431,-52.985,11.23,-63.869,36.384,-83.34,-19.006,-115.863,-43.716,-92.366,-0.46,-37.074,,"Kr_Luna",0.086,-17.497,,"Fresh825",-25.506,-48.261,,"Riyaj",-13.217,-63.542,,"_Gosomi",24.422,-52.822,,"CoalCat",11.231,-63.882,,"-라후이-",36.852,-84.161,,"YukihiroD",-18.106,-115.282,,"ddil_ddil69",-43.689,-92.393,,,,,,,,,,,,,,,,,,,,,,,,,,,,,,,,,,,,,,,,,,,,,,,,,,,,,,,,"",3,,,,,,,,,,,,,0,"",,,,0,""
143,,7,1,4,6,0,1,1,0,0,0,255,255,255,61,3540.385,"하루（Haru）",R,10,22,73,1.471,-2.206,0.5,1.366,0.627,0.83,-36.647,66.117,0,100,0,1,"",0,312.74,-74.112,0.265,-19.966,7,"=","=","=","=","=","=","=","=","=",0,R,"kneesohime",190,85,0.497,,68,W,Y,0,,,,,,,,,,,,,,,,,,,,,,,,,,,,,0,0,,,,,,,,,,,,,,,,,,,,,,,,,,,,,,,,,,,,,,-0.013,-36.948,0.075,-17.548,-25.193,-49.132,-13.715,-63.689,23.962,-53.065,11.788,-64.332,40.145,-82.802,-19.761,-112.342,-43.599,-92.588,,,,"",,,,"",,,,"",,,,"",,,,"",,,,"",,,,"",,,,"",,,,,,,,,,,,,,,,,,,,,,,,,,,,,,,,,,,,,,,,,,,,,,,,,,,,,,,,,,"",0,,,,,,,,,,,,,0,"",,,,0,""
144,,7,1,4,6,1,1,1,0,0,0,255,255,255,62,3558.306,"하루（Haru）",R,10,17,70,1.122,-1.459,0.439,1.643,0.477,1.494,-36.647,63.623,0,100,0,2,"",0,376.421,-62.13,0,0,7,"=","=","=","=","=","=","=","=","=",0,R,"kneesohime",190,85,0.497,3,68,W,Y,1,3559.834,255,144,160,89,67,,145,104,-79.798,-61.577,0.215,0.604,-20.932,-0.17,0,0.266,341.531,-130.881,-166.452,3551.336,0.396,-21.031,3556.261,4,29.411,0.111,-34.846,0,0,,,,,,,,,,,,,,,,,,,,,,,,,,,,,,,,,,,,,,0,-37.114,0.069,-17.557,-25.172,-49.053,-13.731,-63.672,23.979,-53.219,11.072,-64.52,40.341,-81.893,-19.982,-112.12,-43.75,-92.385,-0.17,-36.867,,"Kr_Luna",0.098,-17.514,,"Fresh825",-25.006,-48.777,,"Riyaj",-13.845,-63.657,,"_Gosomi",23.925,-53,,"CoalCat",11.08,-64.405,,"-라후이-",40.277,-81.896,,"YukihiroD",-19.977,-112.122,,"ddil_ddil69",-43.651,-92.396,,,,,,,,,,,,,,3564.705,29.744,-35.12,,,,,,,,,,,,,,,,,,,,,,,,,,,,,,,,,,,,,,,,"",3,,,,,,,,,,,,,0,"_Gosomi",,,,32,""
145,,7,1,4,6,1,2,1,0,0,0,255,255,255,63,3582.176,"하루（Haru）",R,26,81,132,-0.303,-0.073,0.232,1.663,-0.307,1.38,-36.647,33.909,43,57,0,2,"",113.966,-194.545,9.057,0,0,7,"=","=","=","=","=","=","=","=","=",0,R,"kneesohime",190,85,0.497,3,68,W,Y,1,3583.289,255,170,128,89,55,,145,130,34.491,46.366,-0.059,0.975,-20.138,0.63,0,0.336,579.431,53.893,102.77,3580.161,-88.907,-99.358,,,,,,0,0,,,,,,,,,,,,,,,,,,,,,,,,,,,,,,,,,,,,,,-0.191,-37.267,0.073,-17.544,-23.892,-47.522,-13.078,-63.495,23.766,-52.201,12.047,-63.038,40.287,-84.744,-17.899,-107.6,-42.482,-93.413,-0.148,-36.882,,"Kr_Luna",0.073,-17.523,,"Fresh825",-23.89,-47.514,,"Riyaj",-13.225,-63.31,,"_Gosomi",23.798,-52.066,,"CoalCat",12.083,-62.893,,"-라후이-",40.615,-84.694,,"YukihiroD",-17.877,-107.67,,"ddil_ddil69",-42.532,-93.347,,,,,,,,,,,,,,,,,,,,,,,,,,,,,,,,,,,,,,,,,,,,,,,,,,,,,,,,"",3,,,,,,,,,,,,,0,"",,,,0,""
146,,7,1,4,6,1,2,1,0,0,0,255,255,255,64,3605.065,"하루（Haru）",R,4,38,93,-1.718,-0.611,0.274,1.669,-0.301,1.249,-36.647,57.859,0,100,0,2,"",-197.714,0,11.779,0,0,7,"=","=","=","=","=","=","=","=","=",0,R,"kneesohime",190,85,0.497,3,68,W,Y,1,3606.371,255,148,130,133,84,,145,87,5.205,37.003,-0.296,0.83,-20.803,1,0,0.312,169.733,-95.62,263.547,3598.977,-14.996,-40.586,3599.636,2,-18.629,0.122,-45.162,0,0,,,,,,,,,,,,,,,3610.048,7,,147,0,,,,,,,,,,,3609.452,2,,,,,,,-0.159,-37.296,0.115,-17.549,-23.469,-45.317,-13.375,-63.871,24.789,-52.503,11.33,-63.912,40.384,-86.861,-26.839,-111.046,-44.407,-92.976,-0.304,-37.043,,"Kr_Luna",0.048,-17.546,,"Fresh825",-23.038,-45.454,85,"Riyaj",-13.329,-63.893,,"_Gosomi",23.917,-53.339,,"CoalCat",11.223,-63.758,,"-라후이-",37.226,-89.499,,"YukihiroD",-25.425,-111.004,,"ddil_ddil69",-44.67,-93.118,,3611.976,-0.84,-39.557,,,,3608.082,-18.835,-45.676,,,,,,,,,,,,,,,,,,,,,,,,,3610.931,-17.732,-40.039,,,,,,,,,,,,,,,,,,,"",2,,,,,,,,,,,,,0,"Fresh825",,,,256,""
147,,7,1,4,6,0,0,2,0,0,0,255,255,255,65,3632.619,"하루（Haru）",R,3,51,98,-1.389,-0.329,0.377,1.722,0.226,1.432,-36.647,55.815,0,100,0,2,"",-390.087,0,20.977,0,0,8,"=","=","=","=","=","=","=","=","=",7,L,"schmoneymikey",175.2,80,0.347,5,41,W,Y,1,3633.869,255,154,145,96,72,,145,84,-30,63.791,-0.347,1.187,-21.794,1,0,0.339,333.994,-246.491,146.305,3625.586,-2.105,-22.667,,,,,,0,0,,,,,,,,,,,,,,,,,,,,,,,,,,,,,,,,,,,,,,-0.038,-37.331,0.114,-17.572,-23.139,-49.277,-12.505,-63.105,25.109,-51.943,14.256,-62.165,47.096,-79.656,-1.712,-118.608,-43.357,-92.224,-0.188,-37.384,,"Kr_Luna",0.074,-17.533,,"Fresh825",-23.133,-49.276,,"Riyaj",-12.465,-63.12,,"_Gosomi",25.092,-51.869,,"CoalCat",14.247,-62.044,,"-라후이-",45.464,-83.2,,"YukihiroD",-1.655,-118.605,,"ddil_ddil69",-43.381,-92.185,,,,,,,,,,,,,,,,,,,,,,,,,,,,,,,,,,,,,,,,,,,,,,,,,,,,,,,,"",3,100.858,67.658,29.227,1,1,0.536,-73.374,-63.75,-13.58,-73.368,0.008,-144.437,0,"",,,,0,""
148,,7,1,4,6,0,1,2,0,0,0,255,255,255,66,3651.455,"하루（Haru）",R,27,77,128,-1.292,-0.034,0.157,1.688,-0.657,1.442,-36.647,25.191,46,54,0,2,"",57.97,-130.677,12.142,0,0,8,"=","=","=","=","=","=","=","=","=",7,L,"schmoneymikey",175.2,80,0.347,5,41,W,Y,1,3652.617,147,129,190,87,0,,145,91,-14.192,25.908,-0.242,0.919,-20.277,-0.62,0,0.191,444.074,-227.897,21.357,3644.394,-1.65,-23.193,3649.144,8,-32.57,0.059,-74.347,1,0,,3657.7,3677.704,,,,,,,,,,,,,,,,,,,,,,,,,,,,,,,,,,,-0.177,-37.213,-0.016,-17.561,-23.442,-47.587,-13.009,-63.196,24.483,-53.315,13.485,-62.229,42.711,-82.387,-1.024,-117.774,-43.571,-91.931,-0.373,-37.701,,"Kr_Luna",0.051,-17.53,,"Fresh825",-23.339,-47.221,75,"Riyaj",-12.969,-63.076,,"_Gosomi",24.531,-53.179,,"CoalCat",13.489,-62.228,73,"-라후이-",41.911,-83.057,,"YukihiroD",-1.286,-117.823,,"ddil_ddil69",-43.52,-91.928,104,3664.122,-3.724,-40.091,,,,3659.603,-20.25,-40.482,,,,,,,3678.335,2.93,-58.016,,,,,,,3657.313,-32.971,-74.798,,,,,,,3663.126,-18.025,-40.216,,,,,,,3680.824,2.918,-56.919,,,,,,,3658.124,-30.698,-69.078,"",2,27.098,27.098,-4.579,0,0,1,-14.192,-14.192,-34.862,-14.192,0,38.96,0,"ddil_ddil69",3677.704,,,392,""
149,,7,1,4,6,0,0,2,0,1,0,255,7,255,67,3700.136,"하루（Haru）",R,27,76,127,-1.345,1.242,0.156,1.914,-0.663,2.219,-36.647,53.856,89,11,0,4,"",46.812,-113.528,4.662,0,0,0,"=","=","=","=","=","=","=","=","=",1,R,"편하비_",180.3,94.705,0.605,,68,W,Y,1,,,,,,,,,,,,,,,,,,,,,,,,,,,,,0,0,,,,,,,,,,,,,3707.116,,,,,,,,,,,,,,,,,,,,,,,,,-0.204,-37.513,0.072,-17.543,-22.244,-47.517,-11.81,-61.693,21.915,-47.272,1.081,-59.859,34.285,-72.148,-6.162,-111.659,-44.311,-92.921,,,107,"",,,,"",,,,"",,,,"",,,,"",,,,"",,,,"",,,,"",,,,3705.65,-0.195,-37.331,,,,,,,,,,,,,,,,,,,,,,,,,3720.103,4.111,-38.572,,,,,,,,,,,,,,,,,,,,,,,,,"",0,,,,,,,,,,,,,0,"",3702.976,,,0,""
150,,7,1,4,6,0,1,2,0,1,0,255,7,255,68,3739.706,"하루（Haru）",R,26,82,133,0.542,0.584,0.322,1.78,0.114,1.765,-36.647,44.455,88,12,0,2,"",77.468,-188.412,1.862,0,0,0,"=","=","=","=","=","=","=","=","=",1,R,"편하비_",180.3,94.705,0.605,3,68,W,Y,1,3740.514,255,85,60,12,11,,120,69,111.127,62.783,0.1,1.169,-20.428,-1,0,0.497,260.649,73.613,400.819,3737.027,37.27,0.069,,,,,,0,0,,,,,,,,,,,,,3752.426,,,,,,,,,,,,,,,,,,,,,3765.412,4,,,-0.171,-37.261,-0.075,-17.569,-22.16,-47.635,-12.507,-62.053,22.413,-47.333,5.635,-60.849,30.202,-73.447,-20.455,-110.024,-44.335,-92.939,-0.021,-36.863,,"Kr_Luna",-0.021,-17.545,,"Fresh825",-21.996,-47.726,,"Riyaj",-12.38,-62.089,,"_Gosomi",22.433,-45.471,,"CoalCat",8.081,-61.859,,"-라후이-",30.203,-73.438,,"YukihiroD",-20.428,-110.03,,"ddil_ddil69",-44.345,-92.906,,,,,,,,,,,,,,,,,,,,,,,,,,,,,,,,,,,,,,,,,,,,,,,,,,,,,,,,"",3,,,,,,,,,,,,,0,"",3745.437,,,0,""
151,,7,1,4,6,0,2,2,0,1,0,255,7,255,69,3781.884,"하루（Haru）",R,0,53,109,-0.726,1.563,0.209,1.968,-0.323,2.541,-36.647,71.916,93,7,0,4,"",0,0,-1.607,0,0,0,"=","=","=","=","=","=","=","=","=",1,R,"편하비_",180.3,94.705,0.605,,68,W,Y,1,,,,,,,,,,,,,,,,,,,,,,,,,,,,,0,256,,,,,,,,,3786.592,,,,,,3784.438,0,,578,0,3785.921,8,2,293,2,,,,,,,,,,,,,,-0.143,-37.192,-0.023,-17.501,-22.676,-47.362,-12.791,-62.56,21.193,-44.028,1.327,-60.028,35.744,-71.598,-15.875,-104.128,-44.92,-92.891,,,,"",,,,"",,,,"",,,,"",,,,"",,,,"",,,,"",,,,"",,,,,,,,,,,,,,,,,,,,,,,,,,,,,,,,,,,,,,,,,,,,,,,,,,,,,,,,,,"",0,,,,,,,,,,,,,0,"",,3786.592,,0,""
152,SIDE,7,1,4,6,0,0,2,0,0,0,255,255,255,,3787.731,,,,,,,,,,,,,,,,,,,,,,,,1,"=","=","=","=","=","=","=","=","=",,,,,,,,,,,,,,,,,,,,,,,,,,,,,,,,,,,,,,,0,0,,,,,,,,,,,,,,,,,,,,,,,,,,,,,,,,,,,,,,,,,,,,,,,,,,,,,,,,,,,,,,,,,,,,,,,,,,,,,,,,,,,,,,,,,,,,,,,,,,,,,,,,,,,,,,,,,,,,,,,,,,,,,,,,,,,,,,,,,,,,,,,,,"",0,,,,,,,,,,,,,0,"",,,,0,""
153,,7,0,4,6,0,0,0,0,0,0,255,255,255,71,3826.936,"kneesohime",R,27,96,140,-0.828,-0.771,0.104,1.483,-0.448,1.036,-36.49,7.957,48,52,0,0,"",62.984,-130.967,20.581,0,0,7,"vovopo 보보포","Kr_Luna","Riyaj","ddil_ddil69","-라후이-","_Gosomi","YukihiroD","CoalCat","Fresh825",5,R,"CoalCat",174.9,83,0.397,,68,W,Y,0,,,,,,,,,,,,,,,,,,,,,,,,,,,,,0,0,,,,,,,,,,,,,,,,,,,,,,,,,,,,,,,,,,,,,,-0.131,-38.134,-0.125,-17.167,-21.985,-47.4,-14.798,-64.074,21.98,-50.79,10.833,-66.602,53.854,-100.949,0.157,-111.96,-35.624,-86.635,,,,"",,,,"",,,,"",,,,"",,,,"",,,,"",,,,"",,,,"",,,,,,,,,,,,,,,,,,,,,,,,,,,,,,,,,,,,,,,,,,,,,,,,,,,,,,,,,,"",0,,,,,,,,,,,,,0,"",,,,0,""
154,,7,0,4,6,0,1,0,0,0,0,255,255,255,72,3840.394,"kneesohime",R,13,79,116,-1.442,-1.337,0.193,1.557,-0.034,1.294,-36.49,22.3,49,51,0,2,"",-352.222,354.88,-22.768,0,0,7,"=","=","=","=","=","=","=","=","=",5,R,"CoalCat",174.9,83,0.397,5,68,W,Y,1,3841.645,255,178,92,87,70,,145,84,-23.676,-57.423,-0.186,0.688,-21.834,1,0,0.666,7.914,-25.53,100.16,3833.202,1.006,-22.595,,,,,,0,0,,,,,,,,,,,,,,,,,,,,,,,,,,,,,,,,,,,,,,-0.26,-38,-0.134,-17.232,-22.009,-47.416,-14.794,-64.062,22.429,-50.897,13.174,-64.709,52.295,-103.014,0.19,-111.464,-41.31,-88.015,-0.191,-37.205,,"편하비_",-0.101,-17.351,,"Pring__",-21.996,-47.404,,"ByeolBam",-14.816,-64.065,,"aura_5599",21.241,-50.281,,"소솨소솨",12.537,-64.555,,"Pugeuk",51.723,-103.459,,"schmoneymikey",0.772,-110.301,,"임 재 천",-41.143,-87.797,,,,,,,,,,,,,,,,,,,,,,,,,,,,,,,,,,,,,,,,,,,,,,,,,,,,,,,,"",3,-55.513,-52.79,-19.048,0.386,2,0.145,-38.473,-27.498,-12.345,-37.172,0.032,155.465,0,"",,,,0,""
155,,7,0,4,6,0,2,0,0,0,0,255,255,255,73,3855.81,"kneesohime",R,14,69,97,2.734,-0.806,0.364,1.697,0.51,1.742,-36.49,21.227,70,30,0,2,"",311.244,354.149,6.858,0,0,7,"=","=","=","=","=","=","=","=","=",5,R,"CoalCat",174.9,83,0.397,0,36,W,Y,1,3857.187,255,101,102,80,68,,145,90,114.624,36.391,0.468,0.824,-21.397,-0.81,0,0.389,198.9,104.983,383.108,,,,,,,,,0,0,,,,,,,,,,,,,,,,,,,,,,,,,,,,,,,,,,,,,,-0.181,-38.038,0.044,-17.195,-20.926,-46.823,-14.038,-64.21,20.073,-47.053,14.109,-66.488,51.866,-99.985,-0.416,-110.87,-41.332,-87.53,0.1,-37.118,,"편하비_",-0.056,-17.318,,"Pring__",-20.915,-46.818,,"ByeolBam",-14.352,-64.144,,"aura_5599",20.169,-47.153,,"소솨소솨",13.34,-64.355,,"Pugeuk",51.279,-99.67,,"schmoneymikey",-0.41,-110.892,,"임 재 천",-41.361,-87.49,,,,,,,,,,,,,,,,,,,,,,,,,,,,,,,,,,,,,,,,,,,,,,,,,,,,,,,,"",3,,,,,,,,,,,,,0,"",,,,0,""
156,,7,0,4,6,0,2,0,0,0,0,255,255,255,74,3873.646,"kneesohime",R,27,95,140,0.206,-0.031,0.266,1.696,-0.008,1.483,-36.49,16.078,46,54,0,2,"",66.866,-103.672,9.782,0,0,7,"=","=","=","=","=","=","=","=","=",5,R,"CoalCat",174.9,83,0.397,5,36,W,Y,1,3874.812,174,156,89,63,28,,145,84,35.202,29.359,0.04,0.944,-20.635,-1,0,0.361,587.971,-35.239,91.615,3871.402,-33.258,-77.658,3871.577,8,-32.014,2.746,-75.38,0,0,,3880.267,,,,,,,,,,,,,3880.002,7,,457,0,,,,,,,,,,,,,,,,,,,-0.153,-38.021,-0.013,-17.225,-18.619,-44.228,-14.064,-64.587,21.826,-48.198,13.229,-64.196,51.75,-98.675,-0.4,-111.771,-42.349,-87.022,-0.089,-37.274,,"편하비_",-0.074,-17.274,,"Pring__",-18.647,-44.207,,"ByeolBam",-14.067,-64.588,,"aura_5599",20.462,-47.005,,"소솨소솨",13.09,-63.784,85,"Pugeuk",51.646,-98.732,,"schmoneymikey",0.361,-111.744,,"임 재 천",-42.533,-86.879,78,3891.255,-0.211,-38.507,,,,,,,,,,,,,3888.339,-0.682,-59.399,,,,,,,3880.021,-32.523,-75.996,,,,,,,,,,,,,,,,3890.124,-0.156,-57.171,,,,,,,3886.23,-32.076,-73.135,"",1,29.955,29.955,2.211,0,0,1,35.202,35.202,54.266,35.202,0,35.652,0,"임 재 천",,,,196,""
157,,7,0,4,6,0,0,1,0,0,0,255,255,255,75,3903.169,"kneesohime",R,26,90,140,-1.663,-0.105,0.033,1.582,-0.775,1.404,-36.49,9.096,48,52,0,1,"",37.149,-165.02,21.481,0,0,8,"=","=","=","=","=","=","=","=","=",2,L,"Fresh825",190,80,0.2,,49,W,Y,0,,,,,,,,,,,,,,,,,,,,,,,,,,,,,0,0,,,,,,,,,,,,,,,,,,,,,,,,,,,,,,,,,,,,,,-0.245,-38.101,-0.089,-17.189,-22.255,-48.427,-14.42,-63.904,19.561,-46.125,15.033,-63.158,47.806,-98.925,4.533,-112.691,-43.601,-85.73,,,,"",,,,"",,,,"",,,,"",,,,"",,,,"",,,,"",,,,"",,,,3913.469,-0.032,-37.218,,,,,,,,,,,,,,,,,,,,,,,,,,,,,,,,,,,,,,,,,,,,,,,,,,,,"",0,,,,,,,,,,,,,0,"",,,,0,""
158,,7,0,4,6,1,0,1,0,0,0,255,255,255,76,3922.751,"kneesohime",R,14,58,102,0.097,0.032,0.04,1.778,-0.745,2.038,-36.49,21.959,100,0,0,2,"",387.009,275.334,22.76,0,0,8,"=","=","=","=","=","=","=","=","=",2,L,"Fresh825",190,80,0.2,3,49,W,Y,1,3923.896,252,203,153,120,54,,145,101,-30,-15.609,0.002,1.083,-20.836,0.97,0,0.164,-111.003,-49.831,116.083,3915.461,0.493,-22.587,3917.577,5,10.067,0.683,-56.667,0,256,,3929.358,,,,,,,,,,,,,3928.843,8,,147,64,,,,,,,,,,,,,,,,,,,-0.237,-37.979,-0.173,-16.98,-22.554,-48.427,-14.38,-63.724,17.448,-42.937,13.728,-63.806,47.855,-98.913,14.341,-117.348,-43.585,-85.839,-0.112,-36.931,,"편하비_",-0.146,-17.06,,"Pring__",-22.554,-48.412,42,"ByeolBam",-14.368,-63.714,,"aura_5599",14.104,-39.339,,"소솨소솨",13.703,-63.364,98,"Pugeuk",47.862,-98.926,,"schmoneymikey",14.343,-117.35,,"임 재 천",-43.593,-85.844,,3933.283,-0.514,-37.918,,,,3928.202,-18.756,-40.025,,,,,,,3925.98,10.25,-57.603,,,,,,,,,,,,,,,,3931.195,-17.859,-39.408,,,,,,,3926.726,6.977,-55.23,,,,,,,,,,"",2,,,,,,,,,,,,,0,"소솨소솨",,,,194,""
159,,7,0,4,6,0,0,2,0,0,0,255,255,255,77,3947.363,"kneesohime",R,26,93,140,0.795,-0.055,0.297,1.669,0.239,1.38,-36.49,18.041,51,49,0,0,"",73.542,-178.564,9.275,0,0,0,"=","=","=","=","=","=","=","=","=",9,L,"vovopo 보보포",160,80,0.549,,68,W,Y,0,,,,,,,,,,,,,,,,,,,,,,,,,,,,,0,0,,,,,,,,,,,,,,,,,,,,,,,,,,,,,,,,,,,,,,-0.199,-38.095,-0.039,-16.943,-21.239,-47.087,-13.422,-64.592,20.265,-47.409,15.599,-64.936,43.913,-103.838,5.722,-113.494,-43.673,-86.039,,,,"",,,,"",,,,"",,,,"",,,,"",,,,"",,,,"",,,,"",,,,3955.868,-0.36,-37.035,,,,,,,,,,,,,,,,,,,,,,,,,,,,,,,,,,,,,,,,,,,,,,,,,,,,"",0,,,,,,,,,,,,,0,"",,,,0,""
160,,7,0,4,6,0,1,2,0,0,0,255,255,255,78,3963.832,"kneesohime",R,14,71,99,1.932,-1.366,0.234,1.581,0.106,1.454,-36.49,14.199,59,41,0,4,"",347.426,317.776,19.415,0.65,-17.548,0,"=","=","=","=","=","=","=","=","=",9,L,"vovopo 보보포",160,80,0.549,,36,W,Y,1,,,,,,,,,,,,,,,,,,,,,,,,,,,,,0,0,,,,,,,,,,,,,,,,,,,,,,,,,,,,,,,,,,,,,,-0.168,-38.031,-0.012,-16.903,-20.978,-46.882,-13.613,-64.408,20.346,-47.097,13.847,-64.244,43.685,-103.659,5.696,-114.854,-43.731,-85.954,,,,"",,,,"",,,,"",,,,"",,,,"",,,,"",,,,"",,,,"",,,,3969.764,-0.335,-37.101,,,,,,,,,,,,,,,,,,,,,,,,,,,,,,,,,,,,,,,,,,,,,,,,,,,,"",0,,,,,,,,,,,,,0,"",,,,0,""
161,,7,0,4,6,0,2,2,0,0,0,255,255,255,79,3979.391,"kneesohime",R,26,82,133,-0.082,0.607,0.231,1.722,-0.159,1.716,-36.49,31.039,97,3,0,2,"",81.503,-181.417,6.186,0,0,0,"=","=","=","=","=","=","=","=","=",9,L,"vovopo 보보포",160,80,0.549,5,36,W,Y,1,3980.449,255,169,105,15,11,,138,87,15.822,-1.125,-0.019,0.991,-19.953,-0.38,0,0.404,381.4,-208.061,-10.727,3975.519,3.365,-83.421,3977.027,1,4.643,0.057,-97.175,1,0,,3985.642,,,,,,,,,,,,,,,,,,,,,,,,,,,,,,,,,,,,-0.078,-37.897,-0.008,-16.876,-21.248,-46.704,-13.194,-65.183,19.528,-45.757,12.728,-64.182,43.509,-102.996,6.527,-114.365,-43.745,-85.929,-0.137,-37.289,,"편하비_",-0.044,-16.929,,"Pring__",-21.226,-46.685,,"ByeolBam",-13.022,-65.229,85,"aura_5599",19.474,-45.235,,"소솨소솨",12.851,-64.048,,"Pugeuk",43.674,-103.085,,"schmoneymikey",6.389,-113.63,64,"임 재 천",-43.705,-86.003,,3995.104,-0.743,-39.998,,,,,,,3992.285,-0.159,-58.99,,,,,,,,,,3985.259,4.328,-95.493,,,,,,,,,,,,,3994.027,-0.275,-57.106,,,,,,,,,,3991.056,-3.049,-74.188,,,,"",2,-0.525,-0.525,-1.947,0,0,1,15.822,15.822,28.302,15.822,0,0.272,0,"Kr_Luna",,,,416,""
162,,7,0,4,6,0,0,2,1,0,0,19,255,255,80,4009.784,"kneesohime",R,26,96,140,-2.472,-0.805,-0.028,1.495,-0.974,0.935,-36.49,6.558,45,55,0,1,"",-104.315,-200,85.913,-0.762,-17.769,1,"=","=","=","=","=","=","=","=","=",1,L,"Kr_Luna",190,95.432,0.498,,68,W,Y,0,,,,,,,,,,,,,,,,,,,,,,,,,,,,,0,0,,,,,,4013.283,,,,,,,,,,,,,,,,,,,,,,,,,,,,,,4013.607,1,-0.155,-37.764,-0.075,-16.926,-19.515,-39.693,-10.962,-62.993,22.673,-48.207,14.374,-62.841,57.74,-101.347,15.145,-121.379,-43.87,-85.891,,,,"",,,,"",,,,"",,,,"",,,,"",,,,"",,,,"",,,,"",,,,4015.801,-0.441,-37.184,,,,,,,,,,,,,,,,,,,,,,,,,,,,,,,,,,,,,,,,,,,,,,,,,,,,"",0,,,,,,,,,,,,,0,"",4013.283,,,0,""
163,,7,0,4,6,1,0,2,0,1,0,255,19,255,81,4030.423,"kneesohime",R,0,70,109,-0.939,0.293,0.169,1.821,-0.415,1.798,-36.49,27.876,87,13,0,2,"",0,0,6.144,0,0,1,"=","=","=","=","=","=","=","=","=",1,L,"Kr_Luna",190,95.432,0.498,5,68,W,Y,0,4031.286,64,100,172,74,42,,120,86,28.803,59.409,-0.184,1.091,-19.946,0.97,0,0.173,367.926,-233.568,390.888,4027.336,-59.871,-57.594,,,,,,0,0,,,,,,,,,,,,,4044.302,,,,,,,,,,,,,,,,,,,,,,,,,-0.132,-37.61,0.008,-17.171,-22.19,-47.623,-8.227,-62.795,20.557,-45.362,14.415,-63.473,56.927,-103.338,15.34,-119.162,-43.711,-86.036,-0.213,-37.156,,"편하비_",-0.029,-17.203,,"Pring__",-22.191,-47.619,,"ByeolBam",-8.815,-62.723,,"aura_5599",20.229,-44.49,,"소솨소솨",14.469,-63.424,,"Pugeuk",57.054,-103.409,,"schmoneymikey",15.34,-119.162,,"임 재 천",-43.714,-86.041,,,,,,,,,,,,,,,,,,,,,,,,,,,,,,,,,,,,,,,,,,,,,,,,,,,,,,,,"",3,62.391,58.583,25.978,0.462,2,0.05,56.865,45.676,18.723,57.719,0.042,-112.84,0,"",4036.677,,,0,""
164,,7,0,4,6,1,1,2,0,1,0,255,19,255,82,4053.017,"kneesohime",R,26,92,140,-1.552,1.617,0.07,1.964,-0.823,2.451,-36.49,28.215,83,17,0,4,"",108.899,-200,21.052,0,0,1,"=","=","=","=","=","=","=","=","=",1,L,"Kr_Luna",190,95.432,0.498,,68,W,Y,0,,,,,,,,,,,,,,,,,,,,,,,,,,,,,0,0,,,,,,,,,,,,,4056.807,,,,,,,,,,,,,,,,,,,,,,,,,-0.162,-37.772,0.029,-17.042,-22.169,-47.624,-12.412,-64.824,20.065,-45.273,14.018,-64.94,57.196,-102.969,15.069,-119.172,-43.744,-86.072,,,,"",,,,"",,,,"",,,,"",,,,"",,,,"",,,,"",,,,"",,,,,,,,,,,,,,,,,,,,,,,,,,,,,,,,,,,,,,,,,,,,,,,,,,,,,,,,,,"",0,,,,,,,,,,,,,0,"",4056,,,0,""
165,,7,0,4,6,1,2,2,0,1,0,255,19,255,83,4069.855,"kneesohime",R,14,81,107,1.389,-0.597,0.272,1.749,0.094,1.776,-36.49,24.743,70,30,0,0,"",265.578,400,1.477,0,0,1,"=","=","=","=","=","=","=","=","=",1,L,"Kr_Luna",190,95.432,0.498,,68,W,Y,0,,,,,,,,,,,,,,,,,,,,,,,,,,,,,0,2,,,,,,,,,4071.56,,,,,,4072.3,1,,578,0,,,,,,,,,,,,,,,,,,,-0.144,-37.714,0.032,-17.059,-22.166,-47.63,-12.18,-64.726,20.637,-43.36,13.771,-63.237,56.932,-102.836,16.237,-118.133,-43.753,-86.09,,,,"",,,,"",,,,"",,,,"",,,,"",,,,"",,,,"",,,,"",,,,,,,,,,,,,,,,,,,,,,,,,,,,,,,,,,,,,,,,,,,,,,,,,,,,,,,,,,"",0,,,,,,,,,,,,,0,"",,4071.56,,0,""
166,SIDE,7,0,4,6,0,0,2,0,0,1,255,255,19,,4076.479,,,,,,,,,,,,,,,,,,,,,,,,2,"=","=","=","=","=","=","=","=","=",,,,,,,,,,,,,,,,,,,,,,,,,,,,,,,,,,,,,,,0,0,,,,,,,,,,,,,,,,,,,,,,,,,,,,,,,,,,,,,,,,,,,,,,,,,,,,,,,,,,,,,,,,,,,,,,,,,,,,,,,,,,,,,,,,,,,,,,,,,,,,,,,,,,,,,,,,,,,,,,,,,,,,,,,,,,,,,,,,,,,,,,,,,"",0,,,,,,,,,,,,,0,"",,,,0,""
167,,8,1,4,6,0,0,0,0,0,0,255,255,255,70,4120.824,"하루（Haru）",R,10,66,109,-0.411,-1.747,0.258,1.56,-0.186,1.046,-36.647,25.854,45,55,0,1,"",0,400,-7.832,-0.112,-18.713,1,"편하비_","Pring__","임 재 천","aura_5599","Pugeuk","ByeolBam","소솨소솨","kneesohime","schmoneymikey",2,L,"Pring__",190,93.125,0.431,,68,W,Y,0,,,,,,,,,,,,,,,,,,,,,,,,,,,,,0,0,,,,,,,,,,,,,,,,,,,,,,,,,,,,,,,,,,,,,,-0.063,-37.188,0.026,-17.678,-18.939,-45.061,-11.458,-63.494,24.821,-51.741,14.225,-62.416,46.001,-91.985,1.525,-119.852,-44.254,-92.856,,,,"",,,,"",,,,"",,,,"",,,,"",,,,"",,,,"",,,,"",,,,,,,,,,,,,,,,,,,,,,,,,,,,,,,,,,,,,,,,,,,,,,,,,,,,,,,,,,"",0,,,,,,,,,,,,,0,"",,,,0,""
168,,8,1,4,6,1,0,0,0,0,0,255,255,255,71,4138.078,"하루（Haru）",R,27,58,113,-0.294,0.16,0.244,1.727,-0.25,1.587,-36.647,40.798,100,0,0,2,"",63.576,-118.164,3.427,0,0,1,"=","=","=","=","=","=","=","=","=",2,L,"Pring__",190,93.125,0.431,5,68,W,Y,1,4139.142,199,146,107,96,76,,145,131,26.886,3.142,-0.048,1.118,-20.921,0.47,0,0.413,571.506,-161.14,-82.1,4136.728,-2.004,-143.584,,,,,,0,0,,4145.294,4149.88,4155.025,4160.176,,,,,,,,,,,,,,,,,,,,,,,,,,,,,,,,,-0.04,-37.367,0.026,-17.598,-20.133,-47.225,-11.587,-63.489,24.604,-51.558,14.252,-62.446,44.575,-91.022,0.602,-123.75,-43.871,-92.219,0.237,-36.853,,"Kr_Luna",0.042,-17.594,,"Fresh825",-20.434,-47.369,,"Riyaj",-11.398,-63.561,,"_Gosomi",24.611,-51.379,,"CoalCat",14.24,-62.291,,"-라후이-",44.018,-91.062,,"YukihiroD",0.583,-123.735,,"ddil_ddil69",-43.943,-92.164,,,,,,,,,,,,,,,,,,,,,,,,,,,,,,,,,,,,,,,,,,,,,,,,,,,,,,,,"",4,3.933,3.933,4.612,0,2,0.254,86.606,39.064,1.064,88.78,0.072,-10.169,0,"",4149.88,4155.025,4160.176,0,""
169,,8,1,5,6,0,0,0,0,0,0,255,255,255,72,4183.127,"하루（Haru）",R,13,20,69,-1.326,0.131,0.375,2.038,0.211,2.405,-36.647,69.33,100,0,0,0,"",-249.004,304.008,-46.214,0,0,2,"=","=","=","=","=","=","=","=","=",8,R,"임 재 천",190,88,0.44,,68,W,Y,0,,,,,,,,,,,,,,,,,,,,,,,,,,,,,0,0,,,,,,,,,,,,,,,,,,,,,,,,,,,,,,,,,,,,,,-0.118,-36.921,0.063,-17.594,-21.424,-46.787,-11.36,-63.976,23.796,-52.64,11.567,-63.562,45.622,-93.438,-17.502,-116.018,-41.981,-93.125,,,,"",,,,"",,,,"",,,,"",,,,"",,,,"",,,,"",,,,"",,,,,,,,,,,,,,,,,,,,,,,,,,,,,,,,,,,,,,,,,,,,,,,,,,,,,,,,,,"",0,,,,,,,,,,,,,0,"",,,,0,""
170,,8,1,5,6,0,1,0,0,0,0,255,255,255,73,4201.166,"하루（Haru）",R,4,18,71,-0.22,-0.915,0.393,1.577,0.345,1.133,-36.647,67.088,0,100,0,0,"",-173.957,36.842,-83.838,0,0,2,"=","=","=","=","=","=","=","=","=",8,R,"임 재 천",190,88,0.44,,68,W,Y,0,,,,,,,,,,,,,,,,,,,,,,,,,,,,,0,0,,,,,,,,,,,,,,,,,,,,,,,,,,,,,,,,,,,,,,-0.007,-36.901,0.029,-17.576,-21.654,-46.722,-11.207,-63.525,23.863,-52.572,11.606,-63.618,45.21,-92.069,-16.639,-115.473,-42.524,-92.944,,,,"",,,,"",,,,"",,,,"",,,,"",,,,"",,,,"",,,,"",,,,,,,,,,,,,,,,,,,,,,,,,,,,,,,,,,,,,,,,,,,,,,,,,,,,,,,,,,"",0,,,,,,,,,,,,,0,"",,,,0,""
171,,8,1,5,6,0,2,0,0,0,0,255,255,255,74,4218.681,"하루（Haru）",R,0,9,10,-1.313,-2.529,0.162,1.518,-0.577,1.025,-36.647,51.415,0,100,0,1,"",0,49.515,-15.031,0.096,-33.992,2,"=","=","=","=","=","=","=","=","=",8,R,"임 재 천",190,88,0.44,,68,W,Y,0,,,,,,,,,,,,,,,,,,,,,,,,,,,,,0,0,,,,,,,,,,,,,,,,,,,,,,,,,,,,,,,,,,,,,,-0.1,-36.901,0.043,-17.595,-21.627,-46.716,-11.029,-63.652,23.904,-52.635,11.597,-63.614,45.022,-92.286,-16.873,-115.32,-42.573,-92.893,,,,"",,,,"",,,,"",,,,"",,,,"",,,,"",,,,"",,,,"",,,,,,,,,,,,,,,,,,,,,,,,,,,,,,,,,,,,,,,,,,,,,,,,,,,,,,,,,,"",0,,,,,,,,,,,,,0,"",,,,0,""
172,,8,1,5,6,1,2,0,0,0,0,255,255,255,75,4238.906,"하루（Haru）",R,10,10,63,-1.588,-1.323,0.142,1.506,-0.697,1.068,-36.647,49.344,0,100,0,2,"",0,400,-21.617,0,0,2,"=","=","=","=","=","=","=","=","=",8,R,"임 재 천",190,88,0.44,5,68,W,Y,1,4240.569,127,205,76,90,36,,138,85,18.296,-69.934,-0.251,0.72,-21.574,1,0,0.534,-209.845,169.819,-210.455,4235.703,41.768,-39.171,,,,,,0,0,,,,,,,,,,,,,,,,,,,,,,,,,,,,,,,,,,,,,,-0.112,-36.904,0.045,-17.594,-20.971,-47.386,-10.986,-63.662,23.901,-52.572,11.656,-63.62,44.364,-92.903,-16.995,-115.312,-42.538,-93.783,-0.532,-37.029,,"Kr_Luna",0.019,-17.59,,"Fresh825",-21.508,-46.507,,"Riyaj",-11.08,-63.555,,"_Gosomi",23.885,-52.437,,"CoalCat",11.642,-63.503,,"-라후이-",44.273,-92.847,,"YukihiroD",-16.985,-115.328,,"ddil_ddil69",-42.739,-93.631,,,,,,,,,,,,,,,,,,,,,,,,,,,,,,,,,,,,,,,,,,,,,,,,,,,,,,,,"",3,-86.628,-64.691,-25.055,0.829,0,1,18.296,18.296,-26.258,18.296,0,-139.452,0,"",,,,0,""
173,,8,1,5,6,1,2,0,0,0,0,255,255,255,76,4261.396,"하루（Haru）",R,0,9,10,-1.704,-2.529,0.135,1.468,-0.746,1.127,-36.647,49.486,0,100,0,1,"",-18.344,0,-11.145,0.062,-34.02,2,"=","=","=","=","=","=","=","=","=",8,R,"임 재 천",190,88,0.44,,68,W,Y,0,,,,,,,,,,,,,,,,,,,,,,,,,,,,,0,0,,,,,,,,,,,,,,,,,,,,,,,,,,,,,,,,,,,,,,-0.074,-36.994,0.041,-17.591,-22.459,-47.352,-11.311,-64.374,24.531,-52.422,12.473,-64.147,50.519,-91.553,-15.324,-113.084,-44.654,-95.146,,,,"",,,,"",,,,"",,,,"",,,,"",,,,"",,,,"",,,,"",,,,,,,,,,,,,,,,,,,,,,,,,,,,,,,,,,,,,,,,,,,,,,,,,,,,,,,,,,"",0,,,,,,,,,,,,,0,"",,,,0,""
174,,8,1,5,6,2,2,0,0,0,0,255,255,255,77,4279.842,"하루（Haru）",R,26,80,131,1.136,-0.054,0.367,1.669,0.322,1.4,-36.647,42.029,40,60,0,2,"",109.662,-182.963,5.656,0,0,2,"=","=","=","=","=","=","=","=","=",8,R,"임 재 천",190,88,0.44,5,68,W,Y,1,4281.072,212,64,88,37,24,,142,131,-30,49.684,0.21,0.918,-19.204,0.68,0,0.283,-580.768,109.968,-103.031,4272.661,-0.918,-20.158,,,,,,0,0,,,,,,,,,,,,,,,,,,,,,,,,,,,,,,,,,,,,,,-0.161,-37.191,0.039,-17.586,-22.465,-47.378,-11.485,-64.267,24.533,-52.512,12.266,-63.781,50.311,-93.55,-15.279,-113.071,-44.697,-95.079,0.043,-36.753,,"Kr_Luna",0.034,-17.568,,"Fresh825",-22.155,-47.119,,"Riyaj",-11.507,-64.258,,"_Gosomi",24.537,-52.415,,"CoalCat",12.222,-63.746,,"-라후이-",49.943,-93.886,,"YukihiroD",-15.127,-113.065,,"ddil_ddil69",-44.66,-95.085,,,,,,,,,,,,,,,,,,,,,,,,,,,,,,,,,,,,,,,,,,,,,,,,,,,,,,,,"",3,49.74,49.74,14.9,0,2,0.299,-87.914,-86.577,-6.687,-89.787,0.074,139.252,0,"",,,,0,""
175,,8,1,5,6,2,2,0,0,0,0,255,255,255,78,4299.035,"하루（Haru）",R,4,32,89,-2.761,-0.679,0.183,1.655,-0.797,1.209,-36.647,46.549,0,100,0,2,"",-170.52,0,8.298,0,0,2,"=","=","=","=","=","=","=","=","=",8,R,"임 재 천",190,88,0.44,3,68,W,Y,1,4300.437,230,87,29,61,33,,108,106,-7.05,13.972,-0.495,0.793,-20.685,0.83,0,0.515,-497.773,31.945,-333.469,4292.111,-1.756,-25.731,4293.986,3,-8.278,0.058,-58.789,0,0,,4306.586,,,,,,,,,,,,,4304.925,2,,147,4,,,,,,,,,,,,,,,,,,,-0.178,-37.206,0.05,-17.578,-22.199,-47.718,-12.522,-63.853,24.123,-52.612,10.518,-63.753,49.625,-92.367,-17.64,-112.028,-44.302,-93.189,-0.22,-36.954,,"Kr_Luna",0.043,-17.595,,"Fresh825",-22.186,-47.702,73,"Riyaj",-12.58,-63.857,103,"_Gosomi",24.103,-51.943,,"CoalCat",10.514,-63.563,,"-라후이-",49.542,-92.375,,"YukihiroD",-17.844,-112.05,,"ddil_ddil69",-44.404,-93.102,,4308.624,-0.3,-36.418,,,,4304.317,-18.802,-40.583,4302.473,-8.53,-60.516,,,,,,,,,,,,,,,,,,,,,,4307.364,-18.279,-40.017,4303.404,-9.156,-55.689,,,,,,,,,,,,,,,,"",2,,,,,,,,,,,,,0,"Riyaj",,,,260,""
176,,8,1,5,6,0,0,1,0,0,0,255,255,255,79,4327.204,"하루（Haru）",R,27,69,121,2.43,0.288,0.487,1.755,0.879,1.675,-36.647,56.779,76,24,0,2,"",100.71,-107.982,3.064,0,0,3,"=","=","=","=","=","=","=","=","=",4,R,"aura_5599",190,94.523,0.448,3,68,W,Y,1,4328.409,121,132,87,68,30,,137,82,1.36,-12.494,0.658,1.053,-19.993,-1,0,0.312,-79.434,-414.806,291.942,4320.711,4.865,-37.101,4322.328,5,9.128,0.055,-56.768,0,8,,4334.206,,,,,,,,,,,,,4333.415,3,,147,128,,,,,,,,,,,,,,,,,,,-0.072,-37.191,0.098,-17.567,-22.36,-47.386,-11.889,-63.097,23.653,-52.37,12.621,-63.583,44.179,-91.618,-15.636,-114.236,-44.705,-93.239,-0.091,-37.202,,"Kr_Luna",0.046,-17.594,,"Fresh825",-22.355,-47.379,85,"Riyaj",-11.599,-63.149,,"_Gosomi",23.644,-52.239,,"CoalCat",12.641,-63.426,107,"-라후이-",43.053,-90.775,,"YukihiroD",-15.63,-114.216,,"ddil_ddil69",-44.664,-93.269,,,,,,,,4332.841,-19.059,-39.882,,,,,,,4330.82,9.188,-57.592,,,,,,,,,,,,,,,,4336.437,-17.117,-39.48,,,,,,,4331.476,6.265,-55.976,,,,,,,,,,"",2,,,,,,,,,,,,,0,"CoalCat",,,,384,""
177,,8,1,5,6,0,0,2,0,0,0,255,255,255,80,4360.541,"하루（Haru）",R,26,86,140,-0.289,-0.524,0.221,1.579,-0.357,1.106,-36.647,20.482,26,74,0,2,"",173.12,-200,30.502,0,0,4,"=","=","=","=","=","=","=","=","=",6,R,"Pugeuk",190,96.323,0.419,3,68,W,Y,1,4361.526,111,27,82,7,0,,119,109,-30,42.147,-0.117,0.725,-19.432,0.89,0,0.641,-105.845,244.852,-384.448,4353.103,-1.159,-20.58,4354.653,2,-17.625,1.022,-44.044,0,0,,,,,,,,,,,,,,,4365.053,4,,147,0,,,,,,,,,,,4364.438,2,,,,,,,-0.01,-37.214,-0.011,-17.35,-22.294,-47.405,-12.371,-64.08,23.881,-52.326,11.144,-62.41,48.832,-92.04,-20.247,-112.901,-44.134,-92.881,-0.047,-37.062,,"Kr_Luna",-0.019,-17.342,,"Fresh825",-22.305,-47.379,,"Riyaj",-12.567,-63.959,,"_Gosomi",24.232,-52.437,,"CoalCat",11.161,-62.248,,"-라후이-",48.862,-92.014,,"YukihiroD",-20.239,-113.305,,"ddil_ddil69",-44.052,-92.894,,,,,,,,4363.176,-18.428,-45.049,,,,,,,,,,,,,,,,,,,,,,,,,,,,,,,,,,,,,,,,,,,,,,"",2,,,,,,,,,,,,,0,"Fresh825",,,,256,""
178,SIDE,8,1,5,6,0,0,2,0,0,0,255,255,255,,4366.32,,,,,,,,,,,,,,,,,,,,,,,,5,"=","=","=","=","=","=","=","=","=",,,,,,,,,,,,,,,,,,,,,,,,,,,,,,,,,,,,,,,0,0,,,,,,,,,,,,,,,,,,,,,,,,,,,,,,,,,,,,,,,,,,,,,,,,,,,,,,,,,,,,,,,,,,,,,,,,,,,,,,,,,,,,,,,,,,,,,,,,,,,,,,,,,,,,,,,,,,,,,,,,,,,,,,,,,,,,,,,,,,,,,,,,,"",0,,,,,,,,,,,,,0,"",,,,0,""
179,,8,0,5,6,0,0,0,0,0,0,255,255,255,84,4406.809,"kneesohime",R,27,84,136,0.481,0.38,0.242,1.667,0.197,1.682,-36.49,11.91,45,55,0,2,"",3.946,-131.002,23.123,0,0,2,"vovopo 보보포","Kr_Luna","Riyaj","ddil_ddil69","-라후이-","_Gosomi","YukihiroD","CoalCat","하루（Haru）",3,R,"Riyaj",170,80,0.24,5,68,W,Y,1,4407.679,227,123,52,0,0,,85,65,27.512,16.974,0.084,0.998,-19.937,-0.84,0,0.278,260.801,305.956,-358.64,4403.211,-16.266,-65.873,4403.369,3,-15.486,1.582,-64.057,0,0,,,,,,,,,,,,,,,4411.823,2,,452,0,,,,,,,,,,,,,,,,,,,-0.058,-37.767,0.002,-17.116,-21.35,-47.122,-14.33,-64.138,20.166,-48.741,12.582,-64.452,36.465,-98.805,-5.581,-110.533,-39.77,-90.139,-0.135,-37.09,,"편하비_",-0.028,-17.154,,"Pring__",-21.253,-46.952,,"ByeolBam",-14.329,-64.13,101,"aura_5599",20.395,-49.22,,"소솨소솨",12.211,-64.329,,"Pugeuk",36.22,-98.821,,"schmoneymikey",-6.75,-110.727,,"임 재 천",-40.07,-89.87,,4414.446,-0.512,-38.546,,,,,,,4411.834,-15.613,-64.652,,,,,,,,,,,,,,,,,,,,,,,,,4412.974,-14.567,-63.36,,,,,,,,,,,,,,,,"",1,0.795,0.795,4.13,0,0,1,27.512,27.512,6.784,27.512,0,-9.299,0,"ByeolBam",,,,160,""
180,,8,0,5,6,0,0,1,0,0,0,255,255,255,85,4428.774,"kneesohime",R,27,99,140,0.143,-0.331,0.204,1.557,0.02,1.299,-36.49,13.361,42,58,0,0,"",27.065,-120.369,14.238,0,0,3,"=","=","=","=","=","=","=","=","=",8,R,"ddil_ddil69",176.7,89.974,0.546,,68,W,Y,0,,,,,,,,,,,,,,,,,,,,,,,,,,,,,0,0,,,,,,,,,,,,,,,,,,,,,,,,,,,,,,,,,,,,,,-0.138,-37.778,-0.217,-17.116,-21.461,-47.26,-15.099,-63.746,21.083,-49.218,12.191,-64.433,30.879,-99.268,-0.049,-114.496,-39.878,-89.92,,,,"",,,,"",,,,"",,,,"",,,,"",,,,"",,,,"",,,,"",,,,4432.878,-0.473,-36.885,,,,,,,,,,,,,,,,,,,,,,,,,,,,,,,,,,,,,,,,,,,,,,,,,,,,"",0,,,,,,,,,,,,,0,"",,,,0,""
181,,8,0,5,6,0,1,1,0,0,0,255,255,255,86,4442.129,"kneesohime",R,0,84,137,3.946,-0.131,0.554,1.613,1.646,1.494,-36.49,39.607,43,57,0,2,"",41.326,-32.818,0.368,0,0,3,"=","=","=","=","=","=","=","=","=",8,R,"ddil_ddil69",176.7,89.974,0.546,5,36,W,Y,1,4443.241,218,205,182,99,34,,145,87,55.624,-59.952,0.729,0.907,-20.452,-0.88,0,0.78,-111.355,81.336,375.488,4441.886,44.161,-49.378,,,,,,0,0,,,,,,,,,,,,,,,,,,,,,,,,,,,,,,,,,,,,,,-0.012,-37.579,0.013,-16.839,-21.444,-47.249,-14.714,-63.492,20.983,-48.538,12.522,-64.814,39.164,-102.65,0.763,-114.675,-39.984,-89.869,0.048,-37.198,,"편하비_",-0.031,-17.008,,"Pring__",-21.453,-47.256,,"ByeolBam",-14.712,-63.481,,"aura_5599",20.578,-48.093,,"소솨소솨",12.104,-64.507,,"Pugeuk",39.183,-102.672,,"schmoneymikey",-1.045,-113.865,,"임 재 천",-40.05,-89.767,,,,,,,,,,,,,,,,,,,,,,,,,,,,,,,,,,,,,,,,,,,,,,,,,,,,,,,,"",3,-73.091,-53.305,-13.669,0.624,0,1,55.624,55.624,81.081,55.624,0,-114.421,0,"",,,,0,""
182,,8,0,5,6,0,2,1,0,0,0,255,255,255,87,4463.748,"kneesohime",R,13,73,101,-2.873,-1.822,0.043,1.407,-0.487,1.07,-36.49,11.161,44,56,0,4,"",-358.49,312.348,-30.621,-0.693,-18.777,3,"=","=","=","=","=","=","=","=","=",8,R,"ddil_ddil69",176.7,89.974,0.546,,68,W,Y,1,,,,,,,,,,,,,,,,,,,,,,,,,,,,,0,0,,4471.005,,,,,,,,,,,,,4469.778,3,,147,1,,,,,,,,,,,,,,,,,,,-0.147,-37.719,-0.02,-16.808,-21.992,-47.953,-14.831,-63.52,21.95,-47.568,13.281,-64.189,46.08,-95.694,1.838,-114.812,-39.909,-89.792,,,,"",,,,"",,,,"",,,,"",,,,"",,,,"",,,,"",,,,"",,,,,,,,,,,,,,,,,,,,,,,,,,,,,,,,,,,,,,,,,,,,,,,,,,,,,,,,,,"",0,,,,,,,,,,,,,0,"",,,,0,""
183,,8,0,5,6,0,0,2,0,0,0,255,255,255,88,4487.102,"kneesohime",R,13,62,92,-0.644,0.381,0.453,1.973,0.506,2.32,-36.49,30.932,98,2,0,2,"",-347.462,278.221,-21.057,0,0,4,"=","=","=","=","=","=","=","=","=",6,R,"-라후이-",190,86,0.498,5,68,W,Y,1,4488.052,162,96,170,70,35,,145,120,30.665,14.151,-0.138,1.131,-20.193,0.79,0,0.197,365.478,248.671,-138.476,4485.286,-32.113,-123.269,4487.561,7,-31.04,0.08,-124.969,1,0,,4494.309,4498.819,,,,,,,,,,,,,,,,,,,,,,,,,,,,,,,,,,,-0.107,-37.769,0.015,-17.008,-23.075,-49.039,-14.799,-63.643,21.255,-49.031,12.695,-64.884,42.308,-101.529,1.412,-114.794,-39.931,-89.877,0.181,-37.148,,"편하비_",0.017,-17.021,,"Pring__",-23.061,-49.017,,"ByeolBam",-14.958,-63.502,97,"aura_5599",21.196,-48.944,,"소솨소솨",12.914,-64.501,,"Pugeuk",42.162,-101.655,,"schmoneymikey",0.283,-114.791,85,"임 재 천",-40.017,-89.719,,4503.013,-0.232,-38.81,,,,,,,4499.8,-6.184,-71.619,,,,,,,,,,4495.806,-30.702,-124.909,,,,,,,,,,,,,4501.439,-6.187,-68.152,,,,,,,,,,4496.582,-30.06,-120.062,,,,"",2,18.438,18.438,5.313,0,2,0.241,88.722,60.3,22.3,88.18,0.062,50.278,0,"schmoneymikey",4498.819,,,416,""
184,,8,0,5,6,0,0,2,0,1,0,255,16,255,89,4518.878,"kneesohime",R,13,60,91,1.266,0.41,0.66,2.006,1.233,2.46,-36.49,39.794,100,0,0,2,"",-303.494,339.725,-13.942,0,0,5,"=","=","=","=","=","=","=","=","=",4,R,"_Gosomi",175,85.368,0.454,5,68,W,Y,1,4520.165,162,56,109,82,48,,145,91,58.508,63.006,0.216,1.026,-20.151,-0.62,0,0.356,296.456,290.104,-119.817,4517.828,-47.914,-38.171,,,,,,0,0,,,,,,,,,,,,,4535.55,,,,,,,,,,,,,,,,,,,,,,,,,0.07,-37.559,-0.103,-17.04,-22.524,-48.211,-13.66,-64.707,20.195,-46.961,10.407,-66.392,40.92,-95.724,-5.722,-114.942,-42.161,-86.684,-0.232,-37.27,,"편하비_",-0.059,-17.145,,"Pring__",-22.512,-48.176,,"ByeolBam",-13.653,-64.687,,"aura_5599",20.097,-46.916,,"소솨소솨",9.844,-66.334,,"Pugeuk",40.821,-95.831,,"schmoneymikey",-6.317,-114.904,,"임 재 천",-42.175,-86.638,,,,,,,,,,,,,,,,,,,,,,,,,,,,,,,,,,,,,,,,,,,,,,,,,,,,,,,,"",3,69.41,63.985,20.415,0.568,0,1,58.508,58.508,52.053,58.508,0,86.614,0,"",4522.93,,,0,""
185,,8,0,5,6,0,1,2,0,1,0,255,16,255,90,4539.213,"kneesohime",R,14,78,116,2.525,-0.591,0.306,1.677,0.491,1.718,-36.49,20.306,70,30,0,2,"",353.482,353.625,16.798,0,0,5,"=","=","=","=","=","=","=","=","=",4,R,"_Gosomi",175,85.368,0.454,5,68,W,Y,1,4540.355,99,53,96,70,68,,135,78,27.435,50.01,0.512,0.64,-19.988,-1,0,0.273,-187.513,-408.675,397.27,4535.536,-39.399,-59.07,,,,,,0,0,,,,,,,,,,,,,4560.255,,,,,,,,,,,,,,,,,,,,,,,,,-0.047,-37.596,-0.013,-16.996,-22.344,-47.98,-14.301,-64.337,20.521,-48.285,7.878,-65.64,35.299,-96.631,-6.469,-114.183,-42.195,-86.643,-0.375,-36.848,,"편하비_",-0.031,-17.181,,"Pring__",-22.346,-47.98,,"ByeolBam",-14.292,-64.274,,"aura_5599",20.454,-48.211,,"소솨소솨",8.441,-65.077,,"Pugeuk",35.641,-96.823,,"schmoneymikey",-8.313,-112.514,,"임 재 천",-42.191,-86.642,,,,,,,,,,,,,,,,,,,,,,,,,,,,,,,,,,,,,,,,,,,,,,,,,,,,,,,,"",3,47.73,47.73,13.815,0,2,0.317,41.75,27.435,-11.007,41.477,0.038,-169.873,0,"",4550.517,,,0,""
186,,8,0,5,6,0,2,2,0,1,0,255,16,255,91,4566.531,"kneesohime",R,3,66,97,-1.797,-0.396,0.262,1.652,-0.021,1.646,-36.49,23.979,54,46,0,2,"",-357.362,149.708,-8.156,0,0,5,"=","=","=","=","=","=","=","=","=",4,R,"_Gosomi",175,85.368,0.454,5,68,W,Y,1,4567.74,172,37,72,79,63,,144,110,25.578,14.297,-0.348,0.786,-20.232,0.86,0,0.265,525.169,288.273,-33.101,4564.511,-31.034,-114.129,4567.961,8,-36.419,0.059,-123.913,1,0,,4573.323,4577.846,,,,,,4571.514,4576.502,,,,,,,,,,,,,,,,,,,,,,,,,,,,0.057,-37.823,-0.056,-17.068,-21.851,-46.834,-15.458,-63.778,21.277,-48.874,7.043,-66.479,38.577,-97.463,-6.697,-114.609,-42.519,-86.806,-0.169,-37.585,,"편하비_",-0.064,-17.257,,"Pring__",-21.808,-46.805,,"ByeolBam",-15.486,-63.543,91,"aura_5599",20.992,-48.325,,"소솨소솨",8.701,-64.364,,"Pugeuk",38.761,-97.134,,"schmoneymikey",-6.469,-114.466,,"임 재 천",-42.505,-86.847,85,4584.855,-0.303,-38.847,,,,,,,4581.433,-6.844,-71.48,,,,,,,,,,,,,4576.416,-36.005,-123.413,,,,,,,,,,4583.169,-6.489,-68.545,,,,,,,,,,,,,4577.85,-35.082,-124.104,"",2,18.391,18.391,6.843,0,2,0.235,84.111,32.082,-5.918,86.792,0.066,38.774,0,"임 재 천",4577.846,4571.514,4576.502,164,""
187,,8,0,5,7,0,0,2,0,1,0,255,14,255,92,4599.846,"kneesohime",R,26,92,140,0.098,-0.455,0.196,1.518,-0.019,1.156,-36.49,13.204,53,47,0,0,"",43.017,-200,26.969,0,0,6,"=","=","=","=","=","=","=","=","=",7,R,"YukihiroD",174.3,80,0.398,,72,W,Y,0,,,,,,,,,,,,,,,,,,,,,,,,,,,,,0,0,,,,,,,,,,,,,4614.479,,,,,,,,,,,,,,,,,,,,,,,,,-0.087,-37.774,-0.004,-17.314,-22.2,-47.475,-14.111,-64.45,20.713,-46.662,11.552,-65.578,40.327,-94.577,-4.194,-118.19,-42.554,-86.983,,,,"",,,,"",,,,"",,,,"",,,,"",,,,"",,,,"",,,,"",,,,4604.133,-0.234,-36.987,,,,,,,,,,,,,,,,,,,,,,,,,,,,,,,,,,,,,,,,,,,,,,,,,,,,"",0,,,,,,,,,,,,,0,"",4601.739,,,0,""
188,,8,0,5,7,0,1,2,0,1,0,255,14,255,93,4615.857,"kneesohime",R,0,82,133,4.055,0.087,0.416,1.623,1.006,1.529,-36.49,34.156,61,39,0,2,"",-15.55,0,-8.033,0,0,6,"=","=","=","=","=","=","=","=","=",7,R,"YukihiroD",174.3,80,0.398,0,72,W,Y,1,4616.871,211,56,76,0,0,,118,81,-12.173,39.671,0.423,0.862,-19.946,-0.38,0,0.576,287.311,253.493,-461.729,4608.561,-2.401,-23.327,4610.319,2,-17.079,0.054,-43.311,0,0,,,,,,,,,4621.289,,,,,,4620.609,6,,147,0,,,,,,,,,,,4619.871,2,,,,,,,-0.094,-37.677,0.004,-17.314,-22.192,-47.467,-15.329,-62.922,21.839,-46.235,4.093,-64.749,40.684,-94.88,-7.018,-117.91,-42.56,-86.978,-0.155,-37.118,,"편하비_",0,-17.528,,"Pring__",-22.196,-47.466,85,"ByeolBam",-15.017,-62.921,,"aura_5599",20.799,-46.072,,"소솨소솨",4.085,-64.723,,"Pugeuk",40.696,-94.87,,"schmoneymikey",-7.017,-117.91,,"임 재 천",-42.562,-86.973,,,,,,,,4618.708,-17.438,-43.686,,,,,,,,,,,,,,,,,,,,,,,,,4621.416,-17.765,-39.821,,,,,,,,,,,,,,,,,,,"",2,,,,,,,,,,,,,0,"Pring__",,4621.289,,2,""
189,SIDE,8,0,5,7,0,0,2,0,1,0,255,14,255,,4621.959,,,,,,,,,,,,,,,,,,,,,,,,7,"=","=","=","=","=","=","=","=","=",,,,,,,,,,,,,,,,,,,,,,,,,,,,,,,,,,,,,,,0,0,,,,,,,,,,,,,,,,,,,,,,,,,,,,,,,,,,,,,,,,,,,,,,,,,,,,,,,,,,,,,,,,,,,,,,,,,,,,,,,,,,,,,,,,,,,,,,,,,,,,,,,,,,,,,,,,,,,,,,,,,,,,,,,,,,,,,,,,,,,,,,,,,"",0,,,,,,,,,,,,,0,"",,,,0,""
190,,9,1,5,7,0,0,0,0,0,0,255,255,255,81,4731.41,"Fresh825",R,32,91,140,-1.516,-0.784,0.112,1.533,-0.926,0.993,-36.44,14.027,17,83,0,1,"",196.608,-166.832,2.462,0,0,5,"편하비_","Pring__","임 재 천","aura_5599","Pugeuk","ByeolBam","소솨소솨","kneesohime","schmoneymikey",3,R,"ByeolBam",175.3,88,0.5,,68,W,Y,0,,,,,,,,,,,,,,,,,,,,,,,,,,,,,0,0,,,,,,,,,,,,,,,,,,,,,,,,,,,,,,,,,,,,,,-0.075,-37.695,-0.084,-17.558,-18.969,-45.435,-11.986,-63.14,23.38,-52.205,9.004,-63.64,40.116,-84.871,-13.266,-109.784,-43.259,-92.812,,,,"",,,,"",,,,"",,,,"",,,,"",,,,"",,,,"",,,,"",,,,,,,,,,,,,,,,,,,,,,,,,,,,,,,,,,,,,,,,,,,,,,,,,,,,,,,,,,"",0,,,,,,,,,,,,,0,"",,,,0,""
191,,9,1,5,7,1,0,0,0,0,0,255,255,255,82,4744.054,"Fresh825",R,32,77,127,1.033,0.252,0.301,1.654,0.2,1.583,-36.44,35.08,39,61,0,2,"",159.819,-159.619,-2.022,0,0,5,"=","=","=","=","=","=","=","=","=",3,R,"ByeolBam",175.3,88,0.5,5,68,W,Y,1,4744.994,147,212,65,88,39,,138,44,110.312,-12.3,0.188,1.078,-21.285,1,0,0.333,-64.046,207.18,368.193,4741.344,-3.855,-7.126,,,,,,0,0,,,,,,,,,,,,,,,,,,,,,,,,,,,,,,,,,,,,,,-0.187,-37.539,0.014,-17.537,-19.092,-45.308,-12.456,-63.948,22.531,-52.482,8.402,-62.73,42.222,-85.295,-14.3,-110.443,-43.216,-92.813,0.069,-37.14,,"Kr_Luna",0.035,-17.487,,"하루（Haru）",-19.083,-45.314,,"Riyaj",-12.308,-64.009,,"_Gosomi",22.546,-52.293,,"CoalCat",8.403,-62.605,,"-라후이-",42.286,-85.303,,"YukihiroD",-14.14,-110.395,,"ddil_ddil69",-43.112,-92.891,,,,,,,,,,,,,,,,,,,,,,,,,,,,,,,,,,,,,,,,,,,,,,,,,,,,,,,,"",3,-12.45,-12.45,-1.209,0,0,1,69.688,69.688,-3.565,69.688,0,173.279,0,"",,,,0,""
192,,9,1,5,7,1,1,0,0,0,0,255,255,255,83,4766.257,"Fresh825",R,32,90,140,-2.763,-1.188,-0.006,1.47,-1.422,0.787,-36.44,15.443,17,83,0,4,"",163.817,-136.681,4.02,0,0,5,"=","=","=","=","=","=","=","=","=",3,R,"ByeolBam",175.3,88,0.5,,68,W,Y,1,,,,,,,,,,,,,,,,,,,,,,,,,,,,,0,0,,,,,,,,,,,,,,,,,,,,,,,,,,,,,,,,,,,,,,-0.248,-37.66,0.035,-17.542,-19.672,-45.939,-12.557,-63.546,23.037,-54.179,8.252,-63.608,41.788,-86.092,-14.488,-109.03,-43.113,-92.874,,,,"",,,,"",,,,"",,,,"",,,,"",,,,"",,,,"",,,,"",,,,,,,,,,,,,,,,,,,,,,,,,,,,,,,,,,,,,,,,,,,,,,,,,,,,,,,,,,"",0,,,,,,,,,,,,,0,"",,,,0,""
193,,9,1,5,7,1,2,0,0,0,0,255,255,255,84,4779.647,"Fresh825",R,3,84,113,-3.18,-1.138,0.017,1.485,-0.932,1.157,-36.44,12.821,39,61,0,4,"",-259.034,153.221,1.601,0,0,5,"=","=","=","=","=","=","=","=","=",3,R,"ByeolBam",175.3,88,0.5,,68,W,Y,1,,,,,,,,,,,,,,,,,,,,,,,,,,,,,0,0,,,,,,,,,,,,,,,4782.281,5,,578,0,,,,,,,,,,,,,,,,,,,-0.197,-37.616,0.033,-17.533,-19.663,-45.868,-12.483,-63.703,22.982,-53.887,8.25,-63.609,41.351,-86.91,-14.662,-109.074,-43.492,-92.72,,,,"",,,,"",,,,"",,,,"",,,,"",,,,"",,,,"",,,,"",,,,,,,,,,,,,,,,,,,,,,,,,,,,,,,,,,,,,,,,,,,,,,,,,,,,,,,,,,"",0,,,,,,,,,,,,,0,"",,,,0,""
194,,9,1,5,7,0,0,1,0,0,0,255,255,255,85,4799.156,"Fresh825",R,33,87,140,-3.283,-1.525,-0.047,1.427,-1.574,0.616,-36.44,7.345,24,76,0,1,"",109.727,-85.98,7.34,0,0,6,"=","=","=","=","=","=","=","=","=",5,R,"소솨소솨",180.9,80,0.501,,68,W,Y,0,,,,,,,,,,,,,,,,,,,,,,,,,,,,,0,0,,,,,,,,,,,,,,,,,,,,,,,,,,,,,,,,,,,,,,-0.126,-37.733,0.065,-17.504,-19.516,-46.282,-11.762,-63.809,22.271,-53.333,9.465,-63.09,41.528,-89.583,-14.524,-109.046,-43.513,-92.754,,,,"",,,,"",,,,"",,,,"",,,,"",,,,"",,,,"",,,,"",,,,,,,,,,,,,,,,,,,,,,,,,,,,,,,,,,,,,,,,,,,,,,,,,,,,,,,,,,"",0,,,,,,,,,,,,,0,"",,,,0,""
195,,9,1,5,7,1,0,1,0,0,0,255,255,255,86,4811.427,"Fresh825",R,32,78,128,2.26,0.044,0.405,1.62,0.736,1.481,-36.44,42.243,31,69,0,2,"",158.822,-152.08,-4.17,0,0,6,"=","=","=","=","=","=","=","=","=",5,R,"소솨소솨",180.9,80,0.501,5,68,W,Y,1,4812.502,255,123,131,54,15,,145,86,15.468,24.193,0.418,0.988,-20.424,-1,0,0.49,-331.647,-40.329,-468.468,,,,4806.803,3,-17.628,2.357,-62.276,0,0,,,,,,,,,,,,,,,4815.246,6,,452,0,,,,,,,,,,,,,,,,,,,-0.062,-37.716,0.044,-17.518,-19.45,-46.294,-11.893,-63.581,22.323,-53.289,9.506,-63.125,37.747,-90.21,-26.84,-122.769,-43.496,-92.713,-0.279,-37.082,,"Kr_Luna",0.034,-17.524,,"하루（Haru）",-19.481,-46.283,,"Riyaj",-11.835,-63.521,94,"_Gosomi",22.322,-53.172,,"CoalCat",9.489,-63.016,,"-라후이-",37.463,-89.807,,"YukihiroD",-26.613,-122.748,,"ddil_ddil69",-43.398,-92.784,,4818.472,0.054,-38.483,,,,,,,4815.257,-18.511,-63.534,,,,,,,,,,,,,,,,,,,,,,,,,4817.234,-12.511,-58.476,,,,,,,,,,,,,,,,"",1,23.684,23.684,4.124,0,0,1,15.468,15.468,28.894,15.468,0,25.973,0,"Riyaj",,,,4,""
196,,9,1,5,7,0,0,2,0,0,0,255,255,255,87,4833.835,"Fresh825",R,32,85,138,-1.088,-0.789,0.052,1.448,-0.689,0.999,-36.44,15.19,29,71,0,0,"",158.704,-136.907,-0.049,0,0,7,"=","=","=","=","=","=","=","=","=",0,R,"kneesohime",190,85,0.497,,68,W,Y,1,,,,,,,,,,,,,,,,,,,,,,,,,,,,,0,0,,,,,,,,,,,,,,,,,,,,,,,,,,,,,,,,,,,,,,-0.204,-37.456,0.015,-17.519,-19.202,-46.035,-12.366,-62.646,23.457,-53.27,9.952,-64.674,40.665,-87.436,-27.684,-113.305,-44.689,-92.618,,,,"",,,,"",,,,"",,,,"",,,,"",,,,"",,,,"",,,,"",,,,4837.882,-0.386,-37.197,,,,,,,,,,,,,,,,,,,,,,,,,,,,,,,,,,,,,,,,,,,,,,,,,,,,"",0,,,,,,,,,,,,,0,"",,,,0,""
197,,9,1,5,7,0,1,2,0,0,0,255,255,255,88,4846.247,"Fresh825",R,32,66,119,4.005,0.752,0.446,1.689,1.323,1.884,-36.44,59.461,86,14,0,2,"",250,-200,-5.95,0,0,7,"=","=","=","=","=","=","=","=","=",0,R,"kneesohime",190,85,0.497,3,68,W,Y,0,4847.414,217,119,66,81,51,,140,84,56.524,-34.171,0.754,1.29,-20.104,-1,0,0.237,196.545,-171.54,-540.319,4844.103,35.935,-61.235,4845.444,6,39.547,1.254,-65.696,1,0,,4853.514,,,,,,,,,,,,,,,,,,,,,,,,,,,,,,,,,,,,-0.226,-37.499,0.055,-17.538,-19.354,-45.332,-13.016,-62.944,23.482,-53.301,10.041,-64.657,40.946,-89.162,-14.159,-114.114,-44.623,-92.66,0.108,-37.289,,"Kr_Luna",0.084,-17.484,,"하루（Haru）",-19.353,-45.329,,"Riyaj",-12.888,-62.973,70,"_Gosomi",23.473,-53.293,,"CoalCat",9.979,-64.499,,"-라후이-",40.888,-89.392,130,"YukihiroD",-15.14,-116.041,,"ddil_ddil69",-44.855,-92.537,,4860.686,-0.534,-38.276,,,,,,,4855.999,0.087,-58.706,,,,,,,4853.89,39.889,-66.21,,,,,,,,,,,,,,,,4859.376,-0.514,-57.298,,,,,,,4854.697,33.398,-64.502,,,,,,,"",2,,,,,,,,,,,,,0,"-라후이-",,,,20,""
198,,9,1,5,7,0,0,2,1,0,0,0,255,255,89,4874.885,"Fresh825",R,32,91,140,-2.612,-1.674,0.02,1.431,-1.345,0.499,-36.44,14.156,37,63,0,1,"",155.903,-144.699,3.107,-0.549,-16.739,8,"=","=","=","=","=","=","=","=","=",7,L,"schmoneymikey",175.2,80,0.347,,68,W,Y,0,,,,,,,,,,,,,,,,,,,,,,,,,,,,,0,0,,,,,,,,,,,,4875.983,,,,,,,,,,,,,,,,,,,,,,,,,,-0.255,-37.384,0.052,-17.461,-19.467,-46.27,-10.906,-62.701,24.737,-52.949,12.328,-62.89,36.851,-75.541,-0.714,-116.833,-43.48,-93.424,,,,"",,,,"",,,,"",,,,"",,,,"",,,,"",,,,"",,,,"",,,,4879.248,-0.253,-37.093,,,,,,,,,,,,,,,,,,,,,,,,,,,,,,,,,,,,,,,,,,,,,,,,,,,,"",0,,,,,,,,,,,,,0,"",,,,0,""
199,,9,1,5,7,1,0,2,1,0,0,0,255,255,90,4888.358,"Fresh825",R,26,74,125,2.674,0.793,0.396,1.726,0.89,1.876,-36.44,48.223,76,24,0,4,"",171.268,-177.655,-3.853,0,0,8,"=","=","=","=","=","=","=","=","=",7,L,"schmoneymikey",175.2,80,0.347,,68,W,Y,1,,,,,,,,,,,,,,,,,,,,,,,,,,,,,0,0,,,,,,,,,,,,4889.999,,,,,,,,,,,,,,,,,,,,,,,,,,-0.172,-37.585,0.13,-17.459,-18.997,-45.037,-11.014,-62.5,24.505,-52.571,12.885,-62.588,37.645,-80.357,-0.623,-117.646,-43.59,-93.351,,,,"",,,,"",,,,"",,,,"",,,,"",,,,"",,,,"",,,,"",,,,4892.603,-0.182,-37.191,,,,,,,,,,,,,,,,,,,,,,,,,,,,,,,,,,,,,,,,,,,,,,,,,,,,"",0,,,,,,,,,,,,,0,"",,,,0,""
200,,9,1,5,7,1,1,2,1,0,0,0,255,255,91,4902.612,"Fresh825",R,32,86,139,-1.287,-0.849,0.102,1.54,-0.798,0.972,-36.44,23.029,15,85,0,0,"",173.618,-149.255,-3.305,0,0,8,"=","=","=","=","=","=","=","=","=",7,L,"schmoneymikey",175.2,80,0.347,,68,W,Y,1,,,,,,,,,,,,,,,,,,,,,,,,,,,,,0,0,,,,,,,,,,,,4902.889,,,,,,,,,,,,,,,,,,,,,,,,,,-0.22,-37.517,0.101,-17.451,-18.898,-44.661,-10.876,-62.511,24.402,-52.199,12.852,-62.629,35.659,-78.133,-0.543,-117.513,-43.75,-93.417,,,,"",,,,"",,,,"",,,,"",,,,"",,,,"",,,,"",,,,"",,,,4907.468,-0.158,-37.236,,,,,,,,,,,,,,,,,,,,,,,,,,,,,,,,,,,,,,,,,,,,,,,,,,,,"",0,,,,,,,,,,,,,0,"",,,,0,""
201,,9,1,5,7,1,2,2,1,0,0,0,255,255,92,4916.591,"Fresh825",R,13,77,105,-1.046,-1.975,0.228,1.54,-0.135,1.063,-36.44,31.357,70,30,0,4,"",-169.445,400,-5.28,-0.253,-19.089,8,"=","=","=","=","=","=","=","=","=",7,L,"schmoneymikey",175.2,80,0.347,,68,W,Y,1,,,,,,,,,,,,,,,,,,,,,,,,,,,,,0,256,,,,,,,,,,,,,,,4920.236,8,,274,0,,,,,,,,,,,,,,,,,,,-0.211,-37.594,0.071,-17.462,-18.852,-44.086,-11.066,-63.202,24.575,-52.582,13.014,-62.899,36.235,-77.787,-0.538,-117.537,-43.676,-93.452,,,,"",,,,"",,,,"",,,,"",,,,"",,,,"",,,,"",,,,"",,,,,,,,,,,,,,,,,,,,,,,,,,,,,,,,,,,,,,,,,,,,,,,,,,,,,,,,,,"",0,,,,,,,,,,,,,0,"",,,,0,""
202,SIDE,9,1,5,7,0,0,2,1,0,0,0,255,255,,4921.422,,,,,,,,,,,,,,,,,,,,,,,,0,"=","=","=","=","=","=","=","=","=",,,,,,,,,,,,,,,,,,,,,,,,,,,,,,,,,,,,,,,0,0,,,,,,,,,,,,,,,,,,,,,,,,,,,,,,,,,,,,,,,,,,,,,,,,,,,,,,,,,,,,,,,,,,,,,,,,,,,,,,,,,,,,,,,,,,,,,,,,,,,,,,,,,,,,,,,,,,,,,,,,,,,,,,,,,,,,,,,,,,,,,,,,,"",0,,,,,,,,,,,,,0,"",,,,0,""
203,END,9,0,5,7,0,0,0,0,0,0,255,255,255,,4920.967,,,,,,,,,,,,,,,,,,,,,,,,,,,,,,,,,,,,,,,,,,,,,,,,,,,,,,,,,,,,,,,,,,,,,,,,,,,,,,,,,,,,,,,,,,,,,,,,,,,,,,,,,,,,,,,,,,,,,,,,,,,,,,,,,,,,,,,,,,,,,,,,,,,,,,,,,,,,,,,,,,,,,,,,,,,,,,,,,,,,,,,,,,,,,,,,,,,,,,,,,,,,,,,,,,,,,,,,,,,,,,,,,,,,,,,,,,,,,,,"{""schemaVersion"":16,""gameTimeZeroUtc"":""2026-08-18T08:30:15.330Z"",""exportedAtUtc"":""2026-08-18T09:52:16.297Z"",""teamNameA"":""Red"",""teamNameB"":""Blue""}"
