id,type,inn,half,scoreA,scoreB,ball,strk,out,b1,b2,b3,b1Idx,b2Idx,b3Idx,pCnt,pSec,pName,pHand,pType,pPow,spdK,zoneX,zoneY,startX,startY,targetX,targetY,zDist,pitchAngle,pOver,pSide,pUnder,call,sH,sV,gyro,plx,plz,bIdx,bPos,bZone,bName,bHCm,batLen,batCen,batType,bFps,bOS,bVR,bSwing,hSec,rotS,rotL,shS,lgS,prepS,batSpd,ev,ldeg,sdeg,launchPosX,launchPosY,launchPosZ,hPos,buntGrip,handDist,angVeloX,angVeloY,angVeloZ,ltSec,lx,lz,cSec,cPos,cx,cy,cz,1BSafe,tag,cpSec,bTo1Sec,bTo2Sec,bTo3Sec,bToHSec,r1To2Sec,r1To3Sec,r1ToHSec,r2To3Sec,r2ToHSec,r3ToHSec,r1LeaveSec,r2LeaveSec,r3LeaveSec,out1Sec,out1BatterIndex,out1PrevBase,out1Code,out1Ass,out2Sec,out2BatterIndex,out2PrevBase,out2Code,out2Ass,out3Sec,out3BatterIndex,out3PrevBase,out3Code,out3Ass,ball1Sec,ball1Pos,ball2Sec,ball2Pos,ball3Sec,ball3Pos,ballHSec,ballHPos,PitchPPosX,PitchPPosZ,PitchCPosX,PitchCPosZ,Pitch1BPosX,Pitch1BPosZ,Pitch2BPosX,Pitch2BPosZ,Pitch3BPosX,Pitch3BPosZ,PitchSSPosX,PitchSSPosZ,PitchLFPosX,PitchLFPosZ,PitchCFPosX,PitchCFPosZ,PitchRFPosX,PitchRFPosZ,PPosX,PPosY,PThrSpd,CName,CPosX,CPosY,CThrSpd,1BName,1BPosX,1BPosY,1BThrSpd,2BName,2BPosX,2BPosY,2BThrSpd,3BName,3BPosX,3BPosY,3BThrSpd,SSName,SSPosX,SSPosY,SSThrSpd,LFName,LFPosX,LFPosY,LFThrSpd,CFName,CFPosX,CFPosY,CFThrSpd,RFName,RFPosX,RFPosY,RFThrSpd,PGetSec,PGetX,PGetZ,CGetSec,CGetX,CGetZ,1BGetSec,1BGetX,1BGetZ,2BGetSec,2BGetX,2BGetZ,3BGetSec,3BGetX,3BGetZ,SSGetSec,SSGetX,SSGetZ,LFGetSec,LFGetX,LFGetZ,CFGetSec,CFGetX,CFGetZ,RFGetSec,RFGetX,RFGetZ,PThrSec,PThrX,PThrZ,CThrSec,CThrX,CThrZ,1BThrSec,1BThrX,1BThrZ,2BThrSec,2BThrX,2BThrZ,3BThrSec,3BThrX,3BThrZ,SSThrSec,SSThrX,SSThrZ,LFThrSec,LFThrX,LFThrZ,CFThrSec,CFThrX,CFThrZ,RFThrSec,RFThrX,RFThrZ,errPosDelta,result,balk,cPlr,sb2Sec,sb3Sec,sbhSec,ass,remarks
1,,1,1,0,0,0,0,0,0,0,0,255,255,255,0,246.375,"Yaksok~",R,32,77,127,-2.615,0.141,0.224,1.42,-1.349,1.612,-36.444,27.729,0,100,0,2,156.173,-76.249,7.846,0,0,0,3,L,"Sabo_10",174.9,88,0.452,0,67,W,Y,1,247.303,163,124,116,92,43,145,86,61.341,-26.681,-0.496,1.176,-20.537,-1,0,0.494,583.402,-25.665,137.781,253.45,21.327,-60.769,253.541,5,20.838,2.531,-59.825,0,0,,253.192,,,,,,,,,,,,,253.6,0,,454,0,,,,,,,,,,,,,,,,,,,-0.011,-37.536,-0.084,-17.632,-19.992,-45.196,-9.181,-65.481,17.285,-44.562,12.948,-63.504,40.951,-90.698,0,-109.89,-40.852,-90.598,0.095,-37.094,,"HANA_ARASHI",-0.204,-17.663,,"Riyaj",-19.854,-45.292,,"mungjungh",-9.185,-65.487,,"인생최패망자",17.08,-44.443,,"P0TA0",13.187,-63.303,88,"AI",40.902,-90.651,,"AI",0,-109.84,,"AI",-40.801,-90.551,,256.544,0.199,-38.536,,,,,,,,,,,,,253.606,20.949,-60.134,,,,,,,,,,,,,,,,,,,,,,,,,254.987,19.931,-59.4,,,,,,,,,,"",1,0,"P0TA0",,,,34,""
2,,1,1,0,0,0,0,1,0,0,0,255,255,255,1,269.892,"Yaksok~",R,32,87,140,-3.181,0.147,0.224,1.417,-1.595,1.666,-36.444,22.879,0,100,0,1,174.853,-54.417,1.192,0,0,1,4,L,"Kr_Luna",190,92.218,0.504,,68,W,Y,0,,,,,,,,,,,,,,,,,,,,,,,,,,,,0,0,,,,,,,,,,,,,,,,,,,,,,,,,,,,,,,,,,,,,,0.018,-37.361,-0.059,-17.361,-19.819,-45.003,-12.133,-65.732,17.955,-44.875,14.388,-63.471,40.915,-90.664,0,-109.86,-40.816,-90.565,,,,"",,,,"",,,,"",,,,"",,,,"",,,,"",,,,"",,,,"",,,,273.934,0.196,-38.321,,,,,,,,,,,,,,,,,,,,,,,,,,,,,,,,,,,,,,,,,,,,,,,,,,,,"",0,0,"",,,,0,""
3,,1,1,0,0,1,0,1,0,0,0,255,255,255,2,282.7,"Yaksok~",R,32,79,129,-2.05,-0.642,0.295,1.302,-1.146,1.191,-36.444,25.239,12,88,0,1,164.571,-23.191,7.852,0,0,1,4,L,"Kr_Luna",190,92.218,0.504,,68,W,Y,0,,,,,,,,,,,,,,,,,,,,,,,,,,,,0,0,,,,,,,,,,,,,,,,,,,,,,,,,,,,,,,,,,,,,,0.118,-37.398,-0.057,-17.482,-20.237,-45.406,-11.707,-64.995,17.601,-44.848,12.376,-64.646,40.907,-90.657,0,-109.85,-40.807,-90.557,,,,"",,,,"",,,,"",,,,"",,,,"",,,,"",,,,"",,,,"",,,,286.6,-0.026,-37.284,,,,,,,,,,,,,,,,,,,,,,,,,,,,,,,,,,,,,,,,,,,,,,,,,,,,"",0,0,"",,,,0,""
4,,1,1,0,0,2,0,1,0,0,0,255,255,255,3,294.55,"Yaksok~",R,3,76,116,-10.704,-0.833,-0.02,1.268,-4.147,0.94,-36.444,28.962,0,70,30,1,-412.67,0,1.001,-3.088,-14.788,1,4,L,"Kr_Luna",190,92.218,0.504,,68,W,Y,0,,,,,,,,,,,,,,,,,,,,,,,,,,,,0,0,,,,,,,,,,,,,,,,,,,,,,,,,,,,,,,,,,,,,,0.051,-37.277,-0.051,-17.381,-20.349,-45.39,-11.7,-65.022,17.368,-44.666,12.131,-64.527,40.907,-90.657,0,-109.85,-40.807,-90.557,,,,"",,,,"",,,,"",,,,"",,,,"",,,,"",,,,"",,,,"",,,,,,,,,,,,,,,,,,,,,,,,,,,,,,,,,,,,,,,,,,,,,,,,,,,,,,,,,,"",0,0,"",,,,0,""
5,,1,1,0,0,3,0,1,0,0,0,255,255,255,4,309.66,"Yaksok~",R,33,84,137,-0.665,-0.347,0.418,1.326,-0.474,1.399,-36.444,30.789,0,100,0,2,124.783,-2.784,-4.141,0,0,1,4,L,"Kr_Luna",190,92.218,0.504,5,68,W,Y,0,310.501,159,95,133,82,41,145,132,97.249,-42.238,-0.128,0.879,-20.24,0.38,0,0.08,423.697,-389.339,169.987,,,,,,,,,0,0,,,,,,,,,,,,,,,,,,,,,,,,,,,,,,,,,,,,,,0.078,-37.283,-0.085,-16.98,-19.576,-44.762,-10.825,-64.913,17.441,-44.714,12.54,-64.675,40.915,-90.664,0,-109.86,-40.815,-90.564,0.115,-36.687,,"HANA_ARASHI",-0.091,-16.958,,"Riyaj",-19.347,-44.787,,"mungjungh",-10.822,-64.901,,"인생최패망자",17.252,-44.49,,"P0TA0",12.799,-64.698,,"AI",40.9,-90.65,,"AI",0,-109.84,,"AI",-40.8,-90.55,,,,,,,,,,,,,,,,,,,,,,,,,,,,,,,,,,,,,,,,,,,,,,,,,,,,,,,,"",3,0,"",,,,0,""
6,,1,1,0,0,3,1,1,0,0,0,255,255,255,5,324.961,"Yaksok~",R,33,80,130,1.496,-0.227,0.619,1.386,0.467,1.488,-36.444,47.015,6,94,0,2,113.496,14.632,-3.778,0,0,1,4,L,"Kr_Luna",190,92.218,0.504,3,68,W,Y,0,325.802,181,97,97,78,41,145,87,113.282,75.984,0.273,0.92,-20.174,1,0,0.096,504.29,-324.288,23.001,,,,,,,,,0,0,,,,,,,,,,,,,,,,,,,,,,,,,,,,,,,,,,,,,,0.205,-37.645,0.001,-17.404,-19.696,-43.991,-11.287,-65.612,17.288,-45.012,12.26,-63.627,40.907,-90.657,0,-109.85,-40.807,-90.557,0.086,-36.842,,"HANA_ARASHI",-0.06,-17.339,,"Riyaj",-19.731,-43.989,,"mungjungh",-11.288,-65.601,,"인생최패망자",17.297,-45.009,,"P0TA0",11.575,-64.032,,"AI",40.9,-90.65,,"AI",0,-109.84,,"AI",-40.8,-90.55,,,,,,,,,,,,,,,,,,,,,,,,,,,,,,,,,,,,,,,,,,,,,,,,,,,,,,,,"",3,0,"",,,,0,""
7,,1,1,0,0,3,2,1,0,0,0,255,255,255,6,338.33,"Yaksok~",R,3,77,116,-2.439,-0.236,0.469,1.397,-0.324,1.508,-36.444,38.46,24,76,0,2,-435.725,0,3.337,0,0,1,4,L,"Kr_Luna",190,92.218,0.504,5,68,W,Y,0,339.233,149,116,149,104,63,145,116,12.988,19.998,-0.374,1.1,-20.805,0.13,0,0.109,338.506,-479.477,-124.561,343.208,-24.984,-114.106,346.408,7,-23.418,0.06,-127.606,1,0,,344.927,349.507,,,,,,,,,,,,,,,,,,,,,,,,,,,,,,,,,,,0.05,-37.313,-0.046,-17.526,-19.805,-45.272,-11.367,-64.989,17.314,-45.128,10.992,-65.647,40.907,-90.657,0,-109.85,-40.807,-90.557,-0.11,-36.834,,"HANA_ARASHI",-0.116,-17.515,,"Riyaj",-19.676,-45.319,,"mungjungh",-11.361,-64.988,100,"인생최패망자",17.366,-45.243,,"P0TA0",11.093,-65.615,,"AI",40.9,-90.65,,"AI",0,-109.84,,"AI",-40.8,-90.55,,354.699,-0.009,-38.94,,,,,,,350.017,-6.145,-82.433,,,,,,,,,,,,,,,,,,,,,,,,,353.168,-3.802,-69.995,,,,,,,,,,,,,,,,"",2,0,"AI",349.507,,,10,""
8,,1,1,0,0,0,0,1,0,1,0,255,4,255,7,369.163,"Yaksok~",R,33,85,138,-3.274,-0.366,0.19,1.328,-1.569,1.406,-36.444,21.567,12,88,0,2,116.171,19.775,-2.117,0,0,2,2,L,"Fresh825",190,80,0.2,3,80,W,Y,1,370.266,178,115,94,111,86,145,87,38.061,32.845,-0.624,0.857,-19.99,-1,0,0.159,514.381,275.513,139.661,375.133,-42.815,-74.651,375.291,8,-41.404,2.22,-72.941,0,0,,375.504,,,,,,,,,,,395.713,,375.303,2,,456,0,,,,,,,,,,,,,,,,,,,0.032,-37.229,0.582,-17.268,-19.134,-44.763,-1.356,-63.458,17.44,-44.738,11.249,-59.703,40.915,-90.664,0,-109.86,-40.815,-90.564,-0.942,-38,,"HANA_ARASHI",-0.135,-17.285,,"Riyaj",-19.156,-44.599,,"mungjungh",-1.544,-65.566,,"인생최패망자",17.422,-44.556,,"P0TA0",11.505,-59.728,68,"AI",40.9,-90.65,,"AI",0,-109.84,,"AI",-40.8,-90.55,,383.187,-0.12,-39.31,,,,,,,,,,,,,379.3,-0.953,-59.488,,,,,,,,,,,,,,,,,,,,,,,,,381.835,-0.684,-58.487,,,,,,,,,,"",1,0,"AI",376.839,,,34,""
9,,1,1,0,0,0,0,2,0,1,0,255,4,255,8,396.737,"Yaksok~",R,14,63,105,1.078,-1.484,0.372,1.43,-0.062,1.125,-36.444,34.257,54,46,0,4,317.971,372.876,16.893,0,0,3,1,L,"NABIMan",190,83.228,0.48,,80,W,Y,1,,,,,,,,,,,,,,,,,,,,,,,,,,,,0,0,,,,,,,,,,,,,,,,,,,,,,,,,,,,,,,,,,,,,,-0.022,-37.26,-0.067,-17.044,-20.677,-45.693,-7.308,-57.459,17.352,-44.169,12.948,-63.352,40.922,-90.67,0,-109.86,-40.822,-90.57,,,,"",,,,"",,,,"",,,,"",,,,"",,,,"",,,,"",,,,"",,,,401.578,-0.063,-37.512,,,,,,,,,,,,,,,,,,,,,,,,,,,,,,,,,,,,,,,,,,,,,,,,,,,,"",0,0,"",399.469,,,0,""
10,,1,1,0,0,0,1,2,0,1,0,255,4,255,9,411.852,"Yaksok~",R,33,75,126,-1.417,-0.511,0.492,1.415,-0.064,1.604,-36.444,52.139,12,88,0,2,132.916,6.508,-0.755,0,0,3,1,L,"NABIMan",190,83.228,0.48,3,80,W,Y,1,412.829,255,38,54,125,101,137,129,25.133,-28.948,0.061,0.997,-20.191,0.32,0,0.355,270.695,-527.748,-90.59,417.8,68.756,-113.163,,,,,,0,0,,418.608,423.496,428.655,433.744,,,,419.324,424.517,,,413.93,,,,,,,,,,,,,,,,,,,,,,,,,0.026,-37.4,-0.034,-17.266,-20.483,-45.718,-4.688,-59.198,17.513,-44.386,13.017,-63.498,40.915,-90.664,0,-109.85,-40.815,-90.564,0.241,-36.992,,"HANA_ARASHI",-0.065,-17.295,,"Riyaj",-20.323,-45.775,,"mungjungh",-1.875,-59.207,,"인생최패망자",17.328,-44.114,,"P0TA0",13.024,-63.473,,"AI",40.9,-90.65,,"AI",0,-109.84,,"AI",-40.8,-90.55,,,,,,,,,,,,,,,,,,,,,,,,,,,,,,,,,,,,,,,,,,,,,,,,,,,,,,,,"",4,0,"",423.496,419.324,424.517,0,""
11,,1,1,2,0,0,0,2,0,0,0,255,255,255,10,452.156,"Yaksok~",R,32,77,128,2.353,-1.484,0.57,1.183,0.72,0.728,-36.444,67.749,18,52,30,2,227.488,50.172,1.347,0,0,4,0,R,"Floră",190,85,0.404,3,78,W,Y,1,453.395,0,0,0,0,0,0,41,36.718,38.409,0.395,0.485,-20.485,-0.95,0,0.542,140.757,376.751,445.248,455.866,-13.924,-36.178,456.275,2,-13.419,0.594,-35.669,0,0,,,,,,,,,,,,,,,456.186,4,,451,0,,,,,,,,,,,,,,,,,,,0.067,-37.594,-0.159,-17.25,-19.513,-44.627,-13.48,-63.81,16.485,-45.354,9.731,-65.323,40.9,-90.65,0,-109.84,-40.8,-90.55,0.383,-37.383,,"HANA_ARASHI",-0.079,-17.212,,"Riyaj",-19.529,-44.613,,"mungjungh",-13.479,-63.755,,"인생최패망자",16.457,-45.308,,"P0TA0",8.665,-65.159,,"AI",40.904,-90.654,,"AI",0,-109.844,,"AI",-40.804,-90.554,,,,,,,,456.198,-14.378,-36.553,,,,,,,,,,,,,,,,,,,,,,,,,,,,,,,,,,,,,,,,,,,,,,"",1,0,"Riyaj",,,,16,""
12,SIDE,1,1,2,0,0,0,2,0,0,0,255,255,255,,458.047,,,,,,,,,,,,,,,,,,,,,,,0,,,,,,,,,,,,,,,,,,,,,,,,,,,,,,,,,,,,,,,0,0,,,,,,,,,,,,,,,,,,,,,,,,,,,,,,,,,,,,,,,,,,,,,,,,,,,,,,,,,,,,,,,,,,,,,,,,,,,,,,,,,,,,,,,,,,,,,,,,,,,,,,,,,,,,,,,,,,,,,,,,,,,,,,,,,,,,,,,,,,,,,,,,,"",0,0,"",,,,0,""
13,,1,0,2,0,0,0,0,0,0,0,255,255,255,0,508.362,"Floră",R,3,61,93,1.002,0.52,0.677,1.668,1.168,1.932,-36.338,18.403,0,91,9,0,-339.751,0,16.921,0,0,0,5,R,"P0TA0",173.5,96.215,0.525,,76,W,Y,0,,,,,,,,,,,,,,,,,,,,,,,,,,,,0,0,,,,,,,,,,,,,,,,,,,,,,,,,,,,,,,,,,,,,,0.387,-37.384,-0.021,-17.826,-22.916,-46.63,-18.654,-60.675,18.502,-45.101,12.406,-58.208,40.93,-90.677,0,-109.87,-40.83,-90.577,,,,"",,,,"",,,,"",,,,"",,,,"",,,,"",,,,"",,,,"",,,,,,,,,,,,,,,,,,,,,,,,,,,,,,,,,,,,,,,,,,,,,,,,,,,,,,,,,,"",0,0,"",,,,0,""
14,,1,0,2,0,0,1,0,0,0,0,255,255,255,1,522.071,"Floră",R,33,88,140,0.23,-0.485,0.278,1.654,-0.104,1.314,-36.338,10.767,0,100,0,0,148.954,-3.866,1.358,0,0,0,5,R,"P0TA0",173.5,96.215,0.525,,76,W,Y,1,,,,,,,,,,,,,,,,,,,,,,,,,,,,0,0,,,,,,,,,,,,,,,,,,,,,,,,,,,,,,,,,,,,,,0.1,-37.327,0.046,-17.878,-22.532,-46.822,-17.991,-60.478,18.049,-50.69,12.399,-58.207,40.907,-90.657,0,-109.85,-40.807,-90.557,,,,"",,,,"",,,,"",,,,"",,,,"",,,,"",,,,"",,,,"",,,,,,,,,,,,,,,,,,,,,,,,,,,,,,,,,,,,,,,,,,,,,,,,,,,,,,,,,,"",0,0,"",,,,0,""
15,,1,0,2,0,0,2,0,0,0,0,255,255,255,2,535.016,"Floră",R,13,73,100,-2.542,-1.705,0.156,1.555,-0.447,1.192,-36.338,25.68,0,100,0,2,-326.976,347.326,18.62,0,0,0,5,R,"P0TA0",173.5,96.215,0.525,5,76,W,Y,1,536.054,254,195,99,149,55,145,83,-35.344,38.083,-0.346,0.663,-22.28,-1,0,0.345,423.776,-79.39,-417.267,536.041,-0.87,-22.949,537.875,2,-15.734,1.171,-41.927,0,0,,,,,,,,,,,,,,,539.426,0,,147,0,,,,,,,,,,,538.884,2,,,,,,,-0.131,-37.354,-0.547,-17.917,-22.531,-47.05,-17.97,-60.453,18.209,-50.594,12.399,-58.207,40.915,-90.664,0,-109.85,-40.815,-90.564,-0.101,-36.935,,"NABIMan",-0.488,-17.841,,"Fresh825",-21.469,-45.932,85,"Sabo_10",-17.907,-60.323,,"Kr_Luna",18.177,-50.608,,"AI",12.19,-57.76,,"AI",40.9,-90.65,,"AI",0,-109.84,,"AI",-40.8,-90.55,,541.191,-1.072,-37.94,,,,537.891,-16.23,-42.53,,,,,,,,,,,,,,,,,,,,,,,,,540.189,-17.854,-39.869,,,,,,,,,,,,,,,,,,,"",2,0,"Fresh825",,,,20,""
16,,1,0,2,0,0,0,1,0,0,0,255,255,255,3,555.601,"Floră",R,3,61,93,1.425,0.394,0.696,1.658,1.228,1.886,-36.338,19.407,0,100,0,0,-364.001,0,26.728,0,0,1,2,R,"Riyaj",190,80,0.2,,46,W,Y,0,,,,,,,,,,,,,,,,,,,,,,,,,,,,0,0,,,,,,,,,,,,,,,,,,,,,,,,,,,,,,,,,,,,,,0.357,-37.359,0.209,-17.894,-22.42,-46.797,-18.07,-60.313,16.971,-49.946,12.406,-58.208,40.922,-90.671,0,-109.86,-40.822,-90.571,,,,"",,,,"",,,,"",,,,"",,,,"",,,,"",,,,"",,,,"",,,,560.35,-0.189,-36.983,,,,,,,,,,,,,,,,,,,,,,,,,,,,,,,,,,,,,,,,,,,,,,,,,,,,"",0,0,"",,,,0,""
17,,1,0,2,0,0,1,1,0,0,0,255,255,255,4,571.487,"Floră",R,33,86,139,-2.079,-0.319,0.063,1.468,-1.103,1.389,-36.338,27.141,0,100,0,1,147.61,-27.843,-1.336,-0.148,-18.592,1,2,R,"Riyaj",190,80,0.2,,46,W,Y,0,,,,,,,,,,,,,,,,,,,,,,,,,,,,0,0,,,,,,,,,,,,,,,,,,,,,,,,,,,,,,,,,,,,,,-0.219,-37.35,-0.455,-18.058,-22.563,-46.595,-18.54,-60.712,17.111,-49.929,12.406,-58.208,40.915,-90.664,0,-109.85,-40.815,-90.564,,,,"",,,,"",,,,"",,,,"",,,,"",,,,"",,,,"",,,,"",,,,576.316,-0.352,-36.662,,,,,,,,,,,,,,,,,,,,,,,,,,,,,,,,,,,,,,,,,,,,,,,,,,,,"",0,0,"",,,,0,""
18,,1,0,2,0,1,1,1,0,0,0,255,255,255,5,587.744,"Floră",R,33,76,127,9.502,0.454,0.769,1.599,4.086,1.525,-36.338,62.931,0,100,0,1,142.855,18.651,4.831,2.7,-10.546,1,2,R,"Riyaj",190,80,0.2,,46,W,Y,0,,,,,,,,,,,,,,,,,,,,,,,,,,,,0,0,,,,,,,,,,,,,,,,,,,,,,,,,,,,,,,,,,,,,,0.076,-37.285,-0.082,-17.765,-22.604,-46.531,-18.534,-60.708,17.03,-49.969,12.406,-58.208,40.915,-90.664,0,-109.86,-40.815,-90.564,,,,"",,,,"",,,,"",,,,"",,,,"",,,,"",,,,"",,,,"",,,,,,,,,,,,,,,,,,,,,,,,,,,,,,,,,,,,,,,,,,,,,,,,,,,,,,,,,,"",0,0,"",,,,0,""
19,,1,0,2,0,2,1,1,0,0,0,255,255,255,6,608.336,"Floră",R,33,83,135,2.419,0.163,0.48,1.571,0.839,1.721,-36.338,33.082,0,100,0,4,145.743,8.134,0.335,0,0,1,2,R,"Riyaj",190,80,0.2,,46,W,Y,1,,,,,,,,,,,,,,,,,,,,,,,,,,,,0,0,,,,,,,,,,,,,,,,,,,,,,,,,,,,,,,,,,,,,,0.052,-37.435,0.066,-18.218,-22.519,-46.521,-17.859,-60.199,17.115,-49.933,12.406,-58.208,40.915,-90.664,0,-109.86,-40.815,-90.564,,,,"",,,,"",,,,"",,,,"",,,,"",,,,"",,,,"",,,,"",,,,,,,,,,,,,,,,,,,,,,,,,,,,,,,,,,,,,,,,,,,,,,,,,,,,,,,,,,"",0,0,"",,,,0,""
20,,1,0,2,0,2,2,1,0,0,0,255,255,255,7,622.001,"Floră",R,3,80,106,-2.313,-0.681,0.229,1.539,-0.219,1.198,-36.338,15.99,0,100,0,1,-423.841,0,16.535,0,0,1,2,R,"Riyaj",190,80,0.2,,46,W,Y,0,,,,,,,,,,,,,,,,,,,,,,,,,,,,0,0,,,,,,,,,,,,,,,,,,,,,,,,,,,,,,,,,,,,,,0.01,-37.148,-0.001,-18.23,-22.6,-46.588,-17.856,-60.253,17.168,-49.819,12.4,-58.2,40.915,-90.664,0,-109.85,-40.815,-90.564,,,,"",,,,"",,,,"",,,,"",,,,"",,,,"",,,,"",,,,"",,,,,,,,,,,,,,,,,,,,,,,,,,,,,,,,,,,,,,,,,,,,,,,,,,,,,,,,,,"",0,0,"",,,,0,""
21,,1,0,2,0,3,2,1,0,0,0,255,255,255,8,634.776,"Floră",R,32,86,139,0.847,0.241,0.332,1.582,0.147,1.757,-36.338,23.362,0,100,0,0,159.709,-7.42,2.289,0,0,1,2,R,"Riyaj",190,80,0.2,,46,W,Y,1,,,,,,,,,,,,,,,,,,,,,,,,,,,,0,0,,,,,,,,,,,,,,,637.24,1,,578,0,,,,,,,,,,,,,,,,,,,-0.018,-37.379,0.024,-18.203,-22.383,-46.885,-17.885,-60.18,18.01,-49.473,12.4,-58.2,40.907,-90.657,0,-109.85,-40.807,-90.557,,,,"",,,,"",,,,"",,,,"",,,,"",,,,"",,,,"",,,,"",,,,,,,,,,,,,,,,,,,,,,,,,,,,,,,,,,,,,,,,,,,,,,,,,,,,,,,,,,"",0,0,"",,,,0,""
22,,1,0,2,0,0,0,2,0,0,0,255,255,255,9,652.587,"Floră",R,3,76,103,-1.736,-0.425,0.272,1.533,-0.086,1.56,-36.338,26.356,0,100,0,1,-412.137,168.918,14.79,0,0,2,4,R,"인생최패망자",190,80,0.351,,90,W,Y,0,,,,,,,,,,,,,,,,,,,,,,,,,,,,0,0,,,,,,,,,,,,,,,,,,,,,,,,,,,,,,,,,,,,,,-0.02,-37.305,-0.495,-18.29,-22.497,-46.753,-17.686,-60.634,19.281,-48.426,12.406,-58.208,40.915,-90.664,0,-109.86,-40.815,-90.564,,,,"",,,,"",,,,"",,,,"",,,,"",,,,"",,,,"",,,,"",,,,,,,,,,,,,,,,,,,,,,,,,,,,,,,,,,,,,,,,,,,,,,,,,,,,,,,,,,"",0,0,"",,,,0,""
23,,1,0,2,0,1,0,2,0,0,0,255,255,255,10,667.183,"Floră",R,32,87,140,-0.827,0.467,0.153,1.584,-0.684,1.765,-36.338,12.68,0,100,0,2,250,-171.12,27.341,0,0,2,4,R,"인생최패망자",190,80,0.351,5,90,W,Y,1,668.177,255,194,175,140,56,145,123,96.474,-86.705,-0.152,1.23,-21.161,0.76,0,0.442,364.726,187.878,437.809,,,,,,,,,0,0,,,,,,,,,,,,,,,,,,,,,,,,,,,,,,,,,,,,,,0.021,-37.464,0.089,-18.143,-22.512,-46.908,-18.045,-60.459,19.3,-48.405,12.406,-58.208,40.915,-90.664,0,-109.85,-40.815,-90.564,0.032,-36.886,,"NABIMan",0.075,-18.193,,"Fresh825",-22.448,-46.526,,"Sabo_10",-17.966,-60.28,,"Kr_Luna",19.201,-48.469,,"AI",12.4,-58.2,,"AI",40.9,-90.65,,"AI",0,-109.84,,"AI",-40.8,-90.55,,,,,,,,,,,,,,,,,,,,,,,,,,,,,,,,,,,,,,,,,,,,,,,,,,,,,,,,"",3,0,"",,,,0,""
24,,1,0,2,0,1,1,2,0,0,0,255,255,255,11,686.284,"Floră",R,32,84,136,-2.202,-0.79,0.023,1.529,-1.29,0.938,-36.338,13.804,0,100,0,4,250,-200,28.634,0,0,2,4,R,"인생최패망자",190,80,0.351,,90,W,Y,1,,,,,,,,,,,,,,,,,,,,,,,,,,,,0,0,,,,,,,,,,,,,,,,,,,,,,,,,,,,,,,,,,,,,,-0.18,-37.182,0.172,-17.683,-21.599,-46.99,-15.513,-57.624,19.405,-48.347,12.406,-58.208,40.915,-90.664,0,-109.86,-40.815,-90.564,,,,"",,,,"",,,,"",,,,"",,,,"",,,,"",,,,"",,,,"",,,,,,,,,,,,,,,,,,,,,,,,,,,,,,,,,,,,,,,,,,,,,,,,,,,,,,,,,,"",0,0,"",,,,0,""
25,,1,0,2,0,1,2,2,0,0,0,255,255,255,12,703.388,"Floră",R,32,86,139,-1.783,-0.214,0.062,1.457,-1.105,1.351,-36.338,15.872,0,100,0,2,250,-153.423,23.944,0,0,2,4,R,"인생최패망자",190,80,0.351,5,90,W,Y,1,704.419,255,124,125,92,63,145,110,0,-4.141,-0.33,0.937,-20.383,0.01,0,0.449,506.6,320.845,20.371,705.166,1.036,-44.061,708.075,7,3.291,0.057,-95.283,1,0,,710.167,,,,,,,,,,,,,,,,,,,,,,,,,,,,,,,,,,,,-0.143,-37.252,0.113,-18.121,-21.563,-46.891,-15.371,-57.565,19.28,-48.43,12.406,-58.208,40.915,-90.664,0,-109.86,-40.815,-90.564,-0.112,-36.791,,"NABIMan",-0.072,-18.253,,"Fresh825",-21.635,-46.705,,"Sabo_10",-15.251,-57.328,89,"Kr_Luna",18.508,-49.037,,"AI",11.99,-57.103,,"AI",40.9,-90.65,,"AI",0,-109.84,,"AI",-40.8,-90.55,,714.361,0.102,-36.636,,,,,,,711.378,0.01,-59.64,,,,,,,,,,,,,,,,,,,,,,,,,713.193,-0.1,-57.57,,,,,,,,,,,,,,,,"",2,0,"AI",,,,17,""
26,,1,0,2,0,0,0,2,1,0,0,14,255,255,13,728.011,"Floră",R,3,66,96,0.341,-0.289,0.548,1.477,0.77,1.474,-36.338,28.806,0,100,0,2,-434.429,0,40.795,0,0,3,3,R,"mungjungh",166.4,84.096,0.299,5,70,W,Y,1,729.12,255,150,143,82,42,145,112,4.099,46.537,0.153,0.917,-21.559,0.88,0,0.633,47.641,-22.741,597.673,730.058,-21.551,-42.184,730.225,2,-17.574,0.672,-38.385,0,0,,,,,,,,,,,,,,,730.292,3,,451,0,730.871,2,1,659,0,,,,,,730.871,2,,,,,,,0.187,-37.186,-0.135,-18.356,-18.619,-39.723,-13.811,-56.986,15.422,-50.35,12.406,-58.208,40.922,-90.671,0,-109.86,-40.822,-90.571,0.048,-36.785,,"NABIMan",-0.052,-18.468,,"Fresh825",-18.621,-39.714,,"Sabo_10",-13.962,-56.528,,"Kr_Luna",15.457,-50.124,,"AI",12.399,-58.19,,"AI",40.9,-90.65,,"AI",0,-109.84,,"AI",-40.8,-90.55,,,,,,,,730.305,-18.374,-39.202,,,,,,,,,,,,,,,,,,,,,,,,,,,,,,,,,,,,,,,,,,,,,,"",1,0,"Fresh825",,,,4,""
27,SIDE,1,0,2,0,0,0,2,0,0,0,255,255,255,,741.016,,,,,,,,,,,,,,,,,,,,,,,3,,,,,,,,,,,,,,,,,,,,,,,,,,,,,,,,,,,,,,,0,0,,,,,,,,,,,,,,,,,,,,,,,,,,,,,,,,,,,,,,,,,,,,,,,,,,,,,,,,,,,,,,,,,,,,,,,,,,,,,,,,,,,,,,,,,,,,,,,,,,,,,,,,,,,,,,,,,,,,,,,,,,,,,,,,,,,,,,,,,,,,,,,,,"",0,0,"",,,,0,""
28,,2,1,2,0,0,0,0,0,0,0,255,255,255,11,771.041,"Yaksok~",R,32,80,130,2.244,-1.01,0.576,1.251,0.594,1.071,-36.444,55.828,6,94,0,1,250,39.829,5.462,0,0,0,3,L,"Sabo_10",174.9,88,0.452,,70,W,Y,0,,,,,,,,,,,,,,,,,,,,,,,,,,,,0,0,,,,,,,,,,,,,,,,,,,,,,,,,,,,,,,,,,,,,,0.12,-37.537,0.014,-16.731,-20.956,-47.714,-15.275,-62.678,17.559,-45.402,15.242,-63.473,40.915,-90.664,0,-109.86,-40.815,-90.564,,,,"",,,,"",,,,"",,,,"",,,,"",,,,"",,,,"",,,,"",,,,,,,,,,,,,,,,,,,,,,,,,,,,,,,,,,,,,,,,,,,,,,,,,,,,,,,,,,"",0,0,"",,,,0,""
29,,2,1,2,0,1,0,0,0,0,0,255,255,255,12,784.124,"Yaksok~",R,32,80,131,-3.261,-0.422,0.09,1.312,-1.667,1.52,-36.444,10.521,8,92,0,1,168.606,139.034,-22.007,0,0,0,3,L,"Sabo_10",174.9,88,0.452,,70,W,Y,0,,,,,,,,,,,,,,,,,,,,,,,,,,,,0,0,,,,,,,,,,,,,,,,,,,,,,,,,,,,,,,,,,,,,,0.087,-37.176,-0.013,-17.384,-20.399,-46.558,-15.1,-63.492,17.29,-45.031,14.529,-63.92,40.915,-90.664,0,-109.85,-40.815,-90.564,,,,"",,,,"",,,,"",,,,"",,,,"",,,,"",,,,"",,,,"",,,,,,,,,,,,,,,,,,,,,,,,,,,,,,,,,,,,,,,,,,,,,,,,,,,,,,,,,,"",0,0,"",,,,0,""
30,,2,1,2,0,2,0,0,0,0,0,255,255,255,13,801.881,"Yaksok~",R,33,85,137,-6.442,-0.319,0.053,1.317,-2.998,1.463,-36.444,14.911,3,97,0,1,137.194,32.914,-2.407,0,0,0,3,L,"Sabo_10",174.9,88,0.452,,70,W,Y,0,,,,,,,,,,,,,,,,,,,,,,,,,,,,0,0,,,,,,,,,,,,,,,,,,,,,,,,,,,,,,,,,,,,,,0.212,-37.392,-0.008,-17.288,-20.317,-46.408,-14.721,-63.615,17.049,-44.698,14.525,-63.925,40.915,-90.664,0,-109.85,-40.815,-90.564,,,,"",,,,"",,,,"",,,,"",,,,"",,,,"",,,,"",,,,"",,,,,,,,,,,,,,,,,,,,,,,,,,,,,,,,,,,,,,,,,,,,,,,,,,,,,,,,,,"",0,0,"",,,,0,""
31,,2,1,2,0,3,0,0,0,0,0,255,255,255,14,820.532,"Yaksok~",R,32,66,119,4.822,-0.604,0.776,1.345,1.668,1.379,-36.444,60.457,12,88,0,1,250,93.989,-14.06,0,0,0,3,L,"Sabo_10",174.9,88,0.452,,70,W,Y,0,,,,,,,,,,,,,,,,,,,,,,,,,,,,0,0,,829.042,,,,,,,,,,,,,,,,,,,,,,,,,,,,,,,,,,,,0.15,-37.281,0.07,-17.2,-20.042,-45.694,-6.985,-63.921,17.293,-44.999,14.06,-63.951,40.915,-90.664,0,-109.85,-40.815,-90.564,,,,"",,,,"",,,,"",,,,"",,,,"",,,,"",,,,"",,,,"",,,,,,,,,,,,,,,,,,,,,,,,,,,,,,,,,,,,,,,,,,,,,,,,,,,,,,,,,,"",5,0,"",,,,0,""
32,,2,1,2,0,0,0,0,1,0,0,3,255,255,15,839.231,"Yaksok~",R,32,79,129,1.934,-0.774,0.581,1.206,0.456,1.227,-36.444,56.463,6,80,15,1,250,89.954,5.885,0,0,1,4,L,"Kr_Luna",190,92.218,0.504,,70,W,Y,0,,,,,,,,,,,,,,,,,,,,,,,,,,,,0,0,,,,,,841.473,,,,,,,,,,,,,,,,,,,,,,,,,,,,,,,,0.212,-37.704,-0.013,-17.3,-19.605,-39.772,-0.298,-59.973,17.317,-45.104,9.259,-62.417,40.915,-90.664,0,-109.86,-40.815,-90.564,,,,"",,,,"",,,,"",,,,"",,,,"",,,,"",,,,"",,,,"",,,,,,,,,,,,,,,,,,,,,,,,,,,,,,,,,,,,,,,,,,,,,,,,,,,,,,,,,,"",0,0,"",841.473,,,0,""
33,,2,1,2,0,1,0,0,0,1,0,255,3,255,16,853.885,"Yaksok~",R,32,87,140,0.283,-1.063,0.462,1.161,-0.217,1.084,-36.444,41.882,11,18,72,2,244.626,136.528,7.216,0,0,1,4,L,"Kr_Luna",190,92.218,0.504,3,70,W,Y,0,854.683,167,141,147,75,24,145,87,-5.328,-62.663,0.105,0.585,-20.028,1,0,0.126,-329.289,-442.434,-236.265,854.816,6.076,-23.046,,,,,,0,0,,,,,,,,,,,,,865.775,,,,,,,,,,,,,,,,,,,,,,,,,0.229,-37.681,0.045,-17.182,-19.822,-46.334,-0.237,-59.249,17.184,-44.639,12.366,-60.714,40.907,-90.657,0,-109.85,-40.807,-90.557,0.061,-36.703,,"HANA_ARASHI",-0.069,-17.442,,"Riyaj",-19.841,-46.265,,"mungjungh",0.132,-58.988,,"인생최패망자",17.032,-44.614,,"P0TA0",12.271,-60.719,,"AI",40.9,-90.65,,"AI",0,-109.84,,"AI",-40.8,-90.55,,,,,,,,,,,,,,,,,,,,,,,,,,,,,,,,,,,,,,,,,,,,,,,,,,,,,,,,"",3,0,"",858.48,,,0,""
34,,2,1,2,0,1,1,0,0,1,0,255,3,255,17,867.496,"Yaksok~",R,33,88,140,-0.532,-0.07,0.408,1.337,-0.422,1.634,-36.444,28.887,6,76,19,2,132.94,59.713,2.133,0,0,1,4,L,"Kr_Luna",190,92.218,0.504,3,70,W,Y,0,868.25,231,120,137,82,30,145,114,110.257,53.285,-0.098,0.996,-20.451,0.83,0,0.094,425.99,-406.475,-115.371,,,,,,,,,0,0,,,,,,,,,,,,,880.676,,,,,,,,,,,,,,,,,,,,,,,,,0.205,-37.516,0.081,-17.268,-19.554,-44.7,-1.111,-60.455,17.687,-45.296,12.977,-60.711,40.915,-90.664,0,-109.85,-40.815,-90.564,-0.067,-36.77,,"HANA_ARASHI",-0.169,-17.499,,"Riyaj",-19.516,-44.623,,"mungjungh",-0.096,-58.964,,"인생최패망자",17.584,-45.185,,"P0TA0",12.9,-60.603,,"AI",40.9,-90.65,,"AI",0,-109.84,,"AI",-40.8,-90.55,,,,,,,,,,,,,,,,,,,,,,,,,,,,,,,,,,,,,,,,,,,,,,,,,,,,,,,,"",3,0,"",870.476,,,0,""
35,,2,1,2,0,1,2,0,0,1,0,255,3,255,18,882.284,"Yaksok~",R,32,71,123,5.686,-1.467,0.726,1.175,2.111,0.806,-36.444,68.23,6,76,18,1,219.585,101.481,-0.461,0,0,1,4,L,"Kr_Luna",190,92.218,0.504,,70,W,Y,0,,,,,,,,,,,,,,,,,,,,,,,,,,,,0,0,,,,,,,,,,,,,893.118,,,,,,,,,,,,,,,,,,,,,,,,,0.273,-37.495,0.162,-17.11,-19.928,-45.956,-1.508,-63.734,17.248,-44.999,12.883,-60.575,40.915,-90.664,0,-109.85,-40.815,-90.564,,,,"",,,,"",,,,"",,,,"",,,,"",,,,"",,,,"",,,,"",,,,,,,,,,,,,,,,,,,,,,,,,,,,,,,,,,,,,,,,,,,,,,,,,,,,,,,,,,"",0,0,"",885.019,,,0,""
36,,2,1,2,0,2,2,0,0,1,0,255,3,255,19,896.619,"Yaksok~",R,3,82,121,0.739,-0.431,0.725,1.228,1.029,1.351,-36.444,53.197,6,80,14,2,-454.418,0,6.06,0,0,1,4,L,"Kr_Luna",190,92.218,0.504,5,71,W,Y,0,897.462,126,124,128,81,46,139,132,0,-35.508,0.133,0.854,-20.38,0.42,0,0.145,501.796,-275.061,180.394,898.158,17.327,-43.849,898.558,4,15.444,0.237,-41.331,0,0,,,,,,,,,,,,,902.475,,898.562,1,,453,0,900.112,0,2,676,4,,,,,,,,,,,,,,0.257,-37.424,0.003,-16.953,-19.635,-45.494,-0.078,-59.182,17.428,-45.322,12.984,-60.803,40.907,-90.657,0,-109.85,-40.807,-90.557,0.019,-36.744,,"HANA_ARASHI",0.051,-17.085,,"Riyaj",-19.576,-45.544,,"mungjungh",-0.583,-58.981,86,"인생최패망자",17.238,-45.019,120,"P0TA0",12.917,-60.669,,"AI",40.9,-90.65,,"AI",0,-109.84,,"AI",-40.8,-90.55,,904.33,0.138,-38.296,,,,,,,900.122,0.262,-58.618,898.57,16.55,-42.771,,,,,,,,,,,,,,,,,,,,,,903.153,-0.171,-57.608,899.222,14.15,-45.594,,,,,,,,,,,,,"",1,0,"인생최패망자",901.068,,,44,""
37,,2,1,2,0,0,0,2,0,0,0,255,255,255,20,914.987,"Yaksok~",R,33,82,133,0.092,-0.201,0.518,1.261,-0.174,1.569,-36.444,38.395,5,60,35,2,139.38,74.233,9.178,0,0,2,2,L,"Fresh825",190,80,0.2,3,71,W,Y,1,916.071,255,95,140,112,22,145,87,26.679,-37.491,-0.004,0.889,-19.435,1,0,0.152,585.087,-105.8,-80.498,920.5,46.34,-75.799,920.816,6,45.838,0.591,-75.197,0,0,,921.535,,,,,,,,,,,,,920.867,2,,456,0,,,,,,,,,,,,,,,,,,,0.18,-37.497,0.155,-17.094,-19.954,-45.203,-10.991,-66.173,17.453,-44.731,13.931,-62.578,40.915,-90.664,0,-109.85,-40.815,-90.564,0.526,-37.024,,"HANA_ARASHI",-0.106,-17.475,,"Riyaj",-19.818,-45.236,,"mungjungh",-10.345,-65.973,,"인생최패망자",17.251,-44.483,,"P0TA0",13.922,-62.584,,"AI",40.9,-90.65,,"AI",0,-109.84,,"AI",-40.8,-90.55,,,,,,,,,,,,,,,,,,,,,,,,,,,,,,,,,,,,,,,,,,,,,,,,,,,,,,,,"",1,0,"AI",,,,0,""
38,SIDE,2,1,2,0,0,0,2,0,0,0,255,255,255,,925.493,,,,,,,,,,,,,,,,,,,,,,,3,,,,,,,,,,,,,,,,,,,,,,,,,,,,,,,,,,,,,,,0,0,,,,,,,,,,,,,,,,,,,,,,,,,,,,,,,,,,,,,,,,,,,,,,,,,,,,,,,,,,,,,,,,,,,,,,,,,,,,,,,,,,,,,,,,,,,,,,,,,,,,,,,,,,,,,,,,,,,,,,,,,,,,,,,,,,,,,,,,,,,,,,,,,"",0,0,"",,,,0,""
39,,2,0,2,0,0,0,0,0,0,0,255,255,255,14,957.75,"Floră",R,33,81,132,0.962,0.5,0.354,1.625,0.253,1.896,-36.338,29.549,0,100,0,2,127.764,-32.289,2.945,0,0,4,1,R,"HANA_ARASHI",190,90,0.25,5,71,W,Y,1,958.714,157,134,128,54,25,145,93,22.36,-7.26,0.178,1.215,-20.493,-0.8,0,0.69,404.383,425.82,123.092,963.7,2.856,-104.44,963.875,7,2.991,2.04,-101.74,0,0,,964.869,,,,,,,,,,,,,963.869,4,,456,0,,,,,,,,,,,,,968.271,3,,,,,-0.066,-38,-0.021,-18.056,-21.307,-44.942,-17.632,-60.09,15.782,-50.45,12.409,-58.213,40.93,-90.677,0,-109.87,-40.83,-90.577,0.141,-36.777,,"NABIMan",-0.024,-18.156,,"Fresh825",-21.084,-45.066,,"Sabo_10",-17.577,-59.958,88,"Kr_Luna",16.596,-50.094,,"AI",12.4,-58.2,,"AI",40.9,-90.65,,"AI",0,-109.84,,"AI",-40.8,-90.55,,970.304,-0.295,-38.767,,,,,,,967.851,-0.018,-60.439,,,,,,,,,,,,,,,,,,,,,,,,,969.181,0.034,-58.739,,,,,,,,,,,,,,,,"",1,0,"AI",,,,17,""
40,,2,0,2,0,0,0,1,0,0,0,255,255,255,15,985.727,"Floră",R,32,85,138,-1.524,-0.45,0.109,1.641,-0.887,1.301,-36.338,22.655,0,100,0,1,164.535,-24.882,5.199,1.838,-19.339,5,0,R,"Yaksok~",190,80,0.332,,71,W,Y,0,,,,,,,,,,,,,,,,,,,,,,,,,,,,0,0,,,,,,,,,,,,,,,,,,,,,,,,,,,,,,,,,,,,,,-0.218,-37.141,-0.674,-17.991,-22.006,-46.915,-13.949,-64.599,16.761,-48.021,12.406,-58.208,40.922,-90.671,0,-109.86,-40.822,-90.571,,,,"",,,,"",,,,"",,,,"",,,,"",,,,"",,,,"",,,,"",,,,990.963,-0.11,-36.868,,,,,,,,,,,,,,,,,,,,,,,,,,,,,,,,,,,,,,,,,,,,,,,,,,,,"",0,0,"",,,,0,""
41,,2,0,2,0,0,1,1,0,0,0,255,255,255,16,1004.007,"Floră",R,32,88,140,-1.069,-0.816,0.148,1.555,-0.707,1.023,-36.338,18.942,0,100,0,0,179.883,-85.729,7.644,0,0,5,0,R,"Yaksok~",190,80,0.332,,71,W,Y,0,,,,,,,,,,,,,,,,,,,,,,,,,,,,0,0,,,,,,,,,,,,,,,,,,,,,,,,,,,,,,,,,,,,,,-0.129,-37.18,0.142,-17.838,-21.735,-47.192,-14.341,-64.363,17.001,-50.047,12.406,-58.208,40.915,-90.664,0,-109.86,-40.815,-90.564,,,,"",,,,"",,,,"",,,,"",,,,"",,,,"",,,,"",,,,"",,,,1008.966,-0.257,-36.505,,,,,,,,,,,,,,,,,,,,,,,,,,,,,,,,,,,,,,,,,,,,,,,,,,,,"",0,0,"",,,,0,""
42,,2,0,2,0,0,2,1,0,0,0,255,255,255,17,1018.34,"Floră",R,33,84,136,-1.086,0.602,0.163,1.653,-0.636,1.987,-36.338,27.887,0,100,0,0,115.677,-0.604,2.695,0,0,5,0,R,"Yaksok~",190,80,0.332,,71,W,Y,0,,,,,,,,,,,,,,,,,,,,,,,,,,,,0,0,,,,,,,,,,,,,,,1020.804,5,,578,0,,,,,,,,,,,,,,,,,,,-0.219,-37.303,0.239,-17.823,-22.06,-46.877,-14.371,-64.416,18.937,-48.606,12.4,-58.2,40.915,-90.664,0,-109.85,-40.815,-90.564,,,,"",,,,"",,,,"",,,,"",,,,"",,,,"",,,,"",,,,"",,,,1023.522,-0.413,-36.696,,,,,,,,,,,,,,,,,,,,,,,,,,,,,,,,,,,,,,,,,,,,,,,,,,,,"",0,0,"",,,,0,""
43,,2,0,2,0,0,0,2,0,0,0,255,255,255,18,1039.526,"Floră",R,33,84,137,-0.259,-0.866,0.235,1.595,-0.302,1.107,-36.338,22.289,0,100,0,2,135.546,9.413,0.416,0,0,0,5,R,"P0TA0",174,96.215,0.525,5,70,W,Y,1,1040.357,229,34,108,104,24,145,128,92.168,23.428,-0.053,0.598,-19.745,0.3,0,0.212,485.407,338.597,-98.652,1048.933,6.353,-2.051,,,,,,0,0,,1047.802,,,1055.573,,,,,,,,,,,,,,,,,,,,,,,,,,,,,,,,,-0.115,-37.353,0.101,-17.838,-22.2,-46.936,-16.8,-61.059,18.976,-48.53,12.406,-58.208,40.922,-90.67,0,-109.86,-40.822,-90.57,0.093,-36.887,,"NABIMan",-0.037,-17.956,,"Fresh825",-21.914,-46.892,,"Sabo_10",-16.697,-60.889,,"Kr_Luna",19.006,-48.569,,"AI",12.4,-58.2,,"AI",40.9,-90.65,,"AI",0,-109.84,,"AI",-40.8,-90.55,,,,,,,,,,,,,,,,,,,,,,,,,,,,,,,,,,,,,,,,,,,,,,,,,,,,,,,,"",3,0,"",,,,0,""
44,,2,0,2,0,0,1,2,0,0,0,255,255,255,19,1069.379,"Floră",R,13,75,101,-1.789,-1.548,0.257,1.588,-0.132,1.273,-36.338,29.163,0,100,0,4,-326.722,351.256,11.309,-0.605,-18.207,0,5,R,"P0TA0",174,96.215,0.525,,70,W,Y,1,,,,,,,,,,,,,,,,,,,,,,,,,,,,0,0,,,,,,,,,,,,,,,,,,,,,,,,,,,,,,,,,,,,,,-0.121,-37.226,0.205,-17.841,-22.302,-47.255,-17.043,-61.188,19.058,-48.508,12.406,-58.208,40.929,-90.677,0,-109.87,-40.83,-90.577,,,,"",,,,"",,,,"",,,,"",,,,"",,,,"",,,,"",,,,"",,,,,,,,,,,,,,,,,,,,,,,,,,,,,,,,,,,,,,,,,,,,,,,,,,,,,,,,,,"",0,0,"",,,,0,""
45,,2,0,2,0,0,2,2,0,0,0,255,255,255,20,1084.237,"Floră",R,34,88,140,-4.117,-0.008,-0.107,1.526,-1.893,1.568,-36.338,10.618,0,100,0,1,77.314,-35.584,4.273,0,0,0,5,R,"P0TA0",174,96.215,0.525,,70,W,Y,0,,,,,,,,,,,,,,,,,,,,,,,,,,,,0,0,,,,,,,,,,,,,,,,,,,,,,,,,,,,,,,,,,,,,,-0.102,-37.385,0.109,-17.921,-22.321,-47.181,-16.94,-60.973,18.76,-48.882,12.406,-58.208,40.915,-90.664,0,-109.85,-40.815,-90.564,,,,"",,,,"",,,,"",,,,"",,,,"",,,,"",,,,"",,,,"",,,,,,,,,,,,,,,,,,,,,,,,,,,,,,,,,,,,,,,,,,,,,,,,,,,,,,,,,,"",0,0,"",,,,0,""
46,,2,0,2,0,1,2,2,0,0,0,255,255,255,21,1099.644,"Floră",R,34,87,140,-2.451,-0.553,0.047,1.643,-1.175,1.275,-36.338,6.804,0,100,0,4,80.659,-3.548,-0.09,-2.434,-19.808,0,5,R,"P0TA0",174,96.215,0.525,,70,W,Y,1,,,,,,,,,,,,,,,,,,,,,,,,,,,,0,0,,,,,,,,,,,,,,,1105.794,0,,147,8,,,,,,,,,,,,,,,,,,,-0.089,-37.161,-0.018,-17.872,-21.732,-46.935,-16.957,-59.613,18.647,-49.26,12.406,-58.208,40.915,-90.664,0,-109.85,-40.815,-90.564,,,,"",,,,"",,,,"",,,,"",,,,"",,,,"",,,,"",,,,"",,,,,,,,,,,,,,,,,,,,,,,,,,,,,,,,,,,,,,,,,,,,,,,,,,,,,,,,,,"",0,0,"",,,,0,""
47,SIDE,2,0,2,0,0,0,2,0,0,0,255,255,255,,1106.34,,,,,,,,,,,,,,,,,,,,,,,1,,,,,,,,,,,,,,,,,,,,,,,,,,,,,,,,,,,,,,,0,0,,,,,,,,,,,,,,,,,,,,,,,,,,,,,,,,,,,,,,,,,,,,,,,,,,,,,,,,,,,,,,,,,,,,,,,,,,,,,,,,,,,,,,,,,,,,,,,,,,,,,,,,,,,,,,,,,,,,,,,,,,,,,,,,,,,,,,,,,,,,,,,,,"",0,0,"",,,,0,""
48,,3,1,2,0,0,0,0,0,0,0,255,255,255,21,1135.78,"Yaksok~",R,32,85,138,1.35,-0.89,0.546,1.185,0.338,1.148,-36.444,48.63,11,47,41,2,171.777,87.585,-0.133,0,0,3,1,L,"NABIMan",190,83.228,0.48,3,69,W,Y,1,1136.721,255,100,48,115,96,135,81,99.337,83.978,0.42,0.858,-21.109,1,0,0.298,-198.814,-513.696,237.885,,,,,,,,,0,0,,,,,,,,,,,,,,,,,,,,,,,,,,,,,,,,,,,,,,0.334,-37.948,-0.004,-17.14,-19.648,-45.177,-13.233,-64.154,17.852,-45.222,16.821,-61.597,40.944,-90.691,0,-109.89,-40.844,-90.591,0.423,-36.71,,"HANA_ARASHI",-0.024,-17.159,,"Riyaj",-19.289,-44.885,,"mungjungh",-13.225,-64.122,,"인생최패망자",17.789,-45.166,,"P0TA0",16.811,-61.595,,"AI",40.9,-90.65,,"AI",0,-109.84,,"AI",-40.8,-90.55,,,,,,,,,,,,,,,,,,,,,,,,,,,,,,,,,,,,,,,,,,,,,,,,,,,,,,,,"",3,0,"",,,,0,""
49,,3,1,2,0,0,1,0,0,0,0,255,255,255,22,1151.012,"Yaksok~",R,32,85,137,0.975,-0.612,0.491,1.235,0.177,1.305,-36.444,47.397,0,83,17,2,170.271,70.448,1.676,0,0,3,1,L,"NABIMan",190,83.228,0.48,3,38,W,Y,1,1151.961,246,175,130,136,43,145,108,25.56,-45.667,0.178,0.768,-20.1,0.05,0,0.365,585.905,-78.346,-102.848,1156.708,71.765,-86,,,,,,0,0,,,,,,,,,,,,,,,,,,,,,,,,,,,,,,,,,,,,,,0.065,-38.124,0.012,-16.983,-19.32,-45.207,-11.738,-64.59,17.62,-45.272,18.005,-61.076,40.922,-90.671,0,-109.86,-40.822,-90.571,0.193,-36.576,,"HANA_ARASHI",-0.017,-17.039,,"Riyaj",-18.588,-44.769,,"mungjungh",-11.727,-64.605,,"인생최패망자",17.515,-45.022,,"P0TA0",18.158,-60.798,,"AI",40.9,-90.65,,"AI",0,-109.84,,"AI",-40.8,-90.55,,,,,,,,,,,,,,,,,,,,,,,,,,,,,,,,,,,,,,,,,,,,,,,,,,,,,,,,"",3,0,"",,,,0,""
50,,3,1,2,0,0,2,0,0,0,0,255,255,255,23,1170.67,"Yaksok~",R,32,87,140,0.12,-0.094,0.46,1.315,-0.218,1.641,-36.444,34.08,2,79,19,0,192.193,83.621,6.581,0,0,3,1,L,"NABIMan",190,83.228,0.48,,38,W,Y,1,,,,,,,,,,,,,,,,,,,,,,,,,,,,0,0,,,,,,,,,,,,,,,1173.191,3,,578,0,,,,,,,,,,,,,,,,,,,0.205,-37.742,-0.017,-17.063,-19.232,-44.701,-10.911,-65.976,17.672,-45.314,15.333,-61.885,40.915,-90.664,0,-109.86,-40.822,-90.571,,,,"",,,,"",,,,"",,,,"",,,,"",,,,"",,,,"",,,,"",,,,,,,,,,,,,,,,,,,,,,,,,,,,,,,,,,,,,,,,,,,,,,,,,,,,,,,,,,"",0,0,"",,,,0,""
51,,3,1,2,0,0,0,1,0,0,0,255,255,255,24,1192.97,"Yaksok~",R,3,78,117,-1.92,0.113,0.496,1.333,-0.157,1.696,-36.444,35.757,0,100,0,1,-415.25,0,2.026,0,0,4,0,R,"Floră",190,85,0.404,,69,W,Y,0,,,,,,,,,,,,,,,,,,,,,,,,,,,,0,0,,,,,,,,,,,,,,,,,,,,,,,,,,,,,,,,,,,,,,0.144,-37.545,-0.072,-17.185,-19.531,-44.789,-10.155,-66.574,16.795,-46.108,10.54,-63.565,40.9,-90.65,0,-109.84,-40.8,-90.55,,,,"",,,,"",,,,"",,,,"",,,,"",,,,"",,,,"",,,,"",,,,,,,,,,,,,,,,,,,,,,,,,,,,,,,,,,,,,,,,,,,,,,,,,,,,,,,,,,"",0,0,"",,,,0,""
52,,3,1,2,0,1,0,1,0,0,0,255,255,255,25,1205.501,"Yaksok~",R,3,78,104,-1.48,0.214,0.615,1.372,0.261,1.775,-36.444,34.762,0,100,0,2,-472.727,0,9.415,0,0,4,0,R,"Floră",190,85,0.404,3,69,W,Y,1,1207.208,255,45,168,76,75,145,87,95.275,-79.533,-0.297,1.088,-20.211,-1,0,0.518,513.47,56.836,305.153,,,,,,,,,0,0,,,,,,,,,,,,,,,,,,,,,,,,,,,,,,,,,,,,,,0.259,-37.873,-0.107,-16.597,-19.531,-44.832,-10.157,-66.598,16.785,-46.115,8.81,-64.372,40.9,-90.65,0,-109.84,-40.8,-90.55,-0.238,-37.254,,"HANA_ARASHI",-0.201,-16.676,,"Riyaj",-19.349,-44.928,,"mungjungh",-10.158,-66.607,,"인생최패망자",16.499,-45.767,,"P0TA0",8.969,-64.125,,"AI",40.905,-90.655,,"AI",0,-109.845,,"AI",-40.805,-90.555,,,,,,,,,,,,,,,,,,,,,,,,,,,,,,,,,,,,,,,,,,,,,,,,,,,,,,,,"",3,0,"",,,,0,""
53,,3,1,2,0,1,1,1,0,0,0,255,255,255,26,1221.902,"Yaksok~",R,32,84,137,-0.368,-0.159,0.366,1.32,-0.384,1.557,-36.444,25.352,0,100,0,2,155.522,37.784,1.073,0,0,4,0,R,"Floră",190,85,0.404,3,91,W,Y,1,1223.039,255,77,92,0,16,130,116,-15,25.846,-0.233,0.829,-19.616,0.17,0,0.451,85.556,487.63,-338.966,1223.016,-1.603,-22.416,1227.531,8,-30.763,0.056,-98.657,1,0,,1228.867,1266.659,,,,,,,,,,,,,,,,,,,,,,,,,,,,,,,,,,,0.169,-37.614,-0.072,-16.96,-19.622,-45.547,-11.453,-64.769,17.101,-46.584,9.888,-64.692,40.9,-90.65,0,-109.84,-40.8,-90.55,0.073,-36.855,120,"HANA_ARASHI",-0.184,-17.017,,"Riyaj",-19.424,-45.364,,"mungjungh",-11.458,-64.781,64,"인생최패망자",16.684,-46.388,,"P0TA0",10.106,-64.394,77,"AI",40.904,-90.653,,"AI",0,-109.844,,"AI",-40.804,-90.553,,1236.05,0.769,-37.795,,,,,,,1248.387,-0.469,-58.455,,,,1231.515,-1.421,-61.655,,,,,,,,,,1247.582,0.114,-42.023,,,,,,,1252.163,-4.079,-53.285,,,,1234.852,-3.699,-56.002,,,,,,,,,,"",2,1,"AI",1266.659,,,41,""
54,,3,1,2,0,0,0,1,0,1,0,255,0,255,27,1279.422,"Yaksok~",R,32,87,140,-0.922,-0.637,0.511,1.301,-0.032,1.503,-36.444,30.765,6,94,0,2,218.975,46.653,5.657,0,0,0,3,L,"Sabo_10",174.9,88,0.452,0,68,W,Y,1,1280.327,178,81,119,65,25,145,122,20.324,-32.303,0.114,0.836,-20.17,0.76,0,0.361,481.34,-172.026,314.196,1285.441,65.943,-116.511,,,,,,0,0,,1286.57,1290.941,1295.775,1300.591,,,,1287.434,1292.667,,,1279.803,,,,,,,,,,,,,,,,,,,,,,,,,0.262,-37.493,-0.068,-16.885,-19.11,-44.554,-0.569,-59.398,16.892,-44.764,13.46,-62.875,40.9,-90.65,0,-109.84,-40.8,-90.55,0.311,-36.853,,"HANA_ARASHI",-0.09,-17.359,,"Riyaj",-18.659,-44.179,,"mungjungh",-0.605,-59.43,,"인생최패망자",16.794,-44.529,,"P0TA0",13.018,-62.676,,"AI",40.903,-90.653,,"AI",0,-109.843,,"AI",-40.803,-90.553,,,,,,,,,,,,,,,,,,,,,,,,,,,,,,,,,,,,,,,,,,,,,,,,,,,,,,,,"",4,0,"",1290.941,1287.434,1292.667,0,""
55,,3,1,4,0,0,0,1,0,0,0,255,255,255,28,1326.204,"Yaksok~",R,33,82,134,-0.315,0.435,0.379,1.439,-0.325,1.942,-36.444,18.358,3,66,31,2,124.717,51.144,6.161,0,0,1,4,L,"Kr_Luna",190,92.218,0.504,5,67,W,Y,0,1326.98,153,151,147,68,24,145,128,-4.259,-30.038,0.011,1.189,-20.232,0.73,0,0.11,168.715,-555.154,152.774,1326.891,6.376,-30.918,1327.816,4,13.109,0.131,-42.371,0,0,,1332.482,,,,,,,,,,,,,1331.158,1,,147,4,,,,,,,,,,,,,,,,,,,0.358,-37.908,-0.024,-16.397,-19.461,-44.441,-8.512,-64.683,17.619,-45.687,14.349,-62.333,40.937,-90.684,0,-109.89,-40.837,-90.584,-0.042,-36.649,,"HANA_ARASHI",-0.084,-17.048,,"Riyaj",-19.246,-44.493,77,"mungjungh",-8.861,-65.354,,"인생최패망자",17.509,-45.636,112,"P0TA0",14.281,-62.535,,"AI",40.9,-90.65,,"AI",0,-109.84,,"AI",-40.8,-90.55,,1334.31,-0.359,-38.29,,,,1330.48,-19.081,-40.011,,,,1328.131,14.175,-44.012,,,,,,,,,,,,,,,,,,,1333.119,-17.792,-39.445,,,,1329.269,8.031,-43.256,,,,,,,,,,,,,"",2,0,"인생최패망자",,,,38,""
56,,3,1,4,0,0,0,2,0,0,0,255,255,255,29,1350.502,"Yaksok~",R,32,79,129,-0.181,0.204,0.465,1.344,-0.359,1.804,-36.444,35.107,5,95,0,2,180.031,54.346,7.879,0,0,2,2,L,"Fresh825",190,80,0.2,5,67,W,Y,1,1351.578,211,62,97,102,8,145,99,0,-81.517,-0.044,1.068,-19.81,-0.53,0,0.195,394.232,-130.674,433.019,1352.033,21.592,-22.916,,,,,,0,0,,,,,,,,,,,,,,,,,,,,,,,,,,,,,,,,,,,,,,0.208,-37.769,0.063,-16.475,-19.171,-44.156,-9.684,-65.13,18.52,-46.303,14.925,-62.703,40.93,-90.677,0,-109.87,-40.83,-90.577,0.156,-36.765,,"HANA_ARASHI",-0.193,-17.202,,"Riyaj",-19.147,-44.126,,"mungjungh",-9.848,-65.753,,"인생최패망자",17.944,-45.99,,"P0TA0",14.914,-62.685,,"AI",40.9,-90.65,,"AI",0,-109.84,,"AI",-40.8,-90.55,,,,,,,,,,,,,,,,,,,,,,,,,,,,,,,,,,,,,,,,,,,,,,,,,,,,,,,,"",3,0,"",,,,0,""
57,,3,1,4,0,0,1,2,0,0,0,255,255,255,30,1366.747,"Yaksok~",R,32,88,140,2.267,-0.031,0.649,1.334,0.703,1.652,-36.444,34.207,7,93,0,4,199.347,53.08,4.321,0,0,2,2,L,"Fresh825",190,80,0.2,,67,W,Y,1,,,,,,,,,,,,,,,,,,,,,,,,,,,,0,0,,,,,,,,,,,,,,,,,,,,,,,,,,,,,,,,,,,,,,0.368,-37.702,0.072,-16.877,-19.115,-44.075,-9.725,-66.17,18.306,-46.144,15.678,-62.167,40.922,-90.67,0,-109.86,-40.822,-90.57,,,,"",,,,"",,,,"",,,,"",,,,"",,,,"",,,,"",,,,"",,,,,,,,,,,,,,,,,,,,,,,,,,,,,,,,,,,,,,,,,,,,,,,,,,,,,,,,,,"",0,0,"",,,,0,""
58,,3,1,4,0,0,2,2,0,0,0,255,255,255,31,1381.512,"Yaksok~",R,3,82,123,1.805,-0.251,0.756,1.271,1.39,1.461,-36.444,54.723,5,95,0,1,-399.977,0,5.738,0,0,2,2,L,"Fresh825",190,80,0.2,,67,W,Y,0,,,,,,,,,,,,,,,,,,,,,,,,,,,,0,0,,,,,,,,,,,,,,,,,,,,,,,,,,,,,,,,,,,,,,0.316,-37.78,-0.109,-16.871,-18.891,-43.963,-9.707,-66.153,18.136,-46.005,15.672,-62.161,40.922,-90.67,0,-109.86,-40.822,-90.57,,,,"",,,,"",,,,"",,,,"",,,,"",,,,"",,,,"",,,,"",,,,,,,,,,,,,,,,,,,,,,,,,,,,,,,,,,,,,,,,,,,,,,,,,,,,,,,,,,"",0,0,"",,,,0,""
59,,3,1,4,0,1,2,2,0,0,0,255,255,255,32,1397.113,"Yaksok~",R,3,87,128,-0.753,-0.139,0.607,1.314,0.28,1.532,-36.444,35.211,6,94,0,2,-419.923,0,6.09,0,0,2,2,L,"Fresh825",190,80,0.2,5,67,W,Y,1,1398.233,105,108,83,61,29,135,119,109.27,-4.251,-0.148,0.962,-20.324,0.75,0.048,0.362,-43.315,136.416,582.679,,,,,,,,,0,0,,,,,,,,,,,,,,,,,,,,,,,,,,,,,,,,,,,,,,0.25,-38.051,0.081,-17.122,-18.871,-44.385,-1.844,-68.25,17.432,-44.942,15.778,-62.364,40.915,-90.664,0,-109.86,-40.815,-90.564,-0.034,-36.632,,"HANA_ARASHI",0.104,-17.487,,"Riyaj",-18.803,-44.298,,"mungjungh",-1.853,-68.243,,"인생최패망자",17.43,-45.327,,"P0TA0",15.702,-62.224,,"AI",40.9,-90.65,,"AI",0,-109.84,,"AI",-40.8,-90.55,,,,,,,,,,,,,,,,,,,,,,,,,,,,,,,,,,,,,,,,,,,,,,,,,,,,,,,,"",3,0,"",,,,0,""
60,,3,1,4,0,1,2,2,0,0,0,255,255,255,33,1414.112,"Yaksok~",R,33,81,132,0.482,-0.082,0.521,1.3,-0.008,1.646,-36.444,38.824,0,88,12,2,140.589,75.733,3.692,0,0,2,2,L,"Fresh825",190,80,0.2,5,67,W,Y,1,1415.189,175,90,139,82,37,145,126,0,-63.903,0.073,0.935,-19.44,0.76,0,0.668,-490.764,193.982,-285.521,1415.291,15.799,-27.273,,,,,,0,0,,,,,,,,,,,,,,,,,,,,,,,,,,,,,,,,,,,,,,0.293,-37.88,0.072,-17.102,-19.172,-44.926,-1.373,-68.285,17.636,-45.478,16.192,-61.104,40.922,-90.671,0,-109.86,-40.822,-90.57,0.458,-36.867,,"HANA_ARASHI",-0.139,-17.639,,"Riyaj",-19.333,-44.788,,"mungjungh",-1.396,-68.303,,"인생최패망자",17.376,-45.203,,"P0TA0",16.103,-61.098,,"AI",40.9,-90.65,,"AI",0,-109.84,,"AI",-40.8,-90.55,,,,,,,,,,,,,,,,,,,,,,,,,,,,,,,,,,,,,,,,,,,,,,,,,,,,,,,,"",3,0,"",,,,0,""
61,,3,1,4,0,1,2,2,0,0,0,255,255,255,34,1430.036,"Yaksok~",R,33,81,132,0.663,0.068,0.563,1.326,0.057,1.738,-36.444,34.297,2,98,0,2,149.161,73.823,5.165,0,0,2,2,L,"Fresh825",190,80,0.2,0,66,W,Y,1,1431.091,161,87,62,107,23,138,87,28.4,-63.204,0.23,0.978,-19.324,1,0,0.16,3.939,-599.956,-6.103,1433.733,41.596,-38.872,,,,,,0,0,,,,,,,,,,,,,,,,,,,,,,,,,,,,,,,,,,,,,,0.258,-37.78,0.026,-16.967,-19.776,-45.401,-1.169,-68.093,17.148,-44.986,16.939,-60.867,40.922,-90.67,0,-109.86,-40.822,-90.57,0.568,-36.968,,"HANA_ARASHI",0.107,-17.797,,"Riyaj",-19.795,-45.334,,"mungjungh",-1.164,-68.094,,"인생최패망자",17.133,-44.233,,"P0TA0",16.464,-60.951,,"AI",40.9,-90.65,,"AI",0,-109.84,,"AI",-40.8,-90.55,,,,,,,,,,,,,,,,,,,,,,,,,,,,,,,,,,,,,,,,,,,,,,,,,,,,,,,,"",3,0,"",,,,0,""
62,,3,1,4,0,1,2,2,0,0,0,255,255,255,35,1449.792,"Yaksok~",R,32,85,138,-1.749,0.433,0.298,1.424,-0.994,1.946,-36.444,20.319,2,98,0,2,163.556,56.748,4.157,0,0,2,2,L,"Fresh825",190,80,0.2,5,66,W,Y,1,1450.896,87,31,58,59,54,120,74,101.571,-87.781,-0.214,1.188,-19.668,-1,0,0.18,182.067,128.058,557.183,,,,1457.008,1,-19.444,1.631,-18.24,0,8,,,,,,,,,,,,,,,,,,,,,,,,,,,,,,,,,,,,,,0.235,-37.735,0.032,-17.378,-19.431,-44.573,-1.687,-68.134,17.335,-44.848,16.141,-61.932,40.93,-90.677,0,-109.87,-40.83,-90.577,0.132,-36.776,,"HANA_ARASHI",-0.052,-17.631,130,"Riyaj",-19.314,-44.583,,"mungjungh",-1.679,-68.144,,"인생최패망자",17.313,-44.784,,"P0TA0",16.29,-61.853,,"AI",40.9,-90.65,,"AI",0,-109.84,,"AI",-40.8,-90.55,,,,,1457.431,-19.56,-18.198,,,,,,,,,,,,,,,,,,,,,,,,,1459.499,-13.491,-19.094,,,,,,,,,,,,,,,,,,,,,,"",3,0,"HANA_ARASHI",,,,16,""
63,,3,1,4,0,1,2,2,0,0,0,255,255,255,36,1473.122,"Yaksok~",R,32,81,132,-0.386,-0.731,0.4,1.229,-0.427,1.252,-36.444,39.456,5,73,22,2,171.854,90.214,2.243,0,0,2,2,L,"Fresh825",190,80,0.2,5,66,W,Y,1,1474.181,165,40,94,105,76,145,91,0,-83.479,0.042,0.749,-20.028,-0.88,0,0.134,269.681,-527.272,96.208,1474.316,14.628,-21.396,,,,,,0,0,,,,,,,,,,,,,,,,,,,,,,,,,,,,,,,,,,,,,,0.183,-37.945,0.324,-16.488,-18.874,-44.242,-3.27,-67.653,18.233,-45.519,16.313,-63.188,40.922,-90.671,0,-109.86,-40.822,-90.571,0.527,-36.754,,"HANA_ARASHI",0.221,-16.848,,"Riyaj",-18.409,-44.185,,"mungjungh",-3.28,-67.664,,"인생최패망자",18.149,-45.383,,"P0TA0",16.583,-61.642,,"AI",40.9,-90.65,,"AI",0,-109.84,,"AI",-40.8,-90.55,,,,,,,,,,,,,,,,,,,,,,,,,,,,,,,,,,,,,,,,,,,,,,,,,,,,,,,,"",3,0,"",,,,0,""
64,,3,1,4,0,1,2,2,0,0,0,255,255,255,37,1489.946,"Yaksok~",R,3,86,115,-0.958,0.61,0.559,1.492,0.068,2.007,-36.444,28.659,0,100,0,2,-293.382,0,10.086,0,0,2,2,L,"Fresh825",190,80,0.2,5,66,W,Y,1,1491.055,255,231,96,83,75,145,89,27.233,86.254,-0.176,1.255,-20.447,-1,0,0.132,515.741,122.769,-280.96,,,,,,,,,0,0,,,,,,,,,,,,,,,,,,,,,,,,,,,,,,,,,,,,,,0.268,-37.806,-0.185,-16.947,-18.73,-43.579,-2.6,-68.179,17.781,-45.862,16.611,-61.809,40.922,-90.671,0,-109.86,-40.822,-90.57,-0.258,-36.925,,"HANA_ARASHI",0.316,-17.089,,"Riyaj",-18.917,-44.003,,"mungjungh",-2.605,-68.134,,"인생최패망자",17.634,-45.585,,"P0TA0",16.582,-61.764,,"AI",40.9,-90.65,,"AI",0,-109.84,,"AI",-40.8,-90.55,,,,,,,,,,,,,,,,,,,,,,,,,,,,,,,,,,,,,,,,,,,,,,,,,,,,,,,,"",3,0,"",,,,0,""
65,,3,1,4,0,1,2,2,0,0,0,255,255,255,38,1507.257,"Yaksok~",R,32,87,140,1.686,-0.827,0.606,1.199,0.464,1.163,-36.444,39.795,5,71,23,2,189.696,63.523,1.944,0,0,2,2,L,"Fresh825",190,80,0.2,0,66,W,Y,1,1508.306,158,123,90,138,2,145,110,31.866,-51.017,0.308,0.655,-19.616,0.93,0,0.172,345.852,-358.559,334.398,,,,,,,,,0,0,,,,,,,,,,,,,,,,,,,,,,,,,,,,,,,,,,,,,,0.278,-37.742,0.039,-17.194,-19.134,-44.519,-4.452,-67.034,17.665,-45.599,16.246,-62.667,40.9,-90.65,0,-109.84,-40.8,-90.55,0.36,-36.657,,"HANA_ARASHI",0.039,-17.549,,"Riyaj",-18.801,-44.487,,"mungjungh",-4.449,-67.032,,"인생최패망자",17.158,-45.18,,"P0TA0",16.131,-62.47,,"AI",40.9,-90.65,,"AI",0,-109.84,,"AI",-40.8,-90.55,,,,,,,,,,,,,,,,,,,,,,,,,,,,,,,,,,,,,,,,,,,,,,,,,,,,,,,,"",3,0,"",,,,0,""
66,,3,1,4,0,1,2,2,0,0,0,255,255,255,39,1522.869,"Yaksok~",R,33,86,139,1.169,-0.697,0.577,1.207,0.326,1.241,-36.444,47.345,7,93,0,2,123.391,58.919,2.195,0,0,2,2,L,"Fresh825",190,80,0.2,5,66,W,Y,1,1523.95,132,84,127,81,16,140,127,0,76.474,0.207,0.715,-19.749,0.73,0,0.138,309.473,-324.769,398.436,1524.016,-15.55,-23.724,,,,,,0,0,,,,,,,,,,,,,,,,,,,,,,,,,,,,,,,,,,,,,,0.204,-37.756,-0.308,-16.817,-18.93,-44.973,-4.102,-67.242,17.28,-38.394,16.635,-62.474,40.915,-90.664,0,-109.86,-40.815,-90.564,0.389,-36.862,,"HANA_ARASHI",-0.008,-17.194,,"Riyaj",-19.038,-44.928,,"mungjungh",-4.124,-67.259,,"인생최패망자",17.279,-38.331,,"P0TA0",16.203,-62.73,,"AI",40.9,-90.65,,"AI",0,-109.84,,"AI",-40.8,-90.55,,,,,,,,,,,,,,,,,,,,,,,,,,,,,,,,,,,,,,,,,,,,,,,,,,,,,,,,"",3,0,"",,,,0,""
67,,3,1,4,0,1,2,2,0,0,0,255,255,255,40,1538.293,"Yaksok~",R,33,85,138,0.548,0.277,0.519,1.356,0.071,1.855,-36.444,36.547,0,81,19,2,111.232,61.44,0.66,0,0,2,2,L,"Fresh825",190,80,0.2,0,66,W,Y,1,1539.345,144,104,107,82,0,145,124,22.252,-44.507,0.082,1.077,-19.366,0.77,0,0.174,237.697,-363.541,413.93,1544.333,91.131,-98.949,,,,,,0,0,,,,,,,,,,,,,,,,,,,,,,,,,,,,,,,,,,,,,,0.25,-37.874,0.078,-16.834,-19.509,-44.183,-3.163,-66.465,18.327,-39.347,15.242,-62.663,40.915,-90.664,0,-109.86,-40.815,-90.564,0.313,-36.741,,"HANA_ARASHI",0.082,-16.992,,"Riyaj",-19.388,-44.215,,"mungjungh",-3.606,-66.569,,"인생최패망자",18.291,-39.317,,"P0TA0",15.218,-62.645,,"AI",40.9,-90.65,,"AI",0,-109.84,,"AI",-40.8,-90.55,,,,,,,,,,,,,,,,,,,,,,,,,,,,,,,,,,,,,,,,,,,,,,,,,,,,,,,,"",3,0,"",,,,0,""
68,,3,1,4,0,1,2,2,0,0,0,255,255,255,41,1572.291,"Yaksok~",R,33,85,138,0.241,0.239,0.495,1.38,-0.106,1.806,-36.444,35.245,0,100,0,2,144.453,36.529,3.201,0,0,2,2,L,"Fresh825",190,80,0.2,5,65,W,Y,1,1573.345,196,104,126,121,0,145,122,32.319,-26.77,0.17,1.12,-19.862,0.2,0,0.146,246.229,-545.179,46.376,1578.658,61.656,-108.531,1579.341,6,60.312,0.498,-107.41,1,0,,1578.815,1583.268,,,,,,,,,,,,,,,,,,,,,,,,,,,,,,,,,,,0.151,-37.823,0.049,-17.061,-19.174,-44.712,-4.82,-67.904,18.552,-39.555,15.317,-62.343,40.952,-90.698,0,-109.9,-40.852,-90.598,0.364,-36.408,,"HANA_ARASHI",-0.091,-17.578,,"Riyaj",-19.09,-44.654,,"mungjungh",-4.817,-67.918,,"인생최패망자",18.263,-39.369,,"P0TA0",15.285,-62.317,74,"AI",40.9,-90.65,,"AI",0,-109.84,,"AI",-40.8,-90.55,,1590.772,-0.361,-38.457,,,,,,,,,,,,,1583.972,11.083,-71.403,,,,,,,,,,,,,,,,,,,,,,,,,1588.714,9.395,-68.324,,,,,,,,,,"",2,0,"AI",1583.268,,,33,""
69,,3,1,4,0,0,0,2,0,1,0,255,2,255,42,1603.87,"Yaksok~",R,32,79,129,1.975,0.15,0.608,1.328,0.58,1.736,-36.444,49.516,4,96,0,4,177.488,21.323,3.369,0,0,3,1,L,"NABIMan",190,83.228,0.48,,65,W,Y,1,,,,,,,,,,,,,,,,,,,,,,,,,,,,0,0,,,,,,,,,,,,,1604.1,,,,,,,,,,,,,,,,,,,,,,,,,0.164,-37.575,0.047,-16.166,-19.699,-44.815,-0.718,-63.164,17.299,-44.358,15.535,-60.196,40.922,-90.671,0,-109.87,-40.822,-90.571,,,,"",,,,"",,,,"",,,,"",,,,"",,,,"",,,,"",,,,"",,,,1608.086,-0.508,-37.638,,,,,,,,,,,,,,,,,,,,,,,,,,,,,,,,,,,,,,,,,,,,,,,,,,,,"",0,0,"",1606.135,,,0,""
70,,3,1,4,0,0,1,2,0,1,0,255,2,255,43,1618.803,"Yaksok~",R,32,79,129,-0.345,0.628,0.399,1.43,-0.422,2.04,-36.444,24.285,2,98,0,0,175.502,26.19,9.166,-0.026,-18.803,3,1,L,"NABIMan",190,83.228,0.48,,37,W,Y,1,,,,,,,,,,,,,,,,,,,,,,,,,,,,0,0,,,,,,,,,,,,,1618.893,,,,,,,,,,,,,,,,,,,,,,,,,0.227,-37.581,-0.012,-16.588,-19.139,-44.834,-0.754,-64.034,17.336,-44.111,14.644,-61.502,40.922,-90.67,0,-109.86,-40.822,-90.57,,,,"",,,,"",,,,"",,,,"",,,,"",,,,"",,,,"",,,,"",,,,1625.297,-0.212,-37.557,,,,,,,,,,,,,,,,,,,,,,,,,,,,,,,,,,,,,,,,,,,,,,,,,,,,"",0,0,"",1621.347,,,0,""
71,,3,1,4,0,0,2,2,0,1,0,255,2,255,44,1635.881,"Yaksok~",R,32,87,140,2.767,-1.228,0.611,1.223,0.939,0.999,-36.444,54.394,4,77,18,4,186.799,160.558,9.101,0.731,-17.462,3,1,L,"NABIMan",190,83.228,0.48,,37,W,Y,1,,,,,,,,,,,,,,,,,,,,,,,,,,,,0,0,,,,,,,,,,,,,1636.096,,1641.642,3,,147,16,,,,,,,,,,,,,,,,,,,0.246,-37.715,-0.02,-16.746,-18.485,-43.356,-0.128,-59.475,17.163,-44.538,14.814,-61.735,40.922,-90.671,0,-109.86,-40.822,-90.57,,,,"",,,,"",,,,"",,,,"",,,,"",,,,"",,,,"",,,,"",,,,,,,,,,,,,,,,,,,,,,,,,,,,,,,,,,,,,,,,,,,,,,,,,,,,,,,,,,"",0,0,"",1638.446,,,0,""
72,SIDE,3,1,4,0,0,0,2,0,1,0,255,2,255,,1642.841,,,,,,,,,,,,,,,,,,,,,,,4,,,,,,,,,,,,,,,,,,,,,,,,,,,,,,,,,,,,,,,0,0,,,,,,,,,,,,,,,,,,,,,,,,,,,,,,,,,,,,,,,,,,,,,,,,,,,,,,,,,,,,,,,,,,,,,,,,,,,,,,,,,,,,,,,,,,,,,,,,,,,,,,,,,,,,,,,,,,,,,,,,,,,,,,,,,,,,,,,,,,,,,,,,,"",0,0,"",,,,0,""
73,,3,0,4,0,0,0,0,0,0,0,255,255,255,22,1677.096,"Floră",R,0,55,97,1.058,0.576,0.373,1.704,0.449,1.995,-36.338,58.417,0,100,0,0,0,0,-3.661,0,0,1,2,R,"Riyaj",190,80,0.2,,44,W,Y,1,,,,,,,,,,,,,,,,,,,,,,,,,,,,0,0,,,,,,,,,,,,,,,,,,,,,,,,,,,,,,,,,,,,,,-0.193,-37.273,0.02,-17.845,-20.336,-43.833,-17.109,-58.907,19.892,-48.879,15.441,-63.689,40.952,-90.698,0,-109.89,-40.852,-90.598,,,,"",,,,"",,,,"",,,,"",,,,"",,,,"",,,,"",,,,"",,,,,,,,,,,,,,,,,,,,,,,,,,,,,,,,,,,,,,,,,,,,,,,,,,,,,,,,,,"",0,0,"",,,,0,""
74,,3,0,4,0,0,1,0,0,0,0,255,255,255,23,1692.2,"Floră",R,32,81,131,0.328,-0.468,0.262,1.589,-0.179,1.132,-36.338,36.512,0,100,0,2,219.575,-199.07,11.319,0,0,1,2,R,"Riyaj",190,80,0.2,0,44,W,Y,1,1693.002,255,157,85,78,0,145,92,-42.284,-18.865,0.06,0.855,-20.616,-0.98,0,0.436,-361.474,283.794,-385.744,1692.7,0.405,-21.632,1694.016,0,2.167,2.585,-34.501,0,0,,,,,,,,,,,,,,,1697.044,1,,147,16,,,,,,,,,,,,,,,,,,,-0.243,-37.229,0.03,-17.828,-21.02,-44.777,-17.409,-59.553,19.772,-49.339,15.611,-62.204,40.915,-90.664,0,-109.85,-40.815,-90.564,0.056,-36.705,120,"NABIMan",0.049,-17.89,,"Fresh825",-20.903,-44.605,69,"Sabo_10",-17.504,-59.043,,"Kr_Luna",18.856,-49.766,,"須磨-suma-",15.317,-62.24,,"AI",40.9,-90.65,,"AI",0,-109.84,,"AI",-40.8,-90.55,,1694.439,2.051,-34.644,,,,1696.395,-18.745,-39.691,,,,,,,,,,,,,,,,,,,1695.44,2.595,-35.648,,,,1698.469,-17.953,-39.813,,,,,,,,,,,,,,,,,,,"",2,0,"Floră",,,,20,""
75,,3,0,4,0,0,0,1,0,0,0,255,255,255,24,1716.743,"Floră",R,32,87,140,-4.442,0.18,-0.175,1.521,-2.211,1.561,-36.338,12.735,0,100,0,1,222.658,-200,31.924,-1.056,-18.954,2,4,R,"인생최패망자",190,80,0.351,,90,W,Y,0,,,,,,,,,,,,,,,,,,,,,,,,,,,,0,0,,,,,,,,,,,,,,,,,,,,,,,,,,,,,,,,,,,,,,-0.366,-37.129,0.08,-17.615,-22.511,-46.118,-15.012,-60.677,19.23,-48.242,10.455,-66.279,40.922,-90.67,0,-109.87,-40.822,-90.57,,,,"",,,,"",,,,"",,,,"",,,,"",,,,"",,,,"",,,,"",,,,1721.365,-0.242,-36.051,,,,,,,,,,,,,,,,,,,,,,,,,,,,,,,,,,,,,,,,,,,,,,,,,,,,"",0,0,"",,,,0,""
76,,3,0,4,0,1,0,1,0,0,0,255,255,255,25,1734.063,"Floră",R,32,86,140,-2.441,0.165,0.026,1.529,-1.275,1.586,-36.338,26.044,0,100,0,4,159.654,-157.459,15.704,-0.424,-18.444,2,4,R,"인생최패망자",190,80,0.351,,90,W,Y,1,,,,,,,,,,,,,,,,,,,,,,,,,,,,0,0,,,,,,,,,,,,,,,,,,,,,,,,,,,,,,,,,,,,,,-0.341,-37.134,0.119,-17.881,-22.368,-46.367,-14.937,-60.311,18.114,-49.14,10.604,-66.618,40.915,-90.664,0,-109.86,-40.815,-90.564,,,,"",,,,"",,,,"",,,,"",,,,"",,,,"",,,,"",,,,"",,,,1738.983,-0.112,-36.558,,,,,,,,,,,,,,,,,,,,,,,,,,,,,,,,,,,,,,,,,,,,,,,,,,,,"",0,0,"",,,,0,""
77,,3,0,4,0,1,1,1,0,0,0,255,255,255,26,1749.495,"Floră",R,32,87,140,2.255,0.245,0.45,1.558,0.698,1.679,-36.338,51.662,0,100,0,4,205.895,-106.726,3.465,0.786,-18.304,2,4,R,"인생최패망자",190,80,0.351,,90,W,Y,1,,,,,,,,,,,,,,,,,,,,,,,,,,,,0,0,,,,,,,,,,,,,,,,,,,,,,,,,,,,,,,,,,,,,,-0.134,-37.303,0.039,-17.95,-22.182,-46.631,-14.927,-60.248,18.026,-49.221,10.429,-66.27,40.915,-90.664,0,-109.85,-40.815,-90.564,,,,"",,,,"",,,,"",,,,"",,,,"",,,,"",,,,"",,,,"",,,,1754.167,-0.105,-36.626,,,,,,,,,,,,,,,,,,,,,,,,,,,,,,,,,,,,,,,,,,,,,,,,,,,,"",0,0,"",,,,0,""
78,,3,0,4,0,1,2,1,0,0,0,255,255,255,27,1764.618,"Floră",R,32,78,128,0.125,-0.356,0.254,1.635,-0.215,1.28,-36.338,41.019,0,100,0,2,177.347,-108.69,8.167,0,0,2,4,R,"인생최패망자",190,80,0.351,5,90,W,Y,1,1765.649,255,115,229,53,53,145,132,7.146,-62.636,0.024,0.924,-20.971,0.29,0,0.397,430.68,324.505,263.081,1768.358,78.752,-66.421,,,,,,0,0,,,,,,,,,,,,,,,,,,,,,,,,,,,,,,,,,,,,,,-0.237,-37.365,0.078,-17.622,-22.442,-46.268,-14.989,-60.209,18.052,-49.192,10.616,-65.941,40.915,-90.664,0,-109.85,-40.815,-90.564,-0.244,-36.696,,"NABIMan",0.017,-17.988,,"Fresh825",-22.176,-46.18,,"Sabo_10",-14.918,-60.001,,"Kr_Luna",18.16,-49.134,,"須磨-suma-",10.637,-65.917,,"AI",40.9,-90.65,,"AI",0,-109.84,,"AI",-40.8,-90.55,,,,,,,,,,,,,,,,,,,,,,,,,,,,,,,,,,,,,,,,,,,,,,,,,,,,,,,,"",3,0,"",,,,0,""
79,,3,0,4,0,1,2,1,0,0,0,255,255,255,28,1781.338,"Floră",R,26,86,139,-3.126,0.294,-0.045,1.543,-1.606,1.632,-36.338,20.002,0,100,0,1,186.439,-197.652,22.082,0,0,2,4,R,"인생최패망자",190,80,0.351,,90,W,Y,0,,,,,,,,,,,,,,,,,,,,,,,,,,,,0,0,,,,,,,,,,,,,,,,,,,,,,,,,,,,,,,,,,,,,,-0.332,-37.155,-0.002,-17.351,-21.51,-46.207,-14.798,-58.767,20.294,-47.907,10.824,-65.817,40.915,-90.664,0,-109.86,-40.815,-90.564,,,,"",,,,"",,,,"",,,,"",,,,"",,,,"",,,,"",,,,"",,,,,,,,,,,,,,,,,,,,,,,,,,,,,,,,,,,,,,,,,,,,,,,,,,,,,,,,,,"",0,0,"",,,,0,""
80,,3,0,4,0,2,2,1,0,0,0,255,255,255,29,1795.508,"Floră",R,32,86,139,-1.205,0.031,0.14,1.58,-0.744,1.588,-36.338,24.97,0,100,0,2,161.926,-50.988,6.419,0,0,2,4,R,"인생최패망자",190,80,0.351,5,90,W,Y,1,1796.51,245,165,138,110,57,145,119,16.546,-24.877,-0.219,1.048,-20.693,0.17,0,0.43,334.116,418.562,270.504,1801.758,34.046,-123.434,1803.291,7,29.906,0.054,-120.228,1,0,,1802.147,1806.567,,,,,,,,,,,,,,,,,,,,,,,,,,,,,1810.206,3,,,,,-0.155,-37.411,-0.04,-17.635,-21.283,-46.439,-14.903,-58.998,20.259,-48.022,10.7,-65.998,40.915,-90.664,0,-109.85,-40.815,-90.564,-0.117,-36.784,,"NABIMan",-0.095,-17.758,,"Fresh825",-21.448,-46.116,,"Sabo_10",-14.796,-58.613,91,"Kr_Luna",20.142,-48.108,,"須磨-suma-",10.589,-66.017,,"AI",40.9,-90.65,,"AI",0,-109.84,,"AI",-40.8,-90.55,,1812.64,0.215,-38.569,,,,,,,1808.236,0.233,-59.491,,,,,,,,,,,,,,,,,,,,,,,,,1811.633,0.531,-56.767,,,,,,,,,,,,,,,,"",2,0,"AI",1806.567,,,17,""
81,,3,0,4,0,0,0,1,0,1,0,255,14,255,30,1828.36,"Floră",R,13,82,120,-2.217,-1.486,0.217,1.631,-0.387,1.212,-36.338,36.927,0,100,0,4,-365.538,341.148,14.827,0,0,3,3,R,"mungjungh",166.4,84.096,0.299,,64,W,Y,1,,,,,,,,,,,,,,,,,,,,,,,,,,,,0,0,,,,,,,,,,,,,1840.909,,,,,,,,,,,,,,,,,,,,,,,,,-0.214,-37.35,0.125,-17.704,-21.893,-45.124,-10.625,-59.4,18.121,-46.199,5.008,-66.898,40.915,-90.664,0,-109.86,-40.818,-90.567,,,,"",,,,"",,,,"",,,,"",,,,"",,,,"",,,,"",,,,"",,,,1832.589,-0.689,-36.397,,,,,,,,,,,,,,,,,,,,,,,,,,,,,,,,,,,,,,,,,,,,,,,,,,,,"",0,0,"",1831.095,,,0,""
82,,3,0,4,0,0,1,1,0,1,0,255,14,255,31,1845.072,"Floră",R,3,67,97,0.211,-0.593,0.607,1.425,0.952,1.308,-36.338,33.92,0,91,9,2,-404.834,0,25.506,0,0,3,3,R,"mungjungh",166.4,84.096,0.299,0,64,W,Y,1,1846.123,157,121,16,56,32,49,54,28.419,19.454,0.083,0.77,-20.936,0.75,0,0.383,-487.432,-321.292,-138.499,1848.375,-8.321,-50.06,1848.541,3,-7.797,1.448,-47.931,0,0,,,,,,,,,,,,,1870.614,,1848.946,3,,452,0,,,,,,,,,,,,,,,,,,,0.208,-37.433,0.035,-17.657,-21.868,-45.137,-11.571,-58.253,18.023,-46.418,5.326,-66.205,40.915,-90.664,0,-109.85,-40.815,-90.564,0.123,-36.87,,"NABIMan",0.018,-17.751,,"Fresh825",-21.565,-44.93,,"Sabo_10",-11.895,-57.989,87,"Kr_Luna",18.431,-47.259,,"須磨-suma-",10.562,-65.148,,"AI",40.9,-90.65,,"AI",0,-109.84,,"AI",-40.8,-90.55,,1855.611,-4.222,-35.056,,,,,,,1848.954,-8.068,-48.626,,,,,,,,,,,,,,,,,,,,,,,,,1854.626,-7.442,-51.988,,,,,,,,,,,,,,,,"",1,0,"Sabo_10",1850.434,,,17,""
83,,3,0,4,0,0,0,2,0,1,0,255,14,255,32,1872.239,"Floră",R,3,75,102,-1.51,-0.678,0.355,1.475,0.17,1.492,-36.338,40.6,0,100,0,1,-423.591,203.276,11.37,0,0,4,1,R,"HANA_ARASHI",190,90,0.25,,44,W,Y,0,,,,,,,,,,,,,,,,,,,,,,,,,,,,0,0,,,,,,,,,,,,,1885.861,,,,,,,,,,,,,,,,,,,,,,,,,-0.102,-37.404,0.106,-17.949,-22.479,-46.969,-13.475,-60.547,18.751,-49.554,11.426,-65.939,40.915,-90.664,0,-109.86,-40.815,-90.564,,,,"",,,,"",,,,"",,,,"",,,,"",,,,"",,,,"",,,,"",,,,1877.621,-0.197,-36.8,,,,,,,,,,,,,,,,,,,,,,,,,,,,,,,,,,,,,,,,,,,,,,,,,,,,"",0,0,"",1875.061,,,0,""
84,,3,0,4,0,1,0,2,0,1,0,255,14,255,33,1889.105,"Floră",R,33,79,129,2.092,-0.568,0.451,1.423,0.701,1.244,-36.338,52.951,0,100,0,2,135.128,-12.293,0.353,0,0,4,1,R,"HANA_ARASHI",190,90,0.25,0,44,W,Y,1,1890.148,140,177,142,78,34,144,102,51.518,52.857,0.387,0.8,-20.359,-0.48,0,0.586,268.979,534.079,49.09,1895.041,-71.654,-59.363,,,,,,0,0,,,,,,,,,,,,,1905.64,,,,,,,,,,,,,,,,,,,,,,,,,-0.112,-37.865,0.008,-17.66,-22.11,-46.538,-13.399,-59.643,18.939,-46.31,-0.004,-62.787,40.915,-90.664,0,-109.85,-40.815,-90.564,-0.004,-36.647,,"NABIMan",0.084,-17.997,,"Fresh825",-21.887,-46.324,,"Sabo_10",-13.331,-59.443,,"Kr_Luna",18.12,-47.362,,"須磨-suma-",6.409,-62.217,,"AI",40.9,-90.65,,"AI",0,-109.84,,"AI",-40.8,-90.55,,,,,,,,,,,,,,,,,,,,,,,,,,,,,,,,,,,,,,,,,,,,,,,,,,,,,,,,"",3,0,"",1895.548,,,0,""
85,,3,0,4,0,1,1,2,0,1,0,255,14,255,34,1906.987,"Floră",R,33,83,134,1.066,0.691,0.359,1.659,0.272,2.008,-36.338,36.494,0,100,0,2,130.484,-42.075,4.103,0,0,4,1,R,"HANA_ARASHI",190,90,0.25,5,44,W,Y,1,1907.991,208,165,168,71,35,145,125,0,-64.056,0.198,1.309,-20.938,0.77,0,0.751,-522.45,-293.06,34.087,1908.266,21.136,-30.748,,,,,,0,0,,,,,,,,,,,,,1924.878,,,,,,,,,,,,,,,,,,,,,,,,,-0.11,-37.232,0.258,-17.767,-22.065,-46.109,-15.718,-59.243,19.809,-43.687,11.549,-66.065,40.907,-90.657,0,-109.85,-40.808,-90.557,0.067,-36.471,,"NABIMan",0.154,-17.791,,"Fresh825",-21.932,-45.96,,"Sabo_10",-15.572,-58.853,,"Kr_Luna",19.798,-43.726,,"須磨-suma-",12.614,-66.59,,"AI",40.9,-90.65,,"AI",0,-109.84,,"AI",-40.8,-90.55,,,,,,,,,,,,,,,,,,,,,,,,,,,,,,,,,,,,,,,,,,,,,,,,,,,,,,,,"",3,0,"",1912.184,,,0,""
86,,3,0,4,0,1,2,2,0,1,0,255,14,255,35,1925.556,"Floră",R,32,83,135,-0.659,-0.157,0.174,1.65,-0.585,1.333,-36.338,33.261,0,100,0,2,212.985,-200,15.502,0,0,4,1,R,"HANA_ARASHI",190,90,0.25,5,44,W,Y,1,1926.541,223,51,159,68,43,145,132,8.326,-13.299,-0.121,0.961,-20.446,0.48,0,0.596,543.515,246.453,62.069,1929.883,19.776,-122.857,1932.183,7,17.901,0.059,-127.371,1,16,,1932.656,1937.163,,,,,,1931.115,1936.011,,,,,1937.764,4,1,276,0,,,,,,,,,,,,,,,,,,,-0.203,-37.246,0.15,-17.226,-21.454,-45.664,-14.763,-59.692,18.141,-45.688,12.984,-64.477,40.915,-90.664,0,-109.85,-40.815,-90.564,-0.104,-36.556,,"NABIMan",0.078,-17.503,,"Fresh825",-21.328,-45.491,,"Sabo_10",-14.661,-59.476,,"Kr_Luna",18.189,-46.357,,"須磨-suma-",12.938,-64.454,,"AI",40.9,-90.65,,"AI",0,-109.84,,"AI",-40.8,-90.55,,,,,,,,,,,1937.214,0.263,-60.129,,,,,,,,,,,,,,,,,,,,,,,,,,,,,,,,,,,,,,,,,,,"",2,0,"AI",1937.163,1931.115,1936.011,1,""
87,SIDE,3,0,4,1,0,0,2,0,0,0,255,255,255,,1939.959,,,,,,,,,,,,,,,,,,,,,,,5,,,,,,,,,,,,,,,,,,,,,,,,,,,,,,,,,,,,,,,0,0,,,,,,,,,,,,,,,,,,,,,,,,,,,,,,,,,,,,,,,,,,,,,,,,,,,,,,,,,,,,,,,,,,,,,,,,,,,,,,,,,,,,,,,,,,,,,,,,,,,,,,,,,,,,,,,,,,,,,,,,,,,,,,,,,,,,,,,,,,,,,,,,,"",0,0,"",,,,0,""
88,,4,1,4,1,0,0,0,0,0,0,255,255,255,45,1981.52,"Yaksok~",R,3,65,106,4.059,-1.49,0.765,1.225,2.661,0.697,-36.444,56.554,6,94,0,2,-481.818,0,-4.739,0,0,4,0,R,"Floră",190,85,0.404,0,63,W,Y,1,1983.063,220,90,136,112,101,145,135,27.592,24.55,0.782,0.519,-21.157,0.37,0,0.427,153.595,429.682,389.593,1987.533,-61.111,-121.372,,,,,,0,0,,1989.34,1994.859,2000.07,2006.25,,,,,,,,,,,,,,,,,,,,,,,,,,,,,,,,,0.326,-37.873,-0.089,-17.52,-19.358,-44.524,-15.348,-64.513,17.958,-46.835,9.4,-66.819,40.9,-90.65,0,-109.84,-40.8,-90.55,0.233,-37.041,,"HANA_ARASHI",0.016,-17.815,,"Riyaj",-19.437,-44.471,,"mungjungh",-14.751,-63.205,,"인생최패망자",17.449,-46.388,,"P0TA0",9.273,-66.689,,"AI",40.905,-90.654,,"AI",0,-109.845,,"AI",-40.805,-90.554,,,,,,,,,,,,,,,,,,,,,,,,,,,,,,,,,,,,,,,,,,,,,,,,,,,,,,,,"",4,0,"",1994.859,2000.07,,0,""
89,,4,1,5,1,0,0,0,0,0,0,255,255,255,46,2021.834,"Yaksok~",R,33,76,127,3.987,-1.248,0.705,1.242,1.556,0.968,-36.444,55.791,0,82,18,1,123.082,102.644,-0.942,0,0,5,5,L,"須磨-suma-",179.7,80,0.594,,63,W,Y,0,,,,,,,,,,,,,,,,,,,,,,,,,,,,0,0,,,,,,,,,,,,,,,,,,,,,,,,,,,,,,,,,,,,,,0.266,-37.821,-0.018,-17.181,-19.217,-44.573,-11.026,-65.415,17.871,-45.192,13.658,-62.589,40.9,-90.65,0,-109.84,-40.8,-90.55,,,,"",,,,"",,,,"",,,,"",,,,"",,,,"",,,,"",,,,"",,,,,,,,,,,,,,,,,,,,,,,,,,,,,,,,,,,,,,,,,,,,,,,,,,,,,,,,,,"",0,0,"",,,,0,""
90,,4,1,5,1,1,0,0,0,0,0,255,255,255,47,2035.397,"Yaksok~",R,36,80,130,-0.836,0.084,0.366,1.418,-0.86,2.153,-36.444,22.543,0,74,26,2,82.787,103.801,3.937,0,0,5,5,L,"須磨-suma-",179.7,80,0.594,3,63,W,Y,1,2036.449,141,63,103,73,64,143,127,26.805,27.156,-0.301,1.318,-20.82,0.47,0,0.406,270.925,-278.25,-457.358,2041.5,-46.455,-129.938,,,,,,0,0,,2042.124,2046.857,2051.836,2056.87,,,,,,,,,,,,,,,,,,,,,,,,,,,,,,,,,0.23,-37.885,0.021,-17.515,-19.203,-44.383,-11.047,-65.405,17.34,-45.036,13.656,-62.628,40.9,-90.65,0,-109.84,-40.8,-90.55,-0.232,-36.811,,"HANA_ARASHI",-0.035,-17.552,,"Riyaj",-18.958,-44.644,,"mungjungh",-11.028,-65.39,,"인생최패망자",17.121,-44.577,,"P0TA0",13.622,-62.3,,"AI",40.904,-90.653,,"AI",0,-109.844,,"AI",-40.804,-90.553,,,,,,,,,,,,,,,,,,,,,,,,,,,,,,,,,,,,,,,,,,,,,,,,,,,,,,,,"",4,0,"",2046.857,2051.836,,0,""
91,,4,1,6,1,0,0,0,0,0,0,255,255,255,48,2070.418,"Yaksok~",R,33,85,138,0.563,-1.087,0.507,1.157,0.029,1.111,-36.444,45.617,5,64,31,2,147.662,116.738,5.045,0,0,0,3,L,"Sabo_10",174.9,88,0.452,5,63,W,Y,1,2071.549,194,110,113,95,25,145,115,0,-47.611,0.104,0.588,-20.424,0.88,0,0.441,200.179,-564.188,-40.253,2071.583,12.12,-30.978,,,,,,0,0,,,,,,,,,,,,,,,,,,,,,,,,,,,,,,,,,,,,,,0.201,-37.883,0.049,-17.002,-19.152,-45.511,-10.978,-65.397,17.515,-44.79,15.694,-62.531,40.9,-90.65,0,-109.84,-40.8,-90.55,-0.1,-36.462,,"HANA_ARASHI",0.023,-17.162,,"Riyaj",-19.278,-45.401,,"mungjungh",-10.979,-65.394,,"인생최패망자",16.909,-44.553,,"P0TA0",15.467,-62.272,,"AI",40.904,-90.653,,"AI",0,-109.844,,"AI",-40.804,-90.553,,,,,,,,,,,,,,,,,,,,,,,,,,,,,,,,,,,,,,,,,,,,,,,,,,,,,,,,"",3,0,"",,,,0,""
92,,4,1,6,1,0,1,0,0,0,0,255,255,255,49,2086.311,"Yaksok~",R,32,79,129,1.531,-0.137,0.605,1.273,0.406,1.627,-36.444,50.887,3,68,29,4,163.993,81.526,11.75,0,0,0,3,L,"Sabo_10",174.9,88,0.452,,63,W,Y,1,,,,,,,,,,,,,,,,,,,,,,,,,,,,0,0,,,,,,,,,,,,,,,,,,,,,,,,,,,,,,,,,,,,,,0.323,-37.849,-0.052,-16.87,-18.499,-44.25,-9.825,-65.271,17.155,-44.604,13.764,-62.386,40.9,-90.65,0,-109.84,-40.8,-90.55,,,,"",,,,"",,,,"",,,,"",,,,"",,,,"",,,,"",,,,"",,,,,,,,,,,,,,,,,,,,,,,,,,,,,,,,,,,,,,,,,,,,,,,,,,,,,,,,,,"",0,0,"",,,,0,""
93,,4,1,6,1,0,2,0,0,0,0,255,255,255,50,2100.364,"Yaksok~",R,2,67,108,1.471,-0.175,0.651,1.208,1.34,1.166,-36.444,58.685,0,78,22,0,-383.336,-312.348,15.715,0,0,0,3,L,"Sabo_10",174.9,88,0.452,,63,W,Y,0,,,,,,,,,,,,,,,,,,,,,,,,,,,,0,0,,,,,,,,,,,,,,,2102.893,0,,578,0,,,,,,,,,,,,,,,,,,,0.266,-37.842,-0.05,-17.185,-19.183,-44.613,-9.796,-65.963,17.377,-45.117,13.675,-62.504,40.9,-90.65,0,-109.84,-40.8,-90.55,,,,"",,,,"",,,,"",,,,"",,,,"",,,,"",,,,"",,,,"",,,,,,,,,,,,,,,,,,,,,,,,,,,,,,,,,,,,,,,,,,,,,,,,,,,,,,,,,,"",0,0,"",,,,0,""
94,,4,1,6,1,0,0,1,0,0,0,255,255,255,51,2123.423,"Yaksok~",R,3,81,121,-0.97,-0.056,0.55,1.303,0.209,1.585,-36.444,40.836,6,94,0,2,-403.82,0,2.423,0,0,1,4,L,"Kr_Luna",190,92.218,0.504,0,63,W,Y,0,2124.181,171,109,130,75,36,145,109,-2.225,-8.888,-0.182,0.998,-20.4,-0.17,0,0.13,532.593,-259.673,94.417,2124.183,2.299,-35.502,2125.841,5,7.027,0.059,-63.314,0,2,,2129.764,,,,,,,,,,,,,2129.878,1,,147,1,,,,,,,,,,,,,,,,,,,0.222,-38.064,0.02,-16.579,-19.259,-44.87,-9.776,-65.982,17.887,-45.482,13.672,-62.504,40.922,-90.671,0,-109.87,-40.822,-90.571,-0.062,-36.711,,"HANA_ARASHI",0.019,-16.581,,"Riyaj",-19.279,-44.742,85,"mungjungh",-9.795,-65.992,,"인생최패망자",17.885,-45.471,,"P0TA0",13.6,-62.401,96,"AI",40.9,-90.65,,"AI",0,-109.84,,"AI",-40.8,-90.55,,2132.354,0.664,-40.103,,,,2129.224,-18.487,-40.239,,,,,,,2126.285,7.464,-64.526,,,,,,,,,,,,,,,,2131.236,-17.58,-39.591,,,,,,,2127.776,1.286,-60.965,,,,,,,,,,"",2,0,"P0TA0",,,,35,""
95,,4,1,6,1,0,0,2,0,0,0,255,255,255,52,2145.956,"Yaksok~",R,3,76,117,5.514,-1,0.907,1.179,3.041,0.996,-36.444,75.845,3,97,0,1,-398.346,0,7.039,0,0,2,2,L,"Fresh825",190,80,0.2,,63,W,Y,0,,,,,,,,,,,,,,,,,,,,,,,,,,,,0,0,,,,,,,,,,,,,,,,,,,,,,,,,,,,,,,,,,,,,,0.294,-37.79,0.003,-17.072,-19.427,-44.846,-1.69,-68.08,17.638,-44.813,15.519,-63.648,40.93,-90.678,0,-109.87,-40.83,-90.577,,,,"",,,,"",,,,"",,,,"",,,,"",,,,"",,,,"",,,,"",,,,2150.913,-0.114,-37.074,,,,,,,,,,,,,,,,,,,,,,,,,,,,,,,,,,,,,,,,,,,,,,,,,,,,"",0,0,"",,,,0,""
96,,4,1,6,1,1,0,2,0,0,0,255,255,255,53,2157.896,"Yaksok~",R,33,82,134,3.053,-0.643,0.698,1.185,1.152,1.294,-36.444,54.694,0,57,43,2,111.34,75.648,0.286,0,0,2,2,L,"Fresh825",190,80,0.2,5,63,W,Y,1,2158.944,141,179,130,112,84,145,89,0,68.23,0.605,0.753,-20.641,1,0,0.143,-361.649,-468.914,96.59,2159.033,-10.901,-25.457,,,,,,0,0,,,,,,,,,,,,,,,,,,,,,,,,,,,,,,,,,,,,,,0.218,-37.746,-0.019,-17.133,-19.399,-45.231,-1.694,-68.05,17.707,-45.22,15.131,-63.353,40.915,-90.664,0,-109.85,-40.815,-90.564,0.39,-36.725,,"HANA_ARASHI",0.018,-17.16,,"Riyaj",-19.505,-45.166,,"mungjungh",-1.694,-68.059,,"인생최패망자",17.436,-44.791,,"P0TA0",15.017,-63.064,,"AI",40.9,-90.65,,"AI",0,-109.84,,"AI",-40.8,-90.55,,,,,,,,,,,,,,,,,,,,,,,,,,,,,,,,,,,,,,,,,,,,,,,,,,,,,,,,"",3,0,"",,,,0,""
97,,4,1,6,1,1,1,2,0,0,0,255,255,255,54,2171.802,"Yaksok~",R,33,63,117,2.62,-1.189,0.526,1.188,0.889,0.982,-36.444,52.808,0,70,30,4,141.207,89.696,3.685,0,0,2,2,L,"Fresh825",190,80,0.2,,62,W,Y,1,,,,,,,,,,,,,,,,,,,,,,,,,,,,0,0,,,,,,,,,,,,,,,,,,,,,,,,,,,,,,,,,,,,,,0.17,-37.753,-0.13,-16.988,-18.999,-45.419,-10.766,-65.966,18.312,-45.767,14.363,-63.776,40.915,-90.664,0,-109.86,-40.815,-90.564,,,,"",,,,"",,,,"",,,,"",,,,"",,,,"",,,,"",,,,"",,,,,,,,,,,,,,,,,,,,,,,,,,,,,,,,,,,,,,,,,,,,,,,,,,,,,,,,,,"",0,0,"",,,,0,""
98,,4,1,6,1,1,2,2,0,0,0,255,255,255,55,2184.709,"Yaksok~",R,2,83,108,-0.639,0.677,0.646,1.349,0.459,1.759,-36.444,44.349,2,98,0,2,-406.684,-280.046,17.178,0,0,2,2,L,"Fresh825",190,80,0.2,5,62,W,Y,1,2185.789,211,82,133,89,86,145,97,30.883,-83.092,-0.105,1.285,-20.584,-0.6,0,0.168,520.874,-183.291,-234.723,,,,,,,,,0,0,,,,,,,,,,,,,,,,,,,,,,,,,,,,,,,,,,,,,,0.162,-38.081,-0.048,-17.234,-19.104,-45.319,-10.752,-65.964,17.759,-45.011,14.859,-63.562,40.915,-90.664,0,-109.85,-40.815,-90.564,0.081,-36.632,,"HANA_ARASHI",-0.035,-17.255,,"Riyaj",-19.334,-45.066,,"mungjungh",-10.758,-65.963,,"인생최패망자",17.508,-44.673,,"P0TA0",14.52,-63.385,,"AI",40.9,-90.65,,"AI",0,-109.84,,"AI",-40.8,-90.55,,,,,,,,,,,,,,,,,,,,,,,,,,,,,,,,,,,,,,,,,,,,,,,,,,,,,,,,"",3,0,"",,,,0,""
99,,4,1,6,1,1,2,2,0,0,0,255,255,255,56,2198.619,"Yaksok~",R,32,78,129,2.214,-1.134,0.516,1.149,0.6,1.03,-36.444,60.327,2,82,15,2,236.21,117.482,11.227,0,0,2,2,L,"Fresh825",190,80,0.2,5,62,W,Y,1,2199.658,185,112,112,110,28,145,101,0,-75.729,0.418,0.535,-19.716,0.99,0,0.138,-426.175,-414.301,-82.031,2199.625,11.902,-22.482,,,,,,0,0,,,,,,,,,,,,,,,,,,,,,,,,,,,,,,,,,,,,,,0.075,-38.134,-0.068,-17.449,-19.392,-45.31,-10.515,-65.775,17.772,-45.301,14.636,-63.527,40.915,-90.664,0,-109.86,-40.815,-90.564,-0.258,-36.539,,"HANA_ARASHI",-0.063,-17.13,,"Riyaj",-19.362,-45.276,,"mungjungh",-10.507,-65.787,,"인생최패망자",17.526,-44.924,,"P0TA0",14.654,-63.35,,"AI",40.9,-90.65,,"AI",0,-109.84,,"AI",-40.8,-90.55,,,,,,,,,,,,,,,,,,,,,,,,,,,,,,,,,,,,,,,,,,,,,,,,,,,,,,,,"",3,0,"",,,,0,""
100,,4,1,6,1,1,2,2,0,0,0,255,255,255,57,2212.541,"Yaksok~",R,32,83,135,0.062,0.382,0.476,1.368,-0.214,1.966,-36.444,29.729,3,84,14,2,162.009,106.022,6.252,0,0,2,2,L,"Fresh825",190,80,0.2,0,62,W,Y,1,2213.596,160,56,62,83,52,137,87,2.307,-63.131,0.091,1.089,-18.857,1,0,0.133,-10.972,-599.4,-24.484,2213.958,16.727,-26.626,,,,,,0,0,,,,,,,,,,,,,,,,,,,,,,,,,,,,,,,,,,,,,,0.222,-38.138,-0.083,-17.285,-19.355,-43.898,-10.372,-65.308,16.971,-44.658,14.351,-63.67,40.915,-90.664,0,-109.86,-40.815,-90.564,-0.059,-36.467,,"HANA_ARASHI",-0.077,-17.292,,"Riyaj",-19.217,-43.995,,"mungjungh",-10.365,-65.314,,"인생최패망자",16.69,-44.287,,"P0TA0",14.883,-63.154,,"AI",40.9,-90.65,,"AI",0,-109.84,,"AI",-40.8,-90.55,,,,,,,,,,,,,,,,,,,,,,,,,,,,,,,,,,,,,,,,,,,,,,,,,,,,,,,,"",3,0,"",,,,0,""
101,,4,1,6,1,1,2,2,0,0,0,255,255,255,58,2227.095,"Yaksok~",R,3,84,124,-0.949,-0.874,0.551,1.17,0.257,1.071,-36.444,53.595,7,93,0,2,-442.812,0,9.711,0,0,2,2,L,"Fresh825",190,80,0.2,0,62,W,Y,1,2228.171,162,129,102,147,0,145,92,-58.481,57.353,-0.348,0.578,-19.577,-1,0,0.144,-293.592,523.185,8.984,2227.741,-0.844,-19.894,,,,,,0,0,,,,,,,,,,,,,,,,,,,,,,,,,,,,,,,,,,,,,,0.065,-38.131,-0.097,-17.249,-19.705,-44.147,-10.474,-64.812,17.451,-44.988,15.176,-62.964,40.915,-90.664,0,-109.86,-40.815,-90.564,-0.331,-36.483,,"HANA_ARASHI",-0.093,-17.314,,"Riyaj",-19.315,-44.269,,"mungjungh",-10.472,-64.809,,"인생최패망자",17.371,-44.833,,"P0TA0",15.153,-63.017,,"AI",40.9,-90.65,,"AI",0,-109.84,,"AI",-40.8,-90.55,,,,,,,,,,,,,,,,,,,,,,,,,,,,,,,,,,,,,,,,,,,,,,,,,,,,,,,,"",3,0,"",,,,0,""
102,,4,1,6,1,1,2,2,0,0,0,255,255,255,59,2238.674,"Yaksok~",R,3,86,125,-2,-0.489,0.509,1.283,-0.116,1.312,-36.444,37.631,0,100,0,2,-500,0,19.416,0,0,2,2,L,"Fresh825",190,80,0.2,5,62,W,Y,1,2239.744,134,99,136,107,94,141,87,1.905,-10.335,-0.353,0.846,-20.624,-1,0,0.135,-70.605,588.073,95.84,2240.091,2.297,-38.225,2244.175,7,6.822,0.058,-88.717,1,0,,2245.127,,,,,,,,,,,,,,,,,,,,,,,,,,,,,,,,,,,,0.227,-38.013,-0.075,-17.427,-19.146,-43.876,-10.875,-65.952,17.727,-44.991,15.15,-63.376,40.908,-90.657,0,-109.85,-40.808,-90.557,-0.391,-36.62,,"HANA_ARASHI",-0.072,-17.513,,"Riyaj",-18.863,-43.958,,"mungjungh",-10.865,-65.925,,"인생최패망자",17.419,-44.968,,"P0TA0",15.132,-63.076,,"AI",40.9,-90.65,,"AI",0,-109.84,,"AI",-40.8,-90.55,,2248.429,-4.316,-40.569,,,,,,,,,,,,,,,,,,,,,,,,,,,,,,,,,,,,,,,,,,,,,,,,,,,,"",2,0,"AI",,,,32,""
103,,4,1,6,1,0,0,2,1,0,0,2,255,255,60,2261.808,"Yaksok~",R,30,82,134,-0.385,-0.474,0.441,1.253,-0.031,1.28,-36.444,35.381,3,97,0,0,-109.829,-49.828,30.973,0,0,3,1,L,"NABIMan",190,83.228,0.48,,37,W,Y,0,,,,,,,,,,,,,,,,,,,,,,,,,,,,0,0,,,,,,,,,,,,2261.888,,,,,,,,,,,,,,,,,,,,,,,,,,0.229,-37.822,-0.171,-17.338,-19.502,-43.452,-10.039,-66.52,17.02,-44.123,13.249,-63.766,40.922,-90.67,0,-109.86,-40.822,-90.57,,,,"",,,,"",,,,"",,,,"",,,,"",,,,"",,,,"",,,,"",,,,2267.102,-0.28,-37.111,,,,,,,,,,,,,,,,,,,,,,,,,,,,,,,,,,,,,,,,,,,,,,,,,,,,"",0,0,"",,,,0,""
104,,4,1,6,1,0,1,2,1,0,0,2,255,255,61,2276.206,"Yaksok~",R,29,67,120,3.033,-0.514,0.54,1.201,1.709,1.103,-36.444,70.791,0,100,0,4,-250,-200,-5.917,0,0,3,1,L,"NABIMan",190,83.228,0.48,,37,W,Y,1,,,,,,,,,,,,,,,,,,,,,,,,,,,,0,8,,,,,,,,,,,,2276.36,,,,,,,,,,,,,,,,,,,,,,,,,,0.092,-37.661,-0.011,-17.326,-19.582,-42.817,-9.363,-65.784,16.926,-44.4,14.578,-62.217,40.915,-90.664,0,-109.86,-40.815,-90.564,,,,"",,,,"",,,,"",,,,"",,,,"",,,,"",,,,"",,,,"",,,,2285.534,-0.242,-37.489,,,,,,,,,,,,,,,,,,,,,,,,,,,,,,,,,,,,,,,,,,,,,,,,,,,,"",0,0,"",,,,0,""
105,,4,1,6,1,0,2,2,1,0,0,2,255,255,62,2297.208,"Yaksok~",R,33,84,137,2.418,-0.152,0.656,1.248,0.847,1.591,-36.444,56.131,0,80,20,4,136.499,65.282,5.934,0,0,3,1,L,"NABIMan",190,83.228,0.48,,37,W,Y,1,,,,,,,,,,,,,,,,,,,,,,,,,,,,0,0,,,,,,,,,,,,2297.586,,,2299.671,3,,578,0,,,,,,,,,,,,,,,,,,,0.277,-38.01,-0.016,-17.334,-19.22,-45.1,-8.953,-67.321,16.675,-44.241,14.671,-62.406,40.922,-90.671,0,-109.86,-40.822,-90.57,,,,"",,,,"",,,,"",,,,"",,,,"",,,,"",,,,"",,,,"",,,,,,,,,,,,,,,,,,,,,,,,,,,,,,,,,,,,,,,,,,,,,,,,,,,,,,,,,,"",0,0,"",,,,0,""
106,SIDE,4,1,6,1,0,0,2,1,0,0,2,255,255,,2304.421,,,,,,,,,,,,,,,,,,,,,,,4,,,,,,,,,,,,,,,,,,,,,,,,,,,,,,,,,,,,,,,0,0,,,,,,,,,,,,,,,,,,,,,,,,,,,,,,,,,,,,,,,,,,,,,,,,,,,,,,,,,,,,,,,,,,,,,,,,,,,,,,,,,,,,,,,,,,,,,,,,,,,,,,,,,,,,,,,,,,,,,,,,,,,,,,,,,,,,,,,,,,,,,,,,,"",0,0,"",,,,0,""
107,,4,0,6,1,0,0,0,0,0,0,255,255,255,36,2346.924,"Floră",R,3,75,116,-2.929,-0.423,0.173,1.607,-0.591,1.38,-36.338,23.581,0,100,0,1,-414.173,28.53,16.074,-1.09,-17.708,5,0,R,"Yaksok~",190,80,0.332,,62,W,Y,0,,,,,,,,,,,,,,,,,,,,,,,,,,,,0,0,,,,,,,,,,,,,,,,,,,,,,,,,,,,,,,,,,,,,,-0.167,-37.255,0.069,-17.35,-22.19,-46.461,-16.281,-58.057,18.554,-47.202,16.105,-63.579,40.952,-90.698,0,-109.89,-40.852,-90.598,,,,"",,,,"",,,,"",,,,"",,,,"",,,,"",,,,"",,,,"",,,,,,,,,,,,,,,,,,,,,,,,,,,,,,,,,,,,,,,,,,,,,,,,,,,,,,,,,,"",0,0,"",,,,0,""
108,,4,0,6,1,1,0,0,0,0,0,255,255,255,37,2360.19,"Floră",R,13,77,115,-1.307,-1.734,0.305,1.448,0.023,0.865,-36.338,37.385,0,100,0,4,-390.434,312.348,58.01,-1.254,-17.47,5,0,R,"Yaksok~",190,80,0.332,,62,W,Y,1,,,,,,,,,,,,,,,,,,,,,,,,,,,,0,0,,,,,,,,,,,,,,,,,,,,,,,,,,,,,,,,,,,,,,-0.084,-37.492,0.05,-17.217,-22.011,-46.685,-16.281,-58.695,18.842,-47.307,11.52,-65.738,40.907,-90.657,0,-109.85,-40.807,-90.557,,,,"",,,,"",,,,"",,,,"",,,,"",,,,"",,,,"",,,,"",,,,,,,,,,,,,,,,,,,,,,,,,,,,,,,,,,,,,,,,,,,,,,,,,,,,,,,,,,"",0,0,"",,,,0,""
109,,4,0,6,1,1,1,0,0,0,0,255,255,255,38,2376.787,"Floră",R,32,82,134,0.653,0.137,0.285,1.53,-0.071,1.588,-36.338,35.174,0,100,0,2,250,-126.824,10.492,0,0,5,0,R,"Yaksok~",190,80,0.332,3,62,W,Y,1,2377.743,208,150,84,87,35,145,114,25.709,30.022,0.039,1.137,-20.319,0.14,0,0.281,473.46,363.672,59.825,2382.275,-58.892,-103.924,2383.558,8,-61.347,0.716,-106.128,1,0,,2383.94,2388.381,,,,,,,,,,,,,,,,,,,,,,,,,,,,,,,,,,,-0.153,-37.258,0.243,-17.629,-21.955,-46.727,-15.885,-58.381,18.726,-47.24,11.563,-65.757,40.915,-90.664,0,-109.86,-40.815,-90.564,-0.035,-36.309,,"NABIMan",0.215,-17.624,,"Fresh825",-21.948,-46.345,,"Sabo_10",-16.099,-57.891,,"Kr_Luna",18.733,-47.248,,"須磨-suma-",11.579,-65.755,86,"AI",40.9,-90.65,,"AI",0,-109.84,,"AI",-40.8,-90.55,,2393.76,-1.238,-38.532,,,,,,,,,,,,,2389.043,-0.238,-59.143,,,,,,,,,,,,,,,,,,,,,,,,,2392.735,0.356,-55.261,,,,,,,,,,"",2,0,"AI",2388.381,,,48,""
110,,4,0,6,1,0,0,0,0,1,0,255,10,255,39,2409.495,"Floră",R,3,68,99,-3.462,0.258,0.062,1.631,-0.737,1.777,-36.338,14.83,0,100,0,1,-373.16,0,22.095,0,0,0,5,R,"P0TA0",174,96.215,0.525,,62,W,Y,0,,,,,,,,,,,,,,,,,,,,,,,,,,,,0,0,,,,,,,,,,,,,2423.644,,,,,,,,,,,,,,,,,,,,,,,,,-0.131,-37.332,0.221,-17.719,-21.002,-45.548,-16.474,-59.648,18.608,-48.028,3.787,-67.445,40.922,-90.671,0,-109.86,-40.822,-90.571,,,,"",,,,"",,,,"",,,,"",,,,"",,,,"",,,,"",,,,"",,,,2415.155,-0.236,-36.462,,,,,,,,,,,,,,,,,,,,,,,,,,,,,,,,,,,,,,,,,,,,,,,,,,,,"",0,0,"",2412.374,,,0,""
111,,4,0,6,1,1,0,0,0,1,0,255,10,255,40,2423.769,"Floră",R,3,74,102,-2.43,0.126,0.225,1.631,-0.232,1.701,-36.338,14.132,0,100,0,1,-407.976,2.905,28.904,0,0,0,5,R,"P0TA0",174,96.215,0.525,,62,W,Y,0,,,,,,,,,,,,,,,,,,,,,,,,,,,,0,0,,,,,,,,,,,,,2437.549,,,,,,,,,,,,,,,,,,,,,,,,,0.011,-37.319,0.235,-17.695,-20.628,-45.825,-16.346,-60.157,18.117,-47.84,8.267,-66.351,40.907,-90.657,0,-109.85,-40.807,-90.557,,,,"",,,,"",,,,"",,,,"",,,,"",,,,"",,,,"",,,,"",,,,2428.967,-0.624,-36.641,,,,,,,,,,,,,,,,,,,,,,,,,,,,,,,,,,,,,,,,,,,,,,,,,,,,"",0,0,"",2426.515,,,0,""
112,,4,0,6,1,2,0,0,0,1,0,255,10,255,41,2437.934,"Floră",R,33,87,140,-3.81,0.095,-0.092,1.62,-1.821,1.624,-36.338,14.972,0,100,0,1,124.492,-34.057,3.705,0,0,0,5,R,"P0TA0",174,96.215,0.525,,62,W,Y,0,,,,,,,,,,,,,,,,,,,,,,,,,,,,0,0,,,,,,,,,,,,,2452.437,,,,,,,,,,,,,,,,,,,,,,,,,-0.209,-37.529,0.202,-17.697,-20.38,-46.032,-16.193,-60.734,18.448,-47.174,9.996,-66.464,40.907,-90.657,0,-109.85,-40.807,-90.557,,,,"",,,,"",,,,"",,,,"",,,,"",,,,"",,,,"",,,,"",,,,2444.092,-0.45,-36.33,,,,,,,,,,,,,,,,,,,,,,,,,,,,,,,,,,,,,,,,,,,,,,,,,,,,"",0,0,"",2440.728,,,0,""
113,,4,0,6,1,3,0,0,0,1,0,255,10,255,42,2454.346,"Floră",R,33,84,136,0.644,-0.021,0.327,1.532,0.125,1.59,-36.338,41.84,0,100,0,0,106.991,-0.994,-0.728,-0.105,-18.095,0,5,R,"P0TA0",174,96.215,0.525,,62,W,Y,0,,,,,,,,,,,,,,,,,,,,,,,,,,,,0,0,,,,,,,,,,,,,2471.788,,,,,,,,,,,,,,,,,,,,,,,,,-0.191,-37.292,0.247,-17.76,-20.412,-46.065,-16.163,-60.758,18.417,-47.15,11.036,-65.774,40.915,-90.664,0,-109.85,-40.815,-90.564,,,,"",,,,"",,,,"",,,,"",,,,"",,,,"",,,,"",,,,"",,,,2462.066,-0.425,-36.976,,,,,,,,,,,,,,,,,,,,,,,,,,,,,,,,,,,,,,,,,,,,,,,,,,,,"",0,0,"",2457.923,,,0,""
114,,4,0,6,1,3,1,0,0,1,0,255,10,255,43,2472.719,"Floră",R,33,82,134,0.292,-0.403,0.282,1.659,-0.083,1.333,-36.338,36.466,0,100,0,2,144.895,-31.255,4.727,0,0,0,5,R,"P0TA0",174,96.215,0.525,5,62,W,Y,0,2473.651,210,38,101,33,22,145,101,14.967,-79.468,0.05,0.683,-18.939,0.94,0,0.094,383.883,278.55,-367.483,2475.941,60.038,-32.437,,,,,,0,0,,,,,,,,,,,,,2489.569,,,,,,,,,,,,,,,,,,,,,,,,,-0.196,-37.232,0.072,-17.508,-20.69,-45.741,-16.269,-60.378,18.176,-46.978,10.844,-65.625,40.915,-90.664,0,-109.85,-40.815,-90.564,-0.049,-36.733,,"NABIMan",-0.151,-17.754,,"Fresh825",-20.587,-45.499,,"Sabo_10",-16.384,-60.01,,"Kr_Luna",18.288,-47.675,,"須磨-suma-",10.847,-65.614,,"AI",40.9,-90.65,,"AI",0,-109.84,,"AI",-40.8,-90.55,,,,,,,,,,,,,,,,,,,,,,,,,,,,,,,,,,,,,,,,,,,,,,,,,,,,,,,,"",3,0,"",2476.886,,,0,""
115,,4,0,6,1,3,2,0,0,1,0,255,10,255,44,2489.628,"Floră",R,33,88,140,-0.888,0.5,0.182,1.611,-0.549,1.87,-36.338,27.996,0,100,0,2,119.648,-23.24,1.362,-1.647,-18.638,0,5,R,"P0TA0",174,96.215,0.525,5,62,W,Y,1,2490.501,255,165,146,73,45,145,129,2.348,-58.099,-0.175,1.05,-19.64,0.64,0,0.314,100.342,-573.801,143.819,2491.258,35.782,-39.88,,,,,,0,0,,,,,,,,,,,,,2506.109,,,,,,,,,,,,,,,,,,,,,,,,,-0.131,-37.455,-0.018,-18.004,-20.383,-45.837,-16.392,-60.821,19.105,-47.193,10.889,-65.71,40.915,-90.664,0,-109.86,-40.815,-90.564,0.039,-36.715,,"NABIMan",-0.246,-18.029,,"Fresh825",-20.565,-45.305,,"Sabo_10",-16.252,-60.665,,"Kr_Luna",18.939,-47.562,,"須磨-suma-",10.896,-65.734,,"AI",40.9,-90.65,,"AI",0,-109.84,,"AI",-40.8,-90.55,,,,,,,,,,,,,,,,,,,,,,,,,,,,,,,,,,,,,,,,,,,,,,,,,,,,,,,,"",3,0,"",2493.376,,,0,""
116,,4,0,6,1,3,2,0,0,1,0,255,10,255,45,2506.297,"Floră",R,3,57,92,3.998,-0.374,0.914,1.458,2.415,1.442,-36.338,49.698,0,100,0,3,-298.002,-77.077,8.225,0.471,-21.181,0,5,R,"P0TA0",174,96.215,0.525,,62,W,Y,0,,,,,,,,,,,,,,,,,,,,,,,,,,,,0,0,,2516.275,,,,,,,,,,,2531.599,,,,,,,,,,,,,,,,,,,,,,,,,0.285,-37.405,-0.041,-17.854,-20.237,-45.061,-16.324,-61.225,20.269,-45.217,10.599,-65.643,40.915,-90.664,0,-109.86,-40.815,-90.564,,,,"",,,,"",,,,"",,,,"",,,,"",,,,"",,,,"",,,,"",,,,,,,,,,,,,,,,,,,,,,,,,,,,,,,,,,,,,,,,,,,,,,,,,,,,,,,,,,"",6,0,"",2509.857,,,0,""
117,,4,0,6,1,0,0,0,1,1,0,15,10,255,46,2532.169,"Floră",R,3,64,95,1.257,0.011,0.753,1.65,1.405,1.653,-36.338,28.018,0,100,0,0,-398.784,6.432,23.695,0,0,1,2,R,"Riyaj",190,80,0.2,,62,W,Y,0,,,,,,,,,,,,,,,,,,,,,,,,,,,,0,0,,,,,,,,,,,,2545.832,2547.564,,,,,,,,,,,,,,,,,,,,,,,,,0.31,-37.48,0.072,-17.831,-20.017,-44.642,-16.179,-60.534,19.462,-47.291,8.093,-66.438,40.929,-90.677,0,-109.87,-40.829,-90.577,,,,"",,,,"",,,,"",,,,"",,,,"",,,,"",,,,"",,,,"",,,,,,,,,,,,,,,,,,,,,,,,,,,,,,,,,,,,,,,,,,,,,,,,,,,,,,,,,,"",0,0,"",2535.223,,,0,""
118,,4,0,6,1,0,1,0,1,1,0,15,10,255,47,2548.098,"Floră",R,3,64,96,1.875,0.535,0.806,1.697,1.569,1.972,-36.338,34.017,0,100,0,1,-362.409,0,20.196,0,0,1,2,R,"Riyaj",190,80,0.2,,62,W,Y,0,,,,,,,,,,,,,,,,,,,,,,,,,,,,0,0,,,,,,,,,,,,2559.921,,,,,,,,,,,,,,,,,,,,,,,,,,0.325,-37.44,-0.034,-17.657,-19.914,-44.629,-16.454,-60.492,19.453,-47.357,7.788,-66.539,40.915,-90.664,0,-109.85,-40.815,-90.564,,,,"",,,,"",,,,"",,,,"",,,,"",,,,"",,,,"",,,,"",,,,,,,,,,,,,,,,,,,,,,,,,,,,,,,,,,,,,,,,,,,,,,,,,,,,,,,,,,"",0,0,"",2551.09,,,0,""
119,,4,0,6,1,1,1,0,1,1,0,15,10,255,48,2562.062,"Floră",R,33,84,136,-0.526,0.631,0.212,1.656,-0.409,1.998,-36.338,23.754,0,100,0,2,127.128,-10.432,2.375,0,0,1,2,R,"Riyaj",190,80,0.2,0,62,W,Y,1,2563.001,255,173,28,52,0,105,110,6.862,2.416,-0.141,1.294,-20.617,0.51,0,0.586,365.701,473.335,-47.086,2565.075,-6.616,-83.432,2568.033,7,-12.953,0.056,-120.171,1,0,,2569.05,2588.054,,,2568.611,2581.681,2589.176,2569.592,2580.173,,,2562.588,,,,,,,,,,,,,,,,,,,,,,,,,-0.159,-37.251,0.024,-17.845,-19.449,-44.27,-16.011,-61.216,18.91,-46.259,7.597,-66.811,40.907,-90.657,0,-109.85,-40.807,-90.557,0.227,-36.782,120,"NABIMan",-0.056,-18.032,,"Fresh825",-19.338,-43.891,116,"Sabo_10",-16.281,-60.659,,"Kr_Luna",18.418,-47.745,100,"須磨-suma-",7.588,-66.828,85,"AI",40.9,-90.65,,"AI",0,-109.84,,"AI",-40.8,-90.55,,2573.348,-2.103,-47.857,,,,2579.205,-34.717,-38.375,,,,2587.357,40.419,-49.709,2589.378,18.656,-38.788,,,,,,,,,,2574.027,-6.024,-46.805,,,,2580.237,-30.324,-37.931,,,,2588.326,36.602,-48.426,2592.67,13.961,-37.555,,,,,,,,,,"",2,0,"AI",2568.611,2569.592,2580.173,54,""
120,,4,0,6,3,0,0,0,0,1,0,255,12,255,49,2613.702,"Floră",R,3,79,106,-1.265,0.299,0.383,1.668,0.257,1.814,-36.338,31.214,0,100,0,2,-436.445,0,2.518,0,0,2,4,R,"인생최패망자",190,80,0.351,0,62,W,Y,1,2614.875,255,134,155,100,42,145,126,27.325,4.063,-0.233,1.136,-20.445,0.75,0,0.316,532.97,210.342,178.042,2620.316,-15.062,-133.05,2621.133,7,-15.23,0.54,-131.532,1,4,,2620.674,2625.232,,,,,,2623.541,2629.414,,,2615.218,,2633.129,2,2,292,34,,,,,,,,,,,,,,,,,,,-0.026,-37.256,0.295,-17.465,-21.005,-47.035,-11.711,-61.602,19.069,-46.836,9.634,-66.509,40.93,-90.677,0,-109.86,-40.83,-90.578,-0.137,-36.829,,"NABIMan",-0.053,-17.772,,"Fresh825",-21.474,-46.898,,"Sabo_10",-11.4,-61.184,94,"Kr_Luna",19.13,-46.75,99,"須磨-suma-",9.649,-66.547,,"AI",40.9,-90.65,,"AI",0,-109.84,,"AI",-40.8,-90.55,,,,,,,,,,,2626.361,-0.334,-60.388,2629.54,18.56,-40.88,2632.834,0.123,-59.212,,,,,,,,,,,,,,,,,,,2628.49,2.777,-55.31,2632.082,9.145,-50.455,,,,,,,,,,,,,"",2,0,"AI",2625.232,2623.541,2629.414,35,""
121,SIDE,4,0,6,4,0,0,1,0,0,0,255,255,255,,2637.04,,,,,,,,,,,,,,,,,,,,,,,3,,,,,,,,,,,,,,,,,,,,,,,,,,,,,,,,,,,,,,,0,0,,,,,,,,,,,,,,,,,,,,,,,,,,,,,,,,,,,,,,,,,,,,,,,,,,,,,,,,,,,,,,,,,,,,,,,,,,,,,,,,,,,,,,,,,,,,,,,,,,,,,,,,,,,,,,,,,,,,,,,,,,,,,,,,,,,,,,,,,,,,,,,,,"",0,0,"",,,,0,""
122,,4,0,6,4,0,0,1,0,0,0,255,255,255,50,2689.112,"Floră",R,33,85,138,-2.328,0.436,0.045,1.706,-1.185,1.793,-36.338,17.678,0,100,0,4,125.872,-42.064,2.47,0,0,3,3,R,"mungjungh",166.4,84.096,0.299,,61,W,Y,1,,,,,,,,,,,,,,,,,,,,,,,,,,,,0,0,,,,,,,,,,,,,,,,,,,,,,,,,,,,,,,,,,,,,,-0.185,-37.129,0.231,-18.068,-22.383,-46.368,-13.931,-58.86,19.216,-49.096,6.231,-66.973,40.952,-90.698,0,-109.89,-40.852,-90.598,,,,"",,,,"",,,,"",,,,"",,,,"",,,,"",,,,"",,,,"",,,,,,,,,,,,,,,,,,,,,,,,,,,,,,,,,,,,,,,,,,,,,,,,,,,,,,,,,,"",0,0,"",,,,0,""
123,,4,0,6,4,0,1,1,0,0,0,255,255,255,51,2706.538,"Floră",R,3,62,94,0.662,0.179,0.53,1.581,1.022,1.73,-36.338,28.163,0,100,0,2,-341.996,0,10.373,0,0,3,3,R,"mungjungh",166.4,84.096,0.299,3,61,W,Y,1,2707.665,255,41,68,38,19,137,122,27.747,39.657,0.128,0.971,-20.639,0.34,0,0.291,386.142,403.583,219.123,2712.15,-72.814,-91.967,2713.783,8,-66.841,0.057,-86.939,0,0,,,,,2718.074,,,,,,,,,,,,,,,,,,,,,,,,,,,,,,,,,0.139,-37.323,0.009,-17.982,-22.462,-46.613,-14.22,-59.129,19.175,-49.101,6.078,-67.306,40.915,-90.664,0,-109.86,-40.815,-90.564,0.056,-36.89,,"NABIMan",0.044,-18.063,,"Fresh825",-22.236,-46.341,,"Sabo_10",-13.355,-58.584,,"Kr_Luna",18.977,-49.288,,"須磨-suma-",6.042,-67.288,,"AI",40.9,-90.65,,"AI",0,-109.84,,"AI",-40.8,-90.55,,,,,,,,,,,,,,,,,,,,,,,,,,,,,,,,,,,,,,,,,,,,,,,,,,,,,,,,"",3,0,"AI",,,,0,""
124,,4,0,6,4,0,2,1,0,0,0,255,255,255,52,2730.758,"Floră",R,3,79,107,-1.256,-0.107,0.356,1.748,0.172,1.648,-36.338,50.257,0,100,0,0,-394.171,66.566,8.282,0,0,3,3,R,"mungjungh",166.4,84.096,0.299,,61,W,Y,1,,,,,,,,,,,,,,,,,,,,,,,,,,,,0,8,,,,,,,,,,,,,,,2733.386,3,,578,0,,,,,,,,,,,,,,,,,2733.487,1,-0.194,-37.339,-0.024,-17.529,-21.895,-45.721,-13.385,-59.637,17.853,-48.586,7.643,-66.927,40.922,-90.671,0,-109.86,-40.815,-90.564,,,,"",,,,"",,,,"",,,,"",,,,"",,,,"",,,,"",,,,"",,,,,,,,,,,,,,,,,,,,,,,,,,,,,,,,,,,,,,,,,,,,,,,,,,,,,,,,,,"0:+1;3:+1",0,0,"",,,,0,""
125,,4,0,6,4,0,0,2,0,0,0,255,255,255,53,2751.76,"Floră",R,33,80,130,0.852,0.187,0.334,1.562,0.158,1.692,-36.338,47.212,0,100,0,2,140.627,-39.753,4.862,0,0,4,1,R,"HANA_ARASHI",190,90,0.25,5,61,W,Y,1,2752.835,159,117,130,62,32,145,98,-9.159,-29.02,0.158,1.095,-20.489,-0.57,0,0.649,488.181,338.409,84.611,2752.542,2.994,-25.662,2753.783,4,15.505,0.055,-45.908,0,0,,,,,,,,,,,,,,,2757.674,4,,147,2,,,,,,,,,,,,,,,,,,,-0.228,-37.412,0.218,-18.06,-21.577,-46.043,-13.974,-60.449,18.96,-49.828,7.696,-67.011,40.922,-90.67,0,-109.86,-40.822,-90.57,-0.051,-36.914,,"NABIMan",0.134,-18.238,,"Fresh825",-21.284,-45.801,,"Sabo_10",-13.909,-60.259,,"Kr_Luna",18.953,-49.819,104,"須磨-suma-",7.699,-67.009,,"AI",40.9,-90.65,,"AI",0,-109.84,,"AI",-40.8,-90.55,,,,,,,,2757.1,-18.647,-39.584,,,,2754.385,16.285,-47.141,,,,,,,,,,,,,,,,,,,,,,,,,2755.682,10.699,-44.476,,,,,,,,,,,,,"",2,0,"Kr_Luna",,,,6,""
126,SIDE,4,0,6,4,0,0,2,0,0,0,255,255,255,,2758.407,,,,,,,,,,,,,,,,,,,,,,,5,,,,,,,,,,,,,,,,,,,,,,,,,,,,,,,,,,,,,,,0,0,,,,,,,,,,,,,,,,,,,,,,,,,,,,,,,,,,,,,,,,,,,,,,,,,,,,,,,,,,,,,,,,,,,,,,,,,,,,,,,,,,,,,,,,,,,,,,,,,,,,,,,,,,,,,,,,,,,,,,,,,,,,,,,,,,,,,,,,,,,,,,,,,"",0,0,"",,,,0,""
127,,5,1,6,4,0,0,0,0,0,0,255,255,255,63,2796.133,"Yaksok~",R,32,75,126,2.029,-1.563,0.584,1.217,0.434,1.251,-36.444,40.359,8,53,39,2,157.084,116.625,6.286,0,0,4,0,R,"Floră",190,85,0.404,0,61,W,Y,1,2797.426,204,104,123,22,0,145,92,58.331,22.392,0.29,0.689,-19.969,-0.99,0,0.589,585.777,108.271,-71.714,2803.275,-22.407,-67.665,2803.466,3,-21.916,2.547,-66.621,0,0,,2804.637,,,,,,,,,,,,,2803.903,4,,452,0,,,,,,,,,,,,,,,,,,,0.42,-37.932,-0.045,-17.299,-18.986,-44.215,-15.675,-63.029,17.934,-45.708,13.299,-65.016,40.9,-90.65,0,-109.84,-40.8,-90.55,0.041,-36.594,,"HANA_ARASHI",-0.006,-17.306,,"Riyaj",-19.005,-44.077,,"mungjungh",-16.118,-63.729,,"인생최패망자",16.738,-45.706,,"P0TA0",10.084,-65.685,,"AI",40.904,-90.654,,"AI",0,-109.845,,"AI",-40.804,-90.554,,,,,,,,,,,2803.913,-22.148,-66.984,,,,,,,,,,,,,,,,,,,,,,,,,,,,,,,,,,,,,,,,,,,"",1,0,"mungjungh",,,,8,""
128,,5,1,6,4,0,0,1,0,0,0,255,255,255,64,2822.034,"Yaksok~",R,3,83,110,-0.651,0.089,0.672,1.31,0.46,1.684,-36.444,47.947,3,97,0,0,-420.321,0,5.647,0,0,5,5,L,"須磨-suma-",179.7,80,0.594,,61,W,Y,0,,,,,,,,,,,,,,,,,,,,,,,,,,,,0,0,,,,,,,,,,,,,,,,,,,,,,,,,,,,,,,,,,,,,,0.356,-37.987,-0.103,-17.494,-18.969,-44.81,-12.766,-64.699,17.494,-44.085,15.318,-61.29,40.9,-90.65,0,-109.84,-40.8,-90.55,,,,"",,,,"",,,,"",,,,"",,,,"",,,,"",,,,"",,,,"",,,,,,,,,,,,,,,,,,,,,,,,,,,,,,,,,,,,,,,,,,,,,,,,,,,,,,,,,,"",0,0,"",,,,0,""
129,,5,1,6,4,0,1,1,0,0,0,255,255,255,65,2835.308,"Yaksok~",R,3,81,121,-0.611,0.329,0.633,1.36,0.357,1.811,-36.444,31.819,0,86,14,2,-399.993,0,7.35,0,0,5,5,L,"須磨-suma-",179.7,80,0.594,3,61,W,Y,1,2836.346,255,164,103,83,48,145,83,-6.721,34.683,-0.35,1.007,-21.244,1,0,0.372,-269.487,-356.373,400.469,2836.225,-4.258,-26.992,2837.5,2,-15.494,0.055,-42.104,0,0,,,,,,,,,,,,,,,2839.877,5,,147,0,,,,,,,,,,,2839.302,2,,,,,,,0.405,-37.843,-0.048,-17.472,-19.61,-45.533,-12.685,-65.03,17.423,-44.492,14.644,-61.451,40.9,-90.65,0,-109.84,-40.8,-90.55,-0.129,-36.669,,"HANA_ARASHI",-0.09,-17.512,,"Riyaj",-19.585,-45.482,91,"mungjungh",-12.684,-65.025,,"인생최패망자",17.176,-44.197,,"P0TA0",14.566,-61.305,,"AI",40.903,-90.653,,"AI",0,-109.844,,"AI",-40.803,-90.553,,2841.856,0.618,-37.419,,,,2837.926,-16.518,-43.539,,,,,,,,,,,,,,,,,,,,,,,,,2840.766,-14.739,-41.621,,,,,,,,,,,,,,,,,,,"",2,0,"Riyaj",,,,34,""
130,,5,1,6,4,0,0,2,0,0,0,255,255,255,66,2855.242,"Yaksok~",R,3,80,118,1.676,-0.152,0.833,1.278,1.522,1.531,-36.444,53.901,0,100,0,2,-493.702,0,8.691,0,0,0,3,L,"Sabo_10",174.9,88,0.452,5,61,W,Y,1,2856.271,252,84,101,116,54,145,129,113.068,27.211,0.33,0.908,-20.722,0.57,0,0.342,507.781,-241.069,-209.868,,,,,,,,,0,0,,,,,,,,,,,,,,,,,,,,,,,,,,,,,,,,,,,,,,0.421,-37.956,-0.044,-17.382,-19.429,-44.947,-2.54,-68.03,17.688,-45.14,14.257,-61.58,40.9,-90.65,0,-109.84,-40.8,-90.55,0.002,-36.667,,"HANA_ARASHI",0.043,-17.388,,"Riyaj",-19.23,-44.906,,"mungjungh",-2.433,-68.058,,"인생최패망자",17.362,-44.769,,"P0TA0",14.433,-60.953,,"AI",40.903,-90.653,,"AI",0,-109.844,,"AI",-40.803,-90.553,,,,,,,,,,,,,,,,,,,,,,,,,,,,,,,,,,,,,,,,,,,,,,,,,,,,,,,,"",3,0,"",,,,0,""
131,,5,1,6,4,0,1,2,0,0,0,255,255,255,67,2871.264,"Yaksok~",R,33,83,135,2.127,-0.344,0.67,1.228,0.725,1.518,-36.444,44.953,7,42,51,2,129.517,93.465,6.511,0,0,0,3,L,"Sabo_10",174.9,88,0.452,5,61,W,Y,1,2872.164,158,99,105,106,37,145,95,30.625,-76.789,0.391,0.813,-20.159,0.99,0,0.428,432.664,-302.8,284.805,,,,,,,,,0,0,,,,,,,,,,,,,,,,,,,,,,,,,,,,,,,,,,,,,,0.397,-37.875,-0.001,-17.282,-19.056,-44.214,-2.447,-68.09,17.102,-44.386,15.815,-61.879,40.9,-90.65,0,-109.84,-40.8,-90.55,0.252,-36.581,,"HANA_ARASHI",-0.05,-17.467,,"Riyaj",-19.026,-44.229,,"mungjungh",-2.444,-68.085,,"인생최패망자",16.89,-44.183,,"P0TA0",15.859,-61.573,,"AI",40.903,-90.653,,"AI",0,-109.843,,"AI",-40.803,-90.553,,,,,,,,,,,,,,,,,,,,,,,,,,,,,,,,,,,,,,,,,,,,,,,,,,,,,,,,"",3,0,"",,,,0,""
132,,5,1,6,4,0,2,2,0,0,0,255,255,255,68,2885.252,"Yaksok~",R,3,80,122,-0.668,-0.003,0.57,1.265,0.197,1.612,-36.444,39.408,2,59,38,2,-318.383,0,6.711,0,0,0,3,L,"Sabo_10",174.9,88,0.452,5,61,W,Y,1,2886.105,240,68,115,97,53,145,129,0,58.688,-0.077,0.976,-21.138,0.43,0,0.493,-518.473,134.002,270.61,2886.066,-15.62,-30.483,,,,,,0,0,,,,,,,,,,,,,,,,,,,,,,,,,,,,,,,,,,,,,,0.335,-37.881,0.003,-17.515,-19.416,-45.397,-2.448,-68.109,17.857,-44.971,16.726,-61.14,40.9,-90.65,0,-109.84,-40.8,-90.55,-0.442,-36.809,,"HANA_ARASHI",-0.035,-17.524,,"Riyaj",-19.422,-45.254,,"mungjungh",-2.443,-68.088,,"인생최패망자",17.511,-45.233,,"P0TA0",16.67,-61.003,,"AI",40.903,-90.653,,"AI",0,-109.843,,"AI",-40.803,-90.553,,,,,,,,,,,,,,,,,,,,,,,,,,,,,,,,,,,,,,,,,,,,,,,,,,,,,,,,"",3,0,"",,,,0,""
133,,5,1,6,4,0,2,2,0,0,0,255,255,255,69,2898.766,"Yaksok~",R,5,86,138,-2.384,1.603,0.243,1.602,-0.956,2.539,-36.444,14.583,30,70,0,4,-66.28,0,3.993,0,0,0,3,L,"Sabo_10",174.9,88,0.452,,61,W,Y,1,,,,,,,,,,,,,,,,,,,,,,,,,,,,0,0,,,,,,,,,,,,,,,2901.343,0,,578,0,,,,,,,,,,,,,,,,,,,0.284,-37.712,0.011,-17.564,-19.636,-45.211,-4.633,-68.073,18.076,-45.722,16.759,-61.192,40.9,-90.65,0,-109.84,-40.8,-90.55,,,,"",,,,"",,,,"",,,,"",,,,"",,,,"",,,,"",,,,"",,,,,,,,,,,,,,,,,,,,,,,,,,,,,,,,,,,,,,,,,,,,,,,,,,,,,,,,,,"",0,0,"",,,,0,""
134,,5,0,6,4,0,0,0,0,0,0,255,255,255,54,2958.361,"Floră",R,3,77,103,-1.99,-0.036,0.317,1.53,0.054,1.611,-36.338,25.643,0,100,0,2,-468.182,0,27.565,0,0,5,0,R,"Yaksok~",190,80,0.332,3,61,W,Y,1,2959.335,117,186,104,113,98,137,82,-30,65.445,-0.28,1.077,-21.329,1,0,0.164,-88.102,578.055,-134.501,2959.05,-3.857,-22.93,,,,,,0,0,,,,,,,,,,,,,,,,,,,,,,,,,,,,,,,,,,,,,,0.025,-37.57,0.038,-17.596,-21.799,-45.698,-16.682,-58.93,20.13,-49.575,13.859,-64.639,40.959,-90.705,0,-109.91,-40.859,-90.604,0.044,-36.594,,"NABIMan",-0.161,-17.865,,"Fresh825",-21.863,-45.286,,"Sabo_10",-16.332,-58.53,,"Kr_Luna",19.877,-49.936,,"須磨-suma-",13.855,-64.607,,"AI",40.9,-90.65,,"AI",0,-109.84,,"AI",-40.8,-90.55,,,,,,,,,,,,,,,,,,,,,,,,,,,,,,,,,,,,,,,,,,,,,,,,,,,,,,,,"",3,0,"",,,,0,""
135,,5,0,6,4,0,1,0,0,0,0,255,255,255,55,2974.032,"Floră",R,33,83,134,-1.445,0.305,0.13,1.583,-0.79,1.76,-36.338,32.326,0,100,0,2,112.128,-49.283,2.744,0,0,5,0,R,"Yaksok~",190,80,0.332,3,61,W,Y,1,2974.968,170,123,123,92,27,145,87,27.645,60.558,-0.269,1.133,-20.353,1,0,0.168,412.95,421.122,-110.13,2977.733,-53.985,-45.75,,,,,,0,0,,,,,,,,,,,,,,,,,,,,,,,,,,,,,,,,,,,,,,-0.262,-37.256,-0.458,-17.514,-21.444,-45.88,-17.221,-58.38,20.271,-48.565,6.209,-66.897,40.915,-90.664,0,-109.85,-40.815,-90.564,-0.251,-36.672,,"NABIMan",-0.204,-17.661,,"Fresh825",-21.266,-45.707,,"Sabo_10",-17.108,-58.254,,"Kr_Luna",20.25,-48.616,,"須磨-suma-",6.041,-66.913,,"AI",40.9,-90.65,,"AI",0,-109.84,,"AI",-40.8,-90.55,,,,,,,,,,,,,,,,,,,,,,,,,,,,,,,,,,,,,,,,,,,,,,,,,,,,,,,,"",3,0,"",,,,0,""
136,,5,0,6,4,0,2,0,0,0,0,255,255,255,56,2989.205,"Floră",R,33,88,140,0.127,-0.13,0.272,1.507,-0.132,1.513,-36.338,23.305,0,100,0,0,136.185,-22.761,-2.37,0,0,5,0,R,"Yaksok~",190,80,0.332,,61,W,Y,0,,,,,,,,,,,,,,,,,,,,,,,,,,,,0,0,,,,,,,,,,,,,,,2991.672,5,,578,0,,,,,,,,,,,,,,,,,,,-0.044,-37.24,-1.11,-17.382,-22.262,-46.814,-18.177,-59.967,20.303,-48.517,4.216,-67.501,40.915,-90.664,0,-109.85,-40.815,-90.564,,,,"",,,,"",,,,"",,,,"",,,,"",,,,"",,,,"",,,,"",,,,,,,,,,,,,,,,,,,,,,,,,,,,,,,,,,,,,,,,,,,,,,,,,,,,,,,,,,"",0,0,"",,,,0,""
137,,5,0,6,4,0,0,1,0,0,0,255,255,255,57,3012.751,"Floră",R,3,74,101,3.182,-1.355,0.733,1.547,2.272,1.006,-36.338,43.931,0,100,0,1,-448.777,105.392,23.403,0.322,-18.196,0,5,R,"P0TA0",174,96.215,0.525,,61,W,Y,0,,,,,,,,,,,,,,,,,,,,,,,,,,,,0,0,,,,,,,,,,,,,,,,,,,,,,,,,,,,,,,,,,,,,,0.131,-37.547,-0.189,-17.803,-22.376,-46.301,-16.574,-59.242,19.891,-48.864,11.135,-65.547,40.922,-90.67,0,-109.86,-40.822,-90.57,,,,"",,,,"",,,,"",,,,"",,,,"",,,,"",,,,"",,,,"",,,,,,,,,,,,,,,,,,,,,,,,,,,,,,,,,,,,,,,,,,,,,,,,,,,,,,,,,,"",0,0,"",,,,0,""
138,,5,0,6,4,1,0,1,0,0,0,255,255,255,58,3026.622,"Floră",R,33,86,140,-0.683,-0.077,0.2,1.52,-0.467,1.547,-36.338,25.317,0,100,0,2,124.532,-14.683,1.909,0,0,0,5,R,"P0TA0",174,96.215,0.525,3,61,W,Y,0,3027.534,255,61,148,113,38,145,81,23.159,8.193,-0.135,0.86,-19.64,-1,0,0.25,-27.849,-598.655,28.928,3030.866,-1.446,-80.083,3032.091,7,-0.43,0.271,-90.03,1,0,,3033.205,3054.53,3061.56,,,,,,,,,,,,,,,,,,,,,,,,,,3053.612,2,,,,,,,-0.163,-37.264,-0.047,-17.942,-22.423,-46.35,-16.582,-59.237,19.874,-48.851,11.203,-65.439,40.907,-90.657,0,-109.85,-40.807,-90.557,0.03,-36.516,120,"NABIMan",-0.015,-17.972,,"Fresh825",-22.332,-46.189,120,"Sabo_10",-16.532,-59.06,90,"Kr_Luna",19.843,-48.916,61,"須磨-suma-",11.211,-65.464,,"AI",40.9,-90.65,,"AI",0,-109.84,,"AI",-40.8,-90.55,,3039.514,-0.004,-39.093,,,,3053.409,-18.156,-39.771,3035.524,-0.095,-59.398,3065.39,22.649,-47.534,,,,,,,,,,,,,3052.666,-1.992,-38.852,,,,3054.021,-16.862,-43.466,3038.555,-0.088,-56.205,3070.353,18.603,-40.643,,,,,,,,,,,,,"",2,0,"AI",3054.53,3061.56,,23,""
139,,5,0,6,4,0,0,1,0,0,1,255,255,15,59,3084.12,"Floră",R,34,82,133,2.232,0.594,0.479,1.648,0.834,1.973,-36.338,59.316,0,100,0,4,88.351,-12.198,0.563,0.767,-17.999,1,2,R,"Riyaj",190,80,0.2,,44,W,Y,1,,,,,,,,,,,,,,,,,,,,,,,,,,,,0,0,,,,,,,,,,,,,,3096.403,,,,,,,,,,,,,,,,,,,,,,,,-0.127,-37.273,-0.091,-17.648,-21.725,-46.171,-13.666,-59.171,19.158,-43.033,9.714,-66.493,40.92,-90.668,0,-109.86,-40.815,-90.564,,,,"",,,,"",,,,"",,,,"",,,,"",,,,"",,,,"",,,,"",,,,3089.478,-0.448,-36.319,,,,,,,,,,,,,,,,,,,,,,,,,,,,,,,,,,,,,,,,,,,,,,,,,,,,"",0,0,"",,3086.126,,0,""
140,,5,0,6,4,0,1,1,0,0,1,255,255,15,60,3100.324,"Floră",R,33,87,140,-1.414,-0.555,0.13,1.621,-0.792,1.237,-36.338,20.679,0,100,0,0,131.193,-23.74,0.463,0,0,1,2,R,"Riyaj",190,80,0.2,,44,W,Y,1,,,,,,,,,,,,,,,,,,,,,,,,,,,,0,0,,,,,,,,,,,,,,,,,,,,,,,,,,,,,,,,,,,,,,-0.148,-37.414,0.119,-17.665,-21.554,-46.548,-13.556,-58.593,19.517,-43.03,9.513,-66.628,40.915,-90.664,0,-109.85,-40.815,-90.564,,,,"",,,,"",,,,"",,,,"",,,,"",,,,"",,,,"",,,,"",,,,3104.787,-0.365,-36.629,,,,,,,,,,,,,,,,,,,,,,,,,,,,,,,,,,,,,,,,,,,,,,,,,,,,"5:+1",0,0,"",,3102.586,,0,""
141,,5,0,6,4,0,2,1,0,0,1,255,255,15,61,3115.314,"Floră",R,13,81,119,-3.062,-1.62,0.144,1.537,-0.726,0.963,-36.338,25.925,0,100,0,4,-377.74,327.587,8.051,0,0,1,2,R,"Riyaj",190,80,0.2,,44,W,Y,1,,,,,,,,,,,,,,,,,,,,,,,,,,,,0,0,,,,,,,,,,,,,,3115.415,3117.896,1,,578,0,,,,,,,,,,,,,,,,,,,-0.184,-37.264,-0.747,-17.745,-21.74,-46.388,-13.776,-58.743,19.543,-43.027,9.752,-66.576,40.915,-90.664,0,-109.85,-40.815,-90.564,,,,"",,,,"",,,,"",,,,"",,,,"",,,,"",,,,"",,,,"",,,,3119.7,-0.963,-36.587,,,,,,,,,,,,,,,,,,,,,,,,,,,,,,,,,,,,,,,,,,,,,,,,,,,,"",0,0,"",,3117.832,,0,""
142,,5,0,6,4,0,0,2,0,0,1,255,255,15,62,3159.257,"Floră",R,13,79,104,-1.136,-1.015,0.363,1.642,0.197,1.42,-36.338,40.391,0,100,0,4,-364.188,318.782,4.473,-1.196,-18.747,2,4,R,"인생최패망자",190,80,0.351,,60,W,Y,1,,,,,,,,,,,,,,,,,,,,,,,,,,,,0,0,,,,,,,,,,,,,,3176.333,,,,,,,,,,,,,,,,,,,,,,,,-0.151,-37.318,0.217,-17.75,-21.927,-46.961,-12.485,-58.178,19.676,-41.382,9.72,-66.559,40.959,-90.705,0,-109.9,-40.859,-90.604,,,,"",,,,"",,,,"",,,,"",,,,"",,,,"",,,,"",,,,"",,,,3165.438,0.004,-36.445,,,,,,,,,,,,,,,,,,,,,,,,,,,,,,,,,,,,,,,,,,,,,,,,,,,,"",0,0,"",,3161.821,,0,""
143,,5,0,6,4,0,1,2,0,0,1,255,255,15,63,3179.347,"Floră",R,33,84,137,-1.146,-0.378,0.157,1.658,-0.665,1.357,-36.338,36.831,0,100,0,2,118.94,-12.347,3.99,0,0,2,4,R,"인생최패망자",190,80,0.351,0,60,W,Y,1,3180.407,238,180,136,128,54,145,135,-1.036,-17.55,-0.204,0.913,-20.921,0.56,0,0.428,-89.329,591.93,-40.485,3180.433,4.68,-37.486,3187.258,7,28.484,0.057,-126.651,1,0,,3185.887,3190.202,,,,,,,,3184.669,,,,,,,,,,,,,,,,,,,,,,,,,,,-0.307,-37.357,0.25,-17.724,-22.291,-46.638,-12.653,-59.282,19.951,-42.39,9.743,-66.52,40.922,-90.671,0,-109.86,-40.822,-90.571,-0.24,-36.486,,"NABIMan",-0.016,-17.817,,"Fresh825",-21.966,-46.562,,"Sabo_10",-12.57,-59.171,92,"Kr_Luna",17.972,-45.061,,"須磨-suma-",9.516,-66.555,,"AI",40.9,-90.65,,"AI",0,-109.84,,"AI",-40.8,-90.55,,3196.57,-0.031,-39.503,,,,,,,3192.511,0.116,-59.745,,,,,,,,,,,,,,,,,,,,,,,,,3195.63,0.14,-56.807,,,,,,,,,,,,,,,,"",2,0,"AI",3190.202,,3184.669,17,""
144,,5,0,6,5,0,0,2,0,1,0,255,14,255,64,3212.839,"Floră",R,3,72,101,1.029,-0.708,0.704,1.614,1.254,1.319,-36.338,42.84,0,100,0,0,-413.736,55.386,17.241,0,0,3,3,R,"mungjungh",166.4,86.989,0.299,,60,W,Y,1,,,,,,,,,,,,,,,,,,,,,,,,,,,,0,0,,,,,,,,,,,,,3225.715,,,,,,,,,,,,,,,,,,,,,,,,,0.073,-37.49,0.202,-17.799,-21.815,-46.643,-12.041,-59.415,18.641,-47.358,8.967,-67.086,40.915,-90.664,0.002,-109.851,-40.815,-90.564,,,,"",,,,"",,,,"",,,,"",,,,"",,,,"",,,,"",,,,"",,,,3218.669,-0.451,-36.596,,,,,,,,,,,,,,,,,,,,,,,,,,,,,,,,,,,,,,,,,,,,,,,,,,,,"",0,0,"",3216.284,,,0,""
145,,5,0,6,5,0,1,2,0,1,0,255,14,255,65,3229.654,"Floră",R,33,85,138,-0.377,-0.128,0.222,1.512,-0.364,1.514,-36.338,38.94,0,100,0,2,143.783,-17.581,3.547,0,0,3,3,R,"mungjungh",166.4,86.989,0.299,5,60,W,Y,1,3230.577,141,60,69,55,17,137,117,30.893,-65.478,-0.078,0.785,-19.371,0.72,0,0.386,306.894,351.737,-376.958,3234.891,85.638,-64.935,,,,,,0,0,,,,,,,,,,,,,3246.297,,,,,,,,,,,,,,,,,,,,,,,,,-0.143,-37.663,0.074,-17.637,-21.803,-46.642,-12.739,-58.848,17.746,-46.486,6.794,-68.114,40.908,-90.657,0,-109.85,-40.808,-90.557,-0.079,-36.742,,"NABIMan",0.056,-17.638,,"Fresh825",-21.595,-46.353,,"Sabo_10",-12.986,-58.016,,"Kr_Luna",17.72,-46.568,,"須磨-suma-",8.456,-67.632,,"AI",40.9,-90.65,,"AI",0,-109.84,,"AI",-40.8,-90.55,,,,,,,,,,,,,,,,,,,,,,,,,,,,,,,,,,,,,,,,,,,,,,,,,,,,,,,,"",3,0,"",3235.341,,,0,""
146,,5,0,6,5,0,2,2,0,1,0,255,14,255,66,3248.494,"Floră",R,33,88,140,-0.026,-1.001,0.254,1.58,-0.213,1.025,-36.338,29.595,0,100,0,0,147.292,-18.184,2.518,0.23,-17.838,3,3,R,"mungjungh",166.4,86.989,0.299,,60,W,Y,1,,,,,,,,,,,,,,,,,,,,,,,,,,,,0,8,,,,,,,,,,,,,,,3252.196,3,,274,0,,,,,,,,,,,,,,,,,,,-0.076,-37.307,-0.704,-17.766,-22.425,-47.022,-13.498,-59.274,18.801,-45.408,9.843,-66.727,40.915,-90.664,0,-109.84,-40.815,-90.564,,,,"",,,,"",,,,"",,,,"",,,,"",,,,"",,,,"",,,,"",,,,,,,,,,,,,,,,,,,,,,,,,,,,,,,,,,,,,,,,,,,,,,,,,,,,,,,,,,"",0,0,"",,,,0,""
147,SIDE,5,0,6,5,0,0,2,0,1,0,255,14,255,,3253.604,,,,,,,,,,,,,,,,,,,,,,,4,,,,,,,,,,,,,,,,,,,,,,,,,,,,,,,,,,,,,,,0,0,,,,,,,,,,,,,,,,,,,,,,,,,,,,,,,,,,,,,,,,,,,,,,,,,,,,,,,,,,,,,,,,,,,,,,,,,,,,,,,,,,,,,,,,,,,,,,,,,,,,,,,,,,,,,,,,,,,,,,,,,,,,,,,,,,,,,,,,,,,,,,,,,"",0,0,"",,,,0,""
148,,6,1,6,5,0,0,0,0,0,0,255,255,255,70,3318.072,"Yaksok~",R,33,71,123,3.059,-0.342,0.584,1.284,1.105,1.465,-36.444,59.966,0,60,40,1,133.71,57.105,2.373,0,0,1,4,L,"Kr_Luna",190,95.218,0.504,,60,W,Y,0,,,,,,,,,,,,,,,,,,,,,,,,,,,,0,0,,,,,,,,,,,,,,,,,,,,,,,,,,,,,,,,,,,,,,0.204,-37.789,-0.006,-16.93,-19.305,-45.463,-11.538,-64.599,17.635,-45.263,14.418,-61.116,40.93,-90.677,0,-109.87,-40.83,-90.577,,,,"",,,,"",,,,"",,,,"",,,,"",,,,"",,,,"",,,,"",,,,,,,,,,,,,,,,,,,,,,,,,,,,,,,,,,,,,,,,,,,,,,,,,,,,,,,,,,"",0,0,"",,,,0,""
149,,6,1,6,5,1,0,0,0,0,0,255,255,255,71,3332.933,"Yaksok~",R,32,81,132,-0.063,-0.408,0.44,1.243,-0.27,1.443,-36.444,46.021,7,73,20,2,159.605,77.849,3.726,0,0,1,4,L,"Kr_Luna",190,95.218,0.504,5,60,W,Y,0,3333.809,108,134,112,101,43,137,118,0,-37.354,-0.015,0.849,-20.17,0.86,0,0.064,420.833,-395.267,163.29,3333.958,14.725,-38.811,3334.55,4,16.668,0.11,-41.087,0,0,,,,,,,,,,,,,,,3337.907,1,,147,4,,,,,,,,,,,,,,,,,,,-0.073,-37.261,0.131,-17.035,-19.531,-45.648,-11.47,-64.837,17.431,-45.433,14.404,-61.128,40.915,-90.664,0,-109.85,-40.815,-90.564,-0.321,-36.634,,"HANA_ARASHI",-0.014,-17.241,,"Riyaj",-19.374,-45.605,85,"mungjungh",-11.204,-64.456,,"인생최패망자",17.363,-45.3,120,"P0TA0",14.395,-61.116,,"AI",40.9,-90.65,,"AI",0,-109.84,,"AI",-40.8,-90.55,,3340.616,-0.393,-38.348,,,,3337.233,-18.246,-39.716,,,,3335.021,17.327,-42.596,,,,,,,,,,,,,,,,,,,3339.483,-17.822,-39.231,,,,3335.988,12.087,-42.92,,,,,,,,,,,,,"",2,0,"인생최패망자",,,,38,""
150,,6,1,6,5,0,0,1,0,0,0,255,255,255,72,3351.8,"Yaksok~",R,3,76,115,4.281,-1.278,0.804,1.131,2.602,0.825,-36.444,72.851,0,31,69,4,-445.802,0,6.016,0,0,2,2,L,"Fresh825",190,80,0.2,,61,W,Y,1,,,,,,,,,,,,,,,,,,,,,,,,,,,,0,0,,,,,,,,,,,,,,,,,,,,,,,,,,,,,,,,,,,,,,0.253,-37.625,0.075,-17.247,-19.111,-44.455,-9.27,-64.884,17.694,-46.119,16.171,-61.042,40.915,-90.664,0,-109.85,-40.815,-90.564,,,,"",,,,"",,,,"",,,,"",,,,"",,,,"",,,,"",,,,"",,,,3356.631,-0.077,-39.046,,,,,,,,,,,,,,,,,,,,,,,,,,,,,,,,,,,,,,,,,,,,,,,,,,,,"",0,0,"",,,,0,""
151,,6,1,6,5,0,1,1,0,0,0,255,255,255,73,3365.588,"Yaksok~",R,33,81,132,1.511,-0.563,0.61,1.194,0.466,1.33,-36.444,51.574,0,63,37,2,121.163,59.947,2.994,0,0,2,2,L,"Fresh825",190,80,0.2,5,61,W,Y,1,3366.632,212,86,145,88,24,145,115,-30,-62.206,0.27,0.753,-19.543,0.92,0,0.186,-597.92,31.209,-38.957,3366.108,1.326,-20.099,,,,,,0,0,,,,,,,,,,,,,,,,,,,,,,,,,,,,,,,,,,,,,,0.217,-37.691,0.061,-16.671,-19.153,-44.38,-9.313,-65.058,17.918,-45.703,15.803,-61.146,40.907,-90.657,0,-109.85,-40.807,-90.557,0.218,-36.594,,"HANA_ARASHI",0.038,-17.292,,"Riyaj",-18.953,-44.426,,"mungjungh",-9.277,-64.835,,"인생최패망자",17.782,-45.491,,"P0TA0",15.665,-60.839,,"AI",40.9,-90.65,,"AI",0,-109.84,,"AI",-40.8,-90.55,,,,,,,,,,,,,,,,,,,,,,,,,,,,,,,,,,,,,,,,,,,,,,,,,,,,,,,,"",3,0,"",,,,0,""
152,,6,1,6,5,0,2,1,0,0,0,255,255,255,74,3379.598,"Yaksok~",R,32,77,114,1.648,0.01,0.605,1.258,0.186,1.56,-36.444,40.075,3,59,38,2,250,94.577,8.926,0,0,2,2,L,"Fresh825",190,80,0.2,0,60,W,Y,1,3380.738,225,100,99,115,81,145,112,-56.102,6.741,0.239,0.777,-20.055,-0.02,0,0.186,-493.414,279.309,196.29,3380.225,0.182,-20.536,3383.675,3,-4.758,1.911,-62.212,1,0,,3386.39,,,,,,,,,,,,,,,,,,,,,,,,,,,,,,,,,,,,0.104,-38.136,0.025,-16.758,-18.578,-44.587,-4.559,-67.189,18.084,-44.518,17.57,-60.833,40.915,-90.664,0,-109.85,-40.815,-90.564,-0.074,-36.715,,"HANA_ARASHI",-0.015,-17.181,,"Riyaj",-19.051,-44.429,85,"mungjungh",-4.014,-67.228,100,"인생최패망자",17.842,-44.841,,"P0TA0",17.003,-60.876,,"AI",40.9,-90.65,,"AI",0,-109.84,,"AI",-40.8,-90.55,,3392.873,-0.408,-39.972,,,,3386.534,-18.262,-40.722,3384.165,-4.686,-63.038,,,,,,,,,,,,,,,,,,,,,,3391.782,-17.193,-40.03,3385.673,-8.711,-55.422,,,,,,,,,,,,,,,,"",2,0,"mungjungh",,,,42,""
153,,6,1,6,5,0,0,1,1,0,0,2,255,255,75,3407.725,"Yaksok~",R,3,72,100,1.822,-0.584,0.82,1.202,1.687,1.243,-36.444,71.733,11,89,0,1,-446.799,-30.632,11.984,0,0,3,1,L,"NABIMan",190,83.228,0.48,,60,W,Y,0,,,,,,,,,,,,,,,,,,,,,,,,,,,,0,0,,,,,,,,,,,,3408.144,,,,,,,,,,,,,,,,,,,,,,,,,,0.245,-37.701,-0.113,-16.455,-19.829,-44.314,-4.595,-66.712,17.46,-45.171,13.678,-58.387,40.924,-90.672,0,-109.86,-40.822,-90.57,,,,"",,,,"",,,,"",,,,"",,,,"",,,,"",,,,"",,,,"",,,,3413.66,-0.116,-37.598,,,,,,,,,,,,,,,,,,,,,,,,,,,,,,,,,,,,,,,,,,,,,,,,,,,,"",0,0,"",,,,0,""
154,,6,1,6,5,1,0,1,1,0,0,2,255,255,76,3421.664,"Yaksok~",R,32,82,133,0.389,-0.319,0.482,1.277,-0.114,1.475,-36.444,46.695,6,78,16,2,188.479,54.691,5.555,0,0,3,1,L,"NABIMan",190,83.228,0.48,3,60,W,Y,1,3422.58,255,76,155,109,71,145,130,18.958,-7.662,0.08,0.93,-20.969,0.43,0,0.337,-325.018,349.204,363.896,3426.141,5.073,-126.136,3426.054,7,5.148,2.509,-120.765,0,0,,,,,,,,,,,,3422.185,,,3426.761,3,,456,0,,,,,,,,,,,,,,,,,,,0.174,-37.722,0.027,-16.467,-18.787,-43.729,-3.842,-66.369,17.592,-45.215,14.045,-58.067,40.9,-90.65,0,-109.84,-40.8,-90.55,0.057,-36.855,,"HANA_ARASHI",-0.039,-17.487,,"Riyaj",-18.748,-43.564,,"mungjungh",-3.841,-66.375,99,"인생최패망자",17.315,-44.72,,"P0TA0",14.061,-58.083,,"AI",40.903,-90.653,,"AI",0,-109.844,,"AI",-40.803,-90.553,,3434.436,-0.206,-37.977,,,,,,,3431.4,0.021,-62.852,,,,,,,,,,,,,,,,,,,,,,,,,3433.476,-1.879,-56.026,,,,,,,,,,,,,,,,"",1,0,"AI",,,,40,""
155,,6,1,6,5,0,0,2,1,0,0,2,255,255,77,3445.504,"Yaksok~",R,32,80,130,-1.964,0.297,0.268,1.4,-1.23,1.852,-36.444,30.746,0,100,0,4,250,47.44,19.619,0,0,4,0,R,"Floră",190,85,0.404,,60,W,Y,1,,,,,,,,,,,,,,,,,,,,,,,,,,,,0,0,,,,,,,,,,,,3447.264,,,,,,,,,,,,,,,,,,,,,,,,,,0.039,-37.615,-0.038,-16.781,-19.137,-43.933,-12.378,-64.815,16.594,-43.926,6.935,-65.081,40.9,-90.65,0,-109.84,-40.8,-90.55,,,,"",,,,"",,,,"",,,,"",,,,"",,,,"",,,,"",,,,"",,,,3451.069,-0.277,-37.679,,,,,,,,,,,,,,,,,,,,,,,,,,,,,,,,,,,,,,,,,,,,,,,,,,,,"",0,0,"",,,,0,""
156,,6,1,6,5,0,1,2,1,0,0,2,255,255,78,3458.49,"Yaksok~",R,32,69,108,-0.138,0.139,0.422,1.364,-0.479,1.799,-36.444,41.961,2,98,0,0,218.511,59.575,19.201,0,0,4,0,R,"Floră",190,85,0.404,,60,W,Y,0,,,,,,,,,,,,,,,,,,,,,,,,,,,,0,0,,,,,,,,,,,,3458.852,,,,,,,,,,,,,,,,,,,,,,,,,,0.139,-37.729,0.018,-16.94,-19.02,-43.583,-12.507,-64.94,16.955,-45.022,6.664,-65.732,40.9,-90.65,0,-109.84,-40.8,-90.55,,,,"",,,,"",,,,"",,,,"",,,,"",,,,"",,,,"",,,,"",,,,3464.379,-0.122,-37.619,,,,,,,,,,,,,,,,,,,,,,,,,,,,,,,,,,,,,,,,,,,,,,,,,,,,"",0,0,"",,,,0,""
157,,6,1,6,5,0,2,2,1,0,0,2,255,255,79,3472.752,"Yaksok~",R,3,80,117,1.417,0.142,0.764,1.348,1.387,1.714,-36.444,53.267,6,94,0,2,-474.13,0,16.402,0,0,4,0,R,"Floră",190,85,0.404,0,60,W,Y,1,3474.333,121,138,133,92,56,138,134,4.629,27.092,0.229,1.051,-19.976,0.33,0,0.483,515.636,-1.652,-306.785,3476.333,-35.25,-89.383,3476.524,8,-35.274,0.136,-89.446,1,0,,3480.183,,,,3478.216,,,,,,3473.016,,,,,,,,,,,,,,,,,,,,,,,,,,0.329,-37.654,-0.185,-16.93,-18.729,-43.879,-12.494,-64.925,16.879,-45.158,5.786,-64.796,40.9,-90.65,0,-109.84,-40.8,-90.55,-0.138,-36.992,,"HANA_ARASHI",0.423,-17.439,,"Riyaj",-18.57,-43.884,,"mungjungh",-12.488,-64.89,,"인생최패망자",16.418,-44.784,,"P0TA0",5.941,-64.508,85,"AI",40.905,-90.654,,"AI",0,-109.845,,"AI",-40.805,-90.554,,3485.423,0.746,-38.747,,,,,,,,,,,,,3480.678,-3.567,-62.633,,,,,,,,,,,,,,,,,,,,,,,,,3484.312,-1.595,-57.597,,,,,,,,,,"",2,0,"AI",3478.216,,,33,""
158,,6,1,6,5,0,0,2,1,1,0,0,2,255,80,3499.737,"Yaksok~",R,32,77,128,3.508,-0.788,0.656,1.258,1.135,1.305,-36.444,61.304,5,95,0,1,250,143.869,15.526,3.474,-16.314,5,5,L,"須磨-suma-",179.7,80,0.594,,60,W,Y,0,,,,,,,,,,,,,,,,,,,,,,,,,,,,0,0,,,,,,,,,,,,,3499.928,,,,,,,,,,,,,,,,,,,,,,,,,0.212,-37.634,0.065,-16.406,-18.968,-42.918,-13.229,-64.009,17.079,-44.128,14.352,-60.24,40.9,-90.65,0,-109.84,-40.8,-90.55,,,,"",,,,"",,,,"",,,,"",,,,"",,,,"",,,,"",,,,"",,,,3507.165,1.868,-37.793,,,,,,,,,,,,,,,,,,,,,,,,,,,,,,,,,,,,,,,,,,,,,,,,,,,,"",0,0,"",3502.492,,,0,""
159,,6,1,6,5,1,0,2,1,1,0,0,2,255,81,3516.265,"Yaksok~",R,32,82,133,-0.598,0.11,0.428,1.337,-0.539,1.719,-36.444,39.11,5,95,0,2,186.341,35.692,9.249,0,0,5,5,L,"須磨-suma-",179.7,80,0.594,3,60,W,Y,1,3517.288,255,97,104,66,38,145,127,1.886,-37.755,-0.111,1.002,-20.388,0.42,0,0.377,-2.201,-563.355,-206.462,3517.616,17.764,-42.031,3517.875,4,15.614,0.333,-39.558,0,0,,,,,,,,,,,,3517.063,3516.359,,3518.409,5,,453,0,,,,,,,,,,,,,,,,,,,0.14,-37.784,0.085,-16.599,-18.348,-42.696,-13.316,-63.955,17.037,-44.236,13.621,-60.471,40.9,-90.65,0,-109.84,-40.8,-90.55,-0.156,-36.774,,"HANA_ARASHI",-0.015,-16.891,,"Riyaj",-18.386,-42.728,,"mungjungh",-13.322,-63.95,,"인생최패망자",17.071,-44.073,,"P0TA0",13.543,-60.273,,"AI",40.903,-90.653,,"AI",0,-109.844,,"AI",-40.803,-90.553,,,,,,,,,,,,,,3518.418,16.572,-41.016,,,,,,,,,,,,,,,,,,,,,,,,,,,,,,,,,,,,,,,,"",1,0,"인생최패망자",,,,4,""
160,SIDE,6,1,6,5,0,0,2,1,1,0,0,2,255,,3520.151,,,,,,,,,,,,,,,,,,,,,,,0,,,,,,,,,,,,,,,,,,,,,,,,,,,,,,,,,,,,,,,0,0,,,,,,,,,,,,,,,,,,,,,,,,,,,,,,,,,,,,,,,,,,,,,,,,,,,,,,,,,,,,,,,,,,,,,,,,,,,,,,,,,,,,,,,,,,,,,,,,,,,,,,,,,,,,,,,,,,,,,,,,,,,,,,,,,,,,,,,,,,,,,,,,,"",0,0,"",,,,0,""
161,,6,0,6,5,0,0,0,0,0,0,255,255,255,67,3556.701,"Floră",R,3,59,93,4.219,0.832,0.997,1.714,2.472,2.161,-36.338,50.334,0,100,0,1,-288.859,0,26.759,0,0,4,1,R,"HANA_ARASHI",190,90,0.25,,43,W,Y,0,,,,,,,,,,,,,,,,,,,,,,,,,,,,0,0,,,,,,,,,,,,,,,,,,,,,,,,,,,,,,,,,,,,,,0.317,-37.364,0.031,-17.638,-22.646,-46.925,-15.795,-60.407,18.503,-45.196,9.258,-67.074,40.93,-90.677,0,-109.87,-40.83,-90.577,,,,"",,,,"",,,,"",,,,"",,,,"",,,,"",,,,"",,,,"",,,,,,,,,,,,,,,,,,,,,,,,,,,,,,,,,,,,,,,,,,,,,,,,,,,,,,,,,,"",0,0,"",,,,0,""
162,,6,0,6,5,1,0,0,0,0,0,255,255,255,68,3572.133,"Floră",R,6,53,86,1.812,0.54,0.237,1.702,-0.196,1.981,-36.338,41.283,0,100,0,2,390.909,0,-27.545,0,0,4,1,R,"HANA_ARASHI",190,90,0.25,5,43,W,Y,1,3573.457,192,114,130,90,71,145,95,-25.545,-64.634,0.301,1.278,-20.962,-0.73,0,0.659,-386.321,293.399,-353.091,3573.008,2.536,-22.026,,,,,,0,0,,,,,,,,,,,,,,,,,,,,,,,,,,,,,,,,,,,,,,-0.22,-37.252,0.11,-17.596,-22.794,-47.023,-16.013,-61.088,17.632,-46.882,9.294,-67.17,40.915,-90.664,0,-109.85,-40.815,-90.564,-0.321,-36.81,,"NABIMan",0.106,-17.589,,"Fresh825",-22.481,-46.732,,"Sabo_10",-15.917,-60.931,,"Kr_Luna",17.415,-47.47,,"須磨-suma-",9.283,-67.172,,"AI",40.9,-90.65,,"AI",0,-109.84,,"AI",-40.8,-90.55,,,,,,,,,,,,,,,,,,,,,,,,,,,,,,,,,,,,,,,,,,,,,,,,,,,,,,,,"",3,0,"",,,,0,""
163,,6,0,6,5,1,1,0,0,0,0,255,255,255,69,3587.795,"Floră",R,13,75,102,-2.001,-1.149,0.248,1.605,-0.162,1.341,-36.338,41.678,0,100,0,4,-362.039,312.348,5.061,0,0,4,1,R,"HANA_ARASHI",190,90,0.25,,43,W,Y,1,,,,,,,,,,,,,,,,,,,,,,,,,,,,0,0,,,,,,,,,,,,,,,,,,,,,,,,,,,,,,,,,,,,,,-0.286,-37.299,0.104,-17.592,-22.653,-47.093,-15.677,-62.248,20.06,-45.902,9.414,-67.39,40.915,-90.664,0,-109.85,-40.815,-90.564,,,,"",,,,"",,,,"",,,,"",,,,"",,,,"",,,,"",,,,"",,,,,,,,,,,,,,,,,,,,,,,,,,,,,,,,,,,,,,,,,,,,,,,,,,,,,,,,,,"",0,0,"",,,,0,""
164,,6,0,6,5,1,2,0,0,0,0,255,255,255,70,3601.963,"Floră",R,6,62,95,2.764,-0.463,0.445,1.493,0.45,1.347,-36.338,48.595,0,100,0,2,341.524,0,-11.848,0,0,4,1,R,"HANA_ARASHI",190,90,0.25,5,43,W,Y,1,3603.12,112,55,117,108,139,137,85,-30,74.256,0.474,0.936,-21.418,1,0,0.657,-331.687,-21.535,-499.52,3602.616,-0.976,-21.825,,,,,,0,0,,,,,,,,,,,,,,,,,,,,,,,,,,,,,,,,,,,,,,-0.107,-37.358,0.098,-17.576,-22.662,-47.104,-15.151,-62.05,18.587,-47.054,9.681,-67.243,40.915,-90.664,0,-109.85,-40.815,-90.564,-0.156,-36.675,,"NABIMan",0.052,-17.625,,"Fresh825",-22.405,-46.948,,"Sabo_10",-15.017,-61.822,,"Kr_Luna",18.777,-46.966,,"須磨-suma-",9.669,-67.257,,"AI",40.9,-90.65,,"AI",0,-109.84,,"AI",-40.8,-90.55,,,,,,,,,,,,,,,,,,,,,,,,,,,,,,,,,,,,,,,,,,,,,,,,,,,,,,,,"",3,0,"",,,,0,""
165,,6,0,6,5,1,2,0,0,0,0,255,255,255,71,3618.253,"Floră",R,1,50,93,-0.343,-0.689,0.13,1.607,-0.285,1.319,-36.338,62.828,0,100,0,2,-3.53,-4.172,0.453,0,0,4,1,R,"HANA_ARASHI",190,90,0.25,0,43,W,Y,1,3619.432,116,107,112,111,39,137,87,-25.912,55.767,-0.127,0.769,-20.891,1,0,0.712,-300.08,510.586,96.2,3618.95,-2.188,-22.279,,,,,,0,0,,,,,,,,,,,,,,,,,,,,,,,,,,,,,,,,,,,,,,-0.432,-37.383,0.082,-17.577,-22.632,-46.936,-14.072,-63.579,18.564,-46.953,8.564,-66.639,40.915,-90.664,0,-109.86,-40.815,-90.564,-0.566,-36.795,,"NABIMan",-0.007,-17.648,,"Fresh825",-22.337,-46.785,,"Sabo_10",-13.975,-63.356,,"Kr_Luna",18.462,-47.05,,"須磨-suma-",8.671,-66.625,,"AI",40.9,-90.65,,"AI",0,-109.84,,"AI",-40.8,-90.55,,,,,,,,,,,,,,,,,,,,,,,,,,,,,,,,,,,,,,,,,,,,,,,,,,,,,,,,"",3,0,"",,,,0,""
166,,6,0,6,5,1,2,0,0,0,0,255,255,255,72,3637.127,"Floră",R,0,59,100,-0.498,0.606,0.137,1.713,-0.221,2.011,-36.338,48.894,0,100,0,0,0,0,1.429,0,0,4,1,R,"HANA_ARASHI",190,90,0.25,,43,W,Y,1,,,,,,,,,,,,,,,,,,,,,,,,,,,,0,16,,,,,,,,,,,,,,,3639.844,4,,578,0,,,,,,,,,,,,,,,,,3639.999,1,-0.331,-37.473,0.085,-17.582,-22.714,-46.588,-14.257,-63.836,18.69,-46.597,8.312,-66.594,40.9,-90.65,0,-109.84,-40.8,-90.55,,,,"",,,,"",,,,"",,,,"",,,,"",,,,"",,,,"",,,,"",,,,,,,,,,,,,,,,,,,,,,,,,,,,,,,,,,,,,,,,,,,,,,,,,,,,,,,,,,"",0,0,"",,,,0,""
167,,6,0,6,5,0,0,1,0,0,0,255,255,255,73,3658.227,"Floră",R,3,61,94,-1.237,0,0.354,1.74,0.166,1.633,-36.338,26.364,0,100,0,0,-326.4,0,18.479,0,0,5,0,R,"Yaksok~",190,80,0.332,,60,W,Y,1,,,,,,,,,,,,,,,,,,,,,,,,,,,,0,0,,,,,,,,,,,,,,,,,,,,,,,,,,,,,,,,,,,,,,-0.015,-37.248,0.094,-17.446,-22.598,-46.02,-14.095,-63.246,18.833,-46.466,8.4,-66.595,40.922,-90.67,0,-109.86,-40.822,-90.571,,,,"",,,,"",,,,"",,,,"",,,,"",,,,"",,,,"",,,,"",,,,,,,,,,,,,,,,,,,,,,,,,,,,,,,,,,,,,,,,,,,,,,,,,,,,,,,,,,"",0,0,"",,,,0,""
168,,6,0,6,5,0,1,1,0,0,0,255,255,255,74,3679.32,"Floră",R,0,57,99,1.324,0.805,0.368,1.773,0.565,2.136,-36.338,51.849,0,100,0,2,0,0,-22.797,0,0,5,0,R,"Yaksok~",190,80,0.332,3,62,W,Y,1,3680.357,214,90,38,126,110,124,111,-30,43.615,0.25,1.378,-21.08,0.06,0,0.203,-51.754,238.992,-547.909,3679.858,-1.905,-23.328,3681.167,2,-19.86,1.355,-41.958,0,0,,,,,,,,,,,,,,,3682.607,5,,147,0,,,,,,,,,,,3682.469,2,,,,,,,-0.198,-37.309,-0.135,-17.397,-22.595,-46.002,-14.438,-62.275,19.377,-48.242,3.763,-68.27,40.915,-90.664,0,-109.86,-40.815,-90.564,-0.258,-36.822,,"NABIMan",0.268,-17.572,,"Fresh825",-22.32,-45.742,83,"Sabo_10",-14.418,-62.221,,"Kr_Luna",19.524,-48.126,,"須磨-suma-",4.003,-68.221,,"AI",40.9,-90.65,,"AI",0,-109.84,,"AI",-40.8,-90.55,,3685.069,-1.334,-37.366,,,,3681.756,-20.399,-42.593,,,,,,,,,,,,,,,,,,,,,,,,,3684.039,-17.741,-39.891,,,,,,,,,,,,,,,,,,,"",2,0,"Fresh825",,,,20,""
169,,6,0,6,5,0,0,2,0,0,0,255,255,255,75,3700.753,"Floră",R,0,56,98,1.28,0.879,0.396,1.748,0.546,2.132,-36.338,59.593,0,100,0,2,0,0,-8.868,0,0,0,5,R,"P0TA0",174,96.215,0.525,5,60,W,Y,0,3701.84,167,35,71,34,25,137,129,-4.885,71.542,0.156,1.033,-19.092,0.45,0,0.108,303.247,362.981,-369.169,3701.533,-9.508,-22.252,,,,,,0,0,,,,,,,,,,,,,,,,,,,,,,,,,,,,,,,,,,,,,,-0.199,-37.364,0.164,-17.281,-22.801,-45.891,-14.749,-63.278,19.488,-48.156,10.234,-65.906,40.922,-90.67,0,-109.86,-40.822,-90.57,-0.143,-36.647,,"NABIMan",0.139,-17.332,,"Fresh825",-22.363,-45.51,,"Sabo_10",-14.57,-62.493,,"Kr_Luna",19.459,-48.183,,"須磨-suma-",10.13,-66.022,,"AI",40.9,-90.65,,"AI",0,-109.84,,"AI",-40.8,-90.55,,,,,,,,,,,,,,,,,,,,,,,,,,,,,,,,,,,,,,,,,,,,,,,,,,,,,,,,"",3,0,"",,,,0,""
170,,6,0,6,5,0,1,2,0,0,0,255,255,255,76,3715.221,"Floră",R,11,64,98,0.857,-1.22,0.424,1.656,0.71,1.274,-36.338,62.747,0,100,0,2,-167.974,220.844,-1.477,0,0,0,5,R,"P0TA0",174,96.215,0.525,3,60,W,Y,0,3716.28,255,172,173,114,58,145,81,64.762,50.291,-0.136,1.016,-20.779,-1,0,0.366,263.841,-345.231,-413.767,,,,3721.458,3,-33.217,3.102,-53.542,0,0,,3722.234,,,,,,,,,,,,,3722.06,0,,452,0,,,,,,,,,,,,,,,,,,,-0.245,-37.256,0.039,-17.34,-22.473,-45.255,-14.879,-61.555,19.557,-48.122,10.137,-66.031,40.915,-90.664,0,-109.85,-40.815,-90.564,-0.241,-36.837,,"NABIMan",0.04,-17.358,,"Fresh825",-22.11,-45.038,,"Sabo_10",-15.092,-61.645,,"Kr_Luna",19.504,-48.186,,"須磨-suma-",10.133,-66.033,,"AI",40.9,-90.65,,"AI",0,-109.84,,"AI",-40.8,-90.55,,,,,,,,,,,3722.067,-33.551,-54.103,,,,,,,,,,,,,,,,,,,,,,,,,,,,,,,,,,,,,,,,,,,"",1,0,"Sabo_10",,,,1,""
171,SIDE,6,0,6,5,0,0,2,0,0,0,255,255,255,,3724.147,,,,,,,,,,,,,,,,,,,,,,,1,,,,,,,,,,,,,,,,,,,,,,,,,,,,,,,,,,,,,,,0,0,,,,,,,,,,,,,,,,,,,,,,,,,,,,,,,,,,,,,,,,,,,,,,,,,,,,,,,,,,,,,,,,,,,,,,,,,,,,,,,,,,,,,,,,,,,,,,,,,,,,,,,,,,,,,,,,,,,,,,,,,,,,,,,,,,,,,,,,,,,,,,,,,"",0,0,"",,,,0,""
172,,7,1,6,5,0,0,0,0,0,0,255,255,255,82,3790.608,"인생최패망자",R,32,92,140,-1.562,1.262,0.586,1.44,-0.994,2.319,-36.739,38.826,4,69,27,1,209.617,-29.43,12.099,0,0,0,3,L,"Sabo_10",174.9,88,0.452,,60,W,Y,0,,,,,,,,,,,,,,,,,,,,,,,,,,,,0,0,,,,,,,,,,,,,,,,,,,,,,,,,,,,,,,,,,,,,,0.174,-37.395,-0.052,-17.669,-19.594,-44.129,-14.188,-64.341,20.95,-49.182,14.073,-63.342,40.922,-90.671,0,-109.86,-40.822,-90.571,,,,"",,,,"",,,,"",,,,"",,,,"",,,,"",,,,"",,,,"",,,,,,,,,,,,,,,,,,,,,,,,,,,,,,,,,,,,,,,,,,,,,,,,,,,,,,,,,,"",0,0,"",,,,0,""
173,,7,1,6,5,1,0,0,0,0,0,255,255,255,83,3808.568,"인생최패망자",R,32,96,140,-3.021,-0.804,0.439,1.068,-1.678,1.009,-36.739,36.532,5,16,79,1,250,-157.645,14.064,0,0,0,3,L,"Sabo_10",174.9,88,0.452,,60,W,Y,0,,,,,,,,,,,,,,,,,,,,,,,,,,,,0,0,,,,,,,,,,,,,,,,,,,,,,,,,,,,,,,,,,,,,,0.23,-37.297,0.052,-17.513,-19.467,-44.079,-14.209,-64.336,20.943,-49.166,14.482,-62.116,40.922,-90.67,0,-109.86,-40.822,-90.57,,,,"",,,,"",,,,"",,,,"",,,,"",,,,"",,,,"",,,,"",,,,,,,,,,,,,,,,,,,,,,,,,,,,,,,,,,,,,,,,,,,,,,,,,,,,,,,,,,"",0,0,"",,,,0,""
174,,7,1,6,5,2,0,0,0,0,0,255,255,255,84,3828.706,"인생최패망자",R,32,87,140,0.341,-0.957,0.752,1.168,-0.221,1.011,-36.739,61.285,8,18,75,0,250,-56.153,-5.878,0,0,0,3,L,"Sabo_10",174.9,88,0.452,,60,W,Y,0,,,,,,,,,,,,,,,,,,,,,,,,,,,,0,0,,,,,,,,,,,,,,,,,,,,,,,,,,,,,,,,,,,,,,0.222,-37.571,-0.034,-17.315,-19.265,-44.169,-14.196,-64.314,20.262,-49.7,14.24,-62.236,40.922,-90.67,0,-109.86,-40.822,-90.57,,,,"",,,,"",,,,"",,,,"",,,,"",,,,"",,,,"",,,,"",,,,,,,,,,,,,,,,,,,,,,,,,,,,,,,,,,,,,,,,,,,,,,,,,,,,,,,,,,"",0,0,"",,,,0,""
175,,7,1,6,5,2,1,0,0,0,0,255,255,255,85,3844.056,"인생최패망자",R,32,83,120,0.949,-0.352,0.801,1.196,0.003,1.289,-36.739,55.142,6,73,21,0,228.693,-112.625,8.855,0,0,0,3,L,"Sabo_10",174.9,88,0.452,,60,W,Y,0,,,,,,,,,,,,,,,,,,,,,,,,,,,,0,0,,,,,,,,,,,,,,,,,,,,,,,,,,,,,,,,,,,,,,0.231,-37.332,-0.076,-17.398,-19.321,-44.191,-14.2,-64.314,20.301,-49.741,14.177,-62.192,40.915,-90.664,0,-109.85,-40.815,-90.564,,,,"",,,,"",,,,"",,,,"",,,,"",,,,"",,,,"",,,,"",,,,,,,,,,,,,,,,,,,,,,,,,,,,,,,,,,,,,,,,,,,,,,,,,,,,,,,,,,"",0,0,"",,,,0,""
176,,7,1,6,5,2,2,0,0,0,0,255,255,255,86,3858.316,"인생최패망자",R,13,89,112,-2.005,-2.043,0.744,1.124,-0.172,0.887,-36.739,59.844,11,59,30,2,-390.434,312.348,3.179,0,0,0,3,L,"Sabo_10",174.9,88,0.452,5,60,W,Y,1,3859.301,164,91,123,101,46,145,103,-64.973,-8.921,-0.358,0.294,-20.556,-0.02,0,0.459,-363.657,477.215,4.39,3858.716,-0.341,-20.666,3862.616,5,4.761,0.341,-53.47,1,0,,3864.716,,,,,,,,,,,,,,,,,,,,,,,,,,,,,,,,,,,,0.196,-37.268,-0.044,-17.217,-19.133,-44.29,-14.214,-64.283,20.285,-49.74,14.336,-62.156,40.915,-90.664,0,-109.85,-40.815,-90.564,0.089,-36.704,,"HANA_ARASHI",-0.048,-17.29,,"Riyaj",-19.201,-44.176,84,"mungjungh",-14.211,-64.286,,"Yaksok~",20.288,-49.717,,"P0TA0",13.846,-62.429,106,"AI",40.9,-90.65,,"AI",0,-109.84,,"AI",-40.8,-90.55,,3868.767,-0.258,-39.146,,,,3865.437,-18.361,-40.584,,,,,,,3863.161,4.921,-54.206,,,,,,,,,,,,,,,,3867.65,-17.489,-39.931,,,,,,,3864.515,-1.913,-51.699,,,,,,,,,,"",2,0,"P0TA0",,,,35,""
177,,7,1,6,5,0,0,0,1,0,0,3,255,255,87,3885.952,"인생최패망자",R,32,90,140,-0.179,-0.694,0.803,1.184,-0.451,1.111,-36.739,57.21,10,90,0,0,247.216,-88.183,4.242,0,0,1,4,L,"Kr_Luna",190,95.218,0.504,,60,W,Y,0,,,,,,,,,,,,,,,,,,,,,,,,,,,,0,0,,,,,,,,,,,,3892.412,,,,,,,,,,,,,,,,,,,,,,,,,,0.187,-37.602,-0.145,-16.745,-19.586,-40.293,-5.902,-57.509,19.873,-49.604,12.689,-62.379,40.922,-90.67,0,-109.87,-40.825,-90.573,,,120,"",,,,"",,,,"",,,,"",,,,"",,,,"",,,,"",,,,"",,,,3892.594,-0.094,-36.956,,,,,,,,,,,,,,,,,,,,,,,,,3903.65,0.554,-40.813,,,,,,,,,,,,,,,,,,,,,,,,,"",0,0,"",,,,0,""
178,,7,1,6,5,0,1,0,1,0,0,3,255,255,88,3926.319,"인생최패망자",R,13,86,109,-3.888,-2.017,0.681,1.049,-0.678,1.001,-36.739,64.901,11,59,30,3,-386.885,312.348,-3.464,0.009,-20.413,1,4,L,"Kr_Luna",190,95.218,0.504,,60,W,Y,0,,,,,,,,,,,,,,,,,,,,,,,,,,,,0,0,,,,,,,,,,,,3937.529,,,,,,,,,,,,,,,,,,,,,,,,,,0.036,-37.897,-0.148,-16.923,-19.493,-39.994,-5.231,-58.627,20.173,-49.526,12.319,-62.852,40.922,-90.671,0,-109.86,-40.822,-90.571,,,,"",,,,"",,,,"",,,,"",,,,"",,,,"",,,,"",,,,"",,,,,,,,,,,,,,,,,,,,,,,,,,,,,,,,,,,,,,,,,,,,,,,,,,,,,,,,,,"",6,0,"",,,,0,""
179,,7,1,6,5,2,0,0,1,0,0,3,255,255,89,3945.916,"인생최패망자",R,32,85,121,0.562,-0.309,0.838,1.177,-0.193,1.279,-36.739,54.782,6,94,0,2,246.862,-148.523,10.322,0,0,1,4,L,"Kr_Luna",190,95.218,0.504,5,60,W,Y,0,3946.804,222,54,231,22,42,145,89,6.237,9.3,0.128,0.899,-20.425,1,0,0.156,-81.289,-593.05,41.038,3947.566,-3.302,-51.749,3948.183,3,-3.388,0.156,-52.779,0,3,,3952.459,,,,,,,,,,,,,3950.263,0,1,276,0,3952.218,1,,147,8,,,,,,,,,,,,,,0.249,-37.178,0.157,-16.608,-19.578,-40.243,-4.964,-60.141,19.666,-49.773,11.327,-61.895,40.915,-90.664,0,-109.85,-40.815,-90.564,0.363,-36.828,,"HANA_ARASHI",-0.087,-16.803,,"Riyaj",-19.582,-40.136,86,"mungjungh",-4.963,-60.13,100,"Yaksok~",19.66,-49.757,,"P0TA0",11.275,-61.876,,"AI",40.9,-90.65,,"AI",0,-109.84,,"AI",-40.8,-90.55,,3955.377,-0.479,-39.1,,,,3951.562,-18.44,-40.688,3948.687,-3.828,-54.802,,,,,,,,,,,,,,,,,,,,,,3954.347,-17.465,-39.541,3950.969,-12.163,-47.815,,,,,,,,,,,,,,,,"",2,0,"mungjungh",,,,42,""
180,,7,1,6,5,0,0,2,0,0,0,255,255,255,90,3972.391,"인생최패망자",R,32,77,127,0.006,-0.854,0.841,1.059,-0.274,1.032,-36.739,77.165,8,28,65,2,157.895,-56.949,-3.336,0,0,2,2,L,"Fresh825",190,80,0.2,5,60,W,Y,1,3973.475,182,128,139,109,0,145,96,0,-47.945,-0.011,0.679,-20.122,-0.66,0,0.168,373.697,-435.535,175.1,3973.591,12.186,-30.774,,,,,,0,0,,,,,,,,,,,,,,,,,,,,,,,,,,,,,,,,,,,,,,0.223,-37.456,-0.056,-16.751,-19.442,-44.123,-10.281,-60.281,20.857,-48.545,14.295,-62.856,40.922,-90.67,0,-109.87,-40.822,-90.571,0.188,-37.015,,"HANA_ARASHI",0.117,-17.203,,"Riyaj",-19.154,-44.185,,"mungjungh",-6.62,-60.184,,"Yaksok~",19.588,-48.891,,"P0TA0",14.285,-62.837,,"AI",40.9,-90.65,,"AI",0,-109.84,,"AI",-40.8,-90.55,,,,,,,,,,,,,,,,,,,,,,,,,,,,,,,,,,,,,,,,,,,,,,,,,,,,,,,,"",3,0,"",,,,0,""
181,,7,1,6,5,0,1,2,0,0,0,255,255,255,91,3988.453,"인생최패망자",R,32,91,140,0.081,-0.278,0.828,1.172,-0.337,1.397,-36.739,59.85,7,62,31,2,250,-63.72,3.645,0,0,2,2,L,"Fresh825",190,80,0.2,5,60,W,Y,1,3989.468,145,73,124,75,49,145,92,-3.466,7.657,-0.01,0.883,-19.637,-0.84,0,0.154,277.733,-270.072,458.177,3989.316,-1.202,-29.009,3994.417,7,-12.616,0.059,-93.084,1,0,,3994.936,,,,,,,,,,,,,,,,,,,,,,,,,,,,,,3999.788,5,,,,,0.238,-37.631,-0.068,-17.301,-19.855,-44.333,-1.29,-59.803,19.398,-48.481,14.64,-61.786,40.915,-90.664,0.01,-109.851,-40.815,-90.564,0.195,-36.915,,"HANA_ARASHI",0.03,-17.482,,"Riyaj",-19.614,-44.258,,"mungjungh",-1.299,-59.808,,"Yaksok~",19.397,-48.462,,"P0TA0",14.498,-62.015,76,"AI",40.9,-90.65,,"AI",0,-109.84,,"AI",-40.8,-90.55,,4002.109,0.187,-39.584,,,,,,,,,,,,,3998.105,-0.393,-60.508,,,,,,,,,,,,,,,,,,,,,,,,,4000.899,-0.007,-58.691,,,,,,,,,,"",2,0,"AI",,,,33,""
182,,7,1,6,5,0,0,2,1,0,0,2,255,255,92,4015.46,"인생최패망자",R,32,87,140,1.386,0.256,0.867,1.366,0.312,1.712,-36.739,64.612,7,93,0,2,188.715,-80.64,6.234,0,0,3,0,R,"NABIMan",190,83.228,0.48,3,60,W,Y,1,4016.394,220,42,64,117,0,139,83,58.779,49.781,0.25,1.106,-20.147,-1,0,0.234,215.786,-81.726,-553.857,4021.441,-41.667,-58.457,,,,,,0,0,,,,,,4022.452,,,,,,4015.73,,,,,,,,,,,,,,,,,,,,,,,,,,0.135,-37.442,-0.011,-16.859,-19.094,-43.599,-11.228,-63.199,18.913,-47.413,6.37,-64.358,40.915,-90.664,0,-109.86,-40.815,-90.564,0.514,-36.906,,"HANA_ARASHI",0.172,-17.32,,"Riyaj",-19.042,-43.865,,"mungjungh",-11.21,-63.209,,"Yaksok~",18.901,-47.39,,"P0TA0",6.626,-64.133,,"AI",40.9,-90.65,,"AI",0,-109.84,,"AI",-40.8,-90.55,,,,,,,,,,,,,,,,,,,,,,,,,,,,,,,,,,,,,,,,,,,,,,,,,,,,,,,,"",3,0,"",4022.452,,,0,""
183,,7,1,6,5,0,1,2,1,0,0,2,255,255,93,4040.787,"인생최패망자",R,13,85,109,-3.275,-1.554,0.574,1.084,-0.701,1.083,-36.739,59.602,10,60,30,4,-386.885,312.348,1.375,-0.935,-17.632,3,0,R,"NABIMan",190,83.228,0.48,,36,W,Y,1,,,,,,,,,,,,,,,,,,,,,,,,,,,,0,0,,,,,,,,,,,,4040.965,,,,,,,,,,,,,,,,,,,,,,,,,,0.132,-37.569,0.109,-16.564,-18.448,-43.429,-12.118,-65.381,17.693,-49.39,7.362,-65.366,40.922,-90.67,0,-109.86,-40.815,-90.562,,,,"",,,,"",,,,"",,,,"",,,,"",,,,"",,,,"",,,,"",,,,,,,,,,,,,,,,,,,,,,,,,,,,,,,,,,,,,,,,,,,,,,,,,,,,,,,,,,"",0,0,"",,,,0,""
184,,7,1,6,5,0,2,2,1,0,0,2,255,255,94,4060.79,"인생최패망자",R,32,90,140,-0.988,-0.583,0.728,1.091,-0.8,1.135,-36.739,55.27,6,33,62,2,250,-144.972,5.837,0,0,3,0,R,"NABIMan",190,83.228,0.48,3,36,W,Y,1,4061.743,248,97,43,106,58,132,121,-8.6,40.406,-0.175,0.803,-20.584,0.73,0,0.317,-150.059,555.349,170.5,4061.383,-4.001,-25.013,4067.675,8,-70.158,0.082,-98.081,1,4,,4067.854,4072.261,,,4066.087,4071.555,4076.758,,,,4060.882,,,4076.578,2,3,306,1,,,,,,,,,,,,,,,,,4076.271,1,0.171,-37.618,-0.048,-17.067,-18.364,-43.902,-12.117,-65.358,17.947,-49.43,6.487,-65.364,40.922,-90.67,0,-109.86,-40.822,-90.57,0.325,-36.751,,"HANA_ARASHI",-0.026,-17.626,,"Riyaj",-18.527,-44.171,,"mungjungh",-12.115,-65.365,,"Yaksok~",17.966,-49.398,,"P0TA0",6.029,-65.258,102,"AI",40.9,-90.65,,"AI",0,-109.84,,"AI",-40.8,-90.55,,,,,4075.912,0.086,-20.879,,,,,,,,,,4073.213,-8.383,-58.275,,,,,,,,,,,,,,,,,,,,,,,,,4074.196,-10.102,-55.557,,,,,,,,,,"",2,0,"AI",4066.087,4071.555,4076.758,17,""
185,SIDE,7,1,6,5,0,0,2,0,1,0,255,0,255,,4087.013,,,,,,,,,,,,,,,,,,,,,,,3,,,,,,,,,,,,,,,,,,,,,,,,,,,,,,,,,,,,,,,0,0,,,,,,,,,,,,,,,,,,,,,,,,,,,,,,,,,,,,,,,,,,,,,,,,,,,,,,,,,,,,,,,,,,,,,,,,,,,,,,,,,,,,,,,,,,,,,,,,,,,,,,,,,,,,,,,,,,,,,,,,,,,,,,,,,,,,,,,,,,,,,,,,,"",0,0,"",,,,0,""
186,,7,0,6,5,0,0,0,0,0,0,255,255,255,77,4142.086,"NABIMan",R,27,80,131,2.606,1.091,0.385,2.084,0.862,2.196,-36.4,70.213,83,17,0,4,98.125,-106.896,-2.122,-0.935,-21.09,1,2,R,"Riyaj",190,80,0.2,,60,W,Y,1,,,,,,,,,,,,,,,,,,,,,,,,,,,,0,0,,,,,,,,,,,,,,,,,,,,,,,,,,,,,,,,,,,,,,-0.081,-37.427,-0.046,-16.71,-21.901,-46.091,-16.916,-59.932,18.045,-46.443,10.006,-67.02,40.907,-90.657,0,-109.85,-40.807,-90.557,,,,"",,,,"",,,,"",,,,"",,,,"",,,,"",,,,"",,,,"",,,,,,,,,,,,,,,,,,,,,,,,,,,,,,,,,,,,,,,,,,,,,,,,,,,,,,,,,,"",0,0,"",,,,0,""
187,,7,0,6,5,0,1,0,0,0,0,255,255,255,78,4161.117,"NABIMan",R,26,101,140,-0.682,-0.755,0.11,1.712,-0.42,0.99,-36.4,24.734,92,8,0,2,89.957,-160.26,-4.676,0,0,1,2,R,"Riyaj",190,80,0.2,0,60,W,Y,1,4161.928,255,164,127,93,0,145,135,-11.182,0.372,-0.122,0.767,-20.852,0.44,0,0.382,-595.512,72.501,-10.471,4161.533,-0.147,-24.396,4166.091,8,-42.44,0.179,-87.326,1,0,,4167.75,,,,,,,,,,,,,,,,,,,,,,,,,,,,4171.801,2,,,,,,,-0.113,-37.473,-0.102,-17.132,-22.393,-45.743,-15.19,-61.714,18.336,-49.015,10.008,-67.015,40.915,-90.664,0,-109.86,-40.815,-90.564,-0.434,-37.04,,"Floră",-0.17,-17.239,,"Fresh825",-21.935,-45.842,85,"Sabo_10",-15.099,-61.554,,"Kr_Luna",18.316,-49.057,,"須磨-suma-",10.009,-67.015,,"AI",40.9,-90.65,,"AI",0,-109.84,,"AI",-40.8,-90.55,,4175.5,-1.013,-38.487,,,,4170.616,-19.03,-41.304,,,,,,,,,,,,,,,,,,,,,,,,,4174.481,-17.248,-40.041,,,,,,,,,,,,,,,,,,,"",2,0,"AI",,,,12,""
188,,7,0,6,5,0,0,0,1,0,0,12,255,255,79,4186.806,"NABIMan",R,27,88,140,-0.143,0.013,0.168,1.867,-0.149,1.495,-36.4,37.395,84,16,0,0,61.345,-132.268,3.391,0,0,2,0,R,"인생최패망자",190,80,0.351,,60,W,Y,0,,,,,,,,,,,,,,,,,,,,,,,,,,,,0,0,,,,,,,,,,,,4205.056,,,,,,,,,,,,,,,,,,,,,,,,,,-0.097,-37.463,-0.067,-16.791,-18.798,-40.002,-14.277,-60.298,19.358,-47.683,4.918,-68.254,40.908,-90.657,0,-109.85,-40.807,-90.557,,,120,"",,,,"",,,,"",,,,"",,,,"",,,,"",,,,"",,,,"",,,,4195.59,-1.357,-38.211,,,,,,,,,,,,,,,,,,,,,,,,,4205.479,-2.138,-38.028,,,,,,,,,,,,,,,,,,,,,,,,,"",0,0,"",,,,0,""
189,,7,0,6,5,0,1,0,1,0,0,12,255,255,80,4221.997,"NABIMan",R,10,87,132,1.02,0.106,0.294,2.006,0.435,1.945,-36.4,60.229,90,10,0,0,0,284.722,-5.644,0,0,2,0,R,"인생최패망자",190,80,0.351,,60,W,Y,0,,,,,,,,,,,,,,,,,,,,,,,,,,,,0,2,,,,,,4225.804,,,,,,,,,4225.695,1,1,278,16,,,,,,,,,,,,,,,,,,,-0.18,-37.522,-0.017,-16.953,-18.835,-39.94,-14.9,-60.417,19.073,-46.565,5.018,-67.407,40.907,-90.657,0,-109.85,-40.807,-90.557,,,,"",,,,"",,,,"",,,,"",,,,"",,,,"",,,,"",,,,"",,,,4229.666,-0.035,-37.767,,,,,,,,,,,,,,,,,,,,,,,,,,,,,,,,,,,,,,,,,,,,,,,,,,,,"",0,0,"",4225.804,,,0,""
190,,7,0,6,5,0,2,1,0,0,0,255,255,255,81,4243.035,"NABIMan",R,0,73,124,2.976,1.208,0.476,2.131,1.282,2.348,-36.4,67.407,91,9,0,1,0,0,-3.859,0,0,2,0,R,"인생최패망자",190,80,0.351,,88,W,Y,0,,,,,,,,,,,,,,,,,,,,,,,,,,,,0,0,,,,,,,,,,,,,,,,,,,,,,,,,,,,,,,,,,,,,,-0.053,-37.24,-0.023,-17.074,-24.103,-49.071,-14.905,-59.706,17.889,-46.621,7.072,-67.442,40.915,-90.664,0,-109.85,-40.815,-90.564,,,,"",,,,"",,,,"",,,,"",,,,"",,,,"",,,,"",,,,"",,,,4248.01,-0.355,-37.619,,,,,,,,,,,,,,,,,,,,,,,,,,,,,,,,,,,,,,,,,,,,,,,,,,,,"",0,0,"",,,,0,""
191,,7,0,6,5,1,2,1,0,0,0,255,255,255,82,4264.444,"NABIMan",R,26,102,140,-1.051,-1.554,0.077,1.547,-0.572,0.457,-36.4,7.051,47,53,0,1,87.612,-200,28.365,0,0,2,0,R,"인생최패망자",190,80,0.351,,88,W,Y,0,,,,,,,,,,,,,,,,,,,,,,,,,,,,0,0,,,,,,,,,,,,,,,,,,,,,,,,,,,,,,,,,,,,,,-0.142,-37.08,-0.022,-17.339,-23.805,-49.416,-12.612,-59.199,18.82,-48.86,7.06,-67.37,40.915,-90.664,0,-109.86,-40.815,-90.564,,,,"",,,,"",,,,"",,,,"",,,,"",,,,"",,,,"",,,,"",,,,4268.934,-0.109,-37.667,,,,,,,,,,,,,,,,,,,,,,,,,,,,,,,,,,,,,,,,,,,,,,,,,,,,"",0,0,"",,,,0,""
192,,7,0,6,5,2,2,1,0,0,0,255,255,255,83,4279.181,"NABIMan",R,26,61,115,3.472,0.954,0.48,2.035,1.302,2.038,-36.4,59.598,100,0,0,4,115.431,-159.825,-15.977,0,0,2,0,R,"인생최패망자",190,80,0.351,,88,W,Y,1,,,,,,,,,,,,,,,,,,,,,,,,,,,,0,0,,,,,,,,,,,,,,,4281.932,2,,578,0,,,,,,,,,,,,,,,,,4282.345,1,-0.039,-37.385,-0.015,-17.382,-23.824,-49.359,-12.548,-59.189,18.914,-48.941,7.072,-67.437,40.907,-90.657,0,-109.85,-40.807,-90.557,,,,"",,,,"",,,,"",,,,"",,,,"",,,,"",,,,"",,,,"",,,,4285.646,-0.255,-37.677,,,,,,,,,,,,,,,,,,,,,,,,,,,,,,,,,,,,,,,,,,,,,,,,,,,,"",0,0,"",,,,0,""
193,,7,0,6,5,0,0,2,0,0,0,255,255,255,84,4301.837,"NABIMan",R,26,105,140,-1.765,-2.243,0.022,1.515,-0.829,0.17,-36.4,12.489,47,53,0,2,44.488,-200,7.501,0,0,3,3,R,"mungjungh",166.4,86.989,0.299,3,59,W,Y,1,4302.786,161,241,113,79,29,145,79,-30,52.334,-0.324,0.248,-20.53,1,0,0.519,-138.068,558.002,171.962,4302.216,-0.747,-20.855,,,,,,0,0,,,,,,,,,,,,,,,,,,,,,,,,,,,,,,,,,,,,,,-0.191,-37.122,-0.039,-17.176,-22.869,-47.287,-13.765,-60.2,18.784,-48.992,7.133,-67.626,40.9,-90.65,0,-109.84,-40.8,-90.55,-0.293,-36.53,,"Floră",-0.155,-17.281,,"Fresh825",-22.986,-47.053,,"Sabo_10",-13.712,-60.095,,"Kr_Luna",18.783,-49.031,,"須磨-suma-",7.134,-67.626,,"AI",40.9,-90.65,,"AI",0,-109.84,,"AI",-40.8,-90.55,,,,,,,,,,,,,,,,,,,,,,,,,,,,,,,,,,,,,,,,,,,,,,,,,,,,,,,,"",3,0,"",,,,0,""
194,,7,0,6,5,0,1,2,0,0,0,255,255,255,85,4317.751,"NABIMan",R,27,96,140,-0.65,-1.25,0.133,1.674,-0.311,0.758,-36.4,17.115,46,54,0,2,17.441,-146.068,7.831,0,0,3,3,R,"mungjungh",166.4,86.989,0.299,5,59,W,Y,1,4318.637,151,143,53,55,16,136,89,0,12.275,-0.125,0.496,-20.076,0.97,0,0.416,438.865,406.778,-43.922,4318.566,-2.984,-32.456,4320.225,3,-9.393,0.054,-56.482,0,0,,,,,,,,,,,,,,,4322.926,3,,147,1,,,,,,,,,,,,,,,,,,,-0.034,-37.294,-0.06,-17.119,-21.997,-46.71,-15.648,-60.537,18.452,-47.784,6.125,-67.016,40.908,-90.657,0,-109.85,-40.808,-90.557,-0.028,-36.585,,"Floră",-0.187,-17.273,,"Fresh825",-21.786,-46.516,,"Sabo_10",-15.546,-60.367,107,"Kr_Luna",18.451,-47.789,,"須磨-suma-",6.125,-67.016,,"AI",40.9,-90.65,,"AI",0,-109.84,,"AI",-40.8,-90.55,,,,,,,,4322.33,-18.533,-40.583,4320.849,-9.859,-58.142,,,,,,,,,,,,,,,,,,,,,,,,,4321.54,-10.82,-55.98,,,,,,,,,,,,,,,,"",2,0,"Sabo_10",,,,5,""
195,SIDE,7,0,6,5,0,0,2,0,0,0,255,255,255,,4324.347,,,,,,,,,,,,,,,,,,,,,,,4,,,,,,,,,,,,,,,,,,,,,,,,,,,,,,,,,,,,,,,0,0,,,,,,,,,,,,,,,,,,,,,,,,,,,,,,,,,,,,,,,,,,,,,,,,,,,,,,,,,,,,,,,,,,,,,,,,,,,,,,,,,,,,,,,,,,,,,,,,,,,,,,,,,,,,,,,,,,,,,,,,,,,,,,,,,,,,,,,,,,,,,,,,,"",0,0,"",,,,0,""
196,,8,1,6,5,0,0,0,0,0,0,255,255,255,95,4381.29,"인생최패망자",R,32,92,140,1.264,0.623,0.855,1.456,0.256,1.994,-36.739,52.964,6,75,19,2,190.634,-20.547,9.77,0,0,4,1,R,"Floră",190,85,0.404,0,59,W,Y,1,4382.384,167,97,106,64,20,145,135,108.213,-59.755,0.209,1.219,-19.402,0.39,0,0.528,357.683,82.989,-474.527,,,,,,,,,0,0,,,,,,,,,,,,,,,,,,,,,,,,,,,,,,,,,,,,,,0.12,-38.132,-0.067,-17.027,-19.491,-44.466,-13.349,-64.149,18.965,-51.351,7.648,-66.111,40.959,-90.705,0,-109.91,-40.859,-90.605,0.38,-36.916,,"HANA_ARASHI",-0.056,-17.053,,"Riyaj",-19.346,-44.341,,"mungjungh",-13.36,-64.152,,"Yaksok~",18.932,-51.45,,"P0TA0",7.811,-66.08,,"AI",40.9,-90.65,,"AI",0,-109.84,,"AI",-40.8,-90.55,,,,,,,,,,,,,,,,,,,,,,,,,,,,,,,,,,,,,,,,,,,,,,,,,,,,,,,,"",3,0,"",,,,0,""
197,,8,1,6,5,0,1,0,0,0,0,255,255,255,96,4398.16,"인생최패망자",R,3,89,112,-3.42,-0.702,0.711,1.139,-0.586,1.196,-36.739,72.853,8,27,65,4,-500,0,3.704,0,0,4,1,R,"Floră",190,85,0.404,,91,W,Y,1,,,,,,,,,,,,,,,,,,,,,,,,,,,,0,0,,,,,,,,,,,,,,,,,,,,,,,,,,,,,,,,,,,,,,0.087,-38.226,-0.055,-17.182,-19.709,-45.004,-13.742,-63.839,19.005,-51.137,8.41,-64.857,40.915,-90.664,0,-109.86,-40.815,-90.564,,,,"",,,,"",,,,"",,,,"",,,,"",,,,"",,,,"",,,,"",,,,,,,,,,,,,,,,,,,,,,,,,,,,,,,,,,,,,,,,,,,,,,,,,,,,,,,,,,"",0,0,"",,,,0,""
198,,8,1,6,5,0,2,0,0,0,0,255,255,255,97,4418.151,"인생최패망자",R,32,92,140,-1.664,-0.556,0.665,1.118,-1.093,1.224,-36.739,55.172,7,20,73,1,250,-62.156,2.63,0,0,4,1,R,"Floră",190,85,0.404,,91,W,Y,0,,,,,,,,,,,,,,,,,,,,,,,,,,,,0,0,,,,,,,,,,,,,,,,,,,,,,,,,,,,,,,,,,,,,,0.06,-38.176,-0.053,-17.079,-19.659,-44.687,-13.533,-63.651,19.03,-51.164,8.615,-65.316,40.915,-90.664,0,-109.86,-40.815,-90.564,,,,"",,,,"",,,,"",,,,"",,,,"",,,,"",,,,"",,,,"",,,,,,,,,,,,,,,,,,,,,,,,,,,,,,,,,,,,,,,,,,,,,,,,,,,,,,,,,,"",0,0,"",,,,0,""
199,,8,1,6,5,1,2,0,0,0,0,255,255,255,98,4435,"인생최패망자",R,3,86,111,-2.654,-1.006,0.793,1.15,-0.332,1.004,-36.739,75.923,10,25,65,4,-452.785,0,1.595,0,0,4,1,R,"Floră",190,85,0.404,,91,W,Y,1,,,,,,,,,,,,,,,,,,,,,,,,,,,,0,0,,,,,4440.83,,,,,,,,,,4438.182,4,,578,0,,,,,,,,,,,,,,,,,4439.872,1,0.038,-38.205,-0.064,-17.059,-19.88,-44.702,-13.521,-63.676,19.009,-51.156,8.366,-65.477,40.915,-90.664,0,-109.86,-40.815,-90.564,,,,"",,,,"",,,,"",,,,"",,,,"",,,,"",,,,"",,,,"",,,,,,,,,,,,,,,,,,,,,,,,,,,,,,,,,,,,,,,,,,,,,,,,,,,,,,,,,,"",0,0,"",,,,0,""
200,,8,1,6,5,0,0,1,0,0,0,255,255,255,99,4459.098,"인생최패망자",R,32,90,140,-0.669,-1.008,0.758,1.151,-0.661,0.969,-36.739,59.579,7,17,76,0,245.746,-56.501,-2.381,0,0,5,5,L,"須磨-suma-",179.7,80,0.594,,60,W,Y,0,,,,,,,,,,,,,,,,,,,,,,,,,,,,0,0,,,,,,,,,,,,,,,,,,,,,,,,,,,,,,,,,,,,,,0.053,-38.138,-0.186,-16.991,-19.347,-44.583,-11.249,-65.207,19.834,-49.975,13.114,-63.332,40.922,-90.671,0,-109.86,-40.822,-90.57,,,,"",,,,"",,,,"",,,,"",,,,"",,,,"",,,,"",,,,"",,,,,,,,,,,,,,,,,,,,,,,,,,,,,,,,,,,,,,,,,,,,,,,,,,,,,,,,,,"",0,0,"",,,,0,""
201,,8,1,6,5,0,1,1,0,0,0,255,255,255,100,4475.758,"인생최패망자",R,32,90,140,0.445,-0.529,0.861,1.138,-0.18,1.267,-36.739,65.497,11,17,72,2,250,-44.93,-2.754,0,0,5,5,L,"須磨-suma-",179.7,80,0.594,3,60,W,Y,1,4476.818,255,49,90,65,31,145,127,-13.188,-36.31,0.172,0.755,-20.319,0.31,0,0.328,130.251,-585.446,-16.952,4476.408,2.303,-23.193,4477.6,4,19.231,0.16,-45.8,0,0,,,,,,,,,,,,,,,4480.884,5,,147,32,,,,,,,,,,,,,,,,,,,0.051,-38.049,-0.102,-17.201,-19.483,-44.685,-11.24,-65.177,19.85,-49.981,13.035,-63.386,40.915,-90.664,0,-109.86,-40.815,-90.564,0.337,-36.818,,"HANA_ARASHI",-0.074,-17.265,,"Riyaj",-19.189,-44.604,86,"mungjungh",-11.243,-65.163,,"Yaksok~",19.849,-49.982,106,"P0TA0",13.121,-63.045,,"AI",40.9,-90.65,,"AI",0,-109.84,,"AI",-40.8,-90.55,,4484.388,0.523,-35.76,,,,4480.204,-18.54,-39.889,,,,4478.238,19.604,-46.421,,,,,,,,,,,,,,,,,,,4483.272,-17.65,-39.176,,,,4478.719,15.912,-45.413,,,,,,,,,,,,,"",2,0,"Yaksok~",,,,38,""
202,,8,1,6,5,0,0,2,0,0,0,255,255,255,101,4502.112,"인생최패망자",R,32,91,140,-0.338,-0.92,0.788,1.174,-0.519,1.03,-36.739,62.517,10,68,22,2,250,-58.245,5.029,0,0,0,3,L,"Sabo_10",174.9,88,0.452,5,60,W,Y,1,4503.051,159,78,121,68,18,145,111,-30,71.779,-0.086,0.602,-19.73,0.92,0,0.355,-434.855,122.114,-394.955,4502.425,-0.98,-20.023,,,,,,0,0,,,,,,,,,,,,,,,,,,,,,,,,,,,,,,,,,,,,,,-0.009,-38.224,-0.04,-16.874,-19.14,-44.649,-4.865,-67.395,19.937,-49.22,13.707,-62.919,40.922,-90.67,0,-109.87,-40.822,-90.57,0.125,-36.799,,"HANA_ARASHI",-0.043,-16.85,,"Riyaj",-19.087,-44.698,,"mungjungh",-4.864,-67.424,,"Yaksok~",19.941,-49.229,,"P0TA0",13.729,-62.904,,"AI",40.9,-90.65,,"AI",0,-109.84,,"AI",-40.8,-90.55,,,,,,,,,,,,,,,,,,,,,,,,,,,,,,,,,,,,,,,,,,,,,,,,,,,,,,,,"",3,0,"",,,,0,""
203,,8,1,6,5,0,1,2,0,0,0,255,255,255,102,4518.145,"인생최패망자",R,32,87,123,1.696,-0.65,0.997,1.151,0.3,1.185,-36.739,72.836,7,25,67,4,250,-49.345,-3.111,0,0,0,3,L,"Sabo_10",174.9,88,0.452,,60,W,Y,1,,,,,,,,,,,,,,,,,,,,,,,,,,,,0,0,,,,,,,,,,,,,,,,,,,,,,,,,,,,,,,,,,,,,,0.091,-38.055,-0.071,-17.079,-19.508,-44.32,-5.971,-67.179,20.596,-50.297,14.1,-63.099,40.915,-90.664,0,-109.86,-40.815,-90.564,,,,"",,,,"",,,,"",,,,"",,,,"",,,,"",,,,"",,,,"",,,,,,,,,,,,,,,,,,,,,,,,,,,,,,,,,,,,,,,,,,,,,,,,,,,,,,,,,,"",0,0,"",,,,0,""
204,,8,1,6,5,0,2,2,0,0,0,255,255,255,103,4534.983,"인생최패망자",R,32,92,140,-0.743,0.516,0.751,1.32,-0.694,1.895,-36.739,54.497,5,77,18,2,250,-23.213,10.188,0,0,0,3,L,"Sabo_10",174.9,88,0.452,5,60,W,Y,1,4535.874,144,88,112,71,24,145,90,114.634,-14.662,-0.139,1.082,-19.962,-0.69,0,0.324,-35.315,-558.63,216.067,,,,,,,,,0,0,,,,,,,,,,,,,,,,,,,,,,,,,,,,,,,,,,,,,,0.066,-38.052,-0.039,-17.105,-19.395,-44.35,-5.848,-67.217,20.609,-50.294,14.235,-62.582,40.915,-90.664,0,-109.86,-40.815,-90.564,0.266,-36.718,,"HANA_ARASHI",-0.051,-17.166,,"Riyaj",-19.398,-44.197,,"mungjungh",-5.852,-67.206,,"Yaksok~",20.614,-50.302,,"P0TA0",14.148,-62.431,,"AI",40.9,-90.65,,"AI",0,-109.84,,"AI",-40.8,-90.55,,,,,,,,,,,,,,,,,,,,,,,,,,,,,,,,,,,,,,,,,,,,,,,,,,,,,,,,"",3,0,"",,,,0,""
205,,8,1,6,5,0,2,2,0,0,0,255,255,255,104,4550.967,"인생최패망자",R,32,93,140,-0.184,0.521,0.811,1.323,-0.412,1.906,-36.739,55.029,7,75,18,0,221.096,-14,9.425,0,0,0,3,L,"Sabo_10",174.9,88,0.452,,60,W,Y,1,,,,,,,,,,,,,,,,,,,,,,,,,,,,0,1,,,,,,,,,,,,,,,4553.427,0,,578,0,,,,,,,,,,,,,,,,,4553.961,1,0.022,-38.114,-0.098,-17.114,-19.501,-43.769,-5.254,-66.788,20.667,-50.797,14.703,-63.132,40.915,-90.664,0,-109.85,-40.815,-90.564,,,,"",,,,"",,,,"",,,,"",,,,"",,,,"",,,,"",,,,"",,,,,,,,,,,,,,,,,,,,,,,,,,,,,,,,,,,,,,,,,,,,,,,,,,,,,,,,,,"",0,0,"",,,,0,""
206,SIDE,8,1,6,5,0,0,2,0,0,0,255,255,255,,4555.557,,,,,,,,,,,,,,,,,,,,,,,1,,,,,,,,,,,,,,,,,,,,,,,,,,,,,,,,,,,,,,,0,0,,,,,,,,,,,,,,,,,,,,,,,,,,,,,,,,,,,,,,,,,,,,,,,,,,,,,,,,,,,,,,,,,,,,,,,,,,,,,,,,,,,,,,,,,,,,,,,,,,,,,,,,,,,,,,,,,,,,,,,,,,,,,,,,,,,,,,,,,,,,,,,,,"",0,0,"",,,,0,""
207,,8,0,6,5,0,0,0,0,0,0,255,255,255,86,4591.422,"NABIMan",R,26,95,140,-2.109,-1.828,-0.008,1.49,-0.966,0.272,-36.4,18.92,55,45,0,1,35.645,-200,18.408,-0.447,-17.707,4,1,R,"HANA_ARASHI",190,90,0.25,,43,W,Y,0,,,,,,,,,,,,,,,,,,,,,,,,,,,,0,0,,,,,,,,,,,,,,,,,,,,,,,,,,,,,,,,,,,,,,-0.153,-37.568,-0.058,-17.218,-21.774,-46.518,-16.175,-59.512,17.27,-50.273,12.116,-65.826,40.915,-90.664,0,-109.86,-40.815,-90.564,,,,"",,,,"",,,,"",,,,"",,,,"",,,,"",,,,"",,,,"",,,,,,,,,,,,,,,,,,,,,,,,,,,,,,,,,,,,,,,,,,,,,,,,,,,,,,,,,,"",0,0,"",,,,0,""
208,,8,0,6,5,1,0,0,0,0,0,255,255,255,87,4606.736,"NABIMan",R,10,98,128,-0.944,-1.371,0.132,1.762,-0.315,1.152,-36.4,27.183,92,8,0,1,-67.347,400,4.135,0,0,4,1,R,"HANA_ARASHI",190,90,0.25,,43,W,Y,0,,,,,,,,,,,,,,,,,,,,,,,,,,,,0,0,,,,,,,,,,,,,,,,,,,,,,,,,,,,,,,,,,,,,,-0.084,-37.432,-0.059,-17.154,-21.805,-46.583,-15.987,-59.82,17.492,-50.385,12.11,-65.829,40.915,-90.664,0,-109.85,-40.815,-90.564,,,,"",,,,"",,,,"",,,,"",,,,"",,,,"",,,,"",,,,"",,,,,,,,,,,,,,,,,,,,,,,,,,,,,,,,,,,,,,,,,,,,,,,,,,,,,,,,,,"",0,0,"",,,,0,""
209,,8,0,6,5,2,0,0,0,0,0,255,255,255,88,4622.213,"NABIMan",R,26,97,140,-0.184,-0.578,0.152,1.762,-0.223,1.155,-36.4,24.366,95,5,0,2,40.402,-168.74,-0.53,0,0,4,1,R,"HANA_ARASHI",190,90,0.25,0,43,W,Y,1,4623.215,124,34,83,75,44,137,87,101.142,-81.193,-0.137,0.85,-19.757,1,0,0.618,-55.991,577.177,-154.052,,,,,,,,,0,0,,,,,,,,,,,,,,,,,,,,,,,,,,,,,,,,,,,,,,-0.093,-37.505,-0.092,-17.193,-21.816,-46.577,-15.312,-60.887,19.282,-49.24,12.116,-65.829,40.915,-90.664,0,-109.85,-40.815,-90.564,-0.353,-36.54,,"Floră",-0.15,-17.236,,"Fresh825",-21.657,-46.399,,"Sabo_10",-15.419,-60.332,,"Kr_Luna",19.264,-49.058,,"須磨-suma-",12.116,-65.828,,"AI",40.9,-90.65,,"AI",0,-109.84,,"AI",-40.8,-90.55,,,,,,,,,,,,,,,,,,,,,,,,,,,,,,,,,,,,,,,,,,,,,,,,,,,,,,,,"",3,0,"",,,,0,""
210,,8,0,6,5,2,1,0,0,0,0,255,255,255,89,4637.993,"NABIMan",R,0,86,140,2.106,0.778,0.395,2.049,0.906,2.084,-36.4,62.906,86,14,0,1,0,0,0.549,0,0,4,1,R,"HANA_ARASHI",190,90,0.25,,43,W,Y,0,,,,,,,,,,,,,,,,,,,,,,,,,,,,0,0,,,,,,,,,,,,,,,,,,,,,,,,,,,,,,,,,,,,,,0.007,-37.722,-0.094,-17.206,-22.031,-46.35,-15.529,-60.533,18.093,-49.144,12.115,-65.83,40.915,-90.664,0,-109.86,-40.815,-90.564,,,,"",,,,"",,,,"",,,,"",,,,"",,,,"",,,,"",,,,"",,,,,,,,,,,,,,,,,,,,,,,,,,,,,,,,,,,,,,,,,,,,,,,,,,,,,,,,,,"",0,0,"",,,,0,""
211,,8,0,6,5,3,1,0,0,0,0,255,255,255,90,4651.285,"NABIMan",R,26,97,140,-0.585,-1.61,0.143,1.543,-0.264,0.446,-36.4,21.425,53,47,0,1,3.546,-171.954,3.806,0,0,4,1,R,"HANA_ARASHI",190,90,0.25,,43,W,Y,0,,,,,,,,,,,,,,,,,,,,,,,,,,,,0,0,,4659.646,,,,,,,,,,,,,,,,,,,,,,,,,,,,,,,,,,4654.242,1,-0.089,-37.369,-0.09,-17.258,-21.994,-46.298,-15.532,-60.547,17.948,-49.315,12.115,-65.83,40.915,-90.664,0,-109.85,-40.815,-90.564,,,,"",,,,"",,,,"",,,,"",,,,"",,,,"",,,,"",,,,"",,,,,,,,,,,,,,,,,,,,,,,,,,,,,,,,,,,,,,,,,,,,,,,,,,,,,,,,,,"",5,0,"",,,,0,""
212,,8,0,6,5,0,0,0,1,0,0,11,255,255,91,4689.01,"NABIMan",R,26,102,140,-2.553,-1.789,-0.094,1.499,-1.367,0.302,-36.4,11.916,44,56,0,1,193.56,-200,8.001,-0.495,-17.306,5,4,L,"Yaksok~",190,80,0.332,,60,W,Y,0,,,,,,,,,,,,,,,,,,,,,,,,,,,,0,0,,,,,,,,,,,,4689.462,,,,,,,,,,,,,,,,,,,,,,,,,,-0.183,-37.379,-0.022,-17.046,-18.836,-39.767,-13.21,-62.887,19.98,-48.026,10.524,-57.856,40.907,-90.657,0,-109.85,-40.807,-90.557,,,,"",,,,"",,,,"",,,,"",,,,"",,,,"",,,,"",,,,"",,,,,,,,,,,,,,,,,,,,,,,,,,,,,,,,,,,,,,,,,,,,,,,,,,,,,,,,,,"",0,0,"",,,,0,""
213,,8,0,6,5,1,0,0,1,0,0,11,255,255,92,4700.482,"NABIMan",R,27,89,140,0.371,0.866,0.211,2.037,0.053,2.045,-36.4,47.041,85,15,0,2,77.488,-112.426,0.489,0,0,5,4,L,"Yaksok~",190,80,0.332,3,60,W,Y,1,4701.482,173,145,53,68,0,136,120,27.038,-23.532,0.148,1.447,-19.944,0.72,0,0.096,578.08,-146.144,66.826,4706.341,48.601,-120.319,4707.4,6,46.933,0.302,-117.01,1,0,,4707.882,4712.621,,,4706.733,4711.837,,,,,4701.223,,,,,,,,,,,,,,,,,,,,,,,,,,-0.181,-37.533,-0.064,-17.041,-18.845,-39.777,-12.749,-62.826,20.06,-47.95,9.843,-58.63,40.907,-90.657,0,-109.85,-40.807,-90.557,-0.326,-36.497,,"Floră",-0.073,-17.14,,"Fresh825",-18.829,-39.771,,"Sabo_10",-12.722,-62.771,91,"Kr_Luna",20.036,-47.971,,"須磨-suma-",9.843,-58.63,,"AI",40.9,-90.65,,"AI",0,-109.84,,"AI",-40.8,-90.55,,4717.336,0.167,-34.752,,,,,,,4712.852,0.374,-59.748,,,,,,,,,,,,,,,,,,,,,,,,,4716.181,-0.008,-56.097,,,,,,,,,,,,,,,,"",2,0,"AI",4706.733,4711.837,,9,""
214,,8,0,6,5,0,0,0,0,1,1,255,14,11,93,4747.121,"NABIMan",R,26,100,140,-2.285,-2.223,-0.02,1.487,-1.022,0.135,-36.4,12.062,52,48,0,2,19.955,-198.791,12.906,-0.462,-18.757,0,5,R,"P0TA0",174,96.215,0.525,5,60,W,Y,0,4748.051,255,67,187,75,59,145,127,107.612,-83.406,-0.427,0.204,-20.23,0.28,0,0.232,353.922,-328.326,356.288,,,,,,,,,0,0,,,,,,,,,,,,,,4747.85,,,,,,,,,,,,,,,,,,,,,,,,-0.2,-37.284,0.016,-16.895,-21.827,-46.293,-12.169,-57.713,20.066,-43.191,9.553,-57.28,40.907,-90.657,0,-109.84,-40.807,-90.557,-0.039,-36.836,,"Floră",-0.256,-17.095,,"Fresh825",-21.647,-46.104,,"Sabo_10",-13.005,-57.269,,"Kr_Luna",18.464,-46.493,,"須磨-suma-",9.545,-57.336,,"AI",40.9,-90.65,,"AI",0,-109.84,,"AI",-40.8,-90.55,,,,,,,,,,,,,,,,,,,,,,,,,,,,,,,,,,,,,,,,,,,,,,,,,,,,,,,,"",3,0,"",4750.176,4748.465,,0,""
215,,8,0,6,5,0,1,0,0,1,1,255,14,11,94,4763.054,"NABIMan",R,26,96,140,0.972,-0.217,0.251,1.823,0.236,1.324,-36.4,45.072,92,8,0,2,136.103,-151.77,0.323,0,0,0,5,R,"P0TA0",174,96.215,0.525,5,60,W,Y,1,4763.95,248,37,103,58,35,145,129,-3.099,33.615,-0.012,0.618,-19.526,0.62,0,0.082,135.46,530.002,-246.472,4763.55,-4.673,-26.411,4764.691,2,-17.651,0.056,-46.265,0,16,,,,,,,,,4770.161,,4769.359,,4763.664,4763.974,4767.669,0,,147,0,4769.168,4,3,306,4,,,,,,4767.074,2,,,,,4768.941,1,-0.107,-37.474,-0.022,-17.148,-22.579,-47.36,-12.715,-58.316,20.375,-42.996,9.47,-57.353,40.908,-90.657,0,-109.85,-40.808,-90.557,-0.21,-36.375,,"Floră",-0.086,-17.321,130,"Fresh825",-22.445,-47.256,120,"Sabo_10",-13.027,-57.945,,"Kr_Luna",19.539,-45.311,68,"須磨-suma-",9.472,-57.352,,"AI",40.9,-90.65,,"AI",0,-109.84,,"AI",-40.8,-90.55,,4774.011,0.548,-38.061,4768.561,-1.504,-20.411,4765.289,-19.481,-47.022,,,,4770.53,18.797,-39.227,,,,,,,,,,,,,,,,4769.64,3.905,-23.225,4767.593,-16.765,-36.662,,,,4772.696,18.128,-39.201,,,,,,,,,,,,,"",2,0,"Fresh825",,4770.161,4769.359,30,""
216,,8,0,6,5,0,0,2,0,0,1,255,255,14,95,4792.682,"NABIMan",R,26,101,140,-2.103,-1.047,-0.022,1.645,-1.033,0.774,-36.4,10.947,44,56,0,1,87.977,-200,17.117,0,0,1,2,R,"Riyaj",190,80,0.2,,60,W,Y,0,,,,,,,,,,,,,,,,,,,,,,,,,,,,0,0,,,,,,,,,,,4804.735,,,4798.974,,,,,,,,,,,,,,,,,,,,,,4806.105,1,-0.1,-37.504,0.036,-17.031,-22.829,-47.899,-14.132,-59.714,19.51,-41.089,9.275,-67.012,40.922,-90.671,0,-109.84,-40.822,-90.57,,,,"",,,,"",,,,"",,,,"",,,,"",,,,"",,,,"",,,,"",,,,4811.6,0.247,-37.899,,,,,,,,,,,,,,,,,,,,,,,,,,,,,,,,,,,,,,,,,,,,,,,,,,,,"",2,0,"",,4794.73,4804.735,0,""
217,,8,0,6,6,1,0,2,0,0,0,255,255,255,96,4823.101,"NABIMan",R,27,84,136,-1.104,0.372,0.088,1.937,-0.519,1.721,-36.4,27.568,92,8,0,0,25.175,-124.6,2.473,0,0,1,2,R,"Riyaj",190,80,0.2,,44,W,Y,1,,,,,,,,,,,,,,,,,,,,,,,,,,,,0,0,,,,,,,,,,,,,,,,,,,,,,,,,,,,,,,,,,,,,,-0.231,-37.395,-0.075,-17.098,-23.129,-48.136,-15.06,-59.103,17.843,-46.153,8.377,-67.199,40.915,-90.664,0,-109.86,-40.815,-90.564,,,,"",,,,"",,,,"",,,,"",,,,"",,,,"",,,,"",,,,"",,,,4829.616,-0.25,-37.397,,,,,,,,,,,,,,,,,,,,,,,,,,,,,,,,,,,,,,,,,,,,,,,,,,,,"",0,0,"",,,,0,""
218,,8,0,6,6,1,1,2,0,0,0,255,255,255,97,4837.635,"NABIMan",R,26,90,140,0.028,0.373,0.182,1.932,-0.083,1.704,-36.4,30.441,87,13,0,0,67.886,-150.629,0.854,0,0,1,2,R,"Riyaj",190,80,0.2,,44,W,Y,1,,,,,,,,,,,,,,,,,,,,,,,,,,,,0,0,,,,,,,,,,,,,,,,,,,,,,,,,,,,,,,,,,,,,,-0.095,-37.68,-0.06,-17.075,-23.151,-48.054,-15.091,-59.12,19.364,-46.959,8.488,-67.385,40.907,-90.657,0,-109.85,-40.807,-90.557,,,,"",,,,"",,,,"",,,,"",,,,"",,,,"",,,,"",,,,"",,,,4844.533,-0.376,-37.295,,,,,,,,,,,,,,,,,,,,,,,,,,,,,,,,,,,,,,,,,,,,,,,,,,,,"",0,0,"",,,,0,""
219,,8,0,6,6,1,2,2,0,0,0,255,255,255,98,4853.202,"NABIMan",R,27,90,140,-1.173,0.134,0.065,1.888,-0.626,1.561,-36.4,30.152,89,11,0,0,85.262,-142.718,-5.495,0,0,1,2,R,"Riyaj",190,80,0.2,,44,W,Y,1,,,,,,,,,,,,,,,,,,,,,,,,,,,,0,0,,,,,,,,,,,,,,,4855.833,1,,578,0,,,,,,,,,,,,,,,,,,,-0.137,-37.644,-0.089,-17.105,-22.952,-48.205,-14.995,-59.62,19.487,-47.516,8.55,-67.366,40.907,-90.657,0,-109.85,-40.807,-90.557,,,,"",,,,"",,,,"",,,,"",,,,"",,,,"",,,,"",,,,"",,,,,,,,,,,,,,,,,,,,,,,,,,,,,,,,,,,,,,,,,,,,,,,,,,,,,,,,,,"",0,0,"",,,,0,""
220,SIDE,8,0,6,6,0,0,2,0,0,0,255,255,255,,4858.826,,,,,,,,,,,,,,,,,,,,,,,2,,,,,,,,,,,,,,,,,,,,,,,,,,,,,,,,,,,,,,,0,0,,,,,,,,,,,,,,,,,,,,,,,,,,,,,,,,,,,,,,,,,,,,,,,,,,,,,,,,,,,,,,,,,,,,,,,,,,,,,,,,,,,,,,,,,,,,,,,,,,,,,,,,,,,,,,,,,,,,,,,,,,,,,,,,,,,,,,,,,,,,,,,,,"",0,0,"",,,,0,""
221,,9,1,6,6,0,0,0,0,0,0,255,255,255,105,4922.38,"P0TA0",R,0,77,128,0.293,-1.384,0.328,1.194,0.118,0.747,-36.8,34.139,56,44,0,1,0,0,-9.739,0,0,1,4,L,"Kr_Luna",190,95.218,0.504,,60,W,Y,0,,,,,,,,,,,,,,,,,,,,,,,,,,,,0,0,,,,,,,,,,,,,,,,,,,,,,,,,,,,,,,,,,,,,,-0.021,-37.987,0.053,-17.247,-19.396,-44.904,-12.693,-64.889,20.97,-51.716,14.252,-64.063,40.915,-90.664,0,-109.85,-40.815,-90.564,,,,"",,,,"",,,,"",,,,"",,,,"",,,,"",,,,"",,,,"",,,,,,,,,,,,,,,,,,,,,,,,,,,,,,,,,,,,,,,,,,,,,,,,,,,,,,,,,,"",0,0,"",,,,0,""
222,,9,1,6,6,1,0,0,0,0,0,255,255,255,106,4934.287,"P0TA0",R,13,70,110,-3.079,-0.611,0.173,1.477,-0.601,1.662,-36.8,25.793,45,55,0,2,-390.434,312.348,-22.598,0,0,1,4,L,"Kr_Luna",190,95.218,0.504,5,60,W,Y,0,4935.193,163,124,68,142,76,139,86,-30,31.488,-0.493,0.892,-21.368,1,0,0.061,-421.88,-339.475,258.406,4934.6,-1.231,-22.579,4939.05,8,-32.315,0.058,-73.667,1,0,,4940.799,,,,,,,,,,,,,,,,,,,,,,,,,,,,,,4943.38,5,,,,,-0.059,-37.606,-0.17,-17.242,-19.04,-44.587,-11.704,-65.1,20.95,-51.731,13.929,-64.164,40.907,-90.657,0,-109.85,-40.807,-90.557,-0.326,-37.565,,"HANA_ARASHI",0.098,-17.142,,"Riyaj",-18.873,-44.544,,"mungjungh",-11.703,-65.097,,"Yaksok~",20.954,-51.741,,"인생최패망자",13.895,-64.106,94,"AI",40.9,-90.65,,"AI",0,-109.84,,"AI",-40.8,-90.55,,4945.774,0.173,-38.568,,,,,,,,,,,,,4942.634,-0.888,-59.511,,,,,,,,,,,,,,,,,,,,,,,,,4944.736,0.225,-58.086,,,,,,,,,,"",2,0,"AI",,,,5,""
223,,9,1,6,6,0,0,0,1,0,0,4,255,255,107,4962.443,"P0TA0",R,26,85,138,-2.358,-0.94,0.072,1.227,-1.07,0.851,-36.8,20.835,43,57,0,2,28.208,-200,2.279,0,0,2,2,L,"Fresh825",190,80,0.2,5,60,W,Y,1,4963.522,184,136,159,141,72,145,89,-4.108,-10.194,-0.45,0.636,-19.942,-1,0,0.144,503.492,316.335,-80.177,4963.183,0.663,-26.327,4965.25,5,7.447,0.056,-58.533,0,0,,4968.948,,,,4967.722,,,,,,,,,4968.365,2,,147,4,,,,,,,,,,,,,,,,,,,-0.033,-37.707,-0.082,-16.922,-19.386,-44.058,-1.219,-67.098,19.966,-49.176,14.448,-63.25,40.922,-90.67,0,-109.86,-40.822,-90.571,-0.361,-37.684,,"HANA_ARASHI",-0.222,-17.057,,"Riyaj",-18.874,-43.337,85,"mungjungh",-1.223,-67.091,,"Yaksok~",19.973,-49.179,,"인생최패망자",14.771,-63.059,120,"AI",40.9,-90.65,,"AI",0,-109.84,,"AI",-40.8,-90.55,,4971.323,-0.28,-38.594,,,,4967.688,-18.525,-40.401,,,,,,,4965.822,8.201,-59.308,,,,,,,,,,,,,,,,4970.185,-17.597,-39.6,,,,,,,4966.543,4.437,-57.446,,,,,,,,,,"",2,0,"인생최패망자",4967.722,,,7,""
224,,9,1,6,6,0,0,1,0,1,0,255,4,255,108,4985.499,"P0TA0",R,13,66,107,-0.96,-1.738,0.345,1.3,0.197,1.09,-36.8,19.597,58,42,0,4,-308.643,386.423,-28.352,-0.342,-18.392,3,0,L,"NABIMan",190,83.228,0.48,,60,W,Y,1,,,,,,,,,,,,,,,,,,,,,,,,,,,,0,0,,,,,,,,,,,,,4999.632,,,,,,,,,,,,,,,,,,,,,,,,,0.127,-37.727,-0.072,-16.998,-19.29,-44.794,-3.885,-60.003,18.83,-48.014,14.903,-62.513,40.922,-90.671,0,-109.86,-40.822,-90.571,,,,"",,,,"",,,,"",,,,"",,,,"",,,,"",,,,"",,,,"",,,,4991.121,-0.202,-37.46,,,,,,,,,,,,,,,,,,,,,,,,,,,,,,,,,,,,,,,,,,,,,,,,,,,,"",0,0,"",4988.606,,,0,""
225,,9,1,6,6,0,1,1,0,1,0,255,4,255,109,5001.286,"P0TA0",R,13,65,106,-2.426,-1.375,0.278,1.355,-0.112,1.267,-36.8,19.263,57,43,0,4,-376.237,312.348,-46.261,0.131,-20.359,3,0,L,"NABIMan",190,83.228,0.48,,35,W,Y,1,,,,,,,,,,,,,,,,,,,,,,,,,,,,0,0,,,,,,,,,,,,,5020.535,,,,,,,,,,,,,,,,,,,,,,,,,0.084,-37.591,0.1,-17.193,-19.039,-44.559,-3.885,-60.004,18.903,-48.147,14.61,-63.517,40.915,-90.664,0,-109.85,-40.815,-90.564,,,,"",,,,"",,,,"",,,,"",,,,"",,,,"",,,,"",,,,"",,,,,,,,,,,,,,,,,,,,,,,,,,,,,,,,,,,,,,,,,,,,,,,,,,,,,,,,,,"",0,0,"",5004.696,,,0,""
226,,9,1,6,6,0,2,1,0,1,0,255,4,255,110,5039.188,"P0TA0",R,26,84,136,-1.073,-0.149,0.179,1.378,-0.573,1.342,-36.8,19.85,57,43,0,2,69.478,-200,-1.275,0,0,3,0,L,"NABIMan",190,83.228,0.48,3,35,W,Y,1,5040.11,107,26,11,29,21,18,44,33.943,28.398,-0.347,1.14,-20.829,-0.61,0,0.497,-252.765,-424.304,340.7,5042.208,-10.457,-42.594,5042.367,2,-9.772,1.501,-40.809,0,0,,,,,,,,,5042.608,,,,,,5042.89,3,,451,0,5044.749,1,2,678,2,,,,,,,,,,,,,,-0.018,-37.679,-0.062,-18.028,-19.287,-44.815,-3.447,-59.372,18.372,-48.199,13.423,-62.219,40.952,-90.698,0,-109.9,-40.852,-90.598,-0.433,-37.478,,"HANA_ARASHI",-0.082,-18.388,,"Riyaj",-19.116,-44.753,101,"mungjungh",-3.449,-59.37,,"Yaksok~",18.32,-48.166,,"인생최패망자",10.939,-58.191,,"AI",40.9,-90.65,,"AI",0,-109.84,,"AI",-40.8,-90.55,,,,,,,,5042.901,-10.015,-41.432,,,,,,,5044.759,-0.794,-57.971,,,,,,,,,,,,,,,,5043.88,-6.733,-44.298,,,,,,,,,,,,,,,,,,,"",1,0,"Riyaj",,5042.608,,6,""
227,SIDE,9,1,6,6,0,0,2,0,0,0,255,255,255,,5049.74,,,,,,,,,,,,,,,,,,,,,,,4,,,,,,,,,,,,,,,,,,,,,,,,,,,,,,,,,,,,,,,0,0,,,,,,,,,,,,,,,,,,,,,,,,,,,,,,,,,,,,,,,,,,,,,,,,,,,,,,,,,,,,,,,,,,,,,,,,,,,,,,,,,,,,,,,,,,,,,,,,,,,,,,,,,,,,,,,,,,,,,,,,,,,,,,,,,,,,,,,,,,,,,,,,,"",0,0,"",,,,0,""
228,,9,0,6,6,0,0,0,0,0,0,255,255,255,99,5079.928,"NABIMan",R,10,94,128,-0.285,-1.593,0.172,1.716,-0.129,1.005,-36.4,22.895,48,52,0,1,0,400,34.044,-0.084,-18.244,2,5,R,"인생최패망자",190,80,0.351,,60,W,Y,0,,,,,,,,,,,,,,,,,,,,,,,,,,,,0,0,,,,,,,,,,,,,,,,,,,,,,,,,,,,,,,,,,,,,,-0.117,-37.43,-0.027,-16.804,-21.429,-46.234,-17.39,-56.99,18.871,-48.491,11.515,-66.165,40.915,-90.664,0,-109.86,-40.815,-90.564,,,,"",,,,"",,,,"",,,,"",,,,"",,,,"",,,,"",,,,"",,,,,,,,,,,,,,,,,,,,,,,,,,,,,,,,,,,,,,,,,,,,,,,,,,,,,,,,,,"",0,0,"",,,,0,""
229,,9,0,6,6,1,0,0,0,0,0,255,255,255,100,5094.927,"NABIMan",R,27,96,140,-0.188,0.063,0.157,1.874,-0.201,1.517,-36.4,22.843,88,10,2,2,86.435,-144.319,-0.576,0,0,2,5,R,"인생최패망자",190,80,0.351,5,60,W,Y,1,5095.982,255,173,154,127,57,145,132,25.368,-67.997,-0.033,1.067,-20.732,0.61,0,0.464,435.555,251.708,327.009,,,,,,,,,0,0,,,,,,,,,,,,,,,,,,,,,,,,,,,,,,,,,,,,,,-0.116,-37.328,-0.026,-17.144,-21.458,-46.282,-16.387,-58.602,18.775,-48.749,11.524,-66.161,40.915,-90.664,0,-109.85,-40.815,-90.564,0.032,-36.855,,"Floră",-0.11,-17.37,,"Fresh825",-21.215,-46.009,,"Sabo_10",-16.6,-58.29,,"Kr_Luna",18.714,-48.741,,"須磨-suma-",11.524,-66.162,,"AI",40.9,-90.65,,"AI",0,-109.84,,"AI",-40.8,-90.55,,,,,,,,,,,,,,,,,,,,,,,,,,,,,,,,,,,,,,,,,,,,,,,,,,,,,,,,"",3,0,"",,,,0,""
230,,9,0,6,6,1,1,0,0,0,0,255,255,255,101,5110.029,"NABIMan",R,27,71,123,2.401,1.62,0.388,2.178,0.875,2.5,-36.4,59.87,80,20,0,1,102.012,-112.392,-5.814,0,0,2,5,R,"인생최패망자",190,80,0.351,,87,W,Y,0,,,,,,,,,,,,,,,,,,,,,,,,,,,,0,0,,,,,,,,,,,,,,,,,,,,,,,,,,,,,,,,,,,,,,-0.099,-37.539,-0.067,-17.181,-21.523,-45.921,-16.917,-59.602,19.521,-47.516,11.923,-66.002,40.915,-90.664,0,-109.85,-40.815,-90.564,,,,"",,,,"",,,,"",,,,"",,,,"",,,,"",,,,"",,,,"",,,,,,,,,,,,,,,,,,,,,,,,,,,,,,,,,,,,,,,,,,,,,,,,,,,,,,,,,,"",0,0,"",,,,0,""
231,,9,0,6,6,2,1,0,0,0,0,255,255,255,102,5127.431,"NABIMan",R,26,94,140,-1.359,-0.613,0.042,1.733,-0.735,1.06,-36.4,14.64,51,49,0,0,106.307,-183.655,-2.062,0,0,2,5,R,"인생최패망자",190,80,0.351,,87,W,Y,0,,,,,,,,,,,,,,,,,,,,,,,,,,,,0,0,,,,,,,,,,,,,,,,,,,,,,,,,,,,,,,,,,,,,,-0.083,-37.439,-0.056,-17.148,-21.461,-45.877,-13.437,-62.616,19.511,-48.558,11.884,-65.991,40.915,-90.664,0,-109.85,-40.815,-90.564,,,,"",,,,"",,,,"",,,,"",,,,"",,,,"",,,,"",,,,"",,,,,,,,,,,,,,,,,,,,,,,,,,,,,,,,,,,,,,,,,,,,,,,,,,,,,,,,,,"",0,0,"",,,,0,""
232,,9,0,6,6,2,2,0,0,0,0,255,255,255,103,5144.641,"NABIMan",R,27,86,139,1.718,-0.288,0.349,1.814,0.691,1.323,-36.4,26.586,87,13,0,2,34.959,-112.365,6.4,0,0,2,5,R,"인생최패망자",190,80,0.351,0,87,W,Y,1,5145.689,255,118,162,86,36,145,92,39.061,-35.604,0.318,0.899,-20.28,-1,0,0.399,498.711,-208.19,260.661,5150.425,46.97,-79.1,5150.575,6,45.547,2.223,-77.428,0,0,,5151.211,,,,,,,,,,,,,5151.141,2,,456,0,,,,,,,,,,,,,,,,,,,0.051,-37.549,-0.032,-17.157,-21.55,-45.919,-12.974,-62.453,19.174,-48.882,11.885,-65.991,40.915,-90.664,0,-109.86,-40.815,-90.564,-0.021,-36.833,,"Floră",-0.035,-17.321,,"Fresh825",-21.289,-45.726,,"Sabo_10",-12.889,-62.248,,"Kr_Luna",19.443,-48.577,,"須磨-suma-",11.885,-65.99,,"AI",40.9,-90.65,,"AI",0,-109.84,,"AI",-40.8,-90.55,,,,,,,,,,,,,,,,,,,,,,,,,,,,,,,,,,,,,,,,,,,,,,,,,,,,,,,,"",1,0,"AI",,,,0,""
233,,9,0,6,6,0,0,1,0,0,0,255,255,255,104,5170.347,"NABIMan",R,27,85,137,1.946,0.272,0.375,1.904,0.812,1.607,-36.4,41.771,88,12,0,2,18.211,-128.432,-10.177,0,0,3,3,R,"mungjungh",166.4,86.989,0.299,5,60,W,Y,1,5171.292,255,58,55,28,9,133,75,-24.949,-6.741,0.347,0.907,-19.869,-1,0,0.19,248.644,-318.704,-443.4,5170.816,0.558,-21.643,5172.05,0,2.215,0.76,-35.542,0,0,,,,,,,,,,,,,,,5175.989,3,,147,8,,,,,,,,,,,,,,,,,,,-0.017,-37.497,-0.05,-17.237,-21.252,-45.82,-13.104,-62.848,19.026,-48.372,12.279,-66.075,40.915,-90.664,0,-109.86,-40.815,-90.564,-0.414,-36.635,112,"Floră",-0.06,-17.355,,"Fresh825",-21.019,-45.689,81,"Sabo_10",-13.081,-62.705,,"Kr_Luna",19.302,-48.931,,"須磨-suma-",12.174,-65.824,,"AI",40.9,-90.65,,"AI",0,-109.84,,"AI",-40.8,-90.55,,5172.586,2.358,-36.848,,,,5175.395,-18.727,-39.516,,,,,,,,,,,,,,,,,,,5174.471,0.306,-37.569,,,,5177.475,-17.731,-40.091,,,,,,,,,,,,,,,,,,,"",2,0,"NABIMan",,,,12,""
234,,9,0,6,6,0,0,2,0,0,0,255,255,255,105,5195.723,"NABIMan",R,26,76,127,2.294,-0.385,0.385,1.773,0.86,1.188,-36.4,26.748,44,56,0,2,85.674,-180,-10.379,0,0,4,1,R,"HANA_ARASHI",190,90,0.25,5,60,W,Y,1,5196.768,206,107,127,68,47,145,116,10.5,54.03,0.385,0.848,-20.755,0.12,0,0.632,7.803,560.971,212.723,5198.858,-40.334,-50.726,,,,,,0,0,,,,,,,,,,,,,,,,,,,,,,,,,,,,,,,,,,,,,,0.023,-37.421,-0.035,-16.868,-23.315,-46.93,-13.02,-64.196,19.038,-47.861,12.057,-65.764,40.914,-90.663,0,-109.86,-40.814,-90.563,0.136,-36.902,,"Floră",0.034,-17.045,,"Fresh825",-23.205,-46.904,,"Sabo_10",-13.267,-63.388,,"Kr_Luna",18.938,-47.964,,"須磨-suma-",12.058,-65.764,,"AI",40.9,-90.65,,"AI",0,-109.84,,"AI",-40.8,-90.55,,,,,,,,,,,,,,,,,,,,,,,,,,,,,,,,,,,,,,,,,,,,,,,,,,,,,,,,"",3,0,"",,,,0,""
235,,9,0,6,6,0,1,2,0,0,0,255,255,255,106,5209.322,"NABIMan",R,27,78,128,3.591,0.039,0.507,1.876,1.426,1.523,-36.4,32.156,86,14,0,1,83.188,-105.587,-1.671,0,0,4,1,R,"HANA_ARASHI",190,90,0.25,,60,W,Y,0,,,,,,,,,,,,,,,,,,,,,,,,,,,,0,0,,,,,,,,,,,,,,,,,,,,,,,,,,,,,,,,,,,,,,0.112,-37.398,-0.017,-16.889,-23.207,-47.605,-13.73,-62.991,18.612,-47.816,12.065,-65.76,40.907,-90.657,0,-109.85,-40.807,-90.557,,,,"",,,,"",,,,"",,,,"",,,,"",,,,"",,,,"",,,,"",,,,,,,,,,,,,,,,,,,,,,,,,,,,,,,,,,,,,,,,,,,,,,,,,,,,,,,,,,"",0,0,"",,,,0,""
236,,9,0,6,6,1,1,2,0,0,0,255,255,255,107,5223.831,"NABIMan",R,34,78,128,2.37,0.462,0.388,1.963,0.876,1.803,-36.4,41.515,86,14,0,2,97.448,-87.863,-4.317,0,0,4,1,R,"HANA_ARASHI",190,90,0.25,5,60,W,Y,1,5224.872,166,132,171,88,36,145,132,28.134,-37.338,0.435,1.224,-20.791,0.54,0,0.718,248.167,416.028,354.026,5230.117,64.691,-126.754,,,,,,0,0,,5230.94,5235.716,5241.033,5246.194,,,,,,,,,,,,,,,,,,,,,,,,,,,,,,,,,-0.034,-37.32,-0.047,-16.843,-23.283,-47.72,-13.561,-63.102,19.039,-47.827,12.063,-65.761,40.915,-90.664,0,-109.85,-40.815,-90.564,-0.004,-36.848,,"Floră",-0.008,-16.929,,"Fresh825",-23.044,-47.885,,"Sabo_10",-13.319,-63.008,,"Kr_Luna",19.029,-47.769,,"須磨-suma-",12.064,-65.762,,"AI",40.9,-90.65,,"AI",0,-109.84,,"AI",-40.8,-90.55,,,,,,,,,,,,,,,,,,,,,,,,,,,,,,,,,,,,,,,,,,,,,,,,,,,,,,,,"",4,0,"",5235.716,5241.033,,0,""
237,END,10,1,6,7,0,0,0,0,0,0,255,255,255,,5252.841,,,,,,,,,,,,,,,,,,,,,,,,,,,,,,,,,,,,,,,,,,,,,,,,,,,,,,,,,,,,,,,,,,,,,,,,,,,,,,,,,,,,,,,,,,,,,,,,,,,,,,,,,,,,,,,,,,,,,,,,,,,,,,,,,,,,,,,,,,,,,,,,,,,,,,,,,,,,,,,,,,,,,,,,,,,,,,,,,,,,,,,,,,,,,,,,,,,,,,,,,,,,,,,,,,,,,,,,"{""schemaVersion"":6,""gameTimeZeroUtc"":""2026-08-04T08:33:37.708Z"",""exportedAtUtc"":""2026-08-04T10:01:10.549Z"",""teamNameA"":""Red"",""teamNameB"":""Blue""}"
