id,type,inn,half,scoreA,scoreB,ball,strk,out,b1,b2,b3,b1Idx,b2Idx,b3Idx,pCnt,pSec,pName,pHand,pType,pPow,spdK,zoneX,zoneY,startX,startY,targetX,targetY,zDist,pitchAngle,pOver,pSide,pUnder,call,manual,sH,sV,gyro,plx,plz,bIdx,order1Name,order2Name,order3Name,order4Name,order5Name,order6Name,order7Name,order8Name,order9Name,bPos,bZone,bName,bHCm,batLen,batCen,batType,bFps,bOS,bVR,bSwing,hSec,rotS,rotL,shS,lgS,prepS,gripPen,batSpd,ev,ldeg,sdeg,launchPosX,launchPosY,launchPosZ,hPos,buntGrip,handDist,angVeloX,angVeloY,angVeloZ,ltSec,lx,lz,cSec,cPos,cx,cy,cz,1BSafe,tag,cpSec,bTo1Sec,bTo2Sec,bTo3Sec,bToHSec,r1To2Sec,r1To3Sec,r1ToHSec,r2To3Sec,r2ToHSec,r3ToHSec,r1LeaveSec,r2LeaveSec,r3LeaveSec,out1Sec,out1BatterIndex,out1PrevBase,out1Code,out1Ass,out2Sec,out2BatterIndex,out2PrevBase,out2Code,out2Ass,out3Sec,out3BatterIndex,out3PrevBase,out3Code,out3Ass,ball1Sec,ball1Pos,ball2Sec,ball2Pos,ball3Sec,ball3Pos,ballHSec,ballHPos,PitchPPosX,PitchPPosZ,PitchCPosX,PitchCPosZ,Pitch1BPosX,Pitch1BPosZ,Pitch2BPosX,Pitch2BPosZ,Pitch3BPosX,Pitch3BPosZ,PitchSSPosX,PitchSSPosZ,PitchLFPosX,PitchLFPosZ,PitchCFPosX,PitchCFPosZ,PitchRFPosX,PitchRFPosZ,PPosX,PPosY,PThrSpd,CName,CPosX,CPosY,CThrSpd,1BName,1BPosX,1BPosY,1BThrSpd,2BName,2BPosX,2BPosY,2BThrSpd,3BName,3BPosX,3BPosY,3BThrSpd,SSName,SSPosX,SSPosY,SSThrSpd,LFName,LFPosX,LFPosY,LFThrSpd,CFName,CFPosX,CFPosY,CFThrSpd,RFName,RFPosX,RFPosY,RFThrSpd,PGetSec,PGetX,PGetZ,CGetSec,CGetX,CGetZ,1BGetSec,1BGetX,1BGetZ,2BGetSec,2BGetX,2BGetZ,3BGetSec,3BGetX,3BGetZ,SSGetSec,SSGetX,SSGetZ,LFGetSec,LFGetX,LFGetZ,CFGetSec,CFGetX,CFGetZ,RFGetSec,RFGetX,RFGetZ,PThrSec,PThrX,PThrZ,CThrSec,CThrX,CThrZ,1BThrSec,1BThrX,1BThrZ,2BThrSec,2BThrX,2BThrZ,3BThrSec,3BThrX,3BThrZ,SSThrSec,SSThrX,SSThrZ,LFThrSec,LFThrX,LFThrZ,CFThrSec,CFThrX,CFThrZ,RFThrSec,RFThrX,RFThrZ,errPosDelta,result,balk,cPlr,sb2Sec,sb3Sec,sbhSec,ass,remarks
1,,1,1,0,0,0,0,0,0,0,0,255,255,255,0,315.215,"Floră",R,3,62,94,1.673,-0.215,0.535,1.665,1.334,1.504,-36.341,44.922,0,100,0,4,"",-364.55,0,27.194,0,0,0,"Yaksok~","아침땅_","_Gosomi","kneesohime","Kr_Luna","紅さかな","ddil_ddil69","YukihiroD","うよすま",2,R,"Yaksok~",172.8,86.251,0.328,,69,W,Y,1,,,,,,,,,,,,,,,,,,,,,,,,,,,,,0,0,,,,,,,,,,,,,,,,,,,,,,,,,,,,,,,,,,,,,,-0.216,-38.185,0.001,-17.39,-20.209,-46.769,-15.956,-61.223,19.992,-49.818,10.611,-63.209,44.872,-102.225,-1.634,-109.283,-39.662,-88.545,,,,"",,,,"",,,,"",,,,"",,,,"",,,,"",,,,"",,,,"",,,,,,,,,,,,,,,,,,,,,,,,,,,,,,,,,,,,,,,,,,,,,,,,,,,,,,,,,,"",0,0,"",,,,0,""
2,,1,1,0,0,0,1,0,0,0,0,255,255,255,1,331.353,"Floră",R,32,75,126,1.471,0.963,0.367,1.645,0.312,1.28,-36.341,43.581,0,100,0,0,"",163.715,-97.835,7.014,-0.056,-20.556,0,"=","=","=","=","=","=","=","=","=",2,R,"Yaksok~",172.8,86.251,0.328,,62,W,Y,1,,,,,,,,,,,,,,,,,,,,,,,,,,,,,0,0,,,,,,,,,,,,,,,,,,,,,,,,,,,,,,,,,,,,,,-0.153,-37.946,0.008,-17.379,-19.576,-45.595,-16.701,-62.233,20.123,-49.089,10.615,-63.291,45.348,-101.43,-4.102,-108.197,-39.744,-88.591,,,,"",,,,"",,,,"",,,,"",,,,"",,,,"",,,,"",,,,"",,,,,,,,,,,,,,,,,,,,,,,,,,,,,,,,,,,,,,,,,,,,,,,,,,,,,,,,,,"",0,0,"",,,,0,""
3,,1,1,0,0,0,2,0,0,0,0,255,255,255,2,361.091,"Floră",R,13,68,97,-0.685,-1.53,0.406,1.663,0.329,1.448,-36.341,45.979,0,100,0,2,"",-253.143,400,7.071,0,0,0,"=","=","=","=","=","=","=","=","=",2,R,"Yaksok~",172.8,86.251,0.328,5,62,W,Y,1,362.118,185,100,164,84,59,,145,83,14.065,-35.206,-0.112,0.511,-20.843,1,0,0.17,-460.307,356.514,36.087,364.147,21.983,-55.659,366.888,6,36.189,0.055,-81.601,1,0,,367.724,,,,,,,,,,,,,,,,,,,,,,,,,,,,,,,,,,,,-0.199,-38.201,-0.008,-17.365,-20.121,-46.173,-16.263,-62.255,19.437,-48.692,8.788,-63.732,45.204,-101.69,-4.101,-108.21,-39.817,-87.325,-0.225,-36.817,,"Ainy4／あいにゃ",-0.015,-17.368,,"하루（Haru）",-20.133,-46.187,,"muyang_",-15.02,-60.558,85,"aura_5599",19.414,-48.639,,"CoalCat",8.847,-63.618,,"Pring__",45.199,-101.689,114,"눈꽃",-4.101,-108.203,,"-라후이-",-40.513,-88.308,,373.353,-0.621,-38.343,,,,,,,369.468,0.589,-59.402,,,,,,,367.031,36.653,-82.83,,,,,,,,,,,,,,,,372.278,-2.844,-55.248,,,,,,,367.915,31.372,-79.031,,,,,,,"",2,0,"Pring__",,,,67,""
4,,1,1,0,0,0,0,0,1,0,0,2,255,255,3,385.886,"Floră",R,33,82,133,-0.011,-0.359,0.265,1.484,-0.164,1.415,-36.341,33.386,0,100,0,0,"",125.143,15.183,0.873,0,0,1,"=","=","=","=","=","=","=","=","=",5,R,"아침땅_",169.9,87.187,0.502,,67,W,Y,0,,,,,,,,,,,,,,,,,,,,,,,,,,,,,0,0,,,,,,389.116,,,,,,,,,,,,,,,,,,,,,,,,,,,,,,,,-0.065,-37.76,-0.037,-17.338,-19.639,-41.715,-11.554,-57.487,20.464,-50.188,7.351,-61.795,45.45,-101.357,6.204,-107.268,-34.423,-82.733,,,,"",,,,"",,,,"",,,,"",,,,"",,,,"",,,,"",,,,"",,,,395.332,-0.398,-38.154,,,,,,,,,,,,,,,,,,,,,,,,,,,,,,,,,,,,,,,,,,,,,,,,,,,,"",0,0,"",389.116,,,0,""
5,,1,1,0,0,0,1,0,0,1,0,255,2,255,4,407.676,"Floră",R,3,69,99,-1.398,-0.943,0.328,1.662,0.088,1.441,-36.341,52.914,0,100,0,0,"",-343.36,215.75,7.529,-0.553,-16.905,1,"=","=","=","=","=","=","=","=","=",5,R,"아침땅_",169.9,87.187,0.502,,39,W,Y,1,,,,,,,,,,,,,,,,,,,,,,,,,,,,,0,0,,,,,,,,,,,,,421.914,,,,,,,,,,,,,,,,,,,,,,,,,-0.223,-37.527,-0.061,-17.256,-19.899,-46.165,-11.514,-58.019,20.491,-47.425,7.284,-61.545,42.196,-99.121,-2.978,-105.566,-39.806,-84.915,,,,"",,,,"",,,,"",,,,"",,,,"",,,,"",,,,"",,,,"",,,,411.017,-0.193,-36.938,,,,,,,,,,,,,,,,,,,,,,,,,,,,,,,,,,,,,,,,,,,,,,,,,,,,"",0,0,"",410.512,,,0,""
6,,1,1,0,0,0,2,0,0,1,0,255,2,255,5,422.29,"Floră",R,3,64,96,-0.137,-0.223,0.614,1.622,0.672,1.503,-36.341,13.107,0,100,0,0,"",-350.736,0,17.407,0,0,1,"=","=","=","=","=","=","=","=","=",5,R,"아침땅_",169.9,87.187,0.502,,39,W,Y,0,,,,,,,,,,,,,,,,,,,,,,,,,,,,,0,0,,,,,,,,,,,,,442.821,,425.039,1,,578,0,,,,,,,,,,,,,,,,,,,0.323,-37.672,-0.056,-17.301,-20.33,-46.286,-12.894,-60.388,20.332,-48.067,4.589,-61.158,41.266,-99.41,-1.513,-105.625,-39.782,-84.903,,,,"",,,,"",,,,"",,,,"",,,,"",,,,"",,,,"",,,,"",,,,425.833,-0.307,-37.156,,,,,,,,,,,,,,,,,,,,,,,,,,,,,,,,,,,,,,,,,,,,,,,,,,,,"",0,0,"",425.107,,,0,""
7,,1,1,0,0,0,0,1,0,1,0,255,2,255,6,443.345,"Floră",R,3,74,115,-0.765,-0.933,0.351,1.582,0.239,1.063,-36.341,52.103,0,100,0,0,"",-407.778,0,1.758,0,0,2,"=","=","=","=","=","=","=","=","=",8,R,"_Gosomi",175,87.368,0.434,,68,W,Y,1,,,,,,,,,,,,,,,,,,,,,,,,,,,,,0,0,,,,,,,,,,,,,457.413,,,,,,,,,,,,,,,,,,,,,,,,,-0.225,-37.554,-0.048,-17.296,-19.686,-45.324,-13.917,-59.735,20.626,-47.874,7.575,-62.076,41.285,-99.373,-6.969,-109.191,-39.791,-84.899,,,,"",,,,"",,,,"",,,,"",,,,"",,,,"",,,,"",,,,"",,,,446.757,-0.254,-36.643,,,,,,,,,,,,,,,,,,,,,,,,,,,,,,,,,,,,,,,,,,,,,,,,,,,,"",0,0,"",445.746,,,0,""
8,,1,1,0,0,0,1,1,0,1,0,255,2,255,7,457.844,"Floră",R,4,67,101,1.734,-0.712,0.504,1.601,1.231,1.209,-36.341,64.676,0,100,0,2,"",-245.745,0,-0.552,0,0,2,"=","=","=","=","=","=","=","=","=",8,R,"_Gosomi",175,87.368,0.434,5,68,W,Y,1,459.097,22,109,91,69,56,,43,46,20.493,15.388,0.329,0.736,-20.679,0.04,0,0.343,-479.03,68.108,354.812,,,,460.53,0,-3.162,2.211,-32.956,0,0,,,,,,,,,,,,,469.801,,460.621,2,,449,0,,,,,,,,,,,,,462.621,5,,,,,-0.117,-37.726,-0.056,-17.276,-19.415,-45.568,-15.455,-62.981,19.483,-45.186,7.325,-62.182,40.433,-104.344,-5.13,-111.279,-39.783,-84.887,-0.277,-36.83,120,"Ainy4／あいにゃ",-0.056,-17.336,,"하루（Haru）",-19.409,-45.55,,"muyang_",-15.443,-62.944,,"aura_5599",19.25,-44.327,,"CoalCat",6.884,-61.843,85,"Pring__",40.417,-104.319,,"눈꽃",-5.128,-111.276,,"-라후이-",-39.808,-84.869,,460.629,-3.589,-33.344,,,,,,,,,,,,,462.369,-0.694,-58.221,,,,,,,,,,461.4,-2.037,-37.047,,,,,,,,,,,,,464.96,0.941,-57.752,,,,,,,,,,"",1,0,"Floră",462.125,,,72,""
9,,1,1,0,0,0,0,2,0,1,0,255,2,255,8,479.956,"Floră",R,13,71,99,-2.476,-1.281,0.145,1.548,-0.482,1.217,-36.341,35.051,0,100,0,4,"",-346.078,319.587,14.112,0,0,3,"=","=","=","=","=","=","=","=","=",4,R,"kneesohime",190,85,0.497,,85,W,Y,1,,,,,,,,,,,,,,,,,,,,,,,,,,,,,0,0,,,,,,,,,,,,,491.605,,,,,,,,,,,,,,,,,,,,,,,,,-0.198,-37.511,-0.086,-17.284,-20.153,-45.99,-16.289,-62.559,20.216,-49.267,10.066,-62.796,42.591,-100.449,-4.265,-116.574,-41.065,-86.772,,,,"",,,,"",,,,"",,,,"",,,,"",,,,"",,,,"",,,,"",,,,483.466,-0.411,-36.804,,,,,,,,,,,,,,,,,,,,,,,,,,,,,,,,,,,,,,,,,,,,,,,,,,,,"",0,0,"",482.679,,,0,""
10,,1,1,0,0,0,1,2,0,1,0,255,2,255,9,492.133,"Floră",R,0,55,97,-1.299,-0.466,0.062,1.624,-0.568,1.338,-36.341,56.327,0,100,0,2,"",0,0,-1.108,0,0,3,"=","=","=","=","=","=","=","=","=",4,R,"kneesohime",190,85,0.497,3,85,W,Y,1,493.402,255,121,120,104,61,,145,130,20.989,15.332,-0.242,0.835,-20.351,0.38,0,0.34,231.633,167.768,73.699,498.322,-32.315,-125.232,500.705,7,-26.139,0.058,-116.271,1,0,,499.514,504.079,516.384,523.483,,,,498.412,503.9,,,,,,,,,,,,,,,,,,,,,,,,,,,,-0.396,-37.621,-0.063,-17.296,-20.159,-45.982,-16.576,-62.06,20.577,-51.257,9.46,-62.689,42.583,-100.48,-4.701,-116.886,-41.038,-86.784,-0.488,-36.847,,"Ainy4／あいにゃ",-0.152,-17.391,128,"하루（Haru）",-20.141,-45.981,,"muyang_",-16.455,-61.93,,"aura_5599",20.461,-51.108,,"CoalCat",9.485,-62.492,61,"Pring__",42.536,-100.456,114,"눈꽃",-4.684,-116.851,89,"-라후이-",-41.043,-86.776,,,,,513.921,-13.468,-11.271,,,,,,,,,,504.7,-0.223,-59.392,520.84,40.159,-52.924,500.784,-26.003,-116.366,,,,,,,514.889,-10.147,-14.426,,,,,,,,,,507.709,0.629,-58,521.611,36.205,-48.118,501.565,-23.316,-110.471,,,,"",2,0,"눈꽃",504.079,498.412,503.9,270,""
11,,1,1,2,0,0,0,2,0,0,0,255,255,255,10,545.648,"Floră",R,3,70,99,1.582,-0.588,0.554,1.578,1.408,1.262,-36.341,53.502,0,100,0,2,"",-424.837,0,10.892,0,0,4,"=","=","=","=","=","=","=","=","=",3,L,"Kr_Luna",190,95.432,0.498,0,70,W,Y,0,546.665,77,77,53,76,49,,113,105,25.337,-27.286,0.276,0.766,-20.125,0.83,0,0.132,75.177,-39.065,24.297,551.355,44.139,-103.441,551.697,6,42.805,1.965,-100.954,0,0,,552.502,,,,,,,,,,,,,551.715,4,,455,0,,,,,,,,,,,,,,,,,,,-0.07,-37.37,0.053,-17.488,-20.836,-48.933,-14.83,-59.996,20.691,-49.789,7.357,-62.462,48.609,-103.025,1.361,-113.744,-39.432,-81.202,-0.199,-36.87,,"Ainy4／あいにゃ",0.031,-17.521,,"하루（Haru）",-20.797,-48.661,,"muyang_",-14.549,-60.056,,"aura_5599",20.554,-49.579,,"CoalCat",7.356,-62.461,,"Pring__",48.612,-102.98,79,"눈꽃",2.126,-113.798,,"-라후이-",-39.564,-82.525,,,,,,,,,,,,,,,,,,,,551.732,42.987,-101.589,,,,,,,,,,,,,,,,,,,,,,,,,552.842,42.709,-100.681,,,,,,,"",1,0,"Pring__",,,,2,""
12,SIDE,1,1,2,0,0,0,2,0,0,0,255,255,255,,556.726,,,,,,,,,,,,,,,,,,,,,,,,5,"=","=","=","=","=","=","=","=","=",,,,,,,,,,,,,,,,,,,,,,,,,,,,,,,,,,,,,,,0,0,,,,,,,,,,,,,,,,,,,,,,,,,,,,,,,,,,,,,,,,,,,,,,,,,,,,,,,,,,,,,,,,,,,,,,,,,,,,,,,,,,,,,,,,,,,,,,,,,,,,,,,,,,,,,,,,,,,,,,,,,,,,,,,,,,,,,,,,,,,,,,,,,"",0,0,"",,,,0,""
13,,1,0,2,0,0,0,0,0,0,0,255,255,255,0,646.098,"うよすま",R,3,69,98,-2.145,0.739,0.404,1.392,0.04,2.073,-36.795,48.52,13,87,0,2,"",-445.455,0,-12.684,0,0,0,"-라후이-","muyang_","Ainy4／あいにゃ","Pring__","눈꽃","하루（Haru）","aura_5599","CoalCat","Floră",8,R,"-라후이-",175.4,86,0.498,5,87,W,Y,1,647.126,107,81,45,38,24,,120,85,38.131,39.13,-0.436,1.156,-20.039,0.93,0,0.203,245.215,152.661,-101.818,652.072,-43.54,-69.134,652.663,8,-44.178,0.514,-69.681,1,0,,652.547,678.488,,,,,,,,,,,,,,,,,,,,,,,,,,,,,,,,,,,-0.055,-37.732,-0.171,-16.584,-19.981,-50.949,-10.854,-61.485,23.797,-49.85,10.513,-65.448,42.025,-111.13,-0.791,-116.917,-51.281,-90.338,-0.234,-37.931,,"ddil_ddil69",-0.322,-17.047,,"Yaksok~",-20.176,-51.427,,"Kr_Luna",-12.574,-60.947,85,"kneesohime",23.232,-50.548,,"아침땅_",7.287,-66.082,,"YukihiroD",42.033,-111.129,,"紅さかな",-0.796,-116.934,,"_Gosomi",-51.272,-90.338,66,661.292,-0.813,-38.966,,,,,,,656.373,-14.158,-59.506,,,,,,,,,,,,,652.736,-44.609,-69.908,,,,,,,,,,660.032,-12.32,-57.55,,,,,,,,,,,,,654.867,-34.968,-63.801,"",2,0,"_Gosomi",678.488,,,276,""
14,,1,0,2,0,0,0,0,0,1,0,255,18,255,1,721.263,"うよすま",R,3,57,90,-1.504,-0.596,0.409,1.286,0.126,1.309,-36.795,59.336,0,100,0,2,"",-379.591,0,-13.278,0,0,1,"=","=","=","=","=","=","=","=","=",3,R,"muyang_",171.6,80,0.498,3,34,W,Y,1,722.421,255,132,54,88,64,,137,76,-30,64.793,-0.25,0.772,-20.804,1,0,0.252,16.23,107.313,-590.102,722.438,-2.771,-21.987,,,,,,0,0,,,,,,,,,,,,,741.029,,,,,,,,,,,,,,,,,,,,,,,,,-0.102,-37.788,-0.048,-16.746,-19.775,-49.68,-12.513,-58.463,19.18,-46.362,5.892,-66.014,36.473,-106.256,-0.627,-119.372,-50.062,-93.041,-0.45,-38.07,,"ddil_ddil69",0.002,-17.306,,"Yaksok~",-19.697,-50.021,,"Kr_Luna",-14.05,-57.335,,"kneesohime",19.313,-46.29,,"아침땅_",9.112,-65.623,,"YukihiroD",36.481,-106.263,,"紅さかな",-0.651,-119.411,,"_Gosomi",-49.466,-93.523,,,,,,,,,,,,,,,,,,,,,,,,,,,,,,,,,,,,,,,,,,,,,,,,,,,,,,,,"",3,0,"",727.566,,,0,""
15,,1,0,2,0,0,1,0,0,1,0,255,18,255,2,746.917,"うよすま",R,3,65,95,-2.434,-0.905,0.375,1.169,-0.069,1.135,-36.795,46.674,0,100,0,4,"",-431.818,0,-21.557,0,0,1,"=","=","=","=","=","=","=","=","=",3,R,"muyang_",171.6,80,0.498,,34,W,Y,1,,,,,,,,,,,,,,,,,,,,,,,,,,,,,0,0,,,,,,,,,,,,,769.612,,,,,,,,,,,,,,,,,,,,,,,,,-0.042,-37.737,-0.042,-16.736,-18.895,-47.899,-13.222,-58.444,19.337,-47.605,4.155,-67.083,32.263,-104.49,0.049,-118.995,-51.718,-92.59,,,,"",,,,"",,,,"",,,,"",,,,"",,,,"",,,,"",,,,"",,,,,,,,,,,,,,,,,,,,,,,,,,,,,,,,,,,,,,,,,,,,,,,,,,,,,,,,,,"",0,0,"",752.55,,,0,""
16,,1,0,2,0,0,2,0,0,1,0,255,18,255,3,772.114,"うよすま",R,32,68,108,1.508,0.932,0.405,1.386,0.279,2.136,-36.795,40.294,0,100,0,2,"",188.544,-17.449,-11.003,0,0,1,"=","=","=","=","=","=","=","=","=",3,R,"muyang_",171.6,80,0.498,5,34,W,Y,1,773.236,186,155,109,54,29,,145,83,27.645,16.51,0.251,1.149,-19.634,-1,0,0.224,535.048,54.516,-168.906,778.213,-20.589,-87.305,780.297,8,-24.732,0.067,-100.233,1,0,,778.688,,,,,,,779.168,783.923,,,,,,,,,,,,,,,,,,,,,,,,,,,,0.044,-37.818,-0.029,-17.127,-19.11,-48.111,-14.012,-58.345,19.339,-45.082,7.696,-65.642,33.656,-103.47,0.343,-118.9,-51.634,-92.701,-0.341,-38.084,,"ddil_ddil69",0.012,-17.373,,"Yaksok~",-19.109,-48.084,,"Kr_Luna",-14.917,-58.53,,"kneesohime",18.818,-47,,"아침땅_",10.158,-64.939,71,"YukihiroD",33.636,-103.477,,"紅さかな",0.467,-118.859,,"_Gosomi",-51.764,-92.561,100,787.485,-0.181,-38.78,,,,,,,,,,,,,783.992,-0.218,-57.638,,,,,,,780.424,-24.925,-100.909,,,,,,,,,,,,,,,,786.43,2.845,-53.318,,,,,,,781.933,-22.788,-93.039,"",2,0,"_Gosomi",,779.168,783.923,262,""
17,,1,0,2,1,0,0,0,1,0,0,13,255,255,4,806.066,"うよすま",R,33,62,116,3.656,0.673,0.558,1.34,1.404,2.022,-36.795,69.741,0,100,0,1,"",111.743,-25.941,0.427,0,0,2,"=","=","=","=","=","=","=","=","=",1,L,"Ainy4／あいにゃ",189.2,85,0.51,,72,W,Y,0,,,,,,,,,,,,,,,,,,,,,,,,,,,,,0,0,,,,,,,,,,,,818.866,,,,,,,,,,,,,,,,,,,,,,,,,,-0.017,-37.737,-0.211,-16.951,-19.065,-42.102,-10.731,-61.814,20.233,-45.647,11.962,-61.16,45.976,-104.106,0.54,-117.198,-45.071,-95.582,,,,"",,,,"",,,,"",,,,"",,,,"",,,,"",,,,"",,,,"",,,,812.177,-0.15,-37.618,,,,,,,,,,,,,,,,,,,,,,,,,,,,,,,,,,,,,,,,,,,,,,,,,,,,"",0,0,"",,,,0,""
18,,1,0,2,1,1,0,0,1,0,0,13,255,255,5,825.552,"うよすま",R,32,68,108,2.355,-0.474,0.46,1.088,0.531,1.446,-36.795,45.535,0,100,0,2,"",245.455,72.705,-25.326,0,0,2,"=","=","=","=","=","=","=","=","=",1,L,"Ainy4／あいにゃ",189.2,85,0.51,3,72,W,Y,1,826.727,208,92,68,76,20,,142,85,-15.51,-58.485,0.492,0.82,-20.429,1,0,0.439,-283.376,-411.451,-84.623,826.78,4.444,-22.818,,,,,,0,0,,,,,,,,,,,,825.82,,,,,,,,,,,,,,,,,,,,,,,,,,0.037,-37.727,0.104,-16.825,-19.639,-41.067,-9.065,-62.091,19.735,-45.254,12.076,-61.052,43.479,-108.451,-0.052,-117.236,-45.304,-95.474,-0.289,-38.258,,"ddil_ddil69",0.367,-17.229,,"Yaksok~",-17.364,-44.905,,"Kr_Luna",-9.018,-62.083,,"kneesohime",19.724,-45.263,,"아침땅_",12.352,-60.943,,"YukihiroD",43.705,-108.26,,"紅さかな",0.311,-117.219,,"_Gosomi",-45.273,-95.486,,,,,,,,,,,,,,,,,,,,,,,,,,,,,,,,,,,,,,,,,,,,,,,,,,,,,,,,"",3,0,"",,,,0,""
19,,1,0,2,1,1,1,0,1,0,0,13,255,255,6,845.769,"うよすま",R,6,47,81,2.357,-0.732,0.271,0.95,0.024,1.209,-36.795,30.656,0,16,84,1,"",368.182,0,-10.448,0,0,2,"=","=","=","=","=","=","=","=","=",1,L,"Ainy4／あいにゃ",189.2,85,0.51,,72,W,Y,0,,,,,,,,,,,,,,,,,,,,,,,,,,,,,0,0,,,,,,,,,,,,846.084,,,,,,,,,,,,,,,,,,,,,,,,,,0.12,-37.742,-0.045,-16.941,-19.279,-41.655,-9.832,-61.04,20.511,-44.868,12.343,-61.204,46.206,-106.887,0.342,-117.543,-39.449,-98.743,,,,"",,,,"",,,,"",,,,"",,,,"",,,,"",,,,"",,,,"",,,,,,,,,,,,,,,,,,,,,,,,,,,,,,,,,,,,,,,,,,,,,,,,,,,,,,,,,,"",0,0,"",,,,0,""
20,,1,0,2,1,2,1,0,1,0,0,13,255,255,7,862.509,"うよすま",R,42,49,92,-0.201,-1.12,0.355,0.953,0.277,1.177,-36.795,33.34,0,4,96,2,"",-157.93,129.212,-3.788,0,0,2,"=","=","=","=","=","=","=","=","=",1,L,"Ainy4／あいにゃ",189.2,85,0.51,3,72,W,Y,1,863.746,217,107,73,83,35,,145,86,-30,-56.319,-0.013,0.649,-21.006,1,0,0.493,-342.57,-483.402,-94.7,863.738,1.481,-21.995,,,,,,0,0,,,,,,,,,,,,862.97,,,,,,,,,,,,,,,,,,,,,,,,,,0.129,-37.664,0.364,-17.044,-19.245,-42.092,-9.343,-60.976,18.925,-45.141,12.241,-60.874,46.227,-106.885,-0.159,-117.63,-39.711,-98.656,-0.333,-38.205,,"ddil_ddil69",0.43,-17.436,,"Yaksok~",-16.559,-45.886,,"Kr_Luna",-9.344,-60.979,,"kneesohime",20.058,-44.27,,"아침땅_",12.218,-60.787,,"YukihiroD",46.007,-107.03,,"紅さかな",0.099,-117.559,,"_Gosomi",-39.589,-98.641,,,,,,,,,,,,,,,,,,,,,,,,,,,,,,,,,,,,,,,,,,,,,,,,,,,,,,,,"",3,0,"",,,,0,""
21,,1,0,2,1,2,2,0,1,0,0,13,255,255,8,882.388,"うよすま",R,33,85,137,-1.605,0.228,0.214,1.257,-0.897,1.754,-36.795,28.028,0,100,0,2,"",133.675,-15.482,-0.007,0,0,2,"=","=","=","=","=","=","=","=","=",1,L,"Ainy4／あいにゃ",189.2,85,0.51,3,72,W,Y,1,883.409,203,73,83,55,16,,145,91,58.055,-13.167,-0.294,1.107,-20.553,-0.77,0,0.48,593.028,-64.124,64.851,889.638,12.67,-69.628,889.922,5,12.381,2.595,-68.545,0,0,,889.078,,,,,,,,,,882.576,,,889.955,2,,454,0,,,,,,,,,,,,,,,,,,,-0.003,-37.817,-0.034,-16.513,-19.374,-42.732,-7.993,-60.9,19.747,-47.956,12.121,-60.388,45.353,-105.112,0.049,-119.015,-38.361,-98.292,-0.363,-37.962,,"ddil_ddil69",-0.039,-16.859,,"Yaksok~",-16.76,-46.118,,"Kr_Luna",-7.993,-60.891,,"kneesohime",20.313,-48.289,,"아침땅_",12.099,-60.298,94,"YukihiroD",45.351,-105.103,,"紅さかな",0.054,-119,,"_Gosomi",-38.397,-98.257,,893.786,0.101,-38.837,,,,,,,,,,,,,889.969,12.446,-68.848,,,,,,,,,,,,,,,,,,,,,,,,,892.724,7.595,-56.659,,,,,,,,,,"",1,0,"아침땅_",,,,258,""
22,,1,0,2,1,0,0,1,1,0,0,13,255,255,9,908.083,"うよすま",R,6,49,84,2.029,-0.52,0.317,1.017,0.169,1.336,-36.795,31.037,0,100,0,4,"",315.356,-15.548,-15.373,0,0,3,"=","=","=","=","=","=","=","=","=",6,L,"Pring__",175.3,93.125,0.431,,72,W,Y,1,,,,,,,,,,,,,,,,,,,,,,,,,,,,,0,0,,,,,,,,,,,,908.385,,,,,,,,,,,,,,,,,,,,,,,,,,0.105,-37.758,0.339,-16.471,-19.329,-41.864,-11.432,-60.673,23.492,-49.953,12.727,-61.162,43.608,-104.572,1.183,-119.959,-37.444,-102.261,,,,"",,,,"",,,,"",,,,"",,,,"",,,,"",,,,"",,,,"",,,,912.351,-0.223,-37.546,,,,,,,,,,,,,,,,,,,,,,,,,,,,,,,,,,,,,,,,,,,,,,,,,,,,"",0,0,"",,,,0,""
23,,1,0,2,1,0,1,1,1,0,0,13,255,255,10,921.925,"うよすま",R,3,62,92,-1.199,0.867,0.478,1.409,0.458,2.151,-36.795,46.788,0,100,0,2,"",-418.182,0,-18.566,0,0,3,"=","=","=","=","=","=","=","=","=",6,L,"Pring__",175.3,93.125,0.431,5,72,W,Y,1,923.286,213,73,66,68,53,,140,90,32.746,-41.866,-0.21,1.233,-20.56,-0.59,0,0.26,527.735,-81.089,171.359,928.313,50.214,-73.553,929.93,6,58.182,0.129,-81.881,1,0,,929.653,,,,929.573,,,,,,922.216,,,,,,,,,,,,,,,,,,,,,,,,,,0.045,-37.783,-0.202,-16.955,-19.565,-41.709,-11.514,-60.693,23.619,-50.69,12.427,-60.856,43.583,-104.593,0.676,-120.625,-39.689,-101.809,-0.386,-38.353,,"ddil_ddil69",-0.18,-17.354,,"Yaksok~",-16.526,-45.658,,"Kr_Luna",-11.644,-61.099,,"kneesohime",23.55,-50.587,80,"아침땅_",12.242,-60.832,,"YukihiroD",43.432,-104.738,113,"紅さかな",0.481,-120.647,,"_Gosomi",-39.111,-100.46,,937.139,0.466,-38.468,,,,,,,,,,933.149,19.546,-41.142,,,,930.133,58.16,-82.337,,,,,,,,,,,,,,,,,,,936.208,14.511,-43.486,,,,931.057,53.137,-78.198,,,,,,,"",2,0,"YukihiroD",929.573,,,392,""
24,,1,0,2,1,0,0,1,1,1,0,16,13,255,11,955.19,"うよすま",R,32,64,105,2.392,-0.732,0.507,1.057,0.654,1.304,-36.795,48.922,0,100,0,4,"",238.636,61.362,-30.783,0,0,4,"=","=","=","=","=","=","=","=","=",7,L,"눈꽃",170.1,90,0.605,,72,W,Y,1,,,,,,,,,,,,,,,,,,,,,,,,,,,,,0,0,,,,,,,,,,,,972.991,971.596,,,,,,,,,,,,,,,,,,,,,,,,,0.134,-37.791,0.154,-16.817,-19.059,-47.358,-8.983,-62.202,19.354,-43.938,12.96,-61.986,46.549,-109.404,1.664,-121.223,-40.058,-99.538,,,,"",,,,"",,,,"",,,,"",,,,"",,,,"",,,,"",,,,"",,,,960,-0.181,-37.541,,,,,,,,,,,,,,,,,,,,,,,,,,,,,,,,,,,,,,,,,,,,,,,,,,,,"",0,0,"",957.913,,,0,""
25,,1,0,2,1,0,1,1,1,1,0,16,13,255,12,975.536,"うよすま",R,6,49,84,2.669,-0.941,0.348,0.991,0.251,1.132,-36.795,28.156,0,100,0,4,"",346.399,0,-5.18,0,0,4,"=","=","=","=","=","=","=","=","=",7,L,"눈꽃",170.1,90,0.605,,72,W,Y,1,,,,,,,,,,,,,,,,,,,,,,,,,,,,,0,0,,,,,,,,,,,,991.465,975.679,,,,,,,,,,,,,,,,,,,,,,,,,0.132,-37.832,0.2,-16.985,-19.482,-47.607,-5.559,-62.078,20.213,-45.466,12.753,-61.42,46.309,-108.351,1.191,-121.236,-40.044,-99.507,,,,"",,,,"",,,,"",,,,"",,,,"",,,,"",,,,"",,,,"",,,,979.832,-0.198,-37.657,,,,,,,,,,,,,,,,,,,,,,,,,,,,,,,,,,,,,,,,,,,,,,,,,,,,"",0,0,"",978.922,,,0,""
26,,1,0,2,1,0,2,1,1,1,0,16,13,255,13,992.736,"うよすま",R,33,67,120,2.262,0.486,0.486,1.281,0.785,1.903,-36.795,58.049,0,100,0,2,"",109.457,10.892,1.955,0,0,4,"=","=","=","=","=","=","=","=","=",7,L,"눈꽃",170.1,90,0.605,5,72,W,Y,1,994.296,213,65,75,49,15,,140,127,23.82,-72.115,0.424,1.006,-19.339,0.65,0,0.335,343.942,-35.628,287.7,999.438,112.417,-53.39,,,,,,0,0,,,,,,,,,,,,1014.792,1015.35,,,,,,,,,,,,,,,,,,,,,1019.507,4,,,0.008,-37.645,-0.128,-16.75,-17.929,-47.594,-7.796,-62.225,20.126,-44.451,12.751,-61.409,48.849,-110.233,2.427,-121.317,-40.991,-100.465,-0.522,-38.193,,"ddil_ddil69",-0.125,-17.137,,"Yaksok~",-17.932,-47.596,,"Kr_Luna",-7.434,-62.004,,"kneesohime",20.047,-44.4,,"아침땅_",12.74,-61.358,,"YukihiroD",48.946,-110.17,,"紅さかな",2.093,-121.236,,"_Gosomi",-41.014,-100.502,,,,,,,,,,,,,,,,,,,,,,,,,,,,,,,,,,,,,,,,,,,,,,,,,,,,,,,,"",3,0,"",998.201,,,0,""
27,,1,0,2,1,0,2,1,1,1,0,16,13,255,14,1035.551,"うよすま",R,3,64,94,-0.22,0.896,0.487,1.479,0.649,2.318,-36.795,55.85,0,100,0,2,"",-427.273,0,-13.625,0,0,4,"=","=","=","=","=","=","=","=","=",7,L,"눈꽃",170.1,90,0.605,5,72,W,Y,1,1036.875,176,185,84,98,44,,145,82,35.084,6.291,-0.188,1.318,-20.391,-1,0,0.453,502.388,192.229,-265.809,1041.78,-9.001,-84.548,1043.297,8,-10.652,0.541,-93.201,1,0,,1042.199,,,,1043.936,,,1047.032,,,,1035.949,,,,,,,,,,,,,,,,,,,,,,,,,0.013,-37.871,0.058,-16.57,-18.219,-47.363,-5.039,-60.949,21.405,-46.054,12.653,-61.17,50.948,-109.3,-0.287,-119.715,-34.269,-105.275,-0.497,-38.262,,"ddil_ddil69",0.139,-17.022,,"Yaksok~",-17.649,-47.882,,"Kr_Luna",-5.467,-61.349,,"kneesohime",20.998,-45.6,,"아침땅_",12.465,-60.97,,"YukihiroD",51.36,-108.657,,"紅さかな",-0.257,-119.623,,"_Gosomi",-34.263,-105.256,87,1048.105,-3.503,-35.382,,,,,,,,,,,,,,,,,,,1043.504,-10.87,-94.681,1043.414,-10.641,-93.83,,,,,,,,,,,,,,,,,,,,,,,,,1045.456,-13.388,-81.757,"",2,0,"_Gosomi",1043.936,1047.032,,292,""
28,,1,0,2,1,0,0,1,1,1,1,17,16,13,15,1072.241,"うよすま",R,32,69,109,0.072,0.007,0.3,1.184,-0.358,1.625,-36.795,36.325,0,100,0,0,"",247.727,-17.002,-26.658,0,0,5,"=","=","=","=","=","=","=","=","=",2,L,"하루（Haru）",190,85,0.397,,71,W,Y,0,,,,,,,,,,,,,,,,,,,,,,,,,,,,,0,0,,,,,,,,,,,,1086.645,1088.074,1089.618,,,,,,,,,,,,,,,,,,,,,,,,0.018,-37.718,-0.334,-16.849,-18.409,-49.037,-8.008,-62.09,19.802,-41.055,14.555,-60.867,46.614,-100.193,-0.635,-117.963,-36.833,-93.538,,,,"",,,,"",,,,"",,,,"",,,,"",,,,"",,,,"",,,,"",,,,1077.135,-0.284,-37.649,,,,,,,,,,,,,,,,,,,,,,,,,,,,,,,,,,,,,,,,,,,,,,,,,,,,"",0,0,"",1075.202,,,0,""
29,,1,0,2,1,0,1,1,1,1,1,17,16,13,16,1089.638,"うよすま",R,6,53,87,2.391,-0.67,0.316,1.077,0.145,1.239,-36.795,29.453,0,100,0,4,"",353.384,0,-9.061,0,0,5,"=","=","=","=","=","=","=","=","=",2,L,"하루（Haru）",190,85,0.397,,71,W,Y,1,,,,,,,,,,,,,,,,,,,,,,,,,,,,,0,0,,,,,,,,,,,,1105.843,1107.78,1101.436,,,,,,,,,,,,,,,,,,,,,,,,0.188,-37.886,0.266,-17.199,-18.714,-48.998,-6.823,-62.429,19.493,-40.851,15.317,-59.985,46.421,-100.232,0.873,-114.973,-35.066,-94.494,,,,"",,,,"",,,,"",,,,"",,,,"",,,,"",,,,"",,,,"",,,,1094.195,-0.146,-37.628,,,,,,,,,,,,,,,,,,,,,,,,,,,,,,,,,,,,,,,,,,,,,,,,,,,,"",0,0,"",1092.439,1092.034,,0,""
30,,1,0,2,1,0,2,1,1,1,1,17,16,13,17,1108.004,"うよすま",R,34,69,121,0.959,0.603,0.418,1.33,0.245,1.969,-36.795,48.941,0,100,0,0,"",95.455,-30.746,1.017,0,0,5,"=","=","=","=","=","=","=","=","=",2,L,"하루（Haru）",190,85,0.397,,71,W,Y,1,,,,,,,,,,,,,,,,,,,,,,,,,,,,,0,0,,,,,,,,,,,,1150.485,1151.135,,1110.716,5,,578,0,,,,,,,,,,,,,,,,,,,0.018,-37.939,-0.239,-17.037,-18.688,-47.731,-6.784,-62.278,19.493,-40.712,14.9,-60.241,46.744,-100.116,-0.071,-114.579,-41.456,-94.036,,,,"",,,,"",,,,"",,,,"",,,,"",,,,"",,,,"",,,,"",,,,1112.965,-0.154,-37.534,,,,,,,,,,,,,,,,,,,,,,,,,,,,,,,,,,,,,,,,,,,,,,,,,,,,"",0,0,"",1110.533,1110.642,,0,""
31,,1,0,2,1,0,0,2,1,1,1,17,16,13,18,1151.408,"うよすま",R,3,64,95,-0.971,-0.419,0.494,1.289,0.324,1.385,-36.795,54.388,0,100,0,2,"",-384.933,0,-11.573,0,0,6,"=","=","=","=","=","=","=","=","=",4,R,"aura_5599",190,94.523,0.448,3,70,W,Y,1,1152.59,122,128,152,146,81,,138,83,-15,42.783,-0.08,0.967,-21.773,1,0,0.42,-209.73,301.327,110.959,1152.622,-2.871,-24.763,1154.413,2,-19.352,0.055,-43.755,0,0,,1158.399,,,,1157.187,,,1157.702,,1157.64,,,1151.562,1156.472,6,,147,0,,,,,,,,,,,1155.772,2,,,,,,,0.086,-37.785,-0.083,-16.576,-19.774,-51.343,-11.478,-62.132,19.619,-40.819,12.182,-65.016,46.285,-99.056,-0.821,-115.658,-32.03,-93.806,-0.349,-37.761,,"ddil_ddil69",0.052,-17.05,,"Yaksok~",-19.769,-51.334,,"Kr_Luna",-11.542,-62.135,,"kneesohime",19.469,-40.764,,"아침땅_",12.103,-65.019,,"YukihiroD",46.13,-99.129,,"紅さかな",-0.831,-115.65,,"_Gosomi",-32.026,-93.804,,,,,,,,1154.545,-20.362,-45.107,,,,,,,,,,,,,,,,,,,,,,,,,,,,,,,,,,,,,,,,,,,,,,"",2,0,"Yaksok~",1157.187,1157.702,1157.64,1,""
32,SIDE,1,0,2,1,0,0,2,0,1,1,255,17,16,,1161.125,,,,,,,,,,,,,,,,,,,,,,,,7,"=","=","=","=","=","=","=","=","=",,,,,,,,,,,,,,,,,,,,,,,,,,,,,,,,,,,,,,,0,0,,,,,,,,,,,,,,,,,,,,,,,,,,,,,,,,,,,,,,,,,,,,,,,,,,,,,,,,,,,,,,,,,,,,,,,,,,,,,,,,,,,,,,,,,,,,,,,,,,,,,,,,,,,,,,,,,,,,,,,,,,,,,,,,,,,,,,,,,,,,,,,,,"",0,0,"",,,,0,""
33,,2,1,2,1,0,0,0,0,0,0,255,255,255,11,1195.594,"Floră",R,33,74,126,0.891,-1.055,0.342,1.564,0.195,0.99,-36.341,38.027,0,100,0,0,"",142.141,-1.026,0.282,0,0,5,"Yaksok~","아침땅_","_Gosomi","kneesohime","Kr_Luna","紅さかな","ddil_ddil69","YukihiroD","うよすま",7,R,"紅さかな",172.6,86,0.399,,70,W,Y,0,,,,,,,,,,,,,,,,,,,,,,,,,,,,,0,0,,,,,,,,,,,,,,,,,,,,,,,,,,,,,,,,,,,,,,-0.09,-37.413,-0.037,-17.275,-19.736,-46.606,-16.383,-62.401,21.513,-50.72,9.141,-64.649,43.413,-91.633,-5.191,-107.734,-37.262,-88.456,,,,"",,,,"",,,,"",,,,"",,,,"",,,,"",,,,"",,,,"",,,,,,,,,,,,,,,,,,,,,,,,,,,,,,,,,,,,,,,,,,,,,,,,,,,,,,,,,,"",0,0,"",,,,0,""
34,,2,1,2,1,0,1,0,0,0,0,255,255,255,12,1210.766,"Floră",R,13,79,116,-2.326,-2.039,0.217,1.528,-0.385,0.862,-36.341,36.03,0,100,0,4,"",-379.01,326.116,20.908,-0.55,-18.898,5,"=","=","=","=","=","=","=","=","=",7,R,"紅さかな",172.6,86,0.399,,70,W,Y,1,,,,,,,,,,,,,,,,,,,,,,,,,,,,,0,0,,,,,,,,,,,,,,,,,,,,,,,,,,,,,,,,,,,,,,-0.265,-38.219,-0.038,-17.269,-19.986,-47.188,-16.534,-62.734,21.492,-50.245,9.465,-64.715,45.606,-99.697,-6.639,-106.493,-37.935,-87.553,,,,"",,,,"",,,,"",,,,"",,,,"",,,,"",,,,"",,,,"",,,,,,,,,,,,,,,,,,,,,,,,,,,,,,,,,,,,,,,,,,,,,,,,,,,,,,,,,,"",0,0,"",,,,0,""
35,,2,1,2,1,0,2,0,0,0,0,255,255,255,13,1224.405,"Floră",R,32,82,133,-1.947,1.035,0.07,1.696,-1.07,2.173,-36.341,24.439,0,100,0,4,"",156.147,-18.907,5.855,0,0,5,"=","=","=","=","=","=","=","=","=",7,R,"紅さかな",172.6,86,0.399,,70,W,Y,1,,,,,,,,,,,,,,,,,,,,,,,,,,,,,0,0,,,,,,,,,,,,,,,1227.105,5,,578,0,,,,,,,,,,,,,,,,,,,-0.246,-37.487,-0.042,-17.259,-20.255,-47.154,-16.747,-62.65,21.829,-49.516,9.531,-64.589,46.588,-101.254,-8.101,-110.135,-38.028,-89.178,,,,"",,,,"",,,,"",,,,"",,,,"",,,,"",,,,"",,,,"",,,,,,,,,,,,,,,,,,,,,,,,,,,,,,,,,,,,,,,,,,,,,,,,,,,,,,,,,,"",0,0,"",,,,0,""
36,,2,1,2,1,0,0,1,0,0,0,255,255,255,14,1245.189,"Floră",R,3,72,104,1.436,-0.896,0.471,1.558,1.08,1.061,-36.341,55.349,0,100,0,0,"",-289.406,0,-1.371,0,0,6,"=","=","=","=","=","=","=","=","=",1,R,"ddil_ddil69",190,89.974,0.546,,69,W,Y,1,,,,,,,,,,,,,,,,,,,,,,,,,,,,,0,0,,,,,,,,,,,,,,,,,,,,,,,,,,,,,,,,,,,,,,-0.139,-37.563,-0.036,-17.266,-19.836,-46.944,-16.872,-62.794,19.37,-49.118,9.533,-64.623,46.703,-101.258,-9.356,-117.206,-39.265,-89.519,,,,"",,,,"",,,,"",,,,"",,,,"",,,,"",,,,"",,,,"",,,,,,,,,,,,,,,,,,,,,,,,,,,,,,,,,,,,,,,,,,,,,,,,,,,,,,,,,,"",0,0,"",,,,0,""
37,,2,1,2,1,0,1,1,0,0,0,255,255,255,15,1259.652,"Floră",R,3,69,98,-3.107,-0.923,0.16,1.474,-0.433,1.057,-36.341,27.045,0,100,0,4,"",-443.812,0,16.09,0,0,6,"=","=","=","=","=","=","=","=","=",1,R,"ddil_ddil69",190,89.974,0.546,,40,W,Y,1,,,,,,,,,,,,,,,,,,,,,,,,,,,,,0,0,,,,,,,,,,,,,,,,,,,,,,,,,,,,,,,,,,,,,,-0.101,-37.44,-0.032,-17.264,-19.834,-46.948,-16.89,-62.572,21.444,-50.468,10.049,-64.262,47.498,-101.807,-9.625,-115.989,-39.546,-89.643,,,,"",,,,"",,,,"",,,,"",,,,"",,,,"",,,,"",,,,"",,,,,,,,,,,,,,,,,,,,,,,,,,,,,,,,,,,,,,,,,,,,,,,,,,,,,,,,,,"",0,0,"",,,,0,""
38,,2,1,2,1,0,2,1,0,0,0,255,255,255,16,1274.694,"Floră",R,3,70,101,0.479,-0.453,0.592,1.607,0.904,1.344,-36.341,17.166,0,100,0,0,"",-357.116,0,14.513,0,0,6,"=","=","=","=","=","=","=","=","=",1,R,"ddil_ddil69",190,89.974,0.546,,40,W,Y,1,,,,,,,,,,,,,,,,,,,,,,,,,,,,,0,0,,,,,1279.915,,,,,,,,,,1277.617,6,,578,0,,,,,,,,,,,,,,,,,,,0.311,-37.36,-0.034,-17.269,-19.833,-46.946,-16.837,-62.672,22.337,-50.292,10.098,-64.286,47.181,-102.11,-9.617,-115.963,-39.948,-89.088,,,,"",,,,"",,,,"",,,,"",,,,"",,,,"",,,,"",,,,"",,,,,,,,,,,,,,,,,,,,,,,,,,,,,,,,,,,,,,,,,,,,,,,,,,,,,,,,,,"",0,0,"",,,,0,""
39,,2,1,2,1,0,0,2,0,0,0,255,255,255,17,1293.591,"Floră",R,33,82,133,-0.131,-0.703,0.363,1.368,0.293,1.013,-36.341,26.334,0,100,0,2,"",128.192,11.79,0.242,0,0,7,"=","=","=","=","=","=","=","=","=",6,R,"YukihiroD",174.3,80,0.398,5,69,W,Y,1,1294.664,202,178,72,54,0,,140,98,31.594,-50.339,0.109,0.663,-20.67,-0.07,0,0.557,236.861,422.363,125.743,1299.572,58.379,-78.416,1300.83,6,63.832,0.959,-85.003,1,0,,1303.602,,,1298.583,,,,,,,,,,,,,,,,,,,,,,,,,,,,,,,,,0.117,-37.481,-0.044,-17.251,-19.573,-46.191,-15.606,-63.572,21.517,-49.921,9.999,-64.155,47.574,-103.771,-6.803,-113.941,-39.948,-89.088,0.029,-36.98,,"Ainy4／あいにゃ",-0.084,-17.287,,"하루（Haru）",-19.584,-46.21,,"muyang_",-15.66,-63.54,90,"aura_5599",21.141,-49.515,,"CoalCat",9.992,-64.142,,"Pring__",47.58,-103.777,109,"눈꽃",-6.808,-113.938,,"-라후이-",-39.948,-89.089,,1308.451,-0.407,-38.025,,,,,,,1304.572,0.439,-58.808,,,,,,,1300.933,64.052,-85.397,,,,,,,,,,,,,,,,1307.468,-3.887,-53.29,,,,,,,1301.755,58.726,-82.499,,,,,,,"",2,0,"Pring__",,,,266,""
40,,2,1,2,1,0,0,2,1,0,0,6,255,255,18,1322.448,"Floră",R,13,75,113,-0.779,-1.544,0.37,1.594,0.324,1.104,-36.341,49.675,0,100,0,2,"",-399.483,300.688,3.191,0,0,8,"=","=","=","=","=","=","=","=","=",0,R,"うよすま",174.5,85.375,0.502,3,69,W,Y,1,1323.506,230,136,139,113,22,,145,81,-30,64.872,-0.103,0.529,-21.114,1,0,0.597,-176.816,302.451,45.69,1323.347,-1.777,-21.894,,,,,,0,0,,,,,,,,,,,,1326.881,,,,,,,,,,,,,,,,,,,,,,,,,,-0.156,-37.408,-0.05,-17.259,-18.818,-40.298,-14.827,-61.81,20.254,-48.119,10.69,-63.806,51.356,-100.553,-5.364,-114.867,-42.173,-90.144,-0.144,-36.651,,"Ainy4／あいにゃ",-0.068,-17.277,,"하루（Haru）",-17.949,-41.857,,"muyang_",-14.803,-61.827,,"aura_5599",20.15,-48.051,,"CoalCat",10.196,-63.447,,"Pring__",51.325,-100.52,,"눈꽃",-5.178,-114.835,,"-라후이-",-44.053,-91.405,,,,,,,,,,,,,,,,,,,,,,,,,,,,,,,,,,,,,,,,,,,,,,,,,,,,,,,,"",3,0,"",,,,0,""
41,,2,1,2,1,0,1,2,1,0,0,6,255,255,19,1340.535,"Floră",R,3,71,101,0.692,-1.026,0.408,1.522,1.046,1.031,-36.341,61.414,0,100,0,2,"",-378.796,0,0.289,0,0,8,"=","=","=","=","=","=","=","=","=",0,R,"うよすま",174.5,85.375,0.502,5,69,W,Y,1,1341.675,255,122,172,93,23,,145,129,25.699,-4.327,0.119,0.591,-20.283,0.56,0,0.313,413.833,316.212,285.38,1347.097,-0.913,-140.255,,,,,,0,0,,1347.72,1352.31,1357.358,1362.997,1349.896,1354.982,1359.705,,,,,,,,,,,,,,,,,,,,,,,,,,,,,,-0.205,-37.665,-0.08,-17.255,-18.265,-40.065,-13.741,-59.676,20.851,-48.936,9.109,-63.4,46.542,-98.437,-11.352,-117.418,-44.754,-86.75,-0.421,-36.771,,"Ainy4／あいにゃ",-0.071,-17.266,,"하루（Haru）",-17.443,-42.112,,"muyang_",-14.307,-61.082,,"aura_5599",20.766,-48.961,,"CoalCat",7.218,-62.634,,"Pring__",46.53,-98.435,,"눈꽃",-11.632,-116.044,,"-라후이-",-43.585,-87.106,,,,,,,,,,,,,,,,,,,,,,,,,,,,,,,,,,,,,,,,,,,,,,,,,,,,,,,,"",4,0,"",1349.896,1354.982,1359.705,0,""
42,,2,1,4,1,0,0,2,0,0,0,255,255,255,20,1381.653,"Floră",R,3,74,102,-3.968,-1.15,0.004,1.461,-0.917,0.969,-36.341,18.347,0,100,0,1,"",-410.696,0,10.231,0,0,0,"=","=","=","=","=","=","=","=","=",2,R,"Yaksok~",172.8,87.251,0.328,,68,W,Y,0,,,,,,,,,,,,,,,,,,,,,,,,,,,,,0,0,,,,,,,,,,,,,,,,,,,,,,,,,,,,,,,,,,,,,,-0.153,-37.465,-0.048,-17.228,-19.532,-45.907,-12.333,-58.591,20.882,-50.403,7.835,-63.696,48.52,-104.54,-8.272,-117.165,5.667,-81.356,,,,"",,,,"",,,,"",,,,"",,,,"",,,,"",,,,"",,,,"",,,,,,,,,,,,,,,,,,,,,,,,,,,,,,,,,,,,,,,,,,,,,,,,,,,,,,,,,,"",0,0,"",,,,0,""
43,,2,1,4,1,1,0,2,0,0,0,255,255,255,21,1395.53,"Floră",R,33,84,137,-1.928,-0.68,0.085,1.43,-0.998,1.227,-36.341,22.903,0,100,0,2,"",114.668,9.471,1.101,0,0,0,"=","=","=","=","=","=","=","=","=",2,R,"Yaksok~",172.8,87.251,0.328,5,52,W,Y,1,1396.438,174,93,136,59,17,,145,97,-25.451,36.585,-0.369,0.667,-19.791,0.97,0,0.144,-172.074,177.174,-89.771,1396.33,-1.124,-20.806,1397.955,2,-16.813,1.018,-41.846,0,0,,,,,,,,,,,,,,,1399.563,0,,147,0,,,,,,,,,,,1398.945,2,,,,,,,-0.114,-37.34,-0.025,-17.232,-19.214,-46.062,-13.874,-59.296,20.92,-48.677,7.83,-63.706,49.539,-104.676,-8.235,-117.065,-38.813,-89.334,-0.214,-36.985,,"Ainy4／あいにゃ",-0.113,-17.262,,"하루（Haru）",-19.229,-46.077,,"muyang_",-14.277,-59.763,,"aura_5599",20.9,-48.663,,"CoalCat",7.814,-63.58,,"Pring__",49.544,-104.685,,"눈꽃",-8.255,-117.067,,"-라후이-",-38.375,-88.904,,,,,,,,1398.054,-17.551,-42.785,,,,,,,,,,,,,,,,,,,,,,,,,,,,,,,,,,,,,,,,,,,,,,"",2,0,"하루（Haru）",,,,32,""
44,SIDE,2,1,4,1,0,0,2,0,0,0,255,255,255,,1400.302,,,,,,,,,,,,,,,,,,,,,,,,1,"=","=","=","=","=","=","=","=","=",,,,,,,,,,,,,,,,,,,,,,,,,,,,,,,,,,,,,,,0,0,,,,,,,,,,,,,,,,,,,,,,,,,,,,,,,,,,,,,,,,,,,,,,,,,,,,,,,,,,,,,,,,,,,,,,,,,,,,,,,,,,,,,,,,,,,,,,,,,,,,,,,,,,,,,,,,,,,,,,,,,,,,,,,,,,,,,,,,,,,,,,,,,"",0,0,"",,,,0,""
45,,2,0,4,1,0,0,0,0,0,0,255,255,255,19,1438.569,"うよすま",R,3,61,93,-2.016,-0.345,0.339,1.18,-0.117,1.453,-36.795,60.255,0,100,0,4,"",-381.613,0,-18.571,0,0,7,"-라후이-","muyang_","Ainy4／あいにゃ","Pring__","눈꽃","하루（Haru）","aura_5599","CoalCat","Floră",5,R,"CoalCat",174.9,83,0.397,,68,W,Y,1,,,,,,,,,,,,,,,,,,,,,,,,,,,,,0,0,,,,,,,,,,,,,,,,,,,,,,,,,,,,,,,,,,,,,,-0.108,-37.823,-0.605,-17.305,-19.951,-50.687,-12.273,-59.2,21.482,-49.643,10.438,-65.622,33.293,-90.347,-0.341,-119.508,-42.499,-88.402,,,,"",,,,"",,,,"",,,,"",,,,"",,,,"",,,,"",,,,"",,,,1443.104,-0.196,-37.624,,,,,,,,,,,,,,,,,,,,,,,,,,,,,,,,,,,,,,,,,,,,,,,,,,,,"",0,0,"",,,,0,""
46,,2,0,4,1,0,1,0,0,0,0,255,255,255,20,1453.406,"うよすま",R,6,51,86,1.826,-0.645,0.233,1.02,-0.082,1.288,-36.795,33.757,0,56,44,2,"",342.561,0,-6.363,0,0,7,"=","=","=","=","=","=","=","=","=",5,R,"CoalCat",174.9,83,0.397,5,68,W,Y,1,1454.647,178,118,89,80,68,,145,99,38.558,-53.748,0.284,0.834,-21.67,-0.23,0,0.614,197.806,343.762,371.57,1460.097,60.187,-73.853,,,,,,0,0,,,,,,,,,,,,,,,,,,,,,,,,,,,,,,,,,,,,,,0.064,-37.878,0.138,-17.172,-19.864,-50.71,-12.807,-59.685,23.442,-52.487,11.693,-65.269,32.745,-98.67,-0.408,-119.436,-42.433,-90.285,-0.416,-38.383,,"ddil_ddil69",0.252,-17.443,,"Yaksok~",-19.87,-50.721,,"Kr_Luna",-12.599,-59.487,,"kneesohime",23.389,-52.433,,"아침땅_",12.174,-64.976,,"YukihiroD",32.741,-98.648,,"紅さかな",-0.051,-119.356,,"_Gosomi",-42.318,-90.388,,,,,,,,,,,,,,,,,,,,,,,,,,,,,,,,,,,,,,,,,,,,,,,,,,,,,,,,"",3,0,"",,,,0,""
47,,2,0,4,1,0,2,0,0,0,0,255,255,255,21,1476.986,"うよすま",R,3,64,95,-2.849,-0.501,0.342,1.165,-0.247,1.362,-36.795,50.062,27,73,0,2,"",-412.905,0,-29.122,0,0,7,"=","=","=","=","=","=","=","=","=",5,R,"CoalCat",174.9,83,0.397,3,35,W,Y,1,1478.118,225,122,68,58,47,0.331,139,78,-3.821,44.624,-0.389,0.917,-22.552,1,0,0.618,-168.497,394.753,109.373,1478.372,-6.666,-28.765,1479.997,2,-21.592,0.059,-44.176,0,0,,,,,,,,,,,,,,,1482,7,,147,0,,,,,,,,,,,1481.381,2,,,,,,,-0.066,-37.836,-0.18,-16.904,-20.633,-50.871,-11.602,-61.064,22.68,-51.899,12.431,-64.676,37.73,-99.507,0.282,-118.763,-38.99,-94.071,-0.279,-38.215,,"ddil_ddil69",-0.097,-17.303,,"Yaksok~",-20.257,-51.145,105,"Kr_Luna",-11.598,-61.063,,"kneesohime",22.811,-51.762,,"아침땅_",12.311,-64.7,,"YukihiroD",37.984,-99.281,,"紅さかな",0.012,-118.795,,"_Gosomi",-38.902,-94.089,,1483.209,-1.109,-38.555,,,,1480.144,-22.137,-45.084,,,,,,,,,,,,,,,,,,,,,,,,,1482.384,-16.05,-40.347,,,,,,,,,,,,,,,,,,,"",2,0,"Yaksok~",,,,257,""
48,,2,0,4,1,0,0,1,0,0,0,255,255,255,22,1500.655,"うよすま",R,33,80,130,0.322,0.647,0.284,1.337,-0.039,2.022,-36.795,36.04,0,100,0,2,"",127.811,-6.309,1.768,0,0,8,"=","=","=","=","=","=","=","=","=",0,R,"Floră",190,85.304,0.403,5,67,W,Y,1,1501.721,174,62,87,10,0,,134,117,8.247,68.919,0.053,1.216,-19.013,0.2,0,0.383,163.403,134.136,-451.658,1504.697,-76.115,-46.714,,,,,,0,0,,,,,,,,,,,,,,,,,,,,,,,,,,,,,,,,,,,,,,-0.012,-37.783,-0.059,-16.964,-20.362,-51.04,-12.495,-60.863,22.613,-48.03,12.146,-64.958,36.09,-101.885,-0.452,-118.979,-42.118,-90.253,-0.355,-38.16,,"ddil_ddil69",0.025,-17.335,,"Yaksok~",-20.366,-51.04,,"Kr_Luna",-12.508,-60.87,,"kneesohime",22.583,-48.017,,"아침땅_",11.797,-65.032,,"YukihiroD",36.181,-101.797,,"紅さかな",-0.458,-118.989,,"_Gosomi",-42.113,-90.243,,,,,,,,,,,,,,,,,,,,,,,,,,,,,,,,,,,,,,,,,,,,,,,,,,,,,,,,"",3,0,"",,,,0,""
49,,2,0,4,1,0,1,1,0,0,0,255,255,255,23,1518.782,"うよすま",R,3,69,109,-3.6,0.718,0.303,1.365,-0.597,2.089,-36.795,43.974,6,94,0,4,"",-495.455,0,-31.671,0,0,8,"=","=","=","=","=","=","=","=","=",0,R,"Floră",190,85.304,0.403,,89,W,Y,1,,,,,,,,,,,,,,,,,,,,,,,,,,,,,0,0,,,,,,,,,,,,,,,,,,,,,,,,,,,,,,,,,,,,,,-0.062,-37.833,-0.631,-16.787,-20.53,-51.516,-13.192,-61.536,22.636,-51.108,9.672,-65.628,37.861,-99.912,-1.331,-118.472,-55.216,-95.42,,,,"",,,,"",,,,"",,,,"",,,,"",,,,"",,,,"",,,,"",,,,,,,,,,,,,,,,,,,,,,,,,,,,,,,,,,,,,,,,,,,,,,,,,,,,,,,,,,"",0,0,"",,,,0,""
50,,2,0,4,1,0,2,1,0,0,0,255,255,255,24,1535.289,"うよすま",R,32,66,106,1.5,-0.879,0.43,1.2,0.287,1.057,-36.795,40.645,0,100,0,2,"",175.711,-24.377,-24.547,0,0,8,"=","=","=","=","=","=","=","=","=",0,R,"Floră",190,85.304,0.403,0,89,W,Y,1,1536.317,85,92,39,60,126,,120,86,6.638,-14.362,0.276,0.693,-20.519,-0.42,0,0.497,-120.926,-70.99,-40.278,1537.48,7.58,-48.341,1538.438,5,10.22,0.072,-57.98,0,0,,1542.794,,,,,,,,,,,,,1541.54,8,,147,2,,,,,,,,,,,,,,,,,,,0.069,-37.795,0.125,-16.812,-20.514,-51.509,-12.657,-61.796,22.69,-50.485,12.693,-64.754,37.046,-99.141,-0.649,-118.383,-53.85,-95.122,-0.243,-38.171,,"ddil_ddil69",0.259,-17.221,,"Yaksok~",-20.299,-51.554,102,"Kr_Luna",-12.798,-61.768,,"kneesohime",23.62,-51.102,,"아침땅_",12.693,-64.726,103,"YukihiroD",36.821,-99.202,,"紅さかな",-0.44,-118.444,,"_Gosomi",-53.822,-95.078,,1543.135,-1.209,-38.737,,,,1540.881,-18.633,-40.319,,,,,,,1538.594,10.399,-59.046,,,,,,,,,,,,,,,,1542.279,-15.475,-41.533,,,,,,,1539.398,7.719,-56.846,,,,,,,,,,"",2,0,"아침땅_",,,,259,""
51,,2,0,4,1,0,0,2,0,0,0,255,255,255,25,1557.568,"うよすま",R,32,67,107,2.273,-0.882,0.471,1.197,0.642,1.147,-36.795,56.461,19,81,0,1,"",170.203,17.445,-17.833,0,0,0,"=","=","=","=","=","=","=","=","=",8,R,"-라후이-",175.4,86,0.498,,67,W,Y,0,,,,,,,,,,,,,,,,,,,,,,,,,,,,,0,0,,,,,,,,,,,,,,,,,,,,,,,,,,,,,,,,,,,,,,0.044,-37.942,0.142,-16.612,-20.16,-51.122,-10.64,-61.848,22.932,-51.264,12.54,-64.919,36.812,-95.271,0.215,-118.519,-51.217,-96.429,,,,"",,,,"",,,,"",,,,"",,,,"",,,,"",,,,"",,,,"",,,,1561.482,0.021,-37.994,,,,,,,,,,,,,,,,,,,,,,,,,,,,,,,,,,,,,,,,,,,,,,,,,,,,"",0,0,"",,,,0,""
52,,2,0,4,1,1,0,2,0,0,0,255,255,255,26,1573.598,"うよすま",R,3,72,100,-3.45,-0.774,0.294,1.151,-0.476,1.197,-36.795,39.944,23,77,0,1,"",-454.546,0,-34.235,0,0,0,"=","=","=","=","=","=","=","=","=",8,R,"-라후이-",175.4,86,0.498,,67,W,Y,0,,,,,,,,,,,,,,,,,,,,,,,,,,,,,0,0,,,,,,,,,,,,,,,,,,,,,,,,,,,,,,,,,,,,,,-0.005,-37.878,-0.374,-16.343,-20.154,-51.12,-10.598,-61.86,22.705,-50.3,10.619,-65.43,41.251,-101.795,0.076,-118.416,-46.687,-93.043,,,,"",,,,"",,,,"",,,,"",,,,"",,,,"",,,,"",,,,"",,,,1577.593,-0.287,-37.655,,,,,,,,,,,,,,,,,,,,,,,,,,,,,,,,,,,,,,,,,,,,,,,,,,,,"",0,0,"",,,,0,""
53,,2,0,4,1,2,0,2,0,0,0,255,255,255,27,1591.184,"うよすま",R,3,58,91,-1.272,-0.652,0.439,1.227,0.263,1.272,-36.795,53.771,0,100,0,2,"",-341.957,0,-22.026,0,0,0,"=","=","=","=","=","=","=","=","=",8,R,"-라후이-",175.4,86,0.498,0,67,W,Y,1,1592.231,123,125,35,50,28,,106,69,16.854,53.047,-0.199,0.771,-20.862,1,0,0.271,-288.906,19.659,254.796,1593.53,-20.379,-35.996,,,,,,0,0,,,,,,,,,,,,,,,,,,,,,,,,,,,,,,,,,,,,,,-0.04,-37.693,-0.392,-16.257,-20.193,-51.162,-13.087,-61.007,22.193,-49.589,8.764,-65.725,41.352,-101.729,-0.287,-118.411,-46.726,-93.016,-0.406,-38.068,,"ddil_ddil69",-0.392,-16.403,,"Yaksok~",-20.17,-51.144,,"Kr_Luna",-13.18,-60.946,,"kneesohime",22.093,-49.576,,"아침땅_",6.211,-66.2,,"YukihiroD",41.209,-101.832,,"紅さかな",-0.3,-118.408,,"_Gosomi",-46.714,-92.999,,,,,,,,,,,,,,,,,,,,,,,,,,,,,,,,,,,,,,,,,,,,,,,,,,,,,,,,"",3,0,"",,,,0,""
54,,2,0,4,1,2,1,2,0,0,0,255,255,255,28,1609.212,"うよすま",R,32,64,104,2.24,0.74,0.46,1.429,0.534,2.053,-36.795,50.967,18,82,0,2,"",210.005,-7.569,-18.482,0,0,0,"=","=","=","=","=","=","=","=","=",8,R,"-라후이-",175.4,86,0.498,5,67,W,Y,1,1610.183,181,100,82,44,31,,140,81,-12.156,0.402,0.43,1.214,-20.63,-1,0,0.154,447.38,-396.232,-50.926,1610.271,0.422,-25.738,1613.113,5,3.032,0.056,-64.235,0,0,,1615.545,,,,,,,,,,,,,1616.033,0,,147,2,,,,,,,,,,,,,,,,,,,0.018,-37.857,0.133,-16.653,-20.014,-51.541,-14.617,-60.572,23.18,-51.617,11.617,-65.058,39.63,-99.63,-5.438,-117.701,-50.202,-88.583,-0.207,-38.165,,"ddil_ddil69",0.193,-17.099,,"Yaksok~",-19.962,-51.564,,"Kr_Luna",-14.398,-60.755,,"kneesohime",23.224,-51.64,,"아침땅_",11.33,-65.129,103,"YukihiroD",39.732,-99.604,,"紅さかな",-5.044,-117.679,,"_Gosomi",-50.243,-88.549,,,,,,,,1615.352,-18.522,-40.319,,,,,,,1613.196,3.133,-65.026,,,,,,,,,,,,,,,,,,,,,,,,,1613.943,0.748,-62.12,,,,,,,,,,"",2,0,"아침땅_",,,,3,""
55,SIDE,2,0,4,1,0,0,2,0,0,0,255,255,255,,1617.294,,,,,,,,,,,,,,,,,,,,,,,,1,"=","=","=","=","=","=","=","=","=",,,,,,,,,,,,,,,,,,,,,,,,,,,,,,,,,,,,,,,0,0,,,,,,,,,,,,,,,,,,,,,,,,,,,,,,,,,,,,,,,,,,,,,,,,,,,,,,,,,,,,,,,,,,,,,,,,,,,,,,,,,,,,,,,,,,,,,,,,,1617.446,-14.371,-39.985,,,,,,,,,,,,,,,,,,,,,,,,,,,,,,,,,,,,,,,,,,,,,,"",0,0,"",,,,1,""
56,,3,1,4,1,0,0,0,0,0,0,255,255,255,22,1665.332,"Floră",R,33,83,135,-0.366,0.286,0.22,1.578,-0.372,1.755,-36.341,16.536,0,100,0,0,"",149.726,-6.6,2.328,0,0,1,"Yaksok~","아침땅_","_Gosomi","kneesohime","Kr_Luna","紅さかな","ddil_ddil69","YukihiroD","うよすま",5,R,"아침땅_",169.9,87.187,0.502,,36,W,Y,0,,,,,,,,,,,,,,,,,,,,,,,,,,,,,0,0,,,,,,,,,,,,,,,,,,,,,,,,,,,,,,,,,,,,,,0.031,-37.444,-0.096,-17.09,-20.807,-48.125,-16.964,-62.758,18.216,-49.113,9.722,-64.277,49.168,-101.746,-3.475,-111.493,-43.797,-94.393,,,,"",,,,"",,,,"",,,,"",,,,"",,,,"",,,,"",,,,"",,,,,,,,,,,,,,,,,,,,,,,,,,,,,,,,,,,,,,,,,,,,,,,,,,,,,,,,,,"",0,0,"",,,,0,""
57,,3,1,4,1,0,1,0,0,0,0,255,255,255,23,1679.876,"Floră",R,32,82,134,1.758,-0.247,0.414,1.497,0.532,1.462,-36.341,25.592,0,100,0,2,"",159.47,-0.709,0.629,0,0,1,"=","=","=","=","=","=","=","=","=",5,R,"아침땅_",169.9,87.187,0.502,3,36,W,Y,1,1680.904,164,101,90,52,28,,145,91,-0.559,-26.082,0.327,0.821,-20.189,-0.42,0.143,0.403,271.889,-483.554,182.878,1681.363,7.077,-33.371,1682.53,4,13.555,0.054,-46.17,0,0,,1686.028,,,,,,,,,,,,,1685.869,1,,147,64,,,,,,,,,,,,,,,,,,,0.09,-37.269,-0.065,-17.107,-21.152,-47.864,-16.251,-62.871,20.679,-48.373,9.457,-64.041,49.181,-101.803,-3.464,-111.577,-43.999,-94.84,0.093,-36.885,,"Ainy4／あいにゃ",-0.101,-17.15,,"하루（Haru）",-21.154,-47.865,81,"muyang_",-16.276,-62.697,,"aura_5599",18.831,-48.772,102,"CoalCat",9.447,-63.893,,"Pring__",49.158,-101.819,,"눈꽃",-3.472,-111.573,,"-라후이-",-42.733,-93.854,,1688.933,-0.632,-39.065,,,,1685.198,-18.28,-40.339,,,,1682.596,14.243,-47.587,,,,,,,,,,,,,,,,,,,1687.875,-17.545,-40.193,,,,1683.821,8.237,-46.494,,,,,,,,,,,,,"",2,0,"aura_5599",,,,352,""
58,,3,1,4,1,0,0,1,0,0,0,255,255,255,24,1705.276,"Floră",R,32,86,139,-3.329,-1.717,-0.064,1.443,-1.695,0.576,-36.341,19.422,0,100,0,1,"",185.112,-32.744,3.696,0,0,2,"=","=","=","=","=","=","=","=","=",8,R,"_Gosomi",175,87.368,0.434,,66,W,Y,0,,,,,,,,,,,,,,,,,,,,,,,,,,,,,0,0,,,,,,,,,,,,,,,,,,,,,,,,,,,,,,,,,,,,,,-0.17,-37.474,-0.077,-17.1,-19.664,-46.217,-16.103,-63.251,19.169,-48.68,9.793,-63.749,43.805,-103.937,-10.258,-115.442,-40.59,-87.203,,,,"",,,,"",,,,"",,,,"",,,,"",,,,"",,,,"",,,,"",,,,1708.701,-0.231,-36.758,,,,,,,,,,,,,,,,,,,,,,,,,,,,,,,,,,,,,,,,,,,,,,,,,,,,"",0,0,"",,,,0,""
59,,3,1,4,1,1,0,1,0,0,0,255,255,255,25,1719.387,"Floră",R,32,81,132,-1.158,-0.33,0.142,1.482,-0.733,1.414,-36.341,34.1,0,100,0,2,"",158.659,2.001,1.867,0,0,2,"=","=","=","=","=","=","=","=","=",8,R,"_Gosomi",175,87.368,0.434,5,66,W,Y,1,1720.473,143,74,99,111,45,,145,129,22.444,50.364,-0.217,0.811,-20.114,0.5,0,0.417,249.787,187.677,-120.335,1725.338,-93.467,-90.643,,,,,,0,0,,,,,,,,,,,,,,,,,,,,,,,,,,,,,,,,,,,,,,-0.227,-37.406,-0.074,-17.102,-19.663,-46.235,-16.11,-63.306,19.064,-48.207,9.821,-63.741,44.049,-103.836,-10.235,-115.453,-41.703,-88.875,-0.435,-36.746,,"Ainy4／あいにゃ",-0.172,-17.185,,"하루（Haru）",-19.661,-46.231,,"muyang_",-15.909,-63.124,,"aura_5599",19.035,-48.171,,"CoalCat",9.873,-63.579,,"Pring__",44.04,-103.84,,"눈꽃",-10.241,-115.443,,"-라후이-",-41.706,-88.875,,,,,,,,,,,,,,,,,,,,,,,,,,,,,,,,,,,,,,,,,,,,,,,,,,,,,,,,"",3,0,"",,,,0,""
60,,3,1,4,1,1,1,1,0,0,0,255,255,255,26,1738.918,"Floră",R,3,68,99,-3.607,-0.729,0.036,1.363,-0.818,1.214,-36.341,22.095,0,100,0,1,"",-366.833,0,8.496,0,0,2,"=","=","=","=","=","=","=","=","=",8,R,"_Gosomi",175,87.368,0.434,,66,W,Y,0,,,,,,,,,,,,,,,,,,,,,,,,,,,,,0,0,,,,,,,,,,,,,,,,,,,,,,,,,,,,,,,,,,,,,,-0.083,-37.422,-0.072,-17.106,-19.541,-45.762,-17.131,-62.725,19.337,-49.145,10.479,-64.361,44.471,-105.399,-10.032,-115.479,-46.127,-93.173,,,,"",,,,"",,,,"",,,,"",,,,"",,,,"",,,,"",,,,"",,,,,,,,,,,,,,,,,,,,,,,,,,,,,,,,,,,,,,,,,,,,,,,,,,,,,,,,,,"",0,0,"",,,,0,""
61,,3,1,4,1,2,1,1,0,0,0,255,255,255,27,1752.304,"Floră",R,3,71,100,0.45,-0.576,0.631,1.596,1.027,1.292,-36.341,38.899,0,100,0,2,"",-419.004,0,7.783,0,0,2,"=","=","=","=","=","=","=","=","=",8,R,"_Gosomi",175,87.368,0.434,0,66,W,Y,1,1753.513,99,118,82,75,110,,134,81,-30,58.274,0.1,0.775,-21.063,1,0,0.34,-124.154,77.978,-26.671,1753.422,-1.833,-22.256,,,,,,0,0,,,,,,,,,,,,,,,,,,,,,,,,,,,,,,,,,,,,,,0.131,-37.538,-0.081,-17.105,-19.549,-45.751,-16.911,-62.499,19.316,-49.236,10.191,-64.328,44.454,-105.365,-10.072,-115.555,-44.529,-89.845,-0.127,-36.982,,"Ainy4／あいにゃ",-0.084,-17.126,,"하루（Haru）",-19.556,-45.753,,"muyang_",-16.948,-62.456,,"aura_5599",19.278,-49.264,,"CoalCat",10.184,-64.134,,"Pring__",44.439,-105.375,,"눈꽃",-10.075,-115.56,,"-라후이-",-44.597,-89.993,,,,,,,,,,,,,,,,,,,,,,,,,,,,,,,,,,,,,,,,,,,,,,,,,,,,,,,,"",3,0,"",,,,0,""
62,,3,1,4,1,2,2,1,0,0,0,255,255,255,28,1770.82,"Floră",R,3,74,101,-1.283,-0.655,0.408,1.629,0.335,1.37,-36.341,36.111,0,100,0,2,"",-452.792,82.543,11.284,0,0,2,"=","=","=","=","=","=","=","=","=",8,R,"_Gosomi",175,87.368,0.434,3,66,W,Y,1,1772.039,233,115,71,121,102,,145,122,-30,31.432,-0.157,0.837,-21.418,0.75,0,0.422,22.381,-14.331,68.728,1771.88,-0.974,-22.757,1774.03,3,-23.949,1.23,-60.386,0,0,,1777.541,,,,,,,,,,,,,1776.914,2,,147,2,,,,,,,,,,,,,,,,,,,-0.059,-37.555,-0.09,-17.097,-19.437,-45.413,-16.656,-62.702,19.104,-50.312,10.732,-64.287,44.679,-105.254,-9.436,-115.331,-43.185,-83.148,-0.379,-36.719,,"Ainy4／あいにゃ",-0.106,-17.119,,"하루（Haru）",-19.449,-45.415,87,"muyang_",-16.481,-62.475,99,"aura_5599",18.957,-49.919,,"CoalCat",10.728,-64.112,,"Pring__",44.672,-105.254,,"눈꽃",-9.528,-115.356,,"-라후이-",-43.178,-83.098,,,,,,,,1776.259,-19.578,-41.217,1774.155,-23.971,-61.39,,,,,,,,,,,,,,,,,,,,,,1780.682,-17.881,-40.752,1775.392,-23.715,-55.809,,,,,,,,,,,,,,,,"",2,0,"muyang_",,,,34,""
63,,3,1,4,1,0,0,2,0,0,0,255,255,255,29,1796.916,"Floră",R,33,85,138,-0.615,-0.403,0.202,1.458,-0.454,1.355,-36.341,21.939,0,100,0,0,"",134.01,-5.773,0.882,-0.266,-18.343,3,"=","=","=","=","=","=","=","=","=",4,R,"kneesohime",190,85,0.497,,66,W,Y,0,,,,,,,,,,,,,,,,,,,,,,,,,,,,,0,0,,,,,,,,,,,,,,,,,,,,,,,,,,,,,,,,,,,,,,-0.042,-37.471,-0.092,-17.202,-18.893,-46.221,-16.45,-62.483,19.453,-50.109,10.136,-65.09,46.369,-104.598,-9.237,-119.446,-42.054,-86.479,,,,"",,,,"",,,,"",,,,"",,,,"",,,,"",,,,"",,,,"",,,,,,,,,,,,,,,,,,,,,,,,,,,,,,,,,,,,,,,,,,,,,,,,,,,,,,,,,,"",0,0,"",,,,0,""
64,,3,1,4,1,0,1,2,0,0,0,255,255,255,30,1810.218,"Floră",R,33,82,134,1.598,0.507,0.404,1.634,0.482,1.925,-36.341,32.287,0,100,0,2,"",145.589,-4.321,3.307,0,0,3,"=","=","=","=","=","=","=","=","=",4,R,"kneesohime",190,85,0.497,3,66,W,Y,1,1811.311,255,78,85,67,44,,145,103,25.227,16.909,0.297,1.185,-19.898,-0.21,0,0.321,53.882,-113.624,-510.303,1815.913,-21.866,-106.031,1816.155,7,-21.221,1.913,-103.474,0,0,,1817.632,,,,,,,,,,,,,1816.29,3,,456,0,,,,,,,,,,,,,,,,,,,-0.048,-37.451,-0.061,-17.225,-19.002,-45.92,-16.771,-62.754,18.861,-49.468,10.126,-65.089,46.27,-104.682,-9.175,-119.412,-42.166,-86.362,-0.071,-37.018,,"Ainy4／あいにゃ",-0.046,-17.269,,"하루（Haru）",-19.011,-45.933,,"muyang_",-16.639,-62.525,,"aura_5599",18.588,-49.19,,"CoalCat",10.13,-64.917,,"Pring__",46.258,-104.646,,"눈꽃",-9.183,-119.406,85,"-라후이-",-42.141,-86.35,,,,,,,,,,,,,,,,,,,,,,,1816.299,-21.503,-104.443,,,,,,,,,,,,,,,,,,,,,,,,,1818.506,-21.231,-89.716,,,,"",1,0,"눈꽃",,,,16,""
65,SIDE,3,1,4,1,0,0,2,0,0,0,255,255,255,,1819.448,,,,,,,,,,,,,,,,,,,,,,,,4,"=","=","=","=","=","=","=","=","=",,,,,,,,,,,,,,,,,,,,,,,,,,,,,,,,,,,,,,,0,0,,,,,,,,,,,,,,,,,,,,,,,,,,,,,,,,,,,,,,,,,,,,,,,,,,,,,,,,,,,,,,,,,,,,,,,,,,,,,,,,,,,,,,,,,,,,,,,,,,,,,,,,,,,,,,,,,,,,,,,,,,,,,,,,,,,,,,,,,,,,,,,,,"",0,0,"",,,,0,""
66,,3,0,4,1,0,0,0,0,0,0,255,255,255,29,1849.001,"うよすま",R,3,69,97,-3.256,-0.471,0.282,1.214,-0.436,1.379,-36.795,45.293,0,100,0,4,"",-431.604,0,-24.448,0,0,1,"-라후이-","muyang_","Ainy4／あいにゃ","Pring__","눈꽃","하루（Haru）","aura_5599","CoalCat","Floră",3,R,"muyang_",171.6,80,0.498,,65,W,Y,1,,,,,,,,,,,,,,,,,,,,,,,,,,,,,0,0,,,,,,,,,,,,,,,,,,,,,,,,,,,,,,,,,,,,,,-0.068,-37.753,-0.202,-16.718,-21.619,-52.609,-12.313,-59.095,24.853,-50.07,10.826,-65.459,35.406,-96.03,-0.155,-119.941,-40.959,-89.022,,,,"",,,,"",,,,"",,,,"",,,,"",,,,"",,,,"",,,,"",,,,,,,,,,,,,,,,,,,,,,,,,,,,,,,,,,,,,,,,,,,,,,,,,,,,,,,,,,"",0,0,"",,,,0,""
67,,3,0,4,1,0,1,0,0,0,0,255,255,255,30,1864.003,"うよすま",R,32,64,104,-0.484,-0.608,0.221,1.139,-0.599,1.262,-36.795,38.049,0,100,0,2,"",184.094,-23.215,-25.057,0,0,1,"=","=","=","=","=","=","=","=","=",3,R,"muyang_",171.6,80,0.498,5,65,W,Y,1,1865.181,146,235,107,104,38,,145,128,-30,-12.365,-0.088,0.719,-20.249,0.51,0,0.3,-524.016,-178.573,-212.9,1865.063,0.155,-21.357,1866.938,5,8.673,2.824,-60.01,0,0,,1870.486,,,,,,,,,,,,,1870.323,1,,147,2,,,,,,,,,,,,,,,,,,,-0.097,-37.753,0.02,-16.836,-21.271,-52.043,-12.752,-59.126,21.558,-48.497,11.818,-65.12,35.048,-97.531,-2.314,-119.228,-41.201,-90.347,-0.496,-37.652,,"ddil_ddil69",0.015,-17.142,,"Yaksok~",-21.152,-52.109,103,"Kr_Luna",-12.558,-59.248,,"kneesohime",21.621,-48.416,,"아침땅_",11.776,-65.11,90,"YukihiroD",35.038,-97.525,,"紅さかな",-1.792,-118.794,,"_Gosomi",-41.639,-90.525,,1872.242,-0.938,-38.379,,,,1869.738,-18.935,-40.433,,,,,,,1867.067,9.063,-60.735,,,,,,,,,,,,,,,,1871.428,-16.009,-41.907,,,,,,,1868.173,4.88,-57.222,,,,,,,,,,"",2,0,"아침땅_",,,,259,""
68,,3,0,4,1,0,0,1,0,0,0,255,255,255,31,1888.701,"うよすま",R,6,37,78,3.586,-0.883,0.313,1.001,0.543,1.113,-36.795,42.641,0,100,0,1,"",354.545,0,-23.008,0,0,2,"=","=","=","=","=","=","=","=","=",1,L,"Ainy4／あいにゃ",189.2,85,0.51,,65,W,Y,0,,,,,,,,,,,,,,,,,,,,,,,,,,,,,0,0,,,,,,,,,,,,,,,,,,,,,,,,,,,,,,,,,,,,,,0.041,-37.54,0.012,-17.237,-20.586,-50.865,-10.544,-59.803,24.662,-51.138,15.256,-63.217,45.849,-106.063,1.537,-118.961,-35.068,-96.379,,,,"",,,,"",,,,"",,,,"",,,,"",,,,"",,,,"",,,,"",,,,1893.458,-0.211,-37.376,,,,,,,,,,,,,,,,,,,,,,,,,,,,,,,,,,,,,,,,,,,,,,,,,,,,"",0,0,"",,,,0,""
69,,3,0,4,1,1,0,1,0,0,0,255,255,255,32,1906.872,"うよすま",R,33,59,101,0.095,0.604,0.341,1.476,-0.278,1.995,-36.795,43.615,0,100,0,2,"",145.747,-17.575,-13.98,0,0,2,"=","=","=","=","=","=","=","=","=",1,L,"Ainy4／あいにゃ",189.2,85,0.51,3,65,W,Y,1,1908.092,202,41,72,19,6,,135,129,32.494,-45.525,0.068,1.245,-20.015,0.59,0,0.413,374.608,278.493,124.635,1913.313,81.017,-108.479,,,,,,0,0,,1915.157,1919.948,1925.076,1930.216,,,,,,,,,,,,,,,,,,,,,,,,,,,,,,,,,-0.039,-37.764,-0.076,-16.532,-20.374,-51.341,-8.62,-61.696,24.65,-51.195,14.903,-63.239,46.863,-107.23,0.226,-119.216,-34.627,-96.218,-0.248,-38.122,,"ddil_ddil69",0.091,-16.611,,"Yaksok~",-20.237,-51.47,,"Kr_Luna",-8.576,-61.75,,"kneesohime",24.628,-51.108,,"아침땅_",15.103,-65.712,,"YukihiroD",46.844,-107.215,,"紅さかな",0.221,-119.207,,"_Gosomi",-34.552,-96.264,,,,,,,,,,,,,,,,,,,,,,,,,,,,,,,,,,,,,,,,,,,,,,,,,,,,,,,,"",4,0,"",1919.948,1925.076,,0,""
70,,3,0,4,2,0,0,1,0,0,0,255,255,255,33,1949.387,"うよすま",R,33,62,102,2.622,-0.753,0.502,1.206,0.86,1.216,-36.795,62.075,0,100,0,4,"",127.751,9.208,-12.989,0,0,3,"=","=","=","=","=","=","=","=","=",6,L,"Pring__",175.3,93.125,0.431,,65,W,Y,1,,,,,,,,,,,,,,,,,,,,,,,,,,,,,0,0,,,,,,,,,,,,,,,,,,,,,,,,,,,,,,,,,,,,,,-0.009,-37.734,-0.044,-17.134,-20.974,-50.461,-7.862,-62.192,23.964,-51.154,15.6,-63.249,47.043,-107.475,0.406,-120.447,-34.396,-96.608,,,,"",,,,"",,,,"",,,,"",,,,"",,,,"",,,,"",,,,"",,,,,,,,,,,,,,,,,,,,,,,,,,,,,,,,,,,,,,,,,,,,,,,,,,,,,,,,,,"",0,0,"",,,,0,""
71,,3,0,4,2,0,1,1,0,0,0,255,255,255,34,1964.726,"うよすま",R,3,60,92,-1.427,0.872,0.426,1.463,0.223,2.171,-36.795,58.643,0,100,0,2,"",-360.396,0,-7.592,0,0,3,"=","=","=","=","=","=","=","=","=",6,L,"Pring__",175.3,93.125,0.431,5,65,W,Y,1,1965.817,170,124,84,70,72,,145,99,101.152,-10.089,-0.25,1.252,-20.596,-0.22,0,0.515,498.644,-289.952,165.174,,,,,,,,,0,0,,,,,,,,,,,,,,,,,,,,,,,,,,,,,,,,,,,,,,-0.057,-37.784,0.004,-17.365,-20.796,-51.866,-8.105,-61.986,21.91,-48.228,14.966,-63.482,48.137,-107.547,0.044,-120.298,-34.386,-96.637,-0.387,-38.161,,"ddil_ddil69",0.104,-17.456,,"Yaksok~",-20.804,-51.868,,"Kr_Luna",-8.532,-62.063,,"kneesohime",22.046,-48.064,,"아침땅_",14.698,-63.595,,"YukihiroD",48.147,-107.585,,"紅さかな",0.622,-120.274,,"_Gosomi",-34.522,-96.579,,,,,,,,,,,,,,,,,,,,,,,,,,,,,,,,,,,,,,,,,,,,,,,,,,,,,,,,"",3,0,"",,,,0,""
72,,3,0,4,2,0,2,1,0,0,0,255,255,255,35,1987.034,"うよすま",R,7,50,88,1.663,-0.843,0.366,1.051,0.162,1.169,-36.795,37.9,0,100,0,2,"",222.033,0,-13.889,0,0,3,"=","=","=","=","=","=","=","=","=",6,L,"Pring__",175.3,93.125,0.431,3,65,W,Y,1,1988.18,177,117,78,89,100,,145,82,-3.644,-24.375,0.355,0.697,-21.183,1,0,0.636,-71.737,-588.222,94.071,1988.355,3.396,-27.659,1990.547,5,15.449,0.055,-55.562,0,0,,1993.443,,,,,,,,,,,,,1993.706,3,,147,2,,,,,,,,,,,,,,,,,,,0.055,-37.549,0.225,-17.141,-21.056,-51.574,-10.286,-61.809,22.009,-48.236,15.267,-63.34,48.681,-104.472,0.888,-120.117,-35.171,-98.538,-0.297,-38.137,,"ddil_ddil69",0.49,-17.166,,"Yaksok~",-21.046,-51.561,100,"Kr_Luna",-10.156,-61.87,,"kneesohime",21.063,-45.841,,"아침땅_",15.431,-63.24,102,"YukihiroD",48.24,-106.097,,"紅さかな",0.893,-120.132,,"_Gosomi",-35.313,-98.422,,1996.779,-0.94,-38.341,,,,1993.123,-18.708,-40.448,,,,,,,1990.678,15.891,-56.76,,,,,,,,,,,,,,,,1995.836,-17.674,-43.29,,,,,,,1991.454,12.609,-55.034,,,,,,,,,,"",2,0,"아침땅_",,,,259,""
73,,3,0,4,2,0,0,2,0,0,0,255,255,255,36,2012.582,"うよすま",R,32,69,109,2.487,-0.789,0.508,1.161,0.676,1.203,-36.795,47.376,0,100,0,1,"",204.217,11.614,-21.213,0,0,4,"=","=","=","=","=","=","=","=","=",7,L,"눈꽃",170.1,90,0.605,,65,W,Y,0,,,,,,,,,,,,,,,,,,,,,,,,,,,,,0,0,,,,,,,,,,,,,,,,,,,,,,,,,,,,,,,,,,,,,,0.107,-37.733,-0.014,-16.875,-20.397,-50.669,-7.55,-60.503,23.627,-50.844,15.061,-63.303,51.237,-108.173,2.834,-112.214,-35.311,-98.494,,,,"",,,,"",,,,"",,,,"",,,,"",,,,"",,,,"",,,,"",,,,2017.072,-0.319,-37.563,,,,,,,,,,,,,,,,,,,,,,,,,,,,,,,,,,,,,,,,,,,,,,,,,,,,"",0,0,"",,,,0,""
74,,3,0,4,2,1,0,2,0,0,0,255,255,255,37,2028.344,"うよすま",R,3,68,110,-0.482,0.952,0.436,1.4,0.649,2.162,-36.795,50.17,21,79,0,2,"",-460.691,0,-18.347,0,0,4,"=","=","=","=","=","=","=","=","=",7,L,"눈꽃",170.1,90,0.605,5,65,W,Y,1,2029.599,234,114,117,65,22,,145,82,-7.32,-46.852,-0.144,1.166,-19.733,-1,0,0.445,575.068,17.359,170.282,2029.738,5.269,-24.818,,,,,,0,0,,,,,,,,,,,,,,,,,,,,,,,,,,,,,,,,,,,,,,-0.026,-37.676,0.408,-16.987,-20.573,-52.172,-10.354,-62,23.65,-50.859,14.719,-63.468,51.25,-108.086,1.654,-117.132,-34.749,-99.455,-0.352,-38.143,,"ddil_ddil69",0.243,-17.003,,"Yaksok~",-20.539,-52.163,,"Kr_Luna",-10.374,-61.987,,"kneesohime",23.54,-50.881,,"아침땅_",14.713,-63.462,,"YukihiroD",51.3,-108.05,,"紅さかな",1.255,-117.214,,"_Gosomi",-34.622,-99.428,,,,,,,,,,,,,,,,,,,,,,,,,,,,,,,,,,,,,,,,,,,,,,,,,,,,,,,,"",3,0,"",,,,0,""
75,,3,0,4,2,1,1,2,0,0,0,255,255,255,38,2048.515,"うよすま",R,3,64,94,1.043,-0.539,0.682,1.166,1.446,1.346,-36.795,64.41,0,100,0,0,"",-421.625,0,-25.663,0,0,4,"=","=","=","=","=","=","=","=","=",7,L,"눈꽃",170.1,90,0.605,,65,W,Y,0,,,,,,,,,,,,,,,,,,,,,,,,,,,,,0,0,,,,,,,,,,,,,,,,,,,,,,,,,,,,,,,,,,,,,,0.089,-37.622,0.258,-17.249,-20.444,-49.731,-10.433,-61.898,23.195,-49.398,16.068,-62.819,50.857,-107.483,3.316,-118.865,-36.862,-101.078,,,,"",,,,"",,,,"",,,,"",,,,"",,,,"",,,,"",,,,"",,,,,,,,,,,,,,,,,,,,,,,,,,,,,,,,,,,,,,,,,,,,,,,,,,,,,,,,,,"",0,0,"",,,,0,""
76,,3,0,4,2,1,2,2,0,0,0,255,255,255,39,2065.326,"うよすま",R,33,81,132,-0.227,1.511,0.318,1.435,-0.292,2.412,-36.795,33.176,0,100,0,2,"",122.558,-48.984,6.108,0,0,4,"=","=","=","=","=","=","=","=","=",7,L,"눈꽃",170.1,90,0.605,5,65,W,Y,1,2066.55,200,44,85,44,17,,143,115,-30,-45.569,-0.056,1.34,-19.314,0.84,0,0.27,-287.911,-219.337,-142.07,2066.396,1.508,-20.841,,,,,,0,0,,,,,,,,,,,,,,,,,,,,,,,,,,,,,,,,,,,,,,0.036,-37.818,0.055,-17.116,-20.178,-50.924,-10.388,-61.955,24.739,-50.306,16.067,-62.799,50.991,-107.46,1.623,-117.192,-36.82,-101.078,-0.128,-38.2,,"ddil_ddil69",0.083,-17.306,,"Yaksok~",-20.103,-50.926,,"Kr_Luna",-10.457,-61.899,,"kneesohime",25.918,-52.091,,"아침땅_",15.77,-62.867,,"YukihiroD",50.991,-107.465,,"紅さかな",1.299,-117.105,,"_Gosomi",-36.731,-101.052,,,,,,,,,,,,,,,,,,,,,,,,,,,,,,,,,,,,,,,,,,,,,,,,,,,,,,,,"",3,0,"",,,,0,""
77,,3,0,4,2,1,2,2,0,0,0,255,255,255,40,2084.431,"うよすま",R,6,52,87,2.549,-0.697,0.354,1.109,0.309,1.262,-36.795,37.133,0,100,0,2,"",315.025,0,-19.446,0,0,4,"=","=","=","=","=","=","=","=","=",7,L,"눈꽃",170.1,90,0.605,5,65,W,Y,1,2085.875,236,236,78,106,57,,145,96,19.79,47.847,0.464,0.717,-20.606,0.97,0,0.45,170.445,390.36,-347.469,2090.355,-65.253,-71.619,,,,,,0,0,,,,,,,,,,,,,,,,,,,,,,,,,,,,,,,,,,,,,,0.046,-37.669,0.358,-17.464,-20.362,-50.349,-10.334,-61.999,25.281,-48.75,16.48,-62.417,50.154,-104.526,1.853,-118.149,-36.115,-105.391,-0.283,-38.257,,"ddil_ddil69",0.498,-17.632,,"Yaksok~",-20.331,-50.275,,"Kr_Luna",-10.326,-61.984,,"kneesohime",24.886,-48.93,,"아침땅_",16.486,-62.373,,"YukihiroD",50.169,-104.507,,"紅さかな",1.855,-118.143,,"_Gosomi",-36.719,-105.104,,,,,,,,,,,,,,,,,,,,,,,,,,,,,,,,,,,,,,,,,,,,,,,,,,,,,,,,"",3,0,"",,,,0,""
78,,3,0,4,2,1,2,2,0,0,0,255,255,255,41,2108.935,"うよすま",R,33,62,103,3.067,-0.869,0.619,1.213,1.015,1.137,-36.795,53.42,12,88,0,2,"",144.794,-6.429,-23.779,0,0,4,"=","=","=","=","=","=","=","=","=",7,L,"눈꽃",170.1,90,0.605,5,65,W,Y,1,2110.152,223,143,73,92,16,,145,114,28.567,-8.859,0.575,0.601,-19.872,0.79,0,0.341,371.12,-207.23,-124.541,2115.288,21.524,-118.545,2115.497,7,21.081,1.524,-116.76,0,0,,2115.343,,,,,,,,,,,,,2115.689,4,,456,0,,,,,,,,,,,,,,,,,,,0.15,-37.8,0.339,-17.494,-20.368,-50.424,-13.862,-62.043,22.073,-45.915,15.65,-63.143,46.968,-103.331,0.414,-118.327,-41.225,-97.231,-0.139,-38.246,,"ddil_ddil69",0.408,-17.564,,"Yaksok~",-20.359,-50.43,,"Kr_Luna",-13.793,-62.016,,"kneesohime",21.985,-45.884,,"아침땅_",16.199,-62.88,,"YukihiroD",47.058,-103.254,,"紅さかな",0.417,-118.318,99,"_Gosomi",-41.177,-97.186,,,,,,,,,,,,,,,,,,,,,,,2115.7,21.054,-117.676,,,,,,,,,,,,,,,,,,,,,,,,,2116.915,22.08,-111.256,,,,"",1,0,"紅さかな",,,,32,""
79,SIDE,3,0,4,2,0,0,2,0,0,0,255,255,255,,2117.308,,,,,,,,,,,,,,,,,,,,,,,,5,"=","=","=","=","=","=","=","=","=",,,,,,,,,,,,,,,,,,,,,,,,,,,,,,,,,,,,,,,0,0,,,,,,,,,,,,,,,,,,,,,,,,,,,,,,,,,,,,,,,,,,,,,,,,,,,,,,,,,,,,,,,,,,,,,,,,,,,,,,,,,,,,,,,,,,,,,,,,,,,,,,,,,,,,,,,,,,,,,,,,,,,,,,,,,,,,,,,,,,,,,,,,,"",0,0,"",,,,0,""
80,,4,1,4,2,0,0,0,0,0,0,255,255,255,31,2146.026,"Floră",R,3,78,117,-1.245,-0.975,0.335,1.577,0.162,1.094,-36.341,39.592,0,100,0,2,"",-432.17,83.685,5.194,0,0,4,"Yaksok~","아침땅_","_Gosomi","kneesohime","Kr_Luna","紅さかな","ddil_ddil69","YukihiroD","うよすま",3,L,"Kr_Luna",190,95.432,0.498,0,65,W,Y,0,2146.919,149,132,120,80,31,,145,133,0.692,-2.02,-0.224,0.659,-20.527,0.3,0,0.096,53.11,-46.152,1.317,2147.28,0.633,-43.654,2150.047,7,2.917,0.055,-102.017,1,0,,2152.605,,,,,,,,,,,,,,,,,,,,,,,,,,,,,,,,,,,,-0.225,-37.081,-0.026,-17.242,-20.682,-47.487,-16.938,-62.582,20.525,-47.092,12.872,-63.481,52.922,-99.751,2.716,-116.819,-39.567,-90.502,-0.332,-36.766,,"Ainy4／あいにゃ",-0.054,-17.241,,"하루（Haru）",-20.686,-47.487,89,"muyang_",-16.973,-62.572,,"aura_5599",20.813,-47.795,,"CoalCat",12.866,-63.483,,"Pring__",53.332,-100.134,,"눈꽃",2.724,-116.819,107,"-라후이-",-39.33,-90.521,,2158.212,-1.05,-38.169,,,,2153.527,-18.523,-41.399,,,,,,,,,,,,,2150.177,3.014,-103.295,,,,,,,,,,2157.234,-17.397,-39.688,,,,,,,,,,,,,2150.824,1.371,-98.128,,,,"",2,0,"눈꽃",,,,304,""
81,,4,1,4,2,0,0,0,1,0,0,3,255,255,32,2173.368,"Floră",R,3,70,100,2.023,-1.186,0.517,1.538,1.622,0.945,-36.341,68.475,0,100,0,1,"",-373.106,0,0.64,0,0,5,"=","=","=","=","=","=","=","=","=",7,R,"紅さかな",172.6,86,0.399,,65,W,Y,0,,,,,,,,,,,,,,,,,,,,,,,,,,,,,0,0,,,,,,2187.966,,,,,,2182.161,,,,,,,,,,,,,,,,,,,,,,,,,,-0.203,-37.37,-0.055,-17.274,-18.042,-40.357,-11.174,-57.664,20.644,-49.748,7.482,-61.387,52.908,-99.68,-8.675,-113.561,-39.688,-88.108,,,,"",,,,"",,,,"",,,,"",,,,"",,,,"",,,,"",,,,"",,,,2176.962,-0.257,-37.033,,,,,,,,,,,,,,,,,,,,,,,,,,,,,,,,,,,,,,,,,,,,,,,,,,,,"",0,0,"",2187.966,,,0,""
82,,4,1,4,2,1,0,0,0,1,0,255,3,255,33,2205.365,"Floră",R,32,79,129,-1.392,-0.96,0.118,1.577,-0.848,1.039,-36.341,21.22,0,100,0,0,"",163.095,-6.349,4.432,0,0,5,"=","=","=","=","=","=","=","=","=",7,R,"紅さかな",172.6,86,0.399,,65,W,Y,0,,,,,,,,,,,,,,,,,,,,,,,,,,,,,0,0,,,,,,,,,,,,,2206.062,,,,,,,,,,,,,,,,,,,,,,,,,-0.196,-37.062,-0.065,-17.267,-19.141,-45.255,-11.988,-58.483,20.599,-48.751,8.011,-61.752,51.776,-100.622,-7.459,-113.81,-39.678,-86.826,,,,"",,,,"",,,,"",,,,"",,,,"",,,,"",,,,"",,,,"",,,,2209.328,-0.352,-36.566,,,,,,,,,,,,,,,,,,,,,,,,,,,,,,,,,,,,,,,,,,,,,,,,,,,,"",0,0,"",2207.217,,,0,""
83,,4,1,4,2,1,1,0,0,1,0,255,3,255,34,2221.954,"Floră",R,3,77,105,-4.087,-0.789,-0.015,1.546,-0.976,1.17,-36.341,16.111,0,100,0,1,"",-422.396,0,16.429,0,0,5,"=","=","=","=","=","=","=","=","=",7,R,"紅さかな",172.6,86,0.399,,65,W,Y,0,,,,,,,,,,,,,,,,,,,,,,,,,,,,,0,0,,,,,,,,,,,,,2235.533,,,,,,,,,,,,,,,,,,,,,,,,,-0.183,-37.175,-0.048,-17.252,-19.159,-44.905,-14.497,-61.272,20.77,-49.309,7.314,-61.89,51.785,-100.633,-5.883,-112.834,-39.664,-86.825,,,,"",,,,"",,,,"",,,,"",,,,"",,,,"",,,,"",,,,"",,,,2225.704,-0.634,-36.597,,,,,,,,,,,,,,,,,,,,,,,,,,,,,,,,,,,,,,,,,,,,,,,,,,,,"",0,0,"",2224.744,,,0,""
84,,4,1,4,2,2,1,0,0,1,0,255,3,255,35,2236.645,"Floră",R,3,65,95,-0.828,-0.099,0.456,1.519,0.483,1.579,-36.341,35.448,0,100,0,2,"",-395.04,0,9.093,0,0,5,"=","=","=","=","=","=","=","=","=",7,R,"紅さかな",172.6,86,0.399,3,65,W,Y,1,2237.915,237,145,111,102,64,,145,126,-30,24.436,-0.122,0.933,-20.822,0.43,0,0.345,-45.034,-80.793,-179.545,2237.722,-0.806,-22.328,2239.497,3,-15.834,2.45,-55.404,0,0,,2243.206,,,,,,,2242.956,,,,,,2242.423,5,,147,2,,,,,,,,,,,2244.967,2,,,,,,,0.034,-37.356,-0.068,-17.258,-19.137,-44.88,-14.325,-59.783,19.083,-47.172,6.022,-61.511,51.789,-100.61,-5.88,-112.84,-39.205,-86.921,-0.008,-37.078,,"Ainy4／あいにゃ",-0.158,-17.386,,"하루（Haru）",-19.132,-44.88,85,"muyang_",-14.637,-59.767,85,"aura_5599",19.763,-48.133,,"CoalCat",8.818,-61.578,,"Pring__",51.796,-100.617,,"눈꽃",-5.887,-112.846,,"-라후이-",-39.206,-86.916,,2248.208,-0.689,-38.356,,,,2241.79,-18.901,-40.776,2239.629,-16.024,-56.499,,,,,,,,,,,,,,,,,,,,,,2247.16,-17.557,-39.256,2240.962,-16.087,-52.237,,,,,,,,,,,,,,,,"",2,0,"muyang_",,2242.956,,290,""
85,,4,1,4,2,0,0,1,0,0,1,255,255,3,36,2262.898,"Floră",R,3,72,101,1.332,-0.684,0.459,1.584,1.307,1.198,-36.341,60.277,0,100,0,2,"",-371.069,0,-5.497,0,0,6,"=","=","=","=","=","=","=","=","=",1,R,"ddil_ddil69",190,89.974,0.546,3,66,W,Y,1,2264.178,132,171,130,116,71,,140,95,-14.901,45.82,0.263,0.796,-20.813,-0.46,0,0.849,-21.675,116.46,218.551,2264.222,-2.385,-23.381,2269.405,0,-12.808,0.059,-29.369,1,0,,2269.963,,,,,,,,,2270.281,,,2263.253,,,,,,,,,,,,,,,,,,,,,,,,-0.196,-37.313,-0.064,-17.25,-18.975,-45.26,-15.751,-63.203,18.572,-46.143,8.484,-64.362,52.204,-98.676,-6.712,-106.761,-36.965,-83.63,-0.483,-36.769,,"Ainy4／あいにゃ",-0.055,-17.314,,"하루（Haru）",-18.948,-45.269,,"muyang_",-15.888,-60.194,,"aura_5599",17.821,-46.664,,"CoalCat",8.88,-64.083,,"Pring__",52.157,-98.706,,"눈꽃",-6.963,-106.729,,"-라후이-",-38.035,-84.196,,2269.57,-12.308,-29.449,,,,,,,,,,,,,,,,,,,,,,,,,,,,,,,,,,,,,,,,,,,,,,,,,,,,"",2,0,"Floră",,,2270.281,256,""
86,,4,1,5,2,0,0,1,1,0,0,1,255,255,37,2289.843,"Floră",R,33,82,134,-0.29,-0.852,0.2,1.439,-0.466,1.263,-36.341,21.681,0,100,0,2,"",132.629,11.932,-0.329,0,0,7,"=","=","=","=","=","=","=","=","=",6,R,"YukihiroD",174.3,80,0.398,5,68,W,Y,1,2290.93,255,112,77,55,0,,142,110,108.995,-40.443,-0.144,0.788,-20.613,0.85,0,0.572,216.516,295.486,456.297,,,,,,,,,0,0,,,,,,,,,,,,,,,,,,,,,,,,,,,,,,,,,,,,,,0.016,-37.467,-0.036,-17.304,-17.612,-39.987,-11.835,-59.238,20.12,-48.511,6.189,-62.24,49.248,-100.833,-7.358,-111.651,-41.278,-87.868,-0.168,-37.026,,"Ainy4／あいにゃ",-0.2,-17.459,,"하루（Haru）",-17.589,-39.969,,"muyang_",-11.719,-59.241,,"aura_5599",19.702,-48.177,,"CoalCat",6.21,-62.098,,"Pring__",49.267,-100.864,,"눈꽃",-7.164,-111.728,,"-라후이-",-40.811,-86.207,,,,,,,,,,,,,,,,,,,,,,,,,,,,,,,,,,,,,,,,,,,,,,,,,,,,,,,,"",3,0,"",,,,0,""
87,,4,1,5,2,0,1,1,1,0,0,1,255,255,38,2306.505,"Floră",R,33,86,139,-3.421,-1.134,-0.054,1.536,-1.648,0.939,-36.341,10.473,0,100,0,1,"",119.287,-5.955,0.619,0,0,7,"=","=","=","=","=","=","=","=","=",6,R,"YukihiroD",174.3,80,0.398,,68,W,Y,0,,,,,,,,,,,,,,,,,,,,,,,,,,,,,0,0,,,,,,,,,,,,,,,,,,,,,,,,,,,,,,,,,,,,,,-0.098,-37.433,-0.112,-17.33,-17.808,-39.992,-13.765,-59.64,20.986,-48.487,6.983,-62.817,49.267,-100.86,-5.991,-113.804,-41.881,-85.455,,,,"",,,,"",,,,"",,,,"",,,,"",,,,"",,,,"",,,,"",,,,,,,,,,,,,,,,,,,,,,,,,,,,,,,,,,,,,,,,,,,,,,,,,,,,,,,,,,"",0,0,"",,,,0,""
88,,4,1,5,2,1,1,1,1,0,0,1,255,255,39,2320.007,"Floră",R,34,84,137,-1.618,-1.039,0.122,1.563,-0.829,0.994,-36.341,15.549,0,100,0,1,"",88.935,-4.607,0.756,0,0,7,"=","=","=","=","=","=","=","=","=",6,R,"YukihiroD",174.3,80,0.398,,68,W,Y,0,,,,,,,,,,,,,,,,,,,,,,,,,,,,,0,0,,,,,,,,,,,,2327.421,,,,,,,,,,,,,,,,,,,,,,,,,,-0.04,-37.495,-0.097,-17.391,-17.915,-39.385,-13.181,-59.086,21.035,-49.001,7.063,-62.586,49.266,-100.862,-5.987,-113.819,-41.723,-85.51,,,,"",,,,"",,,,"",,,,"",,,,"",,,,"",,,,"",,,,"",,,,,,,,,,,,,,,,,,,,,,,,,,,,,,,,,,,,,,,,,,,,,,,,,,,,,,,,,,"",0,0,"",,,,0,""
89,,4,1,5,2,2,1,1,1,0,0,1,255,255,40,2333.377,"Floră",R,33,83,134,1.052,-0.968,0.357,1.576,0.264,1.041,-36.341,33.343,0,100,0,0,"",132.221,2.02,2.685,0,0,7,"=","=","=","=","=","=","=","=","=",6,R,"YukihiroD",174.3,80,0.398,,68,W,Y,0,,,,,,,,,,,,,,,,,,,,,,,,,,,,,0,0,,,,,,,,,,,,,,,,,,,,,,,,,,,,,,,,,,,,,,-0.042,-37.525,-0.11,-17.351,-18.019,-39.582,-13.693,-59.787,19.636,-49.665,0.942,-59.138,49.227,-100.903,-5.985,-113.814,-41.934,-85.825,,,,"",,,,"",,,,"",,,,"",,,,"",,,,"",,,,"",,,,"",,,,,,,,,,,,,,,,,,,,,,,,,,,,,,,,,,,,,,,,,,,,,,,,,,,,,,,,,,"",0,0,"",,,,0,""
90,,4,1,5,2,2,2,1,1,0,0,1,255,255,41,2346.75,"Floră",R,3,81,120,-2.158,-0.989,0.239,1.572,-0.286,1.027,-36.341,29.693,0,100,0,2,"",-413.91,0,7.594,0,0,7,"=","=","=","=","=","=","=","=","=",6,R,"YukihiroD",174.3,80,0.398,3,68,W,Y,1,2347.899,255,220,104,79,22,,145,126,26.8,44.695,-0.359,0.673,-21.004,0.48,0,0.523,66.598,156.396,396.054,2352.105,-74.761,-90.045,,,,,,0,0,,,,,,,,,,,,2348.652,,,,,,,,,,,,,,,,,,,,,,,,,,-0.097,-37.653,-0.096,-17.338,-18.263,-39.554,-14.163,-59.874,20.549,-49.275,6.988,-61.794,49.314,-100.862,-5.978,-113.801,-42.011,-85.862,-0.194,-36.85,,"Ainy4／あいにゃ",-0.138,-17.402,,"하루（Haru）",-16.029,-42.65,,"muyang_",-14.158,-59.866,,"aura_5599",19.859,-49.733,,"CoalCat",7.001,-61.62,,"Pring__",49.29,-100.854,,"눈꽃",-5.983,-113.823,,"-라후이-",-41.959,-85.697,,,,,,,,,,,,,,,,,,,,,,,,,,,,,,,,,,,,,,,,,,,,,,,,,,,,,,,,"",3,0,"",,,,0,""
91,,4,1,5,2,2,2,1,1,0,0,1,255,255,42,2371.413,"Floră",R,33,85,138,-2.902,1.291,-0.011,1.735,-1.447,2.305,-36.341,12.212,0,100,0,1,"",136.659,-44.963,6.452,0,0,7,"=","=","=","=","=","=","=","=","=",6,R,"YukihiroD",174.3,80,0.398,,68,W,Y,0,,,,,,,,,,,,,,,,,,,,,,,,,,,,,0,0,,,,,,,,,,,,,,,,,,,,,,,,,,,,,,,,,,,,,,-0.192,-37.405,-0.1,-17.363,-18.069,-40.338,-12.516,-58.854,20.512,-49.736,7.233,-61.866,49.156,-101.264,-6.909,-114.05,-44.12,-91.71,,,,"",,,,"",,,,"",,,,"",,,,"",,,,"",,,,"",,,,"",,,,,,,,,,,,,,,,,,,,,,,,,,,,,,,,,,,,,,,,,,,,,,,,,,,,,,,,,,"",0,0,"",,,,0,""
92,,4,1,5,2,3,2,1,1,0,0,1,255,255,43,2385.201,"Floră",R,3,72,101,-0.525,0.41,0.484,1.64,0.571,1.866,-36.341,26.547,0,100,0,0,"",-407.35,1.779,10.713,0,0,7,"=","=","=","=","=","=","=","=","=",6,R,"YukihiroD",174.3,80,0.398,,68,W,Y,1,,,,,,,,,,,,,,,,,,,,,,,,,,,,,0,0,,,,,,,,,,,,2387.951,,,2388,7,,578,0,,,,,,,,,,,,,,,,,,,0.117,-37.755,-0.114,-17.366,-18.31,-40.144,-13.094,-58.869,20.04,-49.169,7.471,-62.507,49.169,-101.212,-6.876,-114.072,-44.05,-91.744,,,,"",,,,"",,,,"",,,,"",,,,"",,,,"",,,,"",,,,"",,,,,,,,,,,,,,,,,,,,,,,,,,,,,,,,,,,,,,,,,,,,,,,,,,,,,,,,,,"",0,0,"",,,,0,""
93,,4,1,5,2,0,0,2,1,0,0,1,255,255,44,2404.874,"Floră",R,32,85,137,1.752,-0.109,0.415,1.518,0.537,1.54,-36.341,25.753,0,100,0,2,"",158.091,-3.184,2.311,0,0,8,"=","=","=","=","=","=","=","=","=",0,R,"うよすま",174.5,85.375,0.502,5,66,W,Y,1,2405.916,212,109,144,106,11,,145,96,36.744,8.594,0.157,0.828,-19.944,-0.39,0,0.344,203.956,563.503,29.433,2410.888,-21.572,-93.015,2411.072,8,-20.794,2.097,-91.234,0,0,,2411.952,,,,2412.253,,,,,,2406.864,,,2411.25,8,,457,0,,,,,,,,,,,,,,,,,,,0.149,-37.467,-0.108,-17.349,-18.171,-40.367,-16.708,-62.772,19.715,-49.292,9.452,-64.437,50.682,-103.463,-6.882,-114.064,-40.804,-90.899,0.057,-36.97,,"Ainy4／あいにゃ",-0.053,-17.447,,"하루（Haru）",-17.244,-41.881,,"muyang_",-16.717,-62.817,,"aura_5599",20.45,-49.753,,"CoalCat",9.522,-64.254,,"Pring__",50.69,-103.467,,"눈꽃",-7.229,-114.198,,"-라후이-",-40.751,-90.996,114,,,,,,,,,,,,,,,,,,,,,,,,,2411.259,-20.668,-91.488,,,,,,,,,,,,,,,,,,,,,,,,,2412.621,-20.982,-83.822,"",1,0,"-라후이-",2412.253,,,1,""
94,SIDE,4,1,5,2,0,0,2,0,1,0,255,1,255,,2413.879,,,,,,,,,,,,,,,,,,,,,,,,0,"=","=","=","=","=","=","=","=","=",,,,,,,,,,,,,,,,,,,,,,,,,,,,,,,,,,,,,,,0,0,,,,,,,,,,,,,,,,,,,,,,,,,,,,,,,,,,,,,,,,,,,,,,,,,,,,,,,,,,,,,,,,,,,,,,,,,,,,,,,,,,,,,,,,,,,,,,,,,,,,,,,,,,,,,,,,,,,,,,,,,,,,,,,,,,,,,,,,,,,,,,,,,"",0,0,"",,,,0,""
95,,4,0,5,2,0,0,0,0,0,0,255,255,255,42,2454.309,"うよすま",R,32,67,120,0.36,-0.788,0.327,1.317,-0.167,1.168,-36.795,52.003,0,100,0,2,"",185.876,39.253,-10.346,0,0,5,"-라후이-","muyang_","Ainy4／あいにゃ","Pring__","눈꽃","하루（Haru）","aura_5599","CoalCat","Floră",2,L,"하루（Haru）",190,85,0.397,3,37,W,Y,1,2455.456,213,148,166,139,79,,145,87,5.419,-61.156,0.069,0.787,-21.344,1,0.048,0.239,417.672,299.781,148.146,2456.28,20.293,-32.949,,,,,,0,0,,,,,,,,,,,,,,,,,,,,,,,,,,,,,,,,,,,,,,-0.083,-37.779,-0.288,-17.038,-20.249,-50.762,-12.63,-59.847,21.783,-47.529,15.194,-63.402,46.889,-104.447,0.75,-119.015,-39.997,-98.12,-0.353,-38.108,,"ddil_ddil69",-0.327,-17.021,,"Yaksok~",-20.252,-50.756,,"Kr_Luna",-11.246,-60.4,,"kneesohime",21.722,-47.54,,"아침땅_",15.978,-65.633,,"YukihiroD",46.754,-104.581,,"紅さかな",0.267,-118.845,,"_Gosomi",-39.954,-98.107,,,,,,,,,,,,,,,,,,,,,,,,,,,,,,,,,,,,,,,,,,,,,,,,,,,,,,,,"",3,0,"",,,,0,""
96,,4,0,5,2,0,1,0,0,0,0,255,255,255,43,2473.798,"うよすま",R,32,67,106,-0.564,-0.826,0.261,1.226,-0.578,1.069,-36.795,40.003,0,100,0,0,"",162.71,-41.646,-21.853,0,0,5,"=","=","=","=","=","=","=","=","=",2,L,"하루（Haru）",190,85,0.397,,37,W,Y,0,,,,,,,,,,,,,,,,,,,,,,,,,,,,,0,0,,,,,,,,,,,,,,,,,,,,,,,,,,,,,,,,,,,,,,-0.095,-37.746,0.394,-16.991,-19.93,-51.044,-10.395,-60.766,21.367,-48.815,15.658,-63.016,44.599,-100.84,0.394,-118.858,-36.877,-100.599,,,,"",,,,"",,,,"",,,,"",,,,"",,,,"",,,,"",,,,"",,,,,,,,,,,,,,,,,,,,,,,,,,,,,,,,,,,,,,,,,,,,,,,,,,,,,,,,,,"",0,0,"",,,,0,""
97,,4,0,5,2,0,2,0,0,0,0,255,255,255,44,2491.367,"うよすま",R,3,66,96,-0.306,-0.667,0.566,1.151,0.813,1.234,-36.795,50.005,14,86,0,2,"",-400.361,0,-30.283,0,0,5,"=","=","=","=","=","=","=","=","=",2,L,"하루（Haru）",190,85,0.397,3,37,W,Y,1,2492.619,228,105,153,121,109,,145,87,-13.259,-3.338,0.062,0.748,-21.997,1,0.048,0.196,383.704,343.705,-118.179,2492.547,0.218,-24.822,2493.688,0,0.832,0.332,-36.516,0,0,,2498.63,,,,,,,,,,,,,2497.052,5,,147,256,,,,,,,,,,,,,,,,,,,0.093,-37.717,0.252,-17.051,-19.979,-50.204,-10.46,-61.052,21.783,-48.794,15.246,-63.274,45.67,-100.871,0.926,-118.797,-36.955,-100.49,-0.461,-38.214,107,"ddil_ddil69",0.238,-17.161,,"Yaksok~",-19.945,-50.157,85,"Kr_Luna",-10.355,-60.965,,"kneesohime",21.861,-48.756,,"아침땅_",16.578,-64.961,,"YukihiroD",45.885,-101.267,,"紅さかな",0.385,-118.852,,"_Gosomi",-36.868,-100.462,,2493.86,0.991,-38.005,,,,2496.425,-18.881,-39.364,,,,,,,,,,,,,,,,,,,2495.672,-5.455,-38.325,,,,2498.272,-17.792,-39.657,,,,,,,,,,,,,,,,,,,"",2,0,"うよすま",,,,257,""
98,,4,0,5,2,0,0,1,0,0,0,255,255,255,45,2513.809,"うよすま",R,32,66,106,1.77,0.448,0.428,1.349,0.3,1.907,-36.795,44.903,9,91,0,2,"",229.287,-11.414,-21.694,0,0,6,"=","=","=","=","=","=","=","=","=",4,R,"aura_5599",190,94.523,0.448,5,66,W,Y,1,2514.897,107,220,166,153,79,,137,95,-30,-57.217,0.312,1.243,-21.431,1,0,0.359,-331.386,-62.337,-353.542,2514.78,2.001,-22.517,,,,,,0,0,,,,,,,,,,,,,,,,,,,,,,,,,,,,,,,,,,,,,,0.01,-37.778,0.204,-16.841,-20.781,-51.813,-11.168,-59.963,19.758,-48.975,11.976,-65.076,43.801,-98.096,0.146,-120.193,-45.063,-95.573,-0.151,-38.267,,"ddil_ddil69",0.143,-16.854,,"Yaksok~",-20.925,-52.398,,"Kr_Luna",-10.991,-59.986,,"kneesohime",19.887,-48.793,,"아침땅_",11.298,-65.224,,"YukihiroD",43.65,-98.258,,"紅さかな",0.173,-120.17,,"_Gosomi",-45.084,-95.577,,,,,,,,,,,,,,,,,,,,,,,,,,,,,,,,,,,,,,,,,,,,,,,,,,,,,,,,"",3,0,"",,,,0,""
99,,4,0,5,2,0,1,1,0,0,0,255,255,255,46,2532.356,"うよすま",R,3,71,99,-4.328,-0.83,0.176,1.184,-0.848,1.128,-36.795,33.05,0,100,0,4,"",-450,0,-33.901,0,0,6,"=","=","=","=","=","=","=","=","=",4,R,"aura_5599",190,94.523,0.448,,66,W,Y,1,,,,,,,,,,,,,,,,,,,,,,,,,,,,,0,0,,,,,,,,,,,,,,,,,,,,,,,,,,,,,,,,,,,,,,-0.097,-37.741,-0.452,-16.997,-20.149,-50.701,-10.743,-59.085,21.991,-49.314,9.107,-65.91,42.458,-98.247,0.442,-119.021,-43.36,-94.913,,,,"",,,,"",,,,"",,,,"",,,,"",,,,"",,,,"",,,,"",,,,,,,,,,,,,,,,,,,,,,,,,,,,,,,,,,,,,,,,,,,,,,,,,,,,,,,,,,"",0,0,"",,,,0,""
100,,4,0,5,2,0,2,1,0,0,0,255,255,255,47,2548.073,"うよすま",R,33,79,129,1.086,1.18,0.349,1.415,0.281,2.334,-36.795,44.581,0,100,0,2,"",117.786,-30.965,4.189,0,0,6,"=","=","=","=","=","=","=","=","=",4,R,"aura_5599",190,94.523,0.448,5,66,W,Y,1,2549.152,142,106,162,75,71,,145,103,31.937,0.628,0.202,1.473,-20.599,-0.34,0,0.298,-47.393,-26.039,-50.637,2553.805,0.062,-104.53,2554.005,7,0.056,2.188,-102.029,0,0,,2555.373,,,,,,,,,,,,,2554.205,6,,456,0,,,,,,,,,,,,,,,,,,,-0.064,-37.736,0.08,-16.877,-20.327,-50.51,-11.449,-59.943,20.394,-47.126,11.09,-65.256,41.444,-98.503,0.111,-119.086,-42.924,-95.407,-0.154,-38.099,,"ddil_ddil69",-0.056,-16.942,,"Yaksok~",-20.301,-50.49,,"Kr_Luna",-11.562,-59.954,,"kneesohime",20.365,-47.087,,"아침땅_",9.826,-65.521,,"YukihiroD",41.425,-98.49,,"紅さかな",0.106,-119.097,97,"_Gosomi",-43.5,-95.238,,2557.97,0.514,-41.444,,,,,,,,,,,,,,,,,,,2554.214,0.027,-102.909,,,,,,,,,,,,,,,,,,,,,,,,,2555.308,0.493,-95.222,,,,"",1,0,"紅さかな",,,,288,""
101,,4,0,5,2,0,0,2,0,0,0,255,255,255,48,2583.169,"うよすま",R,33,76,127,1.162,0.756,0.413,1.336,0.319,2.016,-36.795,47.683,0,100,0,0,"",111.292,-33.76,3.516,0,0,7,"=","=","=","=","=","=","=","=","=",5,R,"CoalCat",174.9,83,0.397,,65,W,Y,0,,,,,,,,,,,,,,,,,,,,,,,,,,,,,0,0,,,,,,,,,,,,,,,,,,,,,,,,,,,,,,,,,,,,,,-0.016,-37.741,0.147,-17.016,-19.526,-50.221,-13.234,-63.657,21.385,-48.936,12.335,-64.872,37.995,-98.642,0.386,-117.905,-48.65,-98.943,,,,"",,,,"",,,,"",,,,"",,,,"",,,,"",,,,"",,,,"",,,,2587.648,-0.021,-37.599,,,,,,,,,,,,,,,,,,,,,,,,,,,,,,,,,,,,,,,,,,,,,,,,,,,,"",0,0,"",,,,0,""
102,,4,0,5,2,0,1,2,0,0,0,255,255,255,49,2601.601,"うよすま",R,3,62,106,1.027,-0.66,0.528,1.334,1.234,1.247,-36.795,56.421,0,100,0,2,"",-404,0,-9.266,0,0,7,"=","=","=","=","=","=","=","=","=",5,R,"CoalCat",174.9,83,0.397,3,65,W,Y,1,2602.703,255,155,101,80,70,,145,81,48.169,44.914,0.26,0.829,-21.723,-1,0,0.743,-9.262,-65.325,259.335,2607.097,-42.237,-64.542,2608.613,8,-48.222,0.679,-70.939,1,0,,2607.908,,,,,,,,,,,,,,,,,,,,,,,,,,,,,,,,,,,,0.056,-37.806,0.155,-17.127,-19.511,-50.18,-13.132,-63.735,21.475,-48.984,12.878,-64.716,39.346,-97.619,0.467,-117.582,-44.272,-96.945,-0.231,-38.247,,"ddil_ddil69",0.24,-17.185,,"Yaksok~",-19.5,-50.113,,"Kr_Luna",-13.303,-63.641,,"kneesohime",21.424,-48.916,,"아침땅_",12.871,-64.69,,"YukihiroD",39.351,-97.621,,"紅さかな",0.18,-117.586,,"_Gosomi",-43.823,-96.335,96,2613.68,-1.024,-38.967,,,,,,,,,,,,,,,,,,,,,,2608.78,-49.021,-71.752,,,,,,,,,,,,,,,,,,,,,,,,,2611.525,-37.38,-61.186,"",2,0,"_Gosomi",,,,260,""
103,,4,0,5,2,0,0,2,1,0,0,15,255,255,50,2630.719,"うよすま",R,3,59,92,1.009,-0.062,0.694,1.242,1.293,1.616,-36.795,59.249,0,100,0,2,"",-368.338,0,-11.003,0,0,8,"=","=","=","=","=","=","=","=","=",0,R,"Floră",190,85.304,0.403,5,65,W,Y,1,2632.015,142,91,95,85,102,,143,104,103.534,-68.279,0.2,1.012,-20.622,-0.22,0,0.37,233.38,279.128,181.937,,,,,,,,,0,0,,,,,,,,,,,,2630.82,,,,,,,,,,,,,,,,,,,,,,,,,,0.169,-37.695,0.147,-17.126,-18.965,-44.249,-14.346,-64.21,20.941,-47.507,11.298,-65.295,39.598,-105.524,-0.016,-117.545,-44.363,-92.239,-0.37,-38.252,,"ddil_ddil69",0.169,-17.324,,"Yaksok~",-17.253,-47.375,,"Kr_Luna",-14.263,-64.143,,"kneesohime",20.915,-47.456,,"아침땅_",12.538,-64.606,,"YukihiroD",39.571,-105.018,,"紅さかな",-0.012,-117.521,,"_Gosomi",-44.549,-92.592,,,,,,,,,,,,,,,,,,,,,,,,,,,,,,,,,,,,,,,,,,,,,,,,,,,,,,,,"",3,0,"",,,,0,""
104,,4,0,5,2,0,1,2,1,0,0,15,255,255,51,2653.063,"うよすま",R,32,68,107,-1.341,-0.838,0.109,1.126,-0.984,1.041,-36.795,25.115,0,100,0,0,"",200.83,-62.956,-22.382,-0.152,-13.247,8,"=","=","=","=","=","=","=","=","=",0,R,"Floră",190,85.304,0.403,,89,W,Y,0,,,,,,,,,,,,,,,,,,,,,,,,,,,,,0,0,,,,,,,,,,,,,,,,,,,,,,,,,,,,,,,,,,,,,,-0.091,-37.782,-0.341,-17.281,-19.532,-45.203,-16.554,-60.923,21.169,-46.794,9.763,-65.883,39.543,-103.358,-0.82,-116.011,-48.147,-91.248,,,,"",,,,"",,,,"",,,,"",,,,"",,,,"",,,,"",,,,"",,,,,,,,,,,,,,,,,,,,,,,,,,,,,,,,,,,,,,,,,,,,,,,,,,,,,,,,,,"",0,0,"",,,,0,""
105,,4,0,5,2,0,2,2,1,0,0,15,255,255,52,2675.731,"うよすま",R,3,63,93,-2.879,-0.686,0.302,1.216,-0.3,1.222,-36.795,51.714,0,100,0,4,"",-409.358,0,-13.276,0,0,8,"=","=","=","=","=","=","=","=","=",0,R,"Floră",190,85.304,0.403,,89,W,Y,1,,,,,,,,,,,,,,,,,,,,,,,,,,,,,0,0,,,,,,,,,,,,2676.101,,,2678.509,8,,578,0,,,,,,,,,,,,,,,,,,,-0.161,-37.757,-0.389,-17.175,-19.143,-49.277,-14.321,-57.286,21.903,-49.033,8.041,-66.069,38.091,-103.689,-2.127,-118.911,-45.081,-90.679,,,,"",,,,"",,,,"",,,,"",,,,"",,,,"",,,,"",,,,"",,,,,,,,,,,,,,,,,,,,,,,,,,,,,,,,,,,,,,,,,,,,,,,,,,,,,,,,,,"",0,0,"",,,,0,""
106,SIDE,4,0,5,2,0,0,2,1,0,0,15,255,255,,2680.396,,,,,,,,,,,,,,,,,,,,,,,,0,"=","=","=","=","=","=","=","=","=",,,,,,,,,,,,,,,,,,,,,,,,,,,,,,,,,,,,,,,0,0,,,,,,,,,,,,,,,,,,,,,,,,,,,,,,,,,,,,,,,,,,,,,,,,,,,,,,,,,,,,,,,,,,,,,,,,,,,,,,,,,,,,,,,,,,,,,,,,,,,,,,,,,,,,,,,,,,,,,,,,,,,,,,,,,,,,,,,,,,,,,,,,,"",0,0,"",,,,0,""
107,,5,1,5,2,0,0,0,0,0,0,255,255,255,45,2724.136,"Floră",R,0,51,94,0.481,-1.118,0.314,1.486,0.2,0.992,-36.341,52.462,0,100,0,2,"",0,0,-0.821,0,0,0,"Yaksok~","아침땅_","_Gosomi","kneesohime","Kr_Luna","紅さかな","ddil_ddil69","YukihiroD","うよすま",2,R,"Yaksok~",172.8,87.251,0.328,5,65,W,Y,1,2725.22,96,164,140,92,57,,135,129,-16.147,-32.104,0.093,0.61,-20.732,0.61,0,0.203,-178.453,-38.589,-58.852,2725.055,1.091,-22.322,2726.413,4,16.729,0.893,-47.218,0,0,,,,,,,,,,,,,,,2730.09,0,,147,64,,,,,,,,,,,,,,,,,,,-0.143,-37.297,-0.079,-17.355,-21.069,-46.601,-14.766,-59.465,20.939,-50.265,10.663,-64.445,45.404,-100.837,-3.278,-107.949,-39.124,-92.467,-0.34,-36.96,,"Ainy4／あいにゃ",-0.15,-17.477,,"하루（Haru）",-21.061,-46.608,76,"muyang_",-14.784,-59.473,,"aura_5599",21.413,-50.622,103,"CoalCat",10.655,-64.305,,"Pring__",45.402,-100.865,,"눈꽃",-3.285,-107.959,,"-라후이-",-39.088,-92.044,,2733.323,-1.512,-37.955,,,,2729.435,-18.178,-40.233,,,,2726.567,17.875,-48.777,,,,,,,,,,,,,,,,,,,2732.232,-17.76,-40.082,,,,2727.951,10.564,-47.705,,,,,,,,,,,,,"",2,0,"aura_5599",,,,352,""
108,,5,1,5,2,0,0,1,0,0,0,255,255,255,46,2747.948,"Floră",R,1,51,94,1.599,-1.788,0.397,1.559,0.554,1.602,-36.341,64.569,0,100,0,2,"",-4.863,-1.268,0.753,0,0,1,"=","=","","=","=","=","=","=","=",5,R,"아침땅_",169.9,87.187,0.502,3,65,W,Y,1,2749.138,139,129,139,98,44,,144,79,-30,-52.46,0.317,0.498,-21.142,1,0.238,0.453,-444.965,305.423,-203.639,2748.955,1.284,-21.886,,,,,,0,0,,,,,,,,,,,,,,,,,,,,,,,,,,,,,,,,,,,,,,-0.18,-37.977,-0.057,-17.307,-19.531,-45.463,-15.168,-61.27,19.02,-50.096,9.079,-64.549,46.943,-103.229,-0.318,-107.236,-39.958,-91.228,-0.35,-36.881,,"Ainy4／あいにゃ",-0.071,-17.41,,"하루（Haru）",-19.527,-45.469,,"muyang_",-15.387,-60.766,,"aura_5599",18.876,-49.86,,"CoalCat",9.036,-64.433,,"Pring__",46.953,-103.244,,"눈꽃",-0.357,-107.264,,"-라후이-",-39.73,-90.721,,,,,,,,,,,,,,,,,,,,,,,,,,,,,,,,,,,,,,,,,,,,,,,,,,,,,,,,"",3,0,"",,,,0,""
109,,5,1,5,2,0,1,1,0,0,0,255,255,255,47,2764.196,"Floră",R,0,47,105,1.846,-0.108,0.424,1.54,0.791,1.56,-36.341,65.004,0,100,0,1,"",0,0,-0.438,0,0,1,"=","=","","=","=","=","=","=","=",5,R,"아침땅_",169.9,87.187,0.502,,36,W,Y,0,,,,,,,,,,,,,,,,,,,,,,,,,,,,,0,0,,,,,,,,,,,,,,,,,,,,,,,,,,,,,,,,,,,,,,-0.146,-37.498,-0.058,-17.307,-19.249,-45.324,-17.184,-62.618,20.188,-51.199,8.488,-63.788,43.503,-98.034,-0.649,-106.652,-37.624,-89.225,,,,"",,,,"",,,,"",,,,"",,,,"",,,,"",,,,"",,,,"",,,,,,,,,,,,,,,,,,,,,,,,,,,,,,,,,,,,,,,,,,,,,,,,,,,,,,,,,,"",0,0,"",,,,0,""
110,,5,1,5,2,1,1,1,0,0,0,255,255,255,48,2777.732,"Floră",R,33,82,133,1.41,-0.863,0.389,1.411,0.412,1.127,-36.341,35.039,0,100,0,2,"",136.044,7.849,0.169,0,0,1,"=","=","","=","=","=","=","=","=",5,R,"아침땅_",169.9,87.187,0.502,3,36,W,Y,1,2778.711,177,114,116,60,26,,145,121,3.096,-29.369,0.261,0.652,-20.46,0.24,0.19,0.452,417.274,-393.203,98.16,,,,2779.905,4,15.822,0.82,-46.752,0,0,,,,,,,,,,,,,,,2780.018,1,,453,0,,,,,,,,,,,,,,,,,,,0.004,-37.482,-0.061,-17.313,-19.06,-45.444,-15.737,-60.984,20.171,-50.892,9.584,-63.683,41.691,-97.555,-0.618,-106.632,-37.983,-89.217,-0.084,-37.04,,"Ainy4／あいにゃ",-0.068,-17.408,,"하루（Haru）",-19.06,-45.444,85,"muyang_",-15.721,-60.928,,"aura_5599",19.515,-50.166,101,"CoalCat",9.287,-63.594,,"Pring__",41.685,-97.549,,"눈꽃",-0.615,-106.631,,"-라후이-",-37.789,-89.344,,2785.914,-1.295,-38.425,,,,2782.936,-18.318,-39.806,,,,2780.036,16.448,-48.498,,,,,,,,,,,,,,,,,,,2784.909,-17.442,-39.679,,,,2781.48,10.213,-45.417,,,,,,,,,,,,,"",1,0,"aura_5599",,,,352,""
111,,5,1,5,2,0,0,2,0,0,0,255,255,255,49,2812.9,"Floră",R,3,74,115,0.785,-0.532,0.496,1.54,0.911,1.3,-36.341,59.072,0,100,0,2,"",-407.979,0,1.559,0,0,2,"=","=","_Gosomi","=","=","=","=","=","MODECO",8,R,"_Gosomi",175,87.368,0.434,5,65,W,Y,1,2814.042,197,115,93,105,92,,145,129,6.5,-20.696,0.133,0.807,-20.879,0.52,0,0.304,-64.315,68.057,260.399,,,,2815.672,5,15.247,2.176,-61.729,0,0,,,,,,,,,,,,,,,2815.787,2,,454,0,,,,,,,,,,,,,,,,,,,-0.132,-37.504,-0.106,-17.269,-19.436,-45.497,-15.855,-63.339,18.498,-49.874,10.328,-63.658,40.412,-103.208,-7.259,-107.893,-39.96,-90.903,-0.047,-36.911,,"Ainy4／あいにゃ",0.206,-17.389,,"하루（Haru）",-19.439,-45.497,,"muyang_",-16.638,-65.765,,"aura_5599",19.428,-49.272,,"CoalCat",10.341,-63.537,,"Pring__",40.404,-103.203,,"눈꽃",-7.257,-107.89,,"-라후이-",-39.864,-91.332,,,,,,,,,,,,,,,,,2815.802,15.11,-62.464,,,,,,,,,,,,,,,,,,,,,,,,,,,,,,,,,,,,,"",1,0,"CoalCat",,,,128,""
112,SIDE,5,1,5,2,0,0,2,0,0,0,255,255,255,,2818.031,,,,,,,,,,,,,,,,,,,,,,,,3,"=","=","=","=","=","=","=","=","=",,,,,,,,,,,,,,,,,,,,,,,,,,,,,,,,,,,,,,,0,0,,,,,,,,,,,,,,,,,,,,,,,,,,,,,,,,,,,,,,,,,,,,,,,,,,,,,,,,,,,,,,,,,,,,,,,,,,,,,,,,,,,,,,,,,,,,,,,,,,,,,,,,,,,,,,,,,,,,,,,,,,,,,,,,,,,,,,,,,,,,,,,,,"",0,0,"",,,,0,""
113,,5,0,5,2,0,0,0,0,0,0,255,255,255,53,2852.027,"うよすま",R,3,63,95,1.576,0.769,0.662,1.425,1.451,2.09,-36.795,64.099,0,100,0,2,"",-341.587,0,-5.507,0,0,0,"-라후이-","muyang_","Ainy4／あいにゃ","Pring__","눈꽃","하루（Haru）","aura_5599","CoalCat","Floră",8,R,"-라후이-",175.4,86,0.498,5,83,W,Y,1,2853.018,155,98,74,43,31,,137,91,34.844,8.45,0.26,1.156,-19.923,-0.4,0,0.214,464.831,322.571,-199.7,2858.08,-15.059,-92.223,2859.563,7,-16.553,0.69,-98.952,1,0,,2858.884,,,,,,,,,,,,,,,,,,,,,,,,,,,,2879.793,2,,,,,,,0.118,-37.856,0.102,-16.989,-19.753,-51.082,-12.29,-59.106,21.673,-47.548,13.039,-64.395,44.526,-110.023,1.217,-120.249,-47.68,-90.865,-0.309,-38.084,107,"ddil_ddil69",0.123,-17.025,,"Yaksok~",-19.776,-51.105,105,"Kr_Luna",-12.459,-59.078,,"kneesohime",21.641,-47.524,,"아침땅_",12.975,-64.394,85,"YukihiroD",44.526,-110.023,,"紅さかな",1.197,-120.224,95,"_Gosomi",-47.435,-91.211,,2866.006,0.357,-40.152,,,,2879.523,-19.12,-39.369,,,,,,,2862.555,-0.254,-60.43,,,,2859.808,-16.677,-99.964,,,,2878.702,-2.5,-38.998,,,,2882.304,-16.415,-39.877,,,,,,,2864.961,0.317,-57.646,,,,2860.727,-15.387,-94.307,,,,"",2,0,"紅さかな",,,,35,""
114,,5,0,5,2,0,0,0,1,0,0,18,255,255,54,2896.979,"うよすま",R,32,61,102,0.333,-0.917,0.255,1.214,-0.202,1.145,-36.795,45.054,0,100,0,2,"",162.518,18.669,-17.619,0,0,1,"=","=","=","=","=","=","=","=","=",3,R,"muyang_",171.6,80,0.498,5,65,W,Y,1,2898.119,164,129,67,75,57,,139,80,26.639,-48.923,0.062,0.644,-20.538,1,0,0.24,-371.303,-55.64,-397.596,2901.388,41.909,-56.289,,,,,,0,0,,,,,,,,,,,,2916.378,,,,,,,,,,,,,,,,,,,,,,,,,,-0.209,-37.625,-0.227,-17.309,-18.318,-44.059,-14.838,-60.348,19.609,-45.937,7.002,-63.118,38.555,-98.549,-0.101,-117.921,-43.606,-93.953,-0.539,-38.12,,"ddil_ddil69",-0.074,-17.574,,"Yaksok~",-16.058,-46.808,,"Kr_Luna",-14.613,-60.374,,"kneesohime",19.639,-45.897,,"아침땅_",6.024,-63.223,,"YukihiroD",38.557,-98.541,,"紅さかな",-0.098,-117.996,,"_Gosomi",-43.602,-93.932,,,,,,,,,,,,,,,,,,,,,,,,,,,,,,,,,,,,,,,,,,,,,,,,,,,,,,,,"",3,0,"",,,,0,""
115,,5,0,5,2,0,1,0,1,0,0,18,255,255,55,2921.087,"うよすま",R,3,62,94,-2.754,-1.018,0.223,1.17,-0.326,1.07,-36.795,41.045,0,100,0,4,"",-379.05,0,-15.751,-1.035,-15.459,1,"=","=","=","=","=","=","=","=","=",3,R,"muyang_",171.6,80,0.498,,34,W,Y,1,,,,,,,,,,,,,,,,,,,,,,,,,,,,,0,1,,,,,,,,,,,,2921.133,,,2940.182,0,1,275,64,,,,,,,,,,,,,,,,,,,-0.171,-37.674,-0.295,-17.158,-17.521,-43.316,-0.708,-60.181,21.157,-49.947,6.806,-62.37,37.235,-93.039,-2.802,-116.921,-43.45,-93.687,,,,"",,,,"",,,,"",,,,"",,,,"",,,,"",,,,"",,,,"",,,,,,,,,,,,,,,,,,,,,,,,,,,,,,,,,,,,,,,,,,,,,,,,,,,,,,,,,,"",0,0,"",,,,0,""
116,,5,0,5,2,0,2,1,0,0,0,255,255,255,56,2961.338,"うよすま",R,3,64,109,0.441,0.559,0.469,1.351,0.902,1.946,-36.795,67.282,0,100,0,2,"",-377.91,0,-1.818,0,0,1,"=","=","=","=","=","=","=","=","=",3,R,"muyang_",171.6,80,0.498,5,34,W,Y,1,2962.4,172,128,92,51,26,,145,128,29.987,17.373,0.027,1.042,-19.576,0.6,0,0.301,461.504,198.935,55.587,2968.097,-41.656,-130.253,,,,,,0,0,,2967.786,2972.251,2977.082,2981.888,,,,,,,,,,,,,,,,,,,,,,,,,,,,,,,,,0.033,-38.029,-0.404,-17.175,-19.825,-50.509,-13.895,-59.593,20.857,-46.829,10.534,-65.397,37.031,-93.049,-0.757,-118.291,-43.274,-89.598,-0.378,-38.06,,"ddil_ddil69",-0.469,-17.218,,"Yaksok~",-19.619,-50.504,,"Kr_Luna",-13.768,-59.735,,"kneesohime",20.929,-46.772,,"아침땅_",8.382,-65.867,,"YukihiroD",37.04,-93.047,,"紅さかな",-0.489,-118.417,,"_Gosomi",-43.255,-89.582,,,,,,,,,,,,,,,,,,,,,,,,,,,,,,,,,,,,,,,,,,,,,,,,,,,,,,,,"",4,0,"",2972.251,2977.082,,0,""
117,,5,0,5,3,0,0,1,0,0,0,255,255,255,57,3004.62,"うよすま",R,42,50,93,0.052,-0.826,0.354,1.197,0.39,1.327,-36.795,36.964,0,100,0,0,"",-161.076,115.927,-15.515,0,0,2,"=","=","=","=","=","=","=","=","=",1,L,"Ainy4／あいにゃ",189.2,85,0.51,,65,W,Y,0,,,,,,,,,,,,,,,,,,,,,,,,,,,,,0,0,,,,,,,,,,,,,,,,,,,,,,,,,,,,,,,,,,,,,,0.033,-37.78,0.257,-17.282,-19.939,-50.181,-14.65,-61.174,21.505,-45.648,14.856,-63.577,52.211,-107.373,2.163,-119.586,-38.053,-110.246,,,,"",,,,"",,,,"",,,,"",,,,"",,,,"",,,,"",,,,"",,,,,,,,,,,,,,,,,,,,,,,,,,,,,,,,,,,,,,,,,,,,,,,,,,,,,,,,,,"",0,0,"",,,,0,""
118,,5,0,5,3,0,1,1,0,0,0,255,255,255,58,3022.738,"うよすま",R,48,51,94,0.855,-1.111,0.457,1.191,0.688,1.236,-36.795,35.987,0,100,0,1,"",-141.448,171.179,-4.42,0,0,2,"=","=","=","=","=","=","=","=","=",1,L,"Ainy4／あいにゃ",189.2,85,0.51,,65,W,Y,0,,,,,,,,,,,,,,,,,,,,,,,,,,,,,0,0,,,,,,,,,,,,,,,,,,,,,,,,,,,,,,,,,,,,,,0.128,-37.882,0.185,-17.324,-19.991,-50.165,-12.371,-62.039,21.062,-45.255,14.829,-63.397,51.211,-110.108,1.746,-119.515,-37.73,-110.604,,,,"",,,,"",,,,"",,,,"",,,,"",,,,"",,,,"",,,,"",,,,,,,,,,,,,,,,,,,,,,,,,,,,,,,,,,,,,,,,,,,,,,,,,,,,,,,,,,"",0,0,"",,,,0,""
119,,5,0,5,3,1,1,1,0,0,0,255,255,255,59,3040.618,"うよすま",R,3,59,92,0.129,0.779,0.54,1.47,0.888,2.143,-36.795,69.007,0,100,0,2,"",-355.461,0,-4.385,0,0,2,"=","=","=","=","=","=","=","=","=",1,L,"Ainy4／あいにゃ",189.2,85,0.51,3,65,W,Y,1,3041.879,243,83,94,73,18,,145,128,114.889,38.771,0.055,1.351,-20.798,0.7,0,0.585,117.252,-464.038,-219.101,,,,,,,,,0,0,,,,,,,,,,,,,,,,,,,,,,,,,,,,,,,,,,,,,,0.012,-37.897,-0.165,-17.22,-19.971,-50.143,-12.339,-62.022,21.159,-45.245,14.46,-63.679,51.684,-109.223,1.645,-119.089,-39.84,-109.568,-0.329,-38.118,,"ddil_ddil69",-0.23,-17.233,,"Yaksok~",-19.407,-50.486,,"Kr_Luna",-12.251,-62.077,,"kneesohime",21.121,-45.273,,"아침땅_",15.366,-65.516,,"YukihiroD",51.68,-109.225,,"紅さかな",1.639,-119.119,,"_Gosomi",-39.814,-109.556,,,,,,,,,,,,,,,,,,,,,,,,,,,,,,,,,,,,,,,,,,,,,,,,,,,,,,,,"",3,0,"",,,,0,""
120,,5,0,5,3,1,2,1,0,0,0,255,255,255,60,3059.174,"うよすま",R,49,52,95,0.054,-1.193,0.346,1.159,0.349,1.143,-36.795,33.963,0,89,11,2,"",-146.206,147.633,-6.844,0,0,2,"=","=","=","=","=","=","=","=","=",1,L,"Ainy4／あいにゃ",189.2,85,0.51,3,65,W,Y,1,3060.421,246,42,86,41,0,,142,129,-17.471,-13.47,0.132,0.508,-20.32,0.56,0,0.429,-359.201,117.336,-142.072,3060.205,0.465,-21.712,3062.255,5,12.085,0.148,-65.771,0,0,,3066.408,,,,,,,,,,,,,3065.716,2,,147,2,,,,,,,,,,,3065.729,2,,,,,,,0.035,-37.799,0.357,-17.353,-19.416,-50.488,-12.378,-62.174,21.573,-44.816,16.369,-62.526,51.852,-108.015,1.879,-119.687,-40.024,-109.559,-0.381,-38.161,,"ddil_ddil69",0.364,-17.413,,"Yaksok~",-19.39,-50.469,105,"Kr_Luna",-12.353,-62.169,,"kneesohime",21.281,-45.267,,"아침땅_",17.282,-64.365,97,"YukihiroD",52.049,-107.83,,"紅さかな",1.88,-119.683,,"_Gosomi",-39.874,-109.595,,3067.662,-0.959,-38.612,,,,3065.126,-18.246,-40.392,,,,,,,3062.481,12.144,-66.488,,,,,,,,,,,,,,,,3066.871,-15.591,-41.492,,,,,,,3063.342,10.274,-63.755,,,,,,,,,,"",2,0,"아침땅_",,,,3,""
121,,5,0,5,3,0,0,2,0,0,0,255,255,255,61,3082.511,"うよすま",R,3,67,96,-0.754,-0.909,0.532,1.126,0.681,1.123,-36.795,47.023,0,100,0,0,"",-426.397,0,-30.297,0,0,3,"=","=","=","=","=","=","=","=","=",6,L,"Pring__",175.3,93.125,0.431,,65,W,Y,0,,,,,,,,,,,,,,,,,,,,,,,,,,,,,0,0,,,,,,,,,,,,,,,,,,,,,,,,,,,,,,,,,,,,,,0.084,-37.727,0.241,-17.4,-19.645,-50.262,-9.505,-61.798,23.343,-50.112,14.974,-63.356,52.177,-108.222,1.954,-120.268,-34.947,-110.818,,,,"",,,,"",,,,"",,,,"",,,,"",,,,"",,,,"",,,,"",,,,3086.942,-0.204,-37.467,,,,,,,,,,,,,,,,,,,,,,,,,,,,,,,,,,,,,,,,,,,,,,,,,,,,"",0,0,"",,,,0,""
122,,5,0,5,3,0,1,2,0,0,0,255,255,255,62,3096.837,"うよすま",R,32,67,107,3.155,-0.784,0.57,1.245,1.052,1.206,-36.795,57.001,25,75,0,1,"",155.535,20.215,-16.683,0,0,3,"=","=","=","=","=","=","=","=","=",6,L,"Pring__",175.3,93.125,0.431,,65,W,Y,0,,,,,,,,,,,,,,,,,,,,,,,,,,,,,0,0,,,,,,,,,,,,,,,,,,,,,,,,,,,,,,,,,,,,,,0.085,-37.912,0.196,-17.377,-19.635,-50.288,-9.444,-61.842,23.287,-50.151,15.035,-63.168,52.522,-107.949,1.679,-120.472,-31.619,-107.897,,,,"",,,,"",,,,"",,,,"",,,,"",,,,"",,,,"",,,,"",,,,3101.143,-0.105,-37.568,,,,,,,,,,,,,,,,,,,,,,,,,,,,,,,,,,,,,,,,,,,,,,,,,,,,"",0,0,"",,,,0,""
123,,5,0,5,3,1,1,2,0,0,0,255,255,255,63,3113.413,"うよすま",R,32,67,107,-0.344,0.588,0.292,1.426,-0.603,1.908,-36.795,33.86,0,100,0,2,"",225.972,-49.573,-20.067,0,0,3,"=","=","=","=","=","=","=","=","=",6,L,"Pring__",175.3,93.125,0.431,3,65,W,Y,1,3114.388,241,181,73,86,89,,145,82,26.352,-53.04,-0.043,1.205,-21.437,1,0,0.566,56.888,-260.351,-293.417,3116.822,40.467,-49.184,,,,,,0,0,,,,,,,,,,,,,,,,,,,,,,,,,,,,,,,,,,,,,,-0.011,-37.903,-0.071,-17.411,-20.732,-51.844,-9.232,-61.901,23.515,-50.012,14.759,-63.438,52.537,-107.943,0.3,-120.984,-33.996,-109.308,-0.313,-38.019,,"ddil_ddil69",-0.122,-17.457,,"Yaksok~",-20.673,-51.86,,"Kr_Luna",-9.462,-61.838,,"kneesohime",23.541,-50.033,,"아침땅_",14.881,-63.388,,"YukihiroD",52.535,-107.939,,"紅さかな",-0.5,-121.184,,"_Gosomi",-34.386,-109.162,,,,,,,,,,,,,,,,,,,,,,,,,,,,,,,,,,,,,,,,,,,,,,,,,,,,,,,,"",3,0,"",,,,0,""
124,,5,0,5,3,1,2,2,0,0,0,255,255,255,64,3134.419,"うよすま",R,34,76,127,0.833,-0.745,0.416,1.209,0.212,1.144,-36.795,44.267,0,100,0,2,"",87.698,-34.932,4.853,0,0,3,"=","=","=","=","=","=","=","=","=",6,L,"Pring__",175.3,93.125,0.431,5,65,W,Y,1,3135.401,191,195,104,87,57,,145,109,26.981,-22.339,0.156,0.71,-20.599,0.08,0,0.486,440.198,-331.274,112.741,,,,3140.455,6,41.924,2.282,-104.311,0,0,,3141.065,,,,,,,,,,,,,3140.77,3,,455,0,,,,,,,,,,,,,,,,,,,0.023,-37.797,-0.031,-17.242,-20.44,-50.298,-7.631,-61.844,23.407,-49.054,14.062,-63.75,50.501,-108.151,2.434,-119.52,-34.288,-109.14,-0.357,-38.068,,"ddil_ddil69",-0.014,-17.366,,"Yaksok~",-20.445,-50.299,,"Kr_Luna",-8.857,-62.701,,"kneesohime",23.358,-49.064,,"아침땅_",13.521,-63.913,,"YukihiroD",50.506,-108.163,,"紅さかな",2.425,-119.203,,"_Gosomi",-34.21,-109.16,,,,,,,,,,,,,,,,,,,,3140.781,42.023,-104.666,,,,,,,,,,,,,,,,,,,,,,,,,,,,,,,,,,"",1,0,"YukihiroD",,,,128,""
125,SIDE,5,0,5,3,0,0,2,0,0,0,255,255,255,,3142.864,,,,,,,,,,,,,,,,,,,,,,,,4,"=","=","=","=","=","=","=","=","=",,,,,,,,,,,,,,,,,,,,,,,,,,,,,,,,,,,,,,,0,0,,,,,,,,,,,,,,,,,,,,,,,,,,,,,,,,,,,,,,,,,,,,,,,,,,,,,,,,,,,,,,,,,,,,,,,,,,,,,,,,,,,,,,,,,,,,,,,,,,,,,,,,,,,,,,,,,,,,,,,,,,,,,,,,,,,,,,,,,,,,,,,,,"",0,0,"",,,,0,""
126,,6,1,5,3,0,0,0,0,0,0,255,255,255,50,3180.803,"Floră",R,4,69,104,6.6,-1.062,0.447,1.561,3.221,0.918,-36.341,86.02,0,100,0,3,"",-171.8,0,-0.869,1.322,-21.712,3,"Yaksok~","아침땅_","_Gosomi","kneesohime","Kr_Luna","紅さかな","ddil_ddil69","YukihiroD","MODECO",4,R,"kneesohime",190,85,0.497,,65,W,Y,0,,,,,,,,,,,,,,,,,,,,,,,,,,,,,0,0,,,,,,,,,,,,,,,,,,,,,,,,,,,,,,,,,,,,,,-0.183,-37.635,-0.016,-17.192,-19.564,-45.297,-17.047,-62.887,21.624,-51.224,9.896,-64.955,48.075,-105.874,-8.036,-114.657,-38.05,-89.358,,,,"",,,,"",,,,"",,,,"",,,,"",,,,"",,,,"",,,,"",,,,,,,,,,,,,,,,,,,,,,,,,,,,,,,,,,,,,,,,,,,,,,,,,,,,,,,,,,"",6,0,"",,,,0,""
127,,6,1,5,3,2,0,0,0,0,0,255,255,255,51,3207.776,"Floră",R,13,74,101,-3.252,-1.579,0.052,1.512,-0.769,1.14,-36.341,34.36,0,100,0,1,"",-323.476,354.802,7.659,0,0,3,"=","=","=","=","=","=","=","=","=",4,R,"kneesohime",190,85,0.497,,65,W,Y,0,,,,,,,,,,,,,,,,,,,,,,,,,,,,,0,0,,,,,,,,,,,,,,,,,,,,,,,,,,,,,,,,,,,,,,-0.238,-37.446,-0.044,-17.326,-19.663,-45.447,-16.553,-62.926,20.158,-50.087,9.507,-64.637,48.135,-105.876,-10.266,-119.667,-38.057,-88.521,,,,"",,,,"",,,,"",,,,"",,,,"",,,,"",,,,"",,,,"",,,,,,,,,,,,,,,,,,,,,,,,,,,,,,,,,,,,,,,,,,,,,,,,,,,,,,,,,,"",0,0,"",,,,0,""
128,,6,1,5,3,3,0,0,0,0,0,255,255,255,52,3221.695,"Floră",R,33,80,130,0.428,-0.517,0.294,1.444,-0.026,1.31,-36.341,37.242,0,100,0,2,"",140.945,23.355,2.012,0,0,3,"=","=","=","=","=","=","=","=","=",4,R,"kneesohime",190,85,0.497,3,65,W,Y,1,3222.802,255,126,110,99,58,,145,125,25.158,42.63,0.061,0.816,-20.254,0.23,0,0.245,262.884,466.425,-13.574,3227.43,-85.975,-94.947,,,,,,0,0,,,,,,,,,,,,,,,,,,,,,,,,,,,,,,,,,,,,,,-0.135,-37.881,-0.014,-17.376,-19.701,-45.441,-16.002,-62.322,21.303,-51.589,10.154,-64.464,48.059,-105.911,-10.436,-119.045,-38.101,-88.534,-0.166,-36.994,,"Ainy4／あいにゃ",-0.055,-17.401,,"하루（Haru）",-19.704,-45.408,,"muyang_",-16.018,-62.303,,"aura_5599",21.23,-51.537,,"CoalCat",10.21,-64.309,,"Pring__",48.082,-105.862,,"눈꽃",-10.441,-119.055,,"-라후이-",-38.12,-88.543,,,,,,,,,,,,,,,,,,,,,,,,,,,,,,,,,,,,,,,,,,,,,,,,,,,,,,,,"",3,0,"",,,,0,""
129,,6,1,5,3,3,1,0,0,0,0,255,255,255,53,3244.522,"Floră",R,3,60,92,2.531,-0.146,0.845,1.543,1.969,1.55,-36.341,45.304,0,100,0,1,"",-397.782,0,13.55,0,0,3,"=","=","=","=","=","=","=","=","=",4,R,"kneesohime",190,85,0.497,,65,W,Y,0,,,,,,,,,,,,,,,,,,,,,,,,,,,,,0,0,,3253.731,,,,,,,,,,,,,,,,,,,,,,,,,,,,,,,,,,,,0.198,-37.545,-0.056,-17.364,-19.284,-45.669,-17.341,-62.639,19.286,-50.021,10.82,-64.307,48.117,-105.883,-10.005,-119.54,-43.077,-88.799,,,,"",,,,"",,,,"",,,,"",,,,"",,,,"",,,,"",,,,"",,,,,,,,,,,,,,,,,,,,,,,,,,,,,,,,,,,,,,,,,,,,,,,,,,,,,,,,,,"",5,0,"",,,,0,""
130,,6,1,5,3,0,0,0,1,0,0,4,255,255,54,3393.71,"하루（Haru）",R,3,61,106,-1.445,-0.212,0.323,1.851,0.092,1.482,-36.39,53.263,58,42,0,2,"",-386.568,0,14.015,0,0,4,"=","=","=","=","=","=","=","=","=",3,L,"Kr_Luna",190,95.432,0.498,5,66,W,Y,0,3394.662,120,85,95,66,30,,137,99,32.564,-63.684,-0.298,0.898,-20.023,-0.25,0,0.043,274.245,-339.176,318.428,3399.605,77.145,-50.782,,,,,,0,0,,,,,,,,,,,,3395.222,,,,,,,,,,,,,,,,,,,,,,,,,,-0.096,-37.373,-0.014,-17.382,-19.276,-40.331,-13.673,-58.268,21.938,-50.545,13.444,-63.344,48.698,-109.045,3.049,-119.011,-45.665,-88.392,-0.337,-36.608,,"Ainy4／あいにゃ",-0.049,-17.366,,"Floră",-19.057,-40.616,,"muyang_",-13.445,-58.355,,"aura_5599",21.186,-49.73,,"CoalCat",13.44,-63.358,,"Pring__",48.712,-109.045,,"눈꽃",3.045,-119.029,,"-라후이-",-45.665,-88.392,,,,,,,,,,,,,,,,,,,,,,,,,,,,,,,,,,,,,,,,,,,,,,,,,,,,,,,,"",3,0,"",,,,0,""
131,,6,1,5,3,0,1,0,1,0,0,4,255,255,55,3415.995,"하루（Haru）",R,27,78,128,-1.748,0.217,0.129,1.831,-0.784,1.598,-36.39,35.109,93,7,0,1,"",12.031,-149.2,9.263,0,0,4,"=","=","=","=","=","=","=","=","=",3,L,"Kr_Luna",190,95.432,0.498,,66,W,Y,0,,,,,,,,,,,,,,,,,,,,,,,,,,,,,0,0,,,,,,,,,,,,3431.78,,,,,,,,,,,,,,,,,,,,,,,,,,-0.284,-36.997,-0.039,-17.376,-19.308,-40.092,-9.847,-58.455,21.814,-50.598,13.575,-62.699,51.945,-106.045,3.074,-119.035,-41.972,-90.558,,,,"",,,,"",,,,"",,,,"",,,,"",,,,"",,,,"",,,,"",,,,,,,,,,,,,,,,,,,,,,,,,,,,,,,,,,,,,,,,,,,,,,,,,,,,,,,,,,"",0,0,"",,,,0,""
132,,6,1,5,3,1,1,0,1,0,0,4,255,255,56,3431.98,"하루（Haru）",R,10,53,100,-0.914,-1.421,0.211,1.74,-0.404,1.306,-36.39,37.557,47,53,0,2,"",0,400,-11.574,0,0,4,"=","=","=","=","=","=","=","=","=",3,L,"Kr_Luna",190,95.432,0.498,5,66,W,Y,0,3432.948,130,95,128,78,52,,140,131,25.395,-34.319,-0.173,0.454,-20.288,0.59,0,0.136,349.712,-484.676,-2.193,3437.988,79.039,-110.042,,,,,,0,0,,3438.731,3443.399,3448.617,3453.773,3440.102,3445.257,3450.279,,,,,,,,,,,,,,,,,,,,,,,,,,,,,,-0.177,-37.007,-0.041,-17.366,-19.371,-40.147,-9.507,-57.633,22.676,-51.148,13.409,-62.944,51.988,-106.058,2.956,-119.033,-41.659,-90.105,-0.406,-36.648,,"Ainy4／あいにゃ",-0.063,-17.385,,"Floră",-19.287,-40.229,,"muyang_",-10.204,-58.452,,"aura_5599",21.348,-51.025,,"CoalCat",13.416,-62.802,,"Pring__",51.984,-106.061,,"눈꽃",2.959,-119.045,,"-라후이-",-41.794,-89.9,,,,,,,,,,,,,,,,,,,,,,,,,,,,,,,,,,,,,,,,,,,,,,,,,,,,,,,,"",4,0,"",3440.102,3445.257,3450.279,0,""
133,,6,1,7,3,0,0,0,0,0,0,255,255,255,57,3475.706,"하루（Haru）",R,26,88,140,-0.048,-0.199,0.268,1.755,-0.137,1.324,-36.39,26.751,47,53,0,2,"",81.242,-168.477,8.58,0,0,5,"=","=","=","=","=","=","=","=","=",7,R,"紅さかな",172.6,86,0.399,3,66,W,Y,1,3476.896,207,198,137,90,51,,145,81,14.048,-26.456,0.085,0.884,-20.289,-1,0,0.38,-4.029,-389.772,-312.125,,,,3478.463,4,14.388,2.537,-46.351,0,0,,,,,,,,,,,,,,,3478.701,5,,453,0,,,,,,,,,,,,,,,,,,,-0.006,-37.661,-0.034,-17.362,-16.979,-42.481,-16.2,-62.86,20.891,-50.106,10.823,-64.244,50.728,-105.95,-4.69,-113.989,-40.306,-96.49,-0.211,-36.636,,"Ainy4／あいにゃ",-0.059,-17.393,,"Floră",-16.996,-42.499,89,"muyang_",-16.26,-62.84,,"aura_5599",21.078,-49.872,120,"CoalCat",10.806,-64.111,,"Pring__",47.523,-104.85,,"눈꽃",-4.697,-113.99,,"-라후이-",-40.323,-96.484,,3482.836,-0.423,-37.525,,,,3481.225,-17.548,-40.061,,,,3478.72,15.024,-46.857,,,,,,,,,,,,,,,,,,,3482.048,-13.219,-38.454,,,,3480.046,8.992,-45.268,,,,,,,,,,,,,"",1,0,"aura_5599",,,,352,""
134,,6,1,7,3,0,0,1,0,0,0,255,255,255,58,3502.012,"하루（Haru）",R,3,56,102,-2.43,-0.273,0.247,1.843,-0.29,1.448,-36.39,40.326,0,100,0,4,"",-389.853,0,20.104,0,0,6,"=","=","=","=","=","=","=","=","=",1,R,"ddil_ddil69",190,89.974,0.546,,66,W,Y,1,,,,,,,,,,,,,,,,,,,,,,,,,,,,,0,0,,,,,,,,,,,,,,,,,,,,,,,,,,,,,,,,,,,,,,-0.08,-37.3,-0.076,-17.366,-16.421,-41.896,-16.345,-62.793,19.714,-49.003,10.612,-63.621,48.674,-104.051,-4.373,-114.365,-47.084,-90.466,,,,"",,,,"",,,,"",,,,"",,,,"",,,,"",,,,"",,,,"",,,,3506.134,0.08,-36.971,,,,,,,,,,,,,,,,,,,,,,,,,,,,,,,,,,,,,,,,,,,,,,,,,,,,"",0,0,"",,,,0,""
135,,6,1,7,3,0,1,1,0,0,0,255,255,255,59,3519.574,"하루（Haru）",R,3,59,106,-2.202,0.096,0.218,1.855,-0.373,1.676,-36.39,41.392,68,32,0,2,"",-314.242,0,15.253,0,0,6,"=","=","=","=","=","=","=","=","=",1,R,"ddil_ddil69",190,89.974,0.546,3,39,W,Y,1,3520.869,185,95,84,63,0,,145,87,96.448,-84.568,-0.432,1.023,-20.087,1,0,0.677,348.912,66.374,337.848,,,,,,,,,0,0,,,,,3525.941,,,,,,,,,,,,,,,,,,,,,,,,,,,,,,,,,-0.086,-37.216,-0.057,-17.348,-16.726,-42.269,-16.441,-62.991,19.985,-48.854,10.554,-63.735,48.716,-104.014,-4.414,-114.319,-46.647,-92.077,-0.147,-36.675,,"Ainy4／あいにゃ",-0.052,-17.359,,"Floră",-16.77,-42.294,,"muyang_",-16.363,-63.085,,"aura_5599",19.432,-48.604,,"CoalCat",10.62,-63.613,,"Pring__",48.719,-103.997,,"눈꽃",-4.431,-114.304,,"-라후이-",-46.656,-92.079,,,,,,,,,,,,,,,,,,,,,,,,,,,,,,,,,,,,,,,,,,,,,,,,,,,,,,,,"",3,0,"",,,,0,""
136,,6,1,7,3,0,2,1,0,0,0,255,255,255,60,3539.564,"하루（Haru）",R,26,91,140,-0.75,-0.012,0.209,1.777,-0.414,1.425,-36.39,23.662,46,54,0,0,"",60.708,-200,19.138,0,0,6,"=","=","=","=","=","=","=","=","=",1,R,"ddil_ddil69",190,89.974,0.546,,39,W,Y,1,,,,,,,,,,,,,,,,,,,,,,,,,,,,,0,0,,,,,,,,,,,,,,,3542.378,6,,578,0,,,,,,,,,,,,,,,,,,,-0.032,-37.373,-0.042,-17.36,-16.454,-41.953,-17.018,-62.669,20.577,-49.142,10.48,-63.431,47.134,-104.45,-4.443,-114.319,-46.823,-92.459,,,,"",,,,"",,,,"",,,,"",,,,"",,,,"",,,,"",,,,"",,,,,,,,,,,,,,,,,,,,,,,,,,,,,,,,,,,,,,,,,,,,,,,,,,,,,,,,,,"",0,0,"",,,,0,""
137,,6,1,7,3,0,0,2,0,0,0,255,255,255,61,3563.896,"하루（Haru）",R,10,21,71,-0.667,-1.155,0.222,1.881,-0.295,1.778,-36.39,50.752,45,55,0,4,"",0,400,-67.778,-0.158,-18.869,7,"=","=","=","=","=","=","=","=","=",6,R,"YukihiroD",174.3,80,0.398,,67,W,Y,1,,,,,,,,,,,,,,,,,,,,,,,,,,,,,0,0,,,,,,,,,,,,,,,,,,,,,,,,,,,,,,,,,,,,,,-0.128,-36.932,-0.036,-17.356,-16.442,-41.944,-16.687,-62.994,20.216,-50.003,9.671,-64.832,47.138,-104.501,-4.436,-114.318,-46.762,-92.734,,,,"",,,,"",,,,"",,,,"",,,,"",,,,"",,,,"",,,,"",,,,,,,,,,,,,,,,,,,,,,,,,,,,,,,,,,,,,,,,,,,,,,,,,,,,,,,,,,"",0,0,"",,,,0,""
138,,6,1,7,3,0,1,2,0,0,0,255,255,255,62,3582.639,"하루（Haru）",R,27,81,132,1.763,0.829,0.437,1.932,0.646,1.951,-36.39,47.369,86,14,0,4,"",76.209,-118.637,2.768,0,0,7,"=","=","=","=","=","=","=","=","=",6,R,"YukihiroD",174.3,80,0.398,,67,W,Y,1,,,,,,,,,,,,,,,,,,,,,,,,,,,,,0,0,,,,,,,,,,,,,,,,,,,,,,,,,,,,,,,,,,,,,,-0.011,-37.389,-0.019,-17.367,-16.496,-42.066,-16.694,-62.987,20.12,-49.755,9.653,-64.847,47.187,-104.512,-4.134,-114.486,-46.027,-95.859,,,,"",,,,"",,,,"",,,,"",,,,"",,,,"",,,,"",,,,"",,,,,,,,,,,,,,,,,,,,,,,,,,,,,,,,,,,,,,,,,,,,,,,,,,,,,,,,,,"",0,0,"",,,,0,""
139,,6,1,7,3,0,2,2,0,0,0,255,255,255,63,3600.182,"하루（Haru）",R,3,54,103,-1.93,-0.072,0.307,1.864,-0.25,1.57,-36.39,48.635,0,100,0,2,"",-305.792,0,11.463,0,0,7,"=","=","=","=","=","=","=","=","=",6,R,"YukihiroD",174.3,80,0.398,5,67,W,Y,1,3601.455,246,73,88,83,52,,145,84,-30,-43.111,-0.311,0.983,-21.093,1,0,0.538,205.01,268.832,232.371,3601.247,0.759,-22.239,3603.413,4,17.606,0.133,-41.211,0,0,,3607.173,,,,,,,,,,,,,3606.86,7,,147,64,,,,,,,,,,,,,,,,,,,-0.026,-37.406,-0.034,-17.375,-16.533,-41.985,-16.99,-62.779,19.593,-49.648,9.654,-64.816,47.151,-104.467,-4.305,-114.296,-46.028,-95.859,0.24,-36.827,,"Ainy4／あいにゃ",-0.163,-17.452,,"Floră",-16.619,-42.052,80,"muyang_",-17.005,-62.772,,"aura_5599",19.41,-49.569,106,"CoalCat",9.692,-64.669,,"Pring__",47.136,-104.445,,"눈꽃",-4.264,-114.291,,"-라후이-",-46.032,-95.855,,3609.38,0.009,-37.903,,,,3606.257,-17.893,-39.698,,,,3603.608,17.932,-41.691,,,,,,,,,,,,,,,,,,,3608.221,-18.071,-38.96,,,,3604.857,11.448,-41.266,,,,,,,,,,,,,"",2,0,"aura_5599",,,,352,""
140,SIDE,6,1,7,3,0,0,2,0,0,0,255,255,255,,3609.827,,,,,,,,,,,,,,,,,,,,,,,,8,"=","=","=","=","=","=","=","=","=",,,,,,,,,,,,,,,,,,,,,,,,,,,,,,,,,,,,,,,0,0,,,,,,,,,,,,,,,,,,,,,,,,,,,,,,,,,,,,,,,,,,,,,,,,,,,,,,,,,,,,,,,,,,,,,,,,,,,,,,,,,,,,,,,,,,,3643.249,0.216,-38.27,,,,,,,,,,,,,,,,,,,,,,,,,,,,,,,,,,,,,,,,,,,,,,,,,,,,"",0,0,"",,,,0,""
141,,6,0,7,3,0,0,0,0,0,0,255,255,255,68,3646.66,"うよすま",R,32,65,105,3.428,-0.585,0.516,1.356,1.145,1.323,-36.795,64.033,16,84,0,2,"",165.212,15.634,-8.274,0,0,4,"-라후이-","muyang_","Ainy4／あいにゃ","Pring__","눈꽃","하루（Haru）","aura_5599","CoalCat","Floră",7,L,"눈꽃",170.1,90,0.605,3,66,W,Y,1,3648.012,165,242,123,83,62,,145,80,-30,-61.485,0.635,0.73,-20.372,1,0,0.458,-405.501,-316.335,188.743,3647.83,2.694,-21.481,,,,,,0,0,,,,,,,,,,,,,,,,,,,,,,,,,,,,,,,,,,,,,,0.006,-37.832,0.142,-17.193,-20.492,-50.343,-12.346,-59.321,25.066,-50.485,15.201,-63.237,48.249,-109.11,1.066,-120.614,-37.807,-95.759,-0.267,-38.089,,"ddil_ddil69",0.174,-17.394,,"Yaksok~",-20.319,-50.469,,"Kr_Luna",-12.085,-59.057,,"kneesohime",25.055,-50.415,,"아침땅_",15.277,-63.177,,"YukihiroD",48.381,-108.939,,"紅さかな",0.791,-120.575,,"_Gosomi",-37.769,-95.208,,,,,,,,,,,,,,,,,,,,,,,,,,,,,,,,,,,,,,,,,,,,,,,,,,,,,,,,"",3,0,"",,,,0,""
142,,6,0,7,3,0,1,0,0,0,0,255,255,255,69,3665.753,"うよすま",R,6,51,88,1.969,-0.89,0.331,1.147,0.308,1.246,-36.795,44.52,0,100,0,2,"",250.788,-13.86,-6.208,0,0,4,"=","=","=","=","=","=","=","=","=",7,L,"눈꽃",170.1,90,0.605,5,66,W,Y,1,3667.189,255,206,130,78,57,,145,82,10.451,56.525,0.386,0.742,-20.822,1,0,0.417,134.226,-195.144,-456.81,3669.364,-38.117,-47.661,,,,,,0,0,,,,,,,,,,,,,,,,,,,,,,,,,,,,,,,,,,,,,,-0.028,-37.72,0.504,-17.032,-20.116,-50.687,-10.416,-60.161,25.996,-50.059,14.714,-63.554,47.992,-108.354,1.181,-117.471,-39.293,-97.578,-0.325,-38.256,,"ddil_ddil69",0.508,-17.029,,"Yaksok~",-20.113,-50.671,,"Kr_Luna",-10.638,-60.085,,"kneesohime",25.833,-50.059,,"아침땅_",14.179,-63.711,,"YukihiroD",48.104,-108.312,,"紅さかな",1.171,-117.463,,"_Gosomi",-39.308,-97.506,,,,,,,,,,,,,,,,,,,,,,,,,,,,,,,,,,,,,,,,,,,,,,,,,,,,,,,,"",3,0,"",,,,0,""
143,,6,0,7,3,0,2,0,0,0,0,255,255,255,70,3685.915,"うよすま",R,34,71,123,3.714,1.323,0.503,1.377,1.466,2.358,-36.795,70.477,0,100,0,4,"",83.714,1.706,5.439,0,0,4,"=","=","=","=","=","=","=","=","=",7,L,"눈꽃",170.1,90,0.605,,66,W,Y,1,,,,,,,,,,,,,,,,,,,,,,,,,,,,,0,0,,,,,,,,,,,,,,,3688.853,4,,578,0,,,,,,,,,,,,,,,,,,,-0.115,-37.707,0.052,-16.849,-18.923,-50.383,-10.653,-59.997,25.058,-49.996,15.092,-63.293,46.367,-109.051,0.605,-118.506,-41.585,-89.863,,,,"",,,,"",,,,"",,,,"",,,,"",,,,"",,,,"",,,,"",,,,,,,,,,,,,,,,,,,,,,,,,,,,,,,,,,,,,,,,,,,,,,,,,,,,,,,,,,"",0,0,"",,,,0,""
144,,6,0,7,3,0,0,1,0,0,0,255,255,255,71,3707.77,"うよすま",R,32,71,110,-2.249,-0.692,0.014,1.134,-1.326,1.065,-36.795,22.696,0,100,0,2,"",178.083,-122.4,-32.396,0,0,5,"=","=","=","=","=","=","=","=","=",0,L,"하루（Haru）",190,85,0.397,5,37,W,Y,1,3708.922,191,209,122,151,59,,145,107,16.327,-55.182,-0.414,0.781,-20.836,-0.12,0.048,0.288,-76.042,-449.457,-332.241,3711.705,60.678,-56.456,,,,,,0,0,,,,,,,,,,,,,,,,,,,,,,,,,,,,,,,,,,,,,,-0.033,-37.853,-0.288,-16.898,-19.473,-50.694,-10.603,-60.086,24.224,-50.685,15.069,-63.435,47.756,-103.091,-0.842,-118.796,-35.556,-95.201,-0.432,-37.505,,"ddil_ddil69",-0.37,-16.962,,"Yaksok~",-20.161,-51.128,,"Kr_Luna",-10.582,-60.107,,"kneesohime",24.148,-50.642,,"아침땅_",15.576,-64.941,,"YukihiroD",51.013,-100.517,,"紅さかな",0.601,-118.988,,"_Gosomi",-35.545,-95.184,,,,,,,,,,,,,,,,,,,,,,,,,,,,,,,,,,,,,,,,,,,,,,,,,,,,,,,,"",3,0,"",,,,0,""
145,,6,0,7,3,0,1,1,0,0,0,255,255,255,72,3728.192,"うよすま",R,3,64,107,-0.23,1.182,0.505,1.436,0.729,2.381,-36.795,58.854,0,100,0,1,"",-429.431,0,-6.744,0,0,5,"=","=","=","=","=","=","=","=","=",0,L,"하루（Haru）",190,85,0.397,,37,W,Y,0,,,,,,,,,,,,,,,,,,,,,,,,,,,,,0,0,,,,,,,,,,,,,,,,,,,,,,,,,,,,,,,,,,,,,,-0.021,-37.718,-0.055,-16.969,-19.102,-49.495,-7.963,-61.543,24.552,-50.31,15.323,-63.322,44.74,-99.158,0.537,-118.499,-34.473,-99.485,,,,"",,,,"",,,,"",,,,"",,,,"",,,,"",,,,"",,,,"",,,,,,,,,,,,,,,,,,,,,,,,,,,,,,,,,,,,,,,,,,,,,,,,,,,,,,,,,,"",0,0,"",,,,0,""
146,,6,0,7,3,1,1,1,0,0,0,255,255,255,73,3746.854,"うよすま",R,3,63,94,1.299,-0.295,0.678,1.356,1.445,1.461,-36.795,62.897,11,89,0,0,"",-387.3,0,-16.824,0,0,5,"=","=","=","=","=","=","=","=","=",0,L,"하루（Haru）",190,85,0.397,,37,W,Y,1,,,,,,,,,,,,,,,,,,,,,,,,,,,,,0,0,,,,,,,,,,,,,,,,,,,,,,,,,,,,,,,,,,,,,,0.109,-37.696,0.257,-17.053,-18.899,-50.054,-7.914,-61.523,24.466,-50.253,15.892,-62.948,44.71,-99.114,0.402,-118.565,-34.495,-99.543,,,,"",,,,"",,,,"",,,,"",,,,"",,,,"",,,,"",,,,"",,,,,,,,,,,,,,,,,,,,,,,,,,,,,,,,,,,,,,,,,,,,,,,,,,,,,,,,,,"",0,0,"",,,,0,""
147,,6,0,7,3,1,2,1,0,0,0,255,255,255,74,3764.219,"うよすま",R,32,75,113,-0.615,-0.521,0.198,1.209,-0.738,1.225,-36.795,28.944,11,89,0,0,"",250,-71.319,-34.341,0,0,5,"=","=","=","=","=","=","=","=","=",0,L,"하루（Haru）",190,85,0.397,,37,W,Y,0,,,,,,,,,,,,,,,,,,,,,,,,,,,,,0,0,,,,,,,,,,,,,,,3767.02,5,,578,0,,,,,,,,,,,,,,,,,,,-0.094,-37.623,-0.255,-17.04,-19.226,-49.899,-7.926,-61.57,24.685,-50.056,13.639,-64.042,45.002,-98.945,0.38,-118.55,-34.444,-99.457,,,,"",,,,"",,,,"",,,,"",,,,"",,,,"",,,,"",,,,"",,,,,,,,,,,,,,,,,,,,,,,,,,,,,,,,,,,,,,,,,,,,,,,,,,,,,,,,,,"",0,0,"",,,,0,""
148,,6,0,7,3,0,0,2,0,0,0,255,255,255,75,3785.665,"うよすま",R,4,57,93,3.517,1.237,0.669,1.545,2.097,2.424,-36.795,83.551,11,89,0,1,"",-249.301,0,0.939,0,0,6,"=","=","=","=","=","=","=","=","=",4,R,"aura_5599",190,94.523,0.448,,66,W,Y,0,,,,,,,,,,,,,,,,,,,,,,,,,,,,,0,0,,,,,,,,,,,,,,,,,,,,,,,,,,,,,,,,,,,,,,0.087,-37.763,0.005,-17.141,-19.335,-50.816,-8.358,-61.328,23.212,-48.698,11.564,-65.111,39.092,-109.971,0.228,-119.251,-49.555,-90.627,,,,"",,,,"",,,,"",,,,"",,,,"",,,,"",,,,"",,,,"",,,,,,,,,,,,,,,,,,,,,,,,,,,,,,,,,,,,,,,,,,,,,,,,,,,,,,,,,,"",0,0,"",,,,0,""
149,,6,0,7,3,1,0,2,0,0,0,255,255,255,76,3802.182,"うよすま",R,4,58,94,2.564,1.072,0.675,1.521,1.643,2.32,-36.795,71.886,21,79,0,2,"",-235.122,0,-1.463,0,0,6,"=","=","=","=","=","=","=","=","=",4,R,"aura_5599",190,94.523,0.448,5,66,W,Y,1,3803.454,150,133,124,69,47,,145,99,26.836,-31.387,0.479,1.439,-20.606,-0.5,0,0.258,148.015,-185.841,-255.57,3807.83,47.437,-88.473,3808.072,6,46.155,1.701,-86.723,0,0,,3809.582,,,,,,,,,,,,,3808.332,6,,455,0,,,,,,,,,,,,,,,,,,,0.11,-37.759,0.121,-17.117,-20.625,-50.801,-11.471,-62.046,23.317,-48.652,10.789,-65.291,33.425,-98.417,0.111,-119.365,-46.809,-94.046,-0.268,-37.777,,"ddil_ddil69",0.095,-17.22,,"Yaksok~",-20.629,-50.813,,"Kr_Luna",-11.487,-62.038,,"kneesohime",23.255,-48.612,,"아침땅_",9.546,-65.589,,"YukihiroD",33.412,-98.415,,"紅さかな",0.105,-119.357,,"_Gosomi",-46.611,-94.02,,,,,,,,,,,,,,,,,,,,3808.342,46.61,-87.106,,,,,,,,,,,,,,,,,,,,,,,,,,,,,,,,,,"",1,0,"YukihiroD",,,,128,""
150,SIDE,6,0,7,3,0,0,2,0,0,0,255,255,255,,3814.069,,,,,,,,,,,,,,,,,,,,,,,,7,"=","=","=","=","=","=","=","=","=",,,,,,,,,,,,,,,,,,,,,,,,,,,,,,,,,,,,,,,0,0,,,,,,,,,,,,,,,,,,,,,,,,,,,,,,,,,,,,,,,,,,,,,,,,,,,,,,,,,,,,,,,,,,,,,,,,,,,,,,,,,,,,,,,,,,,,,,,,,,,,,,,,,,,,,,,,,,,,,,,,,,,,,,,,,,,,,,,,,,,,,,,,,"",0,0,"",,,,0,""
151,,7,1,7,3,0,0,0,0,0,0,255,255,255,64,3864.244,"하루（Haru）",R,10,50,99,-0.67,-1.017,0.234,1.776,-0.298,1.422,-36.39,38.217,37,63,0,2,"",0,355.975,-13.798,0,0,8,"Yaksok~","아침땅_","_Gosomi","kneesohime","Kr_Luna","紅さかな","ddil_ddil69","YukihiroD","MODECO",9,R,"MODECO",190,85,0.445,3,66,W,Y,1,3865.53,130,135,127,75,60,,140,84,31.326,58.798,-0.167,0.611,-20.113,1,0,0.572,305.411,495.179,-20.257,3868.538,-52.727,-45.673,,,,,,0,0,,,,,,,,,,,,,,,,,,,,,,,,,,,,,,,,,,,,,,-0.064,-37.216,-0.023,-17.399,-16.432,-41.872,-16.752,-62.793,20.696,-49.44,11.154,-64.114,47.369,-107.701,-4.755,-118.328,-36.606,-87.21,-0.455,-36.765,,"Ainy4／あいにゃ",-0.141,-17.478,,"Floră",-16.532,-42.016,,"muyang_",-16.763,-62.797,,"aura_5599",20.722,-49.419,,"CoalCat",11.134,-63.97,,"Pring__",47.369,-107.696,,"눈꽃",-4.702,-118.298,,"-라후이-",-36.606,-87.21,,,,,,,,,,,,,,,,,,,,,,,,,,,,,,,,,,,,,,,,,,,,,,,,,,,,,,,,"",3,0,"",,,,0,""
152,,7,1,7,3,0,1,0,0,0,0,255,255,255,65,3886.069,"하루（Haru）",R,10,50,98,-1.931,-0.709,0.141,1.862,-0.844,1.767,-36.39,39.364,34,66,0,4,"",0,400,-12.796,0,0,8,"=","=","=","=","=","=","=","=","=",9,R,"MODECO",190,85,0.445,,66,W,Y,1,,,,,,,,,,,,,,,,,,,,,,,,,,,,,0,0,,,,,,,,,,,,,,,,,,,,,,,,,,,,,,,,,,,,,,-0.16,-37.276,-0.03,-17.401,-16.443,-41.835,-16.924,-62.792,20.464,-49.825,11.723,-63.666,45.923,-106.092,-5.302,-118.315,-36.605,-87.209,,,,"",,,,"",,,,"",,,,"",,,,"",,,,"",,,,"",,,,"",,,,,,,,,,,,,,,,,,,,,,,,,,,,,,,,,,,,,,,,,,,,,,,,,,,,,,,,,,"",0,0,"",,,,0,""
153,,7,1,7,3,0,2,0,0,0,0,255,255,255,66,3903.761,"하루（Haru）",R,10,37,89,-1.465,-0.205,0.137,1.933,-0.641,2.159,-36.39,51.375,83,17,0,0,"",0,400,-9.541,0,0,8,"=","=","=","=","=","=","=","=","=",9,R,"MODECO",190,85,0.445,,66,W,Y,0,,,,,,,,,,,,,,,,,,,,,,,,,,,,,0,0,,,,,,,,,,,,,,,3906.639,8,,578,0,,,,,,,,,,,,,,,,,,,-0.049,-37.248,-0.034,-17.386,-16.551,-42.033,-16.977,-62.074,20.28,-50.575,11.756,-63.692,45.932,-106.1,-5.315,-118.287,-36.604,-87.199,,,,"",,,,"",,,,"",,,,"",,,,"",,,,"",,,,"",,,,"",,,,,,,,,,,,,,,,,,,,,,,,,,,,,,,,,,,,,,,,,,,,,,,,,,,,,,,,,,"",0,0,"",,,,0,""
154,,7,1,7,3,0,0,1,0,0,0,255,255,255,67,3926.908,"하루（Haru）",R,3,59,105,-2.913,-0.155,0.186,1.811,-0.522,1.522,-36.39,33.042,0,100,0,2,"",-391.002,0,21.253,0,0,0,"=","=","=","=","=","=","=","=","=",2,R,"Yaksok~",172.8,87.251,0.328,3,66,W,Y,1,3927.954,221,134,133,104,51,,145,81,19.167,17.573,-0.552,0.865,-20.282,-1,0,0.207,62.618,-241.406,61.632,3930.913,-15.024,-73.337,3931.072,3,-14.021,2.021,-68.981,0,0,,,,,,,,,,,,,,,3931.28,0,,452,0,,,,,,,,,,,,,,,,,,,-0.086,-37.425,-0.01,-17.41,-16.542,-42.142,-16.888,-62.214,21.462,-50.643,11.769,-63.698,45.979,-106.058,-5.542,-116.962,-35.605,-84.91,-0.137,-37.047,,"Ainy4／あいにゃ",-0.182,-17.497,,"Floră",-16.679,-42.276,,"muyang_",-16.876,-62.25,96,"aura_5599",20.566,-50.105,,"CoalCat",11.788,-63.54,,"Pring__",45.977,-106.05,,"눈꽃",-5.534,-116.987,,"-라후이-",-36.151,-84.162,,3935.353,-0.028,-38.288,,,,,,,3931.315,-14.441,-70.122,,,,,,,,,,,,,,,,,,,,,,,,,3933.834,-11.822,-64.168,,,,,,,,,,,,,,,,"",1,0,"muyang_",,,,34,""
155,,7,1,7,3,0,0,2,0,0,0,255,255,255,68,3957.502,"하루（Haru）",R,27,68,107,1.303,0.052,0.457,1.764,0.492,1.452,-36.39,33.639,46,54,0,2,"",32.743,-149.998,4.408,0,0,1,"=","=","=","=","=","=","=","=","=",5,R,"아침땅_",169.9,87.187,0.502,3,66,W,Y,0,3958.627,255,31,14,16,13,,43,43,-73.633,56.652,0.234,0.864,-19.718,-1,0,0.129,128.16,-80.063,-561.41,3958.405,-0.123,-19.952,3964.272,1,-9.721,0.055,-28.097,0,0,,,,,,,,,,,,,,,,,,,,,,,,,,,,,,,,,,,,,,0.004,-37.289,-0.031,-17.41,-16.509,-41.876,-14.25,-59.475,18.162,-47.659,9.764,-63.768,45.189,-106.471,-4.839,-110.406,-40.701,-89.918,0.293,-36.87,,"Ainy4／あいにゃ",-0.027,-17.441,86,"Floră",-16.621,-42.002,,"muyang_",-13.557,-58.836,,"aura_5599",18.147,-47.642,,"CoalCat",9.922,-63.652,,"Pring__",45.159,-106.459,,"눈꽃",-4.855,-110.405,,"-라후이-",-40.709,-89.87,,3966.914,-8.616,-35.851,3964.58,-9.353,-27.772,,,,,,,,,,,,,,,,,,,,,,,,,3966.387,-9.407,-29.16,,,,,,,,,,,,,,,,,,,,,,"",3,0,"Ainy4／あいにゃ",,,,36,""
156,,7,1,7,3,0,1,2,0,0,0,255,255,255,69,3982.945,"하루（Haru）",R,27,66,106,0.877,-0.503,0.395,1.661,0.3,1.203,-36.39,39.302,52,48,0,0,"",36.849,-100.491,7.996,0,0,1,"=","=","=","=","=","=","=","=","=",5,R,"아침땅_",169.9,87.187,0.502,,35,W,Y,0,,,,,,,,,,,,,,,,,,,,,,,,,,,,,0,0,,,,,,,,,,,,,,,,,,,,,,,,,,,,,,,,,,,,,,0.026,-37.219,-0.012,-17.372,-16.457,-41.826,-14.135,-59.609,17.808,-46.43,10.799,-65.37,43.273,-99.632,-4.845,-108.786,-41.173,-92.356,,,,"",,,,"",,,,"",,,,"",,,,"",,,,"",,,,"",,,,"",,,,3986.995,-0.341,-36.696,,,,,,,,,,,,,,,,,,,,,,,,,,,,,,,,,,,,,,,,,,,,,,,,,,,,"",0,0,"",,,,0,""
157,,7,1,7,3,0,2,2,0,0,0,255,255,255,70,3999.585,"하루（Haru）",R,10,51,101,-1.638,-1.349,0.144,1.761,-0.717,1.34,-36.39,30.116,53,47,0,4,"",0,305.889,-8.923,-0.373,-17.95,1,"=","=","=","=","=","=","=","=","=",5,R,"아침땅_",169.9,87.187,0.502,,35,W,Y,1,,,,,,,,,,,,,,,,,,,,,,,,,,,,,0,0,,,,,,,,,,,,,,,,,,,,,,,,,,,,,,,,,,,,,,-0.074,-37.278,0.001,-17.352,-16.613,-42.024,-14.313,-59.646,17.632,-46.473,10.813,-65.39,43.219,-99.679,-4.837,-108.789,-39.681,-92.643,,,,"",,,,"",,,,"",,,,"",,,,"",,,,"",,,,"",,,,"",,,,,,,,,,,,,,,,,,,,,,,,,,,,,,,,,,,,,,,,,,,,,,,,,,,,,,,,,,"",0,0,"",,,,0,""
158,SIDE,7,1,7,3,0,0,2,0,0,0,255,255,255,,4005.753,,,,,,,,,,,,,,,,,,,,,,,,2,"=","=","=","=","=","=","=","=","=",,,,,,,,,,,,,,,,,,,,,,,,,,,,,,,,,,,,,,,0,0,,,,,,,,,,,,,,,,,,,,,,,,,,,,,,,,,,,,,,,,,,,,,,,,,,,,,,,,,,,,,,,,,,,,,,,,,,,,,,,,,,,,,,,,,,,,,,,,,,,,,,,,,,,,,,,,,,,,,,,,,,,,,,,,,,,,,,,,,,,,,,,,,"",0,0,"",,,,0,""
159,,7,0,7,3,0,0,0,0,0,0,255,255,255,77,4109.104,"うよすま",R,3,58,93,0.843,-0.038,0.629,1.324,1.07,1.624,-36.795,60.465,0,100,0,2,"",-307.318,0,-9.291,0,0,7,"-라후이-","muyang_","Ainy4／あいにゃ","Pring__","눈꽃","하루（Haru）","aura_5599","CoalCat","Floră",5,R,"CoalCat",174.9,83,0.397,5,36,W,Y,1,4110.324,158,142,148,116,74,,145,94,39.392,5.563,0.194,0.978,-21.059,-0.49,0,0.342,483.081,256.355,22.277,4115.613,-11.534,-93.702,4117.163,7,-13.018,1.146,-98.094,1,0,,4115.725,,,,,,,,,,,,,,,,,,,,,,,,,,,,,,,,,,,,0.098,-37.76,0.052,-16.543,-21.348,-51.956,-13.802,-61.447,24.394,-51.664,12.149,-64.771,38.341,-94.626,0.487,-121.156,-45.438,-93.36,-0.33,-38.047,,"ddil_ddil69",0.105,-16.732,,"Yaksok~",-21.275,-51.836,,"Kr_Luna",-13.234,-61.533,,"kneesohime",24.286,-51.635,,"아침땅_",12.141,-64.725,87,"YukihiroD",36.811,-94.93,,"紅さかな",0.337,-121.203,108,"_Gosomi",-45.267,-93.382,,4123.06,-0.529,-38.819,,,,,,,,,,,,,4119.901,-0.433,-60.262,,,,4117.237,-13.327,-98.627,,,,,,,,,,,,,,,,,,,4122.118,0.517,-54.397,,,,4118.493,-11.732,-89.374,,,,"",2,0,"紅さかな",,,,34,""
160,,7,0,7,3,0,0,0,1,0,0,15,255,255,78,4136.787,"うよすま",R,32,62,103,1.779,-0.878,0.456,1.155,0.424,1.102,-36.795,43.755,0,100,0,2,"",157.322,4.468,-17.135,0,0,8,"=","=","=","=","=","=","=","=","=",2,R,"Floră",190,85.304,0.403,5,66,W,Y,1,4137.989,192,117,185,123,105,,145,100,40.321,-63.201,0.319,0.7,-20.544,-0.49,0,0.358,89.497,447.59,308.057,4143.388,66.067,-63.647,,,,,,0,0,,,,,,,,,,,,4137.014,,,,,,,,,,,,,,,,,,,,,,,,,,0.079,-37.95,0.03,-15.953,-18.333,-44.43,-12.41,-62.679,20.946,-50.137,7.351,-63.221,35.386,-92.159,0.381,-115.332,-46.926,-91.461,-0.426,-37.948,,"ddil_ddil69",0.014,-16.061,,"Yaksok~",-16.407,-46.121,,"Kr_Luna",-12.379,-62.718,,"kneesohime",22.698,-50.865,,"아침땅_",7.421,-62.758,,"YukihiroD",35.47,-97.903,,"紅さかな",0.26,-115.298,,"_Gosomi",-46.909,-91.449,,,,,,,,,,,,,,,,,,,,,,,,,,,,,,,,,,,,,,,,,,,,,,,,,,,,,,,,"",3,0,"",,,,0,""
161,,7,0,7,3,0,1,0,1,0,0,15,255,255,79,4164.331,"うよすま",R,3,62,94,-1.923,-0.639,0.384,1.227,-0.012,1.249,-36.795,48.101,0,100,0,4,"",-359.839,0,-8.12,-1.034,-14.139,8,"=","=","=","=","=","=","=","=","=",2,R,"Floră",190,85.304,0.403,,66,W,Y,1,,,,,,,,,,,,,,,,,,,,,,,,,,,,,0,0,,,,,,,,,,,,4164.482,,,,,,,,,,,,,,,,,,,,,,,,,,-0.043,-37.897,-0.634,-15.834,-18.341,-46.003,-12.458,-61.982,22.16,-49.004,6.035,-62.108,40.763,-98.161,0.588,-117.17,-43.852,-92.234,,,,"",,,,"",,,,"",,,,"",,,,"",,,,"",,,,"",,,,"",,,,,,,,,,,,,,,,,,,,,,,,,,,,,,,,,,,,,,,,,,,,,,,,,,,,,,,,,,"",0,0,"",,,,0,""
162,,7,0,7,3,0,2,0,1,0,0,15,255,255,80,4182.9,"うよすま",R,34,65,119,4.373,0.815,0.546,1.324,1.724,2.129,-36.795,67.012,0,100,0,4,"BA+",96.446,-8.011,4.597,1.392,-5.72,8,"=","=","=","=","=","=","=","=","=",2,R,"Floră",190,85.304,0.403,,66,W,Y,1,,,,,,,,,,,,,,,,,,,,,,,,,,,,,0,0,,,,,,4189.996,,,,,,4183.012,,,4185.594,8,,578,0,,,,,,,,,,,,,,,,,,,-0.003,-37.856,0.103,-16.187,-18.988,-45.015,-12.779,-63.317,22.178,-48.522,6.205,-62.21,36.93,-97.837,0.879,-116.758,-43.681,-91.871,,,,"",,,,"",,,,"",,,,"",,,,"",,,,"",,,,"",,,,"",,,,,,,,,,,,,,,,,,,,,,,,,,,,,,,,,,,,,,,,,,,,,,,,,,,,,,,,,,"",0,0,"",4189.996,,,0,""
163,,7,0,7,3,0,0,1,0,1,0,255,15,255,81,4214.434,"うよすま",R,3,55,89,1.083,-0.299,0.753,1.19,1.235,1.481,-36.795,59.793,0,100,0,0,"",-320.123,0,-10.048,0,0,0,"=","=","=","=","=","=","=","=","=",8,R,"-라후이-",175.4,86,0.498,,66,W,Y,0,,,,,,,,,,,,,,,,,,,,,,,,,,,,,0,0,,,,,,,,,,,,,4214.738,,,,,,,,,,,,,,,,,,,,,,,,,0.25,-37.8,0.139,-16.513,-18.64,-48.532,-12.513,-62.164,20.774,-48.596,11.145,-65.521,37.151,-93.684,-0.687,-114.306,-39.254,-96.211,,,,"",,,,"",,,,"",,,,"",,,,"",,,,"",,,,"",,,,"",,,,,,,,,,,,,,,,,,,,,,,,,,,,,,,,,,,,,,,,,,,,,,,,,,,,,,,,,,"",0,0,"",4216.93,,,0,""
164,,7,0,7,3,0,1,1,0,1,0,255,15,255,82,4233.653,"うよすま",R,46,56,98,0.787,-0.782,0.38,1.089,-0.063,1.244,-36.795,51.535,0,100,0,2,"",107.101,30.477,-10.441,0,0,0,"=","=","=","=","=","=","=","=","=",8,R,"-라후이-",175.4,86,0.498,5,66,W,Y,1,4234.637,123,121,63,47,32,,136,86,6.951,-13.091,0.044,0.687,-20.421,-0.62,0,0.218,148.94,537.385,-221.437,4235.955,6.046,-53.897,4236.68,5,6.789,0.176,-58.105,0,0,,,,,,,,,4239.353,,,,,,4239.633,0,,147,2,,,,,,,,,,,4239.833,2,,,,,,,-0.055,-37.68,-0.373,-16.78,-18.491,-49.415,-12.717,-62.129,19.032,-46.871,6.275,-65.873,37.205,-97.833,-0.765,-114.44,-39.95,-95.55,-0.499,-37.98,,"ddil_ddil69",-0.415,-17.045,,"Yaksok~",-18.488,-49.406,87,"Kr_Luna",-12.607,-62.171,,"kneesohime",19.088,-46.812,,"아침땅_",7.212,-65.733,103,"YukihiroD",37.187,-97.846,,"紅さかな",-0.767,-114.434,,"_Gosomi",-39.95,-95.508,,4242.566,-0.838,-38.472,,,,4239.013,-18.612,-40.105,,,,,,,4236.901,7.004,-59.471,,,,,,,,,,,,,,,,4241.572,-17.031,-41.758,,,,,,,4237.651,4.481,-57.171,,,,,,,,,,"",2,0,"아침땅_",,4239.353,,3,""
165,,7,0,7,3,0,0,2,0,0,1,255,255,15,83,4258.132,"うよすま",R,46,58,100,1.579,0.52,0.438,1.335,0.38,1.923,-36.795,40.221,0,100,0,2,"",137.537,-7.776,-11.709,0,0,1,"=","=","=","=","=","=","=","=","=",3,R,"muyang_",171.6,80,0.498,5,66,W,Y,0,4259.246,133,199,104,70,26,,139,83,-6.148,-28.54,0.297,1.027,-19.628,-0.84,0,0.219,-179.583,34.946,123.972,4259.288,3.583,-25.673,4261.98,5,19.289,0.058,-59.455,1,0,,4264.665,,,,,,,,,4265.07,,,4260.033,,,,,,,,,,,,,,,,4264.933,2,,,,,,,0.091,-37.824,0.094,-16.718,-20.025,-50.211,-10.471,-59.989,19.562,-40.638,11.709,-65.065,37.619,-98.632,-1.136,-114.758,-43.883,-110.39,-0.24,-38.118,,"ddil_ddil69",0.177,-17.095,,"Yaksok~",-19.783,-50.42,86,"Kr_Luna",-11.968,-60.569,,"kneesohime",19.293,-40.885,,"아침땅_",11.711,-65.041,103,"YukihiroD",36.913,-98.408,,"紅さかな",-1.024,-114.821,,"_Gosomi",-43.887,-110.369,,4269.252,-0.943,-38.324,,,,4264.735,-17.628,-40.182,,,,,,,4262.213,19.882,-60.403,,,,,,,,,,,,,,,,4268.362,-15.452,-38.714,,,,,,,4262.894,16.91,-58.697,,,,,,,,,,"",2,0,"아침땅_",,,4265.07,3,""
166,,7,0,7,4,0,0,2,1,0,0,13,255,255,84,4286.387,"うよすま",R,48,51,94,0.252,-1.475,0.375,0.935,0.357,0.995,-36.795,40.479,0,10,90,1,"",-111.401,157.926,5.487,0,0,2,"=","=","=","=","=","=","=","=","=",1,L,"Ainy4／あいにゃ",189.2,85,0.51,,66,W,Y,0,,,,,,,,,,,,,,,,,,,,,,,,,,,,,0,0,,,,,,,,,,,,4286.762,,,,,,,,,,,,,,,,,,,,,,,,,,0.134,-37.715,0.288,-16.809,-17.546,-46.337,-10.061,-59.843,21.631,-47.44,15.518,-63.14,42.351,-98.708,0.349,-115.963,-37.077,-99.217,,,,"",,,,"",,,,"",,,,"",,,,"",,,,"",,,,"",,,,"",,,,4291.126,0.166,-37.708,,,,,,,,,,,,,,,,,,,,,,,,,,,,,,,,,,,,,,,,,,,,,,,,,,,,"",0,0,"",,,,0,""
167,,7,0,7,4,1,0,2,1,0,0,13,255,255,85,4304.018,"うよすま",R,48,51,94,-0.032,-1.27,0.428,1.027,0.59,1.301,-36.795,34.643,0,73,27,2,"",-129.457,195.231,0.271,0,0,2,"=","=","=","=","=","=","=","=","=",1,L,"Ainy4／あいにゃ",189.2,85,0.51,3,66,W,Y,1,4305.268,255,79,54,86,29,,137,115,25.122,-32.033,0.124,0.594,-20.297,0.78,0,0.373,150.378,-508.084,-105.662,4309.872,64.844,-99.321,4311.113,6,65.275,0.409,-99.4,1,0,,4310.865,4315.341,,,4310.384,4315.263,,,,,4304.451,,,,,,,,,,,,,,,,,,,,,,,,,,0.143,-37.734,0.146,-16.703,-17.872,-44.865,-10.152,-59.856,22.084,-47.817,15.36,-63.206,41.267,-99.23,0.687,-116.08,-37.073,-99.273,-0.264,-38.22,,"ddil_ddil69",0.263,-17.126,,"Yaksok~",-16.385,-47.126,,"Kr_Luna",-10.087,-59.836,,"kneesohime",22.069,-47.82,,"아침땅_",16.093,-64.962,85,"YukihiroD",41.263,-99.227,106,"紅さかな",0.71,-116.051,,"_Gosomi",-37.044,-99.266,,4319.136,0.047,-39.131,,,,,,,,,,,,,4314.938,12.928,-65.908,4311.413,64.085,-98.547,,,,,,,,,,,,,,,,,,,,,,4317.852,8.848,-59.239,4312.392,60.719,-95.061,,,,,,,"",2,0,"YukihiroD",4310.384,4315.263,,130,""
168,,7,0,7,4,0,0,2,0,1,1,255,11,13,86,4338.237,"うよすま",R,3,55,88,1.367,-0.066,0.713,1.24,1.454,1.616,-36.795,63.969,0,100,0,2,"",-354.049,0,-10.798,0,0,3,"=","=","=","=","=","=","=","=","=",6,L,"Pring__",175.3,88.125,0.451,5,66,W,Y,1,4339.45,219,119,58,66,54,,137,125,25.09,-26.099,0.278,0.953,-20.801,0.68,0,0.481,283.282,-63.451,60.842,,,,4344.455,6,49.267,3.554,-116.975,0,0,,4345.365,,,,,,,4344.322,,4344.509,,,4338.504,4344.723,3,,455,0,,,,,,,,,,,,,,,,,,,0.191,-37.75,0.171,-16.807,-19.284,-48.937,-11.553,-60.84,20.201,-43.681,15.714,-62.986,50.729,-101.739,1.974,-117.732,-33.975,-93.766,-0.287,-38.284,,"ddil_ddil69",0.176,-17.033,,"Yaksok~",-18.471,-48.876,,"Kr_Luna",-10.746,-61.208,,"kneesohime",21.398,-46.679,,"아침땅_",15.955,-62.895,,"YukihiroD",50.793,-101.698,113,"紅さかな",1.581,-117.877,,"_Gosomi",-33.958,-93.73,,,,,,,,,,,,,,,,,,,,4344.733,49.677,-116.694,,,,,,,,,,,,,,,,,,,,,,,,,4346.333,45.687,-113.176,,,,,,,"",1,0,"YukihiroD",,4344.322,4344.509,128,""
169,SIDE,7,0,7,4,0,0,2,0,1,1,255,11,13,,4349.083,,,,,,,,,,,,,,,,,,,,,,,,4,"=","=","=","=","=","=","=","=","=",,,,,,,,,,,,,,,,,,,,,,,,,,,,,,,,,,,,,,,0,0,,,,,,,,,,,,,,,,,,,,,,,,,,,,,,,,,,,,,,,,,,,,,,,,,,,,,,,,,,,,,,,,,,,,,,,,,,,,,,,,,,,,,,,,,,,,,,,,,,,,,,,,,,,,,,,,,,,,,,,,,,,,,,,,,,,,,,,,,,,,,,,,,"",0,0,"",,,,0,""
170,,8,1,7,4,0,0,0,0,0,0,255,255,255,71,4398.471,"하루（Haru）",R,10,10,63,0.818,0.532,0.392,1.923,0.344,1.994,-36.39,62.268,0,100,0,2,"",0,400,-46.543,0,0,2,"MODECO","아침땅_","_Gosomi","kneesohime","Kr_Luna","紅さかな","ddil_ddil69","YukihiroD","うよすま",8,R,"_Gosomi",175,87.368,0.434,0,66,W,Y,0,4400.026,79,52,70,66,65,,120,82,8.336,15.874,0.153,1.136,-20.555,-0.42,0,0.305,-239.094,-62.875,61.636,4401.296,-8.106,-50.286,4402.188,3,-10.077,0.157,-57.553,0,0,,,,,,,,,,,,,,,4405.075,2,,147,2,,,,,,,,,,,,,,,,,,,0.022,-36.862,-0.062,-17.182,-16.253,-41.724,-16.663,-62.691,21.363,-50.821,10.861,-64.005,47.886,-95.864,-7.24,-110.576,-44.853,-90.253,-0.14,-36.458,,"Ainy4／あいにゃ",-0.063,-17.233,,"Floră",-16.438,-41.87,36,"muyang_",-16.671,-62.677,104,"aura_5599",21.345,-50.792,,"CoalCat",10.863,-63.947,,"Pring__",46.86,-98.377,,"눈꽃",-7.256,-110.57,,"-라후이-",-44.853,-90.253,,4410.114,-0.34,-36.876,,,,4404.468,-19.075,-40.354,4402.388,-10.469,-58.824,,,,,,,,,,,,,,,,,,,,,,4407.548,-18.132,-39.055,4403.661,-12.775,-53.694,,,,,,,,,,,,,,,,"",2,0,"muyang_",,,,290,""
171,,8,1,7,4,0,0,1,0,0,0,255,255,255,72,4428.75,"하루（Haru）",R,26,83,135,1.449,-0.062,0.401,1.775,0.479,1.417,-36.39,38.13,42,58,0,2,"",100.654,-165.24,4.388,0,0,3,"=","=","=","=","=","=","=","=","=",4,R,"kneesohime",190,85,0.497,0,66,W,Y,1,4429.888,251,63,96,60,34,,145,92,27.528,62.583,0.098,0.903,-19.226,1,0,0.213,-173.075,559.154,-131.878,4432.363,-52.586,-41.038,,,,,,0,0,,,,,,,,,,,,,,,,,,,,,,,,,,,,,,,,,,,,,,-0.086,-37.223,-0.082,-17.189,-16.415,-41.868,-16.801,-62.848,21.153,-49.395,9.358,-63.182,48.423,-99.783,-4.289,-120.381,-41.561,-87.578,0.119,-36.641,,"Ainy4／あいにゃ",-0.059,-17.205,,"Floră",-16.477,-42.015,,"muyang_",-16.803,-62.84,,"aura_5599",20.38,-49.208,,"CoalCat",9.403,-63.036,,"Pring__",48.425,-99.786,,"눈꽃",-4.291,-120.381,,"-라후이-",-42.054,-87.85,,,,,,,,,,,,,,,,,,,,,,,,,,,,,,,,,,,,,,,,,,,,,,,,,,,,,,,,"",3,0,"",,,,0,""
172,,8,1,7,4,0,1,1,0,0,0,255,255,255,73,4451.707,"하루（Haru）",R,4,10,64,-2.836,-0.401,0.105,1.674,-0.944,1.38,-36.39,43.188,0,100,0,2,"",-202.475,0,-14.503,0,0,3,"=","=","=","=","=","=","=","=","=",4,R,"kneesohime",190,85,0.497,3,66,W,Y,0,4453.407,255,116,113,91,67,,145,130,14.903,27.875,-0.509,0.934,-20.8,0.61,0,0.361,432.679,220.16,352.588,4457.238,-55.925,-113.642,4458.796,8,-49.785,0.054,-111.135,1,0,,4459.433,,,,,,,,,,,,,,,,,,,,,,,,,,,,,,,,,,,,-0.117,-36.86,-0.073,-17.197,-16.46,-41.975,-16.528,-62.938,22.541,-51.762,10.253,-65.343,47.938,-100.052,-4.295,-120.381,-46.118,-95.892,-0.581,-37.185,,"Ainy4／あいにゃ",-0.117,-17.233,,"Floră",-16.696,-42.227,,"muyang_",-16.386,-62.756,,"aura_5599",22.376,-51.589,,"CoalCat",10.289,-65.204,71,"Pring__",47.943,-100.015,,"눈꽃",-4.297,-120.381,,"-라후이-",-46.12,-95.89,114,4470.78,0.386,-38.71,,,,,,,,,,,,,4463.201,-0.069,-59.83,,,,,,,4459.082,-49.102,-110.847,,,,,,,,,,,,,,,,4469.489,-0.321,-57.692,,,,,,,4460.45,-43.268,-105.826,"",2,0,"-라후이-",,,,161,""
173,,8,1,7,4,0,0,1,1,0,0,4,255,255,74,4487.389,"하루（Haru）",R,27,89,140,-0.973,0.239,0.187,1.841,-0.516,1.632,-36.39,34.572,91,9,0,0,"",64.785,-143.19,6.668,0,0,4,"=","=","=","=","=","=","=","=","=",3,L,"Kr_Luna",190,95.432,0.498,,66,W,Y,0,,,,,,,,,,,,,,,,,,,,,,,,,,,,,0,8,,,,,,,,,,,,,,,4491.83,3,1,276,4,,,,,,,,,,,,,4490.887,3,,,,,-0.246,-37.012,0.026,-17.303,-19.393,-39.963,-9.881,-59.074,21.061,-48.686,13.696,-61.508,48.754,-101.243,5.417,-115.438,-41.42,-90.307,,,,"",,,,"",,,,"",,,,"",,,,"",,,,"",,,,"",,,,"",,,,4494.795,0.014,-38.211,,,,,,,,,,,,,,,,,,,,,,,,,,,,,,,,,,,,,,,,,,,,,,,,,,,,"",0,0,"",,,,0,""
174,,8,1,7,4,0,1,2,0,0,0,255,255,255,75,4516.994,"하루（Haru）",R,5,46,102,-0.986,-0.134,0.231,1.811,-0.313,1.536,-36.39,35.147,0,100,0,0,"",-62.516,0,12.129,0,0,4,"=","=","=","=","=","=","=","=","=",3,L,"Kr_Luna",190,95.432,0.498,,66,W,Y,0,,,,,,,,,,,,,,,,,,,,,,,,,,,,,0,0,,,,,,,,,,,,,,,,,,,,,,,,,,,,,,,,,,,,,,-0.128,-37.092,-0.038,-17.367,-14.902,-43.356,-15.933,-62.903,20.715,-49.204,13.976,-62.607,51.38,-102.983,5.549,-115.477,-43.56,-94.312,,,,"",,,,"",,,,"",,,,"",,,,"",,,,"",,,,"",,,,"",,,,4520.953,0.052,-37.115,,,,,,,,,,,,,,,,,,,,,,,,,,,,,,,,,,,,,,,,,,,,,,,,,,,,"",0,0,"",,,,0,""
175,,8,1,7,4,0,2,2,0,0,0,255,255,255,76,4533.266,"하루（Haru）",R,26,88,140,0.31,-0.582,0.294,1.668,-0.021,1.071,-36.39,20.698,37,63,0,0,"",112.286,-200,22.362,0,0,4,"=","=","=","=","=","=","=","=","=",3,L,"Kr_Luna",190,95.432,0.498,,66,W,Y,0,,,,,,,,,,,,,,,,,,,,,,,,,,,,,0,0,,,,,,,,,,,,,,,4535.742,4,,578,0,,,,,,,,,,,,,,,,,,,-0.002,-37.12,-0.043,-17.377,-15.336,-43.666,-16.023,-62.448,20.802,-48.654,13.582,-62.917,51.149,-103.192,5.544,-115.468,-44.164,-85.152,,,,"",,,,"",,,,"",,,,"",,,,"",,,,"",,,,"",,,,"",,,,4536.876,-0.119,-36.594,,,,,,,,,,,,,,,,,,,,,,,,,,,,,,,,,,,,,,,,,,,,,,,,,,,,"",0,0,"",,,,0,""
176,SIDE,8,1,7,4,0,0,2,0,0,0,255,255,255,,4537.427,,,,,,,,,,,,,,,,,,,,,,,,5,"=","=","=","=","=","=","=","=","=",,,,,,,,,,,,,,,,,,,,,,,,,,,,,,,,,,,,,,,0,0,,,,,,,,,,,,,,,,,,,,,,,,,,,,,,,,,,,,,,,,,,,,,,,,,,,,,,,,,,,,,,,,,,,,,,,,,,,,,,,,,,,,,,,,,,,,,,,,,,,,,,,,,,,,,,,,,,,,,,,,,,,,,,,,,,,,,,,,,,,,,,,,,"",0,0,"",,,,0,""
177,,8,0,7,4,0,0,0,0,0,0,255,255,255,87,4614.496,"うよすま",R,33,80,130,0.806,-0.973,0.344,1.259,0.152,1.014,-36.795,36.889,0,100,0,0,"",123.578,-44.009,7.66,0,0,4,"-라후이-","muyang_","Ainy4／あいにゃ","Pring__","눈꽃","하루（Haru）","aura_5599","CoalCat","Floră",7,L,"눈꽃",170.1,90,0.605,,66,W,Y,1,,,,,,,,,,,,,,,,,,,,,,,,,,,,,0,0,,,,,,,,,,,,,,,,,,,,,,,,,,,,,,,,,,,,,,0.044,-37.814,-0.046,-16.53,-18.629,-46.818,-10.714,-62.28,23.282,-53.306,15.101,-63.18,48.871,-107.393,0.887,-119.598,-39.925,-99.206,,,,"",,,,"",,,,"",,,,"",,,,"",,,,"",,,,"",,,,"",,,,,,,,,,,,,,,,,,,,,,,,,,,,,,,,,,,,,,,,,,,,,,,,,,,,,,,,,,"",0,0,"",,,,0,""
178,,8,0,7,4,0,1,0,0,0,0,255,255,255,88,4631.201,"うよすま",R,34,71,123,1.802,0.925,0.398,1.366,0.651,2.13,-36.795,49.622,0,100,0,4,"",74.422,-0.103,4.156,0,0,4,"=","=","=","=","=","=","=","=","=",7,L,"눈꽃",170.1,90,0.605,,66,W,Y,1,,,,,,,,,,,,,,,,,,,,,,,,,,,,,0,0,,,,,,,,,,,,,,,,,,,,,,,,,,,,,,,,,,,,,,-0.039,-37.758,-0.096,-16.504,-18.677,-46.653,-9.941,-62.628,24.265,-52.681,15.001,-63.214,48.519,-107.514,1.707,-119.413,-34.659,-100.035,,,,"",,,,"",,,,"",,,,"",,,,"",,,,"",,,,"",,,,"",,,,,,,,,,,,,,,,,,,,,,,,,,,,,,,,,,,,,,,,,,,,,,,,,,,,,,,,,,"",0,0,"",,,,0,""
179,,8,0,7,4,0,2,0,0,0,0,255,255,255,89,4655.766,"うよすま",R,34,69,122,-1.072,0.638,0.231,1.319,-0.612,1.959,-36.795,34.619,0,100,0,2,"",83.511,-9.419,4.808,0,0,4,"=","=","=","=","=","=","=","=","=",7,L,"눈꽃",170.1,90,0.605,5,66,W,Y,1,4657.065,255,103,90,79,41,,145,89,0.592,11.639,-0.201,1.101,-20.262,-0.66,0,0.446,297.655,-120.083,-174.205,4657.63,-4.161,-40.032,4657.838,0,-3.505,0.413,-36.679,0,0,,,,,,,,,,,,,,,4658.157,4,,449,0,,,,,,,,,,,,,,,,,,,-0.041,-37.794,-0.227,-16.863,-18.742,-46.648,-9.936,-62.58,24.617,-52.388,13.244,-63.944,48.48,-107.493,0.585,-119.738,-34.694,-99.979,-0.314,-38.027,,"ddil_ddil69",-0.246,-16.847,,"MODECO",-18.696,-46.561,,"Kr_Luna",-9.897,-62.616,,"kneesohime",24.518,-52.338,,"아침땅_",13.148,-63.965,,"YukihiroD",48.468,-107.503,,"紅さかな",0.59,-119.756,,"_Gosomi",-34.657,-99.969,,4658.168,-2.543,-38.145,,,,,,,,,,,,,,,,,,,,,,,,,,,,,,,,,,,,,,,,,,,,,,,,,,,,"",1,0,"うよすま",,,,256,""
180,,8,0,7,4,0,0,1,0,0,0,255,255,255,90,4682.148,"うよすま",R,3,53,88,0.515,0.816,0.604,1.477,1.017,2.165,-36.795,60.937,16,84,0,0,"",-326.155,0,-11.885,0,0,5,"=","=","=","=","=","=","=","=","=",0,R,"하루（Haru）",190,85,0.397,,66,W,Y,0,,,,,,,,,,,,,,,,,,,,,,,,,,,,,0,0,,,,,,,,,,,,,,,,,,,,,,,,,,,,,,,,,,,,,,0.069,-37.716,-0.019,-16.812,-19.928,-45.653,-8.648,-60.367,24.435,-50.556,11.899,-64.966,45.336,-105.372,-0.043,-118.209,-38.03,-106.31,,,,"",,,,"",,,,"",,,,"",,,,"",,,,"",,,,"",,,,"",,,,4687.616,-0.187,-37.626,,,,,,,,,,,,,,,,,,,,,,,,,,,,,,,,,,,,,,,,,,,,,,,,,,,,"",0,0,"",,,,0,""
181,,8,0,7,4,0,1,1,0,0,0,255,255,255,91,4698.732,"うよすま",R,46,59,100,0.592,-0.734,0.329,1.205,-0.089,1.148,-36.795,38.676,0,100,0,2,"",148.529,-28.292,-33.196,0,0,5,"=","=","=","=","=","=","=","=","=",0,R,"하루（Haru）",190,85,0.397,5,66,W,Y,1,4699.943,105,214,205,130,61,,137,131,-12.75,-6.488,0.105,0.781,-20.954,0.58,0.048,0.35,-123.382,-82.359,-30.206,4699.713,0.457,-24.04,4703.413,7,10.516,0.059,-109.04,1,0,,4705.996,,,,,,,,,,,,,,,,,,,,,,,,,,,,,,,,,,,,0.021,-37.712,-0.014,-16.849,-20.042,-45.533,-13.284,-61.754,23.015,-52.18,11.966,-64.86,42.194,-97.2,-0.069,-118.213,-38.29,-106.232,-0.208,-38.166,,"ddil_ddil69",0.163,-17.056,,"MODECO",-19.972,-45.462,,"Kr_Luna",-13.304,-61.74,70,"kneesohime",22.922,-52.124,,"아침땅_",11.706,-64.916,,"YukihiroD",42.29,-97.105,,"紅さかな",-0.075,-118.208,90,"_Gosomi",-38.083,-106.301,,4711.255,-1.973,-47.761,,,,,,,4706.958,0.412,-59.402,,,,,,,,,,4703.745,10.48,-109.811,,,,,,,,,,,,,4710.407,0.078,-57.708,,,,,,,,,,4704.684,9.534,-103.25,,,,"",2,0,"紅さかな",,,,304,""
182,,8,0,7,4,0,0,1,1,0,0,10,255,255,92,4730.079,"うよすま",R,3,66,95,-4.027,0.155,0.174,1.271,-0.75,1.751,-36.795,29.796,0,100,0,1,"B>S",-431.818,0,-22.428,0,0,6,"=","=","=","=","=","=","=","=","=",4,R,"aura_5599",190,94.523,0.448,,66,W,Y,0,,,,,,,,,,,,,,,,,,,,,,,,,,,,,0,0,,,,,,,,,,,,4773.842,,,,,,,,,,,,,,,,,,,,,,,,,,-0.078,-37.724,-0.257,-16.776,-19.217,-44.982,-13.736,-57.866,20.352,-47.171,6.962,-62.847,37.137,-97.881,1.375,-117.897,-34.316,-93.092,,,,"",,,,"",,,,"",,,,"",,,,"",,,,"",,,,"",,,,"",,,,4735.801,-0.104,-37.556,,,,,,,,,,,,,,,,,,,,,,,,,,,,,,,,,,,,,,,,,,,,,,,,,,,,"",0,0,"",,,,0,""
183,,8,0,7,4,1,0,1,1,0,0,10,255,255,93,4775.334,"うよすま",R,3,49,85,1.408,-0.278,0.626,1.357,1.343,1.477,-36.795,72.94,0,100,0,2,"",-291.196,0,-0.897,0,0,6,"=","=","=","=","=","=","=","=","=",4,R,"aura_5599",190,94.523,0.448,3,66,W,Y,1,4776.514,255,95,102,129,111,,145,87,-75.281,73.519,0.313,1.005,-21.371,-1,0,0.62,78.184,41.197,-585.034,4776.263,-0.527,-21.619,,,,,,0,0,,,,,4781.05,,,,,,,4814.809,,,,,,,,,,,,,,,,,,4799.373,2,,,,,,,0.113,-37.738,0.129,-16.269,-19.68,-44.834,-12.25,-58.243,22.194,-48.356,6.988,-63.462,37.104,-95.31,0.093,-118.17,-34.047,-92.975,-0.412,-38.129,,"ddil_ddil69",0.148,-16.477,,"MODECO",-19.685,-44.828,,"Kr_Luna",-6.63,-58.976,,"kneesohime",22.122,-48.322,,"아침땅_",6.926,-63.126,,"YukihiroD",37.109,-95.301,,"紅さかな",0.487,-118.248,,"_Gosomi",-32.107,-92.351,,,,,,,,,,,,,,,,,,,,,,,,,,,,,,,,,,,,,,,,,,,,,,,,,,,,,,,,"",3,0,"",,,,0,""
184,,8,0,7,4,1,1,1,1,0,0,10,255,255,94,4816.061,"うよすま",R,32,63,103,-0.477,-0.64,0.226,1.214,-0.557,1.209,-36.795,30.231,0,100,0,2,"",165.061,-25.915,-20.955,0,0,6,"=","=","=","=","=","=","=","=","=",4,R,"aura_5599",190,94.523,0.448,3,66,W,Y,1,4817.173,222,95,129,111,74,,145,124,-30,46.216,-0.084,0.849,-21.476,0.75,0,0.33,-29.071,58.372,-47.414,4816.938,-1.5,-22.832,4818.238,2,-21.457,1.642,-41.934,1,32,,4822.636,,,,4821.551,,,,,,,,,4821.549,5,1,166,1,,,,,,,,,,,,,,,,,,,0.013,-37.808,-0.204,-16.45,-19.704,-43.681,-12.576,-58.572,20.529,-47.698,6.173,-62.979,35.034,-94.095,-0.463,-116.444,-44.702,-88.713,-0.291,-38.048,,"ddil_ddil69",-0.177,-16.59,,"MODECO",-18.733,-45.568,91,"Kr_Luna",-12.95,-58.992,,"kneesohime",20.445,-47.706,,"아침땅_",5.457,-62.278,84,"YukihiroD",35.039,-94.058,,"紅さかな",-0.482,-116.121,,"_Gosomi",-43.886,-87.601,,4826.281,-0.389,-38.906,,,,4818.598,-21.824,-42.375,,,,,,,4821.034,-0.792,-58.332,,,,,,,,,,,,,,,,4819.785,-17.748,-43.48,,,,,,,4825.333,-3.195,-53.463,,,,,,,,,,"",2,0,"MODECO",4821.551,,,259,""
185,,8,0,7,4,0,0,2,1,0,0,14,255,255,95,4845.559,"うよすま",R,6,51,86,-1.33,-1.048,-0.048,1.041,-1.342,1.051,-36.795,25.119,0,100,0,0,"",301.019,0,-6.395,0,0,7,"=","=","=","=","=","=","=","=","=",5,R,"CoalCat",174.9,83,0.397,,66,W,Y,0,,,,,,,,,,,,,,,,,,,,,,,,,,,,,0,0,,,,,,,,,,,,4845.805,,,,,,,,,,,,,,,,,,,,,,,,,,-0.135,-37.677,-0.044,-16.52,-19.567,-44.391,-13.29,-59.286,20.847,-48.076,12.237,-65.282,37.376,-95.304,-0.848,-111.608,-26.244,-90.269,,,,"",,,,"",,,,"",,,,"",,,,"",,,,"",,,,"",,,,"",,,,4850.485,-0.291,-37.468,,,,,,,,,,,,,,,,,,,,,,,,,,,,,,,,,,,,,,,,,,,,,,,,,,,,"",0,0,"",,,,0,""
186,,8,0,7,4,0,1,2,1,0,0,14,255,255,96,4861.407,"うよすま",R,3,54,88,0.855,-0.531,0.657,1.186,1.138,1.347,-36.795,59.94,0,100,0,2,"",-316.16,0,-14.405,0,0,7,"=","=","=","=","=","=","=","=","=",5,R,"CoalCat",174.9,83,0.397,5,66,W,Y,1,4862.598,86,189,69,69,62,,123,72,-28.452,-72.085,0.254,0.944,-21.901,1,0,0.592,110.501,263.718,197.149,4862.363,1.78,-22.397,,,,,,0,0,,,,,,,,,,,,4883.374,,,,,,,,,,,,,,,,,,,,,,,,,,0.148,-37.728,0.165,-16.699,-19.963,-44.459,-13.318,-59.251,20.408,-47.548,12.175,-64.715,37.466,-95.311,-0.145,-113.534,-31.866,-91.69,-0.39,-38.14,,"ddil_ddil69",0.168,-16.708,,"MODECO",-20.305,-44.164,,"Kr_Luna",-13.023,-59.322,,"kneesohime",20.358,-47.521,,"아침땅_",12.481,-64.649,,"YukihiroD",37.307,-95.38,,"紅さかな",-0.129,-113.917,,"_Gosomi",-31.849,-91.654,,,,,,,,,,,,,,,,,,,,,,,,,,,,,,,,,,,,,,,,,,,,,,,,,,,,,,,,"",3,0,"",,,,0,""
187,,8,0,7,4,0,2,2,1,0,0,14,255,255,97,4885.972,"うよすま",R,0,63,117,1.778,0.846,0.365,1.373,0.446,2.173,-36.795,40.303,0,100,0,2,"",43.196,-4.526,1.412,0,0,7,"=","=","=","=","=","=","=","=","=",5,R,"CoalCat",174.9,83,0.397,0,36,W,Y,1,4887.085,118,45,71,60,15,,137,93,50.515,54.519,0.224,1.237,-20.08,-0.42,0,0.525,93.288,-3.421,-293.774,4891.896,-60.086,-63.659,,,,,,0,0,,,,,,,,,,,,4886.211,,,,,,,,,,,,,,,,,,,,,,,,,,-0.005,-37.648,-0.042,-16.572,-19.5,-44.84,-16.107,-62.546,22.45,-47.204,11.551,-65.297,37.692,-92.814,0.003,-112.697,-32.213,-89.843,-0.262,-37.947,,"ddil_ddil69",-0.044,-16.651,,"MODECO",-19.462,-44.809,,"Kr_Luna",-15.832,-62.585,,"kneesohime",22.425,-47.186,,"아침땅_",10.542,-65.602,,"YukihiroD",37.626,-92.867,,"紅さかな",-0.002,-112.719,,"_Gosomi",-32.193,-89.794,,,,,,,,,,,,,,,,,,,,,,,,,,,,,,,,,,,,,,,,,,,,,,,,,,,,,,,,"",3,0,"",,,,0,""
188,,8,0,7,4,0,2,2,1,0,0,14,255,255,98,4907.541,"うよすま",R,3,59,92,-1.493,0.628,0.417,1.368,0.121,2.013,-36.795,51.98,0,100,0,2,"",-329.434,0,-4.946,0,0,7,"=","=","=","=","=","=","=","=","=",5,R,"CoalCat",174.9,83,0.397,5,36,W,Y,1,4908.959,164,81,62,51,56,,137,80,109.4,-68.021,-0.178,1.234,-21.724,1,0,0.511,265.004,350.66,407.101,4914.33,-28.865,-6.677,,,,,,0,0,,,,,,,,,,,,4920.385,,,,,,,,,,,,,,,,,,,,,,,,,,-0.032,-37.66,-0.063,-16.684,-19.691,-45.74,-15.688,-62.284,20.809,-47.354,9.262,-66.004,39.602,-91.941,-2,-113.284,-36.896,-85.454,-0.375,-37.395,,"ddil_ddil69",-0.014,-16.876,,"MODECO",-19.686,-45.71,,"Kr_Luna",-15.69,-62.278,,"kneesohime",20.759,-47.406,,"아침땅_",6.297,-66.523,,"YukihiroD",39.638,-91.92,,"紅さかな",-2,-113.289,,"_Gosomi",-37.936,-84.749,,,,,,,,,,,,,,,,,,,,,,,,,,,,,,,,,,,,,,,,,,,,,,,,,,,,,,,,"",3,0,"",,,,0,""
189,,8,0,7,4,0,2,2,1,0,0,14,255,255,99,4931.007,"うよすま",R,3,63,94,-3.107,0.374,0.275,1.282,-0.442,1.867,-36.795,41.714,0,100,0,4,"",-395.151,0,-18.28,0,0,7,"=","=","=","=","=","=","=","=","=",5,R,"CoalCat",174.9,83,0.397,,36,W,Y,1,,,,,,,,,,,,,,,,,,,,,,,,,,,,,0,0,,,,,,,,,,,,4935.997,,,4933.806,7,,578,0,,,,,,,,,,,,,,,,,,,-0.097,-37.756,-0.042,-16.692,-19.942,-45.163,-16.235,-62.461,20.785,-47.984,7.984,-66.13,36.546,-90.235,-2.465,-113.021,-34.272,-86.79,,,,"",,,,"",,,,"",,,,"",,,,"",,,,"",,,,"",,,,"",,,,,,,,,,,,,,,,,,,,,,,,,,,,,,,,,,,,,,,,,,,,,,,,,,,,,,,,,,"",0,0,"",,,,0,""
190,SIDE,8,0,7,4,0,0,2,1,0,0,14,255,255,,4936.007,,,,,,,,,,,,,,,,,,,,,,,,8,"=","=","=","=","=","=","=","=","=",,,,,,,,,,,,,,,,,,,,,,,,,,,,,,,,,,,,,,,0,0,,,,,,,,,,,,,,,,,,,,,,,,,,,,,,,,,,,,,,,,,,,,,,,,,,,,,,,,,,,,,,,,,,,,,,,,,,,,,,,,,,,,,,,,,,,,,,,,,,,,,,,,,,,,,,,,,,,,,,,,,,,,,,,,,,,,,,,,,,,,,,,,,"",0,0,"",,,,0,""
191,,9,1,7,4,0,0,0,0,0,0,255,255,255,77,4982.857,"하루（Haru）",R,26,89,140,0.033,-0.747,0.271,1.663,-0.127,0.995,-36.39,31.124,42,58,0,2,"",100.201,-187.275,12.248,0,0,5,"MODECO","아침땅_","_Gosomi","kneesohime","Kr_Luna","紅さかな","ddil_ddil69","YukihiroD","うよすま",7,R,"紅さかな",172.6,86,0.399,3,65,W,Y,1,4983.949,219,132,124,65,58,,145,81,27.227,51.007,-0.051,0.754,-20.518,1,0,0.303,107.172,484.097,239.618,4986.138,-41.979,-49.104,,,,,,0,0,,,,,,,,,,,,,,,,,,,,,,,,,,,,,,,,,,,,,,-0.029,-37.515,0.078,-17.194,-16.379,-41.877,-16.646,-62.954,20.26,-50.189,10.9,-63.963,47.211,-108.64,-4.274,-108.267,-38.861,-86.893,-0.121,-36.634,,"Ainy4／あいにゃ",0.001,-17.186,,"Floră",-16.621,-42.053,,"muyang_",-16.642,-62.953,,"aura_5599",20.279,-50.12,,"CoalCat",10.913,-63.788,,"Pring__",47.603,-105.49,,"눈꽃",-4.287,-108.269,,"-라후이-",-39.912,-88.508,,,,,,,,,,,,,,,,,,,,,,,,,,,,,,,,,,,,,,,,,,,,,,,,,,,,,,,,"",3,0,"",,,,0,""
192,,9,1,7,4,0,1,0,0,0,0,255,255,255,78,5005.716,"하루（Haru）",R,5,53,107,-1.246,-0.109,0.296,1.866,-0.344,1.541,-36.39,49.92,56,44,0,2,"",-111.337,0,10.608,0,0,5,"=","=","=","=","=","=","=","=","=",7,R,"紅さかな",172.6,86,0.399,3,65,W,Y,1,5007.061,183,79,92,75,47,,145,118,-1.579,34.725,-0.313,0.849,-20.099,0.78,0,0.251,203.138,553.943,14.028,5006.822,-9.439,-32.785,5007.472,2,-14.674,0.09,-39.494,0,0,,,,,,,,,,,,,,,5010.17,5,,147,0,,,,,,,,,,,5009.582,2,,,,,,,-0.15,-37.119,0.063,-17.163,-16.4,-41.786,-16.466,-62.975,19.541,-48.719,11.115,-63.608,47.609,-105.522,-5.913,-109.755,-43.944,-90.573,0.244,-36.824,,"Ainy4／あいにゃ",-0.116,-17.233,,"Floră",-16.538,-41.946,71,"muyang_",-16.303,-62.861,,"aura_5599",20.123,-49.807,,"CoalCat",11.071,-63.53,,"Pring__",47.565,-105.469,,"눈꽃",-5.927,-109.75,,"-라후이-",-43.885,-90.715,,5013.521,-0.98,-38.116,,,,5008.138,-15.183,-40.152,,,,,,,,,,,,,,,,,,,,,,,,,5012.33,-18.12,-39.459,,,,,,,,,,,,,,,,,,,"",2,0,"Floră",,,,288,""
193,,9,1,7,4,0,0,1,0,0,0,255,255,255,79,5032.557,"하루（Haru）",R,10,48,97,-0.183,-0.576,0.278,1.861,-0.088,1.861,-36.39,47.149,100,0,0,2,"",0,400,-18.211,0,0,6,"=","=","=","=","=","=","=","=","=",1,L,"ddil_ddil69",190,89.974,0.546,3,65,W,Y,1,5033.929,223,166,91,129,37,,145,117,7.152,-36.135,-0.029,0.844,-20.697,0.17,0,0.414,56.357,-23.239,-389.514,,,,5034.63,4,16.747,1.547,-43.547,0,0,,,,,,,,,,,,,,,5035.301,6,,453,0,,,,,,,,,,,,,,,,,,,-0.005,-37.298,0.055,-17.152,-15.609,-42.957,-16.393,-62.975,20.44,-48.208,12.196,-62.644,49.015,-104.469,0.512,-116.105,-47.21,-93.552,-0.016,-36.766,,"Ainy4／あいにゃ",0.011,-17.217,,"Floră",-15.759,-43.209,82,"muyang_",-16.199,-62.74,,"aura_5599",20.796,-48.424,120,"CoalCat",12.305,-62.589,,"Pring__",49.024,-104.476,,"눈꽃",0.515,-116.105,,"-라후이-",-44.063,-95.201,,5041.467,-0.513,-37.534,,,,5037.664,-17.663,-39.757,,,,5035.319,18.082,-45.255,,,,,,,,,,,,,,,,,,,5040.449,-16.81,-39.16,,,,5036.353,12.514,-44.785,,,,,,,,,,,,,"",1,0,"aura_5599",,,,352,""
194,,9,1,7,4,0,0,2,0,0,0,255,255,255,80,5057.945,"하루（Haru）",R,0,13,72,1.81,0.218,0.537,1.865,0.772,1.754,-36.39,43.432,0,100,0,2,"",0,0,-3.133,0,0,7,"=","=","=","=","=","=","=","=","=",6,R,"YukihiroD",174.3,80,0.398,3,65,W,Y,1,5059.385,255,167,91,79,51,,145,81,29.501,-4.123,0.349,1.224,-21.346,1,0,0.7,-58.693,142.796,567.55,5063.363,0.876,-88.013,5064.113,7,0.905,0.75,-91.511,1,0,,5064.942,,,,,,,,,,,,,,,,,,,,,,,,,,,,,,,,,,,,0.208,-37.289,0.054,-17.177,-16.419,-41.981,-17.226,-62.696,19.397,-49.419,10.59,-63.946,47.832,-104.965,-5.13,-112.91,-45.934,-96.887,0.048,-36.7,,"Ainy4／あいにゃ",0.021,-17.19,,"Floră",-16.506,-42.024,,"muyang_",-17.076,-62.524,,"aura_5599",19.371,-49.489,,"CoalCat",10.562,-63.926,,"Pring__",47.854,-105.01,,"눈꽃",-5.131,-112.91,86,"-라후이-",-46.149,-97.202,,5074.201,-0.427,-39.197,,,,,,,,,,,,,,,,,,,5064.799,0.691,-92.213,,,,,,,,,,,,,,,,,,,,,,,,,5071.573,-1.26,-86.226,,,,"",2,0,"눈꽃",,,,48,""
195,,9,1,7,4,0,0,2,1,0,0,6,255,255,81,5090.532,"하루（Haru）",R,41,31,83,-1.224,-1.115,0.128,1.523,-0.528,0.89,-36.39,44.3,31,69,0,1,"",-3.98,-67.41,-8.829,0,0,8,"=","=","=","=","=","=","=","=","=",0,R,"うよすま",174.5,85.375,0.502,,42,W,Y,0,,,,,,,,,,,,,,,,,,,,,,,,,,,,,0,0,,,,,,,,,,,,,,,,,,,,,,,,,,,,,,,,,,,,,,-0.219,-36.957,0.054,-17.165,-19.757,-40.385,-14.942,-59.81,20.148,-48.96,9.573,-63.31,44.801,-98.151,-1.092,-114.555,-42.914,-91.622,,,,"",,,,"",,,,"",,,,"",,,,"",,,,"",,,,"",,,,"",,,,5094.336,-0.211,-36.691,,,,,,,,,,,,,,,,,,,,,,,,,,,,,,,,,,,,,,,,,,,,,,,,,,,,"",0,0,"",,,,0,""
196,,9,1,7,4,1,0,2,1,0,0,6,255,255,82,5107.956,"하루（Haru）",R,27,84,136,-0.429,-0.475,0.234,1.716,-0.296,1.19,-36.39,40.928,93,7,0,0,"",73.82,-135.858,0.408,0,0,8,"=","=","=","=","=","=","=","=","=",0,R,"うよすま",174.5,85.375,0.502,,42,W,Y,1,,,,,,,,,,,,,,,,,,,,,,,,,,,,,0,0,,,,,,,,,,,,5108.149,,,,,,,,,,,,,,,,,,,,,,,,,,-0.102,-37.367,0.053,-17.178,-19.483,-40.26,-15.561,-61.429,20.239,-48.845,9.508,-62.858,44.822,-98.164,-3.076,-114.083,-38.748,-90.24,,,,"",,,,"",,,,"",,,,"",,,,"",,,,"",,,,"",,,,"",,,,5112.151,0.24,-36.874,,,,,,,,,,,,,,,,,,,,,,,,,,,,,,,,,,,,,,,,,,,,,,,,,,,,"",0,0,"",,,,0,""
197,,9,1,7,4,1,1,2,1,0,0,6,255,255,83,5123.419,"하루（Haru）",R,3,59,105,-2.624,-0.249,0.201,1.795,-0.451,1.468,-36.39,45.345,0,100,0,4,"",-365.064,0,13.888,0,0,8,"=","=","=","=","=","=","=","=","=",0,R,"うよすま",174.5,85.375,0.502,,42,W,Y,1,,,,,,,,,,,,,,,,,,,,,,,,,,,,,0,0,,,,,,,,,,,,5141.017,,,,,,,,,,,,,,,,,,,,,,,,,,-0.224,-37.2,0.07,-17.169,-19.515,-40.216,-15.139,-60.648,20.21,-50.364,9.737,-63.565,44.83,-98.154,-3.077,-114.089,-39.217,-90.265,,,,"",,,,"",,,,"",,,,"",,,,"",,,,"",,,,"",,,,"",,,,5131.89,-0.861,-37.367,,,,,,,,,,,,,,,,,,,,,,,,,,,,,,,,,,,,,,,,,,,,,,,,,,,,"",0,0,"",,,,0,""
198,,9,1,7,4,1,2,2,1,0,0,6,255,255,84,5142.632,"하루（Haru）",R,3,59,105,-2.927,-0.305,0.18,1.786,-0.55,1.436,-36.39,41.39,0,100,0,2,"",-381.791,0,15.345,0,0,8,"=","=","=","=","=","=","=","=","=",0,R,"うよすま",174.5,85.375,0.502,3,42,W,Y,1,5143.86,140,99,136,75,7,,144,81,26.426,57.762,-0.609,0.755,-19.649,1,0,0.387,242.224,473.843,-264.013,5146.555,-41.047,-43.708,,,,,,0,0,,,,,,,,,,,,5163.567,,,,,,,,,,,,,,,,,,,,,,,,,,-0.187,-37.176,-0.008,-17.196,-19.51,-40.378,-14.171,-58.439,22.343,-51.652,10.281,-63.685,44.803,-98.155,-3.078,-114.081,-39.314,-90.112,-0.21,-36.679,,"Ainy4／あいにゃ",-0.2,-17.3,,"Floră",-17.083,-41.55,,"muyang_",-14.727,-59.383,,"aura_5599",21.112,-51.307,,"CoalCat",10.258,-63.516,,"Pring__",44.797,-98.161,,"눈꽃",-3.073,-114.088,,"-라후이-",-39.198,-90.286,,,,,,,,,,,,,,,,,,,,,,,,,,,,,,,,,,,,,,,,,,,,,,,,,,,,,,,,"",3,0,"",,,,0,""
199,,9,1,7,4,1,2,2,1,0,0,6,255,255,85,5164.289,"하루（Haru）",R,27,94,140,-0.756,-0.533,0.212,1.706,-0.399,1.152,-36.39,22.038,46,54,0,2,"",47.45,-146.762,6.37,0,0,8,"=","=","=","=","=","=","=","=","=",0,R,"うよすま",174.5,85.375,0.502,5,42,W,Y,1,5165.282,235,112,150,90,13,,145,101,113.25,41.447,-0.155,0.7,-19.619,0.94,0,0.418,376.568,360.603,282.782,5171.313,31.493,17.346,,,,,,0,0,,,,,,,,,,,,5183.499,,,,,,,,,,,,,,,,,,,,,,,,,,0.027,-37.333,-0.008,-17.191,-19.573,-40.215,-15.736,-61.746,19.677,-48.242,10.644,-64.602,49.236,-101.428,-3.444,-115.307,-41.702,-90.813,-0.537,-37.09,,"Ainy4／あいにゃ",-0.05,-17.235,,"Floră",-18.642,-40.754,,"muyang_",-15.827,-61.689,,"aura_5599",19.798,-48.806,,"CoalCat",10.598,-64.52,,"Pring__",49.143,-101.476,,"눈꽃",-3.443,-115.299,,"-라후이-",-41.812,-90.973,,,,,,,,,,,,,,,,,,,,,,,,,,,,,,,,,,,,,,,,,,,,,,,,,,,,,,,,"",3,0,"",,,,0,""
200,,9,1,7,4,1,2,2,1,0,0,6,255,255,86,5185.356,"하루（Haru）",R,3,53,98,-6.58,-0.794,-0.105,1.71,-1.875,1.166,-36.39,13.378,0,100,0,1,"",-445.455,0,30.415,0,0,8,"=","=","=","=","=","=","=","=","=",0,R,"うよすま",174.5,85.375,0.502,,42,W,Y,0,,,,,,,,,,,,,,,,,,,,,,,,,,,,,0,0,,,,,,5190.456,,,,,,,,,,,,,,,,,,,,,,,,,,,,,,,,-0.249,-37.095,0.024,-17.282,-19.451,-40.216,-15.593,-61.324,20.511,-48.308,12.156,-64.706,48.859,-100.136,0.398,-115.525,-41.58,-90.912,,,,"",,,,"",,,,"",,,,"",,,,"",,,,"",,,,"",,,,"",,,,,,,,,,,,,,,,,,,,,,,,,,,,,,,,,,,,,,,,,,,,,,,,,,,,,,,,,,"",0,0,"",5190.456,,,0,""
201,,9,1,7,4,2,2,2,0,1,0,255,6,255,87,5227.385,"하루（Haru）",R,0,46,104,0.451,-0.364,0.368,1.755,0.185,1.402,-36.39,39.736,53,47,0,2,"",0,0,-11.208,0,0,8,"=","=","=","=","=","=","=","=","=",0,R,"うよすま",174.5,85.375,0.502,5,42,W,Y,1,5228.582,232,112,161,75,11,,145,108,18.145,23.314,-0.005,0.808,-20.082,0.07,0,0.328,474.148,-24.347,333.246,5232.555,-38.66,-107.749,5235.822,8,-42.958,0.056,-118.343,1,0,,5234.721,5239.401,,,,,,5234.757,5239.895,,,,,,,,,,,,,,,,,,,,,,5241.843,5,,,,,0.104,-37.135,-0.036,-17.296,-16.392,-41.86,-14.088,-59.78,19.075,-47.095,8.902,-62.933,48.866,-100.147,-1.55,-110.254,-37.555,-84.405,0.193,-36.748,,"Ainy4／あいにゃ",-0.072,-17.339,,"Floră",-16.629,-42.136,,"muyang_",-13.913,-59.621,,"aura_5599",19.155,-47.037,,"CoalCat",9.022,-62.75,68,"Pring__",48.861,-100.142,,"눈꽃",-1.547,-110.256,,"-라후이-",-37.55,-84.454,,5246.278,0.004,-38.019,,,,,,,,,,,,,5240.97,-1.176,-58.847,,,,,,,5236.507,-42.29,-117.201,,,,,,,,,,,,,,,,5244.849,2.214,-57.557,,,,,,,,,,"",2,0,"-라후이-",5239.401,5234.757,5239.895,161,""
202,,9,1,8,4,0,0,2,0,1,0,255,0,255,88,5264.234,"하루（Haru）",R,10,52,100,-0.448,-1.46,0.255,1.733,-0.202,1.28,-36.39,33.111,34,66,0,4,"",0,400,-16.888,-0.129,-18.254,0,"=","=","=","=","=","=","=","=","=",2,R,"MODECO",190,85,0.445,,65,W,Y,1,,,,,,,,,,,,,,,,,,,,,,,,,,,,,0,0,,,,,,,,,,,,,5278.822,,,,,,,,,,,,,,,,,,,,,,,,,-0.054,-37.16,-0.037,-17.288,-16.404,-41.948,-15.588,-62.869,20.732,-48.266,8.458,-62.642,52.106,-98.65,-4.956,-117.918,-46.15,-105.778,,,,"",,,,"",,,,"",,,,"",,,,"",,,,"",,,,"",,,,"",,,,5267.833,-0.359,-36.584,,,,,,,,,,,,,,,,,,,,,,,,,,,,,,,,,,,,,,,,,,,,,,,,,,,,"",0,0,"",5267.633,,,0,""
203,,9,1,8,4,0,1,2,0,1,0,255,0,255,89,5279.001,"하루（Haru）",R,10,45,95,-0.249,-0.297,0.241,1.927,-0.165,2.236,-36.39,61.105,77,23,0,2,"",0,400,-17.4,0,0,0,"=","=","=","=","=","=","=","=","=",2,R,"MODECO",190,85,0.445,3,65,W,Y,1,5280.328,170,115,149,77,39,,145,130,93.779,-70.225,-0.071,0.981,-20.201,0.66,0,0.421,371.884,431.702,-187.978,5288.222,-24.508,3.357,,,,,,0,0,,,,,,,,,,,,,5305.292,,,,,,,,,,,,,,,,,,,,,,,,,0.008,-37.222,-0.032,-17.278,-16.711,-42.347,-15.689,-63.342,23.531,-46.823,8.463,-62.662,49.08,-100.886,-4.939,-117.874,-45.075,-101.402,0.073,-36.755,,"Ainy4／あいにゃ",-0.071,-17.312,,"Floră",-16.861,-42.471,,"muyang_",-15.662,-63.351,,"aura_5599",21.478,-47.345,,"CoalCat",8.852,-62.326,,"Pring__",49.059,-100.886,,"눈꽃",-4.952,-117.863,,"-라후이-",-44.922,-101.565,,,,,,,,,,,,,,,,,,,,,,,,,,,,,,,,,,,,,,,,,,,,,,,,,,,,,,,,"",3,0,"",5289.123,,,0,""
204,,9,1,8,4,0,2,2,0,1,0,255,0,255,90,5308.282,"하루（Haru）",R,13,27,73,-1.39,0.73,0.18,2.067,-0.218,2.731,-36.39,53.343,100,0,0,2,"",-252.668,324.102,-56.864,0,0,0,"=","=","=","=","=","=","=","=","=",2,R,"MODECO",190,85,0.445,3,65,W,Y,1,5309.852,233,114,97,85,50,,145,87,13.032,44.224,-0.372,1.338,-20.604,1,0,0.578,-90.226,206.499,531.238,,,,5310.622,2,-17.678,2.048,-37.796,0,0,,,,,,,,,,,,,,,5311.273,0,,451,0,,,,,,,,,,,,,,,,,,,-0.188,-37.027,-0.048,-17.289,-17.053,-42.831,-16.567,-62.958,21.034,-49.199,10.725,-62.9,49.046,-100.914,-5.074,-118.11,-51.139,-98.488,-0.187,-36.732,,"Ainy4／あいにゃ",-0.095,-17.314,,"Floră",-16.649,-42.21,,"muyang_",-16.569,-62.949,,"aura_5599",19.952,-48.729,,"CoalCat",10.778,-62.727,,"Pring__",49.044,-100.905,,"눈꽃",-5.08,-118.096,,"-라후이-",-51.111,-98.558,,,,,,,,5311.283,-18.266,-38.643,,,,,,,,,,,,,,,,,,,,,,,,,,,,,,,,,,,,,,,,,,,,,,"",1,0,"Floră",,,,256,""
205,SIDE,9,1,8,4,0,0,2,0,1,0,255,0,255,,5313.164,,,,,,,,,,,,,,,,,,,,,,,,1,"=","=","=","=","=","=","=","=","=",,,,,,,,,,,,,,,,,,,,,,,,,,,,,,,,,,,,,,,0,0,,,,,,,,,,,,,,,,,,,,,,,,,,,,,,,,,,,,,,,,,,,,,,,,,,,,,,,,,,,,,,,,,,,,,,,,,,,,,,,,,,,,,,,,,,,,,,,,,,,,,,,,,,,,,,,,,,,,,,,,,,,,,,,,,,,,,,,,,,,,,,,,,"",0,0,"",,,,0,""
206,,9,0,8,4,0,0,0,0,0,0,255,255,255,100,5351.728,"うよすま",R,34,74,125,1.203,0.794,0.376,1.368,0.378,2.1,-36.795,39.562,0,100,0,2,"",84.049,-19.787,7.474,0,0,8,"-라후이-","muyang_","Ainy4／あいにゃ","Pring__","눈꽃","하루（Haru）","aura_5599","CoalCat","Floră",2,R,"Floră",190,85.304,0.403,5,65,W,Y,1,5352.752,121,69,78,51,18,,137,93,48.935,25.477,0.215,1.288,-19.523,-0.56,0,0.386,-82.78,11.271,426.121,5357.43,-29.972,-76.647,5357.655,8,-29.342,2.223,-75.346,0,0,,5359.658,,,,,,,,,,,,,5358.311,8,,457,0,,,,,,,,,,,,,,,,,,,0.018,-37.75,-0.013,-16.431,-20.932,-46.216,-12.314,-59.104,24.054,-52.143,11.455,-65.193,35.329,-93.997,-1.45,-116.719,-43.39,-91.629,-0.3,-37.816,,"ddil_ddil69",-0.09,-16.512,,"MODECO",-20.415,-46.045,,"Kr_Luna",-12.317,-59.104,61,"kneesohime",24.038,-52.113,,"아침땅_",11.117,-65.252,,"YukihiroD",35.329,-94.002,,"紅さかな",-1.44,-116.717,,"_Gosomi",-43.401,-91.629,78,5367.214,0.166,-41.758,,,,,,,5362.272,-12.147,-58.686,,,,,,,,,,,,,5358.327,-29.675,-75.876,,,,,,,,,,5365.594,-11.317,-58.388,,,,,,,,,,,,,5361.197,-25.092,-70.486,"",1,0,"_Gosomi",,,,276,""
207,,9,0,8,4,0,0,1,0,0,0,255,255,255,101,5381.818,"うよすま",R,0,70,122,-1.138,0.615,0.206,1.33,-0.579,1.954,-36.795,26.965,0,100,0,0,"",46.34,-13.953,3.73,0,0,0,"=","=","=","=","=","=","=","=","=",8,R,"-라후이-",175.4,86,0.498,,82,W,Y,0,,,,,,,,,,,,,,,,,,,,,,,,,,,,,0,0,,,,,,,,,,,,,,,,,,,,,,,,,,,,,,,,,,,,,,-0.007,-37.657,-0.097,-16.332,-20.182,-45.454,-12.793,-59.712,24.308,-52.112,11.663,-65.189,47.1,-107.728,-1.748,-114.437,-35.693,-91.775,,,,"",,,,"",,,,"",,,,"",,,,"",,,,"",,,,"",,,,"",,,,5386.599,-0.356,-37.771,,,,,,,,,,,,,,,,,,,,,,,,,,,,,,,,,,,,,,,,,,,,,,,,,,,,"",0,0,"",,,,0,""
208,,9,0,8,4,0,1,1,0,0,0,255,255,255,102,5399.55,"うよすま",R,33,71,123,3.149,-0.744,0.451,1.327,1.018,1.2,-36.795,56.922,0,100,0,3,"",118.965,-30.069,2.882,-0.507,-19.417,0,"=","=","=","=","=","=","=","=","=",8,R,"-라후이-",175.4,86,0.498,,82,W,Y,0,,,,,,,,,,,,,,,,,,,,,,,,,,,,,0,0,,,,,,,,,,,,,,,,,,,,,,,,,,,,,,,,,,,,,,-0.013,-37.861,-0.097,-16.312,-20.237,-45.541,-12.944,-59.627,22.513,-52.373,11.483,-65.255,46.28,-108.139,-1.545,-114.564,-35.133,-91.262,,,,"",,,,"",,,,"",,,,"",,,,"",,,,"",,,,"",,,,"",,,,5419.745,0.101,-38.22,,,,,,,,,,,,,,,,,,,,,,,,,,,,,,,,,,,,,,,,,,,,,,,,,,,,"",6,0,"",,,,0,""
209,,9,0,8,4,2,1,1,0,0,0,255,255,255,103,5423.658,"うよすま",R,32,65,105,-0.349,-0.626,0.227,1.266,-0.635,1.243,-36.795,39.641,0,100,0,2,"",232.395,-20.563,-25.565,0,0,0,"=","=","=","=","=","=","=","=","=",8,R,"-라후이-",175.4,86,0.498,5,82,W,Y,1,5424.573,63,127,89,83,54,,113,98,14.75,-4.782,-0.068,0.766,-20.775,0.09,0,0.189,340.319,362.332,-58.108,5427.613,1.606,-96.118,5428.163,7,1.587,0.3,-97.762,1,0,,5430.123,,,,,,,,,,,,,,,,,,,,,,,,,,,,,,5432.018,3,,,,,-0.083,-37.86,-0.186,-16.341,-20.272,-45.518,-12.918,-59.756,23.49,-51.296,9.219,-65.946,46.139,-108.253,-1.488,-114.518,-37.596,-89.761,-0.515,-37.747,,"ddil_ddil69",-0.29,-16.321,,"MODECO",-20.258,-45.461,,"Kr_Luna",-12.714,-59.865,61,"kneesohime",23.03,-51.429,,"아침땅_",7.944,-66.159,,"YukihiroD",46.148,-108.258,,"紅さかな",-1.494,-114.52,97,"_Gosomi",-39.091,-88.854,,5436.996,-0.154,-38.808,,,,,,,5431.534,0.141,-59.242,,,,,,,,,,5428.794,1.533,-98.735,,,,,,,,,,,,,5435.487,0.242,-57.623,,,,,,,,,,5430.136,0.799,-89.085,,,,"",2,0,"紅さかな",,,,304,""
210,,9,0,8,4,0,0,1,1,0,0,18,255,255,104,5455.275,"うよすま",R,3,54,89,-1.321,-0.699,0.435,1.283,0.189,1.251,-36.795,61.714,0,100,0,2,"",-316.66,0,-7.815,0,0,1,"=","=","=","=","=","=","=","=","=",3,R,"muyang_",171.6,80,0.498,5,65,W,Y,1,5456.478,234,161,121,92,56,,145,83,12.052,15.963,-0.28,0.701,-20.266,1,0,0.212,-578.164,101.668,-105.444,5457.521,-10.194,-53.76,5457.93,3,-11.334,0.255,-57.426,1,0,,5461.975,,,,,,,,,,,,,5460.718,0,1,166,16,,,,,,,,,,,,,,,,,,,-0.033,-37.742,-0.402,-16.824,-19.563,-43.853,-13.927,-63.38,20.571,-47.263,6.925,-63.408,36.207,-95.294,-1.78,-106.757,-34.597,-104.195,-0.511,-37.439,,"ddil_ddil69",-0.416,-16.912,,"MODECO",-19.347,-43.83,68,"Kr_Luna",-14.136,-63.328,86,"kneesohime",20.56,-47.28,,"아침땅_",6.003,-62.589,103,"YukihiroD",36.551,-95.56,,"紅さかな",-2.056,-106.362,,"_Gosomi",-36.032,-107.331,,5466.56,-0.832,-38.327,,,,5462.193,-18.911,-40.707,5458.754,-11.421,-58.017,,,,5460.138,-1.41,-58.79,,,,,,,,,,,,,,,,5465.434,-17.237,-39.9,5459.513,-8.003,-58.095,,,,5461.04,-3.302,-56.735,,,,,,,,,,"",2,0,"Kr_Luna",,,,275,""
211,,9,0,8,4,0,0,2,1,0,0,13,255,255,105,5481.307,"うよすま",R,0,51,94,0.555,-0.847,0.336,1.088,0.231,1.111,-36.795,34.563,0,100,0,0,"",0,-10.164,-4.174,0,0,2,"=","=","=","=","=","=","=","=","=",1,L,"Ainy4／あいにゃ",189.2,85,0.51,,65,W,Y,0,,,,,,,,,,,,,,,,,,,,,,,,,,,,,0,0,,,,,,,,,,,,5481.574,,,,,,,,,,,,,,,,,,,,,,,,,,0.107,-37.752,0.153,-16.414,-19.495,-46.155,-11.059,-58.16,24.654,-51.445,15.186,-63.42,45.111,-110.934,1.578,-117.273,-26.445,-114.797,,,,"",,,,"",,,,"",,,,"",,,,"",,,,"",,,,"",,,,"",,,,5485.678,-0.226,-37.523,,,,,,,,,,,,,,,,,,,,,,,,,,,,,,,,,,,,,,,,,,,,,,,,,,,,"",0,0,"",,,,0,""
212,,9,0,8,4,0,1,2,1,0,0,13,255,255,106,5495.866,"うよすま",R,6,44,81,3.3,-0.435,0.408,1.085,0.543,1.27,-36.795,36.25,0,82,18,2,"",326.717,-80.633,-7.947,0,0,2,"=","=","=","=","=","=","=","=","=",1,L,"Ainy4／あいにゃ",189.2,85,0.51,3,65,W,Y,1,5497.252,255,80,94,68,34,,145,86,26.877,-65.2,0.587,0.892,-20.876,1,0,0.512,-108.349,-156.295,-69.892,5498.796,41.7,-38.87,,,,,,0,0,,,,,,,,,,,,5507.051,,,,,,,,,,,,,,,,,,,,,,,,,,0.113,-37.699,0.163,-16.501,-19.93,-46.789,-10.328,-60.198,24.997,-50.951,15.036,-63.44,46.443,-109.448,1.453,-117.383,-27.525,-114.419,-0.442,-38.263,,"ddil_ddil69",0.244,-16.774,,"MODECO",-19.361,-46.98,,"Kr_Luna",-10.543,-60.507,,"kneesohime",27.211,-52.927,,"아침땅_",16.253,-65.649,,"YukihiroD",46.439,-109.434,,"紅さかな",1.431,-117.395,,"_Gosomi",-27.527,-114.415,,,,,,,,,,,,,,,,,,,,,,,,,,,,,,,,,,,,,,,,,,,,,,,,,,,,,,,,"",3,0,"",,,,0,""
213,,9,0,8,4,0,2,2,1,0,0,13,255,255,107,5516.703,"うよすま",R,32,64,104,2.883,-0.885,0.571,1.075,0.751,1.184,-36.795,50.014,0,100,0,4,"",236.364,63.803,-46.253,0,0,2,"=","=","=","=","=","=","=","=","=",1,L,"Ainy4／あいにゃ",189.2,85,0.51,,65,W,Y,1,,,,,,,,,,,,,,,,,,,,,,,,,,,,,0,0,,,,,,,,,,,,5516.923,,,5519.569,2,,578,0,,,,,,,,,,,,,,,,,,,0.124,-37.725,0.119,-16.603,-19.964,-44.84,-9.935,-59.058,25.749,-50.64,15.66,-63.003,49.695,-102.717,3.022,-116.812,-27.592,-114.429,,,,"",,,,"",,,,"",,,,"",,,,"",,,,"",,,,"",,,,"",,,,,,,,,,,,,,,,,,,,,,,,,,,,,,,,,,,,,,,,,,,,,,,,,,,,,,,,,,"",0,0,"",,,,0,""
214,END,10,1,8,4,0,0,0,0,0,0,255,255,255,,5526.778,,,,,,,,,,,,,,,,,,,,,,,,,,,,,,,,,,,,,,,,,,,,,,,,,,,,,,,,,,,,,,,,,,,,,,,,,,,,,,,,,,,,,,,,,,,,,,,,,,,,,,,,,,,,,,,,,,,,,,,,,,,,,,,,,,,,,,,,,,,,,,,,,,,,,,,,,,,,,,,,,,,,,,,,,,,,,,,,,,,,,,,,,,,,,,,,,,,,,,,,,,,,,,,,,,,,,,,,,,,,,,,,,,,"{""schemaVersion"":17,""gameTimeZeroUtc"":""2026-08-19T08:31:13.702Z"",""exportedAtUtc"":""2026-08-19T10:03:20.480Z"",""teamNameA"":""Red"",""teamNameB"":""Blue""}"
