id,type,inn,half,scoreA,scoreB,ball,strk,out,b1,b2,b3,b1Idx,b2Idx,b3Idx,pCnt,pSec,pName,pHand,pType,pPow,spdK,zoneX,zoneY,startX,startY,targetX,targetY,zDist,pitchAngle,pOver,pSide,pUnder,call,sH,sV,gyro,plx,plz,bIdx,order1Name,order2Name,order3Name,order4Name,order5Name,order6Name,order7Name,order8Name,order9Name,bPos,bZone,bName,bHCm,batLen,batCen,batType,bFps,bOS,bVR,bSwing,hSec,rotS,rotL,shS,lgS,prepS,batSpd,ev,ldeg,sdeg,launchPosX,launchPosY,launchPosZ,hPos,buntGrip,handDist,angVeloX,angVeloY,angVeloZ,ltSec,lx,lz,cSec,cPos,cx,cy,cz,1BSafe,tag,cpSec,bTo1Sec,bTo2Sec,bTo3Sec,bToHSec,r1To2Sec,r1To3Sec,r1ToHSec,r2To3Sec,r2ToHSec,r3ToHSec,r1LeaveSec,r2LeaveSec,r3LeaveSec,out1Sec,out1BatterIndex,out1PrevBase,out1Code,out1Ass,out2Sec,out2BatterIndex,out2PrevBase,out2Code,out2Ass,out3Sec,out3BatterIndex,out3PrevBase,out3Code,out3Ass,ball1Sec,ball1Pos,ball2Sec,ball2Pos,ball3Sec,ball3Pos,ballHSec,ballHPos,PitchPPosX,PitchPPosZ,PitchCPosX,PitchCPosZ,Pitch1BPosX,Pitch1BPosZ,Pitch2BPosX,Pitch2BPosZ,Pitch3BPosX,Pitch3BPosZ,PitchSSPosX,PitchSSPosZ,PitchLFPosX,PitchLFPosZ,PitchCFPosX,PitchCFPosZ,PitchRFPosX,PitchRFPosZ,PPosX,PPosY,PThrSpd,CName,CPosX,CPosY,CThrSpd,1BName,1BPosX,1BPosY,1BThrSpd,2BName,2BPosX,2BPosY,2BThrSpd,3BName,3BPosX,3BPosY,3BThrSpd,SSName,SSPosX,SSPosY,SSThrSpd,LFName,LFPosX,LFPosY,LFThrSpd,CFName,CFPosX,CFPosY,CFThrSpd,RFName,RFPosX,RFPosY,RFThrSpd,PGetSec,PGetX,PGetZ,CGetSec,CGetX,CGetZ,1BGetSec,1BGetX,1BGetZ,2BGetSec,2BGetX,2BGetZ,3BGetSec,3BGetX,3BGetZ,SSGetSec,SSGetX,SSGetZ,LFGetSec,LFGetX,LFGetZ,CFGetSec,CFGetX,CFGetZ,RFGetSec,RFGetX,RFGetZ,PThrSec,PThrX,PThrZ,CThrSec,CThrX,CThrZ,1BThrSec,1BThrX,1BThrZ,2BThrSec,2BThrX,2BThrZ,3BThrSec,3BThrX,3BThrZ,SSThrSec,SSThrX,SSThrZ,LFThrSec,LFThrX,LFThrZ,CFThrSec,CFThrX,CFThrZ,RFThrSec,RFThrX,RFThrZ,errPosDelta,result,balk,cPlr,sb2Sec,sb3Sec,sbhSec,ass,remarks
1,,1,1,0,0,0,0,0,0,0,0,255,255,255,0,255.229,"_Chun",L,10,90,128,3.602,0.959,-0.387,2.198,0.289,1.796,-36.724,49.639,74,21,5,2,0,400,-11.531,0,0,0,"SUGUN","coder_","Pring__","CoalCat","muyang_","Ainy4／あいにゃ","Salmon247","CAT tourniquet","",4,R,"SUGUN",190,82,0.5,5,75,W,Y,1,256.412,193,47,161,43,2,145,131,25.719,30.37,0.127,0.881,-20.14,0.33,0,0.474,-141.27,299.464,16.529,261.039,-58.525,-108.274,261.872,8,-56.701,0.478,-107.333,1,0,,261.994,266.523,,,,,,,,,,,,,,,,,,,,,,,,,,,,,,,,,,,-0.002,-37.916,0.046,-17.603,-21.777,-50.73,-11.725,-56.424,22.021,-48.67,14.003,-64.737,51.726,-93.932,0,-109.86,-40.822,-90.571,-0.268,-37.025,,"k@ster",-0.072,-17.656,,"Penguin_iDOL",-21.772,-50.691,,"Floră",-11.746,-56.471,,"xoxo_nemu",21.943,-48.609,,"ByeolBam",13.794,-64.775,91,"마렘_Marem",51.334,-94.067,,"AI",0,-109.84,,"AI",-40.8,-90.55,,270.268,0.337,-38.348,,,,,,,,,,,,,267.056,-0.799,-59.849,,,,,,,,,,,,,,,,,,,,,,,,,269.386,-0.202,-53.038,,,,,,,,,,"",2,0,"AI",266.523,,,17,""
2,,1,1,0,0,0,0,0,0,1,0,255,4,255,0,283.362,"_Chun",L,13,77,115,-0.548,-0.295,-0.633,2.107,-0.782,1.778,-36.724,57.666,57,43,0,0,366.264,340.369,-10.176,0,0,1,"=","=","=","=","=","=","=","=","",1,R,"coder_",190,80,0.302,,76,W,Y,0,,,,,,,,,,,,,,,,,,,,,,,,,,,,0,0,,,,,,,,,,,,,296.299,,,,,,,,,,,,,,,,,,,,,,,,,-0.03,-38.188,0.064,-17.744,-21.736,-48.539,-12.001,-55.373,22.431,-47.664,9.953,-60.569,45.087,-99.327,0,-109.85,-40.815,-90.564,,,,"",,,,"",,,,"",,,,"",,,,"",,,,"",,,,"",,,,"",,,,289.067,-0.075,-37.653,,,,,,,,,,,,,,,,,,,,,,,,,,,,,,,,,,,,,,,,,,,,,,,,,,,,"",0,0,"",286.151,,,0,""
3,,1,1,0,0,0,1,0,0,1,0,255,4,255,0,296.487,"_Chun",L,26,84,137,-0.903,1.198,-0.504,2.282,-0.359,2.2,-36.724,67.282,74,26,0,2,-12.91,-155.633,-2.465,0,0,1,"=","=","=","=","=","=","=","=","",1,R,"coder_",190,80,0.302,5,76,W,Y,1,297.599,140,88,149,124,34,144,131,25.994,6.813,-0.158,1.445,-19.977,0.62,0,0.553,484.843,115.198,-334.151,303.05,-16.449,-142.75,305.861,7,-20.153,0.06,-136.53,0,0,,302.764,307.409,312.642,317.846,,,,305.269,310.416,,,,,,,,,,,,,,,,,,,,,,,,,,,,-0.007,-38.087,-0.008,-17.697,-21.987,-48.449,-9.747,-51.29,22.427,-47.637,5.125,-60.625,45.57,-98.998,0,-109.85,-40.807,-90.557,-0.346,-36.685,,"k@ster",-0.12,-17.728,116,"Penguin_iDOL",-21.935,-48.497,,"Floră",-9.509,-49.716,,"xoxo_nemu",22.415,-47.639,,"ByeolBam",8.34,-60.861,,"마렘_Marem",45.865,-99.578,,"AI",0,-109.84,,"AI",-40.8,-90.55,,320.846,-1.024,-38.585,317.457,12.772,-11.333,,,,,,,,,,,,,,,,,,,,,,,,,319.813,7.467,-16.989,,,,,,,,,,,,,,,,,,,,,,"",4,0,"AI",307.409,305.269,310.416,65,""
4,,1,1,2,0,0,0,0,0,0,0,255,255,255,0,335.418,"_Chun",L,26,96,140,-0.406,0.139,-0.46,2.072,-0.173,1.503,-36.724,41.668,83,17,0,0,8.507,-200,-12.873,0,0,2,"=","=","=","=","=","=","=","=","",2,L,"Pring__",190,95.125,0.481,,78,W,Y,0,,,,,,,,,,,,,,,,,,,,,,,,,,,,0,0,,,,,,,,,,,,,,,,,,,,,,,,,,,,,,,,,,,,,,-0.021,-37.77,-0.02,-17.951,-21.615,-47.686,-8.703,-52.468,23.956,-49.086,14.284,-61.056,47.716,-101.564,0,-109.85,-40.815,-90.564,,,,"",,,,"",,,,"",,,,"",,,,"",,,,"",,,,"",,,,"",,,,,,,,,,,,,,,,,,,,,,,,,,,,,,,,,,,,,,,,,,,,,,,,,,,,,,,,,,"",0,0,"",,,,0,""
5,,1,1,2,0,0,1,0,0,0,0,255,255,255,0,347.871,"_Chun",L,14,75,102,-1.158,-0.019,-0.307,2.324,0.256,2.047,-36.724,55.182,77,23,0,2,-362.039,312.348,-16.728,0,0,2,"=","=","=","=","=","=","=","=","",2,L,"Pring__",190,95.125,0.481,3,78,W,Y,0,348.953,234,181,75,88,97,145,130,29.609,-19.894,-0.195,1.099,-20.973,0.3,0,0.668,189.757,-371.371,-407.196,353.839,48.271,-117.836,356.795,6,44.689,0.056,-107.576,1,0,,354.852,359.288,,,,,,,,,,,,,,,,,,,,,,,,,,,,,,,,,,,0.036,-37.789,-0.021,-17.876,-21.675,-47.733,-9.894,-54.422,22.832,-48.588,15.549,-63.575,55.232,-98.635,0,-109.84,-40.808,-90.557,-0.055,-37.139,,"k@ster",-0.016,-17.871,,"Penguin_iDOL",-21.678,-47.733,,"Floră",-10.73,-57.253,,"xoxo_nemu",22.851,-48.609,,"ByeolBam",15.546,-63.59,87,"마렘_Marem",55.213,-98.647,74,"AI",0,-109.84,,"AI",-40.8,-90.55,,365.583,-1.346,-40.11,,,,,,,,,,,,,361.384,12.284,-72.604,357.019,45.445,-107.979,,,,,,,,,,,,,,,,,,,,,,364.252,7.748,-62.123,358.399,41.947,-104.059,,,,,,,"",2,0,"마렘_Marem",359.288,,,145,""
6,,1,1,2,0,0,0,0,0,1,0,255,2,255,0,382.976,"_Chun",L,26,93,140,1.833,0.625,-0.257,2.14,0.772,1.729,-36.724,39.585,75,25,0,1,29.126,-200,-9.137,0,0,3,"=","=","=","=","=","=","=","=","",5,R,"CoalCat",169.5,83,0.397,,79,W,Y,0,,,,,,,,,,,,,,,,,,,,,,,,,,,,0,0,,,,,,,,,,,,,383.397,,,,,,,,,,,,,,,,,,,,,,,,,0.029,-38.122,-0.024,-17.727,-20.847,-46.938,-8.941,-49.646,23.07,-48.372,10.908,-63.641,48.929,-94.564,0,-109.87,-40.822,-90.571,,,,"",,,,"",,,,"",,,,"",,,,"",,,,"",,,,"",,,,"",,,,388.052,0.006,-37.373,,,,,,,,,,,,,,,,,,,,,,,,,,,,,,,,,,,,,,,,,,,,,,,,,,,,"",0,0,"",385.204,,,0,""
7,,1,1,2,0,1,0,0,0,1,0,255,2,255,0,395.768,"_Chun",L,0,70,109,-2.005,1.454,-0.707,2.247,-0.852,2.403,-36.724,80.154,67,33,0,2,0,0,-4.037,0,0,3,"=","=","=","=","=","=","=","=","",5,R,"CoalCat",169.5,83,0.397,5,79,W,Y,1,397.036,145,217,95,76,49,144,97,24.575,-69.17,-0.389,1.438,-21.323,0.96,0,0.5,356.945,284.297,389.571,401.706,77.4,-55.51,,,,,,0,0,,,,,,,,,,,,,413.689,,,,,,,,,,,,,,,,,,,,,,,,,0.014,-37.565,-0.054,-17.801,-21.684,-46.481,-9.536,-50.75,23.596,-48.782,10.928,-63.861,46.466,-101.037,0,-109.85,-40.807,-90.557,-0.387,-37.042,,"k@ster",-0.081,-17.813,,"Penguin_iDOL",-21.251,-46.72,,"Floră",-9.601,-50.908,,"xoxo_nemu",22.663,-48.079,,"ByeolBam",10.932,-63.883,,"마렘_Marem",47.794,-101.516,,"AI",0,-109.84,,"AI",-40.8,-90.55,,,,,,,,,,,,,,,,,,,,,,,,,,,,,,,,,,,,,,,,,,,,,,,,,,,,,,,,"",3,0,"",399.912,,,0,""
8,,1,1,2,0,1,1,0,0,1,0,255,2,255,0,415.182,"_Chun",L,26,85,138,0.304,0.088,-0.398,2.116,-0.005,1.44,-36.724,48.134,79,21,0,2,2.259,-200,-12.872,0,0,3,"=","=","=","=","=","=","=","=","",5,R,"CoalCat",169.5,83,0.397,5,79,W,Y,1,416.366,243,127,84,53,29,145,82,61.367,32.359,-0.117,0.976,-20.583,-1,0,0.48,448.18,358.968,-73.393,421.895,-25.128,-51.308,422.072,2,-24.482,2.593,-50.566,0,0,,422.349,,,,,,,,,,,436.772,,422.423,3,,451,0,,,,,,,,,,,,,,,,,,,0.083,-37.731,-0.043,-17.833,-21.739,-46.703,-9.632,-51.811,24.16,-48.034,10.753,-64.033,49.432,-100.577,0,-109.85,-40.815,-90.564,-0.519,-36.909,,"k@ster",-0.047,-17.88,,"Penguin_iDOL",-21.763,-46.545,82,"Floră",-10.188,-53.568,,"xoxo_nemu",23.558,-47.261,,"ByeolBam",10.75,-64.026,,"마렘_Marem",49.44,-100.577,,"AI",0,-109.84,,"AI",-40.8,-90.55,,426.387,-0.194,-38.303,,,,422.433,-24.854,-50.724,,,,,,,,,,,,,,,,,,,,,,,,,424.871,-23.114,-49.755,,,,,,,,,,,,,,,,,,,"",1,0,"Penguin_iDOL",418.55,,,3,""
9,,1,1,2,0,0,0,1,0,1,0,255,2,255,0,438.25,"_Chun",L,26,88,140,0.73,0.622,-0.32,2.182,0.307,1.73,-36.724,45.971,81,19,0,2,17.303,-200,-14.768,0,0,4,"=","=","=","=","=","=","=","=","",7,R,"muyang_",171,80,0.498,5,79,W,Y,1,439.27,251,181,163,73,31,145,95,60.757,-35.589,0.149,1.068,-19.957,-0.35,0,0.224,118.537,306.337,493.73,445.439,22.7,-64.416,445.695,5,22.292,2.415,-63.608,0,0,,445.062,,,,,,,,,,,462.385,,446.004,4,,454,0,,,,,,,,,,,,,,,,,,,0.079,-37.684,-0.054,-17.855,-21.288,-47.719,-9.956,-51.184,23.297,-48.23,11.283,-64.312,52.973,-97.817,0,-109.86,-40.815,-90.564,-0.324,-36.958,,"k@ster",-0.07,-17.845,,"Penguin_iDOL",-21.494,-48.033,,"Floră",-11.458,-54.823,,"xoxo_nemu",23.133,-48.091,,"ByeolBam",11.33,-64.378,93,"마렘_Marem",52.833,-97.923,,"AI",0,-109.84,,"AI",-40.8,-90.55,,449.242,0.438,-38.278,,,,,,,,,,,,,446.013,22.442,-63.995,,,,,,,,,,,,,,,,,,,,,,,,,447.679,19.447,-61.527,,,,,,,,,,"",1,0,"ByeolBam",441.507,,,17,""
10,,1,1,2,0,0,0,2,0,1,0,255,2,255,0,462.938,"_Chun",L,14,73,100,1.485,0.769,-0.132,2.425,1.124,2.603,-36.724,69.799,79,21,0,1,-258.533,400,-7.173,0,0,5,"=","=","=","=","=","=","=","=","",3,L,"Ainy4／あいにゃ",188.9,85,0.51,,80,W,Y,0,,,,,,,,,,,,,,,,,,,,,,,,,,,,0,0,,,,,,,,,,,,,476.542,,,,,,,,,,,,,,,,,,,,,,,,,0.238,-37.687,0,-17.768,-20.494,-45.994,-3.285,-60.889,23.807,-49.351,13.952,-63.621,51.644,-91.184,0,-109.86,-40.822,-90.571,,,,"",,,,"",,,,"",,,,"",,,,"",,,,"",,,,"",,,,"",,,,467.933,0.257,-37.582,,,,,,,,,,,,,,,,,,,,,,,,,,,,,,,,,,,,,,,,,,,,,,,,,,,,"",0,0,"",465.817,,,0,""
11,,1,1,2,0,1,0,2,0,1,0,255,2,255,0,477.141,"_Chun",L,10,89,128,-0.401,-0.462,-0.484,2.144,-0.285,1.735,-36.724,49.881,76,24,0,2,80.293,400,-9.757,0,0,5,"=","=","=","=","=","=","=","=","",3,L,"Ainy4／あいにゃ",188.9,85,0.51,3,80,W,Y,1,478.222,228,133,91,104,32,145,86,-21.034,10.408,-0.121,0.882,-21.565,1,0,0.509,-421.136,-190.984,90.434,477.95,-0.498,-23.638,479.906,3,-6.186,0.067,-54.793,0,0,,483.811,,,,,,,483.754,,,,,,482.533,5,,147,8,,,,,,,,,,,,,,,,,,,0.05,-37.42,-0.006,-17.631,-20.419,-46.107,-3.59,-57.691,23.874,-49.395,13.918,-63.651,51.488,-93.866,0,-109.85,-40.815,-90.564,-0.307,-36.969,,"k@ster",0.006,-17.645,,"Penguin_iDOL",-20.679,-45.738,,"Floră",-8.086,-59.016,94,"xoxo_nemu",23.64,-48.524,,"ByeolBam",14.216,-63.842,,"마렘_Marem",51.5,-93.842,,"AI",0,-109.84,,"AI",-40.8,-90.55,,,,,,,,481.929,-19.271,-40.449,480.261,-6.333,-55.34,,,,,,,,,,,,,,,,,,,,,,,,,480.949,-8.528,-53.736,,,,,,,,,,,,,,,,"",2,0,"Floră",,483.754,,10,""
12,SIDE,1,1,2,0,0,0,2,0,0,1,255,255,2,,486.227,,,,,,,,,,,,,,,,,,,,,,,6,"=","=","=","=","=","=","=","=","",,,,,,,,,,,,,,,,,,,,,,,,,,,,,,,,,,,,,,,0,0,,,,,,,,,,,,,,,,,,,,,,,,,,,,,,,,,,,,,,,,,,,,,,,,,,,,,,,,,,,,,,,,,,,,,,,,,,,,,,,,,,,,,,,,,,,,,,,,,,,,,,,,,,,,,,,,,,,,,,,,,,,,,,,,,,,,,,,,,,,,,,,,,"",0,0,"",,,,0,""
13,,1,0,2,0,0,0,0,0,0,0,255,255,255,0,646.906,"CAT tourniquet",L,26,81,131,-0.72,0.23,-0.469,1.863,-0.165,1.506,-36.739,19.294,46,54,0,0,-102.847,-200,-9.376,0,0,0,"마렘_Marem","xoxo_nemu","Floră","ByeolBam","Penguin_iDOL","k@ster","_Chun","","",6,L,"마렘_Marem",170.9,89.804,0.297,,81,W,Y,0,,,,,,,,,,,,,,,,,,,,,,,,,,,,0,0,,,,,,,,,,,,,,,,,,,,,,,,,,,,,,,,,,,,,,-0.126,-37.595,-0.026,-18.087,-19.872,-45.516,-16.41,-61.937,20.661,-49.295,10.433,-61.742,45.821,-84.495,0.252,-116.447,-40.837,-90.584,,,,"",,,,"",,,,"",,,,"",,,,"",,,,"",,,,"",,,,"",,,,,,,,,,,,,,,,,,,,,,,,,,,,,,,,,,,,,,,,,,,,,,,,,,,,,,,,,,"",0,0,"",,,,0,""
14,,1,0,2,0,0,1,0,0,0,0,255,255,255,0,664.701,"CAT tourniquet",L,26,87,140,-0.296,-0.877,-0.481,1.771,0.073,0.894,-36.739,13.284,29,71,0,0,-141.802,-200,-31.327,0,0,0,"=","=","=","=","=","=","=","","",6,L,"마렘_Marem",170.9,89.804,0.297,,81,W,Y,0,,,,,,,,,,,,,,,,,,,,,,,,,,,,0,0,,,,,,,,,,,,,,,,,,,,,,,,,,,,,,,,,,,,,,-0.172,-37.817,-0.017,-18.116,-19.961,-45.624,-16.555,-61.841,20.872,-51.076,10.983,-62.134,45.827,-84.505,-1.085,-116.442,-40.808,-90.557,,,,"",,,,"",,,,"",,,,"",,,,"",,,,"",,,,"",,,,"",,,,,,,,,,,,,,,,,,,,,,,,,,,,,,,,,,,,,,,,,,,,,,,,,,,,,,,,,,"",0,0,"",,,,0,""
15,,1,0,2,0,0,2,0,0,0,0,255,255,255,0,680.728,"CAT tourniquet",L,26,80,131,-0.927,0.797,-0.501,1.956,-0.315,1.843,-36.739,19.044,41,59,0,0,-49.037,-182.545,-10.414,0,0,0,"=","=","=","=","=","=","=","","",6,L,"마렘_Marem",170.9,89.804,0.297,,81,W,Y,1,,,,,,,,,,,,,,,,,,,,,,,,,,,,0,0,,,,,,,,,,,,,,,683.162,0,,578,0,,,,,,,,,,,,,,,,,,,-0.109,-37.746,-0.042,-18.133,-19.963,-45.61,-16.621,-61.766,20.901,-51.188,11.035,-62.141,45.819,-84.505,-1.21,-116.468,-40.815,-90.564,,,,"",,,,"",,,,"",,,,"",,,,"",,,,"",,,,"",,,,"",,,,,,,,,,,,,,,,,,,,,,,,,,,,,,,,,,,,,,,,,,,,,,,,,,,,,,,,,,"",0,0,"",,,,0,""
16,,1,0,2,0,0,0,1,0,0,0,255,255,255,0,709.84,"CAT tourniquet",L,26,85,137,-0.317,0.211,-0.434,1.865,-0.004,1.516,-36.739,18.375,44,56,0,2,-107.065,-200,-25.609,0,0,1,"=","=","=","=","=","=","=","","",4,R,"xoxo_nemu",174.3,95,0.5,5,33,W,Y,1,711.035,116,135,93,90,56,137,107,33.085,-53.709,-0.062,1.015,-20.595,0.08,0,0.349,267.586,403.791,306.602,716.25,68.438,-81.108,,,,,,0,0,,,,,,,,,,,,,,,,,,,,,,,,,,,,,,,,,,,,,,-0.08,-37.556,-0.039,-18.167,-20.297,-45.666,-16.593,-61.714,20.73,-51.113,10.362,-64.363,45.81,-84.494,-0.695,-116.536,-40.837,-90.584,-0.389,-37.289,,"coder_",-0.035,-18.307,,"Pring__",-20.224,-45.571,,"Ainy4／あいにゃ",-16.853,-61.472,,"SUGUN",20.729,-50.944,,"CoalCat",10.303,-64.203,,"Salmon247",45.737,-84.42,,"muyang_",-1.127,-116.442,,"AI",-40.8,-90.55,,,,,,,,,,,,,,,,,,,,,,,,,,,,,,,,,,,,,,,,,,,,,,,,,,,,,,,,"",3,0,"",,,,0,""
17,,1,0,2,0,0,1,1,0,0,0,255,255,255,0,735.231,"CAT tourniquet",L,26,80,130,-1.223,-2.649,-0.456,1.552,-0.135,-0.011,-36.739,27.25,48,52,0,2,-97.633,-200,-58.523,-0.115,-20.135,1,"=","=","=","=","=","=","=","","",4,R,"xoxo_nemu",174.3,95,0.5,3,33,W,Y,1,736.385,130,90,104,81,58,139,78,-30,15.548,-0.235,0.127,-20.813,1,0,0.222,-459.171,202.979,-1.735,736.028,-0.268,-20.933,738.584,3,-9.351,0.058,-55.875,0,0,,,,,,,,,,,,,,,741.139,1,,147,32,,,,,,,,,,,,,,,,,,,-0.052,-37.762,-0.032,-18.119,-21.189,-47.028,-16.331,-61.684,20.62,-50.819,10.432,-64.25,49.783,-89.26,6.154,-116.894,-40.815,-90.564,-0.581,-37.281,,"coder_",-0.077,-18.537,,"Pring__",-20.999,-46.804,95,"Ainy4／あいにゃ",-16.393,-61.537,102,"SUGUN",20.667,-50.654,,"CoalCat",10.448,-64.138,,"Salmon247",49.848,-89.106,,"muyang_",6.013,-116.436,,"AI",-40.8,-90.55,,743.595,-0.715,-38.288,,,,740.529,-18.47,-40.046,738.946,-9.856,-56.372,,,,,,,,,,,,,,,,,,,,,,742.645,-17.745,-39.517,739.782,-11.191,-52.048,,,,,,,,,,,,,,,,"",2,0,"Ainy4／あいにゃ",,,,164,""
18,,1,0,2,0,0,0,2,0,0,0,255,255,255,0,760.22,"CAT tourniquet",L,10,89,128,1.011,-0.244,-0.336,1.955,0.45,1.819,-36.739,8.042,43,57,0,0,0,400,-11.666,0,0,2,"=","=","=","=","=","=","=","","",3,R,"Floră",190,85.304,0.403,,81,W,Y,1,,,,,,,,,,,,,,,,,,,,,,,,,,,,0,0,,,,,,,,,,,,,,,,,,,,,,,,,,,,,,,,,,,,,,-0.169,-37.648,-0.029,-18.147,-21.742,-47.625,-17.03,-60.727,20.687,-51.279,10.161,-64.667,48.974,-89.447,-1.458,-113.22,-40.825,-90.573,,,,"",,,,"",,,,"",,,,"",,,,"",,,,"",,,,"",,,,"",,,,764.496,-0.606,-37.542,,,,,,,,,,,,,,,,,,,,,,,,,,,,,,,,,,,,,,,,,,,,,,,,,,,,"",0,0,"",,,,0,""
19,,1,0,2,0,0,1,2,0,0,0,255,255,255,0,777.795,"CAT tourniquet",L,28,71,123,-0.542,0.709,-0.448,1.993,-0.07,1.942,-36.739,23.236,85,15,0,0,-93.579,-95.643,-6.107,0,0,2,"=","=","=","=","=","=","=","","",3,R,"Floră",190,85.304,0.403,,81,W,Y,1,,,,,,,,,,,,,,,,,,,,,,,,,,,,0,0,,,,,,,,,,,,,,,,,,,,,,,,,,,,,,,,,,,,,,-0.085,-37.544,-0.059,-18.153,-21.772,-47.661,-17.253,-60.629,21.727,-54.177,10.216,-64.684,48.982,-89.454,-0.164,-113.217,-40.815,-90.564,,,,"",,,,"",,,,"",,,,"",,,,"",,,,"",,,,"",,,,"",,,,781.853,-0.537,-37.189,,,,,,,,,,,,,,,,,,,,,,,,,,,,,,,,,,,,,,,,,,,,,,,,,,,,"",0,0,"",,,,0,""
20,,1,0,2,0,0,2,2,0,0,0,255,255,255,0,793.608,"CAT tourniquet",L,26,71,110,-0.993,0.034,-0.518,1.816,-0.263,1.465,-36.739,15.473,33,67,0,2,-80.599,-150.834,-27.493,0,0,2,"=","=","=","=","=","=","=","","",3,R,"Floră",190,85.304,0.403,0,81,W,Y,1,794.881,140,119,119,113,108,144,119,25.536,-6.483,-0.152,1.135,-20.749,0.83,0,0.28,348.792,-142.662,1.206,,,,799.85,7,14.319,3.552,-121.004,0,0,,800.682,,,,,,,,,,,,,800.113,2,,456,0,,,,,,,,,,,,,,,,,,,-0.187,-37.51,-0.146,-18.045,-21.703,-47.591,-17.039,-60.775,21.927,-54.017,10.216,-64.671,49.842,-88.706,-1.364,-113.842,-40.815,-90.564,-0.788,-37.589,,"coder_",-0.348,-18.318,,"Pring__",-21.624,-47.489,,"Ainy4／あいにゃ",-17.094,-60.607,,"SUGUN",21.812,-54.099,,"CoalCat",10.174,-64.585,,"Salmon247",49.841,-88.705,,"muyang_",-1.316,-113.716,,"AI",-40.8,-90.55,,,,,,,,,,,,,,,,,,,,,,,800.138,14.75,-122.079,,,,,,,,,,,,,,,,,,,,,,,,,,,,,,,"",1,0,"muyang_",,,,16,""
21,SIDE,1,0,2,0,0,0,2,0,0,0,255,255,255,,803.103,,,,,,,,,,,,,,,,,,,,,,,3,"=","=","=","=","=","=","=","","",,,,,,,,,,,,,,,,,,,,,,,,,,,,,,,,,,,,,,,0,0,,,,,,,,,,,,,,,,,,,,,,,,,,,,,,,,,,,,,,,,,,,,,,,,,,,,,,,,,,,,,,,,,,,,,,,,,,,,,,,,,,,,,,,,,,,,,,,,,,,,,,,,,,,,,,,,,,,,,,,,,,,,,,,,,,,,,,,,,,,,,,,,,"",0,0,"",,,,0,""
22,,2,1,2,0,0,0,0,0,0,0,255,255,255,0,836.453,"_Chun",L,26,92,140,0.281,0.741,-0.363,2.199,0.142,1.794,-36.724,48.533,76,24,0,0,-6.445,-200,-12.887,0,0,6,"SUGUN","coder_","Pring__","CoalCat","muyang_","Ainy4／あいにゃ","Salmon247","CAT tourniquet","",6,R,"Salmon247",170,86,0.453,,82,W,Y,1,,,,,,,,,,,,,,,,,,,,,,,,,,,,0,0,,,,,,,,,,,,,,,,,,,,,,,,,,,,,,,,,,,,,,0.094,-38.127,-0.049,-17.646,-21.546,-48.708,-8.8,-51.381,20.892,-46.428,14.555,-64.219,47.122,-94.974,0,-109.87,-40.837,-90.584,,,,"",,,,"",,,,"",,,,"",,,,"",,,,"",,,,"",,,,"",,,,,,,,,,,,,,,,,,,,,,,,,,,,,,,,,,,,,,,,,,,,,,,,,,,,,,,,,,"",0,0,"",,,,0,""
23,,2,1,2,0,0,1,0,0,0,0,255,255,255,0,848.874,"_Chun",L,10,92,128,2.133,0.429,-0.386,2.165,-0.032,1.734,-36.724,50.879,83,17,0,2,0,400,-4.124,0,0,6,"=","=","=","=","=","=","=","=","",6,R,"Salmon247",170,86,0.453,3,82,W,Y,1,849.921,151,56,49,103,26,134,74,-15.03,41.214,-0.039,0.674,-20.141,1,0,0.27,-87.644,-52.063,68.373,848.872,-1.867,-22.231,851.039,2,-19.544,0.058,-42.64,0,0,,,,,,,,,,,,,,,853.722,6,,147,0,,,,,,,,,,,853.129,2,,,,,,,0.116,-38.186,0.003,-17.74,-21.627,-48.62,-9.225,-52.144,20.871,-46.412,13.569,-64.511,48.456,-94.99,0,-109.84,-40.808,-90.557,0.162,-36.876,,"k@ster",-0.009,-17.738,,"Penguin_iDOL",-21.566,-48.65,86,"Floră",-9.81,-52.74,,"xoxo_nemu",20.866,-46.406,,"ByeolBam",13.562,-64.545,,"마렘_Marem",48.462,-94.98,,"AI",0,-109.84,,"AI",-40.8,-90.55,,855.954,-0.885,-38.194,,,,852.247,-19.949,-43.087,,,,,,,,,,,,,,,,,,,,,,,,,854.91,-18.026,-39.519,,,,,,,,,,,,,,,,,,,"",2,0,"Penguin_iDOL",,,,80,""
24,,2,1,2,0,0,0,1,0,0,0,255,255,255,0,871.418,"_Chun",L,22,70,104,-1.862,0.382,-0.866,2.3,-1.12,2.134,-36.724,61.595,79,21,0,1,165.413,204.461,-5.884,0,0,7,"=","=","=","=","=","=","=","=","",0,L,"CAT tourniquet",190,85,0.451,,82,W,Y,0,,,,,,,,,,,,,,,,,,,,,,,,,,,,0,0,,,,,,,,,,,,,,,,,,,,,,,,,,,,,,,,,,,,,,-0.19,-37.9,-0.005,-17.749,-21.708,-48.965,-5.882,-61.245,24.59,-49.944,15.662,-63.426,49.483,-94.383,0,-109.86,-40.815,-90.564,,,,"",,,,"",,,,"",,,,"",,,,"",,,,"",,,,"",,,,"",,,,877.879,-0.029,-37.623,,,,,,,,,,,,,,,,,,,,,,,,,,,,,,,,,,,,,,,,,,,,,,,,,,,,"",0,0,"",,,,0,""
25,,2,1,2,0,1,0,1,0,0,0,255,255,255,0,886.842,"_Chun",L,0,69,107,-0.679,1.923,-0.586,2.423,-0.278,2.865,-36.724,75.241,72,28,0,1,0,41.53,-7.029,0,0,7,"=","=","=","=","=","=","=","=","",0,L,"CAT tourniquet",190,85,0.451,,82,W,Y,0,,,,,,,,,,,,,,,,,,,,,,,,,,,,0,0,,,,,,,,,,,,,,,,,,,,,,,,,,,,,,,,,,,,,,-0.082,-37.778,-0.058,-17.672,-21.825,-49.189,-7.342,-58.472,24.237,-49.689,15.573,-63.482,49.319,-94.918,0,-109.85,-40.807,-90.557,,,,"",,,,"",,,,"",,,,"",,,,"",,,,"",,,,"",,,,"",,,,891.812,-0.077,-36.503,,,,,,,,,,,,,,,,,,,,,,,,,,,,,,,,,,,,,,,,,,,,,,,,,,,,"",0,0,"",,,,0,""
26,,2,1,2,0,2,0,1,0,0,0,255,255,255,0,902.255,"_Chun",L,14,89,127,0.156,-0.434,-0.339,2.153,0.391,1.749,-36.724,39.922,80,20,0,0,-201.88,400,-20.988,0,0,7,"=","=","=","=","=","=","=","=","",0,L,"CAT tourniquet",190,85,0.451,,82,W,Y,0,,,,,,,,,,,,,,,,,,,,,,,,,,,,0,0,,,,,,,,,,,,,,,,,,,,,,,,,,,,,,,,,,,,,,0.021,-37.824,-0.012,-17.697,-21.823,-49.296,-7.41,-58.697,24.252,-49.735,15.003,-63.745,49.16,-95.21,0,-109.85,-40.807,-90.557,,,,"",,,,"",,,,"",,,,"",,,,"",,,,"",,,,"",,,,"",,,,908.416,-0.208,-37.507,,,,,,,,,,,,,,,,,,,,,,,,,,,,,,,,,,,,,,,,,,,,,,,,,,,,"",0,0,"",,,,0,""
27,,2,1,2,0,2,1,1,0,0,0,255,255,255,0,915.269,"_Chun",L,26,99,140,-0.671,-0.547,-0.482,1.945,-0.276,1.073,-36.724,31.447,82,18,0,0,-0.64,-200,-10.629,0,0,7,"=","=","=","=","=","=","=","=","",0,L,"CAT tourniquet",190,85,0.451,,82,W,Y,0,,,,,,,,,,,,,,,,,,,,,,,,,,,,0,0,,,,,,,,,,,,,,,,,,,,,,,,,,,,,,,,,,,,,,-0.046,-37.815,0.034,-17.782,-21.924,-49.002,-7.386,-58.736,24.05,-49.404,14.884,-63.838,49.276,-95.292,0,-109.84,-40.807,-90.557,,,,"",,,,"",,,,"",,,,"",,,,"",,,,"",,,,"",,,,"",,,,920.261,-0.054,-37.302,,,,,,,,,,,,,,,,,,,,,,,,,,,,,,,,,,,,,,,,,,,,,,,,,,,,"",0,0,"",,,,0,""
28,,2,1,2,0,2,2,1,0,0,0,255,255,255,0,927.207,"_Chun",L,14,77,103,1.471,0.311,-0.007,2.419,1.343,2.288,-36.724,53.96,84,16,0,0,-341.187,342.391,-9.914,0,0,7,"=","=","=","=","=","=","=","=","",0,L,"CAT tourniquet",190,85,0.451,,82,W,Y,0,,,,,,,,,,,,,,,,,,,,,,,,,,,,0,0,,,,,,,,,,,,,,,929.979,7,,578,0,,,,,,,,,,,,,,,,,,,0.13,-37.928,-0.057,-17.771,-21.707,-47.998,-7.445,-58.865,24.027,-49.475,15.258,-63.682,49.033,-95.405,0,-109.84,-40.807,-90.557,,,,"",,,,"",,,,"",,,,"",,,,"",,,,"",,,,"",,,,"",,,,934.805,-0.108,-37.678,,,,,,,,,,,,,,,,,,,,,,,,,,,,,,,,,,,,,,,,,,,,,,,,,,,,"",0,0,"",,,,0,""
29,,2,1,2,0,0,0,2,0,0,0,255,255,255,0,949.433,"_Chun",L,26,90,140,1.267,0.695,-0.304,2.188,0.556,1.862,-36.724,41.486,79,21,0,2,4.339,-186.566,-10.981,0,0,0,"=","=","=","=","=","=","=","=","",4,R,"SUGUN",190,82,0.5,5,82,W,Y,1,950.74,166,65,159,49,12,145,95,-6.26,-85.839,0.253,1.243,-19.861,-0.73,0,0.415,464.165,-293.597,-129.52,949.806,8.761,-20.434,,,,,,0,0,,,,,,,,,,,,,,,,,,,,,,,,,,,,,,,,,,,,,,0.014,-37.902,-0.043,-17.695,-21.579,-48.386,-9.201,-52.776,23.934,-49.658,13.002,-64.491,49.384,-96.047,0,-109.86,-40.815,-90.564,-0.309,-36.9,,"k@ster",-0.051,-17.701,,"Penguin_iDOL",-21.583,-48.213,,"Floră",-9.275,-52.997,,"xoxo_nemu",23.936,-49.648,,"ByeolBam",12.777,-64.866,,"마렘_Marem",49.344,-96.056,,"AI",0,-109.84,,"AI",-40.8,-90.55,,,,,,,,,,,,,,,,,,,,,,,,,,,,,,,,,,,,,,,,,,,,,,,,,,,,,,,,"",3,0,"",,,,0,""
30,,2,1,2,0,0,1,2,0,0,0,255,255,255,0,967.01,"_Chun",L,13,84,110,-0.102,-1.221,-0.55,2.06,-0.331,1.364,-36.724,46.478,86,14,0,2,160.041,400,0,0,0,0,"=","=","=","=","=","=","=","=","",4,R,"SUGUN",190,82,0.5,3,82,W,Y,1,968.541,255,179,142,126,59,145,87,-55.939,55.447,-0.053,0.678,-21.169,-1,0,0.547,99.386,-208.695,131.239,967.35,-0.727,-21.634,,,,,,0,0,,,,,,,,,,,,,,,,,,,,,,,,,,,,,,,,,,,,,,0.046,-37.833,-0.037,-17.687,-21.238,-49.455,-8.881,-49.989,24.434,-49.755,12.978,-64.948,55.143,-91.822,0,-109.85,-40.815,-90.564,-0.306,-37.015,,"k@ster",-0.065,-17.716,,"Penguin_iDOL",-21.322,-49.276,,"Floră",-8.83,-49.876,,"xoxo_nemu",24.247,-49.567,,"ByeolBam",12.968,-64.93,,"마렘_Marem",55.152,-91.814,,"AI",0,-109.84,,"AI",-40.8,-90.55,,,,,,,,,,,,,,,,,,,,,,,,,,,,,,,,,,,,,,,,,,,,,,,,,,,,,,,,"",3,0,"",,,,0,""
31,,2,1,2,0,0,2,2,0,0,0,255,255,255,0,985.694,"_Chun",L,10,84,125,-1.14,-0.01,-0.489,2.244,-0.482,2.025,-36.724,59.467,80,20,0,2,0,400,0,0,0,0,"=","=","=","=","=","=","=","=","",4,R,"SUGUN",190,82,0.5,5,82,W,Y,1,987.001,178,79,141,53,5,145,131,111.542,26.072,-0.204,0.962,-20.041,0.51,0,0.256,529.565,245.673,-116.092,,,,,,,,,0,0,,,,,,,,,,,,,,,,,,,,,,,,,,,,,,,,,,,,,,0.035,-37.725,-0.017,-17.77,-20.892,-46.236,-9.572,-49.138,24.311,-49.299,12.393,-64.637,52.996,-94.783,0,-109.84,-40.808,-90.557,-0.619,-36.93,,"k@ster",-0.109,-17.723,,"Penguin_iDOL",-20.664,-46.362,,"Floră",-9.926,-49.867,,"xoxo_nemu",24.27,-49.241,,"ByeolBam",12.621,-64.564,,"마렘_Marem",52.997,-94.723,,"AI",0,-109.84,,"AI",-40.8,-90.55,,,,,,,,,,,,,,,,,,,,,,,,,,,,,,,,,,,,,,,,,,,,,,,,,,,,,,,,"",3,0,"",,,,0,""
32,,2,1,2,0,0,2,2,0,0,0,255,255,255,0,1002.559,"_Chun",L,14,86,110,1.117,0.729,0.01,2.402,1.275,2.41,-36.724,52.546,85,15,0,0,-419.919,271.418,0,0,0,0,"=","=","=","=","=","=","=","=","",4,R,"SUGUN",190,82,0.5,,82,W,Y,0,,,,,,,,,,,,,,,,,,,,,,,,,,,,0,0,,,,,,,,,,,,,,,1005.609,0,,578,0,,,,,,,,,,,,,,,,,,,0.116,-37.943,-0.066,-17.741,-20.949,-46.145,-9.688,-49.499,23.007,-48.399,12.663,-64.608,54.297,-92.902,0,-109.85,-40.807,-90.557,,,,"",,,,"",,,,"",,,,"",,,,"",,,,"",,,,"",,,,"",,,,,,,,,,,,,,,,,,,,,,,,,,,,,,,,,,,,,,,,,,,,,,,,,,,,,,,,,,"",0,0,"",,,,0,""
33,SIDE,2,1,2,0,0,0,2,0,0,0,255,255,255,,1007.159,,,,,,,,,,,,,,,,,,,,,,,1,"=","=","=","=","=","=","=","=","",,,,,,,,,,,,,,,,,,,,,,,,,,,,,,,,,,,,,,,0,0,,,,,,,,,,,,,,,,,,,,,,,,,,,,,,,,,,,,,,,,,,,,,,,,,,,,,,,,,,,,,,,,,,,,,,,,,,,,,,,,,,,,,,,,,,,,,,,,,,,,,,,,,,,,,,,,,,,,,,,,,,,,,,,,,,,,,,,,,,,,,,,,,"",0,0,"",,,,0,""
34,,2,0,2,0,0,0,0,0,0,0,255,255,255,0,1047.585,"CAT tourniquet",L,26,81,132,-1.33,0.142,-0.526,1.851,-0.431,1.47,-36.739,23.174,39,61,0,0,-124.047,-200,-32.121,0,0,3,"마렘_Marem","xoxo_nemu","Floră","ByeolBam","Penguin_iDOL","k@ster","_Chun","","",5,R,"ByeolBam",175.3,90,0.5,,82,W,Y,1,,,,,,,,,,,,,,,,,,,,,,,,,,,,0,0,,,,,,,,,,,,,,,,,,,,,,,,,,,,,,,,,,,,,,-0.153,-37.735,-0.019,-18.12,-21.034,-46.391,-15.233,-60.17,21.152,-50.622,10.709,-63.411,43.971,-84.175,-4.882,-110.736,-40.837,-90.584,,,,"",,,,"",,,,"",,,,"",,,,"",,,,"",,,,"",,,,"",,,,,,,,,,,,,,,,,,,,,,,,,,,,,,,,,,,,,,,,,,,,,,,,,,,,,,,,,,"",0,0,"",,,,0,""
35,,2,0,2,0,0,1,0,0,0,0,255,255,255,0,1063.701,"CAT tourniquet",L,50,21,78,0.54,-0.221,-0.374,1.883,0.182,1.606,-36.739,18.238,39,61,0,2,23.086,50.618,6.388,0,0,3,"=","=","=","=","=","=","=","","",5,R,"ByeolBam",175.3,90,0.5,5,82,W,Y,1,1065.362,122,105,47,69,42,129,106,27.007,76.642,0.057,1.062,-21.682,0.85,0,0.26,275.892,427.959,317.387,,,,,,,,,0,0,,,,,,,,,,,,,,,,,,,,,,,,,,,,,,,,,,,,,,-0.096,-37.273,-0.021,-18.108,-20.787,-46.143,-15.41,-60.052,21.034,-51.436,10.668,-63.372,43.978,-84.15,-0.328,-117.276,-40.815,-90.564,-0.512,-37.435,,"coder_",0.002,-18.293,,"Pring__",-20.647,-45.956,,"Ainy4／あいにゃ",-15.505,-60,,"SUGUN",20.861,-51.133,,"CoalCat",10.715,-63.394,,"Salmon247",43.984,-84.151,,"muyang_",-0.449,-119.412,,"AI",-40.8,-90.55,,,,,,,,,,,,,,,,,,,,,,,,,,,,,,,,,,,,,,,,,,,,,,,,,,,,,,,,"",3,0,"",,,,0,""
36,,2,0,2,0,0,2,0,0,0,0,255,255,255,0,1081.919,"CAT tourniquet",L,13,71,111,1.74,-0.122,-0.425,1.995,0.038,1.975,-36.739,23.663,48,52,0,2,390.434,312.348,-24.037,0,0,3,"=","=","=","=","=","=","=","","",5,R,"ByeolBam",175.3,90,0.5,5,82,W,Y,1,1082.949,137,144,173,82,55,143,83,-78.453,11.421,0.284,0.964,-20.871,-1,0,0.206,-417.19,-430.104,-31.036,1081.706,0.248,-21.05,1084.706,0,-1.693,1.911,-30.615,0,0,,1088.48,,,,,,,,,,,,,1088.181,3,,147,128,,,,,,,,,,,,,,,,,,,-0.099,-37.489,-0.016,-18.086,-20.344,-45.378,-15.448,-60.155,21.016,-51.23,10.568,-63.52,46.302,-83.732,-0.987,-117.99,-40.815,-90.564,-0.388,-37.129,120,"coder_",-0.043,-18.215,,"Pring__",-20.189,-45.132,85,"Ainy4／あいにゃ",-15.451,-59.951,,"SUGUN",20.752,-51.217,,"CoalCat",10.539,-63.404,,"Salmon247",46.309,-83.74,,"muyang_",-1.032,-118.006,,"AI",-40.8,-90.55,,1085.953,-1.75,-31.101,,,,1087.543,-18.238,-39.314,,,,,,,,,,,,,,,,,,,1086.843,-5.635,-32.428,,,,1091.313,-18.199,-39.846,,,,,,,,,,,,,,,,,,,"",2,0,"CAT tourniquet",,,,132,""
37,,2,0,2,0,0,0,1,0,0,0,255,255,255,0,1146.136,"CAT tourniquet",L,35,73,124,1.888,-1.495,-0.361,1.679,0.333,0.928,-36.739,18.525,42,58,0,2,-123.343,200,55.469,0,0,4,"=","=","=","=","=","=","=","","",2,R,"Penguin_iDOL",190,80,0.249,0,71,W,Y,1,1147.283,255,107,132,76,55,145,110,33.075,42.932,0.098,0.492,-20.032,-0.11,0,0.339,266.149,423.144,-119.737,1150.984,-72.084,-83.712,1153.75,8,-75.807,0.054,-86.836,0,0,,,,,,,,,,,,,,,,,,,,,,,,,,,,,,,,,,,,,,-0.067,-37.407,-0.037,-17.995,-20.772,-46.179,-15.99,-61.455,22.706,-54.739,10.396,-63.967,48.214,-84.292,-0.196,-118.39,-40.888,-90.632,-0.634,-37.407,,"coder_",-0.097,-18.094,,"Pring__",-21.006,-45.759,,"Ainy4／あいにゃ",-16.246,-61.275,,"SUGUN",22.582,-54.59,,"CoalCat",10.336,-63.85,,"Salmon247",48.188,-84.344,,"muyang_",-0.206,-118.375,,"AI",-40.8,-90.55,,,,,,,,,,,,,,,,,,,,,,,,,,,,,,,,,,,,,,,,,,,,,,,,,,,,,,,,"",3,0,"AI",,,,0,""
38,,2,0,2,0,0,1,1,0,0,0,255,255,255,0,1168.31,"CAT tourniquet",L,32,76,127,1.145,-1.129,-0.248,1.608,0.859,0.695,-36.739,15.222,41,59,0,2,-225.187,-200,16.952,0,0,4,"=","=","=","=","=","=","=","","",2,R,"Penguin_iDOL",190,80,0.249,3,72,W,Y,1,1169.532,255,161,159,91,57,145,130,112.124,-55.541,0.211,0.592,-20.454,0.31,0,0.485,98.135,216.003,360.917,,,,,,,,,0,0,,,,,,,,,,,,,,,,,,,,,,,,,,,,,,,,,,,,,,-0.021,-37.643,-0.028,-17.997,-22.231,-47.613,-16.245,-62.787,21.429,-53.841,11.096,-64.035,47.89,-85.162,-5.742,-116.463,-40.808,-90.557,-0.379,-37.441,,"coder_",-0.036,-18.049,,"Pring__",-21.636,-47.192,,"Ainy4／あいにゃ",-16.235,-62.72,,"SUGUN",21.328,-53.665,,"CoalCat",11.052,-63.807,,"Salmon247",47.887,-85.154,,"muyang_",-5.72,-116.461,,"AI",-40.8,-90.55,,,,,,,,,,,,,,,,,,,,,,,,,,,,,,,,,,,,,,,,,,,,,,,,,,,,,,,,"",3,0,"",,,,0,""
39,,2,0,2,0,0,2,1,0,0,0,255,255,255,0,1187.228,"CAT tourniquet",L,14,77,115,-1.528,-0.149,-0.368,2.059,0.036,1.892,-36.739,31.767,91,9,0,2,-390.323,312.487,-10.215,0,0,4,"=","=","=","=","=","=","=","","",2,R,"Penguin_iDOL",190,80,0.249,3,72,W,Y,1,1188.494,255,106,95,73,44,145,112,14.61,40.071,-0.304,0.871,-19.751,0.86,0,0.276,397.06,236.138,-71.91,1190.561,-55.421,-80.194,1194.839,8,-73.453,-0.055,-95.063,1,0,,1194.235,1199.003,,,,,,,,,,,,,,,,,,,,,,,,,,,,,,,,,,,0.047,-37.641,-0.036,-18.008,-22.38,-48.106,-16.931,-62.028,21.343,-53.479,10.593,-64.07,48.756,-86.202,-5.314,-115.581,-40.815,-90.564,0.165,-37.629,,"coder_",-0.165,-18.188,,"Pring__",-22.226,-47.907,,"Ainy4／あいにゃ",-16.907,-61.988,88,"SUGUN",21.178,-53.433,,"CoalCat",10.532,-63.902,,"Salmon247",48.619,-85.962,,"muyang_",-5.319,-115.628,,"AI",-40.8,-90.55,,1205.681,-0.413,-38.397,,,,,,,1200.405,-17.907,-67.589,,,,,,,,,,,,,,,,,,,,,,,,,1204.469,-11.428,-58.087,,,,,,,,,,,,,,,,"",2,0,"AI",1199.003,,,160,""
40,,2,0,2,0,0,0,1,0,1,0,255,12,255,0,1221.743,"CAT tourniquet",L,26,80,130,1.143,-0.213,-0.295,1.794,0.641,1.252,-36.739,3.542,41,59,0,0,-106.857,-200,-23.091,0,0,5,"=","=","=","=","=","=","=","","",1,R,"k@ster",168.4,90.427,0.8,,82,W,Y,0,,,,,,,,,,,,,,,,,,,,,,,,,,,,0,0,,,,,,,,,,,,,1235.111,,,,,,,,,,,,,,,,,,,,,,,,,-0.134,-37.527,0.034,-18.094,-19.732,-45.322,-13.77,-54.613,19.653,-47.897,4.945,-61.245,48.636,-85.25,0.009,-108.392,-40.822,-90.571,,,,"",,,,"",,,,"",,,,"",,,,"",,,,"",,,,"",,,,"",,,,1225.408,-0.425,-37.381,,,,,,,,,,,,,,,,,,,,,,,,,,,,,,,,,,,,,,,,,,,,,,,,,,,,"",0,0,"",1224.173,,,0,""
41,,2,0,2,0,0,1,1,0,1,0,255,12,255,0,1235.462,"CAT tourniquet",L,26,78,129,0.616,-0.847,-0.33,1.697,0.482,0.899,-36.739,8.507,47,53,0,0,-137.191,-200,-37.906,0,0,5,"=","=","=","=","=","=","=","","",1,R,"k@ster",168.4,90.427,0.8,,82,W,Y,0,,,,,,,,,,,,,,,,,,,,,,,,,,,,0,0,,,,,,,,,,,,,1251.428,,,,,,,,,,,,,,,,,,,,,,,,,-0.138,-37.613,0.012,-18.128,-19.87,-45.433,-13.857,-55.81,19.506,-47.905,5.157,-61.295,48.641,-85.264,-0.901,-108.404,-40.815,-90.564,,,,"",,,,"",,,,"",,,,"",,,,"",,,,"",,,,"",,,,"",,,,1239.016,-0.437,-37.38,,,,,,,,,,,,,,,,,,,,,,,,,,,,,,,,,,,,,,,,,,,,,,,,,,,,"",0,0,"",1238.062,,,0,""
42,,2,0,2,0,0,2,1,0,1,0,255,12,255,0,1251.702,"CAT tourniquet",L,27,81,132,1.585,1.263,-0.243,2.039,0.885,2.148,-36.739,15.681,84,16,0,2,-125.397,-130.544,-13.904,0,0,5,"=","=","=","=","=","=","=","","",1,R,"k@ster",168.4,90.427,0.8,3,82,W,Y,1,1252.717,148,93,68,62,26,138,76,39.002,-44.646,0.335,1.279,-20.128,-1,0,0.202,125.148,-472.405,-149.814,1256.295,46.466,-57.495,,,,,,0,0,,,,,,,,,,,,,1276.358,,,,,,,,,,,,,,,,,,,,,,,,,-0.097,-37.55,0.023,-18.118,-19.901,-45.449,-15.721,-61.304,19.514,-47.931,5.899,-61.689,48.645,-85.263,-0.917,-108.294,-40.807,-90.557,-0.108,-37.414,,"coder_",0.099,-18.215,,"Pring__",-19.816,-45.337,,"Ainy4／あいにゃ",-15.76,-61.116,,"SUGUN",19.324,-47.74,,"CoalCat",6.855,-61.946,,"Salmon247",48.647,-85.266,,"muyang_",-0.925,-108.443,,"AI",-40.8,-90.55,,,,,,,,,,,,,,,,,,,,,,,,,,,,,,,,,,,,,,,,,,,,,,,,,,,,,,,,"",3,0,"",1258.676,,,0,""
43,,2,0,2,0,0,2,1,0,1,0,255,12,255,0,1276.827,"CAT tourniquet",L,26,90,140,-0.532,0.272,-0.456,1.873,-0.107,1.541,-36.739,10.567,40,60,0,2,-82.139,-200,-26.564,0,0,5,"=","=","=","=","=","=","=","","",1,R,"k@ster",168.4,90.427,0.8,3,89,W,Y,1,1277.765,103,109,63,61,26,133,90,48.794,43.061,-0.111,0.949,-19.628,-0.05,0,0.207,438.811,295.436,-110.621,1281.828,-51.127,-65.755,1283.35,8,-56.465,0.635,-69.127,0,0,,,,,,,,,,,,,1301.491,,,,,,,,,,,,,,,,,,,,,,,,,-0.195,-37.762,-0.048,-18.229,-21.053,-46.534,-16.189,-62.477,20.171,-48.487,6.795,-61.765,45.675,-83.494,-0.829,-108.971,-40.822,-90.57,-0.742,-37.395,,"coder_",-0.049,-18.345,,"Pring__",-20.991,-46.423,,"Ainy4／あいにゃ",-16.132,-62.358,,"SUGUN",19.998,-48.321,,"CoalCat",6.787,-61.656,,"Salmon247",45.681,-83.497,,"muyang_",-0.82,-108.989,,"AI",-40.8,-90.55,,,,,,,,,,,,,,,,,,,,,,,,,,,,,,,,,,,,,,,,,,,,,,,,,,,,,,,,"",3,0,"AI",1284.757,,,0,""
44,,2,0,2,0,0,2,1,0,1,0,255,12,255,0,1302.116,"CAT tourniquet",L,0,51,107,5.374,4.488,-0.069,2.375,2.404,4.099,-36.739,52.116,100,0,0,1,-30.594,0,1.826,0,0,5,"=","=","=","=","=","=","=","","",1,R,"k@ster",168.4,90.427,0.8,,89,W,Y,0,,,,,,,,,,,,,,,,,,,,,,,,,,,,0,32,,,,,,,,,,,,,1321.549,,,,,,,,,,,,,,,,,,,,,,,,,-0.059,-37.726,-0.002,-18.285,-20.85,-45.938,-16.553,-62.861,20.377,-48.396,6.727,-61.56,46.799,-84.758,-3.895,-108.008,-40.822,-90.552,,,,"",,,,"",,,,"",,,,"",,,,"",,,,"",,,,"",,,,"",,,,,,,,,,,,,,,,,,,,,,,,,,,,,,,,,,,,,,,,,,,,,,,,,,,,,,,,,,"",0,0,"",1307.562,,,0,""
45,,2,0,2,0,1,2,1,0,1,0,255,12,255,0,1321.963,"CAT tourniquet",L,10,97,128,-1.039,-0.659,-0.528,1.918,-0.442,1.706,-36.739,17.667,37,63,0,2,3.295,400,-15.393,0,0,5,"=","=","=","=","=","=","=","","",1,R,"k@ster",168.4,90.427,0.8,3,89,W,Y,1,1322.912,189,119,51,92,56,136,75,-30,-6.588,-0.205,0.791,-21.067,1,0,0.354,-212.528,267.479,-191.496,1321.617,-0.048,-22.455,1323.072,0,-0.803,0.926,-36.472,1,0,,1328.431,,,,,,,,,,,1368.305,,,,,,,,,,,,,,,,,,,1331.776,3,,,,,-0.219,-37.476,-0.026,-18.142,-19.273,-44.461,-16.535,-62.9,19.862,-47.513,5.931,-61.534,46.769,-84.729,-3.922,-107.992,-40.822,-90.57,-0.638,-37.26,92,"coder_",-0.073,-18.242,,"Pring__",-19.273,-44.466,,"Ainy4／あいにゃ",-16.478,-62.682,85,"SUGUN",19.96,-47.276,107,"CoalCat",8.006,-61.966,,"Salmon247",46.874,-84.41,,"muyang_",-3.779,-108.006,,"AI",-40.8,-90.55,,1324.338,-0.223,-37.097,,,,,,,1330.506,-2.292,-61.551,1326.971,18.455,-40.006,1330.363,1.003,-57.69,,,,,,,,,,1326.005,1.757,-38.054,,,,,,,1351.398,-3.055,-57.767,1329.661,8.747,-49.66,,,,,,,,,,,,,"",2,0,"CAT tourniquet",1330.771,,,169,""
46,,2,0,2,0,0,0,1,1,1,0,11,12,255,0,1368.52,"CAT tourniquet",L,26,98,140,-1.56,0.625,-0.56,1.954,-0.59,1.816,-36.739,20.034,77,23,0,2,-59.621,-200,-7.542,0,0,6,"=","=","=","=","=","=","=","Kr_Luna","",0,L,"_Chun",190,80,0.445,5,81,W,Y,0,1369.502,255,110,94,78,44,145,131,96.353,-42.076,-0.28,1.217,-19.756,0.53,0,0.356,480.553,-344.83,100.804,,,,,,,,,0,0,,,,,,,,,,,,1368.754,,,,,,,,,,,,,,,,,,,,,,,,,,-0.172,-37.777,-0.019,-18.304,-20.12,-41.076,-11.419,-57.777,19.963,-46.32,12.636,-62.38,48.635,-84.91,4.722,-116.858,-40.822,-90.57,-0.452,-37.216,,"coder_",-0.058,-18.432,,"Pring__",-19.042,-44.666,,"Ainy4／あいにゃ",-11.359,-57.611,,"SUGUN",19.785,-46.18,,"CoalCat",12.705,-62.202,,"Salmon247",48.589,-84.858,,"muyang_",4.726,-116.846,,"AI",-40.8,-90.55,,,,,,,,,,,,,,,,,,,,,,,,,,,,,,,,,,,,,,,,,,,,,,,,,,,,,,,,"",3,0,"",1375.019,,,0,""
47,,2,0,2,0,0,1,1,1,1,0,11,12,255,0,1390.298,"CAT tourniquet",L,26,83,135,-0.577,-0.543,-0.481,1.726,-0.223,1.077,-36.739,17.117,45,55,0,2,-9.878,-200,-36.442,0,0,6,"=","=","=","=","=","=","=","=","",0,L,"_Chun",190,80,0.445,5,88,W,Y,1,1391.32,238,161,128,73,55,145,131,25.639,-37.277,-0.103,0.802,-20.278,0.52,0,0.358,173.214,-298.288,-9.15,1395.139,77.778,-108.043,,,,,,0,0,,1397.202,1401.757,1406.917,1413.085,1396.967,1401.766,1406.778,1399.435,1404.499,,1391.787,1390.634,,,,,,,,,,,,,,,,,,,,,,,,,-0.12,-37.685,-0.041,-18.203,-19.222,-42.067,-12.406,-57.861,19.841,-46.237,13.191,-62.273,48.518,-84.848,1.772,-112.93,-40.815,-90.564,-0.589,-37.336,,"coder_",-0.08,-18.408,,"Pring__",-18.338,-44.549,,"Ainy4／あいにゃ",-12.444,-57.678,,"SUGUN",19.832,-46.115,,"CoalCat",13.216,-62.135,,"Salmon247",48.71,-85.05,,"muyang_",1.771,-112.94,,"AI",-40.8,-90.55,,,,,,,,,,,,,,,,,,,,,,,,,,,,,,,,,,,,,,,,,,,,,,,,,,,,,,,,"",4,0,"",1396.967,1399.435,1404.499,0,""
48,,2,0,2,3,0,0,1,0,0,0,255,255,255,0,1441.189,"CAT tourniquet",L,4,77,122,0.16,0.393,-0.485,1.96,-0.242,1.835,-36.739,15.261,47,53,0,2,208.268,0,-0.278,0,0,7,"=","=","=","=","=","=","=","=","TaeGeuk_",8,L,"Kr_Luna",190,95.432,0.499,3,81,W,Y,1,1442.098,193,108,172,76,39,145,87,19.669,-57.03,0.034,1.214,-20.888,1,0,0.125,-156.308,-576.432,-57.391,1442.861,37.972,-41.719,,,,,,0,0,,,,,,,,,,,,,,,,,,,,,,,,,,,,,,,,,,,,,,-0.134,-37.683,-0.081,-18.247,-21.535,-47.468,-15.14,-63.089,20.583,-48.206,12.871,-63.063,46.825,-83.336,0.382,-114.918,-40.837,-90.584,-0.534,-37.455,,"coder_",-0.078,-18.276,,"Pring__",-21.51,-47.399,,"Ainy4／あいにゃ",-15.14,-62.966,,"SUGUN",20.509,-48.614,,"CoalCat",12.844,-62.896,,"Salmon247",46.633,-83.439,,"muyang_",0.375,-114.92,,"AI",-40.8,-90.55,,,,,,,,,,,,,,,,,,,,,,,,,,,,,,,,,,,,,,,,,,,,,,,,,,,,,,,,"",3,0,"",,,,0,""
49,,2,0,2,3,0,1,1,0,0,0,255,255,255,0,1472.078,"CAT tourniquet",L,26,91,140,-0.698,-0.093,-0.454,1.815,-0.097,1.368,-36.739,9.669,42,58,0,0,-139.404,-200,-8.513,0,0,7,"=","=","=","=","=","=","=","=","=",8,L,"Kr_Luna",190,95.432,0.499,,65,W,Y,0,,,,,,,,,,,,,,,,,,,,,,,,,,,,0,0,,,,,,,,,,,,,,,,,,,,,,,,,,,,,,,,,,,,,,-0.109,-37.862,-0.02,-18.125,-21.182,-47.296,-14.382,-62.931,21.802,-50.744,12.883,-63.077,46.474,-80.742,0.707,-113.105,-40.837,-90.584,,,,"",,,,"",,,,"",,,,"",,,,"",,,,"",,,,"",,,,"",,,,,,,,,,,,,,,,,,,,,,,,,,,,,,,,,,,,,,,,,,,,,,,,,,,,,,,,,,"",0,0,"",,,,0,""
50,,2,0,2,3,0,2,1,0,0,0,255,255,255,0,1490.849,"CAT tourniquet",L,0,89,138,-0.402,-1.297,-0.468,1.651,-0.161,0.834,-36.739,13.051,42,58,0,4,0,47.86,-10.941,0,0,7,"=","=","=","=","=","=","=","=","=",8,L,"Kr_Luna",190,95.432,0.499,,65,W,Y,1,,,,,,,,,,,,,,,,,,,,,,,,,,,,0,128,,,,,,,,,,,,,,,1493.318,7,,578,0,,,,,,,,,,,,,,,,,,,-0.154,-37.534,-0.054,-18.356,-21.155,-47.293,-14.384,-62.98,21.808,-50.694,12.881,-63.072,46.718,-81.371,-0.557,-117.268,-40.822,-90.57,,,,"",,,,"",,,,"",,,,"",,,,"",,,,"",,,,"",,,,"",,,,,,,,,,,,,,,,,,,,,,,,,,,,,,,,,,,,,,,,,,,,,,,,,,,,,,,,,,"",0,0,"",,,,0,""
51,,2,0,2,3,0,0,2,0,0,0,255,255,255,0,1601.691,"CAT tourniquet",L,26,85,137,3.369,-2.094,-0.153,1.585,1.522,0.244,-36.739,21.957,33,67,0,4,-166.136,-200,-45.782,0.172,-20.824,8,"=","=","=","=","=","=","=","=","=",7,R,"TaeGeuk_",176.6,90.533,0.624,,70,W,Y,1,,,,,,,,,,,,,,,,,,,,,,,,,,,,0,0,,,,,,,,,,,,,,,,,,,,,,,,,,,,,,,,,,,,,,-0.03,-37.652,-0.044,-18.33,-18.43,-43.582,-15.473,-62.716,21.926,-50.721,9.415,-65.344,43.4,-81.131,-5.602,-117.336,-40.903,-90.645,,,,"",,,,"",,,,"",,,,"",,,,"",,,,"",,,,"",,,,"",,,,,,,,,,,,,,,,,,,,,,,,,,,,,,,,,,,,,,,,,,,,,,,,,,,,,,,,,,"",0,0,"",,,,0,""
52,,2,0,2,3,0,1,2,0,0,0,255,255,255,0,1621.585,"CAT tourniquet",L,26,78,128,-3.767,0.366,-0.778,1.933,-1.559,1.594,-36.739,43.796,55,45,0,4,-37.761,-200,1.658,0,0,8,"=","=","=","=","=","=","=","=","=",7,R,"TaeGeuk_",176.6,90.533,0.624,,70,W,Y,1,,,,,,,,,,,,,,,,,,,,,,,,,,,,0,0,,,,,,,,,,,,,,,,,,,,,,,,,,,,,,,,,,,,,,-0.163,-37.61,-0.017,-18.552,-20.141,-45.132,-15.672,-62.573,21.715,-50.235,9.621,-65.194,43.416,-81.211,-6.013,-117.149,-40.822,-90.571,,,,"",,,,"",,,,"",,,,"",,,,"",,,,"",,,,"",,,,"",,,,,,,,,,,,,,,,,,,,,,,,,,,,,,,,,,,,,,,,,,,,,,,,,,,,,,,,,,"",0,0,"",,,,0,""
53,,2,0,2,3,0,2,2,0,0,0,255,255,255,0,1641.546,"CAT tourniquet",L,14,71,111,-0.571,-0.623,-0.329,1.91,0.486,1.675,-36.739,25.03,98,2,0,2,-390.434,312.348,-18.975,0,0,8,"=","=","=","=","=","=","=","=","=",7,R,"TaeGeuk_",176.6,90.533,0.624,3,70,W,Y,1,1642.43,222,84,82,112,69,145,107,29.752,30.225,-0.098,0.799,-20.829,0.89,0,0.179,388.723,250.436,334.978,1645.917,-52.315,-96.074,1646.061,8,-50.778,1.915,-94,0,0,,1647.846,,,,,,,,,,,,,1647.428,8,,456,0,,,,,,,,,,,,,,,,,,,0.078,-37.648,-0.018,-18.505,-20.137,-45.13,-15.673,-62.59,21.702,-50.282,9.658,-65.227,44.002,-81.228,-5.744,-117.795,-40.822,-90.57,-0.486,-37.279,,"coder_",-0.013,-18.614,,"Pring__",-20.04,-45.005,,"Ainy4／あいにゃ",-15.682,-62.428,,"SUGUN",21.602,-50.142,,"CoalCat",9.701,-65.103,,"Salmon247",44.005,-81.222,,"muyang_",-5.733,-117.792,,"AI",-40.8,-90.55,,,,,,,,,,,,,,,,,,,,,,,,,,,,,,,,,,,,,,,,,,,,,,,,,,,,,,,,"",1,0,"AI",,,,0,""
54,SIDE,2,0,2,3,0,0,2,0,0,0,255,255,255,,1650.149,,,,,,,,,,,,,,,,,,,,,,,0,"=","=","=","=","=","=","=","=","=",,,,,,,,,,,,,,,,,,,,,,,,,,,,,,,,,,,,,,,0,0,,,,,,,,,,,,,,,,,,,,,,,,,,,,,,,,,,,,,,,,,,,,,,,,,,,,,,,,,,,,,,,,,,,,,,,,,,,,,,,,,,,,,,,,,,,1678.632,-0.257,-37.916,,,,,,,,,,,,,,,,,,,,,,,,,,,,,,,,,,,,,,,,,,,,,,,,,,,,"",0,0,"",,,,64,""
55,,3,1,2,3,0,0,0,0,0,0,255,255,255,0,1681.95,"_Chun",L,26,90,140,-0.655,0.437,-0.428,2.163,-0.244,1.688,-36.724,49.547,77,23,0,0,-19.813,-200,0,0,0,1,"SUGUN","coder_","Pring__","CoalCat","muyang_","Ainy4／あいにゃ","Salmon247","CAT tourniquet","",1,R,"coder_",190,80,0.302,,82,W,Y,0,,,,,,,,,,,,,,,,,,,,,,,,,,,,0,0,,,,,,,,,,,,,,,,,,,,,,,,,,,,,,,,,,,,,,0.042,-38.044,0.081,-17.571,-20.964,-49.518,-9.38,-48.742,23.013,-49.18,13.052,-64.54,38.756,-85.946,-3.26,-118.609,-36.903,-86.497,,,,"",,,,"",,,,"",,,,"",,,,"",,,,"",,,,"",,,,"",,,,1686.275,0.154,-37.425,,,,,,,,,,,,,,,,,,,,,,,,,,,,,,,,,,,,,,,,,,,,,,,,,,,,"",0,0,"",,,,0,""
56,,3,1,2,3,0,1,0,0,0,0,255,255,255,0,1694.653,"_Chun",L,26,91,140,1.009,1.214,-0.307,2.302,0.408,2.174,-36.724,51.679,81,17,2,1,29.712,-200,0,0,0,1,"=","=","=","=","=","=","=","=","",1,R,"coder_",190,80,0.302,,82,W,Y,0,,,,,,,,,,,,,,,,,,,,,,,,,,,,0,0,,,,,,,,,,,,,,,,,,,,,,,,,,,,,,,,,,,,,,0.042,-37.999,-0.01,-17.581,-21.595,-49.119,-9.763,-49.465,22.155,-48.232,13.406,-64.55,43.78,-91.541,-3.225,-118.589,-36.905,-86.497,,,,"",,,,"",,,,"",,,,"",,,,"",,,,"",,,,"",,,,"",,,,1699.863,-0.133,-37.566,,,,,,,,,,,,,,,,,,,,,,,,,,,,,,,,,,,,,,,,,,,,,,,,,,,,"",0,0,"",,,,0,""
57,,3,1,2,3,1,1,0,0,0,0,255,255,255,0,1707.398,"_Chun",L,10,78,106,-0.784,-0.292,-0.563,2.291,-0.326,1.971,-36.724,59.799,76,24,0,2,0,398.891,0,0,0,1,"=","=","=","=","=","=","=","=","",1,R,"coder_",190,80,0.302,3,82,W,Y,1,1708.529,255,144,134,142,65,145,117,-30,22.379,-0.169,1.064,-21.372,0.85,0,0.644,4.799,-65.313,-89.372,1707.261,-0.879,-23.098,1708.517,3,-9.76,2.269,-44.675,0,0,,,,,,,,,,,,,,,1712.803,1,,147,4,,,,,,,,,,,,,,,,,,,0.012,-37.908,0.004,-17.668,-21.053,-49.541,-11.189,-51.987,22.475,-48.619,13.905,-64.647,43.854,-91.536,-3.256,-118.6,-43.891,-89.618,-0.28,-37.091,,"k@ster",-0.02,-17.645,,"Penguin_iDOL",-21.205,-49.497,85,"Floră",-10.005,-48.876,78,"xoxo_nemu",22.469,-48.593,,"ByeolBam",14.172,-64.474,,"마렘_Marem",43.767,-91.608,,"TaeGeuk_",-3.253,-118.608,,"Kr_Luna",-43.898,-89.625,,1715.896,-0.119,-37.682,,,,1712.177,-18.817,-40.035,1709.89,-10.214,-45.694,,,,,,,,,,,,,,,,,,,,,,1714.839,-17.422,-39.98,1711.457,-11.718,-44.756,,,,,,,,,,,,,,,,"",2,0,"Floră",,,,84,""
58,,3,1,2,3,0,0,1,0,0,0,255,255,255,0,1727.724,"_Chun",L,13,81,118,-1.888,0.529,-0.727,2.219,-1.42,2.34,-36.724,74.887,64,36,0,1,361.264,345.671,0,0,0,2,"=","=","=","=","=","=","=","=","",2,L,"Pring__",190,95.125,0.481,,82,W,Y,0,,,,,,,,,,,,,,,,,,,,,,,,,,,,0,0,,,,,,,,,,,,,,,,,,,,,,,,,,,,,,,,,,,,,,0.027,-38.145,-0.011,-17.615,-20.54,-46.627,-6.647,-56.039,24.895,-50.635,15.079,-63.821,43.1,-95.21,-4.404,-118.24,-44.629,-90.077,,,,"",,,,"",,,,"",,,,"",,,,"",,,,"",,,,"",,,,"",,,,1732.839,-0.217,-37.63,,,,,,,,,,,,,,,,,,,,,,,,,,,,,,,,,,,,,,,,,,,,,,,,,,,,"",0,0,"",,,,0,""
59,,3,1,2,3,1,0,1,0,0,0,255,255,255,0,1741.5,"_Chun",L,26,96,140,0.258,0.211,-0.413,2.091,0.049,1.548,-36.724,34.847,80,20,0,2,55.329,-200,0,0,0,2,"=","=","=","=","=","=","=","=","",2,L,"Pring__",190,95.125,0.481,3,82,W,Y,0,1742.545,189,77,105,83,44,145,113,-11.908,-47.072,0.13,1.047,-19.827,0.91,0,0.422,329.806,-340.118,335.27,1741.328,4.896,-24.222,,,,,,0,0,,,,,,,,,,,,,,,,,,,,,,,,,,,,,,,,,,,,,,-0.015,-38.062,-0.016,-17.645,-20.533,-46.865,-7.05,-54.652,20.716,-50.096,15.261,-63.275,49.198,-99.816,-3.544,-121.959,-40.333,-88.125,-0.056,-36.976,,"k@ster",-0.018,-17.645,,"Penguin_iDOL",-20.706,-46.82,,"Floră",-7.264,-55.699,,"xoxo_nemu",20.72,-50.105,,"ByeolBam",14.484,-63.998,,"마렘_Marem",49.21,-99.801,,"TaeGeuk_",-3.519,-121.958,,"Kr_Luna",-40.361,-88.105,,,,,,,,,,,,,,,,,,,,,,,,,,,,,,,,,,,,,,,,,,,,,,,,,,,,,,,,"",3,0,"",,,,0,""
60,,3,1,2,3,1,1,1,0,0,0,255,255,255,0,1756.74,"_Chun",L,13,81,119,0.99,-0.607,-0.508,2.158,-0.163,1.625,-36.724,52.852,81,19,0,2,357.558,349.503,0,0,0,2,"=","=","=","=","=","=","=","=","",2,L,"Pring__",190,95.125,0.481,3,82,W,Y,0,1757.696,213,120,103,100,61,145,87,-1.868,-53.93,0.207,0.824,-20.714,1,0,0.675,-34.586,-579.152,-72.893,1756.761,9.533,-27.233,,,,,,0,0,,,,,,,,,,,,,,,,,,,,,,,,,,,,,,,,,,,,,,0.05,-37.664,-0.01,-17.62,-21.167,-46.309,-6.44,-53.406,22.029,-46.89,15.464,-63.087,56.33,-96.35,-0.288,-123.034,-41.559,-87.094,-0.105,-36.959,,"k@ster",-0.001,-17.642,,"Penguin_iDOL",-21.172,-46.272,,"Floră",-7.321,-52.45,,"xoxo_nemu",22.032,-46.897,,"ByeolBam",15.464,-63.104,,"마렘_Marem",56.33,-96.347,,"TaeGeuk_",-0.286,-123.087,,"Kr_Luna",-41.568,-87.091,,,,,,,,,,,,,,,,,,,,,,,,,,,,,,,,,,,,,,,,,,,,,,,,,,,,,,,,"",3,0,"",,,,0,""
61,,3,1,2,3,1,2,1,0,0,0,255,255,255,0,1771.235,"_Chun",L,22,73,105,1.692,0.212,-0.378,2.265,0.34,1.966,-36.724,62.101,74,26,0,2,203.768,163.542,0,0,0,2,"=","=","=","=","=","=","=","=","",2,L,"Pring__",190,95.125,0.481,3,82,W,Y,0,1772.265,226,82,93,72,82,145,87,111.022,61.063,0.265,1.204,-21.215,1,0,0.707,376.03,-231.117,-366.639,,,,,,,,,0,0,,,,,,,,,,,,,,,,,,,,,,,,,,,,,,,,,,,,,,0.161,-37.675,0.005,-17.641,-20.99,-47.393,-7.778,-53.172,21.379,-46.739,15.144,-63.095,58.542,-93.606,3.765,-121.871,-39.361,-86.91,-0.167,-37.037,,"k@ster",-0.011,-17.635,,"Penguin_iDOL",-21.012,-47.376,,"Floră",-7.63,-51.91,,"xoxo_nemu",21.393,-46.746,,"ByeolBam",15.145,-63.106,,"마렘_Marem",58.548,-93.609,,"TaeGeuk_",3.775,-121.869,,"Kr_Luna",-39.333,-86.954,,,,,,,,,,,,,,,,,,,,,,,,,,,,,,,,,,,,,,,,,,,,,,,,,,,,,,,,"",3,0,"",,,,0,""
62,,3,1,2,3,1,2,1,0,0,0,255,255,255,0,1784.771,"_Chun",L,26,92,140,-1.444,-0.001,-0.532,2.107,-0.583,1.435,-36.724,46.596,79,21,0,2,-21.401,-174.577,0,0,0,2,"=","=","=","=","=","=","=","=","",2,L,"Pring__",190,95.125,0.481,3,82,W,Y,0,1785.663,255,91,110,123,55,145,87,20.841,-4.334,-0.249,1.13,-20.805,-1,0,0.537,502.598,-289.819,-20.025,1788.839,9.596,-93.954,1790.117,7,11.385,0.576,-100.404,1,0,,1791.669,,,,,,,,,,,,,,,,,,,,,,,,,,,,,,,,,,,,-0.039,-38.024,0.003,-17.647,-20.406,-47.823,-7.507,-52.26,21.46,-46.644,15.045,-63.008,58.996,-93.34,6.137,-123.013,-40.262,-87.246,0.094,-37.044,,"k@ster",-0.001,-17.649,,"Penguin_iDOL",-20.521,-47.636,85,"Floră",-7.42,-52.182,,"xoxo_nemu",21.468,-46.651,,"ByeolBam",15.181,-63.299,,"마렘_Marem",58.999,-93.351,,"TaeGeuk_",6.166,-123.078,97,"Kr_Luna",-40.268,-87.236,,1798.551,-0.109,-37.868,,,,1795.411,-17.211,-42.666,,,,,,,,,,,,,1791.446,11.218,-101.074,,,,,,,,,,1797.523,-16.393,-42.718,,,,,,,,,,,,,1792.495,9.066,-93.614,,,,"",2,0,"TaeGeuk_",,,,336,""
63,,3,1,2,3,0,0,1,1,0,0,2,255,255,0,1811.827,"_Chun",L,26,84,136,-0.223,1.627,-0.436,2.303,-0.082,2.281,-36.724,56.069,70,30,0,4,-1.203,-200,0,0,0,3,"=","=","=","=","=","=","=","=","",5,R,"CoalCat",169.5,83,0.397,,82,W,Y,1,,,,,,,,,,,,,,,,,,,,,,,,,,,,0,0,,,,,,,,,,,,,,,,,,,,,,,,,,,,,,,,,,,,,,0.106,-37.895,-0.048,-17.683,-19.607,-46.224,-9.137,-50.64,24.041,-48.929,12.638,-64.615,51.081,-92.793,4.737,-109.756,-35.259,-84.172,,,,"",,,,"",,,,"",,,,"",,,,"",,,,"",,,,"",,,,"",,,,1829.242,1.112,-35.174,,,,,,,,,,,,,,,,,,,,,,,,,,,,,,,,,,,,,,,,,,,,,,,,,,,,"",0,1,"",,,,0,""
64,,3,1,2,3,0,0,1,1,0,0,2,255,255,0,1841.052,"_Chun",L,26,92,140,1.353,0.756,-0.295,2.165,0.595,1.803,-36.724,37.648,71,29,0,2,3.233,-200,0,0,0,3,"=","=","=","=","=","=","=","=","",5,R,"CoalCat",169.5,83,0.397,0,82,W,Y,1,1842.017,127,59,42,66,22,120,74,29.101,43.374,0.262,1.113,-20.082,-0.77,0,0.406,121.618,-196.177,-312.785,1844.495,-36.738,-62.361,1845.75,8,-40.21,0.4,-68.138,1,0,,1847.494,,,,,1848.595,,,,,,,,,,,,,,,,,,,,,,,,,,,,,,,0.011,-37.638,-0.035,-17.624,-19.482,-46.903,-9.408,-48.74,23.878,-48.912,11.336,-64.184,49.991,-93.258,2.576,-108.358,-45.466,-88.033,-0.051,-37.293,,"k@ster",-0.027,-17.628,,"Penguin_iDOL",-19.751,-46.609,85,"Floră",-9.612,-48.822,,"xoxo_nemu",23.886,-48.859,,"ByeolBam",9.757,-62.237,,"마렘_Marem",49.983,-93.243,,"TaeGeuk_",2.593,-108.378,,"Kr_Luna",-45.555,-87.945,110,1853.163,-0.18,-38.372,,,,1849.194,-19.105,-39.591,,,,,,,,,,,,,,,,1847.054,-40.79,-69.293,,,,,,,1852.1,-17.638,-40,,,,,,,,,,,,,,,,1847.652,-38.978,-66.353,"",2,0,"Kr_Luna",,1848.595,,208,""
65,,3,1,2,3,0,0,1,1,0,1,2,255,255,0,1878.886,"_Chun",L,26,92,140,-0.068,0.61,-0.437,2.152,-0.066,1.754,-36.724,43.49,75,25,0,2,10.687,-200,0,0,0,4,"=","=","=","=","=","=","=","=","",7,R,"muyang_",171,80,0.498,3,82,W,Y,1,1879.823,205,234,106,86,20,145,80,46.336,38.773,-0.035,1.09,-19.753,-1,0,0.203,476.579,340.449,130.259,1883.439,-41.903,-61.729,1884.295,8,-44.678,0.962,-64.3,0,0,,1885.007,,,1891.466,,1892.187,1885.993,,,,,,,,,,,,,,,,,,,,,,,,,,,,,,0.007,-37.735,-0.059,-17.766,-18.092,-43.595,-8.627,-49.978,19.4,-40.282,9.757,-58.007,53.592,-93.788,2.759,-105.389,-45.785,-85.698,-0.671,-37.077,,"k@ster",-0.056,-17.775,101,"Penguin_iDOL",-19.169,-46.201,,"Floră",-8.687,-50.187,,"xoxo_nemu",19.432,-40.302,,"ByeolBam",7.437,-55.585,,"마렘_Marem",53.502,-94.212,,"TaeGeuk_",2.764,-105.385,,"Kr_Luna",-45.633,-85.805,99,1891.92,0.034,-37.484,1889.236,0.714,-20.726,,,,,,,,,,,,,,,,,,,1885.637,-44.761,-64.631,,,,1891.102,0.137,-22.117,,,,,,,,,,,,,,,,,,,1886.347,-41.5,-60.696,"",3,0,"Kr_Luna",,1892.187,1885.993,224,""
66,,3,1,2,3,0,1,1,1,0,1,2,255,255,0,1910.326,"_Chun",L,26,88,140,-0.738,0.436,-0.452,2.146,-0.278,1.626,-36.724,55.032,82,18,0,0,-21.077,-200,0,0,0,4,"=","=","=","=","=","=","=","=","",7,R,"muyang_",171,80,0.498,,32,W,Y,0,,,,,,,,,,,,,,,,,,,,,,,,,,,,0,0,,,,,,,1913.1,,,,,,,,,,,,,,,,,,,,,,,,,,,,,,,0.094,-37.828,-0.012,-17.809,-19.917,-45.659,-9.085,-48.834,19.427,-40.178,8.274,-60.154,53.428,-90.903,3.19,-112.961,-38.894,-85.774,,,,"",,,,"",,,,"",,,,"",,,,"",,,,"",,,,"",,,,"",,,,,,,,,,,,,,,,,,,,,,,,,,,,,,,,,,,,,,,,,,,,,,,,,,,,,,,,,,"",0,0,"",,1913.1,,0,""
67,,3,1,2,3,0,2,1,1,0,1,2,255,255,0,1927.268,"_Chun",L,10,76,107,-1.494,-0.302,-0.652,2.187,-0.738,1.869,-36.724,66.707,76,24,0,2,54.223,293.912,0,0,0,4,"=","=","=","=","=","=","=","=","",7,R,"muyang_",171,80,0.498,5,32,W,Y,1,1928.248,119,255,82,107,25,137,79,-30,60.089,-0.325,0.898,-20.846,1,0,0.298,-56.515,275.67,351.601,1926.973,-1.561,-21.555,,,,,,0,0,,,,,,,1932.23,,,,,,,,,,,,,,,,,,,,,,,,,,,,,,,0.019,-37.828,-0.013,-17.835,-19.943,-42.554,-9.63,-48.897,19.396,-40.185,8.665,-61.48,53.416,-90.906,-0.293,-118.413,-38.652,-85.866,-0.055,-37.372,,"k@ster",-0.031,-17.841,,"Penguin_iDOL",-20.189,-46.37,,"Floră",-9.757,-49.054,,"xoxo_nemu",19.387,-40.172,,"ByeolBam",8.664,-61.461,,"마렘_Marem",53.454,-90.876,,"TaeGeuk_",-0.316,-120.652,,"Kr_Luna",-38.653,-85.868,,,,,,,,,,,,,,,,,,,,,,,,,,,,,,,,,,,,,,,,,,,,,,,,,,,,,,,,"",3,0,"",,1932.23,,0,""
68,,3,1,2,3,0,2,1,1,0,1,2,255,255,0,1950.944,"_Chun",L,26,96,140,2.163,1.377,-0.237,2.16,0.865,2.163,-36.724,37.019,76,24,0,4,62.197,-200,0,0,0,4,"=","=","=","=","=","=","=","=","",7,R,"muyang_",171,80,0.498,,32,W,Y,1,,,,,,,,,,,,,,,,,,,,,,,,,,,,0,0,,,,,,,1953.605,,,,,,,,1953.387,4,,578,0,,,,,,,,,,,,,,,,,,,0.069,-37.815,-0.008,-17.769,-20.973,-46.886,-10.337,-48.091,19.387,-40.188,9.798,-63.65,52.476,-90.822,-1.8,-118.563,-41.412,-82.236,,,,"",,,,"",,,,"",,,,"",,,,"",,,,"",,,,"",,,,"",,,,,,,,,,,,,,,,,,,,,,,,,,,,,,,,,,,,,,,,,,,,,,,,,,,,,,,,,,"",0,0,"",,1953.605,,0,""
69,,3,1,2,3,0,0,2,1,0,1,2,255,255,0,1973.433,"_Chun",L,10,82,109,-0.96,-0.349,-0.66,2.245,-0.615,1.919,-36.724,61.696,78,22,0,2,113.309,400,0,0,0,5,"=","=","=","=","=","=","=","=","",3,L,"Ainy4／あいにゃ",189,85,0.51,3,82,W,Y,1,1974.544,255,117,105,103,58,145,86,-30,-57.905,-0.227,1.081,-21.692,1,0,0.628,-57.01,-50.749,16.6,1973.273,2.478,-23.385,,,,,,0,0,,,,,,,1976.537,,,,,,,,,,,,,,,,,,,,,,,,,,,,,,,-0.038,-37.677,-0.005,-17.807,-20.885,-47.662,-5.997,-56.31,20.635,-45.916,14.368,-64.082,57.201,-88.378,0.513,-113.898,-41.164,-82.354,-0.398,-37.151,,"k@ster",-0.032,-17.814,,"Penguin_iDOL",-20.86,-47.587,,"Floră",-6.028,-56.457,,"xoxo_nemu",20.63,-45.919,,"ByeolBam",14.245,-64.744,,"마렘_Marem",57.382,-87.412,,"TaeGeuk_",-0.352,-111.794,,"Kr_Luna",-41.174,-82.329,,,,,,,,,,,,,,,,,,,,,,,,,,,,,,,,,,,,,,,,,,,,,,,,,,,,,,,,"",3,0,"",,1976.537,,0,""
70,,3,1,2,3,0,1,2,1,0,1,2,255,255,0,1996.282,"_Chun",L,13,80,118,2.353,0.509,-0.44,2.244,0.258,2.198,-36.724,62.727,76,24,0,2,391.919,257.777,0,0,0,5,"=","=","=","=","=","=","=","=","",3,L,"Ainy4／あいにゃ",189,85,0.51,3,82,W,Y,1,1997.356,220,75,84,43,15,142,85,23.394,-54.047,0.443,1.227,-20.544,1,0,0.524,-49.175,-410.895,-428.553,1998.273,37.985,-44.568,,,,,,0,0,,,,,,,1999.17,,,,,,,,,,,,,,,,,,,,,,,,,,,,,,,0.077,-37.832,0.006,-17.784,-21.244,-47.612,-6.136,-57.006,20.697,-45.772,15.086,-63.737,52.455,-89.334,-1.079,-116.242,34.648,-108.601,-0.194,-36.949,,"k@ster",0.018,-17.799,,"Penguin_iDOL",-20.827,-47.745,,"Floră",-5.771,-61.032,,"xoxo_nemu",20.475,-44.629,,"ByeolBam",14.603,-63.866,,"마렘_Marem",52.445,-89.342,,"TaeGeuk_",5.082,-111.146,,"Kr_Luna",34.612,-108.609,,,,,,,,,,,,,,,,,,,,,,,,,,,,,,,,,,,,,,,,,,,,,,,,,,,,,,,,"",3,0,"",,1999.17,,0,""
71,,3,1,2,3,0,2,2,1,0,1,2,255,255,0,2020.407,"_Chun",L,10,72,114,0.662,-0.629,-0.38,2.253,0.363,1.965,-36.724,52.547,75,25,0,2,51.125,400,0,0,0,5,"=","=","=","=","=","=","=","=","",3,L,"Ainy4／あいにゃ",189,85,0.51,3,82,W,Y,1,2021.521,247,62,54,70,22,137,129,96.416,73.576,0.19,1.004,-20.707,0.52,0,0.537,56.523,92.256,81.47,2028.528,59.865,-3.343,,,,,,0,0,,,,,,,2025.886,,,,,,,,,,,,,,,,,,,,,,,,,,,,,,,0.062,-37.743,0.015,-17.799,-20.898,-49.04,-4.407,-55.117,21.623,-46.608,13.902,-64.057,50.911,-88.453,-14.857,-107.58,27.039,-100.308,-0.524,-37.058,,"k@ster",0.019,-17.86,,"Penguin_iDOL",-20.879,-48.935,,"Floră",-4.482,-56.133,,"xoxo_nemu",20.568,-43.181,,"ByeolBam",13.781,-63.979,,"마렘_Marem",50.898,-88.468,,"TaeGeuk_",-14.858,-107.573,,"Kr_Luna",27.027,-100.322,,,,,,,,,,,,,,,,,,,,,,,,,,,,,,,,,,,,,,,,,,,,,,,,,,,,,,,,"",3,0,"",,2025.886,,0,""
72,,3,1,2,3,0,2,2,1,0,1,2,255,255,0,2045.158,"_Chun",L,26,86,139,0.802,1.762,-0.343,2.298,0.324,2.515,-36.724,54.835,74,26,0,1,26.358,-200,0,0,0,5,"=","=","=","=","=","=","=","=","",3,L,"Ainy4／あいにゃ",189,85,0.51,,82,W,Y,0,,,,,,,,,,,,,,,,,,,,,,,,,,,,0,0,,,,,,,2047.565,,,,,,,,,,,,,,,,,,,,,,,,,,,,,,,0.091,-37.792,-0.041,-17.742,-21.023,-49.168,-5.612,-65.679,21.261,-46.481,13.81,-64.065,51.571,-87.543,-15.424,-111.705,27.184,-100.153,,,,"",,,,"",,,,"",,,,"",,,,"",,,,"",,,,"",,,,"",,,,,,,,,,,,,,,,,,,,,,,,,,,,,,,,,,,,,,,,,,,,,,,,,,,,,,,,,,"",0,0,"",,2047.565,,0,""
73,,3,1,2,3,1,2,2,1,0,1,2,255,255,0,2060.183,"_Chun",L,13,72,100,2.253,0.185,-0.388,2.362,0.321,2.271,-36.724,74.074,75,25,0,2,313.375,362.179,0,0,0,5,"=","=","=","=","=","=","=","=","",3,L,"Ainy4／あいにゃ",189,85,0.51,3,82,W,Y,1,2061.355,255,82,72,63,21,143,85,11.285,-48.866,0.401,1.119,-20.628,1,0,0.589,185.684,-37.629,-301.894,2061.517,25.729,-42.541,2061.661,4,20.89,1.191,-38.367,0,0,,,,,,,2064.06,,,,,,,,2063.037,5,,453,0,,,,,,,,,,,,,,,,,,,0.131,-37.881,0.005,-17.707,-21.285,-49.244,-5.533,-65.425,21.499,-46.618,13.805,-64.056,51.568,-87.539,-16.681,-112.701,27.168,-100.124,-0.37,-36.947,,"k@ster",0.072,-17.733,,"Penguin_iDOL",-21.03,-49.239,,"Floră",-5.612,-65.098,,"xoxo_nemu",21.281,-45.372,,"ByeolBam",13.747,-63.939,,"마렘_Marem",51.554,-87.553,,"TaeGeuk_",-16.59,-113.808,,"Kr_Luna",27.157,-100.129,,,,,,,,,,,,,,2063.049,22.026,-39.838,,,,,,,,,,,,,,,,,,,,,,,,,,,,,,,,,,,,,,,,"",1,0,"xoxo_nemu",,2064.06,,2,""
74,SIDE,3,1,2,3,0,0,2,1,0,1,2,255,255,,2064.801,,,,,,,,,,,,,,,,,,,,,,,6,"=","=","=","=","=","=","=","=","",,,,,,,,,,,,,,,,,,,,,,,,,,,,,,,,,,,,,,,0,0,,,,,,,,,,,,,,,,,,,,,,,,,,,,,,,,,,,,,,,,,,,,,,,,,,,,,,,,,,,,,,,,,,,,,,,,,,,,,,,,,,,,,,,,,,,,,,,,,,,,,,,,,,,,,,,,,,,,,,,,,,,,,,,,,,,,,,,,,,,,,,,,,"",0,0,"",,,,0,""
75,,3,0,2,3,0,0,0,0,0,0,255,255,255,0,2109.402,"CAT tourniquet",L,26,91,140,-0.165,-1.084,-0.422,1.662,0.053,0.782,-36.739,23.182,39,61,0,0,-85.928,-200,-35.23,0,0,0,"마렘_Marem","xoxo_nemu","Floră","ByeolBam","Penguin_iDOL","k@ster","_Chun","Kr_Luna","TaeGeuk_",6,L,"마렘_Marem",170.9,89.804,0.297,,83,W,Y,0,,,,,,,,,,,,,,,,,,,,,,,,,,,,0,0,,,,,,,,,,,,,,,,,,,,,,,,,,,,,,,,,,,,,,-0.069,-37.702,-0.075,-18.319,-21.078,-46.979,-14.898,-62.004,20.526,-48.563,11.237,-61.182,41.661,-83.595,-0.226,-110.668,-40.815,-90.564,,,,"",,,,"",,,,"",,,,"",,,,"",,,,"",,,,"",,,,"",,,,,,,,,,,,,,,,,,,,,,,,,,,,,,,,,,,,,,,,,,,,,,,,,,,,,,,,,,"",0,0,"",,,,0,""
76,,3,0,2,3,0,1,0,0,0,0,255,255,255,0,2123.819,"CAT tourniquet",L,3,67,110,2.955,-0.427,-0.314,1.835,0.555,1.407,-36.739,13.332,38,62,0,2,394.572,32.09,-10.43,0,0,0,"=","=","=","=","=","=","=","=","=",6,L,"마렘_Marem",170.9,89.804,0.297,3,83,W,Y,1,2124.729,115,62,85,67,34,137,86,-30,-57.422,0.61,0.711,-19.791,0.99,0,0.331,-288.902,-429.451,-6.426,2123.506,2.326,-20.879,,,,,,0,0,,,,,,,,,,,,,,,,,,,,,,,,,,,,,,,,,,,,,,-0.073,-37.557,-0.081,-18.227,-21.073,-47.04,-14.79,-61.982,20.573,-48.192,11.295,-61.206,41.664,-83.595,-0.69,-110.961,-40.815,-90.564,-0.412,-37.493,,"coder_",-0.083,-18.244,,"Pring__",-20.873,-46.546,,"Ainy4／あいにゃ",-14.92,-61.89,,"SUGUN",20.986,-49.502,,"CoalCat",11.281,-61.124,,"Salmon247",41.663,-83.592,,"muyang_",-0.655,-111.067,,"AI",-40.8,-90.55,,,,,,,,,,,,,,,,,,,,,,,,,,,,,,,,,,,,,,,,,,,,,,,,,,,,,,,,"",3,0,"",,,,0,""
77,,3,0,2,3,0,2,0,0,0,0,255,255,255,0,2140.083,"CAT tourniquet",L,14,68,109,1.031,-0.658,-0.177,1.914,1.189,1.69,-36.739,26.13,100,0,0,2,-386.885,312.348,-4.683,0,0,0,"=","=","=","=","=","=","=","=","=",6,L,"마렘_Marem",170.9,89.804,0.297,5,24,W,Y,1,2141.037,202,84,89,73,41,145,115,-30,10.077,0.186,0.701,-20.378,0.85,0,0.344,153.308,6.803,403.511,2139.684,-0.007,-21.468,2141.772,3,-7.164,1.594,-62.043,0,0,,2146.213,,,,,,,,,,,,,2145.637,0,,147,32,,,,,,,,,,,,,,,,,,,0.193,-37.577,-0.024,-18.302,-20.884,-46.713,-14.848,-62.717,21.483,-49.461,11.828,-61.252,40.295,-82.483,0.43,-112.402,-40.815,-90.564,-0.418,-37.275,,"coder_",-0.12,-18.459,,"Pring__",-20.702,-46.277,89,"Ainy4／あいにゃ",-14.946,-62.571,101,"SUGUN",21.355,-49.342,,"CoalCat",11.814,-61.103,,"Salmon247",42.431,-80.992,,"muyang_",0.403,-112.414,,"AI",-40.8,-90.55,,2147.958,-1.179,-38.308,,,,2144.94,-19.466,-40.614,2143.146,-7.204,-62.821,,,,,,,,,,,,,,,,,,,,,,2146.932,-17.915,-39.705,2143.924,-8.923,-60.188,,,,,,,,,,,,,,,,"",2,0,"Ainy4／あいにゃ",,,,164,""
78,,3,0,2,3,0,0,1,0,0,0,255,255,255,0,2162.591,"CAT tourniquet",L,26,101,140,-0.694,-0.67,-0.469,1.723,-0.169,1.016,-36.739,24.927,51,49,0,0,-85.984,-200,-13.947,0,0,1,"=","=","=","=","=","=","=","=","=",4,R,"xoxo_nemu",174.3,95,0.5,,83,W,Y,1,,,,,,,,,,,,,,,,,,,,,,,,,,,,0,0,,,,,,,,,,,,,,,,,,,,,,,,,,,,,,,,,,,,,,-0.064,-37.781,-0.045,-18.17,-19.164,-44.766,-15.489,-63.194,19.239,-48.655,8.215,-63.296,44.113,-81.757,-2.272,-116.756,-40.822,-90.571,,,,"",,,,"",,,,"",,,,"",,,,"",,,,"",,,,"",,,,"",,,,,,,,,,,,,,,,,,,,,,,,,,,,,,,,,,,,,,,,,,,,,,,,,,,,,,,,,,"",0,0,"",,,,0,""
79,,3,0,2,3,0,1,1,0,0,0,255,255,255,0,2196.115,"CAT tourniquet",L,26,103,140,-0.723,-1.548,-0.515,1.652,-0.368,0.508,-36.739,26.056,42,58,0,2,49.887,-200,-19.337,0,0,1,"=","=","=","=","=","=","=","=","=",4,R,"xoxo_nemu",174.3,95,0.5,5,31,W,Y,1,2197.303,93,81,74,95,68,131,119,10.233,25.59,-0.131,0.43,-20.336,0.69,0,0.128,-558.81,-212.391,51.202,,,,2197.639,3,-17.037,2.005,-57.555,0,0,,,,,,,,,,,,,,,2199.026,1,,452,0,,,,,,,,,,,,,,,,,,,-0.081,-37.667,-0.02,-18.359,-19.105,-44.741,-15.536,-62.907,21.338,-52.732,8.981,-63.098,43.619,-83.427,-1.533,-119.05,-40.815,-90.564,-0.642,-37.441,,"coder_",-0.066,-18.614,,"Pring__",-19.089,-44.701,87,"Ainy4／あいにゃ",-15.488,-62.739,102,"SUGUN",22.177,-53.858,,"CoalCat",9.084,-62.996,,"Salmon247",43.626,-83.439,,"muyang_",-1.919,-120.017,,"AI",-40.8,-90.55,,2203.952,-0.523,-37.84,,,,2200.495,-19.06,-40.066,2199.036,-17.495,-58.332,,,,,,,,,,,,,,,,,,,,,,2202.861,-17.979,-39.697,2199.841,-18.14,-53.737,,,,,,,,,,,,,,,,"",1,0,"Ainy4／あいにゃ",,,,164,""
80,,3,0,2,3,0,0,2,0,0,0,255,255,255,0,2221.155,"CAT tourniquet",L,38,25,88,-8.482,-2.529,-0.441,1.459,-3.705,-4.568,-36.739,32.799,44,22,34,4,26.076,-49.56,-0.807,-0.889,-30.284,2,"=","=","=","=","=","=","=","=","=",3,R,"Floră",190,85.304,0.403,,83,W,Y,1,,,,,,,,,,,,,,,,,,,,,,,,,,,,0,0,,,,,,,,,,,,,,,,,,,,,,,,,,,,,,,,,,,,,,-0.072,-37.349,-0.016,-18.308,-20.938,-46.54,-15.011,-62.299,22.019,-52.406,8.738,-63.59,43.776,-83.59,-1.163,-117.914,-40.825,-90.573,,,,"",,,,"",,,,"",,,,"",,,,"",,,,"",,,,"",,,,"",,,,2225.911,-0.53,-37.326,,,,,,,,,,,,,,,,,,,,,,,,,,,,,,,,,,,,,,,,,,,,,,,,,,,,"",0,0,"",,,,0,""
81,,3,0,2,3,1,0,2,0,0,0,255,255,255,0,2240.846,"CAT tourniquet",L,29,69,121,2.263,0.636,-0.275,1.968,0.734,1.861,-36.739,22.718,100,0,0,4,156.588,-131.093,-7.362,1.268,-8.178,2,"=","=","=","=","=","=","=","=","=",3,R,"Floră",190,85.304,0.403,,89,W,Y,1,,,,,,,,,,,,,,,,,,,,,,,,,,,,0,0,,,,,,,,,,,,,,,,,,,,,,,,,,,,,,,,,,,,,,-0.055,-37.623,-0.039,-18.249,-21.009,-46.572,-15.424,-62.438,22.098,-52.362,8.443,-63.438,43.808,-83.572,2.744,-118.602,-40.822,-90.57,,,,"",,,,"",,,,"",,,,"",,,,"",,,,"",,,,"",,,,"",,,,2249.614,-0.114,-38.156,,,,,,,,,,,,,,,,,,,,,,,,,,,,,,,,,,,,,,,,,,,,,,,,,,,,"",0,0,"",,,,0,""
82,,3,0,2,3,1,1,2,0,0,0,255,255,255,0,2258.693,"CAT tourniquet",L,26,98,140,-1.526,-0.618,-0.589,1.775,-0.678,1.035,-36.739,35.194,34,66,0,4,22.891,-200,-5.972,0,0,2,"=","=","=","=","=","=","=","=","=",3,R,"Floră",190,85.304,0.403,,89,W,Y,1,,,,,,,,,,,,,,,,,,,,,,,,,,,,0,4,,,,,,,,,,,,,,,,,,,,,,,,,,,,,,,,,,,,2261.706,1,-0.02,-37.685,-0.037,-18.167,-21.045,-46.623,-15.393,-62.419,21.811,-52.397,8.623,-63.629,43.517,-83.378,-0.465,-118.309,-40.815,-90.564,,,,"",,,,"",,,,"",,,,"",,,,"",,,,"",,,,"",,,,"",,,,2269.009,-0.738,-37.98,,,,,,,,,,,,,,,,,,,,,,,,,,,,,,,,,,,,,,,,,,,,,,,,,,,,"",0,0,"",,,,0,""
83,,3,0,2,3,1,2,2,0,0,0,255,255,255,0,2281.408,"CAT tourniquet",L,29,78,128,0.795,-0.669,-0.438,1.698,-0.024,0.987,-36.739,30.502,46,54,0,0,250,-200,-22.55,0.696,-12.809,2,"=","=","=","=","=","=","=","=","=",3,R,"Floră",190,85.304,0.403,,89,W,Y,0,,,,,,,,,,,,,,,,,,,,,,,,,,,,0,0,,,,,,,,,,,,,,,2288.913,2,,147,2,,,,,,,,,,,,,,,,,,,0.061,-37.524,-0.212,-17.991,-20.738,-46.491,-15.151,-62.376,21.654,-52.25,8.653,-63.185,43.644,-84.039,1.253,-119.107,-40.815,-90.564,,,,"",,,,"",,,,"",,,,"",,,,"",,,,"",,,,"",,,,"",,,,,,,,,,,,,,,,,,,,,,,,,,,,,,,,,,,,,,,,,,,,,,,,,,,,,,,,,,"",0,0,"",,,,0,""
84,SIDE,3,0,2,3,0,0,2,0,0,0,255,255,255,,2290.411,,,,,,,,,,,,,,,,,,,,,,,3,"=","=","=","=","=","=","=","=","=",,,,,,,,,,,,,,,,,,,,,,,,,,,,,,,,,,,,,,,0,0,,,,,,,,,,,,,,,,,,,,,,,,,,,,,,,,,,,,,,,,,,,,,,,,,,,,,,,,,,,,,,,,,,,,,,,,,,,,,,,,,,,,,,,,,,,,,,,,,,,,,,,,,,,,,,,,,,,,,,,,,,,,,,,,,,,,,,,,,,,,,,,,,"",0,0,"",,,,0,""
85,,4,1,2,3,0,0,0,0,0,0,255,255,255,0,2324.438,"_Chun",L,14,80,117,-0.03,0.625,-0.265,2.319,0.639,2.378,-36.724,52.139,77,23,0,2,-372.445,333.594,0,0,0,6,"SUGUN","coder_","Pring__","CoalCat","muyang_","Ainy4／あいにゃ","Salmon247","CAT tourniquet","",6,R,"Salmon247",170,86,0.453,3,83,W,Y,1,2325.641,167,38,108,42,22,145,121,15.97,40.649,-0.008,1.082,-20.276,0.71,0,0.316,330.949,183.505,-180.34,2328.317,-67.228,-93.462,2330.761,8,-62.714,0.055,-91.688,1,0,,2330.727,2335.074,,,,,,,,,,,,,,,,,,,,,,,,,,,,,,,,,,,0.089,-37.943,0.106,-17.648,-21.447,-48.175,-8.167,-54.351,22.801,-49.507,14.438,-64.007,36.824,-86.484,0.141,-107.427,-36.907,-86.504,0.02,-37.184,,"k@ster",0.03,-17.685,,"Penguin_iDOL",-21.436,-48.164,,"Floră",-7.847,-52.387,,"xoxo_nemu",22.764,-49.506,,"ByeolBam",14.423,-63.984,93,"마렘_Marem",37.891,-85.91,,"TaeGeuk_",0.582,-108.023,,"Kr_Luna",-36.905,-86.504,123,2338.935,0.15,-37.968,,,,,,,,,,,,,2335.629,-1.312,-59.575,,,,,,,2332.254,-61.783,-91.243,,,,,,,,,,,,,,,,2337.816,-0.318,-56.138,,,,,,,2333.168,-57.819,-89.371,"",2,0,"Kr_Luna",2335.074,,,200,""
86,,4,1,2,3,0,0,0,0,1,0,255,6,255,0,2354.356,"_Chun",L,14,79,104,0.523,0.189,-0.129,2.375,0.944,2.192,-36.724,53.646,76,24,0,0,-352.904,332.678,0,0,0,7,"=","=","=","=","=","=","=","=","",0,L,"CAT tourniquet",190,85,0.451,,83,W,Y,0,,,,,,,,,,,,,,,,,,,,,,,,,,,,0,0,,,,,,,,,,,,,,,,,,,,,,,,,,,,,,,,,,,,,,0.153,-37.946,0.092,-17.701,-21.265,-46.397,-0.62,-59.297,22.313,-47.261,13.227,-61.259,41.392,-84.456,-5.11,-112.341,-30.625,-83.243,,,,"",,,,"",,,,"",,,,"",,,,"",,,,"",,,,"",,,,"",,,,2358.978,0.139,-37.539,,,,,,,,,,,,,,,,,,,,,,,,,,,,,,,,,,,,,,,,,,,,,,,,,,,,"",0,0,"",,,,0,""
87,,4,1,2,3,0,1,0,0,1,0,255,6,255,0,2367.45,"_Chun",L,26,92,140,0.221,-0.704,-0.399,1.915,0.114,0.989,-36.724,27.186,84,16,0,0,-3.552,-183.922,0,0,0,7,"=","=","=","=","=","=","=","=","",0,L,"CAT tourniquet",190,85,0.451,,83,W,Y,0,,,,,,,,,,,,,,,,,,,,,,,,,,,,0,0,,,,,,,,,,,,,,,,,,,,,,,,,,,,,,,,,,,,,,0.032,-37.852,0.09,-17.671,-21.583,-46.33,-1.699,-58.487,22.067,-47.102,12.014,-61.372,41.36,-84.397,5.586,-108.531,-30.619,-83.216,,,,"",,,,"",,,,"",,,,"",,,,"",,,,"",,,,"",,,,"",,,,2371.878,-0.066,-36.647,,,,,,,,,,,,,,,,,,,,,,,,,,,,,,,,,,,,,,,,,,,,,,,,,,,,"",0,0,"",,,,0,""
88,,4,1,2,3,0,2,0,0,1,0,255,6,255,0,2380.587,"_Chun",L,26,90,140,-1.74,0.768,-0.546,2.216,-0.797,1.896,-36.724,46.986,73,27,0,4,40.913,-200,0,0,0,7,"=","=","=","=","=","=","=","=","",0,L,"CAT tourniquet",190,85,0.451,,83,W,Y,1,,,,,,,,,,,,,,,,,,,,,,,,,,,,0,0,,,,,,,,,,,,,,,2383.211,7,,578,0,,,,,,,,,,,,,,,,,,,-0.068,-37.706,0.106,-17.647,-21.176,-46.478,-7.192,-51.686,22.182,-46.934,13.152,-61.953,41.374,-84.456,6.548,-112.511,-32.809,-79.07,,,,"",,,,"",,,,"",,,,"",,,,"",,,,"",,,,"",,,,"",,,,2386.354,0.033,-37.587,,,,,,,,,,,,,,,,,,,,,,,,,,,,,,,,,,,,,,,,,,,,,,,,,,,,"",0,0,"",,,,0,""
89,,4,1,2,3,0,0,1,0,1,0,255,6,255,0,2401.356,"_Chun",L,26,88,140,0.64,1.532,-0.35,2.265,0.21,2.378,-36.724,52.529,79,21,0,4,57.701,-200,0,0.794,-6.061,0,"=","=","=","=","=","=","=","=","",4,R,"SUGUN",190,82,0.5,,83,W,Y,1,,,,,,,,,,,,,,,,,,,,,,,,,,,,0,0,,,,,,,,,,,,,2406.364,,,,,,,,,,,,,,,,,,,,,,,,,0.101,-37.862,0.02,-17.655,-21.318,-47.013,-8.178,-50.669,22.665,-47.211,10.582,-62.493,41.272,-87.065,-2.643,-121.662,-32.716,-79.116,,,,"",,,,"",,,,"",,,,"",,,,"",,,,"",,,,"",,,,"",,,,2413.135,1.174,-37.06,,,,,,,,,,,,,,,,,,,,,,,,,,,,,,,,,,,,,,,,,,,,,,,,,,,,"",0,0,"",2408.179,,,0,""
90,,4,1,2,3,0,1,1,0,1,0,255,6,255,0,2427.045,"_Chun",L,13,81,119,-0.034,-0.247,-0.576,2.217,-0.441,1.91,-36.724,55.341,81,19,0,2,260.227,400,-5.283,0,0,0,"=","=","=","=","=","=","=","=","",4,R,"SUGUN",190,82,0.5,5,83,W,Y,1,2428.583,255,98,160,93,22,145,117,27.398,-63.634,-0.022,0.923,-21.189,0.82,0,0.483,-200.709,512.76,238.314,2432.261,83.752,-78.201,,,,,,0,0,,,,,,,,,,,,,2429.663,,,,,,,,,,,,,,,,,,,,,,,,,0.017,-37.884,-0.013,-17.646,-21.255,-47.817,-8.511,-49.605,22.137,-46.489,10.932,-61.169,41.219,-87.027,3.439,-118.917,-45.67,-91.208,-0.417,-36.975,,"k@ster",-0.051,-17.634,,"Penguin_iDOL",-21.281,-47.769,,"Floră",-8.765,-49.877,,"xoxo_nemu",22.183,-46.441,,"ByeolBam",11.286,-62.544,,"마렘_Marem",41.193,-87.017,,"TaeGeuk_",3.438,-118.917,,"Kr_Luna",-45.81,-91.157,,,,,,,,,,,,,,,,,,,,,,,,,,,,,,,,,,,,,,,,,,,,,,,,,,,,,,,,"",3,0,"",2433.973,,,0,""
91,,4,1,2,3,0,2,1,0,1,0,255,6,255,0,2446.714,"_Chun",L,26,88,140,-1.02,1.006,-0.5,2.254,-0.41,2.048,-36.724,58.319,73,27,0,2,-13.432,-196.532,-9.147,0,0,0,"=","=","=","=","=","=","=","=","",4,R,"SUGUN",190,82,0.5,5,83,W,Y,1,2448.024,217,50,135,38,0,145,131,25.133,-9.612,-0.174,1.346,-19.622,0.56,0,0.336,531.856,-115.217,-96.724,2452.239,24.51,-140.565,,,,,,0,0,,2453.588,2458.167,2463.94,2469.203,,,,2456.371,2461.136,,,2450.659,,,,,,,,,,,,,,,,,,,,,,,,,0.021,-37.96,-0.019,-17.702,-21.883,-47.794,-9.069,-50.231,23.697,-48.724,14.136,-63.185,44.791,-90.382,8.403,-119.294,-45.747,-91.197,-0.51,-37.116,,"k@ster",-0.058,-17.695,,"Penguin_iDOL",-22.077,-48.141,,"Floră",-9.068,-50.129,,"xoxo_nemu",23.62,-47.711,,"ByeolBam",14.221,-63.472,,"마렘_Marem",44.851,-90.546,,"TaeGeuk_",7.986,-119.053,,"Kr_Luna",-45.589,-91.258,,,,,,,,,,,,,,,,,,,,,,,,,,,,,,,,,,,,,,,,,,,,,,,,,,,,,,,,"",4,0,"",2458.167,2456.371,2461.136,0,""
92,,4,1,4,3,0,0,1,0,0,0,255,255,255,0,2490.031,"_Chun",L,10,91,128,0.393,0.093,-0.384,2.254,0.182,2.077,-36.724,48.474,78,20,2,2,0,400,-15.243,0,0,1,"=","=","=","=","=","=","=","=","",1,R,"coder_",190,80,0.302,3,82,W,Y,1,2491.139,238,116,141,109,53,145,112,28.373,41.678,0.061,1.111,-20.856,0.85,0,0.649,135.289,531.81,175.39,2494.795,-73.814,-85.077,,,,,,0,0,,,,,2494.53,,,,,,,,,,,,,,,,,,,,,,,,,,,,,,,,,0.08,-38.244,-0.015,-17.757,-22.03,-47.908,-9.802,-50.354,22.372,-47.752,10.702,-63.119,46.757,-92.734,-0.013,-122.052,-44.756,-84.332,-0.442,-36.892,,"k@ster",-0.04,-17.762,,"Penguin_iDOL",-22.228,-47.851,,"Floră",-9.98,-50.589,,"xoxo_nemu",22.406,-47.545,,"ByeolBam",10.694,-63.115,,"마렘_Marem",46.911,-92.499,,"TaeGeuk_",-0.995,-122.169,,"Kr_Luna",-45.813,-86.044,,,,,,,,,,,,,,,,,,,,,,,,,,,,,,,,,,,,,,,,,,,,,,,,,,,,,,,,"",3,0,"",,,,0,""
93,,4,1,4,3,0,1,1,0,0,0,255,255,255,0,2510.118,"_Chun",L,10,73,103,-1.244,-0.657,-0.624,2.215,-0.524,1.766,-36.724,60.752,78,22,0,0,0,397.64,-0.979,0,0,1,"=","=","=","=","=","=","=","=","",1,R,"coder_",190,80,0.302,,49,W,Y,0,,,,,,,,,,,,,,,,,,,,,,,,,,,,0,0,,,,,,,,,,,,,,,,,,,,,,,,,,,,,,,,,,,,,,0.041,-37.703,-0.018,-17.633,-21.886,-47.276,-9.653,-49.509,23.7,-48.564,9.996,-65.458,46.042,-96.85,-1.49,-108.387,-48.442,-88.418,,,,"",,,,"",,,,"",,,,"",,,,"",,,,"",,,,"",,,,"",,,,,,,,,,,,,,,,,,,,,,,,,,,,,,,,,,,,,,,,,,,,,,,,,,,,,,,,,,"",0,0,"",,,,0,""
94,,4,1,4,3,0,2,1,0,0,0,255,255,255,0,2525.296,"_Chun",L,10,77,106,1.764,0.812,-0.216,2.413,0.795,2.665,-36.724,65.357,79,21,0,1,-10.822,400,-14.217,0,0,1,"=","=","=","=","=","=","=","=","",1,R,"coder_",190,80,0.302,,49,W,Y,0,,,,,,,,,,,,,,,,,,,,,,,,,,,,0,0,,,,,,,,,,,,,,,,,,,,,,,,,,,,,,,,,,,,,,0.159,-37.999,-0.034,-17.637,-21.929,-47.542,-9.767,-49.919,24.461,-50.274,8.665,-65.045,45.991,-96.899,-1.061,-114.383,-48.3,-88.52,,,,"",,,,"",,,,"",,,,"",,,,"",,,,"",,,,"",,,,"",,,,,,,,,,,,,,,,,,,,,,,,,,,,,,,,,,,,,,,,,,,,,,,,,,,,,,,,,,"",0,0,"",,,,0,""
95,,4,1,4,3,1,2,1,0,0,0,255,255,255,0,2538.772,"_Chun",L,26,83,134,0.091,1.465,-0.422,2.263,0.009,2.326,-36.724,57.955,82,18,0,4,30.393,-200,-12.927,0,0,1,"=","=","=","=","=","=","=","=","",1,R,"coder_",190,80,0.302,,49,W,Y,1,,,,,,,,,,,,,,,,,,,,,,,,,,,,0,0,,,,,,,,,,,,,,,2541.441,1,,578,0,,,,,,,,,,,,,,,,,,,0.066,-38.21,-0.042,-17.691,-21.837,-47.542,-9.927,-50.15,24.079,-49.259,8.572,-65.098,46.044,-96.848,-0.722,-113.998,-48.278,-88.581,,,,"",,,,"",,,,"",,,,"",,,,"",,,,"",,,,"",,,,"",,,,,,,,,,,,,,,,,,,,,,,,,,,,,,,,,,,,,,,,,,,,,,,,,,,,,,,,,,"",0,0,"",,,,0,""
96,,4,1,4,3,0,0,2,0,0,0,255,255,255,0,2557.731,"_Chun",L,26,88,140,-2.075,1.023,-0.566,2.254,-0.918,2.096,-36.724,63.563,77,23,0,1,22.563,-154.5,1.361,0,0,2,"=","=","=","=","=","=","=","=","",2,L,"Pring__",190,95.125,0.481,,82,W,Y,0,,,,,,,,,,,,,,,,,,,,,,,,,,,,0,0,,,,,,,,,,,,,,,,,,,,,,,,,,,,,,,,,,,,,,0.038,-38.212,0.002,-17.687,-21.838,-47.335,-8.297,-54.907,26.131,-51.771,15.111,-63.685,46.089,-96.85,0.875,-116.185,-48.586,-88.367,,,,"",,,,"",,,,"",,,,"",,,,"",,,,"",,,,"",,,,"",,,,,,,,,,,,,,,,,,,,,,,,,,,,,,,,,,,,,,,,,,,,,,,,,,,,,,,,,,"",0,0,"",,,,0,""
97,,4,1,4,3,1,0,2,0,0,0,255,255,255,0,2572.709,"_Chun",L,10,89,128,-0.782,-0.596,-0.496,2.12,-0.34,1.647,-36.724,44.182,77,23,0,2,9.054,400,-3.866,0,0,2,"=","=","=","=","=","=","=","=","",2,L,"Pring__",190,95.125,0.481,3,82,W,Y,0,2573.62,224,163,75,125,60,145,130,-22.228,-26.337,-0.135,0.829,-20.824,0.69,0,0.527,-416.26,-324.922,70.03,2572.028,0.788,-22.678,2573.85,5,19.299,0.95,-59.665,0,0,,2579.34,,,,,,,,,,,,,2578.582,2,,147,8,,,,,,,,,,,,,,,,,,,0,-37.579,-0.023,-17.656,-21.824,-47.546,-7.72,-50.735,25.874,-51.491,14.933,-64.052,47.664,-94.693,0.85,-116.174,-48.245,-88.592,-0.024,-37.094,,"k@ster",-0.035,-17.669,,"Penguin_iDOL",-21.821,-47.557,,"Floră",-7.678,-50.584,,"xoxo_nemu",25.868,-51.479,,"ByeolBam",14.927,-64.049,107,"마렘_Marem",47.651,-94.701,,"TaeGeuk_",0.856,-116.171,,"Kr_Luna",-48.24,-88.59,,,,,,,,2577.979,-18.456,-40.23,,,,,,,2575.33,19.253,-60.24,,,,,,,,,,,,,,,,,,,,,,,,,2576.205,15.628,-57.434,,,,,,,,,,"",2,0,"ByeolBam",,,,24,""
98,SIDE,4,1,4,3,0,0,2,0,0,0,255,255,255,,2580.542,,,,,,,,,,,,,,,,,,,,,,,3,"=","=","=","=","=","=","=","=","",,,,,,,,,,,,,,,,,,,,,,,,,,,,,,,,,,,,,,,0,0,,,,,,,,,,,,,,,,,,,,,,,,,,,,,,,,,,,,,,,,,,,,,,,,,,,,,,,,,,,,,,,,,,,,,,,,,,,,,,,,,,,,,,,,,,,,,,,,,,,,,,,,,,,,,,,,,,,,,,,,,,,,,,,,,,,,,,,,,,,,,,,,,"",0,0,"",,,,0,""
99,,4,0,4,3,0,0,0,0,0,0,255,255,255,0,2635.791,"CAT tourniquet",L,26,90,140,-4.163,-0.981,-0.81,1.75,-1.79,0.832,-36.739,26.381,43,57,0,1,1.199,-200,-27.258,0,0,3,"마렘_Marem","xoxo_nemu","Floră","ByeolBam","Penguin_iDOL","k@ster","_Chun","Kr_Luna","TaeGeuk_",5,R,"ByeolBam",175.3,90,0.5,,82,W,Y,0,,,,,,,,,,,,,,,,,,,,,,,,,,,,0,0,,,,,,,,,,,,,,,,,,,,,,,,,,,,,,,,,,,,,,-0.297,-37.726,-0.019,-18.317,-21.189,-46.919,-16.97,-61.319,22.057,-51.612,9.26,-64.112,44.063,-82.496,-5.654,-116.156,-40.83,-90.577,,,,"",,,,"",,,,"",,,,"",,,,"",,,,"",,,,"",,,,"",,,,,,,,,,,,,,,,,,,,,,,,,,,,,,,,,,,,,,,,,,,,,,,,,,,,,,,,,,"",0,0,"",,,,0,""
100,,4,0,4,3,1,0,0,0,0,0,255,255,255,0,2649.396,"CAT tourniquet",L,10,66,110,-2.099,-0.561,-0.626,1.959,-0.896,1.847,-36.739,25.3,52,48,0,4,0,400,-19.014,0,0,3,"=","=","=","=","=","=","=","=","=",5,R,"ByeolBam",175.3,90,0.5,,82,W,Y,1,,,,,,,,,,,,,,,,,,,,,,,,,,,,0,0,,,,,,,,,,,,,,,,,,,,,,,,,,,,,,,,,,,,,,-0.172,-37.5,0.027,-18.257,-21.159,-47.011,-17.047,-61.288,22.189,-51.223,9.243,-64.141,44.051,-82.535,-5.479,-116.734,-40.815,-90.564,,,,"",,,,"",,,,"",,,,"",,,,"",,,,"",,,,"",,,,"",,,,,,,,,,,,,,,,,,,,,,,,,,,,,,,,,,,,,,,,,,,,,,,,,,,,,,,,,,"",0,0,"",,,,0,""
101,,4,0,4,3,1,1,0,0,0,0,255,255,255,0,2676.884,"CAT tourniquet",L,29,66,119,4.132,1.036,-0.155,1.988,1.292,1.951,-36.739,28.681,100,0,0,3,230.145,-200,0.517,-0.339,-20.987,3,"=","=","=","=","=","=","=","=","=",5,R,"ByeolBam",175.3,90,0.5,,75,W,Y,0,,,,,,,,,,,,,,,,,,,,,,,,,,,,0,0,,,,,,,,,,,,,,,,,,,,,,,,,,,,,,,,,,,,2680.762,1,0.177,-37.566,-0.16,-18.123,-21.162,-46.805,-16.853,-62.753,22.112,-51.405,8.692,-64.472,44.395,-83.009,-7.656,-118.17,-40.822,-90.571,,,,"",,,,"",,,,"",,,,"",,,,"",,,,"",,,,"",,,,"",,,,,,,,,,,,,,,,,,,,,,,,,,,,,,,,,,,,,,,,,,,,,,,,,,,,,,,,,,"",6,0,"",,,,0,""
102,,4,0,4,3,3,1,0,0,0,0,255,255,255,0,2711.855,"CAT tourniquet",L,26,84,137,-1.792,0.524,-0.594,1.918,-0.751,1.704,-36.739,23.44,48,52,0,1,-8.119,-196.15,-7.094,0,0,3,"=","=","=","=","=","=","=","=","=",5,R,"ByeolBam",175.3,90,0.5,,75,W,Y,0,,,,,,,,,,,,,,,,,,,,,,,,,,,,0,0,,2720.463,,,,,,,,,,,,,,,,,,,,,,,,,,,,,,,,,,,,-0.145,-37.567,-0.04,-18.222,-21.314,-46.706,-16.946,-62.85,22.038,-51.216,8.937,-63.833,44.411,-83.033,-5.371,-115.251,-40.859,-90.604,,,,"",,,,"",,,,"",,,,"",,,,"",,,,"",,,,"",,,,"",,,,,,,,,,,,,,,,,,,,,,,,,,,,,,,,,,,,,,,,,,,,,,,,,,,,,,,,,,"",5,0,"",,,,0,""
103,,4,0,4,3,0,0,0,1,0,0,15,255,255,0,2736.262,"CAT tourniquet",L,26,76,127,1.476,-1.005,-0.282,1.632,0.703,0.773,-36.739,15.734,45,55,0,2,-32.985,-200,-29.771,0,0,4,"=","=","=","=","=","=","=","=","=",2,R,"Penguin_iDOL",190,80,0.249,3,70,W,Y,1,2737.376,255,131,141,76,69,145,117,-15.129,-1.856,0.252,0.577,-19.951,0.09,0,0.43,-180.918,-326.615,-51.512,2735.895,0.327,-22.116,2737.861,5,0.95,0.079,-59.846,0,0,,,,,,,,,,,,,,,2740.637,3,1,166,0,2742.27,4,,147,8,,,,,,,,2740.036,5,,,,,-0.04,-37.814,-0.015,-18.224,-19.821,-40.458,-14.743,-58.506,22.11,-51.474,8.153,-62.966,44.565,-83.11,-3.873,-114.072,-40.837,-90.584,-0.412,-37.357,,"coder_",-0.042,-18.266,,"Pring__",-20.469,-44.325,88,"Ainy4／あいにゃ",-14.861,-58.267,,"SUGUN",22.078,-51.271,,"CoalCat",7.714,-62.792,102,"Salmon247",44.803,-83.283,,"muyang_",-3.154,-114.252,,"AI",-40.8,-90.55,,2744.796,-1.367,-38.2,,,,2741.701,-18.1,-40.512,,,,,,,2739.356,0.942,-61.207,,,,,,,,,,,,,,,,2743.853,-17.656,-39.68,,,,,,,2740.617,-3.378,-56.462,,,,,,,,,,"",2,0,"CoalCat",,,,140,""
104,,4,0,4,3,0,0,2,0,0,0,255,255,255,0,2760.57,"CAT tourniquet",L,26,67,120,0.834,0.812,-0.418,1.945,0.07,1.806,-36.739,25.079,100,0,0,0,182.637,-200,-4.607,0,0,5,"=","=","=","=","=","=","=","=","=",1,R,"k@ster",168.4,90.427,0.8,,82,W,Y,0,,,,,,,,,,,,,,,,,,,,,,,,,,,,0,0,,,,,,,,,,,,,,,,,,,,,,,,,,,,,,,,,,,,,,-0.015,-37.388,-0.129,-18.056,-21.258,-46.108,-16.074,-61.752,20.072,-50.707,10.61,-62.791,46.284,-81.659,-0.903,-112.694,-40.83,-90.577,,,,"",,,,"",,,,"",,,,"",,,,"",,,,"",,,,"",,,,"",,,,2764.534,-0.293,-37.318,,,,,,,,,,,,,,,,,,,,,,,,,,,,,,,,,,,,,,,,,,,,,,,,,,,,"",0,0,"",,,,0,""
105,,4,0,4,3,0,1,2,0,0,0,255,255,255,0,2774.436,"CAT tourniquet",L,6,56,102,-0.213,0.971,-0.28,2.084,0.711,2.313,-36.739,27.141,100,0,0,2,-383.404,103.492,2.446,0,0,5,"=","=","=","=","=","=","=","=","=",1,R,"k@ster",168.4,90.427,0.8,0,82,W,Y,1,2775.734,118,136,58,60,30,136,130,4.169,-0.506,-0.088,1.151,-19.933,0.36,0,0.179,244.285,294.09,59.154,2776.006,-1.272,-77.99,2777.495,7,-3.32,0.056,-102.66,1,0,,2781.528,,,,,,,,,,,,,,,,,,,,,,,,,,,,,,,,,,,,-0.022,-37.45,0.047,-18.188,-21.437,-46.022,-15.941,-61.782,20.672,-51.482,10.043,-63.176,46.622,-82.074,-0.412,-113.712,-40.815,-90.564,-0.358,-37.614,,"coder_",0.03,-18.218,,"Pring__",-21.255,-46.164,,"Ainy4／あいにゃ",-15.962,-61.604,,"SUGUN",20.724,-51.063,,"CoalCat",10.023,-62.982,73,"Salmon247",46.625,-82.076,,"muyang_",-0.411,-113.735,74,"AI",-40.8,-90.55,,2791.495,-0.367,-38.163,,,,,,,,,,,,,2783.416,-0.005,-59.605,,,,2779.014,-3.124,-103.886,,,,,,,,,,,,,,,,,,,2790.226,-0.588,-57.795,,,,2780.729,-3.214,-99.1,,,,"",2,0,"muyang_",,,,152,""
106,,4,0,4,3,0,0,2,1,0,0,11,255,255,0,2807.267,"CAT tourniquet",L,26,96,140,-0.455,-1.075,-0.454,1.625,-0.098,0.752,-36.739,23.723,41,59,0,1,-61.874,-200,-14.907,0,0,6,"=","=","=","=","=","=","=","=","=",0,L,"_Chun",190,80,0.445,,82,W,Y,0,,,,,,,,,,,,,,,,,,,,,,,,,,,,0,0,,,,,,,,,,,,2809.927,,,,,,,,,,,,,,,,,,,,,,,,,,-0.069,-37.728,0.033,-18.209,-18.893,-40.581,-14.008,-63.015,21.632,-50.108,12.115,-63.323,46.387,-84.321,6.03,-115.547,-40.83,-90.577,,,,"",,,,"",,,,"",,,,"",,,,"",,,,"",,,,"",,,,"",,,,2811.433,-0.405,-37.328,,,,,,,,,,,,,,,,,,,,,,,,,,,,,,,,,,,,,,,,,,,,,,,,,,,,"",0,0,"",,,,0,""
107,,4,0,4,3,1,0,2,1,0,0,11,255,255,0,2824.81,"CAT tourniquet",L,26,106,140,-0.48,-0.136,-0.49,1.807,-0.263,1.34,-36.739,13.24,50,50,0,0,56.247,-200,-48.321,0,0,6,"=","=","=","=","=","=","=","=","=",0,L,"_Chun",190,80,0.445,,82,W,Y,1,,,,,,,,,,,,,,,,,,,,,,,,,,,,0,0,,,,,,,,,,,,2842.329,,,,,,,,,,,,,,,,,,,,,,,,,,-0.128,-37.688,-0.048,-17.946,-18.873,-41.313,-14.111,-63.124,22.552,-51.774,12.09,-63.273,46.488,-85.594,5.568,-114.183,-40.822,-90.57,,,,"",,,,"",,,,"",,,,"",,,,"",,,,"",,,,"",,,,"",,,,2831.233,-0.886,-37.801,,,,,,,,,,,,,,,,,,,,,,,,,,,,,,,,,,,,,,,,,,,,,,,,,,,,"",0,0,"",,,,0,""
108,,4,0,4,3,1,1,2,1,0,0,11,255,255,0,2843.673,"CAT tourniquet",L,26,79,129,-3.071,-2.529,-0.533,1.483,-1.436,-0.764,-36.739,33.76,48,11,41,1,81.811,-186.348,-9.11,-0.57,-23.257,6,"=","=","=","=","=","=","=","=","=",0,L,"_Chun",190,80,0.445,,82,W,Y,0,,,,,,,,,,,,,,,,,,,,,,,,,,,,0,0,,,,,,,,,,,,2861.886,,,,,,,,,,,,,,,,,,,,,,,,,,0,-37.533,-0.028,-18.17,-17.306,-42.95,-14.209,-63.125,22.381,-51.839,12.142,-63.152,46.494,-85.588,5.698,-115.508,-40.822,-90.57,,,,"",,,,"",,,,"",,,,"",,,,"",,,,"",,,,"",,,,"",,,,2848.369,-0.504,-37.138,,,,,,,,,,,,,,,,,,,,,,,,,,,,,,,,,,,,,,,,,,,,,,,,,,,,"",0,0,"",,,,0,""
109,,4,0,4,3,2,1,2,1,0,0,11,255,255,0,2861.924,"CAT tourniquet",L,26,77,128,-0.7,-0.704,-0.477,1.691,-0.206,0.964,-36.739,14.219,49,51,0,2,-54.546,-200,-22.493,0,0,6,"=","=","=","=","=","=","=","=","=",0,L,"_Chun",190,80,0.445,5,82,W,Y,1,2862.937,250,251,58,89,82,137,121,-30,64.645,-0.135,0.777,-20.734,0.79,0,0.634,-103.459,115.387,509.321,2861.383,-1.249,-21.262,,,,,,0,0,,,,,,,,,,,,2866.784,,,,,,,,,,,,,,,,,,,,,,,,,,-0.172,-37.666,-0.01,-18.123,-17.986,-42.13,-14.278,-63.128,22.26,-51.737,12.347,-63.109,46.519,-85.555,5.721,-114.335,-40.822,-90.571,0.039,-37.142,,"coder_",-0.029,-18.282,,"Pring__",-17.375,-42.93,,"Ainy4／あいにゃ",-14.348,-62.954,,"SUGUN",22.474,-51.585,,"CoalCat",12.423,-62.973,,"Salmon247",46.522,-85.514,,"muyang_",5.797,-114.181,,"AI",-40.8,-90.55,,,,,,,,,,,,,,,,,,,,,,,,,,,,,,,,,,,,,,,,,,,,,,,,,,,,,,,,"",3,1,"",,,,0,""
110,BK,4,0,4,3,2,2,2,1,0,0,11,255,255,,2904.717,,,,,,,,,,,,,,,,,,,,,,,6,"=","=","=","=","=","=","=","=","=",,,,,,,,,,,,,,,,,,,,,,,,,,,,,,,,,,,,,,,0,0,,,,,,2910.13,,,,,,,,,,,,,,,,,,,,,,,,,,,,,,,,,,,,,,,,,,,,,,,,,,,,,,,,,,,,,,,,,,,,,,,,,,,,,,,,,,,,,,,,,,,,,,,,,,,,,,,,,,,,,,,,,,,,,,,,,,,,,,,,,,,,,,,,,,,"",0,0,"",2910.13,,,0,""
111,,4,0,4,3,2,2,2,0,1,0,255,11,255,0,2974.372,"coder_",R,26,81,132,-1.312,-0.176,0.217,1.68,-0.541,1.309,-36.675,22.685,54,46,0,2,-25.055,-200,10.328,0,0,6,"=","=","=","=","=","=","=","=","=",0,L,"_Chun",190,80,0.445,5,85,W,Y,1,2975.398,255,122,99,85,59,145,131,0,18.736,-0.231,0.979,-20.808,0.59,0,0.451,235.623,-162.59,-31.312,2974.528,-8.292,-45.121,2975.284,3,-12.627,0.062,-57.769,0,0,,,,,,,,,,,,,,,2979.492,6,,147,32,,,,,,,,,,,,,,,,,,,-0.047,-37.416,0.002,-17.97,-21.615,-46.99,-14.973,-62.492,19.854,-48.135,12.856,-61.461,46.467,-86.767,8.229,-113.854,-40.822,-90.571,-0.145,-37.305,,"CAT tourniquet",-0.006,-17.999,,"Pring__",-20.833,-46.582,,"Ainy4／あいにゃ",-14.993,-62.397,96,"SUGUN",19.73,-48.029,,"CoalCat",12.852,-61.31,,"Salmon247",46.47,-86.771,,"muyang_",8.236,-113.846,,"AI",-40.8,-90.55,,,,,,,,2978.891,-18.832,-39.969,2976.888,-12.78,-59.107,,,,,,,,,,,,,,,,,,,,,,,,,2978.11,-14.436,-53.799,,,,,,,,,,,,,,,,"",2,0,"Ainy4／あいにゃ",,,,36,""
112,SIDE,4,0,4,3,0,0,2,0,1,0,255,11,255,,2980.162,,,,,,,,,,,,,,,,,,,,,,,7,"=","=","=","=","=","=","=","=","=",,,,,,,,,,,,,,,,,,,,,,,,,,,,,,,,,,,,,,,0,0,,,,,,,,,,,,,,,,,,,,,,,,,,,,,,,,,,,,,,,,,,,,,,,,,,,,,,,,,,,,,,,,,,,,,,,,,,,,,,,,,,,,,,,,,,,,,,,,,,,,,,,,,,,,,,,,,,,,,,,,,,,,,,,,,,,,,,,,,,,,,,,,,"",0,0,"",,,,0,""
113,,5,1,4,3,0,0,0,0,0,0,255,255,255,0,3011.901,"_Chun",L,14,87,126,0.132,0.193,-0.243,2.256,0.646,2.079,-36.724,45.538,75,25,0,2,-376.081,329.49,-34.098,0,0,3,"SUGUN","coder_","Pring__","CoalCat","muyang_","Ainy4／あいにゃ","Salmon247","CAT tourniquet","",5,R,"CoalCat",169.5,83,0.397,5,82,W,Y,1,3013.028,160,159,106,65,48,145,106,20.305,-11.662,0.038,1.073,-21.179,0.06,0,0.477,358.101,181.246,141.049,3016.561,16.065,-118.447,3021.105,7,18.37,0.056,-131.51,1,0,,3018.412,3022.984,,,,,,,,,,,,,,,,,,,,,,,,,,,,,,,,,,,0.055,-38.039,-0.033,-17.601,-21.079,-47.287,-8.623,-50.764,22.826,-50.267,13.701,-64.189,37.066,-86.587,0.007,-110.904,-40.784,-86.811,-0.099,-37.07,,"k@ster",-0.024,-17.611,,"Penguin_iDOL",-21.337,-47.137,,"Floră",-8.757,-51.045,,"xoxo_nemu",22.825,-50.25,85,"ByeolBam",13.248,-64.212,107,"마렘_Marem",37.033,-86.584,,"TaeGeuk_",-0.014,-110.918,102,"Kr_Luna",-40.984,-86.816,,3032.037,-0.419,-37.936,,,,,,,,,,3028.375,19.603,-40.373,3026.084,6.973,-76.859,,,,3022.723,18.489,-130.336,,,,,,,,,,,,,,,,3030.91,18.441,-39.553,3026.722,8.744,-73.002,,,,3023.704,19.948,-127.428,,,,"",2,0,"TaeGeuk_",3022.984,,,330,""
114,,5,1,4,3,0,0,0,0,1,0,255,5,255,0,3044.995,"_Chun",L,26,92,140,0.343,0.643,-0.36,2.181,0.163,1.75,-36.724,47.358,76,24,0,2,-12.626,-200,-9.857,0,0,4,"=","=","=","=","=","=","=","=","",7,R,"muyang_",171,80,0.498,5,82,W,Y,1,3045.921,109,255,118,130,23,137,128,32.223,-62.485,0.053,1.114,-20.298,0.51,0,0.239,184.33,208.973,232.978,3050.261,100.526,-78.573,,,,,,0,0,,,,,,,,,,,,,3045.056,,,,,,,,,,,,,,,,,,,,,,,,,0.03,-38.016,-0.151,-17.691,-20.586,-45.253,-8.785,-50.657,25.327,-50.643,11.563,-64.589,40.925,-90.399,2.47,-125.176,-34.049,-90.944,-0.464,-37.099,,"k@ster",-0.136,-17.722,,"Penguin_iDOL",-20.632,-45.301,,"Floră",-8.88,-50.539,,"xoxo_nemu",24.81,-50.039,,"ByeolBam",11.142,-65.164,,"마렘_Marem",41.277,-90.328,,"TaeGeuk_",2.475,-125.106,,"Kr_Luna",-34.231,-90.978,,,,,,,,,,,,,,,,,,,,,,,,,,,,,,,,,,,,,,,,,,,,,,,,,,,,,,,,"",3,0,"",3050.758,,,0,""
115,,5,1,4,3,0,1,0,0,1,0,255,5,255,0,3063.541,"_Chun",L,10,70,113,2.583,-0.732,-0.33,2.234,0.521,1.94,-36.724,51.903,78,22,0,2,0,400,-3.164,0,0,4,"=","=","=","=","=","=","=","=","",7,R,"muyang_",171,80,0.498,3,32,W,Y,1,3064.578,72,159,75,81,39,120,109,-3.638,-24.133,0.517,0.7,-20.604,0.78,0,0.41,-501.463,-196.257,-264.609,3063.261,3.559,-27.333,3071.873,6,43.865,0.059,-113.701,1,0,,3070.141,3074.507,,,,,,3071.391,3076.118,,,3063.807,,,,,,,,,,,,,,,,,,,,,,,,,0.097,-37.959,-0.014,-17.737,-21.178,-45.68,-8.805,-49.804,24.164,-49.752,10.571,-63.9,44.358,-89.545,5.183,-124.244,-34.093,-91.024,-0.014,-37.333,,"k@ster",-0.027,-17.752,,"Penguin_iDOL",-20.861,-46.748,,"Floră",-8.985,-49.927,,"xoxo_nemu",24.146,-49.635,,"ByeolBam",9.35,-62.816,88,"마렘_Marem",44.368,-89.598,80,"TaeGeuk_",8.203,-124.177,,"Kr_Luna",-34.342,-90.85,,3082.534,0.279,-37.852,,,,,,,,,,,,,3078.707,25.377,-56.8,3073.375,43.223,-112.613,,,,,,,,,,,,,,,,,,,,,,3081.042,21.763,-53.972,3074.865,43.127,-111.638,,,,,,,"",2,0,"마렘_Marem",3074.507,3071.391,3076.118,73,""
116,,5,1,5,3,0,0,0,0,1,0,255,7,255,0,3094.359,"_Chun",L,27,93,140,-0.49,-0.212,-0.466,2.031,-0.199,1.358,-36.724,35.304,76,24,0,2,-0.159,-114.622,-2.681,0,0,5,"=","=","=","=","=","=","=","=","",3,L,"Ainy4／あいにゃ",189,85,0.51,3,82,W,Y,1,3095.377,236,33,73,63,19,143,129,30.059,-24.631,-0.091,0.938,-20.449,0.37,0,0.454,-389.671,103.398,-154.793,3098.217,41.691,-117.845,3100.261,6,39.543,0.138,-116.684,1,0,,3101.099,3105.585,3110.808,,,,,3103.685,3108.91,,,,,,,,,,,,,,,,,,,,,,,,,,,,0.006,-37.935,0.033,-17.776,-21.475,-46.5,0.112,-59.98,24.15,-49.649,15.605,-63.002,45.756,-95.646,2.176,-120.416,-34.533,-84.923,-0.292,-37.271,,"k@ster",-0.027,-17.798,,"Penguin_iDOL",-21.282,-46.824,,"Floră",-5.351,-59.696,,"xoxo_nemu",23.934,-49.518,85,"ByeolBam",15.606,-63.01,,"마렘_Marem",45.717,-95.64,92,"TaeGeuk_",2.158,-120.404,,"Kr_Luna",-34.46,-84.948,,3115.864,0.665,-37.9,,,,,,,,,,3111.29,20.216,-40.521,,,,3101.742,39.064,-115.956,,,,,,,,,,,,,,,,,,,3114.795,18.719,-39.991,,,,3108.977,29.915,-82.426,,,,,,,"",2,0,"마렘_Marem",3105.585,3103.685,3108.91,67,""
117,,5,1,6,3,0,0,0,0,0,1,255,255,3,0,3131.12,"_Chun",L,10,70,100,-1.235,0.078,-0.603,2.337,-0.521,2.309,-36.724,66.043,75,25,0,0,0,400,-0.93,0,0,6,"=","=","=","=","=","=","=","=","",6,R,"Salmon247",170,86,0.453,,82,W,Y,1,,,,,,,,,,,,,,,,,,,,,,,,,,,,0,0,,,,,,,,,,,,,,,,,,,,,,,,,,,,,,,,,,,,,,-0.032,-37.999,-0.01,-17.765,-20.902,-47.402,-8.812,-49.839,22.384,-47.319,13.272,-64.271,45.65,-96.461,4.276,-117.849,-37.688,-95.65,,,,"",,,,"",,,,"",,,,"",,,,"",,,,"",,,,"",,,,"",,,,3137.052,0.282,-37.426,,,,,,,,,,,,,,,,,,,,,,,,,,,,,,,,,,,,,,,,,,,,,,,,,,,,"",0,0,"",,3133.979,,0,""
118,,5,1,6,3,0,1,0,0,0,1,255,255,3,0,3146.513,"_Chun",L,26,88,140,0.904,0.719,-0.324,2.201,0.375,1.781,-36.724,46.024,76,24,0,0,21.175,-200,-9.756,0,0,6,"=","=","=","=","=","=","=","=","",6,R,"Salmon247",170,86,0.453,,82,W,Y,1,,,,,,,,,,,,,,,,,,,,,,,,,,,,0,0,,,,,,,,,,,,,,3148.515,,,,,,,,,,,,,,,,,,,,,,,,0.07,-37.973,0.005,-17.811,-21.249,-47.683,-9.124,-50.326,22.098,-47.7,13.823,-63.928,46.496,-97.101,-1.39,-118.625,-42.122,-88.784,,,,"",,,,"",,,,"",,,,"",,,,"",,,,"",,,,"",,,,"",,,,3151.606,-0.434,-37.96,,,,,,,,,,,,,,,,,,,,,,,,,,,,,,,,,,,,,,,,,,,,,,,,,,,,"",0,0,"",,3149.676,,0,""
119,,5,1,6,3,0,2,0,0,0,1,255,255,3,0,3160.492,"_Chun",L,26,91,140,1.634,1.354,-0.273,2.154,0.699,2.143,-36.724,39.673,69,26,5,2,16.107,-200,-18.305,0,0,6,"=","=","=","=","=","=","=","=","",6,R,"Salmon247",170,86,0.453,3,82,W,Y,1,3161.574,129,15,108,0,6,131,87,-1.365,40.239,0.322,1.288,-19.894,-0.16,0.048,0.234,165.483,84.5,-502.658,3160.739,-11.055,-33.227,3161.806,2,-19.389,0.057,-43.729,0,0,,,,,,,,,,,,,,3180.865,3164.998,6,,147,0,,,,,,,,,,,3164.459,2,,,,,,,0.092,-37.996,0.007,-17.786,-21.021,-47.363,-9.097,-49.758,21.856,-47.89,13.907,-63.998,45.973,-97.628,0.09,-120.923,-42.256,-88.667,-0.125,-37.189,,"k@ster",0.011,-17.856,,"Penguin_iDOL",-20.932,-47.51,79,"Floră",-9.169,-49.89,,"xoxo_nemu",21.785,-47.732,,"ByeolBam",13.909,-63.982,,"마렘_Marem",45.959,-97.614,,"TaeGeuk_",0.092,-120.927,,"Kr_Luna",-42.328,-88.636,,3168.733,-0.441,-37.869,,,,3163.444,-19.894,-43.901,,,,,,,,,,,,,,,,,,,,,,,,,3167.623,-17.765,-39.439,,,,,,,,,,,,,,,,,,,"",2,0,"Penguin_iDOL",,3165.443,,80,""
120,,5,1,6,3,0,0,1,0,0,1,255,255,3,0,3181.297,"_Chun",L,13,87,126,0.857,-1.568,-0.458,2.001,-0.012,1.046,-36.724,42.33,78,22,0,1,251.29,400,-2.924,0,0,7,"=","=","=","=","=","=","=","=","",1,L,"CAT tourniquet",190,85,0.451,,82,W,Y,0,,,,,,,,,,,,,,,,,,,,,,,,,,,,0,0,,,,,,,,,,,,,,3192.948,,,,,,,,,,,,,,,,,,,,,,,,0.057,-37.978,-0.049,-17.788,-21.529,-48.299,-8.915,-49.825,24.371,-50.902,12.229,-61.566,49.73,-93.29,-4.002,-118.006,-40.186,-85.396,,,,"",,,,"",,,,"",,,,"",,,,"",,,,"",,,,"",,,,"",,,,3185.378,-0.057,-37.826,,,,,,,,,,,,,,,,,,,,,,,,,,,,,,,,,,,,,,,,,,,,,,,,,,,,"",0,0,"",,3183.766,,0,""
121,,5,1,6,3,1,0,1,0,0,1,255,255,3,0,3193.255,"_Chun",L,26,89,140,-2.42,0.462,-0.619,2.151,-0.985,1.722,-36.724,56.493,74,26,0,1,-36.216,-179.557,0.066,0,0,7,"=","=","=","=","=","=","=","=","",1,L,"CAT tourniquet",190,85,0.451,,82,W,Y,0,,,,,,,,,,,,,,,,,,,,,,,,,,,,0,0,,,,,,,,,,,,,,3205.123,,,,,,,,,,,,,,,,,,,,,,,,-0.002,-37.902,-0.038,-17.804,-21.808,-48.242,-9.519,-52.205,24.206,-50.189,12.068,-61.4,48.879,-93.917,1.156,-120.713,-31.828,-86.977,,,,"",,,,"",,,,"",,,,"",,,,"",,,,"",,,,"",,,,"",,,,3197.91,-0.401,-37.163,,,,,,,,,,,,,,,,,,,,,,,,,,,,,,,,,,,,,,,,,,,,,,,,,,,,"",0,0,"",,3195.819,,0,""
122,,5,1,6,3,2,0,1,0,0,1,255,255,3,0,3205.645,"_Chun",L,26,83,135,-3.028,0.901,-0.659,2.198,-1.224,1.982,-36.724,67.575,79,21,0,1,-51.951,-189.65,-1.538,0,0,7,"=","=","=","=","=","=","=","=","",1,L,"CAT tourniquet",190,85,0.451,,82,W,Y,0,,,,,,,,,,,,,,,,,,,,,,,,,,,,0,0,,,,,,,,,,,,,,,,,,,,,,,,,,,,,,,,,,,,,,0.007,-38.041,-0.039,-17.813,-21.736,-48.269,-9.379,-52.091,23.943,-50.003,12.063,-61.438,48.849,-94.04,1.349,-121.932,-33.788,-76.389,,,,"",,,,"",,,,"",,,,"",,,,"",,,,"",,,,"",,,,"",,,,3211.315,-0.037,-36.93,,,,,,,,,,,,,,,,,,,,,,,,,,,,,,,,,,,,,,,,,,,,,,,,,,,,"",0,0,"",,3208.389,,0,""
123,,5,1,6,3,3,0,1,0,0,1,255,255,3,0,3219.262,"_Chun",L,10,79,119,-0.127,0.024,-0.499,2.265,-0.151,2.077,-36.724,56.509,74,26,0,0,64.987,400,-7.159,0,0,7,"=","=","=","=","=","=","=","=","",1,L,"CAT tourniquet",190,85,0.451,,82,W,Y,0,,,,,,,,,,,,,,,,,,,,,,,,,,,,0,0,,,,,,,,,,,,,,3221.052,,,,,,,,,,,,,,,,,,,,,,,,0.004,-38.017,-0.041,-17.797,-21.784,-48.502,-9.278,-52.138,23.654,-49.298,14.678,-62.721,49.51,-93.703,1.251,-122.825,-38.824,-78.208,,,,"",,,,"",,,,"",,,,"",,,,"",,,,"",,,,"",,,,"",,,,3225.319,0.154,-37.88,,,,,,,,,,,,,,,,,,,,,,,,,,,,,,,,,,,,,,,,,,,,,,,,,,,,"",0,0,"",,3222.749,,0,""
124,,5,1,6,3,3,1,1,0,0,1,255,255,3,0,3234.026,"_Chun",L,13,75,102,-0.353,-0.496,-0.763,2.226,-0.836,1.798,-36.724,44.188,81,19,0,2,338.017,342.227,-12.843,0,0,7,"=","=","=","=","=","=","=","=","",1,L,"CAT tourniquet",190,85,0.451,3,82,W,Y,1,3235.17,196,154,168,110,67,145,87,-30,-57.913,-0.101,0.912,-20.916,1,0,0.342,-153.897,-112.296,-223.144,3233.65,2.154,-22.327,,,,,,0,0,,,,,,,,,,,,,,3234.184,,,,,,,,,,,,,,,,,,,,,,,,-0.219,-37.906,0.01,-17.653,-21.825,-48.273,-8.827,-51.603,23.617,-49.252,14.612,-62.733,48.644,-93.809,-0.344,-120.542,-38.839,-78.228,-0.499,-37.257,,"k@ster",0,-17.671,,"Penguin_iDOL",-21.818,-48.279,,"Floră",-8.645,-51.317,,"xoxo_nemu",23.191,-48.831,,"ByeolBam",14.596,-62.726,,"마렘_Marem",48.797,-94.205,,"TaeGeuk_",-0.341,-120.544,,"Kr_Luna",-38.839,-78.236,,,,,,,,,,,,,,,,,,,,,,,,,,,,,,,,,,,,,,,,,,,,,,,,,,,,,,,,"",3,0,"",,3237.143,,0,""
125,,5,1,6,3,3,2,1,0,0,1,255,255,3,0,3250.285,"_Chun",L,14,77,103,1.399,0.234,-0.014,2.393,1.332,2.22,-36.724,51.087,83,17,0,0,-353.017,328.427,-9.973,0,0,7,"=","=","=","=","=","=","=","=","",1,L,"CAT tourniquet",190,85,0.451,,44,W,Y,0,,,,,,,,,,,,,,,,,,,,,,,,,,,,0,0,,,,,,,,,,,,,,3250.62,3253.049,7,,578,0,,,,,,,,,,,,,,,,,,,0.112,-38.012,-0.015,-17.742,-20.999,-47.674,-7.899,-51.091,24.579,-48.665,14.886,-63.162,51.46,-91.398,1.939,-121.559,-38.832,-78.219,,,,"",,,,"",,,,"",,,,"",,,,"",,,,"",,,,"",,,,"",,,,,,,,,,,,,,,,,,,,,,,,,,,,,,,,,,,,,,,,,,,,,,,,,,,,,,,,,,"",0,0,"",,3252.922,,0,""
126,,5,1,6,3,0,0,2,0,0,1,255,255,3,0,3269.824,"_Chun",L,26,92,140,2.365,0.281,-0.253,2.12,0.601,1.519,-36.724,33.908,79,21,0,2,46.077,-195.803,-13.656,0,0,8,"=","=","=","=","=","=","=","=","Oort__Cloud",8,R,"Oort__Cloud",190,80,0.2,0,82,W,Y,1,3271.023,88,53,31,28,20,68,72,-35.527,48.637,0.293,1.043,-19.94,-0.69,0,0.075,12.75,133.858,-133.541,3269.472,-1.204,-21.254,3272.628,2,-17.782,0.055,-38.285,0,0,,3277.953,,,,,,,,,,,,,3276.833,8,,147,0,,,,,,,,,,,3276.291,2,,,,,,,0.044,-38.233,0.025,-17.709,-21.123,-47.858,-9.97,-51.546,22.366,-47.455,12.694,-63.254,51.297,-91.55,-0.189,-114.296,-40.271,-84.306,-0.1,-37.197,,"k@ster",-0.012,-17.723,,"Penguin_iDOL",-20.997,-47.952,,"Floră",-9.769,-50.911,,"xoxo_nemu",22.372,-47.481,,"ByeolBam",12.68,-63.261,,"마렘_Marem",51.401,-91.368,,"TaeGeuk_",-0.234,-115.925,,"Kr_Luna",-40.252,-84.304,,,,,,,,3274.256,-18.353,-38.409,,,,,,,,,,,,,,,,,,,,,,,,,,,,,,,,,,,,,,,,,,,,,,"",2,0,"Penguin_iDOL",,3276.425,,16,""
127,SIDE,5,1,6,3,0,0,2,0,0,1,255,255,3,,3279.699,,,,,,,,,,,,,,,,,,,,,,,0,"=","=","=","=","=","=","=","=","=",,,,,,,,,,,,,,,,,,,,,,,,,,,,,,,,,,,,,,,0,0,,,,,,,,,,,,,,,,,,,,,,,,,,,,,,,,,,,,,,,,,,,,,,,,,,,,,,,,,,,,,,,,,,,,,,,,,,,,,,,,,,,,,,,,,,,,,,,,,,,,,,,,,,,,,,,,,,,,,,,,,,,,,,,,,,,,,,,,,,,,,,,,,"",0,0,"",,,,0,""
128,,5,0,6,3,0,0,0,0,0,0,255,255,255,0,3351.98,"coder_",R,26,79,129,-0.999,0.392,0.241,1.788,-0.432,1.66,-36.675,30.425,94,6,0,2,-7.38,-200,-0.641,0,0,7,"마렘_Marem","xoxo_nemu","Floră","ByeolBam","Penguin_iDOL","k@ster","_Chun","Kr_Luna","TaeGeuk_",8,L,"Kr_Luna",190,95.432,0.499,3,65,W,Y,1,3352.944,151,154,151,86,42,145,130,112.789,47.216,-0.182,1.177,-20.539,0.36,0,0.072,173.502,-382.382,-139.164,,,,,,,,,0,0,,,,,,,,,,,,,,,,,,,,,,,,,,,,,,,,,,,,,,-0.117,-37.595,-0.012,-17.849,-21.014,-46.29,-15.511,-63.109,21.198,-49.74,12.851,-63.143,40.492,-78.239,5.067,-114.885,-50.127,-102.022,-0.12,-37.199,,"CAT tourniquet",-0.058,-17.937,,"Pring__",-20.868,-46.157,,"Ainy4／あいにゃ",-15.714,-62.943,,"SUGUN",21.22,-49.6,,"CoalCat",12.845,-63.09,,"Salmon247",40.495,-78.235,,"muyang_",5.123,-114.861,,"Oort__Cloud",-50.115,-102.006,,,,,,,,,,,,,,,,,,,,,,,,,,,,,,,,,,,,,,,,,,,,,,,,,,,,,,,,"",3,0,"",,,,0,""
129,,5,0,6,3,0,1,0,0,0,0,255,255,255,0,3367.933,"coder_",R,10,71,101,0.256,0.396,0.259,2.255,-0.015,2.447,-36.675,45.677,89,11,0,2,56.858,400,8.602,0,0,7,"=","=","=","=","=","=","=","=","=",8,L,"Kr_Luna",190,95.432,0.499,3,65,W,Y,1,3368.997,110,125,139,87,40,137,121,98.435,76.678,0.045,1.11,-20.045,0.72,0,0.13,344.396,-410.434,196.076,,,,,,,,,0,0,,,,,,,,,,,,,,,,,,,,,,,,,,,,,,,,,,,,,,0.021,-37.873,-0.012,-17.834,-21,-46.136,-15.351,-63.045,20.99,-49.21,12.925,-63.199,41.143,-79.393,6.808,-114.187,-48.959,-102.124,0.447,-37.331,,"CAT tourniquet",-0.063,-17.901,,"Pring__",-20.941,-45.771,,"Ainy4／あいにゃ",-15.539,-62.927,,"SUGUN",20.95,-49.117,,"CoalCat",12.923,-63.067,,"Salmon247",40.757,-80.221,,"muyang_",6.867,-114.202,,"Oort__Cloud",-48.958,-102.094,,,,,,,,,,,,,,,,,,,,,,,,,,,,,,,,,,,,,,,,,,,,,,,,,,,,,,,,"",3,0,"",,,,0,""
130,,5,0,6,3,0,2,0,0,0,0,255,255,255,0,3383.008,"coder_",R,10,74,103,2.306,-0.198,0.651,2.184,0.985,2.057,-36.675,48.536,84,16,0,1,0,400,9.33,0,0,7,"=","=","=","=","=","=","=","=","=",8,L,"Kr_Luna",190,95.432,0.499,,65,W,Y,0,,,,,,,,,,,,,,,,,,,,,,,,,,,,0,0,,,,,,,,,,,,,,,,,,,,,,,,,,,,,,,,,,,,,,0.277,-37.821,-0.022,-17.839,-21.188,-46.007,-15.576,-63.369,21.152,-49.404,12.967,-62.9,41.543,-81.245,6.839,-114.023,-48.746,-100.955,,,,"",,,,"",,,,"",,,,"",,,,"",,,,"",,,,"",,,,"",,,,,,,,,,,,,,,,,,,,,,,,,,,,,,,,,,,,,,,,,,,,,,,,,,,,,,,,,,"",0,0,"",,,,0,""
131,,5,0,6,3,1,2,0,0,0,0,255,255,255,0,3396.683,"coder_",R,26,82,134,-1.841,-0.007,0.231,1.754,-0.476,1.55,-36.675,28.153,90,10,0,2,39.074,-200,2.322,0,0,7,"=","=","=","=","=","=","=","=","=",8,L,"Kr_Luna",190,95.432,0.499,3,65,W,Y,1,3397.606,143,105,119,70,26,145,101,25.951,-34.939,-0.096,1.125,-20.204,-0.28,0,0.065,294.649,-495.675,165.407,3401.039,60.998,-89.61,3404.184,6,69.532,0.054,-96.083,1,0,,3403.247,3407.843,,,,,,,,,,,,,,,,,,,,,,,,,,,,,,,,,,,-0.02,-37.565,-0.03,-17.874,-21.258,-46.226,-15.603,-63.373,21.252,-49.744,12.976,-62.971,42.388,-81.546,5.346,-115.134,-48.686,-100.975,0.085,-37.181,,"CAT tourniquet",-0.019,-17.97,,"Pring__",-21.221,-46.123,,"Ainy4／あいにゃ",-15.645,-63.219,,"SUGUN",21.215,-49.466,,"CoalCat",12.906,-62.906,59,"Salmon247",42.384,-81.545,107,"muyang_",5.286,-115.134,,"Oort__Cloud",-48.741,-100.945,,3421.642,0.683,-39.007,,,,,,,,,,,,,3409.693,26.645,-78.819,3405.8,68.82,-95.873,,,,,,,,,,,,,,,,,,,,,,3420.455,6.25,-53.024,3407.874,62.633,-95.833,,,,,,,"",2,0,"Salmon247",3407.843,,,74,""
132,,5,0,6,3,0,0,0,0,1,0,255,18,255,0,3440.597,"coder_",R,26,82,133,0.144,-0.807,0.334,1.579,0.002,0.93,-36.675,30.711,48,52,0,2,34.55,-200,2.771,0,0,8,"=","=","=","=","=","=","=","=","=",7,R,"TaeGeuk_",176.6,90.533,0.624,3,60,W,Y,1,3441.466,236,105,89,116,79,145,127,9.585,32.436,0.034,0.717,-20.882,0.3,0,0.193,-1.735,164.39,52.723,3442.095,-37.448,-77.017,3443.05,8,-45.381,0.154,-87.881,1,0,,3446.605,,,,,,,3446.817,,,,,,,,,,,,,,,,,,,,,3449.306,2,,,,,,,-0.104,-37.306,-0.08,-17.875,-18.847,-43.98,-14.858,-62.18,19.75,-46.688,9.12,-61.024,45.806,-81.107,-8.778,-110.339,-49.895,-99.63,0.189,-37.363,,"CAT tourniquet",-0.036,-17.834,,"Pring__",-18.694,-43.836,85,"Ainy4／あいにゃ",-14.93,-62.017,,"SUGUN",19.648,-46.423,,"CoalCat",9.189,-60.942,,"Salmon247",45.805,-81.112,,"muyang_",-8.759,-110.312,,"Oort__Cloud",-49.856,-99.63,102,3452.218,-0.942,-38.511,,,,3447.654,-21.888,-44.469,,,,,,,,,,,,,,,,3444.718,-46.063,-88.775,,,,,,,3451.212,-17.801,-40.189,,,,,,,,,,,,,,,,3445.616,-43.118,-83.572,"",2,0,"Oort__Cloud",,3446.817,,262,""
133,,5,0,6,3,0,0,0,1,0,1,17,255,18,0,3480.245,"coder_",R,27,71,123,-0.403,-0.132,0.3,1.708,-0.156,1.372,-36.675,21.465,58,42,0,0,-18.352,-127.906,3.753,0,0,0,"=","=","=","=","=","=","=","=","=",6,L,"마렘_Marem",170.9,89.804,0.297,,82,W,Y,0,,,,,,,,,,,,,,,,,,,,,,,,,,,,0,0,,,,,,,,,,,,,,3493.271,,,,,,,,,,,,,,,,,,,,,,,,-0.023,-37.612,0.054,-17.865,-19.061,-40.867,-12.553,-59.725,20.536,-43.421,13.702,-60.996,45.905,-83.047,4.409,-112.449,-45.926,-98.018,,,,"",,,,"",,,,"",,,,"",,,,"",,,,"",,,,"",,,,"",,,,3486.362,0.158,-37.745,,,,,,,,,,,,,,,,,,,,,,,,,,,,,,,,,,,,,,,,,,,,,,,,,,,,"",0,0,"",,3482.34,,0,""
134,,5,0,6,3,0,1,0,1,0,1,17,255,18,0,3496.047,"coder_",R,26,57,112,-0.473,-0.716,0.434,1.828,-0.242,0.993,-36.675,24.464,53,47,0,0,12.059,-161.502,-0.308,0,0,0,"=","=","=","=","=","=","=","=","=",6,L,"마렘_Marem",170.9,89.804,0.297,,82,W,Y,0,,,,,,,,,,,,,,,,,,,,,,,,,,,,0,0,,,,,,,,,,,,,,,,,,,,,,,,,,,,,,,,,,,,,,0.063,-37.547,-0.085,-17.752,-19.386,-39.834,-11.919,-60.182,20.463,-43.474,13.672,-60.985,46.991,-85.824,3.566,-112.578,-45.926,-98.055,,,,"",,,,"",,,,"",,,,"",,,,"",,,,"",,,,"",,,,"",,,,3500.993,0.31,-37.679,,,,,,,,,,,,,,,,,,,,,,,,,,,,,,,,,,,,,,,,,,,,,,,,,,,,"",0,0,"",,3498.465,,0,""
135,,5,0,6,3,0,2,0,1,0,1,17,255,18,0,3509.418,"coder_",R,27,61,115,0.362,0.706,0.363,1.837,0.14,1.837,-36.675,29.082,54,46,0,2,3.879,-134.982,5.322,0,0,0,"=","=","=","=","=","=","=","=","=",6,L,"마렘_Marem",170.9,89.804,0.297,5,82,W,Y,1,3510.438,95,59,70,53,41,130,113,-30,-21.799,0.22,1.191,-20.132,0.81,0,0.274,203.934,-515.039,-110.877,3508.917,0.947,-21.936,3510.861,5,14.113,2.04,-54.438,0,0,,3515.907,,,,,,,,,3515.685,3511.813,,3509.581,3514.903,8,1,164,8,3516.534,0,,147,32,,,,,,,,,,,,,,-0.045,-37.423,-0.091,-17.898,-18.681,-40.867,-10.824,-59.302,20.176,-45.072,13.62,-60.969,45.242,-84.089,0.883,-112.366,-46.028,-97.978,-0.339,-37.597,,"CAT tourniquet",-0.031,-17.906,,"Pring__",-17.308,-42.988,86,"Ainy4／あいにゃ",-10.891,-59.159,119,"SUGUN",19.867,-45.898,,"CoalCat",13.671,-60.809,85,"Salmon247",45.918,-83.753,,"muyang_",0.785,-111.396,,"Oort__Cloud",-45.946,-98.059,,3519.116,-0.554,-38.57,,,,3515.904,-17.901,-40.905,3514.336,0.546,-58.593,,,,3512.456,14.38,-55.52,,,,,,,,,,,,,,,,3518.31,-13.33,-40.037,3515.01,-2.813,-56.334,,,,3513.559,11.978,-55.526,,,,,,,,,,"",2,0,"CoalCat",,,3515.685,46,""
136,,5,0,6,4,0,0,2,0,0,0,255,255,255,0,3534.709,"coder_",R,14,60,91,1.684,0.882,0.268,2.377,0.022,2.744,-36.675,57.641,93,7,0,1,298.097,346.637,7.914,0,0,1,"=","=","=","=","=","=","=","=","=",4,R,"xoxo_nemu",174.3,95,0.5,,81,W,Y,0,,,,,,,,,,,,,,,,,,,,,,,,,,,,0,0,,,,,,,,,,,,,,,,,,,,,,,,,,,,,,,,,,,,,,0.13,-37.793,0.25,-17.724,-20.626,-45.966,-15.45,-61.798,19.703,-46.118,10.953,-64.334,45.572,-82.53,-0.645,-109.573,-49.149,-99.9,,,,"",,,,"",,,,"",,,,"",,,,"",,,,"",,,,"",,,,"",,,,3541.693,-0.011,-37.78,,,,,,,,,,,,,,,,,,,,,,,,,,,,,,,,,,,,,,,,,,,,,,,,,,,,"",0,0,"",,,,0,""
137,,5,0,6,4,1,0,2,0,0,0,255,255,255,0,3548.255,"coder_",R,10,77,105,-0.015,-0.354,0.328,1.938,-0.016,2.012,-36.675,30.535,91,9,0,2,0,400,13.699,0,0,1,"=","=","=","=","=","=","=","=","=",4,R,"xoxo_nemu",174.3,95,0.5,3,81,W,Y,1,3549.661,145,122,52,98,53,135,120,25.856,39.619,-0.061,0.777,-20.341,0.29,0,0.224,557.72,-78.42,-154.022,3555.228,-78.428,-116.965,,,,,,0,0,,3556.585,3562.144,3567.253,3572.492,,,,,,,,,,,,,,,,,,,,,,,,,,,,,,,,,0.076,-37.668,0.178,-17.772,-20.653,-45.996,-15.338,-61.835,19.67,-46.12,10.983,-64.308,49.81,-87.463,-0.819,-109.535,-49.904,-100.487,-0.261,-37.763,,"CAT tourniquet",0.156,-17.844,,"Pring__",-20.582,-45.916,,"Ainy4／あいにゃ",-15.432,-61.672,,"SUGUN",19.699,-47.711,,"CoalCat",10.972,-64.157,,"Salmon247",49.431,-87.97,,"muyang_",-0.712,-109.502,,"Oort__Cloud",-49.95,-100.858,,,,,,,,,,,,,,,,,,,,,,,,,,,,,,,,,,,,,,,,,,,,,,,,,,,,,,,,"",4,0,"",3562.144,3567.253,,0,""
138,,5,0,6,5,0,0,2,0,0,0,255,255,255,0,3590.507,"coder_",R,26,86,140,0.774,-0.875,0.386,1.549,0.244,0.884,-36.675,27.003,53,47,0,2,59.056,-200,5.596,0,0,2,"=","=","=","=","=","=","=","=","=",3,R,"Floră",190,85.304,0.403,0,89,W,Y,1,3591.935,176,106,87,48,0,144,97,-47.968,0.845,0.136,0.64,-19.78,-0.69,0,0.443,-273.222,-126.703,144.592,3590.272,0.129,-20.303,3593.461,5,-0.403,0.267,-59.754,0,4,,3597.828,,,,,,,,,,,,,3597.51,2,,147,8,,,,,,,,,,,,,,,,,,,0.097,-37.545,0.182,-17.714,-21.778,-46.97,-15.423,-62.435,20.059,-49.111,10.31,-63.081,50.554,-88.039,-0.651,-118.185,-49.565,-102.237,-0.057,-37.357,,"CAT tourniquet",0.035,-17.985,,"Pring__",-21.757,-46.945,,"Ainy4／あいにゃ",-15.613,-62.264,,"SUGUN",20.305,-49.598,,"CoalCat",10.339,-63.008,102,"Salmon247",50.617,-86.441,,"muyang_",-0.658,-118.184,,"Oort__Cloud",-49.387,-102.322,,,,,,,,3596.866,-17.967,-41.072,,,,,,,3595.037,-0.292,-60.86,,,,,,,,,,,,,,,,,,,,,,,,,3595.825,-3.816,-57.496,,,,,,,,,,"",2,0,"CoalCat",,,,12,""
139,SIDE,5,0,6,5,0,0,2,0,0,0,255,255,255,,3598.946,,,,,,,,,,,,,,,,,,,,,,,3,"=","=","=","=","=","=","=","=","=",,,,,,,,,,,,,,,,,,,,,,,,,,,,,,,,,,,,,,,0,0,,,,,,,,,,,,,,,,,,,,,,,,,,,,,,,,,,,,,,,,,,,,,,,,,,,,,,,,,,,,,,,,,,,,,,,,,,,,,,,,,,,,,,,,,,,,,,,,,,,,,,,,,,,,,,,,,,,,,,,,,,,,,,,,,,,,,,,,,,,,,,,,,"",0,0,"",,,,0,""
140,,6,1,6,5,0,0,0,0,0,0,255,255,255,0,3683.617,"TaeGeuk_",R,10,65,109,0.64,-1.269,0.63,0.971,0.26,1.396,-36.838,38.683,15,10,76,2,0,400,22.994,0,0,0,"SUGUN","coder_","Pring__","CoalCat","muyang_","Ainy4／あいにゃ","Salmon247","CAT tourniquet","Oort__Cloud",4,R,"SUGUN",190,82,0.5,3,81,W,Y,1,3685.079,190,173,67,130,88,140,84,-30,44.514,0.143,0.623,-21.238,1,0,0.692,-131.258,329.462,-357.443,3683.495,-0.868,-22.262,3685.495,2,-16.772,0.09,-43.159,0,0,,,,,,,,,,,,,,,3688.833,0,,147,0,,,,,,,,,,,3688.242,2,,,,,,,0.258,-37.942,-0.034,-17.648,-21.037,-47.272,-8.98,-49.39,20.918,-46.404,13.861,-64.623,42.489,-92.058,-3.135,-117.785,-41.877,-86.031,0.384,-37.228,,"k@ster",-0.039,-17.672,,"Penguin_iDOL",-20.954,-47.329,90,"Floră",-9.356,-49.99,,"xoxo_nemu",20.92,-46.394,,"ByeolBam",13.864,-64.623,,"마렘_Marem",42.475,-92.046,,"_Chun",-3.875,-116.262,,"Kr_Luna",-42.651,-86.277,,3690.852,-1.18,-37.61,,,,3687.134,-17.247,-43.258,,,,,,,,,,,,,,,,,,,,,,,,,3689.91,-18.153,-39.271,,,,,,,,,,,,,,,,,,,"",2,0,"Penguin_iDOL",,,,272,""
141,,6,1,6,5,0,0,1,0,0,0,255,255,255,0,3707.438,"TaeGeuk_",R,3,80,118,-1.974,-0.817,0.527,0.837,-0.099,1.127,-36.838,34.878,5,10,85,4,-441.866,0,22.299,0,0,1,"=","=","=","=","=","=","=","=","=",0,R,"coder_",190,80,0.302,,81,W,Y,1,,,,,,,,,,,,,,,,,,,,,,,,,,,,0,0,,,,,,,,,,,,,,,,,,,,,,,,,,,,,,,,,,,,,,0.296,-37.925,-0.016,-17.656,-20.692,-47.24,-9.661,-48.711,23.555,-49.854,14.244,-64.427,39.997,-92.112,-2.452,-101.949,-43.48,-83.794,,,,"",,,,"",,,,"",,,,"",,,,"",,,,"",,,,"",,,,"",,,,3712.401,-0.356,-37.588,,,,,,,,,,,,,,,,,,,,,,,,,,,,,,,,,,,,,,,,,,,,,,,,,,,,"",0,0,"",,,,0,""
142,,6,1,6,5,0,1,1,0,0,0,255,255,255,0,3722.314,"TaeGeuk_",R,32,75,126,-0.262,0.284,0.464,1.056,-0.39,1.836,-36.838,22.467,3,8,89,2,163.528,23.457,15.721,0,0,1,"=","=","=","=","=","=","=","=","=",0,R,"coder_",190,80,0.302,5,81,W,Y,1,3723.383,102,59,122,58,35,136,131,25.072,89.681,-0.054,1.119,-20.109,0.52,0,0.541,209.364,203.551,-301.116,,,,,,,,,0,0,,,,,,,,,,,,,,,,,,,,,,,,,,,,,,,,,,,,,,0.253,-37.873,-0.037,-17.698,-20.372,-45.911,-9.875,-48.67,23.446,-49.649,13.237,-64.4,40.724,-93.095,-2.114,-101.932,-43.453,-83.799,0.569,-37.054,,"k@ster",-0.073,-17.704,,"Penguin_iDOL",-20.542,-45.713,,"Floră",-10.018,-49.039,,"xoxo_nemu",23.322,-49.451,,"ByeolBam",11.494,-64.691,,"마렘_Marem",40.745,-93.131,,"_Chun",-2.39,-101.938,,"Kr_Luna",-43.448,-83.801,,,,,,,,,,,,,,,,,,,,,,,,,,,,,,,,,,,,,,,,,,,,,,,,,,,,,,,,"",3,0,"",,,,0,""
143,,6,1,6,5,0,2,1,0,0,0,255,255,255,0,3740.028,"TaeGeuk_",R,12,75,111,0.321,-0.969,0.588,0.934,0.122,1.163,-36.838,26.256,7,4,88,2,0,95.205,37.35,0,0,1,"=","=","=","=","=","=","=","=","=",0,R,"coder_",190,80,0.302,0,81,W,Y,1,3741.123,173,133,132,95,62,145,116,-12.592,11.585,0.052,0.611,-20.925,0.93,0,0.528,-145.515,-159.027,-58.754,3739.572,-0.438,-23.327,3743.217,7,-11.365,0.06,-92.683,1,0,,3746.307,,,,,,,,,,,,,,,,,,,,,,,,,,,,,,,,,,,,0.306,-37.944,0.005,-17.677,-20.537,-46.317,-9.988,-47.231,24.183,-49.67,10.355,-65.518,40.916,-92.924,-4.442,-104.243,-43.845,-83.679,0.479,-37.724,,"k@ster",-0.072,-17.709,,"Penguin_iDOL",-20.45,-46.547,,"Floră",-10.227,-47.476,,"xoxo_nemu",24.175,-49.652,,"ByeolBam",7.598,-66.032,,"마렘_Marem",40.914,-92.92,,"_Chun",-3.529,-103.742,77,"Kr_Luna",-43.842,-83.657,,3752.104,-0.21,-38.695,,,,,,,,,,,,,,,,,,,3744.919,-11.434,-93.447,,,,,,,,,,,,,,,,,,,,,,,,,3749.825,-5.174,-75.79,,,,"",2,0,"_Chun",,,,320,""
144,,6,1,6,5,0,0,1,1,0,0,0,255,255,0,3763.644,"TaeGeuk_",R,32,87,140,-1.043,-0.239,0.385,0.958,-0.76,1.519,-36.838,27.455,7,9,84,2,208.812,33.538,7.979,0,0,2,"=","=","=","=","=","=","=","=","=",2,L,"Pring__",190,95.125,0.481,3,81,W,Y,0,3764.598,237,115,93,84,53,145,87,102.131,76.813,-0.195,0.926,-20.332,-1,0,0.448,516.4,-266.385,149.524,3768.117,56.067,0.571,,,,,,0,0,,,,,,,,,,,,3778.588,,,,,,,,,,,,,,,,,,,,,,,,,,0.235,-37.825,-0.02,-17.711,-20.074,-42.515,-9.396,-55.531,24.046,-51.169,15.461,-62.871,47.766,-90.379,0.214,-96.273,-39.39,-81.867,0.477,-36.553,,"k@ster",-0.047,-17.735,,"Penguin_iDOL",-19.923,-44.837,,"Floră",-9.487,-55.418,,"xoxo_nemu",23.91,-50.915,,"ByeolBam",15.468,-62.896,,"마렘_Marem",47.911,-90.714,,"_Chun",-0.035,-97.105,,"Kr_Luna",-39.386,-81.861,,,,,,,,,,,,,,,,,,,,,,,,,,,,,,,,,,,,,,,,,,,,,,,,,,,,,,,,"",3,0,"",,,,0,""
145,,6,1,6,5,0,1,1,1,0,0,0,255,255,0,3780.293,"TaeGeuk_",R,0,71,123,1.869,-1.533,0.623,0.693,0.795,0.672,-36.838,54.321,8,11,81,2,0,0,3.544,0,0,2,"=","=","=","=","=","=","=","=","=",2,L,"Pring__",190,95.125,0.481,3,81,W,Y,0,3781.34,187,171,79,86,84,145,87,25.624,-64.58,0.351,0.452,-20.75,1,0,0.783,203.717,-345.139,-161.478,3781.761,40.355,-37.511,,,,,,0,0,,,,,,,,,,,,3787.829,,,,,,,,,,,,,,,,,,,,,,,,,,0.22,-37.988,0.01,-17.678,-19.471,-45.313,-9.524,-54.303,24.54,-50.353,15.502,-63.222,47.404,-89.836,0.812,-98.657,-36.245,-82.503,0.623,-36.813,,"k@ster",-0.03,-17.742,,"Penguin_iDOL",-19.536,-45.315,,"Floră",-9.487,-54.262,,"xoxo_nemu",24.421,-50.239,,"ByeolBam",15.455,-63.221,,"마렘_Marem",47.415,-89.851,,"_Chun",0.932,-98.58,,"Kr_Luna",-36.235,-82.512,,,,,,,,,,,,,,,,,,,,,,,,,,,,,,,,,,,,,,,,,,,,,,,,,,,,,,,,"",3,0,"",,,,0,""
146,,6,1,6,5,0,2,1,1,0,0,0,255,255,0,3797.847,"TaeGeuk_",R,0,74,111,-0.12,-0.841,0.613,0.79,-0.013,1.121,-36.838,43.005,19,6,75,2,-30.633,0,18.351,0,0,2,"=","=","=","=","=","=","=","=","=",2,L,"Pring__",190,95.125,0.481,3,81,W,Y,0,3798.826,211,167,69,102,79,143,85,99.16,83.098,0.017,0.743,-21.384,1,0,0.902,163.047,-255.353,-366.902,3801.583,62.832,-9.522,,,,,,0,0,,,,,,,,,,,,3803.82,,,,,,,,,,,,,,,,,,,,,,,,,,0.329,-37.629,-0.032,-17.714,-17.866,-44.885,-10.733,-53.416,22.679,-49.18,15.143,-62.893,49.571,-90.156,0.234,-99.933,-35.322,-80.757,0.693,-36.942,,"k@ster",-0.021,-17.747,,"Penguin_iDOL",-17.964,-44.738,,"Floră",-10.131,-53.02,,"xoxo_nemu",22.692,-49.158,,"ByeolBam",14.978,-62.924,,"마렘_Marem",49.564,-90.15,,"_Chun",0.2,-99.929,,"Kr_Luna",-34.213,-80.966,,,,,,,,,,,,,,,,,,,,,,,,,,,,,,,,,,,,,,,,,,,,,,,,,,,,,,,,"",3,0,"",,,,0,""
147,,6,1,6,5,0,2,1,1,0,0,0,255,255,0,3817.892,"TaeGeuk_",R,4,61,98,-0.506,-1.789,0.586,0.658,0.107,0.541,-36.838,70.522,0,24,76,2,-155.17,0,-2.87,0,0,2,"=","=","=","=","=","=","=","=","=",2,L,"Pring__",190,95.125,0.481,3,81,W,Y,0,3818.938,215,78,119,98,98,145,87,3.313,-2.063,-0.035,0.418,-21.582,1,0,0.816,-113.371,-360.739,-133.036,3817.928,0.811,-37.582,3818.339,0,0.716,0.34,-36.042,0,0,,,,,,,,,,,,,,,3820.009,2,,449,0,3821.999,1,1,659,256,,,,,,,,,,,,,,0.292,-37.844,-0.009,-17.707,-18.56,-44.85,-10.082,-55.615,23.451,-49.073,15.214,-62.351,51.234,-89.195,0.037,-101.872,-34.076,-80.693,0.509,-36.767,108,"k@ster",-0.016,-17.7,,"Penguin_iDOL",-18.444,-44.964,,"Floră",-9.977,-55.588,,"xoxo_nemu",23.432,-49.065,,"ByeolBam",15.159,-62.294,,"마렘_Marem",50.605,-89.719,,"_Chun",0.445,-102.147,,"Kr_Luna",-35.563,-81.069,,3820.019,0.61,-36.96,,,,3822.008,-18.375,-40.045,,,,,,,,,,,,,,,,,,,3821.2,-3.705,-39.231,,,,,,,,,,,,,,,,,,,,,,,,,"",1,0,"TaeGeuk_",,,,272,""
148,SIDE,6,1,6,5,0,0,2,0,0,0,255,255,255,,3825.98,,,,,,,,,,,,,,,,,,,,,,,3,"=","=","=","=","=","=","=","=","=",,,,,,,,,,,,,,,,,,,,,,,,,,,,,,,,,,,,,,,0,0,,,,,,,,,,,,,,,,,,,,,,,,,,,,,,,,,,,,,,,,,,,,,,,,,,,,,,,,,,,,,,,,,,,,,,,,,,,,,,,,,,,,,,,,,,,,,,,,,,,,,,,,,,,,,,,,,,,,,,,,,,,,,,,,,,,,,,,,,,,,,,,,,"",0,0,"",,,,0,""
149,,6,0,6,5,0,0,0,0,0,0,255,255,255,0,3855.889,"coder_",R,14,66,95,1.521,0.621,0.066,2.249,-0.038,2.571,-36.675,46.196,91,9,0,2,309.206,349.022,2.627,0,0,3,"마렘_Marem","xoxo_nemu","Floră","ByeolBam","Penguin_iDOL","k@ster","_Chun","Kr_Luna","TaeGeuk_",5,R,"ByeolBam",175.3,90,0.5,0,81,W,Y,1,3856.974,245,98,123,79,45,145,87,54.179,1.99,0.264,1.213,-20.524,-1,0,0.185,514.591,45.414,-51.514,3861.261,-1.845,-72.44,3861.35,3,-1.764,2.912,-70.977,0,0,,3863.519,,,,,,,,,,,,,3863.062,3,,452,0,,,,,,,,,,,,,,,,,,,-0.075,-37.925,-0.025,-16.886,-20.964,-46.669,-15.743,-62.284,20.426,-47.539,10.478,-64.574,44.559,-84.579,0.512,-112.357,-49.803,-100.108,-0.26,-37.623,,"CAT tourniquet",-0.072,-16.97,,"Pring__",-20.749,-46.536,,"Ainy4／あいにゃ",-15.897,-62.143,113,"SUGUN",20.819,-48.184,,"CoalCat",10.73,-64.273,,"Salmon247",45.113,-83.852,,"muyang_",0.459,-112.331,,"Oort__Cloud",-49.746,-100.128,,3866.026,0.044,-38.643,,,,,,,3863.072,-1.857,-71.235,,,,,,,,,,,,,,,,,,,,,,,,,3864.802,-1.734,-66.375,,,,,,,,,,,,,,,,"",1,0,"Ainy4／あいにゃ",,,,34,""
150,,6,0,6,5,0,0,1,0,0,0,255,255,255,0,3879.504,"coder_",R,6,62,95,1.809,1.147,0.186,2.372,0.095,2.601,-36.675,46.44,92,8,0,4,305.598,169.747,3.476,0,0,4,"=","=","=","=","=","=","=","=","=",2,R,"Penguin_iDOL",190,80,0.249,,81,W,Y,1,,,,,,,,,,,,,,,,,,,,,,,,,,,,0,0,,,,,,,,,,,,,,,,,,,,,,,,,,,,,,,,,,,,,,0.109,-37.824,-0.022,-17.619,-21.252,-46.884,-15.068,-62.625,19.344,-47.993,9.821,-64.487,46.378,-86.134,-0.794,-89.9,-48.195,-99.008,,,,"",,,,"",,,,"",,,,"",,,,"",,,,"",,,,"",,,,"",,,,3885.525,-0.256,-37.6,,,,,,,,,,,,,,,,,,,,,,,,,,,,,,,,,,,,,,,,,,,,,,,,,,,,"",0,0,"",,,,0,""
151,,6,0,6,5,0,1,1,0,0,0,255,255,255,0,3894.276,"coder_",R,10,59,93,-4.567,0.906,-0.305,2.306,-1.979,2.777,-36.675,50.405,96,4,0,4,0,362.554,3.978,0,0,4,"=","=","=","=","=","=","=","=","=",2,R,"Penguin_iDOL",190,80,0.249,,81,W,Y,1,,,,,,,,,,,,,,,,,,,,,,,,,,,,0,0,,,,,,,,,,,,,,,,,,,,,,,,,,,,,,,,,,,,,,-0.217,-37.788,-0.103,-17.667,-21.261,-46.796,-14.996,-62.642,19.511,-48.65,9.93,-63.82,45.068,-86.298,-1.478,-113.142,-48.223,-99.018,,,,"",,,,"",,,,"",,,,"",,,,"",,,,"",,,,"",,,,"",,,,3903.155,-0.601,-37.642,,,,,,,,,,,,,,,,,,,,,,,,,,,,,,,,,,,,,,,,,,,,,,,,,,,,"",0,0,"",,,,0,""
152,,6,0,6,5,0,2,1,0,0,0,255,255,255,0,3916.69,"coder_",R,26,83,134,0.479,-0.152,0.366,1.685,0.152,1.326,-36.675,27.016,93,7,0,2,31.562,-200,6.14,0,0,4,"=","=","=","=","=","=","=","=","=",2,R,"Penguin_iDOL",190,80,0.249,3,81,W,Y,1,3917.824,255,162,111,99,48,145,87,58.13,35.841,0.085,0.948,-20.209,-1,0,0.323,508.802,145.464,188.397,,,,3921.928,3,-34.711,3.265,-59.584,0,0,,3924.042,,,,,,,,,,,,,3923.588,4,,452,0,,,,,,,,,,,,,,,,,,,0.159,-37.716,0.021,-17.847,-21.307,-46.739,-14.97,-62.623,19.38,-48.685,9.926,-63.835,45.063,-86.305,-11.232,-116.289,-48.201,-98.964,-0.074,-36.914,,"CAT tourniquet",-0.03,-17.858,,"Pring__",-21.302,-46.72,,"Ainy4／あいにゃ",-15.274,-62.425,96,"SUGUN",19.669,-48.457,,"CoalCat",9.982,-63.737,,"Salmon247",45.062,-86.302,,"muyang_",-11.24,-116.288,,"Oort__Cloud",-48.296,-98.888,,3927.263,-1.199,-37.961,,,,,,,3923.597,-34.94,-59.931,,,,,,,,,,,,,,,,,,,,,,,,,3925.743,-26.098,-55.761,,,,,,,,,,,,,,,,"",1,0,"Ainy4／あいにゃ",,,,34,""
153,,6,0,6,5,0,0,2,0,0,0,255,255,255,0,3945.102,"coder_",R,26,83,135,-1.626,-1.633,0.158,1.465,-0.814,0.482,-36.675,21.502,43,57,0,1,70.349,-200,12.444,0,0,5,"=","=","=","=","=","=","=","=","=",1,R,"k@ster",168.4,90.427,0.8,,81,W,Y,0,,,,,,,,,,,,,,,,,,,,,,,,,,,,0,0,,,,,,,,,,,,,,,,,,,,,,,,,,,,,,,,,,,,,,0.019,-37.768,-0.06,-17.762,-20.869,-46.615,-15.851,-62.933,20.412,-49.216,9.9,-63.077,46.711,-86.69,-3.867,-103.059,-47.091,-95.651,,,,"",,,,"",,,,"",,,,"",,,,"",,,,"",,,,"",,,,"",,,,3949.207,-0.057,-37.503,,,,,,,,,,,,,,,,,,,,,,,,,,,,,,,,,,,,,,,,,,,,,,,,,,,,"",0,0,"",,,,0,""
154,,6,0,6,5,1,0,2,0,0,0,255,255,255,0,3960.958,"coder_",R,26,75,126,-0.707,1.384,0.256,1.919,-0.359,2.139,-36.675,29.671,92,8,0,2,27.503,-200,-3.588,0,0,5,"=","=","=","=","=","=","=","=","=",1,R,"k@ster",168.4,90.427,0.8,0,81,W,Y,1,3962.141,176,124,66,44,17,137,80,97.026,56.52,-0.369,1.301,-19.477,1,0,0.154,213.477,471.109,-288.715,3966.339,19.471,-8.476,,,,,,0,0,,,,,3968.776,,,,,,,,,,,,,,,,,,,,,,,,,,,,,,,,,0.015,-37.843,0.029,-17.805,-21.296,-46.717,-15.938,-62.541,20.523,-49.541,8.883,-63.508,46.855,-87.072,-9.615,-103.591,-47.16,-95.62,0.609,-37.173,,"CAT tourniquet",0.015,-17.752,,"Pring__",-21.266,-46.679,,"Ainy4／あいにゃ",-15.965,-62.418,,"SUGUN",20.725,-49.212,,"CoalCat",8.841,-63.363,,"Salmon247",46.858,-87.078,,"muyang_",-10.372,-103.345,,"Oort__Cloud",-47.039,-95.622,,,,,,,,,,,,,,,,,,,,,,,,,,,,,,,,,,,,,,,,,,,,,,,,,,,,,,,,"",3,0,"",,,,0,""
155,,6,0,6,5,1,1,2,0,0,0,255,255,255,0,3986.265,"coder_",R,10,71,113,2.559,-0.032,0.43,2.221,1.101,2.136,-36.675,60.784,90,10,0,2,0,400,0.568,0,0,5,"=","=","=","=","=","=","=","=","=",1,R,"k@ster",168.4,90.427,0.8,0,86,W,Y,1,3987.518,124,127,79,55,30,137,80,11.163,-41.934,0.596,0.734,-20.024,-1,0,0.138,-225.288,-446.084,-6.425,3987.294,21.56,-41.475,3987.761,4,22.307,0.148,-42.272,0,0,,,,,,,,,,,,,,,,,,,,,,,,,,,,,,,,,,,,,,0.124,-37.87,0.027,-17.694,-21.247,-46.676,-16.278,-61.98,20.537,-49.309,9.44,-63.318,46.972,-88.852,-0.387,-107.69,-49.704,-96.279,0.151,-36.796,,"CAT tourniquet",0.076,-17.73,,"Pring__",-21.119,-46.541,,"Ainy4／あいにゃ",-16.317,-61.838,,"SUGUN",20.333,-49.473,76,"CoalCat",9.392,-63.234,,"Salmon247",46.974,-88.853,,"muyang_",-0.454,-107.688,,"Oort__Cloud",-49.71,-96.276,,,,,,,,,,,,,,3989.428,22.103,-43.526,,,,,,,,,,,,,,,,,,,,,,,,,3991.767,19.301,-41.036,,,,,,,,,,,,,"",3,0,"SUGUN",,,,1,""
156,,6,0,6,5,1,2,2,0,0,0,255,255,255,0,4009.029,"coder_",R,41,40,88,0.903,-1.052,0.517,1.691,0.377,0.951,-36.675,39.478,65,35,0,0,0.235,-56.084,-1.037,0,0,5,"=","=","=","=","=","=","=","=","=",1,R,"k@ster",168.4,90.427,0.8,,86,W,Y,0,,,,,,,,,,,,,,,,,,,,,,,,,,,,0,0,,,,,,,,,,,,,,,4012.069,5,,578,0,,,,,,,,,,,,,,,,,,,0.042,-37.495,-0.232,-17.622,-21.646,-46.883,-15.17,-62.415,20.423,-48.563,10.049,-61.094,48.305,-88.986,-0.986,-105.462,-47.707,-93.736,,,,"",,,,"",,,,"",,,,"",,,,"",,,,"",,,,"",,,,"",,,,,,,,,,,,,,,,,,,,,,,,,,,,,,,,,,,,,,,,,,,,,,,,,,,,,,,,,,"",0,0,"",,,,0,""
157,SIDE,6,0,6,5,0,0,2,0,0,0,255,255,255,,4014.118,,,,,,,,,,,,,,,,,,,,,,,6,"=","=","=","=","=","=","=","=","=",,,,,,,,,,,,,,,,,,,,,,,,,,,,,,,,,,,,,,,0,0,,,,,,,,,,,,,,,,,,,,,,,,,,,,,,,,,,,,,,,,,,,,,,,,,,,,,,,,,,,,,,,,,,,,,,,,,,,,,,,,,,,,,,,,,,,,,,,,,,,,,,,,,,,,,,,,,,,,,,,,,,,,,,,,,,,,,,,,,,,,,,,,,"",0,0,"",,,,0,""
158,,7,1,6,5,0,0,0,0,0,0,255,255,255,0,4065.778,"TaeGeuk_",R,33,85,138,-0.412,-0.984,0.499,0.821,-0.089,1.229,-36.838,47.201,9,11,81,2,144.854,93.91,6.656,0,0,3,"SUGUN","coder_","Pring__","CoalCat","muyang_","Ainy4／あいにゃ","Salmon247","CAT tourniquet","Oort__Cloud",5,R,"CoalCat",169.5,83,0.397,5,81,W,Y,1,4066.805,255,100,113,59,35,145,127,13.14,10.353,-0.252,0.616,-21.329,0.45,0,0.488,96.987,528.137,175.736,4068.583,-27.435,-113.635,4072.317,7,-28.59,0.06,-119.931,1,0,,4072.019,4076.464,,,,,,,,,,,,,,,,,,,,,,,,,,,,,,,,,,,0.213,-37.93,-0.006,-17.615,-21.275,-46.794,-9.427,-55.276,22.06,-48.49,13.808,-64.427,43.816,-93.652,0.53,-109.135,-49.556,-91.293,0.392,-36.845,,"k@ster",-0.032,-17.689,,"Penguin_iDOL",-21.317,-46.74,,"Floră",-9.49,-55.534,,"xoxo_nemu",22.088,-48.471,,"ByeolBam",13.805,-64.434,94,"마렘_Marem",43.813,-93.652,,"_Chun",0.26,-109.523,100,"Kr_Luna",-48.365,-89.125,,4080.867,0.266,-38.874,,,,,,,,,,,,,4077.768,-2.239,-65.271,,,,4074.194,-28.387,-119.472,,,,,,,,,,,,,,,,,,,4079.616,-1.579,-61.847,,,,4075.224,-27.223,-115.099,,,,"",2,0,"_Chun",4076.464,,,328,""
159,,7,1,6,5,0,0,0,0,1,0,255,5,255,0,4099.305,"TaeGeuk_",R,32,92,140,-0.14,-1.123,0.483,0.843,-0.302,1.088,-36.838,41.386,9,4,87,2,161.565,83.96,7.297,0,0,4,"=","=","=","=","=","=","=","=","=",0,R,"muyang_",171,80,0.498,3,81,W,Y,1,4100.307,255,224,34,95,43,120,66,3.031,1.035,-0.023,0.573,-20.505,-1,0,0.344,80.405,-145.058,576.622,4099.284,-0.173,-34.08,4099.794,0,-0.264,0.178,-35.995,0,0,,,,,,,,,,,,,4099.37,,4104.336,4,,147,256,,,,,,,,,,,,,,,,,,,0.2,-37.888,0.048,-17.667,-21.355,-46.227,-9.504,-56.983,24.251,-50.489,9.479,-58.858,40.573,-90.121,-3.232,-102.824,-46.142,-97.02,0.438,-37.326,100,"k@ster",-0.03,-17.716,,"Penguin_iDOL",-21.396,-46.146,72,"Floră",-9.653,-56.863,,"xoxo_nemu",24.248,-50.466,,"ByeolBam",9.476,-58.85,,"마렘_Marem",40.574,-90.118,,"_Chun",-3.533,-102.845,,"Kr_Luna",-46.145,-97.028,,4101.651,-0.047,-37.009,,,,4103.796,-19.264,-38.858,,,,,,,,,,,,,,,,,,,4102.854,-3.386,-38.301,,,,4107.496,-17.786,-40.079,,,,,,,,,,,,,,,,,,,"",2,0,"TaeGeuk_",4101.955,,,272,""
160,,7,1,6,5,0,0,1,0,1,0,255,5,255,0,4125.129,"TaeGeuk_",R,3,77,119,-0.14,-0.795,0.657,0.842,0.508,1.141,-36.838,46.64,11,11,78,2,-339.732,0,4.675,0,0,5,"=","=","=","=","=","=","=","=","=",3,L,"Ainy4／あいにゃ",189,85,0.51,3,81,W,Y,1,4126.226,255,115,124,95,40,145,86,-30,-53.36,0.024,0.747,-21.174,1,0,0.453,-237.209,-293.373,-2.258,4124.428,1.588,-22.332,,,,,,0,0,,,,,,,,,,,,,4142.925,,,,,,,,,,,,,,,,,,,,,,,,,0.231,-37.899,-0.029,-17.8,-21.253,-47.022,-3.774,-59.157,24.29,-49.808,12.617,-61.415,40.651,-90.082,2.253,-102.536,-43.814,-94.529,0.532,-37.116,,"k@ster",-0.021,-17.817,,"Penguin_iDOL",-21.36,-46.813,,"Floră",-5.814,-61.258,,"xoxo_nemu",24.303,-49.803,,"ByeolBam",12.924,-62.492,,"마렘_Marem",41.115,-90.727,,"_Chun",2.29,-102.525,,"Kr_Luna",-43.868,-94.48,,,,,,,,,,,,,,,,,,,,,,,,,,,,,,,,,,,,,,,,,,,,,,,,,,,,,,,,"",3,0,"",4130.603,,,0,""
161,,7,1,6,5,0,1,1,0,1,0,255,5,255,0,4144.898,"TaeGeuk_",R,15,72,115,3.556,-2.262,0.652,0.576,1.529,-0.159,-36.838,72.064,14,11,75,1,0,-330.475,0.255,0.658,-18.759,5,"=","=","=","=","=","=","=","=","=",3,L,"Ainy4／あいにゃ",189,85,0.51,,81,W,Y,0,,,,,,,,,,,,,,,,,,,,,,,,,,,,0,0,,,,,,,,,,,,,,,,,,,,,,,,,,,,,,,,,,,,,,0.263,-37.873,0.001,-17.881,-20.537,-49.631,-5.858,-58.861,23.238,-48.099,12.812,-61.632,43.889,-89.859,6.407,-103.472,-39.894,-92.612,,,,"",,,,"",,,,"",,,,"",,,,"",,,,"",,,,"",,,,"",,,,,,,,,,,,,,,,,,,,,,,,,,,,,,,,,,,,,,,,,,,,,,,,,,,,,,,,,,"",0,0,"",4147.647,,,0,""
162,,7,1,6,5,1,1,1,0,1,0,255,5,255,0,4162.875,"TaeGeuk_",R,33,86,139,-0.945,0.21,0.423,1.058,-0.583,1.843,-36.838,15.434,6,7,87,0,115.013,79.224,26.525,0,0,5,"=","=","=","=","=","=","=","=","=",3,L,"Ainy4／あいにゃ",189,85,0.51,,81,W,Y,1,,,,,,,,,,,,,,,,,,,,,,,,,,,,0,0,,,,,,,,,,,,,4163.04,,,,,,,,,,,,,,,,,,,,,,,,,0.23,-37.868,0.09,-17.9,-20.346,-49.604,-6.261,-57.949,23.649,-47.354,12.717,-61.738,43.903,-89.847,3.184,-104.007,27.286,-108.248,,,,"",,,,"",,,,"",,,,"",,,,"",,,,"",,,,"",,,,"",,,,,,,,,,,,,,,,,,,,,,,,,,,,,,,,,,,,,,,,,,,,,,,,,,,,,,,,,,"",0,0,"",4165.533,,,0,""
163,,7,1,6,5,1,2,1,0,1,0,255,5,255,0,4181.738,"TaeGeuk_",R,11,77,123,1.439,-0.352,0.679,0.984,0.606,1.603,-36.838,30.755,6,6,87,0,0,167.042,28.894,0,0,5,"=","=","=","=","=","=","=","=","=",3,L,"Ainy4／あいにゃ",189,85,0.51,,81,W,Y,0,,,,,,,,,,,,,,,,,,,,,,,,,,,,0,0,,,,,,,,,,,,,4186.843,,4184.522,5,,578,0,,,,,,,,,,,,,,,,,,,0.331,-37.855,-0.021,-17.849,-20.606,-49.702,-6.731,-59.475,23.432,-47.655,15.002,-62.839,43.906,-89.85,3.976,-104.563,34.827,-110.743,,,,"",,,,"",,,,"",,,,"",,,,"",,,,"",,,,"",,,,"",,,,,,,,,,,,,,,,,,,,,,,,,,,,,,,,,,,,,,,,,,,,,,,,,,,,,,,,,,"",0,0,"",4184.314,,,0,""
164,,7,1,6,5,0,0,2,0,1,0,255,5,255,0,4204.99,"TaeGeuk_",R,3,80,118,-3.742,-0.109,0.384,0.977,-0.764,1.57,-36.838,20.501,0,14,86,1,-500,0,17.044,0,0,6,"=","=","=","=","=","=","=","=","=",6,R,"Salmon247",170,86,0.453,,80,W,Y,0,,,,,,,,,,,,,,,,,,,,,,,,,,,,0,0,,,,,,,,,,,,,4211.895,,,,,,,,,,,,,,,,,,,,,,,,,0.252,-37.803,0.003,-17.819,-20.892,-49.529,-10.184,-58.224,23.082,-47.373,13.417,-64.056,43.67,-92.153,0.562,-103.887,-39.726,-90.297,,,,"",,,,"",,,,"",,,,"",,,,"",,,,"",,,,"",,,,"",,,,,,,,,,,,,,,,,,,,,,,,,,,,,,,,,,,,,,,,,,,,,,,,,,,,,,,,,,"",0,0,"",4207.642,,,0,""
165,,7,1,6,5,0,1,2,0,1,0,255,5,255,0,4221.468,"TaeGeuk_",R,32,80,130,1.652,-0.532,0.647,0.937,0.46,1.426,-36.838,28.693,2,6,92,2,159.206,84.331,21.786,0,0,6,"=","=","=","=","=","=","=","=","=",6,R,"Salmon247",170,86,0.453,3,80,W,Y,1,4222.565,185,59,102,60,23,145,90,-57.362,-53.429,0.328,0.72,-20.228,-0.47,0.048,0.198,-324.512,-388.183,322.5,4220.806,0.898,-20.648,,,,,,0,0,,,,,,,,,,,,,4242.135,,,,,,,,,,,,,,,,,,,,,,,,,0.282,-37.907,-0.032,-17.849,-20.671,-49.621,-10.339,-58.717,22.907,-48.015,12.511,-63.647,43.685,-92.155,0.805,-103.912,-39.667,-90.525,0.708,-37.087,,"k@ster",-0.038,-17.882,,"Penguin_iDOL",-20.662,-49.625,,"Floră",-10.247,-57.796,,"xoxo_nemu",22.754,-47.806,,"ByeolBam",12.267,-63.591,,"마렘_Marem",43.669,-92.156,,"_Chun",0.624,-103.87,,"Kr_Luna",-39.667,-90.525,,,,,,,,,,,,,,,,,,,,,,,,,,,,,,,,,,,,,,,,,,,,,,,,,,,,,,,,"",3,0,"",4228.302,,,0,""
166,,7,1,6,5,0,2,2,0,1,0,255,5,255,0,4242.376,"TaeGeuk_",R,0,73,111,0.026,-0.478,0.601,0.882,0.049,1.374,-36.838,33.304,3,8,89,2,-29.303,0,39.757,0,0,6,"=","=","=","=","=","=","=","=","=",6,R,"Salmon247",170,86,0.453,0,80,W,Y,1,4243.542,255,64,142,101,52,145,129,28.301,26.052,0.026,0.792,-20.953,0.53,0.143,0.186,284.211,163.308,-9.238,4247.117,-56.19,-124.939,,,,,,0,0,,4249.061,4253.416,4258.276,4263.013,,,,4248.419,4253.246,,,,,,,,,,,,,,,,,,,,,,,,,,,,0.261,-37.974,-0.033,-17.83,-20.734,-46.429,-9.93,-55.665,21.726,-47.281,14.97,-63.245,46.893,-89.087,1.188,-101.531,-37.37,-83.886,0.498,-36.915,,"k@ster",-0.019,-17.922,,"Penguin_iDOL",-20.66,-46.452,,"Floră",-10.321,-56.842,,"xoxo_nemu",21.801,-47.349,,"ByeolBam",14.969,-63.245,,"마렘_Marem",46.883,-89.077,,"_Chun",1.054,-101.494,,"Kr_Luna",-37.444,-83.724,,,,,,,,,,,,,,,,,,,,,,,,,,,,,,,,,,,,,,,,,,,,,,,,,,,,,,,,"",4,0,"",4253.416,4248.419,4253.246,0,""
167,,7,1,8,5,0,0,2,0,0,0,255,255,255,0,4279.617,"TaeGeuk_",R,33,84,136,-1.614,1.06,0.355,1.236,-0.897,2.419,-36.838,8.997,3,39,58,1,137.175,130.938,48.269,0,0,7,"=","=","=","=","=","=","=","=","=",1,L,"CAT tourniquet",190,85,0.451,,80,W,Y,0,,,,,,,,,,,,,,,,,,,,,,,,,,,,0,0,,,,,,,,,,,,,,,,,,,,,,,,,,,,,,,,,,,,,,0.276,-37.698,-0.013,-17.725,-21.006,-47.428,-9.242,-61.263,24.224,-49.216,15.424,-63.485,44.6,-89.168,-0.155,-99.235,-43.686,-94.519,,,,"",,,,"",,,,"",,,,"",,,,"",,,,"",,,,"",,,,"",,,,,,,,,,,,,,,,,,,,,,,,,,,,,,,,,,,,,,,,,,,,,,,,,,,,,,,,,,"",0,0,"",,,,0,""
168,,7,1,8,5,1,0,2,0,0,0,255,255,255,0,4292.853,"TaeGeuk_",R,34,86,139,-0.61,-0.061,0.462,1.003,-0.402,1.665,-36.838,13.604,7,7,85,0,86.736,67.882,18.502,0,0,7,"=","=","=","=","=","=","=","=","=",1,L,"CAT tourniquet",190,85,0.451,,80,W,Y,0,,,,,,,,,,,,,,,,,,,,,,,,,,,,0,0,,,,,,,,,,,,,,,,,,,,,,,,,,,,,,,,,,,,,,0.333,-37.722,-0.045,-17.712,-21.017,-47.689,-8.675,-61.814,23.836,-49.385,15.477,-63.887,47.179,-87.725,-0.087,-98.776,-43.686,-94.508,,,,"",,,,"",,,,"",,,,"",,,,"",,,,"",,,,"",,,,"",,,,,,,,,,,,,,,,,,,,,,,,,,,,,,,,,,,,,,,,,,,,,,,,,,,,,,,,,,"",0,0,"",,,,0,""
169,,7,1,8,5,1,1,2,0,0,0,255,255,255,0,4307.324,"TaeGeuk_",R,33,89,140,2.554,-0.648,0.559,0.734,0.052,0.794,-36.838,39.97,9,5,86,2,128.505,89.441,5.659,0,0,7,"=","=","=","=","=","=","=","=","=",1,L,"CAT tourniquet",190,85,0.451,0,80,W,Y,1,4308.315,184,110,120,92,66,145,126,-23.058,27.968,0.098,0.434,-20.021,0.17,0,0.221,-276.434,249.013,46.087,4306.495,-0.368,-20.898,4309.039,8,-28.218,0.064,-74.041,0,0,,,,,,,,,,,,,,,4313.444,7,,147,128,,,,,,,,,,,,,,,,,,,0.249,-37.88,-0.032,-17.686,-20.945,-47.439,-8.693,-61.354,23.715,-48.798,15.504,-63.858,46.609,-88.165,-0.046,-98.77,-31.679,-83.878,0.54,-36.825,,"k@ster",-0.071,-17.762,,"Penguin_iDOL",-21.19,-47.432,,"Floră",-8.702,-61.391,,"xoxo_nemu",23.724,-48.759,,"ByeolBam",15.501,-63.846,,"마렘_Marem",46.609,-88.161,,"_Chun",0.095,-98.772,,"Kr_Luna",-31.567,-83.966,110,,,,,,,4312.863,-19.546,-41.33,,,,,,,,,,,,,,,,4310.883,-28.926,-75.228,,,,,,,,,,,,,,,,,,,,,,,,,4311.455,-28.199,-71.623,"",2,0,"Kr_Luna",,,,144,""
170,SIDE,7,1,8,5,0,0,2,0,0,0,255,255,255,,4315.276,,,,,,,,,,,,,,,,,,,,,,,8,"=","=","=","=","=","=","=","=","=",,,,,,,,,,,,,,,,,,,,,,,,,,,,,,,,,,,,,,,0,0,,,,,,,,,,,,,,,,,,,,,,,,,,,,,,,,,,,,,,,,,,,,,,,,,,,,,,,,,,,,,,,,,,,,,,,,,,,,,,,,,,,,,,,,,,,,,,,,,,,,,,,,,,,,,,,,,,,,,,,,,,,,,,,,,,,,,,,,,,,,,,,,,"",0,0,"",,,,0,""
171,,7,0,8,5,0,0,0,0,0,0,255,255,255,0,4365.591,"muyang_",R,0,0,0,0,0,0,0,0,0,0,0,0,0,0,0,0,0,0,0,0,6,"마렘_Marem","xoxo_nemu","Floră","ByeolBam","Penguin_iDOL","k@ster","_Chun","Kr_Luna","TaeGeuk_",7,L,"_Chun",190,80,0.445,,80,W,Y,0,,,,,,,,,,,,,,,,,,,,,,,,,,,,0,0,,,,,,,,,,,,,,,,,,,,,,,,,,,,,,,,,,,,,,-0.43,-37.094,-0.205,-17.62,-23.219,-48.497,-16.298,-60.946,19.032,-47.035,14.364,-60.913,42.174,-81.965,1.03,-114.125,-43.68,-87.847,,,,"",,,,"",,,,"",,,,"",,,,"",,,,"",,,,"",,,,"",,,,,,,,,,,,,,,,,,,,,,,,,,,,,,,,,,,,,,,,,,,,,,,,,,,,,,,,,,"",0,0,"",,,,0,""
172,,7,0,8,5,0,0,0,0,0,0,255,255,255,0,4390.136,"muyang_",R,38,22,86,4.538,-1.62,0.036,1.506,1.867,0.693,-36.636,140.255,14,86,0,1,43.539,41.341,4.479,0,0,6,"=","=","=","=","=","=","=","=","=",7,L,"_Chun",190,80,0.445,,80,W,Y,0,,,,,,,,,,,,,,,,,,,,,,,,,,,,0,0,,,,,,,,,,,,,,,,,,,,,,,,,,,,,,,,,,,,,,-0.38,-37.503,-0.031,-17.773,-22.913,-47.916,-14.899,-62.109,19.941,-48.517,14.136,-61.689,42.327,-82.816,4.925,-115.293,-47.255,-104.074,,,,"",,,,"",,,,"",,,,"",,,,"",,,,"",,,,"",,,,"",,,,,,,,,,,,,,,,,,,,,,,,,,,,,,,,,,,,,,,,,,,,,,,,,,,,,,,,,,"",0,0,"",,,,0,""
173,,7,0,8,5,1,0,0,0,0,0,255,255,255,0,4408.007,"muyang_",R,32,56,111,0.182,-0.022,0.224,1.542,-0.258,1.533,-36.636,84.504,13,87,0,2,180.023,-68.537,-1.07,0,0,6,"=","=","=","=","=","=","=","=","=",7,L,"_Chun",190,80,0.445,0,80,W,Y,1,4409.092,255,120,118,87,52,145,92,-30,-45.608,0.186,1.026,-20.568,1,0,0.468,-125.002,-545.392,38.636,4407.339,1.865,-22.196,4409.272,4,24.016,0.132,-43.688,0,0,,,,,,,,,,,,,,,,,,,,,,,,,,,,,,,,,,,,,,-0.309,-37.653,-0.113,-17.779,-21.876,-47.95,-14.922,-62.144,20.947,-50.21,14.095,-61.713,40.432,-82.025,4.986,-115.265,-47.199,-104.102,0.057,-37.25,,"CAT tourniquet",-0.138,-17.827,,"Pring__",-21.906,-47.621,,"Ainy4／あいにゃ",-14.985,-61.97,,"SUGUN",20.952,-50.171,80,"CoalCat",14.099,-61.604,,"Salmon247",40.447,-82.016,,"coder_",4.985,-115.258,,"Oort__Cloud",-47.195,-104.087,,,,,,,,,,,,,,4411.044,23.959,-44.935,,,,,,,,,,,,,,,,,,,,,,,,,4412.583,20.28,-42.449,,,,,,,,,,,,,"",3,0,"SUGUN",,,,1,""
174,,7,0,8,5,1,1,0,0,0,0,255,255,255,0,4429.728,"muyang_",R,3,53,87,1.297,-0.648,0.48,1.405,1.401,1.24,-36.636,81.836,5,95,0,2,-345.403,0,2.997,0,0,6,"=","=","=","=","=","=","=","=","=",7,L,"_Chun",190,80,0.445,5,85,W,Y,1,4430.944,94,197,72,111,71,131,99,39.786,10.733,0.248,0.789,-20.579,-0.04,0,0.416,400.37,-356.032,-23.686,4434.661,-8.318,-98.807,4435.083,7,-8.308,0.673,-98.454,1,0,,4436.852,,,,,,,,,,,,,,,,,,,,,,,,,,,,4443.073,2,,,,,,,-0.119,-37.725,0.133,-17.874,-21.887,-46.843,-13.5,-62.516,20.84,-48.942,15.108,-60.273,40.233,-82.327,5.16,-115.373,-44.491,-104.605,-0.14,-37.149,,"CAT tourniquet",0.19,-17.952,,"Pring__",-21.719,-46.677,85,"Ainy4／あいにゃ",-13.821,-62.298,,"SUGUN",20.765,-48.729,,"CoalCat",15.14,-60.122,,"Salmon247",40.23,-82.319,,"coder_",5.164,-115.373,99,"Oort__Cloud",-44.32,-104.422,,4445.255,-0.556,-38.165,,,,4440.338,-17.777,-46.649,,,,,,,,,,,,,4436.949,-8.145,-99.781,,,,,,,,,,4444.22,-17.972,-39.886,,,,,,,,,,,,,4437.949,-8.378,-95.141,,,,"",2,0,"coder_",,,,22,""
175,,7,0,8,5,0,0,0,1,0,0,17,255,255,0,4464.878,"muyang_",R,33,71,123,-2.239,0.09,-0.06,1.464,-1.208,1.574,-36.636,24.062,2,98,0,1,145.909,-95.932,10.073,0,0,7,"=","=","=","=","=","=","=","=","=",8,L,"Kr_Luna",190,95.432,0.496,,67,W,Y,0,,,,,,,,,,,,,,,,,,,,,,,,,,,,0,0,,,,,,,,,,,,4465.252,,,,,,,,,,,,,,,,,,,,,,,,,,-0.335,-37.486,-0.027,-17.841,-18.732,-40.962,-12.953,-60.169,21.461,-48.732,13.724,-59.162,39.375,-82.045,3.228,-115.094,-49.176,-104.578,,,,"",,,,"",,,,"",,,,"",,,,"",,,,"",,,,"",,,,"",,,,4469.173,-0.198,-37.098,,,,,,,,,,,,,,,,,,,,,,,,,,,,,,,,,,,,,,,,,,,,,,,,,,,,"",0,0,"",,,,0,""
176,,7,0,8,5,1,0,0,1,0,0,17,255,255,0,4481.2,"muyang_",R,32,60,115,-0.917,0.092,0.113,1.568,-0.841,1.465,-36.636,54.507,9,91,0,0,250,-200,-7.089,0,0,7,"=","=","=","=","=","=","=","=","=",8,L,"Kr_Luna",190,95.432,0.496,,67,W,Y,0,,,,,,,,,,,,,,,,,,,,,,,,,,,,0,0,,,,,,,,,,,,4481.402,,,,,,,,,,,,,,,,,,,,,,,,,,-0.336,-37.666,-0.141,-17.757,-19.241,-40.159,-12.369,-59.743,21.275,-48.695,13.396,-60.439,39.585,-82.596,4.289,-114.081,-47.915,-105.577,,,,"",,,,"",,,,"",,,,"",,,,"",,,,"",,,,"",,,,"",,,,4485.741,-0.495,-37.033,,,,,,,,,,,,,,,,,,,,,,,,,,,,,,,,,,,,,,,,,,,,,,,,,,,,"",0,0,"",,,,0,""
177,,7,0,8,5,1,1,0,1,0,0,17,255,255,0,4495.531,"muyang_",R,26,56,111,-2.954,1.217,-0.1,1.649,-1.394,2.173,-36.636,36.139,5,95,0,1,59.547,-200,-4.615,-1.561,-15.164,7,"=","=","=","=","=","=","=","=","=",8,L,"Kr_Luna",190,95.432,0.496,,67,W,Y,0,,,,,,,,,,,,,,,,,,,,,,,,,,,,0,0,,,,,,,,,,,,4495.823,,,,,,,,,,,,,,,,,,,,,,,,,,-0.421,-37.569,0.04,-17.722,-18.404,-41.306,-12.368,-59.757,21.418,-48.813,13.378,-60.459,39.228,-82.647,4.308,-113.923,-47.857,-105.594,,,,"",,,,"",,,,"",,,,"",,,,"",,,,"",,,,"",,,,"",,,,4505.151,-0.277,-37.439,,,,,,,,,,,,,,,,,,,,,,,,,,,,,,,,,,,,,,,,,,,,,,,,,,,,"",0,0,"",,,,0,""
178,,7,0,8,5,2,1,0,1,0,0,17,255,255,0,4514.58,"muyang_",R,0,16,74,2.948,-0.624,0.292,1.53,1.275,1.252,-36.636,119.419,18,82,0,1,0,0,-1.79,0,0,7,"=","=","=","=","=","=","=","=","=",8,L,"Kr_Luna",190,95.432,0.496,,68,W,Y,0,,,,,,,,,,,,,,,,,,,,,,,,,,,,0,0,,,,,,,,,,,,4514.63,,,,,,,,,,,,,,,,,,,,,,,,,,-0.157,-37.332,0.056,-18.076,-19.074,-40.975,-12.336,-59.73,21.434,-48.898,13.38,-60.447,38.437,-83.352,2.233,-115.812,-47.442,-103.959,,,,"",,,,"",,,,"",,,,"",,,,"",,,,"",,,,"",,,,"",,,,4519.61,-0.213,-36.875,,,,,,,,,,,,,,,,,,,,,,,,,,,,,,,,,,,,,,,,,,,,,,,,,,,,"",0,0,"",,,,0,""
179,,7,0,8,5,3,1,0,1,0,0,17,255,255,0,4529.415,"muyang_",R,3,35,77,0.405,-0.526,0.36,1.458,1.132,1.318,-36.636,94.062,16,84,0,2,-347.248,0,-7.052,0,0,7,"=","=","=","=","=","=","=","=","=",8,L,"Kr_Luna",190,95.432,0.496,5,68,W,Y,1,4530.625,133,103,90,132,71,139,86,18.059,-44.283,0.102,0.875,-20.859,1,0,0.104,82.905,-305.392,-170.894,4531.928,43.151,-60.116,,,,,,0,0,,,,,,,,,,,,4556.313,,,,,,,,,,,,,,,,,,,,,,,,,,-0.14,-37.409,0.079,-17.785,-19.691,-39.628,-12.295,-59.791,20.938,-49.175,13.403,-60.439,39.877,-83.756,2.231,-115.821,-47.672,-103.772,0.033,-37.679,,"CAT tourniquet",0.094,-17.806,,"Pring__",-17.204,-42.174,,"Ainy4／あいにゃ",-12.415,-59.574,,"SUGUN",20.982,-49.026,,"CoalCat",13.453,-60.242,,"Salmon247",41.425,-83.797,,"coder_",2.463,-115.573,,"Oort__Cloud",-47.687,-103.783,,,,,,,,,,,,,,,,,,,,,,,,,,,,,,,,,,,,,,,,,,,,,,,,,,,,,,,,"",3,0,"",,,,0,""
180,,7,0,8,5,3,2,0,1,0,0,17,255,255,0,4558.123,"muyang_",R,33,48,105,2.431,-0.85,0.151,1.485,0.771,1.064,-36.636,93.716,20,80,0,2,144.057,-24.86,4.922,0,0,7,"=","=","=","=","=","=","=","=","=",8,L,"Kr_Luna",190,95.432,0.496,5,68,W,Y,1,4559.134,141,102,115,120,58,145,89,6.059,-69.489,0.467,0.648,-19.914,1,0,0.123,-5.865,-81.412,20.409,4558.794,25.176,-29.001,,,,,,0,0,,,,,,,,,,,,4580.728,,,,,,,,,,,,,,,,,,,,,,,,,,-0.365,-37.564,-0.217,-17.719,-19.747,-39.692,-11.451,-59.75,21.606,-49.843,13.325,-60.586,46.244,-88.055,0.286,-115.594,-45.126,-102.457,-0.092,-37.774,,"CAT tourniquet",0.035,-17.734,,"Pring__",-16.907,-42.829,,"Ainy4／あいにゃ",-11.496,-59.58,,"SUGUN",21.642,-49.677,,"CoalCat",13.377,-60.425,,"Salmon247",46.204,-88.344,,"coder_",0.404,-114.816,,"Oort__Cloud",-45.165,-102.399,,,,,,,,,,,,,,,,,,,,,,,,,,,,,,,,,,,,,,,,,,,,,,,,,,,,,,,,"",3,0,"",,,,0,""
181,,7,0,8,5,3,2,0,1,0,0,17,255,255,0,4581.307,"muyang_",R,26,69,122,-1.491,-0.273,0.064,1.562,-0.872,1.264,-36.636,32.26,0,100,0,1,135.613,-172.165,6.838,0,0,7,"=","=","=","=","=","=","=","=","=",8,L,"Kr_Luna",190,95.432,0.496,,68,W,Y,0,,,,,,,,,,,,,,,,,,,,,,,,,,,,0,0,,4590.319,,,,4592.192,,,,,,4586.254,,,,,,,,,,,,,,,,,,,,,,,,,,-0.304,-37.769,-0.047,-17.896,-19.412,-39.995,-11.306,-60.348,21.62,-49.678,13.731,-61.197,47.364,-88.464,0.134,-112.689,-47.635,-105.386,,,,"",,,,"",,,,"",,,,"",,,,"",,,,"",,,,"",,,,"",,,,,,,,,,,,,,,,,,,,,,,,,,,,,,,,,,,,,,,,,,,,,,,,,,,,,,,,,,"",5,0,"",4592.192,,,0,""
182,,7,0,8,5,0,0,0,1,1,0,18,17,255,0,4618.256,"muyang_",R,26,63,117,-0.702,-1.518,0.069,1.579,-0.421,0.489,-36.636,32.172,46,54,0,2,66.457,-200,-4.944,0,0,8,"=","=","=","=","=","=","=","=","=",2,R,"TaeGeuk_",176.6,90.533,0.624,3,79,W,Y,1,4619.174,213,147,92,130,91,145,82,9.614,44.193,-0.178,0.543,-21.328,1,0,0.294,-69.887,203.627,-98.576,,,,4618.517,2,-17.088,0.789,-38.225,0,0,,,,,,,,,,,,4627.137,4620.313,,4620.604,8,,451,0,4621.295,7,1,659,0,,,,,,4621.295,2,,,,,,,-0.349,-37.675,0.124,-17.862,-19.835,-39.659,-12.834,-58.096,20.097,-47.108,11.4,-61.879,47.348,-89.653,-2.852,-112.294,-53.147,-101.861,-0.069,-37.459,,"CAT tourniquet",0.109,-17.924,,"Pring__",-17.335,-42.103,76,"Ainy4／あいにゃ",-12.884,-57.96,,"SUGUN",19.93,-47.005,,"CoalCat",11.626,-61.653,,"Salmon247",48.435,-89.245,,"coder_",-2.885,-112.728,,"Oort__Cloud",-53.198,-101.785,,4624.576,-0.849,-37.855,,,,4620.615,-17.165,-38.51,,,,,,,,,,,,,,,,,,,,,,,,,4623.603,-14.56,-39.6,,,,,,,,,,,,,,,,,,,"",1,0,"Pring__",4621.565,,,20,""
183,,7,0,8,5,0,0,2,0,1,0,255,17,255,0,4642.877,"muyang_",R,40,50,93,1.805,0.143,0.158,1.608,0.567,1.559,-36.636,62.848,2,98,0,1,93.598,-105.826,-7.377,0,0,0,"=","=","=","=","=","=","=","=","=",6,L,"마렘_Marem",170.9,89.804,0.297,,23,W,Y,0,,,,,,,,,,,,,,,,,,,,,,,,,,,,0,0,,,,,,,,,,,,,4652.844,,,,,,,,,,,,,,,,,,,,,,,,,-0.312,-37.9,-0.017,-17.713,-20.275,-44.968,-13.874,-62.508,20.283,-49.78,13.835,-61.338,48.771,-88.506,2.597,-109.909,-45.639,-102.563,,,,"",,,,"",,,,"",,,,"",,,,"",,,,"",,,,"",,,,"",,,,4647.521,-0.258,-37.155,,,,,,,,,,,,,,,,,,,,,,,,,,,,,,,,,,,,,,,,,,,,,,,,,,,,"",0,0,"",4645.541,,,0,""
184,,7,0,8,5,1,0,2,0,1,0,255,17,255,0,4656.349,"muyang_",R,26,72,124,-2.108,-0.898,-0.008,1.51,-1.133,0.867,-36.636,27.877,3,97,0,1,135.088,-200,6.23,0,0,0,"=","=","=","=","=","=","=","=","=",6,L,"마렘_Marem",170.9,89.804,0.297,,23,W,Y,0,,,,,,,,,,,,,,,,,,,,,,,,,,,,0,0,,,,,,,,,,,,,4666.242,,,,,,,,,,,,,,,,,,,,,,,,,-0.324,-37.731,-0.028,-17.841,-20.27,-44.961,-13.742,-62.579,20.494,-47.508,13.866,-61.35,47.32,-85.561,2.404,-109.839,-45.712,-102.584,,,,"",,,,"",,,,"",,,,"",,,,"",,,,"",,,,"",,,,"",,,,4660.36,-0.375,-37.186,,,,,,,,,,,,,,,,,,,,,,,,,,,,,,,,,,,,,,,,,,,,,,,,,,,,"",0,0,"",4658.879,,,0,""
185,,7,0,8,5,2,0,2,0,1,0,255,17,255,0,4669.071,"muyang_",R,26,68,121,-0.54,0.854,0.108,1.546,-0.427,1.863,-36.636,31.579,3,97,0,0,115.03,-200,-3.496,0,0,0,"=","=","=","=","=","=","=","=","=",6,L,"마렘_Marem",170.9,89.804,0.297,,23,W,Y,0,,,,,,,,,,,,,,,,,,,,,,,,,,,,0,0,,,,,,,,,4672.252,,,,,,,,,,,,,,,,,,,,,,,,,4673.033,4,,,-0.268,-37.609,-0.001,-17.803,-20.275,-44.977,-13.735,-62.525,20.299,-47.577,13.876,-61.366,45.895,-86.183,2.323,-109.848,-45.664,-102.769,,,,"",,,,"",,,,"",,,,"",,,,"",,,,"",,,,"",,,,"",,,,4676.8,0.395,-37.916,,,,,,,,,,,,,,,,,,,,,,,,,,,,,,,,,,,,,,,,,,,,,,,,,,,,"",0,0,"",,4672.252,,0,""
186,,7,0,8,5,2,1,2,0,0,1,255,255,17,0,4685.792,"muyang_",R,33,48,106,-0.745,-0.284,0.173,1.587,-0.532,1.332,-36.636,54.646,9,91,0,2,103.732,-97.043,1.52,0,0,0,"=","=","=","=","=","=","=","=","=",6,L,"마렘_Marem",170.9,89.804,0.297,0,23,W,Y,1,4686.794,159,60,28,59,41,90,68,18.733,-7.291,-0.139,0.816,-20.254,-0.32,0,0.242,546.8,-246.651,-13.161,,,,4688.128,5,6.286,3.158,-59.767,0,0,,,,,,,,,,,4691.894,,,4686.33,4690.009,0,,454,0,,,,,,,,,,,,,,,,,,,-0.347,-37.508,-0.055,-17.818,-20.274,-44.976,-13.801,-62.553,19.846,-40.327,13.894,-61.33,44.445,-84.395,2.398,-112.425,-45.506,-102.846,-0.233,-37.417,,"CAT tourniquet",-0.02,-17.82,,"Pring__",-20.134,-44.853,,"Ainy4／あいにゃ",-14.011,-62.322,,"SUGUN",19.678,-44.349,,"CoalCat",13.912,-61.276,86,"Salmon247",44.909,-84.814,,"coder_",2.384,-112.071,,"Oort__Cloud",-45.537,-102.804,,,,,,,,,,,,,,,,,4690.023,6.393,-61.111,,,,,,,,,,,,,,,,,,,,,,,,,4691.978,6.027,-59.955,,,,,,,,,,"",1,0,"CoalCat",,,4691.894,8,""
187,SIDE,7,0,8,5,0,0,2,0,0,1,255,255,17,,4691.904,,,,,,,,,,,,,,,,,,,,,,,1,"=","=","=","=","=","=","=","=","=",,,,,,,,,,,,,,,,,,,,,,,,,,,,,,,,,,,,,,,0,0,,,,,,,,,,,,,,,,,,,,,,,,,,,,,,,,,,,,,,,,,,,,,,,,,,,,,,,,,,,,,,,,,,,,,,,,,,,,,,,,,,,,,,,,,,,,,,,,,,,,,,,,,,,,,,,,,,,,,,,,,,,,,,,,,,,,,,,,,,,,,,,,,"",0,0,"",,,,0,""
188,,8,1,8,5,0,0,0,0,0,0,255,255,255,0,4741.795,"Penguin_iDOL",R,14,83,108,-0.711,-0.049,-0.125,2.129,-1.019,1.981,-36.486,46.559,84,16,0,0,383.336,312.348,18.575,0,0,8,"SUGUN","coder_","Pring__","CoalCat","muyang_","Ainy4／あいにゃ","Salmon247","CAT tourniquet","Oort__Cloud",8,R,"Oort__Cloud",190,80,0.2,,78,W,Y,0,,,,,,,,,,,,,,,,,,,,,,,,,,,,0,0,,,,,,,,,,,,,,,,,,,,,,,,,,,,,,,,,,,,,,-0.066,-38.254,-0.029,-17.701,-18.236,-45.095,-9.043,-58.107,21.475,-46.653,13.651,-64.719,43.871,-90.805,1.357,-104.171,-37.289,-84.545,,,,"",,,,"",,,,"",,,,"",,,,"",,,,"",,,,"",,,,"",,,,,,,,,,,,,,,,,,,,,,,,,,,,,,,,,,,,,,,,,,,,,,,,,,,,,,,,,,"",0,0,"",,,,0,""
189,,8,1,8,5,0,1,0,0,0,0,255,255,255,0,4756.886,"Penguin_iDOL",R,13,77,103,-2.599,-1.8,0.047,1.645,-0.474,0.984,-36.486,21.368,55,45,0,4,-331.931,352.615,8.593,-0.592,-18.848,8,"=","=","=","=","=","=","=","=","=",8,R,"Oort__Cloud",190,80,0.2,,78,W,Y,1,,,,,,,,,,,,,,,,,,,,,,,,,,,,0,0,,,,,,,,,,,,,,,,,,,,,,,,,,,,,,,,,,,,,,-0.124,-37.776,-0.068,-17.731,-18.612,-44.254,-8.901,-57.842,21.362,-46.965,13.599,-64.717,44.384,-91.569,0.999,-103.427,-39.867,-85.575,,,,"",,,,"",,,,"",,,,"",,,,"",,,,"",,,,"",,,,"",,,,,,,,,,,,,,,,,,,,,,,,,,,,,,,,,,,,,,,,,,,,,,,,,,,,,,,,,,"",0,0,"",,,,0,""
190,,8,1,8,5,0,2,0,0,0,0,255,255,255,0,4774.144,"Penguin_iDOL",R,27,92,140,-0.409,1.214,0.179,1.94,-0.096,2.255,-36.486,35.679,79,21,0,4,-65.627,-129.654,16.909,0,0,8,"=","=","=","=","=","=","=","=","=",8,R,"Oort__Cloud",190,80,0.2,,78,W,Y,1,,,,,,,,,,,,,,,,,,,,,,,,,,,,0,0,,,,,,,,,,,,,,,4776.74,8,,578,0,,,,,,,,,,,,,,,,,,,-0.046,-37.666,0.004,-17.675,-17.826,-45.446,-8.97,-57.911,21.368,-46.998,13.609,-64.721,44.459,-91.517,0.76,-103.648,-40.137,-85.609,,,,"",,,,"",,,,"",,,,"",,,,"",,,,"",,,,"",,,,"",,,,,,,,,,,,,,,,,,,,,,,,,,,,,,,,,,,,,,,,,,,,,,,,,,,,,,,,,,"",0,0,"",,,,0,""
191,,8,1,8,5,0,0,1,0,0,0,255,255,255,0,4795.864,"Penguin_iDOL",R,10,79,119,3.406,0.783,0.565,1.999,1.467,2.545,-36.486,56.847,71,29,0,1,0,400,12.548,0,0,0,"=","=","=","=","=","=","=","=","=",4,R,"SUGUN",190,82,0.5,,78,W,Y,0,,,,,,,,,,,,,,,,,,,,,,,,,,,,0,0,,,,,,,,,,,,,,,,,,,,,,,,,,,,,,,,,,,,,,0.124,-38.183,0.045,-17.79,-19.242,-42.409,-9.438,-58.589,22.073,-47.146,13.605,-64.7,44.445,-91.554,1.057,-101.592,-40.302,-97.149,,,,"",,,,"",,,,"",,,,"",,,,"",,,,"",,,,"",,,,"",,,,,,,,,,,,,,,,,,,,,,,,,,,,,,,,,,,,,,,,,,,,,,,,,,,,,,,,,,"",0,0,"",,,,0,""
192,,8,1,8,5,1,0,1,0,0,0,255,255,255,0,4815.369,"Penguin_iDOL",R,14,79,116,1.98,-0.223,0.248,2.018,0.224,1.858,-36.486,41.917,87,13,0,2,371.151,335.032,5.127,0,0,0,"=","=","=","=","=","=","=","=","=",4,R,"SUGUN",190,82,0.5,5,78,W,Y,1,4816.66,235,69,144,91,24,145,92,-0.009,51.222,0.239,0.706,-20.362,-0.86,0,0.477,-453.835,-210.762,105.107,4815.228,-8.925,-27.825,4816.428,2,-22.686,0.055,-40.037,0,0,,,,,,,,,,,,,,,,,,,,,,,,,,,,,,4819.764,2,,,,,,,-0.003,-37.769,-0.018,-17.696,-19.001,-44.999,-9.362,-58.556,22.094,-47.211,12.914,-64.817,44.43,-91.568,0.703,-102.074,-39.76,-97.768,-0.244,-36.773,,"k@ster",-0.051,-17.762,,"TaeGeuk_",-19.412,-45.557,89,"Floră",-9.443,-58.785,,"xoxo_nemu",22.082,-47.199,,"ByeolBam",12.914,-64.825,,"마렘_Marem",44.421,-91.537,,"_Chun",0.71,-102.11,,"Kr_Luna",-39.745,-97.776,,,,,,,,4818.374,-23.338,-41.18,,,,,,,,,,,,,,,,,,,,,,,,,4821.138,-15.606,-40.815,,,,,,,,,,,,,,,,,,,"",3,0,"TaeGeuk_",,,,256,""
193,,8,1,8,5,1,1,1,0,0,0,255,255,255,0,4838.841,"Penguin_iDOL",R,3,78,105,-1.94,-0.898,0.23,1.785,-0.118,1.351,-36.486,36.19,100,0,0,2,-378.408,217.674,8.634,0,0,0,"=","=","=","=","=","=","=","=","=",4,R,"SUGUN",190,82,0.5,5,78,W,Y,1,4840.151,222,124,121,126,86,145,89,-30,-44.637,-0.3,0.79,-21.272,1,0,0.516,-23.249,111.755,98.755,4838.339,0.703,-22.288,4840.583,4,22.273,0.152,-41.221,0,0,,,,,4843.982,,,,,,,,,,,,,,,,,,,,,,,,,,,,,,,,,-0.077,-37.735,-0.007,-17.707,-19.566,-45.927,-11.565,-58.323,23.491,-48.633,11.982,-64.836,45.863,-89,0.65,-102.081,-40.523,-94.332,-0.526,-37.402,,"k@ster",-0.16,-17.728,,"TaeGeuk_",-20.15,-46.762,,"Floră",-11.321,-57.823,,"xoxo_nemu",23.246,-48.351,79,"ByeolBam",11.906,-65.063,,"마렘_Marem",45.871,-88.85,,"_Chun",0.847,-102.077,,"Kr_Luna",-40.534,-94.32,,,,,,,,,,,,,,4842.506,22.932,-41.973,,,,,,,,,,,,,,,,,,,,,,,,,4844.683,20.989,-41.622,,,,,,,,,,,,,"",3,0,"xoxo_nemu",,,,2,""
194,,8,1,8,5,1,2,1,0,0,0,255,255,255,0,4859.195,"Penguin_iDOL",R,26,82,133,1.009,1.504,0.31,1.975,0.512,2.367,-36.486,45.979,71,29,0,2,-58.77,-200,26.011,0,0,0,"=","=","=","=","=","=","=","=","=",4,R,"SUGUN",190,82,0.5,5,78,W,Y,1,4860.484,153,53,108,24,3,142,103,24.703,48.415,0.174,1.551,-19.491,0.95,0,0.237,110.24,26.664,-154.966,4863.395,-66.411,-78.05,,,,,,0,0,,,,,,,,,,,,,,,,,,,,,,,,,,,,,,,,,,,,,,0.011,-37.829,0.035,-17.687,-17.13,-44.097,-11.293,-58.037,23.977,-49.32,14.484,-63.844,44.807,-89.649,2.033,-102.27,-40.166,-93.391,-0.446,-37.238,,"k@ster",0.032,-17.693,,"TaeGeuk_",-19.153,-46.231,,"Floră",-11.528,-58.751,,"xoxo_nemu",23.816,-49.102,,"ByeolBam",14.002,-64.018,,"마렘_Marem",44.772,-89.629,,"_Chun",1.884,-102.308,,"Kr_Luna",-40.21,-93.352,,,,,,,,,,,,,,,,,,,,,,,,,,,,,,,,,,,,,,,,,,,,,,,,,,,,,,,,"",3,0,"",,,,0,""
195,,8,1,8,5,1,2,1,0,0,0,255,255,255,0,4881.959,"Penguin_iDOL",R,10,87,113,-1.037,-1.811,0.054,1.641,-0.453,0.977,-36.486,17.309,49,51,0,2,0,400,31.931,0,0,0,"=","=","=","=","=","=","=","=","=",4,R,"SUGUN",190,82,0.5,5,78,W,Y,1,4883.342,255,152,102,118,72,145,89,27.181,45.945,-0.178,0.474,-21.303,1,0,0.568,-49.657,303.8,417.99,4885.583,-53.289,-65.345,,,,,,0,0,,,,,,,,,,,,,,,,,,,,,,,,,,,,,,,,,,,,,,0.013,-37.916,-0.106,-17.761,-19.648,-47.001,-12.72,-57.54,25.054,-50.166,13.375,-64.152,44.67,-89.378,-4.288,-101.599,-50.651,-94.58,-0.298,-36.982,,"k@ster",-0.148,-17.76,,"TaeGeuk_",-20.178,-46.727,,"Floră",-12.843,-57.813,,"xoxo_nemu",25.059,-50.159,,"ByeolBam",13.404,-64.137,,"마렘_Marem",44.673,-89.376,,"_Chun",-4.296,-101.592,,"Kr_Luna",-50.688,-94.56,,,,,,,,,,,,,,,,,,,,,,,,,,,,,,,,,,,,,,,,,,,,,,,,,,,,,,,,"",3,0,"",,,,0,""
196,,8,1,8,5,1,2,1,0,0,0,255,255,255,0,4902.562,"Penguin_iDOL",R,26,88,140,0.102,0.959,0.233,1.875,0.155,2.042,-36.486,36.706,78,22,0,0,-89.946,-200,24.302,0,0,0,"=","=","=","=","=","=","=","=","=",4,R,"SUGUN",190,82,0.5,,78,W,Y,1,,,,,,,,,,,,,,,,,,,,,,,,,,,,0,0,,,,,,,,,,,,,,,4905.398,0,,578,0,,,,,,,,,,,,,,,,,,,-0.084,-37.779,0.032,-17.688,-20.666,-47.669,-11.755,-56.099,25.124,-50.28,13.234,-64.564,44.665,-89.397,-0.467,-102.165,-49.178,-91.969,,,,"",,,,"",,,,"",,,,"",,,,"",,,,"",,,,"",,,,"",,,,,,,,,,,,,,,,,,,,,,,,,,,,,,,,,,,,,,,,,,,,,,,,,,,,,,,,,,"",0,0,"",,,,0,""
197,,8,1,8,5,0,0,2,0,0,0,255,255,255,0,4922.394,"Penguin_iDOL",R,14,84,108,-0.981,0.393,-0.204,2.05,-1.123,2.258,-36.486,39.678,87,13,0,0,383.336,312.348,12.152,0,0,1,"=","=","=","=","=","=","=","=","=",2,R,"coder_",190,80,0.302,,78,W,Y,0,,,,,,,,,,,,,,,,,,,,,,,,,,,,0,0,,,,,,,,,,,,,,,,,,,,,,,,,,,,,,,,,,,,,,-0.159,-37.737,0.007,-17.707,-19.77,-45.822,-12.228,-57.931,24.668,-49.56,8.327,-65.578,44.681,-89.388,0.21,-102.169,-44.788,-94.716,,,,"",,,,"",,,,"",,,,"",,,,"",,,,"",,,,"",,,,"",,,,,,,,,,,,,,,,,,,,,,,,,,,,,,,,,,,,,,,,,,,,,,,,,,,,,,,,,,"",0,0,"",,,,0,""
198,,8,1,8,5,0,1,2,0,0,0,255,255,255,0,4937.483,"Penguin_iDOL",R,29,82,119,-2.611,0.333,-0.034,1.737,-0.726,1.615,-36.486,26.583,92,8,0,1,-250,-200,8.075,0,0,1,"=","=","=","=","=","=","=","=","=",2,R,"coder_",190,80,0.302,,78,W,Y,0,,,,,,,,,,,,,,,,,,,,,,,,,,,,0,0,,,,,,,,,,,,,,,,,,,,,,,,,,,,,,,,,,,,,,-0.152,-37.682,0.026,-17.627,-20.7,-45.208,-12.193,-57.902,22.827,-50.092,12.247,-64.162,44.674,-89.398,0.273,-102.209,-49.429,-90.218,,,,"",,,,"",,,,"",,,,"",,,,"",,,,"",,,,"",,,,"",,,,,,,,,,,,,,,,,,,,,,,,,,,,,,,,,,,,,,,,,,,,,,,,,,,,,,,,,,"",0,0,"",,,,0,""
199,,8,1,8,5,1,1,2,0,0,0,255,255,255,0,4953.39,"Penguin_iDOL",R,3,79,108,-2.614,-0.766,0.097,1.72,-0.473,1.224,-36.486,27.15,100,0,0,1,-358.513,68.358,3.138,0,0,1,"=","=","=","=","=","=","=","=","=",2,R,"coder_",190,80,0.302,,78,W,Y,0,,,,,,,,,,,,,,,,,,,,,,,,,,,,0,0,,,,,,,,,,,,,,,,,,,,,,,,,,,,,,,,,,,,,,-0.093,-38.442,0.012,-17.684,-19.503,-44.705,-12.383,-58.318,22.788,-50.101,11.996,-65.037,44.871,-90.116,0.494,-102.272,-49.431,-90.216,,,,"",,,,"",,,,"",,,,"",,,,"",,,,"",,,,"",,,,"",,,,,,,,,,,,,,,,,,,,,,,,,,,,,,,,,,,,,,,,,,,,,,,,,,,,,,,,,,"",0,0,"",,,,0,""
200,,8,1,8,5,2,1,2,0,0,0,255,255,255,0,4977.885,"Penguin_iDOL",R,14,83,107,-1.286,0.004,-0.21,1.929,-1.271,2.031,-36.486,29.164,90,10,0,2,379.786,312.348,13.232,0,0,1,"=","=","=","=","=","=","=","=","=",2,R,"coder_",190,80,0.302,5,78,W,Y,1,4979.016,190,149,132,139,55,145,89,25.423,-8.248,-0.344,1.092,-21.134,1,0,0.537,-66.469,544.598,66.832,,,,4981.617,7,1.178,2.412,-90.756,0,0,,4984.603,,,,,,,,,,,,,4983.591,1,,456,0,,,,,,,,,,,,,,,,,,,-0.046,-37.858,0.02,-17.662,-20.452,-47.521,-12.164,-57.57,23.268,-49.624,11.705,-65.465,44.895,-89.844,0.307,-102.177,-49.848,-90.45,-0.158,-36.787,,"k@ster",-0.057,-17.687,,"TaeGeuk_",-20.365,-47.527,,"Floră",-12.243,-57.744,,"xoxo_nemu",22.795,-49.466,,"ByeolBam",11.679,-65.427,,"마렘_Marem",44.914,-89.817,,"_Chun",0.2,-102.18,,"Kr_Luna",-49.827,-90.452,,,,,,,,,,,,,,,,,,,,,,,4983.601,1.176,-91.496,,,,,,,,,,,,,,,,,,,,,,,,,,,,,,,"",1,0,"_Chun",,,,64,""
201,SIDE,8,1,8,5,0,0,2,0,0,0,255,255,255,,4990.097,,,,,,,,,,,,,,,,,,,,,,,2,"=","=","=","=","=","=","=","=","=",,,,,,,,,,,,,,,,,,,,,,,,,,,,,,,,,,,,,,,0,0,,,,,,,,,,,,,,,,,,,,,,,,,,,,,,,,,,,,,,,,,,,,,,,,,,,,,,,,,,,,,,,,,,,,,,,,,,,,,,,,,,,,,,,,,,,,,,,,,,,,,,,,,,,,,,,,,,,,,,,,,,,,,,,,,,,,,,,,,,,,,,,,,"",0,0,"",,,,0,""
202,,8,0,8,5,0,0,0,0,0,0,255,255,255,0,5049.273,"Pring__",R,26,82,118,0.824,0.624,0.352,1.527,0.161,1.757,-36.241,32.897,46,54,0,2,118.507,-200,1.478,0,0,1,"마렘_Marem","xoxo_nemu","Floră","ByeolBam","Penguin_iDOL","k@ster","_Chun","Kr_Luna","TaeGeuk_",4,R,"xoxo_nemu",174.3,95,0.5,5,78,W,Y,1,5050.513,141,88,139,84,46,145,94,-23.292,15.448,0.153,1.13,-20.331,-0.49,0,0.262,515.244,-143.715,-196.456,5048.606,-0.5,-22.701,5050.806,3,-10.255,0.073,-59.141,0,0,,5056.203,,,,,,,,,,,,,5055.253,1,,147,32,,,,,,,,,,,,,,,,,,,-0.158,-36.768,-0.026,-17.811,-20.52,-44.472,-16.94,-62.13,20.787,-48.145,11.596,-63.701,44.326,-84.794,-7.539,-115.104,-52.608,-99.213,-0.097,-37.003,,"CAT tourniquet",-0.039,-17.768,,"coder_",-20.393,-44.389,97,"Ainy4／あいにゃ",-16.983,-62.078,108,"SUGUN",16.036,-47.567,,"CoalCat",11.593,-63.589,,"Salmon247",44.988,-84.099,,"muyang_",-7.613,-115.12,,"Oort__Cloud",-52.595,-99.176,,5057.4,-0.644,-38.568,,,,5054.609,-18.796,-40.563,5052.827,-10.7,-59.693,,,,,,,,,,,,,,,,,,,,,,5056.425,-18.47,-40.146,5053.795,-11.862,-55.57,,,,,,,,,,,,,,,,"",2,0,"Ainy4／あいにゃ",,,,38,""
203,,8,0,8,5,0,0,1,0,0,0,255,255,255,0,5073.642,"Pring__",R,32,87,140,-0.01,0.435,0.142,1.407,-0.27,1.73,-36.241,18.527,29,71,0,0,208.336,-200,21.528,0,0,2,"=","=","=","=","=","=","=","=","=",3,R,"Floră",190,85.304,0.403,,78,W,Y,0,,,,,,,,,,,,,,,,,,,,,,,,,,,,0,0,,,,,,,,,,,,,,,,,,,,,,,,,,,,,,,,,,,,,,-0.18,-36.832,0.121,-17.637,-21.19,-44.581,-16.444,-62.537,19.766,-48.945,10.885,-63.64,45.559,-84.169,-1.175,-116.453,-53.414,-101.956,,,,"",,,,"",,,,"",,,,"",,,,"",,,,"",,,,"",,,,"",,,,5077.652,-0.142,-38.082,,,,,,,,,,,,,,,,,,,,,,,,,,,,,,,,,,,,,,,,,,,,,,,,,,,,"",0,0,"",,,,0,""
204,,8,0,8,5,0,1,1,0,0,0,255,255,255,0,5087.75,"Pring__",R,26,80,131,0.903,0.634,0.23,1.446,0.138,1.856,-36.241,21.626,0,100,0,2,176.401,-182.61,8.785,0,0,2,"=","=","=","=","=","=","=","=","=",3,R,"Floră",190,85.304,0.403,5,78,W,Y,1,5089.228,123,114,116,98,39,138,93,15.236,-41.488,0.143,1.275,-19.934,-0.62,0,0.512,402.816,198.064,-352.853,5090.45,41.461,-69.009,5091.083,6,43.482,0.366,-71.643,1,0,,5095.934,5115.279,,,,,,,,,,,,,,,,,,,,,,,,,,,,,,,,,,,-0.145,-36.805,0.034,-17.943,-21.062,-44.496,-16.52,-62.443,20.524,-49.2,10.837,-63.718,44.008,-85.628,0.167,-118.018,-51.519,-99.978,0.004,-37.253,120,"CAT tourniquet",0.053,-18.011,,"coder_",-20.713,-44.906,99,"Ainy4／あいにゃ",-16.501,-62.551,,"SUGUN",20.261,-49.141,,"CoalCat",10.83,-63.582,77,"Salmon247",44.126,-85.678,82,"muyang_",0.201,-118.039,,"Oort__Cloud",-51.548,-99.93,,5101.987,0.343,-38.507,,,,5113.406,-18.371,-40.377,,,,,,,5096.507,23.241,-67.36,5093.069,43.435,-71.985,,,,,,,5112.626,-1.966,-38.458,,,,5114.21,-15.754,-43.903,,,,,,,5100.382,11.343,-61.329,5095.336,40.95,-71.191,,,,,,,"",2,0,"Salmon247",5115.279,,,78,""
205,,8,0,8,5,0,0,1,0,1,0,255,13,255,0,5136.16,"Pring__",R,13,80,106,-0.813,-1.038,0.283,1.521,0.256,1.508,-36.241,31.695,41,59,0,2,-340.975,353.265,8.799,0,0,3,"=","=","=","=","=","=","=","=","=",5,R,"ByeolBam",175.3,90,0.5,5,78,W,Y,1,5137.289,130,143,60,62,42,137,80,26.518,61.892,-0.125,0.664,-20.879,1,0,0.215,226.546,289.565,136.284,5139.473,-57.041,-45.998,,,,,,0,0,,,,,,,,,,,,,5153.375,,,,,,,,,,,,,,,,,,,,,,,,,-0.208,-36.773,0.005,-17.872,-19.347,-42.675,-15.073,-61.008,19.774,-46.139,2.699,-60.706,45.484,-84.13,-8.067,-120.109,-50.168,-95.462,-0.229,-36.91,,"CAT tourniquet",0.042,-17.878,,"coder_",-19.071,-42.74,,"Ainy4／あいにゃ",-15.176,-60.844,,"SUGUN",19.813,-45.962,,"CoalCat",6.387,-61.593,,"Salmon247",44.082,-83.418,,"muyang_",-7.826,-119.998,,"Oort__Cloud",-50.162,-95.489,,,,,,,,,,,,,,,,,,,,,,,,,,,,,,,,,,,,,,,,,,,,,,,,,,,,,,,,"",3,0,"",5142.591,,,0,""
206,,8,0,8,5,0,1,1,0,1,0,255,13,255,0,5157.039,"Pring__",R,32,80,130,0.151,0.727,0.146,1.437,-0.25,1.842,-36.241,23.217,25,75,0,0,218.621,-200,8.367,0,0,3,"=","=","=","=","=","=","=","=","=",5,R,"ByeolBam",175.3,90,0.5,,78,W,Y,0,,,,,,,,,,,,,,,,,,,,,,,,,,,,0,0,,,,,,,,,,,,,5158.324,,,,,,,,,,,,,,,,,,,,,,,,,-0.248,-36.832,-0.075,-17.661,-19.296,-42.554,-16.68,-62.061,19.468,-44.754,3.503,-60.695,46.145,-87.542,-12.161,-116.655,-49.605,-97.112,,,,"",,,,"",,,,"",,,,"",,,,"",,,,"",,,,"",,,,"",,,,,,,,,,,,,,,,,,,,,,,,,,,,,,,,,,,,,,,,,,,,,,,,,,,,,,,,,,"",0,0,"",5160.351,,,0,""
207,,8,0,8,5,0,2,1,0,1,0,255,13,255,0,5173.513,"Pring__",R,13,76,103,0.107,-1.231,0.423,1.482,0.692,1.416,-36.241,39.755,9,91,0,2,-341.162,342.419,2.528,0,0,3,"=","=","=","=","=","=","=","=","=",5,R,"ByeolBam",175.3,90,0.5,5,73,W,Y,1,5174.645,138,83,29,61,47,87,67,22.341,-58.072,0.069,0.661,-21.312,0.99,0,0.273,143.059,502.849,133.887,5175.95,36.263,-48.407,,,,,,0,0,,,,,,,,,,,,,5181.216,,,,,,,,,,,,,,,,,,,,,,,,,-0.155,-36.778,0.012,-17.66,-19.858,-42.582,-16.868,-61.935,19.813,-44.901,3.633,-60.69,45.58,-86.513,-12.779,-117.414,-49.553,-97.053,-0.215,-36.922,,"CAT tourniquet",0.055,-17.889,,"coder_",-19.631,-42.645,,"Ainy4／あいにゃ",-16.659,-61.94,,"SUGUN",20.032,-45.684,,"CoalCat",4.218,-60.746,,"Salmon247",44.642,-84.576,,"muyang_",-12.777,-117.436,,"Oort__Cloud",-49.64,-97.01,,,,,,,,,,,,,,,,,,,,,,,,,,,,,,,,,,,,,,,,,,,,,,,,,,,,,,,,"",3,0,"",5180.725,,,0,""
208,,8,0,8,5,0,2,1,0,1,0,255,13,255,0,5196.499,"Pring__",R,3,76,104,-2.256,-0.721,0.234,1.394,-0.204,1.211,-36.241,28.892,0,100,0,1,-413.527,0,11.35,0,0,3,"=","=","=","=","=","=","=","=","=",5,R,"ByeolBam",175.3,90,0.5,,73,W,Y,0,,,,,,,,,,,,,,,,,,,,,,,,,,,,0,0,,,,,,,,,5214.061,,,,5208.491,,,,,,,,,,,,,,,,,,,,,,,,,-0.214,-36.794,-0.039,-17.925,-20,-42.628,-16.658,-62.177,21.059,-41.395,0.806,-59.176,45.163,-83.281,-3.67,-115.97,-48.77,-96.297,,,,"",,,,"",,,,"",,,,"",,,,"",,,,"",,,,"",,,,"",,,,,,,,,,,,,,,,,,,,,,,,,,,,,,,,,,,,,,,,,,,,,,,,,,,,,,,,,,"",0,0,"",5199.973,5214.061,,0,""
209,,8,0,8,5,1,2,1,0,0,1,255,255,13,0,5230.165,"Pring__",R,32,91,140,-2.723,-0.27,-0.113,1.277,-1.456,1.281,-36.241,11.653,7,93,0,1,222.966,-200,36.565,0,0,3,"=","=","=","=","=","=","=","=","=",5,R,"ByeolBam",175.3,90,0.5,,73,W,Y,0,,,,,,,,,,,,,,,,,,,,,,,,,,,,0,0,,,,,,,,,,,,,,5230.202,,,,,,,,,,,,,,,,,,,,5234.335,4,,,-0.262,-36.714,0.018,-17.868,-20.746,-44.209,-16.346,-60.475,19.739,-40.307,7.456,-62.186,44.458,-82.14,-2.434,-117.102,-48.519,-96.366,,,,"",,,,"",,,,"",,,,"",,,,"",,,,"",,,,"",,,,"",,,,,,,,,,,,,,,,,,,,,,,,,,,,,,,,,,,,,,,,,,,,,,,,,,,,,,,,,,"",0,0,"",,5232.884,,0,""
210,,8,0,8,5,2,2,1,0,0,1,255,255,13,0,5247.934,"Pring__",R,32,84,137,0.193,0.555,0.153,1.412,-0.218,1.753,-36.241,22.401,0,100,0,0,230.752,-200,28.676,0,0,3,"=","=","=","=","=","=","=","=","=",5,R,"ByeolBam",175.3,90,0.5,,73,W,Y,1,,,,,,,,,,,,,,,,,,,,,,,,,,,,0,4,,,,,,,,,,,,,,5248.655,5250.517,3,,578,0,5281.029,2,3,313,139,,,,,,,,,,5281.611,8,5257.116,1,-0.222,-36.766,-0.002,-17.815,-21.716,-44.27,-16.278,-60.489,19.815,-40.379,8.337,-62.226,45.276,-82.913,-2.811,-119.142,-48.633,-96.442,,,,"",,,,"",,,,"",,,,"",,,,"",,,,"",,,,"",,,,"",,,,,,,,,,,,,,,,,,,,,,,,,,,,,,,,,,,,,,,,,,,,,,,,,,,,,,,,,,"",0,0,"",,5250.639,,0,""
211,SIDE,8,0,8,5,0,0,2,0,0,0,255,255,255,,5283.311,,,,,,,,,,,,,,,,,,,,,,,4,"=","=","=","=","=","=","=","=","=",,,,,,,,,,,,,,,,,,,,,,,,,,,,,,,,,,,,,,,0,0,,,,,,,,,,,,,,,,,,,,,,,,,,,,,,,,,,,,,,,,,,,,,,,,,,,,,,,,,,,,,,,,,,,,,,,,,,,,,,,,,,,,,,,,,,,,,,,,,,,,,,,,,,,,,,,,,,,,,,,,,,,,,,,,,,,,,,,,,,,,,,,,,"",0,0,"",,,,0,""
212,END,9,1,8,5,0,0,0,0,0,0,255,255,255,,5289.65,,,,,,,,,,,,,,,,,,,,,,,,,,,,,,,,,,,,,,,,,,,,,,,,,,,,,,,,,,,,,,,,,,,,,,,,,,,,,,,,,,,,,,,,,,,,,,,,,,,,,,,,,,,,,,,,,,,,,,,,,,,,,,,,,,,,,,,,,,,,,,,,,,,,,,,,,,,,,,,,,,,,,,,,,,,,,,,,,,,,,,,,,,,,,,,,,,,,,,,,,,,,,,,,,,,,,,,,,,,,,,,,,"{""schemaVersion"":7,""gameTimeZeroUtc"":""2026-08-09T08:31:00.452Z"",""exportedAtUtc"":""2026-08-09T09:59:10.102Z"",""teamNameA"":""Red"",""teamNameB"":""Blue""}"
