id,type,inn,half,scoreA,scoreB,ball,strk,out,b1,b2,b3,b1Idx,b2Idx,b3Idx,pCnt,pSec,pName,pHand,pType,pPow,spdK,zoneX,zoneY,startX,startY,targetX,targetY,zDist,pitchAngle,pOver,pSide,pUnder,call,manual,sH,sV,gyro,plx,plz,bIdx,order1Name,order2Name,order3Name,order4Name,order5Name,order6Name,order7Name,order8Name,order9Name,bPos,bZone,bName,bHCm,batLen,batCen,batType,bFps,bOS,bVR,bSwing,hSec,rotS,rotL,shS,lgS,prepS,gripPen,batSpd,ev,ldeg,sdeg,launchPosX,launchPosY,launchPosZ,hPos,buntGrip,handDist,angVeloX,angVeloY,angVeloZ,ltSec,lx,lz,cSec,cPos,cx,cy,cz,1BSafe,tag,cpSec,bTo1Sec,bTo2Sec,bTo3Sec,bToHSec,r1To2Sec,r1To3Sec,r1ToHSec,r2To3Sec,r2ToHSec,r3ToHSec,r1LeaveSec,r2LeaveSec,r3LeaveSec,out1Sec,out1BatterIndex,out1PrevBase,out1Code,out1Ass,out2Sec,out2BatterIndex,out2PrevBase,out2Code,out2Ass,out3Sec,out3BatterIndex,out3PrevBase,out3Code,out3Ass,ball1Sec,ball1Pos,ball2Sec,ball2Pos,ball3Sec,ball3Pos,ballHSec,ballHPos,PitchPPosX,PitchPPosZ,PitchCPosX,PitchCPosZ,Pitch1BPosX,Pitch1BPosZ,Pitch2BPosX,Pitch2BPosZ,Pitch3BPosX,Pitch3BPosZ,PitchSSPosX,PitchSSPosZ,PitchLFPosX,PitchLFPosZ,PitchCFPosX,PitchCFPosZ,PitchRFPosX,PitchRFPosZ,PPosX,PPosY,PThrSpd,CName,CPosX,CPosY,CThrSpd,1BName,1BPosX,1BPosY,1BThrSpd,2BName,2BPosX,2BPosY,2BThrSpd,3BName,3BPosX,3BPosY,3BThrSpd,SSName,SSPosX,SSPosY,SSThrSpd,LFName,LFPosX,LFPosY,LFThrSpd,CFName,CFPosX,CFPosY,CFThrSpd,RFName,RFPosX,RFPosY,RFThrSpd,PGetSec,PGetX,PGetZ,CGetSec,CGetX,CGetZ,1BGetSec,1BGetX,1BGetZ,2BGetSec,2BGetX,2BGetZ,3BGetSec,3BGetX,3BGetZ,SSGetSec,SSGetX,SSGetZ,LFGetSec,LFGetX,LFGetZ,CFGetSec,CFGetX,CFGetZ,RFGetSec,RFGetX,RFGetZ,PThrSec,PThrX,PThrZ,CThrSec,CThrX,CThrZ,1BThrSec,1BThrX,1BThrZ,2BThrSec,2BThrX,2BThrZ,3BThrSec,3BThrX,3BThrZ,SSThrSec,SSThrX,SSThrZ,LFThrSec,LFThrX,LFThrZ,CFThrSec,CFThrX,CFThrZ,RFThrSec,RFThrX,RFThrZ,errPosDelta,result,swPreDeg,swTargetDeg,swApproachDeg,swCorr,swSource,swProximity,swVRawDeg,swVAdjustedDeg,swVMotionDeg,swVClosestDeg,swVYShrink,swGeometryDeg,balk,cPlr,sb2Sec,sb3Sec,sbhSec,ass,remarks
1,,1,1,0,0,0,0,0,0,0,0,255,255,255,0,281.295,"うよすま",R,3,63,94,0.918,-0.278,0.661,1.272,1.129,1.476,-36.788,59.596,0,100,0,2,"",-399.459,0,-27.804,0,0,0,"encounter v","ddil_ddil69","가앤슬_","Floră","HOGGYS 호기스","인생최패망자","","","",4,L,"encounter v",190,82.068,0.46,3,57,W,Y,1,282.66,156,159,67,80,98,,139,83,-30,-65.296,0.216,0.963,-21.048,1,0,0.441,-141.106,-228.135,-88.428,282.665,3.393,-22.498,,,,,,0,0,,,,,,,,,,,,,,,,,,,,,,,,,,,,,,,,,,,,,,0.069,-37.612,-0.125,-16.934,-20.892,-45.444,-10.884,-66.027,20.653,-48.862,12.449,-61.88,41.017,-90.759,0,-109.96,-40.918,-90.659,-0.212,-38.233,,"Yes_Man_",-0.083,-17.324,,"P0TA0",-20.88,-45.557,,"Oort__Cloud",-10.735,-65.916,,"Kr_Luna",20.404,-48.751,,"CoalCat",12.407,-61.829,,"AI",40.9,-90.65,,"AI",0,-109.84,,"AI",-40.8,-90.55,,,,,,,,,,,,,,,,,,,,,,,,,,,,,,,,,,,,,,,,,,,,,,,,,,,,,,,,"",3,,,,,,,,,,,,,0,"",,,,0,""
2,,1,1,0,0,0,1,0,0,0,0,255,255,255,1,299.841,"うよすま",R,33,64,104,0.812,-0.622,0.319,1.18,-0.476,1.288,-36.788,52.012,0,100,0,2,"",149.082,39.276,-29.132,0,0,0,"=","=","=","=","=","=","","","",4,L,"encounter v",190,82.068,0.46,3,57,W,Y,1,301.029,255,136,130,104,60,,145,98,7.059,-48.961,-0.017,0.814,-20.958,0.99,0,0.52,95.33,-285.321,-63.328,302.148,24.712,-41.477,,,,,,0,0,,,,,,,,,,,,,,,,,,,,,,,,,,,,,,,,,,,,,,-0.124,-37.796,-0.213,-17.218,-20.799,-45.726,-10.407,-65.931,20.286,-46.15,12.43,-61.903,40.915,-90.664,0,-109.86,-40.815,-90.564,-0.524,-37.718,,"Yes_Man_",-0.192,-17.311,,"P0TA0",-20.795,-45.611,,"Oort__Cloud",-10.316,-65.833,,"Kr_Luna",20.019,-46.26,,"CoalCat",12.466,-61.751,,"AI",40.9,-90.65,,"AI",0,-109.84,,"AI",-40.8,-90.55,,,,,,,,,,,,,,,,,,,,,,,,,,,,,,,,,,,,,,,,,,,,,,,,,,,,,,,,"",3,,,,,,,,,,,,,0,"",,,,0,""
3,,1,1,0,0,0,2,0,0,0,0,255,255,255,2,317.744,"うよすま",R,33,63,104,1.518,-0.651,0.468,1.206,0.435,1.275,-36.788,53.481,0,100,0,4,"",104.053,30.876,-18.602,0,0,0,"=","=","=","=","=","=","","","",4,L,"encounter v",190,82.068,0.46,,57,W,Y,1,,,,,,,,,,,,,,,,,,,,,,,,,,,,,0,0,,,,,,,,,,,,,,,320.582,0,,578,0,,,,,,,,,,,,,,,,,,,-0.039,-37.636,0.291,-17.199,-20.426,-45.223,-11.035,-65.772,19.641,-47.693,12.436,-61.892,40.915,-90.664,0,-109.86,-40.815,-90.564,,,,"",,,,"",,,,"",,,,"",,,,"",,,,"",,,,"",,,,"",,,,,,,,,,,,,,,,,,,,,,,,,,,,,,,,,,,,,,,,,,,,,,,,,,,,,,,,,,"",0,,,,,,,,,,,,,0,"",,,,0,""
4,,1,1,0,0,0,0,1,0,0,0,255,255,255,3,349.223,"うよすま",R,3,65,94,0.506,-0.508,0.52,1.213,0.833,1.353,-36.788,43.513,0,100,0,2,"",-427.273,0,-52.729,0,0,1,"=","=","=","=","=","=","","","",3,R,"ddil_ddil69",175.8,89.899,0.501,3,57,W,Y,1,350.534,255,106,75,94,54,,145,82,37.489,56.823,0.154,0.837,-21.136,1,0,0.637,-216.091,-214.575,143.243,354.432,-40.893,-53.475,,,,,,0,0,,,,,,,,,,,,,,,,,,,,,,,,,,,,,,,,,,,,,,0.134,-37.883,-0.103,-17.245,-20.749,-45.821,-13.103,-64.84,20.286,-49.282,9.855,-63.56,40.944,-90.691,0,-109.88,-40.844,-90.591,-0.308,-38.344,,"Yes_Man_",-0.152,-17.361,,"P0TA0",-20.8,-45.764,,"Oort__Cloud",-12.99,-64.64,,"Kr_Luna",20.302,-49.267,,"CoalCat",9.881,-63.425,,"AI",40.9,-90.65,,"AI",0,-109.84,,"AI",-40.8,-90.55,,,,,,,,,,,,,,,,,,,,,,,,,,,,,,,,,,,,,,,,,,,,,,,,,,,,,,,,"",3,,,,,,,,,,,,,0,"",,,,0,""
5,,1,1,0,0,0,1,1,0,0,0,255,255,255,4,370.215,"うよすま",R,34,74,125,0.716,0.831,0.21,1.381,0.207,2.083,-36.788,32.141,0,100,0,0,"",61.727,-10.926,2.119,0,0,1,"=","=","=","=","=","=","","","",3,R,"ddil_ddil69",175.8,89.899,0.501,,57,W,Y,1,,,,,,,,,,,,,,,,,,,,,,,,,,,,,0,0,,,,,,,,,,,,,,,,,,,,,,,,,,,,,,,,,,,,,,-0.135,-37.661,-0.02,-17.088,-20.567,-45.447,-13.169,-64.933,20.287,-49.284,11.24,-63.776,40.907,-90.657,0,-109.85,-40.807,-90.557,,,,"",,,,"",,,,"",,,,"",,,,"",,,,"",,,,"",,,,"",,,,,,,,,,,,,,,,,,,,,,,,,,,,,,,,,,,,,,,,,,,,,,,,,,,,,,,,,,"",0,,,,,,,,,,,,,0,"",,,,0,""
6,,1,1,0,0,0,2,1,0,0,0,255,255,255,5,387.298,"うよすま",R,3,63,93,-2.646,-0.346,0.386,1.17,-0.115,1.453,-36.788,48.935,0,100,0,4,"",-422.727,0,-42.793,0,0,1,"=","=","=","=","=","=","","","",3,R,"ddil_ddil69",175.8,89.899,0.501,,57,W,Y,1,,,,,,,,,,,,,,,,,,,,,,,,,,,,,0,0,,,,,,,,,,,,,,,390.347,1,,578,0,,,,,,,,,,,,,,,,,,,-0.062,-37.684,-0.171,-17.225,-20.912,-45.659,-13.114,-64.959,20.33,-49.218,11.228,-63.768,40.907,-90.657,0,-109.85,-40.807,-90.557,,,,"",,,,"",,,,"",,,,"",,,,"",,,,"",,,,"",,,,"",,,,,,,,,,,,,,,,,,,,,,,,,,,,,,,,,,,,,,,,,,,,,,,,,,,,,,,,,,"",0,,,,,,,,,,,,,0,"",,,,0,""
7,,1,1,0,0,0,0,2,0,0,0,255,255,255,6,409.604,"うよすま",R,32,68,108,1.224,-0.593,0.401,1.144,0.229,1.298,-36.788,44.734,0,100,0,0,"",245.455,38.098,-51.327,0,0,2,"=","=","=","=","=","=","","","",1,R,"가앤슬_",190,90.016,0.2,,57,W,Y,0,,,,,,,,,,,,,,,,,,,,,,,,,,,,,0,0,,,,,,,,,,,,,,,,,,,,,,,,,,,,,,,,,,,,,,0.061,-37.817,-0.018,-17.196,-20.837,-45.779,-13.21,-64.974,20.161,-49.383,12.489,-62.864,40.9,-90.65,0,-109.84,-40.8,-90.55,,,,"",,,,"",,,,"",,,,"",,,,"",,,,"",,,,"",,,,"",,,,,,,,,,,,,,,,,,,,,,,,,,,,,,,,,,,,,,,,,,,,,,,,,,,,,,,,,,"",0,,,,,,,,,,,,,0,"",,,,0,""
8,,1,1,0,0,0,1,2,0,0,0,255,255,255,7,425.395,"うよすま",R,3,67,97,-2.541,-0.416,0.292,1.172,-0.208,1.391,-36.788,45.766,0,100,0,2,"",-383.467,0,-29.871,0,0,2,"=","=","=","=","=","=","","","",1,R,"가앤슬_",190,90.016,0.2,3,57,W,Y,1,426.689,231,73,93,119,69,,145,87,-1.82,61.845,-0.349,0.947,-21.64,1,0,0.813,-11.29,223.228,-49.404,427.148,-12.184,-27.843,,,,,,0,0,,,,,,,,,,,,,,,,,,,,,,,,,,,,,,,,,,,,,,-0.151,-37.683,-0.105,-17.264,-21.024,-45.865,-13.173,-64.967,20.317,-49.214,10.272,-63.815,40.907,-90.657,0,-109.84,-40.807,-90.557,-0.254,-38.261,,"Yes_Man_",-0.182,-17.421,,"P0TA0",-21.01,-45.837,,"Oort__Cloud",-13.205,-64.729,,"Kr_Luna",20.295,-49.248,,"CoalCat",10.293,-63.624,,"AI",40.9,-90.65,,"AI",0,-109.84,,"AI",-40.8,-90.55,,,,,,,,,,,,,,,,,,,,,,,,,,,,,,,,,,,,,,,,,,,,,,,,,,,,,,,,"",3,,,,,,,,,,,,,0,"",,,,0,""
9,,1,1,0,0,0,2,2,0,0,0,255,255,255,8,443.433,"うよすま",R,33,75,126,1.124,0.741,0.309,1.391,0.28,2.079,-36.788,40.548,0,100,0,0,"",126.217,-5.911,4.671,0,0,2,"=","=","=","=","=","=","","","",1,R,"가앤슬_",190,90.016,0.2,,57,W,Y,1,,,,,,,,,,,,,,,,,,,,,,,,,,,,,0,0,,,,,,,,,,,,,,,446.251,2,,578,0,,,,,,,,,,,,,,,,,,,-0.043,-37.764,-0.086,-17.208,-20.701,-45.866,-13.225,-65.139,20.352,-49.221,11.624,-63.848,40.907,-90.657,0,-109.84,-40.807,-90.557,,,,"",,,,"",,,,"",,,,"",,,,"",,,,"",,,,"",,,,"",,,,,,,,,,,,,,,,,,,,,,,,,,,,,,,,,,,,,,,,,,,,,,,,,,,,,,,,,,"",0,,,,,,,,,,,,,0,"",,,,0,""
10,SIDE,1,1,0,0,0,0,2,0,0,0,255,255,255,,449.089,,,,,,,,,,,,,,,,,,,,,,,,3,"=","=","=","=","=","=","","","",,,,,,,,,,,,,,,,,,,,,,,,,,,,,,,,,,,,,,,0,0,,,,,,,,,,,,,,,,,,,,,,,,,,,,,,,,,,,,,,,,,,,,,,,,,,,,,,,,,,,,,,,,,,,,,,,,,,,,,,,,,,,,,,,,,,,,,,,,,,,,,,,,,,,,,,,,,,,,,,,,,,,,,,,,,,,,,,,,,,,,,,,,,"",0,,,,,,,,,,,,,0,"",,,,0,""
11,,1,0,0,0,0,0,0,0,0,0,255,255,255,0,522.823,"인생최패망자",R,32,101,140,-0.118,0.817,0.734,1.455,-0.306,2.021,-36.74,38.544,9,91,0,0,"",191.989,-66.837,12.49,0,0,0,"CoalCat","Yes_Man_","Kr_Luna","Oort__Cloud","P0TA0","うよすま","","","",5,R,"CoalCat",174.7,82.838,0.435,,57,W,Y,0,,,,,,,,,,,,,,,,,,,,,,,,,,,,,0,0,,,,,,,,,,,,,,,,,,,,,,,,,,,,,,,,,,,,,,0.205,-37.052,0.132,-17.572,-18.095,-43.781,-15.111,-63.32,16.765,-42.738,14.835,-62.198,40.959,-90.705,0,-109.91,-40.859,-90.604,,,,"",,,,"",,,,"",,,,"",,,,"",,,,"",,,,"",,,,"",,,,,,,,,,,,,,,,,,,,,,,,,,,,,,,,,,,,,,,,,,,,,,,,,,,,,,,,,,"",0,,,,,,,,,,,,,0,"",,,,0,""
12,,1,0,0,0,0,1,0,0,0,0,255,255,255,1,539.504,"인생최패망자",R,32,97,140,2.059,0.881,0.928,1.462,0.597,2.042,-36.74,52.545,8,92,0,2,"BA+",196.061,-83.914,10.286,0,0,0,"=","=","=","=","=","=","","","",5,R,"CoalCat",174.7,82.838,0.435,5,57,W,Y,1,540.524,94,37,119,65,32,,135,90,39.045,38.271,0.378,1.219,-20.309,-0.38,0,0.388,117.591,-93.401,-346.386,545.548,-40.434,-75.918,545.765,8,-39.392,2.098,-74.484,0,0,,545.839,,,,,,,,,,,,,545.947,0,,456,0,,,,,,,,,,,,,,,,,,,0.271,-37.234,0.103,-17.366,-17.099,-42.724,-15.536,-63.24,16.652,-42.65,14.77,-62.094,40.922,-90.67,0,-109.87,-40.822,-90.57,0.424,-36.612,,"가앤슬_",0.125,-17.45,,"Floră",-16.896,-42.603,,"ddil_ddil69",-15.059,-63.086,,"encounter v",16.523,-42.561,,"HOGGYS 호기스",14.796,-62.117,,"AI",40.9,-90.65,,"AI",0,-109.84,,"AI",-40.8,-90.55,,,,,,,,,,,,,,,,,,,,,,,,,,,,,,,,,,,,,,,,,,,,,,,,,,,,,,,,"",1,39.707,39.707,14.344,0,2,0.011,89.818,39.045,1.045,88.789,0.059,-166.077,0,"AI",,,,0,""
13,,1,0,0,0,0,0,1,0,0,0,255,255,255,2,567.886,"인생최패망자",R,13,90,113,-1.335,-0.781,0.803,1.209,0.01,1.554,-36.74,58.489,10,90,0,2,"",-389.45,313.574,7.275,0,0,1,"=","=","=","=","=","=","","","",1,R,"Yes_Man_",174.8,84.826,0.502,0,57,W,Y,1,569.014,165,157,103,106,43,,145,127,-11.684,-20.076,-0.206,0.728,-20.872,0.75,0,0.616,-215.843,76.182,-100.232,568.898,0.929,-23.982,575.565,6,37.7,0.056,-124.347,1,0,,574.608,578.93,,,,,,,,,,,,,,,,,,,,,,,,,,,,,,,,,,,0.187,-37.183,-0.061,-17.338,-17.498,-43.218,-14.984,-63.027,18.26,-43.573,12.43,-62.081,40.937,-90.684,0,-109.88,-40.83,-90.577,0.132,-36.869,,"가앤슬_",-0.186,-17.45,,"Floră",-17.594,-43.377,,"ddil_ddil69",-15.027,-62.76,86,"encounter v",18.265,-43.576,,"HOGGYS 호기스",12.418,-62.052,,"AI",40.9,-90.65,,"AI",0,-109.84,,"AI",-40.8,-90.55,,584.584,0.291,-39.395,,,,,,,580.725,0.152,-59.779,,,,,,,,,,,,,,,,,,,,,,,,,583.417,-0.376,-57.046,,,,,,,,,,,,,,,,"",2,,,,,,,,,,,,,0,"AI",578.93,,,34,""
14,,1,0,0,0,0,0,1,0,1,0,255,11,255,3,599.072,"인생최패망자",R,3,89,112,-1.795,-0.69,0.858,1.16,-0.13,1.458,-36.74,61.2,9,91,0,2,"",-423.326,227.472,3.915,0,0,2,"=","=","=","=","=","=","","","",4,L,"Kr_Luna",190,95.218,0.504,0,75,W,Y,1,599.991,172,109,124,66,30,,145,132,-30,36.345,-0.377,0.541,-20.206,0.29,0,0.077,-550.78,150.95,-183.998,599.798,-0.99,-21.038,600.948,2,-15.425,2.224,-40.582,0,2,,,,,,,,,605.749,,,,600.981,,603.104,2,,147,0,605.354,1,2,293,8,,,,,,602.472,2,,,,,,,0.241,-37.417,-0.05,-17.277,-14.326,-44.115,-12.014,-60.456,19.787,-45.126,9.03,-62.553,40.915,-90.664,0,-109.86,-40.816,-90.565,0.452,-37.018,,"가앤슬_",-0.064,-17.314,,"Floră",-14.336,-44.107,120,"ddil_ddil69",-12.148,-60.484,,"encounter v",19.36,-45.146,84,"HOGGYS 호기스",8.67,-62.253,,"AI",40.9,-90.65,,"AI",0,-109.84,,"AI",-40.8,-90.55,,,,,,,,601.172,-15.991,-41.513,,,,604.316,18.675,-39.997,,,,,,,,,,,,,,,,,,,602.888,-16.35,-38.99,,,,606.99,14.432,-42.111,,,,,,,,,,,,,"",2,,,,,,,,,,,,,0,"Floră",599.561,605.749,,9,""
15,SIDE,1,0,0,0,0,0,2,0,0,0,255,255,255,,608.463,,,,,,,,,,,,,,,,,,,,,,,,3,"=","=","=","=","=","=","","","",,,,,,,,,,,,,,,,,,,,,,,,,,,,,,,,,,,,,,,0,0,,,,,,,,,,,,,,,,,,,,,,,,,,,,,,,,,,,,,,,,,,,,,,,,,,,,,,,,,,,,,,,,,,,,,,,,,,,,,,,,,,,,,,,,,,,,,,,,,,,,,,,,,,,,,,,,,,,,,,,,,,,,,,,,,,,,,,,,,,,,,,,,,"",0,,,,,,,,,,,,,0,"",,,,0,""
16,,2,1,0,0,0,0,0,0,0,0,255,255,255,9,647.288,"うよすま",R,4,54,91,1.851,-0.244,0.635,1.352,1.219,1.496,-36.788,75.121,0,100,0,2,"",-209.809,0,-6.027,0,0,3,"encounter v","ddil_ddil69","가앤슬_","Floră","HOGGYS 호기스","인생최패망자","","","",2,R,"Floră",190,85,0.404,5,58,W,Y,1,648.77,141,145,112,124,113,,145,129,28.974,-53.062,0.369,0.989,-21.142,0.71,0,0.407,357.244,294.035,381.448,654.565,92.389,-100.238,,,,,,0,0,,,,,,,,,,,,,,,,,,,,,,,,,,,,,,,,,,,,,,0.115,-37.934,0.05,-16.926,-20.742,-45.819,-13.109,-64.776,18.881,-48.065,13.573,-63.321,40.93,-90.677,0,-109.87,-40.83,-90.577,-0.329,-38.245,,"Yes_Man_",0.105,-17.166,,"P0TA0",-20.971,-45.683,,"Oort__Cloud",-13.134,-64.684,,"Kr_Luna",18.863,-48.012,,"CoalCat",13.67,-63.349,,"AI",40.9,-90.65,,"AI",0,-109.84,,"AI",-40.8,-90.55,,,,,,,,,,,,,,,,,,,,,,,,,,,,,,,,,,,,,,,,,,,,,,,,,,,,,,,,"",3,-51.091,-51.091,-18.875,0,1,0.511,68.915,55.547,3.178,83.793,0.065,-84.711,0,"",,,,0,""
17,,2,1,0,0,0,1,0,0,0,0,255,255,255,10,668.863,"うよすま",R,4,64,99,-3.717,-1.282,0.079,1.064,-1.176,0.844,-36.788,46.599,0,100,0,2,"",-204.413,0,-18.055,0,0,3,"=","=","=","=","=","=","","","",2,R,"Floră",190,85,0.404,5,91,W,Y,1,670.298,72,124,80,109,102,,120,106,26.452,-0.823,-0.685,0.535,-20.462,0.85,0,0.456,436.529,308.86,117.686,675.231,-5.971,-113.084,675.382,7,-5.691,1.952,-110.613,0,0,,676.494,,,,,,,,,,,,,675.564,3,,456,0,,,,,,,,,,,,,,,,,,,-0.276,-37.662,-0.166,-17.041,-21.186,-45.943,-13.044,-64.956,20.059,-46.72,13.546,-62.521,40.9,-90.65,0,-109.84,-40.8,-90.55,-0.653,-37.695,,"Yes_Man_",-0.404,-17.223,,"P0TA0",-21.027,-45.663,,"Oort__Cloud",-13.051,-64.796,85,"Kr_Luna",20.056,-46.713,,"CoalCat",13.508,-62.354,,"AI",40.9,-90.65,,"AI",0,-109.84,,"AI",-40.8,-90.55,,682.641,-0.469,-39.126,,,,,,,679.637,-1.472,-66.899,,,,,,,,,,,,,,,,,,,,,,,,,681.166,-1.906,-65.188,,,,,,,,,,,,,,,,"",1,2.991,2.991,4.595,0,2,0.23,85.1,40.468,2.468,82.961,0.06,-17.044,0,"AI",,,,40,""
18,,2,1,0,0,0,0,1,0,0,0,255,255,255,11,697.552,"うよすま",R,6,48,84,2.251,-0.704,0.209,1.074,0.247,1.251,-36.788,35.107,0,47,53,4,"",325.574,0,-4.049,0,0,4,"=","=","=","=","=","=","","","",5,L,"HOGGYS 호기스",175.3,87,0.317,,58,W,Y,1,,,,,,,,,,,,,,,,,,,,,,,,,,,,,0,0,,,,,,,,,,,,,,,,,,,,,,,,,,,,,,,,,,,,,,0.008,-37.809,0.278,-17.162,-20.972,-44.885,-10.967,-65.983,19.523,-47.896,14.83,-60.836,40.915,-90.664,0,-109.86,-40.815,-90.564,,,,"",,,,"",,,,"",,,,"",,,,"",,,,"",,,,"",,,,"",,,,701.482,-0.124,-37.672,,,,,,,,,,,,,,,,,,,,,,,,,,,,,,,,,,,,,,,,,,,,,,,,,,,,"",0,,,,,,,,,,,,,0,"",,,,0,""
19,,2,1,0,0,0,1,1,0,0,0,255,255,255,12,714.674,"うよすま",R,3,63,93,0.121,-0.551,0.608,1.197,1.095,1.332,-36.788,55.058,0,100,0,0,"",-422.727,0,-38.33,0,0,4,"=","=","=","=","=","=","","","",5,L,"HOGGYS 호기스",175.3,87,0.317,,58,W,Y,0,,,,,,,,,,,,,,,,,,,,,,,,,,,,,0,0,,,,,,,,,,,,,,,,,,,,,,,,,,,,,,,,,,,,,,0.143,-37.805,0.116,-17.167,-21.02,-45.978,-10.979,-65.927,19.652,-47.81,14.825,-60.846,40.907,-90.657,0,-109.85,-40.807,-90.557,,,,"",,,,"",,,,"",,,,"",,,,"",,,,"",,,,"",,,,"",,,,722.661,-0.328,-37.348,,,,,,,,,,,,,,,,,,,,,,,,,,,,,,,,,,,,,,,,,,,,,,,,,,,,"",0,,,,,,,,,,,,,0,"",,,,0,""
20,,2,1,0,0,1,2,1,0,0,0,255,255,255,13,760.469,"うよすま",R,33,64,118,2.673,1.095,0.362,1.417,0.973,2.26,-36.788,51.307,0,100,0,1,"",104.999,6.67,6.012,0,0,4,"=","=","=","=","=","=","","","",5,L,"HOGGYS 호기스",175.3,87,0.317,,58,W,Y,0,,,,,,,,,,,,,,,,,,,,,,,,,,,,,0,0,,,,,,,,,,,,,,,,,,,,,,,,,,,,,,,,,,,,,,-0.079,-37.767,-0.095,-17.199,-20.194,-44.938,-10.261,-65.504,19.664,-47.86,14.004,-61.485,40.907,-90.657,0,-109.84,-40.807,-90.557,,,,"",,,,"",,,,"",,,,"",,,,"",,,,"",,,,"",,,,"",,,,765.64,-0.433,-37.619,,,,,,,,,,,,,,,,,,,,,,,,,,,,,,,,,,,,,,,,,,,,,,,,,,,,"",0,,,,,,,,,,,,,0,"",,,,0,""
21,,2,1,0,0,2,2,1,0,0,0,255,255,255,14,778.273,"うよすま",R,47,55,97,-9.834,-2.617,-0.146,0.895,-4.425,-0.009,-36.788,41.764,0,45,55,1,"",61.619,-41.125,-46.073,-1.814,-20.475,4,"=","=","=","=","=","=","","","",5,L,"HOGGYS 호기스",175.3,87,0.317,,58,W,Y,0,,,,,,,,,,,,,,,,,,,,,,,,,,,,,0,0,,,,,,,,,,,,,,,,,,,,,,,,,,,,,,,,,,,,,,-0.066,-37.503,0.03,-17.392,-20.214,-44.935,-10.176,-66.103,19.651,-47.85,13.99,-61.553,40.915,-90.664,0,-109.85,-40.815,-90.564,,,,"",,,,"",,,,"",,,,"",,,,"",,,,"",,,,"",,,,"",,,,786.88,-0.256,-37.42,,,,,,,,,,,,,,,,,,,,,,,,,,,,,,,,,,,,,,,,,,,,,,,,,,,,"",0,,,,,,,,,,,,,0,"",,,,0,""
22,,2,1,0,0,3,2,1,0,0,0,255,255,255,15,802.953,"うよすま",R,32,64,104,0.358,-0.894,0.274,1.11,-0.269,1.094,-36.788,36.653,0,100,0,0,"",236.364,-21.168,-68.282,0,0,4,"=","=","=","=","=","=","","","",5,L,"HOGGYS 호기스",175.3,87,0.317,,58,W,Y,1,,,,,,,,,,,,,,,,,,,,,,,,,,,,,0,0,,,,,,,,,,,,,,,805.667,4,,578,0,,,,,,,,,,,,,,,,,,,0.008,-37.713,-0.019,-17.173,-20.037,-45.151,-10.182,-66.108,19.64,-47.885,14.026,-61.638,40.907,-90.657,0,-109.84,-40.8,-90.55,,,,"",,,,"",,,,"",,,,"",,,,"",,,,"",,,,"",,,,"",,,,806.591,-0.205,-37.92,,,,,,,,,,,,,,,,,,,,,,,,,,,,,,,,,,,,,,,,,,,,,,,,,,,,"",0,,,,,,,,,,,,,0,"",,,,0,""
23,,2,1,0,0,0,0,2,0,0,0,255,255,255,16,823.298,"うよすま",R,3,79,105,-2.259,0.433,0.249,1.393,-0.005,1.911,-36.788,36.747,0,100,0,2,"",-477.273,0,-26.73,0,0,5,"=","=","=","=","=","=","","","",0,R,"인생최패망자",190,86,0.35,3,58,W,Y,1,824.506,229,65,119,86,53,,145,103,16.038,36.555,-0.458,1.185,-20.271,0.95,0,0.321,498.533,205.989,80.682,827.831,-48.758,-80.386,831.965,8,-68.76,0.057,-98.302,1,0,,829.985,834.358,,,,,,,,,,,,,,,,,,,,,,,,,,,,,,,,,,,-0.039,-37.917,-0.066,-17.237,-20.542,-45.324,-13.187,-65.017,20.038,-52.349,10.797,-64.22,40.907,-90.657,0,-109.85,-40.807,-90.557,-0.26,-38.055,,"Yes_Man_",-0.061,-17.353,,"P0TA0",-20.393,-45.258,85,"Oort__Cloud",-13.181,-64.87,,"Kr_Luna",19.891,-52.214,,"CoalCat",9.699,-64.145,,"AI",40.9,-90.65,,"AI",0,-109.84,,"AI",-40.8,-90.55,,841.393,-0.96,-38.508,,,,836.661,-24.8,-46.667,,,,,,,,,,,,,,,,,,,,,,,,,839.986,-23.867,-47.068,,,,,,,,,,,,,,,,,,,"",2,,,,,,,,,,,,,0,"AI",834.358,,,48,""
24,,2,1,0,0,0,0,2,0,1,0,255,0,255,17,859.978,"うよすま",R,32,59,113,1.658,-0.654,0.343,1.104,0.249,1.314,-36.788,42.583,0,100,0,4,"",250,69.105,-30.844,0,0,0,"=","=","=","=","=","=","","","",4,L,"encounter v",190,83.068,0.46,,58,W,Y,1,,,,,,,,,,,,,,,,,,,,,,,,,,,,,0,0,,,,,,,,,,,,,877.025,,,,,,,,,,,,,,,,,,,,,,,,,-0.017,-37.823,0.004,-17.316,-21.552,-46.071,-0.41,-60.697,18.842,-46.477,12.936,-60.904,40.907,-90.657,0,-109.85,-40.807,-90.557,,,,"",,,,"",,,,"",,,,"",,,,"",,,,"",,,,"",,,,"",,,,866.778,0.434,-38.441,,,,,,,,,,,,,,,,,,,,,,,,,,,,,,,,,,,,,,,,,,,,,,,,,,,,"",0,,,,,,,,,,,,,0,"",863.516,,,0,""
25,,2,1,0,0,0,1,2,0,1,0,255,0,255,18,880.804,"うよすま",R,3,55,100,-0.833,0.987,0.48,1.427,0.593,2.265,-36.788,68.945,0,100,0,2,"",-451.928,0,-3.94,0,0,0,"=","=","=","=","=","=","","","",4,L,"encounter v",190,83.068,0.46,3,58,W,Y,1,881.906,255,121,115,88,27,,145,87,109.193,46.315,-0.148,1.429,-20.367,-1,0,0.575,565.795,-88.366,131.485,887.415,28.113,14.033,,,,,,0,0,,,,,,,,,,,,,881.477,,,,,,,,,,,,,,,,,,,,,,,,,-0.083,-37.828,-0.086,-17.208,-20.515,-45.267,-0.596,-61.161,20.029,-44.695,12.907,-60.896,40.907,-90.657,0,-109.85,-40.807,-90.557,-0.393,-38.098,,"Yes_Man_",-0.045,-17.272,,"P0TA0",-20.573,-45.726,,"Oort__Cloud",-5.194,-62.663,,"Kr_Luna",19.999,-45.024,,"CoalCat",12.934,-60.736,,"AI",40.9,-90.65,,"AI",0,-109.84,,"AI",-40.8,-90.55,,,,,,,,,,,,,,,,,,,,,,,,,,,,,,,,,,,,,,,,,,,,,,,,,,,,,,,,"",3,,,,,,,,,,,,,0,"",885.034,,,0,""
26,,2,1,0,0,0,2,2,0,1,0,255,0,255,19,903.209,"うよすま",R,6,33,76,3.651,-0.785,0.297,1.12,0.588,1.168,-36.788,35.167,0,100,0,4,"",345.455,0,-9.925,0,0,0,"=","=","=","=","=","=","","","",4,L,"encounter v",190,83.068,0.46,,58,W,Y,1,,,,,,,,,,,,,,,,,,,,,,,,,,,,,0,0,,,,,,,,,,,,,,,906.222,0,,578,0,,,,,,,,,,,,,,,,,,,0.039,-37.662,0.093,-17.316,-21.245,-46.045,-0.349,-60.831,19.548,-44.83,14.276,-60.965,40.907,-90.657,0,-109.85,-40.807,-90.557,,,,"",,,,"",,,,"",,,,"",,,,"",,,,"",,,,"",,,,"",,,,,,,,,,,,,,,,,,,,,,,,,,,,,,,,,,,,,,,,,,,,,,,,,,,,,,,,,,"",0,,,,,,,,,,,,,0,"",,,,0,""
27,SIDE,2,1,0,0,0,0,2,0,1,0,255,0,255,,908.882,,,,,,,,,,,,,,,,,,,,,,,,1,"=","=","=","=","=","=","","","",,,,,,,,,,,,,,,,,,,,,,,,,,,,,,,,,,,,,,,0,0,,,,,,,,,,,,,,,,,,,,,,,,,,,,,,,,,,,,,,,,,,,,,,,,,,,,,,,,,,,,,,,,,,,,,,,,,,,,,,,,,,,,,,,,,,,,,,,,,,,,,,,,,,,,,,,,,,,,,,,,,,,,,,,,,,,,,,,,,,,,,,,,,"",0,,,,,,,,,,,,,0,"",,,,0,""
28,,2,0,0,0,0,0,0,0,0,0,255,255,255,4,958.438,"인생최패망자",R,32,94,140,-0.081,1.064,0.748,1.368,-0.244,2.102,-36.74,46.027,5,95,0,0,"",153.453,-67.354,6.672,0,0,3,"CoalCat","Yes_Man_","Kr_Luna","Oort__Cloud","P0TA0","うよすま","","","",3,R,"Oort__Cloud",160,90.416,0.397,,58,W,Y,0,,,,,,,,,,,,,,,,,,,,,,,,,,,,,0,0,,,,,,,,,,,,,,,,,,,,,,,,,,,,,,,,,,,,,,0.192,-37.127,0.047,-17.242,-16.707,-42.437,-15.41,-63.193,18.329,-43.448,13.693,-60.274,40.966,-90.711,0,-109.91,-40.866,-90.611,,,,"",,,,"",,,,"",,,,"",,,,"",,,,"",,,,"",,,,"",,,,,,,,,,,,,,,,,,,,,,,,,,,,,,,,,,,,,,,,,,,,,,,,,,,,,,,,,,"",0,,,,,,,,,,,,,0,"",,,,0,""
29,,2,0,0,0,0,1,0,0,0,0,255,255,255,5,977.883,"인생최패망자",R,13,92,114,-3.166,-1.114,0.677,1.192,-0.693,1.502,-36.74,46.183,9,91,0,4,"",-390.434,312.348,8.269,-0.814,-20.734,3,"=","=","=","=","=","=","","","",3,R,"Oort__Cloud",160,90.416,0.397,,58,W,Y,1,,,,,,,,,,,,,,,,,,,,,,,,,,,,,0,0,,,,,,,,,,,,,,,,,,,,,,,,,,,,,,,,,,,,,,0.196,-37.208,-0.028,-17.223,-17.173,-42.986,-15.302,-63.25,18.58,-43.776,13.688,-60.288,40.927,-90.675,0,-109.87,-40.827,-90.575,,,,"",,,,"",,,,"",,,,"",,,,"",,,,"",,,,"",,,,"",,,,,,,,,,,,,,,,,,,,,,,,,,,,,,,,,,,,,,,,,,,,,,,,,,,,,,,,,,"",0,,,,,,,,,,,,,0,"",,,,0,""
30,,2,0,0,0,0,2,0,0,0,0,255,255,255,6,999.213,"인생최패망자",R,33,98,140,-0.516,0.849,0.805,1.347,-0.442,2.021,-36.74,38.704,0,100,0,0,"",139.387,-35.978,5.514,0,0,3,"=","=","=","=","=","=","","","",3,R,"Oort__Cloud",160,90.416,0.397,,58,W,Y,1,,,,,,,,,,,,,,,,,,,,,,,,,,,,,0,0,,,,,,,,,,,,,,,1001.846,3,,578,0,,,,,,,,,,,,,,,,,,,0.274,-37.139,0.013,-17.025,-16.632,-42.369,-15.263,-63.266,18.571,-43.775,13.675,-60.275,40.929,-90.677,0,-109.87,-40.83,-90.577,,,,"",,,,"",,,,"",,,,"",,,,"",,,,"",,,,"",,,,"",,,,,,,,,,,,,,,,,,,,,,,,,,,,,,,,,,,,,,,,,,,,,,,,,,,,,,,,,,"",0,,,,,,,,,,,,,0,"",,,,0,""
31,,2,0,0,0,0,0,1,0,0,0,255,255,255,7,1021.826,"인생최패망자",R,32,98,140,2.357,0.72,0.962,1.363,0.755,2.015,-36.74,58.714,10,90,0,2,"",201.421,-70.157,1.201,0,0,4,"=","=","=","=","=","=","","","",2,R,"P0TA0",190,96.215,0.525,5,58,W,Y,1,1022.726,179,39,81,68,15,,145,96,9.176,53.066,0.414,1.263,-19.311,-0.66,0,0.124,424.516,88.85,-225.696,1024.848,-41.295,-51.957,,,,,,0,0,,,,,,,,,,,,,,,,,,,,,,,,,,,,,,,,,,,,,,0.305,-37.267,0.07,-17.009,-17.263,-42.917,-15.381,-63.076,18.684,-43.899,13.684,-60.286,40.937,-90.684,0,-109.88,-40.837,-90.584,0.543,-36.877,,"가앤슬_",0.197,-17.039,,"Floră",-16.9,-42.504,,"ddil_ddil69",-15.448,-62.981,,"encounter v",18.368,-43.89,,"HOGGYS 호기스",13.647,-60.232,,"AI",40.9,-90.65,,"AI",0,-109.84,,"AI",-40.8,-90.55,,,,,,,,,,,,,,,,,,,,,,,,,,,,,,,,,,,,,,,,,,,,,,,,,,,,,,,,"",3,54.212,54.212,21.526,0,0,1,9.176,9.176,8.638,9.176,0,50.412,0,"",,,,0,""
32,,2,0,0,0,0,1,1,0,0,0,255,255,255,8,1040.544,"인생최패망자",R,32,96,140,0.768,0.782,0.821,1.371,0.097,2.041,-36.74,41.059,5,95,0,0,"",154.171,-84.053,11.908,0,0,4,"=","=","=","=","=","=","","","",2,R,"P0TA0",190,96.215,0.525,,58,W,Y,0,,,,,,,,,,,,,,,,,,,,,,,,,,,,,0,0,,,,,,,,,,,,,,,,,,,,,,,,,,,,,,,,,,,,,,0.265,-37.221,0.054,-17.194,-17.122,-42.776,-15.103,-63.454,18.791,-44.085,14.117,-61.064,40.922,-90.67,0,-109.86,-40.822,-90.57,,,,"",,,,"",,,,"",,,,"",,,,"",,,,"",,,,"",,,,"",,,,,,,,,,,,,,,,,,,,,,,,,,,,,,,,,,,,,,,,,,,,,,,,,,,,,,,,,,"",0,,,,,,,,,,,,,0,"",,,,0,""
33,,2,0,0,0,0,2,1,0,0,0,255,255,255,9,1059.508,"인생최패망자",R,3,95,116,-3.624,0.534,0.669,1.394,-0.717,1.963,-36.74,45.943,5,95,0,2,"",-498.55,0,11.69,0,0,4,"=","=","=","=","=","=","","","",2,R,"P0TA0",190,96.215,0.525,3,58,W,Y,1,1060.503,255,134,118,99,75,,145,87,55.955,40.254,-0.665,1.227,-20.47,-1,0,0.362,-10.78,-339.028,-329.153,1064.698,-33.228,-69.055,1065.165,3,-32.441,2.438,-67.753,0,0,,1066.833,,,,,,,,,,,,,1066.175,4,,452,0,,,,,,,,,,,,,,,,,,,0.101,-37.179,-0.49,-17.266,-16.861,-42.449,-15.08,-63.42,18.731,-44.042,14.118,-61.053,40.929,-90.677,0,-109.87,-40.83,-90.577,0.104,-36.853,,"가앤슬_",-0.716,-17.964,,"Floră",-16.932,-42.604,86,"ddil_ddil69",-15.106,-63.356,,"encounter v",18.622,-44.006,,"HOGGYS 호기스",14.053,-60.982,,"AI",40.9,-90.65,,"AI",0,-109.84,,"AI",-40.8,-90.55,,1072.155,-0.487,-38.747,,,,1070.112,-18.777,-44.238,1066.19,-32.874,-68.309,,,,,,,,,,,,,,,,,,,,,,1071.142,-17.091,-42.951,,,,,,,,,,,,,,,,,,,"",1,,,,,,,,,,,,,0,"ddil_ddil69",,,,42,""
34,,2,0,0,0,0,0,2,0,0,0,255,255,255,10,1089.595,"인생최패망자",R,32,96,140,2.598,1.227,0.973,1.427,0.805,2.271,-36.74,74.707,15,85,0,2,"",214.996,-61.846,2.127,0,0,5,"=","=","=","=","=","=","","","",0,R,"うよすま",175.4,84.991,0.5,5,58,W,Y,1,1090.57,120,38,130,18,0,,137,99,-30,52.465,0.461,1.299,-19.05,0.01,0,0.311,45.032,-2.995,-174.95,1089.415,-1.212,-20.335,,,,,,0,0,,,,,,,,,,,,,,,,,,,,,,,,,,,,,,,,,,,,,,0.211,-37.282,0.07,-16.905,-17.275,-42.925,-15.28,-63.235,18.788,-44.085,14.166,-63.332,40.937,-90.684,0,-109.88,-40.837,-90.584,0.604,-36.888,,"가앤슬_",0.062,-16.956,,"Floră",-17.245,-42.954,,"ddil_ddil69",-15.207,-63.057,,"encounter v",18.625,-43.942,,"HOGGYS 호기스",14.141,-63.294,,"AI",40.9,-90.65,,"AI",0,-109.84,,"AI",-40.8,-90.55,,,,,,,,,,,,,,,,,,,,,,,,,,,,,,,,,,,,,,,,,,,,,,,,,,,,,,,,"",3,67.182,45.535,5.899,0.637,0,1,-51.767,-51.767,-20.992,-51.767,0,141.07,0,"",,,,0,""
35,,2,0,0,0,0,1,2,0,0,0,255,255,255,11,1111.458,"인생최패망자",R,3,89,112,-4.557,0.748,0.535,1.425,-1.133,2.06,-36.74,38.502,5,95,0,1,"",-468.731,0,16.414,0,0,5,"=","=","=","=","=","=","","","",0,R,"うよすま",175.4,84.991,0.5,,58,W,Y,0,,,,,,,,,,,,,,,,,,,,,,,,,,,,,0,0,,,,,,,,,,,,,,,,,,,,,,,,,,,,,,,,,,,,,,0.075,-37.226,-0.22,-16.934,-17.298,-42.9,-15.073,-63.499,18.698,-43.995,13.562,-62.815,40.922,-90.671,0,-109.86,-40.822,-90.571,,,,"",,,,"",,,,"",,,,"",,,,"",,,,"",,,,"",,,,"",,,,,,,,,,,,,,,,,,,,,,,,,,,,,,,,,,,,,,,,,,,,,,,,,,,,,,,,,,"",0,,,,,,,,,,,,,0,"",,,,0,""
36,,2,0,0,0,1,1,2,0,0,0,255,255,255,12,1128.912,"인생최패망자",R,32,94,140,-0.934,1.734,0.65,1.505,-0.698,2.545,-36.74,38.124,5,95,0,1,"",195.664,-82.251,14.971,0,0,5,"=","=","=","=","=","=","","","",0,R,"うよすま",175.4,84.991,0.5,,58,W,Y,0,,,,,,,,,,,,,,,,,,,,,,,,,,,,,0,0,,,,,,,,,,,,,,,,,,,,,,,,,,,,,,,,,,,,,,0.126,-37.117,0.035,-17.155,-17.503,-43.244,-15.074,-63.234,18.793,-44.074,13.894,-62.442,40.922,-90.67,0,-109.87,-40.822,-90.57,,,,"",,,,"",,,,"",,,,"",,,,"",,,,"",,,,"",,,,"",,,,,,,,,,,,,,,,,,,,,,,,,,,,,,,,,,,,,,,,,,,,,,,,,,,,,,,,,,"",0,,,,,,,,,,,,,0,"",,,,0,""
37,,2,0,0,0,2,1,2,0,0,0,255,255,255,13,1148.19,"인생최패망자",R,13,85,109,-2.46,-1.199,0.808,1.155,0.024,1.428,-36.74,55.81,0,100,0,2,"",-386.885,312.348,-5.665,0,0,5,"=","=","=","=","=","=","","","",0,R,"うよすま",175.4,84.991,0.5,3,58,W,Y,1,1149.283,255,39,146,110,31,,145,82,-2.174,56.163,-0.251,0.644,-21.159,1,0,0.532,-188.162,365.677,80.708,1148.415,-7.65,-26.008,,,,,,0,0,,,,,,,,,,,,,,,,,,,,,,,,,,,,,,,,,,,,,,0.217,-37.366,0.019,-17.002,-17.228,-42.905,-15.411,-63.318,18.848,-44.153,13.903,-62.449,40.929,-90.677,0,-109.87,-40.83,-90.577,0.452,-36.774,,"가앤슬_",-0.079,-17.501,,"Floră",-17.335,-43.07,,"ddil_ddil69",-15.424,-63.307,,"encounter v",18.666,-43.969,,"HOGGYS 호기스",13.866,-62.388,,"AI",40.9,-90.65,,"AI",0,-109.84,,"AI",-40.8,-90.55,,,,,,,,,,,,,,,,,,,,,,,,,,,,,,,,,,,,,,,,,,,,,,,,,,,,,,,,"",3,,,,,,,,,,,,,0,"",,,,0,""
38,,2,0,0,0,2,2,2,0,0,0,255,255,255,14,1166.782,"인생최패망자",R,32,88,140,2.026,0.698,0.912,1.332,0.519,1.938,-36.74,67.167,8,92,0,2,"",242.204,-90.717,5.92,0,0,5,"=","=","=","=","=","=","","","",0,R,"うよすま",175.4,84.991,0.5,5,58,W,Y,1,1167.765,171,99,150,31,0,,145,97,45.561,24.038,0.36,1.137,-19.457,-0.34,0,0.395,430.226,195.325,-279.24,1172.515,-31.227,-83.669,1172.698,8,-30.223,3.064,-81.855,0,0,,1173.667,,,,,,,,,,,,,1173.849,5,,456,0,,,,,,,,,,,,,,,,,,,0.176,-37.195,-0.031,-17.11,-17.247,-42.893,-14.738,-63.474,18.796,-44.092,14.024,-61.941,40.922,-90.67,0,-109.86,-40.822,-90.57,0.571,-36.862,,"가앤슬_",0.051,-17.321,,"Floră",-17.654,-43.141,,"ddil_ddil69",-14.74,-63.44,,"encounter v",18.618,-43.957,,"HOGGYS 호기스",14.001,-61.912,,"AI",40.9,-90.65,,"AI",0,-109.84,,"AI",-40.8,-90.55,,,,,,,,,,,,,,,,,,,,,,,,,,,,,,,,,,,,,,,,,,,,,,,,,,,,,,,,"",1,25.053,25.053,3.565,0,2,0.188,78.448,45.561,7.561,79.732,0.064,99.978,0,"AI",,,,0,""
39,SIDE,2,0,0,0,0,0,2,0,0,0,255,255,255,,1174.777,,,,,,,,,,,,,,,,,,,,,,,,0,"=","=","=","=","=","=","","","",,,,,,,,,,,,,,,,,,,,,,,,,,,,,,,,,,,,,,,0,0,,,,,,,,,,,,,,,,,,,,,,,,,,,,,,,,,,,,,,,,,,,,,,,,,,,,,,,,,,,,,,,,,,,,,,,,,,,,,,,,,,,,,,,,,,,,,,,,,,,,,,,,,,,,,,,,,,,,,,,,,,,,,,,,,,,,,,,,,,,,,,,,,"",0,,,,,,,,,,,,,0,"",,,,0,""
40,,3,1,0,0,0,0,0,0,0,0,255,255,255,20,1214.082,"うよすま",R,3,63,93,0.239,-0.343,0.513,1.297,1.065,1.448,-36.788,44.841,0,100,0,0,"",-422.727,0,-55.335,0,0,1,"encounter v","ddil_ddil69","가앤슬_","Floră","HOGGYS 호기스","인생최패망자","","","",3,R,"ddil_ddil69",175.8,89.899,0.501,,58,W,Y,0,,,,,,,,,,,,,,,,,,,,,,,,,,,,,0,0,,,,,,,,,,,,,,,,,,,,,,,,,,,,,,,,,,,,,,0.115,-37.843,-0.013,-16.947,-20.606,-45.024,-13.012,-64.73,19.188,-47.804,12.804,-63.547,40.944,-90.691,0,-109.89,-40.845,-90.591,,,,"",,,,"",,,,"",,,,"",,,,"",,,,"",,,,"",,,,"",,,,,,,,,,,,,,,,,,,,,,,,,,,,,,,,,,,,,,,,,,,,,,,,,,,,,,,,,,"",0,,,,,,,,,,,,,0,"",,,,0,""
41,,3,1,0,0,0,1,0,0,0,0,255,255,255,21,1233.273,"うよすま",R,45,58,100,2.358,-0.482,0.437,1.278,0.499,1.355,-36.788,51.709,9,91,0,2,"",227.273,-2.499,-36.968,0,0,1,"=","=","=","=","=","=","","","",3,R,"ddil_ddil69",175.8,89.899,0.501,5,58,W,Y,1,1234.538,255,55,129,112,54,,145,102,-40.022,-64.486,0.423,0.818,-20.823,-0.1,0,0.679,-351.609,63.822,-422.238,1233.432,1.232,-21.21,,,,,,0,0,,,,,,,,,,,,,,,,,,,,,,,,,,,,,,,,,,,,,,0,-37.762,-0.033,-16.973,-20.79,-45.467,-12.971,-64.733,19.397,-47.866,13.17,-62.928,40.915,-90.664,0,-109.85,-40.815,-90.564,-0.224,-38.166,,"Yes_Man_",0.108,-17.29,,"P0TA0",-20.904,-45.416,,"Oort__Cloud",-12.927,-64.633,,"Kr_Luna",19.306,-48.02,,"CoalCat",13.131,-62.889,,"AI",40.9,-90.65,,"AI",0,-109.84,,"AI",-40.8,-90.55,,,,,,,,,,,,,,,,,,,,,,,,,,,,,,,,,,,,,,,,,,,,,,,,,,,,,,,,"",3,-69.891,-63.278,-19.839,0.575,0,1,-40.022,-40.022,-62.935,-40.022,0,-87.154,0,"",,,,0,""
42,,3,1,0,0,0,2,0,0,0,0,255,255,255,22,1253.178,"うよすま",R,3,68,109,-2.689,-0.573,0.326,1.279,-0.237,1.297,-36.788,36.32,0,100,0,4,"",-479.007,0,-32.519,0,0,1,"=","=","=","=","=","=","","","",3,R,"ddil_ddil69",175.8,89.899,0.501,,58,W,Y,1,,,,,,,,,,,,,,,,,,,,,,,,,,,,,0,0,,,,,,,,,,,,,,,1256.053,1,,578,0,,,,,,,,,,,,,,,,,,,-0.007,-37.796,-0.08,-16.974,-21.309,-45.64,-13.023,-64.833,20.061,-46.82,12.226,-63.635,40.907,-90.657,0,-109.84,-40.807,-90.557,,,,"",,,,"",,,,"",,,,"",,,,"",,,,"",,,,"",,,,"",,,,,,,,,,,,,,,,,,,,,,,,,,,,,,,,,,,,,,,,,,,,,,,,,,,,,,,,,,"",0,,,,,,,,,,,,,0,"",,,,0,""
43,,3,1,0,0,0,0,1,0,0,0,255,255,255,23,1280.618,"うよすま",R,32,70,109,-0.619,-0.542,0.362,1.248,-0.625,1.29,-36.788,40.878,0,100,0,2,"",176.041,-2.886,-28.872,0,0,2,"=","=","=","=","=","=","","","",1,R,"가앤슬_",190,90.016,0.2,3,58,W,Y,1,1281.868,255,106,132,137,83,,145,87,107.743,-66.292,-0.104,0.889,-21.555,-1,0,0.835,-27.506,-235.687,291.077,,,,,,,,,0,0,,,,,,,,,,,,,,,,,,,,,,,,,,,,,,,,,,,,,,-0.015,-37.708,-0.103,-16.968,-20.942,-45.368,-13.03,-64.865,19.855,-50.233,10.151,-63.997,40.907,-90.657,0,-109.84,-40.807,-90.557,-0.457,-38.093,,"Yes_Man_",-0.143,-17.257,,"P0TA0",-20.933,-45.348,,"Oort__Cloud",-12.925,-64.704,,"Kr_Luna",20.02,-50.128,,"CoalCat",10.179,-63.884,,"AI",40.9,-90.65,,"AI",0,-109.84,,"AI",-40.8,-90.55,,,,,,,,,,,,,,,,,,,,,,,,,,,,,,,,,,,,,,,,,,,,,,,,,,,,,,,,"",3,,,,,,,,,,,,,0,"",,,,0,""
44,,3,1,0,0,0,1,1,0,0,0,255,255,255,24,1298.819,"うよすま",R,33,74,125,-0.71,1.012,0.327,1.49,-0.538,2.23,-36.788,36.733,0,100,0,1,"",136.194,-22.009,3.411,0,0,2,"=","=","=","=","=","=","","","",1,R,"가앤슬_",190,90.016,0.2,,58,W,Y,0,,,,,,,,,,,,,,,,,,,,,,,,,,,,,0,0,,,,,,,,,,,,,,,,,,,,,,,,,,,,,,,,,,,,,,0.02,-37.898,0.081,-17.224,-21.413,-46.197,-13.079,-64.996,20.043,-50.136,10.493,-63.03,40.907,-90.657,0,-109.85,-40.807,-90.557,,,,"",,,,"",,,,"",,,,"",,,,"",,,,"",,,,"",,,,"",,,,,,,,,,,,,,,,,,,,,,,,,,,,,,,,,,,,,,,,,,,,,,,,,,,,,,,,,,"",0,,,,,,,,,,,,,0,"",,,,0,""
45,,3,1,0,0,1,1,1,0,0,0,255,255,255,25,1315.673,"うよすま",R,3,67,110,-2.267,0.972,0.402,1.517,-0.194,2.241,-36.788,52.622,16,84,0,4,"",-425.101,0,-11.308,0,0,2,"=","=","=","=","=","=","","","",1,R,"가앤슬_",190,90.016,0.2,,58,W,Y,1,,,,,,,,,,,,,,,,,,,,,,,,,,,,,0,0,,,,,,,,,,,,,,,,,,,,,,,,,,,,,,,,,,,,,,-0.023,-37.861,-0.29,-17.296,-21.503,-46.143,-13.101,-64.99,20.04,-50.154,10.514,-63.031,40.907,-90.657,0,-109.84,-40.807,-90.557,,,,"",,,,"",,,,"",,,,"",,,,"",,,,"",,,,"",,,,"",,,,,,,,,,,,,,,,,,,,,,,,,,,,,,,,,,,,,,,,,,,,,,,,,,,,,,,,,,"",0,,,,,,,,,,,,,0,"",,,,0,""
46,,3,1,0,0,1,2,1,0,0,0,255,255,255,26,1334.918,"うよすま",R,3,67,96,1.022,-0.404,0.656,1.332,1.473,1.392,-36.788,52.436,0,100,0,0,"",-436.364,0,-30.34,0,0,2,"=","=","=","=","=","=","","","",1,R,"가앤슬_",190,90.016,0.2,,58,W,Y,0,,,,,,,,,,,,,,,,,,,,,,,,,,,,,0,0,,,,,,,,,,,,,,,1337.869,2,,578,0,,,,,,,,,,,,,,,,,,,0.158,-37.797,-0.118,-17.287,-21.49,-46.193,-13.084,-64.978,19.925,-50.169,10.381,-62.99,40.908,-90.657,0,-109.85,-40.807,-90.557,,,,"",,,,"",,,,"",,,,"",,,,"",,,,"",,,,"",,,,"",,,,,,,,,,,,,,,,,,,,,,,,,,,,,,,,,,,,,,,,,,,,,,,,,,,,,,,,,,"",0,,,,,,,,,,,,,0,"",,,,0,""
47,,3,1,0,0,0,0,2,0,0,0,255,255,255,27,1356.79,"うよすま",R,34,72,124,1.151,-0.91,0.496,1.368,0.328,1.018,-36.788,53.186,0,100,0,0,"",97.835,-20.074,-0.365,0,0,3,"=","=","=","=","=","=","","","",2,R,"Floră",190,85,0.404,,58,W,Y,0,,,,,,,,,,,,,,,,,,,,,,,,,,,,,0,0,,,,,,,,,,,,,,,,,,,,,,,,,,,,,,,,,,,,,,0.035,-37.777,-0.127,-17.181,-22.313,-46.401,-13.06,-64.972,19.998,-50.144,11.002,-64.785,40.907,-90.657,0,-109.84,-40.807,-90.557,,,,"",,,,"",,,,"",,,,"",,,,"",,,,"",,,,"",,,,"",,,,,,,,,,,,,,,,,,,,,,,,,,,,,,,,,,,,,,,,,,,,,,,,,,,,,,,,,,"",0,,,,,,,,,,,,,0,"",,,,0,""
48,,3,1,0,0,0,1,2,0,0,0,255,255,255,28,1373.612,"うよすま",R,3,70,111,-1.815,-0.282,0.368,1.406,0.039,1.451,-36.788,43.716,31,69,0,2,"",-448.871,0,-15.486,0,0,3,"=","=","=","=","=","=","","","",2,R,"Floră",190,85,0.404,5,58,W,Y,1,1374.757,141,100,120,124,91,,145,105,26.32,-13.88,-0.343,0.907,-20.348,0.95,0,0.464,505.73,247.989,67.429,1378.648,17.476,-111.707,1378.881,7,17.122,1.982,-109.218,0,0,,,,,,,,,,,,,,,1380.088,3,,456,0,,,,,,,,,,,,,,,,,,,-0.06,-37.727,-0.163,-17.13,-21.304,-45.982,-13.108,-64.959,17.842,-53.709,11.002,-64.759,40.907,-90.657,0,-109.85,-40.807,-90.557,-0.365,-38.125,,"Yes_Man_",-0.212,-17.268,,"P0TA0",-21.331,-45.603,,"Oort__Cloud",-13.087,-64.802,,"Kr_Luna",17.872,-53.713,,"CoalCat",11.027,-64.625,,"AI",40.9,-90.65,,"AI",0,-109.84,,"AI",-40.8,-90.55,,,,,,,,,,,,,,,,,,,,,,,,,,,,,,,,,,,,,,,,,,,,,,,,,,,,,,,,"",1,-9.279,-9.279,-7.801,0,2,0.213,82.94,39.306,1.306,85.352,0.067,13.895,0,"AI",,,,0,""
49,SIDE,3,1,0,0,0,0,2,0,0,0,255,255,255,,1382.083,,,,,,,,,,,,,,,,,,,,,,,,4,"=","=","=","=","=","=","","","",,,,,,,,,,,,,,,,,,,,,,,,,,,,,,,,,,,,,,,0,0,,,,,,,,,,,,,,,,,,,,,,,,,,,,,,,,,,,,,,,,,,,,,,,,,,,,,,,,,,,,,,,,,,,,,,,,,,,,,,,,,,,,,,,,,,,,,,,,,,,,,,,,,,,,,,,,,,,,,,,,,,,,,,,,,,,,,,,,,,,,,,,,,"",0,,,,,,,,,,,,,0,"",,,,0,""
50,,3,0,0,0,0,0,0,0,0,0,255,255,255,15,1429.682,"인생최패망자",R,32,91,140,-0.882,-1.089,0.739,1.037,-0.747,0.901,-36.74,54.851,7,22,71,1,"",246.163,-95.551,0.597,-0.378,-12.121,0,"CoalCat","Yes_Man_","Kr_Luna","Oort__Cloud","P0TA0","うよすま","","","",5,R,"CoalCat",174.7,82.838,0.435,,58,W,Y,0,,,,,,,,,,,,,,,,,,,,,,,,,,,,,0,0,,,,,,,,,,,,,,,,,,,,,,,,,,,,,,,,,,,,,,0.258,-37.303,0.044,-17,-16.658,-42.183,-15.081,-62.955,19.014,-45.392,14.269,-62.397,40.93,-90.677,0,-109.87,-40.83,-90.577,,,,"",,,,"",,,,"",,,,"",,,,"",,,,"",,,,"",,,,"",,,,,,,,,,,,,,,,,,,,,,,,,,,,,,,,,,,,,,,,,,,,,,,,,,,,,,,,,,"",0,,,,,,,,,,,,,0,"",,,,0,""
51,,3,0,0,0,1,0,0,0,0,0,255,255,255,16,1450.206,"인생최패망자",R,33,93,140,-1.086,-0.845,0.75,1.091,-0.699,1.092,-36.74,50.278,8,14,79,2,"",146.696,-42.83,3.234,0,0,0,"=","=","=","=","=","=","","","",5,R,"CoalCat",174.7,82.838,0.435,5,58,W,Y,1,1451.305,255,139,130,86,64,,145,129,28.67,-57.426,-0.169,0.698,-21.076,0.47,0,0.532,382.841,291.093,358.745,,,,,,,,,0,0,,,,,,,,,,,,,,,,,,,,,,,,,,,,,,,,,,,,,,0.257,-37.02,0.059,-16.997,-16.498,-41.981,-15.303,-63.25,18.943,-45.304,14.279,-62.4,40.915,-90.664,0,-109.86,-40.815,-90.564,0.419,-36.863,,"가앤슬_",-0.06,-17.625,,"Floră",-16.679,-42.297,,"ddil_ddil69",-15.316,-63.218,,"encounter v",18.84,-45.241,,"HOGGYS 호기스",14.231,-62.343,,"AI",40.9,-90.65,,"AI",0,-109.84,,"AI",-40.8,-90.55,,,,,,,,,,,,,,,,,,,,,,,,,,,,,,,,,,,,,,,,,,,,,,,,,,,,,,,,"",3,-54.551,-42.762,-3.126,0,0,1,54.347,54.347,59.637,54.347,0,-119.862,0,"",,,,0,""
52,,3,0,0,0,1,1,0,0,0,0,255,255,255,17,1473.401,"인생최패망자",R,3,82,107,-2.351,-0.164,0.87,1.204,-0.094,1.544,-36.74,69.405,12,88,0,2,"",-486.364,0,4.35,0,0,0,"=","=","=","=","=","=","","","",5,R,"CoalCat",174.7,82.838,0.435,3,58,W,Y,1,1474.582,240,172,96,117,117,,145,81,-30,63.201,-0.214,0.996,-22.292,1,0,0.683,-58.709,102.208,4.779,1473.231,-3.181,-23.786,,,,,,0,0,,,,,,,,,,,,,,,,,,,,,,,,,,,,,,,,,,,,,,0.225,-37.305,-0.366,-17.06,-16.938,-42.33,-15.228,-63.543,18.821,-44.755,14.517,-61.593,40.915,-90.664,0,-109.86,-40.815,-90.564,0.193,-37.031,,"가앤슬_",-0.507,-17.55,,"Floră",-17.019,-42.475,,"ddil_ddil69",-15.233,-63.545,,"encounter v",18.64,-44.629,,"HOGGYS 호기스",14.484,-61.531,,"AI",40.9,-90.65,,"AI",0,-109.84,,"AI",-40.8,-90.55,,,,,,,,,,,,,,,,,,,,,,,,,,,,,,,,,,,,,,,,,,,,,,,,,,,,,,,,"",3,,,,,,,,,,,,,0,"",,,,0,""
53,,3,0,0,0,1,2,0,0,0,0,255,255,255,18,1491.606,"인생최패망자",R,32,97,140,1.209,0.635,0.747,1.381,-0.246,2.109,-36.74,45.702,6,94,0,2,"",167.602,-66.455,6.972,0,0,0,"=","=","=","=","=","=","","","",5,R,"CoalCat",174.7,82.838,0.435,5,58,W,Y,1,1492.693,181,59,139,95,43,,145,90,21.896,53.373,-0.074,1.299,-20.7,-0.71,0,0.432,503.903,107.404,-300.731,1496.148,-65.793,-66.6,,,,,,0,0,,,,,,,,,,,,,,,,,,,,,,,,,,,,,,,,,,,,,,0.185,-37.01,-0.033,-17.063,-16.776,-42.156,-15.174,-63.263,18.88,-44.798,12.502,-60.686,40.915,-90.664,0,-109.85,-40.815,-90.564,0.083,-36.791,,"가앤슬_",-0.045,-17.128,,"Floră",-16.746,-42.424,,"ddil_ddil69",-15.181,-63.136,,"encounter v",18.655,-44.624,,"HOGGYS 호기스",12.441,-60.61,,"AI",40.9,-90.65,,"AI",0,-109.84,,"AI",-40.8,-90.55,,,,,,,,,,,,,,,,,,,,,,,,,,,,,,,,,,,,,,,,,,,,,,,,,,,,,,,,"",3,56.317,54.053,10.053,0.38,0,1,21.896,21.896,25.413,21.896,0,72.307,0,"",,,,0,""
54,,3,0,0,0,1,2,0,0,0,0,255,255,255,19,1510.588,"인생최패망자",R,33,94,140,-0.335,0.914,0.72,1.38,-0.371,2.107,-36.74,30.991,4,96,0,2,"",146.246,-40.755,10.992,0,0,0,"=","=","=","=","=","=","","","",5,R,"CoalCat",174.7,82.838,0.435,5,58,W,Y,1,1511.665,175,47,132,70,10,,145,102,56.704,60.41,-0.068,1.23,-20.286,-0.06,0,0.332,370.064,-166.137,-442.099,1517.048,-52.239,-51.626,,,,,,0,0,,,,,,,,,,,,,,,,,,,,,,,,,,,,,,,,,,,,,,0.319,-37.14,-0.024,-17.076,-16.737,-42.289,-14.891,-63,18.863,-44.779,13.388,-59.706,40.915,-90.664,0,-109.85,-40.808,-90.557,0.246,-36.766,,"가앤슬_",-0.053,-17.111,,"Floră",-16.881,-42.477,,"ddil_ddil69",-14.886,-62.997,,"encounter v",18.637,-44.62,,"HOGGYS 호기스",13.366,-59.682,,"AI",40.9,-90.65,,"AI",0,-109.84,,"AI",-40.8,-90.55,,,,,,,,,,,,,,,,,,,,,,,,,,,,,,,,,,,,,,,,,,,,,,,,,,,,,,,,"",3,67.503,58.771,22.656,0.539,2,0.343,68.755,56.704,57.632,68.369,0.07,104.91,0,"",,,,0,""
55,,3,0,0,0,1,2,0,0,0,0,255,255,255,20,1538.651,"인생최패망자",R,33,88,124,1.359,1.394,1.004,1.542,0.323,2.338,-36.74,66.587,2,98,0,1,"",147.564,-69.068,3.325,0,0,0,"=","=","=","=","=","=","","","",5,R,"CoalCat",174.7,82.838,0.435,,58,W,Y,0,,,,,,,,,,,,,,,,,,,,,,,,,,,,,0,0,,,,,,,,,,,,,,,,,,,,,,,,,,,,,,,,,,,,,,0.241,-37.335,0.023,-17.321,-16.93,-42.426,-15.377,-63.304,18.871,-44.8,12.493,-59.693,40.922,-90.67,0,-109.86,-40.822,-90.571,,,,"",,,,"",,,,"",,,,"",,,,"",,,,"",,,,"",,,,"",,,,,,,,,,,,,,,,,,,,,,,,,,,,,,,,,,,,,,,,,,,,,,,,,,,,,,,,,,"",0,,,,,,,,,,,,,0,"",,,,0,""
56,,3,0,0,0,2,2,0,0,0,0,255,255,255,21,1556.003,"인생최패망자",R,32,94,128,2.11,-0.366,1.075,1.126,0.543,1.36,-36.74,68.367,11,63,27,2,"",222.043,-44.522,-1.386,0,0,0,"=","=","=","=","=","=","","","",5,R,"CoalCat",174.7,82.838,0.435,5,58,W,Y,1,1557.191,245,165,146,92,75,,145,91,63.324,-62.048,0.417,0.865,-21.395,-0.65,0,0.489,220.175,134.647,516.962,1561.582,35.916,-42.154,1561.915,4,35.129,2.689,-41.684,0,0,,,,,,,,,,,,,,,1563.75,0,,453,0,,,,,,,,,,,,,,,,,,,0.382,-37.268,0.037,-17.226,-17.038,-42.622,-15.4,-63.326,18.808,-44.76,12.532,-59.738,40.915,-90.664,0,-109.85,-40.815,-90.564,0.377,-36.751,,"가앤슬_",0.067,-17.874,,"Floră",-16.943,-42.577,,"ddil_ddil69",-15.408,-63.261,,"encounter v",18.612,-44.582,95,"HOGGYS 호기스",12.463,-59.653,,"AI",40.9,-90.65,,"AI",0,-109.84,,"AI",-40.8,-90.55,,1566.568,5.256,-36.734,,,,,,,,,,1563.764,35.429,-41.945,,,,,,,,,,,,,,,,,,,,,,,,,1565.117,32.439,-41.226,,,,,,,,,,,,,"",1,-70.329,-53.237,-13.6,0.582,0,1,63.324,63.324,69.129,63.324,0,-115.783,0,"encounter v",,,,33,""
57,,3,0,0,0,0,0,1,0,0,0,255,255,255,22,1583.059,"인생최패망자",R,3,89,113,-2.498,-0.082,0.803,1.225,-0.301,1.593,-36.74,54.391,4,96,0,1,"",-443.774,8.009,7.114,0,0,1,"=","=","=","=","=","=","","","",1,R,"Yes_Man_",174.8,84.826,0.502,,58,W,Y,0,,,,,,,,,,,,,,,,,,,,,,,,,,,,,0,0,,,,,,,,,,,,,,,,,,,,,,,,,,,,,,,,,,,,,,0.206,-37.242,0.007,-17.557,-16.652,-42.205,-15.311,-63.48,18.941,-45.191,13.319,-61.986,40.915,-90.664,0,-109.86,-40.815,-90.564,,,,"",,,,"",,,,"",,,,"",,,,"",,,,"",,,,"",,,,"",,,,1586.963,-0.052,-37.311,,,,,,,,,,,,,,,,,,,,,,,,,,,,,,,,,,,,,,,,,,,,,,,,,,,,"",0,,,,,,,,,,,,,0,"",,,,0,""
58,,3,0,0,0,1,0,1,0,0,0,255,255,255,23,1597.705,"인생최패망자",R,32,96,140,-0.662,-0.411,0.759,1.166,-0.657,1.353,-36.74,48.13,8,45,47,0,"",248.532,-31.208,10.798,0,0,1,"=","=","=","=","=","=","","","",1,R,"Yes_Man_",174.8,84.826,0.502,,58,W,Y,0,,,,,,,,,,,,,,,,,,,,,,,,,,,,,0,0,,,,,,,,,,,,,,,,,,,,,,,,,,,,,,,,,,,,,,0.253,-37.297,-0.089,-17.132,-17.016,-42.631,-15.613,-63.194,19.029,-45.265,13.055,-61.893,40.907,-90.657,0,-109.85,-40.807,-90.557,,,,"",,,,"",,,,"",,,,"",,,,"",,,,"",,,,"",,,,"",,,,1601.554,-0.128,-37.442,,,,,,,,,,,,,,,,,,,,,,,,,,,,,,,,,,,,,,,,,,,,,,,,,,,,"",0,,,,,,,,,,,,,0,"",,,,0,""
59,,3,0,0,0,1,1,1,0,0,0,255,255,255,24,1614.733,"인생최패망자",R,13,92,114,-2.531,-0.73,0.787,1.211,-0.351,1.559,-36.74,57.084,8,92,0,1,"",-428.643,257.42,7.806,0,0,1,"=","=","=","=","=","=","","","",1,R,"Yes_Man_",174.8,84.826,0.502,,58,W,Y,0,,,,,,,,,,,,,,,,,,,,,,,,,,,,,0,0,,,,,,,,,,,,,,,,,,,,,,,,,,,,,,,,,,,,,,0.163,-37.178,-0.091,-17.601,-17.191,-42.832,-15.055,-63.321,18.982,-45.214,13.06,-61.874,40.915,-90.664,0,-109.85,-40.815,-90.564,,,,"",,,,"",,,,"",,,,"",,,,"",,,,"",,,,"",,,,"",,,,1618.586,-0.176,-37.4,,,,,,,,,,,,,,,,,,,,,,,,,,,,,,,,,,,,,,,,,,,,,,,,,,,,"",0,,,,,,,,,,,,,0,"",,,,0,""
60,,3,0,0,0,2,1,1,0,0,0,255,255,255,25,1632.62,"인생최패망자",R,32,98,132,-1.441,-0.318,0.571,1.125,-1.019,1.359,-36.74,38.061,4,96,0,0,"",250,-76.324,0.61,0,0,1,"=","=","=","=","=","=","","","",1,R,"Yes_Man_",174.8,84.826,0.502,,58,W,Y,0,,,,,,,,,,,,,,,,,,,,,,,,,,,,,0,0,,,,,,,,,,,,,,,,,,,,,,,,,,,,,,,,,,,,,,0.202,-37.084,-0.365,-17.482,-17.058,-42.61,-15.064,-63.314,19.009,-45.216,13.049,-61.887,40.915,-90.664,0,-109.85,-40.815,-90.564,,,,"",,,,"",,,,"",,,,"",,,,"",,,,"",,,,"",,,,"",,,,1637.218,-0.204,-37.228,,,,,,,,,,,,,,,,,,,,,,,,,,,,,,,,,,,,,,,,,,,,,,,,,,,,"",0,,,,,,,,,,,,,0,"",,,,0,""
61,,3,0,0,0,2,2,1,0,0,0,255,255,255,26,1649.61,"인생최패망자",R,32,97,140,-0.69,1.199,0.668,1.413,-0.616,2.224,-36.74,37.268,5,95,0,4,"",212.57,-91.157,15.861,0,0,1,"=","=","=","=","=","=","","","",1,R,"Yes_Man_",174.8,84.826,0.502,,58,W,Y,1,,,,,,,,,,,,,,,,,,,,,,,,,,,,,0,0,,,,,,,,,,,,,,,1652.277,1,,578,0,,,,,,,,,,,,,,,,,,,0.177,-37.102,0.03,-16.969,-17.397,-43.045,-14.944,-63.309,18.784,-45.505,13.697,-62.408,40.915,-90.664,0,-109.85,-40.815,-90.564,,,,"",,,,"",,,,"",,,,"",,,,"",,,,"",,,,"",,,,"",,,,1654.584,-0.165,-36.965,,,,,,,,,,,,,,,,,,,,,,,,,,,,,,,,,,,,,,,,,,,,,,,,,,,,"",0,,,,,,,,,,,,,0,"",,,,0,""
62,,3,0,0,0,0,0,2,0,0,0,255,255,255,27,1672.571,"인생최패망자",R,32,94,140,-0.85,0.878,0.753,1.395,-0.684,2.121,-36.74,48.66,6,94,0,0,"",209.195,-63.17,9.91,0,0,2,"=","=","=","=","=","=","","","",4,L,"Kr_Luna",190,95.218,0.504,,58,W,Y,0,,,,,,,,,,,,,,,,,,,,,,,,,,,,,0,0,,,,,,,,,,,,,,,,,,,,,,,,,,,,,,,,,,,,,,0.178,-37.345,-0.05,-17.456,-14.818,-43.699,-15.265,-63.248,19.076,-45.255,13.712,-62.435,40.922,-90.67,0,-109.86,-40.822,-90.57,,,,"",,,,"",,,,"",,,,"",,,,"",,,,"",,,,"",,,,"",,,,1676.324,0.005,-37.504,,,,,,,,,,,,,,,,,,,,,,,,,,,,,,,,,,,,,,,,,,,,,,,,,,,,"",0,,,,,,,,,,,,,0,"",,,,0,""
63,,3,0,0,0,0,1,2,0,0,0,255,255,255,28,1692.186,"인생최패망자",R,3,80,107,0.305,-0.25,1.098,1.173,0.925,1.486,-36.74,70.301,7,93,0,2,"",-421.187,0,7.421,0,0,2,"=","=","=","=","=","=","","","",4,L,"Kr_Luna",190,95.218,0.504,3,58,W,Y,1,1693.199,181,82,111,66,36,,145,130,27.054,0.473,-0.017,0.883,-19.743,0.3,0,0.189,257.254,104.987,52.161,1696.615,-3.97,-132.629,1696.998,7,-3.978,0.279,-132.589,1,0,,1699.098,1703.542,,,,,,,,,,,,,,,,,,,,,,,,,,,,,1704.396,3,,,,,0.398,-37.324,0.078,-17.576,-15.162,-44,-15.152,-63.499,19.07,-45.314,13.71,-62.443,40.915,-90.664,0,-109.86,-40.815,-90.564,0.436,-36.958,,"가앤슬_",0.125,-17.855,,"Floră",-15.309,-44.106,,"ddil_ddil69",-15.462,-63.318,99,"encounter v",18.859,-45.165,,"HOGGYS 호기스",13.689,-62.411,,"AI",40.9,-90.65,,"AI",0,-109.84,,"AI",-40.8,-90.55,,1708.101,-0.403,-40.516,,,,,,,1704.022,0.437,-60.581,,,,,,,,,,,,,,,,,,,,,,,,,1707.195,-1.304,-54.868,,,,,,,,,,,,,,,,"",2,,,,,,,,,,,,,0,"AI",1703.542,,,34,""
64,,3,0,0,0,0,0,2,0,1,0,255,14,255,29,1722.05,"인생최패망자",R,32,94,140,7.59,-0.767,0.923,1.325,0.573,1.936,-36.74,68.27,7,93,0,2,"",166.075,-57.481,-0.963,0,0,3,"=","=","=","=","=","=","","","",3,R,"Oort__Cloud",160,90.416,0.397,3,58,W,Y,1,1723.168,185,49,62,42,20,,137,72,17.443,29.826,0.134,1.13,-20.218,-1,0,0.08,504.54,46.209,-258.607,1724.132,-24.202,-61.994,1724.531,3,-22.06,1.739,-58.36,0,0,,,,,,,,,,,,,,,1726.393,3,,452,0,,,,,,,,,,,,,,,,,,,0.192,-37.266,0.039,-17.182,-16.572,-42.082,-14.523,-62.825,19.281,-44.397,11.135,-63.306,40.908,-90.657,0,-109.85,-40.808,-90.557,0.328,-37.105,,"가앤슬_",0.059,-17.526,,"Floră",-16.669,-42.098,,"ddil_ddil69",-14.49,-62.643,99,"encounter v",18.979,-44.278,,"HOGGYS 호기스",6.412,-63.203,,"AI",40.9,-90.65,,"AI",0,-109.84,,"AI",-40.8,-90.55,,,,,,,,,,,1726.409,-22.484,-59.149,,,,,,,,,,,,,,,,,,,,,,,,,1728.498,-15.173,-52.309,,,,,,,,,,,,,,,,"",1,,,,,,,,,,,,,0,"ddil_ddil69",,,,2,""
65,SIDE,3,0,0,0,0,0,2,0,1,0,255,14,255,,1729.016,,,,,,,,,,,,,,,,,,,,,,,,4,"=","=","=","=","=","=","","","",,,,,,,,,,,,,,,,,,,,,,,,,,,,,,,,,,,,,,,0,0,,,,,,,,,,,,,,,,,,,,,,,,,,,,,,,,,,,,,,,,,,,,,,,,,,,,,,,,,,,,,,,,,,,,,,,,,,,,,,,,,,,,,,,,,,,1748.144,0.261,-38.699,,,,,,,,,,,,,,,,,,,,,,,,,,,,,,,,,,,,,,,,,,,,,,,,,,,,"",0,,,,,,,,,,,,,0,"",,,,32,""
66,,4,1,0,0,0,0,0,0,0,0,255,255,255,29,1767.04,"うよすま",R,6,37,78,4.321,-0.935,0.404,1.152,0.877,1.115,-36.788,45.282,0,100,0,4,"",354.545,0,-14.342,0,0,4,"encounter v","ddil_ddil69","가앤슬_","Floră","HOGGYS 호기스","인생최패망자","","","",5,L,"HOGGYS 호기스",175.3,87,0.317,,58,W,Y,1,,,,,,,,,,,,,,,,,,,,,,,,,,,,,0,0,,,,,,,,,,,,,,,,,,,,,,,,,,,,,,,,,,,,,,0.053,-37.753,0.205,-16.881,-21.028,-46.235,-10.021,-65.934,20.014,-47.77,14.489,-63.25,40.9,-90.65,0,-109.84,-40.8,-90.55,,,,"",,,,"",,,,"",,,,"",,,,"",,,,"",,,,"",,,,"",,,,1775.133,-0.237,-25.13,,,,,,,,,,,,,,,,,,,,,,,,,,,,,,,,,,,,,,,,,,,,,,,,,,,,"",0,,,,,,,,,,,,,0,"",,,,0,""
67,,4,1,0,0,0,1,0,0,0,0,255,255,255,30,1792.812,"うよすま",R,45,58,100,1.632,-1.857,0.512,1.125,0.303,0.656,-36.788,55.733,0,100,0,4,"",173.68,54.512,-35.331,0,0,4,"=","=","=","=","=","=","","","",5,L,"HOGGYS 호기스",175.3,87,0.317,,58,W,Y,1,,,,,,,,,,,,,,,,,,,,,,,,,,,,,0,0,,,,,,,,,,,,,,,,,,,,,,,,,,,,,,,,,,,,,,0.084,-37.727,0.078,-17.297,-21.242,-46.216,-10.043,-65.922,20.331,-47.641,14.332,-62.803,40.9,-90.65,0,-109.84,-40.8,-90.55,,,,"",,,,"",,,,"",,,,"",,,,"",,,,"",,,,"",,,,"",,,,1796.576,-0.188,-37.732,,,,,,,,,,,,,,,,,,,,,,,,,,,,,,,,,,,,,,,,,,,,,,,,,,,,"",0,,,,,,,,,,,,,0,"",,,,0,""
68,,4,1,0,0,0,2,0,0,0,0,255,255,255,31,1811.047,"うよすま",R,34,74,125,-2.934,0.85,0.164,1.416,-1.405,2.095,-36.788,25.397,0,100,0,1,"",75.885,-6.999,2.624,0,0,4,"=","=","=","=","=","=","","","",5,L,"HOGGYS 호기스",175.3,87,0.317,,58,W,Y,0,,,,,,,,,,,,,,,,,,,,,,,,,,,,,0,0,,,,,,,,,,,,,,,,,,,,,,,,,,,,,,,,,,,,,,0.007,-37.734,0.095,-17.587,-20.99,-45.741,-10.036,-65.948,20.27,-47.672,14.302,-62.84,40.907,-90.657,0,-109.84,-40.807,-90.557,,,,"",,,,"",,,,"",,,,"",,,,"",,,,"",,,,"",,,,"",,,,1816.28,-0.321,-37.526,,,,,,,,,,,,,,,,,,,,,,,,,,,,,,,,,,,,,,,,,,,,,,,,,,,,"",0,,,,,,,,,,,,,0,"",,,,0,""
69,,4,1,0,0,1,2,0,0,0,0,255,255,255,32,1828.438,"うよすま",R,3,61,93,0.802,-0.219,0.648,1.3,1.204,1.52,-36.788,65.776,0,100,0,0,"",-372.665,0,-18.988,0,0,4,"=","=","=","=","=","=","","","",5,L,"HOGGYS 호기스",175.3,87,0.317,,58,W,Y,0,,,,,,,,,,,,,,,,,,,,,,,,,,,,,0,0,,,,,,,,,,,,,,,1831.234,4,,578,0,,,,,,,,,,,,,,,,,,,0.089,-37.657,-0.136,-17.318,-20.975,-45.728,-10.024,-65.951,20.258,-47.62,14.334,-62.856,40.907,-90.657,0,-109.84,-40.807,-90.557,,,,"",,,,"",,,,"",,,,"",,,,"",,,,"",,,,"",,,,"",,,,1834.168,-0.166,-37.682,,,,,,,,,,,,,,,,,,,,,,,,,,,,,,,,,,,,,,,,,,,,,,,,,,,,"",0,,,,,,,,,,,,,0,"",,,,0,""
70,,4,1,0,0,0,0,1,0,0,0,255,255,255,33,1852.115,"うよすま",R,34,70,122,2.161,1.107,0.338,1.453,0.779,2.319,-36.788,35.46,0,100,0,1,"",92.145,5.07,2.186,0,0,5,"=","=","=","=","=","=","","","",0,R,"인생최패망자",190,86,0.35,,58,W,Y,0,,,,,,,,,,,,,,,,,,,,,,,,,,,,,0,0,,,,,,,,,,,,,,,,,,,,,,,,,,,,,,,,,,,,,,0.065,-37.75,0.027,-17.211,-21.136,-46.043,-12.975,-65.016,20.103,-47.782,12.928,-63.93,40.915,-90.664,0,-109.85,-40.815,-90.564,,,,"",,,,"",,,,"",,,,"",,,,"",,,,"",,,,"",,,,"",,,,1855.963,-0.086,-37.854,,,,,,,,,,,,,,,,,,,,,,,,,,,,,,,,,,,,,,,,,,,,,,,,,,,,"",0,,,,,,,,,,,,,0,"",,,,0,""
71,,4,1,0,0,1,0,1,0,0,0,255,255,255,34,1869.737,"うよすま",R,3,61,106,1.641,1.143,0.552,1.556,1.448,2.351,-36.788,60.439,16,84,0,1,"",-377.46,0,-8.667,0,0,5,"=","=","=","=","=","=","","","",0,R,"인생최패망자",190,86,0.35,,58,W,Y,0,,,,,,,,,,,,,,,,,,,,,,,,,,,,,0,0,,,,,,,,,,,,,,,,,,,,,,,,,,,,,,,,,,,,,,0.091,-37.83,0.078,-17.181,-21.244,-45.977,-12.971,-65.024,20.053,-47.828,12.926,-63.995,40.907,-90.657,0,-109.84,-40.807,-90.557,,,,"",,,,"",,,,"",,,,"",,,,"",,,,"",,,,"",,,,"",,,,1873.579,-0.254,-37.774,,,,,,,,,,,,,,,,,,,,,,,,,,,,,,,,,,,,,,,,,,,,,,,,,,,,"",0,,,,,,,,,,,,,0,"",,,,0,""
72,,4,1,0,0,2,0,1,0,0,0,255,255,255,35,1886.392,"うよすま",R,33,67,107,-0.356,-0.672,0.229,1.132,-0.442,1.232,-36.788,43.247,9,91,0,2,"",142.336,10.355,-21.908,0,0,5,"=","=","=","=","=","=","","","",0,R,"인생최패망자",190,86,0.35,0,58,W,Y,1,1887.545,255,100,133,114,71,,145,116,25.925,5.082,-0.065,0.779,-20.635,0.07,0,0.379,166.967,226.864,147.017,1889.231,-14.853,-120.92,1889.398,7,-14.274,2.158,-117.861,0,0,,,,,,,,,,,,,,,1892.651,5,,456,0,,,,,,,,,,,,,,,,,,,0.01,-38.126,-0.106,-17.195,-21.245,-45.951,-12.975,-65.039,20.23,-47.678,12.887,-63.964,40.9,-90.65,0,-109.84,-40.8,-90.55,-0.439,-37.838,,"Yes_Man_",-0.204,-17.31,,"P0TA0",-21.116,-45.774,,"Oort__Cloud",-12.959,-64.888,85,"Kr_Luna",20.218,-47.692,,"CoalCat",12.861,-63.819,,"AI",40.9,-90.65,,"AI",0,-109.84,,"AI",-40.8,-90.55,,1900.222,3.004,-41.001,,,,,,,1896.942,-2.78,-71.123,,,,,,,,,,,,,,,,,,,,,,,,,1898.548,-3.103,-69.22,,,,,,,,,,,,,,,,"",1,,,,,,,,,,,,,0,"AI",,,,40,""
73,,4,1,0,0,0,0,2,0,0,0,255,255,255,36,1917.5,"うよすま",R,33,74,126,1.598,0.92,0.392,1.453,0.46,2.189,-36.788,45.719,0,100,0,1,"",141.448,-6.423,2.757,0,0,0,"=","=","=","=","=","=","","","",4,L,"encounter v",190,86.067,0.46,,58,W,Y,0,,,,,,,,,,,,,,,,,,,,,,,,,,,,,0,0,,,,,,,,,,,,,,,,,,,,,,,,,,,,,,,,,,,,,,0.013,-37.799,-0.021,-17.122,-21.226,-45.926,-10.21,-66.255,19.844,-46.719,13.617,-63.291,40.922,-90.671,0,-109.86,-40.822,-90.571,,,,"",,,,"",,,,"",,,,"",,,,"",,,,"",,,,"",,,,"",,,,1921.35,-0.268,-37.892,,,,,,,,,,,,,,,,,,,,,,,,,,,,,,,,,,,,,,,,,,,,,,,,,,,,"",0,,,,,,,,,,,,,0,"",,,,0,""
74,,4,1,0,0,1,0,2,0,0,0,255,255,255,37,1934.653,"うよすま",R,3,65,96,-1.16,0.514,0.46,1.426,0.348,1.969,-36.788,47.835,0,100,0,2,"",-382.448,0,-18.125,0,0,0,"=","=","=","=","=","=","","","",4,L,"encounter v",190,86.067,0.46,3,58,W,Y,1,1935.846,255,167,45,97,44,,134,80,103.343,-49.945,-0.278,1.163,-19.699,-1,0,0.45,-64.686,-19.156,429.618,,,,,,,,,0,0,,,,,,,,,,,,,,,,,,,,,,,,,,,,,,,,,,,,,,0.004,-37.785,-0.082,-17.148,-21.228,-45.946,-10.25,-66.267,19.715,-46.877,13.622,-63.267,40.907,-90.657,0,-109.84,-40.807,-90.557,-0.367,-38.198,,"Yes_Man_",-0.075,-17.207,,"P0TA0",-21.232,-45.946,,"Oort__Cloud",-10.231,-66.199,,"Kr_Luna",19.531,-50.257,,"CoalCat",13.524,-63.141,,"AI",40.9,-90.65,,"AI",0,-109.84,,"AI",-40.8,-90.55,,,,,,,,,,,,,,,,,,,,,,,,,,,,,,,,,,,,,,,,,,,,,,,,,,,,,,,,"",3,,,,,,,,,,,,,0,"",,,,0,""
75,,4,1,0,0,1,1,2,0,0,0,255,255,255,38,1956.555,"うよすま",R,6,44,82,2.552,-0.71,0.263,1.165,0.334,1.213,-36.788,34.108,0,56,44,2,"",289.054,0,-6.1,0,0,0,"=","=","=","=","=","=","","","",4,L,"encounter v",190,86.067,0.46,3,58,W,Y,1,1957.704,255,132,131,101,60,,145,87,-8.693,-40.354,0.454,0.836,-21.427,1,0,0.538,-137.962,-341.648,70.336,1954.648,4.079,-25.641,1956.281,4,20.912,0.056,-45.379,0,0,,1963.497,,,,,,,,,,,,,1962.658,0,,147,4,,,,,,,,,,,,,,,,,,,0.044,-37.742,0.021,-16.903,-21.565,-46.655,-10.788,-66.043,19.456,-50.272,12.822,-63.498,40.907,-90.657,0,-109.84,-40.807,-90.557,-0.382,-38.357,,"Yes_Man_",0.127,-17.332,,"P0TA0",-21.44,-46.355,,"Oort__Cloud",-10.682,-65.937,,"Kr_Luna",19.44,-50.297,100,"CoalCat",12.854,-63.407,,"AI",40.9,-90.65,,"AI",0,-109.84,,"AI",-40.8,-90.55,,,,,,,,1962.039,-17.711,-39.862,,,,1959.549,21.625,-46.204,,,,,,,,,,,,,,,,,,,,,,,,,1960.358,17.369,-45.235,,,,,,,,,,,,,"",2,,,,,,,,,,,,,0,"Kr_Luna",,,,20,""
76,SIDE,4,1,0,0,0,0,2,0,0,0,255,255,255,,1968.786,,,,,,,,,,,,,,,,,,,,,,,,1,"=","=","=","=","=","=","","","",,,,,,,,,,,,,,,,,,,,,,,,,,,,,,,,,,,,,,,0,0,,,,,,,,,,,,,,,,,,,,,,,,,,,,,,,,,,,,,,,,,,,,,,,,,,,,,,,,,,,,,,,,,,,,,,,,,,,,,,,,,,,,,,,,,,,,,,,,,,,,,,,,,,,,,,,,,,,,,,,,,,,,,,,,,,,,,,,,,,,,,,,,,"",0,,,,,,,,,,,,,0,"",,,,0,""
77,,4,0,0,0,0,0,0,0,0,0,255,255,255,30,2008.109,"인생최패망자",R,32,94,140,1.691,0.574,0.896,1.434,0.449,1.921,-36.74,45.132,5,95,0,2,"",188.966,-67.259,9.548,0,0,4,"CoalCat","Yes_Man_","Kr_Luna","Oort__Cloud","P0TA0","うよすま","","","",2,R,"P0TA0",190,96.215,0.525,5,57,W,Y,1,2009.016,238,50,105,47,36,,145,104,-5.076,-15.284,0.096,1.21,-19.724,-0.26,0,0.129,473.87,367.296,-23.252,2006.098,2.796,-29.95,2007.598,5,10.343,0.055,-55.175,0,0,,2015.083,,,,,,,,,,,,,2014.301,4,,147,16,,,,,,,,,,,,,,,,,,,0.312,-37.196,0.202,-17.002,-16.624,-42.232,-15.264,-63.094,20.04,-45.806,13.44,-61.352,40.922,-90.671,0,-109.86,-40.822,-90.571,0.472,-36.866,,"가앤슬_",0.199,-17.46,,"Floră",-16.614,-42.263,85,"ddil_ddil69",-15.236,-63.021,,"encounter v",19.745,-45.713,,"HOGGYS 호기스",13.393,-61.313,91,"AI",40.9,-90.65,,"AI",0,-109.84,,"AI",-40.8,-90.55,,2017.483,4.026,-38.13,,,,2013.633,-17.763,-40.633,,,,,,,2010.832,10.932,-56.787,,,,,,,,,,,,,,,,2016.271,-17.357,-39.208,,,,,,,2012.043,6.582,-55.09,,,,,,,,,,"",2,-13.894,-13.894,10.599,0,0,1,-5.076,-5.076,-11.772,-5.076,0,-22.938,0,"HOGGYS 호기스",,,,56,""
78,,4,0,0,0,0,0,1,0,0,0,255,255,255,31,2036.187,"인생최패망자",R,13,97,118,-2.91,-0.799,0.702,1.312,-0.613,1.563,-36.74,44.521,9,91,0,4,"",-390.434,312.348,15.614,0,0,5,"=","=","=","=","=","=","","","",0,R,"うよすま",175.4,84.991,0.5,,57,W,Y,1,,,,,,,,,,,,,,,,,,,,,,,,,,,,,0,0,,,,,,,,,,,,,,,,,,,,,,,,,,,,,,,,,,,,,,0.188,-37.216,-0.063,-17.082,-16.712,-42.222,-15.029,-63.273,18.751,-45.729,14.235,-61.197,40.922,-90.67,0,-109.86,-40.822,-90.57,,,,"",,,,"",,,,"",,,,"",,,,"",,,,"",,,,"",,,,"",,,,2040.075,-0.083,-37.098,,,,,,,,,,,,,,,,,,,,,,,,,,,,,,,,,,,,,,,,,,,,,,,,,,,,"",0,,,,,,,,,,,,,0,"",,,,0,""
79,,4,0,0,0,0,1,1,0,0,0,255,255,255,32,2053.058,"인생최패망자",R,3,88,111,-1.955,-0.769,0.902,1.243,0.007,1.402,-36.74,78.223,14,86,0,4,"",-472.921,153.483,-10.276,0,0,5,"=","=","=","=","=","=","","","",0,R,"うよすま",175.4,84.991,0.5,,57,W,Y,1,,,,,,,,,,,,,,,,,,,,,,,,,,,,,0,0,,,,,,,,,,,,,,,,,,,,,,,,,,,,,,,,,,,,,,0.15,-37.216,0.027,-17.502,-16.818,-42.356,-15.435,-63.017,18.988,-45.536,14.302,-61.236,40.915,-90.664,0,-109.86,-40.815,-90.564,,,,"",,,,"",,,,"",,,,"",,,,"",,,,"",,,,"",,,,"",,,,2056.87,-0.068,-37.222,,,,,,,,,,,,,,,,,,,,,,,,,,,,,,,,,,,,,,,,,,,,,,,,,,,,"",0,,,,,,,,,,,,,0,"",,,,0,""
80,,4,0,0,0,0,2,1,0,0,0,255,255,255,33,2071.822,"인생최패망자",R,32,94,140,1.446,1.205,0.867,1.423,0.313,2.256,-36.74,60.473,9,91,0,2,"",209.335,-64.242,4.341,0,0,5,"=","=","=","=","=","=","","","",0,R,"うよすま",175.4,84.991,0.5,0,57,W,Y,1,2072.822,95,90,60,11,0,,90,69,11.902,-28.972,0.25,1.312,-19.662,-1,0,0.18,180.693,-567.141,-0.525,2071.448,18.066,-47.342,2071.632,4,15.252,1.307,-43.45,0,0,,,,,,,,,,,,,,,2074.893,5,,453,0,,,,,,,,,,,,,,,,,,,0.166,-37.222,0.034,-17.643,-16.747,-42.334,-14.929,-63.13,18.602,-45.531,14.361,-61.19,40.922,-90.67,0,-109.86,-40.822,-90.57,0.522,-36.884,,"가앤슬_",-0.075,-17.9,,"Floră",-16.754,-42.346,,"ddil_ddil69",-15.045,-62.58,,"encounter v",18.47,-45.475,120,"HOGGYS 호기스",14.329,-61.153,,"AI",40.9,-90.65,,"AI",0,-109.84,,"AI",-40.8,-90.55,,,,,,,,,,,,,,2074.908,15.676,-44.348,,,,,,,,,,,,,,,,,,,,,,,,,2076.76,13.763,-43.281,,,,,,,,,,,,,"",1,,,,,,,,,,,,,0,"encounter v",,,,1,""
81,,4,0,0,0,0,0,2,0,0,0,255,255,255,34,2095.489,"인생최패망자",R,32,95,140,0.265,1.885,0.76,1.533,-0.187,2.647,-36.74,44.327,5,95,0,4,"",202.279,-59.786,13.533,0,0,0,"=","=","=","=","=","=","","","",5,R,"CoalCat",174.7,82.838,0.435,,57,W,Y,1,,,,,,,,,,,,,,,,,,,,,,,,,,,,,0,0,,,,,,,,,,,,,,,,,,,,,,,,,,,,,,,,,,,,,,0.2,-37.352,0.104,-17.125,-16.608,-42.137,-14.75,-62.917,19.3,-45.56,13.831,-61.074,40.921,-90.669,0,-109.863,-40.819,-90.567,,,,"",,,,"",,,,"",,,,"",,,,"",,,,"",,,,"",,,,"",,,,,,,,,,,,,,,,,,,,,,,,,,,,,,,,,,,,,,,,,,,,,,,,,,,,,,,,,,"",0,,,,,,,,,,,,,0,"",,,,0,""
82,,4,0,0,0,0,1,2,0,0,0,255,255,255,35,2123.057,"인생최패망자",R,13,84,108,-0.801,-0.687,1.015,1.273,0.356,1.706,-36.74,75.055,11,89,0,0,"",-378.675,318.19,4.131,0,0,0,"=","=","=","=","=","=","","","",5,R,"CoalCat",174.7,82.838,0.435,,57,W,Y,1,,,,,,,,,,,,,,,,,,,,,,,,,,,,,0,0,,,,,,,,,,,,,,,,,,,,,,,,,,,,,,,,,,,,,,0.271,-37.35,-0.41,-17.5,-16.878,-42.504,-14.971,-62.689,19.299,-45.571,13.842,-61.087,40.937,-90.684,0,-109.88,-40.837,-90.584,,,,"",,,,"",,,,"",,,,"",,,,"",,,,"",,,,"",,,,"",,,,,,,,,,,,,,,,,,,,,,,,,,,,,,,,,,,,,,,,,,,,,,,,,,,,,,,,,,"",0,,,,,,,,,,,,,0,"",,,,0,""
83,,4,0,0,0,0,2,2,0,0,0,255,255,255,36,2142.866,"인생최패망자",R,32,98,140,-3.589,0.32,0.486,1.278,-1.925,1.748,-36.74,33.817,4,80,16,4,"",250,-57.576,11.379,0,0,0,"=","=","=","=","=","=","","","",5,R,"CoalCat",174.7,82.838,0.435,,57,W,Y,1,,,,,,,,,,,,,,,,,,,,,,,,,,,,,0,0,,,,,,,,,,,,,,,2145.522,0,,578,0,,,,,,,,,,,,,,,,,,,0.165,-37.347,-0.359,-17.523,-17.003,-42.635,-14.805,-62.842,19.319,-45.616,13.933,-60.638,40.922,-90.67,0,-109.86,-40.822,-90.57,,,,"",,,,"",,,,"",,,,"",,,,"",,,,"",,,,"",,,,"",,,,,,,,,,,,,,,,,,,,,,,,,,,,,,,,,,,,,,,,,,,,,,,,,,,,,,,,,,"",0,,,,,,,,,,,,,0,"",,,,0,""
84,SIDE,4,0,0,0,0,2,2,0,0,0,255,255,255,,2147.879,,,,,,,,,,,,,,,,,,,,,,,,0,"=","=","=","=","=","=","","","",,,,,,,,,,,,,,,,,,,,,,,,,,,,,,,,,,,,,,,0,0,,,,,,,,,,,,,,,,,,,,,,,,,,,,,,,,,,,,,,,,,,,,,,,,,,,,,,,,,,,,,,,,,,,,,,,,,,,,,,,,,,,,,,,,,,,,,,,,,,,,,,,,,,,,,,,,,,,,,,,,,,,,,,,,,,,,,,,,,,,,,,,,,"",0,,,,,,,,,,,,,0,"",,,,0,""
85,,5,1,0,0,0,0,0,0,0,0,255,255,255,39,2181.994,"うよすま",R,33,82,133,2.059,0.981,0.284,1.405,0.703,2.178,-36.788,34.92,0,100,0,1,"",125.323,-8.148,4.043,0,0,1,"encounter v","ddil_ddil69","가앤슬_","Floră","HOGGYS 호기스","인생최패망자","","","",3,R,"ddil_ddil69",175.8,89.899,0.501,,57,W,Y,0,,,,,,,,,,,,,,,,,,,,,,,,,,,,,0,0,,,,,,,,,,,,,,,,,,,,,,,,,,,,,,,,,,,,,,0.07,-38.034,0.02,-16.919,-21.537,-46.637,-13.056,-64.463,19.155,-50.107,10.616,-63.878,40.908,-90.657,0,-109.85,-40.808,-90.557,,,,"",,,,"",,,,"",,,,"",,,,"",,,,"",,,,"",,,,"",,,,,,,,,,,,,,,,,,,,,,,,,,,,,,,,,,,,,,,,,,,,,,,,,,,,,,,,,,"",0,,,,,,,,,,,,,0,"",,,,0,""
86,,5,1,0,0,1,0,0,0,0,0,255,255,255,40,2200.503,"うよすま",R,3,67,96,0.742,0.19,0.671,1.381,1.284,1.753,-36.788,61.857,11,89,0,2,"",-432.726,0,-19.828,0,0,1,"=","=","=","=","=","=","","","",3,R,"ddil_ddil69",175.8,89.899,0.501,5,57,W,Y,1,2201.818,153,199,122,97,36,,145,128,26.974,-52.74,0.176,1.045,-20.929,0.7,0,0.655,111.105,117.725,245.331,2202.998,90.533,-93.777,,,,,,0,0,,,,,,,,,,,,,,,,,,,,,,,,,,,,,,,,,,,,,,0.109,-37.803,0.002,-16.922,-21.704,-45.956,-13.017,-64.449,19.237,-50.127,10.618,-64.453,40.907,-90.657,0,-109.85,-40.807,-90.557,-0.352,-38.326,,"Yes_Man_",0.097,-17.309,,"P0TA0",-21.71,-45.957,,"Oort__Cloud",-12.998,-64.459,,"Kr_Luna",19.241,-50.078,,"CoalCat",10.688,-64.356,,"AI",40.9,-90.65,,"AI",0,-109.84,,"AI",-40.8,-90.55,,,,,,,,,,,,,,,,,,,,,,,,,,,,,,,,,,,,,,,,,,,,,,,,,,,,,,,,"",3,-48.753,-48.753,-9.738,0,1,0.967,57.632,41.598,-6.553,75.307,0.061,-66.624,0,"",,,,0,""
87,,5,1,0,0,1,1,0,0,0,0,255,255,255,41,2223.803,"うよすま",R,34,73,125,0.656,0.772,0.304,1.389,0.121,2.039,-36.788,45.547,0,100,0,0,"",97.472,-19.106,2.879,0,0,1,"=","=","=","=","=","=","","","",3,R,"ddil_ddil69",175.8,89.899,0.501,,57,W,Y,1,,,,,,,,,,,,,,,,,,,,,,,,,,,,,0,0,,,,,,,,,,,,,,,,,,,,,,,,,,,,,,,,,,,,,,-0.038,-37.906,0.094,-17.187,-21.717,-45.995,-13.167,-65.063,19.295,-50.123,10.735,-63.804,40.915,-90.664,0,-109.86,-40.822,-90.57,,,,"",,,,"",,,,"",,,,"",,,,"",,,,"",,,,"",,,,"",,,,,,,,,,,,,,,,,,,,,,,,,,,,,,,,,,,,,,,,,,,,,,,,,,,,,,,,,,"",0,,,,,,,,,,,,,0,"",,,,0,""
88,,5,1,0,0,1,2,0,0,0,0,255,255,255,42,2242.458,"うよすま",R,3,74,101,-3.201,-0.83,0.036,1.232,-0.441,1.158,-36.788,25.16,0,100,0,4,"",-459.091,0,-53.693,0,0,1,"=","=","=","=","=","=","","","",3,R,"ddil_ddil69",175.8,89.899,0.501,,57,W,Y,1,,,,,,,,,,,,,,,,,,,,,,,,,,,,,0,0,,,,,,,,,,,,,,,2245.41,1,,578,0,,,,,,,,,,,,,,,,,,,-0.092,-37.687,-0.202,-17.251,-21.729,-45.974,-13.144,-65.018,19.239,-50.14,10.764,-63.759,40.907,-90.657,0,-109.85,-40.807,-90.557,,,,"",,,,"",,,,"",,,,"",,,,"",,,,"",,,,"",,,,"",,,,,,,,,,,,,,,,,,,,,,,,,,,,,,,,,,,,,,,,,,,,,,,,,,,,,,,,,,"",0,,,,,,,,,,,,,0,"",,,,0,""
89,,5,1,0,0,0,0,1,0,0,0,255,255,255,43,2268.131,"うよすま",R,33,77,127,0.109,0.602,0.299,1.393,-0.13,1.987,-36.788,38.674,0,100,0,2,"",107.042,-9.587,2.899,0,0,2,"=","=","=","=","=","=","","","",1,R,"가앤슬_",190,90.016,0.2,3,57,W,Y,1,2269.502,41,33,115,57,35,,64,64,100.248,-72.52,0.015,1.225,-19.815,0.58,0,0.403,349.195,-277.194,-356.47,,,,,,,,,0,0,,,,,,,,,,,,,,,,,,,,,,,,,,,,,,,,,,,,,,-0.05,-37.72,-0.006,-17.179,-21.076,-46.014,-13.151,-65.034,19.998,-51.255,9.267,-64.553,40.929,-90.677,0,-109.87,-40.83,-90.577,-0.327,-37.771,,"Yes_Man_",0.061,-17.376,,"P0TA0",-20.897,-45.767,,"Oort__Cloud",-13.148,-64.934,,"Kr_Luna",21.843,-52.996,,"CoalCat",9.293,-64.435,,"AI",40.9,-90.65,,"AI",0,-109.84,,"AI",-40.8,-90.55,,,,,,,,,,,,,,,,,,,,,,,,,,,,,,,,,,,,,,,,,,,,,,,,,,,,,,,,"",3,,,,,,,,,,,,,0,"",,,,0,""
90,,5,1,0,0,0,1,1,0,0,0,255,255,255,44,2288.787,"うよすま",R,3,66,96,-2.727,0.111,0.411,1.35,-0.291,1.719,-36.788,48.649,7,93,0,2,"",-394.683,0,-22.394,0,0,2,"=","=","=","=","=","=","","","",1,R,"가앤슬_",190,90.016,0.2,3,57,W,Y,1,2290.037,228,80,87,121,72,,145,112,31.086,43.204,-0.394,1.141,-21.534,0.86,0,0.8,80.076,19.846,183.122,2290.448,-66.613,-90.309,2292.432,8,-67.488,0.102,-93.03,1,0,,2295.943,2300.434,,,,,,,,,,,,,,,,,,,,,,,,,,,,,,,,,,,-0.022,-37.796,-0.386,-17.043,-21.307,-46.036,-13.133,-64.998,21.914,-52.891,10.065,-64.422,40.907,-90.657,0,-109.85,-40.807,-90.557,-0.374,-38.082,,"Yes_Man_",-0.322,-17.41,,"P0TA0",-21.32,-46.035,,"Oort__Cloud",-13.014,-64.852,,"Kr_Luna",21.858,-52.939,,"CoalCat",10.033,-64.347,77,"AI",40.9,-90.65,,"AI",0,-109.84,,"AI",-40.8,-90.55,,2305.017,-0.17,-39.043,,,,,,,,,,,,,2301.695,-0.094,-59.217,,,,,,,,,,,,,,,,,,,,,,,,,2303.793,2.219,-57.777,,,,,,,,,,"",2,,,,,,,,,,,,,0,"AI",2300.434,,,33,""
91,,5,1,0,0,0,0,1,0,1,0,255,1,255,45,2323.243,"うよすま",R,34,64,118,-1.021,-1.256,0.297,1.246,-0.55,0.848,-36.788,36.496,0,100,0,1,"",55.542,14.906,3.457,0,0,3,"=","=","=","=","=","=","","","",2,R,"Floră",190,85,0.404,,57,W,Y,0,,,,,,,,,,,,,,,,,,,,,,,,,,,,,0,0,,,,,,,,,,,,,2323.399,,,,,,,,,,,,,,,,,,,,,,,,,-0.079,-37.806,-0.049,-16.925,-21.196,-45.103,-13.124,-65.025,18.801,-45.633,2.649,-60.503,40.908,-90.657,0,-109.84,-40.807,-90.557,,,,"",,,,"",,,,"",,,,"",,,,"",,,,"",,,,"",,,,"",,,,2328.436,-0.405,-37.499,,,,,,,,,,,,,,,,,,,,,,,,,,,,,,,,,,,,,,,,,,,,,,,,,,,,"",0,,,,,,,,,,,,,0,"",2326.321,,,0,""
92,,5,1,0,0,1,0,1,0,1,0,255,1,255,46,2345.233,"うよすま",R,3,69,97,-0.357,-0.415,0.518,1.325,0.816,1.385,-36.788,48.748,0,100,0,2,"",-440.909,0,-15.982,0,0,3,"=","=","=","=","=","=","","","",2,R,"Floră",190,85,0.404,5,57,W,Y,1,2346.379,183,69,133,123,64,,145,131,25.127,-14.933,-0.077,0.852,-20.305,0.59,0,0.415,263.039,166.16,13.473,2349.648,29.809,-152.01,,,,,,0,0,,2352.519,2357.126,2362.41,2367.599,,,,2351.962,2357.201,,,,,,,,,,,,,,,,,,,,,,,,,,,,0.03,-37.831,0.033,-17.19,-20.9,-45.423,-13.113,-64.942,18.789,-45.647,2.69,-60.391,40.915,-90.664,0,-109.85,-40.815,-90.564,-0.432,-38.377,,"Yes_Man_",-0.04,-17.334,,"P0TA0",-20.788,-45.254,,"Oort__Cloud",-13.031,-64.767,,"Kr_Luna",18.524,-47.02,,"CoalCat",7.356,-60.991,,"AI",40.9,-90.65,,"AI",0,-109.84,,"AI",-40.8,-90.55,,,,,,,,,,,,,,,,,,,,,,,,,,,,,,,,,,,,,,,,,,,,,,,,,,,,,,,,"",4,-10.397,-10.397,-7.759,0,2,0.115,37.708,26.662,49.766,37.387,0.043,3.441,0,"",2357.126,2351.962,2357.201,0,""
93,,5,1,2,0,0,0,1,0,0,0,255,255,255,47,2390.274,"うよすま",R,0,50,92,0.245,-0.747,0.206,1.118,-0.007,1.219,-36.788,36.573,0,100,0,2,"",45.371,0,-3.915,0,0,4,"=","=","=","=","=","=","","","",5,L,"HOGGYS 호기스",175.3,87,0.317,5,57,W,Y,1,2391.393,157,109,121,59,39,,145,129,27.322,24.81,0.046,0.712,-20.59,0.57,0,0.43,405.762,-245.841,-257.108,2392.981,-44.175,-133.31,,,,,,0,0,,2396.7,2401.297,2406.543,2411.335,,,,,,,,,,,,,,,,,,,,,,,,,,,,,,,,,-0.031,-37.699,0.428,-16.937,-20.687,-45.34,-10.082,-65.487,19.441,-45.944,12.397,-61.89,40.922,-90.67,0,-109.86,-40.822,-90.57,-0.291,-38.275,,"Yes_Man_",0.072,-17.256,,"P0TA0",-20.65,-45.074,,"Oort__Cloud",-9.921,-65.375,,"Kr_Luna",19.095,-46.652,,"CoalCat",12.434,-61.753,,"AI",40.9,-90.65,,"AI",0,-109.84,,"AI",-40.8,-90.55,,,,,,,,,,,,,,,,,,,,,,,,,,,,,,,,,,,,,,,,,,,,,,,,,,,,,,,,"",4,25.123,25.123,8.036,0,1,0.642,61.731,46.258,-4.794,85.543,0.064,39.404,0,"",2401.297,2406.543,,0,""
94,,5,1,3,0,0,0,1,0,0,0,255,255,255,48,2441.112,"うよすま",R,33,77,128,1.574,0.771,0.245,1.394,0.503,2.087,-36.788,31.371,0,100,0,2,"",112.263,-17.467,2.818,0,0,5,"=","=","=","=","=","=","","","",0,R,"인생최패망자",190,86,0.35,3,90,W,Y,1,2442.223,233,38,151,96,43,,145,87,57.733,30.489,0.279,1.341,-19.853,-1,0,0.382,514.674,61.567,-302.193,2443.932,-26.814,-64.36,2444.082,3,-26.022,2.857,-63.095,0,0,,2448.258,,,,,,,,,,,,,2448.395,5,,452,0,,,,,,,,,,,,,,,,,,,0.035,-37.915,-0.025,-16.998,-20.889,-45.529,-13.087,-65.055,18.884,-47.606,10.543,-63.331,40.907,-90.657,0,-109.84,-40.807,-90.557,-0.359,-37.979,,"Yes_Man_",0.06,-17.316,,"P0TA0",-20.884,-45.519,,"Oort__Cloud",-13.062,-64.84,87,"Kr_Luna",19.19,-49.309,,"CoalCat",10.541,-63.242,,"AI",40.9,-90.65,,"AI",0,-109.84,,"AI",-40.8,-90.55,,2451.632,-0.413,-39.013,,,,,,,2448.406,-26.484,-63.64,,,,,,,,,,,,,,,,,,,,,,,,,2449.771,-24.838,-62.967,,,,,,,,,,,,,,,,"",1,,,,,,,,,,,,,0,"Oort__Cloud",,,,40,""
95,,5,1,3,0,0,0,2,0,0,0,255,255,255,49,2466.438,"うよすま",R,34,75,126,0.294,0.533,0.384,1.391,-0.035,1.934,-36.788,45.392,0,100,0,2,"",95.452,-18.997,3.741,0,0,0,"=","=","=","=","=","=","","","",4,L,"encounter v",190,83.068,0.46,5,57,W,Y,1,2467.717,234,114,100,64,36,,145,129,25.581,-67.874,0.044,1.187,-19.577,0.25,0,0.299,390.029,-287.743,250.834,,,,,,,,,0,0,,,,,,,,,,,,,,,,,,,,,,,,,,,,,,,,,,,,,,-0.027,-37.746,-0.051,-17.25,-20.747,-45.888,-10.444,-65.838,19.595,-46.958,13.725,-62.043,40.907,-90.657,0,-109.85,-40.807,-90.557,-0.204,-38.127,,"Yes_Man_",-0.117,-17.307,,"P0TA0",-20.752,-45.886,,"Oort__Cloud",-10.297,-65.789,,"Kr_Luna",19.592,-46.948,,"CoalCat",13.736,-61.911,,"AI",40.9,-90.65,,"AI",0,-109.84,,"AI",-40.8,-90.55,,,,,,,,,,,,,,,,,,,,,,,,,,,,,,,,,,,,,,,,,,,,,,,,,,,,,,,,"",3,-67.788,-66.558,-26.694,0.544,1,0.655,48.151,32.12,10.713,84.572,0.04,-80.847,0,"",,,,0,""
96,,5,1,3,0,0,1,2,0,0,0,255,255,255,50,2483.673,"うよすま",R,34,72,124,1.581,1.034,0.421,1.435,0.518,2.249,-36.788,65.198,0,100,0,4,"",97.383,-18.523,3.553,0,0,0,"=","=","=","=","=","=","","","",4,L,"encounter v",190,83.068,0.46,,57,W,Y,1,,,,,,,,,,,,,,,,,,,,,,,,,,,,,0,0,,,,,,,,,,,,,,,,,,,,,,,,,,,,,,,,,,,,,,-0.132,-37.771,-0.122,-17.254,-20.369,-45.596,-10.016,-66.044,19.609,-46.97,13.72,-62.143,40.915,-90.664,0,-109.85,-40.815,-90.564,,,,"",,,,"",,,,"",,,,"",,,,"",,,,"",,,,"",,,,"",,,,,,,,,,,,,,,,,,,,,,,,,,,,,,,,,,,,,,,,,,,,,,,,,,,,,,,,,,"",0,,,,,,,,,,,,,0,"",,,,0,""
97,,5,1,3,0,0,2,2,0,0,0,255,255,255,51,2498.134,"うよすま",R,3,73,112,-2.362,1.236,0.266,1.477,-0.093,2.408,-36.788,34.322,9,91,0,2,"",-500,0,-32.378,0,0,0,"=","=","=","=","=","=","","","",4,L,"encounter v",190,83.068,0.46,5,57,W,Y,1,2499.265,69,104,97,60,22,,116,75,94.994,-38.451,-0.533,1.457,-19.597,-0.84,0,0.334,-48.399,93.703,539.029,,,,2500.882,1,-9.439,3.335,-14.576,0,0,,,,,,,,,,,,,,,2505.14,0,,450,0,,,,,,,,,,,,,,,,,,,-0.017,-37.838,-0.083,-17.324,-20.506,-45.644,-10.273,-66.05,19.584,-46.97,13.779,-62.203,40.907,-90.657,0,-109.84,-40.807,-90.557,-0.436,-38.295,,"Yes_Man_",-0.267,-17.341,,"P0TA0",-20.887,-45.862,,"Oort__Cloud",-10.066,-66.03,,"Kr_Luna",20.09,-47.21,,"CoalCat",13.769,-62.023,,"AI",40.9,-90.65,,"AI",0,-109.84,,"AI",-40.8,-90.55,,,,,2505.147,-9.338,-14.347,,,,,,,,,,,,,,,,,,,,,,,,,,,,,,,,,,,,,,,,,,,,,,,,,"",1,-32.522,-32.522,5.211,0,0,1,85.006,85.006,6.49,85.006,0,-52.359,0,"Yes_Man_",,,,2,""
98,SIDE,5,1,3,0,0,0,2,0,0,0,255,255,255,,2507.871,,,,,,,,,,,,,,,,,,,,,,,,1,"=","=","=","=","=","=","","","",,,,,,,,,,,,,,,,,,,,,,,,,,,,,,,,,,,,,,,0,0,,,,,,,,,,,,,,,,,,,,,,,,,,,,,,,,,,,,,,,,,,,,,,,,,,,,,,,,,,,,,,,,,,,,,,,,,,,,,,,,,,,,,,,,,,,,,,,,,,,,,,,,,,,,,,,,,,,,,,,,,,,,,,,,,,,,,,,,,,,,,,,,,"",0,,,,,,,,,,,,,0,"",,,,0,""
99,,5,0,3,0,0,0,0,0,0,0,255,255,255,37,2545.409,"인생최패망자",R,3,65,96,3.301,0.18,1.177,1.29,2.252,1.755,-36.74,92.74,1,99,0,3,"R1-|TW+",-375.869,0,9.52,0.176,-20.883,1,"CoalCat","Yes_Man_","Kr_Luna","Oort__Cloud","P0TA0","うよすま","","","",1,R,"Yes_Man_",174.8,84.826,0.502,,57,W,Y,0,,,,,,,,,,,,,,,,,,,,,,,,,,,,,0,0,,,,,,,,,,,,,,,,,,,,,,,,,,,,,,,,,,,,,,0.439,-37.184,0.009,-17.015,-16.458,-41.958,-15.12,-63.222,18.223,-44.521,12.708,-60.123,40.937,-90.684,0,-109.88,-40.837,-90.584,,,,"",,,,"",,,,"",,,,"",,,,"",,,,"",,,,"",,,,"",,,,,,,,,,,,,,,,,,,,,,,,,,,,,,,,,,,,,,,,,,,,,,,,,,,,,,,,,,"",6,,,,,,,,,,,,,0,"",,,,0,""
100,,5,0,3,0,2,0,0,0,0,0,255,255,255,38,2572.172,"인생최패망자",R,32,93,140,-0.282,-0.321,0.794,1.171,-0.494,1.372,-36.74,56.71,4,52,45,0,"BH+|BH-|BA+",250,-66.213,7.482,0,0,1,"=","=","=","=","=","=","","","",1,R,"Yes_Man_",174.8,84.826,0.502,,87,W,Y,0,,,,,,,,,,,,,,,,,,,,,,,,,,,,,0,0,,,,,,,,,,,,,,,,,,,,,,,,,,,,,,,,,,,,,,0.214,-37.593,0.006,-17.232,-16.567,-42.082,-15.019,-63.434,18.906,-44.444,12.7,-60.095,40.924,-90.672,0,-109.87,-40.824,-90.572,,,,"",,,,"",,,,"",,,,"",,,,"",,,,"",,,,"",,,,"",,,,,,,,,,,,,,,,,,,,,,,,,,,,,,,,,,,,,,,,,,,,,,,,,,,,,,,,,,"",0,,,,,,,,,,,,,0,"",,,,0,""
101,,5,0,3,0,2,1,0,0,0,0,255,255,255,39,2589.212,"인생최패망자",R,32,92,140,1.723,0.549,0.989,1.314,0.416,1.874,-36.74,60.983,6,82,12,2,"",219.403,-65.487,8.838,0,0,1,"=","=","=","=","=","=","","","",1,R,"Yes_Man_",174.8,84.826,0.502,5,87,W,Y,1,2590.277,88,71,93,59,35,,129,77,61.926,-22.607,0.302,1.093,-19.771,-0.91,0,0.455,139.159,-117.242,-222.655,2591.382,17.451,-53.124,2591.682,5,17.04,2.418,-52.289,0,0,,2597.331,,,,,,,,,,,,,2595.944,1,,454,0,,,,,,,,,,,,,,,,,,,0.27,-37.309,0.16,-17.36,-16.587,-42.247,-14.978,-63.341,18.852,-44.425,12.732,-60.159,40.915,-90.664,0,-109.86,-40.815,-90.564,0.722,-36.887,,"가앤슬_",0.209,-17.576,,"Floră",-16.686,-42.434,,"ddil_ddil69",-14.995,-63.307,,"encounter v",18.654,-44.334,,"HOGGYS 호기스",12.718,-60.152,85,"AI",40.9,-90.65,,"AI",0,-109.84,,"AI",-40.8,-90.55,,2599.609,1.058,-37.547,,,,,,,,,,,,,2595.954,17.11,-52.098,,,,,,,,,,,,,,,,,,,,,,,,,2598.357,16.226,-51.472,,,,,,,,,,"",1,-21.04,-21.04,12.376,0,0,1,61.926,61.926,-2.15,61.926,0,-77.952,0,"HOGGYS 호기스",,,,48,""
102,,5,0,3,0,0,0,1,0,0,0,255,255,255,40,2630.2,"인생최패망자",R,32,94,140,-1.955,0.96,0.643,1.398,-1.196,2.13,-36.74,39.098,2,98,0,1,"",233.067,-111.229,11.597,0,0,2,"=","=","=","=","=","=","","","",4,L,"Kr_Luna",190,95.218,0.504,,57,W,Y,0,,,,,,,,,,,,,,,,,,,,,,,,,,,,,0,0,,,,,,,,,,,,,,,,,,,,,,,,,,,,,,,,,,,,,,0.158,-37.244,-0.178,-17.182,-14.581,-43.761,-11.635,-60.011,19.648,-45.432,14.638,-62.347,40.915,-90.664,0,-109.86,-40.815,-90.564,,,,"",,,,"",,,,"",,,,"",,,,"",,,,"",,,,"",,,,"",,,,2633.601,0.136,-37.477,,,,,,,,,,,,,,,,,,,,,,,,,,,,,,,,,,,,,,,,,,,,,,,,,,,,"",0,,,,,,,,,,,,,0,"",,,,0,""
103,,5,0,3,0,1,0,1,0,0,0,255,255,255,41,2644.344,"인생최패망자",R,32,96,140,-1.171,0.754,0.724,1.37,-0.819,2.038,-36.74,38.951,4,96,0,0,"",205.739,-69.034,9.228,0,0,2,"=","=","=","=","=","=","","","",4,L,"Kr_Luna",190,95.218,0.504,,57,W,Y,0,,,,,,,,,,,,,,,,,,,,,,,,,,,,,0,0,,,,,,,,,,,,,,,,,,,,,,,,,,,,,,,,,,,,,,0.209,-37.174,-0.089,-17.469,-14.83,-44.063,-11.617,-60.031,19.626,-45.429,14.648,-62.369,40.915,-90.664,0,-109.85,-40.815,-90.564,,,,"",,,,"",,,,"",,,,"",,,,"",,,,"",,,,"",,,,"",,,,2648.711,-0.183,-37.142,,,,,,,,,,,,,,,,,,,,,,,,,,,,,,,,,,,,,,,,,,,,,,,,,,,,"",0,,,,,,,,,,,,,0,"",,,,0,""
104,,5,0,3,0,1,1,1,0,0,0,255,255,255,42,2660.884,"인생최패망자",R,32,99,140,-3.555,0.967,0.505,1.418,-1.835,2.194,-36.74,24.424,2,98,0,1,"",193.786,-42.515,16.568,0,0,2,"=","=","=","=","=","=","","","",4,L,"Kr_Luna",190,95.218,0.504,,57,W,Y,0,,,,,,,,,,,,,,,,,,,,,,,,,,,,,0,0,,,,,,,,,,,,,,,,,,,,,,,,,,,,,,,,,,,,,,0.182,-37.014,-0.139,-17.309,-14.758,-44.054,-14.865,-63.797,19.585,-45.327,14.627,-62.309,40.915,-90.664,0,-109.86,-40.815,-90.564,,,,"",,,,"",,,,"",,,,"",,,,"",,,,"",,,,"",,,,"",,,,2664.661,0.202,-36.575,,,,,,,,,,,,,,,,,,,,,,,,,,,,,,,,,,,,,,,,,,,,,,,,,,,,"",0,,,,,,,,,,,,,0,"",,,,0,""
105,,5,0,3,0,2,1,1,0,0,0,255,255,255,43,2678.377,"인생최패망자",R,32,95,140,-0.828,-0.498,0.743,1.126,-0.731,1.248,-36.74,45.107,7,46,47,2,"",250,-77.072,10.209,0,0,2,"=","=","=","=","=","=","","","",4,L,"Kr_Luna",190,95.218,0.504,3,57,W,Y,1,2679.191,168,107,132,74,27,,145,130,25.299,-21.372,-0.186,0.794,-19.551,0.34,0,0.193,239.211,-26.823,19.631,2682.332,47.518,-136.731,,,,,,0,0,,2684.883,2689.639,2694.818,2701.431,,,,,,,,,,,,,,,,,,,,,,,,,,,,,,,,,0.302,-37.232,0.131,-17.445,-14.836,-44.287,-14.829,-63.56,19.582,-45.372,14.643,-62.359,40.922,-90.67,0,-109.86,-40.822,-90.57,0.634,-36.973,,"가앤슬_",0.15,-17.73,,"Floră",-14.84,-44.173,,"ddil_ddil69",-14.847,-63.585,,"encounter v",19.438,-45.245,,"HOGGYS 호기스",14.606,-62.278,,"AI",40.9,-90.65,,"AI",0,-109.84,,"AI",-40.8,-90.55,,,,,,,,,,,,,,,,,,,,,,,,,,,,,,,,,,,,,,,,,,,,,,,,,,,,,,,,"",4,,,,,,,,,,,,,0,"",2689.639,2694.818,,0,""
106,,5,0,3,1,0,0,1,0,0,0,255,255,255,44,2719.944,"인생최패망자",R,13,88,111,-2.763,-1.364,0.763,1.116,-0.424,1.308,-36.74,64.199,9,61,30,4,"",-428.427,257.779,5.4,0,0,3,"=","=","=","=","=","=","","","",3,R,"Oort__Cloud",160,90.416,0.397,,57,W,Y,1,,,,,,,,,,,,,,,,,,,,,,,,,,,,,0,0,,,,,,,,,,,,,,,,,,,,,,,,,,,,,,,,,,,,,,0.167,-37.242,-0.462,-17.483,-16.494,-42.001,-14.913,-63.506,19.892,-46.585,12.705,-63.149,40.922,-90.67,0,-109.861,-40.822,-90.57,,,,"",,,,"",,,,"",,,,"",,,,"",,,,"",,,,"",,,,"",,,,,,,,,,,,,,,,,,,,,,,,,,,,,,,,,,,,,,,,,,,,,,,,,,,,,,,,,,"",0,,,,,,,,,,,,,0,"",,,,0,""
107,,5,0,3,1,0,1,1,0,0,0,255,255,255,45,2736.483,"인생최패망자",R,32,95,140,0.577,0.807,0.775,1.326,-0.117,1.941,-36.74,50.721,5,95,0,0,"",250,-92.435,9.985,0,0,3,"=","=","=","=","=","=","","","",3,R,"Oort__Cloud",160,90.416,0.397,,57,W,Y,1,,,,,,,,,,,,,,,,,,,,,,,,,,,,,0,0,,,,,,,,,,,,,,,,,,,,,,,,,,,,,,,,,,,,,,0.211,-37.374,0.014,-16.822,-16.751,-42.313,-14.703,-63.009,19.752,-46.442,12.693,-63.14,40.915,-90.664,0,-109.86,-40.815,-90.564,,,,"",,,,"",,,,"",,,,"",,,,"",,,,"",,,,"",,,,"",,,,,,,,,,,,,,,,,,,,,,,,,,,,,,,,,,,,,,,,,,,,,,,,,,,,,,,,,,"",0,,,,,,,,,,,,,0,"",,,,0,""
108,,5,0,3,1,0,2,1,0,0,0,255,255,255,46,2752.028,"인생최패망자",R,32,77,115,0.492,-0.111,0.766,1.19,-0.106,1.496,-36.74,58.558,2,27,71,0,"",167.085,-49.6,6.945,0,0,3,"=","=","=","=","=","=","","","",3,R,"Oort__Cloud",160,90.416,0.397,,57,W,Y,1,,,,,,,,,,,,,,,,,,,,,,,,,,,,,0,0,,,,,,,,,,,,,,,2754.857,3,,578,0,,,,,,,,,,,,,,,,,2755.965,1,0.191,-37.206,-0.01,-17.059,-16.749,-42.352,-15.326,-63.129,19.9,-46.582,12.689,-63.146,40.915,-90.664,0,-109.86,-40.815,-90.564,,,,"",,,,"",,,,"",,,,"",,,,"",,,,"",,,,"",,,,"",,,,,,,,,,,,,,,,,,,,,,,,,,,,,,,,,,,,,,,,,,,,,,,,,,,,,,,,,,"",0,,,,,,,,,,,,,0,"",,,,0,""
109,,5,0,3,1,0,0,2,0,0,0,255,255,255,47,2777.561,"인생최패망자",R,32,92,140,1.395,0.669,0.857,1.348,0.264,1.969,-36.74,54.287,4,86,9,0,"",230.494,-85.855,12.164,0,0,4,"=","=","=","=","=","=","","","",2,R,"P0TA0",190,96.215,0.525,,57,W,Y,0,,,,,,,,,,,,,,,,,,,,,,,,,,,,,0,0,,,,,,,,,,,,,,,,,,,,,,,,,,,,,,,,,,,,,,0.215,-37.316,0.358,-17.179,-16.796,-42.273,-15.184,-63.499,19.831,-46.515,12.687,-63.101,40.907,-90.657,0,-109.85,-40.807,-90.557,,,,"",,,,"",,,,"",,,,"",,,,"",,,,"",,,,"",,,,"",,,,,,,,,,,,,,,,,,,,,,,,,,,,,,,,,,,,,,,,,,,,,,,,,,,,,,,,,,"",0,,,,,,,,,,,,,0,"",,,,0,""
110,,5,0,3,1,0,1,2,0,0,0,255,255,255,48,2793.94,"인생최패망자",R,32,87,140,2.565,0.349,0.972,1.291,0.799,1.783,-36.74,72.025,6,94,0,2,"",209.247,-70.247,-2.229,0,0,4,"=","=","=","=","=","=","","","",2,R,"P0TA0",190,96.215,0.525,5,57,W,Y,1,2794.823,198,82,128,82,29,,145,102,3.005,11.246,0.341,1.059,-19.489,-0.38,0,0.204,400.988,399.371,-186.504,2791.898,-7.884,-55.05,2792.832,3,-9.385,0.115,-61.606,0,0,,2800.66,,,,,,,,,,,,,2799.956,4,,147,2,,,,,,,,,,,,,,,,,,,0.228,-37.272,0.253,-17.255,-16.847,-42.366,-15.167,-63.528,19.903,-46.582,12.692,-63.124,40.915,-90.664,0,-109.85,-40.815,-90.564,0.417,-37.016,,"가앤슬_",0.295,-17.721,,"Floră",-16.89,-42.498,,"ddil_ddil69",-15.125,-63.418,89,"encounter v",19.684,-46.381,,"HOGGYS 호기스",12.664,-63.086,,"AI",40.9,-90.65,,"AI",0,-109.84,,"AI",-40.8,-90.55,,,,,,,,2799.311,-18.893,-40.972,2796.953,-10.353,-62.576,,,,,,,,,,,,,,,,,,,,,,,,,2798.182,-11.179,-57.095,,,,,,,,,,,,,,,,"",2,12.187,12.187,18.106,0,0,1,3.005,3.005,2.629,3.005,0,4.623,0,"ddil_ddil69",,,,10,""
111,SIDE,5,0,3,1,0,0,2,0,0,0,255,255,255,,2800.886,,,,,,,,,,,,,,,,,,,,,,,,5,"=","=","=","=","=","=","","","",,,,,,,,,,,,,,,,,,,,,,,,,,,,,,,,,,,,,,,0,0,,,,,,,,,,,,,,,,,,,,,,,,,,,,,,,,,,,,,,,,,,,,,,,,,,,,,,,,,,,,,,,,,,,,,,,,,,,,,,,,,,,,,,,,,,,,,,,,,,,,,,,,,,,,,,,,,,,,,,,,,,,,,,,,,,,,,,,,,,,,,,,,,"",0,,,,,,,,,,,,,0,"",,,,0,""
112,,6,1,3,1,0,0,0,0,0,0,255,255,255,52,2843.056,"うよすま",R,33,71,123,0.591,0.792,0.37,1.374,0.064,2.06,-36.788,42.708,0,100,0,0,"",111.597,-11.66,3.058,0,0,1,"encounter v","ddil_ddil69","가앤슬_","Floră","HOGGYS 호기스","인생최패망자","","","",3,R,"ddil_ddil69",175.8,89.899,0.501,,57,W,Y,0,,,,,,,,,,,,,,,,,,,,,,,,,,,,,0,0,,,,,,,,,,,,,,,,,,,,,,,,,,,,,,,,,,,,,,0.006,-37.853,0.009,-16.946,-21.496,-46.711,-13.029,-64.855,19.145,-47.643,10.335,-63.047,40.915,-90.664,0,-109.85,-40.815,-90.564,,,,"",,,,"",,,,"",,,,"",,,,"",,,,"",,,,"",,,,"",,,,,,,,,,,,,,,,,,,,,,,,,,,,,,,,,,,,,,,,,,,,,,,,,,,,,,,,,,"",0,,,,,,,,,,,,,0,"",,,,0,""
113,,6,1,3,1,0,1,0,0,0,0,255,255,255,53,2859.851,"うよすま",R,33,72,124,0.174,1.284,0.304,1.463,-0.12,2.356,-36.788,37.987,0,100,0,2,"",115.111,-1.007,3.147,0,0,1,"=","=","=","=","=","=","","","",3,R,"ddil_ddil69",175.8,89.899,0.501,5,42,W,Y,1,2861.054,110,57,75,29,18,,135,92,-3.872,66.122,0.025,1.312,-19.199,0.96,0,0.409,66.997,51.481,-177.023,2857.248,-10.96,-24.044,,,,,,0,0,,,,,2865.06,,,,,,,,,,,,,,,,,,,,,,,,,,,,,,,,,-0.025,-37.742,0.054,-17.189,-20.565,-45.607,-13.029,-64.869,19.32,-49.111,10.33,-63.023,40.907,-90.657,0,-109.84,-40.807,-90.557,-0.183,-38.268,,"Yes_Man_",-0.109,-17.293,,"P0TA0",-20.609,-45.678,,"Oort__Cloud",-13.002,-64.811,,"Kr_Luna",19.299,-49.106,,"CoalCat",10.341,-62.896,,"AI",40.9,-90.65,,"AI",0,-109.84,,"AI",-40.8,-90.55,,,,,,,,,,,,,,,,,,,,,,,,,,,,,,,,,,,,,,,,,,,,,,,,,,,,,,,,"",3,75.915,61.013,26.556,0.667,2,0.295,-5.872,-3.872,-12.254,-9.621,0.002,135.808,0,"",,,,0,""
114,,6,1,3,1,0,2,0,0,0,0,255,255,255,54,2879.331,"うよすま",R,3,65,95,-4.313,-0.945,0.199,1.234,-0.82,1.099,-36.788,33.529,0,100,0,4,"",-431.818,0,-38.861,0,0,1,"=","=","=","=","=","=","","","",3,R,"ddil_ddil69",175.8,89.899,0.501,,57,W,Y,1,,,,,,,,,,,,,,,,,,,,,,,,,,,,,0,0,,,,,,,,,,,,,,,2882.36,1,,578,0,,,,,,,,,,,,,,,,,,,-0.057,-37.79,-0.023,-17.177,-20.923,-45.991,-13.123,-64.983,19.203,-49.25,11.347,-64.769,40.907,-90.657,0,-109.85,-40.807,-90.557,,,,"",,,,"",,,,"",,,,"",,,,"",,,,"",,,,"",,,,"",,,,,,,,,,,,,,,,,,,,,,,,,,,,,,,,,,,,,,,,,,,,,,,,,,,,,,,,,,"",0,,,,,,,,,,,,,0,"",,,,0,""
115,,6,1,3,1,0,0,1,0,0,0,255,255,255,55,2937.842,"うよすま",R,0,84,136,-3.652,0.419,0.068,1.382,-1.662,1.882,-36.788,16.688,0,100,0,1,"",47.412,-1.648,2.329,0,0,2,"=","=","=","=","=","=","","","",1,R,"가앤슬_",190,90.016,0.2,,89,W,Y,0,,,,,,,,,,,,,,,,,,,,,,,,,,,,,0,0,,,,,,,,,,,,,,,,,,,,,,,,,,,,,,,,,,,,,,-0.03,-37.806,-0.039,-16.82,-20.042,-45.331,-13.125,-64.969,19.559,-49.226,10.401,-64.662,40.93,-90.678,0,-109.86,-40.83,-90.578,,,,"",,,,"",,,,"",,,,"",,,,"",,,,"",,,,"",,,,"",,,,,,,,,,,,,,,,,,,,,,,,,,,,,,,,,,,,,,,,,,,,,,,,,,,,,,,,,,"",0,,,,,,,,,,,,,0,"",,,,0,""
116,,6,1,3,1,1,0,1,0,0,0,255,255,255,56,2954.245,"うよすま",R,33,70,122,1.861,1.298,0.561,1.489,0.615,2.419,-36.788,59.653,0,100,0,2,"",108.198,-13.113,3.206,0,0,2,"=","=","=","=","=","=","","","",1,R,"가앤슬_",190,90.016,0.2,3,89,W,Y,1,2955.374,100,45,103,61,31,,135,81,95.972,-61.363,0.342,1.501,-19.996,-1,0,0.383,432.85,-10.488,-415.368,,,,2957.198,1,-11.819,4.072,-6.841,0,0,,,,,,,,,,,,,,,2961.54,2,,450,0,,,,,,,,,,,,,,,,,,,0.118,-37.93,0.071,-17.27,-20.852,-45.799,-13.123,-64.986,18.148,-50.597,10.306,-64.659,40.907,-90.657,0,-109.85,-40.807,-90.557,-0.564,-37.976,,"Yes_Man_",0.102,-17.333,110,"P0TA0",-20.731,-45.458,,"Oort__Cloud",-13.032,-64.842,,"Kr_Luna",18.141,-50.609,,"CoalCat",10.387,-64.577,,"AI",40.9,-90.65,,"AI",0,-109.84,,"AI",-40.8,-90.55,,2969.546,-0.436,-37.597,2961.547,-11.232,-7.225,,,,,,,,,,,,,,,,,,,,,,,,,2968.608,-2.113,-17.113,,,,,,,,,,,,,,,,,,,,,,"",1,,,,,,,,,,,,,0,"Yes_Man_",,,,34,""
117,,6,1,3,1,0,0,2,0,0,0,255,255,255,57,2984.115,"うよすま",R,33,81,131,0.17,1.188,0.183,1.46,-0.085,2.359,-36.788,25.405,0,100,0,1,"",101.9,-8.14,1.479,0,0,3,"=","=","=","=","=","=","","","",2,R,"Floră",190,85,0.404,,90,W,Y,0,,,,,,,,,,,,,,,,,,,,,,,,,,,,,0,0,,,,,,,,,,,,,,,,,,,,,,,,,,,,,,,,,,,,,,-0.01,-37.81,0.016,-16.964,-21.58,-45.776,-13.017,-64.844,18.137,-50.604,9.614,-64.525,40.907,-90.657,0,-109.85,-40.807,-90.557,,,,"",,,,"",,,,"",,,,"",,,,"",,,,"",,,,"",,,,"",,,,2987.969,-0.282,-37.659,,,,,,,,,,,,,,,,,,,,,,,,,,,,,,,,,,,,,,,,,,,,,,,,,,,,"",0,,,,,,,,,,,,,0,"",,,,0,""
118,,6,1,3,1,1,0,2,0,0,0,255,255,255,58,3002.658,"うよすま",R,3,73,100,-3.169,-0.625,0.335,1.29,-0.387,1.252,-36.788,46.058,0,100,0,4,"",-454.546,0,-25.857,0,0,3,"=","=","=","=","=","=","","","",2,R,"Floră",190,85,0.404,,90,W,Y,1,,,,,,,,,,,,,,,,,,,,,,,,,,,,,0,0,,,,,,,,,,,,,,,,,,,,,,,,,,,,,,,,,,,,,,-0.064,-37.889,-0.055,-17.189,-21.559,-45.749,-12.948,-64.874,18.214,-50.46,9.665,-64.472,40.9,-90.65,0,-109.84,-40.8,-90.55,,,,"",,,,"",,,,"",,,,"",,,,"",,,,"",,,,"",,,,"",,,,3006.802,-0.372,-37.773,,,,,,,,,,,,,,,,,,,,,,,,,,,,,,,,,,,,,,,,,,,,,,,,,,,,"",0,,,,,,,,,,,,,0,"",,,,0,""
119,,6,1,3,1,1,1,2,0,0,0,255,255,255,59,3017.819,"うよすま",R,3,69,99,-3.122,-0.359,0.26,1.404,-0.508,1.415,-36.788,46.241,0,100,0,1,"",-394.853,0,-11.473,0,0,3,"=","=","=","=","=","=","","","",2,R,"Floră",190,85,0.404,,90,W,Y,0,,,,,,,,,,,,,,,,,,,,,,,,,,,,,0,0,,,,,,,,,,,,,,,,,,,,,,,,,,,,,,,,,,,,,,-0.125,-37.872,-0.031,-17.198,-21.903,-46.084,-13.039,-64.809,18.18,-50.457,9.616,-64.548,40.915,-90.664,0,-109.85,-40.815,-90.564,,,,"",,,,"",,,,"",,,,"",,,,"",,,,"",,,,"",,,,"",,,,3021.828,-0.459,-37.641,,,,,,,,,,,,,,,,,,,,,,,,,,,,,,,,,,,,,,,,,,,,,,,,,,,,"",0,,,,,,,,,,,,,0,"",,,,0,""
120,,6,1,3,1,2,1,2,0,0,0,255,255,255,60,3035.152,"うよすま",R,3,67,97,-2.544,-0.589,0.356,1.394,-0.262,1.272,-36.788,54.739,18,82,0,4,"",-382.555,0,-12.994,0,0,3,"=","=","=","=","=","=","","","",2,R,"Floră",190,85,0.404,,90,W,Y,1,,,,,,,,,,,,,,,,,,,,,,,,,,,,,0,0,,,,,,,,,,,,,,,,,,,,,,,,,,,,,,,,,,,,,,-0.066,-37.915,0.024,-17.133,-21.465,-46,-13.02,-64.827,18.269,-50.476,9.591,-64.549,40.915,-90.664,0,-109.86,-40.815,-90.564,,,,"",,,,"",,,,"",,,,"",,,,"",,,,"",,,,"",,,,"",,,,3038.883,-0.581,-37.814,,,,,,,,,,,,,,,,,,,,,,,,,,,,,,,,,,,,,,,,,,,,,,,,,,,,"",0,,,,,,,,,,,,,0,"",,,,0,""
121,,6,1,3,1,2,2,2,0,0,0,255,255,255,61,3055.081,"うよすま",R,33,74,125,3.18,-0.651,0.407,1.212,1.199,1.209,-36.788,50.701,0,100,0,4,"",108.587,-0.693,0.809,0,0,3,"=","=","=","=","=","=","","","",2,R,"Floră",190,85,0.404,,90,W,Y,1,,,,,,,,,,,,,,,,,,,,,,,,,,,,,0,0,,,,,,,,,,,,,,,3057.672,3,,578,0,,,,,,,,,,,,,,,,,,,0.008,-37.778,0.079,-17.097,-21.449,-45.994,-13.216,-64.808,18.452,-48.127,11.035,-63.8,40.922,-90.67,0,-109.86,-40.822,-90.57,,,,"",,,,"",,,,"",,,,"",,,,"",,,,"",,,,"",,,,"",,,,,,,,,,,,,,,,,,,,,,,,,,,,,,,,,,,,,,,,,,,,,,,,,,,,,,,,,,"",0,,,,,,,,,,,,,0,"",,,,0,""
122,SIDE,6,1,3,1,0,0,2,0,0,0,255,255,255,,3059.34,,,,,,,,,,,,,,,,,,,,,,,,4,"=","=","=","=","=","=","","","",,,,,,,,,,,,,,,,,,,,,,,,,,,,,,,,,,,,,,,0,0,,,,,,,,,,,,,,,,,,,,,,,,,,,,,,,,,,,,,,,,,,,,,,,,,,,,,,,,,,,,,,,,,,,,,,,,,,,,,,,,,,,,,,,,,,,,,,,,,,,,,,,,,,,,,,,,,,,,,,,,,,,,,,,,,,,,,,,,,,,,,,,,,"",0,,,,,,,,,,,,,0,"",,,,0,""
123,,6,0,3,1,0,0,0,0,0,0,255,255,255,49,3119.93,"인생최패망자",R,32,95,140,1.442,1.351,0.872,1.438,0.334,2.31,-36.74,59.621,8,92,0,2,"",193.046,-96.344,2.713,0,0,5,"CoalCat","Yes_Man_","Kr_Luna","Oort__Cloud","P0TA0","うよすま","","","",0,R,"うよすま",175.4,84.991,0.5,0,57,W,Y,1,3120.916,139,101,66,13,0,,120,72,26.675,-37.74,-0.084,1.484,-18.675,1,0,0.284,-154.997,425.627,-247.886,3119.615,25.83,-57.627,3120.515,5,28.506,0.521,-62.429,1,0,,3126.758,,,,,,,,,,,,,,,,,,,,,,,,,,,,,,,,,,,,0.201,-37.332,0.049,-17.054,-16.704,-42.312,-15.472,-63.096,18.628,-44.894,13.383,-62.4,40.966,-90.712,0,-109.91,-40.867,-90.611,0.471,-36.707,120,"가앤슬_",0.054,-17.266,,"Floră",-16.79,-42.325,,"ddil_ddil69",-15.51,-63.017,86,"encounter v",18.439,-44.714,,"HOGGYS 호기스",13.347,-62.356,90,"AI",40.9,-90.65,,"AI",0,-109.84,,"AI",-40.8,-90.55,,3133.05,0.493,-38.337,,,,,,,3156.351,0.213,-58.086,,,,3124.813,26.997,-62.809,,,,,,,,,,3150.665,0.164,-40.809,,,,,,,3160.277,-8.445,-50.602,,,,3132.092,9.923,-50.469,,,,,,,,,,"",2,,,,,,,,,,,,,0,"HOGGYS 호기스",,,,50,""
124,,6,0,3,1,0,0,0,1,0,0,10,255,255,50,3171.264,"인생최패망자",R,32,92,140,2.612,0.897,0.98,1.358,0.836,2.03,-36.74,59.341,4,96,0,2,"",197.377,-111.57,1.877,0,0,0,"=","=","=","=","=","=","","","",5,R,"CoalCat",174.7,82.838,0.435,5,57,W,Y,1,3172.334,172,93,138,99,42,,145,84,90.257,-45.356,0.49,1.238,-20.764,-1,0,0.453,456.218,-348.581,-105.104,3174.265,1.101,-15.34,3174.565,1,1.115,3.391,-15.385,0,0,,,,,,,,,,,,3171.432,,,3178.759,0,,450,0,,,,,,,,,,,,,3198.462,3,,,,,0.297,-37.229,-0.03,-17.154,-20.056,-41.111,-11.834,-59.426,18.306,-43.698,12.514,-62.026,40.915,-90.664,0,-109.86,-40.815,-90.564,0.379,-37.003,120,"가앤슬_",0.034,-17.495,130,"Floră",-17.441,-42.123,,"ddil_ddil69",-11.542,-59.806,84,"encounter v",18.065,-43.536,,"HOGGYS 호기스",12.489,-61.991,,"AI",40.9,-90.65,,"AI",0,-109.84,,"AI",-40.8,-90.55,,3186.607,5.139,-36.466,3178.768,1.115,-15.251,,,,3198.202,0.199,-61.06,,,,,,,,,,,,,,,,3192.623,-0.313,-41.791,3185.76,-0.188,-20.239,,,,3202.28,-6.111,-53.354,,,,,,,,,,,,,,,,"",1,-44.233,-42.56,0.17,0,0,1,89.743,89.743,1.023,89.743,0,-73.246,0,"가앤슬_",,,,38,""
125,,6,0,3,1,0,0,1,1,0,0,10,255,255,51,3217.548,"인생최패망자",R,32,94,140,1.016,0.691,0.842,1.335,0.196,1.949,-36.74,56.722,7,93,0,2,"",159.228,-72.811,2.579,0,0,1,"=","=","=","=","=","=","","","",1,R,"Yes_Man_",174.8,84.826,0.502,5,57,W,Y,1,3218.618,175,72,127,65,32,,145,84,95.221,42.286,0.191,1.214,-20.2,-1,0,0.424,530.666,-258.232,-16.122,3220.432,5.663,-7.685,3220.748,1,5.534,3.432,-7.904,0,32,,,,,,3257.746,,,,,,3217.61,,,3224.99,1,,450,0,3257.923,5,1,276,44,,,,,,,,3257.886,3,,,,,0.181,-37.327,-0.045,-17.219,-19.846,-41.08,-13.298,-61.104,18.832,-44.288,10.652,-63.246,40.929,-90.677,0,-109.87,-40.83,-90.577,0.226,-36.999,120,"가앤슬_",-0.014,-17.496,130,"Floră",-17.059,-42.629,57,"ddil_ddil69",-12.755,-60.478,108,"encounter v",18.661,-44.132,,"HOGGYS 호기스",9.18,-61.294,,"AI",40.9,-90.65,,"AI",0,-109.84,,"AI",-40.8,-90.55,,3230.423,5.829,-38.007,3224.999,5.567,-7.775,3252.304,-17.799,-40.933,3250.013,0.372,-57.737,,,,,,,,,,,,,,,,3249.135,0.532,-40.728,3229.687,2.561,-24.677,3256.838,-2.86,-55.369,3251.344,-5.417,-53.401,,,,,,,,,,,,,,,,"",1,124.931,44.011,1.634,1,1,0.865,84.779,84.779,-2.549,51.45,0,164.313,0,"가앤슬_",3257.746,,,46,""
126,SIDE,6,0,3,1,0,0,2,0,0,0,255,255,255,,3261.343,,,,,,,,,,,,,,,,,,,,,,,,2,"=","=","=","=","=","=","","","",,,,,,,,,,,,,,,,,,,,,,,,,,,,,,,,,,,,,,,0,0,,,,,,,,,,,,,,,,,,,,,,,,,,,,,,,,,,,,,,,,,,,,,,,,,,,,,,,,,,,,,,,,,,,,,,,,,,,,,,,,,,,,,,,,,,,,,,,,,,,,,,,,,,,,,,,,,,,,,,,,,,,,,,,,,,,,,,,,,,,,,,,,,"",0,,,,,,,,,,,,,0,"",,,,0,""
127,,7,1,3,1,0,0,0,0,0,0,255,255,255,62,3297.71,"うよすま",R,33,78,128,0.394,0.804,0.411,1.402,-0.065,2.064,-36.788,49.245,0,100,0,0,"",144.304,-12.802,2.896,0,0,4,"encounter v","ddil_ddil69","가앤슬_","Floră","HOGGYS 호기스","인생최패망자","","","",5,L,"HOGGYS 호기스",175.3,87,0.317,,57,W,Y,0,,,,,,,,,,,,,,,,,,,,,,,,,,,,,0,0,,,,,,,,,,,,,,,,,,,,,,,,,,,,,,,,,,,,,,-0.046,-37.731,-0.066,-17.003,-21.49,-45.661,-10.248,-65.623,19.975,-47.849,12.699,-62.121,40.922,-90.671,0,-109.86,-40.822,-90.571,,,,"",,,,"",,,,"",,,,"",,,,"",,,,"",,,,"",,,,"",,,,,,,,,,,,,,,,,,,,,,,,,,,,,,,,,,,,,,,,,,,,,,,,,,,,,,,,,,"",0,,,,,,,,,,,,,0,"",,,,0,""
128,,7,1,3,1,0,1,0,0,0,0,255,255,255,63,3313.043,"うよすま",R,33,76,127,0.19,-0.978,0.383,1.331,-0.125,1.034,-36.788,59.9,0,100,0,2,"",125.203,-5.026,1.538,0,0,4,"=","=","=","=","=","=","","","",5,L,"HOGGYS 호기스",175.3,87,0.317,5,57,W,Y,1,3314.005,255,90,129,0,0,,137,129,16.799,54.177,0.033,0.613,-20.272,0.36,0,0.511,45.663,427.33,-228.033,3314.698,-103.686,-81.285,,,,,,0,0,,,,,,,,,,,,,,,,,,,,,,,,,,,,,,,,,,,,,,-0.107,-37.827,0.002,-16.988,-21.416,-45.59,-10.241,-65.606,20.056,-47.652,12.695,-62.117,40.915,-90.664,0,-109.85,-40.815,-90.564,-0.4,-38.045,,"Yes_Man_",-0.007,-16.994,,"P0TA0",-21.516,-45.587,,"Oort__Cloud",-10.191,-65.484,,"Kr_Luna",20.005,-47.68,,"CoalCat",12.692,-62.097,,"AI",40.9,-90.65,,"AI",0,-109.84,,"AI",-40.8,-90.55,,,,,,,,,,,,,,,,,,,,,,,,,,,,,,,,,,,,,,,,,,,,,,,,,,,,,,,,"",3,63.273,63.273,29.119,0,1,0.654,22.793,16.799,-7.193,21.915,0.01,74.222,0,"",,,,0,""
129,,7,1,3,1,0,2,0,0,0,0,255,255,255,64,3335.277,"うよすま",R,33,76,127,0.583,1.167,0.372,1.453,0.046,2.291,-36.788,45.715,0,100,0,4,"",125.461,2.798,2.378,0,0,4,"=","=","=","=","=","=","","","",5,L,"HOGGYS 호기스",175.3,87,0.317,,41,W,Y,1,,,,,,,,,,,,,,,,,,,,,,,,,,,,,0,0,,,,,,,,,,,,,,,3337.852,4,,578,0,,,,,,,,,,,,,,,,,,,0.011,-38.008,0.029,-17.624,-21.019,-45.927,-10.625,-65.782,20.018,-47.652,12.575,-62.421,40.9,-90.65,0,-109.84,-40.8,-90.55,,,,"",,,,"",,,,"",,,,"",,,,"",,,,"",,,,"",,,,"",,,,,,,,,,,,,,,,,,,,,,,,,,,,,,,,,,,,,,,,,,,,,,,,,,,,,,,,,,"",0,,,,,,,,,,,,,0,"",,,,0,""
130,,7,1,3,1,0,0,1,0,0,0,255,255,255,65,3357.702,"うよすま",R,3,67,98,-1.768,-0.491,0.341,1.239,0.039,1.34,-36.788,46.704,0,100,0,2,"",-370.764,0,-17.16,0,0,5,"=","=","=","=","=","=","","","",4,R,"인생최패망자",190,86,0.35,3,58,W,Y,1,3358.894,130,136,73,106,120,,138,82,13.328,25.019,-0.274,0.897,-21.207,1,0,0.423,69.036,416.259,184.804,3356.798,-20.9,-59.411,3358.848,8,-32.746,0.059,-74.884,1,0,,3364.388,,,,,,,,,,,,,,,,,,,,,,,,,,,,3368.12,2,,,,,,,-0.054,-37.846,-0.118,-17.028,-21.617,-46.086,-13.023,-65.069,19.837,-47.678,11.13,-63.619,40.907,-90.657,0,-109.85,-40.807,-90.557,-0.416,-38.152,107,"Yes_Man_",-0.15,-17.343,,"P0TA0",-21.608,-46.083,82,"Oort__Cloud",-12.948,-64.889,,"Kr_Luna",20.019,-47.696,,"CoalCat",11.132,-63.47,,"AI",40.9,-90.65,,"AI",0,-109.85,,"AI",-40.8,-90.55,,3370.335,-1.064,-38.362,,,,3366.424,-19.075,-40.65,,,,,,,,,,,,,,,,,,,3384.345,-2.172,-38.898,,,,3369.28,-18.201,-39.984,,,,,,,,,,,,,,,,,,,"",2,,,,,,,,,,,,,0,"AI",,,,48,""
131,,7,1,3,1,0,0,1,1,0,0,4,255,255,66,3404.471,"うよすま",R,33,71,123,2.713,-0.628,0.326,1.161,0.928,1.224,-36.788,41.076,0,100,0,1,"",148.955,-2.078,-0.376,0,0,0,"=","=","=","=","=","=","","","",0,L,"encounter v",190,83.068,0.46,,58,W,Y,0,,,,,,,,,,,,,,,,,,,,,,,,,,,,,0,0,,,,,,3408.443,,,,,,,,,,,,,,,,,,,,,,,,,,,,,,,,-0.077,-37.58,-0.062,-17.233,-19.717,-40.327,-10.629,-65.692,19.608,-47.948,12.121,-61.537,40.915,-90.664,0,-109.86,-40.815,-90.564,,,,"",,,,"",,,,"",,,,"",,,,"",,,,"",,,,"",,,,"",,,,3412.503,-0.525,-38.993,,,,,,,,,,,,,,,,,,,,,,,,,,,,,,,,,,,,,,,,,,,,,,,,,,,,"",0,,,,,,,,,,,,,0,"",3408.443,,,0,""
132,,7,1,3,1,1,0,1,0,1,0,255,4,255,67,3430.118,"うよすま",R,3,59,104,-8.276,-0.613,-0.152,1.078,-3.075,1.015,-36.788,27.009,0,100,0,1,"",-372.363,7.214,-9.357,-2.536,-14.323,0,"=","=","=","=","=","=","","","",0,L,"encounter v",190,83.068,0.46,,58,W,Y,0,,,,,,,,,,,,,,,,,,,,,,,,,,,,,0,0,,,,,,,,,3436.518,,,,,,,,,,,,,,,,,,,,,,,,,,,,,-0.082,-37.729,-0.1,-17.177,-19.367,-43.874,-0.764,-61.174,19.811,-46.446,12.897,-59.965,40.922,-90.67,0,-109.86,-40.822,-90.571,,,,"",,,,"",,,,"",,,,"",,,,"",,,,"",,,,"",,,,"",,,,3443.6,2.1,-33.151,,,,,,,,,,,,,,,,,,,,,,,,,,,,,,,,,,,,,,,,,,,,,,,,,,,,"",0,,,,,,,,,,,,,0,"",,3436.518,,0,""
133,,7,1,3,1,2,0,1,0,0,1,255,255,4,68,3462.968,"うよすま",R,4,63,100,-1.329,-0.959,0.427,1.015,0.15,1.103,-36.788,35.338,0,100,0,2,"",-160.214,0,-27.502,0,0,0,"=","=","=","=","=","=","","","",0,L,"encounter v",190,83.068,0.46,0,58,W,Y,1,3464.056,227,77,102,72,47,,145,118,26.392,-36.439,-0.095,0.669,-20.177,0.12,0,0.344,300.924,-393.014,15.359,3464.565,69.959,-98.636,3465.932,6,65.325,0.059,-95.419,1,0,,3470.497,3475.004,,,,,,,,3475.446,,,3463.256,,,,,,,,,,,,,,,,,,,,,,,,0.168,-37.643,-0.007,-16.916,-20.55,-44.614,-10.165,-65.991,19.939,-43.063,14.323,-62.012,40.93,-90.677,0,-109.87,-40.83,-90.577,-0.133,-38.412,,"Yes_Man_",0.092,-17.348,,"P0TA0",-19.766,-44.747,,"Oort__Cloud",-9.964,-65.917,85,"Kr_Luna",19.18,-45.221,,"CoalCat",14.325,-61.902,,"AI",40.9,-90.65,,"AI",0,-109.84,,"AI",-40.8,-90.55,,3479.597,-0.158,-38.912,,,,,,,3475.172,0.588,-59.365,,,,,,,,,,,,,,,,,,,,,,,,,3478.508,-2.53,-56.42,,,,,,,,,,,,,,,,"",2,,,,,,,,,,,,,0,"AI",3475.004,3466.361,3475.446,40,""
134,,7,1,4,1,0,0,1,0,1,0,255,0,255,69,3499.464,"うよすま",R,4,51,90,-6.042,-1.427,-0.187,0.925,-2.25,0.831,-36.788,33.559,0,56,44,1,"",-155.687,0,-53.626,0,0,1,"=","=","=","=","=","=","","","",3,R,"ddil_ddil69",175.8,89.899,0.501,,58,W,Y,0,,,,,,,,,,,,,,,,,,,,,,,,,,,,,0,0,,,,,,,,,,,,,3510.706,,,,,,,,,,,,,,,,,,,3520.535,5,,,,,-0.127,-37.501,-0.786,-16.931,-21.038,-45.823,-12.97,-64.937,19.839,-46.167,10.297,-61.018,40.93,-90.677,0,-109.87,-40.83,-90.577,,,107,"",,,,"",,,,"",,,,"",,,,"",,,,"",,,,"",,,,"",,,,3503.992,-0.256,-37.498,,,,,,,,,,,,,,,,,,,,,,,,,3519.378,-1.405,-41.2,,,,,,,,,,,,,,,,,,,,,,,,,"",0,,,,,,,,,,,,,0,"",3503.174,,,0,""
135,,7,1,4,1,1,0,1,0,1,0,255,0,255,70,3539.024,"うよすま",R,3,58,90,0.034,-0.146,0.631,1.199,0.964,1.571,-36.788,43.37,0,100,0,2,"",-379.805,0,-28.117,0,0,1,"=","=","=","=","=","=","","","",3,R,"ddil_ddil69",175.8,89.899,0.501,5,58,W,Y,1,3540.368,52,176,110,117,46,,102,102,27.18,-6.294,0.037,0.923,-20.748,0.57,0,0.572,141.508,15.672,7.45,3540.848,9.28,-106.71,3541.015,7,9.025,1.912,-104.271,0,0,,3545.783,,,,,,,,,,,3567.42,,3545.402,1,,456,0,,,,,,,,,,,,,,,,,,,0.223,-37.679,0.529,-17.295,-21.033,-45.704,-13.067,-65.01,19.2,-45.566,3.482,-60.577,40.922,-90.67,0,-109.86,-40.819,-90.567,-0.369,-38.261,,"Yes_Man_",0.435,-17.416,,"P0TA0",-20.331,-45.085,,"Oort__Cloud",-13.048,-64.891,85,"Kr_Luna",19.345,-45.444,,"CoalCat",7.061,-60.968,,"AI",40.9,-90.65,,"AI",0,-109.84,,"AI",-40.8,-90.55,,3553.157,-0.518,-39.727,,,,,,,3549.567,0.145,-59.187,,,,,,,,,,,,,,,,,,,,,,,,,3552.059,-0.353,-57.487,,,,,,,,,,,,,,,,"",1,-1.458,-1.458,-16.978,0,0,1,42.433,42.433,64.579,42.433,0,4.042,0,"AI",3544.661,,,40,""
136,,7,1,4,1,0,0,2,0,1,0,255,0,255,71,3569.864,"うよすま",R,3,55,87,-3.056,-0.206,0.307,1.221,-0.276,1.531,-36.788,51.298,0,100,0,2,"",-395.455,0,-39.03,0,0,2,"=","=","=","=","=","=","","","",1,R,"가앤슬_",190,90.016,0.2,3,58,W,Y,1,3571.18,192,75,111,113,56,,145,87,25.512,57.612,-0.46,1.013,-21.27,1,0,0.736,168.94,398.667,116.002,3569.931,-41.242,-45.561,,,,,,0,0,,,,,,,,,,,,,3590.748,,,,,,,,,,,,,,,,,,,,,,,,,-0.154,-37.626,-0.757,-17.303,-20.374,-44.967,-13.2,-64.973,18.683,-46.62,12.132,-63.937,40.922,-90.671,0,-109.86,-40.822,-90.571,-0.494,-38.198,,"Yes_Man_",-0.771,-17.307,,"P0TA0",-20.372,-44.962,,"Oort__Cloud",-13.087,-64.863,,"Kr_Luna",18.768,-47.61,,"CoalCat",11.625,-63.73,,"AI",40.9,-90.65,,"AI",0,-109.84,,"AI",-40.8,-90.55,,,,,,,,,,,,,,,,,,,,,,,,,,,,,,,,,,,,,,,,,,,,,,,,,,,,,,,,"",3,,,,,,,,,,,,,0,"",3576.301,,,0,""
137,,7,1,4,1,0,1,2,0,1,0,255,0,255,72,3591.745,"うよすま",R,0,43,88,0.377,-0.672,0.312,1.111,0.102,1.236,-36.788,37.394,0,100,0,2,"",21.231,0,-9.348,0,0,2,"=","=","=","=","=","=","","","",1,R,"가앤슬_",190,90.016,0.2,3,58,W,Y,1,3593.036,236,81,107,130,63,,145,88,24.722,16.098,0.078,0.82,-21.065,-0.92,0,0.677,115.111,-89.076,147.605,3593.065,-19.157,-90.696,3596.232,7,-25.51,0.059,-112.356,1,0,,3599.166,3603.825,,,,,,3597.964,3603.087,,,,,,,,,,,,,,,,,,,,,,,,,,,,-0.017,-37.682,0.57,-17.194,-21.339,-45.999,-13.186,-64.952,19.712,-45.283,12.599,-63.857,40.915,-90.664,0,-109.85,-40.815,-90.564,-0.36,-38.319,,"Yes_Man_",0.198,-17.401,,"P0TA0",-21.051,-45.759,,"Oort__Cloud",-13.057,-64.815,,"Kr_Luna",18.652,-47.833,,"CoalCat",12.286,-63.73,,"AI",40.9,-90.65,,"AI",0,-109.84,,"AI",-40.8,-90.55,,3605.526,-5.3,-42.237,,,,,,,,,,,,,,,,,,,,,,,,,,,,,,,,,,,,,,,,,,,,,,,,,,,,"",2,,,,,,,,,,,,,0,"AI",3603.825,3597.964,3603.087,32,""
138,,7,1,5,1,0,0,2,0,1,0,255,1,255,73,3625.51,"うよすま",R,34,69,121,-0.639,-0.551,0.306,1.187,-0.416,1.283,-36.788,31.898,0,100,0,2,"",76.556,7.052,-0.79,0,0,3,"=","=","=","=","=","=","","","",2,R,"Floră",190,85,0.404,5,58,W,Y,1,3626.553,88,203,151,120,37,,133,96,24.853,-3.143,-0.138,0.79,-19.966,-0.24,0,0.331,146.447,210.488,119.324,3627.082,0.187,-104.785,3627.248,7,0.276,1.944,-102.287,0,0,,,,,,,,,,,,,3625.689,,3631.609,3,,456,0,,,,,,,,,,,,,,,,,,,0.111,-37.839,0.532,-17.015,-20.907,-45.809,-13.134,-64.978,19.227,-46.98,10.544,-63.475,40.929,-90.677,-10.411,-104.801,-35.509,-91.288,-0.295,-38.141,,"Yes_Man_",0.282,-17.281,,"P0TA0",-20.912,-45.814,,"Oort__Cloud",-13.037,-64.875,,"Kr_Luna",19.193,-47.053,,"CoalCat",10.609,-63.305,,"AI",40.9,-90.65,,"AI",-4.618,-107.606,,"AI",-40.8,-90.55,,,,,,,,,,,,,,,,,,,,,,,,,,,,,,,,,,,,,,,,,,,,,,,,,,,,,,,,"",1,-2.006,-2.006,-4.776,0,0,1,24.853,24.853,40.242,24.853,0,-0.52,0,"AI",,,,0,""
139,SIDE,7,1,5,1,0,0,2,0,1,0,255,1,255,,3632.234,,,,,,,,,,,,,,,,,,,,,,,,4,"=","=","=","=","=","=","","","",,,,,,,,,,,,,,,,,,,,,,,,,,,,,,,,,,,,,,,0,0,,,,,,,,,,,,,,,,,,,,,,,,,,,,,,,,,,,,,,,,,,,,,,,,,,,,,,,,,,,,,,,,,,,,,,,,,,,,,,,,,,,,,,,,,,,,,,,,,,,,,,,,,,,,,,,,,,,,,,,,,,,,,,,,,,,,,,,,,,,,,,,,,"",0,,,,,,,,,,,,,0,"",,,,0,""
140,,7,0,5,1,0,0,0,0,0,0,255,255,255,52,3721.633,"encounter v",R,32,96,140,-0.56,-0.29,0.474,2.119,-0.584,1.229,-36.686,37.457,71,29,0,2,"",235.422,-200,6.932,0,0,2,"CoalCat","Yes_Man_","Kr_Luna","Oort__Cloud","P0TA0","うよすま","","","",4,L,"Kr_Luna",190,95.218,0.504,3,74,W,Y,1,3722.481,133,82,86,44,1,,138,83,-30,-60.29,-0.128,0.78,-19.058,1,0,0.224,114.932,215.586,309.074,3718.165,1.941,-20.242,,,,,,0,0,,,,,,,,,,,,,,,,,,,,,,,,,,,,,,,,,,,,,,0.068,-37.437,-0.057,-17.211,-14.725,-43.5,-8.089,-52.97,18.297,-45.591,12.171,-62.808,40.922,-90.67,0,-109.87,-40.822,-90.57,0.307,-37.146,,"가앤슬_",-0.073,-17.306,,"Floră",-14.957,-43.713,,"ddil_ddil69",-7.261,-49.172,,"인생최패망자",18.485,-45.271,,"HOGGYS 호기스",12.185,-62.723,,"AI",40.9,-90.65,,"AI",0,-109.84,,"AI",-40.8,-90.55,,,,,,,,,,,,,,,,,,,,,,,,,,,,,,,,,,,,,,,,,,,,,,,,,,,,,,,,"",3,,,,,,,,,,,,,0,"",,,,0,""
141,,7,0,5,1,0,1,0,0,0,0,255,255,255,53,3741.842,"encounter v",R,13,89,126,-1.133,0.038,0.61,2.355,0.047,1.995,-36.686,66.022,76,24,0,2,"",-353.683,353.424,-19.832,0,0,2,"=","=","=","=","=","=","","","",4,L,"Kr_Luna",190,95.218,0.504,3,74,W,Y,1,3742.698,171,130,141,67,32,,145,119,-3.725,-27.652,-0.042,0.985,-20.518,0.14,0,0.136,56.91,-512.235,100.268,3738.632,5.446,-30.684,3741.582,6,32.453,0.059,-83.327,1,0,,3748.209,,,,,,,,,,,,,,,,,,,,,,,,,,,,,,,,,,,,0.136,-37.495,-0.013,-17.686,-14.406,-43.698,-10.506,-58.55,18.029,-44.052,12.404,-62.436,40.915,-90.664,0,-109.85,-40.815,-90.564,0.354,-37.188,,"가앤슬_",0.052,-17.804,,"Floră",-14.598,-43.83,,"ddil_ddil69",-10.493,-58.575,80,"인생최패망자",17.991,-44.02,,"HOGGYS 호기스",12.381,-62.388,,"AI",40.9,-90.65,,"AI",0,-109.84,,"AI",-40.8,-90.55,,3753.165,0.356,-41.816,,,,,,,3749.411,0.564,-59.715,,,,,,,,,,,,,,,,,,,,,,,,,3752.155,-3.11,-55.059,,,,,,,,,,,,,,,,"",2,,,,,,,,,,,,,0,"AI",,,,3,""
142,,7,0,5,1,0,0,0,1,0,0,14,255,255,54,3764.391,"encounter v",R,13,83,121,-2.454,-2.97,0.507,1.961,-0.431,0.544,-36.686,36.035,100,0,0,4,"R1-|R2+",-388.802,314.377,-2.992,-0.475,-20.173,3,"=","=","=","=","=","=","","","",3,R,"Oort__Cloud",160,90.416,0.397,,57,W,Y,1,,,,,,,,,,,,,,,,,,,,,,,,,,,,,0,0,,,,,,3823.158,,,,,,3764.549,,,,,,,,,,,,,,,,,,,,,,,,,,0.02,-37.222,-0.01,-18.077,-19.908,-40.876,-11.086,-59.256,16.768,-47.011,11.534,-63.526,40.908,-90.657,0,-109.85,-40.808,-90.557,,,,"",,,,"",,,,"",,,,"",,,,"",,,,"",,,,"",,,,"",,,,3770.002,0.042,-37.498,,,,,,,,,,,,,,,,,,,,,,,,,,,,,,,,,,,,,,,,,,,,,,,,,,,,"",0,,,,,,,,,,,,,0,"",3823.158,,,0,""
143,,7,0,5,1,0,1,0,0,1,0,255,255,255,55,3836.81,"encounter v",R,32,90,140,29.971,-0.828,0.654,2.257,0.252,1.68,-36.686,62.656,76,24,0,2,"",250,-200,-21.491,0,0,3,"=","=","=","=","=","=","","","",3,R,"Oort__Cloud",160,80,0.2,3,36,W,Y,1,3837.928,255,67,54,34,13,,134,71,8.331,29.253,-0.023,1.018,-20.116,-1,0,0.111,398.982,346.278,-284.438,3835.215,-15.866,-46.405,3836.565,3,-20.382,0.06,-53.681,1,4,,3843.921,,,,,,,,,,,,,3849.356,2,2,294,34,,,,,,,,,,,,,,,,,,,0.128,-37.497,-0.015,-17.791,-16.353,-42.067,-12.823,-60.668,17.271,-46.837,11.438,-63.459,40.922,-90.67,0,-109.86,-40.822,-90.57,0.493,-37.178,,"가앤슬_",0.013,-18.041,,"Floră",-16.604,-42.374,,"ddil_ddil69",-12.807,-60.5,107,"인생최패망자",17.044,-46.438,120,"HOGGYS 호기스",11.415,-63.429,77,"AI",40.9,-90.65,,"AI",0,-109.84,,"AI",-40.8,-90.55,,3857.957,12.207,-37.797,,,,,,,3840.79,-20.916,-54.71,3844.255,15.323,-41.248,3845.657,0.017,-58.596,,,,,,,,,,,,,,,,,,,3842.849,-12.188,-49.766,3844.81,13.621,-44.417,3856.697,4.805,-54.5,,,,,,,,,,"",2,,,,,,,,,,,,,0,"ddil_ddil69",3840.264,,,51,""
144,,7,0,5,1,0,0,1,1,0,0,13,255,255,56,3881.459,"encounter v",R,26,94,140,0.172,-2.085,0.476,1.774,-0.11,0.113,-36.686,29.438,43,57,0,2,"",124.202,-200,2.321,0.007,-19.023,4,"=","=","=","=","=","=","","","",2,R,"P0TA0",190,96.215,0.525,5,57,W,Y,1,3882.392,166,186,139,126,68,,145,89,-72.58,-4.04,0.015,0.121,-19.525,-1,0,0.129,148.938,-322.316,-65.125,3877.848,0.017,-19.545,3880.732,0,1.106,3.069,-34.745,0,0,,3888.391,,,,3887.417,,,,,,3881.771,,,3887.462,4,,147,1,,,,,,,,,,,,,3889.996,3,,,,,0.064,-37.358,0.028,-17.601,-19.371,-40.13,-12.728,-60.835,16.658,-47.171,11.032,-62.594,40.929,-90.677,0,-109.87,-40.83,-90.577,0.107,-37.011,120,"가앤슬_",0.018,-17.927,,"Floră",-16.964,-41.709,96,"ddil_ddil69",-12.727,-60.783,85,"인생최패망자",16.892,-47.526,,"HOGGYS 호기스",11.002,-62.517,,"AI",40.9,-90.65,,"AI",0,-109.84,,"AI",-40.8,-90.55,,3885.2,0.992,-35.045,,,,3886.788,-17.933,-38.997,3888.945,-1.059,-58.634,,,,,,,,,,,,,,,,3885.918,-0.415,-35.434,,,,3887.624,-17.401,-40.568,3893.085,0.054,-57.74,,,,,,,,,,,,,,,,"",2,-3,-3,-4.051,0,2,0.064,-78.253,-72.58,-6.624,-78.206,0.073,57.594,0,"encounter v",3887.417,,,11,""
145,,7,0,5,1,0,0,2,0,1,0,255,13,255,57,3912.663,"encounter v",R,32,91,140,0.127,-0.54,0.534,2.084,-0.305,1.073,-36.686,46.102,68,32,0,2,"",250,-200,-14.346,0,0,5,"=","=","=","=","=","=","","","",0,R,"うよすま",175.4,84.991,0.5,3,57,W,Y,1,3913.657,168,137,101,100,0,,145,99,7.325,29.434,0.017,0.725,-20.013,0.94,0,0.558,170.234,189.629,59.73,,,,3910.515,2,-12.661,1.686,-41.881,0,0,,,,,,,,,,,,,,,3914.993,5,,451,0,,,,,,,,,,,,,,,,,,,0.056,-37.467,-0.003,-17.765,-16.814,-42.363,-14.069,-61.433,16.882,-44.002,7.7,-61.993,40.922,-90.67,0,-109.86,-40.822,-90.571,0.124,-37.07,,"가앤슬_",-0.04,-17.99,,"Floră",-16.893,-42.569,,"ddil_ddil69",-14.507,-61.561,,"인생최패망자",16.068,-44.492,,"HOGGYS 호기스",5.742,-61.281,,"AI",40.9,-90.65,,"AI",0,-109.84,,"AI",-40.8,-90.55,,,,,,,,3915.001,-13.309,-42.736,,,,,,,,,,,,,,,,,,,,,,,,,,,,,,,,,,,,,,,,,,,,,,"",1,,,,,,,,,,,,,0,"Floră",,,,8,""
146,SIDE,7,0,5,1,0,0,2,0,1,0,255,13,255,,3917.609,,,,,,,,,,,,,,,,,,,,,,,,0,"=","=","=","=","=","=","","","",,,,,,,,,,,,,,,,,,,,,,,,,,,,,,,,,,,,,,,0,0,,,,,,,,,,,,,,,,,,,,,,,,,,,,,,,,,,,,,,,,,,,,,,,,,,,,,,,,,,,,,,,,,,,,,,,,,,,,,,,,,,,,,,,,,,,,,,,,,,,,,,,,,,,,,,,,,,,,,,,,,,,,,,,,,,,,,,,,,,,,,,,,,"",0,,,,,,,,,,,,,0,"",,,,0,""
147,,8,1,5,1,0,0,0,0,0,0,255,255,255,74,3980.166,"Yes_Man_",R,32,75,126,-0.386,0.672,0.621,1.62,-0.528,1.903,-36.898,39.645,0,100,0,0,"",211.016,-79.906,9.548,0,0,4,"encounter v","ddil_ddil69","가앤슬_","Floră","HOGGYS 호기스","인생최패망자","","","",5,L,"HOGGYS 호기스",175.3,87,0.317,,41,W,Y,1,,,,,,,,,,,,,,,,,,,,,,,,,,,,,0,0,,,,,,,,,,,,,,,,,,,,,,,,,,,,,,,,,,,,,,0.079,-37.799,-0.004,-17.015,-21.428,-45.364,-10.215,-65.963,19.524,-48.33,11.947,-63.908,40.953,-90.699,0,-109.871,-40.853,-90.599,,,,"",,,,"",,,,"",,,,"",,,,"",,,,"",,,,"",,,,"",,,,,,,,,,,,,,,,,,,,,,,,,,,,,,,,,,,,,,,,,,,,,,,,,,,,,,,,,,"",0,,,,,,,,,,,,,0,"",,,,0,""
148,,8,1,5,1,0,1,0,0,0,0,255,255,255,75,3994.804,"Yes_Man_",R,14,61,104,-0.412,-0.869,0.507,1.695,-0.68,1.743,-36.898,35.312,53,47,0,2,"",235.152,400,14.165,0,0,4,"=","=","=","=","=","=","","","",5,L,"HOGGYS 호기스",175.3,87,0.317,5,41,W,Y,1,3995.817,153,158,90,79,16,,145,98,-30,58.35,-0.07,0.722,-20.858,0.97,0,0.438,-287.768,12.447,371.778,3991.398,-1.037,-21.453,,,,,,0,0,,,,,,,,,,,,,,,,,,,,,,,,,,,,,,,,,,,,,,0.096,-37.811,0.001,-17.022,-21.203,-45.337,-10.035,-65.972,19.578,-48.255,11.953,-63.929,40.908,-90.657,0,-109.85,-40.808,-90.557,0.119,-37.577,,"うよすま",-0.001,-17.024,,"P0TA0",-21.233,-45.23,,"Oort__Cloud",-10.04,-65.963,,"Kr_Luna",19.588,-48.245,,"CoalCat",11.995,-63.773,,"AI",40.9,-90.65,,"AI",0,-109.84,,"AI",-40.8,-90.55,,,,,,,,,,,,,,,,,,,,,,,,,,,,,,,,,,,,,,,,,,,,,,,,,,,,,,,,"",3,60.441,57.893,14.027,0.432,0,1,-52.325,-52.325,-62.987,-52.325,0,77.675,0,"",,,,0,""
149,,8,1,5,1,0,2,0,0,0,0,255,255,255,76,4010.506,"Yes_Man_",R,4,76,123,-2.47,-0.145,0.553,1.51,-0.841,1.517,-36.898,25.298,0,100,0,2,"",-151.111,0,2.061,0,0,4,"=","=","=","=","=","=","","","",5,L,"HOGGYS 호기스",175.3,87,0.317,5,41,W,Y,0,4011.522,39,64,47,55,0,,36,42,-45.933,51.426,-0.518,0.835,-19.615,-0.84,0,0.446,350.698,-92.765,467.036,4006.965,-1.088,-20.074,4011.082,2,-17.653,0.057,-31.353,0,0,,,,,,,,,,,,,,,,,,,,,,,,,,,,,,,,,,,,,,0.173,-37.668,0.012,-16.887,-20.982,-45.553,-10.437,-65.991,19.584,-48.276,12.479,-63.586,40.907,-90.657,0,-109.85,-40.807,-90.557,0.175,-37.547,,"うよすま",0.006,-16.886,,"P0TA0",-20.751,-45.921,61,"Oort__Cloud",-10.33,-65.889,,"Kr_Luna",19.589,-48.275,,"CoalCat",12.501,-63.461,,"AI",40.9,-90.65,,"AI",0,-109.84,,"AI",-40.8,-90.55,,4018.657,-0.692,-38.37,,,,4015.83,-18.205,-32.073,,,,,,,,,,,,,,,,,,,,,,,,,4017.313,-17.115,-32.179,,,,,,,,,,,,,,,,,,,"",3,77.898,48.107,10.7,0.745,2,0.451,-60.131,-45.933,-6.378,-65.048,0.043,177.677,0,"P0TA0",,,,18,""
150,,8,1,5,1,0,2,0,0,0,0,255,255,255,77,4031.802,"Yes_Man_",R,33,71,123,0.829,1.542,0.73,1.78,0.144,2.455,-36.898,55.876,0,95,5,1,"",117.62,-31.974,-1.109,0,0,4,"=","=","=","=","=","=","","","",5,L,"HOGGYS 호기스",175.3,87,0.317,,41,W,Y,0,,,,,,,,,,,,,,,,,,,,,,,,,,,,,0,0,,,,,,,,,,,,,,,,,,,,,,,,,,,,,,,,,,,,,,0.087,-37.563,0.005,-16.702,-22.397,-46.245,-10.901,-65.656,18.928,-47.578,13.176,-62.489,40.915,-90.664,0,-109.85,-40.815,-90.564,,,,"",,,,"",,,,"",,,,"",,,,"",,,,"",,,,"",,,,"",,,,4037.046,-0.394,-37.604,,,,,,,,,,,,,,,,,,,,,,,,,,,,,,,,,,,,,,,,,,,,,,,,,,,,"",0,,,,,,,,,,,,,0,"",,,,0,""
151,,8,1,5,1,1,2,0,0,0,0,255,255,255,78,4047.064,"Yes_Man_",R,32,81,131,-3.097,0.342,0.386,1.566,-1.62,1.714,-36.898,23.62,0,100,0,2,"",168.246,-83.574,12.082,0,0,4,"=","=","=","=","=","=","","","",5,L,"HOGGYS 호기스",175.3,87,0.317,5,41,W,Y,0,4047.992,136,22,48,24,0,,105,66,-72.515,-52.7,-0.617,0.992,-19.416,-0.73,0,0.454,-79.917,-107.827,-584.796,4043.031,-0.388,-19.592,4048.915,4,17.308,0.058,-29.668,0,0,,,,,,,,,,,,,,,,,,,,,,,,,,,,,,,,,,,,,,0.042,-37.633,-0.02,-16.889,-22.354,-46.263,-10.681,-65.716,19.555,-48.194,13.192,-62.537,40.907,-90.657,0,-109.85,-40.807,-90.557,-0.002,-37.278,,"うよすま",-0.096,-16.884,,"P0TA0",-22.339,-46.249,,"Oort__Cloud",-10.581,-65.577,,"Kr_Luna",19.557,-48.196,93,"CoalCat",13.193,-62.396,,"AI",40.9,-90.65,,"AI",0,-109.84,,"AI",-40.8,-90.55,,4055.724,-0.135,-38.207,,,,,,,,,,4053.875,17.974,-29.607,,,,,,,,,,,,,,,,,,,,,,,,,4054.789,13.781,-30.646,,,,,,,,,,,,,"",3,-28.45,-28.45,-1.323,0,0,1,-72.515,-72.515,-8.321,-72.515,0,-116.894,0,"Kr_Luna",,,,6,""
152,,8,1,5,1,1,2,0,0,0,0,255,255,255,79,4068.253,"Yes_Man_",R,3,74,115,-0.74,1.006,0.815,1.726,0.373,2.192,-36.898,43.369,0,95,5,2,"",-396.177,0,1.292,0,0,4,"=","=","=","=","=","=","","","",5,L,"HOGGYS 호기스",175.3,87,0.317,5,41,W,Y,1,4069.309,178,188,122,68,0,,145,129,21.177,59.183,-0.107,1.291,-20.766,0.49,0,0.518,134.598,10.236,-126.35,,,,,,,,,0,0,,,,,,,,,,,,,,,,,,,,,,,,,,,,,,,,,,,,,,0.235,-37.622,-0.007,-17.246,-21.214,-45.682,-10.122,-65.898,20.351,-48.151,12.971,-63.136,40.908,-90.657,0,-109.85,-40.808,-90.557,0.322,-37.329,,"うよすま",-0.008,-17.23,,"P0TA0",-21.189,-45.64,,"Oort__Cloud",-9.976,-65.772,,"Kr_Luna",19.847,-48.091,,"CoalCat",12.931,-62.988,,"AI",40.9,-90.65,,"AI",0,-109.84,,"AI",-40.8,-90.55,,,,,,,,,,,,,,,,,,,,,,,,,,,,,,,,,,,,,,,,,,,,,,,,,,,,,,,,"",3,68.286,60.273,18.293,0.551,1,0.832,34.553,21.177,61.102,48.969,0.033,95.062,0,"",,,,0,""
153,,8,1,5,1,1,2,0,0,0,0,255,255,255,80,4086.516,"Yes_Man_",R,33,74,125,-2.36,-0.367,0.464,1.455,-1.255,1.324,-36.898,31.925,0,100,0,4,"",130.298,-59.584,7.143,0,0,4,"=","=","=","=","=","=","","","",5,L,"HOGGYS 호기스",175.3,87,0.317,,41,W,Y,1,,,,,,,,,,,,,,,,,,,,,,,,,,,,,0,0,,,,,,,,,,,,,,,4089.211,4,,578,0,,,,,,,,,,,,,,,,,,,0.073,-37.605,-0.027,-17.128,-21.33,-45.621,-10.326,-65.87,19.856,-48.129,11.993,-63.821,40.915,-90.664,0,-109.85,-40.815,-90.564,,,,"",,,,"",,,,"",,,,"",,,,"",,,,"",,,,"",,,,"",,,,,,,,,,,,,,,,,,,,,,,,,,,,,,,,,,,,,,,,,,,,,,,,,,,,,,,,,,"",0,,,,,,,,,,,,,0,"",,,,0,""
154,,8,1,5,1,0,0,1,0,0,0,255,255,255,81,4107.263,"Yes_Man_",R,3,73,116,-2.071,0.11,0.665,1.61,-0.31,1.684,-36.898,49.093,0,100,0,2,"",-338.507,0,1.125,0,0,5,"=","=","=","=","=","=","","","",4,R,"인생최패망자",190,86,0.35,3,57,W,Y,1,4108.443,255,152,183,146,88,,145,87,-0.628,35.893,-0.323,1.109,-21.09,-1,0,0.389,25.535,-355.313,-228.911,4104.099,-9.398,-34.031,4105.165,2,-16.904,0.055,-46.099,0,0,,,,,,,,,,,,,,,4113.681,5,,147,0,,,,,,,,,,,4113.044,2,,,,,,,0.079,-37.793,-0.012,-16.93,-20.807,-45.851,-13.003,-65.031,19.848,-48.118,11.341,-63.247,40.915,-90.664,0,-109.86,-40.815,-90.564,0.104,-37.446,,"うよすま",-0.04,-16.931,,"P0TA0",-21.104,-46.131,87,"Oort__Cloud",-12.958,-64.912,,"Kr_Luna",19.828,-48.097,,"CoalCat",11.322,-63.105,,"AI",40.9,-90.65,,"AI",0,-109.84,,"AI",-40.8,-90.55,,4116.003,-0.8,-38.666,,,,4110.207,-17.649,-46.851,,,,,,,,,,,,,,,,,,,,,,,,,4114.972,-18.258,-40.315,,,,,,,,,,,,,,,,,,,"",2,,,,,,,,,,,,,0,"P0TA0",,,,18,""
155,,8,1,5,1,0,0,2,0,0,0,255,255,255,82,4131.227,"Yes_Man_",R,33,80,130,-0.81,-0.091,0.619,1.517,-0.537,1.553,-36.898,43.658,0,100,0,0,"",106.3,-0.836,2.466,0,0,0,"=","=","=","=","=","=","","","",0,L,"encounter v",190,83.068,0.46,,57,W,Y,0,,,,,,,,,,,,,,,,,,,,,,,,,,,,,0,0,,,,,,,,,,,,,,,,,,,,,,,,,,,,,,,,,,,,,,0.129,-37.681,0.018,-17.156,-21.27,-46.15,-10.355,-66.023,19.429,-48.25,13.369,-63.975,40.915,-90.664,0,-109.86,-40.815,-90.564,,,,"",,,,"",,,,"",,,,"",,,,"",,,,"",,,,"",,,,"",,,,4136.497,-0.236,-37.214,,,,,,,,,,,,,,,,,,,,,,,,,,,,,,,,,,,,,,,,,,,,,,,,,,,,"",0,,,,,,,,,,,,,0,"",,,,0,""
156,,8,1,5,1,0,1,2,0,0,0,255,255,255,83,4146.629,"Yes_Man_",R,3,76,117,-1.095,-0.253,0.741,1.545,0.048,1.551,-36.898,50.941,0,100,0,2,"",-403.191,0,1.495,0,0,0,"=","=","=","=","=","=","","","",0,L,"encounter v",190,83.068,0.46,3,57,W,Y,1,4147.693,255,70,166,70,61,,145,87,17.821,11.777,-0.408,1.101,-20.508,-0.98,0,0.511,-379.119,159.372,272.52,4145.382,-12.332,-70.643,4145.531,3,-11.358,1.578,-66.882,0,0,,,,,,,,,,,,,,,4150.528,0,,452,0,,,,,,,,,,,,,,,,,,,0.138,-37.643,-0.013,-17.19,-21.484,-45.575,-10.434,-66.024,19.835,-48.037,13.196,-64.017,40.907,-90.657,0,-109.85,-40.807,-90.557,0.356,-37.013,,"うよすま",-0.032,-17.189,,"P0TA0",-21.437,-45.408,,"Oort__Cloud",-10.264,-65.926,85,"Kr_Luna",19.839,-48.025,,"CoalCat",13.28,-63.899,,"AI",40.9,-90.65,,"AI",0,-109.84,,"AI",-40.8,-90.55,,4153.384,-0.211,-38.927,,,,,,,4150.538,-11.719,-68.06,,,,,,,,,,,,,,,,,,,,,,,,,4151.663,-11.586,-67.253,,,,,,,,,,,,,,,,"",1,,,,,,,,,,,,,0,"Oort__Cloud",,,,10,""
157,SIDE,8,1,5,1,0,0,2,0,0,0,255,255,255,,4154.176,,,,,,,,,,,,,,,,,,,,,,,,1,"=","=","=","=","=","=","","","",,,,,,,,,,,,,,,,,,,,,,,,,,,,,,,,,,,,,,,0,0,,,,,,,,,,,,,,,,,,,,,,,,,,,,,,,,,,,,,,,,,,,,,,,,,,,,,,,,,,,,,,,,,,,,,,,,,,,,,,,,,,,,,,,,,,,,,,,,,,,,,,,,,,,,,,,,,,,,,,,,,,,,,,,,,,,,,,,,,,,,,,,,,"",0,,,,,,,,,,,,,0,"",,,,0,""
158,,8,0,5,1,0,0,0,0,0,0,255,255,255,58,4185.146,"encounter v",R,32,90,140,0.49,-0.606,0.569,1.877,-0.146,1.043,-36.686,36.798,80,20,0,0,"",250,-200,-9.34,0,0,0,"CoalCat","Yes_Man_","Kr_Luna","Oort__Cloud","P0TA0","うよすま","","","",5,R,"CoalCat",174.7,82.838,0.435,,57,W,Y,0,,,,,,,,,,,,,,,,,,,,,,,,,,,,,0,0,,,,,,,,,,,,,,,,,,,,,,,,,,,,,,,,,,,,,,0.057,-37.39,0.006,-17.454,-16.508,-42.119,-15.218,-62.828,17.666,-46.585,12.195,-62.386,40.922,-90.671,0,-109.87,-40.823,-90.571,,,,"",,,,"",,,,"",,,,"",,,,"",,,,"",,,,"",,,,"",,,,,,,,,,,,,,,,,,,,,,,,,,,,,,,,,,,,,,,,,,,,,,,,,,,,,,,,,,"",0,,,,,,,,,,,,,0,"",,,,0,""
159,,8,0,5,1,0,1,0,0,0,0,255,255,255,59,4202.108,"encounter v",R,32,88,140,5.814,6.427,0.604,2.356,2.889,4.65,-36.686,68.567,82,18,0,1,"",243.883,-200,-8.41,3.805,-8.333,0,"=","=","=","=","=","=","","","",5,R,"CoalCat",174.7,82.838,0.435,,57,W,Y,0,,,,,,,,,,,,,,,,,,,,,,,,,,,,,0,0,,,,,,,,,,,,,,,,,,,,,,,,,,,,,,,,,,,,,,0.043,-37.479,-0.003,-17.418,-16.506,-42.169,-15.341,-62.793,17.379,-46.816,12.183,-62.35,40.915,-90.664,0,-109.86,-40.815,-90.564,,,,"",,,,"",,,,"",,,,"",,,,"",,,,"",,,,"",,,,"",,,,,,,,,,,,,,,,,,,,,,,,,,,,,,,,,,,,,,,,,,,,,,,,,,,,,,,,,,"",0,,,,,,,,,,,,,0,"",,,,0,""
160,,8,0,5,1,1,1,0,0,0,0,255,255,255,60,4222.732,"encounter v",R,13,82,121,-2.173,-2.735,0.547,2.056,-0.246,0.972,-36.686,40.422,85,15,0,2,"BA+",-230.554,400,-5.74,-0.34,-21.441,0,"=","=","=","=","=","=","","","",5,R,"CoalCat",174.7,82.838,0.435,3,57,W,Y,1,4223.873,255,161,64,69,42,,139,78,-24.315,17.95,-0.214,0.412,-21.975,1,0,0.761,-422.258,5.304,66.039,4218.832,-0.465,-22.748,4221.599,3,-10.75,0.058,-56.285,0,0,,4229.275,,,,,,,,,,,,,4229.162,0,,147,2,,,,,,,,,,,,,,,,,,,0.049,-37.438,0.005,-17.22,-16.392,-42.237,-15.18,-62.966,16.946,-46.558,12.21,-62.393,40.915,-90.664,0,-109.86,-40.815,-90.564,0.397,-37.18,,"가앤슬_",0.002,-17.742,,"Floră",-16.484,-42.378,78,"ddil_ddil69",-15.221,-62.901,88,"인생최패망자",16.943,-46.536,,"HOGGYS 호기스",12.179,-62.347,,"AI",40.9,-90.65,,"AI",0,-109.84,,"AI",-40.8,-90.55,,4231.401,-1.829,-41.498,,,,4228.545,-18.934,-40.274,4226.446,-11.092,-56.819,,,,,,,,,,,,,,,,,,,,,,4230.329,-18.009,-39.221,4227.708,-12.508,-50.43,,,,,,,,,,,,,,,,"",2,,,,,,,,,,,,,0,"ddil_ddil69",,,,11,""
161,,8,0,5,1,0,0,1,0,0,0,255,255,255,61,4249.603,"encounter v",R,14,72,112,0.226,-1.286,0.485,2.156,-0.536,1.323,-36.686,56.456,100,0,0,4,"",351.378,355.715,-48.529,0,0,1,"=","=","=","=","=","=","","","",0,R,"Yes_Man_",174.8,84.826,0.502,,57,W,Y,1,,,,,,,,,,,,,,,,,,,,,,,,,,,,,0,0,,,,,,,,,,,,,,,,,,,,,,,,,,,,,,,,,,,,4255.147,1,0.053,-37.678,-0.03,-17.951,-16.393,-41.874,-15.095,-63.358,13.286,-43.025,11.985,-63.401,40.93,-90.677,0,-109.87,-40.83,-90.577,,,,"",,,,"",,,,"",,,,"",,,,"",,,,"",,,,"",,,,"",,,,4256.183,-0.164,-37.164,,,,,,,,,,,,,,,,,,,,,,,,,,,,,,,,,,,,,,,,,,,,,,,,,,,,"",0,,,,,,,,,,,,,0,"",,,,0,""
162,,8,0,5,1,0,1,1,0,0,0,255,255,255,62,4268.242,"encounter v",R,10,75,116,0.122,-1.826,0.608,2.082,0.037,1.061,-36.686,43.823,89,11,0,4,"",0,400,-6.489,-0.031,-18.944,1,"=","=","=","=","=","=","","","",0,R,"Yes_Man_",174.8,84.826,0.502,,57,W,Y,1,,,,,,,,,,,,,,,,,,,,,,,,,,,,,0,0,,,,,,,,,,,,,,,,,,,,,,,,,,,,,,,,,,,,,,0.026,-37.294,0.024,-17.914,-16.534,-42.148,-15.262,-63.228,15.169,-44.094,12.73,-62.944,40.915,-90.664,0,-109.86,-40.815,-90.564,,,,"",,,,"",,,,"",,,,"",,,,"",,,,"",,,,"",,,,"",,,,4273.346,0.185,-37.283,,,,,,,,,,,,,,,,,,,,,,,,,,,,,,,,,,,,,,,,,,,,,,,,,,,,"",0,,,,,,,,,,,,,0,"",,,,0,""
163,,8,0,5,1,0,2,1,0,0,0,255,255,255,63,4284.594,"encounter v",R,26,83,135,5.39,4.898,0.574,2.339,2.056,4.227,-36.686,66.525,75,25,0,1,"",191.062,-200,-12.08,2.494,-7.741,1,"=","=","=","=","=","=","","","",0,R,"Yes_Man_",174.8,84.826,0.502,,57,W,Y,0,,,,,,,,,,,,,,,,,,,,,,,,,,,,,0,0,,,,,,,,,,,,,,,,,,,,,,,,,,,,,,,,,,,,,,0.056,-37.436,0.011,-17.697,-16.733,-42.481,-15.153,-62.761,15.619,-44.819,12.72,-62.951,40.915,-90.664,0,-109.85,-40.815,-90.564,,,,"",,,,"",,,,"",,,,"",,,,"",,,,"",,,,"",,,,"",,,,4292.671,-0.272,-38.626,,,,,,,,,,,,,,,,,,,,,,,,,,,,,,,,,,,,,,,,,,,,,,,,,,,,"",0,,,,,,,,,,,,,0,"",,,,0,""
164,,8,0,5,1,1,2,1,0,0,0,255,255,255,64,4303.462,"encounter v",R,26,95,140,-1.073,-1.212,0.453,1.975,-0.683,0.686,-36.686,26.151,79,21,0,1,"",145.149,-200,0.362,0,0,1,"=","=","=","=","=","=","","","",0,R,"Yes_Man_",174.8,84.826,0.502,,57,W,Y,0,,,,,,,,,,,,,,,,,,,,,,,,,,,,,0,0,,,,,,,,,,,,,,,,,,,,,,,,,,,,,,,,,,,,,,0.057,-37.315,-0.03,-17.946,-16.575,-42.192,-15.159,-62.767,15.561,-44.83,12.731,-62.952,40.915,-90.664,0,-109.85,-40.815,-90.564,,,,"",,,,"",,,,"",,,,"",,,,"",,,,"",,,,"",,,,"",,,,4314.53,-0.579,-38.802,,,,,,,,,,,,,,,,,,,,,,,,,,,,,,,,,,,,,,,,,,,,,,,,,,,,"",0,,,,,,,,,,,,,0,"",,,,0,""
165,,8,0,5,1,2,2,1,0,0,0,255,255,255,65,4327.317,"encounter v",R,14,68,109,0.23,-1.886,0.515,2.072,-0.397,1.029,-36.686,46.778,100,0,0,4,"",281.266,400,-60.987,0.069,-19.235,1,"=","=","=","=","=","=","","","",0,R,"Yes_Man_",174.8,84.826,0.502,,57,W,Y,1,,,,,,,,,,,,,,,,,,,,,,,,,,,,,0,2,,,,,,,,,,,,,,,4331.455,1,,274,0,,,,,,,,,,,,,,,,,4333.432,1,0.026,-37.45,-0.018,-17.923,-16.577,-42.159,-15.359,-63.519,17.688,-44.977,11.935,-62.7,40.915,-90.664,0,-109.86,-40.815,-90.564,,,,"",,,,"",,,,"",,,,"",,,,"",,,,"",,,,"",,,,"",,,,4334.506,0.241,-37.48,,,,,,,,,,,,,,,,,,,,,,,,,,,,,,,,,,,,,,,,,,,,,,,,,,,,"",0,,,,,,,,,,,,,0,"",,,,0,""
166,,8,0,5,1,0,0,2,0,0,0,255,255,255,66,4348.433,"encounter v",R,10,69,112,-0.461,-0.565,0.531,2.149,-0.323,1.327,-36.686,59.101,100,0,0,2,"",6.499,400,-47.937,0,0,2,"=","=","=","=","=","=","","","",4,L,"Kr_Luna",190,95.218,0.504,3,57,W,Y,1,4349.322,74,141,124,79,46,,121,119,-26.468,4.603,-0.131,0.53,-20.322,0.67,0,0.134,-92.986,204.544,-32.522,4344.281,-0.207,-21.266,4348.115,7,-5.845,0.059,-96.612,1,0,,4355.021,,,,,,,,,,,,,,,,,,,,,,,,,,,,4357.975,2,,,,,,,0.07,-37.339,0.023,-18.076,-14.737,-43.802,-15.95,-64.725,19.634,-46.92,12.347,-62.538,40.922,-90.67,0,-109.86,-40.822,-90.57,0.394,-37.238,,"가앤슬_",0.017,-18.246,,"Floră",-14.825,-43.887,74,"ddil_ddil69",-14.788,-62.58,,"인생최패망자",19.497,-46.818,,"HOGGYS 호기스",12.366,-62.575,,"AI",40.9,-90.65,,"AI",0,-109.84,,"AI",-40.8,-90.55,,4361.198,0.743,-42.647,,,,4357.377,-19.603,-38.646,,,,,,,,,,,,,,,,,,,,,,,,,4359.944,-18.089,-39.264,,,,,,,,,,,,,,,,,,,"",2,,,,,,,,,,,,,0,"AI",,,,9,""
167,,8,0,5,1,0,0,2,1,0,0,14,255,255,67,4374.308,"encounter v",R,10,86,128,-0.205,-2.323,0.577,2.041,-0.105,0.852,-36.686,41.113,93,7,0,2,"",0,400,-16.821,0,0,3,"=","=","=","=","=","=","","","",3,R,"Oort__Cloud",160,80,0.2,3,57,W,Y,1,4375.497,255,122,112,73,28,,145,76,-11.561,24.96,-0.061,0.306,-21.33,1,0,0.191,-536.922,194.361,145.559,4370.432,-0.597,-22.479,4373.132,3,-15.225,0.056,-54.877,0,0,,4380.91,,,,4380.236,,,,,,4374.644,,,4380.304,3,,147,2,,,,,,,,,,,,,,,,,,,0.078,-37.24,0.018,-17.922,-19.548,-40.649,-14.708,-63.829,16.819,-43.627,10.262,-63.648,40.915,-90.664,0,-109.86,-40.815,-90.564,0.217,-37.027,,"가앤슬_",0.026,-18.083,,"Floră",-16.558,-41.997,,"ddil_ddil69",-15.147,-62.958,88,"인생최패망자",15.577,-43.841,,"HOGGYS 호기스",8.476,-63.441,,"AI",40.9,-90.65,,"AI",0,-109.84,,"AI",-40.8,-90.55,,,,,,,,4379.702,-19.03,-41.056,4378.003,-15.692,-55.404,,,,,,,,,,,,,,,,,,,,,,,,,4378.964,-16.656,-50.212,,,,,,,,,,,,,,,,"",2,,,,,,,,,,,,,0,"ddil_ddil69",4380.236,,,10,""
168,SIDE,8,0,5,1,0,0,2,0,1,0,255,14,255,,4383.81,,,,,,,,,,,,,,,,,,,,,,,,4,"=","=","=","=","=","=","","","",,,,,,,,,,,,,,,,,,,,,,,,,,,,,,,,,,,,,,,0,0,,,,,,,,,,,,,,,,,,,,,,,,,,,,,,,,,,,,,,,,,,,,,,,,,,,,,,,,,,,,,,,,,,,,,,,,,,,,,,,,,,,,,,,,,,,,,,,,,,,,,,,,,,,,,,,,,,,,,,,,,,,,,,,,,,,,,,,,,,,,,,,,,"",0,,,,,,,,,,,,,0,"",,,,0,""
169,,9,1,5,1,0,0,0,0,0,0,255,255,255,84,4419.007,"Yes_Man_",R,3,67,110,1.696,-0.602,0.958,1.416,1.504,1.271,-36.898,71.019,0,100,0,1,"",-412.005,0,3.861,0,0,1,"encounter v","ddil_ddil69","가앤슬_","Floră","HOGGYS 호기스","인생최패망자","","","",3,R,"ddil_ddil69",175.8,89.899,0.501,,57,W,Y,0,,,,,,,,,,,,,,,,,,,,,,,,,,,,,0,0,,,,,,,,,,,,,,,,,,,,,,,,,,,,,,,,,,,,,,0.238,-37.78,0.054,-16.878,-21.416,-45.649,-13.345,-64.942,19.673,-47.743,10.295,-63.24,40.937,-90.684,0,-109.88,-40.837,-90.584,,,,"",,,,"",,,,"",,,,"",,,,"",,,,"",,,,"",,,,"",,,,,,,,,,,,,,,,,,,,,,,,,,,,,,,,,,,,,,,,,,,,,,,,,,,,,,,,,,"",0,,,,,,,,,,,,,0,"",,,,0,""
170,,9,1,5,1,1,0,0,0,0,0,255,255,255,85,4436.925,"Yes_Man_",R,32,86,140,-3.301,0.29,0.354,1.544,-1.768,1.637,-36.898,11.471,0,100,0,1,"",228.168,-141.984,22.216,0,0,1,"=","=","=","=","=","=","","","",3,R,"ddil_ddil69",175.8,89.899,0.501,,57,W,Y,0,,,,,,,,,,,,,,,,,,,,,,,,,,,,,0,0,,,,,,,,,,,,,,,,,,,,,,,,,,,,,,,,,,,,,,0.126,-37.572,0.04,-16.815,-21.296,-45.82,-13.111,-65.028,19.503,-47.807,10.299,-63.266,40.915,-90.664,0,-109.86,-40.815,-90.564,,,,"",,,,"",,,,"",,,,"",,,,"",,,,"",,,,"",,,,"",,,,,,,,,,,,,,,,,,,,,,,,,,,,,,,,,,,,,,,,,,,,,,,,,,,,,,,,,,"",0,,,,,,,,,,,,,0,"",,,,0,""
171,,9,1,5,1,3,0,0,0,0,0,255,255,255,86,4476.089,"Yes_Man_",R,3,78,118,-2.51,0.097,0.669,1.596,-0.377,1.663,-36.898,25.871,0,100,0,1,"",-419.306,0,3.016,0,0,1,"=","=","=","=","=","=","","","",3,R,"ddil_ddil69",175.8,89.899,0.501,,57,W,Y,0,,,,,,,,,,,,,,,,,,,,,,,,,,,,,0,0,,4491.557,4498.664,,,,,,,,,,,,,,,,,,,,,,,,,,,,,,,,,,,0.24,-37.712,0.018,-16.798,-21.633,-46.699,-13.1,-65.039,19.494,-47.797,10.062,-63.295,40.922,-90.67,0,-109.86,-40.822,-90.57,,,,"",,,,"",,,,"",,,,"",,,,"",,,,"",,,,"",,,,"",,,,,,,,,,,,,,,,,,,,,,,,,,,,,,,,,,,,,,,,,,,,,,,,,,,,,,,,,,"",5,,,,,,,,,,,,,0,"",4498.664,,,0,""
172,,9,1,5,1,0,0,0,0,1,0,255,3,255,87,4534.064,"Yes_Man_",R,33,74,126,0.2,0.132,0.706,1.554,-0.129,1.67,-36.898,44.688,0,100,0,0,"",120.021,-21.495,1.929,0,0,2,"=","=","=","=","=","=","","","",1,R,"가앤슬_",190,90.016,0.2,,57,W,Y,1,,,,,,,,,,,,,,,,,,,,,,,,,,,,,0,0,,,,,,,,,,,,,4543.891,,,,,,,,,,,,,,,,,,,,,,,,,0.179,-37.733,0.007,-16.983,-19.59,-44.587,-13.233,-64.861,19.375,-41.026,2.701,-59.45,40.922,-90.67,0,-109.86,-40.822,-90.57,,,,"",,,,"",,,,"",,,,"",,,,"",,,,"",,,,"",,,,"",,,,,,,,,,,,,,,,,,,,,,,,,,,,,,,,,,,,,,,,,,,,,,,,,,,,,,,,,,"",0,,,,,,,,,,,,,0,"",4547.196,,,0,""
173,,9,1,5,1,0,1,0,0,1,0,255,3,255,88,4553.775,"Yes_Man_",R,3,82,121,-5.569,0.06,0.379,1.547,-1.654,1.65,-36.898,10.062,0,94,6,1,"",-457.794,0,12.333,0,0,2,"=","=","=","=","=","=","","","",1,R,"가앤슬_",190,90.016,0.2,,57,W,Y,0,,,,,,,,,,,,,,,,,,,,,,,,,,,,,0,0,,,,,,,,,,,,,4567.306,,,,,,,,,,,,,,,,,,,,,,,,,0.167,-37.721,-0.006,-16.918,-19.206,-44.181,-13.253,-64.881,19.779,-40.695,1.299,-59.404,40.922,-90.67,0,-109.86,-40.822,-90.57,,,,"",,,,"",,,,"",,,,"",,,,"",,,,"",,,,"",,,,"",,,,,,,,,,,,,,,,,,,,,,,,,,,,,,,,,,,,,,,,,,,,,,,,,,,,,,,,,,"",0,,,,,,,,,,,,,0,"",4557.871,,,0,""
174,,9,1,5,1,1,1,0,0,1,0,255,3,255,89,4571.97,"Yes_Man_",R,33,72,124,-1.861,0.905,0.508,1.679,-1.053,2.075,-36.898,20.647,0,100,0,1,"",137.954,-99.496,22.739,0,0,2,"=","=","=","=","=","=","","","",1,R,"가앤슬_",190,90.016,0.2,,57,W,Y,0,,,,,,,,,,,,,,,,,,,,,,,,,,,,,0,0,,,,,,,,,,,,,4585.605,,,,,,,,,,,,,,,,,,,,,,,,,0.179,-37.599,0.068,-17.095,-19.32,-44.668,-13.386,-64.814,19.89,-44.525,1.124,-59.525,40.915,-90.664,0,-109.86,-40.815,-90.564,,,,"",,,,"",,,,"",,,,"",,,,"",,,,"",,,,"",,,,"",,,,,,,,,,,,,,,,,,,,,,,,,,,,,,,,,,,,,,,,,,,,,,,,,,,,,,,,,,"",0,,,,,,,,,,,,,0,"",4575.106,,,0,""
175,,9,1,5,1,2,1,0,0,1,0,255,3,255,90,4591.47,"Yes_Man_",R,3,75,117,-2.737,-0.108,0.607,1.516,-0.59,1.549,-36.898,21.553,0,96,4,2,"",-348.869,0,12.67,0,0,2,"=","=","=","=","=","=","","","",1,R,"가앤슬_",190,90.016,0.2,3,88,W,Y,1,4592.703,191,50,129,87,44,,145,114,94.708,-73.614,-0.488,0.993,-20.626,0.83,0,0.63,421.156,51.766,193.923,,,,,,,,,0,0,,,,,,,,,,,,,4601.853,,,,,,,,,,,,,,,,,,,,,,,,,0.266,-37.66,-0.014,-16.869,-20.281,-44.681,-13.253,-64.9,19.237,-44.26,4.048,-61.038,40.922,-90.67,0,-109.86,-40.822,-90.57,0.275,-37.449,,"うよすま",-0.095,-16.854,,"P0TA0",-20.292,-44.685,,"Oort__Cloud",-13.251,-64.896,,"Kr_Luna",18.717,-45.583,,"CoalCat",5.424,-61.432,,"AI",40.9,-90.65,,"AI",0,-109.84,,"AI",-40.8,-90.55,,,,,,,,,,,,,,,,,,,,,,,,,,,,,,,,,,,,,,,,,,,,,,,,,,,,,,,,"",3,,,,,,,,,,,,,0,"",4596.804,,,0,""
176,,9,1,5,1,2,2,0,0,1,0,255,3,255,91,4611.912,"Yes_Man_",R,12,68,105,-0.902,-0.777,0.602,1.366,-0.411,1.26,-36.898,33.208,19,81,0,2,"BH+|BH-",0,80.313,11.505,0,0,2,"=","=","=","=","=","=","","","",1,R,"가앤슬_",190,90.016,0.2,3,88,W,Y,1,4613.125,172,49,125,93,55,,145,130,-22.296,6.635,-0.15,0.758,-20.79,0.64,0,0.596,-66.178,188.94,-52.547,4608.099,-0.349,-22.482,4613.048,7,-11.047,0.056,-122.598,1,4,,4619.215,4623.579,,,,,,4620.453,4625.436,,,4615.753,,4623.618,2,1,278,0,,,,,,,,,,,,,,,,,4626.476,1,0.167,-37.647,0.079,-17.008,-20.258,-44.671,-13.059,-64.876,18.765,-45.746,2.938,-59.584,40.915,-90.664,0,-109.86,-40.815,-90.564,0.138,-37.534,,"うよすま",0.024,-16.998,100,"P0TA0",-20.273,-44.656,,"Oort__Cloud",-12.99,-64.778,,"Kr_Luna",18.777,-45.715,,"CoalCat",7.58,-61.811,107,"AI",40.9,-90.65,,"AI",0,-109.84,,"AI",-40.8,-90.55,,4630.527,-0.265,-37.196,4626.255,-0.342,-20.282,,,,,,,,,,4622.604,-0.283,-60.094,,,,,,,,,,,,,4629.747,1.737,-23.554,,,,,,,,,,4624.871,-5.458,-49.353,,,,,,,,,,"",2,,,,,,,,,,,,,0,"AI",4615.408,4620.453,4625.436,35,""
177,,9,1,6,1,0,0,1,0,0,0,255,255,255,92,4647.002,"Yes_Man_",R,5,70,107,-0.862,0.596,0.695,1.73,-0.227,1.997,-36.898,46.957,0,100,0,2,"",-84.747,0,2.218,0,0,3,"=","=","=","=","=","=","","","",2,R,"Floră",190,85,0.404,5,57,W,Y,1,4648.201,215,88,112,112,66,,145,106,64.501,-59.144,-0.174,1.23,-20.184,-0.18,0,0.342,508.081,307.963,80.886,4649.948,44.662,-46.099,,,,,,0,0,,,,,,,,,,,,,,,,,,,,,,,,,,,,,,,,,,,,,,0.049,-37.782,0.001,-16.947,-21.126,-45.862,-13.487,-64.821,18.653,-45.583,8.824,-64.4,40.922,-90.671,0,-109.86,-40.822,-90.571,0.165,-37.312,,"うよすま",-0.05,-16.936,,"P0TA0",-21.134,-45.843,,"Oort__Cloud",-13.437,-64.65,,"Kr_Luna",18.662,-45.57,,"CoalCat",8.783,-64.407,,"AI",40.9,-90.65,,"AI",0,-109.84,,"AI",-40.8,-90.55,,,,,,,,,,,,,,,,,,,,,,,,,,,,,,,,,,,,,,,,,,,,,,,,,,,,,,,,"",3,-60.293,-50.677,-10.275,0.477,0,1,64.501,64.501,51.091,64.501,0,-103.689,0,"",,,,0,""
178,,9,1,6,1,0,1,1,0,0,0,255,255,255,93,4672.13,"Yes_Man_",R,3,70,112,1.972,1.183,0.94,1.734,1.648,2.363,-36.898,66.355,0,100,0,1,"",-435.78,0,-1.455,0,0,3,"=","=","=","=","=","=","","","",2,R,"Floră",190,85,0.404,,90,W,Y,0,,,,,,,,,,,,,,,,,,,,,,,,,,,,,0,0,,,,,,,,,,,,,,,,,,,,,,,,,,,,,,,,,,,,,,0.209,-37.814,0.129,-17.022,-21.151,-45.8,-13.182,-64.868,18.742,-47.214,10.279,-63.459,40.909,-90.643,0.005,-109.846,-40.815,-90.564,,,,"",,,,"",,,,"",,,,"",,,,"",,,,"",,,,"",,,,"",,,,,,,,,,,,,,,,,,,,,,,,,,,,,,,,,,,,,,,,,,,,,,,,,,,,,,,,,,"",0,,,,,,,,,,,,,0,"",,,,0,""
179,,9,1,6,1,1,1,1,0,0,0,255,255,255,94,4689.313,"Yes_Man_",R,0,71,123,0.638,0.815,0.789,1.692,0.254,2.118,-36.898,51.053,0,100,0,2,"",-0.174,0,1.044,0,0,3,"=","=","=","=","=","=","","","",2,R,"Floră",190,85,0.404,0,90,W,Y,1,4690.366,171,208,125,104,52,,145,133,-30,4.553,-0.023,1.289,-20.189,0.56,0,0.587,-370.959,436.073,162.216,4684.998,-0.194,-22.293,4691.332,7,-10.629,0.061,-132.57,1,0,,4696.429,4700.99,,,,,,,,,,,,,,,,,,,,,,,,,,,,,4702.922,5,,,,,0.161,-37.621,-0.017,-16.948,-21.363,-46.046,-13.189,-64.84,18.796,-49.103,9.339,-63.776,40.915,-90.664,0,-109.855,-40.815,-90.564,0.34,-37.189,107,"うよすま",-0.017,-16.946,,"P0TA0",-21.355,-46.015,,"Oort__Cloud",-13.154,-64.893,77,"Kr_Luna",18.826,-49.055,66,"CoalCat",9.251,-63.731,75,"AI",40.9,-90.65,,"AI",0,-109.84,,"AI",-40.8,-90.55,,4706.486,0.382,-38.779,,,,,,,4773.595,-0.347,-59.686,4721.07,19.132,-39.998,4702.569,-0.191,-59.705,,,,,,,,,,4720.286,2.455,-40.321,,,,,,,4776.174,0.9,-57.136,4728.137,18.275,-39.833,4705.231,2.172,-57.488,,,,,,,,,,"",2,,,,,,,,,,,,,0,"AI",4700.99,,,15,""
180,,9,1,6,1,0,0,1,0,1,0,255,255,255,95,4812.207,"Yes_Man_",R,32,80,130,-1.759,-0.126,0.497,1.495,-1.105,1.464,-36.898,25.384,0,100,0,4,"",208.658,-63.844,10.757,0,0,4,"=","=","=","=","=","=","","","",5,L,"HOGGYS 호기스",175.3,87,0.317,,57,W,Y,1,,,,,,,,,,,,,,,,,,,,,,,,,,,,,0,0,,,,,,,,,,,,,,,,,,,,,,,,,,,,,,,,,,,,,,0.193,-37.741,0.009,-16.676,-20.848,-45.82,-0.875,-62.057,19.158,-48.138,11.659,-61.104,40.944,-90.691,0,-109.88,-40.844,-90.591,,,,"",,,,"",,,,"",,,,"",,,,"",,,,"",,,,"",,,,"",,,,4817.007,-0.02,-37.34,,,,,,,,,,,,,,,,,,,,,,,,,,,,,,,,,,,,,,,,,,,,,,,,,,,,"",0,,,,,,,,,,,,,0,"",4815.158,,,0,""
181,,9,1,6,1,0,1,1,0,1,0,255,255,255,96,4828.726,"Yes_Man_",R,3,72,113,-1.016,0.277,0.809,1.648,0.283,1.773,-36.898,31.114,10,90,0,2,"",-403.583,0.024,0.722,0,0,4,"=","=","=","=","=","=","","","",5,L,"HOGGYS 호기스",175.3,87,0.317,5,57,W,Y,1,4829.723,174,117,100,68,0,,145,124,25.987,52.826,-0.165,1.05,-20.671,0.25,0,0.385,37.968,-52.278,-66.478,4828.815,-86.508,-87.699,,,,,,0,0,,,,,,,,,,,,,,,,,,,,,,,,,,,,,,,,,,,,,,0.32,-37.699,0.107,-16.777,-21.407,-45.047,-0.262,-60.795,18.835,-45.638,12.225,-61.014,40.915,-90.664,0,-109.85,-40.815,-90.564,0.37,-37.383,,"うよすま",0.069,-16.771,,"P0TA0",-20.878,-45.575,,"Oort__Cloud",-3.842,-62.954,,"Kr_Luna",18.884,-45.63,,"CoalCat",12.274,-60.862,,"AI",40.9,-90.65,,"AI",0,-109.84,,"AI",-40.8,-90.55,,,,,,,,,,,,,,,,,,,,,,,,,,,,,,,,,,,,,,,,,,,,,,,,,,,,,,,,"",3,61.678,53.236,11.516,0.462,0,1,35.761,35.761,51.513,35.761,0,93.608,0,"",4835.323,,,0,""
182,,9,1,6,1,0,2,1,0,1,0,255,255,255,97,4851.795,"Yes_Man_",R,33,77,127,-2.05,1.585,0.495,1.756,-1.112,2.382,-36.898,27.09,0,100,0,4,"S>B|S+",127.426,-126.848,15.381,0,0,4,"=","=","=","=","=","=","","","",5,L,"HOGGYS 호기스",175.3,87,0.317,,41,W,Y,1,,,,,,,,,,,,,,,,,,,,,,,,,,,,,0,0,,,,,,,,,,,,,,,4854.385,4,,578,0,,,,,,,,,,,,,,,,,,,0.136,-37.618,-0.12,-16.878,-21.208,-45.522,-0.461,-60.71,18.961,-46.15,11.706,-63.038,40.915,-90.664,0,-109.85,-40.815,-90.564,,,,"",,,,"",,,,"",,,,"",,,,"",,,,"",,,,"",,,,"",,,,,,,,,,,,,,,,,,,,,,,,,,,,,,,,,,,,,,,,,,,,,,,,,,,,,,,,,,"",0,,,,,,,,,,,,,0,"",4855.134,,,0,""
183,,9,1,6,1,1,2,1,0,1,0,255,255,255,98,4875.204,"Yes_Man_",R,32,80,130,-2.572,-0.186,0.427,1.487,-1.431,1.436,-36.898,18.099,0,89,11,4,"",191.504,-56.836,12.071,0,0,4,"=","=","=","=","=","=","","","",5,L,"HOGGYS 호기스",175.3,87,0.317,,41,W,Y,1,,,,,,,,,,,,,,,,,,,,,,,,,,,,,0,0,,,,,,,,,,,,,,,4877.757,4,,578,0,,,,,,,,,,,,,,,,,,,0.189,-37.627,-0.025,-16.794,-20.756,-45.475,-4.562,-66.78,19.337,-46.106,12.391,-62.71,40.915,-90.664,0,-109.85,-40.815,-90.564,,,,"",,,,"",,,,"",,,,"",,,,"",,,,"",,,,"",,,,"",,,,,,,,,,,,,,,,,,,,,,,,,,,,,,,,,,,,,,,,,,,,,,,,,,,,,,,,,,"",2,,,,,,,,,,,,,0,"",4878.468,,,0,""
184,,9,1,6,1,0,0,2,0,1,0,255,255,255,99,4924.141,"Yes_Man_",R,32,76,127,-1.397,0.081,0.525,1.525,-0.971,1.575,-36.898,26.255,0,93,7,2,"",216.856,-86.73,20.12,0,0,5,"=","=","=","=","=","=","","","",4,R,"인생최패망자",190,86,0.35,3,57,W,Y,1,4925.249,255,197,124,123,75,,145,87,-30,49.666,-0.231,1.1,-21.287,1,0,0.295,-55.383,85.013,-386.601,4919.382,-2.323,-23.058,4921.148,2,-19.377,0.134,-41.329,0,0,,,,,,,,,,,,,,,4928.084,5,,147,0,,,,,,,,,,,4927.769,2,,,,,,,0.186,-37.67,0.05,-16.659,-21.642,-46.133,-13.125,-64.938,19.431,-45.734,9.434,-63.028,40.915,-90.664,0,-109.86,-40.815,-90.564,0.051,-37.176,,"うよすま",-0.033,-16.65,,"P0TA0",-21.641,-46.124,120,"Oort__Cloud",-13.076,-64.871,,"Kr_Luna",18.624,-47.399,,"CoalCat",9.455,-62.876,,"AI",40.9,-90.65,,"AI",0,-109.84,,"AI",-40.8,-90.55,,,,,,,,4927.149,-20.191,-42.086,,,,4929.792,19.027,-39.434,,,,,,,,,,,,,,,,,,,4928.409,-16.135,-37.781,,,,,,,,,,,,,,,,,,,"",2,,,,,,,,,,,,,0,"P0TA0",,4929.861,,20,""
185,SIDE,9,1,6,1,0,0,2,0,0,1,255,255,2,,4931.313,,,,,,,,,,,,,,,,,,,,,,,,0,"=","=","=","=","=","=","","","",,,,,,,,,,,,,,,,,,,,,,,,,,,,,,,,,,,,,,,0,0,,,,,,,,,,,,,,,,,,,,,,,,,,,,,,,,,,,,,,,,,,,,,,,,,,,,,,,,,,,,,,,,,,,,,,,,,,,,,,,,,,,,,,,,,,,,,,,,,,,,,,,,,,,,,,,,,,,,,,,,,,,,,,,,,,,,,,,,,,,,,,,,,"",0,,,,,,,,,,,,,0,"",,,,0,""
186,,9,0,6,1,0,0,0,0,0,0,255,255,255,68,4977.271,"encounter v",R,14,58,89,-0.217,-0.396,0.337,2.248,-0.815,2.116,-36.686,50.303,100,0,0,2,"",273.376,368.56,-34.475,0,0,5,"CoalCat","Yes_Man_","Kr_Luna","Oort__Cloud","P0TA0","うよすま","","","",1,R,"うよすま",175.4,84.991,0.5,0,57,W,Y,1,4978.511,122,177,96,108,44,,138,83,-30,54.163,-0.039,0.801,-20.374,1,0,0.432,-374.247,421.17,63.706,4972.632,-1.763,-21.609,,,,,,0,0,,,,,,,,,,,,,,,,,,,,,,,,,,,,,,,,,,,,,,-0.037,-37.386,0.026,-17.414,-16.834,-42.368,-13.904,-62.645,15.813,-46.294,12.769,-62.079,40.988,-90.732,0,-109.92,-40.881,-90.625,0.141,-37.136,,"가앤슬_",-0.021,-17.435,,"Floră",-17,-42.63,,"ddil_ddil69",-14.422,-61.719,,"인생최패망자",13.25,-42.936,,"HOGGYS 호기스",12.749,-62.056,,"AI",40.9,-90.65,,"AI",0,-109.84,,"AI",-40.8,-90.55,,,,,,,,,,,,,,,,,,,,,,,,,,,,,,,,,,,,,,,,,,,,,,,,,,,,,,,,"",3,,,,,,,,,,,,,0,"",,,,0,""
187,,9,0,6,1,0,1,0,0,0,0,255,255,255,69,4995.902,"encounter v",R,10,40,81,-0.422,-1.127,0.262,2.042,-0.19,1.785,-36.686,110.509,85,15,0,1,"",0,400,-11.71,0,0,5,"=","=","=","=","=","=","","","",1,R,"うよすま",175.4,84.991,0.5,,57,W,Y,0,,,,,,,,,,,,,,,,,,,,,,,,,,,,,0,0,,,,,,,,,,,,,,,,,,,,,,,,,,,,,,,,,,,,,,0.034,-37.285,0.003,-17.394,-16.508,-42.183,-14.856,-62.779,16.504,-46.421,12.476,-62.595,40.922,-90.67,0,-109.86,-40.822,-90.57,,,,"",,,,"",,,,"",,,,"",,,,"",,,,"",,,,"",,,,"",,,,,,,,,,,,,,,,,,,,,,,,,,,,,,,,,,,,,,,,,,,,,,,,,,,,,,,,,,"",0,,,,,,,,,,,,,0,"",,,,0,""
188,,9,0,6,1,1,1,0,0,0,0,255,255,255,70,5014.777,"encounter v",R,26,73,125,0.971,-2.099,0.443,1.836,0.252,0.216,-36.686,38.481,28,72,0,2,"",95.138,-200,-5.469,0.201,-20.885,5,"=","=","=","=","=","=","","","",1,R,"うよすま",175.4,84.991,0.5,3,57,W,Y,1,5015.859,221,132,137,83,0,,145,82,-10.77,-3.449,0.194,0.163,-20.908,1,0,0.546,-249.326,483.021,-217.204,5009.882,0.224,-21.404,5012.365,5,5.058,0.055,-57.928,0,0,,5021.488,,,,,,,,,,,,,5021.635,5,,147,16,,,,,,,,,,,,,,,,,,,0.055,-37.38,-0.211,-17.409,-16.621,-42.366,-14.916,-62.875,16.179,-45.884,12.476,-62.573,40.929,-90.677,0,-109.87,-40.83,-90.577,0.247,-37.292,,"가앤슬_",-0.211,-18.021,,"Floră",-16.822,-42.61,85,"ddil_ddil69",-14.902,-62.81,,"인생최패망자",16.176,-45.901,,"HOGGYS 호기스",12.461,-62.545,86,"AI",40.9,-90.65,,"AI",0,-109.84,,"AI",-40.8,-90.55,,5025.194,-0.34,-38.261,,,,5021.021,-17.543,-40.396,,,,,,,5018.27,5.504,-58.802,,,,,,,,,,,,,,,,5024.033,-17.94,-38.814,,,,,,,5019.44,3.675,-57.226,,,,,,,,,,"",2,,,,,,,,,,,,,0,"HOGGYS 호기스",,,,25,""
189,,9,0,6,1,0,0,1,0,0,0,255,255,255,71,5042.836,"encounter v",R,10,41,92,16.098,-1.116,0.359,1.988,6.911,1.736,-36.686,110.088,100,0,0,1,"",29.485,400,-51.781,3.333,-18.339,0,"=","=","=","=","=","=","","","",5,R,"CoalCat",174.7,82.838,0.435,,57,W,Y,0,,,,,,,,,,,,,,,,,,,,,,,,,,,,,0,0,,,,,,,,,,,,,,,,,,,,,,,,,,,,,,,,,,,,,,0.053,-37.171,-0.008,-17.623,-11.399,-38.014,-14.893,-63.511,13.724,-42.899,10.845,-61.467,40.9,-90.65,0,-109.84,-40.8,-90.55,,,,"",,,,"",,,,"",,,,"",,,,"",,,,"",,,,"",,,,"",,,,5051.213,-1.295,-39.224,,,,,,,,,,,,,,,,,,,,,,,,,,,,,,,,,,,,,,,,,,,,,,,,,,,,"",0,,,,,,,,,,,,,0,"",,,,0,""
190,,9,0,6,1,1,0,1,0,0,0,255,255,255,72,5063.737,"encounter v",R,10,71,113,-0.407,0.207,0.559,2.215,-0.192,2.233,-36.686,59.433,100,0,0,2,"",0,400,-53.1,0,0,0,"=","=","=","=","=","=","","","",5,R,"CoalCat",174.7,82.838,0.435,0,57,W,Y,1,5064.947,255,92,73,105,44,,145,89,40.555,-20.167,-0.058,1.081,-20.867,-0.85,0,0.447,138.486,-100.982,-33.449,5063.998,25.284,-84.375,5064.182,6,24.574,2.124,-82.674,0,0,,5070.333,,,,,,,,,,,,,5070.195,0,,456,0,,,,,,,,,,,,,,,,,,,0.077,-37.305,0.005,-17.401,-12.308,-38.795,-14.976,-63.281,13.851,-43.043,10.795,-61.356,40.922,-90.671,0,-109.86,-40.822,-90.57,0.355,-37.29,,"가앤슬_",0.007,-17.911,,"Floră",-12.338,-38.831,,"ddil_ddil69",-14.813,-63.179,,"인생최패망자",13.849,-43.038,,"HOGGYS 호기스",10.77,-61.283,,"AI",40.9,-90.65,,"AI",0,-109.84,,"AI",-40.8,-90.55,,,,,,,,,,,,,,,,,,,,,,,,,,,,,,,,,,,,,,,,,,,,,,,,,,,,,,,,"",1,,,,,,,,,,,,,0,"AI",,,,0,""
191,,9,0,6,1,0,0,2,0,0,0,255,255,255,73,5091.92,"encounter v",R,10,66,97,-2.005,-0.861,0.311,2.303,-0.895,1.778,-36.686,58.132,100,0,0,2,"",7.46,400,-54.055,0,0,1,"=","=","=","=","=","=","","","",0,R,"Yes_Man_",174.8,84.826,0.502,3,57,W,Y,1,5093.232,232,147,135,124,97,,145,98,-15.307,4.344,-0.347,0.795,-21.022,0.95,0,0.467,-368.32,327.756,-282.729,5087.315,-0.551,-23.606,5091.448,7,-4.349,0.059,-91.975,1,0,,5098.75,,,,,,,,,,,,,,,,,,,,,,,,,,,,5102.224,2,,,,,,,-0.07,-37.412,-0.016,-17.301,-16.351,-41.956,-15.278,-63.346,14.921,-45.463,12.222,-63.611,40.93,-90.677,0,-109.88,-40.837,-90.584,0.325,-37.23,,"가앤슬_",-0.038,-17.942,,"Floră",-16.436,-42.015,85,"ddil_ddil69",-15.265,-63.242,,"인생최패망자",14.848,-45.449,,"HOGGYS 호기스",12.189,-63.56,,"AI",40.9,-90.65,,"AI",0,-109.84,,"AI",-40.8,-90.55,,5104.865,1.039,-42.695,,,,5101.482,-19.291,-38.69,,,,,,,,,,,,,,,,,,,,,,,,,5103.761,-17.662,-38.965,,,,,,,,,,,,,,,,,,,"",2,,,,,,,,,,,,,0,"AI",,,,9,""
192,,9,0,6,1,0,0,2,1,0,0,10,255,255,74,5118.153,"encounter v",R,32,78,128,5.415,2.63,0.642,2.319,1.96,3.054,-36.686,70.071,64,36,0,1,"",246.5,-200,-15.168,2.42,-6.71,2,"=","=","=","=","=","=","","","",4,L,"Kr_Luna",190,95.218,0.504,,57,W,Y,0,,,,,,,,,,,,,,,,,,,,,,,,,,,,,0,0,,,,,,,,,,,,,,,,,,,,,,,,,,,,,,,,,,,,,,0.029,-37.375,-0.008,-17.345,-19.46,-40.136,-11.164,-59.328,18.47,-44.455,12.732,-62.326,40.917,-90.666,0,-109.86,-40.817,-90.565,,,,"",,,,"",,,,"",,,,"",,,,"",,,,"",,,,"",,,,"",,,,5127.535,0.543,-38.648,,,,,,,,,,,,,,,,,,,,,,,,,,,,,,,,,,,,,,,,,,,,,,,,,,,,"",0,,,,,,,,,,,,,0,"",,,,0,""
193,,9,0,6,1,1,0,2,1,0,0,10,255,255,75,5138.694,"encounter v",R,32,83,135,0.277,0.629,0.552,2.294,-0.225,1.797,-36.686,57.384,79,21,0,2,"",227.371,-200,-14.204,0,0,2,"=","=","=","=","=","=","","","",4,L,"Kr_Luna",190,95.218,0.504,3,73,W,Y,1,5139.609,120,127,126,49,18,,138,109,100.89,71.694,0.039,1.188,-19.579,0.89,0,0.078,367.916,-183.113,369.52,,,,,,,,,0,0,,,,,,,,,,,,5140.577,,,,,,,,,,,,,,,,,,,,,,,,,,-0.013,-37.324,0.029,-17.46,-19.415,-40.382,-10.134,-58.665,17.602,-44.15,13.572,-62.424,40.915,-90.664,0,-109.85,-40.815,-90.564,0.149,-37.142,,"가앤슬_",0.04,-17.962,,"Floră",-15.769,-42.851,,"ddil_ddil69",-10.191,-58.541,,"인생최패망자",18.084,-45.259,,"HOGGYS 호기스",13.535,-62.384,,"AI",40.9,-90.65,,"AI",0,-109.84,,"AI",-40.8,-90.55,,,,,,,,,,,,,,,,,,,,,,,,,,,,,,,,,,,,,,,,,,,,,,,,,,,,,,,,"",3,,,,,,,,,,,,,0,"",,,,0,""
194,,9,0,6,1,1,1,2,1,0,0,10,255,255,76,5156.749,"encounter v",R,14,58,90,1.468,-1.785,0.455,1.962,-0.139,1.031,-36.686,51.256,100,0,0,2,"",319.446,312.348,-52.362,0,0,2,"","=","=","=","=","=","","","",4,L,"Kr_Luna",190,95.218,0.504,3,73,W,Y,1,5157.871,130,120,108,101,58,,140,84,-30,-61.985,0.258,0.399,-20.692,1,0,0.184,-194.656,-215.407,23.41,5151.365,1.347,-21.27,,,,,,0,0,,,,,,,,,,,,,,,,,,,,,,,,,,,,,,,,,,,,,,-0.071,-37.298,0.017,-17.558,-19.08,-40.167,-9.864,-58.446,18.637,-44.965,14.302,-61.812,40.915,-90.664,0,-109.85,-40.815,-90.564,0.164,-37.079,,"가앤슬_",0.038,-18.353,,"Floră",-17.223,-41.742,,"ddil_ddil69",-9.83,-58.3,,"인생최패망자",18.533,-44.923,,"HOGGYS 호기스",14.291,-61.791,,"AI",40.9,-90.65,,"AI",0,-109.84,,"AI",-40.8,-90.55,,,,,,,,,,,,,,,,,,,,,,,,,,,,,,,,,,,,,,,,,,,,,,,,,,,,,,,,"",3,,,,,,,,,,,,,0,"",,,,0,""
195,,9,0,6,1,1,2,2,1,0,0,10,255,255,77,5174.574,"encounter v",R,32,89,140,-0.868,-0.356,0.446,2.106,-0.716,1.188,-36.686,40.52,69,31,0,0,"",234.533,-200,-6.795,0,0,2,"","=","=","=","=","=","","","",4,L,"Kr_Luna",190,95.218,0.504,,73,W,Y,0,,,,,,,,,,,,,,,,,,,,,,,,,,,,,0,0,,,,,,,,,,,,5175.154,,,5177.096,2,,578,0,,,,,,,,,,,,,,,,,,,0.004,-37.382,0.005,-17.907,-19.261,-40.078,-9.247,-57.698,18.536,-45.759,13.778,-61.417,40.907,-90.657,0,-109.85,-40.807,-90.557,,,,"",,,,"",,,,"",,,,"",,,,"",,,,"",,,,"",,,,"",,,,,,,,,,,,,,,,,,,,,,,,,,,,,,,,,,,,,,,,,,,,,,,,,,,,,,,,,,"",0,,,,,,,,,,,,,0,"",,,,0,""
196,SIDE,9,0,6,1,0,0,2,1,0,0,10,255,255,,5183.721,,,,,,,,,,,,,,,,,,,,,,,,4,"","=","=","","=","=","","","",,,,,,,,,,,,,,,,,,,,,,,,,,,,,,,,,,,,,,,0,0,,,,,,,,,,,,,,,,,,,,,,,,,,,,,,,,,,,,,,,,,,,,,,,,,,,,,,,,,,,,,,,,,,,,,,,,,,,,,,,,,,,,,,,,,,,,,,,,,,,,,,,,,,,,,,,,,,,,,,,,,,,,,,,,,,,,,,,,,,,,,,,,,"",0,,,,,,,,,,,,,0,"",,,,0,""
197,END,10,1,6,1,0,0,0,0,0,0,255,255,255,,5196.889,,,,,,,,,,,,,,,,,,,,,,,,,,,,,,,,,,,,,,,,,,,,,,,,,,,,,,,,,,,,,,,,,,,,,,,,,,,,,,,,,,,,,,,,,,,,,,,,,,,,,,,,,,,,,,,,,,,,,,,,,,,,,,,,,,,,,,,,,,,,,,,,,,,,,,,,,,,,,,,,,,,,,,,,,,,,,,,,,,,,,,,,,,,,,,,,,,,,,,,,,,,,,,,,,,,,,,,,,,,,,,,,,,,,,,,,,,,,,,,"{""schemaVersion"":16,""gameTimeZeroUtc"":""2026-08-15T08:35:26.044Z"",""exportedAtUtc"":""2026-08-15T10:02:02.933Z"",""teamNameA"":""Red"",""teamNameB"":""Blue""}"
