id,type,inn,half,scoreA,scoreB,ball,strk,out,b1,b2,b3,b1Idx,b2Idx,b3Idx,pCnt,pSec,pName,pHand,pType,pPow,spdK,zoneX,zoneY,startX,startY,targetX,targetY,zDist,pitchAngle,pOver,pSide,pUnder,call,manual,sH,sV,gyro,plx,plz,bIdx,order1Name,order2Name,order3Name,order4Name,order5Name,order6Name,order7Name,order8Name,order9Name,bPos,bZone,bName,bHCm,batLen,batCen,batType,bFps,bOS,bVR,bSwing,hSec,rotS,rotL,shS,lgS,prepS,gripPen,batSpd,ev,ldeg,sdeg,launchPosX,launchPosY,launchPosZ,hPos,buntGrip,handDist,angVeloX,angVeloY,angVeloZ,ltSec,lx,lz,cSec,cPos,cx,cy,cz,1BSafe,tag,cpSec,bTo1Sec,bTo2Sec,bTo3Sec,bToHSec,r1To2Sec,r1To3Sec,r1ToHSec,r2To3Sec,r2ToHSec,r3ToHSec,r1LeaveSec,r2LeaveSec,r3LeaveSec,out1Sec,out1BatterIndex,out1PrevBase,out1Code,out1Ass,out2Sec,out2BatterIndex,out2PrevBase,out2Code,out2Ass,out3Sec,out3BatterIndex,out3PrevBase,out3Code,out3Ass,ball1Sec,ball1Pos,ball2Sec,ball2Pos,ball3Sec,ball3Pos,ballHSec,ballHPos,PitchPPosX,PitchPPosZ,PitchCPosX,PitchCPosZ,Pitch1BPosX,Pitch1BPosZ,Pitch2BPosX,Pitch2BPosZ,Pitch3BPosX,Pitch3BPosZ,PitchSSPosX,PitchSSPosZ,PitchLFPosX,PitchLFPosZ,PitchCFPosX,PitchCFPosZ,PitchRFPosX,PitchRFPosZ,PPosX,PPosY,PThrSpd,CName,CPosX,CPosY,CThrSpd,1BName,1BPosX,1BPosY,1BThrSpd,2BName,2BPosX,2BPosY,2BThrSpd,3BName,3BPosX,3BPosY,3BThrSpd,SSName,SSPosX,SSPosY,SSThrSpd,LFName,LFPosX,LFPosY,LFThrSpd,CFName,CFPosX,CFPosY,CFThrSpd,RFName,RFPosX,RFPosY,RFThrSpd,PGetSec,PGetX,PGetZ,CGetSec,CGetX,CGetZ,1BGetSec,1BGetX,1BGetZ,2BGetSec,2BGetX,2BGetZ,3BGetSec,3BGetX,3BGetZ,SSGetSec,SSGetX,SSGetZ,LFGetSec,LFGetX,LFGetZ,CFGetSec,CFGetX,CFGetZ,RFGetSec,RFGetX,RFGetZ,PThrSec,PThrX,PThrZ,CThrSec,CThrX,CThrZ,1BThrSec,1BThrX,1BThrZ,2BThrSec,2BThrX,2BThrZ,3BThrSec,3BThrX,3BThrZ,SSThrSec,SSThrX,SSThrZ,LFThrSec,LFThrX,LFThrZ,CFThrSec,CFThrX,CFThrZ,RFThrSec,RFThrX,RFThrZ,errPosDelta,result,swPreDeg,swTargetDeg,swApproachDeg,swCorr,swSource,swProximity,swVRawDeg,swVAdjustedDeg,swVMotionDeg,swVClosestDeg,swVYShrink,swGeometryDeg,balk,cPlr,sb2Sec,sb3Sec,sbhSec,ass,remarks
1,,1,1,0,0,0,0,0,0,0,0,255,255,255,0,317.079,"Penguin_iDOL",R,14,85,109,-1.171,-0.863,-0.169,1.637,-1.054,1.388,-36.493,12.858,65,35,0,0,"",386.885,312.348,27.741,-0.014,-16.427,0,"aura_5599","Pring__","MODECO","소솨소솨","Pugeuk","ke ro","","","",4,R,"aura_5599",190,94.687,0.448,,41,W,Y,0,,,,,,,,,,,,,,,,,,,,,,,,,,,,,0,0,,,,,,,,,,,,,,,,,,,,,,,,,,,,,,,,,,,,,,-0.314,-37.501,0.005,-17.227,-19.774,-45.601,-16.598,-62.791,19.145,-48.289,12.521,-65.297,41.04,-90.78,0,-109.99,-40.94,-90.679,,,,"",,,,"",,,,"",,,,"",,,,"",,,,"",,,,"",,,,"",,,,,,,,,,,,,,,,,,,,,,,,,,,,,,,,,,,,,,,,,,,,,,,,,,,,,,,,,,"",0,,,,,,,,,,,,,0,"",,,,0,""
2,,1,1,0,0,0,1,0,0,0,0,255,255,255,1,337.959,"Penguin_iDOL",R,13,74,101,-1.978,-1.214,0.225,1.791,-0.134,1.31,-36.493,30.849,100,0,0,4,"",-358.3,312.606,4.142,-0.608,-17.504,0,"=","=","=","=","=","=","","","",4,R,"aura_5599",190,94.687,0.448,,41,W,Y,1,,,,,,,,,,,,,,,,,,,,,,,,,,,,,0,0,,,,,,,,,,,,,,,,,,,,,,,,,,,,,,,,,,,,,,-0.1,-37.553,0,-17.512,-19.398,-46.227,-16.567,-62.843,18.973,-49.266,12.09,-65.453,40.93,-90.677,0,-109.87,-40.83,-90.577,,,,"",,,,"",,,,"",,,,"",,,,"",,,,"",,,,"",,,,"",,,,,,,,,,,,,,,,,,,,,,,,,,,,,,,,,,,,,,,,,,,,,,,,,,,,,,,,,,"",0,,,,,,,,,,,,,0,"",,,,0,""
3,,1,1,0,0,0,2,0,0,0,0,255,255,255,2,355.731,"Penguin_iDOL",R,10,92,116,0.816,-1.58,0.312,1.708,0.346,1.084,-36.493,21.478,76,24,0,2,"",0,400,44.06,0,0,0,"=","=","=","=","=","=","","","",4,R,"aura_5599",190,94.687,0.448,3,41,W,Y,1,356.851,243,110,110,114,78,,145,87,-30,-50.518,0.299,0.465,-21.62,1,0,0.293,-405.505,127.386,-97.127,356.356,1.141,-22.314,,,,,,0,0,,,,,,,,,,,,,,,,,,,,,,,,,,,,,,,,,,,,,,0.098,-37.627,0.005,-17.219,-19.543,-46.033,-16.553,-62.844,19.078,-49.377,12.221,-65.408,40.922,-90.67,0,-109.86,-40.822,-90.57,0.326,-36.952,,"AI",0,-17.512,,"SUGUN",-19.39,-46.066,,"k@ster",-16.456,-62.658,,"si_ho",18.969,-49.406,,"ByeolBam",12.22,-65.398,,"AI",40.9,-90.65,,"AI",0,-109.84,,"AI",-40.8,-90.55,,,,,,,,,,,,,,,,,,,,,,,,,,,,,,,,,,,,,,,,,,,,,,,,,,,,,,,,"",3,,,,,,,,,,,,,0,"",,,,0,""
4,,1,1,0,0,0,2,0,0,0,0,255,255,255,3,374.48,"Penguin_iDOL",R,26,89,140,1.56,0.411,0.301,1.837,0.612,1.728,-36.493,35.799,85,15,0,4,"BO+",43.328,-156.727,14.789,0.369,-6.617,0,"=","=","=","=","=","=","","","",4,R,"aura_5599",190,94.687,0.448,,41,W,Y,1,,,,,,,,,,,,,,,,,,,,,,,,,,,,,0,0,,,,,,,,,,,,,,,,,,,,,,,,,,,,,,,,,,,,,,0.073,-37.684,0,-17.512,-19.329,-45.775,-16.722,-62.865,19.37,-49.072,13.427,-64.953,40.922,-90.671,0,-109.86,-40.815,-90.564,,,,"",,,,"",,,,"",,,,"",,,,"",,,,"",,,,"",,,,"",,,,,,,,,,,,,,,,,,,,,,,,,,,,,,,,,,,,,,,,,,,,,,,,,,,,,,,,,,"",0,,,,,,,,,,,,,0,"",,,,0,""
5,,1,1,0,0,0,0,1,0,0,0,255,255,255,4,400.305,"Penguin_iDOL",R,29,89,140,-0.94,0.035,0.164,1.712,-0.166,1.458,-36.493,29.536,89,11,0,2,"",-214.55,-200,9.933,0,0,1,"=","=","=","=","=","=","","","",2,L,"Pring__",190,93.089,0.478,5,41,W,Y,1,401.178,197,121,131,90,53,,145,100,51.975,26.709,-0.162,1.058,-20.819,-0.46,0,0.477,503.361,-203.868,248.585,406.996,-31.047,-80.843,407.076,8,-30.423,3.146,-79.231,0,0,,407.033,,,,,,,,,,,,,407.633,1,,456,0,,,,,,,,,,,,,,,,,,,-0.098,-37.552,0,-17.512,-19.606,-45.691,-10.04,-65.225,21.211,-48.379,13.132,-65.177,40.929,-90.677,0,-109.87,-40.83,-90.577,0.018,-36.887,,"AI",0,-17.512,,"SUGUN",-19.476,-45.57,,"k@ster",-10.222,-66.064,,"si_ho",21.081,-48.438,,"ByeolBam",13.153,-65.178,,"AI",40.9,-90.65,,"AI",0,-109.84,,"AI",-40.8,-90.55,,412.068,0.363,-38.634,,,,,,,,,,,,,,,,,,,,,,,,,,,,,,,,,,,,,,,,,,,,,,,,,,,,"",1,28.377,28.377,16.515,0,2,0.107,62.978,51.975,29.611,62.483,0.058,-49.147,0,"AI",,,,1,""
6,,1,1,0,0,0,0,2,0,0,0,255,255,255,5,427.34,"Penguin_iDOL",R,14,88,126,-0.267,-0.731,0.066,1.898,-0.622,1.415,-36.493,31.409,86,14,0,0,"",390.434,312.348,20.878,0.093,-15.678,2,"=","=","=","=","=","=","","","",1,R,"MODECO",190,85,0.447,,41,W,Y,0,,,,,,,,,,,,,,,,,,,,,,,,,,,,,0,0,,,,,,,,,,,,,,,,,,,,,,,,,,,,,,,,,,,,,,-0.051,-37.729,0,-17.512,-19.65,-44.994,-16.523,-62.87,18.792,-48.245,13.116,-64.997,40.93,-90.677,0,-109.87,-40.83,-90.577,,,,"",,,,"",,,,"",,,,"",,,,"",,,,"",,,,"",,,,"",,,,432.894,0.005,-37.124,,,,,,,,,,,,,,,,,,,,,,,,,,,,,,,,,,,,,,,,,,,,,,,,,,,,"",0,,,,,,,,,,,,,0,"",,,,0,""
7,,1,1,0,0,0,1,2,0,0,0,255,255,255,6,442.705,"Penguin_iDOL",R,13,72,100,-2.094,-1.394,0.194,1.76,-0.226,1.243,-36.493,31.25,100,0,0,4,"",-333.602,339.616,7.051,-0.573,-18.048,2,"=","=","=","=","=","=","","","",1,R,"MODECO",190,85,0.447,,41,W,Y,1,,,,,,,,,,,,,,,,,,,,,,,,,,,,,0,0,,,,,,,,,,,,,,,,,,,,,,,,,,,,,,,,,,,,,,-0.154,-37.527,0.005,-17.219,-19.512,-46.056,-16.538,-62.837,18.787,-48.298,13.115,-65.009,40.915,-90.664,0,-109.86,-40.815,-90.564,,,,"",,,,"",,,,"",,,,"",,,,"",,,,"",,,,"",,,,"",,,,448.448,0.117,-37.207,,,,,,,,,,,,,,,,,,,,,,,,,,,,,,,,,,,,,,,,,,,,,,,,,,,,"",0,,,,,,,,,,,,,0,"",,,,0,""
8,,1,1,0,0,0,2,2,0,0,0,255,255,255,7,459.078,"Penguin_iDOL",R,26,79,129,1.311,1.925,0.341,2.053,0.519,2.63,-36.493,53.869,70,30,0,2,"",28.296,-191.951,13.787,0,0,2,"=","=","=","=","=","=","","","",1,R,"MODECO",190,85,0.447,3,41,W,Y,1,460.254,179,81,60,39,15,,136,118,-30,43.935,0.229,1.685,-18.94,0.8,0,0.156,-91.202,-28.609,526.657,459.756,-2.361,-21.637,,,,,,0,0,,,,,,,,,,,,,,,,,,,,,,,,,,,,,,,,,,,,,,-0.166,-37.299,0.004,-17.216,-19.539,-45.835,-16.504,-62.842,19.382,-48.791,13.118,-65.006,40.922,-90.67,0,-109.86,-40.822,-90.57,0.116,-36.94,,"AI",0,-17.512,,"SUGUN",-19.513,-45.647,,"k@ster",-16.454,-62.641,,"si_ho",19.353,-48.854,,"ByeolBam",13.116,-65.001,,"AI",40.9,-90.65,,"AI",0,-109.84,,"AI",-40.8,-90.55,,,,,,,,,,,,,,,,,,,,,,,,,,,,,,,,,,,,,,,,,,,,,,,,,,,,,,,,"",3,,,,,,,,,,,,,0,"",,,,0,""
9,,1,1,0,0,0,2,2,0,0,0,255,255,255,8,479.319,"Penguin_iDOL",R,13,71,99,-3.257,-0.848,-0.031,1.742,-0.716,1.59,-36.493,18.999,100,0,0,1,"",-333.958,335.129,6.571,-0.898,-16.804,2,"=","=","=","=","=","=","","","",1,R,"MODECO",190,85,0.447,,75,W,Y,0,,,,,,,,,,,,,,,,,,,,,,,,,,,,,0,0,,,,,,,,,,,,,,,,,,,,,,,,,,,,,,,,,,,,,,-0.147,-37.633,0,-17.512,-20.008,-45.913,-16.507,-62.792,19.455,-48.792,12.456,-64.951,40.929,-90.677,0,-109.87,-40.822,-90.571,,,,"",,,,"",,,,"",,,,"",,,,"",,,,"",,,,"",,,,"",,,,,,,,,,,,,,,,,,,,,,,,,,,,,,,,,,,,,,,,,,,,,,,,,,,,,,,,,,"",0,,,,,,,,,,,,,0,"",,,,0,""
10,,1,1,0,0,1,2,2,0,0,0,255,255,255,9,499.386,"Penguin_iDOL",R,14,80,105,-1.268,-0.98,-0.252,1.873,-1.273,1.427,-36.493,24.252,90,10,0,1,"",372.687,312.348,23.74,-0.049,-17.14,2,"=","=","=","=","=","=","","","",1,R,"MODECO",190,85,0.447,,75,W,Y,0,,,,,,,,,,,,,,,,,,,,,,,,,,,,,0,0,,,,,,,,,,,,,,,,,,,,,,,,,,,,,,,,,,,,,,-0.282,-37.57,0.004,-17.216,-19.588,-45.876,-16.504,-62.791,19.284,-48.833,12.389,-65.206,40.93,-90.677,0,-109.87,-40.83,-90.577,,,,"",,,,"",,,,"",,,,"",,,,"",,,,"",,,,"",,,,"",,,,,,,,,,,,,,,,,,,,,,,,,,,,,,,,,,,,,,,,,,,,,,,,,,,,,,,,,,"",0,,,,,,,,,,,,,0,"",,,,0,""
11,,1,1,0,0,2,2,2,0,0,0,255,255,255,10,520.051,"Penguin_iDOL",R,10,84,111,0.868,-1.525,0.337,1.791,0.368,1.158,-36.493,39.643,75,25,0,2,"",0,400,19.764,0,0,2,"=","=","=","=","=","=","","","",1,R,"MODECO",190,85,0.447,3,75,W,Y,1,521.214,102,159,97,113,82,,136,81,-30,50.837,0.161,0.451,-20.499,1,0,0.768,-93.087,55.73,-38.855,520.676,-0.661,-21.168,,,,,,0,0,,,,,,,,,,,,,,,,,,,,,,,,,,,,,,,,,,,,,,-0.037,-37.559,0.004,-17.217,-19.872,-45.704,-16.436,-62.761,19.465,-48.921,12.367,-65.219,40.929,-90.677,0,-109.87,-40.83,-90.577,-0.274,-36.879,,"AI",0,-17.512,,"SUGUN",-19.57,-45.629,,"k@ster",-16.398,-62.674,,"si_ho",19.416,-48.823,,"ByeolBam",12.924,-65.073,,"AI",40.9,-90.65,,"AI",0,-109.84,,"AI",-40.8,-90.55,,,,,,,,,,,,,,,,,,,,,,,,,,,,,,,,,,,,,,,,,,,,,,,,,,,,,,,,"",3,,,,,,,,,,,,,0,"",,,,0,""
12,,1,1,0,0,2,2,2,0,0,0,255,255,255,11,542.47,"Penguin_iDOL",R,26,84,137,1.846,-0.174,0.379,1.894,0.807,1.311,-36.493,39.66,73,27,0,2,"",-10.895,-200,20.918,0,0,2,"=","=","=","=","=","=","","","",1,R,"MODECO",190,85,0.447,3,75,W,Y,1,543.562,156,91,74,57,27,,139,95,-87.713,84.33,0.328,0.844,-19.312,-0.42,0,0.339,-287.139,-8.823,385.696,542.969,0.014,-19.343,,,,,,0,0,,,,,,,,,,,,,,,,,,,,,,,,,,,,,,,,,,,,,,0.067,-37.683,0,-17.512,-19.562,-45.821,-16.736,-62.843,20.43,-49.102,12.804,-64.855,40.922,-90.671,0,-109.87,-40.83,-90.577,0.038,-36.95,,"AI",0,-17.512,,"SUGUN",-19.526,-45.665,,"k@ster",-16.668,-62.725,,"si_ho",20.347,-49.018,,"ByeolBam",12.802,-64.859,,"AI",40.9,-90.65,,"AI",0,-109.84,,"AI",-40.8,-90.55,,,,,,,,,,,,,,,,,,,,,,,,,,,,,,,,,,,,,,,,,,,,,,,,,,,,,,,,"",3,,,,,,,,,,,,,0,"",,,,0,""
13,,1,1,0,0,2,2,2,0,0,0,255,255,255,12,560.985,"Penguin_iDOL",R,14,80,105,-1.287,0.11,-0.222,1.981,-1.275,2.108,-36.493,34.505,89,11,0,0,"",372.687,312.348,11.114,0.085,-14.453,2,"=","=","=","=","=","=","","","",1,R,"MODECO",190,85,0.447,,75,W,Y,0,,,,,,,,,,,,,,,,,,,,,,,,,,,,,0,0,,,,,,,,,,,,,,,567.08,2,,147,0,,,,,,,,,,,,,,,,,,,-0.174,-37.652,0,-17.512,-19.946,-45.687,-16.714,-62.945,19.79,-49.533,12.371,-65.081,40.922,-90.67,0,-109.86,-40.822,-90.571,,,,"",,,,"",,,,"",,,,"",,,,"",,,,"",,,,"",,,,"",,,,,,,,,,,,,,,,,,,,,,,,,,,,,,,,,,,,,,,,,,,,,,,,,,,,,,,,,,"",0,,,,,,,,,,,,,0,"",,,,0,""
14,SIDE,1,1,0,0,0,0,2,0,0,0,255,255,255,,568.664,,,,,,,,,,,,,,,,,,,,,,,,3,"=","=","=","=","=","=","","","",,,,,,,,,,,,,,,,,,,,,,,,,,,,,,,,,,,,,,,0,0,,,,,,,,,,,,,,,,,,,,,,,,,,,,,,,,,,,,,,,,,,,,,,,,,,,,,,,,,,,,,,,,,,,,,,,,,,,,,,,,,,,,,,,,,,,,,,,,,,,,,,,,,,,,,,,,,,,,,,,,,,,,,,,,,,,,,,,,,,,,,,,,,"",0,,,,,,,,,,,,,0,"",,,,0,""
15,,1,0,0,0,0,0,0,0,0,0,255,255,255,0,675.375,"ke ro",R,27,82,133,0.255,0.19,0.218,1.53,0.082,1.586,-36.623,12.352,56,44,0,2,"BA+",15.646,-132.077,10.503,0,0,0,"si_ho","ByeolBam","k@ster","SUGUN","하루（Haru）","Penguin_iDOL","","","",4,R,"si_ho",176.1,87.779,0.355,3,37,W,Y,1,676.488,234,100,37,0,0,,57,57,41.946,43.02,-0.12,1.088,-19.988,-0.78,0,0.613,395.38,315.84,-123.121,,,,679.902,2,-27.809,2.683,-46,0,0,,,,,682.281,,,,,,,,,,680.634,0,,451,0,,,,,,,,,,,,,,,,,,,-0.07,-37.497,-0.024,-17.913,-21.084,-46.995,-15.532,-60.767,18.588,-49.127,13.48,-64.203,40.922,-90.67,0,-109.86,-40.822,-90.57,0.312,-38.025,,"MODECO",-0.061,-17.956,,"Pring__",-20.963,-46.835,86,"Pugeuk",-15.779,-60.778,,"aura_5599",18.561,-49.033,,"소솨소솨",12.976,-63.816,,"AI",40.9,-90.65,,"AI",0,-109.84,,"AI",-40.8,-90.55,,685.152,-0.532,-38.509,,,,680.638,-28.148,-46.244,,,,,,,,,,,,,,,,,,,,,,,,,683.605,-26.41,-45.931,,,,,,,,,,,,,,,,,,,"",1,,,,,,,,,,,,,0,"Pring__",,,,34,""
16,,1,0,0,0,0,0,1,0,0,0,255,255,255,1,700.874,"ke ro",R,26,84,136,1.241,1.285,0.313,1.699,0.524,2.178,-36.623,20.27,100,0,0,2,"",5.717,-178.026,16.39,0,0,1,"=","=","=","=","=","=","","","",5,R,"ByeolBam",175.3,88,0.5,5,40,W,Y,0,701.758,119,212,156,82,45,,138,89,35.673,-14.548,0.23,1.361,-20.458,-0.54,0,0.384,424.479,412.492,-75.719,706.169,12.564,-89.89,707.009,7,12.886,0.958,-94.086,1,0,,707.669,,,,,,,,,,,,,,,,,,,,,,,,,,,,,,,,,,,,0.01,-37.523,-0.072,-17.716,-22.194,-47.748,-14.965,-60.316,18.994,-48.702,13.208,-66.411,40.916,-90.664,0,-109.86,-40.815,-90.564,0.328,-37.85,,"MODECO",-0.025,-17.727,,"Pring__",-22.029,-47.548,,"Pugeuk",-14.91,-60.204,81,"aura_5599",19.112,-48.743,,"소솨소솨",12.668,-64.844,,"AI",40.9,-90.65,,"AI",0,-109.84,,"AI",-40.8,-90.55,,715.43,0.17,-38.75,,,,,,,710.984,0.352,-59.854,,,,,,,,,,,,,,,,,,,,,,,,,714.509,-6.302,-51.801,,,,,,,,,,,,,,,,"",2,-14.269,-14.269,-8.739,0,2,0.148,83.675,35.673,-2.327,87.531,0.054,25.139,0,"AI",,,,48,""
17,,1,0,0,0,0,0,1,1,0,0,15,255,255,2,729.849,"ke ro",R,26,79,129,-0.92,0.281,0.113,1.521,-0.403,1.546,-36.623,13.711,70,30,0,2,"",-1.269,-200,27.534,0,0,2,"=","=","=","=","=","=","","","",3,R,"k@ster",168.4,80,0.2,0,89,W,Y,1,730.797,198,152,61,44,15,,137,116,-30,22.514,-0.186,0.939,-19.546,0.84,0,0.202,-346.045,-61.146,230.182,729.983,-0.906,-21.286,731.662,3,-11.233,1.918,-49.297,0,2,,736.294,,,,,,,,,,,,,732.994,1,1,276,0,734.902,2,,147,16,,,,,,,,,,,,,,-0.14,-37.549,-0.036,-18.017,-19.531,-39.878,-14.314,-55.256,20.173,-50.2,7.583,-66.036,40.915,-90.664,0,-109.86,-40.815,-90.564,0.47,-37.802,,"MODECO",-0.102,-18.018,,"Pring__",-17.861,-42.544,80,"Pugeuk",-13.812,-55.444,72,"aura_5599",20.06,-49.891,,"소솨소솨",7.748,-63.28,,"AI",40.9,-90.65,,"AI",0,-109.84,,"AI",-40.8,-90.55,,,,,,,,734.223,-18.71,-40.266,732.598,-11.657,-49.786,,,,,,,,,,,,,,,,,,,,,,736.729,-17.844,-39.605,733.778,-14.823,-43.492,,,,,,,,,,,,,,,,"",2,,,,,,,,,,,,,0,"Pugeuk",,,,18,""
18,SIDE,1,0,0,0,0,0,2,0,0,0,255,255,255,,737.04,,,,,,,,,,,,,,,,,,,,,,,,3,"=","=","=","=","=","=","","","",,,,,,,,,,,,,,,,,,,,,,,,,,,,,,,,,,,,,,,0,0,,,,,,,,,,,,,,,,,,,,,,,,,,,,,,,,,,,,,,,,,,,,,,,,,,,,,,,,,,,,,,,,,,,,,,,,,,,,,,,,,,,,,,,,,,,,,,,,,,,,,,,,,,,,,,,,,,,,,,,,,,,,,,,,,,,,,,,,,,,,,,,,,"",0,,,,,,,,,,,,,0,"",,,,0,""
19,,2,1,0,0,0,0,0,0,0,0,255,255,255,13,772.833,"Penguin_iDOL",R,14,83,108,-0.987,-0.963,-0.151,1.638,-1.003,1.381,-36.493,13.594,64,36,0,0,"",383.336,312.348,23.837,-0.013,-16.657,3,"aura_5599","Pring__","MODECO","소솨소솨","Pugeuk","ke ro","","","",5,R,"소솨소솨",182,80,0.503,,40,W,Y,0,,,,,,,,,,,,,,,,,,,,,,,,,,,,,0,0,,,,,,,,,,,,,,,,,,,,,,,,,,,,,,,,,,,,,,-0.262,-37.558,0.084,-17.837,-19.477,-45.614,-16.649,-62.943,19.809,-48.829,14.408,-64.38,40.937,-90.684,0,-109.88,-40.837,-90.584,,,,"",,,,"",,,,"",,,,"",,,,"",,,,"",,,,"",,,,"",,,,,,,,,,,,,,,,,,,,,,,,,,,,,,,,,,,,,,,,,,,,,,,,,,,,,,,,,,"",0,,,,,,,,,,,,,0,"",,,,0,""
20,,2,1,0,0,0,1,0,0,0,0,255,255,255,14,791.253,"Penguin_iDOL",R,10,86,128,0.694,-0.74,0.237,1.744,0.174,1.581,-36.493,24.791,84,16,0,0,"",82.388,400,29.502,-0.096,-18.206,3,"=","=","=","=","=","=","","","",5,R,"소솨소솨",182,80,0.503,,40,W,Y,0,,,,,,,,,,,,,,,,,,,,,,,,,,,,,0,0,,,,,,,,,,,,,,,,,,,,,,,,,,,,,,,,,,,,,,-0.045,-37.544,0.114,-17.932,-19.439,-45.476,-16.672,-62.989,19.837,-48.74,13.119,-64.637,40.915,-90.664,0,-109.86,-40.815,-90.564,,,,"",,,,"",,,,"",,,,"",,,,"",,,,"",,,,"",,,,"",,,,,,,,,,,,,,,,,,,,,,,,,,,,,,,,,,,,,,,,,,,,,,,,,,,,,,,,,,"",0,,,,,,,,,,,,,0,"",,,,0,""
21,,2,1,0,0,0,2,0,0,0,0,255,255,255,15,823.513,"Penguin_iDOL",R,13,78,104,-1.942,-1.414,0.225,1.75,-0.135,1.226,-36.493,31.831,97,3,0,2,"",-364.437,318.464,4.195,0,0,3,"=","=","=","=","=","=","","","",5,R,"소솨소솨",182,80,0.503,3,40,W,Y,1,824.685,255,64,73,78,84,,145,33,9.546,60.825,-0.29,0.635,-21.43,1,0,0.668,25.662,160.711,81.055,824.449,-5.812,-24.458,,,,,,0,0,,,,,,,,,,,,,,,,,,,,,,,,,,,,,,,,,,,,,,-0.119,-37.53,-0.285,-18.026,-19.241,-45.309,-16.12,-63.037,19.013,-48.225,13.086,-64.694,40.915,-90.664,0,-109.86,-40.815,-90.564,-0.263,-37.107,,"하루（Haru）",-0.538,-18.037,,"SUGUN",-19.128,-45.127,,"k@ster",-16.03,-62.827,,"si_ho",19.081,-48.207,,"ByeolBam",13.084,-64.697,,"AI",40.9,-90.65,,"AI",0,-109.84,,"AI",-40.8,-90.55,,,,,,,,,,,,,,,,,,,,,,,,,,,,,,,,,,,,,,,,,,,,,,,,,,,,,,,,"",3,,,,,,,,,,,,,0,"",,,,0,""
22,,2,1,0,0,0,2,0,0,0,0,255,255,255,16,845.437,"Penguin_iDOL",R,13,73,101,-0.081,-1.291,0.464,1.768,0.684,1.311,-36.493,29.138,100,0,0,2,"",-358.49,312.348,6.54,0,0,3,"=","=","=","=","=","=","","","",5,R,"소솨소솨",182,80,0.503,3,40,W,Y,1,846.562,255,183,87,82,116,,145,128,17.138,34.482,0.056,0.7,-21.574,0.3,0,0.729,73.991,-89.285,262.836,849.236,-53.334,-101.445,851.409,8,-51.206,0.058,-108.218,1,0,,852.525,,,,,,,,,,,,,,,,,,,,,,,,,,,,,,,,,,,,0.182,-37.646,0.029,-18.031,-19.049,-45.254,-16.624,-63.098,19.185,-48.701,12.5,-64.925,40.915,-90.664,0,-109.85,-40.815,-90.564,0.109,-37.068,,"하루（Haru）",0.036,-18.017,,"SUGUN",-18.869,-45.252,,"k@ster",-16.526,-62.896,85,"si_ho",19.18,-48.717,,"ByeolBam",12.497,-64.933,,"AI",40.9,-90.65,,"AI",0,-109.84,,"AI",-40.8,-90.55,,861.486,0.238,-38.688,,,,,,,856.451,-8.781,-67.984,,,,,,,,,,,,,,,,,,,,,,,,,860.115,-6.389,-61.604,,,,,,,,,,,,,,,,"",2,,,,,,,,,,,,,0,"AI",,,,36,""
23,,2,1,0,0,0,0,0,1,0,0,5,255,255,17,878.054,"Penguin_iDOL",R,14,74,101,-1.072,0.082,-0.187,1.962,-1.084,2.1,-36.493,35.33,90,10,0,0,"",358.49,312.348,10.649,0,0,4,"=","=","=","=","=","=","","","",3,L,"Pugeuk",160,86.201,0.347,,40,W,Y,0,,,,,,,,,,,,,,,,,,,,,,,,,,,,,0,0,,,,,,,,,,,,891,,,,,,,,,,,,,,,,,,,,,,,,,,-0.214,-37.568,-0.125,-18.135,-20.033,-40.525,-10.765,-66.296,18.857,-47.294,12.938,-62.705,40.922,-90.671,0,-109.86,-40.822,-90.571,,,,"",,,,"",,,,"",,,,"",,,,"",,,,"",,,,"",,,,"",,,,883.025,0.231,-37.402,,,,,,,,,,,,,,,,,,,,,,,,,,,,,,,,,,,,,,,,,,,,,,,,,,,,"",0,,,,,,,,,,,,,0,"",,,,0,""
24,,2,1,0,0,0,1,0,1,0,0,5,255,255,18,898.502,"Penguin_iDOL",R,29,84,136,-1.328,-1.107,0.144,1.542,-0.262,0.796,-36.493,28.853,53,47,0,2,"",-231.199,-200,16.794,0,0,4,"=","=","=","=","=","=","","","",3,L,"Pugeuk",160,86.201,0.347,0,40,W,Y,1,899.509,255,21,79,47,19,,141,96,-43.988,30.731,-0.315,0.445,-20.827,-0.08,0,0.397,-527.473,280.63,54.948,898.409,-0.549,-21.22,902.729,8,-26.501,0.059,-81.398,1,0,,904.276,,,,903.654,,,,,,,,,,,,,,,,,,,,,,,,,,908.554,5,,,,,-0.215,-37.462,-0.083,-18.136,-20.136,-40.88,-10.747,-66.27,19.416,-46.42,12.396,-62.172,40.922,-90.67,0,-109.86,-40.822,-90.57,-0.435,-37.232,,"하루（Haru）",-0.068,-18.181,,"SUGUN",-19.415,-43.615,,"k@ster",-10.449,-66.146,,"si_ho",19.4,-46.445,,"ByeolBam",9.9,-61.458,96,"AI",40.9,-90.65,,"AI",0,-109.84,,"AI",-40.8,-90.55,,909.976,0.323,-38.78,,,,,,,,,,,,,906.931,-0.529,-59.576,,,,,,,,,,,,,,,,,,,,,,,,,908.966,0.702,-56.229,,,,,,,,,,"",2,,,,,,,,,,,,,0,"AI",903.654,,,34,""
25,,2,1,0,0,0,0,0,1,1,0,3,5,255,19,925.872,"Penguin_iDOL",R,14,87,127,1.163,-1.218,0.252,1.642,0.244,1.253,-36.493,21.608,77,23,0,2,"",172.505,400,26.302,0,0,5,"=","=","=","=","=","=","","","",0,R,"ke ro",190,80.196,0.397,3,40,W,Y,1,926.878,131,192,68,73,64,,138,82,-30,-1.625,0.208,0.631,-21.006,1,0,0.863,-257.609,329.433,-165.412,925.689,0.234,-21.987,926.863,0,0.609,1.337,-36.888,1,0,,932.849,,,,930.962,,,931.235,936.139,,926.175,926.011,,,,,,,,,,,,,,,,,,,,,,,,,-0.014,-37.538,-0.145,-17.965,-19.286,-45.802,-16.267,-62.91,18.324,-46.765,12.136,-61.25,40.922,-90.671,0,-109.86,-40.822,-90.571,0.059,-36.993,120,"하루（Haru）",-0.132,-17.956,,"SUGUN",-19.139,-45.744,,"k@ster",-16.27,-62.903,,"si_ho",18.342,-46.729,73,"ByeolBam",13.072,-62.511,,"AI",40.9,-90.65,,"AI",0,-109.84,,"AI",-40.8,-90.55,,928.067,0.329,-36.705,,,,,,,,,,936.162,18.397,-43.352,,,,,,,,,,,,,928.816,0.414,-39.747,,,,,,,,,,938.709,17.129,-40.401,,,,,,,,,,,,,"",2,,,,,,,,,,,,,0,"Penguin_iDOL",930.962,931.235,936.139,33,""
26,,2,1,1,0,0,0,0,1,1,0,0,3,255,20,955.037,"Penguin_iDOL",R,10,83,124,1.925,0.136,0.406,1.902,0.819,2.122,-36.493,44.717,71,29,0,2,"",0,400,9.978,0,0,0,"=","=","=","=","=","=","","","",4,R,"aura_5599",190,94.687,0.448,3,40,W,Y,1,956.2,220,111,114,92,62,,145,87,-16.97,-45.021,0.395,1.076,-20.528,-1,0,0.28,-36.727,-504.712,-312.575,955.142,3.43,-23.525,963.076,6,52.349,0.058,-63.377,0,0,,,,,,,,,,,,955.877,978.771,,,,,,,,,,,,,,,,,,,,,,,,,-0.025,-37.56,0.21,-17.975,-19.352,-46.016,-16.546,-63.104,18.724,-47.082,12.995,-63.512,40.915,-90.664,0,-109.86,-40.815,-90.564,0.034,-37.097,,"하루（Haru）",0.227,-17.979,,"SUGUN",-19.268,-45.869,,"k@ster",-16.506,-63.016,,"si_ho",18.685,-47.051,,"ByeolBam",12.991,-63.51,,"AI",40.9,-90.65,,"AI",0,-109.84,,"AI",-40.8,-90.55,,,,,,,,,,,,,,,,,,,,,,,,,,,,,,,,,,,,,,,,,,,,,,,,,,,,,,,,"",3,,,,,,,,,,,,,0,"AI",961.372,,,0,""
27,,2,1,1,0,0,1,0,1,1,0,0,3,255,21,983.236,"Penguin_iDOL",R,14,80,105,-3.829,0.151,-0.23,1.908,-2.405,2.15,-36.493,27.68,90,10,0,1,"",372.687,312.348,29.101,0,0,0,"=","=","=","=","=","=","","","",4,R,"aura_5599",190,94.687,0.448,,40,W,Y,0,,,,,,,,,,,,,,,,,,,,,,,,,,,,,0,0,,,,,,,,,,,,983.65,993.482,,,,,,,,,,,,,,,,,,,,,,,,,-0.11,-37.585,0.024,-17.914,-19.461,-45.78,-16.444,-62.498,19.148,-46.429,11.183,-62.314,40.915,-90.664,0,-109.85,-40.815,-90.564,,,,"",,,,"",,,,"",,,,"",,,,"",,,,"",,,,"",,,,"",,,,,,,,,,,,,,,,,,,,,,,,,,,,,,,,,,,,,,,,,,,,,,,,,,,,,,,,,,"",0,,,,,,,,,,,,,0,"",986.077,,,0,""
28,,2,1,1,0,1,1,0,1,1,0,0,3,255,22,1003.328,"Penguin_iDOL",R,3,73,100,-2.854,-1.261,0.134,1.706,-0.421,1.152,-36.493,19.383,100,0,0,4,"",-398.454,218.547,5.253,0,0,0,"=","=","=","=","=","=","","","",4,R,"aura_5599",190,94.687,0.448,,40,W,Y,1,,,,,,,,,,,,,,,,,,,,,,,,,,,,,0,0,,,,,,,,,,,,1004.112,1022.441,,,,,,,,,,,,,,,,,,,,,,,,,-0.113,-37.535,-0.03,-17.692,-19.395,-45.503,-16.378,-62.605,18.887,-46.638,5.514,-62.418,40.915,-90.664,0,-109.86,-40.815,-90.564,,,,"",,,,"",,,,"",,,,"",,,,"",,,,"",,,,"",,,,"",,,,,,,,,,,,,,,,,,,,,,,,,,,,,,,,,,,,,,,,,,,,,,,,,,,,,,,,,,"",0,,,,,,,,,,,,,0,"",1007.026,,,0,""
29,,2,1,1,0,1,2,0,1,1,0,0,3,255,23,1027.533,"Penguin_iDOL",R,26,79,129,1.804,-0.079,0.387,1.886,0.821,1.361,-36.493,42.408,71,29,0,2,"",-32.006,-200,23.461,0,0,0,"=","=","=","=","=","=","","","",4,R,"aura_5599",190,94.687,0.448,0,40,W,Y,1,1028.635,130,72,77,67,42,,138,133,107.695,-61.35,0.134,0.882,-19.634,0.5,0,0.158,-306.709,375.621,-353.326,,,,,,,,,0,0,,,,,1034.265,,,,,,,1028.606,1033.57,,,,,,,,,,,,,,,,,,,1050.007,5,,,,,0.082,-37.688,0.046,-17.718,-19.399,-45.362,-16.37,-62.595,18.266,-46.288,2.924,-61.375,40.922,-90.671,0,-109.87,-40.822,-90.57,0.27,-37.127,,"하루（Haru）",0.081,-17.665,,"SUGUN",-19.207,-45.256,,"k@ster",-16.335,-62.525,,"si_ho",18.284,-46.267,,"ByeolBam",7.75,-60.957,,"AI",40.9,-90.65,,"AI",0,-109.84,,"AI",-40.8,-90.55,,,,,,,,,,,,,,,,,,,,,,,,,,,,,,,,,,,,,,,,,,,,,,,,,,,,,,,,"",3,,,,,,,,,,,,,1,"",1033.49,,,0,""
30,,2,1,1,0,1,2,0,0,1,1,255,3,255,24,1096.188,"Penguin_iDOL",R,14,80,105,-1.051,-0.693,-0.186,1.741,-1.193,1.623,-36.493,17.168,95,5,0,0,"",372.687,312.348,28.138,0,0,0,"=","=","=","=","=","=","","","",4,R,"aura_5599",190,94.687,0.448,,39,W,Y,0,,,,,,,,,,,,,,,,,,,,,,,,,,,,,0,0,,,,,,,,,1117.304,,,,,,1099.014,0,,578,0,,,,,,,,,,,,,,,,,,,-0.209,-37.56,0.006,-17.926,-19.42,-44.989,-16.809,-63.022,18.987,-46.748,13.639,-63.415,40.966,-90.711,0,-109.91,-40.867,-90.611,,,,"",,,,"",,,,"",,,,"",,,,"",,,,"",,,,"",,,,"",,,,,,,,,,,,,,,,,,,,,,,,,,,,,,,,,,,,,,,,,,,,,,,,,,,,,,,,,,"",0,,,,,,,,,,,,,0,"",1098.687,1117.304,,0,""
31,,2,1,1,0,0,0,1,0,1,1,255,0,3,25,1131.497,"Penguin_iDOL",R,26,84,137,-1.588,0.136,0.049,1.719,-0.456,1.517,-36.493,30.935,93,7,0,2,"",-172.447,-200,8.076,0,0,1,"=","=","=","=","=","=","","","",2,L,"Pring__",190,93.089,0.478,5,39,W,Y,1,1132.391,209,131,120,90,58,,145,106,56.699,-46.212,-0.29,1.08,-20.546,-0.19,0,0.456,480.763,-242.478,264.415,,,,1139.489,6,49.42,2.543,-59.538,0,0,,,,,,,,,,,,,1131.784,1133.686,,,,,,,,,,,,,,,,,,,,,,,,-0.28,-37.49,-0.185,-18.137,-19.757,-45.719,-11.735,-65.852,19.291,-42.622,14.382,-63.401,40.915,-90.664,0,-109.86,-40.815,-90.564,-0.504,-37.079,,"하루（Haru）",-0.165,-18.117,,"SUGUN",-19.625,-45.635,,"k@ster",-11.632,-65.604,,"si_ho",19.852,-45.423,,"ByeolBam",14.191,-63.324,,"AI",40.9,-90.65,,"AI",0,-109.84,,"AI",-40.8,-90.55,,,,,,,,,,,,,,,,,,,,,,,,,,,,,,,,,,,,,,,,,,,,,,,,,,,,,,,,"",3,-44.423,-44.423,-9.096,0,1,0.508,69.733,56.699,5.737,85.522,0.059,-84.264,0,"AI",1138.312,1133.522,,0,""
32,,2,1,1,0,0,1,1,0,1,1,255,0,3,26,1153.772,"Penguin_iDOL",R,26,50,107,0.116,0.608,0.262,1.887,-0.066,1.776,-36.493,13.458,0,100,0,0,"",57.321,-200,5.158,0,0,1,"=","=","=","=","=","=","","","",2,L,"Pring__",190,93.089,0.478,,39,W,Y,0,,,,,,,,,,,,,,,,,,,,,,,,,,,,,0,0,,,,,,,,,,,1154.615,,,,,,,,,,,,,,,,,,,,,,,,,,,0.019,-37.587,-0.046,-18.244,-19.976,-45.677,-11.144,-64.872,18.858,-39.826,15.832,-63.138,40.908,-90.657,0,-109.84,-40.807,-90.557,,,,"",,,,"",,,,"",,,,"",,,,"",,,,"",,,,"",,,,"",,,,,,,,,,,,,,,,,,,,,,,,,,,,,,,,,,,,,,,,,,,,,,,,,,,,,,,,,,"",0,,,,,,,,,,,,,0,"",,,1154.615,0,""
33,,2,1,2,0,0,1,1,0,0,1,255,255,255,27,1190.516,"Penguin_iDOL",R,14,75,102,-1.207,-0.399,-0.254,1.871,-1.278,1.831,-36.493,24.696,89,11,0,0,"",362.039,312.348,30.677,0.003,-18.755,1,"=","=","=","=","=","=","","","",2,L,"Pring__",190,93.089,0.478,,79,W,Y,1,,,,,,,,,,,,,,,,,,,,,,,,,,,,,0,0,,,,,,,,,,,,,,,,,,,,,,,,,,,,,,,,,,,,,,-0.199,-37.63,-0.096,-18.238,-19.78,-45.656,-11.992,-66.108,20.174,-46.828,14.533,-63.311,40.915,-90.664,0,-109.86,-40.815,-90.564,,,,"",,,,"",,,,"",,,,"",,,,"",,,,"",,,,"",,,,"",,,,,,,,,,,,,,,,,,,,,,,,,,,,,,,,,,,,,,,,,,,,,,,,,,,,,,,,,,"",0,,,,,,,,,,,,,0,"",,,,0,""
34,,2,1,2,0,0,2,1,0,0,1,255,255,255,28,1210.342,"Penguin_iDOL",R,26,83,134,0.21,1.352,0.211,1.985,0.192,2.271,-36.493,43.606,70,30,0,2,"BA-",-75.646,-200,19.817,0,0,1,"=","=","=","=","=","=","","","",2,L,"Pring__",190,93.089,0.478,5,79,W,Y,1,1211.287,136,123,82,76,55,,139,112,31.103,-24.517,0.03,1.51,-19.897,0.88,0,0.322,147.335,22.518,299.361,1215.329,39.047,-109.197,1215.516,6,37.981,2.294,-106.806,0,0,,1217.344,,,,,,,,,,,,,1216.845,1,,456,0,,,,,,,,,,,,,,,,,,,-0.009,-37.647,-0.137,-17.88,-19.423,-45.512,-11.609,-65.991,19.833,-45.884,15.1,-63.726,40.915,-90.664,0,-109.86,-40.815,-90.564,-0.012,-36.863,,"하루（Haru）",-0.175,-17.899,110,"SUGUN",-19.338,-45.382,,"k@ster",-11.549,-65.875,,"si_ho",19.821,-45.882,,"ByeolBam",15.099,-63.729,107,"AI",40.9,-90.65,,"AI",0,-109.84,,"AI",-40.8,-90.55,,1228.305,-0.173,-37.51,1223.721,0.178,-20.509,,,,,,,,,,1221.178,18.416,-60.422,,,,,,,,,,,,,1227.392,-0.388,-19.411,,,,,,,,,,1221.879,16.754,-56.593,,,,,,,,,,"",1,-23.624,-23.624,-1.859,0,2,0.283,67.028,56.497,31.922,69.576,0.058,-125.77,0,"AI",,1212.949,1222.598,50,""
35,,2,1,3,0,0,0,2,0,0,0,255,255,255,29,1245.751,"Penguin_iDOL",R,14,88,126,0.434,-0.842,0.112,1.886,-0.41,1.397,-36.493,29.274,87,13,0,2,"",390.434,312.348,14.018,0,0,2,"=","=","=","=","=","=","","","",1,R,"MODECO",190,85,0.447,3,73,W,Y,1,1246.872,172,146,88,81,43,,145,130,-30,26.619,0.041,0.533,-19.908,0.47,0,0.435,-284.237,313.863,-49.392,1245.462,-0.358,-20.701,1247.343,3,-15.162,2.258,-57.654,0,0,,1253.004,,,,,,,,,,,,,1251.75,2,,147,4,,,,,,,,,,,1251.146,2,,,,,,,0.004,-37.712,0.099,-17.849,-19.554,-45.812,-17.049,-62.903,19.722,-47.083,13.921,-64.347,40.922,-90.671,0,-109.86,-40.822,-90.571,0.08,-36.644,,"하루（Haru）",0.085,-17.839,,"SUGUN",-19.475,-45.596,86,"k@ster",-16.908,-62.788,102,"si_ho",19.69,-47.056,,"ByeolBam",13.917,-64.359,,"AI",40.9,-90.65,,"AI",0,-109.84,,"AI",-40.8,-90.55,,,,,,,,1250.617,-18.969,-39.575,1248.787,-15.556,-58.316,,,,,,,,,,,,,,,,,,,,,,1253.005,-17.44,-38.277,1249.885,-16.937,-53.246,,,,,,,,,,,,,,,,"",2,,,,,,,,,,,,,0,"k@ster",,,,12,""
36,SIDE,2,1,3,0,0,0,2,0,0,0,255,255,255,,1253.748,,,,,,,,,,,,,,,,,,,,,,,,3,"=","=","=","=","=","=","","","",,,,,,,,,,,,,,,,,,,,,,,,,,,,,,,,,,,,,,,0,0,,,,,,,,,,,,,,,,,,,,,,,,,,,,,,,,,,,,,,,,,,,,,,,,,,,,,,,,,,,,,,,,,,,,,,,,,,,,,,,,,,,,,,,,,,,,,,,,,,,,,,,,,,,,,,,,,,,,,,,,,,,,,,,,,,,,,,,,,,,,,,,,,"",0,,,,,,,,,,,,,0,"",,,,0,""
37,,2,0,3,0,0,0,0,0,0,0,255,255,255,3,1287.333,"ke ro",R,26,88,140,1.131,0.647,0.292,1.603,0.426,1.83,-36.623,22.169,70,30,0,0,"",48.884,-200,8.423,0,0,3,"si_ho","ByeolBam","k@ster","SUGUN","하루（Haru）","Penguin_iDOL","눈꽃","","",2,R,"SUGUN",184.9,82.092,0.446,,39,W,Y,0,,,,,,,,,,,,,,,,,,,,,,,,,,,,,0,0,,,,,,,,,,,,,,,,,,,,,,,,,,,,,,,,,,,,,,-0.057,-37.617,-0.032,-17.774,-23.175,-49.351,-15.519,-62.9,22.147,-51.715,12.368,-65.104,40.944,-90.691,0,-109.88,-40.822,-90.571,,,,"",,,,"",,,,"",,,,"",,,,"",,,,"",,,,"",,,,"",,,,,,,,,,,,,,,,,,,,,,,,,,,,,,,,,,,,,,,,,,,,,,,,,,,,,,,,,,"",0,,,,,,,,,,,,,0,"",,,,0,""
38,,2,0,3,0,0,1,0,0,0,0,255,255,255,4,1302,"ke ro",R,10,71,113,2.355,1.344,0.51,2.024,1.011,2.945,-36.623,48.074,100,0,0,1,"",0,400,9.203,0.394,-11.519,3,"=","=","=","=","=","=","=","","",2,R,"SUGUN",184.9,82.092,0.446,,39,W,Y,0,,,,,,,,,,,,,,,,,,,,,,,,,,,,,0,0,,,,,,,,,,,,,,,,,,,,,,,,,,,,,,,,,,,,,,0,-37.687,-0.046,-17.761,-23.28,-49.139,-16.07,-62.829,19.877,-49.393,13.939,-65.564,40.915,-90.664,0,-109.85,-40.815,-90.564,,,,"",,,,"",,,,"",,,,"",,,,"",,,,"",,,,"",,,,"",,,,,,,,,,,,,,,,,,,,,,,,,,,,,,,,,,,,,,,,,,,,,,,,,,,,,,,,,,"",0,,,,,,,,,,,,,0,"",,,,0,""
39,,2,0,3,0,1,1,0,0,0,0,255,255,255,5,1319.005,"ke ro",R,26,85,138,1.245,0.837,0.317,1.637,0.543,1.942,-36.623,17.911,70,30,0,2,"",-7.37,-200,17.836,0,0,3,"=","=","=","=","=","=","=","","",2,R,"SUGUN",184.9,82.092,0.446,0,39,W,Y,0,1319.952,206,36,69,25,0,,136,85,97.583,23.275,0.224,1.304,-19.002,1,0,0.25,266.41,459.719,-144.565,1324.716,8.555,-4.017,,,,,,0,0,,,,,,,,,,,,,,,,,,,,,,,,,,,,,,,,,,,,,,0.039,-37.708,-0.02,-17.56,-23.111,-49.045,-15.94,-62.793,19.365,-48.487,13.326,-64.907,40.915,-90.664,0,-109.85,-40.815,-90.564,0.281,-37.883,,"MODECO",-0.043,-17.586,,"Pring__",-22.985,-48.892,,"Pugeuk",-16.065,-62.696,,"aura_5599",19.421,-48.356,,"소솨소솨",13.319,-64.87,,"AI",40.9,-90.65,,"AI",0,-109.84,,"AI",-40.8,-90.55,,,,,,,,,,,,,,,,,,,,,,,,,,,,,,,,,,,,,,,,,,,,,,,,,,,,,,,,"",3,,,,,,,,,,,,,0,"",,,,0,""
40,,2,0,3,0,1,2,0,0,0,0,255,255,255,6,1342.713,"ke ro",R,14,75,113,1.238,-0.522,0.177,1.665,-0.188,1.689,-36.623,11.842,70,30,0,2,"",397.986,302.666,35.985,0,0,3,"=","=","=","=","=","=","=","","",2,R,"SUGUN",184.9,82.092,0.446,5,39,W,Y,1,1343.895,204,95,152,51,12,,145,93,-76.507,25.001,0.254,0.749,-20.027,-0.72,0,0.325,-382.333,-14.074,229.319,1342.409,0.169,-20.209,1345.436,1,0.82,2.833,-21.41,0,0,,,,,,,,,,,,,,,1349.436,3,,147,4,,,,,,,,,,,,,,,,,,,-0.004,-37.634,0.009,-17.763,-23.056,-48.837,-15.677,-60.307,20.167,-49.595,12.185,-64.771,40.915,-90.664,0,-109.86,-40.815,-90.564,0.09,-38.201,,"MODECO",-0.099,-17.771,120,"Pring__",-22.276,-50.295,88,"Pugeuk",-15.804,-60.211,,"aura_5599",20.143,-49.536,,"소솨소솨",12.142,-64.674,,"AI",40.9,-90.65,,"AI",0,-109.84,,"AI",-40.8,-90.55,,1352.751,-1.276,-39.136,1347.068,0.929,-21.38,1348.78,-19.187,-39.181,,,,,,,,,,,,,,,,,,,,,,1347.925,-3.118,-24.553,1351.705,-17.933,-39.849,,,,,,,,,,,,,,,,,,,"",2,21.915,21.915,4.473,0,2,0.279,-81.88,-76.507,-8.15,-78.655,0.074,164.049,0,"MODECO",,,,38,""
41,,2,0,3,0,0,0,1,0,0,0,255,255,255,7,1369.525,"ke ro",R,26,80,131,0.306,0.635,0.23,1.603,0.14,1.826,-36.623,22.649,70,30,0,0,"",-10.917,-200,2.965,0,0,4,"=","=","=","=","=","=","=","","",1,R,"하루（Haru）",190,85.172,0.403,,39,W,Y,0,,,,,,,,,,,,,,,,,,,,,,,,,,,,,0,0,,,,,,,,,,,,,,,,,,,,,,,,,,,,,,,,,,,,,,-0.158,-37.472,-0.026,-17.743,-20.251,-45.74,-14.835,-60.363,17.87,-47.434,11.213,-65.474,40.922,-90.67,0,-109.86,-40.822,-90.571,,,,"",,,,"",,,,"",,,,"",,,,"",,,,"",,,,"",,,,"",,,,1373.828,-0.135,-37.195,,,,,,,,,,,,,,,,,,,,,,,,,,,,,,,,,,,,,,,,,,,,,,,,,,,,"",0,,,,,,,,,,,,,0,"",,,,0,""
42,,2,0,3,0,0,1,1,0,0,0,255,255,255,8,1383.401,"ke ro",R,26,80,130,0.53,1.313,0.243,1.734,0.199,2.249,-36.623,20.956,100,0,0,2,"",16.534,-200,8.578,0,0,4,"=","=","=","=","=","=","=","","",1,R,"하루（Haru）",190,85.172,0.403,3,39,W,Y,1,1385.253,255,94,55,53,31,,137,130,113.437,-17.915,0.1,1.53,-20.659,0.57,0,0.148,184.739,-136.754,126.897,,,,,,,,,0,0,,,,,,,,,,,,,,,,,,,,,,,,,,,,,,,,,,,,,,0.016,-37.686,-0.083,-17.757,-20.274,-45.777,-15.444,-61.755,18.53,-47.966,11.08,-66.51,40.915,-90.664,0,-109.85,-40.815,-90.564,0.01,-38.241,,"MODECO",-0.106,-17.759,,"Pring__",-20.301,-45.784,,"Pugeuk",-15.399,-61.662,,"aura_5599",16.805,-46.1,,"소솨소솨",9.894,-65.012,,"AI",40.9,-90.65,,"AI",0,-109.84,,"AI",-40.8,-90.55,,,,,,,,,,,,,,,,,,,,,,,,,,,,,,,,,,,,,,,,,,,,,,,,,,,,,,,,"",3,,,,,,,,,,,,,0,"",,,,0,""
43,,2,0,3,0,0,2,1,0,0,0,255,255,255,9,1403.928,"ke ro",R,10,90,128,-0.275,-1.641,0.18,1.491,-0.125,1.004,-36.623,21.818,44,56,0,2,"",0,400,3.002,0,0,4,"=","=","=","=","=","=","=","","",1,R,"하루（Haru）",190,85.172,0.403,3,39,W,Y,1,1405.047,182,95,93,80,44,,145,87,-30,-26.387,-0.063,0.286,-19.605,1,0.048,0.215,-448.308,-144.511,345.479,1403.462,0.133,-19.998,1405.396,4,12.49,0.211,-44.833,0,0,,1411.272,,,,,,,,,,,,,1409.854,4,,147,1,,,,,,,,,,,,,,,,,,,-0.128,-37.708,-0.083,-17.626,-20.256,-45.764,-16.498,-61.612,18.258,-48.257,10.941,-65.379,40.922,-90.671,0,-109.86,-40.822,-90.57,-0.037,-37.628,,"MODECO",-0.093,-17.737,,"Pring__",-20.113,-45.617,95,"Pugeuk",-16.432,-61.573,,"aura_5599",18.706,-48.673,110,"소솨소솨",10.91,-64.817,,"AI",40.9,-90.65,,"AI",0,-109.84,,"AI",-40.8,-90.55,,1412.802,-0.477,-38.425,,,,1409.215,-18.413,-39.186,,,,1406.898,13.186,-45.607,,,,,,,,,,,,,,,,,,,1411.772,-17.483,-39.306,,,,1408.066,7.565,-43.507,,,,,,,,,,,,,"",2,,,,,,,,,,,,,0,"aura_5599",,,,35,""
44,,2,0,3,0,0,0,2,0,0,0,255,255,255,10,1428.741,"ke ro",R,26,73,124,1.454,1.113,0.344,1.691,0.669,2.11,-36.623,26.658,100,0,0,2,"",-28.853,-200,11.24,0,0,5,"=","=","=","=","=","=","=","","",0,R,"Penguin_iDOL",190,80,0.25,5,39,W,Y,1,1429.912,111,61,112,70,53,,137,115,30.818,53.785,0.266,1.425,-19.964,0.16,0,0.245,435.183,-258.585,-322.102,1434.009,-80.382,-85.345,,,,,,0,0,,,,,,,,,,,,,,,,,,,,,,,,,,,,,,,,,,,,,,-0.033,-37.432,-0.137,-17.722,-20.957,-46.471,-15.585,-62.643,19.282,-50.245,12.87,-66.602,40.922,-90.671,0,-109.86,-40.822,-90.571,0.122,-38.193,,"MODECO",-0.031,-17.736,,"Pring__",-20.944,-46.419,,"Pugeuk",-15.525,-62.574,,"aura_5599",19.112,-49.309,,"소솨소솨",11.458,-65.043,,"AI",40.9,-90.65,,"AI",0,-109.84,,"AI",-40.8,-90.55,,,,,,,,,,,,,,,,,,,,,,,,,,,,,,,,,,,,,,,,,,,,,,,,,,,,,,,,"",3,54.17,50.951,7.777,0,0,1,60.601,60.601,71.367,60.601,0,77.376,0,"",,,,0,""
45,,2,0,3,0,0,1,2,0,0,0,255,255,255,11,1448.687,"ke ro",R,26,75,126,0.419,-0.483,0.233,1.788,0.124,2.056,-36.623,23.998,100,0,0,2,"",-75.184,-200,5.708,0,0,5,"=","=","=","=","=","=","=","","",0,R,"Penguin_iDOL",190,80,0.25,0,74,W,Y,1,1449.908,162,63,90,80,44,,145,121,26.457,3.886,-0.003,1.389,-19.949,0.16,0,0.264,362.604,-199.491,-201.028,1453.649,-1.788,-129.672,1453.809,7,-1.835,2.162,-126.701,0,0,,1456.478,,,,,,,,,,,,,1455.353,5,,456,0,,,,,,,,,,,,,,,,,,,0.002,-37.727,-0.075,-17.687,-21.759,-47.054,-16.361,-62.565,19.835,-50.133,12.624,-65.062,40.915,-90.664,0,-109.85,-40.808,-90.557,0.138,-38.004,,"MODECO",-0.07,-17.72,,"Pring__",-21.613,-46.884,,"Pugeuk",-16.306,-62.489,,"aura_5599",19.72,-50.063,,"소솨소솨",11.503,-64.364,,"AI",40.9,-90.65,,"AI",0,-109.84,,"AI",-40.8,-90.55,,,,,,,,,,,,,,,,,,,,,,,,,,,,,,,,,,,,,,,,,,,,,,,,,,,,,,,,"",1,,,,,,,,,,,,,0,"AI",,,,0,""
46,SIDE,2,0,3,0,0,0,2,0,0,0,255,255,255,,1458.422,,,,,,,,,,,,,,,,,,,,,,,,6,"=","=","=","=","=","=","=","","",,,,,,,,,,,,,,,,,,,,,,,,,,,,,,,,,,,,,,,0,0,,,,,,,,,,,,,,,,,,,,,,,,,,,,,,,,,,,,,,,,,,,,,,,,,,,,,,,,,,,,,,,,,,,,,,,,,,,,,,,,,,,,,,,,,,,,,,,,,,,,,,,,,,,,,,,,,,,,,,,,,,,,,,,,,,,,,,,,,,,,,,,,,"",0,,,,,,,,,,,,,0,"",,,,0,""
47,,3,1,3,0,0,0,0,0,0,0,255,255,255,30,1495.678,"Penguin_iDOL",R,26,86,139,1.352,0.804,0.323,1.87,0.625,1.904,-36.493,36.909,74,26,0,2,"",-35.899,-200,33.898,0,0,3,"aura_5599","Pring__","MODECO","소솨소솨","Pugeuk","ke ro","","","",5,R,"소솨소솨",182,80,0.503,5,39,W,Y,1,1496.764,215,78,94,0,9,,131,111,31.296,54.335,0.121,1.195,-20.008,0.14,0,0.564,313.543,87.775,-503.971,1500.769,-80.976,-76.121,,,,,,0,0,,,,,,,,,,,,,,,,,,,,,,,,,,,,,,,,,,,,,,-0.041,-37.509,0.092,-17.745,-19.511,-46.179,-16.246,-63.254,19.535,-47.989,13.149,-65.11,40.959,-90.705,0,-109.89,-46.541,-99.157,-0.44,-37.213,,"하루（Haru）",0.11,-17.754,,"SUGUN",-19.323,-46.039,,"k@ster",-16.173,-62.993,,"si_ho",19.512,-48.008,,"ByeolBam",13.146,-65.107,,"AI",40.9,-90.65,,"AI",0,-109.84,,"눈꽃",-46.482,-99.135,,,,,,,,,,,,,,,,,,,,,,,,,,,,,,,,,,,,,,,,,,,,,,,,,,,,,,,,"",3,54.789,48.411,10.414,0,1,0.5,72.997,61.436,11.444,82.464,0.071,111.454,0,"",,,,0,""
48,,3,1,3,0,0,1,0,0,0,0,255,255,255,31,1515.751,"Penguin_iDOL",R,10,94,128,2.065,-0.503,0.338,1.826,0.804,1.721,-36.493,31.954,77,23,0,2,"",58.249,400,30.817,0,0,3,"=","=","=","=","=","=","","","",5,R,"소솨소솨",182,80,0.503,5,39,W,Y,1,1516.862,151,104,83,95,26,,145,86,39.724,58.204,0.385,0.745,-20.15,-1,0,0.455,86.481,-165.388,566.537,1519.636,-52.911,-54.005,,,,,,0,0,,,,,,,,,,,,,,,,,,,,,,,,,,,,,,,,,,,,,,0.007,-37.633,0.371,-17.735,-19.975,-46.028,-16.598,-62.878,19.972,-47.753,13.16,-65.112,40.915,-90.664,0,-109.86,-51.081,-98.204,0.302,-36.932,,"하루（Haru）",0.359,-17.714,,"SUGUN",-19.828,-45.888,,"k@ster",-16.516,-62.644,,"si_ho",19.988,-47.744,,"ByeolBam",13.16,-65.107,,"AI",40.9,-90.65,,"AI",0,-109.84,,"눈꽃",-51.084,-98.207,,,,,,,,,,,,,,,,,,,,,,,,,,,,,,,,,,,,,,,,,,,,,,,,,,,,,,,,"",3,77.515,49.989,8.814,0.715,1,0.765,54.075,39.724,26.488,71.55,0.051,123.434,0,"",,,,0,""
49,,3,1,3,0,0,2,0,0,0,0,255,255,255,32,1536.774,"Penguin_iDOL",R,13,73,100,-2.683,-1.632,0.136,1.731,-0.479,1.155,-36.493,26.94,100,0,0,2,"",-334.313,338.768,6.587,0,0,3,"=","=","=","=","=","=","","","",5,R,"소솨소솨",182,80,0.503,3,39,W,Y,1,1538.012,207,93,71,79,90,,145,84,-15.641,20.363,-0.504,0.389,-20.326,1,0,0.423,-16.792,51.945,-12.656,1536.276,-0.934,-21.484,1538.609,3,-13.467,0.057,-55.877,0,0,,,,,,,,,,,,,,,1542.584,3,,147,4,,,,,,,,,,,,,,,,,,,-0.078,-37.737,-0.237,-17.674,-20.053,-46.051,-16.431,-63.062,19.247,-48.653,12.174,-65.446,40.915,-90.664,0,-109.86,-50.698,-97.738,-0.048,-37.284,,"하루（Haru）",-0.268,-17.706,,"SUGUN",-19.971,-45.865,85,"k@ster",-16.397,-62.863,100,"si_ho",19.286,-48.624,,"ByeolBam",11.998,-65.457,,"AI",40.9,-90.65,,"AI",0,-109.84,,"눈꽃",-50.682,-97.732,,1544.419,-0.404,-38.369,,,,1542.015,-18.604,-40.482,1540.413,-13.73,-56.66,,,,,,,,,,,,,,,,,,,,,,1543.308,-17.875,-40.143,1541.364,-14.197,-51.849,,,,,,,,,,,,,,,,"",2,,,,,,,,,,,,,0,"k@ster",,,,44,""
50,,3,1,3,0,0,0,1,0,0,0,255,255,255,33,1558.747,"Penguin_iDOL",R,29,79,129,-2.285,0.444,0.076,1.74,-0.579,1.556,-36.493,30.337,89,11,0,4,"",-250,-200,10.726,-0.037,-21.273,4,"=","=","=","=","=","=","","","",3,L,"Pugeuk",160,86.201,0.347,,39,W,Y,0,,,,,,,,,,,,,,,,,,,,,,,,,,,,,0,0,,,,,,,,,,,,,,,,,,,,,,,,,,,,,,,,,,,,,,-0.164,-37.589,0.05,-17.836,-19,-44.877,-12.352,-65.033,19.03,-45.956,13.576,-62.043,40.922,-90.671,0,-109.86,-41.393,-91.968,,,,"",,,,"",,,,"",,,,"",,,,"",,,,"",,,,"",,,,"",,,,,,,,,,,,,,,,,,,,,,,,,,,,,,,,,,,,,,,,,,,,,,,,,,,,,,,,,,"",0,,,,,,,,,,,,,0,"",,,,0,""
51,,3,1,3,0,0,1,1,0,0,0,255,255,255,34,1580.808,"Penguin_iDOL",R,29,87,140,-1.465,0.555,0.134,1.772,-0.307,1.679,-36.493,31.582,91,9,0,2,"",-250,-200,15.189,0,0,4,"=","=","=","=","=","=","","","",3,L,"Pugeuk",160,86.201,0.347,0,39,W,Y,0,1581.758,41,8,29,12,6,,21,51,111.677,-57.552,-0.28,0.995,-20.2,-1,0,0.507,-486.183,283.515,-68.445,,,,,,,,,0,0,,,,,,,,,,,,,,,,,,,,,,,,,,,,,,,,,,,,,,-0.064,-37.691,0,-17.916,-19.426,-45.181,-12.659,-65.506,17.738,-44.547,13.546,-62.906,40.915,-90.664,0,-109.86,-40.798,-92.475,-0.484,-37.123,,"하루（Haru）",-0.013,-17.89,,"SUGUN",-16.713,-41.969,,"k@ster",-12.544,-65.234,,"si_ho",16.76,-43.178,,"ByeolBam",13.756,-63.963,,"AI",40.9,-90.65,,"AI",0,-109.84,,"눈꽃",-40.858,-92.41,,,,,,,,,,,,,,,,,,,,,,,,,,,,,,,,,,,,,,,,,,,,,,,,,,,,,,,,"",3,,,,,,,,,,,,,0,"",,,,0,""
52,,3,1,3,0,0,2,1,0,0,0,255,255,255,35,1602.374,"Penguin_iDOL",R,14,83,121,2.862,-1.056,0.29,1.946,0.62,1.447,-36.493,45.598,87,13,0,4,"",382.961,321.467,4.258,0,0,4,"=","=","=","=","=","=","","","",3,L,"Pugeuk",160,86.201,0.347,,38,W,Y,1,,,,,,,,,,,,,,,,,,,,,,,,,,,,,0,0,,,,,,,,,,,,,,,1604.894,4,,578,0,,,,,,,,,,,,,,,,,,,-0.015,-37.649,0.115,-17.657,-19.921,-45.952,-11.67,-65.793,19.641,-45.832,13.108,-63.551,40.922,-90.67,0,-109.86,-41.719,-92.537,,,,"",,,,"",,,,"",,,,"",,,,"",,,,"",,,,"",,,,"",,,,,,,,,,,,,,,,,,,,,,,,,,,,,,,,,,,,,,,,,,,,,,,,,,,,,,,,,,"",0,,,,,,,,,,,,,0,"",,,,0,""
53,,3,1,3,0,0,0,2,0,0,0,255,255,255,36,1623.458,"Penguin_iDOL",R,10,79,119,2.46,0.402,0.488,1.935,1.057,2.317,-36.493,49.606,72,28,0,2,"",0,400,18.252,0,0,5,"=","=","=","=","=","=","","","",0,R,"ke ro",190,80.196,0.397,5,38,W,Y,1,1624.466,200,104,84,64,30,,145,123,26.551,-44.243,0.455,1.194,-20.609,0.21,0,0.741,337.428,153.74,207.741,1628.049,76.828,-103.752,,,,,,0,0,,1630.395,1634.99,1640.21,1645.346,,,,,,,,,,,,,,,,,,,,,,,,,,,,,,,,,0.044,-37.663,0.011,-17.804,-19.946,-46.261,-16.8,-62.959,18.862,-46.521,13.081,-64.912,40.922,-90.67,0,-109.86,-44.871,-96.865,0.027,-37.122,,"하루（Haru）",0.016,-17.81,,"SUGUN",-19.901,-46.007,,"k@ster",-16.653,-62.722,,"si_ho",18.876,-46.551,,"ByeolBam",13.079,-64.924,,"AI",40.9,-90.65,,"AI",0,-109.84,,"눈꽃",-44.87,-96.882,,,,,,,,,,,,,,,,,,,,,,,,,,,,,,,,,,,,,,,,,,,,,,,,,,,,,,,,"",4,-44.123,-44.123,-8.477,0,0,1,41.54,41.54,71.759,41.54,0,-53.399,0,"",1634.99,1640.21,,0,""
54,,3,1,4,0,0,0,2,0,0,0,255,255,255,37,1664.129,"Penguin_iDOL",R,14,84,108,-0.852,0.493,-0.071,2.087,-0.999,2.396,-36.493,45.612,86,14,0,0,"",337.053,363.523,6.725,0,0,0,"=","=","=","=","=","=","","","",4,R,"aura_5599",190,94.687,0.448,,38,W,Y,0,,,,,,,,,,,,,,,,,,,,,,,,,,,,,0,0,,,,,,,,,,,,,,,,,,,,,,,,,,,,,,,,,,,,,,-0.075,-37.766,-0.453,-17.666,-19.056,-44.788,-16.538,-62.96,19.587,-46.554,14.975,-63.673,40.915,-90.664,0,-109.85,-45.998,-96.901,,,,"",,,,"",,,,"",,,,"",,,,"",,,,"",,,,"",,,,"",,,,,,,,,,,,,,,,,,,,,,,,,,,,,,,,,,,,,,,,,,,,,,,,,,,,,,,,,,"",0,,,,,,,,,,,,,0,"",,,,0,""
55,,3,1,4,0,0,1,2,0,0,0,255,255,255,38,1680.744,"Penguin_iDOL",R,14,80,117,2.169,-0.399,0.243,1.998,0.363,1.665,-36.493,39.367,86,14,0,2,"",372.48,333.555,11.034,0,0,0,"=","=","=","=","=","=","","","",4,R,"aura_5599",190,94.687,0.448,3,38,W,Y,1,1681.877,182,85,82,83,45,,145,91,-33.153,-18.232,0.453,0.765,-20.47,-0.76,0,0.284,-500.26,-266.299,197.041,1679.996,0.807,-21.538,1682.369,5,12.202,0.171,-56.103,0,0,,1687.638,,,,,,,,,,,,,1686.948,0,,147,2,,,,,,,,,,,,,,,,,,,-0.047,-37.552,0.104,-17.674,-19.587,-45.58,-16.469,-63.115,19.178,-46.639,14.976,-63.756,40.915,-90.664,0,-109.85,-45.944,-96.912,0.362,-36.875,,"하루（Haru）",0.108,-17.656,,"SUGUN",-19.324,-45.311,76,"k@ster",-16.367,-62.845,,"si_ho",19.269,-46.601,,"ByeolBam",14.968,-63.753,107,"AI",40.9,-90.65,,"AI",0,-109.84,,"눈꽃",-45.962,-96.9,,,,,,,,1686.352,-18.272,-40.36,,,,,,,1684.178,12.683,-56.831,,,,,,,,,,,,,,,,1687.558,-17.347,-40.065,,,,,,,1684.902,8.989,-54.555,,,,,,,,,,"",2,,,,,,,,,,,,,0,"ByeolBam",,,,10,""
56,SIDE,3,1,4,0,0,0,2,0,0,0,255,255,255,,1687.704,,,,,,,,,,,,,,,,,,,,,,,,1,"=","=","=","=","=","=","","","",,,,,,,,,,,,,,,,,,,,,,,,,,,,,,,,,,,,,,,0,0,,,,,,,,,,,,,,,,,,,,,,,,,,,,,,,,,,,,,,,,,,,,,,,,,,,,,,,,,,,,,,,,,,,,,,,,,,,,,,,,,,,,,,,,,,,,,,,,,,,,,,,,,,,,,,,,,,,,,,,,,,,,,,,,,,,,,,,,,,,,,,,,,"",0,,,,,,,,,,,,,0,"",,,,0,""
57,,3,0,4,0,0,0,0,0,0,0,255,255,255,12,1803.764,"ke ro",R,26,81,132,0.302,0.955,0.222,1.764,0.081,2.023,-36.623,21.969,96,4,0,0,"",34.571,-200,11.748,0,0,6,"si_ho","ByeolBam","k@ster","SUGUN","하루（Haru）","Penguin_iDOL","눈꽃","","",8,L,"눈꽃",190,85,0.497,,38,W,Y,1,,,,,,,,,,,,,,,,,,,,,,,,,,,,,0,0,,,,,,,,,,,,,,,,,,,,,,,,,,,,,,,,,,,,,,-0.026,-37.762,-0.047,-17.786,-22.173,-47.793,-12.993,-62.961,19.128,-47.529,14.048,-65.124,40.915,-90.664,0,-109.86,-40.815,-90.564,,,,"",,,,"",,,,"",,,,"",,,,"",,,,"",,,,"",,,,"",,,,,,,,,,,,,,,,,,,,,,,,,,,,,,,,,,,,,,,,,,,,,,,,,,,,,,,,,,"",0,,,,,,,,,,,,,0,"",,,,0,""
58,,3,0,4,0,0,1,0,0,0,0,255,255,255,13,1818.942,"ke ro",R,10,97,128,-1.626,-2.03,0.067,1.399,-0.71,0.762,-36.623,8.477,49,51,0,1,"",0,400,19.592,-0.329,-19.177,6,"=","=","=","=","=","=","=","","",8,L,"눈꽃",190,85,0.497,,38,W,Y,0,,,,,,,,,,,,,,,,,,,,,,,,,,,,,0,0,,,,,,,,,,,,,,,,,,,,,,,,,,,,,,,,,,,,,,0.006,-37.648,-0.088,-17.695,-22.119,-47.741,-14.384,-63.686,19.671,-48.209,13.228,-64.69,40.907,-90.657,0,-109.85,-40.808,-90.557,,,,"",,,,"",,,,"",,,,"",,,,"",,,,"",,,,"",,,,"",,,,,,,,,,,,,,,,,,,,,,,,,,,,,,,,,,,,,,,,,,,,,,,,,,,,,,,,,,"",0,,,,,,,,,,,,,0,"",,,,0,""
59,,3,0,4,0,1,1,0,0,0,0,255,255,255,14,1832.31,"ke ro",R,26,81,132,2.91,1.049,0.46,1.779,1.184,2.082,-36.623,30.252,96,4,0,2,"",48.006,-200,3.389,0,0,6,"=","=","=","=","=","=","=","","",8,L,"눈꽃",190,85,0.497,3,38,W,Y,1,1833.221,255,58,70,80,24,,144,120,112.951,19.617,0.538,1.424,-20.49,0.76,0,0.388,417.999,157.24,-343.26,,,,,,,,,0,0,,,,,,,,,,,,,,,,,,,,,,,,,,,,,,,,,,,,,,0.112,-37.753,-0.083,-17.74,-22.159,-47.785,-14.421,-63.739,19.597,-46.312,13.792,-64.047,40.907,-90.657,0,-109.85,-40.807,-90.557,0.492,-37.778,,"MODECO",0.016,-17.779,,"Pring__",-22.048,-47.666,,"Pugeuk",-14.37,-63.643,,"aura_5599",19.489,-46.144,,"소솨소솨",13.888,-63.316,,"AI",40.9,-90.65,,"AI",0,-109.84,,"AI",-40.8,-90.55,,,,,,,,,,,,,,,,,,,,,,,,,,,,,,,,,,,,,,,,,,,,,,,,,,,,,,,,"",3,,,,,,,,,,,,,0,"",,,,0,""
60,,3,0,4,0,1,2,0,0,0,0,255,255,255,15,1846.909,"ke ro",R,26,87,140,0.411,1.112,0.223,1.7,0.107,2.139,-36.623,16.831,96,4,0,2,"",48.042,-200,10.295,0,0,6,"=","=","=","=","=","=","=","","",8,L,"눈꽃",190,85,0.497,3,38,W,Y,1,1847.855,255,71,94,41,14,,145,95,97.558,-58.422,0.073,1.426,-19.893,-0.57,0,0.273,533.557,167.543,-183.07,1852.502,-20.281,2.424,,,,,,0,0,,,,,,,,,,,,,,,,,,,,,,,,,,,,,,,,,,,,,,-0.008,-37.64,-0.086,-17.791,-23.001,-48.624,-12.872,-64.207,18.879,-46.485,14.071,-65.134,40.907,-90.657,0,-109.85,-40.807,-90.557,0.209,-37.708,,"MODECO",-0.095,-17.806,,"Pring__",-22.774,-48.493,,"Pugeuk",-12.795,-64.16,,"aura_5599",18.81,-46.368,,"소솨소솨",14.192,-64.222,,"AI",40.9,-90.65,,"AI",0,-109.84,,"AI",-40.8,-90.55,,,,,,,,,,,,,,,,,,,,,,,,,,,,,,,,,,,,,,,,,,,,,,,,,,,,,,,,"",3,,,,,,,,,,,,,0,"",,,,0,""
61,,3,0,4,0,1,2,0,0,0,0,255,255,255,16,1863.665,"ke ro",R,14,83,121,2.197,1.713,0.226,1.668,0.12,2.037,-36.623,10.15,70,30,0,2,"",348.682,358.359,28.52,0,0,6,"=","=","=","=","=","=","=","","",8,L,"눈꽃",190,85,0.497,3,38,W,Y,1,1864.631,251,113,94,81,40,,145,87,-30,6.062,0.282,1.065,-20.757,1,0,0.563,-197.57,-307.697,278.001,1862.636,0.105,-22.469,1863.729,0,-1.235,1.463,-35.818,0,0,,1870.174,,,,,,,,,,,,,1869.622,6,,147,32,,,,,,,,,,,,,,,,,,,0.045,-37.678,-0.064,-17.745,-22.905,-48.619,-12.903,-63.522,20.121,-48.124,13.866,-64.151,40.907,-90.657,0,-109.85,-40.807,-90.557,0.14,-37.728,95,"MODECO",-0.106,-17.77,,"Pring__",-22.724,-48.435,85,"Pugeuk",-12.863,-63.416,,"aura_5599",20.002,-48.082,,"소솨소솨",13.813,-64.085,,"AI",40.9,-90.65,,"AI",0,-109.84,,"AI",-40.8,-90.55,,1865.777,-1.447,-36.312,,,,1869.001,-19.083,-39.488,,,,,,,,,,,,,,,,,,,1868.45,-10.655,-38.639,,,,1871.477,-18.144,-39.683,,,,,,,,,,,,,,,,,,,"",2,,,,,,,,,,,,,0,"ke ro",,,,34,""
62,,3,0,4,0,0,0,1,0,0,0,255,255,255,17,1889.245,"ke ro",R,26,93,140,0.34,0.081,0.237,1.497,0.172,1.469,-36.623,11.012,49,51,0,2,"",-23.221,-200,12.295,0,0,0,"=","=","=","=","=","=","=","","",4,R,"si_ho",176.1,87.779,0.355,3,38,W,Y,1,1890.372,255,114,105,78,16,,145,82,34.301,-4.983,0.057,0.947,-19.92,-1,0,0.559,420.291,-312.9,62.538,1893.209,9.764,-83.762,1894.462,7,11.358,0.792,-91.077,1,0,,1896.068,,,,,,,,,,,,,,,,,,,,,,,,,,,,,,,,,,1932.266,1,0.006,-37.639,-0.088,-17.676,-22.803,-48.454,-15.342,-60.798,19.486,-48.908,12.845,-64.288,40.922,-90.67,0,-109.86,-40.815,-90.564,0.181,-37.999,120,"MODECO",-0.068,-17.752,107,"Pring__",-22.637,-48.281,,"Pugeuk",-15.253,-60.708,85,"aura_5599",19.488,-48.891,,"소솨소솨",12.187,-64.15,,"AI",40.9,-90.65,,"AI",0,-109.84,,"AI",-40.8,-90.55,,1903.122,0.304,-38.786,1926.924,8.336,-24.778,1920.432,-19.02,-39.641,1899.682,0.548,-59.59,,,,,,,,,,,,,,,,1919.665,-1.76,-38.436,1936.149,-0.125,-19.649,,,,1902.057,-1.634,-55.781,,,,,,,,,,,,,,,,"",2,,,,,,,,,,,,,0,"AI",,,,54,""
63,,3,0,4,0,0,0,1,1,0,0,14,255,255,18,1949.722,"ke ro",R,26,92,140,1.53,0.717,0.343,1.601,0.664,1.832,-36.623,20.052,65,35,0,2,"",-4.893,-200,9.008,0,0,1,"=","=","=","=","=","=","=","","",5,R,"ByeolBam",175.3,88,0.5,5,38,W,Y,1,1950.659,223,89,69,53,26,,138,92,-5.812,16.661,0.283,1.195,-20.754,-0.4,0,0.352,505.458,193.568,-14.426,1948.823,-2.363,-29.476,1950.302,3,-10.456,0.058,-51.828,0,1,,1956.112,,,,,,,,,,,,,1953.138,0,1,276,0,1956.582,1,,148,0,,,,,,1955.913,3,,,,,,,0.002,-37.602,-0.056,-17.913,-19.575,-40.087,-13.577,-57.062,18.66,-48.575,11.668,-65.423,40.915,-90.664,0,-109.85,-40.815,-90.564,0.159,-37.754,,"MODECO",0.027,-17.93,,"Pring__",-19.003,-43.981,,"Pugeuk",-13.145,-57.226,,"aura_5599",18.749,-48.617,,"소솨소솨",11.651,-65.362,,"AI",40.9,-90.65,,"AI",0,-109.84,,"AI",-40.8,-90.55,,,,,,,,,,,1952.524,-10.484,-52.667,,,,,,,,,,,,,,,,,,,,,,,,,,,,,,,,,,,,,,,,,,,"",2,16.886,16.886,-4.517,0,0,1,-5.812,-5.812,-14.058,-5.812,0,21.951,0,"Pugeuk",,,,16,""
64,SIDE,3,0,4,0,0,0,2,0,0,0,255,255,255,,1960.022,,,,,,,,,,,,,,,,,,,,,,,,2,"=","=","=","=","=","=","=","","",,,,,,,,,,,,,,,,,,,,,,,,,,,,,,,,,,,,,,,0,0,,,,,,,,,,,,,,,,,,,,,,,,,,,,,,,,,,,,,,,,,,,,,,,,,,,,,,,,,,,,,,,,,,,,,,,,,,,,,,,,,,,,,,,,,,,,,,,,,,,,,,,,,,,,,,,,,,,,,,,,,,,,,,,,,,,,,,,,,,,,,,,,,"",0,,,,,,,,,,,,,0,"",,,,0,""
65,,4,1,4,0,0,0,0,0,0,0,255,255,255,39,2003.994,"Penguin_iDOL",R,26,89,140,1.207,-0.821,0.303,1.786,0.57,0.91,-36.493,32.277,79,21,0,0,"",-40.096,-200,21.196,0,0,1,"aura_5599","Pring__","MODECO","소솨소솨","Pugeuk","ke ro","","","",2,L,"Pring__",190,93.089,0.478,,74,W,Y,0,,,,,,,,,,,,,,,,,,,,,,,,,,,,,0,0,,,,,,,,,,,,,,,,,,,,,,,,,,,,,,,,,,,,,,0.063,-37.863,0.078,-17.787,-19.875,-46.841,-12.128,-65.617,19.729,-47.356,15.184,-63.696,40.952,-90.698,0,-109.88,-41.833,-96.78,,,,"",,,,"",,,,"",,,,"",,,,"",,,,"",,,,"",,,,"",,,,,,,,,,,,,,,,,,,,,,,,,,,,,,,,,,,,,,,,,,,,,,,,,,,,,,,,,,"",0,,,,,,,,,,,,,0,"",,,,0,""
66,,4,1,4,0,0,1,0,0,0,0,255,255,255,40,2028.463,"Penguin_iDOL",R,29,87,140,-1.641,-1.406,0.116,1.624,-0.389,0.547,-36.493,24.68,93,7,0,2,"",-250,-200,23.463,0,0,1,"=","=","=","=","=","=","","","",2,L,"Pring__",190,93.089,0.478,5,74,W,Y,1,2029.359,196,189,130,97,57,,145,116,14.813,-5.128,-0.278,0.489,-20.86,0.83,0,0.585,-478.168,-346.374,-16.291,2029.756,9.625,-89.724,2034.249,7,18.666,0.056,-131.524,1,0,,2035.163,2039.66,,,,,,,,,,,,,,,,,,,,,,,,,,,,,,,,,,,-0.075,-37.713,-0.318,-17.874,-20.087,-46.967,-12.521,-65.486,19.787,-47.31,14.305,-63.137,40.922,-90.671,0,-109.86,-41.789,-96.816,-0.051,-36.823,,"하루（Haru）",-0.303,-17.886,,"SUGUN",-19.948,-46.929,,"k@ster",-12.455,-65.272,,"si_ho",19.773,-47.296,,"ByeolBam",14.68,-63.539,94,"AI",40.9,-90.65,,"AI",0,-109.84,,"눈꽃",-41.704,-97.927,,2044.172,0.089,-38.613,,,,,,,,,,,,,2041.034,2.468,-67.769,,,,,,,,,,,,,,,,,,,,,,,,,2042.751,2.564,-64.275,,,,,,,,,,"",2,-2.756,-2.756,5.651,0,0,1,14.813,14.813,16.457,14.813,0,-5.362,0,"AI",2039.66,,,34,""
67,,4,1,4,0,0,0,0,0,1,0,255,2,255,41,2059.922,"Penguin_iDOL",R,14,76,103,-1.144,-0.431,-0.223,1.858,-1.249,1.804,-36.493,23.055,87,13,0,2,"",365.589,312.348,30.705,0,0,2,"=","=","=","=","=","=","","","",1,R,"MODECO",190,85,0.447,3,73,W,Y,1,2061.067,172,135,102,103,82,,145,87,5.689,61.468,-0.225,0.896,-20.692,1,0,0.615,-78.074,463.011,258.82,2059.489,-17.042,-29.281,,,,,,0,0,,,,,,,,,,,,,2079.595,,,,,,,,,,,,,,,,,,,,,,,,,-0.12,-37.722,0.12,-17.823,-19.595,-45.396,-16.828,-62.865,18.682,-46.836,13.333,-61.537,40.93,-90.678,0,-109.871,-49.509,-98.782,-0.454,-37.546,,"하루（Haru）",0.11,-17.793,,"SUGUN",-19.433,-45.36,,"k@ster",-16.7,-62.66,,"si_ho",18.695,-46.797,,"ByeolBam",13.224,-63.13,,"AI",40.9,-90.65,,"AI",0,-109.84,,"눈꽃",-49.493,-98.773,,,,,,,,,,,,,,,,,,,,,,,,,,,,,,,,,,,,,,,,,,,,,,,,,,,,,,,,"",3,,,,,,,,,,,,,0,"",2063.257,,,0,""
68,,4,1,4,0,0,1,0,0,1,0,255,2,255,42,2080.015,"Penguin_iDOL",R,10,86,128,1.247,0.042,0.334,1.902,0.533,2.044,-36.493,41.222,74,26,0,2,"BH-",0,400,20.316,0,0,2,"=","=","=","=","=","=","","","",1,R,"MODECO",190,85,0.447,3,73,W,Y,1,2081.1,195,79,100,60,29,,145,90,107.699,-69.119,0.215,0.941,-19.561,-0.84,0,0.277,305.671,214.36,-321.712,,,,,,,,,0,0,,,,,,,,,,,,,2097.094,,,,,,,,,,,,,,,,,,,,,,,,,0.031,-37.706,0.083,-17.792,-19.139,-44.691,-16.931,-62.953,18.598,-46.667,10.795,-60.732,40.922,-90.67,0,-109.87,-49.443,-98.732,0.263,-36.9,,"하루（Haru）",0.097,-17.783,,"SUGUN",-18.305,-43.79,,"k@ster",-16.804,-62.765,,"si_ho",18.627,-46.654,,"ByeolBam",10.61,-60.08,,"AI",40.9,-90.65,,"AI",0,-109.84,,"눈꽃",-49.434,-98.75,,,,,,,,,,,,,,,,,,,,,,,,,,,,,,,,,,,,,,,,,,,,,,,,,,,,,,,,"",3,,,,,,,,,,,,,0,"",2083.159,,,0,""
69,,4,1,4,0,0,2,0,0,1,0,255,2,255,43,2097.38,"Penguin_iDOL",R,10,88,113,-1.15,-1.878,0.015,1.678,-0.501,0.929,-36.493,18.205,75,25,0,2,"",0,400,39.008,0,0,2,"=","=","=","=","=","=","","","",1,R,"MODECO",190,85,0.447,3,73,W,Y,1,2098.521,105,164,80,108,58,,136,81,0.322,60.781,-0.252,0.227,-20.036,1,0,0.525,185.144,557.622,-121.571,2096.369,-6.195,-23.272,,,,,,0,0,,,,,,,,,,,,,2101.804,,,,,,,,,,,,,,,,,,,,,,,,,-0.127,-37.57,-0.159,-17.808,-20.41,-46.715,-16.575,-63.124,18.76,-46.883,9.197,-60.307,40.922,-90.671,0,-109.86,-50.685,-98.345,-0.11,-37.127,,"하루（Haru）",-0.164,-17.814,,"SUGUN",-20.212,-46.463,,"k@ster",-16.531,-63.015,,"si_ho",18.744,-46.849,,"ByeolBam",9.197,-60.3,,"AI",40.9,-90.65,,"AI",0,-109.84,,"눈꽃",-50.679,-98.356,,,,,,,,,,,,,,,,,,,,,,,,,,,,,,,,,,,,,,,,,,,,,,,,,,,,,,,,"",3,,,,,,,,,,,,,0,"",2100.946,,,0,""
70,,4,1,4,0,0,2,0,0,1,0,255,2,255,44,2115.949,"Penguin_iDOL",R,26,94,140,0.158,0.695,0.248,1.832,0.224,1.87,-36.493,30.815,81,19,0,2,"",-130.213,-200,38.519,0,0,2,"=","=","=","=","=","=","","","",1,R,"MODECO",190,85,0.447,3,73,W,Y,1,2116.992,187,67,78,41,19,,138,127,21.359,41.436,-0.1,1.246,-19.312,0.67,0,0.238,238.619,210.983,-507.844,2119.809,-84.242,-107.643,,,,,,0,0,,2123.027,2127.769,2132.852,2137.936,,,,2125.186,2130.202,,,,,,,,,,,,,,,,,,,,,,,,,,,,0.051,-37.724,-0.134,-17.843,-20.368,-46.649,-16.546,-63.043,18.239,-47.17,8.669,-60.544,40.922,-90.671,0,-109.86,-51.13,-98.72,0.007,-36.832,,"하루（Haru）",-0.144,-17.835,,"SUGUN",-20.559,-46.281,,"k@ster",-16.469,-62.87,,"si_ho",18.223,-47.201,,"ByeolBam",8.665,-60.538,,"AI",40.9,-90.65,,"AI",0,-109.84,,"눈꽃",-51.131,-98.722,,,,,,,,,,,,,,,,,,,,,,,,,,,,,,,,,,,,,,,,,,,,,,,,,,,,,,,,"",4,,,,,,,,,,,,,0,"",2127.769,2125.186,2130.202,0,""
71,,4,1,6,0,0,0,0,0,0,0,255,255,255,45,2153.212,"Penguin_iDOL",R,14,80,105,-0.763,0.062,-0.137,1.986,-1.054,2.094,-36.493,35.266,90,10,0,0,"",372.687,312.348,22.094,0,0,3,"=","=","=","=","=","=","","","",5,R,"소솨소솨",182,80,0.503,,38,W,Y,0,,,,,,,,,,,,,,,,,,,,,,,,,,,,,0,0,,,,,,,,,,,,,,,,,,,,,,,,,,,,,,,,,,,,,,-0.134,-37.702,-0.113,-17.788,-19.754,-46.151,-16.427,-62.773,19.692,-47.431,14.12,-63.807,40.915,-90.664,0,-109.85,-49.558,-99.657,,,,"",,,,"",,,,"",,,,"",,,,"",,,,"",,,,"",,,,"",,,,,,,,,,,,,,,,,,,,,,,,,,,,,,,,,,,,,,,,,,,,,,,,,,,,,,,,,,"",0,,,,,,,,,,,,,0,"",,,,0,""
72,,4,1,6,0,0,1,0,0,0,0,255,255,255,46,2167.093,"Penguin_iDOL",R,29,77,115,-2.968,0.687,-0.095,1.788,-0.86,1.808,-36.493,28.524,94,6,0,4,"",-250,-197.457,8.596,0,0,3,"=","=","=","=","=","=","","","",5,R,"소솨소솨",182,80,0.503,,38,W,Y,1,,,,,,,,,,,,,,,,,,,,,,,,,,,,,0,0,,,,,,,,,,,,,,,,,,,,,,,,,,,,,,,,,,,,,,-0.213,-37.671,-0.458,-17.872,-19.541,-46.323,-16.496,-62.692,19.14,-47.981,12.776,-64.549,40.915,-90.664,0,-109.85,-49.545,-99.663,,,,"",,,,"",,,,"",,,,"",,,,"",,,,"",,,,"",,,,"",,,,,,,,,,,,,,,,,,,,,,,,,,,,,,,,,,,,,,,,,,,,,,,,,,,,,,,,,,"",0,,,,,,,,,,,,,0,"",,,,0,""
73,,4,1,6,0,0,2,0,0,0,0,255,255,255,47,2182.065,"Penguin_iDOL",R,13,76,102,-3.464,-1.743,0.013,1.703,-0.829,1.08,-36.493,24.092,100,0,0,2,"",-336.604,343.843,1.684,0,0,3,"=","=","=","=","=","=","","","",5,R,"소솨소솨",182,80,0.503,3,38,W,Y,1,2183.253,255,234,107,77,98,,145,84,13.022,16.161,-0.609,0.439,-20.862,-1,0,0.47,174.461,-271.022,172.878,,,,2183.089,3,-10.351,2.052,-58.209,0,0,,,,,,,,,,,,,,,2185.604,3,,452,0,,,,,,,,,,,,,,,,,,,-0.129,-37.782,-0.151,-17.697,-19.643,-46.323,-16.465,-62.539,19.021,-48.058,12.775,-64.519,40.915,-90.664,0,-109.85,-49.559,-99.667,-0.464,-37.108,,"하루（Haru）",-0.235,-17.748,,"SUGUN",-19.708,-46.129,,"k@ster",-16.277,-62.426,85,"si_ho",19.058,-48.006,,"ByeolBam",12.777,-64.52,,"AI",40.9,-90.65,,"AI",0,-109.84,,"눈꽃",-49.559,-99.675,,2188.924,-0.563,-38.417,,,,,,,2185.613,-10.843,-58.786,,,,,,,,,,,,,,,,,,,,,,,,,2187.895,-9.157,-52.843,,,,,,,,,,,,,,,,"",1,,,,,,,,,,,,,0,"k@ster",,,,36,""
74,,4,1,6,0,0,0,1,0,0,0,255,255,255,48,2203.384,"Penguin_iDOL",R,29,90,140,-2.044,-0.251,0.079,1.662,-0.561,1.255,-36.493,22.47,89,11,0,1,"",-250,-200,21.234,0,0,4,"=","=","=","=","=","=","","","",3,L,"Pugeuk",160,86.201,0.347,,38,W,Y,0,,,,,,,,,,,,,,,,,,,,,,,,,,,,,0,0,,,,,,,,,,,,,,,,,,,,,,,,,,,,,,,,,,,,,,-0.025,-37.728,0.052,-17.71,-19.792,-45.793,-12.162,-65.363,19.046,-45.192,13.55,-63.68,40.922,-90.67,0,-109.86,-50.179,-97.297,,,,"",,,,"",,,,"",,,,"",,,,"",,,,"",,,,"",,,,"",,,,2208.81,-0.434,-37.002,,,,,,,,,,,,,,,,,,,,,,,,,,,,,,,,,,,,,,,,,,,,,,,,,,,,"",0,,,,,,,,,,,,,0,"",,,,0,""
75,,4,1,6,0,1,0,1,0,0,0,255,255,255,49,2217.997,"Penguin_iDOL",R,14,85,123,-1.446,0.597,-0.078,1.963,-1.22,2.318,-36.493,36.977,85,15,0,0,"",378.174,327.085,25.534,0,0,4,"=","=","=","=","=","=","","","",3,L,"Pugeuk",160,86.201,0.347,,38,W,Y,0,,,,,,,,,,,,,,,,,,,,,,,,,,,,,0,0,,,,,,,,,,,,,,,,,,,,,,,,,,,,,,,,,,,,,,-0.016,-37.889,0.113,-17.746,-17.182,-42.815,-12.2,-65.377,18.663,-45.334,13.722,-63.733,40.915,-90.664,0,-109.85,-49.253,-98.156,,,,"",,,,"",,,,"",,,,"",,,,"",,,,"",,,,"",,,,"",,,,2223.661,0.297,-37.049,,,,,,,,,,,,,,,,,,,,,,,,,,,,,,,,,,,,,,,,,,,,,,,,,,,,"",0,,,,,,,,,,,,,0,"",,,,0,""
76,,4,1,6,0,1,1,1,0,0,0,255,255,255,50,2234.335,"Penguin_iDOL",R,10,81,121,0.823,-1.223,0.336,1.93,0.349,1.462,-36.493,42.438,70,30,0,1,"",0,400,26.409,0.12,-17.627,4,"=","=","=","=","=","=","","","",3,L,"Pugeuk",160,86.201,0.347,,38,W,Y,0,,,,,,,,,,,,,,,,,,,,,,,,,,,,,0,0,,,,,,,,,,,,,,,,,,,,,,,,,,,,,,,,,,,,,,0.051,-37.71,0.107,-17.738,-19.857,-45.662,-12.158,-65.115,18.99,-45.392,13.653,-63.69,40.915,-90.664,0,-109.85,-45.471,-94.339,,,,"",,,,"",,,,"",,,,"",,,,"",,,,"",,,,"",,,,"",,,,2239.54,-0.244,-36.983,,,,,,,,,,,,,,,,,,,,,,,,,,,,,,,,,,,,,,,,,,,,,,,,,,,,"",0,,,,,,,,,,,,,0,"",,,,0,""
77,,4,1,6,0,2,1,1,0,0,0,255,255,255,51,2253.372,"Penguin_iDOL",R,5,79,114,-1.054,-0.647,0.193,1.791,-0.268,1.245,-36.493,30.245,100,0,0,0,"",-113.354,0,5.445,0,0,4,"=","=","=","=","=","=","","","",3,L,"Pugeuk",160,86.201,0.347,,38,W,Y,1,,,,,,,,,,,,,,,,,,,,,,,,,,,,,0,0,,,,,,,,,,,,,,,,,,,,,,,,,,,,,,,,,,,,,,-0.056,-37.68,-0.151,-17.839,-19.585,-45.924,-12.238,-65.328,18.786,-45.614,14.175,-63.505,40.922,-90.67,0,-109.86,-45.464,-94.355,,,,"",,,,"",,,,"",,,,"",,,,"",,,,"",,,,"",,,,"",,,,2258.792,-0.161,-37.348,,,,,,,,,,,,,,,,,,,,,,,,,,,,,,,,,,,,,,,,,,,,,,,,,,,,"",0,,,,,,,,,,,,,0,"",,,,0,""
78,,4,1,6,0,2,2,1,0,0,0,255,255,255,52,2268.611,"Penguin_iDOL",R,14,91,113,2.29,-1.451,0.259,1.821,0.317,1.297,-36.493,30.016,84,16,0,4,"",381.713,322.948,13.136,0.552,-17.91,4,"=","=","=","=","=","=","","","",3,L,"Pugeuk",160,86.201,0.347,,38,W,Y,1,,,,,,,,,,,,,,,,,,,,,,,,,,,,,0,0,,,,,,,,,,,,,,,2273.989,4,,147,16,,,,,,,,,,,,,,,,,,,0.078,-37.784,0.206,-17.726,-19.486,-46.084,-12.24,-65.384,19.099,-44.725,14.261,-63.869,40.915,-90.664,0,-109.85,-45.633,-94.264,,,,"",,,,"",,,,"",,,,"",,,,"",,,,"",,,,"",,,,"",,,,2275.575,-0.335,-38.363,,,,,,,,,,,,,,,,,,,,,,,,,,,,,,,,,,,,,,,,,,,,,,,,,,,,"",0,,,,,,,,,,,,,0,"",,,,0,""
79,,4,1,6,0,0,0,2,0,0,0,255,255,255,53,2290.497,"Penguin_iDOL",R,26,84,137,0.728,-0.569,0.262,1.824,0.441,1.065,-36.493,33.838,85,15,0,0,"",-100.571,-200,29.345,0,0,5,"=","=","=","=","=","=","","","",0,R,"ke ro",190,80.196,0.397,,38,W,Y,0,,,,,,,,,,,,,,,,,,,,,,,,,,,,,0,0,,,,,,,,,,,,,,,,,,,,,,,,,,,,,,,,,,,,,,0.089,-37.867,0.107,-17.709,-19.223,-45.347,-16.656,-62.866,19.285,-46.898,13.916,-63.847,40.922,-90.671,0,-109.86,-45.813,-94.346,,,,"",,,,"",,,,"",,,,"",,,,"",,,,"",,,,"",,,,"",,,,2295.319,-0.226,-37.396,,,,,,,,,,,,,,,,,,,,,,,,,,,,,,,,,,,,,,,,,,,,,,,,,,,,"",0,,,,,,,,,,,,,0,"",,,,0,""
80,,4,1,6,0,0,1,2,0,0,0,255,255,255,54,2309.722,"Penguin_iDOL",R,29,88,123,-2.037,0.031,0.012,1.836,-0.524,1.423,-36.493,32.456,85,15,0,1,"",-230.467,-200,9.557,0,0,5,"=","=","=","=","=","=","","","",0,R,"ke ro",190,80.196,0.397,,38,W,Y,0,,,,,,,,,,,,,,,,,,,,,,,,,,,,,0,0,,,,,,,,,,,,,,,,,,,,,,,,,,,,,,,,,,,,,,-0.034,-37.83,-0.412,-17.751,-19.642,-45.928,-16.735,-62.776,18.928,-47.185,13.662,-64.745,40.922,-90.67,0,-109.86,-47.089,-96.923,,,,"",,,,"",,,,"",,,,"",,,,"",,,,"",,,,"",,,,"",,,,2315.688,-0.132,-36.938,,,,,,,,,,,,,,,,,,,,,,,,,,,,,,,,,,,,,,,,,,,,,,,,,,,,"",0,,,,,,,,,,,,,0,"",,,,0,""
81,,4,1,6,0,1,1,2,0,0,0,255,255,255,55,2324.652,"Penguin_iDOL",R,13,82,110,-1.704,-1.631,0.066,1.643,-0.415,0.958,-36.493,22.533,100,0,0,2,"",-179.973,286.879,5.286,0,0,5,"=","=","=","=","=","=","","","",0,R,"ke ro",190,80.196,0.397,3,38,W,Y,1,2325.712,126,127,50,71,62,,133,79,-2.695,32.259,-0.462,0.422,-21.229,1,0,0.804,-307.204,438.815,225.566,2323.262,-3.202,-25.501,2324.742,2,-15.127,0.058,-43.243,0,0,,,,,,,,,,,,,,,2329.084,5,,147,0,,,,,,,,,,,2328.481,2,,,,,,,-0.136,-37.66,-0.206,-17.711,-19.605,-46.139,-16.647,-62.841,18.858,-47.269,13.615,-64.675,40.907,-90.657,0,-109.85,-47.057,-96.878,-0.227,-36.873,,"하루（Haru）",-0.203,-17.725,,"SUGUN",-19.542,-45.94,95,"k@ster",-16.67,-62.747,,"si_ho",18.819,-47.277,,"ByeolBam",13.613,-64.698,,"AI",40.9,-90.65,,"AI",0,-109.84,,"눈꽃",-47.048,-96.862,,,,,,,,2327.35,-15.874,-43.483,,,,,,,,,,,,,,,,,,,,,,,,,2329.686,-17.348,-39.597,,,,,,,,,,,,,,,,,,,"",2,,,,,,,,,,,,,0,"SUGUN",,,,8,""
82,SIDE,4,1,6,0,0,0,2,0,0,0,255,255,255,,2330.128,,,,,,,,,,,,,,,,,,,,,,,,0,"=","=","=","=","=","=","","","",,,,,,,,,,,,,,,,,,,,,,,,,,,,,,,,,,,,,,,0,0,,,,,,,,,,,,,,,,,,,,,,,,,,,,,,,,,,,,,,,,,,,,,,,,,,,,,,,,,,,,,,,,,,,,,,,,,,,,,,,,,,,,,,,,,,,,,,,,,,,,,,,,,,,,,,,,,,,,,,,,,,,,,,,,,,,,,,,,,,,,,,,,,"",0,,,,,,,,,,,,,0,"",,,,0,""
83,,4,0,6,0,0,0,0,0,0,0,255,255,255,19,2358.172,"ke ro",R,26,96,140,-0.957,-0.662,0.097,1.383,-0.479,1.043,-36.623,7.83,48,52,0,0,"",43.067,-200,16.038,0,0,2,"si_ho","ByeolBam","k@ster","SUGUN","하루（Haru）","Penguin_iDOL","눈꽃","","",3,R,"k@ster",168.4,80,0.2,,38,W,Y,0,,,,,,,,,,,,,,,,,,,,,,,,,,,,,0,0,,,,,,,,,,,,,,,,,,,,,,,,,,,,,,,,,,,,,,-0.097,-37.539,-0.054,-17.655,-22.117,-47.954,-15.932,-57.756,19.194,-47.646,13.619,-66.562,40.93,-90.677,0,-109.87,-40.83,-90.577,,,,"",,,,"",,,,"",,,,"",,,,"",,,,"",,,,"",,,,"",,,,,,,,,,,,,,,,,,,,,,,,,,,,,,,,,,,,,,,,,,,,,,,,,,,,,,,,,,"",0,,,,,,,,,,,,,0,"",,,,0,""
84,,4,0,6,0,0,1,0,0,0,0,255,255,255,20,2372.243,"ke ro",R,26,83,135,1.94,1.246,0.371,1.768,0.8,2.088,-36.623,28.226,99,1,0,4,"",24.234,-200,9.867,0,0,2,"=","=","=","=","=","=","=","","",3,R,"k@ster",168.4,80,0.2,,38,W,Y,1,,,,,,,,,,,,,,,,,,,,,,,,,,,,,0,0,,,,,,,,,,,,,,,2386.519,2,,578,32,,,,,,,,,,,,,,,,,,,0.057,-37.8,-0.079,-17.576,-22.247,-47.997,-16.28,-58.388,20.298,-49.017,12.199,-65.31,40.915,-90.664,0,-109.85,-40.815,-90.564,,,,"",,,,"",,,,"",,,,"",,,,"",,,,"",,,,"",,,,"",,,,,,,,,,,,,,,,,,,,,,,,,,,,,,,,,,,,,,,,,,,,,,,,,,,,,,,,,,"",0,,,,,,,,,,,,,0,"",,,,0,""
85,,4,0,6,0,0,2,0,0,0,0,255,255,255,21,2408.022,"ke ro",R,10,83,124,1.054,0.168,0.326,1.811,0.449,2.185,-36.623,35.842,100,0,0,0,"",0,400,3.259,0,0,2,"=","=","=","=","=","=","=","","",3,R,"k@ster",168.4,80,0.2,,89,W,Y,1,,,,,,,,,,,,,,,,,,,,,,,,,,,,,0,0,,,,,,,,,,,,,,,2410.515,2,,578,0,,,,,,,,,,,,,,,,,,,-0.031,-37.829,-0.123,-17.503,-22.262,-47.951,-14.649,-60.703,20.307,-49.061,13.15,-64.652,40.951,-90.698,0,-109.89,-40.852,-90.598,,,,"",,,,"",,,,"",,,,"",,,,"",,,,"",,,,"",,,,"",,,,,,,,,,,,,,,,,,,,,,,,,,,,,,,,,,,,,,,,,,,,,,,,,,,,,,,,,,"",0,,,,,,,,,,,,,0,"",,,,0,""
86,,4,0,6,0,0,0,1,0,0,0,255,255,255,22,2426.323,"ke ro",R,10,83,124,1.554,-0.011,0.378,1.821,0.665,2.048,-36.623,35.491,95,5,0,2,"",0,400,4.343,0,0,3,"=","=","=","=","=","=","=","","",2,R,"SUGUN",184.9,82.092,0.446,5,38,W,Y,1,2427.335,166,198,107,52,11,,145,104,-74.273,-39.737,0.164,0.905,-20.205,-0.16,0,0.424,142.577,528.201,-212.72,2424.649,0.331,-20.408,2428.156,0,-3.268,2.757,-31.585,0,8,,2432.8,,,,,,,,,,,,,2432.92,3,,147,32,,,,,,,,,,,,,,,,,,,-0.031,-37.871,-0.055,-17.551,-22.229,-47.936,-16.767,-61.936,20.543,-48.714,12.253,-65.381,40.915,-90.664,0,-109.86,-40.815,-90.564,0.304,-38.04,120,"MODECO",0.058,-17.635,,"Pring__",-22.04,-47.729,86,"Pugeuk",-16.716,-61.845,,"aura_5599",20.162,-48.604,,"소솨소솨",12.185,-65.145,,"AI",40.9,-90.65,,"AI",0,-109.84,,"AI",-40.8,-90.55,,2430.969,-3.291,-32.143,,,,2432.322,-18.838,-39.096,,,,,,,,,,,,,,,,,,,2431.703,-6.553,-32.943,,,,2435.855,-17.898,-39.587,,,,,,,,,,,,,,,,,,,"",2,-171.281,-39.414,2.893,1,1,0.859,-74.273,-74.273,-11.791,-77.141,0,-171.992,0,"ke ro",,,,34,""
87,,4,0,6,0,0,0,2,0,0,0,255,255,255,23,2453.064,"ke ro",R,27,86,139,-0.665,-0.156,0.133,1.474,-0.31,1.409,-36.623,3.675,56,44,0,2,"",11.462,-124.373,13.391,0,0,4,"=","=","=","=","=","=","=","","",1,R,"하루（Haru）",190,85.172,0.403,3,38,W,Y,1,2454.11,187,87,119,71,36,,145,100,25.046,26.626,-0.139,0.902,-19.354,0.98,0.048,0.251,288.619,283.6,-426.618,2456.396,-44.484,-97.854,2456.623,8,-42.961,2.053,-95.525,0,0,,,,,,,,,,,,,,,2459.353,4,,456,0,,,,,,,,,,,,,,,,,,,0.046,-37.82,-0.038,-17.531,-22.297,-47.509,-16.673,-60.671,18.45,-47.77,11.951,-67.052,40.922,-90.67,0,-109.86,-40.822,-90.571,0.156,-37.908,,"MODECO",-0.102,-17.677,,"Pring__",-22.03,-47.374,,"Pugeuk",-16.644,-60.497,,"aura_5599",18.378,-47.65,,"소솨소솨",10.648,-65.156,,"AI",40.9,-90.65,,"AI",0,-109.84,,"AI",-40.8,-90.55,,,,,,,,,,,,,,,,,,,,,,,,,,,,,,,,,,,,,,,,,,,,,,,,,,,,,,,,"",1,,,,,,,,,,,,,0,"AI",,,,0,""
88,SIDE,4,0,6,0,0,0,2,0,0,0,255,255,255,,2460.667,,,,,,,,,,,,,,,,,,,,,,,,5,"=","=","=","=","=","=","=","","",,,,,,,,,,,,,,,,,,,,,,,,,,,,,,,,,,,,,,,0,0,,,,,,,,,,,,,,,,,,,,,,,,,,,,,,,,,,,,,,,,,,,,,,,,,,,,,,,,,,,,,,,,,,,,,,,,,,,,,,,,,,,,,,,,,,,,,,,,,,,,,,,,,,,,,,,,,,,,,,,,,,,,,,,,,,,,,,,,,,,,,,,,,"",0,,,,,,,,,,,,,0,"",,,,0,""
89,,5,1,6,0,0,0,0,0,0,0,255,255,255,56,2489.358,"Penguin_iDOL",R,29,86,122,-1.765,0.107,0.048,1.839,-0.389,1.469,-36.493,33.693,84,16,0,2,"",-239.022,-200,13.741,0,0,0,"aura_5599","Pring__","MODECO","소솨소솨","Pugeuk","ke ro","","","",4,R,"aura_5599",190,94.687,0.448,3,38,W,Y,1,2490.437,215,96,79,96,50,,145,130,23.307,36.879,-0.31,1.092,-20.848,0.67,0,0.275,-63.302,257.749,496.305,2491.583,-67.557,-99.458,2493.089,8,-61.344,0.056,-96.149,1,1,,2496.179,,,,,,,,,,,,,2503.039,0,1,275,66,,,,,,,,,,,,,,,,,,,-0.184,-37.597,-0.404,-17.692,-19.867,-47.036,-16.642,-62.984,19.332,-48.387,14.53,-64.118,40.93,-90.677,0,-109.87,-41.731,-96.464,-0.101,-37.138,,"하루（Haru）",-0.38,-17.703,,"SUGUN",-19.903,-46.746,76,"k@ster",-16.618,-62.931,,"si_ho",19.204,-48.497,,"ByeolBam",12.794,-64.896,107,"AI",40.9,-90.65,,"AI",0,-109.84,,"눈꽃",-41.601,-95.872,130,2507.524,-0.988,-39.454,,,,2502.769,-18.834,-40.077,,,,,,,2499.024,0.207,-60.03,,,,,,,2495.977,-60.689,-95.66,,,,,,,2506.51,-13.972,-41.284,,,,,,,2502.121,-11.22,-47.243,,,,,,,2496.605,-56.761,-94.249,"",2,,,,,,,,,,,,,0,"눈꽃",,,,106,""
90,,5,1,6,0,0,0,1,0,0,0,255,255,255,57,2526.655,"Penguin_iDOL",R,29,89,140,-1.435,0.328,0.155,1.751,-0.01,1.708,-36.493,34.094,85,15,0,2,"",-250,-200,13.606,0,0,1,"=","=","=","=","=","=","","","",2,L,"Pring__",190,93.089,0.478,0,38,W,Y,1,2527.605,167,128,75,102,37,,145,92,111.671,69.133,-0.009,1.22,-19.889,1,0,0.296,-91.004,-525.789,226.425,,,,,,,,,0,0,,,,,,,,,,,,,,,,,,,,,,,,,,,,,,,,,,,,,,-0.154,-37.684,-0.117,-17.856,-19.781,-45.683,-12.16,-65.6,20.388,-47.757,14.811,-63.792,40.93,-90.678,0,-109.87,-42.85,-99.318,-0.06,-36.931,,"하루（Haru）",-0.103,-17.879,,"SUGUN",-19.664,-45.604,,"k@ster",-12.046,-65.345,,"si_ho",20.36,-47.774,,"ByeolBam",14.653,-64.211,,"AI",40.9,-90.65,,"AI",0,-109.84,,"눈꽃",-42.868,-99.32,,,,,,,,,,,,,,,,,,,,,,,,,,,,,,,,,,,,,,,,,,,,,,,,,,,,,,,,"",3,,,,,,,,,,,,,0,"",,,,0,""
91,,5,1,6,0,0,1,1,0,0,0,255,255,255,58,2542.119,"Penguin_iDOL",R,29,89,140,-1.972,-0.128,0.086,1.674,-0.53,1.356,-36.493,25.488,89,11,0,2,"",-250,-200,21.512,0,0,1,"=","=","=","=","=","=","","","",2,L,"Pring__",190,93.089,0.478,5,38,W,Y,1,2543.022,190,156,120,96,57,,145,92,95.638,-40.535,-0.295,0.941,-20.649,-0.87,0,0.404,360.519,-425.381,221.534,2546.756,-11.005,-8.738,2547.009,1,-10.846,2.619,-8.866,0,0,,,,,,,,,,,,,,,2549.865,1,,450,0,,,,,,,,,,,,,,,,,,,-0.099,-37.716,-0.107,-17.867,-19.538,-45.688,-12.3,-65.482,20.689,-47.945,14.593,-64.218,40.915,-90.664,0,-109.85,-42.08,-100.208,-0.139,-36.742,,"하루（Haru）",-0.1,-17.87,112,"SUGUN",-19.467,-46.153,,"k@ster",-12.166,-65.198,,"si_ho",20.65,-47.968,,"ByeolBam",14.589,-64.234,,"AI",40.9,-90.65,,"AI",0,-109.84,,"눈꽃",-42.082,-100.214,,2561.6,0.054,-36.897,2549.874,-10.685,-8.72,,,,,,,,,,,,,,,,,,,,,,,,,2560.632,0.175,-19.096,,,,,,,,,,,,,,,,,,,,,,"",1,-38.101,-38.101,4.284,0,1,0.956,84.362,84.362,-4.543,71.012,0,-64.866,0,"하루（Haru）",,,,48,""
92,,5,1,6,0,0,0,2,0,0,0,255,255,255,59,2576.982,"Penguin_iDOL",R,14,84,123,-1.134,0.211,-0.049,1.94,-1.068,2.102,-36.493,37.379,86,14,0,2,"",366.047,340.602,15.113,0,0,2,"=","=","=","=","=","=","","","",1,R,"MODECO",190,85,0.447,3,73,W,Y,1,2578.041,164,125,131,80,57,,145,130,27.014,5.758,-0.202,1.059,-20.066,0.58,0,0.452,474.07,207.299,-17.589,2580.836,-18.19,-140.271,,,,,,0,0,,2584.167,2588.717,2593.996,2599.039,,,,,,,,,,,,,,,,,,,,,,,,,,,,,,,,,-0.002,-37.876,-0.328,-17.917,-19.457,-45.759,-16.414,-63.104,19.334,-47.606,11.63,-65.621,40.922,-90.671,0,-109.85,-53.118,-99.495,-0.376,-36.735,,"하루（Haru）",-0.328,-17.927,,"SUGUN",-19.211,-45.678,,"k@ster",-16.395,-63.098,,"si_ho",19.422,-47.564,,"ByeolBam",11.63,-65.617,,"AI",40.9,-90.65,,"AI",0,-109.84,,"눈꽃",-53.118,-99.502,,,,,,,,,,,,,,,,,,,,,,,,,,,,,,,,,,,,,,,,,,,,,,,,,,,,,,,,"",4,,,,,,,,,,,,,0,"",2588.717,2593.996,2596.651,0,""
93,,5,1,7,0,0,0,2,0,0,0,255,255,255,60,2618.386,"Penguin_iDOL",R,26,86,140,1.531,0.453,0.346,1.738,0.897,1.698,-36.493,33.863,89,11,0,2,"",-179.548,-200,9.124,0,0,3,"=","=","=","=","=","=","","","",5,R,"소솨소솨",182,80,0.503,3,38,W,Y,1,2619.423,229,109,87,57,11,,145,128,21.646,-38.92,0.274,1.106,-19.892,0.52,0,0.507,-297.125,158.863,447.383,2621.209,59.599,-105.29,2621.903,6,57.305,0.427,-104.431,1,0,,2625.39,,,,,,,,,,,,,,,,,,,,,,,,,,,,,,,,,,,,0.069,-37.719,-0.041,-17.95,-19.212,-45.55,-16.473,-63.123,19.674,-47.962,12.721,-65.178,40.922,-90.67,0,-109.85,-51.119,-100.257,0.18,-37.029,,"하루（Haru）",-0.037,-17.945,,"SUGUN",-19.203,-45.338,,"k@ster",-16.425,-63.03,83,"si_ho",19.589,-47.808,,"ByeolBam",12.716,-65.17,107,"AI",40.9,-90.65,,"AI",0,-109.84,,"눈꽃",-51.141,-100.258,,2636.017,0.328,-38.717,,,,,,,2630.257,0.706,-59.15,,,,2628.924,10.748,-68.053,,,,,,,,,,,,,,,,,,,2634.792,0.488,-58.215,,,,2629.589,7.644,-66.662,,,,,,,,,,"",2,,,,,,,,,,,,,0,"AI",,,,38,""
94,,5,1,7,0,0,0,2,1,0,0,5,255,255,61,2650.044,"Penguin_iDOL",R,29,87,140,-0.796,-1.761,0.156,1.625,-0.022,0.454,-36.493,30.696,86,14,0,4,"",-250,-200,22.821,-0.19,-18.662,4,"=","=","=","=","=","=","","","",3,L,"Pugeuk",160,86.201,0.347,,38,W,Y,1,,,,,,,,,,,,,,,,,,,,,,,,,,,,,0,0,,,,,,,,,,,,2650.877,,,,,,,,,,,,,,,,,,,,,,,,,,-0.071,-37.725,-0.125,-18.027,-19.988,-40.588,-11.947,-65.714,18.55,-45.335,14.038,-64.528,40.922,-90.671,0,-109.86,-43.223,-93.701,,,,"",,,,"",,,,"",,,,"",,,,"",,,,"",,,,"",,,,"",,,,2656.618,0.336,-37.015,,,,,,,,,,,,,,,,,,,,,,,,,,,,,,,,,,,,,,,,,,,,,,,,,,,,"",0,,,,,,,,,,,,,0,"",,,,0,""
95,,5,1,7,0,0,1,2,1,0,0,5,255,255,62,2671.18,"Penguin_iDOL",R,3,69,98,-1.897,-1.336,0.259,1.788,-0.044,1.288,-36.493,35.65,100,0,0,1,"",-371.195,214.924,7.86,-1.017,-19.453,4,"=","=","=","=","=","=","","","",3,L,"Pugeuk",160,86.201,0.347,,38,W,Y,0,,,,,,,,,,,,,,,,,,,,,,,,,,,,,0,0,,,,,,,,,,,,2691.87,,,,,,,,,,,,,,,,,,,,,,,,,,0.01,-37.708,0.01,-17.944,-20.102,-44.031,-11.83,-65.736,18.187,-44.957,10.585,-59.6,40.922,-90.67,0,-109.86,-42.591,-93.687,,,,"",,,,"",,,,"",,,,"",,,,"",,,,"",,,,"",,,,"",,,,2678.7,0.176,-36.87,,,,,,,,,,,,,,,,,,,,,,,,,,,,,,,,,,,,,,,,,,,,,,,,,,,,"",0,,,,,,,,,,,,,0,"",,,,0,""
96,,5,1,7,0,1,1,2,1,0,0,5,255,255,63,2692.14,"Penguin_iDOL",R,14,74,101,-0.293,0.3,-0.077,2.033,-0.836,2.317,-36.493,38.079,86,14,0,0,"",348.211,325.849,12.517,0,0,4,"=","=","=","=","=","=","","","",3,L,"Pugeuk",160,86.201,0.347,,38,W,Y,0,,,,,,,,,,,,,,,,,,,,,,,,,,,,,0,0,,,,,,,,,,,,2710.548,,,,,,,,,,,,,,,,,,,,,,,,,,-0.12,-37.713,0.001,-17.959,-19.904,-40.55,-11.721,-65.977,18.183,-45.272,10.904,-60.091,40.922,-90.67,0,-109.86,-43.287,-90.88,,,,"",,,,"",,,,"",,,,"",,,,"",,,,"",,,,"",,,,"",,,,2698.437,0.205,-36.923,,,,,,,,,,,,,,,,,,,,,,,,,,,,,,,,,,,,,,,,,,,,,,,,,,,,"",0,,,,,,,,,,,,,0,"",,,,0,""
97,,5,1,7,0,1,2,2,1,0,0,5,255,255,64,2710.749,"Penguin_iDOL",R,14,73,112,2.614,-1.187,0.261,1.95,0.451,1.439,-36.493,37.183,83,17,0,1,"",381.4,323.318,16.385,0,0,4,"=","=","=","=","=","=","","","",3,L,"Pugeuk",160,86.201,0.347,,38,W,Y,0,,,,,,,,,,,,,,,,,,,,,,,,,,,,,0,0,,,,,,,,,,,,,,,,,,,,,,,,,,,,,,,,,,,,,,-0.042,-37.467,0.236,-18.033,-19.998,-40.575,-11.685,-65.949,19.056,-45.585,13.278,-62.453,40.915,-90.664,0,-109.86,-41.086,-87.782,,,,"",,,,"",,,,"",,,,"",,,,"",,,,"",,,,"",,,,"",,,,2716.936,0.071,-37.072,,,,,,,,,,,,,,,,,,,,,,,,,,,,,,,,,,,,,,,,,,,,,,,,,,,,"",0,,,,,,,,,,,,,0,"",,,,0,""
98,,5,1,7,0,2,2,2,1,0,0,5,255,255,65,2727.68,"Penguin_iDOL",R,26,83,135,-1.07,1.502,0.137,1.899,-0.291,2.17,-36.493,34.702,77,23,0,2,"",-128.82,-200,20.957,0,0,4,"=","=","=","=","=","=","","","",3,L,"Pugeuk",160,86.201,0.347,0,38,W,Y,1,2728.746,55,20,36,7,5,,26,49,-7.895,15.831,-0.223,1.114,-19.986,-1,0,0.242,-57.422,154.405,-448.543,2726.009,-1.688,-25.037,2727.489,0,-3.965,0.059,-36.606,0,0,,2733.527,,,,2733.388,,,,,,2727.695,,,2733.235,4,,147,32,,,,,,,,,,,,,,,,,,,0.003,-37.701,-0.097,-18.023,-20.284,-40.895,-11.626,-65.949,19.052,-45.615,12.901,-60.796,40.915,-90.664,0,-109.85,-40.473,-86.047,-0.065,-36.845,89,"하루（Haru）",-0.074,-18.001,,"SUGUN",-19.828,-44.853,84,"k@ster",-11.579,-65.766,,"si_ho",19.043,-45.623,,"ByeolBam",13.066,-60.791,,"AI",40.9,-90.65,,"AI",0,-109.84,,"눈꽃",-39.904,-86.367,,2730.603,-3.579,-36.8,,,,2732.65,-18.145,-39.683,,,,,,,,,,,,,,,,,,,2731.783,-4.576,-36.671,,,,2734.129,-17.13,-39.385,,,,,,,,,,,,,,,,,,,"",2,,,,,,,,,,,,,0,"Penguin_iDOL",2733.388,,,40,""
99,SIDE,5,1,7,0,0,0,2,1,0,0,5,255,255,,2734.201,,,,,,,,,,,,,,,,,,,,,,,,5,"=","=","=","=","=","=","","","",,,,,,,,,,,,,,,,,,,,,,,,,,,,,,,,,,,,,,,0,0,,,,,,,,,,,,,,,,,,,,,,,,,,,,,,,,,,,,,,,,,,,,,,,,,,,,,,,,,,,,,,,,,,,,,,,,,,,,,,,,,,,,,,,,,,,,,,,,,,,,,,,,,,,,,,,,,,,,,,,,,,,,,,,,,,,,,,,,,,,,,,,,,"",0,,,,,,,,,,,,,0,"",,,,0,""
100,,5,0,7,0,0,0,0,0,0,0,255,255,255,24,2815.278,"ke ro",R,29,76,127,-0.407,0.328,0.172,1.602,0.184,1.622,-36.623,24.043,52,48,0,0,"",-250,-200,41.617,0,0,5,"si_ho","ByeolBam","k@ster","SUGUN","하루（Haru）","Penguin_iDOL","눈꽃","","",0,R,"Penguin_iDOL",190,80,0.25,,74,W,Y,1,,,,,,,,,,,,,,,,,,,,,,,,,,,,,0,0,,,,,,,,,,,,,,,,,,,,,,,,,,,,,,,,,,,,,,-0.104,-37.832,-0.109,-17.633,-21.11,-46.857,-16.71,-59.493,18.363,-48.252,12.556,-66.507,41.025,-90.766,0,-109.96,-40.925,-90.666,,,,"",,,,"",,,,"",,,,"",,,,"",,,,"",,,,"",,,,"",,,,,,,,,,,,,,,,,,,,,,,,,,,,,,,,,,,,,,,,,,,,,,,,,,,,,,,,,,"",0,,,,,,,,,,,,,0,"",,,,0,""
101,,5,0,7,0,0,1,0,0,0,0,255,255,255,25,2832.433,"ke ro",R,10,66,110,0.008,-2.529,0.26,1.595,-0.003,0.525,-36.623,19.287,70,30,0,4,"",0,400,24.078,0.001,-20.396,5,"=","=","=","=","=","=","=","","",0,R,"Penguin_iDOL",190,80,0.25,,74,W,Y,1,,,,,,,,,,,,,,,,,,,,,,,,,,,,,0,0,,,,,,,,,,,,,,,,,,,,,,,,,,,,,,,,,,,,,,0,-37.773,-0.119,-17.577,-21.083,-46.814,-16.801,-59.572,18.62,-47.817,11.823,-65.933,40.915,-90.664,0,-109.86,-40.815,-90.564,,,,"",,,,"",,,,"",,,,"",,,,"",,,,"",,,,"",,,,"",,,,,,,,,,,,,,,,,,,,,,,,,,,,,,,,,,,,,,,,,,,,,,,,,,,,,,,,,,"",0,,,,,,,,,,,,,0,"",,,,0,""
102,,5,0,7,0,0,2,0,0,0,0,255,255,255,26,2849.638,"ke ro",R,26,87,140,-0.468,1.003,0.151,1.678,-0.229,2.069,-36.623,15.362,100,0,0,4,"",15.172,-200,17.945,0,0,5,"=","=","=","=","=","=","=","","",0,R,"Penguin_iDOL",190,80,0.25,,74,W,Y,1,,,,,,,,,,,,,,,,,,,,,,,,,,,,,0,0,,,,,,,,,,,,,,,2852.134,5,,578,0,,,,,,,,,,,,,,,,,,,0.063,-37.97,-0.111,-17.587,-21.079,-46.852,-16.922,-60.996,18.915,-47.612,12.023,-65.211,40.915,-90.664,0,-109.86,-40.815,-90.564,,,,"",,,,"",,,,"",,,,"",,,,"",,,,"",,,,"",,,,"",,,,,,,,,,,,,,,,,,,,,,,,,,,,,,,,,,,,,,,,,,,,,,,,,,,,,,,,,,"",0,,,,,,,,,,,,,0,"",,,,0,""
103,,5,0,7,0,0,0,1,0,0,0,255,255,255,27,2874.281,"ke ro",R,10,72,113,-0.761,-0.47,0.128,1.603,-0.335,1.825,-36.623,7.412,70,30,0,0,"",0,400,21.723,0,0,6,"=","=","=","=","=","=","=","","",8,L,"눈꽃",190,85,0.497,,38,W,Y,1,,,,,,,,,,,,,,,,,,,,,,,,,,,,,0,0,,,,,,,,,,,,,,,,,,,,,,,,,,,,,,,,,,,,,,-0.008,-37.807,-0.096,-17.597,-21.003,-46.767,-16.475,-62.114,21.587,-50.256,13.483,-64.888,40.929,-90.677,0,-109.87,-40.83,-90.577,,,,"",,,,"",,,,"",,,,"",,,,"",,,,"",,,,"",,,,"",,,,,,,,,,,,,,,,,,,,,,,,,,,,,,,,,,,,,,,,,,,,,,,,,,,,,,,,,,"",0,,,,,,,,,,,,,0,"",,,,0,""
104,,5,0,7,0,0,1,1,0,0,0,255,255,255,28,2889.801,"ke ro",R,27,75,126,2.245,1.336,0.416,1.829,0.835,2.318,-36.623,37.513,97,3,0,4,"",84.246,-130.029,1.734,0,0,6,"=","=","=","=","=","=","=","","",8,L,"눈꽃",190,85,0.497,,38,W,Y,1,,,,,,,,,,,,,,,,,,,,,,,,,,,,,0,0,,,,,,,,,,,,,,,,,,,,,,,,,,,,,,,,,,,,,,0.057,-37.816,-0.071,-17.581,-21.058,-46.824,-16.447,-62.14,21.286,-50.401,13.23,-65.754,40.915,-90.664,0,-109.85,-40.815,-90.564,,,,"",,,,"",,,,"",,,,"",,,,"",,,,"",,,,"",,,,"",,,,,,,,,,,,,,,,,,,,,,,,,,,,,,,,,,,,,,,,,,,,,,,,,,,,,,,,,,"",0,,,,,,,,,,,,,0,"",,,,0,""
105,,5,0,7,0,0,2,1,0,0,0,255,255,255,29,2905.669,"ke ro",R,10,58,104,2.749,0.336,0.526,1.842,1.182,2.395,-36.623,40.383,100,0,0,2,"",0,400,4.142,0,0,6,"=","=","=","=","=","=","=","","",8,L,"눈꽃",190,85,0.497,3,38,W,Y,1,2906.83,255,186,84,92,52,,145,87,20.664,-33.214,0.509,1.179,-20.664,1,0,0.53,214.288,-391.713,-400.801,2906.623,36.3,-66.906,2908.529,6,48.502,0.06,-80.444,1,0,,2912.547,,,,,,,,,,,,,,,,,,,,,,,,,,,,,,,,,,,,0.128,-37.812,-0.109,-17.571,-21.085,-46.739,-16.532,-62.099,19.732,-48.824,13.556,-66.691,40.915,-90.664,0,-109.85,-40.815,-90.564,0.3,-37.749,,"MODECO",-0.005,-17.61,,"Pring__",-20.905,-46.676,,"Pugeuk",-16.465,-61.993,77,"aura_5599",19.728,-48.831,,"소솨소솨",12.956,-64.827,,"AI",40.9,-90.65,,"AI",0,-109.84,,"AI",-40.8,-90.55,,2920.317,-0.026,-38.699,,,,,,,2915.807,0.423,-58.935,,,,,,,,,,,,,,,,,,,,,,,,,2919.245,-5.028,-53.614,,,,,,,,,,,,,,,,"",2,,,,,,,,,,,,,0,"AI",,,,48,""
106,,5,0,7,0,0,0,1,1,0,0,18,255,255,30,2937.402,"ke ro",R,12,76,126,1.022,0.161,0.348,1.687,0.435,1.751,-36.623,29.515,100,0,0,2,"",0,51.85,-0.213,0,0,0,"=","=","=","=","=","=","=","","",4,R,"si_ho",176.1,87.779,0.355,3,38,W,Y,1,2938.504,255,166,83,73,0,,145,103,104.704,-66.042,0.192,1.019,-20.687,0.04,0,0.603,310.018,112.121,305.413,,,,,,,,,0,0,,,,,,,,,,,,2949.853,,,,,,,,,,,,,,,,,,,,,,,,,,0.015,-37.907,-0.071,-17.773,-19.75,-40.017,-14.758,-57.327,16.313,-47.264,8.356,-68.29,40.922,-90.671,0,-109.87,-40.822,-90.571,0.14,-37.988,,"MODECO",0.044,-17.785,,"Pring__",-17.951,-42.033,,"Pugeuk",-14.966,-57.438,,"aura_5599",16.409,-47.287,,"소솨소솨",7.37,-65.818,,"AI",40.9,-90.65,,"AI",0,-109.84,,"AI",-40.8,-90.55,,,,,,,,,,,,,,,,,,,,,,,,,,,,,,,,,,,,,,,,,,,,,,,,,,,,,,,,"",3,,,,,,,,,,,,,0,"",,,,0,""
107,,5,0,7,0,0,1,1,1,0,0,18,255,255,31,2952.98,"ke ro",R,26,74,125,2.04,1.278,0.425,1.806,0.728,2.165,-36.623,39.91,97,3,0,1,"",93.92,-166.782,3.263,0,0,0,"=","=","=","=","=","=","=","","",4,R,"si_ho",176.1,87.779,0.355,,35,W,Y,0,,,,,,,,,,,,,,,,,,,,,,,,,,,,,0,0,,,,,,2955.936,,,,,,,,,,,,,,,,,,,,,,,,,,,,,,2955.032,1,0.034,-37.791,0.071,-17.587,-19.71,-40.603,-14.362,-57.116,17.564,-46.491,8.412,-66.364,40.907,-90.657,0,-109.85,-40.807,-90.557,,,,"",,,,"",,,,"",,,,"",,,,"",,,,"",,,,"",,,,"",,,,,,,,,,,,,,,,,,,,,,,,,,,,,,,,,,,,,,,,,,,,,,,,,,,,,,,,,,"",0,,,,,,,,,,,,,1,"",2955.936,,,0,""
108,,5,0,7,0,1,1,1,0,0,1,255,255,18,32,3006.511,"ke ro",R,26,82,134,-0.561,0.409,0.151,1.684,-0.28,1.643,-36.623,20.251,100,0,0,2,"",21.282,-200,19.802,0,0,0,"=","=","=","=","=","=","=","","",4,R,"si_ho",176.1,87.779,0.355,0,35,W,Y,1,3007.625,255,132,76,0,0,,120,122,32.522,18.327,-0.107,1.069,-20.221,0.47,0,0.539,463.237,162.533,19.234,3010.049,-40.043,-124.177,3011.343,8,-37.748,0.055,-120.996,1,0,,3013.404,3018.042,,,,,,,,3017.677,,,3012.338,,,,,,,,,,,,,,,,,,,,,,,,-0.147,-37.806,-0.106,-17.666,-22.134,-47.035,-14.812,-56.926,18.84,-40.016,11.125,-66.975,40.922,-90.67,0,-109.86,-40.822,-90.57,0.053,-37.967,,"MODECO",-0.069,-17.722,,"Pring__",-21.967,-46.845,,"Pugeuk",-14.791,-56.912,85,"aura_5599",17.748,-44.064,,"소솨소솨",11.108,-65.187,,"AI",40.9,-90.65,,"AI",0,-109.84,,"AI",-40.8,-90.55,,3022.985,-0.06,-38.983,,,,,,,3018.921,-7.221,-70.823,,,,,,,,,,,,,,,,,,,,,,,,,3021.737,-4.842,-60.133,,,,,,,,,,,,,,,,"",2,,,,,,,,,,,,,0,"AI",3018.042,3009.906,3017.677,48,""
109,,5,0,7,1,0,0,1,0,1,0,255,14,255,33,3044.15,"ke ro",R,26,85,137,1.364,0.57,0.316,1.692,0.535,1.741,-36.623,20.5,98,2,0,2,"",35.155,-200,18.006,0,0,1,"=","=","=","=","=","=","=","","",5,R,"ByeolBam",175.3,88,0.5,5,38,W,Y,1,3045.037,208,167,98,44,29,,145,129,20.439,-21.869,0.174,1.144,-20.919,0.52,0,0.417,-191.236,500.46,128.2,3046.116,28.731,-128.588,3047.796,7,21.886,0.056,-124.571,1,0,,3050.677,3054.917,,,,,,3049.874,3054.735,,,,,,,,,,,,,,,,,,,,,,,,,,,,0.028,-37.772,-0.086,-17.654,-22.252,-47.703,-15.443,-59.391,19.719,-47.068,5.695,-66.135,40.93,-90.677,0,-109.87,-40.83,-90.577,0.104,-38.002,,"MODECO",-0.061,-17.678,,"Pring__",-22.052,-47.577,,"Pugeuk",-15.397,-59.281,82,"aura_5599",18.407,-47.862,,"소솨소솨",8.973,-64.083,,"AI",40.9,-90.65,,"AI",0,-109.84,,"AI",-40.8,-90.55,,3060.648,0.127,-38.839,,,,,,,3056.102,-0.029,-58.953,,,,,,,,,,,,,,,,,,,,,,,,,3059.519,-3.192,-57.863,,,,,,,,,,,,,,,,"",2,-21.756,-21.756,-1.117,0,0,1,20.439,20.439,32.257,20.439,0,-25.133,0,"AI",3054.917,3049.874,3054.735,48,""
110,,5,0,7,2,0,0,1,0,1,0,255,15,255,34,3075.363,"ke ro",R,26,87,140,-1.385,0.274,0.08,1.525,-0.558,1.562,-36.623,9.634,54,46,0,2,"",-35.675,-200,23.945,0,0,2,"=","=","=","=","=","=","=","","",3,R,"k@ster",168.4,80,0.25,5,38,W,Y,1,3076.341,199,192,79,63,16,,145,123,25.568,35.987,-0.271,0.954,-19.785,0.71,0,0.202,304.644,170.539,-89.735,3078.489,-61.346,-100.105,3078.703,8,-62.52,1.083,-100.897,1,0,,3081.921,3086.431,,,,,,3083.773,3088.55,,,,,,,,,,,,,,,,,,,,,,,,,,,,-0.106,-37.674,-0.1,-17.671,-22.745,-48.292,-13.901,-59.717,20.324,-46.617,8.478,-66.537,40.922,-90.671,0,-109.86,-40.822,-90.57,0.209,-37.897,,"MODECO",-0.153,-17.765,111,"Pring__",-22.583,-48.13,,"Pugeuk",-13.865,-59.666,95,"aura_5599",20.185,-46.504,,"소솨소솨",7.578,-66.273,,"AI",40.9,-90.65,,"AI",0,-109.84,,"AI",-40.8,-90.55,,3095.304,0.031,-37.425,3089.392,0.263,-20.868,,,,3086.523,-11.821,-66.93,,,,,,,,,,,,,,,,,,,3094.673,0.756,-25.078,,,,3087.286,-10.468,-60.628,,,,,,,,,,,,,,,,"",2,37.338,37.338,11.009,0,1,0.766,47.989,31.97,-3.732,86.754,0.047,50.479,0,"AI",3086.431,3083.773,3088.55,52,""
111,,5,0,7,3,0,0,1,0,1,0,255,13,255,35,3111.437,"ke ro",R,26,75,126,-3.566,-1.154,-0.134,1.266,-1.553,0.708,-36.623,14.567,60,40,0,1,"",2.173,-200,40.688,0,0,3,"=","=","=","=","=","=","=","","",2,R,"SUGUN",184.9,82.092,0.446,,38,W,Y,0,,,,,,,,,,,,,,,,,,,,,,,,,,,,,0,0,,,,,,,,,,,,,,,,,,,,,,,,,,,,,,,,,,,,,,-0.145,-37.512,-0.138,-17.66,-22.229,-47.551,-14.597,-59.709,19.86,-47.824,6.16,-65.253,40.922,-90.67,0,-109.86,-40.822,-90.57,,,,"",,,,"",,,,"",,,,"",,,,"",,,,"",,,,"",,,,"",,,,3116.283,-0.037,-37.028,,,,,,,,,,,,,,,,,,,,,,,,,,,,,,,,,,,,,,,,,,,,,,,,,,,,"",0,,,,,,,,,,,,,0,"",3113.988,,,0,""
112,,5,0,7,3,1,0,1,0,1,0,255,13,255,36,3124.633,"ke ro",R,14,76,114,1.841,-0.029,0.252,1.743,0.137,2.021,-36.623,22.778,100,0,0,2,"",371.127,335.06,23.039,0,0,3,"=","=","=","=","=","=","=","","",2,R,"SUGUN",184.9,82.092,0.446,5,38,W,Y,1,3125.86,255,123,154,35,9,,145,104,25.072,-15.31,0.384,0.862,-19.453,0.95,0,0.295,361.769,-101.905,-1.272,3127.143,26.562,-106.612,3130.529,6,34.607,0.058,-125.139,1,0,,3131.515,3136.091,,,,,,3132.26,3137.106,,,3124.979,,,,,,,,,,,,,,,,,,,,,,,,,-0.033,-37.674,-0.044,-17.686,-22.276,-47.639,-15.303,-59.365,19.382,-47.762,5.381,-67.225,40.907,-90.657,0,-109.85,-40.808,-90.557,0.127,-38.015,,"MODECO",-0.015,-17.697,,"Pring__",-22.09,-47.425,,"Pugeuk",-15.629,-59.513,,"aura_5599",19.379,-47.733,,"소솨소솨",8.563,-65.543,90,"AI",40.9,-90.65,,"AI",0,-109.84,,"AI",-40.8,-90.55,,3142.045,0.288,-38.822,,,,,,,,,,,,,3138.634,5.065,-69.405,,,,,,,,,,,,,,,,,,,,,,,,,3140.823,4.932,-60.844,,,,,,,,,,"",2,-18.025,-18.025,14.638,0,0,1,25.929,25.929,7.62,25.929,0,-84.993,0,"AI",3136.091,3132.26,3137.106,40,""
113,,5,0,7,4,0,0,1,0,1,0,255,12,255,37,3158.38,"ke ro",R,26,77,127,1.94,0.781,0.371,1.74,0.75,1.905,-36.623,26.424,100,0,0,1,"",54.369,-200,15.567,0,0,4,"=","=","=","=","=","=","=","","",1,R,"하루（Haru）",190,85.172,0.403,,38,W,Y,0,,,,,,,,,,,,,,,,,,,,,,,,,,,,,0,0,,,,,,,,,3160.882,,,,,,,,,,,,,,,,,,,,,,,,,,,,,0.004,-37.648,0.161,-17.681,-19.212,-44.416,-15.68,-60.036,18.499,-44.065,4.395,-62.42,40.922,-90.671,0,-109.86,-40.822,-90.57,,,,"",,,,"",,,,"",,,,"",,,,"",,,,"",,,,"",,,,"",,,,3168.126,0.646,-38.048,,,,,,,,,,,,,,,,,,,,,,,,,,,,,,,,,,,,,,,,,,,,,,,,,,,,"",0,,,,,,,,,,,,,0,"",,3160.882,,0,""
114,,5,0,7,4,1,0,1,0,0,1,255,255,12,38,3178.767,"ke ro",R,10,82,122,2.46,0.459,0.44,1.893,1.058,2.342,-36.623,43.851,96,4,0,2,"",0,400,10.912,0,0,4,"=","=","=","=","=","=","=","","",1,R,"하루（Haru）",190,85.172,0.403,3,38,W,Y,1,3179.96,185,99,93,78,53,,145,89,-54.828,-53.272,0.455,1.154,-20.058,-0.86,0,0.145,-366.02,-272.529,343.001,3176.143,1.47,-20.809,3178.129,4,13.931,2.163,-37.032,0,0,,3187.892,,,,,,,,,,,,,3185.349,4,,147,1,,,,,,,,,,,3184.693,2,,,,,,,-0.051,-37.626,-0.066,-17.56,-20.819,-46.048,-14.63,-59.471,18.967,-40.027,12.78,-66.144,40.915,-90.664,0,-109.85,-40.815,-90.564,0.133,-38.043,,"MODECO",0.119,-17.574,,"Pring__",-20.582,-45.853,85,"Pugeuk",-14.702,-59.518,,"aura_5599",18.308,-41.492,107,"소솨소솨",12.464,-64.89,,"AI",40.9,-90.65,,"AI",0,-109.84,,"AI",-40.8,-90.55,,3187.381,-0.432,-38.559,,,,3184.186,-19.408,-39.189,,,,3181.936,14.607,-37.297,,,,,,,,,,,,,,,,,,,3186.294,-17.878,-39.612,,,,3182.918,9.551,-37.932,,,,,,,,,,,,,"",2,,,,,,,,,,,,,0,"aura_5599",,3181.978,,35,""
115,,5,0,7,4,0,0,2,0,0,1,255,255,12,39,3201.19,"ke ro",R,10,89,128,1.039,-0.457,0.307,1.695,0.443,1.745,-36.623,20.245,96,4,0,2,"",0,400,18.184,0,0,5,"=","=","=","=","=","=","=","","",0,R,"Penguin_iDOL",190,80,0.25,5,38,W,Y,1,3202.327,197,94,151,66,53,,145,109,-45.972,12.545,0.191,0.828,-20.265,-0.05,0,0.427,-43.544,-2.805,17.207,3198.396,0.001,-21.118,3201.289,3,-6.934,2.194,-53.053,0,0,,,,,,,,,,,3207.173,,,3201.59,3207.453,5,,147,16,,,,,,,,,,,,,,,,,,,-0.01,-37.645,-0.071,-17.748,-20.473,-45.641,-15.486,-59.53,19.876,-45.608,13.061,-66.556,40.922,-90.671,0,-109.86,-40.822,-90.57,0.201,-38.102,,"MODECO",0.016,-17.747,,"Pring__",-20.448,-45.499,,"Pugeuk",-15.338,-59.454,95,"aura_5599",19.704,-46.057,,"소솨소솨",10.866,-65.477,,"AI",40.9,-90.65,,"AI",0,-109.84,,"AI",-40.8,-90.55,,,,,,,,3206.775,-18.299,-40.485,3205.117,-7.531,-53.168,,,,,,,,,,,,,,,,,,,,,,,,,3206.113,-9.624,-48.069,,,,,,,,,,,,,,,,"",2,12.954,12.954,2.18,0,2,0.192,-58.562,-45.972,-78.351,-58.257,0.063,43.995,0,"Pugeuk",,,3207.173,18,""
116,SIDE,5,0,7,4,0,0,2,0,0,1,255,255,12,,3208.242,,,,,,,,,,,,,,,,,,,,,,,,6,"=","=","=","=","=","=","=","","",,,,,,,,,,,,,,,,,,,,,,,,,,,,,,,,,,,,,,,0,0,,,,,,,,,,,,,,,,,,,,,,,,,,,,,,,,,,,,,,,,,,,,,,,,,,,,,,,,,,,,,,,,,,,,,,,,,,,,,,,,,,,,,,,,,,,,,,,,,,,,,,,,,,,,,,,,,,,,,,,,,,,,,,,,,,,,,,,,,,,,,,,,,"",0,,,,,,,,,,,,,0,"",,,,0,""
117,,6,1,7,4,0,0,0,0,0,0,255,255,255,66,3297.987,"눈꽃",R,27,91,140,0.832,0.698,0.305,2.112,0.283,1.935,-36.64,36.299,89,11,0,2,"",51.551,-111.842,0,0,0,5,"aura_5599","Pring__","MODECO","소솨소솨","Pugeuk","ke ro","","","",0,R,"ke ro",190,80.196,0.397,0,38,W,Y,1,3298.916,141,55,59,48,7,,136,95,22.106,28.066,0.151,1.25,-19.924,-0.57,0,0.551,136.117,-1.266,-83.986,3298.996,-36.208,-88.195,3299.169,8,-34.768,1.773,-85.49,0,0,,,,,,,,,,,,,,,3303.248,5,,457,0,,,,,,,,,,,,,,,,,,,-0.034,-37.786,0.073,-17.772,-19.989,-46.276,-16.681,-62.535,19.252,-48.498,13.992,-63.859,40.922,-90.671,0,-109.87,-41.902,-96.171,0.233,-37.21,,"하루（Haru）",0.114,-17.813,,"SUGUN",-19.841,-46.168,,"k@ster",-16.647,-62.474,97,"si_ho",19.242,-48.509,,"ByeolBam",12.571,-64.521,,"AI",40.9,-90.65,,"AI",0,-109.84,,"Penguin_iDOL",-41.69,-96.288,118,3309.467,-0.014,-38.313,,,,,,,3306.663,-14.152,-65.365,,,,,,,,,,,,,3303.257,-35.11,-85.889,,,,,,,,,,3308.298,-11.762,-58.543,,,,,,,,,,,,,3305.451,-33.954,-84.991,"",1,,,,,,,,,,,,,0,"Penguin_iDOL",,,,100,""
118,,6,1,7,4,0,0,1,0,0,0,255,255,255,67,3326.623,"눈꽃",R,26,93,140,0.412,0.086,0.18,1.843,0.107,1.498,-36.64,13.624,45,55,0,2,"",48.574,-181.507,0,0,0,0,"=","=","=","=","=","=","","","",4,R,"aura_5599",190,94.687,0.448,3,38,W,Y,1,3327.698,162,96,34,104,42,,116,70,101.203,-77.708,0.076,1.053,-20.437,-0.97,0,0.243,205.692,-97.127,-512.815,,,,,,,,,0,0,,,,,,,,,,,,,,,,,,,,,,,,,,,,,,,,,,,,,,-0.054,-37.825,0.169,-17.81,-20.436,-46.319,-16.744,-62.899,19.308,-48.911,13.101,-64.383,40.922,-90.671,0,-109.86,-40.243,-95.013,-0.249,-37.502,,"하루（Haru）",0.161,-17.814,,"SUGUN",-19.816,-46.439,,"k@ster",-16.592,-62.674,,"si_ho",19.278,-48.903,,"ByeolBam",13.407,-64.396,,"AI",40.9,-90.65,,"AI",0,-109.84,,"Penguin_iDOL",-40.515,-94.768,,,,,,,,,,,,,,,,,,,,,,,,,,,,,,,,,,,,,,,,,,,,,,,,,,,,,,,,"",3,,,,,,,,,,,,,0,"",,,,0,""
119,,6,1,7,4,0,1,1,0,0,0,255,255,255,68,3343.996,"눈꽃",R,26,97,140,1.682,0.43,0.25,1.884,0.603,1.698,-36.64,12.621,58,42,0,2,"",89.216,-200,0,0,0,0,"=","=","=","=","=","=","","","",4,R,"aura_5599",190,94.687,0.448,3,38,W,Y,1,3345.115,121,37,88,51,39,,137,84,104.949,-26.505,0.315,1.161,-20.071,-0.9,0,0.14,182.73,174.556,-531.099,3347.103,-5.236,6.165,,,,,,0,0,,,,,,,,,,,,,,,,,,,,,,,,,,,,,,,,,,,,,,0.021,-37.811,0.127,-17.787,-20.34,-46.679,-16.63,-62.877,19.783,-48.834,13.363,-63.781,40.915,-90.664,0,-109.85,-40.028,-95.081,-0.008,-37.286,,"하루（Haru）",0.065,-17.826,,"SUGUN",-20.149,-46.456,,"k@ster",-16.62,-62.8,,"si_ho",19.793,-48.827,,"ByeolBam",13.225,-64.033,,"AI",40.9,-90.65,,"AI",0,-109.84,,"Penguin_iDOL",-40.011,-95.064,,,,,,,,,,,,,,,,,,,,,,,,,,,,,,,,,,,,,,,,,,,,,,,,,,,,,,,,"",3,,,,,,,,,,,,,0,"",,,,0,""
120,,6,1,7,4,0,2,1,0,0,0,255,255,255,69,3367.777,"눈꽃",R,14,76,114,0.889,-0.468,0.203,1.916,-0.234,1.759,-36.64,14.165,70,30,0,2,"",346.382,360.582,0,0,0,0,"=","=","=","=","=","=","","","",4,R,"aura_5599",190,94.687,0.448,0,35,W,Y,1,3368.901,145,127,126,102,69,,145,92,-5.858,-32.776,0.141,0.965,-21.363,1,0,0.247,-504.955,-290.006,-141.827,3365.103,4.218,-27.606,3366.663,4,16.584,0.054,-48.553,0,0,,3374.755,,,,,,,,,,,,,3374.088,0,,147,1,,,,,,,,,,,,,,,,,,,-0.051,-37.818,0.015,-17.815,-19.959,-45.758,-16.705,-62.982,19.721,-48.483,13.373,-64.568,40.922,-90.67,0,-109.86,-40.292,-93.168,0.154,-37.338,,"하루（Haru）",0.088,-17.865,,"SUGUN",-19.816,-45.911,86,"k@ster",-16.712,-62.978,,"si_ho",19.672,-48.418,97,"ByeolBam",13.379,-64.559,,"AI",40.9,-90.65,,"AI",0,-109.84,,"Penguin_iDOL",-40.17,-93.186,,3376.038,-0.073,-38.749,,,,3373.453,-17.835,-40.012,,,,3370.797,17.498,-49.761,,,,,,,,,,,,,,,,,,,3374.97,-17.351,-39.819,,,,3371.894,12.394,-47.01,,,,,,,,,,,,,"",2,,,,,,,,,,,,,0,"si_ho",,,,73,""
121,,6,1,7,4,0,0,2,0,0,0,255,255,255,70,3393.462,"눈꽃",R,14,76,114,1.519,-0.676,0.201,1.82,-0.042,1.574,-36.64,12.563,59,41,0,2,"",390.434,312.348,0,0,0,1,"=","=","=","=","=","=","","","",2,L,"Pring__",190,93.089,0.478,3,72,W,Y,1,3394.61,236,187,90,124,89,,145,97,19.512,-37,0.257,0.847,-21.088,-0.51,0,0.854,131.19,162.887,-121.781,3393.863,39.857,-76.519,3394.663,6,43.027,0.475,-81.279,1,0,,3400.59,,,,,,,,,,,,,,,,,,,,,,,,,,,,,,,,,,,,-0.071,-37.694,-0.166,-17.658,-20.526,-46.388,-12.073,-65.677,20.514,-47.431,15.506,-63.293,40.922,-90.671,0,-109.87,-40.309,-93.443,0.456,-37.254,,"하루（Haru）",-0.098,-17.683,,"SUGUN",-20.24,-46.43,,"k@ster",-12.006,-65.499,72,"si_ho",19.858,-47.065,,"ByeolBam",15.363,-63.626,,"AI",40.9,-90.65,,"AI",0,-109.84,,"Penguin_iDOL",-40.089,-94.016,,3406.65,-0.011,-39.195,,,,,,,3402.517,1.013,-59.677,,,,,,,,,,,,,,,,,,,,,,,,,3405.399,0.132,-58.244,,,,,,,,,,,,,,,,"",2,,,,,,,,,,,,,0,"AI",,,,68,""
122,,6,1,7,4,0,0,2,1,0,0,2,255,255,72,3422.332,"눈꽃",R,10,57,103,-1.847,-0.372,0.112,2.001,-0.683,1.956,-36.64,25.353,97,3,0,2,"",-60.442,400,0,0,0,2,"=","=","=","=","=","=","","","",1,R,"MODECO",190,85,0.447,3,38,W,Y,1,3423.54,152,113,96,85,71,,145,87,-12.752,47.179,-0.32,0.977,-21.065,1,0,0.699,98.498,-70.051,-577.805,3419.449,-4.306,-24.761,3420.956,2,-20.508,0.054,-40.061,0,0,,,,,,,,,,,,3442.453,,,,,,,,,,,,,,,,,,3425.64,2,,,,,,,-0.171,-37.416,-0.034,-17.606,-19.937,-40.792,-16.328,-63.062,19.036,-47.889,12.622,-63.302,40.929,-90.677,0,-109.87,-40.768,-94.354,0.031,-36.909,,"하루（Haru）",-0.046,-17.622,,"SUGUN",-19.322,-44.328,85,"k@ster",-16.222,-62.832,,"si_ho",18.868,-47.928,,"ByeolBam",12.624,-63.311,,"AI",40.9,-90.65,,"AI",0,-109.84,,"Penguin_iDOL",-40.764,-94.327,,3427.573,-0.316,-38.04,,,,3425.168,-20.919,-41.103,,,,,,,,,,,,,,,,,,,,,,,,,3426.484,-17.811,-39.698,,,,,,,,,,,,,,,,,,,"",3,,,,,,,,,,,,,0,"SUGUN",,,,72,""
123,,6,1,7,4,0,1,2,1,0,0,2,255,255,72,3444.942,"눈꽃",R,10,63,108,-1.046,-0.667,0.138,1.906,-0.519,1.727,-36.64,20.474,70,30,0,2,"",31.707,400,0,0,0,2,"=","=","=","=","=","=","","","",1,R,"MODECO",190,85,0.447,3,38,W,Y,1,3446.15,109,120,78,76,77,,136,81,-5.102,50.769,-0.202,0.689,-19.929,1,0,0.782,117.583,198.263,125.191,3442.063,-5.709,-24.387,,,,,,0,0,,,,,,3448.078,,,,,,3475.996,,,,,,,,,,,,,,,,,,,,,,,,,,-0.093,-37.739,0.115,-17.601,-19.874,-40.615,-16.498,-63.246,18.353,-46.423,13.405,-63.566,40.937,-90.684,0,-109.88,-46.279,-91.143,0.228,-37.447,,"하루（Haru）",0.082,-17.63,,"SUGUN",-18.838,-44.943,,"k@ster",-16.392,-63.019,,"si_ho",18.431,-46.396,,"ByeolBam",11.367,-62.83,,"AI",40.9,-90.65,,"AI",0,-109.84,,"Penguin_iDOL",-46.281,-91.132,,,,,,,,,,,,,,,,,,,,,,,,,,,,,,,,,,,,,,,,,,,,,,,,,,,,,,,,"",3,,,,,,,,,,,,,0,"",3448.078,,,0,""
124,,6,1,7,4,0,2,2,1,0,0,2,255,255,73,3476.586,"눈꽃",R,26,86,139,1.11,0.024,0.28,1.868,0.317,1.459,-36.64,36.44,55,45,0,2,"",114.728,-174.515,0,0,0,2,"=","=","=","=","=","=","","","",1,R,"MODECO",190,85,0.447,3,38,W,Y,1,3477.658,177,118,104,69,34,,145,95,112.038,-56.435,0.188,1.006,-19.75,-0.58,0,0.381,414.244,269.34,-229.538,,,,,,,,,0,0,,,,,,,,,,,,3495.766,,,,,,,,,,,,,,,,,,,,,,,,,,-0.092,-37.742,-0.002,-17.58,-20.023,-40.654,-16.611,-62.991,18.53,-46.933,11.66,-61.72,40.937,-90.684,0,-109.88,-46.202,-89.415,0.135,-37.2,,"하루（Haru）",0.03,-17.61,,"SUGUN",-19.358,-43.951,,"k@ster",-16.58,-62.928,,"si_ho",18.516,-46.945,,"ByeolBam",11.95,-62.514,,"AI",40.9,-90.65,,"AI",0,-109.84,,"Penguin_iDOL",-46.488,-89.696,,,,,,,,,,,,,,,,,,,,,,,,,,,,,,,,,,,,,,,,,,,,,,,,,,,,,,,,"",3,,,,,,,,,,,,,0,"",,,,0,""
125,,6,1,7,4,0,2,2,1,0,0,2,255,255,74,3496.519,"눈꽃",R,3,51,99,0.505,0.579,0.27,2.055,1.004,1.98,-36.64,42.058,100,0,0,0,"",-372.389,0,0,0.021,-18.323,2,"=","=","=","=","=","=","","","",1,R,"MODECO",190,85,0.447,,38,W,Y,1,,,,,,,,,,,,,,,,,,,,,,,,,,,,,0,0,,,,,,,,,,,,,,,3502.292,2,,147,16,,,,,,,,,,,,,,,,,,,-0.044,-37.807,-0.385,-17.654,-20.058,-40.574,-16.537,-63.052,18.178,-46.739,11.193,-63.427,40.929,-90.677,0,-109.87,-46.633,-90.165,,,,"",,,,"",,,,"",,,,"",,,,"",,,,"",,,,"",,,,"",,,,,,,,,,,,,,,,,,,,,,,,,,,,,,,,,,,,,,,,,,,,,,,,,,,,,,,,,,"",0,,,,,,,,,,,,,0,"",,,,0,""
126,SIDE,6,1,7,4,0,0,2,1,0,0,2,255,255,,3505,,,,,,,,,,,,,,,,,,,,,,,,3,"=","=","=","=","=","=","","","",,,,,,,,,,,,,,,,,,,,,,,,,,,,,,,,,,,,,,,0,0,,,,,,,,,,,,,,,,,,,,,,,,,,,,,,,,,,,,,,,,,,,,,,,,,,,,,,,,,,,,,,,,,,,,,,,,,,,,,,,,,,,,,,,,,,,,,,,,,,,,,,,,,,,,,,,,,,,,,,,,,,,,,,,,,,,,,,,,,,,,,,,,,"",0,,,,,,,,,,,,,0,"",,,,0,""
127,,6,0,7,4,0,0,0,0,0,0,255,255,255,40,3589.491,"Pring__",R,13,84,108,-1.993,-1.198,0.147,1.211,-0.163,1.299,-36.236,17.641,27,73,0,1,"",-380.435,316.005,35.428,0,0,6,"si_ho","ByeolBam","k@ster","SUGUN","하루（Haru）","Penguin_iDOL","눈꽃","","",0,L,"눈꽃",190,85,0.497,,38,W,Y,0,,,,,,,,,,,,,,,,,,,,,,,,,,,,,0,0,,,,,,,,,,,,,,,,,,,,,,,,,,,,,,,,,,,,,,0.045,-37.079,-0.1,-17.871,-20.688,-48.437,-13.816,-61.415,19.543,-48.693,13.062,-64.784,40.929,-90.677,0,-109.87,-40.83,-90.577,,,,"",,,,"",,,,"",,,,"",,,,"",,,,"",,,,"",,,,"",,,,,,,,,,,,,,,,,,,,,,,,,,,,,,,,,,,,,,,,,,,,,,,,,,,,,,,,,,"",0,,,,,,,,,,,,,0,"",,,,0,""
128,,6,0,7,4,1,0,0,0,0,0,255,255,255,41,3605.865,"Pring__",R,13,77,103,-0.395,-0.423,0.359,1.452,0.492,1.82,-36.236,37.296,34,66,0,2,"",-350.075,332,-15.265,0,0,6,"=","=","=","=","=","=","=","","",0,L,"눈꽃",190,85,0.497,3,38,W,Y,1,3607.228,255,96,72,84,43,,145,87,28.37,-63.966,-0.033,0.933,-21.075,1,0,0.585,-0.006,-178.086,-280.66,3604.916,41.366,-40.006,,,,,,0,0,,,,,,,,,,,,,,,,,,,,,,,,,,,,,,,,,,,,,,-0.037,-37.097,-0.08,-17.816,-20.291,-48.251,-14.002,-61.606,18.718,-48.018,12.295,-64.292,40.915,-90.664,0,-109.85,-40.815,-90.564,-0.107,-36.999,,"MODECO",0.014,-17.895,,"ke ro",-20.187,-48.155,,"Pugeuk",-13.94,-61.485,,"aura_5599",18.952,-48.194,,"소솨소솨",12.294,-64.161,,"AI",40.9,-90.65,,"AI",0,-109.84,,"AI",-40.8,-90.55,,,,,,,,,,,,,,,,,,,,,,,,,,,,,,,,,,,,,,,,,,,,,,,,,,,,,,,,"",3,,,,,,,,,,,,,0,"",,,,0,""
129,,6,0,7,4,1,1,0,0,0,0,255,255,255,42,3628.061,"Pring__",R,32,85,138,-1.12,-0.118,0.026,1.291,-0.808,1.381,-36.236,20.394,27,73,0,0,"",250,-200,28.646,0,0,6,"=","=","=","=","=","=","=","","",0,L,"눈꽃",190,85,0.497,,38,W,Y,0,,,,,,,,,,,,,,,,,,,,,,,,,,,,,0,0,,,,,,,,,,,,,,,,,,,,,,,,,,,,,,,,,,,,,,-0.159,-36.918,-0.108,-17.943,-21.534,-48.636,-14.065,-63.148,20.305,-46.845,14.782,-63.242,40.915,-90.664,0,-109.86,-40.815,-90.564,,,,"",,,,"",,,,"",,,,"",,,,"",,,,"",,,,"",,,,"",,,,,,,,,,,,,,,,,,,,,,,,,,,,,,,,,,,,,,,,,,,,,,,,,,,,,,,,,,"",0,,,,,,,,,,,,,0,"",,,,0,""
130,,6,0,7,4,1,2,0,0,0,0,255,255,255,43,3647.383,"Pring__",R,13,79,104,0.506,-0.892,0.481,1.513,0.873,1.519,-36.236,33.771,43,57,0,2,"",-350.761,335.203,-3.373,0,0,6,"=","=","=","=","=","=","=","","",0,L,"눈꽃",190,85,0.497,0,38,W,Y,1,3648.704,255,191,71,94,50,,145,110,-5.032,27.552,0.036,0.704,-20.57,-0.11,0,0.432,-105.61,272.76,229.856,3644.303,-3.077,-26.477,3647.609,8,-34.178,0.059,-79.347,1,0,,3654.191,,,,,,,,,,,,,,,,,,,,,,,,,,,,,,,,,,,,0.101,-37.137,-0.113,-17.895,-21.234,-48.007,-14.101,-63.166,19.771,-47.759,15.205,-63.485,40.915,-90.664,0,-109.86,-40.815,-90.564,-0.06,-36.77,,"MODECO",0.083,-17.896,,"ke ro",-21.135,-47.913,,"Pugeuk",-14.018,-63.003,,"aura_5599",20.007,-48.165,,"소솨소솨",14.403,-63.507,78,"AI",40.9,-90.65,,"AI",0,-109.84,,"AI",-40.8,-90.55,,3658.52,-0.188,-38.458,,,,,,,,,,,,,3655.423,-0.539,-59.612,,,,,,,,,,,,,,,,,,,,,,,,,3657.297,0.09,-57.592,,,,,,,,,,"",2,,,,,,,,,,,,,0,"AI",,,,10,""
131,,6,0,7,4,0,0,0,1,0,0,10,255,255,44,3672.931,"Pring__",R,32,77,128,1.725,0.013,0.288,1.507,0.408,1.416,-36.236,36.684,29,71,0,2,"",235.276,-200,-15.784,0,0,0,"=","=","=","=","=","=","=","","",4,R,"si_ho",176.1,87.779,0.355,0,37,W,Y,1,3674.055,208,189,107,91,0,,145,103,92.756,-85.676,0.19,1.066,-20.585,-0.2,0,0.561,293.699,403.403,182.879,,,,,,,,,0,0,,,,,,,,,,,,3692.252,,,,,,,,,,,,,,,,,,,,,,,,,,-0.103,-37.082,-0.004,-17.761,-19.766,-43.642,-14.37,-56.867,19.56,-47.92,4.728,-64.892,40.915,-90.664,0,-109.86,-40.815,-90.564,-0.161,-36.685,,"MODECO",-0.04,-17.807,,"ke ro",-19.613,-44.106,,"Pugeuk",-14.068,-56.703,,"aura_5599",19.874,-48.114,,"소솨소솨",5.926,-64.632,,"AI",40.9,-90.65,,"AI",0,-109.84,,"AI",-40.8,-90.55,,,,,,,,,,,,,,,,,,,,,,,,,,,,,,,,,,,,,,,,,,,,,,,,,,,,,,,,"",3,,,,,,,,,,,,,0,"",,,,0,""
132,,6,0,7,4,0,1,0,1,0,0,10,255,255,45,3692.521,"Pring__",R,26,83,134,-1.078,-0.558,0.128,1.415,-0.746,1.095,-36.236,24.053,44,56,0,2,"",198.873,-200,14.544,0,0,0,"=","=","=","=","=","=","=","","",4,R,"si_ho",176.1,87.779,0.355,3,35,W,Y,1,3693.648,255,92,43,0,0,,66,64,57.97,60.441,-0.259,0.756,-20.027,-0.78,0,0.528,541.329,241.789,57.066,3694.703,-40.674,-39.771,,,,,,0,0,,,,,,,,,,,,3712.856,,,,,,,,,,,,,,,,,,,,,,,,,,-0.117,-37.051,-0.036,-17.851,-19.55,-41.134,-15.359,-56.921,20.231,-48.741,4.72,-64.576,40.915,-90.664,0,-109.85,-40.815,-90.564,-0.23,-36.811,,"MODECO",-0.2,-17.857,,"ke ro",-19.304,-44.254,,"Pugeuk",-15.092,-56.907,,"aura_5599",20.993,-49.56,,"소솨소솨",5.481,-64.115,,"AI",40.9,-90.65,,"AI",0,-109.84,,"AI",-40.8,-90.55,,,,,,,,,,,,,,,,,,,,,,,,,,,,,,,,,,,,,,,,,,,,,,,,,,,,,,,,"",3,,,,,,,,,,,,,0,"",,,,0,""
133,,6,0,7,4,0,2,0,1,0,0,10,255,255,46,3715.01,"Pring__",R,10,76,104,0.786,-1.181,0.385,1.515,0.575,1.514,-36.236,35.86,33,67,0,2,"",-128.303,400,-8.353,0,0,0,"=","=","=","=","=","=","=","","",4,R,"si_ho",176.1,87.779,0.355,3,35,W,Y,0,3716.214,255,108,147,163,63,,145,82,11.123,17.694,0.185,0.768,-21.977,-1,0,0.792,44.877,-241.005,226.855,,,,3713.556,3,-8.848,1.531,-52.635,0,0,,,,,,,,,,,,3721.734,,,3718.183,0,,452,0,3719.539,6,1,659,16,,,,,,,,,,,,,,0.03,-37.121,-0.039,-17.868,-19.702,-42.866,-14.935,-56.794,23.683,-52.481,7.944,-66.427,40.915,-90.664,0,-109.85,-40.815,-90.564,-0.23,-36.694,,"MODECO",-0.023,-17.905,,"ke ro",-20.955,-45.083,86,"Pugeuk",-14.899,-56.737,95,"aura_5599",23.682,-52.416,,"소솨소솨",8.329,-65.265,,"AI",40.9,-90.65,,"AI",0,-109.84,,"AI",-40.8,-90.55,,3725.023,-0.588,-38.315,,,,3719.548,-18.167,-40.608,3718.192,-9.421,-53.112,,,,,,,,,,,,,,,,,,,,,,3724.048,-17.364,-40.109,3718.879,-12.113,-48.926,,,,,,,,,,,,,,,,"",1,,,,,,,,,,,,,0,"Pugeuk",,,,50,""
134,,6,0,7,4,0,0,2,0,0,0,255,255,255,47,3744.436,"Pring__",R,3,84,108,-1.414,-0.286,0.279,1.295,0.245,1.465,-36.236,24.467,0,100,0,0,"",-490.909,0,10.266,0,0,1,"=","=","=","=","=","=","=","","",5,R,"ByeolBam",175.3,88,0.5,,37,W,Y,0,,,,,,,,,,,,,,,,,,,,,,,,,,,,,0,0,,,,,,,,,,,,,,,,,,,,,,,,,,,,,,,,,,,,,,0.083,-37.153,-0.044,-17.537,-20.991,-46.566,-17.18,-59.023,21.969,-49.782,11.507,-67.979,40.922,-90.67,0,-109.86,-40.822,-90.571,,,,"",,,,"",,,,"",,,,"",,,,"",,,,"",,,,"",,,,"",,,,3748.417,-0.405,-37.681,,,,,,,,,,,,,,,,,,,,,,,,,,,,,,,,,,,,,,,,,,,,,,,,,,,,"",0,,,,,,,,,,,,,0,"",,,,0,""
135,,6,0,7,4,0,1,2,0,0,0,255,255,255,48,3759.876,"Pring__",R,32,86,140,-0.755,0.11,0.059,1.332,-0.655,1.501,-36.236,19.79,0,100,0,0,"",250,-200,9.606,0,0,1,"=","=","=","=","=","=","=","","",5,R,"ByeolBam",175.3,88,0.5,,37,W,Y,0,,,,,,,,,,,,,,,,,,,,,,,,,,,,,0,0,,,,,,,,,,,,,,,,,,,,,,,,,,,,,,,,,,,,,,-0.083,-37.039,-0.083,-17.56,-20.988,-46.57,-17.348,-61.031,20.521,-49.267,11.213,-67.2,40.915,-90.664,0,-109.85,-40.815,-90.564,,,,"",,,,"",,,,"",,,,"",,,,"",,,,"",,,,"",,,,"",,,,3764.266,-0.122,-37.691,,,,,,,,,,,,,,,,,,,,,,,,,,,,,,,,,,,,,,,,,,,,,,,,,,,,"",0,,,,,,,,,,,,,0,"",,,,0,""
136,,6,0,7,4,0,2,2,0,0,0,255,255,255,49,3778.771,"Pring__",R,3,76,114,-1.283,-0.452,0.359,1.292,0.273,1.361,-36.236,42.668,0,100,0,2,"",-500,0,2.636,0,0,1,"=","=","=","=","=","=","=","","",5,R,"ByeolBam",175.3,88,0.5,5,37,W,Y,1,3779.784,153,191,82,51,31,,140,82,22.136,-41.284,-0.253,0.829,-21.044,1,0,0.343,-124.784,548.924,179.563,3778.809,34.183,-71.07,3779.649,6,36.387,0.572,-75.111,1,0,,3785.388,,,,,,,,,,,,,,,,,,,,,,,,,,,,,,,,,,,,-0.014,-37.177,-0.106,-17.645,-20.941,-46.498,-17.341,-61.005,20.762,-49.027,11.369,-65.321,40.915,-90.664,0,-109.86,-40.815,-90.564,-0.106,-37.163,,"MODECO",-0.089,-17.655,,"ke ro",-20.918,-46.501,,"Pugeuk",-17.313,-60.874,84,"aura_5599",20.76,-49.028,,"소솨소솨",11.401,-65.29,,"AI",40.9,-90.65,,"AI",0,-109.84,,"AI",-40.8,-90.55,,3792.495,0.011,-38.592,,,,,,,3787.633,0.255,-59.228,,,,,,,,,,,,,,,,,,,,,,,,,3791.518,-3.191,-54.644,,,,,,,,,,,,,,,,"",2,-37.19,-36.798,5.337,0,0,1,22.136,22.136,42.534,22.136,0,-73.19,0,"AI",,,,18,""
137,,6,0,7,4,0,0,2,1,0,0,15,255,255,50,3805.029,"Pring__",R,13,75,102,-0.854,-0.796,0.391,1.39,0.281,1.691,-36.236,40.141,0,100,0,0,"",-347.569,330.912,-9.449,0,0,2,"=","=","=","=","=","=","=","","",3,R,"k@ster",168.4,80,0.25,,37,W,Y,1,,,,,,,,,,,,,,,,,,,,,,,,,,,,,0,0,,,,,,,,,,,,3823.053,,,,,,,,,,,,,,,,,,,,,,,,,,-0.048,-37.074,-0.056,-17.66,-19.743,-41.375,-16.109,-60.755,17.702,-47.05,13.241,-65.341,40.915,-90.664,0,-109.85,-40.815,-90.564,,,,"",,,,"",,,,"",,,,"",,,,"",,,,"",,,,"",,,,"",,,,3810.63,-0.256,-37.63,,,,,,,,,,,,,,,,,,,,,,,,,,,,,,,,,,,,,,,,,,,,,,,,,,,,"",0,,,,,,,,,,,,,0,"",,,,0,""
138,,6,0,7,4,0,1,2,1,0,0,15,255,255,51,3823.273,"Pring__",R,10,76,105,0.871,-1.517,0.319,1.46,0.37,1.372,-36.236,36.917,46,54,0,4,"",0,400,-1.451,0.137,-18.075,2,"=","=","=","=","=","=","=","","",3,R,"k@ster",168.4,80,0.25,,37,W,Y,1,,,,,,,,,,,,,,,,,,,,,,,,,,,,,0,0,,,,,,,,,,,,3839.761,,,,,,,,,,,,,,,,,,,,,,,,,,-0.077,-36.979,-0.14,-17.507,-19.648,-41.431,-16.301,-60.852,18.814,-48.252,9.931,-67.177,40.915,-90.664,0,-109.85,-40.815,-90.564,,,,"",,,,"",,,,"",,,,"",,,,"",,,,"",,,,"",,,,"",,,,3829.305,-0.26,-37.579,,,,,,,,,,,,,,,,,,,,,,,,,,,,,,,,,,,,,,,,,,,,,,,,,,,,"",0,,,,,,,,,,,,,0,"",,,,0,""
139,,6,0,7,4,0,2,2,1,0,0,15,255,255,52,3840.073,"Pring__",R,32,83,134,-1.022,0.523,0.031,1.39,-0.786,1.707,-36.236,22.417,0,100,0,0,"",250,-200,21.681,0,0,2,"=","=","=","=","=","=","=","","",3,R,"k@ster",168.4,80,0.25,,37,W,Y,0,,,,,,,,,,,,,,,,,,,,,,,,,,,,,0,0,,,,,,,,,,,,3843.485,,,3842.601,2,,578,0,,,,,,,,,,,,,,,,,,,-0.206,-36.908,-0.105,-17.635,-19.47,-41.953,-16.827,-61.003,20.815,-47.992,8.981,-65.939,40.907,-90.657,0,-109.85,-40.807,-90.557,,,,"",,,,"",,,,"",,,,"",,,,"",,,,"",,,,"",,,,"",,,,,,,,,,,,,,,,,,,,,,,,,,,,,,,,,,,,,,,,,,,,,,,,,,,,,,,,,,"",0,,,,,,,,,,,,,0,"",,,,0,""
140,SIDE,6,0,7,4,0,0,2,1,0,0,15,255,255,,3845.277,,,,,,,,,,,,,,,,,,,,,,,,3,"=","=","=","=","=","=","=","","",,,,,,,,,,,,,,,,,,,,,,,,,,,,,,,,,,,,,,,0,0,,,,,,,,,,,,,,,,,,,,,,,,,,,,,,,,,,,,,,,,,,,,,,,,,,,,,,,,,,,,,,,,,,,,,,,,,,,,,,,,,,,,,,,,,,,,,,,,,,,,,,,,,,,,,,,,,,,,,,,,,,,,,,,,,,,,,,,,,,,,,,,,,"",0,,,,,,,,,,,,,0,"",,,,0,""
141,,7,1,7,4,0,0,0,0,0,0,255,255,255,75,3886.236,"눈꽃",R,32,59,101,1.309,0.433,0.262,1.847,0.082,1.742,-36.64,11.167,35,65,0,2,"",229.546,-109.853,0,0,0,3,"aura_5599","Pring__","MODECO","소솨소솨","Pugeuk","ke ro","","","",5,R,"소솨소솨",182,80,0.503,5,37,W,Y,1,3887.488,192,64,86,68,32,,145,95,107.584,57.894,0.123,1.183,-20.116,-0.57,0,0.446,94.026,129.815,154.826,,,,,,,,,0,0,,,,,,,,,,,,,,,,,,,,,,,,,,,,,,,,,,,,,,-0.012,-37.862,0.142,-17.726,-20.254,-46.503,-16.645,-62.783,19.798,-47.85,13.392,-64.854,40.907,-90.657,0,-109.84,-40.387,-91.728,0.111,-37.085,,"하루（Haru）",0.151,-17.703,,"SUGUN",-20.176,-46.28,,"k@ster",-16.59,-62.678,,"si_ho",19.854,-47.787,,"ByeolBam",13.395,-64.856,,"AI",40.9,-90.65,,"AI",0,-109.84,,"Penguin_iDOL",-40.133,-91.536,,,,,,,,,,,,,,,,,,,,,,,,,,,,,,,,,,,,,,,,,,,,,,,,,,,,,,,,"",3,89.991,52.39,10.508,0.88,1,0.823,79.323,72.416,-8.684,86.982,0.064,138.753,0,"",,,,0,""
142,,7,1,7,4,0,1,0,0,0,0,255,255,255,76,3905.354,"눈꽃",R,39,50,93,-1.25,-0.921,0.029,1.499,-0.722,0.809,-36.64,22.505,32,68,0,0,"",76.676,-200,0,0,0,3,"=","=","=","=","=","=","","","",5,R,"소솨소솨",182,80,0.503,,37,W,Y,0,,,,,,,,,,,,,,,,,,,,,,,,,,,,,0,0,,,,,,,,,,,,,,,,,,,,,,,,,,,,,,,,,,,,,,-0.183,-37.605,0.065,-17.431,-20.351,-46.183,-16.575,-63.027,19.591,-47.985,14.244,-64.437,40.907,-90.657,0,-109.85,-40.162,-92.348,,,,"",,,,"",,,,"",,,,"",,,,"",,,,"",,,,"",,,,"",,,,,,,,,,,,,,,,,,,,,,,,,,,,,,,,,,,,,,,,,,,,,,,,,,,,,,,,,,"",0,,,,,,,,,,,,,0,"",,,,0,""
143,,7,1,7,4,0,2,0,0,0,0,255,255,255,77,3926.01,"눈꽃",R,14,64,94,1.175,-2.632,0.054,1.448,-0.189,0.413,-36.64,29.229,47,53,0,1,"",310.878,343.008,0,0.19,-21.17,3,"=","=","=","=","=","=","","","",5,R,"소솨소솨",182,80,0.503,,37,W,Y,0,,,,,,,,,,,,,,,,,,,,,,,,,,,,,0,0,,,,,,,,,,,,,,,,,,,,,,,,,,,,,,,,,,,,,,-0.236,-37.73,0.009,-17.573,-20.37,-46.236,-16.61,-63.086,19.274,-48.189,13.987,-64.373,40.915,-90.664,0,-109.85,-40.158,-92.253,,,,"",,,,"",,,,"",,,,"",,,,"",,,,"",,,,"",,,,"",,,,,,,,,,,,,,,,,,,,,,,,,,,,,,,,,,,,,,,,,,,,,,,,,,,,,,,,,,"",0,,,,,,,,,,,,,0,"",,,,0,""
144,,7,1,7,4,1,2,0,0,0,0,255,255,255,78,3942.859,"눈꽃",R,0,22,78,2.469,0.418,0.165,2.127,1.078,1.872,-36.64,73.485,100,0,0,2,"BA+|BA-",-2.68,0,0,0,0,3,"=","=","=","=","=","=","","","",5,R,"소솨소솨",182,80,0.503,5,37,W,Y,1,3944.244,137,99,121,78,40,,142,104,29.792,-3.808,0.458,1.115,-20.37,-0.04,0,0.54,306.173,-246.371,-329.128,3944.396,12.762,-108.034,3944.596,7,12.361,2.015,-105.72,0,0,,,,,,,,,,,,,,,3949.548,3,,456,0,,,,,,,,,,,,,,,,,,,-0.155,-37.643,0.042,-17.6,-20.11,-46.494,-16.648,-63.017,19.388,-48.166,12.324,-65.021,40.9,-90.65,0,-109.84,-40.042,-92.365,0.294,-37.427,,"하루（Haru）",0.103,-17.658,,"SUGUN",-20.203,-46.133,,"k@ster",-16.546,-62.8,85,"si_ho",19.334,-48.163,,"ByeolBam",12.314,-65.022,,"AI",40.9,-90.65,,"AI",0,-109.84,,"Penguin_iDOL",-40.065,-92.342,,3956.534,-0.019,-38.622,,,,,,,3953.794,0.281,-60.182,,,,,,,,,,,,,,,,,,,,,,,,,3955.436,-0.092,-58.29,,,,,,,,,,,,,,,,"",1,-4.817,-4.817,-6.191,0,2,0.055,79.974,29.792,-8.208,81.493,0.053,134.794,0,"AI",,,,68,""
145,,7,1,7,4,0,0,1,0,0,0,255,255,255,79,3971.982,"눈꽃",R,26,102,140,1.562,-1.311,0.247,1.598,0.559,0.622,-36.64,18.837,49,51,0,2,"",39.355,-200,0,0,0,4,"=","=","=","=","=","=","","","",3,R,"Pugeuk",160,86.201,0.347,3,37,W,Y,1,3973.002,184,63,101,63,31,,145,122,-18.276,20.193,0.206,0.372,-20.171,0.58,0,0.648,367.692,-227.298,-73.567,3967.969,-0.167,-21.189,3969.783,3,-14.779,0.153,-57.57,0,0,,3978.125,,,,,,,,,,,,,3977.248,4,,147,4,,,,,,,,,,,,,,,,,,,-0.025,-37.684,0.091,-17.728,-19.066,-45.131,-16.303,-62.924,17.401,-47.214,11.415,-61.802,40.915,-90.664,0,-109.86,-37.506,-83.842,0.525,-37.036,,"하루（Haru）",0.116,-17.715,,"SUGUN",-19.082,-45.503,85,"k@ster",-16.252,-62.823,97,"si_ho",17.487,-47.109,,"ByeolBam",10.794,-61.671,,"AI",40.9,-90.65,,"AI",0,-109.84,,"Penguin_iDOL",-37.778,-83.401,,3979.46,0.199,-38.149,,,,3976.605,-18.797,-39.796,3974.891,-15.053,-58.392,,,,,,,,,,,,,,,,,,,,,,3978.35,-17.481,-39.55,3975.866,-15.461,-53.491,,,,,,,,,,,,,,,,"",2,,,,,,,,,,,,,0,"k@ster",,,,76,""
146,,7,1,7,4,0,0,2,0,0,0,255,255,255,80,3998.549,"눈꽃",R,26,98,140,1.352,0.253,0.196,1.802,0.493,1.615,-36.64,7.39,59,41,0,2,"",66.038,-171.763,0,0,0,5,"=","=","=","=","=","=","","","",2,R,"ke ro",190,80.196,0.397,5,37,W,Y,1,3999.53,134,117,65,70,48,,138,85,46.634,-10.837,0.305,1.186,-20.441,-1,0,0.689,534.441,-54.457,104.566,4000.036,11.994,-77.793,4000.143,5,11.654,2.484,-76.215,0,0,,4005.501,,,,,,,,,,,,,4005.21,5,,454,0,,,,,,,,,,,,,,,,,,,-0.002,-37.654,0.043,-17.813,-19.246,-44.867,-16.675,-62.817,18.511,-47.847,13.255,-63.573,40.922,-90.671,0,-109.86,-45.267,-99.846,-0.201,-37.255,,"하루（Haru）",0.033,-17.813,,"SUGUN",-19.068,-44.845,,"k@ster",-16.617,-62.75,,"si_ho",18.585,-47.807,,"ByeolBam",11.946,-63.95,,"AI",40.9,-90.65,,"AI",0,-109.84,,"Penguin_iDOL",-45.267,-99.84,,,,,,,,,,,,,,,,,4005.215,11.75,-76.589,,,,,,,,,,,,,,,,,,,,,,,,,,,,,,,,,,,,,"",1,-11.258,-11.258,-8.365,0,1,0.833,57.917,46.634,-3.554,64.323,0.037,-3.014,0,"ByeolBam",,,,2,""
147,SIDE,7,1,7,4,0,0,2,0,0,0,255,255,255,,4009.313,,,,,,,,,,,,,,,,,,,,,,,,0,"=","=","=","=","=","=","","","",,,,,,,,,,,,,,,,,,,,,,,,,,,,,,,,,,,,,,,0,0,,,,,,,,,,,,,,,,,,,,,,,,,,,,,,,,,,,,,,,,,,,,,,,,,,,,,,,,,,,,,,,,,,,,,,,,,,,,,,,,,,,,,,,,,,,,,,,,,,,,,,,,,,,,,,,,,,,,,,,,,,,,,,,,,,,,,,,,,,,,,,,,,"",0,,,,,,,,,,,,,0,"",,,,0,""
148,,7,0,7,4,0,0,0,0,0,0,255,255,255,53,4124.712,"aura_5599",R,0,77,114,-0.696,0.007,0.1,1.703,-0.307,1.613,-36.294,18.935,53,47,0,0,"",0,0,0.73,0,0,3,"si_ho","ByeolBam","k@ster","SUGUN","하루（Haru）","Penguin_iDOL","눈꽃","","",2,R,"SUGUN",184.9,82.092,0.446,,37,W,Y,1,,,,,,,,,,,,,,,,,,,,,,,,,,,,,0,0,,,,,,,,,,,,,,,,,,,,,,,,,,,,,,,,,,,,,,-0.169,-37.183,-0.105,-17.612,-22.265,-46.259,-15.443,-60.785,22.696,-50.195,13.759,-66.489,40.929,-90.677,0,-109.87,-40.83,-90.577,,,,"",,,,"",,,,"",,,,"",,,,"",,,,"",,,,"",,,,"",,,,,,,,,,,,,,,,,,,,,,,,,,,,,,,,,,,,,,,,,,,,,,,,,,,,,,,,,,"",0,,,,,,,,,,,,,0,"",,,,0,""
149,,7,0,7,4,0,1,0,0,0,0,255,255,255,54,4140.029,"aura_5599",R,26,100,140,-1.282,-0.36,0.066,1.421,-0.623,1.223,-36.294,12.737,53,47,0,0,"",47.752,-200,10.519,0,0,3,"=","=","=","=","=","=","=","","",2,R,"SUGUN",184.9,82.092,0.446,,37,W,Y,1,,,,,,,,,,,,,,,,,,,,,,,,,,,,,0,0,,,,,,,,,,,,,,,,,,,,,,,,,,,,,,,,,,,,,,-0.206,-37.046,-0.034,-17.627,-22.626,-47.328,-15.51,-60.71,22.729,-50.458,12.071,-64.696,40.915,-90.664,0,-109.85,-40.815,-90.564,,,,"",,,,"",,,,"",,,,"",,,,"",,,,"",,,,"",,,,"",,,,,,,,,,,,,,,,,,,,,,,,,,,,,,,,,,,,,,,,,,,,,,,,,,,,,,,,,,"",0,,,,,,,,,,,,,0,"",,,,0,""
150,,7,0,7,4,0,2,0,0,0,0,255,255,255,55,4155.481,"aura_5599",R,13,76,106,1.016,0.304,0.471,1.818,0.712,2.206,-36.294,41.446,90,10,0,0,"",-151.794,298.497,-11.531,0,0,3,"=","=","=","=","=","=","=","","",2,R,"SUGUN",184.9,82.092,0.446,,37,W,Y,0,,,,,,,,,,,,,,,,,,,,,,,,,,,,,0,0,,,,,,,,,,,,,,,4158.344,3,,578,0,,,,,,,,,,,,,,,,,,,0.079,-37.341,-0.028,-17.634,-22.746,-48.015,-16.3,-59.439,20.842,-51.187,13.014,-66.876,40.915,-90.664,0,-109.85,-40.815,-90.564,,,,"",,,,"",,,,"",,,,"",,,,"",,,,"",,,,"",,,,"",,,,,,,,,,,,,,,,,,,,,,,,,,,,,,,,,,,,,,,,,,,,,,,,,,,,,,,,,,"",0,,,,,,,,,,,,,0,"",,,,0,""
151,,7,0,7,4,0,0,1,0,0,0,255,255,255,56,4179.364,"aura_5599",R,10,78,107,-0.394,-1.195,0.113,1.541,-0.175,1.385,-36.294,19.464,37,63,0,4,"",0,400,22.65,0,0,4,"=","=","=","=","=","=","=","","",1,R,"하루（Haru）",190,85.172,0.403,,37,W,Y,1,,,,,,,,,,,,,,,,,,,,,,,,,,,,,0,0,,,,,,,,,,,,,,,,,,,,,,,,,,,,,,,,,,,,,,-0.161,-37.125,-0.03,-17.608,-23.542,-48.057,-15.734,-60.622,22.087,-51.189,10.662,-65.643,40.929,-90.677,0,-109.87,-40.83,-90.577,,,,"",,,,"",,,,"",,,,"",,,,"",,,,"",,,,"",,,,"",,,,,,,,,,,,,,,,,,,,,,,,,,,,,,,,,,,,,,,,,,,,,,,,,,,,,,,,,,"",0,,,,,,,,,,,,,0,"",,,,0,""
152,,7,0,7,4,0,1,1,0,0,0,255,255,255,57,4194.303,"aura_5599",R,10,87,116,-1.219,-0.241,0.028,1.606,-0.532,1.775,-36.294,12.558,53,47,0,0,"",0,267.975,11.969,0,0,4,"=","=","=","=","=","=","=","","",1,R,"하루（Haru）",190,85.172,0.403,,37,W,Y,0,,,,,,,,,,,,,,,,,,,,,,,,,,,,,0,0,,,,,,,,,,,,,,,,,,,,,,,,,,,,,,,,,,,,,,-0.224,-37.096,-0.041,-17.626,-23.559,-48.071,-15.752,-60.64,21.882,-50.984,11.322,-67.138,40.915,-90.664,0,-109.85,-40.815,-90.564,,,,"",,,,"",,,,"",,,,"",,,,"",,,,"",,,,"",,,,"",,,,,,,,,,,,,,,,,,,,,,,,,,,,,,,,,,,,,,,,,,,,,,,,,,,,,,,,,,"",0,,,,,,,,,,,,,0,"",,,,0,""
153,,7,0,7,4,0,2,1,0,0,0,255,255,255,58,4209.848,"aura_5599",R,10,95,128,-1.941,0.959,0.256,1.652,0.304,1.666,-36.294,31.547,96,4,0,2,"BH-|BE+",0,400,6.317,0,0,4,"=","=","=","=","=","=","=","","",1,R,"하루（Haru）",190,85.172,0.403,3,37,W,Y,1,4211.028,183,103,97,90,42,,145,121,-30,-33.126,0.13,0.783,-20.212,0.17,0,0.24,-337.205,-377.613,186.661,4205.836,0.945,-21.455,4207.303,4,16.838,2.084,-45.585,1,0,,4217.199,,,,,,,,,,,,,,,,,,,,,,,,,,,,,,,,,,,,-0.058,-37.342,-0.034,-17.627,-23.562,-48.074,-17.079,-61.005,20.593,-48.63,13.116,-67.041,40.915,-90.664,0,-109.85,-40.815,-90.564,0.077,-37.083,,"MODECO",-0.018,-17.599,,"ke ro",-23.432,-48,91,"Pugeuk",-16.987,-60.991,78,"Pring__",20.563,-48.613,117,"소솨소솨",11.77,-64.995,,"AI",40.9,-90.65,,"AI",0,-109.84,,"AI",-40.8,-90.55,,4232.011,-0.727,-38.201,,,,4219.539,-40.647,-41.789,4222.643,-2.096,-58.657,4212.468,17.099,-46.27,4222.68,0.173,-59.229,,,,,,,,,,,,,,,,4220.639,-36.391,-41.839,4231.097,-9.676,-49.386,4213.016,14.07,-45.669,,,,,,,,,,,,,"4:+1",2,,,,,,,,,,,,,0,"Pring__",,,,59,""
154,,7,0,7,4,0,0,1,1,0,0,11,255,255,59,4245.988,"aura_5599",R,0,76,114,-1.335,0.461,0.012,1.666,-0.582,1.905,-36.294,10.824,50,50,0,0,"",0,0,3.626,0,0,5,"=","=","=","=","=","=","=","","",8,R,"Penguin_iDOL",190,80,0.25,,37,W,Y,0,,,,,,,,,,,,,,,,,,,,,,,,,,,,,0,0,,,,,,,,,,,,4246.422,,,,,,,,,,,,,,,,,,,,,,,,,,-0.123,-37.11,-0.128,-17.68,-21.723,-46.615,-14.111,-55.759,21.925,-50.299,9.675,-65.988,40.922,-90.67,0,-109.86,-40.822,-90.57,,,,"",,,,"",,,,"",,,,"",,,,"",,,,"",,,,"",,,,"",,,,4251.337,0.197,-37.206,,,,,,,,,,,,,,,,,,,,,,,,,,,,,,,,,,,,,,,,,,,,,,,,,,,,"",0,,,,,,,,,,,,,0,"",,,,0,""
155,,7,0,7,4,0,1,1,1,0,0,11,255,255,60,4261.546,"aura_5599",R,0,71,123,2.378,2.253,0.427,1.951,1.033,3.019,-36.294,65.257,91,9,0,1,"",-6.194,0,-9.002,0,0,5,"=","=","=","=","=","=","=","","",8,R,"Penguin_iDOL",190,80,0.25,,37,W,Y,0,,,,,,,,,,,,,,,,,,,,,,,,,,,,,0,0,,,,,,,,,,,,4290.525,,,,,,,,,,,,,,,,,,,,,,,,,,-0.008,-37.245,-0.05,-17.838,-20.648,-45.1,-13.793,-55.886,21.902,-50.286,11.512,-67.747,40.915,-90.664,0,-109.85,-40.815,-90.564,,,,"",,,,"",,,,"",,,,"",,,,"",,,,"",,,,"",,,,"",,,,4268.535,-0.508,-37.898,,,,,,,,,,,,,,,,,,,,,,,,,,,,,,,,,,,,,,,,,,,,,,,,,,,,"",0,,,,,,,,,,,,,0,"",,,,0,""
156,,7,0,7,4,1,1,1,1,0,0,11,255,255,61,4291.999,"aura_5599",R,10,86,128,1.064,-0.302,0.298,1.603,0.454,1.827,-36.294,24.109,49,51,0,0,"",0,400,-7.821,0,0,5,"=","=","=","=","=","=","=","","",8,R,"Penguin_iDOL",190,80,0.25,,37,W,Y,1,,,,,,,,,,,,,,,,,,,,,,,,,,,,,0,0,,,,,,,,,,,,4310.431,,,,,,,,,,,,,,,,,,,,,,,,,,0.001,-37.298,-0.04,-17.745,-21.38,-46.14,-13.489,-56.225,21.95,-50.325,9.067,-68.143,40.937,-90.684,0,-109.88,-40.837,-90.584,,,,"",,,,"",,,,"",,,,"",,,,"",,,,"",,,,"",,,,"",,,,4296.57,0.019,-37.139,,,,,,,,,,,,,,,,,,,,,,,,,,,,,,,,,,,,,,,,,,,,,,,,,,,,"",0,,,,,,,,,,,,,0,"",,,,0,""
157,,7,0,7,4,1,2,1,1,0,0,11,255,255,62,4310.5,"aura_5599",R,14,84,122,0.662,-1.078,0.131,1.626,-0.322,1.265,-36.294,10.784,51,49,0,2,"",390.434,312.348,5.024,0,0,5,"=","=","=","=","=","=","=","","",8,R,"Penguin_iDOL",190,80,0.25,5,37,W,Y,1,4311.844,243,171,141,114,57,,145,89,-88.704,39.154,0.118,0.629,-20.59,-1,0,0.514,-440.241,-405.08,-45.807,4306.436,0.108,-20.601,4311.289,1,-2.125,0.066,-5.403,0,0,,,,,,,,,,,,4333.629,,,,,,,,,,,,,,,,,,,,,,,,,,-0.14,-37.064,-0.074,-17.774,-21.786,-46.978,-13.257,-56.724,21.835,-50.217,11.236,-68.211,40.922,-90.67,0,-109.86,-40.822,-90.57,0.134,-36.814,,"MODECO",-0.115,-17.766,130,"ke ro",-21.288,-46.942,,"Pugeuk",-13.244,-56.708,,"Pring__",21.77,-50.131,,"소솨소솨",9.417,-65.518,,"AI",40.9,-90.65,,"AI",0,-109.84,,"AI",-40.8,-90.55,,4319.617,-1.046,-36.471,4316.648,-2.315,-5.914,,,,,,,,,,,,,,,,,,,,,,,,,4318.726,-2.12,-14.99,,,,,,,,,,,,,,,,,,,,,,"",3,168.269,37.679,-3.985,1,1,0.805,-88.704,-88.704,-8.444,-61.925,0,170.404,0,"MODECO",,,,5,""
158,,7,0,7,4,1,2,1,1,0,0,11,255,255,63,4334.923,"aura_5599",R,14,87,126,-0.246,-0.776,0.056,1.685,-0.669,1.458,-36.294,11.059,49,51,0,2,"BH-|BE+",376.013,329.567,8.695,0,0,5,"=","=","=","=","=","=","=","","",8,R,"Penguin_iDOL",190,80,0.25,5,72,W,Y,1,4336.17,174,64,107,79,37,,145,90,-33.804,20.442,-0.038,0.688,-20.114,-0.93,0,0.329,8.98,2.332,-9.784,4330.796,-0.443,-21.201,4332.969,3,-10.433,0.277,-47.726,1,0,,4342.275,,,,4340.705,,,,,,,,,,,,,,,,,,,,,,,,,,,,,,,,-0.096,-37.169,-0.042,-17.894,-22.076,-47.157,-14.288,-55.895,22.845,-49.944,12.729,-65.924,40.922,-90.671,0,-109.857,-40.822,-90.57,-0.459,-37.105,,"MODECO",-0.084,-17.902,,"ke ro",-22.677,-46.19,,"Pugeuk",-14.286,-55.858,90,"Pring__",22.656,-49.766,78,"소솨소솨",11.42,-65.438,,"AI",40.9,-90.65,,"AI",0,-109.84,,"AI",-40.8,-90.55,,4350.891,0.615,-37.681,,,,,,,4338.362,-10.686,-48.178,4346.764,20.067,-40.486,,,,,,,,,,,,,,,,,,,,,,4339.807,-5.968,-53.476,4349.752,18.15,-39.892,,,,,,,,,,,,,"3:+1",2,19.411,19.411,8.942,0,2,0.207,-49.688,-33.804,-60.719,-49.547,0.051,4.63,0,"Pugeuk",4340.705,,,19,""
159,,7,0,7,4,0,0,1,1,1,0,18,11,255,64,4368.196,"aura_5599",R,10,82,111,-4.947,-0.066,-0.011,1.903,-0.874,2.274,-36.294,25.144,97,3,0,2,"",0,329.194,-13.44,0,0,6,"=","=","=","=","=","=","=","","",0,L,"눈꽃",190,85,0.497,3,37,W,Y,1,4369.488,255,142,79,76,33,,145,107,19.646,-31.263,-0.352,1.159,-20.219,0.01,0,0.437,267.612,-377.46,-268.952,4367.942,50.488,-89.66,4368.129,6,48.282,1.659,-87.024,0,0,,,,,,,,,,,,,4374.395,,4373.592,6,,456,0,,,,,,,,,,,,,,,,,,,-0.14,-37.35,-0.052,-17.951,-20.292,-44.943,-15.363,-57.311,22.289,-49.27,12.358,-65.218,40.922,-90.671,0,-109.87,-40.822,-90.571,0.03,-36.924,,"MODECO",-0.089,-17.985,,"ke ro",-21.008,-45.243,,"Pugeuk",-15.254,-57.169,,"Pring__",22.138,-49.124,85,"소솨소솨",12.37,-64.63,,"AI",40.9,-90.65,,"AI",0,-109.84,,"AI",-40.8,-90.55,,4382.952,0.511,-38.099,,,,,,,,,,4378.209,20.043,-40.292,,,,,,,,,,,,,,,,,,,,,,,,,4381.876,17.902,-39.844,,,,,,,,,,,,,"",1,,,,,,,,,,,,,0,"AI",4373.547,,,3,""
160,,7,0,7,4,0,0,2,1,1,0,18,11,255,65,4397.306,"aura_5599",R,13,82,108,-0.727,0.869,0.417,1.828,0.591,2.28,-36.294,45.218,92,8,0,2,"",-215.546,400,-13.605,0,0,0,"=","=","=","=","=","=","=","","",4,R,"si_ho",176.1,87.779,0.355,3,37,W,Y,1,4398.57,255,92,104,67,45,,145,82,27.274,47.993,0.087,1.121,-21.083,1,0,0.709,-324.998,481.144,94.148,4395.942,-41.136,-52.785,,,,,,0,0,,,,,,,,,4403.057,,,4399.669,4423.883,,,,,,,,,,,,,,,,,,,,,,,,,-0.083,-37.299,-0.088,-17.755,-21.173,-46.104,-13.758,-58.286,21.943,-48.267,12.777,-64.512,40.922,-90.671,0,-109.86,-40.822,-90.57,-0.341,-36.827,,"MODECO",0.071,-17.772,,"ke ro",-21.063,-46.042,,"Pugeuk",-14.643,-58.041,,"Pring__",21.763,-48.124,,"소솨소솨",12.206,-64.501,,"AI",40.9,-90.65,,"AI",0,-109.84,,"AI",-40.8,-90.55,,,,,,,,,,,,,,,,,,,,,,,,,,,,,,,,,,,,,,,,,,,,,,,,,,,,,,,,"",3,,,,,,,,,,,,,0,"",4408.79,4403.057,,0,""
161,,7,0,7,4,0,1,2,1,1,0,18,11,255,66,4425.304,"aura_5599",R,14,93,114,1.182,-1.136,0.152,1.421,-0.15,1.354,-36.294,13.313,56,44,0,1,"",390.434,312.348,41.639,0.466,-17.145,0,"=","=","=","=","=","=","=","","",4,R,"si_ho",176.1,87.779,0.355,,35,W,Y,0,,,,,,,,,,,,,,,,,,,,,,,,,,,,,0,0,,,,,,,,,,,,4443.621,,,,,,,,,,,,,,,,,,,,,,,,4428.465,1,0.029,-37.384,-0.033,-17.782,-21.867,-47.223,-16.942,-59.766,22.605,-48.556,11.236,-68.319,40.915,-90.664,0,-109.86,-40.815,-90.564,,,,"",,,,"",,,,"",,,,"",,,,"",,,,"",,,,"",,,,"",,,,,,,,,,,,,,,,,,,,,,,,,,,,,,,,,,,,,,,,,,,,,,,,,,,,,,,,,,"",0,,,,,,,,,,,,,0,"",4429.471,,,0,""
162,,7,0,7,4,1,1,2,1,1,0,18,11,255,67,4443.672,"aura_5599",R,14,85,109,0.642,-1.793,0.182,1.732,-0.056,2.079,-36.294,16.346,97,3,0,2,"",368.245,334.509,-17.402,0,0,0,"=","=","=","=","=","=","=","","",4,R,"si_ho",176.1,87.779,0.355,0,35,W,Y,1,4444.942,255,69,116,54,21,,145,90,-18.091,-21.287,0.26,0.914,-20.206,-0.82,0,0.451,-265.534,-108.573,11.994,4439.502,1.227,-22.68,4442.063,5,13.052,0.058,-60.455,0,0,,4450.532,,,,4450.369,,,4449.53,,,,4444.187,,4450.379,0,,147,8,,,,,,,,,,,,,,,,,,,0.03,-37.402,-0.076,-17.737,-21.741,-47.157,-17.167,-59.811,22.231,-48.145,5.679,-65.314,40.915,-90.664,0,-109.86,-40.815,-90.564,0.248,-37.017,,"MODECO",-0.088,-17.742,,"ke ro",-21.654,-47.113,,"Pugeuk",-17.172,-59.709,,"Pring__",22.034,-47.953,,"소솨소솨",8.943,-67.11,113,"AI",40.9,-90.65,,"AI",0,-109.84,,"AI",-40.8,-90.55,,,,,,,,4449.871,-18.123,-40.232,,,,,,,4447.557,13.053,-61.153,,,,,,,,,,,,,,,,,,,,,,,,,4448.353,9.915,-58.713,,,,,,,,,,"",2,,,,,,,,,,,,,0,"소솨소솨",4450.369,4449.53,,40,""
163,SIDE,7,0,7,4,0,0,2,0,1,1,255,18,11,,4451.405,,,,,,,,,,,,,,,,,,,,,,,,1,"=","=","=","=","=","=","=","","",,,,,,,,,,,,,,,,,,,,,,,,,,,,,,,,,,,,,,,0,0,,,,,,,,,,,,,,,,,,,,,,,,,,,,,,,,,,,,,,,,,,,,,,,,,,,,,,,,,,,,,,,,,,,,,,,,,,,,,,,,,,,,,,,,,,,,,,,,,,,,,,,,,,,,,,,,,,,,,,,,,,,,,,,,,,,,,,,,,,,,,,,,,"",0,,,,,,,,,,,,,0,"",,,,0,""
164,,8,1,7,4,0,0,0,0,0,0,255,255,255,81,4495.223,"눈꽃",R,26,87,140,0.456,-0.376,0.123,1.706,0.485,1.579,-36.64,18.515,52,48,0,2,"",19.998,-171.441,0,0,0,0,"aura_5599","Pring__","MODECO","소솨소솨","Pugeuk","ke ro","","","",0,R,"aura_5599",190,94.687,0.448,0,37,W,Y,1,4496.291,252,38,84,48,42,,144,91,34.84,-33.969,0.183,1.086,-20.207,-1,0,0.199,-369.562,-186.134,-428.371,4494.902,43.269,-77.904,4495.089,6,41.951,1.787,-76.265,0,0,,4502.269,,,,,,,,,,,,,4500.864,0,,456,0,,,,,,,,,,,,,,,,,,,-0.104,-37.69,0.158,-18.059,-19.711,-46.635,-16.74,-62.938,19.705,-47.499,14.137,-64.421,40.974,-90.718,0,-109.92,-43.956,-89.432,0.286,-37.197,,"하루（Haru）",0.134,-18.013,,"SUGUN",-19.717,-46.366,,"k@ster",-16.592,-62.737,,"si_ho",19.666,-47.488,,"ByeolBam",14.133,-64.431,,"AI",40.9,-90.65,,"AI",0,-109.84,,"Penguin_iDOL",-45.548,-88.218,,4505.5,0.808,-38.181,,,,,,,,,,,,,,,,,,,,,,,,,,,,,,,,,,,,,,,,,,,,,,,,,,,,"",1,,,,,,,,,,,,,0,"AI",,,,64,""
165,,8,1,7,4,0,0,1,0,0,0,255,255,255,82,4517.838,"눈꽃",R,26,92,140,-1.217,1,0.019,2.022,-0.592,2.082,-36.64,21.916,85,15,0,4,"",45.117,-166.436,0,0,0,1,"=","=","=","=","=","=","","","",4,L,"Pring__",190,93.089,0.478,,37,W,Y,1,,,,,,,,,,,,,,,,,,,,,,,,,,,,,0,0,,,,,,,,,,,,,,,,,,,,,,,,,,,,,,,,,,,,,,-0.201,-37.874,0.268,-18.01,-19.228,-45.878,-11.491,-65.957,20.798,-47.096,14.925,-64.148,40.922,-90.671,0,-109.86,-34.963,-95.048,,,,"",,,,"",,,,"",,,,"",,,,"",,,,"",,,,"",,,,"",,,,4522.661,-0.028,-37.671,,,,,,,,,,,,,,,,,,,,,,,,,,,,,,,,,,,,,,,,,,,,,,,,,,,,"",0,,,,,,,,,,,,,0,"",,,,0,""
166,,8,1,7,4,0,1,1,0,0,0,255,255,255,83,4533.161,"눈꽃",R,26,95,140,-1.3,0.731,-0.054,1.869,-0.59,1.919,-36.64,5.264,60,40,0,2,"",18.129,-165.34,0,0,0,1,"=","=","=","=","=","=","","","",4,L,"Pring__",190,93.089,0.478,5,37,W,Y,1,4534.367,224,135,82,131,72,,145,131,30.576,55.168,-0.237,1.317,-20.744,0.34,0,0.437,598.865,-20.101,-30.932,,,,,,,,,0,0,,,,,,,,,,,,,,,,,,,,,,,,,,,,,,,,,,,,,,-0.136,-37.833,0.148,-17.993,-19.544,-46.327,-11.483,-65.919,20.691,-47.002,14.883,-64.16,40.922,-90.67,0,-109.86,-33.97,-97.656,0.254,-37.39,,"하루（Haru）",-0.037,-17.845,,"SUGUN",-19.388,-46.497,,"k@ster",-11.433,-65.669,,"si_ho",20.647,-47.037,,"ByeolBam",14.888,-64.172,,"AI",40.9,-90.65,,"AI",0,-109.84,,"Penguin_iDOL",-33.986,-97.672,,,,,,,,,,,,,,,,,,,,,,,,,,,,,,,,,,,,,,,,,,,,,,,,,,,,,,,,"",3,88.96,50.832,9.698,0.864,1,0.761,68.574,55.097,-5.369,29.313,0.069,148.826,0,"",,,,0,""
167,,8,1,7,4,0,2,1,0,0,0,255,255,255,84,4550.837,"눈꽃",R,27,85,138,0.074,1.809,0.245,2.284,-0.054,2.636,-36.64,52.428,84,16,0,4,"",56.646,-103.353,0,0,0,1,"=","=","=","=","=","=","","","",4,L,"Pring__",190,93.089,0.478,,37,W,Y,1,,,,,,,,,,,,,,,,,,,,,,,,,,,,,0,0,,,,,,,,,,,,,,,4553.479,1,,578,0,,,,,,,,,,,,,,,,,,,-0.108,-37.851,0.104,-18,-20.325,-46.003,-12.082,-65.54,20.521,-47.516,14.886,-64.167,40.922,-90.67,0,-109.86,-40.829,-99.17,,,,"",,,,"",,,,"",,,,"",,,,"",,,,"",,,,"",,,,"",,,,,,,,,,,,,,,,,,,,,,,,,,,,,,,,,,,,,,,,,,,,,,,,,,,,,,,,,,"",0,,,,,,,,,,,,,0,"",,,,0,""
168,,8,1,7,4,0,0,2,0,0,0,255,255,255,85,4573.01,"눈꽃",R,27,95,140,1.738,0.381,0.291,1.875,0.684,1.71,-36.64,8.737,62,38,0,2,"",46.84,-149.739,0,0,0,2,"=","=","=","=","=","=","","","",1,R,"MODECO",190,85,0.447,3,37,W,Y,1,4574.103,170,55,84,53,23,,143,86,3.614,-20.32,0.326,1.107,-19.516,-1,0,0.191,333.578,-348.887,-69.306,4569.502,10.529,-45.101,4570.596,4,15.401,0.061,-55.198,0,0,,4580.349,,,,,,,,,,,,,4579.615,2,,147,3,,,,,,,,,,,,,,,,,,,0.094,-37.634,0.069,-17.879,-19.659,-45.953,-16.329,-62.967,19.954,-48.352,14.476,-64.416,40.929,-90.677,0,-109.87,-41.096,-99.029,-0.403,-37.354,,"하루（Haru）",0.091,-17.889,,"SUGUN",-19.666,-45.869,85,"k@ster",-16.228,-62.839,,"si_ho",19.855,-48.238,108,"ByeolBam",13.987,-64.877,,"AI",40.9,-90.65,,"AI",0,-109.84,,"Penguin_iDOL",-41.037,-99.045,,,,,,,,4578.937,-18.099,-40.47,,,,4576.367,15.952,-54.485,4576.362,15.94,-57.496,,,,,,,,,,,,,,,,4580.469,-17.346,-40.294,,,,4577.52,10.797,-51.988,,,,,,,,,,,,,"",2,,,,,,,,,,,,,0,"si_ho",,,,11,""
169,SIDE,8,1,7,4,0,0,2,0,0,0,255,255,255,,4581.046,,,,,,,,,,,,,,,,,,,,,,,,3,"=","=","=","=","=","=","","","",,,,,,,,,,,,,,,,,,,,,,,,,,,,,,,,,,,,,,,0,0,,,,,,,,,,,,,,,,,,,,,,,,,,,,,,,,,,,,,,,,,,,,,,,,,,,,,,,,,,,,,,,,,,,,,,,,,,,,,,,,,,,,,,,,,,,,,,,,,,,,,,,,,,,,,,,,,,,,,,,,,,,,,,,,,,,,,,,,,,,,,,,,,"",0,,,,,,,,,,,,,0,"",,,,0,""
170,,8,0,7,4,0,0,0,0,0,0,255,255,255,68,4610.104,"aura_5599",R,29,83,135,1.073,0.637,0.364,1.613,0.763,1.874,-36.294,22.244,57,43,0,0,"",-250,-107.246,50.64,0,0,1,"si_ho","ByeolBam","k@ster","SUGUN","하루（Haru）","Penguin_iDOL","눈꽃","","",5,R,"ByeolBam",175.3,88,0.5,,37,W,Y,1,,,,,,,,,,,,,,,,,,,,,,,,,,,,,0,0,,,,,,,,,,,,,,,,,,,,,,,,,,,,,,,,,,,,,,-0.027,-37.113,-0.168,-17.841,-21.812,-48.722,-14.589,-61.461,21.306,-48.882,13.829,-66.246,40.922,-90.671,0,-109.87,-40.83,-90.577,,,,"",,,,"",,,,"",,,,"",,,,"",,,,"",,,,"",,,,"",,,,,,,,,,,,,,,,,,,,,,,,,,,,,,,,,,,,,,,,,,,,,,,,,,,,,,,,,,"",0,,,,,,,,,,,,,0,"",,,,0,""
171,,8,0,7,4,0,1,0,0,0,0,255,255,255,69,4626.094,"aura_5599",R,14,84,109,1.16,-0.024,0.158,1.733,-0.131,2.083,-36.294,21.812,100,0,0,2,"",350.932,352.954,-6.54,0,0,1,"=","=","=","=","=","=","=","","",5,R,"ByeolBam",175.3,88,0.5,5,37,W,Y,1,4627.147,255,94,86,59,33,,145,84,27.899,-59.738,0.184,1.048,-21.39,1,0,0.351,-262.19,356.243,-58.796,4625.583,54.664,-60.048,,,,,,0,0,,,,,,,,,,,,,,,,,,,,,,,,,,,,,,,,,,,,,,-0.144,-37.047,-0.077,-17.825,-22.097,-48.546,-14.975,-61.689,21.179,-48.772,13.968,-66.532,40.915,-90.664,0,-109.85,-40.815,-90.564,0.251,-37.046,,"MODECO",-0.152,-17.851,,"ke ro",-21.975,-48.475,,"Pugeuk",-14.849,-61.69,,"Pring__",21.141,-48.733,,"소솨소솨",12.195,-64.626,,"AI",40.9,-90.65,,"AI",0,-109.84,,"AI",-40.8,-90.55,,,,,,,,,,,,,,,,,,,,,,,,,,,,,,,,,,,,,,,,,,,,,,,,,,,,,,,,"",3,-76.002,-53.883,-14.247,0.668,0,1,46.876,46.876,77.847,46.876,0,-133.07,0,"",,,,0,""
172,,8,0,7,4,0,2,0,0,0,0,255,255,255,70,4647.804,"aura_5599",R,10,97,128,-1.055,-2.714,0.101,1.392,-0.461,0.508,-36.294,15.478,54,46,0,1,"",0,400,23.149,-0.197,-20.317,1,"=","=","=","=","=","=","=","","",5,R,"ByeolBam",175.3,88,0.5,,37,W,Y,0,,,,,,,,,,,,,,,,,,,,,,,,,,,,,0,0,,,,,,,,,,,,,,,,,,,,,,,,,,,,,,,,,,,,,,-0.181,-37.063,-0.046,-17.865,-22.528,-47.134,-15.467,-61.105,21.796,-48.41,12.492,-64.614,40.908,-90.657,0,-109.85,-40.815,-90.564,,,,"",,,,"",,,,"",,,,"",,,,"",,,,"",,,,"",,,,"",,,,,,,,,,,,,,,,,,,,,,,,,,,,,,,,,,,,,,,,,,,,,,,,,,,,,,,,,,"",0,,,,,,,,,,,,,0,"",,,,0,""
173,,8,0,7,4,1,2,0,0,0,0,255,255,255,71,4663.645,"aura_5599",R,0,63,104,-2.336,1.185,-0.053,1.908,-1.016,2.3,-36.294,32.215,100,0,0,4,"",0,0,-5.512,0,0,1,"=","=","=","=","=","=","=","","",5,R,"ByeolBam",175.3,88,0.5,,37,W,Y,1,,,,,,,,,,,,,,,,,,,,,,,,,,,,,0,0,,,,,,,,,,,,,,,4666.364,1,,578,0,,,,,,,,,,,,,,,,,,,-0.22,-37.07,-0.16,-17.856,-22.54,-47.148,-15.528,-61.171,21.693,-48.444,12.31,-66.656,40.915,-90.664,0,-109.85,-40.815,-90.564,,,,"",,,,"",,,,"",,,,"",,,,"",,,,"",,,,"",,,,"",,,,,,,,,,,,,,,,,,,,,,,,,,,,,,,,,,,,,,,,,,,,,,,,,,,,,,,,,,"",0,,,,,,,,,,,,,0,"",,,,0,""
174,,8,0,7,4,0,0,1,0,0,0,255,255,255,72,4684.556,"aura_5599",R,28,77,128,0.282,2.275,0.288,1.902,0.181,2.763,-36.294,37.64,96,4,0,2,"",-46.015,-94.615,-21.345,0,0,2,"=","=","=","=","=","=","=","","",3,R,"k@ster",168.4,80,0.25,0,37,W,Y,1,4685.654,212,89,44,36,17,,130,123,18.535,13.659,-0.02,1.623,-19.919,0.63,0,0.181,343.283,230.996,-147.479,4684.703,-31.577,-128.378,4686.796,7,-28.881,0.056,-121.991,1,0,,4690.932,4695.629,,,,,,,,,,,,,,,,,,,,,,,,,,,,,,,,,,,-0.099,-37.052,-0.124,-17.831,-22.337,-46.94,-15.841,-60.503,21.7,-48.459,12.444,-64.981,40.915,-90.664,0,-109.85,-40.815,-90.564,0.081,-36.833,,"MODECO",-0.124,-17.826,,"ke ro",-22.273,-46.88,,"Pugeuk",-15.79,-60.49,86,"Pring__",21.604,-48.38,,"소솨소솨",12.273,-65.003,,"AI",40.9,-90.65,,"AI",0,-109.84,,"AI",-40.8,-90.55,,4700.846,-0.101,-38.573,,,,,,,4696.735,-6.69,-73.745,,,,,,,,,,,,,,,,,,,,,,,,,4699.322,-6.786,-65.499,,,,,,,,,,,,,,,,"",2,,,,,,,,,,,,,0,"AI",4695.629,,,17,""
175,,8,0,7,4,0,0,1,0,1,0,255,13,255,73,4713.214,"aura_5599",R,12,70,108,2.296,1.712,0.544,2.004,1.021,2.727,-36.294,63.183,92,8,0,1,"",-20.829,50.509,-8.602,0,0,3,"=","=","=","=","=","=","=","","",2,R,"SUGUN",184.9,82.092,0.446,,37,W,Y,0,,,,,,,,,,,,,,,,,,,,,,,,,,,,,0,0,,,,,,,,,,,,,4720.943,,,,,,,,,,,,,,,,,,,,,,,,,-0.012,-37.141,-0.046,-17.733,-21.138,-46.757,-14.053,-58.921,21.668,-48.014,13.126,-63.206,40.915,-90.664,0,-109.85,-40.815,-90.564,,,,"",,,,"",,,,"",,,,"",,,,"",,,,"",,,,"",,,,"",,,,4717.714,-0.006,-37.272,,,,,,,,,,,,,,,,,,,,,,,,,,,,,,,,,,,,,,,,,,,,,,,,,,,,"",0,,,,,,,,,,,,,0,"",4715.747,,,0,""
176,,8,0,7,4,1,0,1,0,1,0,255,13,255,74,4727.022,"aura_5599",R,10,91,116,2.186,-2.593,0.282,1.091,0.945,-2.417,-36.294,45.302,38,15,46,1,"",0,400,32.281,0.339,-28.967,3,"=","=","=","=","=","=","=","","",2,R,"SUGUN",184.9,82.092,0.446,,37,W,Y,0,,,,,,,,,,,,,,,,,,,,,,,,,,,,,0,0,,,,,,,,,,,,,4740.23,,,,,,,,,,,,,,,,,,,,,,,,,-0.077,-36.974,-0.025,-17.862,-21.132,-46.754,-15.593,-61.614,21.26,-46.711,11.199,-64.573,40.907,-90.657,0,-109.85,-40.807,-90.557,,,,"",,,,"",,,,"",,,,"",,,,"",,,,"",,,,"",,,,"",,,,4731.505,-0.071,-37.077,,,,,,,,,,,,,,,,,,,,,,,,,,,,,,,,,,,,,,,,,,,,,,,,,,,,"",0,,,,,,,,,,,,,0,"",4729.569,,,0,""
177,,8,0,7,4,2,0,1,0,1,0,255,13,255,75,4742.03,"aura_5599",R,8,85,120,0.266,0.906,0.209,1.783,0.029,2.171,-36.294,21.567,97,3,0,2,"",51.015,12.362,-18.869,0,0,3,"=","=","=","=","=","=","=","","",2,R,"SUGUN",184.9,82.092,0.446,5,37,W,Y,1,4743.291,245,98,121,63,10,,145,127,2.138,19.798,0.048,1.31,-20.252,0.22,0,0.329,591.35,93.562,39.388,,,,4738.796,3,-13.235,1.126,-56.464,0,0,,,,,,,,,4752.032,,,,4747.173,,4744.874,3,,452,0,,,,,,,,,,,,,,,,,,,-0.038,-37.085,-0.055,-17.899,-21.15,-46.764,-15.867,-61.891,20.968,-46.39,8.687,-66.957,40.907,-90.657,0,-109.85,-40.807,-90.557,-0.306,-37.126,,"MODECO",-0.074,-17.886,,"ke ro",-21.14,-46.756,,"Pugeuk",-15.83,-61.683,95,"Pring__",20.935,-46.36,85,"소솨소솨",7.38,-65.469,,"AI",40.9,-90.65,,"AI",0,-109.84,,"AI",-40.8,-90.55,,4760.173,0.399,-37.878,,,,,,,4744.883,-13.67,-57.431,4755.397,20.547,-40.4,,,,,,,,,,,,,,,,,,,,,,4745.477,-9.061,-57.24,4759.084,18.277,-40.067,,,,,,,,,,,,,"",1,20.147,20.147,8.679,0,0,1,2.138,2.138,1.093,2.138,0,20.769,0,"Pugeuk",4746.799,4752.032,,19,""
178,,8,0,7,4,0,0,2,0,0,1,255,255,13,76,4775.339,"aura_5599",R,10,76,106,-0.97,-0.427,0.116,1.938,-0.426,1.841,-36.294,31.259,97,3,0,0,"",0,375.82,-22.77,0,0,4,"=","=","=","=","=","=","=","","",1,R,"하루（Haru）",190,85.172,0.403,,37,W,Y,0,,,,,,,,,,,,,,,,,,,,,,,,,,,,,0,0,,,,,,,,,,,,,,4790.935,,,,,,,,,,,,,,,,,,,,,,,,-0.16,-37.176,-0.162,-17.78,-21.992,-47.498,-16.412,-60.009,19.562,-40.337,10.653,-65.441,40.915,-90.664,0,-109.86,-40.815,-90.564,,,,"",,,,"",,,,"",,,,"",,,,"",,,,"",,,,"",,,,"",,,,4779.77,-0.098,-37.089,,,,,,,,,,,,,,,,,,,,,,,,,,,,,,,,,,,,,,,,,,,,,,,,,,,,"",0,,,,,,,,,,,,,0,"",,,,0,""
179,,8,0,7,4,0,1,2,0,0,1,255,255,13,77,4790.898,"aura_5599",R,14,92,114,1.343,-1.38,0.137,1.504,-0.09,1.127,-36.294,14.572,49,51,0,1,"",390.434,312.348,34.547,0.442,-17.699,4,"=","=","=","=","=","=","=","","",1,R,"하루（Haru）",190,85.172,0.403,,37,W,Y,0,,,,,,,,,,,,,,,,,,,,,,,,,,,,,0,0,,,,,,,,,,,,,,4811.235,,,,,,,,,,,,,,,,,,,,,,,,-0.175,-37.1,-0.17,-17.772,-22.032,-47.552,-16.138,-59.961,19.368,-40.485,9.944,-65.799,40.907,-90.657,0,-109.85,-40.807,-90.557,,,,"",,,,"",,,,"",,,,"",,,,"",,,,"",,,,"",,,,"",,,,4795.955,0.1,-36.976,,,,,,,,,,,,,,,,,,,,,,,,,,,,,,,,,,,,,,,,,,,,,,,,,,,,"",0,,,,,,,,,,,,,0,"",,4793.333,,0,""
180,,8,0,7,4,1,1,2,0,0,1,255,255,13,78,4811.947,"aura_5599",R,27,83,135,2.113,1.361,0.419,1.83,0.827,2.345,-36.294,46.812,95,5,0,4,"",59.361,-136.28,-7.689,0,0,4,"=","=","=","=","=","=","=","","",1,R,"하루（Haru）",190,85.172,0.403,,37,W,Y,1,,,,,,,,,,,,,,,,,,,,,,,,,,,,,0,0,,,,,,,,,,,,,,,,,,,,,,,,,,,,,,,,,,,,,,-0.134,-37.137,-0.155,-17.777,-22.025,-47.547,-16.563,-60.394,19.332,-40.18,9.971,-66.178,40.915,-90.664,0,-109.86,-40.815,-90.564,,,,"",,,,"",,,,"",,,,"",,,,"",,,,"",,,,"",,,,"",,,,4816.855,0,-37.303,,,,,,,,,,,,,,,,,,,,,,,,,,,,,,,,,,,,,,,,,,,,,,,,,,,,"",0,,,,,,,,,,,,,0,"",,4814.154,,0,""
181,,8,0,7,4,1,2,2,0,0,1,255,255,13,79,4829.265,"aura_5599",R,10,85,112,-1.231,-1.093,0.027,1.444,-0.537,1.425,-36.294,12.288,52,48,0,2,"",0,400,-0.071,0,0,4,"=","=","=","=","=","=","=","","",1,R,"하루（Haru）",190,85.172,0.403,3,37,W,Y,1,4830.456,147,133,104,112,68,,145,87,-30,21.532,-0.231,0.575,-20.217,1,0.095,0.367,-420.849,37.78,286.269,4824.383,-0.576,-21.093,4826.409,3,-15.345,0.171,-52.362,0,0,,4836.486,,,,,,,,,4835.034,,,4830.228,4835.062,4,,147,16,,,,,,,,,,,,,,,,,,,-0.143,-37.2,-0.178,-17.79,-22.035,-47.559,-16.536,-60.285,19.333,-40.306,10.142,-66.151,40.915,-90.664,0,-109.85,-40.815,-90.564,-0.467,-36.893,,"MODECO",-0.132,-17.822,,"ke ro",-21.939,-47.473,,"Pugeuk",-16.351,-60.299,76,"Pring__",18.797,-44.572,,"소솨소솨",9.829,-66.11,,"AI",40.9,-90.65,,"AI",0,-109.84,,"AI",-40.8,-90.55,,,,,,,,4834.456,-18.817,-40.705,4832.527,-15.764,-52.808,,,,,,,,,,,,,,,,,,,,,,,,,4833.787,-15.756,-49.127,,,,,,,,,,,,,,,,"",2,,,,,,,,,,,,,0,"Pugeuk",,,4835.034,48,""
182,SIDE,8,0,7,4,0,0,2,0,0,0,255,255,255,,4836.895,,,,,,,,,,,,,,,,,,,,,,,,5,"=","=","=","=","=","=","=","","",,,,,,,,,,,,,,,,,,,,,,,,,,,,,,,,,,,,,,,0,0,,,,,,,,,,,,,,,,,,,,,,,,,,,,,,,,,,,,,,,,,,,,,,,,,,,,,,,,,,,,,,,,,,,,,,,,,,,,,,,,,,,,,,,,,,,,,,,,,,,,,,,,,,,,,,,,,,,,,,,,,,,,,,,,,,,,,,,,,,,,,,,,,"",0,,,,,,,,,,,,,0,"",,,,0,""
183,END,9,1,7,4,0,0,0,0,0,0,255,255,255,,4839.954,,,,,,,,,,,,,,,,,,,,,,,,,,,,,,,,,,,,,,,,,,,,,,,,,,,,,,,,,,,,,,,,,,,,,,,,,,,,,,,,,,,,,,,,,,,,,,,,,,,,,,,,,,,,,,,,,,,,,,,,,,,,,,,,,,,,,,,,,,,,,,,,,,,,,,,,,,,,,,,,,,,,,,,,,,,,,,,,,,,,,,,,,,,,,,,,,,,,,,,,,,,,,,,,,,,,,,,,,,,,,,,,,,,,,,,,,,,,,,,"{""schemaVersion"":16,""gameTimeZeroUtc"":""2026-08-15T08:35:44.318Z"",""exportedAtUtc"":""2026-08-15T09:56:24.272Z"",""teamNameA"":""Red"",""teamNameB"":""Blue""}"
