id,type,inn,half,scoreA,scoreB,ball,strk,out,b1,b2,b3,b1Idx,b2Idx,b3Idx,pCnt,pSec,pName,pHand,pType,pPow,spdK,zoneX,zoneY,startX,startY,targetX,targetY,zDist,pitchAngle,pOver,pSide,pUnder,call,sH,sV,gyro,plx,plz,bIdx,order1Name,order2Name,order3Name,order4Name,order5Name,order6Name,order7Name,order8Name,order9Name,bPos,bZone,bName,bHCm,batLen,batCen,batType,bFps,bOS,bVR,bSwing,hSec,rotS,rotL,shS,lgS,prepS,batSpd,ev,ldeg,sdeg,launchPosX,launchPosY,launchPosZ,hPos,buntGrip,handDist,angVeloX,angVeloY,angVeloZ,ltSec,lx,lz,cSec,cPos,cx,cy,cz,1BSafe,tag,cpSec,bTo1Sec,bTo2Sec,bTo3Sec,bToHSec,r1To2Sec,r1To3Sec,r1ToHSec,r2To3Sec,r2ToHSec,r3ToHSec,r1LeaveSec,r2LeaveSec,r3LeaveSec,out1Sec,out1BatterIndex,out1PrevBase,out1Code,out1Ass,out2Sec,out2BatterIndex,out2PrevBase,out2Code,out2Ass,out3Sec,out3BatterIndex,out3PrevBase,out3Code,out3Ass,ball1Sec,ball1Pos,ball2Sec,ball2Pos,ball3Sec,ball3Pos,ballHSec,ballHPos,PitchPPosX,PitchPPosZ,PitchCPosX,PitchCPosZ,Pitch1BPosX,Pitch1BPosZ,Pitch2BPosX,Pitch2BPosZ,Pitch3BPosX,Pitch3BPosZ,PitchSSPosX,PitchSSPosZ,PitchLFPosX,PitchLFPosZ,PitchCFPosX,PitchCFPosZ,PitchRFPosX,PitchRFPosZ,PPosX,PPosY,PThrSpd,CName,CPosX,CPosY,CThrSpd,1BName,1BPosX,1BPosY,1BThrSpd,2BName,2BPosX,2BPosY,2BThrSpd,3BName,3BPosX,3BPosY,3BThrSpd,SSName,SSPosX,SSPosY,SSThrSpd,LFName,LFPosX,LFPosY,LFThrSpd,CFName,CFPosX,CFPosY,CFThrSpd,RFName,RFPosX,RFPosY,RFThrSpd,PGetSec,PGetX,PGetZ,CGetSec,CGetX,CGetZ,1BGetSec,1BGetX,1BGetZ,2BGetSec,2BGetX,2BGetZ,3BGetSec,3BGetX,3BGetZ,SSGetSec,SSGetX,SSGetZ,LFGetSec,LFGetX,LFGetZ,CFGetSec,CFGetX,CFGetZ,RFGetSec,RFGetX,RFGetZ,PThrSec,PThrX,PThrZ,CThrSec,CThrX,CThrZ,1BThrSec,1BThrX,1BThrZ,2BThrSec,2BThrX,2BThrZ,3BThrSec,3BThrX,3BThrZ,SSThrSec,SSThrX,SSThrZ,LFThrSec,LFThrX,LFThrZ,CFThrSec,CFThrX,CFThrZ,RFThrSec,RFThrX,RFThrZ,errPosDelta,result,swPreDeg,swKinDeg,swApproachDeg,swCorr,balk,cPlr,sb2Sec,sb3Sec,sbhSec,ass,remarks
1,,1,1,0,0,0,0,0,0,0,0,255,255,255,0,172.441,"Pring__",R,32,84,136,-0.501,0.45,0.19,1.408,-0.512,1.734,-36.241,34.902,8,92,0,0,250,-200,-5.419,0,0,0,"소솨소솨","Pugeuk","CoalCat","SUGUN","Sabo_10","눈꽃","","","",1,R,"소솨소솨",190,80,0.501,,56,W,Y,1,,,,,,,,,,,,,,,,,,,,,,,,,,,,0,0,,,,,,,,,,,,,,,,,,,,,,,,,,,,,,,,,,,,,,-0.104,-37.274,-0.03,-16.947,-21.691,-48.665,-15.237,-63.812,22.972,-48.387,16.651,-59.487,40.93,-90.678,0,-109.87,-40.83,-90.578,,,,"",,,,"",,,,"",,,,"",,,,"",,,,"",,,,"",,,,"",,,,,,,,,,,,,,,,,,,,,,,,,,,,,,,,,,,,,,,,,,,,,,,,,,,,,,,,,,"",0,,,,,0,"",,,,0,""
2,,1,1,0,0,0,1,0,0,0,0,255,255,255,1,188.357,"Pring__",R,32,89,140,-1.896,0.192,0.054,1.36,-1.143,1.578,-36.241,15.557,0,100,0,1,250,-200,27.075,0,0,0,"=","=","=","=","=","=","","","",1,R,"소솨소솨",190,80,0.501,,56,W,Y,0,,,,,,,,,,,,,,,,,,,,,,,,,,,,0,0,,,,,,,,,,,,,,,,,,,,,,,,,,,,,,,,,,,,,,-0.032,-37.186,0.02,-16.985,-20.838,-47.707,-15.232,-63.862,20.247,-48.333,16.03,-61.492,40.915,-90.664,0,-109.85,-40.815,-90.564,,,,"",,,,"",,,,"",,,,"",,,,"",,,,"",,,,"",,,,"",,,,,,,,,,,,,,,,,,,,,,,,,,,,,,,,,,,,,,,,,,,,,,,,,,,,,,,,,,"",0,,,,,0,"",,,,0,""
3,,1,1,0,0,1,1,0,0,0,0,255,255,255,2,206.34,"Pring__",R,13,80,117,-1.851,-0.251,0.162,1.435,-0.176,1.82,-36.241,21.555,5,95,0,2,-390.434,312.348,20.954,0,0,0,"=","=","=","=","=","=","","","",1,R,"소솨소솨",190,80,0.501,3,56,W,Y,1,207.48,255,97,21,104,44,78,67,11.957,24.286,-0.305,0.979,-21.035,1,0,0.656,85.916,-177.614,566.632,208.511,-11.219,-46.287,209.311,2,-13.25,0.188,-51.334,0,1,,213.472,,,,,,,,,,,,,213.345,0,,147,0,,,,,,,,,,,212.717,2,,,,,,,-0.081,-37.054,-0.099,-16.957,-21.143,-47.669,-14.971,-63.939,20.462,-48.247,15.994,-61.494,40.915,-90.664,0,-109.85,-40.815,-90.564,-0.279,-36.748,,"うよすま",-0.174,-16.965,,"si_ho",-21.136,-47.68,86,"ByeolBam",-14.961,-63.84,,"わだ、、",19.854,-48.284,,"YukihiroD",16.018,-61.508,,"AI",40.9,-90.65,,"AI",0,-109.84,,"AI",-40.8,-90.55,,215.648,-0.804,-37.872,,,,210.003,-13.968,-51.421,,,,,,,,,,,,,,,,,,,,,,,,,214.829,-13.587,-39.694,,,,,,,,,,,,,,,,,,,"",2,0,0,0,-2,0,"si_ho",,,,17,""
4,,1,1,0,0,0,0,1,0,0,0,255,255,255,3,233.004,"Pring__",R,32,80,130,2.705,0.534,0.374,1.43,0.811,1.806,-36.241,45.397,0,100,0,2,250,-167.252,-8.975,0,0,1,"=","=","=","=","=","=","","","",4,R,"Pugeuk",190,85.842,0.349,3,50,W,Y,1,234.123,219,101,98,89,46,145,93,20.606,1.243,0.493,1.235,-20.729,-0.7,0,0.695,226.424,241.883,217.934,237.791,-5.41,-97.801,237.964,7,-5.089,1.766,-95.023,0,0,,239.927,,,,,,,,,,,,,238.685,1,,456,0,,,,,,,,,,,,,,,,,,,-0.133,-36.99,-0.022,-16.94,-20.492,-47.061,-15.324,-63.243,20.592,-47.991,16.921,-60.27,40.922,-90.671,0,-109.86,-40.822,-90.571,-0.409,-36.943,,"うよすま",-0.014,-16.932,,"si_ho",-20.547,-47.07,,"ByeolBam",-15.126,-63.262,,"わだ、、",19.67,-48.169,,"YukihiroD",16.938,-60.269,,"AI",40.9,-90.65,,"AI",0,-109.84,,"AI",-40.8,-90.55,,243.401,0.153,-38.327,,,,,,,,,,,,,,,,,,,,,,,,,,,,,,,,,,,,,,,,,,,,,,,,,,,,"",1,0,0,0,-2,0,"AI",,,,1,""
5,,1,1,0,0,0,0,2,0,0,0,255,255,255,4,260.574,"Pring__",R,32,83,135,-1.205,-0.604,0.03,1.426,-0.789,1.081,-36.241,18.433,35,65,0,0,250,-189.545,24.644,0,0,2,"=","=","=","=","=","=","","","",5,R,"CoalCat",169.5,83,0.397,,49,W,Y,0,,,,,,,,,,,,,,,,,,,,,,,,,,,,0,0,,,,,,,,,,,,,,,,,,,,,,,,,,,,,,,,,,,,,,-0.111,-37.124,-0.063,-17.124,-20.818,-47.292,-15.697,-63.043,20.678,-46.548,17.16,-59.442,38.376,-90.759,0,-109.86,-38.159,-90.828,,,,"",,,,"",,,,"",,,,"",,,,"",,,,"",,,,"",,,,"",,,,265.229,0.083,-37.772,,,,,,,,,,,,,,,,,,,,,,,,,,,,,,,,,,,,,,,,,,,,,,,,,,,,"",0,,,,,0,"",,,,0,""
6,,1,1,0,0,0,1,2,0,0,0,255,255,255,5,277.173,"Pring__",R,3,75,101,0.166,-0.546,0.491,1.564,0.901,1.606,-36.241,45.511,0,100,0,2,-426.896,183.942,2.243,0,0,2,"=","=","=","=","=","=","","","",5,R,"CoalCat",169.5,83,0.397,3,49,W,Y,1,278.329,255,182,95,111,99,145,80,14.527,17.29,0.177,0.995,-22.749,1,0,0.744,-128.87,288.035,-0.5,,,,280.057,3,-12.58,1.515,-59.1,0,0,,,,,,,,,,,,,,,280.751,2,,452,0,,,,,,,,,,,,,,,,,,,0.008,-37.15,-0.088,-17.165,-20.63,-47.209,-15.756,-63.126,20.324,-47.966,17.149,-59.499,40.915,-90.664,0,-109.86,-40.815,-90.564,-0.19,-36.836,,"うよすま",-0.102,-17.141,,"si_ho",-20.609,-47.277,,"ByeolBam",-15.73,-63.07,,"わだ、、",19.29,-47.274,,"YukihiroD",17.149,-59.501,,"AI",40.9,-90.65,,"AI",0,-109.84,,"AI",-40.8,-90.55,,,,,,,,,,,280.755,-12.881,-59.622,,,,,,,,,,,,,,,,,,,,,,,,,,,,,,,,,,,,,,,,,,,"",1,0,0,0,-2,0,"ByeolBam",,,,2,""
7,SIDE,1,1,0,0,0,0,2,0,0,0,255,255,255,,282.043,,,,,,,,,,,,,,,,,,,,,,,3,"=","=","=","=","=","=","","","",,,,,,,,,,,,,,,,,,,,,,,,,,,,,,,,,,,,,,,0,0,,,,,,,,,,,,,,,,,,,,,,,,,,,,,,,,,,,,,,,,,,,,,,,,,,,,,,,,,,,,,,,,,,,,,,,,,,,,,,,,,,,,,,,,,,,,,,,,,,,,,,,,,,,,,,,,,,,,,,,,,,,,,,,,,,,,,,,,,,,,,,,,,"",0,,,,,0,"",,,,0,""
8,,1,0,0,0,0,0,0,0,0,0,255,255,255,0,382.421,"눈꽃",R,28,89,140,1.215,0.213,0.245,1.879,0.504,1.665,-36.64,18.127,54,46,0,2,12.778,-78.464,0,0,0,0,"うよすま","わだ、、","ByeolBam","YukihiroD","si_ho","Pring__","","","",1,R,"うよすま",190,85.375,0.502,3,46,W,Y,1,383.43,220,132,150,77,19,145,125,105.8,-40.812,0.225,1.096,-20.342,0.25,0,0.534,426.113,218.696,201.296,,,,,,,,,0,0,,,,,,,,,,,,,,,,,,,,,,,,,,,,,,,,,,,,,,-0.042,-37.835,-0.054,-17.06,-21.886,-48.62,-16.516,-62.229,17.745,-48.226,10.318,-62.964,40.937,-90.684,0,-109.88,-40.837,-90.584,0.237,-37.186,,"소솨소솨",-0.113,-17.15,,"Sabo_10",-21.702,-48.491,,"SUGUN",-16.492,-62.111,,"Pugeuk",17.581,-47.927,,"CoalCat",10.308,-62.878,,"AI",40.9,-90.65,,"AI",0,-109.84,,"AI",-40.8,-90.55,,,,,,,,,,,,,,,,,,,,,,,,,,,,,,,,,,,,,,,,,,,,,,,,,,,,,,,,"",3,0,0,0,-2,0,"",,,,0,""
9,,1,0,0,0,0,1,0,0,0,0,255,255,255,1,399.141,"눈꽃",R,13,69,109,-1.264,-0.382,0.289,1.863,0.166,1.788,-36.64,9.668,49,51,0,0,-385.501,314.085,0,0,0,0,"=","=","=","=","=","=","","","",1,R,"うよすま",190,85.375,0.502,,54,W,Y,0,,,,,,,,,,,,,,,,,,,,,,,,,,,,0,0,,,,,,,,,,,,,,,,,,,,,,,,,,,,,,,,,,,,,,0.033,-37.779,-0.042,-17.028,-23.373,-49.342,-17.084,-62.546,17.176,-47.648,10.228,-63.872,40.915,-90.664,0,-109.85,-40.815,-90.564,,,,"",,,,"",,,,"",,,,"",,,,"",,,,"",,,,"",,,,"",,,,,,,,,,,,,,,,,,,,,,,,,,,,,,,,,,,,,,,,,,,,,,,,,,,,,,,,,,"",0,,,,,0,"",,,,0,""
10,,1,0,0,0,0,2,0,0,0,0,255,255,255,2,414.295,"눈꽃",R,0,38,98,-4.859,0.974,-0.097,2.223,-2.11,2.223,-36.64,53.926,100,0,0,1,-2.004,0,0,0,0,0,"=","=","=","=","=","=","","","",1,R,"うよすま",190,85.375,0.502,,54,W,Y,0,,,,,,,,,,,,,,,,,,,,,,,,,,,,0,0,,,,,,,,,,,,,,,,,,,,,,,,,,,,,,,,,,,,,,-0.282,-37.827,-0.033,-17.039,-22.949,-49.113,-17.102,-62.613,17.164,-47.764,10.277,-63.852,40.915,-90.664,0,-109.85,-40.815,-90.564,,,,"",,,,"",,,,"",,,,"",,,,"",,,,"",,,,"",,,,"",,,,,,,,,,,,,,,,,,,,,,,,,,,,,,,,,,,,,,,,,,,,,,,,,,,,,,,,,,"",0,,,,,0,"",,,,0,""
11,,1,0,0,0,1,2,0,0,0,0,255,255,255,3,428.627,"눈꽃",R,6,68,109,0.456,-1.132,0.059,1.725,-0.681,1.016,-36.64,16.34,54,46,0,4,467.381,88.282,0,0,0,0,"=","=","=","=","=","=","","","",1,R,"うよすま",190,85.375,0.502,,54,W,Y,1,,,,,,,,,,,,,,,,,,,,,,,,,,,,0,0,,,,,,,,,,,,,,,431.286,0,,578,0,,,,,,,,,,,,,,,,,,,-0.22,-37.751,-0.067,-17.001,-21.879,-49.471,-17.012,-62.93,17.165,-47.78,10.293,-63.87,40.915,-90.664,0,-109.85,-40.815,-90.564,,,,"",,,,"",,,,"",,,,"",,,,"",,,,"",,,,"",,,,"",,,,,,,,,,,,,,,,,,,,,,,,,,,,,,,,,,,,,,,,,,,,,,,,,,,,,,,,,,"",0,,,,,0,"",,,,0,""
12,,1,0,0,0,0,0,1,0,0,0,255,255,255,4,451.146,"눈꽃",R,4,56,108,2.457,1.345,0.589,2.13,1.307,2.453,-36.64,34.969,100,0,0,1,-155.876,0,0,0,0,1,"=","=","=","=","=","=","","","",4,L,"わだ、、",190,85,0.497,,44,W,Y,0,,,,,,,,,,,,,,,,,,,,,,,,,,,,0,0,,,,,,,,,,,,,,,,,,,,,,,,,,,,,,,,,,,,,,0.187,-37.795,-0.029,-17.089,-21.566,-49.194,-17.157,-62.654,17.573,-47.037,13.297,-62.552,40.922,-90.67,0,-109.87,-40.822,-90.57,,,,"",,,,"",,,,"",,,,"",,,,"",,,,"",,,,"",,,,"",,,,,,,,,,,,,,,,,,,,,,,,,,,,,,,,,,,,,,,,,,,,,,,,,,,,,,,,,,"",0,,,,,0,"",,,,0,""
13,,1,0,0,0,1,0,1,0,0,0,255,255,255,5,462.196,"눈꽃",R,13,69,109,0.993,0.262,0.444,1.96,1.089,2.235,-36.64,21.696,56,44,0,2,-356.51,347.215,0,0,0,1,"=","=","=","=","=","=","","","",4,L,"わだ、、",190,85,0.497,3,44,W,Y,1,463.354,255,167,158,110,48,145,130,28.028,-0.324,0.203,1.171,-20.839,0.49,0,0.671,22.291,-47.706,-112.208,467.671,2.807,-134.344,468.337,7,3.011,0.351,-132.416,1,0,,469.147,473.948,,,,,,,,,,,,,,,,,,,,,,,,,,,,,474.264,3,,,,,0.049,-37.905,-0.035,-17.097,-22.141,-49.24,-16.713,-62.641,19.07,-47.935,13.285,-62.653,40.907,-90.657,0,-109.85,-40.807,-90.557,0.015,-37.197,,"소솨소솨",-0.086,-17.175,,"Sabo_10",-22.171,-49.257,,"SUGUN",-16.912,-62.769,84,"Pugeuk",19.111,-47.69,,"CoalCat",13.293,-62.456,,"AI",40.9,-90.65,,"AI",0,-109.84,,"AI",-40.8,-90.55,,478.392,0.156,-38.886,,,,,,,473.925,0.265,-61.193,,,,,,,,,,,,,,,,,,,,,,,,,477.413,-0.696,-54.457,,,,,,,,,,,,,,,,"",2,0,0,0,-2,0,"AI",473.948,,,40,""
14,,1,0,0,0,0,0,1,0,1,0,255,14,255,6,498.613,"눈꽃",R,26,94,140,-1.281,-0.454,0.061,1.793,-0.674,1.187,-36.64,9.314,47,53,0,0,95.839,-150.176,0,0,0,2,"=","=","=","=","=","=","","","",3,R,"ByeolBam",175.3,94,0.5,,44,W,Y,0,,,,,,,,,,,,,,,,,,,,,,,,,,,,0,0,,,,,,,,,,,,,511.663,,,,,,,,,,,,,,,,,,,,,,,,,-0.045,-37.859,-0.029,-17.155,-21.904,-47.694,-13.903,-62.834,18.301,-47.096,5.764,-60.655,40.93,-90.677,0,-109.87,-40.83,-90.577,,,120,"",,,,"",,,,"",,,,"",,,,"",,,,"",,,,"",,,,"",,,,503.139,-0.312,-37.655,,,,,,,,,,,,,,,,,,,,,,,,,519.219,0.607,-41.309,,,,,,,,,,,,,,,,,,,,,,,,,"",0,,,,,0,"",501.372,,,0,""
15,,1,0,0,0,0,1,1,0,1,0,255,14,255,7,537.302,"눈꽃",R,26,96,140,-0.303,-0.795,0.188,1.746,0.226,1.125,-36.64,16.752,53,47,0,2,92.443,-175.972,0,0,0,2,"=","=","=","=","=","=","","","",3,R,"ByeolBam",175.3,94,0.5,5,44,W,Y,1,538.252,161,147,162,75,34,145,91,4.442,-14.354,0.112,0.779,-20.714,-0.66,0,0.255,68.15,486.226,-12.214,538.537,6.076,-48.263,539.497,5,8.104,0.057,-58.792,0,4,,543.912,,,,,,,,,,,541.566,,543.544,2,,147,4,,,,,,,,,,,,,,,,,,,-0.087,-37.823,-0.023,-17.144,-22.472,-47.42,-15.657,-62.199,18.328,-46.344,5.334,-60.651,40.915,-90.664,0,-109.86,-40.815,-90.564,0.348,-37.193,,"소솨소솨",-0.132,-17.218,,"Sabo_10",-22.313,-47.358,93,"SUGUN",-15.611,-61.996,,"Pugeuk",17.71,-46.49,,"CoalCat",5.388,-60.498,102,"AI",40.9,-90.65,,"AI",0,-109.84,,"AI",-40.8,-90.55,,548.009,-0.737,-38.992,,,,542.971,-18.307,-40.757,,,,,,,540.454,7.978,-59.886,,,,,,,,,,,,,,,,547.077,-17.28,-40.303,,,,,,,541.526,4.884,-59.056,,,,,,,,,,"",2,-14.537,31.569,2.274,0,0,"CoalCat",541.543,,,52,""
16,,1,0,0,0,0,0,2,0,1,0,255,14,255,8,564.271,"눈꽃",R,26,86,139,1.23,1.251,0.255,2.02,0.451,2.15,-36.64,25.892,87,13,0,2,64.302,-168.536,0,0,0,3,"=","=","=","=","=","=","","","",5,R,"YukihiroD",174.3,80,0.398,5,43,W,Y,1,565.362,236,85,79,16,0,136,96,-21.273,39.512,0.228,1.319,-20.11,-0.05,0,0.575,-143.578,21.096,133.836,564.444,-1.763,-22.523,565.937,2,-17.896,0.617,-42.073,0,0,,,,,,,,,,,,,,,568.641,3,,147,0,,,,,,,,,,,568.058,2,,,,,,,-0.038,-37.703,-0.035,-17.15,-20.748,-46.46,-15.709,-63.277,16.742,-46.703,5.885,-61.19,40.922,-90.671,0,-109.86,-40.822,-90.571,0.05,-37.388,,"소솨소솨",-0.095,-17.167,,"Sabo_10",-20.674,-46.36,,"SUGUN",-15.689,-63.149,,"Pugeuk",16.485,-46.763,,"CoalCat",5.795,-61.098,,"AI",40.9,-90.65,,"AI",0,-109.84,,"AI",-40.8,-90.55,,,,,,,,566.964,-18.912,-43.465,,,,,,,,,,,,,,,,,,,,,,,,,,,,,,,,,,,,,,,,,,,,,,"",2,39.435,50.732,11.491,0,0,"Sabo_10",,,,16,""
17,SIDE,1,0,0,0,0,0,2,0,1,0,255,14,255,,569.88,,,,,,,,,,,,,,,,,,,,,,,4,"=","=","=","=","=","=","","","",,,,,,,,,,,,,,,,,,,,,,,,,,,,,,,,,,,,,,,0,0,,,,,,,,,,,,,,,,,,,,,,,,,,,,,,,,,,,,,,,,,,,,,,,,,,,,,,,,,,,,,,,,,,,,,,,,,,,,,,,,,,,,,,,,,,,,,,,,,,,,,,,,,,,,,,,,,,,,,,,,,,,,,,,,,,,,,,,,,,,,,,,,,"",0,,,,,0,"",,,,0,""
18,,2,1,0,0,0,0,0,0,0,0,255,255,255,6,608.229,"Pring__",R,13,74,101,-0.346,-0.891,0.34,1.522,0.434,1.509,-36.241,35.079,0,100,0,2,-358.49,312.348,2.103,0,0,3,"소솨소솨","Pugeuk","CoalCat","SUGUN","Sabo_10","눈꽃","","","",3,R,"SUGUN",174.8,82,0.5,3,43,W,Y,1,609.587,255,217,92,118,68,145,126,-17.9,43.462,-0.017,0.762,-21.313,0.29,0,0.781,18.371,-136.68,-222.569,608.551,-2.101,-23.513,609.991,2,-19.998,0.39,-45.224,0,0,,,,,,,,,,,,,,,613.196,3,,147,0,,,,,,,,,,,612.565,2,,,,,,,-0.02,-37.16,-0.048,-17.284,-20.973,-47.781,-14.858,-63.708,19.836,-47.156,18.038,-60.104,40.93,-90.677,0,-109.87,-40.83,-90.577,-0.015,-37.141,,"うよすま",-0.085,-17.276,,"si_ho",-20.965,-47.793,69,"ByeolBam",-14.83,-63.764,,"わだ、、",18.496,-46.757,,"YukihiroD",18.038,-60.099,,"AI",40.9,-90.65,,"AI",0,-109.84,,"AI",-40.8,-90.55,,615.246,-0.857,-37.99,,,,611.053,-20.831,-45.778,,,,,,,,,,,,,,,,,,,,,,,,,614.044,-17.679,-39.916,,,,,,,,,,,,,,,,,,,"",2,0,0,0,-2,0,"si_ho",,,,48,""
19,,2,1,0,0,0,0,1,0,0,0,255,255,255,7,632.663,"Pring__",R,32,73,125,3.363,0.87,0.458,1.508,1.201,2.067,-36.241,51.751,0,100,0,1,196.682,-84.885,-7.653,0,0,4,"=","=","=","=","=","=","","","",2,L,"Sabo_10",185.3,87.575,0.449,,43,W,Y,0,,,,,,,,,,,,,,,,,,,,,,,,,,,,0,0,,,,,,,,,,,,,,,,,,,,,,,,,,,,,,,,,,,,,,-0.034,-37.148,-0.023,-17.019,-19.59,-46.973,-15.329,-63.698,20.68,-48.193,15.704,-60.878,40.922,-90.671,0,-109.86,-40.822,-90.57,,,,"",,,,"",,,,"",,,,"",,,,"",,,,"",,,,"",,,,"",,,,637.777,0.089,-37.892,,,,,,,,,,,,,,,,,,,,,,,,,,,,,,,,,,,,,,,,,,,,,,,,,,,,"",0,,,,,0,"",,,,0,""
20,,2,1,0,0,1,0,1,0,0,0,255,255,255,8,650.475,"Pring__",R,32,82,133,0.506,0.386,0.172,1.391,-0.131,1.678,-36.241,29.339,28,72,0,0,250,-200,-0.65,0,0,4,"=","=","=","=","=","=","","","",2,L,"Sabo_10",185.3,87.575,0.449,,43,W,Y,0,,,,,,,,,,,,,,,,,,,,,,,,,,,,0,0,,,,,,,,,,,,,,,,,,,,,,,,,,,,,,,,,,,,,,-0.103,-37.152,-0.061,-17.119,-19.173,-45.893,-12.727,-65.011,20.799,-47.769,16.292,-60.394,40.915,-90.664,0,-109.85,-40.815,-90.564,,,,"",,,,"",,,,"",,,,"",,,,"",,,,"",,,,"",,,,"",,,,654.455,-0.076,-37.767,,,,,,,,,,,,,,,,,,,,,,,,,,,,,,,,,,,,,,,,,,,,,,,,,,,,"",0,,,,,0,"",,,,0,""
21,,2,1,0,0,1,1,1,0,0,0,255,255,255,9,668.02,"Pring__",R,32,82,133,-0.205,-0.502,0.106,1.453,-0.439,1.219,-36.241,17.964,0,100,0,0,250,-94.113,17.998,0,0,4,"=","=","=","=","=","=","","","",2,L,"Sabo_10",185.3,87.575,0.449,,43,W,Y,1,,,,,,,,,,,,,,,,,,,,,,,,,,,,0,0,,,,,,,,,,,,,,,,,,,,,,,,,,,,,,,,,,,,,,-0.104,-37.057,-0.042,-17.191,-19.47,-46.138,-12.76,-65.082,21.122,-48.317,16.294,-60.376,40.915,-90.664,0,-109.85,-40.815,-90.564,,,,"",,,,"",,,,"",,,,"",,,,"",,,,"",,,,"",,,,"",,,,672.35,0.101,-37.588,,,,,,,,,,,,,,,,,,,,,,,,,,,,,,,,,,,,,,,,,,,,,,,,,,,,"",0,,,,,0,"",,,,0,""
22,,2,1,0,0,1,2,1,0,0,0,255,255,255,10,685.234,"Pring__",R,13,78,104,0.178,-0.752,0.436,1.571,0.732,1.627,-36.241,45.198,90,10,0,2,-350.909,335.029,-5.734,0,0,4,"=","=","=","=","=","=","","","",2,L,"Sabo_10",185.3,87.575,0.449,5,43,W,Y,1,686.208,171,119,139,144,84,145,99,26.472,32.247,0.082,0.833,-21.298,0.99,0,0.492,-147.52,89.737,70.933,689.644,-46.086,-91.297,689.911,8,-44.436,2.194,-88.909,0,0,,691.72,,,,,,,,,,,,,691.011,4,,456,0,,,,,,,,,,,,,,,,,,,-0.024,-37.041,-0.03,-17.135,-19.616,-46.45,-12.651,-65.111,21.269,-48.73,16.551,-60.14,40.915,-90.664,0,-109.85,-40.815,-90.564,-0.215,-36.912,,"うよすま",-0.019,-17.186,,"si_ho",-19.59,-46.452,,"ByeolBam",-12.651,-65.108,,"わだ、、",21.07,-48.2,,"YukihiroD",16.548,-60.131,,"AI",40.9,-90.65,,"AI",0,-109.84,,"AI",-40.8,-90.55,,696.199,-0.741,-38.857,,,,,,,,,,,,,,,,,,,,,,,,,,,,,,,,,,,,,,,,,,,,,,,,,,,,"",1,55.399,6.094,24.682,0.475,0,"AI",,,,32,""
23,,2,1,0,0,0,0,2,0,0,0,255,255,255,11,712.964,"Pring__",R,32,83,135,-1.165,-0.442,0.119,1.433,-0.844,1.164,-36.241,24.167,23,77,0,0,250,-200,9.267,0,0,5,"=","=","=","=","=","=","","","",0,L,"눈꽃",190,85,0.505,,42,W,Y,1,,,,,,,,,,,,,,,,,,,,,,,,,,,,0,0,,,,,,,,,,,,,,,,,,,,,,,,,,,,,,,,,,,,,,-0.145,-37.013,-0.055,-17.082,-20.148,-46.74,-13.904,-64.369,21.678,-49.312,14.144,-60.622,40.915,-90.664,0,-109.86,-40.815,-90.564,,,,"",,,,"",,,,"",,,,"",,,,"",,,,"",,,,"",,,,"",,,,717.283,-0.07,-37.411,,,,,,,,,,,,,,,,,,,,,,,,,,,,,,,,,,,,,,,,,,,,,,,,,,,,"",0,,,,,0,"",,,,0,""
24,,2,1,0,0,0,1,2,0,0,0,255,255,255,12,731.787,"Pring__",R,32,74,126,4.184,0.98,0.528,1.528,1.527,2.12,-36.241,55.029,0,100,0,2,188.591,-121.411,-0.897,0,0,5,"=","=","=","=","=","=","","","",0,L,"눈꽃",190,85,0.505,3,42,W,Y,1,732.946,221,100,89,86,55,145,87,25.364,-65.626,0.772,1.397,-20.483,1,0,0.52,-179.455,-499.894,100.893,734.364,40.581,-37.622,,,,,,0,0,,,,,,,,,,,,,,,,,,,,,,,,,,,,,,,,,,,,,,-0.099,-36.996,0.157,-17.061,-20.165,-46.691,-13.441,-64.265,22.109,-49.002,15.147,-61.671,40.915,-90.664,0,-109.86,-40.815,-90.564,0.046,-37.288,,"うよすま",0.288,-17.071,,"si_ho",-20.154,-46.748,,"ByeolBam",-13.445,-64.253,,"わだ、、",22.067,-48.746,,"YukihiroD",15.126,-61.641,,"AI",40.9,-90.65,,"AI",0,-109.84,,"AI",-40.8,-90.55,,,,,,,,,,,,,,,,,,,,,,,,,,,,,,,,,,,,,,,,,,,,,,,,,,,,,,,,"",3,0,0,0,-2,0,"",,,,0,""
25,,2,1,0,0,0,2,2,0,0,0,255,255,255,13,752.272,"Pring__",R,13,74,101,-0.437,-1.188,0.364,1.431,0.508,1.324,-36.241,29.149,40,60,0,4,-358.49,312.348,-0.035,0,0,5,"=","=","=","=","=","=","","","",0,L,"눈꽃",190,85,0.505,,42,W,Y,1,,,,,,,,,,,,,,,,,,,,,,,,,,,,0,0,,,,,,,,,,,,,,,755.311,5,,578,0,,,,,,,,,,,,,,,,,,,-0.008,-36.935,0.054,-16.91,-19.804,-46.12,-13.386,-64.202,22.398,-48.818,15.546,-61.716,40.915,-90.664,0,-109.85,-40.815,-90.564,,,,"",,,,"",,,,"",,,,"",,,,"",,,,"",,,,"",,,,"",,,,,,,,,,,,,,,,,,,,,,,,,,,,,,,,,,,,,,,,,,,,,,,,,,,,,,,,,,"",0,,,,,0,"",,,,0,""
26,SIDE,2,1,0,0,0,0,2,0,0,0,255,255,255,,756.669,,,,,,,,,,,,,,,,,,,,,,,0,"=","=","=","=","=","=","","","",,,,,,,,,,,,,,,,,,,,,,,,,,,,,,,,,,,,,,,0,0,,,,,,,,,,,,,,,,,,,,,,,,,,,,,,,,,,,,,,,,,,,,,,,,,,,,,,,,,,,,,,,,,,,,,,,,,,,,,,,,,,,,,,,,,,,,,,,,,,,,,,,,,,,,,,,,,,,,,,,,,,,,,,,,,,,,,,,,,,,,,,,,,"",0,,,,,0,"",,,,0,""
27,,2,0,0,0,0,0,0,0,0,0,255,255,255,9,794.844,"눈꽃",R,27,91,140,0.447,-0.964,0.074,1.719,-0.392,1.008,-36.64,6.952,55,45,0,2,75.886,-138.932,0,0,0,4,"うよすま","わだ、、","ByeolBam","YukihiroD","si_ho","Pring__","","","",2,R,"si_ho",176.1,88.027,0.348,3,42,W,Y,1,795.913,255,149,123,26,0,145,82,24.03,58.788,-0.119,0.777,-21.468,1,0,0.626,-369.89,283.613,135.324,796.671,-34.756,-40.908,,,,,,0,0,,,,,,,,,,,,,,,,,,,,,,,,,,,,,,,,,,,,,,-0.065,-37.747,0.096,-17.287,-21.263,-47.689,-17.405,-62.127,17.293,-47.154,12.335,-64.593,40.937,-90.684,0,-109.88,-40.837,-90.584,0.27,-37.311,,"소솨소솨",-0.136,-17.406,,"Sabo_10",-21.132,-47.569,,"SUGUN",-18.212,-62.305,,"Pugeuk",16.95,-47.222,,"CoalCat",12.347,-64.434,,"AI",40.9,-90.65,,"AI",0,-109.84,,"AI",-40.8,-90.55,,,,,,,,,,,,,,,,,,,,,,,,,,,,,,,,,,,,,,,,,,,,,,,,,,,,,,,,"",3,0,0,0,-2,0,"",,,,0,""
28,,2,0,0,0,0,1,0,0,0,0,255,255,255,10,814.405,"눈꽃",R,14,70,110,1.149,-1.497,0.117,1.776,-0.276,1.12,-36.64,17.2,61,39,0,2,416.577,276.52,0,0,0,4,"=","=","=","=","=","=","","","",2,R,"si_ho",176.1,88.027,0.348,3,36,W,Y,1,815.605,255,131,114,113,68,145,100,-45.749,-23.365,0.182,0.564,-21.174,-0.07,0,0.696,-65.694,16.072,-116.4,814.324,0.394,-21.665,816.151,4,11.246,3.234,-46.808,0,0,,,,,,,,,,,,,,,820.653,4,,147,2,,,,,,,,,,,,,,,,,,,-0.177,-37.8,-0.025,-17.185,-22.181,-46.383,-17.126,-62.68,17.436,-47.849,12.787,-64.384,40.915,-90.664,0,-109.85,-40.815,-90.564,0.309,-37.373,,"소솨소솨",-0.171,-17.338,,"Sabo_10",-21.884,-46.104,94,"SUGUN",-19.087,-63.517,,"Pugeuk",17.385,-47.661,90,"CoalCat",12.817,-64.251,,"AI",40.9,-90.65,,"AI",0,-109.84,,"AI",-40.8,-90.55,,823.555,-0.438,-38.741,,,,820.015,-18.358,-39.571,,,,817.525,11.591,-47.318,,,,,,,,,,,,,,,,,,,822.607,-17.526,-39.958,,,,818.548,7.825,-45.279,,,,,,,,,,,,,"",2,0,0,0,-2,0,"Pugeuk",,,,50,""
29,,2,0,0,0,0,0,1,0,0,0,255,255,255,11,837.54,"눈꽃",R,13,68,109,-3.59,0.29,0.117,2.109,-0.823,2.211,-36.64,23.166,97,3,0,1,-386.885,312.348,0,0,0,5,"=","=","=","=","=","=","","","",0,L,"Pring__",190,93.125,0.481,,42,W,Y,0,,,,,,,,,,,,,,,,,,,,,,,,,,,,0,0,,,,,,,,,,,,,,,,,,,,,,,,,,,,,,,,,,,,,,-0.101,-37.883,-0.037,-17.175,-20.372,-46.272,-10.527,-65.945,20.155,-47.664,15.011,-62.207,40.915,-90.664,0,-109.86,-40.815,-90.564,,,,"",,,,"",,,,"",,,,"",,,,"",,,,"",,,,"",,,,"",,,,841.865,-0.312,-37.397,,,,,,,,,,,,,,,,,,,,,,,,,,,,,,,,,,,,,,,,,,,,,,,,,,,,"",0,,,,,0,"",,,,0,""
30,,2,0,0,0,1,0,1,0,0,0,255,255,255,12,852.907,"눈꽃",R,10,75,116,-0.889,-0.586,0.18,2.033,-0.392,1.716,-36.64,23.213,92,8,0,2,0,400,0,0,0,5,"=","=","=","=","=","=","","","",0,L,"Pring__",190,93.125,0.481,5,42,W,Y,1,854.038,255,159,82,106,101,145,89,25.18,-61.014,-0.135,0.993,-21.813,1,0,0.498,-11.248,-373.304,-211.908,856.857,63.826,-50.457,,,,,,0,0,,,,,,,,,,,,,,,,,,,,,,,,,,,,,,,,,,,,,,-0.061,-38.011,-0.045,-17.187,-20.969,-46.371,-11.066,-65.695,20.202,-47.723,15.009,-62.226,40.915,-90.664,0,-109.85,-40.815,-90.564,0.184,-37.457,,"소솨소솨",-0.098,-17.194,,"Sabo_10",-20.95,-46.347,,"SUGUN",-11.065,-65.456,,"Pugeuk",20.083,-47.637,,"CoalCat",15.033,-62.043,,"AI",40.9,-90.65,,"AI",0,-109.84,,"AI",-40.8,-90.55,,,,,,,,,,,,,,,,,,,,,,,,,,,,,,,,,,,,,,,,,,,,,,,,,,,,,,,,"",3,120.204,54.449,11.092,0,0,"",,,,0,""
31,,2,0,0,0,1,1,1,0,0,0,255,255,255,13,868.25,"눈꽃",R,27,97,140,0.957,-0.912,0.324,1.836,0.314,0.911,-36.64,16.187,50,50,0,2,68.031,-128.182,0,0,0,5,"=","=","=","=","=","=","","","",0,L,"Pring__",190,93.125,0.481,5,42,W,Y,1,869.183,198,153,89,131,59,145,113,26.018,48.225,0.179,0.704,-20.761,0.89,0,0.679,408.947,-432.591,75.015,872.871,-68.705,-93.027,874.431,8,-67.544,0.159,-95.119,1,0,,875.196,879.728,,,,,,,,,,,,,,,,,,,,,,,,,,,,,,,,,,,0.043,-37.936,-0.041,-17.174,-21.015,-46.58,-11.182,-65.598,20.542,-46.935,13.693,-64.137,40.907,-90.657,0,-109.85,-40.807,-90.557,0.321,-37.029,,"소솨소솨",-0.108,-17.197,,"Sabo_10",-21.028,-46.583,,"SUGUN",-11.202,-65.491,,"Pugeuk",20.589,-46.849,,"CoalCat",13.686,-63.968,85,"AI",40.9,-90.65,,"AI",0,-109.84,,"AI",-40.8,-90.55,,884.255,0.22,-38.689,,,,,,,,,,,,,880.856,-0.243,-59.474,,,,,,,,,,,,,,,,,,,,,,,,,883.09,1.076,-58.519,,,,,,,,,,"",2,48.517,180,7.767,0,0,"AI",879.728,,,36,""
32,,2,0,0,0,0,0,1,0,1,0,255,10,255,14,900.382,"눈꽃",R,26,92,140,-0.267,0.393,0.081,1.866,-0.215,1.696,-36.64,12.958,42,58,0,2,70.113,-175.316,0,0,0,0,"=","=","=","=","=","=","","","",1,R,"うよすま",190,85.375,0.502,5,41,W,Y,1,901.364,223,101,176,57,0,145,131,28.798,-8.225,-0.099,1.144,-20.036,0.59,0,0.525,200.258,557.651,94.455,907.951,-1.905,-140.796,,,,,,0,0,,907.731,912.507,917.839,922.953,,,,908.753,913.972,,,,,,,,,,,,,,,,,,,,,,,,,,,,-0.135,-37.607,0.011,-17.227,-20.776,-46.296,-16.121,-62.719,17.987,-47.395,8.002,-60.993,40.922,-90.671,0,-109.85,-40.822,-90.571,0.018,-37.328,,"소솨소솨",-0.108,-17.275,,"Sabo_10",-20.529,-46.3,,"SUGUN",-16.244,-62.491,,"Pugeuk",17.497,-46.961,,"CoalCat",8.045,-60.843,,"AI",40.9,-90.65,,"AI",0,-109.84,,"AI",-40.8,-90.55,,,,,,,,,,,,,,,,,,,,,,,,,,,,,,,,,,,,,,,,,,,,,,,,,,,,,,,,"",4,-8.019,113.887,-3.789,0,0,"",912.507,908.753,913.972,0,""
33,,2,0,0,2,0,0,1,0,0,0,255,255,255,15,943.503,"눈꽃",R,27,86,139,-0.508,1.192,0.16,2.095,-0.324,2.215,-36.64,25.983,91,9,0,2,70.496,-148.349,0,0,0,1,"=","=","=","=","=","=","","","",4,L,"わだ、、",190,85,0.497,5,41,W,Y,1,944.613,255,127,126,135,62,145,118,25.356,45.609,-0.089,1.498,-20.816,0.81,0,0.682,48.926,-279.869,-390.077,948.217,-69.512,-99.276,949.351,8,-65.746,0.14,-96.393,1,0,,950.283,954.908,,,,,,,,,,,,,,,,,,,,,,,,,,,,,,,,,,,-0.102,-37.68,-0.002,-17.226,-20.192,-45.709,-15.01,-62.298,19.138,-45.646,13.729,-63.065,40.908,-90.657,0,-109.85,-40.808,-90.557,0.145,-37.505,,"소솨소솨",-0.078,-17.205,,"Sabo_10",-20.035,-45.598,,"SUGUN",-15.01,-62.219,,"Pugeuk",18.884,-45.452,,"CoalCat",13.828,-62.967,76,"AI",40.9,-90.65,,"AI",0,-109.84,,"AI",-40.8,-90.55,,959.511,-0.204,-38.556,,,,,,,,,,,,,955.967,-0.022,-59.409,,,,,,,,,,,,,,,,,,,,,,,,,958.228,1.285,-58.343,,,,,,,,,,"",2,46.292,-179.994,20.038,0,0,"AI",954.908,,,36,""
34,,2,0,0,2,0,0,1,0,1,0,255,14,255,16,974.424,"눈꽃",R,10,74,116,0.339,-1.55,0.279,1.704,0.307,1.173,-36.64,13.583,47,53,0,4,-96.406,359.339,0,0,0,2,"=","=","=","=","=","=","","","",3,R,"ByeolBam",175.3,90,0.5,,41,W,Y,1,,,,,,,,,,,,,,,,,,,,,,,,,,,,0,0,,,,,,,,,,,,,983.22,,,,,,,,,,,,,,,,,,,,,,,,,0.027,-37.556,0.005,-17.234,-20.876,-46.075,-16.847,-62.899,17.547,-45.333,4.67,-61.121,40.915,-90.664,0,-109.86,-40.815,-90.564,,,,"",,,,"",,,,"",,,,"",,,,"",,,,"",,,,"",,,,"",,,,978.262,-0.563,-37.525,,,,,,,,,,,,,,,,,,,,,,,,,,,,,,,,,,,,,,,,,,,,,,,,,,,,"",0,,,,,0,"",977.461,,,0,""
35,,2,0,0,2,0,1,1,0,1,0,255,14,255,17,992.184,"눈꽃",R,13,65,106,2.61,0.784,0.541,2.075,1.799,2.573,-36.64,31.785,100,0,0,1,-348.228,345.562,0,0,0,2,"=","=","=","=","=","=","","","",3,R,"ByeolBam",175.3,90,0.5,,41,W,Y,0,,,,,,,,,,,,,,,,,,,,,,,,,,,,0,0,,,,,,,,,,,,,1004.767,,,,,,,,,,,,,,,,,,,,,,,,,0.09,-37.828,-0.019,-17.222,-21.243,-46.378,-16.118,-62.393,18.206,-46.322,1.376,-60.305,40.915,-90.664,0,-109.85,-40.815,-90.564,,,,"",,,,"",,,,"",,,,"",,,,"",,,,"",,,,"",,,,"",,,,996.267,-0.189,-37.209,,,,,,,,,,,,,,,,,,,,,,,,,,,,,,,,,,,,,,,,,,,,,,,,,,,,"",0,,,,,0,"",995.714,,,0,""
36,,2,0,0,2,1,1,1,0,1,0,255,14,255,18,1007.719,"눈꽃",R,26,91,140,0.203,0.878,0.059,1.8,-0.026,1.965,-36.64,10.536,42,58,0,0,82.539,-152.62,0,0,0,2,"=","=","=","=","=","=","","","",3,R,"ByeolBam",175.3,90,0.5,,41,W,Y,0,,,,,,,,,,,,,,,,,,,,,,,,,,,,0,0,,,,,,,,,,,,,1020.682,,,,,,,,,,,,,,,,,,,,,,,,,-0.084,-37.679,-0.008,-17.252,-21.209,-47.049,-16.243,-62.882,18.014,-46.65,4.109,-60.826,40.915,-90.664,0,-109.85,-40.815,-90.564,,,,"",,,,"",,,,"",,,,"",,,,"",,,,"",,,,"",,,,"",,,,1011.865,-0.142,-37.489,,,,,,,,,,,,,,,,,,,,,,,,,,,,,,,,,,,,,,,,,,,,,,,,,,,,"",0,,,,,0,"",1010.909,,,0,""
37,,2,0,0,2,1,2,1,0,1,0,255,14,255,19,1026.493,"눈꽃",R,27,85,138,0.589,0.687,0.204,2.111,0.186,1.862,-36.64,32.757,89,11,0,2,46.13,-123.315,0,0,0,2,"=","=","=","=","=","=","","","",3,R,"ByeolBam",175.3,90,0.5,5,41,W,Y,1,1027.455,214,85,130,50,31,145,84,51.623,11.679,0.109,1.161,-20.38,-1,0,0.269,434.573,348.959,-45.548,1031.524,-15.11,-71.114,1031.617,3,-14.568,2.785,-69.664,0,0,,1033.92,,,,,,,,,,,1048.508,,1033.249,2,,452,0,,,,,,,,,,,,,,,,,,,-0.111,-37.659,0.002,-17.249,-21.285,-46.973,-16.79,-62.538,18.669,-45.551,1.972,-60.15,40.915,-90.664,0,-109.86,-40.815,-90.564,0.072,-37.367,,"소솨소솨",-0.046,-17.21,,"Sabo_10",-21.172,-46.879,,"SUGUN",-16.893,-63.107,101,"Pugeuk",17.956,-45.8,,"CoalCat",4.399,-60.625,,"AI",40.9,-90.65,,"AI",0,-109.84,,"AI",-40.8,-90.55,,1036.384,-0.122,-38.777,,,,,,,1033.258,-14.81,-70.052,,,,,,,,,,,,,,,,,,,,,,,,,1034.795,-13.707,-68.222,,,,,,,,,,,,,,,,"",1,11.863,180,-0.024,0,0,"SUGUN",1032.325,,,40,""
38,,2,0,0,2,0,0,2,0,1,0,255,14,255,20,1051.728,"눈꽃",R,26,99,140,-1.391,-1.678,-0.03,1.548,-0.748,0.462,-36.64,15.964,47,53,0,1,104.558,-176.021,0,0,0,3,"=","=","=","=","=","=","","","",5,R,"YukihiroD",174.3,80,0.398,,41,W,Y,0,,,,,,,,,,,,,,,,,,,,,,,,,,,,0,0,,,,,,,,,,,,,1063.274,,,,,,,,,,,,,,,,,,,,,,,,,-0.053,-37.651,-0.003,-17.238,-21.147,-46.462,-16.096,-63.206,18.129,-46.545,8.822,-63.853,40.915,-90.664,0,-109.86,-40.815,-90.564,,,,"",,,,"",,,,"",,,,"",,,,"",,,,"",,,,"",,,,"",,,,1055.756,-0.439,-37.379,,,,,,,,,,,,,,,,,,,,,,,,,,,,,,,,,,,,,,,,,,,,,,,,,,,,"",0,,,,,0,"",1054.8,,,0,""
39,,2,0,0,2,1,0,2,0,1,0,255,14,255,21,1064.908,"눈꽃",R,27,97,140,0.427,0.311,0.188,1.965,0.138,1.67,-36.64,22.749,94,6,0,2,30.942,-102.478,0,0,0,3,"=","=","=","=","=","=","","","",5,R,"YukihiroD",174.3,80,0.398,5,41,W,Y,1,1065.991,237,181,96,20,0,138,90,-21.289,36.71,0.078,1.02,-20.216,-0.49,0,0.559,-46.721,-298.159,349.904,1064.404,-1.346,-22.139,1066.177,2,-18.063,0.123,-44.742,0,0,,,,,,,,,1070.867,,,,,,1069.806,3,,147,0,,,,,,,,,,,1069.256,2,,,,,,,-0.132,-37.538,-0.006,-17.261,-20.86,-45.825,-16.157,-63.021,17.84,-45.583,9.463,-63.646,40.907,-90.657,0,-109.85,-40.807,-90.557,0.135,-37.052,,"소솨소솨",-0.028,-17.27,,"Sabo_10",-21.181,-46.191,,"SUGUN",-16.226,-63.096,,"Pugeuk",17.28,-45.895,,"CoalCat",9.52,-63.539,,"AI",40.9,-90.65,,"AI",0,-109.84,,"AI",-40.8,-90.55,,,,,,,,1067.831,-18.844,-45.846,,,,,,,,,,,,,,,,,,,,,,,,,,,,,,,,,,,,,,,,,,,,,,"",2,36.982,180,3.436,0,0,"Sabo_10",,1070.867,,16,""
40,SIDE,2,0,0,2,0,0,2,0,1,0,255,14,255,,1071.064,,,,,,,,,,,,,,,,,,,,,,,4,"=","=","=","=","=","=","","","",,,,,,,,,,,,,,,,,,,,,,,,,,,,,,,,,,,,,,,0,0,,,,,,,,,,,,,,,,,,,,,,,,,,,,,,,,,,,,,,,,,,,,,,,,,,,,,,,,,,,,,,,,,,,,,,,,,,,,,,,,,,,,,,,,,,,1117.356,-0.052,-38.008,,,,,,,,,,,,,,,,,,,,,,,,,,,,,,,,,,,,,,,,,,,,,,,,,,,,"",0,,,,,0,"",,,,32,""
41,,3,1,0,2,0,0,0,0,0,0,255,255,255,14,1122.95,"Pring__",R,32,80,130,-1.323,0.298,0.001,1.376,-0.925,1.629,-36.241,20.816,7,93,0,2,250,-200,29.602,0,0,0,"소솨소솨","Pugeuk","CoalCat","SUGUN","Sabo_10","눈꽃","","","",1,R,"소솨소솨",190,80,0.501,5,49,W,Y,1,1124.094,255,144,102,94,44,145,119,94.793,-3.149,-0.28,1.14,-20.31,0.8,0,0.682,367.643,212.672,372.955,,,,,,,,,0,0,,,,,,,,,,,,,,,,,,,,,,,,,,,,,,,,,,,,,,-0.234,-37.002,0,-17.117,-20.589,-47.28,-15.509,-62.841,21.412,-47.98,10.191,-62.284,40.952,-90.698,0,-109.9,-40.852,-90.598,-0.092,-37.005,,"うよすま",-0.15,-17.125,,"si_ho",-20.587,-47.254,,"ByeolBam",-15.564,-62.714,,"わだ、、",19.785,-47.251,,"YukihiroD",10.202,-62.279,,"AI",40.9,-90.65,,"AI",0,-109.84,,"AI",-40.8,-90.55,,,,,,,,,,,,,,,,,,,,,,,,,,,,,,,,,,,,,,,,,,,,,,,,,,,,,,,,"",3,-3.599,178.047,-8.834,0,0,"",,,,0,""
42,,3,1,0,2,0,1,0,0,0,0,255,255,255,15,1148.149,"Pring__",R,32,85,138,2.031,0.959,0.121,1.426,-0.369,1.143,-36.241,27.7,4,96,0,2,250,-197.099,11.229,0,0,0,"=","=","=","=","=","=","","","",1,R,"소솨소솨",190,80,0.501,0,49,W,Y,1,1149.243,230,94,97,49,18,145,108,-31.085,20.469,-0.01,0.802,-19.856,-0.2,0,0.322,-136.037,5.544,50.249,1147.511,-0.466,-21.08,1149.471,3,-13.463,1.277,-55.893,0,0,,,,,,,,,,,,,,,1153.703,0,,147,4,,,,,,,,,,,,,,,,,,,-0.155,-37.099,-0.106,-16.951,-20.731,-47.253,-15.592,-62.83,21.189,-47.914,9.615,-63.037,40.915,-90.664,0,-109.86,-40.815,-90.564,-0.364,-36.805,,"うよすま",-0.118,-16.984,,"si_ho",-20.731,-47.273,84,"ByeolBam",-15.43,-63.069,93,"わだ、、",20.362,-47.67,,"YukihiroD",9.749,-62.982,,"AI",40.9,-90.65,,"AI",0,-109.84,,"AI",-40.8,-90.55,,1156.311,-0.792,-38.101,,,,1153.069,-19.304,-40.547,1151.288,-13.806,-56.639,,,,,,,,,,,,,,,,,,,,,,1155.277,-18.509,-40.146,1152.321,-15.698,-51.082,,,,,,,,,,,,,,,,"",2,0,0,0,-2,0,"ByeolBam",,,,52,""
43,,3,1,0,2,0,0,1,0,0,0,255,255,255,16,1175.421,"Pring__",R,3,79,105,-1.171,-0.681,0.321,1.376,0.375,1.206,-36.241,28.707,0,100,0,0,-477.273,0,11.209,0,0,1,"=","=","=","=","=","=","","","",4,L,"Pugeuk",190,85.842,0.349,,41,W,Y,0,,,,,,,,,,,,,,,,,,,,,,,,,,,,0,0,,,,,,,,,,,,,,,,,,,,,,,,,,,,,,,,,,,,,,-0.011,-36.949,0.022,-16.947,-19.943,-46.587,-15.095,-62.943,20.741,-47.476,14.553,-60.439,40.922,-90.671,0,-109.86,-40.822,-90.571,,,,"",,,,"",,,,"",,,,"",,,,"",,,,"",,,,"",,,,"",,,,1180.477,-0.028,-37.896,,,,,,,,,,,,,,,,,,,,,,,,,,,,,,,,,,,,,,,,,,,,,,,,,,,,"",0,,,,,0,"",,,,0,""
44,,3,1,0,2,0,1,1,0,0,0,255,255,255,17,1193.795,"Pring__",R,32,92,140,-4.629,-0.42,-0.183,1.24,-2.249,1.19,-36.241,16.071,0,100,0,3,250,-200,52.294,-0.528,-21.242,1,"=","=","=","=","=","=","","","",4,L,"Pugeuk",190,85.842,0.349,0,41,W,Y,0,1198.01,0,0,0,0,0,0,0,0,0,0,0,0,0,0,0,0,0,0,,,,1214.671,,0.007,1.207,-37.876,0,0,,,,,,,,,,,,,,,,,,,,,,,,,,,,,,,,,,,,,,-0.213,-36.875,-0.021,-16.922,-19.568,-46.913,-14.77,-63.221,21.326,-48.291,14.746,-60.342,40.915,-90.664,0,-109.85,-40.815,-90.564,-0.205,-37.376,,"うよすま",-0.799,-18.426,,"si_ho",-19.643,-46.956,,"ByeolBam",-14.156,-63.318,,"わだ、、",20.49,-47.337,,"YukihiroD",14.676,-60.328,,"AI",40.9,-90.65,,"AI",0,-109.84,,"AI",-40.8,-90.55,,1216.537,-0.024,-37.949,,,,,,,,,,,,,,,,,,,,,,,,,,,,,,,,,,,,,,,,,,,,,,,,,,,,"",6,0,0,0,0,0,"Mini_ByeolBam",,,,32,""
45,,3,1,0,2,2,1,1,0,0,0,255,255,255,18,1220.671,"Pring__",R,32,84,137,0.392,0.649,0.263,1.447,-0.171,1.86,-36.241,35.422,14,86,0,2,250,-200,3.59,0,0,1,"=","=","=","=","=","=","","","",4,L,"Pugeuk",190,85.842,0.349,3,41,W,Y,1,1221.765,243,22,109,44,18,145,104,110.436,42.839,0.072,1.276,-20.686,-0.16,0,0.314,553.125,-188.101,-136.639,,,,,,,,,0,0,,,,,,,,,,,,,,,,,,,,,,,,,,,,,,,,,,,,,,-0.089,-37.043,-0.018,-17.03,-19.626,-46.732,-14.187,-63.291,20.195,-47.638,14.671,-60.348,40.922,-90.67,0,-109.86,-40.822,-90.57,-0.245,-36.799,,"うよすま",-0.061,-17.029,,"si_ho",-19.595,-46.807,,"ByeolBam",-14.22,-63.268,,"わだ、、",20.495,-46.939,,"YukihiroD",14.716,-60.334,,"AI",40.9,-90.65,,"AI",0,-109.84,,"AI",-40.8,-90.55,,,,,,,,,,,,,,,,,,,,,,,,,,,,,,,,,,,,,,,,,,,,,,,,,,,,,,,,"",3,0,0,0,-2,0,"",,,,0,""
46,,3,1,0,2,2,2,1,0,0,0,255,255,255,19,1242.683,"Pring__",R,3,79,104,0.528,-0.735,0.538,1.472,1.049,1.413,-36.241,44.606,0,100,0,0,-439.855,181.509,-1.331,0,0,1,"=","=","=","=","=","=","","","",4,L,"Pugeuk",190,85.842,0.349,,40,W,Y,0,,,,,,,,,,,,,,,,,,,,,,,,,,,,0,0,,,,,,,,,,,,,,,1245.6,1,,578,0,,,,,,,,,,,,,,,,,,,0.004,-36.965,0.001,-16.845,-19.832,-46.592,-13.611,-64.236,20.837,-46.93,15.982,-60.543,40.915,-90.664,0,-109.86,-40.815,-90.564,,,,"",,,,"",,,,"",,,,"",,,,"",,,,"",,,,"",,,,"",,,,,,,,,,,,,,,,,,,,,,,,,,,,,,,,,,,,,,,,,,,,,,,,,,,,,,,,,,"",0,,,,,0,"",,,,0,""
47,,3,1,0,2,0,0,2,0,0,0,255,255,255,20,1266.884,"Pring__",R,32,84,136,-0.533,0.744,0.082,1.434,-0.55,1.836,-36.241,24.015,0,100,0,0,235.459,-200,13.082,0,0,2,"=","=","=","=","=","=","","","",5,R,"CoalCat",169.5,83,0.397,,37,W,Y,1,,,,,,,,,,,,,,,,,,,,,,,,,,,,0,0,,,,,,,,,,,,,,,,,,,,,,,,,,,,,,,,,,,,,,-0.189,-36.952,-0.059,-16.951,-19.732,-46.167,-15.149,-63.617,20.202,-47.732,16.685,-60.38,40.922,-90.671,0,-109.86,-40.822,-90.57,,,,"",,,,"",,,,"",,,,"",,,,"",,,,"",,,,"",,,,"",,,,,,,,,,,,,,,,,,,,,,,,,,,,,,,,,,,,,,,,,,,,,,,,,,,,,,,,,,"",0,,,,,0,"",,,,0,""
48,,3,1,0,2,0,1,2,0,0,0,255,255,255,21,1284.418,"Pring__",R,32,77,128,2.21,1.154,0.328,1.522,0.593,2.158,-36.241,43.057,0,100,0,2,227.735,-30.996,3.476,0,0,2,"=","=","=","=","=","=","","","",5,R,"CoalCat",169.5,83,0.397,5,37,W,Y,1,1285.65,83,200,127,114,112,130,74,0,32.348,0.441,1.42,-21.33,-1,0,0.572,548.298,-242.724,21.317,1284.631,-8.879,-36.477,1287.564,,-19.56,0.737,-40.046,0,0,,,,,,,,,,,,,,,1289.592,2,,147,0,,,,,,,,,,,1288.991,2,,,,,,,-0.143,-37.041,-0.005,-16.948,-19.695,-46.138,-15.079,-63.725,19.786,-47.626,15.887,-60.534,40.915,-90.664,0,-109.85,-40.815,-90.564,-0.081,-37.306,,"うよすま",0,-16.988,,"si_ho",-19.748,-46.115,85,"ByeolBam",-15.188,-63.597,,"わだ、、",19.825,-47.275,,"YukihiroD",16.034,-60.494,,"AI",40.9,-90.65,,"AI",0,-109.84,,"AI",-40.8,-90.55,,1291.328,-0.888,-38.051,,,,1287.564,-15.425,-46.19,,,,,,,,,,,,,,,,,,,,,,,,,1290.547,-13.823,-39.543,,,,,,,,,,,,,,,,,,,"",2,31.526,20.882,-2.53,0,0,"Mini_ByeolBam",,,,48,""
49,SIDE,3,1,0,2,0,1,2,0,0,0,255,255,255,,1297.009,,,,,,,,,,,,,,,,,,,,,,,2,"=","=","=","=","=","=","","","",,,,,,,,,,,,,,,,,,,,,,,,,,,,,,,,,,,,,,,0,0,,,,,,,,,,,,,,,,,,,,,,,,,,,,,,,,,,,,,,,,,,,,,,,,,,,,,,,,,,,,,,,,,,,,,,,,,,,,,,,,,,,,,,,,,,,,,,,,,,,,,,,,,,,,,,,,,,,,,,,,,,,,,,,,,,,,,,,,,,,,,,,,,"",0,,,,,0,"",,,,0,""
50,,3,0,0,2,0,0,0,0,0,0,255,255,255,22,1344.839,"눈꽃",R,27,88,140,1.169,0.901,0.303,2.093,0.413,1.986,-36.64,31.209,87,13,0,0,63.4,-132.333,0,0,0,4,"うよすま","わだ、、","ByeolBam","YukihiroD","si_ho","Pring__","","","",2,R,"si_ho",176.1,88.027,0.348,,40,W,Y,0,,,,,,,,,,,,,,,,,,,,,,,,,,,,0,0,,,,,,,,,,,,,,,,,,,,,,,,,,,,,,,,,,,,,,0.016,-37.824,-0.021,-17.055,-21.633,-48.242,-16.422,-63.074,16.357,-47.026,11.057,-63.426,40.981,-90.725,0,-109.93,-40.881,-90.625,,,,"",,,,"",,,,"",,,,"",,,,"",,,,"",,,,"",,,,"",,,,,,,,,,,,,,,,,,,,,,,,,,,,,,,,,,,,,,,,,,,,,,,,,,,,,,,,,,"",0,,,,,0,"",,,,0,""
51,,3,0,0,2,0,1,0,0,0,0,255,255,255,23,1360.163,"눈꽃",R,27,84,136,0.968,-0.471,0.256,1.88,0.36,1.19,-36.64,30.367,61,39,0,0,38.19,-126.238,0,0,0,4,"=","=","=","=","=","=","","","",2,R,"si_ho",176.1,88.027,0.348,,40,W,Y,0,,,,,,,,,,,,,,,,,,,,,,,,,,,,0,0,,,,,,,,,,,,,,,,,,,,,,,,,,,,,,,,,,,,,,-0.135,-37.756,-0.021,-17.061,-21.893,-47.831,-16.265,-63.175,16.442,-47.129,11.167,-63.487,40.922,-90.671,0,-109.858,-40.822,-90.571,,,,"",,,,"",,,,"",,,,"",,,,"",,,,"",,,,"",,,,"",,,,,,,,,,,,,,,,,,,,,,,,,,,,,,,,,,,,,,,,,,,,,,,,,,,,,,,,,,"",0,,,,,0,"",,,,0,""
52,,3,0,0,2,0,2,0,0,0,0,255,255,255,24,1375.033,"눈꽃",R,0,70,122,-2.12,-0.645,0.101,1.798,-0.927,1.21,-36.64,10.528,70,30,0,2,0,0,0,0,0,4,"=","=","=","=","=","=","","","",2,R,"si_ho",176.1,88.027,0.348,3,40,W,Y,1,1376.284,146,217,209,48,22,145,82,10.363,9.29,-0.421,0.639,-19.48,-1,0,0.604,286.97,-499.74,-134.659,,,,1376.364,,-4.44,1.893,-37.646,0,0,,,,,1379.685,,,,,,,,,,1377.484,4,,449,0,,,,,,,,,,,,,,,,,,,-0.106,-37.699,-0.014,-17.061,-21.882,-47.903,-16.485,-62.909,16.273,-47.463,11.196,-63.532,40.922,-90.67,0,-109.86,-40.822,-90.57,-0.32,-37.307,,"소솨소솨",-0.254,-17.233,,"Sabo_10",-21.745,-47.728,,"SUGUN",-16.618,-62.853,,"Pugeuk",16.353,-47.296,,"CoalCat",11.186,-63.358,,"AI",40.9,-90.65,,"AI",0,-109.84,,"AI",-40.8,-90.55,,1377.491,-2.609,-37.82,,,,,,,,,,,,,,,,,,,,,,,,,,,,,,,,,,,,,,,,,,,,,,,,,,,,"",1,0,0,0,-2,0,"Mini_ByeolBam",,,,32,""
53,,3,0,0,2,0,0,1,0,0,0,255,255,255,25,1393.867,"눈꽃",R,10,71,113,0.609,-1.967,0.165,1.749,0.225,0.875,-36.64,5.057,53,47,0,1,19.92,400,0,0.111,-19.201,5,"=","=","=","=","=","=","","","",0,L,"Pring__",190,93.125,0.481,,40,W,Y,0,,,,,,,,,,,,,,,,,,,,,,,,,,,,0,0,,,,,,,,,,,,,,,,,,,,,,,,,,,,,,,,,,,,,,0.088,-37.887,0.011,-17.099,-20.058,-46.769,-11.431,-65.763,20.554,-48.403,14.073,-62.775,40.922,-90.671,0,-109.87,-40.822,-90.571,,,,"",,,,"",,,,"",,,,"",,,,"",,,,"",,,,"",,,,"",,,,1397.925,-0.443,-37.649,,,,,,,,,,,,,,,,,,,,,,,,,,,,,,,,,,,,,,,,,,,,,,,,,,,,"",0,,,,,0,"",,,,0,""
54,,3,0,0,2,1,0,1,0,0,0,255,255,255,26,1406.144,"눈꽃",R,14,74,113,2.467,-1.798,0.183,1.641,0.37,0.876,-36.64,21.614,53,47,0,1,389.512,313.497,0,0,0,5,"=","=","=","=","=","=","","","",0,L,"Pring__",190,93.125,0.481,,40,W,Y,0,,,,,,,,,,,,,,,,,,,,,,,,,,,,0,0,,,,,,,,,,,,,,,,,,,,,,,,,,,,,,,,,,,,,,-0.112,-37.739,0.01,-17.113,-20.794,-47.436,-12.11,-65.143,20.748,-48.272,14.141,-62.775,40.907,-90.657,0,-109.85,-40.807,-90.557,,,,"",,,,"",,,,"",,,,"",,,,"",,,,"",,,,"",,,,"",,,,1409.95,-0.222,-37.323,,,,,,,,,,,,,,,,,,,,,,,,,,,,,,,,,,,,,,,,,,,,,,,,,,,,"",0,,,,,0,"",,,,0,""
55,,3,0,0,2,2,0,1,0,0,0,255,255,255,27,1417.666,"눈꽃",R,26,96,140,-0.785,-0.014,0.103,1.933,-0.45,1.423,-36.64,10.188,45,55,0,2,76.33,-189.521,0,0,0,5,"=","=","=","=","=","=","","","",0,L,"Pring__",190,93.125,0.481,5,40,W,Y,1,1418.582,255,180,115,124,63,145,103,103.317,-39.512,-0.106,1.071,-20.773,-0.34,0,0.572,496.406,-243.878,232.604,,,,,,,,,0,0,,,,,,,,,,,,,,,,,,,,,,,,,,,,,,,,,,,,,,-0.026,-37.691,-0.007,-17.109,-21.319,-47.764,-12.045,-65.266,20.69,-48.149,14.142,-62.838,40.907,-90.657,0,-109.85,-40.807,-90.557,0.183,-37.428,,"소솨소솨",-0.079,-17.113,,"Sabo_10",-21.13,-47.587,,"SUGUN",-11.983,-65.197,,"Pugeuk",20.594,-48.057,,"CoalCat",14.191,-62.638,,"AI",40.9,-90.65,,"AI",0,-109.84,,"AI",-40.8,-90.55,,,,,,,,,,,,,,,,,,,,,,,,,,,,,,,,,,,,,,,,,,,,,,,,,,,,,,,,"",3,-38.87,-168.588,-3.383,0,0,"",,,,0,""
56,,3,0,0,2,2,1,1,0,0,0,255,255,255,28,1436.34,"눈꽃",R,14,69,109,-1.121,0.332,-0.038,2.17,-1.143,2.279,-36.64,27.854,100,0,0,0,349.252,354.648,0,0,0,5,"=","=","=","=","=","=","","","",0,L,"Pring__",190,93.125,0.481,,40,W,Y,0,,,,,,,,,,,,,,,,,,,,,,,,,,,,0,0,,,,,,,,,,,,,,,,,,,,,,,,,,,,,,,,,,,,,,-0.086,-37.889,-0.033,-17.074,-21.104,-47.945,-12.142,-65.082,20.138,-46.203,14.736,-62.368,40.915,-90.664,0,-109.85,-40.815,-90.564,,,,"",,,,"",,,,"",,,,"",,,,"",,,,"",,,,"",,,,"",,,,,,,,,,,,,,,,,,,,,,,,,,,,,,,,,,,,,,,,,,,,,,,,,,,,,,,,,,"",0,,,,,0,"",,,,0,""
57,,3,0,0,2,2,2,1,0,0,0,255,255,255,29,1450.04,"눈꽃",R,14,64,106,2.084,-0.148,0.182,2.002,0.168,1.947,-36.64,21.599,100,0,0,2,376.237,312.348,0,0,0,5,"=","=","=","=","=","=","","","",0,L,"Pring__",190,93.125,0.481,5,40,W,Y,1,1451.049,160,164,91,101,63,145,125,25.534,-46.101,0.38,0.98,-20.545,0.74,0,0.686,370.681,-68.019,249.423,1454.604,85.438,-99.382,,,,,,0,0,,,,,,,,,,,,,,,,,,,,,,,,,,,,,,,,,,,,,,-0.056,-37.895,-0.019,-17.076,-21.61,-48.259,-11.989,-65.215,19.988,-46.29,14.682,-62.476,40.915,-90.664,0,-109.85,-40.815,-90.564,0.196,-37.38,,"소솨소솨",-0.061,-17.108,,"Sabo_10",-21.492,-47.727,,"SUGUN",-12.047,-64.978,,"Pugeuk",19.871,-46.193,,"CoalCat",14.74,-62.302,,"AI",40.9,-90.65,,"AI",0,-109.84,,"AI",-40.8,-90.55,,,,,,,,,,,,,,,,,,,,,,,,,,,,,,,,,,,,,,,,,,,,,,,,,,,,,,,,"",3,-48.619,-150.447,-14.953,0,0,"",,,,0,""
58,,3,0,0,2,2,2,1,0,0,0,255,255,255,30,1472.168,"눈꽃",R,14,70,110,2.96,-0.854,0.252,1.839,0.561,1.487,-36.64,16.252,60,40,0,1,387.493,315.99,0,0.806,-16.513,5,"=","=","=","=","=","=","","","",0,L,"Pring__",190,93.125,0.481,,40,W,Y,0,,,,,,,,,,,,,,,,,,,,,,,,,,,,0,0,,,,,,,,,,,,,,,,,,,,,,,,,,,,,,,,,,,,,,-0.066,-37.697,-0.034,-17.081,-20.333,-47.229,-11.667,-65.003,20.467,-46.242,15.064,-62.485,40.915,-90.664,0,-109.86,-40.815,-90.564,,,,"",,,,"",,,,"",,,,"",,,,"",,,,"",,,,"",,,,"",,,,,,,,,,,,,,,,,,,,,,,,,,,,,,,,,,,,,,,,,,,,,,,,,,,,,,,,,,"",0,,,,,0,"",,,,0,""
59,,3,0,0,2,3,2,1,0,0,0,255,255,255,31,1486.496,"눈꽃",R,26,82,133,0.592,-0.512,0.189,1.711,0.218,1.097,-36.64,13.558,60,40,0,2,23.29,-200,0,0,0,5,"=","=","=","=","=","=","","","",0,L,"Pring__",190,93.125,0.481,5,40,W,Y,1,1487.383,199,138,98,142,84,145,89,30.648,34.877,0.149,0.927,-21.491,1,0,0.548,258.493,-445.593,-120.504,1490.257,-35.762,-85.057,1494.711,,0.318,0.77,-58.888,0,0,,1493.198,,,,,,,,,,,,,1492.4,5,,456,0,,,,,,,,,,,,,,,,,,,-0.033,-37.669,-0.017,-17.118,-20.497,-47.095,-11.865,-65.055,20.55,-46.647,14.197,-62.991,40.915,-90.664,0,-109.85,-40.815,-90.564,-0.102,-37.229,,"소솨소솨",-0.023,-17.204,,"Sabo_10",-20.382,-46.572,,"SUGUN",-11.875,-64.929,,"Pugeuk",20.42,-46.654,,"CoalCat",14.277,-62.818,72,"AI",40.9,-90.65,,"AI",0,-109.84,,"AI",-40.8,-90.55,,1499.266,0.218,-38.818,,,,,,,,,,,,,1496.369,0.102,-59.25,,,,,,,,,,,,,,,,,,,,,,,,,1498.021,0.121,-57.076,,,,,,,,,,"",1,35.089,-134.566,9.832,0,0,"Mini_ByeolBam",,,,36,""
60,,3,0,0,2,0,0,2,0,0,0,255,255,255,32,1514.066,"눈꽃",R,27,88,140,1.303,0.525,0.313,2.125,0.472,1.804,-36.64,36.943,87,13,0,2,63.017,-134.513,0,0,0,0,"=","=","=","=","=","=","","","",1,R,"うよすま",190,85.375,0.502,5,40,W,Y,1,1515.108,255,160,149,140,33,145,89,26.638,-74.514,0.223,1.258,-20.686,1,0,0.516,-32.709,65.514,503.483,,,,,,,,,0,0,,,,,,,,,,,,,,,,,,,,,,,,,,,,,,,,,,,,,,-0.027,-37.71,-0.022,-17.109,-21.042,-46.454,-16.041,-63.21,17.748,-47.357,9.889,-64.777,40.918,-90.666,0,-109.86,-40.815,-90.564,0.049,-37.109,,"소솨소솨",-0.056,-17.086,,"Sabo_10",-20.885,-46.259,,"SUGUN",-16.089,-63.174,,"Pugeuk",17.816,-47.291,,"CoalCat",9.938,-64.626,,"AI",40.9,-90.65,,"AI",0,-109.84,,"AI",-40.8,-90.55,,,,,,,,,,,,,,,,,,,,,,,,,,,,,,,,,,,,,,,,,,,,,,,,,,,,,,,,"",3,-74.47,180,-21.72,0,0,"",,,,0,""
61,,3,0,0,2,0,1,2,0,0,0,255,255,255,33,1531.925,"눈꽃",R,10,66,109,-0.358,-0.978,0.264,1.849,-0.124,1.525,-36.64,12.777,53,47,0,1,-20.618,400,0,0,0,0,"=","=","=","=","=","=","","","",1,R,"うよすま",190,85.375,0.502,,47,W,Y,0,,,,,,,,,,,,,,,,,,,,,,,,,,,,0,0,,,,,,,,,,,,,,,,,,,,,,,,,,,,,,,,,,,,,,-0.025,-37.706,-0.025,-17.115,-21.035,-47.098,-15.866,-63.51,17.672,-46.693,12.64,-64,40.915,-90.664,0,-109.85,-40.815,-90.564,,,,"",,,,"",,,,"",,,,"",,,,"",,,,"",,,,"",,,,"",,,,,,,,,,,,,,,,,,,,,,,,,,,,,,,,,,,,,,,,,,,,,,,,,,,,,,,,,,"",0,,,,,0,"",,,,0,""
62,,3,0,0,2,1,1,2,0,0,0,255,255,255,34,1547.226,"눈꽃",R,14,65,106,1.931,-0.67,0.164,1.863,0.102,1.622,-36.64,14.148,57,43,0,2,376.237,312.348,0,0,0,0,"=","=","=","=","=","=","","","",1,R,"うよすま",190,85.375,0.502,3,47,W,Y,1,1548.391,255,145,190,89,38,145,87,18.833,16.275,0.374,0.715,-20.08,-1,0,0.464,149.493,-73.501,106.167,,,,1550.231,,-15.318,1.894,-74.29,0,0,,,,,,,,,,,,,,,1551.723,0,,452,0,,,,,,,,,,,,,,,,,,,-0.08,-37.907,-0.024,-17.162,-21.352,-47.2,-15.801,-63.668,17.747,-46.71,12.619,-64.085,40.907,-90.657,0,-109.85,-40.807,-90.557,0.308,-37.267,,"소솨소솨",-0.082,-17.271,,"Sabo_10",-21.299,-47.163,,"SUGUN",-16.306,-64.704,103,"Pugeuk",17.727,-46.539,,"CoalCat",12.656,-63.905,,"AI",40.9,-90.65,,"AI",0,-109.84,,"AI",-40.8,-90.55,,,,,,,,,,,1551.732,-15.299,-74.822,,,,,,,,,,,,,,,,,,,,,,,,,1553.129,-14.724,-73.074,,,,,,,,,,,,,,,,"",1,0,0,0,-2,0,"Mini_ByeolBam",,,,8,""
63,SIDE,3,0,0,2,0,0,2,0,0,0,255,255,255,,1554.39,,,,,,,,,,,,,,,,,,,,,,,1,"=","=","=","=","=","=","","","",,,,,,,,,,,,,,,,,,,,,,,,,,,,,,,,,,,,,,,0,0,,,,,,,,,,,,,,,,,,,,,,,,,,,,,,,,,,,,,,,,,,,,,,,,,,,,,,,,,,,,,,,,,,,,,,,,,,,,,,,,,,,,,,,,,,,,,,,,,,,,,,,,,,,,,,,,,,,,,,,,,,,,,,,,,,,,,,,,,,,,,,,,,"",0,,,,,0,"",,,,0,""
64,,4,1,0,2,0,0,0,0,0,0,255,255,255,22,1588.555,"Pring__",R,13,79,105,-1.599,-1.495,0.18,1.417,-0.061,1.264,-36.241,30.02,47,53,0,1,-341.1,349.723,7.166,-0.48,-17.797,3,"소솨소솨","Pugeuk","CoalCat","SUGUN","Sabo_10","눈꽃","","","",3,R,"SUGUN",174.8,82,0.5,,40,W,Y,0,,,,,,,,,,,,,,,,,,,,,,,,,,,,0,0,,,,,,,,,,,,,,,,,,,,,,,,,,,,,,,,,,,,,,-0.085,-37.145,-0.012,-16.881,-20.887,-47.599,-15.147,-63.901,20.364,-46.654,12.245,-62.324,40.937,-90.684,0,-109.87,-40.83,-90.577,,,,"",,,,"",,,,"",,,,"",,,,"",,,,"",,,,"",,,,"",,,,,,,,,,,,,,,,,,,,,,,,,,,,,,,,,,,,,,,,,,,,,,,,,,,,,,,,,,"",0,,,,,0,"",,,,0,""
65,,4,1,0,2,1,0,0,0,0,0,255,255,255,23,1605.269,"Pring__",R,3,67,101,1.595,0.993,0.505,1.568,1.182,2.207,-36.241,63.126,38,62,0,1,-254.247,0,7.896,0,0,3,"=","=","=","=","=","=","","","",3,R,"SUGUN",174.8,82,0.5,,40,W,Y,0,,,,,,,,,,,,,,,,,,,,,,,,,,,,0,0,,,,,,,,,,,,,,,,,,,,,,,,,,,,,,,,,,,,,,-0.08,-37.027,-0.002,-16.965,-20.426,-46.861,-15.075,-63.996,19.473,-46.832,12.566,-62.272,40.915,-90.664,0,-109.85,-40.815,-90.564,,,,"",,,,"",,,,"",,,,"",,,,"",,,,"",,,,"",,,,"",,,,,,,,,,,,,,,,,,,,,,,,,,,,,,,,,,,,,,,,,,,,,,,,,,,,,,,,,,"",0,,,,,0,"",,,,0,""
66,,4,1,0,2,2,0,0,0,0,0,255,255,255,24,1622.739,"Pring__",R,32,81,131,0.197,0.422,0.142,1.387,-0.271,1.665,-36.241,28.356,0,100,0,2,250,-200,15.318,0,0,3,"=","=","=","=","=","=","","","",3,R,"SUGUN",174.8,82,0.5,5,40,W,Y,1,1623.993,229,122,178,77,16,145,103,51.99,33.374,0.043,1.052,-19.853,-0.01,0,0.379,465.127,-251.399,-26.043,1628.497,-36.716,-79.634,1628.964,,-36.54,1.843,-78.814,0,0,,1629.678,,,,,,,,,,,,,1630.73,3,,456,0,,,,,,,,,,,,,,,,,,,-0.098,-37.158,0.01,-16.952,-20.486,-46.951,-14.985,-64.151,19.145,-46.735,12.374,-62.22,40.915,-90.664,0,-109.85,-40.815,-90.564,-0.352,-36.696,,"うよすま",-0.032,-16.958,,"si_ho",-20.484,-46.955,,"ByeolBam",-15.194,-64.454,107,"わだ、、",18.94,-46.125,,"YukihiroD",12.306,-62.302,,"AI",40.9,-90.65,,"AI",0,-109.84,,"AI",-40.8,-90.55,,1634.277,-0.703,-38.798,,,,,,,1630.67,-36.163,-78.635,,,,,,,,,,,,,,,,,,,,,,,,,1632.063,-33.476,-75.512,,,,,,,,,,,,,,,,"",1,-147.312,99.132,2.869,0,0,"Mini_ByeolBam",,,,36,""
67,,4,1,0,2,0,0,1,0,0,0,255,255,255,25,1661.354,"Pring__",R,13,83,107,0.289,-0.854,0.461,1.324,0.808,1.522,-36.241,36.22,27,73,0,0,-379.786,312.348,-7.916,0,0,4,"=","=","=","=","=","=","","","",2,L,"Sabo_10",185.3,87.575,0.449,,72,W,Y,0,,,,,,,,,,,,,,,,,,,,,,,,,,,,0,0,,,,,,,,,,,,,,,,,,,,,,,,,,,,,,,,,,,,,,0.099,-37.072,0.001,-17.044,-20.202,-47.195,-14.602,-64.284,20.93,-47.593,13.434,-60.443,40.929,-90.677,0,-109.87,-40.83,-90.577,,,,"",,,,"",,,,"",,,,"",,,,"",,,,"",,,,"",,,,"",,,,1667.167,0.169,-37.677,,,,,,,,,,,,,,,,,,,,,,,,,,,,,,,,,,,,,,,,,,,,,,,,,,,,"",0,,,,,0,"",,,,0,""
68,,4,1,0,2,0,1,1,0,0,0,255,255,255,26,1682.117,"Pring__",R,32,83,135,-0.012,0.372,0.131,1.393,-0.322,1.685,-36.241,26.229,0,100,0,2,230.702,-185.314,15.277,0,0,4,"=","=","=","=","=","=","","","",2,L,"Sabo_10",185.3,87.575,0.449,5,72,W,Y,1,1682.947,182,109,123,97,27,145,103,95.374,-17.179,0,1.124,-20.258,-0.24,0,0.457,486.104,-300.984,181.967,1688.137,-7.585,-3.87,,,,,,0,0,,,,,,,,,,,,,,,,,,,,,,,,,,,,,,,,,,,,,,-0.157,-37.022,-0.034,-17.003,-20.293,-47.308,-14.182,-64.388,20.867,-47.329,13.48,-60.479,40.915,-90.664,0,-109.86,-40.815,-90.564,-0.115,-36.723,,"うよすま",-0.088,-17.004,,"si_ho",-20.384,-47.275,,"ByeolBam",-14.188,-64.395,,"わだ、、",20.681,-47.178,,"YukihiroD",13.52,-60.445,,"AI",40.9,-90.65,,"AI",0,-109.84,,"AI",-40.8,-90.55,,,,,,,,,,,,,,,,,,,,,,,,,,,,,,,,,,,,,,,,,,,,,,,,,,,,,,,,"",3,-17.489,-178.419,-6.5,0,0,"",,,,0,""
69,,4,1,0,2,0,2,1,0,0,0,255,255,255,27,1706.901,"Pring__",R,13,69,97,-0.312,-0.626,0.407,1.577,0.641,1.639,-36.241,48.378,7,93,0,0,-378.125,257.157,-2.917,-0.434,-15.999,4,"=","=","=","=","=","=","","","",2,L,"Sabo_10",185.3,87.575,0.449,,72,W,Y,1,,,,,,,,,,,,,,,,,,,,,,,,,,,,0,0,,,,,,,,,,,,,,,1713.996,4,,147,1,,,,,,,,,,,1713.369,2,,,,,,,-0.113,-36.987,-0.056,-16.856,-20.449,-47.173,-14.107,-64.498,21.383,-47.878,14.828,-59.778,40.915,-90.664,0,-109.85,-40.815,-90.564,,,,"",,,,"",,,,"",,,,"",,,,"",,,,"",,,,"",,,,"",,,,,,,,,,,,,,,,,,,,,,,,,,,,,,,,,,,,,,,,,,,,,,,,,,,,,,,,,,"",0,,,,,0,"",,,,0,""
70,,4,1,0,2,0,0,2,0,0,0,255,255,255,28,1734.501,"Pring__",R,26,77,127,1.712,0.974,0.314,1.515,0.531,2.081,-36.241,45.6,0,100,0,2,139.839,-162.794,-14.738,0,0,5,"=","=","=","=","=","=","","","",0,L,"눈꽃",190,85,0.505,5,40,W,Y,1,1735.581,105,137,116,82,35,137,108,0,-30.415,0.321,1.38,-20.063,0.94,0,0.374,309.402,41.638,139.559,1734.297,13.313,-42.3,1735.111,,19.103,0.344,-48.685,0,0,,1741.337,,,,,,,,,,,,,1740.215,5,,147,2,,,,,,,,,,,,,,,,,,,-0.127,-37.165,0.016,-16.955,-20.044,-46.986,-12.791,-64.505,21.334,-48.374,14.322,-59.99,40.922,-90.67,0,-109.86,-40.822,-90.57,-0.098,-37.004,,"うよすま",0.046,-16.964,,"si_ho",-20.043,-46.986,,"ByeolBam",-12.785,-64.496,,"わだ、、",21.425,-48.236,106,"YukihiroD",14.164,-59.976,,"AI",40.9,-90.65,,"AI",0,-109.84,,"AI",-40.8,-90.55,,,,,,,,1739.551,-18.525,-39.667,,,,1737.108,17.275,-49.073,,,,,,,,,,,,,,,,,,,,,,,,,1738.1,11.41,-47.638,,,,,,,,,,,,,"",2,-30.99,-41.443,-8.546,0,0,"Mini_ByeolBam",,,,18,""
71,SIDE,4,1,0,2,0,0,2,0,0,0,255,255,255,,1741.449,,,,,,,,,,,,,,,,,,,,,,,0,"=","=","=","=","=","=","","","",,,,,,,,,,,,,,,,,,,,,,,,,,,,,,,,,,,,,,,0,0,,,,,,,,,,,,,,,,,,,,,,,,,,,,,,,,,,,,,,,,,,,,,,,,,,,,,,,,,,,,,,,,,,,,,,,,,,,,,,,,,,,,,,,,,,,,,,,,,,,,,,,,,,,,,,,,,,,,,,,,,,,,,,,,,,,,,,,,,,,,,,,,,"",0,,,,,0,"",,,,0,""
72,,4,0,0,2,0,0,0,0,0,0,255,255,255,35,1787.686,"눈꽃",R,14,67,108,0.753,-1.055,0.103,1.788,-0.404,1.368,-36.64,10.653,57,43,0,2,383.336,312.348,0,0,0,1,"うよすま","わだ、、","ByeolBam","YukihiroD","si_ho","Pring__","","","",4,L,"わだ、、",190,85,0.497,3,40,W,Y,1,1788.911,255,200,57,128,60,137,82,1.263,-42.877,0.115,0.718,-21.14,1,0,0.574,-50.744,-231.678,351.745,1787.284,10.59,-32.202,1788.591,,19.58,0.14,-42.796,0,0,,1794.523,,,,,,,,,,,,,1793.584,1,,147,2,,,,,,,,,,,,,,,,,,,-0.124,-37.607,-0.004,-17.191,-20.663,-47.579,-14.961,-63.947,19.721,-46.73,13.748,-62.863,40.952,-90.698,0,-109.9,-40.852,-90.598,0.249,-37.194,,"소솨소솨",-0.104,-17.404,,"Sabo_10",-20.615,-47.54,90,"SUGUN",-15.06,-63.659,,"Pugeuk",19.365,-46.813,115,"CoalCat",13.832,-62.757,,"AI",40.9,-90.65,,"AI",0,-109.84,,"AI",-40.8,-90.55,,1796.261,-0.947,-39.164,,,,1792.947,-18.186,-40.718,,,,1790.653,19.5,-42.42,,,,,,,,,,,,,,,,,,,1795.314,-17.546,-40.036,,,,1791.502,16.394,-42.218,,,,,,,,,,,,,"",2,0,0,0,-2,0,"Mini_ByeolBam",,,,50,""
73,,4,0,0,2,0,0,1,0,0,0,255,255,255,36,1811.088,"눈꽃",R,26,78,128,0.712,0.076,0.204,1.952,0.16,1.422,-36.64,16.255,95,5,0,2,94.003,-200,0,0,0,2,"=","=","=","=","=","=","","","",3,R,"ByeolBam",175.3,90,0.5,0,40,W,Y,1,1812.049,159,132,99,85,40,145,87,40.886,11.683,0.131,0.974,-20.511,-0.97,0,0.275,352.46,7.82,-67.014,,,,1816.031,,-12.21,2.971,-82.839,0,0,,1817.775,,,,,,,,,,,,,1817.377,2,,452,0,,,,,,,,,,,,,,,,,,,-0.021,-37.708,-0.009,-17.252,-19.009,-44.967,-16.385,-63.04,17.98,-48.021,11.021,-62.675,40.922,-90.671,0,-109.86,-40.822,-90.57,0.032,-36.926,,"소솨소솨",-0.072,-17.244,,"Sabo_10",-20.066,-45.83,,"SUGUN",-16.885,-64.159,105,"Pugeuk",17.759,-47.964,,"CoalCat",10.212,-62.537,,"AI",40.9,-90.65,,"AI",0,-109.84,,"AI",-40.8,-90.55,,1821.403,-0.602,-39.16,,,,,,,1817.387,-12.929,-81.96,,,,,,,,,,,,,,,,,,,,,,,,,1819.545,-10.552,-78.812,,,,,,,,,,,,,,,,"",1,0,0,0,-2,0,"Mini_ByeolBam",,,,40,""
74,,4,0,0,2,0,0,2,0,0,0,255,255,255,37,1837.26,"눈꽃",R,26,88,140,0.923,-0.071,0.268,1.873,0.354,1.374,-36.64,13.094,62,38,0,0,29.12,-184.391,0,0,0,3,"=","=","=","=","=","=","","","",5,R,"YukihiroD",174.3,80,0.398,,40,W,Y,0,,,,,,,,,,,,,,,,,,,,,,,,,,,,0,0,,,,,,,,,,,,,,,,,,,,,,,,,,,,,,,,,,,,,,0.03,-37.835,-0.024,-17.25,-20.998,-47.985,-15.53,-63.436,16.433,-46.262,10.657,-62.251,40.922,-90.671,0,-109.86,-40.822,-90.57,,,,"",,,,"",,,,"",,,,"",,,,"",,,,"",,,,"",,,,"",,,,1841.147,0.11,-37.82,,,,,,,,,,,,,,,,,,,,,,,,,,,,,,,,,,,,,,,,,,,,,,,,,,,,"",0,,,,,0,"",,,,0,""
75,,4,0,0,2,0,1,2,0,0,0,255,255,255,38,1852.895,"눈꽃",R,26,89,140,1.204,0.813,0.201,1.937,0.418,1.871,-36.64,20.551,59,41,0,2,73.457,-200,0,0,0,3,"=","=","=","=","=","=","","","",5,R,"YukihiroD",174.3,80,0.398,0,40,W,Y,1,1853.93,102,47,58,8,0,74,77,7.939,41.931,0.228,1.147,-19.65,0.27,0,0.555,-121.493,68.28,248.474,1852.764,-16.039,-37.56,1854.644,,-19.632,0.875,-40.884,0,0,,,,,,,,,,,,,,,1857.314,3,,147,0,,,,,,,,,,,1856.7,2,,,,,,,-0.08,-37.873,-0.03,-17.248,-21.391,-47.455,-15.533,-63.277,16.652,-46.756,10.379,-62.366,40.915,-90.664,0,-109.86,-40.815,-90.564,0.114,-37.242,,"소솨소솨",-0.044,-17.246,,"Sabo_10",-21.211,-47.267,,"SUGUN",-15.766,-63.584,,"Pugeuk",16.615,-46.68,,"CoalCat",10.406,-62.241,,"AI",40.9,-90.65,,"AI",0,-109.84,,"AI",-40.8,-90.55,,,,,,,,1855.833,-20.307,-42.385,,,,,,,,,,,,,,,,,,,,,,,,,,,,,,,,,,,,,,,,,,,,,,"",2,0,0,0,-2,0,"Mini_ByeolBam",,,,16,""
76,SIDE,4,0,0,2,0,0,2,0,0,0,255,255,255,,1860.314,,,,,,,,,,,,,,,,,,,,,,,4,"=","=","=","=","=","=","","","",,,,,,,,,,,,,,,,,,,,,,,,,,,,,,,,,,,,,,,0,0,,,,,,,,,,,,,,,,,,,,,,,,,,,,,,,,,,,,,,,,,,,,,,,,,,,,,,,,,,,,,,,,,,,,,,,,,,,,,,,,,,,,,,,,,,,,,,,,,,,,,,,,,,,,,,,,,,,,,,,,,,,,,,,,,,,,,,,,,,,,,,,,,"",0,,,,,0,"",,,,0,""
77,,5,1,0,2,0,0,0,0,0,0,255,255,255,29,1901.232,"Pring__",R,32,88,140,-3.905,-1.436,-0.225,1.243,-1.975,0.549,-36.241,19.057,22,78,0,1,250,-200,53.698,0,0,0,"소솨소솨","Pugeuk","CoalCat","SUGUN","Sabo_10","눈꽃","","","",1,R,"소솨소솨",190,80,0.501,,40,W,Y,0,,,,,,,,,,,,,,,,,,,,,,,,,,,,0,0,,,,,,,,,,,,,,,,,,,,,,,,,,,,,,,,,,,,,,-0.231,-36.918,-0.022,-17.146,-21.149,-47.91,-14.515,-64.182,20.556,-47.985,11.771,-62.084,40.974,-90.719,0,-109.91,-40.874,-90.618,,,,"",,,,"",,,,"",,,,"",,,,"",,,,"",,,,"",,,,"",,,,,,,,,,,,,,,,,,,,,,,,,,,,,,,,,,,,,,,,,,,,,,,,,,,,,,,,,,"",0,,,,,0,"",,,,0,""
78,,5,1,0,2,1,0,0,0,0,0,255,255,255,30,1917.004,"Pring__",R,32,89,140,-2.573,-0.992,-0.105,1.331,-1.417,0.835,-36.241,12.181,0,100,0,4,250,-190.747,42.236,0,0,0,"=","=","=","=","=","=","","","",1,R,"소솨소솨",190,80,0.501,,40,W,Y,1,,,,,,,,,,,,,,,,,,,,,,,,,,,,0,0,,,,,,,,,,,,,,,,,,,,,,,,,,,,,,,,,,,,,,-0.124,-37.105,-0.024,-17.009,-21.18,-48.019,-14.607,-64.184,20.195,-48.128,10.515,-62.459,40.922,-90.671,0,-109.86,-40.822,-90.571,,,,"",,,,"",,,,"",,,,"",,,,"",,,,"",,,,"",,,,"",,,,,,,,,,,,,,,,,,,,,,,,,,,,,,,,,,,,,,,,,,,,,,,,,,,,,,,,,,"",0,,,,,0,"",,,,0,""
79,,5,1,0,2,1,1,0,0,0,0,255,255,255,31,1933.751,"Pring__",R,32,80,130,-0.285,0.939,0.097,1.5,-0.477,2.032,-36.241,32.609,0,100,0,2,245.757,-198.423,-0.78,0,0,0,"=","=","=","=","=","=","","","",1,R,"소솨소솨",190,80,0.501,5,40,W,Y,1,1934.854,235,111,91,50,25,145,110,12.111,31.895,-0.051,1.374,-20.274,0,0,0.543,355.045,-0.352,-111.093,1936.111,-44.366,-91.302,1955.017,,-0.008,1.132,-37.962,0,0,,,,,,,,,,,,,,,1938.705,0,,456,0,,,,,,,,,,,,,,,,,,,-0.185,-37.152,-0.099,-16.696,-21.052,-47.855,-14.609,-64.174,19.887,-48.096,10.541,-62.457,40.922,-90.67,0,-109.86,-40.822,-90.57,-0.189,-37.278,,"うよすま",-0.075,-16.735,,"si_ho",-21.089,-47.781,,"ByeolBam",-15.126,-63.979,,"わだ、、",20.065,-47.723,,"YukihiroD",10.441,-62.452,,"AI",40.9,-90.65,,"AI",0,-109.84,,"AI",-40.8,-90.55,,1943.512,-3.68,-42.571,,,,,,,,,,,,,,,,,,,,,,,,,,,,,,,,,,,,,,,,,,,,,,,,,,,,"",1,31.679,-179.862,12.593,0,0,"Mini_ByeolBam",,,,32,""
80,,5,1,0,2,0,0,1,0,0,0,255,255,255,32,1962.391,"Pring__",R,3,86,109,-3.18,-0.436,0.138,1.25,-0.503,1.365,-36.241,25.54,0,100,0,2,-495.452,1.767,14.525,0,0,1,"=","=","=","=","=","=","","","",4,R,"Pugeuk",190,85.842,0.349,3,40,W,Y,1,1963.571,255,106,137,164,68,145,88,-0.698,26.493,-0.532,0.896,-21.064,-0.91,0,0.773,122.53,-163.914,43.46,1961.617,-6.658,-33.544,1963.604,,-19.176,0.408,-58.529,0,0,,1969.849,,,,,,,,,,,,,1968.222,1,,147,4,,,,,,,,,,,,,,,,,,,-0.029,-37.109,-0.098,-17.165,-20.547,-47.191,-15.113,-63.403,20.511,-48.608,9.346,-61.34,40.937,-90.684,0,-109.88,-40.837,-90.584,-0.236,-36.946,,"うよすま",-0.132,-17.147,,"si_ho",-20.598,-47.195,81,"ByeolBam",-15.125,-63.412,94,"わだ、、",20.047,-48.26,,"YukihiroD",9.347,-61.324,,"AI",40.9,-90.65,,"AI",0,-109.84,,"AI",-40.8,-90.55,,1970.965,-0.94,-37.664,,,,1967.574,-19.495,-40.767,1965.831,-19.362,-57.507,,,,,,,,,,,,,,,,,,,,,,1969.888,-18.276,-40.148,1966.758,-19.101,-52.532,,,,,,,,,,,,,,,,"",2,0,0,0,-2,0,"Mini_ByeolBam",,,,52,""
81,,5,1,0,2,0,0,2,0,0,0,255,255,255,33,1988.002,"Pring__",R,13,83,107,-0.518,-1.135,0.336,1.507,0.423,1.469,-36.241,33.186,0,100,0,2,-359.755,336.477,4.624,0,0,2,"=","=","=","=","=","=","","","",5,R,"CoalCat",169.5,83,0.397,3,40,W,Y,1,1989.221,255,193,109,104,95,145,80,-30.078,44.035,-0.022,0.732,-21.75,-1,0,0.711,128.536,-249.021,11.883,1986.751,-1.123,-22.892,1990.511,,-19.508,0.701,-40.682,0,0,,,,,,,,,,,,,,,1993.278,2,,147,0,,,,,,,,,,,1992.607,2,,,,,,,-0.072,-36.948,0,-16.91,-20.405,-46.954,-15.209,-63.518,19.807,-47.857,8.373,-60.026,40.937,-90.684,0,-109.88,-40.837,-90.584,0.005,-36.972,,"うよすま",-0.077,-16.893,,"si_ho",-20.427,-46.961,74,"ByeolBam",-15.195,-63.505,,"わだ、、",19.191,-47.54,,"YukihiroD",8.361,-60.012,,"AI",40.9,-90.65,,"AI",0,-109.84,,"AI",-40.8,-90.55,,,,,,,,1991.35,-21.494,-44.682,,,,,,,,,,,,,,,,,,,,,,,,,1993.97,-18.169,-39.492,,,,,,,,,,,,,,,,,,,"",2,0,0,0,-2,0,"Mini_ByeolBam",,,,16,""
82,SIDE,5,1,0,2,0,0,2,0,0,0,255,255,255,,1996.702,,,,,,,,,,,,,,,,,,,,,,,3,"=","=","=","=","=","=","","","",,,,,,,,,,,,,,,,,,,,,,,,,,,,,,,,,,,,,,,0,0,,,,,,,,,,,,,,,,,,,,,,,,,,,,,,,,,,,,,,,,,,,,,,,,,,,,,,,,,,,,,,,,,,,,,,,,,,,,,,,,,,,,,,,,,,,,,,,,,,,,,,,,,,,,,,,,,,,,,,,,,,,,,,,,,,,,,,,,,,,,,,,,,"",0,,,,,0,"",,,,0,""
83,,5,0,0,2,0,0,0,0,0,0,255,255,255,39,2045.206,"눈꽃",R,28,85,137,0.939,1.306,0.302,2.193,0.366,2.289,-36.64,41.085,89,11,0,1,24.07,-55.329,0,0,0,4,"うよすま","わだ、、","ByeolBam","YukihiroD","si_ho","Pring__","","","",2,R,"si_ho",176.1,88.027,0.348,,39,W,Y,0,,,,,,,,,,,,,,,,,,,,,,,,,,,,0,0,,,,,,,,,,,,,,,,,,,,,,,,,,,,,,,,,,,,,,-0.039,-37.652,-0.041,-17.166,-21.88,-46.697,-16.928,-62.623,18.056,-47.964,10.085,-65.248,40.937,-90.684,0,-109.87,-40.837,-90.584,,,,"",,,,"",,,,"",,,,"",,,,"",,,,"",,,,"",,,,"",,,,,,,,,,,,,,,,,,,,,,,,,,,,,,,,,,,,,,,,,,,,,,,,,,,,,,,,,,"",0,,,,,0,"",,,,0,""
84,,5,0,0,2,0,1,0,0,0,0,255,255,255,40,2060.797,"눈꽃",R,10,76,116,0.339,-1.123,0.388,1.903,0.298,1.464,-36.64,11.366,54,46,0,2,-93.05,400,0,0,0,4,"=","=","=","=","=","=","","","",2,R,"si_ho",176.1,88.027,0.348,3,39,W,Y,1,2061.986,200,127,112,134,17,145,107,20.78,18.198,0.072,0.627,-20.75,0.09,0,0.675,60.642,106.006,103.477,2063.697,-30.454,-105.853,2071.284,,-11.236,2.471,-79.05,1,0,,2067.69,2072.104,,,,,,,,,,,,,,,,,,,,,,,,,,,,,,,,,,,0.102,-37.863,-0.04,-17.164,-22.207,-47.729,-16.511,-62.86,17.761,-48.406,10.142,-65.307,40.915,-90.664,0,-109.86,-40.815,-90.564,0.057,-37.003,,"소솨소솨",-0.12,-17.294,,"Sabo_10",-21.784,-47.326,,"SUGUN",-18.05,-63.175,95,"Pugeuk",17.295,-48.416,,"CoalCat",10.167,-65.132,,"AI",40.9,-90.65,,"AI",0,-109.84,,"AI",-40.8,-90.55,,2076.891,-0.009,-38.359,,,,,,,2073.358,-11.341,-78.858,,,,,,,,,,,,,,,,,,,,,,,,,2075.079,-8.35,-73.296,,,,,,,,,,,,,,,,"",2,0,0,0,-2,0,"Mini_ByeolBam",2072.104,,,40,""
85,,5,0,0,2,0,0,0,0,1,0,255,12,255,41,2094.004,"눈꽃",R,14,66,107,1.14,-0.814,0.146,1.848,-0.212,1.547,-36.64,13.211,60,40,0,0,366.141,329.117,0,0,0,5,"=","=","=","=","=","=","","","",0,L,"Pring__",190,93.125,0.481,,39,W,Y,0,,,,,,,,,,,,,,,,,,,,,,,,,,,,0,0,,,,,,,,,,,,,2102.854,,,,,,,,,,,,,,,,,,,,,,,,,-0.117,-37.775,-0.018,-17.166,-20.437,-46.643,-14.796,-64.077,19.315,-46.483,12.353,-60.802,40.922,-90.67,0,-109.87,-40.822,-90.571,,,,"",,,,"",,,,"",,,,"",,,,"",,,,"",,,,"",,,,"",,,,2098.271,-0.289,-37.595,,,,,,,,,,,,,,,,,,,,,,,,,,,,,,,,,,,,,,,,,,,,,,,,,,,,"",0,,,,,0,"",2096.835,,,0,""
86,,5,0,0,2,0,1,0,0,1,0,255,12,255,42,2113.669,"눈꽃",R,27,92,140,-0.618,1.191,0.134,2.085,-0.384,2.218,-36.64,25.571,84,16,0,2,80.706,-146.473,0,0,0,5,"=","=","=","=","=","=","","","",0,L,"Pring__",190,93.125,0.481,5,39,W,Y,1,2114.53,168,95,111,80,43,145,97,101.317,-7.78,-0.117,1.46,-20.181,-0.59,0,0.341,96.816,-92.653,579.922,2118.697,-11.851,3.657,,,,,,0,0,,,,,,,,,,,,,2124.246,,,,,,,,,,,,,,,,,,,2143.972,3,,,,,-0.06,-37.83,-0.028,-17.165,-20.814,-46.868,-6.232,-64.912,20.039,-45.256,12.375,-60.772,40.922,-90.671,0,-109.86,-40.822,-90.57,-0.023,-37.512,,"소솨소솨",-0.037,-17.155,,"Sabo_10",-20.719,-46.781,,"SUGUN",-9.492,-65.961,,"Pugeuk",19.546,-45.696,,"CoalCat",12.926,-60.397,,"AI",40.9,-90.65,,"AI",0,-109.84,,"AI",-40.8,-90.55,,,,,,,,,,,,,,,,,,,,,,,,,,,,,,,,,,,,,,,,,,,,,,,,,,,,,,,,"",3,-7.175,-171.598,-38.79,0,0,"",2117.693,,,0,""
87,,5,0,0,2,0,2,0,0,1,0,255,12,255,43,2162.654,"눈꽃",R,14,71,111,2.596,-1.359,0.211,1.905,0.421,1.166,-36.64,14.972,59,41,0,4,382.775,321.688,0,0,0,5,"=","=","=","=","=","=","","","",0,L,"Pring__",190,93.125,0.481,,39,W,Y,1,,,,,,,,,,,,,,,,,,,,,,,,,,,,0,0,,,,,,,,,,,,,2162.803,,2165.274,5,,578,0,,,,,,,,,,,,,2189.728,5,,,,,-0.016,-37.916,-0.023,-17.123,-21.348,-47.071,-3.874,-63.27,20.055,-46.072,13.511,-60.797,40.922,-90.671,0,-109.86,-40.822,-90.571,,,,"",,,,"",,,,"",,,,"",,,,"",,,,"",,,,"",,,,"",,,,,,,,,,,,,,,,,,,,,,,,,,,,,,,,,,,,,,,,,,,,,,,,,,,,,,,,,,"",0,,,,,0,"",2165.331,,,0,""
88,,5,0,0,2,0,0,1,0,1,0,255,12,255,44,2208.166,"눈꽃",R,4,51,104,0.915,1.063,0.446,2.123,0.736,2.279,-36.64,63.594,86,14,0,4,-175.912,0,0,0,0,0,"=","=","=","=","=","=","","","",1,R,"うよすま",190,85.375,0.502,,46,W,Y,1,,,,,,,,,,,,,,,,,,,,,,,,,,,,0,0,,,,,,,,,,,,,,,,,,,,,,,,,,,,,,,,,,,,,,0.07,-37.721,-0.021,-17.114,-21.034,-47.648,-14.47,-63.395,18.134,-45.868,6.737,-61.564,40.922,-90.67,0,-109.86,-40.822,-90.57,,,,"",,,,"",,,,"",,,,"",,,,"",,,,"",,,,"",,,,"",,,,,,,,,,,,,,,,,,,,,,,,,,,,,,,,,,,,,,,,,,,,,,,,,,,,,,,,,,"",0,,,,,0,"",2210.772,,,0,""
89,,5,0,0,2,0,1,1,0,1,0,255,12,255,45,2228.307,"눈꽃",R,27,90,140,0.327,0.17,0.195,2.017,0.047,1.587,-36.64,21.52,89,11,0,2,65.78,-130.81,0,0,0,0,"=","=","=","=","=","=","","","",1,R,"うよすま",190,85.375,0.502,5,46,W,Y,1,2229.375,255,89,200,46,12,145,131,26.109,5.33,0.059,1.058,-20.092,0.43,0,0.457,416.941,338.286,260.449,2234.471,-27.413,-147.525,,,,,,0,0,,2235.823,2240.518,2245.854,2251.163,,,,2234.801,2239.822,,,2228.48,,,,,,,,,,,,,,,,,,,,,,,,,-0.06,-37.657,-0.019,-17.098,-21.791,-48.307,-14.419,-63.409,18.983,-46.631,3.264,-60.668,40.922,-90.67,0,-109.86,-40.822,-90.57,0.282,-37.2,,"소솨소솨",-0.06,-17.074,,"Sabo_10",-21.644,-48.201,,"SUGUN",-15.549,-65.218,,"Pugeuk",18.212,-46.478,,"CoalCat",5.465,-61.153,,"AI",40.9,-90.65,,"AI",0,-109.84,,"AI",-40.8,-90.55,,,,,,,,,,,,,,,,,,,,,,,,,,,,,,,,,,,,,,,,,,,,,,,,,,,,,,,,"",4,5.583,178.696,-1.782,0,0,"",2240.518,2234.801,2239.822,0,""
90,,5,0,0,4,0,0,1,0,0,0,255,255,255,46,2270.347,"눈꽃",R,26,86,139,-0.878,0.812,0.091,2.006,-0.475,1.973,-36.64,13.567,88,12,0,2,64.976,-153.589,0,0,0,1,"=","=","=","=","=","=","","","",4,L,"わだ、、",190,85,0.497,5,39,W,Y,1,2271.402,255,133,175,82,48,145,113,96.32,-10.523,-0.161,1.337,-20.533,0.06,0,0.368,556.311,-29.145,-222.865,,,,,,,,,0,0,,,,,,,,,,,,,,,,,,,,,,,,,,,,,,,,,,,,,,-0.029,-37.82,-0.007,-17.113,-20.118,-47.08,-13.597,-64.465,20.799,-46.922,12.826,-60.757,40.922,-90.67,0,-109.86,-40.822,-90.57,-0.023,-37.173,,"소솨소솨",-0.121,-17.115,,"Sabo_10",-19.934,-46.697,,"SUGUN",-13.198,-65.301,,"Pugeuk",20.436,-46.776,,"CoalCat",12.851,-60.618,,"AI",40.9,-90.65,,"AI",0,-109.84,,"AI",-40.8,-90.55,,,,,,,,,,,,,,,,,,,,,,,,,,,,,,,,,,,,,,,,,,,,,,,,,,,,,,,,"",3,-9.808,-179.979,-11.062,0,0,"",,,,0,""
91,,5,0,0,4,0,1,1,0,0,0,255,255,255,47,2292.242,"눈꽃",R,14,72,111,2.286,-0.976,0.248,1.829,0.272,1.398,-36.64,12.157,61,39,0,1,390.434,312.348,0,0.629,-16.834,1,"=","=","=","=","=","=","","","",4,L,"わだ、、",190,85,0.497,,39,W,Y,0,,,,,,,,,,,,,,,,,,,,,,,,,,,,0,0,,,,,,,,,,,,,,,,,,,,,,,,,,,,,,,,,,,,,,0.022,-37.805,0.009,-17.026,-21.923,-47.826,-13.239,-65.03,20.794,-45.875,12.462,-61.476,40.915,-90.664,0,-109.86,-40.815,-90.564,,,,"",,,,"",,,,"",,,,"",,,,"",,,,"",,,,"",,,,"",,,,,,,,,,,,,,,,,,,,,,,,,,,,,,,,,,,,,,,,,,,,,,,,,,,,,,,,,,"",0,,,,,0,"",,,,0,""
92,,5,0,0,4,1,1,1,0,0,0,255,255,255,48,2309.826,"눈꽃",R,26,81,132,-1.279,0.349,-0.002,1.812,-0.512,1.649,-36.64,1.325,61,39,0,2,-30.777,-186.583,0,0,0,1,"=","=","=","=","=","=","","","",4,L,"わだ、、",190,85,0.497,5,39,W,Y,1,2310.854,255,102,162,85,42,145,131,90.775,-5.927,-0.232,1.172,-20.723,0.69,0,0.362,543.155,-118.622,-225.635,2316.777,4.902,-4.253,2318.538,,5.399,1.9,-5.001,0,0,,,,,,,,,,,,,,,2319.74,1,,450,0,,,,,,,,,,,,,,,,,,,-0.025,-37.811,-0.016,-17.037,-21.306,-47.695,-13.756,-64.363,20.945,-46.206,12.438,-61.544,40.915,-90.664,0,-109.86,-40.815,-90.564,-0.338,-37.467,,"소솨소솨",-0.094,-17.09,,"Sabo_10",-21.111,-47.539,,"SUGUN",-14.165,-65.488,,"Pugeuk",20.935,-46.234,,"CoalCat",12.48,-61.458,,"AI",40.9,-90.65,,"AI",0,-109.84,,"AI",-40.8,-90.55,,,,,2319.747,4.926,-4.481,,,,,,,,,,,,,,,,,,,,,,,,,,,,,,,,,,,,,,,,,,,,,,,,,"",1,-5.005,-179.014,-10.407,0,0,"Mini_ByeolBam",,,,1,""
93,,5,0,0,4,1,2,1,0,0,0,255,255,255,49,2360.003,"눈꽃",R,14,69,109,1.96,-1.361,0.219,1.748,0.12,1.17,-36.64,8.859,44,56,0,2,386.885,312.348,0,0,0,1,"=","=","=","=","=","=","","","",4,L,"わだ、、",190,85,0.497,5,39,W,Y,1,2361.213,218,151,133,117,59,145,114,0,-5.875,0.375,0.462,-20.186,0.93,0,0.603,163.541,-345.843,-67.481,2358.844,1.986,-34.413,2360.791,,7.157,2.644,-61.305,0,0,,2367.092,,,,,,,,,,,,,2366.416,1,,147,4,,,,,,,,,,,,,,,,,,,0.059,-37.829,-0.025,-17.043,-21.426,-47.066,-13.547,-64.278,20.073,-47.558,12.539,-62.598,40.922,-90.67,0,-109.86,-40.822,-90.57,0.016,-37.144,,"소솨소솨",-0.077,-17.275,,"Sabo_10",-21.13,-47.158,100,"SUGUN",-13.984,-65.482,,"Pugeuk",20.009,-47.476,,"CoalCat",12.603,-62.522,92,"AI",40.9,-90.65,,"AI",0,-109.84,,"AI",-40.8,-90.55,,2370.039,-0.216,-38.327,,,,2365.852,-17.953,-40.956,,,,,,,2363.119,7.394,-61.633,,,,,,,,,,,,,,,,2369.175,-17.195,-40.122,,,,,,,2364.458,2.146,-57.68,,,,,,,,,,"",2,-8.207,-54.728,4.97,0,0,"Mini_ByeolBam",,,,52,""
94,,5,0,0,4,0,0,2,0,0,0,255,255,255,50,2385.404,"눈꽃",R,14,57,101,-1.037,1.36,0.038,2.164,-1.096,2.983,-36.64,26.69,100,0,0,1,309.663,369.131,0,0,0,2,"=","=","=","=","=","=","","","",3,R,"ByeolBam",175.3,88,0.5,,39,W,Y,0,,,,,,,,,,,,,,,,,,,,,,,,,,,,0,0,,,,,,,,,,,,,,,,,,,,,,,,,,,,,,,,,,,,,,0.003,-37.914,-0.038,-17.037,-20.21,-46.149,-15.242,-63.834,18.052,-47.387,8.2,-62.187,40.922,-90.67,0,-109.86,-40.822,-90.57,,,,"",,,,"",,,,"",,,,"",,,,"",,,,"",,,,"",,,,"",,,,2389.326,-0.066,-37.656,,,,,,,,,,,,,,,,,,,,,,,,,,,,,,,,,,,,,,,,,,,,,,,,,,,,"",0,,,,,0,"",,,,0,""
95,,5,0,0,4,1,0,2,0,0,0,255,255,255,51,2399.02,"눈꽃",R,14,65,106,1.616,-1.455,0.183,1.779,-0.036,1.23,-36.64,6.826,54,46,0,2,376.237,312.348,0,0,0,2,"=","=","=","=","=","=","","","",3,R,"ByeolBam",175.3,88,0.5,5,39,W,Y,1,2400.004,232,134,126,96,51,145,124,0,-25.313,0.27,0.577,-21.136,0.22,0,0.307,-167.742,-255.391,-130.7,2397.604,6.737,-34.536,2398.777,,14.553,0.261,-48.677,0,0,,,,,,,,,,,,,,,2404.323,2,,147,2,,,,,,,,,,,,,,,,,,,0.038,-37.876,-0.043,-17.137,-21.118,-46.824,-15.824,-63.101,17.57,-47.755,10.455,-63.434,40.915,-90.664,0,-109.85,-40.815,-90.564,-0.09,-37.103,,"소솨소솨",-0.115,-17.31,,"Sabo_10",-20.968,-46.608,,"SUGUN",-16.341,-63.921,,"Pugeuk",17.496,-47.692,107,"CoalCat",10.298,-63.331,,"AI",40.9,-90.65,,"AI",0,-109.84,,"AI",-40.8,-90.55,,,,,,,,2403.795,-18.158,-40.863,,,,2401.399,14.239,-48.853,,,,,,,,,,,,,,,,,,,,,,,,,2402.417,11.249,-47.784,,,,,,,,,,,,,"",2,-27.21,-70.94,-3.887,0,0,"Mini_ByeolBam",,,,18,""
96,SIDE,5,0,0,4,0,0,2,0,0,0,255,255,255,,2407.35,,,,,,,,,,,,,,,,,,,,,,,3,"=","=","=","=","=","=","","","",,,,,,,,,,,,,,,,,,,,,,,,,,,,,,,,,,,,,,,0,0,,,,,,,,,,,,,,,,,,,,,,,,,,,,,,,,,,,,,,,,,,,,,,,,,,,,,,,,,,,,,,,,,,,,,,,,,,,,,,,,,,,,,,,,,,,2435.88,0.157,-38.089,,,,,,,,,,,,,,,,,,,,,,,,,,,,,,,,,,,,,,,,,,,,,,,,,,,,"",0,,,,,0,"",,,,32,""
97,,6,1,0,4,0,0,0,0,0,0,255,255,255,34,2440.007,"Pring__",R,32,81,132,1.177,-0.105,0.234,1.51,0.157,1.395,-36.241,33.254,0,100,0,2,250,-155.51,8.432,0,0,3,"소솨소솨","Pugeuk","CoalCat","SUGUN","Sabo_10","눈꽃","","","",3,R,"SUGUN",174.8,82,0.5,5,39,W,Y,1,2441.051,122,104,158,55,14,138,80,99.117,-77.254,0.226,0.878,-19.985,-1,0,0.47,428.56,195.3,-365.686,,,,2445.044,,-9.237,2.224,-12.637,0,0,,,,,,,,,,,,,,,2447.286,3,,450,0,,,,,,,,,,,,,,,,,,,-0.115,-37.102,0.006,-16.897,-20.706,-47.493,-14.127,-64.399,20.009,-48.36,12.461,-60.022,40.944,-90.691,0,-109.89,-40.844,-90.591,-0.141,-37.202,,"うよすま",0.004,-16.903,102,"si_ho",-20.72,-47.502,,"ByeolBam",-14.128,-64.397,,"わだ、、",19.139,-47.731,,"YukihiroD",12.266,-60.086,,"AI",40.9,-90.65,,"AI",0,-109.84,,"AI",-40.8,-90.55,,2450.538,-0.141,-37.477,2447.296,-9.406,-12.209,,,,,,,,,,,,,,,,,,,,,,,,,2449.408,-8.16,-13.413,,,,,,,,,,,,,,,,,,,,,,"",1,101.939,-180,17.163,0,0,"Mini_ByeolBam",,,,33,""
98,,6,1,0,4,0,0,1,0,0,0,255,255,255,35,2468.561,"Pring__",R,13,75,102,0.343,-0.432,0.42,1.509,0.682,1.932,-36.241,52.451,47,53,0,0,-278.798,399.501,-7.96,0,0,4,"=","=","=","=","=","=","","","",2,L,"Sabo_10",185.3,87.575,0.449,,72,W,Y,1,,,,,,,,,,,,,,,,,,,,,,,,,,,,0,0,,,,,,,,,,,,,,,,,,,,,,,,,,,,,,,,,,,,,,-0.1,-37.023,-0.019,-16.943,-19.842,-46.565,-12.537,-64.74,21.351,-48.013,15.728,-60.849,40.93,-90.677,0,-109.87,-40.83,-90.577,,,,"",,,,"",,,,"",,,,"",,,,"",,,,"",,,,"",,,,"",,,,2473.269,0.138,-37.88,,,,,,,,,,,,,,,,,,,,,,,,,,,,,,,,,,,,,,,,,,,,,,,,,,,,"",0,,,,,0,"",,,,0,""
99,,6,1,0,4,0,1,1,0,0,0,255,255,255,36,2489.284,"Pring__",R,32,86,140,0.476,1.381,0.174,1.577,-0.123,2.296,-36.241,26.335,34,66,0,4,250,-200,9.869,0,0,4,"=","=","=","=","=","=","","","",2,L,"Sabo_10",185.3,87.575,0.449,,72,W,Y,1,,,,,,,,,,,,,,,,,,,,,,,,,,,,0,0,,,,,,,,,,,,,,,,,,,,,,,,,,,,,,,,,,,,,,-0.091,-37.223,-0.064,-17.101,-19.738,-46.673,-12.749,-64.646,21.037,-48.088,15.656,-60.823,40.922,-90.671,0,-109.86,-40.822,-90.57,,,,"",,,,"",,,,"",,,,"",,,,"",,,,"",,,,"",,,,"",,,,2493.63,-0.03,-37.614,,,,,,,,,,,,,,,,,,,,,,,,,,,,,,,,,,,,,,,,,,,,,,,,,,,,"",0,,,,,0,"",,,,0,""
100,,6,1,0,4,0,2,1,0,0,0,255,255,255,37,2506.96,"Pring__",R,13,89,112,-0.651,-1.395,0.318,1.366,0.365,1.172,-36.241,30.268,39,61,0,2,-380.708,324.132,9.318,0,0,4,"=","=","=","=","=","=","","","",2,L,"Sabo_10",185.3,87.575,0.449,0,72,W,Y,1,2507.929,180,186,111,126,85,145,108,-9.871,17.879,-0.094,0.544,-20.877,-0.11,0,0.57,-402.846,-137.72,161.015,2504.951,-0.922,-23.452,2506.978,,-13.329,0.511,-59.855,0,0,,,,,,,,,,,,,,,2512.276,4,,147,4,,,,,,,,,,,,,,,,,,,-0.076,-36.83,-0.036,-16.979,-20.131,-46.661,-13.2,-64.291,20.648,-48.089,15.629,-60.755,40.915,-90.664,0,-109.86,-40.815,-90.564,-0.363,-36.448,,"うよすま",-0.039,-16.971,,"si_ho",-20.1,-46.684,78,"ByeolBam",-13.268,-64.179,91,"わだ、、",20.438,-47.959,,"YukihiroD",15.774,-60.666,,"AI",40.9,-90.65,,"AI",0,-109.84,,"AI",-40.8,-90.55,,2514.8,-0.84,-38.424,,,,2511.645,-19.126,-40.713,2509.646,-12.806,-58.605,,,,,,,,,,,,,,,,,,,,,,2513.71,-18.448,-40.065,2510.73,-14.063,-53.023,,,,,,,,,,,,,,,,"",2,0,0,0,-2,0,"Mini_ByeolBam",,,,52,""
101,,6,1,0,4,0,0,2,0,0,0,255,255,255,38,2534.417,"Pring__",R,32,84,136,-0.253,0.672,0.203,1.454,-0.453,1.882,-36.241,28.283,0,100,0,2,250,-188.658,10.475,0,0,5,"=","=","=","=","=","=","","","",0,L,"눈꽃",190,85,0.505,5,39,W,Y,1,2535.809,193,105,89,65,28,145,122,104.807,-12.071,-0.046,1.265,-20.048,0.2,0,0.408,498.25,-52.747,124.878,,,,,,,,,0,0,,,,,,,,,,,,,,,,,,,,,,,,,,,,,,,,,,,,,,-0.107,-37.011,-0.018,-16.687,-19.429,-46.387,-13.874,-64.895,21.547,-49.123,16.752,-58.238,40.93,-90.678,0,-109.87,-40.83,-90.577,-0.174,-37.239,,"うよすま",-0.041,-16.688,,"si_ho",-19.438,-46.398,,"ByeolBam",-13.722,-65.062,,"わだ、、",21.468,-48.825,,"YukihiroD",16.421,-58.919,,"AI",40.9,-90.65,,"AI",0,-109.84,,"AI",-40.8,-90.55,,,,,,,,,,,,,,,,,,,,,,,,,,,,,,,,,,,,,,,,,,,,,,,,,,,,,,,,"",3,-12.079,-178.927,-3.415,0,0,"",,,,0,""
102,,6,1,0,4,0,1,2,0,0,0,255,255,255,39,2554.318,"Pring__",R,32,72,124,3.517,-0.073,0.545,1.527,1.138,1.471,-36.241,57.118,0,100,0,1,250,-98.456,-12.254,0,0,5,"=","=","=","=","=","=","","","",0,L,"눈꽃",190,85,0.505,,39,W,Y,0,,,,,,,,,,,,,,,,,,,,,,,,,,,,0,0,,,,,,,,,,,,,,,,,,,,,,,,,,,,,,,,,,,,,,-0.027,-37.141,0.001,-16.925,-19.392,-46.387,-13.748,-64.961,21.667,-48.88,17.062,-60.308,40.915,-90.664,0,-109.86,-40.815,-90.564,,,,"",,,,"",,,,"",,,,"",,,,"",,,,"",,,,"",,,,"",,,,,,,,,,,,,,,,,,,,,,,,,,,,,,,,,,,,,,,,,,,,,,,,,,,,,,,,,,"",0,,,,,0,"",,,,0,""
103,,6,1,0,4,1,1,2,0,0,0,255,255,255,40,2571.708,"Pring__",R,32,74,125,3.946,0.36,0.51,1.558,1.419,1.76,-36.241,56.944,0,100,0,4,190.459,-82.476,-4.285,0,0,5,"=","=","=","=","=","=","","","",0,L,"눈꽃",190,85,0.505,,39,W,Y,1,,,,,,,,,,,,,,,,,,,,,,,,,,,,0,0,,,,,,,,,,,,,,,,,,,,,,,,,,,,,,,,,,,,,,-0.063,-37.165,-0.018,-16.849,-19.578,-46.501,-13.763,-64.972,21.507,-48.8,16.449,-57.384,40.915,-90.664,0,-109.86,-40.815,-90.564,,,,"",,,,"",,,,"",,,,"",,,,"",,,,"",,,,"",,,,"",,,,,,,,,,,,,,,,,,,,,,,,,,,,,,,,,,,,,,,,,,,,,,,,,,,,,,,,,,"",0,,,,,0,"",,,,0,""
104,,6,1,0,4,1,2,2,0,0,0,255,255,255,41,2592.316,"Pring__",R,13,84,108,-1.283,-1.199,0.341,1.408,0.126,1.274,-36.241,29.04,10,90,0,2,-383.336,312.348,8.151,0,0,5,"=","=","=","=","=","=","","","",0,L,"눈꽃",190,85,0.505,0,39,W,Y,1,2593.472,228,184,80,113,70,145,124,-30,44.592,-0.329,0.564,-20.709,0.14,0,0.433,148.406,456.87,359.508,2590.431,-1.187,-21.578,2593.217,,-19.604,0.838,-40.011,0,0,,,,,,,,,,,,,,,2596.422,5,,147,0,,,,,,,,,,,2595.865,2,,,,,,,-0.047,-36.889,-0.013,-16.873,-19.827,-46.379,-14.128,-64.564,21.357,-48.71,16.409,-57.443,40.922,-90.67,0,-109.86,-40.822,-90.57,0.152,-36.97,,"うよすま",-0.029,-16.886,,"si_ho",-19.777,-46.409,69,"ByeolBam",-14.123,-64.57,,"わだ、、",21.018,-48.389,,"YukihiroD",16.421,-57.468,,"AI",40.9,-90.65,,"AI",0,-109.84,,"AI",-40.8,-90.55,,,,,,,,2594.922,-22.615,-43.323,,,,,,,,,,,,,,,,,,,,,,,,,2597.149,-17.838,-39.402,,,,,,,,,,,,,,,,,,,"",2,0,0,0,-2,0,"Mini_ByeolBam",,,,16,""
105,SIDE,6,1,0,4,0,0,2,0,0,0,255,255,255,,2597.664,,,,,,,,,,,,,,,,,,,,,,,0,"=","=","=","=","=","=","","","",,,,,,,,,,,,,,,,,,,,,,,,,,,,,,,,,,,,,,,0,0,,,,,,,,,,,,,,,,,,,,,,,,,,,,,,,,,,,,,,,,,,,,,,,,,,,,,,,,,,,,,,,,,,,,,,,,,,,,,,,,,,,,,,,,,,,,,,,,,,,,,,,,,,,,,,,,,,,,,,,,,,,,,,,,,,,,,,,,,,,,,,,,,"",0,,,,,0,"",,,,0,""
106,,6,0,0,4,0,0,0,0,0,0,255,255,255,52,2646.713,"눈꽃",R,14,63,105,2.606,-1.929,0.238,1.716,0.443,1.019,-36.64,21.351,57,43,0,4,346.794,343.523,0,0,0,3,"うよすま","わだ、、","ByeolBam","YukihiroD","si_ho","Pring__","","","",5,R,"YukihiroD",174.3,80,0.398,,39,W,Y,1,,,,,,,,,,,,,,,,,,,,,,,,,,,,0,0,,,,,,,,,,,,,,,,,,,,,,,,,,,,,,,,,,,,,,-0.043,-37.784,-0.016,-17.103,-20.363,-45.954,-14.838,-64.065,18.379,-47.45,10.894,-62.008,40.952,-90.698,0,-109.89,-40.852,-90.598,,,,"",,,,"",,,,"",,,,"",,,,"",,,,"",,,,"",,,,"",,,,,,,,,,,,,,,,,,,,,,,,,,,,,,,,,,,,,,,,,,,,,,,,,,,,,,,,,,"",0,,,,,0,"",,,,0,""
107,,6,0,0,4,0,1,0,0,0,0,255,255,255,53,2662.496,"눈꽃",R,13,45,93,1.471,0.943,0.497,2.146,1.379,2.729,-36.64,35.057,100,0,0,0,-323.447,321.93,0,0,0,3,"=","=","=","=","=","=","","","",5,R,"YukihiroD",174.3,80,0.398,,39,W,Y,0,,,,,,,,,,,,,,,,,,,,,,,,,,,,0,0,,,,,,,,,,,,,,,,,,,,,,,,,,,,,,,,,,,,,,0.103,-37.738,-0.017,-17.096,-20.276,-46.479,-14.775,-64.16,17.799,-47.157,10.944,-61.979,40.915,-90.664,0,-109.86,-40.815,-90.564,,,,"",,,,"",,,,"",,,,"",,,,"",,,,"",,,,"",,,,"",,,,,,,,,,,,,,,,,,,,,,,,,,,,,,,,,,,,,,,,,,,,,,,,,,,,,,,,,,"",0,,,,,0,"",,,,0,""
108,,6,0,0,4,0,2,0,0,0,0,255,255,255,54,2680.074,"눈꽃",R,26,86,140,-0.266,0.351,0.133,1.893,-0.252,1.604,-36.64,14.637,54,46,0,2,96.893,-199.601,0,0,0,3,"=","=","=","=","=","=","","","",5,R,"YukihiroD",174.3,80,0.398,5,39,W,Y,1,2681.146,220,92,68,10,0,125,118,-15.001,63.994,-0.057,1.012,-19.908,0.25,0,0.557,-243.668,127.912,61.316,2678.044,-3.15,-21.412,,,,,,0,0,,,,,,,,,,,,,,,,,,,,,,,,,,,,,,,,,,,,,,-0.058,-37.863,-0.08,-17.102,-21.131,-46.622,-14.949,-64.168,17.008,-47.634,10.908,-61.941,40.915,-90.664,0,-109.86,-40.815,-90.564,0.085,-37.159,,"소솨소솨",-0.116,-17.202,,"Sabo_10",-21.04,-46.444,,"SUGUN",-14.929,-64.144,,"Pugeuk",16.969,-47.701,,"CoalCat",10.927,-61.908,,"AI",40.9,-90.65,,"AI",0,-109.84,,"AI",-40.8,-90.55,,,,,,,,,,,,,,,,,,,,,,,,,,,,,,,,,,,,,,,,,,,,,,,,,,,,,,,,"",3,64.283,75.191,15.675,0,0,"",,,,0,""
109,,6,0,0,4,0,2,0,0,0,0,255,255,255,55,2697.111,"눈꽃",R,26,92,140,1.793,-0.267,0.197,1.871,0.219,1.703,-36.64,6.576,60,40,0,2,63.793,-178.352,0,0,0,3,"=","=","=","=","=","=","","","",5,R,"YukihiroD",174.3,80,0.398,0,39,W,Y,1,2698.133,202,128,81,24,0,137,86,43.151,32.425,0.133,1.069,-20.085,-0.78,0,0.525,510.841,304.067,-81.148,2700.191,-39.819,-72.853,2705.364,,0.572,2.229,-38.29,0,0,,2703.53,,,,,,,,,,,,,2703.427,3,,456,0,,,,,,,,,,,,,,,,,,,0.032,-37.734,-0.033,-17.121,-21.187,-46.901,-15.154,-63.944,16.251,-48.135,10.594,-64.682,40.915,-90.664,0,-109.86,-40.815,-90.564,0.688,-37.145,,"소솨소솨",-0.081,-17.119,,"Sabo_10",-21.134,-46.854,,"SUGUN",-14.784,-63.944,,"Pugeuk",16.487,-47.635,,"CoalCat",10.55,-64.622,,"AI",40.9,-90.65,,"AI",0,-109.84,,"AI",-40.8,-90.55,,2707.91,0.725,-38.299,,,,,,,,,,,,,,,,,,,,,,,,,,,,,,,,,,,,,,,,,,,,,,,,,,,,"",1,0,0,0,-2,0,"Mini_ByeolBam",,,,32,""
110,,6,0,0,4,0,0,1,0,0,0,255,255,255,56,2723.767,"눈꽃",R,26,91,140,1.448,0.503,0.21,1.783,0.631,1.708,-36.64,13.09,49,51,0,0,-5.112,-194.399,0,0,0,4,"=","=","=","=","=","=","","","",2,R,"si_ho",176.1,88.027,0.348,,39,W,Y,0,,,,,,,,,,,,,,,,,,,,,,,,,,,,0,0,,,,,,,,,,,,,,,,,,,,,,,,,,,,,,,,,,,,,,0.003,-37.74,-0.048,-17.104,-21.216,-45.497,-17.088,-62.499,17.08,-46.548,9.735,-61.775,40.922,-90.67,0,-109.86,-40.822,-90.571,,,,"",,,,"",,,,"",,,,"",,,,"",,,,"",,,,"",,,,"",,,,2727.916,0.067,-37.547,,,,,,,,,,,,,,,,,,,,,,,,,,,,,,,,,,,,,,,,,,,,,,,,,,,,"",0,,,,,0,"",,,,0,""
111,,6,0,0,4,0,1,1,0,0,0,255,255,255,57,2739.341,"눈꽃",R,27,87,140,1.518,0.657,0.284,1.969,0.627,1.851,-36.64,21.791,57,43,0,2,18.625,-129.47,0,0,0,4,"=","=","=","=","=","=","","","",2,R,"si_ho",176.1,88.027,0.348,3,39,W,Y,0,2740.415,255,48,117,0,0,137,89,-84.799,81.353,0.282,1.109,-19.705,-0.39,0,0.572,113.242,382.882,-152.242,2737.204,-0.345,-19.8,,,,,,0,0,,,,,,,,,,,,,,,,,,,,,,,,,,,,,,,,,,,,,,-0.028,-37.825,-0.031,-17.107,-21.916,-47.012,-16.498,-63.005,16.955,-46.579,9.666,-61.81,40.915,-90.664,0,-109.86,-40.815,-90.564,0.232,-37.375,,"소솨소솨",-0.058,-17.127,,"Sabo_10",-21.724,-46.836,,"SUGUN",-17.296,-63.353,,"Pugeuk",16.962,-46.551,,"CoalCat",9.769,-61.69,,"AI",40.9,-90.65,,"AI",0,-109.84,,"AI",-40.8,-90.55,,,,,,,,,,,,,,,,,,,,,,,,,,,,,,,,,,,,,,,,,,,,,,,,,,,,,,,,"",3,0,0,0,-2,0,"",,,,0,""
112,,6,0,0,4,0,2,1,0,0,0,255,255,255,58,2757.104,"눈꽃",R,14,67,108,1.547,-0.976,0.199,1.864,-0.008,1.533,-36.64,12.51,61,39,0,2,355.691,344.609,0,0,0,4,"=","=","=","=","=","=","","","",2,R,"si_ho",176.1,88.027,0.348,0,39,W,Y,1,2758.319,255,72,107,55,29,145,131,92.232,-86.704,0.107,0.417,-19.964,0.35,0,0.366,-179.326,473.448,10.537,,,,,,,,,0,0,,,,,,,,,,,,,,,,,,,,,,,,,,,,,,,,,,,,,,-0.006,-37.838,-0.027,-17.107,-21.179,-46.515,-16.223,-63.186,16.741,-46.126,9.394,-62.853,40.915,-90.664,0,-109.86,-40.815,-90.564,0.178,-37.331,,"소솨소솨",-0.066,-17.153,,"Sabo_10",-21.056,-46.325,,"SUGUN",-17.122,-63.935,,"Pugeuk",16.713,-46.033,,"CoalCat",9.383,-62.709,,"AI",40.9,-90.65,,"AI",0,-109.84,,"AI",-40.8,-90.55,,,,,,,,,,,,,,,,,,,,,,,,,,,,,,,,,,,,,,,,,,,,,,,,,,,,,,,,"",3,0,0,0,-2,0,"",,,,0,""
113,,6,0,0,4,0,2,1,0,0,0,255,255,255,59,2775.734,"눈꽃",R,3,47,96,-1.863,0.314,0.304,2.011,0.012,1.938,-36.64,24.827,100,0,0,2,-373.964,81.672,0,0,0,4,"=","=","=","=","=","=","","","",2,R,"si_ho",176.1,88.027,0.348,3,36,W,Y,1,2776.999,255,147,95,111,80,145,82,-30,63.958,-0.26,1.181,-21.542,1,0,0.647,4.155,124.269,-392.523,2774.004,-4.019,-23.37,,,,,,0,0,,,,,,,,,,,,,,,,,,,,,,,,,,,,,,,,,,,,,,0.044,-37.777,-0.035,-17.094,-22.222,-46.976,-16.164,-63.156,16.41,-47.004,8.64,-62.888,40.915,-90.664,0,-109.86,-40.815,-90.564,-0.228,-37.445,,"소솨소솨",-0.089,-17.148,,"Sabo_10",-22.047,-46.791,,"SUGUN",-16.177,-63.017,,"Pugeuk",16.474,-46.761,,"CoalCat",8.724,-62.761,,"AI",40.9,-90.65,,"AI",0,-109.84,,"AI",-40.8,-90.55,,,,,,,,,,,,,,,,,,,,,,,,,,,,,,,,,,,,,,,,,,,,,,,,,,,,,,,,"",3,0,0,0,-2,0,"",,,,0,""
114,,6,0,0,4,0,2,1,0,0,0,255,255,255,60,2791.898,"눈꽃",R,10,64,108,-2.152,-1.388,0.006,1.841,-0.936,1.374,-36.64,7.214,70,30,0,1,0,400,0,0,0,4,"=","=","=","=","=","=","","","",2,R,"si_ho",176.1,88.027,0.348,,36,W,Y,0,,,,,,,,,,,,,,,,,,,,,,,,,,,,0,0,,,,,,,,,,,,,,,,,,,,,,,,,,,,,,,,,,,,,,-0.133,-37.77,-0.032,-17.108,-20.396,-44.41,-16.189,-63.324,16.304,-46.712,8.092,-62.288,40.915,-90.664,0,-109.85,-40.815,-90.564,,,,"",,,,"",,,,"",,,,"",,,,"",,,,"",,,,"",,,,"",,,,,,,,,,,,,,,,,,,,,,,,,,,,,,,,,,,,,,,,,,,,,,,,,,,,,,,,,,"",0,,,,,0,"",,,,0,""
115,,6,0,0,4,1,2,1,0,0,0,255,255,255,61,2805.036,"눈꽃",R,14,60,104,-0.26,-1.65,0.055,1.816,-0.574,1.254,-36.64,12.878,36,64,0,2,230.064,400,0,0,0,4,"=","=","=","=","=","=","","","",2,R,"si_ho",176.1,88.027,0.348,3,36,W,Y,1,2806.269,255,154,112,92,65,145,86,-38.713,-16.635,-0.05,0.426,-20.553,-0.78,0,0.572,102.021,-200.456,-123.865,2803.111,0.087,-21.011,2805.871,,10.037,0.312,-55.662,0,16,,2811.674,,,,,,,,,,,,,2811.623,4,,147,4,,,,,,,,,,,,,,,,,,,-0.14,-37.786,-0.016,-17.111,-20.146,-44.254,-16.186,-63.353,16.13,-46.894,8.112,-62.347,40.907,-90.657,0,-109.85,-40.807,-90.557,0.162,-37.363,,"소솨소솨",-0.106,-17.31,,"Sabo_10",-20.15,-44.422,87,"SUGUN",-16.16,-63.119,,"Pugeuk",16.261,-46.67,,"CoalCat",8.111,-62.192,102,"AI",40.9,-90.65,,"AI",0,-109.84,,"AI",-40.8,-90.55,,2814.463,-0.841,-38.726,,,,2811.064,-18.184,-40.352,,,,,,,2808.887,10.06,-55.139,,,,,,,,,,,,,,,,2813.464,-17.305,-40.173,,,,,,,2809.683,6.434,-53.183,,,,,,,,,,"",2,0,0,0,-2,0,"Mini_ByeolBam",,,,52,""
116,,6,0,0,4,0,0,2,0,0,0,255,255,255,62,2830.617,"눈꽃",R,3,60,105,-0.395,0.28,0.37,1.926,0.573,1.864,-36.64,17.246,55,45,0,2,-383.062,52.028,0,0,0,5,"=","=","=","=","=","=","","","",0,L,"Pring__",190,93.125,0.481,0,39,W,Y,1,2831.673,168,110,75,119,56,145,107,111.269,38.389,-0.086,1.108,-20.229,-0.25,0,0.333,315.243,81.746,470.694,,,,,,,,,0,0,,,,,,,,,,,,,,,,,,,,,,,,,,,,,,,,,,,,,,0.065,-37.703,-0.028,-17.1,-20.357,-46.589,-12.21,-64.987,19.669,-46.957,10.71,-59.42,40.922,-90.671,0,-109.86,-40.822,-90.571,-0.292,-37.444,,"소솨소솨",-0.059,-17.17,,"Sabo_10",-20.221,-46.19,,"SUGUN",-12.183,-64.893,,"Pugeuk",19.625,-46.948,,"CoalCat",10.743,-59.318,,"AI",40.9,-90.65,,"AI",0,-109.84,,"AI",-40.8,-90.55,,,,,,,,,,,,,,,,,,,,,,,,,,,,,,,,,,,,,,,,,,,,,,,,,,,,,,,,"",3,0,0,0,-2,0,"",,,,0,""
117,,6,0,0,4,0,1,2,0,0,0,255,255,255,63,2848.019,"눈꽃",R,10,67,110,-0.584,-0.225,0.164,1.945,-0.341,1.991,-36.64,17.852,51,49,0,2,44.096,400,0,0,0,5,"=","=","=","=","=","=","","","",0,L,"Pring__",190,93.125,0.481,5,39,W,Y,1,2848.999,207,149,98,116,95,145,131,33.209,36.743,-0.096,1.06,-21.358,0.63,0,0.518,587.071,-115.162,-45.666,2852.217,-72.179,-119.241,,,,,,0,0,,2855.028,2859.672,2865.261,2870.309,,,,,,,,,,,,,,,,,,,,,,,,,,,,,,,,,-0.072,-37.833,-0.036,-17.168,-21.54,-46.794,-11.722,-65.272,19.517,-46.07,11.766,-62.159,40.915,-90.664,0,-109.86,-40.815,-90.564,0.192,-37.516,,"소솨소솨",-0.069,-17.268,,"Sabo_10",-21.45,-46.708,,"SUGUN",-11.709,-65.235,,"Pugeuk",19.51,-45.915,,"CoalCat",11.787,-62.001,,"AI",40.9,-90.65,,"AI",0,-109.84,,"AI",-40.8,-90.55,,,,,,,,,,,,,,,,,,,,,,,,,,,,,,,,,,,,,,,,,,,,,,,,,,,,,,,,"",4,37.531,-179.503,30.88,0,0,"",2859.672,2865.261,,0,""
118,,6,0,0,5,0,0,2,0,0,0,255,255,255,64,2890.569,"눈꽃",R,28,90,140,1.165,0.832,0.364,2.155,0.423,2.034,-36.64,30.552,84,16,0,2,53.719,-92.133,0,0,0,0,"=","=","=","=","=","=","","","",1,R,"うよすま",190,85.375,0.502,5,46,W,Y,1,2891.511,255,134,164,129,13,145,131,105.453,-64.884,0.215,1.331,-20.33,0.49,0,0.564,1.725,36.351,598.895,,,,,,,,,0,0,,,,,,,,,,,,,,,,,,,,,,,,,,,,,,,,,,,,,,0.089,-37.838,-0.049,-17.113,-20.711,-45.996,-14.75,-63.239,18.19,-46.872,11.521,-62.213,40.922,-90.67,0,-109.86,-40.822,-90.57,0.036,-37.449,,"소솨소솨",-0.05,-17.112,,"Sabo_10",-20.573,-45.841,,"SUGUN",-15.933,-64.66,,"Pugeuk",18.118,-46.888,,"CoalCat",11.539,-62.093,,"AI",40.9,-90.65,,"AI",0,-109.84,,"AI",-40.8,-90.55,,,,,,,,,,,,,,,,,,,,,,,,,,,,,,,,,,,,,,,,,,,,,,,,,,,,,,,,"",3,-64.556,180,-26.356,0,0,"",,,,0,""
119,,6,0,0,5,0,1,2,0,0,0,255,255,255,65,2908.218,"눈꽃",R,27,85,138,2.28,0.758,0.303,1.927,0.953,1.953,-36.64,18.486,55,45,0,2,22.479,-139.751,0,0,0,0,"=","=","=","=","=","=","","","",1,R,"うよすま",190,85.375,0.502,5,46,W,Y,1,2909.196,255,117,166,107,46,145,117,102.378,-80.268,0.42,1.325,-20.532,0.14,0,0.508,56.782,71.775,588.997,,,,,,,,,0,0,,,,,,,,,,,,,,,,,,,,,,,,,,,,,,,,,,,,,,0.043,-37.813,-0.022,-17.125,-21.714,-45.894,-14.421,-64.071,16.728,-46.336,10.631,-62.635,40.915,-90.664,0,-109.86,-40.815,-90.564,0.209,-37.309,,"소솨소솨",-0.047,-17.173,,"Sabo_10",-21.203,-45.541,,"SUGUN",-15.226,-65.259,,"Pugeuk",16.644,-46.328,,"CoalCat",10.753,-62.485,,"AI",40.9,-90.65,,"AI",0,-109.84,,"AI",-40.8,-90.55,,,,,,,,,,,,,,,,,,,,,,,,,,,,,,,,,,,,,,,,,,,,,,,,,,,,,,,,"",3,-80.767,-180,-23.944,0,0,"",,,,0,""
120,,6,0,0,5,0,2,2,0,0,0,255,255,255,66,2928.495,"눈꽃",R,27,89,140,1.183,0.773,0.17,1.948,0.439,1.958,-36.64,19.395,55,45,0,2,51.984,-147.152,0,0,0,0,"=","=","=","=","=","=","","","",1,R,"うよすま",190,85.375,0.502,5,46,W,Y,1,2929.449,194,92,161,62,5,145,101,49.63,4.088,0.171,1.321,-19.99,-0.41,0,0.49,463.333,378.398,46.238,2932.538,-12.317,-89.846,2933.684,,-12.524,1.273,-89.885,0,0,,2936.13,,,,,,,,,,,,,2935.952,0,,456,0,,,,,,,,,,,,,,,,,,,-0.039,-37.825,-0.008,-17.071,-22.102,-47.74,-13.841,-64.55,16.744,-46.955,9.922,-62.614,40.915,-90.664,0,-109.86,-40.815,-90.564,-0.052,-37.291,,"소솨소솨",-0.047,-17.087,,"Sabo_10",-21.514,-46.763,,"SUGUN",-13.68,-64.523,,"Pugeuk",16.634,-46.838,,"CoalCat",9.973,-62.519,,"AI",40.9,-90.65,,"AI",0,-109.84,,"AI",-40.8,-90.55,,,,,,,,,,,2936.084,-12.171,-90.075,,,,,,,,,,,,,,,,,,,,,,,,,,,,,,,,,,,,,,,,,,,"",1,3.728,180,-2.747,0,0,"Mini_ByeolBam",,,,8,""
121,SIDE,6,0,0,5,0,0,2,0,0,0,255,255,255,,2938.342,,,,,,,,,,,,,,,,,,,,,,,1,"=","=","=","=","=","=","","","",,,,,,,,,,,,,,,,,,,,,,,,,,,,,,,,,,,,,,,0,0,,,,,,,,,,,,,,,,,,,,,,,,,,,,,,,,,,,,,,,,,,,,,,,,,,,,,,,,,,,,,,,,,,,,,,,,,,,,,,,,,,,,,,,,,,,,,,,,,,,,,,,,,,,,,,,,,,,,,,,,,,,,,,,,,,,,,,,,,,,,,,,,,"",0,,,,,0,"",,,,0,""
122,,7,1,0,5,0,0,0,0,0,0,255,255,255,42,2973.128,"Pring__",R,13,75,102,0.37,-0.491,0.56,1.449,0.808,1.796,-36.241,48.702,7,93,0,0,-339.687,340.299,-16.687,0,0,0,"소솨소솨","Pugeuk","CoalCat","SUGUN","Sabo_10","눈꽃","","","",0,R,"소솨소솨",190,80,0.501,,39,W,Y,1,,,,,,,,,,,,,,,,,,,,,,,,,,,,0,0,,,,,,,,,,,,,,,,,,,,,,,,,,,,,,,,,,,,,,0.039,-37.002,-0.051,-16.862,-20.583,-47.107,-15.599,-62.525,20.798,-48.146,9.98,-61.523,40.937,-90.684,0,-109.87,-40.837,-90.584,,,,"",,,,"",,,,"",,,,"",,,,"",,,,"",,,,"",,,,"",,,,,,,,,,,,,,,,,,,,,,,,,,,,,,,,,,,,,,,,,,,,,,,,,,,,,,,,,,"",0,,,,,0,"",,,,0,""
123,,7,1,0,5,0,1,0,0,0,0,255,255,255,43,2989.396,"Pring__",R,3,81,106,-1.49,-0.485,0.365,1.316,0.202,1.509,-36.241,34.735,0,100,0,2,-464.048,134.538,-0.004,0,0,0,"=","=","=","=","=","=","","","",0,R,"소솨소솨",190,80,0.501,3,39,W,Y,1,2990.636,255,219,42,86,73,131,78,-22.855,55.037,-0.201,0.914,-21.388,1,0,0.648,-7.076,146.732,-581.739,2987.337,-2.97,-23.315,,,,,,0,0,,,,,,,,,,,,,,,,,,,,,,,,,,,,,,,,,,,,,,-0.053,-36.926,0.016,-16.816,-20.584,-47.11,-15.57,-62.908,20.752,-48.475,10.031,-63.82,40.915,-90.664,0,-109.85,-40.815,-90.564,0.057,-37.106,,"うよすま",-0.012,-16.825,,"si_ho",-20.599,-47.131,,"ByeolBam",-15.534,-63.035,,"わだ、、",20.415,-48.018,,"YukihiroD",10.015,-63.82,,"AI",40.9,-90.65,,"AI",0,-109.84,,"AI",-40.8,-90.55,,,,,,,,,,,,,,,,,,,,,,,,,,,,,,,,,,,,,,,,,,,,,,,,,,,,,,,,"",3,0,0,0,-2,0,"",,,,0,""
124,,7,1,0,5,0,2,0,0,0,0,255,255,255,44,3007.865,"Pring__",R,32,84,137,-0.777,0.481,0.155,1.415,-0.677,1.754,-36.241,27.301,22,78,0,0,250,-200,9.448,0,0,0,"=","=","=","=","=","=","","","",0,R,"소솨소솨",190,80,0.501,,39,W,Y,1,,,,,,,,,,,,,,,,,,,,,,,,,,,,0,0,,,,,,,,,,,,,,,3010.591,0,,578,0,,,,,,,,,,,,,,,,,,,-0.112,-37.046,-0.024,-16.752,-20.375,-47.091,-15.173,-63.747,21.032,-48.905,9.614,-63.551,40.915,-90.664,0,-109.85,-40.815,-90.564,,,,"",,,,"",,,,"",,,,"",,,,"",,,,"",,,,"",,,,"",,,,,,,,,,,,,,,,,,,,,,,,,,,,,,,,,,,,,,,,,,,,,,,,,,,,,,,,,,"",0,,,,,0,"",,,,0,""
125,,7,1,0,5,0,0,1,0,0,0,255,255,255,45,3029.287,"Pring__",R,3,80,106,-2.21,0.346,0.261,1.475,-0.122,1.852,-36.241,35.82,0,100,0,1,-457.767,0,-0.98,0,0,1,"=","=","=","=","=","=","","","",4,R,"Pugeuk",190,85.842,0.349,,39,W,Y,0,,,,,,,,,,,,,,,,,,,,,,,,,,,,0,0,,,,,,,,,,,,,,,,,,,,,,,,,,,,,,,,,,,,,,-0.16,-36.99,-0.282,-16.77,-20.484,-46.994,-15.383,-63.628,21.09,-49.664,9.386,-63.192,40.915,-90.664,0,-109.86,-40.815,-90.564,,,,"",,,,"",,,,"",,,,"",,,,"",,,,"",,,,"",,,,"",,,,,,,,,,,,,,,,,,,,,,,,,,,,,,,,,,,,,,,,,,,,,,,,,,,,,,,,,,"",0,,,,,0,"",,,,0,""
126,,7,1,0,5,1,0,1,0,0,0,255,255,255,46,3044.469,"Pring__",R,3,76,114,-1.253,0.086,0.362,1.392,0.287,1.681,-36.241,39.62,10,90,0,2,-500,0,4.898,0,0,1,"=","=","=","=","=","=","","","",4,R,"Pugeuk",190,85.842,0.349,3,39,W,Y,1,3045.677,255,99,196,103,36,145,118,-0.104,22.003,-0.163,1.106,-21.339,0.12,0,0.828,156.587,-130.52,69.543,3042.871,-8.585,-42.531,3044.244,,-16.673,0.271,-62.251,0,0,,,,,,,,,,,,,,,3049.88,1,,147,4,,,,,,,,,,,,,,,,,,,-0.101,-36.941,-0.183,-16.687,-20.569,-46.96,-15.812,-63.248,21.128,-49.639,9.382,-63.163,40.907,-90.657,0,-109.85,-40.807,-90.557,-0.177,-36.758,,"うよすま",-0.228,-16.692,,"si_ho",-20.512,-46.995,74,"ByeolBam",-15.819,-63.253,104,"わだ、、",20.418,-49.333,,"YukihiroD",9.319,-63.172,,"AI",40.9,-90.65,,"AI",0,-109.84,,"AI",-40.8,-90.55,,3052.321,-1.018,-38.251,,,,3049.296,-18.98,-40.638,3047.485,-16.82,-62.206,,,,,,,,,,,,,,,,,,,,,,3051.221,-18.19,-39.995,3048.352,-16.394,-57.951,,,,,,,,,,,,,,,,"",2,0,0,0,-2,0,"Mini_ByeolBam",,,,52,""
127,,7,1,0,5,0,0,2,0,0,0,255,255,255,47,3068.406,"Pring__",R,32,82,134,-1.064,-0.782,0.127,1.395,-0.804,0.97,-36.241,21.218,4,96,0,2,250,-200,24.517,0,0,2,"=","=","=","=","=","=","","","",5,R,"CoalCat",169.5,83,0.397,5,39,W,Y,1,3069.756,250,149,88,64,48,145,127,90.233,79.991,-0.195,0.725,-21.227,0.65,0,0.509,313.161,294.974,414.933,3074.737,-9.183,-12.927,3075.644,,-8.854,1.679,-13.419,0,0,,,,,,,,,,,,,,,3078.489,2,,450,0,,,,,,,,,,,,,,,,,,,-0.144,-36.9,-0.044,-16.755,-20.125,-47.192,-15.437,-63.269,20.933,-47.857,10.139,-63.152,40.915,-90.664,0,-109.86,-40.815,-90.564,-0.148,-36.906,,"うよすま",-0.095,-16.728,,"si_ho",-20.465,-47.007,,"ByeolBam",-15.888,-62.906,,"わだ、、",19.98,-48.066,,"YukihiroD",9.729,-63.208,,"AI",40.9,-90.65,,"AI",0,-109.84,,"AI",-40.8,-90.55,,,,,3078.498,-9.189,-12.893,,,,,,,,,,,,,,,,,,,,,,,,,,,,,,,,,,,,,,,,,,,,,,,,,"",1,-99.728,169.001,-5.824,0,0,"Mini_ByeolBam",,,,1,""
128,SIDE,7,1,0,5,0,0,2,0,0,0,255,255,255,,3079.819,,,,,,,,,,,,,,,,,,,,,,,3,"=","=","=","=","=","=","","","",,,,,,,,,,,,,,,,,,,,,,,,,,,,,,,,,,,,,,,0,0,,,,,,,,,,,,,,,,,,,,,,,,,,,,,,,,,,,,,,,,,,,,,,,,,,,,,,,,,,,,,,,,,,,,,,,,,,,,,,,,,,,,,,,,,,,,,,,,,,,,,,,,,,,,,,,,,,,,,,,,,,,,,,,,,,,,,,,,,,,,,,,,,"",0,,,,,0,"",,,,0,""
129,,7,0,0,5,0,0,0,0,0,0,255,255,255,67,3144.111,"소솨소솨",R,34,89,140,-0.633,-0.807,0.114,1.463,-0.401,1.031,-36.539,7.309,45,55,0,0,90.859,-85.598,0,0,0,1,"うよすま","わだ、、","ByeolBam","YukihiroD","si_ho","Pring__","","","",4,L,"わだ、、",190,85,0.497,,39,W,Y,0,,,,,,,,,,,,,,,,,,,,,,,,,,,,0,0,,,,,,,,,,,,,,,,,,,,,,,,,,,,,,,,,,,,,,0.002,-37.206,-0.049,-17.734,-21.322,-47.262,-15.984,-63.128,20.894,-45.822,12.943,-63.045,40.922,-90.67,0,-109.87,-40.822,-90.57,,,,"",,,,"",,,,"",,,,"",,,,"",,,,"",,,,"",,,,"",,,,,,,,,,,,,,,,,,,,,,,,,,,,,,,,,,,,,,,,,,,,,,,,,,,,,,,,,,"",0,,,,,0,"",,,,0,""
130,,7,0,0,5,0,1,0,0,0,0,255,255,255,68,3157.12,"소솨소솨",R,34,88,140,-1.496,-1.147,0.032,1.398,-0.78,0.821,-36.539,13.548,44,56,0,2,94.491,-82.614,0,0,0,1,"=","=","=","=","=","=","","","",4,L,"わだ、、",190,85,0.497,3,39,W,Y,1,3158.213,255,52,175,114,43,145,116,27.091,-43.065,-0.242,0.599,-20.44,0.16,0,0.383,132.964,-529.856,-153.516,3159.271,78.572,-85.01,,,,,,0,0,,,,,,,,,,,,,,,,,,,,,,,,,,,,,,,,,,,,,,0.001,-37.234,-0.042,-17.693,-21.649,-48.207,-12.192,-65.061,19.712,-46.572,12.911,-63.032,40.915,-90.664,0,-109.85,-40.815,-90.564,-0.092,-37.516,,"눈꽃",-0.076,-17.72,,"Sabo_10",-21.316,-47.598,,"SUGUN",-11.875,-65.265,,"Pugeuk",19.842,-46.391,,"CoalCat",12.967,-62.916,,"AI",40.9,-90.65,,"AI",0,-109.84,,"AI",-40.8,-90.55,,,,,,,,,,,,,,,,,,,,,,,,,,,,,,,,,,,,,,,,,,,,,,,,,,,,,,,,"",3,0,0,0,-2,0,"",,,,0,""
131,,7,0,0,5,0,2,0,0,0,0,255,255,255,69,3176.905,"소솨소솨",R,11,54,91,1.113,0.572,0.353,1.996,0.474,2.389,-36.539,36.162,100,0,0,2,0,245.642,0,0,0,1,"=","=","=","=","=","=","","","",4,L,"わだ、、",190,85,0.497,5,39,W,Y,1,3178.277,255,200,191,97,57,145,105,32.722,68.127,0.207,1.248,-20.48,0.95,0,0.629,-139.25,195.212,-522.437,,,,,,,,,0,0,,,,,,,,,,,,,,,,,,,,,,,,,,,,,,,,,,,,,,-0.002,-37.461,-0.035,-17.699,-22.249,-48.614,-11.547,-65.468,15.251,-41.037,12.925,-62.73,40.915,-90.664,0,-109.85,-40.815,-90.564,0.108,-37.696,,"눈꽃",-0.046,-17.67,,"Sabo_10",-21.505,-48.056,,"SUGUN",-10.357,-67.093,,"Pugeuk",15.195,-41.348,,"CoalCat",12.909,-62.561,,"AI",40.9,-90.65,,"AI",0,-109.84,,"AI",-40.8,-90.55,,,,,,,,,,,,,,,,,,,,,,,,,,,,,,,,,,,,,,,,,,,,,,,,,,,,,,,,"",3,68.651,-180,31.916,0,0,"",,,,0,""
132,,7,0,0,5,0,2,0,0,0,0,255,255,255,70,3193.571,"소솨소솨",R,0,59,114,1.37,-0.336,0.326,1.578,0.587,1.404,-36.539,12.984,56,44,0,2,0,0,0,0,0,1,"=","=","=","=","=","=","","","",4,L,"わだ、、",190,85,0.497,5,39,W,Y,1,3194.793,201,72,112,10,25,138,131,-25.292,-62.445,0.249,0.821,-19.573,0.37,0,0.442,-13.765,-59.435,19.311,3191.191,1.672,-20.315,,,,,,0,0,,,,,,,,,,,,,,,,,,,,,,,,,,,,,,,,,,,,,,0.087,-37.411,-0.037,-17.718,-21.247,-48.733,-12.216,-65.3,15.765,-42.378,12.332,-62.712,40.915,-90.664,0,-109.85,-40.815,-90.564,0.028,-37.897,,"눈꽃",-0.052,-17.727,,"Sabo_10",-21.061,-47.509,,"SUGUN",-12.308,-65.131,,"Pugeuk",15.706,-42.299,,"CoalCat",12.419,-62.566,,"AI",40.9,-90.65,,"AI",0,-109.84,,"AI",-40.8,-90.55,,,,,,,,,,,,,,,,,,,,,,,,,,,,,,,,,,,,,,,,,,,,,,,,,,,,,,,,"",3,-62.185,-67.075,-18.817,0,0,"",,,,0,""
133,,7,0,0,5,0,2,0,0,0,0,255,255,255,71,3209.078,"소솨소솨",R,33,82,133,0.806,1.472,0.232,1.906,0.148,2.466,-36.539,29.361,80,20,0,2,136.171,-69.643,0,0,0,1,"=","=","=","=","=","=","","","",4,L,"わだ、、",190,85,0.497,5,39,W,Y,1,3210.213,244,107,124,67,18,145,131,19.18,-40.981,0.156,1.559,-19.972,0.47,0,0.529,-200.661,-12.437,503.215,3211.364,75.973,-109.455,,,,,,0,0,,3215.761,3220.369,3225.539,3230.631,,,,,,,,,,,,,,,,,,,,,,,,,,,,,,,,,-0.131,-37.363,-0.036,-17.677,-20.663,-47.22,-12.675,-65.072,16.65,-42.238,13.552,-62.248,40.915,-90.664,0,-109.85,-40.815,-90.564,0.132,-37.751,,"눈꽃",-0.058,-17.674,,"Sabo_10",-21.249,-47.724,,"SUGUN",-12.361,-66.149,,"Pugeuk",16.486,-42.055,,"CoalCat",13.598,-62.081,,"AI",40.9,-90.65,,"AI",0,-109.84,,"AI",-40.8,-90.55,,,,,,,,,,,,,,,,,,,,,,,,,,,,,,,,,,,,,,,,,,,,,,,,,,,,,,,,"",4,-42.099,-27.604,-16.233,0.052,0,"",3220.369,3225.539,,0,""
134,,7,0,0,6,0,0,0,0,0,0,255,255,255,72,3248.049,"소솨소솨",R,28,83,135,1.809,1.179,0.347,1.814,0.682,2.211,-36.539,21.476,90,10,0,2,68.106,-73.568,0,0,0,2,"=","=","=","=","=","=","","","",3,R,"ByeolBam",175.3,88,0.5,3,39,W,Y,0,3249.021,231,85,97,55,31,145,82,61.144,46.442,0.318,1.334,-20.134,-1,0,0.381,545.045,240.41,-69.63,3250.897,-40.016,-51.426,3251.511,,-38.952,2.033,-50.818,0,0,,,,,,,,,,,,,,,3254.716,2,,451,0,,,,,,,,,,,,,,,,,,,0.05,-37.456,-0.076,-17.759,-22.015,-47.28,-13.433,-63.508,16.655,-45.237,9.616,-63.478,40.915,-90.664,0,-109.86,-40.815,-90.564,0.368,-37.567,,"눈꽃",-0.092,-17.751,,"Sabo_10",-21.858,-47.084,116,"SUGUN",-13.499,-63.311,,"Pugeuk",15.829,-45.305,,"CoalCat",9.427,-63.277,,"AI",40.9,-90.65,,"AI",0,-109.84,,"AI",-40.8,-90.55,,3258.398,-0.764,-38.679,,,,3254.724,-38.84,-50.854,,,,,,,,,,,,,,,,,,,,,,,,,3257.01,-32.937,-49.239,,,,,,,,,,,,,,,,,,,"",1,0,0,0,-2,0,"Mini_ByeolBam",,,,17,""
135,,7,0,0,6,0,0,1,0,0,0,255,255,255,73,3273.012,"소솨소솨",R,27,86,140,0.158,0.621,0.184,1.711,-0.073,1.853,-36.539,5.64,42,58,0,0,101.389,-113.594,0,0,0,3,"=","=","=","=","=","=","","","",5,R,"YukihiroD",174.3,80,0.398,,39,W,Y,0,,,,,,,,,,,,,,,,,,,,,,,,,,,,0,0,,,,,,,,,,,,,,,,,,,,,,,,,,,,,,,,,,,,,,0.045,-37.362,-0.045,-17.709,-21.558,-47.373,-13.957,-62.398,15.245,-47.926,9.212,-63.907,40.922,-90.67,0,-109.86,-40.822,-90.571,,,,"",,,,"",,,,"",,,,"",,,,"",,,,"",,,,"",,,,"",,,,3276.834,-0.346,-37.562,,,,,,,,,,,,,,,,,,,,,,,,,,,,,,,,,,,,,,,,,,,,,,,,,,,,"",0,,,,,0,"",,,,0,""
136,,7,0,0,6,0,1,1,0,0,0,255,255,255,74,3285.378,"소솨소솨",R,33,88,140,1.473,0.943,0.301,1.765,0.471,2.042,-36.539,16.372,51,49,0,2,119.747,-108.275,0,0,0,3,"=","=","=","=","=","=","","","",5,R,"YukihiroD",174.3,80,0.398,5,39,W,Y,1,3286.478,167,82,89,71,0,145,93,104.467,15.761,0.274,1.229,-20.224,-0.52,0,0.553,531.466,122.666,-159.895,,,,,,,,,0,0,,,,,,,,,,,,,,,,,,,,,,,,,,,,,,,,,,,,,,0.014,-37.349,-0.04,-17.722,-21.663,-47.004,-15.34,-63.581,16.368,-47.015,9.221,-63.921,40.907,-90.657,0,-109.85,-40.807,-90.557,0.301,-37.531,,"눈꽃",-0.053,-17.716,,"Sabo_10",-21.513,-46.903,,"SUGUN",-15.809,-64.301,,"Pugeuk",16.246,-47.188,,"CoalCat",9.154,-63.802,,"AI",40.9,-90.65,,"AI",0,-109.84,,"AI",-40.8,-90.55,,,,,,,,,,,,,,,,,,,,,,,,,,,,,,,,,,,,,,,,,,,,,,,,,,,,,,,,"",3,15.456,180,1.737,0,0,"",,,,0,""
137,,7,0,0,6,0,2,1,0,0,0,255,255,255,75,3301.458,"소솨소솨",R,28,85,138,1.581,1.19,0.324,1.813,0.574,2.211,-36.539,18.173,87,13,0,2,76.135,-78.747,0,0,0,3,"=","=","=","=","=","=","","","",5,R,"YukihiroD",174.3,80,0.398,5,39,W,Y,1,3302.568,110,72,69,16,1,120,80,0,-86.576,0.294,1.295,-19.98,-0.36,0,0.442,-77.37,71.442,195.273,3299.604,17.328,-21.049,,,,,,0,0,,,,,,,,,,,,,,,,,,,,,,,,,,,,,,,,,,,,,,0.066,-37.447,-0.048,-17.943,-21.421,-47.116,-15.008,-63.808,16.756,-45.045,10.876,-62.724,40.907,-90.657,0,-109.85,-40.807,-90.557,0.359,-37.622,,"눈꽃",-0.066,-17.937,,"Sabo_10",-21.311,-46.931,,"SUGUN",-14.916,-63.654,,"Pugeuk",16.298,-44.978,,"CoalCat",10.901,-62.616,,"AI",40.9,-90.65,,"AI",0,-109.84,,"AI",-40.8,-90.55,,,,,,,,,,,,,,,,,,,,,,,,,,,,,,,,,,,,,,,,,,,,,,,,,,,,,,,,"",3,93.26,144.478,8.258,0,0,"",,,,0,""
138,,7,0,0,6,0,2,1,0,0,0,255,255,255,76,3322.981,"소솨소솨",R,34,85,137,1.232,1.054,0.29,1.792,0.416,2.136,-36.539,17.343,43,57,0,2,80.661,-73.122,0,0,0,3,"=","=","=","=","=","=","","","",5,R,"YukihiroD",174.3,80,0.398,5,39,W,Y,1,3324.125,143,78,77,25,0,136,93,30.005,62.397,0.229,1.256,-20.086,-0.25,0,0.615,368.944,62.175,-358.701,3325.404,-69.295,-54.603,,,,,,0,0,,,,,,,,,,,,,,,,,,,,,,,,,,,,,,,,,,,,,,0.016,-37.331,-0.043,-17.93,-22.194,-47.758,-15.047,-63.756,15.921,-45.257,10.877,-62.738,40.922,-90.67,0,-109.86,-40.822,-90.57,0.232,-37.548,,"눈꽃",-0.062,-17.93,,"Sabo_10",-21.845,-47.177,,"SUGUN",-15.654,-64.575,,"Pugeuk",15.673,-45.244,,"CoalCat",10.905,-62.584,,"AI",40.9,-90.65,,"AI",0,-109.84,,"AI",-40.8,-90.55,,,,,,,,,,,,,,,,,,,,,,,,,,,,,,,,,,,,,,,,,,,,,,,,,,,,,,,,"",3,62.329,179.951,12.619,0,0,"",,,,0,""
139,,7,0,0,6,0,2,1,0,0,0,255,255,255,77,3340.49,"소솨소솨",R,27,84,137,4.53,-1.005,0.262,1.78,0.287,2.096,-36.539,13.087,45,55,0,2,106.539,-109.252,0,0,0,3,"=","=","=","=","=","=","","","",5,R,"YukihiroD",174.3,80,0.398,5,39,W,Y,1,3341.614,196,101,81,33,0,138,95,-31.407,-56.45,0.132,1.323,-20.31,-0.21,0,0.455,-466.231,-262.587,103.471,3337.897,1.832,-21.428,,,,,,0,0,,,,,,,,,,,,,,,,,,,,,,,,,,,,,,,,,,,,,,0.033,-37.419,-0.045,-17.944,-22.81,-47.758,-14.942,-63.915,16.246,-45.288,11.749,-63.115,40.915,-90.664,0,-109.85,-40.815,-90.564,0.204,-37.647,,"눈꽃",-0.068,-17.947,,"Sabo_10",-23.136,-48.013,,"SUGUN",-14.973,-63.812,,"Pugeuk",16.139,-45.229,,"CoalCat",11.798,-62.95,,"AI",40.9,-90.65,,"AI",0,-109.84,,"AI",-40.8,-90.55,,,,,,,,,,,,,,,,,,,,,,,,,,,,,,,,,,,,,,,,,,,,,,,,,,,,,,,,"",3,-56.536,155.165,-6.118,0,0,"",,,,0,""
140,,7,0,0,6,0,2,1,0,0,0,255,255,255,78,3357.659,"소솨소솨",R,34,88,140,-0.343,-0.006,0.139,1.617,-0.282,1.518,-36.539,3.572,42,58,0,2,94.525,-85.894,0,0,0,3,"=","=","=","=","=","=","","","",5,R,"YukihiroD",174.3,80,0.398,5,39,W,Y,1,3358.743,183,86,57,0,0,82,88,0,25.393,-0.065,0.925,-20.265,0.14,0,0.506,-109.643,-1.491,27.813,3355.578,-6.244,-33.285,3357.644,,-18.738,0.626,-60.964,0,8,,3364.203,,,,,,,,,,,,,3363.519,3,,147,8,,,,,,,,,,,,,,,,,,,0.028,-37.43,-0.045,-17.936,-22.071,-47.658,-14.236,-64.518,16.01,-44.712,11.256,-63.194,40.915,-90.664,0,-109.86,-40.815,-90.564,0.046,-37.71,,"눈꽃",-0.077,-17.939,,"Sabo_10",-21.631,-47.487,91,"SUGUN",-14.423,-64.554,88,"Pugeuk",16.096,-44.487,,"CoalCat",11.276,-63.06,,"AI",40.9,-90.65,,"AI",0,-109.84,,"AI",-40.8,-90.55,,3366.022,-0.543,-38.178,,,,3362.928,-19.52,-40.954,3361.166,-18.524,-60.071,,,,,,,,,,,,,,,,,,,,,,3365.131,-17.184,-39.535,3361.981,-18.387,-55.865,,,,,,,,,,,,,,,,"",2,25.819,34.863,8.97,0,0,"Mini_ByeolBam",,,,25,""
141,,7,0,0,6,0,0,2,0,0,0,255,255,255,79,3378.439,"소솨소솨",R,28,90,140,-0.648,-0.919,0.127,1.471,-0.341,1.011,-36.539,12.26,40,60,0,0,40.759,-62.372,0,0,0,4,"=","=","=","=","=","=","","","",2,R,"si_ho",176.1,88.027,0.348,,39,W,Y,0,,,,,,,,,,,,,,,,,,,,,,,,,,,,0,0,,,,,,,,,,,,,,,,,,,,,,,,,,,,,,,,,,,,,,0.077,-37.298,-0.042,-17.937,-21.012,-46.276,-17.2,-62.243,15.678,-45.581,7.383,-61.826,40.908,-90.657,0,-109.85,-40.808,-90.557,,,,"",,,,"",,,,"",,,,"",,,,"",,,,"",,,,"",,,,"",,,,3382.393,-0.332,-37.751,,,,,,,,,,,,,,,,,,,,,,,,,,,,,,,,,,,,,,,,,,,,,,,,,,,,"",0,,,,,0,"",,,,0,""
142,,7,0,0,6,0,1,2,0,0,0,255,255,255,80,3390.355,"소솨소솨",R,27,93,140,0.97,0.426,0.255,1.678,0.255,1.735,-36.539,6.922,55,45,0,2,118.954,-124.248,0,0,0,4,"=","=","=","=","=","=","","","",2,R,"si_ho",176.1,88.027,0.348,3,39,W,Y,1,3391.518,255,136,54,87,27,137,79,26.028,19.205,0.181,1.052,-19.837,-0.92,0,0.862,180.13,-292.868,55.37,,,,3392.631,,-16.68,2.884,-76.327,0,0,,3397.302,,,,,,,,,,,,,3395.767,4,,452,0,,,,,,,,,,,,,,,,,,,0.088,-37.416,-0.043,-17.937,-21.791,-47.259,-16.621,-62.37,15.128,-45.628,7.417,-61.919,40.908,-90.657,0,-109.85,-40.808,-90.557,0.016,-37.633,,"눈꽃",-0.058,-17.936,,"Sabo_10",-21.738,-47.051,,"SUGUN",-17.691,-63.754,101,"Pugeuk",15.139,-45.569,,"CoalCat",7.505,-61.736,,"AI",40.9,-90.65,,"AI",0,-109.84,,"AI",-40.8,-90.55,,,,,,,,,,,3395.775,-16.513,-76.376,,,,,,,,,,,,,,,,,,,,,,,,,3397.542,-14.065,-70.929,,,,,,,,,,,,,,,,"",1,0,0,0,-2,0,"Mini_ByeolBam",,,,8,""
143,SIDE,7,0,0,6,0,0,2,0,0,0,255,255,255,,3398.92,,,,,,,,,,,,,,,,,,,,,,,5,"=","=","=","=","=","=","","","",,,,,,,,,,,,,,,,,,,,,,,,,,,,,,,,,,,,,,,0,0,,,,,,,,,,,,,,,,,,,,,,,,,,,,,,,,,,,,,,,,,,,,,,,,,,,,,,,,,,,,,,,,,,,,,,,,,,,,,,,,,,,,,,,,,,,,,,,,,,,,,,,,,,,,,,,,,,,,,,,,,,,,,,,,,,,,,,,,,,,,,,,,,"",0,,,,,0,"",,,,0,""
144,,8,1,0,6,0,0,0,0,0,0,255,255,255,48,3431.031,"Pring__",R,32,79,129,-0.238,0.509,0.209,1.439,-0.425,1.849,-36.241,26.02,4,96,0,0,218.976,-56.978,11.528,0,0,3,"소솨소솨","Pugeuk","CoalCat","SUGUN","Sabo_10","눈꽃","","","",3,R,"SUGUN",174.8,82,0.5,,39,W,Y,0,,,,,,,,,,,,,,,,,,,,,,,,,,,,0,0,,,,,,,,,,,,,,,,,,,,,,,,,,,,,,,,,,,,,,-0.097,-37.011,-0.042,-17.1,-20.626,-47.4,-15.169,-63.565,20.139,-48.423,14.485,-63.01,40.937,-90.684,0,-109.88,-40.837,-90.584,,,,"",,,,"",,,,"",,,,"",,,,"",,,,"",,,,"",,,,"",,,,,,,,,,,,,,,,,,,,,,,,,,,,,,,,,,,,,,,,,,,,,,,,,,,,,,,,,,"",0,,,,,0,"",,,,0,""
145,,8,1,0,6,0,1,0,0,0,0,255,255,255,49,3448.292,"Pring__",R,32,91,140,-0.806,-1.056,0.141,1.39,-0.741,0.974,-36.241,23.875,24,76,0,2,250,-200,29.135,0,0,3,"=","=","=","=","=","=","","","",3,R,"SUGUN",174.8,82,0.5,0,39,W,Y,1,3449.278,255,69,72,39,0,138,131,27.719,14.73,-0.179,0.679,-20.319,0.63,0,0.347,341.279,127.744,24.298,3450.964,-34.803,-136.158,,,,,,0,0,,3454.563,3459.18,3464.025,3468.889,,,,,,,,,,,,,,,,,,,,,,,,,,,,,,,,,-0.066,-37.174,0.016,-17.044,-20.689,-47.369,-15.031,-63.989,19.876,-47.991,12.89,-63.4,40.915,-90.664,0,-109.86,-40.815,-90.564,-0.157,-37.12,,"うよすま",-0.036,-17.04,,"si_ho",-20.714,-47.411,,"ByeolBam",-15.018,-63.981,,"わだ、、",19.304,-47.9,,"YukihiroD",12.714,-63.467,,"AI",40.9,-90.65,,"AI",0,-109.84,,"AI",-40.8,-90.55,,,,,,,,,,,,,,,,,,,,,,,,,,,,,,,,,,,,,,,,,,,,,,,,,,,,,,,,"",4,0,0,0,-2,0,"",3459.18,3464.025,,0,""
146,,8,1,1,6,0,0,0,0,0,0,255,255,255,50,3489.961,"Pring__",R,13,83,121,-1.165,-0.299,0.32,1.422,0.093,1.783,-36.241,34.868,0,100,0,2,-390.434,312.348,4.612,0,0,4,"=","=","=","=","=","=","","","",2,L,"Sabo_10",185.3,87.575,0.449,0,39,W,Y,1,3490.901,237,116,92,133,51,145,105,34.71,-15.031,-0.194,0.918,-20.766,-0.27,0,0.504,269.236,-363.292,-177.519,3492.204,30.905,-102.495,3513.044,,-0.07,1.161,-37.957,0,0,,3496.631,,,,,,,,,,,,,3496.319,4,,456,0,,,,,,,,,,,,,,,,,,,-0.044,-37.087,-0.007,-17.124,-20.145,-46.922,-13.674,-64.381,20.692,-47.134,18.071,-57.515,40.922,-90.671,0,-109.862,-40.822,-90.57,-0.228,-36.684,,"うよすま",-0.039,-17.118,,"si_ho",-20.117,-47.008,,"ByeolBam",-13.706,-64.387,,"わだ、、",20.524,-47.13,,"YukihiroD",18.063,-57.516,,"AI",40.9,-90.65,,"AI",0,-109.84,,"AI",-40.8,-90.55,,3501.347,2.281,-42.65,,,,,,,,,,,,,,,,,,,,,,,,,,,,,,,,,,,,,,,,,,,,,,,,,,,,"",1,0,0,0,-2,0,"Mini_ByeolBam",,,,32,""
147,,8,1,1,6,0,0,1,0,0,0,255,255,255,51,3520.925,"Pring__",R,10,82,108,-0.52,-1.172,0.304,1.466,0.013,1.4,-36.241,36.917,64,36,0,2,-137.316,400,-9.826,0,0,5,"=","=","=","=","=","=","","","",1,L,"눈꽃",190,85,0.505,5,90,W,Y,1,3522.223,183,218,108,107,67,145,100,-30,65.993,-0.077,0.644,-20.957,1,0,0.417,-354.549,185.205,376.05,3518.258,-0.994,-21.364,,,,,,0,0,,,,,,,,,,,,,,,,,,,,,,,,,,,,,,,,,,,,,,-0.109,-36.951,0.012,-16.778,-20.207,-46.608,-13.092,-64.71,21.818,-49.144,16.266,-61.493,40.93,-90.677,0,-109.87,-40.83,-90.577,-0.236,-37.113,,"うよすま",0.006,-16.824,,"si_ho",-20.183,-46.604,,"ByeolBam",-13.076,-64.699,,"わだ、、",21.006,-48.772,,"YukihiroD",16.262,-61.483,,"AI",40.9,-90.65,,"AI",0,-109.84,,"AI",-40.8,-90.55,,,,,,,,,,,,,,,,,,,,,,,,,,,,,,,,,,,,,,,,,,,,,,,,,,,,,,,,"",3,68.002,180,11.301,0,0,"",,,,0,""
148,,8,1,1,6,0,1,1,0,0,0,255,255,255,52,3541.32,"Pring__",R,32,78,128,-1.117,0.809,0.116,1.479,-0.854,1.962,-36.241,29.944,0,100,0,2,250,-181.78,7.661,0,0,5,"=","=","=","=","=","=","","","",1,L,"눈꽃",190,85,0.505,5,90,W,Y,1,3542.45,165,116,89,62,22,145,101,16.628,31.547,-0.207,1.317,-20.06,-0.42,0,0.364,72.982,-0.238,27.949,3542.138,-40.369,-85.321,3557.644,,0.082,1.178,-37.976,0,0,,,,,,,,,,,,,,,3546.252,5,,456,0,,,,,,,,,,,,,,,,,,,-0.187,-37.032,-0.032,-16.877,-20.128,-46.685,-14.592,-63.936,22.553,-49.66,15.454,-58.101,40.922,-90.67,0,-109.86,-40.822,-90.57,-0.215,-36.618,,"うよすま",-0.072,-16.866,,"si_ho",-20.134,-46.757,,"ByeolBam",-14.595,-63.937,,"わだ、、",21.253,-49.057,,"YukihiroD",14.611,-59.173,,"AI",40.9,-90.65,,"AI",0,-109.84,,"AI",-40.8,-90.55,,3551.01,-0.284,-38.54,,,,,,,,,,,,,,,,,,,,,,,,,,,,,,,,,,,,,,,,,,,,,,,,,,,,"",1,31.832,-76.196,20.232,0,0,"Mini_ByeolBam",,,,32,""
149,,8,1,1,6,0,0,2,0,0,0,255,255,255,53,3565.332,"Pring__",R,32,80,131,0.402,0.65,0.261,1.463,-0.18,1.91,-36.241,37.341,0,100,0,2,250,-132.109,-4.049,0,0,0,"=","=","=","=","=","=","","","",0,R,"소솨소솨",190,80,0.501,5,39,W,Y,1,3566.455,192,183,110,86,49,145,128,25.744,-33.479,0.074,1.275,-20.611,0.23,0,0.622,443.736,-205.313,122.573,3568.018,70.654,-116.171,,,,,,0,0,,3572.814,3577.515,3582.802,3587.945,,,,,,,,,,,,,,,,,,,,,,,,,,,,,,,,,-0.135,-37.123,-0.06,-16.677,-21.261,-47.171,-15.745,-63.49,21.261,-48.002,9.026,-60.584,40.915,-90.664,0,-109.85,-40.815,-90.564,-0.325,-36.968,,"うよすま",-0.07,-16.678,,"si_ho",-20.783,-47.095,,"ByeolBam",-15.982,-63.377,,"わだ、、",19.959,-47.823,,"YukihiroD",8.77,-60.689,,"AI",40.9,-90.65,,"AI",0,-109.84,,"AI",-40.8,-90.55,,,,,,,,,,,,,,,,,,,,,,,,,,,,,,,,,,,,,,,,,,,,,,,,,,,,,,,,"",4,-33.707,180,-12.2,0,0,"",3577.515,3582.802,3587.945,0,""
150,,8,1,2,6,0,0,2,0,0,0,255,255,255,54,3607.933,"Pring__",R,13,80,105,-1.321,-1.122,0.253,1.416,0.164,1.292,-36.241,26.142,5,95,0,4,-397.953,276.028,15.689,0,0,1,"=","=","=","=","=","=","","","",4,L,"Pugeuk",190,85.842,0.349,,39,W,Y,1,,,,,,,,,,,,,,,,,,,,,,,,,,,,0,0,,,,,,,,,,,,,,,,,,,,,,,,,,,,,,,,,,,,,,-0.049,-37.094,-0.024,-16.936,-20.333,-46.988,-13.699,-64.376,19.163,-46.11,15.906,-59.53,40.915,-90.664,0,-109.86,-40.815,-90.564,,,,"",,,,"",,,,"",,,,"",,,,"",,,,"",,,,"",,,,"",,,,,,,,,,,,,,,,,,,,,,,,,,,,,,,,,,,,,,,,,,,,,,,,,,,,,,,,,,"",0,,,,,0,"",,,,0,""
151,,8,1,2,6,0,1,2,0,0,0,255,255,255,55,3624.95,"Pring__",R,4,65,99,4.363,0.645,0.746,1.549,2.379,2.044,-36.241,75.392,0,100,0,2,-246.881,0,-0.257,0,0,1,"=","=","=","=","=","=","","","",4,L,"Pugeuk",190,85.842,0.349,3,39,W,Y,1,3626.219,255,165,81,67,23,145,87,11.285,-48.798,0.819,1.308,-21.042,1,0,0.66,72.717,-490.098,-106.232,3623.857,29.37,-43.49,,,,,,0,0,,,,,,,,,,,,,,,,,,,,,,,,,,,,,,,,,,,,,,0.032,-37.036,-0.008,-16.931,-20.369,-47.01,-13.783,-64.366,19.836,-46.274,15.699,-59.615,40.915,-90.664,0,-109.85,-40.815,-90.564,0.252,-36.816,,"うよすま",0.079,-16.917,,"si_ho",-20.435,-46.981,,"ByeolBam",-13.786,-64.367,,"わだ、、",19.402,-46.565,,"YukihiroD",15.689,-59.624,,"AI",40.9,-90.65,,"AI",0,-109.84,,"AI",-40.8,-90.55,,,,,,,,,,,,,,,,,,,,,,,,,,,,,,,,,,,,,,,,,,,,,,,,,,,,,,,,"",3,0,0,0,-2,0,"",,,,0,""
152,,8,1,2,6,0,2,2,0,0,0,255,255,255,56,3645.492,"Pring__",R,32,86,139,-0.57,0.412,0.086,1.413,-0.531,1.748,-36.241,24.712,27,73,0,2,213.749,-158.787,9.181,0,0,1,"=","=","=","=","=","=","","","",4,L,"Pugeuk",190,85.842,0.349,3,39,W,Y,1,3646.586,100,9,79,29,21,132,80,14.178,-41.726,-0.104,1.159,-19.893,-0.94,0,0.328,250.827,-82.358,424.374,,,,3644.817,,20.084,2.267,-42.787,0,0,,,,,,,,,,,,,,,3648.452,1,,453,0,,,,,,,,,,,,,,,,,,,-0.174,-37.031,-0.013,-16.641,-20.077,-46.85,-13.744,-64.306,20.581,-47.514,15.455,-58.334,40.915,-90.664,0,-109.85,-40.815,-90.564,-0.364,-36.895,,"うよすま",-0.043,-16.63,,"si_ho",-19.857,-46.831,,"ByeolBam",-13.751,-64.323,,"わだ、、",20.259,-47.376,87,"YukihiroD",15.475,-58.337,,"AI",40.9,-90.65,,"AI",0,-109.84,,"AI",-40.8,-90.55,,,,,,,,,,,,,,3648.463,20.189,-42.805,,,,,,,,,,,,,,,,,,,,,,,,,3649.923,13.727,-40.172,,,,,,,,,,,,,"",1,0,0,0,-2,0,"Mini_ByeolBam",,,,2,""
153,SIDE,8,1,2,6,0,0,2,0,0,0,255,255,255,,3650.681,,,,,,,,,,,,,,,,,,,,,,,2,"=","=","=","=","=","=","","","",,,,,,,,,,,,,,,,,,,,,,,,,,,,,,,,,,,,,,,0,0,,,,,,,,,,,,,,,,,,,,,,,,,,,,,,,,,,,,,,,,,,,,,,,,,,,,,,,,,,,,,,,,,,,,,,,,,,,,,,,,,,,,,,,,,,,,,,,,,,,,,,,,,,,,,,,,,,,,,,,,,,,,,,,,,,,,,,,,,,,,,,,,,"",0,,,,,0,"",,,,0,""
154,,8,0,2,6,0,0,0,0,0,0,255,255,255,81,3685.593,"소솨소솨",R,27,87,140,-1.589,0.169,0.035,1.653,-0.765,1.646,-36.539,8.291,54,46,0,2,87.698,-131.322,0,0,0,5,"うよすま","わだ、、","ByeolBam","YukihiroD","si_ho","Pring__","","","",0,L,"Pring__",190,93.125,0.481,5,39,W,Y,1,3686.606,138,166,126,98,101,143,107,99.303,-75.595,-0.268,1.124,-20.526,-0.07,0,0.423,376.877,-103.647,441.606,3689.764,-28.669,-9.55,,,,,,0,0,,,,,,,,,,,,,,,,,,,,,,,,,,,,,,,,,,,,,,-0.136,-37.313,-0.049,-18.007,-21.548,-46.978,-15.388,-63.442,19.257,-44.84,14.97,-63.983,40.915,-90.664,0,-109.87,-40.815,-90.564,-0.227,-37.583,,"눈꽃",-0.061,-18.008,,"Sabo_10",-21.357,-46.842,,"SUGUN",-12.831,-64.822,,"Pugeuk",19.257,-44.967,,"CoalCat",14.912,-63.854,,"AI",40.9,-90.65,,"AI",0,-109.84,,"AI",-40.8,-90.55,,,,,,,,,,,,,,,,,,,,,,,,,,,,,,,,,,,,,,,,,,,,,,,,,,,,,,,,"",3,-74.791,-173.434,1.664,0,0,"",,,,0,""
155,,8,0,2,6,0,1,0,0,0,0,255,255,255,82,3702.356,"소솨소솨",R,27,90,140,-0.876,0.371,0.095,1.684,-0.488,1.747,-36.539,7.064,55,45,0,2,109.531,-122.905,0,0,0,5,"=","=","=","=","=","=","","","",0,L,"Pring__",190,93.125,0.481,5,39,W,Y,1,3703.333,162,151,121,122,70,145,107,64.693,-66.733,-0.138,1.173,-20.491,-0.15,0,0.453,238.572,-207.295,510.012,3706.431,45.422,-37.09,,,,,,0,0,,,,,,,,,,,,,,,,,,,,,,,,,,,,,,,,,,,,,,-0.069,-37.403,-0.045,-17.917,-21.612,-47.931,-13.476,-64.175,18.826,-45.25,14.268,-63.732,40.907,-90.657,0,-109.85,-40.807,-90.557,0.036,-37.437,,"눈꽃",-0.061,-17.918,,"Sabo_10",-21.54,-47.85,,"SUGUN",-13.217,-64.33,,"Pugeuk",18.839,-44.949,,"CoalCat",14.251,-63.578,,"AI",40.9,-90.65,,"AI",0,-109.84,,"AI",-40.8,-90.55,,,,,,,,,,,,,,,,,,,,,,,,,,,,,,,,,,,,,,,,,,,,,,,,,,,,,,,,"",3,-66.26,-149.881,-10.093,0,0,"",,,,0,""
156,,8,0,2,6,0,2,0,0,0,0,255,255,255,83,3724.345,"소솨소솨",R,27,88,140,-0.91,-0.189,0.09,1.578,-0.511,1.404,-36.539,5.871,45,55,0,0,83.053,-102.559,0,0,0,5,"=","=","=","=","=","=","","","",0,L,"Pring__",190,93.125,0.481,,39,W,Y,0,,,,,,,,,,,,,,,,,,,,,,,,,,,,0,0,,,,,,,,,,,,,,,3727.174,5,,578,0,,,,,,,,,,,,,,,,,,,-0.032,-37.432,-0.06,-17.949,-21.398,-46.828,-12.555,-63.186,19.632,-44.975,14.58,-62.177,40.915,-90.664,0,-109.85,-40.815,-90.564,,,,"",,,,"",,,,"",,,,"",,,,"",,,,"",,,,"",,,,"",,,,,,,,,,,,,,,,,,,,,,,,,,,,,,,,,,,,,,,,,,,,,,,,,,,,,,,,,,"",0,,,,,0,"",,,,0,""
157,,8,0,2,6,0,0,1,0,0,0,255,255,255,84,3743.351,"소솨소솨",R,27,84,136,1.533,0.818,0.303,1.761,0.48,1.997,-36.539,20.552,45,55,0,2,128.861,-141.007,0,0,0,0,"=","=","=","=","=","=","","","",1,R,"うよすま",190,85.375,0.502,5,39,W,Y,1,3744.392,210,100,154,50,0,145,110,97.728,-6.043,0.287,1.316,-20.095,0.01,0,0.392,548.248,116.288,200.639,,,,,,,,,0,0,,,,,,,,,,,,,,,,,,,,,,,,,,,,,,,,,,,,,,-0.027,-37.373,-0.051,-17.947,-22.304,-47.696,-15.117,-63.775,18.406,-45.965,11.004,-64.453,40.922,-90.67,0,-109.86,-40.822,-90.57,0.235,-37.523,,"눈꽃",-0.071,-17.945,,"Sabo_10",-22.216,-47.579,,"SUGUN",-15.2,-64.348,,"Pugeuk",18.117,-46.342,,"CoalCat",10.994,-64.353,,"AI",40.9,-90.65,,"AI",0,-109.84,,"AI",-40.8,-90.55,,,,,,,,,,,,,,,,,,,,,,,,,,,,,,,,,,,,,,,,,,,,,,,,,,,,,,,,"",3,-6.387,179.103,-3.65,0,0,"",,,,0,""
158,,8,0,2,6,0,1,1,0,0,0,255,255,255,85,3762.266,"소솨소솨",R,33,86,140,1.355,1.012,0.293,1.809,0.433,2.151,-36.539,20.035,60,40,0,2,109.993,-107.196,0,0,0,0,"=","=","=","=","=","=","","","",1,R,"うよすま",190,85.375,0.502,3,45,W,Y,1,3763.347,177,101,136,55,0,145,92,64.258,-31.38,0.254,1.379,-19.833,-0.72,0,0.571,458.749,-214.233,78.207,3765.458,28.783,-58.399,3767.231,,27.225,1.153,-57.712,0,0,,3769.419,,,,,,,,,,,,,3769.844,0,,453,0,,,,,,,,,,,,,,,,,,,-0.045,-37.285,-0.015,-18.185,-22.482,-47.188,-15.122,-64.079,16.547,-46.648,10.764,-63.864,40.915,-90.664,0,-109.85,-40.815,-90.564,0.149,-37.557,,"눈꽃",-0.022,-18.181,,"Sabo_10",-21.93,-46.923,,"SUGUN",-15.074,-63.835,,"Pugeuk",16.474,-46.642,,"CoalCat",10.804,-63.717,82,"AI",40.9,-90.65,,"AI",0,-109.84,,"AI",-40.8,-90.55,,3774.636,1.037,-38.151,,,,,,,,,,3769.851,28.326,-57.811,3769.866,28.186,-57.872,,,,,,,,,,,,,,,,,,,,,,,,,3772.934,24.331,-56.823,,,,,,,,,,"",1,0,0,0,-2,0,"Mini_ByeolBam",,,,7,""
159,,8,0,2,6,0,0,2,0,0,0,255,255,255,86,3790.353,"소솨소솨",R,33,86,139,-0.209,-0.339,0.147,1.549,-0.245,1.311,-36.539,11.726,47,53,0,2,109.543,-100.11,0,0,0,1,"=","=","=","=","=","=","","","",4,L,"わだ、、",190,85,0.497,5,39,W,Y,1,3791.46,255,169,112,143,54,145,120,28.917,32.813,0.024,0.89,-20.501,0.79,0,0.527,169.9,-459.358,-304.714,3792.604,-47.026,-116.613,3799.524,,0.12,0.62,-59.65,1,0,,3797.166,3801.808,,,,,,,,,,,,,,,,,,,,,,,,,,,,,,,,,,,-0.099,-37.317,-0.007,-18.168,-20.997,-47.083,-14.542,-63.032,20.829,-46.895,13.692,-62.26,40.922,-90.67,0,-109.86,-40.822,-90.571,-0.05,-37.583,,"눈꽃",-0.027,-18.174,,"Sabo_10",-20.533,-46.678,,"SUGUN",-14.222,-62.861,,"Pugeuk",20.561,-46.789,,"CoalCat",13.613,-62.128,66,"AI",40.9,-90.65,,"AI",0,-109.84,,"AI",-40.8,-90.55,,3806.729,0.569,-38.931,,,,,,,,,,,,,3803.127,-0.101,-59.563,,,,,,,,,,,,,,,,,,,,,,,,,3805.315,0.983,-58.385,,,,,,,,,,"",2,33.106,-180,11.146,0,0,"Mini_ByeolBam",3801.808,,,5,""
160,,8,0,2,6,0,0,2,0,1,0,255,14,255,87,3820.765,"소솨소솨",R,27,90,140,-0.3,0.086,0.138,1.623,-0.287,1.542,-36.539,3.73,30,70,0,0,113.098,-118.546,0,0,0,2,"=","=","=","=","=","=","","","",3,R,"ByeolBam",175.3,88,0.5,,39,W,Y,0,,,,,,,,,,,,,,,,,,,,,,,,,,,,0,0,,,,,,,,,,,,,3834.584,,,,,,,,,,,,,,,,,,,,,,,,,0.052,-37.416,-0.046,-18.119,-21.406,-47.095,-15.414,-63.683,16.87,-45.168,8.094,-61.593,40.917,-90.666,0,-109.85,-40.815,-90.564,,,,"",,,,"",,,,"",,,,"",,,,"",,,,"",,,,"",,,,"",,,,3824.837,-0.246,-37.494,,,,,,,,,,,,,,,,,,,,,,,,,,,,,,,,,,,,,,,,,,,,,,,,,,,,"",0,,,,,0,"",3823.816,,,0,""
161,,8,0,2,6,0,1,2,0,1,0,255,14,255,88,3836.362,"소솨소솨",R,28,88,140,-0.19,-0.546,0.16,1.529,-0.188,1.211,-36.539,6.879,44,56,0,0,74.035,-80.94,0,0,0,2,"=","=","=","=","=","=","","","",3,R,"ByeolBam",175.3,88,0.5,,39,W,Y,0,,,,,,,,,,,,,,,,,,,,,,,,,,,,0,0,,,,,,,,,,,,,3850.377,,,,,,,,,,,,,,,,,,,,,,,,,0.014,-37.294,0.004,-18.059,-21.201,-47.622,-15.452,-63.57,18.183,-45.643,8.731,-62.371,40.915,-90.664,0,-109.85,-40.815,-90.564,,,,"",,,,"",,,,"",,,,"",,,,"",,,,"",,,,"",,,,"",,,,3840.389,-0.29,-37.278,,,,,,,,,,,,,,,,,,,,,,,,,,,,,,,,,,,,,,,,,,,,,,,,,,,,"",0,,,,,0,"",3839.98,,,0,""
162,,8,0,2,6,0,2,2,0,1,0,255,14,255,89,3851.842,"소솨소솨",R,32,87,140,2.781,0.562,0.352,1.706,0.708,1.832,-36.539,15.77,45,55,0,2,164.094,-129.574,0,0,0,2,"=","=","=","=","=","=","","","",3,R,"ByeolBam",175.3,88,0.5,5,39,W,Y,1,3852.838,177,64,142,51,24,145,84,45.962,-36.098,0.3,1.14,-20.228,-1,0,0.345,152.819,170.113,-443.795,3853.591,34.866,-67.416,3858.111,,0.614,1.513,-59.318,1,0,,3859.092,,,,,,,3857.101,3862.604,,,,,,,,,,,,,,,,,,,,,,,,,,,,0.028,-37.308,-0.002,-18.041,-22.13,-47.701,-15.511,-63.646,17.929,-45.152,8.722,-62.399,40.915,-90.664,0,-109.85,-40.815,-90.564,0.356,-37.601,,"눈꽃",-0.013,-18.042,,"Sabo_10",-21.657,-46.975,85,"SUGUN",-16.485,-64.52,107,"Pugeuk",17.818,-45.142,,"CoalCat",8.812,-62.24,,"AI",40.9,-90.65,,"AI",0,-109.84,,"AI",-40.8,-90.55,,3868.578,-0.02,-38.365,,,,3864.069,-18.838,-40.661,3861.888,0.635,-59.365,,,,,,,,,,,,,,,,,,,,,,3867.588,-17.961,-40.307,3863.061,-4.813,-54.432,,,,,,,,,,,,,,,,"",2,143.177,-180,14.436,0,0,"Mini_ByeolBam",,3857.101,3862.604,25,""
163,,8,0,2,7,0,0,2,1,0,0,13,255,255,90,3880.75,"소솨소솨",R,27,81,132,1.209,0.897,0.273,1.748,0.34,1.981,-36.539,8.919,49,51,0,2,122.922,-136.465,0,0,0,3,"=","=","=","=","=","=","","","",5,R,"YukihiroD",174.3,80,0.398,5,39,W,Y,1,3881.926,255,142,82,73,8,145,114,-4.176,-41.423,0.222,1.245,-20.791,0.06,0,0.623,430.952,193.811,369.754,3877.817,9.002,-30.838,3888.431,,20.464,0.337,-40.669,1,0,,3888.692,3894.466,,,3886.516,3891.399,,,,,,,,,,,,,,,,,,,,,,,,,,,,,,,0.058,-37.334,-0.037,-18.04,-19.481,-41.675,-13.909,-63.802,18.328,-47.781,9.805,-64.251,40.915,-90.664,0,-109.85,-40.815,-90.564,0.319,-37.683,,"눈꽃",-0.05,-18.027,,"Sabo_10",-19.149,-44.005,,"SUGUN",-15.731,-64.59,84,"Pugeuk",17.568,-47.736,96,"CoalCat",9.951,-63.786,,"AI",40.9,-90.65,,"AI",0,-109.84,,"AI",-40.8,-90.55,,3898.684,0.061,-38.844,,,,,,,3894.735,1.027,-58.891,3892.669,20.497,-40.724,,,,,,,,,,,,,,,,,,,,,,3897.736,-1.778,-54.44,3893.463,18.922,-41.79,,,,,,,,,,,,,"",2,-41.655,-170.79,-8.802,0,0,"Mini_ByeolBam",3886.516,3891.399,,11,""
164,,8,0,2,7,0,0,2,0,1,1,255,15,13,91,3913.958,"소솨소솨",R,33,84,136,1.557,1.37,0.307,1.838,0.499,2.294,-36.539,20.561,88,12,0,2,122.25,-107.37,0,0,0,4,"=","=","=","=","=","=","","","",2,R,"si_ho",176.1,88.027,0.348,3,39,W,Y,1,3915.138,204,132,140,84,9,145,84,44.29,-26.193,0.289,1.39,-20.313,-0.9,0,0.609,199.794,-438.893,-146.749,3915.698,33.955,-71.648,3919.124,,0.24,1.215,-59.364,1,0,,3921.543,,,,,,,3920.182,,3920.775,,3914.056,,,,,,,,,,,,,,,,,,,,,,,,,-0.006,-37.32,-0.066,-17.514,-20.852,-44.521,-16.229,-63.151,17.922,-45.916,11.006,-63.227,40.915,-90.664,0,-109.86,-40.815,-90.564,0.134,-37.62,,"눈꽃",-0.078,-17.515,130,"Sabo_10",-20.706,-44.425,,"SUGUN",-16.842,-63.769,107,"Pugeuk",17.806,-46.212,,"CoalCat",11.058,-63.056,,"AI",40.9,-90.65,,"AI",0,-109.84,,"AI",-40.8,-90.55,,3929.074,-0.021,-37.926,3925.812,-0.118,-20.385,,,,3923.567,0.47,-59.377,,,,,,,,,,,,,,,,,,,3928.384,0.042,-21.66,,,,3924.202,-0.023,-55.158,,,,,,,,,,,,,,,,"",2,0,0,0,-2,0,"Mini_ByeolBam",,3920.182,3920.775,41,""
165,,8,0,2,8,0,0,2,1,0,1,12,255,15,92,3942.715,"소솨소솨",R,33,87,140,-0.509,0.413,0.116,1.694,-0.391,1.781,-36.539,9.504,49,51,0,2,123.041,-101.332,0,0,0,5,"=","=","=","=","=","=","","","",0,L,"Pring__",190,93.125,0.481,5,39,W,Y,1,3943.662,255,171,66,93,102,141,87,34.105,-61.455,-0.091,1.211,-21.049,1,0,0.581,243.651,53.81,-307.744,3943.644,59.148,-52.52,,,,,,0,0,,,,,,,,,,,,3963.096,,3943.087,,,,,,,,,,,,,,,,,,,,,,,,-0.106,-37.317,-0.018,-17.632,-20.006,-42.059,-7.354,-62.405,19.651,-45.732,14.994,-61.91,40.915,-90.664,0,-109.85,-40.815,-90.564,-0.032,-37.457,,"눈꽃",-0.05,-17.628,,"Sabo_10",-19.527,-44.212,,"SUGUN",-7.692,-62.703,,"Pugeuk",19.666,-45.649,,"CoalCat",14.988,-61.833,,"AI",40.9,-90.65,,"AI",0,-109.84,,"AI",-40.8,-90.55,,,,,,,,,,,,,,,,,,,,,,,,,,,,,,,,,,,,,,,,,,,,,,,,,,,,,,,,"",0,118.906,-165.399,4.921,0,0,"",,3947.979,,0,""
166,,8,0,2,8,0,1,2,1,0,1,12,255,15,93,3969.801,"소솨소솨",R,32,89,140,0.686,-0.401,0.217,1.541,0.079,1.284,-36.539,11.461,39,61,0,2,158.311,-87.4,0,0,0,5,"=","=","=","=","=","=","","","",0,L,"Pring__",190,93.125,0.481,5,39,W,Y,1,3970.704,254,112,91,97,110,145,104,98.227,39.662,0.124,0.908,-21.05,0.96,0,0.628,417.574,-397.356,-77.714,3975.178,11.136,1.914,,,,,,0,0,,,,,,,,,,,,3999.261,,3979.369,,,,,,,,,,,,,,,,,,,,,,,,-0.013,-37.387,-0.056,-17.626,-20.437,-44.045,-6.283,-63.5,21.283,-46.838,14.261,-63.262,40.9,-90.65,0,-109.85,-40.807,-90.557,-0.058,-37.453,,"눈꽃",-0.073,-17.614,,"Sabo_10",-20.169,-44.935,,"SUGUN",-6.337,-63.277,,"Pugeuk",21.107,-46.896,,"CoalCat",14.241,-63.145,,"AI",40.9,-90.65,,"AI",0,-109.84,,"AI",-40.8,-90.55,,,,,,,,,,,,,,,,,,,,,,,,,,,,,,,,,,,,,,,,,,,,,,,,,,,,,,,,"",0,39.487,-167.648,-1.776,0,0,"",,3974.04,,0,""
167,,8,0,2,8,0,2,2,1,0,1,12,255,15,94,3999.772,"소솨소솨",R,10,60,105,-0.313,-2.529,0.17,1.415,-0.137,0.876,-36.539,15.267,46,54,0,2,0,400,0,-0.052,-20.814,5,"=","=","=","=","=","=","","","",0,L,"Pring__",190,93.125,0.481,3,39,W,Y,1,4000.817,97,72,40,67,73,118,79,-30,-0.86,-0.047,0.268,-21.093,1,0,0.436,-573.27,-172.778,38.845,3996.204,-0.042,-21.456,3997.817,,-0.151,0.931,-34.872,0,0,,,,,,4005.62,,,,,4005.493,,,4000.552,4004.472,5,,147,1,,,,,,,,,,,,,,,,,,,-0.06,-37.296,-0.039,-18.011,-20.401,-44.505,-6.382,-63.522,21.462,-46.443,12.539,-62.217,38.263,-81.81,0.958,-100.406,-36.3,-82.219,0.139,-37.822,120,"눈꽃",-0.046,-18.01,,"Sabo_10",-20.264,-44.433,,"SUGUN",-6.334,-63.386,,"Pugeuk",21.441,-46.319,,"CoalCat",12.558,-62.057,,"AI",40.328,-88.731,,"AI",0.228,-107.592,,"AI",-39.733,-88.574,,4001.994,0.192,-35.771,,,,4003.902,-18.577,-39.702,,,,,,,,,,,,,,,,,,,4003.125,-5.369,-35.514,,,,,,,,,,,,,,,,,,,,,,,,,"",2,0,0,0,-2,0,"Mini_ByeolBam",4005.62,,4005.493,17,""
168,SIDE,8,0,2,8,0,0,2,1,0,1,12,255,15,,4005.868,,,,,,,,,,,,,,,,,,,,,,,0,"=","=","=","=","=","=","","","",,,,,,,,,,,,,,,,,,,,,,,,,,,,,,,,,,,,,,,0,0,,,,,,,,,,,,,,,,,,,,,,,,,,,,,,,,,,,,,,,,,,,,,,,,,,,,,,,,,,,,,,,,,,,,,,,,,,,,,,,,,,,,,,,,,,,,,,,,,,,,,,,,,,,,,,,,,,,,,,,,,,,,,,,,,,,,,,,,,,,,,,,,,"",0,,,,,0,"",4005.794,,,0,""
169,,9,1,2,8,0,0,0,0,0,0,255,255,255,57,4042.525,"Pring__",R,32,77,128,2.175,0.889,0.324,1.488,0.577,2.031,-36.241,43.307,0,100,0,1,250,-71.264,-7.619,0,0,2,"소솨소솨","Pugeuk","CoalCat","SUGUN","Sabo_10","눈꽃","","","",5,R,"CoalCat",169.5,83,0.397,,39,W,Y,0,,,,,,,,,,,,,,,,,,,,,,,,,,,,0,0,,,,,,,,,,,,,,,,,,,,,,,,,,,,,,,,,,,,,,-0.155,-37.023,-0.053,-17.161,-20.482,-47.462,-14.769,-63.961,19.583,-46.904,13.399,-62.479,40.944,-90.691,0,-109.89,-40.845,-90.591,,,,"",,,,"",,,,"",,,,"",,,,"",,,,"",,,,"",,,,"",,,,,,,,,,,,,,,,,,,,,,,,,,,,,,,,,,,,,,,,,,,,,,,,,,,,,,,,,,"",0,,,,,0,"",,,,0,""
170,,9,1,2,8,1,0,0,0,0,0,255,255,255,58,4057.597,"Pring__",R,32,78,129,1.187,0.675,0.24,1.44,0.185,1.859,-36.241,39.744,0,100,0,2,225.78,-125.635,-1.362,0,0,2,"=","=","=","=","=","=","","","",5,R,"CoalCat",169.5,83,0.397,5,39,W,Y,1,4058.782,218,126,120,94,67,145,82,110.589,83.567,0.214,1.135,-20.85,-1,0,0.486,576.107,59.733,148.879,4059.978,30.446,-12.092,,,,,,0,0,,,,,,,,,,,,,,,,,,,,,,,,,,,,,,,,,,,,,,-0.175,-37.079,-0.031,-17.408,-20.704,-47.359,-14.87,-63.844,20.299,-48.033,13.383,-62.584,40.915,-90.664,0,-109.85,-40.815,-90.564,0.046,-37.208,,"うよすま",-0.013,-17.426,,"si_ho",-20.722,-47.338,,"ByeolBam",-14.87,-63.841,,"わだ、、",20.01,-47.951,,"YukihiroD",13.357,-62.571,,"AI",40.9,-90.65,,"AI",0,-109.84,,"AI",-40.8,-90.55,,,,,,,,,,,,,,,,,,,,,,,,,,,,,,,,,,,,,,,,,,,,,,,,,,,,,,,,"",3,-97.161,180,-4.403,0,0,"",,,,0,""
171,,9,1,2,8,1,1,0,0,0,0,255,255,255,59,4079.585,"Pring__",R,3,76,102,-1.263,-0.252,0.393,1.426,0.287,1.756,-36.241,44.671,14,86,0,0,-435.234,172.313,-10.627,0,0,2,"=","=","=","=","=","=","","","",5,R,"CoalCat",169.5,83,0.397,,36,W,Y,1,,,,,,,,,,,,,,,,,,,,,,,,,,,,0,0,,,,,,,,,,,,,,,,,,,,,,,,,,,,,,,,,,,,,,-0.111,-37,0.024,-17.178,-20.753,-47.421,-14.361,-63.51,20.76,-48.128,14.027,-62.798,40.915,-90.664,0,-109.86,-40.815,-90.564,,,,"",,,,"",,,,"",,,,"",,,,"",,,,"",,,,"",,,,"",,,,,,,,,,,,,,,,,,,,,,,,,,,,,,,,,,,,,,,,,,,,,,,,,,,,,,,,,,"",0,,,,,0,"",,,,0,""
172,,9,1,2,8,1,2,0,0,0,0,255,255,255,60,4096.624,"Pring__",R,3,72,100,0.522,-0.044,0.546,1.572,1.072,1.627,-36.241,50.916,35,65,0,2,-430.306,15.631,-8.637,0,0,2,"=","=","=","=","=","=","","","",5,R,"CoalCat",169.5,83,0.397,3,36,W,Y,1,4097.947,255,154,112,131,111,145,80,26.104,1.024,0.228,1.317,-22.878,1,0,0.636,-97.031,27.579,126.306,4097.218,-1.544,-84.358,4102.258,,-0.185,0.826,-59.685,1,0,,4103.263,,,,,,,,,,,,,,,,,,,,,,,,,,,,,,,,,,,,-0.064,-36.897,0.039,-17.312,-20.828,-47.564,-14.348,-63.264,19.534,-47.888,13.627,-62.735,40.915,-90.664,0,-109.86,-40.815,-90.564,0.094,-37.267,,"うよすま",0.006,-17.305,,"si_ho",-20.873,-47.544,,"ByeolBam",-14.361,-63.253,,"わだ、、",19.603,-47.144,,"YukihiroD",13.627,-62.737,85,"AI",40.9,-90.65,,"AI",0,-109.84,,"AI",-40.8,-90.55,,4109.302,-0.074,-38.639,,,,,,,,,,,,,4105.995,0.028,-59.855,,,,,,,,,,,,,,,,,,,,,,,,,4108.259,0.048,-58.145,,,,,,,,,,"",2,0,0,0,-2,0,"Mini_ByeolBam",,,,40,""
173,,9,1,2,8,0,0,0,1,0,0,5,255,255,61,4123.933,"Pring__",R,32,79,129,-2.907,-0.995,-0.131,1.351,-1.538,0.835,-36.241,13.234,40,60,0,1,233.013,-200,64.922,0,0,3,"=","=","=","=","=","=","","","",3,R,"SUGUN",174.8,82,0.5,,39,W,Y,0,,,,,,,,,,,,,,,,,,,,,,,,,,,,0,0,,,,,,,,,,,,4124.29,,,,,,,,,,,,,,,,,,,,,,,,,,-0.261,-36.882,-0.001,-17.258,-18.74,-43.524,-12.805,-61.965,18.759,-44.846,10.393,-62.01,40.922,-90.671,0,-109.86,-40.822,-90.571,,,,"",,,,"",,,,"",,,,"",,,,"",,,,"",,,,"",,,,"",,,,4129.594,0.099,-37.769,,,,,,,,,,,,,,,,,,,,,,,,,,,,,,,,,,,,,,,,,,,,,,,,,,,,"",0,,,,,0,"",,,,0,""
174,,9,1,2,8,1,0,0,1,0,0,5,255,255,62,4141.346,"Pring__",R,32,87,140,-0.975,-0.583,0.053,1.349,-0.683,1.105,-36.241,20.514,27,73,0,2,197.417,-189.264,8.496,0,0,3,"=","=","=","=","=","=","","","",3,R,"SUGUN",174.8,82,0.5,5,39,W,Y,1,4142.654,255,67,99,52,0,145,129,101.501,8.876,-0.18,0.738,-20.196,0.31,0,0.338,530.816,195.584,12.38,,,,,,,,,0,0,,,,,,,,,,,,4141.485,,,,,,,,,,,,,,,,,,,,,,,,,,-0.123,-37.059,-0.062,-17.231,-18.747,-43.182,-13.231,-61.887,17.805,-45.182,9.922,-61.435,40.915,-90.664,0,-109.86,-40.815,-90.564,-0.219,-36.856,,"うよすま",-0.077,-17.273,,"si_ho",-18.844,-44.073,,"ByeolBam",-13.216,-61.725,,"わだ、、",17.86,-45.05,,"YukihiroD",9.914,-61.329,,"AI",40.9,-90.65,,"AI",0,-109.84,,"AI",-40.8,-90.55,,,,,,,,,,,,,,,,,,,,,,,,,,,,,,,,,,,,,,,,,,,,,,,,,,,,,,,,"",3,9.131,177.682,3.072,0,0,"",,,,0,""
175,,9,1,2,8,1,1,0,1,0,0,5,255,255,63,4163.453,"Pring__",R,13,75,101,-0.02,-0.58,0.405,1.454,0.636,1.819,-36.241,47.995,23,77,0,0,-332.392,344.889,-14.01,0,0,3,"=","=","=","=","=","=","","","",3,R,"SUGUN",174.8,82,0.5,,39,W,Y,1,,,,,,,,,,,,,,,,,,,,,,,,,,,,0,0,,,,,,,,,,,,4169.429,,,,,,,,,,,,,,,,,,,,,,,,,,-0.15,-36.953,0.139,-17.164,-19.006,-45.236,-13.426,-61.677,18.183,-44.969,10.709,-61.492,40.922,-90.671,0,-109.86,-40.822,-90.57,,,,"",,,,"",,,,"",,,,"",,,,"",,,,"",,,,"",,,,"",,,,,,,,,,,,,,,,,,,,,,,,,,,,,,,,,,,,,,,,,,,,,,,,,,,,,,,,,,"",0,,,,,0,"",,,,0,""
176,,9,1,2,8,1,2,0,1,0,0,5,255,255,64,4182.501,"Pring__",R,13,94,115,-3.18,-2.733,-0.041,1.102,-0.747,0.524,-36.241,26.642,45,55,0,4,-375.342,330.331,34.961,-0.602,-20.241,3,"=","=","=","=","=","=","","","",3,R,"SUGUN",174.8,82,0.5,,39,W,Y,1,,,,,,,,,,,,,,,,,,,,,,,,,,,,0,0,,,,,,,,,,,,4182.595,,,4185.748,3,,578,0,,,,,,,,,,,,,,,,,,,-0.204,-36.874,-0.075,-17.245,-18.842,-41.35,-12.413,-62.264,17.628,-44.249,10.102,-61.642,40.915,-90.664,0,-109.86,-40.815,-90.564,,,,"",,,,"",,,,"",,,,"",,,,"",,,,"",,,,"",,,,"",,,,,,,,,,,,,,,,,,,,,,,,,,,,,,,,,,,,,,,,,,,,,,,,,,,,,,,,,,"",0,,,,,0,"",,,,0,""
177,,9,1,2,8,0,0,1,1,0,0,5,255,255,65,4202.997,"Pring__",R,13,79,105,-0.622,-0.685,0.335,1.376,0.42,1.638,-36.241,35.897,21,79,0,0,-372.687,312.348,-4.304,0,0,4,"=","=","=","=","=","=","","","",2,L,"Sabo_10",185.3,87.575,0.449,,39,W,Y,1,,,,,,,,,,,,,,,,,,,,,,,,,,,,0,0,,,,,,,,,,,,4203.29,,,,,,,,,,,,,,,,,,,,,,,,,,-0.044,-37.011,-0.013,-16.839,-18.668,-44.751,-9.026,-59.472,18.065,-44.679,16.054,-58.761,40.915,-90.664,0,-109.86,-40.815,-90.564,,,,"",,,,"",,,,"",,,,"",,,,"",,,,"",,,,"",,,,"",,,,,,,,,,,,,,,,,,,,,,,,,,,,,,,,,,,,,,,,,,,,,,,,,,,,,,,,,,"",0,,,,,0,"",,,,0,""
178,,9,1,2,8,0,1,1,1,0,0,5,255,255,66,4219.31,"Pring__",R,13,77,103,0.912,-0.529,0.528,1.451,1.018,1.802,-36.241,44.652,0,100,0,0,-330.168,354.497,-6.429,0,0,4,"=","=","=","=","=","=","","","",2,L,"Sabo_10",185.3,87.575,0.449,,39,W,Y,1,,,,,,,,,,,,,,,,,,,,,,,,,,,,0,0,,,,,,,,,,,,4219.483,,,,,,,,,,,,,,,,,,,,,,,,,,-0.015,-36.942,0.004,-16.815,-18.894,-45.09,-10.34,-59.302,17.573,-44.821,15.982,-58.873,40.915,-90.664,0,-109.86,-40.815,-90.564,,,,"",,,,"",,,,"",,,,"",,,,"",,,,"",,,,"",,,,"",,,,,,,,,,,,,,,,,,,,,,,,,,,,,,,,,,,,,,,,,,,,,,,,,,,,,,,,,,"",0,,,,,0,"",,,,0,""
179,,9,1,2,8,0,2,1,1,0,0,5,255,255,67,4237.062,"Pring__",R,3,71,100,-1.301,-0.625,0.366,1.403,0.206,1.254,-36.241,52.176,0,100,0,0,-391.344,0,-5.474,0,0,4,"=","=","=","=","=","=","","","",2,L,"Sabo_10",185.3,87.575,0.449,,39,W,Y,1,,,,,,,,,,,,,,,,,,,,,,,,,,,,0,0,,,,,,,,,,,,,,,4239.768,4,,578,0,,,,,,,,,,,,,,,,,,,-0.174,-37.005,-0.25,-16.832,-19.22,-45.289,-10.387,-59.453,18.241,-44.636,15.972,-58.887,40.915,-90.664,0,-109.86,-40.815,-90.564,,,,"",,,,"",,,,"",,,,"",,,,"",,,,"",,,,"",,,,"",,,,,,,,,,,,,,,,,,,,,,,,,,,,,,,,,,,,,,,,,,,,,,,,,,,,,,,,,,"",0,,,,,0,"",,,,0,""
180,,9,1,2,8,0,0,2,1,0,0,5,255,255,68,4264.196,"Pring__",R,3,79,105,0.015,-0.018,0.565,1.467,0.823,1.834,-36.241,52.253,0,100,0,2,-444.078,158.986,1.305,0,0,5,"=","=","=","=","=","=","","","",1,L,"눈꽃",190,85,0.505,5,39,W,Y,1,4265.422,215,183,103,102,45,145,94,2.616,55.645,-0.012,1.001,-20.239,-0.74,0,0.426,222.002,-110.566,-92.206,4261.578,-21.935,-35.438,,,,,,0,0,,,,,,,,,,,,4264.344,,,,,,,,,,,,,,,,,,,,,,,,,,0.001,-36.985,0.016,-16.876,-18.126,-44.691,-13.155,-64.448,20.905,-47.819,16.292,-59,40.929,-90.677,0,-109.87,-40.83,-90.577,0.044,-36.951,,"うよすま",0.039,-16.877,,"si_ho",-18.164,-44.679,,"ByeolBam",-13.124,-64.301,,"わだ、、",20.231,-48.257,,"YukihiroD",16.322,-58.989,,"AI",40.9,-90.65,,"AI",0,-109.84,,"AI",-40.8,-90.55,,,,,,,,,,,,,,,,,,,,,,,,,,,,,,,,,,,,,,,,,,,,,,,,,,,,,,,,"",3,60.005,7.233,-0.08,0,0,"",,,,0,""
181,,9,1,2,8,0,1,2,1,0,0,5,255,255,69,4286.485,"Pring__",R,13,82,108,-0.165,-1.174,0.383,1.465,0.258,1.399,-36.241,40.895,46,54,0,2,-188.612,400,-3.267,0,0,5,"=","=","=","=","=","=","","","",1,L,"눈꽃",190,85,0.505,3,39,W,Y,1,4287.727,229,117,144,74,70,145,87,-15,-3.255,-0.023,0.544,-20.661,1,0,0.588,-197.887,-159.972,294.476,4282.844,0.08,-22.417,4290.724,,0.149,1.472,-59.245,1,0,,4293.472,,,,4292.396,,,,,,,,,,,,,,,,,,,,,,,,,,,,,,,,-0.103,-36.871,-0.038,-16.725,-19.427,-45.526,-13.651,-63.539,22.3,-48.871,15.023,-59.238,40.915,-90.664,0,-109.86,-40.815,-90.564,-0.465,-36.681,,"うよすま",-0.039,-16.754,,"si_ho",-19.406,-45.553,,"ByeolBam",-14.022,-63.188,85,"わだ、、",21.988,-48.76,,"YukihiroD",15.088,-59.18,,"AI",40.9,-90.65,,"AI",0,-109.84,,"AI",-40.8,-90.55,,4298.177,-0.185,-38.661,,,,,,,4295.341,0.103,-59.226,,,,,,,,,,,,,,,,,,,,,,,,,4297.09,0.059,-57.242,,,,,,,,,,,,,,,,"",2,0,0,0,-2,0,"Mini_ByeolBam",4292.396,,,36,""
182,,9,1,2,8,0,0,2,1,1,0,1,5,255,70,4346.793,"Pring__",R,32,77,127,0.62,0.651,0.181,1.444,-0.088,1.849,-36.241,28.797,0,100,0,2,240.386,-195.04,0.552,0,0,1,"=","=","=","=","=","=","","","",0,R,"소솨소솨",190,80,0.501,5,39,W,Y,1,4347.916,121,58,65,61,30,137,95,46.223,46.295,0.118,1.262,-20.211,-0.47,0,0.553,207.806,-154.851,-504.83,4348.871,-46.564,-70.277,,,,,,0,0,,,,,,4353.245,,,4352.967,,,,4346.907,,4354.105,1,,456,0,,,,,,,,,,,,,,,,,,,-0.127,-37.006,-0.005,-17.089,-19.423,-45.725,-14.85,-63.511,20.839,-47.409,7.378,-62.214,40.937,-90.684,0,-109.88,-40.837,-90.584,-0.002,-37.044,,"うよすま",-0.082,-17.101,,"si_ho",-19.419,-45.748,,"ByeolBam",-14.893,-63.316,,"わだ、、",20.426,-47.6,,"YukihiroD",9.569,-62.255,,"AI",40.9,-90.65,,"AI",0,-109.84,,"AI",-40.8,-90.55,,,,,,,,,,,,,,,,,,,,,,,,,,,,,,,,,,,,,,,,,,,,,,,,,,,,,,,,"",1,45.762,145.11,17.623,0,0,"",4353.245,4352.967,,0,""
183,SIDE,9,1,2,8,0,0,2,1,1,0,1,5,255,,4358.58,,,,,,,,,,,,,,,,,,,,,,,2,"=","=","=","=","=","=","","","",,,,,,,,,,,,,,,,,,,,,,,,,,,,,,,,,,,,,,,0,0,,,,,,,,,,,,,,,,,,,,,,,,,,,,,,,,,,,,,,,,,,,,,,,,,,,,,,,,,,,,,,,,,,,,,,,,,,,,,,,,,,,,,,,,,,,,,,,,,,,,,,,,,,,,,,,,,,,,,,,,,,,,,,,,,,,,,,,,,,,,,,,,,"",0,,,,,0,"",,,,0,""
184,,9,0,2,8,0,0,0,0,0,0,255,255,255,95,4398.194,"소솨소솨",R,33,86,139,1.191,0.628,0.276,1.733,0.356,1.906,-36.539,17.617,43,57,0,2,113.99,-112.48,0,0,0,0,"うよすま","わだ、、","ByeolBam","YukihiroD","si_ho","Pring__","","","",1,R,"うよすま",190,85.375,0.502,5,45,W,Y,1,4399.234,255,128,173,95,18,145,131,30.293,-43.584,0.129,1.323,-20.49,0.67,0,0.454,231.376,376.41,398.827,4400.098,75.147,-116.737,,,,,,0,0,,4405.718,4410.464,4415.818,4421.035,,,,,,,,,,,,,,,,,,,,,,,,,,,,,,,,,-0.008,-37.379,-0.108,-17.803,-21.481,-47.568,-15.993,-63.325,11.858,-48.605,5.824,-64.637,40.944,-90.691,0,-109.88,-40.845,-90.591,0.046,-37.536,,"눈꽃",-0.11,-17.805,,"Sabo_10",-21.313,-47.377,,"SUGUN",-16.454,-64.329,,"Pugeuk",11.957,-48.402,,"CoalCat",5.944,-64.497,,"AI",40.9,-90.65,,"AI",0,-109.84,,"AI",-40.8,-90.55,,,,,,,,,,,,,,,,,,,,,,,,,,,,,,,,,,,,,,,,,,,,,,,,,,,,,,,,"",4,-43.768,180,-16.92,0,0,"",4410.464,4415.818,4412.121,0,""
185,,9,0,2,9,0,0,0,0,0,0,255,255,255,96,4436.895,"소솨소솨",R,33,90,140,0.487,-0.823,0.202,1.459,0.008,1.02,-36.539,13.364,32,68,0,2,147.221,-87.407,0,0,0,1,"=","=","=","=","=","=","","","",4,L,"わだ、、",190,85,0.497,5,39,W,Y,1,4438.026,191,189,83,118,0,145,131,-7.323,-7.403,0.092,0.673,-19.949,0.54,0,0.541,548.275,-152.778,-143.733,4432.871,0.695,-24.552,4444.498,,0.454,0.621,-59.49,1,0,,4443.729,4448.335,,,,,,,,,,,,,,,,,,,,,,,,,,,,,,,,,,,-0.014,-37.401,-0.1,-17.841,-20.282,-45.617,-11.247,-65.501,20.141,-47.02,14.616,-61.746,40.915,-90.664,0,-109.86,-40.815,-90.564,-0.17,-37.64,,"눈꽃",-0.121,-17.852,,"Sabo_10",-20.418,-45.876,,"SUGUN",-11.627,-65.925,,"Pugeuk",19.815,-47.182,,"CoalCat",14.676,-61.596,77,"AI",40.9,-90.65,,"AI",0,-109.84,,"AI",-40.8,-90.55,,4453.16,0.114,-38.475,,,,,,,,,,,,,4449.283,0.586,-59.667,,,,,,,,,,,,,,,,,,,,,,,,,4451.939,1.657,-58.031,,,,,,,,,,"",2,-7.55,-15.798,1.317,0,0,"Mini_ByeolBam",4448.335,,,5,""
186,,9,0,2,9,0,0,0,0,1,0,255,14,255,97,4467.052,"소솨소솨",R,32,85,138,0.534,0.255,0.203,1.649,0.013,1.633,-36.539,6.552,31,69,0,2,155.564,-124.392,0,0,0,2,"=","=","=","=","=","=","","","",3,R,"ByeolBam",175.3,88,0.5,5,39,W,Y,1,4468.07,238,80,88,48,24,145,120,112.104,-51.855,0.1,1.004,-20.073,0.76,0,0.372,314.558,-38.813,72.553,,,,,,,,,0,0,,,,,,,,,,,,,4483.87,,,,,,,,,,,,,,,,,,,,,,,,,0.012,-37.204,-0.004,-17.83,-20.185,-45.122,-15.276,-63.937,16.188,-46.592,4.879,-61.156,40.922,-90.671,0,-109.86,-40.821,-90.57,-0.086,-37.538,,"눈꽃",-0.031,-17.83,,"Sabo_10",-19.667,-44.983,,"SUGUN",-15.621,-64.578,,"Pugeuk",16.086,-46.342,,"CoalCat",4.981,-61.025,,"AI",40.9,-90.65,,"AI",0,-109.84,,"AI",-40.8,-90.55,,,,,,,,,,,,,,,,,,,,,,,,,,,,,,,,,,,,,,,,,,,,,,,,,,,,,,,,"",3,-52.09,180,7.908,0,0,"",4471.334,,,0,""
187,,9,0,2,9,0,1,0,0,1,0,255,14,255,98,4485.063,"소솨소솨",R,27,85,138,0.162,0.108,0.184,1.626,-0.077,1.553,-36.539,5.417,40,60,0,2,103.104,-118.381,0,0,0,2,"=","=","=","=","=","=","","","",3,R,"ByeolBam",175.3,88,0.5,5,39,W,Y,1,4486.034,152,159,96,36,27,142,129,37.072,-38.789,0.029,0.955,-20.074,0.41,0,0.333,468.045,261.693,-257.987,4487.111,69.748,-112.095,,,,,,0,0,,4491.847,4496.387,4501.268,4506.094,,,,4491.396,4497.031,,,,,,,,,,,,,,,,,,,,,,,,,,,,-0.003,-37.299,-0.005,-17.831,-21.273,-45.624,-15.82,-63.648,17.003,-46.724,5.748,-61.447,40.915,-90.664,0,-109.85,-40.815,-90.564,-0.064,-37.576,,"눈꽃",-0.014,-17.843,,"Sabo_10",-21.142,-45.536,,"SUGUN",-15.623,-63.769,,"Pugeuk",16.896,-46.565,,"CoalCat",5.851,-61.321,,"AI",40.9,-90.65,,"AI",0,-109.84,,"AI",-40.8,-90.55,,,,,,,,,,,,,,,,,,,,,,,,,,,,,,,,,,,,,,,,,,,,,,,,,,,,,,,,"",4,-38.644,180,9.611,0,0,"",4496.387,4491.396,4497.031,0,""
188,,9,0,2,11,0,0,0,0,0,0,255,255,255,99,4524.556,"소솨소솨",R,33,84,136,0.335,0.255,0.187,1.647,-0.062,1.625,-36.539,11.501,35,65,0,2,144.199,-128.062,0,0,0,3,"=","=","=","=","=","=","","","",5,R,"YukihiroD",174.3,80,0.398,5,38,W,Y,1,4525.672,214,156,96,21,0,138,128,-5.386,1.792,0.062,1.026,-20.536,0.67,0,0.535,-102.077,-9.909,0.83,4520.498,-0.204,-29.064,4527.298,,-0.232,1.374,-60.101,1,0,,4531.103,,,,,,,,,,,,,,,,,,,,,,,,,,,,,,,,,,,,-0.078,-37.299,-0.034,-17.859,-20.035,-44.475,-14.9,-64.119,18.54,-45.558,10.673,-63.804,40.915,-90.664,0,-109.86,-40.815,-90.564,-0.015,-37.528,,"눈꽃",-0.053,-17.862,,"Sabo_10",-19.913,-44.357,,"SUGUN",-15.393,-65.334,,"Pugeuk",17.391,-46.192,,"CoalCat",10.688,-63.693,78,"AI",40.9,-90.65,,"AI",0,-109.84,,"AI",-40.8,-90.55,,4535.623,0.227,-39.127,,,,,,,,,,,,,4532.361,0.035,-60.039,,,,,,,,,,,,,,,,,,,,,,,,,4534.487,-0.569,-57.774,,,,,,,,,,"",2,1.771,-4.501,0.961,0,0,"Mini_ByeolBam",,,,5,""
189,,9,0,2,11,0,0,0,1,0,0,15,255,255,100,4547.504,"소솨소솨",R,34,88,140,-1.203,-0.986,0.059,1.455,-0.654,0.957,-36.539,12.6,32,68,0,0,94.979,-79.29,0,0,0,4,"=","=","=","=","=","=","","","",2,R,"si_ho",176.1,88.027,0.348,,38,W,Y,1,,,,,,,,,,,,,,,,,,,,,,,,,,,,0,0,,,,,,,,,,,,4559.158,,,,,,,,,,,,,,,,,,,,,,,,,,-0.107,-37.345,-0.021,-17.861,-19.606,-41.999,-11.76,-59.606,16.805,-46.607,7.14,-61.625,40.915,-90.664,0,-109.86,-40.815,-90.564,,,,"",,,,"",,,,"",,,,"",,,,"",,,,"",,,,"",,,,"",,,,4551.832,-0.307,-37.706,,,,,,,,,,,,,,,,,,,,,,,,,,,,,,,,,,,,,,,,,,,,,,,,,,,,"",0,,,,,0,"",,,,0,""
190,,9,0,2,11,0,1,0,1,0,0,15,255,255,101,4559.34,"소솨소솨",R,32,78,128,4.19,1.642,0.539,1.89,1.578,2.476,-36.539,44.712,79,21,0,1,153.301,-75.249,0,0,0,4,"=","=","=","=","=","=","","","",2,R,"si_ho",176.1,88.027,0.348,,38,W,Y,0,,,,,,,,,,,,,,,,,,,,,,,,,,,,0,0,,,,,,,,,,,,4570.363,,,,,,,,,,,,,,,,,,,,,,,,,,-0.049,-37.391,-0.032,-17.853,-19.305,-41.547,-10.564,-58.615,16.839,-46.679,6.778,-61.411,40.907,-90.657,0,-109.85,-40.807,-90.557,,,,"",,,,"",,,,"",,,,"",,,,"",,,,"",,,,"",,,,"",,,,4563.79,-0.002,-37.718,,,,,,,,,,,,,,,,,,,,,,,,,,,,,,,,,,,,,,,,,,,,,,,,,,,,"",0,,,,,0,"",,,,0,""
191,,9,0,2,11,1,1,0,1,0,0,15,255,255,102,4572.553,"소솨소솨",R,34,88,140,-0.734,-0.483,0.102,1.538,-0.457,1.244,-36.539,7.167,41,59,0,0,99.536,-84.226,0,0,0,4,"=","=","=","=","=","=","","","",2,R,"si_ho",176.1,88.027,0.348,,38,W,Y,0,,,,,,,,,,,,,,,,,,,,,,,,,,,,0,0,,,,,,,,,,,,4581.339,,,,,,,,,,,,,,,,,,,,,,,,,,-0.005,-37.314,-0.021,-17.834,-19.938,-42.141,-10.554,-58.732,16.735,-46.566,6.176,-61.873,40.907,-90.657,0,-109.85,-40.807,-90.557,,,,"",,,,"",,,,"",,,,"",,,,"",,,,"",,,,"",,,,"",,,,4576.519,-0.32,-37.494,,,,,,,,,,,,,,,,,,,,,,,,,,,,,,,,,,,,,,,,,,,,,,,,,,,,"",0,,,,,0,"",,,,0,""
192,,9,0,2,11,1,2,0,1,0,0,15,255,255,103,4585.63,"소솨소솨",R,3,62,107,-2.206,-0.453,0.144,1.569,-0.26,1.355,-36.539,11.323,45,55,0,2,-371.2,0,0,0,0,4,"=","=","=","=","=","=","","","",2,R,"si_ho",176.1,88.027,0.348,3,38,W,Y,1,4586.905,224,90,81,45,29,141,127,25.081,37.785,-0.503,0.842,-20.543,0.57,0,0.638,348.991,329.506,105.768,4586.337,-77.599,-104.457,,,,,,0,0,,4592.573,4596.968,4602.139,4607.026,4591.747,4596.628,4601.409,,,,,,,,,,,,,,,,,,,,,,,,,,,,,,-0.035,-37.431,-0.048,-17.829,-19.502,-43.548,-10.56,-58.692,16.752,-46.619,5.622,-61.805,40.915,-90.664,0,-109.85,-40.815,-90.564,-0.015,-37.817,,"눈꽃",-0.079,-17.924,,"Sabo_10",-19.903,-42.991,,"SUGUN",-10.512,-58.505,,"Pugeuk",16.656,-46.459,,"CoalCat",5.579,-61.68,,"AI",40.9,-90.65,,"AI",0,-109.84,,"AI",-40.8,-90.55,,,,,,,,,,,,,,,,,,,,,,,,,,,,,,,,,,,,,,,,,,,,,,,,,,,,,,,,"",4,0,0,0,-2,0,"",4591.747,4596.628,4601.409,0,""
193,,9,0,2,13,0,0,0,0,0,0,255,255,255,104,4623.017,"소솨소솨",R,33,82,133,0.274,0.504,0.192,1.715,-0.035,1.848,-36.539,15.73,55,45,0,2,103.43,-83.468,0,0,0,5,"=","=","=","=","=","=","","","",0,L,"Pring__",190,93.125,0.481,5,38,W,Y,1,4624.017,230,112,79,94,78,145,131,6.954,45.155,0.056,1.263,-21.26,0.64,0,0.532,219.415,-477.078,-290.265,4621.431,-56.2,-85.716,4628.791,,-0.331,0.564,-59.517,1,0,,4629.672,,,,,,,,,,,,,,,,,,,,,,,,,,,,,,,,,,,,-0.092,-37.229,-0.025,-17.784,-20.091,-45.212,-8.236,-66.728,19.142,-46.528,13.967,-63.118,40.915,-90.664,0,-109.86,-40.815,-90.564,0.051,-37.548,,"눈꽃",-0.033,-17.777,,"Sabo_10",-20.007,-45.13,,"SUGUN",-8.133,-66.517,,"Pugeuk",19.121,-46.278,,"CoalCat",13.751,-62.713,74,"AI",40.9,-90.65,,"AI",0,-109.84,,"AI",-40.8,-90.55,,4636.944,-0.04,-38.995,,,,,,,,,,,,,4634.056,-0.347,-59.503,,,,,,,,,,,,,,,,,,,,,,,,,4635.708,-0.607,-58.088,,,,,,,,,,"",2,45.339,12.524,-6.54,0,0,"Mini_ByeolBam",,,,5,""
194,,9,0,2,13,0,0,0,1,0,0,10,255,255,105,4649.487,"소솨소솨",R,34,93,140,-4.858,-1.494,-0.074,1.473,-2.243,0.618,-36.539,15.835,40,60,0,1,94.86,-58.132,0,0,0,0,"=","=","=","=","=","=","","","",1,R,"うよすま",190,85.375,0.502,,38,W,Y,0,,,,,,,,,,,,,,,,,,,,,,,,,,,,0,0,,,,,,,,,,,,4662.245,,,,,,,,,,,,,,,,,,,,,,,,,,0.003,-37.336,-0.025,-17.785,-19.784,-42.365,-10.874,-58.982,17.025,-46.54,7.493,-62.34,40.915,-90.664,0,-109.86,-40.815,-90.564,,,,"",,,,"",,,,"",,,,"",,,,"",,,,"",,,,"",,,,"",,,,4653.948,-0.212,-37.166,,,,,,,,,,,,,,,,,,,,,,,,,,,,,,,,,,,,,,,,,,,,,,,,,,,,"",0,,,,,0,"",,,,0,""
195,,9,0,2,13,1,0,0,1,0,0,10,255,255,106,4663.848,"소솨소솨",R,13,74,113,-0.063,-0.355,0.334,1.702,0.624,1.806,-36.539,24.363,52,48,0,2,-373.029,332.941,0,0,0,0,"=","=","=","=","=","=","","","",1,R,"うよすま",190,85.375,0.502,3,38,W,Y,1,4665.037,184,133,126,83,21,145,112,27.597,26.291,-0.083,0.914,-20.115,0.85,0,0.496,391.542,405.752,-31.493,4664.511,-52.68,-104.985,4671.018,,-19.663,0.584,-40.209,0,0,,4671.618,,,,4670.269,,,,,,4680.119,,,4670.279,0,,456,0,,,,,,,,,,,4676.158,2,,,,,,,-0.057,-37.323,-0.116,-17.743,-20.075,-43.936,-10.865,-59.147,17.047,-46.531,6.928,-60.965,40.915,-90.664,0,-109.85,-40.815,-90.564,-0.017,-37.74,,"눈꽃",-0.14,-17.74,,"Sabo_10",-19.984,-44.639,91,"SUGUN",-10.812,-58.933,,"Pugeuk",16.937,-46.382,,"CoalCat",6.83,-60.959,,"AI",40.9,-90.65,,"AI",0,-109.84,,"AI",-40.8,-90.55,,4680.137,-0.5,-38.331,,,,4675.606,-20.923,-41.161,,,,,,,,,,,,,,,,,,,,,,,,,4679.274,-17.279,-39.458,,,,,,,,,,,,,,,,,,,"",1,0,0,0,-2,0,"Mini_ByeolBam",4670.269,,,17,""
196,,9,0,2,13,0,0,2,0,0,0,255,255,255,107,4705.227,"소솨소솨",R,28,89,140,-2.457,-0.032,-0.052,1.612,-1.17,1.516,-36.539,5.642,42,58,0,1,75.011,-86.423,0,0,0,1,"=","=","=","=","=","=","","","",4,L,"わだ、、",190,85,0.497,,38,W,Y,0,,,,,,,,,,,,,,,,,,,,,,,,,,,,0,0,,,,,,,,,,,,,,,,,,,,,,,,,,,,,,,,,,,,,,-0.075,-37.296,-0.03,-17.739,-20.312,-45.746,-11.139,-64.192,20.171,-46.788,10.387,-62.266,40.929,-90.677,0,-109.88,-40.83,-90.577,,,,"",,,,"",,,,"",,,,"",,,,"",,,,"",,,,"",,,,"",,,,,,,,,,,,,,,,,,,,,,,,,,,,,,,,,,,,,,,,,,,,,,,,,,,,,,,,,,"",0,,,,,0,"",,,,0,""
197,,9,0,2,13,1,0,2,0,0,0,255,255,255,108,4721.211,"소솨소솨",R,3,76,114,-0.642,-1.242,0.303,1.495,0.478,1.135,-36.539,15.533,46,54,0,2,-437.616,241.851,0,0,0,1,"=","=","=","=","=","=","","","",4,L,"わだ、、",190,85,0.497,3,38,W,Y,1,4722.419,255,151,142,121,58,145,87,3.301,-17.035,-0.017,0.609,-21.248,1,0,0.767,-272.511,-527.197,-31.916,4717.471,5.631,-38.019,4719.164,,11.919,0.249,-59.641,0,2,,4727.971,,,,,,,,,,,,,4727.91,1,,147,4,,,,,,,,,,,,,,,,,,,0.037,-37.24,-0.048,-17.708,-20.66,-45.048,-11.374,-64.42,17.902,-46.042,12.225,-61.93,40.915,-90.664,0,-109.85,-40.815,-90.564,-0.108,-37.519,,"눈꽃",-0.049,-17.701,,"Sabo_10",-20.492,-44.914,,"SUGUN",-11.226,-64.235,,"Pugeuk",17.942,-45.852,,"CoalCat",12.271,-61.778,89,"AI",40.9,-90.65,,"AI",0,-109.84,,"AI",-40.8,-90.55,,,,,,,,4727.469,-18.42,-40.984,,,,,,,4724.746,12.228,-59.415,,,,,,,,,,,,,,,,,,,,,,,,,4725.567,10.366,-59.296,,,,,,,,,,"",2,0,0,0,-2,0,"Mini_ByeolBam",,,,20,""
198,SIDE,9,0,2,13,0,0,2,0,0,0,255,255,255,,4729.143,,,,,,,,,,,,,,,,,,,,,,,2,"=","=","=","=","=","=","","","",,,,,,,,,,,,,,,,,,,,,,,,,,,,,,,,,,,,,,,0,0,,,,,,,,,,,,,,,,,,,,,,,,,,,,,,,,,,,,,,,,,,,,,,,,,,,,,,,,,,,,,,,,,,,,,,,,,,,,,,,,,,,,,,,,,,,,,,,,,,,,,,,,,,,,,,,,,,,,,,,,,,,,,,,,,,,,,,,,,,,,,,,,,"",0,,,,,0,"",,,,0,""
199,,10,1,2,13,0,0,0,0,0,0,255,255,255,71,4776.623,"Pring__",R,32,82,133,-0.217,0.541,0.117,1.424,-0.386,1.786,-36.241,29.55,0,100,0,2,207.872,-200,10.727,0,0,1,"소솨소솨","Pugeuk","CoalCat","SUGUN","Sabo_10","눈꽃","","","",4,R,"Pugeuk",190,85.842,0.349,3,38,W,Y,1,4777.805,153,44,110,49,23,145,130,102.031,-73.374,-0.048,1.216,-19.739,0.71,0,0.563,384.074,114.425,-446.535,,,,,,,,,0,0,,,,,,,,,,,,,,,,,,,,,,,,,,,,,,,,,,,,,,-0.246,-36.945,-0.011,-17.211,-20.954,-47.45,-15.456,-63.54,18.766,-46.232,11.518,-63.203,40.915,-90.664,0,-109.86,-40.815,-90.564,-0.381,-36.7,,"うよすま",-0.039,-17.226,,"si_ho",-20.962,-47.48,,"ByeolBam",-15.458,-63.537,,"わだ、、",17.932,-46.836,,"YukihiroD",11.276,-63.192,,"AI",40.9,-90.65,,"AI",0,-109.84,,"AI",-40.8,-90.55,,,,,,,,,,,,,,,,,,,,,,,,,,,,,,,,,,,,,,,,,,,,,,,,,,,,,,,,"",3,0,0,0,-2,0,"",,,,0,""
200,,10,1,2,13,0,1,0,0,0,0,255,255,255,72,4794.188,"Pring__",R,32,84,136,-0.42,-0.498,0.101,1.435,-0.461,1.172,-36.241,25.44,0,100,0,2,204.298,-151.646,13.885,0,0,1,"=","=","=","=","=","=","","","",4,R,"Pugeuk",190,85.842,0.349,3,38,W,Y,1,4795.362,255,62,142,67,24,145,102,-18.647,41.405,-0.078,0.853,-20.799,-0.24,0,0.803,231.322,504.699,227.528,4789.631,-2.101,-23.077,4795.471,,-13.013,0.505,-30.182,1,0,,4801.943,,,,,,,,,,,,,,,,,,,,,,,,,,,,,,,,,,,,-0.18,-37.009,-0.085,-17.19,-21.032,-47.681,-15.419,-63.607,19.323,-47.246,11.185,-62.571,40.915,-90.664,0,-109.85,-40.815,-90.564,-0.076,-36.926,103,"うよすま",-0.113,-17.191,,"si_ho",-21.032,-47.71,62,"ByeolBam",-15.432,-63.605,,"わだ、、",19.187,-47.019,,"YukihiroD",11.185,-62.573,,"AI",40.9,-90.65,,"AI",0,-109.84,,"AI",-40.8,-90.55,,4801.065,-13.153,-30.094,,,,4802.312,-19.194,-39.163,,,,,,,,,,,,,,,,,,,4801.661,-15.457,-32.049,,,,4807.378,-18.535,-41.853,,,,,,,,,,,,,,,,,,,"",2,0,0,0,-2,0,"Mini_ByeolBam",,,,48,""
201,,10,1,2,13,0,0,0,1,0,0,4,255,255,73,4824.81,"Pring__",R,13,75,102,-0.61,-0.963,0.325,1.564,0.389,1.607,-36.241,34.914,35,65,0,0,-340.242,339.653,-3.808,-0.359,-16.99,2,"=","=","=","=","=","=","","","",5,R,"CoalCat",169.5,83,0.397,,38,W,Y,1,,,,,,,,,,,,,,,,,,,,,,,,,,,,0,0,,,,,,,,,,,,4837.704,,,,,,,,,,,,,,,,,,,,,,,,,,-0.12,-36.935,-0.068,-17.129,-19.524,-45.74,-14.081,-60.599,18.01,-44.402,10.143,-62.196,40.922,-90.671,0,-109.86,-40.822,-90.57,,,,"",,,,"",,,,"",,,,"",,,,"",,,,"",,,,"",,,,"",,,,4830.721,0.045,-37.567,,,,,,,,,,,,,,,,,,,,,,,,,,,,,,,,,,,,,,,,,,,,,,,,,,,,"",0,,,,,0,"",,,,0,""
202,,10,1,2,13,0,1,0,1,0,0,4,255,255,74,4840.475,"Pring__",R,3,72,101,-1.328,-0.124,0.375,1.544,0.233,1.557,-36.241,47.48,0,100,0,2,-416.388,0,1.215,0,0,2,"=","=","=","=","=","=","","","",5,R,"CoalCat",169.5,83,0.397,5,38,W,Y,1,4841.999,234,175,131,107,84,145,82,95.414,50.113,-0.133,1.013,-21.973,1,0,0.563,20.126,184.831,488.309,4842.271,1.535,-16.251,4844.911,,0.581,0.828,-18.863,0,0,,,,,,,,,,,,4845.419,,,,,,,,,,,,,,,,,,,,,,,,,,-0.184,-36.922,-0.046,-17.137,-19.242,-41.669,-14.952,-62.348,18.033,-43.488,9.403,-63.125,40.915,-90.664,0,-109.85,-40.815,-90.564,-0.205,-37.067,,"うよすま",-0.046,-17.156,102,"si_ho",-19.193,-43.219,,"ByeolBam",-14.912,-62.209,,"わだ、、",16.7,-44.53,,"YukihiroD",8.202,-62.303,,"AI",40.9,-90.65,,"AI",0,-109.84,,"AI",-40.8,-90.55,,4855.997,0.251,-37.056,4848.333,1.44,-16.476,,,,,,,,,,,,,,,,,,,,,,,,,4855.206,0.49,-19.52,,,,,,,,,,,,,,,,,,,,,,"",3,-126.007,180,-22.997,0,0,"Mini_ByeolBam",,,,33,""
203,,10,1,2,13,0,0,1,1,0,0,4,255,255,75,4875.289,"Pring__",R,32,86,140,-1.986,-0.04,0.044,1.315,-1.19,1.413,-36.241,20.653,0,100,0,1,250,-200,20.91,0,0,2,"=","=","=","=","=","=","","","",3,R,"SUGUN",174.8,82,0.5,,38,W,Y,0,,,,,,,,,,,,,,,,,,,,,,,,,,,,0,0,,,,,,,,,,,,4890.017,,,,,,,,,,,,,,,,,,,,,,,,,,-0.157,-36.944,-0.067,-17.07,-19.118,-40.938,-15.784,-62.827,18.302,-43.988,7.382,-60.846,40.922,-90.671,0,-109.86,-40.822,-90.57,,,,"",,,,"",,,,"",,,,"",,,,"",,,,"",,,,"",,,,"",,,,4881.329,0.331,-37.78,,,,,,,,,,,,,,,,,,,,,,,,,,,,,,,,,,,,,,,,,,,,,,,,,,,,"",0,,,,,0,"",,,,0,""
204,,10,1,2,13,1,0,1,1,0,0,4,255,255,76,4892.502,"Pring__",R,32,79,129,0.395,1.301,0.179,1.547,-0.099,2.229,-36.241,31.734,0,100,0,4,184.587,-137.067,7.172,0,0,2,"=","=","=","=","=","=","","","",3,R,"SUGUN",174.8,82,0.5,,38,W,Y,1,,,,,,,,,,,,,,,,,,,,,,,,,,,,0,0,,,,,,4896.232,,,,,,,,,,,,,,,,,,,,,,,,,,,,,,,,-0.193,-37.028,-0.06,-17.161,-19.119,-41.901,-15.499,-63.024,17.446,-44.318,9.589,-63.352,40.907,-90.657,0,-109.85,-40.807,-90.557,,,,"",,,,"",,,,"",,,,"",,,,"",,,,"",,,,"",,,,"",,,,4900.473,0.14,-38.346,,,,,,,,,,,,,,,,,,,,,,,,,,,,,,,,,,,,,,,,,,,,,,,,,,,,"",0,,,,,0,"",4896.232,,,0,""
205,,10,1,2,13,1,1,1,0,1,0,255,4,255,77,4936.948,"Pring__",R,3,75,103,-0.466,-0.115,0.397,1.347,0.61,1.569,-36.241,42.167,0,100,0,2,-428.295,0,1.796,0,0,3,"=","=","=","=","=","=","","","",3,R,"SUGUN",174.8,82,0.5,5,38,W,Y,1,4938.12,115,161,55,96,62,135,79,-20.246,55.329,-0.021,0.972,-21.395,1,0,0.875,-121.051,381.231,-189.609,4932.351,-2.08,-22.807,4935.218,,-22.763,0.423,-41.332,0,0,,,,,,,,,,,,,4944.248,,,,,,,,,,,,,,,,,4941.319,2,,,,,,,-0.047,-37.015,-0.03,-17.147,-20.278,-46.389,-14.933,-62.54,18.985,-45.313,2.49,-63.177,40.944,-90.691,0,-109.89,-40.844,-90.591,-0.071,-37.003,,"うよすま",-0.065,-17.149,,"si_ho",-20.273,-46.409,61,"ByeolBam",-15.275,-62.733,,"わだ、、",18.379,-45.088,,"YukihiroD",7.376,-62.458,,"AI",40.9,-90.65,,"AI",0,-109.84,,"AI",-40.8,-90.55,,4944.331,-0.68,-37.482,,,,4940.428,-23.613,-41.698,,,,,,,,,,,,,,,,,,,,,,,,,4942.958,-17.638,-39.313,,,,,,,,,,,,,,,,,,,"",3,-121.106,-180,-14.814,0,0,"Mini_ByeolBam",4943.992,,,48,""
206,,10,1,2,13,1,2,1,0,1,0,255,4,255,78,4969.041,"Pring__",R,13,73,100,-0.968,-1.225,0.284,1.484,0.262,1.42,-36.241,39.901,15,85,0,2,-345.128,325.381,-2.521,0,0,3,"=","=","=","=","=","=","","","",3,R,"SUGUN",174.8,82,0.5,5,38,W,Y,1,4970.201,243,101,96,76,75,145,84,-30,24.736,-0.116,0.685,-21.465,1,0,0.491,-97.314,203.925,1.064,4964.351,-0.587,-22.484,4967.164,,-13.929,0.543,-54.782,0,0,,,,,,,,,4975.01,,,,,,4975.008,3,,147,4,,,,,,,,,,,,,,,,,,,-0.146,-37.048,-0.077,-17.191,-19.572,-45.654,-15.049,-62.181,18.591,-44.307,0.336,-61.5,40.922,-90.671,0,-109.86,-40.822,-90.57,-0.298,-36.763,,"うよすま",-0.074,-17.21,,"si_ho",-19.566,-45.675,108,"ByeolBam",-15.092,-61.947,93,"わだ、、",17.508,-44.284,75,"YukihiroD",6.312,-61.773,,"AI",40.9,-90.65,,"AI",0,-109.84,,"AI",-40.8,-90.55,,4981.224,-1.64,-37.689,,,,4974.333,-18.883,-40.469,4972.94,-13.457,-53.179,4976.639,17.642,-40.293,,,,,,,,,,,,,,,,,,,4975.097,-16.208,-40.378,4973.661,-14.459,-49.493,4980.036,16.686,-39.905,,,,,,,,,,,,,"",2,-152.005,-180,-14.626,0,0,"Mini_ByeolBam",,4975.01,,54,""
207,,10,1,2,13,0,0,2,0,0,1,255,255,4,79,5003.17,"Pring__",R,32,79,129,-0.289,0.824,0.1,1.469,-0.465,1.939,-36.241,26.053,29,71,0,0,234.017,-200,20.615,0,0,4,"=","=","=","=","=","=","","","",2,L,"Sabo_10",185.3,87.575,0.449,,38,W,Y,0,,,,,,,,,,,,,,,,,,,,,,,,,,,,0,0,,,,,,,,,,,,,,5009.284,,,,,,,,,,,,,,,,,,,,,,,,-0.206,-37.018,-0.033,-16.838,-19.167,-46.085,-10.588,-58.972,18.734,-40.052,14.73,-58.58,40.922,-90.671,0,-109.87,-40.822,-90.571,,,,"",,,,"",,,,"",,,,"",,,,"",,,,"",,,,"",,,,"",,,,5008.319,-0.05,-37.608,,,,,,,,,,,,,,,,,,,,,,,,,,,,,,,,,,,,,,,,,,,,,,,,,,,,"",0,,,,,0,"",,5005.822,,0,""
208,,10,1,2,13,0,1,2,0,0,1,255,255,4,80,5021.098,"Pring__",R,32,71,123,3.465,0.601,0.458,1.644,1.199,1.853,-36.241,51.518,47,53,0,1,193.929,-125.445,-3.719,0,0,4,"=","=","=","=","=","=","","","",2,L,"Sabo_10",185.3,87.575,0.449,,38,W,Y,0,,,,,,,,,,,,,,,,,,,,,,,,,,,,0,0,,,,,,,,,,,,,,5021.13,,,,,,,,,,,,,,,,,,,,,,,,-0.066,-37.173,-0.031,-16.823,-19.389,-46.309,-12.704,-60.622,18.712,-39.869,14.719,-58.564,40.915,-90.664,0,-109.85,-40.815,-90.564,,,,"",,,,"",,,,"",,,,"",,,,"",,,,"",,,,"",,,,"",,,,5027.415,0.248,-37.871,,,,,,,,,,,,,,,,,,,,,,,,,,,,,,,,,,,,,,,,,,,,,,,,,,,,"",0,,,,,0,"",,5024.04,,0,""
209,,10,1,2,13,1,1,2,0,0,1,255,255,4,81,5041.148,"Pring__",R,3,68,97,0.615,0.106,0.564,1.631,1.128,1.758,-36.241,55.71,50,50,0,2,-420.381,39.046,-5.259,0,0,4,"=","=","=","=","=","=","","","",2,L,"Sabo_10",185.3,87.575,0.449,5,38,W,Y,1,5042.167,197,125,130,121,65,145,105,108.794,19.21,0.141,1.07,-20.816,-0.15,0,0.556,399.198,-169.42,-202.597,,,,,,,,,0,0,,,,,,,,,,,,,,5050.833,,,,,,,,,,,,,,,,,,,,,,,,-0.046,-37.004,0.002,-16.814,-19.541,-47.051,-12.551,-60.259,18.794,-39.781,14.692,-58.589,40.915,-90.664,0,-109.85,-40.815,-90.564,-0.112,-36.93,,"うよすま",-0.001,-16.818,,"si_ho",-19.687,-46.669,,"ByeolBam",-12.053,-59.229,,"わだ、、",17.948,-44.384,,"YukihiroD",14.706,-58.572,,"AI",40.9,-90.65,,"AI",0,-109.84,,"AI",-40.8,-90.55,,,,,,,,,,,,,,,,,,,,,,,,,,,,,,,,,,,,,,,,,,,,,,,,,,,,,,,,"",3,22.965,-176.75,6.482,0,0,"",,5044.53,,0,""
210,,10,1,2,13,1,2,2,0,0,1,255,255,4,82,5062.424,"Pring__",R,32,82,134,-3.844,-0.766,-0.207,1.186,-1.894,0.996,-36.241,21.084,0,100,0,3,250,-200,60.549,-0.206,-21.051,4,"=","=","=","=","=","=","","","",2,L,"Sabo_10",185.3,87.575,0.449,,38,W,Y,0,,,,,,,,,,,,,,,,,,,,,,,,,,,,0,0,,,,,,,,,,,,,,5066.179,,,,,,,,,,,,,,,,,,,,,,,,-0.152,-37.009,-0.032,-16.981,-19.706,-47.161,-12.104,-59.436,18.705,-40.112,15.777,-58.569,40.915,-90.664,0,-109.85,-40.815,-90.564,,,,"",,,,"",,,,"",,,,"",,,,"",,,,"",,,,"",,,,"",,,,,,,,,,,,,,,,,,,,,,,,,,,,,,,,,,,,,,,,,,,,,,,,,,,,,,,,,,"",6,,,,,0,"",,5065.313,,0,""
211,,10,1,2,13,3,2,2,0,0,1,255,255,4,83,5089.747,"Pring__",R,32,85,138,-0.47,0.038,0.084,1.329,-0.538,1.473,-36.241,24.759,3,97,0,2,250,-200,14.826,0,0,4,"=","=","=","=","=","=","","","",2,L,"Sabo_10",185.3,87.575,0.449,5,70,W,Y,1,5090.588,194,80,110,88,24,145,105,60.376,-53.603,-0.084,0.996,-20.08,-0.12,0,0.484,325.271,-221.617,120.495,5091.564,50.728,-50.204,,,,,,0,0,,,,,,,,,,,5093.646,,,5107.24,,,,,,,,,,,,,,,,,,,,,,,,-0.12,-37.108,-0.084,-16.969,-19.263,-46.302,-13.026,-60.443,19.059,-39.914,14.964,-58.86,40.922,-90.67,0,-109.86,-40.822,-90.57,-0.22,-36.704,,"うよすま",-0.086,-16.993,,"si_ho",-19.248,-46.301,,"ByeolBam",-13.02,-60.432,,"わだ、、",18.83,-43.605,,"YukihiroD",14.95,-58.846,,"AI",40.9,-90.65,,"AI",0,-109.84,,"AI",-40.8,-90.55,,,,,,,,,,,,,,,,,,,,,,,,,,,,,,,,,,,,,,,,,,,,,,,,,,,,,,,,"",3,-53.821,-129.689,-11.043,0,0,"",,5104.479,5093.646,0,""
212,,10,1,2,13,3,2,2,0,0,1,255,255,4,84,5121.596,"Pring__",R,13,80,105,-0.52,-1.062,0.333,1.489,0.413,1.445,-36.241,28.6,35,65,0,4,-345.542,344.903,4.962,0,0,4,"=","=","=","=","=","=","","","",2,L,"Sabo_10",185.3,87.575,0.449,,70,W,Y,1,,,,,,,,,,,,,,,,,,,,,,,,,,,,0,16,,,,,,,,,,,,,,,5124.138,4,,578,0,,,,,,,,,,,,,,,,,,,-0.036,-36.835,-0.042,-16.571,-19.442,-46.494,-12.691,-59.53,18.986,-40.459,14.966,-57.75,40.915,-90.664,0,-109.85,-40.815,-90.564,,,,"",,,,"",,,,"",,,,"",,,,"",,,,"",,,,"",,,,"",,,,,,,,,,,,,,,,,,,,,,,,,,,,,,,,,,,,,,,,,,,,,,,,,,,,,,,,,,"",0,,,,,0,"",,,,0,""
213,SIDE,10,1,2,13,0,0,2,0,0,1,255,255,4,,5126.438,,,,,,,,,,,,,,,,,,,,,,,5,"=","=","=","=","=","=","","","",,,,,,,,,,,,,,,,,,,,,,,,,,,,,,,,,,,,,,,0,0,,,,,,,,,,,,,,,,,,,,,,,,,,,,,,,,,,,,,,,,,,,,,,,,,,,,,,,,,,,,,,,,,,,,,,,,,,,,,,,,,,,,,,,,,,,,,,,,,,,,,,,,,,,,,,,,,,,,,,,,,,,,,,,,,,,,,,,,,,,,,,,,,"",0,,,,,0,"",,,,0,""
214,END,10,0,2,13,0,0,0,0,0,0,255,255,255,,5133.694,,,,,,,,,,,,,,,,,,,,,,,,,,,,,,,,,,,,,,,,,,,,,,,,,,,,,,,,,,,,,,,,,,,,,,,,,,,,,,,,,,,,,,,,,,,,,,,,,,,,,,,,,,,,,,,,,,,,,,,,,,,,,,,,,,,,,,,,,,,,,,,,,,,,,,,,,,,,,,,,,,,,,,,,,,,,,,,,,,,,,,,,,,,,,,,,,,,,,,,,,,,,,,,,,,,,,,,,,,,,,,,,,,,,,"{""schemaVersion"":8,""gameTimeZeroUtc"":""2026-08-12T08:34:54.747Z"",""exportedAtUtc"":""2026-08-12T10:00:28.441Z"",""teamNameA"":""Red"",""teamNameB"":""Blue""}"
