id,type,inn,half,scoreA,scoreB,ball,strk,out,b1,b2,b3,b1Idx,b2Idx,b3Idx,pCnt,pSec,pName,pHand,pType,pPow,spdK,zoneX,zoneY,startX,startY,targetX,targetY,zDist,pitchAngle,pOver,pSide,pUnder,call,manual,sH,sV,gyro,plx,plz,bIdx,order1Name,order2Name,order3Name,order4Name,order5Name,order6Name,order7Name,order8Name,order9Name,bPos,bZone,bName,bHCm,batLen,batCen,batType,bFps,bOS,bVR,bSwing,hSec,rotS,rotL,shS,lgS,prepS,gripPen,batSpd,ev,ldeg,sdeg,launchPosX,launchPosY,launchPosZ,hPos,buntGrip,handDist,angVeloX,angVeloY,angVeloZ,phValid,phSource,phColMode,phFlags,phDt,phFixedDt,phRenderAge,phEndpointDelta,phRawCpX,phRawCpY,phRawCpZ,phRawHPos,phRawNX,phRawNY,phRawNZ,phNDeltaDeg,phCpX,phCpY,phCpZ,phHPosAdj,phNX,phNY,phNZ,phNVDeg,phGeomNX,phGeomNY,phGeomNZ,phGeomNDeltaDeg,phBallVX,phBallVY,phBallVZ,phBallSpd,phProxyPVX,phProxyPVY,phProxyPVZ,phProxyPSpd,phRenderPVX,phRenderPVY,phRenderPVZ,phRenderPSpd,phLastDX,phLastDY,phLastDZ,phBatSpd,phRenderLagX,phRenderLagY,phRenderLagZ,phRenderLagRotDeg,phProxyMoveX,phProxyMoveY,phProxyMoveZ,phProxyMoveRotDeg,phRenderMoveX,phRenderMoveY,phRenderMoveZ,phRenderMoveRotDeg,phProxyGeoX,phProxyGeoY,phProxyGeoZ,phProxyGeoH,phRenderGeoX,phRenderGeoY,phRenderGeoZ,phRenderGeoH,phPreGuardDirX,phPreGuardDirY,phPreGuardDirZ,phPreGuardDirH,phFinalDirX,phFinalDirY,phFinalDirZ,phFinalDirH,phPreGuardH,phApproachH,phGuardTargetH,phGuardDelta,phSeparation,phPreEndpointHPos,phCombinedRadius,phReprojectConfidence,phSweepSteps,phSweepT,phSweepFail,phSweepGap,phPointVSource,phNormalSource,phGuardFlags,phRenderSampleDt,ltSec,lx,lz,cSec,cPos,cx,cy,cz,1BSafe,tag,cpSec,bTo1Sec,bTo2Sec,bTo3Sec,bToHSec,r1To2Sec,r1To3Sec,r1ToHSec,r2To3Sec,r2ToHSec,r3ToHSec,r1LeaveSec,r2LeaveSec,r3LeaveSec,out1Sec,out1BatterIndex,out1PrevBase,out1Code,out1Ass,out2Sec,out2BatterIndex,out2PrevBase,out2Code,out2Ass,out3Sec,out3BatterIndex,out3PrevBase,out3Code,out3Ass,ball1Sec,ball1Pos,ball2Sec,ball2Pos,ball3Sec,ball3Pos,ballHSec,ballHPos,PitchPPosX,PitchPPosZ,PitchCPosX,PitchCPosZ,Pitch1BPosX,Pitch1BPosZ,Pitch2BPosX,Pitch2BPosZ,Pitch3BPosX,Pitch3BPosZ,PitchSSPosX,PitchSSPosZ,PitchLFPosX,PitchLFPosZ,PitchCFPosX,PitchCFPosZ,PitchRFPosX,PitchRFPosZ,PPosX,PPosY,PThrSpd,CName,CPosX,CPosY,CThrSpd,1BName,1BPosX,1BPosY,1BThrSpd,2BName,2BPosX,2BPosY,2BThrSpd,3BName,3BPosX,3BPosY,3BThrSpd,SSName,SSPosX,SSPosY,SSThrSpd,LFName,LFPosX,LFPosY,LFThrSpd,CFName,CFPosX,CFPosY,CFThrSpd,RFName,RFPosX,RFPosY,RFThrSpd,PGetSec,PGetX,PGetZ,CGetSec,CGetX,CGetZ,1BGetSec,1BGetX,1BGetZ,2BGetSec,2BGetX,2BGetZ,3BGetSec,3BGetX,3BGetZ,SSGetSec,SSGetX,SSGetZ,LFGetSec,LFGetX,LFGetZ,CFGetSec,CFGetX,CFGetZ,RFGetSec,RFGetX,RFGetZ,PThrSec,PThrX,PThrZ,CThrSec,CThrX,CThrZ,1BThrSec,1BThrX,1BThrZ,2BThrSec,2BThrX,2BThrZ,3BThrSec,3BThrX,3BThrZ,SSThrSec,SSThrX,SSThrZ,LFThrSec,LFThrX,LFThrZ,CFThrSec,CFThrX,CFThrZ,RFThrSec,RFThrX,RFThrZ,errPosDelta,result,infieldFly,balk,cPlr,sb2Sec,sb3Sec,sbhSec,ass,remarks
1,,1,1,0,0,0,0,0,0,0,0,255,255,255,0,375.5,"Ainy4／あいにゃ",R,28,97,140,-0.829,-1.1,0.113,1.496,-0.421,0.847,-36.9,12.514,43,57,0,1,"",45.365,-78.987,-2.245,0,0,0,"Kr_Luna","ddil_ddil69","임 재 천","kneesohime","aura_5599","Yes_Man_","가앤슬_","","",3,L,"Kr_Luna",190,95.432,0.498,,88,W,Y,0,,,,,,,,,,,,,,,,,,,,,,,,,,,,,,,,,,,,,,,,,,,,,,,,,,,,,,,,,,,,,,,,,,,,,,,,,,,,,,,,,,,,,,,,,,,,,,,,,,,,,,,,,,,,,,,,,,,,,0,0,,,,,,,,,,,,,,,,,,,,,,,,,,,,,,,,,,,,,,-0.068,-37.984,-0.004,-17.204,-21.975,-50.25,-12.209,-63.524,18.772,-44.404,16.476,-62.498,40.922,-90.67,2.121,-115.988,-39.785,-101.347,,,,"",,,,"",,,,"",,,,"",,,,"",,,,"",,,,"",,,,"",,,,,,,,,,,,,,,,,,,,,,,,,,,,,,,,,,,,,,,,,,,,,,,,,,,,,,,,,,"",0,0,0,"",,,,0,""
2,,1,1,0,0,1,0,0,0,0,0,255,255,255,1,389.612,"Ainy4／あいにゃ",R,29,85,138,0.403,-0.998,0.352,1.62,0.517,0.796,-36.9,22.685,47,53,0,1,"",-250,-200,23.648,0,0,0,"=","=","=","=","=","=","=","","",3,L,"Kr_Luna",190,95.432,0.498,,88,W,Y,0,,,,,,,,,,,,,,,,,,,,,,,,,,,,,,,,,,,,,,,,,,,,,,,,,,,,,,,,,,,,,,,,,,,,,,,,,,,,,,,,,,,,,,,,,,,,,,,,,,,,,,,,,,,,,,,,,,,,,0,0,,,,,,,,,,,,,,,,,,,,,,,,,,,,,,,,,,,,,,-0.079,-37.899,-0.011,-17.243,-22.104,-50.534,-11.926,-64.167,19.304,-44.936,16.407,-62.677,40.907,-90.657,2.21,-115.716,-39.371,-101.459,,,,"",,,,"",,,,"",,,,"",,,,"",,,,"",,,,"",,,,"",,,,,,,,,,,,,,,,,,,,,,,,,,,,,,,,,,,,,,,,,,,,,,,,,,,,,,,,,,"",0,0,0,"",,,,0,""
3,,1,1,0,0,2,0,0,0,0,0,255,255,255,2,403.091,"Ainy4／あいにゃ",R,29,86,140,1.047,-0.44,0.372,1.591,0.785,1.155,-36.9,21.668,50,50,0,0,"",-250,-200,27.978,0,0,0,"=","=","=","=","=","=","=","","",3,L,"Kr_Luna",190,95.432,0.498,,91,W,Y,0,,,,,,,,,,,,,,,,,,,,,,,,,,,,,,,,,,,,,,,,,,,,,,,,,,,,,,,,,,,,,,,,,,,,,,,,,,,,,,,,,,,,,,,,,,,,,,,,,,,,,,,,,,,,,,,,,,,,,0,0,,,,,,,,,,,,,,,,,,,,,,,,,,,,,,,,,,,,,,-0.043,-37.999,0.006,-17.216,-22.093,-50.558,-11.934,-64.166,19.425,-45.392,16.595,-62.517,40.907,-90.657,2.509,-113.592,-40.142,-103.358,,,,"",,,,"",,,,"",,,,"",,,,"",,,,"",,,,"",,,,"",,,,,,,,,,,,,,,,,,,,,,,,,,,,,,,,,,,,,,,,,,,,,,,,,,,,,,,,,,"",0,0,0,"",,,,0,""
4,,1,1,0,0,2,1,0,0,0,0,255,255,255,3,414.825,"Ainy4／あいにゃ",R,29,87,140,-1.065,-1.185,0.174,1.447,-0.136,0.689,-36.9,15.861,55,45,0,1,"",-250,-200,36.057,0,0,0,"=","=","=","=","=","=","=","","",3,L,"Kr_Luna",190,95.432,0.498,,91,W,Y,0,,,,,,,,,,,,,,,,,,,,,,,,,,,,,,,,,,,,,,,,,,,,,,,,,,,,,,,,,,,,,,,,,,,,,,,,,,,,,,,,,,,,,,,,,,,,,,,,,,,,,,,,,,,,,,,,,,,,,0,0,,,,,,,,,,,,,,,,,,,,,,,,,,,,,,,,,,,,,,-0.116,-37.914,0.006,-17.217,-21.783,-50.829,-11.239,-63.67,19.38,-45.476,16.431,-62.618,40.907,-90.657,2.483,-111.772,-40.882,-103.108,,,,"",,,,"",,,,"",,,,"",,,,"",,,,"",,,,"",,,,"",,,,,,,,,,,,,,,,,,,,,,,,,,,,,,,,,,,,,,,,,,,,,,,,,,,,,,,,,,"",0,0,0,"",,,,0,""
5,,1,1,0,0,3,1,0,0,0,0,255,255,255,4,425.821,"Ainy4／あいにゃ",R,14,78,104,0.916,-0.588,0.084,1.77,-0.368,1.707,-36.9,15.083,94,6,0,0,"",369.138,312.348,20.939,0,0,0,"=","=","=","=","=","=","=","","",3,L,"Kr_Luna",190,95.432,0.498,,92,W,Y,0,,,,,,,,,,,,,,,,,,,,,,,,,,,,,,,,,,,,,,,,,,,,,,,,,,,,,,,,,,,,,,,,,,,,,,,,,,,,,,,,,,,,,,,,,,,,,,,,,,,,,,,,,,,,,,,,,,,,,0,0,,,,,,,,,,,,,,,,,,,,,,,,,,,,,,,,,,,,,,-0.106,-37.915,0.007,-17.199,-21.789,-50.819,-11.452,-64.267,19.299,-45.557,16.604,-62.538,40.907,-90.657,3.357,-111.751,-40.878,-103.103,,,,"",,,,"",,,,"",,,,"",,,,"",,,,"",,,,"",,,,"",,,,,,,,,,,,,,,,,,,,,,,,,,,,,,,,,,,,,,,,,,,,,,,,,,,,,,,,,,"",0,0,0,"",,,,0,""
6,,1,1,0,0,3,2,0,0,0,0,255,255,255,5,439.424,"Ainy4／あいにゃ",R,14,79,104,1.072,-0.143,0.111,1.903,-0.285,1.995,-36.9,24.163,90,10,0,0,"BA+",362.263,321.227,13.134,0,0,0,"=","=","=","=","=","=","=","","",3,L,"Kr_Luna",190,95.432,0.498,,92,W,Y,0,,,,,,,,,,,,,,,,,,,,,,,,,,,,,,,,,,,,,,,,,,,,,,,,,,,,,,,,,,,,,,,,,,,,,,,,,,,,,,,,,,,,,,,,,,,,,,,,,,,,,,,,,,,,,,,,,,,,,0,1,,,,,,,,,,,,,,,442.022,0,,578,0,,,,,,,,,,,,,,,,,442.35,1,-0.065,-38.085,0.025,-17.257,-21.798,-50.843,-10.917,-65.294,19.389,-45.277,16.019,-62.621,40.907,-90.657,3.356,-111.744,-41.29,-103.129,,,,"",,,,"",,,,"",,,,"",,,,"",,,,"",,,,"",,,,"",,,,,,,,,,,,,,,,,,,,,,,,,,,,,,,,,,,,,,,,,,,,,,,,,,,,,,,,,,"",0,0,0,"",,,,0,""
7,,1,1,0,0,0,0,1,0,0,0,255,255,255,6,458.461,"Ainy4／あいにゃ",R,29,91,140,1.279,0.354,0.385,1.733,0.847,1.612,-36.9,28.058,62,38,0,2,"",-244.011,-200,7.538,0,0,1,"=","=","=","=","=","=","=","","",5,R,"ddil_ddil69",176.4,89.974,0.546,5,93,W,Y,1,459.636,213,73,189,57,31,,145,128,26.026,-15.482,0.163,0.956,-20.435,0.3,0,0.695,197.556,243.697,360.343,,,,,,,,,,,,,,,,,,,,,,,,,,,,,,,,,,,,,,,,,,,,,,,,,,,,,,,,,,,,,,,,,,,,,,,,,,,,,,,,,,,,,,,,,464.994,22.542,-132.645,466.353,7,17.154,0.087,-128.482,1,0,,465.331,469.701,,,,,,,,,,,,,,,,,,,,,,,,,,,,,472.356,3,,,,,0.017,-38.109,-0.024,-17.199,-21.799,-50.83,-11.157,-65.146,19.251,-45.132,12.103,-63.063,40.915,-90.664,-3.13,-111.696,-48.595,-97.699,0.043,-37.507,,"SUGUN",-0.053,-17.387,,"Fresh825",-22.508,-49.497,,"-라후이-",-11.268,-65.008,86,"P0TA0",19.381,-45.058,,"まととまと",12.14,-62.953,,"AI",40.9,-90.65,,"_Gosomi",-3.213,-111.713,113,"아침땅_",-48.172,-97.046,,474.568,0.104,-38.561,,,,,,,470.595,-0.215,-59.628,,,,,,,,,,466.433,16.634,-127.525,,,,,,,,,,,,,473.517,-0.502,-57.457,,,,,,,,,,467.943,16.861,-119.504,,,,"",2,0,0,"_Gosomi",469.701,,,97,""
8,,1,1,0,0,0,0,1,0,1,0,255,5,255,7,489.973,"Ainy4／あいにゃ",R,27,77,128,2.802,0.885,0.446,1.864,1.131,2.039,-36.9,40.495,88,12,0,1,"",55.059,-119.14,-2.11,0,0,2,"=","=","=","=","=","=","=","","",2,R,"임 재 천",190,88.237,0.346,,94,W,Y,0,,,,,,,,,,,,,,,,,,,,,,,,,,,,,,,,,,,,,,,,,,,,,,,,,,,,,,,,,,,,,,,,,,,,,,,,,,,,,,,,,,,,,,,,,,,,,,,,,,,,,,,,,,,,,,,,,,,,,0,0,,,,,,,,,,,,,,,,,,,,,,,,,,,,,,,,,,,,,,0.003,-38.085,-0.01,-17.496,-21.869,-45.663,-12.325,-62.309,19.328,-45.024,9.961,-63.375,40.907,-90.657,-4.477,-113.536,-46.313,-97.571,,,,"",,,,"",,,,"",,,,"",,,,"",,,,"",,,,"",,,,"",,,,493.778,-0.399,-37.878,,,,,,,,,,,,,,,,,,,,,,,,,,,,,,,,,,,,,,,,,,,,,,,,,,,,"",0,0,0,"",492.667,,,0,""
9,,1,1,0,0,1,0,1,0,1,0,255,5,255,8,503.081,"Ainy4／あいにゃ",R,3,69,97,0.005,0.371,0.511,1.932,0.978,1.856,-36.9,55.06,87,13,0,0,"",-437.908,0,-1.656,0,0,2,"=","=","=","=","=","=","=","","",2,R,"임 재 천",190,88.237,0.346,,94,W,Y,0,,,,,,,,,,,,,,,,,,,,,,,,,,,,,,,,,,,,,,,,,,,,,,,,,,,,,,,,,,,,,,,,,,,,,,,,,,,,,,,,,,,,,,,,,,,,,,,,,,,,,,,,,,,,,,,,,,,,,0,0,,,,,,,,,,,,,,,,,,,,,,,,,,,,,,,,,,,,,,-0.05,-37.886,-0.009,-17.211,-23.539,-48.632,-12.365,-62.275,18.952,-44.541,6.669,-61.18,40.915,-90.664,-4.528,-113.564,-45.772,-98.398,,,,"",,,,"",,,,"",,,,"",,,,"",,,,"",,,,"",,,,"",,,,506.935,-0.474,-38.069,,,,,,,,,,,,,,,,,,,,,,,,,,,,,,,,,,,,,,,,,,,,,,,,,,,,"",0,0,0,"",,,,0,""
10,,1,1,0,0,1,1,1,0,1,0,255,5,255,9,519.099,"Ainy4／あいにゃ",R,3,79,105,-1.861,-0.499,0.257,1.587,0.167,1.313,-36.9,26.679,41,59,0,2,"",-477.273,0,-23.791,0,0,2,"=","=","=","=","=","=","=","","",2,R,"임 재 천",190,88.237,0.346,3,94,W,Y,1,520.204,255,90,157,73,71,,145,89,-0.125,-78,-0.353,0.916,-21.842,-0.89,0,0.44,100.881,125.68,-120.47,1,3,3,56447,0.014,0.014,0.006,0,-0.221,0.949,-21.697,-0.89,0.194,0.002,0.981,0,-0.221,0.949,-21.697,-0.89,0.194,0.002,0.981,-0.125,-0.79,0.61,-0.063,2.046,-1.789,-2.086,26.999,27.139,176.868,18.771,40.324,182.375,63.282,6.716,14.427,65.252,0.842,-0.194,0.503,89.279,0,0,0,0,0.75,0.658,-0.465,148.129,0.75,0.658,-0.465,148.129,0.438,0,-0.899,-25.957,-0.999,0,-0.045,87.427,-0.938,-0.293,0.186,-78.794,0.978,-0.002,-0.208,-78,104.997,-999,-999,0.794,1.211,-0.89,0.096,0,48,-1,2,0.819,1,0,10,0.039,520.686,13.472,-24.858,,,,,,0,0,,,,,,,,,,,,,521.233,,,,,,,,,,,,,,,,,,,,,,,,,-0.099,-38.012,0.006,-17.258,-23.563,-48.607,-12.399,-62.206,18.483,-44.16,2.753,-60.955,40.915,-90.664,-4.551,-113.561,-45.837,-98.462,0.08,-37.741,,"SUGUN",-0.055,-17.408,,"Fresh825",-23.366,-48.38,,"-라후이-",-12.402,-62.073,,"P0TA0",18.254,-44.356,,"まととまと",8.832,-62.566,,"AI",40.9,-90.65,,"_Gosomi",-4.543,-113.537,,"아침땅_",-45.68,-98.29,,,,,,,,,,,,,,,,,,,,,,,,,,,,,,,,,,,,,,,,,,,,,,,,,,,,,,,,"",3,0,0,"",523.268,,,0,""
11,,1,1,0,0,1,2,1,0,1,0,255,5,255,10,536.581,"Ainy4／あいにゃ",R,6,67,97,1.712,0.226,0.167,1.927,-0.112,2.046,-36.9,38.756,88,12,0,2,"",376.154,175.981,-8.357,0,0,2,"=","=","=","=","=","=","=","","",2,R,"임 재 천",190,88.237,0.346,3,94,W,Y,1,537.784,255,140,95,76,93,,145,91,-43.639,23.909,0.265,1.239,-21.534,-0.79,0,0.521,195.881,-263.733,-88.384,1,3,3,55423,0.014,0.014,0.004,0,0.228,1.313,-21.837,-0.786,-0.408,0.63,0.661,0,0.228,1.313,-21.837,-0.79,-0.408,0.63,0.661,-43.639,-0.492,0.499,0.714,4.37,0.86,-2.501,24.741,24.882,70.497,74.939,-1.825,102.903,27.098,28.805,-0.702,39.554,0.795,0.457,0.398,91.35,0,0,0,0,0.426,0.371,0.016,60.387,0.426,0.371,0.016,60.387,-1,0,-0.019,88.914,-0.105,0,-0.994,6.044,0.333,-0.571,0.75,23.909,-0.293,-0.69,-0.662,23.909,-158.082,-999,-999,0,0.316,-0.786,0.096,0,48,-1,2,0.311,1,0,8,0.036,537.736,-0.231,-22.658,540.336,3,-14.095,0.42,-54.119,0,0,,543.966,,,,,,,545.148,,,,538.539,,543.479,2,,147,32,,,,,,,,,,,,,,,,,,,-0.124,-38.066,0.028,-17.224,-22.962,-47.215,-13.683,-63.538,19.152,-44.597,3.06,-62.171,40.915,-90.664,0.275,-124.343,-47.21,-99.211,0.07,-37.773,,"SUGUN",-0.008,-17.406,,"Fresh825",-22.683,-46.972,119,"-라후이-",-13.624,-63.406,93,"P0TA0",18.933,-44.342,62,"まととまと",8.988,-63.917,,"AI",40.9,-90.65,,"_Gosomi",0.276,-124.352,,"아침땅_",-47.093,-99.268,,552.09,0.306,-38.387,,,,542.864,-18.942,-40.293,540.435,-14.288,-54.822,544.948,17.979,-39.661,,,,,,,,,,,,,,,,,,,543.488,-17.736,-40.042,542.112,-10.934,-50.23,550.792,17.274,-42.014,,,,,,,,,,,,,"",2,0,0,"-라후이-",,545.148,,39,""
12,,1,1,0,0,0,0,2,0,0,1,255,255,5,11,566.621,"Ainy4／あいにゃ",R,14,77,103,1.019,-0.066,0.131,1.894,-0.224,1.976,-36.9,29.686,92,8,0,2,"",365.589,312.348,10.968,0,0,3,"=","=","=","=","=","=","=","","",4,R,"kneesohime",190,85,0.497,5,93,W,Y,1,567.816,219,146,166,97,43,,145,127,28.527,-44.511,0.182,1.069,-20.846,0.26,0,0.295,-77.046,94.317,116.755,,,,,,,,,,,,,,,,,,,,,,,,,,,,,,,,,,,,,,,,,,,,,,,,,,,,,,,,,,,,,,,,,,,,,,,,,,,,,,,,,,,,,,,,,572.886,76.327,-103.142,,,,,,0,0,,574.572,579.717,584.924,590.026,,,,,,572.915,,,,,,,,,,,,,,,,,,,,,,,,,,,-0.123,-38.135,-0.001,-17.134,-23.724,-48.801,-12.633,-63.314,18.839,-40.013,13.635,-64.668,40.922,-90.67,-5.307,-111.619,-49.461,-97.063,0.039,-37.721,,"SUGUN",0.022,-17.338,,"Fresh825",-23.608,-48.622,,"-라후이-",-12.767,-64.061,,"P0TA0",18.211,-44.082,,"まととまと",12.589,-64.152,,"AI",40.9,-90.65,,"_Gosomi",-5.447,-111.782,,"아침땅_",-49.217,-97.544,,,,,,,,,,,,,,,,,,,,,,,,,,,,,,,,,,,,,,,,,,,,,,,,,,,,,,,,"",4,0,0,"",579.717,584.924,572.915,0,""
13,,1,1,2,0,0,0,2,0,0,0,255,255,255,12,601.647,"Ainy4／あいにゃ",R,29,88,140,0.779,-0.364,0.34,1.606,0.639,1.202,-36.9,21.8,51,49,0,0,"",-250,-200,19.221,0,0,4,"=","=","=","=","=","=","=","","",8,R,"aura_5599",190,89.523,0.398,,93,W,Y,1,,,,,,,,,,,,,,,,,,,,,,,,,,,,,,,,,,,,,,,,,,,,,,,,,,,,,,,,,,,,,,,,,,,,,,,,,,,,,,,,,,,,,,,,,,,,,,,,,,,,,,,,,,,,,,,,,,,,,0,0,,,,,,,,,,,,,,,,,,,,,,,,,,,,,,,,,,,,,,-0.012,-38.051,0.018,-17.202,-24.119,-49.527,-5.965,-64.454,19.436,-44.209,15.028,-63.915,40.907,-90.657,0.936,-110.621,-46.975,-95.051,,,,"",,,,"",,,,"",,,,"",,,,"",,,,"",,,,"",,,,"",,,,,,,,,,,,,,,,,,,,,,,,,,,,,,,,,,,,,,,,,,,,,,,,,,,,,,,,,,"",0,0,0,"",,,,0,""
14,,1,1,2,0,0,1,2,0,0,0,255,255,255,13,615.404,"Ainy4／あいにゃ",R,32,87,140,-2.117,-2.33,0.055,1.452,-1.212,-0.02,-36.9,8.797,50,50,0,1,"",203.37,-136.829,-11.975,-0.4,-19.717,4,"=","=","=","=","=","=","=","","",8,R,"aura_5599",190,89.523,0.398,,93,W,Y,0,,,,,,,,,,,,,,,,,,,,,,,,,,,,,,,,,,,,,,,,,,,,,,,,,,,,,,,,,,,,,,,,,,,,,,,,,,,,,,,,,,,,,,,,,,,,,,,,,,,,,,,,,,,,,,,,,,,,,0,0,,,,,,,,,,,,,,,,,,,,,,,,,,,,,,,,,,,,,,0.096,-38.087,-0.003,-17.1,-24.136,-49.532,-12.942,-63.617,19.324,-44.227,13.509,-63.992,40.915,-90.664,-0.448,-112.333,-47.059,-97.91,,,,"",,,,"",,,,"",,,,"",,,,"",,,,"",,,,"",,,,"",,,,,,,,,,,,,,,,,,,,,,,,,,,,,,,,,,,,,,,,,,,,,,,,,,,,,,,,,,"",0,0,0,"",,,,0,""
15,,1,1,2,0,1,1,2,0,0,0,255,255,255,14,628.16,"Ainy4／あいにゃ",R,32,85,138,1.353,-0.786,0.257,1.554,0.25,1.035,-36.9,12.567,46,54,0,2,"",231.087,-87.805,-11.012,0,0,4,"=","=","=","=","=","=","=","","",8,R,"aura_5599",190,89.523,0.398,3,93,W,Y,1,629.184,170,157,103,80,60,,145,103,59.319,0.638,0.258,0.684,-19.937,-0.22,0,0.278,291.832,116.388,40.534,1,3,3,55423,0.008,0.008,0.02,0,0.303,0.682,-20.249,-0.215,0.863,-0.434,-0.257,0,0.303,0.682,-20.249,-0.22,0.863,-0.434,-0.257,59.319,0.42,0.144,-0.896,0,0.402,-2.515,36.047,36.137,7.819,9.755,-30.927,33.358,-3.361,-6.092,-20.618,21.761,-0.09,0.521,-0.849,103.157,-0.063,-0.026,0.188,70.746,0.086,0.097,-0.062,70.746,0.072,-0.042,-0.29,38.803,0.213,0,-0.977,-12.303,0.686,0,-0.727,-43.323,0.011,-0.07,0.998,0.638,-0.006,0.86,-0.51,0.638,180,-999,-999,0,0.127,-0.215,0.096,0,41,-1,2,0.127,1,0,8,0.026,635.803,-2.661,-78.711,635.936,3,-2.587,2.641,-77.653,0,0,,635.68,,,,,,,,,,,,,636.08,4,,452,0,,,,,,,,,,,,,,,,,,,-0.019,-37.982,-0.046,-17.207,-24.171,-49.551,-12.922,-63.59,19.478,-44.62,12.63,-64.509,40.915,-90.664,-2.099,-111.302,-46.549,-98.292,0.116,-37.508,,"SUGUN",-0.087,-17.383,,"Fresh825",-23.996,-49.288,,"-라후이-",-12.896,-63.594,86,"P0TA0",19.474,-44.621,,"まととまと",12.306,-64.692,,"AI",40.9,-90.65,,"_Gosomi",-2.221,-111.251,,"아침땅_",-46.196,-98.372,,,,,,,,,,,636.088,-2.654,-77.913,,,,,,,,,,,,,,,,,,,,,,,,,637.995,-2.383,-76.38,,,,,,,,,,,,,,,,"",1,0,0,"-라후이-",,,,32,""
16,SIDE,1,1,2,0,0,0,2,0,0,0,255,255,255,,638.427,,,,,,,,,,,,,,,,,,,,,,,,5,"=","=","=","=","=","=","=","","",,,,,,,,,,,,,,,,,,,,,,,,,,,,,,,,,,,,,,,,,,,,,,,,,,,,,,,,,,,,,,,,,,,,,,,,,,,,,,,,,,,,,,,,,,,,,,,,,,,,,,,,,,,,,,,,,,,,,,,,,,,,,,,,0,0,,,,,,,,,,,,,,,,,,,,,,,,,,,,,,,,,,,,,,,,,,,,,,,,,,,,,,,,,,,,,,,,,,,,,,,,,,,,,,,,,,,,,,,,,,,,,,,,,,,,,,,,,,,,,,,,,,,,,,,,,,,,,,,,,,,,,,,,,,,,,,,,,"",0,0,0,"",,,,0,""
17,,1,0,2,0,0,0,0,0,0,0,255,255,255,0,696.055,"가앤슬_",L,27,88,140,-0.418,-0.326,-0.507,1.542,-0.031,1.305,-36.439,32.643,52,48,0,0,"",-117.356,-119.747,3.603,0,0,0,"Fresh825","P0TA0","まととまと","SUGUN","-라후이-","_Gosomi","아침땅_","Ainy4／あいにゃ","",2,L,"Fresh825",190,80,0.2,,93,W,Y,0,,,,,,,,,,,,,,,,,,,,,,,,,,,,,,,,,,,,,,,,,,,,,,,,,,,,,,,,,,,,,,,,,,,,,,,,,,,,,,,,,,,,,,,,,,,,,,,,,,,,,,,,,,,,,,,,,,,,,0,0,,,,,,,,,,,,,,,,,,,,,,,,,,,,,,,,,,,,,,0.107,-37.184,-0.036,-17.014,9.151,-59.321,-10.357,-60.821,23.935,-49.872,-19.366,-44.47,40.93,-90.677,0,-109.88,-55.822,-100.392,,,,"",,,,"",,,,"",,,,"",,,,"",,,,"",,,,"",,,,"",,,,,,,,,,,,,,,,,,,,,,,,,,,,,,,,,,,,,,,,,,,,,,,,,,,,,,,,,,"",0,0,0,"",,,,0,""
18,,1,0,2,0,0,1,0,0,0,0,255,255,255,1,713.265,"가앤슬_",L,4,76,109,1.606,-0.458,-0.556,1.549,0.333,1.348,-36.439,14.454,51,49,0,4,"",209.199,10.372,-12.437,0,0,0,"=","=","=","=","=","=","=","=","",2,L,"Fresh825",190,80,0.2,,93,W,Y,1,,,,,,,,,,,,,,,,,,,,,,,,,,,,,,,,,,,,,,,,,,,,,,,,,,,,,,,,,,,,,,,,,,,,,,,,,,,,,,,,,,,,,,,,,,,,,,,,,,,,,,,,,,,,,,,,,,,,,0,0,,,,,,,,,,,,,,,,,,,,,,,,,,,,,,,,,,,,,,-0.135,-37.36,-0.004,-17.249,8.995,-59.672,-9.494,-60.702,24.505,-51.778,-19.478,-44.381,40.915,-90.664,0,-109.86,-58.293,-99.937,,,,"",,,,"",,,,"",,,,"",,,,"",,,,"",,,,"",,,,"",,,,,,,,,,,,,,,,,,,,,,,,,,,,,,,,,,,,,,,,,,,,,,,,,,,,,,,,,,"",0,0,0,"",,,,0,""
19,,1,0,2,0,0,2,0,0,0,0,255,255,255,2,732.531,"가앤슬_",L,10,77,105,1.084,-1.068,-0.372,1.597,0.468,1.496,-36.439,22.536,100,0,0,4,"",7.276,400,-10.155,0,0,0,"=","=","=","=","=","=","=","=","",2,L,"Fresh825",190,80,0.2,,93,W,Y,1,,,,,,,,,,,,,,,,,,,,,,,,,,,,,,,,,,,,,,,,,,,,,,,,,,,,,,,,,,,,,,,,,,,,,,,,,,,,,,,,,,,,,,,,,,,,,,,,,,,,,,,,,,,,,,,,,,,,,0,0,,,,,,,,,,,,,,,735.313,0,,578,0,,,,,,,,,,,,,,,,,,,0.105,-37.418,-0.016,-17.179,9.562,-59.807,-10.101,-60.54,24.891,-51.466,-19.371,-44.455,40.922,-90.67,0,-109.86,-52.987,-93.329,,,,"",,,,"",,,,"",,,,"",,,,"",,,,"",,,,"",,,,"",,,,,,,,,,,,,,,,,,,,,,,,,,,,,,,,,,,,,,,,,,,,,,,,,,,,,,,,,,"",0,0,0,"",,,,0,""
20,,1,0,2,0,0,0,1,0,0,0,255,255,255,3,756.073,"가앤슬_",L,26,88,140,2.666,-0.631,-0.227,1.542,1.268,1.042,-36.439,4.181,56,44,0,1,"",-97.249,-200,-26.529,0,0,1,"=","=","=","=","=","=","=","=","",4,R,"P0TA0",190.3,96,0.442,,92,W,Y,0,,,,,,,,,,,,,,,,,,,,,,,,,,,,,,,,,,,,,,,,,,,,,,,,,,,,,,,,,,,,,,,,,,,,,,,,,,,,,,,,,,,,,,,,,,,,,,,,,,,,,,,,,,,,,,,,,,,,,0,0,,,,,,,,,,,,,,,,,,,,,,,,,,,,,,,,,,,,,,0.095,-37.284,-0.09,-17.281,9.309,-59.861,-12.585,-58.866,24.977,-51.53,-19.216,-44.566,40.922,-90.671,0,-109.87,-51.097,-91.272,,,,"",,,,"",,,,"",,,,"",,,,"",,,,"",,,,"",,,,"",,,,,,,,,,,,,,,,,,,,,,,,,,,,,,,,,,,,,,,,,,,,,,,,,,,,,,,,,,"",0,0,0,"",,,,0,""
21,,1,0,2,0,1,0,1,0,0,0,255,255,255,4,771.934,"가앤슬_",L,26,84,136,0.911,-0.199,-0.394,1.633,0.495,1.336,-36.439,8.802,47,53,0,2,"",-61.721,-165.748,-13.848,0,0,1,"=","=","=","=","=","=","=","=","",4,R,"P0TA0",190.3,96,0.442,3,92,W,Y,1,772.972,245,112,105,54,28,,145,89,-38.236,1.707,0.261,0.731,-17.301,-0.88,0,0.151,50.244,-210.662,-25.669,1,3,3,55423,0.014,0.014,0.01,0,0.273,0.798,-17.826,-0.879,0.441,0.556,-0.705,0,0.273,0.798,-17.826,-0.88,0.441,0.556,-0.705,-38.236,-0.162,0.559,0.813,1.135,1.046,-2.388,35.112,35.209,19.606,-46.8,-245.08,250.277,12.895,-30.779,-161.183,164.601,0.649,0.243,-0.721,89.486,0,0,0,0,-0.047,-0.133,-0.557,122.006,-0.047,-0.133,-0.557,122.006,0.66,0,-0.751,-41.301,0.319,0,-0.948,-18.615,0.03,-0.068,0.997,1.707,-0.023,-0.619,-0.785,1.707,180,-999,-999,0,0.912,-0.879,0.096,0,48,-1,2,0.885,1,0,8,0.021,772.844,0.237,-18.15,774.253,0,-0.269,2.289,-36.196,0,0,,,,,,,,,,,,,,,777.491,1,,150,64,,,,,,,,,,,,,,,,,,,0.024,-37.302,0.032,-17.326,11.8,-58.231,-14.584,-58.018,24.937,-51.579,-19.288,-44.522,40.915,-90.664,0,-109.86,-54.835,-95.05,-0.507,-37.575,120,"Yes_Man_",0.044,-17.735,,"임 재 천",11.776,-58.197,,"Kr_Luna",-14.723,-57.942,,"kneesohime",24.969,-51.563,,"ddil_ddil69",-19.085,-44.369,86,"AI",40.9,-90.65,,"AI",0,-109.84,,"aura_5599",-54.519,-94.564,,774.384,-0.163,-37.044,,,,,,,,,,,,,776.796,-19.177,-39.62,,,,,,,,,,776.018,-6.02,-39.155,,,,,,,,,,,,,779.791,-18.188,-39.777,,,,,,,,,,"",2,0,0,"가앤슬_",,,,66,""
22,,1,0,2,0,0,0,2,0,0,0,255,255,255,5,827.993,"가앤슬_",L,26,85,137,3.089,-0.248,-0.197,1.619,1.41,1.273,-36.439,4.211,47,53,0,2,"",-48.623,-200,-13.496,0,0,2,"=","=","=","=","=","=","=","=","",5,R,"まととまと",179.8,90.039,0.45,5,91,W,Y,1,829.103,214,86,178,108,89,,145,87,36.794,47.485,0.589,0.855,-20.04,-0.86,0,0.065,312.366,86.878,-28.776,,,,,,,,,,,,,,,,,,,,,,,,,,,,,,,,,,,,,,,,,,,,,,,,,,,,,,,,,,,,,,,,,,,,,,,,,,,,,,,,,,,,,,,,,833.911,-50.581,-63.983,835.061,8,-54.943,1.057,-67.706,0,0,,,,,837.614,,,,,,,,,,,,,,,,,,,,,,,,,838.322,5,,,,,,,0.132,-37.111,0.002,-17.375,9.771,-61.174,-12.427,-58.299,23.999,-51.004,-19.405,-44.61,40.929,-90.677,0,-109.87,-51.464,-89.786,0.05,-37.31,,"Yes_Man_",0.008,-17.712,,"임 재 천",9.759,-61.157,,"Kr_Luna",-13.365,-57.861,,"kneesohime",23.396,-51.466,,"ddil_ddil69",-19.28,-44.399,94,"AI",40.9,-90.65,,"AI",0,-109.84,,"aura_5599",-51.372,-89.636,110,840.161,-0.727,-38.097,,,,,,,,,,,,,838.048,-19.394,-40.074,,,,,,,835.173,-55.128,-68.135,,,,,,,,,,,,,,,,839.335,-13.232,-37.636,,,,,,,836.302,-48.246,-63.62,"",3,0,0,"aura_5599",,,,82,""
23,,1,0,2,0,0,1,2,0,0,0,255,255,255,6,852.84,"가앤슬_",L,6,60,94,1.059,0.444,-0.234,1.656,1.135,1.896,-36.439,27.198,55,45,0,2,"",-299.344,0,-15.013,0,0,2,"=","=","=","=","=","=","=","=","",5,R,"まととまと",179.8,90.039,0.45,5,91,W,Y,1,854.218,96,75,100,82,43,,135,128,-30,39.712,0.17,1.009,-19.443,0.55,0,0.088,-387.734,250.061,-133.588,,,,,,,,,,,,,,,,,,,,,,,,,,,,,,,,,,,,,,,,,,,,,,,,,,,,,,,,,,,,,,,,,,,,,,,,,,,,,,,,,,,,,,,,,854.111,-0.877,-20.698,857.719,8,-48.83,0.06,-79.424,1,0,,859.888,864.458,,,,,,,,,,,,,,,,,,,,,,,,,,,,,,,,,,,0.299,-37.206,0.066,-17.367,9.023,-60.752,-14.846,-59.42,22.126,-51.491,-19.464,-44.876,40.915,-90.664,0,-109.86,-52.281,-88.558,-0.083,-37.719,,"Yes_Man_",0.16,-17.7,,"임 재 천",9.015,-60.726,69,"Kr_Luna",-15.039,-59.383,,"kneesohime",22.075,-51.436,,"ddil_ddil69",-19.343,-44.642,,"AI",40.9,-90.65,,"AI",0,-109.84,,"aura_5599",-52.662,-89.397,104,871.197,-0.228,-39.075,,,,866.86,-0.815,-58.874,,,,,,,,,,,,,,,,857.809,-50.304,-81.189,,,,,,,869.878,0.889,-58.106,,,,,,,,,,,,,,,,865.182,-35.769,-55.574,"",2,0,0,"aura_5599",864.458,,,84,""
24,,1,0,2,0,0,0,2,0,1,0,255,15,255,7,896.022,"가앤슬_",L,26,87,140,0.293,-1.801,-0.438,1.3,0.289,0.313,-36.439,8.9,49,51,0,1,"",-128.192,-191.492,-8.69,0,0,3,"=","=","=","=","=","=","=","=","",1,R,"SUGUN",190,82,0.5,,91,W,Y,0,,,,,,,,,,,,,,,,,,,,,,,,,,,,,,,,,,,,,,,,,,,,,,,,,,,,,,,,,,,,,,,,,,,,,,,,,,,,,,,,,,,,,,,,,,,,,,,,,,,,,,,,,,,,,,,,,,,,,0,0,,,,,,,,,,,,,907.594,,,,,,,,,,,,,,,,,,,,,,,,,-0.009,-37.24,-0.084,-17.415,4.329,-60.732,-14.173,-57.947,20.753,-45.464,-19.743,-44.866,40.937,-90.684,0,-109.87,-52.558,-92.594,,,,"",,,,"",,,,"",,,,"",,,,"",,,,"",,,,"",,,,"",,,,899.858,-0.358,-37.306,,,,,,,,,,,,,,,,,,,,,,,,,,,,,,,,,,,,,,,,,,,,,,,,,,,,"",0,0,0,"",900.45,,,0,""
25,,1,0,2,0,1,0,2,0,1,0,255,15,255,8,911.976,"가앤슬_",L,33,79,129,-2.044,-0.742,-0.649,1.527,-0.695,1.049,-36.439,43.959,82,18,0,2,"",-119.066,-99.169,2.527,0,0,3,"=","=","=","=","=","=","=","=","",1,R,"SUGUN",190,82,0.5,5,91,W,Y,1,912.929,148,79,108,66,0,,145,120,25.888,18.625,-0.376,0.72,-20.192,0.77,0,0.458,393.695,183.662,-115.912,,,,,,,,,,,,,,,,,,,,,,,,,,,,,,,,,,,,,,,,,,,,,,,,,,,,,,,,,,,,,,,,,,,,,,,,,,,,,,,,,,,,,,,,,918.194,-39.422,-122.322,920.386,8,-37.354,0.055,-118.978,1,1,,918.585,923.193,,,,,,917.942,922.819,,,,,,,,,,,,,,,,,,,,,,,,,,,,0.07,-37.202,-0.073,-17.444,4.94,-60.512,-14.542,-57.805,19.832,-41.681,-19.72,-44.843,40.915,-90.664,0,-109.86,-57.162,-95.936,-0.628,-37.429,,"Yes_Man_",-0.01,-17.675,,"임 재 천",3.166,-59.948,,"Kr_Luna",-17.322,-56.213,,"kneesohime",19.777,-42.217,85,"ddil_ddil69",-19.624,-44.67,,"AI",40.9,-90.65,,"AI",0,-109.84,,"aura_5599",-56.219,-94.9,113,941.138,4.83,-38.047,,,,,,,,,,930.279,21.67,-20.034,,,,,,,,,,920.558,-37.259,-118.176,,,,,,,,,,,,,940.277,18.139,-41.426,,,,,,,,,,921.655,-34.494,-114.009,"",2,0,0,"aura_5599",923.193,917.942,922.819,88,""
26,,1,0,2,1,0,0,2,0,1,0,255,11,255,9,957.513,"가앤슬_",L,6,66,96,1.355,0.255,-0.183,1.697,1.294,1.998,-36.439,20.687,64,36,0,0,"",-380.671,160.031,-17.983,0,0,4,"=","=","=","=","=","=","=","=","",3,R,"-라후이-",175,86,0.498,,86,W,Y,0,,,,,,,,,,,,,,,,,,,,,,,,,,,,,,,,,,,,,,,,,,,,,,,,,,,,,,,,,,,,,,,,,,,,,,,,,,,,,,,,,,,,,,,,,,,,,,,,,,,,,,,,,,,,,,,,,,,,,0,0,,,,,,,,,,,,,972.169,,,,,,,,,,,,,,,,,,,,,,,,,0.32,-37.151,0,-17.156,4.387,-61.368,-14.53,-61.101,20.782,-45.933,-19.435,-44.63,40.915,-90.664,0,-109.86,-50.045,-93.224,,,,"",,,,"",,,,"",,,,"",,,,"",,,,"",,,,"",,,,"",,,,961.098,0.069,-37.1,,,,,,,,,,,,,,,,,,,,,,,,,,,,,,,,,,,,,,,,,,,,,,,,,,,,"",0,0,0,"",960.158,,,0,""
27,,1,0,2,1,0,1,2,0,1,0,255,11,255,10,972.944,"가앤슬_",L,26,88,140,4.342,-1.369,-0.104,1.436,1.844,0.632,-36.439,6.415,54,46,0,3,"S+|B+|R1-",-64.256,-200,-12.122,0.088,-20.576,4,"=","=","=","=","=","=","=","=","",3,R,"-라후이-",175,86,0.498,,86,W,Y,0,,,,,,,,,,,,,,,,,,,,,,,,,,,,,,,,,,,,,,,,,,,,,,,,,,,,,,,,,,,,,,,,,,,,,,,,,,,,,,,,,,,,,,,,,,,,,,,,,,,,,,,,,,,,,,,,,,,,,0,0,,,,,,,,,,,,,992.257,,,,,,,,,,,,,,,,,,,,,,,,,0.268,-37.021,0.082,-17.419,3.314,-60.938,-14.577,-61.048,20.237,-43.542,-19.331,-44.678,40.915,-90.664,0,-109.85,-52.193,-92.077,,,,"",,,,"",,,,"",,,,"",,,,"",,,,"",,,,"",,,,"",,,,,,,,,,,,,,,,,,,,,,,,,,,,,,,,,,,,,,,,,,,,,,,,,,,,,,,,,,"",6,0,0,"",,,,0,""
28,,1,0,2,1,2,1,2,0,1,0,255,11,255,11,992.752,"가앤슬_",L,26,88,140,0.698,0.483,-0.412,1.738,0.411,1.695,-36.439,25.935,84,16,0,2,"",-70.237,-200,-17.692,0,0,4,"=","=","=","=","=","=","=","=","",3,R,"-라후이-",175,86,0.498,5,86,W,Y,1,993.563,168,146,149,73,33,,145,96,52.241,9.79,0.141,1.073,-20.025,-0.33,0,0.187,266.988,203.176,-124.292,,,,,,,,,,,,,,,,,,,,,,,,,,,,,,,,,,,,,,,,,,,,,,,,,,,,,,,,,,,,,,,,,,,,,,,,,,,,,,,,,,,,,,,,,,,,999.436,3,-12.565,3.132,-80.069,0,0,,,,,,,,,997.977,,,,,,999.749,4,,452,0,1001.779,3,2,675,1,,,,,,,,,,,,,,0.174,-37.17,0.083,-17.375,3.59,-61.113,-14.589,-61.116,20.162,-43.97,-19.14,-44.003,40.915,-90.664,0,-109.85,-52.37,-94.239,-0.078,-37.213,,"Yes_Man_",0.048,-17.601,,"임 재 천",3.589,-61.113,,"Kr_Luna",-15.139,-60.904,106,"kneesohime",19.78,-43.434,,"ddil_ddil69",-18.994,-43.841,,"AI",40.9,-90.65,,"AI",0,-109.84,,"aura_5599",-52.315,-94.136,,,,,,,,1001.8,-0.46,-59.352,999.76,-12.619,-80.452,,,,,,,,,,,,,,,,,,,,,,,,,1000.747,-12.166,-76.309,,,,,,,,,,,,,,,,"",1,0,0,"Kr_Luna",,997.977,,5,""
29,SIDE,1,0,2,1,0,0,2,0,0,0,255,255,255,,1003.118,,,,,,,,,,,,,,,,,,,,,,,,5,"=","=","=","=","=","=","=","=","",,,,,,,,,,,,,,,,,,,,,,,,,,,,,,,,,,,,,,,,,,,,,,,,,,,,,,,,,,,,,,,,,,,,,,,,,,,,,,,,,,,,,,,,,,,,,,,,,,,,,,,,,,,,,,,,,,,,,,,,,,,,,,,,0,0,,,,,,,,,,,,,,,,,,,,,,,,,,,,,,,,,,,,,,,,,,,,,,,,,,,,,,,,,,,,,,,,,,,,,,,,,,,,,,,,,,,,,,,,,,,,,,,,,,,,,,,,,,,,,,,,,,,,,,,,,,,,,,,,,,,,,,,,,,,,,,,,,"",0,0,0,"",,,,0,""
30,,2,1,2,1,0,0,0,0,0,0,255,255,255,17,1046.466,"Ainy4／あいにゃ",R,28,90,140,-0.689,-0.897,0.122,1.531,-0.378,0.96,-36.9,12.405,44,56,0,0,"",59.382,-94.023,-2.523,0,0,5,"Kr_Luna","ddil_ddil69","임 재 천","kneesohime","aura_5599","Yes_Man_","가앤슬_","","",1,R,"Yes_Man_",190,85.251,0.499,,90,W,Y,0,,,,,,,,,,,,,,,,,,,,,,,,,,,,,,,,,,,,,,,,,,,,,,,,,,,,,,,,,,,,,,,,,,,,,,,,,,,,,,,,,,,,,,,,,,,,,,,,,,,,,,,,,,,,,,,,,,,,,0,0,,,,,,,,,,,,,,,,,,,,,,,,,,,,,,,,,,,,,,-0.13,-38.043,-0.055,-17.437,-20.822,-45.208,-14.301,-62.986,19.406,-45.496,11.583,-65.701,40.915,-90.664,-3.073,-113.973,-48.826,-99.344,,,,"",,,,"",,,,"",,,,"",,,,"",,,,"",,,,"",,,,"",,,,,,,,,,,,,,,,,,,,,,,,,,,,,,,,,,,,,,,,,,,,,,,,,,,,,,,,,,"",0,0,0,"",,,,0,""
31,,2,1,2,1,0,1,0,0,0,0,255,255,255,18,1060.848,"Ainy4／あいにゃ",R,10,86,112,1.009,-0.433,0.158,1.641,-0.138,1.43,-36.9,16.348,41,59,0,2,"",0,400,26.844,0,0,5,"=","=","=","=","=","=","=","","",1,R,"Yes_Man_",190,85.251,0.499,0,90,W,Y,1,1062.03,226,108,97,88,55,,145,133,-30,-0.851,-0.188,0.423,-20.312,0.45,0,0.527,-411.935,273.244,-31.305,,,,,,,,,,,,,,,,,,,,,,,,,,,,,,,,,,,,,,,,,,,,,,,,,,,,,,,,,,,,,,,,,,,,,,,,,,,,,,,,,,,,,,,,,1061.861,-0.179,-20.943,1065.369,7,0.931,0.085,-99.911,1,0,,1068.178,,,,,,,,,,,,,,,,,,,,,,,,,,,,,,1069.788,5,,,,,-0.096,-38.106,-0.05,-17.404,-22.429,-47.539,-13.993,-62.973,19.414,-45.516,11.704,-65.62,40.907,-90.657,-3.064,-113.943,-48.533,-99.983,-0.004,-37.429,,"SUGUN",-0.068,-17.447,,"Fresh825",-22.287,-47.356,,"-라후이-",-13.673,-63.163,,"P0TA0",19.404,-45.52,,"まととまと",10.177,-65.115,85,"AI",40.9,-90.65,,"_Gosomi",-3.08,-113.93,86,"아침땅_",-48.093,-100.081,,1130.081,-0.261,-38.208,,,,,,,,,,,,,1069.216,0.399,-60.752,,,,1065.498,0.94,-102.195,,,,,,,,,,,,,,,,,,,1071.839,0.134,-58.241,,,,1067.558,-0.828,-89.977,,,,"",2,0,0,"_Gosomi",,,,164,""
32,,2,1,2,1,0,0,0,1,0,0,1,255,255,19,1145.609,"Ainy4／あいにゃ",R,6,73,100,1.5,-0.389,0.061,1.621,-0.44,1.385,-36.9,17.946,53,47,0,4,"",454.546,0,33.382,0,0,6,"=","=","=","=","=","=","=","","",0,R,"가앤슬_",190,85.179,0.2,,82,W,Y,1,,,,,,,,,,,,,,,,,,,,,,,,,,,,,,,,,,,,,,,,,,,,,,,,,,,,,,,,,,,,,,,,,,,,,,,,,,,,,,,,,,,,,,,,,,,,,,,,,,,,,,,,,,,,,,,,,,,,,0,0,,,,,,,,,,,,,,,,,,,,,,,,,,,,,,,,,,,,,,-0.15,-38.017,-0.013,-17.37,-18.879,-39.745,-14.364,-64.09,18.302,-44.141,9.251,-64.774,40.907,-90.657,1.382,-118.572,-46.821,-99.507,,,,"",,,,"",,,,"",,,,"",,,,"",,,,"",,,,"",,,,"",,,,1149.935,-0.42,-37.919,,,,,,,,,,,,,,,,,,,,,,,,,,,,,,,,,,,,,,,,,,,,,,,,,,,,"",0,0,0,"",,,,0,""
33,,2,1,2,1,0,1,0,1,0,0,1,255,255,20,1162.167,"Ainy4／あいにゃ",R,29,76,126,-2.528,0.234,0.052,1.717,-0.7,1.563,-36.9,20.213,95,5,0,4,"",-250,-188.929,13.211,0,0,6,"=","=","=","=","=","=","=","","",0,R,"가앤슬_",190,85.179,0.2,,82,W,Y,1,,,,,,,,,,,,,,,,,,,,,,,,,,,,,,,,,,,,,,,,,,,,,,,,,,,,,,,,,,,,,,,,,,,,,,,,,,,,,,,,,,,,,,,,,,,,,,,,,,,,,,,,,,,,,,,,,,,,,0,0,,,,,,,,,,,,1162.619,,,,,,,,,,,,,,,,,,,,,,,,,,-0.122,-38.039,-0.023,-17.172,-18.845,-39.938,-12.316,-65.074,18.121,-44.306,10.364,-63.56,40.915,-90.664,-3.403,-117.671,-48.598,-98.057,,,,"",,,,"",,,,"",,,,"",,,,"",,,,"",,,,"",,,,"",,,,1166.704,-0.444,-37.988,,,,,,,,,,,,,,,,,,,,,,,,,,,,,,,,,,,,,,,,,,,,,,,,,,,,"",0,0,0,"",,,,0,""
34,,2,1,2,1,0,2,0,1,0,0,1,255,255,21,1177.199,"Ainy4／あいにゃ",R,3,79,105,-2.565,-0.142,0.155,1.69,-0.149,1.534,-36.9,28.9,94,6,0,4,"",-477.273,0,-7.119,0,0,6,"=","=","=","=","=","=","=","","",0,R,"가앤슬_",190,85.179,0.2,,82,W,Y,1,,,,,,,,,,,,,,,,,,,,,,,,,,,,,,,,,,,,,,,,,,,,,,,,,,,,,,,,,,,,,,,,,,,,,,,,,,,,,,,,,,,,,,,,,,,,,,,,,,,,,,,,,,,,,,,,,,,,,0,0,,,,,,,,,,,,1183.599,,,1180.012,6,,578,0,,,,,,,,,,,,,,,,,,,-0.153,-38.09,-0.015,-17.095,-18.869,-39.819,-12.047,-64.442,17.824,-44.629,10.675,-64.783,40.907,-90.657,-5.253,-120.015,-48.071,-98.579,,,,"",,,,"",,,,"",,,,"",,,,"",,,,"",,,,"",,,,"",,,,1182.892,-0.51,-37.386,,,,,,,,,,,,,,,,,,,,,,,,,,,,,,,,,,,,,,,,,,,,,,,,,,,,"",0,0,0,"",,,,0,""
35,,2,1,2,1,0,0,1,1,0,0,1,255,255,22,1195.218,"Ainy4／あいにゃ",R,14,75,101,1.515,-0.348,0.177,1.862,-0.081,1.907,-36.9,30.706,90,10,0,4,"",342.337,333.149,-2.927,0,0,0,"=","=","=","=","=","=","=","","",3,L,"Kr_Luna",190,95.432,0.498,,90,W,Y,0,,,,,,,,,,,,,,,,,,,,,,,,,,,,,,,,,,,,,,,,,,,,,,,,,,,,,,,,,,,,,,,,,,,,,,,,,,,,,,,,,,,,,,,,,,,,,,,,,,,,,,,,,,,,,,,,,,,,,0,0,,,,,,,,,,,,,,,,,,,,,,,,,,,,,,,,,,,,,,-0.082,-38.016,0.04,-17.212,-19.023,-39.845,-12.466,-64.974,18.296,-44.68,15.691,-62.894,40.915,-90.664,11.243,-119.83,-43.217,-101.457,,,,"",,,,"",,,,"",,,,"",,,,"",,,,"",,,,"",,,,"",,,,1199.01,-0.418,-37.898,,,,,,,,,,,,,,,,,,,,,,,,,,,,,,,,,,,,,,,,,,,,,,,,,,,,"",0,0,0,"",,,,0,""
36,,2,1,2,1,0,1,1,1,0,0,1,255,255,23,1211.307,"Ainy4／あいにゃ",R,32,78,128,0.675,-0.416,0.18,1.639,-0.106,1.309,-36.9,22.966,60,40,0,0,"",250,-34.138,-15.829,0,0,0,"=","=","=","=","=","=","=","","",3,L,"Kr_Luna",190,95.432,0.498,,91,W,Y,0,,,,,,,,,,,,,,,,,,,,,,,,,,,,,,,,,,,,,,,,,,,,,,,,,,,,,,,,,,,,,,,,,,,,,,,,,,,,,,,,,,,,,,,,,,,,,,,,,,,,,,,,,,,,,,,,,,,,,0,0,,,,,,,,,,,,1211.401,,,,,,,,,,,,,,,,,,,,,,,,,,-0.17,-37.931,-0.046,-17.285,-18.955,-39.86,-11.392,-65.506,18.466,-44.62,14.756,-62.401,40.915,-90.664,6.113,-120.567,-42.374,-102.327,,,,"",,,,"",,,,"",,,,"",,,,"",,,,"",,,,"",,,,"",,,,1215.167,-0.316,-38.049,,,,,,,,,,,,,,,,,,,,,,,,,,,,,,,,,,,,,,,,,,,,,,,,,,,,"",0,0,0,"",,,,0,""
37,,2,1,2,1,0,2,1,1,0,0,1,255,255,24,1227.835,"Ainy4／あいにゃ",R,26,85,137,0.941,-0.447,0.27,1.596,0.311,1.17,-36.9,23.301,44,56,0,0,"",62.763,-172.78,-3.744,0,0,0,"=","=","=","=","=","=","=","","",3,L,"Kr_Luna",190,95.432,0.498,,91,W,Y,0,,,,,,,,,,,,,,,,,,,,,,,,,,,,,,,,,,,,,,,,,,,,,,,,,,,,,,,,,,,,,,,,,,,,,,,,,,,,,,,,,,,,,,,,,,,,,,,,,,,,,,,,,,,,,,,,,,,,,0,0,,,,,,,,,,,,1227.863,,,1230.317,0,,578,0,,,,,,,,,,,,,,,,,,,-0.059,-38.283,0.007,-17.334,-18.848,-39.681,-10.927,-65.694,18.082,-44.998,14.756,-62.395,40.915,-90.664,6.732,-116.371,-42.656,-102.743,,,,"",,,,"",,,,"",,,,"",,,,"",,,,"",,,,"",,,,"",,,,1232.349,-0.388,-37.992,,,,,,,,,,,,,,,,,,,,,,,,,,,,,,,,,,,,,,,,,,,,,,,,,,,,"",0,0,0,"",,,,0,""
38,,2,1,2,1,0,0,2,1,0,0,1,255,255,25,1249.262,"Ainy4／あいにゃ",R,3,76,104,-0.075,-0.457,0.462,1.616,0.803,1.354,-36.9,47.315,44,56,0,0,"",-411.749,0,-7.402,0,0,1,"=","=","=","=","=","=","=","","",5,R,"ddil_ddil69",176.4,89.974,0.546,,91,W,Y,1,,,,,,,,,,,,,,,,,,,,,,,,,,,,,,,,,,,,,,,,,,,,,,,,,,,,,,,,,,,,,,,,,,,,,,,,,,,,,,,,,,,,,,,,,,,,,,,,,,,,,,,,,,,,,,,,,,,,,0,0,,,,,,,,,,,,,,,,,,,,,,,,,,,,,,,,,,,,,,-0.173,-38.407,-0.12,-17.213,-18.84,-39.68,-10.97,-65.762,18.154,-44.961,12.009,-64.263,40.915,-90.664,0.722,-123.094,-49.119,-97.491,,,,"",,,,"",,,,"",,,,"",,,,"",,,,"",,,,"",,,,"",,,,1253.503,-0.646,-37.784,,,,,,,,,,,,,,,,,,,,,,,,,,,,,,,,,,,,,,,,,,,,,,,,,,,,"",0,0,0,"",,,,0,""
39,,2,1,2,1,0,1,2,1,0,0,1,255,255,26,1267.477,"Ainy4／あいにゃ",R,32,80,130,1.356,0.033,0.246,1.715,0.198,1.547,-36.9,31.515,89,11,0,2,"",249.249,-65.53,-8.32,0,0,1,"=","=","=","=","=","=","=","","",5,R,"ddil_ddil69",176.4,89.974,0.546,5,41,W,Y,1,1268.661,121,20,87,6,0,,123,122,-30,63.285,0.266,0.904,-19.7,0.41,0,0.389,-159.526,75.457,75.091,,,,,,,,,,,,,,,,,,,,,,,,,,,,,,,,,,,,,,,,,,,,,,,,,,,,,,,,,,,,,,,,,,,,,,,,,,,,,,,,,,,,,,,,,1268.586,-1.032,-20.352,,,,,,0,0,,,,,,,,,,,,1268.429,,,,,,,,,,,,,,,,,,,,,,,,,,-0.112,-38.382,-0.005,-17.151,-18.972,-39.795,-10.977,-65.795,18.334,-44.745,10.687,-61.939,40.915,-90.664,0.611,-123.167,-47.953,-98.831,0.061,-37.541,,"SUGUN",-0.063,-17.415,,"Fresh825",-18.553,-43.142,,"-라후이-",-10.874,-65.844,,"P0TA0",18.302,-44.688,,"まととまと",12.059,-62.972,,"AI",40.9,-90.65,,"_Gosomi",0.667,-123.195,,"아침땅_",-47.611,-99.027,,,,,,,,,,,,,,,,,,,,,,,,,,,,,,,,,,,,,,,,,,,,,,,,,,,,,,,,"",3,0,0,"",,,,0,""
40,,2,1,2,1,0,2,2,1,0,0,1,255,255,27,1285.646,"Ainy4／あいにゃ",R,14,75,102,0.171,-0.084,-0.006,1.941,-0.647,2.109,-36.9,32.73,82,18,0,2,"",340.499,339.354,-3.1,0,0,1,"=","=","=","=","=","=","=","","",5,R,"ddil_ddil69",176.4,89.974,0.546,0,41,W,Y,1,1286.942,81,113,102,78,41,,127,89,2.194,-3.327,0.014,0.993,-20.938,-0.19,0,0.59,-265.659,-31.527,-16.677,,,,,,,,,,,,,,,,,,,,,,,,,,,,,,,,,,,,,,,,,,,,,,,,,,,,,,,,,,,,,,,,,,,,,,,,,,,,,,,,,,,,,,,,,1287.619,1.056,-38.483,1287.794,0,0.925,0.492,-36.252,0,0,,,,,,,,,,,,,,,1287.995,1,,449,0,1289.932,5,1,659,128,,,,,,1294.322,2,,,,,,,-0.191,-38.418,0.023,-17.163,-18.814,-39.763,-13.127,-65.002,18.021,-45.313,10.586,-63.071,40.907,-90.657,2.047,-121.143,-47.652,-98.892,-0.007,-37.704,119,"SUGUN",0.112,-17.345,,"Fresh825",-18.914,-43.428,,"-라후이-",-13.179,-64.921,,"P0TA0",17.644,-45.373,,"まととまと",10.543,-63.333,,"AI",40.9,-90.65,,"_Gosomi",2.578,-121.333,,"아침땅_",-47.423,-98.559,,1288.004,0.784,-37.556,,,,1289.946,-18.722,-39.686,,,,,,,,,,,,,,,,,,,1289.22,-2.894,-38.038,,,,,,,,,,,,,,,,,,,,,,,,,"",1,0,0,"Ainy4／あいにゃ",,,,129,""
41,SIDE,2,1,2,1,0,0,2,0,0,0,255,255,255,,1301.607,,,,,,,,,,,,,,,,,,,,,,,,1,"=","=","=","=","=","=","=","","",,,,,,,,,,,,,,,,,,,,,,,,,,,,,,,,,,,,,,,,,,,,,,,,,,,,,,,,,,,,,,,,,,,,,,,,,,,,,,,,,,,,,,,,,,,,,,,,,,,,,,,,,,,,,,,,,,,,,,,,,,,,,,,,0,0,,,,,,,,,,,,,,,,,,,,,,,,,,,,,,,,,,,,,,,,,,,,,,,,,,,,,,,,,,,,,,,,,,,,,,,,,,,,,,,,,,,,,,,,,,,,,,,,,,,,,,,,,,,,,,,,,,,,,,,,,,,,,,,,,,,,,,,,,,,,,,,,,"",0,0,0,"",,,,0,""
42,,2,0,2,1,0,0,0,0,0,0,255,255,255,12,1354.564,"가앤슬_",L,26,84,137,0.962,-1.395,-0.39,1.436,0.51,0.633,-36.439,11.428,45,55,0,1,"",-66.695,-170.484,-9.247,0.327,-15.445,5,"Fresh825","P0TA0","まととまと","SUGUN","-라후이-","_Gosomi","아침땅_","Ainy4／あいにゃ","",7,R,"_Gosomi",175,86.368,0.434,,91,W,Y,0,,,,,,,,,,,,,,,,,,,,,,,,,,,,,,,,,,,,,,,,,,,,,,,,,,,,,,,,,,,,,,,,,,,,,,,,,,,,,,,,,,,,,,,,,,,,,,,,,,,,,,,,,,,,,,,,,,,,,0,0,,,,,,,,,,,,,,,,,,,,,,,,,,,,,,,,,,,,,,0.122,-37.156,-0.009,-17.085,-20.938,-45.733,-16.906,-59.24,22.443,-49.717,14.088,-64.316,40.931,-90.678,0,-109.87,-53.253,-93.333,,,,"",,,,"",,,,"",,,,"",,,,"",,,,"",,,,"",,,,"",,,,,,,,,,,,,,,,,,,,,,,,,,,,,,,,,,,,,,,,,,,,,,,,,,,,,,,,,,"",0,0,0,"",,,,0,""
43,,2,0,2,1,1,0,0,0,0,0,255,255,255,13,1370.008,"가앤슬_",L,14,59,91,1.3,-0.102,-0.188,1.765,1.277,2.159,-36.439,22.638,61,39,0,2,"",-306.765,335.405,-9.601,0,0,5,"=","=","=","=","=","=","=","=","",7,R,"_Gosomi",175,86.368,0.434,5,91,W,Y,1,1371.317,128,52,82,64,41,,138,83,1.506,53.378,0.236,0.835,-19.975,-0.76,0,0.275,27.744,144.767,-41.68,,,,,,,,,,,,,,,,,,,,,,,,,,,,,,,,,,,,,,,,,,,,,,,,,,,,,,,,,,,,,,,,,,,,,,,,,,,,,,,,,,,,,,,,,1371.911,-13.469,-30.012,,,,,,0,0,,,,,,,,,,,,,,,,,,,,,,,,,,,,,,,,,,,,,,0.298,-37.131,0.004,-17.102,-20.911,-45.725,-13.64,-60.336,23.665,-50.243,14.13,-64.345,40.915,-90.664,0,-109.86,-52.686,-93.484,0.074,-37.447,,"Yes_Man_",0.121,-17.548,,"임 재 천",-20.913,-45.709,,"Kr_Luna",-13.878,-60.241,,"kneesohime",23.615,-50.288,,"ddil_ddil69",14.14,-64.297,,"AI",40.9,-90.65,,"AI",0,-109.84,,"aura_5599",-51.971,-91.897,,,,,,,,,,,,,,,,,,,,,,,,,,,,,,,,,,,,,,,,,,,,,,,,,,,,,,,,"",3,0,0,"",,,,0,""
44,,2,0,2,1,1,1,0,0,0,0,255,255,255,14,1389.623,"가앤슬_",L,26,84,136,2.429,0.68,-0.256,1.791,1.133,1.799,-36.439,14.206,49,51,0,1,"",-47.522,-200,-15.147,0,0,5,"=","=","=","=","=","=","=","=","",7,R,"_Gosomi",175,86.368,0.434,,91,W,Y,0,,,,,,,,,,,,,,,,,,,,,,,,,,,,,,,,,,,,,,,,,,,,,,,,,,,,,,,,,,,,,,,,,,,,,,,,,,,,,,,,,,,,,,,,,,,,,,,,,,,,,,,,,,,,,,,,,,,,,0,0,,,,,,,,,,,,,,,,,,,,,,,,,,,,,,,,,,,,,,0.176,-37.221,-0.002,-17.379,-20.963,-45.866,-13.452,-60.017,20.95,-49.229,14.374,-63.668,40.922,-90.67,0,-109.86,-49.123,-86.561,,,,"",,,,"",,,,"",,,,"",,,,"",,,,"",,,,"",,,,"",,,,,,,,,,,,,,,,,,,,,,,,,,,,,,,,,,,,,,,,,,,,,,,,,,,,,,,,,,"",0,0,0,"",,,,0,""
45,,2,0,2,1,2,1,0,0,0,0,255,255,255,15,1403.261,"가앤슬_",L,13,84,110,0.155,-0.733,-0.565,1.68,-0.195,1.74,-36.439,32.801,96,4,0,2,"",154.103,400,-4.582,0,0,5,"=","=","=","=","=","=","=","=","",7,R,"_Gosomi",175,86.368,0.434,0,91,W,Y,1,1404.501,255,72,31,70,74,,119,79,-0.754,34.472,0.102,0.498,-19.039,-0.42,0,0.237,200.058,194.832,35.767,,,,,,,,,,,,,,,,,,,,,,,,,,,,,,,,,,,,,,,,,,,,,,,,,,,,,,,,,,,,,,,,,,,,,,,,,,,,,,,,,,,,,,,,,1404.778,-4.991,-26.38,1406.378,2,-17.185,0.055,-42.77,0,0,,,,,,,,,,,,,,,1408.357,5,,147,0,,,,,,,,,,,1407.743,2,,,,,,,0.064,-37.273,0.028,-17.429,-21.014,-45.877,-13.395,-60.116,20.872,-49.249,14.395,-63.706,40.915,-90.664,0,-109.85,-50.595,-90.432,-0.257,-37.595,,"Yes_Man_",0.057,-17.678,,"임 재 천",-21.006,-45.872,65,"Kr_Luna",-13.576,-60.281,,"kneesohime",20.807,-49.257,,"ddil_ddil69",14.381,-63.539,,"AI",40.9,-90.65,,"AI",0,-109.84,,"aura_5599",-52.466,-91.074,,1411.696,-0.761,-38.382,,,,1406.512,-17.987,-43.681,,,,,,,,,,,,,,,,,,,,,,,,,1410.383,-17.945,-40.273,,,,,,,,,,,,,,,,,,,"",2,0,0,"임 재 천",,,,68,""
46,,2,0,2,1,0,0,1,0,0,0,255,255,255,16,1423.555,"가앤슬_",L,6,71,99,-0.196,0.144,-0.397,1.572,0.63,1.707,-36.439,27.214,59,41,0,0,"",-441.441,0,-29.777,0,0,6,"=","=","=","=","=","=","=","=","",8,R,"아침땅_",169.7,87.187,0.502,,90,W,Y,1,,,,,,,,,,,,,,,,,,,,,,,,,,,,,,,,,,,,,,,,,,,,,,,,,,,,,,,,,,,,,,,,,,,,,,,,,,,,,,,,,,,,,,,,,,,,,,,,,,,,,,,,,,,,,,,,,,,,,0,0,,,,,,,,,,,,,,,,,,,,,,,,,,,,,,,,,,,,,,0.181,-37.003,0.138,-17.388,-21,-45.885,-15.045,-57.86,20.021,-48.609,12.268,-65.219,40.915,-90.664,0,-109.86,-52.104,-90.716,,,,"",,,,"",,,,"",,,,"",,,,"",,,,"",,,,"",,,,"",,,,1427.45,-0.112,-37.148,,,,,,,,,,,,,,,,,,,,,,,,,,,,,,,,,,,,,,,,,,,,,,,,,,,,"",0,0,0,"",,,,0,""
47,,2,0,2,1,0,1,1,0,0,0,255,255,255,17,1440.922,"가앤슬_",L,10,75,104,-0.499,-0.36,-0.648,1.807,-0.198,2.024,-36.439,46.601,98,2,0,0,"",0,400,-1.948,0.055,-16.212,6,"=","=","=","=","=","=","=","=","",8,R,"아침땅_",169.7,87.187,0.502,,35,W,Y,0,,,,,,,,,,,,,,,,,,,,,,,,,,,,,,,,,,,,,,,,,,,,,,,,,,,,,,,,,,,,,,,,,,,,,,,,,,,,,,,,,,,,,,,,,,,,,,,,,,,,,,,,,,,,,,,,,,,,,0,0,,,,,,,,,,,,,,,,,,,,,,,,,,,,,,,,,,,,,,0.054,-37.217,0.093,-17.396,-20.989,-45.815,-15.036,-57.856,19.284,-48.223,12.311,-65.189,40.922,-90.67,0,-109.86,-51.525,-92.292,,,,"",,,,"",,,,"",,,,"",,,,"",,,,"",,,,"",,,,"",,,,1444.566,-0.045,-36.874,,,,,,,,,,,,,,,,,,,,,,,,,,,,,,,,,,,,,,,,,,,,,,,,,,,,"",0,0,0,"",,,,0,""
48,,2,0,2,1,0,2,1,0,0,0,255,255,255,18,1458.142,"가앤슬_",L,26,83,135,0.915,1.171,-0.399,1.828,0.472,2.062,-36.439,28.371,88,12,0,1,"",-43.427,-191.287,-10.276,0.43,-18.925,6,"=","=","=","=","=","=","=","=","",8,R,"아침땅_",169.7,87.187,0.502,,35,W,Y,0,,,,,,,,,,,,,,,,,,,,,,,,,,,,,,,,,,,,,,,,,,,,,,,,,,,,,,,,,,,,,,,,,,,,,,,,,,,,,,,,,,,,,,,,,,,,,,,,,,,,,,,,,,,,,,,,,,,,,0,64,,,,,,,,,,,,,,,,,,,,,,,,,,,,,,,,,,,,,,0.185,-37.141,-0.008,-17.411,-20.98,-46.024,-15.04,-57.815,20.175,-48.72,12.8,-64.435,40.922,-90.67,0,-109.86,-56.019,-96.594,,,,"",,,,"",,,,"",,,,"",,,,"",,,,"",,,,"",,,,"",,,,1463.236,-0.237,-36.987,,,,,,,,,,,,,,,,,,,,,,,,,,,,,,,,,,,,,,,,,,,,,,,,,,,,"",0,0,0,"",,,,0,""
49,,2,0,2,1,1,2,1,0,0,0,255,255,255,19,1475.982,"가앤슬_",L,26,84,137,0.205,1.18,-0.448,1.828,0.24,2.061,-36.439,32.753,82,18,0,1,"",-99.762,-200,-8.039,0,0,6,"=","=","=","=","=","=","=","=","",8,R,"아침땅_",169.7,87.187,0.502,,35,W,Y,0,,,,,,,,,,,,,,,,,,,,,,,,,,,,,,,,,,,,,,,,,,,,,,,,,,,,,,,,,,,,,,,,,,,,,,,,,,,,,,,,,,,,,,,,,,,,,,,,,,,,,,,,,,,,,,,,,,,,,0,0,,,,,,,,,,,,,,,,,,,,,,,,,,,,,,,,,,,,,,0.173,-37.178,0.095,-17.396,-21.391,-46.592,-15.027,-57.836,20.244,-48.57,12.812,-64.375,40.915,-90.664,0,-109.86,-54.091,-94.393,,,,"",,,,"",,,,"",,,,"",,,,"",,,,"",,,,"",,,,"",,,,1480.193,-0.213,-37.085,,,,,,,,,,,,,,,,,,,,,,,,,,,,,,,,,,,,,,,,,,,,,,,,,,,,"",0,0,0,"",,,,0,""
50,,2,0,2,1,2,2,1,0,0,0,255,255,255,20,1492.169,"가앤슬_",L,26,85,137,2.355,-1.116,-0.303,1.494,0.914,0.85,-36.439,4.282,45,55,0,4,"",16.132,-200,-25.225,0.202,-20.606,6,"=","=","=","=","=","=","=","=","",8,R,"아침땅_",169.7,87.187,0.502,,35,W,Y,1,,,,,,,,,,,,,,,,,,,,,,,,,,,,,,,,,,,,,,,,,,,,,,,,,,,,,,,,,,,,,,,,,,,,,,,,,,,,,,,,,,,,,,,,,,,,,,,,,,,,,,,,,,,,,,,,,,,,,0,0,,,,,,,,,,,,,,,1494.663,6,,578,0,,,,,,,,,,,,,,,,,,,0.126,-37.132,0.038,-17.412,-21.382,-46.611,-15.029,-57.832,20.086,-48.649,12.851,-64.416,40.915,-90.664,0,-109.86,-53.301,-95.988,,,,"",,,,"",,,,"",,,,"",,,,"",,,,"",,,,"",,,,"",,,,1498.967,-0.25,-36.964,,,,,,,,,,,,,,,,,,,,,,,,,,,,,,,,,,,,,,,,,,,,,,,,,,,,"",0,0,0,"",,,,0,""
51,,2,0,2,1,0,0,2,0,0,0,255,255,255,21,1512.877,"가앤슬_",L,12,89,136,-0.026,0.129,-0.499,1.6,0.004,1.815,-36.439,31.691,99,1,0,0,"",0,129.927,-1.441,0.089,-18.382,7,"=","=","=","=","=","=","=","=","",0,R,"Ainy4／あいにゃ",189,85,0.51,,90,W,Y,1,,,,,,,,,,,,,,,,,,,,,,,,,,,,,,,,,,,,,,,,,,,,,,,,,,,,,,,,,,,,,,,,,,,,,,,,,,,,,,,,,,,,,,,,,,,,,,,,,,,,,,,,,,,,,,,,,,,,,0,0,,,,,,,,,,,,,,,,,,,,,,,,,,,,,,,,,,,,,,0.126,-37.245,0.035,-17.241,-21.258,-46.191,-15.036,-57.851,22.946,-50.862,12.29,-65.174,40.922,-90.67,0,-109.86,-52.643,-89.598,,,,"",,,,"",,,,"",,,,"",,,,"",,,,"",,,,"",,,,"",,,,1518.465,-0.19,-37.065,,,,,,,,,,,,,,,,,,,,,,,,,,,,,,,,,,,,,,,,,,,,,,,,,,,,"",0,0,0,"",,,,0,""
52,,2,0,2,1,0,1,2,0,0,0,255,255,255,22,1531.642,"가앤슬_",L,26,90,140,0.439,0.607,-0.439,1.604,0.285,1.829,-36.439,18.103,53,47,0,2,"",-60.04,-194.033,-11.418,0,0,7,"=","=","=","=","=","=","=","=","",0,R,"Ainy4／あいにゃ",189,85,0.51,5,90,W,Y,1,1532.727,153,94,90,19,0,,137,123,27.522,63.88,0.098,1.22,-19.847,0.71,0,0.322,276.934,79.041,-294.966,,,,,,,,,,,,,,,,,,,,,,,,,,,,,,,,,,,,,,,,,,,,,,,,,,,,,,,,,,,,,,,,,,,,,,,,,,,,,,,,,,,,,,,,,,,,,,,,,0,0,,,,,,,,,,,,,,,,,,,,,,,,,,,,,,,,,,,,,,0.114,-37.247,0.014,-17.264,-21.267,-46.196,-15.031,-57.856,22.836,-49.896,12.402,-65.029,40.915,-90.664,0,-109.86,-55.222,-92.72,-0.531,-37.587,,"Yes_Man_",0.06,-17.777,,"임 재 천",-21.236,-46.166,,"Kr_Luna",-15.046,-57.862,,"kneesohime",22.651,-49.865,,"ddil_ddil69",12.37,-65.01,,"AI",40.9,-90.65,,"AI",0,-109.84,,"aura_5599",-55.774,-92.417,,,,,,,,,,,,,,,,,,,,,,,,,,,,,,,,,,,,,,,,,,,,,,,,,,,,,,,,"",3,0,0,"",,,,0,""
53,,2,0,2,1,0,2,2,0,0,0,255,255,255,23,1549.324,"가앤슬_",L,10,80,107,0.122,-1.534,-0.478,1.342,0.067,1.203,-36.439,16.076,61,39,0,1,"",0,400,-3.198,0.104,-17.859,7,"=","=","=","=","=","=","=","=","",0,R,"Ainy4／あいにゃ",189,85,0.51,,90,W,Y,0,,,,,,,,,,,,,,,,,,,,,,,,,,,,,,,,,,,,,,,,,,,,,,,,,,,,,,,,,,,,,,,,,,,,,,,,,,,,,,,,,,,,,,,,,,,,,,,,,,,,,,,,,,,,,,,,,,,,,0,0,,,,,,,,,,,,,,,,,,,,,,,,,,,,,,,,,,,,,,0.091,-37.354,-0.01,-17.28,-21.588,-46.867,-15.032,-57.876,22.176,-50.487,11.489,-64.774,40.915,-90.664,0,-109.86,-53.252,-90.655,,,,"",,,,"",,,,"",,,,"",,,,"",,,,"",,,,"",,,,"",,,,,,,,,,,,,,,,,,,,,,,,,,,,,,,,,,,,,,,,,,,,,,,,,,,,,,,,,,"",0,0,0,"",,,,0,""
54,,2,0,2,1,1,2,2,0,0,0,255,255,255,24,1564.683,"가앤슬_",L,0,73,112,1.151,0.335,-0.335,1.63,0.512,1.828,-36.439,15.213,100,0,0,0,"",0,0,-6.717,0,0,7,"=","=","=","=","=","=","=","=","",0,R,"Ainy4／あいにゃ",189,85,0.51,,90,W,Y,0,,,,,,,,,,,,,,,,,,,,,,,,,,,,,,,,,,,,,,,,,,,,,,,,,,,,,,,,,,,,,,,,,,,,,,,,,,,,,,,,,,,,,,,,,,,,,,,,,,,,,,,,,,,,,,,,,,,,,0,0,,,,,,,,,,,,,,,1567.429,7,,578,0,,,,,,,,,,,,,,,,,,,0.016,-37.354,-0.172,-17.511,-21.579,-46.863,-15.03,-57.871,22.203,-50.497,12.105,-65.204,40.915,-90.664,0,-109.86,-55.131,-91.269,,,,"",,,,"",,,,"",,,,"",,,,"",,,,"",,,,"",,,,"",,,,,,,,,,,,,,,,,,,,,,,,,,,,,,,,,,,,,,,,,,,,,,,,,,,,,,,,,,"",0,0,0,"",,,,0,""
55,SIDE,2,0,2,1,0,0,2,0,0,0,255,255,255,,1574.678,,,,,,,,,,,,,,,,,,,,,,,,0,"=","=","=","=","=","=","=","=","",,,,,,,,,,,,,,,,,,,,,,,,,,,,,,,,,,,,,,,,,,,,,,,,,,,,,,,,,,,,,,,,,,,,,,,,,,,,,,,,,,,,,,,,,,,,,,,,,,,,,,,,,,,,,,,,,,,,,,,,,,,,,,,,0,0,,,,,,,,,,,,,,,,,,,,,,,,,,,,,,,,,,,,,,,,,,,,,,,,,,,,,,,,,,,,,,,,,,,,,,,,,,,,,,,,,,,,,,,,,,,,,,,,,,,,,,,,,,,,,,,,,,,,,,,,,,,,,,,,,,,,,,,,,,,,,,,,,"",0,0,0,"",,,,0,""
56,,3,1,2,1,0,0,0,0,0,0,255,255,255,28,1620.527,"Ainy4／あいにゃ",R,9,76,102,1.232,0.241,0.12,1.635,-0.256,1.416,-36.9,8.732,70,30,0,0,"",372.007,-298.415,49.344,0,0,2,"Kr_Luna","ddil_ddil69","임 재 천","kneesohime","aura_5599","Yes_Man_","가앤슬_","","",2,R,"임 재 천",190,88.237,0.346,,90,W,Y,0,,,,,,,,,,,,,,,,,,,,,,,,,,,,,,,,,,,,,,,,,,,,,,,,,,,,,,,,,,,,,,,,,,,,,,,,,,,,,,,,,,,,,,,,,,,,,,,,,,,,,,,,,,,,,,,,,,,,,0,0,,,,,,,,,,,,,,,,,,,,,,,,,,,,,,,,,,,,,,-0.037,-38.068,-0.026,-17.206,-22.382,-46.883,-10.49,-63.767,18.686,-44.684,8.997,-65.632,40.93,-90.677,-2.028,-117.508,-47.104,-93.04,,,,"",,,,"",,,,"",,,,"",,,,"",,,,"",,,,"",,,,"",,,,,,,,,,,,,,,,,,,,,,,,,,,,,,,,,,,,,,,,,,,,,,,,,,,,,,,,,,"",0,0,0,"",,,,0,""
57,,3,1,2,1,0,1,0,0,0,0,255,255,255,29,1634.586,"Ainy4／あいにゃ",R,3,77,104,-1.885,-0.246,0.236,1.669,0.103,1.49,-36.9,21.7,43,57,0,2,"",-450.711,13.182,-19.538,0,0,2,"=","=","=","=","=","=","=","","",2,R,"임 재 천",190,88.237,0.346,3,90,W,Y,1,1635.725,255,109,93,66,78,,145,112,12.195,49.557,-0.411,1.182,-22.243,0.86,0,0.468,-134.047,353.607,179.739,1,3,3,55423,0.014,0.014,0.014,0,-0.228,1.047,-21.842,0.857,0.196,-0.207,0.959,0,-0.228,1.047,-21.842,0.86,0.196,-0.207,0.959,12.195,-0.792,-0.259,0.553,1.906,-1.672,-2.115,26.69,26.826,108.759,59.991,-20.612,125.906,56.763,31.31,-10.758,65.712,0.941,0.336,0.041,112.43,0,0,0,0,0.274,0.274,-0.201,68.683,0.274,0.274,-0.201,68.683,-0.019,0,1,-1.07,0.904,0,-0.428,-64.633,-0.691,0.42,-0.589,49.557,-0.744,0.211,-0.634,49.557,53.142,-38.429,-999,0,0.647,0.857,0.096,0,48,-1,2,0.562,1,0,4,0.027,1638.511,-50.553,-61.953,,,,,,0,0,,,,,,,,,,,,,,,,,,,,,,,,,,,,,,,,,,,,,,-0.054,-37.949,-0.047,-17.158,-24.139,-49.064,-10.855,-64.544,18.806,-44.642,11.431,-65.151,40.907,-90.657,-2.729,-117.337,-46.923,-94.928,0.114,-37.562,,"SUGUN",-0.123,-17.35,,"Fresh825",-23.821,-48.915,,"-라후이-",-11.161,-64.347,,"P0TA0",19.67,-44.339,,"まととまと",11.128,-65.287,,"AI",40.9,-90.65,,"_Gosomi",-2.726,-117.337,,"아침땅_",-46.42,-95.117,,,,,,,,,,,,,,,,,,,,,,,,,,,,,,,,,,,,,,,,,,,,,,,,,,,,,,,,"",3,0,0,"",,,,0,""
58,,3,1,2,1,0,2,0,0,0,0,255,255,255,30,1651.517,"Ainy4／あいにゃ",R,32,82,134,1.431,-0.585,0.264,1.593,0.284,1.16,-36.9,12.341,55,45,0,0,"",222.407,-83.871,-8.966,0,0,2,"=","=","=","=","=","=","=","","",2,R,"임 재 천",190,88.237,0.346,,90,W,Y,1,,,,,,,,,,,,,,,,,,,,,,,,,,,,,,,,,,,,,,,,,,,,,,,,,,,,,,,,,,,,,,,,,,,,,,,,,,,,,,,,,,,,,,,,,,,,,,,,,,,,,,,,,,,,,,,,,,,,,0,0,,,,,,,,,,,,,,,1654.165,2,,578,0,,,,,,,,,,,,,,,,,,,0.015,-38.107,-0.028,-17.14,-24.468,-49.294,-14.16,-64.136,19.038,-45.43,10.133,-65.453,40.907,-90.657,-3.322,-116.889,-47.311,-94.55,,,,"",,,,"",,,,"",,,,"",,,,"",,,,"",,,,"",,,,"",,,,,,,,,,,,,,,,,,,,,,,,,,,,,,,,,,,,,,,,,,,,,,,,,,,,,,,,,,"",0,0,0,"",,,1658.14,0,""
59,,3,1,2,1,0,0,1,0,0,0,255,255,255,31,1671.45,"Ainy4／あいにゃ",R,3,75,101,0.262,0.579,0.552,1.899,1.083,1.986,-36.9,57.015,85,14,2,2,"BA+",-459.091,0,-7.173,0,0,3,"=","=","=","=","=","=","=","","",4,R,"kneesohime",190,85,0.497,5,90,W,Y,1,1672.701,143,219,114,84,39,,145,131,25.847,-25.031,0.065,1.262,-20.657,0.46,0,0.294,423.727,180.666,160.701,,,,,,,,,,,,,,,,,,,,,,,,,,,,,,,,,,,,,,,,,,,,,,,,,,,,,,,,,,,,,,,,,,,,,,,,,,,,,,,,,,,,,,,,,1678.153,47.672,-133.734,,,,,,0,0,,1678.894,1683.524,1689.193,1694.364,,,,,,,,,,,,,,,,,,,,,,,,,,,,,,,,,-0.018,-38.107,-0.021,-17.103,-20.965,-49.051,-14.042,-64.336,19.36,-45.754,13.459,-63.165,40.915,-90.664,-3.301,-116.875,-49.562,-98.981,-0.029,-37.281,,"SUGUN",-0.075,-17.354,,"Fresh825",-20.714,-48.831,,"-라후이-",-13.904,-64.345,,"P0TA0",19.674,-45.371,,"まととまと",13.692,-62.945,,"AI",40.9,-90.65,,"_Gosomi",-3.305,-116.878,,"아침땅_",-48.968,-99.539,,,,,,,,,,,,,,,,,,,,,,,,,,,,,,,,,,,,,,,,,,,,,,,,,,,,,,,,"",4,0,0,"",1683.524,1689.193,,0,""
60,,3,1,3,1,0,0,1,0,0,0,255,255,255,32,1708.302,"Ainy4／あいにゃ",R,26,89,140,-0.397,-1.101,0.212,1.463,0.042,0.741,-36.9,14.231,56,44,0,1,"",-157.109,-200,12.492,-0.305,-13.723,4,"=","=","=","=","=","=","=","","",8,R,"aura_5599",190,89.523,0.398,,90,W,Y,0,,,,,,,,,,,,,,,,,,,,,,,,,,,,,,,,,,,,,,,,,,,,,,,,,,,,,,,,,,,,,,,,,,,,,,,,,,,,,,,,,,,,,,,,,,,,,,,,,,,,,,,,,,,,,,,,,,,,,0,0,,,,,,,,,,,,,,,,,,,,,,,,,,,,,,,,,,,,,,-0.036,-38.059,0.01,-17.035,-23.747,-49.177,-9.3,-59.274,19.948,-45.035,11.243,-64.613,40.907,-90.657,-3.657,-116.49,-48.053,-99.184,,,,"",,,,"",,,,"",,,,"",,,,"",,,,"",,,,"",,,,"",,,,,,,,,,,,,,,,,,,,,,,,,,,,,,,,,,,,,,,,,,,,,,,,,,,,,,,,,,"",0,0,0,"",,,,0,""
61,,3,1,3,1,1,0,1,0,0,0,255,255,255,33,1721.82,"Ainy4／あいにゃ",R,27,92,140,0.307,-1.029,0.201,1.498,-0.007,0.852,-36.9,11.094,63,37,0,2,"",95.721,-124.143,-7.185,0,0,4,"=","=","=","=","=","=","=","","",8,R,"aura_5599",190,89.523,0.398,3,90,W,Y,1,1722.831,96,155,141,94,35,,135,91,8.419,-15.337,0.104,0.546,-19.579,1,0,0.269,47.056,334.858,39.589,1,3,3,55807,0.008,0.008,0.005,0,0.112,0.567,-19.692,1,0.994,-0.11,-0.007,11.742,0.159,0.558,-19.747,1,0.983,-0.027,0.179,8.419,0.896,0.095,0.435,10.953,-0.103,-2.678,36.436,36.535,2.618,-1.902,-19.729,19.993,-0.05,-1.014,-12.628,12.669,-0.907,0.173,-0.384,91.673,0,0,0,0,0.02,0.015,-0.133,27.443,0.035,-0.033,-0.32,30.992,-1,0,-0.013,89.271,-0.901,0,0.435,-64.231,-0.264,-0.067,0.962,-15.337,0.262,0.146,-0.954,-15.337,164.825,-999,-999,0,0.102,0.998,0.096,0.41,18,-1,2,0.095,1,2,8,0.027,1724.478,9.399,-59.147,1724.853,5,9.023,0.431,-57.256,0,0,,,,,,,,,,,,,,,1724.967,4,,454,0,,,,,,,,,,,,,,,,,,,-0.065,-38.054,-0.012,-17.126,-23.749,-49.127,-10.894,-62.446,19.419,-45.516,11.232,-64.715,40.907,-90.657,-2.614,-115.92,-47.931,-99.345,0.071,-37.621,,"SUGUN",-0.122,-17.369,,"Fresh825",-23.618,-48.925,85,"-라후이-",-10.905,-62.412,,"P0TA0",19.417,-45.451,,"まととまと",11.22,-64.667,91,"AI",40.9,-90.65,,"_Gosomi",-2.605,-115.906,,"아침땅_",-48.173,-98.715,,1730.685,-1.089,-38.847,,,,1727.657,-18.783,-39.715,,,,,,,1724.981,9.647,-58.784,,,,,,,,,,,,,,,,1729.711,-17.944,-40.024,,,,,,,1726.156,4.352,-54.74,,,,,,,,,,"",1,0,0,"まととまと",,,,133,""
62,,3,1,3,1,0,0,2,0,0,0,255,255,255,34,1746.036,"Ainy4／あいにゃ",R,33,87,140,-0.162,-1.063,0.147,1.496,-0.261,0.846,-36.9,7.933,46,54,0,1,"",131.931,-105.572,-14.234,0,0,5,"=","=","=","=","=","=","=","","",1,R,"Yes_Man_",190,85.251,0.499,,90,W,Y,0,,,,,,,,,,,,,,,,,,,,,,,,,,,,,,,,,,,,,,,,,,,,,,,,,,,,,,,,,,,,,,,,,,,,,,,,,,,,,,,,,,,,,,,,,,,,,,,,,,,,,,,,,,,,,,,,,,,,,0,0,,,,,,,,,,,,,,,,,,,,,,,,,,,,,,,,,,,,,,-0.093,-38.051,-0.057,-17.222,-23.885,-49.317,-9.594,-62.861,19.657,-45.271,11.908,-63.364,40.9,-90.65,-1.714,-111.865,-47.933,-97.688,,,,"",,,,"",,,,"",,,,"",,,,"",,,,"",,,,"",,,,"",,,,1749.532,-0.372,-37.846,,,,,,,,,,,,,,,,,,,,,,,,,,,,,,,,,,,,,,,,,,,,,,,,,,,,"",0,0,0,"",,,,0,""
63,,3,1,3,1,1,0,2,0,0,0,255,255,255,35,1759.757,"Ainy4／あいにゃ",R,14,94,126,0.998,-1.561,0.164,1.538,-0.181,0.981,-36.9,8.999,63,37,0,1,"",384.034,320.184,27.05,0,0,5,"=","=","=","=","=","=","=","","",1,R,"Yes_Man_",190,85.251,0.499,,90,W,Y,0,,,,,,,,,,,,,,,,,,,,,,,,,,,,,,,,,,,,,,,,,,,,,,,,,,,,,,,,,,,,,,,,,,,,,,,,,,,,,,,,,,,,,,,,,,,,,,,,,,,,,,,,,,,,,,,,,,,,,0,0,,,,,,,,,,,,,,,,,,,,,,,,,,,,,,,,,,,,,,-0.084,-38.04,-0.065,-17.255,-24.181,-49.577,-10.104,-63.051,19.29,-45.447,11.167,-63.472,40.907,-90.657,-1.718,-111.831,-46.83,-98.428,,,,"",,,,"",,,,"",,,,"",,,,"",,,,"",,,,"",,,,"",,,,1763.633,-0.463,-37.988,,,,,,,,,,,,,,,,,,,,,,,,,,,,,,,,,,,,,,,,,,,,,,,,,,,,"",0,0,0,"",,,,0,""
64,,3,1,3,1,2,0,2,0,0,0,255,255,255,36,1772.521,"Ainy4／あいにゃ",R,6,81,106,0.991,-0.972,0.07,1.465,-0.413,1.049,-36.9,7.247,57,43,0,1,"",481.135,26.614,67.232,0.695,-18.199,5,"=","=","=","=","=","=","=","","",1,R,"Yes_Man_",190,85.251,0.499,,90,W,Y,0,,,,,,,,,,,,,,,,,,,,,,,,,,,,,,,,,,,,,,,,,,,,,,,,,,,,,,,,,,,,,,,,,,,,,,,,,,,,,,,,,,,,,,,,,,,,,,,,,,,,,,,,,,,,,,,,,,,,,0,0,,,,,,,,,,,,,,,,,,,,,,,,,,,,,,,,,,,,,,-0.228,-38.497,0.002,-17.072,-24.183,-49.586,-10.087,-63.057,19.549,-45.224,11.276,-63.533,40.907,-90.657,-1.731,-111.866,-46.99,-98.62,,,,"",,,,"",,,,"",,,,"",,,,"",,,,"",,,,"",,,,"",,,,1778.305,-0.489,-37.644,,,,,,,,,,,,,,,,,,,,,,,,,,,,,,,,,,,,,,,,,,,,,,,,,,,,"",0,0,0,"",,,,0,""
65,,3,1,3,1,3,0,2,0,0,0,255,255,255,37,1785.744,"Ainy4／あいにゃ",R,29,83,135,-0.331,0.224,0.247,1.717,0.206,1.561,-36.9,22.612,95,5,0,0,"",-250,-200,29.496,0,0,5,"=","=","=","=","=","=","=","","",1,R,"Yes_Man_",190,85.251,0.499,,90,W,Y,1,,,,,,,,,,,,,,,,,,,,,,,,,,,,,,,,,,,,,,,,,,,,,,,,,,,,,,,,,,,,,,,,,,,,,,,,,,,,,,,,,,,,,,,,,,,,,,,,,,,,,,,,,,,,,,,,,,,,,0,0,,,,,,,,,,,,,,,,,,,,,,,,,,,,,,,,,,,,,,-0.163,-38.503,-0.051,-17.221,-24.156,-49.751,-10.045,-65.129,19.547,-45.353,11.201,-63.732,40.907,-90.657,-1.735,-111.863,-47.011,-98.646,,,,"",,,,"",,,,"",,,,"",,,,"",,,,"",,,,"",,,,"",,,,1789.788,-0.508,-38.005,,,,,,,,,,,,,,,,,,,,,,,,,,,,,,,,,,,,,,,,,,,,,,,,,,,,"",0,0,0,"",,,,0,""
66,,3,1,3,1,3,1,2,0,0,0,255,255,255,38,1798.609,"Ainy4／あいにゃ",R,28,89,140,-1.079,-0.948,0.087,1.52,-0.538,0.925,-36.9,7.948,61,39,0,0,"",45.976,-97.849,-1.643,0,0,5,"=","=","=","=","=","=","=","","",1,R,"Yes_Man_",190,85.251,0.499,,90,W,Y,0,,,,,,,,,,,,,,,,,,,,,,,,,,,,,,,,,,,,,,,,,,,,,,,,,,,,,,,,,,,,,,,,,,,,,,,,,,,,,,,,,,,,,,,,,,,,,,,,,,,,,,,,,,,,,,,,,,,,,0,0,,,,,,,,,,,,,,,,,,,,,,,,,,,,,,,,,,,,,,-0.185,-38.411,-0.026,-17.12,-24.183,-49.623,-10.086,-65.168,19.571,-45.401,12.847,-64.152,40.907,-90.657,-1.731,-111.853,-46.999,-98.63,,,,"",,,,"",,,,"",,,,"",,,,"",,,,"",,,,"",,,,"",,,,1802.23,-0.306,-38.087,,,,,,,,,,,,,,,,,,,,,,,,,,,,,,,,,,,,,,,,,,,,,,,,,,,,"",0,0,0,"",,,,0,""
67,,3,1,3,1,3,2,2,0,0,0,255,255,255,39,1811.933,"Ainy4／あいにゃ",R,3,82,107,-1.951,-0.093,0.247,1.672,0.137,1.495,-36.9,20.769,44,56,0,2,"",-483.595,0,-13.774,0,0,5,"=","=","=","=","=","=","=","","",1,R,"Yes_Man_",190,85.251,0.499,3,90,W,Y,1,1813.149,255,146,64,111,77,,139,129,111.849,-38.059,-0.424,1.125,-20.259,0.66,0,0.622,238.015,-215.459,358.977,1,3,3,55423,0.011,0.011,0.014,0,-0.33,0.897,-20.458,0.661,0.245,-0.9,0.361,0,-0.33,0.897,-20.458,0.66,0.245,-0.9,0.361,68.151,-0.032,-0.934,0.355,0,-2.07,-2.312,27.267,27.443,4.944,8.563,-43.822,44.924,-5.666,0.74,-25.873,26.496,0.86,0.127,-0.494,129.319,-0.013,-0.019,0.121,29.757,0.013,0.019,-0.121,29.757,0.022,0.076,-0.124,20.269,-0.814,0,-0.581,54.446,-0.814,0,-0.581,54.446,-0.311,0.863,0.397,-38.059,-0.229,0.928,0.293,-38.059,146.282,-999,-999,0,0.205,0.661,0.096,0,37,-1,2,0.196,1,0,8,0.014,,,,,,,,,0,0,,,,,,,,,,,,,,,,,,,,,,,,,,,,,,,,,,,,,,-0.145,-38.466,-0.069,-17.236,-24.302,-48.803,-9.125,-65.692,19.531,-45.388,11.728,-64.741,40.907,-90.657,-2.483,-111.394,-47.268,-98.18,0.126,-37.331,,"SUGUN",-0.078,-17.35,,"Fresh825",-24.154,-48.631,,"-라후이-",-9.443,-65.649,,"P0TA0",19.545,-45.365,,"まととまと",11.399,-64.57,,"AI",40.9,-90.65,,"_Gosomi",-2.483,-111.401,,"아침땅_",-47.133,-98.154,,,,,,,,,,,,,,,,,,,,,,,,,,,,,,,,,,,,,,,,,,,,,,,,,,,,,,,,"",3,0,0,"",,,,0,""
68,,3,1,3,1,3,2,2,0,0,0,255,255,255,40,1827.042,"Ainy4／あいにゃ",R,14,84,109,1.158,-0.93,0.116,1.661,-0.271,1.473,-36.9,9.221,59,41,0,2,"",386.885,312.348,37.391,0,0,5,"=","=","=","=","=","=","=","","",1,R,"Yes_Man_",190,85.251,0.499,3,90,W,Y,1,1828.238,233,123,87,126,88,,145,89,-64.773,16.112,0.23,0.629,-20.182,-0.87,0,0.584,-28.639,-263.747,-54.966,1,3,3,55423,0.011,0.011,0.012,0,0.159,0.698,-20.477,-0.866,-0.897,0.4,0.188,0,0.159,0.698,-20.477,-0.87,-0.897,0.4,0.188,-64.773,-0.786,0.593,-0.174,10.614,1.504,-3.844,27.729,28.035,-0.78,1.359,-20.041,20.102,-1.216,-1.129,-15.874,15.961,0.623,0.094,-0.777,89.693,-0.009,-0.006,0.137,22.239,0.009,0.006,-0.137,22.239,0.021,0.02,-0.167,24.316,-0.997,0,-0.075,85.691,-0.997,0,-0.075,85.691,0.27,-0.232,0.934,16.112,-0.118,-0.905,-0.409,16.112,-166.993,-999,-999,0,0.108,-0.866,0.096,0,33,-1,2,0.152,1,0,8,0.016,1828.011,0.156,-20.44,1832.094,3,-7.596,0.117,-48.696,0,0,,1834.247,,,,,,,,,,,,,1834.167,5,,147,16,,,,,,,,,,,,,,,,,,,-0.082,-38.429,-0.035,-17.221,-24.298,-48.828,-9.912,-65.269,19.586,-45.379,9.065,-65.383,40.907,-90.657,-3.968,-112.253,-48.347,-98.789,0.043,-37.38,,"SUGUN",-0.08,-17.376,,"Fresh825",-24.022,-48.581,,"-라후이-",-9.929,-65.198,91,"P0TA0",19.575,-45.378,,"まととまと",9.694,-65.233,,"AI",40.9,-90.65,,"_Gosomi",-4.222,-112.92,,"아침땅_",-47.762,-99.279,,,,,,,,1833.568,-18.923,-40.877,1832.321,-7.829,-49.636,,,,,,,,,,,,,,,,,,,,,,,,,1832.905,-10.338,-47.333,,,,,,,,,,,,,,,,"",2,0,0,"-라후이-",,,,17,""
69,SIDE,3,1,3,1,0,0,2,0,0,0,255,255,255,,1838.806,,,,,,,,,,,,,,,,,,,,,,,,6,"=","=","=","=","=","=","=","","",,,,,,,,,,,,,,,,,,,,,,,,,,,,,,,,,,,,,,,,,,,,,,,,,,,,,,,,,,,,,,,,,,,,,,,,,,,,,,,,,,,,,,,,,,,,,,,,,,,,,,,,,,,,,,,,,,,,,,,,,,,,,,,,0,0,,,,,,,,,,,,,,,,,,,,,,,,,,,,,,,,,,,,,,,,,,,,,,,,,,,,,,,,,,,,,,,,,,,,,,,,,,,,,,,,,,,,,,,,,,,,,,,,,,,,,,,,,,,,,,,,,,,,,,,,,,,,,,,,,,,,,,,,,,,,,,,,,"",0,0,0,"",,,,0,""
70,,3,0,3,1,0,0,0,0,0,0,255,255,255,25,1877.441,"가앤슬_",L,4,68,103,0.533,-0.344,-0.685,1.593,-0.113,1.412,-36.439,23.004,44,56,0,0,"",185.354,0,-8.531,0,0,0,"Fresh825","P0TA0","まととまと","SUGUN","-라후이-","_Gosomi","아침땅_","Ainy4／あいにゃ","",2,L,"Fresh825",190,80,0.2,,91,W,Y,1,,,,,,,,,,,,,,,,,,,,,,,,,,,,,,,,,,,,,,,,,,,,,,,,,,,,,,,,,,,,,,,,,,,,,,,,,,,,,,,,,,,,,,,,,,,,,,,,,,,,,,,,,,,,,,,,,,,,,0,0,,,,,,,,,,,,,,,,,,,,,,,,,,,,,,,,,,,,,,-0.162,-37.266,-0.022,-17.12,-21.668,-46.925,-12.374,-59.391,23.789,-51.962,14.978,-63.385,40.944,-90.691,0,-109.89,-58.817,-98.192,,,,"",,,,"",,,,"",,,,"",,,,"",,,,"",,,,"",,,,"",,,,,,,,,,,,,,,,,,,,,,,,,,,,,,,,,,,,,,,,,,,,,,,,,,,,,,,,,,"",0,0,0,"",,,,0,""
71,,3,0,3,1,0,1,0,0,0,0,255,255,255,26,1890.628,"가앤슬_",L,3,73,104,3.523,-1.382,-0.376,1.392,0.963,0.864,-36.439,2.794,48,52,0,4,"",298.248,73.937,-9.867,0,0,0,"=","=","=","=","=","=","=","=","",2,L,"Fresh825",190,80,0.2,,91,W,Y,1,,,,,,,,,,,,,,,,,,,,,,,,,,,,,,,,,,,,,,,,,,,,,,,,,,,,,,,,,,,,,,,,,,,,,,,,,,,,,,,,,,,,,,,,,,,,,,,,,,,,,,,,,,,,,,,,,,,,,0,0,,,,,,,,,,,,,,,,,,,,,,,,,,,,,,,,,,,,,,-0.104,-37.262,-0.048,-17.102,-21.675,-46.936,-12.136,-59.529,23.873,-51.973,14.936,-63.355,40.915,-90.664,0,-109.85,-56.546,-96.456,,,,"",,,,"",,,,"",,,,"",,,,"",,,,"",,,,"",,,,"",,,,,,,,,,,,,,,,,,,,,,,,,,,,,,,,,,,,,,,,,,,,,,,,,,,,,,,,,,"",0,0,0,"",,,,0,""
72,,3,0,3,1,0,2,0,0,0,0,255,255,255,27,1905.22,"가앤슬_",L,27,87,140,1.569,0.525,-0.343,1.79,0.729,1.838,-36.439,12.949,53,47,0,1,"",-26.021,-114.809,-6.166,0,0,0,"=","=","=","=","=","=","=","=","",2,L,"Fresh825",190,80,0.2,,91,W,Y,0,,,,,,,,,,,,,,,,,,,,,,,,,,,,,,,,,,,,,,,,,,,,,,,,,,,,,,,,,,,,,,,,,,,,,,,,,,,,,,,,,,,,,,,,,,,,,,,,,,,,,,,,,,,,,,,,,,,,,0,0,,,,,,,,,,,,,,,,,,,,,,,,,,,,,,,,,,,,,,0.092,-37.258,-0.029,-17.079,-21.68,-46.944,-12.093,-59.539,23.867,-51.881,13.702,-62.382,40.915,-90.664,0,-109.85,-54.725,-95.45,,,,"",,,,"",,,,"",,,,"",,,,"",,,,"",,,,"",,,,"",,,,,,,,,,,,,,,,,,,,,,,,,,,,,,,,,,,,,,,,,,,,,,,,,,,,,,,,,,"",0,0,0,"",,,,0,""
73,,3,0,3,1,1,2,0,0,0,0,255,255,255,28,1920.748,"가앤슬_",L,26,85,137,1.053,1.103,-0.386,1.878,0.531,2.124,-36.439,23.03,84,16,0,2,"",-43.523,-200,-15.349,0,0,0,"=","=","=","=","=","=","=","=","",2,L,"Fresh825",190,80,0.2,5,91,W,Y,1,1921.879,98,92,77,78,19,,133,99,32.803,-62.703,0.243,1.37,-18.962,0.92,0,0.166,148.623,-36.151,337.245,,,,,,,,,,,,,,,,,,,,,,,,,,,,,,,,,,,,,,,,,,,,,,,,,,,,,,,,,,,,,,,,,,,,,,,,,,,,,,,,,,,,,,,,,,,,,,,,,0,0,,,,,,,,,,,,,,,,,,,,,,,,,,,,,,,,,,,,,,0.155,-37.144,-0.026,-17.081,-21.7,-46.934,-9.282,-60.176,23.855,-51.948,13.739,-62.383,40.915,-90.664,0,-109.86,-51.783,-94.096,-0.063,-37.373,,"Yes_Man_",0.029,-17.565,,"임 재 천",-21.698,-46.931,,"Kr_Luna",-9.28,-60.166,,"kneesohime",23.786,-51.893,,"ddil_ddil69",13.621,-62.193,,"AI",40.9,-90.65,,"AI",0,-109.84,,"aura_5599",-51.783,-94.088,,,,,,,,,,,,,,,,,,,,,,,,,,,,,,,,,,,,,,,,,,,,,,,,,,,,,,,,"",3,0,0,"",,,,0,""
74,,3,0,3,1,1,2,0,0,0,0,255,255,255,29,1938.065,"가앤슬_",L,11,84,115,0.66,-0.343,-0.431,1.668,0.301,1.654,-36.439,27.615,100,0,0,2,"",0,214.717,-5.175,0,0,0,"=","=","=","=","=","=","=","=","",2,L,"Fresh825",190,80,0.2,0,91,W,Y,1,1939.187,162,119,75,120,76,,145,104,-26.918,-18.078,0.141,0.832,-19.886,-0.28,0,0.179,-373.044,-29.185,-112.451,,,,,,,,,,,,,,,,,,,,,,,,,,,,,,,,,,,,,,,,,,,,,,,,,,,,,,,,,,,,,,,,,,,,,,,,,,,,,,,,,,,,,,,,,1939.003,0.631,-21.387,1941.186,5,11.539,0.658,-54.763,0,1,,1944.692,,,,,,,,,,,,,1944.459,0,,147,2,,,,,,,,,,,1943.816,2,,,,,,,0.086,-37.41,-0.056,-17.087,-21.633,-46.623,-8.211,-60.702,23.19,-49.04,12.815,-61.684,40.915,-90.664,0,-109.85,-52.265,-95.833,0.002,-37.302,,"Yes_Man_",0.037,-17.513,,"임 재 천",-21.617,-46.614,78,"Kr_Luna",-8.216,-60.677,,"kneesohime",23.154,-48.984,,"ddil_ddil69",12.815,-61.684,102,"AI",40.9,-90.65,,"AI",0,-109.84,,"aura_5599",-52.257,-95.823,,1949.04,-0.601,-38.234,,,,1943.672,-18.914,-40.458,,,,,,,1941.207,12.035,-56.512,,,,,,,,,,,,,,,,1947.925,-18.216,-39.604,,,,,,,1942.127,7.983,-54.333,,,,,,,,,,"",2,0,0,"ddil_ddil69",,,,70,""
75,,3,0,3,1,0,0,1,0,0,0,255,255,255,30,1965.644,"가앤슬_",L,26,86,139,0.314,1.087,-0.441,1.875,0.276,2.116,-36.439,33.442,91,9,0,1,"",-93.153,-200,-11.545,0,0,1,"=","=","=","=","=","=","=","=","",4,R,"P0TA0",190.3,96,0.442,,43,W,Y,0,,,,,,,,,,,,,,,,,,,,,,,,,,,,,,,,,,,,,,,,,,,,,,,,,,,,,,,,,,,,,,,,,,,,,,,,,,,,,,,,,,,,,,,,,,,,,,,,,,,,,,,,,,,,,,,,,,,,,0,0,,,,,,,,,,,,,,,,,,,,,,,,,,,,,,,,,,,,,,0.132,-37.417,-0.066,-17.089,-20.943,-46.056,-13.388,-58.804,23.035,-51.041,13.055,-64.893,40.922,-90.671,0,-109.86,-53.641,-95.587,,,,"",,,,"",,,,"",,,,"",,,,"",,,,"",,,,"",,,,"",,,,1969.115,-0.071,-36.949,,,,,,,,,,,,,,,,,,,,,,,,,,,,,,,,,,,,,,,,,,,,,,,,,,,,"",0,0,0,"",,,,0,""
76,,3,0,3,1,1,0,1,0,0,0,255,255,255,31,1980.439,"가앤슬_",L,14,66,95,2.09,-0.047,-0.049,1.724,1.708,2.03,-36.439,19.971,70,30,0,1,"",-360.417,275.39,-20.882,0,0,1,"=","=","=","=","=","=","=","=","",4,R,"P0TA0",190.3,96,0.442,,43,W,Y,0,,,,,,,,,,,,,,,,,,,,,,,,,,,,,,,,,,,,,,,,,,,,,,,,,,,,,,,,,,,,,,,,,,,,,,,,,,,,,,,,,,,,,,,,,,,,,,,,,,,,,,,,,,,,,,,,,,,,,0,0,,,,,,,,,,,,,,,,,,,,,,,,,,,,,,,,,,,,,,0.351,-37.46,0.033,-17.391,-20.972,-46.487,-13.131,-59.038,23.159,-51.407,12.635,-65.039,40.915,-90.664,0,-109.85,-55.152,-97.564,,,,"",,,,"",,,,"",,,,"",,,,"",,,,"",,,,"",,,,"",,,,1984.299,0.143,-37.228,,,,,,,,,,,,,,,,,,,,,,,,,,,,,,,,,,,,,,,,,,,,,,,,,,,,"",0,0,0,"",,,,0,""
77,,3,0,3,1,2,0,1,0,0,0,255,255,255,32,1998.268,"가앤슬_",L,14,75,114,-1.517,-1.203,-0.446,1.447,0.029,1.243,-36.439,19.612,59,41,0,1,"",-390.434,312.348,-24.974,-0.433,-16.984,1,"=","=","=","=","=","=","=","=","",4,R,"P0TA0",190.3,96,0.442,,43,W,Y,0,,,,,,,,,,,,,,,,,,,,,,,,,,,,,,,,,,,,,,,,,,,,,,,,,,,,,,,,,,,,,,,,,,,,,,,,,,,,,,,,,,,,,,,,,,,,,,,,,,,,,,,,,,,,,,,,,,,,,0,0,,,,,,,,,,,,,,,,,,,,,,,,,,,,,,,,,,,,,,0.092,-37.232,-0.117,-17.393,-20.975,-46.498,-13.142,-59.073,23.195,-51.44,13.321,-64.744,40.922,-90.67,0,-109.86,-55.859,-97.8,,,,"",,,,"",,,,"",,,,"",,,,"",,,,"",,,,"",,,,"",,,,2002.11,-0.04,-37.24,,,,,,,,,,,,,,,,,,,,,,,,,,,,,,,,,,,,,,,,,,,,,,,,,,,,"",0,0,0,"",,,,0,""
78,,3,0,3,1,3,0,1,0,0,0,255,255,255,33,2011.43,"가앤슬_",L,26,88,140,0.022,-0.297,-0.48,1.625,0.152,1.25,-36.439,18.564,44,56,0,0,"",-95.899,-200,-13.677,0,0,1,"=","=","=","=","=","=","=","=","",4,R,"P0TA0",190.3,96,0.442,,43,W,Y,0,,,,,,,,,,,,,,,,,,,,,,,,,,,,,,,,,,,,,,,,,,,,,,,,,,,,,,,,,,,,,,,,,,,,,,,,,,,,,,,,,,,,,,,,,,,,,,,,,,,,,,,,,,,,,,,,,,,,,0,0,,,,,,,,,,,,,,,,,,,,,,,,,,,,,,,,,,,,,,0.042,-37.421,-0.089,-17.422,-20.994,-46.479,-13.465,-58.935,23.164,-51.431,12.962,-64.249,40.915,-90.664,0,-109.85,-54.108,-96.452,,,,"",,,,"",,,,"",,,,"",,,,"",,,,"",,,,"",,,,"",,,,2015.188,-0.219,-36.938,,,,,,,,,,,,,,,,,,,,,,,,,,,,,,,,,,,,,,,,,,,,,,,,,,,,"",0,0,0,"",,,,0,""
79,,3,0,3,1,3,1,1,0,0,0,255,255,255,34,2027.745,"가앤슬_",L,6,62,94,1.312,0.442,-0.174,1.727,1.322,2.037,-36.439,15.814,100,0,0,0,"",-335.44,81.011,-5.774,0,0,1,"=","=","=","=","=","=","=","=","",4,R,"P0TA0",190.3,96,0.442,,43,W,Y,0,,,,,,,,,,,,,,,,,,,,,,,,,,,,,,,,,,,,,,,,,,,,,,,,,,,,,,,,,,,,,,,,,,,,,,,,,,,,,,,,,,,,,,,,,,,,,,,,,,,,,,,,,,,,,,,,,,,,,0,0,,,,,,,,,,,,,,,,,,,,,,,,,,,,,,,,,,,,,,0.187,-37.361,-0.048,-17.441,-21.004,-46.487,-13.242,-59.032,23.202,-51.379,12.94,-64.113,40.915,-90.664,0,-109.86,-59.296,-97.63,,,,"",,,,"",,,,"",,,,"",,,,"",,,,"",,,,"",,,,"",,,,2031.869,0.114,-37.161,,,,,,,,,,,,,,,,,,,,,,,,,,,,,,,,,,,,,,,,,,,,,,,,,,,,"",0,0,0,"",,,,0,""
80,,3,0,3,1,3,2,1,0,0,0,255,255,255,35,2044.991,"가앤슬_",L,10,75,104,-0.575,-1.822,-0.583,1.399,-0.234,1.035,-36.439,19.887,57,43,0,2,"",0,400,-5.823,0,0,1,"=","=","=","=","=","=","=","=","",4,R,"P0TA0",190.3,96,0.442,3,43,W,Y,1,2046.155,255,96,83,106,41,,145,90,3.482,1.711,-0.071,0.138,-19.256,-0.83,0,0.158,60.551,-315.802,-41.509,1,3,3,55423,0.014,0.014,0.011,0,-0.03,0.197,-19.644,-0.827,0.905,-0.026,-0.425,0.02,-0.03,0.197,-19.644,-0.83,0.905,-0.026,-0.425,3.482,0.774,0.089,0.626,5.212,0.786,-3.98,26.32,26.631,44.911,-2.728,-84.039,95.325,26.339,-1.6,-49.287,55.907,0.964,0.207,-0.166,90.521,0,0,0,0,-0.058,-0.031,-0.296,69.407,-0.058,-0.031,-0.296,69.407,0.783,0,-0.622,-51.517,0.984,0,-0.176,-79.848,0.03,-0.149,0.988,1.711,-0.03,0.061,-0.998,1.711,180,-999,-999,0,0.204,-0.827,0.096,0,48,-1,2,0.189,1,0,8,0.024,2046.603,-0.327,-36.414,2047.019,0,-0.328,0.276,-36.561,0,0,,,,,,,,,,,,,,,2051.068,1,,147,64,,,,,,,,,,,,,,,,,,,-0.049,-37.144,-0.147,-17.442,-21.004,-46.496,-13.216,-59.088,23.239,-51.608,11.961,-65.06,40.915,-90.664,0,-109.86,-53.814,-93.33,-0.27,-37.071,102,"Yes_Man_",-0.174,-17.745,,"임 재 천",-21.002,-46.499,85,"Kr_Luna",-13.213,-59.079,,"kneesohime",23.216,-51.549,,"ddil_ddil69",11.628,-64.975,,"AI",40.9,-90.65,,"AI",0,-109.84,,"aura_5599",-53.93,-92.967,,2047.211,-0.234,-36.964,,,,2050.48,-18.586,-40.09,,,,,,,,,,,,,,,,,,,2049.885,-10.35,-39.591,,,,2053.982,-18.052,-40.09,,,,,,,,,,,,,,,,,,,"",2,0,0,"가앤슬_",,,,68,""
81,,3,0,3,1,0,0,2,0,0,0,255,255,255,36,2074.329,"가앤슬_",L,14,65,106,1.314,-0.77,-0.228,1.73,1.263,1.627,-36.439,21.014,100,0,0,0,"",-359.298,333.134,5.272,0,0,2,"=","=","=","=","=","=","=","=","",5,R,"まととまと",179.8,90.039,0.45,,90,W,Y,0,,,,,,,,,,,,,,,,,,,,,,,,,,,,,,,,,,,,,,,,,,,,,,,,,,,,,,,,,,,,,,,,,,,,,,,,,,,,,,,,,,,,,,,,,,,,,,,,,,,,,,,,,,,,,,,,,,,,,0,0,,,,,,,,,,,,,,,,,,,,,,,,,,,,,,,,,,,,,,0.226,-37.53,-0.096,-17.096,-21.443,-46.42,-14.752,-57.685,23.119,-51.442,10.881,-65.441,40.929,-90.677,0,-109.87,-52.617,-92.93,,,,"",,,,"",,,,"",,,,"",,,,"",,,,"",,,,"",,,,"",,,,2078.319,0.126,-37.445,,,,,,,,,,,,,,,,,,,,,,,,,,,,,,,,,,,,,,,,,,,,,,,,,,,,"",0,0,0,"",,,,0,""
82,,3,0,3,1,0,1,2,0,0,0,255,255,255,37,2093.477,"가앤슬_",L,26,88,140,-0.924,-0.571,-0.552,1.58,-0.241,1.112,-36.439,32.659,82,18,0,2,"",-108.38,-170.332,-8.892,0,0,2,"=","=","=","=","=","=","=","=","",5,R,"まととまと",179.8,90.039,0.45,5,90,W,Y,1,2094.554,169,61,156,118,45,,145,128,-30,62.047,-0.161,0.728,-19.811,0.57,0.048,0.254,324.578,-100.562,-131.884,,,,,,,,,,,,,,,,,,,,,,,,,,,,,,,,,,,,,,,,,,,,,,,,,,,,,,,,,,,,,,,,,,,,,,,,,,,,,,,,,,,,,,,,,2094.378,-1.183,-20.354,,,,,,0,0,,,,,,,,,,,,,,,,,,,,,,,,,,,,,,,,,,,,,,0.076,-37.304,-0.077,-17.139,-21.464,-46.449,-14.995,-57.642,23.094,-51.46,10.935,-65.503,40.922,-90.67,0,-109.86,-54.175,-94.869,-0.334,-37.734,,"Yes_Man_",0.048,-17.699,,"임 재 천",-21.43,-46.432,,"Kr_Luna",-14.983,-57.64,,"kneesohime",23.152,-51.465,,"ddil_ddil69",10.935,-65.503,,"AI",40.9,-90.65,,"AI",0,-109.84,,"aura_5599",-53.13,-93.691,,,,,,,,,,,,,,,,,,,,,,,,,,,,,,,,,,,,,,,,,,,,,,,,,,,,,,,,"",3,0,0,"",,,,0,""
83,,3,0,3,1,0,2,2,0,0,0,255,255,255,38,2114.244,"가앤슬_",L,10,73,103,1.029,-2.309,-0.366,1.504,0.373,1.241,-36.439,8.851,60,40,0,2,"",0,400,-21.056,0,0,2,"=","=","=","=","=","=","=","=","",5,R,"まととまと",179.8,90.039,0.45,0,90,W,Y,1,2115.499,255,88,129,101,56,,145,124,25.913,31.989,0.128,0.311,-20.242,0.75,0,0.249,-369.191,28.678,-277.03,,,,,,,,,,,,,,,,,,,,,,,,,,,,,,,,,,,,,,,,,,,,,,,,,,,,,,,,,,,,,,,,,,,,,,,,,,,,,,,,,,,,,,,,,2119.928,-55.388,-111.149,2122.853,8,-45.83,0.054,-111.338,1,0,,2121.09,2125.777,,,,,,,,,,,,,,,,,,,,,,,,,,,,,,,,,,,0.044,-37.272,-0.017,-17.446,-21.117,-46.321,-15.699,-57.448,22.694,-51.713,10.697,-65.045,40.922,-90.67,0,-109.86,-54.94,-92.832,-0.189,-37.708,,"Yes_Man_",0.161,-17.664,,"임 재 천",-21.109,-46.297,,"Kr_Luna",-15.714,-57.454,70,"kneesohime",22.605,-51.654,,"ddil_ddil69",10.576,-64.937,,"AI",40.9,-90.65,,"AI",0,-109.84,,"aura_5599",-54.257,-92.542,91,2132.266,-0.496,-38.699,,,,,,,2126.985,-24.652,-54.984,,,,,,,,,,,,,2123.007,-45.572,-110.861,,,,,,,,,,2130.695,-15.666,-56.17,,,,,,,,,,,,,2124.041,-42.889,-106.436,"",2,0,0,"aura_5599",2125.777,,,81,""
84,,3,0,3,1,0,0,2,0,1,0,255,15,255,39,2146.714,"가앤슬_",L,26,86,139,0.285,0.457,-0.432,1.754,0.315,1.723,-36.439,17.08,47,53,0,0,"",-134.931,-200,-24.077,0,0,3,"=","=","=","=","=","=","=","=","",1,R,"SUGUN",190,82,0.5,,90,W,Y,0,,,,,,,,,,,,,,,,,,,,,,,,,,,,,,,,,,,,,,,,,,,,,,,,,,,,,,,,,,,,,,,,,,,,,,,,,,,,,,,,,,,,,,,,,,,,,,,,,,,,,,,,,,,,,,,,,,,,,0,0,,,,,,,,,,,,,2154.703,,,,,,,,,,,,,,,,,,,,,,,,,0.059,-37.293,-0.017,-17.131,-21.126,-46.001,-13.588,-58.742,20.031,-48.195,4.192,-60.44,40.917,-90.666,0,-109.86,-50.369,-94.777,,,,"",,,,"",,,,"",,,,"",,,,"",,,,"",,,,"",,,,"",,,,2150.552,-0.196,-36.967,,,,,,,,,,,,,,,,,,,,,,,,,,,,,,,,,,,,,,,,,,,,,,,,,,,,"",0,0,0,"",2149.858,,,0,""
85,,3,0,3,1,0,1,2,0,1,0,255,15,255,40,2163.113,"가앤슬_",L,10,83,110,2.202,-2.153,-0.342,1.321,0.869,0.782,-36.439,10.255,52,48,0,1,"",54.795,400,-10.541,0.451,-19.586,3,"=","=","=","=","=","=","=","=","",1,R,"SUGUN",190,82,0.5,,90,W,Y,0,,,,,,,,,,,,,,,,,,,,,,,,,,,,,,,,,,,,,,,,,,,,,,,,,,,,,,,,,,,,,,,,,,,,,,,,,,,,,,,,,,,,,,,,,,,,,,,,,,,,,,,,,,,,,,,,,,,,,0,0,,,,,,,,,2165.572,,,,,,,,,,,,,,,,,,,,,,,,,,,,,-0.061,-37.234,-0.021,-17.139,-21.099,-45.985,-14.408,-57.95,19.845,-44.34,11.572,-64.938,40.915,-90.664,0,-109.86,-48.235,-99.059,,,,"",,,,"",,,,"",,,,"",,,,"",,,,"",,,,"",,,,"",,,,2167.162,-0.356,-37.146,,,,,,,,,,,,,,,,,,,,,,,,,,,,,,,,,,,,,,,,,,,,,,,,,,,,"",0,0,0,"",,2165.572,,0,""
86,,3,0,3,1,1,1,2,0,0,1,255,255,15,41,2178.921,"가앤슬_",L,14,70,98,-3.468,-1.465,-0.555,1.541,-0.797,1.211,-36.439,27.628,57,43,0,1,"",-330.008,335.844,-20.393,0,0,3,"=","=","=","=","=","=","=","=","",1,R,"SUGUN",190,82,0.5,,90,W,Y,0,,,,,,,,,,,,,,,,,,,,,,,,,,,,,,,,,,,,,,,,,,,,,,,,,,,,,,,,,,,,,,,,,,,,,,,,,,,,,,,,,,,,,,,,,,,,,,,,,,,,,,,,,,,,,,,,,,,,,0,0,,,,,,,,,,,,,,2200.081,,,,,,,,,,,,,,,,,,,,,,,,0.064,-37.213,0.001,-17.147,-21.107,-45.989,-13.816,-58.239,19.901,-41.062,12.412,-64.641,40.915,-90.664,0,-109.86,-51.614,-98.717,,,,"",,,,"",,,,"",,,,"",,,,"",,,,"",,,,"",,,,"",,,,2193.181,-0.241,-37.401,,,,,,,,,,,,,,,,,,,,,,,,,,,,,,,,,,,,,,,,,,,,,,,,,,,,"",0,0,0,"",,2182.123,,0,""
87,,3,0,3,1,2,1,2,0,0,1,255,255,15,42,2206.292,"가앤슬_",L,10,79,107,0.826,-1.773,-0.403,1.387,0.371,1.043,-36.439,10.485,61,39,0,4,"B+",0,400,-7.852,0.216,-18.609,3,"=","=","=","=","=","=","=","=","",1,R,"SUGUN",190,82,0.5,,90,W,Y,1,,,,,,,,,,,,,,,,,,,,,,,,,,,,,,,,,,,,,,,,,,,,,,,,,,,,,,,,,,,,,,,,,,,,,,,,,,,,,,,,,,,,,,,,,,,,,,,,,,,,,,,,,,,,,,,,,,,,,0,0,,,,,,,,,,,,,,2218.632,,,,,,,,,,,,,,,,,,,,,,,,0.007,-37.357,-0.052,-17.312,-21.098,-46.137,-12.448,-58.941,19.841,-40.228,11.508,-64.744,40.915,-90.664,0,-109.86,-48.279,-92.904,,,,"",,,,"",,,,"",,,,"",,,,"",,,,"",,,,"",,,,"",,,,2210.928,-0.078,-37.366,,,,,,,,,,,,,,,,,,,,,,,,,,,,,,,,,,,,,,,,,,,,,,,,,,,,"",0,0,0,"",,2209.613,,0,""
88,,3,0,3,1,3,2,2,0,0,1,255,255,15,43,2223.997,"가앤슬_",L,26,84,136,0.359,0.775,-0.445,1.816,0.254,1.917,-36.439,14.835,58,42,0,2,"",-61.479,-200,-22.823,0,0,3,"=","=","=","=","=","=","=","=","",1,R,"SUGUN",190,82,0.5,5,58,W,Y,1,2224.965,218,59,127,61,0,,145,120,25.912,22.671,0.076,1.298,-20.081,0.19,0,0.322,443.37,-26.095,-53.663,,,,,,,,,,,,,,,,,,,,,,,,,,,,,,,,,,,,,,,,,,,,,,,,,,,,,,,,,,,,,,,,,,,,,,,,,,,,,,,,,,,,,,,,,2230.111,-41.876,-120.579,2232.103,8,-39.063,0.056,-116.722,1,0,,2230.545,2235.027,,,,,,,,2229.51,,,,,,,,,,,,,,,,,,,,,,,,,,,-0.019,-37.289,-0.031,-17.286,-21.016,-45.674,-13.978,-58.171,19.729,-40.676,11.233,-63.576,40.915,-90.664,0,-109.86,-50.21,-93.843,-0.495,-37.471,,"Yes_Man_",0.054,-17.684,,"임 재 천",-20.985,-45.669,,"Kr_Luna",-15.03,-57.689,,"kneesohime",19.704,-40.631,,"ddil_ddil69",10.905,-63.356,85,"AI",40.9,-90.65,,"AI",0,-109.84,,"aura_5599",-51.427,-94.392,91,2241.824,-0.088,-38.661,,,,,,,,,,,,,2237.042,-0.248,-59.31,,,,,,,2232.309,-39.059,-116.368,,,,,,,,,,,,,,,,2240.623,0.323,-57.818,,,,,,,2233.476,-35.801,-110.585,"",2,0,0,"aura_5599",2235.027,,2229.51,82,""
89,,3,0,3,2,0,0,2,0,1,0,255,11,255,44,2257.809,"가앤슬_",L,14,65,107,-1.673,-1.471,-0.5,1.491,0.002,1.217,-36.439,21.752,61,39,0,1,"",-379.786,312.348,-22.209,-0.4,-17.931,4,"=","=","=","=","=","=","=","=","",3,R,"-라후이-",175,86,0.498,,90,W,Y,0,,,,,,,,,,,,,,,,,,,,,,,,,,,,,,,,,,,,,,,,,,,,,,,,,,,,,,,,,,,,,,,,,,,,,,,,,,,,,,,,,,,,,,,,,,,,,,,,,,,,,,,,,,,,,,,,,,,,,0,0,,,,,,,,,,,,,2273.219,,,,,,,,,,,,,,,,,,,,,,,,,0.058,-37.084,0.042,-17.258,-20.977,-45.753,-15.006,-60.825,20.72,-46.972,9.364,-61.249,40.919,-90.667,0,-109.86,-50.61,-102.221,,,,"",,,,"",,,,"",,,,"",,,,"",,,,"",,,,"",,,,"",,,,2261.52,-0.143,-37.512,,,,,,,,,,,,,,,,,,,,,,,,,,,,,,,,,,,,,,,,,,,,,,,,,,,,"",0,0,0,"",2260.656,,,0,""
90,,3,0,3,2,1,0,2,0,1,0,255,11,255,45,2274.534,"가앤슬_",L,26,88,140,1.92,-2.069,-0.308,1.344,0.894,0.226,-36.439,3.71,48,52,0,1,"",-35.039,-197.041,-18.125,0.555,-18.204,4,"=","=","=","=","=","=","=","=","",3,R,"-라후이-",175,86,0.498,,90,W,Y,0,,,,,,,,,,,,,,,,,,,,,,,,,,,,,,,,,,,,,,,,,,,,,,,,,,,,,,,,,,,,,,,,,,,,,,,,,,,,,,,,,,,,,,,,,,,,,,,,,,,,,,,,,,,,,,,,,,,,,0,0,,,,,,,,,,,,,2291.542,,,,,,,,,,,,,,,,,,,,,,,,,0.012,-37.165,-0.013,-16.978,-20.949,-45.783,-14.524,-60.435,20.388,-48.493,9.435,-61.206,40.915,-90.664,0,-109.85,-47.427,-94.842,,,,"",,,,"",,,,"",,,,"",,,,"",,,,"",,,,"",,,,"",,,,2279.657,-0.318,-37.191,,,,,,,,,,,,,,,,,,,,,,,,,,,,,,,,,,,,,,,,,,,,,,,,,,,,"",0,0,0,"",2277.219,,,0,""
91,,3,0,3,2,2,0,2,0,1,0,255,11,255,46,2292.073,"가앤슬_",L,26,88,140,2.5,-0.551,-0.411,1.685,0.415,1.509,-36.439,13.88,50,50,0,2,"",-47.917,-200,-18,0,0,4,"=","=","=","=","=","=","=","=","",3,R,"-라후이-",175,86,0.498,0,90,W,Y,0,2292.853,183,128,81,55,30,,144,100,44.808,43.906,0.162,0.956,-19.843,-0.2,0,0.195,272.136,191.434,-168.398,,,,,,,,,,,,,,,,,,,,,,,,,,,,,,,,,,,,,,,,,,,,,,,,,,,,,,,,,,,,,,,,,,,,,,,,,,,,,,,,,,,,,,,,,2297.995,-59.235,-76.07,,,,,,0,0,,,,,,,,,2298.77,,,,2321.677,,,,,,,,,,,,,,,,,,,,,,,,,0.035,-37.177,-0.047,-17.106,-20.933,-45.762,-13.639,-60.493,19.182,-48.537,9.597,-63.944,40.915,-90.664,0,-109.85,-49.962,-95.488,-0.048,-37.186,,"Yes_Man_",0.008,-17.529,,"임 재 천",-20.924,-45.754,,"Kr_Luna",-13.628,-60.503,,"kneesohime",19.179,-48.514,,"ddil_ddil69",9.56,-63.834,,"AI",40.9,-90.65,,"AI",0,-109.84,,"aura_5599",-50.23,-94.45,,,,,,,,,,,,,,,,,,,,,,,,,,,,,,,,,,,,,,,,,,,,,,,,,,,,,,,,"",3,0,0,"",2304.565,2298.77,,0,""
92,,3,0,3,2,2,1,2,0,1,0,255,11,255,47,2322.275,"가앤슬_",L,14,69,109,-1.327,-0.759,-0.477,1.65,0.106,1.645,-36.439,22.016,61,39,0,0,"",-365.518,337.541,-19.135,-0.37,-16.377,4,"=","=","=","=","=","=","=","=","",3,R,"-라후이-",175,86,0.498,,85,W,Y,0,,,,,,,,,,,,,,,,,,,,,,,,,,,,,,,,,,,,,,,,,,,,,,,,,,,,,,,,,,,,,,,,,,,,,,,,,,,,,,,,,,,,,,,,,,,,,,,,,,,,,,,,,,,,,,,,,,,,,0,0,,,,,,,,,,,,,2342.726,,,,,,,,,,,,,,,,,,,,,,,,,0.069,-37.163,-0.021,-17.136,-21.462,-46.186,-15.135,-60.329,19.148,-50.305,10.849,-63.974,40.9,-90.65,0,-109.84,-55.524,-97.931,,,,"",,,,"",,,,"",,,,"",,,,"",,,,"",,,,"",,,,"",,,,,,,,,,,,,,,,,,,,,,,,,,,,,,,,,,,,,,,,,,,,,,,,,,,,,,,,,,"",0,0,0,"",2325.495,,,0,""
93,,3,0,3,2,2,2,2,0,1,0,255,11,255,48,2343.475,"가앤슬_",L,10,82,109,0.099,-2.127,-0.482,1.251,0.057,0.954,-36.439,12.991,57,43,0,1,"",0,400,-6.335,0.06,-19.113,4,"=","=","=","=","=","=","=","=","",3,R,"-라후이-",175,86,0.498,,85,W,Y,0,,,,,,,,,,,,,,,,,,,,,,,,,,,,,,,,,,,,,,,,,,,,,,,,,,,,,,,,,,,,,,,,,,,,,,,,,,,,,,,,,,,,,,,,,,,,,,,,,,,,,,,,,,,,,,,,,,,,,0,0,,,,,,,,,,,,,2361.773,,,,,,,,,,,,,,,,,,,,,,,,,-0.015,-37.174,-0.023,-17.144,-21.433,-46.165,-14.156,-60.762,19.17,-49.158,9.232,-64.333,40.915,-90.664,0,-109.86,-52.009,-94.649,,,,"",,,,"",,,,"",,,,"",,,,"",,,,"",,,,"",,,,"",,,,,,,,,,,,,,,,,,,,,,,,,,,,,,,,,,,,,,,,,,,,,,,,,,,,,,,,,,"",0,0,0,"",2346.209,,,0,""
94,,3,0,3,2,3,2,2,0,1,0,255,11,255,49,2362.457,"가앤슬_",L,27,73,124,1.19,0.028,-0.38,1.673,0.557,1.481,-36.439,26.589,84,16,0,2,"",-16.678,-124.618,-1.419,0,0,4,"=","=","=","=","=","=","=","=","",3,R,"-라후이-",175,86,0.498,0,85,W,Y,1,2363.296,174,120,50,47,33,,135,90,-14.093,2.05,0.227,0.936,-20.248,-0.38,0,0.123,-27.335,-17.634,5.406,,,,,,,,,,,,,,,,,,,,,,,,,,,,,,,,,,,,,,,,,,,,,,,,,,,,,,,,,,,,,,,,,,,,,,,,,,,,,,,,,,,,,,,,,2363.236,0.102,-23.739,2364.211,0,-0.377,0.399,-36.686,0,0,,,,,,,,,,,,,,,2368.228,4,,147,64,,,,,,,,,,,,,,,,,,,0.151,-37.077,-0.001,-17.409,-21.452,-46.194,-12.999,-60.863,20.188,-48.313,9.268,-63.357,40.915,-90.664,0,-109.86,-49.412,-93.53,-0.197,-36.978,113,"Yes_Man_",0.018,-17.702,,"임 재 천",-21.422,-46.172,,"Kr_Luna",-15.366,-59.938,,"kneesohime",20.025,-48.322,,"ddil_ddil69",9.171,-63.174,,"AI",40.9,-90.65,,"AI",0,-109.84,,"aura_5599",-50.151,-92.757,,2364.407,-0.289,-36.782,,,,2367.571,-18.622,-40.062,,,,,,,,,,,,,,,,,,,2367.013,-9.849,-39.717,,,,,,,,,,,,,,,,,,,,,,,,,"",2,0,0,"가앤슬_",,,,68,""
95,SIDE,3,0,3,2,0,0,2,0,1,0,255,11,255,,2370.675,,,,,,,,,,,,,,,,,,,,,,,,5,"=","=","=","=","=","=","=","=","",,,,,,,,,,,,,,,,,,,,,,,,,,,,,,,,,,,,,,,,,,,,,,,,,,,,,,,,,,,,,,,,,,,,,,,,,,,,,,,,,,,,,,,,,,,,,,,,,,,,,,,,,,,,,,,,,,,,,,,,,,,,,,,,0,0,,,,,,,,,,,,,,,,,,,,,,,,,,,,,,,,,,,,,,,,,,,,,,,,,,,,,,,,,,,,,,,,,,,,,,,,,,,,,,,,,,,,,,,,,,,,,,,,,,,,,,,,,,,,,,,,,,,,,,,,,,,,,,,,,,,,,,,,,,,,,,,,,"",0,0,0,"",,,,0,""
96,,4,1,3,2,0,0,0,0,0,0,255,255,255,41,2404.259,"Ainy4／あいにゃ",R,27,84,137,-0.168,-0.455,0.175,1.613,-0.132,1.227,-36.9,14.466,63,37,0,2,"",36.996,-102.811,-1.001,0,0,6,"Kr_Luna","ddil_ddil69","임 재 천","kneesohime","aura_5599","Yes_Man_","가앤슬_","","",0,R,"가앤슬_",190,85.179,0.2,0,90,W,Y,1,2405.263,121,37,102,79,46,,138,112,25.365,37.02,-0.16,0.83,-19.594,0.88,0,0.323,2.51,394.356,-143.534,,,,,,,,,,,,,,,,,,,,,,,,,,,,,,,,,,,,,,,,,,,,,,,,,,,,,,,,,,,,,,,,,,,,,,,,,,,,,,,,,,,,,,,,,2410.003,-68.188,-95.015,2411.719,8,-66.351,0.1,-94.343,1,0,,2411.342,2416.047,,,,,,,,,,,,,,,,,,,,,,,,,,,,,,,,,,,-0.146,-38.076,-0.072,-17.384,-22.639,-47.285,-11.224,-64.835,19.154,-45.317,13.827,-64.652,40.922,-90.67,-1.653,-112.134,-49.683,-98.915,0.029,-37.551,,"SUGUN",-0.091,-17.485,,"Fresh825",-22.616,-47.236,,"-라후이-",-11.388,-65.19,107,"P0TA0",19.082,-45.334,,"まととまと",12.799,-64.64,78,"AI",40.9,-90.65,,"_Gosomi",-1.666,-112.108,,"아침땅_",-49.075,-99.08,,2427.661,-0.171,-38.8,,,,,,,2415.596,-29.994,-86.789,,,,2418.043,-1.078,-59.907,,,,,,,2411.932,-65.966,-94.117,,,,,,,,,,2416.513,-26.502,-82.973,,,,2426.38,0.514,-58.342,,,,,,,,,,"",2,0,0,"아침땅_",2416.047,,,212,""
97,,4,1,3,2,0,0,0,0,1,0,255,0,255,42,2439.461,"Ainy4／あいにゃ",R,26,77,128,-0.082,0.209,0.242,1.71,0.181,1.541,-36.9,30.314,97,3,0,0,"",-142.249,-200,0.206,0,0,0,"=","=","=","=","=","=","=","","",3,L,"Kr_Luna",190,95.432,0.498,,90,W,Y,0,,,,,,,,,,,,,,,,,,,,,,,,,,,,,,,,,,,,,,,,,,,,,,,,,,,,,,,,,,,,,,,,,,,,,,,,,,,,,,,,,,,,,,,,,,,,,,,,,,,,,,,,,,,,,,,,,,,,,0,0,,,,,,,,,,,,,2439.527,,,,,,,,,,,,,,,,,,,,,,,,,-0.127,-38.027,0.019,-17.235,-19.172,-47.001,-12.138,-64.189,18.827,-43.377,15.237,-63.322,40.915,-90.664,8.643,-108.269,-38.055,-103.055,,,,"",,,,"",,,,"",,,,"",,,,"",,,,"",,,,"",,,,"",,,,2443.076,-0.275,-37.982,,,,,,,,,,,,,,,,,,,,,,,,,,,,,,,,,,,,,,,,,,,,,,,,,,,,"",0,0,0,"",2443.159,,,0,""
98,,4,1,3,2,0,1,0,0,1,0,255,0,255,43,2455.365,"Ainy4／あいにゃ",R,7,70,104,1.597,-0.108,0.194,1.752,0.235,1.552,-36.9,25.08,94,6,0,4,"",211.311,0,35.466,0,0,0,"=","=","=","=","=","=","=","","",3,L,"Kr_Luna",190,95.432,0.498,,91,W,Y,0,,,,,,,,,,,,,,,,,,,,,,,,,,,,,,,,,,,,,,,,,,,,,,,,,,,,,,,,,,,,,,,,,,,,,,,,,,,,,,,,,,,,,,,,,,,,,,,,,,,,,,,,,,,,,,,,,,,,,0,0,,,,,,,,,,,,,2461.595,,,,,,,,,,,,,,,,,,,,,,,,,-0.204,-37.825,-0.018,-17.259,-19.203,-46.965,-11.59,-64.696,19.249,-42.281,15.577,-63.159,40.915,-90.664,7.089,-103.337,-41.182,-103.342,,,,"",,,,"",,,,"",,,,"",,,,"",,,,"",,,,"",,,,"",,,,2459.297,-0.347,-38.146,,,,,,,,,,,,,,,,,,,,,,,,,,,,,,,,,,,,,,,,,,,,,,,,,,,,"",0,0,0,"",2459.535,,,0,""
99,,4,1,3,2,0,2,0,0,1,0,255,0,255,44,2472.434,"Ainy4／あいにゃ",R,14,76,102,1.162,-0.673,0.115,1.753,-0.272,1.671,-36.9,21.173,96,4,0,0,"",362.039,312.348,22.554,0,0,0,"=","=","=","=","=","=","=","","",3,L,"Kr_Luna",190,95.432,0.498,,91,W,Y,0,,,,,,,,,,,,,,,,,,,,,,,,,,,,,,,,,,,,,,,,,,,,,,,,,,,,,,,,,,,,,,,,,,,,,,,,,,,,,,,,,,,,,,,,,,,,,,,,,,,,,,,,,,,,,,,,,,,,,0,0,,,,,,,,,,,,,2491.015,,2475.084,0,,578,0,,,,,,,,,,,,,,,,,,,-0.156,-38.149,0.036,-17.253,-19.444,-47.08,-11.642,-64.787,19.479,-44.475,15.283,-61.645,40.915,-90.664,11.338,-104.277,-42.932,-105.039,,,,"",,,,"",,,,"",,,,"",,,,"",,,,"",,,,"",,,,"",,,,2476.594,-0.466,-37.958,,,,,,,,,,,,,,,,,,,,,,,,,,,,,,,,,,,,,,,,,,,,,,,,,,,,"",0,0,0,"",2476.29,,,0,""
100,,4,1,3,2,0,0,1,0,1,0,255,0,255,45,2492.964,"Ainy4／あいにゃ",R,3,80,105,-1.33,0.118,0.326,1.758,0.383,1.684,-36.9,37.564,89,11,0,0,"",-477.273,0,-9.192,0,0,1,"=","=","=","=","=","=","=","","",5,R,"ddil_ddil69",176.4,89.974,0.546,,91,W,Y,1,,,,,,,,,,,,,,,,,,,,,,,,,,,,,,,,,,,,,,,,,,,,,,,,,,,,,,,,,,,,,,,,,,,,,,,,,,,,,,,,,,,,,,,,,,,,,,,,,,,,,,,,,,,,,,,,,,,,,0,0,,,,,,,,,,,,,2510.245,,,,,,,,,,,,,,,,,,,,,,,,,-0.133,-37.963,-0.363,-17.193,-21.939,-46.7,-11.713,-65.128,18.55,-43.645,2.439,-60.697,40.922,-90.67,-1.049,-109.756,-45.048,-100.206,,,,"",,,,"",,,,"",,,,"",,,,"",,,,"",,,,"",,,,"",,,,2496.838,-0.593,-37.951,,,,,,,,,,,,,,,,,,,,,,,,,,,,,,,,,,,,,,,,,,,,,,,,,,,,"",0,0,0,"",2496.28,,,0,""
101,,4,1,3,2,0,1,1,0,1,0,255,0,255,46,2511.067,"Ainy4／あいにゃ",R,32,84,136,-0.536,-1.081,0.082,1.527,-0.561,0.894,-36.9,13.292,49,51,0,2,"",225.923,-75.29,-23.372,0,0,1,"=","=","=","=","=","=","=","","",5,R,"ddil_ddil69",176.4,89.974,0.546,3,39,W,Y,1,2512.266,156,13,73,34,0,,137,91,-13.544,-60.863,-0.249,0.466,-19.365,0.97,0,0.516,-39.772,264.456,20.274,1,3,3,63999,0.014,0.014,0.021,-0.005,-0.04,0.538,-19.685,0.969,0.93,0.096,0.355,1.665,-0.04,0.522,-19.692,0.97,0.92,0.092,0.381,-13.544,0.852,0.069,0.519,10.564,0.113,-2.775,35.403,35.512,-5.577,-7.611,-6.718,11.583,-23.554,-19.609,-21.192,37.261,-0.308,0.027,-0.951,91.293,0.077,0.106,0.093,0,-0.077,-0.106,-0.093,0,-0.031,-0.136,-0.179,49.034,0.97,0,-0.242,-75.983,0.991,0,-0.13,-82.507,-0.863,-0.152,0.481,-60.863,0.849,-0.234,-0.473,-60.863,118.955,-999,-999,0,0.104,0.974,0.096,0.158,24,-1,2,0.086,1,2,8,0.024,2512.169,1.189,-20.17,,,,,,0,0,,,,,,,,,,,,,2530.635,,,,,,,,,,,,,,,,,,,,,,,,,-0.206,-37.885,-0.012,-17.229,-22.014,-46.674,-11.84,-64.95,18.431,-44.33,5.371,-62.614,40.922,-90.67,-1.2,-109.695,-47.398,-99.01,0.002,-37.646,,"SUGUN",-0.065,-17.467,,"Fresh825",-21.791,-46.446,,"-라후이-",-11.801,-64.906,,"P0TA0",18.405,-43.98,,"まととまと",8.472,-63.608,,"AI",40.9,-90.65,,"_Gosomi",-1.071,-109.628,,"아침땅_",-47.241,-99.129,,,,,,,,,,,,,,,,,,,,,,,,,,,,,,,,,,,,,,,,,,,,,,,,,,,,,,,,"",3,0,0,"",2515.895,,,0,""
102,,4,1,3,2,0,2,1,0,1,0,255,0,255,47,2530.926,"Ainy4／あいにゃ",R,3,82,107,-3.223,0.02,0.062,1.733,-0.438,1.626,-36.9,17.247,88,12,0,4,"",-486.364,0,-11.884,0,0,1,"=","=","=","=","=","=","=","","",5,R,"ddil_ddil69",176.4,89.974,0.546,,91,W,Y,1,,,,,,,,,,,,,,,,,,,,,,,,,,,,,,,,,,,,,,,,,,,,,,,,,,,,,,,,,,,,,,,,,,,,,,,,,,,,,,,,,,,,,,,,,,,,,,,,,,,,,,,,,,,,,,,,,,,,,0,0,,,,,,,,,,,,,2551.088,,2533.88,1,,578,0,,,,,,,,,,,,,,,,,,,-0.208,-37.905,-0.092,-17.33,-22.506,-47.572,-14.452,-65.841,18.865,-44.148,2.493,-60.243,40.915,-90.664,-5.175,-106.61,-46.786,-98.004,,,,"",,,,"",,,,"",,,,"",,,,"",,,,"",,,,"",,,,"",,,,,,,,,,,,,,,,,,,,,,,,,,,,,,,,,,,,,,,,,,,,,,,,,,,,,,,,,,"",0,0,0,"",2534.841,,,0,""
103,,4,1,3,2,0,0,2,0,1,0,255,0,255,48,2554.082,"Ainy4／あいにゃ",R,27,84,136,1.718,0.482,0.35,1.788,0.685,1.793,-36.9,31.901,90,10,0,1,"",36.374,-122.57,-3.46,0,0,2,"=","=","=","=","=","=","=","","",2,R,"임 재 천",190,88.237,0.346,,91,W,Y,0,,,,,,,,,,,,,,,,,,,,,,,,,,,,,,,,,,,,,,,,,,,,,,,,,,,,,,,,,,,,,,,,,,,,,,,,,,,,,,,,,,,,,,,,,,,,,,,,,,,,,,,,,,,,,,,,,,,,,0,0,,,,,,,,,,,,,,,,,,,,,,,,,,,,,,,,,,,,,,-0.141,-37.999,-0.033,-17.205,-23.317,-48.069,-13.915,-64.877,18.824,-44.408,9.625,-62.644,40.929,-90.677,0.121,-123.762,-46.814,-97.643,,,,"",,,,"",,,,"",,,,"",,,,"",,,,"",,,,"",,,,"",,,,,,,,,,,,,,,,,,,,,,,,,,,,,,,,,,,,,,,,,,,,,,,,,,,,,,,,,,"",0,0,0,"",2557.535,,,0,""
104,,4,1,3,2,1,0,2,0,1,0,255,0,255,49,2570.666,"Ainy4／あいにゃ",R,29,87,140,0.681,0.574,0.34,1.786,0.637,1.786,-36.9,30.419,88,12,0,2,"",-250,-200,18.225,0,0,2,"=","=","=","=","=","=","=","","",2,R,"임 재 천",190,88.237,0.346,3,91,W,Y,1,2571.727,81,39,53,50,37,,113,81,-0.093,-55.434,-0.09,1.173,-19.269,-0.21,0,0.499,-208.835,185.089,-114.751,1,3,3,53371,0.014,0.014,0.014,0,0.155,1.2,-19.671,-0.213,0.915,0.001,0.403,0,0.155,1.2,-19.671,-0.21,0.915,0.001,0.403,-0.093,0.819,-0.377,0.432,9.933,-0.966,-1.821,36.528,36.586,-7.178,-11.665,-16.149,21.175,-2.816,-4.577,-6.336,8.308,-0.634,-0.769,-0.086,81.019,0,0,0,0,-0.055,-0.116,-0.205,29.333,-0.055,-0.116,-0.205,29.333,0,0,0,0,0,0,0,0,-0.823,-0.046,0.567,-55.434,0.823,-0.002,-0.567,-55.434,126.081,-999,-999,0,0.21,-0.213,0.096,0,41,-1,2,0.203,1,0,8,0.035,2572.12,11.582,-27.452,,,,,,0,0,,,,,,,,,,,,,2570.684,,,,,,,,,,,,,,,,,,,,,,,,,-0.127,-38.067,-0.022,-17.121,-23.382,-48.073,-13.852,-64.49,18.596,-43.858,2.85,-60.464,40.915,-90.664,0.136,-123.773,-46.63,-96.825,0.062,-37.533,,"SUGUN",-0.076,-17.353,,"Fresh825",-23.068,-47.87,,"-라후이-",-14.028,-64.246,,"P0TA0",18.265,-43.765,,"まととまと",8.586,-61.549,,"AI",40.9,-90.65,,"_Gosomi",0.096,-123.77,,"아침땅_",-46.822,-96.649,,,,,,,,,,,,,,,,,,,,,,,,,,,,,,,,,,,,,,,,,,,,,,,,,,,,,,,,"",3,0,0,"",2575.699,,,0,""
105,,4,1,3,2,1,1,2,0,1,0,255,0,255,50,2590.993,"Ainy4／あいにゃ",R,10,70,100,1.302,-0.981,0.428,1.898,0.555,1.616,-36.9,39.772,89,11,0,4,"",0,400,10.13,0.206,-17.37,2,"=","=","=","=","=","=","=","","",2,R,"임 재 천",190,88.237,0.346,,91,W,Y,1,,,,,,,,,,,,,,,,,,,,,,,,,,,,,,,,,,,,,,,,,,,,,,,,,,,,,,,,,,,,,,,,,,,,,,,,,,,,,,,,,,,,,,,,,,,,,,,,,,,,,,,,,,,,,,,,,,,,,0,0,,,,,,,,,,,,,2604.167,,,,,,,,,,,,,,,,,,,,,,,,,-0.05,-38.05,-0.034,-17.126,-24.163,-48.666,-14.101,-63.275,18.732,-44.113,11.352,-63.72,40.915,-90.664,2.465,-123.981,-46.799,-97.084,,,,"",,,,"",,,,"",,,,"",,,,"",,,,"",,,,"",,,,"",,,,,,,,,,,,,,,,,,,,,,,,,,,,,,,,,,,,,,,,,,,,,,,,,,,,,,,,,,"",0,0,0,"",2594.812,,,0,""
106,,4,1,3,2,1,2,2,0,1,0,255,0,255,51,2607.527,"Ainy4／あいにゃ",R,3,83,109,-2.253,-0.207,0.157,1.671,-0.142,1.495,-36.9,22.422,61,39,0,2,"",-434.745,3.973,-13.575,0,0,2,"=","=","=","=","=","=","=","","",2,R,"임 재 천",190,88.237,0.346,3,91,W,Y,1,2608.678,255,154,105,87,63,,145,90,-15.557,-3.785,-0.419,0.94,-20.405,-0.84,0,0.637,51.138,-329.41,-29.32,1,3,3,53371,0.014,0.014,0.006,0,-0.364,0.987,-20.839,-0.838,0.464,0.238,-0.853,0,-0.364,0.987,-20.839,-0.84,0.464,0.238,-0.853,-15.557,0.987,0.16,-0.002,1.713,-1.847,-2.252,27.91,28.062,58.022,33.225,-74.137,99.834,29.211,16.727,-37.324,50.261,0.988,0.154,-0.002,90.314,0,0,0,0,0.395,0.242,-0.174,61.841,0.395,0.242,-0.174,61.841,0,0,0,0,0,0,0,0,-0.066,-0.08,0.995,-3.785,0.064,-0.268,-0.961,-3.785,-180,-999,-999,0,0.465,-0.838,0.096,0,48,-1,2,0.465,1,0,8,0.028,2608.544,-0.212,-23.388,2609.528,0,1.047,0.531,-36.836,0,0,,,,,,,,,2610.29,,,,,,,,,,,,,,,,,,,,,,,,,,,,,-0.169,-38.063,-0.347,-17.169,-23.796,-48.669,-13.969,-62.437,19.618,-41.332,2.15,-60.627,40.915,-90.664,2.967,-123.972,-46.449,-97.143,0.101,-37.234,,"SUGUN",-0.733,-17.456,,"Fresh825",-23.58,-48.529,,"-라후이-",-13.926,-62.498,,"P0TA0",19.331,-40.892,,"まととまと",7.887,-61.498,,"AI",40.9,-90.65,,"_Gosomi",2.884,-123.934,,"아침땅_",-46.381,-97.028,,2609.828,0.71,-37.404,,,,,,,,,,,,,,,,,,,,,,,,,,,,,,,,,,,,,,,,,,,,,,,,,,,,"",2,0,0,"Ainy4／あいにゃ",,2610.29,,128,""
107,,4,1,3,2,1,2,2,0,1,0,255,0,255,52,2611.056,"Ainy4／あいにゃ",R,47,35,86,-7.329,-0.648,0.157,1.671,-0.142,1.495,-36.9,22.422,0,87,13,4,"",60.352,1.887,-2.751,-1.553,-15.619,2,"=","=","=","=","=","=","=","","",2,L,"임 재 천",190,88.237,0.346,,91,W,Y,0,,,,,,,,,,,,,,,,,,,,,,,,,,,,,,,,,,,,,,,,,,,,,,,,,,,,,,,,,,,,,,,,,,,,,,,,,,,,,,,,,,,,,,,,,,,,,,,,,,,,,,,,,,,,,,,,,,,,,0,4,,2615.257,,,,,,,,,,,,,2614.497,2,,147,8,,,,,,,,,,,,,,,,,,,-0.143,-37.195,0.426,-17.821,-21.973,-44.175,-9.492,-61.2,17.712,-43.719,5.79,-60.241,40.9,-90.65,2.685,-123.838,-42.93,-96.471,,,,"",,,120,"",,,,"",,,,"",,,,"",,,,"",,,,"",,,,"",,,,,,,2612.079,-0.975,-19.161,2613.857,-18.975,-39.067,,,,,,,,,,,,,,,,,,,,,,2612.722,-2.926,-21.892,,,,,,,,,,,,,,,,,,,,,,"",0,0,0,"",,,,0,""
108,SIDE,4,1,3,2,0,0,2,0,1,0,255,0,255,,2619.007,,,,,,,,,,,,,,,,,,,,,,,,3,"=","=","=","=","=","=","=","","",,,,,,,,,,,,,,,,,,,,,,,,,,,,,,,,,,,,,,,,,,,,,,,,,,,,,,,,,,,,,,,,,,,,,,,,,,,,,,,,,,,,,,,,,,,,,,,,,,,,,,,,,,,,,,,,,,,,,,,,,,,,,,,,0,0,,,,,,,,,,,,,,,,,,,,,,,,,,,,,,,,,,,,,,,,,,,,,,,,,,,,,,,,,,,,,,,,,,,,,,,,,,,,,,,,,,,,,,,,,,,,,,,,,,,,,,,,,,,,,,,,,,,,,,,,,,,,,,,,,,,,,,,,,,,,,,,,,"",0,0,0,"",,,,0,""
109,,4,0,3,2,0,0,0,0,0,0,255,255,255,51,2671.422,"가앤슬_",L,14,65,96,1.007,-0.25,-0.241,1.677,1.112,1.953,-36.439,16.334,70,30,0,2,"",-306.969,283.454,-6.479,0,0,5,"Fresh825","P0TA0","まととまと","SUGUN","-라후이-","_Gosomi","아침땅_","Ainy4／あいにゃ","",7,R,"_Gosomi",175,86.368,0.434,0,91,W,Y,0,2672.706,40,29,30,35,42,,33,39,-59.56,44.722,0.185,0.833,-20.232,0.79,0,0.654,-141.542,-34.385,-20.514,,,,,,,,,,,,,,,,,,,,,,,,,,,,,,,,,,,,,,,,,,,,,,,,,,,,,,,,,,,,,,,,,,,,,,,,,,,,,,,,,,,,,,,,,2672.578,-0.255,-20.675,2675.695,0,-9.556,0.057,-31.482,0,32,,,,,,,,,,,,,,,2676.532,5,,273,0,,,,,,,,,,,,,,,,,,,0.189,-37.274,-0.007,-17.062,-21.377,-46.791,-15.05,-59.53,23.664,-53.31,11.695,-63.71,40.966,-90.712,0,-109.89,-49.41,-94.086,0.04,-37.184,,"Yes_Man_",-0.019,-17.119,,"임 재 천",-21.373,-46.786,,"Kr_Luna",-15.044,-59.532,,"kneesohime",23.561,-53.302,,"ddil_ddil69",11.646,-63.519,,"AI",40.9,-90.65,,"AI",0,-109.84,,"aura_5599",-49.46,-92.801,,2675.947,-9.43,-31.867,,,,,,,,,,,,,,,,,,,,,,,,,,,,,,,,,,,,,,,,,,,,,,,,,,,,"",2,0,0,"가앤슬_",,,,64,""
110,,4,0,3,2,0,0,1,0,0,0,255,255,255,52,2700.073,"가앤슬_",L,26,94,140,1.386,-0.8,-0.519,1.614,-0.088,1.245,-36.439,28.282,59,41,0,2,"",-76.553,-200,-0.942,0,0,6,"=","=","=","=","=","=","=","=","",8,R,"아침땅_",169.7,87.187,0.502,0,35,W,Y,1,2701.039,129,107,65,51,20,,137,119,26.019,40.391,-0.075,0.786,-19.862,0.26,0.048,0.353,280.773,265.736,-218.723,,,,,,,,,,,,,,,,,,,,,,,,,,,,,,,,,,,,,,,,,,,,,,,,,,,,,,,,,,,,,,,,,,,,,,,,,,,,,,,,,,,,,,,,,2705.903,-70.358,-94.596,2706.645,8,-68.954,0.386,-93.629,1,0,,2706.161,2710.725,2718.246,,,,,,,,,,,,,,,,,,,,,,,,,,,,,,,,,,0.153,-37.108,0.024,-17.153,-21.731,-46.902,-15.051,-59.537,23.918,-52.929,11.024,-65.367,40.937,-90.684,0,-109.88,-50.5,-93.368,-0.349,-37.144,,"Yes_Man_",0.005,-17.241,,"임 재 천",-21.736,-46.908,,"Kr_Luna",-16.469,-58.911,97,"kneesohime",23.902,-52.936,82,"ddil_ddil69",10.411,-64.947,,"AI",40.9,-90.65,,"AI",0,-109.84,,"aura_5599",-50.979,-93.443,88,2725.451,0.784,-38.216,,,,,,,2715.348,-32.369,-77.719,2719.817,18.882,-40.494,,,,,,,,,,2706.817,-68.71,-93.713,,,,,,,,,,2716.991,-26.65,-73.99,2724.445,17.519,-40.254,,,,,,,,,,2716.772,-26.092,-71.931,"",2,0,0,"aura_5599",2710.725,2718.246,,89,""
111,,4,0,3,2,0,0,1,0,0,1,255,255,18,53,2740.01,"가앤슬_",L,6,54,87,-0.323,0.68,-0.365,1.739,0.728,2.063,-36.439,29.927,63,37,0,0,"",-365.123,0,-12.763,0,0,7,"=","=","=","=","=","=","=","=","",0,R,"Ainy4／あいにゃ",189,85,0.51,,91,W,Y,0,,,,,,,,,,,,,,,,,,,,,,,,,,,,,,,,,,,,,,,,,,,,,,,,,,,,,,,,,,,,,,,,,,,,,,,,,,,,,,,,,,,,,,,,,,,,,,,,,,,,,,,,,,,,,,,,,,,,,0,0,,,,,,,,,,,,,,2752.384,,,,,,,,,,,,,,,,,,,,,,,,0.208,-37.178,-0.025,-16.951,-20.763,-45.673,-14.586,-60.832,19.533,-40.878,11.18,-64.536,40.922,-90.671,0,-109.86,-57.451,-97.966,,,,"",,,,"",,,,"",,,,"",,,,"",,,,"",,,,"",,,,"",,,,2745.523,-0.174,-36.69,,,,,,,,,,,,,,,,,,,,,,,,,,,,,,,,,,,,,,,,,,,,,,,,,,,,"",0,0,0,"",,2742.948,,0,""
112,,4,0,3,2,0,1,1,0,0,1,255,255,18,54,2756.834,"가앤슬_",L,26,82,133,-0.98,1.506,-0.545,1.963,-0.208,2.365,-36.439,38.772,79,21,0,4,"",-142.44,-200,-19.707,0,0,7,"=","=","=","=","=","=","=","=","",0,R,"Ainy4／あいにゃ",189,85,0.51,,91,W,Y,1,,,,,,,,,,,,,,,,,,,,,,,,,,,,,,,,,,,,,,,,,,,,,,,,,,,,,,,,,,,,,,,,,,,,,,,,,,,,,,,,,,,,,,,,,,,,,,,,,,,,,,,,,,,,,,,,,,,,,0,0,,,,,,,,,,,,,,2766.84,,,,,,,,,,,,,,,,,,,,,,,,0.057,-37.319,-0.021,-16.964,-20.794,-45.692,-14.704,-60.841,19.764,-40.54,11.566,-64.946,40.915,-90.664,0,-109.85,-55.329,-95.896,,,,"",,,,"",,,,"",,,,"",,,,"",,,,"",,,,"",,,,"",,,,2761.707,-0.191,-37.113,,,,,,,,,,,,,,,,,,,,,,,,,,,,,,,,,,,,,,,,,,,,,,,,,,,,"",0,0,0,"",,2759.6,,0,""
113,,4,0,3,2,0,2,1,0,0,1,255,255,18,55,2775.271,"가앤슬_",L,10,73,103,1.421,-1.756,-0.298,1.295,0.627,1.1,-36.439,10.934,49,51,0,1,"",0,400,-21.829,0.329,-18.557,7,"=","=","=","=","=","=","=","=","",0,R,"Ainy4／あいにゃ",189,85,0.51,,91,W,Y,0,,,,,,,,,,,,,,,,,,,,,,,,,,,,,,,,,,,,,,,,,,,,,,,,,,,,,,,,,,,,,,,,,,,,,,,,,,,,,,,,,,,,,,,,,,,,,,,,,,,,,,,,,,,,,,,,,,,,,0,0,,,,,,,,,,,,,,2788.95,,,,,,,,,,,,,,,,,,,,2780.763,4,,,0.138,-37.272,-0.027,-17.249,-20.77,-45.688,-14.589,-60.868,19.648,-40.258,11.404,-65.237,40.922,-90.67,0,-109.86,-56.512,-95.696,,,,"",,,,"",,,,"",,,,"",,,,"",,,,"",,,,"",,,,"",,,,2783.109,0.911,-37.945,,,,,,,,,,,,,,,,,,,,,,,,,,,,,,,,,,,,,,,,,,,,,,,,,,,,"",0,0,0,"",,2777.924,,0,""
114,,4,0,3,2,1,2,1,0,0,1,255,255,18,56,2795.09,"가앤슬_",L,34,81,132,-0.704,1.829,-0.534,2.043,-0.156,2.667,-36.439,48.909,80,20,0,1,"",-93.226,-83.481,-8.538,0,0,7,"=","=","=","=","=","=","=","=","",0,R,"Ainy4／あいにゃ",189,85,0.51,,91,W,Y,0,,,,,,,,,,,,,,,,,,,,,,,,,,,,,,,,,,,,,,,,,,,,,,,,,,,,,,,,,,,,,,,,,,,,,,,,,,,,,,,,,,,,,,,,,,,,,,,,,,,,,,,,,,,,,,,,,,,,,0,0,,,,,,,,,,,,,,2805.491,,,,,,,,,,,,,,,,,,,,,,,,0.146,-37.312,0.019,-17.152,-20.762,-45.659,-14.622,-60.877,19.871,-40.43,11.076,-64.784,40.915,-90.664,0,-109.86,-56.556,-96.455,,,,"",,,,"",,,,"",,,,"",,,,"",,,,"",,,,"",,,,"",,,,2802.08,0.458,-38.092,,,,,,,,,,,,,,,,,,,,,,,,,,,,,,,,,,,,,,,,,,,,,,,,,,,,"",0,0,0,"",,2798.023,,0,""
115,,4,0,3,2,2,2,1,0,0,1,255,255,18,57,2814.753,"가앤슬_",L,14,70,110,-1.541,-0.976,-0.493,1.512,0.034,1.437,-36.439,17.998,61,39,0,2,"",-376.908,328.542,-26.464,0,0,7,"=","=","=","=","=","=","=","=","",0,R,"Ainy4／あいにゃ",189,85,0.51,5,91,W,Y,1,2815.917,201,122,104,19,0,,139,110,-1.475,33.674,-0.28,0.673,-20.626,0.92,0,0.505,-155.209,13.668,63.198,,,,,,,,,,,,,,,,,,,,,,,,,,,,,,,,,,,,,,,,,,,,,,,,,,,,,,,,,,,,,,,,,,,,,,,,,,,,,,,,,,,,,,,,,2815.995,-6.227,-29.544,2819.803,8,-42.7,0.059,-86.253,1,0,,2821.547,,,,,,,,,2820.366,,,,,,,,,,,,,,,,,,,,,,,,,,,0.059,-37.304,0.004,-17.103,-20.762,-45.657,-15.773,-60.358,19.829,-40.265,11.037,-64.796,40.915,-90.664,0,-109.86,-57.856,-96.235,-0.456,-37.507,,"Yes_Man_",-0.016,-17.557,,"임 재 천",-20.744,-45.685,61,"Kr_Luna",-15.869,-60.323,,"kneesohime",19.621,-43.577,,"ddil_ddil69",10.276,-63.498,,"AI",40.9,-90.65,,"AI",0,-109.84,,"aura_5599",-57.053,-96.687,102,2827.729,-0.971,-38.297,,,,2823.317,-20.061,-40.714,,,,,,,,,,,,,,,,2819.983,-43.363,-87.224,,,,,,,2826.325,-18.222,-39.909,,,,,,,,,,,,,,,,2821.2,-39.857,-79.492,"",2,0,0,"aura_5599",,,2820.366,84,""
116,,4,0,3,3,0,0,1,1,0,0,10,255,255,58,2843.086,"가앤슬_",L,3,72,102,1.576,-0.075,-0.614,1.641,-0.011,1.582,-36.439,14.692,47,53,0,4,"",357.737,0,-12.811,0,0,0,"=","=","=","=","=","=","=","=","",2,L,"Fresh825",190,80,0.2,,91,W,Y,1,,,,,,,,,,,,,,,,,,,,,,,,,,,,,,,,,,,,,,,,,,,,,,,,,,,,,,,,,,,,,,,,,,,,,,,,,,,,,,,,,,,,,,,,,,,,,,,,,,,,,,,,,,,,,,,,,,,,,0,0,,,,,,,,,,,,2862.802,,,,,,,,,,,,,,,,,,,,,,,,,,-0.202,-37.296,-0.03,-16.922,-20.05,-41.901,-8.802,-62.887,22.935,-51.072,12.338,-63.521,40.922,-90.671,0,-109.86,-57.215,-99.234,,,,"",,,,"",,,,"",,,,"",,,,"",,,,"",,,,"",,,,"",,,,2850.583,-0.925,-38.341,,,,,,,,,,,,,,,,,,,,,,,,,,,,,,,,,,,,,,,,,,,,,,,,,,,,"",0,0,0,"",,,,0,""
117,,4,0,3,3,0,1,1,1,0,0,10,255,255,59,2863.253,"가앤슬_",L,4,73,108,0.283,-0.127,-0.548,1.553,-0.148,1.546,-36.439,10.462,38,62,0,0,"",155.381,0,-11.465,0,0,0,"=","=","=","=","=","=","=","=","",2,L,"Fresh825",190,80,0.2,,91,W,Y,1,,,,,,,,,,,,,,,,,,,,,,,,,,,,,,,,,,,,,,,,,,,,,,,,,,,,,,,,,,,,,,,,,,,,,,,,,,,,,,,,,,,,,,,,,,,,,,,,,,,,,,,,,,,,,,,,,,,,,0,0,,,,,,,,,,,,2881.571,,,,,,,,,,,,,,,,,,,,,,,,,,-0.102,-37.172,0.007,-17.132,-19.749,-40.875,-8.456,-63.027,23.162,-51.032,12.512,-63.494,40.915,-90.664,0,-109.86,-57.013,-96.666,,,,"",,,,"",,,,"",,,,"",,,,"",,,,"",,,,"",,,,"",,,,2867.809,0.074,-37.316,,,,,,,,,,,,,,,,,,,,,,,,,,,,,,,,,,,,,,,,,,,,,,,,,,,,"",0,0,0,"",,,,0,""
118,,4,0,3,3,0,2,1,1,0,0,10,255,255,60,2882.386,"가앤슬_",L,26,90,140,-1.355,0.765,-0.598,1.822,-0.457,1.935,-36.439,35.18,81,19,0,2,"",-86.394,-177.831,-5.104,0,0,0,"=","=","=","=","=","=","=","=","",2,L,"Fresh825",190,80,0.2,5,91,W,Y,1,2883.469,139,120,89,90,17,,142,88,41.579,-24.789,-0.237,1.266,-19.551,-0.87,0,0.139,236.709,36.099,228.613,,,,,,,,,,,,,,,,,,,,,,,,,,,,,,,,,,,,,,,,,,,,,,,,,,,,,,,,,,,,,,,,,,,,,,,,,,,,,,,,,,,,,,,,,2888.545,26.524,-80.084,2888.728,6,25.724,2.502,-78.281,0,0,,2889.696,,,,2887.839,,,,,,,,,2888.91,0,,456,0,,,,,,,,,,,2900.158,2,,,,,,,-0.033,-37.3,-0.001,-17.124,-20.134,-42.128,-8.031,-62.949,23.214,-51,12.344,-63.491,40.922,-90.67,0,-109.86,-55.946,-96.225,-0.5,-37.542,120,"Yes_Man_",0.049,-17.651,,"임 재 천",-19.85,-43.115,,"Kr_Luna",-7.327,-62.586,,"kneesohime",23.095,-50.96,,"ddil_ddil69",12.298,-63.23,93,"AI",40.9,-90.65,,"AI",0,-109.84,,"aura_5599",-56.005,-96.289,,2894.669,0.172,-38.708,,,,2896.395,-18.782,-39.844,,,,,,,2888.941,25.527,-77.589,,,,,,,,,,2895.576,-2.876,-38.276,,,,,,,,,,,,,2892.962,15.236,-67.023,,,,,,,,,,"",1,0,0,"AI",2887.839,,,70,""
119,SIDE,4,0,3,3,0,0,2,1,0,0,10,255,255,,2902.385,,,,,,,,,,,,,,,,,,,,,,,,1,"=","=","=","=","=","=","=","=","",,,,,,,,,,,,,,,,,,,,,,,,,,,,,,,,,,,,,,,,,,,,,,,,,,,,,,,,,,,,,,,,,,,,,,,,,,,,,,,,,,,,,,,,,,,,,,,,,,,,,,,,,,,,,,,,,,,,,,,,,,,,,,,,0,0,,,,,,,,,,,,,,,,,,,,,,,,,,,,,,,,,,,,,,,,,,,,,,,,,,,,,,,,,,,,,,,,,,,,,,,,,,,,,,,,,,,,,,,,,,,2946.685,-0.364,-38.09,,,,,,,,,,,,,,,,,,,,,,,,,,,,,,,,,,,,,,,,,,,,,,,,,,,,"",0,0,0,"",,,,128,""
120,,5,1,3,3,0,0,0,0,0,0,255,255,255,52,2959.465,"Ainy4／あいにゃ",R,29,86,140,-0.313,0.458,0.246,1.764,0.201,1.715,-36.9,31.819,90,10,0,2,"",-244.869,-200,9.216,0,0,3,"Kr_Luna","ddil_ddil69","임 재 천","kneesohime","aura_5599","Yes_Man_","가앤슬_","","",4,R,"kneesohime",190,85,0.497,3,91,W,Y,1,2960.585,245,186,108,82,37,,145,98,26.516,-2.063,-0.111,1.115,-18.988,0.99,0,0.275,186.05,-2.871,16.938,1,3,3,55423,0.011,0.011,0.005,0,-0.071,1.105,-19.429,0.989,0.43,-0.587,-0.686,0,-0.071,1.105,-19.429,0.99,0.43,-0.587,-0.686,40.575,0.847,-0.508,-0.159,5.028,-1.308,-1.991,36.307,36.385,-10.887,-1.863,-20.308,23.117,-7.623,-1.304,-14.219,16.186,0.091,0.307,-0.947,98.963,0,0,0,0,0.004,0.02,-0.092,44.523,0.004,0.02,-0.092,44.523,0.231,0,-0.973,-13.384,0.206,0,-0.978,-11.913,-0.036,-0.055,0.998,-2.063,0.032,0.446,-0.894,-2.063,-180,-999,-999,0,0.247,0.989,0.096,0,18,-1,2,0.234,1,0,8,0.016,2965.061,2.906,-102.429,2965.311,7,2.804,2.161,-99.651,0,0,,2966.653,,,,,,,,,,,,,2965.52,3,,456,0,,,,,,,,,,,,,,,,,,,-0.17,-38.341,-0.02,-17.256,-23.866,-48.946,-9.054,-60.698,18.866,-44.272,16.136,-62.904,40.915,-90.664,-3.968,-115.33,-49.542,-99.684,-0.071,-37.344,,"SUGUN",-0.098,-17.459,,"Fresh825",-23.615,-49.041,,"-라후이-",-11.207,-61.968,,"P0TA0",18.827,-44.201,,"まととまと",15.294,-63.476,77,"AI",40.9,-90.65,,"_Gosomi",-3.923,-115.337,90,"아침땅_",-49.016,-99.875,,2973.287,-0.078,-38.14,,,,,,,,,,,,,2968.755,0.951,-71.018,,,,2965.533,2.664,-100.466,,,,,,,,,,,,,,,,,,,2971.48,0.057,-67.012,,,,2967.188,2.791,-99.427,,,,"",1,0,0,"_Gosomi",,,,164,""
121,,5,1,3,3,0,0,1,0,0,0,255,255,255,53,2986.654,"Ainy4／あいにゃ",R,14,96,126,1.335,-2.097,0.193,1.431,-0.044,0.637,-36.9,17.157,48,52,0,1,"",390.434,312.348,30.98,0.306,-19.275,4,"=","=","=","=","=","=","=","","",8,R,"aura_5599",190,89.523,0.398,,91,W,Y,0,,,,,,,,,,,,,,,,,,,,,,,,,,,,,,,,,,,,,,,,,,,,,,,,,,,,,,,,,,,,,,,,,,,,,,,,,,,,,,,,,,,,,,,,,,,,,,,,,,,,,,,,,,,,,,,,,,,,,0,0,,,,,,,,,,,,,,,,,,,,,,,,,,,,,,,,,,,,,,-0.033,-38.215,-0.063,-17.261,-24.463,-49.367,-9.21,-58.615,18.823,-44.04,12.111,-65.293,40.915,-90.664,-2.16,-111.693,-49.759,-95.275,,,,"",,,,"",,,,"",,,,"",,,,"",,,,"",,,,"",,,,"",,,,2990.854,-0.41,-38.023,,,,,,,,,,,,,,,,,,,,,,,,,,,,,,,,,,,,,,,,,,,,,,,,,,,,"",0,0,0,"",,,,0,""
122,,5,1,3,3,1,0,1,0,0,0,255,255,255,54,3005.217,"Ainy4／あいにゃ",R,14,87,126,1.565,-0.693,0.213,1.704,0.046,1.519,-36.9,17.614,66,34,0,2,"",390.434,312.348,18.096,0,0,4,"=","=","=","=","=","=","=","","",8,R,"aura_5599",190,89.523,0.398,0,91,W,Y,1,3006.25,126,160,118,117,49,,139,133,15.763,-15.772,0.286,0.877,-20.872,0.52,0,0.31,462.473,-49.538,170.284,,,,,,,,,,,,,,,,,,,,,,,,,,,,,,,,,,,,,,,,,,,,,,,,,,,,,,,,,,,,,,,,,,,,,,,,,,,,,,,,,,,,,,,,,3011.436,36.936,-146.125,,,,,,0,0,,3012.46,3017.59,3022.901,3028.404,,,,,,,,,,,,,,,,,,,,,,,,,,,,,,,,,0.002,-38.224,-0.036,-17.485,-24.477,-49.382,-9.682,-59.114,18.736,-44.296,12.12,-65.225,40.917,-90.666,-1.813,-112.049,-49.68,-95.493,0.154,-37.618,,"SUGUN",-0.087,-17.644,,"Fresh825",-24.458,-49.363,,"-라후이-",-9.805,-59.149,,"P0TA0",18.561,-44.27,,"まととまと",11.788,-65.365,,"AI",40.9,-90.65,,"_Gosomi",-1.814,-112.049,,"아침땅_",-49.533,-95.318,,,,,,,,,,,,,,,,,,,,,,,,,,,,,,,,,,,,,,,,,,,,,,,,,,,,,,,,"",4,0,0,"",3017.59,3022.901,3028.404,0,""
123,,5,1,4,3,0,0,1,0,0,0,255,255,255,55,3041.814,"Ainy4／あいにゃ",R,14,86,126,0.807,-0.799,0.144,1.682,-0.274,1.449,-36.9,16.156,59,41,0,2,"",390.434,312.348,26.991,0,0,5,"=","=","=","=","=","=","=","","",1,R,"Yes_Man_",190,85.251,0.499,5,91,W,Y,1,3042.965,205,120,111,56,34,,145,102,-89.732,59.968,0.182,0.617,-19.644,-0.31,0,0.52,-290.279,10.967,246.461,,,,,,,,,,,,,,,,,,,,,,,,,,,,,,,,,,,,,,,,,,,,,,,,,,,,,,,,,,,,,,,,,,,,,,,,,,,,,,,,,,,,,,,,,3042.653,0.18,-19.645,3046.469,1,-0.068,1.934,-19.758,0,32,,,,,,,,,,,,,,,,,,,,,,,,,,,,,,,,,,,,,,-0.099,-38.136,0.007,-17.265,-20.379,-43.353,-7.672,-62.423,18.624,-44.672,10.934,-65.128,40.907,-90.657,2.867,-110.58,-48.971,-97.56,0.018,-37.373,,"SUGUN",-0.087,-17.461,107,"Fresh825",-20.818,-43.765,,"-라후이-",-10.465,-63.599,,"P0TA0",18.557,-44.666,,"まととまと",10.185,-65.967,,"AI",40.9,-90.65,,"_Gosomi",2.857,-110.575,,"아침땅_",-48.974,-97.403,,3049.929,-0.641,-37.986,3046.636,-0.095,-19.864,,,,,,,,,,,,,,,,,,,,,,,,,3049.046,-0.442,-20.598,,,,,,,,,,,,,,,,,,,,,,"",3,0,0,"SUGUN",,,,136,""
124,,5,1,4,3,0,1,1,0,0,0,255,255,255,56,3061.07,"Ainy4／あいにゃ",R,3,91,127,0.317,-0.414,0.383,1.649,0.835,1.343,-36.9,21.449,61,39,0,2,"",-445.1,0,-6.674,0,0,5,"=","=","=","=","=","=","=","","",1,R,"Yes_Man_",190,85.251,0.499,3,91,W,Y,1,3062.247,130,130,105,95,44,,140,102,90.141,-4.157,-0.012,0.763,-19.206,0.93,0,0.682,-226.912,208.945,-42.954,1,3,3,63999,0.011,0.011,0.01,0,0.04,0.745,-19.567,0.934,0.52,-0.854,-0.002,0.04,0.039,0.744,-19.567,0.93,0.52,-0.854,-0.002,89.859,0.284,-0.928,-0.243,17.005,-1.735,-2.587,32.732,32.88,-5.959,-17.906,-25.125,31.423,-16.033,-25.691,-30.413,42.919,-0.342,-0.531,-0.775,102.066,0,0,0,0,0.043,0.068,-0.145,35.436,0.012,0.021,-0.245,46.186,0.006,0,-1,-0.358,-0.325,0,-0.946,18.99,-0.072,-0.047,0.996,-4.157,0,1,0.002,-4.157,178.878,-999,-999,0,0.055,0.934,0.096,0.002,31,-1,2,0.047,1,2,8,0.015,,,,3069.228,0,0.553,3.691,-22.571,0,0,,,,,,,,,,,,,,,3069.537,5,,449,0,,,,,,,,,,,,,,,,,,,0.041,-38.065,-0.011,-17.438,-25.238,-50.506,-11.232,-58.981,18.029,-43.25,14.783,-63.871,40.915,-90.664,2.96,-111.425,-52.38,-96.637,0.145,-37.269,,"SUGUN",-0.059,-17.745,87,"Fresh825",-25.203,-50.482,,"-라후이-",-10.92,-59.023,,"P0TA0",17.677,-43.107,,"まととまと",14.24,-63.962,,"AI",40.9,-90.65,,"_Gosomi",2.55,-111.996,,"아침땅_",-52.265,-95.991,,3069.546,0.501,-22.64,3069.659,0.553,-22.577,,,,,,,,,,,,,,,,,,,,,,,,,3072.443,0.392,-23.814,,,,,,,,,,,,,,,,,,,,,,"",1,0,0,"Ainy4／あいにゃ",,,,136,""
125,,5,1,4,3,0,0,2,0,0,0,255,255,255,57,3092.252,"Ainy4／あいにゃ",R,14,85,124,-0.286,0.115,0.039,1.86,-0.761,2.027,-36.9,24.337,95,5,0,0,"",390.434,312.348,26.282,0,0,6,"=","=","=","=","=","=","=","","",0,R,"가앤슬_",190,85.179,0.2,,91,W,Y,0,,,,,,,,,,,,,,,,,,,,,,,,,,,,,,,,,,,,,,,,,,,,,,,,,,,,,,,,,,,,,,,,,,,,,,,,,,,,,,,,,,,,,,,,,,,,,,,,,,,,,,,,,,,,,,,,,,,,,0,0,,,,,,,,,,,,,,,,,,,,,,,,,,,,,,,,,,,,,,-0.1,-38.114,-0.078,-17.045,-25.489,-49.35,-10.452,-63.284,19.172,-45.08,9.846,-66.327,40.922,-90.671,2.196,-112.037,-51.922,-97.431,,,,"",,,,"",,,,"",,,,"",,,,"",,,,"",,,,"",,,,"",,,,,,,,,,,,,,,,,,,,,,,,,,,,,,,,,,,,,,,,,,,,,,,,,,,,,,,,,,"",0,0,0,"",,,,0,""
126,,5,1,4,3,0,1,2,0,0,0,255,255,255,58,3108.173,"Ainy4／あいにゃ",R,3,84,122,0.688,-0.038,0.445,1.721,1.124,1.577,-36.9,36.196,83,17,0,0,"",-500,0,-11.393,0,0,6,"=","=","=","=","=","=","=","","",0,R,"가앤슬_",190,85.179,0.2,,91,W,Y,1,,,,,,,,,,,,,,,,,,,,,,,,,,,,,,,,,,,,,,,,,,,,,,,,,,,,,,,,,,,,,,,,,,,,,,,,,,,,,,,,,,,,,,,,,,,,,,,,,,,,,,,,,,,,,,,,,,,,,0,0,,,,,,,,,,,,,,,,,,,,,,,,,,,,,,,,,,,,,,-0.07,-38.017,-0.049,-17.227,-25.007,-50.085,-11.004,-64.269,19.162,-45.093,9.753,-66.206,40.915,-90.664,0.511,-114.042,-50.622,-97.919,,,,"",,,,"",,,,"",,,,"",,,,"",,,,"",,,,"",,,,"",,,,,,,,,,,,,,,,,,,,,,,,,,,,,,,,,,,,,,,,,,,,,,,,,,,,,,,,,,"",0,0,0,"",,,,0,""
127,,5,1,4,3,0,2,2,0,0,0,255,255,255,59,3123.048,"Ainy4／あいにゃ",R,14,87,110,0.626,-2.151,0.077,1.301,-0.39,0.695,-36.9,21.934,53,47,0,1,"",370.874,335.339,57.837,0.172,-19.593,6,"=","=","=","=","=","=","=","","",0,R,"가앤슬_",190,85.179,0.2,,91,W,Y,0,,,,,,,,,,,,,,,,,,,,,,,,,,,,,,,,,,,,,,,,,,,,,,,,,,,,,,,,,,,,,,,,,,,,,,,,,,,,,,,,,,,,,,,,,,,,,,,,,,,,,,,,,,,,,,,,,,,,,0,0,,,,,,,,,,,,,,,,,,,,,,,,,,,,,,,,,,,,,,-0.187,-38.049,-0.036,-17.484,-24.401,-50.451,-10.867,-65.166,19.355,-44.862,9.468,-66.371,40.915,-90.664,0.432,-114.244,-50.634,-98.236,,,,"",,,,"",,,,"",,,,"",,,,"",,,,"",,,,"",,,,"",,,,,,,,,,,,,,,,,,,,,,,,,,,,,,,,,,,,,,,,,,,,,,,,,,,,,,,,,,"",0,0,0,"",,,,0,""
128,,5,1,4,3,1,2,2,0,0,0,255,255,255,60,3139.17,"Ainy4／あいにゃ",R,3,85,109,-2.287,-0.368,0.191,1.623,-0.038,1.39,-36.9,9.322,60,40,0,4,"",-495.455,0,-20.912,0,0,6,"=","=","=","=","=","=","=","","",0,R,"가앤슬_",190,85.179,0.2,,91,W,Y,1,,,,,,,,,,,,,,,,,,,,,,,,,,,,,,,,,,,,,,,,,,,,,,,,,,,,,,,,,,,,,,,,,,,,,,,,,,,,,,,,,,,,,,,,,,,,,,,,,,,,,,,,,,,,,,,,,,,,,0,0,,,,,,,,,,,,,,,3142.014,6,,578,0,,,,,,,,,,,,,,,,,,,-0.09,-37.969,-0.044,-17.463,-24.649,-49.597,-11.316,-65.691,18.977,-44.582,9.543,-66.226,40.915,-90.664,0.115,-113.841,-50.591,-97.961,,,,"",,,,"",,,,"",,,,"",,,,"",,,,"",,,,"",,,,"",,,,,,,,,,,,,,,,,,,,,,,,,,,,,,,,,,,,,,,,,,,,,,,,,,,,,,,,,,"",0,0,0,"",,,,0,""
129,SIDE,5,1,4,3,0,0,2,0,0,0,255,255,255,,3148.644,,,,,,,,,,,,,,,,,,,,,,,,0,"=","=","=","=","=","=","=","","",,,,,,,,,,,,,,,,,,,,,,,,,,,,,,,,,,,,,,,,,,,,,,,,,,,,,,,,,,,,,,,,,,,,,,,,,,,,,,,,,,,,,,,,,,,,,,,,,,,,,,,,,,,,,,,,,,,,,,,,,,,,,,,,0,0,,,,,,,,,,,,,,,,,,,,,,,,,,,,,,,,,,,,,,,,,,,,,,,,,,,,,,,,,,,,,,,,,,,,,,,,,,,,,,,,,,,,,,,,,,,,,,,,,,,,,,,,,,,,,,,,,,,,,,,,,,,,,,,,,,,,,,,,,,,,,,,,,"",0,0,0,"",,,,0,""
130,,5,0,4,3,0,0,0,0,0,0,255,255,255,61,3182.318,"가앤슬_",L,26,78,128,1.455,0.199,-0.356,1.694,0.669,1.543,-36.439,15.645,56,44,0,2,"",-15.324,-200,-10.179,0,0,1,"Fresh825","P0TA0","まととまと","SUGUN","-라후이-","_Gosomi","아침땅_","Ainy4／あいにゃ","",4,R,"P0TA0",190.3,96,0.442,3,43,W,Y,1,3183.449,255,33,113,60,25,,145,88,-56.169,-34.916,-0.655,0.057,-19.168,-0.91,0,0.177,-112.252,193.842,-243.614,1,3,3,55423,0.014,0.014,0.005,0,0.366,1.035,-18.86,-0.906,0.668,0.618,0.414,0,0.366,1.035,-18.86,-0.91,0.668,0.618,0.414,-56.169,-0.944,0.157,0.291,0,1.25,-2.039,33.043,33.129,55.249,-39.218,-134.358,150.474,32.74,-23.24,-79.619,89.17,0.914,0.022,-0.404,88.864,0,0,0,0,-0.165,-0.141,-0.612,118.644,-0.165,-0.141,-0.612,118.644,0.871,0,0.491,60.584,0.051,0,-0.999,-2.949,-0.481,-0.543,0.689,-34.916,0.319,-0.831,-0.457,-34.916,142.917,-999,-999,0,0.384,-0.906,0.096,0,48,-1,2,0.282,1,0,8,0.023,3183.178,-0.655,-19.168,3186.236,4,20.29,0.151,-41.863,0,2,,3189.333,,,,,,,,,,,,,3189.59,1,,147,8,,,,,,,,,,,,,,,,,,,0.158,-37.065,0.021,-17.009,-21.6,-46.732,-12.31,-59.086,23.862,-52.372,11.219,-65.599,40.944,-90.691,0,-109.88,-54.867,-90.874,-0.123,-37.324,,"Yes_Man_",0.093,-17.262,,"임 재 천",-21.599,-46.741,68,"Kr_Luna",-12.303,-59.078,,"kneesohime",23.656,-52.402,111,"ddil_ddil69",11.154,-65.532,,"AI",40.9,-90.65,,"AI",0,-109.84,,"aura_5599",-56.157,-93.667,,3193.219,-1.055,-38.474,,,,3188.94,-18.494,-39.824,,,,3186.554,20.974,-42.641,,,,,,,,,,,,,,,,,,,3191.981,-18.203,-39.583,,,,3187.435,15.816,-42.007,,,,,,,,,,,,,"",2,0,0,"kneesohime",,,,76,""
131,,5,0,4,3,0,0,1,0,0,0,255,255,255,62,3214.725,"가앤슬_",L,26,90,140,1.584,-1.815,-0.331,1.348,0.788,0.348,-36.439,9.271,50,50,0,2,"",-67.137,-200,-28.175,0.279,-19.511,2,"=","=","=","=","=","=","=","=","",5,R,"まととまと",179.8,90.039,0.45,3,91,W,Y,1,3215.831,255,85,148,105,9,,145,103,-49.435,-22.74,0.279,0.057,-19.511,-0.02,0.143,0.153,-254.347,49.501,-283.466,1,3,3,55423,0.008,0.008,0.005,0,0.332,0.317,-19.514,-0.022,0.184,0.747,0.639,0,0.332,0.317,-19.514,-0.02,0.184,0.747,0.639,-49.435,-0.809,0.549,0.208,6.165,1.237,-2.92,36.501,36.639,79.795,-8.942,-54.248,96.902,20.027,-2.244,-13.615,24.321,0.64,-0.415,-0.647,103.125,0,0,0,0,0.229,0.054,-0.262,77.108,0.229,0.054,-0.262,77.108,1,0,0.022,88.739,-0.17,0,0.985,-9.808,-0.165,-0.905,0.393,-22.74,0.251,-0.76,-0.6,-22.74,155.319,-999,-999,0,0.367,-0.022,0.096,0,48,-1,2,0.229,1,0,8,0.033,3215.611,0.279,-19.511,3221.061,6,31.88,0.057,-74.306,1,0,,3221.678,,,,,,,,,,,,,,,,,,,,,,,,,,,,,,,,,,,,0.015,-37.907,0.02,-17.02,-21.414,-46.862,-15.129,-59.464,19.877,-45.55,10.576,-65.057,40.93,-90.677,0,-109.87,-53.375,-92.29,0.061,-37.189,,"Yes_Man_",0.03,-17.259,,"임 재 천",-21.43,-46.829,,"Kr_Luna",-15.196,-59.419,67,"kneesohime",19.791,-45.521,,"ddil_ddil69",9.843,-65.241,,"AI",40.9,-90.65,,"AI",0,-109.84,,"aura_5599",-53.669,-91.355,,3227.257,-0.185,-38.415,,,,,,,3224.272,0.415,-59.403,,,,,,,,,,,,,,,,,,,,,,,,,3225.894,-0.159,-57.74,,,,,,,,,,,,,,,,"",2,0,0,"AI",,,,65,""
132,,5,0,4,3,0,0,1,1,0,0,15,255,255,63,3243.26,"가앤슬_",L,10,80,108,0.94,-1.406,-0.369,1.491,0.42,1.263,-36.439,21.382,58,42,0,2,"",0,400,-15.59,0,0,3,"=","=","=","=","=","=","=","=","",1,R,"SUGUN",190,82,0.5,3,91,W,Y,1,3244.355,255,197,140,148,55,,145,89,-61.63,1.949,0.172,0.493,-20.488,-0.9,0,0.491,230.77,-229.503,-64.092,1,3,3,53371,0.011,0.011,0.006,0,0.171,0.585,-20.82,-0.896,0.173,0.867,-0.468,0,0.171,0.585,-20.82,-0.9,0.173,0.867,-0.468,-61.63,-0.207,0.939,0.275,0,0.94,-3.562,27.621,27.865,130.067,59.154,-76.144,161.909,81.088,36.879,-47.471,100.94,0.682,0.552,0.479,89.071,0,0,0,0,0.494,0.33,-0.338,86.261,0.494,0.33,-0.338,86.261,0,0,0,0,0,0,0,0,0.034,-0.128,0.991,1.949,-0.016,-0.88,-0.475,1.949,180,-999,-999,0,0.394,-0.896,0.096,0,48,-1,2,0.394,1,0,8,0.018,3244.094,0.164,-20.723,3246.445,0,-0.504,3.542,-40.799,0,0,,,,,,3246.646,,,,,,,,,3249.312,3,,147,64,,,,,,,,,,,,,,,,,,,0.159,-37.303,-0.001,-17.008,-19.69,-40.946,-10.394,-56.821,21.984,-46.316,11.532,-65.531,40.915,-90.664,0,-109.86,-52.068,-97.724,0.129,-37.376,120,"Yes_Man_",0.001,-17.474,,"임 재 천",-19.583,-40.623,60,"Kr_Luna",-9.661,-57.341,,"kneesohime",20.646,-45.343,,"ddil_ddil69",11.407,-65.483,,"AI",40.9,-90.65,,"AI",0,-109.84,,"aura_5599",-51.225,-96.862,,3246.726,-0.371,-41.161,,,,3248.697,-18.665,-40.294,,,,,,,,,,,,,,,,,,,3247.917,-3.9,-41.936,,,,3253.659,-18.166,-40.042,,,,,,,,,,,,,,,,,,,"",2,0,0,"가앤슬_",3246.646,,,68,""
133,,5,0,4,3,0,0,2,0,1,0,255,15,255,64,3276.493,"가앤슬_",L,14,62,104,1.218,-0.07,-0.327,1.663,1.27,2.05,-36.439,24.303,58,42,0,0,"",-369.138,312.348,-24.63,0,0,4,"=","=","=","=","=","=","=","=","",3,R,"-라후이-",175,86,0.498,,91,W,Y,0,,,,,,,,,,,,,,,,,,,,,,,,,,,,,,,,,,,,,,,,,,,,,,,,,,,,,,,,,,,,,,,,,,,,,,,,,,,,,,,,,,,,,,,,,,,,,,,,,,,,,,,,,,,,,,,,,,,,,0,0,,,,,,,,,,,,,3293.454,,,,,,,,,,,,,,,,,,,,,,,3278.801,1,0.179,-37.085,0.015,-17.031,-20.247,-44.806,-14.359,-58.86,20.293,-46.876,10.149,-65.532,40.93,-90.677,0,-109.87,-51.532,-92.669,,,,"",,,,"",,,,"",,,,"",,,,"",,,,"",,,,"",,,,"",,,,3279.709,-0.224,-37.584,,,,,,,,,,,,,,,,,,,,,,,,,,,,,,,,,,,,,,,,,,,,,,,,,,,,"",0,0,0,"",3279.824,,,0,""
134,,5,0,4,3,0,1,2,0,1,0,255,15,255,65,3295.92,"가앤슬_",L,26,90,140,0.93,1.513,-0.385,1.906,0.535,2.288,-36.439,26.46,81,19,0,2,"",-88.427,-200,-11.219,0,0,4,"=","=","=","=","=","=","=","=","",3,R,"-라후이-",175,86,0.498,5,91,W,Y,0,3296.733,150,137,58,44,30,,135,93,38.319,78,0.187,1.404,-19.893,-0.14,0,0.195,-253.928,-123.302,203.422,,,,,,,,,,,,,,,,,,,,,,,,,,,,,,,,,,,,,,,,,,,,,,,,,,,,,,,,,,,,,,,,,,,,,,,,,,,,,,,,,,,,,,,,,3301.219,-68.085,-37.59,,,,,,0,0,,,,,,,,,3298.968,,,,3304.978,,,,,,,,,,,,,,,,,,,,,,,,,0.11,-37.351,0,-16.987,-20.24,-44.804,-14.955,-58.613,20.294,-43.841,10.172,-63.543,40.922,-90.671,0,-109.86,-54.637,-96.727,-0.324,-37.336,,"Yes_Man_",-0.007,-17.251,,"임 재 천",-20.171,-44.831,,"Kr_Luna",-15.449,-58.408,,"kneesohime",19.923,-41.442,,"ddil_ddil69",7.842,-62.36,,"AI",40.9,-90.65,,"AI",0,-109.84,,"aura_5599",-53.699,-95.913,,,,,,,,,,,,,,,,,,,,,,,,,,,,,,,,,,,,,,,,,,,,,,,,,,,,,,,,"",3,0,0,"",3304.347,3298.968,,0,""
135,,5,0,4,3,0,2,2,0,1,0,255,15,255,66,3322.216,"가앤슬_",L,14,58,89,-1.031,-0.816,-0.51,1.593,0.281,1.754,-36.439,36.186,52,48,0,2,"",-304.219,329.58,-16.789,0,0,4,"=","=","=","=","=","=","=","=","",3,R,"-라후이-",175,86,0.498,3,91,W,Y,1,3323.288,158,159,44,57,27,,130,112,91.091,-44.714,-0.382,0.703,-19.81,0.74,0,0.246,289.886,264.563,143.076,1,3,3,55423,0.011,0.011,0.005,0,-0.151,0.581,-20.053,0.742,0.811,-0.585,0.011,0,-0.151,0.581,-20.053,0.74,0.811,-0.585,0.011,88.909,0.438,-0.893,0.108,0.02,-0.341,-3.567,22.176,22.463,-11.374,29.112,-30.483,43.659,-10.15,25.979,-27.203,38.96,-0.343,0.709,-0.617,112.168,0,0,0,0,0.03,0.032,-0.08,33.779,0.03,0.032,-0.08,33.779,0.991,0,-0.13,-82.507,-0.589,0,-0.808,36.075,-0.657,0.358,0.663,-44.714,-0.013,1,0.014,-44.714,136.166,-999,-999,0,0.181,0.742,0.096,0,36,-1,2,0.168,1,0,8,0.012,3330.828,-4.671,-12.053,3331.02,1,-4.652,2.68,-12.095,0,0,,,,,,,,,3326.284,,,,,,3331.301,4,,450,0,,,,,,,,,,,,,,,,,,,0.194,-37.139,-0.003,-16.978,-21.614,-46.654,-15.296,-58.615,19.938,-48.169,9.247,-62.968,40.922,-90.671,0,-109.86,-55.326,-98.66,-0.254,-37.575,,"Yes_Man_",-0.057,-17.626,,"임 재 천",-21.616,-46.66,,"Kr_Luna",-17.069,-57.387,,"kneesohime",19.833,-46.277,,"ddil_ddil69",9.151,-62.765,,"AI",40.9,-90.65,,"AI",0,-109.84,,"aura_5599",-55.013,-97.905,,,,,3331.309,-4.877,-11.974,,,,,,,,,,,,,,,,,,,,,,,,,,,,,,,,,,,,,,,,,,,,,,,,,"",1,0,0,"Yes_Man_",,3326.284,,32,""
136,SIDE,5,0,4,3,0,0,2,0,1,0,255,15,255,,3333.633,,,,,,,,,,,,,,,,,,,,,,,,5,"=","=","=","=","=","=","=","=","",,,,,,,,,,,,,,,,,,,,,,,,,,,,,,,,,,,,,,,,,,,,,,,,,,,,,,,,,,,,,,,,,,,,,,,,,,,,,,,,,,,,,,,,,,,,,,,,,,,,,,,,,,,,,,,,,,,,,,,,,,,,,,,,0,0,,,,,,,,,,,,,,,,,,,,,,,,,,,,,,,,,,,,,,,,,,,,,,,,,,,,,,,,,,,,,,,,,,,,,,,,,,,,,,,,,,,,,,,,,,,,,,3333.749,-4.725,-12.664,,,,,,,,,,,,,,,,,,,,,,,,,,,,,,,,,,,,,,,,,,,,,,,,,"",0,0,0,"",,,,32,""
137,,6,1,4,3,0,0,0,0,0,0,255,255,255,61,3393.891,"Ainy4／あいにゃ",R,14,88,126,-0.743,-0.36,0,1.767,-0.945,1.723,-36.9,13.479,95,5,0,2,"",390.434,312.348,25.381,0,0,0,"Kr_Luna","ddil_ddil69","임 재 천","kneesohime","aura_5599","Yes_Man_","가앤슬_","","",3,L,"Kr_Luna",190,95.432,0.498,5,91,W,Y,0,3394.775,146,86,81,59,30,,142,121,3.985,-67.226,-0.117,0.807,-19.786,0.8,0,0.104,235.428,-235.619,276.553,,,,,,,,,,,,,,,,,,,,,,,,,,,,,,,,,,,,,,,,,,,,,,,,,,,,,,,,,,,,,,,,,,,,,,,,,,,,,,,,,,,,,,,,,3396.186,30.839,-31.83,,,,,,0,0,,,,,,,,,,,,,,,,,,,,,,,,,,,,,,,,,,,,,,-0.192,-37.878,-0.014,-17.567,-19.694,-47.215,-14.119,-56.943,20.139,-45.669,15.784,-62.684,40.952,-90.698,6.786,-116.401,-40.123,-103.551,-0.246,-37.401,,"SUGUN",-0.036,-17.639,,"Fresh825",-19.673,-47.244,,"-라후이-",-13.362,-59.53,,"P0TA0",20.114,-45.646,,"まととまと",15.693,-62.698,,"AI",40.9,-90.65,,"_Gosomi",6.861,-116.362,,"아침땅_",-40.107,-103.492,,,,,,,,,,,,,,,,,,,,,,,,,,,,,,,,,,,,,,,,,,,,,,,,,,,,,,,,"",3,0,0,"",,,,0,""
138,,6,1,4,3,0,1,0,0,0,0,255,255,255,62,3411.932,"Ainy4／あいにゃ",R,14,79,116,-0.206,0.119,0.043,1.886,-0.743,2.111,-36.9,22.021,94,6,0,2,"",363.999,342.789,7.582,0,0,0,"=","=","=","=","=","=","=","","",3,L,"Kr_Luna",190,95.432,0.498,5,92,W,Y,0,3412.849,155,101,121,59,24,,145,131,25.725,-47.161,-0.018,0.98,-19.722,0.56,0,0.046,315.498,-268.351,257.795,,,,,,,,,,,,,,,,,,,,,,,,,,,,,,,,,,,,,,,,,,,,,,,,,,,,,,,,,,,,,,,,,,,,,,,,,,,,,,,,,,,,,,,,,3418.061,94.544,-96.957,,,,,,0,0,,,,,,,,,,,,,,,,,,,,,,,,,,,,,,,,,,,,,,-0.208,-37.943,0.117,-17.542,-19.44,-48.255,-7.813,-63.714,20.125,-45.673,16.523,-62.642,40.915,-90.664,8.537,-116.52,-38.985,-105.193,-0.208,-37.458,,"SUGUN",0.051,-17.691,,"Fresh825",-19.43,-48.233,,"-라후이-",-7.592,-63.846,,"P0TA0",19.625,-45.475,,"まととまと",16.797,-62.441,,"AI",40.9,-90.65,,"_Gosomi",8.539,-116.513,,"아침땅_",-38.603,-105.073,,,,,,,,,,,,,,,,,,,,,,,,,,,,,,,,,,,,,,,,,,,,,,,,,,,,,,,,"",3,0,0,"",,,,0,""
139,,6,1,4,3,0,2,0,0,0,0,255,255,255,63,3431.388,"Ainy4／あいにゃ",R,14,78,104,1.277,-0.129,0.179,1.973,-0.074,2.146,-36.9,33.237,95,5,0,2,"",369.138,312.348,3.557,0,0,0,"=","=","=","=","=","=","=","","",3,L,"Kr_Luna",190,95.432,0.498,0,92,W,Y,0,3432.377,115,106,105,74,45,,137,133,110.059,53.794,0.307,1.031,-20.161,0.35,0,0.107,437.032,-209.194,102.829,,,,,,,,,,,,,,,,,,,,,,,,,,,,,,,,,,,,,,,,,,,,,,,,,,,,,,,,,,,,,,,,,,,,,,,,,,,,,,,,,,,,,,,,,,,,,,,,,0,0,,,,,,,,,,,,,,,,,,,,,,,,,,,,,,,,,,,,,,-0.136,-37.886,-0.006,-17.415,-20.081,-48.961,-5.85,-62.002,19.563,-45.673,16.8,-62.703,40.907,-90.657,26.372,-121.535,-37.22,-105.628,-0.16,-37.587,,"SUGUN",-0.036,-17.597,,"Fresh825",-19.827,-49.189,,"-라후이-",-7.118,-62.814,,"P0TA0",19.433,-45.292,,"まととまと",16.477,-62.74,,"AI",40.9,-90.65,,"_Gosomi",26.399,-121.534,,"아침땅_",-37.453,-105.39,,,,,,,,,,,,,,,,,,,,,,,,,,,,,,,,,,,,,,,,,,,,,,,,,,,,,,,,"",3,0,0,"",,,,0,""
140,,6,1,4,3,0,2,0,0,0,0,255,255,255,64,3452.024,"Ainy4／あいにゃ",R,29,82,133,-1.114,0.589,0.178,1.787,-0.116,1.789,-36.9,23.504,92,8,0,2,"",-250,-199.012,20.557,0,0,0,"=","=","=","=","=","=","=","","",3,L,"Kr_Luna",190,95.432,0.498,5,92,W,Y,0,3452.857,130,143,185,78,38,,140,93,44.396,-2.248,-0.211,1.239,-20.309,-0.6,0,0.107,-303.856,110.379,-74.846,,,,,,,,,,,,,,,,,,,,,,,,,,,,,,,,,,,,,,,,,,,,,,,,,,,,,,,,,,,,,,,,,,,,,,,,,,,,,,,,,,,,,,,,,3457.495,0.968,-87.478,3460.078,7,0.897,0.066,-102.902,1,0,,3459.707,,,,,,,,,,,,,,,,,,,,,,,,,,,,,,,,,,,,-0.209,-37.824,0.014,-17.451,-20.123,-48.868,-9.612,-64.445,19.596,-45.42,16.365,-62.748,40.915,-90.664,25.278,-121.35,-37.177,-105.438,-0.206,-37.365,,"SUGUN",-0.026,-17.565,,"Fresh825",-19.701,-49.019,,"-라후이-",-9.51,-63.985,90,"P0TA0",19.597,-45.402,,"まととまと",16.292,-62.798,,"AI",40.9,-90.65,,"_Gosomi",25.386,-121.329,85,"아침땅_",-37.3,-105.362,,3470.287,-0.684,-39.601,,,,,,,3465.463,0.044,-62.262,,,,,,,,,,3460.342,1.072,-104.233,,,,,,,,,,,,,3469.691,-4.479,-47.774,,,,,,,,,,3463.685,-1.048,-94.297,,,,"",2,0,0,"_Gosomi",,,,176,""
141,,6,1,4,3,0,0,0,1,0,0,3,255,255,65,3487.715,"Ainy4／あいにゃ",R,28,79,129,2.079,0.547,0.371,1.791,0.781,1.814,-36.9,39.267,90,10,0,2,"",73.013,-93.694,-4.676,0,0,1,"=","=","=","=","=","=","=","","",5,L,"ddil_ddil69",176.4,89.974,0.546,3,92,W,Y,1,3488.902,228,94,100,73,35,,145,104,33.245,0.334,0.393,1.042,-19.197,0.05,0,0.469,57.321,211.606,-9.016,1,3,3,55423,0.014,0.014,0,0,0.371,1.027,-19.684,0.049,-0.328,-0.832,-0.447,0,0.371,1.027,-19.684,0.05,-0.328,-0.832,-0.447,61.734,-0.655,-0.589,-0.474,4.813,0.195,-2.206,33.385,33.459,-7.784,1.251,-54.082,54.654,24.81,-11.607,-50.064,57.067,-0.564,0.118,-0.817,104.011,0,0,0,0,-0.092,0.095,-0.142,47.464,-0.035,0.02,-0.234,109.816,0.092,0,0.996,5.284,0.876,0,0.483,61.114,0.006,-0.066,0.998,0.334,-0.005,0.548,-0.836,0.334,180,-999,-999,0,0.281,0.049,0.096,0,48,-1,2,0.276,1,0,8,0.028,3493.778,-4.317,-104.343,3494.428,7,-4.55,0.628,-106.524,1,0,,3494.427,,,,3495.93,,,,,,,,,,,,,,,,,,,,,,,,,,3498.988,3,,,,,-0.178,-37.925,0.132,-17.45,-17.633,-41.613,-5.735,-65.432,19.122,-45.427,14.436,-61.308,40.916,-90.664,14.689,-117.182,-37.469,-102.488,-0.366,-37.631,,"SUGUN",0.107,-17.561,,"Fresh825",-16.497,-43.631,,"-라후이-",-6.142,-64.753,85,"P0TA0",19.213,-45.329,,"まととまと",14.469,-61.471,,"AI",40.9,-90.65,,"_Gosomi",14.685,-117.189,98,"아침땅_",-36.948,-102.454,,3502.556,0.076,-38.448,,,,,,,3498.694,-0.132,-60.212,,,,,,,,,,3494.635,-4.361,-107.518,,,,,,,,,,,,,3501.596,-3.388,-54.064,,,,,,,,,,3497.118,-5.934,-91.784,,,,"",2,0,0,"_Gosomi",3495.93,,,176,""
142,,6,1,4,3,0,0,0,1,1,0,5,3,255,66,3522.509,"Ainy4／あいにゃ",R,28,79,129,0.827,-0.247,0.26,1.655,0.267,1.362,-36.9,26.261,45,55,0,2,"",54.659,-89.168,-0.82,0,0,2,"=","=","=","=","=","=","=","","",2,R,"임 재 천",190,88.237,0.346,5,92,W,Y,1,3523.618,205,50,156,65,73,,145,109,29.93,8.478,-0.205,1.037,-21.346,0.9,0,0.37,165.37,332.894,0.846,,,,,,,,,,,,,,,,,,,,,,,,,,,,,,,,,,,,,,,,,,,,,,,,,,,,,,,,,,,,,,,,,,,,,,,,,,,,,,,,,,,,,,,,,3528.469,-21.117,-112.365,3528.761,7,-20.362,2.149,-109.899,0,0,,3529.929,,,,,,,,,,3524.845,3522.807,,3528.973,2,,456,0,,,,,,,,,,,,,3533.058,5,,,,,-0.223,-37.761,0.011,-17.391,-20.208,-41.748,-10.618,-62.769,18.316,-42.945,6.663,-63.418,40.922,-90.671,-2.391,-121.277,-47.533,-95.69,-0.183,-37.632,,"SUGUN",-0.049,-17.672,,"Fresh825",-18.196,-44.29,,"-라후이-",-10.711,-62.669,,"P0TA0",18.187,-42.996,,"まととまと",10.347,-62.515,69,"AI",40.9,-90.65,,"_Gosomi",-2.603,-121.236,113,"아침땅_",-47.496,-95.767,,3542.489,0.103,-38.318,,,,,,,,,,,,,3532.655,-0.372,-60.49,,,,3528.985,-20.367,-110.897,,,,,,,,,,,,,,,,,,,3541.22,1.084,-56.812,,,,3530.786,-20.435,-100.503,,,,"",1,0,0,"_Gosomi",3531.799,,3535.181,164,""
143,,6,1,4,3,0,0,1,1,1,0,5,3,255,67,3555.065,"Ainy4／あいにゃ",R,3,71,101,-0.605,0.011,0.378,1.735,0.542,1.633,-36.9,45.618,84,16,0,0,"",-380.624,0,-8.773,0,0,3,"=","=","=","=","=","=","=","","",4,R,"kneesohime",190,85,0.497,,92,W,Y,1,,,,,,,,,,,,,,,,,,,,,,,,,,,,,,,,,,,,,,,,,,,,,,,,,,,,,,,,,,,,,,,,,,,,,,,,,,,,,,,,,,,,,,,,,,,,,,,,,,,,,,,,,,,,,,,,,,,,,0,0,,,,,,,,,,,,,,,,,,,,,,,,,,,,,,,,,,,,,,-0.138,-37.84,0.118,-17.673,-19.964,-41.285,-8.96,-63.822,18.508,-44.149,6.687,-64.421,40.915,-90.664,-2.884,-115.569,-49.551,-99.975,,,,"",,,,"",,,,"",,,,"",,,,"",,,,"",,,,"",,,,"",,,,3558.965,-0.506,-38.116,,,,,,,,,,,,,,,,,,,,,,,,,,,,,,,,,,,,,,,,,,,,,,,,,,,,"",0,0,0,"",3557.969,,,0,""
144,,6,1,4,3,0,1,1,1,1,0,5,3,255,68,3573.485,"Ainy4／あいにゃ",R,26,75,126,1.901,0.937,0.348,1.85,0.673,1.992,-36.9,37.744,87,13,0,2,"",89.875,-199.11,-0.99,0,0,3,"=","=","=","=","=","=","=","","",4,R,"kneesohime",190,85,0.497,3,92,W,Y,1,3574.617,169,123,91,65,33,,145,98,42.702,-58.295,0.18,1.391,-19.412,-0.46,0,0.283,51.856,357.696,-55.407,1,3,3,55423,0.011,0.011,0.008,0,0.406,1.318,-19.671,-0.463,0.857,-0.349,0.378,0,0.406,1.318,-19.671,-0.46,0.857,-0.349,0.378,42.702,0.682,-0.313,0.661,9.615,0.223,-1.722,32.535,32.581,-12.248,-7.692,-29.945,33.254,-15.88,0.818,-21.868,27.038,-0.84,0.038,-0.542,98.186,0,0,0,0,-0.035,-0.034,-0.165,34.996,-0.081,-0.07,-0.167,56.749,0.509,0,0.861,30.615,-0.574,0,0.819,-35.007,-0.815,0.288,0.503,-58.295,0.625,0.678,-0.386,-58.295,121.311,-999,-999,0,0.218,-0.463,0.096,0,40,-1,2,0.198,1,0,8,0.017,3579.711,59.72,-63.701,,,,,,0,0,,,,,,,,,,,,3575.614,3573.848,,,,,,,,,,,,,,,,,,,,,,,,,-0.155,-38.009,0.187,-17.407,-20.172,-42.353,-10.088,-64.494,18.537,-43.834,7.479,-64.168,40.915,-90.664,-1.536,-115.348,-48.445,-100.645,-0.125,-37.619,,"SUGUN",-0.024,-17.574,,"Fresh825",-20.121,-45.518,,"-라후이-",-10.385,-64.615,,"P0TA0",18.237,-44.12,,"まととまと",9.984,-62.656,,"AI",40.9,-90.65,,"_Gosomi",-1.155,-115.374,,"아침땅_",-48.214,-100.805,,,,,,,,,,,,,,,,,,,,,,,,,,,,,,,,,,,,,,,,,,,,,,,,,,,,,,,,"",3,0,0,"",3578.307,,,0,""
145,,6,1,4,3,0,2,1,1,1,0,5,3,255,69,3598.293,"Ainy4／あいにゃ",R,29,72,110,-0.996,0.504,0.115,1.947,0.044,1.699,-36.9,40.458,96,4,0,0,"",-250,-200,24.499,0,0,3,"=","=","=","=","=","=","=","","",4,R,"kneesohime",190,85,0.497,,92,W,Y,1,,,,,,,,,,,,,,,,,,,,,,,,,,,,,,,,,,,,,,,,,,,,,,,,,,,,,,,,,,,,,,,,,,,,,,,,,,,,,,,,,,,,,,,,,,,,,,,,,,,,,,,,,,,,,,,,,,,,,0,0,,,,,,,,,,,,,3617.324,,3601.103,3,,578,0,,,,,,,,,,,,,,,,,,,-0.274,-37.95,-0.026,-17.372,-20.196,-41.414,-12.112,-60.638,19.165,-44.826,6.623,-63.049,40.907,-90.657,9.083,-120.398,-47.819,-101.309,,,,"",,,,"",,,,"",,,,"",,,,"",,,,"",,,,"",,,,"",,,,,,,,,,,,,,,,,,,,,,,,,,,,,,,,,,,,,,,,,,,,,,,,,,,,,,,,,,"",0,0,0,"",3601.949,,,0,""
146,,6,1,4,3,0,0,2,1,1,0,5,3,255,70,3618.743,"Ainy4／あいにゃ",R,26,81,132,0.989,0.452,0.266,1.916,0.633,1.693,-36.9,41.265,95,5,0,2,"",-138.774,-200,-2.321,0,0,4,"=","=","=","=","=","=","=","","",8,R,"aura_5599",190,89.523,0.398,5,92,W,Y,1,3619.798,225,202,154,140,40,,145,97,35.715,-25.603,0.184,1.202,-20.585,-0.55,0,0.313,7.032,3.7,64.714,,,,,,,,,,,,,,,,,,,,,,,,,,,,,,,,,,,,,,,,,,,,,,,,,,,,,,,,,,,,,,,,,,,,,,,,,,,,,,,,,,,,,,,,,3624.611,33.279,-90.402,3625.003,6,32.337,2.217,-88.425,0,0,,3625.848,,,,3627.276,,,3627.492,,,3620.686,,,3625.078,4,,456,0,,,,,,,,,,,,,,,,,,,-0.156,-37.969,0.15,-17.479,-20.058,-41.676,-12.126,-61.384,19.049,-44.278,6.572,-62.228,40.915,-90.664,0.184,-113.125,-50.203,-97.508,0.136,-37.522,,"SUGUN",-0.073,-17.604,,"Fresh825",-20.336,-45.524,,"-라후이-",-12.162,-61.315,,"P0TA0",18.522,-44.228,,"まととまと",10.188,-63.578,,"AI",40.9,-90.65,,"_Gosomi",0.427,-113.185,,"아침땅_",-50.202,-97.46,,,,,,,,,,,,,,,,,,,,,,,,,,,,,,,,,,,,,,,,,,,,,,,,,,,,,,,,"",1,0,0,"AI",3627.276,3627.492,,0,""
147,SIDE,6,1,4,3,0,0,2,0,1,1,255,5,3,,3635.831,,,,,,,,,,,,,,,,,,,,,,,,4,"=","=","=","=","=","=","=","","",,,,,,,,,,,,,,,,,,,,,,,,,,,,,,,,,,,,,,,,,,,,,,,,,,,,,,,,,,,,,,,,,,,,,,,,,,,,,,,,,,,,,,,,,,,,,,,,,,,,,,,,,,,,,,,,,,,,,,,,,,,,,,,,0,0,,,,,,,,,,,,,,,,,,,,,,,,,,,,,,,,,,,,,,,,,,,,,,,,,,,,,,,,,,,,,,,,,,,,,,,,,,,,,,,,,,,,,,,,,,,,,,,,,,,,,,,,,,,,,,,,,,,,,,,,,,,,,,,,,,,,,,,,,,,,,,,,,"",0,0,0,"",,,,0,""
148,,6,0,4,3,0,0,0,0,0,0,255,255,255,67,3693.413,"Yes_Man_",R,3,87,114,-2.514,0.116,0.651,1.659,-0.463,1.676,-36.737,25.46,0,100,0,4,"",-356.653,0,3.667,0,0,5,"Fresh825","P0TA0","まととまと","SUGUN","-라후이-","_Gosomi","아침땅_","Ainy4／あいにゃ","",7,R,"_Gosomi",175,86.368,0.434,,47,W,Y,0,,,,,,,,,,,,,,,,,,,,,,,,,,,,,,,,,,,,,,,,,,,,,,,,,,,,,,,,,,,,,,,,,,,,,,,,,,,,,,,,,,,,,,,,,,,,,,,,,,,,,,,,,,,,,,,,,,,,,0,0,,,,,,,,,,,,,,,,,,,,,,,,,,,,,,,,,,,,,,0.221,-37.703,-0.028,-17.231,-21.412,-46.788,-13.496,-60.062,21.676,-47.533,6.205,-59.869,40.974,-90.718,0,-109.92,-48.335,-85.697,,,,"",,,,"",,,,"",,,,"",,,,"",,,,"",,,,"",,,,"",,,,,,,,,,,,,,,,,,,,,,,,,,,,,,,,,,,,,,,,,,,,,,,,,,,,,,,,,,"",0,0,0,"",,,,0,""
149,,6,0,4,3,0,1,0,0,0,0,255,255,255,68,3754.226,"Yes_Man_",R,3,89,116,-3.054,-1.069,0.609,1.501,-0.753,1.081,-36.737,28.331,15,85,0,4,"",-337.58,67.685,5.353,0,0,5,"=","=","=","=","=","=","=","=","",7,R,"_Gosomi",175,86.368,0.434,,47,W,Y,1,,,,,,,,,,,,,,,,,,,,,,,,,,,,,,,,,,,,,,,,,,,,,,,,,,,,,,,,,,,,,,,,,,,,,,,,,,,,,,,,,,,,,,,,,,,,,,,,,,,,,,,,,,,,,,,,,,,,,0,0,,,,,,,,,,,,,,,,,,,,,,,,,,,,,,,,,,,,,,0.213,-37.563,0.043,-17.079,-21.16,-46.078,-8.967,-40.115,20.423,-46.801,5.842,-45.286,40.915,-90.664,0,-109.86,-45.295,-83.747,,,,"",,,,"",,,,"",,,,"",,,,"",,,,"",,,,"",,,,"",,,,,,,,,,,,,,,,,,,,,,,,,,,,,,,,,,,,,,,,,,,,,,,,,,,,,,,,,,"",0,0,0,"",,,,0,""
150,,6,0,4,3,0,2,0,0,0,0,255,255,255,69,3769.08,"Yes_Man_",R,32,85,137,0.882,1.443,0.817,1.83,0.077,2.287,-36.737,29.727,0,100,0,2,"",202.964,-150.085,25.309,0,0,5,"=","=","=","=","=","=","=","=","",7,R,"_Gosomi",175,86.368,0.434,5,47,W,Y,1,3770.178,68,61,109,62,47,,119,102,25.146,54.494,0.145,1.367,-19.603,0.8,0,0.355,8.602,1.173,-126,,,,,,,,,,,,,,,,,,,,,,,,,,,,,,,,,,,,,,,,,,,,,,,,,,,,,,,,,,,,,,,,,,,,,,,,,,,,,,,,,,,,,,,,,3774.661,-70.743,-70.419,,,,,,0,0,,,,,,,,,,,,,,,,,,,,,,,,,,,,,,,,,,,,,,0.314,-37.537,0.01,-17.292,-21.484,-46.337,-9.049,-40.363,20.064,-46.512,4.45,-52.619,40.915,-90.664,0,-109.85,-51.75,-95.2,0.982,-36.915,,"가앤슬_",0.004,-17.786,,"임 재 천",-21.479,-46.334,,"Kr_Luna",-9.056,-40.052,,"kneesohime",20.07,-46.5,,"ddil_ddil69",4.472,-52.648,,"AI",40.9,-90.65,,"AI",0,-109.84,,"aura_5599",-52.398,-95.502,,,,,,,,,,,,,,,,,,,,,,,,,,,,,,,,,,,,,,,,,,,,,,,,,,,,,,,,"",3,0,0,"",,,,0,""
151,,6,0,4,3,0,2,0,0,0,0,255,255,255,70,3788.331,"Yes_Man_",R,32,85,137,0.138,0.701,0.761,1.723,-0.181,1.91,-36.737,29.66,0,99,1,2,"",154.438,-97.089,21.669,0,0,5,"=","=","=","=","=","=","=","=","",7,R,"_Gosomi",175,86.368,0.434,5,47,W,Y,1,3789.418,241,39,98,98,20,,145,92,20.189,27.17,0.021,1.158,-20.292,-0.51,0,0.309,107.779,172.868,43.983,,,,,,,,,,,,,,,,,,,,,,,,,,,,,,,,,,,,,,,,,,,,,,,,,,,,,,,,,,,,,,,,,,,,,,,,,,,,,,,,,,,,,,,,,3793.153,-35.577,-83.815,3799.553,8,-51.618,0.055,-108.62,1,0,,3795.394,3801.928,,,,,,,,,,,,,,,,,,,,,,,,,,,,,3822.755,5,,,,,0.282,-37.52,0.038,-17.245,-22.118,-47.933,-8.422,-38.119,21.599,-48.594,2.991,-54.362,40.915,-90.664,0,-109.86,-49.236,-89.158,0.84,-36.789,120,"가앤슬_",-0.077,-17.855,,"임 재 천",-22.348,-47.545,,"Kr_Luna",-8.462,-38.101,78,"kneesohime",21.685,-49.568,101,"ddil_ddil69",3.821,-53.629,85,"AI",40.9,-90.65,,"AI",0,-109.84,,"aura_5599",-53.491,-92.257,92,3812.859,0.438,-39.362,,,,,,,3803.752,-10.912,-69.307,3818.186,19.48,-40.23,3819.929,0.425,-58.503,,,,,,,3799.789,-51.101,-107.951,3817.32,1.996,-40.666,,,,,,,3811.668,-0.531,-58.527,3818.798,16.58,-43.141,3826.494,1.111,-57.665,,,,,,,3801.116,-45.654,-105.128,"",2,0,0,"aura_5599",3801.928,,,59,""
152,,6,0,4,3,0,0,0,0,1,0,255,17,255,71,3849.536,"Yes_Man_",R,32,84,137,0.953,1.346,0.821,1.798,0.097,2.191,-36.737,27.915,0,100,0,1,"",205.859,-159.496,25.095,0,0,6,"=","=","=","=","=","=","=","=","",8,R,"아침땅_",169.7,87.187,0.502,,92,W,Y,0,,,,,,,,,,,,,,,,,,,,,,,,,,,,,,,,,,,,,,,,,,,,,,,,,,,,,,,,,,,,,,,,,,,,,,,,,,,,,,,,,,,,,,,,,,,,,,,,,,,,,,,,,,,,,,,,,,,,,0,0,,,,,,,,,,,,,,,,,,,,,,,,,,,,,,,,,,,,,,0.317,-37.387,0.032,-17.145,-21.953,-46.475,-12.999,-57.898,19.82,-47.674,8.268,-61.799,40.915,-90.664,0,-109.86,-51.131,-92.384,,,,"",,,,"",,,,"",,,,"",,,,"",,,,"",,,,"",,,,"",,,,3854.029,-0.186,-37.131,,,,,,,,,,,,,,,,,,,,,,,,,,,,,,,,,,,,,,,,,,,,,,,,,,,,"",0,0,0,"",,,,0,""
153,,6,0,4,3,1,0,0,0,1,0,255,17,255,72,3866.468,"Yes_Man_",R,3,86,127,0.803,0.376,1.013,1.692,0.99,1.806,-36.737,55.237,0,100,0,0,"",-429.33,0,2.545,0,0,6,"=","=","=","=","=","=","=","=","",8,R,"아침땅_",169.7,87.187,0.502,,92,W,Y,0,,,,,,,,,,,,,,,,,,,,,,,,,,,,,,,,,,,,,,,,,,,,,,,,,,,,,,,,,,,,,,,,,,,,,,,,,,,,,,,,,,,,,,,,,,,,,,,,,,,,,,,,,,,,,,,,,,,,,0,0,,,,,,,,,,,,,3866.712,,,,,,,,,,,,,,,,,,,,,,,,,0.325,-37.741,-0.068,-17.162,-22.254,-47.266,-12.463,-59.813,20.979,-47.128,8.168,-63.247,40.915,-90.664,0,-109.86,-52.954,-99.795,,,,"",,,,"",,,,"",,,,"",,,,"",,,,"",,,,"",,,,"",,,,3870.376,0.019,-37.053,,,,,,,,,,,,,,,,,,,,,,,,,,,,,,,,,,,,,,,,,,,,,,,,,,,,"",0,0,0,"",3869.539,,,0,""
154,,6,0,4,3,1,1,0,0,1,0,255,17,255,73,3880.658,"Yes_Man_",R,3,82,123,-1.575,-0.217,0.772,1.6,-0.132,1.473,-36.737,13.649,0,100,0,2,"",-354.042,0,6.186,0,0,6,"=","=","=","=","=","=","=","=","",8,R,"아침땅_",169.7,87.187,0.502,3,92,W,Y,1,3881.702,127,117,84,63,28,,138,104,2.057,-71.954,-0.657,0.774,-19.651,0.91,0.143,0.377,-61.67,314.323,-63.279,1,3,3,55423,0.014,0.014,0.013,0,-0.295,0.802,-19.864,0.914,0.82,-0.021,0.572,0,-0.295,0.802,-19.864,0.91,0.82,-0.021,0.572,2.057,0.678,-0.388,0.624,0.145,-2.791,-2.391,31.703,31.915,3.575,-6.907,-49.698,50.303,1.565,-3.023,-21.748,22.013,0.108,-0.176,-0.978,96.049,0,0,0,0,0.024,0.088,-0.165,45.755,0.024,0.088,-0.165,45.755,0.598,0,0.801,36.761,0.483,0,-0.876,-28.864,-0.95,-0.047,0.309,-71.954,0.95,0.036,-0.31,-71.954,113.076,-999,-999,0,0.307,0.914,0.096,0,48,-1,2,0.286,1,0,8,0.032,3882.245,20.403,-26.917,,,,,,0,0,,,,,,,,,,,,,3902.077,,,,,,,,,,,,,,,,,,,,,,,,,0.47,-37.368,-0.004,-17.416,-22.197,-47.257,-12.381,-59.759,20.323,-45.638,7.35,-64.192,40.915,-90.664,0,-109.85,-57.477,-96.483,0.718,-36.994,,"가앤슬_",-0.025,-17.827,,"임 재 천",-22.202,-47.26,,"Kr_Luna",-14.589,-58.893,,"kneesohime",20.296,-45.592,,"ddil_ddil69",7.486,-62.433,,"AI",40.9,-90.65,,"AI",0,-109.84,,"aura_5599",-56.524,-96.947,,,,,,,,,,,,,,,,,,,,,,,,,,,,,,,,,,,,,,,,,,,,,,,,,,,,,,,,"",3,0,0,"",3886.122,,,0,""
155,,6,0,4,3,1,2,0,0,1,0,255,17,255,74,3902.465,"Yes_Man_",R,10,71,101,1.156,-0.416,0.954,1.812,0.477,2.046,-36.737,37.699,45,55,0,2,"",0,400,-16.412,0,0,6,"=","=","=","=","=","=","=","=","",8,R,"아침땅_",169.7,87.187,0.502,0,35,W,Y,1,3903.549,134,81,68,70,37,,138,127,25.011,8.001,0.226,0.827,-20.701,0.64,0.095,0.404,203.06,347.624,134.273,,,,,,,,,,,,,,,,,,,,,,,,,,,,,,,,,,,,,,,,,,,,,,,,,,,,,,,,,,,,,,,,,,,,,,,,,,,,,,,,,,,,,,,,,3908.361,-25.424,-131.738,3909.786,7,-21.424,0.058,-126.931,1,0,,3908.757,3913.182,,,,,,3908.82,3913.554,,,,,,,,,,,,,,,,,,,,,,,,,,,,0.33,-37.402,-0.013,-17.466,-21.158,-46.293,-12.646,-58.833,21.466,-43.498,7.368,-60.456,40.915,-90.664,0,-109.86,-55.824,-98.171,0.729,-37.045,120,"가앤슬_",0.02,-17.971,,"임 재 천",-21.142,-46.328,,"Kr_Luna",-13.41,-58.938,,"kneesohime",21.473,-43.469,85,"ddil_ddil69",7.502,-60.728,108,"AI",40.9,-90.65,,"AI",0,-109.84,,"aura_5599",-55.735,-98.462,,3917.005,0.707,-38.791,,,,,,,,,,3932.906,18.775,-40.777,3914.301,-0.281,-70.279,,,,,,,,,,3932.126,1.97,-40.844,,,,,,,,,,3935.321,17.096,-40.747,3915.795,2.358,-62.285,,,,,,,,,,"",2,0,0,"AI",3913.182,3908.82,3913.554,42,""
156,,6,0,4,4,0,0,0,0,1,0,255,18,255,75,3965.698,"Yes_Man_",R,32,88,140,-0.157,0.875,0.71,1.758,-0.418,2.006,-36.737,31.496,0,100,0,0,"",233.106,-170.043,15.222,0.067,-18.597,7,"=","=","=","=","=","=","=","=","",0,L,"Ainy4／あいにゃ",189,85,0.51,,92,W,Y,0,,,,,,,,,,,,,,,,,,,,,,,,,,,,,,,,,,,,,,,,,,,,,,,,,,,,,,,,,,,,,,,,,,,,,,,,,,,,,,,,,,,,,,,,,,,,,,,,,,,,,,,,,,,,,,,,,,,,,0,0,,,,,,,,,,,,,3976.756,,,,,,,,,,,,,,,,,,,,,,,,,0.221,-37.624,-0.021,-17.319,-20.567,-45.231,-3.499,-59.984,20.215,-42.346,14.322,-64.125,40.944,-90.691,0,-109.89,-55.931,-99.578,,,,"",,,,"",,,,"",,,,"",,,,"",,,,"",,,,"",,,,"",,,,3971.881,-0.15,-37.168,,,,,,,,,,,,,,,,,,,,,,,,,,,,,,,,,,,,,,,,,,,,,,,,,,,,"",0,0,0,"",3968.933,,,0,""
157,,6,0,4,4,0,1,0,0,1,0,255,18,255,76,3982.048,"Yes_Man_",R,4,89,133,-1.462,-0.389,0.684,1.573,-0.539,1.402,-36.737,28.089,19,81,0,2,"",-217.474,13.59,4.32,0,0,7,"=","=","=","=","=","=","=","=","",0,L,"Ainy4／あいにゃ",189,85,0.51,0,92,W,Y,1,3983.141,133,77,81,49,21,,138,106,21.884,-34.295,-0.201,0.859,-20.442,0.05,0,0.386,14.93,-237.373,68.048,,,,,,,,,,,,,,,,,,,,,,,,,,,,,,,,,,,,,,,,,,,,,,,,,,,,,,,,,,,,,,,,,,,,,,,,,,,,,,,,,,,,,,,,,3987.02,52.233,-89.904,3987.128,6,50.269,1.615,-87.55,0,0,,3988.888,,,,,,,3993.045,,,,3988.336,,3987.435,7,,456,0,,,,,,,,,,,,,,,3993.876,4,,,0.258,-37.347,0.001,-17.318,-20.572,-45.236,-2.939,-61.047,20.557,-43.878,11.857,-57.29,40.915,-90.664,0,-109.85,-56.455,-97.085,0.623,-37.047,,"가앤슬_",-0.022,-17.796,,"임 재 천",-20.567,-45.227,,"Kr_Luna",-5.667,-60.847,,"kneesohime",20.355,-44.655,86,"ddil_ddil69",11.863,-57.256,99,"AI",40.9,-90.65,,"AI",0,-109.84,,"aura_5599",-55.201,-96.201,,3997.112,0.845,-38.367,,,,,,,,,,3993.665,18.947,-41.196,3991.594,11.855,-65.966,,,,,,,,,,,,,,,,,,,,,,3996.156,17.133,-40.705,3992.448,15.109,-63.098,,,,,,,,,,"",1,0,0,"AI",3987.643,3993.045,,42,""
158,,6,0,4,4,0,0,1,0,0,1,255,255,18,77,4012.689,"Yes_Man_",R,32,87,140,-1.076,0.617,0.649,1.722,-0.702,1.886,-36.737,27.027,0,100,0,2,"",154.363,-125.636,25.361,0,0,0,"=","=","=","=","=","=","=","=","",2,L,"Fresh825",190,80,0.2,5,92,W,Y,1,4013.746,145,85,121,97,12,,145,90,62.064,-17.439,-0.24,1.2,-19.335,-0.87,0,0.151,94.685,-98.579,308.859,,,,,,,,,,,,,,,,,,,,,,,,,,,,,,,,,,,,,,,,,,,,,,,,,,,,,,,,,,,,,,,,,,,,,,,,,,,,,,,,,,,,,,,,,4019.661,12.324,-63.643,4020.136,5,11.941,2.939,-62.602,0,0,,4020.044,,,,,,,,,,,,4038.353,4020.151,0,,454,0,,,,,,,,,,,,,,,4023.257,4,,,0.219,-37.416,-0.01,-17.149,-20.393,-45.279,-10.335,-55.78,19.664,-40.459,11.004,-55.059,40.922,-90.671,0,-109.86,-53.111,-93.281,0.667,-36.656,,"가앤슬_",-0.068,-17.469,,"임 재 천",-20.334,-45.316,,"Kr_Luna",-10.01,-55.986,,"kneesohime",19.442,-44.421,84,"ddil_ddil69",11.664,-54.77,105,"AI",40.9,-90.65,,"AI",0,-109.84,,"aura_5599",-53.325,-95.241,,4025.881,0.752,-38.319,,,,,,,,,,4021.934,19.779,-40.923,4020.168,12.008,-63.019,,,,,,,,,,,,,,,,,,,,,,4024.85,17.32,-40.314,4020.85,13.259,-59.875,,,,,,,,,,"",1,0,0,"ddil_ddil69",,4020.424,,42,""
159,,6,0,4,4,0,0,2,0,0,1,255,255,18,78,4043.831,"Yes_Man_",R,13,83,122,0.297,-0.275,0.945,1.713,0.675,1.858,-36.737,38.702,33,67,0,0,"",-342.563,364.213,12.005,0,0,1,"=","=","=","=","=","=","=","=","",4,R,"P0TA0",190.3,96,0.442,,42,W,Y,0,,,,,,,,,,,,,,,,,,,,,,,,,,,,,,,,,,,,,,,,,,,,,,,,,,,,,,,,,,,,,,,,,,,,,,,,,,,,,,,,,,,,,,,,,,,,,,,,,,,,,,,,,,,,,,,,,,,,,0,0,,,,,,,,,,,,,,4052.527,,,,,,,,,,,,,,,,,,,,,,,,0.343,-37.412,0.15,-17.333,-21.236,-46.602,-13.213,-57.974,19.806,-40.349,10.748,-63.215,40.922,-90.671,0,-109.87,-53.346,-95.528,,,,"",,,,"",,,,"",,,,"",,,,"",,,,"",,,,"",,,,"",,,,4048.288,-0.042,-37.039,,,,,,,,,,,,,,,,,,,,,,,,,,,,,,,,,,,,,,,,,,,,,,,,,,,,"",0,0,0,"",,4046.515,,0,""
160,,6,0,4,4,0,1,2,0,0,1,255,255,18,79,4059.104,"Yes_Man_",R,13,91,126,-0.159,-0.601,0.885,1.653,0.395,1.664,-36.737,30.634,15,85,0,2,"",-309.353,392.812,4.993,0,0,1,"=","=","=","=","=","=","=","=","",4,R,"P0TA0",190.3,96,0.442,3,42,W,Y,1,4060.161,254,90,119,100,43,,145,89,-48.156,-4.627,-0.183,0.566,-18.6,-0.86,0,0.191,34.305,-256.794,-33.76,1,3,3,55423,0.014,0.014,0.008,0,-0.091,0.638,-19.058,-0.86,0.941,0.253,-0.227,0,-0.091,0.638,-19.058,-0.86,0.941,0.253,-0.227,-48.156,0.325,0.146,0.934,0.597,-2.611,-3.782,32.258,32.584,40.631,14.949,-151.996,158.041,25.683,9.449,-96.076,99.898,0.879,0.176,-0.443,89.9,0,0,0,0,-0.092,0.109,-0.642,82.199,-0.092,0.109,-0.642,82.199,0.937,0,-0.349,-69.597,0.774,0,-0.634,-50.685,-0.08,-0.116,0.99,-4.627,0.054,-0.745,-0.665,-4.627,180,-999,-999,0,0.331,-0.86,0.096,0,48,-1,2,0.305,1,0,8,0.022,4059.87,-0.146,-19.052,4061.386,0,1.258,3.228,-36.207,0,0,,,,,,,,,,,,,,,4064.263,1,,147,32,,,,,,,,,,,,,,,,,,,0.356,-37.575,0.06,-17.241,-21.131,-46.689,-12.671,-58.042,19.573,-40.156,11.24,-62.892,40.915,-90.664,0,-109.85,-53.027,-95.054,0.877,-36.804,120,"가앤슬_",0.007,-17.802,,"임 재 천",-21.14,-46.697,,"Kr_Luna",-14.839,-57.72,,"kneesohime",19.207,-40.823,,"ddil_ddil69",11.109,-62.754,,"AI",40.9,-90.65,,"AI",0,-109.84,,"aura_5599",-52.007,-94.524,,4061.659,1.001,-37.062,,,,4063.634,-18.796,-39.756,,,,,,,,,,,,,,,,,,,4062.891,-3.177,-38.21,,,,,,,,,,,,,,,,,,,,,,,,,"",2,0,0,"Yes_Man_",,,,36,""
161,SIDE,6,0,4,4,0,1,2,0,0,1,255,255,18,,4067.412,,,,,,,,,,,,,,,,,,,,,,,,1,"=","=","=","=","=","=","=","=","",,,,,,,,,,,,,,,,,,,,,,,,,,,,,,,,,,,,,,,,,,,,,,,,,,,,,,,,,,,,,,,,,,,,,,,,,,,,,,,,,,,,,,,,,,,,,,,,,,,,,,,,,,,,,,,,,,,,,,,,,,,,,,,,0,0,,,,,,,,,,,,,,,,,,,,,,,,,,,,,,,,,,,,,,,,,,,,,,,,,,,,,,,,,,,,,,,,,,,,,,,,,,,,,,,,,,,,,,,,,,,,,,,,,,,,,,,,,,,,,,,,,,,,,,,,,,,,,,,,,,,,,,,,,,,,,,,,,"",0,0,0,"",,,,0,""
162,,7,1,4,4,0,0,0,0,0,0,255,255,255,71,4212.22,"Fresh825",R,5,61,99,1.062,-0.231,0.495,1.627,0.694,1.543,-36.44,42.445,70,30,0,2,"",-118.389,39.351,-1.239,0,0,5,"Kr_Luna","ddil_ddil69","임 재 천","kneesohime","aura_5599","Yes_Man_","가앤슬_","","",0,R,"Yes_Man_",190,85.251,0.499,5,76,W,Y,1,4213.49,136,131,131,98,37,,142,92,39.81,6.482,0.196,0.932,-20.421,-0.71,0,0.491,325.305,-3.363,-113.295,,,,,,,,,,,,,,,,,,,,,,,,,,,,,,,,,,,,,,,,,,,,,,,,,,,,,,,,,,,,,,,,,,,,,,,,,,,,,,,,,,,,,,,,,4218.57,-7.37,-91.074,4219.211,7,-7.552,0.609,-92.678,1,0,,4220.034,,,,,,,,,,,,,,,,,,,,,,,,,,,,,,,,,,,,-0.102,-37.55,0.073,-17.321,-21.064,-48.419,-11.997,-60.188,18.959,-44.587,12.431,-64.669,40.959,-90.705,1.497,-114.092,-50.032,-94.661,0.224,-37.205,,"SUGUN",0.046,-17.486,,"Ainy4／あいにゃ",-21.052,-48.257,,"-라후이-",-11.636,-60.404,,"P0TA0",18.645,-44.833,,"まととまと",12.355,-64.725,,"AI",40.9,-90.65,,"_Gosomi",1.926,-113.927,88,"아침땅_",-50.606,-94.33,,4223.012,2.708,-50.87,,,,,,,,,,,,,,,,,,,4219.46,-7.482,-93.357,,,,,,,,,,,,,,,,,,,,,,,,,4221.253,-9.32,-81.486,,,,"",2,0,0,"_Gosomi",,,4226.051,160,""
163,,7,1,4,4,0,0,0,1,0,0,0,255,255,72,4246.438,"Fresh825",R,3,71,101,-3.921,-1.253,0.074,1.335,-0.917,0.85,-36.44,22.504,0,100,0,1,"",-400.172,0,-4.905,0,0,6,"=","=","=","=","=","=","=","","",1,R,"가앤슬_",190,85.179,0.2,,92,W,Y,0,,,,,,,,,,,,,,,,,,,,,,,,,,,,,,,,,,,,,,,,,,,,,,,,,,,,,,,,,,,,,,,,,,,,,,,,,,,,,,,,,,,,,,,,,,,,,,,,,,,,,,,,,,,,,,,,,,,,,0,0,,,,,,,,,,,,,,,,,,,,,,,,,,,,,,,,,,,,,,-0.175,-37.545,0.053,-17.343,-20.265,-41.641,-9.22,-62.851,20.284,-45.607,10.506,-64.181,40.937,-90.684,-1.6,-112.658,-51.938,-96.048,,,,"",,,,"",,,,"",,,,"",,,,"",,,,"",,,,"",,,,"",,,,4250.293,-0.167,-37.331,,,,,,,,,,,,,,,,,,,,,,,,,,,,,,,,,,,,,,,,,,,,,,,,,,,,"",0,0,0,"",,,,0,""
164,,7,1,4,4,1,0,0,1,0,0,0,255,255,73,4259.098,"Fresh825",R,32,85,138,-1.939,-1.274,0.047,1.416,-1.083,0.719,-36.44,17.924,0,100,0,1,"",174.563,-106.267,0.919,0,0,6,"=","=","=","=","=","=","=","","",1,R,"가앤슬_",190,85.179,0.2,,92,W,Y,0,,,,,,,,,,,,,,,,,,,,,,,,,,,,,,,,,,,,,,,,,,,,,,,,,,,,,,,,,,,,,,,,,,,,,,,,,,,,,,,,,,,,,,,,,,,,,,,,,,,,,,,,,,,,,,,,,,,,,0,0,,,,,,,,,,,,4259.66,,,,,,,,,,,,,,,,,,,,,,,,,,-0.208,-37.591,-0.016,-17.043,-20.311,-41.767,-9.14,-62.857,20.278,-45.594,8.852,-64.247,40.907,-90.657,0.456,-111.829,-51.597,-96.535,,,,"",,,,"",,,,"",,,,"",,,,"",,,,"",,,,"",,,,"",,,,4262.919,-0.251,-37.466,,,,,,,,,,,,,,,,,,,,,,,,,,,,,,,,,,,,,,,,,,,,,,,,,,,,"",0,0,0,"",,,,0,""
165,,7,1,4,4,2,0,0,1,0,0,0,255,255,74,4271.659,"Fresh825",R,3,65,96,-1.418,-0.467,0.348,1.58,0.179,1.453,-36.44,28.301,0,100,0,0,"",-371.817,72.482,-4.309,0,0,6,"=","=","=","=","=","=","=","","",1,R,"가앤슬_",190,85.179,0.2,,92,W,Y,1,,,,,,,,,,,,,,,,,,,,,,,,,,,,,,,,,,,,,,,,,,,,,,,,,,,,,,,,,,,,,,,,,,,,,,,,,,,,,,,,,,,,,,,,,,,,,,,,,,,,,,,,,,,,,,,,,,,,,0,0,,,,,,,,,,,,4272.191,,,,,,,,,,,,,,,,,,,,,,,,,,-0.124,-37.487,-0.01,-17.057,-20.272,-41.998,-9.081,-62.755,20.281,-45.629,8.822,-67.003,40.907,-90.657,0.683,-112.056,-51.615,-96.68,,,,"",,,,"",,,,"",,,,"",,,,"",,,,"",,,,"",,,,"",,,,4275.813,-0.356,-37.301,,,,,,,,,,,,,,,,,,,,,,,,,,,,,,,,,,,,,,,,,,,,,,,,,,,,"",0,0,0,"",,,,0,""
166,,7,1,4,4,2,1,0,1,0,0,0,255,255,75,4284.059,"Fresh825",R,32,83,135,-0.425,-0.784,0.188,1.495,-0.451,1.021,-36.44,27.154,0,100,0,0,"",186.445,-108.605,1.285,0,0,6,"=","=","=","=","=","=","=","","",1,R,"가앤슬_",190,85.179,0.2,,92,W,Y,0,,,,,,,,,,,,,,,,,,,,,,,,,,,,,,,,,,,,,,,,,,,,,,,,,,,,,,,,,,,,,,,,,,,,,,,,,,,,,,,,,,,,,,,,,,,,,,,,,,,,,,,,,,,,,,,,,,,,,0,0,,,,,,,,,,,,4284.724,,,,,,,,,,,,,,,,,,,,,,,,,,-0.18,-37.746,-0.035,-17.164,-20.166,-42.031,-9.025,-63.266,20.295,-45.631,9.095,-64.266,40.907,-90.657,0.966,-111.837,-51.326,-96.965,,,,"",,,,"",,,,"",,,,"",,,,"",,,,"",,,,"",,,,"",,,,4287.924,-0.342,-37.42,,,,,,,,,,,,,,,,,,,,,,,,,,,,,,,,,,,,,,,,,,,,,,,,,,,,"",0,0,0,"",,,,0,""
167,,7,1,4,4,2,2,0,1,0,0,0,255,255,76,4296.663,"Fresh825",R,3,71,104,0.081,-1.023,0.455,1.501,0.57,1.073,-36.44,45.866,9,91,0,4,"",-281.497,64.6,-5.89,-0.287,-15.847,6,"=","=","=","=","=","=","=","","",1,R,"가앤슬_",190,85.179,0.2,,92,W,Y,1,,,,,,,,,,,,,,,,,,,,,,,,,,,,,,,,,,,,,,,,,,,,,,,,,,,,,,,,,,,,,,,,,,,,,,,,,,,,,,,,,,,,,,,,,,,,,,,,,,,,,,,,,,,,,,,,,,,,,0,64,,,,,,,,,,,,4297.761,,,4299.361,6,,578,0,,,,,,,,,,,,,,,,,4300.215,1,-0.222,-37.629,-0.017,-17.152,-19.964,-42.739,-9.911,-63.668,20.072,-45.546,9.112,-63.947,40.907,-90.657,0.705,-111.844,-51.284,-96.959,,,,"",,,,"",,,,"",,,,"",,,,"",,,,"",,,,"",,,,"",,,,4302.142,-0.347,-37.588,,,,,,,,,,,,,,,,,,,,,,,,,,,,,,,,,,,,,,,,,,,,,,,,,,,,"",0,0,0,"",,,,0,""
168,,7,1,4,4,0,0,1,1,0,0,0,255,255,77,4320.806,"Fresh825",R,33,84,136,-0.266,-0.992,0.228,1.469,-0.316,0.914,-36.44,25.857,0,100,0,1,"",142.651,-83.457,-0.383,0,0,0,"=","=","=","=","=","=","=","","",3,L,"Kr_Luna",190,95.432,0.498,,92,W,Y,0,,,,,,,,,,,,,,,,,,,,,,,,,,,,,,,,,,,,,,,,,,,,,,,,,,,,,,,,,,,,,,,,,,,,,,,,,,,,,,,,,,,,,,,,,,,,,,,,,,,,,,,,,,,,,,,,,,,,,0,0,,,,,,,,,,,,4321.676,,,,,,,,,,,,,,,,,,,,,,,,,,-0.195,-37.471,0.045,-17.309,-20.116,-42.157,-9.897,-62.882,20.282,-45.602,13.811,-62.246,40.907,-90.657,3.78,-110.121,-41.907,-101.937,,,,"",,,,"",,,,"",,,,"",,,,"",,,,"",,,,"",,,,"",,,,4324.478,-0.297,-37.108,,,,,,,,,,,,,,,,,,,,,,,,,,,,,,,,,,,,,,,,,,,,,,,,,,,,"",0,0,0,"",,,,0,""
169,,7,1,4,4,1,0,1,1,0,0,0,255,255,78,4334.057,"Fresh825",R,3,68,99,-1.422,-0.791,0.327,1.452,0.106,1.139,-36.44,44.062,0,100,0,2,"",-352.918,0,-3.91,0,0,0,"=","=","=","=","=","=","=","","",3,L,"Kr_Luna",190,95.432,0.498,0,92,W,Y,0,4335.047,168,91,159,102,61,,145,133,-30,28.028,-0.245,0.744,-20.683,0.68,0,0.11,115.84,147.479,69.706,,,,,,,,,,,,,,,,,,,,,,,,,,,,,,,,,,,,,,,,,,,,,,,,,,,,,,,,,,,,,,,,,,,,,,,,,,,,,,,,,,,,,,,,,4334.687,-0.875,-21.866,4338.07,8,-36.955,0.074,-88.182,1,0,,4340.901,,,,4340.759,,,,,,4334.512,,,,,,,,,,,,,,,,,,,,4341.276,5,,,,,-0.262,-37.446,0.079,-17.464,-20.12,-42.13,-9.692,-62.798,20.294,-45.625,14.932,-61.909,40.915,-90.664,6.454,-109.518,-41.244,-102.678,-0.316,-36.985,,"SUGUN",0.035,-17.486,,"Ainy4／あいにゃ",-20.216,-42.883,,"-라후이-",-9.842,-62.842,,"P0TA0",20.273,-45.606,,"まととまと",14.92,-61.899,84,"AI",40.9,-90.65,,"_Gosomi",6.679,-109.532,,"아침땅_",-40.585,-102.745,104,4347.035,0.677,-39.409,,,,,,,,,,,,,4341.031,-0.281,-60.548,,,,,,,4338.382,-37.838,-89.658,,,,,,,,,,,,,,,,4345.907,-0.497,-58.304,,,,,,,4339.044,-34.534,-87.363,"",2,0,0,"아침땅_",4340.759,,,196,""
170,,7,1,4,4,0,0,1,1,1,0,3,0,255,79,4363.159,"Fresh825",R,32,65,118,1.7,-0.75,0.262,1.495,-0.052,0.927,-36.44,41.917,0,100,0,2,"",235.328,-155.624,-5.52,0,0,1,"=","=","=","=","=","=","=","","",5,R,"ddil_ddil69",176.4,89.974,0.546,3,92,W,Y,1,4364.399,128,82,107,60,0,,138,99,-6.475,78,-0.041,0.587,-20.048,0.05,0,0.622,-146.65,333.396,-70.177,1,3,3,54395,0.014,0.014,0.009,0,0.182,0.652,-20.206,0.051,0.654,0.085,0.752,0,0.182,0.652,-20.206,0.05,0.654,0.085,0.752,-6.475,0.484,-0.582,0.653,5.868,0.248,-2.388,30.478,30.573,7.087,10.493,-29.12,31.754,1.225,1.452,-15.901,16.014,-0.109,-0.25,-0.962,99.6,0,0,0,0,0.059,0.026,-0.227,55.825,-0.003,-0.077,-0.296,55.825,0,0,0,0,0,0,0,0,-0.968,-0.204,-0.143,81.601,-0.972,-0.113,-0.207,78,81.133,-6.524,-999,3.601,0.396,0.051,0.096,0,48,-1,2,0.212,1,0,38,0.03,4364.312,-4.102,-20.894,,,,,,0,0,,,,,,,,,,,,4363.451,4363.628,,,,,,,,,,,,,,,,,,,,,,,,,-0.344,-37.59,0.132,-17.388,-20.47,-42.856,-13.172,-65.273,18.966,-44.335,2.824,-61.229,40.922,-90.671,-0.896,-106.974,-48.96,-94.224,0.071,-37.681,,"SUGUN",-0.079,-17.469,,"Ainy4／あいにゃ",-19.091,-46.983,,"-라후이-",-13.979,-64.35,,"P0TA0",18.935,-44.312,,"まととまと",2.967,-61.495,,"AI",40.9,-90.65,,"_Gosomi",-0.09,-108.511,,"아침땅_",-49.039,-95.225,,,,,,,,,,,,,,,,,,,,,,,,,,,,,,,,,,,,,,,,,,,,,,,,,,,,,,,,"",3,0,0,"",4368.833,,,0,""
171,,7,1,4,4,0,1,1,1,1,0,3,0,255,80,4381.137,"Fresh825",R,3,68,99,-0.787,-0.834,0.368,1.494,0.362,1.143,-36.44,45.441,0,100,0,2,"",-344.042,0,-8.04,0,0,1,"=","=","=","=","=","=","=","","",5,R,"ddil_ddil69",176.4,89.974,0.546,3,39,W,Y,1,4382.457,175,155,117,130,70,,145,89,17.564,-3.446,-0.147,0.672,-20.41,-0.66,0,0.601,162.203,-269.785,10.289,1,3,3,53371,0.014,0.014,0.003,0,-0.084,0.695,-20.797,-0.658,0.698,-0.216,-0.683,0,-0.084,0.695,-20.797,-0.66,0.698,-0.216,-0.683,17.564,0.656,-0.654,-0.377,4.184,-1.518,-2.386,25.202,25.36,31.845,56.817,-33.852,73.405,15.532,28.351,-20.201,38.119,0.844,0.5,-0.192,89.142,0,0,0,0,0.091,0.129,-0.01,57.094,0.104,0.171,-0.132,57.094,0,0,0,0,0,0,0,0,-0.06,-0.094,0.994,-3.446,0.057,0.302,-0.952,-3.446,180,-999,-999,0,0.331,-0.658,0.096,0,48,-1,2,0.329,1,0,8,0.029,4385.761,6.777,-84.813,4387.003,7,8.357,0.227,-95.009,1,0,,4387.974,,,,4387.181,,,4387.013,,,4381.499,4381.476,,,,,,,,,,,,,,,,,,,,,,,,,-0.261,-37.443,-0.002,-17.303,-20.332,-41.806,-14.564,-63.715,19.697,-44.805,0.015,-60.367,40.907,-90.657,-2.28,-111.162,-48.038,-93.668,-0.068,-37.192,,"SUGUN",-0.061,-17.525,,"Ainy4／あいにゃ",-18.405,-46.8,,"-라후이-",-14.381,-63.806,,"P0TA0",19.668,-44.777,,"まととまと",4.206,-61.945,,"AI",40.9,-90.65,,"_Gosomi",-2.068,-111.18,85,"아침땅_",-48.113,-94.216,,4394.509,-5.754,-37.511,,,,,,,,,,,,,,,,,,,4387.258,8.271,-96.328,,,,,,,,,,,,,,,,,,,,,,,,,4391.98,7.585,-79.845,,,,"",2,0,0,"_Gosomi",4387.181,4387.013,,160,""
172,,7,1,4,4,0,0,1,1,1,1,5,3,0,81,4411.927,"Fresh825",R,3,64,96,-1.483,-0.78,0.338,1.495,0.118,1.147,-36.44,46.227,0,100,0,1,"",-366.608,0,-6.143,0,0,2,"=","=","=","=","=","=","=","","",2,R,"임 재 천",190,88.237,0.346,,92,W,Y,0,,,,,,,,,,,,,,,,,,,,,,,,,,,,,,,,,,,,,,,,,,,,,,,,,,,,,,,,,,,,,,,,,,,,,,,,,,,,,,,,,,,,,,,,,,,,,,,,,,,,,,,,,,,,,,,,,,,,,0,0,,,,,,,,,,,,4421.718,4412.444,4413.177,,,,,,,,,,,,,,,,,,,,,,,,-0.289,-37.49,0.021,-17.398,-20.087,-41.507,-10.96,-63.31,19.639,-40.508,3.302,-61.897,40.922,-90.671,5.858,-106.583,-45.951,-91.834,,,,"",,,,"",,,,"",,,,"",,,,"",,,,"",,,,"",,,,"",,,,4416.263,-0.498,-37.258,,,,,,,,,,,,,,,,,,,,,,,,,,,,,,,,,,,,,,,,,,,,,,,,,,,,"",0,0,0,"",4414.525,4414.377,,0,""
173,,7,1,4,4,1,0,1,1,1,1,5,3,0,82,4429.943,"Fresh825",R,5,67,104,-1.398,-1.291,0.223,1.384,-0.367,0.818,-36.44,40.559,0,100,0,1,"",-128.146,0,-8.68,0,0,2,"=","=","=","=","=","=","=","","",2,R,"임 재 천",190,88.237,0.346,,92,W,Y,0,,,,,,,,,,,,,,,,,,,,,,,,,,,,,,,,,,,,,,,,,,,,,,,,,,,,,,,,,,,,,,,,,,,,,,,,,,,,,,,,,,,,,,,,,,,,,,,,,,,,,,,,,,,,,,,,,,,,,0,0,,,,,,,,,,,,4440.663,4444.75,4430.499,,,,,,,,,,,,,,,,,,,,,,,,-0.306,-37.515,0.011,-17.373,-19.935,-48.435,-13.321,-64.547,19.342,-40.436,1.753,-61.505,40.922,-90.67,4.73,-112.766,-47.045,-94.207,,,,"",,,,"",,,,"",,,,"",,,,"",,,,"",,,,"",,,,"",,,,4433.948,-0.47,-37.119,,,,,,,,,,,,,,,,,,,,,,,,,,,,,,,,,,,,,,,,,,,,,,,,,,,,"",0,0,0,"",4433.055,4432.327,,0,""
174,,7,1,4,4,2,0,1,1,1,1,5,3,0,83,4446.388,"Fresh825",R,33,76,126,0.229,-0.644,0.259,1.54,-0.084,1.128,-36.44,37.817,0,100,0,2,"",116.219,-75.256,-0.932,0,0,2,"=","=","=","=","=","=","=","","",2,R,"임 재 천",190,88.237,0.346,3,92,W,Y,1,4447.511,183,57,56,81,41,,137,96,-30,-1.346,-0.142,0.483,-18.657,0.96,0,0.511,-214.929,287.355,35.231,1,3,3,53371,0.014,0.014,0.01,0,0.08,0.711,-19.162,0.956,0.742,0.643,-0.189,0,0.08,0.711,-19.162,0.96,0.742,0.643,-0.189,-73.607,0.414,0.653,0.634,4.055,-0.151,-2.495,32.537,32.633,-34.983,-18.995,-68.692,79.393,-16.585,-9.005,-32.565,37.638,-0.504,-0.277,-0.818,96.819,0,0,0,0,-0.016,-0.025,-0.323,53.736,-0.016,-0.025,-0.323,53.736,0,0,0,0,0,0,0,0,-0.023,-0.092,0.995,-1.346,0.02,-0.5,-0.866,-1.346,178.921,-999,-999,0,0.341,0.956,0.096,0,48,-1,2,0.311,1,0,8,0.029,4447.211,-0.126,-19.388,4448.353,0,0.23,1.742,-36.354,0,0,,,,,,4453.02,,,4452.092,,4452.7,,,4447.449,4450.691,5,3,194,128,4453.134,2,,147,8,,,,,,,,,,,,,,-0.247,-37.549,0.029,-17.393,-20.883,-48.14,-13.043,-64.513,19.453,-40.272,8.05,-62.567,40.915,-90.664,-2.863,-118.28,-47.081,-94.061,-0.277,-37.32,120,"SUGUN",-0.103,-17.393,130,"Ainy4／あいにゃ",-20.23,-47.929,74,"-라후이-",-12.942,-64.634,,"P0TA0",17.487,-43.692,,"まととまと",10.898,-62.424,,"AI",40.9,-90.65,,"_Gosomi",-2.713,-118.261,,"아침땅_",-47.121,-94.014,,4448.657,0.184,-37.05,4450.074,0.172,-21.268,4452.575,-18.884,-39.036,,,,,,,,,,,,,,,,,,,4449.352,-0.075,-35.82,4451.747,-4.528,-25.68,4456.464,-18.434,-39.67,,,,,,,,,,,,,,,,,,,"",2,0,0,"Fresh825",4453.02,4452.092,4452.7,137,""
175,SIDE,7,1,4,4,0,0,2,0,1,1,255,5,3,,4457.568,,,,,,,,,,,,,,,,,,,,,,,,3,"=","=","=","=","=","=","=","","",,,,,,,,,,,,,,,,,,,,,,,,,,,,,,,,,,,,,,,,,,,,,,,,,,,,,,,,,,,,,,,,,,,,,,,,,,,,,,,,,,,,,,,,,,,,,,,,,,,,,,,,,,,,,,,,,,,,,,,,,,,,,,,,0,0,,,,,,,,,,,,,,,,,,,,,,,,,,,,,,,,,,,,,,,,,,,,,,,,,,,,,,,,,,,,,,,,,,,,,,,,,,,,,,,,,,,,,,,,,,,,,,,,,,,,,,,,,,,,,,,,,,,,,,,,,,,,,,,,,,,,,,,,,,,,,,,,,"",0,0,0,"",,,,0,""
176,,7,0,4,4,0,0,0,0,0,0,255,255,255,80,4509.549,"Yes_Man_",R,3,88,131,-0.216,0.641,0.876,1.745,0.353,1.981,-36.737,24.686,10,90,0,2,"",-309.489,0,3.091,0,0,2,"Fresh825","P0TA0","まととまと","SUGUN","-라후이-","_Gosomi","아침땅_","Ainy4／あいにゃ","",5,R,"まととまと",179.5,90.039,0.45,3,92,W,Y,1,4510.764,247,44,111,74,30,,145,108,-30,-4.557,-0.184,1.066,-18.691,0.94,0.095,0.369,-391.328,33.037,-95.368,1,3,3,55423,0.008,0.008,0.004,0,-0.108,1.102,-18.988,0.941,0.904,0.296,-0.309,0,-0.108,1.102,-18.988,0.94,0.904,0.296,-0.309,-43.748,-0.028,0.898,-0.439,0,-2.692,-2.179,33.778,33.955,38.382,-112.358,-51.613,129.466,9.633,-28.2,-12.954,32.493,-0.057,-0.992,-0.109,101.238,0,0,0,0,0.075,-0.064,-0.394,80.858,0.075,-0.064,-0.394,80.858,-0.884,0,-0.467,62.143,0.133,0,0.991,7.624,-0.079,-0.064,0.995,-4.557,0.069,-0.5,-0.863,-4.557,180,-999,-999,0,0.678,0.941,0.096,0,48,-1,2,0.56,1,0,8,0.033,4510.47,-0.048,-20.406,4512.986,5,3.185,0.808,-61.32,0,0,,4516.359,,,,,,,,,,,,,4516.047,2,,147,2,,,,,,,,,,,,,,,,,,,0.391,-37.576,0.023,-17.276,-21.256,-45.889,-12.475,-57.285,22.085,-47.237,10.508,-64.347,40.959,-90.705,0,-109.91,-57.579,-96.598,0.76,-37.099,,"가앤슬_",-0.016,-17.303,,"임 재 천",-21.377,-45.738,68,"Kr_Luna",-12.51,-57.288,,"kneesohime",21.01,-49.085,,"ddil_ddil69",10.367,-64.363,103,"AI",40.9,-90.65,,"AI",0,-109.84,,"aura_5599",-55.438,-95.668,,4519.805,-0.656,-38.561,,,,4515.452,-18.991,-40.668,,,,,,,4513.067,3.58,-63.527,,,,,,,,,,,,,,,,4518.519,-18.189,-39.915,,,,,,,4514.087,-1.249,-60.229,,,,,,,,,,"",2,0,0,"ddil_ddil69",,,,38,""
177,,7,0,4,4,0,0,1,0,0,0,255,255,255,81,4536.799,"Yes_Man_",R,32,92,140,-0.808,1.228,0.665,1.829,-0.629,2.232,-36.737,30.928,0,97,3,1,"",181.827,-167.384,11.7,0,0,3,"=","=","=","=","=","=","=","=","",1,R,"SUGUN",190,82,0.5,,92,W,Y,0,,,,,,,,,,,,,,,,,,,,,,,,,,,,,,,,,,,,,,,,,,,,,,,,,,,,,,,,,,,,,,,,,,,,,,,,,,,,,,,,,,,,,,,,,,,,,,,,,,,,,,,,,,,,,,,,,,,,,0,0,,,,,,,,,,,,,,,,,,,,,,,,,,,,,,,,,,,,,,0.198,-37.468,-0.051,-17.269,-21.586,-46.376,-9.601,-57.387,22.051,-50.58,11.864,-65.4,40.915,-90.664,0,-109.86,-56.407,-99.38,,,,"",,,,"",,,,"",,,,"",,,,"",,,,"",,,,"",,,,"",,,,4542.196,-0.083,-37.241,,,,,,,,,,,,,,,,,,,,,,,,,,,,,,,,,,,,,,,,,,,,,,,,,,,,"",0,0,0,"",,,,0,""
178,,7,0,4,4,1,0,1,0,0,0,255,255,255,82,4552.847,"Yes_Man_",R,32,85,137,1.049,0.893,0.843,1.775,0.198,2.057,-36.737,35.539,0,100,0,2,"",163.96,-123.958,5.098,0,0,3,"=","=","=","=","=","=","=","=","",1,R,"SUGUN",190,82,0.5,5,92,W,Y,1,4553.853,165,43,163,52,5,,145,131,15.479,51.63,0.172,1.323,-19.639,0.64,0,0.38,47.188,-18.216,-73.684,,,,,,,,,,,,,,,,,,,,,,,,,,,,,,,,,,,,,,,,,,,,,,,,,,,,,,,,,,,,,,,,,,,,,,,,,,,,,,,,,,,,,,,,,4557.986,-88.67,-90.49,,,,,,0,0,,,,,,,,,,,,,,,,,,,,,,,,,,,,,,,,,,,,,,0.277,-37.324,0.034,-17.212,-21.918,-46.922,-11.773,-56.943,23.469,-49.514,11.822,-65.341,40.908,-90.657,0,-109.85,-53.881,-97.702,0.828,-36.762,,"가앤슬_",0.032,-17.206,,"임 재 천",-21.84,-46.947,,"Kr_Luna",-11.772,-56.937,,"kneesohime",23.332,-49.404,,"ddil_ddil69",11.652,-65.15,,"AI",40.9,-90.65,,"AI",0,-109.84,,"aura_5599",-56.272,-100.778,,,,,,,,,,,,,,,,,,,,,,,,,,,,,,,,,,,,,,,,,,,,,,,,,,,,,,,,"",3,0,0,"",,,,0,""
179,,7,0,4,4,1,1,1,0,0,0,255,255,255,83,4572.255,"Yes_Man_",R,3,87,128,0.364,1.04,0.96,1.836,0.742,2.258,-36.737,41.341,25,75,0,2,"",-394.996,0,3.724,0,0,3,"=","=","=","=","=","=","=","=","",1,R,"SUGUN",190,82,0.5,3,57,W,Y,1,4573.318,255,55,126,54,4,,145,91,48.604,-4.878,-0.066,1.328,-18.925,-0.76,0,0.481,127.459,-90.192,25.608,1,3,3,53371,0.011,0.011,0.006,0,0.007,1.32,-19.316,-0.76,0.688,-0.544,-0.48,0,0.007,1.32,-19.316,-0.76,0.688,-0.544,-0.48,48.604,0.73,-0.634,0.255,2.533,-2.809,-1.887,32.921,33.094,-25.525,7.667,-142.922,145.386,-14.893,4.474,-83.391,84.828,0.361,0.256,-0.897,91.971,0,0,0,0,-0.006,0.074,-0.42,81.344,-0.006,0.074,-0.42,81.344,0,0,0,0,0,0,0,0,-0.085,-0.057,0.995,-4.878,0.056,0.75,-0.659,-4.878,-180,-999,-999,0,0.361,-0.76,0.096,0,48,-1,2,0.339,1,0,8,0.019,4578.653,6.533,-81.988,4579.103,5,6.333,2.512,-80.408,0,0,,4579.84,,,,,,,,,,,,,4579.192,3,,454,0,,,,,,,,,,,,,,,,,,,0.295,-37.436,0.031,-17.216,-21.846,-46.608,-12.485,-57.188,22.26,-52.288,12.679,-64.498,40.915,-90.664,0,-109.85,-55.821,-98.154,0.875,-36.702,,"가앤슬_",0.031,-17.218,,"임 재 천",-21.828,-46.596,,"Kr_Luna",-12.48,-57.19,,"kneesohime",22.233,-52.247,,"ddil_ddil69",12.62,-64.43,90,"AI",40.9,-90.65,,"AI",0,-109.84,,"aura_5599",-52.184,-97.039,,4582.895,1.226,-38.874,,,,,,,,,,,,,4579.209,6.294,-80.887,,,,,,,,,,,,,,,,,,,,,,,,,4581.066,4.363,-72.036,,,,,,,,,,"",1,0,0,"ddil_ddil69",,,,34,""
180,,7,0,4,4,0,0,2,0,0,0,255,255,255,84,4596.791,"Yes_Man_",R,32,88,140,0.352,1.529,0.752,1.84,-0.222,2.321,-36.737,34.022,0,100,0,1,"",250,-172.556,9.427,0,0,4,"=","=","=","=","=","=","=","=","",3,R,"-라후이-",175.1,86,0.498,,92,W,Y,0,,,,,,,,,,,,,,,,,,,,,,,,,,,,,,,,,,,,,,,,,,,,,,,,,,,,,,,,,,,,,,,,,,,,,,,,,,,,,,,,,,,,,,,,,,,,,,,,,,,,,,,,,,,,,,,,,,,,,0,0,,,,,,,,,,,,,,,,,,,,,,,,,,,,,,,,,,,,,,0.246,-37.431,0.039,-17.222,-21.986,-46.851,-14.1,-58.442,21.14,-51.417,8.222,-63.67,40.915,-90.664,0,-109.85,-53.446,-99.137,,,,"",,,,"",,,,"",,,,"",,,,"",,,,"",,,,"",,,,"",,,,4601.624,0.165,-37.269,,,,,,,,,,,,,,,,,,,,,,,,,,,,,,,,,,,,,,,,,,,,,,,,,,,,"",0,0,0,"",,,,0,""
181,,7,0,4,4,1,0,2,0,0,0,255,255,255,85,4610.92,"Yes_Man_",R,32,75,126,-4.009,0.024,0.364,1.655,-2.029,1.67,-36.737,11.412,0,100,0,1,"",170.894,50.501,6.707,0,0,4,"=","=","=","=","=","=","=","=","",3,R,"-라후이-",175.1,86,0.498,,92,W,Y,0,,,,,,,,,,,,,,,,,,,,,,,,,,,,,,,,,,,,,,,,,,,,,,,,,,,,,,,,,,,,,,,,,,,,,,,,,,,,,,,,,,,,,,,,,,,,,,,,,,,,,,,,,,,,,,,,,,,,,0,0,,,,,,,,,,,,,,,,,,,,,,,,,,,,,,,,,,,,,,0.122,-37.305,0.028,-17.205,-21.98,-46.858,-14.111,-58.495,20.868,-51.507,10.47,-63.814,40.907,-90.657,0,-109.85,-50.403,-94.172,,,,"",,,,"",,,,"",,,,"",,,,"",,,,"",,,,"",,,,"",,,,4617.604,-0.161,-37.456,,,,,,,,,,,,,,,,,,,,,,,,,,,,,,,,,,,,,,,,,,,,,,,,,,,,"",0,0,0,"",,,,0,""
182,,7,0,4,4,2,0,2,0,0,0,255,255,255,86,4628.92,"Yes_Man_",R,13,73,112,2.361,0.763,1.144,1.935,1.719,2.476,-36.737,65.266,56,44,0,1,"",-394.288,307.469,-2.627,0,0,4,"=","=","=","=","=","=","=","=","",3,R,"-라후이-",175.1,86,0.498,,92,W,Y,0,,,,,,,,,,,,,,,,,,,,,,,,,,,,,,,,,,,,,,,,,,,,,,,,,,,,,,,,,,,,,,,,,,,,,,,,,,,,,,,,,,,,,,,,,,,,,,,,,,,,,,,,,,,,,,,,,,,,,0,0,,,,,,,,,,,,,,,,,,,,,,,,,,,,,,,,,,,,,,0.333,-37.54,-0.231,-17.161,-22.001,-46.853,-13.839,-58.603,20.538,-51.042,10.527,-63.804,40.915,-90.664,0,-109.85,-49.853,-93.933,,,,"",,,,"",,,,"",,,,"",,,,"",,,,"",,,,"",,,,"",,,,4635.023,0.12,-37.062,,,,,,,,,,,,,,,,,,,,,,,,,,,,,,,,,,,,,,,,,,,,,,,,,,,,"",0,0,0,"",,,,0,""
183,,7,0,4,4,3,0,2,0,0,0,255,255,255,87,4645.947,"Yes_Man_",R,38,44,89,-1.021,-0.8,0.613,1.437,-0.578,1.155,-36.737,40.399,0,66,34,0,"",44.365,-13.43,-29.567,0,0,4,"=","=","=","=","=","=","=","=","",3,R,"-라후이-",175.1,86,0.498,,92,W,Y,1,,,,,,,,,,,,,,,,,,,,,,,,,,,,,,,,,,,,,,,,,,,,,,,,,,,,,,,,,,,,,,,,,,,,,,,,,,,,,,,,,,,,,,,,,,,,,,,,,,,,,,,,,,,,,,,,,,,,,0,0,,,,,,,,,,,,,,,,,,,,,,,,,,,,,,,,,,,,,,0.255,-37.296,-0.038,-17.266,-22.01,-46.845,-13.867,-58.594,20.519,-51.074,10.245,-63.039,40.907,-90.657,0,-109.85,-52.014,-93.279,,,,"",,,,"",,,,"",,,,"",,,,"",,,,"",,,,"",,,,"",,,,4651.841,-0.009,-37.519,,,,,,,,,,,,,,,,,,,,,,,,,,,,,,,,,,,,,,,,,,,,,,,,,,,,"",0,0,0,"",,,,0,""
184,,7,0,4,4,3,1,2,0,0,0,255,255,255,88,4663.538,"Yes_Man_",R,4,53,104,-0.251,-0.159,0.948,1.668,0.291,1.526,-36.737,62.726,0,100,0,0,"",-211.779,0,-3.408,0,0,4,"=","=","=","=","=","=","=","=","",3,R,"-라후이-",175.1,86,0.498,,92,W,Y,0,,,,,,,,,,,,,,,,,,,,,,,,,,,,,,,,,,,,,,,,,,,,,,,,,,,,,,,,,,,,,,,,,,,,,,,,,,,,,,,,,,,,,,,,,,,,,,,,,,,,,,,,,,,,,,,,,,,,,0,0,,,,,,,,,,,,,,,,,,,,,,,,,,,,,,,,,,,,,,0.252,-37.276,-0.016,-17.598,-21.737,-47.243,-13.88,-58.581,20.484,-51.032,11.002,-63.931,40.915,-90.664,0,-109.85,-52.47,-95.723,,,,"",,,,"",,,,"",,,,"",,,,"",,,,"",,,,"",,,,"",,,,4668.568,-0.242,-37.458,,,,,,,,,,,,,,,,,,,,,,,,,,,,,,,,,,,,,,,,,,,,,,,,,,,,"",0,0,0,"",,,,0,""
185,,7,0,4,4,3,2,2,0,0,0,255,255,255,89,4679.665,"Yes_Man_",R,32,88,140,1.051,0.58,0.836,1.701,0.168,1.833,-36.737,43.028,0,100,0,0,"",190.752,-109.5,3.803,0,0,4,"=","=","=","=","=","=","=","=","",3,R,"-라후이-",175.1,86,0.498,,92,W,Y,0,,,,,,,,,,,,,,,,,,,,,,,,,,,,,,,,,,,,,,,,,,,,,,,,,,,,,,,,,,,,,,,,,,,,,,,,,,,,,,,,,,,,,,,,,,,,,,,,,,,,,,,,,,,,,,,,,,,,,0,0,,,,,,,,,,,,,,,4682.099,4,,578,0,,,,,,,,,,,,,,,,,,,0.252,-37.5,0.03,-17.707,-21.721,-47.168,-13.865,-58.588,20.57,-51.052,9.941,-63.269,40.907,-90.657,0,-109.85,-51.769,-93.703,,,,"",,,,"",,,,"",,,,"",,,,"",,,,"",,,,"",,,,"",,,,,,,,,,,,,,,,,,,,,,,,,,,,,,,,,,,,,,,,,,,,,,,,,,,,,,,,,,"",0,0,0,"",,,,0,""
186,SIDE,7,0,4,4,0,0,2,0,0,0,255,255,255,,4684.451,,,,,,,,,,,,,,,,,,,,,,,,5,"=","=","=","=","=","=","=","=","",,,,,,,,,,,,,,,,,,,,,,,,,,,,,,,,,,,,,,,,,,,,,,,,,,,,,,,,,,,,,,,,,,,,,,,,,,,,,,,,,,,,,,,,,,,,,,,,,,,,,,,,,,,,,,,,,,,,,,,,,,,,,,,,0,0,,,,,,,,,,,,,,,,,,,,,,,,,,,,,,,,,,,,,,,,,,,,,,,,,,,,,,,,,,,,,,,,,,,,,,,,,,,,,,,,,,,,,,,,,,,,,,,,,,,,,,,,,,,,,,,,,,,,,,,,,,,,,,,,,,,,,,,,,,,,,,,,,"",0,0,0,"",,,,0,""
187,,8,1,4,4,0,0,0,0,0,0,255,255,255,84,4731.069,"Fresh825",R,32,91,140,-3.762,-1.466,-0.028,1.413,-1.908,0.577,-36.44,10.734,3,97,0,1,"",206.652,-130.953,5.086,-0.801,-15.754,3,"Kr_Luna","ddil_ddil69","임 재 천","kneesohime","aura_5599","Yes_Man_","가앤슬_","","",4,R,"kneesohime",190,85,0.497,,92,W,Y,0,,,,,,,,,,,,,,,,,,,,,,,,,,,,,,,,,,,,,,,,,,,,,,,,,,,,,,,,,,,,,,,,,,,,,,,,,,,,,,,,,,,,,,,,,,,,,,,,,,,,,,,,,,,,,,,,,,,,,0,0,,,,,,,,,,,,,,,,,,,,,,,,,,,,,,,,,,,,,,-0.097,-37.853,0.072,-17.257,-20.879,-47.315,-12.064,-62.234,18.564,-44.432,10.421,-65.023,40.922,-90.67,-3.662,-112.153,-50.713,-96.822,,,,"",,,,"",,,,"",,,,"",,,,"",,,,"",,,,"",,,,"",,,,,,,,,,,,,,,,,,,,,,,,,,,,,,,,,,,,,,,,,,,,,,,,,,,,,,,,,,"",0,0,0,"",,,,0,""
188,,8,1,4,4,1,0,0,0,0,0,255,255,255,85,4745.982,"Fresh825",R,3,74,105,0.174,-0.518,0.492,1.538,0.656,1.302,-36.44,40.901,8,92,0,0,"",-309.381,0,-2.45,0,0,3,"=","=","=","=","=","=","=","","",4,R,"kneesohime",190,85,0.497,,92,W,Y,1,,,,,,,,,,,,,,,,,,,,,,,,,,,,,,,,,,,,,,,,,,,,,,,,,,,,,,,,,,,,,,,,,,,,,,,,,,,,,,,,,,,,,,,,,,,,,,,,,,,,,,,,,,,,,,,,,,,,,0,0,,,,,,,,,,,,,,,,,,,,,,,,,,,,,,,,,,,,,,-0.087,-37.758,-0.086,-17.169,-20.67,-47.555,-12.146,-62.184,18.885,-44.725,10.542,-65.177,40.907,-90.657,-4.89,-111.883,-50.692,-96.675,,,,"",,,,"",,,,"",,,,"",,,,"",,,,"",,,,"",,,,"",,,,,,,,,,,,,,,,,,,,,,,,,,,,,,,,,,,,,,,,,,,,,,,,,,,,,,,,,,"",0,0,0,"",,,,0,""
189,,8,1,4,4,1,1,0,0,0,0,255,255,255,86,4762.195,"Fresh825",R,32,75,126,0.231,-0.796,0.278,1.515,-0.147,1.022,-36.44,35.456,7,93,0,2,"",157.674,-89.021,3.378,0,0,3,"=","=","=","=","=","=","=","","",4,R,"kneesohime",190,85,0.497,5,92,W,Y,1,4763.315,180,133,160,65,47,,145,114,16.686,27.825,0.042,0.694,-20.137,0.12,0,0.301,164.7,236.921,-67.581,,,,,,,,,,,,,,,,,,,,,,,,,,,,,,,,,,,,,,,,,,,,,,,,,,,,,,,,,,,,,,,,,,,,,,,,,,,,,,,,,,,,,,,,,,,,4767.386,8,-46.621,2.263,-99.644,0,0,,4769.263,,,,,,,,,,,,,4767.745,3,,457,0,,,,,,,,,,,,,,,,,,,-0.158,-37.812,-0.01,-17.385,-20.559,-47.569,-11.691,-62.66,18.883,-44.76,10.08,-66.818,40.915,-90.664,-3.398,-114.512,-50.259,-96.724,-0.551,-37.052,,"SUGUN",-0.144,-17.47,,"Ainy4／あいにゃ",-20.74,-47.209,,"-라후이-",-11.724,-62.672,,"P0TA0",18.899,-44.765,,"まととまと",9.787,-65.631,,"AI",40.9,-90.65,,"_Gosomi",-3.153,-114.513,,"아침땅_",-50.132,-96.787,97,4772.948,-0.085,-38.21,,,,,,,,,,,,,,,,,,,,,,4767.756,-47.077,-100.182,,,,,,,,,,,,,,,,,,,,,,,,,4769.316,-45.057,-92.637,"",1,0,0,"아침땅_",,,,65,""
190,,8,1,4,4,0,0,1,0,0,0,255,255,255,87,4787.287,"Fresh825",R,32,84,136,0.109,-0.966,0.242,1.462,-0.169,0.929,-36.44,27.684,3,97,0,2,"",154.711,-85.002,1.617,0,0,4,"=","=","=","=","=","=","=","","",8,R,"aura_5599",190,89.523,0.398,5,92,W,Y,1,4788.318,145,105,152,82,45,,145,131,25.976,20.149,0.019,0.619,-19.976,0.68,0,0.203,222.136,364.976,-235.494,,,,,,,,,,,,,,,,,,,,,,,,,,,,,,,,,,,,,,,,,,,,,,,,,,,,,,,,,,,,,,,,,,,,,,,,,,,,,,,,,,,,,,,,,4793.503,-50.1,-129.71,,,,,,0,0,,4794.442,4799.118,4804.307,4809.442,,,,,,,,,,,,,,,,,,,,,,,,,,,,,,,,,-0.151,-37.645,-0.043,-17.167,-20.827,-47.185,-12.787,-63.607,19.107,-44.585,3.787,-60.549,40.915,-90.664,-5.026,-115.061,-50.536,-95.85,-0.458,-36.835,,"SUGUN",-0.094,-17.383,,"Ainy4／あいにゃ",-20.808,-47.105,,"-라후이-",-12.778,-63.579,,"P0TA0",19.11,-44.569,,"まととまと",5.874,-64.23,,"AI",40.9,-90.65,,"_Gosomi",-4.923,-114.189,,"아침땅_",-50.228,-95.368,,,,,,,,,,,,,,,,,,,,,,,,,,,,,,,,,,,,,,,,,,,,,,,,,,,,,,,,"",4,0,0,"",4799.118,4804.307,4804.574,0,""
191,,8,1,5,4,0,0,1,0,0,0,255,255,255,88,4831.502,"Fresh825",R,32,82,134,-2.575,-1.126,0.006,1.468,-1.426,0.794,-36.44,22.538,5,95,0,1,"",215.378,-119.747,8.81,0,0,5,"=","=","=","=","=","=","=","","",0,R,"Yes_Man_",190,85.251,0.499,,92,W,Y,0,,,,,,,,,,,,,,,,,,,,,,,,,,,,,,,,,,,,,,,,,,,,,,,,,,,,,,,,,,,,,,,,,,,,,,,,,,,,,,,,,,,,,,,,,,,,,,,,,,,,,,,,,,,,,,,,,,,,,0,0,,,,,,,,,,,,,,,,,,,,,,,,,,,,,,,,,,,,,,-0.232,-37.796,0.133,-17.511,-19.897,-46.427,-11.519,-63.926,19.099,-44.584,10.253,-63.624,40.922,-90.67,-8.661,-119.083,-51.371,-96.417,,,,"",,,,"",,,,"",,,,"",,,,"",,,,"",,,,"",,,,"",,,,,,,,,,,,,,,,,,,,,,,,,,,,,,,,,,,,,,,,,,,,,,,,,,,,,,,,,,"",0,0,0,"",,,,0,""
192,,8,1,5,4,1,0,1,0,0,0,255,255,255,89,4844.931,"Fresh825",R,13,67,96,-1.933,-1.685,0.246,1.454,-0.157,1.103,-36.44,28.254,28,72,0,2,"",-318.058,342.319,-1.35,0,0,5,"=","=","=","=","=","=","=","","",0,R,"Yes_Man_",190,85.251,0.499,3,92,W,Y,1,4846.206,194,182,125,101,54,,145,130,-30,-3.915,-0.381,0.326,-20.109,0.38,0,0.686,45.139,-285.926,-86.13,1,3,3,55423,0.011,0.011,0.013,0,-0.341,0.419,-20.395,0.376,0.358,0.866,-0.35,0,-0.341,0.419,-20.395,0.38,0.358,0.866,-0.35,-67.991,0.545,0.839,-0.004,3.749,-1.654,-3.656,24.164,24.495,1.905,12.296,-70.005,71.102,0.384,2.373,-29.557,29.655,0.709,0.304,-0.636,130,-0.032,0.008,0.17,36.926,0.032,-0.008,-0.17,36.926,0.056,0.085,-0.199,17.605,0.096,0,-0.995,-5.529,0.096,0,-0.995,-5.529,-0.068,-0.149,0.986,-3.915,0.059,-0.5,-0.864,-3.915,180,-999,-999,0,0.343,0.376,0.096,0,43,-1,2,0.33,1,0,8,0.013,4845.861,-0.349,-20.572,4846.753,0,0.802,2.285,-37.135,0,0,,,,,,,,,,,,,,,4850.294,5,,147,1,,,,,,,,,,,,,,,,,,,-0.172,-37.677,0.107,-17.321,-19.874,-46.363,-11.505,-64.064,19.082,-44.606,9.961,-63.822,40.915,-90.664,-8.503,-118.149,-51.204,-96.546,-0.173,-37.187,107,"SUGUN",-0.162,-17.383,,"Ainy4／あいにゃ",-19.982,-46.173,85,"-라후이-",-11.714,-63.78,,"P0TA0",18.677,-44.653,,"まととまと",9.947,-63.851,,"AI",40.9,-90.65,,"_Gosomi",-8.139,-118.105,,"아침땅_",-51.027,-96.437,,4847.075,0.438,-37.236,,,,4849.68,-18.946,-39.759,,,,,,,,,,,,,,,,,,,4848.814,-1.788,-37.822,,,,4852.16,-17.064,-41.003,,,,,,,,,,,,,,,,,,,"",2,0,0,"Fresh825",,,,129,""
193,,8,1,5,4,0,0,2,0,0,0,255,255,255,90,4869.016,"Fresh825",R,32,86,139,-3.007,-1.088,0.022,1.473,-1.542,0.827,-36.44,17.398,5,95,0,4,"",171.257,-115.319,10.967,0,0,6,"=","=","=","=","=","=","=","","",1,R,"가앤슬_",190,85.179,0.2,,91,W,Y,1,,,,,,,,,,,,,,,,,,,,,,,,,,,,,,,,,,,,,,,,,,,,,,,,,,,,,,,,,,,,,,,,,,,,,,,,,,,,,,,,,,,,,,,,,,,,,,,,,,,,,,,,,,,,,,,,,,,,,0,0,,,,,,,,,,,,,,,,,,,,,,,,,,,,,,,,,,,,,,-0.183,-37.738,0.053,-17.342,-20.069,-46.958,-11.198,-62.039,19.016,-44.688,10.959,-62.151,40.922,-90.67,-5.333,-117.76,-51.835,-97.182,,,,"",,,,"",,,,"",,,,"",,,,"",,,,"",,,,"",,,,"",,,,4873.075,-0.244,-37.647,,,,,,,,,,,,,,,,,,,,,,,,,,,,,,,,,,,,,,,,,,,,,,,,,,,,"",0,0,0,"",,,,0,""
194,,8,1,5,4,0,1,2,0,0,0,255,255,255,91,4886.069,"Fresh825",R,5,72,109,0.688,-0.579,0.426,1.474,0.451,1.26,-36.44,30.143,9,91,0,0,"",-89.93,0,-0.371,0,0,6,"=","=","=","=","=","=","=","","",1,R,"가앤슬_",190,85.179,0.2,,91,W,Y,1,,,,,,,,,,,,,,,,,,,,,,,,,,,,,,,,,,,,,,,,,,,,,,,,,,,,,,,,,,,,,,,,,,,,,,,,,,,,,,,,,,,,,,,,,,,,,,,,,,,,,,,,,,,,,,,,,,,,,0,0,,,,,,,,,,,,,,,,,,,,,,,,,,,,,,,,,,,,,,-0.053,-37.541,0.019,-17.235,-20.043,-47.028,-11.166,-63.021,19.155,-44.909,10.985,-63.494,40.915,-90.664,-6.126,-118.559,-51.752,-97.212,,,,"",,,,"",,,,"",,,,"",,,,"",,,,"",,,,"",,,,"",,,,4890.288,-0.216,-37.682,,,,,,,,,,,,,,,,,,,,,,,,,,,,,,,,,,,,,,,,,,,,,,,,,,,,"",0,0,0,"",,,,0,""
195,,8,1,5,4,0,2,2,0,0,0,255,255,255,92,4904.298,"Fresh825",R,32,86,140,-4.192,-1.374,-0.103,1.423,-2.109,0.654,-36.44,7.272,1,99,0,1,"",213.788,-108.312,11.355,-0.883,-15.357,6,"=","=","=","=","=","=","=","","",1,R,"가앤슬_",190,85.179,0.2,,91,W,Y,0,,,,,,,,,,,,,,,,,,,,,,,,,,,,,,,,,,,,,,,,,,,,,,,,,,,,,,,,,,,,,,,,,,,,,,,,,,,,,,,,,,,,,,,,,,,,,,,,,,,,,,,,,,,,,,,,,,,,,0,0,,,,,,,,,,,,,,,,,,,,,,,,,,,,,,,,,,,,,,-0.191,-37.716,-0.021,-17.237,-20.04,-47.001,-10.999,-63.171,18.916,-44.664,11.145,-63.617,40.922,-90.67,-6.373,-118.151,-51.632,-96.424,,,,"",,,,"",,,,"",,,,"",,,,"",,,,"",,,,"",,,,"",,,,4908.031,-0.337,-37.667,,,,,,,,,,,,,,,,,,,,,,,,,,,,,,,,,,,,,,,,,,,,,,,,,,,,"",0,0,0,"",,,,0,""
196,,8,1,5,4,1,2,2,0,0,0,255,255,255,93,4919.105,"Fresh825",R,3,79,111,-1.241,-0.91,0.331,1.44,-0.098,1.05,-36.44,18.626,4,96,0,0,"",-253.375,0,2.756,0,0,6,"=","=","=","=","=","=","=","","",1,R,"가앤슬_",190,85.179,0.2,,91,W,Y,1,,,,,,,,,,,,,,,,,,,,,,,,,,,,,,,,,,,,,,,,,,,,,,,,,,,,,,,,,,,,,,,,,,,,,,,,,,,,,,,,,,,,,,,,,,,,,,,,,,,,,,,,,,,,,,,,,,,,,0,64,,,,,,,,,,,,,,,4921.907,6,,578,0,,,,,,,,,,,,,,,,,,,0.012,-37.818,0.038,-17.466,-20.036,-47.024,-11.095,-63.06,19.232,-44.97,11.373,-64.134,40.915,-90.664,-6.218,-118.113,-52.023,-96.736,,,,"",,,,"",,,,"",,,,"",,,,"",,,,"",,,,"",,,,"",,,,,,,,,,,,,,,,,,,,,,,,,,,,,,,,,,,,,,,,,,,,,,,,,,,,,,,,,,"",0,0,0,"",,,,0,""
197,SIDE,8,1,5,4,0,0,2,0,0,0,255,255,255,,4925.822,,,,,,,,,,,,,,,,,,,,,,,,0,"=","=","=","=","=","=","=","","",,,,,,,,,,,,,,,,,,,,,,,,,,,,,,,,,,,,,,,,,,,,,,,,,,,,,,,,,,,,,,,,,,,,,,,,,,,,,,,,,,,,,,,,,,,,,,,,,,,,,,,,,,,,,,,,,,,,,,,,,,,,,,,,0,0,,,,,,,,,,,,,,,,,,,,,,,,,,,,,,,,,,,,,,,,,,,,,,,,,,,,,,,,,,,,,,,,,,,,,,,,,,,,,,,,,,,,,,,,,,,,,,,,,,,,,,,,,,,,,,,,,,,,,,,,,,,,,,,,,,,,,,,,,,,,,,,,,"",0,0,0,"",,,,0,""
198,,8,0,5,4,0,0,0,0,0,0,255,255,255,90,4964.393,"Yes_Man_",R,32,82,134,0.53,0.968,0.795,1.765,-0.024,2.057,-36.737,26.84,0,100,0,2,"",157.417,-101.576,17.091,0,0,5,"Fresh825","P0TA0","まととまと","SUGUN","-라후이-","_Gosomi","아침땅_","Ainy4／あいにゃ","",7,R,"_Gosomi",175,86.368,0.434,0,91,W,Y,0,4965.421,9,4,11,4,2,,1,32,5.636,13.405,0.094,1.248,-20.319,-0.3,1,0.633,117.863,-4.848,-29.394,,,,,,,,,,,,,,,,,,,,,,,,,,,,,,,,,,,,,,,,,,,,,,,,,,,,,,,,,,,,,,,,,,,,,,,,,,,,,,,,,,,,,,,,,4966.095,-1.82,-28.361,4967.153,0,-2.838,0.059,-32.698,0,0,,4970.717,,,,,,,,,,,,,4970.304,5,,148,36,,,,,,,,,,,4970.552,3,,,,,,,0.331,-37.477,0.053,-17.271,-21.8,-46.703,-12.598,-53.811,23.127,-52.536,10.36,-63.574,40.937,-90.684,0,-109.88,-51.005,-94.305,0.817,-36.859,120,"가앤슬_",-0.002,-17.322,,"임 재 천",-21.816,-46.681,,"Kr_Luna",-12.155,-47.241,84,"kneesohime",23.124,-52.317,,"ddil_ddil69",10.218,-63.452,,"AI",40.9,-90.65,,"AI",0,-109.84,,"aura_5599",-50.668,-93.976,,4967.487,-2.8,-33.411,,,,4969.729,-18.852,-39.405,4969.683,-18.625,-39.256,,,,,,,,,,,,,,,,4969.102,-9.545,-32.686,,,,,,,4973.824,-17.631,-41.43,,,,,,,,,,,,,,,,"",2,0,0,"Yes_Man_",,,,37,""
199,,8,0,5,4,0,0,1,0,0,0,255,255,255,91,4990.056,"Yes_Man_",R,32,80,130,0.892,1.05,0.819,1.762,0.089,2.059,-36.737,29.245,0,100,0,2,"",181.089,-117.348,20.408,0,0,6,"=","=","=","=","=","=","=","=","",8,R,"아침땅_",169.7,87.187,0.502,5,91,W,Y,1,4991.004,80,116,120,46,28,,125,72,14.599,52.707,0.16,1.217,-20.198,-0.87,0.095,0.389,159.032,163.989,-143.111,,,,,,,,,,,,,,,,,,,,,,,,,,,,,,,,,,,,,,,,,,,,,,,,,,,,,,,,,,,,,,,,,,,,,,,,,,,,,,,,,,,,,,,,,4993.428,-34.222,-45.215,,,,,,0,0,,,,,,,,,,,,,,,,,,,,,,,,,,,,,,,,,,,,,,0.291,-37.429,-0.026,-17.305,-21.737,-46.679,-14.072,-55.354,19.506,-49.046,8.006,-61.06,40.915,-90.664,0,-109.859,-51.828,-97.244,0.705,-37.021,,"가앤슬_",0.003,-17.353,,"임 재 천",-21.731,-46.674,,"Kr_Luna",-14.218,-55.253,,"kneesohime",22.186,-49.856,,"ddil_ddil69",7.928,-61.206,,"AI",40.9,-90.65,,"AI",0,-109.84,,"aura_5599",-52.068,-97.18,,,,,,,,,,,,,,,,,,,,,,,,,,,,,,,,,,,,,,,,,,,,,,,,,,,,,,,,"",3,0,0,"",,,,0,""
200,,8,0,5,4,0,1,1,0,0,0,255,255,255,92,5010.225,"Yes_Man_",R,32,87,140,1.955,1.196,0.924,1.795,0.579,2.18,-36.737,34.873,0,100,0,1,"",177.44,-87.938,12.472,0,0,6,"=","=","=","=","=","=","=","=","",8,R,"아침땅_",169.7,87.187,0.502,,35,W,Y,0,,,,,,,,,,,,,,,,,,,,,,,,,,,,,,,,,,,,,,,,,,,,,,,,,,,,,,,,,,,,,,,,,,,,,,,,,,,,,,,,,,,,,,,,,,,,,,,,,,,,,,,,,,,,,,,,,,,,,0,0,,,,,,,,,,,,,,,,,,,,,,,,,,,,,,,,,,,,,,0.322,-37.471,0.081,-17.378,-21.997,-47.031,-13.624,-59.047,22.645,-49.757,9.161,-60.933,40.915,-90.664,0,-109.85,-55.633,-99.88,,,,"",,,,"",,,,"",,,,"",,,,"",,,,"",,,,"",,,,"",,,,,,,,,,,,,,,,,,,,,,,,,,,,,,,,,,,,,,,,,,,,,,,,,,,,,,,,,,"",0,0,0,"",,,,0,""
201,,8,0,5,4,1,1,1,0,0,0,255,255,255,93,5026.705,"Yes_Man_",R,33,62,116,0.041,0.436,0.757,1.736,-0.199,1.964,-36.737,23.198,0,100,0,0,"",110.568,87.731,40.786,0,0,6,"=","=","=","=","=","=","=","=","",8,R,"아침땅_",169.7,87.187,0.502,,35,W,Y,0,,,,,,,,,,,,,,,,,,,,,,,,,,,,,,,,,,,,,,,,,,,,,,,,,,,,,,,,,,,,,,,,,,,,,,,,,,,,,,,,,,,,,,,,,,,,,,,,,,,,,,,,,,,,,,,,,,,,,0,0,,,,,,,,,,,,,,,,,,,,,,,,,,,,,,,,,,,,,,0.331,-37.357,0.159,-17.482,-21.978,-47.024,-13.64,-59.033,22.7,-49.749,9.172,-60.97,40.915,-90.664,0,-109.85,-57.125,-103.349,,,,"",,,,"",,,,"",,,,"",,,,"",,,,"",,,,"",,,,"",,,,,,,,,,,,,,,,,,,,,,,,,,,,,,,,,,,,,,,,,,,,,,,,,,,,,,,,,,"",0,0,0,"",,,,0,""
202,,8,0,5,4,1,2,1,0,0,0,255,255,255,94,5044.836,"Yes_Man_",R,13,80,118,-2.326,-2.17,0.663,1.449,-0.639,0.926,-36.737,34.33,0,100,0,1,"",-227.066,400,5.05,-0.544,-19.146,6,"=","=","=","=","=","=","=","=","",8,R,"아침땅_",169.7,87.187,0.502,,35,W,Y,0,,,,,,,,,,,,,,,,,,,,,,,,,,,,,,,,,,,,,,,,,,,,,,,,,,,,,,,,,,,,,,,,,,,,,,,,,,,,,,,,,,,,,,,,,,,,,,,,,,,,,,,,,,,,,,,,,,,,,0,0,,,,,,,,,,,,,,,,,,,,,,,,,,,,,,,,,,,,,,0.26,-37.372,0.068,-17.594,-22.248,-47.172,-13.651,-59.061,23.571,-49.88,6.224,-57.449,40.915,-90.664,0,-109.85,-53.145,-92.858,,,,"",,,,"",,,,"",,,,"",,,,"",,,,"",,,,"",,,,"",,,,,,,,,,,,,,,,,,,,,,,,,,,,,,,,,,,,,,,,,,,,,,,,,,,,,,,,,,"",0,0,0,"",,,,0,""
203,,8,0,5,4,2,2,1,0,0,0,255,255,255,95,5064.008,"Yes_Man_",R,33,81,132,-0.417,0.009,0.911,1.745,0.515,1.998,-36.737,33.995,0,97,3,2,"",141.118,-78.213,11.065,0,0,6,"=","=","=","=","=","=","=","=","",8,R,"아침땅_",169.7,87.187,0.502,0,35,W,Y,1,5064.956,137,69,22,20,12,,51,54,61.565,-29.76,0.188,1.066,-19.956,-1,0,0.122,182.429,-40.817,-74.908,,,,,,,,,,,,,,,,,,,,,,,,,,,,,,,,,,,,,,,,,,,,,,,,,,,,,,,,,,,,,,,,,,,,,,,,,,,,,,,,,,,,,,,,,5069.345,13.94,-42.353,5069.503,4,13.485,2.144,-41.592,0,0,,,,,,,,,,,,,,,5069.83,6,,453,0,,,,,,,,,,,,,,,,,,,0.314,-37.391,-0.04,-17.45,-21.837,-46.754,-13.722,-58.645,23.35,-49.269,11.041,-64.945,40.915,-90.664,0,-109.86,-47.609,-90.026,1.056,-36.817,,"가앤슬_",0.048,-17.523,,"임 재 천",-21.831,-46.749,,"Kr_Luna",-13.73,-58.64,,"kneesohime",23.244,-49.273,89,"ddil_ddil69",10.939,-64.842,,"AI",40.9,-90.65,,"AI",0,-109.84,,"aura_5599",-46.929,-88.95,,,,,,,,,,,,,,5069.841,13.874,-42.147,,,,,,,,,,,,,,,,,,,,,,,,,5074.313,17.853,-40.962,,,,,,,,,,,,,"",1,0,0,"kneesohime",,,,8,""
204,,8,0,5,4,0,0,2,0,0,0,255,255,255,96,5094.021,"Yes_Man_",R,34,79,129,-1.412,0.801,0.642,1.778,-0.734,2.07,-36.737,32.925,0,100,0,2,"",64.582,-35.362,16.452,0,0,7,"=","=","=","=","=","=","=","=","",2,L,"Ainy4／あいにゃ",189,85,0.51,5,91,W,Y,1,5095.109,217,128,93,70,28,,145,129,94.878,6.308,-0.249,1.332,-20.674,0.72,0,0.586,429.484,-105.185,-188.087,,,,,,,,,,,,,,,,,,,,,,,,,,,,,,,,,,,,,,,,,,,,,,,,,,,,,,,,,,,,,,,,,,,,,,,,,,,,,,,,,,,,,,,,,,,,,,,,,0,0,,,,,,,,,,,,,,,,,,,,,,,,,,,,,,,,,,,,,,0.117,-37.358,0.011,-17.46,-21.861,-46.467,-3.494,-61.431,20.976,-49.708,14.517,-63.897,40.915,-90.664,0,-109.86,-49.63,-92.74,0.82,-36.81,,"가앤슬_",-0.016,-17.478,,"임 재 천",-21.857,-46.468,,"Kr_Luna",-1.783,-61.712,,"kneesohime",20.909,-49.674,,"ddil_ddil69",14.388,-63.669,,"AI",40.9,-90.65,,"AI",0,-109.84,,"aura_5599",-50.682,-94.719,,,,,,,,,,,,,,,,,,,,,,,,,,,,,,,,,,,,,,,,,,,,,,,,,,,,,,,,"",3,0,0,"",,,,0,""
205,,8,0,5,4,0,1,2,0,0,0,255,255,255,97,5118.635,"Yes_Man_",R,13,87,126,-0.729,-1.603,0.846,1.451,0.214,1.006,-36.737,40.678,0,100,0,1,"",-350.019,357.053,5.019,-0.381,-17.806,7,"=","=","=","=","=","=","=","=","",2,L,"Ainy4／あいにゃ",189,85,0.51,,91,W,Y,0,,,,,,,,,,,,,,,,,,,,,,,,,,,,,,,,,,,,,,,,,,,,,,,,,,,,,,,,,,,,,,,,,,,,,,,,,,,,,,,,,,,,,,,,,,,,,,,,,,,,,,,,,,,,,,,,,,,,,0,0,,,,,,,,,,,,,,,,,,,,,,,,,,,,,,,,,,,,,,0.262,-37.52,0.192,-17.394,-21.243,-46.178,-2.289,-62.852,21.301,-50.438,15.552,-63.671,40.915,-90.664,0,-109.86,-49.489,-92.789,,,,"",,,,"",,,,"",,,,"",,,,"",,,,"",,,,"",,,,"",,,,,,,,,,,,,,,,,,,,,,,,,,,,,,,,,,,,,,,,,,,,,,,,,,,,,,,,,,"",0,0,0,"",,,,0,""
206,,8,0,5,4,1,1,2,0,0,0,255,255,255,98,5134.787,"Yes_Man_",R,0,67,120,-0.033,-0.059,0.792,1.624,-0.039,1.57,-36.737,35.375,23,77,0,2,"",0,0,13.477,0,0,7,"=","=","=","=","=","=","=","=","",2,L,"Ainy4／あいにゃ",189,85,0.51,5,91,W,Y,1,5135.88,165,46,95,40,17,,144,130,19.704,-35.542,-0.013,0.983,-20.289,0.39,0,0.364,399.367,-68.507,270.425,,,,,,,,,,,,,,,,,,,,,,,,,,,,,,,,,,,,,,,,,,,,,,,,,,,,,,,,,,,,,,,,,,,,,,,,,,,,,,,,,,,,,,,,,5140.812,72.644,-118.928,,,,,,0,0,,5145.622,5150.643,5155.755,5160.873,,,,,,,,,,,,,,,,,,,,,,,,,,,,,,,,,0.324,-37.365,0.125,-17.428,-21.23,-46.167,-2.849,-61.659,22.752,-51.64,15.704,-63.44,40.915,-90.664,0,-109.85,-50.409,-96.797,0.532,-37.325,,"가앤슬_",0.106,-17.528,,"임 재 천",-21.201,-46.151,,"Kr_Luna",-2.843,-61.671,,"kneesohime",22.738,-51.561,,"ddil_ddil69",15.733,-63.165,,"AI",40.9,-90.65,,"AI",0,-109.84,,"aura_5599",-51.546,-96.918,,,,,,,,,,,,,,,,,,,,,,,,,,,,,,,,,,,,,,,,,,,,,,,,,,,,,,,,"",4,0,0,"",5150.643,5155.755,,0,""
207,,8,0,5,5,0,0,2,0,0,0,255,255,255,99,5182.408,"Yes_Man_",R,3,80,120,-2.439,0.323,0.718,1.698,-0.383,1.811,-36.737,40.445,0,100,0,1,"",-408.785,0,8.028,0,0,0,"=","=","=","=","=","=","=","=","",0,L,"Fresh825",190,80,0.2,,73,W,Y,0,,,,,,,,,,,,,,,,,,,,,,,,,,,,,,,,,,,,,,,,,,,,,,,,,,,,,,,,,,,,,,,,,,,,,,,,,,,,,,,,,,,,,,,,,,,,,,,,,,,,,,,,,,,,,,,,,,,,,0,0,,,,,,,,,,,,,,,,,,,,,,,,,,,,,,,,,,,,,,0.141,-37.491,-0.072,-17.226,-22.172,-47.166,-7.85,-60.369,23.563,-50.765,15.178,-63.447,40.922,-90.67,0,-109.86,-46.317,-89.521,,,,"",,,,"",,,,"",,,,"",,,,"",,,,"",,,,"",,,,"",,,,,,,,,,,,,,,,,,,,,,,,,,,,,,,,,,,,,,,,,,,,,,,,,,,,,,,,,,"",0,0,0,"",,,,0,""
208,,8,0,5,5,1,0,2,0,0,0,255,255,255,100,5196.624,"Yes_Man_",R,32,85,138,-2.718,-0.129,0.47,1.589,-1.533,1.456,-36.737,18.18,0,100,0,1,"",250,-80.276,37.271,-0.549,-9.029,0,"=","=","=","=","=","=","=","=","",0,L,"Fresh825",190,80,0.2,,73,W,Y,0,,,,,,,,,,,,,,,,,,,,,,,,,,,,,,,,,,,,,,,,,,,,,,,,,,,,,,,,,,,,,,,,,,,,,,,,,,,,,,,,,,,,,,,,,,,,,,,,,,,,,,,,,,,,,,,,,,,,,0,0,,,,,,,,,,,,,,,,,,,,,,,,,,,,,,,,,,,,,,0.171,-37.374,-0.011,-16.933,-22.237,-47.311,-7.544,-60.512,23.676,-52.426,15.143,-63.458,40.907,-90.657,0,-109.85,-47.622,-89.43,,,,"",,,,"",,,,"",,,,"",,,,"",,,,"",,,,"",,,,"",,,,,,,,,,,,,,,,,,,,,,,,,,,,,,,,,,,,,,,,,,,,,,,,,,,,,,,,,,"",0,0,0,"",,,,0,""
209,,8,0,5,5,2,0,2,0,0,0,255,255,255,101,5212.979,"Yes_Man_",R,34,51,107,-0.653,-0.951,0.705,1.482,-0.441,1.11,-36.737,41.816,0,100,0,0,"",68.505,60.639,-23.159,-0.416,-18.532,0,"=","=","=","=","=","=","=","=","",0,L,"Fresh825",190,80,0.2,,73,W,Y,0,,,,,,,,,,,,,,,,,,,,,,,,,,,,,,,,,,,,,,,,,,,,,,,,,,,,,,,,,,,,,,,,,,,,,,,,,,,,,,,,,,,,,,,,,,,,,,,,,,,,,,,,,,,,,,,,,,,,,0,0,,,,,,,,,,,,,,,,,,,,,,,,,,,,,,,,,,,,,,0.211,-37.328,-0.039,-17.364,-22.343,-47.087,-9.479,-60.429,24.084,-50.969,15.103,-63.463,40.907,-90.657,0,-109.85,-49.09,-91.726,,,,"",,,,"",,,,"",,,,"",,,,"",,,,"",,,,"",,,,"",,,,,,,,,,,,,,,,,,,,,,,,,,,,,,,,,,,,,,,,,,,,,,,,,,,,,,,,,,"",0,0,0,"",,,,0,""
210,,8,0,5,5,2,1,2,0,0,0,255,255,255,102,5228.073,"Yes_Man_",R,33,79,129,-0.913,0.852,0.672,1.778,-0.595,2.067,-36.737,35.08,0,100,0,0,"",114.904,-75.4,9.341,0,0,0,"=","=","=","=","=","=","=","=","",0,L,"Fresh825",190,80,0.2,,73,W,Y,0,,,,,,,,,,,,,,,,,,,,,,,,,,,,,,,,,,,,,,,,,,,,,,,,,,,,,,,,,,,,,,,,,,,,,,,,,,,,,,,,,,,,,,,,,,,,,,,,,,,,,,,,,,,,,,,,,,,,,0,0,,,,,,,,,,,,,,,,,,,,,,,,,,,,,,,,,,,,,,0.148,-37.469,-0.042,-17.353,-22.345,-47.101,-9.844,-60.765,24.055,-50.969,14.955,-63.621,40.907,-90.657,0,-109.85,-50.303,-94.233,,,,"",,,,"",,,,"",,,,"",,,,"",,,,"",,,,"",,,,"",,,,,,,,,,,,,,,,,,,,,,,,,,,,,,,,,,,,,,,,,,,,,,,,,,,,,,,,,,"",0,0,0,"",,,,0,""
211,,8,0,5,5,2,2,2,0,0,0,255,255,255,103,5244.141,"Yes_Man_",R,3,74,104,-1.981,-0.544,0.729,1.526,-0.221,1.387,-36.737,43.788,0,100,0,4,"",-326.815,69.357,0.465,0,0,0,"=","=","=","=","=","=","=","=","",0,L,"Fresh825",190,80,0.2,,73,W,Y,1,,,,,,,,,,,,,,,,,,,,,,,,,,,,,,,,,,,,,,,,,,,,,,,,,,,,,,,,,,,,,,,,,,,,,,,,,,,,,,,,,,,,,,,,,,,,,,,,,,,,,,,,,,,,,,,,,,,,,0,1,,,,,,,,,,,,,,,5246.899,0,,578,0,,,,,,,,,,,,,,,,,,,0.137,-37.409,-0.01,-16.694,-22.257,-47.186,-9.829,-60.776,23.658,-50.245,15.091,-63.61,40.915,-90.664,0,-109.85,-49.356,-94.38,,,,"",,,,"",,,,"",,,,"",,,,"",,,,"",,,,"",,,,"",,,,,,,,,,,,,,,,,,,,,,,,,,,,,,,,,,,,,,,,,,,,,,,,,,,,,,,,,,"",0,0,0,"",,,,0,""
212,SIDE,8,0,5,5,0,0,2,0,0,0,255,255,255,,5248.733,,,,,,,,,,,,,,,,,,,,,,,,1,"=","=","=","=","=","=","=","=","",,,,,,,,,,,,,,,,,,,,,,,,,,,,,,,,,,,,,,,,,,,,,,,,,,,,,,,,,,,,,,,,,,,,,,,,,,,,,,,,,,,,,,,,,,,,,,,,,,,,,,,,,,,,,,,,,,,,,,,,,,,,,,,,0,0,,,,,,,,,,,,,,,,,,,,,,,,,,,,,,,,,,,,,,,,,,,,,,,,,,,,,,,,,,,,,,,,,,,,,,,,,,,,,,,,,,,,,,,,,,,,,,,,,,,,,,,,,,,,,,,,,,,,,,,,,,,,,,,,,,,,,,,,,,,,,,,,,"",0,0,0,"",,,,0,""
213,END,9,1,5,5,0,0,0,0,0,0,255,255,255,,5252.32,,,,,,,,,,,,,,,,,,,,,,,,,,,,,,,,,,,,,,,,,,,,,,,,,,,,,,,,,,,,,,,,,,,,,,,,,,,,,,,,,,,,,,,,,,,,,,,,,,,,,,,,,,,,,,,,,,,,,,,,,,,,,,,,,,,,,,,,,,,,,,,,,,,,,,,,,,,,,,,,,,,,,,,,,,,,,,,,,,,,,,,,,,,,,,,,,,,,,,,,,,,,,,,,,,,,,,,,,,,,,,,,,,,,,,,,,,,,,,,,,,,,,,,,,,,,,,,,,,,,,,,,,,,,,,,,,,,,,,,,,,,,,,,,,,,,,,,,,,,,,,,,,,,,,,,,,,,,"{""schemaVersion"":24,""gameTimeZeroUtc"":""2026-08-27T08:34:14.753Z"",""exportedAtUtc"":""2026-08-27T10:01:47.073Z"",""teamNameA"":""Red"",""teamNameB"":""Blue""}"
